
══════════════════════════════════════════════════════════════
  Experiment 5 — Accuracy–Latency Pareto Frontier
  N=200  simulate=False
══════════════════════════════════════════════════════════════

  ── Load scenario: moderate (intensity=0.5) ──
    block=1/10 method=FIXED_SMALL ...
16:27:24  INFO     [RAMS] Starting resource monitor ...
16:27:24  INFO     [RAMS] Loading model tiers ...
[0;93m2026-09-08 16:27:24.538700213 [W:onnxruntime:Default, device_discovery.cc:164 DiscoverDevicesForPlatform] GPU device discovery failed: device_discovery.cc:89 ReadFileContents Failed to open file: "/sys/class/drm/card0/device/vendor"[m
16:27:24  INFO     [RAMS] YOLOv8-nano ready — ONNX (imgsz=320).
16:27:24  INFO     [RAMS] YOLOv8-small ready — ONNX (imgsz=416).
16:27:25  INFO     [RAMS] YOLOv8-medium ready — ONNX (imgsz=640).
16:27:25  INFO     [RAMS] Controller ready. Policy: fixed
16:28:00  INFO     [RAMS] Controller stopped.
    block=1/10 method=FIXED_NANO ...
16:28:00  INFO     [RAMS] Starting resource monitor ...
16:28:00  INFO     [RAMS] Loading model tiers ...
16:28:00  INFO     [RAMS] YOLOv8-nano ready — ONNX (imgsz=320).
16:28:00  INFO     [RAMS] YOLOv8-small ready — ONNX (imgsz=416).
16:28:01  INFO     [RAMS] YOLOv8-medium ready — ONNX (imgsz=640).
16:28:01  INFO     [RAMS] Controller ready. Policy: fixed
16:28:02  INFO     [RAMS] Tier switch: SMALL → NANO  (R=0.559)
16:28:12  INFO     [RAMS] Controller stopped.
    block=1/10 method=threshold ...
16:28:12  INFO     [RAMS] Starting resource monitor ...
16:28:12  INFO     [RAMS] Loading model tiers ...
16:28:12  INFO     [RAMS] YOLOv8-nano ready — ONNX (imgsz=320).
16:28:13  INFO     [RAMS] YOLOv8-small ready — ONNX (imgsz=416).
16:28:13  INFO     [RAMS] YOLOv8-medium ready — ONNX (imgsz=640).
16:28:13  INFO     [RAMS] Controller ready. Policy: threshold
16:28:15  INFO     [RAMS] Tier switch: SMALL → NANO  (R=0.657)
16:28:16  INFO     [RAMS] Tier switch: NANO → SMALL  (R=0.594)
16:28:16  INFO     [RAMS] Tier switch: SMALL → NANO  (R=0.629)
16:28:17  INFO     [RAMS] Tier switch: NANO → SMALL  (R=0.593)
16:28:18  INFO     [RAMS] Tier switch: SMALL → NANO  (R=0.616)
16:28:18  INFO     [RAMS] Tier switch: NANO → SMALL  (R=0.598)
16:28:18  INFO     [RAMS] Tier switch: SMALL → NANO  (R=0.616)
16:28:18  INFO     [RAMS] Tier switch: NANO → SMALL  (R=0.600)
16:28:19  INFO     [RAMS] Tier switch: SMALL → NANO  (R=0.657)
16:28:20  INFO     [RAMS] Tier switch: NANO → SMALL  (R=0.600)
16:28:20  INFO     [RAMS] Tier switch: SMALL → NANO  (R=0.635)
16:28:20  INFO     [RAMS] Tier switch: NANO → SMALL  (R=0.605)
16:28:21  INFO     [RAMS] Tier switch: SMALL → NANO  (R=0.659)
16:28:27  INFO     [RAMS] Controller stopped.
    block=1/10 method=predictive ...
16:28:27  INFO     [RAMS] Starting resource monitor ...
16:28:27  INFO     [RAMS] Loading model tiers ...
16:28:27  INFO     [RAMS] YOLOv8-nano ready — ONNX (imgsz=320).
16:28:28  INFO     [RAMS] YOLOv8-small ready — ONNX (imgsz=416).
16:28:29  INFO     [RAMS] YOLOv8-medium ready — ONNX (imgsz=640).
16:28:29  INFO     [RAMS] Controller ready. Policy: predictive
16:28:31  INFO     [RAMS] Tier switch: SMALL → NANO  (R=0.630)
16:28:31  INFO     [RAMS] Tier switch: NANO → SMALL  (R=0.585)
16:28:31  INFO     [RAMS] Tier switch: SMALL → NANO  (R=0.630)
16:28:31  INFO     [RAMS] Tier switch: NANO → SMALL  (R=0.593)
16:28:31  INFO     [RAMS] Tier switch: SMALL → NANO  (R=0.616)
16:28:32  INFO     [RAMS] Tier switch: NANO → SMALL  (R=0.590)
16:28:32  INFO     [RAMS] Tier switch: SMALL → NANO  (R=0.688)
16:28:32  INFO     [RAMS] Tier switch: NANO → SMALL  (R=0.586)
16:28:32  INFO     [RAMS] Tier switch: SMALL → NANO  (R=0.623)
16:28:33  INFO     [RAMS] Tier switch: NANO → SMALL  (R=0.601)
16:28:33  INFO     [RAMS] Tier switch: SMALL → NANO  (R=0.610)
16:28:33  INFO     [RAMS] Tier switch: NANO → SMALL  (R=0.605)
16:28:33  INFO     [RAMS] Tier switch: SMALL → NANO  (R=0.616)
16:28:33  INFO     [RAMS] Tier switch: NANO → SMALL  (R=0.598)
16:28:33  INFO     [RAMS] Tier switch: SMALL → NANO  (R=0.629)
16:28:34  INFO     [RAMS] Tier switch: NANO → SMALL  (R=0.597)
16:28:34  INFO     [RAMS] Tier switch: SMALL → NANO  (R=0.624)
16:28:34  INFO     [RAMS] Tier switch: NANO → SMALL  (R=0.593)
16:28:34  INFO     [RAMS] Tier switch: SMALL → NANO  (R=0.683)
16:28:34  INFO     [RAMS] Tier switch: NANO → SMALL  (R=0.600)
16:28:35  INFO     [RAMS] Tier switch: SMALL → NANO  (R=0.615)
16:28:35  INFO     [RAMS] Tier switch: NANO → SMALL  (R=0.591)
16:28:35  INFO     [RAMS] Tier switch: SMALL → NANO  (R=0.629)
16:28:35  INFO     [RAMS] Tier switch: NANO → SMALL  (R=0.600)
16:28:36  INFO     [RAMS] Tier switch: SMALL → NANO  (R=0.613)
16:28:36  INFO     [RAMS] Tier switch: NANO → SMALL  (R=0.590)
16:28:36  INFO     [RAMS] Tier switch: SMALL → NANO  (R=0.621)
16:28:36  INFO     [RAMS] Tier switch: NANO → SMALL  (R=0.593)
16:28:37  INFO     [RAMS] Tier switch: SMALL → NANO  (R=0.623)
16:28:37  INFO     [RAMS] Tier switch: NANO → SMALL  (R=0.588)
16:28:37  INFO     [RAMS] Tier switch: SMALL → NANO  (R=0.610)
16:28:38  INFO     [RAMS] Tier switch: NANO → SMALL  (R=0.603)
16:28:38  INFO     [RAMS] Tier switch: SMALL → NANO  (R=0.683)
16:28:38  INFO     [RAMS] Tier switch: NANO → SMALL  (R=0.594)
16:28:38  INFO     [RAMS] Tier switch: SMALL → NANO  (R=0.622)
16:28:39  INFO     [RAMS] Tier switch: NANO → SMALL  (R=0.603)
16:28:39  INFO     [RAMS] Tier switch: SMALL → NANO  (R=0.621)
16:28:39  INFO     [RAMS] Tier switch: NANO → SMALL  (R=0.594)
16:28:39  INFO     [RAMS] Tier switch: SMALL → NANO  (R=0.617)
16:28:40  INFO     [RAMS] Tier switch: NANO → SMALL  (R=0.588)
16:28:40  INFO     [RAMS] Tier switch: SMALL → NANO  (R=0.628)
16:28:40  INFO     [RAMS] Tier switch: NANO → SMALL  (R=0.597)
16:28:41  INFO     [RAMS] Tier switch: SMALL → NANO  (R=0.628)
16:28:41  INFO     [RAMS] Tier switch: NANO → SMALL  (R=0.594)
16:28:41  INFO     [RAMS] Tier switch: SMALL → NANO  (R=0.653)
16:28:41  INFO     [RAMS] Tier switch: NANO → SMALL  (R=0.597)
16:28:42  INFO     [RAMS] Tier switch: SMALL → NANO  (R=0.622)
16:28:42  INFO     [RAMS] Tier switch: NANO → SMALL  (R=0.593)
16:28:42  INFO     [RAMS] Tier switch: SMALL → NANO  (R=0.646)
16:28:44  INFO     [RAMS] Controller stopped.
    block=1/10 method=adaptive ...
16:28:44  INFO     [RAMS] Starting resource monitor ...
16:28:44  INFO     [RAMS] Loading model tiers ...
16:28:44  INFO     [RAMS] YOLOv8-nano ready — ONNX (imgsz=320).
16:28:44  INFO     [RAMS] YOLOv8-small ready — ONNX (imgsz=416).
16:28:45  INFO     [RAMS] YOLOv8-medium ready — ONNX (imgsz=640).
16:28:45  INFO     [RAMS] Controller ready. Policy: adaptive
16:28:47  INFO     [RAMS] Tier switch: SMALL → NANO  (R=0.664)
16:28:51  INFO     [RAMS] Tier switch: NANO → SMALL  (R=0.598)
16:28:52  INFO     [RAMS] Tier switch: SMALL → NANO  (R=0.616)
16:28:52  INFO     [RAMS] Tier switch: NANO → SMALL  (R=0.598)
16:28:52  INFO     [RAMS] Tier switch: SMALL → NANO  (R=0.624)
16:28:52  INFO     [RAMS] Tier switch: NANO → SMALL  (R=0.586)
16:28:53  INFO     [RAMS] Tier switch: SMALL → NANO  (R=0.616)
16:28:53  INFO     [RAMS] Tier switch: NANO → SMALL  (R=0.593)
16:28:54  INFO     [RAMS] Tier switch: SMALL → NANO  (R=0.622)
16:28:54  INFO     [RAMS] Tier switch: NANO → SMALL  (R=0.600)
16:28:54  INFO     [RAMS] Tier switch: SMALL → NANO  (R=0.629)
16:28:54  INFO     [RAMS] Tier switch: NANO → SMALL  (R=0.593)
16:28:55  INFO     [RAMS] Tier switch: SMALL → NANO  (R=0.623)
16:28:55  INFO     [RAMS] Tier switch: NANO → SMALL  (R=0.595)
16:28:55  INFO     [RAMS] Tier switch: SMALL → NANO  (R=0.623)
16:28:55  INFO     [RAMS] Tier switch: NANO → SMALL  (R=0.600)
16:28:56  INFO     [RAMS] Tier switch: SMALL → NANO  (R=0.630)
16:28:56  INFO     [RAMS] Tier switch: NANO → SMALL  (R=0.588)
16:28:56  INFO     [RAMS] Tier switch: SMALL → NANO  (R=0.687)
16:28:56  INFO     [RAMS] Tier switch: NANO → SMALL  (R=0.598)
16:28:57  INFO     [RAMS] Tier switch: SMALL → NANO  (R=0.617)
16:28:57  INFO     [RAMS] Tier switch: NANO → SMALL  (R=0.600)
16:28:57  INFO     [RAMS] Tier switch: SMALL → NANO  (R=0.610)
16:28:57  INFO     [RAMS] Tier switch: NANO → SMALL  (R=0.593)
16:28:58  INFO     [RAMS] Tier switch: SMALL → NANO  (R=0.619)
16:28:58  INFO     [RAMS] Tier switch: NANO → SMALL  (R=0.600)
16:28:58  INFO     [RAMS] Tier switch: SMALL → NANO  (R=0.635)
16:28:58  INFO     [RAMS] Controller stopped.
    block=1/10 method=FIXED_MEDIUM ...
16:28:59  INFO     [RAMS] Starting resource monitor ...
16:28:59  INFO     [RAMS] Loading model tiers ...
16:28:59  INFO     [RAMS] YOLOv8-nano ready — ONNX (imgsz=320).
16:28:59  INFO     [RAMS] YOLOv8-small ready — ONNX (imgsz=416).
16:29:00  INFO     [RAMS] YOLOv8-medium ready — ONNX (imgsz=640).
16:29:00  INFO     [RAMS] Controller ready. Policy: fixed
16:29:01  INFO     [RAMS] Tier switch: SMALL → MEDIUM  (R=0.420)
16:31:38  INFO     [RAMS] Controller stopped.
    block=1/10 method=safety2 ...
16:31:38  INFO     [RAMS] Starting resource monitor ...
16:31:38  INFO     [RAMS] Loading model tiers ...
16:31:39  INFO     [RAMS] YOLOv8-nano ready — ONNX (imgsz=320).
16:31:39  INFO     [RAMS] YOLOv8-small ready — ONNX (imgsz=416).
16:31:40  INFO     [RAMS] YOLOv8-medium ready — ONNX (imgsz=640).
16:31:40  INFO     [RAMS] Controller ready. Policy: safety2
16:31:42  INFO     [RAMS] Tier switch: SMALL → NANO  (R=0.670)
16:31:42  INFO     [RAMS] Tier switch: NANO → MEDIUM  (R=0.653)
16:31:44  INFO     [RAMS] Tier switch: MEDIUM → SMALL  (R=0.691)
16:31:45  INFO     [RAMS] Tier switch: SMALL → NANO  (R=0.625)
16:31:45  INFO     [RAMS] Tier switch: NANO → SMALL  (R=0.625)
16:31:46  INFO     [RAMS] Tier switch: SMALL → NANO  (R=0.621)
16:31:46  INFO     [RAMS] Tier switch: NANO → SMALL  (R=0.605)
16:31:48  INFO     [RAMS] Tier switch: SMALL → MEDIUM  (R=0.612)
16:31:50  INFO     [RAMS] Tier switch: MEDIUM → NANO  (R=0.629)
16:31:50  INFO     [RAMS] Tier switch: NANO → SMALL  (R=0.604)
16:31:50  INFO     [RAMS] Tier switch: SMALL → MEDIUM  (R=0.616)
16:31:52  INFO     [RAMS] Tier switch: MEDIUM → NANO  (R=0.623)
16:31:52  INFO     [RAMS] Tier switch: NANO → SMALL  (R=0.641)
16:31:53  INFO     [RAMS] Tier switch: SMALL → NANO  (R=0.668)
16:31:53  INFO     [RAMS] Tier switch: NANO → MEDIUM  (R=0.590)
16:31:56  INFO     [RAMS] Tier switch: MEDIUM → NANO  (R=0.629)
16:31:56  INFO     [RAMS] Tier switch: NANO → MEDIUM  (R=0.604)
16:31:59  INFO     [RAMS] Tier switch: MEDIUM → NANO  (R=0.629)
16:31:59  INFO     [RAMS] Tier switch: NANO → SMALL  (R=0.597)
16:31:59  INFO     [RAMS] Tier switch: SMALL → MEDIUM  (R=0.618)
16:32:01  INFO     [RAMS] Tier switch: MEDIUM → NANO  (R=0.676)
16:32:01  INFO     [RAMS] Tier switch: NANO → SMALL  (R=0.666)
16:32:01  INFO     [RAMS] Tier switch: SMALL → MEDIUM  (R=0.669)
16:32:03  INFO     [RAMS] Tier switch: MEDIUM → NANO  (R=0.715)
16:32:04  INFO     [RAMS] Tier switch: NANO → SMALL  (R=0.654)
16:32:04  INFO     [RAMS] Tier switch: SMALL → NANO  (R=0.660)
16:32:04  INFO     [RAMS] Tier switch: NANO → SMALL  (R=0.707)
16:32:04  INFO     [RAMS] Tier switch: SMALL → MEDIUM  (R=0.672)
16:32:09  INFO     [RAMS] Tier switch: MEDIUM → NANO  (R=0.623)
16:32:09  INFO     [RAMS] Tier switch: NANO → SMALL  (R=0.623)
16:32:09  INFO     [RAMS] Tier switch: SMALL → NANO  (R=0.619)
16:32:10  INFO     [RAMS] Tier switch: NANO → SMALL  (R=0.599)
16:32:10  INFO     [RAMS] Tier switch: SMALL → NANO  (R=0.659)
16:32:11  INFO     [RAMS] Tier switch: NANO → SMALL  (R=0.605)
16:32:12  INFO     [RAMS] Tier switch: SMALL → NANO  (R=0.687)
16:32:12  INFO     [RAMS] Tier switch: NANO → MEDIUM  (R=0.612)
16:32:15  INFO     [RAMS] Tier switch: MEDIUM → NANO  (R=0.636)
16:32:15  INFO     [RAMS] Tier switch: NANO → SMALL  (R=0.624)
16:32:16  INFO     [RAMS] Tier switch: SMALL → MEDIUM  (R=0.625)
16:32:18  INFO     [RAMS] Tier switch: MEDIUM → NANO  (R=0.629)
16:32:18  INFO     [RAMS] Tier switch: NANO → SMALL  (R=0.593)
16:32:18  INFO     [RAMS] Tier switch: SMALL → MEDIUM  (R=0.616)
16:32:28  INFO     [RAMS] Tier switch: MEDIUM → NANO  (R=0.676)
16:32:28  INFO     [RAMS] Controller stopped.
    block=1/10 method=safety ...
16:32:28  INFO     [RAMS] Starting resource monitor ...
16:32:28  INFO     [RAMS] Loading model tiers ...
16:32:29  INFO     [RAMS] YOLOv8-nano ready — ONNX (imgsz=320).
16:32:29  INFO     [RAMS] YOLOv8-small ready — ONNX (imgsz=416).
16:32:30  INFO     [RAMS] YOLOv8-medium ready — ONNX (imgsz=640).
16:32:30  INFO     [RAMS] Controller ready. Policy: safety
16:32:32  INFO     [RAMS] Tier switch: SMALL → NANO  (R=0.633)
16:32:32  INFO     [RAMS] Tier switch: NANO → SMALL  (R=0.607)
16:32:33  INFO     [RAMS] Tier switch: SMALL → NANO  (R=0.619)
16:32:33  INFO     [RAMS] Tier switch: NANO → SMALL  (R=0.617)
16:32:34  INFO     [RAMS] Tier switch: SMALL → NANO  (R=0.629)
16:32:34  INFO     [RAMS] Tier switch: NANO → SMALL  (R=0.614)
16:32:36  INFO     [RAMS] Tier switch: SMALL → NANO  (R=0.622)
16:32:37  INFO     [RAMS] Tier switch: NANO → SMALL  (R=0.587)
16:32:39  INFO     [RAMS] Tier switch: SMALL → NANO  (R=0.622)
16:32:39  INFO     [RAMS] Tier switch: NANO → SMALL  (R=0.598)
16:32:45  INFO     [RAMS] Tier switch: SMALL → NANO  (R=0.724)
16:32:45  INFO     [RAMS] Tier switch: NANO → SMALL  (R=0.666)
16:32:48  INFO     [RAMS] Tier switch: SMALL → NANO  (R=0.649)
16:32:50  INFO     [RAMS] Tier switch: NANO → SMALL  (R=0.664)
16:32:51  INFO     [RAMS] Tier switch: SMALL → NANO  (R=0.617)
16:32:51  INFO     [RAMS] Tier switch: NANO → SMALL  (R=0.598)
16:32:55  INFO     [RAMS] Controller stopped.
    block=2/10 method=predictive ...
16:32:55  INFO     [RAMS] Starting resource monitor ...
16:32:55  INFO     [RAMS] Loading model tiers ...
16:32:56  INFO     [RAMS] YOLOv8-nano ready — ONNX (imgsz=320).
16:32:56  INFO     [RAMS] YOLOv8-small ready — ONNX (imgsz=416).
16:32:57  INFO     [RAMS] YOLOv8-medium ready — ONNX (imgsz=640).
16:32:57  INFO     [RAMS] Controller ready. Policy: predictive
16:32:59  INFO     [RAMS] Tier switch: SMALL → NANO  (R=0.629)
16:32:59  INFO     [RAMS] Tier switch: NANO → SMALL  (R=0.598)
16:32:59  INFO     [RAMS] Tier switch: SMALL → NANO  (R=0.629)
16:32:59  INFO     [RAMS] Tier switch: NANO → SMALL  (R=0.594)
16:33:00  INFO     [RAMS] Tier switch: SMALL → NANO  (R=0.624)
16:33:00  INFO     [RAMS] Tier switch: NANO → SMALL  (R=0.594)
16:33:00  INFO     [RAMS] Tier switch: SMALL → NANO  (R=0.633)
16:33:00  INFO     [RAMS] Tier switch: NANO → SMALL  (R=0.587)
16:33:01  INFO     [RAMS] Tier switch: SMALL → NANO  (R=0.617)
16:33:01  INFO     [RAMS] Tier switch: NANO → SMALL  (R=0.601)
16:33:02  INFO     [RAMS] Tier switch: SMALL → NANO  (R=0.634)
16:33:02  INFO     [RAMS] Tier switch: NANO → SMALL  (R=0.587)
16:33:03  INFO     [RAMS] Tier switch: SMALL → NANO  (R=0.621)
16:33:03  INFO     [RAMS] Tier switch: NANO → SMALL  (R=0.576)
16:33:03  INFO     [RAMS] Tier switch: SMALL → NANO  (R=0.638)
16:33:03  INFO     [RAMS] Tier switch: NANO → SMALL  (R=0.594)
16:33:03  INFO     [RAMS] Tier switch: SMALL → NANO  (R=0.656)
16:33:03  INFO     [RAMS] Tier switch: NANO → SMALL  (R=0.594)
16:33:04  INFO     [RAMS] Tier switch: SMALL → NANO  (R=0.624)
16:33:04  INFO     [RAMS] Tier switch: NANO → SMALL  (R=0.598)
16:33:04  INFO     [RAMS] Tier switch: SMALL → NANO  (R=0.629)
16:33:05  INFO     [RAMS] Tier switch: NANO → SMALL  (R=0.601)
16:33:05  INFO     [RAMS] Tier switch: SMALL → NANO  (R=0.617)
16:33:10  INFO     [RAMS] Controller stopped.
    block=2/10 method=FIXED_NANO ...
16:33:10  INFO     [RAMS] Starting resource monitor ...
16:33:10  INFO     [RAMS] Loading model tiers ...
16:33:10  INFO     [RAMS] YOLOv8-nano ready — ONNX (imgsz=320).
16:33:11  INFO     [RAMS] YOLOv8-small ready — ONNX (imgsz=416).
16:33:12  INFO     [RAMS] YOLOv8-medium ready — ONNX (imgsz=640).
16:33:12  INFO     [RAMS] Controller ready. Policy: fixed
16:33:13  INFO     [RAMS] Tier switch: SMALL → NANO  (R=0.414)
16:33:23  INFO     [RAMS] Controller stopped.
    block=2/10 method=safety ...
16:33:23  INFO     [RAMS] Starting resource monitor ...
16:33:23  INFO     [RAMS] Loading model tiers ...
16:33:23  INFO     [RAMS] YOLOv8-nano ready — ONNX (imgsz=320).
16:33:23  INFO     [RAMS] YOLOv8-small ready — ONNX (imgsz=416).
16:33:24  INFO     [RAMS] YOLOv8-medium ready — ONNX (imgsz=640).
16:33:24  INFO     [RAMS] Controller ready. Policy: safety
16:33:32  INFO     [RAMS] Tier switch: SMALL → NANO  (R=0.680)
16:33:32  INFO     [RAMS] Tier switch: NANO → SMALL  (R=0.677)
16:33:33  INFO     [RAMS] Tier switch: SMALL → NANO  (R=0.650)
16:33:33  INFO     [RAMS] Tier switch: NANO → SMALL  (R=0.653)
16:33:34  INFO     [RAMS] Tier switch: SMALL → NANO  (R=0.652)
16:33:35  INFO     [RAMS] Tier switch: NANO → SMALL  (R=0.603)
16:33:36  INFO     [RAMS] Tier switch: SMALL → NANO  (R=0.645)
16:33:36  INFO     [RAMS] Tier switch: NANO → SMALL  (R=0.600)
16:33:38  INFO     [RAMS] Tier switch: SMALL → NANO  (R=0.624)
16:33:38  INFO     [RAMS] Tier switch: NANO → SMALL  (R=0.598)
16:33:40  INFO     [RAMS] Tier switch: SMALL → NANO  (R=0.610)
16:33:40  INFO     [RAMS] Tier switch: NANO → SMALL  (R=0.661)
16:33:42  INFO     [RAMS] Tier switch: SMALL → NANO  (R=0.624)
16:33:43  INFO     [RAMS] Tier switch: NANO → SMALL  (R=0.605)
16:33:46  INFO     [RAMS] Tier switch: SMALL → NANO  (R=0.640)
16:33:46  INFO     [RAMS] Tier switch: NANO → SMALL  (R=0.597)
16:33:47  INFO     [RAMS] Tier switch: SMALL → NANO  (R=0.622)
16:33:47  INFO     [RAMS] Tier switch: NANO → SMALL  (R=0.664)
16:33:48  INFO     [RAMS] Tier switch: SMALL → NANO  (R=0.617)
16:33:48  INFO     [RAMS] Tier switch: NANO → SMALL  (R=0.612)
16:33:49  INFO     [RAMS] Tier switch: SMALL → NANO  (R=0.718)
16:33:50  INFO     [RAMS] Controller stopped.
    block=2/10 method=FIXED_MEDIUM ...
16:33:50  INFO     [RAMS] Starting resource monitor ...
16:33:50  INFO     [RAMS] Loading model tiers ...
16:33:50  INFO     [RAMS] YOLOv8-nano ready — ONNX (imgsz=320).
16:33:50  INFO     [RAMS] YOLOv8-small ready — ONNX (imgsz=416).
16:33:51  INFO     [RAMS] YOLOv8-medium ready — ONNX (imgsz=640).
16:33:51  INFO     [RAMS] Controller ready. Policy: fixed
16:33:52  INFO     [RAMS] Tier switch: SMALL → MEDIUM  (R=0.481)
16:36:30  INFO     [RAMS] Controller stopped.
    block=2/10 method=adaptive ...
16:36:31  INFO     [RAMS] Starting resource monitor ...
16:36:31  INFO     [RAMS] Loading model tiers ...
16:36:31  INFO     [RAMS] YOLOv8-nano ready — ONNX (imgsz=320).
16:36:31  INFO     [RAMS] YOLOv8-small ready — ONNX (imgsz=416).
16:36:32  INFO     [RAMS] YOLOv8-medium ready — ONNX (imgsz=640).
16:36:32  INFO     [RAMS] Controller ready. Policy: adaptive
16:36:34  INFO     [RAMS] Tier switch: SMALL → NANO  (R=0.627)
16:36:34  INFO     [RAMS] Tier switch: NANO → SMALL  (R=0.589)
16:36:34  INFO     [RAMS] Tier switch: SMALL → NANO  (R=0.624)
16:36:34  INFO     [RAMS] Tier switch: NANO → SMALL  (R=0.594)
16:36:34  INFO     [RAMS] Tier switch: SMALL → NANO  (R=0.629)
16:36:35  INFO     [RAMS] Tier switch: NANO → SMALL  (R=0.587)
16:36:35  INFO     [RAMS] Tier switch: SMALL → NANO  (R=0.629)
16:36:36  INFO     [RAMS] Tier switch: NANO → SMALL  (R=0.593)
16:36:36  INFO     [RAMS] Tier switch: SMALL → NANO  (R=0.659)
16:36:37  INFO     [RAMS] Tier switch: NANO → SMALL  (R=0.598)
16:36:37  INFO     [RAMS] Tier switch: SMALL → NANO  (R=0.629)
16:36:38  INFO     [RAMS] Tier switch: NANO → SMALL  (R=0.570)
16:36:38  INFO     [RAMS] Tier switch: SMALL → NANO  (R=0.624)
16:36:39  INFO     [RAMS] Tier switch: NANO → SMALL  (R=0.593)
16:36:39  INFO     [RAMS] Tier switch: SMALL → NANO  (R=0.682)
16:36:40  INFO     [RAMS] Tier switch: NANO → SMALL  (R=0.599)
16:36:40  INFO     [RAMS] Tier switch: SMALL → NANO  (R=0.629)
16:36:41  INFO     [RAMS] Tier switch: NANO → SMALL  (R=0.596)
16:36:41  INFO     [RAMS] Tier switch: SMALL → NANO  (R=0.619)
16:36:42  INFO     [RAMS] Tier switch: NANO → SMALL  (R=0.597)
16:36:42  INFO     [RAMS] Tier switch: SMALL → NANO  (R=0.610)
16:36:42  INFO     [RAMS] Tier switch: NANO → SMALL  (R=0.585)
16:36:42  INFO     [RAMS] Tier switch: SMALL → NANO  (R=0.629)
16:36:43  INFO     [RAMS] Tier switch: NANO → SMALL  (R=0.589)
16:36:43  INFO     [RAMS] Tier switch: SMALL → NANO  (R=0.624)
16:36:43  INFO     [RAMS] Tier switch: NANO → SMALL  (R=0.594)
16:36:44  INFO     [RAMS] Tier switch: SMALL → NANO  (R=0.671)
16:36:44  INFO     [RAMS] Tier switch: NANO → SMALL  (R=0.591)
16:36:44  INFO     [RAMS] Tier switch: SMALL → NANO  (R=0.617)
16:36:44  INFO     [RAMS] Tier switch: NANO → SMALL  (R=0.603)
16:36:44  INFO     [RAMS] Tier switch: SMALL → NANO  (R=0.613)
16:36:44  INFO     [RAMS] Tier switch: NANO → SMALL  (R=0.598)
16:36:45  INFO     [RAMS] Tier switch: SMALL → NANO  (R=0.665)
16:36:45  INFO     [RAMS] Controller stopped.
    block=2/10 method=threshold ...
16:36:45  INFO     [RAMS] Starting resource monitor ...
16:36:45  INFO     [RAMS] Loading model tiers ...
16:36:45  INFO     [RAMS] YOLOv8-nano ready — ONNX (imgsz=320).
16:36:46  INFO     [RAMS] YOLOv8-small ready — ONNX (imgsz=416).
16:36:47  INFO     [RAMS] YOLOv8-medium ready — ONNX (imgsz=640).
16:36:47  INFO     [RAMS] Controller ready. Policy: threshold
16:36:48  INFO     [RAMS] Tier switch: SMALL → NANO  (R=0.684)
16:36:51  INFO     [RAMS] Tier switch: NANO → SMALL  (R=0.600)
16:36:52  INFO     [RAMS] Tier switch: SMALL → NANO  (R=0.612)
16:36:53  INFO     [RAMS] Tier switch: NANO → SMALL  (R=0.603)
16:36:53  INFO     [RAMS] Tier switch: SMALL → NANO  (R=0.615)
16:36:54  INFO     [RAMS] Tier switch: NANO → SMALL  (R=0.602)
16:36:55  INFO     [RAMS] Tier switch: SMALL → NANO  (R=0.617)
16:36:56  INFO     [RAMS] Tier switch: NANO → SMALL  (R=0.591)
16:36:56  INFO     [RAMS] Tier switch: SMALL → NANO  (R=0.607)
16:36:57  INFO     [RAMS] Tier switch: NANO → SMALL  (R=0.605)
16:36:57  INFO     [RAMS] Tier switch: SMALL → NANO  (R=0.621)
16:36:57  INFO     [RAMS] Tier switch: NANO → SMALL  (R=0.598)
16:36:58  INFO     [RAMS] Tier switch: SMALL → NANO  (R=0.617)
16:36:58  INFO     [RAMS] Tier switch: NANO → SMALL  (R=0.593)
16:36:59  INFO     [RAMS] Tier switch: SMALL → NANO  (R=0.622)
16:37:00  INFO     [RAMS] Tier switch: NANO → SMALL  (R=0.598)
16:37:00  INFO     [RAMS] Tier switch: SMALL → NANO  (R=0.610)
16:37:01  INFO     [RAMS] Controller stopped.
    block=2/10 method=safety2 ...
16:37:01  INFO     [RAMS] Starting resource monitor ...
16:37:01  INFO     [RAMS] Loading model tiers ...
16:37:01  INFO     [RAMS] YOLOv8-nano ready — ONNX (imgsz=320).
16:37:01  INFO     [RAMS] YOLOv8-small ready — ONNX (imgsz=416).
16:37:02  INFO     [RAMS] YOLOv8-medium ready — ONNX (imgsz=640).
16:37:02  INFO     [RAMS] Controller ready. Policy: safety2
16:37:04  INFO     [RAMS] Tier switch: SMALL → MEDIUM  (R=0.668)
16:37:06  INFO     [RAMS] Tier switch: MEDIUM → NANO  (R=0.617)
16:37:06  INFO     [RAMS] Tier switch: NANO → MEDIUM  (R=0.618)
16:37:08  INFO     [RAMS] Tier switch: MEDIUM → SMALL  (R=0.676)
16:37:09  INFO     [RAMS] Tier switch: SMALL → MEDIUM  (R=0.713)
16:37:10  INFO     [RAMS] Tier switch: MEDIUM → SMALL  (R=0.678)
16:37:11  INFO     [RAMS] Tier switch: SMALL → MEDIUM  (R=0.661)
16:37:13  INFO     [RAMS] Tier switch: MEDIUM → NANO  (R=0.671)
16:37:14  INFO     [RAMS] Tier switch: NANO → SMALL  (R=0.648)
16:37:14  INFO     [RAMS] Tier switch: SMALL → MEDIUM  (R=0.629)
16:37:16  INFO     [RAMS] Tier switch: MEDIUM → NANO  (R=0.611)
16:37:17  INFO     [RAMS] Tier switch: NANO → MEDIUM  (R=0.606)
16:37:21  INFO     [RAMS] Tier switch: MEDIUM → NANO  (R=0.631)
16:37:21  INFO     [RAMS] Tier switch: NANO → MEDIUM  (R=0.599)
16:37:24  INFO     [RAMS] Tier switch: MEDIUM → NANO  (R=0.636)
16:37:24  INFO     [RAMS] Tier switch: NANO → SMALL  (R=0.585)
16:37:24  INFO     [RAMS] Tier switch: SMALL → NANO  (R=0.606)
16:37:25  INFO     [RAMS] Tier switch: NANO → MEDIUM  (R=0.597)
16:37:27  INFO     [RAMS] Tier switch: MEDIUM → NANO  (R=0.631)
16:37:27  INFO     [RAMS] Tier switch: NANO → SMALL  (R=0.596)
16:37:28  INFO     [RAMS] Tier switch: SMALL → MEDIUM  (R=0.618)
16:37:29  INFO     [RAMS] Tier switch: MEDIUM → NANO  (R=0.682)
16:37:29  INFO     [RAMS] Tier switch: NANO → SMALL  (R=0.682)
16:37:29  INFO     [RAMS] Tier switch: SMALL → MEDIUM  (R=0.677)
16:37:30  INFO     [RAMS] Tier switch: MEDIUM → NANO  (R=0.660)
16:37:31  INFO     [RAMS] Tier switch: NANO → SMALL  (R=0.653)
16:37:32  INFO     [RAMS] Tier switch: SMALL → NANO  (R=0.719)
16:37:32  INFO     [RAMS] Tier switch: NANO → SMALL  (R=0.656)
16:37:33  INFO     [RAMS] Tier switch: SMALL → MEDIUM  (R=0.689)
16:37:34  INFO     [RAMS] Tier switch: MEDIUM → NANO  (R=0.672)
16:37:35  INFO     [RAMS] Tier switch: NANO → SMALL  (R=0.676)
16:37:36  INFO     [RAMS] Tier switch: SMALL → MEDIUM  (R=0.619)
16:37:39  INFO     [RAMS] Tier switch: MEDIUM → NANO  (R=0.636)
16:37:39  INFO     [RAMS] Tier switch: NANO → SMALL  (R=0.600)
16:37:39  INFO     [RAMS] Tier switch: SMALL → NANO  (R=0.611)
16:37:40  INFO     [RAMS] Tier switch: NANO → SMALL  (R=0.614)
16:37:43  INFO     [RAMS] Tier switch: SMALL → MEDIUM  (R=0.629)
16:37:45  INFO     [RAMS] Tier switch: MEDIUM → SMALL  (R=0.629)
16:37:46  INFO     [RAMS] Tier switch: SMALL → MEDIUM  (R=0.619)
16:37:47  INFO     [RAMS] Controller stopped.
    block=2/10 method=FIXED_SMALL ...
16:37:47  INFO     [RAMS] Starting resource monitor ...
16:37:47  INFO     [RAMS] Loading model tiers ...
16:37:47  INFO     [RAMS] YOLOv8-nano ready — ONNX (imgsz=320).
16:37:48  INFO     [RAMS] YOLOv8-small ready — ONNX (imgsz=416).
16:37:49  INFO     [RAMS] YOLOv8-medium ready — ONNX (imgsz=640).
16:37:49  INFO     [RAMS] Controller ready. Policy: fixed
16:38:22  INFO     [RAMS] Controller stopped.
    block=3/10 method=threshold ...
16:38:22  INFO     [RAMS] Starting resource monitor ...
16:38:22  INFO     [RAMS] Loading model tiers ...
16:38:22  INFO     [RAMS] YOLOv8-nano ready — ONNX (imgsz=320).
16:38:22  INFO     [RAMS] YOLOv8-small ready — ONNX (imgsz=416).
16:38:23  INFO     [RAMS] YOLOv8-medium ready — ONNX (imgsz=640).
16:38:23  INFO     [RAMS] Controller ready. Policy: threshold
16:38:25  INFO     [RAMS] Tier switch: SMALL → NANO  (R=0.630)
16:38:25  INFO     [RAMS] Tier switch: NANO → SMALL  (R=0.588)
16:38:26  INFO     [RAMS] Tier switch: SMALL → NANO  (R=0.617)
16:38:26  INFO     [RAMS] Tier switch: NANO → SMALL  (R=0.601)
16:38:27  INFO     [RAMS] Tier switch: SMALL → NANO  (R=0.629)
16:38:27  INFO     [RAMS] Tier switch: NANO → SMALL  (R=0.605)
16:38:28  INFO     [RAMS] Tier switch: SMALL → NANO  (R=0.666)
16:38:28  INFO     [RAMS] Tier switch: NANO → SMALL  (R=0.597)
16:38:29  INFO     [RAMS] Tier switch: SMALL → NANO  (R=0.631)
16:38:30  INFO     [RAMS] Tier switch: NANO → SMALL  (R=0.605)
16:38:31  INFO     [RAMS] Tier switch: SMALL → NANO  (R=0.612)
16:38:31  INFO     [RAMS] Tier switch: NANO → SMALL  (R=0.601)
16:38:32  INFO     [RAMS] Tier switch: SMALL → NANO  (R=0.610)
16:38:33  INFO     [RAMS] Tier switch: NANO → SMALL  (R=0.600)
16:38:34  INFO     [RAMS] Tier switch: SMALL → NANO  (R=0.683)
16:38:39  INFO     [RAMS] Controller stopped.
    block=3/10 method=safety2 ...
16:38:39  INFO     [RAMS] Starting resource monitor ...
16:38:39  INFO     [RAMS] Loading model tiers ...
16:38:39  INFO     [RAMS] YOLOv8-nano ready — ONNX (imgsz=320).
16:38:39  INFO     [RAMS] YOLOv8-small ready — ONNX (imgsz=416).
16:38:40  INFO     [RAMS] YOLOv8-medium ready — ONNX (imgsz=640).
16:38:40  INFO     [RAMS] Controller ready. Policy: safety2
16:38:43  INFO     [RAMS] Tier switch: SMALL → MEDIUM  (R=0.613)
16:38:45  INFO     [RAMS] Tier switch: MEDIUM → NANO  (R=0.629)
16:38:45  INFO     [RAMS] Tier switch: NANO → MEDIUM  (R=0.607)
16:38:47  INFO     [RAMS] Tier switch: MEDIUM → NANO  (R=0.623)
16:38:48  INFO     [RAMS] Tier switch: NANO → MEDIUM  (R=0.596)
16:38:50  INFO     [RAMS] Tier switch: MEDIUM → SMALL  (R=0.634)
16:38:51  INFO     [RAMS] Tier switch: SMALL → NANO  (R=0.619)
16:38:51  INFO     [RAMS] Tier switch: NANO → MEDIUM  (R=0.618)
16:38:54  INFO     [RAMS] Tier switch: MEDIUM → SMALL  (R=0.624)
16:38:55  INFO     [RAMS] Tier switch: SMALL → MEDIUM  (R=0.629)
16:38:56  INFO     [RAMS] Tier switch: MEDIUM → SMALL  (R=0.687)
16:38:58  INFO     [RAMS] Tier switch: SMALL → NANO  (R=0.708)
16:38:58  INFO     [RAMS] Tier switch: NANO → SMALL  (R=0.698)
16:38:58  INFO     [RAMS] Tier switch: SMALL → MEDIUM  (R=0.655)
16:38:59  INFO     [RAMS] Tier switch: MEDIUM → SMALL  (R=0.672)
16:38:59  INFO     [RAMS] Tier switch: SMALL → MEDIUM  (R=0.660)
16:39:01  INFO     [RAMS] Tier switch: MEDIUM → SMALL  (R=0.672)
16:39:01  INFO     [RAMS] Tier switch: SMALL → MEDIUM  (R=0.674)
16:39:02  INFO     [RAMS] Tier switch: MEDIUM → NANO  (R=0.634)
16:39:03  INFO     [RAMS] Tier switch: NANO → SMALL  (R=0.606)
16:39:03  INFO     [RAMS] Tier switch: SMALL → MEDIUM  (R=0.623)
16:39:04  INFO     [RAMS] Tier switch: MEDIUM → SMALL  (R=0.629)
16:39:05  INFO     [RAMS] Tier switch: SMALL → NANO  (R=0.623)
16:39:05  INFO     [RAMS] Tier switch: NANO → MEDIUM  (R=0.599)
16:39:07  INFO     [RAMS] Tier switch: MEDIUM → NANO  (R=0.616)
16:39:07  INFO     [RAMS] Tier switch: NANO → SMALL  (R=0.604)
16:39:08  INFO     [RAMS] Tier switch: SMALL → NANO  (R=0.617)
16:39:08  INFO     [RAMS] Tier switch: NANO → MEDIUM  (R=0.612)
16:39:10  INFO     [RAMS] Tier switch: MEDIUM → NANO  (R=0.629)
16:39:11  INFO     [RAMS] Tier switch: NANO → SMALL  (R=0.606)
16:39:11  INFO     [RAMS] Tier switch: SMALL → MEDIUM  (R=0.634)
16:39:12  INFO     [RAMS] Tier switch: MEDIUM → NANO  (R=0.631)
16:39:12  INFO     [RAMS] Tier switch: NANO → SMALL  (R=0.607)
16:39:13  INFO     [RAMS] Tier switch: SMALL → MEDIUM  (R=0.626)
16:39:15  INFO     [RAMS] Tier switch: MEDIUM → NANO  (R=0.621)
16:39:15  INFO     [RAMS] Tier switch: NANO → SMALL  (R=0.606)
16:39:17  INFO     [RAMS] Tier switch: SMALL → NANO  (R=0.618)
16:39:17  INFO     [RAMS] Tier switch: NANO → MEDIUM  (R=0.596)
16:39:20  INFO     [RAMS] Tier switch: MEDIUM → NANO  (R=0.672)
16:39:20  INFO     [RAMS] Tier switch: NANO → MEDIUM  (R=0.661)
16:39:23  INFO     [RAMS] Tier switch: MEDIUM → NANO  (R=0.655)
16:39:23  INFO     [RAMS] Tier switch: NANO → MEDIUM  (R=0.653)
16:39:26  INFO     [RAMS] Tier switch: MEDIUM → NANO  (R=0.625)
16:39:26  INFO     [RAMS] Tier switch: NANO → SMALL  (R=0.598)
16:39:27  INFO     [RAMS] Controller stopped.
    block=3/10 method=FIXED_NANO ...
16:39:27  INFO     [RAMS] Starting resource monitor ...
16:39:27  INFO     [RAMS] Loading model tiers ...
16:39:27  INFO     [RAMS] YOLOv8-nano ready — ONNX (imgsz=320).
16:39:27  INFO     [RAMS] YOLOv8-small ready — ONNX (imgsz=416).
16:39:28  INFO     [RAMS] YOLOv8-medium ready — ONNX (imgsz=640).
16:39:28  INFO     [RAMS] Controller ready. Policy: fixed
16:39:29  INFO     [RAMS] Tier switch: SMALL → NANO  (R=0.414)
16:39:38  INFO     [RAMS] Controller stopped.
    block=3/10 method=FIXED_SMALL ...
16:39:39  INFO     [RAMS] Starting resource monitor ...
16:39:39  INFO     [RAMS] Loading model tiers ...
16:39:39  INFO     [RAMS] YOLOv8-nano ready — ONNX (imgsz=320).
16:39:39  INFO     [RAMS] YOLOv8-small ready — ONNX (imgsz=416).
16:39:40  INFO     [RAMS] YOLOv8-medium ready — ONNX (imgsz=640).
16:39:40  INFO     [RAMS] Controller ready. Policy: fixed
16:40:13  INFO     [RAMS] Controller stopped.
    block=3/10 method=predictive ...
16:40:13  INFO     [RAMS] Starting resource monitor ...
16:40:13  INFO     [RAMS] Loading model tiers ...
16:40:13  INFO     [RAMS] YOLOv8-nano ready — ONNX (imgsz=320).
16:40:13  INFO     [RAMS] YOLOv8-small ready — ONNX (imgsz=416).
16:40:14  INFO     [RAMS] YOLOv8-medium ready — ONNX (imgsz=640).
16:40:14  INFO     [RAMS] Controller ready. Policy: predictive
16:40:16  INFO     [RAMS] Tier switch: SMALL → NANO  (R=0.633)
16:40:17  INFO     [RAMS] Tier switch: NANO → SMALL  (R=0.600)
16:40:17  INFO     [RAMS] Tier switch: SMALL → NANO  (R=0.617)
16:40:17  INFO     [RAMS] Tier switch: NANO → SMALL  (R=0.603)
16:40:17  INFO     [RAMS] Tier switch: SMALL → NANO  (R=0.608)
16:40:18  INFO     [RAMS] Tier switch: NANO → SMALL  (R=0.600)
16:40:18  INFO     [RAMS] Tier switch: SMALL → NANO  (R=0.634)
16:40:18  INFO     [RAMS] Tier switch: NANO → SMALL  (R=0.580)
16:40:19  INFO     [RAMS] Tier switch: SMALL → NANO  (R=0.688)
16:40:19  INFO     [RAMS] Tier switch: NANO → SMALL  (R=0.598)
16:40:20  INFO     [RAMS] Tier switch: SMALL → NANO  (R=0.617)
16:40:20  INFO     [RAMS] Tier switch: NANO → SMALL  (R=0.601)
16:40:20  INFO     [RAMS] Tier switch: SMALL → NANO  (R=0.631)
16:40:21  INFO     [RAMS] Tier switch: NANO → SMALL  (R=0.588)
16:40:21  INFO     [RAMS] Tier switch: SMALL → NANO  (R=0.632)
16:40:21  INFO     [RAMS] Tier switch: NANO → SMALL  (R=0.594)
16:40:21  INFO     [RAMS] Tier switch: SMALL → NANO  (R=0.622)
16:40:21  INFO     [RAMS] Tier switch: NANO → SMALL  (R=0.598)
16:40:21  INFO     [RAMS] Tier switch: SMALL → NANO  (R=0.612)
16:40:23  INFO     [RAMS] Tier switch: NANO → SMALL  (R=0.605)
16:40:23  INFO     [RAMS] Tier switch: SMALL → NANO  (R=0.610)
16:40:27  INFO     [RAMS] Controller stopped.
    block=3/10 method=adaptive ...
16:40:27  INFO     [RAMS] Starting resource monitor ...
16:40:27  INFO     [RAMS] Loading model tiers ...
16:40:27  INFO     [RAMS] YOLOv8-nano ready — ONNX (imgsz=320).
16:40:28  INFO     [RAMS] YOLOv8-small ready — ONNX (imgsz=416).
16:40:29  INFO     [RAMS] YOLOv8-medium ready — ONNX (imgsz=640).
16:40:29  INFO     [RAMS] Controller ready. Policy: adaptive
16:40:31  INFO     [RAMS] Tier switch: SMALL → NANO  (R=0.626)
16:40:31  INFO     [RAMS] Tier switch: NANO → SMALL  (R=0.596)
16:40:31  INFO     [RAMS] Tier switch: SMALL → NANO  (R=0.617)
16:40:31  INFO     [RAMS] Tier switch: NANO → SMALL  (R=0.593)
16:40:32  INFO     [RAMS] Tier switch: SMALL → NANO  (R=0.706)
16:40:32  INFO     [RAMS] Tier switch: NANO → SMALL  (R=0.600)
16:40:33  INFO     [RAMS] Tier switch: SMALL → NANO  (R=0.615)
16:40:34  INFO     [RAMS] Tier switch: NANO → SMALL  (R=0.594)
16:40:34  INFO     [RAMS] Tier switch: SMALL → NANO  (R=0.622)
16:40:34  INFO     [RAMS] Tier switch: NANO → SMALL  (R=0.594)
16:40:34  INFO     [RAMS] Tier switch: SMALL → NANO  (R=0.624)
16:40:35  INFO     [RAMS] Tier switch: NANO → SMALL  (R=0.594)
16:40:35  INFO     [RAMS] Tier switch: SMALL → NANO  (R=0.619)
16:40:35  INFO     [RAMS] Tier switch: NANO → SMALL  (R=0.594)
16:40:35  INFO     [RAMS] Tier switch: SMALL → NANO  (R=0.622)
16:40:35  INFO     [RAMS] Tier switch: NANO → SMALL  (R=0.589)
16:40:36  INFO     [RAMS] Tier switch: SMALL → NANO  (R=0.634)
16:40:36  INFO     [RAMS] Tier switch: NANO → SMALL  (R=0.603)
16:40:36  INFO     [RAMS] Tier switch: SMALL → NANO  (R=0.624)
16:40:36  INFO     [RAMS] Tier switch: NANO → SMALL  (R=0.591)
16:40:37  INFO     [RAMS] Tier switch: SMALL → NANO  (R=0.678)
16:40:37  INFO     [RAMS] Tier switch: NANO → SMALL  (R=0.597)
16:40:37  INFO     [RAMS] Tier switch: SMALL → NANO  (R=0.624)
16:40:38  INFO     [RAMS] Tier switch: NANO → SMALL  (R=0.600)
16:40:38  INFO     [RAMS] Tier switch: SMALL → NANO  (R=0.610)
16:40:38  INFO     [RAMS] Tier switch: NANO → SMALL  (R=0.591)
16:40:39  INFO     [RAMS] Tier switch: SMALL → NANO  (R=0.626)
16:40:39  INFO     [RAMS] Tier switch: NANO → SMALL  (R=0.596)
16:40:39  INFO     [RAMS] Tier switch: SMALL → NANO  (R=0.629)
16:40:41  INFO     [RAMS] Tier switch: NANO → SMALL  (R=0.603)
16:40:42  INFO     [RAMS] Tier switch: SMALL → NANO  (R=0.652)
16:40:42  INFO     [RAMS] Tier switch: NANO → SMALL  (R=0.596)
16:40:42  INFO     [RAMS] Tier switch: SMALL → NANO  (R=0.617)
16:40:43  INFO     [RAMS] Controller stopped.
    block=3/10 method=FIXED_MEDIUM ...
16:40:43  INFO     [RAMS] Starting resource monitor ...
16:40:43  INFO     [RAMS] Loading model tiers ...
16:40:43  INFO     [RAMS] YOLOv8-nano ready — ONNX (imgsz=320).
16:40:43  INFO     [RAMS] YOLOv8-small ready — ONNX (imgsz=416).
16:40:44  INFO     [RAMS] YOLOv8-medium ready — ONNX (imgsz=640).
16:40:44  INFO     [RAMS] Controller ready. Policy: fixed
16:40:45  INFO     [RAMS] Tier switch: SMALL → MEDIUM  (R=0.474)
16:43:23  INFO     [RAMS] Controller stopped.
    block=3/10 method=safety ...
16:43:23  INFO     [RAMS] Starting resource monitor ...
16:43:23  INFO     [RAMS] Loading model tiers ...
16:43:23  INFO     [RAMS] YOLOv8-nano ready — ONNX (imgsz=320).
16:43:24  INFO     [RAMS] YOLOv8-small ready — ONNX (imgsz=416).
16:43:25  INFO     [RAMS] YOLOv8-medium ready — ONNX (imgsz=640).
16:43:25  INFO     [RAMS] Controller ready. Policy: safety
16:43:27  INFO     [RAMS] Tier switch: SMALL → NANO  (R=0.607)
16:43:27  INFO     [RAMS] Tier switch: NANO → SMALL  (R=0.593)
16:43:30  INFO     [RAMS] Tier switch: SMALL → NANO  (R=0.622)
16:43:30  INFO     [RAMS] Tier switch: NANO → SMALL  (R=0.593)
16:43:31  INFO     [RAMS] Tier switch: SMALL → NANO  (R=0.617)
16:43:31  INFO     [RAMS] Tier switch: NANO → SMALL  (R=0.605)
16:43:32  INFO     [RAMS] Tier switch: SMALL → NANO  (R=0.624)
16:43:32  INFO     [RAMS] Tier switch: NANO → SMALL  (R=0.608)
16:43:37  INFO     [RAMS] Tier switch: SMALL → NANO  (R=0.629)
16:43:37  INFO     [RAMS] Tier switch: NANO → SMALL  (R=0.629)
16:43:39  INFO     [RAMS] Tier switch: SMALL → NANO  (R=0.622)
16:43:39  INFO     [RAMS] Tier switch: NANO → SMALL  (R=0.622)
16:43:40  INFO     [RAMS] Tier switch: SMALL → NANO  (R=0.624)
16:43:41  INFO     [RAMS] Tier switch: NANO → SMALL  (R=0.661)
16:43:42  INFO     [RAMS] Tier switch: SMALL → NANO  (R=0.712)
16:43:42  INFO     [RAMS] Tier switch: NANO → SMALL  (R=0.652)
16:43:44  INFO     [RAMS] Tier switch: SMALL → NANO  (R=0.660)
16:43:44  INFO     [RAMS] Tier switch: NANO → SMALL  (R=0.719)
16:43:45  INFO     [RAMS] Tier switch: SMALL → NANO  (R=0.661)
16:43:45  INFO     [RAMS] Tier switch: NANO → SMALL  (R=0.653)
16:43:46  INFO     [RAMS] Tier switch: SMALL → NANO  (R=0.660)
16:43:47  INFO     [RAMS] Tier switch: NANO → SMALL  (R=0.651)
16:43:48  INFO     [RAMS] Tier switch: SMALL → NANO  (R=0.664)
16:43:48  INFO     [RAMS] Tier switch: NANO → SMALL  (R=0.602)
16:43:50  INFO     [RAMS] Tier switch: SMALL → NANO  (R=0.617)
16:43:50  INFO     [RAMS] Tier switch: NANO → SMALL  (R=0.600)
16:43:50  INFO     [RAMS] Controller stopped.
    block=4/10 method=predictive ...
16:43:51  INFO     [RAMS] Starting resource monitor ...
16:43:51  INFO     [RAMS] Loading model tiers ...
16:43:51  INFO     [RAMS] YOLOv8-nano ready — ONNX (imgsz=320).
16:43:51  INFO     [RAMS] YOLOv8-small ready — ONNX (imgsz=416).
16:43:52  INFO     [RAMS] YOLOv8-medium ready — ONNX (imgsz=640).
16:43:52  INFO     [RAMS] Controller ready. Policy: predictive
16:43:54  INFO     [RAMS] Tier switch: SMALL → NANO  (R=0.667)
16:43:54  INFO     [RAMS] Tier switch: NANO → SMALL  (R=0.605)
16:43:54  INFO     [RAMS] Tier switch: SMALL → NANO  (R=0.613)
16:43:54  INFO     [RAMS] Tier switch: NANO → SMALL  (R=0.597)
16:43:55  INFO     [RAMS] Tier switch: SMALL → NANO  (R=0.621)
16:43:55  INFO     [RAMS] Tier switch: NANO → SMALL  (R=0.593)
16:43:56  INFO     [RAMS] Tier switch: SMALL → NANO  (R=0.624)
16:43:56  INFO     [RAMS] Tier switch: NANO → SMALL  (R=0.593)
16:43:56  INFO     [RAMS] Tier switch: SMALL → NANO  (R=0.652)
16:43:56  INFO     [RAMS] Tier switch: NANO → SMALL  (R=0.601)
16:43:56  INFO     [RAMS] Tier switch: SMALL → NANO  (R=0.624)
16:43:56  INFO     [RAMS] Tier switch: NANO → SMALL  (R=0.591)
16:43:57  INFO     [RAMS] Tier switch: SMALL → NANO  (R=0.629)
16:43:57  INFO     [RAMS] Tier switch: NANO → SMALL  (R=0.594)
16:43:57  INFO     [RAMS] Tier switch: SMALL → NANO  (R=0.624)
16:43:57  INFO     [RAMS] Tier switch: NANO → SMALL  (R=0.600)
16:43:57  INFO     [RAMS] Tier switch: SMALL → NANO  (R=0.619)
16:43:58  INFO     [RAMS] Tier switch: NANO → SMALL  (R=0.603)
16:43:58  INFO     [RAMS] Tier switch: SMALL → NANO  (R=0.617)
16:43:58  INFO     [RAMS] Tier switch: NANO → SMALL  (R=0.596)
16:43:59  INFO     [RAMS] Tier switch: SMALL → NANO  (R=0.629)
16:43:59  INFO     [RAMS] Tier switch: NANO → SMALL  (R=0.593)
16:43:59  INFO     [RAMS] Tier switch: SMALL → NANO  (R=0.624)
16:43:59  INFO     [RAMS] Tier switch: NANO → SMALL  (R=0.598)
16:44:00  INFO     [RAMS] Tier switch: SMALL → NANO  (R=0.612)
16:44:00  INFO     [RAMS] Tier switch: NANO → SMALL  (R=0.601)
16:44:00  INFO     [RAMS] Tier switch: SMALL → NANO  (R=0.617)
16:44:01  INFO     [RAMS] Tier switch: NANO → SMALL  (R=0.597)
16:44:01  INFO     [RAMS] Tier switch: SMALL → NANO  (R=0.620)
16:44:01  INFO     [RAMS] Tier switch: NANO → SMALL  (R=0.593)
16:44:01  INFO     [RAMS] Tier switch: SMALL → NANO  (R=0.615)
16:44:01  INFO     [RAMS] Tier switch: NANO → SMALL  (R=0.601)
16:44:02  INFO     [RAMS] Tier switch: SMALL → NANO  (R=0.617)
16:44:02  INFO     [RAMS] Tier switch: NANO → SMALL  (R=0.601)
16:44:02  INFO     [RAMS] Tier switch: SMALL → NANO  (R=0.612)
16:44:02  INFO     [RAMS] Tier switch: NANO → SMALL  (R=0.594)
16:44:03  INFO     [RAMS] Tier switch: SMALL → NANO  (R=0.621)
16:44:06  INFO     [RAMS] Controller stopped.
    block=4/10 method=FIXED_NANO ...
16:44:06  INFO     [RAMS] Starting resource monitor ...
16:44:06  INFO     [RAMS] Loading model tiers ...
16:44:06  INFO     [RAMS] YOLOv8-nano ready — ONNX (imgsz=320).
16:44:06  INFO     [RAMS] YOLOv8-small ready — ONNX (imgsz=416).
16:44:07  INFO     [RAMS] YOLOv8-medium ready — ONNX (imgsz=640).
16:44:07  INFO     [RAMS] Controller ready. Policy: fixed
16:44:08  INFO     [RAMS] Tier switch: SMALL → NANO  (R=0.478)
16:44:18  INFO     [RAMS] Controller stopped.
    block=4/10 method=FIXED_SMALL ...
16:44:18  INFO     [RAMS] Starting resource monitor ...
16:44:18  INFO     [RAMS] Loading model tiers ...
16:44:18  INFO     [RAMS] YOLOv8-nano ready — ONNX (imgsz=320).
16:44:19  INFO     [RAMS] YOLOv8-small ready — ONNX (imgsz=416).
16:44:19  INFO     [RAMS] YOLOv8-medium ready — ONNX (imgsz=640).
16:44:19  INFO     [RAMS] Controller ready. Policy: fixed
16:44:53  INFO     [RAMS] Controller stopped.
    block=4/10 method=adaptive ...
16:44:53  INFO     [RAMS] Starting resource monitor ...
16:44:53  INFO     [RAMS] Loading model tiers ...
16:44:53  INFO     [RAMS] YOLOv8-nano ready — ONNX (imgsz=320).
16:44:53  INFO     [RAMS] YOLOv8-small ready — ONNX (imgsz=416).
16:44:54  INFO     [RAMS] YOLOv8-medium ready — ONNX (imgsz=640).
16:44:54  INFO     [RAMS] Controller ready. Policy: adaptive
16:44:57  INFO     [RAMS] Tier switch: SMALL → NANO  (R=0.633)
16:44:58  INFO     [RAMS] Tier switch: NANO → SMALL  (R=0.588)
16:44:58  INFO     [RAMS] Tier switch: SMALL → NANO  (R=0.629)
16:44:58  INFO     [RAMS] Tier switch: NANO → SMALL  (R=0.594)
16:44:58  INFO     [RAMS] Tier switch: SMALL → NANO  (R=0.629)
16:44:59  INFO     [RAMS] Tier switch: NANO → SMALL  (R=0.603)
16:44:59  INFO     [RAMS] Tier switch: SMALL → NANO  (R=0.671)
16:45:00  INFO     [RAMS] Tier switch: NANO → SMALL  (R=0.600)
16:45:00  INFO     [RAMS] Tier switch: SMALL → NANO  (R=0.617)
16:45:01  INFO     [RAMS] Tier switch: NANO → SMALL  (R=0.603)
16:45:01  INFO     [RAMS] Tier switch: SMALL → NANO  (R=0.652)
16:45:03  INFO     [RAMS] Tier switch: NANO → SMALL  (R=0.600)
16:45:03  INFO     [RAMS] Tier switch: SMALL → NANO  (R=0.621)
16:45:03  INFO     [RAMS] Tier switch: NANO → SMALL  (R=0.584)
16:45:04  INFO     [RAMS] Tier switch: SMALL → NANO  (R=0.620)
16:45:07  INFO     [RAMS] Tier switch: NANO → SMALL  (R=0.597)
16:45:07  INFO     [RAMS] Tier switch: SMALL → NANO  (R=0.664)
16:45:07  INFO     [RAMS] Controller stopped.
    block=4/10 method=threshold ...
16:45:07  INFO     [RAMS] Starting resource monitor ...
16:45:07  INFO     [RAMS] Loading model tiers ...
16:45:07  INFO     [RAMS] YOLOv8-nano ready — ONNX (imgsz=320).
16:45:07  INFO     [RAMS] YOLOv8-small ready — ONNX (imgsz=416).
16:45:08  INFO     [RAMS] YOLOv8-medium ready — ONNX (imgsz=640).
16:45:08  INFO     [RAMS] Controller ready. Policy: threshold
16:45:10  INFO     [RAMS] Tier switch: SMALL → NANO  (R=0.695)
16:45:17  INFO     [RAMS] Tier switch: NANO → SMALL  (R=0.596)
16:45:17  INFO     [RAMS] Tier switch: SMALL → NANO  (R=0.612)
16:45:17  INFO     [RAMS] Tier switch: NANO → SMALL  (R=0.600)
16:45:18  INFO     [RAMS] Tier switch: SMALL → NANO  (R=0.629)
16:45:18  INFO     [RAMS] Tier switch: NANO → SMALL  (R=0.602)
16:45:19  INFO     [RAMS] Tier switch: SMALL → NANO  (R=0.609)
16:45:19  INFO     [RAMS] Tier switch: NANO → SMALL  (R=0.603)
16:45:20  INFO     [RAMS] Tier switch: SMALL → NANO  (R=0.622)
16:45:21  INFO     [RAMS] Tier switch: NANO → SMALL  (R=0.596)
16:45:21  INFO     [RAMS] Tier switch: SMALL → NANO  (R=0.624)
16:45:22  INFO     [RAMS] Controller stopped.
    block=4/10 method=FIXED_MEDIUM ...
16:45:22  INFO     [RAMS] Starting resource monitor ...
16:45:22  INFO     [RAMS] Loading model tiers ...
16:45:22  INFO     [RAMS] YOLOv8-nano ready — ONNX (imgsz=320).
16:45:22  INFO     [RAMS] YOLOv8-small ready — ONNX (imgsz=416).
16:45:23  INFO     [RAMS] YOLOv8-medium ready — ONNX (imgsz=640).
16:45:23  INFO     [RAMS] Controller ready. Policy: fixed
16:45:24  INFO     [RAMS] Tier switch: SMALL → MEDIUM  (R=0.479)
16:48:02  INFO     [RAMS] Controller stopped.
    block=4/10 method=safety ...
16:48:02  INFO     [RAMS] Starting resource monitor ...
16:48:02  INFO     [RAMS] Loading model tiers ...
16:48:02  INFO     [RAMS] YOLOv8-nano ready — ONNX (imgsz=320).
16:48:02  INFO     [RAMS] YOLOv8-small ready — ONNX (imgsz=416).
16:48:03  INFO     [RAMS] YOLOv8-medium ready — ONNX (imgsz=640).
16:48:03  INFO     [RAMS] Controller ready. Policy: safety
16:48:09  INFO     [RAMS] Tier switch: SMALL → NANO  (R=0.695)
16:48:09  INFO     [RAMS] Tier switch: NANO → SMALL  (R=0.695)
16:48:14  INFO     [RAMS] Tier switch: SMALL → NANO  (R=0.683)
16:48:14  INFO     [RAMS] Tier switch: NANO → SMALL  (R=0.610)
16:48:18  INFO     [RAMS] Tier switch: SMALL → NANO  (R=0.676)
16:48:18  INFO     [RAMS] Tier switch: NANO → SMALL  (R=0.615)
16:48:20  INFO     [RAMS] Tier switch: SMALL → NANO  (R=0.636)
16:48:20  INFO     [RAMS] Tier switch: NANO → SMALL  (R=0.669)
16:48:21  INFO     [RAMS] Tier switch: SMALL → NANO  (R=0.627)
16:48:21  INFO     [RAMS] Tier switch: NANO → SMALL  (R=0.611)
16:48:23  INFO     [RAMS] Tier switch: SMALL → NANO  (R=0.629)
16:48:23  INFO     [RAMS] Tier switch: NANO → SMALL  (R=0.629)
16:48:24  INFO     [RAMS] Tier switch: SMALL → NANO  (R=0.614)
16:48:24  INFO     [RAMS] Tier switch: NANO → SMALL  (R=0.614)
16:48:27  INFO     [RAMS] Tier switch: SMALL → NANO  (R=0.647)
16:48:28  INFO     [RAMS] Tier switch: NANO → SMALL  (R=0.664)
16:48:28  INFO     [RAMS] Tier switch: SMALL → NANO  (R=0.672)
16:48:29  INFO     [RAMS] Tier switch: NANO → SMALL  (R=0.654)
16:48:33  INFO     [RAMS] Controller stopped.
    block=4/10 method=safety2 ...
16:48:33  INFO     [RAMS] Starting resource monitor ...
16:48:33  INFO     [RAMS] Loading model tiers ...
16:48:33  INFO     [RAMS] YOLOv8-nano ready — ONNX (imgsz=320).
16:48:33  INFO     [RAMS] YOLOv8-small ready — ONNX (imgsz=416).
16:48:34  INFO     [RAMS] YOLOv8-medium ready — ONNX (imgsz=640).
16:48:34  INFO     [RAMS] Controller ready. Policy: safety2
16:48:35  INFO     [RAMS] Tier switch: SMALL → MEDIUM  (R=0.607)
16:48:37  INFO     [RAMS] Tier switch: MEDIUM → NANO  (R=0.635)
16:48:37  INFO     [RAMS] Tier switch: NANO → MEDIUM  (R=0.677)
16:48:39  INFO     [RAMS] Tier switch: MEDIUM → NANO  (R=0.626)
16:48:39  INFO     [RAMS] Tier switch: NANO → SMALL  (R=0.575)
16:48:40  INFO     [RAMS] Tier switch: SMALL → MEDIUM  (R=0.639)
16:48:42  INFO     [RAMS] Tier switch: MEDIUM → NANO  (R=0.627)
16:48:42  INFO     [RAMS] Tier switch: NANO → MEDIUM  (R=0.627)
16:48:44  INFO     [RAMS] Tier switch: MEDIUM → NANO  (R=0.629)
16:48:45  INFO     [RAMS] Tier switch: NANO → SMALL  (R=0.595)
16:48:45  INFO     [RAMS] Tier switch: SMALL → NANO  (R=0.618)
16:48:45  INFO     [RAMS] Tier switch: NANO → SMALL  (R=0.607)
16:48:46  INFO     [RAMS] Tier switch: SMALL → MEDIUM  (R=0.629)
16:48:47  INFO     [RAMS] Tier switch: MEDIUM → NANO  (R=0.696)
16:48:47  INFO     [RAMS] Tier switch: NANO → SMALL  (R=0.645)
16:48:48  INFO     [RAMS] Tier switch: SMALL → MEDIUM  (R=0.677)
16:48:50  INFO     [RAMS] Tier switch: MEDIUM → NANO  (R=0.656)
16:48:50  INFO     [RAMS] Tier switch: NANO → MEDIUM  (R=0.661)
16:48:55  INFO     [RAMS] Tier switch: MEDIUM → NANO  (R=0.623)
16:48:55  INFO     [RAMS] Tier switch: NANO → SMALL  (R=0.595)
16:48:56  INFO     [RAMS] Tier switch: SMALL → MEDIUM  (R=0.606)
16:48:57  INFO     [RAMS] Tier switch: MEDIUM → NANO  (R=0.629)
16:48:57  INFO     [RAMS] Tier switch: NANO → MEDIUM  (R=0.605)
16:48:59  INFO     [RAMS] Tier switch: MEDIUM → NANO  (R=0.623)
16:48:59  INFO     [RAMS] Tier switch: NANO → MEDIUM  (R=0.623)
16:49:02  INFO     [RAMS] Tier switch: MEDIUM → SMALL  (R=0.628)
16:49:02  INFO     [RAMS] Tier switch: SMALL → NANO  (R=0.664)
16:49:02  INFO     [RAMS] Tier switch: NANO → SMALL  (R=0.634)
16:49:04  INFO     [RAMS] Tier switch: SMALL → MEDIUM  (R=0.617)
16:49:05  INFO     [RAMS] Tier switch: MEDIUM → NANO  (R=0.624)
16:49:05  INFO     [RAMS] Tier switch: NANO → SMALL  (R=0.605)
16:49:05  INFO     [RAMS] Tier switch: SMALL → MEDIUM  (R=0.640)
16:49:06  INFO     [RAMS] Tier switch: MEDIUM → NANO  (R=0.630)
16:49:06  INFO     [RAMS] Tier switch: NANO → SMALL  (R=0.647)
16:49:07  INFO     [RAMS] Tier switch: SMALL → NANO  (R=0.608)
16:49:07  INFO     [RAMS] Tier switch: NANO → SMALL  (R=0.598)
16:49:09  INFO     [RAMS] Tier switch: SMALL → NANO  (R=0.712)
16:49:09  INFO     [RAMS] Tier switch: NANO → SMALL  (R=0.695)
16:49:10  INFO     [RAMS] Tier switch: SMALL → NANO  (R=0.689)
16:49:10  INFO     [RAMS] Tier switch: NANO → SMALL  (R=0.668)
16:49:11  INFO     [RAMS] Tier switch: SMALL → MEDIUM  (R=0.677)
16:49:11  INFO     [RAMS] Tier switch: MEDIUM → NANO  (R=0.666)
16:49:12  INFO     [RAMS] Tier switch: NANO → MEDIUM  (R=0.637)
16:49:14  INFO     [RAMS] Tier switch: MEDIUM → SMALL  (R=0.683)
16:49:14  INFO     [RAMS] Tier switch: SMALL → MEDIUM  (R=0.667)
16:49:18  INFO     [RAMS] Tier switch: MEDIUM → NANO  (R=0.620)
16:49:19  INFO     [RAMS] Tier switch: NANO → SMALL  (R=0.590)
16:49:19  INFO     [RAMS] Tier switch: SMALL → NANO  (R=0.706)
16:49:19  INFO     [RAMS] Tier switch: NANO → SMALL  (R=0.599)
16:49:20  INFO     [RAMS] Tier switch: SMALL → NANO  (R=0.617)
16:49:21  INFO     [RAMS] Tier switch: NANO → SMALL  (R=0.600)
16:49:22  INFO     [RAMS] Tier switch: SMALL → NANO  (R=0.612)
16:49:22  INFO     [RAMS] Tier switch: NANO → MEDIUM  (R=0.604)
16:49:25  INFO     [RAMS] Tier switch: MEDIUM → SMALL  (R=0.630)
16:49:25  INFO     [RAMS] Tier switch: SMALL → MEDIUM  (R=0.629)
16:49:27  INFO     [RAMS] Controller stopped.
    block=5/10 method=adaptive ...
16:49:27  INFO     [RAMS] Starting resource monitor ...
16:49:27  INFO     [RAMS] Loading model tiers ...
16:49:27  INFO     [RAMS] YOLOv8-nano ready — ONNX (imgsz=320).
16:49:27  INFO     [RAMS] YOLOv8-small ready — ONNX (imgsz=416).
16:49:28  INFO     [RAMS] YOLOv8-medium ready — ONNX (imgsz=640).
16:49:28  INFO     [RAMS] Controller ready. Policy: adaptive
16:49:30  INFO     [RAMS] Tier switch: SMALL → NANO  (R=0.617)
16:49:38  INFO     [RAMS] Tier switch: NANO → SMALL  (R=0.588)
16:49:38  INFO     [RAMS] Tier switch: SMALL → NANO  (R=0.699)
16:49:39  INFO     [RAMS] Tier switch: NANO → SMALL  (R=0.598)
16:49:39  INFO     [RAMS] Tier switch: SMALL → NANO  (R=0.636)
16:49:39  INFO     [RAMS] Tier switch: NANO → SMALL  (R=0.584)
16:49:40  INFO     [RAMS] Tier switch: SMALL → NANO  (R=0.636)
16:49:40  INFO     [RAMS] Tier switch: NANO → SMALL  (R=0.593)
16:49:40  INFO     [RAMS] Tier switch: SMALL → NANO  (R=0.624)
16:49:41  INFO     [RAMS] Tier switch: NANO → SMALL  (R=0.605)
16:49:41  INFO     [RAMS] Tier switch: SMALL → NANO  (R=0.629)
16:49:41  INFO     [RAMS] Tier switch: NANO → SMALL  (R=0.597)
16:49:41  INFO     [RAMS] Tier switch: SMALL → NANO  (R=0.617)
16:49:41  INFO     [RAMS] Controller stopped.
    block=5/10 method=FIXED_MEDIUM ...
16:49:41  INFO     [RAMS] Starting resource monitor ...
16:49:41  INFO     [RAMS] Loading model tiers ...
16:49:42  INFO     [RAMS] YOLOv8-nano ready — ONNX (imgsz=320).
16:49:42  INFO     [RAMS] YOLOv8-small ready — ONNX (imgsz=416).
16:49:43  INFO     [RAMS] YOLOv8-medium ready — ONNX (imgsz=640).
16:49:43  INFO     [RAMS] Controller ready. Policy: fixed
16:49:44  INFO     [RAMS] Tier switch: SMALL → MEDIUM  (R=0.417)
16:52:21  INFO     [RAMS] Controller stopped.
    block=5/10 method=safety2 ...
16:52:21  INFO     [RAMS] Starting resource monitor ...
16:52:21  INFO     [RAMS] Loading model tiers ...
16:52:21  INFO     [RAMS] YOLOv8-nano ready — ONNX (imgsz=320).
16:52:21  INFO     [RAMS] YOLOv8-small ready — ONNX (imgsz=416).
16:52:22  INFO     [RAMS] YOLOv8-medium ready — ONNX (imgsz=640).
16:52:22  INFO     [RAMS] Controller ready. Policy: safety2
16:52:23  INFO     [RAMS] Tier switch: SMALL → NANO  (R=0.621)
16:52:24  INFO     [RAMS] Tier switch: NANO → MEDIUM  (R=0.603)
16:52:26  INFO     [RAMS] Tier switch: MEDIUM → NANO  (R=0.636)
16:52:26  INFO     [RAMS] Tier switch: NANO → SMALL  (R=0.658)
16:52:27  INFO     [RAMS] Tier switch: SMALL → MEDIUM  (R=0.666)
16:52:29  INFO     [RAMS] Tier switch: MEDIUM → SMALL  (R=0.677)
16:52:30  INFO     [RAMS] Tier switch: SMALL → MEDIUM  (R=0.664)
16:52:30  INFO     [RAMS] Tier switch: MEDIUM → NANO  (R=0.674)
16:52:31  INFO     [RAMS] Tier switch: NANO → MEDIUM  (R=0.642)
16:52:33  INFO     [RAMS] Tier switch: MEDIUM → NANO  (R=0.701)
16:52:33  INFO     [RAMS] Tier switch: NANO → SMALL  (R=0.599)
16:52:34  INFO     [RAMS] Tier switch: SMALL → MEDIUM  (R=0.619)
16:52:36  INFO     [RAMS] Tier switch: MEDIUM → NANO  (R=0.630)
16:52:36  INFO     [RAMS] Tier switch: NANO → MEDIUM  (R=0.597)
16:52:39  INFO     [RAMS] Tier switch: MEDIUM → NANO  (R=0.629)
16:52:39  INFO     [RAMS] Tier switch: NANO → SMALL  (R=0.597)
16:52:40  INFO     [RAMS] Tier switch: SMALL → MEDIUM  (R=0.618)
16:52:42  INFO     [RAMS] Tier switch: MEDIUM → SMALL  (R=0.634)
16:52:43  INFO     [RAMS] Tier switch: SMALL → MEDIUM  (R=0.616)
16:52:45  INFO     [RAMS] Tier switch: MEDIUM → NANO  (R=0.618)
16:52:45  INFO     [RAMS] Tier switch: NANO → SMALL  (R=0.617)
16:52:46  INFO     [RAMS] Tier switch: SMALL → NANO  (R=0.620)
16:52:46  INFO     [RAMS] Tier switch: NANO → MEDIUM  (R=0.565)
16:52:48  INFO     [RAMS] Tier switch: MEDIUM → NANO  (R=0.676)
16:52:49  INFO     [RAMS] Tier switch: NANO → SMALL  (R=0.690)
16:52:49  INFO     [RAMS] Tier switch: SMALL → MEDIUM  (R=0.682)
16:52:52  INFO     [RAMS] Tier switch: MEDIUM → NANO  (R=0.653)
16:52:52  INFO     [RAMS] Tier switch: NANO → MEDIUM  (R=0.707)
16:52:55  INFO     [RAMS] Tier switch: MEDIUM → SMALL  (R=0.691)
16:52:56  INFO     [RAMS] Tier switch: SMALL → NANO  (R=0.613)
16:52:56  INFO     [RAMS] Tier switch: NANO → SMALL  (R=0.631)
16:52:57  INFO     [RAMS] Tier switch: SMALL → MEDIUM  (R=0.617)
16:53:02  INFO     [RAMS] Tier switch: MEDIUM → NANO  (R=0.635)
16:53:02  INFO     [RAMS] Tier switch: NANO → MEDIUM  (R=0.609)
16:53:04  INFO     [RAMS] Tier switch: MEDIUM → SMALL  (R=0.629)
16:53:05  INFO     [RAMS] Tier switch: SMALL → NANO  (R=0.633)
16:53:05  INFO     [RAMS] Tier switch: NANO → SMALL  (R=0.633)
16:53:08  INFO     [RAMS] Tier switch: SMALL → NANO  (R=0.634)
16:53:08  INFO     [RAMS] Tier switch: NANO → SMALL  (R=0.593)
16:53:08  INFO     [RAMS] Tier switch: SMALL → NANO  (R=0.671)
16:53:09  INFO     [RAMS] Tier switch: NANO → SMALL  (R=0.600)
16:53:09  INFO     [RAMS] Tier switch: SMALL → MEDIUM  (R=0.614)
16:53:10  INFO     [RAMS] Tier switch: MEDIUM → NANO  (R=0.712)
16:53:10  INFO     [RAMS] Tier switch: NANO → MEDIUM  (R=0.649)
16:53:13  INFO     [RAMS] Tier switch: MEDIUM → NANO  (R=0.689)
16:53:13  INFO     [RAMS] Tier switch: NANO → SMALL  (R=0.643)
16:53:14  INFO     [RAMS] Tier switch: SMALL → NANO  (R=0.663)
16:53:14  INFO     [RAMS] Tier switch: NANO → MEDIUM  (R=0.671)
16:53:16  INFO     [RAMS] Controller stopped.
    block=5/10 method=FIXED_NANO ...
16:53:16  INFO     [RAMS] Starting resource monitor ...
16:53:16  INFO     [RAMS] Loading model tiers ...
16:53:16  INFO     [RAMS] YOLOv8-nano ready — ONNX (imgsz=320).
16:53:17  INFO     [RAMS] YOLOv8-small ready — ONNX (imgsz=416).
16:53:18  INFO     [RAMS] YOLOv8-medium ready — ONNX (imgsz=640).
16:53:18  INFO     [RAMS] Controller ready. Policy: fixed
16:53:19  INFO     [RAMS] Tier switch: SMALL → NANO  (R=0.417)
16:53:28  INFO     [RAMS] Controller stopped.
    block=5/10 method=FIXED_SMALL ...
16:53:28  INFO     [RAMS] Starting resource monitor ...
16:53:28  INFO     [RAMS] Loading model tiers ...
16:53:29  INFO     [RAMS] YOLOv8-nano ready — ONNX (imgsz=320).
16:53:29  INFO     [RAMS] YOLOv8-small ready — ONNX (imgsz=416).
16:53:30  INFO     [RAMS] YOLOv8-medium ready — ONNX (imgsz=640).
16:53:30  INFO     [RAMS] Controller ready. Policy: fixed
16:54:03  INFO     [RAMS] Controller stopped.
    block=5/10 method=safety ...
16:54:03  INFO     [RAMS] Starting resource monitor ...
16:54:03  INFO     [RAMS] Loading model tiers ...
16:54:03  INFO     [RAMS] YOLOv8-nano ready — ONNX (imgsz=320).
16:54:03  INFO     [RAMS] YOLOv8-small ready — ONNX (imgsz=416).
16:54:04  INFO     [RAMS] YOLOv8-medium ready — ONNX (imgsz=640).
16:54:04  INFO     [RAMS] Controller ready. Policy: safety
16:54:06  INFO     [RAMS] Tier switch: SMALL → NANO  (R=0.606)
16:54:06  INFO     [RAMS] Tier switch: NANO → SMALL  (R=0.617)
16:54:07  INFO     [RAMS] Tier switch: SMALL → NANO  (R=0.620)
16:54:07  INFO     [RAMS] Tier switch: NANO → SMALL  (R=0.601)
16:54:09  INFO     [RAMS] Tier switch: SMALL → NANO  (R=0.624)
16:54:09  INFO     [RAMS] Tier switch: NANO → SMALL  (R=0.624)
16:54:11  INFO     [RAMS] Tier switch: SMALL → NANO  (R=0.623)
16:54:11  INFO     [RAMS] Tier switch: NANO → SMALL  (R=0.654)
16:54:12  INFO     [RAMS] Tier switch: SMALL → NANO  (R=0.612)
16:54:13  INFO     [RAMS] Tier switch: NANO → SMALL  (R=0.608)
16:54:15  INFO     [RAMS] Tier switch: SMALL → NANO  (R=0.617)
16:54:15  INFO     [RAMS] Tier switch: NANO → SMALL  (R=0.600)
16:54:15  INFO     [RAMS] Tier switch: SMALL → NANO  (R=0.612)
16:54:15  INFO     [RAMS] Tier switch: NANO → SMALL  (R=0.607)
16:54:16  INFO     [RAMS] Tier switch: SMALL → NANO  (R=0.675)
16:54:17  INFO     [RAMS] Tier switch: NANO → SMALL  (R=0.654)
16:54:21  INFO     [RAMS] Tier switch: SMALL → NANO  (R=0.671)
16:54:21  INFO     [RAMS] Tier switch: NANO → SMALL  (R=0.659)
16:54:24  INFO     [RAMS] Tier switch: SMALL → NANO  (R=0.654)
16:54:24  INFO     [RAMS] Tier switch: NANO → SMALL  (R=0.610)
16:54:26  INFO     [RAMS] Tier switch: SMALL → NANO  (R=0.622)
16:54:27  INFO     [RAMS] Tier switch: NANO → SMALL  (R=0.619)
16:54:28  INFO     [RAMS] Tier switch: SMALL → NANO  (R=0.620)
16:54:28  INFO     [RAMS] Tier switch: NANO → SMALL  (R=0.683)
16:54:31  INFO     [RAMS] Controller stopped.
    block=5/10 method=threshold ...
16:54:31  INFO     [RAMS] Starting resource monitor ...
16:54:31  INFO     [RAMS] Loading model tiers ...
16:54:31  INFO     [RAMS] YOLOv8-nano ready — ONNX (imgsz=320).
16:54:32  INFO     [RAMS] YOLOv8-small ready — ONNX (imgsz=416).
16:54:32  INFO     [RAMS] YOLOv8-medium ready — ONNX (imgsz=640).
16:54:32  INFO     [RAMS] Controller ready. Policy: threshold
16:54:34  INFO     [RAMS] Tier switch: SMALL → NANO  (R=0.630)
16:54:34  INFO     [RAMS] Tier switch: NANO → SMALL  (R=0.597)
16:54:35  INFO     [RAMS] Tier switch: SMALL → NANO  (R=0.617)
16:54:35  INFO     [RAMS] Tier switch: NANO → SMALL  (R=0.603)
16:54:35  INFO     [RAMS] Tier switch: SMALL → NANO  (R=0.640)
16:54:36  INFO     [RAMS] Tier switch: NANO → SMALL  (R=0.605)
16:54:36  INFO     [RAMS] Tier switch: SMALL → NANO  (R=0.617)
16:54:37  INFO     [RAMS] Tier switch: NANO → SMALL  (R=0.600)
16:54:37  INFO     [RAMS] Tier switch: SMALL → NANO  (R=0.617)
16:54:44  INFO     [RAMS] Tier switch: NANO → SMALL  (R=0.598)
16:54:45  INFO     [RAMS] Tier switch: SMALL → NANO  (R=0.608)
16:54:45  INFO     [RAMS] Tier switch: NANO → SMALL  (R=0.593)
16:54:45  INFO     [RAMS] Tier switch: SMALL → NANO  (R=0.624)
16:54:46  INFO     [RAMS] Tier switch: NANO → SMALL  (R=0.587)
16:54:46  INFO     [RAMS] Tier switch: SMALL → NANO  (R=0.612)
16:54:47  INFO     [RAMS] Controller stopped.
    block=5/10 method=predictive ...
16:54:47  INFO     [RAMS] Starting resource monitor ...
16:54:47  INFO     [RAMS] Loading model tiers ...
16:54:47  INFO     [RAMS] YOLOv8-nano ready — ONNX (imgsz=320).
16:54:47  INFO     [RAMS] YOLOv8-small ready — ONNX (imgsz=416).
16:54:48  INFO     [RAMS] YOLOv8-medium ready — ONNX (imgsz=640).
16:54:48  INFO     [RAMS] Controller ready. Policy: predictive
16:54:50  INFO     [RAMS] Tier switch: SMALL → NANO  (R=0.629)
16:54:51  INFO     [RAMS] Tier switch: NANO → SMALL  (R=0.605)
16:54:51  INFO     [RAMS] Tier switch: SMALL → NANO  (R=0.624)
16:54:52  INFO     [RAMS] Tier switch: NANO → SMALL  (R=0.598)
16:54:52  INFO     [RAMS] Tier switch: SMALL → NANO  (R=0.624)
16:54:53  INFO     [RAMS] Tier switch: NANO → SMALL  (R=0.601)
16:54:53  INFO     [RAMS] Tier switch: SMALL → NANO  (R=0.612)
16:54:54  INFO     [RAMS] Tier switch: NANO → SMALL  (R=0.598)
16:54:54  INFO     [RAMS] Tier switch: SMALL → NANO  (R=0.617)
16:54:54  INFO     [RAMS] Tier switch: NANO → SMALL  (R=0.598)
16:54:54  INFO     [RAMS] Tier switch: SMALL → NANO  (R=0.610)
16:54:55  INFO     [RAMS] Tier switch: NANO → SMALL  (R=0.596)
16:54:55  INFO     [RAMS] Tier switch: SMALL → NANO  (R=0.619)
16:54:55  INFO     [RAMS] Tier switch: NANO → SMALL  (R=0.603)
16:54:55  INFO     [RAMS] Tier switch: SMALL → NANO  (R=0.641)
16:54:56  INFO     [RAMS] Tier switch: NANO → SMALL  (R=0.603)
16:54:56  INFO     [RAMS] Tier switch: SMALL → NANO  (R=0.612)
16:54:57  INFO     [RAMS] Tier switch: NANO → SMALL  (R=0.600)
16:54:57  INFO     [RAMS] Tier switch: SMALL → NANO  (R=0.629)
16:54:58  INFO     [RAMS] Tier switch: NANO → SMALL  (R=0.600)
16:54:58  INFO     [RAMS] Tier switch: SMALL → NANO  (R=0.619)
16:54:58  INFO     [RAMS] Tier switch: NANO → SMALL  (R=0.600)
16:54:58  INFO     [RAMS] Tier switch: SMALL → NANO  (R=0.626)
16:54:59  INFO     [RAMS] Tier switch: NANO → SMALL  (R=0.603)
16:54:59  INFO     [RAMS] Tier switch: SMALL → NANO  (R=0.646)
16:55:01  INFO     [RAMS] Controller stopped.
    block=6/10 method=adaptive ...
16:55:01  INFO     [RAMS] Starting resource monitor ...
16:55:01  INFO     [RAMS] Loading model tiers ...
16:55:02  INFO     [RAMS] YOLOv8-nano ready — ONNX (imgsz=320).
16:55:02  INFO     [RAMS] YOLOv8-small ready — ONNX (imgsz=416).
16:55:03  INFO     [RAMS] YOLOv8-medium ready — ONNX (imgsz=640).
16:55:03  INFO     [RAMS] Controller ready. Policy: adaptive
16:55:05  INFO     [RAMS] Tier switch: SMALL → NANO  (R=0.659)
16:55:06  INFO     [RAMS] Tier switch: NANO → SMALL  (R=0.598)
16:55:06  INFO     [RAMS] Tier switch: SMALL → NANO  (R=0.684)
16:55:07  INFO     [RAMS] Tier switch: NANO → SMALL  (R=0.598)
16:55:07  INFO     [RAMS] Tier switch: SMALL → NANO  (R=0.617)
16:55:09  INFO     [RAMS] Tier switch: NANO → SMALL  (R=0.587)
16:55:09  INFO     [RAMS] Tier switch: SMALL → NANO  (R=0.684)
16:55:10  INFO     [RAMS] Tier switch: NANO → SMALL  (R=0.596)
16:55:10  INFO     [RAMS] Tier switch: SMALL → NANO  (R=0.627)
16:55:12  INFO     [RAMS] Tier switch: NANO → SMALL  (R=0.594)
16:55:12  INFO     [RAMS] Tier switch: SMALL → NANO  (R=0.617)
16:55:13  INFO     [RAMS] Tier switch: NANO → SMALL  (R=0.603)
16:55:13  INFO     [RAMS] Tier switch: SMALL → NANO  (R=0.629)
16:55:15  INFO     [RAMS] Tier switch: NANO → SMALL  (R=0.600)
16:55:15  INFO     [RAMS] Controller stopped.
    block=6/10 method=safety ...
16:55:15  INFO     [RAMS] Starting resource monitor ...
16:55:15  INFO     [RAMS] Loading model tiers ...
16:55:15  INFO     [RAMS] YOLOv8-nano ready — ONNX (imgsz=320).
16:55:16  INFO     [RAMS] YOLOv8-small ready — ONNX (imgsz=416).
16:55:16  INFO     [RAMS] YOLOv8-medium ready — ONNX (imgsz=640).
16:55:16  INFO     [RAMS] Controller ready. Policy: safety
16:55:20  INFO     [RAMS] Tier switch: SMALL → NANO  (R=0.617)
16:55:20  INFO     [RAMS] Tier switch: NANO → SMALL  (R=0.605)
16:55:22  INFO     [RAMS] Tier switch: SMALL → NANO  (R=0.666)
16:55:23  INFO     [RAMS] Tier switch: NANO → SMALL  (R=0.641)
16:55:24  INFO     [RAMS] Tier switch: SMALL → NANO  (R=0.672)
16:55:24  INFO     [RAMS] Tier switch: NANO → SMALL  (R=0.666)
16:55:26  INFO     [RAMS] Tier switch: SMALL → NANO  (R=0.719)
16:55:26  INFO     [RAMS] Tier switch: NANO → SMALL  (R=0.683)
16:55:26  INFO     [RAMS] Tier switch: SMALL → NANO  (R=0.667)
16:55:26  INFO     [RAMS] Tier switch: NANO → SMALL  (R=0.648)
16:55:28  INFO     [RAMS] Tier switch: SMALL → NANO  (R=0.610)
16:55:28  INFO     [RAMS] Tier switch: NANO → SMALL  (R=0.603)
16:55:29  INFO     [RAMS] Tier switch: SMALL → NANO  (R=0.617)
16:55:29  INFO     [RAMS] Tier switch: NANO → SMALL  (R=0.605)
16:55:30  INFO     [RAMS] Tier switch: SMALL → NANO  (R=0.619)
16:55:30  INFO     [RAMS] Tier switch: NANO → SMALL  (R=0.612)
16:55:34  INFO     [RAMS] Tier switch: SMALL → NANO  (R=0.629)
16:55:34  INFO     [RAMS] Tier switch: NANO → SMALL  (R=0.629)
16:55:35  INFO     [RAMS] Tier switch: SMALL → NANO  (R=0.606)
16:55:36  INFO     [RAMS] Tier switch: NANO → SMALL  (R=0.598)
16:55:39  INFO     [RAMS] Tier switch: SMALL → NANO  (R=0.627)
16:55:39  INFO     [RAMS] Tier switch: NANO → SMALL  (R=0.585)
16:55:42  INFO     [RAMS] Controller stopped.
    block=6/10 method=FIXED_NANO ...
16:55:42  INFO     [RAMS] Starting resource monitor ...
16:55:42  INFO     [RAMS] Loading model tiers ...
16:55:42  INFO     [RAMS] YOLOv8-nano ready — ONNX (imgsz=320).
16:55:42  INFO     [RAMS] YOLOv8-small ready — ONNX (imgsz=416).
16:55:43  INFO     [RAMS] YOLOv8-medium ready — ONNX (imgsz=640).
16:55:43  INFO     [RAMS] Controller ready. Policy: fixed
16:55:44  INFO     [RAMS] Tier switch: SMALL → NANO  (R=0.481)
16:55:55  INFO     [RAMS] Controller stopped.
    block=6/10 method=FIXED_SMALL ...
16:55:55  INFO     [RAMS] Starting resource monitor ...
16:55:55  INFO     [RAMS] Loading model tiers ...
16:55:55  INFO     [RAMS] YOLOv8-nano ready — ONNX (imgsz=320).
16:55:55  INFO     [RAMS] YOLOv8-small ready — ONNX (imgsz=416).
16:55:56  INFO     [RAMS] YOLOv8-medium ready — ONNX (imgsz=640).
16:55:56  INFO     [RAMS] Controller ready. Policy: fixed
16:56:28  INFO     [RAMS] Controller stopped.
    block=6/10 method=safety2 ...
16:56:28  INFO     [RAMS] Starting resource monitor ...
16:56:28  INFO     [RAMS] Loading model tiers ...
16:56:28  INFO     [RAMS] YOLOv8-nano ready — ONNX (imgsz=320).
16:56:28  INFO     [RAMS] YOLOv8-small ready — ONNX (imgsz=416).
16:56:29  INFO     [RAMS] YOLOv8-medium ready — ONNX (imgsz=640).
16:56:29  INFO     [RAMS] Controller ready. Policy: safety2
16:56:31  INFO     [RAMS] Tier switch: SMALL → MEDIUM  (R=0.671)
16:56:34  INFO     [RAMS] Tier switch: MEDIUM → SMALL  (R=0.641)
16:56:35  INFO     [RAMS] Tier switch: SMALL → MEDIUM  (R=0.616)
16:56:36  INFO     [RAMS] Tier switch: MEDIUM → NANO  (R=0.629)
16:56:36  INFO     [RAMS] Tier switch: NANO → SMALL  (R=0.593)
16:56:36  INFO     [RAMS] Tier switch: SMALL → NANO  (R=0.618)
16:56:37  INFO     [RAMS] Tier switch: NANO → SMALL  (R=0.600)
16:56:37  INFO     [RAMS] Tier switch: SMALL → MEDIUM  (R=0.629)
16:56:38  INFO     [RAMS] Tier switch: MEDIUM → NANO  (R=0.626)
16:56:38  INFO     [RAMS] Tier switch: NANO → SMALL  (R=0.595)
16:56:38  INFO     [RAMS] Tier switch: SMALL → MEDIUM  (R=0.618)
16:56:39  INFO     [RAMS] Tier switch: MEDIUM → SMALL  (R=0.629)
16:56:41  INFO     [RAMS] Tier switch: SMALL → NANO  (R=0.612)
16:56:41  INFO     [RAMS] Tier switch: NANO → SMALL  (R=0.609)
16:56:45  INFO     [RAMS] Tier switch: SMALL → MEDIUM  (R=0.626)
16:56:47  INFO     [RAMS] Tier switch: MEDIUM → NANO  (R=0.621)
16:56:48  INFO     [RAMS] Tier switch: NANO → SMALL  (R=0.603)
16:56:48  INFO     [RAMS] Tier switch: SMALL → NANO  (R=0.636)
16:56:48  INFO     [RAMS] Tier switch: NANO → MEDIUM  (R=0.647)
16:56:51  INFO     [RAMS] Tier switch: MEDIUM → SMALL  (R=0.708)
16:56:51  INFO     [RAMS] Tier switch: SMALL → NANO  (R=0.665)
16:56:52  INFO     [RAMS] Tier switch: NANO → MEDIUM  (R=0.651)
16:56:55  INFO     [RAMS] Tier switch: MEDIUM → SMALL  (R=0.677)
16:56:56  INFO     [RAMS] Tier switch: SMALL → MEDIUM  (R=0.609)
16:56:58  INFO     [RAMS] Tier switch: MEDIUM → NANO  (R=0.640)
16:56:58  INFO     [RAMS] Tier switch: NANO → MEDIUM  (R=0.625)
16:57:00  INFO     [RAMS] Tier switch: MEDIUM → NANO  (R=0.634)
16:57:00  INFO     [RAMS] Tier switch: NANO → SMALL  (R=0.621)
16:57:01  INFO     [RAMS] Tier switch: SMALL → MEDIUM  (R=0.619)
16:57:03  INFO     [RAMS] Tier switch: MEDIUM → SMALL  (R=0.630)
16:57:05  INFO     [RAMS] Tier switch: SMALL → NANO  (R=0.629)
16:57:05  INFO     [RAMS] Tier switch: NANO → SMALL  (R=0.600)
16:57:06  INFO     [RAMS] Tier switch: SMALL → MEDIUM  (R=0.649)
16:57:08  INFO     [RAMS] Tier switch: MEDIUM → NANO  (R=0.625)
16:57:08  INFO     [RAMS] Tier switch: NANO → MEDIUM  (R=0.606)
16:57:10  INFO     [RAMS] Tier switch: MEDIUM → NANO  (R=0.667)
16:57:10  INFO     [RAMS] Tier switch: NANO → SMALL  (R=0.667)
16:57:11  INFO     [RAMS] Tier switch: SMALL → NANO  (R=0.678)
16:57:12  INFO     [RAMS] Tier switch: NANO → SMALL  (R=0.702)
16:57:12  INFO     [RAMS] Tier switch: SMALL → MEDIUM  (R=0.672)
16:57:13  INFO     [RAMS] Tier switch: MEDIUM → NANO  (R=0.677)
16:57:13  INFO     [RAMS] Tier switch: NANO → MEDIUM  (R=0.677)
16:57:15  INFO     [RAMS] Tier switch: MEDIUM → NANO  (R=0.672)
16:57:15  INFO     [RAMS] Tier switch: NANO → SMALL  (R=0.707)
16:57:16  INFO     [RAMS] Tier switch: SMALL → MEDIUM  (R=0.649)
16:57:17  INFO     [RAMS] Controller stopped.
    block=6/10 method=threshold ...
16:57:17  INFO     [RAMS] Starting resource monitor ...
16:57:17  INFO     [RAMS] Loading model tiers ...
16:57:18  INFO     [RAMS] YOLOv8-nano ready — ONNX (imgsz=320).
16:57:18  INFO     [RAMS] YOLOv8-small ready — ONNX (imgsz=416).
16:57:19  INFO     [RAMS] YOLOv8-medium ready — ONNX (imgsz=640).
16:57:19  INFO     [RAMS] Controller ready. Policy: threshold
16:57:20  INFO     [RAMS] Tier switch: SMALL → NANO  (R=0.624)
16:57:20  INFO     [RAMS] Tier switch: NANO → SMALL  (R=0.598)
16:57:21  INFO     [RAMS] Tier switch: SMALL → NANO  (R=0.629)
16:57:22  INFO     [RAMS] Tier switch: NANO → SMALL  (R=0.605)
16:57:22  INFO     [RAMS] Tier switch: SMALL → NANO  (R=0.617)
16:57:23  INFO     [RAMS] Tier switch: NANO → SMALL  (R=0.594)
16:57:23  INFO     [RAMS] Tier switch: SMALL → NANO  (R=0.608)
16:57:24  INFO     [RAMS] Tier switch: NANO → SMALL  (R=0.605)
16:57:24  INFO     [RAMS] Tier switch: SMALL → NANO  (R=0.617)
16:57:25  INFO     [RAMS] Tier switch: NANO → SMALL  (R=0.600)
16:57:26  INFO     [RAMS] Tier switch: SMALL → NANO  (R=0.659)
16:57:26  INFO     [RAMS] Tier switch: NANO → SMALL  (R=0.600)
16:57:26  INFO     [RAMS] Tier switch: SMALL → NANO  (R=0.617)
16:57:28  INFO     [RAMS] Tier switch: NANO → SMALL  (R=0.596)
16:57:29  INFO     [RAMS] Tier switch: SMALL → NANO  (R=0.654)
16:57:29  INFO     [RAMS] Tier switch: NANO → SMALL  (R=0.594)
16:57:30  INFO     [RAMS] Tier switch: SMALL → NANO  (R=0.647)
16:57:30  INFO     [RAMS] Tier switch: NANO → SMALL  (R=0.581)
16:57:30  INFO     [RAMS] Tier switch: SMALL → NANO  (R=0.612)
16:57:30  INFO     [RAMS] Tier switch: NANO → SMALL  (R=0.605)
16:57:31  INFO     [RAMS] Tier switch: SMALL → NANO  (R=0.629)
16:57:31  INFO     [RAMS] Tier switch: NANO → SMALL  (R=0.596)
16:57:32  INFO     [RAMS] Tier switch: SMALL → NANO  (R=0.627)
16:57:34  INFO     [RAMS] Controller stopped.
    block=6/10 method=FIXED_MEDIUM ...
16:57:34  INFO     [RAMS] Starting resource monitor ...
16:57:34  INFO     [RAMS] Loading model tiers ...
16:57:35  INFO     [RAMS] YOLOv8-nano ready — ONNX (imgsz=320).
16:57:35  INFO     [RAMS] YOLOv8-small ready — ONNX (imgsz=416).
16:57:36  INFO     [RAMS] YOLOv8-medium ready — ONNX (imgsz=640).
16:57:36  INFO     [RAMS] Controller ready. Policy: fixed
16:57:37  INFO     [RAMS] Tier switch: SMALL → MEDIUM  (R=0.546)
17:00:13  INFO     [RAMS] Controller stopped.
    block=6/10 method=predictive ...
17:00:13  INFO     [RAMS] Starting resource monitor ...
17:00:13  INFO     [RAMS] Loading model tiers ...
17:00:13  INFO     [RAMS] YOLOv8-nano ready — ONNX (imgsz=320).
17:00:13  INFO     [RAMS] YOLOv8-small ready — ONNX (imgsz=416).
17:00:14  INFO     [RAMS] YOLOv8-medium ready — ONNX (imgsz=640).
17:00:14  INFO     [RAMS] Controller ready. Policy: predictive
17:00:16  INFO     [RAMS] Tier switch: SMALL → NANO  (R=0.619)
17:00:16  INFO     [RAMS] Tier switch: NANO → SMALL  (R=0.596)
17:00:16  INFO     [RAMS] Tier switch: SMALL → NANO  (R=0.629)
17:00:17  INFO     [RAMS] Tier switch: NANO → SMALL  (R=0.594)
17:00:17  INFO     [RAMS] Tier switch: SMALL → NANO  (R=0.612)
17:00:17  INFO     [RAMS] Tier switch: NANO → SMALL  (R=0.603)
17:00:17  INFO     [RAMS] Tier switch: SMALL → NANO  (R=0.612)
17:00:17  INFO     [RAMS] Tier switch: NANO → SMALL  (R=0.600)
17:00:17  INFO     [RAMS] Tier switch: SMALL → NANO  (R=0.619)
17:00:18  INFO     [RAMS] Tier switch: NANO → SMALL  (R=0.603)
17:00:18  INFO     [RAMS] Tier switch: SMALL → NANO  (R=0.629)
17:00:19  INFO     [RAMS] Tier switch: NANO → SMALL  (R=0.601)
17:00:19  INFO     [RAMS] Tier switch: SMALL → NANO  (R=0.610)
17:00:19  INFO     [RAMS] Tier switch: NANO → SMALL  (R=0.600)
17:00:20  INFO     [RAMS] Tier switch: SMALL → NANO  (R=0.631)
17:00:20  INFO     [RAMS] Tier switch: NANO → SMALL  (R=0.596)
17:00:20  INFO     [RAMS] Tier switch: SMALL → NANO  (R=0.613)
17:00:20  INFO     [RAMS] Tier switch: NANO → SMALL  (R=0.597)
17:00:21  INFO     [RAMS] Tier switch: SMALL → NANO  (R=0.681)
17:00:21  INFO     [RAMS] Tier switch: NANO → SMALL  (R=0.600)
17:00:21  INFO     [RAMS] Tier switch: SMALL → NANO  (R=0.634)
17:00:21  INFO     [RAMS] Tier switch: NANO → SMALL  (R=0.593)
17:00:22  INFO     [RAMS] Tier switch: SMALL → NANO  (R=0.620)
17:00:22  INFO     [RAMS] Tier switch: NANO → SMALL  (R=0.596)
17:00:22  INFO     [RAMS] Tier switch: SMALL → NANO  (R=0.621)
17:00:22  INFO     [RAMS] Tier switch: NANO → SMALL  (R=0.600)
17:00:23  INFO     [RAMS] Tier switch: SMALL → NANO  (R=0.689)
17:00:23  INFO     [RAMS] Tier switch: NANO → SMALL  (R=0.588)
17:00:23  INFO     [RAMS] Tier switch: SMALL → NANO  (R=0.614)
17:00:24  INFO     [RAMS] Tier switch: NANO → SMALL  (R=0.593)
17:00:24  INFO     [RAMS] Tier switch: SMALL → NANO  (R=0.624)
17:00:25  INFO     [RAMS] Tier switch: NANO → SMALL  (R=0.598)
17:00:25  INFO     [RAMS] Tier switch: SMALL → NANO  (R=0.682)
17:00:25  INFO     [RAMS] Tier switch: NANO → SMALL  (R=0.600)
17:00:25  INFO     [RAMS] Tier switch: SMALL → NANO  (R=0.629)
17:00:25  INFO     [RAMS] Tier switch: NANO → SMALL  (R=0.589)
17:00:26  INFO     [RAMS] Tier switch: SMALL → NANO  (R=0.624)
17:00:26  INFO     [RAMS] Tier switch: NANO → SMALL  (R=0.598)
17:00:26  INFO     [RAMS] Tier switch: SMALL → NANO  (R=0.624)
17:00:26  INFO     [RAMS] Tier switch: NANO → SMALL  (R=0.598)
17:00:27  INFO     [RAMS] Tier switch: SMALL → NANO  (R=0.726)
17:00:28  INFO     [RAMS] Controller stopped.
    block=7/10 method=adaptive ...
17:00:28  INFO     [RAMS] Starting resource monitor ...
17:00:28  INFO     [RAMS] Loading model tiers ...
17:00:29  INFO     [RAMS] YOLOv8-nano ready — ONNX (imgsz=320).
17:00:29  INFO     [RAMS] YOLOv8-small ready — ONNX (imgsz=416).
17:00:30  INFO     [RAMS] YOLOv8-medium ready — ONNX (imgsz=640).
17:00:30  INFO     [RAMS] Controller ready. Policy: adaptive
17:00:32  INFO     [RAMS] Tier switch: SMALL → NANO  (R=0.678)
17:00:35  INFO     [RAMS] Tier switch: NANO → SMALL  (R=0.597)
17:00:36  INFO     [RAMS] Tier switch: SMALL → NANO  (R=0.625)
17:00:36  INFO     [RAMS] Tier switch: NANO → SMALL  (R=0.599)
17:00:37  INFO     [RAMS] Tier switch: SMALL → NANO  (R=0.625)
17:00:38  INFO     [RAMS] Tier switch: NANO → SMALL  (R=0.598)
17:00:38  INFO     [RAMS] Tier switch: SMALL → NANO  (R=0.627)
17:00:39  INFO     [RAMS] Tier switch: NANO → SMALL  (R=0.597)
17:00:40  INFO     [RAMS] Tier switch: SMALL → NANO  (R=0.679)
17:00:40  INFO     [RAMS] Tier switch: NANO → SMALL  (R=0.595)
17:00:41  INFO     [RAMS] Tier switch: SMALL → NANO  (R=0.621)
17:00:41  INFO     [RAMS] Tier switch: NANO → SMALL  (R=0.601)
17:00:42  INFO     [RAMS] Tier switch: SMALL → NANO  (R=0.631)
17:00:43  INFO     [RAMS] Controller stopped.
    block=7/10 method=FIXED_SMALL ...
17:00:43  INFO     [RAMS] Starting resource monitor ...
17:00:43  INFO     [RAMS] Loading model tiers ...
17:00:43  INFO     [RAMS] YOLOv8-nano ready — ONNX (imgsz=320).
17:00:43  INFO     [RAMS] YOLOv8-small ready — ONNX (imgsz=416).
17:00:44  INFO     [RAMS] YOLOv8-medium ready — ONNX (imgsz=640).
17:00:44  INFO     [RAMS] Controller ready. Policy: fixed
17:01:17  INFO     [RAMS] Controller stopped.
    block=7/10 method=FIXED_NANO ...
17:01:17  INFO     [RAMS] Starting resource monitor ...
17:01:17  INFO     [RAMS] Loading model tiers ...
17:01:17  INFO     [RAMS] YOLOv8-nano ready — ONNX (imgsz=320).
17:01:17  INFO     [RAMS] YOLOv8-small ready — ONNX (imgsz=416).
17:01:18  INFO     [RAMS] YOLOv8-medium ready — ONNX (imgsz=640).
17:01:18  INFO     [RAMS] Controller ready. Policy: fixed
17:01:19  INFO     [RAMS] Tier switch: SMALL → NANO  (R=0.412)
17:01:29  INFO     [RAMS] Controller stopped.
    block=7/10 method=FIXED_MEDIUM ...
17:01:29  INFO     [RAMS] Starting resource monitor ...
17:01:29  INFO     [RAMS] Loading model tiers ...
17:01:29  INFO     [RAMS] YOLOv8-nano ready — ONNX (imgsz=320).
17:01:30  INFO     [RAMS] YOLOv8-small ready — ONNX (imgsz=416).
17:01:30  INFO     [RAMS] YOLOv8-medium ready — ONNX (imgsz=640).
17:01:30  INFO     [RAMS] Controller ready. Policy: fixed
17:01:31  INFO     [RAMS] Tier switch: SMALL → MEDIUM  (R=0.417)
17:04:09  INFO     [RAMS] Controller stopped.
    block=7/10 method=safety ...
17:04:10  INFO     [RAMS] Starting resource monitor ...
17:04:10  INFO     [RAMS] Loading model tiers ...
17:04:10  INFO     [RAMS] YOLOv8-nano ready — ONNX (imgsz=320).
17:04:10  INFO     [RAMS] YOLOv8-small ready — ONNX (imgsz=416).
17:04:11  INFO     [RAMS] YOLOv8-medium ready — ONNX (imgsz=640).
17:04:11  INFO     [RAMS] Controller ready. Policy: safety
17:04:12  INFO     [RAMS] Tier switch: SMALL → NANO  (R=0.678)
17:04:13  INFO     [RAMS] Tier switch: NANO → SMALL  (R=0.667)
17:04:14  INFO     [RAMS] Tier switch: SMALL → NANO  (R=0.624)
17:04:14  INFO     [RAMS] Tier switch: NANO → SMALL  (R=0.605)
17:04:16  INFO     [RAMS] Tier switch: SMALL → NANO  (R=0.641)
17:04:16  INFO     [RAMS] Tier switch: NANO → SMALL  (R=0.600)
17:04:17  INFO     [RAMS] Tier switch: SMALL → NANO  (R=0.607)
17:04:17  INFO     [RAMS] Tier switch: NANO → SMALL  (R=0.616)
17:04:18  INFO     [RAMS] Tier switch: SMALL → NANO  (R=0.618)
17:04:18  INFO     [RAMS] Tier switch: NANO → SMALL  (R=0.603)
17:04:23  INFO     [RAMS] Tier switch: SMALL → NANO  (R=0.670)
17:04:23  INFO     [RAMS] Tier switch: NANO → SMALL  (R=0.612)
17:04:26  INFO     [RAMS] Tier switch: SMALL → NANO  (R=0.627)
17:04:27  INFO     [RAMS] Tier switch: NANO → SMALL  (R=0.602)
17:04:27  INFO     [RAMS] Tier switch: SMALL → NANO  (R=0.618)
17:04:27  INFO     [RAMS] Tier switch: NANO → SMALL  (R=0.599)
17:04:30  INFO     [RAMS] Tier switch: SMALL → NANO  (R=0.676)
17:04:30  INFO     [RAMS] Tier switch: NANO → SMALL  (R=0.676)
17:04:31  INFO     [RAMS] Tier switch: SMALL → NANO  (R=0.672)
17:04:31  INFO     [RAMS] Tier switch: NANO → SMALL  (R=0.672)
17:04:33  INFO     [RAMS] Tier switch: SMALL → NANO  (R=0.673)
17:04:33  INFO     [RAMS] Tier switch: NANO → SMALL  (R=0.640)
17:04:34  INFO     [RAMS] Tier switch: SMALL → NANO  (R=0.676)
17:04:34  INFO     [RAMS] Tier switch: NANO → SMALL  (R=0.676)
17:04:35  INFO     [RAMS] Tier switch: SMALL → NANO  (R=0.688)
17:04:35  INFO     [RAMS] Tier switch: NANO → SMALL  (R=0.605)
17:04:38  INFO     [RAMS] Controller stopped.
    block=7/10 method=threshold ...
17:04:38  INFO     [RAMS] Starting resource monitor ...
17:04:38  INFO     [RAMS] Loading model tiers ...
17:04:38  INFO     [RAMS] YOLOv8-nano ready — ONNX (imgsz=320).
17:04:38  INFO     [RAMS] YOLOv8-small ready — ONNX (imgsz=416).
17:04:39  INFO     [RAMS] YOLOv8-medium ready — ONNX (imgsz=640).
17:04:39  INFO     [RAMS] Controller ready. Policy: threshold
17:04:41  INFO     [RAMS] Tier switch: SMALL → NANO  (R=0.617)
17:04:43  INFO     [RAMS] Tier switch: NANO → SMALL  (R=0.601)
17:04:43  INFO     [RAMS] Tier switch: SMALL → NANO  (R=0.610)
17:04:43  INFO     [RAMS] Tier switch: NANO → SMALL  (R=0.605)
17:04:44  INFO     [RAMS] Tier switch: SMALL → NANO  (R=0.665)
17:04:44  INFO     [RAMS] Tier switch: NANO → SMALL  (R=0.600)
17:04:45  INFO     [RAMS] Tier switch: SMALL → NANO  (R=0.617)
17:04:46  INFO     [RAMS] Tier switch: NANO → SMALL  (R=0.602)
17:04:47  INFO     [RAMS] Tier switch: SMALL → NANO  (R=0.661)
17:04:47  INFO     [RAMS] Tier switch: NANO → SMALL  (R=0.595)
17:04:48  INFO     [RAMS] Tier switch: SMALL → NANO  (R=0.617)
17:04:48  INFO     [RAMS] Tier switch: NANO → SMALL  (R=0.596)
17:04:49  INFO     [RAMS] Tier switch: SMALL → NANO  (R=0.631)
17:04:52  INFO     [RAMS] Controller stopped.
    block=7/10 method=predictive ...
17:04:52  INFO     [RAMS] Starting resource monitor ...
17:04:52  INFO     [RAMS] Loading model tiers ...
17:04:53  INFO     [RAMS] YOLOv8-nano ready — ONNX (imgsz=320).
17:04:53  INFO     [RAMS] YOLOv8-small ready — ONNX (imgsz=416).
17:04:54  INFO     [RAMS] YOLOv8-medium ready — ONNX (imgsz=640).
17:04:54  INFO     [RAMS] Controller ready. Policy: predictive
17:04:55  INFO     [RAMS] Tier switch: SMALL → NANO  (R=0.673)
17:04:57  INFO     [RAMS] Tier switch: NANO → SMALL  (R=0.587)
17:04:57  INFO     [RAMS] Tier switch: SMALL → NANO  (R=0.637)
17:04:57  INFO     [RAMS] Tier switch: NANO → SMALL  (R=0.598)
17:04:57  INFO     [RAMS] Tier switch: SMALL → NANO  (R=0.622)
17:04:58  INFO     [RAMS] Tier switch: NANO → SMALL  (R=0.593)
17:04:58  INFO     [RAMS] Tier switch: SMALL → NANO  (R=0.624)
17:04:58  INFO     [RAMS] Tier switch: NANO → SMALL  (R=0.595)
17:04:59  INFO     [RAMS] Tier switch: SMALL → NANO  (R=0.624)
17:04:59  INFO     [RAMS] Tier switch: NANO → SMALL  (R=0.599)
17:05:00  INFO     [RAMS] Tier switch: SMALL → NANO  (R=0.658)
17:05:01  INFO     [RAMS] Tier switch: NANO → SMALL  (R=0.599)
17:05:01  INFO     [RAMS] Tier switch: SMALL → NANO  (R=0.639)
17:05:02  INFO     [RAMS] Tier switch: NANO → SMALL  (R=0.581)
17:05:02  INFO     [RAMS] Tier switch: SMALL → NANO  (R=0.629)
17:05:05  INFO     [RAMS] Tier switch: NANO → SMALL  (R=0.597)
17:05:06  INFO     [RAMS] Tier switch: SMALL → NANO  (R=0.624)
17:05:07  INFO     [RAMS] Controller stopped.
    block=7/10 method=safety2 ...
17:05:07  INFO     [RAMS] Starting resource monitor ...
17:05:07  INFO     [RAMS] Loading model tiers ...
17:05:07  INFO     [RAMS] YOLOv8-nano ready — ONNX (imgsz=320).
17:05:07  INFO     [RAMS] YOLOv8-small ready — ONNX (imgsz=416).
17:05:08  INFO     [RAMS] YOLOv8-medium ready — ONNX (imgsz=640).
17:05:08  INFO     [RAMS] Controller ready. Policy: safety2
17:05:09  INFO     [RAMS] Tier switch: SMALL → NANO  (R=0.624)
17:05:10  INFO     [RAMS] Tier switch: NANO → SMALL  (R=0.605)
17:05:10  INFO     [RAMS] Tier switch: SMALL → MEDIUM  (R=0.665)
17:05:11  INFO     [RAMS] Tier switch: MEDIUM → NANO  (R=0.632)
17:05:12  INFO     [RAMS] Tier switch: NANO → SMALL  (R=0.602)
17:05:12  INFO     [RAMS] Tier switch: SMALL → NANO  (R=0.684)
17:05:12  INFO     [RAMS] Tier switch: NANO → SMALL  (R=0.648)
17:05:13  INFO     [RAMS] Tier switch: SMALL → MEDIUM  (R=0.654)
17:05:15  INFO     [RAMS] Tier switch: MEDIUM → SMALL  (R=0.666)
17:05:15  INFO     [RAMS] Tier switch: SMALL → MEDIUM  (R=0.665)
17:05:18  INFO     [RAMS] Tier switch: MEDIUM → SMALL  (R=0.679)
17:05:18  INFO     [RAMS] Tier switch: SMALL → NANO  (R=0.631)
17:05:18  INFO     [RAMS] Tier switch: NANO → SMALL  (R=0.621)
17:05:19  INFO     [RAMS] Tier switch: SMALL → MEDIUM  (R=0.619)
17:05:20  INFO     [RAMS] Tier switch: MEDIUM → SMALL  (R=0.621)
17:05:20  INFO     [RAMS] Tier switch: SMALL → MEDIUM  (R=0.624)
17:05:22  INFO     [RAMS] Tier switch: MEDIUM → NANO  (R=0.658)
17:05:22  INFO     [RAMS] Tier switch: NANO → SMALL  (R=0.600)
17:05:23  INFO     [RAMS] Tier switch: SMALL → MEDIUM  (R=0.640)
17:05:25  INFO     [RAMS] Tier switch: MEDIUM → NANO  (R=0.629)
17:05:25  INFO     [RAMS] Tier switch: NANO → SMALL  (R=0.605)
17:05:25  INFO     [RAMS] Tier switch: SMALL → MEDIUM  (R=0.621)
17:05:26  INFO     [RAMS] Tier switch: MEDIUM → SMALL  (R=0.618)
17:05:27  INFO     [RAMS] Tier switch: SMALL → MEDIUM  (R=0.611)
17:05:29  INFO     [RAMS] Tier switch: MEDIUM → NANO  (R=0.646)
17:05:29  INFO     [RAMS] Tier switch: NANO → SMALL  (R=0.587)
17:05:30  INFO     [RAMS] Tier switch: SMALL → NANO  (R=0.624)
17:05:30  INFO     [RAMS] Tier switch: NANO → MEDIUM  (R=0.607)
17:05:33  INFO     [RAMS] Tier switch: MEDIUM → NANO  (R=0.618)
17:05:33  INFO     [RAMS] Tier switch: NANO → SMALL  (R=0.593)
17:05:33  INFO     [RAMS] Tier switch: SMALL → NANO  (R=0.619)
17:05:33  INFO     [RAMS] Tier switch: NANO → MEDIUM  (R=0.617)
17:05:36  INFO     [RAMS] Tier switch: MEDIUM → NANO  (R=0.719)
17:05:36  INFO     [RAMS] Tier switch: NANO → MEDIUM  (R=0.665)
17:05:39  INFO     [RAMS] Tier switch: MEDIUM → NANO  (R=0.677)
17:05:39  INFO     [RAMS] Tier switch: NANO → MEDIUM  (R=0.661)
17:05:42  INFO     [RAMS] Tier switch: MEDIUM → NANO  (R=0.626)
17:05:42  INFO     [RAMS] Tier switch: NANO → MEDIUM  (R=0.605)
17:05:44  INFO     [RAMS] Tier switch: MEDIUM → NANO  (R=0.629)
17:05:44  INFO     [RAMS] Tier switch: NANO → MEDIUM  (R=0.605)
17:05:47  INFO     [RAMS] Tier switch: MEDIUM → NANO  (R=0.618)
17:05:47  INFO     [RAMS] Tier switch: NANO → SMALL  (R=0.599)
17:05:47  INFO     [RAMS] Tier switch: SMALL → NANO  (R=0.607)
17:05:48  INFO     [RAMS] Tier switch: NANO → SMALL  (R=0.662)
17:05:49  INFO     [RAMS] Tier switch: SMALL → MEDIUM  (R=0.624)
17:05:51  INFO     [RAMS] Tier switch: MEDIUM → NANO  (R=0.630)
17:05:51  INFO     [RAMS] Tier switch: NANO → SMALL  (R=0.612)
17:05:52  INFO     [RAMS] Tier switch: SMALL → NANO  (R=0.629)
17:05:52  INFO     [RAMS] Tier switch: NANO → MEDIUM  (R=0.629)
17:05:54  INFO     [RAMS] Tier switch: MEDIUM → SMALL  (R=0.621)
17:05:55  INFO     [RAMS] Tier switch: SMALL → NANO  (R=0.690)
17:05:55  INFO     [RAMS] Tier switch: NANO → SMALL  (R=0.607)
17:05:56  INFO     [RAMS] Tier switch: SMALL → MEDIUM  (R=0.658)
17:05:57  INFO     [RAMS] Tier switch: MEDIUM → NANO  (R=0.676)
17:05:57  INFO     [RAMS] Controller stopped.
    block=8/10 method=adaptive ...
17:05:57  INFO     [RAMS] Starting resource monitor ...
17:05:57  INFO     [RAMS] Loading model tiers ...
17:05:57  INFO     [RAMS] YOLOv8-nano ready — ONNX (imgsz=320).
17:05:57  INFO     [RAMS] YOLOv8-small ready — ONNX (imgsz=416).
17:05:58  INFO     [RAMS] YOLOv8-medium ready — ONNX (imgsz=640).
17:05:58  INFO     [RAMS] Controller ready. Policy: adaptive
17:06:00  INFO     [RAMS] Tier switch: SMALL → NANO  (R=0.672)
17:06:04  INFO     [RAMS] Tier switch: NANO → SMALL  (R=0.593)
17:06:04  INFO     [RAMS] Tier switch: SMALL → NANO  (R=0.621)
17:06:05  INFO     [RAMS] Tier switch: NANO → SMALL  (R=0.595)
17:06:05  INFO     [RAMS] Tier switch: SMALL → NANO  (R=0.706)
17:06:06  INFO     [RAMS] Tier switch: NANO → SMALL  (R=0.599)
17:06:06  INFO     [RAMS] Tier switch: SMALL → NANO  (R=0.625)
17:06:07  INFO     [RAMS] Tier switch: NANO → SMALL  (R=0.596)
17:06:07  INFO     [RAMS] Tier switch: SMALL → NANO  (R=0.613)
17:06:07  INFO     [RAMS] Tier switch: NANO → SMALL  (R=0.599)
17:06:08  INFO     [RAMS] Tier switch: SMALL → NANO  (R=0.619)
17:06:09  INFO     [RAMS] Tier switch: NANO → SMALL  (R=0.600)
17:06:09  INFO     [RAMS] Tier switch: SMALL → NANO  (R=0.612)
17:06:10  INFO     [RAMS] Tier switch: NANO → SMALL  (R=0.595)
17:06:10  INFO     [RAMS] Tier switch: SMALL → NANO  (R=0.636)
17:06:11  INFO     [RAMS] Controller stopped.
    block=8/10 method=FIXED_SMALL ...
17:06:11  INFO     [RAMS] Starting resource monitor ...
17:06:11  INFO     [RAMS] Loading model tiers ...
17:06:11  INFO     [RAMS] YOLOv8-nano ready — ONNX (imgsz=320).
17:06:11  INFO     [RAMS] YOLOv8-small ready — ONNX (imgsz=416).
17:06:12  INFO     [RAMS] YOLOv8-medium ready — ONNX (imgsz=640).
17:06:12  INFO     [RAMS] Controller ready. Policy: fixed
17:06:45  INFO     [RAMS] Controller stopped.
    block=8/10 method=threshold ...
17:06:45  INFO     [RAMS] Starting resource monitor ...
17:06:45  INFO     [RAMS] Loading model tiers ...
17:06:45  INFO     [RAMS] YOLOv8-nano ready — ONNX (imgsz=320).
17:06:46  INFO     [RAMS] YOLOv8-small ready — ONNX (imgsz=416).
17:06:47  INFO     [RAMS] YOLOv8-medium ready — ONNX (imgsz=640).
17:06:47  INFO     [RAMS] Controller ready. Policy: threshold
17:06:48  INFO     [RAMS] Tier switch: SMALL → NANO  (R=0.629)
17:06:48  INFO     [RAMS] Tier switch: NANO → SMALL  (R=0.605)
17:06:49  INFO     [RAMS] Tier switch: SMALL → NANO  (R=0.712)
17:06:49  INFO     [RAMS] Tier switch: NANO → SMALL  (R=0.605)
17:06:50  INFO     [RAMS] Tier switch: SMALL → NANO  (R=0.629)
17:06:51  INFO     [RAMS] Tier switch: NANO → SMALL  (R=0.597)
17:06:51  INFO     [RAMS] Tier switch: SMALL → NANO  (R=0.629)
17:06:52  INFO     [RAMS] Tier switch: NANO → SMALL  (R=0.602)
17:06:52  INFO     [RAMS] Tier switch: SMALL → NANO  (R=0.616)
17:06:53  INFO     [RAMS] Tier switch: NANO → SMALL  (R=0.605)
17:06:53  INFO     [RAMS] Tier switch: SMALL → NANO  (R=0.646)
17:06:53  INFO     [RAMS] Tier switch: NANO → SMALL  (R=0.599)
17:06:54  INFO     [RAMS] Tier switch: SMALL → NANO  (R=0.613)
17:06:55  INFO     [RAMS] Tier switch: NANO → SMALL  (R=0.595)
17:06:55  INFO     [RAMS] Tier switch: SMALL → NANO  (R=0.636)
17:06:56  INFO     [RAMS] Tier switch: NANO → SMALL  (R=0.599)
17:06:56  INFO     [RAMS] Tier switch: SMALL → NANO  (R=0.617)
17:06:57  INFO     [RAMS] Tier switch: NANO → SMALL  (R=0.602)
17:06:57  INFO     [RAMS] Tier switch: SMALL → NANO  (R=0.684)
17:06:59  INFO     [RAMS] Tier switch: NANO → SMALL  (R=0.595)
17:06:59  INFO     [RAMS] Tier switch: SMALL → NANO  (R=0.618)
17:06:59  INFO     [RAMS] Tier switch: NANO → SMALL  (R=0.600)
17:07:00  INFO     [RAMS] Tier switch: SMALL → NANO  (R=0.619)
17:07:00  INFO     [RAMS] Tier switch: NANO → SMALL  (R=0.600)
17:07:01  INFO     [RAMS] Tier switch: SMALL → NANO  (R=0.618)
17:07:01  INFO     [RAMS] Tier switch: NANO → SMALL  (R=0.597)
17:07:02  INFO     [RAMS] Tier switch: SMALL → NANO  (R=0.705)
17:07:02  INFO     [RAMS] Controller stopped.
    block=8/10 method=FIXED_MEDIUM ...
17:07:02  INFO     [RAMS] Starting resource monitor ...
17:07:02  INFO     [RAMS] Loading model tiers ...
17:07:02  INFO     [RAMS] YOLOv8-nano ready — ONNX (imgsz=320).
17:07:03  INFO     [RAMS] YOLOv8-small ready — ONNX (imgsz=416).
17:07:04  INFO     [RAMS] YOLOv8-medium ready — ONNX (imgsz=640).
17:07:04  INFO     [RAMS] Controller ready. Policy: fixed
17:07:05  INFO     [RAMS] Tier switch: SMALL → MEDIUM  (R=0.490)
17:09:42  INFO     [RAMS] Controller stopped.
    block=8/10 method=safety2 ...
17:09:43  INFO     [RAMS] Starting resource monitor ...
17:09:43  INFO     [RAMS] Loading model tiers ...
17:09:43  INFO     [RAMS] YOLOv8-nano ready — ONNX (imgsz=320).
17:09:43  INFO     [RAMS] YOLOv8-small ready — ONNX (imgsz=416).
17:09:44  INFO     [RAMS] YOLOv8-medium ready — ONNX (imgsz=640).
17:09:44  INFO     [RAMS] Controller ready. Policy: safety2
17:09:45  INFO     [RAMS] Tier switch: SMALL → NANO  (R=0.622)
17:09:45  INFO     [RAMS] Tier switch: NANO → MEDIUM  (R=0.603)
17:09:48  INFO     [RAMS] Tier switch: MEDIUM → NANO  (R=0.621)
17:09:48  INFO     [RAMS] Tier switch: NANO → SMALL  (R=0.595)
17:09:48  INFO     [RAMS] Tier switch: SMALL → NANO  (R=0.625)
17:09:49  INFO     [RAMS] Tier switch: NANO → SMALL  (R=0.600)
17:09:50  INFO     [RAMS] Tier switch: SMALL → NANO  (R=0.621)
17:09:50  INFO     [RAMS] Tier switch: NANO → MEDIUM  (R=0.623)
17:09:57  INFO     [RAMS] Tier switch: MEDIUM → NANO  (R=0.683)
17:09:58  INFO     [RAMS] Tier switch: NANO → SMALL  (R=0.664)
17:09:58  INFO     [RAMS] Tier switch: SMALL → MEDIUM  (R=0.672)
17:10:00  INFO     [RAMS] Tier switch: MEDIUM → NANO  (R=0.713)
17:10:00  INFO     [RAMS] Tier switch: NANO → MEDIUM  (R=0.642)
17:10:02  INFO     [RAMS] Tier switch: MEDIUM → NANO  (R=0.688)
17:10:03  INFO     [RAMS] Tier switch: NANO → MEDIUM  (R=0.643)
17:10:05  INFO     [RAMS] Tier switch: MEDIUM → SMALL  (R=0.630)
17:10:06  INFO     [RAMS] Tier switch: SMALL → MEDIUM  (R=0.617)
17:10:08  INFO     [RAMS] Tier switch: MEDIUM → NANO  (R=0.654)
17:10:08  INFO     [RAMS] Tier switch: NANO → MEDIUM  (R=0.607)
17:10:13  INFO     [RAMS] Tier switch: MEDIUM → NANO  (R=0.636)
17:10:13  INFO     [RAMS] Tier switch: NANO → SMALL  (R=0.592)
17:10:14  INFO     [RAMS] Tier switch: SMALL → NANO  (R=0.609)
17:10:14  INFO     [RAMS] Tier switch: NANO → MEDIUM  (R=0.605)
17:10:16  INFO     [RAMS] Tier switch: MEDIUM → NANO  (R=0.652)
17:10:16  INFO     [RAMS] Tier switch: NANO → SMALL  (R=0.612)
17:10:17  INFO     [RAMS] Tier switch: SMALL → NANO  (R=0.646)
17:10:18  INFO     [RAMS] Tier switch: NANO → SMALL  (R=0.593)
17:10:18  INFO     [RAMS] Tier switch: SMALL → NANO  (R=0.651)
17:10:19  INFO     [RAMS] Tier switch: NANO → MEDIUM  (R=0.607)
17:10:26  INFO     [RAMS] Tier switch: MEDIUM → NANO  (R=0.629)
17:10:27  INFO     [RAMS] Tier switch: NANO → SMALL  (R=0.599)
17:10:27  INFO     [RAMS] Tier switch: SMALL → NANO  (R=0.695)
17:10:27  INFO     [RAMS] Tier switch: NANO → SMALL  (R=0.695)
17:10:27  INFO     [RAMS] Tier switch: SMALL → MEDIUM  (R=0.635)
17:10:29  INFO     [RAMS] Tier switch: MEDIUM → NANO  (R=0.639)
17:10:29  INFO     [RAMS] Tier switch: NANO → MEDIUM  (R=0.595)
17:10:32  INFO     [RAMS] Tier switch: MEDIUM → NANO  (R=0.630)
17:10:32  INFO     [RAMS] Tier switch: NANO → MEDIUM  (R=0.595)
17:10:34  INFO     [RAMS] Tier switch: MEDIUM → SMALL  (R=0.630)
17:10:34  INFO     [RAMS] Tier switch: SMALL → NANO  (R=0.621)
17:10:35  INFO     [RAMS] Tier switch: NANO → MEDIUM  (R=0.599)
17:10:37  INFO     [RAMS] Tier switch: MEDIUM → NANO  (R=0.630)
17:10:37  INFO     [RAMS] Tier switch: NANO → MEDIUM  (R=0.590)
17:10:42  INFO     [RAMS] Tier switch: MEDIUM → NANO  (R=0.678)
17:10:42  INFO     [RAMS] Controller stopped.
    block=8/10 method=predictive ...
17:10:42  INFO     [RAMS] Starting resource monitor ...
17:10:42  INFO     [RAMS] Loading model tiers ...
17:10:42  INFO     [RAMS] YOLOv8-nano ready — ONNX (imgsz=320).
17:10:43  INFO     [RAMS] YOLOv8-small ready — ONNX (imgsz=416).
17:10:44  INFO     [RAMS] YOLOv8-medium ready — ONNX (imgsz=640).
17:10:44  INFO     [RAMS] Controller ready. Policy: predictive
17:10:45  INFO     [RAMS] Tier switch: SMALL → NANO  (R=0.673)
17:10:48  INFO     [RAMS] Tier switch: NANO → SMALL  (R=0.592)
17:10:48  INFO     [RAMS] Tier switch: SMALL → NANO  (R=0.633)
17:10:48  INFO     [RAMS] Tier switch: NANO → SMALL  (R=0.593)
17:10:48  INFO     [RAMS] Tier switch: SMALL → NANO  (R=0.683)
17:10:49  INFO     [RAMS] Tier switch: NANO → SMALL  (R=0.602)
17:10:49  INFO     [RAMS] Tier switch: SMALL → NANO  (R=0.612)
17:10:50  INFO     [RAMS] Tier switch: NANO → SMALL  (R=0.595)
17:10:50  INFO     [RAMS] Tier switch: SMALL → NANO  (R=0.639)
17:10:51  INFO     [RAMS] Tier switch: NANO → SMALL  (R=0.604)
17:10:51  INFO     [RAMS] Tier switch: SMALL → NANO  (R=0.629)
17:10:52  INFO     [RAMS] Tier switch: NANO → SMALL  (R=0.602)
17:10:52  INFO     [RAMS] Tier switch: SMALL → NANO  (R=0.633)
17:10:52  INFO     [RAMS] Tier switch: NANO → SMALL  (R=0.585)
17:10:52  INFO     [RAMS] Tier switch: SMALL → NANO  (R=0.629)
17:10:53  INFO     [RAMS] Tier switch: NANO → SMALL  (R=0.594)
17:10:53  INFO     [RAMS] Tier switch: SMALL → NANO  (R=0.624)
17:10:54  INFO     [RAMS] Tier switch: NANO → SMALL  (R=0.596)
17:10:54  INFO     [RAMS] Tier switch: SMALL → NANO  (R=0.655)
17:10:55  INFO     [RAMS] Tier switch: NANO → SMALL  (R=0.597)
17:10:55  INFO     [RAMS] Tier switch: SMALL → NANO  (R=0.618)
17:10:55  INFO     [RAMS] Tier switch: NANO → SMALL  (R=0.587)
17:10:55  INFO     [RAMS] Tier switch: SMALL → NANO  (R=0.625)
17:10:56  INFO     [RAMS] Tier switch: NANO → SMALL  (R=0.599)
17:10:56  INFO     [RAMS] Tier switch: SMALL → NANO  (R=0.634)
17:10:56  INFO     [RAMS] Controller stopped.
    block=8/10 method=safety ...
17:10:57  INFO     [RAMS] Starting resource monitor ...
17:10:57  INFO     [RAMS] Loading model tiers ...
17:10:57  INFO     [RAMS] YOLOv8-nano ready — ONNX (imgsz=320).
17:10:57  INFO     [RAMS] YOLOv8-small ready — ONNX (imgsz=416).
17:10:58  INFO     [RAMS] YOLOv8-medium ready — ONNX (imgsz=640).
17:10:58  INFO     [RAMS] Controller ready. Policy: safety
17:10:59  INFO     [RAMS] Tier switch: SMALL → NANO  (R=0.682)
17:10:59  INFO     [RAMS] Tier switch: NANO → SMALL  (R=0.582)
17:11:01  INFO     [RAMS] Tier switch: SMALL → NANO  (R=0.619)
17:11:02  INFO     [RAMS] Tier switch: NANO → SMALL  (R=0.605)
17:11:04  INFO     [RAMS] Tier switch: SMALL → NANO  (R=0.687)
17:11:05  INFO     [RAMS] Tier switch: NANO → SMALL  (R=0.634)
17:11:08  INFO     [RAMS] Tier switch: SMALL → NANO  (R=0.678)
17:11:08  INFO     [RAMS] Tier switch: NANO → SMALL  (R=0.641)
17:11:09  INFO     [RAMS] Tier switch: SMALL → NANO  (R=0.659)
17:11:09  INFO     [RAMS] Tier switch: NANO → SMALL  (R=0.656)
17:11:11  INFO     [RAMS] Tier switch: SMALL → NANO  (R=0.633)
17:11:11  INFO     [RAMS] Tier switch: NANO → SMALL  (R=0.598)
17:11:13  INFO     [RAMS] Tier switch: SMALL → NANO  (R=0.631)
17:11:13  INFO     [RAMS] Tier switch: NANO → SMALL  (R=0.602)
17:11:14  INFO     [RAMS] Tier switch: SMALL → NANO  (R=0.689)
17:11:14  INFO     [RAMS] Tier switch: NANO → SMALL  (R=0.600)
17:11:15  INFO     [RAMS] Tier switch: SMALL → NANO  (R=0.620)
17:11:16  INFO     [RAMS] Tier switch: NANO → SMALL  (R=0.602)
17:11:18  INFO     [RAMS] Tier switch: SMALL → NANO  (R=0.618)
17:11:18  INFO     [RAMS] Tier switch: NANO → SMALL  (R=0.595)
17:11:20  INFO     [RAMS] Tier switch: SMALL → NANO  (R=0.631)
17:11:20  INFO     [RAMS] Tier switch: NANO → SMALL  (R=0.631)
17:11:21  INFO     [RAMS] Tier switch: SMALL → NANO  (R=0.619)
17:11:21  INFO     [RAMS] Tier switch: NANO → SMALL  (R=0.619)
17:11:24  INFO     [RAMS] Controller stopped.
    block=8/10 method=FIXED_NANO ...
17:11:24  INFO     [RAMS] Starting resource monitor ...
17:11:24  INFO     [RAMS] Loading model tiers ...
17:11:24  INFO     [RAMS] YOLOv8-nano ready — ONNX (imgsz=320).
17:11:24  INFO     [RAMS] YOLOv8-small ready — ONNX (imgsz=416).
17:11:25  INFO     [RAMS] YOLOv8-medium ready — ONNX (imgsz=640).
17:11:25  INFO     [RAMS] Controller ready. Policy: fixed
17:11:26  INFO     [RAMS] Tier switch: SMALL → NANO  (R=0.479)
17:11:36  INFO     [RAMS] Controller stopped.
    block=9/10 method=predictive ...
17:11:36  INFO     [RAMS] Starting resource monitor ...
17:11:36  INFO     [RAMS] Loading model tiers ...
17:11:37  INFO     [RAMS] YOLOv8-nano ready — ONNX (imgsz=320).
17:11:37  INFO     [RAMS] YOLOv8-small ready — ONNX (imgsz=416).
17:11:38  INFO     [RAMS] YOLOv8-medium ready — ONNX (imgsz=640).
17:11:38  INFO     [RAMS] Controller ready. Policy: predictive
17:11:40  INFO     [RAMS] Tier switch: SMALL → NANO  (R=0.634)
17:11:40  INFO     [RAMS] Tier switch: NANO → SMALL  (R=0.599)
17:11:40  INFO     [RAMS] Tier switch: SMALL → NANO  (R=0.695)
17:11:41  INFO     [RAMS] Tier switch: NANO → SMALL  (R=0.587)
17:11:41  INFO     [RAMS] Tier switch: SMALL → NANO  (R=0.610)
17:11:41  INFO     [RAMS] Tier switch: NANO → SMALL  (R=0.603)
17:11:41  INFO     [RAMS] Tier switch: SMALL → NANO  (R=0.624)
17:11:42  INFO     [RAMS] Tier switch: NANO → SMALL  (R=0.596)
17:11:42  INFO     [RAMS] Tier switch: SMALL → NANO  (R=0.636)
17:11:42  INFO     [RAMS] Tier switch: NANO → SMALL  (R=0.597)
17:11:42  INFO     [RAMS] Tier switch: SMALL → NANO  (R=0.670)
17:11:43  INFO     [RAMS] Tier switch: NANO → SMALL  (R=0.599)
17:11:43  INFO     [RAMS] Tier switch: SMALL → NANO  (R=0.624)
17:11:43  INFO     [RAMS] Tier switch: NANO → SMALL  (R=0.596)
17:11:43  INFO     [RAMS] Tier switch: SMALL → NANO  (R=0.634)
17:11:44  INFO     [RAMS] Tier switch: NANO → SMALL  (R=0.600)
17:11:44  INFO     [RAMS] Tier switch: SMALL → NANO  (R=0.612)
17:11:44  INFO     [RAMS] Tier switch: NANO → SMALL  (R=0.597)
17:11:44  INFO     [RAMS] Tier switch: SMALL → NANO  (R=0.671)
17:11:45  INFO     [RAMS] Tier switch: NANO → SMALL  (R=0.599)
17:11:45  INFO     [RAMS] Tier switch: SMALL → NANO  (R=0.631)
17:11:45  INFO     [RAMS] Tier switch: NANO → SMALL  (R=0.587)
17:11:45  INFO     [RAMS] Tier switch: SMALL → NANO  (R=0.619)
17:11:46  INFO     [RAMS] Tier switch: NANO → SMALL  (R=0.596)
17:11:46  INFO     [RAMS] Tier switch: SMALL → NANO  (R=0.610)
17:11:46  INFO     [RAMS] Tier switch: NANO → SMALL  (R=0.601)
17:11:46  INFO     [RAMS] Tier switch: SMALL → NANO  (R=0.610)
17:11:51  INFO     [RAMS] Controller stopped.
    block=9/10 method=FIXED_SMALL ...
17:11:51  INFO     [RAMS] Starting resource monitor ...
17:11:51  INFO     [RAMS] Loading model tiers ...
17:11:52  INFO     [RAMS] YOLOv8-nano ready — ONNX (imgsz=320).
17:11:52  INFO     [RAMS] YOLOv8-small ready — ONNX (imgsz=416).
17:11:53  INFO     [RAMS] YOLOv8-medium ready — ONNX (imgsz=640).
17:11:53  INFO     [RAMS] Controller ready. Policy: fixed
17:12:25  INFO     [RAMS] Controller stopped.
    block=9/10 method=FIXED_MEDIUM ...
17:12:25  INFO     [RAMS] Starting resource monitor ...
17:12:25  INFO     [RAMS] Loading model tiers ...
17:12:25  INFO     [RAMS] YOLOv8-nano ready — ONNX (imgsz=320).
17:12:26  INFO     [RAMS] YOLOv8-small ready — ONNX (imgsz=416).
17:12:26  INFO     [RAMS] YOLOv8-medium ready — ONNX (imgsz=640).
17:12:26  INFO     [RAMS] Controller ready. Policy: fixed
17:12:27  INFO     [RAMS] Tier switch: SMALL → MEDIUM  (R=0.414)
17:15:05  INFO     [RAMS] Controller stopped.
    block=9/10 method=safety2 ...
17:15:05  INFO     [RAMS] Starting resource monitor ...
17:15:05  INFO     [RAMS] Loading model tiers ...
17:15:05  INFO     [RAMS] YOLOv8-nano ready — ONNX (imgsz=320).
17:15:05  INFO     [RAMS] YOLOv8-small ready — ONNX (imgsz=416).
17:15:06  INFO     [RAMS] YOLOv8-medium ready — ONNX (imgsz=640).
17:15:06  INFO     [RAMS] Controller ready. Policy: safety2
17:15:08  INFO     [RAMS] Tier switch: SMALL → NANO  (R=0.669)
17:15:09  INFO     [RAMS] Tier switch: NANO → MEDIUM  (R=0.689)
17:15:11  INFO     [RAMS] Tier switch: MEDIUM → SMALL  (R=0.625)
17:15:12  INFO     [RAMS] Tier switch: SMALL → NANO  (R=0.623)
17:15:12  INFO     [RAMS] Tier switch: NANO → SMALL  (R=0.623)
17:15:13  INFO     [RAMS] Tier switch: SMALL → NANO  (R=0.635)
17:15:13  INFO     [RAMS] Tier switch: NANO → SMALL  (R=0.612)
17:15:13  INFO     [RAMS] Tier switch: SMALL → NANO  (R=0.624)
17:15:13  INFO     [RAMS] Tier switch: NANO → SMALL  (R=0.649)
17:15:14  INFO     [RAMS] Tier switch: SMALL → MEDIUM  (R=0.614)
17:15:16  INFO     [RAMS] Tier switch: MEDIUM → NANO  (R=0.649)
17:15:16  INFO     [RAMS] Tier switch: NANO → SMALL  (R=0.605)
17:15:16  INFO     [RAMS] Tier switch: SMALL → MEDIUM  (R=0.629)
17:15:19  INFO     [RAMS] Tier switch: MEDIUM → SMALL  (R=0.631)
17:15:20  INFO     [RAMS] Tier switch: SMALL → NANO  (R=0.619)
17:15:20  INFO     [RAMS] Tier switch: NANO → MEDIUM  (R=0.607)
17:15:22  INFO     [RAMS] Tier switch: MEDIUM → NANO  (R=0.629)
17:15:23  INFO     [RAMS] Tier switch: NANO → SMALL  (R=0.605)
17:15:23  INFO     [RAMS] Tier switch: SMALL → NANO  (R=0.632)
17:15:23  INFO     [RAMS] Tier switch: NANO → MEDIUM  (R=0.632)
17:15:26  INFO     [RAMS] Tier switch: MEDIUM → NANO  (R=0.624)
17:15:26  INFO     [RAMS] Tier switch: NANO → SMALL  (R=0.664)
17:15:27  INFO     [RAMS] Tier switch: SMALL → NANO  (R=0.724)
17:15:27  INFO     [RAMS] Tier switch: NANO → MEDIUM  (R=0.666)
17:15:29  INFO     [RAMS] Tier switch: MEDIUM → NANO  (R=0.678)
17:15:29  INFO     [RAMS] Tier switch: NANO → SMALL  (R=0.655)
17:15:30  INFO     [RAMS] Tier switch: SMALL → MEDIUM  (R=0.707)
17:15:31  INFO     [RAMS] Tier switch: MEDIUM → NANO  (R=0.667)
17:15:32  INFO     [RAMS] Tier switch: NANO → SMALL  (R=0.666)
17:15:32  INFO     [RAMS] Tier switch: SMALL → MEDIUM  (R=0.664)
17:15:33  INFO     [RAMS] Tier switch: MEDIUM → NANO  (R=0.633)
17:15:33  INFO     [RAMS] Tier switch: NANO → MEDIUM  (R=0.612)
17:15:36  INFO     [RAMS] Tier switch: MEDIUM → NANO  (R=0.694)
17:15:36  INFO     [RAMS] Tier switch: NANO → SMALL  (R=0.636)
17:15:37  INFO     [RAMS] Tier switch: SMALL → NANO  (R=0.630)
17:15:37  INFO     [RAMS] Tier switch: NANO → SMALL  (R=0.599)
17:15:38  INFO     [RAMS] Tier switch: SMALL → NANO  (R=0.607)
17:15:39  INFO     [RAMS] Tier switch: NANO → SMALL  (R=0.602)
17:15:39  INFO     [RAMS] Tier switch: SMALL → NANO  (R=0.624)
17:15:39  INFO     [RAMS] Tier switch: NANO → MEDIUM  (R=0.596)
17:15:42  INFO     [RAMS] Tier switch: MEDIUM → NANO  (R=0.637)
17:15:42  INFO     [RAMS] Tier switch: NANO → SMALL  (R=0.605)
17:15:42  INFO     [RAMS] Tier switch: SMALL → NANO  (R=0.611)
17:15:43  INFO     [RAMS] Tier switch: NANO → SMALL  (R=0.665)
17:15:44  INFO     [RAMS] Tier switch: SMALL → MEDIUM  (R=0.635)
17:15:46  INFO     [RAMS] Tier switch: MEDIUM → NANO  (R=0.641)
17:15:46  INFO     [RAMS] Tier switch: NANO → SMALL  (R=0.595)
17:15:46  INFO     [RAMS] Tier switch: SMALL → MEDIUM  (R=0.614)
17:15:57  INFO     [RAMS] Tier switch: MEDIUM → NANO  (R=0.623)
17:15:57  INFO     [RAMS] Controller stopped.
    block=9/10 method=safety ...
17:15:57  INFO     [RAMS] Starting resource monitor ...
17:15:57  INFO     [RAMS] Loading model tiers ...
17:15:57  INFO     [RAMS] YOLOv8-nano ready — ONNX (imgsz=320).
17:15:57  INFO     [RAMS] YOLOv8-small ready — ONNX (imgsz=416).
17:15:58  INFO     [RAMS] YOLOv8-medium ready — ONNX (imgsz=640).
17:15:58  INFO     [RAMS] Controller ready. Policy: safety
17:16:01  INFO     [RAMS] Tier switch: SMALL → NANO  (R=0.625)
17:16:01  INFO     [RAMS] Tier switch: NANO → SMALL  (R=0.605)
17:16:02  INFO     [RAMS] Tier switch: SMALL → NANO  (R=0.618)
17:16:02  INFO     [RAMS] Tier switch: NANO → SMALL  (R=0.598)
17:16:03  INFO     [RAMS] Tier switch: SMALL → NANO  (R=0.617)
17:16:03  INFO     [RAMS] Tier switch: NANO → SMALL  (R=0.612)
17:16:05  INFO     [RAMS] Tier switch: SMALL → NANO  (R=0.623)
17:16:05  INFO     [RAMS] Tier switch: NANO → SMALL  (R=0.613)
17:16:07  INFO     [RAMS] Tier switch: SMALL → NANO  (R=0.613)
17:16:08  INFO     [RAMS] Tier switch: NANO → SMALL  (R=0.595)
17:16:08  INFO     [RAMS] Tier switch: SMALL → NANO  (R=0.624)
17:16:08  INFO     [RAMS] Tier switch: NANO → SMALL  (R=0.600)
17:16:09  INFO     [RAMS] Tier switch: SMALL → NANO  (R=0.617)
17:16:09  INFO     [RAMS] Tier switch: NANO → SMALL  (R=0.606)
17:16:11  INFO     [RAMS] Tier switch: SMALL → NANO  (R=0.670)
17:16:11  INFO     [RAMS] Tier switch: NANO → SMALL  (R=0.670)
17:16:13  INFO     [RAMS] Tier switch: SMALL → NANO  (R=0.678)
17:16:14  INFO     [RAMS] Tier switch: NANO → SMALL  (R=0.653)
17:16:14  INFO     [RAMS] Tier switch: SMALL → NANO  (R=0.650)
17:16:14  INFO     [RAMS] Tier switch: NANO → SMALL  (R=0.650)
17:16:16  INFO     [RAMS] Tier switch: SMALL → NANO  (R=0.627)
17:16:17  INFO     [RAMS] Tier switch: NANO → SMALL  (R=0.599)
17:16:17  INFO     [RAMS] Tier switch: SMALL → NANO  (R=0.607)
17:16:18  INFO     [RAMS] Tier switch: NANO → SMALL  (R=0.595)
17:16:19  INFO     [RAMS] Tier switch: SMALL → NANO  (R=0.623)
17:16:19  INFO     [RAMS] Tier switch: NANO → SMALL  (R=0.585)
17:16:24  INFO     [RAMS] Controller stopped.
    block=9/10 method=adaptive ...
17:16:24  INFO     [RAMS] Starting resource monitor ...
17:16:24  INFO     [RAMS] Loading model tiers ...
17:16:24  INFO     [RAMS] YOLOv8-nano ready — ONNX (imgsz=320).
17:16:24  INFO     [RAMS] YOLOv8-small ready — ONNX (imgsz=416).
17:16:25  INFO     [RAMS] YOLOv8-medium ready — ONNX (imgsz=640).
17:16:25  INFO     [RAMS] Controller ready. Policy: adaptive
17:16:27  INFO     [RAMS] Tier switch: SMALL → NANO  (R=0.636)
17:16:28  INFO     [RAMS] Tier switch: NANO → SMALL  (R=0.596)
17:16:28  INFO     [RAMS] Tier switch: SMALL → NANO  (R=0.623)
17:16:28  INFO     [RAMS] Tier switch: NANO → SMALL  (R=0.599)
17:16:29  INFO     [RAMS] Tier switch: SMALL → NANO  (R=0.688)
17:16:29  INFO     [RAMS] Tier switch: NANO → SMALL  (R=0.593)
17:16:29  INFO     [RAMS] Tier switch: SMALL → NANO  (R=0.626)
17:16:29  INFO     [RAMS] Tier switch: NANO → SMALL  (R=0.576)
17:16:30  INFO     [RAMS] Tier switch: SMALL → NANO  (R=0.660)
17:16:30  INFO     [RAMS] Tier switch: NANO → SMALL  (R=0.596)
17:16:31  INFO     [RAMS] Tier switch: SMALL → NANO  (R=0.688)
17:16:31  INFO     [RAMS] Tier switch: NANO → SMALL  (R=0.596)
17:16:32  INFO     [RAMS] Tier switch: SMALL → NANO  (R=0.688)
17:16:38  INFO     [RAMS] Controller stopped.
    block=9/10 method=threshold ...
17:16:38  INFO     [RAMS] Starting resource monitor ...
17:16:38  INFO     [RAMS] Loading model tiers ...
17:16:38  INFO     [RAMS] YOLOv8-nano ready — ONNX (imgsz=320).
17:16:38  INFO     [RAMS] YOLOv8-small ready — ONNX (imgsz=416).
17:16:39  INFO     [RAMS] YOLOv8-medium ready — ONNX (imgsz=640).
17:16:39  INFO     [RAMS] Controller ready. Policy: threshold
17:16:41  INFO     [RAMS] Tier switch: SMALL → NANO  (R=0.607)
17:16:41  INFO     [RAMS] Tier switch: NANO → SMALL  (R=0.602)
17:16:42  INFO     [RAMS] Tier switch: SMALL → NANO  (R=0.646)
17:16:42  INFO     [RAMS] Tier switch: NANO → SMALL  (R=0.600)
17:16:43  INFO     [RAMS] Tier switch: SMALL → NANO  (R=0.671)
17:16:43  INFO     [RAMS] Tier switch: NANO → SMALL  (R=0.603)
17:16:43  INFO     [RAMS] Tier switch: SMALL → NANO  (R=0.626)
17:16:44  INFO     [RAMS] Tier switch: NANO → SMALL  (R=0.597)
17:16:44  INFO     [RAMS] Tier switch: SMALL → NANO  (R=0.624)
17:16:44  INFO     [RAMS] Tier switch: NANO → SMALL  (R=0.595)
17:16:45  INFO     [RAMS] Tier switch: SMALL → NANO  (R=0.619)
17:16:47  INFO     [RAMS] Tier switch: NANO → SMALL  (R=0.513)
17:16:48  INFO     [RAMS] Tier switch: SMALL → NANO  (R=0.612)
17:16:48  INFO     [RAMS] Tier switch: NANO → SMALL  (R=0.604)
17:16:48  INFO     [RAMS] Tier switch: SMALL → NANO  (R=0.613)
17:16:48  INFO     [RAMS] Tier switch: NANO → SMALL  (R=0.596)
17:16:49  INFO     [RAMS] Tier switch: SMALL → NANO  (R=0.613)
17:16:49  INFO     [RAMS] Tier switch: NANO → SMALL  (R=0.604)
17:16:50  INFO     [RAMS] Tier switch: SMALL → NANO  (R=0.700)
17:16:50  INFO     [RAMS] Tier switch: NANO → SMALL  (R=0.600)
17:16:50  INFO     [RAMS] Tier switch: SMALL → NANO  (R=0.618)
17:16:50  INFO     [RAMS] Tier switch: NANO → SMALL  (R=0.604)
17:16:51  INFO     [RAMS] Tier switch: SMALL → NANO  (R=0.618)
17:16:51  INFO     [RAMS] Tier switch: NANO → SMALL  (R=0.600)
17:16:52  INFO     [RAMS] Tier switch: SMALL → NANO  (R=0.634)
17:16:52  INFO     [RAMS] Tier switch: NANO → SMALL  (R=0.596)
17:16:53  INFO     [RAMS] Tier switch: SMALL → NANO  (R=0.683)
17:16:55  INFO     [RAMS] Controller stopped.
    block=9/10 method=FIXED_NANO ...
17:16:55  INFO     [RAMS] Starting resource monitor ...
17:16:55  INFO     [RAMS] Loading model tiers ...
17:16:55  INFO     [RAMS] YOLOv8-nano ready — ONNX (imgsz=320).
17:16:55  INFO     [RAMS] YOLOv8-small ready — ONNX (imgsz=416).
17:16:56  INFO     [RAMS] YOLOv8-medium ready — ONNX (imgsz=640).
17:16:56  INFO     [RAMS] Controller ready. Policy: fixed
17:16:57  INFO     [RAMS] Tier switch: SMALL → NANO  (R=0.483)
17:17:07  INFO     [RAMS] Controller stopped.
    block=10/10 method=threshold ...
17:17:07  INFO     [RAMS] Starting resource monitor ...
17:17:07  INFO     [RAMS] Loading model tiers ...
17:17:07  INFO     [RAMS] YOLOv8-nano ready — ONNX (imgsz=320).
17:17:08  INFO     [RAMS] YOLOv8-small ready — ONNX (imgsz=416).
17:17:08  INFO     [RAMS] YOLOv8-medium ready — ONNX (imgsz=640).
17:17:08  INFO     [RAMS] Controller ready. Policy: threshold
17:17:10  INFO     [RAMS] Tier switch: SMALL → NANO  (R=0.636)
17:17:10  INFO     [RAMS] Tier switch: NANO → SMALL  (R=0.605)
17:17:11  INFO     [RAMS] Tier switch: SMALL → NANO  (R=0.632)
17:17:11  INFO     [RAMS] Tier switch: NANO → SMALL  (R=0.600)
17:17:12  INFO     [RAMS] Tier switch: SMALL → NANO  (R=0.629)
17:17:12  INFO     [RAMS] Tier switch: NANO → SMALL  (R=0.604)
17:17:13  INFO     [RAMS] Tier switch: SMALL → NANO  (R=0.629)
17:17:13  INFO     [RAMS] Tier switch: NANO → SMALL  (R=0.605)
17:17:14  INFO     [RAMS] Tier switch: SMALL → NANO  (R=0.611)
17:17:14  INFO     [RAMS] Tier switch: NANO → SMALL  (R=0.597)
17:17:15  INFO     [RAMS] Tier switch: SMALL → NANO  (R=0.616)
17:17:22  INFO     [RAMS] Tier switch: NANO → SMALL  (R=0.595)
17:17:22  INFO     [RAMS] Controller stopped.
    block=10/10 method=adaptive ...
17:17:22  INFO     [RAMS] Starting resource monitor ...
17:17:22  INFO     [RAMS] Loading model tiers ...
17:17:22  INFO     [RAMS] YOLOv8-nano ready — ONNX (imgsz=320).
17:17:23  INFO     [RAMS] YOLOv8-small ready — ONNX (imgsz=416).
17:17:23  INFO     [RAMS] YOLOv8-medium ready — ONNX (imgsz=640).
17:17:23  INFO     [RAMS] Controller ready. Policy: adaptive
17:17:26  INFO     [RAMS] Tier switch: SMALL → NANO  (R=0.676)
17:17:26  INFO     [RAMS] Tier switch: NANO → SMALL  (R=0.600)
17:17:26  INFO     [RAMS] Tier switch: SMALL → NANO  (R=0.623)
17:17:27  INFO     [RAMS] Tier switch: NANO → SMALL  (R=0.600)
17:17:27  INFO     [RAMS] Tier switch: SMALL → NANO  (R=0.687)
17:17:27  INFO     [RAMS] Tier switch: NANO → SMALL  (R=0.593)
17:17:27  INFO     [RAMS] Tier switch: SMALL → NANO  (R=0.629)
17:17:28  INFO     [RAMS] Tier switch: NANO → SMALL  (R=0.588)
17:17:28  INFO     [RAMS] Tier switch: SMALL → NANO  (R=0.624)
17:17:28  INFO     [RAMS] Tier switch: NANO → SMALL  (R=0.593)
17:17:29  INFO     [RAMS] Tier switch: SMALL → NANO  (R=0.627)
17:17:29  INFO     [RAMS] Tier switch: NANO → SMALL  (R=0.595)
17:17:29  INFO     [RAMS] Tier switch: SMALL → NANO  (R=0.612)
17:17:30  INFO     [RAMS] Tier switch: NANO → SMALL  (R=0.596)
17:17:30  INFO     [RAMS] Tier switch: SMALL → NANO  (R=0.639)
17:17:31  INFO     [RAMS] Tier switch: NANO → SMALL  (R=0.590)
17:17:32  INFO     [RAMS] Tier switch: SMALL → NANO  (R=0.675)
17:17:32  INFO     [RAMS] Tier switch: NANO → SMALL  (R=0.595)
17:17:32  INFO     [RAMS] Tier switch: SMALL → NANO  (R=0.620)
17:17:33  INFO     [RAMS] Tier switch: NANO → SMALL  (R=0.596)
17:17:33  INFO     [RAMS] Tier switch: SMALL → NANO  (R=0.623)
17:17:34  INFO     [RAMS] Tier switch: NANO → SMALL  (R=0.600)
17:17:35  INFO     [RAMS] Tier switch: SMALL → NANO  (R=0.617)
17:17:36  INFO     [RAMS] Controller stopped.
    block=10/10 method=FIXED_NANO ...
17:17:36  INFO     [RAMS] Starting resource monitor ...
17:17:36  INFO     [RAMS] Loading model tiers ...
17:17:37  INFO     [RAMS] YOLOv8-nano ready — ONNX (imgsz=320).
17:17:37  INFO     [RAMS] YOLOv8-small ready — ONNX (imgsz=416).
17:17:38  INFO     [RAMS] YOLOv8-medium ready — ONNX (imgsz=640).
17:17:38  INFO     [RAMS] Controller ready. Policy: fixed
17:17:39  INFO     [RAMS] Tier switch: SMALL → NANO  (R=0.563)
17:17:49  INFO     [RAMS] Controller stopped.
    block=10/10 method=predictive ...
17:17:49  INFO     [RAMS] Starting resource monitor ...
17:17:49  INFO     [RAMS] Loading model tiers ...
17:17:49  INFO     [RAMS] YOLOv8-nano ready — ONNX (imgsz=320).
17:17:50  INFO     [RAMS] YOLOv8-small ready — ONNX (imgsz=416).
17:17:50  INFO     [RAMS] YOLOv8-medium ready — ONNX (imgsz=640).
17:17:50  INFO     [RAMS] Controller ready. Policy: predictive
17:17:53  INFO     [RAMS] Tier switch: SMALL → NANO  (R=0.683)
17:17:53  INFO     [RAMS] Tier switch: NANO → SMALL  (R=0.585)
17:17:53  INFO     [RAMS] Tier switch: SMALL → NANO  (R=0.634)
17:17:54  INFO     [RAMS] Tier switch: NANO → SMALL  (R=0.597)
17:17:54  INFO     [RAMS] Tier switch: SMALL → NANO  (R=0.611)
17:17:55  INFO     [RAMS] Tier switch: NANO → SMALL  (R=0.604)
17:17:55  INFO     [RAMS] Tier switch: SMALL → NANO  (R=0.625)
17:17:55  INFO     [RAMS] Tier switch: NANO → SMALL  (R=0.597)
17:17:56  INFO     [RAMS] Tier switch: SMALL → NANO  (R=0.652)
17:17:56  INFO     [RAMS] Tier switch: NANO → SMALL  (R=0.599)
17:17:56  INFO     [RAMS] Tier switch: SMALL → NANO  (R=0.629)
17:17:56  INFO     [RAMS] Tier switch: NANO → SMALL  (R=0.604)
17:17:56  INFO     [RAMS] Tier switch: SMALL → NANO  (R=0.624)
17:17:57  INFO     [RAMS] Tier switch: NANO → SMALL  (R=0.596)
17:17:57  INFO     [RAMS] Tier switch: SMALL → NANO  (R=0.623)
17:17:58  INFO     [RAMS] Tier switch: NANO → SMALL  (R=0.600)
17:17:58  INFO     [RAMS] Tier switch: SMALL → NANO  (R=0.632)
17:17:58  INFO     [RAMS] Tier switch: NANO → SMALL  (R=0.603)
17:17:58  INFO     [RAMS] Tier switch: SMALL → NANO  (R=0.637)
17:18:04  INFO     [RAMS] Controller stopped.
    block=10/10 method=safety ...
17:18:04  INFO     [RAMS] Starting resource monitor ...
17:18:04  INFO     [RAMS] Loading model tiers ...
17:18:04  INFO     [RAMS] YOLOv8-nano ready — ONNX (imgsz=320).
17:18:04  INFO     [RAMS] YOLOv8-small ready — ONNX (imgsz=416).
17:18:05  INFO     [RAMS] YOLOv8-medium ready — ONNX (imgsz=640).
17:18:05  INFO     [RAMS] Controller ready. Policy: safety
17:18:07  INFO     [RAMS] Tier switch: SMALL → NANO  (R=0.629)
17:18:07  INFO     [RAMS] Tier switch: NANO → SMALL  (R=0.593)
17:18:09  INFO     [RAMS] Tier switch: SMALL → NANO  (R=0.613)
17:18:09  INFO     [RAMS] Tier switch: NANO → SMALL  (R=0.606)
17:18:10  INFO     [RAMS] Tier switch: SMALL → NANO  (R=0.629)
17:18:10  INFO     [RAMS] Tier switch: NANO → SMALL  (R=0.665)
17:18:12  INFO     [RAMS] Tier switch: SMALL → NANO  (R=0.612)
17:18:12  INFO     [RAMS] Tier switch: NANO → SMALL  (R=0.600)
17:18:14  INFO     [RAMS] Tier switch: SMALL → NANO  (R=0.607)
17:18:15  INFO     [RAMS] Tier switch: NANO → SMALL  (R=0.624)
17:18:15  INFO     [RAMS] Tier switch: SMALL → NANO  (R=0.616)
17:18:16  INFO     [RAMS] Tier switch: NANO → SMALL  (R=0.612)
17:18:22  INFO     [RAMS] Tier switch: SMALL → NANO  (R=0.676)
17:18:24  INFO     [RAMS] Tier switch: NANO → SMALL  (R=0.655)
17:18:25  INFO     [RAMS] Tier switch: SMALL → NANO  (R=0.662)
17:18:26  INFO     [RAMS] Tier switch: NANO → SMALL  (R=0.694)
17:18:26  INFO     [RAMS] Tier switch: SMALL → NANO  (R=0.679)
17:18:26  INFO     [RAMS] Tier switch: NANO → SMALL  (R=0.655)
17:18:30  INFO     [RAMS] Controller stopped.
    block=10/10 method=FIXED_SMALL ...
17:18:30  INFO     [RAMS] Starting resource monitor ...
17:18:30  INFO     [RAMS] Loading model tiers ...
17:18:30  INFO     [RAMS] YOLOv8-nano ready — ONNX (imgsz=320).
17:18:30  INFO     [RAMS] YOLOv8-small ready — ONNX (imgsz=416).
17:18:31  INFO     [RAMS] YOLOv8-medium ready — ONNX (imgsz=640).
17:18:31  INFO     [RAMS] Controller ready. Policy: fixed
17:19:03  INFO     [RAMS] Controller stopped.
    block=10/10 method=FIXED_MEDIUM ...
17:19:03  INFO     [RAMS] Starting resource monitor ...
17:19:03  INFO     [RAMS] Loading model tiers ...
17:19:04  INFO     [RAMS] YOLOv8-nano ready — ONNX (imgsz=320).
17:19:04  INFO     [RAMS] YOLOv8-small ready — ONNX (imgsz=416).
17:19:05  INFO     [RAMS] YOLOv8-medium ready — ONNX (imgsz=640).
17:19:05  INFO     [RAMS] Controller ready. Policy: fixed
17:19:06  INFO     [RAMS] Tier switch: SMALL → MEDIUM  (R=0.585)
17:21:44  INFO     [RAMS] Controller stopped.
    block=10/10 method=safety2 ...
17:21:44  INFO     [RAMS] Starting resource monitor ...
17:21:44  INFO     [RAMS] Loading model tiers ...
17:21:44  INFO     [RAMS] YOLOv8-nano ready — ONNX (imgsz=320).
17:21:44  INFO     [RAMS] YOLOv8-small ready — ONNX (imgsz=416).
17:21:45  INFO     [RAMS] YOLOv8-medium ready — ONNX (imgsz=640).
17:21:45  INFO     [RAMS] Controller ready. Policy: safety2
17:21:47  INFO     [RAMS] Tier switch: SMALL → NANO  (R=0.611)
17:21:47  INFO     [RAMS] Tier switch: NANO → MEDIUM  (R=0.600)
17:21:50  INFO     [RAMS] Tier switch: MEDIUM → SMALL  (R=0.624)
17:21:52  INFO     [RAMS] Tier switch: SMALL → NANO  (R=0.630)
17:21:52  INFO     [RAMS] Tier switch: NANO → SMALL  (R=0.598)
17:21:53  INFO     [RAMS] Tier switch: SMALL → MEDIUM  (R=0.617)
17:21:55  INFO     [RAMS] Tier switch: MEDIUM → NANO  (R=0.628)
17:21:56  INFO     [RAMS] Tier switch: NANO → SMALL  (R=0.593)
17:21:56  INFO     [RAMS] Tier switch: SMALL → MEDIUM  (R=0.697)
17:21:57  INFO     [RAMS] Tier switch: MEDIUM → NANO  (R=0.614)
17:21:57  INFO     [RAMS] Tier switch: NANO → SMALL  (R=0.575)
17:21:58  INFO     [RAMS] Tier switch: SMALL → NANO  (R=0.616)
17:21:58  INFO     [RAMS] Tier switch: NANO → SMALL  (R=0.599)
17:21:59  INFO     [RAMS] Tier switch: SMALL → NANO  (R=0.619)
17:21:59  INFO     [RAMS] Tier switch: NANO → MEDIUM  (R=0.663)
17:22:02  INFO     [RAMS] Tier switch: MEDIUM → NANO  (R=0.666)
17:22:02  INFO     [RAMS] Tier switch: NANO → MEDIUM  (R=0.683)
17:22:05  INFO     [RAMS] Tier switch: MEDIUM → NANO  (R=0.670)
17:22:05  INFO     [RAMS] Tier switch: NANO → SMALL  (R=0.709)
17:22:05  INFO     [RAMS] Tier switch: SMALL → NANO  (R=0.668)
17:22:06  INFO     [RAMS] Tier switch: NANO → MEDIUM  (R=0.668)
17:22:08  INFO     [RAMS] Tier switch: MEDIUM → NANO  (R=0.695)
17:22:08  INFO     [RAMS] Tier switch: NANO → SMALL  (R=0.617)
17:22:08  INFO     [RAMS] Tier switch: SMALL → MEDIUM  (R=0.630)
17:22:10  INFO     [RAMS] Tier switch: MEDIUM → NANO  (R=0.630)
17:22:10  INFO     [RAMS] Tier switch: NANO → SMALL  (R=0.612)
17:22:11  INFO     [RAMS] Tier switch: SMALL → MEDIUM  (R=0.619)
17:22:12  INFO     [RAMS] Tier switch: MEDIUM → NANO  (R=0.625)
17:22:12  INFO     [RAMS] Tier switch: NANO → MEDIUM  (R=0.625)
17:22:14  INFO     [RAMS] Tier switch: MEDIUM → NANO  (R=0.635)
17:22:14  INFO     [RAMS] Tier switch: NANO → SMALL  (R=0.635)
17:22:15  INFO     [RAMS] Tier switch: SMALL → NANO  (R=0.689)
17:22:15  INFO     [RAMS] Tier switch: NANO → SMALL  (R=0.605)
17:22:17  INFO     [RAMS] Tier switch: SMALL → NANO  (R=0.618)
17:22:17  INFO     [RAMS] Tier switch: NANO → SMALL  (R=0.602)
17:22:18  INFO     [RAMS] Tier switch: SMALL → MEDIUM  (R=0.658)
17:22:19  INFO     [RAMS] Tier switch: MEDIUM → SMALL  (R=0.632)
17:22:20  INFO     [RAMS] Tier switch: SMALL → NANO  (R=0.629)
17:22:20  INFO     [RAMS] Tier switch: NANO → SMALL  (R=0.600)
17:22:22  INFO     [RAMS] Tier switch: SMALL → MEDIUM  (R=0.706)
17:22:24  INFO     [RAMS] Tier switch: MEDIUM → NANO  (R=0.677)
17:22:24  INFO     [RAMS] Tier switch: NANO → SMALL  (R=0.659)
17:22:25  INFO     [RAMS] Tier switch: SMALL → MEDIUM  (R=0.713)
17:22:35  INFO     [RAMS] Tier switch: MEDIUM → NANO  (R=0.625)
17:22:35  INFO     [RAMS] Controller stopped.
      threshold: latency=54.8 ms  acc_proxy=0.384
      predictive: latency=50.5 ms  acc_proxy=0.381
      safety: latency=113.6 ms  acc_proxy=0.425
      adaptive: latency=47.9 ms  acc_proxy=0.379
      safety2: latency=233.9 ms  acc_proxy=0.427
      FIXED_NANO: latency=37.6 ms  acc_proxy=0.372
      FIXED_SMALL: latency=148.2 ms  acc_proxy=0.448
      FIXED_MEDIUM: latency=775.7 ms  acc_proxy=0.503
17:22:35  INFO     generated new fontManager
  Chart saved → exp5_pareto_moderate.png

═════════════════════════════════════════════════════════════════════════════════════════
  Experiment 5: Accuracy–Latency Pareto (mean latency, tier dist)
═════════════════════════════════════════════════════════════════════════════════════════
Label           Group           N      Mean ms   ±Std     P95 ms   Tier dist             
──────────────  ──────────────  ─────  ────────  ───────  ───────  ──────────────────────
threshold       moderate        2000   54.8      38.6     146.8    NANO:85%  SMALL:15%   
predictive      moderate        2000   50.5      34.5     144.6    NANO:89%  SMALL:11%   
safety          moderate        2000   113.6     51.9     177.9    NANO:30%  SMALL:70%   
adaptive        moderate        2000   47.9      33.0     138.9    NANO:91%  SMALL:9%    
safety2         moderate        2000   233.9     291.0    822.2    MEDIUM:21%  NANO:43%  SMALL:36%
FIXED_NANO      moderate        2000   37.6      6.2      49.5     NANO:100%             
FIXED_SMALL     moderate        2000   148.2     49.1     188.1    SMALL:100%            
FIXED_MEDIUM    moderate        2000   775.7     65.0     919.6    MEDIUM:100%           
═════════════════════════════════════════════════════════════════════════════════════════

  LaTeX table → /home/soren/rams_sep2026/corrected-20260908/results/full-20260908-v1/onnx/pareto_moderate/exp5_latex_moderate.tex

