{
  "host": "soren-edge",
  "platform": "Linux-5.15.148-tegra-aarch64-with-glibc2.35",
  "baseline": {
    "n": 300,
    "mean": 0.25756883333333336,
    "std": 0.059616301728174184,
    "p50": 0.25145,
    "p75": 0.2866,
    "p90": 0.31229999999999997,
    "p95": 0.3451,
    "max": 0.6164999999999999,
    "cpu_mean": 10.228,
    "mem_mean": 78.48033333333333
  },
  "thresholds": {
    "lo_thresh": 0.362,
    "hi_thresh": 0.612,
    "gap": 0.25
  },
  "timestamp": "2026-04-22T22:39:48"
}