
══════════════════════════════════════════════════════════════
  Experiment 5 — Accuracy–Latency Pareto Frontier
  N=200  simulate=False
══════════════════════════════════════════════════════════════

  ── Load scenario: moderate (intensity=0.5) ──
    block=1/10 method=FIXED_SMALL ...
13:58:18  INFO     [RAMS] Starting resource monitor ...
13:58:18  INFO     [RAMS] Loading model tiers ...
WARNING ⚠️ Unable to automatically guess model task, assuming 'task=detect'. Explicitly define task for your model, i.e. 'task=detect', 'segment', 'classify', 'pose', 'obb' or 'semantic'.
Loading yolov8n.engine for TensorRT inference...
[09/09/2026-13:58:21] [TRT] [I] Loaded engine size: 7 MiB
[09/09/2026-13:58:21] [TRT] [I] [MemUsageChange] TensorRT-managed allocation in IExecutionContext creation: CPU +0, GPU +3, now: CPU 0, GPU 9 (MiB)
13:58:22  INFO     [RAMS] YOLOv8-nano ready — TensorRT yolov8n.engine (imgsz=320).
WARNING ⚠️ Unable to automatically guess model task, assuming 'task=detect'. Explicitly define task for your model, i.e. 'task=detect', 'segment', 'classify', 'pose', 'obb' or 'semantic'.
Loading yolov8s.engine for TensorRT inference...
[09/09/2026-13:58:22] [TRT] [I] The logger passed into createInferRuntime differs from one already provided for an existing builder, runtime, or refitter. Uses of the global logger, returned by nvinfer1::getLogger(), will return the existing value.
[09/09/2026-13:58:22] [TRT] [I] Loaded engine size: 23 MiB
[09/09/2026-13:58:22] [TRT] [I] [MemUsageChange] TensorRT-managed allocation in IExecutionContext creation: CPU +1, GPU +7, now: CPU 1, GPU 38 (MiB)
13:58:22  INFO     [RAMS] YOLOv8-small ready — TensorRT yolov8s.engine (imgsz=416).
WARNING ⚠️ Unable to automatically guess model task, assuming 'task=detect'. Explicitly define task for your model, i.e. 'task=detect', 'segment', 'classify', 'pose', 'obb' or 'semantic'.
Loading yolov8m.engine for TensorRT inference...
[09/09/2026-13:58:22] [TRT] [I] The logger passed into createInferRuntime differs from one already provided for an existing builder, runtime, or refitter. Uses of the global logger, returned by nvinfer1::getLogger(), will return the existing value.
[09/09/2026-13:58:22] [TRT] [I] Loaded engine size: 52 MiB
[09/09/2026-13:58:22] [TRT] [I] [MemUsageChange] TensorRT-managed allocation in IExecutionContext creation: CPU +0, GPU +29, now: CPU 1, GPU 117 (MiB)
13:58:22  INFO     [RAMS] YOLOv8-medium ready — TensorRT yolov8m.engine (imgsz=640).
13:58:22  INFO     [RAMS] Controller ready. Policy: fixed
13:58:28  INFO     [RAMS] Controller stopped.
    block=1/10 method=FIXED_NANO ...
13:58:28  INFO     [RAMS] Starting resource monitor ...
13:58:28  INFO     [RAMS] Loading model tiers ...
WARNING ⚠️ Unable to automatically guess model task, assuming 'task=detect'. Explicitly define task for your model, i.e. 'task=detect', 'segment', 'classify', 'pose', 'obb' or 'semantic'.
Loading yolov8n.engine for TensorRT inference...
[09/09/2026-13:58:28] [TRT] [I] Loaded engine size: 7 MiB
[09/09/2026-13:58:28] [TRT] [I] [MemUsageChange] TensorRT-managed allocation in IExecutionContext creation: CPU +0, GPU +3, now: CPU 0, GPU 9 (MiB)
13:58:28  INFO     [RAMS] YOLOv8-nano ready — TensorRT yolov8n.engine (imgsz=320).
WARNING ⚠️ Unable to automatically guess model task, assuming 'task=detect'. Explicitly define task for your model, i.e. 'task=detect', 'segment', 'classify', 'pose', 'obb' or 'semantic'.
Loading yolov8s.engine for TensorRT inference...
[09/09/2026-13:58:28] [TRT] [I] The logger passed into createInferRuntime differs from one already provided for an existing builder, runtime, or refitter. Uses of the global logger, returned by nvinfer1::getLogger(), will return the existing value.
[09/09/2026-13:58:28] [TRT] [I] Loaded engine size: 23 MiB
[09/09/2026-13:58:28] [TRT] [I] [MemUsageChange] TensorRT-managed allocation in IExecutionContext creation: CPU +1, GPU +7, now: CPU 1, GPU 38 (MiB)
13:58:28  INFO     [RAMS] YOLOv8-small ready — TensorRT yolov8s.engine (imgsz=416).
WARNING ⚠️ Unable to automatically guess model task, assuming 'task=detect'. Explicitly define task for your model, i.e. 'task=detect', 'segment', 'classify', 'pose', 'obb' or 'semantic'.
Loading yolov8m.engine for TensorRT inference...
[09/09/2026-13:58:28] [TRT] [I] The logger passed into createInferRuntime differs from one already provided for an existing builder, runtime, or refitter. Uses of the global logger, returned by nvinfer1::getLogger(), will return the existing value.
[09/09/2026-13:58:28] [TRT] [I] Loaded engine size: 52 MiB
[09/09/2026-13:58:28] [TRT] [I] [MemUsageChange] TensorRT-managed allocation in IExecutionContext creation: CPU +0, GPU +29, now: CPU 1, GPU 117 (MiB)
13:58:28  INFO     [RAMS] YOLOv8-medium ready — TensorRT yolov8m.engine (imgsz=640).
13:58:28  INFO     [RAMS] Controller ready. Policy: fixed
13:58:29  INFO     [RAMS] Tier switch: SMALL → NANO  (R=0.410)
13:58:33  INFO     [RAMS] Controller stopped.
    block=1/10 method=threshold ...
13:58:33  INFO     [RAMS] Starting resource monitor ...
13:58:33  INFO     [RAMS] Loading model tiers ...
WARNING ⚠️ Unable to automatically guess model task, assuming 'task=detect'. Explicitly define task for your model, i.e. 'task=detect', 'segment', 'classify', 'pose', 'obb' or 'semantic'.
Loading yolov8n.engine for TensorRT inference...
[09/09/2026-13:58:33] [TRT] [I] Loaded engine size: 7 MiB
[09/09/2026-13:58:33] [TRT] [I] [MemUsageChange] TensorRT-managed allocation in IExecutionContext creation: CPU +0, GPU +3, now: CPU 0, GPU 9 (MiB)
13:58:33  INFO     [RAMS] YOLOv8-nano ready — TensorRT yolov8n.engine (imgsz=320).
WARNING ⚠️ Unable to automatically guess model task, assuming 'task=detect'. Explicitly define task for your model, i.e. 'task=detect', 'segment', 'classify', 'pose', 'obb' or 'semantic'.
Loading yolov8s.engine for TensorRT inference...
[09/09/2026-13:58:33] [TRT] [I] The logger passed into createInferRuntime differs from one already provided for an existing builder, runtime, or refitter. Uses of the global logger, returned by nvinfer1::getLogger(), will return the existing value.
[09/09/2026-13:58:33] [TRT] [I] Loaded engine size: 23 MiB
[09/09/2026-13:58:33] [TRT] [I] [MemUsageChange] TensorRT-managed allocation in IExecutionContext creation: CPU +1, GPU +7, now: CPU 1, GPU 38 (MiB)
13:58:33  INFO     [RAMS] YOLOv8-small ready — TensorRT yolov8s.engine (imgsz=416).
WARNING ⚠️ Unable to automatically guess model task, assuming 'task=detect'. Explicitly define task for your model, i.e. 'task=detect', 'segment', 'classify', 'pose', 'obb' or 'semantic'.
Loading yolov8m.engine for TensorRT inference...
[09/09/2026-13:58:33] [TRT] [I] The logger passed into createInferRuntime differs from one already provided for an existing builder, runtime, or refitter. Uses of the global logger, returned by nvinfer1::getLogger(), will return the existing value.
[09/09/2026-13:58:33] [TRT] [I] Loaded engine size: 52 MiB
[09/09/2026-13:58:33] [TRT] [I] [MemUsageChange] TensorRT-managed allocation in IExecutionContext creation: CPU +0, GPU +29, now: CPU 1, GPU 117 (MiB)
13:58:33  INFO     [RAMS] YOLOv8-medium ready — TensorRT yolov8m.engine (imgsz=640).
13:58:33  INFO     [RAMS] Controller ready. Policy: threshold
13:58:35  INFO     [RAMS] Tier switch: SMALL → NANO  (R=0.567)
13:58:35  INFO     [RAMS] Tier switch: NANO → SMALL  (R=0.498)
13:58:36  INFO     [RAMS] Tier switch: SMALL → NANO  (R=0.589)
13:58:36  INFO     [RAMS] Tier switch: NANO → SMALL  (R=0.477)
13:58:37  INFO     [RAMS] Tier switch: SMALL → NANO  (R=0.558)
13:58:37  INFO     [RAMS] Tier switch: NANO → SMALL  (R=0.505)
13:58:38  INFO     [RAMS] Tier switch: SMALL → NANO  (R=0.582)
13:58:38  INFO     [RAMS] Tier switch: NANO → SMALL  (R=0.491)
13:58:38  INFO     [RAMS] Controller stopped.
    block=1/10 method=predictive ...
13:58:38  INFO     [RAMS] Starting resource monitor ...
13:58:38  INFO     [RAMS] Loading model tiers ...
WARNING ⚠️ Unable to automatically guess model task, assuming 'task=detect'. Explicitly define task for your model, i.e. 'task=detect', 'segment', 'classify', 'pose', 'obb' or 'semantic'.
Loading yolov8n.engine for TensorRT inference...
[09/09/2026-13:58:38] [TRT] [I] Loaded engine size: 7 MiB
[09/09/2026-13:58:38] [TRT] [I] [MemUsageChange] TensorRT-managed allocation in IExecutionContext creation: CPU +0, GPU +3, now: CPU 0, GPU 9 (MiB)
13:58:39  INFO     [RAMS] YOLOv8-nano ready — TensorRT yolov8n.engine (imgsz=320).
WARNING ⚠️ Unable to automatically guess model task, assuming 'task=detect'. Explicitly define task for your model, i.e. 'task=detect', 'segment', 'classify', 'pose', 'obb' or 'semantic'.
Loading yolov8s.engine for TensorRT inference...
[09/09/2026-13:58:39] [TRT] [I] The logger passed into createInferRuntime differs from one already provided for an existing builder, runtime, or refitter. Uses of the global logger, returned by nvinfer1::getLogger(), will return the existing value.
[09/09/2026-13:58:39] [TRT] [I] Loaded engine size: 23 MiB
[09/09/2026-13:58:39] [TRT] [I] [MemUsageChange] TensorRT-managed allocation in IExecutionContext creation: CPU +1, GPU +7, now: CPU 1, GPU 38 (MiB)
13:58:39  INFO     [RAMS] YOLOv8-small ready — TensorRT yolov8s.engine (imgsz=416).
WARNING ⚠️ Unable to automatically guess model task, assuming 'task=detect'. Explicitly define task for your model, i.e. 'task=detect', 'segment', 'classify', 'pose', 'obb' or 'semantic'.
Loading yolov8m.engine for TensorRT inference...
[09/09/2026-13:58:39] [TRT] [I] The logger passed into createInferRuntime differs from one already provided for an existing builder, runtime, or refitter. Uses of the global logger, returned by nvinfer1::getLogger(), will return the existing value.
[09/09/2026-13:58:39] [TRT] [I] Loaded engine size: 52 MiB
[09/09/2026-13:58:39] [TRT] [I] [MemUsageChange] TensorRT-managed allocation in IExecutionContext creation: CPU +0, GPU +29, now: CPU 1, GPU 117 (MiB)
13:58:39  INFO     [RAMS] YOLOv8-medium ready — TensorRT yolov8m.engine (imgsz=640).
13:58:39  INFO     [RAMS] Controller ready. Policy: predictive
13:58:41  INFO     [RAMS] Tier switch: SMALL → NANO  (R=0.550)
13:58:44  INFO     [RAMS] Controller stopped.
    block=1/10 method=adaptive ...
13:58:44  INFO     [RAMS] Starting resource monitor ...
13:58:44  INFO     [RAMS] Loading model tiers ...
WARNING ⚠️ Unable to automatically guess model task, assuming 'task=detect'. Explicitly define task for your model, i.e. 'task=detect', 'segment', 'classify', 'pose', 'obb' or 'semantic'.
Loading yolov8n.engine for TensorRT inference...
[09/09/2026-13:58:44] [TRT] [I] Loaded engine size: 7 MiB
[09/09/2026-13:58:44] [TRT] [I] [MemUsageChange] TensorRT-managed allocation in IExecutionContext creation: CPU +0, GPU +3, now: CPU 0, GPU 9 (MiB)
13:58:44  INFO     [RAMS] YOLOv8-nano ready — TensorRT yolov8n.engine (imgsz=320).
WARNING ⚠️ Unable to automatically guess model task, assuming 'task=detect'. Explicitly define task for your model, i.e. 'task=detect', 'segment', 'classify', 'pose', 'obb' or 'semantic'.
Loading yolov8s.engine for TensorRT inference...
[09/09/2026-13:58:44] [TRT] [I] The logger passed into createInferRuntime differs from one already provided for an existing builder, runtime, or refitter. Uses of the global logger, returned by nvinfer1::getLogger(), will return the existing value.
[09/09/2026-13:58:44] [TRT] [I] Loaded engine size: 23 MiB
[09/09/2026-13:58:44] [TRT] [I] [MemUsageChange] TensorRT-managed allocation in IExecutionContext creation: CPU +1, GPU +7, now: CPU 1, GPU 38 (MiB)
13:58:44  INFO     [RAMS] YOLOv8-small ready — TensorRT yolov8s.engine (imgsz=416).
WARNING ⚠️ Unable to automatically guess model task, assuming 'task=detect'. Explicitly define task for your model, i.e. 'task=detect', 'segment', 'classify', 'pose', 'obb' or 'semantic'.
Loading yolov8m.engine for TensorRT inference...
[09/09/2026-13:58:44] [TRT] [I] The logger passed into createInferRuntime differs from one already provided for an existing builder, runtime, or refitter. Uses of the global logger, returned by nvinfer1::getLogger(), will return the existing value.
[09/09/2026-13:58:44] [TRT] [I] Loaded engine size: 52 MiB
[09/09/2026-13:58:44] [TRT] [I] [MemUsageChange] TensorRT-managed allocation in IExecutionContext creation: CPU +0, GPU +29, now: CPU 1, GPU 117 (MiB)
13:58:44  INFO     [RAMS] YOLOv8-medium ready — TensorRT yolov8m.engine (imgsz=640).
13:58:44  INFO     [RAMS] Controller ready. Policy: adaptive
13:58:45  INFO     [RAMS] Tier switch: SMALL → NANO  (R=0.559)
13:58:47  INFO     [RAMS] Tier switch: NANO → SMALL  (R=0.490)
13:58:48  INFO     [RAMS] Tier switch: SMALL → NANO  (R=0.571)
13:58:48  INFO     [RAMS] Tier switch: NANO → SMALL  (R=0.500)
13:58:49  INFO     [RAMS] Tier switch: SMALL → NANO  (R=0.577)
13:58:49  INFO     [RAMS] Tier switch: NANO → SMALL  (R=0.500)
13:58:49  INFO     [RAMS] Controller stopped.
    block=1/10 method=FIXED_MEDIUM ...
13:58:49  INFO     [RAMS] Starting resource monitor ...
13:58:49  INFO     [RAMS] Loading model tiers ...
WARNING ⚠️ Unable to automatically guess model task, assuming 'task=detect'. Explicitly define task for your model, i.e. 'task=detect', 'segment', 'classify', 'pose', 'obb' or 'semantic'.
Loading yolov8n.engine for TensorRT inference...
[09/09/2026-13:58:49] [TRT] [I] Loaded engine size: 7 MiB
[09/09/2026-13:58:49] [TRT] [I] [MemUsageChange] TensorRT-managed allocation in IExecutionContext creation: CPU +0, GPU +3, now: CPU 0, GPU 9 (MiB)
13:58:49  INFO     [RAMS] YOLOv8-nano ready — TensorRT yolov8n.engine (imgsz=320).
WARNING ⚠️ Unable to automatically guess model task, assuming 'task=detect'. Explicitly define task for your model, i.e. 'task=detect', 'segment', 'classify', 'pose', 'obb' or 'semantic'.
Loading yolov8s.engine for TensorRT inference...
[09/09/2026-13:58:49] [TRT] [I] The logger passed into createInferRuntime differs from one already provided for an existing builder, runtime, or refitter. Uses of the global logger, returned by nvinfer1::getLogger(), will return the existing value.
[09/09/2026-13:58:49] [TRT] [I] Loaded engine size: 23 MiB
[09/09/2026-13:58:49] [TRT] [I] [MemUsageChange] TensorRT-managed allocation in IExecutionContext creation: CPU +1, GPU +7, now: CPU 1, GPU 38 (MiB)
13:58:49  INFO     [RAMS] YOLOv8-small ready — TensorRT yolov8s.engine (imgsz=416).
WARNING ⚠️ Unable to automatically guess model task, assuming 'task=detect'. Explicitly define task for your model, i.e. 'task=detect', 'segment', 'classify', 'pose', 'obb' or 'semantic'.
Loading yolov8m.engine for TensorRT inference...
[09/09/2026-13:58:49] [TRT] [I] The logger passed into createInferRuntime differs from one already provided for an existing builder, runtime, or refitter. Uses of the global logger, returned by nvinfer1::getLogger(), will return the existing value.
[09/09/2026-13:58:49] [TRT] [I] Loaded engine size: 52 MiB
[09/09/2026-13:58:49] [TRT] [I] [MemUsageChange] TensorRT-managed allocation in IExecutionContext creation: CPU +0, GPU +29, now: CPU 1, GPU 117 (MiB)
13:58:49  INFO     [RAMS] YOLOv8-medium ready — TensorRT yolov8m.engine (imgsz=640).
13:58:49  INFO     [RAMS] Controller ready. Policy: fixed
13:58:50  INFO     [RAMS] Tier switch: SMALL → MEDIUM  (R=0.410)
13:58:56  INFO     [RAMS] Controller stopped.
    block=1/10 method=safety2 ...
13:58:56  INFO     [RAMS] Starting resource monitor ...
13:58:56  INFO     [RAMS] Loading model tiers ...
WARNING ⚠️ Unable to automatically guess model task, assuming 'task=detect'. Explicitly define task for your model, i.e. 'task=detect', 'segment', 'classify', 'pose', 'obb' or 'semantic'.
Loading yolov8n.engine for TensorRT inference...
[09/09/2026-13:58:56] [TRT] [I] Loaded engine size: 7 MiB
[09/09/2026-13:58:56] [TRT] [I] [MemUsageChange] TensorRT-managed allocation in IExecutionContext creation: CPU +0, GPU +3, now: CPU 0, GPU 9 (MiB)
13:58:56  INFO     [RAMS] YOLOv8-nano ready — TensorRT yolov8n.engine (imgsz=320).
WARNING ⚠️ Unable to automatically guess model task, assuming 'task=detect'. Explicitly define task for your model, i.e. 'task=detect', 'segment', 'classify', 'pose', 'obb' or 'semantic'.
Loading yolov8s.engine for TensorRT inference...
[09/09/2026-13:58:56] [TRT] [I] The logger passed into createInferRuntime differs from one already provided for an existing builder, runtime, or refitter. Uses of the global logger, returned by nvinfer1::getLogger(), will return the existing value.
[09/09/2026-13:58:56] [TRT] [I] Loaded engine size: 23 MiB
[09/09/2026-13:58:56] [TRT] [I] [MemUsageChange] TensorRT-managed allocation in IExecutionContext creation: CPU +1, GPU +7, now: CPU 1, GPU 38 (MiB)
13:58:56  INFO     [RAMS] YOLOv8-small ready — TensorRT yolov8s.engine (imgsz=416).
WARNING ⚠️ Unable to automatically guess model task, assuming 'task=detect'. Explicitly define task for your model, i.e. 'task=detect', 'segment', 'classify', 'pose', 'obb' or 'semantic'.
Loading yolov8m.engine for TensorRT inference...
[09/09/2026-13:58:56] [TRT] [I] The logger passed into createInferRuntime differs from one already provided for an existing builder, runtime, or refitter. Uses of the global logger, returned by nvinfer1::getLogger(), will return the existing value.
[09/09/2026-13:58:56] [TRT] [I] Loaded engine size: 52 MiB
[09/09/2026-13:58:56] [TRT] [I] [MemUsageChange] TensorRT-managed allocation in IExecutionContext creation: CPU +0, GPU +29, now: CPU 1, GPU 117 (MiB)
13:58:56  INFO     [RAMS] YOLOv8-medium ready — TensorRT yolov8m.engine (imgsz=640).
13:58:56  INFO     [RAMS] Controller ready. Policy: safety2
13:58:58  INFO     [RAMS] Tier switch: SMALL → MEDIUM  (R=0.479)
13:58:58  INFO     [RAMS] Tier switch: MEDIUM → SMALL  (R=0.482)
13:58:58  INFO     [RAMS] Tier switch: SMALL → MEDIUM  (R=0.509)
13:58:59  INFO     [RAMS] Tier switch: MEDIUM → NANO  (R=0.551)
13:58:59  INFO     [RAMS] Tier switch: NANO → SMALL  (R=0.519)
13:58:59  INFO     [RAMS] Tier switch: SMALL → MEDIUM  (R=0.502)
13:59:00  INFO     [RAMS] Tier switch: MEDIUM → SMALL  (R=0.547)
13:59:00  INFO     [RAMS] Tier switch: SMALL → MEDIUM  (R=0.501)
13:59:01  INFO     [RAMS] Tier switch: MEDIUM → SMALL  (R=0.547)
13:59:01  INFO     [RAMS] Tier switch: SMALL → MEDIUM  (R=0.511)
13:59:02  INFO     [RAMS] Tier switch: MEDIUM → SMALL  (R=0.495)
13:59:02  INFO     [RAMS] Tier switch: SMALL → MEDIUM  (R=0.495)
13:59:03  INFO     [RAMS] Controller stopped.
    block=1/10 method=safety ...
13:59:03  INFO     [RAMS] Starting resource monitor ...
13:59:03  INFO     [RAMS] Loading model tiers ...
WARNING ⚠️ Unable to automatically guess model task, assuming 'task=detect'. Explicitly define task for your model, i.e. 'task=detect', 'segment', 'classify', 'pose', 'obb' or 'semantic'.
Loading yolov8n.engine for TensorRT inference...
[09/09/2026-13:59:03] [TRT] [I] Loaded engine size: 7 MiB
[09/09/2026-13:59:03] [TRT] [I] [MemUsageChange] TensorRT-managed allocation in IExecutionContext creation: CPU +0, GPU +3, now: CPU 0, GPU 9 (MiB)
13:59:03  INFO     [RAMS] YOLOv8-nano ready — TensorRT yolov8n.engine (imgsz=320).
WARNING ⚠️ Unable to automatically guess model task, assuming 'task=detect'. Explicitly define task for your model, i.e. 'task=detect', 'segment', 'classify', 'pose', 'obb' or 'semantic'.
Loading yolov8s.engine for TensorRT inference...
[09/09/2026-13:59:03] [TRT] [I] The logger passed into createInferRuntime differs from one already provided for an existing builder, runtime, or refitter. Uses of the global logger, returned by nvinfer1::getLogger(), will return the existing value.
[09/09/2026-13:59:03] [TRT] [I] Loaded engine size: 23 MiB
[09/09/2026-13:59:03] [TRT] [I] [MemUsageChange] TensorRT-managed allocation in IExecutionContext creation: CPU +1, GPU +7, now: CPU 1, GPU 38 (MiB)
13:59:03  INFO     [RAMS] YOLOv8-small ready — TensorRT yolov8s.engine (imgsz=416).
WARNING ⚠️ Unable to automatically guess model task, assuming 'task=detect'. Explicitly define task for your model, i.e. 'task=detect', 'segment', 'classify', 'pose', 'obb' or 'semantic'.
Loading yolov8m.engine for TensorRT inference...
[09/09/2026-13:59:03] [TRT] [I] The logger passed into createInferRuntime differs from one already provided for an existing builder, runtime, or refitter. Uses of the global logger, returned by nvinfer1::getLogger(), will return the existing value.
[09/09/2026-13:59:03] [TRT] [I] Loaded engine size: 52 MiB
[09/09/2026-13:59:03] [TRT] [I] [MemUsageChange] TensorRT-managed allocation in IExecutionContext creation: CPU +0, GPU +29, now: CPU 1, GPU 117 (MiB)
13:59:03  INFO     [RAMS] YOLOv8-medium ready — TensorRT yolov8m.engine (imgsz=640).
13:59:03  INFO     [RAMS] Controller ready. Policy: safety
13:59:08  INFO     [RAMS] Controller stopped.
    block=2/10 method=predictive ...
13:59:08  INFO     [RAMS] Starting resource monitor ...
13:59:08  INFO     [RAMS] Loading model tiers ...
WARNING ⚠️ Unable to automatically guess model task, assuming 'task=detect'. Explicitly define task for your model, i.e. 'task=detect', 'segment', 'classify', 'pose', 'obb' or 'semantic'.
Loading yolov8n.engine for TensorRT inference...
[09/09/2026-13:59:08] [TRT] [I] Loaded engine size: 7 MiB
[09/09/2026-13:59:08] [TRT] [I] [MemUsageChange] TensorRT-managed allocation in IExecutionContext creation: CPU +0, GPU +3, now: CPU 0, GPU 9 (MiB)
13:59:08  INFO     [RAMS] YOLOv8-nano ready — TensorRT yolov8n.engine (imgsz=320).
WARNING ⚠️ Unable to automatically guess model task, assuming 'task=detect'. Explicitly define task for your model, i.e. 'task=detect', 'segment', 'classify', 'pose', 'obb' or 'semantic'.
Loading yolov8s.engine for TensorRT inference...
[09/09/2026-13:59:08] [TRT] [I] The logger passed into createInferRuntime differs from one already provided for an existing builder, runtime, or refitter. Uses of the global logger, returned by nvinfer1::getLogger(), will return the existing value.
[09/09/2026-13:59:09] [TRT] [I] Loaded engine size: 23 MiB
[09/09/2026-13:59:09] [TRT] [I] [MemUsageChange] TensorRT-managed allocation in IExecutionContext creation: CPU +1, GPU +7, now: CPU 1, GPU 38 (MiB)
13:59:09  INFO     [RAMS] YOLOv8-small ready — TensorRT yolov8s.engine (imgsz=416).
WARNING ⚠️ Unable to automatically guess model task, assuming 'task=detect'. Explicitly define task for your model, i.e. 'task=detect', 'segment', 'classify', 'pose', 'obb' or 'semantic'.
Loading yolov8m.engine for TensorRT inference...
[09/09/2026-13:59:09] [TRT] [I] The logger passed into createInferRuntime differs from one already provided for an existing builder, runtime, or refitter. Uses of the global logger, returned by nvinfer1::getLogger(), will return the existing value.
[09/09/2026-13:59:09] [TRT] [I] Loaded engine size: 52 MiB
[09/09/2026-13:59:09] [TRT] [I] [MemUsageChange] TensorRT-managed allocation in IExecutionContext creation: CPU +0, GPU +29, now: CPU 1, GPU 117 (MiB)
13:59:09  INFO     [RAMS] YOLOv8-medium ready — TensorRT yolov8m.engine (imgsz=640).
13:59:09  INFO     [RAMS] Controller ready. Policy: predictive
13:59:11  INFO     [RAMS] Tier switch: SMALL → NANO  (R=0.569)
13:59:11  INFO     [RAMS] Tier switch: NANO → SMALL  (R=0.490)
13:59:12  INFO     [RAMS] Tier switch: SMALL → NANO  (R=0.581)
13:59:12  INFO     [RAMS] Tier switch: NANO → SMALL  (R=0.493)
13:59:13  INFO     [RAMS] Tier switch: SMALL → NANO  (R=0.578)
13:59:13  INFO     [RAMS] Tier switch: NANO → SMALL  (R=0.504)
13:59:14  INFO     [RAMS] Tier switch: SMALL → NANO  (R=0.551)
13:59:14  INFO     [RAMS] Tier switch: NANO → SMALL  (R=0.489)
13:59:14  INFO     [RAMS] Controller stopped.
    block=2/10 method=FIXED_NANO ...
13:59:14  INFO     [RAMS] Starting resource monitor ...
13:59:14  INFO     [RAMS] Loading model tiers ...
WARNING ⚠️ Unable to automatically guess model task, assuming 'task=detect'. Explicitly define task for your model, i.e. 'task=detect', 'segment', 'classify', 'pose', 'obb' or 'semantic'.
Loading yolov8n.engine for TensorRT inference...
[09/09/2026-13:59:14] [TRT] [I] Loaded engine size: 7 MiB
[09/09/2026-13:59:14] [TRT] [I] [MemUsageChange] TensorRT-managed allocation in IExecutionContext creation: CPU +0, GPU +3, now: CPU 0, GPU 9 (MiB)
13:59:14  INFO     [RAMS] YOLOv8-nano ready — TensorRT yolov8n.engine (imgsz=320).
WARNING ⚠️ Unable to automatically guess model task, assuming 'task=detect'. Explicitly define task for your model, i.e. 'task=detect', 'segment', 'classify', 'pose', 'obb' or 'semantic'.
Loading yolov8s.engine for TensorRT inference...
[09/09/2026-13:59:14] [TRT] [I] The logger passed into createInferRuntime differs from one already provided for an existing builder, runtime, or refitter. Uses of the global logger, returned by nvinfer1::getLogger(), will return the existing value.
[09/09/2026-13:59:14] [TRT] [I] Loaded engine size: 23 MiB
[09/09/2026-13:59:14] [TRT] [I] [MemUsageChange] TensorRT-managed allocation in IExecutionContext creation: CPU +1, GPU +7, now: CPU 1, GPU 38 (MiB)
13:59:14  INFO     [RAMS] YOLOv8-small ready — TensorRT yolov8s.engine (imgsz=416).
WARNING ⚠️ Unable to automatically guess model task, assuming 'task=detect'. Explicitly define task for your model, i.e. 'task=detect', 'segment', 'classify', 'pose', 'obb' or 'semantic'.
Loading yolov8m.engine for TensorRT inference...
[09/09/2026-13:59:14] [TRT] [I] The logger passed into createInferRuntime differs from one already provided for an existing builder, runtime, or refitter. Uses of the global logger, returned by nvinfer1::getLogger(), will return the existing value.
[09/09/2026-13:59:14] [TRT] [I] Loaded engine size: 52 MiB
[09/09/2026-13:59:14] [TRT] [I] [MemUsageChange] TensorRT-managed allocation in IExecutionContext creation: CPU +0, GPU +29, now: CPU 1, GPU 117 (MiB)
13:59:14  INFO     [RAMS] YOLOv8-medium ready — TensorRT yolov8m.engine (imgsz=640).
13:59:14  INFO     [RAMS] Controller ready. Policy: fixed
13:59:15  INFO     [RAMS] Tier switch: SMALL → NANO  (R=0.416)
13:59:19  INFO     [RAMS] Controller stopped.
    block=2/10 method=safety ...
13:59:19  INFO     [RAMS] Starting resource monitor ...
13:59:19  INFO     [RAMS] Loading model tiers ...
WARNING ⚠️ Unable to automatically guess model task, assuming 'task=detect'. Explicitly define task for your model, i.e. 'task=detect', 'segment', 'classify', 'pose', 'obb' or 'semantic'.
Loading yolov8n.engine for TensorRT inference...
[09/09/2026-13:59:19] [TRT] [I] Loaded engine size: 7 MiB
[09/09/2026-13:59:19] [TRT] [I] [MemUsageChange] TensorRT-managed allocation in IExecutionContext creation: CPU +0, GPU +3, now: CPU 0, GPU 9 (MiB)
13:59:19  INFO     [RAMS] YOLOv8-nano ready — TensorRT yolov8n.engine (imgsz=320).
WARNING ⚠️ Unable to automatically guess model task, assuming 'task=detect'. Explicitly define task for your model, i.e. 'task=detect', 'segment', 'classify', 'pose', 'obb' or 'semantic'.
Loading yolov8s.engine for TensorRT inference...
[09/09/2026-13:59:19] [TRT] [I] The logger passed into createInferRuntime differs from one already provided for an existing builder, runtime, or refitter. Uses of the global logger, returned by nvinfer1::getLogger(), will return the existing value.
[09/09/2026-13:59:19] [TRT] [I] Loaded engine size: 23 MiB
[09/09/2026-13:59:19] [TRT] [I] [MemUsageChange] TensorRT-managed allocation in IExecutionContext creation: CPU +1, GPU +7, now: CPU 1, GPU 38 (MiB)
13:59:19  INFO     [RAMS] YOLOv8-small ready — TensorRT yolov8s.engine (imgsz=416).
WARNING ⚠️ Unable to automatically guess model task, assuming 'task=detect'. Explicitly define task for your model, i.e. 'task=detect', 'segment', 'classify', 'pose', 'obb' or 'semantic'.
Loading yolov8m.engine for TensorRT inference...
[09/09/2026-13:59:19] [TRT] [I] The logger passed into createInferRuntime differs from one already provided for an existing builder, runtime, or refitter. Uses of the global logger, returned by nvinfer1::getLogger(), will return the existing value.
[09/09/2026-13:59:19] [TRT] [I] Loaded engine size: 52 MiB
[09/09/2026-13:59:19] [TRT] [I] [MemUsageChange] TensorRT-managed allocation in IExecutionContext creation: CPU +0, GPU +29, now: CPU 1, GPU 117 (MiB)
13:59:19  INFO     [RAMS] YOLOv8-medium ready — TensorRT yolov8m.engine (imgsz=640).
13:59:19  INFO     [RAMS] Controller ready. Policy: safety
13:59:25  INFO     [RAMS] Controller stopped.
    block=2/10 method=FIXED_MEDIUM ...
13:59:25  INFO     [RAMS] Starting resource monitor ...
13:59:25  INFO     [RAMS] Loading model tiers ...
WARNING ⚠️ Unable to automatically guess model task, assuming 'task=detect'. Explicitly define task for your model, i.e. 'task=detect', 'segment', 'classify', 'pose', 'obb' or 'semantic'.
Loading yolov8n.engine for TensorRT inference...
[09/09/2026-13:59:25] [TRT] [I] Loaded engine size: 7 MiB
[09/09/2026-13:59:25] [TRT] [I] [MemUsageChange] TensorRT-managed allocation in IExecutionContext creation: CPU +0, GPU +3, now: CPU 0, GPU 9 (MiB)
13:59:25  INFO     [RAMS] YOLOv8-nano ready — TensorRT yolov8n.engine (imgsz=320).
WARNING ⚠️ Unable to automatically guess model task, assuming 'task=detect'. Explicitly define task for your model, i.e. 'task=detect', 'segment', 'classify', 'pose', 'obb' or 'semantic'.
Loading yolov8s.engine for TensorRT inference...
[09/09/2026-13:59:25] [TRT] [I] The logger passed into createInferRuntime differs from one already provided for an existing builder, runtime, or refitter. Uses of the global logger, returned by nvinfer1::getLogger(), will return the existing value.
[09/09/2026-13:59:25] [TRT] [I] Loaded engine size: 23 MiB
[09/09/2026-13:59:25] [TRT] [I] [MemUsageChange] TensorRT-managed allocation in IExecutionContext creation: CPU +1, GPU +7, now: CPU 1, GPU 38 (MiB)
13:59:25  INFO     [RAMS] YOLOv8-small ready — TensorRT yolov8s.engine (imgsz=416).
WARNING ⚠️ Unable to automatically guess model task, assuming 'task=detect'. Explicitly define task for your model, i.e. 'task=detect', 'segment', 'classify', 'pose', 'obb' or 'semantic'.
Loading yolov8m.engine for TensorRT inference...
[09/09/2026-13:59:25] [TRT] [I] The logger passed into createInferRuntime differs from one already provided for an existing builder, runtime, or refitter. Uses of the global logger, returned by nvinfer1::getLogger(), will return the existing value.
[09/09/2026-13:59:25] [TRT] [I] Loaded engine size: 52 MiB
[09/09/2026-13:59:25] [TRT] [I] [MemUsageChange] TensorRT-managed allocation in IExecutionContext creation: CPU +0, GPU +29, now: CPU 1, GPU 117 (MiB)
13:59:25  INFO     [RAMS] YOLOv8-medium ready — TensorRT yolov8m.engine (imgsz=640).
13:59:25  INFO     [RAMS] Controller ready. Policy: fixed
13:59:26  INFO     [RAMS] Tier switch: SMALL → MEDIUM  (R=0.496)
13:59:32  INFO     [RAMS] Controller stopped.
    block=2/10 method=adaptive ...
13:59:32  INFO     [RAMS] Starting resource monitor ...
13:59:32  INFO     [RAMS] Loading model tiers ...
WARNING ⚠️ Unable to automatically guess model task, assuming 'task=detect'. Explicitly define task for your model, i.e. 'task=detect', 'segment', 'classify', 'pose', 'obb' or 'semantic'.
Loading yolov8n.engine for TensorRT inference...
[09/09/2026-13:59:32] [TRT] [I] Loaded engine size: 7 MiB
[09/09/2026-13:59:32] [TRT] [I] [MemUsageChange] TensorRT-managed allocation in IExecutionContext creation: CPU +0, GPU +3, now: CPU 0, GPU 9 (MiB)
13:59:32  INFO     [RAMS] YOLOv8-nano ready — TensorRT yolov8n.engine (imgsz=320).
WARNING ⚠️ Unable to automatically guess model task, assuming 'task=detect'. Explicitly define task for your model, i.e. 'task=detect', 'segment', 'classify', 'pose', 'obb' or 'semantic'.
Loading yolov8s.engine for TensorRT inference...
[09/09/2026-13:59:32] [TRT] [I] The logger passed into createInferRuntime differs from one already provided for an existing builder, runtime, or refitter. Uses of the global logger, returned by nvinfer1::getLogger(), will return the existing value.
[09/09/2026-13:59:32] [TRT] [I] Loaded engine size: 23 MiB
[09/09/2026-13:59:32] [TRT] [I] [MemUsageChange] TensorRT-managed allocation in IExecutionContext creation: CPU +1, GPU +7, now: CPU 1, GPU 38 (MiB)
13:59:32  INFO     [RAMS] YOLOv8-small ready — TensorRT yolov8s.engine (imgsz=416).
WARNING ⚠️ Unable to automatically guess model task, assuming 'task=detect'. Explicitly define task for your model, i.e. 'task=detect', 'segment', 'classify', 'pose', 'obb' or 'semantic'.
Loading yolov8m.engine for TensorRT inference...
[09/09/2026-13:59:32] [TRT] [I] The logger passed into createInferRuntime differs from one already provided for an existing builder, runtime, or refitter. Uses of the global logger, returned by nvinfer1::getLogger(), will return the existing value.
[09/09/2026-13:59:32] [TRT] [I] Loaded engine size: 52 MiB
[09/09/2026-13:59:32] [TRT] [I] [MemUsageChange] TensorRT-managed allocation in IExecutionContext creation: CPU +0, GPU +29, now: CPU 1, GPU 117 (MiB)
13:59:32  INFO     [RAMS] YOLOv8-medium ready — TensorRT yolov8m.engine (imgsz=640).
13:59:32  INFO     [RAMS] Controller ready. Policy: adaptive
13:59:34  INFO     [RAMS] Tier switch: SMALL → NANO  (R=0.583)
13:59:34  INFO     [RAMS] Tier switch: NANO → SMALL  (R=0.477)
13:59:35  INFO     [RAMS] Tier switch: SMALL → NANO  (R=0.578)
13:59:35  INFO     [RAMS] Tier switch: NANO → SMALL  (R=0.495)
13:59:36  INFO     [RAMS] Tier switch: SMALL → NANO  (R=0.573)
13:59:36  INFO     [RAMS] Tier switch: NANO → SMALL  (R=0.501)
13:59:36  INFO     [RAMS] Tier switch: SMALL → NANO  (R=0.581)
13:59:36  INFO     [RAMS] Tier switch: NANO → SMALL  (R=0.499)
13:59:37  INFO     [RAMS] Tier switch: SMALL → NANO  (R=0.582)
13:59:37  INFO     [RAMS] Tier switch: NANO → SMALL  (R=0.501)
13:59:37  INFO     [RAMS] Controller stopped.
    block=2/10 method=threshold ...
13:59:37  INFO     [RAMS] Starting resource monitor ...
13:59:37  INFO     [RAMS] Loading model tiers ...
WARNING ⚠️ Unable to automatically guess model task, assuming 'task=detect'. Explicitly define task for your model, i.e. 'task=detect', 'segment', 'classify', 'pose', 'obb' or 'semantic'.
Loading yolov8n.engine for TensorRT inference...
[09/09/2026-13:59:37] [TRT] [I] Loaded engine size: 7 MiB
[09/09/2026-13:59:38] [TRT] [I] [MemUsageChange] TensorRT-managed allocation in IExecutionContext creation: CPU +0, GPU +3, now: CPU 0, GPU 9 (MiB)
13:59:38  INFO     [RAMS] YOLOv8-nano ready — TensorRT yolov8n.engine (imgsz=320).
WARNING ⚠️ Unable to automatically guess model task, assuming 'task=detect'. Explicitly define task for your model, i.e. 'task=detect', 'segment', 'classify', 'pose', 'obb' or 'semantic'.
Loading yolov8s.engine for TensorRT inference...
[09/09/2026-13:59:38] [TRT] [I] The logger passed into createInferRuntime differs from one already provided for an existing builder, runtime, or refitter. Uses of the global logger, returned by nvinfer1::getLogger(), will return the existing value.
[09/09/2026-13:59:38] [TRT] [I] Loaded engine size: 23 MiB
[09/09/2026-13:59:38] [TRT] [I] [MemUsageChange] TensorRT-managed allocation in IExecutionContext creation: CPU +1, GPU +7, now: CPU 1, GPU 38 (MiB)
13:59:38  INFO     [RAMS] YOLOv8-small ready — TensorRT yolov8s.engine (imgsz=416).
WARNING ⚠️ Unable to automatically guess model task, assuming 'task=detect'. Explicitly define task for your model, i.e. 'task=detect', 'segment', 'classify', 'pose', 'obb' or 'semantic'.
Loading yolov8m.engine for TensorRT inference...
[09/09/2026-13:59:38] [TRT] [I] The logger passed into createInferRuntime differs from one already provided for an existing builder, runtime, or refitter. Uses of the global logger, returned by nvinfer1::getLogger(), will return the existing value.
[09/09/2026-13:59:38] [TRT] [I] Loaded engine size: 52 MiB
[09/09/2026-13:59:38] [TRT] [I] [MemUsageChange] TensorRT-managed allocation in IExecutionContext creation: CPU +0, GPU +29, now: CPU 1, GPU 117 (MiB)
13:59:38  INFO     [RAMS] YOLOv8-medium ready — TensorRT yolov8m.engine (imgsz=640).
13:59:38  INFO     [RAMS] Controller ready. Policy: threshold
13:59:39  INFO     [RAMS] Tier switch: SMALL → NANO  (R=0.559)
13:59:41  INFO     [RAMS] Tier switch: NANO → SMALL  (R=0.504)
13:59:42  INFO     [RAMS] Tier switch: SMALL → NANO  (R=0.554)
13:59:42  INFO     [RAMS] Tier switch: NANO → SMALL  (R=0.512)
13:59:43  INFO     [RAMS] Controller stopped.
    block=2/10 method=safety2 ...
13:59:43  INFO     [RAMS] Starting resource monitor ...
13:59:43  INFO     [RAMS] Loading model tiers ...
WARNING ⚠️ Unable to automatically guess model task, assuming 'task=detect'. Explicitly define task for your model, i.e. 'task=detect', 'segment', 'classify', 'pose', 'obb' or 'semantic'.
Loading yolov8n.engine for TensorRT inference...
[09/09/2026-13:59:43] [TRT] [I] Loaded engine size: 7 MiB
[09/09/2026-13:59:43] [TRT] [I] [MemUsageChange] TensorRT-managed allocation in IExecutionContext creation: CPU +0, GPU +3, now: CPU 0, GPU 9 (MiB)
13:59:43  INFO     [RAMS] YOLOv8-nano ready — TensorRT yolov8n.engine (imgsz=320).
WARNING ⚠️ Unable to automatically guess model task, assuming 'task=detect'. Explicitly define task for your model, i.e. 'task=detect', 'segment', 'classify', 'pose', 'obb' or 'semantic'.
Loading yolov8s.engine for TensorRT inference...
[09/09/2026-13:59:43] [TRT] [I] The logger passed into createInferRuntime differs from one already provided for an existing builder, runtime, or refitter. Uses of the global logger, returned by nvinfer1::getLogger(), will return the existing value.
[09/09/2026-13:59:43] [TRT] [I] Loaded engine size: 23 MiB
[09/09/2026-13:59:43] [TRT] [I] [MemUsageChange] TensorRT-managed allocation in IExecutionContext creation: CPU +1, GPU +7, now: CPU 1, GPU 38 (MiB)
13:59:43  INFO     [RAMS] YOLOv8-small ready — TensorRT yolov8s.engine (imgsz=416).
WARNING ⚠️ Unable to automatically guess model task, assuming 'task=detect'. Explicitly define task for your model, i.e. 'task=detect', 'segment', 'classify', 'pose', 'obb' or 'semantic'.
Loading yolov8m.engine for TensorRT inference...
[09/09/2026-13:59:43] [TRT] [I] The logger passed into createInferRuntime differs from one already provided for an existing builder, runtime, or refitter. Uses of the global logger, returned by nvinfer1::getLogger(), will return the existing value.
[09/09/2026-13:59:43] [TRT] [I] Loaded engine size: 52 MiB
[09/09/2026-13:59:43] [TRT] [I] [MemUsageChange] TensorRT-managed allocation in IExecutionContext creation: CPU +0, GPU +29, now: CPU 1, GPU 117 (MiB)
13:59:43  INFO     [RAMS] YOLOv8-medium ready — TensorRT yolov8m.engine (imgsz=640).
13:59:43  INFO     [RAMS] Controller ready. Policy: safety2
13:59:44  INFO     [RAMS] Tier switch: SMALL → MEDIUM  (R=0.460)
13:59:45  INFO     [RAMS] Tier switch: MEDIUM → SMALL  (R=0.599)
13:59:45  INFO     [RAMS] Tier switch: SMALL → MEDIUM  (R=0.540)
13:59:46  INFO     [RAMS] Tier switch: MEDIUM → NANO  (R=0.590)
13:59:46  INFO     [RAMS] Tier switch: NANO → MEDIUM  (R=0.590)
13:59:46  INFO     [RAMS] Tier switch: MEDIUM → SMALL  (R=0.521)
13:59:46  INFO     [RAMS] Tier switch: SMALL → MEDIUM  (R=0.521)
13:59:48  INFO     [RAMS] Tier switch: MEDIUM → NANO  (R=0.578)
13:59:48  INFO     [RAMS] Tier switch: NANO → MEDIUM  (R=0.578)
13:59:48  INFO     [RAMS] Tier switch: MEDIUM → NANO  (R=0.563)
13:59:48  INFO     [RAMS] Tier switch: NANO → SMALL  (R=0.563)
13:59:48  INFO     [RAMS] Tier switch: SMALL → MEDIUM  (R=0.543)
13:59:49  INFO     [RAMS] Tier switch: MEDIUM → NANO  (R=0.704)
13:59:49  INFO     [RAMS] Tier switch: NANO → SMALL  (R=0.557)
13:59:49  INFO     [RAMS] Tier switch: SMALL → MEDIUM  (R=0.555)
13:59:50  INFO     [RAMS] Controller stopped.
    block=2/10 method=FIXED_SMALL ...
13:59:50  INFO     [RAMS] Starting resource monitor ...
13:59:50  INFO     [RAMS] Loading model tiers ...
WARNING ⚠️ Unable to automatically guess model task, assuming 'task=detect'. Explicitly define task for your model, i.e. 'task=detect', 'segment', 'classify', 'pose', 'obb' or 'semantic'.
Loading yolov8n.engine for TensorRT inference...
[09/09/2026-13:59:50] [TRT] [I] Loaded engine size: 7 MiB
[09/09/2026-13:59:50] [TRT] [I] [MemUsageChange] TensorRT-managed allocation in IExecutionContext creation: CPU +0, GPU +3, now: CPU 0, GPU 9 (MiB)
13:59:50  INFO     [RAMS] YOLOv8-nano ready — TensorRT yolov8n.engine (imgsz=320).
WARNING ⚠️ Unable to automatically guess model task, assuming 'task=detect'. Explicitly define task for your model, i.e. 'task=detect', 'segment', 'classify', 'pose', 'obb' or 'semantic'.
Loading yolov8s.engine for TensorRT inference...
[09/09/2026-13:59:50] [TRT] [I] The logger passed into createInferRuntime differs from one already provided for an existing builder, runtime, or refitter. Uses of the global logger, returned by nvinfer1::getLogger(), will return the existing value.
[09/09/2026-13:59:50] [TRT] [I] Loaded engine size: 23 MiB
[09/09/2026-13:59:50] [TRT] [I] [MemUsageChange] TensorRT-managed allocation in IExecutionContext creation: CPU +1, GPU +7, now: CPU 1, GPU 38 (MiB)
13:59:50  INFO     [RAMS] YOLOv8-small ready — TensorRT yolov8s.engine (imgsz=416).
WARNING ⚠️ Unable to automatically guess model task, assuming 'task=detect'. Explicitly define task for your model, i.e. 'task=detect', 'segment', 'classify', 'pose', 'obb' or 'semantic'.
Loading yolov8m.engine for TensorRT inference...
[09/09/2026-13:59:50] [TRT] [I] The logger passed into createInferRuntime differs from one already provided for an existing builder, runtime, or refitter. Uses of the global logger, returned by nvinfer1::getLogger(), will return the existing value.
[09/09/2026-13:59:50] [TRT] [I] Loaded engine size: 52 MiB
[09/09/2026-13:59:50] [TRT] [I] [MemUsageChange] TensorRT-managed allocation in IExecutionContext creation: CPU +0, GPU +29, now: CPU 1, GPU 117 (MiB)
13:59:50  INFO     [RAMS] YOLOv8-medium ready — TensorRT yolov8m.engine (imgsz=640).
13:59:50  INFO     [RAMS] Controller ready. Policy: fixed
13:59:55  INFO     [RAMS] Controller stopped.
    block=3/10 method=threshold ...
13:59:55  INFO     [RAMS] Starting resource monitor ...
13:59:55  INFO     [RAMS] Loading model tiers ...
WARNING ⚠️ Unable to automatically guess model task, assuming 'task=detect'. Explicitly define task for your model, i.e. 'task=detect', 'segment', 'classify', 'pose', 'obb' or 'semantic'.
Loading yolov8n.engine for TensorRT inference...
[09/09/2026-13:59:55] [TRT] [I] Loaded engine size: 7 MiB
[09/09/2026-13:59:55] [TRT] [I] [MemUsageChange] TensorRT-managed allocation in IExecutionContext creation: CPU +0, GPU +3, now: CPU 0, GPU 9 (MiB)
13:59:55  INFO     [RAMS] YOLOv8-nano ready — TensorRT yolov8n.engine (imgsz=320).
WARNING ⚠️ Unable to automatically guess model task, assuming 'task=detect'. Explicitly define task for your model, i.e. 'task=detect', 'segment', 'classify', 'pose', 'obb' or 'semantic'.
Loading yolov8s.engine for TensorRT inference...
[09/09/2026-13:59:55] [TRT] [I] The logger passed into createInferRuntime differs from one already provided for an existing builder, runtime, or refitter. Uses of the global logger, returned by nvinfer1::getLogger(), will return the existing value.
[09/09/2026-13:59:55] [TRT] [I] Loaded engine size: 23 MiB
[09/09/2026-13:59:55] [TRT] [I] [MemUsageChange] TensorRT-managed allocation in IExecutionContext creation: CPU +1, GPU +7, now: CPU 1, GPU 38 (MiB)
13:59:55  INFO     [RAMS] YOLOv8-small ready — TensorRT yolov8s.engine (imgsz=416).
WARNING ⚠️ Unable to automatically guess model task, assuming 'task=detect'. Explicitly define task for your model, i.e. 'task=detect', 'segment', 'classify', 'pose', 'obb' or 'semantic'.
Loading yolov8m.engine for TensorRT inference...
[09/09/2026-13:59:55] [TRT] [I] The logger passed into createInferRuntime differs from one already provided for an existing builder, runtime, or refitter. Uses of the global logger, returned by nvinfer1::getLogger(), will return the existing value.
[09/09/2026-13:59:55] [TRT] [I] Loaded engine size: 52 MiB
[09/09/2026-13:59:55] [TRT] [I] [MemUsageChange] TensorRT-managed allocation in IExecutionContext creation: CPU +0, GPU +29, now: CPU 1, GPU 117 (MiB)
13:59:56  INFO     [RAMS] YOLOv8-medium ready — TensorRT yolov8m.engine (imgsz=640).
13:59:56  INFO     [RAMS] Controller ready. Policy: threshold
13:59:59  INFO     [RAMS] Tier switch: SMALL → NANO  (R=0.552)
13:59:59  INFO     [RAMS] Tier switch: NANO → SMALL  (R=0.523)
14:00:00  INFO     [RAMS] Tier switch: SMALL → NANO  (R=0.556)
14:00:00  INFO     [RAMS] Tier switch: NANO → SMALL  (R=0.500)
14:00:01  INFO     [RAMS] Tier switch: SMALL → NANO  (R=0.564)
14:00:01  INFO     [RAMS] Controller stopped.
    block=3/10 method=safety2 ...
14:00:01  INFO     [RAMS] Starting resource monitor ...
14:00:01  INFO     [RAMS] Loading model tiers ...
WARNING ⚠️ Unable to automatically guess model task, assuming 'task=detect'. Explicitly define task for your model, i.e. 'task=detect', 'segment', 'classify', 'pose', 'obb' or 'semantic'.
Loading yolov8n.engine for TensorRT inference...
[09/09/2026-14:00:01] [TRT] [I] Loaded engine size: 7 MiB
[09/09/2026-14:00:01] [TRT] [I] [MemUsageChange] TensorRT-managed allocation in IExecutionContext creation: CPU +0, GPU +3, now: CPU 0, GPU 9 (MiB)
14:00:01  INFO     [RAMS] YOLOv8-nano ready — TensorRT yolov8n.engine (imgsz=320).
WARNING ⚠️ Unable to automatically guess model task, assuming 'task=detect'. Explicitly define task for your model, i.e. 'task=detect', 'segment', 'classify', 'pose', 'obb' or 'semantic'.
Loading yolov8s.engine for TensorRT inference...
[09/09/2026-14:00:01] [TRT] [I] The logger passed into createInferRuntime differs from one already provided for an existing builder, runtime, or refitter. Uses of the global logger, returned by nvinfer1::getLogger(), will return the existing value.
[09/09/2026-14:00:01] [TRT] [I] Loaded engine size: 23 MiB
[09/09/2026-14:00:01] [TRT] [I] [MemUsageChange] TensorRT-managed allocation in IExecutionContext creation: CPU +1, GPU +7, now: CPU 1, GPU 38 (MiB)
14:00:01  INFO     [RAMS] YOLOv8-small ready — TensorRT yolov8s.engine (imgsz=416).
WARNING ⚠️ Unable to automatically guess model task, assuming 'task=detect'. Explicitly define task for your model, i.e. 'task=detect', 'segment', 'classify', 'pose', 'obb' or 'semantic'.
Loading yolov8m.engine for TensorRT inference...
[09/09/2026-14:00:01] [TRT] [I] The logger passed into createInferRuntime differs from one already provided for an existing builder, runtime, or refitter. Uses of the global logger, returned by nvinfer1::getLogger(), will return the existing value.
[09/09/2026-14:00:01] [TRT] [I] Loaded engine size: 52 MiB
[09/09/2026-14:00:01] [TRT] [I] [MemUsageChange] TensorRT-managed allocation in IExecutionContext creation: CPU +0, GPU +29, now: CPU 1, GPU 117 (MiB)
14:00:01  INFO     [RAMS] YOLOv8-medium ready — TensorRT yolov8m.engine (imgsz=640).
14:00:01  INFO     [RAMS] Controller ready. Policy: safety2
14:00:02  INFO     [RAMS] Tier switch: SMALL → MEDIUM  (R=0.552)
14:00:03  INFO     [RAMS] Tier switch: MEDIUM → NANO  (R=0.600)
14:00:03  INFO     [RAMS] Tier switch: NANO → MEDIUM  (R=0.530)
14:00:05  INFO     [RAMS] Tier switch: MEDIUM → NANO  (R=0.549)
14:00:05  INFO     [RAMS] Tier switch: NANO → SMALL  (R=0.485)
14:00:05  INFO     [RAMS] Tier switch: SMALL → MEDIUM  (R=0.485)
14:00:06  INFO     [RAMS] Tier switch: MEDIUM → SMALL  (R=0.545)
14:00:07  INFO     [RAMS] Tier switch: SMALL → MEDIUM  (R=0.545)
14:00:07  INFO     [RAMS] Controller stopped.
    block=3/10 method=FIXED_NANO ...
14:00:08  INFO     [RAMS] Starting resource monitor ...
14:00:08  INFO     [RAMS] Loading model tiers ...
WARNING ⚠️ Unable to automatically guess model task, assuming 'task=detect'. Explicitly define task for your model, i.e. 'task=detect', 'segment', 'classify', 'pose', 'obb' or 'semantic'.
Loading yolov8n.engine for TensorRT inference...
[09/09/2026-14:00:08] [TRT] [I] Loaded engine size: 7 MiB
[09/09/2026-14:00:08] [TRT] [I] [MemUsageChange] TensorRT-managed allocation in IExecutionContext creation: CPU +0, GPU +3, now: CPU 0, GPU 9 (MiB)
14:00:08  INFO     [RAMS] YOLOv8-nano ready — TensorRT yolov8n.engine (imgsz=320).
WARNING ⚠️ Unable to automatically guess model task, assuming 'task=detect'. Explicitly define task for your model, i.e. 'task=detect', 'segment', 'classify', 'pose', 'obb' or 'semantic'.
Loading yolov8s.engine for TensorRT inference...
[09/09/2026-14:00:08] [TRT] [I] The logger passed into createInferRuntime differs from one already provided for an existing builder, runtime, or refitter. Uses of the global logger, returned by nvinfer1::getLogger(), will return the existing value.
[09/09/2026-14:00:08] [TRT] [I] Loaded engine size: 23 MiB
[09/09/2026-14:00:08] [TRT] [I] [MemUsageChange] TensorRT-managed allocation in IExecutionContext creation: CPU +1, GPU +7, now: CPU 1, GPU 38 (MiB)
14:00:08  INFO     [RAMS] YOLOv8-small ready — TensorRT yolov8s.engine (imgsz=416).
WARNING ⚠️ Unable to automatically guess model task, assuming 'task=detect'. Explicitly define task for your model, i.e. 'task=detect', 'segment', 'classify', 'pose', 'obb' or 'semantic'.
Loading yolov8m.engine for TensorRT inference...
[09/09/2026-14:00:08] [TRT] [I] The logger passed into createInferRuntime differs from one already provided for an existing builder, runtime, or refitter. Uses of the global logger, returned by nvinfer1::getLogger(), will return the existing value.
[09/09/2026-14:00:08] [TRT] [I] Loaded engine size: 52 MiB
[09/09/2026-14:00:08] [TRT] [I] [MemUsageChange] TensorRT-managed allocation in IExecutionContext creation: CPU +0, GPU +29, now: CPU 1, GPU 117 (MiB)
14:00:08  INFO     [RAMS] YOLOv8-medium ready — TensorRT yolov8m.engine (imgsz=640).
14:00:08  INFO     [RAMS] Controller ready. Policy: fixed
14:00:09  INFO     [RAMS] Tier switch: SMALL → NANO  (R=0.489)
14:00:13  INFO     [RAMS] Controller stopped.
    block=3/10 method=FIXED_SMALL ...
14:00:13  INFO     [RAMS] Starting resource monitor ...
14:00:13  INFO     [RAMS] Loading model tiers ...
WARNING ⚠️ Unable to automatically guess model task, assuming 'task=detect'. Explicitly define task for your model, i.e. 'task=detect', 'segment', 'classify', 'pose', 'obb' or 'semantic'.
Loading yolov8n.engine for TensorRT inference...
[09/09/2026-14:00:13] [TRT] [I] Loaded engine size: 7 MiB
[09/09/2026-14:00:13] [TRT] [I] [MemUsageChange] TensorRT-managed allocation in IExecutionContext creation: CPU +0, GPU +3, now: CPU 0, GPU 9 (MiB)
14:00:13  INFO     [RAMS] YOLOv8-nano ready — TensorRT yolov8n.engine (imgsz=320).
WARNING ⚠️ Unable to automatically guess model task, assuming 'task=detect'. Explicitly define task for your model, i.e. 'task=detect', 'segment', 'classify', 'pose', 'obb' or 'semantic'.
Loading yolov8s.engine for TensorRT inference...
[09/09/2026-14:00:13] [TRT] [I] The logger passed into createInferRuntime differs from one already provided for an existing builder, runtime, or refitter. Uses of the global logger, returned by nvinfer1::getLogger(), will return the existing value.
[09/09/2026-14:00:13] [TRT] [I] Loaded engine size: 23 MiB
[09/09/2026-14:00:13] [TRT] [I] [MemUsageChange] TensorRT-managed allocation in IExecutionContext creation: CPU +1, GPU +7, now: CPU 1, GPU 38 (MiB)
14:00:13  INFO     [RAMS] YOLOv8-small ready — TensorRT yolov8s.engine (imgsz=416).
WARNING ⚠️ Unable to automatically guess model task, assuming 'task=detect'. Explicitly define task for your model, i.e. 'task=detect', 'segment', 'classify', 'pose', 'obb' or 'semantic'.
Loading yolov8m.engine for TensorRT inference...
[09/09/2026-14:00:13] [TRT] [I] The logger passed into createInferRuntime differs from one already provided for an existing builder, runtime, or refitter. Uses of the global logger, returned by nvinfer1::getLogger(), will return the existing value.
[09/09/2026-14:00:13] [TRT] [I] Loaded engine size: 52 MiB
[09/09/2026-14:00:13] [TRT] [I] [MemUsageChange] TensorRT-managed allocation in IExecutionContext creation: CPU +0, GPU +29, now: CPU 1, GPU 117 (MiB)
14:00:13  INFO     [RAMS] YOLOv8-medium ready — TensorRT yolov8m.engine (imgsz=640).
14:00:13  INFO     [RAMS] Controller ready. Policy: fixed
14:00:18  INFO     [RAMS] Controller stopped.
    block=3/10 method=predictive ...
14:00:18  INFO     [RAMS] Starting resource monitor ...
14:00:18  INFO     [RAMS] Loading model tiers ...
WARNING ⚠️ Unable to automatically guess model task, assuming 'task=detect'. Explicitly define task for your model, i.e. 'task=detect', 'segment', 'classify', 'pose', 'obb' or 'semantic'.
Loading yolov8n.engine for TensorRT inference...
[09/09/2026-14:00:18] [TRT] [I] Loaded engine size: 7 MiB
[09/09/2026-14:00:18] [TRT] [I] [MemUsageChange] TensorRT-managed allocation in IExecutionContext creation: CPU +0, GPU +3, now: CPU 0, GPU 9 (MiB)
14:00:18  INFO     [RAMS] YOLOv8-nano ready — TensorRT yolov8n.engine (imgsz=320).
WARNING ⚠️ Unable to automatically guess model task, assuming 'task=detect'. Explicitly define task for your model, i.e. 'task=detect', 'segment', 'classify', 'pose', 'obb' or 'semantic'.
Loading yolov8s.engine for TensorRT inference...
[09/09/2026-14:00:18] [TRT] [I] The logger passed into createInferRuntime differs from one already provided for an existing builder, runtime, or refitter. Uses of the global logger, returned by nvinfer1::getLogger(), will return the existing value.
[09/09/2026-14:00:18] [TRT] [I] Loaded engine size: 23 MiB
[09/09/2026-14:00:18] [TRT] [I] [MemUsageChange] TensorRT-managed allocation in IExecutionContext creation: CPU +1, GPU +7, now: CPU 1, GPU 38 (MiB)
14:00:18  INFO     [RAMS] YOLOv8-small ready — TensorRT yolov8s.engine (imgsz=416).
WARNING ⚠️ Unable to automatically guess model task, assuming 'task=detect'. Explicitly define task for your model, i.e. 'task=detect', 'segment', 'classify', 'pose', 'obb' or 'semantic'.
Loading yolov8m.engine for TensorRT inference...
[09/09/2026-14:00:18] [TRT] [I] The logger passed into createInferRuntime differs from one already provided for an existing builder, runtime, or refitter. Uses of the global logger, returned by nvinfer1::getLogger(), will return the existing value.
[09/09/2026-14:00:19] [TRT] [I] Loaded engine size: 52 MiB
[09/09/2026-14:00:19] [TRT] [I] [MemUsageChange] TensorRT-managed allocation in IExecutionContext creation: CPU +0, GPU +29, now: CPU 1, GPU 117 (MiB)
14:00:19  INFO     [RAMS] YOLOv8-medium ready — TensorRT yolov8m.engine (imgsz=640).
14:00:19  INFO     [RAMS] Controller ready. Policy: predictive
14:00:21  INFO     [RAMS] Tier switch: SMALL → NANO  (R=0.575)
14:00:21  INFO     [RAMS] Tier switch: NANO → SMALL  (R=0.488)
14:00:22  INFO     [RAMS] Tier switch: SMALL → NANO  (R=0.567)
14:00:22  INFO     [RAMS] Tier switch: NANO → SMALL  (R=0.493)
14:00:23  INFO     [RAMS] Tier switch: SMALL → NANO  (R=0.579)
14:00:23  INFO     [RAMS] Tier switch: NANO → SMALL  (R=0.493)
14:00:24  INFO     [RAMS] Tier switch: SMALL → NANO  (R=0.579)
14:00:24  INFO     [RAMS] Controller stopped.
    block=3/10 method=adaptive ...
14:00:24  INFO     [RAMS] Starting resource monitor ...
14:00:24  INFO     [RAMS] Loading model tiers ...
WARNING ⚠️ Unable to automatically guess model task, assuming 'task=detect'. Explicitly define task for your model, i.e. 'task=detect', 'segment', 'classify', 'pose', 'obb' or 'semantic'.
Loading yolov8n.engine for TensorRT inference...
[09/09/2026-14:00:24] [TRT] [I] Loaded engine size: 7 MiB
[09/09/2026-14:00:24] [TRT] [I] [MemUsageChange] TensorRT-managed allocation in IExecutionContext creation: CPU +0, GPU +3, now: CPU 0, GPU 9 (MiB)
14:00:24  INFO     [RAMS] YOLOv8-nano ready — TensorRT yolov8n.engine (imgsz=320).
WARNING ⚠️ Unable to automatically guess model task, assuming 'task=detect'. Explicitly define task for your model, i.e. 'task=detect', 'segment', 'classify', 'pose', 'obb' or 'semantic'.
Loading yolov8s.engine for TensorRT inference...
[09/09/2026-14:00:24] [TRT] [I] The logger passed into createInferRuntime differs from one already provided for an existing builder, runtime, or refitter. Uses of the global logger, returned by nvinfer1::getLogger(), will return the existing value.
[09/09/2026-14:00:24] [TRT] [I] Loaded engine size: 23 MiB
[09/09/2026-14:00:24] [TRT] [I] [MemUsageChange] TensorRT-managed allocation in IExecutionContext creation: CPU +1, GPU +7, now: CPU 1, GPU 38 (MiB)
14:00:24  INFO     [RAMS] YOLOv8-small ready — TensorRT yolov8s.engine (imgsz=416).
WARNING ⚠️ Unable to automatically guess model task, assuming 'task=detect'. Explicitly define task for your model, i.e. 'task=detect', 'segment', 'classify', 'pose', 'obb' or 'semantic'.
Loading yolov8m.engine for TensorRT inference...
[09/09/2026-14:00:24] [TRT] [I] The logger passed into createInferRuntime differs from one already provided for an existing builder, runtime, or refitter. Uses of the global logger, returned by nvinfer1::getLogger(), will return the existing value.
[09/09/2026-14:00:24] [TRT] [I] Loaded engine size: 52 MiB
[09/09/2026-14:00:24] [TRT] [I] [MemUsageChange] TensorRT-managed allocation in IExecutionContext creation: CPU +0, GPU +29, now: CPU 1, GPU 117 (MiB)
14:00:24  INFO     [RAMS] YOLOv8-medium ready — TensorRT yolov8m.engine (imgsz=640).
14:00:24  INFO     [RAMS] Controller ready. Policy: adaptive
14:00:28  INFO     [RAMS] Tier switch: SMALL → NANO  (R=0.619)
14:00:29  INFO     [RAMS] Controller stopped.
    block=3/10 method=FIXED_MEDIUM ...
14:00:29  INFO     [RAMS] Starting resource monitor ...
14:00:29  INFO     [RAMS] Loading model tiers ...
WARNING ⚠️ Unable to automatically guess model task, assuming 'task=detect'. Explicitly define task for your model, i.e. 'task=detect', 'segment', 'classify', 'pose', 'obb' or 'semantic'.
Loading yolov8n.engine for TensorRT inference...
[09/09/2026-14:00:29] [TRT] [I] Loaded engine size: 7 MiB
[09/09/2026-14:00:29] [TRT] [I] [MemUsageChange] TensorRT-managed allocation in IExecutionContext creation: CPU +0, GPU +3, now: CPU 0, GPU 9 (MiB)
14:00:30  INFO     [RAMS] YOLOv8-nano ready — TensorRT yolov8n.engine (imgsz=320).
WARNING ⚠️ Unable to automatically guess model task, assuming 'task=detect'. Explicitly define task for your model, i.e. 'task=detect', 'segment', 'classify', 'pose', 'obb' or 'semantic'.
Loading yolov8s.engine for TensorRT inference...
[09/09/2026-14:00:29] [TRT] [I] The logger passed into createInferRuntime differs from one already provided for an existing builder, runtime, or refitter. Uses of the global logger, returned by nvinfer1::getLogger(), will return the existing value.
[09/09/2026-14:00:30] [TRT] [I] Loaded engine size: 23 MiB
[09/09/2026-14:00:30] [TRT] [I] [MemUsageChange] TensorRT-managed allocation in IExecutionContext creation: CPU +1, GPU +7, now: CPU 1, GPU 38 (MiB)
14:00:30  INFO     [RAMS] YOLOv8-small ready — TensorRT yolov8s.engine (imgsz=416).
WARNING ⚠️ Unable to automatically guess model task, assuming 'task=detect'. Explicitly define task for your model, i.e. 'task=detect', 'segment', 'classify', 'pose', 'obb' or 'semantic'.
Loading yolov8m.engine for TensorRT inference...
[09/09/2026-14:00:30] [TRT] [I] The logger passed into createInferRuntime differs from one already provided for an existing builder, runtime, or refitter. Uses of the global logger, returned by nvinfer1::getLogger(), will return the existing value.
[09/09/2026-14:00:30] [TRT] [I] Loaded engine size: 52 MiB
[09/09/2026-14:00:30] [TRT] [I] [MemUsageChange] TensorRT-managed allocation in IExecutionContext creation: CPU +0, GPU +29, now: CPU 1, GPU 117 (MiB)
14:00:30  INFO     [RAMS] YOLOv8-medium ready — TensorRT yolov8m.engine (imgsz=640).
14:00:30  INFO     [RAMS] Controller ready. Policy: fixed
14:00:31  INFO     [RAMS] Tier switch: SMALL → MEDIUM  (R=0.536)
14:00:36  INFO     [RAMS] Controller stopped.
    block=3/10 method=safety ...
14:00:36  INFO     [RAMS] Starting resource monitor ...
14:00:36  INFO     [RAMS] Loading model tiers ...
WARNING ⚠️ Unable to automatically guess model task, assuming 'task=detect'. Explicitly define task for your model, i.e. 'task=detect', 'segment', 'classify', 'pose', 'obb' or 'semantic'.
Loading yolov8n.engine for TensorRT inference...
[09/09/2026-14:00:36] [TRT] [I] Loaded engine size: 7 MiB
[09/09/2026-14:00:37] [TRT] [I] [MemUsageChange] TensorRT-managed allocation in IExecutionContext creation: CPU +0, GPU +3, now: CPU 0, GPU 9 (MiB)
14:00:37  INFO     [RAMS] YOLOv8-nano ready — TensorRT yolov8n.engine (imgsz=320).
WARNING ⚠️ Unable to automatically guess model task, assuming 'task=detect'. Explicitly define task for your model, i.e. 'task=detect', 'segment', 'classify', 'pose', 'obb' or 'semantic'.
Loading yolov8s.engine for TensorRT inference...
[09/09/2026-14:00:37] [TRT] [I] The logger passed into createInferRuntime differs from one already provided for an existing builder, runtime, or refitter. Uses of the global logger, returned by nvinfer1::getLogger(), will return the existing value.
[09/09/2026-14:00:37] [TRT] [I] Loaded engine size: 23 MiB
[09/09/2026-14:00:37] [TRT] [I] [MemUsageChange] TensorRT-managed allocation in IExecutionContext creation: CPU +1, GPU +7, now: CPU 1, GPU 38 (MiB)
14:00:37  INFO     [RAMS] YOLOv8-small ready — TensorRT yolov8s.engine (imgsz=416).
WARNING ⚠️ Unable to automatically guess model task, assuming 'task=detect'. Explicitly define task for your model, i.e. 'task=detect', 'segment', 'classify', 'pose', 'obb' or 'semantic'.
Loading yolov8m.engine for TensorRT inference...
[09/09/2026-14:00:37] [TRT] [I] The logger passed into createInferRuntime differs from one already provided for an existing builder, runtime, or refitter. Uses of the global logger, returned by nvinfer1::getLogger(), will return the existing value.
[09/09/2026-14:00:37] [TRT] [I] Loaded engine size: 52 MiB
[09/09/2026-14:00:37] [TRT] [I] [MemUsageChange] TensorRT-managed allocation in IExecutionContext creation: CPU +0, GPU +29, now: CPU 1, GPU 117 (MiB)
14:00:37  INFO     [RAMS] YOLOv8-medium ready — TensorRT yolov8m.engine (imgsz=640).
14:00:37  INFO     [RAMS] Controller ready. Policy: safety
14:00:42  INFO     [RAMS] Controller stopped.
    block=4/10 method=predictive ...
14:00:42  INFO     [RAMS] Starting resource monitor ...
14:00:42  INFO     [RAMS] Loading model tiers ...
WARNING ⚠️ Unable to automatically guess model task, assuming 'task=detect'. Explicitly define task for your model, i.e. 'task=detect', 'segment', 'classify', 'pose', 'obb' or 'semantic'.
Loading yolov8n.engine for TensorRT inference...
[09/09/2026-14:00:42] [TRT] [I] Loaded engine size: 7 MiB
[09/09/2026-14:00:42] [TRT] [I] [MemUsageChange] TensorRT-managed allocation in IExecutionContext creation: CPU +0, GPU +3, now: CPU 0, GPU 9 (MiB)
14:00:42  INFO     [RAMS] YOLOv8-nano ready — TensorRT yolov8n.engine (imgsz=320).
WARNING ⚠️ Unable to automatically guess model task, assuming 'task=detect'. Explicitly define task for your model, i.e. 'task=detect', 'segment', 'classify', 'pose', 'obb' or 'semantic'.
Loading yolov8s.engine for TensorRT inference...
[09/09/2026-14:00:42] [TRT] [I] The logger passed into createInferRuntime differs from one already provided for an existing builder, runtime, or refitter. Uses of the global logger, returned by nvinfer1::getLogger(), will return the existing value.
[09/09/2026-14:00:42] [TRT] [I] Loaded engine size: 23 MiB
[09/09/2026-14:00:42] [TRT] [I] [MemUsageChange] TensorRT-managed allocation in IExecutionContext creation: CPU +1, GPU +7, now: CPU 1, GPU 38 (MiB)
14:00:42  INFO     [RAMS] YOLOv8-small ready — TensorRT yolov8s.engine (imgsz=416).
WARNING ⚠️ Unable to automatically guess model task, assuming 'task=detect'. Explicitly define task for your model, i.e. 'task=detect', 'segment', 'classify', 'pose', 'obb' or 'semantic'.
Loading yolov8m.engine for TensorRT inference...
[09/09/2026-14:00:42] [TRT] [I] The logger passed into createInferRuntime differs from one already provided for an existing builder, runtime, or refitter. Uses of the global logger, returned by nvinfer1::getLogger(), will return the existing value.
[09/09/2026-14:00:42] [TRT] [I] Loaded engine size: 52 MiB
[09/09/2026-14:00:42] [TRT] [I] [MemUsageChange] TensorRT-managed allocation in IExecutionContext creation: CPU +0, GPU +29, now: CPU 1, GPU 117 (MiB)
14:00:42  INFO     [RAMS] YOLOv8-medium ready — TensorRT yolov8m.engine (imgsz=640).
14:00:42  INFO     [RAMS] Controller ready. Policy: predictive
14:00:44  INFO     [RAMS] Tier switch: SMALL → NANO  (R=0.582)
14:00:44  INFO     [RAMS] Tier switch: NANO → SMALL  (R=0.493)
14:00:45  INFO     [RAMS] Tier switch: SMALL → NANO  (R=0.558)
14:00:45  INFO     [RAMS] Tier switch: NANO → SMALL  (R=0.514)
14:00:46  INFO     [RAMS] Tier switch: SMALL → NANO  (R=0.575)
14:00:46  INFO     [RAMS] Tier switch: NANO → SMALL  (R=0.495)
14:00:47  INFO     [RAMS] Tier switch: SMALL → NANO  (R=0.589)
14:00:47  INFO     [RAMS] Tier switch: NANO → SMALL  (R=0.491)
14:00:47  INFO     [RAMS] Controller stopped.
    block=4/10 method=FIXED_NANO ...
14:00:47  INFO     [RAMS] Starting resource monitor ...
14:00:47  INFO     [RAMS] Loading model tiers ...
WARNING ⚠️ Unable to automatically guess model task, assuming 'task=detect'. Explicitly define task for your model, i.e. 'task=detect', 'segment', 'classify', 'pose', 'obb' or 'semantic'.
Loading yolov8n.engine for TensorRT inference...
[09/09/2026-14:00:47] [TRT] [I] Loaded engine size: 7 MiB
[09/09/2026-14:00:47] [TRT] [I] [MemUsageChange] TensorRT-managed allocation in IExecutionContext creation: CPU +0, GPU +3, now: CPU 0, GPU 9 (MiB)
14:00:47  INFO     [RAMS] YOLOv8-nano ready — TensorRT yolov8n.engine (imgsz=320).
WARNING ⚠️ Unable to automatically guess model task, assuming 'task=detect'. Explicitly define task for your model, i.e. 'task=detect', 'segment', 'classify', 'pose', 'obb' or 'semantic'.
Loading yolov8s.engine for TensorRT inference...
[09/09/2026-14:00:47] [TRT] [I] The logger passed into createInferRuntime differs from one already provided for an existing builder, runtime, or refitter. Uses of the global logger, returned by nvinfer1::getLogger(), will return the existing value.
[09/09/2026-14:00:47] [TRT] [I] Loaded engine size: 23 MiB
[09/09/2026-14:00:48] [TRT] [I] [MemUsageChange] TensorRT-managed allocation in IExecutionContext creation: CPU +1, GPU +7, now: CPU 1, GPU 38 (MiB)
14:00:48  INFO     [RAMS] YOLOv8-small ready — TensorRT yolov8s.engine (imgsz=416).
WARNING ⚠️ Unable to automatically guess model task, assuming 'task=detect'. Explicitly define task for your model, i.e. 'task=detect', 'segment', 'classify', 'pose', 'obb' or 'semantic'.
Loading yolov8m.engine for TensorRT inference...
[09/09/2026-14:00:48] [TRT] [I] The logger passed into createInferRuntime differs from one already provided for an existing builder, runtime, or refitter. Uses of the global logger, returned by nvinfer1::getLogger(), will return the existing value.
[09/09/2026-14:00:48] [TRT] [I] Loaded engine size: 52 MiB
[09/09/2026-14:00:48] [TRT] [I] [MemUsageChange] TensorRT-managed allocation in IExecutionContext creation: CPU +0, GPU +29, now: CPU 1, GPU 117 (MiB)
14:00:48  INFO     [RAMS] YOLOv8-medium ready — TensorRT yolov8m.engine (imgsz=640).
14:00:48  INFO     [RAMS] Controller ready. Policy: fixed
14:00:49  INFO     [RAMS] Tier switch: SMALL → NANO  (R=0.418)
14:00:52  INFO     [RAMS] Controller stopped.
    block=4/10 method=FIXED_SMALL ...
14:00:53  INFO     [RAMS] Starting resource monitor ...
14:00:53  INFO     [RAMS] Loading model tiers ...
WARNING ⚠️ Unable to automatically guess model task, assuming 'task=detect'. Explicitly define task for your model, i.e. 'task=detect', 'segment', 'classify', 'pose', 'obb' or 'semantic'.
Loading yolov8n.engine for TensorRT inference...
[09/09/2026-14:00:53] [TRT] [I] Loaded engine size: 7 MiB
[09/09/2026-14:00:53] [TRT] [I] [MemUsageChange] TensorRT-managed allocation in IExecutionContext creation: CPU +0, GPU +3, now: CPU 0, GPU 9 (MiB)
14:00:53  INFO     [RAMS] YOLOv8-nano ready — TensorRT yolov8n.engine (imgsz=320).
WARNING ⚠️ Unable to automatically guess model task, assuming 'task=detect'. Explicitly define task for your model, i.e. 'task=detect', 'segment', 'classify', 'pose', 'obb' or 'semantic'.
Loading yolov8s.engine for TensorRT inference...
[09/09/2026-14:00:53] [TRT] [I] The logger passed into createInferRuntime differs from one already provided for an existing builder, runtime, or refitter. Uses of the global logger, returned by nvinfer1::getLogger(), will return the existing value.
[09/09/2026-14:00:53] [TRT] [I] Loaded engine size: 23 MiB
[09/09/2026-14:00:53] [TRT] [I] [MemUsageChange] TensorRT-managed allocation in IExecutionContext creation: CPU +1, GPU +7, now: CPU 1, GPU 38 (MiB)
14:00:53  INFO     [RAMS] YOLOv8-small ready — TensorRT yolov8s.engine (imgsz=416).
WARNING ⚠️ Unable to automatically guess model task, assuming 'task=detect'. Explicitly define task for your model, i.e. 'task=detect', 'segment', 'classify', 'pose', 'obb' or 'semantic'.
Loading yolov8m.engine for TensorRT inference...
[09/09/2026-14:00:53] [TRT] [I] The logger passed into createInferRuntime differs from one already provided for an existing builder, runtime, or refitter. Uses of the global logger, returned by nvinfer1::getLogger(), will return the existing value.
[09/09/2026-14:00:53] [TRT] [I] Loaded engine size: 52 MiB
[09/09/2026-14:00:53] [TRT] [I] [MemUsageChange] TensorRT-managed allocation in IExecutionContext creation: CPU +0, GPU +29, now: CPU 1, GPU 117 (MiB)
14:00:53  INFO     [RAMS] YOLOv8-medium ready — TensorRT yolov8m.engine (imgsz=640).
14:00:53  INFO     [RAMS] Controller ready. Policy: fixed
14:00:58  INFO     [RAMS] Controller stopped.
    block=4/10 method=adaptive ...
14:00:58  INFO     [RAMS] Starting resource monitor ...
14:00:58  INFO     [RAMS] Loading model tiers ...
WARNING ⚠️ Unable to automatically guess model task, assuming 'task=detect'. Explicitly define task for your model, i.e. 'task=detect', 'segment', 'classify', 'pose', 'obb' or 'semantic'.
Loading yolov8n.engine for TensorRT inference...
[09/09/2026-14:00:58] [TRT] [I] Loaded engine size: 7 MiB
[09/09/2026-14:00:58] [TRT] [I] [MemUsageChange] TensorRT-managed allocation in IExecutionContext creation: CPU +0, GPU +3, now: CPU 0, GPU 9 (MiB)
14:00:58  INFO     [RAMS] YOLOv8-nano ready — TensorRT yolov8n.engine (imgsz=320).
WARNING ⚠️ Unable to automatically guess model task, assuming 'task=detect'. Explicitly define task for your model, i.e. 'task=detect', 'segment', 'classify', 'pose', 'obb' or 'semantic'.
Loading yolov8s.engine for TensorRT inference...
[09/09/2026-14:00:58] [TRT] [I] The logger passed into createInferRuntime differs from one already provided for an existing builder, runtime, or refitter. Uses of the global logger, returned by nvinfer1::getLogger(), will return the existing value.
[09/09/2026-14:00:58] [TRT] [I] Loaded engine size: 23 MiB
[09/09/2026-14:00:58] [TRT] [I] [MemUsageChange] TensorRT-managed allocation in IExecutionContext creation: CPU +1, GPU +7, now: CPU 1, GPU 38 (MiB)
14:00:58  INFO     [RAMS] YOLOv8-small ready — TensorRT yolov8s.engine (imgsz=416).
WARNING ⚠️ Unable to automatically guess model task, assuming 'task=detect'. Explicitly define task for your model, i.e. 'task=detect', 'segment', 'classify', 'pose', 'obb' or 'semantic'.
Loading yolov8m.engine for TensorRT inference...
[09/09/2026-14:00:58] [TRT] [I] The logger passed into createInferRuntime differs from one already provided for an existing builder, runtime, or refitter. Uses of the global logger, returned by nvinfer1::getLogger(), will return the existing value.
[09/09/2026-14:00:58] [TRT] [I] Loaded engine size: 52 MiB
[09/09/2026-14:00:58] [TRT] [I] [MemUsageChange] TensorRT-managed allocation in IExecutionContext creation: CPU +0, GPU +29, now: CPU 1, GPU 117 (MiB)
14:00:58  INFO     [RAMS] YOLOv8-medium ready — TensorRT yolov8m.engine (imgsz=640).
14:00:58  INFO     [RAMS] Controller ready. Policy: adaptive
14:01:01  INFO     [RAMS] Tier switch: SMALL → NANO  (R=0.582)
14:01:01  INFO     [RAMS] Tier switch: NANO → SMALL  (R=0.495)
14:01:02  INFO     [RAMS] Tier switch: SMALL → NANO  (R=0.576)
14:01:02  INFO     [RAMS] Tier switch: NANO → SMALL  (R=0.500)
14:01:03  INFO     [RAMS] Tier switch: SMALL → NANO  (R=0.583)
14:01:03  INFO     [RAMS] Tier switch: NANO → SMALL  (R=0.501)
14:01:04  INFO     [RAMS] Controller stopped.
    block=4/10 method=threshold ...
14:01:04  INFO     [RAMS] Starting resource monitor ...
14:01:04  INFO     [RAMS] Loading model tiers ...
WARNING ⚠️ Unable to automatically guess model task, assuming 'task=detect'. Explicitly define task for your model, i.e. 'task=detect', 'segment', 'classify', 'pose', 'obb' or 'semantic'.
Loading yolov8n.engine for TensorRT inference...
[09/09/2026-14:01:04] [TRT] [I] Loaded engine size: 7 MiB
[09/09/2026-14:01:04] [TRT] [I] [MemUsageChange] TensorRT-managed allocation in IExecutionContext creation: CPU +0, GPU +3, now: CPU 0, GPU 9 (MiB)
14:01:04  INFO     [RAMS] YOLOv8-nano ready — TensorRT yolov8n.engine (imgsz=320).
WARNING ⚠️ Unable to automatically guess model task, assuming 'task=detect'. Explicitly define task for your model, i.e. 'task=detect', 'segment', 'classify', 'pose', 'obb' or 'semantic'.
Loading yolov8s.engine for TensorRT inference...
[09/09/2026-14:01:04] [TRT] [I] The logger passed into createInferRuntime differs from one already provided for an existing builder, runtime, or refitter. Uses of the global logger, returned by nvinfer1::getLogger(), will return the existing value.
[09/09/2026-14:01:04] [TRT] [I] Loaded engine size: 23 MiB
[09/09/2026-14:01:04] [TRT] [I] [MemUsageChange] TensorRT-managed allocation in IExecutionContext creation: CPU +1, GPU +7, now: CPU 1, GPU 38 (MiB)
14:01:04  INFO     [RAMS] YOLOv8-small ready — TensorRT yolov8s.engine (imgsz=416).
WARNING ⚠️ Unable to automatically guess model task, assuming 'task=detect'. Explicitly define task for your model, i.e. 'task=detect', 'segment', 'classify', 'pose', 'obb' or 'semantic'.
Loading yolov8m.engine for TensorRT inference...
[09/09/2026-14:01:04] [TRT] [I] The logger passed into createInferRuntime differs from one already provided for an existing builder, runtime, or refitter. Uses of the global logger, returned by nvinfer1::getLogger(), will return the existing value.
[09/09/2026-14:01:04] [TRT] [I] Loaded engine size: 52 MiB
[09/09/2026-14:01:04] [TRT] [I] [MemUsageChange] TensorRT-managed allocation in IExecutionContext creation: CPU +0, GPU +29, now: CPU 1, GPU 117 (MiB)
14:01:04  INFO     [RAMS] YOLOv8-medium ready — TensorRT yolov8m.engine (imgsz=640).
14:01:04  INFO     [RAMS] Controller ready. Policy: threshold
14:01:06  INFO     [RAMS] Tier switch: SMALL → NANO  (R=0.583)
14:01:06  INFO     [RAMS] Tier switch: NANO → SMALL  (R=0.506)
14:01:07  INFO     [RAMS] Tier switch: SMALL → NANO  (R=0.546)
14:01:07  INFO     [RAMS] Tier switch: NANO → SMALL  (R=0.492)
14:01:08  INFO     [RAMS] Tier switch: SMALL → NANO  (R=0.557)
14:01:08  INFO     [RAMS] Tier switch: NANO → SMALL  (R=0.497)
14:01:09  INFO     [RAMS] Tier switch: SMALL → NANO  (R=0.569)
14:01:09  INFO     [RAMS] Tier switch: NANO → SMALL  (R=0.488)
14:01:09  INFO     [RAMS] Controller stopped.
    block=4/10 method=FIXED_MEDIUM ...
14:01:09  INFO     [RAMS] Starting resource monitor ...
14:01:09  INFO     [RAMS] Loading model tiers ...
WARNING ⚠️ Unable to automatically guess model task, assuming 'task=detect'. Explicitly define task for your model, i.e. 'task=detect', 'segment', 'classify', 'pose', 'obb' or 'semantic'.
Loading yolov8n.engine for TensorRT inference...
[09/09/2026-14:01:09] [TRT] [I] Loaded engine size: 7 MiB
[09/09/2026-14:01:09] [TRT] [I] [MemUsageChange] TensorRT-managed allocation in IExecutionContext creation: CPU +0, GPU +3, now: CPU 0, GPU 9 (MiB)
14:01:09  INFO     [RAMS] YOLOv8-nano ready — TensorRT yolov8n.engine (imgsz=320).
WARNING ⚠️ Unable to automatically guess model task, assuming 'task=detect'. Explicitly define task for your model, i.e. 'task=detect', 'segment', 'classify', 'pose', 'obb' or 'semantic'.
Loading yolov8s.engine for TensorRT inference...
[09/09/2026-14:01:09] [TRT] [I] The logger passed into createInferRuntime differs from one already provided for an existing builder, runtime, or refitter. Uses of the global logger, returned by nvinfer1::getLogger(), will return the existing value.
[09/09/2026-14:01:09] [TRT] [I] Loaded engine size: 23 MiB
[09/09/2026-14:01:09] [TRT] [I] [MemUsageChange] TensorRT-managed allocation in IExecutionContext creation: CPU +1, GPU +7, now: CPU 1, GPU 38 (MiB)
14:01:09  INFO     [RAMS] YOLOv8-small ready — TensorRT yolov8s.engine (imgsz=416).
WARNING ⚠️ Unable to automatically guess model task, assuming 'task=detect'. Explicitly define task for your model, i.e. 'task=detect', 'segment', 'classify', 'pose', 'obb' or 'semantic'.
Loading yolov8m.engine for TensorRT inference...
[09/09/2026-14:01:09] [TRT] [I] The logger passed into createInferRuntime differs from one already provided for an existing builder, runtime, or refitter. Uses of the global logger, returned by nvinfer1::getLogger(), will return the existing value.
[09/09/2026-14:01:09] [TRT] [I] Loaded engine size: 52 MiB
[09/09/2026-14:01:09] [TRT] [I] [MemUsageChange] TensorRT-managed allocation in IExecutionContext creation: CPU +0, GPU +29, now: CPU 1, GPU 117 (MiB)
14:01:09  INFO     [RAMS] YOLOv8-medium ready — TensorRT yolov8m.engine (imgsz=640).
14:01:09  INFO     [RAMS] Controller ready. Policy: fixed
14:01:10  INFO     [RAMS] Tier switch: SMALL → MEDIUM  (R=0.416)
14:01:16  INFO     [RAMS] Controller stopped.
    block=4/10 method=safety ...
14:01:16  INFO     [RAMS] Starting resource monitor ...
14:01:16  INFO     [RAMS] Loading model tiers ...
WARNING ⚠️ Unable to automatically guess model task, assuming 'task=detect'. Explicitly define task for your model, i.e. 'task=detect', 'segment', 'classify', 'pose', 'obb' or 'semantic'.
Loading yolov8n.engine for TensorRT inference...
[09/09/2026-14:01:16] [TRT] [I] Loaded engine size: 7 MiB
[09/09/2026-14:01:16] [TRT] [I] [MemUsageChange] TensorRT-managed allocation in IExecutionContext creation: CPU +0, GPU +3, now: CPU 0, GPU 9 (MiB)
14:01:16  INFO     [RAMS] YOLOv8-nano ready — TensorRT yolov8n.engine (imgsz=320).
WARNING ⚠️ Unable to automatically guess model task, assuming 'task=detect'. Explicitly define task for your model, i.e. 'task=detect', 'segment', 'classify', 'pose', 'obb' or 'semantic'.
Loading yolov8s.engine for TensorRT inference...
[09/09/2026-14:01:16] [TRT] [I] The logger passed into createInferRuntime differs from one already provided for an existing builder, runtime, or refitter. Uses of the global logger, returned by nvinfer1::getLogger(), will return the existing value.
[09/09/2026-14:01:16] [TRT] [I] Loaded engine size: 23 MiB
[09/09/2026-14:01:16] [TRT] [I] [MemUsageChange] TensorRT-managed allocation in IExecutionContext creation: CPU +1, GPU +7, now: CPU 1, GPU 38 (MiB)
14:01:16  INFO     [RAMS] YOLOv8-small ready — TensorRT yolov8s.engine (imgsz=416).
WARNING ⚠️ Unable to automatically guess model task, assuming 'task=detect'. Explicitly define task for your model, i.e. 'task=detect', 'segment', 'classify', 'pose', 'obb' or 'semantic'.
Loading yolov8m.engine for TensorRT inference...
[09/09/2026-14:01:16] [TRT] [I] The logger passed into createInferRuntime differs from one already provided for an existing builder, runtime, or refitter. Uses of the global logger, returned by nvinfer1::getLogger(), will return the existing value.
[09/09/2026-14:01:16] [TRT] [I] Loaded engine size: 52 MiB
[09/09/2026-14:01:16] [TRT] [I] [MemUsageChange] TensorRT-managed allocation in IExecutionContext creation: CPU +0, GPU +29, now: CPU 1, GPU 117 (MiB)
14:01:17  INFO     [RAMS] YOLOv8-medium ready — TensorRT yolov8m.engine (imgsz=640).
14:01:17  INFO     [RAMS] Controller ready. Policy: safety
14:01:22  INFO     [RAMS] Controller stopped.
    block=4/10 method=safety2 ...
14:01:22  INFO     [RAMS] Starting resource monitor ...
14:01:22  INFO     [RAMS] Loading model tiers ...
WARNING ⚠️ Unable to automatically guess model task, assuming 'task=detect'. Explicitly define task for your model, i.e. 'task=detect', 'segment', 'classify', 'pose', 'obb' or 'semantic'.
Loading yolov8n.engine for TensorRT inference...
[09/09/2026-14:01:22] [TRT] [I] Loaded engine size: 7 MiB
[09/09/2026-14:01:22] [TRT] [I] [MemUsageChange] TensorRT-managed allocation in IExecutionContext creation: CPU +0, GPU +3, now: CPU 0, GPU 9 (MiB)
14:01:22  INFO     [RAMS] YOLOv8-nano ready — TensorRT yolov8n.engine (imgsz=320).
WARNING ⚠️ Unable to automatically guess model task, assuming 'task=detect'. Explicitly define task for your model, i.e. 'task=detect', 'segment', 'classify', 'pose', 'obb' or 'semantic'.
Loading yolov8s.engine for TensorRT inference...
[09/09/2026-14:01:22] [TRT] [I] The logger passed into createInferRuntime differs from one already provided for an existing builder, runtime, or refitter. Uses of the global logger, returned by nvinfer1::getLogger(), will return the existing value.
[09/09/2026-14:01:22] [TRT] [I] Loaded engine size: 23 MiB
[09/09/2026-14:01:22] [TRT] [I] [MemUsageChange] TensorRT-managed allocation in IExecutionContext creation: CPU +1, GPU +7, now: CPU 1, GPU 38 (MiB)
14:01:22  INFO     [RAMS] YOLOv8-small ready — TensorRT yolov8s.engine (imgsz=416).
WARNING ⚠️ Unable to automatically guess model task, assuming 'task=detect'. Explicitly define task for your model, i.e. 'task=detect', 'segment', 'classify', 'pose', 'obb' or 'semantic'.
Loading yolov8m.engine for TensorRT inference...
[09/09/2026-14:01:22] [TRT] [I] The logger passed into createInferRuntime differs from one already provided for an existing builder, runtime, or refitter. Uses of the global logger, returned by nvinfer1::getLogger(), will return the existing value.
[09/09/2026-14:01:22] [TRT] [I] Loaded engine size: 52 MiB
[09/09/2026-14:01:22] [TRT] [I] [MemUsageChange] TensorRT-managed allocation in IExecutionContext creation: CPU +0, GPU +29, now: CPU 1, GPU 117 (MiB)
14:01:22  INFO     [RAMS] YOLOv8-medium ready — TensorRT yolov8m.engine (imgsz=640).
14:01:22  INFO     [RAMS] Controller ready. Policy: safety2
14:01:23  INFO     [RAMS] Tier switch: SMALL → MEDIUM  (R=0.457)
14:01:24  INFO     [RAMS] Tier switch: MEDIUM → SMALL  (R=0.471)
14:01:24  INFO     [RAMS] Tier switch: SMALL → MEDIUM  (R=0.515)
14:01:25  INFO     [RAMS] Tier switch: MEDIUM → NANO  (R=0.552)
14:01:26  INFO     [RAMS] Tier switch: NANO → MEDIUM  (R=0.552)
14:01:26  INFO     [RAMS] Tier switch: MEDIUM → SMALL  (R=0.488)
14:01:27  INFO     [RAMS] Tier switch: SMALL → MEDIUM  (R=0.484)
14:01:27  INFO     [RAMS] Tier switch: MEDIUM → SMALL  (R=0.517)
14:01:28  INFO     [RAMS] Tier switch: SMALL → MEDIUM  (R=0.557)
14:01:28  INFO     [RAMS] Controller stopped.
    block=5/10 method=adaptive ...
14:01:29  INFO     [RAMS] Starting resource monitor ...
14:01:29  INFO     [RAMS] Loading model tiers ...
WARNING ⚠️ Unable to automatically guess model task, assuming 'task=detect'. Explicitly define task for your model, i.e. 'task=detect', 'segment', 'classify', 'pose', 'obb' or 'semantic'.
Loading yolov8n.engine for TensorRT inference...
[09/09/2026-14:01:29] [TRT] [I] Loaded engine size: 7 MiB
[09/09/2026-14:01:29] [TRT] [I] [MemUsageChange] TensorRT-managed allocation in IExecutionContext creation: CPU +0, GPU +3, now: CPU 0, GPU 9 (MiB)
14:01:29  INFO     [RAMS] YOLOv8-nano ready — TensorRT yolov8n.engine (imgsz=320).
WARNING ⚠️ Unable to automatically guess model task, assuming 'task=detect'. Explicitly define task for your model, i.e. 'task=detect', 'segment', 'classify', 'pose', 'obb' or 'semantic'.
Loading yolov8s.engine for TensorRT inference...
[09/09/2026-14:01:29] [TRT] [I] The logger passed into createInferRuntime differs from one already provided for an existing builder, runtime, or refitter. Uses of the global logger, returned by nvinfer1::getLogger(), will return the existing value.
[09/09/2026-14:01:29] [TRT] [I] Loaded engine size: 23 MiB
[09/09/2026-14:01:29] [TRT] [I] [MemUsageChange] TensorRT-managed allocation in IExecutionContext creation: CPU +1, GPU +7, now: CPU 1, GPU 38 (MiB)
14:01:29  INFO     [RAMS] YOLOv8-small ready — TensorRT yolov8s.engine (imgsz=416).
WARNING ⚠️ Unable to automatically guess model task, assuming 'task=detect'. Explicitly define task for your model, i.e. 'task=detect', 'segment', 'classify', 'pose', 'obb' or 'semantic'.
Loading yolov8m.engine for TensorRT inference...
[09/09/2026-14:01:29] [TRT] [I] The logger passed into createInferRuntime differs from one already provided for an existing builder, runtime, or refitter. Uses of the global logger, returned by nvinfer1::getLogger(), will return the existing value.
[09/09/2026-14:01:29] [TRT] [I] Loaded engine size: 52 MiB
[09/09/2026-14:01:29] [TRT] [I] [MemUsageChange] TensorRT-managed allocation in IExecutionContext creation: CPU +0, GPU +29, now: CPU 1, GPU 117 (MiB)
14:01:29  INFO     [RAMS] YOLOv8-medium ready — TensorRT yolov8m.engine (imgsz=640).
14:01:29  INFO     [RAMS] Controller ready. Policy: adaptive
14:01:31  INFO     [RAMS] Tier switch: SMALL → NANO  (R=0.579)
14:01:31  INFO     [RAMS] Tier switch: NANO → SMALL  (R=0.495)
14:01:32  INFO     [RAMS] Tier switch: SMALL → NANO  (R=0.567)
14:01:34  INFO     [RAMS] Controller stopped.
    block=5/10 method=FIXED_MEDIUM ...
14:01:34  INFO     [RAMS] Starting resource monitor ...
14:01:34  INFO     [RAMS] Loading model tiers ...
WARNING ⚠️ Unable to automatically guess model task, assuming 'task=detect'. Explicitly define task for your model, i.e. 'task=detect', 'segment', 'classify', 'pose', 'obb' or 'semantic'.
Loading yolov8n.engine for TensorRT inference...
[09/09/2026-14:01:34] [TRT] [I] Loaded engine size: 7 MiB
[09/09/2026-14:01:34] [TRT] [I] [MemUsageChange] TensorRT-managed allocation in IExecutionContext creation: CPU +0, GPU +3, now: CPU 0, GPU 9 (MiB)
14:01:34  INFO     [RAMS] YOLOv8-nano ready — TensorRT yolov8n.engine (imgsz=320).
WARNING ⚠️ Unable to automatically guess model task, assuming 'task=detect'. Explicitly define task for your model, i.e. 'task=detect', 'segment', 'classify', 'pose', 'obb' or 'semantic'.
Loading yolov8s.engine for TensorRT inference...
[09/09/2026-14:01:34] [TRT] [I] The logger passed into createInferRuntime differs from one already provided for an existing builder, runtime, or refitter. Uses of the global logger, returned by nvinfer1::getLogger(), will return the existing value.
[09/09/2026-14:01:34] [TRT] [I] Loaded engine size: 23 MiB
[09/09/2026-14:01:34] [TRT] [I] [MemUsageChange] TensorRT-managed allocation in IExecutionContext creation: CPU +1, GPU +7, now: CPU 1, GPU 38 (MiB)
14:01:34  INFO     [RAMS] YOLOv8-small ready — TensorRT yolov8s.engine (imgsz=416).
WARNING ⚠️ Unable to automatically guess model task, assuming 'task=detect'. Explicitly define task for your model, i.e. 'task=detect', 'segment', 'classify', 'pose', 'obb' or 'semantic'.
Loading yolov8m.engine for TensorRT inference...
[09/09/2026-14:01:34] [TRT] [I] The logger passed into createInferRuntime differs from one already provided for an existing builder, runtime, or refitter. Uses of the global logger, returned by nvinfer1::getLogger(), will return the existing value.
[09/09/2026-14:01:34] [TRT] [I] Loaded engine size: 52 MiB
[09/09/2026-14:01:34] [TRT] [I] [MemUsageChange] TensorRT-managed allocation in IExecutionContext creation: CPU +0, GPU +29, now: CPU 1, GPU 117 (MiB)
14:01:34  INFO     [RAMS] YOLOv8-medium ready — TensorRT yolov8m.engine (imgsz=640).
14:01:34  INFO     [RAMS] Controller ready. Policy: fixed
14:01:35  INFO     [RAMS] Tier switch: SMALL → MEDIUM  (R=0.479)
14:01:41  INFO     [RAMS] Controller stopped.
    block=5/10 method=safety2 ...
14:01:41  INFO     [RAMS] Starting resource monitor ...
14:01:41  INFO     [RAMS] Loading model tiers ...
WARNING ⚠️ Unable to automatically guess model task, assuming 'task=detect'. Explicitly define task for your model, i.e. 'task=detect', 'segment', 'classify', 'pose', 'obb' or 'semantic'.
Loading yolov8n.engine for TensorRT inference...
[09/09/2026-14:01:41] [TRT] [I] Loaded engine size: 7 MiB
[09/09/2026-14:01:41] [TRT] [I] [MemUsageChange] TensorRT-managed allocation in IExecutionContext creation: CPU +0, GPU +3, now: CPU 0, GPU 9 (MiB)
14:01:41  INFO     [RAMS] YOLOv8-nano ready — TensorRT yolov8n.engine (imgsz=320).
WARNING ⚠️ Unable to automatically guess model task, assuming 'task=detect'. Explicitly define task for your model, i.e. 'task=detect', 'segment', 'classify', 'pose', 'obb' or 'semantic'.
Loading yolov8s.engine for TensorRT inference...
[09/09/2026-14:01:41] [TRT] [I] The logger passed into createInferRuntime differs from one already provided for an existing builder, runtime, or refitter. Uses of the global logger, returned by nvinfer1::getLogger(), will return the existing value.
[09/09/2026-14:01:41] [TRT] [I] Loaded engine size: 23 MiB
[09/09/2026-14:01:41] [TRT] [I] [MemUsageChange] TensorRT-managed allocation in IExecutionContext creation: CPU +1, GPU +7, now: CPU 1, GPU 38 (MiB)
14:01:41  INFO     [RAMS] YOLOv8-small ready — TensorRT yolov8s.engine (imgsz=416).
WARNING ⚠️ Unable to automatically guess model task, assuming 'task=detect'. Explicitly define task for your model, i.e. 'task=detect', 'segment', 'classify', 'pose', 'obb' or 'semantic'.
Loading yolov8m.engine for TensorRT inference...
[09/09/2026-14:01:41] [TRT] [I] The logger passed into createInferRuntime differs from one already provided for an existing builder, runtime, or refitter. Uses of the global logger, returned by nvinfer1::getLogger(), will return the existing value.
[09/09/2026-14:01:41] [TRT] [I] Loaded engine size: 52 MiB
[09/09/2026-14:01:41] [TRT] [I] [MemUsageChange] TensorRT-managed allocation in IExecutionContext creation: CPU +0, GPU +29, now: CPU 1, GPU 117 (MiB)
14:01:41  INFO     [RAMS] YOLOv8-medium ready — TensorRT yolov8m.engine (imgsz=640).
14:01:41  INFO     [RAMS] Controller ready. Policy: safety2
14:01:42  INFO     [RAMS] Tier switch: SMALL → MEDIUM  (R=0.491)
14:01:43  INFO     [RAMS] Tier switch: MEDIUM → SMALL  (R=0.512)
14:01:44  INFO     [RAMS] Tier switch: SMALL → MEDIUM  (R=0.473)
14:01:45  INFO     [RAMS] Tier switch: MEDIUM → SMALL  (R=0.501)
14:01:45  INFO     [RAMS] Tier switch: SMALL → MEDIUM  (R=0.501)
14:01:45  INFO     [RAMS] Tier switch: MEDIUM → SMALL  (R=0.536)
14:01:45  INFO     [RAMS] Tier switch: SMALL → MEDIUM  (R=0.547)
14:01:46  INFO     [RAMS] Tier switch: MEDIUM → NANO  (R=0.565)
14:01:46  INFO     [RAMS] Tier switch: NANO → MEDIUM  (R=0.565)
14:01:46  INFO     [RAMS] Tier switch: MEDIUM → SMALL  (R=0.465)
14:01:47  INFO     [RAMS] Tier switch: SMALL → MEDIUM  (R=0.501)
14:01:48  INFO     [RAMS] Controller stopped.
    block=5/10 method=FIXED_NANO ...
14:01:48  INFO     [RAMS] Starting resource monitor ...
14:01:48  INFO     [RAMS] Loading model tiers ...
WARNING ⚠️ Unable to automatically guess model task, assuming 'task=detect'. Explicitly define task for your model, i.e. 'task=detect', 'segment', 'classify', 'pose', 'obb' or 'semantic'.
Loading yolov8n.engine for TensorRT inference...
[09/09/2026-14:01:48] [TRT] [I] Loaded engine size: 7 MiB
[09/09/2026-14:01:48] [TRT] [I] [MemUsageChange] TensorRT-managed allocation in IExecutionContext creation: CPU +0, GPU +3, now: CPU 0, GPU 9 (MiB)
14:01:48  INFO     [RAMS] YOLOv8-nano ready — TensorRT yolov8n.engine (imgsz=320).
WARNING ⚠️ Unable to automatically guess model task, assuming 'task=detect'. Explicitly define task for your model, i.e. 'task=detect', 'segment', 'classify', 'pose', 'obb' or 'semantic'.
Loading yolov8s.engine for TensorRT inference...
[09/09/2026-14:01:48] [TRT] [I] The logger passed into createInferRuntime differs from one already provided for an existing builder, runtime, or refitter. Uses of the global logger, returned by nvinfer1::getLogger(), will return the existing value.
[09/09/2026-14:01:48] [TRT] [I] Loaded engine size: 23 MiB
[09/09/2026-14:01:48] [TRT] [I] [MemUsageChange] TensorRT-managed allocation in IExecutionContext creation: CPU +1, GPU +7, now: CPU 1, GPU 38 (MiB)
14:01:48  INFO     [RAMS] YOLOv8-small ready — TensorRT yolov8s.engine (imgsz=416).
WARNING ⚠️ Unable to automatically guess model task, assuming 'task=detect'. Explicitly define task for your model, i.e. 'task=detect', 'segment', 'classify', 'pose', 'obb' or 'semantic'.
Loading yolov8m.engine for TensorRT inference...
[09/09/2026-14:01:48] [TRT] [I] The logger passed into createInferRuntime differs from one already provided for an existing builder, runtime, or refitter. Uses of the global logger, returned by nvinfer1::getLogger(), will return the existing value.
[09/09/2026-14:01:48] [TRT] [I] Loaded engine size: 52 MiB
[09/09/2026-14:01:48] [TRT] [I] [MemUsageChange] TensorRT-managed allocation in IExecutionContext creation: CPU +0, GPU +29, now: CPU 1, GPU 117 (MiB)
14:01:48  INFO     [RAMS] YOLOv8-medium ready — TensorRT yolov8m.engine (imgsz=640).
14:01:48  INFO     [RAMS] Controller ready. Policy: fixed
14:01:49  INFO     [RAMS] Tier switch: SMALL → NANO  (R=0.421)
14:01:53  INFO     [RAMS] Controller stopped.
    block=5/10 method=FIXED_SMALL ...
14:01:53  INFO     [RAMS] Starting resource monitor ...
14:01:53  INFO     [RAMS] Loading model tiers ...
WARNING ⚠️ Unable to automatically guess model task, assuming 'task=detect'. Explicitly define task for your model, i.e. 'task=detect', 'segment', 'classify', 'pose', 'obb' or 'semantic'.
Loading yolov8n.engine for TensorRT inference...
[09/09/2026-14:01:53] [TRT] [I] Loaded engine size: 7 MiB
[09/09/2026-14:01:53] [TRT] [I] [MemUsageChange] TensorRT-managed allocation in IExecutionContext creation: CPU +0, GPU +3, now: CPU 0, GPU 9 (MiB)
14:01:53  INFO     [RAMS] YOLOv8-nano ready — TensorRT yolov8n.engine (imgsz=320).
WARNING ⚠️ Unable to automatically guess model task, assuming 'task=detect'. Explicitly define task for your model, i.e. 'task=detect', 'segment', 'classify', 'pose', 'obb' or 'semantic'.
Loading yolov8s.engine for TensorRT inference...
[09/09/2026-14:01:53] [TRT] [I] The logger passed into createInferRuntime differs from one already provided for an existing builder, runtime, or refitter. Uses of the global logger, returned by nvinfer1::getLogger(), will return the existing value.
[09/09/2026-14:01:53] [TRT] [I] Loaded engine size: 23 MiB
[09/09/2026-14:01:53] [TRT] [I] [MemUsageChange] TensorRT-managed allocation in IExecutionContext creation: CPU +1, GPU +7, now: CPU 1, GPU 38 (MiB)
14:01:53  INFO     [RAMS] YOLOv8-small ready — TensorRT yolov8s.engine (imgsz=416).
WARNING ⚠️ Unable to automatically guess model task, assuming 'task=detect'. Explicitly define task for your model, i.e. 'task=detect', 'segment', 'classify', 'pose', 'obb' or 'semantic'.
Loading yolov8m.engine for TensorRT inference...
[09/09/2026-14:01:53] [TRT] [I] The logger passed into createInferRuntime differs from one already provided for an existing builder, runtime, or refitter. Uses of the global logger, returned by nvinfer1::getLogger(), will return the existing value.
[09/09/2026-14:01:53] [TRT] [I] Loaded engine size: 52 MiB
[09/09/2026-14:01:53] [TRT] [I] [MemUsageChange] TensorRT-managed allocation in IExecutionContext creation: CPU +0, GPU +29, now: CPU 1, GPU 117 (MiB)
14:01:53  INFO     [RAMS] YOLOv8-medium ready — TensorRT yolov8m.engine (imgsz=640).
14:01:53  INFO     [RAMS] Controller ready. Policy: fixed
14:01:58  INFO     [RAMS] Controller stopped.
    block=5/10 method=safety ...
14:01:58  INFO     [RAMS] Starting resource monitor ...
14:01:58  INFO     [RAMS] Loading model tiers ...
WARNING ⚠️ Unable to automatically guess model task, assuming 'task=detect'. Explicitly define task for your model, i.e. 'task=detect', 'segment', 'classify', 'pose', 'obb' or 'semantic'.
Loading yolov8n.engine for TensorRT inference...
[09/09/2026-14:01:58] [TRT] [I] Loaded engine size: 7 MiB
[09/09/2026-14:01:58] [TRT] [I] [MemUsageChange] TensorRT-managed allocation in IExecutionContext creation: CPU +0, GPU +3, now: CPU 0, GPU 9 (MiB)
14:01:58  INFO     [RAMS] YOLOv8-nano ready — TensorRT yolov8n.engine (imgsz=320).
WARNING ⚠️ Unable to automatically guess model task, assuming 'task=detect'. Explicitly define task for your model, i.e. 'task=detect', 'segment', 'classify', 'pose', 'obb' or 'semantic'.
Loading yolov8s.engine for TensorRT inference...
[09/09/2026-14:01:58] [TRT] [I] The logger passed into createInferRuntime differs from one already provided for an existing builder, runtime, or refitter. Uses of the global logger, returned by nvinfer1::getLogger(), will return the existing value.
[09/09/2026-14:01:58] [TRT] [I] Loaded engine size: 23 MiB
[09/09/2026-14:01:59] [TRT] [I] [MemUsageChange] TensorRT-managed allocation in IExecutionContext creation: CPU +1, GPU +7, now: CPU 1, GPU 38 (MiB)
14:01:59  INFO     [RAMS] YOLOv8-small ready — TensorRT yolov8s.engine (imgsz=416).
WARNING ⚠️ Unable to automatically guess model task, assuming 'task=detect'. Explicitly define task for your model, i.e. 'task=detect', 'segment', 'classify', 'pose', 'obb' or 'semantic'.
Loading yolov8m.engine for TensorRT inference...
[09/09/2026-14:01:59] [TRT] [I] The logger passed into createInferRuntime differs from one already provided for an existing builder, runtime, or refitter. Uses of the global logger, returned by nvinfer1::getLogger(), will return the existing value.
[09/09/2026-14:01:59] [TRT] [I] Loaded engine size: 52 MiB
[09/09/2026-14:01:59] [TRT] [I] [MemUsageChange] TensorRT-managed allocation in IExecutionContext creation: CPU +0, GPU +29, now: CPU 1, GPU 117 (MiB)
14:01:59  INFO     [RAMS] YOLOv8-medium ready — TensorRT yolov8m.engine (imgsz=640).
14:01:59  INFO     [RAMS] Controller ready. Policy: safety
14:02:00  INFO     [RAMS] Tier switch: SMALL → NANO  (R=0.545)
14:02:00  INFO     [RAMS] Tier switch: NANO → SMALL  (R=0.545)
14:02:04  INFO     [RAMS] Controller stopped.
    block=5/10 method=threshold ...
14:02:04  INFO     [RAMS] Starting resource monitor ...
14:02:04  INFO     [RAMS] Loading model tiers ...
WARNING ⚠️ Unable to automatically guess model task, assuming 'task=detect'. Explicitly define task for your model, i.e. 'task=detect', 'segment', 'classify', 'pose', 'obb' or 'semantic'.
Loading yolov8n.engine for TensorRT inference...
[09/09/2026-14:02:04] [TRT] [I] Loaded engine size: 7 MiB
[09/09/2026-14:02:04] [TRT] [I] [MemUsageChange] TensorRT-managed allocation in IExecutionContext creation: CPU +0, GPU +3, now: CPU 0, GPU 9 (MiB)
14:02:04  INFO     [RAMS] YOLOv8-nano ready — TensorRT yolov8n.engine (imgsz=320).
WARNING ⚠️ Unable to automatically guess model task, assuming 'task=detect'. Explicitly define task for your model, i.e. 'task=detect', 'segment', 'classify', 'pose', 'obb' or 'semantic'.
Loading yolov8s.engine for TensorRT inference...
[09/09/2026-14:02:04] [TRT] [I] The logger passed into createInferRuntime differs from one already provided for an existing builder, runtime, or refitter. Uses of the global logger, returned by nvinfer1::getLogger(), will return the existing value.
[09/09/2026-14:02:04] [TRT] [I] Loaded engine size: 23 MiB
[09/09/2026-14:02:04] [TRT] [I] [MemUsageChange] TensorRT-managed allocation in IExecutionContext creation: CPU +1, GPU +7, now: CPU 1, GPU 38 (MiB)
14:02:04  INFO     [RAMS] YOLOv8-small ready — TensorRT yolov8s.engine (imgsz=416).
WARNING ⚠️ Unable to automatically guess model task, assuming 'task=detect'. Explicitly define task for your model, i.e. 'task=detect', 'segment', 'classify', 'pose', 'obb' or 'semantic'.
Loading yolov8m.engine for TensorRT inference...
[09/09/2026-14:02:04] [TRT] [I] The logger passed into createInferRuntime differs from one already provided for an existing builder, runtime, or refitter. Uses of the global logger, returned by nvinfer1::getLogger(), will return the existing value.
[09/09/2026-14:02:04] [TRT] [I] Loaded engine size: 52 MiB
[09/09/2026-14:02:04] [TRT] [I] [MemUsageChange] TensorRT-managed allocation in IExecutionContext creation: CPU +0, GPU +29, now: CPU 1, GPU 117 (MiB)
14:02:04  INFO     [RAMS] YOLOv8-medium ready — TensorRT yolov8m.engine (imgsz=640).
14:02:04  INFO     [RAMS] Controller ready. Policy: threshold
14:02:06  INFO     [RAMS] Tier switch: SMALL → NANO  (R=0.567)
14:02:06  INFO     [RAMS] Tier switch: NANO → SMALL  (R=0.497)
14:02:07  INFO     [RAMS] Tier switch: SMALL → NANO  (R=0.579)
14:02:07  INFO     [RAMS] Tier switch: NANO → SMALL  (R=0.497)
14:02:08  INFO     [RAMS] Tier switch: SMALL → NANO  (R=0.579)
14:02:08  INFO     [RAMS] Tier switch: NANO → SMALL  (R=0.498)
14:02:09  INFO     [RAMS] Tier switch: SMALL → NANO  (R=0.577)
14:02:09  INFO     [RAMS] Tier switch: NANO → SMALL  (R=0.471)
14:02:09  INFO     [RAMS] Controller stopped.
    block=5/10 method=predictive ...
14:02:09  INFO     [RAMS] Starting resource monitor ...
14:02:09  INFO     [RAMS] Loading model tiers ...
WARNING ⚠️ Unable to automatically guess model task, assuming 'task=detect'. Explicitly define task for your model, i.e. 'task=detect', 'segment', 'classify', 'pose', 'obb' or 'semantic'.
Loading yolov8n.engine for TensorRT inference...
[09/09/2026-14:02:09] [TRT] [I] Loaded engine size: 7 MiB
[09/09/2026-14:02:09] [TRT] [I] [MemUsageChange] TensorRT-managed allocation in IExecutionContext creation: CPU +0, GPU +3, now: CPU 0, GPU 9 (MiB)
14:02:09  INFO     [RAMS] YOLOv8-nano ready — TensorRT yolov8n.engine (imgsz=320).
WARNING ⚠️ Unable to automatically guess model task, assuming 'task=detect'. Explicitly define task for your model, i.e. 'task=detect', 'segment', 'classify', 'pose', 'obb' or 'semantic'.
Loading yolov8s.engine for TensorRT inference...
[09/09/2026-14:02:09] [TRT] [I] The logger passed into createInferRuntime differs from one already provided for an existing builder, runtime, or refitter. Uses of the global logger, returned by nvinfer1::getLogger(), will return the existing value.
[09/09/2026-14:02:09] [TRT] [I] Loaded engine size: 23 MiB
[09/09/2026-14:02:09] [TRT] [I] [MemUsageChange] TensorRT-managed allocation in IExecutionContext creation: CPU +1, GPU +7, now: CPU 1, GPU 38 (MiB)
14:02:09  INFO     [RAMS] YOLOv8-small ready — TensorRT yolov8s.engine (imgsz=416).
WARNING ⚠️ Unable to automatically guess model task, assuming 'task=detect'. Explicitly define task for your model, i.e. 'task=detect', 'segment', 'classify', 'pose', 'obb' or 'semantic'.
Loading yolov8m.engine for TensorRT inference...
[09/09/2026-14:02:09] [TRT] [I] The logger passed into createInferRuntime differs from one already provided for an existing builder, runtime, or refitter. Uses of the global logger, returned by nvinfer1::getLogger(), will return the existing value.
[09/09/2026-14:02:10] [TRT] [I] Loaded engine size: 52 MiB
[09/09/2026-14:02:10] [TRT] [I] [MemUsageChange] TensorRT-managed allocation in IExecutionContext creation: CPU +0, GPU +29, now: CPU 1, GPU 117 (MiB)
14:02:10  INFO     [RAMS] YOLOv8-medium ready — TensorRT yolov8m.engine (imgsz=640).
14:02:10  INFO     [RAMS] Controller ready. Policy: predictive
14:02:11  INFO     [RAMS] Tier switch: SMALL → NANO  (R=0.582)
14:02:11  INFO     [RAMS] Tier switch: NANO → SMALL  (R=0.492)
14:02:12  INFO     [RAMS] Tier switch: SMALL → NANO  (R=0.573)
14:02:12  INFO     [RAMS] Tier switch: NANO → SMALL  (R=0.501)
14:02:13  INFO     [RAMS] Tier switch: SMALL → NANO  (R=0.583)
14:02:13  INFO     [RAMS] Tier switch: NANO → SMALL  (R=0.496)
14:02:14  INFO     [RAMS] Tier switch: SMALL → NANO  (R=0.581)
14:02:14  INFO     [RAMS] Tier switch: NANO → SMALL  (R=0.500)
14:02:15  INFO     [RAMS] Tier switch: SMALL → NANO  (R=0.562)
14:02:15  INFO     [RAMS] Controller stopped.
    block=6/10 method=adaptive ...
14:02:15  INFO     [RAMS] Starting resource monitor ...
14:02:15  INFO     [RAMS] Loading model tiers ...
WARNING ⚠️ Unable to automatically guess model task, assuming 'task=detect'. Explicitly define task for your model, i.e. 'task=detect', 'segment', 'classify', 'pose', 'obb' or 'semantic'.
Loading yolov8n.engine for TensorRT inference...
[09/09/2026-14:02:15] [TRT] [I] Loaded engine size: 7 MiB
[09/09/2026-14:02:15] [TRT] [I] [MemUsageChange] TensorRT-managed allocation in IExecutionContext creation: CPU +0, GPU +3, now: CPU 0, GPU 9 (MiB)
14:02:15  INFO     [RAMS] YOLOv8-nano ready — TensorRT yolov8n.engine (imgsz=320).
WARNING ⚠️ Unable to automatically guess model task, assuming 'task=detect'. Explicitly define task for your model, i.e. 'task=detect', 'segment', 'classify', 'pose', 'obb' or 'semantic'.
Loading yolov8s.engine for TensorRT inference...
[09/09/2026-14:02:15] [TRT] [I] The logger passed into createInferRuntime differs from one already provided for an existing builder, runtime, or refitter. Uses of the global logger, returned by nvinfer1::getLogger(), will return the existing value.
[09/09/2026-14:02:15] [TRT] [I] Loaded engine size: 23 MiB
[09/09/2026-14:02:15] [TRT] [I] [MemUsageChange] TensorRT-managed allocation in IExecutionContext creation: CPU +1, GPU +7, now: CPU 1, GPU 38 (MiB)
14:02:15  INFO     [RAMS] YOLOv8-small ready — TensorRT yolov8s.engine (imgsz=416).
WARNING ⚠️ Unable to automatically guess model task, assuming 'task=detect'. Explicitly define task for your model, i.e. 'task=detect', 'segment', 'classify', 'pose', 'obb' or 'semantic'.
Loading yolov8m.engine for TensorRT inference...
[09/09/2026-14:02:15] [TRT] [I] The logger passed into createInferRuntime differs from one already provided for an existing builder, runtime, or refitter. Uses of the global logger, returned by nvinfer1::getLogger(), will return the existing value.
[09/09/2026-14:02:15] [TRT] [I] Loaded engine size: 52 MiB
[09/09/2026-14:02:15] [TRT] [I] [MemUsageChange] TensorRT-managed allocation in IExecutionContext creation: CPU +0, GPU +29, now: CPU 1, GPU 117 (MiB)
14:02:15  INFO     [RAMS] YOLOv8-medium ready — TensorRT yolov8m.engine (imgsz=640).
14:02:15  INFO     [RAMS] Controller ready. Policy: adaptive
14:02:17  INFO     [RAMS] Tier switch: SMALL → NANO  (R=0.564)
14:02:20  INFO     [RAMS] Controller stopped.
    block=6/10 method=safety ...
14:02:20  INFO     [RAMS] Starting resource monitor ...
14:02:20  INFO     [RAMS] Loading model tiers ...
WARNING ⚠️ Unable to automatically guess model task, assuming 'task=detect'. Explicitly define task for your model, i.e. 'task=detect', 'segment', 'classify', 'pose', 'obb' or 'semantic'.
Loading yolov8n.engine for TensorRT inference...
[09/09/2026-14:02:20] [TRT] [I] Loaded engine size: 7 MiB
[09/09/2026-14:02:20] [TRT] [I] [MemUsageChange] TensorRT-managed allocation in IExecutionContext creation: CPU +0, GPU +3, now: CPU 0, GPU 9 (MiB)
14:02:20  INFO     [RAMS] YOLOv8-nano ready — TensorRT yolov8n.engine (imgsz=320).
WARNING ⚠️ Unable to automatically guess model task, assuming 'task=detect'. Explicitly define task for your model, i.e. 'task=detect', 'segment', 'classify', 'pose', 'obb' or 'semantic'.
Loading yolov8s.engine for TensorRT inference...
[09/09/2026-14:02:20] [TRT] [I] The logger passed into createInferRuntime differs from one already provided for an existing builder, runtime, or refitter. Uses of the global logger, returned by nvinfer1::getLogger(), will return the existing value.
[09/09/2026-14:02:20] [TRT] [I] Loaded engine size: 23 MiB
[09/09/2026-14:02:20] [TRT] [I] [MemUsageChange] TensorRT-managed allocation in IExecutionContext creation: CPU +1, GPU +7, now: CPU 1, GPU 38 (MiB)
14:02:20  INFO     [RAMS] YOLOv8-small ready — TensorRT yolov8s.engine (imgsz=416).
WARNING ⚠️ Unable to automatically guess model task, assuming 'task=detect'. Explicitly define task for your model, i.e. 'task=detect', 'segment', 'classify', 'pose', 'obb' or 'semantic'.
Loading yolov8m.engine for TensorRT inference...
[09/09/2026-14:02:20] [TRT] [I] The logger passed into createInferRuntime differs from one already provided for an existing builder, runtime, or refitter. Uses of the global logger, returned by nvinfer1::getLogger(), will return the existing value.
[09/09/2026-14:02:20] [TRT] [I] Loaded engine size: 52 MiB
[09/09/2026-14:02:21] [TRT] [I] [MemUsageChange] TensorRT-managed allocation in IExecutionContext creation: CPU +0, GPU +29, now: CPU 1, GPU 117 (MiB)
14:02:21  INFO     [RAMS] YOLOv8-medium ready — TensorRT yolov8m.engine (imgsz=640).
14:02:21  INFO     [RAMS] Controller ready. Policy: safety
14:02:26  INFO     [RAMS] Controller stopped.
    block=6/10 method=FIXED_NANO ...
14:02:26  INFO     [RAMS] Starting resource monitor ...
14:02:26  INFO     [RAMS] Loading model tiers ...
WARNING ⚠️ Unable to automatically guess model task, assuming 'task=detect'. Explicitly define task for your model, i.e. 'task=detect', 'segment', 'classify', 'pose', 'obb' or 'semantic'.
Loading yolov8n.engine for TensorRT inference...
[09/09/2026-14:02:26] [TRT] [I] Loaded engine size: 7 MiB
[09/09/2026-14:02:26] [TRT] [I] [MemUsageChange] TensorRT-managed allocation in IExecutionContext creation: CPU +0, GPU +3, now: CPU 0, GPU 9 (MiB)
14:02:26  INFO     [RAMS] YOLOv8-nano ready — TensorRT yolov8n.engine (imgsz=320).
WARNING ⚠️ Unable to automatically guess model task, assuming 'task=detect'. Explicitly define task for your model, i.e. 'task=detect', 'segment', 'classify', 'pose', 'obb' or 'semantic'.
Loading yolov8s.engine for TensorRT inference...
[09/09/2026-14:02:26] [TRT] [I] The logger passed into createInferRuntime differs from one already provided for an existing builder, runtime, or refitter. Uses of the global logger, returned by nvinfer1::getLogger(), will return the existing value.
[09/09/2026-14:02:26] [TRT] [I] Loaded engine size: 23 MiB
[09/09/2026-14:02:26] [TRT] [I] [MemUsageChange] TensorRT-managed allocation in IExecutionContext creation: CPU +1, GPU +7, now: CPU 1, GPU 38 (MiB)
14:02:26  INFO     [RAMS] YOLOv8-small ready — TensorRT yolov8s.engine (imgsz=416).
WARNING ⚠️ Unable to automatically guess model task, assuming 'task=detect'. Explicitly define task for your model, i.e. 'task=detect', 'segment', 'classify', 'pose', 'obb' or 'semantic'.
Loading yolov8m.engine for TensorRT inference...
[09/09/2026-14:02:26] [TRT] [I] The logger passed into createInferRuntime differs from one already provided for an existing builder, runtime, or refitter. Uses of the global logger, returned by nvinfer1::getLogger(), will return the existing value.
[09/09/2026-14:02:26] [TRT] [I] Loaded engine size: 52 MiB
[09/09/2026-14:02:26] [TRT] [I] [MemUsageChange] TensorRT-managed allocation in IExecutionContext creation: CPU +0, GPU +29, now: CPU 1, GPU 117 (MiB)
14:02:26  INFO     [RAMS] YOLOv8-medium ready — TensorRT yolov8m.engine (imgsz=640).
14:02:26  INFO     [RAMS] Controller ready. Policy: fixed
14:02:27  INFO     [RAMS] Tier switch: SMALL → NANO  (R=0.421)
14:02:31  INFO     [RAMS] Controller stopped.
    block=6/10 method=FIXED_SMALL ...
14:02:31  INFO     [RAMS] Starting resource monitor ...
14:02:31  INFO     [RAMS] Loading model tiers ...
WARNING ⚠️ Unable to automatically guess model task, assuming 'task=detect'. Explicitly define task for your model, i.e. 'task=detect', 'segment', 'classify', 'pose', 'obb' or 'semantic'.
Loading yolov8n.engine for TensorRT inference...
[09/09/2026-14:02:31] [TRT] [I] Loaded engine size: 7 MiB
[09/09/2026-14:02:31] [TRT] [I] [MemUsageChange] TensorRT-managed allocation in IExecutionContext creation: CPU +0, GPU +3, now: CPU 0, GPU 9 (MiB)
14:02:31  INFO     [RAMS] YOLOv8-nano ready — TensorRT yolov8n.engine (imgsz=320).
WARNING ⚠️ Unable to automatically guess model task, assuming 'task=detect'. Explicitly define task for your model, i.e. 'task=detect', 'segment', 'classify', 'pose', 'obb' or 'semantic'.
Loading yolov8s.engine for TensorRT inference...
[09/09/2026-14:02:31] [TRT] [I] The logger passed into createInferRuntime differs from one already provided for an existing builder, runtime, or refitter. Uses of the global logger, returned by nvinfer1::getLogger(), will return the existing value.
[09/09/2026-14:02:31] [TRT] [I] Loaded engine size: 23 MiB
[09/09/2026-14:02:31] [TRT] [I] [MemUsageChange] TensorRT-managed allocation in IExecutionContext creation: CPU +1, GPU +7, now: CPU 1, GPU 38 (MiB)
14:02:31  INFO     [RAMS] YOLOv8-small ready — TensorRT yolov8s.engine (imgsz=416).
WARNING ⚠️ Unable to automatically guess model task, assuming 'task=detect'. Explicitly define task for your model, i.e. 'task=detect', 'segment', 'classify', 'pose', 'obb' or 'semantic'.
Loading yolov8m.engine for TensorRT inference...
[09/09/2026-14:02:31] [TRT] [I] The logger passed into createInferRuntime differs from one already provided for an existing builder, runtime, or refitter. Uses of the global logger, returned by nvinfer1::getLogger(), will return the existing value.
[09/09/2026-14:02:31] [TRT] [I] Loaded engine size: 52 MiB
[09/09/2026-14:02:31] [TRT] [I] [MemUsageChange] TensorRT-managed allocation in IExecutionContext creation: CPU +0, GPU +29, now: CPU 1, GPU 117 (MiB)
14:02:31  INFO     [RAMS] YOLOv8-medium ready — TensorRT yolov8m.engine (imgsz=640).
14:02:31  INFO     [RAMS] Controller ready. Policy: fixed
14:02:36  INFO     [RAMS] Controller stopped.
    block=6/10 method=safety2 ...
14:02:36  INFO     [RAMS] Starting resource monitor ...
14:02:36  INFO     [RAMS] Loading model tiers ...
WARNING ⚠️ Unable to automatically guess model task, assuming 'task=detect'. Explicitly define task for your model, i.e. 'task=detect', 'segment', 'classify', 'pose', 'obb' or 'semantic'.
Loading yolov8n.engine for TensorRT inference...
[09/09/2026-14:02:36] [TRT] [I] Loaded engine size: 7 MiB
[09/09/2026-14:02:36] [TRT] [I] [MemUsageChange] TensorRT-managed allocation in IExecutionContext creation: CPU +0, GPU +3, now: CPU 0, GPU 9 (MiB)
14:02:36  INFO     [RAMS] YOLOv8-nano ready — TensorRT yolov8n.engine (imgsz=320).
WARNING ⚠️ Unable to automatically guess model task, assuming 'task=detect'. Explicitly define task for your model, i.e. 'task=detect', 'segment', 'classify', 'pose', 'obb' or 'semantic'.
Loading yolov8s.engine for TensorRT inference...
[09/09/2026-14:02:36] [TRT] [I] The logger passed into createInferRuntime differs from one already provided for an existing builder, runtime, or refitter. Uses of the global logger, returned by nvinfer1::getLogger(), will return the existing value.
[09/09/2026-14:02:36] [TRT] [I] Loaded engine size: 23 MiB
[09/09/2026-14:02:36] [TRT] [I] [MemUsageChange] TensorRT-managed allocation in IExecutionContext creation: CPU +1, GPU +7, now: CPU 1, GPU 38 (MiB)
14:02:37  INFO     [RAMS] YOLOv8-small ready — TensorRT yolov8s.engine (imgsz=416).
WARNING ⚠️ Unable to automatically guess model task, assuming 'task=detect'. Explicitly define task for your model, i.e. 'task=detect', 'segment', 'classify', 'pose', 'obb' or 'semantic'.
Loading yolov8m.engine for TensorRT inference...
[09/09/2026-14:02:37] [TRT] [I] The logger passed into createInferRuntime differs from one already provided for an existing builder, runtime, or refitter. Uses of the global logger, returned by nvinfer1::getLogger(), will return the existing value.
[09/09/2026-14:02:37] [TRT] [I] Loaded engine size: 52 MiB
[09/09/2026-14:02:37] [TRT] [I] [MemUsageChange] TensorRT-managed allocation in IExecutionContext creation: CPU +0, GPU +29, now: CPU 1, GPU 117 (MiB)
14:02:37  INFO     [RAMS] YOLOv8-medium ready — TensorRT yolov8m.engine (imgsz=640).
14:02:37  INFO     [RAMS] Controller ready. Policy: safety2
14:02:38  INFO     [RAMS] Tier switch: SMALL → MEDIUM  (R=0.493)
14:02:38  INFO     [RAMS] Tier switch: MEDIUM → NANO  (R=0.600)
14:02:38  INFO     [RAMS] Tier switch: NANO → MEDIUM  (R=0.601)
14:02:39  INFO     [RAMS] Tier switch: MEDIUM → SMALL  (R=0.607)
14:02:40  INFO     [RAMS] Tier switch: SMALL → MEDIUM  (R=0.543)
14:02:40  INFO     [RAMS] Tier switch: MEDIUM → NANO  (R=0.595)
14:02:40  INFO     [RAMS] Tier switch: NANO → SMALL  (R=0.595)
14:02:41  INFO     [RAMS] Tier switch: SMALL → MEDIUM  (R=0.569)
14:02:41  INFO     [RAMS] Tier switch: MEDIUM → SMALL  (R=0.572)
14:02:41  INFO     [RAMS] Tier switch: SMALL → MEDIUM  (R=0.557)
14:02:42  INFO     [RAMS] Tier switch: MEDIUM → NANO  (R=0.601)
14:02:42  INFO     [RAMS] Tier switch: NANO → SMALL  (R=0.587)
14:02:42  INFO     [RAMS] Tier switch: SMALL → MEDIUM  (R=0.580)
14:02:43  INFO     [RAMS] Controller stopped.
    block=6/10 method=threshold ...
14:02:43  INFO     [RAMS] Starting resource monitor ...
14:02:43  INFO     [RAMS] Loading model tiers ...
WARNING ⚠️ Unable to automatically guess model task, assuming 'task=detect'. Explicitly define task for your model, i.e. 'task=detect', 'segment', 'classify', 'pose', 'obb' or 'semantic'.
Loading yolov8n.engine for TensorRT inference...
[09/09/2026-14:02:43] [TRT] [I] Loaded engine size: 7 MiB
[09/09/2026-14:02:43] [TRT] [I] [MemUsageChange] TensorRT-managed allocation in IExecutionContext creation: CPU +0, GPU +3, now: CPU 0, GPU 9 (MiB)
14:02:43  INFO     [RAMS] YOLOv8-nano ready — TensorRT yolov8n.engine (imgsz=320).
WARNING ⚠️ Unable to automatically guess model task, assuming 'task=detect'. Explicitly define task for your model, i.e. 'task=detect', 'segment', 'classify', 'pose', 'obb' or 'semantic'.
Loading yolov8s.engine for TensorRT inference...
[09/09/2026-14:02:43] [TRT] [I] The logger passed into createInferRuntime differs from one already provided for an existing builder, runtime, or refitter. Uses of the global logger, returned by nvinfer1::getLogger(), will return the existing value.
[09/09/2026-14:02:43] [TRT] [I] Loaded engine size: 23 MiB
[09/09/2026-14:02:43] [TRT] [I] [MemUsageChange] TensorRT-managed allocation in IExecutionContext creation: CPU +1, GPU +7, now: CPU 1, GPU 38 (MiB)
14:02:43  INFO     [RAMS] YOLOv8-small ready — TensorRT yolov8s.engine (imgsz=416).
WARNING ⚠️ Unable to automatically guess model task, assuming 'task=detect'. Explicitly define task for your model, i.e. 'task=detect', 'segment', 'classify', 'pose', 'obb' or 'semantic'.
Loading yolov8m.engine for TensorRT inference...
[09/09/2026-14:02:43] [TRT] [I] The logger passed into createInferRuntime differs from one already provided for an existing builder, runtime, or refitter. Uses of the global logger, returned by nvinfer1::getLogger(), will return the existing value.
[09/09/2026-14:02:43] [TRT] [I] Loaded engine size: 52 MiB
[09/09/2026-14:02:43] [TRT] [I] [MemUsageChange] TensorRT-managed allocation in IExecutionContext creation: CPU +0, GPU +29, now: CPU 1, GPU 117 (MiB)
14:02:43  INFO     [RAMS] YOLOv8-medium ready — TensorRT yolov8m.engine (imgsz=640).
14:02:43  INFO     [RAMS] Controller ready. Policy: threshold
14:02:45  INFO     [RAMS] Tier switch: SMALL → NANO  (R=0.577)
14:02:45  INFO     [RAMS] Tier switch: NANO → SMALL  (R=0.495)
14:02:46  INFO     [RAMS] Tier switch: SMALL → NANO  (R=0.559)
14:02:46  INFO     [RAMS] Tier switch: NANO → SMALL  (R=0.475)
14:02:47  INFO     [RAMS] Tier switch: SMALL → NANO  (R=0.565)
14:02:47  INFO     [RAMS] Tier switch: NANO → SMALL  (R=0.512)
14:02:48  INFO     [RAMS] Tier switch: SMALL → NANO  (R=0.559)
14:02:48  INFO     [RAMS] Tier switch: NANO → SMALL  (R=0.516)
14:02:48  INFO     [RAMS] Controller stopped.
    block=6/10 method=FIXED_MEDIUM ...
14:02:48  INFO     [RAMS] Starting resource monitor ...
14:02:48  INFO     [RAMS] Loading model tiers ...
WARNING ⚠️ Unable to automatically guess model task, assuming 'task=detect'. Explicitly define task for your model, i.e. 'task=detect', 'segment', 'classify', 'pose', 'obb' or 'semantic'.
Loading yolov8n.engine for TensorRT inference...
[09/09/2026-14:02:48] [TRT] [I] Loaded engine size: 7 MiB
[09/09/2026-14:02:48] [TRT] [I] [MemUsageChange] TensorRT-managed allocation in IExecutionContext creation: CPU +0, GPU +3, now: CPU 0, GPU 9 (MiB)
14:02:48  INFO     [RAMS] YOLOv8-nano ready — TensorRT yolov8n.engine (imgsz=320).
WARNING ⚠️ Unable to automatically guess model task, assuming 'task=detect'. Explicitly define task for your model, i.e. 'task=detect', 'segment', 'classify', 'pose', 'obb' or 'semantic'.
Loading yolov8s.engine for TensorRT inference...
[09/09/2026-14:02:48] [TRT] [I] The logger passed into createInferRuntime differs from one already provided for an existing builder, runtime, or refitter. Uses of the global logger, returned by nvinfer1::getLogger(), will return the existing value.
[09/09/2026-14:02:48] [TRT] [I] Loaded engine size: 23 MiB
[09/09/2026-14:02:48] [TRT] [I] [MemUsageChange] TensorRT-managed allocation in IExecutionContext creation: CPU +1, GPU +7, now: CPU 1, GPU 38 (MiB)
14:02:48  INFO     [RAMS] YOLOv8-small ready — TensorRT yolov8s.engine (imgsz=416).
WARNING ⚠️ Unable to automatically guess model task, assuming 'task=detect'. Explicitly define task for your model, i.e. 'task=detect', 'segment', 'classify', 'pose', 'obb' or 'semantic'.
Loading yolov8m.engine for TensorRT inference...
[09/09/2026-14:02:48] [TRT] [I] The logger passed into createInferRuntime differs from one already provided for an existing builder, runtime, or refitter. Uses of the global logger, returned by nvinfer1::getLogger(), will return the existing value.
[09/09/2026-14:02:48] [TRT] [I] Loaded engine size: 52 MiB
[09/09/2026-14:02:48] [TRT] [I] [MemUsageChange] TensorRT-managed allocation in IExecutionContext creation: CPU +0, GPU +29, now: CPU 1, GPU 117 (MiB)
14:02:48  INFO     [RAMS] YOLOv8-medium ready — TensorRT yolov8m.engine (imgsz=640).
14:02:48  INFO     [RAMS] Controller ready. Policy: fixed
14:02:49  INFO     [RAMS] Tier switch: SMALL → MEDIUM  (R=0.421)
14:02:55  INFO     [RAMS] Controller stopped.
    block=6/10 method=predictive ...
14:02:55  INFO     [RAMS] Starting resource monitor ...
14:02:55  INFO     [RAMS] Loading model tiers ...
WARNING ⚠️ Unable to automatically guess model task, assuming 'task=detect'. Explicitly define task for your model, i.e. 'task=detect', 'segment', 'classify', 'pose', 'obb' or 'semantic'.
Loading yolov8n.engine for TensorRT inference...
[09/09/2026-14:02:55] [TRT] [I] Loaded engine size: 7 MiB
[09/09/2026-14:02:55] [TRT] [I] [MemUsageChange] TensorRT-managed allocation in IExecutionContext creation: CPU +0, GPU +3, now: CPU 0, GPU 9 (MiB)
14:02:55  INFO     [RAMS] YOLOv8-nano ready — TensorRT yolov8n.engine (imgsz=320).
WARNING ⚠️ Unable to automatically guess model task, assuming 'task=detect'. Explicitly define task for your model, i.e. 'task=detect', 'segment', 'classify', 'pose', 'obb' or 'semantic'.
Loading yolov8s.engine for TensorRT inference...
[09/09/2026-14:02:55] [TRT] [I] The logger passed into createInferRuntime differs from one already provided for an existing builder, runtime, or refitter. Uses of the global logger, returned by nvinfer1::getLogger(), will return the existing value.
[09/09/2026-14:02:55] [TRT] [I] Loaded engine size: 23 MiB
[09/09/2026-14:02:55] [TRT] [I] [MemUsageChange] TensorRT-managed allocation in IExecutionContext creation: CPU +1, GPU +7, now: CPU 1, GPU 38 (MiB)
14:02:55  INFO     [RAMS] YOLOv8-small ready — TensorRT yolov8s.engine (imgsz=416).
WARNING ⚠️ Unable to automatically guess model task, assuming 'task=detect'. Explicitly define task for your model, i.e. 'task=detect', 'segment', 'classify', 'pose', 'obb' or 'semantic'.
Loading yolov8m.engine for TensorRT inference...
[09/09/2026-14:02:55] [TRT] [I] The logger passed into createInferRuntime differs from one already provided for an existing builder, runtime, or refitter. Uses of the global logger, returned by nvinfer1::getLogger(), will return the existing value.
[09/09/2026-14:02:55] [TRT] [I] Loaded engine size: 52 MiB
[09/09/2026-14:02:55] [TRT] [I] [MemUsageChange] TensorRT-managed allocation in IExecutionContext creation: CPU +0, GPU +29, now: CPU 1, GPU 117 (MiB)
14:02:55  INFO     [RAMS] YOLOv8-medium ready — TensorRT yolov8m.engine (imgsz=640).
14:02:55  INFO     [RAMS] Controller ready. Policy: predictive
14:02:57  INFO     [RAMS] Tier switch: SMALL → NANO  (R=0.556)
14:02:57  INFO     [RAMS] Tier switch: NANO → SMALL  (R=0.493)
14:02:58  INFO     [RAMS] Tier switch: SMALL → NANO  (R=0.567)
14:03:00  INFO     [RAMS] Controller stopped.
    block=7/10 method=adaptive ...
14:03:00  INFO     [RAMS] Starting resource monitor ...
14:03:00  INFO     [RAMS] Loading model tiers ...
WARNING ⚠️ Unable to automatically guess model task, assuming 'task=detect'. Explicitly define task for your model, i.e. 'task=detect', 'segment', 'classify', 'pose', 'obb' or 'semantic'.
Loading yolov8n.engine for TensorRT inference...
[09/09/2026-14:03:00] [TRT] [I] Loaded engine size: 7 MiB
[09/09/2026-14:03:00] [TRT] [I] [MemUsageChange] TensorRT-managed allocation in IExecutionContext creation: CPU +0, GPU +3, now: CPU 0, GPU 9 (MiB)
14:03:00  INFO     [RAMS] YOLOv8-nano ready — TensorRT yolov8n.engine (imgsz=320).
WARNING ⚠️ Unable to automatically guess model task, assuming 'task=detect'. Explicitly define task for your model, i.e. 'task=detect', 'segment', 'classify', 'pose', 'obb' or 'semantic'.
Loading yolov8s.engine for TensorRT inference...
[09/09/2026-14:03:00] [TRT] [I] The logger passed into createInferRuntime differs from one already provided for an existing builder, runtime, or refitter. Uses of the global logger, returned by nvinfer1::getLogger(), will return the existing value.
[09/09/2026-14:03:01] [TRT] [I] Loaded engine size: 23 MiB
[09/09/2026-14:03:01] [TRT] [I] [MemUsageChange] TensorRT-managed allocation in IExecutionContext creation: CPU +1, GPU +7, now: CPU 1, GPU 38 (MiB)
14:03:01  INFO     [RAMS] YOLOv8-small ready — TensorRT yolov8s.engine (imgsz=416).
WARNING ⚠️ Unable to automatically guess model task, assuming 'task=detect'. Explicitly define task for your model, i.e. 'task=detect', 'segment', 'classify', 'pose', 'obb' or 'semantic'.
Loading yolov8m.engine for TensorRT inference...
[09/09/2026-14:03:01] [TRT] [I] The logger passed into createInferRuntime differs from one already provided for an existing builder, runtime, or refitter. Uses of the global logger, returned by nvinfer1::getLogger(), will return the existing value.
[09/09/2026-14:03:01] [TRT] [I] Loaded engine size: 52 MiB
[09/09/2026-14:03:01] [TRT] [I] [MemUsageChange] TensorRT-managed allocation in IExecutionContext creation: CPU +0, GPU +29, now: CPU 1, GPU 117 (MiB)
14:03:01  INFO     [RAMS] YOLOv8-medium ready — TensorRT yolov8m.engine (imgsz=640).
14:03:01  INFO     [RAMS] Controller ready. Policy: adaptive
14:03:02  INFO     [RAMS] Tier switch: SMALL → NANO  (R=0.592)
14:03:04  INFO     [RAMS] Tier switch: NANO → SMALL  (R=0.484)
14:03:06  INFO     [RAMS] Controller stopped.
    block=7/10 method=FIXED_SMALL ...
14:03:06  INFO     [RAMS] Starting resource monitor ...
14:03:06  INFO     [RAMS] Loading model tiers ...
WARNING ⚠️ Unable to automatically guess model task, assuming 'task=detect'. Explicitly define task for your model, i.e. 'task=detect', 'segment', 'classify', 'pose', 'obb' or 'semantic'.
Loading yolov8n.engine for TensorRT inference...
[09/09/2026-14:03:06] [TRT] [I] Loaded engine size: 7 MiB
[09/09/2026-14:03:06] [TRT] [I] [MemUsageChange] TensorRT-managed allocation in IExecutionContext creation: CPU +0, GPU +3, now: CPU 0, GPU 9 (MiB)
14:03:06  INFO     [RAMS] YOLOv8-nano ready — TensorRT yolov8n.engine (imgsz=320).
WARNING ⚠️ Unable to automatically guess model task, assuming 'task=detect'. Explicitly define task for your model, i.e. 'task=detect', 'segment', 'classify', 'pose', 'obb' or 'semantic'.
Loading yolov8s.engine for TensorRT inference...
[09/09/2026-14:03:06] [TRT] [I] The logger passed into createInferRuntime differs from one already provided for an existing builder, runtime, or refitter. Uses of the global logger, returned by nvinfer1::getLogger(), will return the existing value.
[09/09/2026-14:03:06] [TRT] [I] Loaded engine size: 23 MiB
[09/09/2026-14:03:06] [TRT] [I] [MemUsageChange] TensorRT-managed allocation in IExecutionContext creation: CPU +1, GPU +7, now: CPU 1, GPU 38 (MiB)
14:03:06  INFO     [RAMS] YOLOv8-small ready — TensorRT yolov8s.engine (imgsz=416).
WARNING ⚠️ Unable to automatically guess model task, assuming 'task=detect'. Explicitly define task for your model, i.e. 'task=detect', 'segment', 'classify', 'pose', 'obb' or 'semantic'.
Loading yolov8m.engine for TensorRT inference...
[09/09/2026-14:03:06] [TRT] [I] The logger passed into createInferRuntime differs from one already provided for an existing builder, runtime, or refitter. Uses of the global logger, returned by nvinfer1::getLogger(), will return the existing value.
[09/09/2026-14:03:06] [TRT] [I] Loaded engine size: 52 MiB
[09/09/2026-14:03:06] [TRT] [I] [MemUsageChange] TensorRT-managed allocation in IExecutionContext creation: CPU +0, GPU +29, now: CPU 1, GPU 117 (MiB)
14:03:06  INFO     [RAMS] YOLOv8-medium ready — TensorRT yolov8m.engine (imgsz=640).
14:03:06  INFO     [RAMS] Controller ready. Policy: fixed
14:03:11  INFO     [RAMS] Controller stopped.
    block=7/10 method=FIXED_NANO ...
14:03:11  INFO     [RAMS] Starting resource monitor ...
14:03:11  INFO     [RAMS] Loading model tiers ...
WARNING ⚠️ Unable to automatically guess model task, assuming 'task=detect'. Explicitly define task for your model, i.e. 'task=detect', 'segment', 'classify', 'pose', 'obb' or 'semantic'.
Loading yolov8n.engine for TensorRT inference...
[09/09/2026-14:03:11] [TRT] [I] Loaded engine size: 7 MiB
[09/09/2026-14:03:11] [TRT] [I] [MemUsageChange] TensorRT-managed allocation in IExecutionContext creation: CPU +0, GPU +3, now: CPU 0, GPU 9 (MiB)
14:03:11  INFO     [RAMS] YOLOv8-nano ready — TensorRT yolov8n.engine (imgsz=320).
WARNING ⚠️ Unable to automatically guess model task, assuming 'task=detect'. Explicitly define task for your model, i.e. 'task=detect', 'segment', 'classify', 'pose', 'obb' or 'semantic'.
Loading yolov8s.engine for TensorRT inference...
[09/09/2026-14:03:11] [TRT] [I] The logger passed into createInferRuntime differs from one already provided for an existing builder, runtime, or refitter. Uses of the global logger, returned by nvinfer1::getLogger(), will return the existing value.
[09/09/2026-14:03:11] [TRT] [I] Loaded engine size: 23 MiB
[09/09/2026-14:03:11] [TRT] [I] [MemUsageChange] TensorRT-managed allocation in IExecutionContext creation: CPU +1, GPU +7, now: CPU 1, GPU 38 (MiB)
14:03:11  INFO     [RAMS] YOLOv8-small ready — TensorRT yolov8s.engine (imgsz=416).
WARNING ⚠️ Unable to automatically guess model task, assuming 'task=detect'. Explicitly define task for your model, i.e. 'task=detect', 'segment', 'classify', 'pose', 'obb' or 'semantic'.
Loading yolov8m.engine for TensorRT inference...
[09/09/2026-14:03:11] [TRT] [I] The logger passed into createInferRuntime differs from one already provided for an existing builder, runtime, or refitter. Uses of the global logger, returned by nvinfer1::getLogger(), will return the existing value.
[09/09/2026-14:03:11] [TRT] [I] Loaded engine size: 52 MiB
[09/09/2026-14:03:11] [TRT] [I] [MemUsageChange] TensorRT-managed allocation in IExecutionContext creation: CPU +0, GPU +29, now: CPU 1, GPU 117 (MiB)
14:03:11  INFO     [RAMS] YOLOv8-medium ready — TensorRT yolov8m.engine (imgsz=640).
14:03:11  INFO     [RAMS] Controller ready. Policy: fixed
14:03:13  INFO     [RAMS] Tier switch: SMALL → NANO  (R=0.416)
14:03:16  INFO     [RAMS] Controller stopped.
    block=7/10 method=FIXED_MEDIUM ...
14:03:16  INFO     [RAMS] Starting resource monitor ...
14:03:16  INFO     [RAMS] Loading model tiers ...
WARNING ⚠️ Unable to automatically guess model task, assuming 'task=detect'. Explicitly define task for your model, i.e. 'task=detect', 'segment', 'classify', 'pose', 'obb' or 'semantic'.
Loading yolov8n.engine for TensorRT inference...
[09/09/2026-14:03:16] [TRT] [I] Loaded engine size: 7 MiB
[09/09/2026-14:03:16] [TRT] [I] [MemUsageChange] TensorRT-managed allocation in IExecutionContext creation: CPU +0, GPU +3, now: CPU 0, GPU 9 (MiB)
14:03:16  INFO     [RAMS] YOLOv8-nano ready — TensorRT yolov8n.engine (imgsz=320).
WARNING ⚠️ Unable to automatically guess model task, assuming 'task=detect'. Explicitly define task for your model, i.e. 'task=detect', 'segment', 'classify', 'pose', 'obb' or 'semantic'.
Loading yolov8s.engine for TensorRT inference...
[09/09/2026-14:03:16] [TRT] [I] The logger passed into createInferRuntime differs from one already provided for an existing builder, runtime, or refitter. Uses of the global logger, returned by nvinfer1::getLogger(), will return the existing value.
[09/09/2026-14:03:16] [TRT] [I] Loaded engine size: 23 MiB
[09/09/2026-14:03:16] [TRT] [I] [MemUsageChange] TensorRT-managed allocation in IExecutionContext creation: CPU +1, GPU +7, now: CPU 1, GPU 38 (MiB)
14:03:17  INFO     [RAMS] YOLOv8-small ready — TensorRT yolov8s.engine (imgsz=416).
WARNING ⚠️ Unable to automatically guess model task, assuming 'task=detect'. Explicitly define task for your model, i.e. 'task=detect', 'segment', 'classify', 'pose', 'obb' or 'semantic'.
Loading yolov8m.engine for TensorRT inference...
[09/09/2026-14:03:17] [TRT] [I] The logger passed into createInferRuntime differs from one already provided for an existing builder, runtime, or refitter. Uses of the global logger, returned by nvinfer1::getLogger(), will return the existing value.
[09/09/2026-14:03:17] [TRT] [I] Loaded engine size: 52 MiB
[09/09/2026-14:03:17] [TRT] [I] [MemUsageChange] TensorRT-managed allocation in IExecutionContext creation: CPU +0, GPU +29, now: CPU 1, GPU 117 (MiB)
14:03:17  INFO     [RAMS] YOLOv8-medium ready — TensorRT yolov8m.engine (imgsz=640).
14:03:17  INFO     [RAMS] Controller ready. Policy: fixed
14:03:18  INFO     [RAMS] Tier switch: SMALL → MEDIUM  (R=0.413)
14:03:23  INFO     [RAMS] Controller stopped.
    block=7/10 method=safety ...
14:03:23  INFO     [RAMS] Starting resource monitor ...
14:03:23  INFO     [RAMS] Loading model tiers ...
WARNING ⚠️ Unable to automatically guess model task, assuming 'task=detect'. Explicitly define task for your model, i.e. 'task=detect', 'segment', 'classify', 'pose', 'obb' or 'semantic'.
Loading yolov8n.engine for TensorRT inference...
[09/09/2026-14:03:23] [TRT] [I] Loaded engine size: 7 MiB
[09/09/2026-14:03:23] [TRT] [I] [MemUsageChange] TensorRT-managed allocation in IExecutionContext creation: CPU +0, GPU +3, now: CPU 0, GPU 9 (MiB)
14:03:23  INFO     [RAMS] YOLOv8-nano ready — TensorRT yolov8n.engine (imgsz=320).
WARNING ⚠️ Unable to automatically guess model task, assuming 'task=detect'. Explicitly define task for your model, i.e. 'task=detect', 'segment', 'classify', 'pose', 'obb' or 'semantic'.
Loading yolov8s.engine for TensorRT inference...
[09/09/2026-14:03:23] [TRT] [I] The logger passed into createInferRuntime differs from one already provided for an existing builder, runtime, or refitter. Uses of the global logger, returned by nvinfer1::getLogger(), will return the existing value.
[09/09/2026-14:03:23] [TRT] [I] Loaded engine size: 23 MiB
[09/09/2026-14:03:24] [TRT] [I] [MemUsageChange] TensorRT-managed allocation in IExecutionContext creation: CPU +1, GPU +7, now: CPU 1, GPU 38 (MiB)
14:03:24  INFO     [RAMS] YOLOv8-small ready — TensorRT yolov8s.engine (imgsz=416).
WARNING ⚠️ Unable to automatically guess model task, assuming 'task=detect'. Explicitly define task for your model, i.e. 'task=detect', 'segment', 'classify', 'pose', 'obb' or 'semantic'.
Loading yolov8m.engine for TensorRT inference...
[09/09/2026-14:03:24] [TRT] [I] The logger passed into createInferRuntime differs from one already provided for an existing builder, runtime, or refitter. Uses of the global logger, returned by nvinfer1::getLogger(), will return the existing value.
[09/09/2026-14:03:24] [TRT] [I] Loaded engine size: 52 MiB
[09/09/2026-14:03:24] [TRT] [I] [MemUsageChange] TensorRT-managed allocation in IExecutionContext creation: CPU +0, GPU +29, now: CPU 1, GPU 117 (MiB)
14:03:24  INFO     [RAMS] YOLOv8-medium ready — TensorRT yolov8m.engine (imgsz=640).
14:03:24  INFO     [RAMS] Controller ready. Policy: safety
14:03:25  INFO     [RAMS] Tier switch: SMALL → NANO  (R=0.575)
14:03:25  INFO     [RAMS] Tier switch: NANO → SMALL  (R=0.563)
14:03:29  INFO     [RAMS] Controller stopped.
    block=7/10 method=threshold ...
14:03:29  INFO     [RAMS] Starting resource monitor ...
14:03:29  INFO     [RAMS] Loading model tiers ...
WARNING ⚠️ Unable to automatically guess model task, assuming 'task=detect'. Explicitly define task for your model, i.e. 'task=detect', 'segment', 'classify', 'pose', 'obb' or 'semantic'.
Loading yolov8n.engine for TensorRT inference...
[09/09/2026-14:03:29] [TRT] [I] Loaded engine size: 7 MiB
[09/09/2026-14:03:29] [TRT] [I] [MemUsageChange] TensorRT-managed allocation in IExecutionContext creation: CPU +0, GPU +3, now: CPU 0, GPU 9 (MiB)
14:03:29  INFO     [RAMS] YOLOv8-nano ready — TensorRT yolov8n.engine (imgsz=320).
WARNING ⚠️ Unable to automatically guess model task, assuming 'task=detect'. Explicitly define task for your model, i.e. 'task=detect', 'segment', 'classify', 'pose', 'obb' or 'semantic'.
Loading yolov8s.engine for TensorRT inference...
[09/09/2026-14:03:29] [TRT] [I] The logger passed into createInferRuntime differs from one already provided for an existing builder, runtime, or refitter. Uses of the global logger, returned by nvinfer1::getLogger(), will return the existing value.
[09/09/2026-14:03:29] [TRT] [I] Loaded engine size: 23 MiB
[09/09/2026-14:03:29] [TRT] [I] [MemUsageChange] TensorRT-managed allocation in IExecutionContext creation: CPU +1, GPU +7, now: CPU 1, GPU 38 (MiB)
14:03:29  INFO     [RAMS] YOLOv8-small ready — TensorRT yolov8s.engine (imgsz=416).
WARNING ⚠️ Unable to automatically guess model task, assuming 'task=detect'. Explicitly define task for your model, i.e. 'task=detect', 'segment', 'classify', 'pose', 'obb' or 'semantic'.
Loading yolov8m.engine for TensorRT inference...
[09/09/2026-14:03:29] [TRT] [I] The logger passed into createInferRuntime differs from one already provided for an existing builder, runtime, or refitter. Uses of the global logger, returned by nvinfer1::getLogger(), will return the existing value.
[09/09/2026-14:03:29] [TRT] [I] Loaded engine size: 52 MiB
[09/09/2026-14:03:29] [TRT] [I] [MemUsageChange] TensorRT-managed allocation in IExecutionContext creation: CPU +0, GPU +29, now: CPU 1, GPU 117 (MiB)
14:03:29  INFO     [RAMS] YOLOv8-medium ready — TensorRT yolov8m.engine (imgsz=640).
14:03:29  INFO     [RAMS] Controller ready. Policy: threshold
14:03:31  INFO     [RAMS] Tier switch: SMALL → NANO  (R=0.567)
14:03:31  INFO     [RAMS] Tier switch: NANO → SMALL  (R=0.499)
14:03:32  INFO     [RAMS] Tier switch: SMALL → NANO  (R=0.561)
14:03:32  INFO     [RAMS] Tier switch: NANO → SMALL  (R=0.493)
14:03:33  INFO     [RAMS] Tier switch: SMALL → NANO  (R=0.578)
14:03:33  INFO     [RAMS] Tier switch: NANO → SMALL  (R=0.514)
14:03:34  INFO     [RAMS] Tier switch: SMALL → NANO  (R=0.551)
14:03:34  INFO     [RAMS] Tier switch: NANO → SMALL  (R=0.510)
14:03:34  INFO     [RAMS] Controller stopped.
    block=7/10 method=predictive ...
14:03:34  INFO     [RAMS] Starting resource monitor ...
14:03:34  INFO     [RAMS] Loading model tiers ...
WARNING ⚠️ Unable to automatically guess model task, assuming 'task=detect'. Explicitly define task for your model, i.e. 'task=detect', 'segment', 'classify', 'pose', 'obb' or 'semantic'.
Loading yolov8n.engine for TensorRT inference...
[09/09/2026-14:03:34] [TRT] [I] Loaded engine size: 7 MiB
[09/09/2026-14:03:35] [TRT] [I] [MemUsageChange] TensorRT-managed allocation in IExecutionContext creation: CPU +0, GPU +3, now: CPU 0, GPU 9 (MiB)
14:03:35  INFO     [RAMS] YOLOv8-nano ready — TensorRT yolov8n.engine (imgsz=320).
WARNING ⚠️ Unable to automatically guess model task, assuming 'task=detect'. Explicitly define task for your model, i.e. 'task=detect', 'segment', 'classify', 'pose', 'obb' or 'semantic'.
Loading yolov8s.engine for TensorRT inference...
[09/09/2026-14:03:35] [TRT] [I] The logger passed into createInferRuntime differs from one already provided for an existing builder, runtime, or refitter. Uses of the global logger, returned by nvinfer1::getLogger(), will return the existing value.
[09/09/2026-14:03:35] [TRT] [I] Loaded engine size: 23 MiB
[09/09/2026-14:03:35] [TRT] [I] [MemUsageChange] TensorRT-managed allocation in IExecutionContext creation: CPU +1, GPU +7, now: CPU 1, GPU 38 (MiB)
14:03:35  INFO     [RAMS] YOLOv8-small ready — TensorRT yolov8s.engine (imgsz=416).
WARNING ⚠️ Unable to automatically guess model task, assuming 'task=detect'. Explicitly define task for your model, i.e. 'task=detect', 'segment', 'classify', 'pose', 'obb' or 'semantic'.
Loading yolov8m.engine for TensorRT inference...
[09/09/2026-14:03:35] [TRT] [I] The logger passed into createInferRuntime differs from one already provided for an existing builder, runtime, or refitter. Uses of the global logger, returned by nvinfer1::getLogger(), will return the existing value.
[09/09/2026-14:03:35] [TRT] [I] Loaded engine size: 52 MiB
[09/09/2026-14:03:35] [TRT] [I] [MemUsageChange] TensorRT-managed allocation in IExecutionContext creation: CPU +0, GPU +29, now: CPU 1, GPU 117 (MiB)
14:03:35  INFO     [RAMS] YOLOv8-medium ready — TensorRT yolov8m.engine (imgsz=640).
14:03:35  INFO     [RAMS] Controller ready. Policy: predictive
14:03:37  INFO     [RAMS] Tier switch: SMALL → NANO  (R=0.555)
14:03:37  INFO     [RAMS] Tier switch: NANO → SMALL  (R=0.482)
14:03:38  INFO     [RAMS] Tier switch: SMALL → NANO  (R=0.571)
14:03:38  INFO     [RAMS] Tier switch: NANO → SMALL  (R=0.494)
14:03:39  INFO     [RAMS] Tier switch: SMALL → NANO  (R=0.568)
14:03:39  INFO     [RAMS] Tier switch: NANO → SMALL  (R=0.501)
14:03:40  INFO     [RAMS] Controller stopped.
    block=7/10 method=safety2 ...
14:03:40  INFO     [RAMS] Starting resource monitor ...
14:03:40  INFO     [RAMS] Loading model tiers ...
WARNING ⚠️ Unable to automatically guess model task, assuming 'task=detect'. Explicitly define task for your model, i.e. 'task=detect', 'segment', 'classify', 'pose', 'obb' or 'semantic'.
Loading yolov8n.engine for TensorRT inference...
[09/09/2026-14:03:40] [TRT] [I] Loaded engine size: 7 MiB
[09/09/2026-14:03:40] [TRT] [I] [MemUsageChange] TensorRT-managed allocation in IExecutionContext creation: CPU +0, GPU +3, now: CPU 0, GPU 9 (MiB)
14:03:40  INFO     [RAMS] YOLOv8-nano ready — TensorRT yolov8n.engine (imgsz=320).
WARNING ⚠️ Unable to automatically guess model task, assuming 'task=detect'. Explicitly define task for your model, i.e. 'task=detect', 'segment', 'classify', 'pose', 'obb' or 'semantic'.
Loading yolov8s.engine for TensorRT inference...
[09/09/2026-14:03:40] [TRT] [I] The logger passed into createInferRuntime differs from one already provided for an existing builder, runtime, or refitter. Uses of the global logger, returned by nvinfer1::getLogger(), will return the existing value.
[09/09/2026-14:03:40] [TRT] [I] Loaded engine size: 23 MiB
[09/09/2026-14:03:40] [TRT] [I] [MemUsageChange] TensorRT-managed allocation in IExecutionContext creation: CPU +1, GPU +7, now: CPU 1, GPU 38 (MiB)
14:03:40  INFO     [RAMS] YOLOv8-small ready — TensorRT yolov8s.engine (imgsz=416).
WARNING ⚠️ Unable to automatically guess model task, assuming 'task=detect'. Explicitly define task for your model, i.e. 'task=detect', 'segment', 'classify', 'pose', 'obb' or 'semantic'.
Loading yolov8m.engine for TensorRT inference...
[09/09/2026-14:03:40] [TRT] [I] The logger passed into createInferRuntime differs from one already provided for an existing builder, runtime, or refitter. Uses of the global logger, returned by nvinfer1::getLogger(), will return the existing value.
[09/09/2026-14:03:40] [TRT] [I] Loaded engine size: 52 MiB
[09/09/2026-14:03:40] [TRT] [I] [MemUsageChange] TensorRT-managed allocation in IExecutionContext creation: CPU +0, GPU +29, now: CPU 1, GPU 117 (MiB)
14:03:40  INFO     [RAMS] YOLOv8-medium ready — TensorRT yolov8m.engine (imgsz=640).
14:03:40  INFO     [RAMS] Controller ready. Policy: safety2
14:03:41  INFO     [RAMS] Tier switch: SMALL → MEDIUM  (R=0.550)
14:03:42  INFO     [RAMS] Tier switch: MEDIUM → SMALL  (R=0.654)
14:03:42  INFO     [RAMS] Tier switch: SMALL → MEDIUM  (R=0.654)
14:03:42  INFO     [RAMS] Tier switch: MEDIUM → NANO  (R=0.640)
14:03:43  INFO     [RAMS] Tier switch: NANO → MEDIUM  (R=0.562)
14:03:44  INFO     [RAMS] Tier switch: MEDIUM → NANO  (R=0.571)
14:03:44  INFO     [RAMS] Tier switch: NANO → SMALL  (R=0.533)
14:03:44  INFO     [RAMS] Tier switch: SMALL → MEDIUM  (R=0.533)
14:03:45  INFO     [RAMS] Tier switch: MEDIUM → SMALL  (R=0.674)
14:03:45  INFO     [RAMS] Tier switch: SMALL → MEDIUM  (R=0.674)
14:03:46  INFO     [RAMS] Tier switch: MEDIUM → SMALL  (R=0.547)
14:03:46  INFO     [RAMS] Tier switch: SMALL → MEDIUM  (R=0.561)
14:03:47  INFO     [RAMS] Controller stopped.
    block=8/10 method=adaptive ...
14:03:47  INFO     [RAMS] Starting resource monitor ...
14:03:47  INFO     [RAMS] Loading model tiers ...
WARNING ⚠️ Unable to automatically guess model task, assuming 'task=detect'. Explicitly define task for your model, i.e. 'task=detect', 'segment', 'classify', 'pose', 'obb' or 'semantic'.
Loading yolov8n.engine for TensorRT inference...
[09/09/2026-14:03:47] [TRT] [I] Loaded engine size: 7 MiB
[09/09/2026-14:03:47] [TRT] [I] [MemUsageChange] TensorRT-managed allocation in IExecutionContext creation: CPU +0, GPU +3, now: CPU 0, GPU 9 (MiB)
14:03:47  INFO     [RAMS] YOLOv8-nano ready — TensorRT yolov8n.engine (imgsz=320).
WARNING ⚠️ Unable to automatically guess model task, assuming 'task=detect'. Explicitly define task for your model, i.e. 'task=detect', 'segment', 'classify', 'pose', 'obb' or 'semantic'.
Loading yolov8s.engine for TensorRT inference...
[09/09/2026-14:03:47] [TRT] [I] The logger passed into createInferRuntime differs from one already provided for an existing builder, runtime, or refitter. Uses of the global logger, returned by nvinfer1::getLogger(), will return the existing value.
[09/09/2026-14:03:47] [TRT] [I] Loaded engine size: 23 MiB
[09/09/2026-14:03:47] [TRT] [I] [MemUsageChange] TensorRT-managed allocation in IExecutionContext creation: CPU +1, GPU +7, now: CPU 1, GPU 38 (MiB)
14:03:47  INFO     [RAMS] YOLOv8-small ready — TensorRT yolov8s.engine (imgsz=416).
WARNING ⚠️ Unable to automatically guess model task, assuming 'task=detect'. Explicitly define task for your model, i.e. 'task=detect', 'segment', 'classify', 'pose', 'obb' or 'semantic'.
Loading yolov8m.engine for TensorRT inference...
[09/09/2026-14:03:47] [TRT] [I] The logger passed into createInferRuntime differs from one already provided for an existing builder, runtime, or refitter. Uses of the global logger, returned by nvinfer1::getLogger(), will return the existing value.
[09/09/2026-14:03:47] [TRT] [I] Loaded engine size: 52 MiB
[09/09/2026-14:03:47] [TRT] [I] [MemUsageChange] TensorRT-managed allocation in IExecutionContext creation: CPU +0, GPU +29, now: CPU 1, GPU 117 (MiB)
14:03:47  INFO     [RAMS] YOLOv8-medium ready — TensorRT yolov8m.engine (imgsz=640).
14:03:47  INFO     [RAMS] Controller ready. Policy: adaptive
14:03:52  INFO     [RAMS] Controller stopped.
    block=8/10 method=FIXED_SMALL ...
14:03:52  INFO     [RAMS] Starting resource monitor ...
14:03:52  INFO     [RAMS] Loading model tiers ...
WARNING ⚠️ Unable to automatically guess model task, assuming 'task=detect'. Explicitly define task for your model, i.e. 'task=detect', 'segment', 'classify', 'pose', 'obb' or 'semantic'.
Loading yolov8n.engine for TensorRT inference...
[09/09/2026-14:03:52] [TRT] [I] Loaded engine size: 7 MiB
[09/09/2026-14:03:52] [TRT] [I] [MemUsageChange] TensorRT-managed allocation in IExecutionContext creation: CPU +0, GPU +3, now: CPU 0, GPU 9 (MiB)
14:03:52  INFO     [RAMS] YOLOv8-nano ready — TensorRT yolov8n.engine (imgsz=320).
WARNING ⚠️ Unable to automatically guess model task, assuming 'task=detect'. Explicitly define task for your model, i.e. 'task=detect', 'segment', 'classify', 'pose', 'obb' or 'semantic'.
Loading yolov8s.engine for TensorRT inference...
[09/09/2026-14:03:52] [TRT] [I] The logger passed into createInferRuntime differs from one already provided for an existing builder, runtime, or refitter. Uses of the global logger, returned by nvinfer1::getLogger(), will return the existing value.
[09/09/2026-14:03:52] [TRT] [I] Loaded engine size: 23 MiB
[09/09/2026-14:03:52] [TRT] [I] [MemUsageChange] TensorRT-managed allocation in IExecutionContext creation: CPU +1, GPU +7, now: CPU 1, GPU 38 (MiB)
14:03:52  INFO     [RAMS] YOLOv8-small ready — TensorRT yolov8s.engine (imgsz=416).
WARNING ⚠️ Unable to automatically guess model task, assuming 'task=detect'. Explicitly define task for your model, i.e. 'task=detect', 'segment', 'classify', 'pose', 'obb' or 'semantic'.
Loading yolov8m.engine for TensorRT inference...
[09/09/2026-14:03:52] [TRT] [I] The logger passed into createInferRuntime differs from one already provided for an existing builder, runtime, or refitter. Uses of the global logger, returned by nvinfer1::getLogger(), will return the existing value.
[09/09/2026-14:03:52] [TRT] [I] Loaded engine size: 52 MiB
[09/09/2026-14:03:52] [TRT] [I] [MemUsageChange] TensorRT-managed allocation in IExecutionContext creation: CPU +0, GPU +29, now: CPU 1, GPU 117 (MiB)
14:03:52  INFO     [RAMS] YOLOv8-medium ready — TensorRT yolov8m.engine (imgsz=640).
14:03:52  INFO     [RAMS] Controller ready. Policy: fixed
14:03:58  INFO     [RAMS] Controller stopped.
    block=8/10 method=threshold ...
14:03:58  INFO     [RAMS] Starting resource monitor ...
14:03:58  INFO     [RAMS] Loading model tiers ...
WARNING ⚠️ Unable to automatically guess model task, assuming 'task=detect'. Explicitly define task for your model, i.e. 'task=detect', 'segment', 'classify', 'pose', 'obb' or 'semantic'.
Loading yolov8n.engine for TensorRT inference...
[09/09/2026-14:03:58] [TRT] [I] Loaded engine size: 7 MiB
[09/09/2026-14:03:58] [TRT] [I] [MemUsageChange] TensorRT-managed allocation in IExecutionContext creation: CPU +0, GPU +3, now: CPU 0, GPU 9 (MiB)
14:03:58  INFO     [RAMS] YOLOv8-nano ready — TensorRT yolov8n.engine (imgsz=320).
WARNING ⚠️ Unable to automatically guess model task, assuming 'task=detect'. Explicitly define task for your model, i.e. 'task=detect', 'segment', 'classify', 'pose', 'obb' or 'semantic'.
Loading yolov8s.engine for TensorRT inference...
[09/09/2026-14:03:58] [TRT] [I] The logger passed into createInferRuntime differs from one already provided for an existing builder, runtime, or refitter. Uses of the global logger, returned by nvinfer1::getLogger(), will return the existing value.
[09/09/2026-14:03:58] [TRT] [I] Loaded engine size: 23 MiB
[09/09/2026-14:03:58] [TRT] [I] [MemUsageChange] TensorRT-managed allocation in IExecutionContext creation: CPU +1, GPU +7, now: CPU 1, GPU 38 (MiB)
14:03:58  INFO     [RAMS] YOLOv8-small ready — TensorRT yolov8s.engine (imgsz=416).
WARNING ⚠️ Unable to automatically guess model task, assuming 'task=detect'. Explicitly define task for your model, i.e. 'task=detect', 'segment', 'classify', 'pose', 'obb' or 'semantic'.
Loading yolov8m.engine for TensorRT inference...
[09/09/2026-14:03:58] [TRT] [I] The logger passed into createInferRuntime differs from one already provided for an existing builder, runtime, or refitter. Uses of the global logger, returned by nvinfer1::getLogger(), will return the existing value.
[09/09/2026-14:03:58] [TRT] [I] Loaded engine size: 52 MiB
[09/09/2026-14:03:58] [TRT] [I] [MemUsageChange] TensorRT-managed allocation in IExecutionContext creation: CPU +0, GPU +29, now: CPU 1, GPU 117 (MiB)
14:03:58  INFO     [RAMS] YOLOv8-medium ready — TensorRT yolov8m.engine (imgsz=640).
14:03:58  INFO     [RAMS] Controller ready. Policy: threshold
14:04:00  INFO     [RAMS] Tier switch: SMALL → NANO  (R=0.577)
14:04:00  INFO     [RAMS] Tier switch: NANO → SMALL  (R=0.498)
14:04:01  INFO     [RAMS] Tier switch: SMALL → NANO  (R=0.577)
14:04:01  INFO     [RAMS] Tier switch: NANO → SMALL  (R=0.498)
14:04:01  INFO     [RAMS] Tier switch: SMALL → NANO  (R=0.566)
14:04:03  INFO     [RAMS] Controller stopped.
    block=8/10 method=FIXED_MEDIUM ...
14:04:03  INFO     [RAMS] Starting resource monitor ...
14:04:03  INFO     [RAMS] Loading model tiers ...
WARNING ⚠️ Unable to automatically guess model task, assuming 'task=detect'. Explicitly define task for your model, i.e. 'task=detect', 'segment', 'classify', 'pose', 'obb' or 'semantic'.
Loading yolov8n.engine for TensorRT inference...
[09/09/2026-14:04:03] [TRT] [I] Loaded engine size: 7 MiB
[09/09/2026-14:04:03] [TRT] [I] [MemUsageChange] TensorRT-managed allocation in IExecutionContext creation: CPU +0, GPU +3, now: CPU 0, GPU 9 (MiB)
14:04:03  INFO     [RAMS] YOLOv8-nano ready — TensorRT yolov8n.engine (imgsz=320).
WARNING ⚠️ Unable to automatically guess model task, assuming 'task=detect'. Explicitly define task for your model, i.e. 'task=detect', 'segment', 'classify', 'pose', 'obb' or 'semantic'.
Loading yolov8s.engine for TensorRT inference...
[09/09/2026-14:04:03] [TRT] [I] The logger passed into createInferRuntime differs from one already provided for an existing builder, runtime, or refitter. Uses of the global logger, returned by nvinfer1::getLogger(), will return the existing value.
[09/09/2026-14:04:03] [TRT] [I] Loaded engine size: 23 MiB
[09/09/2026-14:04:03] [TRT] [I] [MemUsageChange] TensorRT-managed allocation in IExecutionContext creation: CPU +1, GPU +7, now: CPU 1, GPU 38 (MiB)
14:04:03  INFO     [RAMS] YOLOv8-small ready — TensorRT yolov8s.engine (imgsz=416).
WARNING ⚠️ Unable to automatically guess model task, assuming 'task=detect'. Explicitly define task for your model, i.e. 'task=detect', 'segment', 'classify', 'pose', 'obb' or 'semantic'.
Loading yolov8m.engine for TensorRT inference...
[09/09/2026-14:04:03] [TRT] [I] The logger passed into createInferRuntime differs from one already provided for an existing builder, runtime, or refitter. Uses of the global logger, returned by nvinfer1::getLogger(), will return the existing value.
[09/09/2026-14:04:03] [TRT] [I] Loaded engine size: 52 MiB
[09/09/2026-14:04:04] [TRT] [I] [MemUsageChange] TensorRT-managed allocation in IExecutionContext creation: CPU +0, GPU +29, now: CPU 1, GPU 117 (MiB)
14:04:04  INFO     [RAMS] YOLOv8-medium ready — TensorRT yolov8m.engine (imgsz=640).
14:04:04  INFO     [RAMS] Controller ready. Policy: fixed
14:04:05  INFO     [RAMS] Tier switch: SMALL → MEDIUM  (R=0.475)
14:04:10  INFO     [RAMS] Controller stopped.
    block=8/10 method=safety2 ...
14:04:10  INFO     [RAMS] Starting resource monitor ...
14:04:10  INFO     [RAMS] Loading model tiers ...
WARNING ⚠️ Unable to automatically guess model task, assuming 'task=detect'. Explicitly define task for your model, i.e. 'task=detect', 'segment', 'classify', 'pose', 'obb' or 'semantic'.
Loading yolov8n.engine for TensorRT inference...
[09/09/2026-14:04:10] [TRT] [I] Loaded engine size: 7 MiB
[09/09/2026-14:04:10] [TRT] [I] [MemUsageChange] TensorRT-managed allocation in IExecutionContext creation: CPU +0, GPU +3, now: CPU 0, GPU 9 (MiB)
14:04:10  INFO     [RAMS] YOLOv8-nano ready — TensorRT yolov8n.engine (imgsz=320).
WARNING ⚠️ Unable to automatically guess model task, assuming 'task=detect'. Explicitly define task for your model, i.e. 'task=detect', 'segment', 'classify', 'pose', 'obb' or 'semantic'.
Loading yolov8s.engine for TensorRT inference...
[09/09/2026-14:04:10] [TRT] [I] The logger passed into createInferRuntime differs from one already provided for an existing builder, runtime, or refitter. Uses of the global logger, returned by nvinfer1::getLogger(), will return the existing value.
[09/09/2026-14:04:10] [TRT] [I] Loaded engine size: 23 MiB
[09/09/2026-14:04:10] [TRT] [I] [MemUsageChange] TensorRT-managed allocation in IExecutionContext creation: CPU +1, GPU +7, now: CPU 1, GPU 38 (MiB)
14:04:10  INFO     [RAMS] YOLOv8-small ready — TensorRT yolov8s.engine (imgsz=416).
WARNING ⚠️ Unable to automatically guess model task, assuming 'task=detect'. Explicitly define task for your model, i.e. 'task=detect', 'segment', 'classify', 'pose', 'obb' or 'semantic'.
Loading yolov8m.engine for TensorRT inference...
[09/09/2026-14:04:10] [TRT] [I] The logger passed into createInferRuntime differs from one already provided for an existing builder, runtime, or refitter. Uses of the global logger, returned by nvinfer1::getLogger(), will return the existing value.
[09/09/2026-14:04:10] [TRT] [I] Loaded engine size: 52 MiB
[09/09/2026-14:04:10] [TRT] [I] [MemUsageChange] TensorRT-managed allocation in IExecutionContext creation: CPU +0, GPU +29, now: CPU 1, GPU 117 (MiB)
14:04:11  INFO     [RAMS] YOLOv8-medium ready — TensorRT yolov8m.engine (imgsz=640).
14:04:11  INFO     [RAMS] Controller ready. Policy: safety2
14:04:12  INFO     [RAMS] Tier switch: SMALL → MEDIUM  (R=0.494)
14:04:12  INFO     [RAMS] Tier switch: MEDIUM → SMALL  (R=0.497)
14:04:13  INFO     [RAMS] Tier switch: SMALL → MEDIUM  (R=0.494)
14:04:15  INFO     [RAMS] Tier switch: MEDIUM → SMALL  (R=0.540)
14:04:15  INFO     [RAMS] Tier switch: SMALL → MEDIUM  (R=0.501)
14:04:16  INFO     [RAMS] Tier switch: MEDIUM → NANO  (R=0.619)
14:04:16  INFO     [RAMS] Tier switch: NANO → MEDIUM  (R=0.619)
14:04:17  INFO     [RAMS] Controller stopped.
    block=8/10 method=predictive ...
14:04:17  INFO     [RAMS] Starting resource monitor ...
14:04:17  INFO     [RAMS] Loading model tiers ...
WARNING ⚠️ Unable to automatically guess model task, assuming 'task=detect'. Explicitly define task for your model, i.e. 'task=detect', 'segment', 'classify', 'pose', 'obb' or 'semantic'.
Loading yolov8n.engine for TensorRT inference...
[09/09/2026-14:04:17] [TRT] [I] Loaded engine size: 7 MiB
[09/09/2026-14:04:17] [TRT] [I] [MemUsageChange] TensorRT-managed allocation in IExecutionContext creation: CPU +0, GPU +3, now: CPU 0, GPU 9 (MiB)
14:04:17  INFO     [RAMS] YOLOv8-nano ready — TensorRT yolov8n.engine (imgsz=320).
WARNING ⚠️ Unable to automatically guess model task, assuming 'task=detect'. Explicitly define task for your model, i.e. 'task=detect', 'segment', 'classify', 'pose', 'obb' or 'semantic'.
Loading yolov8s.engine for TensorRT inference...
[09/09/2026-14:04:17] [TRT] [I] The logger passed into createInferRuntime differs from one already provided for an existing builder, runtime, or refitter. Uses of the global logger, returned by nvinfer1::getLogger(), will return the existing value.
[09/09/2026-14:04:17] [TRT] [I] Loaded engine size: 23 MiB
[09/09/2026-14:04:17] [TRT] [I] [MemUsageChange] TensorRT-managed allocation in IExecutionContext creation: CPU +1, GPU +7, now: CPU 1, GPU 38 (MiB)
14:04:17  INFO     [RAMS] YOLOv8-small ready — TensorRT yolov8s.engine (imgsz=416).
WARNING ⚠️ Unable to automatically guess model task, assuming 'task=detect'. Explicitly define task for your model, i.e. 'task=detect', 'segment', 'classify', 'pose', 'obb' or 'semantic'.
Loading yolov8m.engine for TensorRT inference...
[09/09/2026-14:04:17] [TRT] [I] The logger passed into createInferRuntime differs from one already provided for an existing builder, runtime, or refitter. Uses of the global logger, returned by nvinfer1::getLogger(), will return the existing value.
[09/09/2026-14:04:17] [TRT] [I] Loaded engine size: 52 MiB
[09/09/2026-14:04:17] [TRT] [I] [MemUsageChange] TensorRT-managed allocation in IExecutionContext creation: CPU +0, GPU +29, now: CPU 1, GPU 117 (MiB)
14:04:17  INFO     [RAMS] YOLOv8-medium ready — TensorRT yolov8m.engine (imgsz=640).
14:04:17  INFO     [RAMS] Controller ready. Policy: predictive
14:04:19  INFO     [RAMS] Tier switch: SMALL → NANO  (R=0.562)
14:04:19  INFO     [RAMS] Tier switch: NANO → SMALL  (R=0.489)
14:04:20  INFO     [RAMS] Tier switch: SMALL → NANO  (R=0.557)
14:04:20  INFO     [RAMS] Tier switch: NANO → SMALL  (R=0.495)
14:04:21  INFO     [RAMS] Tier switch: SMALL → NANO  (R=0.587)
14:04:21  INFO     [RAMS] Tier switch: NANO → SMALL  (R=0.491)
14:04:22  INFO     [RAMS] Tier switch: SMALL → NANO  (R=0.581)
14:04:22  INFO     [RAMS] Tier switch: NANO → SMALL  (R=0.495)
14:04:22  INFO     [RAMS] Controller stopped.
    block=8/10 method=safety ...
14:04:22  INFO     [RAMS] Starting resource monitor ...
14:04:22  INFO     [RAMS] Loading model tiers ...
WARNING ⚠️ Unable to automatically guess model task, assuming 'task=detect'. Explicitly define task for your model, i.e. 'task=detect', 'segment', 'classify', 'pose', 'obb' or 'semantic'.
Loading yolov8n.engine for TensorRT inference...
[09/09/2026-14:04:22] [TRT] [I] Loaded engine size: 7 MiB
[09/09/2026-14:04:22] [TRT] [I] [MemUsageChange] TensorRT-managed allocation in IExecutionContext creation: CPU +0, GPU +3, now: CPU 0, GPU 9 (MiB)
14:04:22  INFO     [RAMS] YOLOv8-nano ready — TensorRT yolov8n.engine (imgsz=320).
WARNING ⚠️ Unable to automatically guess model task, assuming 'task=detect'. Explicitly define task for your model, i.e. 'task=detect', 'segment', 'classify', 'pose', 'obb' or 'semantic'.
Loading yolov8s.engine for TensorRT inference...
[09/09/2026-14:04:22] [TRT] [I] The logger passed into createInferRuntime differs from one already provided for an existing builder, runtime, or refitter. Uses of the global logger, returned by nvinfer1::getLogger(), will return the existing value.
[09/09/2026-14:04:22] [TRT] [I] Loaded engine size: 23 MiB
[09/09/2026-14:04:22] [TRT] [I] [MemUsageChange] TensorRT-managed allocation in IExecutionContext creation: CPU +1, GPU +7, now: CPU 1, GPU 38 (MiB)
14:04:22  INFO     [RAMS] YOLOv8-small ready — TensorRT yolov8s.engine (imgsz=416).
WARNING ⚠️ Unable to automatically guess model task, assuming 'task=detect'. Explicitly define task for your model, i.e. 'task=detect', 'segment', 'classify', 'pose', 'obb' or 'semantic'.
Loading yolov8m.engine for TensorRT inference...
[09/09/2026-14:04:22] [TRT] [I] The logger passed into createInferRuntime differs from one already provided for an existing builder, runtime, or refitter. Uses of the global logger, returned by nvinfer1::getLogger(), will return the existing value.
[09/09/2026-14:04:22] [TRT] [I] Loaded engine size: 52 MiB
[09/09/2026-14:04:23] [TRT] [I] [MemUsageChange] TensorRT-managed allocation in IExecutionContext creation: CPU +0, GPU +29, now: CPU 1, GPU 117 (MiB)
14:04:23  INFO     [RAMS] YOLOv8-medium ready — TensorRT yolov8m.engine (imgsz=640).
14:04:23  INFO     [RAMS] Controller ready. Policy: safety
14:04:28  INFO     [RAMS] Controller stopped.
    block=8/10 method=FIXED_NANO ...
14:04:28  INFO     [RAMS] Starting resource monitor ...
14:04:28  INFO     [RAMS] Loading model tiers ...
WARNING ⚠️ Unable to automatically guess model task, assuming 'task=detect'. Explicitly define task for your model, i.e. 'task=detect', 'segment', 'classify', 'pose', 'obb' or 'semantic'.
Loading yolov8n.engine for TensorRT inference...
[09/09/2026-14:04:28] [TRT] [I] Loaded engine size: 7 MiB
[09/09/2026-14:04:28] [TRT] [I] [MemUsageChange] TensorRT-managed allocation in IExecutionContext creation: CPU +0, GPU +3, now: CPU 0, GPU 9 (MiB)
14:04:28  INFO     [RAMS] YOLOv8-nano ready — TensorRT yolov8n.engine (imgsz=320).
WARNING ⚠️ Unable to automatically guess model task, assuming 'task=detect'. Explicitly define task for your model, i.e. 'task=detect', 'segment', 'classify', 'pose', 'obb' or 'semantic'.
Loading yolov8s.engine for TensorRT inference...
[09/09/2026-14:04:28] [TRT] [I] The logger passed into createInferRuntime differs from one already provided for an existing builder, runtime, or refitter. Uses of the global logger, returned by nvinfer1::getLogger(), will return the existing value.
[09/09/2026-14:04:28] [TRT] [I] Loaded engine size: 23 MiB
[09/09/2026-14:04:28] [TRT] [I] [MemUsageChange] TensorRT-managed allocation in IExecutionContext creation: CPU +1, GPU +7, now: CPU 1, GPU 38 (MiB)
14:04:28  INFO     [RAMS] YOLOv8-small ready — TensorRT yolov8s.engine (imgsz=416).
WARNING ⚠️ Unable to automatically guess model task, assuming 'task=detect'. Explicitly define task for your model, i.e. 'task=detect', 'segment', 'classify', 'pose', 'obb' or 'semantic'.
Loading yolov8m.engine for TensorRT inference...
[09/09/2026-14:04:28] [TRT] [I] The logger passed into createInferRuntime differs from one already provided for an existing builder, runtime, or refitter. Uses of the global logger, returned by nvinfer1::getLogger(), will return the existing value.
[09/09/2026-14:04:28] [TRT] [I] Loaded engine size: 52 MiB
[09/09/2026-14:04:28] [TRT] [I] [MemUsageChange] TensorRT-managed allocation in IExecutionContext creation: CPU +0, GPU +29, now: CPU 1, GPU 117 (MiB)
14:04:28  INFO     [RAMS] YOLOv8-medium ready — TensorRT yolov8m.engine (imgsz=640).
14:04:28  INFO     [RAMS] Controller ready. Policy: fixed
14:04:29  INFO     [RAMS] Tier switch: SMALL → NANO  (R=0.413)
14:04:33  INFO     [RAMS] Controller stopped.
    block=9/10 method=predictive ...
14:04:33  INFO     [RAMS] Starting resource monitor ...
14:04:33  INFO     [RAMS] Loading model tiers ...
WARNING ⚠️ Unable to automatically guess model task, assuming 'task=detect'. Explicitly define task for your model, i.e. 'task=detect', 'segment', 'classify', 'pose', 'obb' or 'semantic'.
Loading yolov8n.engine for TensorRT inference...
[09/09/2026-14:04:33] [TRT] [I] Loaded engine size: 7 MiB
[09/09/2026-14:04:33] [TRT] [I] [MemUsageChange] TensorRT-managed allocation in IExecutionContext creation: CPU +0, GPU +3, now: CPU 0, GPU 9 (MiB)
14:04:33  INFO     [RAMS] YOLOv8-nano ready — TensorRT yolov8n.engine (imgsz=320).
WARNING ⚠️ Unable to automatically guess model task, assuming 'task=detect'. Explicitly define task for your model, i.e. 'task=detect', 'segment', 'classify', 'pose', 'obb' or 'semantic'.
Loading yolov8s.engine for TensorRT inference...
[09/09/2026-14:04:33] [TRT] [I] The logger passed into createInferRuntime differs from one already provided for an existing builder, runtime, or refitter. Uses of the global logger, returned by nvinfer1::getLogger(), will return the existing value.
[09/09/2026-14:04:33] [TRT] [I] Loaded engine size: 23 MiB
[09/09/2026-14:04:33] [TRT] [I] [MemUsageChange] TensorRT-managed allocation in IExecutionContext creation: CPU +1, GPU +7, now: CPU 1, GPU 38 (MiB)
14:04:33  INFO     [RAMS] YOLOv8-small ready — TensorRT yolov8s.engine (imgsz=416).
WARNING ⚠️ Unable to automatically guess model task, assuming 'task=detect'. Explicitly define task for your model, i.e. 'task=detect', 'segment', 'classify', 'pose', 'obb' or 'semantic'.
Loading yolov8m.engine for TensorRT inference...
[09/09/2026-14:04:33] [TRT] [I] The logger passed into createInferRuntime differs from one already provided for an existing builder, runtime, or refitter. Uses of the global logger, returned by nvinfer1::getLogger(), will return the existing value.
[09/09/2026-14:04:33] [TRT] [I] Loaded engine size: 52 MiB
[09/09/2026-14:04:33] [TRT] [I] [MemUsageChange] TensorRT-managed allocation in IExecutionContext creation: CPU +0, GPU +29, now: CPU 1, GPU 117 (MiB)
14:04:33  INFO     [RAMS] YOLOv8-medium ready — TensorRT yolov8m.engine (imgsz=640).
14:04:33  INFO     [RAMS] Controller ready. Policy: predictive
14:04:35  INFO     [RAMS] Tier switch: SMALL → NANO  (R=0.583)
14:04:35  INFO     [RAMS] Tier switch: NANO → SMALL  (R=0.510)
14:04:36  INFO     [RAMS] Tier switch: SMALL → NANO  (R=0.577)
14:04:36  INFO     [RAMS] Tier switch: NANO → SMALL  (R=0.495)
14:04:37  INFO     [RAMS] Tier switch: SMALL → NANO  (R=0.567)
14:04:37  INFO     [RAMS] Tier switch: NANO → SMALL  (R=0.506)
14:04:38  INFO     [RAMS] Tier switch: SMALL → NANO  (R=0.583)
14:04:38  INFO     [RAMS] Tier switch: NANO → SMALL  (R=0.499)
14:04:39  INFO     [RAMS] Controller stopped.
    block=9/10 method=FIXED_SMALL ...
14:04:39  INFO     [RAMS] Starting resource monitor ...
14:04:39  INFO     [RAMS] Loading model tiers ...
WARNING ⚠️ Unable to automatically guess model task, assuming 'task=detect'. Explicitly define task for your model, i.e. 'task=detect', 'segment', 'classify', 'pose', 'obb' or 'semantic'.
Loading yolov8n.engine for TensorRT inference...
[09/09/2026-14:04:39] [TRT] [I] Loaded engine size: 7 MiB
[09/09/2026-14:04:39] [TRT] [I] [MemUsageChange] TensorRT-managed allocation in IExecutionContext creation: CPU +0, GPU +3, now: CPU 0, GPU 9 (MiB)
14:04:39  INFO     [RAMS] YOLOv8-nano ready — TensorRT yolov8n.engine (imgsz=320).
WARNING ⚠️ Unable to automatically guess model task, assuming 'task=detect'. Explicitly define task for your model, i.e. 'task=detect', 'segment', 'classify', 'pose', 'obb' or 'semantic'.
Loading yolov8s.engine for TensorRT inference...
[09/09/2026-14:04:39] [TRT] [I] The logger passed into createInferRuntime differs from one already provided for an existing builder, runtime, or refitter. Uses of the global logger, returned by nvinfer1::getLogger(), will return the existing value.
[09/09/2026-14:04:39] [TRT] [I] Loaded engine size: 23 MiB
[09/09/2026-14:04:39] [TRT] [I] [MemUsageChange] TensorRT-managed allocation in IExecutionContext creation: CPU +1, GPU +7, now: CPU 1, GPU 38 (MiB)
14:04:39  INFO     [RAMS] YOLOv8-small ready — TensorRT yolov8s.engine (imgsz=416).
WARNING ⚠️ Unable to automatically guess model task, assuming 'task=detect'. Explicitly define task for your model, i.e. 'task=detect', 'segment', 'classify', 'pose', 'obb' or 'semantic'.
Loading yolov8m.engine for TensorRT inference...
[09/09/2026-14:04:39] [TRT] [I] The logger passed into createInferRuntime differs from one already provided for an existing builder, runtime, or refitter. Uses of the global logger, returned by nvinfer1::getLogger(), will return the existing value.
[09/09/2026-14:04:39] [TRT] [I] Loaded engine size: 52 MiB
[09/09/2026-14:04:39] [TRT] [I] [MemUsageChange] TensorRT-managed allocation in IExecutionContext creation: CPU +0, GPU +29, now: CPU 1, GPU 117 (MiB)
14:04:39  INFO     [RAMS] YOLOv8-medium ready — TensorRT yolov8m.engine (imgsz=640).
14:04:39  INFO     [RAMS] Controller ready. Policy: fixed
14:04:44  INFO     [RAMS] Controller stopped.
    block=9/10 method=FIXED_MEDIUM ...
14:04:44  INFO     [RAMS] Starting resource monitor ...
14:04:44  INFO     [RAMS] Loading model tiers ...
WARNING ⚠️ Unable to automatically guess model task, assuming 'task=detect'. Explicitly define task for your model, i.e. 'task=detect', 'segment', 'classify', 'pose', 'obb' or 'semantic'.
Loading yolov8n.engine for TensorRT inference...
[09/09/2026-14:04:44] [TRT] [I] Loaded engine size: 7 MiB
[09/09/2026-14:04:44] [TRT] [I] [MemUsageChange] TensorRT-managed allocation in IExecutionContext creation: CPU +0, GPU +3, now: CPU 0, GPU 9 (MiB)
14:04:44  INFO     [RAMS] YOLOv8-nano ready — TensorRT yolov8n.engine (imgsz=320).
WARNING ⚠️ Unable to automatically guess model task, assuming 'task=detect'. Explicitly define task for your model, i.e. 'task=detect', 'segment', 'classify', 'pose', 'obb' or 'semantic'.
Loading yolov8s.engine for TensorRT inference...
[09/09/2026-14:04:44] [TRT] [I] The logger passed into createInferRuntime differs from one already provided for an existing builder, runtime, or refitter. Uses of the global logger, returned by nvinfer1::getLogger(), will return the existing value.
[09/09/2026-14:04:44] [TRT] [I] Loaded engine size: 23 MiB
[09/09/2026-14:04:44] [TRT] [I] [MemUsageChange] TensorRT-managed allocation in IExecutionContext creation: CPU +1, GPU +7, now: CPU 1, GPU 38 (MiB)
14:04:44  INFO     [RAMS] YOLOv8-small ready — TensorRT yolov8s.engine (imgsz=416).
WARNING ⚠️ Unable to automatically guess model task, assuming 'task=detect'. Explicitly define task for your model, i.e. 'task=detect', 'segment', 'classify', 'pose', 'obb' or 'semantic'.
Loading yolov8m.engine for TensorRT inference...
[09/09/2026-14:04:44] [TRT] [I] The logger passed into createInferRuntime differs from one already provided for an existing builder, runtime, or refitter. Uses of the global logger, returned by nvinfer1::getLogger(), will return the existing value.
[09/09/2026-14:04:44] [TRT] [I] Loaded engine size: 52 MiB
[09/09/2026-14:04:44] [TRT] [I] [MemUsageChange] TensorRT-managed allocation in IExecutionContext creation: CPU +0, GPU +29, now: CPU 1, GPU 117 (MiB)
14:04:45  INFO     [RAMS] YOLOv8-medium ready — TensorRT yolov8m.engine (imgsz=640).
14:04:45  INFO     [RAMS] Controller ready. Policy: fixed
14:04:46  INFO     [RAMS] Tier switch: SMALL → MEDIUM  (R=0.481)
14:04:51  INFO     [RAMS] Controller stopped.
    block=9/10 method=safety2 ...
14:04:51  INFO     [RAMS] Starting resource monitor ...
14:04:51  INFO     [RAMS] Loading model tiers ...
WARNING ⚠️ Unable to automatically guess model task, assuming 'task=detect'. Explicitly define task for your model, i.e. 'task=detect', 'segment', 'classify', 'pose', 'obb' or 'semantic'.
Loading yolov8n.engine for TensorRT inference...
[09/09/2026-14:04:51] [TRT] [I] Loaded engine size: 7 MiB
[09/09/2026-14:04:51] [TRT] [I] [MemUsageChange] TensorRT-managed allocation in IExecutionContext creation: CPU +0, GPU +3, now: CPU 0, GPU 9 (MiB)
14:04:51  INFO     [RAMS] YOLOv8-nano ready — TensorRT yolov8n.engine (imgsz=320).
WARNING ⚠️ Unable to automatically guess model task, assuming 'task=detect'. Explicitly define task for your model, i.e. 'task=detect', 'segment', 'classify', 'pose', 'obb' or 'semantic'.
Loading yolov8s.engine for TensorRT inference...
[09/09/2026-14:04:51] [TRT] [I] The logger passed into createInferRuntime differs from one already provided for an existing builder, runtime, or refitter. Uses of the global logger, returned by nvinfer1::getLogger(), will return the existing value.
[09/09/2026-14:04:51] [TRT] [I] Loaded engine size: 23 MiB
[09/09/2026-14:04:52] [TRT] [I] [MemUsageChange] TensorRT-managed allocation in IExecutionContext creation: CPU +1, GPU +7, now: CPU 1, GPU 38 (MiB)
14:04:52  INFO     [RAMS] YOLOv8-small ready — TensorRT yolov8s.engine (imgsz=416).
WARNING ⚠️ Unable to automatically guess model task, assuming 'task=detect'. Explicitly define task for your model, i.e. 'task=detect', 'segment', 'classify', 'pose', 'obb' or 'semantic'.
Loading yolov8m.engine for TensorRT inference...
[09/09/2026-14:04:52] [TRT] [I] The logger passed into createInferRuntime differs from one already provided for an existing builder, runtime, or refitter. Uses of the global logger, returned by nvinfer1::getLogger(), will return the existing value.
[09/09/2026-14:04:52] [TRT] [I] Loaded engine size: 52 MiB
[09/09/2026-14:04:52] [TRT] [I] [MemUsageChange] TensorRT-managed allocation in IExecutionContext creation: CPU +0, GPU +29, now: CPU 1, GPU 117 (MiB)
14:04:52  INFO     [RAMS] YOLOv8-medium ready — TensorRT yolov8m.engine (imgsz=640).
14:04:52  INFO     [RAMS] Controller ready. Policy: safety2
14:04:53  INFO     [RAMS] Tier switch: SMALL → MEDIUM  (R=0.571)
14:04:54  INFO     [RAMS] Tier switch: MEDIUM → NANO  (R=0.540)
14:04:54  INFO     [RAMS] Tier switch: NANO → SMALL  (R=0.533)
14:04:54  INFO     [RAMS] Tier switch: SMALL → MEDIUM  (R=0.487)
14:04:55  INFO     [RAMS] Tier switch: MEDIUM → NANO  (R=0.541)
14:04:55  INFO     [RAMS] Tier switch: NANO → SMALL  (R=0.471)
14:04:56  INFO     [RAMS] Tier switch: SMALL → MEDIUM  (R=0.504)
14:04:56  INFO     [RAMS] Tier switch: MEDIUM → SMALL  (R=0.554)
14:04:57  INFO     [RAMS] Tier switch: SMALL → MEDIUM  (R=0.499)
14:04:57  INFO     [RAMS] Tier switch: MEDIUM → SMALL  (R=0.497)
14:04:57  INFO     [RAMS] Tier switch: SMALL → MEDIUM  (R=0.491)
14:04:58  INFO     [RAMS] Controller stopped.
    block=9/10 method=safety ...
14:04:58  INFO     [RAMS] Starting resource monitor ...
14:04:58  INFO     [RAMS] Loading model tiers ...
WARNING ⚠️ Unable to automatically guess model task, assuming 'task=detect'. Explicitly define task for your model, i.e. 'task=detect', 'segment', 'classify', 'pose', 'obb' or 'semantic'.
Loading yolov8n.engine for TensorRT inference...
[09/09/2026-14:04:58] [TRT] [I] Loaded engine size: 7 MiB
[09/09/2026-14:04:58] [TRT] [I] [MemUsageChange] TensorRT-managed allocation in IExecutionContext creation: CPU +0, GPU +3, now: CPU 0, GPU 9 (MiB)
14:04:58  INFO     [RAMS] YOLOv8-nano ready — TensorRT yolov8n.engine (imgsz=320).
WARNING ⚠️ Unable to automatically guess model task, assuming 'task=detect'. Explicitly define task for your model, i.e. 'task=detect', 'segment', 'classify', 'pose', 'obb' or 'semantic'.
Loading yolov8s.engine for TensorRT inference...
[09/09/2026-14:04:58] [TRT] [I] The logger passed into createInferRuntime differs from one already provided for an existing builder, runtime, or refitter. Uses of the global logger, returned by nvinfer1::getLogger(), will return the existing value.
[09/09/2026-14:04:58] [TRT] [I] Loaded engine size: 23 MiB
[09/09/2026-14:04:58] [TRT] [I] [MemUsageChange] TensorRT-managed allocation in IExecutionContext creation: CPU +1, GPU +7, now: CPU 1, GPU 38 (MiB)
14:04:58  INFO     [RAMS] YOLOv8-small ready — TensorRT yolov8s.engine (imgsz=416).
WARNING ⚠️ Unable to automatically guess model task, assuming 'task=detect'. Explicitly define task for your model, i.e. 'task=detect', 'segment', 'classify', 'pose', 'obb' or 'semantic'.
Loading yolov8m.engine for TensorRT inference...
[09/09/2026-14:04:58] [TRT] [I] The logger passed into createInferRuntime differs from one already provided for an existing builder, runtime, or refitter. Uses of the global logger, returned by nvinfer1::getLogger(), will return the existing value.
[09/09/2026-14:04:58] [TRT] [I] Loaded engine size: 52 MiB
[09/09/2026-14:04:58] [TRT] [I] [MemUsageChange] TensorRT-managed allocation in IExecutionContext creation: CPU +0, GPU +29, now: CPU 1, GPU 117 (MiB)
14:04:58  INFO     [RAMS] YOLOv8-medium ready — TensorRT yolov8m.engine (imgsz=640).
14:04:58  INFO     [RAMS] Controller ready. Policy: safety
14:05:03  INFO     [RAMS] Controller stopped.
    block=9/10 method=adaptive ...
14:05:03  INFO     [RAMS] Starting resource monitor ...
14:05:03  INFO     [RAMS] Loading model tiers ...
WARNING ⚠️ Unable to automatically guess model task, assuming 'task=detect'. Explicitly define task for your model, i.e. 'task=detect', 'segment', 'classify', 'pose', 'obb' or 'semantic'.
Loading yolov8n.engine for TensorRT inference...
[09/09/2026-14:05:03] [TRT] [I] Loaded engine size: 7 MiB
[09/09/2026-14:05:03] [TRT] [I] [MemUsageChange] TensorRT-managed allocation in IExecutionContext creation: CPU +0, GPU +3, now: CPU 0, GPU 9 (MiB)
14:05:04  INFO     [RAMS] YOLOv8-nano ready — TensorRT yolov8n.engine (imgsz=320).
WARNING ⚠️ Unable to automatically guess model task, assuming 'task=detect'. Explicitly define task for your model, i.e. 'task=detect', 'segment', 'classify', 'pose', 'obb' or 'semantic'.
Loading yolov8s.engine for TensorRT inference...
[09/09/2026-14:05:04] [TRT] [I] The logger passed into createInferRuntime differs from one already provided for an existing builder, runtime, or refitter. Uses of the global logger, returned by nvinfer1::getLogger(), will return the existing value.
[09/09/2026-14:05:04] [TRT] [I] Loaded engine size: 23 MiB
[09/09/2026-14:05:04] [TRT] [I] [MemUsageChange] TensorRT-managed allocation in IExecutionContext creation: CPU +1, GPU +7, now: CPU 1, GPU 38 (MiB)
14:05:04  INFO     [RAMS] YOLOv8-small ready — TensorRT yolov8s.engine (imgsz=416).
WARNING ⚠️ Unable to automatically guess model task, assuming 'task=detect'. Explicitly define task for your model, i.e. 'task=detect', 'segment', 'classify', 'pose', 'obb' or 'semantic'.
Loading yolov8m.engine for TensorRT inference...
[09/09/2026-14:05:04] [TRT] [I] The logger passed into createInferRuntime differs from one already provided for an existing builder, runtime, or refitter. Uses of the global logger, returned by nvinfer1::getLogger(), will return the existing value.
[09/09/2026-14:05:04] [TRT] [I] Loaded engine size: 52 MiB
[09/09/2026-14:05:04] [TRT] [I] [MemUsageChange] TensorRT-managed allocation in IExecutionContext creation: CPU +0, GPU +29, now: CPU 1, GPU 117 (MiB)
14:05:04  INFO     [RAMS] YOLOv8-medium ready — TensorRT yolov8m.engine (imgsz=640).
14:05:04  INFO     [RAMS] Controller ready. Policy: adaptive
14:05:06  INFO     [RAMS] Tier switch: SMALL → NANO  (R=0.582)
14:05:09  INFO     [RAMS] Controller stopped.
    block=9/10 method=threshold ...
14:05:09  INFO     [RAMS] Starting resource monitor ...
14:05:09  INFO     [RAMS] Loading model tiers ...
WARNING ⚠️ Unable to automatically guess model task, assuming 'task=detect'. Explicitly define task for your model, i.e. 'task=detect', 'segment', 'classify', 'pose', 'obb' or 'semantic'.
Loading yolov8n.engine for TensorRT inference...
[09/09/2026-14:05:09] [TRT] [I] Loaded engine size: 7 MiB
[09/09/2026-14:05:09] [TRT] [I] [MemUsageChange] TensorRT-managed allocation in IExecutionContext creation: CPU +0, GPU +3, now: CPU 0, GPU 9 (MiB)
14:05:09  INFO     [RAMS] YOLOv8-nano ready — TensorRT yolov8n.engine (imgsz=320).
WARNING ⚠️ Unable to automatically guess model task, assuming 'task=detect'. Explicitly define task for your model, i.e. 'task=detect', 'segment', 'classify', 'pose', 'obb' or 'semantic'.
Loading yolov8s.engine for TensorRT inference...
[09/09/2026-14:05:09] [TRT] [I] The logger passed into createInferRuntime differs from one already provided for an existing builder, runtime, or refitter. Uses of the global logger, returned by nvinfer1::getLogger(), will return the existing value.
[09/09/2026-14:05:09] [TRT] [I] Loaded engine size: 23 MiB
[09/09/2026-14:05:09] [TRT] [I] [MemUsageChange] TensorRT-managed allocation in IExecutionContext creation: CPU +1, GPU +7, now: CPU 1, GPU 38 (MiB)
14:05:09  INFO     [RAMS] YOLOv8-small ready — TensorRT yolov8s.engine (imgsz=416).
WARNING ⚠️ Unable to automatically guess model task, assuming 'task=detect'. Explicitly define task for your model, i.e. 'task=detect', 'segment', 'classify', 'pose', 'obb' or 'semantic'.
Loading yolov8m.engine for TensorRT inference...
[09/09/2026-14:05:09] [TRT] [I] The logger passed into createInferRuntime differs from one already provided for an existing builder, runtime, or refitter. Uses of the global logger, returned by nvinfer1::getLogger(), will return the existing value.
[09/09/2026-14:05:09] [TRT] [I] Loaded engine size: 52 MiB
[09/09/2026-14:05:09] [TRT] [I] [MemUsageChange] TensorRT-managed allocation in IExecutionContext creation: CPU +0, GPU +29, now: CPU 1, GPU 117 (MiB)
14:05:09  INFO     [RAMS] YOLOv8-medium ready — TensorRT yolov8m.engine (imgsz=640).
14:05:09  INFO     [RAMS] Controller ready. Policy: threshold
14:05:10  INFO     [RAMS] Tier switch: SMALL → NANO  (R=0.565)
14:05:12  INFO     [RAMS] Tier switch: NANO → SMALL  (R=0.526)
14:05:12  INFO     [RAMS] Tier switch: SMALL → NANO  (R=0.645)
14:05:12  INFO     [RAMS] Tier switch: NANO → SMALL  (R=0.534)
14:05:13  INFO     [RAMS] Tier switch: SMALL → NANO  (R=0.587)
14:05:13  INFO     [RAMS] Tier switch: NANO → SMALL  (R=0.502)
14:05:14  INFO     [RAMS] Tier switch: SMALL → NANO  (R=0.571)
14:05:14  INFO     [RAMS] Tier switch: NANO → SMALL  (R=0.474)
14:05:14  INFO     [RAMS] Controller stopped.
    block=9/10 method=FIXED_NANO ...
14:05:14  INFO     [RAMS] Starting resource monitor ...
14:05:14  INFO     [RAMS] Loading model tiers ...
WARNING ⚠️ Unable to automatically guess model task, assuming 'task=detect'. Explicitly define task for your model, i.e. 'task=detect', 'segment', 'classify', 'pose', 'obb' or 'semantic'.
Loading yolov8n.engine for TensorRT inference...
[09/09/2026-14:05:14] [TRT] [I] Loaded engine size: 7 MiB
[09/09/2026-14:05:14] [TRT] [I] [MemUsageChange] TensorRT-managed allocation in IExecutionContext creation: CPU +0, GPU +3, now: CPU 0, GPU 9 (MiB)
14:05:14  INFO     [RAMS] YOLOv8-nano ready — TensorRT yolov8n.engine (imgsz=320).
WARNING ⚠️ Unable to automatically guess model task, assuming 'task=detect'. Explicitly define task for your model, i.e. 'task=detect', 'segment', 'classify', 'pose', 'obb' or 'semantic'.
Loading yolov8s.engine for TensorRT inference...
[09/09/2026-14:05:14] [TRT] [I] The logger passed into createInferRuntime differs from one already provided for an existing builder, runtime, or refitter. Uses of the global logger, returned by nvinfer1::getLogger(), will return the existing value.
[09/09/2026-14:05:14] [TRT] [I] Loaded engine size: 23 MiB
[09/09/2026-14:05:14] [TRT] [I] [MemUsageChange] TensorRT-managed allocation in IExecutionContext creation: CPU +1, GPU +7, now: CPU 1, GPU 38 (MiB)
14:05:14  INFO     [RAMS] YOLOv8-small ready — TensorRT yolov8s.engine (imgsz=416).
WARNING ⚠️ Unable to automatically guess model task, assuming 'task=detect'. Explicitly define task for your model, i.e. 'task=detect', 'segment', 'classify', 'pose', 'obb' or 'semantic'.
Loading yolov8m.engine for TensorRT inference...
[09/09/2026-14:05:14] [TRT] [I] The logger passed into createInferRuntime differs from one already provided for an existing builder, runtime, or refitter. Uses of the global logger, returned by nvinfer1::getLogger(), will return the existing value.
[09/09/2026-14:05:14] [TRT] [I] Loaded engine size: 52 MiB
[09/09/2026-14:05:14] [TRT] [I] [MemUsageChange] TensorRT-managed allocation in IExecutionContext creation: CPU +0, GPU +29, now: CPU 1, GPU 117 (MiB)
14:05:14  INFO     [RAMS] YOLOv8-medium ready — TensorRT yolov8m.engine (imgsz=640).
14:05:14  INFO     [RAMS] Controller ready. Policy: fixed
14:05:15  INFO     [RAMS] Tier switch: SMALL → NANO  (R=0.421)
14:05:19  INFO     [RAMS] Controller stopped.
    block=10/10 method=threshold ...
14:05:19  INFO     [RAMS] Starting resource monitor ...
14:05:19  INFO     [RAMS] Loading model tiers ...
WARNING ⚠️ Unable to automatically guess model task, assuming 'task=detect'. Explicitly define task for your model, i.e. 'task=detect', 'segment', 'classify', 'pose', 'obb' or 'semantic'.
Loading yolov8n.engine for TensorRT inference...
[09/09/2026-14:05:19] [TRT] [I] Loaded engine size: 7 MiB
[09/09/2026-14:05:19] [TRT] [I] [MemUsageChange] TensorRT-managed allocation in IExecutionContext creation: CPU +0, GPU +3, now: CPU 0, GPU 9 (MiB)
14:05:19  INFO     [RAMS] YOLOv8-nano ready — TensorRT yolov8n.engine (imgsz=320).
WARNING ⚠️ Unable to automatically guess model task, assuming 'task=detect'. Explicitly define task for your model, i.e. 'task=detect', 'segment', 'classify', 'pose', 'obb' or 'semantic'.
Loading yolov8s.engine for TensorRT inference...
[09/09/2026-14:05:19] [TRT] [I] The logger passed into createInferRuntime differs from one already provided for an existing builder, runtime, or refitter. Uses of the global logger, returned by nvinfer1::getLogger(), will return the existing value.
[09/09/2026-14:05:19] [TRT] [I] Loaded engine size: 23 MiB
[09/09/2026-14:05:19] [TRT] [I] [MemUsageChange] TensorRT-managed allocation in IExecutionContext creation: CPU +1, GPU +7, now: CPU 1, GPU 38 (MiB)
14:05:19  INFO     [RAMS] YOLOv8-small ready — TensorRT yolov8s.engine (imgsz=416).
WARNING ⚠️ Unable to automatically guess model task, assuming 'task=detect'. Explicitly define task for your model, i.e. 'task=detect', 'segment', 'classify', 'pose', 'obb' or 'semantic'.
Loading yolov8m.engine for TensorRT inference...
[09/09/2026-14:05:19] [TRT] [I] The logger passed into createInferRuntime differs from one already provided for an existing builder, runtime, or refitter. Uses of the global logger, returned by nvinfer1::getLogger(), will return the existing value.
[09/09/2026-14:05:20] [TRT] [I] Loaded engine size: 52 MiB
[09/09/2026-14:05:20] [TRT] [I] [MemUsageChange] TensorRT-managed allocation in IExecutionContext creation: CPU +0, GPU +29, now: CPU 1, GPU 117 (MiB)
14:05:20  INFO     [RAMS] YOLOv8-medium ready — TensorRT yolov8m.engine (imgsz=640).
14:05:20  INFO     [RAMS] Controller ready. Policy: threshold
14:05:22  INFO     [RAMS] Tier switch: SMALL → NANO  (R=0.550)
14:05:22  INFO     [RAMS] Tier switch: NANO → SMALL  (R=0.479)
14:05:23  INFO     [RAMS] Tier switch: SMALL → NANO  (R=0.557)
14:05:23  INFO     [RAMS] Tier switch: NANO → SMALL  (R=0.503)
14:05:24  INFO     [RAMS] Tier switch: SMALL → NANO  (R=0.540)
14:05:24  INFO     [RAMS] Tier switch: NANO → SMALL  (R=0.507)
14:05:25  INFO     [RAMS] Controller stopped.
    block=10/10 method=adaptive ...
14:05:25  INFO     [RAMS] Starting resource monitor ...
14:05:25  INFO     [RAMS] Loading model tiers ...
WARNING ⚠️ Unable to automatically guess model task, assuming 'task=detect'. Explicitly define task for your model, i.e. 'task=detect', 'segment', 'classify', 'pose', 'obb' or 'semantic'.
Loading yolov8n.engine for TensorRT inference...
[09/09/2026-14:05:25] [TRT] [I] Loaded engine size: 7 MiB
[09/09/2026-14:05:25] [TRT] [I] [MemUsageChange] TensorRT-managed allocation in IExecutionContext creation: CPU +0, GPU +3, now: CPU 0, GPU 9 (MiB)
14:05:25  INFO     [RAMS] YOLOv8-nano ready — TensorRT yolov8n.engine (imgsz=320).
WARNING ⚠️ Unable to automatically guess model task, assuming 'task=detect'. Explicitly define task for your model, i.e. 'task=detect', 'segment', 'classify', 'pose', 'obb' or 'semantic'.
Loading yolov8s.engine for TensorRT inference...
[09/09/2026-14:05:25] [TRT] [I] The logger passed into createInferRuntime differs from one already provided for an existing builder, runtime, or refitter. Uses of the global logger, returned by nvinfer1::getLogger(), will return the existing value.
[09/09/2026-14:05:25] [TRT] [I] Loaded engine size: 23 MiB
[09/09/2026-14:05:25] [TRT] [I] [MemUsageChange] TensorRT-managed allocation in IExecutionContext creation: CPU +1, GPU +7, now: CPU 1, GPU 38 (MiB)
14:05:25  INFO     [RAMS] YOLOv8-small ready — TensorRT yolov8s.engine (imgsz=416).
WARNING ⚠️ Unable to automatically guess model task, assuming 'task=detect'. Explicitly define task for your model, i.e. 'task=detect', 'segment', 'classify', 'pose', 'obb' or 'semantic'.
Loading yolov8m.engine for TensorRT inference...
[09/09/2026-14:05:25] [TRT] [I] The logger passed into createInferRuntime differs from one already provided for an existing builder, runtime, or refitter. Uses of the global logger, returned by nvinfer1::getLogger(), will return the existing value.
[09/09/2026-14:05:25] [TRT] [I] Loaded engine size: 52 MiB
[09/09/2026-14:05:25] [TRT] [I] [MemUsageChange] TensorRT-managed allocation in IExecutionContext creation: CPU +0, GPU +29, now: CPU 1, GPU 117 (MiB)
14:05:25  INFO     [RAMS] YOLOv8-medium ready — TensorRT yolov8m.engine (imgsz=640).
14:05:25  INFO     [RAMS] Controller ready. Policy: adaptive
14:05:27  INFO     [RAMS] Tier switch: SMALL → NANO  (R=0.555)
14:05:30  INFO     [RAMS] Controller stopped.
    block=10/10 method=FIXED_NANO ...
14:05:30  INFO     [RAMS] Starting resource monitor ...
14:05:30  INFO     [RAMS] Loading model tiers ...
WARNING ⚠️ Unable to automatically guess model task, assuming 'task=detect'. Explicitly define task for your model, i.e. 'task=detect', 'segment', 'classify', 'pose', 'obb' or 'semantic'.
Loading yolov8n.engine for TensorRT inference...
[09/09/2026-14:05:30] [TRT] [I] Loaded engine size: 7 MiB
[09/09/2026-14:05:30] [TRT] [I] [MemUsageChange] TensorRT-managed allocation in IExecutionContext creation: CPU +0, GPU +3, now: CPU 0, GPU 9 (MiB)
14:05:30  INFO     [RAMS] YOLOv8-nano ready — TensorRT yolov8n.engine (imgsz=320).
WARNING ⚠️ Unable to automatically guess model task, assuming 'task=detect'. Explicitly define task for your model, i.e. 'task=detect', 'segment', 'classify', 'pose', 'obb' or 'semantic'.
Loading yolov8s.engine for TensorRT inference...
[09/09/2026-14:05:30] [TRT] [I] The logger passed into createInferRuntime differs from one already provided for an existing builder, runtime, or refitter. Uses of the global logger, returned by nvinfer1::getLogger(), will return the existing value.
[09/09/2026-14:05:30] [TRT] [I] Loaded engine size: 23 MiB
[09/09/2026-14:05:30] [TRT] [I] [MemUsageChange] TensorRT-managed allocation in IExecutionContext creation: CPU +1, GPU +7, now: CPU 1, GPU 38 (MiB)
14:05:30  INFO     [RAMS] YOLOv8-small ready — TensorRT yolov8s.engine (imgsz=416).
WARNING ⚠️ Unable to automatically guess model task, assuming 'task=detect'. Explicitly define task for your model, i.e. 'task=detect', 'segment', 'classify', 'pose', 'obb' or 'semantic'.
Loading yolov8m.engine for TensorRT inference...
[09/09/2026-14:05:30] [TRT] [I] The logger passed into createInferRuntime differs from one already provided for an existing builder, runtime, or refitter. Uses of the global logger, returned by nvinfer1::getLogger(), will return the existing value.
[09/09/2026-14:05:30] [TRT] [I] Loaded engine size: 52 MiB
[09/09/2026-14:05:31] [TRT] [I] [MemUsageChange] TensorRT-managed allocation in IExecutionContext creation: CPU +0, GPU +29, now: CPU 1, GPU 117 (MiB)
14:05:31  INFO     [RAMS] YOLOv8-medium ready — TensorRT yolov8m.engine (imgsz=640).
14:05:31  INFO     [RAMS] Controller ready. Policy: fixed
14:05:32  INFO     [RAMS] Tier switch: SMALL → NANO  (R=0.483)
14:05:35  INFO     [RAMS] Controller stopped.
    block=10/10 method=predictive ...
14:05:35  INFO     [RAMS] Starting resource monitor ...
14:05:35  INFO     [RAMS] Loading model tiers ...
WARNING ⚠️ Unable to automatically guess model task, assuming 'task=detect'. Explicitly define task for your model, i.e. 'task=detect', 'segment', 'classify', 'pose', 'obb' or 'semantic'.
Loading yolov8n.engine for TensorRT inference...
[09/09/2026-14:05:35] [TRT] [I] Loaded engine size: 7 MiB
[09/09/2026-14:05:35] [TRT] [I] [MemUsageChange] TensorRT-managed allocation in IExecutionContext creation: CPU +0, GPU +3, now: CPU 0, GPU 9 (MiB)
14:05:36  INFO     [RAMS] YOLOv8-nano ready — TensorRT yolov8n.engine (imgsz=320).
WARNING ⚠️ Unable to automatically guess model task, assuming 'task=detect'. Explicitly define task for your model, i.e. 'task=detect', 'segment', 'classify', 'pose', 'obb' or 'semantic'.
Loading yolov8s.engine for TensorRT inference...
[09/09/2026-14:05:36] [TRT] [I] The logger passed into createInferRuntime differs from one already provided for an existing builder, runtime, or refitter. Uses of the global logger, returned by nvinfer1::getLogger(), will return the existing value.
[09/09/2026-14:05:36] [TRT] [I] Loaded engine size: 23 MiB
[09/09/2026-14:05:36] [TRT] [I] [MemUsageChange] TensorRT-managed allocation in IExecutionContext creation: CPU +1, GPU +7, now: CPU 1, GPU 38 (MiB)
14:05:36  INFO     [RAMS] YOLOv8-small ready — TensorRT yolov8s.engine (imgsz=416).
WARNING ⚠️ Unable to automatically guess model task, assuming 'task=detect'. Explicitly define task for your model, i.e. 'task=detect', 'segment', 'classify', 'pose', 'obb' or 'semantic'.
Loading yolov8m.engine for TensorRT inference...
[09/09/2026-14:05:36] [TRT] [I] The logger passed into createInferRuntime differs from one already provided for an existing builder, runtime, or refitter. Uses of the global logger, returned by nvinfer1::getLogger(), will return the existing value.
[09/09/2026-14:05:36] [TRT] [I] Loaded engine size: 52 MiB
[09/09/2026-14:05:36] [TRT] [I] [MemUsageChange] TensorRT-managed allocation in IExecutionContext creation: CPU +0, GPU +29, now: CPU 1, GPU 117 (MiB)
14:05:36  INFO     [RAMS] YOLOv8-medium ready — TensorRT yolov8m.engine (imgsz=640).
14:05:36  INFO     [RAMS] Controller ready. Policy: predictive
14:05:37  INFO     [RAMS] Tier switch: SMALL → NANO  (R=0.566)
14:05:37  INFO     [RAMS] Tier switch: NANO → SMALL  (R=0.508)
14:05:38  INFO     [RAMS] Tier switch: SMALL → NANO  (R=0.565)
14:05:38  INFO     [RAMS] Tier switch: NANO → SMALL  (R=0.499)
14:05:39  INFO     [RAMS] Tier switch: SMALL → NANO  (R=0.573)
14:05:39  INFO     [RAMS] Tier switch: NANO → SMALL  (R=0.491)
14:05:40  INFO     [RAMS] Tier switch: SMALL → NANO  (R=0.571)
14:05:40  INFO     [RAMS] Tier switch: NANO → SMALL  (R=0.507)
14:05:41  INFO     [RAMS] Controller stopped.
    block=10/10 method=safety ...
14:05:41  INFO     [RAMS] Starting resource monitor ...
14:05:41  INFO     [RAMS] Loading model tiers ...
WARNING ⚠️ Unable to automatically guess model task, assuming 'task=detect'. Explicitly define task for your model, i.e. 'task=detect', 'segment', 'classify', 'pose', 'obb' or 'semantic'.
Loading yolov8n.engine for TensorRT inference...
[09/09/2026-14:05:41] [TRT] [I] Loaded engine size: 7 MiB
[09/09/2026-14:05:41] [TRT] [I] [MemUsageChange] TensorRT-managed allocation in IExecutionContext creation: CPU +0, GPU +3, now: CPU 0, GPU 9 (MiB)
14:05:41  INFO     [RAMS] YOLOv8-nano ready — TensorRT yolov8n.engine (imgsz=320).
WARNING ⚠️ Unable to automatically guess model task, assuming 'task=detect'. Explicitly define task for your model, i.e. 'task=detect', 'segment', 'classify', 'pose', 'obb' or 'semantic'.
Loading yolov8s.engine for TensorRT inference...
[09/09/2026-14:05:41] [TRT] [I] The logger passed into createInferRuntime differs from one already provided for an existing builder, runtime, or refitter. Uses of the global logger, returned by nvinfer1::getLogger(), will return the existing value.
[09/09/2026-14:05:41] [TRT] [I] Loaded engine size: 23 MiB
[09/09/2026-14:05:41] [TRT] [I] [MemUsageChange] TensorRT-managed allocation in IExecutionContext creation: CPU +1, GPU +7, now: CPU 1, GPU 38 (MiB)
14:05:41  INFO     [RAMS] YOLOv8-small ready — TensorRT yolov8s.engine (imgsz=416).
WARNING ⚠️ Unable to automatically guess model task, assuming 'task=detect'. Explicitly define task for your model, i.e. 'task=detect', 'segment', 'classify', 'pose', 'obb' or 'semantic'.
Loading yolov8m.engine for TensorRT inference...
[09/09/2026-14:05:41] [TRT] [I] The logger passed into createInferRuntime differs from one already provided for an existing builder, runtime, or refitter. Uses of the global logger, returned by nvinfer1::getLogger(), will return the existing value.
[09/09/2026-14:05:41] [TRT] [I] Loaded engine size: 52 MiB
[09/09/2026-14:05:41] [TRT] [I] [MemUsageChange] TensorRT-managed allocation in IExecutionContext creation: CPU +0, GPU +29, now: CPU 1, GPU 117 (MiB)
14:05:41  INFO     [RAMS] YOLOv8-medium ready — TensorRT yolov8m.engine (imgsz=640).
14:05:41  INFO     [RAMS] Controller ready. Policy: safety
14:05:46  INFO     [RAMS] Controller stopped.
    block=10/10 method=FIXED_SMALL ...
14:05:46  INFO     [RAMS] Starting resource monitor ...
14:05:46  INFO     [RAMS] Loading model tiers ...
WARNING ⚠️ Unable to automatically guess model task, assuming 'task=detect'. Explicitly define task for your model, i.e. 'task=detect', 'segment', 'classify', 'pose', 'obb' or 'semantic'.
Loading yolov8n.engine for TensorRT inference...
[09/09/2026-14:05:46] [TRT] [I] Loaded engine size: 7 MiB
[09/09/2026-14:05:46] [TRT] [I] [MemUsageChange] TensorRT-managed allocation in IExecutionContext creation: CPU +0, GPU +3, now: CPU 0, GPU 9 (MiB)
14:05:46  INFO     [RAMS] YOLOv8-nano ready — TensorRT yolov8n.engine (imgsz=320).
WARNING ⚠️ Unable to automatically guess model task, assuming 'task=detect'. Explicitly define task for your model, i.e. 'task=detect', 'segment', 'classify', 'pose', 'obb' or 'semantic'.
Loading yolov8s.engine for TensorRT inference...
[09/09/2026-14:05:46] [TRT] [I] The logger passed into createInferRuntime differs from one already provided for an existing builder, runtime, or refitter. Uses of the global logger, returned by nvinfer1::getLogger(), will return the existing value.
[09/09/2026-14:05:46] [TRT] [I] Loaded engine size: 23 MiB
[09/09/2026-14:05:47] [TRT] [I] [MemUsageChange] TensorRT-managed allocation in IExecutionContext creation: CPU +1, GPU +7, now: CPU 1, GPU 38 (MiB)
14:05:47  INFO     [RAMS] YOLOv8-small ready — TensorRT yolov8s.engine (imgsz=416).
WARNING ⚠️ Unable to automatically guess model task, assuming 'task=detect'. Explicitly define task for your model, i.e. 'task=detect', 'segment', 'classify', 'pose', 'obb' or 'semantic'.
Loading yolov8m.engine for TensorRT inference...
[09/09/2026-14:05:47] [TRT] [I] The logger passed into createInferRuntime differs from one already provided for an existing builder, runtime, or refitter. Uses of the global logger, returned by nvinfer1::getLogger(), will return the existing value.
[09/09/2026-14:05:47] [TRT] [I] Loaded engine size: 52 MiB
[09/09/2026-14:05:47] [TRT] [I] [MemUsageChange] TensorRT-managed allocation in IExecutionContext creation: CPU +0, GPU +29, now: CPU 1, GPU 117 (MiB)
14:05:47  INFO     [RAMS] YOLOv8-medium ready — TensorRT yolov8m.engine (imgsz=640).
14:05:47  INFO     [RAMS] Controller ready. Policy: fixed
14:05:52  INFO     [RAMS] Controller stopped.
    block=10/10 method=FIXED_MEDIUM ...
14:05:52  INFO     [RAMS] Starting resource monitor ...
14:05:52  INFO     [RAMS] Loading model tiers ...
WARNING ⚠️ Unable to automatically guess model task, assuming 'task=detect'. Explicitly define task for your model, i.e. 'task=detect', 'segment', 'classify', 'pose', 'obb' or 'semantic'.
Loading yolov8n.engine for TensorRT inference...
[09/09/2026-14:05:52] [TRT] [I] Loaded engine size: 7 MiB
[09/09/2026-14:05:52] [TRT] [I] [MemUsageChange] TensorRT-managed allocation in IExecutionContext creation: CPU +0, GPU +3, now: CPU 0, GPU 9 (MiB)
14:05:52  INFO     [RAMS] YOLOv8-nano ready — TensorRT yolov8n.engine (imgsz=320).
WARNING ⚠️ Unable to automatically guess model task, assuming 'task=detect'. Explicitly define task for your model, i.e. 'task=detect', 'segment', 'classify', 'pose', 'obb' or 'semantic'.
Loading yolov8s.engine for TensorRT inference...
[09/09/2026-14:05:52] [TRT] [I] The logger passed into createInferRuntime differs from one already provided for an existing builder, runtime, or refitter. Uses of the global logger, returned by nvinfer1::getLogger(), will return the existing value.
[09/09/2026-14:05:52] [TRT] [I] Loaded engine size: 23 MiB
[09/09/2026-14:05:52] [TRT] [I] [MemUsageChange] TensorRT-managed allocation in IExecutionContext creation: CPU +1, GPU +7, now: CPU 1, GPU 38 (MiB)
14:05:52  INFO     [RAMS] YOLOv8-small ready — TensorRT yolov8s.engine (imgsz=416).
WARNING ⚠️ Unable to automatically guess model task, assuming 'task=detect'. Explicitly define task for your model, i.e. 'task=detect', 'segment', 'classify', 'pose', 'obb' or 'semantic'.
Loading yolov8m.engine for TensorRT inference...
[09/09/2026-14:05:52] [TRT] [I] The logger passed into createInferRuntime differs from one already provided for an existing builder, runtime, or refitter. Uses of the global logger, returned by nvinfer1::getLogger(), will return the existing value.
[09/09/2026-14:05:52] [TRT] [I] Loaded engine size: 52 MiB
[09/09/2026-14:05:52] [TRT] [I] [MemUsageChange] TensorRT-managed allocation in IExecutionContext creation: CPU +0, GPU +29, now: CPU 1, GPU 117 (MiB)
14:05:52  INFO     [RAMS] YOLOv8-medium ready — TensorRT yolov8m.engine (imgsz=640).
14:05:52  INFO     [RAMS] Controller ready. Policy: fixed
14:05:53  INFO     [RAMS] Tier switch: SMALL → MEDIUM  (R=0.494)
14:05:59  INFO     [RAMS] Controller stopped.
    block=10/10 method=safety2 ...
14:05:59  INFO     [RAMS] Starting resource monitor ...
14:05:59  INFO     [RAMS] Loading model tiers ...
WARNING ⚠️ Unable to automatically guess model task, assuming 'task=detect'. Explicitly define task for your model, i.e. 'task=detect', 'segment', 'classify', 'pose', 'obb' or 'semantic'.
Loading yolov8n.engine for TensorRT inference...
[09/09/2026-14:05:59] [TRT] [I] Loaded engine size: 7 MiB
[09/09/2026-14:05:59] [TRT] [I] [MemUsageChange] TensorRT-managed allocation in IExecutionContext creation: CPU +0, GPU +3, now: CPU 0, GPU 9 (MiB)
14:05:59  INFO     [RAMS] YOLOv8-nano ready — TensorRT yolov8n.engine (imgsz=320).
WARNING ⚠️ Unable to automatically guess model task, assuming 'task=detect'. Explicitly define task for your model, i.e. 'task=detect', 'segment', 'classify', 'pose', 'obb' or 'semantic'.
Loading yolov8s.engine for TensorRT inference...
[09/09/2026-14:05:59] [TRT] [I] The logger passed into createInferRuntime differs from one already provided for an existing builder, runtime, or refitter. Uses of the global logger, returned by nvinfer1::getLogger(), will return the existing value.
[09/09/2026-14:05:59] [TRT] [I] Loaded engine size: 23 MiB
[09/09/2026-14:05:59] [TRT] [I] [MemUsageChange] TensorRT-managed allocation in IExecutionContext creation: CPU +1, GPU +7, now: CPU 1, GPU 38 (MiB)
14:05:59  INFO     [RAMS] YOLOv8-small ready — TensorRT yolov8s.engine (imgsz=416).
WARNING ⚠️ Unable to automatically guess model task, assuming 'task=detect'. Explicitly define task for your model, i.e. 'task=detect', 'segment', 'classify', 'pose', 'obb' or 'semantic'.
Loading yolov8m.engine for TensorRT inference...
[09/09/2026-14:05:59] [TRT] [I] The logger passed into createInferRuntime differs from one already provided for an existing builder, runtime, or refitter. Uses of the global logger, returned by nvinfer1::getLogger(), will return the existing value.
[09/09/2026-14:05:59] [TRT] [I] Loaded engine size: 52 MiB
[09/09/2026-14:05:59] [TRT] [I] [MemUsageChange] TensorRT-managed allocation in IExecutionContext creation: CPU +0, GPU +29, now: CPU 1, GPU 117 (MiB)
14:05:59  INFO     [RAMS] YOLOv8-medium ready — TensorRT yolov8m.engine (imgsz=640).
14:05:59  INFO     [RAMS] Controller ready. Policy: safety2
14:06:01  INFO     [RAMS] Tier switch: SMALL → MEDIUM  (R=0.488)
14:06:02  INFO     [RAMS] Tier switch: MEDIUM → SMALL  (R=0.506)
14:06:02  INFO     [RAMS] Tier switch: SMALL → NANO  (R=0.570)
14:06:02  INFO     [RAMS] Tier switch: NANO → SMALL  (R=0.498)
14:06:02  INFO     [RAMS] Tier switch: SMALL → MEDIUM  (R=0.498)
14:06:03  INFO     [RAMS] Tier switch: MEDIUM → SMALL  (R=0.503)
14:06:03  INFO     [RAMS] Tier switch: SMALL → MEDIUM  (R=0.498)
14:06:04  INFO     [RAMS] Tier switch: MEDIUM → SMALL  (R=0.580)
14:06:04  INFO     [RAMS] Tier switch: SMALL → MEDIUM  (R=0.501)
14:06:05  INFO     [RAMS] Tier switch: MEDIUM → NANO  (R=0.546)
14:06:05  INFO     [RAMS] Tier switch: NANO → SMALL  (R=0.589)
14:06:05  INFO     [RAMS] Tier switch: SMALL → MEDIUM  (R=0.589)
14:06:06  INFO     [RAMS] Controller stopped.
      threshold: latency=8.1 ms  acc_proxy=0.430
      predictive: latency=8.1 ms  acc_proxy=0.431
      safety: latency=8.7 ms  acc_proxy=0.448
      adaptive: latency=8.0 ms  acc_proxy=0.415
      safety2: latency=13.9 ms  acc_proxy=0.486
      FIXED_NANO: latency=6.6 ms  acc_proxy=0.372
      FIXED_SMALL: latency=8.6 ms  acc_proxy=0.448
      FIXED_MEDIUM: latency=15.9 ms  acc_proxy=0.503
  Chart saved → exp5_pareto_moderate.png

═════════════════════════════════════════════════════════════════════════════════════════
  Experiment 5: Accuracy–Latency Pareto (mean latency, tier dist)
═════════════════════════════════════════════════════════════════════════════════════════
Label           Group           N      Mean ms   ±Std     P95 ms   Tier dist             
──────────────  ──────────────  ─────  ────────  ───────  ───────  ──────────────────────
threshold       moderate        2000   8.1       1.3      10.1     NANO:23%  SMALL:77%   
predictive      moderate        2000   8.1       1.2      10.0     NANO:22%  SMALL:78%   
safety          moderate        2000   8.7       1.3      10.7     NANO:0%  SMALL:100%   
adaptive        moderate        2000   8.0       1.4      10.3     NANO:43%  SMALL:57%   
safety2         moderate        2000   13.9      3.6      18.4     MEDIUM:74%  NANO:4%  SMALL:22%
FIXED_NANO      moderate        2000   6.6       1.2      8.4      NANO:100%             
FIXED_SMALL     moderate        2000   8.6       1.1      10.4     SMALL:100%            
FIXED_MEDIUM    moderate        2000   15.9      1.8      19.1     MEDIUM:100%           
═════════════════════════════════════════════════════════════════════════════════════════

  LaTeX table → /home/soren/rams_trt_labels_20260909/results/full-20260909-trtlabels-v3/tensorrt/pareto_moderate/exp5_latex_moderate.tex

