
══════════════════════════════════════════════════════════════
  Experiment 5 — Accuracy–Latency Pareto Frontier
  N=200  simulate=False
══════════════════════════════════════════════════════════════

  ── Load scenario: heavy (intensity=0.75) ──
    block=1/10 method=FIXED_SMALL ...
14:14:10  INFO     [RAMS] Starting resource monitor ...
14:14:10  INFO     [RAMS] Loading model tiers ...
WARNING ⚠️ Unable to automatically guess model task, assuming 'task=detect'. Explicitly define task for your model, i.e. 'task=detect', 'segment', 'classify', 'pose', 'obb' or 'semantic'.
Loading yolov8n.engine for TensorRT inference...
[09/09/2026-14:14:13] [TRT] [I] Loaded engine size: 7 MiB
[09/09/2026-14:14:13] [TRT] [I] [MemUsageChange] TensorRT-managed allocation in IExecutionContext creation: CPU +0, GPU +3, now: CPU 0, GPU 9 (MiB)
14:14:14  INFO     [RAMS] YOLOv8-nano ready — TensorRT yolov8n.engine (imgsz=320).
WARNING ⚠️ Unable to automatically guess model task, assuming 'task=detect'. Explicitly define task for your model, i.e. 'task=detect', 'segment', 'classify', 'pose', 'obb' or 'semantic'.
Loading yolov8s.engine for TensorRT inference...
[09/09/2026-14:14:14] [TRT] [I] The logger passed into createInferRuntime differs from one already provided for an existing builder, runtime, or refitter. Uses of the global logger, returned by nvinfer1::getLogger(), will return the existing value.
[09/09/2026-14:14:14] [TRT] [I] Loaded engine size: 23 MiB
[09/09/2026-14:14:14] [TRT] [I] [MemUsageChange] TensorRT-managed allocation in IExecutionContext creation: CPU +1, GPU +7, now: CPU 1, GPU 38 (MiB)
14:14:14  INFO     [RAMS] YOLOv8-small ready — TensorRT yolov8s.engine (imgsz=416).
WARNING ⚠️ Unable to automatically guess model task, assuming 'task=detect'. Explicitly define task for your model, i.e. 'task=detect', 'segment', 'classify', 'pose', 'obb' or 'semantic'.
Loading yolov8m.engine for TensorRT inference...
[09/09/2026-14:14:14] [TRT] [I] The logger passed into createInferRuntime differs from one already provided for an existing builder, runtime, or refitter. Uses of the global logger, returned by nvinfer1::getLogger(), will return the existing value.
[09/09/2026-14:14:15] [TRT] [I] Loaded engine size: 52 MiB
[09/09/2026-14:14:15] [TRT] [I] [MemUsageChange] TensorRT-managed allocation in IExecutionContext creation: CPU +0, GPU +29, now: CPU 1, GPU 117 (MiB)
14:14:15  INFO     [RAMS] YOLOv8-medium ready — TensorRT yolov8m.engine (imgsz=640).
14:14:15  INFO     [RAMS] Controller ready. Policy: fixed
14:14:20  INFO     [RAMS] Controller stopped.
    block=1/10 method=FIXED_NANO ...
14:14:20  INFO     [RAMS] Starting resource monitor ...
14:14:20  INFO     [RAMS] Loading model tiers ...
WARNING ⚠️ Unable to automatically guess model task, assuming 'task=detect'. Explicitly define task for your model, i.e. 'task=detect', 'segment', 'classify', 'pose', 'obb' or 'semantic'.
Loading yolov8n.engine for TensorRT inference...
[09/09/2026-14:14:20] [TRT] [I] Loaded engine size: 7 MiB
[09/09/2026-14:14:20] [TRT] [I] [MemUsageChange] TensorRT-managed allocation in IExecutionContext creation: CPU +0, GPU +3, now: CPU 0, GPU 9 (MiB)
14:14:20  INFO     [RAMS] YOLOv8-nano ready — TensorRT yolov8n.engine (imgsz=320).
WARNING ⚠️ Unable to automatically guess model task, assuming 'task=detect'. Explicitly define task for your model, i.e. 'task=detect', 'segment', 'classify', 'pose', 'obb' or 'semantic'.
Loading yolov8s.engine for TensorRT inference...
[09/09/2026-14:14:20] [TRT] [I] The logger passed into createInferRuntime differs from one already provided for an existing builder, runtime, or refitter. Uses of the global logger, returned by nvinfer1::getLogger(), will return the existing value.
[09/09/2026-14:14:20] [TRT] [I] Loaded engine size: 23 MiB
[09/09/2026-14:14:20] [TRT] [I] [MemUsageChange] TensorRT-managed allocation in IExecutionContext creation: CPU +1, GPU +7, now: CPU 1, GPU 38 (MiB)
14:14:20  INFO     [RAMS] YOLOv8-small ready — TensorRT yolov8s.engine (imgsz=416).
WARNING ⚠️ Unable to automatically guess model task, assuming 'task=detect'. Explicitly define task for your model, i.e. 'task=detect', 'segment', 'classify', 'pose', 'obb' or 'semantic'.
Loading yolov8m.engine for TensorRT inference...
[09/09/2026-14:14:20] [TRT] [I] The logger passed into createInferRuntime differs from one already provided for an existing builder, runtime, or refitter. Uses of the global logger, returned by nvinfer1::getLogger(), will return the existing value.
[09/09/2026-14:14:20] [TRT] [I] Loaded engine size: 52 MiB
[09/09/2026-14:14:20] [TRT] [I] [MemUsageChange] TensorRT-managed allocation in IExecutionContext creation: CPU +0, GPU +29, now: CPU 1, GPU 117 (MiB)
14:14:20  INFO     [RAMS] YOLOv8-medium ready — TensorRT yolov8m.engine (imgsz=640).
14:14:20  INFO     [RAMS] Controller ready. Policy: fixed
14:14:21  INFO     [RAMS] Tier switch: SMALL → NANO  (R=0.651)
14:14:25  INFO     [RAMS] Controller stopped.
    block=1/10 method=threshold ...
14:14:25  INFO     [RAMS] Starting resource monitor ...
14:14:25  INFO     [RAMS] Loading model tiers ...
WARNING ⚠️ Unable to automatically guess model task, assuming 'task=detect'. Explicitly define task for your model, i.e. 'task=detect', 'segment', 'classify', 'pose', 'obb' or 'semantic'.
Loading yolov8n.engine for TensorRT inference...
[09/09/2026-14:14:25] [TRT] [I] Loaded engine size: 7 MiB
[09/09/2026-14:14:25] [TRT] [I] [MemUsageChange] TensorRT-managed allocation in IExecutionContext creation: CPU +0, GPU +3, now: CPU 0, GPU 9 (MiB)
14:14:25  INFO     [RAMS] YOLOv8-nano ready — TensorRT yolov8n.engine (imgsz=320).
WARNING ⚠️ Unable to automatically guess model task, assuming 'task=detect'. Explicitly define task for your model, i.e. 'task=detect', 'segment', 'classify', 'pose', 'obb' or 'semantic'.
Loading yolov8s.engine for TensorRT inference...
[09/09/2026-14:14:25] [TRT] [I] The logger passed into createInferRuntime differs from one already provided for an existing builder, runtime, or refitter. Uses of the global logger, returned by nvinfer1::getLogger(), will return the existing value.
[09/09/2026-14:14:25] [TRT] [I] Loaded engine size: 23 MiB
[09/09/2026-14:14:25] [TRT] [I] [MemUsageChange] TensorRT-managed allocation in IExecutionContext creation: CPU +1, GPU +7, now: CPU 1, GPU 38 (MiB)
14:14:25  INFO     [RAMS] YOLOv8-small ready — TensorRT yolov8s.engine (imgsz=416).
WARNING ⚠️ Unable to automatically guess model task, assuming 'task=detect'. Explicitly define task for your model, i.e. 'task=detect', 'segment', 'classify', 'pose', 'obb' or 'semantic'.
Loading yolov8m.engine for TensorRT inference...
[09/09/2026-14:14:25] [TRT] [I] The logger passed into createInferRuntime differs from one already provided for an existing builder, runtime, or refitter. Uses of the global logger, returned by nvinfer1::getLogger(), will return the existing value.
[09/09/2026-14:14:25] [TRT] [I] Loaded engine size: 52 MiB
[09/09/2026-14:14:25] [TRT] [I] [MemUsageChange] TensorRT-managed allocation in IExecutionContext creation: CPU +0, GPU +29, now: CPU 1, GPU 117 (MiB)
14:14:25  INFO     [RAMS] YOLOv8-medium ready — TensorRT yolov8m.engine (imgsz=640).
14:14:25  INFO     [RAMS] Controller ready. Policy: threshold
14:14:27  INFO     [RAMS] Tier switch: SMALL → NANO  (R=0.598)
14:14:31  INFO     [RAMS] Controller stopped.
    block=1/10 method=predictive ...
14:14:31  INFO     [RAMS] Starting resource monitor ...
14:14:31  INFO     [RAMS] Loading model tiers ...
WARNING ⚠️ Unable to automatically guess model task, assuming 'task=detect'. Explicitly define task for your model, i.e. 'task=detect', 'segment', 'classify', 'pose', 'obb' or 'semantic'.
Loading yolov8n.engine for TensorRT inference...
[09/09/2026-14:14:31] [TRT] [I] Loaded engine size: 7 MiB
[09/09/2026-14:14:31] [TRT] [I] [MemUsageChange] TensorRT-managed allocation in IExecutionContext creation: CPU +0, GPU +3, now: CPU 0, GPU 9 (MiB)
14:14:31  INFO     [RAMS] YOLOv8-nano ready — TensorRT yolov8n.engine (imgsz=320).
WARNING ⚠️ Unable to automatically guess model task, assuming 'task=detect'. Explicitly define task for your model, i.e. 'task=detect', 'segment', 'classify', 'pose', 'obb' or 'semantic'.
Loading yolov8s.engine for TensorRT inference...
[09/09/2026-14:14:31] [TRT] [I] The logger passed into createInferRuntime differs from one already provided for an existing builder, runtime, or refitter. Uses of the global logger, returned by nvinfer1::getLogger(), will return the existing value.
[09/09/2026-14:14:31] [TRT] [I] Loaded engine size: 23 MiB
[09/09/2026-14:14:31] [TRT] [I] [MemUsageChange] TensorRT-managed allocation in IExecutionContext creation: CPU +1, GPU +7, now: CPU 1, GPU 38 (MiB)
14:14:31  INFO     [RAMS] YOLOv8-small ready — TensorRT yolov8s.engine (imgsz=416).
WARNING ⚠️ Unable to automatically guess model task, assuming 'task=detect'. Explicitly define task for your model, i.e. 'task=detect', 'segment', 'classify', 'pose', 'obb' or 'semantic'.
Loading yolov8m.engine for TensorRT inference...
[09/09/2026-14:14:31] [TRT] [I] The logger passed into createInferRuntime differs from one already provided for an existing builder, runtime, or refitter. Uses of the global logger, returned by nvinfer1::getLogger(), will return the existing value.
[09/09/2026-14:14:31] [TRT] [I] Loaded engine size: 52 MiB
[09/09/2026-14:14:31] [TRT] [I] [MemUsageChange] TensorRT-managed allocation in IExecutionContext creation: CPU +0, GPU +29, now: CPU 1, GPU 117 (MiB)
14:14:31  INFO     [RAMS] YOLOv8-medium ready — TensorRT yolov8m.engine (imgsz=640).
14:14:31  INFO     [RAMS] Controller ready. Policy: predictive
14:14:32  INFO     [RAMS] Tier switch: SMALL → NANO  (R=0.652)
14:14:36  INFO     [RAMS] Controller stopped.
    block=1/10 method=adaptive ...
14:14:36  INFO     [RAMS] Starting resource monitor ...
14:14:36  INFO     [RAMS] Loading model tiers ...
WARNING ⚠️ Unable to automatically guess model task, assuming 'task=detect'. Explicitly define task for your model, i.e. 'task=detect', 'segment', 'classify', 'pose', 'obb' or 'semantic'.
Loading yolov8n.engine for TensorRT inference...
[09/09/2026-14:14:36] [TRT] [I] Loaded engine size: 7 MiB
[09/09/2026-14:14:36] [TRT] [I] [MemUsageChange] TensorRT-managed allocation in IExecutionContext creation: CPU +0, GPU +3, now: CPU 0, GPU 9 (MiB)
14:14:36  INFO     [RAMS] YOLOv8-nano ready — TensorRT yolov8n.engine (imgsz=320).
WARNING ⚠️ Unable to automatically guess model task, assuming 'task=detect'. Explicitly define task for your model, i.e. 'task=detect', 'segment', 'classify', 'pose', 'obb' or 'semantic'.
Loading yolov8s.engine for TensorRT inference...
[09/09/2026-14:14:36] [TRT] [I] The logger passed into createInferRuntime differs from one already provided for an existing builder, runtime, or refitter. Uses of the global logger, returned by nvinfer1::getLogger(), will return the existing value.
[09/09/2026-14:14:36] [TRT] [I] Loaded engine size: 23 MiB
[09/09/2026-14:14:37] [TRT] [I] [MemUsageChange] TensorRT-managed allocation in IExecutionContext creation: CPU +1, GPU +7, now: CPU 1, GPU 38 (MiB)
14:14:37  INFO     [RAMS] YOLOv8-small ready — TensorRT yolov8s.engine (imgsz=416).
WARNING ⚠️ Unable to automatically guess model task, assuming 'task=detect'. Explicitly define task for your model, i.e. 'task=detect', 'segment', 'classify', 'pose', 'obb' or 'semantic'.
Loading yolov8m.engine for TensorRT inference...
[09/09/2026-14:14:37] [TRT] [I] The logger passed into createInferRuntime differs from one already provided for an existing builder, runtime, or refitter. Uses of the global logger, returned by nvinfer1::getLogger(), will return the existing value.
[09/09/2026-14:14:37] [TRT] [I] Loaded engine size: 52 MiB
[09/09/2026-14:14:37] [TRT] [I] [MemUsageChange] TensorRT-managed allocation in IExecutionContext creation: CPU +0, GPU +29, now: CPU 1, GPU 117 (MiB)
14:14:37  INFO     [RAMS] YOLOv8-medium ready — TensorRT yolov8m.engine (imgsz=640).
14:14:37  INFO     [RAMS] Controller ready. Policy: adaptive
14:14:38  INFO     [RAMS] Tier switch: SMALL → NANO  (R=0.594)
14:14:42  INFO     [RAMS] Controller stopped.
    block=1/10 method=FIXED_MEDIUM ...
14:14:42  INFO     [RAMS] Starting resource monitor ...
14:14:42  INFO     [RAMS] Loading model tiers ...
WARNING ⚠️ Unable to automatically guess model task, assuming 'task=detect'. Explicitly define task for your model, i.e. 'task=detect', 'segment', 'classify', 'pose', 'obb' or 'semantic'.
Loading yolov8n.engine for TensorRT inference...
[09/09/2026-14:14:42] [TRT] [I] Loaded engine size: 7 MiB
[09/09/2026-14:14:42] [TRT] [I] [MemUsageChange] TensorRT-managed allocation in IExecutionContext creation: CPU +0, GPU +3, now: CPU 0, GPU 9 (MiB)
14:14:42  INFO     [RAMS] YOLOv8-nano ready — TensorRT yolov8n.engine (imgsz=320).
WARNING ⚠️ Unable to automatically guess model task, assuming 'task=detect'. Explicitly define task for your model, i.e. 'task=detect', 'segment', 'classify', 'pose', 'obb' or 'semantic'.
Loading yolov8s.engine for TensorRT inference...
[09/09/2026-14:14:42] [TRT] [I] The logger passed into createInferRuntime differs from one already provided for an existing builder, runtime, or refitter. Uses of the global logger, returned by nvinfer1::getLogger(), will return the existing value.
[09/09/2026-14:14:42] [TRT] [I] Loaded engine size: 23 MiB
[09/09/2026-14:14:42] [TRT] [I] [MemUsageChange] TensorRT-managed allocation in IExecutionContext creation: CPU +1, GPU +7, now: CPU 1, GPU 38 (MiB)
14:14:42  INFO     [RAMS] YOLOv8-small ready — TensorRT yolov8s.engine (imgsz=416).
WARNING ⚠️ Unable to automatically guess model task, assuming 'task=detect'. Explicitly define task for your model, i.e. 'task=detect', 'segment', 'classify', 'pose', 'obb' or 'semantic'.
Loading yolov8m.engine for TensorRT inference...
[09/09/2026-14:14:42] [TRT] [I] The logger passed into createInferRuntime differs from one already provided for an existing builder, runtime, or refitter. Uses of the global logger, returned by nvinfer1::getLogger(), will return the existing value.
[09/09/2026-14:14:42] [TRT] [I] Loaded engine size: 52 MiB
[09/09/2026-14:14:42] [TRT] [I] [MemUsageChange] TensorRT-managed allocation in IExecutionContext creation: CPU +0, GPU +29, now: CPU 1, GPU 117 (MiB)
14:14:42  INFO     [RAMS] YOLOv8-medium ready — TensorRT yolov8m.engine (imgsz=640).
14:14:42  INFO     [RAMS] Controller ready. Policy: fixed
14:14:43  INFO     [RAMS] Tier switch: SMALL → MEDIUM  (R=0.586)
14:14:49  INFO     [RAMS] Controller stopped.
    block=1/10 method=safety2 ...
14:14:49  INFO     [RAMS] Starting resource monitor ...
14:14:49  INFO     [RAMS] Loading model tiers ...
WARNING ⚠️ Unable to automatically guess model task, assuming 'task=detect'. Explicitly define task for your model, i.e. 'task=detect', 'segment', 'classify', 'pose', 'obb' or 'semantic'.
Loading yolov8n.engine for TensorRT inference...
[09/09/2026-14:14:49] [TRT] [I] Loaded engine size: 7 MiB
[09/09/2026-14:14:49] [TRT] [I] [MemUsageChange] TensorRT-managed allocation in IExecutionContext creation: CPU +0, GPU +3, now: CPU 0, GPU 9 (MiB)
14:14:49  INFO     [RAMS] YOLOv8-nano ready — TensorRT yolov8n.engine (imgsz=320).
WARNING ⚠️ Unable to automatically guess model task, assuming 'task=detect'. Explicitly define task for your model, i.e. 'task=detect', 'segment', 'classify', 'pose', 'obb' or 'semantic'.
Loading yolov8s.engine for TensorRT inference...
[09/09/2026-14:14:49] [TRT] [I] The logger passed into createInferRuntime differs from one already provided for an existing builder, runtime, or refitter. Uses of the global logger, returned by nvinfer1::getLogger(), will return the existing value.
[09/09/2026-14:14:49] [TRT] [I] Loaded engine size: 23 MiB
[09/09/2026-14:14:49] [TRT] [I] [MemUsageChange] TensorRT-managed allocation in IExecutionContext creation: CPU +1, GPU +7, now: CPU 1, GPU 38 (MiB)
14:14:49  INFO     [RAMS] YOLOv8-small ready — TensorRT yolov8s.engine (imgsz=416).
WARNING ⚠️ Unable to automatically guess model task, assuming 'task=detect'. Explicitly define task for your model, i.e. 'task=detect', 'segment', 'classify', 'pose', 'obb' or 'semantic'.
Loading yolov8m.engine for TensorRT inference...
[09/09/2026-14:14:49] [TRT] [I] The logger passed into createInferRuntime differs from one already provided for an existing builder, runtime, or refitter. Uses of the global logger, returned by nvinfer1::getLogger(), will return the existing value.
[09/09/2026-14:14:49] [TRT] [I] Loaded engine size: 52 MiB
[09/09/2026-14:14:49] [TRT] [I] [MemUsageChange] TensorRT-managed allocation in IExecutionContext creation: CPU +0, GPU +29, now: CPU 1, GPU 117 (MiB)
14:14:49  INFO     [RAMS] YOLOv8-medium ready — TensorRT yolov8m.engine (imgsz=640).
14:14:49  INFO     [RAMS] Controller ready. Policy: safety2
14:14:50  INFO     [RAMS] Tier switch: SMALL → MEDIUM  (R=0.726)
14:14:51  INFO     [RAMS] Tier switch: MEDIUM → NANO  (R=0.735)
14:14:51  INFO     [RAMS] Tier switch: NANO → SMALL  (R=0.735)
14:14:51  INFO     [RAMS] Tier switch: SMALL → MEDIUM  (R=0.703)
14:14:52  INFO     [RAMS] Tier switch: MEDIUM → SMALL  (R=0.680)
14:14:52  INFO     [RAMS] Tier switch: SMALL → MEDIUM  (R=0.715)
14:14:53  INFO     [RAMS] Tier switch: MEDIUM → NANO  (R=0.741)
14:14:53  INFO     [RAMS] Tier switch: NANO → SMALL  (R=0.741)
14:14:53  INFO     [RAMS] Tier switch: SMALL → MEDIUM  (R=0.741)
14:14:54  INFO     [RAMS] Tier switch: MEDIUM → NANO  (R=0.737)
14:14:55  INFO     [RAMS] Tier switch: NANO → MEDIUM  (R=0.699)
14:14:55  INFO     [RAMS] Tier switch: MEDIUM → SMALL  (R=0.759)
14:14:55  INFO     [RAMS] Tier switch: SMALL → MEDIUM  (R=0.714)
14:14:56  INFO     [RAMS] Controller stopped.
    block=1/10 method=safety ...
14:14:56  INFO     [RAMS] Starting resource monitor ...
14:14:56  INFO     [RAMS] Loading model tiers ...
WARNING ⚠️ Unable to automatically guess model task, assuming 'task=detect'. Explicitly define task for your model, i.e. 'task=detect', 'segment', 'classify', 'pose', 'obb' or 'semantic'.
Loading yolov8n.engine for TensorRT inference...
[09/09/2026-14:14:56] [TRT] [I] Loaded engine size: 7 MiB
[09/09/2026-14:14:56] [TRT] [I] [MemUsageChange] TensorRT-managed allocation in IExecutionContext creation: CPU +0, GPU +3, now: CPU 0, GPU 9 (MiB)
14:14:56  INFO     [RAMS] YOLOv8-nano ready — TensorRT yolov8n.engine (imgsz=320).
WARNING ⚠️ Unable to automatically guess model task, assuming 'task=detect'. Explicitly define task for your model, i.e. 'task=detect', 'segment', 'classify', 'pose', 'obb' or 'semantic'.
Loading yolov8s.engine for TensorRT inference...
[09/09/2026-14:14:56] [TRT] [I] The logger passed into createInferRuntime differs from one already provided for an existing builder, runtime, or refitter. Uses of the global logger, returned by nvinfer1::getLogger(), will return the existing value.
[09/09/2026-14:14:56] [TRT] [I] Loaded engine size: 23 MiB
[09/09/2026-14:14:56] [TRT] [I] [MemUsageChange] TensorRT-managed allocation in IExecutionContext creation: CPU +1, GPU +7, now: CPU 1, GPU 38 (MiB)
14:14:56  INFO     [RAMS] YOLOv8-small ready — TensorRT yolov8s.engine (imgsz=416).
WARNING ⚠️ Unable to automatically guess model task, assuming 'task=detect'. Explicitly define task for your model, i.e. 'task=detect', 'segment', 'classify', 'pose', 'obb' or 'semantic'.
Loading yolov8m.engine for TensorRT inference...
[09/09/2026-14:14:56] [TRT] [I] The logger passed into createInferRuntime differs from one already provided for an existing builder, runtime, or refitter. Uses of the global logger, returned by nvinfer1::getLogger(), will return the existing value.
[09/09/2026-14:14:56] [TRT] [I] Loaded engine size: 52 MiB
[09/09/2026-14:14:56] [TRT] [I] [MemUsageChange] TensorRT-managed allocation in IExecutionContext creation: CPU +0, GPU +29, now: CPU 1, GPU 117 (MiB)
14:14:56  INFO     [RAMS] YOLOv8-medium ready — TensorRT yolov8m.engine (imgsz=640).
14:14:56  INFO     [RAMS] Controller ready. Policy: safety
14:15:02  INFO     [RAMS] Controller stopped.
    block=2/10 method=predictive ...
14:15:02  INFO     [RAMS] Starting resource monitor ...
14:15:02  INFO     [RAMS] Loading model tiers ...
WARNING ⚠️ Unable to automatically guess model task, assuming 'task=detect'. Explicitly define task for your model, i.e. 'task=detect', 'segment', 'classify', 'pose', 'obb' or 'semantic'.
Loading yolov8n.engine for TensorRT inference...
[09/09/2026-14:15:02] [TRT] [I] Loaded engine size: 7 MiB
[09/09/2026-14:15:02] [TRT] [I] [MemUsageChange] TensorRT-managed allocation in IExecutionContext creation: CPU +0, GPU +3, now: CPU 0, GPU 9 (MiB)
14:15:02  INFO     [RAMS] YOLOv8-nano ready — TensorRT yolov8n.engine (imgsz=320).
WARNING ⚠️ Unable to automatically guess model task, assuming 'task=detect'. Explicitly define task for your model, i.e. 'task=detect', 'segment', 'classify', 'pose', 'obb' or 'semantic'.
Loading yolov8s.engine for TensorRT inference...
[09/09/2026-14:15:02] [TRT] [I] The logger passed into createInferRuntime differs from one already provided for an existing builder, runtime, or refitter. Uses of the global logger, returned by nvinfer1::getLogger(), will return the existing value.
[09/09/2026-14:15:02] [TRT] [I] Loaded engine size: 23 MiB
[09/09/2026-14:15:02] [TRT] [I] [MemUsageChange] TensorRT-managed allocation in IExecutionContext creation: CPU +1, GPU +7, now: CPU 1, GPU 38 (MiB)
14:15:02  INFO     [RAMS] YOLOv8-small ready — TensorRT yolov8s.engine (imgsz=416).
WARNING ⚠️ Unable to automatically guess model task, assuming 'task=detect'. Explicitly define task for your model, i.e. 'task=detect', 'segment', 'classify', 'pose', 'obb' or 'semantic'.
Loading yolov8m.engine for TensorRT inference...
[09/09/2026-14:15:02] [TRT] [I] The logger passed into createInferRuntime differs from one already provided for an existing builder, runtime, or refitter. Uses of the global logger, returned by nvinfer1::getLogger(), will return the existing value.
[09/09/2026-14:15:02] [TRT] [I] Loaded engine size: 52 MiB
[09/09/2026-14:15:02] [TRT] [I] [MemUsageChange] TensorRT-managed allocation in IExecutionContext creation: CPU +0, GPU +29, now: CPU 1, GPU 117 (MiB)
14:15:02  INFO     [RAMS] YOLOv8-medium ready — TensorRT yolov8m.engine (imgsz=640).
14:15:02  INFO     [RAMS] Controller ready. Policy: predictive
14:15:03  INFO     [RAMS] Tier switch: SMALL → NANO  (R=0.592)
14:15:07  INFO     [RAMS] Controller stopped.
    block=2/10 method=FIXED_NANO ...
14:15:07  INFO     [RAMS] Starting resource monitor ...
14:15:07  INFO     [RAMS] Loading model tiers ...
WARNING ⚠️ Unable to automatically guess model task, assuming 'task=detect'. Explicitly define task for your model, i.e. 'task=detect', 'segment', 'classify', 'pose', 'obb' or 'semantic'.
Loading yolov8n.engine for TensorRT inference...
[09/09/2026-14:15:07] [TRT] [I] Loaded engine size: 7 MiB
[09/09/2026-14:15:07] [TRT] [I] [MemUsageChange] TensorRT-managed allocation in IExecutionContext creation: CPU +0, GPU +3, now: CPU 0, GPU 9 (MiB)
14:15:07  INFO     [RAMS] YOLOv8-nano ready — TensorRT yolov8n.engine (imgsz=320).
WARNING ⚠️ Unable to automatically guess model task, assuming 'task=detect'. Explicitly define task for your model, i.e. 'task=detect', 'segment', 'classify', 'pose', 'obb' or 'semantic'.
Loading yolov8s.engine for TensorRT inference...
[09/09/2026-14:15:07] [TRT] [I] The logger passed into createInferRuntime differs from one already provided for an existing builder, runtime, or refitter. Uses of the global logger, returned by nvinfer1::getLogger(), will return the existing value.
[09/09/2026-14:15:07] [TRT] [I] Loaded engine size: 23 MiB
[09/09/2026-14:15:07] [TRT] [I] [MemUsageChange] TensorRT-managed allocation in IExecutionContext creation: CPU +1, GPU +7, now: CPU 1, GPU 38 (MiB)
14:15:07  INFO     [RAMS] YOLOv8-small ready — TensorRT yolov8s.engine (imgsz=416).
WARNING ⚠️ Unable to automatically guess model task, assuming 'task=detect'. Explicitly define task for your model, i.e. 'task=detect', 'segment', 'classify', 'pose', 'obb' or 'semantic'.
Loading yolov8m.engine for TensorRT inference...
[09/09/2026-14:15:07] [TRT] [I] The logger passed into createInferRuntime differs from one already provided for an existing builder, runtime, or refitter. Uses of the global logger, returned by nvinfer1::getLogger(), will return the existing value.
[09/09/2026-14:15:07] [TRT] [I] Loaded engine size: 52 MiB
[09/09/2026-14:15:07] [TRT] [I] [MemUsageChange] TensorRT-managed allocation in IExecutionContext creation: CPU +0, GPU +29, now: CPU 1, GPU 117 (MiB)
14:15:07  INFO     [RAMS] YOLOv8-medium ready — TensorRT yolov8m.engine (imgsz=640).
14:15:07  INFO     [RAMS] Controller ready. Policy: fixed
14:15:08  INFO     [RAMS] Tier switch: SMALL → NANO  (R=0.595)
14:15:12  INFO     [RAMS] Controller stopped.
    block=2/10 method=safety ...
14:15:12  INFO     [RAMS] Starting resource monitor ...
14:15:12  INFO     [RAMS] Loading model tiers ...
WARNING ⚠️ Unable to automatically guess model task, assuming 'task=detect'. Explicitly define task for your model, i.e. 'task=detect', 'segment', 'classify', 'pose', 'obb' or 'semantic'.
Loading yolov8n.engine for TensorRT inference...
[09/09/2026-14:15:12] [TRT] [I] Loaded engine size: 7 MiB
[09/09/2026-14:15:12] [TRT] [I] [MemUsageChange] TensorRT-managed allocation in IExecutionContext creation: CPU +0, GPU +3, now: CPU 0, GPU 9 (MiB)
14:15:12  INFO     [RAMS] YOLOv8-nano ready — TensorRT yolov8n.engine (imgsz=320).
WARNING ⚠️ Unable to automatically guess model task, assuming 'task=detect'. Explicitly define task for your model, i.e. 'task=detect', 'segment', 'classify', 'pose', 'obb' or 'semantic'.
Loading yolov8s.engine for TensorRT inference...
[09/09/2026-14:15:12] [TRT] [I] The logger passed into createInferRuntime differs from one already provided for an existing builder, runtime, or refitter. Uses of the global logger, returned by nvinfer1::getLogger(), will return the existing value.
[09/09/2026-14:15:12] [TRT] [I] Loaded engine size: 23 MiB
[09/09/2026-14:15:12] [TRT] [I] [MemUsageChange] TensorRT-managed allocation in IExecutionContext creation: CPU +1, GPU +7, now: CPU 1, GPU 38 (MiB)
14:15:12  INFO     [RAMS] YOLOv8-small ready — TensorRT yolov8s.engine (imgsz=416).
WARNING ⚠️ Unable to automatically guess model task, assuming 'task=detect'. Explicitly define task for your model, i.e. 'task=detect', 'segment', 'classify', 'pose', 'obb' or 'semantic'.
Loading yolov8m.engine for TensorRT inference...
[09/09/2026-14:15:12] [TRT] [I] The logger passed into createInferRuntime differs from one already provided for an existing builder, runtime, or refitter. Uses of the global logger, returned by nvinfer1::getLogger(), will return the existing value.
[09/09/2026-14:15:13] [TRT] [I] Loaded engine size: 52 MiB
[09/09/2026-14:15:13] [TRT] [I] [MemUsageChange] TensorRT-managed allocation in IExecutionContext creation: CPU +0, GPU +29, now: CPU 1, GPU 117 (MiB)
14:15:13  INFO     [RAMS] YOLOv8-medium ready — TensorRT yolov8m.engine (imgsz=640).
14:15:13  INFO     [RAMS] Controller ready. Policy: safety
14:15:14  INFO     [RAMS] Tier switch: SMALL → NANO  (R=0.645)
14:15:14  INFO     [RAMS] Tier switch: NANO → SMALL  (R=0.645)
14:15:17  INFO     [RAMS] Tier switch: SMALL → NANO  (R=0.667)
14:15:17  INFO     [RAMS] Tier switch: NANO → SMALL  (R=0.667)
14:15:18  INFO     [RAMS] Controller stopped.
    block=2/10 method=FIXED_MEDIUM ...
14:15:18  INFO     [RAMS] Starting resource monitor ...
14:15:18  INFO     [RAMS] Loading model tiers ...
WARNING ⚠️ Unable to automatically guess model task, assuming 'task=detect'. Explicitly define task for your model, i.e. 'task=detect', 'segment', 'classify', 'pose', 'obb' or 'semantic'.
Loading yolov8n.engine for TensorRT inference...
[09/09/2026-14:15:18] [TRT] [I] Loaded engine size: 7 MiB
[09/09/2026-14:15:18] [TRT] [I] [MemUsageChange] TensorRT-managed allocation in IExecutionContext creation: CPU +0, GPU +3, now: CPU 0, GPU 9 (MiB)
14:15:18  INFO     [RAMS] YOLOv8-nano ready — TensorRT yolov8n.engine (imgsz=320).
WARNING ⚠️ Unable to automatically guess model task, assuming 'task=detect'. Explicitly define task for your model, i.e. 'task=detect', 'segment', 'classify', 'pose', 'obb' or 'semantic'.
Loading yolov8s.engine for TensorRT inference...
[09/09/2026-14:15:18] [TRT] [I] The logger passed into createInferRuntime differs from one already provided for an existing builder, runtime, or refitter. Uses of the global logger, returned by nvinfer1::getLogger(), will return the existing value.
[09/09/2026-14:15:18] [TRT] [I] Loaded engine size: 23 MiB
[09/09/2026-14:15:18] [TRT] [I] [MemUsageChange] TensorRT-managed allocation in IExecutionContext creation: CPU +1, GPU +7, now: CPU 1, GPU 38 (MiB)
14:15:18  INFO     [RAMS] YOLOv8-small ready — TensorRT yolov8s.engine (imgsz=416).
WARNING ⚠️ Unable to automatically guess model task, assuming 'task=detect'. Explicitly define task for your model, i.e. 'task=detect', 'segment', 'classify', 'pose', 'obb' or 'semantic'.
Loading yolov8m.engine for TensorRT inference...
[09/09/2026-14:15:18] [TRT] [I] The logger passed into createInferRuntime differs from one already provided for an existing builder, runtime, or refitter. Uses of the global logger, returned by nvinfer1::getLogger(), will return the existing value.
[09/09/2026-14:15:18] [TRT] [I] Loaded engine size: 52 MiB
[09/09/2026-14:15:18] [TRT] [I] [MemUsageChange] TensorRT-managed allocation in IExecutionContext creation: CPU +0, GPU +29, now: CPU 1, GPU 117 (MiB)
14:15:18  INFO     [RAMS] YOLOv8-medium ready — TensorRT yolov8m.engine (imgsz=640).
14:15:18  INFO     [RAMS] Controller ready. Policy: fixed
14:15:19  INFO     [RAMS] Tier switch: SMALL → MEDIUM  (R=0.633)
14:15:25  INFO     [RAMS] Controller stopped.
    block=2/10 method=adaptive ...
14:15:25  INFO     [RAMS] Starting resource monitor ...
14:15:25  INFO     [RAMS] Loading model tiers ...
WARNING ⚠️ Unable to automatically guess model task, assuming 'task=detect'. Explicitly define task for your model, i.e. 'task=detect', 'segment', 'classify', 'pose', 'obb' or 'semantic'.
Loading yolov8n.engine for TensorRT inference...
[09/09/2026-14:15:25] [TRT] [I] Loaded engine size: 7 MiB
[09/09/2026-14:15:25] [TRT] [I] [MemUsageChange] TensorRT-managed allocation in IExecutionContext creation: CPU +0, GPU +3, now: CPU 0, GPU 9 (MiB)
14:15:25  INFO     [RAMS] YOLOv8-nano ready — TensorRT yolov8n.engine (imgsz=320).
WARNING ⚠️ Unable to automatically guess model task, assuming 'task=detect'. Explicitly define task for your model, i.e. 'task=detect', 'segment', 'classify', 'pose', 'obb' or 'semantic'.
Loading yolov8s.engine for TensorRT inference...
[09/09/2026-14:15:25] [TRT] [I] The logger passed into createInferRuntime differs from one already provided for an existing builder, runtime, or refitter. Uses of the global logger, returned by nvinfer1::getLogger(), will return the existing value.
[09/09/2026-14:15:25] [TRT] [I] Loaded engine size: 23 MiB
[09/09/2026-14:15:25] [TRT] [I] [MemUsageChange] TensorRT-managed allocation in IExecutionContext creation: CPU +1, GPU +7, now: CPU 1, GPU 38 (MiB)
14:15:25  INFO     [RAMS] YOLOv8-small ready — TensorRT yolov8s.engine (imgsz=416).
WARNING ⚠️ Unable to automatically guess model task, assuming 'task=detect'. Explicitly define task for your model, i.e. 'task=detect', 'segment', 'classify', 'pose', 'obb' or 'semantic'.
Loading yolov8m.engine for TensorRT inference...
[09/09/2026-14:15:25] [TRT] [I] The logger passed into createInferRuntime differs from one already provided for an existing builder, runtime, or refitter. Uses of the global logger, returned by nvinfer1::getLogger(), will return the existing value.
[09/09/2026-14:15:25] [TRT] [I] Loaded engine size: 52 MiB
[09/09/2026-14:15:25] [TRT] [I] [MemUsageChange] TensorRT-managed allocation in IExecutionContext creation: CPU +0, GPU +29, now: CPU 1, GPU 117 (MiB)
14:15:26  INFO     [RAMS] YOLOv8-medium ready — TensorRT yolov8m.engine (imgsz=640).
14:15:26  INFO     [RAMS] Controller ready. Policy: adaptive
14:15:27  INFO     [RAMS] Tier switch: SMALL → NANO  (R=0.594)
14:15:30  INFO     [RAMS] Controller stopped.
    block=2/10 method=threshold ...
14:15:30  INFO     [RAMS] Starting resource monitor ...
14:15:30  INFO     [RAMS] Loading model tiers ...
WARNING ⚠️ Unable to automatically guess model task, assuming 'task=detect'. Explicitly define task for your model, i.e. 'task=detect', 'segment', 'classify', 'pose', 'obb' or 'semantic'.
Loading yolov8n.engine for TensorRT inference...
[09/09/2026-14:15:31] [TRT] [I] Loaded engine size: 7 MiB
[09/09/2026-14:15:31] [TRT] [I] [MemUsageChange] TensorRT-managed allocation in IExecutionContext creation: CPU +0, GPU +3, now: CPU 0, GPU 9 (MiB)
14:15:31  INFO     [RAMS] YOLOv8-nano ready — TensorRT yolov8n.engine (imgsz=320).
WARNING ⚠️ Unable to automatically guess model task, assuming 'task=detect'. Explicitly define task for your model, i.e. 'task=detect', 'segment', 'classify', 'pose', 'obb' or 'semantic'.
Loading yolov8s.engine for TensorRT inference...
[09/09/2026-14:15:31] [TRT] [I] The logger passed into createInferRuntime differs from one already provided for an existing builder, runtime, or refitter. Uses of the global logger, returned by nvinfer1::getLogger(), will return the existing value.
[09/09/2026-14:15:31] [TRT] [I] Loaded engine size: 23 MiB
[09/09/2026-14:15:31] [TRT] [I] [MemUsageChange] TensorRT-managed allocation in IExecutionContext creation: CPU +1, GPU +7, now: CPU 1, GPU 38 (MiB)
14:15:31  INFO     [RAMS] YOLOv8-small ready — TensorRT yolov8s.engine (imgsz=416).
WARNING ⚠️ Unable to automatically guess model task, assuming 'task=detect'. Explicitly define task for your model, i.e. 'task=detect', 'segment', 'classify', 'pose', 'obb' or 'semantic'.
Loading yolov8m.engine for TensorRT inference...
[09/09/2026-14:15:31] [TRT] [I] The logger passed into createInferRuntime differs from one already provided for an existing builder, runtime, or refitter. Uses of the global logger, returned by nvinfer1::getLogger(), will return the existing value.
[09/09/2026-14:15:31] [TRT] [I] Loaded engine size: 52 MiB
[09/09/2026-14:15:31] [TRT] [I] [MemUsageChange] TensorRT-managed allocation in IExecutionContext creation: CPU +0, GPU +29, now: CPU 1, GPU 117 (MiB)
14:15:31  INFO     [RAMS] YOLOv8-medium ready — TensorRT yolov8m.engine (imgsz=640).
14:15:31  INFO     [RAMS] Controller ready. Policy: threshold
14:15:32  INFO     [RAMS] Tier switch: SMALL → NANO  (R=0.599)
14:15:36  INFO     [RAMS] Controller stopped.
    block=2/10 method=safety2 ...
14:15:36  INFO     [RAMS] Starting resource monitor ...
14:15:36  INFO     [RAMS] Loading model tiers ...
WARNING ⚠️ Unable to automatically guess model task, assuming 'task=detect'. Explicitly define task for your model, i.e. 'task=detect', 'segment', 'classify', 'pose', 'obb' or 'semantic'.
Loading yolov8n.engine for TensorRT inference...
[09/09/2026-14:15:36] [TRT] [I] Loaded engine size: 7 MiB
[09/09/2026-14:15:36] [TRT] [I] [MemUsageChange] TensorRT-managed allocation in IExecutionContext creation: CPU +0, GPU +3, now: CPU 0, GPU 9 (MiB)
14:15:36  INFO     [RAMS] YOLOv8-nano ready — TensorRT yolov8n.engine (imgsz=320).
WARNING ⚠️ Unable to automatically guess model task, assuming 'task=detect'. Explicitly define task for your model, i.e. 'task=detect', 'segment', 'classify', 'pose', 'obb' or 'semantic'.
Loading yolov8s.engine for TensorRT inference...
[09/09/2026-14:15:36] [TRT] [I] The logger passed into createInferRuntime differs from one already provided for an existing builder, runtime, or refitter. Uses of the global logger, returned by nvinfer1::getLogger(), will return the existing value.
[09/09/2026-14:15:36] [TRT] [I] Loaded engine size: 23 MiB
[09/09/2026-14:15:36] [TRT] [I] [MemUsageChange] TensorRT-managed allocation in IExecutionContext creation: CPU +1, GPU +7, now: CPU 1, GPU 38 (MiB)
14:15:36  INFO     [RAMS] YOLOv8-small ready — TensorRT yolov8s.engine (imgsz=416).
WARNING ⚠️ Unable to automatically guess model task, assuming 'task=detect'. Explicitly define task for your model, i.e. 'task=detect', 'segment', 'classify', 'pose', 'obb' or 'semantic'.
Loading yolov8m.engine for TensorRT inference...
[09/09/2026-14:15:36] [TRT] [I] The logger passed into createInferRuntime differs from one already provided for an existing builder, runtime, or refitter. Uses of the global logger, returned by nvinfer1::getLogger(), will return the existing value.
[09/09/2026-14:15:36] [TRT] [I] Loaded engine size: 52 MiB
[09/09/2026-14:15:36] [TRT] [I] [MemUsageChange] TensorRT-managed allocation in IExecutionContext creation: CPU +0, GPU +29, now: CPU 1, GPU 117 (MiB)
14:15:36  INFO     [RAMS] YOLOv8-medium ready — TensorRT yolov8m.engine (imgsz=640).
14:15:36  INFO     [RAMS] Controller ready. Policy: safety2
14:15:37  INFO     [RAMS] Tier switch: SMALL → NANO  (R=0.654)
14:15:37  INFO     [RAMS] Tier switch: NANO → SMALL  (R=0.654)
14:15:37  INFO     [RAMS] Tier switch: SMALL → MEDIUM  (R=0.716)
14:15:38  INFO     [RAMS] Tier switch: MEDIUM → NANO  (R=0.689)
14:15:38  INFO     [RAMS] Tier switch: NANO → SMALL  (R=0.680)
14:15:38  INFO     [RAMS] Tier switch: SMALL → MEDIUM  (R=0.687)
14:15:39  INFO     [RAMS] Tier switch: MEDIUM → NANO  (R=0.713)
14:15:39  INFO     [RAMS] Tier switch: NANO → MEDIUM  (R=0.677)
14:15:40  INFO     [RAMS] Tier switch: MEDIUM → NANO  (R=0.708)
14:15:40  INFO     [RAMS] Tier switch: NANO → SMALL  (R=0.660)
14:15:41  INFO     [RAMS] Tier switch: SMALL → MEDIUM  (R=0.676)
14:15:41  INFO     [RAMS] Tier switch: MEDIUM → NANO  (R=0.719)
14:15:41  INFO     [RAMS] Tier switch: NANO → SMALL  (R=0.716)
14:15:41  INFO     [RAMS] Tier switch: SMALL → MEDIUM  (R=0.673)
14:15:42  INFO     [RAMS] Tier switch: MEDIUM → NANO  (R=0.640)
14:15:42  INFO     [RAMS] Tier switch: NANO → SMALL  (R=0.710)
14:15:42  INFO     [RAMS] Tier switch: SMALL → MEDIUM  (R=0.676)
14:15:43  INFO     [RAMS] Controller stopped.
    block=2/10 method=FIXED_SMALL ...
14:15:43  INFO     [RAMS] Starting resource monitor ...
14:15:43  INFO     [RAMS] Loading model tiers ...
WARNING ⚠️ Unable to automatically guess model task, assuming 'task=detect'. Explicitly define task for your model, i.e. 'task=detect', 'segment', 'classify', 'pose', 'obb' or 'semantic'.
Loading yolov8n.engine for TensorRT inference...
[09/09/2026-14:15:43] [TRT] [I] Loaded engine size: 7 MiB
[09/09/2026-14:15:43] [TRT] [I] [MemUsageChange] TensorRT-managed allocation in IExecutionContext creation: CPU +0, GPU +3, now: CPU 0, GPU 9 (MiB)
14:15:43  INFO     [RAMS] YOLOv8-nano ready — TensorRT yolov8n.engine (imgsz=320).
WARNING ⚠️ Unable to automatically guess model task, assuming 'task=detect'. Explicitly define task for your model, i.e. 'task=detect', 'segment', 'classify', 'pose', 'obb' or 'semantic'.
Loading yolov8s.engine for TensorRT inference...
[09/09/2026-14:15:43] [TRT] [I] The logger passed into createInferRuntime differs from one already provided for an existing builder, runtime, or refitter. Uses of the global logger, returned by nvinfer1::getLogger(), will return the existing value.
[09/09/2026-14:15:43] [TRT] [I] Loaded engine size: 23 MiB
[09/09/2026-14:15:43] [TRT] [I] [MemUsageChange] TensorRT-managed allocation in IExecutionContext creation: CPU +1, GPU +7, now: CPU 1, GPU 38 (MiB)
14:15:43  INFO     [RAMS] YOLOv8-small ready — TensorRT yolov8s.engine (imgsz=416).
WARNING ⚠️ Unable to automatically guess model task, assuming 'task=detect'. Explicitly define task for your model, i.e. 'task=detect', 'segment', 'classify', 'pose', 'obb' or 'semantic'.
Loading yolov8m.engine for TensorRT inference...
[09/09/2026-14:15:43] [TRT] [I] The logger passed into createInferRuntime differs from one already provided for an existing builder, runtime, or refitter. Uses of the global logger, returned by nvinfer1::getLogger(), will return the existing value.
[09/09/2026-14:15:43] [TRT] [I] Loaded engine size: 52 MiB
[09/09/2026-14:15:43] [TRT] [I] [MemUsageChange] TensorRT-managed allocation in IExecutionContext creation: CPU +0, GPU +29, now: CPU 1, GPU 117 (MiB)
14:15:43  INFO     [RAMS] YOLOv8-medium ready — TensorRT yolov8m.engine (imgsz=640).
14:15:43  INFO     [RAMS] Controller ready. Policy: fixed
14:15:48  INFO     [RAMS] Controller stopped.
    block=3/10 method=threshold ...
14:15:48  INFO     [RAMS] Starting resource monitor ...
14:15:48  INFO     [RAMS] Loading model tiers ...
WARNING ⚠️ Unable to automatically guess model task, assuming 'task=detect'. Explicitly define task for your model, i.e. 'task=detect', 'segment', 'classify', 'pose', 'obb' or 'semantic'.
Loading yolov8n.engine for TensorRT inference...
[09/09/2026-14:15:48] [TRT] [I] Loaded engine size: 7 MiB
[09/09/2026-14:15:48] [TRT] [I] [MemUsageChange] TensorRT-managed allocation in IExecutionContext creation: CPU +0, GPU +3, now: CPU 0, GPU 9 (MiB)
14:15:48  INFO     [RAMS] YOLOv8-nano ready — TensorRT yolov8n.engine (imgsz=320).
WARNING ⚠️ Unable to automatically guess model task, assuming 'task=detect'. Explicitly define task for your model, i.e. 'task=detect', 'segment', 'classify', 'pose', 'obb' or 'semantic'.
Loading yolov8s.engine for TensorRT inference...
[09/09/2026-14:15:48] [TRT] [I] The logger passed into createInferRuntime differs from one already provided for an existing builder, runtime, or refitter. Uses of the global logger, returned by nvinfer1::getLogger(), will return the existing value.
[09/09/2026-14:15:48] [TRT] [I] Loaded engine size: 23 MiB
[09/09/2026-14:15:48] [TRT] [I] [MemUsageChange] TensorRT-managed allocation in IExecutionContext creation: CPU +1, GPU +7, now: CPU 1, GPU 38 (MiB)
14:15:48  INFO     [RAMS] YOLOv8-small ready — TensorRT yolov8s.engine (imgsz=416).
WARNING ⚠️ Unable to automatically guess model task, assuming 'task=detect'. Explicitly define task for your model, i.e. 'task=detect', 'segment', 'classify', 'pose', 'obb' or 'semantic'.
Loading yolov8m.engine for TensorRT inference...
[09/09/2026-14:15:48] [TRT] [I] The logger passed into createInferRuntime differs from one already provided for an existing builder, runtime, or refitter. Uses of the global logger, returned by nvinfer1::getLogger(), will return the existing value.
[09/09/2026-14:15:48] [TRT] [I] Loaded engine size: 52 MiB
[09/09/2026-14:15:48] [TRT] [I] [MemUsageChange] TensorRT-managed allocation in IExecutionContext creation: CPU +0, GPU +29, now: CPU 1, GPU 117 (MiB)
14:15:48  INFO     [RAMS] YOLOv8-medium ready — TensorRT yolov8m.engine (imgsz=640).
14:15:48  INFO     [RAMS] Controller ready. Policy: threshold
14:15:50  INFO     [RAMS] Tier switch: SMALL → NANO  (R=0.652)
14:15:53  INFO     [RAMS] Controller stopped.
    block=3/10 method=safety2 ...
14:15:53  INFO     [RAMS] Starting resource monitor ...
14:15:53  INFO     [RAMS] Loading model tiers ...
WARNING ⚠️ Unable to automatically guess model task, assuming 'task=detect'. Explicitly define task for your model, i.e. 'task=detect', 'segment', 'classify', 'pose', 'obb' or 'semantic'.
Loading yolov8n.engine for TensorRT inference...
[09/09/2026-14:15:53] [TRT] [I] Loaded engine size: 7 MiB
[09/09/2026-14:15:53] [TRT] [I] [MemUsageChange] TensorRT-managed allocation in IExecutionContext creation: CPU +0, GPU +3, now: CPU 0, GPU 9 (MiB)
14:15:53  INFO     [RAMS] YOLOv8-nano ready — TensorRT yolov8n.engine (imgsz=320).
WARNING ⚠️ Unable to automatically guess model task, assuming 'task=detect'. Explicitly define task for your model, i.e. 'task=detect', 'segment', 'classify', 'pose', 'obb' or 'semantic'.
Loading yolov8s.engine for TensorRT inference...
[09/09/2026-14:15:53] [TRT] [I] The logger passed into createInferRuntime differs from one already provided for an existing builder, runtime, or refitter. Uses of the global logger, returned by nvinfer1::getLogger(), will return the existing value.
[09/09/2026-14:15:54] [TRT] [I] Loaded engine size: 23 MiB
[09/09/2026-14:15:54] [TRT] [I] [MemUsageChange] TensorRT-managed allocation in IExecutionContext creation: CPU +1, GPU +7, now: CPU 1, GPU 38 (MiB)
14:15:54  INFO     [RAMS] YOLOv8-small ready — TensorRT yolov8s.engine (imgsz=416).
WARNING ⚠️ Unable to automatically guess model task, assuming 'task=detect'. Explicitly define task for your model, i.e. 'task=detect', 'segment', 'classify', 'pose', 'obb' or 'semantic'.
Loading yolov8m.engine for TensorRT inference...
[09/09/2026-14:15:54] [TRT] [I] The logger passed into createInferRuntime differs from one already provided for an existing builder, runtime, or refitter. Uses of the global logger, returned by nvinfer1::getLogger(), will return the existing value.
[09/09/2026-14:15:54] [TRT] [I] Loaded engine size: 52 MiB
[09/09/2026-14:15:54] [TRT] [I] [MemUsageChange] TensorRT-managed allocation in IExecutionContext creation: CPU +0, GPU +29, now: CPU 1, GPU 117 (MiB)
14:15:54  INFO     [RAMS] YOLOv8-medium ready — TensorRT yolov8m.engine (imgsz=640).
14:15:54  INFO     [RAMS] Controller ready. Policy: safety2
14:15:55  INFO     [RAMS] Tier switch: SMALL → NANO  (R=0.676)
14:15:55  INFO     [RAMS] Tier switch: NANO → MEDIUM  (R=0.668)
14:15:58  INFO     [RAMS] Tier switch: MEDIUM → NANO  (R=0.774)
14:15:59  INFO     [RAMS] Tier switch: NANO → MEDIUM  (R=0.711)
14:16:00  INFO     [RAMS] Tier switch: MEDIUM → NANO  (R=0.771)
14:16:00  INFO     [RAMS] Tier switch: NANO → SMALL  (R=0.771)
14:16:00  INFO     [RAMS] Tier switch: SMALL → MEDIUM  (R=0.696)
14:16:01  INFO     [RAMS] Controller stopped.
    block=3/10 method=FIXED_NANO ...
14:16:01  INFO     [RAMS] Starting resource monitor ...
14:16:01  INFO     [RAMS] Loading model tiers ...
WARNING ⚠️ Unable to automatically guess model task, assuming 'task=detect'. Explicitly define task for your model, i.e. 'task=detect', 'segment', 'classify', 'pose', 'obb' or 'semantic'.
Loading yolov8n.engine for TensorRT inference...
[09/09/2026-14:16:01] [TRT] [I] Loaded engine size: 7 MiB
[09/09/2026-14:16:01] [TRT] [I] [MemUsageChange] TensorRT-managed allocation in IExecutionContext creation: CPU +0, GPU +3, now: CPU 0, GPU 9 (MiB)
14:16:01  INFO     [RAMS] YOLOv8-nano ready — TensorRT yolov8n.engine (imgsz=320).
WARNING ⚠️ Unable to automatically guess model task, assuming 'task=detect'. Explicitly define task for your model, i.e. 'task=detect', 'segment', 'classify', 'pose', 'obb' or 'semantic'.
Loading yolov8s.engine for TensorRT inference...
[09/09/2026-14:16:01] [TRT] [I] The logger passed into createInferRuntime differs from one already provided for an existing builder, runtime, or refitter. Uses of the global logger, returned by nvinfer1::getLogger(), will return the existing value.
[09/09/2026-14:16:01] [TRT] [I] Loaded engine size: 23 MiB
[09/09/2026-14:16:01] [TRT] [I] [MemUsageChange] TensorRT-managed allocation in IExecutionContext creation: CPU +1, GPU +7, now: CPU 1, GPU 38 (MiB)
14:16:01  INFO     [RAMS] YOLOv8-small ready — TensorRT yolov8s.engine (imgsz=416).
WARNING ⚠️ Unable to automatically guess model task, assuming 'task=detect'. Explicitly define task for your model, i.e. 'task=detect', 'segment', 'classify', 'pose', 'obb' or 'semantic'.
Loading yolov8m.engine for TensorRT inference...
[09/09/2026-14:16:01] [TRT] [I] The logger passed into createInferRuntime differs from one already provided for an existing builder, runtime, or refitter. Uses of the global logger, returned by nvinfer1::getLogger(), will return the existing value.
[09/09/2026-14:16:01] [TRT] [I] Loaded engine size: 52 MiB
[09/09/2026-14:16:01] [TRT] [I] [MemUsageChange] TensorRT-managed allocation in IExecutionContext creation: CPU +0, GPU +29, now: CPU 1, GPU 117 (MiB)
14:16:01  INFO     [RAMS] YOLOv8-medium ready — TensorRT yolov8m.engine (imgsz=640).
14:16:01  INFO     [RAMS] Controller ready. Policy: fixed
14:16:02  INFO     [RAMS] Tier switch: SMALL → NANO  (R=0.591)
14:16:06  INFO     [RAMS] Controller stopped.
    block=3/10 method=FIXED_SMALL ...
14:16:06  INFO     [RAMS] Starting resource monitor ...
14:16:06  INFO     [RAMS] Loading model tiers ...
WARNING ⚠️ Unable to automatically guess model task, assuming 'task=detect'. Explicitly define task for your model, i.e. 'task=detect', 'segment', 'classify', 'pose', 'obb' or 'semantic'.
Loading yolov8n.engine for TensorRT inference...
[09/09/2026-14:16:06] [TRT] [I] Loaded engine size: 7 MiB
[09/09/2026-14:16:06] [TRT] [I] [MemUsageChange] TensorRT-managed allocation in IExecutionContext creation: CPU +0, GPU +3, now: CPU 0, GPU 9 (MiB)
14:16:06  INFO     [RAMS] YOLOv8-nano ready — TensorRT yolov8n.engine (imgsz=320).
WARNING ⚠️ Unable to automatically guess model task, assuming 'task=detect'. Explicitly define task for your model, i.e. 'task=detect', 'segment', 'classify', 'pose', 'obb' or 'semantic'.
Loading yolov8s.engine for TensorRT inference...
[09/09/2026-14:16:06] [TRT] [I] The logger passed into createInferRuntime differs from one already provided for an existing builder, runtime, or refitter. Uses of the global logger, returned by nvinfer1::getLogger(), will return the existing value.
[09/09/2026-14:16:06] [TRT] [I] Loaded engine size: 23 MiB
[09/09/2026-14:16:06] [TRT] [I] [MemUsageChange] TensorRT-managed allocation in IExecutionContext creation: CPU +1, GPU +7, now: CPU 1, GPU 38 (MiB)
14:16:06  INFO     [RAMS] YOLOv8-small ready — TensorRT yolov8s.engine (imgsz=416).
WARNING ⚠️ Unable to automatically guess model task, assuming 'task=detect'. Explicitly define task for your model, i.e. 'task=detect', 'segment', 'classify', 'pose', 'obb' or 'semantic'.
Loading yolov8m.engine for TensorRT inference...
[09/09/2026-14:16:06] [TRT] [I] The logger passed into createInferRuntime differs from one already provided for an existing builder, runtime, or refitter. Uses of the global logger, returned by nvinfer1::getLogger(), will return the existing value.
[09/09/2026-14:16:07] [TRT] [I] Loaded engine size: 52 MiB
[09/09/2026-14:16:07] [TRT] [I] [MemUsageChange] TensorRT-managed allocation in IExecutionContext creation: CPU +0, GPU +29, now: CPU 1, GPU 117 (MiB)
14:16:07  INFO     [RAMS] YOLOv8-medium ready — TensorRT yolov8m.engine (imgsz=640).
14:16:07  INFO     [RAMS] Controller ready. Policy: fixed
14:16:12  INFO     [RAMS] Controller stopped.
    block=3/10 method=predictive ...
14:16:12  INFO     [RAMS] Starting resource monitor ...
14:16:12  INFO     [RAMS] Loading model tiers ...
WARNING ⚠️ Unable to automatically guess model task, assuming 'task=detect'. Explicitly define task for your model, i.e. 'task=detect', 'segment', 'classify', 'pose', 'obb' or 'semantic'.
Loading yolov8n.engine for TensorRT inference...
[09/09/2026-14:16:12] [TRT] [I] Loaded engine size: 7 MiB
[09/09/2026-14:16:12] [TRT] [I] [MemUsageChange] TensorRT-managed allocation in IExecutionContext creation: CPU +0, GPU +3, now: CPU 0, GPU 9 (MiB)
14:16:12  INFO     [RAMS] YOLOv8-nano ready — TensorRT yolov8n.engine (imgsz=320).
WARNING ⚠️ Unable to automatically guess model task, assuming 'task=detect'. Explicitly define task for your model, i.e. 'task=detect', 'segment', 'classify', 'pose', 'obb' or 'semantic'.
Loading yolov8s.engine for TensorRT inference...
[09/09/2026-14:16:12] [TRT] [I] The logger passed into createInferRuntime differs from one already provided for an existing builder, runtime, or refitter. Uses of the global logger, returned by nvinfer1::getLogger(), will return the existing value.
[09/09/2026-14:16:12] [TRT] [I] Loaded engine size: 23 MiB
[09/09/2026-14:16:12] [TRT] [I] [MemUsageChange] TensorRT-managed allocation in IExecutionContext creation: CPU +1, GPU +7, now: CPU 1, GPU 38 (MiB)
14:16:12  INFO     [RAMS] YOLOv8-small ready — TensorRT yolov8s.engine (imgsz=416).
WARNING ⚠️ Unable to automatically guess model task, assuming 'task=detect'. Explicitly define task for your model, i.e. 'task=detect', 'segment', 'classify', 'pose', 'obb' or 'semantic'.
Loading yolov8m.engine for TensorRT inference...
[09/09/2026-14:16:12] [TRT] [I] The logger passed into createInferRuntime differs from one already provided for an existing builder, runtime, or refitter. Uses of the global logger, returned by nvinfer1::getLogger(), will return the existing value.
[09/09/2026-14:16:12] [TRT] [I] Loaded engine size: 52 MiB
[09/09/2026-14:16:12] [TRT] [I] [MemUsageChange] TensorRT-managed allocation in IExecutionContext creation: CPU +0, GPU +29, now: CPU 1, GPU 117 (MiB)
14:16:12  INFO     [RAMS] YOLOv8-medium ready — TensorRT yolov8m.engine (imgsz=640).
14:16:12  INFO     [RAMS] Controller ready. Policy: predictive
14:16:13  INFO     [RAMS] Tier switch: SMALL → NANO  (R=0.591)
14:16:17  INFO     [RAMS] Controller stopped.
    block=3/10 method=adaptive ...
14:16:17  INFO     [RAMS] Starting resource monitor ...
14:16:17  INFO     [RAMS] Loading model tiers ...
WARNING ⚠️ Unable to automatically guess model task, assuming 'task=detect'. Explicitly define task for your model, i.e. 'task=detect', 'segment', 'classify', 'pose', 'obb' or 'semantic'.
Loading yolov8n.engine for TensorRT inference...
[09/09/2026-14:16:17] [TRT] [I] Loaded engine size: 7 MiB
[09/09/2026-14:16:17] [TRT] [I] [MemUsageChange] TensorRT-managed allocation in IExecutionContext creation: CPU +0, GPU +3, now: CPU 0, GPU 9 (MiB)
14:16:17  INFO     [RAMS] YOLOv8-nano ready — TensorRT yolov8n.engine (imgsz=320).
WARNING ⚠️ Unable to automatically guess model task, assuming 'task=detect'. Explicitly define task for your model, i.e. 'task=detect', 'segment', 'classify', 'pose', 'obb' or 'semantic'.
Loading yolov8s.engine for TensorRT inference...
[09/09/2026-14:16:17] [TRT] [I] The logger passed into createInferRuntime differs from one already provided for an existing builder, runtime, or refitter. Uses of the global logger, returned by nvinfer1::getLogger(), will return the existing value.
[09/09/2026-14:16:17] [TRT] [I] Loaded engine size: 23 MiB
[09/09/2026-14:16:17] [TRT] [I] [MemUsageChange] TensorRT-managed allocation in IExecutionContext creation: CPU +1, GPU +7, now: CPU 1, GPU 38 (MiB)
14:16:17  INFO     [RAMS] YOLOv8-small ready — TensorRT yolov8s.engine (imgsz=416).
WARNING ⚠️ Unable to automatically guess model task, assuming 'task=detect'. Explicitly define task for your model, i.e. 'task=detect', 'segment', 'classify', 'pose', 'obb' or 'semantic'.
Loading yolov8m.engine for TensorRT inference...
[09/09/2026-14:16:17] [TRT] [I] The logger passed into createInferRuntime differs from one already provided for an existing builder, runtime, or refitter. Uses of the global logger, returned by nvinfer1::getLogger(), will return the existing value.
[09/09/2026-14:16:17] [TRT] [I] Loaded engine size: 52 MiB
[09/09/2026-14:16:18] [TRT] [I] [MemUsageChange] TensorRT-managed allocation in IExecutionContext creation: CPU +0, GPU +29, now: CPU 1, GPU 117 (MiB)
14:16:18  INFO     [RAMS] YOLOv8-medium ready — TensorRT yolov8m.engine (imgsz=640).
14:16:18  INFO     [RAMS] Controller ready. Policy: adaptive
14:16:19  INFO     [RAMS] Tier switch: SMALL → NANO  (R=0.668)
14:16:23  INFO     [RAMS] Controller stopped.
    block=3/10 method=FIXED_MEDIUM ...
14:16:23  INFO     [RAMS] Starting resource monitor ...
14:16:23  INFO     [RAMS] Loading model tiers ...
WARNING ⚠️ Unable to automatically guess model task, assuming 'task=detect'. Explicitly define task for your model, i.e. 'task=detect', 'segment', 'classify', 'pose', 'obb' or 'semantic'.
Loading yolov8n.engine for TensorRT inference...
[09/09/2026-14:16:23] [TRT] [I] Loaded engine size: 7 MiB
[09/09/2026-14:16:23] [TRT] [I] [MemUsageChange] TensorRT-managed allocation in IExecutionContext creation: CPU +0, GPU +3, now: CPU 0, GPU 9 (MiB)
14:16:23  INFO     [RAMS] YOLOv8-nano ready — TensorRT yolov8n.engine (imgsz=320).
WARNING ⚠️ Unable to automatically guess model task, assuming 'task=detect'. Explicitly define task for your model, i.e. 'task=detect', 'segment', 'classify', 'pose', 'obb' or 'semantic'.
Loading yolov8s.engine for TensorRT inference...
[09/09/2026-14:16:23] [TRT] [I] The logger passed into createInferRuntime differs from one already provided for an existing builder, runtime, or refitter. Uses of the global logger, returned by nvinfer1::getLogger(), will return the existing value.
[09/09/2026-14:16:23] [TRT] [I] Loaded engine size: 23 MiB
[09/09/2026-14:16:23] [TRT] [I] [MemUsageChange] TensorRT-managed allocation in IExecutionContext creation: CPU +1, GPU +7, now: CPU 1, GPU 38 (MiB)
14:16:23  INFO     [RAMS] YOLOv8-small ready — TensorRT yolov8s.engine (imgsz=416).
WARNING ⚠️ Unable to automatically guess model task, assuming 'task=detect'. Explicitly define task for your model, i.e. 'task=detect', 'segment', 'classify', 'pose', 'obb' or 'semantic'.
Loading yolov8m.engine for TensorRT inference...
[09/09/2026-14:16:23] [TRT] [I] The logger passed into createInferRuntime differs from one already provided for an existing builder, runtime, or refitter. Uses of the global logger, returned by nvinfer1::getLogger(), will return the existing value.
[09/09/2026-14:16:23] [TRT] [I] Loaded engine size: 52 MiB
[09/09/2026-14:16:23] [TRT] [I] [MemUsageChange] TensorRT-managed allocation in IExecutionContext creation: CPU +0, GPU +29, now: CPU 1, GPU 117 (MiB)
14:16:23  INFO     [RAMS] YOLOv8-medium ready — TensorRT yolov8m.engine (imgsz=640).
14:16:23  INFO     [RAMS] Controller ready. Policy: fixed
14:16:24  INFO     [RAMS] Tier switch: SMALL → MEDIUM  (R=0.589)
14:16:30  INFO     [RAMS] Controller stopped.
    block=3/10 method=safety ...
14:16:30  INFO     [RAMS] Starting resource monitor ...
14:16:30  INFO     [RAMS] Loading model tiers ...
WARNING ⚠️ Unable to automatically guess model task, assuming 'task=detect'. Explicitly define task for your model, i.e. 'task=detect', 'segment', 'classify', 'pose', 'obb' or 'semantic'.
Loading yolov8n.engine for TensorRT inference...
[09/09/2026-14:16:30] [TRT] [I] Loaded engine size: 7 MiB
[09/09/2026-14:16:30] [TRT] [I] [MemUsageChange] TensorRT-managed allocation in IExecutionContext creation: CPU +0, GPU +3, now: CPU 0, GPU 9 (MiB)
14:16:30  INFO     [RAMS] YOLOv8-nano ready — TensorRT yolov8n.engine (imgsz=320).
WARNING ⚠️ Unable to automatically guess model task, assuming 'task=detect'. Explicitly define task for your model, i.e. 'task=detect', 'segment', 'classify', 'pose', 'obb' or 'semantic'.
Loading yolov8s.engine for TensorRT inference...
[09/09/2026-14:16:30] [TRT] [I] The logger passed into createInferRuntime differs from one already provided for an existing builder, runtime, or refitter. Uses of the global logger, returned by nvinfer1::getLogger(), will return the existing value.
[09/09/2026-14:16:30] [TRT] [I] Loaded engine size: 23 MiB
[09/09/2026-14:16:30] [TRT] [I] [MemUsageChange] TensorRT-managed allocation in IExecutionContext creation: CPU +1, GPU +7, now: CPU 1, GPU 38 (MiB)
14:16:30  INFO     [RAMS] YOLOv8-small ready — TensorRT yolov8s.engine (imgsz=416).
WARNING ⚠️ Unable to automatically guess model task, assuming 'task=detect'. Explicitly define task for your model, i.e. 'task=detect', 'segment', 'classify', 'pose', 'obb' or 'semantic'.
Loading yolov8m.engine for TensorRT inference...
[09/09/2026-14:16:30] [TRT] [I] The logger passed into createInferRuntime differs from one already provided for an existing builder, runtime, or refitter. Uses of the global logger, returned by nvinfer1::getLogger(), will return the existing value.
[09/09/2026-14:16:30] [TRT] [I] Loaded engine size: 52 MiB
[09/09/2026-14:16:30] [TRT] [I] [MemUsageChange] TensorRT-managed allocation in IExecutionContext creation: CPU +0, GPU +29, now: CPU 1, GPU 117 (MiB)
14:16:30  INFO     [RAMS] YOLOv8-medium ready — TensorRT yolov8m.engine (imgsz=640).
14:16:30  INFO     [RAMS] Controller ready. Policy: safety
14:16:31  INFO     [RAMS] Tier switch: SMALL → NANO  (R=0.595)
14:16:31  INFO     [RAMS] Tier switch: NANO → SMALL  (R=0.595)
14:16:36  INFO     [RAMS] Controller stopped.
    block=4/10 method=predictive ...
14:16:36  INFO     [RAMS] Starting resource monitor ...
14:16:36  INFO     [RAMS] Loading model tiers ...
WARNING ⚠️ Unable to automatically guess model task, assuming 'task=detect'. Explicitly define task for your model, i.e. 'task=detect', 'segment', 'classify', 'pose', 'obb' or 'semantic'.
Loading yolov8n.engine for TensorRT inference...
[09/09/2026-14:16:36] [TRT] [I] Loaded engine size: 7 MiB
[09/09/2026-14:16:36] [TRT] [I] [MemUsageChange] TensorRT-managed allocation in IExecutionContext creation: CPU +0, GPU +3, now: CPU 0, GPU 9 (MiB)
14:16:36  INFO     [RAMS] YOLOv8-nano ready — TensorRT yolov8n.engine (imgsz=320).
WARNING ⚠️ Unable to automatically guess model task, assuming 'task=detect'. Explicitly define task for your model, i.e. 'task=detect', 'segment', 'classify', 'pose', 'obb' or 'semantic'.
Loading yolov8s.engine for TensorRT inference...
[09/09/2026-14:16:36] [TRT] [I] The logger passed into createInferRuntime differs from one already provided for an existing builder, runtime, or refitter. Uses of the global logger, returned by nvinfer1::getLogger(), will return the existing value.
[09/09/2026-14:16:36] [TRT] [I] Loaded engine size: 23 MiB
[09/09/2026-14:16:36] [TRT] [I] [MemUsageChange] TensorRT-managed allocation in IExecutionContext creation: CPU +1, GPU +7, now: CPU 1, GPU 38 (MiB)
14:16:36  INFO     [RAMS] YOLOv8-small ready — TensorRT yolov8s.engine (imgsz=416).
WARNING ⚠️ Unable to automatically guess model task, assuming 'task=detect'. Explicitly define task for your model, i.e. 'task=detect', 'segment', 'classify', 'pose', 'obb' or 'semantic'.
Loading yolov8m.engine for TensorRT inference...
[09/09/2026-14:16:36] [TRT] [I] The logger passed into createInferRuntime differs from one already provided for an existing builder, runtime, or refitter. Uses of the global logger, returned by nvinfer1::getLogger(), will return the existing value.
[09/09/2026-14:16:36] [TRT] [I] Loaded engine size: 52 MiB
[09/09/2026-14:16:36] [TRT] [I] [MemUsageChange] TensorRT-managed allocation in IExecutionContext creation: CPU +0, GPU +29, now: CPU 1, GPU 117 (MiB)
14:16:36  INFO     [RAMS] YOLOv8-medium ready — TensorRT yolov8m.engine (imgsz=640).
14:16:36  INFO     [RAMS] Controller ready. Policy: predictive
14:16:37  INFO     [RAMS] Tier switch: SMALL → NANO  (R=0.600)
14:16:41  INFO     [RAMS] Controller stopped.
    block=4/10 method=FIXED_NANO ...
14:16:41  INFO     [RAMS] Starting resource monitor ...
14:16:41  INFO     [RAMS] Loading model tiers ...
WARNING ⚠️ Unable to automatically guess model task, assuming 'task=detect'. Explicitly define task for your model, i.e. 'task=detect', 'segment', 'classify', 'pose', 'obb' or 'semantic'.
Loading yolov8n.engine for TensorRT inference...
[09/09/2026-14:16:41] [TRT] [I] Loaded engine size: 7 MiB
[09/09/2026-14:16:41] [TRT] [I] [MemUsageChange] TensorRT-managed allocation in IExecutionContext creation: CPU +0, GPU +3, now: CPU 0, GPU 9 (MiB)
14:16:41  INFO     [RAMS] YOLOv8-nano ready — TensorRT yolov8n.engine (imgsz=320).
WARNING ⚠️ Unable to automatically guess model task, assuming 'task=detect'. Explicitly define task for your model, i.e. 'task=detect', 'segment', 'classify', 'pose', 'obb' or 'semantic'.
Loading yolov8s.engine for TensorRT inference...
[09/09/2026-14:16:41] [TRT] [I] The logger passed into createInferRuntime differs from one already provided for an existing builder, runtime, or refitter. Uses of the global logger, returned by nvinfer1::getLogger(), will return the existing value.
[09/09/2026-14:16:41] [TRT] [I] Loaded engine size: 23 MiB
[09/09/2026-14:16:41] [TRT] [I] [MemUsageChange] TensorRT-managed allocation in IExecutionContext creation: CPU +1, GPU +7, now: CPU 1, GPU 38 (MiB)
14:16:41  INFO     [RAMS] YOLOv8-small ready — TensorRT yolov8s.engine (imgsz=416).
WARNING ⚠️ Unable to automatically guess model task, assuming 'task=detect'. Explicitly define task for your model, i.e. 'task=detect', 'segment', 'classify', 'pose', 'obb' or 'semantic'.
Loading yolov8m.engine for TensorRT inference...
[09/09/2026-14:16:41] [TRT] [I] The logger passed into createInferRuntime differs from one already provided for an existing builder, runtime, or refitter. Uses of the global logger, returned by nvinfer1::getLogger(), will return the existing value.
[09/09/2026-14:16:41] [TRT] [I] Loaded engine size: 52 MiB
[09/09/2026-14:16:41] [TRT] [I] [MemUsageChange] TensorRT-managed allocation in IExecutionContext creation: CPU +0, GPU +29, now: CPU 1, GPU 117 (MiB)
14:16:41  INFO     [RAMS] YOLOv8-medium ready — TensorRT yolov8m.engine (imgsz=640).
14:16:41  INFO     [RAMS] Controller ready. Policy: fixed
14:16:42  INFO     [RAMS] Tier switch: SMALL → NANO  (R=0.654)
14:16:46  INFO     [RAMS] Controller stopped.
    block=4/10 method=FIXED_SMALL ...
14:16:46  INFO     [RAMS] Starting resource monitor ...
14:16:46  INFO     [RAMS] Loading model tiers ...
WARNING ⚠️ Unable to automatically guess model task, assuming 'task=detect'. Explicitly define task for your model, i.e. 'task=detect', 'segment', 'classify', 'pose', 'obb' or 'semantic'.
Loading yolov8n.engine for TensorRT inference...
[09/09/2026-14:16:46] [TRT] [I] Loaded engine size: 7 MiB
[09/09/2026-14:16:46] [TRT] [I] [MemUsageChange] TensorRT-managed allocation in IExecutionContext creation: CPU +0, GPU +3, now: CPU 0, GPU 9 (MiB)
14:16:46  INFO     [RAMS] YOLOv8-nano ready — TensorRT yolov8n.engine (imgsz=320).
WARNING ⚠️ Unable to automatically guess model task, assuming 'task=detect'. Explicitly define task for your model, i.e. 'task=detect', 'segment', 'classify', 'pose', 'obb' or 'semantic'.
Loading yolov8s.engine for TensorRT inference...
[09/09/2026-14:16:46] [TRT] [I] The logger passed into createInferRuntime differs from one already provided for an existing builder, runtime, or refitter. Uses of the global logger, returned by nvinfer1::getLogger(), will return the existing value.
[09/09/2026-14:16:46] [TRT] [I] Loaded engine size: 23 MiB
[09/09/2026-14:16:47] [TRT] [I] [MemUsageChange] TensorRT-managed allocation in IExecutionContext creation: CPU +1, GPU +7, now: CPU 1, GPU 38 (MiB)
14:16:47  INFO     [RAMS] YOLOv8-small ready — TensorRT yolov8s.engine (imgsz=416).
WARNING ⚠️ Unable to automatically guess model task, assuming 'task=detect'. Explicitly define task for your model, i.e. 'task=detect', 'segment', 'classify', 'pose', 'obb' or 'semantic'.
Loading yolov8m.engine for TensorRT inference...
[09/09/2026-14:16:47] [TRT] [I] The logger passed into createInferRuntime differs from one already provided for an existing builder, runtime, or refitter. Uses of the global logger, returned by nvinfer1::getLogger(), will return the existing value.
[09/09/2026-14:16:47] [TRT] [I] Loaded engine size: 52 MiB
[09/09/2026-14:16:47] [TRT] [I] [MemUsageChange] TensorRT-managed allocation in IExecutionContext creation: CPU +0, GPU +29, now: CPU 1, GPU 117 (MiB)
14:16:47  INFO     [RAMS] YOLOv8-medium ready — TensorRT yolov8m.engine (imgsz=640).
14:16:47  INFO     [RAMS] Controller ready. Policy: fixed
14:16:52  INFO     [RAMS] Controller stopped.
    block=4/10 method=adaptive ...
14:16:52  INFO     [RAMS] Starting resource monitor ...
14:16:52  INFO     [RAMS] Loading model tiers ...
WARNING ⚠️ Unable to automatically guess model task, assuming 'task=detect'. Explicitly define task for your model, i.e. 'task=detect', 'segment', 'classify', 'pose', 'obb' or 'semantic'.
Loading yolov8n.engine for TensorRT inference...
[09/09/2026-14:16:52] [TRT] [I] Loaded engine size: 7 MiB
[09/09/2026-14:16:52] [TRT] [I] [MemUsageChange] TensorRT-managed allocation in IExecutionContext creation: CPU +0, GPU +3, now: CPU 0, GPU 9 (MiB)
14:16:52  INFO     [RAMS] YOLOv8-nano ready — TensorRT yolov8n.engine (imgsz=320).
WARNING ⚠️ Unable to automatically guess model task, assuming 'task=detect'. Explicitly define task for your model, i.e. 'task=detect', 'segment', 'classify', 'pose', 'obb' or 'semantic'.
Loading yolov8s.engine for TensorRT inference...
[09/09/2026-14:16:52] [TRT] [I] The logger passed into createInferRuntime differs from one already provided for an existing builder, runtime, or refitter. Uses of the global logger, returned by nvinfer1::getLogger(), will return the existing value.
[09/09/2026-14:16:52] [TRT] [I] Loaded engine size: 23 MiB
[09/09/2026-14:16:52] [TRT] [I] [MemUsageChange] TensorRT-managed allocation in IExecutionContext creation: CPU +1, GPU +7, now: CPU 1, GPU 38 (MiB)
14:16:52  INFO     [RAMS] YOLOv8-small ready — TensorRT yolov8s.engine (imgsz=416).
WARNING ⚠️ Unable to automatically guess model task, assuming 'task=detect'. Explicitly define task for your model, i.e. 'task=detect', 'segment', 'classify', 'pose', 'obb' or 'semantic'.
Loading yolov8m.engine for TensorRT inference...
[09/09/2026-14:16:52] [TRT] [I] The logger passed into createInferRuntime differs from one already provided for an existing builder, runtime, or refitter. Uses of the global logger, returned by nvinfer1::getLogger(), will return the existing value.
[09/09/2026-14:16:52] [TRT] [I] Loaded engine size: 52 MiB
[09/09/2026-14:16:52] [TRT] [I] [MemUsageChange] TensorRT-managed allocation in IExecutionContext creation: CPU +0, GPU +29, now: CPU 1, GPU 117 (MiB)
14:16:52  INFO     [RAMS] YOLOv8-medium ready — TensorRT yolov8m.engine (imgsz=640).
14:16:52  INFO     [RAMS] Controller ready. Policy: adaptive
14:16:53  INFO     [RAMS] Tier switch: SMALL → NANO  (R=0.588)
14:16:57  INFO     [RAMS] Controller stopped.
    block=4/10 method=threshold ...
14:16:57  INFO     [RAMS] Starting resource monitor ...
14:16:57  INFO     [RAMS] Loading model tiers ...
WARNING ⚠️ Unable to automatically guess model task, assuming 'task=detect'. Explicitly define task for your model, i.e. 'task=detect', 'segment', 'classify', 'pose', 'obb' or 'semantic'.
Loading yolov8n.engine for TensorRT inference...
[09/09/2026-14:16:57] [TRT] [I] Loaded engine size: 7 MiB
[09/09/2026-14:16:57] [TRT] [I] [MemUsageChange] TensorRT-managed allocation in IExecutionContext creation: CPU +0, GPU +3, now: CPU 0, GPU 9 (MiB)
14:16:57  INFO     [RAMS] YOLOv8-nano ready — TensorRT yolov8n.engine (imgsz=320).
WARNING ⚠️ Unable to automatically guess model task, assuming 'task=detect'. Explicitly define task for your model, i.e. 'task=detect', 'segment', 'classify', 'pose', 'obb' or 'semantic'.
Loading yolov8s.engine for TensorRT inference...
[09/09/2026-14:16:57] [TRT] [I] The logger passed into createInferRuntime differs from one already provided for an existing builder, runtime, or refitter. Uses of the global logger, returned by nvinfer1::getLogger(), will return the existing value.
[09/09/2026-14:16:57] [TRT] [I] Loaded engine size: 23 MiB
[09/09/2026-14:16:57] [TRT] [I] [MemUsageChange] TensorRT-managed allocation in IExecutionContext creation: CPU +1, GPU +7, now: CPU 1, GPU 38 (MiB)
14:16:57  INFO     [RAMS] YOLOv8-small ready — TensorRT yolov8s.engine (imgsz=416).
WARNING ⚠️ Unable to automatically guess model task, assuming 'task=detect'. Explicitly define task for your model, i.e. 'task=detect', 'segment', 'classify', 'pose', 'obb' or 'semantic'.
Loading yolov8m.engine for TensorRT inference...
[09/09/2026-14:16:57] [TRT] [I] The logger passed into createInferRuntime differs from one already provided for an existing builder, runtime, or refitter. Uses of the global logger, returned by nvinfer1::getLogger(), will return the existing value.
[09/09/2026-14:16:57] [TRT] [I] Loaded engine size: 52 MiB
[09/09/2026-14:16:57] [TRT] [I] [MemUsageChange] TensorRT-managed allocation in IExecutionContext creation: CPU +0, GPU +29, now: CPU 1, GPU 117 (MiB)
14:16:57  INFO     [RAMS] YOLOv8-medium ready — TensorRT yolov8m.engine (imgsz=640).
14:16:57  INFO     [RAMS] Controller ready. Policy: threshold
14:16:58  INFO     [RAMS] Tier switch: SMALL → NANO  (R=0.588)
14:17:03  INFO     [RAMS] Controller stopped.
    block=4/10 method=FIXED_MEDIUM ...
14:17:03  INFO     [RAMS] Starting resource monitor ...
14:17:03  INFO     [RAMS] Loading model tiers ...
WARNING ⚠️ Unable to automatically guess model task, assuming 'task=detect'. Explicitly define task for your model, i.e. 'task=detect', 'segment', 'classify', 'pose', 'obb' or 'semantic'.
Loading yolov8n.engine for TensorRT inference...
[09/09/2026-14:17:03] [TRT] [I] Loaded engine size: 7 MiB
[09/09/2026-14:17:03] [TRT] [I] [MemUsageChange] TensorRT-managed allocation in IExecutionContext creation: CPU +0, GPU +3, now: CPU 0, GPU 9 (MiB)
14:17:03  INFO     [RAMS] YOLOv8-nano ready — TensorRT yolov8n.engine (imgsz=320).
WARNING ⚠️ Unable to automatically guess model task, assuming 'task=detect'. Explicitly define task for your model, i.e. 'task=detect', 'segment', 'classify', 'pose', 'obb' or 'semantic'.
Loading yolov8s.engine for TensorRT inference...
[09/09/2026-14:17:03] [TRT] [I] The logger passed into createInferRuntime differs from one already provided for an existing builder, runtime, or refitter. Uses of the global logger, returned by nvinfer1::getLogger(), will return the existing value.
[09/09/2026-14:17:03] [TRT] [I] Loaded engine size: 23 MiB
[09/09/2026-14:17:03] [TRT] [I] [MemUsageChange] TensorRT-managed allocation in IExecutionContext creation: CPU +1, GPU +7, now: CPU 1, GPU 38 (MiB)
14:17:03  INFO     [RAMS] YOLOv8-small ready — TensorRT yolov8s.engine (imgsz=416).
WARNING ⚠️ Unable to automatically guess model task, assuming 'task=detect'. Explicitly define task for your model, i.e. 'task=detect', 'segment', 'classify', 'pose', 'obb' or 'semantic'.
Loading yolov8m.engine for TensorRT inference...
[09/09/2026-14:17:03] [TRT] [I] The logger passed into createInferRuntime differs from one already provided for an existing builder, runtime, or refitter. Uses of the global logger, returned by nvinfer1::getLogger(), will return the existing value.
[09/09/2026-14:17:03] [TRT] [I] Loaded engine size: 52 MiB
[09/09/2026-14:17:03] [TRT] [I] [MemUsageChange] TensorRT-managed allocation in IExecutionContext creation: CPU +0, GPU +29, now: CPU 1, GPU 117 (MiB)
14:17:03  INFO     [RAMS] YOLOv8-medium ready — TensorRT yolov8m.engine (imgsz=640).
14:17:03  INFO     [RAMS] Controller ready. Policy: fixed
14:17:04  INFO     [RAMS] Tier switch: SMALL → MEDIUM  (R=0.654)
14:17:10  INFO     [RAMS] Controller stopped.
    block=4/10 method=safety ...
14:17:10  INFO     [RAMS] Starting resource monitor ...
14:17:10  INFO     [RAMS] Loading model tiers ...
WARNING ⚠️ Unable to automatically guess model task, assuming 'task=detect'. Explicitly define task for your model, i.e. 'task=detect', 'segment', 'classify', 'pose', 'obb' or 'semantic'.
Loading yolov8n.engine for TensorRT inference...
[09/09/2026-14:17:10] [TRT] [I] Loaded engine size: 7 MiB
[09/09/2026-14:17:10] [TRT] [I] [MemUsageChange] TensorRT-managed allocation in IExecutionContext creation: CPU +0, GPU +3, now: CPU 0, GPU 9 (MiB)
14:17:10  INFO     [RAMS] YOLOv8-nano ready — TensorRT yolov8n.engine (imgsz=320).
WARNING ⚠️ Unable to automatically guess model task, assuming 'task=detect'. Explicitly define task for your model, i.e. 'task=detect', 'segment', 'classify', 'pose', 'obb' or 'semantic'.
Loading yolov8s.engine for TensorRT inference...
[09/09/2026-14:17:10] [TRT] [I] The logger passed into createInferRuntime differs from one already provided for an existing builder, runtime, or refitter. Uses of the global logger, returned by nvinfer1::getLogger(), will return the existing value.
[09/09/2026-14:17:10] [TRT] [I] Loaded engine size: 23 MiB
[09/09/2026-14:17:10] [TRT] [I] [MemUsageChange] TensorRT-managed allocation in IExecutionContext creation: CPU +1, GPU +7, now: CPU 1, GPU 38 (MiB)
14:17:10  INFO     [RAMS] YOLOv8-small ready — TensorRT yolov8s.engine (imgsz=416).
WARNING ⚠️ Unable to automatically guess model task, assuming 'task=detect'. Explicitly define task for your model, i.e. 'task=detect', 'segment', 'classify', 'pose', 'obb' or 'semantic'.
Loading yolov8m.engine for TensorRT inference...
[09/09/2026-14:17:10] [TRT] [I] The logger passed into createInferRuntime differs from one already provided for an existing builder, runtime, or refitter. Uses of the global logger, returned by nvinfer1::getLogger(), will return the existing value.
[09/09/2026-14:17:10] [TRT] [I] Loaded engine size: 52 MiB
[09/09/2026-14:17:10] [TRT] [I] [MemUsageChange] TensorRT-managed allocation in IExecutionContext creation: CPU +0, GPU +29, now: CPU 1, GPU 117 (MiB)
14:17:10  INFO     [RAMS] YOLOv8-medium ready — TensorRT yolov8m.engine (imgsz=640).
14:17:10  INFO     [RAMS] Controller ready. Policy: safety
14:17:16  INFO     [RAMS] Controller stopped.
    block=4/10 method=safety2 ...
14:17:16  INFO     [RAMS] Starting resource monitor ...
14:17:16  INFO     [RAMS] Loading model tiers ...
WARNING ⚠️ Unable to automatically guess model task, assuming 'task=detect'. Explicitly define task for your model, i.e. 'task=detect', 'segment', 'classify', 'pose', 'obb' or 'semantic'.
Loading yolov8n.engine for TensorRT inference...
[09/09/2026-14:17:16] [TRT] [I] Loaded engine size: 7 MiB
[09/09/2026-14:17:16] [TRT] [I] [MemUsageChange] TensorRT-managed allocation in IExecutionContext creation: CPU +0, GPU +3, now: CPU 0, GPU 9 (MiB)
14:17:16  INFO     [RAMS] YOLOv8-nano ready — TensorRT yolov8n.engine (imgsz=320).
WARNING ⚠️ Unable to automatically guess model task, assuming 'task=detect'. Explicitly define task for your model, i.e. 'task=detect', 'segment', 'classify', 'pose', 'obb' or 'semantic'.
Loading yolov8s.engine for TensorRT inference...
[09/09/2026-14:17:16] [TRT] [I] The logger passed into createInferRuntime differs from one already provided for an existing builder, runtime, or refitter. Uses of the global logger, returned by nvinfer1::getLogger(), will return the existing value.
[09/09/2026-14:17:16] [TRT] [I] Loaded engine size: 23 MiB
[09/09/2026-14:17:16] [TRT] [I] [MemUsageChange] TensorRT-managed allocation in IExecutionContext creation: CPU +1, GPU +7, now: CPU 1, GPU 38 (MiB)
14:17:16  INFO     [RAMS] YOLOv8-small ready — TensorRT yolov8s.engine (imgsz=416).
WARNING ⚠️ Unable to automatically guess model task, assuming 'task=detect'. Explicitly define task for your model, i.e. 'task=detect', 'segment', 'classify', 'pose', 'obb' or 'semantic'.
Loading yolov8m.engine for TensorRT inference...
[09/09/2026-14:17:16] [TRT] [I] The logger passed into createInferRuntime differs from one already provided for an existing builder, runtime, or refitter. Uses of the global logger, returned by nvinfer1::getLogger(), will return the existing value.
[09/09/2026-14:17:16] [TRT] [I] Loaded engine size: 52 MiB
[09/09/2026-14:17:16] [TRT] [I] [MemUsageChange] TensorRT-managed allocation in IExecutionContext creation: CPU +0, GPU +29, now: CPU 1, GPU 117 (MiB)
14:17:16  INFO     [RAMS] YOLOv8-medium ready — TensorRT yolov8m.engine (imgsz=640).
14:17:16  INFO     [RAMS] Controller ready. Policy: safety2
14:17:17  INFO     [RAMS] Tier switch: SMALL → MEDIUM  (R=0.658)
14:17:18  INFO     [RAMS] Tier switch: MEDIUM → NANO  (R=0.718)
14:17:18  INFO     [RAMS] Tier switch: NANO → SMALL  (R=0.723)
14:17:18  INFO     [RAMS] Tier switch: SMALL → MEDIUM  (R=0.667)
14:17:19  INFO     [RAMS] Tier switch: MEDIUM → NANO  (R=0.718)
14:17:19  INFO     [RAMS] Tier switch: NANO → MEDIUM  (R=0.718)
14:17:20  INFO     [RAMS] Tier switch: MEDIUM → SMALL  (R=0.713)
14:17:21  INFO     [RAMS] Tier switch: SMALL → MEDIUM  (R=0.760)
14:17:22  INFO     [RAMS] Tier switch: MEDIUM → NANO  (R=0.790)
14:17:22  INFO     [RAMS] Tier switch: NANO → SMALL  (R=0.693)
14:17:22  INFO     [RAMS] Tier switch: SMALL → MEDIUM  (R=0.688)
14:17:23  INFO     [RAMS] Controller stopped.
    block=5/10 method=adaptive ...
14:17:23  INFO     [RAMS] Starting resource monitor ...
14:17:23  INFO     [RAMS] Loading model tiers ...
WARNING ⚠️ Unable to automatically guess model task, assuming 'task=detect'. Explicitly define task for your model, i.e. 'task=detect', 'segment', 'classify', 'pose', 'obb' or 'semantic'.
Loading yolov8n.engine for TensorRT inference...
[09/09/2026-14:17:23] [TRT] [I] Loaded engine size: 7 MiB
[09/09/2026-14:17:23] [TRT] [I] [MemUsageChange] TensorRT-managed allocation in IExecutionContext creation: CPU +0, GPU +3, now: CPU 0, GPU 9 (MiB)
14:17:23  INFO     [RAMS] YOLOv8-nano ready — TensorRT yolov8n.engine (imgsz=320).
WARNING ⚠️ Unable to automatically guess model task, assuming 'task=detect'. Explicitly define task for your model, i.e. 'task=detect', 'segment', 'classify', 'pose', 'obb' or 'semantic'.
Loading yolov8s.engine for TensorRT inference...
[09/09/2026-14:17:23] [TRT] [I] The logger passed into createInferRuntime differs from one already provided for an existing builder, runtime, or refitter. Uses of the global logger, returned by nvinfer1::getLogger(), will return the existing value.
[09/09/2026-14:17:23] [TRT] [I] Loaded engine size: 23 MiB
[09/09/2026-14:17:23] [TRT] [I] [MemUsageChange] TensorRT-managed allocation in IExecutionContext creation: CPU +1, GPU +7, now: CPU 1, GPU 38 (MiB)
14:17:23  INFO     [RAMS] YOLOv8-small ready — TensorRT yolov8s.engine (imgsz=416).
WARNING ⚠️ Unable to automatically guess model task, assuming 'task=detect'. Explicitly define task for your model, i.e. 'task=detect', 'segment', 'classify', 'pose', 'obb' or 'semantic'.
Loading yolov8m.engine for TensorRT inference...
[09/09/2026-14:17:23] [TRT] [I] The logger passed into createInferRuntime differs from one already provided for an existing builder, runtime, or refitter. Uses of the global logger, returned by nvinfer1::getLogger(), will return the existing value.
[09/09/2026-14:17:23] [TRT] [I] Loaded engine size: 52 MiB
[09/09/2026-14:17:23] [TRT] [I] [MemUsageChange] TensorRT-managed allocation in IExecutionContext creation: CPU +0, GPU +29, now: CPU 1, GPU 117 (MiB)
14:17:23  INFO     [RAMS] YOLOv8-medium ready — TensorRT yolov8m.engine (imgsz=640).
14:17:23  INFO     [RAMS] Controller ready. Policy: adaptive
14:17:24  INFO     [RAMS] Tier switch: SMALL → NANO  (R=0.654)
14:17:28  INFO     [RAMS] Controller stopped.
    block=5/10 method=FIXED_MEDIUM ...
14:17:28  INFO     [RAMS] Starting resource monitor ...
14:17:28  INFO     [RAMS] Loading model tiers ...
WARNING ⚠️ Unable to automatically guess model task, assuming 'task=detect'. Explicitly define task for your model, i.e. 'task=detect', 'segment', 'classify', 'pose', 'obb' or 'semantic'.
Loading yolov8n.engine for TensorRT inference...
[09/09/2026-14:17:28] [TRT] [I] Loaded engine size: 7 MiB
[09/09/2026-14:17:28] [TRT] [I] [MemUsageChange] TensorRT-managed allocation in IExecutionContext creation: CPU +0, GPU +3, now: CPU 0, GPU 9 (MiB)
14:17:28  INFO     [RAMS] YOLOv8-nano ready — TensorRT yolov8n.engine (imgsz=320).
WARNING ⚠️ Unable to automatically guess model task, assuming 'task=detect'. Explicitly define task for your model, i.e. 'task=detect', 'segment', 'classify', 'pose', 'obb' or 'semantic'.
Loading yolov8s.engine for TensorRT inference...
[09/09/2026-14:17:28] [TRT] [I] The logger passed into createInferRuntime differs from one already provided for an existing builder, runtime, or refitter. Uses of the global logger, returned by nvinfer1::getLogger(), will return the existing value.
[09/09/2026-14:17:28] [TRT] [I] Loaded engine size: 23 MiB
[09/09/2026-14:17:28] [TRT] [I] [MemUsageChange] TensorRT-managed allocation in IExecutionContext creation: CPU +1, GPU +7, now: CPU 1, GPU 38 (MiB)
14:17:29  INFO     [RAMS] YOLOv8-small ready — TensorRT yolov8s.engine (imgsz=416).
WARNING ⚠️ Unable to automatically guess model task, assuming 'task=detect'. Explicitly define task for your model, i.e. 'task=detect', 'segment', 'classify', 'pose', 'obb' or 'semantic'.
Loading yolov8m.engine for TensorRT inference...
[09/09/2026-14:17:29] [TRT] [I] The logger passed into createInferRuntime differs from one already provided for an existing builder, runtime, or refitter. Uses of the global logger, returned by nvinfer1::getLogger(), will return the existing value.
[09/09/2026-14:17:29] [TRT] [I] Loaded engine size: 52 MiB
[09/09/2026-14:17:29] [TRT] [I] [MemUsageChange] TensorRT-managed allocation in IExecutionContext creation: CPU +0, GPU +29, now: CPU 1, GPU 117 (MiB)
14:17:29  INFO     [RAMS] YOLOv8-medium ready — TensorRT yolov8m.engine (imgsz=640).
14:17:29  INFO     [RAMS] Controller ready. Policy: fixed
14:17:30  INFO     [RAMS] Tier switch: SMALL → MEDIUM  (R=0.601)
14:17:36  INFO     [RAMS] Controller stopped.
    block=5/10 method=safety2 ...
14:17:36  INFO     [RAMS] Starting resource monitor ...
14:17:36  INFO     [RAMS] Loading model tiers ...
WARNING ⚠️ Unable to automatically guess model task, assuming 'task=detect'. Explicitly define task for your model, i.e. 'task=detect', 'segment', 'classify', 'pose', 'obb' or 'semantic'.
Loading yolov8n.engine for TensorRT inference...
[09/09/2026-14:17:36] [TRT] [I] Loaded engine size: 7 MiB
[09/09/2026-14:17:36] [TRT] [I] [MemUsageChange] TensorRT-managed allocation in IExecutionContext creation: CPU +0, GPU +3, now: CPU 0, GPU 9 (MiB)
14:17:36  INFO     [RAMS] YOLOv8-nano ready — TensorRT yolov8n.engine (imgsz=320).
WARNING ⚠️ Unable to automatically guess model task, assuming 'task=detect'. Explicitly define task for your model, i.e. 'task=detect', 'segment', 'classify', 'pose', 'obb' or 'semantic'.
Loading yolov8s.engine for TensorRT inference...
[09/09/2026-14:17:36] [TRT] [I] The logger passed into createInferRuntime differs from one already provided for an existing builder, runtime, or refitter. Uses of the global logger, returned by nvinfer1::getLogger(), will return the existing value.
[09/09/2026-14:17:36] [TRT] [I] Loaded engine size: 23 MiB
[09/09/2026-14:17:36] [TRT] [I] [MemUsageChange] TensorRT-managed allocation in IExecutionContext creation: CPU +1, GPU +7, now: CPU 1, GPU 38 (MiB)
14:17:36  INFO     [RAMS] YOLOv8-small ready — TensorRT yolov8s.engine (imgsz=416).
WARNING ⚠️ Unable to automatically guess model task, assuming 'task=detect'. Explicitly define task for your model, i.e. 'task=detect', 'segment', 'classify', 'pose', 'obb' or 'semantic'.
Loading yolov8m.engine for TensorRT inference...
[09/09/2026-14:17:36] [TRT] [I] The logger passed into createInferRuntime differs from one already provided for an existing builder, runtime, or refitter. Uses of the global logger, returned by nvinfer1::getLogger(), will return the existing value.
[09/09/2026-14:17:36] [TRT] [I] Loaded engine size: 52 MiB
[09/09/2026-14:17:36] [TRT] [I] [MemUsageChange] TensorRT-managed allocation in IExecutionContext creation: CPU +0, GPU +29, now: CPU 1, GPU 117 (MiB)
14:17:36  INFO     [RAMS] YOLOv8-medium ready — TensorRT yolov8m.engine (imgsz=640).
14:17:36  INFO     [RAMS] Controller ready. Policy: safety2
14:17:37  INFO     [RAMS] Tier switch: SMALL → NANO  (R=0.595)
14:17:37  INFO     [RAMS] Tier switch: NANO → MEDIUM  (R=0.659)
14:17:38  INFO     [RAMS] Tier switch: MEDIUM → NANO  (R=0.671)
14:17:38  INFO     [RAMS] Tier switch: NANO → MEDIUM  (R=0.697)
14:17:39  INFO     [RAMS] Tier switch: MEDIUM → NANO  (R=0.697)
14:17:39  INFO     [RAMS] Tier switch: NANO → MEDIUM  (R=0.721)
14:17:41  INFO     [RAMS] Tier switch: MEDIUM → SMALL  (R=0.763)
14:17:41  INFO     [RAMS] Tier switch: SMALL → MEDIUM  (R=0.763)
14:17:41  INFO     [RAMS] Tier switch: MEDIUM → SMALL  (R=0.701)
14:17:42  INFO     [RAMS] Tier switch: SMALL → MEDIUM  (R=0.672)
14:17:42  INFO     [RAMS] Controller stopped.
    block=5/10 method=FIXED_NANO ...
14:17:42  INFO     [RAMS] Starting resource monitor ...
14:17:42  INFO     [RAMS] Loading model tiers ...
WARNING ⚠️ Unable to automatically guess model task, assuming 'task=detect'. Explicitly define task for your model, i.e. 'task=detect', 'segment', 'classify', 'pose', 'obb' or 'semantic'.
Loading yolov8n.engine for TensorRT inference...
[09/09/2026-14:17:42] [TRT] [I] Loaded engine size: 7 MiB
[09/09/2026-14:17:43] [TRT] [I] [MemUsageChange] TensorRT-managed allocation in IExecutionContext creation: CPU +0, GPU +3, now: CPU 0, GPU 9 (MiB)
14:17:43  INFO     [RAMS] YOLOv8-nano ready — TensorRT yolov8n.engine (imgsz=320).
WARNING ⚠️ Unable to automatically guess model task, assuming 'task=detect'. Explicitly define task for your model, i.e. 'task=detect', 'segment', 'classify', 'pose', 'obb' or 'semantic'.
Loading yolov8s.engine for TensorRT inference...
[09/09/2026-14:17:43] [TRT] [I] The logger passed into createInferRuntime differs from one already provided for an existing builder, runtime, or refitter. Uses of the global logger, returned by nvinfer1::getLogger(), will return the existing value.
[09/09/2026-14:17:43] [TRT] [I] Loaded engine size: 23 MiB
[09/09/2026-14:17:43] [TRT] [I] [MemUsageChange] TensorRT-managed allocation in IExecutionContext creation: CPU +1, GPU +7, now: CPU 1, GPU 38 (MiB)
14:17:43  INFO     [RAMS] YOLOv8-small ready — TensorRT yolov8s.engine (imgsz=416).
WARNING ⚠️ Unable to automatically guess model task, assuming 'task=detect'. Explicitly define task for your model, i.e. 'task=detect', 'segment', 'classify', 'pose', 'obb' or 'semantic'.
Loading yolov8m.engine for TensorRT inference...
[09/09/2026-14:17:43] [TRT] [I] The logger passed into createInferRuntime differs from one already provided for an existing builder, runtime, or refitter. Uses of the global logger, returned by nvinfer1::getLogger(), will return the existing value.
[09/09/2026-14:17:43] [TRT] [I] Loaded engine size: 52 MiB
[09/09/2026-14:17:43] [TRT] [I] [MemUsageChange] TensorRT-managed allocation in IExecutionContext creation: CPU +0, GPU +29, now: CPU 1, GPU 117 (MiB)
14:17:43  INFO     [RAMS] YOLOv8-medium ready — TensorRT yolov8m.engine (imgsz=640).
14:17:43  INFO     [RAMS] Controller ready. Policy: fixed
14:17:44  INFO     [RAMS] Tier switch: SMALL → NANO  (R=0.645)
14:17:48  INFO     [RAMS] Controller stopped.
    block=5/10 method=FIXED_SMALL ...
14:17:48  INFO     [RAMS] Starting resource monitor ...
14:17:48  INFO     [RAMS] Loading model tiers ...
WARNING ⚠️ Unable to automatically guess model task, assuming 'task=detect'. Explicitly define task for your model, i.e. 'task=detect', 'segment', 'classify', 'pose', 'obb' or 'semantic'.
Loading yolov8n.engine for TensorRT inference...
[09/09/2026-14:17:48] [TRT] [I] Loaded engine size: 7 MiB
[09/09/2026-14:17:48] [TRT] [I] [MemUsageChange] TensorRT-managed allocation in IExecutionContext creation: CPU +0, GPU +3, now: CPU 0, GPU 9 (MiB)
14:17:48  INFO     [RAMS] YOLOv8-nano ready — TensorRT yolov8n.engine (imgsz=320).
WARNING ⚠️ Unable to automatically guess model task, assuming 'task=detect'. Explicitly define task for your model, i.e. 'task=detect', 'segment', 'classify', 'pose', 'obb' or 'semantic'.
Loading yolov8s.engine for TensorRT inference...
[09/09/2026-14:17:48] [TRT] [I] The logger passed into createInferRuntime differs from one already provided for an existing builder, runtime, or refitter. Uses of the global logger, returned by nvinfer1::getLogger(), will return the existing value.
[09/09/2026-14:17:48] [TRT] [I] Loaded engine size: 23 MiB
[09/09/2026-14:17:48] [TRT] [I] [MemUsageChange] TensorRT-managed allocation in IExecutionContext creation: CPU +1, GPU +7, now: CPU 1, GPU 38 (MiB)
14:17:48  INFO     [RAMS] YOLOv8-small ready — TensorRT yolov8s.engine (imgsz=416).
WARNING ⚠️ Unable to automatically guess model task, assuming 'task=detect'. Explicitly define task for your model, i.e. 'task=detect', 'segment', 'classify', 'pose', 'obb' or 'semantic'.
Loading yolov8m.engine for TensorRT inference...
[09/09/2026-14:17:48] [TRT] [I] The logger passed into createInferRuntime differs from one already provided for an existing builder, runtime, or refitter. Uses of the global logger, returned by nvinfer1::getLogger(), will return the existing value.
[09/09/2026-14:17:48] [TRT] [I] Loaded engine size: 52 MiB
[09/09/2026-14:17:48] [TRT] [I] [MemUsageChange] TensorRT-managed allocation in IExecutionContext creation: CPU +0, GPU +29, now: CPU 1, GPU 117 (MiB)
14:17:48  INFO     [RAMS] YOLOv8-medium ready — TensorRT yolov8m.engine (imgsz=640).
14:17:48  INFO     [RAMS] Controller ready. Policy: fixed
14:17:55  INFO     [RAMS] Controller stopped.
    block=5/10 method=safety ...
14:17:55  INFO     [RAMS] Starting resource monitor ...
14:17:55  INFO     [RAMS] Loading model tiers ...
WARNING ⚠️ Unable to automatically guess model task, assuming 'task=detect'. Explicitly define task for your model, i.e. 'task=detect', 'segment', 'classify', 'pose', 'obb' or 'semantic'.
Loading yolov8n.engine for TensorRT inference...
[09/09/2026-14:17:55] [TRT] [I] Loaded engine size: 7 MiB
[09/09/2026-14:17:55] [TRT] [I] [MemUsageChange] TensorRT-managed allocation in IExecutionContext creation: CPU +0, GPU +3, now: CPU 0, GPU 9 (MiB)
14:17:55  INFO     [RAMS] YOLOv8-nano ready — TensorRT yolov8n.engine (imgsz=320).
WARNING ⚠️ Unable to automatically guess model task, assuming 'task=detect'. Explicitly define task for your model, i.e. 'task=detect', 'segment', 'classify', 'pose', 'obb' or 'semantic'.
Loading yolov8s.engine for TensorRT inference...
[09/09/2026-14:17:55] [TRT] [I] The logger passed into createInferRuntime differs from one already provided for an existing builder, runtime, or refitter. Uses of the global logger, returned by nvinfer1::getLogger(), will return the existing value.
[09/09/2026-14:17:55] [TRT] [I] Loaded engine size: 23 MiB
[09/09/2026-14:17:55] [TRT] [I] [MemUsageChange] TensorRT-managed allocation in IExecutionContext creation: CPU +1, GPU +7, now: CPU 1, GPU 38 (MiB)
14:17:55  INFO     [RAMS] YOLOv8-small ready — TensorRT yolov8s.engine (imgsz=416).
WARNING ⚠️ Unable to automatically guess model task, assuming 'task=detect'. Explicitly define task for your model, i.e. 'task=detect', 'segment', 'classify', 'pose', 'obb' or 'semantic'.
Loading yolov8m.engine for TensorRT inference...
[09/09/2026-14:17:55] [TRT] [I] The logger passed into createInferRuntime differs from one already provided for an existing builder, runtime, or refitter. Uses of the global logger, returned by nvinfer1::getLogger(), will return the existing value.
[09/09/2026-14:17:55] [TRT] [I] Loaded engine size: 52 MiB
[09/09/2026-14:17:55] [TRT] [I] [MemUsageChange] TensorRT-managed allocation in IExecutionContext creation: CPU +0, GPU +29, now: CPU 1, GPU 117 (MiB)
14:17:55  INFO     [RAMS] YOLOv8-medium ready — TensorRT yolov8m.engine (imgsz=640).
14:17:55  INFO     [RAMS] Controller ready. Policy: safety
14:17:56  INFO     [RAMS] Tier switch: SMALL → NANO  (R=0.703)
14:17:56  INFO     [RAMS] Tier switch: NANO → SMALL  (R=0.703)
14:18:01  INFO     [RAMS] Controller stopped.
    block=5/10 method=threshold ...
14:18:01  INFO     [RAMS] Starting resource monitor ...
14:18:01  INFO     [RAMS] Loading model tiers ...
WARNING ⚠️ Unable to automatically guess model task, assuming 'task=detect'. Explicitly define task for your model, i.e. 'task=detect', 'segment', 'classify', 'pose', 'obb' or 'semantic'.
Loading yolov8n.engine for TensorRT inference...
[09/09/2026-14:18:01] [TRT] [I] Loaded engine size: 7 MiB
[09/09/2026-14:18:01] [TRT] [I] [MemUsageChange] TensorRT-managed allocation in IExecutionContext creation: CPU +0, GPU +3, now: CPU 0, GPU 9 (MiB)
14:18:01  INFO     [RAMS] YOLOv8-nano ready — TensorRT yolov8n.engine (imgsz=320).
WARNING ⚠️ Unable to automatically guess model task, assuming 'task=detect'. Explicitly define task for your model, i.e. 'task=detect', 'segment', 'classify', 'pose', 'obb' or 'semantic'.
Loading yolov8s.engine for TensorRT inference...
[09/09/2026-14:18:01] [TRT] [I] The logger passed into createInferRuntime differs from one already provided for an existing builder, runtime, or refitter. Uses of the global logger, returned by nvinfer1::getLogger(), will return the existing value.
[09/09/2026-14:18:01] [TRT] [I] Loaded engine size: 23 MiB
[09/09/2026-14:18:01] [TRT] [I] [MemUsageChange] TensorRT-managed allocation in IExecutionContext creation: CPU +1, GPU +7, now: CPU 1, GPU 38 (MiB)
14:18:01  INFO     [RAMS] YOLOv8-small ready — TensorRT yolov8s.engine (imgsz=416).
WARNING ⚠️ Unable to automatically guess model task, assuming 'task=detect'. Explicitly define task for your model, i.e. 'task=detect', 'segment', 'classify', 'pose', 'obb' or 'semantic'.
Loading yolov8m.engine for TensorRT inference...
[09/09/2026-14:18:01] [TRT] [I] The logger passed into createInferRuntime differs from one already provided for an existing builder, runtime, or refitter. Uses of the global logger, returned by nvinfer1::getLogger(), will return the existing value.
[09/09/2026-14:18:01] [TRT] [I] Loaded engine size: 52 MiB
[09/09/2026-14:18:01] [TRT] [I] [MemUsageChange] TensorRT-managed allocation in IExecutionContext creation: CPU +0, GPU +29, now: CPU 1, GPU 117 (MiB)
14:18:02  INFO     [RAMS] YOLOv8-medium ready — TensorRT yolov8m.engine (imgsz=640).
14:18:02  INFO     [RAMS] Controller ready. Policy: threshold
14:18:03  INFO     [RAMS] Tier switch: SMALL → NANO  (R=0.729)
14:18:07  INFO     [RAMS] Controller stopped.
    block=5/10 method=predictive ...
14:18:08  INFO     [RAMS] Starting resource monitor ...
14:18:08  INFO     [RAMS] Loading model tiers ...
WARNING ⚠️ Unable to automatically guess model task, assuming 'task=detect'. Explicitly define task for your model, i.e. 'task=detect', 'segment', 'classify', 'pose', 'obb' or 'semantic'.
Loading yolov8n.engine for TensorRT inference...
[09/09/2026-14:18:08] [TRT] [I] Loaded engine size: 7 MiB
[09/09/2026-14:18:08] [TRT] [I] [MemUsageChange] TensorRT-managed allocation in IExecutionContext creation: CPU +0, GPU +3, now: CPU 0, GPU 9 (MiB)
14:18:08  INFO     [RAMS] YOLOv8-nano ready — TensorRT yolov8n.engine (imgsz=320).
WARNING ⚠️ Unable to automatically guess model task, assuming 'task=detect'. Explicitly define task for your model, i.e. 'task=detect', 'segment', 'classify', 'pose', 'obb' or 'semantic'.
Loading yolov8s.engine for TensorRT inference...
[09/09/2026-14:18:08] [TRT] [I] The logger passed into createInferRuntime differs from one already provided for an existing builder, runtime, or refitter. Uses of the global logger, returned by nvinfer1::getLogger(), will return the existing value.
[09/09/2026-14:18:08] [TRT] [I] Loaded engine size: 23 MiB
[09/09/2026-14:18:08] [TRT] [I] [MemUsageChange] TensorRT-managed allocation in IExecutionContext creation: CPU +1, GPU +7, now: CPU 1, GPU 38 (MiB)
14:18:08  INFO     [RAMS] YOLOv8-small ready — TensorRT yolov8s.engine (imgsz=416).
WARNING ⚠️ Unable to automatically guess model task, assuming 'task=detect'. Explicitly define task for your model, i.e. 'task=detect', 'segment', 'classify', 'pose', 'obb' or 'semantic'.
Loading yolov8m.engine for TensorRT inference...
[09/09/2026-14:18:08] [TRT] [I] The logger passed into createInferRuntime differs from one already provided for an existing builder, runtime, or refitter. Uses of the global logger, returned by nvinfer1::getLogger(), will return the existing value.
[09/09/2026-14:18:08] [TRT] [I] Loaded engine size: 52 MiB
[09/09/2026-14:18:08] [TRT] [I] [MemUsageChange] TensorRT-managed allocation in IExecutionContext creation: CPU +0, GPU +29, now: CPU 1, GPU 117 (MiB)
14:18:08  INFO     [RAMS] YOLOv8-medium ready — TensorRT yolov8m.engine (imgsz=640).
14:18:08  INFO     [RAMS] Controller ready. Policy: predictive
14:18:09  INFO     [RAMS] Tier switch: SMALL → NANO  (R=0.722)
14:18:13  INFO     [RAMS] Controller stopped.
    block=6/10 method=adaptive ...
14:18:14  INFO     [RAMS] Starting resource monitor ...
14:18:14  INFO     [RAMS] Loading model tiers ...
WARNING ⚠️ Unable to automatically guess model task, assuming 'task=detect'. Explicitly define task for your model, i.e. 'task=detect', 'segment', 'classify', 'pose', 'obb' or 'semantic'.
Loading yolov8n.engine for TensorRT inference...
[09/09/2026-14:18:14] [TRT] [I] Loaded engine size: 7 MiB
[09/09/2026-14:18:14] [TRT] [I] [MemUsageChange] TensorRT-managed allocation in IExecutionContext creation: CPU +0, GPU +3, now: CPU 0, GPU 9 (MiB)
14:18:14  INFO     [RAMS] YOLOv8-nano ready — TensorRT yolov8n.engine (imgsz=320).
WARNING ⚠️ Unable to automatically guess model task, assuming 'task=detect'. Explicitly define task for your model, i.e. 'task=detect', 'segment', 'classify', 'pose', 'obb' or 'semantic'.
Loading yolov8s.engine for TensorRT inference...
[09/09/2026-14:18:14] [TRT] [I] The logger passed into createInferRuntime differs from one already provided for an existing builder, runtime, or refitter. Uses of the global logger, returned by nvinfer1::getLogger(), will return the existing value.
[09/09/2026-14:18:14] [TRT] [I] Loaded engine size: 23 MiB
[09/09/2026-14:18:14] [TRT] [I] [MemUsageChange] TensorRT-managed allocation in IExecutionContext creation: CPU +1, GPU +7, now: CPU 1, GPU 38 (MiB)
14:18:14  INFO     [RAMS] YOLOv8-small ready — TensorRT yolov8s.engine (imgsz=416).
WARNING ⚠️ Unable to automatically guess model task, assuming 'task=detect'. Explicitly define task for your model, i.e. 'task=detect', 'segment', 'classify', 'pose', 'obb' or 'semantic'.
Loading yolov8m.engine for TensorRT inference...
[09/09/2026-14:18:14] [TRT] [I] The logger passed into createInferRuntime differs from one already provided for an existing builder, runtime, or refitter. Uses of the global logger, returned by nvinfer1::getLogger(), will return the existing value.
[09/09/2026-14:18:14] [TRT] [I] Loaded engine size: 52 MiB
[09/09/2026-14:18:14] [TRT] [I] [MemUsageChange] TensorRT-managed allocation in IExecutionContext creation: CPU +0, GPU +29, now: CPU 1, GPU 117 (MiB)
14:18:14  INFO     [RAMS] YOLOv8-medium ready — TensorRT yolov8m.engine (imgsz=640).
14:18:14  INFO     [RAMS] Controller ready. Policy: adaptive
14:18:15  INFO     [RAMS] Tier switch: SMALL → NANO  (R=0.676)
14:18:19  INFO     [RAMS] Controller stopped.
    block=6/10 method=safety ...
14:18:19  INFO     [RAMS] Starting resource monitor ...
14:18:19  INFO     [RAMS] Loading model tiers ...
WARNING ⚠️ Unable to automatically guess model task, assuming 'task=detect'. Explicitly define task for your model, i.e. 'task=detect', 'segment', 'classify', 'pose', 'obb' or 'semantic'.
Loading yolov8n.engine for TensorRT inference...
[09/09/2026-14:18:19] [TRT] [I] Loaded engine size: 7 MiB
[09/09/2026-14:18:19] [TRT] [I] [MemUsageChange] TensorRT-managed allocation in IExecutionContext creation: CPU +0, GPU +3, now: CPU 0, GPU 9 (MiB)
14:18:19  INFO     [RAMS] YOLOv8-nano ready — TensorRT yolov8n.engine (imgsz=320).
WARNING ⚠️ Unable to automatically guess model task, assuming 'task=detect'. Explicitly define task for your model, i.e. 'task=detect', 'segment', 'classify', 'pose', 'obb' or 'semantic'.
Loading yolov8s.engine for TensorRT inference...
[09/09/2026-14:18:19] [TRT] [I] The logger passed into createInferRuntime differs from one already provided for an existing builder, runtime, or refitter. Uses of the global logger, returned by nvinfer1::getLogger(), will return the existing value.
[09/09/2026-14:18:19] [TRT] [I] Loaded engine size: 23 MiB
[09/09/2026-14:18:19] [TRT] [I] [MemUsageChange] TensorRT-managed allocation in IExecutionContext creation: CPU +1, GPU +7, now: CPU 1, GPU 38 (MiB)
14:18:20  INFO     [RAMS] YOLOv8-small ready — TensorRT yolov8s.engine (imgsz=416).
WARNING ⚠️ Unable to automatically guess model task, assuming 'task=detect'. Explicitly define task for your model, i.e. 'task=detect', 'segment', 'classify', 'pose', 'obb' or 'semantic'.
Loading yolov8m.engine for TensorRT inference...
[09/09/2026-14:18:20] [TRT] [I] The logger passed into createInferRuntime differs from one already provided for an existing builder, runtime, or refitter. Uses of the global logger, returned by nvinfer1::getLogger(), will return the existing value.
[09/09/2026-14:18:20] [TRT] [I] Loaded engine size: 52 MiB
[09/09/2026-14:18:20] [TRT] [I] [MemUsageChange] TensorRT-managed allocation in IExecutionContext creation: CPU +0, GPU +29, now: CPU 1, GPU 117 (MiB)
14:18:20  INFO     [RAMS] YOLOv8-medium ready — TensorRT yolov8m.engine (imgsz=640).
14:18:20  INFO     [RAMS] Controller ready. Policy: safety
14:18:26  INFO     [RAMS] Controller stopped.
    block=6/10 method=FIXED_NANO ...
14:18:26  INFO     [RAMS] Starting resource monitor ...
14:18:26  INFO     [RAMS] Loading model tiers ...
WARNING ⚠️ Unable to automatically guess model task, assuming 'task=detect'. Explicitly define task for your model, i.e. 'task=detect', 'segment', 'classify', 'pose', 'obb' or 'semantic'.
Loading yolov8n.engine for TensorRT inference...
[09/09/2026-14:18:26] [TRT] [I] Loaded engine size: 7 MiB
[09/09/2026-14:18:26] [TRT] [I] [MemUsageChange] TensorRT-managed allocation in IExecutionContext creation: CPU +0, GPU +3, now: CPU 0, GPU 9 (MiB)
14:18:26  INFO     [RAMS] YOLOv8-nano ready — TensorRT yolov8n.engine (imgsz=320).
WARNING ⚠️ Unable to automatically guess model task, assuming 'task=detect'. Explicitly define task for your model, i.e. 'task=detect', 'segment', 'classify', 'pose', 'obb' or 'semantic'.
Loading yolov8s.engine for TensorRT inference...
[09/09/2026-14:18:26] [TRT] [I] The logger passed into createInferRuntime differs from one already provided for an existing builder, runtime, or refitter. Uses of the global logger, returned by nvinfer1::getLogger(), will return the existing value.
[09/09/2026-14:18:26] [TRT] [I] Loaded engine size: 23 MiB
[09/09/2026-14:18:26] [TRT] [I] [MemUsageChange] TensorRT-managed allocation in IExecutionContext creation: CPU +1, GPU +7, now: CPU 1, GPU 38 (MiB)
14:18:26  INFO     [RAMS] YOLOv8-small ready — TensorRT yolov8s.engine (imgsz=416).
WARNING ⚠️ Unable to automatically guess model task, assuming 'task=detect'. Explicitly define task for your model, i.e. 'task=detect', 'segment', 'classify', 'pose', 'obb' or 'semantic'.
Loading yolov8m.engine for TensorRT inference...
[09/09/2026-14:18:26] [TRT] [I] The logger passed into createInferRuntime differs from one already provided for an existing builder, runtime, or refitter. Uses of the global logger, returned by nvinfer1::getLogger(), will return the existing value.
[09/09/2026-14:18:26] [TRT] [I] Loaded engine size: 52 MiB
[09/09/2026-14:18:26] [TRT] [I] [MemUsageChange] TensorRT-managed allocation in IExecutionContext creation: CPU +0, GPU +29, now: CPU 1, GPU 117 (MiB)
14:18:26  INFO     [RAMS] YOLOv8-medium ready — TensorRT yolov8m.engine (imgsz=640).
14:18:26  INFO     [RAMS] Controller ready. Policy: fixed
14:18:27  INFO     [RAMS] Tier switch: SMALL → NANO  (R=0.714)
14:18:33  INFO     [RAMS] Controller stopped.
    block=6/10 method=FIXED_SMALL ...
14:18:33  INFO     [RAMS] Starting resource monitor ...
14:18:33  INFO     [RAMS] Loading model tiers ...
WARNING ⚠️ Unable to automatically guess model task, assuming 'task=detect'. Explicitly define task for your model, i.e. 'task=detect', 'segment', 'classify', 'pose', 'obb' or 'semantic'.
Loading yolov8n.engine for TensorRT inference...
[09/09/2026-14:18:33] [TRT] [I] Loaded engine size: 7 MiB
[09/09/2026-14:18:33] [TRT] [I] [MemUsageChange] TensorRT-managed allocation in IExecutionContext creation: CPU +0, GPU +3, now: CPU 0, GPU 9 (MiB)
14:18:33  INFO     [RAMS] YOLOv8-nano ready — TensorRT yolov8n.engine (imgsz=320).
WARNING ⚠️ Unable to automatically guess model task, assuming 'task=detect'. Explicitly define task for your model, i.e. 'task=detect', 'segment', 'classify', 'pose', 'obb' or 'semantic'.
Loading yolov8s.engine for TensorRT inference...
[09/09/2026-14:18:33] [TRT] [I] The logger passed into createInferRuntime differs from one already provided for an existing builder, runtime, or refitter. Uses of the global logger, returned by nvinfer1::getLogger(), will return the existing value.
[09/09/2026-14:18:33] [TRT] [I] Loaded engine size: 23 MiB
[09/09/2026-14:18:33] [TRT] [I] [MemUsageChange] TensorRT-managed allocation in IExecutionContext creation: CPU +1, GPU +7, now: CPU 1, GPU 38 (MiB)
14:18:33  INFO     [RAMS] YOLOv8-small ready — TensorRT yolov8s.engine (imgsz=416).
WARNING ⚠️ Unable to automatically guess model task, assuming 'task=detect'. Explicitly define task for your model, i.e. 'task=detect', 'segment', 'classify', 'pose', 'obb' or 'semantic'.
Loading yolov8m.engine for TensorRT inference...
[09/09/2026-14:18:33] [TRT] [I] The logger passed into createInferRuntime differs from one already provided for an existing builder, runtime, or refitter. Uses of the global logger, returned by nvinfer1::getLogger(), will return the existing value.
[09/09/2026-14:18:33] [TRT] [I] Loaded engine size: 52 MiB
[09/09/2026-14:18:33] [TRT] [I] [MemUsageChange] TensorRT-managed allocation in IExecutionContext creation: CPU +0, GPU +29, now: CPU 1, GPU 117 (MiB)
14:18:33  INFO     [RAMS] YOLOv8-medium ready — TensorRT yolov8m.engine (imgsz=640).
14:18:33  INFO     [RAMS] Controller ready. Policy: fixed
14:18:39  INFO     [RAMS] Controller stopped.
    block=6/10 method=safety2 ...
14:18:39  INFO     [RAMS] Starting resource monitor ...
14:18:39  INFO     [RAMS] Loading model tiers ...
WARNING ⚠️ Unable to automatically guess model task, assuming 'task=detect'. Explicitly define task for your model, i.e. 'task=detect', 'segment', 'classify', 'pose', 'obb' or 'semantic'.
Loading yolov8n.engine for TensorRT inference...
[09/09/2026-14:18:39] [TRT] [I] Loaded engine size: 7 MiB
[09/09/2026-14:18:39] [TRT] [I] [MemUsageChange] TensorRT-managed allocation in IExecutionContext creation: CPU +0, GPU +3, now: CPU 0, GPU 9 (MiB)
14:18:39  INFO     [RAMS] YOLOv8-nano ready — TensorRT yolov8n.engine (imgsz=320).
WARNING ⚠️ Unable to automatically guess model task, assuming 'task=detect'. Explicitly define task for your model, i.e. 'task=detect', 'segment', 'classify', 'pose', 'obb' or 'semantic'.
Loading yolov8s.engine for TensorRT inference...
[09/09/2026-14:18:39] [TRT] [I] The logger passed into createInferRuntime differs from one already provided for an existing builder, runtime, or refitter. Uses of the global logger, returned by nvinfer1::getLogger(), will return the existing value.
[09/09/2026-14:18:39] [TRT] [I] Loaded engine size: 23 MiB
[09/09/2026-14:18:39] [TRT] [I] [MemUsageChange] TensorRT-managed allocation in IExecutionContext creation: CPU +1, GPU +7, now: CPU 1, GPU 38 (MiB)
14:18:39  INFO     [RAMS] YOLOv8-small ready — TensorRT yolov8s.engine (imgsz=416).
WARNING ⚠️ Unable to automatically guess model task, assuming 'task=detect'. Explicitly define task for your model, i.e. 'task=detect', 'segment', 'classify', 'pose', 'obb' or 'semantic'.
Loading yolov8m.engine for TensorRT inference...
[09/09/2026-14:18:39] [TRT] [I] The logger passed into createInferRuntime differs from one already provided for an existing builder, runtime, or refitter. Uses of the global logger, returned by nvinfer1::getLogger(), will return the existing value.
[09/09/2026-14:18:40] [TRT] [I] Loaded engine size: 52 MiB
[09/09/2026-14:18:40] [TRT] [I] [MemUsageChange] TensorRT-managed allocation in IExecutionContext creation: CPU +0, GPU +29, now: CPU 1, GPU 117 (MiB)
14:18:40  INFO     [RAMS] YOLOv8-medium ready — TensorRT yolov8m.engine (imgsz=640).
14:18:40  INFO     [RAMS] Controller ready. Policy: safety2
14:18:41  INFO     [RAMS] Tier switch: SMALL → MEDIUM  (R=0.692)
14:18:41  INFO     [RAMS] Tier switch: MEDIUM → SMALL  (R=0.701)
14:18:42  INFO     [RAMS] Tier switch: SMALL → MEDIUM  (R=0.765)
14:18:42  INFO     [RAMS] Tier switch: MEDIUM → NANO  (R=0.709)
14:18:42  INFO     [RAMS] Tier switch: NANO → SMALL  (R=0.764)
14:18:43  INFO     [RAMS] Tier switch: SMALL → MEDIUM  (R=0.765)
14:18:43  INFO     [RAMS] Tier switch: MEDIUM → NANO  (R=0.782)
14:18:44  INFO     [RAMS] Tier switch: NANO → MEDIUM  (R=0.826)
14:18:44  INFO     [RAMS] Tier switch: MEDIUM → SMALL  (R=0.823)
14:18:44  INFO     [RAMS] Tier switch: SMALL → MEDIUM  (R=0.735)
14:18:45  INFO     [RAMS] Tier switch: MEDIUM → NANO  (R=0.707)
14:18:45  INFO     [RAMS] Tier switch: NANO → SMALL  (R=0.841)
14:18:45  INFO     [RAMS] Tier switch: SMALL → MEDIUM  (R=0.754)
14:18:46  INFO     [RAMS] Tier switch: MEDIUM → NANO  (R=0.709)
14:18:46  INFO     [RAMS] Tier switch: NANO → MEDIUM  (R=0.709)
14:18:46  INFO     [RAMS] Tier switch: MEDIUM → SMALL  (R=0.794)
14:18:47  INFO     [RAMS] Tier switch: SMALL → MEDIUM  (R=0.760)
14:18:47  INFO     [RAMS] Controller stopped.
    block=6/10 method=threshold ...
14:18:47  INFO     [RAMS] Starting resource monitor ...
14:18:47  INFO     [RAMS] Loading model tiers ...
WARNING ⚠️ Unable to automatically guess model task, assuming 'task=detect'. Explicitly define task for your model, i.e. 'task=detect', 'segment', 'classify', 'pose', 'obb' or 'semantic'.
Loading yolov8n.engine for TensorRT inference...
[09/09/2026-14:18:47] [TRT] [I] Loaded engine size: 7 MiB
[09/09/2026-14:18:47] [TRT] [I] [MemUsageChange] TensorRT-managed allocation in IExecutionContext creation: CPU +0, GPU +3, now: CPU 0, GPU 9 (MiB)
14:18:48  INFO     [RAMS] YOLOv8-nano ready — TensorRT yolov8n.engine (imgsz=320).
WARNING ⚠️ Unable to automatically guess model task, assuming 'task=detect'. Explicitly define task for your model, i.e. 'task=detect', 'segment', 'classify', 'pose', 'obb' or 'semantic'.
Loading yolov8s.engine for TensorRT inference...
[09/09/2026-14:18:48] [TRT] [I] The logger passed into createInferRuntime differs from one already provided for an existing builder, runtime, or refitter. Uses of the global logger, returned by nvinfer1::getLogger(), will return the existing value.
[09/09/2026-14:18:48] [TRT] [I] Loaded engine size: 23 MiB
[09/09/2026-14:18:48] [TRT] [I] [MemUsageChange] TensorRT-managed allocation in IExecutionContext creation: CPU +1, GPU +7, now: CPU 1, GPU 38 (MiB)
14:18:48  INFO     [RAMS] YOLOv8-small ready — TensorRT yolov8s.engine (imgsz=416).
WARNING ⚠️ Unable to automatically guess model task, assuming 'task=detect'. Explicitly define task for your model, i.e. 'task=detect', 'segment', 'classify', 'pose', 'obb' or 'semantic'.
Loading yolov8m.engine for TensorRT inference...
[09/09/2026-14:18:48] [TRT] [I] The logger passed into createInferRuntime differs from one already provided for an existing builder, runtime, or refitter. Uses of the global logger, returned by nvinfer1::getLogger(), will return the existing value.
[09/09/2026-14:18:48] [TRT] [I] Loaded engine size: 52 MiB
[09/09/2026-14:18:48] [TRT] [I] [MemUsageChange] TensorRT-managed allocation in IExecutionContext creation: CPU +0, GPU +29, now: CPU 1, GPU 117 (MiB)
14:18:48  INFO     [RAMS] YOLOv8-medium ready — TensorRT yolov8m.engine (imgsz=640).
14:18:48  INFO     [RAMS] Controller ready. Policy: threshold
14:18:49  INFO     [RAMS] Tier switch: SMALL → NANO  (R=0.729)
14:18:54  INFO     [RAMS] Controller stopped.
    block=6/10 method=FIXED_MEDIUM ...
14:18:54  INFO     [RAMS] Starting resource monitor ...
14:18:54  INFO     [RAMS] Loading model tiers ...
WARNING ⚠️ Unable to automatically guess model task, assuming 'task=detect'. Explicitly define task for your model, i.e. 'task=detect', 'segment', 'classify', 'pose', 'obb' or 'semantic'.
Loading yolov8n.engine for TensorRT inference...
[09/09/2026-14:18:54] [TRT] [I] Loaded engine size: 7 MiB
[09/09/2026-14:18:54] [TRT] [I] [MemUsageChange] TensorRT-managed allocation in IExecutionContext creation: CPU +0, GPU +3, now: CPU 0, GPU 9 (MiB)
14:18:54  INFO     [RAMS] YOLOv8-nano ready — TensorRT yolov8n.engine (imgsz=320).
WARNING ⚠️ Unable to automatically guess model task, assuming 'task=detect'. Explicitly define task for your model, i.e. 'task=detect', 'segment', 'classify', 'pose', 'obb' or 'semantic'.
Loading yolov8s.engine for TensorRT inference...
[09/09/2026-14:18:54] [TRT] [I] The logger passed into createInferRuntime differs from one already provided for an existing builder, runtime, or refitter. Uses of the global logger, returned by nvinfer1::getLogger(), will return the existing value.
[09/09/2026-14:18:54] [TRT] [I] Loaded engine size: 23 MiB
[09/09/2026-14:18:54] [TRT] [I] [MemUsageChange] TensorRT-managed allocation in IExecutionContext creation: CPU +1, GPU +7, now: CPU 1, GPU 38 (MiB)
14:18:54  INFO     [RAMS] YOLOv8-small ready — TensorRT yolov8s.engine (imgsz=416).
WARNING ⚠️ Unable to automatically guess model task, assuming 'task=detect'. Explicitly define task for your model, i.e. 'task=detect', 'segment', 'classify', 'pose', 'obb' or 'semantic'.
Loading yolov8m.engine for TensorRT inference...
[09/09/2026-14:18:54] [TRT] [I] The logger passed into createInferRuntime differs from one already provided for an existing builder, runtime, or refitter. Uses of the global logger, returned by nvinfer1::getLogger(), will return the existing value.
[09/09/2026-14:18:54] [TRT] [I] Loaded engine size: 52 MiB
[09/09/2026-14:18:54] [TRT] [I] [MemUsageChange] TensorRT-managed allocation in IExecutionContext creation: CPU +0, GPU +29, now: CPU 1, GPU 117 (MiB)
14:18:54  INFO     [RAMS] YOLOv8-medium ready — TensorRT yolov8m.engine (imgsz=640).
14:18:54  INFO     [RAMS] Controller ready. Policy: fixed
14:18:55  INFO     [RAMS] Tier switch: SMALL → MEDIUM  (R=0.688)
14:19:03  INFO     [RAMS] Controller stopped.
    block=6/10 method=predictive ...
14:19:03  INFO     [RAMS] Starting resource monitor ...
14:19:03  INFO     [RAMS] Loading model tiers ...
WARNING ⚠️ Unable to automatically guess model task, assuming 'task=detect'. Explicitly define task for your model, i.e. 'task=detect', 'segment', 'classify', 'pose', 'obb' or 'semantic'.
Loading yolov8n.engine for TensorRT inference...
[09/09/2026-14:19:03] [TRT] [I] Loaded engine size: 7 MiB
[09/09/2026-14:19:03] [TRT] [I] [MemUsageChange] TensorRT-managed allocation in IExecutionContext creation: CPU +0, GPU +3, now: CPU 0, GPU 9 (MiB)
14:19:03  INFO     [RAMS] YOLOv8-nano ready — TensorRT yolov8n.engine (imgsz=320).
WARNING ⚠️ Unable to automatically guess model task, assuming 'task=detect'. Explicitly define task for your model, i.e. 'task=detect', 'segment', 'classify', 'pose', 'obb' or 'semantic'.
Loading yolov8s.engine for TensorRT inference...
[09/09/2026-14:19:03] [TRT] [I] The logger passed into createInferRuntime differs from one already provided for an existing builder, runtime, or refitter. Uses of the global logger, returned by nvinfer1::getLogger(), will return the existing value.
[09/09/2026-14:19:03] [TRT] [I] Loaded engine size: 23 MiB
[09/09/2026-14:19:03] [TRT] [I] [MemUsageChange] TensorRT-managed allocation in IExecutionContext creation: CPU +1, GPU +7, now: CPU 1, GPU 38 (MiB)
14:19:03  INFO     [RAMS] YOLOv8-small ready — TensorRT yolov8s.engine (imgsz=416).
WARNING ⚠️ Unable to automatically guess model task, assuming 'task=detect'. Explicitly define task for your model, i.e. 'task=detect', 'segment', 'classify', 'pose', 'obb' or 'semantic'.
Loading yolov8m.engine for TensorRT inference...
[09/09/2026-14:19:03] [TRT] [I] The logger passed into createInferRuntime differs from one already provided for an existing builder, runtime, or refitter. Uses of the global logger, returned by nvinfer1::getLogger(), will return the existing value.
[09/09/2026-14:19:03] [TRT] [I] Loaded engine size: 52 MiB
[09/09/2026-14:19:03] [TRT] [I] [MemUsageChange] TensorRT-managed allocation in IExecutionContext creation: CPU +0, GPU +29, now: CPU 1, GPU 117 (MiB)
14:19:04  INFO     [RAMS] YOLOv8-medium ready — TensorRT yolov8m.engine (imgsz=640).
14:19:04  INFO     [RAMS] Controller ready. Policy: predictive
14:19:05  INFO     [RAMS] Tier switch: SMALL → NANO  (R=0.699)
14:19:09  INFO     [RAMS] Controller stopped.
    block=7/10 method=adaptive ...
14:19:09  INFO     [RAMS] Starting resource monitor ...
14:19:09  INFO     [RAMS] Loading model tiers ...
WARNING ⚠️ Unable to automatically guess model task, assuming 'task=detect'. Explicitly define task for your model, i.e. 'task=detect', 'segment', 'classify', 'pose', 'obb' or 'semantic'.
Loading yolov8n.engine for TensorRT inference...
[09/09/2026-14:19:09] [TRT] [I] Loaded engine size: 7 MiB
[09/09/2026-14:19:09] [TRT] [I] [MemUsageChange] TensorRT-managed allocation in IExecutionContext creation: CPU +0, GPU +3, now: CPU 0, GPU 9 (MiB)
14:19:09  INFO     [RAMS] YOLOv8-nano ready — TensorRT yolov8n.engine (imgsz=320).
WARNING ⚠️ Unable to automatically guess model task, assuming 'task=detect'. Explicitly define task for your model, i.e. 'task=detect', 'segment', 'classify', 'pose', 'obb' or 'semantic'.
Loading yolov8s.engine for TensorRT inference...
[09/09/2026-14:19:09] [TRT] [I] The logger passed into createInferRuntime differs from one already provided for an existing builder, runtime, or refitter. Uses of the global logger, returned by nvinfer1::getLogger(), will return the existing value.
[09/09/2026-14:19:09] [TRT] [I] Loaded engine size: 23 MiB
[09/09/2026-14:19:09] [TRT] [I] [MemUsageChange] TensorRT-managed allocation in IExecutionContext creation: CPU +1, GPU +7, now: CPU 1, GPU 38 (MiB)
14:19:09  INFO     [RAMS] YOLOv8-small ready — TensorRT yolov8s.engine (imgsz=416).
WARNING ⚠️ Unable to automatically guess model task, assuming 'task=detect'. Explicitly define task for your model, i.e. 'task=detect', 'segment', 'classify', 'pose', 'obb' or 'semantic'.
Loading yolov8m.engine for TensorRT inference...
[09/09/2026-14:19:09] [TRT] [I] The logger passed into createInferRuntime differs from one already provided for an existing builder, runtime, or refitter. Uses of the global logger, returned by nvinfer1::getLogger(), will return the existing value.
[09/09/2026-14:19:09] [TRT] [I] Loaded engine size: 52 MiB
[09/09/2026-14:19:09] [TRT] [I] [MemUsageChange] TensorRT-managed allocation in IExecutionContext creation: CPU +0, GPU +29, now: CPU 1, GPU 117 (MiB)
14:19:09  INFO     [RAMS] YOLOv8-medium ready — TensorRT yolov8m.engine (imgsz=640).
14:19:09  INFO     [RAMS] Controller ready. Policy: adaptive
14:19:10  INFO     [RAMS] Tier switch: SMALL → NANO  (R=0.723)
14:19:16  INFO     [RAMS] Controller stopped.
    block=7/10 method=FIXED_SMALL ...
14:19:16  INFO     [RAMS] Starting resource monitor ...
14:19:16  INFO     [RAMS] Loading model tiers ...
WARNING ⚠️ Unable to automatically guess model task, assuming 'task=detect'. Explicitly define task for your model, i.e. 'task=detect', 'segment', 'classify', 'pose', 'obb' or 'semantic'.
Loading yolov8n.engine for TensorRT inference...
[09/09/2026-14:19:16] [TRT] [I] Loaded engine size: 7 MiB
[09/09/2026-14:19:16] [TRT] [I] [MemUsageChange] TensorRT-managed allocation in IExecutionContext creation: CPU +0, GPU +3, now: CPU 0, GPU 9 (MiB)
14:19:16  INFO     [RAMS] YOLOv8-nano ready — TensorRT yolov8n.engine (imgsz=320).
WARNING ⚠️ Unable to automatically guess model task, assuming 'task=detect'. Explicitly define task for your model, i.e. 'task=detect', 'segment', 'classify', 'pose', 'obb' or 'semantic'.
Loading yolov8s.engine for TensorRT inference...
[09/09/2026-14:19:16] [TRT] [I] The logger passed into createInferRuntime differs from one already provided for an existing builder, runtime, or refitter. Uses of the global logger, returned by nvinfer1::getLogger(), will return the existing value.
[09/09/2026-14:19:16] [TRT] [I] Loaded engine size: 23 MiB
[09/09/2026-14:19:16] [TRT] [I] [MemUsageChange] TensorRT-managed allocation in IExecutionContext creation: CPU +1, GPU +7, now: CPU 1, GPU 38 (MiB)
14:19:16  INFO     [RAMS] YOLOv8-small ready — TensorRT yolov8s.engine (imgsz=416).
WARNING ⚠️ Unable to automatically guess model task, assuming 'task=detect'. Explicitly define task for your model, i.e. 'task=detect', 'segment', 'classify', 'pose', 'obb' or 'semantic'.
Loading yolov8m.engine for TensorRT inference...
[09/09/2026-14:19:16] [TRT] [I] The logger passed into createInferRuntime differs from one already provided for an existing builder, runtime, or refitter. Uses of the global logger, returned by nvinfer1::getLogger(), will return the existing value.
[09/09/2026-14:19:16] [TRT] [I] Loaded engine size: 52 MiB
[09/09/2026-14:19:16] [TRT] [I] [MemUsageChange] TensorRT-managed allocation in IExecutionContext creation: CPU +0, GPU +29, now: CPU 1, GPU 117 (MiB)
14:19:16  INFO     [RAMS] YOLOv8-medium ready — TensorRT yolov8m.engine (imgsz=640).
14:19:16  INFO     [RAMS] Controller ready. Policy: fixed
14:19:22  INFO     [RAMS] Controller stopped.
    block=7/10 method=FIXED_NANO ...
14:19:22  INFO     [RAMS] Starting resource monitor ...
14:19:22  INFO     [RAMS] Loading model tiers ...
WARNING ⚠️ Unable to automatically guess model task, assuming 'task=detect'. Explicitly define task for your model, i.e. 'task=detect', 'segment', 'classify', 'pose', 'obb' or 'semantic'.
Loading yolov8n.engine for TensorRT inference...
[09/09/2026-14:19:22] [TRT] [I] Loaded engine size: 7 MiB
[09/09/2026-14:19:22] [TRT] [I] [MemUsageChange] TensorRT-managed allocation in IExecutionContext creation: CPU +0, GPU +3, now: CPU 0, GPU 9 (MiB)
14:19:22  INFO     [RAMS] YOLOv8-nano ready — TensorRT yolov8n.engine (imgsz=320).
WARNING ⚠️ Unable to automatically guess model task, assuming 'task=detect'. Explicitly define task for your model, i.e. 'task=detect', 'segment', 'classify', 'pose', 'obb' or 'semantic'.
Loading yolov8s.engine for TensorRT inference...
[09/09/2026-14:19:22] [TRT] [I] The logger passed into createInferRuntime differs from one already provided for an existing builder, runtime, or refitter. Uses of the global logger, returned by nvinfer1::getLogger(), will return the existing value.
[09/09/2026-14:19:22] [TRT] [I] Loaded engine size: 23 MiB
[09/09/2026-14:19:22] [TRT] [I] [MemUsageChange] TensorRT-managed allocation in IExecutionContext creation: CPU +1, GPU +7, now: CPU 1, GPU 38 (MiB)
14:19:22  INFO     [RAMS] YOLOv8-small ready — TensorRT yolov8s.engine (imgsz=416).
WARNING ⚠️ Unable to automatically guess model task, assuming 'task=detect'. Explicitly define task for your model, i.e. 'task=detect', 'segment', 'classify', 'pose', 'obb' or 'semantic'.
Loading yolov8m.engine for TensorRT inference...
[09/09/2026-14:19:22] [TRT] [I] The logger passed into createInferRuntime differs from one already provided for an existing builder, runtime, or refitter. Uses of the global logger, returned by nvinfer1::getLogger(), will return the existing value.
[09/09/2026-14:19:22] [TRT] [I] Loaded engine size: 52 MiB
[09/09/2026-14:19:23] [TRT] [I] [MemUsageChange] TensorRT-managed allocation in IExecutionContext creation: CPU +0, GPU +29, now: CPU 1, GPU 117 (MiB)
14:19:23  INFO     [RAMS] YOLOv8-medium ready — TensorRT yolov8m.engine (imgsz=640).
14:19:23  INFO     [RAMS] Controller ready. Policy: fixed
14:19:24  INFO     [RAMS] Tier switch: SMALL → NANO  (R=0.727)
14:19:28  INFO     [RAMS] Controller stopped.
    block=7/10 method=FIXED_MEDIUM ...
14:19:28  INFO     [RAMS] Starting resource monitor ...
14:19:28  INFO     [RAMS] Loading model tiers ...
WARNING ⚠️ Unable to automatically guess model task, assuming 'task=detect'. Explicitly define task for your model, i.e. 'task=detect', 'segment', 'classify', 'pose', 'obb' or 'semantic'.
Loading yolov8n.engine for TensorRT inference...
[09/09/2026-14:19:28] [TRT] [I] Loaded engine size: 7 MiB
[09/09/2026-14:19:28] [TRT] [I] [MemUsageChange] TensorRT-managed allocation in IExecutionContext creation: CPU +0, GPU +3, now: CPU 0, GPU 9 (MiB)
14:19:28  INFO     [RAMS] YOLOv8-nano ready — TensorRT yolov8n.engine (imgsz=320).
WARNING ⚠️ Unable to automatically guess model task, assuming 'task=detect'. Explicitly define task for your model, i.e. 'task=detect', 'segment', 'classify', 'pose', 'obb' or 'semantic'.
Loading yolov8s.engine for TensorRT inference...
[09/09/2026-14:19:28] [TRT] [I] The logger passed into createInferRuntime differs from one already provided for an existing builder, runtime, or refitter. Uses of the global logger, returned by nvinfer1::getLogger(), will return the existing value.
[09/09/2026-14:19:28] [TRT] [I] Loaded engine size: 23 MiB
[09/09/2026-14:19:28] [TRT] [I] [MemUsageChange] TensorRT-managed allocation in IExecutionContext creation: CPU +1, GPU +7, now: CPU 1, GPU 38 (MiB)
14:19:28  INFO     [RAMS] YOLOv8-small ready — TensorRT yolov8s.engine (imgsz=416).
WARNING ⚠️ Unable to automatically guess model task, assuming 'task=detect'. Explicitly define task for your model, i.e. 'task=detect', 'segment', 'classify', 'pose', 'obb' or 'semantic'.
Loading yolov8m.engine for TensorRT inference...
[09/09/2026-14:19:28] [TRT] [I] The logger passed into createInferRuntime differs from one already provided for an existing builder, runtime, or refitter. Uses of the global logger, returned by nvinfer1::getLogger(), will return the existing value.
[09/09/2026-14:19:28] [TRT] [I] Loaded engine size: 52 MiB
[09/09/2026-14:19:28] [TRT] [I] [MemUsageChange] TensorRT-managed allocation in IExecutionContext creation: CPU +0, GPU +29, now: CPU 1, GPU 117 (MiB)
14:19:28  INFO     [RAMS] YOLOv8-medium ready — TensorRT yolov8m.engine (imgsz=640).
14:19:28  INFO     [RAMS] Controller ready. Policy: fixed
14:19:29  INFO     [RAMS] Tier switch: SMALL → MEDIUM  (R=0.685)
14:19:38  INFO     [RAMS] Controller stopped.
    block=7/10 method=safety ...
14:19:38  INFO     [RAMS] Starting resource monitor ...
14:19:38  INFO     [RAMS] Loading model tiers ...
WARNING ⚠️ Unable to automatically guess model task, assuming 'task=detect'. Explicitly define task for your model, i.e. 'task=detect', 'segment', 'classify', 'pose', 'obb' or 'semantic'.
Loading yolov8n.engine for TensorRT inference...
[09/09/2026-14:19:38] [TRT] [I] Loaded engine size: 7 MiB
[09/09/2026-14:19:38] [TRT] [I] [MemUsageChange] TensorRT-managed allocation in IExecutionContext creation: CPU +0, GPU +3, now: CPU 0, GPU 9 (MiB)
14:19:38  INFO     [RAMS] YOLOv8-nano ready — TensorRT yolov8n.engine (imgsz=320).
WARNING ⚠️ Unable to automatically guess model task, assuming 'task=detect'. Explicitly define task for your model, i.e. 'task=detect', 'segment', 'classify', 'pose', 'obb' or 'semantic'.
Loading yolov8s.engine for TensorRT inference...
[09/09/2026-14:19:38] [TRT] [I] The logger passed into createInferRuntime differs from one already provided for an existing builder, runtime, or refitter. Uses of the global logger, returned by nvinfer1::getLogger(), will return the existing value.
[09/09/2026-14:19:38] [TRT] [I] Loaded engine size: 23 MiB
[09/09/2026-14:19:38] [TRT] [I] [MemUsageChange] TensorRT-managed allocation in IExecutionContext creation: CPU +1, GPU +7, now: CPU 1, GPU 38 (MiB)
14:19:38  INFO     [RAMS] YOLOv8-small ready — TensorRT yolov8s.engine (imgsz=416).
WARNING ⚠️ Unable to automatically guess model task, assuming 'task=detect'. Explicitly define task for your model, i.e. 'task=detect', 'segment', 'classify', 'pose', 'obb' or 'semantic'.
Loading yolov8m.engine for TensorRT inference...
[09/09/2026-14:19:38] [TRT] [I] The logger passed into createInferRuntime differs from one already provided for an existing builder, runtime, or refitter. Uses of the global logger, returned by nvinfer1::getLogger(), will return the existing value.
[09/09/2026-14:19:38] [TRT] [I] Loaded engine size: 52 MiB
[09/09/2026-14:19:38] [TRT] [I] [MemUsageChange] TensorRT-managed allocation in IExecutionContext creation: CPU +0, GPU +29, now: CPU 1, GPU 117 (MiB)
14:19:38  INFO     [RAMS] YOLOv8-medium ready — TensorRT yolov8m.engine (imgsz=640).
14:19:38  INFO     [RAMS] Controller ready. Policy: safety
14:19:39  INFO     [RAMS] Tier switch: SMALL → NANO  (R=0.708)
14:19:40  INFO     [RAMS] Tier switch: NANO → SMALL  (R=0.737)
14:19:44  INFO     [RAMS] Controller stopped.
    block=7/10 method=threshold ...
14:19:45  INFO     [RAMS] Starting resource monitor ...
14:19:45  INFO     [RAMS] Loading model tiers ...
WARNING ⚠️ Unable to automatically guess model task, assuming 'task=detect'. Explicitly define task for your model, i.e. 'task=detect', 'segment', 'classify', 'pose', 'obb' or 'semantic'.
Loading yolov8n.engine for TensorRT inference...
[09/09/2026-14:19:45] [TRT] [I] Loaded engine size: 7 MiB
[09/09/2026-14:19:45] [TRT] [I] [MemUsageChange] TensorRT-managed allocation in IExecutionContext creation: CPU +0, GPU +3, now: CPU 0, GPU 9 (MiB)
14:19:45  INFO     [RAMS] YOLOv8-nano ready — TensorRT yolov8n.engine (imgsz=320).
WARNING ⚠️ Unable to automatically guess model task, assuming 'task=detect'. Explicitly define task for your model, i.e. 'task=detect', 'segment', 'classify', 'pose', 'obb' or 'semantic'.
Loading yolov8s.engine for TensorRT inference...
[09/09/2026-14:19:45] [TRT] [I] The logger passed into createInferRuntime differs from one already provided for an existing builder, runtime, or refitter. Uses of the global logger, returned by nvinfer1::getLogger(), will return the existing value.
[09/09/2026-14:19:45] [TRT] [I] Loaded engine size: 23 MiB
[09/09/2026-14:19:45] [TRT] [I] [MemUsageChange] TensorRT-managed allocation in IExecutionContext creation: CPU +1, GPU +7, now: CPU 1, GPU 38 (MiB)
14:19:45  INFO     [RAMS] YOLOv8-small ready — TensorRT yolov8s.engine (imgsz=416).
WARNING ⚠️ Unable to automatically guess model task, assuming 'task=detect'. Explicitly define task for your model, i.e. 'task=detect', 'segment', 'classify', 'pose', 'obb' or 'semantic'.
Loading yolov8m.engine for TensorRT inference...
[09/09/2026-14:19:45] [TRT] [I] The logger passed into createInferRuntime differs from one already provided for an existing builder, runtime, or refitter. Uses of the global logger, returned by nvinfer1::getLogger(), will return the existing value.
[09/09/2026-14:19:45] [TRT] [I] Loaded engine size: 52 MiB
[09/09/2026-14:19:45] [TRT] [I] [MemUsageChange] TensorRT-managed allocation in IExecutionContext creation: CPU +0, GPU +29, now: CPU 1, GPU 117 (MiB)
14:19:45  INFO     [RAMS] YOLOv8-medium ready — TensorRT yolov8m.engine (imgsz=640).
14:19:45  INFO     [RAMS] Controller ready. Policy: threshold
14:19:46  INFO     [RAMS] Tier switch: SMALL → NANO  (R=0.685)
14:19:50  INFO     [RAMS] Controller stopped.
    block=7/10 method=predictive ...
14:19:50  INFO     [RAMS] Starting resource monitor ...
14:19:50  INFO     [RAMS] Loading model tiers ...
WARNING ⚠️ Unable to automatically guess model task, assuming 'task=detect'. Explicitly define task for your model, i.e. 'task=detect', 'segment', 'classify', 'pose', 'obb' or 'semantic'.
Loading yolov8n.engine for TensorRT inference...
[09/09/2026-14:19:50] [TRT] [I] Loaded engine size: 7 MiB
[09/09/2026-14:19:50] [TRT] [I] [MemUsageChange] TensorRT-managed allocation in IExecutionContext creation: CPU +0, GPU +3, now: CPU 0, GPU 9 (MiB)
14:19:50  INFO     [RAMS] YOLOv8-nano ready — TensorRT yolov8n.engine (imgsz=320).
WARNING ⚠️ Unable to automatically guess model task, assuming 'task=detect'. Explicitly define task for your model, i.e. 'task=detect', 'segment', 'classify', 'pose', 'obb' or 'semantic'.
Loading yolov8s.engine for TensorRT inference...
[09/09/2026-14:19:50] [TRT] [I] The logger passed into createInferRuntime differs from one already provided for an existing builder, runtime, or refitter. Uses of the global logger, returned by nvinfer1::getLogger(), will return the existing value.
[09/09/2026-14:19:51] [TRT] [I] Loaded engine size: 23 MiB
[09/09/2026-14:19:51] [TRT] [I] [MemUsageChange] TensorRT-managed allocation in IExecutionContext creation: CPU +1, GPU +7, now: CPU 1, GPU 38 (MiB)
14:19:51  INFO     [RAMS] YOLOv8-small ready — TensorRT yolov8s.engine (imgsz=416).
WARNING ⚠️ Unable to automatically guess model task, assuming 'task=detect'. Explicitly define task for your model, i.e. 'task=detect', 'segment', 'classify', 'pose', 'obb' or 'semantic'.
Loading yolov8m.engine for TensorRT inference...
[09/09/2026-14:19:51] [TRT] [I] The logger passed into createInferRuntime differs from one already provided for an existing builder, runtime, or refitter. Uses of the global logger, returned by nvinfer1::getLogger(), will return the existing value.
[09/09/2026-14:19:51] [TRT] [I] Loaded engine size: 52 MiB
[09/09/2026-14:19:51] [TRT] [I] [MemUsageChange] TensorRT-managed allocation in IExecutionContext creation: CPU +0, GPU +29, now: CPU 1, GPU 117 (MiB)
14:19:51  INFO     [RAMS] YOLOv8-medium ready — TensorRT yolov8m.engine (imgsz=640).
14:19:51  INFO     [RAMS] Controller ready. Policy: predictive
14:19:52  INFO     [RAMS] Tier switch: SMALL → NANO  (R=0.682)
14:19:56  INFO     [RAMS] Controller stopped.
    block=7/10 method=safety2 ...
14:19:56  INFO     [RAMS] Starting resource monitor ...
14:19:56  INFO     [RAMS] Loading model tiers ...
WARNING ⚠️ Unable to automatically guess model task, assuming 'task=detect'. Explicitly define task for your model, i.e. 'task=detect', 'segment', 'classify', 'pose', 'obb' or 'semantic'.
Loading yolov8n.engine for TensorRT inference...
[09/09/2026-14:19:56] [TRT] [I] Loaded engine size: 7 MiB
[09/09/2026-14:19:56] [TRT] [I] [MemUsageChange] TensorRT-managed allocation in IExecutionContext creation: CPU +0, GPU +3, now: CPU 0, GPU 9 (MiB)
14:19:56  INFO     [RAMS] YOLOv8-nano ready — TensorRT yolov8n.engine (imgsz=320).
WARNING ⚠️ Unable to automatically guess model task, assuming 'task=detect'. Explicitly define task for your model, i.e. 'task=detect', 'segment', 'classify', 'pose', 'obb' or 'semantic'.
Loading yolov8s.engine for TensorRT inference...
[09/09/2026-14:19:56] [TRT] [I] The logger passed into createInferRuntime differs from one already provided for an existing builder, runtime, or refitter. Uses of the global logger, returned by nvinfer1::getLogger(), will return the existing value.
[09/09/2026-14:19:56] [TRT] [I] Loaded engine size: 23 MiB
[09/09/2026-14:19:56] [TRT] [I] [MemUsageChange] TensorRT-managed allocation in IExecutionContext creation: CPU +1, GPU +7, now: CPU 1, GPU 38 (MiB)
14:19:57  INFO     [RAMS] YOLOv8-small ready — TensorRT yolov8s.engine (imgsz=416).
WARNING ⚠️ Unable to automatically guess model task, assuming 'task=detect'. Explicitly define task for your model, i.e. 'task=detect', 'segment', 'classify', 'pose', 'obb' or 'semantic'.
Loading yolov8m.engine for TensorRT inference...
[09/09/2026-14:19:57] [TRT] [I] The logger passed into createInferRuntime differs from one already provided for an existing builder, runtime, or refitter. Uses of the global logger, returned by nvinfer1::getLogger(), will return the existing value.
[09/09/2026-14:19:57] [TRT] [I] Loaded engine size: 52 MiB
[09/09/2026-14:19:57] [TRT] [I] [MemUsageChange] TensorRT-managed allocation in IExecutionContext creation: CPU +0, GPU +29, now: CPU 1, GPU 117 (MiB)
14:19:57  INFO     [RAMS] YOLOv8-medium ready — TensorRT yolov8m.engine (imgsz=640).
14:19:57  INFO     [RAMS] Controller ready. Policy: safety2
14:19:58  INFO     [RAMS] Tier switch: SMALL → NANO  (R=0.735)
14:19:58  INFO     [RAMS] Tier switch: NANO → MEDIUM  (R=0.748)
14:19:59  INFO     [RAMS] Tier switch: MEDIUM → NANO  (R=0.831)
14:19:59  INFO     [RAMS] Tier switch: NANO → SMALL  (R=0.831)
14:19:59  INFO     [RAMS] Tier switch: SMALL → MEDIUM  (R=0.831)
14:19:59  INFO     [RAMS] Tier switch: MEDIUM → SMALL  (R=0.805)
14:19:59  INFO     [RAMS] Tier switch: SMALL → MEDIUM  (R=0.856)
14:20:01  INFO     [RAMS] Tier switch: MEDIUM → NANO  (R=0.769)
14:20:01  INFO     [RAMS] Tier switch: NANO → MEDIUM  (R=0.710)
14:20:02  INFO     [RAMS] Tier switch: MEDIUM → NANO  (R=0.782)
14:20:02  INFO     [RAMS] Tier switch: NANO → MEDIUM  (R=0.741)
14:20:03  INFO     [RAMS] Tier switch: MEDIUM → SMALL  (R=0.760)
14:20:03  INFO     [RAMS] Tier switch: SMALL → MEDIUM  (R=0.764)
14:20:03  INFO     [RAMS] Tier switch: MEDIUM → NANO  (R=0.722)
14:20:04  INFO     [RAMS] Tier switch: NANO → SMALL  (R=0.775)
14:20:04  INFO     [RAMS] Tier switch: SMALL → MEDIUM  (R=0.764)
14:20:05  INFO     [RAMS] Tier switch: MEDIUM → NANO  (R=0.735)
14:20:05  INFO     [RAMS] Controller stopped.
    block=8/10 method=adaptive ...
14:20:05  INFO     [RAMS] Starting resource monitor ...
14:20:05  INFO     [RAMS] Loading model tiers ...
WARNING ⚠️ Unable to automatically guess model task, assuming 'task=detect'. Explicitly define task for your model, i.e. 'task=detect', 'segment', 'classify', 'pose', 'obb' or 'semantic'.
Loading yolov8n.engine for TensorRT inference...
[09/09/2026-14:20:05] [TRT] [I] Loaded engine size: 7 MiB
[09/09/2026-14:20:05] [TRT] [I] [MemUsageChange] TensorRT-managed allocation in IExecutionContext creation: CPU +0, GPU +3, now: CPU 0, GPU 9 (MiB)
14:20:05  INFO     [RAMS] YOLOv8-nano ready — TensorRT yolov8n.engine (imgsz=320).
WARNING ⚠️ Unable to automatically guess model task, assuming 'task=detect'. Explicitly define task for your model, i.e. 'task=detect', 'segment', 'classify', 'pose', 'obb' or 'semantic'.
Loading yolov8s.engine for TensorRT inference...
[09/09/2026-14:20:05] [TRT] [I] The logger passed into createInferRuntime differs from one already provided for an existing builder, runtime, or refitter. Uses of the global logger, returned by nvinfer1::getLogger(), will return the existing value.
[09/09/2026-14:20:05] [TRT] [I] Loaded engine size: 23 MiB
[09/09/2026-14:20:05] [TRT] [I] [MemUsageChange] TensorRT-managed allocation in IExecutionContext creation: CPU +1, GPU +7, now: CPU 1, GPU 38 (MiB)
14:20:05  INFO     [RAMS] YOLOv8-small ready — TensorRT yolov8s.engine (imgsz=416).
WARNING ⚠️ Unable to automatically guess model task, assuming 'task=detect'. Explicitly define task for your model, i.e. 'task=detect', 'segment', 'classify', 'pose', 'obb' or 'semantic'.
Loading yolov8m.engine for TensorRT inference...
[09/09/2026-14:20:05] [TRT] [I] The logger passed into createInferRuntime differs from one already provided for an existing builder, runtime, or refitter. Uses of the global logger, returned by nvinfer1::getLogger(), will return the existing value.
[09/09/2026-14:20:05] [TRT] [I] Loaded engine size: 52 MiB
[09/09/2026-14:20:05] [TRT] [I] [MemUsageChange] TensorRT-managed allocation in IExecutionContext creation: CPU +0, GPU +29, now: CPU 1, GPU 117 (MiB)
14:20:05  INFO     [RAMS] YOLOv8-medium ready — TensorRT yolov8m.engine (imgsz=640).
14:20:05  INFO     [RAMS] Controller ready. Policy: adaptive
14:20:06  INFO     [RAMS] Tier switch: SMALL → NANO  (R=0.679)
14:20:11  INFO     [RAMS] Controller stopped.
    block=8/10 method=FIXED_SMALL ...
14:20:11  INFO     [RAMS] Starting resource monitor ...
14:20:11  INFO     [RAMS] Loading model tiers ...
WARNING ⚠️ Unable to automatically guess model task, assuming 'task=detect'. Explicitly define task for your model, i.e. 'task=detect', 'segment', 'classify', 'pose', 'obb' or 'semantic'.
Loading yolov8n.engine for TensorRT inference...
[09/09/2026-14:20:11] [TRT] [I] Loaded engine size: 7 MiB
[09/09/2026-14:20:11] [TRT] [I] [MemUsageChange] TensorRT-managed allocation in IExecutionContext creation: CPU +0, GPU +3, now: CPU 0, GPU 9 (MiB)
14:20:11  INFO     [RAMS] YOLOv8-nano ready — TensorRT yolov8n.engine (imgsz=320).
WARNING ⚠️ Unable to automatically guess model task, assuming 'task=detect'. Explicitly define task for your model, i.e. 'task=detect', 'segment', 'classify', 'pose', 'obb' or 'semantic'.
Loading yolov8s.engine for TensorRT inference...
[09/09/2026-14:20:11] [TRT] [I] The logger passed into createInferRuntime differs from one already provided for an existing builder, runtime, or refitter. Uses of the global logger, returned by nvinfer1::getLogger(), will return the existing value.
[09/09/2026-14:20:11] [TRT] [I] Loaded engine size: 23 MiB
[09/09/2026-14:20:11] [TRT] [I] [MemUsageChange] TensorRT-managed allocation in IExecutionContext creation: CPU +1, GPU +7, now: CPU 1, GPU 38 (MiB)
14:20:11  INFO     [RAMS] YOLOv8-small ready — TensorRT yolov8s.engine (imgsz=416).
WARNING ⚠️ Unable to automatically guess model task, assuming 'task=detect'. Explicitly define task for your model, i.e. 'task=detect', 'segment', 'classify', 'pose', 'obb' or 'semantic'.
Loading yolov8m.engine for TensorRT inference...
[09/09/2026-14:20:11] [TRT] [I] The logger passed into createInferRuntime differs from one already provided for an existing builder, runtime, or refitter. Uses of the global logger, returned by nvinfer1::getLogger(), will return the existing value.
[09/09/2026-14:20:11] [TRT] [I] Loaded engine size: 52 MiB
[09/09/2026-14:20:11] [TRT] [I] [MemUsageChange] TensorRT-managed allocation in IExecutionContext creation: CPU +0, GPU +29, now: CPU 1, GPU 117 (MiB)
14:20:11  INFO     [RAMS] YOLOv8-medium ready — TensorRT yolov8m.engine (imgsz=640).
14:20:11  INFO     [RAMS] Controller ready. Policy: fixed
14:20:17  INFO     [RAMS] Controller stopped.
    block=8/10 method=threshold ...
14:20:17  INFO     [RAMS] Starting resource monitor ...
14:20:17  INFO     [RAMS] Loading model tiers ...
WARNING ⚠️ Unable to automatically guess model task, assuming 'task=detect'. Explicitly define task for your model, i.e. 'task=detect', 'segment', 'classify', 'pose', 'obb' or 'semantic'.
Loading yolov8n.engine for TensorRT inference...
[09/09/2026-14:20:17] [TRT] [I] Loaded engine size: 7 MiB
[09/09/2026-14:20:17] [TRT] [I] [MemUsageChange] TensorRT-managed allocation in IExecutionContext creation: CPU +0, GPU +3, now: CPU 0, GPU 9 (MiB)
14:20:17  INFO     [RAMS] YOLOv8-nano ready — TensorRT yolov8n.engine (imgsz=320).
WARNING ⚠️ Unable to automatically guess model task, assuming 'task=detect'. Explicitly define task for your model, i.e. 'task=detect', 'segment', 'classify', 'pose', 'obb' or 'semantic'.
Loading yolov8s.engine for TensorRT inference...
[09/09/2026-14:20:17] [TRT] [I] The logger passed into createInferRuntime differs from one already provided for an existing builder, runtime, or refitter. Uses of the global logger, returned by nvinfer1::getLogger(), will return the existing value.
[09/09/2026-14:20:17] [TRT] [I] Loaded engine size: 23 MiB
[09/09/2026-14:20:18] [TRT] [I] [MemUsageChange] TensorRT-managed allocation in IExecutionContext creation: CPU +1, GPU +7, now: CPU 1, GPU 38 (MiB)
14:20:18  INFO     [RAMS] YOLOv8-small ready — TensorRT yolov8s.engine (imgsz=416).
WARNING ⚠️ Unable to automatically guess model task, assuming 'task=detect'. Explicitly define task for your model, i.e. 'task=detect', 'segment', 'classify', 'pose', 'obb' or 'semantic'.
Loading yolov8m.engine for TensorRT inference...
[09/09/2026-14:20:18] [TRT] [I] The logger passed into createInferRuntime differs from one already provided for an existing builder, runtime, or refitter. Uses of the global logger, returned by nvinfer1::getLogger(), will return the existing value.
[09/09/2026-14:20:18] [TRT] [I] Loaded engine size: 52 MiB
[09/09/2026-14:20:18] [TRT] [I] [MemUsageChange] TensorRT-managed allocation in IExecutionContext creation: CPU +0, GPU +29, now: CPU 1, GPU 117 (MiB)
14:20:18  INFO     [RAMS] YOLOv8-medium ready — TensorRT yolov8m.engine (imgsz=640).
14:20:18  INFO     [RAMS] Controller ready. Policy: threshold
14:20:19  INFO     [RAMS] Tier switch: SMALL → NANO  (R=0.744)
14:20:23  INFO     [RAMS] Controller stopped.
    block=8/10 method=FIXED_MEDIUM ...
14:20:23  INFO     [RAMS] Starting resource monitor ...
14:20:23  INFO     [RAMS] Loading model tiers ...
WARNING ⚠️ Unable to automatically guess model task, assuming 'task=detect'. Explicitly define task for your model, i.e. 'task=detect', 'segment', 'classify', 'pose', 'obb' or 'semantic'.
Loading yolov8n.engine for TensorRT inference...
[09/09/2026-14:20:24] [TRT] [I] Loaded engine size: 7 MiB
[09/09/2026-14:20:24] [TRT] [I] [MemUsageChange] TensorRT-managed allocation in IExecutionContext creation: CPU +0, GPU +3, now: CPU 0, GPU 9 (MiB)
14:20:24  INFO     [RAMS] YOLOv8-nano ready — TensorRT yolov8n.engine (imgsz=320).
WARNING ⚠️ Unable to automatically guess model task, assuming 'task=detect'. Explicitly define task for your model, i.e. 'task=detect', 'segment', 'classify', 'pose', 'obb' or 'semantic'.
Loading yolov8s.engine for TensorRT inference...
[09/09/2026-14:20:24] [TRT] [I] The logger passed into createInferRuntime differs from one already provided for an existing builder, runtime, or refitter. Uses of the global logger, returned by nvinfer1::getLogger(), will return the existing value.
[09/09/2026-14:20:24] [TRT] [I] Loaded engine size: 23 MiB
[09/09/2026-14:20:24] [TRT] [I] [MemUsageChange] TensorRT-managed allocation in IExecutionContext creation: CPU +1, GPU +7, now: CPU 1, GPU 38 (MiB)
14:20:24  INFO     [RAMS] YOLOv8-small ready — TensorRT yolov8s.engine (imgsz=416).
WARNING ⚠️ Unable to automatically guess model task, assuming 'task=detect'. Explicitly define task for your model, i.e. 'task=detect', 'segment', 'classify', 'pose', 'obb' or 'semantic'.
Loading yolov8m.engine for TensorRT inference...
[09/09/2026-14:20:24] [TRT] [I] The logger passed into createInferRuntime differs from one already provided for an existing builder, runtime, or refitter. Uses of the global logger, returned by nvinfer1::getLogger(), will return the existing value.
[09/09/2026-14:20:24] [TRT] [I] Loaded engine size: 52 MiB
[09/09/2026-14:20:24] [TRT] [I] [MemUsageChange] TensorRT-managed allocation in IExecutionContext creation: CPU +0, GPU +29, now: CPU 1, GPU 117 (MiB)
14:20:24  INFO     [RAMS] YOLOv8-medium ready — TensorRT yolov8m.engine (imgsz=640).
14:20:24  INFO     [RAMS] Controller ready. Policy: fixed
14:20:25  INFO     [RAMS] Tier switch: SMALL → MEDIUM  (R=0.699)
14:20:32  INFO     [RAMS] Controller stopped.
    block=8/10 method=safety2 ...
14:20:32  INFO     [RAMS] Starting resource monitor ...
14:20:32  INFO     [RAMS] Loading model tiers ...
WARNING ⚠️ Unable to automatically guess model task, assuming 'task=detect'. Explicitly define task for your model, i.e. 'task=detect', 'segment', 'classify', 'pose', 'obb' or 'semantic'.
Loading yolov8n.engine for TensorRT inference...
[09/09/2026-14:20:32] [TRT] [I] Loaded engine size: 7 MiB
[09/09/2026-14:20:33] [TRT] [I] [MemUsageChange] TensorRT-managed allocation in IExecutionContext creation: CPU +0, GPU +3, now: CPU 0, GPU 9 (MiB)
14:20:33  INFO     [RAMS] YOLOv8-nano ready — TensorRT yolov8n.engine (imgsz=320).
WARNING ⚠️ Unable to automatically guess model task, assuming 'task=detect'. Explicitly define task for your model, i.e. 'task=detect', 'segment', 'classify', 'pose', 'obb' or 'semantic'.
Loading yolov8s.engine for TensorRT inference...
[09/09/2026-14:20:33] [TRT] [I] The logger passed into createInferRuntime differs from one already provided for an existing builder, runtime, or refitter. Uses of the global logger, returned by nvinfer1::getLogger(), will return the existing value.
[09/09/2026-14:20:33] [TRT] [I] Loaded engine size: 23 MiB
[09/09/2026-14:20:33] [TRT] [I] [MemUsageChange] TensorRT-managed allocation in IExecutionContext creation: CPU +1, GPU +7, now: CPU 1, GPU 38 (MiB)
14:20:33  INFO     [RAMS] YOLOv8-small ready — TensorRT yolov8s.engine (imgsz=416).
WARNING ⚠️ Unable to automatically guess model task, assuming 'task=detect'. Explicitly define task for your model, i.e. 'task=detect', 'segment', 'classify', 'pose', 'obb' or 'semantic'.
Loading yolov8m.engine for TensorRT inference...
[09/09/2026-14:20:33] [TRT] [I] The logger passed into createInferRuntime differs from one already provided for an existing builder, runtime, or refitter. Uses of the global logger, returned by nvinfer1::getLogger(), will return the existing value.
[09/09/2026-14:20:33] [TRT] [I] Loaded engine size: 52 MiB
[09/09/2026-14:20:33] [TRT] [I] [MemUsageChange] TensorRT-managed allocation in IExecutionContext creation: CPU +0, GPU +29, now: CPU 1, GPU 117 (MiB)
14:20:33  INFO     [RAMS] YOLOv8-medium ready — TensorRT yolov8m.engine (imgsz=640).
14:20:33  INFO     [RAMS] Controller ready. Policy: safety2
14:20:34  INFO     [RAMS] Tier switch: SMALL → NANO  (R=0.677)
14:20:34  INFO     [RAMS] Tier switch: NANO → MEDIUM  (R=0.731)
14:20:34  INFO     [RAMS] Tier switch: MEDIUM → NANO  (R=0.823)
14:20:35  INFO     [RAMS] Tier switch: NANO → MEDIUM  (R=0.736)
14:20:36  INFO     [RAMS] Tier switch: MEDIUM → NANO  (R=0.720)
14:20:36  INFO     [RAMS] Tier switch: NANO → MEDIUM  (R=0.758)
14:20:38  INFO     [RAMS] Tier switch: MEDIUM → NANO  (R=0.820)
14:20:38  INFO     [RAMS] Tier switch: NANO → MEDIUM  (R=0.796)
14:20:39  INFO     [RAMS] Tier switch: MEDIUM → NANO  (R=0.736)
14:20:39  INFO     [RAMS] Tier switch: NANO → MEDIUM  (R=0.736)
14:20:41  INFO     [RAMS] Controller stopped.
    block=8/10 method=predictive ...
14:20:41  INFO     [RAMS] Starting resource monitor ...
14:20:41  INFO     [RAMS] Loading model tiers ...
WARNING ⚠️ Unable to automatically guess model task, assuming 'task=detect'. Explicitly define task for your model, i.e. 'task=detect', 'segment', 'classify', 'pose', 'obb' or 'semantic'.
Loading yolov8n.engine for TensorRT inference...
[09/09/2026-14:20:41] [TRT] [I] Loaded engine size: 7 MiB
[09/09/2026-14:20:41] [TRT] [I] [MemUsageChange] TensorRT-managed allocation in IExecutionContext creation: CPU +0, GPU +3, now: CPU 0, GPU 9 (MiB)
14:20:41  INFO     [RAMS] YOLOv8-nano ready — TensorRT yolov8n.engine (imgsz=320).
WARNING ⚠️ Unable to automatically guess model task, assuming 'task=detect'. Explicitly define task for your model, i.e. 'task=detect', 'segment', 'classify', 'pose', 'obb' or 'semantic'.
Loading yolov8s.engine for TensorRT inference...
[09/09/2026-14:20:41] [TRT] [I] The logger passed into createInferRuntime differs from one already provided for an existing builder, runtime, or refitter. Uses of the global logger, returned by nvinfer1::getLogger(), will return the existing value.
[09/09/2026-14:20:41] [TRT] [I] Loaded engine size: 23 MiB
[09/09/2026-14:20:41] [TRT] [I] [MemUsageChange] TensorRT-managed allocation in IExecutionContext creation: CPU +1, GPU +7, now: CPU 1, GPU 38 (MiB)
14:20:41  INFO     [RAMS] YOLOv8-small ready — TensorRT yolov8s.engine (imgsz=416).
WARNING ⚠️ Unable to automatically guess model task, assuming 'task=detect'. Explicitly define task for your model, i.e. 'task=detect', 'segment', 'classify', 'pose', 'obb' or 'semantic'.
Loading yolov8m.engine for TensorRT inference...
[09/09/2026-14:20:41] [TRT] [I] The logger passed into createInferRuntime differs from one already provided for an existing builder, runtime, or refitter. Uses of the global logger, returned by nvinfer1::getLogger(), will return the existing value.
[09/09/2026-14:20:41] [TRT] [I] Loaded engine size: 52 MiB
[09/09/2026-14:20:41] [TRT] [I] [MemUsageChange] TensorRT-managed allocation in IExecutionContext creation: CPU +0, GPU +29, now: CPU 1, GPU 117 (MiB)
14:20:41  INFO     [RAMS] YOLOv8-medium ready — TensorRT yolov8m.engine (imgsz=640).
14:20:41  INFO     [RAMS] Controller ready. Policy: predictive
14:20:43  INFO     [RAMS] Tier switch: SMALL → NANO  (R=0.718)
14:20:47  INFO     [RAMS] Controller stopped.
    block=8/10 method=safety ...
14:20:47  INFO     [RAMS] Starting resource monitor ...
14:20:47  INFO     [RAMS] Loading model tiers ...
WARNING ⚠️ Unable to automatically guess model task, assuming 'task=detect'. Explicitly define task for your model, i.e. 'task=detect', 'segment', 'classify', 'pose', 'obb' or 'semantic'.
Loading yolov8n.engine for TensorRT inference...
[09/09/2026-14:20:47] [TRT] [I] Loaded engine size: 7 MiB
[09/09/2026-14:20:47] [TRT] [I] [MemUsageChange] TensorRT-managed allocation in IExecutionContext creation: CPU +0, GPU +3, now: CPU 0, GPU 9 (MiB)
14:20:47  INFO     [RAMS] YOLOv8-nano ready — TensorRT yolov8n.engine (imgsz=320).
WARNING ⚠️ Unable to automatically guess model task, assuming 'task=detect'. Explicitly define task for your model, i.e. 'task=detect', 'segment', 'classify', 'pose', 'obb' or 'semantic'.
Loading yolov8s.engine for TensorRT inference...
[09/09/2026-14:20:47] [TRT] [I] The logger passed into createInferRuntime differs from one already provided for an existing builder, runtime, or refitter. Uses of the global logger, returned by nvinfer1::getLogger(), will return the existing value.
[09/09/2026-14:20:47] [TRT] [I] Loaded engine size: 23 MiB
[09/09/2026-14:20:47] [TRT] [I] [MemUsageChange] TensorRT-managed allocation in IExecutionContext creation: CPU +1, GPU +7, now: CPU 1, GPU 38 (MiB)
14:20:47  INFO     [RAMS] YOLOv8-small ready — TensorRT yolov8s.engine (imgsz=416).
WARNING ⚠️ Unable to automatically guess model task, assuming 'task=detect'. Explicitly define task for your model, i.e. 'task=detect', 'segment', 'classify', 'pose', 'obb' or 'semantic'.
Loading yolov8m.engine for TensorRT inference...
[09/09/2026-14:20:47] [TRT] [I] The logger passed into createInferRuntime differs from one already provided for an existing builder, runtime, or refitter. Uses of the global logger, returned by nvinfer1::getLogger(), will return the existing value.
[09/09/2026-14:20:47] [TRT] [I] Loaded engine size: 52 MiB
[09/09/2026-14:20:47] [TRT] [I] [MemUsageChange] TensorRT-managed allocation in IExecutionContext creation: CPU +0, GPU +29, now: CPU 1, GPU 117 (MiB)
14:20:47  INFO     [RAMS] YOLOv8-medium ready — TensorRT yolov8m.engine (imgsz=640).
14:20:47  INFO     [RAMS] Controller ready. Policy: safety
14:20:48  INFO     [RAMS] Tier switch: SMALL → NANO  (R=0.880)
14:20:49  INFO     [RAMS] Tier switch: NANO → SMALL  (R=0.878)
14:20:53  INFO     [RAMS] Controller stopped.
    block=8/10 method=FIXED_NANO ...
14:20:53  INFO     [RAMS] Starting resource monitor ...
14:20:53  INFO     [RAMS] Loading model tiers ...
WARNING ⚠️ Unable to automatically guess model task, assuming 'task=detect'. Explicitly define task for your model, i.e. 'task=detect', 'segment', 'classify', 'pose', 'obb' or 'semantic'.
Loading yolov8n.engine for TensorRT inference...
[09/09/2026-14:20:53] [TRT] [I] Loaded engine size: 7 MiB
[09/09/2026-14:20:53] [TRT] [I] [MemUsageChange] TensorRT-managed allocation in IExecutionContext creation: CPU +0, GPU +3, now: CPU 0, GPU 9 (MiB)
14:20:53  INFO     [RAMS] YOLOv8-nano ready — TensorRT yolov8n.engine (imgsz=320).
WARNING ⚠️ Unable to automatically guess model task, assuming 'task=detect'. Explicitly define task for your model, i.e. 'task=detect', 'segment', 'classify', 'pose', 'obb' or 'semantic'.
Loading yolov8s.engine for TensorRT inference...
[09/09/2026-14:20:53] [TRT] [I] The logger passed into createInferRuntime differs from one already provided for an existing builder, runtime, or refitter. Uses of the global logger, returned by nvinfer1::getLogger(), will return the existing value.
[09/09/2026-14:20:53] [TRT] [I] Loaded engine size: 23 MiB
[09/09/2026-14:20:53] [TRT] [I] [MemUsageChange] TensorRT-managed allocation in IExecutionContext creation: CPU +1, GPU +7, now: CPU 1, GPU 38 (MiB)
14:20:53  INFO     [RAMS] YOLOv8-small ready — TensorRT yolov8s.engine (imgsz=416).
WARNING ⚠️ Unable to automatically guess model task, assuming 'task=detect'. Explicitly define task for your model, i.e. 'task=detect', 'segment', 'classify', 'pose', 'obb' or 'semantic'.
Loading yolov8m.engine for TensorRT inference...
[09/09/2026-14:20:53] [TRT] [I] The logger passed into createInferRuntime differs from one already provided for an existing builder, runtime, or refitter. Uses of the global logger, returned by nvinfer1::getLogger(), will return the existing value.
[09/09/2026-14:20:53] [TRT] [I] Loaded engine size: 52 MiB
[09/09/2026-14:20:53] [TRT] [I] [MemUsageChange] TensorRT-managed allocation in IExecutionContext creation: CPU +0, GPU +29, now: CPU 1, GPU 117 (MiB)
14:20:53  INFO     [RAMS] YOLOv8-medium ready — TensorRT yolov8m.engine (imgsz=640).
14:20:53  INFO     [RAMS] Controller ready. Policy: fixed
14:20:54  INFO     [RAMS] Tier switch: SMALL → NANO  (R=0.588)
14:20:58  INFO     [RAMS] Controller stopped.
    block=9/10 method=predictive ...
14:20:58  INFO     [RAMS] Starting resource monitor ...
14:20:58  INFO     [RAMS] Loading model tiers ...
WARNING ⚠️ Unable to automatically guess model task, assuming 'task=detect'. Explicitly define task for your model, i.e. 'task=detect', 'segment', 'classify', 'pose', 'obb' or 'semantic'.
Loading yolov8n.engine for TensorRT inference...
[09/09/2026-14:20:58] [TRT] [I] Loaded engine size: 7 MiB
[09/09/2026-14:20:58] [TRT] [I] [MemUsageChange] TensorRT-managed allocation in IExecutionContext creation: CPU +0, GPU +3, now: CPU 0, GPU 9 (MiB)
14:20:58  INFO     [RAMS] YOLOv8-nano ready — TensorRT yolov8n.engine (imgsz=320).
WARNING ⚠️ Unable to automatically guess model task, assuming 'task=detect'. Explicitly define task for your model, i.e. 'task=detect', 'segment', 'classify', 'pose', 'obb' or 'semantic'.
Loading yolov8s.engine for TensorRT inference...
[09/09/2026-14:20:58] [TRT] [I] The logger passed into createInferRuntime differs from one already provided for an existing builder, runtime, or refitter. Uses of the global logger, returned by nvinfer1::getLogger(), will return the existing value.
[09/09/2026-14:20:58] [TRT] [I] Loaded engine size: 23 MiB
[09/09/2026-14:20:58] [TRT] [I] [MemUsageChange] TensorRT-managed allocation in IExecutionContext creation: CPU +1, GPU +7, now: CPU 1, GPU 38 (MiB)
14:20:58  INFO     [RAMS] YOLOv8-small ready — TensorRT yolov8s.engine (imgsz=416).
WARNING ⚠️ Unable to automatically guess model task, assuming 'task=detect'. Explicitly define task for your model, i.e. 'task=detect', 'segment', 'classify', 'pose', 'obb' or 'semantic'.
Loading yolov8m.engine for TensorRT inference...
[09/09/2026-14:20:58] [TRT] [I] The logger passed into createInferRuntime differs from one already provided for an existing builder, runtime, or refitter. Uses of the global logger, returned by nvinfer1::getLogger(), will return the existing value.
[09/09/2026-14:20:58] [TRT] [I] Loaded engine size: 52 MiB
[09/09/2026-14:20:58] [TRT] [I] [MemUsageChange] TensorRT-managed allocation in IExecutionContext creation: CPU +0, GPU +29, now: CPU 1, GPU 117 (MiB)
14:20:58  INFO     [RAMS] YOLOv8-medium ready — TensorRT yolov8m.engine (imgsz=640).
14:20:58  INFO     [RAMS] Controller ready. Policy: predictive
14:20:59  INFO     [RAMS] Tier switch: SMALL → NANO  (R=0.607)
14:21:04  INFO     [RAMS] Controller stopped.
    block=9/10 method=FIXED_SMALL ...
14:21:04  INFO     [RAMS] Starting resource monitor ...
14:21:04  INFO     [RAMS] Loading model tiers ...
WARNING ⚠️ Unable to automatically guess model task, assuming 'task=detect'. Explicitly define task for your model, i.e. 'task=detect', 'segment', 'classify', 'pose', 'obb' or 'semantic'.
Loading yolov8n.engine for TensorRT inference...
[09/09/2026-14:21:04] [TRT] [I] Loaded engine size: 7 MiB
[09/09/2026-14:21:04] [TRT] [I] [MemUsageChange] TensorRT-managed allocation in IExecutionContext creation: CPU +0, GPU +3, now: CPU 0, GPU 9 (MiB)
14:21:04  INFO     [RAMS] YOLOv8-nano ready — TensorRT yolov8n.engine (imgsz=320).
WARNING ⚠️ Unable to automatically guess model task, assuming 'task=detect'. Explicitly define task for your model, i.e. 'task=detect', 'segment', 'classify', 'pose', 'obb' or 'semantic'.
Loading yolov8s.engine for TensorRT inference...
[09/09/2026-14:21:04] [TRT] [I] The logger passed into createInferRuntime differs from one already provided for an existing builder, runtime, or refitter. Uses of the global logger, returned by nvinfer1::getLogger(), will return the existing value.
[09/09/2026-14:21:04] [TRT] [I] Loaded engine size: 23 MiB
[09/09/2026-14:21:04] [TRT] [I] [MemUsageChange] TensorRT-managed allocation in IExecutionContext creation: CPU +1, GPU +7, now: CPU 1, GPU 38 (MiB)
14:21:04  INFO     [RAMS] YOLOv8-small ready — TensorRT yolov8s.engine (imgsz=416).
WARNING ⚠️ Unable to automatically guess model task, assuming 'task=detect'. Explicitly define task for your model, i.e. 'task=detect', 'segment', 'classify', 'pose', 'obb' or 'semantic'.
Loading yolov8m.engine for TensorRT inference...
[09/09/2026-14:21:04] [TRT] [I] The logger passed into createInferRuntime differs from one already provided for an existing builder, runtime, or refitter. Uses of the global logger, returned by nvinfer1::getLogger(), will return the existing value.
[09/09/2026-14:21:04] [TRT] [I] Loaded engine size: 52 MiB
[09/09/2026-14:21:04] [TRT] [I] [MemUsageChange] TensorRT-managed allocation in IExecutionContext creation: CPU +0, GPU +29, now: CPU 1, GPU 117 (MiB)
14:21:04  INFO     [RAMS] YOLOv8-medium ready — TensorRT yolov8m.engine (imgsz=640).
14:21:04  INFO     [RAMS] Controller ready. Policy: fixed
14:21:09  INFO     [RAMS] Controller stopped.
    block=9/10 method=FIXED_MEDIUM ...
14:21:09  INFO     [RAMS] Starting resource monitor ...
14:21:09  INFO     [RAMS] Loading model tiers ...
WARNING ⚠️ Unable to automatically guess model task, assuming 'task=detect'. Explicitly define task for your model, i.e. 'task=detect', 'segment', 'classify', 'pose', 'obb' or 'semantic'.
Loading yolov8n.engine for TensorRT inference...
[09/09/2026-14:21:09] [TRT] [I] Loaded engine size: 7 MiB
[09/09/2026-14:21:10] [TRT] [I] [MemUsageChange] TensorRT-managed allocation in IExecutionContext creation: CPU +0, GPU +3, now: CPU 0, GPU 9 (MiB)
14:21:10  INFO     [RAMS] YOLOv8-nano ready — TensorRT yolov8n.engine (imgsz=320).
WARNING ⚠️ Unable to automatically guess model task, assuming 'task=detect'. Explicitly define task for your model, i.e. 'task=detect', 'segment', 'classify', 'pose', 'obb' or 'semantic'.
Loading yolov8s.engine for TensorRT inference...
[09/09/2026-14:21:10] [TRT] [I] The logger passed into createInferRuntime differs from one already provided for an existing builder, runtime, or refitter. Uses of the global logger, returned by nvinfer1::getLogger(), will return the existing value.
[09/09/2026-14:21:10] [TRT] [I] Loaded engine size: 23 MiB
[09/09/2026-14:21:10] [TRT] [I] [MemUsageChange] TensorRT-managed allocation in IExecutionContext creation: CPU +1, GPU +7, now: CPU 1, GPU 38 (MiB)
14:21:10  INFO     [RAMS] YOLOv8-small ready — TensorRT yolov8s.engine (imgsz=416).
WARNING ⚠️ Unable to automatically guess model task, assuming 'task=detect'. Explicitly define task for your model, i.e. 'task=detect', 'segment', 'classify', 'pose', 'obb' or 'semantic'.
Loading yolov8m.engine for TensorRT inference...
[09/09/2026-14:21:10] [TRT] [I] The logger passed into createInferRuntime differs from one already provided for an existing builder, runtime, or refitter. Uses of the global logger, returned by nvinfer1::getLogger(), will return the existing value.
[09/09/2026-14:21:10] [TRT] [I] Loaded engine size: 52 MiB
[09/09/2026-14:21:10] [TRT] [I] [MemUsageChange] TensorRT-managed allocation in IExecutionContext creation: CPU +0, GPU +29, now: CPU 1, GPU 117 (MiB)
14:21:10  INFO     [RAMS] YOLOv8-medium ready — TensorRT yolov8m.engine (imgsz=640).
14:21:10  INFO     [RAMS] Controller ready. Policy: fixed
14:21:11  INFO     [RAMS] Tier switch: SMALL → MEDIUM  (R=0.656)
14:21:16  INFO     [RAMS] Controller stopped.
    block=9/10 method=safety2 ...
14:21:17  INFO     [RAMS] Starting resource monitor ...
14:21:17  INFO     [RAMS] Loading model tiers ...
WARNING ⚠️ Unable to automatically guess model task, assuming 'task=detect'. Explicitly define task for your model, i.e. 'task=detect', 'segment', 'classify', 'pose', 'obb' or 'semantic'.
Loading yolov8n.engine for TensorRT inference...
[09/09/2026-14:21:17] [TRT] [I] Loaded engine size: 7 MiB
[09/09/2026-14:21:17] [TRT] [I] [MemUsageChange] TensorRT-managed allocation in IExecutionContext creation: CPU +0, GPU +3, now: CPU 0, GPU 9 (MiB)
14:21:17  INFO     [RAMS] YOLOv8-nano ready — TensorRT yolov8n.engine (imgsz=320).
WARNING ⚠️ Unable to automatically guess model task, assuming 'task=detect'. Explicitly define task for your model, i.e. 'task=detect', 'segment', 'classify', 'pose', 'obb' or 'semantic'.
Loading yolov8s.engine for TensorRT inference...
[09/09/2026-14:21:17] [TRT] [I] The logger passed into createInferRuntime differs from one already provided for an existing builder, runtime, or refitter. Uses of the global logger, returned by nvinfer1::getLogger(), will return the existing value.
[09/09/2026-14:21:17] [TRT] [I] Loaded engine size: 23 MiB
[09/09/2026-14:21:17] [TRT] [I] [MemUsageChange] TensorRT-managed allocation in IExecutionContext creation: CPU +1, GPU +7, now: CPU 1, GPU 38 (MiB)
14:21:17  INFO     [RAMS] YOLOv8-small ready — TensorRT yolov8s.engine (imgsz=416).
WARNING ⚠️ Unable to automatically guess model task, assuming 'task=detect'. Explicitly define task for your model, i.e. 'task=detect', 'segment', 'classify', 'pose', 'obb' or 'semantic'.
Loading yolov8m.engine for TensorRT inference...
[09/09/2026-14:21:17] [TRT] [I] The logger passed into createInferRuntime differs from one already provided for an existing builder, runtime, or refitter. Uses of the global logger, returned by nvinfer1::getLogger(), will return the existing value.
[09/09/2026-14:21:17] [TRT] [I] Loaded engine size: 52 MiB
[09/09/2026-14:21:17] [TRT] [I] [MemUsageChange] TensorRT-managed allocation in IExecutionContext creation: CPU +0, GPU +29, now: CPU 1, GPU 117 (MiB)
14:21:17  INFO     [RAMS] YOLOv8-medium ready — TensorRT yolov8m.engine (imgsz=640).
14:21:17  INFO     [RAMS] Controller ready. Policy: safety2
14:21:18  INFO     [RAMS] Tier switch: SMALL → MEDIUM  (R=0.673)
14:21:19  INFO     [RAMS] Tier switch: MEDIUM → NANO  (R=0.644)
14:21:19  INFO     [RAMS] Tier switch: NANO → MEDIUM  (R=0.659)
14:21:20  INFO     [RAMS] Tier switch: MEDIUM → NANO  (R=0.713)
14:21:21  INFO     [RAMS] Tier switch: NANO → SMALL  (R=0.662)
14:21:21  INFO     [RAMS] Tier switch: SMALL → MEDIUM  (R=0.703)
14:21:21  INFO     [RAMS] Tier switch: MEDIUM → NANO  (R=0.692)
14:21:22  INFO     [RAMS] Tier switch: NANO → MEDIUM  (R=0.695)
14:21:22  INFO     [RAMS] Tier switch: MEDIUM → NANO  (R=0.748)
14:21:23  INFO     [RAMS] Tier switch: NANO → SMALL  (R=0.706)
14:21:23  INFO     [RAMS] Tier switch: SMALL → MEDIUM  (R=0.692)
14:21:23  INFO     [RAMS] Controller stopped.
    block=9/10 method=safety ...
14:21:23  INFO     [RAMS] Starting resource monitor ...
14:21:23  INFO     [RAMS] Loading model tiers ...
WARNING ⚠️ Unable to automatically guess model task, assuming 'task=detect'. Explicitly define task for your model, i.e. 'task=detect', 'segment', 'classify', 'pose', 'obb' or 'semantic'.
Loading yolov8n.engine for TensorRT inference...
[09/09/2026-14:21:23] [TRT] [I] Loaded engine size: 7 MiB
[09/09/2026-14:21:23] [TRT] [I] [MemUsageChange] TensorRT-managed allocation in IExecutionContext creation: CPU +0, GPU +3, now: CPU 0, GPU 9 (MiB)
14:21:23  INFO     [RAMS] YOLOv8-nano ready — TensorRT yolov8n.engine (imgsz=320).
WARNING ⚠️ Unable to automatically guess model task, assuming 'task=detect'. Explicitly define task for your model, i.e. 'task=detect', 'segment', 'classify', 'pose', 'obb' or 'semantic'.
Loading yolov8s.engine for TensorRT inference...
[09/09/2026-14:21:23] [TRT] [I] The logger passed into createInferRuntime differs from one already provided for an existing builder, runtime, or refitter. Uses of the global logger, returned by nvinfer1::getLogger(), will return the existing value.
[09/09/2026-14:21:23] [TRT] [I] Loaded engine size: 23 MiB
[09/09/2026-14:21:24] [TRT] [I] [MemUsageChange] TensorRT-managed allocation in IExecutionContext creation: CPU +1, GPU +7, now: CPU 1, GPU 38 (MiB)
14:21:24  INFO     [RAMS] YOLOv8-small ready — TensorRT yolov8s.engine (imgsz=416).
WARNING ⚠️ Unable to automatically guess model task, assuming 'task=detect'. Explicitly define task for your model, i.e. 'task=detect', 'segment', 'classify', 'pose', 'obb' or 'semantic'.
Loading yolov8m.engine for TensorRT inference...
[09/09/2026-14:21:24] [TRT] [I] The logger passed into createInferRuntime differs from one already provided for an existing builder, runtime, or refitter. Uses of the global logger, returned by nvinfer1::getLogger(), will return the existing value.
[09/09/2026-14:21:24] [TRT] [I] Loaded engine size: 52 MiB
[09/09/2026-14:21:24] [TRT] [I] [MemUsageChange] TensorRT-managed allocation in IExecutionContext creation: CPU +0, GPU +29, now: CPU 1, GPU 117 (MiB)
14:21:24  INFO     [RAMS] YOLOv8-medium ready — TensorRT yolov8m.engine (imgsz=640).
14:21:24  INFO     [RAMS] Controller ready. Policy: safety
14:21:29  INFO     [RAMS] Controller stopped.
    block=9/10 method=adaptive ...
14:21:30  INFO     [RAMS] Starting resource monitor ...
14:21:30  INFO     [RAMS] Loading model tiers ...
WARNING ⚠️ Unable to automatically guess model task, assuming 'task=detect'. Explicitly define task for your model, i.e. 'task=detect', 'segment', 'classify', 'pose', 'obb' or 'semantic'.
Loading yolov8n.engine for TensorRT inference...
[09/09/2026-14:21:30] [TRT] [I] Loaded engine size: 7 MiB
[09/09/2026-14:21:30] [TRT] [I] [MemUsageChange] TensorRT-managed allocation in IExecutionContext creation: CPU +0, GPU +3, now: CPU 0, GPU 9 (MiB)
14:21:30  INFO     [RAMS] YOLOv8-nano ready — TensorRT yolov8n.engine (imgsz=320).
WARNING ⚠️ Unable to automatically guess model task, assuming 'task=detect'. Explicitly define task for your model, i.e. 'task=detect', 'segment', 'classify', 'pose', 'obb' or 'semantic'.
Loading yolov8s.engine for TensorRT inference...
[09/09/2026-14:21:30] [TRT] [I] The logger passed into createInferRuntime differs from one already provided for an existing builder, runtime, or refitter. Uses of the global logger, returned by nvinfer1::getLogger(), will return the existing value.
[09/09/2026-14:21:30] [TRT] [I] Loaded engine size: 23 MiB
[09/09/2026-14:21:30] [TRT] [I] [MemUsageChange] TensorRT-managed allocation in IExecutionContext creation: CPU +1, GPU +7, now: CPU 1, GPU 38 (MiB)
14:21:30  INFO     [RAMS] YOLOv8-small ready — TensorRT yolov8s.engine (imgsz=416).
WARNING ⚠️ Unable to automatically guess model task, assuming 'task=detect'. Explicitly define task for your model, i.e. 'task=detect', 'segment', 'classify', 'pose', 'obb' or 'semantic'.
Loading yolov8m.engine for TensorRT inference...
[09/09/2026-14:21:30] [TRT] [I] The logger passed into createInferRuntime differs from one already provided for an existing builder, runtime, or refitter. Uses of the global logger, returned by nvinfer1::getLogger(), will return the existing value.
[09/09/2026-14:21:30] [TRT] [I] Loaded engine size: 52 MiB
[09/09/2026-14:21:30] [TRT] [I] [MemUsageChange] TensorRT-managed allocation in IExecutionContext creation: CPU +0, GPU +29, now: CPU 1, GPU 117 (MiB)
14:21:30  INFO     [RAMS] YOLOv8-medium ready — TensorRT yolov8m.engine (imgsz=640).
14:21:30  INFO     [RAMS] Controller ready. Policy: adaptive
14:21:31  INFO     [RAMS] Tier switch: SMALL → NANO  (R=0.664)
14:21:35  INFO     [RAMS] Controller stopped.
    block=9/10 method=threshold ...
14:21:35  INFO     [RAMS] Starting resource monitor ...
14:21:35  INFO     [RAMS] Loading model tiers ...
WARNING ⚠️ Unable to automatically guess model task, assuming 'task=detect'. Explicitly define task for your model, i.e. 'task=detect', 'segment', 'classify', 'pose', 'obb' or 'semantic'.
Loading yolov8n.engine for TensorRT inference...
[09/09/2026-14:21:35] [TRT] [I] Loaded engine size: 7 MiB
[09/09/2026-14:21:35] [TRT] [I] [MemUsageChange] TensorRT-managed allocation in IExecutionContext creation: CPU +0, GPU +3, now: CPU 0, GPU 9 (MiB)
14:21:35  INFO     [RAMS] YOLOv8-nano ready — TensorRT yolov8n.engine (imgsz=320).
WARNING ⚠️ Unable to automatically guess model task, assuming 'task=detect'. Explicitly define task for your model, i.e. 'task=detect', 'segment', 'classify', 'pose', 'obb' or 'semantic'.
Loading yolov8s.engine for TensorRT inference...
[09/09/2026-14:21:35] [TRT] [I] The logger passed into createInferRuntime differs from one already provided for an existing builder, runtime, or refitter. Uses of the global logger, returned by nvinfer1::getLogger(), will return the existing value.
[09/09/2026-14:21:35] [TRT] [I] Loaded engine size: 23 MiB
[09/09/2026-14:21:35] [TRT] [I] [MemUsageChange] TensorRT-managed allocation in IExecutionContext creation: CPU +1, GPU +7, now: CPU 1, GPU 38 (MiB)
14:21:35  INFO     [RAMS] YOLOv8-small ready — TensorRT yolov8s.engine (imgsz=416).
WARNING ⚠️ Unable to automatically guess model task, assuming 'task=detect'. Explicitly define task for your model, i.e. 'task=detect', 'segment', 'classify', 'pose', 'obb' or 'semantic'.
Loading yolov8m.engine for TensorRT inference...
[09/09/2026-14:21:35] [TRT] [I] The logger passed into createInferRuntime differs from one already provided for an existing builder, runtime, or refitter. Uses of the global logger, returned by nvinfer1::getLogger(), will return the existing value.
[09/09/2026-14:21:35] [TRT] [I] Loaded engine size: 52 MiB
[09/09/2026-14:21:35] [TRT] [I] [MemUsageChange] TensorRT-managed allocation in IExecutionContext creation: CPU +0, GPU +29, now: CPU 1, GPU 117 (MiB)
14:21:35  INFO     [RAMS] YOLOv8-medium ready — TensorRT yolov8m.engine (imgsz=640).
14:21:35  INFO     [RAMS] Controller ready. Policy: threshold
14:21:36  INFO     [RAMS] Tier switch: SMALL → NANO  (R=0.617)
14:21:40  INFO     [RAMS] Controller stopped.
    block=9/10 method=FIXED_NANO ...
14:21:40  INFO     [RAMS] Starting resource monitor ...
14:21:40  INFO     [RAMS] Loading model tiers ...
WARNING ⚠️ Unable to automatically guess model task, assuming 'task=detect'. Explicitly define task for your model, i.e. 'task=detect', 'segment', 'classify', 'pose', 'obb' or 'semantic'.
Loading yolov8n.engine for TensorRT inference...
[09/09/2026-14:21:40] [TRT] [I] Loaded engine size: 7 MiB
[09/09/2026-14:21:40] [TRT] [I] [MemUsageChange] TensorRT-managed allocation in IExecutionContext creation: CPU +0, GPU +3, now: CPU 0, GPU 9 (MiB)
14:21:40  INFO     [RAMS] YOLOv8-nano ready — TensorRT yolov8n.engine (imgsz=320).
WARNING ⚠️ Unable to automatically guess model task, assuming 'task=detect'. Explicitly define task for your model, i.e. 'task=detect', 'segment', 'classify', 'pose', 'obb' or 'semantic'.
Loading yolov8s.engine for TensorRT inference...
[09/09/2026-14:21:40] [TRT] [I] The logger passed into createInferRuntime differs from one already provided for an existing builder, runtime, or refitter. Uses of the global logger, returned by nvinfer1::getLogger(), will return the existing value.
[09/09/2026-14:21:40] [TRT] [I] Loaded engine size: 23 MiB
[09/09/2026-14:21:40] [TRT] [I] [MemUsageChange] TensorRT-managed allocation in IExecutionContext creation: CPU +1, GPU +7, now: CPU 1, GPU 38 (MiB)
14:21:40  INFO     [RAMS] YOLOv8-small ready — TensorRT yolov8s.engine (imgsz=416).
WARNING ⚠️ Unable to automatically guess model task, assuming 'task=detect'. Explicitly define task for your model, i.e. 'task=detect', 'segment', 'classify', 'pose', 'obb' or 'semantic'.
Loading yolov8m.engine for TensorRT inference...
[09/09/2026-14:21:40] [TRT] [I] The logger passed into createInferRuntime differs from one already provided for an existing builder, runtime, or refitter. Uses of the global logger, returned by nvinfer1::getLogger(), will return the existing value.
[09/09/2026-14:21:40] [TRT] [I] Loaded engine size: 52 MiB
[09/09/2026-14:21:40] [TRT] [I] [MemUsageChange] TensorRT-managed allocation in IExecutionContext creation: CPU +0, GPU +29, now: CPU 1, GPU 117 (MiB)
14:21:40  INFO     [RAMS] YOLOv8-medium ready — TensorRT yolov8m.engine (imgsz=640).
14:21:40  INFO     [RAMS] Controller ready. Policy: fixed
14:21:41  INFO     [RAMS] Tier switch: SMALL → NANO  (R=0.592)
14:21:46  INFO     [RAMS] Controller stopped.
    block=10/10 method=threshold ...
14:21:46  INFO     [RAMS] Starting resource monitor ...
14:21:46  INFO     [RAMS] Loading model tiers ...
WARNING ⚠️ Unable to automatically guess model task, assuming 'task=detect'. Explicitly define task for your model, i.e. 'task=detect', 'segment', 'classify', 'pose', 'obb' or 'semantic'.
Loading yolov8n.engine for TensorRT inference...
[09/09/2026-14:21:46] [TRT] [I] Loaded engine size: 7 MiB
[09/09/2026-14:21:46] [TRT] [I] [MemUsageChange] TensorRT-managed allocation in IExecutionContext creation: CPU +0, GPU +3, now: CPU 0, GPU 9 (MiB)
14:21:46  INFO     [RAMS] YOLOv8-nano ready — TensorRT yolov8n.engine (imgsz=320).
WARNING ⚠️ Unable to automatically guess model task, assuming 'task=detect'. Explicitly define task for your model, i.e. 'task=detect', 'segment', 'classify', 'pose', 'obb' or 'semantic'.
Loading yolov8s.engine for TensorRT inference...
[09/09/2026-14:21:46] [TRT] [I] The logger passed into createInferRuntime differs from one already provided for an existing builder, runtime, or refitter. Uses of the global logger, returned by nvinfer1::getLogger(), will return the existing value.
[09/09/2026-14:21:46] [TRT] [I] Loaded engine size: 23 MiB
[09/09/2026-14:21:46] [TRT] [I] [MemUsageChange] TensorRT-managed allocation in IExecutionContext creation: CPU +1, GPU +7, now: CPU 1, GPU 38 (MiB)
14:21:46  INFO     [RAMS] YOLOv8-small ready — TensorRT yolov8s.engine (imgsz=416).
WARNING ⚠️ Unable to automatically guess model task, assuming 'task=detect'. Explicitly define task for your model, i.e. 'task=detect', 'segment', 'classify', 'pose', 'obb' or 'semantic'.
Loading yolov8m.engine for TensorRT inference...
[09/09/2026-14:21:46] [TRT] [I] The logger passed into createInferRuntime differs from one already provided for an existing builder, runtime, or refitter. Uses of the global logger, returned by nvinfer1::getLogger(), will return the existing value.
[09/09/2026-14:21:46] [TRT] [I] Loaded engine size: 52 MiB
[09/09/2026-14:21:46] [TRT] [I] [MemUsageChange] TensorRT-managed allocation in IExecutionContext creation: CPU +0, GPU +29, now: CPU 1, GPU 117 (MiB)
14:21:46  INFO     [RAMS] YOLOv8-medium ready — TensorRT yolov8m.engine (imgsz=640).
14:21:46  INFO     [RAMS] Controller ready. Policy: threshold
14:21:47  INFO     [RAMS] Tier switch: SMALL → NANO  (R=0.647)
14:21:51  INFO     [RAMS] Controller stopped.
    block=10/10 method=adaptive ...
14:21:51  INFO     [RAMS] Starting resource monitor ...
14:21:51  INFO     [RAMS] Loading model tiers ...
WARNING ⚠️ Unable to automatically guess model task, assuming 'task=detect'. Explicitly define task for your model, i.e. 'task=detect', 'segment', 'classify', 'pose', 'obb' or 'semantic'.
Loading yolov8n.engine for TensorRT inference...
[09/09/2026-14:21:51] [TRT] [I] Loaded engine size: 7 MiB
[09/09/2026-14:21:51] [TRT] [I] [MemUsageChange] TensorRT-managed allocation in IExecutionContext creation: CPU +0, GPU +3, now: CPU 0, GPU 9 (MiB)
14:21:51  INFO     [RAMS] YOLOv8-nano ready — TensorRT yolov8n.engine (imgsz=320).
WARNING ⚠️ Unable to automatically guess model task, assuming 'task=detect'. Explicitly define task for your model, i.e. 'task=detect', 'segment', 'classify', 'pose', 'obb' or 'semantic'.
Loading yolov8s.engine for TensorRT inference...
[09/09/2026-14:21:51] [TRT] [I] The logger passed into createInferRuntime differs from one already provided for an existing builder, runtime, or refitter. Uses of the global logger, returned by nvinfer1::getLogger(), will return the existing value.
[09/09/2026-14:21:51] [TRT] [I] Loaded engine size: 23 MiB
[09/09/2026-14:21:51] [TRT] [I] [MemUsageChange] TensorRT-managed allocation in IExecutionContext creation: CPU +1, GPU +7, now: CPU 1, GPU 38 (MiB)
14:21:52  INFO     [RAMS] YOLOv8-small ready — TensorRT yolov8s.engine (imgsz=416).
WARNING ⚠️ Unable to automatically guess model task, assuming 'task=detect'. Explicitly define task for your model, i.e. 'task=detect', 'segment', 'classify', 'pose', 'obb' or 'semantic'.
Loading yolov8m.engine for TensorRT inference...
[09/09/2026-14:21:52] [TRT] [I] The logger passed into createInferRuntime differs from one already provided for an existing builder, runtime, or refitter. Uses of the global logger, returned by nvinfer1::getLogger(), will return the existing value.
[09/09/2026-14:21:52] [TRT] [I] Loaded engine size: 52 MiB
[09/09/2026-14:21:52] [TRT] [I] [MemUsageChange] TensorRT-managed allocation in IExecutionContext creation: CPU +0, GPU +29, now: CPU 1, GPU 117 (MiB)
14:21:52  INFO     [RAMS] YOLOv8-medium ready — TensorRT yolov8m.engine (imgsz=640).
14:21:52  INFO     [RAMS] Controller ready. Policy: adaptive
14:21:53  INFO     [RAMS] Tier switch: SMALL → NANO  (R=0.591)
14:21:57  INFO     [RAMS] Controller stopped.
    block=10/10 method=FIXED_NANO ...
14:21:57  INFO     [RAMS] Starting resource monitor ...
14:21:57  INFO     [RAMS] Loading model tiers ...
WARNING ⚠️ Unable to automatically guess model task, assuming 'task=detect'. Explicitly define task for your model, i.e. 'task=detect', 'segment', 'classify', 'pose', 'obb' or 'semantic'.
Loading yolov8n.engine for TensorRT inference...
[09/09/2026-14:21:57] [TRT] [I] Loaded engine size: 7 MiB
[09/09/2026-14:21:57] [TRT] [I] [MemUsageChange] TensorRT-managed allocation in IExecutionContext creation: CPU +0, GPU +3, now: CPU 0, GPU 9 (MiB)
14:21:57  INFO     [RAMS] YOLOv8-nano ready — TensorRT yolov8n.engine (imgsz=320).
WARNING ⚠️ Unable to automatically guess model task, assuming 'task=detect'. Explicitly define task for your model, i.e. 'task=detect', 'segment', 'classify', 'pose', 'obb' or 'semantic'.
Loading yolov8s.engine for TensorRT inference...
[09/09/2026-14:21:57] [TRT] [I] The logger passed into createInferRuntime differs from one already provided for an existing builder, runtime, or refitter. Uses of the global logger, returned by nvinfer1::getLogger(), will return the existing value.
[09/09/2026-14:21:57] [TRT] [I] Loaded engine size: 23 MiB
[09/09/2026-14:21:57] [TRT] [I] [MemUsageChange] TensorRT-managed allocation in IExecutionContext creation: CPU +1, GPU +7, now: CPU 1, GPU 38 (MiB)
14:21:57  INFO     [RAMS] YOLOv8-small ready — TensorRT yolov8s.engine (imgsz=416).
WARNING ⚠️ Unable to automatically guess model task, assuming 'task=detect'. Explicitly define task for your model, i.e. 'task=detect', 'segment', 'classify', 'pose', 'obb' or 'semantic'.
Loading yolov8m.engine for TensorRT inference...
[09/09/2026-14:21:57] [TRT] [I] The logger passed into createInferRuntime differs from one already provided for an existing builder, runtime, or refitter. Uses of the global logger, returned by nvinfer1::getLogger(), will return the existing value.
[09/09/2026-14:21:57] [TRT] [I] Loaded engine size: 52 MiB
[09/09/2026-14:21:57] [TRT] [I] [MemUsageChange] TensorRT-managed allocation in IExecutionContext creation: CPU +0, GPU +29, now: CPU 1, GPU 117 (MiB)
14:21:57  INFO     [RAMS] YOLOv8-medium ready — TensorRT yolov8m.engine (imgsz=640).
14:21:57  INFO     [RAMS] Controller ready. Policy: fixed
14:21:58  INFO     [RAMS] Tier switch: SMALL → NANO  (R=0.588)
14:22:02  INFO     [RAMS] Controller stopped.
    block=10/10 method=predictive ...
14:22:02  INFO     [RAMS] Starting resource monitor ...
14:22:02  INFO     [RAMS] Loading model tiers ...
WARNING ⚠️ Unable to automatically guess model task, assuming 'task=detect'. Explicitly define task for your model, i.e. 'task=detect', 'segment', 'classify', 'pose', 'obb' or 'semantic'.
Loading yolov8n.engine for TensorRT inference...
[09/09/2026-14:22:02] [TRT] [I] Loaded engine size: 7 MiB
[09/09/2026-14:22:02] [TRT] [I] [MemUsageChange] TensorRT-managed allocation in IExecutionContext creation: CPU +0, GPU +3, now: CPU 0, GPU 9 (MiB)
14:22:02  INFO     [RAMS] YOLOv8-nano ready — TensorRT yolov8n.engine (imgsz=320).
WARNING ⚠️ Unable to automatically guess model task, assuming 'task=detect'. Explicitly define task for your model, i.e. 'task=detect', 'segment', 'classify', 'pose', 'obb' or 'semantic'.
Loading yolov8s.engine for TensorRT inference...
[09/09/2026-14:22:02] [TRT] [I] The logger passed into createInferRuntime differs from one already provided for an existing builder, runtime, or refitter. Uses of the global logger, returned by nvinfer1::getLogger(), will return the existing value.
[09/09/2026-14:22:02] [TRT] [I] Loaded engine size: 23 MiB
[09/09/2026-14:22:02] [TRT] [I] [MemUsageChange] TensorRT-managed allocation in IExecutionContext creation: CPU +1, GPU +7, now: CPU 1, GPU 38 (MiB)
14:22:02  INFO     [RAMS] YOLOv8-small ready — TensorRT yolov8s.engine (imgsz=416).
WARNING ⚠️ Unable to automatically guess model task, assuming 'task=detect'. Explicitly define task for your model, i.e. 'task=detect', 'segment', 'classify', 'pose', 'obb' or 'semantic'.
Loading yolov8m.engine for TensorRT inference...
[09/09/2026-14:22:02] [TRT] [I] The logger passed into createInferRuntime differs from one already provided for an existing builder, runtime, or refitter. Uses of the global logger, returned by nvinfer1::getLogger(), will return the existing value.
[09/09/2026-14:22:02] [TRT] [I] Loaded engine size: 52 MiB
[09/09/2026-14:22:02] [TRT] [I] [MemUsageChange] TensorRT-managed allocation in IExecutionContext creation: CPU +0, GPU +29, now: CPU 1, GPU 117 (MiB)
14:22:02  INFO     [RAMS] YOLOv8-medium ready — TensorRT yolov8m.engine (imgsz=640).
14:22:02  INFO     [RAMS] Controller ready. Policy: predictive
14:22:03  INFO     [RAMS] Tier switch: SMALL → NANO  (R=0.589)
14:22:07  INFO     [RAMS] Controller stopped.
    block=10/10 method=safety ...
14:22:07  INFO     [RAMS] Starting resource monitor ...
14:22:07  INFO     [RAMS] Loading model tiers ...
WARNING ⚠️ Unable to automatically guess model task, assuming 'task=detect'. Explicitly define task for your model, i.e. 'task=detect', 'segment', 'classify', 'pose', 'obb' or 'semantic'.
Loading yolov8n.engine for TensorRT inference...
[09/09/2026-14:22:07] [TRT] [I] Loaded engine size: 7 MiB
[09/09/2026-14:22:07] [TRT] [I] [MemUsageChange] TensorRT-managed allocation in IExecutionContext creation: CPU +0, GPU +3, now: CPU 0, GPU 9 (MiB)
14:22:07  INFO     [RAMS] YOLOv8-nano ready — TensorRT yolov8n.engine (imgsz=320).
WARNING ⚠️ Unable to automatically guess model task, assuming 'task=detect'. Explicitly define task for your model, i.e. 'task=detect', 'segment', 'classify', 'pose', 'obb' or 'semantic'.
Loading yolov8s.engine for TensorRT inference...
[09/09/2026-14:22:07] [TRT] [I] The logger passed into createInferRuntime differs from one already provided for an existing builder, runtime, or refitter. Uses of the global logger, returned by nvinfer1::getLogger(), will return the existing value.
[09/09/2026-14:22:07] [TRT] [I] Loaded engine size: 23 MiB
[09/09/2026-14:22:07] [TRT] [I] [MemUsageChange] TensorRT-managed allocation in IExecutionContext creation: CPU +1, GPU +7, now: CPU 1, GPU 38 (MiB)
14:22:07  INFO     [RAMS] YOLOv8-small ready — TensorRT yolov8s.engine (imgsz=416).
WARNING ⚠️ Unable to automatically guess model task, assuming 'task=detect'. Explicitly define task for your model, i.e. 'task=detect', 'segment', 'classify', 'pose', 'obb' or 'semantic'.
Loading yolov8m.engine for TensorRT inference...
[09/09/2026-14:22:07] [TRT] [I] The logger passed into createInferRuntime differs from one already provided for an existing builder, runtime, or refitter. Uses of the global logger, returned by nvinfer1::getLogger(), will return the existing value.
[09/09/2026-14:22:07] [TRT] [I] Loaded engine size: 52 MiB
[09/09/2026-14:22:07] [TRT] [I] [MemUsageChange] TensorRT-managed allocation in IExecutionContext creation: CPU +0, GPU +29, now: CPU 1, GPU 117 (MiB)
14:22:07  INFO     [RAMS] YOLOv8-medium ready — TensorRT yolov8m.engine (imgsz=640).
14:22:07  INFO     [RAMS] Controller ready. Policy: safety
14:22:13  INFO     [RAMS] Controller stopped.
    block=10/10 method=FIXED_SMALL ...
14:22:13  INFO     [RAMS] Starting resource monitor ...
14:22:13  INFO     [RAMS] Loading model tiers ...
WARNING ⚠️ Unable to automatically guess model task, assuming 'task=detect'. Explicitly define task for your model, i.e. 'task=detect', 'segment', 'classify', 'pose', 'obb' or 'semantic'.
Loading yolov8n.engine for TensorRT inference...
[09/09/2026-14:22:13] [TRT] [I] Loaded engine size: 7 MiB
[09/09/2026-14:22:13] [TRT] [I] [MemUsageChange] TensorRT-managed allocation in IExecutionContext creation: CPU +0, GPU +3, now: CPU 0, GPU 9 (MiB)
14:22:13  INFO     [RAMS] YOLOv8-nano ready — TensorRT yolov8n.engine (imgsz=320).
WARNING ⚠️ Unable to automatically guess model task, assuming 'task=detect'. Explicitly define task for your model, i.e. 'task=detect', 'segment', 'classify', 'pose', 'obb' or 'semantic'.
Loading yolov8s.engine for TensorRT inference...
[09/09/2026-14:22:13] [TRT] [I] The logger passed into createInferRuntime differs from one already provided for an existing builder, runtime, or refitter. Uses of the global logger, returned by nvinfer1::getLogger(), will return the existing value.
[09/09/2026-14:22:13] [TRT] [I] Loaded engine size: 23 MiB
[09/09/2026-14:22:13] [TRT] [I] [MemUsageChange] TensorRT-managed allocation in IExecutionContext creation: CPU +1, GPU +7, now: CPU 1, GPU 38 (MiB)
14:22:13  INFO     [RAMS] YOLOv8-small ready — TensorRT yolov8s.engine (imgsz=416).
WARNING ⚠️ Unable to automatically guess model task, assuming 'task=detect'. Explicitly define task for your model, i.e. 'task=detect', 'segment', 'classify', 'pose', 'obb' or 'semantic'.
Loading yolov8m.engine for TensorRT inference...
[09/09/2026-14:22:13] [TRT] [I] The logger passed into createInferRuntime differs from one already provided for an existing builder, runtime, or refitter. Uses of the global logger, returned by nvinfer1::getLogger(), will return the existing value.
[09/09/2026-14:22:13] [TRT] [I] Loaded engine size: 52 MiB
[09/09/2026-14:22:13] [TRT] [I] [MemUsageChange] TensorRT-managed allocation in IExecutionContext creation: CPU +0, GPU +29, now: CPU 1, GPU 117 (MiB)
14:22:13  INFO     [RAMS] YOLOv8-medium ready — TensorRT yolov8m.engine (imgsz=640).
14:22:13  INFO     [RAMS] Controller ready. Policy: fixed
14:22:19  INFO     [RAMS] Controller stopped.
    block=10/10 method=FIXED_MEDIUM ...
14:22:19  INFO     [RAMS] Starting resource monitor ...
14:22:19  INFO     [RAMS] Loading model tiers ...
WARNING ⚠️ Unable to automatically guess model task, assuming 'task=detect'. Explicitly define task for your model, i.e. 'task=detect', 'segment', 'classify', 'pose', 'obb' or 'semantic'.
Loading yolov8n.engine for TensorRT inference...
[09/09/2026-14:22:19] [TRT] [I] Loaded engine size: 7 MiB
[09/09/2026-14:22:19] [TRT] [I] [MemUsageChange] TensorRT-managed allocation in IExecutionContext creation: CPU +0, GPU +3, now: CPU 0, GPU 9 (MiB)
14:22:19  INFO     [RAMS] YOLOv8-nano ready — TensorRT yolov8n.engine (imgsz=320).
WARNING ⚠️ Unable to automatically guess model task, assuming 'task=detect'. Explicitly define task for your model, i.e. 'task=detect', 'segment', 'classify', 'pose', 'obb' or 'semantic'.
Loading yolov8s.engine for TensorRT inference...
[09/09/2026-14:22:19] [TRT] [I] The logger passed into createInferRuntime differs from one already provided for an existing builder, runtime, or refitter. Uses of the global logger, returned by nvinfer1::getLogger(), will return the existing value.
[09/09/2026-14:22:19] [TRT] [I] Loaded engine size: 23 MiB
[09/09/2026-14:22:19] [TRT] [I] [MemUsageChange] TensorRT-managed allocation in IExecutionContext creation: CPU +1, GPU +7, now: CPU 1, GPU 38 (MiB)
14:22:19  INFO     [RAMS] YOLOv8-small ready — TensorRT yolov8s.engine (imgsz=416).
WARNING ⚠️ Unable to automatically guess model task, assuming 'task=detect'. Explicitly define task for your model, i.e. 'task=detect', 'segment', 'classify', 'pose', 'obb' or 'semantic'.
Loading yolov8m.engine for TensorRT inference...
[09/09/2026-14:22:19] [TRT] [I] The logger passed into createInferRuntime differs from one already provided for an existing builder, runtime, or refitter. Uses of the global logger, returned by nvinfer1::getLogger(), will return the existing value.
[09/09/2026-14:22:19] [TRT] [I] Loaded engine size: 52 MiB
[09/09/2026-14:22:19] [TRT] [I] [MemUsageChange] TensorRT-managed allocation in IExecutionContext creation: CPU +0, GPU +29, now: CPU 1, GPU 117 (MiB)
14:22:19  INFO     [RAMS] YOLOv8-medium ready — TensorRT yolov8m.engine (imgsz=640).
14:22:19  INFO     [RAMS] Controller ready. Policy: fixed
14:22:20  INFO     [RAMS] Tier switch: SMALL → MEDIUM  (R=0.592)
14:22:26  INFO     [RAMS] Controller stopped.
    block=10/10 method=safety2 ...
14:22:26  INFO     [RAMS] Starting resource monitor ...
14:22:26  INFO     [RAMS] Loading model tiers ...
WARNING ⚠️ Unable to automatically guess model task, assuming 'task=detect'. Explicitly define task for your model, i.e. 'task=detect', 'segment', 'classify', 'pose', 'obb' or 'semantic'.
Loading yolov8n.engine for TensorRT inference...
[09/09/2026-14:22:26] [TRT] [I] Loaded engine size: 7 MiB
[09/09/2026-14:22:26] [TRT] [I] [MemUsageChange] TensorRT-managed allocation in IExecutionContext creation: CPU +0, GPU +3, now: CPU 0, GPU 9 (MiB)
14:22:26  INFO     [RAMS] YOLOv8-nano ready — TensorRT yolov8n.engine (imgsz=320).
WARNING ⚠️ Unable to automatically guess model task, assuming 'task=detect'. Explicitly define task for your model, i.e. 'task=detect', 'segment', 'classify', 'pose', 'obb' or 'semantic'.
Loading yolov8s.engine for TensorRT inference...
[09/09/2026-14:22:26] [TRT] [I] The logger passed into createInferRuntime differs from one already provided for an existing builder, runtime, or refitter. Uses of the global logger, returned by nvinfer1::getLogger(), will return the existing value.
[09/09/2026-14:22:26] [TRT] [I] Loaded engine size: 23 MiB
[09/09/2026-14:22:26] [TRT] [I] [MemUsageChange] TensorRT-managed allocation in IExecutionContext creation: CPU +1, GPU +7, now: CPU 1, GPU 38 (MiB)
14:22:26  INFO     [RAMS] YOLOv8-small ready — TensorRT yolov8s.engine (imgsz=416).
WARNING ⚠️ Unable to automatically guess model task, assuming 'task=detect'. Explicitly define task for your model, i.e. 'task=detect', 'segment', 'classify', 'pose', 'obb' or 'semantic'.
Loading yolov8m.engine for TensorRT inference...
[09/09/2026-14:22:26] [TRT] [I] The logger passed into createInferRuntime differs from one already provided for an existing builder, runtime, or refitter. Uses of the global logger, returned by nvinfer1::getLogger(), will return the existing value.
[09/09/2026-14:22:26] [TRT] [I] Loaded engine size: 52 MiB
[09/09/2026-14:22:26] [TRT] [I] [MemUsageChange] TensorRT-managed allocation in IExecutionContext creation: CPU +0, GPU +29, now: CPU 1, GPU 117 (MiB)
14:22:26  INFO     [RAMS] YOLOv8-medium ready — TensorRT yolov8m.engine (imgsz=640).
14:22:26  INFO     [RAMS] Controller ready. Policy: safety2
14:22:27  INFO     [RAMS] Tier switch: SMALL → MEDIUM  (R=0.708)
14:22:28  INFO     [RAMS] Tier switch: MEDIUM → NANO  (R=0.693)
14:22:28  INFO     [RAMS] Tier switch: NANO → SMALL  (R=0.705)
14:22:28  INFO     [RAMS] Tier switch: SMALL → MEDIUM  (R=0.693)
14:22:29  INFO     [RAMS] Tier switch: MEDIUM → SMALL  (R=0.790)
14:22:29  INFO     [RAMS] Tier switch: SMALL → MEDIUM  (R=0.689)
14:22:31  INFO     [RAMS] Tier switch: MEDIUM → NANO  (R=0.682)
14:22:32  INFO     [RAMS] Tier switch: NANO → MEDIUM  (R=0.723)
14:22:32  INFO     [RAMS] Tier switch: MEDIUM → SMALL  (R=0.716)
14:22:32  INFO     [RAMS] Tier switch: SMALL → MEDIUM  (R=0.642)
14:22:33  INFO     [RAMS] Controller stopped.
      threshold: latency=8.2 ms  acc_proxy=0.373
      predictive: latency=7.8 ms  acc_proxy=0.372
      safety: latency=9.8 ms  acc_proxy=0.447
      adaptive: latency=7.7 ms  acc_proxy=0.372
      safety2: latency=16.4 ms  acc_proxy=0.476
      FIXED_NANO: latency=7.6 ms  acc_proxy=0.372
      FIXED_SMALL: latency=9.6 ms  acc_proxy=0.448
      FIXED_MEDIUM: latency=18.2 ms  acc_proxy=0.503
  Chart saved → exp5_pareto_heavy.png

═════════════════════════════════════════════════════════════════════════════════════════
  Experiment 5: Accuracy–Latency Pareto (mean latency, tier dist)
═════════════════════════════════════════════════════════════════════════════════════════
Label           Group           N      Mean ms   ±Std     P95 ms   Tier dist             
──────────────  ──────────────  ─────  ────────  ───────  ───────  ──────────────────────
threshold       heavy           2000   8.2       3.5      15.3     NANO:99%  SMALL:1%    
predictive      heavy           2000   7.8       2.6      11.7     NANO:100%             
safety          heavy           2000   9.8       3.4      16.4     NANO:1%  SMALL:99%    
adaptive        heavy           2000   7.7       2.7      12.1     NANO:100%             
safety2         heavy           2000   16.4      6.7      29.1     MEDIUM:71%  NANO:14%  SMALL:15%
FIXED_NANO      heavy           2000   7.6       3.3      12.5     NANO:100%             
FIXED_SMALL     heavy           2000   9.6       2.8      14.5     SMALL:100%            
FIXED_MEDIUM    heavy           2000   18.2      5.2      29.5     MEDIUM:100%           
═════════════════════════════════════════════════════════════════════════════════════════

  LaTeX table → /home/soren/rams_trt_labels_20260909/results/full-20260909-trtlabels-v3/tensorrt/pareto_heavy/exp5_latex_heavy.tex

