image,tier,backend,simulated,tp,fp,fn,vru_in_gt,vru_in_pred,n_preds,n_gt
005981.png,NANO,ultralytics,False,0,0,0,False,False,3,9
005982.png,NANO,ultralytics,False,0,0,2,True,False,5,11
005983.png,NANO,ultralytics,False,0,0,0,False,False,7,16
005984.png,NANO,ultralytics,False,0,1,1,True,True,1,12
005985.png,NANO,ultralytics,False,1,3,3,True,True,4,12
005986.png,NANO,ultralytics,False,0,0,0,False,False,4,7
005987.png,NANO,ultralytics,False,0,0,0,False,False,6,6
005988.png,NANO,ultralytics,False,4,0,12,True,True,6,19
005989.png,NANO,ultralytics,False,0,0,0,False,False,0,4
005990.png,NANO,ultralytics,False,0,0,0,False,False,1,2
005991.png,NANO,ultralytics,False,0,0,1,True,False,0,8
005992.png,NANO,ultralytics,False,0,0,0,False,False,2,5
005993.png,NANO,ultralytics,False,0,0,0,False,False,0,1
005994.png,NANO,ultralytics,False,2,1,1,True,True,4,5
005995.png,NANO,ultralytics,False,0,0,0,False,False,1,2
005996.png,NANO,ultralytics,False,0,0,0,False,False,10,12
005997.png,NANO,ultralytics,False,0,0,2,True,False,0,7
005998.png,NANO,ultralytics,False,0,0,0,False,False,2,5
005999.png,NANO,ultralytics,False,0,0,0,False,False,4,8
006000.png,NANO,ultralytics,False,0,0,0,False,False,3,5
006001.png,NANO,ultralytics,False,0,0,0,False,False,0,4
006002.png,NANO,ultralytics,False,0,0,0,False,False,3,6
006003.png,NANO,ultralytics,False,0,0,0,False,False,3,14
006004.png,NANO,ultralytics,False,0,0,0,False,False,3,6
006005.png,NANO,ultralytics,False,0,0,0,False,False,9,11
006006.png,NANO,ultralytics,False,1,1,9,True,True,2,13
006007.png,NANO,ultralytics,False,0,0,0,False,False,9,15
006008.png,NANO,ultralytics,False,0,0,0,False,False,4,8
006009.png,NANO,ultralytics,False,0,0,0,False,False,3,5
006010.png,NANO,ultralytics,False,0,1,1,True,True,2,4
006011.png,NANO,ultralytics,False,0,0,3,True,False,11,12
006012.png,NANO,ultralytics,False,0,0,0,False,False,0,5
006013.png,NANO,ultralytics,False,0,0,0,False,False,3,5
006014.png,NANO,ultralytics,False,0,0,0,False,False,3,5
006015.png,NANO,ultralytics,False,0,0,0,False,False,4,5
006016.png,NANO,ultralytics,False,0,0,1,True,False,7,11
006017.png,NANO,ultralytics,False,0,0,0,False,False,1,2
006018.png,NANO,ultralytics,False,0,0,0,False,False,6,8
006019.png,NANO,ultralytics,False,0,0,1,True,False,1,3
006020.png,NANO,ultralytics,False,0,0,0,False,False,1,5
006021.png,NANO,ultralytics,False,0,0,1,True,False,2,4
006022.png,NANO,ultralytics,False,0,0,0,False,False,3,3
006023.png,NANO,ultralytics,False,0,2,1,True,True,2,4
006024.png,NANO,ultralytics,False,1,0,2,True,True,3,6
006025.png,NANO,ultralytics,False,0,0,0,False,False,5,8
006026.png,NANO,ultralytics,False,0,0,2,True,False,4,10
006027.png,NANO,ultralytics,False,0,0,2,True,False,7,9
006028.png,NANO,ultralytics,False,0,0,0,False,False,2,2
006029.png,NANO,ultralytics,False,1,0,0,True,True,1,1
006030.png,NANO,ultralytics,False,0,0,0,False,False,0,5
006031.png,NANO,ultralytics,False,0,0,0,False,False,3,7
006032.png,NANO,ultralytics,False,0,0,0,False,False,3,3
006033.png,NANO,ultralytics,False,0,0,0,False,False,3,11
006034.png,NANO,ultralytics,False,0,0,1,True,False,13,18
006035.png,NANO,ultralytics,False,1,0,0,True,True,1,1
006036.png,NANO,ultralytics,False,0,0,0,False,False,5,6
006037.png,NANO,ultralytics,False,0,0,0,False,False,3,6
006038.png,NANO,ultralytics,False,0,0,0,False,False,0,6
006039.png,NANO,ultralytics,False,0,0,1,True,False,4,9
006040.png,NANO,ultralytics,False,0,0,0,False,False,5,6
006041.png,NANO,ultralytics,False,0,0,0,False,False,7,7
006042.png,NANO,ultralytics,False,0,0,0,False,False,1,5
006043.png,NANO,ultralytics,False,0,0,0,False,False,1,3
006044.png,NANO,ultralytics,False,0,0,0,False,False,3,5
006045.png,NANO,ultralytics,False,0,0,0,False,False,3,8
006046.png,NANO,ultralytics,False,0,0,0,False,False,0,12
006047.png,NANO,ultralytics,False,0,0,0,False,False,4,11
006048.png,NANO,ultralytics,False,0,0,0,False,False,3,8
006049.png,NANO,ultralytics,False,0,0,0,False,False,1,6
006050.png,NANO,ultralytics,False,0,0,0,False,False,7,9
006051.png,NANO,ultralytics,False,0,1,2,True,True,3,7
006052.png,NANO,ultralytics,False,0,0,1,True,False,11,11
006053.png,NANO,ultralytics,False,1,0,0,True,True,1,1
006054.png,NANO,ultralytics,False,0,0,0,False,False,7,9
006055.png,NANO,ultralytics,False,0,0,0,False,False,11,13
006056.png,NANO,ultralytics,False,0,0,0,False,False,2,4
006057.png,NANO,ultralytics,False,0,0,0,False,False,1,2
006058.png,NANO,ultralytics,False,0,0,0,False,False,1,5
006059.png,NANO,ultralytics,False,0,0,0,False,False,2,6
006060.png,NANO,ultralytics,False,0,0,0,False,False,8,12
006061.png,NANO,ultralytics,False,0,0,0,False,False,0,2
006062.png,NANO,ultralytics,False,0,0,1,True,False,3,4
006063.png,NANO,ultralytics,False,0,0,0,False,False,8,10
006064.png,NANO,ultralytics,False,0,0,0,False,False,8,16
006065.png,NANO,ultralytics,False,0,2,2,True,True,2,7
006066.png,NANO,ultralytics,False,0,0,0,False,False,8,10
006067.png,NANO,ultralytics,False,0,0,1,True,False,1,7
006068.png,NANO,ultralytics,False,1,0,0,True,True,5,6
006069.png,NANO,ultralytics,False,0,1,0,False,True,5,7
006070.png,NANO,ultralytics,False,2,0,5,True,True,2,11
006071.png,NANO,ultralytics,False,1,2,3,True,True,3,6
006072.png,NANO,ultralytics,False,0,0,0,False,False,0,6
006073.png,NANO,ultralytics,False,0,0,0,False,False,7,9
006074.png,NANO,ultralytics,False,0,0,0,False,False,2,6
006075.png,NANO,ultralytics,False,0,0,3,True,False,0,5
006076.png,NANO,ultralytics,False,1,0,0,True,True,2,2
006077.png,NANO,ultralytics,False,0,0,0,False,False,12,12
006078.png,NANO,ultralytics,False,0,0,0,False,False,6,14
006079.png,NANO,ultralytics,False,0,0,0,False,False,1,6
006080.png,NANO,ultralytics,False,0,0,0,False,False,1,5
006081.png,NANO,ultralytics,False,0,0,0,False,False,6,7
006082.png,NANO,ultralytics,False,0,0,4,True,False,11,11
006083.png,NANO,ultralytics,False,1,0,3,True,True,2,6
006084.png,NANO,ultralytics,False,0,0,0,False,False,5,15
006085.png,NANO,ultralytics,False,0,0,0,False,False,2,2
006086.png,NANO,ultralytics,False,0,0,0,False,False,3,2
006087.png,NANO,ultralytics,False,2,1,1,True,True,4,6
006088.png,NANO,ultralytics,False,3,4,4,True,True,7,10
006089.png,NANO,ultralytics,False,1,0,0,True,True,1,1
006090.png,NANO,ultralytics,False,0,0,0,False,False,3,9
006091.png,NANO,ultralytics,False,0,0,0,False,False,1,3
006092.png,NANO,ultralytics,False,0,1,1,True,True,2,8
006093.png,NANO,ultralytics,False,1,0,0,True,True,4,5
006094.png,NANO,ultralytics,False,0,0,2,True,False,1,3
006095.png,NANO,ultralytics,False,0,0,1,True,False,2,5
006096.png,NANO,ultralytics,False,0,0,0,False,False,2,4
006097.png,NANO,ultralytics,False,0,0,0,False,False,7,10
006098.png,NANO,ultralytics,False,0,0,0,False,False,2,6
006099.png,NANO,ultralytics,False,0,0,0,False,False,0,3
006100.png,NANO,ultralytics,False,0,0,1,True,False,1,5
006101.png,NANO,ultralytics,False,0,0,0,False,False,0,2
006102.png,NANO,ultralytics,False,1,0,0,True,True,5,6
006103.png,NANO,ultralytics,False,0,0,0,False,False,3,7
006104.png,NANO,ultralytics,False,0,0,0,False,False,0,1
006105.png,NANO,ultralytics,False,0,0,0,False,False,0,2
006106.png,NANO,ultralytics,False,0,0,0,False,False,7,10
006107.png,NANO,ultralytics,False,0,0,0,False,False,1,2
006108.png,NANO,ultralytics,False,0,0,0,False,False,2,8
006109.png,NANO,ultralytics,False,0,0,1,True,False,1,9
006110.png,NANO,ultralytics,False,0,0,0,False,False,13,10
006111.png,NANO,ultralytics,False,0,0,0,False,False,2,6
006112.png,NANO,ultralytics,False,0,0,0,False,False,0,7
006113.png,NANO,ultralytics,False,0,0,0,False,False,5,9
006114.png,NANO,ultralytics,False,0,0,0,False,False,4,7
006115.png,NANO,ultralytics,False,0,0,0,False,False,3,4
006116.png,NANO,ultralytics,False,0,0,0,False,False,2,9
006117.png,NANO,ultralytics,False,0,0,0,False,False,6,9
006118.png,NANO,ultralytics,False,0,0,2,True,False,0,8
006119.png,NANO,ultralytics,False,0,0,0,False,False,2,5
006120.png,NANO,ultralytics,False,0,0,0,False,False,2,2
006121.png,NANO,ultralytics,False,5,1,10,True,True,9,19
006122.png,NANO,ultralytics,False,2,0,4,True,True,3,9
006123.png,NANO,ultralytics,False,0,0,1,True,False,2,7
006124.png,NANO,ultralytics,False,0,0,0,False,False,0,3
006125.png,NANO,ultralytics,False,0,0,0,False,False,2,5
006126.png,NANO,ultralytics,False,0,0,0,False,False,2,6
006127.png,NANO,ultralytics,False,0,0,0,False,False,6,15
006128.png,NANO,ultralytics,False,0,0,0,False,False,1,3
006129.png,NANO,ultralytics,False,0,0,0,False,False,3,9
006130.png,NANO,ultralytics,False,2,3,6,True,True,5,11
006131.png,NANO,ultralytics,False,0,0,0,False,False,0,4
006132.png,NANO,ultralytics,False,0,0,0,False,False,1,5
006133.png,NANO,ultralytics,False,0,2,0,False,True,2,5
006134.png,NANO,ultralytics,False,0,0,0,False,False,1,6
006135.png,NANO,ultralytics,False,0,0,0,False,False,4,7
006136.png,NANO,ultralytics,False,0,0,0,False,False,3,8
006137.png,NANO,ultralytics,False,0,0,0,False,False,4,9
006138.png,NANO,ultralytics,False,0,0,0,False,False,5,6
006139.png,NANO,ultralytics,False,8,6,10,True,True,16,21
006140.png,NANO,ultralytics,False,0,0,0,False,False,0,3
006141.png,NANO,ultralytics,False,0,0,0,False,False,6,9
006142.png,NANO,ultralytics,False,0,0,0,False,False,1,2
006143.png,NANO,ultralytics,False,0,0,0,False,False,12,15
006144.png,NANO,ultralytics,False,0,0,0,False,False,3,5
006145.png,NANO,ultralytics,False,0,0,0,False,False,8,14
006146.png,NANO,ultralytics,False,0,0,0,False,False,3,6
006147.png,NANO,ultralytics,False,0,0,0,False,False,5,8
006148.png,NANO,ultralytics,False,0,0,3,True,False,0,8
006149.png,NANO,ultralytics,False,0,0,0,False,False,3,9
006150.png,NANO,ultralytics,False,0,1,0,False,True,5,10
006151.png,NANO,ultralytics,False,1,0,0,True,True,1,1
006152.png,NANO,ultralytics,False,1,1,0,True,True,3,1
006153.png,NANO,ultralytics,False,0,0,0,False,False,2,9
006154.png,NANO,ultralytics,False,0,0,0,False,False,2,6
006155.png,NANO,ultralytics,False,0,0,0,False,False,5,8
006156.png,NANO,ultralytics,False,0,0,0,False,False,10,14
006157.png,NANO,ultralytics,False,0,0,0,False,False,11,17
006158.png,NANO,ultralytics,False,1,2,0,True,True,3,1
006159.png,NANO,ultralytics,False,0,0,1,True,False,6,6
006160.png,NANO,ultralytics,False,0,0,1,True,False,2,8
006161.png,NANO,ultralytics,False,0,0,0,False,False,9,10
006162.png,NANO,ultralytics,False,0,0,0,False,False,1,7
006163.png,NANO,ultralytics,False,0,0,1,True,False,9,20
006164.png,NANO,ultralytics,False,1,0,0,True,True,1,1
006165.png,NANO,ultralytics,False,0,0,0,False,False,0,6
006166.png,NANO,ultralytics,False,0,0,1,True,False,4,7
006167.png,NANO,ultralytics,False,0,0,0,False,False,2,6
006168.png,NANO,ultralytics,False,0,0,0,False,False,0,4
006169.png,NANO,ultralytics,False,0,0,1,True,False,3,9
006170.png,NANO,ultralytics,False,0,0,0,False,False,0,3
006171.png,NANO,ultralytics,False,0,0,0,False,False,0,2
006172.png,NANO,ultralytics,False,0,2,0,False,True,11,11
006173.png,NANO,ultralytics,False,0,0,0,False,False,1,8
006174.png,NANO,ultralytics,False,0,0,2,True,False,1,6
006175.png,NANO,ultralytics,False,0,0,0,False,False,1,8
006176.png,NANO,ultralytics,False,1,2,6,True,True,3,11
006177.png,NANO,ultralytics,False,0,0,1,True,False,0,6
006178.png,NANO,ultralytics,False,0,0,0,False,False,0,2
006179.png,NANO,ultralytics,False,0,0,2,True,False,8,12
006180.png,NANO,ultralytics,False,0,0,0,False,False,12,16
006181.png,NANO,ultralytics,False,0,0,0,False,False,1,4
006182.png,NANO,ultralytics,False,0,0,0,False,False,1,4
006183.png,NANO,ultralytics,False,0,0,0,False,False,2,2
006184.png,NANO,ultralytics,False,0,0,2,True,False,1,3
006185.png,NANO,ultralytics,False,0,0,1,True,False,2,3
006186.png,NANO,ultralytics,False,0,0,0,False,False,6,8
006187.png,NANO,ultralytics,False,0,0,0,False,False,9,12
006188.png,NANO,ultralytics,False,0,0,0,False,False,0,5
006189.png,NANO,ultralytics,False,1,0,2,True,True,11,17
006190.png,NANO,ultralytics,False,0,0,4,True,False,0,10
006191.png,NANO,ultralytics,False,0,0,0,False,False,4,12
006192.png,NANO,ultralytics,False,0,0,0,False,False,4,12
006193.png,NANO,ultralytics,False,0,0,0,False,False,0,2
006194.png,NANO,ultralytics,False,1,0,0,True,True,1,1
006195.png,NANO,ultralytics,False,0,0,0,False,False,3,7
006196.png,NANO,ultralytics,False,0,0,1,True,False,2,6
006197.png,NANO,ultralytics,False,0,0,0,False,False,1,6
006198.png,NANO,ultralytics,False,0,0,3,True,False,3,11
006199.png,NANO,ultralytics,False,0,0,0,False,False,3,12
006200.png,NANO,ultralytics,False,0,0,0,False,False,1,6
006201.png,NANO,ultralytics,False,1,0,0,True,True,1,1
006202.png,NANO,ultralytics,False,0,0,0,False,False,4,13
006203.png,NANO,ultralytics,False,0,0,0,False,False,3,4
006204.png,NANO,ultralytics,False,0,0,0,False,False,4,2
006205.png,NANO,ultralytics,False,0,0,0,False,False,0,7
006206.png,NANO,ultralytics,False,0,0,0,False,False,0,2
006207.png,NANO,ultralytics,False,0,0,0,False,False,0,1
006208.png,NANO,ultralytics,False,0,0,0,False,False,4,12
006209.png,NANO,ultralytics,False,0,0,0,False,False,0,2
006210.png,NANO,ultralytics,False,2,2,1,True,True,4,8
006211.png,NANO,ultralytics,False,0,0,1,True,False,8,15
006212.png,NANO,ultralytics,False,0,0,0,False,False,0,2
006213.png,NANO,ultralytics,False,0,0,2,True,False,0,17
006214.png,NANO,ultralytics,False,0,0,1,True,False,1,3
006215.png,NANO,ultralytics,False,1,0,0,True,True,1,1
006216.png,NANO,ultralytics,False,0,0,0,False,False,0,3
006217.png,NANO,ultralytics,False,0,0,0,False,False,0,2
006218.png,NANO,ultralytics,False,0,0,0,False,False,0,3
006219.png,NANO,ultralytics,False,0,0,0,False,False,0,6
006220.png,NANO,ultralytics,False,0,0,0,False,False,5,5
006221.png,NANO,ultralytics,False,0,0,4,True,False,4,7
006222.png,NANO,ultralytics,False,1,0,0,True,True,1,1
006223.png,NANO,ultralytics,False,0,0,0,False,False,1,1
006224.png,NANO,ultralytics,False,0,0,1,True,False,8,15
006225.png,NANO,ultralytics,False,0,0,0,False,False,4,7
006226.png,NANO,ultralytics,False,0,0,1,True,False,2,4
006227.png,NANO,ultralytics,False,0,0,0,False,False,3,2
006228.png,NANO,ultralytics,False,0,0,1,True,False,0,1
006229.png,NANO,ultralytics,False,0,0,4,True,False,0,10
006230.png,NANO,ultralytics,False,0,0,0,False,False,1,3
006231.png,NANO,ultralytics,False,0,0,1,True,False,5,6
006232.png,NANO,ultralytics,False,0,0,1,True,False,5,7
006233.png,NANO,ultralytics,False,0,0,0,False,False,5,6
006234.png,NANO,ultralytics,False,0,0,1,True,False,1,3
006235.png,NANO,ultralytics,False,0,0,0,False,False,2,3
006236.png,NANO,ultralytics,False,0,0,1,True,False,13,15
006237.png,NANO,ultralytics,False,0,0,0,False,False,2,8
006238.png,NANO,ultralytics,False,0,0,0,False,False,2,10
006239.png,NANO,ultralytics,False,0,0,0,False,False,1,1
006240.png,NANO,ultralytics,False,1,1,0,True,True,2,1
006241.png,NANO,ultralytics,False,0,0,0,False,False,1,5
006242.png,NANO,ultralytics,False,0,0,1,True,False,2,6
006243.png,NANO,ultralytics,False,0,0,0,False,False,0,3
006244.png,NANO,ultralytics,False,0,0,0,False,False,0,1
006245.png,NANO,ultralytics,False,0,0,0,False,False,6,8
006246.png,NANO,ultralytics,False,0,0,0,False,False,5,5
006247.png,NANO,ultralytics,False,0,0,1,True,False,0,5
006248.png,NANO,ultralytics,False,0,0,0,False,False,2,7
006249.png,NANO,ultralytics,False,0,0,0,False,False,0,9
006250.png,NANO,ultralytics,False,0,0,0,False,False,1,5
006251.png,NANO,ultralytics,False,0,0,0,False,False,8,14
006252.png,NANO,ultralytics,False,0,0,0,False,False,0,2
006253.png,NANO,ultralytics,False,0,0,0,False,False,4,6
006254.png,NANO,ultralytics,False,0,0,0,False,False,1,7
006255.png,NANO,ultralytics,False,0,0,0,False,False,1,7
006256.png,NANO,ultralytics,False,0,0,4,True,False,7,12
006257.png,NANO,ultralytics,False,0,0,1,True,False,2,6
006258.png,NANO,ultralytics,False,1,0,0,True,True,1,1
006259.png,NANO,ultralytics,False,0,0,0,False,False,0,5
006260.png,NANO,ultralytics,False,0,0,0,False,False,8,14
006261.png,NANO,ultralytics,False,0,0,1,True,False,4,7
006262.png,NANO,ultralytics,False,0,0,2,True,False,3,9
006263.png,NANO,ultralytics,False,0,0,0,False,False,4,11
006264.png,NANO,ultralytics,False,0,0,0,False,False,1,5
006265.png,NANO,ultralytics,False,0,0,1,True,False,1,5
006266.png,NANO,ultralytics,False,0,0,0,False,False,4,6
006267.png,NANO,ultralytics,False,0,0,0,False,False,1,7
006268.png,NANO,ultralytics,False,5,1,2,True,True,6,10
006269.png,NANO,ultralytics,False,0,0,0,False,False,4,6
006270.png,NANO,ultralytics,False,0,0,0,False,False,1,2
006271.png,NANO,ultralytics,False,0,0,0,False,False,9,9
006272.png,NANO,ultralytics,False,0,0,0,False,False,3,13
006273.png,NANO,ultralytics,False,0,0,1,True,False,2,8
006274.png,NANO,ultralytics,False,0,0,1,True,False,0,3
006275.png,NANO,ultralytics,False,0,0,0,False,False,3,6
006276.png,NANO,ultralytics,False,0,0,7,True,False,2,13
006277.png,NANO,ultralytics,False,0,0,1,True,False,0,8
006278.png,NANO,ultralytics,False,0,0,0,False,False,6,7
006279.png,NANO,ultralytics,False,0,0,0,False,False,1,2
006280.png,NANO,ultralytics,False,0,0,1,True,False,0,5
006281.png,NANO,ultralytics,False,0,0,0,False,False,11,15
006282.png,NANO,ultralytics,False,0,0,0,False,False,0,5
006283.png,NANO,ultralytics,False,0,0,0,False,False,0,3
006284.png,NANO,ultralytics,False,2,4,6,True,True,9,10
006285.png,NANO,ultralytics,False,0,0,0,False,False,7,11
006286.png,NANO,ultralytics,False,0,0,0,False,False,2,8
006287.png,NANO,ultralytics,False,0,1,0,False,True,2,4
006288.png,NANO,ultralytics,False,0,0,0,False,False,0,5
006289.png,NANO,ultralytics,False,0,0,0,False,False,0,2
006290.png,NANO,ultralytics,False,0,0,0,False,False,0,6
006291.png,NANO,ultralytics,False,0,0,0,False,False,12,16
006292.png,NANO,ultralytics,False,1,0,0,True,True,1,1
006293.png,NANO,ultralytics,False,0,0,2,True,False,0,9
006294.png,NANO,ultralytics,False,0,0,1,True,False,0,1
006295.png,NANO,ultralytics,False,0,0,0,False,False,4,14
006296.png,NANO,ultralytics,False,0,1,0,False,True,2,7
006297.png,NANO,ultralytics,False,0,0,0,False,False,1,6
006298.png,NANO,ultralytics,False,0,0,1,True,False,3,9
006299.png,NANO,ultralytics,False,1,0,0,True,True,1,1
006300.png,NANO,ultralytics,False,0,0,0,False,False,9,16
006301.png,NANO,ultralytics,False,0,0,1,True,False,4,9
006302.png,NANO,ultralytics,False,0,0,0,False,False,3,4
006303.png,NANO,ultralytics,False,0,0,2,True,False,4,12
006304.png,NANO,ultralytics,False,0,0,0,False,False,1,4
006305.png,NANO,ultralytics,False,0,0,0,False,False,3,6
006306.png,NANO,ultralytics,False,0,0,0,False,False,9,12
006307.png,NANO,ultralytics,False,0,0,0,False,False,4,9
006308.png,NANO,ultralytics,False,1,2,0,True,True,3,1
006309.png,NANO,ultralytics,False,0,0,0,False,False,1,2
006310.png,NANO,ultralytics,False,0,0,0,False,False,3,8
006311.png,NANO,ultralytics,False,0,0,0,False,False,2,1
006312.png,NANO,ultralytics,False,0,0,0,False,False,7,9
006313.png,NANO,ultralytics,False,0,0,1,True,False,1,6
006314.png,NANO,ultralytics,False,0,0,0,False,False,9,13
006315.png,NANO,ultralytics,False,0,0,0,False,False,3,5
006316.png,NANO,ultralytics,False,0,0,0,False,False,0,1
006317.png,NANO,ultralytics,False,0,0,0,False,False,0,4
006318.png,NANO,ultralytics,False,0,0,0,False,False,1,7
006319.png,NANO,ultralytics,False,0,0,0,False,False,4,4
006320.png,NANO,ultralytics,False,0,0,0,False,False,2,9
006321.png,NANO,ultralytics,False,0,0,0,False,False,1,2
006322.png,NANO,ultralytics,False,0,0,0,False,False,8,10
006323.png,NANO,ultralytics,False,0,0,0,False,False,0,6
006324.png,NANO,ultralytics,False,0,0,0,False,False,5,8
006325.png,NANO,ultralytics,False,0,0,0,False,False,3,5
006326.png,NANO,ultralytics,False,0,0,0,False,False,2,6
006327.png,NANO,ultralytics,False,0,0,0,False,False,1,2
006328.png,NANO,ultralytics,False,0,0,1,True,False,2,11
006329.png,NANO,ultralytics,False,0,0,0,False,False,8,5
006330.png,NANO,ultralytics,False,0,0,0,False,False,1,8
006331.png,NANO,ultralytics,False,0,0,0,False,False,0,4
006332.png,NANO,ultralytics,False,0,0,0,False,False,0,4
006333.png,NANO,ultralytics,False,0,0,2,True,False,1,8
006334.png,NANO,ultralytics,False,0,0,2,True,False,3,10
006335.png,NANO,ultralytics,False,0,0,0,False,False,1,6
006336.png,NANO,ultralytics,False,0,0,0,False,False,6,13
006337.png,NANO,ultralytics,False,1,0,0,True,True,1,1
006338.png,NANO,ultralytics,False,0,0,0,False,False,7,10
006339.png,NANO,ultralytics,False,0,0,1,True,False,1,3
006340.png,NANO,ultralytics,False,0,0,0,False,False,0,5
006341.png,NANO,ultralytics,False,4,3,1,True,True,9,9
006342.png,NANO,ultralytics,False,0,0,0,False,False,8,13
006343.png,NANO,ultralytics,False,0,0,0,False,False,0,4
006344.png,NANO,ultralytics,False,0,0,0,False,False,3,11
006345.png,NANO,ultralytics,False,0,0,0,False,False,5,13
006346.png,NANO,ultralytics,False,0,0,0,False,False,2,7
006347.png,NANO,ultralytics,False,0,0,0,False,False,2,2
006348.png,NANO,ultralytics,False,0,0,0,False,False,1,3
006349.png,NANO,ultralytics,False,0,0,0,False,False,0,2
006350.png,NANO,ultralytics,False,0,0,0,False,False,3,4
006351.png,NANO,ultralytics,False,0,0,0,False,False,0,2
006352.png,NANO,ultralytics,False,0,0,1,True,False,2,5
006353.png,NANO,ultralytics,False,0,0,0,False,False,1,2
006354.png,NANO,ultralytics,False,1,0,0,True,True,1,1
006355.png,NANO,ultralytics,False,0,0,0,False,False,1,5
006356.png,NANO,ultralytics,False,0,0,0,False,False,8,10
006357.png,NANO,ultralytics,False,0,0,0,False,False,1,2
006358.png,NANO,ultralytics,False,0,0,1,True,False,2,7
006359.png,NANO,ultralytics,False,0,0,0,False,False,0,2
006360.png,NANO,ultralytics,False,0,0,0,False,False,3,5
006361.png,NANO,ultralytics,False,0,0,1,True,False,4,11
006362.png,NANO,ultralytics,False,0,0,3,True,False,3,9
006363.png,NANO,ultralytics,False,0,0,0,False,False,2,7
006364.png,NANO,ultralytics,False,0,0,1,True,False,1,8
006365.png,NANO,ultralytics,False,0,0,0,False,False,7,15
006366.png,NANO,ultralytics,False,0,0,0,False,False,5,11
006367.png,NANO,ultralytics,False,0,0,0,False,False,2,6
006368.png,NANO,ultralytics,False,0,0,0,False,False,7,10
006369.png,NANO,ultralytics,False,0,0,1,True,False,2,7
006370.png,NANO,ultralytics,False,0,0,0,False,False,4,7
006371.png,NANO,ultralytics,False,0,0,1,True,False,5,8
006372.png,NANO,ultralytics,False,0,0,0,False,False,5,8
006373.png,NANO,ultralytics,False,0,0,0,False,False,2,5
006374.png,NANO,ultralytics,False,0,0,0,False,False,3,4
006375.png,NANO,ultralytics,False,0,0,0,False,False,0,2
006376.png,NANO,ultralytics,False,0,0,0,False,False,7,16
006377.png,NANO,ultralytics,False,0,0,0,False,False,1,5
006378.png,NANO,ultralytics,False,0,0,3,True,False,2,9
006379.png,NANO,ultralytics,False,0,0,0,False,False,10,15
006380.png,NANO,ultralytics,False,0,0,1,True,False,1,7
006381.png,NANO,ultralytics,False,0,0,1,True,False,5,6
006382.png,NANO,ultralytics,False,0,0,2,True,False,2,4
006383.png,NANO,ultralytics,False,0,0,0,False,False,0,2
006384.png,NANO,ultralytics,False,0,0,0,False,False,0,2
006385.png,NANO,ultralytics,False,0,0,0,False,False,1,5
006386.png,NANO,ultralytics,False,0,0,0,False,False,0,6
006387.png,NANO,ultralytics,False,0,0,0,False,False,1,6
006388.png,NANO,ultralytics,False,0,0,0,False,False,3,7
006389.png,NANO,ultralytics,False,0,2,0,False,True,8,14
006390.png,NANO,ultralytics,False,0,0,1,True,False,11,16
006391.png,NANO,ultralytics,False,0,0,0,False,False,4,7
006392.png,NANO,ultralytics,False,0,0,0,False,False,0,2
006393.png,NANO,ultralytics,False,0,0,0,False,False,1,1
006394.png,NANO,ultralytics,False,0,0,0,False,False,6,8
006395.png,NANO,ultralytics,False,3,1,6,True,True,4,10
006396.png,NANO,ultralytics,False,0,0,11,True,False,1,16
006397.png,NANO,ultralytics,False,0,0,0,False,False,1,7
006398.png,NANO,ultralytics,False,0,0,0,False,False,3,4
006399.png,NANO,ultralytics,False,0,0,0,False,False,11,15
006400.png,NANO,ultralytics,False,3,0,3,True,True,4,9
006401.png,NANO,ultralytics,False,0,0,0,False,False,8,15
006402.png,NANO,ultralytics,False,0,0,0,False,False,1,5
006403.png,NANO,ultralytics,False,0,0,0,False,False,5,8
006404.png,NANO,ultralytics,False,0,0,0,False,False,9,11
006405.png,NANO,ultralytics,False,0,0,0,False,False,0,5
006406.png,NANO,ultralytics,False,0,0,1,True,False,1,3
006407.png,NANO,ultralytics,False,0,0,3,True,False,2,11
006408.png,NANO,ultralytics,False,0,0,0,False,False,0,8
006409.png,NANO,ultralytics,False,0,0,0,False,False,2,4
006410.png,NANO,ultralytics,False,0,0,0,False,False,6,9
006411.png,NANO,ultralytics,False,1,0,0,True,True,1,1
006412.png,NANO,ultralytics,False,1,0,3,True,True,2,7
006413.png,NANO,ultralytics,False,0,0,0,False,False,4,6
006414.png,NANO,ultralytics,False,0,0,1,True,False,0,6
006415.png,NANO,ultralytics,False,0,0,2,True,False,0,6
006416.png,NANO,ultralytics,False,0,0,0,False,False,5,13
006417.png,NANO,ultralytics,False,0,0,0,False,False,0,10
006418.png,NANO,ultralytics,False,0,0,0,False,False,4,8
006419.png,NANO,ultralytics,False,0,0,0,False,False,2,5
006420.png,NANO,ultralytics,False,0,0,0,False,False,4,6
006421.png,NANO,ultralytics,False,0,0,0,False,False,4,8
006422.png,NANO,ultralytics,False,4,0,11,True,True,4,20
006423.png,NANO,ultralytics,False,0,0,0,False,False,4,9
006424.png,NANO,ultralytics,False,3,0,6,True,True,5,13
006425.png,NANO,ultralytics,False,0,0,0,False,False,2,4
006426.png,NANO,ultralytics,False,0,0,0,False,False,18,15
006427.png,NANO,ultralytics,False,3,0,6,True,True,3,11
006428.png,NANO,ultralytics,False,0,0,0,False,False,1,6
006429.png,NANO,ultralytics,False,0,0,0,False,False,9,11
006430.png,NANO,ultralytics,False,0,0,0,False,False,4,5
006431.png,NANO,ultralytics,False,1,0,5,True,True,8,16
006432.png,NANO,ultralytics,False,0,0,0,False,False,8,9
006433.png,NANO,ultralytics,False,0,0,3,True,False,0,8
006434.png,NANO,ultralytics,False,1,0,0,True,True,1,1
006435.png,NANO,ultralytics,False,0,0,0,False,False,1,2
006436.png,NANO,ultralytics,False,0,0,0,False,False,2,5
006437.png,NANO,ultralytics,False,0,0,0,False,False,0,4
006438.png,NANO,ultralytics,False,0,0,0,False,False,5,9
006439.png,NANO,ultralytics,False,0,3,0,False,True,3,7
006440.png,NANO,ultralytics,False,0,0,1,True,False,2,3
006441.png,NANO,ultralytics,False,1,0,1,True,True,6,5
006442.png,NANO,ultralytics,False,0,0,0,False,False,1,7
006443.png,NANO,ultralytics,False,0,0,0,False,False,0,7
006444.png,NANO,ultralytics,False,5,0,4,True,True,5,12
006445.png,NANO,ultralytics,False,0,0,0,False,False,6,9
006446.png,NANO,ultralytics,False,0,1,1,True,True,2,5
006447.png,NANO,ultralytics,False,0,0,0,False,False,1,6
006448.png,NANO,ultralytics,False,0,0,0,False,False,6,9
006449.png,NANO,ultralytics,False,0,0,2,True,False,2,10
006450.png,NANO,ultralytics,False,0,0,0,False,False,1,8
006451.png,NANO,ultralytics,False,1,0,0,True,True,1,1
006452.png,NANO,ultralytics,False,0,0,0,False,False,0,4
006453.png,NANO,ultralytics,False,0,0,3,True,False,1,10
006454.png,NANO,ultralytics,False,0,0,0,False,False,5,6
006455.png,NANO,ultralytics,False,0,0,0,False,False,1,2
006456.png,NANO,ultralytics,False,0,0,0,False,False,1,1
006457.png,NANO,ultralytics,False,0,0,0,False,False,2,7
006458.png,NANO,ultralytics,False,1,0,0,True,True,1,1
006459.png,NANO,ultralytics,False,0,0,0,False,False,2,5
006460.png,NANO,ultralytics,False,0,0,1,True,False,0,6
006461.png,NANO,ultralytics,False,0,0,0,False,False,1,8
006462.png,NANO,ultralytics,False,0,0,0,False,False,3,5
006463.png,NANO,ultralytics,False,0,0,0,False,False,6,8
006464.png,NANO,ultralytics,False,0,0,2,True,False,0,6
006465.png,NANO,ultralytics,False,0,0,0,False,False,0,5
006466.png,NANO,ultralytics,False,0,0,0,False,False,0,3
006467.png,NANO,ultralytics,False,0,0,3,True,False,2,9
006468.png,NANO,ultralytics,False,0,0,0,False,False,9,10
006469.png,NANO,ultralytics,False,0,0,0,False,False,4,7
006470.png,NANO,ultralytics,False,0,0,0,False,False,3,6
006471.png,NANO,ultralytics,False,1,0,0,True,True,1,1
006472.png,NANO,ultralytics,False,0,0,1,True,False,0,1
006473.png,NANO,ultralytics,False,0,0,1,True,False,0,7
006474.png,NANO,ultralytics,False,0,1,1,True,True,4,16
006475.png,NANO,ultralytics,False,3,2,8,True,True,5,13
006476.png,NANO,ultralytics,False,0,0,1,True,False,2,4
006477.png,NANO,ultralytics,False,0,0,0,False,False,1,8
006478.png,NANO,ultralytics,False,1,2,3,True,True,4,8
006479.png,NANO,ultralytics,False,0,0,1,True,False,0,7
006480.png,NANO,ultralytics,False,0,0,1,True,False,1,1
006481.png,NANO,ultralytics,False,0,0,0,False,False,4,5
006482.png,NANO,ultralytics,False,0,0,0,False,False,0,6
006483.png,NANO,ultralytics,False,0,0,0,False,False,4,6
006484.png,NANO,ultralytics,False,0,0,1,True,False,0,5
006485.png,NANO,ultralytics,False,0,0,0,False,False,1,2
006486.png,NANO,ultralytics,False,2,0,0,True,True,2,2
006487.png,NANO,ultralytics,False,0,0,0,False,False,3,4
006488.png,NANO,ultralytics,False,6,2,3,True,True,8,11
006489.png,NANO,ultralytics,False,0,0,0,False,False,7,13
006490.png,NANO,ultralytics,False,0,0,0,False,False,0,8
006491.png,NANO,ultralytics,False,0,0,0,False,False,0,6
006492.png,NANO,ultralytics,False,0,0,1,True,False,3,7
006493.png,NANO,ultralytics,False,0,0,0,False,False,4,8
006494.png,NANO,ultralytics,False,0,0,0,False,False,7,10
006495.png,NANO,ultralytics,False,0,0,0,False,False,2,7
006496.png,NANO,ultralytics,False,3,2,4,True,True,6,10
006497.png,NANO,ultralytics,False,0,0,0,False,False,4,11
006498.png,NANO,ultralytics,False,0,0,1,True,False,4,8
006499.png,NANO,ultralytics,False,0,0,0,False,False,2,2
006500.png,NANO,ultralytics,False,0,0,1,True,False,1,8
006501.png,NANO,ultralytics,False,0,0,0,False,False,2,5
006502.png,NANO,ultralytics,False,1,0,0,True,True,1,1
006503.png,NANO,ultralytics,False,0,0,1,True,False,1,6
006504.png,NANO,ultralytics,False,0,0,0,False,False,2,4
006505.png,NANO,ultralytics,False,0,0,0,False,False,1,5
006506.png,NANO,ultralytics,False,0,0,0,False,False,2,6
006507.png,NANO,ultralytics,False,0,0,0,False,False,1,6
006508.png,NANO,ultralytics,False,0,0,1,True,False,3,7
006509.png,NANO,ultralytics,False,0,0,0,False,False,3,4
006510.png,NANO,ultralytics,False,0,0,0,False,False,0,2
006511.png,NANO,ultralytics,False,0,0,4,True,False,3,10
006512.png,NANO,ultralytics,False,0,0,0,False,False,0,5
006513.png,NANO,ultralytics,False,0,0,0,False,False,5,8
006514.png,NANO,ultralytics,False,0,0,0,False,False,0,5
006515.png,NANO,ultralytics,False,0,0,0,False,False,7,5
006516.png,NANO,ultralytics,False,0,0,0,False,False,3,4
006517.png,NANO,ultralytics,False,0,0,2,True,False,0,6
006518.png,NANO,ultralytics,False,0,0,0,False,False,0,3
006519.png,NANO,ultralytics,False,0,0,3,True,False,5,12
006520.png,NANO,ultralytics,False,0,0,0,False,False,7,10
006521.png,NANO,ultralytics,False,0,0,0,False,False,0,1
006522.png,NANO,ultralytics,False,0,0,2,True,False,0,7
006523.png,NANO,ultralytics,False,0,0,0,False,False,7,14
006524.png,NANO,ultralytics,False,0,0,0,False,False,1,4
006525.png,NANO,ultralytics,False,0,0,1,True,False,6,8
006526.png,NANO,ultralytics,False,0,0,0,False,False,6,8
006527.png,NANO,ultralytics,False,0,0,0,False,False,8,13
006528.png,NANO,ultralytics,False,0,0,6,True,False,0,14
006529.png,NANO,ultralytics,False,0,0,0,False,False,0,6
006530.png,NANO,ultralytics,False,0,0,0,False,False,4,7
006531.png,NANO,ultralytics,False,0,0,0,False,False,6,7
006532.png,NANO,ultralytics,False,0,0,0,False,False,8,10
006533.png,NANO,ultralytics,False,0,0,0,False,False,1,6
006534.png,NANO,ultralytics,False,0,0,1,True,False,2,5
006535.png,NANO,ultralytics,False,0,0,0,False,False,10,11
006536.png,NANO,ultralytics,False,1,0,0,True,True,3,9
006537.png,NANO,ultralytics,False,0,0,0,False,False,1,4
006538.png,NANO,ultralytics,False,0,0,0,False,False,3,10
006539.png,NANO,ultralytics,False,4,2,1,True,True,8,9
006540.png,NANO,ultralytics,False,0,0,0,False,False,3,4
006541.png,NANO,ultralytics,False,0,0,0,False,False,0,3
006542.png,NANO,ultralytics,False,0,0,0,False,False,0,7
006543.png,NANO,ultralytics,False,0,0,0,False,False,5,8
006544.png,NANO,ultralytics,False,0,0,0,False,False,0,5
006545.png,NANO,ultralytics,False,0,0,0,False,False,2,5
006546.png,NANO,ultralytics,False,0,0,1,True,False,2,3
006547.png,NANO,ultralytics,False,0,0,0,False,False,1,5
006548.png,NANO,ultralytics,False,0,0,0,False,False,2,6
006549.png,NANO,ultralytics,False,0,0,0,False,False,13,16
006550.png,NANO,ultralytics,False,0,0,0,False,False,2,3
006551.png,NANO,ultralytics,False,0,0,0,False,False,1,6
006552.png,NANO,ultralytics,False,4,0,0,True,True,6,4
006553.png,NANO,ultralytics,False,0,0,0,False,False,3,4
006554.png,NANO,ultralytics,False,0,0,0,False,False,0,3
006555.png,NANO,ultralytics,False,0,0,0,False,False,0,3
006556.png,NANO,ultralytics,False,0,0,1,True,False,2,4
006557.png,NANO,ultralytics,False,0,0,0,False,False,5,8
006558.png,NANO,ultralytics,False,0,0,0,False,False,2,2
006559.png,NANO,ultralytics,False,0,0,0,False,False,14,15
006560.png,NANO,ultralytics,False,0,0,0,False,False,2,6
006561.png,NANO,ultralytics,False,0,0,0,False,False,1,7
006562.png,NANO,ultralytics,False,0,0,0,False,False,5,16
006563.png,NANO,ultralytics,False,0,0,0,False,False,3,4
006564.png,NANO,ultralytics,False,0,0,2,True,False,4,12
006565.png,NANO,ultralytics,False,0,0,0,False,False,0,5
006566.png,NANO,ultralytics,False,0,0,0,False,False,0,2
006567.png,NANO,ultralytics,False,0,0,0,False,False,6,8
006568.png,NANO,ultralytics,False,0,0,0,False,False,10,11
006569.png,NANO,ultralytics,False,0,0,0,False,False,3,8
006570.png,NANO,ultralytics,False,0,0,1,True,False,3,7
006571.png,NANO,ultralytics,False,0,0,0,False,False,0,7
006572.png,NANO,ultralytics,False,0,0,1,True,False,2,3
006573.png,NANO,ultralytics,False,0,0,1,True,False,0,1
006574.png,NANO,ultralytics,False,0,0,1,True,False,1,3
006575.png,NANO,ultralytics,False,1,0,0,True,True,1,1
006576.png,NANO,ultralytics,False,0,0,0,False,False,5,5
006577.png,NANO,ultralytics,False,0,0,0,False,False,0,4
006578.png,NANO,ultralytics,False,6,2,3,True,True,8,11
006579.png,NANO,ultralytics,False,0,0,1,True,False,0,1
006580.png,NANO,ultralytics,False,0,0,0,False,False,1,1
006581.png,NANO,ultralytics,False,0,0,0,False,False,2,4
006582.png,NANO,ultralytics,False,0,0,0,False,False,0,2
006583.png,NANO,ultralytics,False,5,3,13,True,True,10,20
006584.png,NANO,ultralytics,False,0,0,0,False,False,2,1
006585.png,NANO,ultralytics,False,1,0,0,True,True,1,1
006586.png,NANO,ultralytics,False,0,0,0,False,False,1,5
006587.png,NANO,ultralytics,False,0,0,0,False,False,4,9
006588.png,NANO,ultralytics,False,0,0,0,False,False,4,8
006589.png,NANO,ultralytics,False,1,0,1,True,True,16,20
006590.png,NANO,ultralytics,False,0,0,0,False,False,4,6
006591.png,NANO,ultralytics,False,0,0,0,False,False,1,3
006592.png,NANO,ultralytics,False,0,0,0,False,False,1,2
006593.png,NANO,ultralytics,False,0,0,0,False,False,3,6
006594.png,NANO,ultralytics,False,0,0,0,False,False,5,12
006595.png,NANO,ultralytics,False,0,0,0,False,False,6,14
006596.png,NANO,ultralytics,False,0,0,0,False,False,0,3
006597.png,NANO,ultralytics,False,0,0,3,True,False,4,11
006598.png,NANO,ultralytics,False,0,0,0,False,False,6,14
006599.png,NANO,ultralytics,False,0,0,0,False,False,1,5
006600.png,NANO,ultralytics,False,0,0,1,True,False,3,4
006601.png,NANO,ultralytics,False,0,0,0,False,False,0,4
006602.png,NANO,ultralytics,False,0,0,0,False,False,6,13
006603.png,NANO,ultralytics,False,0,1,1,True,True,2,4
006604.png,NANO,ultralytics,False,0,1,1,True,True,1,5
006605.png,NANO,ultralytics,False,2,1,5,True,True,3,9
006606.png,NANO,ultralytics,False,0,0,0,False,False,0,2
006607.png,NANO,ultralytics,False,0,0,0,False,False,0,2
006608.png,NANO,ultralytics,False,1,3,7,True,True,4,18
006609.png,NANO,ultralytics,False,0,0,0,False,False,1,1
006610.png,NANO,ultralytics,False,0,0,0,False,False,1,4
006611.png,NANO,ultralytics,False,0,0,2,True,False,6,9
006612.png,NANO,ultralytics,False,0,0,2,True,False,6,12
006613.png,NANO,ultralytics,False,1,2,6,True,True,4,9
006614.png,NANO,ultralytics,False,0,0,0,False,False,1,6
006615.png,NANO,ultralytics,False,0,0,0,False,False,0,2
006616.png,NANO,ultralytics,False,0,0,0,False,False,2,7
006617.png,NANO,ultralytics,False,1,0,1,True,True,1,7
006618.png,NANO,ultralytics,False,0,0,0,False,False,1,5
006619.png,NANO,ultralytics,False,0,0,0,False,False,1,6
006620.png,NANO,ultralytics,False,0,0,0,False,False,0,7
006621.png,NANO,ultralytics,False,0,0,0,False,False,0,7
006622.png,NANO,ultralytics,False,0,0,0,False,False,9,12
006623.png,NANO,ultralytics,False,0,0,4,True,False,2,9
006624.png,NANO,ultralytics,False,0,0,0,False,False,3,9
006625.png,NANO,ultralytics,False,0,0,0,False,False,4,14
006626.png,NANO,ultralytics,False,0,0,0,False,False,0,3
006627.png,NANO,ultralytics,False,1,0,3,True,True,3,8
006628.png,NANO,ultralytics,False,1,1,0,True,True,3,8
006629.png,NANO,ultralytics,False,0,0,1,True,False,5,9
006630.png,NANO,ultralytics,False,0,0,0,False,False,7,10
006631.png,NANO,ultralytics,False,0,0,0,False,False,3,6
006632.png,NANO,ultralytics,False,0,0,1,True,False,3,9
006633.png,NANO,ultralytics,False,0,0,0,False,False,0,6
006634.png,NANO,ultralytics,False,0,0,0,False,False,1,5
006635.png,NANO,ultralytics,False,0,0,1,True,False,3,8
006636.png,NANO,ultralytics,False,0,0,0,False,False,0,5
006637.png,NANO,ultralytics,False,0,0,0,False,False,3,11
006638.png,NANO,ultralytics,False,0,0,0,False,False,6,10
006639.png,NANO,ultralytics,False,0,1,1,True,True,9,15
006640.png,NANO,ultralytics,False,0,0,0,False,False,3,8
006641.png,NANO,ultralytics,False,0,0,0,False,False,0,1
006642.png,NANO,ultralytics,False,0,0,1,True,False,5,10
006643.png,NANO,ultralytics,False,0,0,0,False,False,1,6
006644.png,NANO,ultralytics,False,0,0,0,False,False,5,5
006645.png,NANO,ultralytics,False,1,0,2,True,True,1,6
006646.png,NANO,ultralytics,False,0,0,0,False,False,2,4
006647.png,NANO,ultralytics,False,0,0,1,True,False,2,7
006648.png,NANO,ultralytics,False,0,0,0,False,False,10,17
006649.png,NANO,ultralytics,False,0,0,1,True,False,5,10
006650.png,NANO,ultralytics,False,0,0,3,True,False,0,5
006651.png,NANO,ultralytics,False,0,0,1,True,False,1,6
006652.png,NANO,ultralytics,False,1,0,0,True,True,1,1
006653.png,NANO,ultralytics,False,0,0,1,True,False,0,1
006654.png,NANO,ultralytics,False,0,0,0,False,False,2,2
006655.png,NANO,ultralytics,False,0,0,0,False,False,4,13
006656.png,NANO,ultralytics,False,0,1,1,True,True,1,1
006657.png,NANO,ultralytics,False,0,0,3,True,False,3,5
006658.png,NANO,ultralytics,False,0,0,0,False,False,5,6
006659.png,NANO,ultralytics,False,0,0,1,True,False,4,8
006660.png,NANO,ultralytics,False,0,0,0,False,False,9,14
006661.png,NANO,ultralytics,False,1,0,0,True,True,1,1
006662.png,NANO,ultralytics,False,0,0,0,False,False,6,12
006663.png,NANO,ultralytics,False,0,0,0,False,False,6,10
006664.png,NANO,ultralytics,False,0,0,0,False,False,2,6
006665.png,NANO,ultralytics,False,0,0,0,False,False,6,7
006666.png,NANO,ultralytics,False,0,0,1,True,False,0,1
006667.png,NANO,ultralytics,False,0,0,0,False,False,4,7
006668.png,NANO,ultralytics,False,0,0,0,False,False,1,2
006669.png,NANO,ultralytics,False,0,0,0,False,False,2,6
006670.png,NANO,ultralytics,False,0,0,0,False,False,3,7
006671.png,NANO,ultralytics,False,0,0,0,False,False,0,3
006672.png,NANO,ultralytics,False,0,0,0,False,False,7,9
006673.png,NANO,ultralytics,False,0,0,0,False,False,3,10
006674.png,NANO,ultralytics,False,0,0,0,False,False,2,3
006675.png,NANO,ultralytics,False,0,0,0,False,False,1,3
006676.png,NANO,ultralytics,False,1,1,0,True,True,2,1
006677.png,NANO,ultralytics,False,0,0,0,False,False,1,3
006678.png,NANO,ultralytics,False,0,0,0,False,False,10,12
006679.png,NANO,ultralytics,False,0,0,0,False,False,9,9
006680.png,NANO,ultralytics,False,0,0,0,False,False,0,4
006681.png,NANO,ultralytics,False,0,0,0,False,False,2,3
006682.png,NANO,ultralytics,False,0,1,12,True,True,2,16
006683.png,NANO,ultralytics,False,0,0,0,False,False,1,2
006684.png,NANO,ultralytics,False,0,0,0,False,False,7,8
006685.png,NANO,ultralytics,False,1,0,0,True,True,1,1
006686.png,NANO,ultralytics,False,0,0,0,False,False,2,4
006687.png,NANO,ultralytics,False,0,0,0,False,False,4,5
006688.png,NANO,ultralytics,False,0,0,0,False,False,2,5
006689.png,NANO,ultralytics,False,0,0,0,False,False,4,7
006690.png,NANO,ultralytics,False,0,0,1,True,False,2,6
006691.png,NANO,ultralytics,False,0,0,0,False,False,1,1
006692.png,NANO,ultralytics,False,0,0,0,False,False,6,10
006693.png,NANO,ultralytics,False,0,0,0,False,False,1,5
006694.png,NANO,ultralytics,False,0,0,0,False,False,6,8
006695.png,NANO,ultralytics,False,0,0,2,True,False,4,12
006696.png,NANO,ultralytics,False,0,1,1,True,True,4,5
006697.png,NANO,ultralytics,False,0,0,0,False,False,0,2
006698.png,NANO,ultralytics,False,0,0,0,False,False,0,5
006699.png,NANO,ultralytics,False,0,0,0,False,False,6,6
006700.png,NANO,ultralytics,False,0,0,1,True,False,1,5
006701.png,NANO,ultralytics,False,0,0,0,False,False,0,3
006702.png,NANO,ultralytics,False,0,0,0,False,False,4,3
006703.png,NANO,ultralytics,False,1,1,1,True,True,3,10
006704.png,NANO,ultralytics,False,0,0,6,True,False,0,10
006705.png,NANO,ultralytics,False,0,0,0,False,False,1,3
006706.png,NANO,ultralytics,False,0,0,0,False,False,2,2
006707.png,NANO,ultralytics,False,0,0,0,False,False,7,9
006708.png,NANO,ultralytics,False,0,0,0,False,False,2,3
006709.png,NANO,ultralytics,False,0,0,0,False,False,2,1
006710.png,NANO,ultralytics,False,0,0,0,False,False,7,9
006711.png,NANO,ultralytics,False,0,0,0,False,False,0,4
006712.png,NANO,ultralytics,False,0,0,0,False,False,0,4
006713.png,NANO,ultralytics,False,0,0,0,False,False,1,5
006714.png,NANO,ultralytics,False,0,0,0,False,False,0,6
006715.png,NANO,ultralytics,False,0,0,0,False,False,1,7
006716.png,NANO,ultralytics,False,0,0,0,False,False,0,3
006717.png,NANO,ultralytics,False,0,0,1,True,False,2,5
006718.png,NANO,ultralytics,False,0,0,0,False,False,5,9
006719.png,NANO,ultralytics,False,0,0,0,False,False,6,3
006720.png,NANO,ultralytics,False,0,0,0,False,False,4,5
006721.png,NANO,ultralytics,False,0,0,0,False,False,10,14
006722.png,NANO,ultralytics,False,0,1,1,True,True,1,1
006723.png,NANO,ultralytics,False,0,0,0,False,False,2,5
006724.png,NANO,ultralytics,False,0,0,0,False,False,7,5
006725.png,NANO,ultralytics,False,0,0,0,False,False,5,9
006726.png,NANO,ultralytics,False,0,0,0,False,False,5,8
006727.png,NANO,ultralytics,False,0,0,0,False,False,2,3
006728.png,NANO,ultralytics,False,0,0,4,True,False,9,10
006729.png,NANO,ultralytics,False,0,0,0,False,False,1,4
006730.png,NANO,ultralytics,False,0,0,0,False,False,1,2
006731.png,NANO,ultralytics,False,0,0,0,False,False,5,9
006732.png,NANO,ultralytics,False,0,0,0,False,False,1,1
006733.png,NANO,ultralytics,False,0,0,0,False,False,6,17
006734.png,NANO,ultralytics,False,1,1,2,True,True,4,9
006735.png,NANO,ultralytics,False,0,0,0,False,False,2,5
006736.png,NANO,ultralytics,False,0,0,0,False,False,3,7
006737.png,NANO,ultralytics,False,0,0,1,True,False,0,5
006738.png,NANO,ultralytics,False,0,0,0,False,False,1,6
006739.png,NANO,ultralytics,False,0,0,0,False,False,2,2
006740.png,NANO,ultralytics,False,0,0,0,False,False,3,3
006741.png,NANO,ultralytics,False,0,0,1,True,False,0,5
006742.png,NANO,ultralytics,False,0,0,0,False,False,1,4
006743.png,NANO,ultralytics,False,0,0,0,False,False,1,6
006744.png,NANO,ultralytics,False,0,0,2,True,False,0,6
006745.png,NANO,ultralytics,False,0,2,3,True,True,4,6
006746.png,NANO,ultralytics,False,0,0,0,False,False,9,8
006747.png,NANO,ultralytics,False,0,0,0,False,False,0,4
006748.png,NANO,ultralytics,False,0,0,0,False,False,1,2
006749.png,NANO,ultralytics,False,3,0,7,True,True,3,12
006750.png,NANO,ultralytics,False,1,0,0,True,True,4,4
006751.png,NANO,ultralytics,False,0,0,0,False,False,3,8
006752.png,NANO,ultralytics,False,0,0,3,True,False,6,11
006753.png,NANO,ultralytics,False,0,0,0,False,False,8,9
006754.png,NANO,ultralytics,False,0,0,0,False,False,6,10
006755.png,NANO,ultralytics,False,0,0,0,False,False,5,8
006756.png,NANO,ultralytics,False,0,0,0,False,False,4,8
006757.png,NANO,ultralytics,False,0,0,0,False,False,2,7
006758.png,NANO,ultralytics,False,0,0,0,False,False,4,5
006759.png,NANO,ultralytics,False,0,0,0,False,False,1,4
006760.png,NANO,ultralytics,False,0,0,1,True,False,1,4
006761.png,NANO,ultralytics,False,2,1,3,True,True,5,10
006762.png,NANO,ultralytics,False,0,0,1,True,False,0,5
006763.png,NANO,ultralytics,False,0,0,0,False,False,1,2
006764.png,NANO,ultralytics,False,0,0,0,False,False,5,8
006765.png,NANO,ultralytics,False,0,0,3,True,False,8,12
006766.png,NANO,ultralytics,False,0,0,1,True,False,4,11
006767.png,NANO,ultralytics,False,0,0,0,False,False,1,4
006768.png,NANO,ultralytics,False,4,2,2,True,True,6,12
006769.png,NANO,ultralytics,False,0,0,0,False,False,4,11
006770.png,NANO,ultralytics,False,0,0,0,False,False,4,11
006771.png,NANO,ultralytics,False,0,0,2,True,False,0,6
006772.png,NANO,ultralytics,False,0,0,0,False,False,4,8
006773.png,NANO,ultralytics,False,0,0,0,False,False,2,4
006774.png,NANO,ultralytics,False,0,0,0,False,False,0,3
006775.png,NANO,ultralytics,False,0,0,0,False,False,7,10
006776.png,NANO,ultralytics,False,0,0,1,True,False,1,2
006777.png,NANO,ultralytics,False,0,0,1,True,False,1,6
006778.png,NANO,ultralytics,False,0,0,1,True,False,4,6
006779.png,NANO,ultralytics,False,0,0,1,True,False,3,11
006780.png,NANO,ultralytics,False,0,0,0,False,False,4,14
006781.png,NANO,ultralytics,False,0,0,0,False,False,7,8
006782.png,NANO,ultralytics,False,0,0,0,False,False,1,7
006783.png,NANO,ultralytics,False,0,0,1,True,False,8,17
006784.png,NANO,ultralytics,False,0,0,0,False,False,0,2
006785.png,NANO,ultralytics,False,0,1,5,True,True,2,8
006786.png,NANO,ultralytics,False,0,0,0,False,False,0,5
006787.png,NANO,ultralytics,False,0,0,0,False,False,3,7
006788.png,NANO,ultralytics,False,0,0,0,False,False,5,11
006789.png,NANO,ultralytics,False,0,0,0,False,False,5,10
006790.png,NANO,ultralytics,False,0,0,0,False,False,0,1
006791.png,NANO,ultralytics,False,0,0,0,False,False,1,11
006792.png,NANO,ultralytics,False,0,0,0,False,False,1,4
006793.png,NANO,ultralytics,False,0,0,0,False,False,0,6
006794.png,NANO,ultralytics,False,0,0,0,False,False,0,4
006795.png,NANO,ultralytics,False,0,1,1,True,True,1,1
006796.png,NANO,ultralytics,False,0,0,0,False,False,2,5
006797.png,NANO,ultralytics,False,0,0,0,False,False,1,2
006798.png,NANO,ultralytics,False,0,0,0,False,False,10,11
006799.png,NANO,ultralytics,False,1,0,0,True,True,1,1
006800.png,NANO,ultralytics,False,2,2,1,True,True,5,10
006801.png,NANO,ultralytics,False,3,1,10,True,True,5,18
006802.png,NANO,ultralytics,False,0,0,1,True,False,3,3
006803.png,NANO,ultralytics,False,0,0,0,False,False,1,4
006804.png,NANO,ultralytics,False,1,0,0,True,True,1,1
006805.png,NANO,ultralytics,False,0,0,0,False,False,7,11
006806.png,NANO,ultralytics,False,0,0,0,False,False,2,5
006807.png,NANO,ultralytics,False,1,0,0,True,True,1,1
006808.png,NANO,ultralytics,False,0,0,0,False,False,3,6
006809.png,NANO,ultralytics,False,0,0,1,True,False,3,2
006810.png,NANO,ultralytics,False,0,0,1,True,False,8,9
006811.png,NANO,ultralytics,False,0,0,0,False,False,2,6
006812.png,NANO,ultralytics,False,0,0,0,False,False,2,4
006813.png,NANO,ultralytics,False,0,0,11,True,False,2,15
006814.png,NANO,ultralytics,False,0,0,2,True,False,8,11
006815.png,NANO,ultralytics,False,0,0,0,False,False,3,3
006816.png,NANO,ultralytics,False,0,0,0,False,False,0,2
006817.png,NANO,ultralytics,False,0,0,0,False,False,3,8
006818.png,NANO,ultralytics,False,0,1,2,True,True,3,5
006819.png,NANO,ultralytics,False,1,0,0,True,True,1,2
006820.png,NANO,ultralytics,False,0,0,0,False,False,7,11
006821.png,NANO,ultralytics,False,0,0,0,False,False,0,2
006822.png,NANO,ultralytics,False,1,0,0,True,True,9,8
006823.png,NANO,ultralytics,False,0,0,0,False,False,0,4
006824.png,NANO,ultralytics,False,0,0,0,False,False,0,6
006825.png,NANO,ultralytics,False,1,0,2,True,True,2,7
006826.png,NANO,ultralytics,False,0,0,0,False,False,1,6
006827.png,NANO,ultralytics,False,0,0,1,True,False,3,3
006828.png,NANO,ultralytics,False,2,4,6,True,True,6,10
006829.png,NANO,ultralytics,False,0,0,0,False,False,4,5
006830.png,NANO,ultralytics,False,1,0,0,True,True,1,1
006831.png,NANO,ultralytics,False,0,0,0,False,False,1,8
006832.png,NANO,ultralytics,False,0,0,1,True,False,1,9
006833.png,NANO,ultralytics,False,0,0,1,True,False,14,21
006834.png,NANO,ultralytics,False,0,0,0,False,False,0,8
006835.png,NANO,ultralytics,False,2,1,2,True,True,4,7
006836.png,NANO,ultralytics,False,0,0,0,False,False,2,6
006837.png,NANO,ultralytics,False,0,0,2,True,False,1,6
006838.png,NANO,ultralytics,False,0,0,1,True,False,3,7
006839.png,NANO,ultralytics,False,0,0,0,False,False,0,2
006840.png,NANO,ultralytics,False,0,0,0,False,False,2,6
006841.png,NANO,ultralytics,False,0,0,0,False,False,0,5
006842.png,NANO,ultralytics,False,0,0,2,True,False,2,13
006843.png,NANO,ultralytics,False,0,2,2,True,True,11,10
006844.png,NANO,ultralytics,False,0,0,0,False,False,3,12
006845.png,NANO,ultralytics,False,0,0,0,False,False,9,12
006846.png,NANO,ultralytics,False,0,0,0,False,False,5,7
006847.png,NANO,ultralytics,False,0,4,1,True,True,4,8
006848.png,NANO,ultralytics,False,0,0,0,False,False,4,5
006849.png,NANO,ultralytics,False,0,0,1,True,False,0,6
006850.png,NANO,ultralytics,False,0,0,0,False,False,2,2
006851.png,NANO,ultralytics,False,0,0,0,False,False,1,4
006852.png,NANO,ultralytics,False,0,0,0,False,False,0,3
006853.png,NANO,ultralytics,False,0,0,0,False,False,6,9
006854.png,NANO,ultralytics,False,0,0,0,False,False,2,6
006855.png,NANO,ultralytics,False,0,0,0,False,False,0,4
006856.png,NANO,ultralytics,False,0,0,0,False,False,6,6
006857.png,NANO,ultralytics,False,0,1,0,False,True,2,8
006858.png,NANO,ultralytics,False,0,0,0,False,False,6,5
006859.png,NANO,ultralytics,False,0,0,2,True,False,2,11
006860.png,NANO,ultralytics,False,0,0,0,False,False,1,3
006861.png,NANO,ultralytics,False,1,1,0,True,True,2,1
006862.png,NANO,ultralytics,False,0,0,0,False,False,7,10
006863.png,NANO,ultralytics,False,0,1,0,False,True,4,8
006864.png,NANO,ultralytics,False,0,0,0,False,False,8,13
006865.png,NANO,ultralytics,False,0,0,0,False,False,0,1
006866.png,NANO,ultralytics,False,0,0,0,False,False,10,8
006867.png,NANO,ultralytics,False,0,0,0,False,False,5,9
006868.png,NANO,ultralytics,False,0,0,0,False,False,7,8
006869.png,NANO,ultralytics,False,0,0,0,False,False,3,4
006870.png,NANO,ultralytics,False,0,0,0,False,False,3,11
006871.png,NANO,ultralytics,False,0,0,0,False,False,4,9
006872.png,NANO,ultralytics,False,0,1,6,True,True,2,9
006873.png,NANO,ultralytics,False,0,0,1,True,False,0,1
006874.png,NANO,ultralytics,False,0,0,0,False,False,2,4
006875.png,NANO,ultralytics,False,0,0,0,False,False,0,2
006876.png,NANO,ultralytics,False,0,0,0,False,False,1,8
006877.png,NANO,ultralytics,False,0,0,0,False,False,2,7
006878.png,NANO,ultralytics,False,4,2,1,True,True,8,8
006879.png,NANO,ultralytics,False,1,0,0,True,True,8,10
006880.png,NANO,ultralytics,False,0,0,0,False,False,1,2
006881.png,NANO,ultralytics,False,1,0,1,True,True,3,6
006882.png,NANO,ultralytics,False,0,0,1,True,False,2,6
006883.png,NANO,ultralytics,False,0,0,0,False,False,3,5
006884.png,NANO,ultralytics,False,0,0,0,False,False,0,5
006885.png,NANO,ultralytics,False,0,0,0,False,False,4,9
006886.png,NANO,ultralytics,False,0,0,2,True,False,1,12
006887.png,NANO,ultralytics,False,0,0,1,True,False,0,6
006888.png,NANO,ultralytics,False,0,0,0,False,False,1,6
006889.png,NANO,ultralytics,False,0,0,0,False,False,6,9
006890.png,NANO,ultralytics,False,0,0,0,False,False,0,2
006891.png,NANO,ultralytics,False,0,0,0,False,False,2,5
006892.png,NANO,ultralytics,False,1,0,0,True,True,1,1
006893.png,NANO,ultralytics,False,0,0,0,False,False,0,5
006894.png,NANO,ultralytics,False,0,1,11,True,True,1,13
006895.png,NANO,ultralytics,False,0,0,0,False,False,4,7
006896.png,NANO,ultralytics,False,0,0,0,False,False,2,4
006897.png,NANO,ultralytics,False,0,0,0,False,False,7,11
006898.png,NANO,ultralytics,False,0,0,0,False,False,0,1
006899.png,NANO,ultralytics,False,0,0,0,False,False,2,5
006900.png,NANO,ultralytics,False,0,0,0,False,False,0,3
006901.png,NANO,ultralytics,False,0,1,0,False,True,1,2
006902.png,NANO,ultralytics,False,0,0,0,False,False,8,12
006903.png,NANO,ultralytics,False,0,1,1,True,True,1,1
006904.png,NANO,ultralytics,False,0,0,1,True,False,6,12
006905.png,NANO,ultralytics,False,0,0,0,False,False,1,2
006906.png,NANO,ultralytics,False,0,0,0,False,False,0,4
006907.png,NANO,ultralytics,False,0,0,0,False,False,1,7
006908.png,NANO,ultralytics,False,4,1,4,True,True,7,10
006909.png,NANO,ultralytics,False,0,0,0,False,False,2,6
006910.png,NANO,ultralytics,False,2,0,0,True,True,6,11
006911.png,NANO,ultralytics,False,1,0,0,True,True,3,11
006912.png,NANO,ultralytics,False,0,2,1,True,True,3,6
006913.png,NANO,ultralytics,False,0,0,0,False,False,1,7
006914.png,NANO,ultralytics,False,0,0,0,False,False,3,4
006915.png,NANO,ultralytics,False,0,0,0,False,False,3,3
006916.png,NANO,ultralytics,False,1,1,1,True,True,4,4
006917.png,NANO,ultralytics,False,0,0,0,False,False,9,7
006918.png,NANO,ultralytics,False,0,0,0,False,False,1,3
006919.png,NANO,ultralytics,False,0,0,3,True,False,3,9
006920.png,NANO,ultralytics,False,0,0,0,False,False,5,8
006921.png,NANO,ultralytics,False,0,0,0,False,False,1,3
006922.png,NANO,ultralytics,False,0,0,0,False,False,18,12
006923.png,NANO,ultralytics,False,0,0,1,True,False,4,6
006924.png,NANO,ultralytics,False,0,0,0,False,False,0,3
006925.png,NANO,ultralytics,False,2,1,6,True,True,4,11
006926.png,NANO,ultralytics,False,1,0,1,True,True,12,17
006927.png,NANO,ultralytics,False,0,0,0,False,False,5,10
006928.png,NANO,ultralytics,False,0,0,0,False,False,5,9
006929.png,NANO,ultralytics,False,0,0,1,True,False,4,12
006930.png,NANO,ultralytics,False,0,0,0,False,False,0,2
006931.png,NANO,ultralytics,False,0,0,0,False,False,0,1
006932.png,NANO,ultralytics,False,1,0,0,True,True,11,17
006933.png,NANO,ultralytics,False,0,0,0,False,False,3,4
006934.png,NANO,ultralytics,False,0,0,0,False,False,1,2
006935.png,NANO,ultralytics,False,3,0,0,True,True,3,3
006936.png,NANO,ultralytics,False,0,0,0,False,False,7,8
006937.png,NANO,ultralytics,False,4,0,4,True,True,4,13
006938.png,NANO,ultralytics,False,0,0,0,False,False,2,3
006939.png,NANO,ultralytics,False,0,0,0,False,False,6,6
006940.png,NANO,ultralytics,False,0,0,0,False,False,1,3
006941.png,NANO,ultralytics,False,1,0,0,True,True,1,1
006942.png,NANO,ultralytics,False,0,0,1,True,False,11,15
006943.png,NANO,ultralytics,False,0,1,0,False,True,6,8
006944.png,NANO,ultralytics,False,0,0,0,False,False,1,10
006945.png,NANO,ultralytics,False,0,0,0,False,False,2,7
006946.png,NANO,ultralytics,False,0,0,0,False,False,3,7
006947.png,NANO,ultralytics,False,0,1,0,False,True,1,3
006948.png,NANO,ultralytics,False,0,0,0,False,False,6,15
006949.png,NANO,ultralytics,False,0,0,0,False,False,1,3
006950.png,NANO,ultralytics,False,0,0,0,False,False,3,12
006951.png,NANO,ultralytics,False,0,0,1,True,False,0,1
006952.png,NANO,ultralytics,False,0,0,1,True,False,9,15
006953.png,NANO,ultralytics,False,0,0,0,False,False,8,11
006954.png,NANO,ultralytics,False,0,0,0,False,False,1,8
006955.png,NANO,ultralytics,False,1,0,0,True,True,1,1
006956.png,NANO,ultralytics,False,0,2,0,False,True,3,8
006957.png,NANO,ultralytics,False,0,0,4,True,False,2,9
006958.png,NANO,ultralytics,False,0,0,0,False,False,5,12
006959.png,NANO,ultralytics,False,0,0,0,False,False,6,5
006960.png,NANO,ultralytics,False,0,0,0,False,False,4,13
006961.png,NANO,ultralytics,False,0,0,0,False,False,5,8
006962.png,NANO,ultralytics,False,0,0,2,True,False,0,6
006963.png,NANO,ultralytics,False,0,0,0,False,False,0,7
006964.png,NANO,ultralytics,False,0,0,0,False,False,0,6
006965.png,NANO,ultralytics,False,0,0,0,False,False,2,2
006966.png,NANO,ultralytics,False,0,0,0,False,False,0,3
006967.png,NANO,ultralytics,False,0,0,0,False,False,1,10
006968.png,NANO,ultralytics,False,0,0,1,True,False,5,9
006969.png,NANO,ultralytics,False,1,0,2,True,True,1,7
006970.png,NANO,ultralytics,False,0,0,0,False,False,2,8
006971.png,NANO,ultralytics,False,0,0,4,True,False,0,9
006972.png,NANO,ultralytics,False,0,0,0,False,False,5,5
006973.png,NANO,ultralytics,False,0,1,0,False,True,4,8
006974.png,NANO,ultralytics,False,0,0,0,False,False,1,3
006975.png,NANO,ultralytics,False,0,0,0,False,False,1,7
006976.png,NANO,ultralytics,False,0,0,0,False,False,0,4
006977.png,NANO,ultralytics,False,0,0,0,False,False,0,2
006978.png,NANO,ultralytics,False,0,0,0,False,False,1,7
006979.png,NANO,ultralytics,False,0,0,0,False,False,5,8
006980.png,NANO,ultralytics,False,1,3,11,True,True,4,16
006981.png,NANO,ultralytics,False,0,0,0,False,False,0,2
006982.png,NANO,ultralytics,False,0,0,0,False,False,2,7
006983.png,NANO,ultralytics,False,0,0,0,False,False,6,9
006984.png,NANO,ultralytics,False,0,0,0,False,False,1,8
006985.png,NANO,ultralytics,False,0,0,1,True,False,2,9
006986.png,NANO,ultralytics,False,0,0,0,False,False,0,3
006987.png,NANO,ultralytics,False,0,0,0,False,False,4,8
006988.png,NANO,ultralytics,False,0,0,0,False,False,2,2
006989.png,NANO,ultralytics,False,0,0,0,False,False,6,7
006990.png,NANO,ultralytics,False,0,0,0,False,False,5,7
006991.png,NANO,ultralytics,False,0,0,0,False,False,5,7
006992.png,NANO,ultralytics,False,0,0,0,False,False,9,14
006993.png,NANO,ultralytics,False,0,0,0,False,False,2,8
006994.png,NANO,ultralytics,False,1,0,2,True,True,1,5
006995.png,NANO,ultralytics,False,0,0,0,False,False,4,7
006996.png,NANO,ultralytics,False,0,0,0,False,False,5,5
006997.png,NANO,ultralytics,False,2,1,0,True,True,3,9
006998.png,NANO,ultralytics,False,0,0,0,False,False,2,6
006999.png,NANO,ultralytics,False,0,0,0,False,False,1,4
007000.png,NANO,ultralytics,False,0,0,2,True,False,5,11
007001.png,NANO,ultralytics,False,0,0,0,False,False,1,6
007002.png,NANO,ultralytics,False,0,0,0,False,False,1,3
007003.png,NANO,ultralytics,False,0,0,0,False,False,7,10
007004.png,NANO,ultralytics,False,0,0,2,True,False,3,7
007005.png,NANO,ultralytics,False,0,0,0,False,False,5,9
007006.png,NANO,ultralytics,False,0,0,1,True,False,3,5
007007.png,NANO,ultralytics,False,0,0,0,False,False,1,9
007008.png,NANO,ultralytics,False,0,0,0,False,False,1,4
007009.png,NANO,ultralytics,False,0,0,0,False,False,0,2
007010.png,NANO,ultralytics,False,0,0,0,False,False,5,5
007011.png,NANO,ultralytics,False,0,1,0,False,True,8,11
007012.png,NANO,ultralytics,False,0,1,0,False,True,5,8
007013.png,NANO,ultralytics,False,0,0,0,False,False,6,14
007014.png,NANO,ultralytics,False,0,0,0,False,False,6,14
007015.png,NANO,ultralytics,False,0,0,0,False,False,3,13
007016.png,NANO,ultralytics,False,2,1,2,True,True,4,11
007017.png,NANO,ultralytics,False,1,1,0,True,True,2,1
007018.png,NANO,ultralytics,False,4,1,2,True,True,5,9
007019.png,NANO,ultralytics,False,0,0,0,False,False,4,11
007020.png,NANO,ultralytics,False,0,0,0,False,False,4,8
007021.png,NANO,ultralytics,False,0,0,3,True,False,3,10
007022.png,NANO,ultralytics,False,0,0,0,False,False,4,7
007023.png,NANO,ultralytics,False,1,1,0,True,True,2,1
007024.png,NANO,ultralytics,False,0,0,0,False,False,2,2
007025.png,NANO,ultralytics,False,0,0,0,False,False,1,3
007026.png,NANO,ultralytics,False,0,0,0,False,False,7,12
007027.png,NANO,ultralytics,False,0,0,0,False,False,5,7
007028.png,NANO,ultralytics,False,0,0,0,False,False,3,7
007029.png,NANO,ultralytics,False,0,0,0,False,False,5,7
007030.png,NANO,ultralytics,False,0,0,0,False,False,3,3
007031.png,NANO,ultralytics,False,0,0,0,False,False,3,12
007032.png,NANO,ultralytics,False,0,0,0,False,False,3,7
007033.png,NANO,ultralytics,False,0,0,1,True,False,4,8
007034.png,NANO,ultralytics,False,0,0,1,True,False,3,5
007035.png,NANO,ultralytics,False,0,0,0,False,False,2,11
007036.png,NANO,ultralytics,False,1,0,0,True,True,1,1
007037.png,NANO,ultralytics,False,0,0,0,False,False,4,3
007038.png,NANO,ultralytics,False,0,0,0,False,False,1,4
007039.png,NANO,ultralytics,False,0,0,0,False,False,3,10
007040.png,NANO,ultralytics,False,0,0,0,False,False,0,1
007041.png,NANO,ultralytics,False,0,0,0,False,False,4,8
007042.png,NANO,ultralytics,False,0,0,0,False,False,0,10
007043.png,NANO,ultralytics,False,0,0,0,False,False,7,8
007044.png,NANO,ultralytics,False,0,0,0,False,False,1,5
007045.png,NANO,ultralytics,False,0,0,3,True,False,3,11
007046.png,NANO,ultralytics,False,0,1,1,True,True,12,15
007047.png,NANO,ultralytics,False,0,0,0,False,False,6,11
007048.png,NANO,ultralytics,False,0,0,0,False,False,2,3
007049.png,NANO,ultralytics,False,0,0,1,True,False,1,4
007050.png,NANO,ultralytics,False,0,0,0,False,False,2,9
007051.png,NANO,ultralytics,False,0,0,0,False,False,3,10
007052.png,NANO,ultralytics,False,0,1,1,True,True,3,10
007053.png,NANO,ultralytics,False,0,0,2,True,False,2,8
007054.png,NANO,ultralytics,False,0,0,0,False,False,0,4
007055.png,NANO,ultralytics,False,0,3,0,False,True,3,5
007056.png,NANO,ultralytics,False,0,0,1,True,False,2,10
007057.png,NANO,ultralytics,False,0,0,0,False,False,0,4
007058.png,NANO,ultralytics,False,0,0,0,False,False,1,5
007059.png,NANO,ultralytics,False,0,0,0,False,False,4,6
007060.png,NANO,ultralytics,False,0,0,0,False,False,5,6
007061.png,NANO,ultralytics,False,0,0,0,False,False,3,7
007062.png,NANO,ultralytics,False,0,0,0,False,False,2,4
007063.png,NANO,ultralytics,False,0,0,0,False,False,2,5
007064.png,NANO,ultralytics,False,0,0,0,False,False,0,8
007065.png,NANO,ultralytics,False,0,0,0,False,False,4,6
007066.png,NANO,ultralytics,False,0,0,0,False,False,7,11
007067.png,NANO,ultralytics,False,0,0,2,True,False,5,11
007068.png,NANO,ultralytics,False,0,0,0,False,False,3,4
007069.png,NANO,ultralytics,False,0,0,0,False,False,7,10
007070.png,NANO,ultralytics,False,0,0,3,True,False,1,9
007071.png,NANO,ultralytics,False,0,0,0,False,False,4,13
007072.png,NANO,ultralytics,False,0,0,1,True,False,0,2
007073.png,NANO,ultralytics,False,1,0,0,True,True,1,1
007074.png,NANO,ultralytics,False,0,0,0,False,False,1,2
007075.png,NANO,ultralytics,False,1,1,0,True,True,2,1
007076.png,NANO,ultralytics,False,0,0,0,False,False,1,3
007077.png,NANO,ultralytics,False,1,0,0,True,True,2,2
007078.png,NANO,ultralytics,False,0,0,0,False,False,1,4
007079.png,NANO,ultralytics,False,0,0,0,False,False,0,3
007080.png,NANO,ultralytics,False,0,0,1,True,False,0,2
007081.png,NANO,ultralytics,False,0,0,0,False,False,9,10
007082.png,NANO,ultralytics,False,0,0,0,False,False,0,1
007083.png,NANO,ultralytics,False,0,0,0,False,False,2,3
007084.png,NANO,ultralytics,False,1,0,0,True,True,1,1
007085.png,NANO,ultralytics,False,0,0,0,False,False,2,5
007086.png,NANO,ultralytics,False,0,0,0,False,False,0,1
007087.png,NANO,ultralytics,False,0,0,0,False,False,4,10
007088.png,NANO,ultralytics,False,0,0,0,False,False,3,6
007089.png,NANO,ultralytics,False,0,0,0,False,False,1,4
007090.png,NANO,ultralytics,False,0,0,0,False,False,1,4
007091.png,NANO,ultralytics,False,0,0,0,False,False,6,7
007092.png,NANO,ultralytics,False,0,1,2,True,True,1,5
007093.png,NANO,ultralytics,False,0,0,0,False,False,4,6
007094.png,NANO,ultralytics,False,1,1,7,True,True,2,8
007095.png,NANO,ultralytics,False,0,0,0,False,False,6,6
007096.png,NANO,ultralytics,False,0,0,0,False,False,3,7
007097.png,NANO,ultralytics,False,0,0,0,False,False,4,5
007098.png,NANO,ultralytics,False,0,2,0,False,True,2,6
007099.png,NANO,ultralytics,False,0,0,1,True,False,10,16
007100.png,NANO,ultralytics,False,0,0,0,False,False,4,6
007101.png,NANO,ultralytics,False,0,0,0,False,False,10,17
007102.png,NANO,ultralytics,False,0,0,0,False,False,3,15
007103.png,NANO,ultralytics,False,0,0,1,True,False,1,5
007104.png,NANO,ultralytics,False,0,0,0,False,False,3,6
007105.png,NANO,ultralytics,False,0,0,0,False,False,1,4
007106.png,NANO,ultralytics,False,0,0,0,False,False,0,4
007107.png,NANO,ultralytics,False,0,0,0,False,False,6,12
007108.png,NANO,ultralytics,False,0,0,0,False,False,4,6
007109.png,NANO,ultralytics,False,3,2,7,True,True,5,15
007110.png,NANO,ultralytics,False,0,0,1,True,False,0,1
007111.png,NANO,ultralytics,False,0,0,0,False,False,2,2
007112.png,NANO,ultralytics,False,0,0,0,False,False,0,1
007113.png,NANO,ultralytics,False,0,0,0,False,False,0,2
007114.png,NANO,ultralytics,False,0,1,0,False,True,8,12
007115.png,NANO,ultralytics,False,0,0,1,True,False,0,2
007116.png,NANO,ultralytics,False,0,0,0,False,False,4,6
007117.png,NANO,ultralytics,False,0,0,0,False,False,5,8
007118.png,NANO,ultralytics,False,0,0,2,True,False,0,4
007119.png,NANO,ultralytics,False,0,0,0,False,False,1,6
007120.png,NANO,ultralytics,False,0,0,0,False,False,0,6
007121.png,NANO,ultralytics,False,0,0,1,True,False,4,11
007122.png,NANO,ultralytics,False,0,1,1,True,True,4,7
007123.png,NANO,ultralytics,False,0,0,1,True,False,8,8
007124.png,NANO,ultralytics,False,0,0,0,False,False,1,7
007125.png,NANO,ultralytics,False,0,0,0,False,False,0,4
007126.png,NANO,ultralytics,False,1,0,0,True,True,1,1
007127.png,NANO,ultralytics,False,0,0,0,False,False,0,2
007128.png,NANO,ultralytics,False,0,0,0,False,False,2,8
007129.png,NANO,ultralytics,False,1,1,6,True,True,2,10
007130.png,NANO,ultralytics,False,0,0,1,True,False,2,5
007131.png,NANO,ultralytics,False,0,0,0,False,False,5,10
007132.png,NANO,ultralytics,False,0,0,1,True,False,5,11
007133.png,NANO,ultralytics,False,0,0,0,False,False,1,3
007134.png,NANO,ultralytics,False,0,0,0,False,False,3,7
007135.png,NANO,ultralytics,False,0,0,1,True,False,5,7
007136.png,NANO,ultralytics,False,1,4,1,True,True,6,10
007137.png,NANO,ultralytics,False,0,0,0,False,False,10,11
007138.png,NANO,ultralytics,False,0,0,0,False,False,7,8
007139.png,NANO,ultralytics,False,0,0,0,False,False,4,6
007140.png,NANO,ultralytics,False,0,0,0,False,False,2,5
007141.png,NANO,ultralytics,False,0,0,0,False,False,1,3
007142.png,NANO,ultralytics,False,0,0,0,False,False,6,8
007143.png,NANO,ultralytics,False,0,0,0,False,False,1,5
007144.png,NANO,ultralytics,False,0,0,0,False,False,1,4
007145.png,NANO,ultralytics,False,0,0,0,False,False,2,8
007146.png,NANO,ultralytics,False,0,0,0,False,False,1,4
007147.png,NANO,ultralytics,False,1,0,0,True,True,3,4
007148.png,NANO,ultralytics,False,0,0,0,False,False,5,5
007149.png,NANO,ultralytics,False,0,0,1,True,False,5,9
007150.png,NANO,ultralytics,False,0,0,1,True,False,0,1
007151.png,NANO,ultralytics,False,0,0,0,False,False,7,11
007152.png,NANO,ultralytics,False,0,0,0,False,False,1,5
007153.png,NANO,ultralytics,False,0,0,0,False,False,4,8
007154.png,NANO,ultralytics,False,1,0,0,True,True,1,1
007155.png,NANO,ultralytics,False,0,0,0,False,False,1,1
007156.png,NANO,ultralytics,False,0,1,2,True,True,10,13
007157.png,NANO,ultralytics,False,1,0,0,True,True,1,5
007158.png,NANO,ultralytics,False,0,0,0,False,False,0,2
007159.png,NANO,ultralytics,False,0,1,2,True,True,1,2
007160.png,NANO,ultralytics,False,0,0,0,False,False,7,8
007161.png,NANO,ultralytics,False,0,0,4,True,False,1,7
007162.png,NANO,ultralytics,False,0,0,0,False,False,2,9
007163.png,NANO,ultralytics,False,0,0,0,False,False,4,11
007164.png,NANO,ultralytics,False,0,0,0,False,False,2,4
007165.png,NANO,ultralytics,False,0,0,0,False,False,2,6
007166.png,NANO,ultralytics,False,0,0,0,False,False,8,10
007167.png,NANO,ultralytics,False,0,0,0,False,False,2,7
007168.png,NANO,ultralytics,False,0,0,1,True,False,1,6
007169.png,NANO,ultralytics,False,0,0,0,False,False,5,9
007170.png,NANO,ultralytics,False,0,0,0,False,False,0,4
007171.png,NANO,ultralytics,False,0,0,0,False,False,11,12
007172.png,NANO,ultralytics,False,0,0,0,False,False,1,5
007173.png,NANO,ultralytics,False,0,0,0,False,False,0,2
007174.png,NANO,ultralytics,False,0,0,0,False,False,6,13
007175.png,NANO,ultralytics,False,0,0,0,False,False,0,1
007176.png,NANO,ultralytics,False,0,0,0,False,False,3,5
007177.png,NANO,ultralytics,False,0,0,2,True,False,4,9
007178.png,NANO,ultralytics,False,0,0,1,True,False,5,9
007179.png,NANO,ultralytics,False,4,3,0,True,True,7,6
007180.png,NANO,ultralytics,False,0,0,0,False,False,1,4
007181.png,NANO,ultralytics,False,0,0,0,False,False,1,2
007182.png,NANO,ultralytics,False,0,0,3,True,False,7,11
007183.png,NANO,ultralytics,False,0,0,0,False,False,4,9
007184.png,NANO,ultralytics,False,0,0,0,False,False,3,4
007185.png,NANO,ultralytics,False,0,0,1,True,False,7,12
007186.png,NANO,ultralytics,False,0,0,0,False,False,0,4
007187.png,NANO,ultralytics,False,0,0,0,False,False,0,1
007188.png,NANO,ultralytics,False,1,0,0,True,True,1,1
007189.png,NANO,ultralytics,False,0,1,5,True,True,1,7
007190.png,NANO,ultralytics,False,0,0,0,False,False,2,2
007191.png,NANO,ultralytics,False,0,0,0,False,False,1,4
007192.png,NANO,ultralytics,False,0,0,3,True,False,8,11
007193.png,NANO,ultralytics,False,0,0,0,False,False,6,5
007194.png,NANO,ultralytics,False,0,0,0,False,False,2,5
007195.png,NANO,ultralytics,False,0,0,0,False,False,6,12
007196.png,NANO,ultralytics,False,0,0,0,False,False,4,8
007197.png,NANO,ultralytics,False,0,0,0,False,False,0,5
007198.png,NANO,ultralytics,False,0,0,0,False,False,3,5
007199.png,NANO,ultralytics,False,1,0,1,True,True,1,6
007200.png,NANO,ultralytics,False,0,0,0,False,False,12,11
007201.png,NANO,ultralytics,False,0,0,1,True,False,1,9
007202.png,NANO,ultralytics,False,2,5,9,True,True,8,15
007203.png,NANO,ultralytics,False,0,0,4,True,False,6,10
007204.png,NANO,ultralytics,False,0,0,0,False,False,5,8
007205.png,NANO,ultralytics,False,0,0,0,False,False,2,5
007206.png,NANO,ultralytics,False,0,0,1,True,False,2,7
007207.png,NANO,ultralytics,False,0,0,1,True,False,0,4
007208.png,NANO,ultralytics,False,0,0,0,False,False,7,11
007209.png,NANO,ultralytics,False,0,0,0,False,False,4,13
007210.png,NANO,ultralytics,False,0,0,0,False,False,8,12
007211.png,NANO,ultralytics,False,0,0,0,False,False,4,6
007212.png,NANO,ultralytics,False,0,0,0,False,False,0,2
007213.png,NANO,ultralytics,False,0,0,0,False,False,4,5
007214.png,NANO,ultralytics,False,0,0,0,False,False,3,5
007215.png,NANO,ultralytics,False,0,0,0,False,False,1,3
007216.png,NANO,ultralytics,False,0,0,0,False,False,4,7
007217.png,NANO,ultralytics,False,0,0,0,False,False,2,3
007218.png,NANO,ultralytics,False,0,0,0,False,False,2,11
007219.png,NANO,ultralytics,False,0,0,0,False,False,1,6
007220.png,NANO,ultralytics,False,0,0,0,False,False,1,1
007221.png,NANO,ultralytics,False,0,0,1,True,False,2,5
007222.png,NANO,ultralytics,False,0,0,0,False,False,4,10
007223.png,NANO,ultralytics,False,1,1,0,True,True,2,1
007224.png,NANO,ultralytics,False,0,0,0,False,False,3,3
007225.png,NANO,ultralytics,False,0,0,0,False,False,5,7
007226.png,NANO,ultralytics,False,0,1,0,False,True,3,7
007227.png,NANO,ultralytics,False,0,0,0,False,False,0,3
007228.png,NANO,ultralytics,False,0,0,0,False,False,5,14
007229.png,NANO,ultralytics,False,0,0,1,True,False,1,5
007230.png,NANO,ultralytics,False,0,0,0,False,False,5,6
007231.png,NANO,ultralytics,False,1,1,0,True,True,2,1
007232.png,NANO,ultralytics,False,0,0,1,True,False,7,6
007233.png,NANO,ultralytics,False,0,0,0,False,False,6,12
007234.png,NANO,ultralytics,False,0,0,0,False,False,3,5
007235.png,NANO,ultralytics,False,0,0,0,False,False,1,6
007236.png,NANO,ultralytics,False,0,0,0,False,False,4,8
007237.png,NANO,ultralytics,False,1,0,0,True,True,1,1
007238.png,NANO,ultralytics,False,0,0,0,False,False,0,5
007239.png,NANO,ultralytics,False,0,0,0,False,False,1,7
007240.png,NANO,ultralytics,False,0,0,1,True,False,2,7
007241.png,NANO,ultralytics,False,0,0,0,False,False,3,5
007242.png,NANO,ultralytics,False,0,0,0,False,False,2,12
007243.png,NANO,ultralytics,False,0,0,0,False,False,7,13
007244.png,NANO,ultralytics,False,0,0,0,False,False,1,6
007245.png,NANO,ultralytics,False,0,0,0,False,False,0,3
007246.png,NANO,ultralytics,False,0,0,0,False,False,4,5
007247.png,NANO,ultralytics,False,0,0,0,False,False,2,8
007248.png,NANO,ultralytics,False,0,0,0,False,False,13,14
007249.png,NANO,ultralytics,False,0,0,0,False,False,5,7
007250.png,NANO,ultralytics,False,0,0,0,False,False,2,6
007251.png,NANO,ultralytics,False,0,0,0,False,False,0,1
007252.png,NANO,ultralytics,False,0,0,0,False,False,0,5
007253.png,NANO,ultralytics,False,1,0,0,True,True,1,2
007254.png,NANO,ultralytics,False,0,0,3,True,False,0,3
007255.png,NANO,ultralytics,False,0,0,3,True,False,0,9
007256.png,NANO,ultralytics,False,0,0,0,False,False,7,13
007257.png,NANO,ultralytics,False,0,0,0,False,False,0,2
007258.png,NANO,ultralytics,False,0,0,0,False,False,1,4
007259.png,NANO,ultralytics,False,0,0,0,False,False,6,8
007260.png,NANO,ultralytics,False,0,1,3,True,True,5,12
007261.png,NANO,ultralytics,False,0,0,0,False,False,2,5
007262.png,NANO,ultralytics,False,0,0,0,False,False,0,5
007263.png,NANO,ultralytics,False,0,0,0,False,False,9,16
007264.png,NANO,ultralytics,False,0,2,1,True,True,5,6
007265.png,NANO,ultralytics,False,1,1,5,True,True,3,8
007266.png,NANO,ultralytics,False,0,0,0,False,False,4,10
007267.png,NANO,ultralytics,False,0,0,0,False,False,3,4
007268.png,NANO,ultralytics,False,0,1,0,False,True,2,7
007269.png,NANO,ultralytics,False,1,0,0,True,True,1,1
007270.png,NANO,ultralytics,False,0,0,0,False,False,1,2
007271.png,NANO,ultralytics,False,0,0,0,False,False,3,3
007272.png,NANO,ultralytics,False,1,1,0,True,True,2,1
007273.png,NANO,ultralytics,False,0,0,0,False,False,6,10
007274.png,NANO,ultralytics,False,0,1,0,False,True,1,3
007275.png,NANO,ultralytics,False,0,0,0,False,False,1,1
007276.png,NANO,ultralytics,False,0,0,0,False,False,0,4
007277.png,NANO,ultralytics,False,0,0,2,True,False,5,9
007278.png,NANO,ultralytics,False,1,0,0,True,True,1,1
007279.png,NANO,ultralytics,False,0,0,0,False,False,1,3
007280.png,NANO,ultralytics,False,1,7,2,True,True,8,8
007281.png,NANO,ultralytics,False,0,0,0,False,False,1,7
007282.png,NANO,ultralytics,False,0,0,0,False,False,1,2
007283.png,NANO,ultralytics,False,0,0,0,False,False,6,9
007284.png,NANO,ultralytics,False,0,0,1,True,False,1,7
007285.png,NANO,ultralytics,False,0,0,1,True,False,1,2
007286.png,NANO,ultralytics,False,0,0,5,True,False,1,10
007287.png,NANO,ultralytics,False,0,0,0,False,False,0,9
007288.png,NANO,ultralytics,False,0,0,1,True,False,0,1
007289.png,NANO,ultralytics,False,0,0,1,True,False,0,18
007290.png,NANO,ultralytics,False,3,0,2,True,True,3,6
007291.png,NANO,ultralytics,False,0,0,0,False,False,3,5
007292.png,NANO,ultralytics,False,0,0,0,False,False,1,6
007293.png,NANO,ultralytics,False,0,0,0,False,False,1,2
007294.png,NANO,ultralytics,False,0,0,1,True,False,5,8
007295.png,NANO,ultralytics,False,0,0,0,False,False,1,3
007296.png,NANO,ultralytics,False,0,0,0,False,False,4,11
007297.png,NANO,ultralytics,False,0,0,0,False,False,2,4
007298.png,NANO,ultralytics,False,0,0,0,False,False,1,4
007299.png,NANO,ultralytics,False,0,0,0,False,False,7,8
007300.png,NANO,ultralytics,False,0,0,1,True,False,0,5
007301.png,NANO,ultralytics,False,1,1,2,True,True,10,14
007302.png,NANO,ultralytics,False,0,0,0,False,False,0,4
007303.png,NANO,ultralytics,False,0,0,0,False,False,3,4
007304.png,NANO,ultralytics,False,0,0,0,False,False,0,2
007305.png,NANO,ultralytics,False,0,0,0,False,False,2,2
007306.png,NANO,ultralytics,False,0,0,0,False,False,3,6
007307.png,NANO,ultralytics,False,0,0,0,False,False,1,1
007308.png,NANO,ultralytics,False,0,1,1,True,True,1,1
007309.png,NANO,ultralytics,False,0,0,0,False,False,7,10
007310.png,NANO,ultralytics,False,0,0,1,True,False,0,1
007311.png,NANO,ultralytics,False,0,0,0,False,False,4,6
007312.png,NANO,ultralytics,False,0,0,0,False,False,5,5
007313.png,NANO,ultralytics,False,0,0,0,False,False,5,15
007314.png,NANO,ultralytics,False,0,0,0,False,False,4,14
007315.png,NANO,ultralytics,False,0,0,1,True,False,8,15
007316.png,NANO,ultralytics,False,0,0,0,False,False,5,8
007317.png,NANO,ultralytics,False,0,0,0,False,False,1,7
007318.png,NANO,ultralytics,False,1,0,6,True,True,1,10
007319.png,NANO,ultralytics,False,3,1,3,True,True,5,10
007320.png,NANO,ultralytics,False,0,0,1,True,False,0,1
007321.png,NANO,ultralytics,False,1,1,1,True,True,3,3
007322.png,NANO,ultralytics,False,0,0,0,False,False,2,1
007323.png,NANO,ultralytics,False,0,0,0,False,False,5,10
007324.png,NANO,ultralytics,False,0,0,3,True,False,1,9
007325.png,NANO,ultralytics,False,0,0,0,False,False,10,11
007326.png,NANO,ultralytics,False,0,0,1,True,False,2,5
007327.png,NANO,ultralytics,False,1,2,0,True,True,3,1
007328.png,NANO,ultralytics,False,0,0,0,False,False,3,4
007329.png,NANO,ultralytics,False,0,0,0,False,False,6,9
007330.png,NANO,ultralytics,False,0,0,0,False,False,4,6
007331.png,NANO,ultralytics,False,0,0,1,True,False,0,6
007332.png,NANO,ultralytics,False,0,0,0,False,False,1,1
007333.png,NANO,ultralytics,False,4,1,3,True,True,5,10
007334.png,NANO,ultralytics,False,0,0,1,True,False,0,8
007335.png,NANO,ultralytics,False,0,0,0,False,False,0,2
007336.png,NANO,ultralytics,False,0,0,0,False,False,1,3
007337.png,NANO,ultralytics,False,0,0,0,False,False,2,7
007338.png,NANO,ultralytics,False,0,0,2,True,False,0,2
007339.png,NANO,ultralytics,False,0,0,0,False,False,6,10
007340.png,NANO,ultralytics,False,0,0,0,False,False,0,4
007341.png,NANO,ultralytics,False,0,0,0,False,False,3,8
007342.png,NANO,ultralytics,False,0,0,0,False,False,8,11
007343.png,NANO,ultralytics,False,0,0,0,False,False,5,4
007344.png,NANO,ultralytics,False,0,0,1,True,False,0,1
007345.png,NANO,ultralytics,False,0,0,0,False,False,0,3
007346.png,NANO,ultralytics,False,0,0,0,False,False,3,5
007347.png,NANO,ultralytics,False,0,0,3,True,False,0,9
007348.png,NANO,ultralytics,False,0,0,0,False,False,1,2
007349.png,NANO,ultralytics,False,0,0,1,True,False,4,7
007350.png,NANO,ultralytics,False,0,0,0,False,False,8,11
007351.png,NANO,ultralytics,False,1,0,0,True,True,1,1
007352.png,NANO,ultralytics,False,0,0,0,False,False,1,6
007353.png,NANO,ultralytics,False,0,0,0,False,False,4,10
007354.png,NANO,ultralytics,False,0,0,0,False,False,2,3
007355.png,NANO,ultralytics,False,0,0,1,True,False,4,8
007356.png,NANO,ultralytics,False,0,0,0,False,False,2,7
007357.png,NANO,ultralytics,False,0,0,0,False,False,1,7
007358.png,NANO,ultralytics,False,0,0,0,False,False,1,3
007359.png,NANO,ultralytics,False,0,0,1,True,False,3,6
007360.png,NANO,ultralytics,False,0,0,0,False,False,2,12
007361.png,NANO,ultralytics,False,0,0,0,False,False,0,10
007362.png,NANO,ultralytics,False,1,0,0,True,True,2,2
007363.png,NANO,ultralytics,False,0,0,1,True,False,0,7
007364.png,NANO,ultralytics,False,0,0,0,False,False,4,8
007365.png,NANO,ultralytics,False,0,0,0,False,False,7,8
007366.png,NANO,ultralytics,False,0,0,1,True,False,3,11
007367.png,NANO,ultralytics,False,0,0,0,False,False,1,1
007368.png,NANO,ultralytics,False,2,1,0,True,True,3,7
007369.png,NANO,ultralytics,False,1,0,0,True,True,1,6
007370.png,NANO,ultralytics,False,0,0,0,False,False,2,2
007371.png,NANO,ultralytics,False,0,0,0,False,False,5,5
007372.png,NANO,ultralytics,False,1,1,0,True,True,2,1
007373.png,NANO,ultralytics,False,0,0,0,False,False,1,2
007374.png,NANO,ultralytics,False,0,1,1,True,True,3,4
007375.png,NANO,ultralytics,False,1,0,0,True,True,1,6
007376.png,NANO,ultralytics,False,0,0,0,False,False,3,6
007377.png,NANO,ultralytics,False,0,0,1,True,False,2,4
007378.png,NANO,ultralytics,False,0,0,0,False,False,3,5
007379.png,NANO,ultralytics,False,0,0,0,False,False,3,6
007380.png,NANO,ultralytics,False,0,0,0,False,False,3,3
007381.png,NANO,ultralytics,False,0,0,0,False,False,0,3
007382.png,NANO,ultralytics,False,0,0,0,False,False,1,7
007383.png,NANO,ultralytics,False,0,0,0,False,False,6,9
007384.png,NANO,ultralytics,False,0,0,0,False,False,5,6
007385.png,NANO,ultralytics,False,0,0,1,True,False,0,5
007386.png,NANO,ultralytics,False,0,0,0,False,False,4,9
007387.png,NANO,ultralytics,False,1,1,0,True,True,2,1
007388.png,NANO,ultralytics,False,0,0,0,False,False,6,15
007389.png,NANO,ultralytics,False,0,0,0,False,False,0,6
007390.png,NANO,ultralytics,False,0,0,0,False,False,0,4
007391.png,NANO,ultralytics,False,0,0,0,False,False,1,6
007392.png,NANO,ultralytics,False,0,0,0,False,False,5,10
007393.png,NANO,ultralytics,False,0,0,1,True,False,11,15
007394.png,NANO,ultralytics,False,0,1,0,False,True,10,15
007395.png,NANO,ultralytics,False,0,0,1,True,False,2,3
007396.png,NANO,ultralytics,False,0,0,0,False,False,3,9
007397.png,NANO,ultralytics,False,0,0,0,False,False,0,3
007398.png,NANO,ultralytics,False,0,0,1,True,False,3,9
007399.png,NANO,ultralytics,False,0,0,0,False,False,1,2
007400.png,NANO,ultralytics,False,0,0,0,False,False,7,15
007401.png,NANO,ultralytics,False,0,0,0,False,False,5,9
007402.png,NANO,ultralytics,False,0,0,0,False,False,5,10
007403.png,NANO,ultralytics,False,0,0,0,False,False,9,7
007404.png,NANO,ultralytics,False,0,0,0,False,False,6,12
007405.png,NANO,ultralytics,False,0,0,0,False,False,1,5
007406.png,NANO,ultralytics,False,0,0,4,True,False,1,9
007407.png,NANO,ultralytics,False,0,0,2,True,False,2,7
007408.png,NANO,ultralytics,False,1,1,0,True,True,2,1
007409.png,NANO,ultralytics,False,0,0,0,False,False,1,1
007410.png,NANO,ultralytics,False,1,0,3,True,True,2,10
007411.png,NANO,ultralytics,False,0,0,0,False,False,6,6
007412.png,NANO,ultralytics,False,1,2,6,True,True,3,10
007413.png,NANO,ultralytics,False,0,0,0,False,False,1,2
007414.png,NANO,ultralytics,False,0,0,2,True,False,7,13
007415.png,NANO,ultralytics,False,0,0,0,False,False,1,8
007416.png,NANO,ultralytics,False,0,0,1,True,False,2,3
007417.png,NANO,ultralytics,False,0,0,0,False,False,1,1
007418.png,NANO,ultralytics,False,0,0,0,False,False,0,3
007419.png,NANO,ultralytics,False,0,0,0,False,False,3,4
007420.png,NANO,ultralytics,False,1,5,10,True,True,6,19
007421.png,NANO,ultralytics,False,0,0,0,False,False,8,14
007422.png,NANO,ultralytics,False,0,0,0,False,False,6,14
007423.png,NANO,ultralytics,False,0,0,0,False,False,3,6
007424.png,NANO,ultralytics,False,0,0,0,False,False,12,12
007425.png,NANO,ultralytics,False,0,0,0,False,False,0,5
007426.png,NANO,ultralytics,False,0,0,0,False,False,1,6
007427.png,NANO,ultralytics,False,1,0,0,True,True,1,1
007428.png,NANO,ultralytics,False,0,0,0,False,False,2,5
007429.png,NANO,ultralytics,False,0,0,0,False,False,1,7
007430.png,NANO,ultralytics,False,0,0,0,False,False,6,10
007431.png,NANO,ultralytics,False,1,0,0,True,True,1,1
007432.png,NANO,ultralytics,False,0,0,0,False,False,1,3
007433.png,NANO,ultralytics,False,0,0,0,False,False,2,7
007434.png,NANO,ultralytics,False,0,1,1,True,True,2,4
007435.png,NANO,ultralytics,False,0,0,0,False,False,7,9
007436.png,NANO,ultralytics,False,1,0,0,True,True,1,1
007437.png,NANO,ultralytics,False,0,0,0,False,False,3,6
007438.png,NANO,ultralytics,False,0,0,0,False,False,1,2
007439.png,NANO,ultralytics,False,0,0,0,False,False,0,4
007440.png,NANO,ultralytics,False,0,0,0,False,False,3,11
007441.png,NANO,ultralytics,False,0,0,0,False,False,1,2
007442.png,NANO,ultralytics,False,0,0,0,False,False,6,8
007443.png,NANO,ultralytics,False,0,0,0,False,False,1,4
007444.png,NANO,ultralytics,False,0,0,0,False,False,3,5
007445.png,NANO,ultralytics,False,0,0,0,False,False,5,9
007446.png,NANO,ultralytics,False,0,0,1,True,False,1,3
007447.png,NANO,ultralytics,False,0,0,1,True,False,3,5
007448.png,NANO,ultralytics,False,1,0,0,True,True,1,1
007449.png,NANO,ultralytics,False,0,0,0,False,False,2,3
007450.png,NANO,ultralytics,False,0,0,0,False,False,0,2
007451.png,NANO,ultralytics,False,0,0,3,True,False,5,10
007452.png,NANO,ultralytics,False,1,1,1,True,True,4,8
007453.png,NANO,ultralytics,False,0,0,0,False,False,2,7
007454.png,NANO,ultralytics,False,0,0,0,False,False,4,6
007455.png,NANO,ultralytics,False,0,0,0,False,False,1,1
007456.png,NANO,ultralytics,False,0,0,0,False,False,0,6
007457.png,NANO,ultralytics,False,0,0,0,False,False,3,8
007458.png,NANO,ultralytics,False,0,0,1,True,False,10,21
007459.png,NANO,ultralytics,False,0,0,0,False,False,4,6
007460.png,NANO,ultralytics,False,0,0,0,False,False,1,2
007461.png,NANO,ultralytics,False,0,0,0,False,False,1,1
007462.png,NANO,ultralytics,False,0,0,0,False,False,8,10
007463.png,NANO,ultralytics,False,0,0,1,True,False,6,8
007464.png,NANO,ultralytics,False,0,1,4,True,True,3,6
007465.png,NANO,ultralytics,False,0,0,1,True,False,6,8
007466.png,NANO,ultralytics,False,0,0,0,False,False,0,6
007467.png,NANO,ultralytics,False,0,0,0,False,False,2,5
007468.png,NANO,ultralytics,False,0,0,0,False,False,3,6
007469.png,NANO,ultralytics,False,1,6,3,True,True,7,7
007470.png,NANO,ultralytics,False,0,0,0,False,False,6,10
007471.png,NANO,ultralytics,False,0,0,0,False,False,0,1
007472.png,NANO,ultralytics,False,0,1,0,False,True,1,2
007473.png,NANO,ultralytics,False,0,0,1,True,False,2,5
007474.png,NANO,ultralytics,False,0,0,0,False,False,4,7
007475.png,NANO,ultralytics,False,0,0,0,False,False,4,8
007476.png,NANO,ultralytics,False,0,0,1,True,False,3,5
007477.png,NANO,ultralytics,False,0,0,1,True,False,0,1
007478.png,NANO,ultralytics,False,0,0,0,False,False,1,5
007479.png,NANO,ultralytics,False,0,0,0,False,False,2,8
007480.png,NANO,ultralytics,False,0,0,1,True,False,10,16
005981.png,SMALL,ultralytics,False,0,0,0,False,False,6,9
005982.png,SMALL,ultralytics,False,0,0,2,True,False,8,11
005983.png,SMALL,ultralytics,False,0,0,0,False,False,11,16
005984.png,SMALL,ultralytics,False,0,1,1,True,True,3,12
005985.png,SMALL,ultralytics,False,3,1,1,True,True,6,12
005986.png,SMALL,ultralytics,False,0,0,0,False,False,5,7
005987.png,SMALL,ultralytics,False,0,0,0,False,False,13,6
005988.png,SMALL,ultralytics,False,7,2,9,True,True,10,19
005989.png,SMALL,ultralytics,False,0,0,0,False,False,0,4
005990.png,SMALL,ultralytics,False,0,0,0,False,False,2,2
005991.png,SMALL,ultralytics,False,0,0,1,True,False,2,8
005992.png,SMALL,ultralytics,False,0,1,0,False,True,5,5
005993.png,SMALL,ultralytics,False,0,0,0,False,False,1,1
005994.png,SMALL,ultralytics,False,2,0,1,True,True,4,5
005995.png,SMALL,ultralytics,False,0,0,0,False,False,2,2
005996.png,SMALL,ultralytics,False,0,0,0,False,False,10,12
005997.png,SMALL,ultralytics,False,0,0,2,True,False,0,7
005998.png,SMALL,ultralytics,False,0,0,0,False,False,4,5
005999.png,SMALL,ultralytics,False,0,0,0,False,False,4,8
006000.png,SMALL,ultralytics,False,0,0,0,False,False,4,5
006001.png,SMALL,ultralytics,False,0,2,0,False,True,3,4
006002.png,SMALL,ultralytics,False,0,0,0,False,False,4,6
006003.png,SMALL,ultralytics,False,0,0,0,False,False,8,14
006004.png,SMALL,ultralytics,False,0,0,0,False,False,2,6
006005.png,SMALL,ultralytics,False,0,0,0,False,False,8,11
006006.png,SMALL,ultralytics,False,1,3,9,True,True,4,13
006007.png,SMALL,ultralytics,False,0,0,0,False,False,10,15
006008.png,SMALL,ultralytics,False,0,0,0,False,False,8,8
006009.png,SMALL,ultralytics,False,0,0,0,False,False,4,5
006010.png,SMALL,ultralytics,False,0,2,1,True,True,3,4
006011.png,SMALL,ultralytics,False,0,0,3,True,False,8,12
006012.png,SMALL,ultralytics,False,0,0,0,False,False,2,5
006013.png,SMALL,ultralytics,False,0,0,0,False,False,4,5
006014.png,SMALL,ultralytics,False,0,0,0,False,False,3,5
006015.png,SMALL,ultralytics,False,0,0,0,False,False,5,5
006016.png,SMALL,ultralytics,False,1,1,0,True,True,9,11
006017.png,SMALL,ultralytics,False,0,0,0,False,False,4,2
006018.png,SMALL,ultralytics,False,0,1,0,False,True,11,8
006019.png,SMALL,ultralytics,False,0,0,1,True,False,2,3
006020.png,SMALL,ultralytics,False,0,0,0,False,False,1,5
006021.png,SMALL,ultralytics,False,1,0,0,True,True,3,4
006022.png,SMALL,ultralytics,False,0,0,0,False,False,2,3
006023.png,SMALL,ultralytics,False,1,1,0,True,True,2,4
006024.png,SMALL,ultralytics,False,1,0,2,True,True,7,6
006025.png,SMALL,ultralytics,False,0,0,0,False,False,5,8
006026.png,SMALL,ultralytics,False,0,0,2,True,False,7,10
006027.png,SMALL,ultralytics,False,0,0,2,True,False,5,9
006028.png,SMALL,ultralytics,False,0,0,0,False,False,0,2
006029.png,SMALL,ultralytics,False,1,0,0,True,True,1,1
006030.png,SMALL,ultralytics,False,0,0,0,False,False,3,5
006031.png,SMALL,ultralytics,False,0,0,0,False,False,5,7
006032.png,SMALL,ultralytics,False,0,0,0,False,False,3,3
006033.png,SMALL,ultralytics,False,0,0,0,False,False,5,11
006034.png,SMALL,ultralytics,False,0,0,1,True,False,12,18
006035.png,SMALL,ultralytics,False,1,0,0,True,True,1,1
006036.png,SMALL,ultralytics,False,0,0,0,False,False,4,6
006037.png,SMALL,ultralytics,False,0,0,0,False,False,2,6
006038.png,SMALL,ultralytics,False,0,0,0,False,False,1,6
006039.png,SMALL,ultralytics,False,0,0,1,True,False,8,9
006040.png,SMALL,ultralytics,False,0,0,0,False,False,8,6
006041.png,SMALL,ultralytics,False,0,0,0,False,False,5,7
006042.png,SMALL,ultralytics,False,0,1,0,False,True,4,5
006043.png,SMALL,ultralytics,False,0,0,0,False,False,2,3
006044.png,SMALL,ultralytics,False,0,0,0,False,False,2,5
006045.png,SMALL,ultralytics,False,0,0,0,False,False,6,8
006046.png,SMALL,ultralytics,False,0,0,0,False,False,3,12
006047.png,SMALL,ultralytics,False,0,0,0,False,False,5,11
006048.png,SMALL,ultralytics,False,0,0,0,False,False,7,8
006049.png,SMALL,ultralytics,False,0,1,0,False,True,4,6
006050.png,SMALL,ultralytics,False,0,0,0,False,False,8,9
006051.png,SMALL,ultralytics,False,0,2,2,True,True,4,7
006052.png,SMALL,ultralytics,False,0,0,1,True,False,10,11
006053.png,SMALL,ultralytics,False,1,0,0,True,True,1,1
006054.png,SMALL,ultralytics,False,0,0,0,False,False,10,9
006055.png,SMALL,ultralytics,False,0,0,0,False,False,14,13
006056.png,SMALL,ultralytics,False,0,0,0,False,False,3,4
006057.png,SMALL,ultralytics,False,0,0,0,False,False,2,2
006058.png,SMALL,ultralytics,False,0,0,0,False,False,3,5
006059.png,SMALL,ultralytics,False,0,0,0,False,False,3,6
006060.png,SMALL,ultralytics,False,0,0,0,False,False,10,12
006061.png,SMALL,ultralytics,False,0,0,0,False,False,1,2
006062.png,SMALL,ultralytics,False,0,0,1,True,False,2,4
006063.png,SMALL,ultralytics,False,0,1,0,False,True,8,10
006064.png,SMALL,ultralytics,False,0,0,0,False,False,10,16
006065.png,SMALL,ultralytics,False,0,4,2,True,True,5,7
006066.png,SMALL,ultralytics,False,0,0,0,False,False,11,10
006067.png,SMALL,ultralytics,False,0,0,1,True,False,5,7
006068.png,SMALL,ultralytics,False,1,0,0,True,True,7,6
006069.png,SMALL,ultralytics,False,0,0,0,False,False,2,7
006070.png,SMALL,ultralytics,False,4,4,3,True,True,9,11
006071.png,SMALL,ultralytics,False,1,4,3,True,True,7,6
006072.png,SMALL,ultralytics,False,0,0,0,False,False,2,6
006073.png,SMALL,ultralytics,False,0,0,0,False,False,4,9
006074.png,SMALL,ultralytics,False,0,0,0,False,False,4,6
006075.png,SMALL,ultralytics,False,2,1,1,True,True,4,5
006076.png,SMALL,ultralytics,False,1,0,0,True,True,3,2
006077.png,SMALL,ultralytics,False,0,0,0,False,False,8,12
006078.png,SMALL,ultralytics,False,0,0,0,False,False,6,14
006079.png,SMALL,ultralytics,False,0,0,0,False,False,2,6
006080.png,SMALL,ultralytics,False,0,0,0,False,False,4,5
006081.png,SMALL,ultralytics,False,0,1,0,False,True,7,7
006082.png,SMALL,ultralytics,False,0,0,4,True,False,7,11
006083.png,SMALL,ultralytics,False,2,1,2,True,True,6,6
006084.png,SMALL,ultralytics,False,0,0,0,False,False,7,15
006085.png,SMALL,ultralytics,False,0,0,0,False,False,2,2
006086.png,SMALL,ultralytics,False,0,1,0,False,True,4,2
006087.png,SMALL,ultralytics,False,2,3,1,True,True,8,6
006088.png,SMALL,ultralytics,False,4,5,3,True,True,9,10
006089.png,SMALL,ultralytics,False,1,0,0,True,True,1,1
006090.png,SMALL,ultralytics,False,0,0,0,False,False,11,9
006091.png,SMALL,ultralytics,False,0,0,0,False,False,1,3
006092.png,SMALL,ultralytics,False,0,0,1,True,False,4,8
006093.png,SMALL,ultralytics,False,1,0,0,True,True,4,5
006094.png,SMALL,ultralytics,False,0,0,2,True,False,3,3
006095.png,SMALL,ultralytics,False,0,0,1,True,False,2,5
006096.png,SMALL,ultralytics,False,0,0,0,False,False,3,4
006097.png,SMALL,ultralytics,False,0,0,0,False,False,8,10
006098.png,SMALL,ultralytics,False,0,0,0,False,False,3,6
006099.png,SMALL,ultralytics,False,0,0,0,False,False,3,3
006100.png,SMALL,ultralytics,False,1,0,0,True,True,3,5
006101.png,SMALL,ultralytics,False,0,0,0,False,False,2,2
006102.png,SMALL,ultralytics,False,1,0,0,True,True,6,6
006103.png,SMALL,ultralytics,False,0,0,0,False,False,5,7
006104.png,SMALL,ultralytics,False,0,0,0,False,False,0,1
006105.png,SMALL,ultralytics,False,0,0,0,False,False,1,2
006106.png,SMALL,ultralytics,False,0,0,0,False,False,13,10
006107.png,SMALL,ultralytics,False,0,0,0,False,False,3,2
006108.png,SMALL,ultralytics,False,0,1,0,False,True,5,8
006109.png,SMALL,ultralytics,False,0,0,1,True,False,2,9
006110.png,SMALL,ultralytics,False,0,0,0,False,False,13,10
006111.png,SMALL,ultralytics,False,0,0,0,False,False,3,6
006112.png,SMALL,ultralytics,False,0,0,0,False,False,0,7
006113.png,SMALL,ultralytics,False,0,1,0,False,True,10,9
006114.png,SMALL,ultralytics,False,0,0,0,False,False,6,7
006115.png,SMALL,ultralytics,False,0,0,0,False,False,3,4
006116.png,SMALL,ultralytics,False,0,0,0,False,False,3,9
006117.png,SMALL,ultralytics,False,0,0,0,False,False,8,9
006118.png,SMALL,ultralytics,False,0,0,2,True,False,0,8
006119.png,SMALL,ultralytics,False,0,0,0,False,False,2,5
006120.png,SMALL,ultralytics,False,0,0,0,False,False,1,2
006121.png,SMALL,ultralytics,False,5,3,10,True,True,9,19
006122.png,SMALL,ultralytics,False,4,1,2,True,True,9,9
006123.png,SMALL,ultralytics,False,0,0,1,True,False,7,7
006124.png,SMALL,ultralytics,False,0,0,0,False,False,5,3
006125.png,SMALL,ultralytics,False,0,0,0,False,False,4,5
006126.png,SMALL,ultralytics,False,0,0,0,False,False,4,6
006127.png,SMALL,ultralytics,False,0,0,0,False,False,7,15
006128.png,SMALL,ultralytics,False,0,0,0,False,False,2,3
006129.png,SMALL,ultralytics,False,0,0,0,False,False,5,9
006130.png,SMALL,ultralytics,False,5,4,3,True,True,9,11
006131.png,SMALL,ultralytics,False,0,0,0,False,False,0,4
006132.png,SMALL,ultralytics,False,0,0,0,False,False,1,5
006133.png,SMALL,ultralytics,False,0,5,0,False,True,6,5
006134.png,SMALL,ultralytics,False,0,0,0,False,False,3,6
006135.png,SMALL,ultralytics,False,0,0,0,False,False,5,7
006136.png,SMALL,ultralytics,False,0,0,0,False,False,4,8
006137.png,SMALL,ultralytics,False,0,0,0,False,False,7,9
006138.png,SMALL,ultralytics,False,0,0,0,False,False,6,6
006139.png,SMALL,ultralytics,False,8,5,10,True,True,14,21
006140.png,SMALL,ultralytics,False,0,0,0,False,False,2,3
006141.png,SMALL,ultralytics,False,0,0,0,False,False,7,9
006142.png,SMALL,ultralytics,False,0,0,0,False,False,3,2
006143.png,SMALL,ultralytics,False,0,0,0,False,False,12,15
006144.png,SMALL,ultralytics,False,0,1,0,False,True,5,5
006145.png,SMALL,ultralytics,False,0,0,0,False,False,6,14
006146.png,SMALL,ultralytics,False,0,0,0,False,False,4,6
006147.png,SMALL,ultralytics,False,0,0,0,False,False,6,8
006148.png,SMALL,ultralytics,False,0,0,3,True,False,0,8
006149.png,SMALL,ultralytics,False,0,0,0,False,False,10,9
006150.png,SMALL,ultralytics,False,0,3,0,False,True,10,10
006151.png,SMALL,ultralytics,False,1,1,0,True,True,2,1
006152.png,SMALL,ultralytics,False,1,0,0,True,True,1,1
006153.png,SMALL,ultralytics,False,0,0,0,False,False,3,9
006154.png,SMALL,ultralytics,False,0,0,0,False,False,5,6
006155.png,SMALL,ultralytics,False,0,0,0,False,False,6,8
006156.png,SMALL,ultralytics,False,0,0,0,False,False,14,14
006157.png,SMALL,ultralytics,False,0,0,0,False,False,14,17
006158.png,SMALL,ultralytics,False,1,0,0,True,True,1,1
006159.png,SMALL,ultralytics,False,0,0,1,True,False,6,6
006160.png,SMALL,ultralytics,False,0,0,1,True,False,4,8
006161.png,SMALL,ultralytics,False,0,0,0,False,False,10,10
006162.png,SMALL,ultralytics,False,0,0,0,False,False,1,7
006163.png,SMALL,ultralytics,False,0,0,1,True,False,13,20
006164.png,SMALL,ultralytics,False,1,0,0,True,True,1,1
006165.png,SMALL,ultralytics,False,0,0,0,False,False,0,6
006166.png,SMALL,ultralytics,False,0,1,1,True,True,5,7
006167.png,SMALL,ultralytics,False,0,0,0,False,False,3,6
006168.png,SMALL,ultralytics,False,0,0,0,False,False,0,4
006169.png,SMALL,ultralytics,False,1,0,0,True,True,5,9
006170.png,SMALL,ultralytics,False,0,0,0,False,False,1,3
006171.png,SMALL,ultralytics,False,0,0,0,False,False,1,2
006172.png,SMALL,ultralytics,False,0,5,0,False,True,11,11
006173.png,SMALL,ultralytics,False,0,0,0,False,False,3,8
006174.png,SMALL,ultralytics,False,0,0,2,True,False,0,6
006175.png,SMALL,ultralytics,False,0,1,0,False,True,4,8
006176.png,SMALL,ultralytics,False,4,7,3,True,True,12,11
006177.png,SMALL,ultralytics,False,0,0,1,True,False,2,6
006178.png,SMALL,ultralytics,False,0,0,0,False,False,1,2
006179.png,SMALL,ultralytics,False,0,0,2,True,False,9,12
006180.png,SMALL,ultralytics,False,0,0,0,False,False,12,16
006181.png,SMALL,ultralytics,False,0,0,0,False,False,2,4
006182.png,SMALL,ultralytics,False,0,0,0,False,False,1,4
006183.png,SMALL,ultralytics,False,0,0,0,False,False,2,2
006184.png,SMALL,ultralytics,False,0,0,2,True,False,1,3
006185.png,SMALL,ultralytics,False,0,0,1,True,False,2,3
006186.png,SMALL,ultralytics,False,0,0,0,False,False,11,8
006187.png,SMALL,ultralytics,False,0,0,0,False,False,9,12
006188.png,SMALL,ultralytics,False,0,0,0,False,False,1,5
006189.png,SMALL,ultralytics,False,1,0,2,True,True,14,17
006190.png,SMALL,ultralytics,False,3,2,1,True,True,7,10
006191.png,SMALL,ultralytics,False,0,0,0,False,False,9,12
006192.png,SMALL,ultralytics,False,0,0,0,False,False,9,12
006193.png,SMALL,ultralytics,False,0,0,0,False,False,0,2
006194.png,SMALL,ultralytics,False,1,0,0,True,True,1,1
006195.png,SMALL,ultralytics,False,0,0,0,False,False,4,7
006196.png,SMALL,ultralytics,False,0,0,1,True,False,5,6
006197.png,SMALL,ultralytics,False,0,0,0,False,False,1,6
006198.png,SMALL,ultralytics,False,0,0,3,True,False,6,11
006199.png,SMALL,ultralytics,False,0,0,0,False,False,8,12
006200.png,SMALL,ultralytics,False,0,0,0,False,False,2,6
006201.png,SMALL,ultralytics,False,1,0,0,True,True,1,1
006202.png,SMALL,ultralytics,False,0,0,0,False,False,7,13
006203.png,SMALL,ultralytics,False,0,0,0,False,False,4,4
006204.png,SMALL,ultralytics,False,0,0,0,False,False,8,2
006205.png,SMALL,ultralytics,False,0,0,0,False,False,2,7
006206.png,SMALL,ultralytics,False,0,0,0,False,False,0,2
006207.png,SMALL,ultralytics,False,0,0,0,False,False,1,1
006208.png,SMALL,ultralytics,False,0,0,0,False,False,6,12
006209.png,SMALL,ultralytics,False,0,1,0,False,True,1,2
006210.png,SMALL,ultralytics,False,2,1,1,True,True,5,8
006211.png,SMALL,ultralytics,False,0,0,1,True,False,8,15
006212.png,SMALL,ultralytics,False,0,0,0,False,False,0,2
006213.png,SMALL,ultralytics,False,0,0,2,True,False,4,17
006214.png,SMALL,ultralytics,False,0,0,1,True,False,1,3
006215.png,SMALL,ultralytics,False,1,0,0,True,True,1,1
006216.png,SMALL,ultralytics,False,0,0,0,False,False,1,3
006217.png,SMALL,ultralytics,False,0,1,0,False,True,1,2
006218.png,SMALL,ultralytics,False,0,0,0,False,False,2,3
006219.png,SMALL,ultralytics,False,0,0,0,False,False,1,6
006220.png,SMALL,ultralytics,False,0,0,0,False,False,8,5
006221.png,SMALL,ultralytics,False,1,0,3,True,True,4,7
006222.png,SMALL,ultralytics,False,1,1,0,True,True,3,1
006223.png,SMALL,ultralytics,False,0,0,0,False,False,1,1
006224.png,SMALL,ultralytics,False,0,0,1,True,False,9,15
006225.png,SMALL,ultralytics,False,0,0,0,False,False,5,7
006226.png,SMALL,ultralytics,False,0,1,1,True,True,3,4
006227.png,SMALL,ultralytics,False,0,1,0,False,True,5,2
006228.png,SMALL,ultralytics,False,1,0,0,True,True,1,1
006229.png,SMALL,ultralytics,False,0,0,4,True,False,1,10
006230.png,SMALL,ultralytics,False,0,0,0,False,False,2,3
006231.png,SMALL,ultralytics,False,0,0,1,True,False,5,6
006232.png,SMALL,ultralytics,False,0,0,1,True,False,7,7
006233.png,SMALL,ultralytics,False,0,0,0,False,False,6,6
006234.png,SMALL,ultralytics,False,0,0,1,True,False,1,3
006235.png,SMALL,ultralytics,False,0,0,0,False,False,2,3
006236.png,SMALL,ultralytics,False,0,0,1,True,False,14,15
006237.png,SMALL,ultralytics,False,0,0,0,False,False,3,8
006238.png,SMALL,ultralytics,False,0,0,0,False,False,8,10
006239.png,SMALL,ultralytics,False,0,0,0,False,False,1,1
006240.png,SMALL,ultralytics,False,1,0,0,True,True,2,1
006241.png,SMALL,ultralytics,False,0,0,0,False,False,3,5
006242.png,SMALL,ultralytics,False,0,0,1,True,False,5,6
006243.png,SMALL,ultralytics,False,0,0,0,False,False,1,3
006244.png,SMALL,ultralytics,False,0,0,0,False,False,1,1
006245.png,SMALL,ultralytics,False,0,0,0,False,False,5,8
006246.png,SMALL,ultralytics,False,0,0,0,False,False,5,5
006247.png,SMALL,ultralytics,False,0,0,1,True,False,1,5
006248.png,SMALL,ultralytics,False,0,0,0,False,False,2,7
006249.png,SMALL,ultralytics,False,0,0,0,False,False,3,9
006250.png,SMALL,ultralytics,False,0,0,0,False,False,2,5
006251.png,SMALL,ultralytics,False,0,0,0,False,False,13,14
006252.png,SMALL,ultralytics,False,0,0,0,False,False,0,2
006253.png,SMALL,ultralytics,False,0,0,0,False,False,4,6
006254.png,SMALL,ultralytics,False,0,0,0,False,False,2,7
006255.png,SMALL,ultralytics,False,0,0,0,False,False,7,7
006256.png,SMALL,ultralytics,False,0,0,4,True,False,7,12
006257.png,SMALL,ultralytics,False,0,0,1,True,False,3,6
006258.png,SMALL,ultralytics,False,1,0,0,True,True,1,1
006259.png,SMALL,ultralytics,False,0,0,0,False,False,2,5
006260.png,SMALL,ultralytics,False,0,1,0,False,True,8,14
006261.png,SMALL,ultralytics,False,0,0,1,True,False,6,7
006262.png,SMALL,ultralytics,False,0,0,2,True,False,7,9
006263.png,SMALL,ultralytics,False,0,0,0,False,False,6,11
006264.png,SMALL,ultralytics,False,0,0,0,False,False,1,5
006265.png,SMALL,ultralytics,False,0,3,1,True,True,5,5
006266.png,SMALL,ultralytics,False,0,0,0,False,False,5,6
006267.png,SMALL,ultralytics,False,0,0,0,False,False,3,7
006268.png,SMALL,ultralytics,False,7,3,0,True,True,10,10
006269.png,SMALL,ultralytics,False,0,0,0,False,False,4,6
006270.png,SMALL,ultralytics,False,0,0,0,False,False,1,2
006271.png,SMALL,ultralytics,False,0,0,0,False,False,5,9
006272.png,SMALL,ultralytics,False,0,0,0,False,False,4,13
006273.png,SMALL,ultralytics,False,1,0,0,True,True,4,8
006274.png,SMALL,ultralytics,False,0,0,1,True,False,1,3
006275.png,SMALL,ultralytics,False,0,0,0,False,False,4,6
006276.png,SMALL,ultralytics,False,0,0,7,True,False,1,13
006277.png,SMALL,ultralytics,False,1,0,0,True,True,6,8
006278.png,SMALL,ultralytics,False,0,0,0,False,False,7,7
006279.png,SMALL,ultralytics,False,0,1,0,False,True,2,2
006280.png,SMALL,ultralytics,False,0,1,1,True,True,1,5
006281.png,SMALL,ultralytics,False,0,0,0,False,False,9,15
006282.png,SMALL,ultralytics,False,0,0,0,False,False,0,5
006283.png,SMALL,ultralytics,False,0,0,0,False,False,2,3
006284.png,SMALL,ultralytics,False,3,4,5,True,True,8,10
006285.png,SMALL,ultralytics,False,0,0,0,False,False,6,11
006286.png,SMALL,ultralytics,False,0,0,0,False,False,3,8
006287.png,SMALL,ultralytics,False,0,2,0,False,True,4,4
006288.png,SMALL,ultralytics,False,0,0,0,False,False,1,5
006289.png,SMALL,ultralytics,False,0,0,0,False,False,0,2
006290.png,SMALL,ultralytics,False,0,0,0,False,False,1,6
006291.png,SMALL,ultralytics,False,0,0,0,False,False,15,16
006292.png,SMALL,ultralytics,False,1,0,0,True,True,1,1
006293.png,SMALL,ultralytics,False,0,0,2,True,False,2,9
006294.png,SMALL,ultralytics,False,1,1,0,True,True,2,1
006295.png,SMALL,ultralytics,False,0,0,0,False,False,7,14
006296.png,SMALL,ultralytics,False,0,2,0,False,True,6,7
006297.png,SMALL,ultralytics,False,0,0,0,False,False,2,6
006298.png,SMALL,ultralytics,False,0,0,1,True,False,3,9
006299.png,SMALL,ultralytics,False,1,1,0,True,True,3,1
006300.png,SMALL,ultralytics,False,0,0,0,False,False,10,16
006301.png,SMALL,ultralytics,False,0,0,1,True,False,7,9
006302.png,SMALL,ultralytics,False,0,0,0,False,False,3,4
006303.png,SMALL,ultralytics,False,0,0,2,True,False,7,12
006304.png,SMALL,ultralytics,False,0,0,0,False,False,0,4
006305.png,SMALL,ultralytics,False,0,0,0,False,False,3,6
006306.png,SMALL,ultralytics,False,0,0,0,False,False,8,12
006307.png,SMALL,ultralytics,False,0,0,0,False,False,10,9
006308.png,SMALL,ultralytics,False,1,0,0,True,True,1,1
006309.png,SMALL,ultralytics,False,0,0,0,False,False,1,2
006310.png,SMALL,ultralytics,False,0,0,0,False,False,9,8
006311.png,SMALL,ultralytics,False,0,0,0,False,False,1,1
006312.png,SMALL,ultralytics,False,0,0,0,False,False,7,9
006313.png,SMALL,ultralytics,False,1,0,0,True,True,3,6
006314.png,SMALL,ultralytics,False,0,0,0,False,False,10,13
006315.png,SMALL,ultralytics,False,0,0,0,False,False,5,5
006316.png,SMALL,ultralytics,False,0,0,0,False,False,1,1
006317.png,SMALL,ultralytics,False,0,0,0,False,False,2,4
006318.png,SMALL,ultralytics,False,0,0,0,False,False,2,7
006319.png,SMALL,ultralytics,False,0,0,0,False,False,4,4
006320.png,SMALL,ultralytics,False,0,0,0,False,False,6,9
006321.png,SMALL,ultralytics,False,0,0,0,False,False,0,2
006322.png,SMALL,ultralytics,False,0,0,0,False,False,12,10
006323.png,SMALL,ultralytics,False,0,0,0,False,False,0,6
006324.png,SMALL,ultralytics,False,0,0,0,False,False,6,8
006325.png,SMALL,ultralytics,False,0,0,0,False,False,2,5
006326.png,SMALL,ultralytics,False,0,0,0,False,False,4,6
006327.png,SMALL,ultralytics,False,0,0,0,False,False,1,2
006328.png,SMALL,ultralytics,False,0,0,1,True,False,3,11
006329.png,SMALL,ultralytics,False,0,0,0,False,False,8,5
006330.png,SMALL,ultralytics,False,0,0,0,False,False,5,8
006331.png,SMALL,ultralytics,False,0,0,0,False,False,1,4
006332.png,SMALL,ultralytics,False,0,0,0,False,False,3,4
006333.png,SMALL,ultralytics,False,1,0,1,True,True,4,8
006334.png,SMALL,ultralytics,False,0,0,2,True,False,5,10
006335.png,SMALL,ultralytics,False,0,0,0,False,False,2,6
006336.png,SMALL,ultralytics,False,0,1,0,False,True,9,13
006337.png,SMALL,ultralytics,False,1,0,0,True,True,1,1
006338.png,SMALL,ultralytics,False,0,0,0,False,False,9,10
006339.png,SMALL,ultralytics,False,0,0,1,True,False,1,3
006340.png,SMALL,ultralytics,False,0,0,0,False,False,3,5
006341.png,SMALL,ultralytics,False,4,4,1,True,True,9,9
006342.png,SMALL,ultralytics,False,0,0,0,False,False,10,13
006343.png,SMALL,ultralytics,False,0,0,0,False,False,1,4
006344.png,SMALL,ultralytics,False,0,0,0,False,False,8,11
006345.png,SMALL,ultralytics,False,0,0,0,False,False,7,13
006346.png,SMALL,ultralytics,False,0,0,0,False,False,2,7
006347.png,SMALL,ultralytics,False,0,0,0,False,False,1,2
006348.png,SMALL,ultralytics,False,0,0,0,False,False,1,3
006349.png,SMALL,ultralytics,False,0,0,0,False,False,1,2
006350.png,SMALL,ultralytics,False,0,0,0,False,False,3,4
006351.png,SMALL,ultralytics,False,0,0,0,False,False,1,2
006352.png,SMALL,ultralytics,False,0,0,1,True,False,2,5
006353.png,SMALL,ultralytics,False,0,0,0,False,False,2,2
006354.png,SMALL,ultralytics,False,1,0,0,True,True,1,1
006355.png,SMALL,ultralytics,False,0,0,0,False,False,2,5
006356.png,SMALL,ultralytics,False,0,0,0,False,False,9,10
006357.png,SMALL,ultralytics,False,0,0,0,False,False,2,2
006358.png,SMALL,ultralytics,False,0,0,1,True,False,3,7
006359.png,SMALL,ultralytics,False,0,0,0,False,False,0,2
006360.png,SMALL,ultralytics,False,0,0,0,False,False,3,5
006361.png,SMALL,ultralytics,False,0,0,1,True,False,6,11
006362.png,SMALL,ultralytics,False,2,0,1,True,True,6,9
006363.png,SMALL,ultralytics,False,0,1,0,False,True,5,7
006364.png,SMALL,ultralytics,False,0,0,1,True,False,3,8
006365.png,SMALL,ultralytics,False,0,0,0,False,False,6,15
006366.png,SMALL,ultralytics,False,0,1,0,False,True,7,11
006367.png,SMALL,ultralytics,False,0,0,0,False,False,3,6
006368.png,SMALL,ultralytics,False,0,0,0,False,False,7,10
006369.png,SMALL,ultralytics,False,0,0,1,True,False,3,7
006370.png,SMALL,ultralytics,False,0,0,0,False,False,5,7
006371.png,SMALL,ultralytics,False,0,0,1,True,False,7,8
006372.png,SMALL,ultralytics,False,0,0,0,False,False,6,8
006373.png,SMALL,ultralytics,False,0,0,0,False,False,2,5
006374.png,SMALL,ultralytics,False,0,0,0,False,False,2,4
006375.png,SMALL,ultralytics,False,0,0,0,False,False,2,2
006376.png,SMALL,ultralytics,False,0,0,0,False,False,6,16
006377.png,SMALL,ultralytics,False,0,0,0,False,False,2,5
006378.png,SMALL,ultralytics,False,2,0,1,True,True,4,9
006379.png,SMALL,ultralytics,False,0,0,0,False,False,13,15
006380.png,SMALL,ultralytics,False,0,0,1,True,False,3,7
006381.png,SMALL,ultralytics,False,0,0,1,True,False,7,6
006382.png,SMALL,ultralytics,False,0,2,2,True,True,5,4
006383.png,SMALL,ultralytics,False,0,0,0,False,False,0,2
006384.png,SMALL,ultralytics,False,0,0,0,False,False,1,2
006385.png,SMALL,ultralytics,False,0,0,0,False,False,3,5
006386.png,SMALL,ultralytics,False,0,0,0,False,False,4,6
006387.png,SMALL,ultralytics,False,0,1,0,False,True,3,6
006388.png,SMALL,ultralytics,False,0,0,0,False,False,6,7
006389.png,SMALL,ultralytics,False,0,1,0,False,True,9,14
006390.png,SMALL,ultralytics,False,0,0,1,True,False,13,16
006391.png,SMALL,ultralytics,False,0,0,0,False,False,6,7
006392.png,SMALL,ultralytics,False,0,0,0,False,False,0,2
006393.png,SMALL,ultralytics,False,0,0,0,False,False,1,1
006394.png,SMALL,ultralytics,False,0,0,0,False,False,6,8
006395.png,SMALL,ultralytics,False,4,4,5,True,True,8,10
006396.png,SMALL,ultralytics,False,3,0,8,True,True,7,16
006397.png,SMALL,ultralytics,False,0,0,0,False,False,1,7
006398.png,SMALL,ultralytics,False,0,0,0,False,False,3,4
006399.png,SMALL,ultralytics,False,0,0,0,False,False,14,15
006400.png,SMALL,ultralytics,False,2,3,4,True,True,5,9
006401.png,SMALL,ultralytics,False,0,0,0,False,False,12,15
006402.png,SMALL,ultralytics,False,0,0,0,False,False,5,5
006403.png,SMALL,ultralytics,False,0,0,0,False,False,8,8
006404.png,SMALL,ultralytics,False,0,0,0,False,False,8,11
006405.png,SMALL,ultralytics,False,0,0,0,False,False,4,5
006406.png,SMALL,ultralytics,False,0,0,1,True,False,1,3
006407.png,SMALL,ultralytics,False,0,0,3,True,False,2,11
006408.png,SMALL,ultralytics,False,0,0,0,False,False,2,8
006409.png,SMALL,ultralytics,False,0,0,0,False,False,6,4
006410.png,SMALL,ultralytics,False,0,0,0,False,False,7,9
006411.png,SMALL,ultralytics,False,1,0,0,True,True,2,1
006412.png,SMALL,ultralytics,False,3,1,1,True,True,4,7
006413.png,SMALL,ultralytics,False,0,0,0,False,False,3,6
006414.png,SMALL,ultralytics,False,0,0,1,True,False,1,6
006415.png,SMALL,ultralytics,False,0,0,2,True,False,0,6
006416.png,SMALL,ultralytics,False,0,1,0,False,True,8,13
006417.png,SMALL,ultralytics,False,0,0,0,False,False,1,10
006418.png,SMALL,ultralytics,False,0,1,0,False,True,7,8
006419.png,SMALL,ultralytics,False,0,0,0,False,False,3,5
006420.png,SMALL,ultralytics,False,0,0,0,False,False,6,6
006421.png,SMALL,ultralytics,False,0,1,0,False,True,5,8
006422.png,SMALL,ultralytics,False,7,0,8,True,True,9,20
006423.png,SMALL,ultralytics,False,0,1,0,False,True,9,9
006424.png,SMALL,ultralytics,False,5,1,4,True,True,10,13
006425.png,SMALL,ultralytics,False,0,0,0,False,False,5,4
006426.png,SMALL,ultralytics,False,0,0,0,False,False,14,15
006427.png,SMALL,ultralytics,False,6,3,3,True,True,12,11
006428.png,SMALL,ultralytics,False,0,0,0,False,False,2,6
006429.png,SMALL,ultralytics,False,0,0,0,False,False,11,11
006430.png,SMALL,ultralytics,False,0,0,0,False,False,5,5
006431.png,SMALL,ultralytics,False,3,2,3,True,True,14,16
006432.png,SMALL,ultralytics,False,0,0,0,False,False,10,9
006433.png,SMALL,ultralytics,False,0,0,3,True,False,0,8
006434.png,SMALL,ultralytics,False,1,0,0,True,True,1,1
006435.png,SMALL,ultralytics,False,0,0,0,False,False,3,2
006436.png,SMALL,ultralytics,False,0,0,0,False,False,3,5
006437.png,SMALL,ultralytics,False,0,0,0,False,False,3,4
006438.png,SMALL,ultralytics,False,0,0,0,False,False,9,9
006439.png,SMALL,ultralytics,False,0,3,0,False,True,5,7
006440.png,SMALL,ultralytics,False,0,0,1,True,False,2,3
006441.png,SMALL,ultralytics,False,1,0,1,True,True,5,5
006442.png,SMALL,ultralytics,False,0,0,0,False,False,1,7
006443.png,SMALL,ultralytics,False,0,0,0,False,False,1,7
006444.png,SMALL,ultralytics,False,5,1,4,True,True,8,12
006445.png,SMALL,ultralytics,False,0,0,0,False,False,5,9
006446.png,SMALL,ultralytics,False,0,0,1,True,False,1,5
006447.png,SMALL,ultralytics,False,0,0,0,False,False,1,6
006448.png,SMALL,ultralytics,False,0,0,0,False,False,9,9
006449.png,SMALL,ultralytics,False,0,0,2,True,False,4,10
006450.png,SMALL,ultralytics,False,0,0,0,False,False,7,8
006451.png,SMALL,ultralytics,False,1,0,0,True,True,1,1
006452.png,SMALL,ultralytics,False,0,0,0,False,False,3,4
006453.png,SMALL,ultralytics,False,0,5,3,True,True,9,10
006454.png,SMALL,ultralytics,False,0,0,0,False,False,8,6
006455.png,SMALL,ultralytics,False,0,0,0,False,False,3,2
006456.png,SMALL,ultralytics,False,0,1,0,False,True,3,1
006457.png,SMALL,ultralytics,False,0,0,0,False,False,6,7
006458.png,SMALL,ultralytics,False,1,0,0,True,True,1,1
006459.png,SMALL,ultralytics,False,0,1,0,False,True,5,5
006460.png,SMALL,ultralytics,False,0,0,1,True,False,0,6
006461.png,SMALL,ultralytics,False,0,0,0,False,False,1,8
006462.png,SMALL,ultralytics,False,0,0,0,False,False,6,5
006463.png,SMALL,ultralytics,False,0,0,0,False,False,5,8
006464.png,SMALL,ultralytics,False,0,0,2,True,False,0,6
006465.png,SMALL,ultralytics,False,0,0,0,False,False,1,5
006466.png,SMALL,ultralytics,False,0,0,0,False,False,0,3
006467.png,SMALL,ultralytics,False,2,0,1,True,True,6,9
006468.png,SMALL,ultralytics,False,0,0,0,False,False,10,10
006469.png,SMALL,ultralytics,False,0,0,0,False,False,5,7
006470.png,SMALL,ultralytics,False,0,0,0,False,False,7,6
006471.png,SMALL,ultralytics,False,1,0,0,True,True,1,1
006472.png,SMALL,ultralytics,False,1,0,0,True,True,1,1
006473.png,SMALL,ultralytics,False,1,0,0,True,True,2,7
006474.png,SMALL,ultralytics,False,0,5,1,True,True,11,16
006475.png,SMALL,ultralytics,False,4,3,7,True,True,9,13
006476.png,SMALL,ultralytics,False,0,0,1,True,False,2,4
006477.png,SMALL,ultralytics,False,0,0,0,False,False,1,8
006478.png,SMALL,ultralytics,False,2,4,2,True,True,9,8
006479.png,SMALL,ultralytics,False,1,0,0,True,True,2,7
006480.png,SMALL,ultralytics,False,1,0,0,True,True,1,1
006481.png,SMALL,ultralytics,False,0,0,0,False,False,2,5
006482.png,SMALL,ultralytics,False,0,0,0,False,False,2,6
006483.png,SMALL,ultralytics,False,0,0,0,False,False,7,6
006484.png,SMALL,ultralytics,False,0,0,1,True,False,2,5
006485.png,SMALL,ultralytics,False,0,0,0,False,False,1,2
006486.png,SMALL,ultralytics,False,2,0,0,True,True,3,2
006487.png,SMALL,ultralytics,False,0,0,0,False,False,4,4
006488.png,SMALL,ultralytics,False,7,1,2,True,True,14,11
006489.png,SMALL,ultralytics,False,0,0,0,False,False,10,13
006490.png,SMALL,ultralytics,False,0,0,0,False,False,2,8
006491.png,SMALL,ultralytics,False,0,0,0,False,False,0,6
006492.png,SMALL,ultralytics,False,0,0,1,True,False,6,7
006493.png,SMALL,ultralytics,False,0,0,0,False,False,4,8
006494.png,SMALL,ultralytics,False,0,0,0,False,False,7,10
006495.png,SMALL,ultralytics,False,0,0,0,False,False,5,7
006496.png,SMALL,ultralytics,False,5,1,2,True,True,12,10
006497.png,SMALL,ultralytics,False,0,0,0,False,False,8,11
006498.png,SMALL,ultralytics,False,0,0,1,True,False,7,8
006499.png,SMALL,ultralytics,False,0,1,0,False,True,3,2
006500.png,SMALL,ultralytics,False,0,0,1,True,False,4,8
006501.png,SMALL,ultralytics,False,0,0,0,False,False,0,5
006502.png,SMALL,ultralytics,False,1,0,0,True,True,1,1
006503.png,SMALL,ultralytics,False,0,0,1,True,False,7,6
006504.png,SMALL,ultralytics,False,0,0,0,False,False,4,4
006505.png,SMALL,ultralytics,False,0,0,0,False,False,2,5
006506.png,SMALL,ultralytics,False,0,0,0,False,False,4,6
006507.png,SMALL,ultralytics,False,0,0,0,False,False,2,6
006508.png,SMALL,ultralytics,False,1,0,0,True,True,6,7
006509.png,SMALL,ultralytics,False,0,0,0,False,False,4,4
006510.png,SMALL,ultralytics,False,0,0,0,False,False,0,2
006511.png,SMALL,ultralytics,False,1,0,3,True,True,6,10
006512.png,SMALL,ultralytics,False,0,0,0,False,False,0,5
006513.png,SMALL,ultralytics,False,0,0,0,False,False,5,8
006514.png,SMALL,ultralytics,False,0,0,0,False,False,4,5
006515.png,SMALL,ultralytics,False,0,0,0,False,False,5,5
006516.png,SMALL,ultralytics,False,0,0,0,False,False,3,4
006517.png,SMALL,ultralytics,False,0,0,2,True,False,0,6
006518.png,SMALL,ultralytics,False,0,0,0,False,False,1,3
006519.png,SMALL,ultralytics,False,0,1,3,True,True,9,12
006520.png,SMALL,ultralytics,False,0,0,0,False,False,5,10
006521.png,SMALL,ultralytics,False,0,0,0,False,False,1,1
006522.png,SMALL,ultralytics,False,0,1,2,True,True,4,7
006523.png,SMALL,ultralytics,False,0,0,0,False,False,6,14
006524.png,SMALL,ultralytics,False,0,0,0,False,False,2,4
006525.png,SMALL,ultralytics,False,1,1,0,True,True,7,8
006526.png,SMALL,ultralytics,False,0,0,0,False,False,7,8
006527.png,SMALL,ultralytics,False,0,0,0,False,False,11,13
006528.png,SMALL,ultralytics,False,0,5,6,True,True,8,14
006529.png,SMALL,ultralytics,False,0,0,0,False,False,1,6
006530.png,SMALL,ultralytics,False,0,0,0,False,False,6,7
006531.png,SMALL,ultralytics,False,0,0,0,False,False,6,7
006532.png,SMALL,ultralytics,False,0,0,0,False,False,11,10
006533.png,SMALL,ultralytics,False,0,0,0,False,False,1,6
006534.png,SMALL,ultralytics,False,1,1,0,True,True,6,5
006535.png,SMALL,ultralytics,False,0,0,0,False,False,8,11
006536.png,SMALL,ultralytics,False,1,1,0,True,True,5,9
006537.png,SMALL,ultralytics,False,0,0,0,False,False,3,4
006538.png,SMALL,ultralytics,False,0,0,0,False,False,5,10
006539.png,SMALL,ultralytics,False,4,4,1,True,True,9,9
006540.png,SMALL,ultralytics,False,0,0,0,False,False,4,4
006541.png,SMALL,ultralytics,False,0,0,0,False,False,1,3
006542.png,SMALL,ultralytics,False,0,0,0,False,False,6,7
006543.png,SMALL,ultralytics,False,0,0,0,False,False,7,8
006544.png,SMALL,ultralytics,False,0,0,0,False,False,1,5
006545.png,SMALL,ultralytics,False,0,0,0,False,False,2,5
006546.png,SMALL,ultralytics,False,0,0,1,True,False,1,3
006547.png,SMALL,ultralytics,False,0,0,0,False,False,1,5
006548.png,SMALL,ultralytics,False,0,0,0,False,False,5,6
006549.png,SMALL,ultralytics,False,0,0,0,False,False,14,16
006550.png,SMALL,ultralytics,False,0,0,0,False,False,3,3
006551.png,SMALL,ultralytics,False,0,0,0,False,False,2,6
006552.png,SMALL,ultralytics,False,4,0,0,True,True,5,4
006553.png,SMALL,ultralytics,False,0,0,0,False,False,4,4
006554.png,SMALL,ultralytics,False,0,0,0,False,False,6,3
006555.png,SMALL,ultralytics,False,0,0,0,False,False,0,3
006556.png,SMALL,ultralytics,False,0,0,1,True,False,2,4
006557.png,SMALL,ultralytics,False,0,1,0,False,True,6,8
006558.png,SMALL,ultralytics,False,0,0,0,False,False,2,2
006559.png,SMALL,ultralytics,False,0,0,0,False,False,8,15
006560.png,SMALL,ultralytics,False,0,0,0,False,False,3,6
006561.png,SMALL,ultralytics,False,0,0,0,False,False,2,7
006562.png,SMALL,ultralytics,False,0,0,0,False,False,7,16
006563.png,SMALL,ultralytics,False,0,0,0,False,False,3,4
006564.png,SMALL,ultralytics,False,1,0,1,True,True,5,12
006565.png,SMALL,ultralytics,False,0,0,0,False,False,1,5
006566.png,SMALL,ultralytics,False,0,0,0,False,False,0,2
006567.png,SMALL,ultralytics,False,0,0,0,False,False,6,8
006568.png,SMALL,ultralytics,False,0,0,0,False,False,10,11
006569.png,SMALL,ultralytics,False,0,0,0,False,False,4,8
006570.png,SMALL,ultralytics,False,0,0,1,True,False,7,7
006571.png,SMALL,ultralytics,False,0,0,0,False,False,4,7
006572.png,SMALL,ultralytics,False,0,0,1,True,False,2,3
006573.png,SMALL,ultralytics,False,1,0,0,True,True,1,1
006574.png,SMALL,ultralytics,False,0,0,1,True,False,1,3
006575.png,SMALL,ultralytics,False,1,0,0,True,True,2,1
006576.png,SMALL,ultralytics,False,0,0,0,False,False,5,5
006577.png,SMALL,ultralytics,False,0,0,0,False,False,2,4
006578.png,SMALL,ultralytics,False,6,6,3,True,True,12,11
006579.png,SMALL,ultralytics,False,1,0,0,True,True,1,1
006580.png,SMALL,ultralytics,False,0,0,0,False,False,1,1
006581.png,SMALL,ultralytics,False,0,0,0,False,False,5,4
006582.png,SMALL,ultralytics,False,0,1,0,False,True,1,2
006583.png,SMALL,ultralytics,False,9,1,9,True,True,11,20
006584.png,SMALL,ultralytics,False,0,0,0,False,False,1,1
006585.png,SMALL,ultralytics,False,1,0,0,True,True,3,1
006586.png,SMALL,ultralytics,False,0,0,0,False,False,2,5
006587.png,SMALL,ultralytics,False,0,0,0,False,False,6,9
006588.png,SMALL,ultralytics,False,0,0,0,False,False,6,8
006589.png,SMALL,ultralytics,False,1,1,1,True,True,20,20
006590.png,SMALL,ultralytics,False,0,0,0,False,False,4,6
006591.png,SMALL,ultralytics,False,0,0,0,False,False,1,3
006592.png,SMALL,ultralytics,False,0,0,0,False,False,1,2
006593.png,SMALL,ultralytics,False,0,0,0,False,False,4,6
006594.png,SMALL,ultralytics,False,0,0,0,False,False,6,12
006595.png,SMALL,ultralytics,False,0,0,0,False,False,8,14
006596.png,SMALL,ultralytics,False,0,0,0,False,False,0,3
006597.png,SMALL,ultralytics,False,0,0,3,True,False,5,11
006598.png,SMALL,ultralytics,False,0,0,0,False,False,9,14
006599.png,SMALL,ultralytics,False,0,0,0,False,False,1,5
006600.png,SMALL,ultralytics,False,0,0,1,True,False,2,4
006601.png,SMALL,ultralytics,False,0,0,0,False,False,2,4
006602.png,SMALL,ultralytics,False,0,0,0,False,False,10,13
006603.png,SMALL,ultralytics,False,0,2,1,True,True,3,4
006604.png,SMALL,ultralytics,False,0,2,1,True,True,3,5
006605.png,SMALL,ultralytics,False,3,2,4,True,True,5,9
006606.png,SMALL,ultralytics,False,0,0,0,False,False,0,2
006607.png,SMALL,ultralytics,False,0,0,0,False,False,1,2
006608.png,SMALL,ultralytics,False,3,4,5,True,True,12,18
006609.png,SMALL,ultralytics,False,0,0,0,False,False,2,1
006610.png,SMALL,ultralytics,False,0,0,0,False,False,2,4
006611.png,SMALL,ultralytics,False,0,0,2,True,False,5,9
006612.png,SMALL,ultralytics,False,0,0,2,True,False,7,12
006613.png,SMALL,ultralytics,False,3,7,4,True,True,11,9
006614.png,SMALL,ultralytics,False,0,0,0,False,False,4,6
006615.png,SMALL,ultralytics,False,0,0,0,False,False,0,2
006616.png,SMALL,ultralytics,False,0,0,0,False,False,2,7
006617.png,SMALL,ultralytics,False,1,0,1,True,True,3,7
006618.png,SMALL,ultralytics,False,0,0,0,False,False,2,5
006619.png,SMALL,ultralytics,False,0,0,0,False,False,4,6
006620.png,SMALL,ultralytics,False,0,0,0,False,False,0,7
006621.png,SMALL,ultralytics,False,0,0,0,False,False,2,7
006622.png,SMALL,ultralytics,False,0,0,0,False,False,12,12
006623.png,SMALL,ultralytics,False,1,0,3,True,True,3,9
006624.png,SMALL,ultralytics,False,0,0,0,False,False,4,9
006625.png,SMALL,ultralytics,False,0,0,0,False,False,5,14
006626.png,SMALL,ultralytics,False,0,0,0,False,False,2,3
006627.png,SMALL,ultralytics,False,1,0,3,True,True,3,8
006628.png,SMALL,ultralytics,False,1,2,0,True,True,6,8
006629.png,SMALL,ultralytics,False,0,1,1,True,True,8,9
006630.png,SMALL,ultralytics,False,0,0,0,False,False,12,10
006631.png,SMALL,ultralytics,False,0,0,0,False,False,3,6
006632.png,SMALL,ultralytics,False,1,0,0,True,True,7,9
006633.png,SMALL,ultralytics,False,0,0,0,False,False,4,6
006634.png,SMALL,ultralytics,False,0,0,0,False,False,3,5
006635.png,SMALL,ultralytics,False,0,0,1,True,False,4,8
006636.png,SMALL,ultralytics,False,0,0,0,False,False,1,5
006637.png,SMALL,ultralytics,False,0,0,0,False,False,5,11
006638.png,SMALL,ultralytics,False,0,0,0,False,False,10,10
006639.png,SMALL,ultralytics,False,0,1,1,True,True,10,15
006640.png,SMALL,ultralytics,False,0,0,0,False,False,5,8
006641.png,SMALL,ultralytics,False,0,0,0,False,False,1,1
006642.png,SMALL,ultralytics,False,0,0,1,True,False,5,10
006643.png,SMALL,ultralytics,False,0,0,0,False,False,1,6
006644.png,SMALL,ultralytics,False,0,0,0,False,False,3,5
006645.png,SMALL,ultralytics,False,2,0,1,True,True,2,6
006646.png,SMALL,ultralytics,False,0,0,0,False,False,2,4
006647.png,SMALL,ultralytics,False,0,0,1,True,False,3,7
006648.png,SMALL,ultralytics,False,0,1,0,False,True,12,17
006649.png,SMALL,ultralytics,False,0,0,1,True,False,6,10
006650.png,SMALL,ultralytics,False,0,0,3,True,False,2,5
006651.png,SMALL,ultralytics,False,0,0,1,True,False,3,6
006652.png,SMALL,ultralytics,False,1,1,0,True,True,3,1
006653.png,SMALL,ultralytics,False,1,0,0,True,True,1,1
006654.png,SMALL,ultralytics,False,0,0,0,False,False,4,2
006655.png,SMALL,ultralytics,False,0,0,0,False,False,5,13
006656.png,SMALL,ultralytics,False,1,0,0,True,True,2,1
006657.png,SMALL,ultralytics,False,0,0,3,True,False,4,5
006658.png,SMALL,ultralytics,False,0,1,0,False,True,7,6
006659.png,SMALL,ultralytics,False,0,0,1,True,False,4,8
006660.png,SMALL,ultralytics,False,0,0,0,False,False,13,14
006661.png,SMALL,ultralytics,False,1,0,0,True,True,1,1
006662.png,SMALL,ultralytics,False,0,0,0,False,False,12,12
006663.png,SMALL,ultralytics,False,0,0,0,False,False,9,10
006664.png,SMALL,ultralytics,False,0,0,0,False,False,4,6
006665.png,SMALL,ultralytics,False,0,0,0,False,False,7,7
006666.png,SMALL,ultralytics,False,1,0,0,True,True,1,1
006667.png,SMALL,ultralytics,False,0,0,0,False,False,5,7
006668.png,SMALL,ultralytics,False,0,0,0,False,False,1,2
006669.png,SMALL,ultralytics,False,0,0,0,False,False,5,6
006670.png,SMALL,ultralytics,False,0,0,0,False,False,1,7
006671.png,SMALL,ultralytics,False,0,0,0,False,False,2,3
006672.png,SMALL,ultralytics,False,0,0,0,False,False,8,9
006673.png,SMALL,ultralytics,False,0,0,0,False,False,7,10
006674.png,SMALL,ultralytics,False,0,0,0,False,False,5,3
006675.png,SMALL,ultralytics,False,0,0,0,False,False,2,3
006676.png,SMALL,ultralytics,False,1,0,0,True,True,2,1
006677.png,SMALL,ultralytics,False,0,0,0,False,False,1,3
006678.png,SMALL,ultralytics,False,0,0,0,False,False,10,12
006679.png,SMALL,ultralytics,False,0,0,0,False,False,8,9
006680.png,SMALL,ultralytics,False,0,0,0,False,False,1,4
006681.png,SMALL,ultralytics,False,0,0,0,False,False,3,3
006682.png,SMALL,ultralytics,False,1,0,11,True,True,4,16
006683.png,SMALL,ultralytics,False,0,0,0,False,False,1,2
006684.png,SMALL,ultralytics,False,0,0,0,False,False,11,8
006685.png,SMALL,ultralytics,False,1,0,0,True,True,1,1
006686.png,SMALL,ultralytics,False,0,0,0,False,False,4,4
006687.png,SMALL,ultralytics,False,0,0,0,False,False,4,5
006688.png,SMALL,ultralytics,False,0,0,0,False,False,4,5
006689.png,SMALL,ultralytics,False,0,0,0,False,False,2,7
006690.png,SMALL,ultralytics,False,0,0,1,True,False,2,6
006691.png,SMALL,ultralytics,False,0,0,0,False,False,1,1
006692.png,SMALL,ultralytics,False,0,0,0,False,False,7,10
006693.png,SMALL,ultralytics,False,0,0,0,False,False,3,5
006694.png,SMALL,ultralytics,False,0,0,0,False,False,7,8
006695.png,SMALL,ultralytics,False,0,0,2,True,False,9,12
006696.png,SMALL,ultralytics,False,0,2,1,True,True,5,5
006697.png,SMALL,ultralytics,False,0,0,0,False,False,0,2
006698.png,SMALL,ultralytics,False,0,0,0,False,False,1,5
006699.png,SMALL,ultralytics,False,0,0,0,False,False,6,6
006700.png,SMALL,ultralytics,False,0,0,1,True,False,1,5
006701.png,SMALL,ultralytics,False,0,0,0,False,False,0,3
006702.png,SMALL,ultralytics,False,0,0,0,False,False,3,3
006703.png,SMALL,ultralytics,False,1,6,1,True,True,13,10
006704.png,SMALL,ultralytics,False,2,3,4,True,True,5,10
006705.png,SMALL,ultralytics,False,0,0,0,False,False,2,3
006706.png,SMALL,ultralytics,False,0,0,0,False,False,2,2
006707.png,SMALL,ultralytics,False,0,0,0,False,False,6,9
006708.png,SMALL,ultralytics,False,0,0,0,False,False,2,3
006709.png,SMALL,ultralytics,False,0,0,0,False,False,2,1
006710.png,SMALL,ultralytics,False,0,1,0,False,True,9,9
006711.png,SMALL,ultralytics,False,0,0,0,False,False,0,4
006712.png,SMALL,ultralytics,False,0,0,0,False,False,0,4
006713.png,SMALL,ultralytics,False,0,0,0,False,False,2,5
006714.png,SMALL,ultralytics,False,0,0,0,False,False,1,6
006715.png,SMALL,ultralytics,False,0,0,0,False,False,2,7
006716.png,SMALL,ultralytics,False,0,0,0,False,False,2,3
006717.png,SMALL,ultralytics,False,0,0,1,True,False,3,5
006718.png,SMALL,ultralytics,False,0,0,0,False,False,8,9
006719.png,SMALL,ultralytics,False,0,0,0,False,False,5,3
006720.png,SMALL,ultralytics,False,0,0,0,False,False,4,5
006721.png,SMALL,ultralytics,False,0,0,0,False,False,10,14
006722.png,SMALL,ultralytics,False,1,0,0,True,True,1,1
006723.png,SMALL,ultralytics,False,0,0,0,False,False,4,5
006724.png,SMALL,ultralytics,False,0,0,0,False,False,6,5
006725.png,SMALL,ultralytics,False,0,0,0,False,False,7,9
006726.png,SMALL,ultralytics,False,0,0,0,False,False,5,8
006727.png,SMALL,ultralytics,False,0,0,0,False,False,3,3
006728.png,SMALL,ultralytics,False,1,0,3,True,True,9,10
006729.png,SMALL,ultralytics,False,0,1,0,False,True,3,4
006730.png,SMALL,ultralytics,False,0,0,0,False,False,1,2
006731.png,SMALL,ultralytics,False,0,0,0,False,False,9,9
006732.png,SMALL,ultralytics,False,0,0,0,False,False,1,1
006733.png,SMALL,ultralytics,False,0,0,0,False,False,7,17
006734.png,SMALL,ultralytics,False,2,1,1,True,True,6,9
006735.png,SMALL,ultralytics,False,0,0,0,False,False,3,5
006736.png,SMALL,ultralytics,False,0,0,0,False,False,5,7
006737.png,SMALL,ultralytics,False,0,0,1,True,False,2,5
006738.png,SMALL,ultralytics,False,0,0,0,False,False,2,6
006739.png,SMALL,ultralytics,False,0,0,0,False,False,1,2
006740.png,SMALL,ultralytics,False,0,0,0,False,False,3,3
006741.png,SMALL,ultralytics,False,0,0,1,True,False,2,5
006742.png,SMALL,ultralytics,False,0,0,0,False,False,3,4
006743.png,SMALL,ultralytics,False,0,0,0,False,False,1,6
006744.png,SMALL,ultralytics,False,0,0,2,True,False,0,6
006745.png,SMALL,ultralytics,False,0,1,3,True,True,3,6
006746.png,SMALL,ultralytics,False,0,0,0,False,False,10,8
006747.png,SMALL,ultralytics,False,0,0,0,False,False,1,4
006748.png,SMALL,ultralytics,False,0,0,0,False,False,1,2
006749.png,SMALL,ultralytics,False,5,3,5,True,True,9,12
006750.png,SMALL,ultralytics,False,1,1,0,True,True,5,4
006751.png,SMALL,ultralytics,False,0,0,0,False,False,5,8
006752.png,SMALL,ultralytics,False,0,0,3,True,False,7,11
006753.png,SMALL,ultralytics,False,0,0,0,False,False,8,9
006754.png,SMALL,ultralytics,False,0,0,0,False,False,6,10
006755.png,SMALL,ultralytics,False,0,0,0,False,False,5,8
006756.png,SMALL,ultralytics,False,0,1,0,False,True,5,8
006757.png,SMALL,ultralytics,False,0,0,0,False,False,2,7
006758.png,SMALL,ultralytics,False,0,0,0,False,False,5,5
006759.png,SMALL,ultralytics,False,0,0,0,False,False,1,4
006760.png,SMALL,ultralytics,False,0,0,1,True,False,3,4
006761.png,SMALL,ultralytics,False,4,2,1,True,True,12,10
006762.png,SMALL,ultralytics,False,0,1,1,True,True,1,5
006763.png,SMALL,ultralytics,False,0,0,0,False,False,2,2
006764.png,SMALL,ultralytics,False,0,0,0,False,False,5,8
006765.png,SMALL,ultralytics,False,0,0,3,True,False,7,12
006766.png,SMALL,ultralytics,False,0,0,1,True,False,5,11
006767.png,SMALL,ultralytics,False,0,0,0,False,False,4,4
006768.png,SMALL,ultralytics,False,4,3,2,True,True,8,12
006769.png,SMALL,ultralytics,False,0,0,0,False,False,10,11
006770.png,SMALL,ultralytics,False,0,0,0,False,False,4,11
006771.png,SMALL,ultralytics,False,0,0,2,True,False,1,6
006772.png,SMALL,ultralytics,False,0,0,0,False,False,5,8
006773.png,SMALL,ultralytics,False,0,0,0,False,False,1,4
006774.png,SMALL,ultralytics,False,0,0,0,False,False,1,3
006775.png,SMALL,ultralytics,False,0,0,0,False,False,11,10
006776.png,SMALL,ultralytics,False,0,0,1,True,False,1,2
006777.png,SMALL,ultralytics,False,0,0,1,True,False,2,6
006778.png,SMALL,ultralytics,False,0,0,1,True,False,4,6
006779.png,SMALL,ultralytics,False,0,0,1,True,False,7,11
006780.png,SMALL,ultralytics,False,0,0,0,False,False,9,14
006781.png,SMALL,ultralytics,False,0,0,0,False,False,6,8
006782.png,SMALL,ultralytics,False,0,0,0,False,False,2,7
006783.png,SMALL,ultralytics,False,0,0,1,True,False,11,17
006784.png,SMALL,ultralytics,False,0,0,0,False,False,1,2
006785.png,SMALL,ultralytics,False,0,3,5,True,True,5,8
006786.png,SMALL,ultralytics,False,0,0,0,False,False,1,5
006787.png,SMALL,ultralytics,False,0,0,0,False,False,5,7
006788.png,SMALL,ultralytics,False,0,0,0,False,False,11,11
006789.png,SMALL,ultralytics,False,0,0,0,False,False,6,10
006790.png,SMALL,ultralytics,False,0,0,0,False,False,1,1
006791.png,SMALL,ultralytics,False,0,0,0,False,False,5,11
006792.png,SMALL,ultralytics,False,0,0,0,False,False,3,4
006793.png,SMALL,ultralytics,False,0,0,0,False,False,1,6
006794.png,SMALL,ultralytics,False,0,0,0,False,False,2,4
006795.png,SMALL,ultralytics,False,1,0,0,True,True,1,1
006796.png,SMALL,ultralytics,False,0,0,0,False,False,3,5
006797.png,SMALL,ultralytics,False,0,0,0,False,False,1,2
006798.png,SMALL,ultralytics,False,0,0,0,False,False,9,11
006799.png,SMALL,ultralytics,False,1,0,0,True,True,1,1
006800.png,SMALL,ultralytics,False,3,3,0,True,True,8,10
006801.png,SMALL,ultralytics,False,5,0,8,True,True,9,18
006802.png,SMALL,ultralytics,False,0,0,1,True,False,2,3
006803.png,SMALL,ultralytics,False,0,0,0,False,False,1,4
006804.png,SMALL,ultralytics,False,1,0,0,True,True,1,1
006805.png,SMALL,ultralytics,False,0,0,0,False,False,6,11
006806.png,SMALL,ultralytics,False,0,0,0,False,False,3,5
006807.png,SMALL,ultralytics,False,1,0,0,True,True,1,1
006808.png,SMALL,ultralytics,False,0,0,0,False,False,4,6
006809.png,SMALL,ultralytics,False,0,2,1,True,True,4,2
006810.png,SMALL,ultralytics,False,1,0,0,True,True,10,9
006811.png,SMALL,ultralytics,False,0,1,0,False,True,3,6
006812.png,SMALL,ultralytics,False,0,0,0,False,False,5,4
006813.png,SMALL,ultralytics,False,1,0,10,True,True,3,15
006814.png,SMALL,ultralytics,False,0,0,2,True,False,9,11
006815.png,SMALL,ultralytics,False,0,0,0,False,False,6,3
006816.png,SMALL,ultralytics,False,0,0,0,False,False,1,2
006817.png,SMALL,ultralytics,False,0,0,0,False,False,4,8
006818.png,SMALL,ultralytics,False,0,1,2,True,True,6,5
006819.png,SMALL,ultralytics,False,1,0,0,True,True,1,2
006820.png,SMALL,ultralytics,False,0,0,0,False,False,7,11
006821.png,SMALL,ultralytics,False,0,0,0,False,False,1,2
006822.png,SMALL,ultralytics,False,1,1,0,True,True,7,8
006823.png,SMALL,ultralytics,False,0,0,0,False,False,1,4
006824.png,SMALL,ultralytics,False,0,0,0,False,False,2,6
006825.png,SMALL,ultralytics,False,2,4,1,True,True,7,7
006826.png,SMALL,ultralytics,False,0,0,0,False,False,2,6
006827.png,SMALL,ultralytics,False,0,0,1,True,False,1,3
006828.png,SMALL,ultralytics,False,4,4,4,True,True,8,10
006829.png,SMALL,ultralytics,False,0,0,0,False,False,6,5
006830.png,SMALL,ultralytics,False,1,0,0,True,True,1,1
006831.png,SMALL,ultralytics,False,0,0,0,False,False,4,8
006832.png,SMALL,ultralytics,False,0,4,1,True,True,8,9
006833.png,SMALL,ultralytics,False,0,0,1,True,False,16,21
006834.png,SMALL,ultralytics,False,0,0,0,False,False,4,8
006835.png,SMALL,ultralytics,False,2,2,2,True,True,6,7
006836.png,SMALL,ultralytics,False,0,0,0,False,False,3,6
006837.png,SMALL,ultralytics,False,1,0,1,True,True,4,6
006838.png,SMALL,ultralytics,False,0,0,1,True,False,2,7
006839.png,SMALL,ultralytics,False,0,0,0,False,False,2,2
006840.png,SMALL,ultralytics,False,0,0,0,False,False,3,6
006841.png,SMALL,ultralytics,False,0,0,0,False,False,1,5
006842.png,SMALL,ultralytics,False,0,0,2,True,False,5,13
006843.png,SMALL,ultralytics,False,0,2,2,True,True,9,10
006844.png,SMALL,ultralytics,False,0,0,0,False,False,6,12
006845.png,SMALL,ultralytics,False,0,0,0,False,False,11,12
006846.png,SMALL,ultralytics,False,0,0,0,False,False,6,7
006847.png,SMALL,ultralytics,False,0,4,1,True,True,6,8
006848.png,SMALL,ultralytics,False,0,0,0,False,False,5,5
006849.png,SMALL,ultralytics,False,0,0,1,True,False,2,6
006850.png,SMALL,ultralytics,False,0,0,0,False,False,2,2
006851.png,SMALL,ultralytics,False,0,0,0,False,False,4,4
006852.png,SMALL,ultralytics,False,0,0,0,False,False,1,3
006853.png,SMALL,ultralytics,False,0,0,0,False,False,6,9
006854.png,SMALL,ultralytics,False,0,0,0,False,False,3,6
006855.png,SMALL,ultralytics,False,0,0,0,False,False,2,4
006856.png,SMALL,ultralytics,False,0,0,0,False,False,4,6
006857.png,SMALL,ultralytics,False,0,1,0,False,True,4,8
006858.png,SMALL,ultralytics,False,0,0,0,False,False,5,5
006859.png,SMALL,ultralytics,False,0,0,2,True,False,5,11
006860.png,SMALL,ultralytics,False,0,0,0,False,False,1,3
006861.png,SMALL,ultralytics,False,1,0,0,True,True,1,1
006862.png,SMALL,ultralytics,False,0,0,0,False,False,8,10
006863.png,SMALL,ultralytics,False,0,1,0,False,True,5,8
006864.png,SMALL,ultralytics,False,0,0,0,False,False,9,13
006865.png,SMALL,ultralytics,False,0,0,0,False,False,1,1
006866.png,SMALL,ultralytics,False,0,0,0,False,False,9,8
006867.png,SMALL,ultralytics,False,0,0,0,False,False,8,9
006868.png,SMALL,ultralytics,False,0,0,0,False,False,7,8
006869.png,SMALL,ultralytics,False,0,0,0,False,False,4,4
006870.png,SMALL,ultralytics,False,0,0,0,False,False,4,11
006871.png,SMALL,ultralytics,False,0,0,0,False,False,5,9
006872.png,SMALL,ultralytics,False,3,2,3,True,True,6,9
006873.png,SMALL,ultralytics,False,1,0,0,True,True,1,1
006874.png,SMALL,ultralytics,False,0,0,0,False,False,1,4
006875.png,SMALL,ultralytics,False,0,0,0,False,False,1,2
006876.png,SMALL,ultralytics,False,0,0,0,False,False,1,8
006877.png,SMALL,ultralytics,False,0,0,0,False,False,8,7
006878.png,SMALL,ultralytics,False,4,4,1,True,True,9,8
006879.png,SMALL,ultralytics,False,1,0,0,True,True,13,10
006880.png,SMALL,ultralytics,False,0,0,0,False,False,1,2
006881.png,SMALL,ultralytics,False,1,0,1,True,True,4,6
006882.png,SMALL,ultralytics,False,0,0,1,True,False,4,6
006883.png,SMALL,ultralytics,False,0,0,0,False,False,1,5
006884.png,SMALL,ultralytics,False,0,0,0,False,False,1,5
006885.png,SMALL,ultralytics,False,0,0,0,False,False,5,9
006886.png,SMALL,ultralytics,False,0,0,2,True,False,5,12
006887.png,SMALL,ultralytics,False,0,0,1,True,False,4,6
006888.png,SMALL,ultralytics,False,0,0,0,False,False,2,6
006889.png,SMALL,ultralytics,False,0,0,0,False,False,7,9
006890.png,SMALL,ultralytics,False,0,0,0,False,False,1,2
006891.png,SMALL,ultralytics,False,0,0,0,False,False,4,5
006892.png,SMALL,ultralytics,False,1,0,0,True,True,1,1
006893.png,SMALL,ultralytics,False,0,0,0,False,False,0,5
006894.png,SMALL,ultralytics,False,5,6,6,True,True,11,13
006895.png,SMALL,ultralytics,False,0,0,0,False,False,5,7
006896.png,SMALL,ultralytics,False,0,0,0,False,False,3,4
006897.png,SMALL,ultralytics,False,0,0,0,False,False,11,11
006898.png,SMALL,ultralytics,False,0,0,0,False,False,1,1
006899.png,SMALL,ultralytics,False,0,0,0,False,False,2,5
006900.png,SMALL,ultralytics,False,0,0,0,False,False,1,3
006901.png,SMALL,ultralytics,False,0,0,0,False,False,0,2
006902.png,SMALL,ultralytics,False,0,0,0,False,False,10,12
006903.png,SMALL,ultralytics,False,1,1,0,True,True,2,1
006904.png,SMALL,ultralytics,False,0,0,1,True,False,10,12
006905.png,SMALL,ultralytics,False,0,0,0,False,False,2,2
006906.png,SMALL,ultralytics,False,0,0,0,False,False,2,4
006907.png,SMALL,ultralytics,False,0,0,0,False,False,3,7
006908.png,SMALL,ultralytics,False,5,4,3,True,True,11,10
006909.png,SMALL,ultralytics,False,0,0,0,False,False,5,6
006910.png,SMALL,ultralytics,False,2,0,0,True,True,12,11
006911.png,SMALL,ultralytics,False,1,0,0,True,True,8,11
006912.png,SMALL,ultralytics,False,0,2,1,True,True,3,6
006913.png,SMALL,ultralytics,False,0,0,0,False,False,1,7
006914.png,SMALL,ultralytics,False,0,0,0,False,False,4,4
006915.png,SMALL,ultralytics,False,0,0,0,False,False,3,3
006916.png,SMALL,ultralytics,False,1,1,1,True,True,5,4
006917.png,SMALL,ultralytics,False,0,0,0,False,False,6,7
006918.png,SMALL,ultralytics,False,0,0,0,False,False,2,3
006919.png,SMALL,ultralytics,False,1,1,2,True,True,5,9
006920.png,SMALL,ultralytics,False,0,0,0,False,False,6,8
006921.png,SMALL,ultralytics,False,0,0,0,False,False,1,3
006922.png,SMALL,ultralytics,False,0,0,0,False,False,12,12
006923.png,SMALL,ultralytics,False,0,0,1,True,False,5,6
006924.png,SMALL,ultralytics,False,0,0,0,False,False,0,3
006925.png,SMALL,ultralytics,False,4,0,4,True,True,7,11
006926.png,SMALL,ultralytics,False,1,0,1,True,True,14,17
006927.png,SMALL,ultralytics,False,0,0,0,False,False,6,10
006928.png,SMALL,ultralytics,False,0,0,0,False,False,9,9
006929.png,SMALL,ultralytics,False,0,0,1,True,False,6,12
006930.png,SMALL,ultralytics,False,0,0,0,False,False,2,2
006931.png,SMALL,ultralytics,False,0,0,0,False,False,0,1
006932.png,SMALL,ultralytics,False,1,0,0,True,True,14,17
006933.png,SMALL,ultralytics,False,0,0,0,False,False,5,4
006934.png,SMALL,ultralytics,False,0,0,0,False,False,1,2
006935.png,SMALL,ultralytics,False,3,1,0,True,True,4,3
006936.png,SMALL,ultralytics,False,0,0,0,False,False,6,8
006937.png,SMALL,ultralytics,False,5,6,3,True,True,13,13
006938.png,SMALL,ultralytics,False,0,0,0,False,False,3,3
006939.png,SMALL,ultralytics,False,0,0,0,False,False,5,6
006940.png,SMALL,ultralytics,False,0,0,0,False,False,3,3
006941.png,SMALL,ultralytics,False,1,0,0,True,True,2,1
006942.png,SMALL,ultralytics,False,1,0,0,True,True,11,15
006943.png,SMALL,ultralytics,False,0,1,0,False,True,8,8
006944.png,SMALL,ultralytics,False,0,0,0,False,False,5,10
006945.png,SMALL,ultralytics,False,0,0,0,False,False,8,7
006946.png,SMALL,ultralytics,False,0,0,0,False,False,4,7
006947.png,SMALL,ultralytics,False,0,0,0,False,False,2,3
006948.png,SMALL,ultralytics,False,0,0,0,False,False,5,15
006949.png,SMALL,ultralytics,False,0,0,0,False,False,1,3
006950.png,SMALL,ultralytics,False,0,0,0,False,False,6,12
006951.png,SMALL,ultralytics,False,1,0,0,True,True,1,1
006952.png,SMALL,ultralytics,False,0,0,1,True,False,12,15
006953.png,SMALL,ultralytics,False,0,0,0,False,False,7,11
006954.png,SMALL,ultralytics,False,0,0,0,False,False,3,8
006955.png,SMALL,ultralytics,False,1,0,0,True,True,1,1
006956.png,SMALL,ultralytics,False,0,2,0,False,True,7,8
006957.png,SMALL,ultralytics,False,1,0,3,True,True,4,9
006958.png,SMALL,ultralytics,False,0,0,0,False,False,7,12
006959.png,SMALL,ultralytics,False,0,0,0,False,False,5,5
006960.png,SMALL,ultralytics,False,0,0,0,False,False,6,13
006961.png,SMALL,ultralytics,False,0,1,0,False,True,8,8
006962.png,SMALL,ultralytics,False,0,0,2,True,False,1,6
006963.png,SMALL,ultralytics,False,0,0,0,False,False,2,7
006964.png,SMALL,ultralytics,False,0,0,0,False,False,1,6
006965.png,SMALL,ultralytics,False,0,0,0,False,False,3,2
006966.png,SMALL,ultralytics,False,0,0,0,False,False,2,3
006967.png,SMALL,ultralytics,False,0,0,0,False,False,3,10
006968.png,SMALL,ultralytics,False,1,0,0,True,True,6,9
006969.png,SMALL,ultralytics,False,1,0,2,True,True,1,7
006970.png,SMALL,ultralytics,False,0,0,0,False,False,8,8
006971.png,SMALL,ultralytics,False,0,1,4,True,True,1,9
006972.png,SMALL,ultralytics,False,0,0,0,False,False,5,5
006973.png,SMALL,ultralytics,False,0,0,0,False,False,4,8
006974.png,SMALL,ultralytics,False,0,2,0,False,True,4,3
006975.png,SMALL,ultralytics,False,0,0,0,False,False,3,7
006976.png,SMALL,ultralytics,False,0,0,0,False,False,0,4
006977.png,SMALL,ultralytics,False,0,0,0,False,False,2,2
006978.png,SMALL,ultralytics,False,0,0,0,False,False,7,7
006979.png,SMALL,ultralytics,False,0,0,0,False,False,7,8
006980.png,SMALL,ultralytics,False,5,7,7,True,True,13,16
006981.png,SMALL,ultralytics,False,0,0,0,False,False,1,2
006982.png,SMALL,ultralytics,False,0,0,0,False,False,4,7
006983.png,SMALL,ultralytics,False,0,0,0,False,False,5,9
006984.png,SMALL,ultralytics,False,0,0,0,False,False,7,8
006985.png,SMALL,ultralytics,False,1,1,0,True,True,4,9
006986.png,SMALL,ultralytics,False,0,0,0,False,False,1,3
006987.png,SMALL,ultralytics,False,0,0,0,False,False,6,8
006988.png,SMALL,ultralytics,False,0,0,0,False,False,2,2
006989.png,SMALL,ultralytics,False,0,0,0,False,False,5,7
006990.png,SMALL,ultralytics,False,0,0,0,False,False,6,7
006991.png,SMALL,ultralytics,False,0,1,0,False,True,7,7
006992.png,SMALL,ultralytics,False,0,0,0,False,False,13,14
006993.png,SMALL,ultralytics,False,0,0,0,False,False,9,8
006994.png,SMALL,ultralytics,False,2,1,1,True,True,5,5
006995.png,SMALL,ultralytics,False,0,1,0,False,True,7,7
006996.png,SMALL,ultralytics,False,0,0,0,False,False,4,5
006997.png,SMALL,ultralytics,False,2,1,0,True,True,5,9
006998.png,SMALL,ultralytics,False,0,0,0,False,False,4,6
006999.png,SMALL,ultralytics,False,0,0,0,False,False,2,4
007000.png,SMALL,ultralytics,False,0,2,2,True,True,8,11
007001.png,SMALL,ultralytics,False,0,0,0,False,False,2,6
007002.png,SMALL,ultralytics,False,0,0,0,False,False,4,3
007003.png,SMALL,ultralytics,False,0,0,0,False,False,10,10
007004.png,SMALL,ultralytics,False,1,1,1,True,True,4,7
007005.png,SMALL,ultralytics,False,0,0,0,False,False,7,9
007006.png,SMALL,ultralytics,False,0,0,1,True,False,3,5
007007.png,SMALL,ultralytics,False,0,0,0,False,False,11,9
007008.png,SMALL,ultralytics,False,0,0,0,False,False,2,4
007009.png,SMALL,ultralytics,False,0,0,0,False,False,1,2
007010.png,SMALL,ultralytics,False,0,0,0,False,False,3,5
007011.png,SMALL,ultralytics,False,0,0,0,False,False,6,11
007012.png,SMALL,ultralytics,False,0,2,0,False,True,6,8
007013.png,SMALL,ultralytics,False,0,0,0,False,False,12,14
007014.png,SMALL,ultralytics,False,0,0,0,False,False,6,14
007015.png,SMALL,ultralytics,False,0,0,0,False,False,8,13
007016.png,SMALL,ultralytics,False,3,2,1,True,True,13,11
007017.png,SMALL,ultralytics,False,1,0,0,True,True,1,1
007018.png,SMALL,ultralytics,False,5,2,1,True,True,14,9
007019.png,SMALL,ultralytics,False,0,0,0,False,False,7,11
007020.png,SMALL,ultralytics,False,0,0,0,False,False,9,8
007021.png,SMALL,ultralytics,False,0,0,3,True,False,5,10
007022.png,SMALL,ultralytics,False,0,0,0,False,False,6,7
007023.png,SMALL,ultralytics,False,1,0,0,True,True,1,1
007024.png,SMALL,ultralytics,False,0,1,0,False,True,2,2
007025.png,SMALL,ultralytics,False,0,0,0,False,False,2,3
007026.png,SMALL,ultralytics,False,0,0,0,False,False,9,12
007027.png,SMALL,ultralytics,False,0,0,0,False,False,11,7
007028.png,SMALL,ultralytics,False,0,0,0,False,False,4,7
007029.png,SMALL,ultralytics,False,0,0,0,False,False,5,7
007030.png,SMALL,ultralytics,False,0,0,0,False,False,2,3
007031.png,SMALL,ultralytics,False,0,0,0,False,False,5,12
007032.png,SMALL,ultralytics,False,0,0,0,False,False,7,7
007033.png,SMALL,ultralytics,False,0,0,1,True,False,4,8
007034.png,SMALL,ultralytics,False,0,0,1,True,False,4,5
007035.png,SMALL,ultralytics,False,0,0,0,False,False,6,11
007036.png,SMALL,ultralytics,False,1,0,0,True,True,1,1
007037.png,SMALL,ultralytics,False,0,0,0,False,False,4,3
007038.png,SMALL,ultralytics,False,0,1,0,False,True,3,4
007039.png,SMALL,ultralytics,False,0,0,0,False,False,5,10
007040.png,SMALL,ultralytics,False,0,0,0,False,False,0,1
007041.png,SMALL,ultralytics,False,0,0,0,False,False,5,8
007042.png,SMALL,ultralytics,False,0,0,0,False,False,5,10
007043.png,SMALL,ultralytics,False,0,0,0,False,False,9,8
007044.png,SMALL,ultralytics,False,0,0,0,False,False,3,5
007045.png,SMALL,ultralytics,False,0,0,3,True,False,5,11
007046.png,SMALL,ultralytics,False,0,0,1,True,False,12,15
007047.png,SMALL,ultralytics,False,0,0,0,False,False,7,11
007048.png,SMALL,ultralytics,False,0,0,0,False,False,2,3
007049.png,SMALL,ultralytics,False,0,1,1,True,True,3,4
007050.png,SMALL,ultralytics,False,0,0,0,False,False,4,9
007051.png,SMALL,ultralytics,False,0,0,0,False,False,7,10
007052.png,SMALL,ultralytics,False,0,4,1,True,True,8,10
007053.png,SMALL,ultralytics,False,2,0,0,True,True,6,8
007054.png,SMALL,ultralytics,False,0,0,0,False,False,1,4
007055.png,SMALL,ultralytics,False,0,3,0,False,True,5,5
007056.png,SMALL,ultralytics,False,0,0,1,True,False,5,10
007057.png,SMALL,ultralytics,False,0,0,0,False,False,4,4
007058.png,SMALL,ultralytics,False,0,0,0,False,False,1,5
007059.png,SMALL,ultralytics,False,0,0,0,False,False,4,6
007060.png,SMALL,ultralytics,False,0,0,0,False,False,6,6
007061.png,SMALL,ultralytics,False,0,0,0,False,False,4,7
007062.png,SMALL,ultralytics,False,0,0,0,False,False,3,4
007063.png,SMALL,ultralytics,False,0,0,0,False,False,3,5
007064.png,SMALL,ultralytics,False,0,0,0,False,False,2,8
007065.png,SMALL,ultralytics,False,0,0,0,False,False,5,6
007066.png,SMALL,ultralytics,False,0,0,0,False,False,7,11
007067.png,SMALL,ultralytics,False,0,0,2,True,False,7,11
007068.png,SMALL,ultralytics,False,0,0,0,False,False,4,4
007069.png,SMALL,ultralytics,False,0,0,0,False,False,9,10
007070.png,SMALL,ultralytics,False,0,0,3,True,False,6,9
007071.png,SMALL,ultralytics,False,0,0,0,False,False,7,13
007072.png,SMALL,ultralytics,False,0,0,1,True,False,0,2
007073.png,SMALL,ultralytics,False,1,0,0,True,True,1,1
007074.png,SMALL,ultralytics,False,0,0,0,False,False,2,2
007075.png,SMALL,ultralytics,False,1,0,0,True,True,1,1
007076.png,SMALL,ultralytics,False,0,0,0,False,False,1,3
007077.png,SMALL,ultralytics,False,1,1,0,True,True,3,2
007078.png,SMALL,ultralytics,False,0,0,0,False,False,2,4
007079.png,SMALL,ultralytics,False,0,0,0,False,False,1,3
007080.png,SMALL,ultralytics,False,1,1,0,True,True,2,2
007081.png,SMALL,ultralytics,False,0,0,0,False,False,6,10
007082.png,SMALL,ultralytics,False,0,0,0,False,False,1,1
007083.png,SMALL,ultralytics,False,0,0,0,False,False,2,3
007084.png,SMALL,ultralytics,False,1,0,0,True,True,1,1
007085.png,SMALL,ultralytics,False,0,0,0,False,False,3,5
007086.png,SMALL,ultralytics,False,0,0,0,False,False,0,1
007087.png,SMALL,ultralytics,False,0,0,0,False,False,6,10
007088.png,SMALL,ultralytics,False,0,0,0,False,False,4,6
007089.png,SMALL,ultralytics,False,0,0,0,False,False,5,4
007090.png,SMALL,ultralytics,False,0,0,0,False,False,2,4
007091.png,SMALL,ultralytics,False,0,0,0,False,False,7,7
007092.png,SMALL,ultralytics,False,0,1,2,True,True,1,5
007093.png,SMALL,ultralytics,False,0,0,0,False,False,4,6
007094.png,SMALL,ultralytics,False,3,2,5,True,True,5,8
007095.png,SMALL,ultralytics,False,0,0,0,False,False,6,6
007096.png,SMALL,ultralytics,False,0,0,0,False,False,6,7
007097.png,SMALL,ultralytics,False,0,0,0,False,False,5,5
007098.png,SMALL,ultralytics,False,0,2,0,False,True,4,6
007099.png,SMALL,ultralytics,False,0,0,1,True,False,12,16
007100.png,SMALL,ultralytics,False,0,0,0,False,False,5,6
007101.png,SMALL,ultralytics,False,0,0,0,False,False,10,17
007102.png,SMALL,ultralytics,False,0,0,0,False,False,7,15
007103.png,SMALL,ultralytics,False,0,0,1,True,False,2,5
007104.png,SMALL,ultralytics,False,0,0,0,False,False,6,6
007105.png,SMALL,ultralytics,False,0,1,0,False,True,3,4
007106.png,SMALL,ultralytics,False,0,0,0,False,False,1,4
007107.png,SMALL,ultralytics,False,0,1,0,False,True,7,12
007108.png,SMALL,ultralytics,False,0,0,0,False,False,5,6
007109.png,SMALL,ultralytics,False,5,8,5,True,True,19,15
007110.png,SMALL,ultralytics,False,1,0,0,True,True,1,1
007111.png,SMALL,ultralytics,False,0,0,0,False,False,2,2
007112.png,SMALL,ultralytics,False,0,0,0,False,False,1,1
007113.png,SMALL,ultralytics,False,0,0,0,False,False,0,2
007114.png,SMALL,ultralytics,False,0,1,0,False,True,7,12
007115.png,SMALL,ultralytics,False,0,0,1,True,False,0,2
007116.png,SMALL,ultralytics,False,0,1,0,False,True,7,6
007117.png,SMALL,ultralytics,False,0,0,0,False,False,6,8
007118.png,SMALL,ultralytics,False,1,1,1,True,True,2,4
007119.png,SMALL,ultralytics,False,0,0,0,False,False,1,6
007120.png,SMALL,ultralytics,False,0,1,0,False,True,5,6
007121.png,SMALL,ultralytics,False,0,0,1,True,False,5,11
007122.png,SMALL,ultralytics,False,0,2,1,True,True,5,7
007123.png,SMALL,ultralytics,False,0,0,1,True,False,9,8
007124.png,SMALL,ultralytics,False,0,0,0,False,False,12,7
007125.png,SMALL,ultralytics,False,0,0,0,False,False,2,4
007126.png,SMALL,ultralytics,False,1,1,0,True,True,2,1
007127.png,SMALL,ultralytics,False,0,0,0,False,False,1,2
007128.png,SMALL,ultralytics,False,0,0,0,False,False,4,8
007129.png,SMALL,ultralytics,False,3,4,4,True,True,8,10
007130.png,SMALL,ultralytics,False,1,0,0,True,True,3,5
007131.png,SMALL,ultralytics,False,0,0,0,False,False,6,10
007132.png,SMALL,ultralytics,False,0,0,1,True,False,5,11
007133.png,SMALL,ultralytics,False,0,0,0,False,False,4,3
007134.png,SMALL,ultralytics,False,0,0,0,False,False,6,7
007135.png,SMALL,ultralytics,False,1,0,0,True,True,6,7
007136.png,SMALL,ultralytics,False,1,2,1,True,True,8,10
007137.png,SMALL,ultralytics,False,0,0,0,False,False,12,11
007138.png,SMALL,ultralytics,False,0,0,0,False,False,6,8
007139.png,SMALL,ultralytics,False,0,0,0,False,False,6,6
007140.png,SMALL,ultralytics,False,0,0,0,False,False,2,5
007141.png,SMALL,ultralytics,False,0,0,0,False,False,2,3
007142.png,SMALL,ultralytics,False,0,0,0,False,False,4,8
007143.png,SMALL,ultralytics,False,0,0,0,False,False,4,5
007144.png,SMALL,ultralytics,False,0,0,0,False,False,2,4
007145.png,SMALL,ultralytics,False,0,0,0,False,False,2,8
007146.png,SMALL,ultralytics,False,0,0,0,False,False,2,4
007147.png,SMALL,ultralytics,False,1,1,0,True,True,6,4
007148.png,SMALL,ultralytics,False,0,0,0,False,False,5,5
007149.png,SMALL,ultralytics,False,1,1,0,True,True,7,9
007150.png,SMALL,ultralytics,False,1,1,0,True,True,2,1
007151.png,SMALL,ultralytics,False,0,0,0,False,False,14,11
007152.png,SMALL,ultralytics,False,0,0,0,False,False,2,5
007153.png,SMALL,ultralytics,False,0,0,0,False,False,6,8
007154.png,SMALL,ultralytics,False,0,1,1,True,True,1,1
007155.png,SMALL,ultralytics,False,0,0,0,False,False,1,1
007156.png,SMALL,ultralytics,False,0,1,2,True,True,13,13
007157.png,SMALL,ultralytics,False,1,1,0,True,True,4,5
007158.png,SMALL,ultralytics,False,0,0,0,False,False,1,2
007159.png,SMALL,ultralytics,False,1,0,1,True,True,1,2
007160.png,SMALL,ultralytics,False,0,0,0,False,False,6,8
007161.png,SMALL,ultralytics,False,0,5,4,True,True,7,7
007162.png,SMALL,ultralytics,False,0,0,0,False,False,8,9
007163.png,SMALL,ultralytics,False,0,0,0,False,False,4,11
007164.png,SMALL,ultralytics,False,0,0,0,False,False,2,4
007165.png,SMALL,ultralytics,False,0,0,0,False,False,4,6
007166.png,SMALL,ultralytics,False,0,0,0,False,False,9,10
007167.png,SMALL,ultralytics,False,0,0,0,False,False,6,7
007168.png,SMALL,ultralytics,False,0,0,1,True,False,2,6
007169.png,SMALL,ultralytics,False,0,0,0,False,False,6,9
007170.png,SMALL,ultralytics,False,0,0,0,False,False,3,4
007171.png,SMALL,ultralytics,False,0,0,0,False,False,10,12
007172.png,SMALL,ultralytics,False,0,0,0,False,False,3,5
007173.png,SMALL,ultralytics,False,0,0,0,False,False,2,2
007174.png,SMALL,ultralytics,False,0,0,0,False,False,6,13
007175.png,SMALL,ultralytics,False,0,0,0,False,False,0,1
007176.png,SMALL,ultralytics,False,0,0,0,False,False,3,5
007177.png,SMALL,ultralytics,False,0,0,2,True,False,5,9
007178.png,SMALL,ultralytics,False,0,0,1,True,False,6,9
007179.png,SMALL,ultralytics,False,4,1,0,True,True,6,6
007180.png,SMALL,ultralytics,False,0,0,0,False,False,4,4
007181.png,SMALL,ultralytics,False,0,0,0,False,False,2,2
007182.png,SMALL,ultralytics,False,0,0,3,True,False,8,11
007183.png,SMALL,ultralytics,False,0,0,0,False,False,6,9
007184.png,SMALL,ultralytics,False,0,0,0,False,False,5,4
007185.png,SMALL,ultralytics,False,0,0,1,True,False,7,12
007186.png,SMALL,ultralytics,False,0,0,0,False,False,1,4
007187.png,SMALL,ultralytics,False,0,0,0,False,False,1,1
007188.png,SMALL,ultralytics,False,1,0,0,True,True,1,1
007189.png,SMALL,ultralytics,False,4,1,1,True,True,6,7
007190.png,SMALL,ultralytics,False,0,0,0,False,False,1,2
007191.png,SMALL,ultralytics,False,0,0,0,False,False,2,4
007192.png,SMALL,ultralytics,False,0,0,3,True,False,6,11
007193.png,SMALL,ultralytics,False,0,0,0,False,False,8,5
007194.png,SMALL,ultralytics,False,0,0,0,False,False,3,5
007195.png,SMALL,ultralytics,False,0,1,0,False,True,10,12
007196.png,SMALL,ultralytics,False,0,0,0,False,False,4,8
007197.png,SMALL,ultralytics,False,0,0,0,False,False,0,5
007198.png,SMALL,ultralytics,False,0,0,0,False,False,4,5
007199.png,SMALL,ultralytics,False,1,0,1,True,True,1,6
007200.png,SMALL,ultralytics,False,0,0,0,False,False,7,11
007201.png,SMALL,ultralytics,False,0,2,1,True,True,4,9
007202.png,SMALL,ultralytics,False,7,5,4,True,True,14,15
007203.png,SMALL,ultralytics,False,0,0,4,True,False,8,10
007204.png,SMALL,ultralytics,False,0,0,0,False,False,4,8
007205.png,SMALL,ultralytics,False,0,0,0,False,False,3,5
007206.png,SMALL,ultralytics,False,0,0,1,True,False,2,7
007207.png,SMALL,ultralytics,False,0,1,1,True,True,1,4
007208.png,SMALL,ultralytics,False,0,0,0,False,False,10,11
007209.png,SMALL,ultralytics,False,0,0,0,False,False,9,13
007210.png,SMALL,ultralytics,False,0,0,0,False,False,11,12
007211.png,SMALL,ultralytics,False,0,0,0,False,False,5,6
007212.png,SMALL,ultralytics,False,0,0,0,False,False,2,2
007213.png,SMALL,ultralytics,False,0,0,0,False,False,3,5
007214.png,SMALL,ultralytics,False,0,0,0,False,False,4,5
007215.png,SMALL,ultralytics,False,0,0,0,False,False,2,3
007216.png,SMALL,ultralytics,False,0,0,0,False,False,7,7
007217.png,SMALL,ultralytics,False,0,0,0,False,False,2,3
007218.png,SMALL,ultralytics,False,0,0,0,False,False,9,11
007219.png,SMALL,ultralytics,False,0,0,0,False,False,2,6
007220.png,SMALL,ultralytics,False,0,0,0,False,False,1,1
007221.png,SMALL,ultralytics,False,0,0,1,True,False,3,5
007222.png,SMALL,ultralytics,False,0,0,0,False,False,6,10
007223.png,SMALL,ultralytics,False,1,1,0,True,True,2,1
007224.png,SMALL,ultralytics,False,0,0,0,False,False,3,3
007225.png,SMALL,ultralytics,False,0,0,0,False,False,5,7
007226.png,SMALL,ultralytics,False,0,0,0,False,False,5,7
007227.png,SMALL,ultralytics,False,0,1,0,False,True,1,3
007228.png,SMALL,ultralytics,False,0,0,0,False,False,10,14
007229.png,SMALL,ultralytics,False,0,0,1,True,False,2,5
007230.png,SMALL,ultralytics,False,0,0,0,False,False,3,6
007231.png,SMALL,ultralytics,False,1,1,0,True,True,2,1
007232.png,SMALL,ultralytics,False,0,0,1,True,False,3,6
007233.png,SMALL,ultralytics,False,0,0,0,False,False,7,12
007234.png,SMALL,ultralytics,False,0,0,0,False,False,7,5
007235.png,SMALL,ultralytics,False,0,0,0,False,False,1,6
007236.png,SMALL,ultralytics,False,0,0,0,False,False,9,8
007237.png,SMALL,ultralytics,False,1,1,0,True,True,3,1
007238.png,SMALL,ultralytics,False,0,0,0,False,False,4,5
007239.png,SMALL,ultralytics,False,0,0,0,False,False,2,7
007240.png,SMALL,ultralytics,False,0,0,1,True,False,3,7
007241.png,SMALL,ultralytics,False,0,0,0,False,False,4,5
007242.png,SMALL,ultralytics,False,0,0,0,False,False,6,12
007243.png,SMALL,ultralytics,False,0,0,0,False,False,9,13
007244.png,SMALL,ultralytics,False,0,0,0,False,False,2,6
007245.png,SMALL,ultralytics,False,0,0,0,False,False,1,3
007246.png,SMALL,ultralytics,False,0,0,0,False,False,4,5
007247.png,SMALL,ultralytics,False,0,0,0,False,False,2,8
007248.png,SMALL,ultralytics,False,0,0,0,False,False,10,14
007249.png,SMALL,ultralytics,False,0,0,0,False,False,3,7
007250.png,SMALL,ultralytics,False,0,0,0,False,False,7,6
007251.png,SMALL,ultralytics,False,0,0,0,False,False,1,1
007252.png,SMALL,ultralytics,False,0,0,0,False,False,1,5
007253.png,SMALL,ultralytics,False,1,0,0,True,True,1,2
007254.png,SMALL,ultralytics,False,1,1,2,True,True,3,3
007255.png,SMALL,ultralytics,False,0,0,3,True,False,0,9
007256.png,SMALL,ultralytics,False,0,0,0,False,False,9,13
007257.png,SMALL,ultralytics,False,0,0,0,False,False,0,2
007258.png,SMALL,ultralytics,False,0,0,0,False,False,2,4
007259.png,SMALL,ultralytics,False,0,0,0,False,False,6,8
007260.png,SMALL,ultralytics,False,0,2,3,True,True,7,12
007261.png,SMALL,ultralytics,False,0,0,0,False,False,5,5
007262.png,SMALL,ultralytics,False,0,0,0,False,False,1,5
007263.png,SMALL,ultralytics,False,0,0,0,False,False,11,16
007264.png,SMALL,ultralytics,False,0,2,1,True,True,7,6
007265.png,SMALL,ultralytics,False,1,7,5,True,True,10,8
007266.png,SMALL,ultralytics,False,0,0,0,False,False,7,10
007267.png,SMALL,ultralytics,False,0,0,0,False,False,3,4
007268.png,SMALL,ultralytics,False,0,0,0,False,False,3,7
007269.png,SMALL,ultralytics,False,1,0,0,True,True,1,1
007270.png,SMALL,ultralytics,False,0,0,0,False,False,1,2
007271.png,SMALL,ultralytics,False,0,0,0,False,False,4,3
007272.png,SMALL,ultralytics,False,1,0,0,True,True,1,1
007273.png,SMALL,ultralytics,False,0,0,0,False,False,7,10
007274.png,SMALL,ultralytics,False,0,0,0,False,False,2,3
007275.png,SMALL,ultralytics,False,0,0,0,False,False,1,1
007276.png,SMALL,ultralytics,False,0,0,0,False,False,1,4
007277.png,SMALL,ultralytics,False,0,0,2,True,False,8,9
007278.png,SMALL,ultralytics,False,1,0,0,True,True,2,1
007279.png,SMALL,ultralytics,False,0,0,0,False,False,2,3
007280.png,SMALL,ultralytics,False,0,6,3,True,True,9,8
007281.png,SMALL,ultralytics,False,0,0,0,False,False,1,7
007282.png,SMALL,ultralytics,False,0,0,0,False,False,1,2
007283.png,SMALL,ultralytics,False,0,0,0,False,False,6,9
007284.png,SMALL,ultralytics,False,0,0,1,True,False,3,7
007285.png,SMALL,ultralytics,False,0,0,1,True,False,1,2
007286.png,SMALL,ultralytics,False,3,1,2,True,True,6,10
007287.png,SMALL,ultralytics,False,0,0,0,False,False,2,9
007288.png,SMALL,ultralytics,False,1,0,0,True,True,1,1
007289.png,SMALL,ultralytics,False,0,0,1,True,False,3,18
007290.png,SMALL,ultralytics,False,4,0,1,True,True,5,6
007291.png,SMALL,ultralytics,False,0,0,0,False,False,4,5
007292.png,SMALL,ultralytics,False,0,0,0,False,False,4,6
007293.png,SMALL,ultralytics,False,0,0,0,False,False,1,2
007294.png,SMALL,ultralytics,False,1,0,0,True,True,7,8
007295.png,SMALL,ultralytics,False,0,0,0,False,False,3,3
007296.png,SMALL,ultralytics,False,0,0,0,False,False,10,11
007297.png,SMALL,ultralytics,False,0,0,0,False,False,3,4
007298.png,SMALL,ultralytics,False,0,0,0,False,False,2,4
007299.png,SMALL,ultralytics,False,0,0,0,False,False,10,8
007300.png,SMALL,ultralytics,False,0,0,1,True,False,0,5
007301.png,SMALL,ultralytics,False,1,1,2,True,True,11,14
007302.png,SMALL,ultralytics,False,0,0,0,False,False,1,4
007303.png,SMALL,ultralytics,False,0,0,0,False,False,2,4
007304.png,SMALL,ultralytics,False,0,0,0,False,False,2,2
007305.png,SMALL,ultralytics,False,0,0,0,False,False,1,2
007306.png,SMALL,ultralytics,False,0,0,0,False,False,4,6
007307.png,SMALL,ultralytics,False,0,0,0,False,False,1,1
007308.png,SMALL,ultralytics,False,1,0,0,True,True,1,1
007309.png,SMALL,ultralytics,False,0,0,0,False,False,10,10
007310.png,SMALL,ultralytics,False,1,0,0,True,True,1,1
007311.png,SMALL,ultralytics,False,0,0,0,False,False,5,6
007312.png,SMALL,ultralytics,False,0,1,0,False,True,6,5
007313.png,SMALL,ultralytics,False,0,1,0,False,True,10,15
007314.png,SMALL,ultralytics,False,0,0,0,False,False,8,14
007315.png,SMALL,ultralytics,False,1,0,0,True,True,15,15
007316.png,SMALL,ultralytics,False,0,0,0,False,False,8,8
007317.png,SMALL,ultralytics,False,0,0,0,False,False,6,7
007318.png,SMALL,ultralytics,False,5,1,2,True,True,8,10
007319.png,SMALL,ultralytics,False,4,2,2,True,True,7,10
007320.png,SMALL,ultralytics,False,1,0,0,True,True,1,1
007321.png,SMALL,ultralytics,False,2,1,0,True,True,4,3
007322.png,SMALL,ultralytics,False,0,1,0,False,True,4,1
007323.png,SMALL,ultralytics,False,0,0,0,False,False,6,10
007324.png,SMALL,ultralytics,False,2,0,1,True,True,6,9
007325.png,SMALL,ultralytics,False,0,0,0,False,False,13,11
007326.png,SMALL,ultralytics,False,0,0,1,True,False,5,5
007327.png,SMALL,ultralytics,False,1,0,0,True,True,2,1
007328.png,SMALL,ultralytics,False,0,0,0,False,False,4,4
007329.png,SMALL,ultralytics,False,0,0,0,False,False,8,9
007330.png,SMALL,ultralytics,False,0,0,0,False,False,5,6
007331.png,SMALL,ultralytics,False,0,0,1,True,False,1,6
007332.png,SMALL,ultralytics,False,0,0,0,False,False,1,1
007333.png,SMALL,ultralytics,False,7,5,0,True,True,12,10
007334.png,SMALL,ultralytics,False,0,0,1,True,False,3,8
007335.png,SMALL,ultralytics,False,0,0,0,False,False,1,2
007336.png,SMALL,ultralytics,False,0,0,0,False,False,5,3
007337.png,SMALL,ultralytics,False,0,0,0,False,False,4,7
007338.png,SMALL,ultralytics,False,0,0,2,True,False,0,2
007339.png,SMALL,ultralytics,False,0,0,0,False,False,8,10
007340.png,SMALL,ultralytics,False,0,0,0,False,False,4,4
007341.png,SMALL,ultralytics,False,0,1,0,False,True,6,8
007342.png,SMALL,ultralytics,False,0,0,0,False,False,12,11
007343.png,SMALL,ultralytics,False,0,0,0,False,False,3,4
007344.png,SMALL,ultralytics,False,1,0,0,True,True,1,1
007345.png,SMALL,ultralytics,False,0,0,0,False,False,1,3
007346.png,SMALL,ultralytics,False,0,0,0,False,False,4,5
007347.png,SMALL,ultralytics,False,0,0,3,True,False,0,9
007348.png,SMALL,ultralytics,False,0,1,0,False,True,2,2
007349.png,SMALL,ultralytics,False,0,0,1,True,False,5,7
007350.png,SMALL,ultralytics,False,0,0,0,False,False,8,11
007351.png,SMALL,ultralytics,False,1,0,0,True,True,1,1
007352.png,SMALL,ultralytics,False,0,0,0,False,False,4,6
007353.png,SMALL,ultralytics,False,0,0,0,False,False,7,10
007354.png,SMALL,ultralytics,False,0,0,0,False,False,5,3
007355.png,SMALL,ultralytics,False,0,1,1,True,True,4,8
007356.png,SMALL,ultralytics,False,0,1,0,False,True,4,7
007357.png,SMALL,ultralytics,False,0,0,0,False,False,4,7
007358.png,SMALL,ultralytics,False,0,0,0,False,False,3,3
007359.png,SMALL,ultralytics,False,0,0,1,True,False,7,6
007360.png,SMALL,ultralytics,False,0,0,0,False,False,6,12
007361.png,SMALL,ultralytics,False,0,0,0,False,False,4,10
007362.png,SMALL,ultralytics,False,1,0,0,True,True,2,2
007363.png,SMALL,ultralytics,False,0,0,1,True,False,2,7
007364.png,SMALL,ultralytics,False,0,0,0,False,False,8,8
007365.png,SMALL,ultralytics,False,0,0,0,False,False,5,8
007366.png,SMALL,ultralytics,False,0,0,1,True,False,6,11
007367.png,SMALL,ultralytics,False,0,1,0,False,True,2,1
007368.png,SMALL,ultralytics,False,2,1,0,True,True,3,7
007369.png,SMALL,ultralytics,False,1,0,0,True,True,2,6
007370.png,SMALL,ultralytics,False,0,0,0,False,False,1,2
007371.png,SMALL,ultralytics,False,0,0,0,False,False,3,5
007372.png,SMALL,ultralytics,False,1,0,0,True,True,1,1
007373.png,SMALL,ultralytics,False,0,1,0,False,True,2,2
007374.png,SMALL,ultralytics,False,1,0,0,True,True,3,4
007375.png,SMALL,ultralytics,False,1,2,0,True,True,5,6
007376.png,SMALL,ultralytics,False,0,0,0,False,False,4,6
007377.png,SMALL,ultralytics,False,0,1,1,True,True,3,4
007378.png,SMALL,ultralytics,False,0,0,0,False,False,6,5
007379.png,SMALL,ultralytics,False,0,0,0,False,False,3,6
007380.png,SMALL,ultralytics,False,0,0,0,False,False,2,3
007381.png,SMALL,ultralytics,False,0,0,0,False,False,1,3
007382.png,SMALL,ultralytics,False,0,0,0,False,False,2,7
007383.png,SMALL,ultralytics,False,0,0,0,False,False,9,9
007384.png,SMALL,ultralytics,False,0,0,0,False,False,5,6
007385.png,SMALL,ultralytics,False,1,0,0,True,True,2,5
007386.png,SMALL,ultralytics,False,0,0,0,False,False,10,9
007387.png,SMALL,ultralytics,False,1,1,0,True,True,2,1
007388.png,SMALL,ultralytics,False,0,0,0,False,False,7,15
007389.png,SMALL,ultralytics,False,0,0,0,False,False,1,6
007390.png,SMALL,ultralytics,False,0,0,0,False,False,1,4
007391.png,SMALL,ultralytics,False,0,0,0,False,False,4,6
007392.png,SMALL,ultralytics,False,0,0,0,False,False,5,10
007393.png,SMALL,ultralytics,False,0,0,1,True,False,13,15
007394.png,SMALL,ultralytics,False,0,1,0,False,True,10,15
007395.png,SMALL,ultralytics,False,0,0,1,True,False,2,3
007396.png,SMALL,ultralytics,False,0,0,0,False,False,7,9
007397.png,SMALL,ultralytics,False,0,0,0,False,False,0,3
007398.png,SMALL,ultralytics,False,0,0,1,True,False,5,9
007399.png,SMALL,ultralytics,False,0,0,0,False,False,1,2
007400.png,SMALL,ultralytics,False,0,0,0,False,False,6,15
007401.png,SMALL,ultralytics,False,0,0,0,False,False,7,9
007402.png,SMALL,ultralytics,False,0,0,0,False,False,7,10
007403.png,SMALL,ultralytics,False,0,0,0,False,False,7,7
007404.png,SMALL,ultralytics,False,0,0,0,False,False,10,12
007405.png,SMALL,ultralytics,False,0,0,0,False,False,4,5
007406.png,SMALL,ultralytics,False,3,1,1,True,True,6,9
007407.png,SMALL,ultralytics,False,1,0,1,True,True,4,7
007408.png,SMALL,ultralytics,False,1,1,0,True,True,2,1
007409.png,SMALL,ultralytics,False,0,0,0,False,False,2,1
007410.png,SMALL,ultralytics,False,2,1,2,True,True,6,10
007411.png,SMALL,ultralytics,False,0,0,0,False,False,8,6
007412.png,SMALL,ultralytics,False,4,4,3,True,True,8,10
007413.png,SMALL,ultralytics,False,0,0,0,False,False,2,2
007414.png,SMALL,ultralytics,False,1,0,1,True,True,11,13
007415.png,SMALL,ultralytics,False,0,0,0,False,False,4,8
007416.png,SMALL,ultralytics,False,0,0,1,True,False,1,3
007417.png,SMALL,ultralytics,False,0,0,0,False,False,1,1
007418.png,SMALL,ultralytics,False,0,0,0,False,False,1,3
007419.png,SMALL,ultralytics,False,0,0,0,False,False,4,4
007420.png,SMALL,ultralytics,False,6,7,5,True,True,17,19
007421.png,SMALL,ultralytics,False,0,0,0,False,False,10,14
007422.png,SMALL,ultralytics,False,0,0,0,False,False,7,14
007423.png,SMALL,ultralytics,False,0,0,0,False,False,8,6
007424.png,SMALL,ultralytics,False,0,1,0,False,True,13,12
007425.png,SMALL,ultralytics,False,0,0,0,False,False,2,5
007426.png,SMALL,ultralytics,False,0,0,0,False,False,3,6
007427.png,SMALL,ultralytics,False,1,0,0,True,True,1,1
007428.png,SMALL,ultralytics,False,0,0,0,False,False,2,5
007429.png,SMALL,ultralytics,False,0,0,0,False,False,4,7
007430.png,SMALL,ultralytics,False,0,0,0,False,False,8,10
007431.png,SMALL,ultralytics,False,1,1,0,True,True,2,1
007432.png,SMALL,ultralytics,False,0,1,0,False,True,2,3
007433.png,SMALL,ultralytics,False,0,0,0,False,False,5,7
007434.png,SMALL,ultralytics,False,0,2,1,True,True,5,4
007435.png,SMALL,ultralytics,False,0,0,0,False,False,12,9
007436.png,SMALL,ultralytics,False,1,0,0,True,True,1,1
007437.png,SMALL,ultralytics,False,0,0,0,False,False,5,6
007438.png,SMALL,ultralytics,False,0,0,0,False,False,1,2
007439.png,SMALL,ultralytics,False,0,0,0,False,False,1,4
007440.png,SMALL,ultralytics,False,0,0,0,False,False,10,11
007441.png,SMALL,ultralytics,False,0,0,0,False,False,1,2
007442.png,SMALL,ultralytics,False,0,0,0,False,False,6,8
007443.png,SMALL,ultralytics,False,0,0,0,False,False,1,4
007444.png,SMALL,ultralytics,False,0,0,0,False,False,4,5
007445.png,SMALL,ultralytics,False,0,0,0,False,False,4,9
007446.png,SMALL,ultralytics,False,0,1,1,True,True,2,3
007447.png,SMALL,ultralytics,False,0,0,1,True,False,4,5
007448.png,SMALL,ultralytics,False,1,0,0,True,True,1,1
007449.png,SMALL,ultralytics,False,0,0,0,False,False,4,3
007450.png,SMALL,ultralytics,False,0,0,0,False,False,0,2
007451.png,SMALL,ultralytics,False,0,0,3,True,False,5,10
007452.png,SMALL,ultralytics,False,1,0,1,True,True,8,8
007453.png,SMALL,ultralytics,False,0,0,0,False,False,2,7
007454.png,SMALL,ultralytics,False,0,0,0,False,False,5,6
007455.png,SMALL,ultralytics,False,0,0,0,False,False,1,1
007456.png,SMALL,ultralytics,False,0,0,0,False,False,3,6
007457.png,SMALL,ultralytics,False,0,0,0,False,False,3,8
007458.png,SMALL,ultralytics,False,0,0,1,True,False,17,21
007459.png,SMALL,ultralytics,False,0,0,0,False,False,5,6
007460.png,SMALL,ultralytics,False,0,0,0,False,False,3,2
007461.png,SMALL,ultralytics,False,0,0,0,False,False,1,1
007462.png,SMALL,ultralytics,False,0,0,0,False,False,9,10
007463.png,SMALL,ultralytics,False,1,0,0,True,True,7,8
007464.png,SMALL,ultralytics,False,1,2,3,True,True,5,6
007465.png,SMALL,ultralytics,False,0,0,1,True,False,6,8
007466.png,SMALL,ultralytics,False,0,0,0,False,False,2,6
007467.png,SMALL,ultralytics,False,0,0,0,False,False,4,5
007468.png,SMALL,ultralytics,False,0,0,0,False,False,6,6
007469.png,SMALL,ultralytics,False,1,6,3,True,True,8,7
007470.png,SMALL,ultralytics,False,0,0,0,False,False,9,10
007471.png,SMALL,ultralytics,False,0,0,0,False,False,0,1
007472.png,SMALL,ultralytics,False,0,1,0,False,True,1,2
007473.png,SMALL,ultralytics,False,0,0,1,True,False,5,5
007474.png,SMALL,ultralytics,False,0,0,0,False,False,5,7
007475.png,SMALL,ultralytics,False,0,0,0,False,False,7,8
007476.png,SMALL,ultralytics,False,0,0,1,True,False,5,5
007477.png,SMALL,ultralytics,False,1,0,0,True,True,1,1
007478.png,SMALL,ultralytics,False,0,0,0,False,False,1,5
007479.png,SMALL,ultralytics,False,0,0,0,False,False,4,8
007480.png,SMALL,ultralytics,False,0,0,1,True,False,14,16
005981.png,MEDIUM,ultralytics,False,0,0,0,False,False,8,9
005982.png,MEDIUM,ultralytics,False,0,1,2,True,True,10,11
005983.png,MEDIUM,ultralytics,False,0,0,0,False,False,19,16
005984.png,MEDIUM,ultralytics,False,1,1,0,True,True,11,12
005985.png,MEDIUM,ultralytics,False,2,3,2,True,True,10,12
005986.png,MEDIUM,ultralytics,False,0,0,0,False,False,7,7
005987.png,MEDIUM,ultralytics,False,0,1,0,False,True,19,6
005988.png,MEDIUM,ultralytics,False,11,8,5,True,True,20,19
005989.png,MEDIUM,ultralytics,False,0,0,0,False,False,0,4
005990.png,MEDIUM,ultralytics,False,0,0,0,False,False,2,2
005991.png,MEDIUM,ultralytics,False,0,0,1,True,False,3,8
005992.png,MEDIUM,ultralytics,False,0,0,0,False,False,4,5
005993.png,MEDIUM,ultralytics,False,0,0,0,False,False,2,1
005994.png,MEDIUM,ultralytics,False,3,2,0,True,True,8,5
005995.png,MEDIUM,ultralytics,False,0,0,0,False,False,1,2
005996.png,MEDIUM,ultralytics,False,0,1,0,False,True,12,12
005997.png,MEDIUM,ultralytics,False,0,0,2,True,False,3,7
005998.png,MEDIUM,ultralytics,False,0,0,0,False,False,5,5
005999.png,MEDIUM,ultralytics,False,0,0,0,False,False,11,8
006000.png,MEDIUM,ultralytics,False,0,0,0,False,False,4,5
006001.png,MEDIUM,ultralytics,False,0,9,0,False,True,11,4
006002.png,MEDIUM,ultralytics,False,0,0,0,False,False,6,6
006003.png,MEDIUM,ultralytics,False,0,0,0,False,False,15,14
006004.png,MEDIUM,ultralytics,False,0,0,0,False,False,4,6
006005.png,MEDIUM,ultralytics,False,0,0,0,False,False,15,11
006006.png,MEDIUM,ultralytics,False,1,12,9,True,True,13,13
006007.png,MEDIUM,ultralytics,False,0,0,0,False,False,12,15
006008.png,MEDIUM,ultralytics,False,0,1,0,False,True,12,8
006009.png,MEDIUM,ultralytics,False,0,0,0,False,False,6,5
006010.png,MEDIUM,ultralytics,False,0,2,1,True,True,3,4
006011.png,MEDIUM,ultralytics,False,0,0,3,True,False,9,12
006012.png,MEDIUM,ultralytics,False,0,1,0,False,True,4,5
006013.png,MEDIUM,ultralytics,False,0,0,0,False,False,3,5
006014.png,MEDIUM,ultralytics,False,0,0,0,False,False,5,5
006015.png,MEDIUM,ultralytics,False,0,0,0,False,False,5,5
006016.png,MEDIUM,ultralytics,False,1,1,0,True,True,16,11
006017.png,MEDIUM,ultralytics,False,0,0,0,False,False,7,2
006018.png,MEDIUM,ultralytics,False,0,1,0,False,True,9,8
006019.png,MEDIUM,ultralytics,False,1,0,0,True,True,3,3
006020.png,MEDIUM,ultralytics,False,0,0,0,False,False,2,5
006021.png,MEDIUM,ultralytics,False,1,1,0,True,True,4,4
006022.png,MEDIUM,ultralytics,False,0,0,0,False,False,7,3
006023.png,MEDIUM,ultralytics,False,0,2,1,True,True,6,4
006024.png,MEDIUM,ultralytics,False,2,0,1,True,True,8,6
006025.png,MEDIUM,ultralytics,False,0,0,0,False,False,6,8
006026.png,MEDIUM,ultralytics,False,2,1,0,True,True,12,10
006027.png,MEDIUM,ultralytics,False,1,0,1,True,True,10,9
006028.png,MEDIUM,ultralytics,False,0,0,0,False,False,1,2
006029.png,MEDIUM,ultralytics,False,1,7,0,True,True,8,1
006030.png,MEDIUM,ultralytics,False,0,0,0,False,False,4,5
006031.png,MEDIUM,ultralytics,False,0,0,0,False,False,7,7
006032.png,MEDIUM,ultralytics,False,0,0,0,False,False,7,3
006033.png,MEDIUM,ultralytics,False,0,0,0,False,False,14,11
006034.png,MEDIUM,ultralytics,False,0,0,1,True,False,19,18
006035.png,MEDIUM,ultralytics,False,1,7,0,True,True,9,1
006036.png,MEDIUM,ultralytics,False,0,0,0,False,False,7,6
006037.png,MEDIUM,ultralytics,False,0,0,0,False,False,6,6
006038.png,MEDIUM,ultralytics,False,0,0,0,False,False,6,6
006039.png,MEDIUM,ultralytics,False,1,1,0,True,True,10,9
006040.png,MEDIUM,ultralytics,False,0,0,0,False,False,6,6
006041.png,MEDIUM,ultralytics,False,0,0,0,False,False,8,7
006042.png,MEDIUM,ultralytics,False,0,0,0,False,False,5,5
006043.png,MEDIUM,ultralytics,False,0,0,0,False,False,3,3
006044.png,MEDIUM,ultralytics,False,0,0,0,False,False,3,5
006045.png,MEDIUM,ultralytics,False,0,0,0,False,False,6,8
006046.png,MEDIUM,ultralytics,False,0,0,0,False,False,6,12
006047.png,MEDIUM,ultralytics,False,0,0,0,False,False,14,11
006048.png,MEDIUM,ultralytics,False,0,0,0,False,False,9,8
006049.png,MEDIUM,ultralytics,False,0,0,0,False,False,9,6
006050.png,MEDIUM,ultralytics,False,0,0,0,False,False,12,9
006051.png,MEDIUM,ultralytics,False,1,1,1,True,True,8,7
006052.png,MEDIUM,ultralytics,False,0,1,1,True,True,16,11
006053.png,MEDIUM,ultralytics,False,1,10,0,True,True,12,1
006054.png,MEDIUM,ultralytics,False,0,0,0,False,False,13,9
006055.png,MEDIUM,ultralytics,False,0,1,0,False,True,16,13
006056.png,MEDIUM,ultralytics,False,0,0,0,False,False,7,4
006057.png,MEDIUM,ultralytics,False,0,0,0,False,False,3,2
006058.png,MEDIUM,ultralytics,False,0,0,0,False,False,4,5
006059.png,MEDIUM,ultralytics,False,0,0,0,False,False,7,6
006060.png,MEDIUM,ultralytics,False,0,0,0,False,False,14,12
006061.png,MEDIUM,ultralytics,False,0,0,0,False,False,2,2
006062.png,MEDIUM,ultralytics,False,1,0,0,True,True,4,4
006063.png,MEDIUM,ultralytics,False,0,0,0,False,False,10,10
006064.png,MEDIUM,ultralytics,False,0,2,0,False,True,13,16
006065.png,MEDIUM,ultralytics,False,1,1,1,True,True,6,7
006066.png,MEDIUM,ultralytics,False,0,0,0,False,False,15,10
006067.png,MEDIUM,ultralytics,False,1,0,0,True,True,8,7
006068.png,MEDIUM,ultralytics,False,1,0,0,True,True,8,6
006069.png,MEDIUM,ultralytics,False,0,0,0,False,False,6,7
006070.png,MEDIUM,ultralytics,False,5,10,2,True,True,18,11
006071.png,MEDIUM,ultralytics,False,1,5,3,True,True,10,6
006072.png,MEDIUM,ultralytics,False,0,0,0,False,False,5,6
006073.png,MEDIUM,ultralytics,False,0,0,0,False,False,8,9
006074.png,MEDIUM,ultralytics,False,0,0,0,False,False,4,6
006075.png,MEDIUM,ultralytics,False,2,0,1,True,True,5,5
006076.png,MEDIUM,ultralytics,False,1,12,0,True,True,15,2
006077.png,MEDIUM,ultralytics,False,0,0,0,False,False,16,12
006078.png,MEDIUM,ultralytics,False,0,0,0,False,False,13,14
006079.png,MEDIUM,ultralytics,False,0,0,0,False,False,6,6
006080.png,MEDIUM,ultralytics,False,0,0,0,False,False,5,5
006081.png,MEDIUM,ultralytics,False,0,0,0,False,False,9,7
006082.png,MEDIUM,ultralytics,False,1,0,3,True,True,9,11
006083.png,MEDIUM,ultralytics,False,2,5,2,True,True,13,6
006084.png,MEDIUM,ultralytics,False,0,0,0,False,False,12,15
006085.png,MEDIUM,ultralytics,False,0,0,0,False,False,2,2
006086.png,MEDIUM,ultralytics,False,0,0,0,False,False,6,2
006087.png,MEDIUM,ultralytics,False,3,1,0,True,True,7,6
006088.png,MEDIUM,ultralytics,False,6,12,1,True,True,27,10
006089.png,MEDIUM,ultralytics,False,1,7,0,True,True,9,1
006090.png,MEDIUM,ultralytics,False,0,0,0,False,False,11,9
006091.png,MEDIUM,ultralytics,False,0,0,0,False,False,1,3
006092.png,MEDIUM,ultralytics,False,0,0,1,True,False,4,8
006093.png,MEDIUM,ultralytics,False,1,0,0,True,True,5,5
006094.png,MEDIUM,ultralytics,False,1,0,1,True,True,3,3
006095.png,MEDIUM,ultralytics,False,0,1,1,True,True,6,5
006096.png,MEDIUM,ultralytics,False,0,0,0,False,False,5,4
006097.png,MEDIUM,ultralytics,False,0,0,0,False,False,11,10
006098.png,MEDIUM,ultralytics,False,0,0,0,False,False,6,6
006099.png,MEDIUM,ultralytics,False,0,0,0,False,False,3,3
006100.png,MEDIUM,ultralytics,False,0,2,1,True,True,4,5
006101.png,MEDIUM,ultralytics,False,0,0,0,False,False,1,2
006102.png,MEDIUM,ultralytics,False,1,1,0,True,True,11,6
006103.png,MEDIUM,ultralytics,False,0,0,0,False,False,8,7
006104.png,MEDIUM,ultralytics,False,0,0,0,False,False,1,1
006105.png,MEDIUM,ultralytics,False,0,0,0,False,False,2,2
006106.png,MEDIUM,ultralytics,False,0,0,0,False,False,16,10
006107.png,MEDIUM,ultralytics,False,0,1,0,False,True,3,2
006108.png,MEDIUM,ultralytics,False,0,0,0,False,False,11,8
006109.png,MEDIUM,ultralytics,False,0,0,1,True,False,4,9
006110.png,MEDIUM,ultralytics,False,0,0,0,False,False,16,10
006111.png,MEDIUM,ultralytics,False,0,0,0,False,False,5,6
006112.png,MEDIUM,ultralytics,False,0,0,0,False,False,1,7
006113.png,MEDIUM,ultralytics,False,0,0,0,False,False,9,9
006114.png,MEDIUM,ultralytics,False,0,0,0,False,False,9,7
006115.png,MEDIUM,ultralytics,False,0,1,0,False,True,4,4
006116.png,MEDIUM,ultralytics,False,0,0,0,False,False,6,9
006117.png,MEDIUM,ultralytics,False,0,0,0,False,False,11,9
006118.png,MEDIUM,ultralytics,False,0,1,2,True,True,3,8
006119.png,MEDIUM,ultralytics,False,0,0,0,False,False,2,5
006120.png,MEDIUM,ultralytics,False,0,0,0,False,False,1,2
006121.png,MEDIUM,ultralytics,False,11,6,4,True,True,18,19
006122.png,MEDIUM,ultralytics,False,5,7,1,True,True,17,9
006123.png,MEDIUM,ultralytics,False,1,0,0,True,True,7,7
006124.png,MEDIUM,ultralytics,False,0,0,0,False,False,7,3
006125.png,MEDIUM,ultralytics,False,0,0,0,False,False,5,5
006126.png,MEDIUM,ultralytics,False,0,0,0,False,False,5,6
006127.png,MEDIUM,ultralytics,False,0,0,0,False,False,12,15
006128.png,MEDIUM,ultralytics,False,0,0,0,False,False,4,3
006129.png,MEDIUM,ultralytics,False,0,0,0,False,False,9,9
006130.png,MEDIUM,ultralytics,False,6,9,2,True,True,20,11
006131.png,MEDIUM,ultralytics,False,0,0,0,False,False,2,4
006132.png,MEDIUM,ultralytics,False,0,0,0,False,False,2,5
006133.png,MEDIUM,ultralytics,False,0,7,0,False,True,9,5
006134.png,MEDIUM,ultralytics,False,0,0,0,False,False,5,6
006135.png,MEDIUM,ultralytics,False,0,0,0,False,False,6,7
006136.png,MEDIUM,ultralytics,False,0,0,0,False,False,6,8
006137.png,MEDIUM,ultralytics,False,0,0,0,False,False,7,9
006138.png,MEDIUM,ultralytics,False,0,0,0,False,False,7,6
006139.png,MEDIUM,ultralytics,False,13,9,5,True,True,24,21
006140.png,MEDIUM,ultralytics,False,0,0,0,False,False,2,3
006141.png,MEDIUM,ultralytics,False,0,0,0,False,False,11,9
006142.png,MEDIUM,ultralytics,False,0,0,0,False,False,6,2
006143.png,MEDIUM,ultralytics,False,0,0,0,False,False,19,15
006144.png,MEDIUM,ultralytics,False,0,1,0,False,True,7,5
006145.png,MEDIUM,ultralytics,False,0,0,0,False,False,10,14
006146.png,MEDIUM,ultralytics,False,0,0,0,False,False,6,6
006147.png,MEDIUM,ultralytics,False,0,0,0,False,False,8,8
006148.png,MEDIUM,ultralytics,False,0,0,3,True,False,3,8
006149.png,MEDIUM,ultralytics,False,0,0,0,False,False,9,9
006150.png,MEDIUM,ultralytics,False,0,3,0,False,True,10,10
006151.png,MEDIUM,ultralytics,False,1,12,0,True,True,14,1
006152.png,MEDIUM,ultralytics,False,1,12,0,True,True,14,1
006153.png,MEDIUM,ultralytics,False,0,0,0,False,False,5,9
006154.png,MEDIUM,ultralytics,False,0,0,0,False,False,7,6
006155.png,MEDIUM,ultralytics,False,0,0,0,False,False,7,8
006156.png,MEDIUM,ultralytics,False,0,0,0,False,False,18,14
006157.png,MEDIUM,ultralytics,False,0,0,0,False,False,21,17
006158.png,MEDIUM,ultralytics,False,1,13,0,True,True,15,1
006159.png,MEDIUM,ultralytics,False,0,1,1,True,True,8,6
006160.png,MEDIUM,ultralytics,False,1,0,0,True,True,6,8
006161.png,MEDIUM,ultralytics,False,0,0,0,False,False,11,10
006162.png,MEDIUM,ultralytics,False,0,0,0,False,False,5,7
006163.png,MEDIUM,ultralytics,False,0,0,1,True,False,17,20
006164.png,MEDIUM,ultralytics,False,1,17,0,True,True,19,1
006165.png,MEDIUM,ultralytics,False,0,0,0,False,False,7,6
006166.png,MEDIUM,ultralytics,False,1,1,0,True,True,8,7
006167.png,MEDIUM,ultralytics,False,0,0,0,False,False,8,6
006168.png,MEDIUM,ultralytics,False,0,0,0,False,False,2,4
006169.png,MEDIUM,ultralytics,False,1,0,0,True,True,7,9
006170.png,MEDIUM,ultralytics,False,0,0,0,False,False,3,3
006171.png,MEDIUM,ultralytics,False,0,0,0,False,False,2,2
006172.png,MEDIUM,ultralytics,False,0,7,0,False,True,17,11
006173.png,MEDIUM,ultralytics,False,0,0,0,False,False,5,8
006174.png,MEDIUM,ultralytics,False,2,0,0,True,True,4,6
006175.png,MEDIUM,ultralytics,False,0,3,0,False,True,9,8
006176.png,MEDIUM,ultralytics,False,5,10,2,True,True,17,11
006177.png,MEDIUM,ultralytics,False,1,0,0,True,True,5,6
006178.png,MEDIUM,ultralytics,False,0,0,0,False,False,2,2
006179.png,MEDIUM,ultralytics,False,0,2,2,True,True,14,12
006180.png,MEDIUM,ultralytics,False,0,0,0,False,False,21,16
006181.png,MEDIUM,ultralytics,False,0,0,0,False,False,2,4
006182.png,MEDIUM,ultralytics,False,0,0,0,False,False,5,4
006183.png,MEDIUM,ultralytics,False,0,0,0,False,False,2,2
006184.png,MEDIUM,ultralytics,False,0,0,2,True,False,1,3
006185.png,MEDIUM,ultralytics,False,1,0,0,True,True,3,3
006186.png,MEDIUM,ultralytics,False,0,0,0,False,False,8,8
006187.png,MEDIUM,ultralytics,False,0,0,0,False,False,16,12
006188.png,MEDIUM,ultralytics,False,0,1,0,False,True,2,5
006189.png,MEDIUM,ultralytics,False,1,0,2,True,True,21,17
006190.png,MEDIUM,ultralytics,False,3,2,1,True,True,7,10
006191.png,MEDIUM,ultralytics,False,0,0,0,False,False,14,12
006192.png,MEDIUM,ultralytics,False,0,0,0,False,False,12,12
006193.png,MEDIUM,ultralytics,False,0,0,0,False,False,2,2
006194.png,MEDIUM,ultralytics,False,1,7,0,True,True,9,1
006195.png,MEDIUM,ultralytics,False,0,0,0,False,False,7,7
006196.png,MEDIUM,ultralytics,False,0,0,1,True,False,5,6
006197.png,MEDIUM,ultralytics,False,0,0,0,False,False,4,6
006198.png,MEDIUM,ultralytics,False,0,0,3,True,False,9,11
006199.png,MEDIUM,ultralytics,False,0,0,0,False,False,19,12
006200.png,MEDIUM,ultralytics,False,0,0,0,False,False,3,6
006201.png,MEDIUM,ultralytics,False,1,7,0,True,True,8,1
006202.png,MEDIUM,ultralytics,False,0,0,0,False,False,13,13
006203.png,MEDIUM,ultralytics,False,0,0,0,False,False,3,4
006204.png,MEDIUM,ultralytics,False,0,0,0,False,False,8,2
006205.png,MEDIUM,ultralytics,False,0,0,0,False,False,6,7
006206.png,MEDIUM,ultralytics,False,0,0,0,False,False,1,2
006207.png,MEDIUM,ultralytics,False,0,0,0,False,False,1,1
006208.png,MEDIUM,ultralytics,False,0,0,0,False,False,9,12
006209.png,MEDIUM,ultralytics,False,0,0,0,False,False,3,2
006210.png,MEDIUM,ultralytics,False,2,2,1,True,True,7,8
006211.png,MEDIUM,ultralytics,False,0,0,1,True,False,15,15
006212.png,MEDIUM,ultralytics,False,0,0,0,False,False,1,2
006213.png,MEDIUM,ultralytics,False,0,0,2,True,False,9,17
006214.png,MEDIUM,ultralytics,False,0,0,1,True,False,2,3
006215.png,MEDIUM,ultralytics,False,1,10,0,True,True,12,1
006216.png,MEDIUM,ultralytics,False,0,0,0,False,False,2,3
006217.png,MEDIUM,ultralytics,False,0,0,0,False,False,1,2
006218.png,MEDIUM,ultralytics,False,0,0,0,False,False,3,3
006219.png,MEDIUM,ultralytics,False,0,1,0,False,True,3,6
006220.png,MEDIUM,ultralytics,False,0,0,0,False,False,9,5
006221.png,MEDIUM,ultralytics,False,4,0,0,True,True,7,7
006222.png,MEDIUM,ultralytics,False,1,7,0,True,True,8,1
006223.png,MEDIUM,ultralytics,False,0,0,0,False,False,1,1
006224.png,MEDIUM,ultralytics,False,0,1,1,True,True,12,15
006225.png,MEDIUM,ultralytics,False,0,0,0,False,False,6,7
006226.png,MEDIUM,ultralytics,False,1,1,0,True,True,6,4
006227.png,MEDIUM,ultralytics,False,0,0,0,False,False,8,2
006228.png,MEDIUM,ultralytics,False,1,8,0,True,True,9,1
006229.png,MEDIUM,ultralytics,False,3,1,1,True,True,8,10
006230.png,MEDIUM,ultralytics,False,0,0,0,False,False,1,3
006231.png,MEDIUM,ultralytics,False,0,0,1,True,False,6,6
006232.png,MEDIUM,ultralytics,False,1,0,0,True,True,8,7
006233.png,MEDIUM,ultralytics,False,0,0,0,False,False,6,6
006234.png,MEDIUM,ultralytics,False,0,0,1,True,False,1,3
006235.png,MEDIUM,ultralytics,False,0,0,0,False,False,5,3
006236.png,MEDIUM,ultralytics,False,0,0,1,True,False,18,15
006237.png,MEDIUM,ultralytics,False,0,0,0,False,False,8,8
006238.png,MEDIUM,ultralytics,False,0,0,0,False,False,7,10
006239.png,MEDIUM,ultralytics,False,0,0,0,False,False,1,1
006240.png,MEDIUM,ultralytics,False,1,6,0,True,True,8,1
006241.png,MEDIUM,ultralytics,False,0,0,0,False,False,6,5
006242.png,MEDIUM,ultralytics,False,0,2,1,True,True,6,6
006243.png,MEDIUM,ultralytics,False,0,0,0,False,False,3,3
006244.png,MEDIUM,ultralytics,False,0,0,0,False,False,1,1
006245.png,MEDIUM,ultralytics,False,0,0,0,False,False,8,8
006246.png,MEDIUM,ultralytics,False,0,0,0,False,False,5,5
006247.png,MEDIUM,ultralytics,False,0,2,1,True,True,5,5
006248.png,MEDIUM,ultralytics,False,0,0,0,False,False,6,7
006249.png,MEDIUM,ultralytics,False,0,0,0,False,False,7,9
006250.png,MEDIUM,ultralytics,False,0,0,0,False,False,2,5
006251.png,MEDIUM,ultralytics,False,0,0,0,False,False,18,14
006252.png,MEDIUM,ultralytics,False,0,0,0,False,False,1,2
006253.png,MEDIUM,ultralytics,False,0,0,0,False,False,7,6
006254.png,MEDIUM,ultralytics,False,0,0,0,False,False,9,7
006255.png,MEDIUM,ultralytics,False,0,1,0,False,True,19,7
006256.png,MEDIUM,ultralytics,False,1,0,3,True,True,8,12
006257.png,MEDIUM,ultralytics,False,1,0,0,True,True,5,6
006258.png,MEDIUM,ultralytics,False,1,4,0,True,True,6,1
006259.png,MEDIUM,ultralytics,False,0,0,0,False,False,2,5
006260.png,MEDIUM,ultralytics,False,0,0,0,False,False,12,14
006261.png,MEDIUM,ultralytics,False,1,0,0,True,True,7,7
006262.png,MEDIUM,ultralytics,False,1,2,1,True,True,18,9
006263.png,MEDIUM,ultralytics,False,0,0,0,False,False,10,11
006264.png,MEDIUM,ultralytics,False,0,0,0,False,False,2,5
006265.png,MEDIUM,ultralytics,False,0,2,1,True,True,8,5
006266.png,MEDIUM,ultralytics,False,0,0,0,False,False,5,6
006267.png,MEDIUM,ultralytics,False,0,0,0,False,False,4,7
006268.png,MEDIUM,ultralytics,False,7,2,0,True,True,9,10
006269.png,MEDIUM,ultralytics,False,0,0,0,False,False,5,6
006270.png,MEDIUM,ultralytics,False,0,0,0,False,False,2,2
006271.png,MEDIUM,ultralytics,False,0,0,0,False,False,7,9
006272.png,MEDIUM,ultralytics,False,0,0,0,False,False,10,13
006273.png,MEDIUM,ultralytics,False,1,0,0,True,True,6,8
006274.png,MEDIUM,ultralytics,False,0,0,1,True,False,3,3
006275.png,MEDIUM,ultralytics,False,0,0,0,False,False,7,6
006276.png,MEDIUM,ultralytics,False,1,6,6,True,True,14,13
006277.png,MEDIUM,ultralytics,False,1,4,0,True,True,11,8
006278.png,MEDIUM,ultralytics,False,0,0,0,False,False,8,7
006279.png,MEDIUM,ultralytics,False,0,0,0,False,False,5,2
006280.png,MEDIUM,ultralytics,False,0,2,1,True,True,5,5
006281.png,MEDIUM,ultralytics,False,0,0,0,False,False,13,15
006282.png,MEDIUM,ultralytics,False,0,0,0,False,False,2,5
006283.png,MEDIUM,ultralytics,False,0,0,0,False,False,3,3
006284.png,MEDIUM,ultralytics,False,5,10,3,True,True,16,10
006285.png,MEDIUM,ultralytics,False,0,1,0,False,True,11,11
006286.png,MEDIUM,ultralytics,False,0,0,0,False,False,7,8
006287.png,MEDIUM,ultralytics,False,0,0,0,False,False,5,4
006288.png,MEDIUM,ultralytics,False,0,0,0,False,False,3,5
006289.png,MEDIUM,ultralytics,False,0,0,0,False,False,2,2
006290.png,MEDIUM,ultralytics,False,0,0,0,False,False,6,6
006291.png,MEDIUM,ultralytics,False,0,1,0,False,True,17,16
006292.png,MEDIUM,ultralytics,False,1,8,0,True,True,11,1
006293.png,MEDIUM,ultralytics,False,0,0,2,True,False,7,9
006294.png,MEDIUM,ultralytics,False,1,8,0,True,True,10,1
006295.png,MEDIUM,ultralytics,False,0,0,0,False,False,12,14
006296.png,MEDIUM,ultralytics,False,0,2,0,False,True,11,7
006297.png,MEDIUM,ultralytics,False,0,0,0,False,False,5,6
006298.png,MEDIUM,ultralytics,False,0,0,1,True,False,6,9
006299.png,MEDIUM,ultralytics,False,1,5,0,True,True,7,1
006300.png,MEDIUM,ultralytics,False,0,0,0,False,False,14,16
006301.png,MEDIUM,ultralytics,False,1,1,0,True,True,9,9
006302.png,MEDIUM,ultralytics,False,0,0,0,False,False,3,4
006303.png,MEDIUM,ultralytics,False,1,1,1,True,True,19,12
006304.png,MEDIUM,ultralytics,False,0,0,0,False,False,4,4
006305.png,MEDIUM,ultralytics,False,0,0,0,False,False,5,6
006306.png,MEDIUM,ultralytics,False,0,0,0,False,False,14,12
006307.png,MEDIUM,ultralytics,False,0,0,0,False,False,16,9
006308.png,MEDIUM,ultralytics,False,1,10,0,True,True,12,1
006309.png,MEDIUM,ultralytics,False,0,0,0,False,False,1,2
006310.png,MEDIUM,ultralytics,False,0,0,0,False,False,8,8
006311.png,MEDIUM,ultralytics,False,0,0,0,False,False,1,1
006312.png,MEDIUM,ultralytics,False,0,0,0,False,False,10,9
006313.png,MEDIUM,ultralytics,False,1,0,0,True,True,3,6
006314.png,MEDIUM,ultralytics,False,0,0,0,False,False,16,13
006315.png,MEDIUM,ultralytics,False,0,0,0,False,False,10,5
006316.png,MEDIUM,ultralytics,False,0,0,0,False,False,2,1
006317.png,MEDIUM,ultralytics,False,0,0,0,False,False,4,4
006318.png,MEDIUM,ultralytics,False,0,1,0,False,True,9,7
006319.png,MEDIUM,ultralytics,False,0,0,0,False,False,5,4
006320.png,MEDIUM,ultralytics,False,0,1,0,False,True,12,9
006321.png,MEDIUM,ultralytics,False,0,0,0,False,False,1,2
006322.png,MEDIUM,ultralytics,False,0,0,0,False,False,13,10
006323.png,MEDIUM,ultralytics,False,0,0,0,False,False,1,6
006324.png,MEDIUM,ultralytics,False,0,0,0,False,False,9,8
006325.png,MEDIUM,ultralytics,False,0,0,0,False,False,3,5
006326.png,MEDIUM,ultralytics,False,0,0,0,False,False,4,6
006327.png,MEDIUM,ultralytics,False,0,0,0,False,False,1,2
006328.png,MEDIUM,ultralytics,False,0,0,1,True,False,9,11
006329.png,MEDIUM,ultralytics,False,0,0,0,False,False,8,5
006330.png,MEDIUM,ultralytics,False,0,1,0,False,True,8,8
006331.png,MEDIUM,ultralytics,False,0,0,0,False,False,2,4
006332.png,MEDIUM,ultralytics,False,0,0,0,False,False,3,4
006333.png,MEDIUM,ultralytics,False,1,1,1,True,True,7,8
006334.png,MEDIUM,ultralytics,False,0,1,2,True,True,8,10
006335.png,MEDIUM,ultralytics,False,0,0,0,False,False,5,6
006336.png,MEDIUM,ultralytics,False,0,3,0,False,True,17,13
006337.png,MEDIUM,ultralytics,False,1,7,0,True,True,9,1
006338.png,MEDIUM,ultralytics,False,0,0,0,False,False,14,10
006339.png,MEDIUM,ultralytics,False,1,0,0,True,True,6,3
006340.png,MEDIUM,ultralytics,False,0,0,0,False,False,5,5
006341.png,MEDIUM,ultralytics,False,4,10,1,True,True,15,9
006342.png,MEDIUM,ultralytics,False,0,0,0,False,False,18,13
006343.png,MEDIUM,ultralytics,False,0,0,0,False,False,2,4
006344.png,MEDIUM,ultralytics,False,0,1,0,False,True,9,11
006345.png,MEDIUM,ultralytics,False,0,0,0,False,False,10,13
006346.png,MEDIUM,ultralytics,False,0,0,0,False,False,3,7
006347.png,MEDIUM,ultralytics,False,0,0,0,False,False,2,2
006348.png,MEDIUM,ultralytics,False,0,0,0,False,False,4,3
006349.png,MEDIUM,ultralytics,False,0,0,0,False,False,2,2
006350.png,MEDIUM,ultralytics,False,0,0,0,False,False,5,4
006351.png,MEDIUM,ultralytics,False,0,0,0,False,False,2,2
006352.png,MEDIUM,ultralytics,False,0,2,1,True,True,4,5
006353.png,MEDIUM,ultralytics,False,0,0,0,False,False,2,2
006354.png,MEDIUM,ultralytics,False,1,4,0,True,True,6,1
006355.png,MEDIUM,ultralytics,False,0,0,0,False,False,3,5
006356.png,MEDIUM,ultralytics,False,0,0,0,False,False,13,10
006357.png,MEDIUM,ultralytics,False,0,0,0,False,False,2,2
006358.png,MEDIUM,ultralytics,False,0,0,1,True,False,4,7
006359.png,MEDIUM,ultralytics,False,0,0,0,False,False,1,2
006360.png,MEDIUM,ultralytics,False,0,0,0,False,False,6,5
006361.png,MEDIUM,ultralytics,False,0,0,1,True,False,10,11
006362.png,MEDIUM,ultralytics,False,3,1,0,True,True,8,9
006363.png,MEDIUM,ultralytics,False,0,0,0,False,False,9,7
006364.png,MEDIUM,ultralytics,False,0,1,1,True,True,2,8
006365.png,MEDIUM,ultralytics,False,0,0,0,False,False,10,15
006366.png,MEDIUM,ultralytics,False,0,0,0,False,False,14,11
006367.png,MEDIUM,ultralytics,False,0,0,0,False,False,5,6
006368.png,MEDIUM,ultralytics,False,0,0,0,False,False,11,10
006369.png,MEDIUM,ultralytics,False,1,0,0,True,True,6,7
006370.png,MEDIUM,ultralytics,False,0,0,0,False,False,8,7
006371.png,MEDIUM,ultralytics,False,1,0,0,True,True,9,8
006372.png,MEDIUM,ultralytics,False,0,0,0,False,False,8,8
006373.png,MEDIUM,ultralytics,False,0,0,0,False,False,5,5
006374.png,MEDIUM,ultralytics,False,0,0,0,False,False,2,4
006375.png,MEDIUM,ultralytics,False,0,0,0,False,False,2,2
006376.png,MEDIUM,ultralytics,False,0,0,0,False,False,12,16
006377.png,MEDIUM,ultralytics,False,0,0,0,False,False,4,5
006378.png,MEDIUM,ultralytics,False,2,0,1,True,True,5,9
006379.png,MEDIUM,ultralytics,False,0,0,0,False,False,15,15
006380.png,MEDIUM,ultralytics,False,0,0,1,True,False,5,7
006381.png,MEDIUM,ultralytics,False,0,0,1,True,False,7,6
006382.png,MEDIUM,ultralytics,False,0,3,2,True,True,8,4
006383.png,MEDIUM,ultralytics,False,0,0,0,False,False,1,2
006384.png,MEDIUM,ultralytics,False,0,0,0,False,False,2,2
006385.png,MEDIUM,ultralytics,False,0,1,0,False,True,5,5
006386.png,MEDIUM,ultralytics,False,0,0,0,False,False,6,6
006387.png,MEDIUM,ultralytics,False,0,0,0,False,False,8,6
006388.png,MEDIUM,ultralytics,False,0,0,0,False,False,8,7
006389.png,MEDIUM,ultralytics,False,0,0,0,False,False,15,14
006390.png,MEDIUM,ultralytics,False,0,0,1,True,False,16,16
006391.png,MEDIUM,ultralytics,False,0,0,0,False,False,9,7
006392.png,MEDIUM,ultralytics,False,0,0,0,False,False,1,2
006393.png,MEDIUM,ultralytics,False,0,0,0,False,False,2,1
006394.png,MEDIUM,ultralytics,False,0,0,0,False,False,8,8
006395.png,MEDIUM,ultralytics,False,6,13,3,True,True,20,10
006396.png,MEDIUM,ultralytics,False,4,4,7,True,True,15,16
006397.png,MEDIUM,ultralytics,False,0,0,0,False,False,4,7
006398.png,MEDIUM,ultralytics,False,0,0,0,False,False,5,4
006399.png,MEDIUM,ultralytics,False,0,0,0,False,False,17,15
006400.png,MEDIUM,ultralytics,False,6,8,0,True,True,14,9
006401.png,MEDIUM,ultralytics,False,0,0,0,False,False,17,15
006402.png,MEDIUM,ultralytics,False,0,0,0,False,False,3,5
006403.png,MEDIUM,ultralytics,False,0,0,0,False,False,10,8
006404.png,MEDIUM,ultralytics,False,0,0,0,False,False,12,11
006405.png,MEDIUM,ultralytics,False,0,0,0,False,False,5,5
006406.png,MEDIUM,ultralytics,False,0,1,1,True,True,3,3
006407.png,MEDIUM,ultralytics,False,1,4,2,True,True,8,11
006408.png,MEDIUM,ultralytics,False,0,0,0,False,False,9,8
006409.png,MEDIUM,ultralytics,False,0,0,0,False,False,5,4
006410.png,MEDIUM,ultralytics,False,0,0,0,False,False,9,9
006411.png,MEDIUM,ultralytics,False,1,2,0,True,True,5,1
006412.png,MEDIUM,ultralytics,False,4,8,0,True,True,14,7
006413.png,MEDIUM,ultralytics,False,0,0,0,False,False,3,6
006414.png,MEDIUM,ultralytics,False,0,2,1,True,True,7,6
006415.png,MEDIUM,ultralytics,False,0,0,2,True,False,3,6
006416.png,MEDIUM,ultralytics,False,0,2,0,False,True,13,13
006417.png,MEDIUM,ultralytics,False,0,0,0,False,False,7,10
006418.png,MEDIUM,ultralytics,False,0,0,0,False,False,10,8
006419.png,MEDIUM,ultralytics,False,0,0,0,False,False,7,5
006420.png,MEDIUM,ultralytics,False,0,0,0,False,False,6,6
006421.png,MEDIUM,ultralytics,False,0,0,0,False,False,10,8
006422.png,MEDIUM,ultralytics,False,8,0,7,True,True,13,20
006423.png,MEDIUM,ultralytics,False,0,0,0,False,False,7,9
006424.png,MEDIUM,ultralytics,False,6,3,3,True,True,17,13
006425.png,MEDIUM,ultralytics,False,0,0,0,False,False,5,4
006426.png,MEDIUM,ultralytics,False,0,0,0,False,False,18,15
006427.png,MEDIUM,ultralytics,False,6,4,3,True,True,18,11
006428.png,MEDIUM,ultralytics,False,0,0,0,False,False,2,6
006429.png,MEDIUM,ultralytics,False,0,0,0,False,False,12,11
006430.png,MEDIUM,ultralytics,False,0,1,0,False,True,8,5
006431.png,MEDIUM,ultralytics,False,4,2,2,True,True,15,16
006432.png,MEDIUM,ultralytics,False,0,1,0,False,True,20,9
006433.png,MEDIUM,ultralytics,False,0,1,3,True,True,4,8
006434.png,MEDIUM,ultralytics,False,1,9,0,True,True,10,1
006435.png,MEDIUM,ultralytics,False,0,0,0,False,False,3,2
006436.png,MEDIUM,ultralytics,False,0,0,0,False,False,2,5
006437.png,MEDIUM,ultralytics,False,0,1,0,False,True,5,4
006438.png,MEDIUM,ultralytics,False,0,0,0,False,False,18,9
006439.png,MEDIUM,ultralytics,False,0,1,0,False,True,5,7
006440.png,MEDIUM,ultralytics,False,1,0,0,True,True,4,3
006441.png,MEDIUM,ultralytics,False,2,2,0,True,True,7,5
006442.png,MEDIUM,ultralytics,False,0,0,0,False,False,5,7
006443.png,MEDIUM,ultralytics,False,0,0,0,False,False,6,7
006444.png,MEDIUM,ultralytics,False,8,4,1,True,True,20,12
006445.png,MEDIUM,ultralytics,False,0,0,0,False,False,9,9
006446.png,MEDIUM,ultralytics,False,0,0,1,True,False,3,5
006447.png,MEDIUM,ultralytics,False,0,0,0,False,False,5,6
006448.png,MEDIUM,ultralytics,False,0,0,0,False,False,12,9
006449.png,MEDIUM,ultralytics,False,0,0,2,True,False,12,10
006450.png,MEDIUM,ultralytics,False,0,2,0,False,True,13,8
006451.png,MEDIUM,ultralytics,False,1,6,0,True,True,8,1
006452.png,MEDIUM,ultralytics,False,0,0,0,False,False,3,4
006453.png,MEDIUM,ultralytics,False,3,7,0,True,True,19,10
006454.png,MEDIUM,ultralytics,False,0,0,0,False,False,5,6
006455.png,MEDIUM,ultralytics,False,0,0,0,False,False,3,2
006456.png,MEDIUM,ultralytics,False,0,0,0,False,False,2,1
006457.png,MEDIUM,ultralytics,False,0,0,0,False,False,5,7
006458.png,MEDIUM,ultralytics,False,1,8,0,True,True,9,1
006459.png,MEDIUM,ultralytics,False,0,0,0,False,False,6,5
006460.png,MEDIUM,ultralytics,False,1,0,0,True,True,5,6
006461.png,MEDIUM,ultralytics,False,0,0,0,False,False,6,8
006462.png,MEDIUM,ultralytics,False,0,0,0,False,False,7,5
006463.png,MEDIUM,ultralytics,False,0,0,0,False,False,9,8
006464.png,MEDIUM,ultralytics,False,1,1,1,True,True,4,6
006465.png,MEDIUM,ultralytics,False,0,1,0,False,True,3,5
006466.png,MEDIUM,ultralytics,False,0,0,0,False,False,3,3
006467.png,MEDIUM,ultralytics,False,2,1,1,True,True,9,9
006468.png,MEDIUM,ultralytics,False,0,0,0,False,False,12,10
006469.png,MEDIUM,ultralytics,False,0,0,0,False,False,8,7
006470.png,MEDIUM,ultralytics,False,0,0,0,False,False,9,6
006471.png,MEDIUM,ultralytics,False,1,4,0,True,True,6,1
006472.png,MEDIUM,ultralytics,False,1,7,0,True,True,9,1
006473.png,MEDIUM,ultralytics,False,1,1,0,True,True,6,7
006474.png,MEDIUM,ultralytics,False,1,6,0,True,True,20,16
006475.png,MEDIUM,ultralytics,False,3,5,8,True,True,15,13
006476.png,MEDIUM,ultralytics,False,1,0,0,True,True,3,4
006477.png,MEDIUM,ultralytics,False,0,0,0,False,False,4,8
006478.png,MEDIUM,ultralytics,False,3,7,1,True,True,14,8
006479.png,MEDIUM,ultralytics,False,1,0,0,True,True,5,7
006480.png,MEDIUM,ultralytics,False,1,12,0,True,True,14,1
006481.png,MEDIUM,ultralytics,False,0,0,0,False,False,3,5
006482.png,MEDIUM,ultralytics,False,0,1,0,False,True,7,6
006483.png,MEDIUM,ultralytics,False,0,0,0,False,False,9,6
006484.png,MEDIUM,ultralytics,False,1,0,0,True,True,5,5
006485.png,MEDIUM,ultralytics,False,0,0,0,False,False,1,2
006486.png,MEDIUM,ultralytics,False,2,9,0,True,True,12,2
006487.png,MEDIUM,ultralytics,False,0,0,0,False,False,6,4
006488.png,MEDIUM,ultralytics,False,7,2,2,True,True,15,11
006489.png,MEDIUM,ultralytics,False,0,0,0,False,False,15,13
006490.png,MEDIUM,ultralytics,False,0,0,0,False,False,7,8
006491.png,MEDIUM,ultralytics,False,0,0,0,False,False,10,6
006492.png,MEDIUM,ultralytics,False,1,0,0,True,True,7,7
006493.png,MEDIUM,ultralytics,False,0,0,0,False,False,6,8
006494.png,MEDIUM,ultralytics,False,0,0,0,False,False,7,10
006495.png,MEDIUM,ultralytics,False,0,0,0,False,False,5,7
006496.png,MEDIUM,ultralytics,False,4,2,3,True,True,12,10
006497.png,MEDIUM,ultralytics,False,0,0,0,False,False,13,11
006498.png,MEDIUM,ultralytics,False,1,0,0,True,True,10,8
006499.png,MEDIUM,ultralytics,False,0,0,0,False,False,9,2
006500.png,MEDIUM,ultralytics,False,0,0,1,True,False,5,8
006501.png,MEDIUM,ultralytics,False,0,0,0,False,False,5,5
006502.png,MEDIUM,ultralytics,False,1,7,0,True,True,9,1
006503.png,MEDIUM,ultralytics,False,0,0,1,True,False,6,6
006504.png,MEDIUM,ultralytics,False,0,1,0,False,True,6,4
006505.png,MEDIUM,ultralytics,False,0,0,0,False,False,2,5
006506.png,MEDIUM,ultralytics,False,0,0,0,False,False,6,6
006507.png,MEDIUM,ultralytics,False,0,0,0,False,False,6,6
006508.png,MEDIUM,ultralytics,False,1,0,0,True,True,9,7
006509.png,MEDIUM,ultralytics,False,0,0,0,False,False,5,4
006510.png,MEDIUM,ultralytics,False,0,0,0,False,False,3,2
006511.png,MEDIUM,ultralytics,False,2,0,2,True,True,10,10
006512.png,MEDIUM,ultralytics,False,0,0,0,False,False,6,5
006513.png,MEDIUM,ultralytics,False,0,0,0,False,False,9,8
006514.png,MEDIUM,ultralytics,False,0,0,0,False,False,5,5
006515.png,MEDIUM,ultralytics,False,0,0,0,False,False,5,5
006516.png,MEDIUM,ultralytics,False,0,0,0,False,False,4,4
006517.png,MEDIUM,ultralytics,False,1,0,1,True,True,2,6
006518.png,MEDIUM,ultralytics,False,0,0,0,False,False,2,3
006519.png,MEDIUM,ultralytics,False,0,3,3,True,True,13,12
006520.png,MEDIUM,ultralytics,False,0,0,0,False,False,10,10
006521.png,MEDIUM,ultralytics,False,0,0,0,False,False,1,1
006522.png,MEDIUM,ultralytics,False,1,0,1,True,True,7,7
006523.png,MEDIUM,ultralytics,False,0,0,0,False,False,12,14
006524.png,MEDIUM,ultralytics,False,0,2,0,False,True,5,4
006525.png,MEDIUM,ultralytics,False,1,1,0,True,True,8,8
006526.png,MEDIUM,ultralytics,False,0,0,0,False,False,6,8
006527.png,MEDIUM,ultralytics,False,0,0,0,False,False,12,13
006528.png,MEDIUM,ultralytics,False,1,9,5,True,True,20,14
006529.png,MEDIUM,ultralytics,False,0,0,0,False,False,2,6
006530.png,MEDIUM,ultralytics,False,0,1,0,False,True,8,7
006531.png,MEDIUM,ultralytics,False,0,0,0,False,False,7,7
006532.png,MEDIUM,ultralytics,False,0,0,0,False,False,10,10
006533.png,MEDIUM,ultralytics,False,0,0,0,False,False,6,6
006534.png,MEDIUM,ultralytics,False,1,0,0,True,True,6,5
006535.png,MEDIUM,ultralytics,False,0,0,0,False,False,16,11
006536.png,MEDIUM,ultralytics,False,1,0,0,True,True,8,9
006537.png,MEDIUM,ultralytics,False,0,0,0,False,False,5,4
006538.png,MEDIUM,ultralytics,False,0,0,0,False,False,11,10
006539.png,MEDIUM,ultralytics,False,4,12,1,True,True,19,9
006540.png,MEDIUM,ultralytics,False,0,0,0,False,False,3,4
006541.png,MEDIUM,ultralytics,False,0,0,0,False,False,2,3
006542.png,MEDIUM,ultralytics,False,0,2,0,False,True,14,7
006543.png,MEDIUM,ultralytics,False,0,0,0,False,False,10,8
006544.png,MEDIUM,ultralytics,False,0,0,0,False,False,2,5
006545.png,MEDIUM,ultralytics,False,0,0,0,False,False,2,5
006546.png,MEDIUM,ultralytics,False,1,4,0,True,True,6,3
006547.png,MEDIUM,ultralytics,False,0,0,0,False,False,1,5
006548.png,MEDIUM,ultralytics,False,0,0,0,False,False,5,6
006549.png,MEDIUM,ultralytics,False,0,0,0,False,False,19,16
006550.png,MEDIUM,ultralytics,False,0,0,0,False,False,3,3
006551.png,MEDIUM,ultralytics,False,0,1,0,False,True,6,6
006552.png,MEDIUM,ultralytics,False,4,6,0,True,True,14,4
006553.png,MEDIUM,ultralytics,False,0,0,0,False,False,5,4
006554.png,MEDIUM,ultralytics,False,0,0,0,False,False,6,3
006555.png,MEDIUM,ultralytics,False,0,2,0,False,True,4,3
006556.png,MEDIUM,ultralytics,False,1,0,0,True,True,3,4
006557.png,MEDIUM,ultralytics,False,0,0,0,False,False,10,8
006558.png,MEDIUM,ultralytics,False,0,0,0,False,False,2,2
006559.png,MEDIUM,ultralytics,False,0,0,0,False,False,18,15
006560.png,MEDIUM,ultralytics,False,0,0,0,False,False,7,6
006561.png,MEDIUM,ultralytics,False,0,0,0,False,False,4,7
006562.png,MEDIUM,ultralytics,False,0,0,0,False,False,12,16
006563.png,MEDIUM,ultralytics,False,0,0,0,False,False,4,4
006564.png,MEDIUM,ultralytics,False,1,3,1,True,True,14,12
006565.png,MEDIUM,ultralytics,False,0,0,0,False,False,4,5
006566.png,MEDIUM,ultralytics,False,0,0,0,False,False,1,2
006567.png,MEDIUM,ultralytics,False,0,0,0,False,False,8,8
006568.png,MEDIUM,ultralytics,False,0,0,0,False,False,14,11
006569.png,MEDIUM,ultralytics,False,0,0,0,False,False,7,8
006570.png,MEDIUM,ultralytics,False,1,0,0,True,True,12,7
006571.png,MEDIUM,ultralytics,False,0,2,0,False,True,16,7
006572.png,MEDIUM,ultralytics,False,1,0,0,True,True,3,3
006573.png,MEDIUM,ultralytics,False,1,6,0,True,True,8,1
006574.png,MEDIUM,ultralytics,False,1,0,0,True,True,5,3
006575.png,MEDIUM,ultralytics,False,1,15,0,True,True,17,1
006576.png,MEDIUM,ultralytics,False,0,0,0,False,False,7,5
006577.png,MEDIUM,ultralytics,False,0,0,0,False,False,4,4
006578.png,MEDIUM,ultralytics,False,7,12,2,True,True,23,11
006579.png,MEDIUM,ultralytics,False,1,0,0,True,True,4,1
006580.png,MEDIUM,ultralytics,False,0,0,0,False,False,5,1
006581.png,MEDIUM,ultralytics,False,0,0,0,False,False,4,4
006582.png,MEDIUM,ultralytics,False,0,3,0,False,True,5,2
006583.png,MEDIUM,ultralytics,False,11,6,7,True,True,18,20
006584.png,MEDIUM,ultralytics,False,0,0,0,False,False,1,1
006585.png,MEDIUM,ultralytics,False,1,11,0,True,True,13,1
006586.png,MEDIUM,ultralytics,False,0,0,0,False,False,6,5
006587.png,MEDIUM,ultralytics,False,0,0,0,False,False,7,9
006588.png,MEDIUM,ultralytics,False,0,0,0,False,False,9,8
006589.png,MEDIUM,ultralytics,False,1,0,1,True,True,15,20
006590.png,MEDIUM,ultralytics,False,0,0,0,False,False,4,6
006591.png,MEDIUM,ultralytics,False,0,0,0,False,False,4,3
006592.png,MEDIUM,ultralytics,False,0,0,0,False,False,2,2
006593.png,MEDIUM,ultralytics,False,0,0,0,False,False,5,6
006594.png,MEDIUM,ultralytics,False,0,0,0,False,False,11,12
006595.png,MEDIUM,ultralytics,False,0,0,0,False,False,13,14
006596.png,MEDIUM,ultralytics,False,0,0,0,False,False,2,3
006597.png,MEDIUM,ultralytics,False,0,2,3,True,True,9,11
006598.png,MEDIUM,ultralytics,False,0,0,0,False,False,15,14
006599.png,MEDIUM,ultralytics,False,0,0,0,False,False,7,5
006600.png,MEDIUM,ultralytics,False,0,0,1,True,False,4,4
006601.png,MEDIUM,ultralytics,False,0,0,0,False,False,4,4
006602.png,MEDIUM,ultralytics,False,0,0,0,False,False,14,13
006603.png,MEDIUM,ultralytics,False,0,2,1,True,True,4,4
006604.png,MEDIUM,ultralytics,False,0,2,1,True,True,7,5
006605.png,MEDIUM,ultralytics,False,6,4,1,True,True,11,9
006606.png,MEDIUM,ultralytics,False,0,0,0,False,False,3,2
006607.png,MEDIUM,ultralytics,False,0,0,0,False,False,2,2
006608.png,MEDIUM,ultralytics,False,4,13,4,True,True,26,18
006609.png,MEDIUM,ultralytics,False,0,1,0,False,True,5,1
006610.png,MEDIUM,ultralytics,False,0,0,0,False,False,5,4
006611.png,MEDIUM,ultralytics,False,1,0,1,True,True,10,9
006612.png,MEDIUM,ultralytics,False,1,0,1,True,True,15,12
006613.png,MEDIUM,ultralytics,False,5,7,2,True,True,14,9
006614.png,MEDIUM,ultralytics,False,0,0,0,False,False,6,6
006615.png,MEDIUM,ultralytics,False,0,0,0,False,False,1,2
006616.png,MEDIUM,ultralytics,False,0,0,0,False,False,5,7
006617.png,MEDIUM,ultralytics,False,2,1,0,True,True,7,7
006618.png,MEDIUM,ultralytics,False,0,0,0,False,False,5,5
006619.png,MEDIUM,ultralytics,False,0,0,0,False,False,4,6
006620.png,MEDIUM,ultralytics,False,0,0,0,False,False,3,7
006621.png,MEDIUM,ultralytics,False,0,0,0,False,False,4,7
006622.png,MEDIUM,ultralytics,False,0,0,0,False,False,13,12
006623.png,MEDIUM,ultralytics,False,3,2,1,True,True,9,9
006624.png,MEDIUM,ultralytics,False,0,0,0,False,False,6,9
006625.png,MEDIUM,ultralytics,False,0,0,0,False,False,14,14
006626.png,MEDIUM,ultralytics,False,0,0,0,False,False,2,3
006627.png,MEDIUM,ultralytics,False,3,0,1,True,True,7,8
006628.png,MEDIUM,ultralytics,False,1,1,0,True,True,7,8
006629.png,MEDIUM,ultralytics,False,1,1,0,True,True,9,9
006630.png,MEDIUM,ultralytics,False,0,0,0,False,False,16,10
006631.png,MEDIUM,ultralytics,False,0,0,0,False,False,6,6
006632.png,MEDIUM,ultralytics,False,1,1,0,True,True,8,9
006633.png,MEDIUM,ultralytics,False,0,0,0,False,False,6,6
006634.png,MEDIUM,ultralytics,False,0,0,0,False,False,3,5
006635.png,MEDIUM,ultralytics,False,0,0,1,True,False,7,8
006636.png,MEDIUM,ultralytics,False,0,1,0,False,True,4,5
006637.png,MEDIUM,ultralytics,False,0,0,0,False,False,7,11
006638.png,MEDIUM,ultralytics,False,0,0,0,False,False,15,10
006639.png,MEDIUM,ultralytics,False,0,2,1,True,True,18,15
006640.png,MEDIUM,ultralytics,False,0,1,0,False,True,9,8
006641.png,MEDIUM,ultralytics,False,0,0,0,False,False,2,1
006642.png,MEDIUM,ultralytics,False,0,0,1,True,False,8,10
006643.png,MEDIUM,ultralytics,False,0,0,0,False,False,5,6
006644.png,MEDIUM,ultralytics,False,0,0,0,False,False,4,5
006645.png,MEDIUM,ultralytics,False,2,0,1,True,True,2,6
006646.png,MEDIUM,ultralytics,False,0,0,0,False,False,2,4
006647.png,MEDIUM,ultralytics,False,0,0,1,True,False,7,7
006648.png,MEDIUM,ultralytics,False,0,0,0,False,False,17,17
006649.png,MEDIUM,ultralytics,False,0,0,1,True,False,10,10
006650.png,MEDIUM,ultralytics,False,2,0,1,True,True,4,5
006651.png,MEDIUM,ultralytics,False,1,0,0,True,True,3,6
006652.png,MEDIUM,ultralytics,False,1,15,0,True,True,17,1
006653.png,MEDIUM,ultralytics,False,1,8,0,True,True,10,1
006654.png,MEDIUM,ultralytics,False,0,0,0,False,False,4,2
006655.png,MEDIUM,ultralytics,False,0,0,0,False,False,13,13
006656.png,MEDIUM,ultralytics,False,1,2,0,True,True,5,1
006657.png,MEDIUM,ultralytics,False,1,2,2,True,True,5,5
006658.png,MEDIUM,ultralytics,False,0,1,0,False,True,7,6
006659.png,MEDIUM,ultralytics,False,0,0,1,True,False,9,8
006660.png,MEDIUM,ultralytics,False,0,0,0,False,False,11,14
006661.png,MEDIUM,ultralytics,False,1,7,0,True,True,9,1
006662.png,MEDIUM,ultralytics,False,0,0,0,False,False,11,12
006663.png,MEDIUM,ultralytics,False,0,0,0,False,False,17,10
006664.png,MEDIUM,ultralytics,False,0,0,0,False,False,7,6
006665.png,MEDIUM,ultralytics,False,0,0,0,False,False,7,7
006666.png,MEDIUM,ultralytics,False,1,7,0,True,True,10,1
006667.png,MEDIUM,ultralytics,False,0,0,0,False,False,5,7
006668.png,MEDIUM,ultralytics,False,0,0,0,False,False,2,2
006669.png,MEDIUM,ultralytics,False,0,0,0,False,False,6,6
006670.png,MEDIUM,ultralytics,False,0,0,0,False,False,8,7
006671.png,MEDIUM,ultralytics,False,0,0,0,False,False,3,3
006672.png,MEDIUM,ultralytics,False,0,0,0,False,False,7,9
006673.png,MEDIUM,ultralytics,False,0,1,0,False,True,9,10
006674.png,MEDIUM,ultralytics,False,0,0,0,False,False,4,3
006675.png,MEDIUM,ultralytics,False,0,0,0,False,False,3,3
006676.png,MEDIUM,ultralytics,False,1,6,0,True,True,8,1
006677.png,MEDIUM,ultralytics,False,0,0,0,False,False,1,3
006678.png,MEDIUM,ultralytics,False,0,0,0,False,False,16,12
006679.png,MEDIUM,ultralytics,False,0,0,0,False,False,7,9
006680.png,MEDIUM,ultralytics,False,0,0,0,False,False,3,4
006681.png,MEDIUM,ultralytics,False,0,0,0,False,False,3,3
006682.png,MEDIUM,ultralytics,False,5,4,7,True,True,14,16
006683.png,MEDIUM,ultralytics,False,0,0,0,False,False,1,2
006684.png,MEDIUM,ultralytics,False,0,0,0,False,False,14,8
006685.png,MEDIUM,ultralytics,False,1,7,0,True,True,8,1
006686.png,MEDIUM,ultralytics,False,0,0,0,False,False,5,4
006687.png,MEDIUM,ultralytics,False,0,0,0,False,False,4,5
006688.png,MEDIUM,ultralytics,False,0,0,0,False,False,3,5
006689.png,MEDIUM,ultralytics,False,0,0,0,False,False,4,7
006690.png,MEDIUM,ultralytics,False,1,0,0,True,True,5,6
006691.png,MEDIUM,ultralytics,False,0,0,0,False,False,1,1
006692.png,MEDIUM,ultralytics,False,0,0,0,False,False,9,10
006693.png,MEDIUM,ultralytics,False,0,0,0,False,False,5,5
006694.png,MEDIUM,ultralytics,False,0,0,0,False,False,6,8
006695.png,MEDIUM,ultralytics,False,1,1,1,True,True,11,12
006696.png,MEDIUM,ultralytics,False,0,1,1,True,True,5,5
006697.png,MEDIUM,ultralytics,False,0,0,0,False,False,3,2
006698.png,MEDIUM,ultralytics,False,0,0,0,False,False,2,5
006699.png,MEDIUM,ultralytics,False,0,0,0,False,False,8,6
006700.png,MEDIUM,ultralytics,False,1,4,0,True,True,6,5
006701.png,MEDIUM,ultralytics,False,0,0,0,False,False,2,3
006702.png,MEDIUM,ultralytics,False,0,0,0,False,False,3,3
006703.png,MEDIUM,ultralytics,False,2,8,0,True,True,17,10
006704.png,MEDIUM,ultralytics,False,5,5,1,True,True,10,10
006705.png,MEDIUM,ultralytics,False,0,0,0,False,False,2,3
006706.png,MEDIUM,ultralytics,False,0,0,0,False,False,2,2
006707.png,MEDIUM,ultralytics,False,0,0,0,False,False,6,9
006708.png,MEDIUM,ultralytics,False,0,0,0,False,False,3,3
006709.png,MEDIUM,ultralytics,False,0,0,0,False,False,1,1
006710.png,MEDIUM,ultralytics,False,0,0,0,False,False,13,9
006711.png,MEDIUM,ultralytics,False,0,0,0,False,False,5,4
006712.png,MEDIUM,ultralytics,False,0,0,0,False,False,2,4
006713.png,MEDIUM,ultralytics,False,0,0,0,False,False,4,5
006714.png,MEDIUM,ultralytics,False,0,0,0,False,False,4,6
006715.png,MEDIUM,ultralytics,False,0,0,0,False,False,3,7
006716.png,MEDIUM,ultralytics,False,0,0,0,False,False,5,3
006717.png,MEDIUM,ultralytics,False,0,0,1,True,False,3,5
006718.png,MEDIUM,ultralytics,False,0,0,0,False,False,8,9
006719.png,MEDIUM,ultralytics,False,0,0,0,False,False,9,3
006720.png,MEDIUM,ultralytics,False,0,0,0,False,False,4,5
006721.png,MEDIUM,ultralytics,False,0,0,0,False,False,16,14
006722.png,MEDIUM,ultralytics,False,1,3,0,True,True,5,1
006723.png,MEDIUM,ultralytics,False,0,0,0,False,False,6,5
006724.png,MEDIUM,ultralytics,False,0,1,0,False,True,10,5
006725.png,MEDIUM,ultralytics,False,0,0,0,False,False,11,9
006726.png,MEDIUM,ultralytics,False,0,0,0,False,False,8,8
006727.png,MEDIUM,ultralytics,False,0,0,0,False,False,3,3
006728.png,MEDIUM,ultralytics,False,1,1,3,True,True,9,10
006729.png,MEDIUM,ultralytics,False,0,2,0,False,True,7,4
006730.png,MEDIUM,ultralytics,False,0,0,0,False,False,1,2
006731.png,MEDIUM,ultralytics,False,0,0,0,False,False,12,9
006732.png,MEDIUM,ultralytics,False,0,1,0,False,True,2,1
006733.png,MEDIUM,ultralytics,False,0,0,0,False,False,13,17
006734.png,MEDIUM,ultralytics,False,1,3,2,True,True,9,9
006735.png,MEDIUM,ultralytics,False,0,0,0,False,False,4,5
006736.png,MEDIUM,ultralytics,False,0,0,0,False,False,4,7
006737.png,MEDIUM,ultralytics,False,1,0,0,True,True,4,5
006738.png,MEDIUM,ultralytics,False,0,0,0,False,False,6,6
006739.png,MEDIUM,ultralytics,False,0,0,0,False,False,1,2
006740.png,MEDIUM,ultralytics,False,0,0,0,False,False,3,3
006741.png,MEDIUM,ultralytics,False,0,1,1,True,True,4,5
006742.png,MEDIUM,ultralytics,False,0,0,0,False,False,9,4
006743.png,MEDIUM,ultralytics,False,0,0,0,False,False,4,6
006744.png,MEDIUM,ultralytics,False,0,0,2,True,False,3,6
006745.png,MEDIUM,ultralytics,False,0,2,3,True,True,7,6
006746.png,MEDIUM,ultralytics,False,0,0,0,False,False,9,8
006747.png,MEDIUM,ultralytics,False,0,0,0,False,False,4,4
006748.png,MEDIUM,ultralytics,False,0,0,0,False,False,1,2
006749.png,MEDIUM,ultralytics,False,6,7,4,True,True,15,12
006750.png,MEDIUM,ultralytics,False,0,2,1,True,True,5,4
006751.png,MEDIUM,ultralytics,False,0,0,0,False,False,7,8
006752.png,MEDIUM,ultralytics,False,0,1,3,True,True,9,11
006753.png,MEDIUM,ultralytics,False,0,0,0,False,False,12,9
006754.png,MEDIUM,ultralytics,False,0,0,0,False,False,8,10
006755.png,MEDIUM,ultralytics,False,0,0,0,False,False,9,8
006756.png,MEDIUM,ultralytics,False,0,2,0,False,True,12,8
006757.png,MEDIUM,ultralytics,False,0,0,0,False,False,7,7
006758.png,MEDIUM,ultralytics,False,0,0,0,False,False,5,5
006759.png,MEDIUM,ultralytics,False,0,0,0,False,False,2,4
006760.png,MEDIUM,ultralytics,False,0,2,1,True,True,8,4
006761.png,MEDIUM,ultralytics,False,4,3,1,True,True,14,10
006762.png,MEDIUM,ultralytics,False,0,1,1,True,True,5,5
006763.png,MEDIUM,ultralytics,False,0,0,0,False,False,2,2
006764.png,MEDIUM,ultralytics,False,0,0,0,False,False,6,8
006765.png,MEDIUM,ultralytics,False,0,2,3,True,True,10,12
006766.png,MEDIUM,ultralytics,False,0,0,1,True,False,10,11
006767.png,MEDIUM,ultralytics,False,0,0,0,False,False,4,4
006768.png,MEDIUM,ultralytics,False,4,6,2,True,True,14,12
006769.png,MEDIUM,ultralytics,False,0,0,0,False,False,10,11
006770.png,MEDIUM,ultralytics,False,0,0,0,False,False,12,11
006771.png,MEDIUM,ultralytics,False,0,1,2,True,True,4,6
006772.png,MEDIUM,ultralytics,False,0,0,0,False,False,8,8
006773.png,MEDIUM,ultralytics,False,0,0,0,False,False,3,4
006774.png,MEDIUM,ultralytics,False,0,0,0,False,False,2,3
006775.png,MEDIUM,ultralytics,False,0,0,0,False,False,18,10
006776.png,MEDIUM,ultralytics,False,0,0,1,True,False,1,2
006777.png,MEDIUM,ultralytics,False,1,0,0,True,True,3,6
006778.png,MEDIUM,ultralytics,False,1,0,0,True,True,8,6
006779.png,MEDIUM,ultralytics,False,0,0,1,True,False,11,11
006780.png,MEDIUM,ultralytics,False,0,0,0,False,False,11,14
006781.png,MEDIUM,ultralytics,False,0,0,0,False,False,10,8
006782.png,MEDIUM,ultralytics,False,0,1,0,False,True,11,7
006783.png,MEDIUM,ultralytics,False,1,0,0,True,True,18,17
006784.png,MEDIUM,ultralytics,False,0,0,0,False,False,2,2
006785.png,MEDIUM,ultralytics,False,3,1,2,True,True,8,8
006786.png,MEDIUM,ultralytics,False,0,0,0,False,False,2,5
006787.png,MEDIUM,ultralytics,False,0,0,0,False,False,7,7
006788.png,MEDIUM,ultralytics,False,0,0,0,False,False,21,11
006789.png,MEDIUM,ultralytics,False,0,0,0,False,False,11,10
006790.png,MEDIUM,ultralytics,False,0,0,0,False,False,2,1
006791.png,MEDIUM,ultralytics,False,0,0,0,False,False,7,11
006792.png,MEDIUM,ultralytics,False,0,0,0,False,False,5,4
006793.png,MEDIUM,ultralytics,False,0,0,0,False,False,2,6
006794.png,MEDIUM,ultralytics,False,0,0,0,False,False,4,4
006795.png,MEDIUM,ultralytics,False,1,6,0,True,True,8,1
006796.png,MEDIUM,ultralytics,False,0,0,0,False,False,3,5
006797.png,MEDIUM,ultralytics,False,0,0,0,False,False,2,2
006798.png,MEDIUM,ultralytics,False,0,0,0,False,False,12,11
006799.png,MEDIUM,ultralytics,False,1,3,0,True,True,6,1
006800.png,MEDIUM,ultralytics,False,3,4,0,True,True,15,10
006801.png,MEDIUM,ultralytics,False,6,2,7,True,True,12,18
006802.png,MEDIUM,ultralytics,False,0,0,1,True,False,4,3
006803.png,MEDIUM,ultralytics,False,0,0,0,False,False,5,4
006804.png,MEDIUM,ultralytics,False,1,9,0,True,True,10,1
006805.png,MEDIUM,ultralytics,False,0,0,0,False,False,10,11
006806.png,MEDIUM,ultralytics,False,0,0,0,False,False,6,5
006807.png,MEDIUM,ultralytics,False,1,12,0,True,True,15,1
006808.png,MEDIUM,ultralytics,False,0,0,0,False,False,4,6
006809.png,MEDIUM,ultralytics,False,0,3,1,True,True,4,2
006810.png,MEDIUM,ultralytics,False,1,0,0,True,True,10,9
006811.png,MEDIUM,ultralytics,False,0,1,0,False,True,6,6
006812.png,MEDIUM,ultralytics,False,0,0,0,False,False,10,4
006813.png,MEDIUM,ultralytics,False,4,3,7,True,True,16,15
006814.png,MEDIUM,ultralytics,False,0,0,2,True,False,11,11
006815.png,MEDIUM,ultralytics,False,0,1,0,False,True,11,3
006816.png,MEDIUM,ultralytics,False,0,0,0,False,False,1,2
006817.png,MEDIUM,ultralytics,False,0,0,0,False,False,9,8
006818.png,MEDIUM,ultralytics,False,0,3,2,True,True,8,5
006819.png,MEDIUM,ultralytics,False,1,1,0,True,True,4,2
006820.png,MEDIUM,ultralytics,False,0,0,0,False,False,11,11
006821.png,MEDIUM,ultralytics,False,0,0,0,False,False,1,2
006822.png,MEDIUM,ultralytics,False,1,1,0,True,True,9,8
006823.png,MEDIUM,ultralytics,False,0,0,0,False,False,4,4
006824.png,MEDIUM,ultralytics,False,0,0,0,False,False,7,6
006825.png,MEDIUM,ultralytics,False,3,6,0,True,True,9,7
006826.png,MEDIUM,ultralytics,False,0,0,0,False,False,5,6
006827.png,MEDIUM,ultralytics,False,0,3,1,True,True,4,3
006828.png,MEDIUM,ultralytics,False,5,14,3,True,True,19,10
006829.png,MEDIUM,ultralytics,False,0,0,0,False,False,5,5
006830.png,MEDIUM,ultralytics,False,1,7,0,True,True,8,1
006831.png,MEDIUM,ultralytics,False,0,0,0,False,False,6,8
006832.png,MEDIUM,ultralytics,False,1,6,0,True,True,15,9
006833.png,MEDIUM,ultralytics,False,0,0,1,True,False,19,21
006834.png,MEDIUM,ultralytics,False,0,0,0,False,False,6,8
006835.png,MEDIUM,ultralytics,False,3,4,1,True,True,9,7
006836.png,MEDIUM,ultralytics,False,0,0,0,False,False,6,6
006837.png,MEDIUM,ultralytics,False,1,0,1,True,True,10,6
006838.png,MEDIUM,ultralytics,False,1,0,0,True,True,5,7
006839.png,MEDIUM,ultralytics,False,0,0,0,False,False,2,2
006840.png,MEDIUM,ultralytics,False,0,0,0,False,False,5,6
006841.png,MEDIUM,ultralytics,False,0,0,0,False,False,4,5
006842.png,MEDIUM,ultralytics,False,0,1,2,True,True,11,13
006843.png,MEDIUM,ultralytics,False,0,2,2,True,True,9,10
006844.png,MEDIUM,ultralytics,False,0,0,0,False,False,15,12
006845.png,MEDIUM,ultralytics,False,0,0,0,False,False,12,12
006846.png,MEDIUM,ultralytics,False,0,0,0,False,False,8,7
006847.png,MEDIUM,ultralytics,False,0,5,1,True,True,12,8
006848.png,MEDIUM,ultralytics,False,0,0,0,False,False,8,5
006849.png,MEDIUM,ultralytics,False,1,0,0,True,True,5,6
006850.png,MEDIUM,ultralytics,False,0,0,0,False,False,4,2
006851.png,MEDIUM,ultralytics,False,0,0,0,False,False,5,4
006852.png,MEDIUM,ultralytics,False,0,0,0,False,False,3,3
006853.png,MEDIUM,ultralytics,False,0,0,0,False,False,12,9
006854.png,MEDIUM,ultralytics,False,0,0,0,False,False,5,6
006855.png,MEDIUM,ultralytics,False,0,0,0,False,False,3,4
006856.png,MEDIUM,ultralytics,False,0,0,0,False,False,7,6
006857.png,MEDIUM,ultralytics,False,0,1,0,False,True,6,8
006858.png,MEDIUM,ultralytics,False,0,0,0,False,False,6,5
006859.png,MEDIUM,ultralytics,False,0,0,2,True,False,12,11
006860.png,MEDIUM,ultralytics,False,0,0,0,False,False,3,3
006861.png,MEDIUM,ultralytics,False,1,12,0,True,True,14,1
006862.png,MEDIUM,ultralytics,False,0,0,0,False,False,10,10
006863.png,MEDIUM,ultralytics,False,0,0,0,False,False,5,8
006864.png,MEDIUM,ultralytics,False,0,0,0,False,False,12,13
006865.png,MEDIUM,ultralytics,False,0,0,0,False,False,1,1
006866.png,MEDIUM,ultralytics,False,0,0,0,False,False,8,8
006867.png,MEDIUM,ultralytics,False,0,0,0,False,False,9,9
006868.png,MEDIUM,ultralytics,False,0,0,0,False,False,9,8
006869.png,MEDIUM,ultralytics,False,0,1,0,False,True,6,4
006870.png,MEDIUM,ultralytics,False,0,0,0,False,False,13,11
006871.png,MEDIUM,ultralytics,False,0,0,0,False,False,11,9
006872.png,MEDIUM,ultralytics,False,5,8,1,True,True,15,9
006873.png,MEDIUM,ultralytics,False,1,8,0,True,True,9,1
006874.png,MEDIUM,ultralytics,False,0,0,0,False,False,4,4
006875.png,MEDIUM,ultralytics,False,0,0,0,False,False,3,2
006876.png,MEDIUM,ultralytics,False,0,0,0,False,False,8,8
006877.png,MEDIUM,ultralytics,False,0,2,0,False,True,15,7
006878.png,MEDIUM,ultralytics,False,4,10,1,True,True,15,8
006879.png,MEDIUM,ultralytics,False,1,1,0,True,True,12,10
006880.png,MEDIUM,ultralytics,False,0,1,0,False,True,3,2
006881.png,MEDIUM,ultralytics,False,1,0,1,True,True,5,6
006882.png,MEDIUM,ultralytics,False,1,0,0,True,True,7,6
006883.png,MEDIUM,ultralytics,False,0,0,0,False,False,4,5
006884.png,MEDIUM,ultralytics,False,0,0,0,False,False,3,5
006885.png,MEDIUM,ultralytics,False,0,0,0,False,False,7,9
006886.png,MEDIUM,ultralytics,False,0,1,2,True,True,15,12
006887.png,MEDIUM,ultralytics,False,0,0,1,True,False,3,6
006888.png,MEDIUM,ultralytics,False,0,0,0,False,False,9,6
006889.png,MEDIUM,ultralytics,False,0,0,0,False,False,8,9
006890.png,MEDIUM,ultralytics,False,0,0,0,False,False,2,2
006891.png,MEDIUM,ultralytics,False,0,0,0,False,False,6,5
006892.png,MEDIUM,ultralytics,False,1,7,0,True,True,9,1
006893.png,MEDIUM,ultralytics,False,0,0,0,False,False,1,5
006894.png,MEDIUM,ultralytics,False,5,16,6,True,True,21,13
006895.png,MEDIUM,ultralytics,False,0,0,0,False,False,5,7
006896.png,MEDIUM,ultralytics,False,0,0,0,False,False,6,4
006897.png,MEDIUM,ultralytics,False,0,0,0,False,False,14,11
006898.png,MEDIUM,ultralytics,False,0,0,0,False,False,2,1
006899.png,MEDIUM,ultralytics,False,0,0,0,False,False,4,5
006900.png,MEDIUM,ultralytics,False,0,0,0,False,False,1,3
006901.png,MEDIUM,ultralytics,False,0,0,0,False,False,1,2
006902.png,MEDIUM,ultralytics,False,0,0,0,False,False,9,12
006903.png,MEDIUM,ultralytics,False,1,15,0,True,True,18,1
006904.png,MEDIUM,ultralytics,False,0,2,1,True,True,15,12
006905.png,MEDIUM,ultralytics,False,0,0,0,False,False,2,2
006906.png,MEDIUM,ultralytics,False,0,0,0,False,False,3,4
006907.png,MEDIUM,ultralytics,False,0,0,0,False,False,5,7
006908.png,MEDIUM,ultralytics,False,6,5,2,True,True,16,10
006909.png,MEDIUM,ultralytics,False,0,2,0,False,True,8,6
006910.png,MEDIUM,ultralytics,False,2,1,0,True,True,14,11
006911.png,MEDIUM,ultralytics,False,1,0,0,True,True,16,11
006912.png,MEDIUM,ultralytics,False,0,3,1,True,True,9,6
006913.png,MEDIUM,ultralytics,False,0,0,0,False,False,3,7
006914.png,MEDIUM,ultralytics,False,0,0,0,False,False,5,4
006915.png,MEDIUM,ultralytics,False,0,0,0,False,False,7,3
006916.png,MEDIUM,ultralytics,False,1,3,1,True,True,6,4
006917.png,MEDIUM,ultralytics,False,0,0,0,False,False,12,7
006918.png,MEDIUM,ultralytics,False,0,0,0,False,False,2,3
006919.png,MEDIUM,ultralytics,False,2,1,1,True,True,6,9
006920.png,MEDIUM,ultralytics,False,0,0,0,False,False,7,8
006921.png,MEDIUM,ultralytics,False,0,0,0,False,False,4,3
006922.png,MEDIUM,ultralytics,False,0,0,0,False,False,13,12
006923.png,MEDIUM,ultralytics,False,1,1,0,True,True,8,6
006924.png,MEDIUM,ultralytics,False,0,0,0,False,False,3,3
006925.png,MEDIUM,ultralytics,False,4,13,4,True,True,20,11
006926.png,MEDIUM,ultralytics,False,1,0,1,True,True,18,17
006927.png,MEDIUM,ultralytics,False,0,0,0,False,False,9,10
006928.png,MEDIUM,ultralytics,False,0,0,0,False,False,10,9
006929.png,MEDIUM,ultralytics,False,0,0,1,True,False,12,12
006930.png,MEDIUM,ultralytics,False,0,0,0,False,False,2,2
006931.png,MEDIUM,ultralytics,False,0,0,0,False,False,1,1
006932.png,MEDIUM,ultralytics,False,1,0,0,True,True,17,17
006933.png,MEDIUM,ultralytics,False,0,0,0,False,False,5,4
006934.png,MEDIUM,ultralytics,False,0,0,0,False,False,1,2
006935.png,MEDIUM,ultralytics,False,3,3,0,True,True,8,3
006936.png,MEDIUM,ultralytics,False,0,0,0,False,False,8,8
006937.png,MEDIUM,ultralytics,False,6,14,2,True,True,27,13
006938.png,MEDIUM,ultralytics,False,0,0,0,False,False,4,3
006939.png,MEDIUM,ultralytics,False,0,0,0,False,False,9,6
006940.png,MEDIUM,ultralytics,False,0,0,0,False,False,3,3
006941.png,MEDIUM,ultralytics,False,1,6,0,True,True,8,1
006942.png,MEDIUM,ultralytics,False,1,1,0,True,True,17,15
006943.png,MEDIUM,ultralytics,False,0,0,0,False,False,8,8
006944.png,MEDIUM,ultralytics,False,0,0,0,False,False,7,10
006945.png,MEDIUM,ultralytics,False,0,0,0,False,False,8,7
006946.png,MEDIUM,ultralytics,False,0,0,0,False,False,11,7
006947.png,MEDIUM,ultralytics,False,0,1,0,False,True,3,3
006948.png,MEDIUM,ultralytics,False,0,0,0,False,False,11,15
006949.png,MEDIUM,ultralytics,False,0,0,0,False,False,4,3
006950.png,MEDIUM,ultralytics,False,0,0,0,False,False,7,12
006951.png,MEDIUM,ultralytics,False,1,13,0,True,True,15,1
006952.png,MEDIUM,ultralytics,False,1,0,0,True,True,17,15
006953.png,MEDIUM,ultralytics,False,0,0,0,False,False,11,11
006954.png,MEDIUM,ultralytics,False,0,0,0,False,False,6,8
006955.png,MEDIUM,ultralytics,False,1,9,0,True,True,11,1
006956.png,MEDIUM,ultralytics,False,0,0,0,False,False,7,8
006957.png,MEDIUM,ultralytics,False,3,0,1,True,True,13,9
006958.png,MEDIUM,ultralytics,False,0,0,0,False,False,17,12
006959.png,MEDIUM,ultralytics,False,0,0,0,False,False,4,5
006960.png,MEDIUM,ultralytics,False,0,0,0,False,False,9,13
006961.png,MEDIUM,ultralytics,False,0,0,0,False,False,10,8
006962.png,MEDIUM,ultralytics,False,0,0,2,True,False,2,6
006963.png,MEDIUM,ultralytics,False,0,0,0,False,False,5,7
006964.png,MEDIUM,ultralytics,False,0,0,0,False,False,6,6
006965.png,MEDIUM,ultralytics,False,0,0,0,False,False,4,2
006966.png,MEDIUM,ultralytics,False,0,0,0,False,False,4,3
006967.png,MEDIUM,ultralytics,False,0,0,0,False,False,7,10
006968.png,MEDIUM,ultralytics,False,1,1,0,True,True,8,9
006969.png,MEDIUM,ultralytics,False,3,0,0,True,True,3,7
006970.png,MEDIUM,ultralytics,False,0,2,0,False,True,12,8
006971.png,MEDIUM,ultralytics,False,4,1,0,True,True,9,9
006972.png,MEDIUM,ultralytics,False,0,0,0,False,False,5,5
006973.png,MEDIUM,ultralytics,False,0,0,0,False,False,5,8
006974.png,MEDIUM,ultralytics,False,0,1,0,False,True,10,3
006975.png,MEDIUM,ultralytics,False,0,0,0,False,False,5,7
006976.png,MEDIUM,ultralytics,False,0,0,0,False,False,0,4
006977.png,MEDIUM,ultralytics,False,0,0,0,False,False,2,2
006978.png,MEDIUM,ultralytics,False,0,0,0,False,False,7,7
006979.png,MEDIUM,ultralytics,False,0,0,0,False,False,7,8
006980.png,MEDIUM,ultralytics,False,10,7,2,True,True,21,16
006981.png,MEDIUM,ultralytics,False,0,0,0,False,False,1,2
006982.png,MEDIUM,ultralytics,False,0,0,0,False,False,7,7
006983.png,MEDIUM,ultralytics,False,0,0,0,False,False,7,9
006984.png,MEDIUM,ultralytics,False,0,2,0,False,True,14,8
006985.png,MEDIUM,ultralytics,False,1,0,0,True,True,8,9
006986.png,MEDIUM,ultralytics,False,0,0,0,False,False,1,3
006987.png,MEDIUM,ultralytics,False,0,0,0,False,False,6,8
006988.png,MEDIUM,ultralytics,False,0,0,0,False,False,2,2
006989.png,MEDIUM,ultralytics,False,0,0,0,False,False,6,7
006990.png,MEDIUM,ultralytics,False,0,1,0,False,True,7,7
006991.png,MEDIUM,ultralytics,False,0,0,0,False,False,8,7
006992.png,MEDIUM,ultralytics,False,0,0,0,False,False,14,14
006993.png,MEDIUM,ultralytics,False,0,1,0,False,True,14,8
006994.png,MEDIUM,ultralytics,False,2,1,1,True,True,5,5
006995.png,MEDIUM,ultralytics,False,0,0,0,False,False,11,7
006996.png,MEDIUM,ultralytics,False,0,0,0,False,False,5,5
006997.png,MEDIUM,ultralytics,False,2,1,0,True,True,12,9
006998.png,MEDIUM,ultralytics,False,0,0,0,False,False,7,6
006999.png,MEDIUM,ultralytics,False,0,0,0,False,False,2,4
007000.png,MEDIUM,ultralytics,False,0,2,2,True,True,10,11
007001.png,MEDIUM,ultralytics,False,0,0,0,False,False,3,6
007002.png,MEDIUM,ultralytics,False,0,0,0,False,False,4,3
007003.png,MEDIUM,ultralytics,False,0,0,0,False,False,14,10
007004.png,MEDIUM,ultralytics,False,1,1,1,True,True,7,7
007005.png,MEDIUM,ultralytics,False,0,0,0,False,False,11,9
007006.png,MEDIUM,ultralytics,False,0,0,1,True,False,6,5
007007.png,MEDIUM,ultralytics,False,0,2,0,False,True,15,9
007008.png,MEDIUM,ultralytics,False,0,0,0,False,False,3,4
007009.png,MEDIUM,ultralytics,False,0,0,0,False,False,2,2
007010.png,MEDIUM,ultralytics,False,0,0,0,False,False,5,5
007011.png,MEDIUM,ultralytics,False,0,0,0,False,False,10,11
007012.png,MEDIUM,ultralytics,False,0,1,0,False,True,7,8
007013.png,MEDIUM,ultralytics,False,0,1,0,False,True,22,14
007014.png,MEDIUM,ultralytics,False,0,0,0,False,False,13,14
007015.png,MEDIUM,ultralytics,False,0,0,0,False,False,14,13
007016.png,MEDIUM,ultralytics,False,3,4,1,True,True,16,11
007017.png,MEDIUM,ultralytics,False,1,7,0,True,True,9,1
007018.png,MEDIUM,ultralytics,False,5,3,1,True,True,13,9
007019.png,MEDIUM,ultralytics,False,0,0,0,False,False,11,11
007020.png,MEDIUM,ultralytics,False,0,0,0,False,False,15,8
007021.png,MEDIUM,ultralytics,False,1,1,2,True,True,10,10
007022.png,MEDIUM,ultralytics,False,0,0,0,False,False,6,7
007023.png,MEDIUM,ultralytics,False,1,13,0,True,True,15,1
007024.png,MEDIUM,ultralytics,False,0,0,0,False,False,2,2
007025.png,MEDIUM,ultralytics,False,0,0,0,False,False,3,3
007026.png,MEDIUM,ultralytics,False,0,0,0,False,False,15,12
007027.png,MEDIUM,ultralytics,False,0,0,0,False,False,7,7
007028.png,MEDIUM,ultralytics,False,0,0,0,False,False,6,7
007029.png,MEDIUM,ultralytics,False,0,0,0,False,False,5,7
007030.png,MEDIUM,ultralytics,False,0,0,0,False,False,2,3
007031.png,MEDIUM,ultralytics,False,0,0,0,False,False,11,12
007032.png,MEDIUM,ultralytics,False,0,0,0,False,False,6,7
007033.png,MEDIUM,ultralytics,False,0,0,1,True,False,10,8
007034.png,MEDIUM,ultralytics,False,0,0,1,True,False,6,5
007035.png,MEDIUM,ultralytics,False,0,2,0,False,True,15,11
007036.png,MEDIUM,ultralytics,False,1,6,0,True,True,8,1
007037.png,MEDIUM,ultralytics,False,0,0,0,False,False,5,3
007038.png,MEDIUM,ultralytics,False,0,1,0,False,True,5,4
007039.png,MEDIUM,ultralytics,False,0,0,0,False,False,9,10
007040.png,MEDIUM,ultralytics,False,0,0,0,False,False,0,1
007041.png,MEDIUM,ultralytics,False,0,0,0,False,False,8,8
007042.png,MEDIUM,ultralytics,False,0,0,0,False,False,10,10
007043.png,MEDIUM,ultralytics,False,0,0,0,False,False,12,8
007044.png,MEDIUM,ultralytics,False,0,0,0,False,False,4,5
007045.png,MEDIUM,ultralytics,False,2,1,1,True,True,8,11
007046.png,MEDIUM,ultralytics,False,0,0,1,True,False,15,15
007047.png,MEDIUM,ultralytics,False,0,0,0,False,False,12,11
007048.png,MEDIUM,ultralytics,False,0,0,0,False,False,2,3
007049.png,MEDIUM,ultralytics,False,0,1,1,True,True,6,4
007050.png,MEDIUM,ultralytics,False,0,0,0,False,False,7,9
007051.png,MEDIUM,ultralytics,False,0,0,0,False,False,11,10
007052.png,MEDIUM,ultralytics,False,0,0,1,True,False,11,10
007053.png,MEDIUM,ultralytics,False,2,2,0,True,True,15,8
007054.png,MEDIUM,ultralytics,False,0,0,0,False,False,2,4
007055.png,MEDIUM,ultralytics,False,0,0,0,False,False,3,5
007056.png,MEDIUM,ultralytics,False,0,0,1,True,False,6,10
007057.png,MEDIUM,ultralytics,False,0,0,0,False,False,6,4
007058.png,MEDIUM,ultralytics,False,0,4,0,False,True,8,5
007059.png,MEDIUM,ultralytics,False,0,0,0,False,False,7,6
007060.png,MEDIUM,ultralytics,False,0,0,0,False,False,7,6
007061.png,MEDIUM,ultralytics,False,0,0,0,False,False,6,7
007062.png,MEDIUM,ultralytics,False,0,0,0,False,False,4,4
007063.png,MEDIUM,ultralytics,False,0,0,0,False,False,7,5
007064.png,MEDIUM,ultralytics,False,0,0,0,False,False,9,8
007065.png,MEDIUM,ultralytics,False,0,0,0,False,False,7,6
007066.png,MEDIUM,ultralytics,False,0,1,0,False,True,20,11
007067.png,MEDIUM,ultralytics,False,0,2,2,True,True,11,11
007068.png,MEDIUM,ultralytics,False,0,0,0,False,False,5,4
007069.png,MEDIUM,ultralytics,False,0,0,0,False,False,12,10
007070.png,MEDIUM,ultralytics,False,1,0,2,True,True,12,9
007071.png,MEDIUM,ultralytics,False,0,0,0,False,False,13,13
007072.png,MEDIUM,ultralytics,False,0,0,1,True,False,1,2
007073.png,MEDIUM,ultralytics,False,1,16,0,True,True,18,1
007074.png,MEDIUM,ultralytics,False,0,1,0,False,True,3,2
007075.png,MEDIUM,ultralytics,False,1,13,0,True,True,15,1
007076.png,MEDIUM,ultralytics,False,0,0,0,False,False,3,3
007077.png,MEDIUM,ultralytics,False,1,10,0,True,True,13,2
007078.png,MEDIUM,ultralytics,False,0,0,0,False,False,3,4
007079.png,MEDIUM,ultralytics,False,0,0,0,False,False,5,3
007080.png,MEDIUM,ultralytics,False,1,0,0,True,True,3,2
007081.png,MEDIUM,ultralytics,False,0,0,0,False,False,11,10
007082.png,MEDIUM,ultralytics,False,0,0,0,False,False,1,1
007083.png,MEDIUM,ultralytics,False,0,0,0,False,False,2,3
007084.png,MEDIUM,ultralytics,False,1,9,0,True,True,11,1
007085.png,MEDIUM,ultralytics,False,0,0,0,False,False,3,5
007086.png,MEDIUM,ultralytics,False,0,0,0,False,False,1,1
007087.png,MEDIUM,ultralytics,False,0,0,0,False,False,14,10
007088.png,MEDIUM,ultralytics,False,0,0,0,False,False,5,6
007089.png,MEDIUM,ultralytics,False,0,0,0,False,False,6,4
007090.png,MEDIUM,ultralytics,False,0,0,0,False,False,3,4
007091.png,MEDIUM,ultralytics,False,0,0,0,False,False,10,7
007092.png,MEDIUM,ultralytics,False,0,0,2,True,False,0,5
007093.png,MEDIUM,ultralytics,False,0,0,0,False,False,6,6
007094.png,MEDIUM,ultralytics,False,6,6,2,True,True,12,8
007095.png,MEDIUM,ultralytics,False,0,0,0,False,False,8,6
007096.png,MEDIUM,ultralytics,False,0,0,0,False,False,11,7
007097.png,MEDIUM,ultralytics,False,0,0,0,False,False,5,5
007098.png,MEDIUM,ultralytics,False,0,2,0,False,True,6,6
007099.png,MEDIUM,ultralytics,False,0,0,1,True,False,17,16
007100.png,MEDIUM,ultralytics,False,0,1,0,False,True,7,6
007101.png,MEDIUM,ultralytics,False,0,0,0,False,False,14,17
007102.png,MEDIUM,ultralytics,False,0,0,0,False,False,12,15
007103.png,MEDIUM,ultralytics,False,1,0,0,True,True,3,5
007104.png,MEDIUM,ultralytics,False,0,4,0,False,True,10,6
007105.png,MEDIUM,ultralytics,False,0,0,0,False,False,7,4
007106.png,MEDIUM,ultralytics,False,0,0,0,False,False,3,4
007107.png,MEDIUM,ultralytics,False,0,0,0,False,False,13,12
007108.png,MEDIUM,ultralytics,False,0,0,0,False,False,6,6
007109.png,MEDIUM,ultralytics,False,7,19,3,True,True,35,15
007110.png,MEDIUM,ultralytics,False,1,9,0,True,True,11,1
007111.png,MEDIUM,ultralytics,False,0,0,0,False,False,4,2
007112.png,MEDIUM,ultralytics,False,0,0,0,False,False,1,1
007113.png,MEDIUM,ultralytics,False,0,0,0,False,False,2,2
007114.png,MEDIUM,ultralytics,False,0,0,0,False,False,12,12
007115.png,MEDIUM,ultralytics,False,0,0,1,True,False,1,2
007116.png,MEDIUM,ultralytics,False,0,0,0,False,False,9,6
007117.png,MEDIUM,ultralytics,False,0,0,0,False,False,11,8
007118.png,MEDIUM,ultralytics,False,2,4,0,True,True,7,4
007119.png,MEDIUM,ultralytics,False,0,0,0,False,False,6,6
007120.png,MEDIUM,ultralytics,False,0,1,0,False,True,13,6
007121.png,MEDIUM,ultralytics,False,0,0,1,True,False,11,11
007122.png,MEDIUM,ultralytics,False,0,0,1,True,False,12,7
007123.png,MEDIUM,ultralytics,False,0,0,1,True,False,7,8
007124.png,MEDIUM,ultralytics,False,0,2,0,False,True,15,7
007125.png,MEDIUM,ultralytics,False,0,0,0,False,False,4,4
007126.png,MEDIUM,ultralytics,False,1,10,0,True,True,12,1
007127.png,MEDIUM,ultralytics,False,0,0,0,False,False,2,2
007128.png,MEDIUM,ultralytics,False,0,0,0,False,False,10,8
007129.png,MEDIUM,ultralytics,False,4,6,3,True,True,10,10
007130.png,MEDIUM,ultralytics,False,1,0,0,True,True,7,5
007131.png,MEDIUM,ultralytics,False,0,0,0,False,False,10,10
007132.png,MEDIUM,ultralytics,False,0,0,1,True,False,10,11
007133.png,MEDIUM,ultralytics,False,0,0,0,False,False,4,3
007134.png,MEDIUM,ultralytics,False,0,0,0,False,False,7,7
007135.png,MEDIUM,ultralytics,False,1,1,0,True,True,9,7
007136.png,MEDIUM,ultralytics,False,1,6,1,True,True,12,10
007137.png,MEDIUM,ultralytics,False,0,0,0,False,False,16,11
007138.png,MEDIUM,ultralytics,False,0,0,0,False,False,7,8
007139.png,MEDIUM,ultralytics,False,0,1,0,False,True,9,6
007140.png,MEDIUM,ultralytics,False,0,0,0,False,False,5,5
007141.png,MEDIUM,ultralytics,False,0,0,0,False,False,6,3
007142.png,MEDIUM,ultralytics,False,0,0,0,False,False,7,8
007143.png,MEDIUM,ultralytics,False,0,0,0,False,False,7,5
007144.png,MEDIUM,ultralytics,False,0,0,0,False,False,3,4
007145.png,MEDIUM,ultralytics,False,0,0,0,False,False,15,8
007146.png,MEDIUM,ultralytics,False,0,0,0,False,False,3,4
007147.png,MEDIUM,ultralytics,False,0,2,1,True,True,5,4
007148.png,MEDIUM,ultralytics,False,0,0,0,False,False,5,5
007149.png,MEDIUM,ultralytics,False,1,1,0,True,True,7,9
007150.png,MEDIUM,ultralytics,False,1,8,0,True,True,10,1
007151.png,MEDIUM,ultralytics,False,0,0,0,False,False,12,11
007152.png,MEDIUM,ultralytics,False,0,0,0,False,False,2,5
007153.png,MEDIUM,ultralytics,False,0,0,0,False,False,6,8
007154.png,MEDIUM,ultralytics,False,0,8,1,True,True,9,1
007155.png,MEDIUM,ultralytics,False,0,0,0,False,False,1,1
007156.png,MEDIUM,ultralytics,False,0,2,2,True,True,15,13
007157.png,MEDIUM,ultralytics,False,1,1,0,True,True,6,5
007158.png,MEDIUM,ultralytics,False,0,0,0,False,False,2,2
007159.png,MEDIUM,ultralytics,False,2,6,0,True,True,9,2
007160.png,MEDIUM,ultralytics,False,0,0,0,False,False,8,8
007161.png,MEDIUM,ultralytics,False,1,7,3,True,True,11,7
007162.png,MEDIUM,ultralytics,False,0,0,0,False,False,11,9
007163.png,MEDIUM,ultralytics,False,0,0,0,False,False,11,11
007164.png,MEDIUM,ultralytics,False,0,0,0,False,False,3,4
007165.png,MEDIUM,ultralytics,False,0,0,0,False,False,5,6
007166.png,MEDIUM,ultralytics,False,0,0,0,False,False,11,10
007167.png,MEDIUM,ultralytics,False,0,0,0,False,False,14,7
007168.png,MEDIUM,ultralytics,False,0,0,1,True,False,4,6
007169.png,MEDIUM,ultralytics,False,0,0,0,False,False,11,9
007170.png,MEDIUM,ultralytics,False,0,0,0,False,False,5,4
007171.png,MEDIUM,ultralytics,False,0,0,0,False,False,20,12
007172.png,MEDIUM,ultralytics,False,0,0,0,False,False,5,5
007173.png,MEDIUM,ultralytics,False,0,0,0,False,False,2,2
007174.png,MEDIUM,ultralytics,False,0,0,0,False,False,11,13
007175.png,MEDIUM,ultralytics,False,0,0,0,False,False,1,1
007176.png,MEDIUM,ultralytics,False,0,0,0,False,False,7,5
007177.png,MEDIUM,ultralytics,False,0,0,2,True,False,8,9
007178.png,MEDIUM,ultralytics,False,1,1,0,True,True,9,9
007179.png,MEDIUM,ultralytics,False,4,6,0,True,True,11,6
007180.png,MEDIUM,ultralytics,False,0,0,0,False,False,6,4
007181.png,MEDIUM,ultralytics,False,0,0,0,False,False,2,2
007182.png,MEDIUM,ultralytics,False,0,1,3,True,True,8,11
007183.png,MEDIUM,ultralytics,False,0,0,0,False,False,12,9
007184.png,MEDIUM,ultralytics,False,0,0,0,False,False,3,4
007185.png,MEDIUM,ultralytics,False,0,0,1,True,False,11,12
007186.png,MEDIUM,ultralytics,False,0,1,0,False,True,2,4
007187.png,MEDIUM,ultralytics,False,0,0,0,False,False,2,1
007188.png,MEDIUM,ultralytics,False,1,15,0,True,True,17,1
007189.png,MEDIUM,ultralytics,False,4,8,1,True,True,13,7
007190.png,MEDIUM,ultralytics,False,0,0,0,False,False,3,2
007191.png,MEDIUM,ultralytics,False,0,0,0,False,False,5,4
007192.png,MEDIUM,ultralytics,False,1,0,2,True,True,7,11
007193.png,MEDIUM,ultralytics,False,0,0,0,False,False,14,5
007194.png,MEDIUM,ultralytics,False,0,0,0,False,False,3,5
007195.png,MEDIUM,ultralytics,False,0,2,0,False,True,14,12
007196.png,MEDIUM,ultralytics,False,0,0,0,False,False,6,8
007197.png,MEDIUM,ultralytics,False,0,0,0,False,False,2,5
007198.png,MEDIUM,ultralytics,False,0,0,0,False,False,5,5
007199.png,MEDIUM,ultralytics,False,1,0,1,True,True,1,6
007200.png,MEDIUM,ultralytics,False,0,0,0,False,False,11,11
007201.png,MEDIUM,ultralytics,False,0,7,1,True,True,15,9
007202.png,MEDIUM,ultralytics,False,10,13,1,True,True,31,15
007203.png,MEDIUM,ultralytics,False,1,1,3,True,True,10,10
007204.png,MEDIUM,ultralytics,False,0,0,0,False,False,7,8
007205.png,MEDIUM,ultralytics,False,0,0,0,False,False,5,5
007206.png,MEDIUM,ultralytics,False,0,0,1,True,False,4,7
007207.png,MEDIUM,ultralytics,False,0,4,1,True,True,7,4
007208.png,MEDIUM,ultralytics,False,0,0,0,False,False,15,11
007209.png,MEDIUM,ultralytics,False,0,0,0,False,False,12,13
007210.png,MEDIUM,ultralytics,False,0,0,0,False,False,16,12
007211.png,MEDIUM,ultralytics,False,0,0,0,False,False,8,6
007212.png,MEDIUM,ultralytics,False,0,0,0,False,False,2,2
007213.png,MEDIUM,ultralytics,False,0,0,0,False,False,4,5
007214.png,MEDIUM,ultralytics,False,0,0,0,False,False,6,5
007215.png,MEDIUM,ultralytics,False,0,0,0,False,False,4,3
007216.png,MEDIUM,ultralytics,False,0,0,0,False,False,9,7
007217.png,MEDIUM,ultralytics,False,0,0,0,False,False,4,3
007218.png,MEDIUM,ultralytics,False,0,1,0,False,True,11,11
007219.png,MEDIUM,ultralytics,False,0,0,0,False,False,7,6
007220.png,MEDIUM,ultralytics,False,0,0,0,False,False,1,1
007221.png,MEDIUM,ultralytics,False,1,0,0,True,True,7,5
007222.png,MEDIUM,ultralytics,False,0,0,0,False,False,11,10
007223.png,MEDIUM,ultralytics,False,1,10,0,True,True,12,1
007224.png,MEDIUM,ultralytics,False,0,0,0,False,False,5,3
007225.png,MEDIUM,ultralytics,False,0,0,0,False,False,8,7
007226.png,MEDIUM,ultralytics,False,0,0,0,False,False,6,7
007227.png,MEDIUM,ultralytics,False,0,2,0,False,True,4,3
007228.png,MEDIUM,ultralytics,False,0,0,0,False,False,12,14
007229.png,MEDIUM,ultralytics,False,1,0,0,True,True,4,5
007230.png,MEDIUM,ultralytics,False,0,0,0,False,False,8,6
007231.png,MEDIUM,ultralytics,False,1,7,0,True,True,9,1
007232.png,MEDIUM,ultralytics,False,1,0,0,True,True,8,6
007233.png,MEDIUM,ultralytics,False,0,0,0,False,False,12,12
007234.png,MEDIUM,ultralytics,False,0,0,0,False,False,4,5
007235.png,MEDIUM,ultralytics,False,0,0,0,False,False,6,6
007236.png,MEDIUM,ultralytics,False,0,0,0,False,False,10,8
007237.png,MEDIUM,ultralytics,False,1,8,0,True,True,10,1
007238.png,MEDIUM,ultralytics,False,0,0,0,False,False,3,5
007239.png,MEDIUM,ultralytics,False,0,0,0,False,False,6,7
007240.png,MEDIUM,ultralytics,False,0,2,1,True,True,7,7
007241.png,MEDIUM,ultralytics,False,0,0,0,False,False,5,5
007242.png,MEDIUM,ultralytics,False,0,0,0,False,False,10,12
007243.png,MEDIUM,ultralytics,False,0,0,0,False,False,14,13
007244.png,MEDIUM,ultralytics,False,0,0,0,False,False,7,6
007245.png,MEDIUM,ultralytics,False,0,0,0,False,False,3,3
007246.png,MEDIUM,ultralytics,False,0,0,0,False,False,5,5
007247.png,MEDIUM,ultralytics,False,0,0,0,False,False,7,8
007248.png,MEDIUM,ultralytics,False,0,0,0,False,False,13,14
007249.png,MEDIUM,ultralytics,False,0,0,0,False,False,8,7
007250.png,MEDIUM,ultralytics,False,0,1,0,False,True,8,6
007251.png,MEDIUM,ultralytics,False,0,0,0,False,False,1,1
007252.png,MEDIUM,ultralytics,False,0,0,0,False,False,4,5
007253.png,MEDIUM,ultralytics,False,1,0,0,True,True,2,2
007254.png,MEDIUM,ultralytics,False,2,2,1,True,True,5,3
007255.png,MEDIUM,ultralytics,False,0,0,3,True,False,1,9
007256.png,MEDIUM,ultralytics,False,0,0,0,False,False,11,13
007257.png,MEDIUM,ultralytics,False,0,0,0,False,False,3,2
007258.png,MEDIUM,ultralytics,False,0,0,0,False,False,4,4
007259.png,MEDIUM,ultralytics,False,0,0,0,False,False,7,8
007260.png,MEDIUM,ultralytics,False,0,3,3,True,True,9,12
007261.png,MEDIUM,ultralytics,False,0,0,0,False,False,6,5
007262.png,MEDIUM,ultralytics,False,0,0,0,False,False,3,5
007263.png,MEDIUM,ultralytics,False,0,0,0,False,False,17,16
007264.png,MEDIUM,ultralytics,False,0,2,1,True,True,9,6
007265.png,MEDIUM,ultralytics,False,4,6,2,True,True,15,8
007266.png,MEDIUM,ultralytics,False,0,0,0,False,False,10,10
007267.png,MEDIUM,ultralytics,False,0,0,0,False,False,3,4
007268.png,MEDIUM,ultralytics,False,0,1,0,False,True,12,7
007269.png,MEDIUM,ultralytics,False,1,9,0,True,True,11,1
007270.png,MEDIUM,ultralytics,False,0,0,0,False,False,2,2
007271.png,MEDIUM,ultralytics,False,0,0,0,False,False,6,3
007272.png,MEDIUM,ultralytics,False,1,11,0,True,True,13,1
007273.png,MEDIUM,ultralytics,False,0,0,0,False,False,7,10
007274.png,MEDIUM,ultralytics,False,0,0,0,False,False,3,3
007275.png,MEDIUM,ultralytics,False,0,1,0,False,True,2,1
007276.png,MEDIUM,ultralytics,False,0,0,0,False,False,2,4
007277.png,MEDIUM,ultralytics,False,0,0,2,True,False,7,9
007278.png,MEDIUM,ultralytics,False,1,8,0,True,True,9,1
007279.png,MEDIUM,ultralytics,False,0,1,0,False,True,4,3
007280.png,MEDIUM,ultralytics,False,1,5,2,True,True,10,8
007281.png,MEDIUM,ultralytics,False,0,0,0,False,False,6,7
007282.png,MEDIUM,ultralytics,False,0,0,0,False,False,1,2
007283.png,MEDIUM,ultralytics,False,0,0,0,False,False,10,9
007284.png,MEDIUM,ultralytics,False,1,0,0,True,True,6,7
007285.png,MEDIUM,ultralytics,False,0,0,1,True,False,1,2
007286.png,MEDIUM,ultralytics,False,5,7,0,True,True,18,10
007287.png,MEDIUM,ultralytics,False,0,0,0,False,False,7,9
007288.png,MEDIUM,ultralytics,False,1,7,0,True,True,9,1
007289.png,MEDIUM,ultralytics,False,0,0,1,True,False,8,18
007290.png,MEDIUM,ultralytics,False,5,1,0,True,True,8,6
007291.png,MEDIUM,ultralytics,False,0,0,0,False,False,7,5
007292.png,MEDIUM,ultralytics,False,0,0,0,False,False,5,6
007293.png,MEDIUM,ultralytics,False,0,0,0,False,False,2,2
007294.png,MEDIUM,ultralytics,False,1,1,0,True,True,10,8
007295.png,MEDIUM,ultralytics,False,0,0,0,False,False,2,3
007296.png,MEDIUM,ultralytics,False,0,0,0,False,False,15,11
007297.png,MEDIUM,ultralytics,False,0,0,0,False,False,4,4
007298.png,MEDIUM,ultralytics,False,0,0,0,False,False,6,4
007299.png,MEDIUM,ultralytics,False,0,0,0,False,False,10,8
007300.png,MEDIUM,ultralytics,False,1,1,0,True,True,3,5
007301.png,MEDIUM,ultralytics,False,1,8,2,True,True,22,14
007302.png,MEDIUM,ultralytics,False,0,0,0,False,False,4,4
007303.png,MEDIUM,ultralytics,False,0,0,0,False,False,4,4
007304.png,MEDIUM,ultralytics,False,0,0,0,False,False,2,2
007305.png,MEDIUM,ultralytics,False,0,0,0,False,False,4,2
007306.png,MEDIUM,ultralytics,False,0,0,0,False,False,7,6
007307.png,MEDIUM,ultralytics,False,0,0,0,False,False,3,1
007308.png,MEDIUM,ultralytics,False,0,7,1,True,True,8,1
007309.png,MEDIUM,ultralytics,False,0,0,0,False,False,13,10
007310.png,MEDIUM,ultralytics,False,1,12,0,True,True,14,1
007311.png,MEDIUM,ultralytics,False,0,0,0,False,False,7,6
007312.png,MEDIUM,ultralytics,False,0,0,0,False,False,8,5
007313.png,MEDIUM,ultralytics,False,0,0,0,False,False,15,15
007314.png,MEDIUM,ultralytics,False,0,0,0,False,False,11,14
007315.png,MEDIUM,ultralytics,False,1,0,0,True,True,18,15
007316.png,MEDIUM,ultralytics,False,0,0,0,False,False,17,8
007317.png,MEDIUM,ultralytics,False,0,1,0,False,True,12,7
007318.png,MEDIUM,ultralytics,False,6,6,1,True,True,13,10
007319.png,MEDIUM,ultralytics,False,4,8,2,True,True,14,10
007320.png,MEDIUM,ultralytics,False,1,6,0,True,True,8,1
007321.png,MEDIUM,ultralytics,False,2,0,0,True,True,5,3
007322.png,MEDIUM,ultralytics,False,0,0,0,False,False,6,1
007323.png,MEDIUM,ultralytics,False,0,0,0,False,False,8,10
007324.png,MEDIUM,ultralytics,False,2,1,1,True,True,6,9
007325.png,MEDIUM,ultralytics,False,0,0,0,False,False,15,11
007326.png,MEDIUM,ultralytics,False,0,0,1,True,False,5,5
007327.png,MEDIUM,ultralytics,False,1,10,0,True,True,12,1
007328.png,MEDIUM,ultralytics,False,0,0,0,False,False,7,4
007329.png,MEDIUM,ultralytics,False,0,0,0,False,False,12,9
007330.png,MEDIUM,ultralytics,False,0,0,0,False,False,7,6
007331.png,MEDIUM,ultralytics,False,0,0,1,True,False,4,6
007332.png,MEDIUM,ultralytics,False,0,0,0,False,False,1,1
007333.png,MEDIUM,ultralytics,False,7,3,0,True,True,10,10
007334.png,MEDIUM,ultralytics,False,0,0,1,True,False,3,8
007335.png,MEDIUM,ultralytics,False,0,0,0,False,False,2,2
007336.png,MEDIUM,ultralytics,False,0,0,0,False,False,4,3
007337.png,MEDIUM,ultralytics,False,0,0,0,False,False,7,7
007338.png,MEDIUM,ultralytics,False,0,0,2,True,False,0,2
007339.png,MEDIUM,ultralytics,False,0,0,0,False,False,9,10
007340.png,MEDIUM,ultralytics,False,0,0,0,False,False,8,4
007341.png,MEDIUM,ultralytics,False,0,0,0,False,False,6,8
007342.png,MEDIUM,ultralytics,False,0,0,0,False,False,11,11
007343.png,MEDIUM,ultralytics,False,0,0,0,False,False,4,4
007344.png,MEDIUM,ultralytics,False,1,7,0,True,True,9,1
007345.png,MEDIUM,ultralytics,False,0,0,0,False,False,3,3
007346.png,MEDIUM,ultralytics,False,0,0,0,False,False,5,5
007347.png,MEDIUM,ultralytics,False,0,0,3,True,False,3,9
007348.png,MEDIUM,ultralytics,False,0,1,0,False,True,7,2
007349.png,MEDIUM,ultralytics,False,0,0,1,True,False,6,7
007350.png,MEDIUM,ultralytics,False,0,0,0,False,False,15,11
007351.png,MEDIUM,ultralytics,False,1,7,0,True,True,10,1
007352.png,MEDIUM,ultralytics,False,0,0,0,False,False,10,6
007353.png,MEDIUM,ultralytics,False,0,0,0,False,False,8,10
007354.png,MEDIUM,ultralytics,False,0,0,0,False,False,3,3
007355.png,MEDIUM,ultralytics,False,0,0,1,True,False,8,8
007356.png,MEDIUM,ultralytics,False,0,1,0,False,True,10,7
007357.png,MEDIUM,ultralytics,False,0,0,0,False,False,11,7
007358.png,MEDIUM,ultralytics,False,0,0,0,False,False,3,3
007359.png,MEDIUM,ultralytics,False,0,0,1,True,False,8,6
007360.png,MEDIUM,ultralytics,False,0,0,0,False,False,9,12
007361.png,MEDIUM,ultralytics,False,0,1,0,False,True,13,10
007362.png,MEDIUM,ultralytics,False,1,13,0,True,True,15,2
007363.png,MEDIUM,ultralytics,False,0,0,1,True,False,6,7
007364.png,MEDIUM,ultralytics,False,0,0,0,False,False,9,8
007365.png,MEDIUM,ultralytics,False,0,0,0,False,False,8,8
007366.png,MEDIUM,ultralytics,False,0,1,1,True,True,13,11
007367.png,MEDIUM,ultralytics,False,0,0,0,False,False,5,1
007368.png,MEDIUM,ultralytics,False,2,3,0,True,True,5,7
007369.png,MEDIUM,ultralytics,False,1,2,0,True,True,5,6
007370.png,MEDIUM,ultralytics,False,0,0,0,False,False,2,2
007371.png,MEDIUM,ultralytics,False,0,1,0,False,True,4,5
007372.png,MEDIUM,ultralytics,False,1,14,0,True,True,16,1
007373.png,MEDIUM,ultralytics,False,0,0,0,False,False,5,2
007374.png,MEDIUM,ultralytics,False,1,2,0,True,True,8,4
007375.png,MEDIUM,ultralytics,False,1,0,0,True,True,3,6
007376.png,MEDIUM,ultralytics,False,0,0,0,False,False,5,6
007377.png,MEDIUM,ultralytics,False,1,0,0,True,True,4,4
007378.png,MEDIUM,ultralytics,False,0,0,0,False,False,8,5
007379.png,MEDIUM,ultralytics,False,0,0,0,False,False,5,6
007380.png,MEDIUM,ultralytics,False,0,0,0,False,False,4,3
007381.png,MEDIUM,ultralytics,False,0,0,0,False,False,1,3
007382.png,MEDIUM,ultralytics,False,0,0,0,False,False,5,7
007383.png,MEDIUM,ultralytics,False,0,0,0,False,False,10,9
007384.png,MEDIUM,ultralytics,False,0,0,0,False,False,7,6
007385.png,MEDIUM,ultralytics,False,1,0,0,True,True,6,5
007386.png,MEDIUM,ultralytics,False,0,2,0,False,True,15,9
007387.png,MEDIUM,ultralytics,False,1,2,0,True,True,4,1
007388.png,MEDIUM,ultralytics,False,0,0,0,False,False,16,15
007389.png,MEDIUM,ultralytics,False,0,0,0,False,False,2,6
007390.png,MEDIUM,ultralytics,False,0,0,0,False,False,4,4
007391.png,MEDIUM,ultralytics,False,0,0,0,False,False,3,6
007392.png,MEDIUM,ultralytics,False,0,0,0,False,False,12,10
007393.png,MEDIUM,ultralytics,False,1,1,0,True,True,18,15
007394.png,MEDIUM,ultralytics,False,0,1,0,False,True,15,15
007395.png,MEDIUM,ultralytics,False,0,0,1,True,False,2,3
007396.png,MEDIUM,ultralytics,False,0,0,0,False,False,11,9
007397.png,MEDIUM,ultralytics,False,0,0,0,False,False,2,3
007398.png,MEDIUM,ultralytics,False,1,0,0,True,True,9,9
007399.png,MEDIUM,ultralytics,False,0,0,0,False,False,4,2
007400.png,MEDIUM,ultralytics,False,0,0,0,False,False,16,15
007401.png,MEDIUM,ultralytics,False,0,0,0,False,False,7,9
007402.png,MEDIUM,ultralytics,False,0,0,0,False,False,11,10
007403.png,MEDIUM,ultralytics,False,0,0,0,False,False,8,7
007404.png,MEDIUM,ultralytics,False,0,0,0,False,False,11,12
007405.png,MEDIUM,ultralytics,False,0,0,0,False,False,6,5
007406.png,MEDIUM,ultralytics,False,4,1,0,True,True,9,9
007407.png,MEDIUM,ultralytics,False,1,0,1,True,True,9,7
007408.png,MEDIUM,ultralytics,False,1,8,0,True,True,10,1
007409.png,MEDIUM,ultralytics,False,0,0,0,False,False,1,1
007410.png,MEDIUM,ultralytics,False,2,4,2,True,True,13,10
007411.png,MEDIUM,ultralytics,False,0,0,0,False,False,7,6
007412.png,MEDIUM,ultralytics,False,4,16,3,True,True,24,10
007413.png,MEDIUM,ultralytics,False,0,1,0,False,True,3,2
007414.png,MEDIUM,ultralytics,False,0,2,2,True,True,17,13
007415.png,MEDIUM,ultralytics,False,0,0,0,False,False,7,8
007416.png,MEDIUM,ultralytics,False,0,0,1,True,False,4,3
007417.png,MEDIUM,ultralytics,False,0,0,0,False,False,1,1
007418.png,MEDIUM,ultralytics,False,0,0,0,False,False,1,3
007419.png,MEDIUM,ultralytics,False,0,0,0,False,False,4,4
007420.png,MEDIUM,ultralytics,False,7,14,4,True,True,32,19
007421.png,MEDIUM,ultralytics,False,0,0,0,False,False,12,14
007422.png,MEDIUM,ultralytics,False,0,0,0,False,False,17,14
007423.png,MEDIUM,ultralytics,False,0,0,0,False,False,7,6
007424.png,MEDIUM,ultralytics,False,0,0,0,False,False,16,12
007425.png,MEDIUM,ultralytics,False,0,0,0,False,False,5,5
007426.png,MEDIUM,ultralytics,False,0,0,0,False,False,6,6
007427.png,MEDIUM,ultralytics,False,1,5,0,True,True,7,1
007428.png,MEDIUM,ultralytics,False,0,0,0,False,False,5,5
007429.png,MEDIUM,ultralytics,False,0,0,0,False,False,7,7
007430.png,MEDIUM,ultralytics,False,0,0,0,False,False,10,10
007431.png,MEDIUM,ultralytics,False,1,7,0,True,True,9,1
007432.png,MEDIUM,ultralytics,False,0,0,0,False,False,7,3
007433.png,MEDIUM,ultralytics,False,0,0,0,False,False,9,7
007434.png,MEDIUM,ultralytics,False,0,2,1,True,True,8,4
007435.png,MEDIUM,ultralytics,False,0,0,0,False,False,17,9
007436.png,MEDIUM,ultralytics,False,1,11,0,True,True,13,1
007437.png,MEDIUM,ultralytics,False,0,0,0,False,False,5,6
007438.png,MEDIUM,ultralytics,False,0,0,0,False,False,5,2
007439.png,MEDIUM,ultralytics,False,0,0,0,False,False,3,4
007440.png,MEDIUM,ultralytics,False,0,0,0,False,False,11,11
007441.png,MEDIUM,ultralytics,False,0,0,0,False,False,1,2
007442.png,MEDIUM,ultralytics,False,0,0,0,False,False,7,8
007443.png,MEDIUM,ultralytics,False,0,0,0,False,False,3,4
007444.png,MEDIUM,ultralytics,False,0,1,0,False,True,6,5
007445.png,MEDIUM,ultralytics,False,0,0,0,False,False,7,9
007446.png,MEDIUM,ultralytics,False,1,5,0,True,True,7,3
007447.png,MEDIUM,ultralytics,False,0,0,1,True,False,4,5
007448.png,MEDIUM,ultralytics,False,1,7,0,True,True,9,1
007449.png,MEDIUM,ultralytics,False,0,0,0,False,False,5,3
007450.png,MEDIUM,ultralytics,False,0,0,0,False,False,1,2
007451.png,MEDIUM,ultralytics,False,1,0,2,True,True,8,10
007452.png,MEDIUM,ultralytics,False,0,2,2,True,True,9,8
007453.png,MEDIUM,ultralytics,False,0,0,0,False,False,6,7
007454.png,MEDIUM,ultralytics,False,0,0,0,False,False,5,6
007455.png,MEDIUM,ultralytics,False,0,0,0,False,False,1,1
007456.png,MEDIUM,ultralytics,False,0,0,0,False,False,7,6
007457.png,MEDIUM,ultralytics,False,0,1,0,False,True,16,8
007458.png,MEDIUM,ultralytics,False,0,0,1,True,False,22,21
007459.png,MEDIUM,ultralytics,False,0,0,0,False,False,10,6
007460.png,MEDIUM,ultralytics,False,0,0,0,False,False,2,2
007461.png,MEDIUM,ultralytics,False,0,0,0,False,False,1,1
007462.png,MEDIUM,ultralytics,False,0,0,0,False,False,14,10
007463.png,MEDIUM,ultralytics,False,1,0,0,True,True,8,8
007464.png,MEDIUM,ultralytics,False,3,4,1,True,True,9,6
007465.png,MEDIUM,ultralytics,False,1,0,0,True,True,8,8
007466.png,MEDIUM,ultralytics,False,0,0,0,False,False,6,6
007467.png,MEDIUM,ultralytics,False,0,0,0,False,False,7,5
007468.png,MEDIUM,ultralytics,False,0,1,0,False,True,6,6
007469.png,MEDIUM,ultralytics,False,1,6,3,True,True,12,7
007470.png,MEDIUM,ultralytics,False,0,0,0,False,False,14,10
007471.png,MEDIUM,ultralytics,False,0,0,0,False,False,1,1
007472.png,MEDIUM,ultralytics,False,0,0,0,False,False,3,2
007473.png,MEDIUM,ultralytics,False,0,0,1,True,False,5,5
007474.png,MEDIUM,ultralytics,False,0,0,0,False,False,4,7
007475.png,MEDIUM,ultralytics,False,0,1,0,False,True,10,8
007476.png,MEDIUM,ultralytics,False,1,0,0,True,True,5,5
007477.png,MEDIUM,ultralytics,False,1,4,0,True,True,7,1
007478.png,MEDIUM,ultralytics,False,0,0,0,False,False,7,5
007479.png,MEDIUM,ultralytics,False,0,0,0,False,False,5,8
007480.png,MEDIUM,ultralytics,False,1,0,0,True,True,20,16
