20:03:26  INFO     Loaded 1500 frames from /data/kitti/images/val
20:03:26  INFO     Real inference mode: 1500 frames available
20:03:26  INFO     === RAMS Benchmark  run_id=rams_20260908_200326_118f3ccde03f ===
20:03:26  INFO     Policies: ['threshold', 'predictive', 'safety', 'adaptive', 'safety2', 'fixed_nano', 'fixed_small', 'fixed_medium']  |  Profiles: ['burst']  |  N/block=200  |  blocks=10  |  simulate=False  |  frames=/data/kitti/images/val
20:03:26  INFO     
--- Block 1/10  Policy: fixed_small  Load: burst (100%) ---
20:03:26  INFO     [RAMS] Starting resource monitor ...
20:03:26  INFO     [RAMS] Loading model tiers ...
[0;93m2026-09-08 20:03:26.497166679 [W:onnxruntime:Default, device_discovery.cc:164 DiscoverDevicesForPlatform] GPU device discovery failed: device_discovery.cc:89 ReadFileContents Failed to open file: "/sys/class/drm/card0/device/vendor"[m
20:03:26  INFO     [RAMS] YOLOv8-nano ready — ONNX (imgsz=320).
20:03:26  INFO     [RAMS] YOLOv8-small ready — ONNX (imgsz=416).
20:03:27  INFO     [RAMS] YOLOv8-medium ready — ONNX (imgsz=640).
20:03:27  INFO     [RAMS] Controller ready. Policy: fixed
20:03:33  INFO       [fixed_small / burst] 20/200  tier=SMALL   latency=359.1 ms  R=0.754  target=0.85  dets=0  vru=False  backend=onnx
20:03:36  INFO       [fixed_small / burst] 40/200  tier=SMALL   latency=128.3 ms  R=0.299  target=0.00  dets=1  vru=False  backend=onnx
20:03:39  INFO       [fixed_small / burst] 60/200  tier=SMALL   latency=128.5 ms  R=0.381  target=0.00  dets=1  vru=False  backend=onnx
20:03:42  INFO       [fixed_small / burst] 80/200  tier=SMALL   latency=130.9 ms  R=0.475  target=0.00  dets=3  vru=False  backend=onnx
20:03:45  INFO       [fixed_small / burst] 100/200  tier=SMALL   latency=132.0 ms  R=0.346  target=0.00  dets=12  vru=False  backend=onnx
20:03:49  INFO       [fixed_small / burst] 120/200  tier=SMALL   latency=162.8 ms  R=0.759  target=0.85  dets=4  vru=False  backend=onnx
20:03:52  INFO       [fixed_small / burst] 140/200  tier=SMALL   latency=128.8 ms  R=0.302  target=0.00  dets=7  vru=False  backend=onnx
20:03:55  INFO       [fixed_small / burst] 160/200  tier=SMALL   latency=128.3 ms  R=0.377  target=0.00  dets=2  vru=False  backend=onnx
20:03:58  INFO       [fixed_small / burst] 180/200  tier=SMALL   latency=128.9 ms  R=0.285  target=0.00  dets=2  vru=False  backend=onnx
20:04:01  INFO       [fixed_small / burst] 200/200  tier=SMALL   latency=128.7 ms  R=0.289  target=0.00  dets=8  vru=False  backend=onnx
20:04:01  INFO     [RAMS] Controller stopped.
20:04:01  INFO     
--- Block 1/10  Policy: fixed_nano  Load: burst (100%) ---
20:04:01  INFO     [RAMS] Starting resource monitor ...
20:04:01  INFO     [RAMS] Loading model tiers ...
20:04:01  INFO     [RAMS] YOLOv8-nano ready — ONNX (imgsz=320).
20:04:01  INFO     [RAMS] YOLOv8-small ready — ONNX (imgsz=416).
20:04:02  INFO     [RAMS] YOLOv8-medium ready — ONNX (imgsz=640).
20:04:02  INFO     [RAMS] Controller ready. Policy: fixed
20:04:02  INFO     [RAMS] Tier switch: SMALL → NANO  (R=0.760)
20:04:04  INFO       [fixed_nano / burst] 20/200  tier=NANO    latency=112.6 ms  R=0.731  target=0.85  dets=0  vru=False  backend=onnx
20:04:05  INFO       [fixed_nano / burst] 40/200  tier=NANO    latency=32.1 ms  R=0.366  target=0.00  dets=1  vru=False  backend=onnx
20:04:06  INFO       [fixed_nano / burst] 60/200  tier=NANO    latency=31.6 ms  R=0.363  target=0.00  dets=1  vru=False  backend=onnx
20:04:07  INFO       [fixed_nano / burst] 80/200  tier=NANO    latency=32.1 ms  R=0.363  target=0.00  dets=2  vru=False  backend=onnx
20:04:08  INFO       [fixed_nano / burst] 100/200  tier=NANO    latency=32.9 ms  R=0.329  target=0.00  dets=11  vru=False  backend=onnx
20:04:09  INFO       [fixed_nano / burst] 120/200  tier=NANO    latency=60.0 ms  R=0.754  target=0.85  dets=3  vru=False  backend=onnx
20:04:10  INFO       [fixed_nano / burst] 140/200  tier=NANO    latency=32.2 ms  R=0.275  target=0.00  dets=4  vru=False  backend=onnx
20:04:11  INFO       [fixed_nano / burst] 160/200  tier=NANO    latency=31.3 ms  R=0.273  target=0.00  dets=0  vru=False  backend=onnx
20:04:12  INFO       [fixed_nano / burst] 180/200  tier=NANO    latency=31.8 ms  R=0.273  target=0.00  dets=3  vru=False  backend=onnx
20:04:13  INFO       [fixed_nano / burst] 200/200  tier=NANO    latency=32.1 ms  R=0.268  target=0.00  dets=6  vru=False  backend=onnx
20:04:13  INFO     [RAMS] Controller stopped.
20:04:13  INFO     
--- Block 1/10  Policy: threshold  Load: burst (100%) ---
20:04:13  INFO     [RAMS] Starting resource monitor ...
20:04:13  INFO     [RAMS] Loading model tiers ...
20:04:13  INFO     [RAMS] YOLOv8-nano ready — ONNX (imgsz=320).
20:04:14  INFO     [RAMS] YOLOv8-small ready — ONNX (imgsz=416).
20:04:14  INFO     [RAMS] YOLOv8-medium ready — ONNX (imgsz=640).
20:04:14  INFO     [RAMS] Controller ready. Policy: threshold
20:04:15  INFO     [RAMS] Tier switch: SMALL → NANO  (R=0.748)
20:04:16  INFO       [threshold / burst] 20/200  tier=NANO    latency=52.6 ms  R=0.754  target=0.85  dets=0  vru=False  backend=onnx
20:04:16  INFO     [RAMS] Tier switch: NANO → MEDIUM  (R=0.206)
20:04:19  INFO     [RAMS] Tier switch: MEDIUM → SMALL  (R=0.295)
20:04:21  INFO       [threshold / burst] 40/200  tier=SMALL   latency=129.0 ms  R=0.283  target=0.00  dets=1  vru=False  backend=onnx
20:04:24  INFO       [threshold / burst] 60/200  tier=SMALL   latency=130.7 ms  R=0.422  target=0.00  dets=1  vru=False  backend=onnx
20:04:26  INFO       [threshold / burst] 80/200  tier=SMALL   latency=131.2 ms  R=0.358  target=0.00  dets=3  vru=False  backend=onnx
20:04:29  INFO       [threshold / burst] 100/200  tier=SMALL   latency=130.3 ms  R=0.301  target=0.00  dets=12  vru=False  backend=onnx
20:04:30  INFO     [RAMS] Tier switch: SMALL → NANO  (R=0.737)
20:04:31  INFO       [threshold / burst] 120/200  tier=NANO    latency=75.3 ms  R=0.754  target=0.85  dets=3  vru=False  backend=onnx
20:04:31  INFO     [RAMS] Tier switch: NANO → MEDIUM  (R=0.065)
20:04:33  INFO     [RAMS] Tier switch: MEDIUM → SMALL  (R=0.299)
20:04:36  INFO       [threshold / burst] 140/200  tier=SMALL   latency=128.0 ms  R=0.297  target=0.00  dets=7  vru=False  backend=onnx
20:04:38  INFO       [threshold / burst] 160/200  tier=SMALL   latency=127.7 ms  R=0.314  target=0.00  dets=2  vru=False  backend=onnx
20:04:41  INFO       [threshold / burst] 180/200  tier=SMALL   latency=128.0 ms  R=0.310  target=0.00  dets=2  vru=False  backend=onnx
20:04:44  INFO       [threshold / burst] 200/200  tier=SMALL   latency=128.6 ms  R=0.287  target=0.00  dets=8  vru=False  backend=onnx
20:04:44  INFO     [RAMS] Controller stopped.
20:04:44  INFO     
--- Block 1/10  Policy: predictive  Load: burst (100%) ---
20:04:44  INFO     [RAMS] Starting resource monitor ...
20:04:44  INFO     [RAMS] Loading model tiers ...
20:04:44  INFO     [RAMS] YOLOv8-nano ready — ONNX (imgsz=320).
20:04:44  INFO     [RAMS] YOLOv8-small ready — ONNX (imgsz=416).
20:04:45  INFO     [RAMS] YOLOv8-medium ready — ONNX (imgsz=640).
20:04:45  INFO     [RAMS] Controller ready. Policy: predictive
20:04:45  INFO     [RAMS] Tier switch: SMALL → NANO  (R=0.754)
20:04:47  INFO       [predictive / burst] 20/200  tier=NANO    latency=37.8 ms  R=0.760  target=0.85  dets=0  vru=False  backend=onnx
20:04:48  INFO     [RAMS] Tier switch: NANO → SMALL  (R=0.135)
20:04:50  INFO       [predictive / burst] 40/200  tier=SMALL   latency=128.7 ms  R=0.343  target=0.00  dets=1  vru=False  backend=onnx
20:04:53  INFO       [predictive / burst] 60/200  tier=SMALL   latency=128.1 ms  R=0.289  target=0.00  dets=1  vru=False  backend=onnx
20:04:56  INFO       [predictive / burst] 80/200  tier=SMALL   latency=128.0 ms  R=0.360  target=0.00  dets=3  vru=False  backend=onnx
20:04:59  INFO       [predictive / burst] 100/200  tier=SMALL   latency=130.6 ms  R=0.285  target=0.00  dets=12  vru=False  backend=onnx
20:04:59  INFO     [RAMS] Tier switch: SMALL → NANO  (R=0.754)
20:05:01  INFO       [predictive / burst] 120/200  tier=NANO    latency=111.5 ms  R=0.748  target=0.85  dets=3  vru=False  backend=onnx
20:05:01  INFO     [RAMS] Tier switch: NANO → SMALL  (R=0.241)
20:05:04  INFO       [predictive / burst] 140/200  tier=SMALL   latency=129.1 ms  R=0.346  target=0.00  dets=7  vru=False  backend=onnx
20:05:07  INFO       [predictive / burst] 160/200  tier=SMALL   latency=130.6 ms  R=0.387  target=0.00  dets=2  vru=False  backend=onnx
20:05:10  INFO       [predictive / burst] 180/200  tier=SMALL   latency=130.1 ms  R=0.351  target=0.00  dets=2  vru=False  backend=onnx
20:05:12  INFO       [predictive / burst] 200/200  tier=SMALL   latency=129.4 ms  R=0.295  target=0.00  dets=8  vru=False  backend=onnx
20:05:12  INFO     [RAMS] Controller stopped.
20:05:13  INFO     
--- Block 1/10  Policy: adaptive  Load: burst (100%) ---
20:05:13  INFO     [RAMS] Starting resource monitor ...
20:05:13  INFO     [RAMS] Loading model tiers ...
20:05:13  INFO     [RAMS] YOLOv8-nano ready — ONNX (imgsz=320).
20:05:13  INFO     [RAMS] YOLOv8-small ready — ONNX (imgsz=416).
20:05:14  INFO     [RAMS] YOLOv8-medium ready — ONNX (imgsz=640).
20:05:14  INFO     [RAMS] Controller ready. Policy: adaptive
20:05:14  INFO     [RAMS] Tier switch: SMALL → NANO  (R=0.707)
20:05:15  INFO       [adaptive / burst] 20/200  tier=NANO    latency=62.0 ms  R=0.748  target=0.85  dets=0  vru=False  backend=onnx
20:05:15  INFO     [RAMS] Tier switch: NANO → SMALL  (R=0.071)
20:05:18  INFO       [adaptive / burst] 40/200  tier=SMALL   latency=127.8 ms  R=0.323  target=0.00  dets=1  vru=False  backend=onnx
20:05:21  INFO       [adaptive / burst] 60/200  tier=SMALL   latency=128.7 ms  R=0.319  target=0.00  dets=1  vru=False  backend=onnx
20:05:24  INFO       [adaptive / burst] 80/200  tier=SMALL   latency=127.6 ms  R=0.291  target=0.00  dets=3  vru=False  backend=onnx
20:05:27  INFO       [adaptive / burst] 100/200  tier=SMALL   latency=129.0 ms  R=0.283  target=0.00  dets=12  vru=False  backend=onnx
20:05:27  INFO     [RAMS] Tier switch: SMALL → NANO  (R=0.760)
20:05:29  INFO       [adaptive / burst] 120/200  tier=NANO    latency=76.2 ms  R=0.743  target=0.85  dets=3  vru=False  backend=onnx
20:05:29  INFO     [RAMS] Tier switch: NANO → SMALL  (R=0.284)
20:05:32  INFO       [adaptive / burst] 140/200  tier=SMALL   latency=129.5 ms  R=0.373  target=0.00  dets=7  vru=False  backend=onnx
20:05:35  INFO       [adaptive / burst] 160/200  tier=SMALL   latency=128.2 ms  R=0.287  target=0.00  dets=2  vru=False  backend=onnx
20:05:37  INFO       [adaptive / burst] 180/200  tier=SMALL   latency=128.4 ms  R=0.291  target=0.00  dets=2  vru=False  backend=onnx
20:05:40  INFO       [adaptive / burst] 200/200  tier=SMALL   latency=128.8 ms  R=0.301  target=0.00  dets=8  vru=False  backend=onnx
20:05:40  INFO     [RAMS] Controller stopped.
20:05:41  INFO     
--- Block 1/10  Policy: fixed_medium  Load: burst (100%) ---
20:05:41  INFO     [RAMS] Starting resource monitor ...
20:05:41  INFO     [RAMS] Loading model tiers ...
20:05:41  INFO     [RAMS] YOLOv8-nano ready — ONNX (imgsz=320).
20:05:41  INFO     [RAMS] YOLOv8-small ready — ONNX (imgsz=416).
20:05:42  INFO     [RAMS] YOLOv8-medium ready — ONNX (imgsz=640).
20:05:42  INFO     [RAMS] Controller ready. Policy: fixed
20:05:42  INFO     [RAMS] Tier switch: SMALL → MEDIUM  (R=0.701)
20:06:05  INFO       [fixed_medium / burst] 20/200  tier=MEDIUM  latency=1191.0 ms  R=0.742  target=0.85  dets=3  vru=False  backend=onnx
20:06:20  INFO       [fixed_medium / burst] 40/200  tier=MEDIUM  latency=711.1 ms  R=0.305  target=0.00  dets=1  vru=False  backend=onnx
20:06:34  INFO       [fixed_medium / burst] 60/200  tier=MEDIUM  latency=723.0 ms  R=0.373  target=0.00  dets=4  vru=False  backend=onnx
20:06:49  INFO       [fixed_medium / burst] 80/200  tier=MEDIUM  latency=713.2 ms  R=0.301  target=0.00  dets=5  vru=False  backend=onnx
20:07:04  INFO       [fixed_medium / burst] 100/200  tier=MEDIUM  latency=714.7 ms  R=0.299  target=0.00  dets=15  vru=False  backend=onnx
20:07:27  INFO       [fixed_medium / burst] 120/200  tier=MEDIUM  latency=1283.4 ms  R=0.760  target=0.85  dets=4  vru=False  backend=onnx
20:07:42  INFO       [fixed_medium / burst] 140/200  tier=MEDIUM  latency=726.7 ms  R=0.376  target=0.00  dets=13  vru=False  backend=onnx
20:07:57  INFO       [fixed_medium / burst] 160/200  tier=MEDIUM  latency=713.8 ms  R=0.305  target=0.00  dets=6  vru=False  backend=onnx
20:08:11  INFO       [fixed_medium / burst] 180/200  tier=MEDIUM  latency=714.6 ms  R=0.316  target=0.00  dets=3  vru=False  backend=onnx
20:08:26  INFO       [fixed_medium / burst] 200/200  tier=MEDIUM  latency=723.4 ms  R=0.380  target=0.00  dets=16  vru=False  backend=onnx
20:08:26  INFO     [RAMS] Controller stopped.
20:08:26  INFO     
--- Block 1/10  Policy: safety2  Load: burst (100%) ---
20:08:26  INFO     [RAMS] Starting resource monitor ...
20:08:26  INFO     [RAMS] Loading model tiers ...
20:08:26  INFO     [RAMS] YOLOv8-nano ready — ONNX (imgsz=320).
20:08:26  INFO     [RAMS] YOLOv8-small ready — ONNX (imgsz=416).
20:08:27  INFO     [RAMS] YOLOv8-medium ready — ONNX (imgsz=640).
20:08:27  INFO     [RAMS] Controller ready. Policy: safety2
20:08:29  INFO     [RAMS] Tier switch: SMALL → NANO  (R=0.736)
20:08:29  INFO     [RAMS] Tier switch: NANO → MEDIUM  (R=0.748)
20:08:32  INFO     [RAMS] Tier switch: MEDIUM → SMALL  (R=0.760)
20:08:33  INFO     [RAMS] Tier switch: SMALL → NANO  (R=0.760)
20:08:33  INFO       [safety2 / burst] 20/200  tier=NANO    latency=142.5 ms  R=0.760  target=0.85  dets=0  vru=False  backend=onnx
20:08:34  INFO     [RAMS] Tier switch: NANO → MEDIUM  (R=0.154)
20:08:36  INFO     [RAMS] Tier switch: MEDIUM → SMALL  (R=0.299)
20:08:38  INFO     [RAMS] Tier switch: SMALL → MEDIUM  (R=0.301)
20:08:38  INFO       [safety2 / burst] 40/200  tier=MEDIUM  latency=715.2 ms  R=0.301  target=0.00  dets=1  vru=False  backend=onnx
20:08:40  INFO     [RAMS] Tier switch: MEDIUM → SMALL  (R=0.303)
20:08:41  INFO     [RAMS] Tier switch: SMALL → MEDIUM  (R=0.297)
20:08:43  INFO     [RAMS] Tier switch: MEDIUM → SMALL  (R=0.390)
20:08:44  INFO       [safety2 / burst] 60/200  tier=SMALL   latency=128.7 ms  R=0.468  target=0.00  dets=1  vru=False  backend=onnx
20:08:45  INFO     [RAMS] Tier switch: SMALL → MEDIUM  (R=0.348)
20:08:48  INFO     [RAMS] Tier switch: MEDIUM → SMALL  (R=0.367)
20:08:49  INFO       [safety2 / burst] 80/200  tier=SMALL   latency=128.0 ms  R=0.287  target=0.00  dets=3  vru=False  backend=onnx
20:08:49  INFO     [RAMS] Tier switch: SMALL → MEDIUM  (R=0.290)
20:08:51  INFO     [RAMS] Tier switch: MEDIUM → SMALL  (R=0.305)
20:08:52  INFO     [RAMS] Tier switch: SMALL → MEDIUM  (R=0.297)
20:08:55  INFO     [RAMS] Tier switch: MEDIUM → SMALL  (R=0.297)
20:08:55  INFO     [RAMS] Tier switch: SMALL → MEDIUM  (R=0.316)
20:08:56  INFO       [safety2 / burst] 100/200  tier=MEDIUM  latency=716.3 ms  R=0.316  target=0.00  dets=15  vru=False  backend=onnx
20:08:58  INFO     [RAMS] Tier switch: MEDIUM → SMALL  (R=0.760)
20:08:58  INFO     [RAMS] Tier switch: SMALL → NANO  (R=0.725)
20:08:59  INFO     [RAMS] Tier switch: NANO → SMALL  (R=0.737)
20:08:59  INFO     [RAMS] Tier switch: SMALL → NANO  (R=0.748)
20:09:00  INFO     [RAMS] Tier switch: NANO → SMALL  (R=0.737)
20:09:00  INFO     [RAMS] Tier switch: SMALL → MEDIUM  (R=0.737)
20:09:06  INFO       [safety2 / burst] 120/200  tier=MEDIUM  latency=1631.8 ms  R=0.737  target=0.85  dets=4  vru=False  backend=onnx
20:09:09  INFO     [RAMS] Tier switch: MEDIUM → SMALL  (R=0.386)
20:09:11  INFO       [safety2 / burst] 140/200  tier=SMALL   latency=128.3 ms  R=0.292  target=0.00  dets=7  vru=False  backend=onnx
20:09:13  INFO     [RAMS] Tier switch: SMALL → MEDIUM  (R=0.305)
20:09:16  INFO       [safety2 / burst] 160/200  tier=MEDIUM  latency=715.1 ms  R=0.316  target=0.00  dets=6  vru=False  backend=onnx
20:09:16  INFO     [RAMS] Tier switch: MEDIUM → SMALL  (R=0.301)
20:09:18  INFO     [RAMS] Tier switch: SMALL → MEDIUM  (R=0.413)
20:09:20  INFO       [safety2 / burst] 180/200  tier=MEDIUM  latency=715.3 ms  R=0.299  target=0.00  dets=3  vru=False  backend=onnx
20:09:20  INFO     [RAMS] Tier switch: MEDIUM → SMALL  (R=0.317)
20:09:21  INFO     [RAMS] Tier switch: SMALL → MEDIUM  (R=0.313)
20:09:23  INFO     [RAMS] Tier switch: MEDIUM → SMALL  (R=0.301)
20:09:23  INFO     [RAMS] Tier switch: SMALL → MEDIUM  (R=0.308)
20:09:30  INFO     [RAMS] Tier switch: MEDIUM → SMALL  (R=0.371)
20:09:30  INFO       [safety2 / burst] 200/200  tier=SMALL   latency=131.2 ms  R=0.368  target=0.00  dets=8  vru=False  backend=onnx
20:09:30  INFO     [RAMS] Controller stopped.
20:09:30  INFO     
--- Block 1/10  Policy: safety  Load: burst (100%) ---
20:09:30  INFO     [RAMS] Starting resource monitor ...
20:09:30  INFO     [RAMS] Loading model tiers ...
20:09:30  INFO     [RAMS] YOLOv8-nano ready — ONNX (imgsz=320).
20:09:31  INFO     [RAMS] YOLOv8-small ready — ONNX (imgsz=416).
20:09:31  INFO     [RAMS] YOLOv8-medium ready — ONNX (imgsz=640).
20:09:31  INFO     [RAMS] Controller ready. Policy: safety
20:09:32  INFO     [RAMS] Tier switch: SMALL → NANO  (R=0.759)
20:09:33  INFO     [RAMS] Tier switch: NANO → SMALL  (R=0.742)
20:09:34  INFO     [RAMS] Tier switch: SMALL → NANO  (R=0.736)
20:09:34  INFO       [safety / burst] 20/200  tier=NANO    latency=72.5 ms  R=0.736  target=0.85  dets=0  vru=False  backend=onnx
20:09:35  INFO     [RAMS] Tier switch: NANO → MEDIUM  (R=0.101)
20:09:37  INFO     [RAMS] Tier switch: MEDIUM → SMALL  (R=0.311)
20:09:39  INFO       [safety / burst] 40/200  tier=SMALL   latency=127.6 ms  R=0.297  target=0.00  dets=1  vru=False  backend=onnx
20:09:42  INFO       [safety / burst] 60/200  tier=SMALL   latency=127.6 ms  R=0.301  target=0.00  dets=1  vru=False  backend=onnx
20:09:44  INFO       [safety / burst] 80/200  tier=SMALL   latency=127.6 ms  R=0.311  target=0.00  dets=3  vru=False  backend=onnx
20:09:47  INFO       [safety / burst] 100/200  tier=SMALL   latency=130.3 ms  R=0.475  target=0.00  dets=12  vru=False  backend=onnx
20:09:51  INFO     [RAMS] Tier switch: SMALL → NANO  (R=0.749)
20:09:51  INFO     [RAMS] Tier switch: NANO → SMALL  (R=0.737)
20:09:52  INFO     [RAMS] Tier switch: SMALL → NANO  (R=0.761)
20:09:52  INFO     [RAMS] Tier switch: NANO → SMALL  (R=0.756)
20:09:54  INFO       [safety / burst] 120/200  tier=SMALL   latency=179.7 ms  R=0.743  target=0.85  dets=4  vru=False  backend=onnx
20:09:57  INFO       [safety / burst] 140/200  tier=SMALL   latency=129.1 ms  R=0.293  target=0.00  dets=7  vru=False  backend=onnx
20:09:59  INFO       [safety / burst] 160/200  tier=SMALL   latency=128.3 ms  R=0.285  target=0.00  dets=2  vru=False  backend=onnx
20:10:02  INFO       [safety / burst] 180/200  tier=SMALL   latency=128.5 ms  R=0.283  target=0.00  dets=2  vru=False  backend=onnx
20:10:05  INFO       [safety / burst] 200/200  tier=SMALL   latency=129.0 ms  R=0.308  target=0.00  dets=8  vru=False  backend=onnx
20:10:05  INFO     [RAMS] Controller stopped.
20:10:05  INFO     
--- Block 2/10  Policy: safety2  Load: burst (100%) ---
20:10:05  INFO     [RAMS] Starting resource monitor ...
20:10:05  INFO     [RAMS] Loading model tiers ...
20:10:05  INFO     [RAMS] YOLOv8-nano ready — ONNX (imgsz=320).
20:10:06  INFO     [RAMS] YOLOv8-small ready — ONNX (imgsz=416).
20:10:06  INFO     [RAMS] YOLOv8-medium ready — ONNX (imgsz=640).
20:10:06  INFO     [RAMS] Controller ready. Policy: safety2
20:10:07  INFO     [RAMS] Tier switch: SMALL → NANO  (R=0.754)
20:10:07  INFO     [RAMS] Tier switch: NANO → SMALL  (R=0.754)
20:10:07  INFO     [RAMS] Tier switch: SMALL → MEDIUM  (R=0.748)
20:10:10  INFO     [RAMS] Tier switch: MEDIUM → NANO  (R=0.749)
20:10:10  INFO     [RAMS] Tier switch: NANO → MEDIUM  (R=0.755)
20:10:15  INFO     [RAMS] Tier switch: MEDIUM → SMALL  (R=0.760)
20:10:16  INFO     [RAMS] Tier switch: SMALL → MEDIUM  (R=0.760)
20:10:18  INFO     [RAMS] Tier switch: MEDIUM → SMALL  (R=0.760)
20:10:18  INFO     [RAMS] Tier switch: SMALL → NANO  (R=0.748)
20:10:19  INFO       [safety2 / burst] 20/200  tier=NANO    latency=69.9 ms  R=0.743  target=0.85  dets=13  vru=False  backend=onnx
20:10:19  INFO     [RAMS] Tier switch: NANO → MEDIUM  (R=0.193)
20:10:21  INFO     [RAMS] Tier switch: MEDIUM → SMALL  (R=0.313)
20:10:23  INFO     [RAMS] Tier switch: SMALL → MEDIUM  (R=0.297)
20:10:25  INFO       [safety2 / burst] 40/200  tier=MEDIUM  latency=718.7 ms  R=0.301  target=0.00  dets=13  vru=False  backend=onnx
20:10:25  INFO     [RAMS] Tier switch: MEDIUM → SMALL  (R=0.295)
20:10:27  INFO     [RAMS] Tier switch: SMALL → MEDIUM  (R=0.292)
20:10:29  INFO     [RAMS] Tier switch: MEDIUM → SMALL  (R=0.311)
20:10:29  INFO     [RAMS] Tier switch: SMALL → MEDIUM  (R=0.299)
20:10:31  INFO       [safety2 / burst] 60/200  tier=MEDIUM  latency=723.7 ms  R=0.393  target=0.00  dets=8  vru=False  backend=onnx
20:10:31  INFO     [RAMS] Tier switch: MEDIUM → SMALL  (R=0.478)
20:10:33  INFO     [RAMS] Tier switch: SMALL → MEDIUM  (R=0.377)
20:10:36  INFO     [RAMS] Tier switch: MEDIUM → SMALL  (R=0.363)
20:10:36  INFO       [safety2 / burst] 80/200  tier=SMALL   latency=129.4 ms  R=0.354  target=0.00  dets=5  vru=False  backend=onnx
20:10:37  INFO     [RAMS] Tier switch: SMALL → MEDIUM  (R=0.292)
20:10:39  INFO     [RAMS] Tier switch: MEDIUM → SMALL  (R=0.392)
20:10:39  INFO     [RAMS] Tier switch: SMALL → MEDIUM  (R=0.290)
20:10:42  INFO     [RAMS] Tier switch: MEDIUM → SMALL  (R=0.301)
20:10:42  INFO       [safety2 / burst] 100/200  tier=SMALL   latency=129.6 ms  R=0.299  target=0.00  dets=2  vru=False  backend=onnx
20:10:44  INFO     [RAMS] Tier switch: SMALL → NANO  (R=0.760)
20:10:45  INFO     [RAMS] Tier switch: NANO → SMALL  (R=0.743)
20:10:45  INFO     [RAMS] Tier switch: SMALL → NANO  (R=0.748)
20:10:45  INFO       [safety2 / burst] 120/200  tier=NANO    latency=52.9 ms  R=0.748  target=0.85  dets=4  vru=False  backend=onnx
20:10:46  INFO     [RAMS] Tier switch: NANO → MEDIUM  (R=0.159)
20:10:48  INFO     [RAMS] Tier switch: MEDIUM → SMALL  (R=0.299)
20:10:50  INFO       [safety2 / burst] 140/200  tier=SMALL   latency=128.7 ms  R=0.322  target=0.00  dets=3  vru=False  backend=onnx
20:10:51  INFO     [RAMS] Tier switch: SMALL → MEDIUM  (R=0.283)
20:10:53  INFO     [RAMS] Tier switch: MEDIUM → SMALL  (R=0.466)
20:10:55  INFO       [safety2 / burst] 160/200  tier=SMALL   latency=129.7 ms  R=0.382  target=0.00  dets=0  vru=False  backend=onnx
20:10:58  INFO       [safety2 / burst] 180/200  tier=SMALL   latency=128.4 ms  R=0.386  target=0.00  dets=4  vru=True  backend=onnx
20:10:59  INFO     [RAMS] Tier switch: SMALL → MEDIUM  (R=0.301)
20:11:01  INFO     [RAMS] Tier switch: MEDIUM → SMALL  (R=0.297)
20:11:02  INFO     [RAMS] Tier switch: SMALL → MEDIUM  (R=0.299)
20:11:03  INFO       [safety2 / burst] 200/200  tier=MEDIUM  latency=720.6 ms  R=0.299  target=0.00  dets=5  vru=False  backend=onnx
20:11:03  INFO     [RAMS] Controller stopped.
20:11:03  INFO     
--- Block 2/10  Policy: threshold  Load: burst (100%) ---
20:11:03  INFO     [RAMS] Starting resource monitor ...
20:11:03  INFO     [RAMS] Loading model tiers ...
20:11:03  INFO     [RAMS] YOLOv8-nano ready — ONNX (imgsz=320).
20:11:03  INFO     [RAMS] YOLOv8-small ready — ONNX (imgsz=416).
20:11:04  INFO     [RAMS] YOLOv8-medium ready — ONNX (imgsz=640).
20:11:04  INFO     [RAMS] Controller ready. Policy: threshold
20:11:05  INFO     [RAMS] Tier switch: SMALL → NANO  (R=0.748)
20:11:06  INFO       [threshold / burst] 20/200  tier=NANO    latency=32.7 ms  R=0.748  target=0.85  dets=13  vru=False  backend=onnx
20:11:06  INFO     [RAMS] Tier switch: NANO → MEDIUM  (R=0.167)
20:11:08  INFO     [RAMS] Tier switch: MEDIUM → SMALL  (R=0.346)
20:11:10  INFO       [threshold / burst] 40/200  tier=SMALL   latency=128.7 ms  R=0.340  target=0.00  dets=6  vru=False  backend=onnx
20:11:13  INFO       [threshold / burst] 60/200  tier=SMALL   latency=131.1 ms  R=0.363  target=0.00  dets=6  vru=False  backend=onnx
20:11:16  INFO       [threshold / burst] 80/200  tier=SMALL   latency=129.6 ms  R=0.379  target=0.00  dets=5  vru=False  backend=onnx
20:11:19  INFO       [threshold / burst] 100/200  tier=SMALL   latency=129.5 ms  R=0.364  target=0.00  dets=2  vru=False  backend=onnx
20:11:20  INFO     [RAMS] Tier switch: SMALL → NANO  (R=0.760)
20:11:21  INFO       [threshold / burst] 120/200  tier=NANO    latency=37.6 ms  R=0.754  target=0.85  dets=4  vru=False  backend=onnx
20:11:21  INFO     [RAMS] Tier switch: NANO → MEDIUM  (R=0.125)
20:11:23  INFO     [RAMS] Tier switch: MEDIUM → SMALL  (R=0.320)
20:11:25  INFO       [threshold / burst] 140/200  tier=SMALL   latency=127.9 ms  R=0.313  target=0.00  dets=3  vru=False  backend=onnx
20:11:28  INFO       [threshold / burst] 160/200  tier=SMALL   latency=128.3 ms  R=0.295  target=0.00  dets=0  vru=False  backend=onnx
20:11:31  INFO       [threshold / burst] 180/200  tier=SMALL   latency=127.8 ms  R=0.306  target=0.00  dets=4  vru=True  backend=onnx
20:11:34  INFO       [threshold / burst] 200/200  tier=SMALL   latency=128.4 ms  R=0.287  target=0.00  dets=7  vru=False  backend=onnx
20:11:34  INFO     [RAMS] Controller stopped.
20:11:34  INFO     
--- Block 2/10  Policy: fixed_medium  Load: burst (100%) ---
20:11:34  INFO     [RAMS] Starting resource monitor ...
20:11:34  INFO     [RAMS] Loading model tiers ...
20:11:34  INFO     [RAMS] YOLOv8-nano ready — ONNX (imgsz=320).
20:11:34  INFO     [RAMS] YOLOv8-small ready — ONNX (imgsz=416).
20:11:35  INFO     [RAMS] YOLOv8-medium ready — ONNX (imgsz=640).
20:11:35  INFO     [RAMS] Controller ready. Policy: fixed
20:11:35  INFO     [RAMS] Tier switch: SMALL → MEDIUM  (R=0.760)
20:12:04  INFO       [fixed_medium / burst] 20/200  tier=MEDIUM  latency=1368.8 ms  R=0.744  target=0.85  dets=21  vru=False  backend=onnx
20:12:18  INFO       [fixed_medium / burst] 40/200  tier=MEDIUM  latency=720.3 ms  R=0.313  target=0.00  dets=13  vru=False  backend=onnx
20:12:33  INFO       [fixed_medium / burst] 60/200  tier=MEDIUM  latency=715.5 ms  R=0.307  target=0.00  dets=8  vru=False  backend=onnx
20:12:48  INFO       [fixed_medium / burst] 80/200  tier=MEDIUM  latency=716.0 ms  R=0.313  target=0.00  dets=8  vru=False  backend=onnx
20:13:02  INFO       [fixed_medium / burst] 100/200  tier=MEDIUM  latency=726.7 ms  R=0.369  target=0.00  dets=2  vru=False  backend=onnx
20:13:28  INFO       [fixed_medium / burst] 120/200  tier=MEDIUM  latency=1638.0 ms  R=0.755  target=0.85  dets=10  vru=False  backend=onnx
20:13:43  INFO       [fixed_medium / burst] 140/200  tier=MEDIUM  latency=712.8 ms  R=0.339  target=0.00  dets=8  vru=False  backend=onnx
20:13:58  INFO       [fixed_medium / burst] 160/200  tier=MEDIUM  latency=714.3 ms  R=0.313  target=0.00  dets=6  vru=False  backend=onnx
20:14:12  INFO       [fixed_medium / burst] 180/200  tier=MEDIUM  latency=725.2 ms  R=0.385  target=0.00  dets=4  vru=False  backend=onnx
20:14:27  INFO       [fixed_medium / burst] 200/200  tier=MEDIUM  latency=717.2 ms  R=0.303  target=0.00  dets=5  vru=False  backend=onnx
20:14:27  INFO     [RAMS] Controller stopped.
20:14:27  INFO     
--- Block 2/10  Policy: fixed_small  Load: burst (100%) ---
20:14:27  INFO     [RAMS] Starting resource monitor ...
20:14:27  INFO     [RAMS] Loading model tiers ...
20:14:27  INFO     [RAMS] YOLOv8-nano ready — ONNX (imgsz=320).
20:14:28  INFO     [RAMS] YOLOv8-small ready — ONNX (imgsz=416).
20:14:28  INFO     [RAMS] YOLOv8-medium ready — ONNX (imgsz=640).
20:14:28  INFO     [RAMS] Controller ready. Policy: fixed
20:14:36  INFO       [fixed_small / burst] 20/200  tier=SMALL   latency=285.1 ms  R=0.754  target=0.85  dets=16  vru=False  backend=onnx
20:14:39  INFO       [fixed_small / burst] 40/200  tier=SMALL   latency=129.1 ms  R=0.293  target=0.00  dets=6  vru=False  backend=onnx
20:14:42  INFO       [fixed_small / burst] 60/200  tier=SMALL   latency=128.9 ms  R=0.289  target=0.00  dets=6  vru=False  backend=onnx
20:14:45  INFO       [fixed_small / burst] 80/200  tier=SMALL   latency=129.1 ms  R=0.293  target=0.00  dets=5  vru=False  backend=onnx
20:14:47  INFO       [fixed_small / burst] 100/200  tier=SMALL   latency=129.0 ms  R=0.316  target=0.00  dets=2  vru=False  backend=onnx
20:14:53  INFO       [fixed_small / burst] 120/200  tier=SMALL   latency=331.7 ms  R=0.737  target=0.85  dets=10  vru=False  backend=onnx
20:14:56  INFO       [fixed_small / burst] 140/200  tier=SMALL   latency=129.9 ms  R=0.402  target=0.00  dets=3  vru=False  backend=onnx
20:14:59  INFO       [fixed_small / burst] 160/200  tier=SMALL   latency=129.7 ms  R=0.392  target=0.00  dets=0  vru=False  backend=onnx
20:15:01  INFO       [fixed_small / burst] 180/200  tier=SMALL   latency=130.1 ms  R=0.291  target=0.00  dets=4  vru=True  backend=onnx
20:15:04  INFO       [fixed_small / burst] 200/200  tier=SMALL   latency=129.4 ms  R=0.303  target=0.00  dets=7  vru=False  backend=onnx
20:15:04  INFO     [RAMS] Controller stopped.
20:15:05  INFO     
--- Block 2/10  Policy: safety  Load: burst (100%) ---
20:15:05  INFO     [RAMS] Starting resource monitor ...
20:15:05  INFO     [RAMS] Loading model tiers ...
20:15:05  INFO     [RAMS] YOLOv8-nano ready — ONNX (imgsz=320).
20:15:05  INFO     [RAMS] YOLOv8-small ready — ONNX (imgsz=416).
20:15:06  INFO     [RAMS] YOLOv8-medium ready — ONNX (imgsz=640).
20:15:06  INFO     [RAMS] Controller ready. Policy: safety
20:15:06  INFO     [RAMS] Tier switch: SMALL → NANO  (R=0.759)
20:15:06  INFO     [RAMS] Tier switch: NANO → SMALL  (R=0.759)
20:15:08  INFO     [RAMS] Tier switch: SMALL → NANO  (R=0.760)
20:15:08  INFO     [RAMS] Tier switch: NANO → SMALL  (R=0.749)
20:15:10  INFO       [safety / burst] 20/200  tier=SMALL   latency=270.8 ms  R=0.748  target=0.85  dets=16  vru=False  backend=onnx
20:15:13  INFO       [safety / burst] 40/200  tier=SMALL   latency=131.0 ms  R=0.369  target=0.00  dets=6  vru=False  backend=onnx
20:15:16  INFO       [safety / burst] 60/200  tier=SMALL   latency=131.3 ms  R=0.362  target=0.00  dets=6  vru=False  backend=onnx
20:15:19  INFO       [safety / burst] 80/200  tier=SMALL   latency=129.2 ms  R=0.347  target=0.00  dets=5  vru=False  backend=onnx
20:15:22  INFO       [safety / burst] 100/200  tier=SMALL   latency=129.0 ms  R=0.376  target=0.00  dets=2  vru=False  backend=onnx
20:15:24  INFO     [RAMS] Tier switch: SMALL → NANO  (R=0.760)
20:15:24  INFO     [RAMS] Tier switch: NANO → SMALL  (R=0.742)
20:15:25  INFO     [RAMS] Tier switch: SMALL → NANO  (R=0.760)
20:15:25  INFO       [safety / burst] 120/200  tier=NANO    latency=60.2 ms  R=0.760  target=0.85  dets=4  vru=False  backend=onnx
20:15:25  INFO     [RAMS] Tier switch: NANO → MEDIUM  (R=0.202)
20:15:27  INFO     [RAMS] Tier switch: MEDIUM → SMALL  (R=0.299)
20:15:29  INFO       [safety / burst] 140/200  tier=SMALL   latency=128.1 ms  R=0.287  target=0.00  dets=3  vru=False  backend=onnx
20:15:32  INFO       [safety / burst] 160/200  tier=SMALL   latency=128.1 ms  R=0.305  target=0.00  dets=0  vru=False  backend=onnx
20:15:35  INFO       [safety / burst] 180/200  tier=SMALL   latency=130.3 ms  R=0.373  target=0.00  dets=4  vru=True  backend=onnx
20:15:38  INFO       [safety / burst] 200/200  tier=SMALL   latency=130.0 ms  R=0.351  target=0.00  dets=7  vru=False  backend=onnx
20:15:38  INFO     [RAMS] Controller stopped.
20:15:38  INFO     
--- Block 2/10  Policy: adaptive  Load: burst (100%) ---
20:15:38  INFO     [RAMS] Starting resource monitor ...
20:15:38  INFO     [RAMS] Loading model tiers ...
20:15:38  INFO     [RAMS] YOLOv8-nano ready — ONNX (imgsz=320).
20:15:38  INFO     [RAMS] YOLOv8-small ready — ONNX (imgsz=416).
20:15:39  INFO     [RAMS] YOLOv8-medium ready — ONNX (imgsz=640).
20:15:39  INFO     [RAMS] Controller ready. Policy: adaptive
20:15:39  INFO     [RAMS] Tier switch: SMALL → NANO  (R=0.761)
20:15:41  INFO       [adaptive / burst] 20/200  tier=NANO    latency=76.2 ms  R=0.742  target=0.85  dets=13  vru=False  backend=onnx
20:15:41  INFO     [RAMS] Tier switch: NANO → SMALL  (R=0.071)
20:15:44  INFO       [adaptive / burst] 40/200  tier=SMALL   latency=129.3 ms  R=0.307  target=0.00  dets=6  vru=False  backend=onnx
20:15:47  INFO       [adaptive / burst] 60/200  tier=SMALL   latency=128.6 ms  R=0.377  target=0.00  dets=6  vru=False  backend=onnx
20:15:49  INFO       [adaptive / burst] 80/200  tier=SMALL   latency=129.9 ms  R=0.287  target=0.00  dets=5  vru=False  backend=onnx
20:15:52  INFO       [adaptive / burst] 100/200  tier=SMALL   latency=128.1 ms  R=0.293  target=0.00  dets=2  vru=False  backend=onnx
20:15:53  INFO     [RAMS] Tier switch: SMALL → NANO  (R=0.760)
20:15:54  INFO       [adaptive / burst] 120/200  tier=NANO    latency=86.3 ms  R=0.748  target=0.85  dets=4  vru=False  backend=onnx
20:15:54  INFO     [RAMS] Tier switch: NANO → SMALL  (R=0.072)
20:15:57  INFO       [adaptive / burst] 140/200  tier=SMALL   latency=129.0 ms  R=0.370  target=0.00  dets=3  vru=False  backend=onnx
20:16:00  INFO       [adaptive / burst] 160/200  tier=SMALL   latency=129.4 ms  R=0.387  target=0.00  dets=0  vru=False  backend=onnx
20:16:03  INFO       [adaptive / burst] 180/200  tier=SMALL   latency=128.1 ms  R=0.380  target=0.00  dets=4  vru=True  backend=onnx
20:16:06  INFO       [adaptive / burst] 200/200  tier=SMALL   latency=129.8 ms  R=0.298  target=0.00  dets=7  vru=False  backend=onnx
20:16:06  INFO     [RAMS] Controller stopped.
20:16:06  INFO     
--- Block 2/10  Policy: fixed_nano  Load: burst (100%) ---
20:16:06  INFO     [RAMS] Starting resource monitor ...
20:16:06  INFO     [RAMS] Loading model tiers ...
20:16:06  INFO     [RAMS] YOLOv8-nano ready — ONNX (imgsz=320).
20:16:06  INFO     [RAMS] YOLOv8-small ready — ONNX (imgsz=416).
20:16:07  INFO     [RAMS] YOLOv8-medium ready — ONNX (imgsz=640).
20:16:07  INFO     [RAMS] Controller ready. Policy: fixed
20:16:07  INFO     [RAMS] Tier switch: SMALL → NANO  (R=0.701)
20:16:08  INFO       [fixed_nano / burst] 20/200  tier=NANO    latency=42.0 ms  R=0.725  target=0.85  dets=13  vru=False  backend=onnx
20:16:09  INFO       [fixed_nano / burst] 40/200  tier=NANO    latency=31.7 ms  R=0.289  target=0.00  dets=4  vru=False  backend=onnx
20:16:10  INFO       [fixed_nano / burst] 60/200  tier=NANO    latency=31.7 ms  R=0.274  target=0.00  dets=3  vru=False  backend=onnx
20:16:11  INFO       [fixed_nano / burst] 80/200  tier=NANO    latency=31.9 ms  R=0.295  target=0.00  dets=5  vru=False  backend=onnx
20:16:12  INFO       [fixed_nano / burst] 100/200  tier=NANO    latency=31.4 ms  R=0.285  target=0.00  dets=1  vru=False  backend=onnx
20:16:14  INFO       [fixed_nano / burst] 120/200  tier=NANO    latency=94.3 ms  R=0.748  target=0.85  dets=4  vru=False  backend=onnx
20:16:15  INFO       [fixed_nano / burst] 140/200  tier=NANO    latency=31.4 ms  R=0.342  target=0.00  dets=2  vru=False  backend=onnx
20:16:15  INFO       [fixed_nano / burst] 160/200  tier=NANO    latency=32.2 ms  R=0.287  target=0.00  dets=0  vru=False  backend=onnx
20:16:16  INFO       [fixed_nano / burst] 180/200  tier=NANO    latency=32.1 ms  R=0.275  target=0.00  dets=2  vru=False  backend=onnx
20:16:17  INFO       [fixed_nano / burst] 200/200  tier=NANO    latency=32.1 ms  R=0.367  target=0.00  dets=6  vru=False  backend=onnx
20:16:17  INFO     [RAMS] Controller stopped.
20:16:18  INFO     
--- Block 2/10  Policy: predictive  Load: burst (100%) ---
20:16:18  INFO     [RAMS] Starting resource monitor ...
20:16:18  INFO     [RAMS] Loading model tiers ...
20:16:18  INFO     [RAMS] YOLOv8-nano ready — ONNX (imgsz=320).
20:16:18  INFO     [RAMS] YOLOv8-small ready — ONNX (imgsz=416).
20:16:19  INFO     [RAMS] YOLOv8-medium ready — ONNX (imgsz=640).
20:16:19  INFO     [RAMS] Controller ready. Policy: predictive
20:16:19  INFO     [RAMS] Tier switch: SMALL → NANO  (R=0.760)
20:16:21  INFO       [predictive / burst] 20/200  tier=NANO    latency=93.4 ms  R=0.755  target=0.85  dets=13  vru=False  backend=onnx
20:16:21  INFO     [RAMS] Tier switch: NANO → SMALL  (R=0.207)
20:16:24  INFO       [predictive / burst] 40/200  tier=SMALL   latency=129.9 ms  R=0.398  target=0.00  dets=6  vru=False  backend=onnx
20:16:27  INFO       [predictive / burst] 60/200  tier=SMALL   latency=132.1 ms  R=0.283  target=0.00  dets=6  vru=False  backend=onnx
20:16:29  INFO       [predictive / burst] 80/200  tier=SMALL   latency=130.3 ms  R=0.303  target=0.00  dets=5  vru=False  backend=onnx
20:16:32  INFO       [predictive / burst] 100/200  tier=SMALL   latency=129.7 ms  R=0.282  target=0.00  dets=2  vru=False  backend=onnx
20:16:33  INFO     [RAMS] Tier switch: SMALL → NANO  (R=0.742)
20:16:34  INFO       [predictive / burst] 120/200  tier=NANO    latency=42.2 ms  R=0.749  target=0.85  dets=4  vru=False  backend=onnx
20:16:35  INFO     [RAMS] Tier switch: NANO → SMALL  (R=0.066)
20:16:38  INFO       [predictive / burst] 140/200  tier=SMALL   latency=129.5 ms  R=0.301  target=0.00  dets=3  vru=False  backend=onnx
20:16:40  INFO       [predictive / burst] 160/200  tier=SMALL   latency=130.2 ms  R=0.350  target=0.00  dets=0  vru=False  backend=onnx
20:16:43  INFO       [predictive / burst] 180/200  tier=SMALL   latency=128.3 ms  R=0.379  target=0.00  dets=4  vru=True  backend=onnx
20:16:46  INFO       [predictive / burst] 200/200  tier=SMALL   latency=128.9 ms  R=0.305  target=0.00  dets=7  vru=False  backend=onnx
20:16:46  INFO     [RAMS] Controller stopped.
20:16:46  INFO     
--- Block 3/10  Policy: threshold  Load: burst (100%) ---
20:16:46  INFO     [RAMS] Starting resource monitor ...
20:16:46  INFO     [RAMS] Loading model tiers ...
20:16:46  INFO     [RAMS] YOLOv8-nano ready — ONNX (imgsz=320).
20:16:46  INFO     [RAMS] YOLOv8-small ready — ONNX (imgsz=416).
20:16:47  INFO     [RAMS] YOLOv8-medium ready — ONNX (imgsz=640).
20:16:47  INFO     [RAMS] Controller ready. Policy: threshold
20:16:48  INFO     [RAMS] Tier switch: SMALL → NANO  (R=0.754)
20:16:49  INFO       [threshold / burst] 20/200  tier=NANO    latency=46.7 ms  R=0.754  target=0.85  dets=5  vru=False  backend=onnx
20:16:50  INFO     [RAMS] Tier switch: NANO → MEDIUM  (R=0.233)
20:16:52  INFO     [RAMS] Tier switch: MEDIUM → SMALL  (R=0.313)
20:16:54  INFO       [threshold / burst] 40/200  tier=SMALL   latency=129.5 ms  R=0.301  target=0.00  dets=9  vru=False  backend=onnx
20:16:57  INFO       [threshold / burst] 60/200  tier=SMALL   latency=130.6 ms  R=0.332  target=0.00  dets=14  vru=False  backend=onnx
20:17:00  INFO       [threshold / burst] 80/200  tier=SMALL   latency=133.7 ms  R=0.440  target=0.00  dets=15  vru=True  backend=onnx
20:17:03  INFO       [threshold / burst] 100/200  tier=SMALL   latency=131.0 ms  R=0.374  target=0.00  dets=2  vru=False  backend=onnx
20:17:03  INFO     [RAMS] Tier switch: SMALL → NANO  (R=0.744)
20:17:05  INFO       [threshold / burst] 120/200  tier=NANO    latency=75.4 ms  R=0.756  target=0.85  dets=4  vru=False  backend=onnx
20:17:05  INFO     [RAMS] Tier switch: NANO → MEDIUM  (R=0.263)
20:17:08  INFO     [RAMS] Tier switch: MEDIUM → SMALL  (R=0.381)
20:17:10  INFO       [threshold / burst] 140/200  tier=SMALL   latency=129.1 ms  R=0.292  target=0.00  dets=3  vru=True  backend=onnx
20:17:12  INFO       [threshold / burst] 160/200  tier=SMALL   latency=128.5 ms  R=0.285  target=0.00  dets=2  vru=False  backend=onnx
20:17:15  INFO       [threshold / burst] 180/200  tier=SMALL   latency=128.8 ms  R=0.297  target=0.00  dets=6  vru=False  backend=onnx
20:17:18  INFO       [threshold / burst] 200/200  tier=SMALL   latency=128.7 ms  R=0.295  target=0.00  dets=5  vru=False  backend=onnx
20:17:18  INFO     [RAMS] Controller stopped.
20:17:18  INFO     
--- Block 3/10  Policy: adaptive  Load: burst (100%) ---
20:17:18  INFO     [RAMS] Starting resource monitor ...
20:17:18  INFO     [RAMS] Loading model tiers ...
20:17:18  INFO     [RAMS] YOLOv8-nano ready — ONNX (imgsz=320).
20:17:18  INFO     [RAMS] YOLOv8-small ready — ONNX (imgsz=416).
20:17:19  INFO     [RAMS] YOLOv8-medium ready — ONNX (imgsz=640).
20:17:19  INFO     [RAMS] Controller ready. Policy: adaptive
20:17:19  INFO     [RAMS] Tier switch: SMALL → NANO  (R=0.706)
20:17:21  INFO       [adaptive / burst] 20/200  tier=NANO    latency=94.1 ms  R=0.741  target=0.85  dets=5  vru=False  backend=onnx
20:17:21  INFO     [RAMS] Tier switch: NANO → SMALL  (R=0.151)
20:17:24  INFO       [adaptive / burst] 40/200  tier=SMALL   latency=129.8 ms  R=0.376  target=0.00  dets=9  vru=False  backend=onnx
20:17:27  INFO       [adaptive / burst] 60/200  tier=SMALL   latency=131.5 ms  R=0.478  target=0.00  dets=14  vru=False  backend=onnx
20:17:30  INFO       [adaptive / burst] 80/200  tier=SMALL   latency=131.8 ms  R=0.291  target=0.00  dets=15  vru=True  backend=onnx
20:17:32  INFO       [adaptive / burst] 100/200  tier=SMALL   latency=128.2 ms  R=0.287  target=0.00  dets=2  vru=False  backend=onnx
20:17:33  INFO     [RAMS] Tier switch: SMALL → NANO  (R=0.748)
20:17:34  INFO       [adaptive / burst] 120/200  tier=NANO    latency=42.2 ms  R=0.742  target=0.85  dets=4  vru=False  backend=onnx
20:17:35  INFO     [RAMS] Tier switch: NANO → SMALL  (R=0.124)
20:17:37  INFO       [adaptive / burst] 140/200  tier=SMALL   latency=128.4 ms  R=0.289  target=0.00  dets=3  vru=True  backend=onnx
20:17:40  INFO       [adaptive / burst] 160/200  tier=SMALL   latency=128.5 ms  R=0.301  target=0.00  dets=2  vru=False  backend=onnx
20:17:43  INFO       [adaptive / burst] 180/200  tier=SMALL   latency=130.1 ms  R=0.407  target=0.00  dets=6  vru=False  backend=onnx
20:17:46  INFO       [adaptive / burst] 200/200  tier=SMALL   latency=130.7 ms  R=0.385  target=0.00  dets=5  vru=False  backend=onnx
20:17:46  INFO     [RAMS] Controller stopped.
20:17:46  INFO     
--- Block 3/10  Policy: predictive  Load: burst (100%) ---
20:17:46  INFO     [RAMS] Starting resource monitor ...
20:17:46  INFO     [RAMS] Loading model tiers ...
20:17:46  INFO     [RAMS] YOLOv8-nano ready — ONNX (imgsz=320).
20:17:46  INFO     [RAMS] YOLOv8-small ready — ONNX (imgsz=416).
20:17:47  INFO     [RAMS] YOLOv8-medium ready — ONNX (imgsz=640).
20:17:47  INFO     [RAMS] Controller ready. Policy: predictive
20:17:47  INFO     [RAMS] Tier switch: SMALL → NANO  (R=0.755)
20:17:49  INFO       [predictive / burst] 20/200  tier=NANO    latency=36.4 ms  R=0.748  target=0.85  dets=5  vru=False  backend=onnx
20:17:49  INFO     [RAMS] Tier switch: NANO → SMALL  (R=0.060)
20:17:52  INFO       [predictive / burst] 40/200  tier=SMALL   latency=128.7 ms  R=0.301  target=0.00  dets=9  vru=False  backend=onnx
20:17:55  INFO       [predictive / burst] 60/200  tier=SMALL   latency=129.9 ms  R=0.291  target=0.00  dets=14  vru=False  backend=onnx
20:17:58  INFO       [predictive / burst] 80/200  tier=SMALL   latency=130.2 ms  R=0.287  target=0.00  dets=15  vru=True  backend=onnx
20:18:01  INFO       [predictive / burst] 100/200  tier=SMALL   latency=129.0 ms  R=0.308  target=0.00  dets=2  vru=False  backend=onnx
20:18:01  INFO     [RAMS] Tier switch: SMALL → NANO  (R=0.754)
20:18:02  INFO       [predictive / burst] 120/200  tier=NANO    latency=45.5 ms  R=0.743  target=0.85  dets=4  vru=False  backend=onnx
20:18:03  INFO     [RAMS] Tier switch: NANO → SMALL  (R=0.072)
20:18:05  INFO       [predictive / burst] 140/200  tier=SMALL   latency=129.6 ms  R=0.358  target=0.00  dets=3  vru=True  backend=onnx
20:18:08  INFO       [predictive / burst] 160/200  tier=SMALL   latency=129.6 ms  R=0.368  target=0.00  dets=2  vru=False  backend=onnx
20:18:11  INFO       [predictive / burst] 180/200  tier=SMALL   latency=128.2 ms  R=0.301  target=0.00  dets=6  vru=False  backend=onnx
20:18:14  INFO       [predictive / burst] 200/200  tier=SMALL   latency=128.0 ms  R=0.329  target=0.00  dets=5  vru=False  backend=onnx
20:18:14  INFO     [RAMS] Controller stopped.
20:18:14  INFO     
--- Block 3/10  Policy: fixed_medium  Load: burst (100%) ---
20:18:14  INFO     [RAMS] Starting resource monitor ...
20:18:14  INFO     [RAMS] Loading model tiers ...
20:18:14  INFO     [RAMS] YOLOv8-nano ready — ONNX (imgsz=320).
20:18:14  INFO     [RAMS] YOLOv8-small ready — ONNX (imgsz=416).
20:18:15  INFO     [RAMS] YOLOv8-medium ready — ONNX (imgsz=640).
20:18:15  INFO     [RAMS] Controller ready. Policy: fixed
20:18:15  INFO     [RAMS] Tier switch: SMALL → MEDIUM  (R=0.684)
20:18:39  INFO       [fixed_medium / burst] 20/200  tier=MEDIUM  latency=924.9 ms  R=0.754  target=0.85  dets=8  vru=False  backend=onnx
20:18:54  INFO       [fixed_medium / burst] 40/200  tier=MEDIUM  latency=719.1 ms  R=0.383  target=0.00  dets=10  vru=True  backend=onnx
20:19:08  INFO       [fixed_medium / burst] 60/200  tier=MEDIUM  latency=712.2 ms  R=0.301  target=0.00  dets=14  vru=False  backend=onnx
20:19:23  INFO       [fixed_medium / burst] 80/200  tier=MEDIUM  latency=714.2 ms  R=0.301  target=0.00  dets=18  vru=True  backend=onnx
20:19:37  INFO       [fixed_medium / burst] 100/200  tier=MEDIUM  latency=715.7 ms  R=0.451  target=0.00  dets=2  vru=False  backend=onnx
20:20:00  INFO       [fixed_medium / burst] 120/200  tier=MEDIUM  latency=876.5 ms  R=0.754  target=0.85  dets=13  vru=False  backend=onnx
20:20:15  INFO       [fixed_medium / burst] 140/200  tier=MEDIUM  latency=728.1 ms  R=0.308  target=0.00  dets=6  vru=True  backend=onnx
20:20:29  INFO       [fixed_medium / burst] 160/200  tier=MEDIUM  latency=715.3 ms  R=0.376  target=0.00  dets=4  vru=False  backend=onnx
20:20:44  INFO       [fixed_medium / burst] 180/200  tier=MEDIUM  latency=721.0 ms  R=0.299  target=0.00  dets=10  vru=False  backend=onnx
20:20:59  INFO       [fixed_medium / burst] 200/200  tier=MEDIUM  latency=724.5 ms  R=0.370  target=0.00  dets=6  vru=True  backend=onnx
20:20:59  INFO     [RAMS] Controller stopped.
20:20:59  INFO     
--- Block 3/10  Policy: safety2  Load: burst (100%) ---
20:20:59  INFO     [RAMS] Starting resource monitor ...
20:20:59  INFO     [RAMS] Loading model tiers ...
20:20:59  INFO     [RAMS] YOLOv8-nano ready — ONNX (imgsz=320).
20:20:59  INFO     [RAMS] YOLOv8-small ready — ONNX (imgsz=416).
20:21:00  INFO     [RAMS] YOLOv8-medium ready — ONNX (imgsz=640).
20:21:00  INFO     [RAMS] Controller ready. Policy: safety2
20:21:01  INFO     [RAMS] Tier switch: SMALL → NANO  (R=0.738)
20:21:01  INFO     [RAMS] Tier switch: NANO → MEDIUM  (R=0.744)
20:21:05  INFO     [RAMS] Tier switch: MEDIUM → NANO  (R=0.760)
20:21:05  INFO     [RAMS] Tier switch: NANO → SMALL  (R=0.748)
20:21:07  INFO     [RAMS] Tier switch: SMALL → NANO  (R=0.754)
20:21:07  INFO     [RAMS] Tier switch: NANO → MEDIUM  (R=0.748)
20:21:10  INFO     [RAMS] Tier switch: MEDIUM → NANO  (R=0.754)
20:21:10  INFO       [safety2 / burst] 20/200  tier=NANO    latency=80.3 ms  R=0.754  target=0.85  dets=5  vru=False  backend=onnx
20:21:10  INFO     [RAMS] Tier switch: NANO → MEDIUM  (R=0.148)
20:21:12  INFO     [RAMS] Tier switch: MEDIUM → SMALL  (R=0.301)
20:21:14  INFO     [RAMS] Tier switch: SMALL → MEDIUM  (R=0.283)
20:21:16  INFO       [safety2 / burst] 40/200  tier=MEDIUM  latency=713.7 ms  R=0.305  target=0.00  dets=10  vru=True  backend=onnx
20:21:16  INFO     [RAMS] Tier switch: MEDIUM → SMALL  (R=0.308)
20:21:18  INFO     [RAMS] Tier switch: SMALL → MEDIUM  (R=0.287)
20:21:20  INFO     [RAMS] Tier switch: MEDIUM → SMALL  (R=0.370)
20:21:21  INFO       [safety2 / burst] 60/200  tier=SMALL   latency=131.5 ms  R=0.353  target=0.00  dets=14  vru=False  backend=onnx
20:21:22  INFO     [RAMS] Tier switch: SMALL → MEDIUM  (R=0.382)
20:21:24  INFO     [RAMS] Tier switch: MEDIUM → SMALL  (R=0.452)
20:21:25  INFO     [RAMS] Tier switch: SMALL → MEDIUM  (R=0.297)
20:21:27  INFO     [RAMS] Tier switch: MEDIUM → SMALL  (R=0.307)
20:21:27  INFO       [safety2 / burst] 80/200  tier=SMALL   latency=129.8 ms  R=0.307  target=0.00  dets=15  vru=True  backend=onnx
20:21:27  INFO     [RAMS] Tier switch: SMALL → MEDIUM  (R=0.297)
20:21:32  INFO     [RAMS] Tier switch: MEDIUM → SMALL  (R=0.353)
20:21:33  INFO     [RAMS] Tier switch: SMALL → MEDIUM  (R=0.292)
20:21:35  INFO     [RAMS] Tier switch: MEDIUM → SMALL  (R=0.346)
20:21:35  INFO       [safety2 / burst] 100/200  tier=SMALL   latency=127.8 ms  R=0.287  target=0.00  dets=2  vru=False  backend=onnx
20:21:36  INFO     [RAMS] Tier switch: SMALL → NANO  (R=0.754)
20:21:36  INFO     [RAMS] Tier switch: NANO → MEDIUM  (R=0.749)
20:21:39  INFO     [RAMS] Tier switch: MEDIUM → NANO  (R=0.760)
20:21:40  INFO     [RAMS] Tier switch: NANO → MEDIUM  (R=0.754)
20:21:45  INFO       [safety2 / burst] 120/200  tier=MEDIUM  latency=1870.3 ms  R=0.761  target=0.85  dets=13  vru=False  backend=onnx
20:21:47  INFO     [RAMS] Tier switch: MEDIUM → SMALL  (R=0.317)
20:21:48  INFO     [RAMS] Tier switch: SMALL → MEDIUM  (R=0.292)
20:21:50  INFO     [RAMS] Tier switch: MEDIUM → SMALL  (R=0.313)
20:21:51  INFO       [safety2 / burst] 140/200  tier=SMALL   latency=128.2 ms  R=0.314  target=0.00  dets=3  vru=True  backend=onnx
20:21:52  INFO     [RAMS] Tier switch: SMALL → MEDIUM  (R=0.290)
20:21:54  INFO     [RAMS] Tier switch: MEDIUM → SMALL  (R=0.316)
20:21:56  INFO       [safety2 / burst] 160/200  tier=SMALL   latency=128.6 ms  R=0.287  target=0.00  dets=2  vru=False  backend=onnx
20:21:57  INFO     [RAMS] Tier switch: SMALL → MEDIUM  (R=0.305)
20:21:59  INFO     [RAMS] Tier switch: MEDIUM → SMALL  (R=0.303)
20:22:00  INFO       [safety2 / burst] 180/200  tier=SMALL   latency=128.7 ms  R=0.302  target=0.00  dets=6  vru=False  backend=onnx
20:22:01  INFO     [RAMS] Tier switch: SMALL → MEDIUM  (R=0.300)
20:22:03  INFO     [RAMS] Tier switch: MEDIUM → SMALL  (R=0.462)
20:22:04  INFO     [RAMS] Tier switch: SMALL → MEDIUM  (R=0.349)
20:22:06  INFO     [RAMS] Tier switch: MEDIUM → SMALL  (R=0.464)
20:22:07  INFO       [safety2 / burst] 200/200  tier=SMALL   latency=130.6 ms  R=0.382  target=0.00  dets=5  vru=False  backend=onnx
20:22:07  INFO     [RAMS] Controller stopped.
20:22:07  INFO     
--- Block 3/10  Policy: fixed_small  Load: burst (100%) ---
20:22:07  INFO     [RAMS] Starting resource monitor ...
20:22:07  INFO     [RAMS] Loading model tiers ...
20:22:07  INFO     [RAMS] YOLOv8-nano ready — ONNX (imgsz=320).
20:22:07  INFO     [RAMS] YOLOv8-small ready — ONNX (imgsz=416).
20:22:08  INFO     [RAMS] YOLOv8-medium ready — ONNX (imgsz=640).
20:22:08  INFO     [RAMS] Controller ready. Policy: fixed
20:22:12  INFO       [fixed_small / burst] 20/200  tier=SMALL   latency=184.8 ms  R=0.760  target=0.85  dets=7  vru=False  backend=onnx
20:22:15  INFO       [fixed_small / burst] 40/200  tier=SMALL   latency=129.6 ms  R=0.308  target=0.00  dets=9  vru=False  backend=onnx
20:22:18  INFO       [fixed_small / burst] 60/200  tier=SMALL   latency=130.0 ms  R=0.289  target=0.00  dets=14  vru=False  backend=onnx
20:22:21  INFO       [fixed_small / burst] 80/200  tier=SMALL   latency=130.1 ms  R=0.293  target=0.00  dets=15  vru=True  backend=onnx
20:22:24  INFO       [fixed_small / burst] 100/200  tier=SMALL   latency=129.1 ms  R=0.369  target=0.00  dets=2  vru=False  backend=onnx
20:22:31  INFO       [fixed_small / burst] 120/200  tier=SMALL   latency=167.9 ms  R=0.754  target=0.85  dets=5  vru=False  backend=onnx
20:22:34  INFO       [fixed_small / burst] 140/200  tier=SMALL   latency=129.7 ms  R=0.371  target=0.00  dets=3  vru=True  backend=onnx
20:22:37  INFO       [fixed_small / burst] 160/200  tier=SMALL   latency=130.1 ms  R=0.305  target=0.00  dets=2  vru=False  backend=onnx
20:22:40  INFO       [fixed_small / burst] 180/200  tier=SMALL   latency=128.9 ms  R=0.291  target=0.00  dets=6  vru=False  backend=onnx
20:22:42  INFO       [fixed_small / burst] 200/200  tier=SMALL   latency=128.6 ms  R=0.291  target=0.00  dets=5  vru=False  backend=onnx
20:22:43  INFO     [RAMS] Controller stopped.
20:22:43  INFO     
--- Block 3/10  Policy: safety  Load: burst (100%) ---
20:22:43  INFO     [RAMS] Starting resource monitor ...
20:22:43  INFO     [RAMS] Loading model tiers ...
20:22:43  INFO     [RAMS] YOLOv8-nano ready — ONNX (imgsz=320).
20:22:43  INFO     [RAMS] YOLOv8-small ready — ONNX (imgsz=416).
20:22:44  INFO     [RAMS] YOLOv8-medium ready — ONNX (imgsz=640).
20:22:44  INFO     [RAMS] Controller ready. Policy: safety
20:22:44  INFO     [RAMS] Tier switch: SMALL → NANO  (R=0.742)
20:22:44  INFO     [RAMS] Tier switch: NANO → SMALL  (R=0.742)
20:22:45  INFO     [RAMS] Tier switch: SMALL → NANO  (R=0.748)
20:22:46  INFO     [RAMS] Tier switch: NANO → SMALL  (R=0.754)
20:22:47  INFO     [RAMS] Tier switch: SMALL → NANO  (R=0.748)
20:22:47  INFO     [RAMS] Tier switch: NANO → SMALL  (R=0.725)
20:22:48  INFO     [RAMS] Tier switch: SMALL → NANO  (R=0.761)
20:22:48  INFO       [safety / burst] 20/200  tier=NANO    latency=86.3 ms  R=0.761  target=0.85  dets=5  vru=False  backend=onnx
20:22:48  INFO     [RAMS] Tier switch: NANO → MEDIUM  (R=0.206)
20:22:50  INFO     [RAMS] Tier switch: MEDIUM → SMALL  (R=0.382)
20:22:53  INFO       [safety / burst] 40/200  tier=SMALL   latency=129.2 ms  R=0.283  target=0.00  dets=9  vru=False  backend=onnx
20:22:55  INFO       [safety / burst] 60/200  tier=SMALL   latency=130.2 ms  R=0.285  target=0.00  dets=14  vru=False  backend=onnx
20:22:58  INFO       [safety / burst] 80/200  tier=SMALL   latency=130.4 ms  R=0.305  target=0.00  dets=15  vru=True  backend=onnx
20:23:01  INFO       [safety / burst] 100/200  tier=SMALL   latency=128.6 ms  R=0.297  target=0.00  dets=2  vru=False  backend=onnx
20:23:02  INFO     [RAMS] Tier switch: SMALL → NANO  (R=0.748)
20:23:02  INFO     [RAMS] Tier switch: NANO → SMALL  (R=0.754)
20:23:03  INFO     [RAMS] Tier switch: SMALL → NANO  (R=0.743)
20:23:03  INFO     [RAMS] Tier switch: NANO → SMALL  (R=0.744)
20:23:04  INFO       [safety / burst] 120/200  tier=SMALL   latency=229.3 ms  R=0.754  target=0.85  dets=5  vru=False  backend=onnx
20:23:07  INFO       [safety / burst] 140/200  tier=SMALL   latency=129.8 ms  R=0.337  target=0.00  dets=3  vru=True  backend=onnx
20:23:10  INFO       [safety / burst] 160/200  tier=SMALL   latency=128.7 ms  R=0.388  target=0.00  dets=2  vru=False  backend=onnx
20:23:13  INFO       [safety / burst] 180/200  tier=SMALL   latency=128.1 ms  R=0.362  target=0.00  dets=6  vru=False  backend=onnx
20:23:15  INFO       [safety / burst] 200/200  tier=SMALL   latency=127.9 ms  R=0.301  target=0.00  dets=5  vru=False  backend=onnx
20:23:16  INFO     [RAMS] Controller stopped.
20:23:16  INFO     
--- Block 3/10  Policy: fixed_nano  Load: burst (100%) ---
20:23:16  INFO     [RAMS] Starting resource monitor ...
20:23:16  INFO     [RAMS] Loading model tiers ...
20:23:16  INFO     [RAMS] YOLOv8-nano ready — ONNX (imgsz=320).
20:23:16  INFO     [RAMS] YOLOv8-small ready — ONNX (imgsz=416).
20:23:17  INFO     [RAMS] YOLOv8-medium ready — ONNX (imgsz=640).
20:23:17  INFO     [RAMS] Controller ready. Policy: fixed
20:23:17  INFO     [RAMS] Tier switch: SMALL → NANO  (R=0.748)
20:23:18  INFO       [fixed_nano / burst] 20/200  tier=NANO    latency=65.9 ms  R=0.736  target=0.85  dets=5  vru=False  backend=onnx
20:23:19  INFO       [fixed_nano / burst] 40/200  tier=NANO    latency=31.9 ms  R=0.279  target=0.00  dets=1  vru=False  backend=onnx
20:23:20  INFO       [fixed_nano / burst] 60/200  tier=NANO    latency=32.3 ms  R=0.303  target=0.00  dets=9  vru=False  backend=onnx
20:23:21  INFO       [fixed_nano / burst] 80/200  tier=NANO    latency=32.6 ms  R=0.272  target=0.00  dets=8  vru=False  backend=onnx
20:23:22  INFO       [fixed_nano / burst] 100/200  tier=NANO    latency=32.2 ms  R=0.310  target=0.00  dets=0  vru=False  backend=onnx
20:23:23  INFO       [fixed_nano / burst] 120/200  tier=NANO    latency=33.9 ms  R=0.754  target=0.85  dets=4  vru=False  backend=onnx
20:23:24  INFO       [fixed_nano / burst] 140/200  tier=NANO    latency=31.6 ms  R=0.282  target=0.00  dets=2  vru=True  backend=onnx
20:23:25  INFO       [fixed_nano / burst] 160/200  tier=NANO    latency=31.4 ms  R=0.284  target=0.00  dets=2  vru=False  backend=onnx
20:23:26  INFO       [fixed_nano / burst] 180/200  tier=NANO    latency=31.9 ms  R=0.280  target=0.00  dets=5  vru=False  backend=onnx
20:23:27  INFO       [fixed_nano / burst] 200/200  tier=NANO    latency=31.9 ms  R=0.280  target=0.00  dets=2  vru=False  backend=onnx
20:23:27  INFO     [RAMS] Controller stopped.
20:23:27  INFO     
--- Block 4/10  Policy: adaptive  Load: burst (100%) ---
20:23:27  INFO     [RAMS] Starting resource monitor ...
20:23:27  INFO     [RAMS] Loading model tiers ...
20:23:27  INFO     [RAMS] YOLOv8-nano ready — ONNX (imgsz=320).
20:23:27  INFO     [RAMS] YOLOv8-small ready — ONNX (imgsz=416).
20:23:28  INFO     [RAMS] YOLOv8-medium ready — ONNX (imgsz=640).
20:23:28  INFO     [RAMS] Controller ready. Policy: adaptive
20:23:28  INFO     [RAMS] Tier switch: SMALL → NANO  (R=0.760)
20:23:30  INFO       [adaptive / burst] 20/200  tier=NANO    latency=73.2 ms  R=0.749  target=0.85  dets=0  vru=False  backend=onnx
20:23:30  INFO     [RAMS] Tier switch: NANO → SMALL  (R=0.252)
20:23:33  INFO       [adaptive / burst] 40/200  tier=SMALL   latency=130.8 ms  R=0.397  target=0.00  dets=2  vru=False  backend=onnx
20:23:36  INFO       [adaptive / burst] 60/200  tier=SMALL   latency=128.7 ms  R=0.289  target=0.00  dets=3  vru=False  backend=onnx
20:23:39  INFO       [adaptive / burst] 80/200  tier=SMALL   latency=128.4 ms  R=0.306  target=0.00  dets=1  vru=False  backend=onnx
20:23:42  INFO       [adaptive / burst] 100/200  tier=SMALL   latency=129.9 ms  R=0.404  target=0.00  dets=12  vru=False  backend=onnx
20:23:43  INFO     [RAMS] Tier switch: SMALL → NANO  (R=0.754)
20:23:44  INFO       [adaptive / burst] 120/200  tier=NANO    latency=42.0 ms  R=0.754  target=0.85  dets=6  vru=False  backend=onnx
20:23:44  INFO     [RAMS] Tier switch: NANO → SMALL  (R=0.072)
20:23:47  INFO       [adaptive / burst] 140/200  tier=SMALL   latency=132.3 ms  R=0.299  target=0.00  dets=10  vru=False  backend=onnx
20:23:50  INFO       [adaptive / burst] 160/200  tier=SMALL   latency=129.5 ms  R=0.282  target=0.00  dets=2  vru=False  backend=onnx
20:23:52  INFO       [adaptive / burst] 180/200  tier=SMALL   latency=128.7 ms  R=0.373  target=0.00  dets=1  vru=True  backend=onnx
20:23:55  INFO       [adaptive / burst] 200/200  tier=SMALL   latency=128.7 ms  R=0.365  target=0.00  dets=1  vru=True  backend=onnx
20:23:55  INFO     [RAMS] Controller stopped.
20:23:56  INFO     
--- Block 4/10  Policy: predictive  Load: burst (100%) ---
20:23:56  INFO     [RAMS] Starting resource monitor ...
20:23:56  INFO     [RAMS] Loading model tiers ...
20:23:56  INFO     [RAMS] YOLOv8-nano ready — ONNX (imgsz=320).
20:23:56  INFO     [RAMS] YOLOv8-small ready — ONNX (imgsz=416).
20:23:57  INFO     [RAMS] YOLOv8-medium ready — ONNX (imgsz=640).
20:23:57  INFO     [RAMS] Controller ready. Policy: predictive
20:23:57  INFO     [RAMS] Tier switch: SMALL → NANO  (R=0.724)
20:23:58  INFO       [predictive / burst] 20/200  tier=NANO    latency=31.8 ms  R=0.748  target=0.85  dets=0  vru=False  backend=onnx
20:23:58  INFO     [RAMS] Tier switch: NANO → SMALL  (R=0.060)
20:24:01  INFO       [predictive / burst] 40/200  tier=SMALL   latency=128.4 ms  R=0.297  target=0.00  dets=2  vru=False  backend=onnx
20:24:04  INFO       [predictive / burst] 60/200  tier=SMALL   latency=128.6 ms  R=0.389  target=0.00  dets=3  vru=False  backend=onnx
20:24:07  INFO       [predictive / burst] 80/200  tier=SMALL   latency=130.0 ms  R=0.291  target=0.00  dets=1  vru=False  backend=onnx
20:24:10  INFO       [predictive / burst] 100/200  tier=SMALL   latency=129.8 ms  R=0.306  target=0.00  dets=12  vru=False  backend=onnx
20:24:10  INFO     [RAMS] Tier switch: SMALL → NANO  (R=0.748)
20:24:11  INFO       [predictive / burst] 120/200  tier=NANO    latency=42.7 ms  R=0.760  target=0.85  dets=6  vru=False  backend=onnx
20:24:12  INFO     [RAMS] Tier switch: NANO → SMALL  (R=0.227)
20:24:14  INFO       [predictive / burst] 140/200  tier=SMALL   latency=130.8 ms  R=0.356  target=0.00  dets=10  vru=False  backend=onnx
20:24:17  INFO       [predictive / burst] 160/200  tier=SMALL   latency=128.8 ms  R=0.362  target=0.00  dets=2  vru=False  backend=onnx
20:24:20  INFO       [predictive / burst] 180/200  tier=SMALL   latency=128.2 ms  R=0.320  target=0.00  dets=1  vru=True  backend=onnx
20:24:23  INFO       [predictive / burst] 200/200  tier=SMALL   latency=128.5 ms  R=0.407  target=0.00  dets=1  vru=True  backend=onnx
20:24:23  INFO     [RAMS] Controller stopped.
20:24:23  INFO     
--- Block 4/10  Policy: fixed_nano  Load: burst (100%) ---
20:24:23  INFO     [RAMS] Starting resource monitor ...
20:24:23  INFO     [RAMS] Loading model tiers ...
20:24:23  INFO     [RAMS] YOLOv8-nano ready — ONNX (imgsz=320).
20:24:23  INFO     [RAMS] YOLOv8-small ready — ONNX (imgsz=416).
20:24:24  INFO     [RAMS] YOLOv8-medium ready — ONNX (imgsz=640).
20:24:24  INFO     [RAMS] Controller ready. Policy: fixed
20:24:24  INFO     [RAMS] Tier switch: SMALL → NANO  (R=0.701)
20:24:26  INFO       [fixed_nano / burst] 20/200  tier=NANO    latency=56.0 ms  R=0.754  target=0.85  dets=0  vru=False  backend=onnx
20:24:27  INFO       [fixed_nano / burst] 40/200  tier=NANO    latency=33.2 ms  R=0.283  target=0.00  dets=1  vru=False  backend=onnx
20:24:28  INFO       [fixed_nano / burst] 60/200  tier=NANO    latency=31.5 ms  R=0.281  target=0.00  dets=2  vru=False  backend=onnx
20:24:29  INFO       [fixed_nano / burst] 80/200  tier=NANO    latency=31.4 ms  R=0.277  target=0.00  dets=1  vru=False  backend=onnx
20:24:29  INFO       [fixed_nano / burst] 100/200  tier=NANO    latency=32.5 ms  R=0.278  target=0.00  dets=9  vru=False  backend=onnx
20:24:31  INFO       [fixed_nano / burst] 120/200  tier=NANO    latency=71.6 ms  R=0.760  target=0.85  dets=6  vru=False  backend=onnx
20:24:32  INFO       [fixed_nano / burst] 140/200  tier=NANO    latency=32.5 ms  R=0.301  target=0.00  dets=6  vru=False  backend=onnx
20:24:33  INFO       [fixed_nano / burst] 160/200  tier=NANO    latency=32.4 ms  R=0.412  target=0.00  dets=1  vru=False  backend=onnx
20:24:34  INFO       [fixed_nano / burst] 180/200  tier=NANO    latency=32.6 ms  R=0.345  target=0.00  dets=2  vru=True  backend=onnx
20:24:35  INFO       [fixed_nano / burst] 200/200  tier=NANO    latency=32.1 ms  R=0.387  target=0.00  dets=1  vru=True  backend=onnx
20:24:35  INFO     [RAMS] Controller stopped.
20:24:35  INFO     
--- Block 4/10  Policy: fixed_medium  Load: burst (100%) ---
20:24:35  INFO     [RAMS] Starting resource monitor ...
20:24:35  INFO     [RAMS] Loading model tiers ...
20:24:35  INFO     [RAMS] YOLOv8-nano ready — ONNX (imgsz=320).
20:24:35  INFO     [RAMS] YOLOv8-small ready — ONNX (imgsz=416).
20:24:36  INFO     [RAMS] YOLOv8-medium ready — ONNX (imgsz=640).
20:24:36  INFO     [RAMS] Controller ready. Policy: fixed
20:24:36  INFO     [RAMS] Tier switch: SMALL → MEDIUM  (R=0.761)
20:25:02  INFO       [fixed_medium / burst] 20/200  tier=MEDIUM  latency=1397.9 ms  R=0.756  target=0.85  dets=2  vru=False  backend=onnx
20:25:16  INFO       [fixed_medium / burst] 40/200  tier=MEDIUM  latency=712.6 ms  R=0.308  target=0.00  dets=4  vru=False  backend=onnx
20:25:31  INFO       [fixed_medium / burst] 60/200  tier=MEDIUM  latency=711.3 ms  R=0.301  target=0.00  dets=6  vru=False  backend=onnx
20:25:45  INFO       [fixed_medium / burst] 80/200  tier=MEDIUM  latency=711.7 ms  R=0.305  target=0.00  dets=4  vru=False  backend=onnx
20:26:00  INFO       [fixed_medium / burst] 100/200  tier=MEDIUM  latency=726.4 ms  R=0.366  target=0.00  dets=17  vru=True  backend=onnx
20:26:23  INFO       [fixed_medium / burst] 120/200  tier=MEDIUM  latency=1570.7 ms  R=0.720  target=0.85  dets=8  vru=False  backend=onnx
20:26:38  INFO       [fixed_medium / burst] 140/200  tier=MEDIUM  latency=716.2 ms  R=0.297  target=0.00  dets=10  vru=False  backend=onnx
20:26:53  INFO       [fixed_medium / burst] 160/200  tier=MEDIUM  latency=719.5 ms  R=0.311  target=0.00  dets=3  vru=False  backend=onnx
20:27:07  INFO       [fixed_medium / burst] 180/200  tier=MEDIUM  latency=723.4 ms  R=0.405  target=0.00  dets=16  vru=True  backend=onnx
20:27:22  INFO       [fixed_medium / burst] 200/200  tier=MEDIUM  latency=718.8 ms  R=0.317  target=0.00  dets=9  vru=True  backend=onnx
20:27:22  INFO     [RAMS] Controller stopped.
20:27:22  INFO     
--- Block 4/10  Policy: fixed_small  Load: burst (100%) ---
20:27:22  INFO     [RAMS] Starting resource monitor ...
20:27:22  INFO     [RAMS] Loading model tiers ...
20:27:22  INFO     [RAMS] YOLOv8-nano ready — ONNX (imgsz=320).
20:27:22  INFO     [RAMS] YOLOv8-small ready — ONNX (imgsz=416).
20:27:23  INFO     [RAMS] YOLOv8-medium ready — ONNX (imgsz=640).
20:27:23  INFO     [RAMS] Controller ready. Policy: fixed
20:27:29  INFO       [fixed_small / burst] 20/200  tier=SMALL   latency=347.3 ms  R=0.761  target=0.85  dets=1  vru=False  backend=onnx
20:27:32  INFO       [fixed_small / burst] 40/200  tier=SMALL   latency=127.9 ms  R=0.396  target=0.00  dets=2  vru=False  backend=onnx
20:27:35  INFO       [fixed_small / burst] 60/200  tier=SMALL   latency=128.3 ms  R=0.343  target=0.00  dets=3  vru=False  backend=onnx
20:27:38  INFO       [fixed_small / burst] 80/200  tier=SMALL   latency=129.5 ms  R=0.297  target=0.00  dets=1  vru=False  backend=onnx
20:27:41  INFO       [fixed_small / burst] 100/200  tier=SMALL   latency=129.7 ms  R=0.283  target=0.00  dets=12  vru=False  backend=onnx
20:27:45  INFO       [fixed_small / burst] 120/200  tier=SMALL   latency=187.4 ms  R=0.760  target=0.85  dets=6  vru=False  backend=onnx
20:27:48  INFO       [fixed_small / burst] 140/200  tier=SMALL   latency=130.9 ms  R=0.437  target=0.00  dets=10  vru=False  backend=onnx
20:27:51  INFO       [fixed_small / burst] 160/200  tier=SMALL   latency=131.1 ms  R=0.374  target=0.00  dets=2  vru=False  backend=onnx
20:27:54  INFO       [fixed_small / burst] 180/200  tier=SMALL   latency=128.0 ms  R=0.297  target=0.00  dets=1  vru=True  backend=onnx
20:27:57  INFO       [fixed_small / burst] 200/200  tier=SMALL   latency=128.0 ms  R=0.301  target=0.00  dets=1  vru=True  backend=onnx
20:27:57  INFO     [RAMS] Controller stopped.
20:27:57  INFO     
--- Block 4/10  Policy: safety2  Load: burst (100%) ---
20:27:57  INFO     [RAMS] Starting resource monitor ...
20:27:57  INFO     [RAMS] Loading model tiers ...
20:27:57  INFO     [RAMS] YOLOv8-nano ready — ONNX (imgsz=320).
20:27:57  INFO     [RAMS] YOLOv8-small ready — ONNX (imgsz=416).
20:27:58  INFO     [RAMS] YOLOv8-medium ready — ONNX (imgsz=640).
20:27:58  INFO     [RAMS] Controller ready. Policy: safety2
20:27:59  INFO     [RAMS] Tier switch: SMALL → MEDIUM  (R=0.760)
20:28:00  INFO     [RAMS] Tier switch: MEDIUM → NANO  (R=0.754)
20:28:00  INFO     [RAMS] Tier switch: NANO → MEDIUM  (R=0.737)
20:28:04  INFO     [RAMS] Tier switch: MEDIUM → NANO  (R=0.754)
20:28:04  INFO     [RAMS] Tier switch: NANO → SMALL  (R=0.754)
20:28:04  INFO     [RAMS] Tier switch: SMALL → MEDIUM  (R=0.760)
20:28:07  INFO       [safety2 / burst] 20/200  tier=MEDIUM  latency=1007.4 ms  R=0.754  target=0.85  dets=2  vru=False  backend=onnx
20:28:10  INFO     [RAMS] Tier switch: MEDIUM → SMALL  (R=0.453)
20:28:12  INFO     [RAMS] Tier switch: SMALL → MEDIUM  (R=0.368)
20:28:14  INFO     [RAMS] Tier switch: MEDIUM → SMALL  (R=0.371)
20:28:14  INFO       [safety2 / burst] 40/200  tier=SMALL   latency=130.4 ms  R=0.371  target=0.00  dets=2  vru=False  backend=onnx
20:28:15  INFO     [RAMS] Tier switch: SMALL → MEDIUM  (R=0.340)
20:28:17  INFO     [RAMS] Tier switch: MEDIUM → SMALL  (R=0.396)
20:28:18  INFO     [RAMS] Tier switch: SMALL → MEDIUM  (R=0.378)
20:28:20  INFO     [RAMS] Tier switch: MEDIUM → SMALL  (R=0.308)
20:28:21  INFO       [safety2 / burst] 60/200  tier=SMALL   latency=130.2 ms  R=0.299  target=0.00  dets=3  vru=False  backend=onnx
20:28:22  INFO     [RAMS] Tier switch: SMALL → MEDIUM  (R=0.298)
20:28:24  INFO     [RAMS] Tier switch: MEDIUM → SMALL  (R=0.404)
20:28:24  INFO     [RAMS] Tier switch: SMALL → MEDIUM  (R=0.293)
20:28:26  INFO     [RAMS] Tier switch: MEDIUM → SMALL  (R=0.305)
20:28:27  INFO     [RAMS] Tier switch: SMALL → MEDIUM  (R=0.285)
20:28:28  INFO       [safety2 / burst] 80/200  tier=MEDIUM  latency=719.6 ms  R=0.301  target=0.00  dets=4  vru=False  backend=onnx
20:28:29  INFO     [RAMS] Tier switch: MEDIUM → SMALL  (R=0.299)
20:28:31  INFO     [RAMS] Tier switch: SMALL → MEDIUM  (R=0.361)
20:28:33  INFO       [safety2 / burst] 100/200  tier=MEDIUM  latency=728.1 ms  R=0.375  target=0.00  dets=17  vru=True  backend=onnx
20:28:37  INFO     [RAMS] Tier switch: MEDIUM → NANO  (R=0.737)
20:28:37  INFO     [RAMS] Tier switch: NANO → MEDIUM  (R=0.743)
20:28:40  INFO     [RAMS] Tier switch: MEDIUM → SMALL  (R=0.760)
20:28:40  INFO     [RAMS] Tier switch: SMALL → NANO  (R=0.743)
20:28:41  INFO     [RAMS] Tier switch: NANO → SMALL  (R=0.736)
20:28:42  INFO       [safety2 / burst] 120/200  tier=SMALL   latency=217.7 ms  R=0.754  target=0.85  dets=6  vru=False  backend=onnx
20:28:43  INFO     [RAMS] Tier switch: SMALL → MEDIUM  (R=0.286)
20:28:46  INFO     [RAMS] Tier switch: MEDIUM → SMALL  (R=0.301)
20:28:46  INFO     [RAMS] Tier switch: SMALL → MEDIUM  (R=0.300)
20:28:47  INFO       [safety2 / burst] 140/200  tier=MEDIUM  latency=722.6 ms  R=0.300  target=0.00  dets=10  vru=False  backend=onnx
20:28:51  INFO     [RAMS] Tier switch: MEDIUM → SMALL  (R=0.301)
20:28:51  INFO     [RAMS] Tier switch: SMALL → MEDIUM  (R=0.369)
20:28:53  INFO     [RAMS] Tier switch: MEDIUM → SMALL  (R=0.382)
20:28:55  INFO       [safety2 / burst] 160/200  tier=SMALL   latency=128.7 ms  R=0.373  target=0.00  dets=2  vru=False  backend=onnx
20:28:57  INFO     [RAMS] Tier switch: SMALL → MEDIUM  (R=0.362)
20:28:59  INFO       [safety2 / burst] 180/200  tier=MEDIUM  latency=712.9 ms  R=0.372  target=0.00  dets=16  vru=True  backend=onnx
20:28:59  INFO     [RAMS] Tier switch: MEDIUM → SMALL  (R=0.301)
20:29:01  INFO     [RAMS] Tier switch: SMALL → MEDIUM  (R=0.377)
20:29:03  INFO     [RAMS] Tier switch: MEDIUM → SMALL  (R=0.303)
20:29:04  INFO     [RAMS] Tier switch: SMALL → MEDIUM  (R=0.288)
20:29:05  INFO       [safety2 / burst] 200/200  tier=MEDIUM  latency=714.6 ms  R=0.297  target=0.00  dets=9  vru=True  backend=onnx
20:29:05  INFO     [RAMS] Controller stopped.
20:29:05  INFO     
--- Block 4/10  Policy: safety  Load: burst (100%) ---
20:29:05  INFO     [RAMS] Starting resource monitor ...
20:29:05  INFO     [RAMS] Loading model tiers ...
20:29:05  INFO     [RAMS] YOLOv8-nano ready — ONNX (imgsz=320).
20:29:05  INFO     [RAMS] YOLOv8-small ready — ONNX (imgsz=416).
20:29:06  INFO     [RAMS] YOLOv8-medium ready — ONNX (imgsz=640).
20:29:06  INFO     [RAMS] Controller ready. Policy: safety
20:29:08  INFO     [RAMS] Tier switch: SMALL → NANO  (R=0.760)
20:29:09  INFO     [RAMS] Tier switch: NANO → SMALL  (R=0.748)
20:29:10  INFO       [safety / burst] 20/200  tier=SMALL   latency=212.7 ms  R=0.760  target=0.85  dets=1  vru=False  backend=onnx
20:29:13  INFO       [safety / burst] 40/200  tier=SMALL   latency=129.1 ms  R=0.360  target=0.00  dets=2  vru=False  backend=onnx
20:29:16  INFO       [safety / burst] 60/200  tier=SMALL   latency=130.7 ms  R=0.370  target=0.00  dets=3  vru=False  backend=onnx
20:29:19  INFO       [safety / burst] 80/200  tier=SMALL   latency=131.8 ms  R=0.344  target=0.00  dets=1  vru=False  backend=onnx
20:29:22  INFO       [safety / burst] 100/200  tier=SMALL   latency=130.7 ms  R=0.303  target=0.00  dets=12  vru=False  backend=onnx
20:29:22  INFO     [RAMS] Tier switch: SMALL → NANO  (R=0.748)
20:29:23  INFO     [RAMS] Tier switch: NANO → SMALL  (R=0.737)
20:29:24  INFO     [RAMS] Tier switch: SMALL → NANO  (R=0.760)
20:29:24  INFO     [RAMS] Tier switch: NANO → SMALL  (R=0.742)
20:29:25  INFO       [safety / burst] 120/200  tier=SMALL   latency=211.3 ms  R=0.760  target=0.85  dets=6  vru=False  backend=onnx
20:29:28  INFO       [safety / burst] 140/200  tier=SMALL   latency=129.7 ms  R=0.329  target=0.00  dets=10  vru=False  backend=onnx
20:29:31  INFO       [safety / burst] 160/200  tier=SMALL   latency=131.3 ms  R=0.300  target=0.00  dets=2  vru=False  backend=onnx
20:29:34  INFO       [safety / burst] 180/200  tier=SMALL   latency=128.0 ms  R=0.298  target=0.00  dets=1  vru=True  backend=onnx
20:29:37  INFO       [safety / burst] 200/200  tier=SMALL   latency=130.3 ms  R=0.372  target=0.00  dets=1  vru=True  backend=onnx
20:29:37  INFO     [RAMS] Controller stopped.
20:29:37  INFO     
--- Block 4/10  Policy: threshold  Load: burst (100%) ---
20:29:37  INFO     [RAMS] Starting resource monitor ...
20:29:37  INFO     [RAMS] Loading model tiers ...
20:29:37  INFO     [RAMS] YOLOv8-nano ready — ONNX (imgsz=320).
20:29:37  INFO     [RAMS] YOLOv8-small ready — ONNX (imgsz=416).
20:29:38  INFO     [RAMS] YOLOv8-medium ready — ONNX (imgsz=640).
20:29:38  INFO     [RAMS] Controller ready. Policy: threshold
20:29:39  INFO     [RAMS] Tier switch: SMALL → NANO  (R=0.761)
20:29:40  INFO       [threshold / burst] 20/200  tier=NANO    latency=47.8 ms  R=0.754  target=0.85  dets=0  vru=False  backend=onnx
20:29:41  INFO     [RAMS] Tier switch: NANO → MEDIUM  (R=0.146)
20:29:43  INFO     [RAMS] Tier switch: MEDIUM → SMALL  (R=0.305)
20:29:45  INFO       [threshold / burst] 40/200  tier=SMALL   latency=128.7 ms  R=0.308  target=0.00  dets=2  vru=False  backend=onnx
20:29:48  INFO       [threshold / burst] 60/200  tier=SMALL   latency=127.7 ms  R=0.305  target=0.00  dets=3  vru=False  backend=onnx
20:29:51  INFO       [threshold / burst] 80/200  tier=SMALL   latency=127.4 ms  R=0.295  target=0.00  dets=1  vru=False  backend=onnx
20:29:53  INFO       [threshold / burst] 100/200  tier=SMALL   latency=129.0 ms  R=0.295  target=0.00  dets=12  vru=False  backend=onnx
20:29:54  INFO     [RAMS] Tier switch: SMALL → NANO  (R=0.760)
20:29:55  INFO       [threshold / burst] 120/200  tier=NANO    latency=62.6 ms  R=0.725  target=0.85  dets=6  vru=False  backend=onnx
20:29:56  INFO     [RAMS] Tier switch: NANO → MEDIUM  (R=0.160)
20:29:58  INFO     [RAMS] Tier switch: MEDIUM → SMALL  (R=0.372)
20:30:00  INFO       [threshold / burst] 140/200  tier=SMALL   latency=131.4 ms  R=0.388  target=0.00  dets=10  vru=False  backend=onnx
20:30:03  INFO       [threshold / burst] 160/200  tier=SMALL   latency=128.1 ms  R=0.288  target=0.00  dets=2  vru=False  backend=onnx
20:30:06  INFO       [threshold / burst] 180/200  tier=SMALL   latency=127.6 ms  R=0.290  target=0.00  dets=1  vru=True  backend=onnx
20:30:08  INFO       [threshold / burst] 200/200  tier=SMALL   latency=127.9 ms  R=0.314  target=0.00  dets=1  vru=True  backend=onnx
20:30:08  INFO     [RAMS] Controller stopped.
20:30:08  INFO     
--- Block 5/10  Policy: safety  Load: burst (100%) ---
20:30:08  INFO     [RAMS] Starting resource monitor ...
20:30:08  INFO     [RAMS] Loading model tiers ...
20:30:09  INFO     [RAMS] YOLOv8-nano ready — ONNX (imgsz=320).
20:30:09  INFO     [RAMS] YOLOv8-small ready — ONNX (imgsz=416).
20:30:09  INFO     [RAMS] YOLOv8-medium ready — ONNX (imgsz=640).
20:30:09  INFO     [RAMS] Controller ready. Policy: safety
20:30:10  INFO     [RAMS] Tier switch: SMALL → NANO  (R=0.748)
20:30:10  INFO     [RAMS] Tier switch: NANO → SMALL  (R=0.742)
20:30:12  INFO     [RAMS] Tier switch: SMALL → NANO  (R=0.754)
20:30:12  INFO     [RAMS] Tier switch: NANO → SMALL  (R=0.742)
20:30:13  INFO       [safety / burst] 20/200  tier=SMALL   latency=259.9 ms  R=0.742  target=0.85  dets=11  vru=True  backend=onnx
20:30:16  INFO       [safety / burst] 40/200  tier=SMALL   latency=130.2 ms  R=0.301  target=0.00  dets=15  vru=False  backend=onnx
20:30:19  INFO       [safety / burst] 60/200  tier=SMALL   latency=128.2 ms  R=0.363  target=0.00  dets=2  vru=False  backend=onnx
20:30:21  INFO       [safety / burst] 80/200  tier=SMALL   latency=129.2 ms  R=0.362  target=0.00  dets=10  vru=False  backend=onnx
20:30:24  INFO       [safety / burst] 100/200  tier=SMALL   latency=129.6 ms  R=0.307  target=0.00  dets=10  vru=False  backend=onnx
20:30:28  INFO       [safety / burst] 120/200  tier=SMALL   latency=155.2 ms  R=0.742  target=0.85  dets=4  vru=False  backend=onnx
20:30:31  INFO       [safety / burst] 140/200  tier=SMALL   latency=129.9 ms  R=0.303  target=0.00  dets=9  vru=True  backend=onnx
20:30:34  INFO       [safety / burst] 160/200  tier=SMALL   latency=127.8 ms  R=0.299  target=0.00  dets=1  vru=False  backend=onnx
20:30:37  INFO       [safety / burst] 180/200  tier=SMALL   latency=127.8 ms  R=0.306  target=0.00  dets=2  vru=False  backend=onnx
20:30:40  INFO       [safety / burst] 200/200  tier=SMALL   latency=132.7 ms  R=0.351  target=0.00  dets=1  vru=False  backend=onnx
20:30:40  INFO     [RAMS] Controller stopped.
20:30:40  INFO     
--- Block 5/10  Policy: fixed_nano  Load: burst (100%) ---
20:30:40  INFO     [RAMS] Starting resource monitor ...
20:30:40  INFO     [RAMS] Loading model tiers ...
20:30:40  INFO     [RAMS] YOLOv8-nano ready — ONNX (imgsz=320).
20:30:40  INFO     [RAMS] YOLOv8-small ready — ONNX (imgsz=416).
20:30:41  INFO     [RAMS] YOLOv8-medium ready — ONNX (imgsz=640).
20:30:41  INFO     [RAMS] Controller ready. Policy: fixed
20:30:41  INFO     [RAMS] Tier switch: SMALL → NANO  (R=0.732)
20:30:43  INFO       [fixed_nano / burst] 20/200  tier=NANO    latency=100.4 ms  R=0.739  target=0.85  dets=7  vru=False  backend=onnx
20:30:44  INFO       [fixed_nano / burst] 40/200  tier=NANO    latency=32.2 ms  R=0.354  target=0.00  dets=10  vru=False  backend=onnx
20:30:45  INFO       [fixed_nano / burst] 60/200  tier=NANO    latency=31.4 ms  R=0.272  target=0.00  dets=2  vru=False  backend=onnx
20:30:46  INFO       [fixed_nano / burst] 80/200  tier=NANO    latency=31.7 ms  R=0.298  target=0.00  dets=6  vru=False  backend=onnx
20:30:47  INFO       [fixed_nano / burst] 100/200  tier=NANO    latency=31.4 ms  R=0.297  target=0.00  dets=2  vru=False  backend=onnx
20:30:49  INFO       [fixed_nano / burst] 120/200  tier=NANO    latency=48.1 ms  R=0.748  target=0.85  dets=2  vru=False  backend=onnx
20:30:50  INFO       [fixed_nano / burst] 140/200  tier=NANO    latency=30.9 ms  R=0.278  target=0.00  dets=1  vru=False  backend=onnx
20:30:51  INFO       [fixed_nano / burst] 160/200  tier=NANO    latency=31.5 ms  R=0.289  target=0.00  dets=0  vru=False  backend=onnx
20:30:52  INFO       [fixed_nano / burst] 180/200  tier=NANO    latency=31.5 ms  R=0.272  target=0.00  dets=1  vru=False  backend=onnx
20:30:52  INFO       [fixed_nano / burst] 200/200  tier=NANO    latency=31.3 ms  R=0.293  target=0.00  dets=1  vru=False  backend=onnx
20:30:53  INFO     [RAMS] Controller stopped.
20:30:53  INFO     
--- Block 5/10  Policy: fixed_medium  Load: burst (100%) ---
20:30:53  INFO     [RAMS] Starting resource monitor ...
20:30:53  INFO     [RAMS] Loading model tiers ...
20:30:53  INFO     [RAMS] YOLOv8-nano ready — ONNX (imgsz=320).
20:30:53  INFO     [RAMS] YOLOv8-small ready — ONNX (imgsz=416).
20:30:54  INFO     [RAMS] YOLOv8-medium ready — ONNX (imgsz=640).
20:30:54  INFO     [RAMS] Controller ready. Policy: fixed
20:30:54  INFO     [RAMS] Tier switch: SMALL → MEDIUM  (R=0.707)
20:31:17  INFO       [fixed_medium / burst] 20/200  tier=MEDIUM  latency=903.1 ms  R=0.754  target=0.85  dets=17  vru=True  backend=onnx
20:31:32  INFO       [fixed_medium / burst] 40/200  tier=MEDIUM  latency=724.9 ms  R=0.299  target=0.00  dets=16  vru=False  backend=onnx
20:31:47  INFO       [fixed_medium / burst] 60/200  tier=MEDIUM  latency=723.0 ms  R=0.399  target=0.00  dets=3  vru=True  backend=onnx
20:32:02  INFO       [fixed_medium / burst] 80/200  tier=MEDIUM  latency=722.1 ms  R=0.308  target=0.00  dets=11  vru=False  backend=onnx
20:32:16  INFO       [fixed_medium / burst] 100/200  tier=MEDIUM  latency=718.3 ms  R=0.301  target=0.00  dets=10  vru=True  backend=onnx
20:32:40  INFO       [fixed_medium / burst] 120/200  tier=MEDIUM  latency=1176.9 ms  R=0.754  target=0.85  dets=5  vru=False  backend=onnx
20:32:55  INFO       [fixed_medium / burst] 140/200  tier=MEDIUM  latency=718.7 ms  R=0.305  target=0.00  dets=19  vru=True  backend=onnx
20:33:10  INFO       [fixed_medium / burst] 160/200  tier=MEDIUM  latency=723.0 ms  R=0.311  target=0.00  dets=2  vru=False  backend=onnx
20:33:24  INFO       [fixed_medium / burst] 180/200  tier=MEDIUM  latency=716.4 ms  R=0.299  target=0.00  dets=3  vru=False  backend=onnx
20:33:39  INFO       [fixed_medium / burst] 200/200  tier=MEDIUM  latency=713.6 ms  R=0.402  target=0.00  dets=4  vru=False  backend=onnx
20:33:39  INFO     [RAMS] Controller stopped.
20:33:39  INFO     
--- Block 5/10  Policy: adaptive  Load: burst (100%) ---
20:33:39  INFO     [RAMS] Starting resource monitor ...
20:33:39  INFO     [RAMS] Loading model tiers ...
20:33:39  INFO     [RAMS] YOLOv8-nano ready — ONNX (imgsz=320).
20:33:39  INFO     [RAMS] YOLOv8-small ready — ONNX (imgsz=416).
20:33:40  INFO     [RAMS] YOLOv8-medium ready — ONNX (imgsz=640).
20:33:40  INFO     [RAMS] Controller ready. Policy: adaptive
20:33:40  INFO     [RAMS] Tier switch: SMALL → NANO  (R=0.697)
20:33:42  INFO       [adaptive / burst] 20/200  tier=NANO    latency=65.9 ms  R=0.748  target=0.85  dets=7  vru=False  backend=onnx
20:33:42  INFO     [RAMS] Tier switch: NANO → SMALL  (R=0.124)
20:33:45  INFO       [adaptive / burst] 40/200  tier=SMALL   latency=129.7 ms  R=0.287  target=0.00  dets=15  vru=False  backend=onnx
20:33:48  INFO       [adaptive / burst] 60/200  tier=SMALL   latency=128.2 ms  R=0.299  target=0.00  dets=2  vru=False  backend=onnx
20:33:50  INFO       [adaptive / burst] 80/200  tier=SMALL   latency=129.2 ms  R=0.315  target=0.00  dets=10  vru=False  backend=onnx
20:33:53  INFO       [adaptive / burst] 100/200  tier=SMALL   latency=130.2 ms  R=0.366  target=0.00  dets=10  vru=False  backend=onnx
20:33:54  INFO     [RAMS] Tier switch: SMALL → NANO  (R=0.755)
20:33:56  INFO       [adaptive / burst] 120/200  tier=NANO    latency=92.6 ms  R=0.761  target=0.85  dets=2  vru=False  backend=onnx
20:33:56  INFO     [RAMS] Tier switch: NANO → SMALL  (R=0.181)
20:33:59  INFO       [adaptive / burst] 140/200  tier=SMALL   latency=128.1 ms  R=0.313  target=0.00  dets=9  vru=True  backend=onnx
20:34:02  INFO       [adaptive / burst] 160/200  tier=SMALL   latency=127.2 ms  R=0.332  target=0.00  dets=1  vru=False  backend=onnx
20:34:04  INFO       [adaptive / burst] 180/200  tier=SMALL   latency=127.6 ms  R=0.307  target=0.00  dets=2  vru=False  backend=onnx
20:34:07  INFO       [adaptive / burst] 200/200  tier=SMALL   latency=128.3 ms  R=0.308  target=0.00  dets=1  vru=False  backend=onnx
20:34:07  INFO     [RAMS] Controller stopped.
20:34:08  INFO     
--- Block 5/10  Policy: predictive  Load: burst (100%) ---
20:34:08  INFO     [RAMS] Starting resource monitor ...
20:34:08  INFO     [RAMS] Loading model tiers ...
20:34:08  INFO     [RAMS] YOLOv8-nano ready — ONNX (imgsz=320).
20:34:08  INFO     [RAMS] YOLOv8-small ready — ONNX (imgsz=416).
20:34:09  INFO     [RAMS] YOLOv8-medium ready — ONNX (imgsz=640).
20:34:09  INFO     [RAMS] Controller ready. Policy: predictive
20:34:09  INFO     [RAMS] Tier switch: SMALL → NANO  (R=0.702)
20:34:10  INFO       [predictive / burst] 20/200  tier=NANO    latency=35.7 ms  R=0.742  target=0.85  dets=7  vru=False  backend=onnx
20:34:10  INFO     [RAMS] Tier switch: NANO → SMALL  (R=0.072)
20:34:13  INFO       [predictive / burst] 40/200  tier=SMALL   latency=130.3 ms  R=0.301  target=0.00  dets=15  vru=False  backend=onnx
20:34:16  INFO       [predictive / burst] 60/200  tier=SMALL   latency=129.6 ms  R=0.434  target=0.00  dets=2  vru=False  backend=onnx
20:34:19  INFO       [predictive / burst] 80/200  tier=SMALL   latency=131.3 ms  R=0.373  target=0.00  dets=10  vru=False  backend=onnx
20:34:22  INFO       [predictive / burst] 100/200  tier=SMALL   latency=129.3 ms  R=0.297  target=0.00  dets=10  vru=False  backend=onnx
20:34:22  INFO     [RAMS] Tier switch: SMALL → NANO  (R=0.760)
20:34:23  INFO       [predictive / burst] 120/200  tier=NANO    latency=76.2 ms  R=0.737  target=0.85  dets=2  vru=False  backend=onnx
20:34:24  INFO     [RAMS] Tier switch: NANO → SMALL  (R=0.072)
20:34:26  INFO       [predictive / burst] 140/200  tier=SMALL   latency=130.0 ms  R=0.287  target=0.00  dets=9  vru=True  backend=onnx
20:34:29  INFO       [predictive / burst] 160/200  tier=SMALL   latency=128.1 ms  R=0.308  target=0.00  dets=1  vru=False  backend=onnx
20:34:32  INFO       [predictive / burst] 180/200  tier=SMALL   latency=128.4 ms  R=0.287  target=0.00  dets=2  vru=False  backend=onnx
20:34:35  INFO       [predictive / burst] 200/200  tier=SMALL   latency=128.3 ms  R=0.293  target=0.00  dets=1  vru=False  backend=onnx
20:34:35  INFO     [RAMS] Controller stopped.
20:34:35  INFO     
--- Block 5/10  Policy: safety2  Load: burst (100%) ---
20:34:35  INFO     [RAMS] Starting resource monitor ...
20:34:35  INFO     [RAMS] Loading model tiers ...
20:34:35  INFO     [RAMS] YOLOv8-nano ready — ONNX (imgsz=320).
20:34:35  INFO     [RAMS] YOLOv8-small ready — ONNX (imgsz=416).
20:34:36  INFO     [RAMS] YOLOv8-medium ready — ONNX (imgsz=640).
20:34:36  INFO     [RAMS] Controller ready. Policy: safety2
20:34:37  INFO     [RAMS] Tier switch: SMALL → NANO  (R=0.755)
20:34:37  INFO     [RAMS] Tier switch: NANO → MEDIUM  (R=0.750)
20:34:42  INFO     [RAMS] Tier switch: MEDIUM → NANO  (R=0.755)
20:34:43  INFO     [RAMS] Tier switch: NANO → SMALL  (R=0.737)
20:34:43  INFO       [safety2 / burst] 20/200  tier=SMALL   latency=244.9 ms  R=0.737  target=0.85  dets=11  vru=True  backend=onnx
20:34:44  INFO     [RAMS] Tier switch: SMALL → MEDIUM  (R=0.293)
20:34:46  INFO     [RAMS] Tier switch: MEDIUM → SMALL  (R=0.300)
20:34:46  INFO     [RAMS] Tier switch: SMALL → MEDIUM  (R=0.284)
20:34:48  INFO     [RAMS] Tier switch: MEDIUM → SMALL  (R=0.309)
20:34:49  INFO     [RAMS] Tier switch: SMALL → MEDIUM  (R=0.295)
20:34:51  INFO     [RAMS] Tier switch: MEDIUM → SMALL  (R=0.302)
20:34:52  INFO       [safety2 / burst] 40/200  tier=SMALL   latency=129.9 ms  R=0.301  target=0.00  dets=15  vru=False  backend=onnx
20:34:52  INFO     [RAMS] Tier switch: SMALL → MEDIUM  (R=0.315)
20:34:54  INFO     [RAMS] Tier switch: MEDIUM → SMALL  (R=0.298)
20:34:55  INFO     [RAMS] Tier switch: SMALL → MEDIUM  (R=0.284)
20:34:57  INFO     [RAMS] Tier switch: MEDIUM → SMALL  (R=0.302)
20:34:58  INFO       [safety2 / burst] 60/200  tier=SMALL   latency=129.0 ms  R=0.381  target=0.00  dets=2  vru=False  backend=onnx
20:34:59  INFO     [RAMS] Tier switch: SMALL → MEDIUM  (R=0.403)
20:35:01  INFO     [RAMS] Tier switch: MEDIUM → SMALL  (R=0.382)
20:35:01  INFO     [RAMS] Tier switch: SMALL → MEDIUM  (R=0.347)
20:35:04  INFO     [RAMS] Tier switch: MEDIUM → SMALL  (R=0.303)
20:35:04  INFO       [safety2 / burst] 80/200  tier=SMALL   latency=130.7 ms  R=0.297  target=0.00  dets=10  vru=False  backend=onnx
20:35:05  INFO     [RAMS] Tier switch: SMALL → MEDIUM  (R=0.410)
20:35:08  INFO     [RAMS] Tier switch: MEDIUM → SMALL  (R=0.305)
20:35:09  INFO       [safety2 / burst] 100/200  tier=SMALL   latency=129.4 ms  R=0.288  target=0.00  dets=10  vru=False  backend=onnx
20:35:10  INFO     [RAMS] Tier switch: SMALL → MEDIUM  (R=0.755)
20:35:11  INFO     [RAMS] Tier switch: MEDIUM → NANO  (R=0.743)
20:35:12  INFO     [RAMS] Tier switch: NANO → MEDIUM  (R=0.748)
20:35:15  INFO     [RAMS] Tier switch: MEDIUM → SMALL  (R=0.748)
20:35:16  INFO     [RAMS] Tier switch: SMALL → NANO  (R=0.755)
20:35:16  INFO       [safety2 / burst] 120/200  tier=NANO    latency=41.1 ms  R=0.725  target=0.85  dets=2  vru=False  backend=onnx
20:35:16  INFO     [RAMS] Tier switch: NANO → MEDIUM  (R=0.235)
20:35:18  INFO     [RAMS] Tier switch: MEDIUM → SMALL  (R=0.295)
20:35:19  INFO     [RAMS] Tier switch: SMALL → MEDIUM  (R=0.376)
20:35:23  INFO     [RAMS] Tier switch: MEDIUM → SMALL  (R=0.461)
20:35:24  INFO     [RAMS] Tier switch: SMALL → MEDIUM  (R=0.347)
20:35:25  INFO       [safety2 / burst] 140/200  tier=MEDIUM  latency=725.2 ms  R=0.347  target=0.00  dets=19  vru=True  backend=onnx
20:35:26  INFO     [RAMS] Tier switch: MEDIUM → SMALL  (R=0.305)
20:35:29  INFO       [safety2 / burst] 160/200  tier=SMALL   latency=128.1 ms  R=0.353  target=0.00  dets=1  vru=False  backend=onnx
20:35:31  INFO       [safety2 / burst] 180/200  tier=SMALL   latency=129.3 ms  R=0.283  target=0.00  dets=2  vru=False  backend=onnx
20:35:32  INFO     [RAMS] Tier switch: SMALL → MEDIUM  (R=0.290)
20:35:34  INFO     [RAMS] Tier switch: MEDIUM → SMALL  (R=0.298)
20:35:34  INFO     [RAMS] Tier switch: SMALL → MEDIUM  (R=0.302)
20:35:36  INFO     [RAMS] Tier switch: MEDIUM → SMALL  (R=0.315)
20:35:37  INFO     [RAMS] Tier switch: SMALL → MEDIUM  (R=0.319)
20:35:39  INFO       [safety2 / burst] 200/200  tier=MEDIUM  latency=719.2 ms  R=0.302  target=0.00  dets=4  vru=False  backend=onnx
20:35:39  INFO     [RAMS] Controller stopped.
20:35:39  INFO     
--- Block 5/10  Policy: fixed_small  Load: burst (100%) ---
20:35:39  INFO     [RAMS] Starting resource monitor ...
20:35:39  INFO     [RAMS] Loading model tiers ...
20:35:39  INFO     [RAMS] YOLOv8-nano ready — ONNX (imgsz=320).
20:35:39  INFO     [RAMS] YOLOv8-small ready — ONNX (imgsz=416).
20:35:40  INFO     [RAMS] YOLOv8-medium ready — ONNX (imgsz=640).
20:35:40  INFO     [RAMS] Controller ready. Policy: fixed
20:35:47  INFO       [fixed_small / burst] 20/200  tier=SMALL   latency=251.7 ms  R=0.720  target=0.85  dets=11  vru=True  backend=onnx
20:35:50  INFO       [fixed_small / burst] 40/200  tier=SMALL   latency=131.6 ms  R=0.393  target=0.00  dets=15  vru=False  backend=onnx
20:35:52  INFO       [fixed_small / burst] 60/200  tier=SMALL   latency=130.2 ms  R=0.287  target=0.00  dets=2  vru=False  backend=onnx
20:35:55  INFO       [fixed_small / burst] 80/200  tier=SMALL   latency=131.2 ms  R=0.295  target=0.00  dets=10  vru=False  backend=onnx
20:35:58  INFO       [fixed_small / burst] 100/200  tier=SMALL   latency=130.4 ms  R=0.301  target=0.00  dets=10  vru=False  backend=onnx
20:36:04  INFO       [fixed_small / burst] 120/200  tier=SMALL   latency=439.3 ms  R=0.743  target=0.85  dets=4  vru=False  backend=onnx
20:36:07  INFO       [fixed_small / burst] 140/200  tier=SMALL   latency=130.4 ms  R=0.395  target=0.00  dets=9  vru=True  backend=onnx
20:36:10  INFO       [fixed_small / burst] 160/200  tier=SMALL   latency=127.5 ms  R=0.295  target=0.00  dets=1  vru=False  backend=onnx
20:36:13  INFO       [fixed_small / burst] 180/200  tier=SMALL   latency=127.9 ms  R=0.297  target=0.00  dets=2  vru=False  backend=onnx
20:36:16  INFO       [fixed_small / burst] 200/200  tier=SMALL   latency=129.5 ms  R=0.404  target=0.00  dets=1  vru=False  backend=onnx
20:36:16  INFO     [RAMS] Controller stopped.
20:36:16  INFO     
--- Block 5/10  Policy: threshold  Load: burst (100%) ---
20:36:16  INFO     [RAMS] Starting resource monitor ...
20:36:16  INFO     [RAMS] Loading model tiers ...
20:36:16  INFO     [RAMS] YOLOv8-nano ready — ONNX (imgsz=320).
20:36:16  INFO     [RAMS] YOLOv8-small ready — ONNX (imgsz=416).
20:36:17  INFO     [RAMS] YOLOv8-medium ready — ONNX (imgsz=640).
20:36:17  INFO     [RAMS] Controller ready. Policy: threshold
20:36:17  INFO     [RAMS] Tier switch: SMALL → NANO  (R=0.754)
20:36:19  INFO       [threshold / burst] 20/200  tier=NANO    latency=106.6 ms  R=0.737  target=0.85  dets=7  vru=False  backend=onnx
20:36:19  INFO     [RAMS] Tier switch: NANO → MEDIUM  (R=0.160)
20:36:21  INFO     [RAMS] Tier switch: MEDIUM → SMALL  (R=0.295)
20:36:23  INFO       [threshold / burst] 40/200  tier=SMALL   latency=131.7 ms  R=0.303  target=0.00  dets=15  vru=False  backend=onnx
20:36:26  INFO       [threshold / burst] 60/200  tier=SMALL   latency=129.1 ms  R=0.374  target=0.00  dets=2  vru=False  backend=onnx
20:36:29  INFO       [threshold / burst] 80/200  tier=SMALL   latency=131.4 ms  R=0.344  target=0.00  dets=10  vru=False  backend=onnx
20:36:32  INFO       [threshold / burst] 100/200  tier=SMALL   latency=130.9 ms  R=0.295  target=0.00  dets=10  vru=False  backend=onnx
20:36:33  INFO     [RAMS] Tier switch: SMALL → NANO  (R=0.737)
20:36:34  INFO       [threshold / burst] 120/200  tier=NANO    latency=55.6 ms  R=0.755  target=0.85  dets=2  vru=False  backend=onnx
20:36:34  INFO     [RAMS] Tier switch: NANO → MEDIUM  (R=0.072)
20:36:36  INFO     [RAMS] Tier switch: MEDIUM → SMALL  (R=0.300)
20:36:38  INFO       [threshold / burst] 140/200  tier=SMALL   latency=129.7 ms  R=0.292  target=0.00  dets=9  vru=True  backend=onnx
20:36:41  INFO       [threshold / burst] 160/200  tier=SMALL   latency=127.9 ms  R=0.283  target=0.00  dets=1  vru=False  backend=onnx
20:36:44  INFO       [threshold / burst] 180/200  tier=SMALL   latency=128.0 ms  R=0.288  target=0.00  dets=2  vru=False  backend=onnx
20:36:47  INFO       [threshold / burst] 200/200  tier=SMALL   latency=132.0 ms  R=0.370  target=0.00  dets=1  vru=False  backend=onnx
20:36:47  INFO     [RAMS] Controller stopped.
20:36:47  INFO     
--- Block 6/10  Policy: adaptive  Load: burst (100%) ---
20:36:47  INFO     [RAMS] Starting resource monitor ...
20:36:47  INFO     [RAMS] Loading model tiers ...
20:36:47  INFO     [RAMS] YOLOv8-nano ready — ONNX (imgsz=320).
20:36:47  INFO     [RAMS] YOLOv8-small ready — ONNX (imgsz=416).
20:36:48  INFO     [RAMS] YOLOv8-medium ready — ONNX (imgsz=640).
20:36:48  INFO     [RAMS] Controller ready. Policy: adaptive
20:36:48  INFO     [RAMS] Tier switch: SMALL → NANO  (R=0.755)
20:36:50  INFO       [adaptive / burst] 20/200  tier=NANO    latency=181.6 ms  R=0.756  target=0.85  dets=1  vru=False  backend=onnx
20:36:51  INFO     [RAMS] Tier switch: NANO → SMALL  (R=0.133)
20:36:53  INFO       [adaptive / burst] 40/200  tier=SMALL   latency=128.5 ms  R=0.299  target=0.00  dets=2  vru=False  backend=onnx
20:36:56  INFO       [adaptive / burst] 60/200  tier=SMALL   latency=128.7 ms  R=0.305  target=0.00  dets=5  vru=False  backend=onnx
20:36:59  INFO       [adaptive / burst] 80/200  tier=SMALL   latency=128.6 ms  R=0.287  target=0.00  dets=3  vru=True  backend=onnx
20:37:02  INFO       [adaptive / burst] 100/200  tier=SMALL   latency=128.0 ms  R=0.285  target=0.00  dets=2  vru=False  backend=onnx
20:37:03  INFO     [RAMS] Tier switch: SMALL → NANO  (R=0.754)
20:37:04  INFO       [adaptive / burst] 120/200  tier=NANO    latency=48.6 ms  R=0.748  target=0.85  dets=4  vru=False  backend=onnx
20:37:04  INFO     [RAMS] Tier switch: NANO → SMALL  (R=0.066)
20:37:07  INFO       [adaptive / burst] 140/200  tier=SMALL   latency=130.7 ms  R=0.457  target=0.00  dets=4  vru=False  backend=onnx
20:37:10  INFO       [adaptive / burst] 160/200  tier=SMALL   latency=130.2 ms  R=0.379  target=0.00  dets=1  vru=False  backend=onnx
20:37:13  INFO       [adaptive / burst] 180/200  tier=SMALL   latency=128.4 ms  R=0.456  target=0.00  dets=6  vru=False  backend=onnx
20:37:15  INFO       [adaptive / burst] 200/200  tier=SMALL   latency=128.9 ms  R=0.283  target=0.00  dets=0  vru=False  backend=onnx
20:37:16  INFO     [RAMS] Controller stopped.
20:37:16  INFO     
--- Block 6/10  Policy: safety2  Load: burst (100%) ---
20:37:16  INFO     [RAMS] Starting resource monitor ...
20:37:16  INFO     [RAMS] Loading model tiers ...
20:37:16  INFO     [RAMS] YOLOv8-nano ready — ONNX (imgsz=320).
20:37:16  INFO     [RAMS] YOLOv8-small ready — ONNX (imgsz=416).
20:37:17  INFO     [RAMS] YOLOv8-medium ready — ONNX (imgsz=640).
20:37:17  INFO     [RAMS] Controller ready. Policy: safety2
20:37:17  INFO     [RAMS] Tier switch: SMALL → MEDIUM  (R=0.748)
20:37:20  INFO     [RAMS] Tier switch: MEDIUM → NANO  (R=0.760)
20:37:21  INFO     [RAMS] Tier switch: NANO → SMALL  (R=0.713)
20:37:21  INFO     [RAMS] Tier switch: SMALL → NANO  (R=0.755)
20:37:22  INFO     [RAMS] Tier switch: NANO → MEDIUM  (R=0.731)
20:37:24  INFO     [RAMS] Tier switch: MEDIUM → SMALL  (R=0.755)
20:37:25  INFO     [RAMS] Tier switch: SMALL → NANO  (R=0.748)
20:37:25  INFO       [safety2 / burst] 20/200  tier=NANO    latency=77.6 ms  R=0.737  target=0.85  dets=1  vru=False  backend=onnx
20:37:26  INFO     [RAMS] Tier switch: NANO → SMALL  (R=0.281)
20:37:27  INFO     [RAMS] Tier switch: SMALL → MEDIUM  (R=0.379)
20:37:29  INFO     [RAMS] Tier switch: MEDIUM → SMALL  (R=0.381)
20:37:29  INFO     [RAMS] Tier switch: SMALL → MEDIUM  (R=0.348)
20:37:31  INFO     [RAMS] Tier switch: MEDIUM → SMALL  (R=0.389)
20:37:31  INFO       [safety2 / burst] 40/200  tier=SMALL   latency=130.7 ms  R=0.389  target=0.00  dets=2  vru=False  backend=onnx
20:37:34  INFO       [safety2 / burst] 60/200  tier=SMALL   latency=129.6 ms  R=0.313  target=0.00  dets=5  vru=False  backend=onnx
20:37:37  INFO       [safety2 / burst] 80/200  tier=SMALL   latency=129.3 ms  R=0.286  target=0.00  dets=3  vru=True  backend=onnx
20:37:37  INFO     [RAMS] Tier switch: SMALL → MEDIUM  (R=0.303)
20:37:39  INFO     [RAMS] Tier switch: MEDIUM → SMALL  (R=0.305)
20:37:41  INFO     [RAMS] Tier switch: SMALL → MEDIUM  (R=0.284)
20:37:43  INFO       [safety2 / burst] 100/200  tier=MEDIUM  latency=718.6 ms  R=0.311  target=0.00  dets=4  vru=True  backend=onnx
20:37:46  INFO     [RAMS] Tier switch: MEDIUM → NANO  (R=0.760)
20:37:46  INFO     [RAMS] Tier switch: NANO → MEDIUM  (R=0.748)
20:37:50  INFO     [RAMS] Tier switch: MEDIUM → SMALL  (R=0.749)
20:37:51  INFO     [RAMS] Tier switch: SMALL → NANO  (R=0.750)
20:37:51  INFO       [safety2 / burst] 120/200  tier=NANO    latency=82.8 ms  R=0.750  target=0.85  dets=4  vru=False  backend=onnx
20:37:52  INFO     [RAMS] Tier switch: NANO → MEDIUM  (R=0.138)
20:37:54  INFO     [RAMS] Tier switch: MEDIUM → SMALL  (R=0.385)
20:37:54  INFO     [RAMS] Tier switch: SMALL → MEDIUM  (R=0.368)
20:37:56  INFO     [RAMS] Tier switch: MEDIUM → SMALL  (R=0.309)
20:37:57  INFO     [RAMS] Tier switch: SMALL → MEDIUM  (R=0.326)
20:37:59  INFO     [RAMS] Tier switch: MEDIUM → SMALL  (R=0.305)
20:38:00  INFO       [safety2 / burst] 140/200  tier=SMALL   latency=128.6 ms  R=0.371  target=0.00  dets=4  vru=False  backend=onnx
20:38:01  INFO     [RAMS] Tier switch: SMALL → MEDIUM  (R=0.322)
20:38:04  INFO     [RAMS] Tier switch: MEDIUM → SMALL  (R=0.368)
20:38:04  INFO     [RAMS] Tier switch: SMALL → MEDIUM  (R=0.313)
20:38:05  INFO       [safety2 / burst] 160/200  tier=MEDIUM  latency=710.5 ms  R=0.313  target=0.00  dets=1  vru=False  backend=onnx
20:38:06  INFO     [RAMS] Tier switch: MEDIUM → SMALL  (R=0.305)
20:38:07  INFO     [RAMS] Tier switch: SMALL → MEDIUM  (R=0.316)
20:38:09  INFO     [RAMS] Tier switch: MEDIUM → SMALL  (R=0.309)
20:38:09  INFO     [RAMS] Tier switch: SMALL → MEDIUM  (R=0.340)
20:38:12  INFO     [RAMS] Tier switch: MEDIUM → SMALL  (R=0.372)
20:38:12  INFO       [safety2 / burst] 180/200  tier=SMALL   latency=129.5 ms  R=0.475  target=0.00  dets=6  vru=False  backend=onnx
20:38:13  INFO     [RAMS] Tier switch: SMALL → MEDIUM  (R=0.364)
20:38:16  INFO     [RAMS] Tier switch: MEDIUM → SMALL  (R=0.388)
20:38:17  INFO     [RAMS] Tier switch: SMALL → MEDIUM  (R=0.311)
20:38:18  INFO       [safety2 / burst] 200/200  tier=MEDIUM  latency=712.4 ms  R=0.381  target=0.00  dets=4  vru=False  backend=onnx
20:38:18  INFO     [RAMS] Controller stopped.
20:38:18  INFO     
--- Block 6/10  Policy: threshold  Load: burst (100%) ---
20:38:18  INFO     [RAMS] Starting resource monitor ...
20:38:18  INFO     [RAMS] Loading model tiers ...
20:38:18  INFO     [RAMS] YOLOv8-nano ready — ONNX (imgsz=320).
20:38:19  INFO     [RAMS] YOLOv8-small ready — ONNX (imgsz=416).
20:38:19  INFO     [RAMS] YOLOv8-medium ready — ONNX (imgsz=640).
20:38:19  INFO     [RAMS] Controller ready. Policy: threshold
20:38:20  INFO     [RAMS] Tier switch: SMALL → NANO  (R=0.754)
20:38:21  INFO       [threshold / burst] 20/200  tier=NANO    latency=50.7 ms  R=0.754  target=0.85  dets=1  vru=False  backend=onnx
20:38:21  INFO     [RAMS] Tier switch: NANO → MEDIUM  (R=0.232)
20:38:23  INFO     [RAMS] Tier switch: MEDIUM → SMALL  (R=0.396)
20:38:26  INFO       [threshold / burst] 40/200  tier=SMALL   latency=128.3 ms  R=0.290  target=0.00  dets=2  vru=False  backend=onnx
20:38:28  INFO       [threshold / burst] 60/200  tier=SMALL   latency=128.4 ms  R=0.350  target=0.00  dets=5  vru=False  backend=onnx
20:38:31  INFO       [threshold / burst] 80/200  tier=SMALL   latency=129.0 ms  R=0.300  target=0.00  dets=3  vru=True  backend=onnx
20:38:34  INFO       [threshold / burst] 100/200  tier=SMALL   latency=132.1 ms  R=0.356  target=0.00  dets=2  vru=False  backend=onnx
20:38:35  INFO     [RAMS] Tier switch: SMALL → NANO  (R=0.756)
20:38:37  INFO       [threshold / burst] 120/200  tier=NANO    latency=54.3 ms  R=0.739  target=0.85  dets=4  vru=False  backend=onnx
20:38:37  INFO     [RAMS] Tier switch: NANO → MEDIUM  (R=0.171)
20:38:39  INFO     [RAMS] Tier switch: MEDIUM → SMALL  (R=0.302)
20:38:42  INFO       [threshold / burst] 140/200  tier=SMALL   latency=128.2 ms  R=0.292  target=0.00  dets=4  vru=False  backend=onnx
20:38:44  INFO       [threshold / burst] 160/200  tier=SMALL   latency=127.5 ms  R=0.282  target=0.00  dets=1  vru=False  backend=onnx
20:38:47  INFO       [threshold / burst] 180/200  tier=SMALL   latency=127.6 ms  R=0.305  target=0.00  dets=6  vru=False  backend=onnx
20:38:50  INFO       [threshold / burst] 200/200  tier=SMALL   latency=127.2 ms  R=0.292  target=0.00  dets=0  vru=False  backend=onnx
20:38:50  INFO     [RAMS] Controller stopped.
20:38:50  INFO     
--- Block 6/10  Policy: fixed_nano  Load: burst (100%) ---
20:38:50  INFO     [RAMS] Starting resource monitor ...
20:38:50  INFO     [RAMS] Loading model tiers ...
20:38:50  INFO     [RAMS] YOLOv8-nano ready — ONNX (imgsz=320).
20:38:50  INFO     [RAMS] YOLOv8-small ready — ONNX (imgsz=416).
20:38:51  INFO     [RAMS] YOLOv8-medium ready — ONNX (imgsz=640).
20:38:51  INFO     [RAMS] Controller ready. Policy: fixed
20:38:51  INFO     [RAMS] Tier switch: SMALL → NANO  (R=0.702)
20:38:53  INFO       [fixed_nano / burst] 20/200  tier=NANO    latency=50.1 ms  R=0.736  target=0.85  dets=1  vru=False  backend=onnx
20:38:54  INFO       [fixed_nano / burst] 40/200  tier=NANO    latency=32.5 ms  R=0.422  target=0.00  dets=1  vru=False  backend=onnx
20:38:55  INFO       [fixed_nano / burst] 60/200  tier=NANO    latency=32.2 ms  R=0.358  target=0.00  dets=4  vru=False  backend=onnx
20:38:56  INFO       [fixed_nano / burst] 80/200  tier=NANO    latency=32.1 ms  R=0.434  target=0.00  dets=4  vru=True  backend=onnx
20:38:56  INFO       [fixed_nano / burst] 100/200  tier=NANO    latency=32.7 ms  R=0.343  target=0.00  dets=3  vru=False  backend=onnx
20:38:58  INFO       [fixed_nano / burst] 120/200  tier=NANO    latency=66.6 ms  R=0.744  target=0.85  dets=4  vru=False  backend=onnx
20:39:00  INFO       [fixed_nano / burst] 140/200  tier=NANO    latency=32.2 ms  R=0.403  target=0.00  dets=3  vru=False  backend=onnx
20:39:00  INFO       [fixed_nano / burst] 160/200  tier=NANO    latency=32.0 ms  R=0.289  target=0.00  dets=1  vru=False  backend=onnx
20:39:01  INFO       [fixed_nano / burst] 180/200  tier=NANO    latency=31.6 ms  R=0.266  target=0.00  dets=6  vru=False  backend=onnx
20:39:02  INFO       [fixed_nano / burst] 200/200  tier=NANO    latency=31.1 ms  R=0.282  target=0.00  dets=0  vru=False  backend=onnx
20:39:02  INFO     [RAMS] Controller stopped.
20:39:02  INFO     
--- Block 6/10  Policy: fixed_medium  Load: burst (100%) ---
20:39:02  INFO     [RAMS] Starting resource monitor ...
20:39:02  INFO     [RAMS] Loading model tiers ...
20:39:02  INFO     [RAMS] YOLOv8-nano ready — ONNX (imgsz=320).
20:39:03  INFO     [RAMS] YOLOv8-small ready — ONNX (imgsz=416).
20:39:03  INFO     [RAMS] YOLOv8-medium ready — ONNX (imgsz=640).
20:39:03  INFO     [RAMS] Controller ready. Policy: fixed
20:39:04  INFO     [RAMS] Tier switch: SMALL → MEDIUM  (R=0.730)
20:39:27  INFO       [fixed_medium / burst] 20/200  tier=MEDIUM  latency=1095.8 ms  R=0.760  target=0.85  dets=3  vru=False  backend=onnx
20:39:42  INFO       [fixed_medium / burst] 40/200  tier=MEDIUM  latency=724.4 ms  R=0.447  target=0.00  dets=4  vru=False  backend=onnx
20:39:57  INFO       [fixed_medium / burst] 60/200  tier=MEDIUM  latency=713.7 ms  R=0.302  target=0.00  dets=7  vru=False  backend=onnx
20:40:11  INFO       [fixed_medium / burst] 80/200  tier=MEDIUM  latency=711.7 ms  R=0.305  target=0.00  dets=6  vru=True  backend=onnx
20:40:26  INFO       [fixed_medium / burst] 100/200  tier=MEDIUM  latency=723.7 ms  R=0.358  target=0.00  dets=4  vru=True  backend=onnx
20:40:51  INFO       [fixed_medium / burst] 120/200  tier=MEDIUM  latency=1026.3 ms  R=0.754  target=0.85  dets=10  vru=True  backend=onnx
20:41:05  INFO       [fixed_medium / burst] 140/200  tier=MEDIUM  latency=721.0 ms  R=0.379  target=0.00  dets=5  vru=False  backend=onnx
20:41:20  INFO       [fixed_medium / burst] 160/200  tier=MEDIUM  latency=713.7 ms  R=0.303  target=0.00  dets=1  vru=False  backend=onnx
20:41:35  INFO       [fixed_medium / burst] 180/200  tier=MEDIUM  latency=713.2 ms  R=0.305  target=0.00  dets=10  vru=False  backend=onnx
20:41:49  INFO       [fixed_medium / burst] 200/200  tier=MEDIUM  latency=721.2 ms  R=0.381  target=0.00  dets=4  vru=False  backend=onnx
20:41:49  INFO     [RAMS] Controller stopped.
20:41:49  INFO     
--- Block 6/10  Policy: fixed_small  Load: burst (100%) ---
20:41:49  INFO     [RAMS] Starting resource monitor ...
20:41:49  INFO     [RAMS] Loading model tiers ...
20:41:49  INFO     [RAMS] YOLOv8-nano ready — ONNX (imgsz=320).
20:41:50  INFO     [RAMS] YOLOv8-small ready — ONNX (imgsz=416).
20:41:50  INFO     [RAMS] YOLOv8-medium ready — ONNX (imgsz=640).
20:41:50  INFO     [RAMS] Controller ready. Policy: fixed
20:41:56  INFO       [fixed_small / burst] 20/200  tier=SMALL   latency=151.3 ms  R=0.760  target=0.85  dets=2  vru=False  backend=onnx
20:41:59  INFO       [fixed_small / burst] 40/200  tier=SMALL   latency=129.1 ms  R=0.308  target=0.00  dets=2  vru=False  backend=onnx
20:42:01  INFO       [fixed_small / burst] 60/200  tier=SMALL   latency=128.5 ms  R=0.293  target=0.00  dets=5  vru=False  backend=onnx
20:42:04  INFO       [fixed_small / burst] 80/200  tier=SMALL   latency=127.9 ms  R=0.283  target=0.00  dets=3  vru=True  backend=onnx
20:42:07  INFO       [fixed_small / burst] 100/200  tier=SMALL   latency=128.6 ms  R=0.285  target=0.00  dets=2  vru=False  backend=onnx
20:42:13  INFO       [fixed_small / burst] 120/200  tier=SMALL   latency=257.5 ms  R=0.744  target=0.85  dets=5  vru=False  backend=onnx
20:42:16  INFO       [fixed_small / burst] 140/200  tier=SMALL   latency=129.3 ms  R=0.382  target=0.00  dets=4  vru=False  backend=onnx
20:42:18  INFO       [fixed_small / burst] 160/200  tier=SMALL   latency=127.5 ms  R=0.299  target=0.00  dets=1  vru=False  backend=onnx
20:42:21  INFO       [fixed_small / burst] 180/200  tier=SMALL   latency=128.1 ms  R=0.301  target=0.00  dets=6  vru=False  backend=onnx
20:42:24  INFO       [fixed_small / burst] 200/200  tier=SMALL   latency=127.6 ms  R=0.292  target=0.00  dets=0  vru=False  backend=onnx
20:42:24  INFO     [RAMS] Controller stopped.
20:42:24  INFO     
--- Block 6/10  Policy: safety  Load: burst (100%) ---
20:42:24  INFO     [RAMS] Starting resource monitor ...
20:42:24  INFO     [RAMS] Loading model tiers ...
20:42:24  INFO     [RAMS] YOLOv8-nano ready — ONNX (imgsz=320).
20:42:24  INFO     [RAMS] YOLOv8-small ready — ONNX (imgsz=416).
20:42:25  INFO     [RAMS] YOLOv8-medium ready — ONNX (imgsz=640).
20:42:25  INFO     [RAMS] Controller ready. Policy: safety
20:42:28  INFO     [RAMS] Tier switch: SMALL → NANO  (R=0.760)
20:42:28  INFO     [RAMS] Tier switch: NANO → SMALL  (R=0.760)
20:42:29  INFO     [RAMS] Tier switch: SMALL → NANO  (R=0.760)
20:42:29  INFO       [safety / burst] 20/200  tier=NANO    latency=73.2 ms  R=0.748  target=0.85  dets=1  vru=False  backend=onnx
20:42:29  INFO     [RAMS] Tier switch: NANO → MEDIUM  (R=0.155)
20:42:32  INFO     [RAMS] Tier switch: MEDIUM → SMALL  (R=0.451)
20:42:34  INFO       [safety / burst] 40/200  tier=SMALL   latency=129.4 ms  R=0.452  target=0.00  dets=2  vru=False  backend=onnx
20:42:37  INFO       [safety / burst] 60/200  tier=SMALL   latency=128.9 ms  R=0.362  target=0.00  dets=5  vru=False  backend=onnx
20:42:39  INFO       [safety / burst] 80/200  tier=SMALL   latency=128.3 ms  R=0.297  target=0.00  dets=3  vru=True  backend=onnx
20:42:42  INFO       [safety / burst] 100/200  tier=SMALL   latency=128.2 ms  R=0.297  target=0.00  dets=2  vru=False  backend=onnx
20:42:43  INFO     [RAMS] Tier switch: SMALL → NANO  (R=0.755)
20:42:43  INFO     [RAMS] Tier switch: NANO → SMALL  (R=0.748)
20:42:45  INFO     [RAMS] Tier switch: SMALL → NANO  (R=0.737)
20:42:45  INFO       [safety / burst] 120/200  tier=NANO    latency=84.6 ms  R=0.737  target=0.85  dets=4  vru=False  backend=onnx
20:42:45  INFO     [RAMS] Tier switch: NANO → SMALL  (R=0.066)
20:42:48  INFO       [safety / burst] 140/200  tier=SMALL   latency=130.0 ms  R=0.305  target=0.00  dets=4  vru=False  backend=onnx
20:42:51  INFO       [safety / burst] 160/200  tier=SMALL   latency=128.8 ms  R=0.293  target=0.00  dets=1  vru=False  backend=onnx
20:42:54  INFO       [safety / burst] 180/200  tier=SMALL   latency=130.6 ms  R=0.370  target=0.00  dets=6  vru=False  backend=onnx
20:42:57  INFO       [safety / burst] 200/200  tier=SMALL   latency=130.5 ms  R=0.358  target=0.00  dets=0  vru=False  backend=onnx
20:42:57  INFO     [RAMS] Controller stopped.
20:42:57  INFO     
--- Block 6/10  Policy: predictive  Load: burst (100%) ---
20:42:57  INFO     [RAMS] Starting resource monitor ...
20:42:57  INFO     [RAMS] Loading model tiers ...
20:42:57  INFO     [RAMS] YOLOv8-nano ready — ONNX (imgsz=320).
20:42:57  INFO     [RAMS] YOLOv8-small ready — ONNX (imgsz=416).
20:42:58  INFO     [RAMS] YOLOv8-medium ready — ONNX (imgsz=640).
20:42:58  INFO     [RAMS] Controller ready. Policy: predictive
20:42:58  INFO     [RAMS] Tier switch: SMALL → NANO  (R=0.761)
20:43:00  INFO       [predictive / burst] 20/200  tier=NANO    latency=60.1 ms  R=0.754  target=0.85  dets=1  vru=False  backend=onnx
20:43:00  INFO     [RAMS] Tier switch: NANO → SMALL  (R=0.161)
20:43:03  INFO       [predictive / burst] 40/200  tier=SMALL   latency=129.4 ms  R=0.283  target=0.00  dets=2  vru=False  backend=onnx
20:43:05  INFO       [predictive / burst] 60/200  tier=SMALL   latency=129.5 ms  R=0.305  target=0.00  dets=5  vru=False  backend=onnx
20:43:08  INFO       [predictive / burst] 80/200  tier=SMALL   latency=130.1 ms  R=0.293  target=0.00  dets=3  vru=True  backend=onnx
20:43:11  INFO       [predictive / burst] 100/200  tier=SMALL   latency=129.7 ms  R=0.313  target=0.00  dets=2  vru=False  backend=onnx
20:43:12  INFO     [RAMS] Tier switch: SMALL → NANO  (R=0.749)
20:43:13  INFO       [predictive / burst] 120/200  tier=NANO    latency=72.3 ms  R=0.736  target=0.85  dets=4  vru=False  backend=onnx
20:43:13  INFO     [RAMS] Tier switch: NANO → SMALL  (R=0.060)
20:43:16  INFO       [predictive / burst] 140/200  tier=SMALL   latency=132.3 ms  R=0.431  target=0.00  dets=4  vru=False  backend=onnx
20:43:19  INFO       [predictive / burst] 160/200  tier=SMALL   latency=131.6 ms  R=0.382  target=0.00  dets=1  vru=False  backend=onnx
20:43:22  INFO       [predictive / burst] 180/200  tier=SMALL   latency=129.7 ms  R=0.301  target=0.00  dets=6  vru=False  backend=onnx
20:43:24  INFO       [predictive / burst] 200/200  tier=SMALL   latency=129.2 ms  R=0.287  target=0.00  dets=0  vru=False  backend=onnx
20:43:25  INFO     [RAMS] Controller stopped.
20:43:25  INFO     
--- Block 7/10  Policy: adaptive  Load: burst (100%) ---
20:43:25  INFO     [RAMS] Starting resource monitor ...
20:43:25  INFO     [RAMS] Loading model tiers ...
20:43:25  INFO     [RAMS] YOLOv8-nano ready — ONNX (imgsz=320).
20:43:25  INFO     [RAMS] YOLOv8-small ready — ONNX (imgsz=416).
20:43:26  INFO     [RAMS] YOLOv8-medium ready — ONNX (imgsz=640).
20:43:26  INFO     [RAMS] Controller ready. Policy: adaptive
20:43:26  INFO     [RAMS] Tier switch: SMALL → NANO  (R=0.702)
20:43:27  INFO       [adaptive / burst] 20/200  tier=NANO    latency=61.5 ms  R=0.754  target=0.85  dets=1  vru=False  backend=onnx
20:43:27  INFO     [RAMS] Tier switch: NANO → SMALL  (R=0.065)
20:43:30  INFO       [adaptive / burst] 40/200  tier=SMALL   latency=128.3 ms  R=0.303  target=0.00  dets=6  vru=False  backend=onnx
20:43:33  INFO       [adaptive / burst] 60/200  tier=SMALL   latency=129.3 ms  R=0.280  target=0.00  dets=3  vru=False  backend=onnx
20:43:36  INFO       [adaptive / burst] 80/200  tier=SMALL   latency=131.8 ms  R=0.413  target=0.00  dets=4  vru=False  backend=onnx
20:43:39  INFO       [adaptive / burst] 100/200  tier=SMALL   latency=133.7 ms  R=0.479  target=0.00  dets=9  vru=False  backend=onnx
20:43:40  INFO     [RAMS] Tier switch: SMALL → NANO  (R=0.750)
20:43:41  INFO       [adaptive / burst] 120/200  tier=NANO    latency=83.8 ms  R=0.744  target=0.85  dets=1  vru=False  backend=onnx
20:43:42  INFO     [RAMS] Tier switch: NANO → SMALL  (R=0.118)
20:43:44  INFO       [adaptive / burst] 140/200  tier=SMALL   latency=128.7 ms  R=0.290  target=0.00  dets=7  vru=True  backend=onnx
20:43:47  INFO       [adaptive / burst] 160/200  tier=SMALL   latency=128.8 ms  R=0.299  target=0.00  dets=0  vru=False  backend=onnx
20:43:50  INFO       [adaptive / burst] 180/200  tier=SMALL   latency=128.9 ms  R=0.287  target=0.00  dets=4  vru=False  backend=onnx
20:43:53  INFO       [adaptive / burst] 200/200  tier=SMALL   latency=129.7 ms  R=0.290  target=0.00  dets=8  vru=True  backend=onnx
20:43:53  INFO     [RAMS] Controller stopped.
20:43:53  INFO     
--- Block 7/10  Policy: fixed_nano  Load: burst (100%) ---
20:43:53  INFO     [RAMS] Starting resource monitor ...
20:43:53  INFO     [RAMS] Loading model tiers ...
20:43:53  INFO     [RAMS] YOLOv8-nano ready — ONNX (imgsz=320).
20:43:53  INFO     [RAMS] YOLOv8-small ready — ONNX (imgsz=416).
20:43:54  INFO     [RAMS] YOLOv8-medium ready — ONNX (imgsz=640).
20:43:54  INFO     [RAMS] Controller ready. Policy: fixed
20:43:54  INFO     [RAMS] Tier switch: SMALL → NANO  (R=0.702)
20:43:56  INFO       [fixed_nano / burst] 20/200  tier=NANO    latency=36.1 ms  R=0.737  target=0.85  dets=1  vru=False  backend=onnx
20:43:57  INFO       [fixed_nano / burst] 40/200  tier=NANO    latency=32.2 ms  R=0.280  target=0.00  dets=0  vru=False  backend=onnx
20:43:58  INFO       [fixed_nano / burst] 60/200  tier=NANO    latency=31.9 ms  R=0.354  target=0.00  dets=3  vru=False  backend=onnx
20:43:58  INFO       [fixed_nano / burst] 80/200  tier=NANO    latency=32.3 ms  R=0.348  target=0.00  dets=3  vru=False  backend=onnx
20:43:59  INFO       [fixed_nano / burst] 100/200  tier=NANO    latency=32.5 ms  R=0.337  target=0.00  dets=11  vru=False  backend=onnx
20:44:01  INFO       [fixed_nano / burst] 120/200  tier=NANO    latency=53.4 ms  R=0.744  target=0.85  dets=1  vru=False  backend=onnx
20:44:02  INFO       [fixed_nano / burst] 140/200  tier=NANO    latency=31.4 ms  R=0.363  target=0.00  dets=1  vru=False  backend=onnx
20:44:03  INFO       [fixed_nano / burst] 160/200  tier=NANO    latency=31.6 ms  R=0.272  target=0.00  dets=0  vru=False  backend=onnx
20:44:04  INFO       [fixed_nano / burst] 180/200  tier=NANO    latency=31.8 ms  R=0.284  target=0.00  dets=3  vru=False  backend=onnx
20:44:05  INFO       [fixed_nano / burst] 200/200  tier=NANO    latency=31.9 ms  R=0.280  target=0.00  dets=5  vru=False  backend=onnx
20:44:05  INFO     [RAMS] Controller stopped.
20:44:05  INFO     
--- Block 7/10  Policy: fixed_medium  Load: burst (100%) ---
20:44:05  INFO     [RAMS] Starting resource monitor ...
20:44:05  INFO     [RAMS] Loading model tiers ...
20:44:05  INFO     [RAMS] YOLOv8-nano ready — ONNX (imgsz=320).
20:44:05  INFO     [RAMS] YOLOv8-small ready — ONNX (imgsz=416).
20:44:06  INFO     [RAMS] YOLOv8-medium ready — ONNX (imgsz=640).
20:44:06  INFO     [RAMS] Controller ready. Policy: fixed
20:44:06  INFO     [RAMS] Tier switch: SMALL → MEDIUM  (R=0.702)
20:44:31  INFO       [fixed_medium / burst] 20/200  tier=MEDIUM  latency=1025.3 ms  R=0.760  target=0.85  dets=1  vru=False  backend=onnx
20:44:45  INFO       [fixed_medium / burst] 40/200  tier=MEDIUM  latency=718.5 ms  R=0.435  target=0.00  dets=7  vru=False  backend=onnx
20:45:00  INFO       [fixed_medium / burst] 60/200  tier=MEDIUM  latency=714.2 ms  R=0.303  target=0.00  dets=3  vru=False  backend=onnx
20:45:15  INFO       [fixed_medium / burst] 80/200  tier=MEDIUM  latency=712.1 ms  R=0.311  target=0.00  dets=5  vru=True  backend=onnx
20:45:29  INFO       [fixed_medium / burst] 100/200  tier=MEDIUM  latency=717.1 ms  R=0.367  target=0.00  dets=15  vru=False  backend=onnx
20:45:53  INFO       [fixed_medium / burst] 120/200  tier=MEDIUM  latency=1298.5 ms  R=0.731  target=0.85  dets=3  vru=True  backend=onnx
20:46:08  INFO       [fixed_medium / burst] 140/200  tier=MEDIUM  latency=734.9 ms  R=0.396  target=0.00  dets=10  vru=True  backend=onnx
20:46:23  INFO       [fixed_medium / burst] 160/200  tier=MEDIUM  latency=721.2 ms  R=0.307  target=0.00  dets=1  vru=False  backend=onnx
20:46:38  INFO       [fixed_medium / burst] 180/200  tier=MEDIUM  latency=721.1 ms  R=0.309  target=0.00  dets=8  vru=False  backend=onnx
20:46:52  INFO       [fixed_medium / burst] 200/200  tier=MEDIUM  latency=724.4 ms  R=0.469  target=0.00  dets=7  vru=True  backend=onnx
20:46:53  INFO     [RAMS] Controller stopped.
20:46:53  INFO     
--- Block 7/10  Policy: fixed_small  Load: burst (100%) ---
20:46:53  INFO     [RAMS] Starting resource monitor ...
20:46:53  INFO     [RAMS] Loading model tiers ...
20:46:53  INFO     [RAMS] YOLOv8-nano ready — ONNX (imgsz=320).
20:46:53  INFO     [RAMS] YOLOv8-small ready — ONNX (imgsz=416).
20:46:54  INFO     [RAMS] YOLOv8-medium ready — ONNX (imgsz=640).
20:46:54  INFO     [RAMS] Controller ready. Policy: fixed
20:46:58  INFO       [fixed_small / burst] 20/200  tier=SMALL   latency=129.0 ms  R=0.748  target=0.85  dets=1  vru=False  backend=onnx
20:47:01  INFO       [fixed_small / burst] 40/200  tier=SMALL   latency=129.0 ms  R=0.297  target=0.00  dets=6  vru=False  backend=onnx
20:47:04  INFO       [fixed_small / burst] 60/200  tier=SMALL   latency=129.3 ms  R=0.290  target=0.00  dets=3  vru=False  backend=onnx
20:47:07  INFO       [fixed_small / burst] 80/200  tier=SMALL   latency=130.0 ms  R=0.301  target=0.00  dets=4  vru=False  backend=onnx
20:47:10  INFO       [fixed_small / burst] 100/200  tier=SMALL   latency=134.7 ms  R=0.290  target=0.00  dets=9  vru=False  backend=onnx
20:47:17  INFO       [fixed_small / burst] 120/200  tier=SMALL   latency=406.9 ms  R=0.750  target=0.85  dets=2  vru=False  backend=onnx
20:47:20  INFO       [fixed_small / burst] 140/200  tier=SMALL   latency=130.0 ms  R=0.311  target=0.00  dets=7  vru=True  backend=onnx
20:47:23  INFO       [fixed_small / burst] 160/200  tier=SMALL   latency=129.5 ms  R=0.368  target=0.00  dets=0  vru=False  backend=onnx
20:47:26  INFO       [fixed_small / burst] 180/200  tier=SMALL   latency=129.1 ms  R=0.307  target=0.00  dets=4  vru=False  backend=onnx
20:47:29  INFO       [fixed_small / burst] 200/200  tier=SMALL   latency=128.8 ms  R=0.287  target=0.00  dets=8  vru=True  backend=onnx
20:47:29  INFO     [RAMS] Controller stopped.
20:47:29  INFO     
--- Block 7/10  Policy: safety2  Load: burst (100%) ---
20:47:29  INFO     [RAMS] Starting resource monitor ...
20:47:29  INFO     [RAMS] Loading model tiers ...
20:47:29  INFO     [RAMS] YOLOv8-nano ready — ONNX (imgsz=320).
20:47:29  INFO     [RAMS] YOLOv8-small ready — ONNX (imgsz=416).
20:47:30  INFO     [RAMS] YOLOv8-medium ready — ONNX (imgsz=640).
20:47:30  INFO     [RAMS] Controller ready. Policy: safety2
20:47:30  INFO     [RAMS] Tier switch: SMALL → NANO  (R=0.748)
20:47:31  INFO     [RAMS] Tier switch: NANO → MEDIUM  (R=0.748)
20:47:35  INFO     [RAMS] Tier switch: MEDIUM → NANO  (R=0.744)
20:47:36  INFO       [safety2 / burst] 20/200  tier=NANO    latency=49.4 ms  R=0.756  target=0.85  dets=1  vru=False  backend=onnx
20:47:36  INFO     [RAMS] Tier switch: NANO → SMALL  (R=0.318)
20:47:36  INFO     [RAMS] Tier switch: SMALL → MEDIUM  (R=0.347)
20:47:39  INFO     [RAMS] Tier switch: MEDIUM → SMALL  (R=0.389)
20:47:39  INFO     [RAMS] Tier switch: SMALL → MEDIUM  (R=0.339)
20:47:41  INFO     [RAMS] Tier switch: MEDIUM → SMALL  (R=0.311)
20:47:42  INFO       [safety2 / burst] 40/200  tier=SMALL   latency=127.4 ms  R=0.292  target=0.00  dets=6  vru=False  backend=onnx
20:47:43  INFO     [RAMS] Tier switch: SMALL → MEDIUM  (R=0.317)
20:47:47  INFO     [RAMS] Tier switch: MEDIUM → SMALL  (R=0.313)
20:47:48  INFO     [RAMS] Tier switch: SMALL → MEDIUM  (R=0.284)
20:47:50  INFO       [safety2 / burst] 60/200  tier=MEDIUM  latency=716.8 ms  R=0.309  target=0.00  dets=3  vru=False  backend=onnx
20:47:51  INFO     [RAMS] Tier switch: MEDIUM → SMALL  (R=0.313)
20:47:51  INFO     [RAMS] Tier switch: SMALL → MEDIUM  (R=0.358)
20:47:53  INFO     [RAMS] Tier switch: MEDIUM → SMALL  (R=0.313)
20:47:54  INFO     [RAMS] Tier switch: SMALL → MEDIUM  (R=0.298)
20:47:56  INFO     [RAMS] Tier switch: MEDIUM → SMALL  (R=0.394)
20:47:56  INFO     [RAMS] Tier switch: SMALL → MEDIUM  (R=0.350)
20:47:58  INFO       [safety2 / burst] 80/200  tier=MEDIUM  latency=715.4 ms  R=0.379  target=0.00  dets=5  vru=True  backend=onnx
20:47:59  INFO     [RAMS] Tier switch: MEDIUM → SMALL  (R=0.368)
20:48:01  INFO     [RAMS] Tier switch: SMALL → MEDIUM  (R=0.361)
20:48:03  INFO     [RAMS] Tier switch: MEDIUM → SMALL  (R=0.303)
20:48:03  INFO       [safety2 / burst] 100/200  tier=SMALL   latency=130.0 ms  R=0.303  target=0.00  dets=9  vru=False  backend=onnx
20:48:04  INFO     [RAMS] Tier switch: SMALL → NANO  (R=0.743)
20:48:04  INFO     [RAMS] Tier switch: NANO → MEDIUM  (R=0.736)
20:48:07  INFO     [RAMS] Tier switch: MEDIUM → NANO  (R=0.748)
20:48:08  INFO     [RAMS] Tier switch: NANO → MEDIUM  (R=0.743)
20:48:09  INFO       [safety2 / burst] 120/200  tier=MEDIUM  latency=860.4 ms  R=0.743  target=0.85  dets=3  vru=True  backend=onnx
20:48:11  INFO     [RAMS] Tier switch: MEDIUM → SMALL  (R=0.300)
20:48:12  INFO     [RAMS] Tier switch: SMALL → MEDIUM  (R=0.292)
20:48:15  INFO     [RAMS] Tier switch: MEDIUM → SMALL  (R=0.300)
20:48:15  INFO     [RAMS] Tier switch: SMALL → MEDIUM  (R=0.292)
20:48:16  INFO       [safety2 / burst] 140/200  tier=MEDIUM  latency=734.2 ms  R=0.292  target=0.00  dets=10  vru=True  backend=onnx
20:48:18  INFO     [RAMS] Tier switch: MEDIUM → SMALL  (R=0.388)
20:48:18  INFO     [RAMS] Tier switch: SMALL → MEDIUM  (R=0.402)
20:48:20  INFO     [RAMS] Tier switch: MEDIUM → SMALL  (R=0.370)
20:48:22  INFO       [safety2 / burst] 160/200  tier=SMALL   latency=128.4 ms  R=0.311  target=0.00  dets=0  vru=False  backend=onnx
20:48:24  INFO     [RAMS] Tier switch: SMALL → MEDIUM  (R=0.303)
20:48:26  INFO     [RAMS] Tier switch: MEDIUM → SMALL  (R=0.390)
20:48:27  INFO       [safety2 / burst] 180/200  tier=SMALL   latency=128.3 ms  R=0.295  target=0.00  dets=4  vru=False  backend=onnx
20:48:27  INFO     [RAMS] Tier switch: SMALL → MEDIUM  (R=0.288)
20:48:29  INFO     [RAMS] Tier switch: MEDIUM → SMALL  (R=0.302)
20:48:31  INFO     [RAMS] Tier switch: SMALL → MEDIUM  (R=0.399)
20:48:33  INFO       [safety2 / burst] 200/200  tier=MEDIUM  latency=716.4 ms  R=0.307  target=0.00  dets=7  vru=True  backend=onnx
20:48:33  INFO     [RAMS] Controller stopped.
20:48:33  INFO     
--- Block 7/10  Policy: threshold  Load: burst (100%) ---
20:48:33  INFO     [RAMS] Starting resource monitor ...
20:48:33  INFO     [RAMS] Loading model tiers ...
20:48:33  INFO     [RAMS] YOLOv8-nano ready — ONNX (imgsz=320).
20:48:33  INFO     [RAMS] YOLOv8-small ready — ONNX (imgsz=416).
20:48:34  INFO     [RAMS] YOLOv8-medium ready — ONNX (imgsz=640).
20:48:34  INFO     [RAMS] Controller ready. Policy: threshold
20:48:35  INFO     [RAMS] Tier switch: SMALL → NANO  (R=0.754)
20:48:36  INFO       [threshold / burst] 20/200  tier=NANO    latency=46.5 ms  R=0.736  target=0.85  dets=1  vru=False  backend=onnx
20:48:36  INFO     [RAMS] Tier switch: NANO → MEDIUM  (R=0.066)
20:48:39  INFO     [RAMS] Tier switch: MEDIUM → SMALL  (R=0.365)
20:48:41  INFO       [threshold / burst] 40/200  tier=SMALL   latency=129.1 ms  R=0.385  target=0.00  dets=6  vru=False  backend=onnx
20:48:44  INFO       [threshold / burst] 60/200  tier=SMALL   latency=128.8 ms  R=0.297  target=0.00  dets=3  vru=False  backend=onnx
20:48:46  INFO       [threshold / burst] 80/200  tier=SMALL   latency=129.2 ms  R=0.301  target=0.00  dets=4  vru=False  backend=onnx
20:48:49  INFO       [threshold / burst] 100/200  tier=SMALL   latency=130.0 ms  R=0.337  target=0.00  dets=9  vru=False  backend=onnx
20:48:50  INFO     [RAMS] Tier switch: SMALL → NANO  (R=0.748)
20:48:51  INFO       [threshold / burst] 120/200  tier=NANO    latency=44.7 ms  R=0.755  target=0.85  dets=1  vru=False  backend=onnx
20:48:51  INFO     [RAMS] Tier switch: NANO → MEDIUM  (R=0.095)
20:48:53  INFO     [RAMS] Tier switch: MEDIUM → SMALL  (R=0.307)
20:48:56  INFO       [threshold / burst] 140/200  tier=SMALL   latency=128.9 ms  R=0.286  target=0.00  dets=7  vru=True  backend=onnx
20:48:58  INFO       [threshold / burst] 160/200  tier=SMALL   latency=130.0 ms  R=0.354  target=0.00  dets=0  vru=False  backend=onnx
20:49:01  INFO       [threshold / burst] 180/200  tier=SMALL   latency=129.1 ms  R=0.370  target=0.00  dets=4  vru=False  backend=onnx
20:49:04  INFO       [threshold / burst] 200/200  tier=SMALL   latency=128.7 ms  R=0.385  target=0.00  dets=8  vru=True  backend=onnx
20:49:04  INFO     [RAMS] Controller stopped.
20:49:04  INFO     
--- Block 7/10  Policy: predictive  Load: burst (100%) ---
20:49:04  INFO     [RAMS] Starting resource monitor ...
20:49:04  INFO     [RAMS] Loading model tiers ...
20:49:04  INFO     [RAMS] YOLOv8-nano ready — ONNX (imgsz=320).
20:49:04  INFO     [RAMS] YOLOv8-small ready — ONNX (imgsz=416).
20:49:05  INFO     [RAMS] YOLOv8-medium ready — ONNX (imgsz=640).
20:49:05  INFO     [RAMS] Controller ready. Policy: predictive
20:49:05  INFO     [RAMS] Tier switch: SMALL → NANO  (R=0.701)
20:49:07  INFO       [predictive / burst] 20/200  tier=NANO    latency=56.9 ms  R=0.731  target=0.85  dets=1  vru=False  backend=onnx
20:49:07  INFO     [RAMS] Tier switch: NANO → SMALL  (R=0.077)
20:49:10  INFO       [predictive / burst] 40/200  tier=SMALL   latency=129.8 ms  R=0.303  target=0.00  dets=6  vru=False  backend=onnx
20:49:13  INFO       [predictive / burst] 60/200  tier=SMALL   latency=128.9 ms  R=0.290  target=0.00  dets=3  vru=False  backend=onnx
20:49:16  INFO       [predictive / burst] 80/200  tier=SMALL   latency=128.5 ms  R=0.297  target=0.00  dets=4  vru=False  backend=onnx
20:49:18  INFO       [predictive / burst] 100/200  tier=SMALL   latency=129.4 ms  R=0.293  target=0.00  dets=9  vru=False  backend=onnx
20:49:19  INFO     [RAMS] Tier switch: SMALL → NANO  (R=0.760)
20:49:21  INFO       [predictive / burst] 120/200  tier=NANO    latency=83.5 ms  R=0.755  target=0.85  dets=1  vru=False  backend=onnx
20:49:21  INFO     [RAMS] Tier switch: NANO → SMALL  (R=0.173)
20:49:24  INFO       [predictive / burst] 140/200  tier=SMALL   latency=131.2 ms  R=0.397  target=0.00  dets=7  vru=True  backend=onnx
20:49:26  INFO       [predictive / burst] 160/200  tier=SMALL   latency=128.8 ms  R=0.293  target=0.00  dets=0  vru=False  backend=onnx
20:49:29  INFO       [predictive / burst] 180/200  tier=SMALL   latency=128.0 ms  R=0.287  target=0.00  dets=4  vru=False  backend=onnx
20:49:32  INFO       [predictive / burst] 200/200  tier=SMALL   latency=128.4 ms  R=0.328  target=0.00  dets=8  vru=True  backend=onnx
20:49:32  INFO     [RAMS] Controller stopped.
20:49:32  INFO     
--- Block 7/10  Policy: safety  Load: burst (100%) ---
20:49:32  INFO     [RAMS] Starting resource monitor ...
20:49:32  INFO     [RAMS] Loading model tiers ...
20:49:32  INFO     [RAMS] YOLOv8-nano ready — ONNX (imgsz=320).
20:49:33  INFO     [RAMS] YOLOv8-small ready — ONNX (imgsz=416).
20:49:33  INFO     [RAMS] YOLOv8-medium ready — ONNX (imgsz=640).
20:49:33  INFO     [RAMS] Controller ready. Policy: safety
20:49:34  INFO     [RAMS] Tier switch: SMALL → NANO  (R=0.754)
20:49:34  INFO     [RAMS] Tier switch: NANO → SMALL  (R=0.743)
20:49:35  INFO     [RAMS] Tier switch: SMALL → NANO  (R=0.760)
20:49:35  INFO       [safety / burst] 20/200  tier=NANO    latency=36.9 ms  R=0.754  target=0.85  dets=1  vru=False  backend=onnx
20:49:36  INFO     [RAMS] Tier switch: NANO → MEDIUM  (R=0.124)
20:49:38  INFO     [RAMS] Tier switch: MEDIUM → SMALL  (R=0.408)
20:49:40  INFO       [safety / burst] 40/200  tier=SMALL   latency=128.1 ms  R=0.405  target=0.00  dets=6  vru=False  backend=onnx
20:49:43  INFO       [safety / burst] 60/200  tier=SMALL   latency=130.4 ms  R=0.358  target=0.00  dets=3  vru=False  backend=onnx
20:49:46  INFO       [safety / burst] 80/200  tier=SMALL   latency=129.6 ms  R=0.356  target=0.00  dets=4  vru=False  backend=onnx
20:49:48  INFO       [safety / burst] 100/200  tier=SMALL   latency=129.7 ms  R=0.302  target=0.00  dets=9  vru=False  backend=onnx
20:49:49  INFO     [RAMS] Tier switch: SMALL → NANO  (R=0.743)
20:49:50  INFO     [RAMS] Tier switch: NANO → SMALL  (R=0.731)
20:49:51  INFO     [RAMS] Tier switch: SMALL → NANO  (R=0.755)
20:49:52  INFO     [RAMS] Tier switch: NANO → SMALL  (R=0.755)
20:49:52  INFO       [safety / burst] 120/200  tier=SMALL   latency=233.0 ms  R=0.755  target=0.85  dets=2  vru=False  backend=onnx
20:49:55  INFO       [safety / burst] 140/200  tier=SMALL   latency=128.5 ms  R=0.288  target=0.00  dets=7  vru=True  backend=onnx
20:49:58  INFO       [safety / burst] 160/200  tier=SMALL   latency=128.4 ms  R=0.305  target=0.00  dets=0  vru=False  backend=onnx
20:50:01  INFO       [safety / burst] 180/200  tier=SMALL   latency=128.6 ms  R=0.305  target=0.00  dets=4  vru=False  backend=onnx
20:50:03  INFO       [safety / burst] 200/200  tier=SMALL   latency=131.4 ms  R=0.458  target=0.00  dets=8  vru=True  backend=onnx
20:50:04  INFO     [RAMS] Controller stopped.
20:50:04  INFO     
--- Block 8/10  Policy: fixed_small  Load: burst (100%) ---
20:50:04  INFO     [RAMS] Starting resource monitor ...
20:50:04  INFO     [RAMS] Loading model tiers ...
20:50:04  INFO     [RAMS] YOLOv8-nano ready — ONNX (imgsz=320).
20:50:04  INFO     [RAMS] YOLOv8-small ready — ONNX (imgsz=416).
20:50:05  INFO     [RAMS] YOLOv8-medium ready — ONNX (imgsz=640).
20:50:05  INFO     [RAMS] Controller ready. Policy: fixed
20:50:11  INFO       [fixed_small / burst] 20/200  tier=SMALL   latency=221.2 ms  R=0.754  target=0.85  dets=1  vru=False  backend=onnx
20:50:14  INFO       [fixed_small / burst] 40/200  tier=SMALL   latency=129.1 ms  R=0.399  target=0.00  dets=5  vru=False  backend=onnx
20:50:17  INFO       [fixed_small / burst] 60/200  tier=SMALL   latency=129.8 ms  R=0.292  target=0.00  dets=8  vru=False  backend=onnx
20:50:20  INFO       [fixed_small / burst] 80/200  tier=SMALL   latency=129.2 ms  R=0.292  target=0.00  dets=5  vru=False  backend=onnx
20:50:22  INFO       [fixed_small / burst] 100/200  tier=SMALL   latency=129.8 ms  R=0.300  target=0.00  dets=9  vru=False  backend=onnx
20:50:29  INFO       [fixed_small / burst] 120/200  tier=SMALL   latency=209.8 ms  R=0.756  target=0.85  dets=0  vru=False  backend=onnx
20:50:32  INFO       [fixed_small / burst] 140/200  tier=SMALL   latency=128.6 ms  R=0.301  target=0.00  dets=1  vru=False  backend=onnx
20:50:34  INFO       [fixed_small / burst] 160/200  tier=SMALL   latency=128.1 ms  R=0.290  target=0.00  dets=1  vru=False  backend=onnx
20:50:37  INFO       [fixed_small / burst] 180/200  tier=SMALL   latency=128.2 ms  R=0.295  target=0.00  dets=3  vru=False  backend=onnx
20:50:40  INFO       [fixed_small / burst] 200/200  tier=SMALL   latency=129.6 ms  R=0.398  target=0.00  dets=12  vru=False  backend=onnx
20:50:40  INFO     [RAMS] Controller stopped.
20:50:40  INFO     
--- Block 8/10  Policy: safety  Load: burst (100%) ---
20:50:40  INFO     [RAMS] Starting resource monitor ...
20:50:40  INFO     [RAMS] Loading model tiers ...
20:50:40  INFO     [RAMS] YOLOv8-nano ready — ONNX (imgsz=320).
20:50:40  INFO     [RAMS] YOLOv8-small ready — ONNX (imgsz=416).
20:50:41  INFO     [RAMS] YOLOv8-medium ready — ONNX (imgsz=640).
20:50:41  INFO     [RAMS] Controller ready. Policy: safety
20:50:42  INFO     [RAMS] Tier switch: SMALL → NANO  (R=0.748)
20:50:42  INFO     [RAMS] Tier switch: NANO → SMALL  (R=0.731)
20:50:44  INFO     [RAMS] Tier switch: SMALL → NANO  (R=0.760)
20:50:44  INFO       [safety / burst] 20/200  tier=NANO    latency=61.4 ms  R=0.743  target=0.85  dets=0  vru=False  backend=onnx
20:50:45  INFO     [RAMS] Tier switch: NANO → MEDIUM  (R=0.192)
20:50:47  INFO     [RAMS] Tier switch: MEDIUM → SMALL  (R=0.425)
20:50:49  INFO       [safety / burst] 40/200  tier=SMALL   latency=130.7 ms  R=0.391  target=0.00  dets=5  vru=False  backend=onnx
20:50:52  INFO       [safety / burst] 60/200  tier=SMALL   latency=131.5 ms  R=0.360  target=0.00  dets=8  vru=False  backend=onnx
20:50:55  INFO       [safety / burst] 80/200  tier=SMALL   latency=129.2 ms  R=0.303  target=0.00  dets=5  vru=False  backend=onnx
20:50:58  INFO       [safety / burst] 100/200  tier=SMALL   latency=130.0 ms  R=0.295  target=0.00  dets=9  vru=False  backend=onnx
20:50:59  INFO     [RAMS] Tier switch: SMALL → NANO  (R=0.755)
20:50:59  INFO     [RAMS] Tier switch: NANO → SMALL  (R=0.731)
20:51:01  INFO     [RAMS] Tier switch: SMALL → NANO  (R=0.760)
20:51:01  INFO       [safety / burst] 120/200  tier=NANO    latency=35.2 ms  R=0.760  target=0.85  dets=0  vru=False  backend=onnx
20:51:01  INFO     [RAMS] Tier switch: NANO → MEDIUM  (R=0.226)
20:51:03  INFO     [RAMS] Tier switch: MEDIUM → SMALL  (R=0.307)
20:51:05  INFO       [safety / burst] 140/200  tier=SMALL   latency=128.2 ms  R=0.299  target=0.00  dets=1  vru=False  backend=onnx
20:51:08  INFO       [safety / burst] 160/200  tier=SMALL   latency=131.1 ms  R=0.370  target=0.00  dets=1  vru=False  backend=onnx
20:51:11  INFO       [safety / burst] 180/200  tier=SMALL   latency=129.8 ms  R=0.450  target=0.00  dets=3  vru=False  backend=onnx
20:51:14  INFO       [safety / burst] 200/200  tier=SMALL   latency=131.4 ms  R=0.371  target=0.00  dets=12  vru=False  backend=onnx
20:51:14  INFO     [RAMS] Controller stopped.
20:51:14  INFO     
--- Block 8/10  Policy: threshold  Load: burst (100%) ---
20:51:14  INFO     [RAMS] Starting resource monitor ...
20:51:14  INFO     [RAMS] Loading model tiers ...
20:51:14  INFO     [RAMS] YOLOv8-nano ready — ONNX (imgsz=320).
20:51:14  INFO     [RAMS] YOLOv8-small ready — ONNX (imgsz=416).
20:51:15  INFO     [RAMS] YOLOv8-medium ready — ONNX (imgsz=640).
20:51:15  INFO     [RAMS] Controller ready. Policy: threshold
20:51:16  INFO     [RAMS] Tier switch: SMALL → NANO  (R=0.743)
20:51:17  INFO       [threshold / burst] 20/200  tier=NANO    latency=45.9 ms  R=0.748  target=0.85  dets=0  vru=False  backend=onnx
20:51:17  INFO     [RAMS] Tier switch: NANO → MEDIUM  (R=0.113)
20:51:20  INFO     [RAMS] Tier switch: MEDIUM → SMALL  (R=0.295)
20:51:22  INFO       [threshold / burst] 40/200  tier=SMALL   latency=128.7 ms  R=0.309  target=0.00  dets=5  vru=False  backend=onnx
20:51:25  INFO       [threshold / burst] 60/200  tier=SMALL   latency=128.8 ms  R=0.280  target=0.00  dets=8  vru=False  backend=onnx
20:51:27  INFO       [threshold / burst] 80/200  tier=SMALL   latency=129.3 ms  R=0.283  target=0.00  dets=5  vru=False  backend=onnx
20:51:30  INFO       [threshold / burst] 100/200  tier=SMALL   latency=130.9 ms  R=0.372  target=0.00  dets=9  vru=False  backend=onnx
20:51:31  INFO     [RAMS] Tier switch: SMALL → NANO  (R=0.756)
20:51:33  INFO       [threshold / burst] 120/200  tier=NANO    latency=95.5 ms  R=0.756  target=0.85  dets=0  vru=False  backend=onnx
20:51:33  INFO     [RAMS] Tier switch: NANO → SMALL  (R=0.357)
20:51:36  INFO       [threshold / burst] 140/200  tier=SMALL   latency=129.2 ms  R=0.342  target=0.00  dets=1  vru=False  backend=onnx
20:51:39  INFO       [threshold / burst] 160/200  tier=SMALL   latency=128.9 ms  R=0.297  target=0.00  dets=1  vru=False  backend=onnx
20:51:41  INFO       [threshold / burst] 180/200  tier=SMALL   latency=129.1 ms  R=0.288  target=0.00  dets=3  vru=False  backend=onnx
20:51:44  INFO       [threshold / burst] 200/200  tier=SMALL   latency=129.5 ms  R=0.290  target=0.00  dets=12  vru=False  backend=onnx
20:51:44  INFO     [RAMS] Controller stopped.
20:51:45  INFO     
--- Block 8/10  Policy: safety2  Load: burst (100%) ---
20:51:45  INFO     [RAMS] Starting resource monitor ...
20:51:45  INFO     [RAMS] Loading model tiers ...
20:51:45  INFO     [RAMS] YOLOv8-nano ready — ONNX (imgsz=320).
20:51:45  INFO     [RAMS] YOLOv8-small ready — ONNX (imgsz=416).
20:51:46  INFO     [RAMS] YOLOv8-medium ready — ONNX (imgsz=640).
20:51:46  INFO     [RAMS] Controller ready. Policy: safety2
20:51:46  INFO     [RAMS] Tier switch: SMALL → NANO  (R=0.748)
20:51:46  INFO     [RAMS] Tier switch: NANO → MEDIUM  (R=0.754)
20:51:50  INFO     [RAMS] Tier switch: MEDIUM → NANO  (R=0.760)
20:51:50  INFO     [RAMS] Tier switch: NANO → SMALL  (R=0.736)
20:51:51  INFO     [RAMS] Tier switch: SMALL → NANO  (R=0.760)
20:51:51  INFO       [safety2 / burst] 20/200  tier=NANO    latency=84.9 ms  R=0.760  target=0.85  dets=0  vru=False  backend=onnx
20:51:51  INFO     [RAMS] Tier switch: NANO → SMALL  (R=0.316)
20:51:54  INFO       [safety2 / burst] 40/200  tier=SMALL   latency=131.1 ms  R=0.355  target=0.00  dets=5  vru=False  backend=onnx
20:51:54  INFO     [RAMS] Tier switch: SMALL → MEDIUM  (R=0.389)
20:52:01  INFO     [RAMS] Tier switch: MEDIUM → SMALL  (R=0.305)
20:52:02  INFO       [safety2 / burst] 60/200  tier=SMALL   latency=130.2 ms  R=0.288  target=0.00  dets=8  vru=False  backend=onnx
20:52:02  INFO     [RAMS] Tier switch: SMALL → MEDIUM  (R=0.302)
20:52:05  INFO     [RAMS] Tier switch: MEDIUM → SMALL  (R=0.320)
20:52:05  INFO     [RAMS] Tier switch: SMALL → MEDIUM  (R=0.381)
20:52:07  INFO     [RAMS] Tier switch: MEDIUM → SMALL  (R=0.302)
20:52:08  INFO     [RAMS] Tier switch: SMALL → MEDIUM  (R=0.298)
20:52:10  INFO     [RAMS] Tier switch: MEDIUM → SMALL  (R=0.300)
20:52:10  INFO       [safety2 / burst] 80/200  tier=SMALL   latency=130.8 ms  R=0.303  target=0.00  dets=5  vru=False  backend=onnx
20:52:11  INFO     [RAMS] Tier switch: SMALL → MEDIUM  (R=0.313)
20:52:13  INFO     [RAMS] Tier switch: MEDIUM → SMALL  (R=0.442)
20:52:13  INFO     [RAMS] Tier switch: SMALL → MEDIUM  (R=0.381)
20:52:18  INFO     [RAMS] Tier switch: MEDIUM → SMALL  (R=0.371)
20:52:18  INFO       [safety2 / burst] 100/200  tier=SMALL   latency=130.2 ms  R=0.350  target=0.00  dets=9  vru=False  backend=onnx
20:52:20  INFO     [RAMS] Tier switch: SMALL → NANO  (R=0.755)
20:52:20  INFO     [RAMS] Tier switch: NANO → MEDIUM  (R=0.743)
20:52:24  INFO     [RAMS] Tier switch: MEDIUM → SMALL  (R=0.760)
20:52:25  INFO     [RAMS] Tier switch: SMALL → NANO  (R=0.749)
20:52:25  INFO       [safety2 / burst] 120/200  tier=NANO    latency=66.3 ms  R=0.760  target=0.85  dets=0  vru=False  backend=onnx
20:52:25  INFO     [RAMS] Tier switch: NANO → SMALL  (R=0.282)
20:52:27  INFO     [RAMS] Tier switch: SMALL → MEDIUM  (R=0.292)
20:52:28  INFO       [safety2 / burst] 140/200  tier=MEDIUM  latency=717.8 ms  R=0.292  target=0.00  dets=1  vru=False  backend=onnx
20:52:30  INFO     [RAMS] Tier switch: MEDIUM → SMALL  (R=0.302)
20:52:31  INFO     [RAMS] Tier switch: SMALL → MEDIUM  (R=0.284)
20:52:33  INFO     [RAMS] Tier switch: MEDIUM → SMALL  (R=0.311)
20:52:34  INFO       [safety2 / burst] 160/200  tier=SMALL   latency=128.7 ms  R=0.292  target=0.00  dets=1  vru=False  backend=onnx
20:52:35  INFO     [RAMS] Tier switch: SMALL → MEDIUM  (R=0.391)
20:52:37  INFO     [RAMS] Tier switch: MEDIUM → SMALL  (R=0.386)
20:52:38  INFO       [safety2 / burst] 180/200  tier=SMALL   latency=128.4 ms  R=0.360  target=0.00  dets=3  vru=False  backend=onnx
20:52:39  INFO     [RAMS] Tier switch: SMALL → MEDIUM  (R=0.462)
20:52:41  INFO     [RAMS] Tier switch: MEDIUM → SMALL  (R=0.311)
20:52:42  INFO     [RAMS] Tier switch: SMALL → MEDIUM  (R=0.305)
20:52:44  INFO     [RAMS] Tier switch: MEDIUM → SMALL  (R=0.303)
20:52:45  INFO     [RAMS] Tier switch: SMALL → MEDIUM  (R=0.298)
20:52:45  INFO       [safety2 / burst] 200/200  tier=MEDIUM  latency=719.3 ms  R=0.298  target=0.00  dets=15  vru=False  backend=onnx
20:52:46  INFO     [RAMS] Controller stopped.
20:52:46  INFO     
--- Block 8/10  Policy: fixed_nano  Load: burst (100%) ---
20:52:46  INFO     [RAMS] Starting resource monitor ...
20:52:46  INFO     [RAMS] Loading model tiers ...
20:52:46  INFO     [RAMS] YOLOv8-nano ready — ONNX (imgsz=320).
20:52:46  INFO     [RAMS] YOLOv8-small ready — ONNX (imgsz=416).
20:52:47  INFO     [RAMS] YOLOv8-medium ready — ONNX (imgsz=640).
20:52:47  INFO     [RAMS] Controller ready. Policy: fixed
20:52:47  INFO     [RAMS] Tier switch: SMALL → NANO  (R=0.702)
20:52:48  INFO       [fixed_nano / burst] 20/200  tier=NANO    latency=42.4 ms  R=0.737  target=0.85  dets=0  vru=False  backend=onnx
20:52:49  INFO       [fixed_nano / burst] 40/200  tier=NANO    latency=31.6 ms  R=0.287  target=0.00  dets=3  vru=False  backend=onnx
20:52:50  INFO       [fixed_nano / burst] 60/200  tier=NANO    latency=31.5 ms  R=0.283  target=0.00  dets=2  vru=False  backend=onnx
20:52:51  INFO       [fixed_nano / burst] 80/200  tier=NANO    latency=32.0 ms  R=0.366  target=0.00  dets=5  vru=False  backend=onnx
20:52:52  INFO       [fixed_nano / burst] 100/200  tier=NANO    latency=32.7 ms  R=0.274  target=0.00  dets=6  vru=False  backend=onnx
20:52:54  INFO       [fixed_nano / burst] 120/200  tier=NANO    latency=95.5 ms  R=0.743  target=0.85  dets=0  vru=False  backend=onnx
20:52:55  INFO       [fixed_nano / burst] 140/200  tier=NANO    latency=31.3 ms  R=0.282  target=0.00  dets=1  vru=False  backend=onnx
20:52:56  INFO       [fixed_nano / burst] 160/200  tier=NANO    latency=31.1 ms  R=0.331  target=0.00  dets=1  vru=False  backend=onnx
20:52:57  INFO       [fixed_nano / burst] 180/200  tier=NANO    latency=31.3 ms  R=0.349  target=0.00  dets=2  vru=False  backend=onnx
20:52:58  INFO       [fixed_nano / burst] 200/200  tier=NANO    latency=32.3 ms  R=0.359  target=0.00  dets=11  vru=False  backend=onnx
20:52:58  INFO     [RAMS] Controller stopped.
20:52:58  INFO     
--- Block 8/10  Policy: fixed_medium  Load: burst (100%) ---
20:52:58  INFO     [RAMS] Starting resource monitor ...
20:52:58  INFO     [RAMS] Loading model tiers ...
20:52:58  INFO     [RAMS] YOLOv8-nano ready — ONNX (imgsz=320).
20:52:58  INFO     [RAMS] YOLOv8-small ready — ONNX (imgsz=416).
20:52:59  INFO     [RAMS] YOLOv8-medium ready — ONNX (imgsz=640).
20:52:59  INFO     [RAMS] Controller ready. Policy: fixed
20:52:59  INFO     [RAMS] Tier switch: SMALL → MEDIUM  (R=0.761)
20:53:23  INFO       [fixed_medium / burst] 20/200  tier=MEDIUM  latency=1579.4 ms  R=0.756  target=0.85  dets=4  vru=True  backend=onnx
20:53:37  INFO       [fixed_medium / burst] 40/200  tier=MEDIUM  latency=714.4 ms  R=0.295  target=0.00  dets=8  vru=False  backend=onnx
20:53:52  INFO       [fixed_medium / burst] 60/200  tier=MEDIUM  latency=712.9 ms  R=0.295  target=0.00  dets=11  vru=True  backend=onnx
20:54:07  INFO       [fixed_medium / burst] 80/200  tier=MEDIUM  latency=714.5 ms  R=0.374  target=0.00  dets=6  vru=False  backend=onnx
20:54:21  INFO       [fixed_medium / burst] 100/200  tier=MEDIUM  latency=713.5 ms  R=0.305  target=0.00  dets=10  vru=False  backend=onnx
20:54:45  INFO       [fixed_medium / burst] 120/200  tier=MEDIUM  latency=998.1 ms  R=0.760  target=0.85  dets=3  vru=False  backend=onnx
20:54:59  INFO       [fixed_medium / burst] 140/200  tier=MEDIUM  latency=712.2 ms  R=0.305  target=0.00  dets=1  vru=False  backend=onnx
20:55:14  INFO       [fixed_medium / burst] 160/200  tier=MEDIUM  latency=712.0 ms  R=0.352  target=0.00  dets=4  vru=False  backend=onnx
20:55:28  INFO       [fixed_medium / burst] 180/200  tier=MEDIUM  latency=722.7 ms  R=0.388  target=0.00  dets=5  vru=False  backend=onnx
20:55:43  INFO       [fixed_medium / burst] 200/200  tier=MEDIUM  latency=711.9 ms  R=0.303  target=0.00  dets=15  vru=False  backend=onnx
20:55:43  INFO     [RAMS] Controller stopped.
20:55:43  INFO     
--- Block 8/10  Policy: predictive  Load: burst (100%) ---
20:55:43  INFO     [RAMS] Starting resource monitor ...
20:55:43  INFO     [RAMS] Loading model tiers ...
20:55:43  INFO     [RAMS] YOLOv8-nano ready — ONNX (imgsz=320).
20:55:43  INFO     [RAMS] YOLOv8-small ready — ONNX (imgsz=416).
20:55:44  INFO     [RAMS] YOLOv8-medium ready — ONNX (imgsz=640).
20:55:44  INFO     [RAMS] Controller ready. Policy: predictive
20:55:44  INFO     [RAMS] Tier switch: SMALL → NANO  (R=0.702)
20:55:46  INFO       [predictive / burst] 20/200  tier=NANO    latency=33.2 ms  R=0.760  target=0.85  dets=0  vru=False  backend=onnx
20:55:46  INFO     [RAMS] Tier switch: NANO → SMALL  (R=0.066)
20:55:49  INFO       [predictive / burst] 40/200  tier=SMALL   latency=129.7 ms  R=0.370  target=0.00  dets=5  vru=False  backend=onnx
20:55:52  INFO       [predictive / burst] 60/200  tier=SMALL   latency=129.2 ms  R=0.371  target=0.00  dets=8  vru=False  backend=onnx
20:55:54  INFO       [predictive / burst] 80/200  tier=SMALL   latency=128.5 ms  R=0.462  target=0.00  dets=5  vru=False  backend=onnx
20:55:57  INFO       [predictive / burst] 100/200  tier=SMALL   latency=129.7 ms  R=0.305  target=0.00  dets=9  vru=False  backend=onnx
20:55:58  INFO     [RAMS] Tier switch: SMALL → NANO  (R=0.760)
20:55:59  INFO       [predictive / burst] 120/200  tier=NANO    latency=83.6 ms  R=0.755  target=0.85  dets=0  vru=False  backend=onnx
20:55:59  INFO     [RAMS] Tier switch: NANO → SMALL  (R=0.066)
20:56:02  INFO       [predictive / burst] 140/200  tier=SMALL   latency=127.8 ms  R=0.305  target=0.00  dets=1  vru=False  backend=onnx
20:56:05  INFO       [predictive / burst] 160/200  tier=SMALL   latency=129.4 ms  R=0.305  target=0.00  dets=1  vru=False  backend=onnx
20:56:08  INFO       [predictive / burst] 180/200  tier=SMALL   latency=127.5 ms  R=0.302  target=0.00  dets=3  vru=False  backend=onnx
20:56:10  INFO       [predictive / burst] 200/200  tier=SMALL   latency=131.0 ms  R=0.540  target=0.00  dets=12  vru=False  backend=onnx
20:56:11  INFO     [RAMS] Controller stopped.
20:56:11  INFO     
--- Block 8/10  Policy: adaptive  Load: burst (100%) ---
20:56:11  INFO     [RAMS] Starting resource monitor ...
20:56:11  INFO     [RAMS] Loading model tiers ...
20:56:11  INFO     [RAMS] YOLOv8-nano ready — ONNX (imgsz=320).
20:56:11  INFO     [RAMS] YOLOv8-small ready — ONNX (imgsz=416).
20:56:12  INFO     [RAMS] YOLOv8-medium ready — ONNX (imgsz=640).
20:56:12  INFO     [RAMS] Controller ready. Policy: adaptive
20:56:12  INFO     [RAMS] Tier switch: SMALL → NANO  (R=0.761)
20:56:14  INFO       [adaptive / burst] 20/200  tier=NANO    latency=55.1 ms  R=0.749  target=0.85  dets=0  vru=False  backend=onnx
20:56:14  INFO     [RAMS] Tier switch: NANO → SMALL  (R=0.126)
20:56:17  INFO       [adaptive / burst] 40/200  tier=SMALL   latency=128.4 ms  R=0.322  target=0.00  dets=5  vru=False  backend=onnx
20:56:20  INFO       [adaptive / burst] 60/200  tier=SMALL   latency=128.4 ms  R=0.317  target=0.00  dets=8  vru=False  backend=onnx
20:56:22  INFO       [adaptive / burst] 80/200  tier=SMALL   latency=129.3 ms  R=0.378  target=0.00  dets=5  vru=False  backend=onnx
20:56:25  INFO       [adaptive / burst] 100/200  tier=SMALL   latency=131.2 ms  R=0.293  target=0.00  dets=9  vru=False  backend=onnx
20:56:26  INFO     [RAMS] Tier switch: SMALL → NANO  (R=0.748)
20:56:27  INFO       [adaptive / burst] 120/200  tier=NANO    latency=31.4 ms  R=0.748  target=0.85  dets=0  vru=False  backend=onnx
20:56:27  INFO     [RAMS] Tier switch: NANO → SMALL  (R=0.107)
20:56:30  INFO       [adaptive / burst] 140/200  tier=SMALL   latency=128.3 ms  R=0.288  target=0.00  dets=1  vru=False  backend=onnx
20:56:33  INFO       [adaptive / burst] 160/200  tier=SMALL   latency=131.4 ms  R=0.377  target=0.00  dets=1  vru=False  backend=onnx
20:56:36  INFO       [adaptive / burst] 180/200  tier=SMALL   latency=130.4 ms  R=0.350  target=0.00  dets=3  vru=False  backend=onnx
20:56:39  INFO       [adaptive / burst] 200/200  tier=SMALL   latency=130.7 ms  R=0.292  target=0.00  dets=12  vru=False  backend=onnx
20:56:39  INFO     [RAMS] Controller stopped.
20:56:39  INFO     
--- Block 9/10  Policy: fixed_medium  Load: burst (100%) ---
20:56:39  INFO     [RAMS] Starting resource monitor ...
20:56:39  INFO     [RAMS] Loading model tiers ...
20:56:39  INFO     [RAMS] YOLOv8-nano ready — ONNX (imgsz=320).
20:56:39  INFO     [RAMS] YOLOv8-small ready — ONNX (imgsz=416).
20:56:40  INFO     [RAMS] YOLOv8-medium ready — ONNX (imgsz=640).
20:56:40  INFO     [RAMS] Controller ready. Policy: fixed
20:56:40  INFO     [RAMS] Tier switch: SMALL → MEDIUM  (R=0.702)
20:57:03  INFO       [fixed_medium / burst] 20/200  tier=MEDIUM  latency=1156.8 ms  R=0.760  target=0.85  dets=4  vru=False  backend=onnx
20:57:17  INFO       [fixed_medium / burst] 40/200  tier=MEDIUM  latency=727.5 ms  R=0.478  target=0.00  dets=13  vru=False  backend=onnx
20:57:32  INFO       [fixed_medium / burst] 60/200  tier=MEDIUM  latency=719.6 ms  R=0.361  target=0.00  dets=6  vru=False  backend=onnx
20:57:47  INFO       [fixed_medium / burst] 80/200  tier=MEDIUM  latency=713.0 ms  R=0.302  target=0.00  dets=3  vru=False  backend=onnx
20:58:01  INFO       [fixed_medium / burst] 100/200  tier=MEDIUM  latency=725.1 ms  R=0.364  target=0.00  dets=16  vru=False  backend=onnx
20:58:27  INFO       [fixed_medium / burst] 120/200  tier=MEDIUM  latency=1091.8 ms  R=0.756  target=0.85  dets=21  vru=False  backend=onnx
20:58:41  INFO       [fixed_medium / burst] 140/200  tier=MEDIUM  latency=718.9 ms  R=0.305  target=0.00  dets=13  vru=False  backend=onnx
20:58:56  INFO       [fixed_medium / burst] 160/200  tier=MEDIUM  latency=711.6 ms  R=0.378  target=0.00  dets=8  vru=False  backend=onnx
20:59:11  INFO       [fixed_medium / burst] 180/200  tier=MEDIUM  latency=712.4 ms  R=0.300  target=0.00  dets=8  vru=False  backend=onnx
20:59:25  INFO       [fixed_medium / burst] 200/200  tier=MEDIUM  latency=723.3 ms  R=0.480  target=0.00  dets=2  vru=False  backend=onnx
20:59:25  INFO     [RAMS] Controller stopped.
20:59:25  INFO     
--- Block 9/10  Policy: adaptive  Load: burst (100%) ---
20:59:25  INFO     [RAMS] Starting resource monitor ...
20:59:25  INFO     [RAMS] Loading model tiers ...
20:59:26  INFO     [RAMS] YOLOv8-nano ready — ONNX (imgsz=320).
20:59:26  INFO     [RAMS] YOLOv8-small ready — ONNX (imgsz=416).
20:59:26  INFO     [RAMS] YOLOv8-medium ready — ONNX (imgsz=640).
20:59:26  INFO     [RAMS] Controller ready. Policy: adaptive
20:59:27  INFO     [RAMS] Tier switch: SMALL → NANO  (R=0.737)
20:59:28  INFO       [adaptive / burst] 20/200  tier=NANO    latency=47.6 ms  R=0.750  target=0.85  dets=3  vru=False  backend=onnx
20:59:28  INFO     [RAMS] Tier switch: NANO → SMALL  (R=0.205)
20:59:31  INFO       [adaptive / burst] 40/200  tier=SMALL   latency=129.6 ms  R=0.290  target=0.00  dets=7  vru=False  backend=onnx
20:59:34  INFO       [adaptive / burst] 60/200  tier=SMALL   latency=128.5 ms  R=0.278  target=0.00  dets=2  vru=False  backend=onnx
20:59:37  INFO       [adaptive / burst] 80/200  tier=SMALL   latency=128.8 ms  R=0.302  target=0.00  dets=2  vru=False  backend=onnx
20:59:40  INFO       [adaptive / burst] 100/200  tier=SMALL   latency=129.4 ms  R=0.290  target=0.00  dets=8  vru=False  backend=onnx
20:59:40  INFO     [RAMS] Tier switch: SMALL → NANO  (R=0.755)
20:59:42  INFO       [adaptive / burst] 120/200  tier=NANO    latency=64.1 ms  R=0.737  target=0.85  dets=13  vru=False  backend=onnx
20:59:42  INFO     [RAMS] Tier switch: NANO → SMALL  (R=0.066)
20:59:45  INFO       [adaptive / burst] 140/200  tier=SMALL   latency=130.4 ms  R=0.344  target=0.00  dets=6  vru=False  backend=onnx
20:59:48  INFO       [adaptive / burst] 160/200  tier=SMALL   latency=132.1 ms  R=0.364  target=0.00  dets=6  vru=False  backend=onnx
20:59:50  INFO       [adaptive / burst] 180/200  tier=SMALL   latency=132.4 ms  R=0.368  target=0.00  dets=5  vru=False  backend=onnx
20:59:53  INFO       [adaptive / burst] 200/200  tier=SMALL   latency=129.0 ms  R=0.288  target=0.00  dets=2  vru=False  backend=onnx
20:59:53  INFO     [RAMS] Controller stopped.
20:59:53  INFO     
--- Block 9/10  Policy: threshold  Load: burst (100%) ---
20:59:54  INFO     [RAMS] Starting resource monitor ...
20:59:54  INFO     [RAMS] Loading model tiers ...
20:59:54  INFO     [RAMS] YOLOv8-nano ready — ONNX (imgsz=320).
20:59:54  INFO     [RAMS] YOLOv8-small ready — ONNX (imgsz=416).
20:59:55  INFO     [RAMS] YOLOv8-medium ready — ONNX (imgsz=640).
20:59:55  INFO     [RAMS] Controller ready. Policy: threshold
20:59:55  INFO     [RAMS] Tier switch: SMALL → NANO  (R=0.748)
20:59:56  INFO       [threshold / burst] 20/200  tier=NANO    latency=82.3 ms  R=0.748  target=0.85  dets=3  vru=False  backend=onnx
20:59:57  INFO     [RAMS] Tier switch: NANO → MEDIUM  (R=0.167)
20:59:59  INFO     [RAMS] Tier switch: MEDIUM → SMALL  (R=0.302)
21:00:01  INFO       [threshold / burst] 40/200  tier=SMALL   latency=128.6 ms  R=0.302  target=0.00  dets=7  vru=False  backend=onnx
21:00:04  INFO       [threshold / burst] 60/200  tier=SMALL   latency=128.0 ms  R=0.308  target=0.00  dets=2  vru=False  backend=onnx
21:00:07  INFO       [threshold / burst] 80/200  tier=SMALL   latency=128.4 ms  R=0.329  target=0.00  dets=2  vru=False  backend=onnx
21:00:09  INFO       [threshold / burst] 100/200  tier=SMALL   latency=131.3 ms  R=0.377  target=0.00  dets=8  vru=False  backend=onnx
21:00:10  INFO     [RAMS] Tier switch: SMALL → NANO  (R=0.732)
21:00:12  INFO       [threshold / burst] 120/200  tier=NANO    latency=41.4 ms  R=0.745  target=0.85  dets=13  vru=False  backend=onnx
21:00:12  INFO     [RAMS] Tier switch: NANO → MEDIUM  (R=0.146)
21:00:14  INFO     [RAMS] Tier switch: MEDIUM → SMALL  (R=0.307)
21:00:17  INFO       [threshold / burst] 140/200  tier=SMALL   latency=131.2 ms  R=0.284  target=0.00  dets=6  vru=False  backend=onnx
21:00:19  INFO       [threshold / burst] 160/200  tier=SMALL   latency=129.1 ms  R=0.307  target=0.00  dets=6  vru=False  backend=onnx
21:00:22  INFO       [threshold / burst] 180/200  tier=SMALL   latency=129.2 ms  R=0.296  target=0.00  dets=5  vru=False  backend=onnx
21:00:25  INFO       [threshold / burst] 200/200  tier=SMALL   latency=128.6 ms  R=0.294  target=0.00  dets=2  vru=False  backend=onnx
21:00:25  INFO     [RAMS] Controller stopped.
21:00:25  INFO     
--- Block 9/10  Policy: fixed_nano  Load: burst (100%) ---
21:00:25  INFO     [RAMS] Starting resource monitor ...
21:00:25  INFO     [RAMS] Loading model tiers ...
21:00:25  INFO     [RAMS] YOLOv8-nano ready — ONNX (imgsz=320).
21:00:25  INFO     [RAMS] YOLOv8-small ready — ONNX (imgsz=416).
21:00:26  INFO     [RAMS] YOLOv8-medium ready — ONNX (imgsz=640).
21:00:26  INFO     [RAMS] Controller ready. Policy: fixed
21:00:26  INFO     [RAMS] Tier switch: SMALL → NANO  (R=0.707)
21:00:28  INFO       [fixed_nano / burst] 20/200  tier=NANO    latency=45.5 ms  R=0.724  target=0.85  dets=3  vru=False  backend=onnx
21:00:29  INFO       [fixed_nano / burst] 40/200  tier=NANO    latency=32.9 ms  R=0.425  target=0.00  dets=4  vru=False  backend=onnx
21:00:30  INFO       [fixed_nano / burst] 60/200  tier=NANO    latency=32.4 ms  R=0.343  target=0.00  dets=0  vru=False  backend=onnx
21:00:31  INFO       [fixed_nano / burst] 80/200  tier=NANO    latency=32.7 ms  R=0.402  target=0.00  dets=3  vru=False  backend=onnx
21:00:32  INFO       [fixed_nano / burst] 100/200  tier=NANO    latency=33.0 ms  R=0.355  target=0.00  dets=6  vru=False  backend=onnx
21:00:34  INFO       [fixed_nano / burst] 120/200  tier=NANO    latency=167.3 ms  R=0.756  target=0.85  dets=13  vru=False  backend=onnx
21:00:35  INFO       [fixed_nano / burst] 140/200  tier=NANO    latency=31.8 ms  R=0.278  target=0.00  dets=4  vru=False  backend=onnx
21:00:36  INFO       [fixed_nano / burst] 160/200  tier=NANO    latency=31.9 ms  R=0.285  target=0.00  dets=3  vru=False  backend=onnx
21:00:37  INFO       [fixed_nano / burst] 180/200  tier=NANO    latency=31.9 ms  R=0.366  target=0.00  dets=5  vru=False  backend=onnx
21:00:37  INFO       [fixed_nano / burst] 200/200  tier=NANO    latency=31.7 ms  R=0.264  target=0.00  dets=1  vru=False  backend=onnx
21:00:38  INFO     [RAMS] Controller stopped.
21:00:38  INFO     
--- Block 9/10  Policy: safety  Load: burst (100%) ---
21:00:38  INFO     [RAMS] Starting resource monitor ...
21:00:38  INFO     [RAMS] Loading model tiers ...
21:00:38  INFO     [RAMS] YOLOv8-nano ready — ONNX (imgsz=320).
21:00:38  INFO     [RAMS] YOLOv8-small ready — ONNX (imgsz=416).
21:00:39  INFO     [RAMS] YOLOv8-medium ready — ONNX (imgsz=640).
21:00:39  INFO     [RAMS] Controller ready. Policy: safety
21:00:40  INFO     [RAMS] Tier switch: SMALL → NANO  (R=0.760)
21:00:40  INFO     [RAMS] Tier switch: NANO → SMALL  (R=0.731)
21:00:41  INFO     [RAMS] Tier switch: SMALL → NANO  (R=0.760)
21:00:41  INFO     [RAMS] Tier switch: NANO → SMALL  (R=0.760)
21:00:43  INFO       [safety / burst] 20/200  tier=SMALL   latency=322.6 ms  R=0.755  target=0.85  dets=4  vru=False  backend=onnx
21:00:46  INFO       [safety / burst] 40/200  tier=SMALL   latency=128.3 ms  R=0.292  target=0.00  dets=7  vru=False  backend=onnx
21:00:49  INFO       [safety / burst] 60/200  tier=SMALL   latency=128.7 ms  R=0.390  target=0.00  dets=2  vru=False  backend=onnx
21:00:52  INFO       [safety / burst] 80/200  tier=SMALL   latency=132.5 ms  R=0.385  target=0.00  dets=2  vru=False  backend=onnx
21:00:54  INFO       [safety / burst] 100/200  tier=SMALL   latency=130.2 ms  R=0.360  target=0.00  dets=8  vru=False  backend=onnx
21:00:55  INFO     [RAMS] Tier switch: SMALL → NANO  (R=0.756)
21:00:55  INFO     [RAMS] Tier switch: NANO → SMALL  (R=0.750)
21:00:58  INFO     [RAMS] Tier switch: SMALL → NANO  (R=0.755)
21:00:58  INFO     [RAMS] Tier switch: NANO → SMALL  (R=0.755)
21:00:59  INFO       [safety / burst] 120/200  tier=SMALL   latency=163.0 ms  R=0.755  target=0.85  dets=16  vru=False  backend=onnx
21:01:02  INFO       [safety / burst] 140/200  tier=SMALL   latency=128.9 ms  R=0.295  target=0.00  dets=6  vru=False  backend=onnx
21:01:05  INFO       [safety / burst] 160/200  tier=SMALL   latency=128.5 ms  R=0.297  target=0.00  dets=6  vru=False  backend=onnx
21:01:08  INFO       [safety / burst] 180/200  tier=SMALL   latency=129.1 ms  R=0.356  target=0.00  dets=5  vru=False  backend=onnx
21:01:11  INFO       [safety / burst] 200/200  tier=SMALL   latency=130.2 ms  R=0.297  target=0.00  dets=2  vru=False  backend=onnx
21:01:11  INFO     [RAMS] Controller stopped.
21:01:11  INFO     
--- Block 9/10  Policy: predictive  Load: burst (100%) ---
21:01:11  INFO     [RAMS] Starting resource monitor ...
21:01:11  INFO     [RAMS] Loading model tiers ...
21:01:11  INFO     [RAMS] YOLOv8-nano ready — ONNX (imgsz=320).
21:01:11  INFO     [RAMS] YOLOv8-small ready — ONNX (imgsz=416).
21:01:12  INFO     [RAMS] YOLOv8-medium ready — ONNX (imgsz=640).
21:01:12  INFO     [RAMS] Controller ready. Policy: predictive
21:01:12  INFO     [RAMS] Tier switch: SMALL → NANO  (R=0.760)
21:01:14  INFO       [predictive / burst] 20/200  tier=NANO    latency=105.8 ms  R=0.738  target=0.85  dets=3  vru=False  backend=onnx
21:01:14  INFO     [RAMS] Tier switch: NANO → SMALL  (R=0.189)
21:01:17  INFO       [predictive / burst] 40/200  tier=SMALL   latency=129.5 ms  R=0.370  target=0.00  dets=7  vru=False  backend=onnx
21:01:20  INFO       [predictive / burst] 60/200  tier=SMALL   latency=128.6 ms  R=0.293  target=0.00  dets=2  vru=False  backend=onnx
21:01:23  INFO       [predictive / burst] 80/200  tier=SMALL   latency=129.0 ms  R=0.288  target=0.00  dets=2  vru=False  backend=onnx
21:01:26  INFO       [predictive / burst] 100/200  tier=SMALL   latency=129.6 ms  R=0.309  target=0.00  dets=8  vru=False  backend=onnx
21:01:27  INFO     [RAMS] Tier switch: SMALL → NANO  (R=0.748)
21:01:28  INFO       [predictive / burst] 120/200  tier=NANO    latency=42.2 ms  R=0.737  target=0.85  dets=13  vru=False  backend=onnx
21:01:28  INFO     [RAMS] Tier switch: NANO → SMALL  (R=0.060)
21:01:31  INFO       [predictive / burst] 140/200  tier=SMALL   latency=128.3 ms  R=0.290  target=0.00  dets=6  vru=False  backend=onnx
21:01:34  INFO       [predictive / burst] 160/200  tier=SMALL   latency=129.2 ms  R=0.379  target=0.00  dets=6  vru=False  backend=onnx
21:01:37  INFO       [predictive / burst] 180/200  tier=SMALL   latency=131.2 ms  R=0.379  target=0.00  dets=5  vru=False  backend=onnx
21:01:39  INFO       [predictive / burst] 200/200  tier=SMALL   latency=129.3 ms  R=0.290  target=0.00  dets=2  vru=False  backend=onnx
21:01:40  INFO     [RAMS] Controller stopped.
21:01:40  INFO     
--- Block 9/10  Policy: fixed_small  Load: burst (100%) ---
21:01:40  INFO     [RAMS] Starting resource monitor ...
21:01:40  INFO     [RAMS] Loading model tiers ...
21:01:40  INFO     [RAMS] YOLOv8-nano ready — ONNX (imgsz=320).
21:01:40  INFO     [RAMS] YOLOv8-small ready — ONNX (imgsz=416).
21:01:41  INFO     [RAMS] YOLOv8-medium ready — ONNX (imgsz=640).
21:01:41  INFO     [RAMS] Controller ready. Policy: fixed
21:01:45  INFO       [fixed_small / burst] 20/200  tier=SMALL   latency=195.4 ms  R=0.760  target=0.85  dets=4  vru=False  backend=onnx
21:01:48  INFO       [fixed_small / burst] 40/200  tier=SMALL   latency=129.0 ms  R=0.288  target=0.00  dets=7  vru=False  backend=onnx
21:01:50  INFO       [fixed_small / burst] 60/200  tier=SMALL   latency=128.9 ms  R=0.297  target=0.00  dets=2  vru=False  backend=onnx
21:01:53  INFO       [fixed_small / burst] 80/200  tier=SMALL   latency=128.5 ms  R=0.295  target=0.00  dets=2  vru=False  backend=onnx
21:01:56  INFO       [fixed_small / burst] 100/200  tier=SMALL   latency=128.9 ms  R=0.358  target=0.00  dets=8  vru=False  backend=onnx
21:02:02  INFO       [fixed_small / burst] 120/200  tier=SMALL   latency=285.1 ms  R=0.760  target=0.85  dets=16  vru=False  backend=onnx
21:02:05  INFO       [fixed_small / burst] 140/200  tier=SMALL   latency=128.6 ms  R=0.305  target=0.00  dets=6  vru=False  backend=onnx
21:02:08  INFO       [fixed_small / burst] 160/200  tier=SMALL   latency=128.3 ms  R=0.303  target=0.00  dets=6  vru=False  backend=onnx
21:02:11  INFO       [fixed_small / burst] 180/200  tier=SMALL   latency=128.9 ms  R=0.295  target=0.00  dets=5  vru=False  backend=onnx
21:02:14  INFO       [fixed_small / burst] 200/200  tier=SMALL   latency=127.7 ms  R=0.390  target=0.00  dets=2  vru=False  backend=onnx
21:02:14  INFO     [RAMS] Controller stopped.
21:02:14  INFO     
--- Block 9/10  Policy: safety2  Load: burst (100%) ---
21:02:14  INFO     [RAMS] Starting resource monitor ...
21:02:14  INFO     [RAMS] Loading model tiers ...
21:02:14  INFO     [RAMS] YOLOv8-nano ready — ONNX (imgsz=320).
21:02:14  INFO     [RAMS] YOLOv8-small ready — ONNX (imgsz=416).
21:02:15  INFO     [RAMS] YOLOv8-medium ready — ONNX (imgsz=640).
21:02:15  INFO     [RAMS] Controller ready. Policy: safety2
21:02:16  INFO     [RAMS] Tier switch: SMALL → NANO  (R=0.760)
21:02:17  INFO     [RAMS] Tier switch: NANO → SMALL  (R=0.755)
21:02:18  INFO     [RAMS] Tier switch: SMALL → NANO  (R=0.755)
21:02:18  INFO     [RAMS] Tier switch: NANO → SMALL  (R=0.755)
21:02:18  INFO     [RAMS] Tier switch: SMALL → MEDIUM  (R=0.755)
21:02:26  INFO       [safety2 / burst] 20/200  tier=MEDIUM  latency=1094.7 ms  R=0.755  target=0.85  dets=4  vru=False  backend=onnx
21:02:28  INFO     [RAMS] Tier switch: MEDIUM → SMALL  (R=0.298)
21:02:30  INFO       [safety2 / burst] 40/200  tier=SMALL   latency=129.2 ms  R=0.302  target=0.00  dets=7  vru=False  backend=onnx
21:02:33  INFO     [RAMS] Tier switch: SMALL → MEDIUM  (R=0.290)
21:02:35  INFO       [safety2 / burst] 60/200  tier=MEDIUM  latency=722.1 ms  R=0.303  target=0.00  dets=6  vru=False  backend=onnx
21:02:35  INFO     [RAMS] Tier switch: MEDIUM → SMALL  (R=0.305)
21:02:38  INFO     [RAMS] Tier switch: SMALL → MEDIUM  (R=0.393)
21:02:39  INFO       [safety2 / burst] 80/200  tier=MEDIUM  latency=728.7 ms  R=0.373  target=0.00  dets=3  vru=False  backend=onnx
21:02:40  INFO     [RAMS] Tier switch: MEDIUM → SMALL  (R=0.370)
21:02:40  INFO     [RAMS] Tier switch: SMALL → MEDIUM  (R=0.450)
21:02:42  INFO     [RAMS] Tier switch: MEDIUM → SMALL  (R=0.362)
21:02:43  INFO     [RAMS] Tier switch: SMALL → MEDIUM  (R=0.355)
21:02:49  INFO     [RAMS] Tier switch: MEDIUM → SMALL  (R=0.311)
21:02:50  INFO       [safety2 / burst] 100/200  tier=SMALL   latency=132.1 ms  R=0.286  target=0.00  dets=8  vru=False  backend=onnx
21:02:50  INFO     [RAMS] Tier switch: SMALL → NANO  (R=0.755)
21:02:50  INFO     [RAMS] Tier switch: NANO → SMALL  (R=0.743)
21:02:50  INFO     [RAMS] Tier switch: SMALL → MEDIUM  (R=0.755)
21:02:52  INFO     [RAMS] Tier switch: MEDIUM → NANO  (R=0.755)
21:02:53  INFO     [RAMS] Tier switch: NANO → MEDIUM  (R=0.749)
21:02:57  INFO     [RAMS] Tier switch: MEDIUM → SMALL  (R=0.755)
21:02:57  INFO     [RAMS] Tier switch: SMALL → MEDIUM  (R=0.749)
21:02:59  INFO     [RAMS] Tier switch: MEDIUM → SMALL  (R=0.755)
21:03:00  INFO     [RAMS] Tier switch: SMALL → NANO  (R=0.755)
21:03:00  INFO       [safety2 / burst] 120/200  tier=NANO    latency=66.2 ms  R=0.743  target=0.85  dets=13  vru=False  backend=onnx
21:03:00  INFO     [RAMS] Tier switch: NANO → MEDIUM  (R=0.300)
21:03:02  INFO     [RAMS] Tier switch: MEDIUM → SMALL  (R=0.448)
21:03:03  INFO     [RAMS] Tier switch: SMALL → MEDIUM  (R=0.377)
21:03:06  INFO       [safety2 / burst] 140/200  tier=MEDIUM  latency=713.7 ms  R=0.368  target=0.00  dets=13  vru=False  backend=onnx
21:03:06  INFO     [RAMS] Tier switch: MEDIUM → SMALL  (R=0.311)
21:03:07  INFO     [RAMS] Tier switch: SMALL → MEDIUM  (R=0.290)
21:03:10  INFO     [RAMS] Tier switch: MEDIUM → SMALL  (R=0.300)
21:03:10  INFO     [RAMS] Tier switch: SMALL → MEDIUM  (R=0.292)
21:03:12  INFO       [safety2 / burst] 160/200  tier=MEDIUM  latency=714.4 ms  R=0.307  target=0.00  dets=8  vru=False  backend=onnx
21:03:12  INFO     [RAMS] Tier switch: MEDIUM → SMALL  (R=0.308)
21:03:14  INFO     [RAMS] Tier switch: SMALL → MEDIUM  (R=0.290)
21:03:16  INFO     [RAMS] Tier switch: MEDIUM → SMALL  (R=0.303)
21:03:17  INFO       [safety2 / burst] 180/200  tier=SMALL   latency=130.9 ms  R=0.284  target=0.00  dets=5  vru=False  backend=onnx
21:03:18  INFO     [RAMS] Tier switch: SMALL → MEDIUM  (R=0.294)
21:03:20  INFO     [RAMS] Tier switch: MEDIUM → SMALL  (R=0.311)
21:03:20  INFO     [RAMS] Tier switch: SMALL → MEDIUM  (R=0.290)
21:03:22  INFO     [RAMS] Tier switch: MEDIUM → SMALL  (R=0.373)
21:03:23  INFO       [safety2 / burst] 200/200  tier=SMALL   latency=130.1 ms  R=0.408  target=0.00  dets=2  vru=False  backend=onnx
21:03:23  INFO     [RAMS] Controller stopped.
21:03:23  INFO     
--- Block 10/10  Policy: threshold  Load: burst (100%) ---
21:03:23  INFO     [RAMS] Starting resource monitor ...
21:03:23  INFO     [RAMS] Loading model tiers ...
21:03:23  INFO     [RAMS] YOLOv8-nano ready — ONNX (imgsz=320).
21:03:23  INFO     [RAMS] YOLOv8-small ready — ONNX (imgsz=416).
21:03:24  INFO     [RAMS] YOLOv8-medium ready — ONNX (imgsz=640).
21:03:24  INFO     [RAMS] Controller ready. Policy: threshold
21:03:25  INFO     [RAMS] Tier switch: SMALL → NANO  (R=0.750)
21:03:27  INFO       [threshold / burst] 20/200  tier=NANO    latency=81.5 ms  R=0.756  target=0.85  dets=4  vru=False  backend=onnx
21:03:27  INFO     [RAMS] Tier switch: NANO → MEDIUM  (R=0.269)
21:03:30  INFO     [RAMS] Tier switch: MEDIUM → SMALL  (R=0.307)
21:03:32  INFO       [threshold / burst] 40/200  tier=SMALL   latency=130.1 ms  R=0.282  target=0.00  dets=3  vru=False  backend=onnx
21:03:35  INFO       [threshold / burst] 60/200  tier=SMALL   latency=129.9 ms  R=0.307  target=0.00  dets=0  vru=False  backend=onnx
21:03:37  INFO       [threshold / burst] 80/200  tier=SMALL   latency=129.9 ms  R=0.292  target=0.00  dets=4  vru=True  backend=onnx
21:03:40  INFO       [threshold / burst] 100/200  tier=SMALL   latency=129.7 ms  R=0.309  target=0.00  dets=7  vru=False  backend=onnx
21:03:41  INFO     [RAMS] Tier switch: SMALL → NANO  (R=0.725)
21:03:42  INFO       [threshold / burst] 120/200  tier=NANO    latency=35.8 ms  R=0.743  target=0.85  dets=5  vru=False  backend=onnx
21:03:42  INFO     [RAMS] Tier switch: NANO → MEDIUM  (R=0.084)
21:03:45  INFO     [RAMS] Tier switch: MEDIUM → SMALL  (R=0.479)
21:03:47  INFO       [threshold / burst] 140/200  tier=SMALL   latency=130.1 ms  R=0.359  target=0.00  dets=9  vru=False  backend=onnx
21:03:50  INFO       [threshold / burst] 160/200  tier=SMALL   latency=129.6 ms  R=0.305  target=0.00  dets=14  vru=False  backend=onnx
21:03:52  INFO       [threshold / burst] 180/200  tier=SMALL   latency=130.8 ms  R=0.288  target=0.00  dets=15  vru=True  backend=onnx
21:03:55  INFO       [threshold / burst] 200/200  tier=SMALL   latency=129.0 ms  R=0.298  target=0.00  dets=2  vru=False  backend=onnx
21:03:55  INFO     [RAMS] Controller stopped.
21:03:55  INFO     
--- Block 10/10  Policy: adaptive  Load: burst (100%) ---
21:03:55  INFO     [RAMS] Starting resource monitor ...
21:03:55  INFO     [RAMS] Loading model tiers ...
21:03:56  INFO     [RAMS] YOLOv8-nano ready — ONNX (imgsz=320).
21:03:56  INFO     [RAMS] YOLOv8-small ready — ONNX (imgsz=416).
21:03:56  INFO     [RAMS] YOLOv8-medium ready — ONNX (imgsz=640).
21:03:56  INFO     [RAMS] Controller ready. Policy: adaptive
21:03:57  INFO     [RAMS] Tier switch: SMALL → NANO  (R=0.736)
21:03:58  INFO       [adaptive / burst] 20/200  tier=NANO    latency=65.8 ms  R=0.743  target=0.85  dets=4  vru=False  backend=onnx
21:03:58  INFO     [RAMS] Tier switch: NANO → SMALL  (R=0.066)
21:04:01  INFO       [adaptive / burst] 40/200  tier=SMALL   latency=128.2 ms  R=0.302  target=0.00  dets=3  vru=False  backend=onnx
21:04:04  INFO       [adaptive / burst] 60/200  tier=SMALL   latency=127.7 ms  R=0.309  target=0.00  dets=0  vru=False  backend=onnx
21:04:07  INFO       [adaptive / burst] 80/200  tier=SMALL   latency=129.4 ms  R=0.364  target=0.00  dets=4  vru=True  backend=onnx
21:04:10  INFO       [adaptive / burst] 100/200  tier=SMALL   latency=130.6 ms  R=0.368  target=0.00  dets=7  vru=False  backend=onnx
21:04:10  INFO     [RAMS] Tier switch: SMALL → NANO  (R=0.755)
21:04:12  INFO       [adaptive / burst] 120/200  tier=NANO    latency=53.4 ms  R=0.737  target=0.85  dets=5  vru=False  backend=onnx
21:04:12  INFO     [RAMS] Tier switch: NANO → SMALL  (R=0.066)
21:04:15  INFO       [adaptive / burst] 140/200  tier=SMALL   latency=128.5 ms  R=0.315  target=0.00  dets=9  vru=False  backend=onnx
21:04:18  INFO       [adaptive / burst] 160/200  tier=SMALL   latency=130.2 ms  R=0.328  target=0.00  dets=14  vru=False  backend=onnx
21:04:21  INFO       [adaptive / burst] 180/200  tier=SMALL   latency=131.0 ms  R=0.283  target=0.00  dets=15  vru=True  backend=onnx
21:04:24  INFO       [adaptive / burst] 200/200  tier=SMALL   latency=128.8 ms  R=0.315  target=0.00  dets=2  vru=False  backend=onnx
21:04:24  INFO     [RAMS] Controller stopped.
21:04:24  INFO     
--- Block 10/10  Policy: fixed_small  Load: burst (100%) ---
21:04:24  INFO     [RAMS] Starting resource monitor ...
21:04:24  INFO     [RAMS] Loading model tiers ...
21:04:24  INFO     [RAMS] YOLOv8-nano ready — ONNX (imgsz=320).
21:04:24  INFO     [RAMS] YOLOv8-small ready — ONNX (imgsz=416).
21:04:25  INFO     [RAMS] YOLOv8-medium ready — ONNX (imgsz=640).
21:04:25  INFO     [RAMS] Controller ready. Policy: fixed
21:04:31  INFO       [fixed_small / burst] 20/200  tier=SMALL   latency=202.0 ms  R=0.751  target=0.85  dets=10  vru=False  backend=onnx
21:04:34  INFO       [fixed_small / burst] 40/200  tier=SMALL   latency=127.8 ms  R=0.297  target=0.00  dets=3  vru=False  backend=onnx
21:04:37  INFO       [fixed_small / burst] 60/200  tier=SMALL   latency=127.5 ms  R=0.320  target=0.00  dets=0  vru=False  backend=onnx
21:04:40  INFO       [fixed_small / burst] 80/200  tier=SMALL   latency=129.2 ms  R=0.290  target=0.00  dets=4  vru=True  backend=onnx
21:04:43  INFO       [fixed_small / burst] 100/200  tier=SMALL   latency=129.0 ms  R=0.302  target=0.00  dets=7  vru=False  backend=onnx
21:04:47  INFO       [fixed_small / burst] 120/200  tier=SMALL   latency=178.1 ms  R=0.760  target=0.85  dets=7  vru=False  backend=onnx
21:04:50  INFO       [fixed_small / burst] 140/200  tier=SMALL   latency=129.6 ms  R=0.370  target=0.00  dets=9  vru=False  backend=onnx
21:04:53  INFO       [fixed_small / burst] 160/200  tier=SMALL   latency=130.6 ms  R=0.368  target=0.00  dets=14  vru=False  backend=onnx
21:04:56  INFO       [fixed_small / burst] 180/200  tier=SMALL   latency=130.2 ms  R=0.303  target=0.00  dets=15  vru=True  backend=onnx
21:04:59  INFO       [fixed_small / burst] 200/200  tier=SMALL   latency=128.1 ms  R=0.390  target=0.00  dets=2  vru=False  backend=onnx
21:04:59  INFO     [RAMS] Controller stopped.
21:04:59  INFO     
--- Block 10/10  Policy: fixed_medium  Load: burst (100%) ---
21:04:59  INFO     [RAMS] Starting resource monitor ...
21:04:59  INFO     [RAMS] Loading model tiers ...
21:04:59  INFO     [RAMS] YOLOv8-nano ready — ONNX (imgsz=320).
21:04:59  INFO     [RAMS] YOLOv8-small ready — ONNX (imgsz=416).
21:05:00  INFO     [RAMS] YOLOv8-medium ready — ONNX (imgsz=640).
21:05:00  INFO     [RAMS] Controller ready. Policy: fixed
21:05:00  INFO     [RAMS] Tier switch: SMALL → MEDIUM  (R=0.719)
21:05:25  INFO       [fixed_medium / burst] 20/200  tier=MEDIUM  latency=1470.3 ms  R=0.760  target=0.85  dets=10  vru=False  backend=onnx
21:05:40  INFO       [fixed_medium / burst] 40/200  tier=MEDIUM  latency=715.3 ms  R=0.305  target=0.00  dets=8  vru=False  backend=onnx
21:05:55  INFO       [fixed_medium / burst] 60/200  tier=MEDIUM  latency=725.1 ms  R=0.376  target=0.00  dets=6  vru=False  backend=onnx
21:06:09  INFO       [fixed_medium / burst] 80/200  tier=MEDIUM  latency=714.9 ms  R=0.303  target=0.00  dets=4  vru=False  backend=onnx
21:06:24  INFO       [fixed_medium / burst] 100/200  tier=MEDIUM  latency=715.0 ms  R=0.333  target=0.00  dets=5  vru=False  backend=onnx
21:06:47  INFO       [fixed_medium / burst] 120/200  tier=MEDIUM  latency=1072.5 ms  R=0.749  target=0.85  dets=8  vru=False  backend=onnx
21:07:02  INFO       [fixed_medium / burst] 140/200  tier=MEDIUM  latency=729.5 ms  R=0.389  target=0.00  dets=10  vru=True  backend=onnx
21:07:17  INFO       [fixed_medium / burst] 160/200  tier=MEDIUM  latency=718.5 ms  R=0.309  target=0.00  dets=14  vru=False  backend=onnx
21:07:31  INFO       [fixed_medium / burst] 180/200  tier=MEDIUM  latency=717.9 ms  R=0.305  target=0.00  dets=18  vru=True  backend=onnx
21:07:46  INFO       [fixed_medium / burst] 200/200  tier=MEDIUM  latency=723.4 ms  R=0.368  target=0.00  dets=2  vru=False  backend=onnx
21:07:46  INFO     [RAMS] Controller stopped.
21:07:46  INFO     
--- Block 10/10  Policy: fixed_nano  Load: burst (100%) ---
21:07:46  INFO     [RAMS] Starting resource monitor ...
21:07:46  INFO     [RAMS] Loading model tiers ...
21:07:46  INFO     [RAMS] YOLOv8-nano ready — ONNX (imgsz=320).
21:07:46  INFO     [RAMS] YOLOv8-small ready — ONNX (imgsz=416).
21:07:47  INFO     [RAMS] YOLOv8-medium ready — ONNX (imgsz=640).
21:07:47  INFO     [RAMS] Controller ready. Policy: fixed
21:07:47  INFO     [RAMS] Tier switch: SMALL → NANO  (R=0.702)
21:07:48  INFO       [fixed_nano / burst] 20/200  tier=NANO    latency=50.4 ms  R=0.743  target=0.85  dets=4  vru=False  backend=onnx
21:07:50  INFO       [fixed_nano / burst] 40/200  tier=NANO    latency=31.5 ms  R=0.287  target=0.00  dets=2  vru=False  backend=onnx
21:07:50  INFO       [fixed_nano / burst] 60/200  tier=NANO    latency=31.2 ms  R=0.266  target=0.00  dets=0  vru=False  backend=onnx
21:07:51  INFO       [fixed_nano / burst] 80/200  tier=NANO    latency=31.9 ms  R=0.272  target=0.00  dets=2  vru=False  backend=onnx
21:07:52  INFO       [fixed_nano / burst] 100/200  tier=NANO    latency=31.9 ms  R=0.282  target=0.00  dets=6  vru=False  backend=onnx
21:07:54  INFO       [fixed_nano / burst] 120/200  tier=NANO    latency=76.6 ms  R=0.748  target=0.85  dets=5  vru=False  backend=onnx
21:07:55  INFO       [fixed_nano / burst] 140/200  tier=NANO    latency=31.6 ms  R=0.277  target=0.00  dets=1  vru=False  backend=onnx
21:07:56  INFO       [fixed_nano / burst] 160/200  tier=NANO    latency=32.7 ms  R=0.351  target=0.00  dets=9  vru=False  backend=onnx
21:07:57  INFO       [fixed_nano / burst] 180/200  tier=NANO    latency=32.7 ms  R=0.297  target=0.00  dets=8  vru=False  backend=onnx
21:07:58  INFO       [fixed_nano / burst] 200/200  tier=NANO    latency=31.2 ms  R=0.265  target=0.00  dets=0  vru=False  backend=onnx
21:07:58  INFO     [RAMS] Controller stopped.
21:07:58  INFO     
--- Block 10/10  Policy: safety2  Load: burst (100%) ---
21:07:58  INFO     [RAMS] Starting resource monitor ...
21:07:58  INFO     [RAMS] Loading model tiers ...
21:07:58  INFO     [RAMS] YOLOv8-nano ready — ONNX (imgsz=320).
21:07:58  INFO     [RAMS] YOLOv8-small ready — ONNX (imgsz=416).
21:07:59  INFO     [RAMS] YOLOv8-medium ready — ONNX (imgsz=640).
21:07:59  INFO     [RAMS] Controller ready. Policy: safety2
21:08:00  INFO     [RAMS] Tier switch: SMALL → NANO  (R=0.760)
21:08:01  INFO     [RAMS] Tier switch: NANO → SMALL  (R=0.748)
21:08:02  INFO     [RAMS] Tier switch: SMALL → NANO  (R=0.760)
21:08:02  INFO       [safety2 / burst] 20/200  tier=NANO    latency=113.4 ms  R=0.719  target=0.85  dets=4  vru=False  backend=onnx
21:08:02  INFO     [RAMS] Tier switch: NANO → MEDIUM  (R=0.163)
21:08:05  INFO     [RAMS] Tier switch: MEDIUM → SMALL  (R=0.377)
21:08:07  INFO       [safety2 / burst] 40/200  tier=SMALL   latency=129.8 ms  R=0.377  target=0.00  dets=3  vru=False  backend=onnx
21:08:08  INFO     [RAMS] Tier switch: SMALL → MEDIUM  (R=0.457)
21:08:10  INFO     [RAMS] Tier switch: MEDIUM → SMALL  (R=0.320)
21:08:11  INFO       [safety2 / burst] 60/200  tier=SMALL   latency=127.8 ms  R=0.288  target=0.00  dets=0  vru=False  backend=onnx
21:08:14  INFO       [safety2 / burst] 80/200  tier=SMALL   latency=128.4 ms  R=0.301  target=0.00  dets=4  vru=True  backend=onnx
21:08:16  INFO     [RAMS] Tier switch: SMALL → MEDIUM  (R=0.336)
21:08:18  INFO     [RAMS] Tier switch: MEDIUM → SMALL  (R=0.402)
21:08:19  INFO     [RAMS] Tier switch: SMALL → MEDIUM  (R=0.288)
21:08:19  INFO       [safety2 / burst] 100/200  tier=MEDIUM  latency=723.0 ms  R=0.288  target=0.00  dets=5  vru=False  backend=onnx
21:08:22  INFO     [RAMS] Tier switch: MEDIUM → NANO  (R=0.755)
21:08:22  INFO     [RAMS] Tier switch: NANO → MEDIUM  (R=0.755)
21:08:26  INFO     [RAMS] Tier switch: MEDIUM → NANO  (R=0.761)
21:08:27  INFO     [RAMS] Tier switch: NANO → SMALL  (R=0.750)
21:08:28  INFO     [RAMS] Tier switch: SMALL → NANO  (R=0.750)
21:08:28  INFO     [RAMS] Tier switch: NANO → MEDIUM  (R=0.745)
21:08:32  INFO     [RAMS] Tier switch: MEDIUM → NANO  (R=0.749)
21:08:32  INFO       [safety2 / burst] 120/200  tier=NANO    latency=66.3 ms  R=0.749  target=0.85  dets=5  vru=False  backend=onnx
21:08:33  INFO     [RAMS] Tier switch: NANO → MEDIUM  (R=0.136)
21:08:35  INFO     [RAMS] Tier switch: MEDIUM → SMALL  (R=0.343)
21:08:37  INFO     [RAMS] Tier switch: SMALL → MEDIUM  (R=0.303)
21:08:38  INFO       [safety2 / burst] 140/200  tier=MEDIUM  latency=722.1 ms  R=0.315  target=0.00  dets=10  vru=True  backend=onnx
21:08:39  INFO     [RAMS] Tier switch: MEDIUM → SMALL  (R=0.361)
21:08:41  INFO     [RAMS] Tier switch: SMALL → MEDIUM  (R=0.305)
21:08:43  INFO     [RAMS] Tier switch: MEDIUM → SMALL  (R=0.337)
21:08:43  INFO       [safety2 / burst] 160/200  tier=SMALL   latency=130.1 ms  R=0.319  target=0.00  dets=14  vru=False  backend=onnx
21:08:44  INFO     [RAMS] Tier switch: SMALL → MEDIUM  (R=0.298)
21:08:46  INFO     [RAMS] Tier switch: MEDIUM → SMALL  (R=0.479)
21:08:47  INFO     [RAMS] Tier switch: SMALL → MEDIUM  (R=0.382)
21:08:50  INFO     [RAMS] Tier switch: MEDIUM → SMALL  (R=0.377)
21:08:50  INFO       [safety2 / burst] 180/200  tier=SMALL   latency=131.7 ms  R=0.377  target=0.00  dets=15  vru=True  backend=onnx
21:08:50  INFO     [RAMS] Tier switch: SMALL → MEDIUM  (R=0.394)
21:08:54  INFO     [RAMS] Tier switch: MEDIUM → SMALL  (R=0.317)
21:08:55  INFO     [RAMS] Tier switch: SMALL → MEDIUM  (R=0.286)
21:08:57  INFO     [RAMS] Tier switch: MEDIUM → SMALL  (R=0.320)
21:08:58  INFO       [safety2 / burst] 200/200  tier=SMALL   latency=130.3 ms  R=0.288  target=0.00  dets=2  vru=False  backend=onnx
21:08:58  INFO     [RAMS] Controller stopped.
21:08:58  INFO     
--- Block 10/10  Policy: safety  Load: burst (100%) ---
21:08:58  INFO     [RAMS] Starting resource monitor ...
21:08:58  INFO     [RAMS] Loading model tiers ...
21:08:58  INFO     [RAMS] YOLOv8-nano ready — ONNX (imgsz=320).
21:08:58  INFO     [RAMS] YOLOv8-small ready — ONNX (imgsz=416).
21:08:59  INFO     [RAMS] YOLOv8-medium ready — ONNX (imgsz=640).
21:08:59  INFO     [RAMS] Controller ready. Policy: safety
21:09:01  INFO     [RAMS] Tier switch: SMALL → NANO  (R=0.760)
21:09:01  INFO     [RAMS] Tier switch: NANO → SMALL  (R=0.755)
21:09:02  INFO     [RAMS] Tier switch: SMALL → NANO  (R=0.755)
21:09:02  INFO       [safety / burst] 20/200  tier=NANO    latency=72.7 ms  R=0.748  target=0.85  dets=4  vru=False  backend=onnx
21:09:02  INFO     [RAMS] Tier switch: NANO → MEDIUM  (R=0.250)
21:09:05  INFO     [RAMS] Tier switch: MEDIUM → SMALL  (R=0.303)
21:09:07  INFO       [safety / burst] 40/200  tier=SMALL   latency=130.1 ms  R=0.284  target=0.00  dets=3  vru=False  backend=onnx
21:09:10  INFO       [safety / burst] 60/200  tier=SMALL   latency=130.6 ms  R=0.397  target=0.00  dets=0  vru=False  backend=onnx
21:09:12  INFO       [safety / burst] 80/200  tier=SMALL   latency=130.7 ms  R=0.351  target=0.00  dets=4  vru=True  backend=onnx
21:09:15  INFO       [safety / burst] 100/200  tier=SMALL   latency=130.3 ms  R=0.292  target=0.00  dets=7  vru=False  backend=onnx
21:09:16  INFO     [RAMS] Tier switch: SMALL → NANO  (R=0.749)
21:09:16  INFO     [RAMS] Tier switch: NANO → SMALL  (R=0.749)
21:09:17  INFO     [RAMS] Tier switch: SMALL → NANO  (R=0.737)
21:09:17  INFO     [RAMS] Tier switch: NANO → SMALL  (R=0.749)
21:09:18  INFO     [RAMS] Tier switch: SMALL → NANO  (R=0.760)
21:09:18  INFO     [RAMS] Tier switch: NANO → SMALL  (R=0.749)
21:09:19  INFO       [safety / burst] 120/200  tier=SMALL   latency=179.7 ms  R=0.755  target=0.85  dets=7  vru=False  backend=onnx
21:09:22  INFO       [safety / burst] 140/200  tier=SMALL   latency=129.6 ms  R=0.292  target=0.00  dets=9  vru=False  backend=onnx
21:09:25  INFO       [safety / burst] 160/200  tier=SMALL   latency=130.0 ms  R=0.288  target=0.00  dets=14  vru=False  backend=onnx
21:09:27  INFO       [safety / burst] 180/200  tier=SMALL   latency=129.9 ms  R=0.290  target=0.00  dets=15  vru=True  backend=onnx
21:09:30  INFO       [safety / burst] 200/200  tier=SMALL   latency=129.9 ms  R=0.388  target=0.00  dets=2  vru=False  backend=onnx
21:09:30  INFO     [RAMS] Controller stopped.
21:09:31  INFO     
--- Block 10/10  Policy: predictive  Load: burst (100%) ---
21:09:31  INFO     [RAMS] Starting resource monitor ...
21:09:31  INFO     [RAMS] Loading model tiers ...
21:09:31  INFO     [RAMS] YOLOv8-nano ready — ONNX (imgsz=320).
21:09:31  INFO     [RAMS] YOLOv8-small ready — ONNX (imgsz=416).
21:09:32  INFO     [RAMS] YOLOv8-medium ready — ONNX (imgsz=640).
21:09:32  INFO     [RAMS] Controller ready. Policy: predictive
21:09:32  INFO     [RAMS] Tier switch: SMALL → NANO  (R=0.761)
21:09:34  INFO       [predictive / burst] 20/200  tier=NANO    latency=58.7 ms  R=0.750  target=0.85  dets=4  vru=False  backend=onnx
21:09:34  INFO     [RAMS] Tier switch: NANO → SMALL  (R=0.271)
21:09:37  INFO       [predictive / burst] 40/200  tier=SMALL   latency=128.5 ms  R=0.290  target=0.00  dets=3  vru=False  backend=onnx
21:09:40  INFO       [predictive / burst] 60/200  tier=SMALL   latency=128.4 ms  R=0.309  target=0.00  dets=0  vru=False  backend=onnx
21:09:42  INFO       [predictive / burst] 80/200  tier=SMALL   latency=128.2 ms  R=0.292  target=0.00  dets=4  vru=True  backend=onnx
21:09:45  INFO       [predictive / burst] 100/200  tier=SMALL   latency=129.2 ms  R=0.288  target=0.00  dets=7  vru=False  backend=onnx
21:09:46  INFO     [RAMS] Tier switch: SMALL → NANO  (R=0.755)
21:09:47  INFO       [predictive / burst] 120/200  tier=NANO    latency=34.9 ms  R=0.755  target=0.85  dets=5  vru=False  backend=onnx
21:09:47  INFO     [RAMS] Tier switch: NANO → SMALL  (R=0.060)
21:09:50  INFO       [predictive / burst] 140/200  tier=SMALL   latency=129.9 ms  R=0.384  target=0.00  dets=9  vru=False  backend=onnx
21:09:53  INFO       [predictive / burst] 160/200  tier=SMALL   latency=130.7 ms  R=0.373  target=0.00  dets=14  vru=False  backend=onnx
21:09:56  INFO       [predictive / burst] 180/200  tier=SMALL   latency=130.8 ms  R=0.373  target=0.00  dets=15  vru=True  backend=onnx
21:09:59  INFO       [predictive / burst] 200/200  tier=SMALL   latency=129.3 ms  R=0.292  target=0.00  dets=2  vru=False  backend=onnx
21:09:59  INFO     [RAMS] Controller stopped.
21:10:00  INFO     Results -> /home/soren/rams_sep2026/corrected-20260908/results/full-20260908-v1/onnx/runtime4_burst/rams_20260908_200326_118f3ccde03f.csv
21:10:01  INFO     Summary -> /home/soren/rams_sep2026/corrected-20260908/results/full-20260908-v1/onnx/runtime4_burst/rams_20260908_200326_118f3ccde03f.json
21:10:01  INFO     Replay manifest -> /home/soren/rams_sep2026/corrected-20260908/results/full-20260908-v1/onnx/runtime4_burst/rams_20260908_200326_118f3ccde03f_manifest.json

================================================================================
Policy         Profile        N   Mean ms    P95 ms    VRU%  Tiers
--------------------------------------------------------------------------------
adaptive       burst       2000     117.9     131.5   24.2%  NANO:380, SMALL:1620
fixed_medium   burst       2000     812.7    1362.0   33.3%  MEDIUM:2000
fixed_nano     burst       2000      37.8      73.3   16.1%  NANO:2000
fixed_small    burst       2000     154.4     334.9   25.9%  SMALL:2000
predictive     burst       2000     117.5     131.7   24.2%  NANO:380, SMALL:1620
safety         burst       2000     141.2     239.3   25.5%  MEDIUM:24, NANO:162, SMALL:1814
safety2        burst       2000     297.3     731.4   27.0%  MEDIUM:497, NANO:213, SMALL:1290
threshold      burst       2000     134.4     136.9   24.4%  MEDIUM:57, NANO:402, SMALL:1541
================================================================================

Backends used: {'onnx'}
