image,tier,backend,execution_providers,simulated,tp,fp,fn,vru_in_gt,vru_in_pred,n_preds,n_gt,gpu_util_pct,gpu_mem_frac,gpu_temp,gpu_clock_mhz,accelerator_source
005981.png,NANO,onnx_cuda,"['CUDAExecutionProvider', 'CPUExecutionProvider']",False,0,0,0,False,False,13,9,1.0,0.06908702850341797,50.0,1485.0,nvml
005982.png,NANO,onnx_cuda,"['CUDAExecutionProvider', 'CPUExecutionProvider']",False,0,0,2,True,False,22,11,1.0,0.06908702850341797,50.0,1485.0,nvml
005983.png,NANO,onnx_cuda,"['CUDAExecutionProvider', 'CPUExecutionProvider']",False,0,0,0,False,False,32,16,5.0,0.06908702850341797,50.0,1485.0,nvml
005984.png,NANO,onnx_cuda,"['CUDAExecutionProvider', 'CPUExecutionProvider']",False,0,10,1,True,True,11,12,5.0,0.06908702850341797,50.0,1485.0,nvml
005985.png,NANO,onnx_cuda,"['CUDAExecutionProvider', 'CPUExecutionProvider']",False,0,5,4,True,True,5,12,5.0,0.06908702850341797,50.0,1485.0,nvml
005986.png,NANO,onnx_cuda,"['CUDAExecutionProvider', 'CPUExecutionProvider']",False,0,0,0,False,False,21,7,5.0,0.06908702850341797,50.0,1485.0,nvml
005987.png,NANO,onnx_cuda,"['CUDAExecutionProvider', 'CPUExecutionProvider']",False,0,0,0,False,False,6,6,5.0,0.06908702850341797,50.0,1485.0,nvml
005988.png,NANO,onnx_cuda,"['CUDAExecutionProvider', 'CPUExecutionProvider']",False,4,9,12,True,True,23,19,5.0,0.06908702850341797,50.0,1485.0,nvml
005989.png,NANO,onnx_cuda,"['CUDAExecutionProvider', 'CPUExecutionProvider']",False,0,0,0,False,False,0,4,5.0,0.06908702850341797,50.0,1485.0,nvml
005990.png,NANO,onnx_cuda,"['CUDAExecutionProvider', 'CPUExecutionProvider']",False,0,0,0,False,False,9,2,5.0,0.06908702850341797,50.0,1485.0,nvml
005991.png,NANO,onnx_cuda,"['CUDAExecutionProvider', 'CPUExecutionProvider']",False,0,0,1,True,False,0,8,5.0,0.06908702850341797,50.0,1485.0,nvml
005992.png,NANO,onnx_cuda,"['CUDAExecutionProvider', 'CPUExecutionProvider']",False,0,0,0,False,False,13,5,5.0,0.06908702850341797,50.0,1485.0,nvml
005993.png,NANO,onnx_cuda,"['CUDAExecutionProvider', 'CPUExecutionProvider']",False,0,0,0,False,False,0,1,5.0,0.06908702850341797,50.0,1485.0,nvml
005994.png,NANO,onnx_cuda,"['CUDAExecutionProvider', 'CPUExecutionProvider']",False,2,11,1,True,True,13,5,5.0,0.06908702850341797,50.0,1485.0,nvml
005995.png,NANO,onnx_cuda,"['CUDAExecutionProvider', 'CPUExecutionProvider']",False,0,0,0,False,False,0,2,16.0,0.06908702850341797,50.0,1485.0,nvml
005996.png,NANO,onnx_cuda,"['CUDAExecutionProvider', 'CPUExecutionProvider']",False,0,0,0,False,False,42,12,16.0,0.06908702850341797,50.0,1485.0,nvml
005997.png,NANO,onnx_cuda,"['CUDAExecutionProvider', 'CPUExecutionProvider']",False,0,0,2,True,False,0,7,16.0,0.06908702850341797,50.0,1485.0,nvml
005998.png,NANO,onnx_cuda,"['CUDAExecutionProvider', 'CPUExecutionProvider']",False,0,0,0,False,False,18,5,16.0,0.06908702850341797,50.0,1485.0,nvml
005999.png,NANO,onnx_cuda,"['CUDAExecutionProvider', 'CPUExecutionProvider']",False,0,0,0,False,False,21,8,16.0,0.06908702850341797,50.0,1485.0,nvml
006000.png,NANO,onnx_cuda,"['CUDAExecutionProvider', 'CPUExecutionProvider']",False,0,0,0,False,False,2,5,16.0,0.06908702850341797,50.0,1485.0,nvml
006001.png,NANO,onnx_cuda,"['CUDAExecutionProvider', 'CPUExecutionProvider']",False,0,0,0,False,False,0,4,16.0,0.06908702850341797,50.0,1485.0,nvml
006002.png,NANO,onnx_cuda,"['CUDAExecutionProvider', 'CPUExecutionProvider']",False,0,0,0,False,False,0,6,16.0,0.06908702850341797,50.0,1485.0,nvml
006003.png,NANO,onnx_cuda,"['CUDAExecutionProvider', 'CPUExecutionProvider']",False,0,0,0,False,False,23,14,16.0,0.06908702850341797,50.0,1485.0,nvml
006004.png,NANO,onnx_cuda,"['CUDAExecutionProvider', 'CPUExecutionProvider']",False,0,0,0,False,False,12,6,16.0,0.06908702850341797,50.0,1485.0,nvml
006005.png,NANO,onnx_cuda,"['CUDAExecutionProvider', 'CPUExecutionProvider']",False,0,0,0,False,False,23,11,16.0,0.06908702850341797,50.0,1485.0,nvml
006006.png,NANO,onnx_cuda,"['CUDAExecutionProvider', 'CPUExecutionProvider']",False,1,2,9,True,True,3,13,16.0,0.06908702850341797,50.0,1485.0,nvml
006007.png,NANO,onnx_cuda,"['CUDAExecutionProvider', 'CPUExecutionProvider']",False,0,0,0,False,False,17,15,17.0,0.06908702850341797,50.0,1485.0,nvml
006008.png,NANO,onnx_cuda,"['CUDAExecutionProvider', 'CPUExecutionProvider']",False,0,0,0,False,False,5,8,17.0,0.06908702850341797,51.0,1485.0,nvml
006009.png,NANO,onnx_cuda,"['CUDAExecutionProvider', 'CPUExecutionProvider']",False,0,0,0,False,False,18,5,17.0,0.06908702850341797,51.0,1485.0,nvml
006010.png,NANO,onnx_cuda,"['CUDAExecutionProvider', 'CPUExecutionProvider']",False,1,3,0,True,True,4,4,17.0,0.06908702850341797,51.0,1485.0,nvml
006011.png,NANO,onnx_cuda,"['CUDAExecutionProvider', 'CPUExecutionProvider']",False,0,0,3,True,False,50,12,17.0,0.06908702850341797,51.0,1485.0,nvml
006012.png,NANO,onnx_cuda,"['CUDAExecutionProvider', 'CPUExecutionProvider']",False,0,0,0,False,False,0,5,17.0,0.06908702850341797,51.0,1485.0,nvml
006013.png,NANO,onnx_cuda,"['CUDAExecutionProvider', 'CPUExecutionProvider']",False,0,0,0,False,False,23,5,17.0,0.06908702850341797,51.0,1485.0,nvml
006014.png,NANO,onnx_cuda,"['CUDAExecutionProvider', 'CPUExecutionProvider']",False,0,0,0,False,False,12,5,17.0,0.06908702850341797,51.0,1485.0,nvml
006015.png,NANO,onnx_cuda,"['CUDAExecutionProvider', 'CPUExecutionProvider']",False,0,0,0,False,False,9,5,17.0,0.06908702850341797,51.0,1485.0,nvml
006016.png,NANO,onnx_cuda,"['CUDAExecutionProvider', 'CPUExecutionProvider']",False,0,0,1,True,False,17,11,17.0,0.06908702850341797,51.0,1485.0,nvml
006017.png,NANO,onnx_cuda,"['CUDAExecutionProvider', 'CPUExecutionProvider']",False,0,0,0,False,False,0,2,17.0,0.06908702850341797,51.0,1485.0,nvml
006018.png,NANO,onnx_cuda,"['CUDAExecutionProvider', 'CPUExecutionProvider']",False,0,0,0,False,False,31,8,17.0,0.06908702850341797,51.0,1485.0,nvml
006019.png,NANO,onnx_cuda,"['CUDAExecutionProvider', 'CPUExecutionProvider']",False,0,0,1,True,False,4,3,17.0,0.06908702850341797,51.0,1485.0,nvml
006020.png,NANO,onnx_cuda,"['CUDAExecutionProvider', 'CPUExecutionProvider']",False,0,0,0,False,False,6,5,18.0,0.06908702850341797,51.0,1485.0,nvml
006021.png,NANO,onnx_cuda,"['CUDAExecutionProvider', 'CPUExecutionProvider']",False,1,0,0,True,True,21,4,18.0,0.06908702850341797,51.0,1485.0,nvml
006022.png,NANO,onnx_cuda,"['CUDAExecutionProvider', 'CPUExecutionProvider']",False,0,0,0,False,False,13,3,18.0,0.06908702850341797,51.0,1485.0,nvml
006023.png,NANO,onnx_cuda,"['CUDAExecutionProvider', 'CPUExecutionProvider']",False,0,0,1,True,False,0,4,18.0,0.06908702850341797,51.0,1485.0,nvml
006024.png,NANO,onnx_cuda,"['CUDAExecutionProvider', 'CPUExecutionProvider']",False,1,5,2,True,True,15,6,18.0,0.06908702850341797,51.0,1485.0,nvml
006025.png,NANO,onnx_cuda,"['CUDAExecutionProvider', 'CPUExecutionProvider']",False,0,0,0,False,False,24,8,18.0,0.06908702850341797,51.0,1485.0,nvml
006026.png,NANO,onnx_cuda,"['CUDAExecutionProvider', 'CPUExecutionProvider']",False,0,0,2,True,False,20,10,18.0,0.06908702850341797,51.0,1485.0,nvml
006027.png,NANO,onnx_cuda,"['CUDAExecutionProvider', 'CPUExecutionProvider']",False,0,0,2,True,False,26,9,18.0,0.06908702850341797,51.0,1485.0,nvml
006028.png,NANO,onnx_cuda,"['CUDAExecutionProvider', 'CPUExecutionProvider']",False,0,0,0,False,False,0,2,18.0,0.06908702850341797,51.0,1485.0,nvml
006029.png,NANO,onnx_cuda,"['CUDAExecutionProvider', 'CPUExecutionProvider']",False,1,6,0,True,True,7,1,18.0,0.06908702850341797,51.0,1485.0,nvml
006030.png,NANO,onnx_cuda,"['CUDAExecutionProvider', 'CPUExecutionProvider']",False,0,0,0,False,False,0,5,18.0,0.06908702850341797,51.0,1485.0,nvml
006031.png,NANO,onnx_cuda,"['CUDAExecutionProvider', 'CPUExecutionProvider']",False,0,0,0,False,False,16,7,18.0,0.06908702850341797,51.0,1485.0,nvml
006032.png,NANO,onnx_cuda,"['CUDAExecutionProvider', 'CPUExecutionProvider']",False,0,0,0,False,False,20,3,18.0,0.06908702850341797,51.0,1485.0,nvml
006033.png,NANO,onnx_cuda,"['CUDAExecutionProvider', 'CPUExecutionProvider']",False,0,0,0,False,False,13,11,18.0,0.06908702850341797,51.0,1485.0,nvml
006034.png,NANO,onnx_cuda,"['CUDAExecutionProvider', 'CPUExecutionProvider']",False,0,0,1,True,False,42,18,18.0,0.06908702850341797,51.0,1485.0,nvml
006035.png,NANO,onnx_cuda,"['CUDAExecutionProvider', 'CPUExecutionProvider']",False,1,7,0,True,True,8,1,18.0,0.06908702850341797,51.0,1485.0,nvml
006036.png,NANO,onnx_cuda,"['CUDAExecutionProvider', 'CPUExecutionProvider']",False,0,0,0,False,False,2,6,18.0,0.06908702850341797,51.0,1485.0,nvml
006037.png,NANO,onnx_cuda,"['CUDAExecutionProvider', 'CPUExecutionProvider']",False,0,0,0,False,False,2,6,18.0,0.06908702850341797,51.0,1485.0,nvml
006038.png,NANO,onnx_cuda,"['CUDAExecutionProvider', 'CPUExecutionProvider']",False,0,0,0,False,False,0,6,18.0,0.06908702850341797,51.0,1485.0,nvml
006039.png,NANO,onnx_cuda,"['CUDAExecutionProvider', 'CPUExecutionProvider']",False,0,0,1,True,False,23,9,18.0,0.06908702850341797,51.0,1485.0,nvml
006040.png,NANO,onnx_cuda,"['CUDAExecutionProvider', 'CPUExecutionProvider']",False,0,0,0,False,False,11,6,18.0,0.06908702850341797,51.0,1485.0,nvml
006041.png,NANO,onnx_cuda,"['CUDAExecutionProvider', 'CPUExecutionProvider']",False,0,0,0,False,False,7,7,18.0,0.06908702850341797,51.0,1485.0,nvml
006042.png,NANO,onnx_cuda,"['CUDAExecutionProvider', 'CPUExecutionProvider']",False,0,0,0,False,False,6,5,18.0,0.06908702850341797,51.0,1485.0,nvml
006043.png,NANO,onnx_cuda,"['CUDAExecutionProvider', 'CPUExecutionProvider']",False,0,0,0,False,False,1,3,18.0,0.06908702850341797,51.0,1485.0,nvml
006044.png,NANO,onnx_cuda,"['CUDAExecutionProvider', 'CPUExecutionProvider']",False,0,0,0,False,False,13,5,18.0,0.06908702850341797,51.0,1485.0,nvml
006045.png,NANO,onnx_cuda,"['CUDAExecutionProvider', 'CPUExecutionProvider']",False,0,0,0,False,False,9,8,18.0,0.06908702850341797,51.0,1485.0,nvml
006046.png,NANO,onnx_cuda,"['CUDAExecutionProvider', 'CPUExecutionProvider']",False,0,0,0,False,False,0,12,18.0,0.06908702850341797,51.0,1485.0,nvml
006047.png,NANO,onnx_cuda,"['CUDAExecutionProvider', 'CPUExecutionProvider']",False,0,0,0,False,False,20,11,18.0,0.06908702850341797,51.0,1485.0,nvml
006048.png,NANO,onnx_cuda,"['CUDAExecutionProvider', 'CPUExecutionProvider']",False,0,0,0,False,False,9,8,18.0,0.06908702850341797,51.0,1485.0,nvml
006049.png,NANO,onnx_cuda,"['CUDAExecutionProvider', 'CPUExecutionProvider']",False,0,0,0,False,False,1,6,18.0,0.06908702850341797,51.0,1485.0,nvml
006050.png,NANO,onnx_cuda,"['CUDAExecutionProvider', 'CPUExecutionProvider']",False,0,0,0,False,False,40,9,18.0,0.06908702850341797,51.0,1485.0,nvml
006051.png,NANO,onnx_cuda,"['CUDAExecutionProvider', 'CPUExecutionProvider']",False,0,5,2,True,True,11,7,18.0,0.06908702850341797,51.0,1485.0,nvml
006052.png,NANO,onnx_cuda,"['CUDAExecutionProvider', 'CPUExecutionProvider']",False,0,0,1,True,False,21,11,18.0,0.06908702850341797,51.0,1485.0,nvml
006053.png,NANO,onnx_cuda,"['CUDAExecutionProvider', 'CPUExecutionProvider']",False,1,5,0,True,True,6,1,18.0,0.06908702850341797,51.0,1485.0,nvml
006054.png,NANO,onnx_cuda,"['CUDAExecutionProvider', 'CPUExecutionProvider']",False,0,0,0,False,False,19,9,18.0,0.06908702850341797,51.0,1485.0,nvml
006055.png,NANO,onnx_cuda,"['CUDAExecutionProvider', 'CPUExecutionProvider']",False,0,0,0,False,False,32,13,18.0,0.06908702850341797,51.0,1485.0,nvml
006056.png,NANO,onnx_cuda,"['CUDAExecutionProvider', 'CPUExecutionProvider']",False,0,0,0,False,False,10,4,18.0,0.06908702850341797,51.0,1485.0,nvml
006057.png,NANO,onnx_cuda,"['CUDAExecutionProvider', 'CPUExecutionProvider']",False,0,0,0,False,False,10,2,18.0,0.06908702850341797,51.0,1485.0,nvml
006058.png,NANO,onnx_cuda,"['CUDAExecutionProvider', 'CPUExecutionProvider']",False,0,0,0,False,False,0,5,18.0,0.06908702850341797,51.0,1485.0,nvml
006059.png,NANO,onnx_cuda,"['CUDAExecutionProvider', 'CPUExecutionProvider']",False,0,0,0,False,False,2,6,18.0,0.06908702850341797,51.0,1485.0,nvml
006060.png,NANO,onnx_cuda,"['CUDAExecutionProvider', 'CPUExecutionProvider']",False,0,0,0,False,False,19,12,18.0,0.06908702850341797,51.0,1485.0,nvml
006061.png,NANO,onnx_cuda,"['CUDAExecutionProvider', 'CPUExecutionProvider']",False,0,0,0,False,False,0,2,18.0,0.06908702850341797,51.0,1485.0,nvml
006062.png,NANO,onnx_cuda,"['CUDAExecutionProvider', 'CPUExecutionProvider']",False,0,0,1,True,False,16,4,18.0,0.06908702850341797,51.0,1485.0,nvml
006063.png,NANO,onnx_cuda,"['CUDAExecutionProvider', 'CPUExecutionProvider']",False,0,0,0,False,False,8,10,18.0,0.06908702850341797,51.0,1485.0,nvml
006064.png,NANO,onnx_cuda,"['CUDAExecutionProvider', 'CPUExecutionProvider']",False,0,0,0,False,False,31,16,18.0,0.06908702850341797,51.0,1485.0,nvml
006065.png,NANO,onnx_cuda,"['CUDAExecutionProvider', 'CPUExecutionProvider']",False,0,9,2,True,True,9,7,18.0,0.06908702850341797,51.0,1485.0,nvml
006066.png,NANO,onnx_cuda,"['CUDAExecutionProvider', 'CPUExecutionProvider']",False,0,0,0,False,False,16,10,18.0,0.06908702850341797,51.0,1485.0,nvml
006067.png,NANO,onnx_cuda,"['CUDAExecutionProvider', 'CPUExecutionProvider']",False,0,0,1,True,False,0,7,18.0,0.06908702850341797,51.0,1485.0,nvml
006068.png,NANO,onnx_cuda,"['CUDAExecutionProvider', 'CPUExecutionProvider']",False,1,9,0,True,True,29,6,18.0,0.06908702850341797,51.0,1485.0,nvml
006069.png,NANO,onnx_cuda,"['CUDAExecutionProvider', 'CPUExecutionProvider']",False,0,1,0,False,True,2,7,18.0,0.06908702850341797,51.0,1485.0,nvml
006070.png,NANO,onnx_cuda,"['CUDAExecutionProvider', 'CPUExecutionProvider']",False,3,7,4,True,True,10,11,18.0,0.06908702850341797,51.0,1485.0,nvml
006071.png,NANO,onnx_cuda,"['CUDAExecutionProvider', 'CPUExecutionProvider']",False,2,2,2,True,True,4,6,18.0,0.06908702850341797,51.0,1485.0,nvml
006072.png,NANO,onnx_cuda,"['CUDAExecutionProvider', 'CPUExecutionProvider']",False,0,0,0,False,False,0,6,18.0,0.06908702850341797,51.0,1485.0,nvml
006073.png,NANO,onnx_cuda,"['CUDAExecutionProvider', 'CPUExecutionProvider']",False,0,0,0,False,False,17,9,18.0,0.06908702850341797,51.0,1485.0,nvml
006074.png,NANO,onnx_cuda,"['CUDAExecutionProvider', 'CPUExecutionProvider']",False,0,0,0,False,False,0,6,18.0,0.06908702850341797,51.0,1485.0,nvml
006075.png,NANO,onnx_cuda,"['CUDAExecutionProvider', 'CPUExecutionProvider']",False,0,0,3,True,False,0,5,18.0,0.06908702850341797,51.0,1485.0,nvml
006076.png,NANO,onnx_cuda,"['CUDAExecutionProvider', 'CPUExecutionProvider']",False,1,1,0,True,True,2,2,18.0,0.06908702850341797,51.0,1485.0,nvml
006077.png,NANO,onnx_cuda,"['CUDAExecutionProvider', 'CPUExecutionProvider']",False,0,0,0,False,False,24,12,18.0,0.06908702850341797,51.0,1485.0,nvml
006078.png,NANO,onnx_cuda,"['CUDAExecutionProvider', 'CPUExecutionProvider']",False,0,0,0,False,False,29,14,18.0,0.06908702850341797,51.0,1485.0,nvml
006079.png,NANO,onnx_cuda,"['CUDAExecutionProvider', 'CPUExecutionProvider']",False,0,0,0,False,False,0,6,18.0,0.06908702850341797,51.0,1485.0,nvml
006080.png,NANO,onnx_cuda,"['CUDAExecutionProvider', 'CPUExecutionProvider']",False,0,0,0,False,False,5,5,18.0,0.06908702850341797,51.0,1485.0,nvml
006081.png,NANO,onnx_cuda,"['CUDAExecutionProvider', 'CPUExecutionProvider']",False,0,0,0,False,False,16,7,18.0,0.06908702850341797,51.0,1485.0,nvml
006082.png,NANO,onnx_cuda,"['CUDAExecutionProvider', 'CPUExecutionProvider']",False,0,0,4,True,False,45,11,18.0,0.06908702850341797,51.0,1485.0,nvml
006083.png,NANO,onnx_cuda,"['CUDAExecutionProvider', 'CPUExecutionProvider']",False,2,4,2,True,True,6,6,18.0,0.06908702850341797,51.0,1485.0,nvml
006084.png,NANO,onnx_cuda,"['CUDAExecutionProvider', 'CPUExecutionProvider']",False,0,0,0,False,False,16,15,18.0,0.06908702850341797,51.0,1485.0,nvml
006085.png,NANO,onnx_cuda,"['CUDAExecutionProvider', 'CPUExecutionProvider']",False,0,0,0,False,False,20,2,18.0,0.06908702850341797,51.0,1485.0,nvml
006086.png,NANO,onnx_cuda,"['CUDAExecutionProvider', 'CPUExecutionProvider']",False,0,0,0,False,False,14,2,18.0,0.06908702850341797,51.0,1485.0,nvml
006087.png,NANO,onnx_cuda,"['CUDAExecutionProvider', 'CPUExecutionProvider']",False,0,0,3,True,False,0,6,18.0,0.06908702850341797,51.0,1485.0,nvml
006088.png,NANO,onnx_cuda,"['CUDAExecutionProvider', 'CPUExecutionProvider']",False,3,28,4,True,True,31,10,18.0,0.06908702850341797,51.0,1485.0,nvml
006089.png,NANO,onnx_cuda,"['CUDAExecutionProvider', 'CPUExecutionProvider']",False,1,9,0,True,True,10,1,18.0,0.06908702850341797,51.0,1485.0,nvml
006090.png,NANO,onnx_cuda,"['CUDAExecutionProvider', 'CPUExecutionProvider']",False,0,0,0,False,False,22,9,18.0,0.06908702850341797,51.0,1485.0,nvml
006091.png,NANO,onnx_cuda,"['CUDAExecutionProvider', 'CPUExecutionProvider']",False,0,0,0,False,False,0,3,18.0,0.06908702850341797,51.0,1485.0,nvml
006092.png,NANO,onnx_cuda,"['CUDAExecutionProvider', 'CPUExecutionProvider']",False,0,0,1,True,False,0,8,18.0,0.06908702850341797,51.0,1485.0,nvml
006093.png,NANO,onnx_cuda,"['CUDAExecutionProvider', 'CPUExecutionProvider']",False,1,3,0,True,True,4,5,18.0,0.06908702850341797,51.0,1485.0,nvml
006094.png,NANO,onnx_cuda,"['CUDAExecutionProvider', 'CPUExecutionProvider']",False,0,0,2,True,False,0,3,18.0,0.06908702850341797,51.0,1485.0,nvml
006095.png,NANO,onnx_cuda,"['CUDAExecutionProvider', 'CPUExecutionProvider']",False,0,0,1,True,False,10,5,18.0,0.06908702850341797,51.0,1485.0,nvml
006096.png,NANO,onnx_cuda,"['CUDAExecutionProvider', 'CPUExecutionProvider']",False,0,0,0,False,False,0,4,18.0,0.06908702850341797,51.0,1485.0,nvml
006097.png,NANO,onnx_cuda,"['CUDAExecutionProvider', 'CPUExecutionProvider']",False,0,0,0,False,False,24,10,18.0,0.06908702850341797,51.0,1485.0,nvml
006098.png,NANO,onnx_cuda,"['CUDAExecutionProvider', 'CPUExecutionProvider']",False,0,0,0,False,False,1,6,18.0,0.06908702850341797,51.0,1485.0,nvml
006099.png,NANO,onnx_cuda,"['CUDAExecutionProvider', 'CPUExecutionProvider']",False,0,0,0,False,False,0,3,18.0,0.06908702850341797,51.0,1485.0,nvml
006100.png,NANO,onnx_cuda,"['CUDAExecutionProvider', 'CPUExecutionProvider']",False,0,0,1,True,False,0,5,18.0,0.06908702850341797,51.0,1485.0,nvml
006101.png,NANO,onnx_cuda,"['CUDAExecutionProvider', 'CPUExecutionProvider']",False,0,0,0,False,False,0,2,18.0,0.06908702850341797,51.0,1485.0,nvml
006102.png,NANO,onnx_cuda,"['CUDAExecutionProvider', 'CPUExecutionProvider']",False,1,4,0,True,True,15,6,18.0,0.06908702850341797,51.0,1485.0,nvml
006103.png,NANO,onnx_cuda,"['CUDAExecutionProvider', 'CPUExecutionProvider']",False,0,0,0,False,False,3,7,18.0,0.06908702850341797,51.0,1485.0,nvml
006104.png,NANO,onnx_cuda,"['CUDAExecutionProvider', 'CPUExecutionProvider']",False,0,0,0,False,False,0,1,18.0,0.06908702850341797,51.0,1485.0,nvml
006105.png,NANO,onnx_cuda,"['CUDAExecutionProvider', 'CPUExecutionProvider']",False,0,0,0,False,False,0,2,18.0,0.06908702850341797,51.0,1485.0,nvml
006106.png,NANO,onnx_cuda,"['CUDAExecutionProvider', 'CPUExecutionProvider']",False,0,0,0,False,False,22,10,18.0,0.06908702850341797,51.0,1485.0,nvml
006107.png,NANO,onnx_cuda,"['CUDAExecutionProvider', 'CPUExecutionProvider']",False,0,0,0,False,False,4,2,18.0,0.06908702850341797,51.0,1485.0,nvml
006108.png,NANO,onnx_cuda,"['CUDAExecutionProvider', 'CPUExecutionProvider']",False,0,0,0,False,False,8,8,18.0,0.06908702850341797,51.0,1485.0,nvml
006109.png,NANO,onnx_cuda,"['CUDAExecutionProvider', 'CPUExecutionProvider']",False,0,0,1,True,False,0,9,18.0,0.06908702850341797,51.0,1485.0,nvml
006110.png,NANO,onnx_cuda,"['CUDAExecutionProvider', 'CPUExecutionProvider']",False,0,0,0,False,False,37,10,18.0,0.06908702850341797,51.0,1485.0,nvml
006111.png,NANO,onnx_cuda,"['CUDAExecutionProvider', 'CPUExecutionProvider']",False,0,0,0,False,False,0,6,18.0,0.06908702850341797,51.0,1485.0,nvml
006112.png,NANO,onnx_cuda,"['CUDAExecutionProvider', 'CPUExecutionProvider']",False,0,0,0,False,False,0,7,18.0,0.06908702850341797,51.0,1485.0,nvml
006113.png,NANO,onnx_cuda,"['CUDAExecutionProvider', 'CPUExecutionProvider']",False,0,0,0,False,False,20,9,18.0,0.06908702850341797,51.0,1485.0,nvml
006114.png,NANO,onnx_cuda,"['CUDAExecutionProvider', 'CPUExecutionProvider']",False,0,0,0,False,False,8,7,18.0,0.06908702850341797,51.0,1485.0,nvml
006115.png,NANO,onnx_cuda,"['CUDAExecutionProvider', 'CPUExecutionProvider']",False,0,0,0,False,False,12,4,18.0,0.06908702850341797,51.0,1485.0,nvml
006116.png,NANO,onnx_cuda,"['CUDAExecutionProvider', 'CPUExecutionProvider']",False,0,0,0,False,False,0,9,18.0,0.06908702850341797,51.0,1485.0,nvml
006117.png,NANO,onnx_cuda,"['CUDAExecutionProvider', 'CPUExecutionProvider']",False,0,0,0,False,False,47,9,18.0,0.06908702850341797,51.0,1485.0,nvml
006118.png,NANO,onnx_cuda,"['CUDAExecutionProvider', 'CPUExecutionProvider']",False,0,0,2,True,False,0,8,18.0,0.06908702850341797,51.0,1485.0,nvml
006119.png,NANO,onnx_cuda,"['CUDAExecutionProvider', 'CPUExecutionProvider']",False,0,0,0,False,False,11,5,18.0,0.06908702850341797,51.0,1485.0,nvml
006120.png,NANO,onnx_cuda,"['CUDAExecutionProvider', 'CPUExecutionProvider']",False,0,0,0,False,False,8,2,18.0,0.06908702850341797,51.0,1485.0,nvml
006121.png,NANO,onnx_cuda,"['CUDAExecutionProvider', 'CPUExecutionProvider']",False,7,18,8,True,True,35,19,18.0,0.06908702850341797,51.0,1485.0,nvml
006122.png,NANO,onnx_cuda,"['CUDAExecutionProvider', 'CPUExecutionProvider']",False,2,4,4,True,True,6,9,18.0,0.06908702850341797,51.0,1485.0,nvml
006123.png,NANO,onnx_cuda,"['CUDAExecutionProvider', 'CPUExecutionProvider']",False,0,0,1,True,False,5,7,18.0,0.06908702850341797,51.0,1485.0,nvml
006124.png,NANO,onnx_cuda,"['CUDAExecutionProvider', 'CPUExecutionProvider']",False,0,0,0,False,False,5,3,18.0,0.06908702850341797,51.0,1485.0,nvml
006125.png,NANO,onnx_cuda,"['CUDAExecutionProvider', 'CPUExecutionProvider']",False,0,0,0,False,False,5,5,18.0,0.06908702850341797,51.0,1485.0,nvml
006126.png,NANO,onnx_cuda,"['CUDAExecutionProvider', 'CPUExecutionProvider']",False,0,0,0,False,False,24,6,18.0,0.06908702850341797,51.0,1485.0,nvml
006127.png,NANO,onnx_cuda,"['CUDAExecutionProvider', 'CPUExecutionProvider']",False,0,0,0,False,False,31,15,18.0,0.06908702850341797,51.0,1485.0,nvml
006128.png,NANO,onnx_cuda,"['CUDAExecutionProvider', 'CPUExecutionProvider']",False,0,0,0,False,False,0,3,18.0,0.06908702850341797,51.0,1485.0,nvml
006129.png,NANO,onnx_cuda,"['CUDAExecutionProvider', 'CPUExecutionProvider']",False,0,0,0,False,False,11,9,18.0,0.06908702850341797,51.0,1485.0,nvml
006130.png,NANO,onnx_cuda,"['CUDAExecutionProvider', 'CPUExecutionProvider']",False,2,15,6,True,True,17,11,18.0,0.06908702850341797,51.0,1485.0,nvml
006131.png,NANO,onnx_cuda,"['CUDAExecutionProvider', 'CPUExecutionProvider']",False,0,0,0,False,False,0,4,18.0,0.06908702850341797,51.0,1485.0,nvml
006132.png,NANO,onnx_cuda,"['CUDAExecutionProvider', 'CPUExecutionProvider']",False,0,0,0,False,False,0,5,18.0,0.06908702850341797,51.0,1485.0,nvml
006133.png,NANO,onnx_cuda,"['CUDAExecutionProvider', 'CPUExecutionProvider']",False,0,4,0,False,True,4,5,18.0,0.06908702850341797,51.0,1485.0,nvml
006134.png,NANO,onnx_cuda,"['CUDAExecutionProvider', 'CPUExecutionProvider']",False,0,0,0,False,False,2,6,18.0,0.06908702850341797,51.0,1485.0,nvml
006135.png,NANO,onnx_cuda,"['CUDAExecutionProvider', 'CPUExecutionProvider']",False,0,0,0,False,False,4,7,18.0,0.06908702850341797,51.0,1485.0,nvml
006136.png,NANO,onnx_cuda,"['CUDAExecutionProvider', 'CPUExecutionProvider']",False,0,0,0,False,False,11,8,18.0,0.06908702850341797,51.0,1485.0,nvml
006137.png,NANO,onnx_cuda,"['CUDAExecutionProvider', 'CPUExecutionProvider']",False,0,0,0,False,False,16,9,18.0,0.06908702850341797,51.0,1485.0,nvml
006138.png,NANO,onnx_cuda,"['CUDAExecutionProvider', 'CPUExecutionProvider']",False,0,0,0,False,False,16,6,18.0,0.06908702850341797,51.0,1485.0,nvml
006139.png,NANO,onnx_cuda,"['CUDAExecutionProvider', 'CPUExecutionProvider']",False,9,68,9,True,True,86,21,18.0,0.06908702850341797,51.0,1485.0,nvml
006140.png,NANO,onnx_cuda,"['CUDAExecutionProvider', 'CPUExecutionProvider']",False,0,0,0,False,False,0,3,18.0,0.06908702850341797,51.0,1485.0,nvml
006141.png,NANO,onnx_cuda,"['CUDAExecutionProvider', 'CPUExecutionProvider']",False,0,0,0,False,False,15,9,18.0,0.06908702850341797,51.0,1485.0,nvml
006142.png,NANO,onnx_cuda,"['CUDAExecutionProvider', 'CPUExecutionProvider']",False,0,1,0,False,True,3,2,18.0,0.06908702850341797,51.0,1485.0,nvml
006143.png,NANO,onnx_cuda,"['CUDAExecutionProvider', 'CPUExecutionProvider']",False,0,0,0,False,False,30,15,18.0,0.06908702850341797,51.0,1485.0,nvml
006144.png,NANO,onnx_cuda,"['CUDAExecutionProvider', 'CPUExecutionProvider']",False,0,0,0,False,False,7,5,18.0,0.06908702850341797,51.0,1485.0,nvml
006145.png,NANO,onnx_cuda,"['CUDAExecutionProvider', 'CPUExecutionProvider']",False,0,0,0,False,False,28,14,18.0,0.06908702850341797,51.0,1485.0,nvml
006146.png,NANO,onnx_cuda,"['CUDAExecutionProvider', 'CPUExecutionProvider']",False,0,0,0,False,False,23,6,18.0,0.06908702850341797,51.0,1485.0,nvml
006147.png,NANO,onnx_cuda,"['CUDAExecutionProvider', 'CPUExecutionProvider']",False,0,0,0,False,False,23,8,18.0,0.06908702850341797,51.0,1485.0,nvml
006148.png,NANO,onnx_cuda,"['CUDAExecutionProvider', 'CPUExecutionProvider']",False,0,0,3,True,False,0,8,18.0,0.06908702850341797,51.0,1485.0,nvml
006149.png,NANO,onnx_cuda,"['CUDAExecutionProvider', 'CPUExecutionProvider']",False,0,0,0,False,False,2,9,17.0,0.06908702850341797,51.0,1485.0,nvml
006150.png,NANO,onnx_cuda,"['CUDAExecutionProvider', 'CPUExecutionProvider']",False,0,2,0,False,True,30,10,17.0,0.06908702850341797,51.0,1485.0,nvml
006151.png,NANO,onnx_cuda,"['CUDAExecutionProvider', 'CPUExecutionProvider']",False,1,7,0,True,True,8,1,17.0,0.06908702850341797,51.0,1485.0,nvml
006152.png,NANO,onnx_cuda,"['CUDAExecutionProvider', 'CPUExecutionProvider']",False,1,13,0,True,True,14,1,17.0,0.06908702850341797,51.0,1485.0,nvml
006153.png,NANO,onnx_cuda,"['CUDAExecutionProvider', 'CPUExecutionProvider']",False,0,0,0,False,False,2,9,17.0,0.06908702850341797,51.0,1485.0,nvml
006154.png,NANO,onnx_cuda,"['CUDAExecutionProvider', 'CPUExecutionProvider']",False,0,0,0,False,False,4,6,17.0,0.06908702850341797,51.0,1485.0,nvml
006155.png,NANO,onnx_cuda,"['CUDAExecutionProvider', 'CPUExecutionProvider']",False,0,0,0,False,False,22,8,17.0,0.06908702850341797,51.0,1485.0,nvml
006156.png,NANO,onnx_cuda,"['CUDAExecutionProvider', 'CPUExecutionProvider']",False,0,0,0,False,False,29,14,17.0,0.06908702850341797,51.0,1485.0,nvml
006157.png,NANO,onnx_cuda,"['CUDAExecutionProvider', 'CPUExecutionProvider']",False,0,0,0,False,False,24,17,17.0,0.06908702850341797,51.0,1485.0,nvml
006158.png,NANO,onnx_cuda,"['CUDAExecutionProvider', 'CPUExecutionProvider']",False,1,9,0,True,True,10,1,17.0,0.06908702850341797,51.0,1485.0,nvml
006159.png,NANO,onnx_cuda,"['CUDAExecutionProvider', 'CPUExecutionProvider']",False,0,0,1,True,False,10,6,17.0,0.06908702850341797,51.0,1485.0,nvml
006160.png,NANO,onnx_cuda,"['CUDAExecutionProvider', 'CPUExecutionProvider']",False,0,0,1,True,False,13,8,17.0,0.06908702850341797,51.0,1485.0,nvml
006161.png,NANO,onnx_cuda,"['CUDAExecutionProvider', 'CPUExecutionProvider']",False,0,0,0,False,False,38,10,17.0,0.06908702850341797,51.0,1485.0,nvml
006162.png,NANO,onnx_cuda,"['CUDAExecutionProvider', 'CPUExecutionProvider']",False,0,0,0,False,False,0,7,18.0,0.06908702850341797,51.0,1485.0,nvml
006163.png,NANO,onnx_cuda,"['CUDAExecutionProvider', 'CPUExecutionProvider']",False,0,0,1,True,False,36,20,18.0,0.06908702850341797,51.0,1485.0,nvml
006164.png,NANO,onnx_cuda,"['CUDAExecutionProvider', 'CPUExecutionProvider']",False,0,0,1,True,False,0,1,18.0,0.06908702850341797,51.0,1485.0,nvml
006165.png,NANO,onnx_cuda,"['CUDAExecutionProvider', 'CPUExecutionProvider']",False,0,0,0,False,False,5,6,18.0,0.06908702850341797,51.0,1485.0,nvml
006166.png,NANO,onnx_cuda,"['CUDAExecutionProvider', 'CPUExecutionProvider']",False,0,0,1,True,False,19,7,18.0,0.06908702850341797,51.0,1485.0,nvml
006167.png,NANO,onnx_cuda,"['CUDAExecutionProvider', 'CPUExecutionProvider']",False,0,0,0,False,False,4,6,18.0,0.06908702850341797,51.0,1485.0,nvml
006168.png,NANO,onnx_cuda,"['CUDAExecutionProvider', 'CPUExecutionProvider']",False,0,0,0,False,False,0,4,18.0,0.06908702850341797,51.0,1485.0,nvml
006169.png,NANO,onnx_cuda,"['CUDAExecutionProvider', 'CPUExecutionProvider']",False,0,0,1,True,False,16,9,18.0,0.06908702850341797,51.0,1485.0,nvml
006170.png,NANO,onnx_cuda,"['CUDAExecutionProvider', 'CPUExecutionProvider']",False,0,0,0,False,False,0,3,18.0,0.06908702850341797,51.0,1485.0,nvml
006171.png,NANO,onnx_cuda,"['CUDAExecutionProvider', 'CPUExecutionProvider']",False,0,0,0,False,False,0,2,18.0,0.06908702850341797,51.0,1485.0,nvml
006172.png,NANO,onnx_cuda,"['CUDAExecutionProvider', 'CPUExecutionProvider']",False,0,7,0,False,True,39,11,18.0,0.06908702850341797,51.0,1485.0,nvml
006173.png,NANO,onnx_cuda,"['CUDAExecutionProvider', 'CPUExecutionProvider']",False,0,0,0,False,False,0,8,18.0,0.06908702850341797,51.0,1485.0,nvml
006174.png,NANO,onnx_cuda,"['CUDAExecutionProvider', 'CPUExecutionProvider']",False,0,0,2,True,False,0,6,18.0,0.06908702850341797,51.0,1485.0,nvml
006175.png,NANO,onnx_cuda,"['CUDAExecutionProvider', 'CPUExecutionProvider']",False,0,0,0,False,False,9,8,18.0,0.06908702850341797,51.0,1485.0,nvml
006176.png,NANO,onnx_cuda,"['CUDAExecutionProvider', 'CPUExecutionProvider']",False,3,12,4,True,True,15,11,18.0,0.06908702850341797,51.0,1485.0,nvml
006177.png,NANO,onnx_cuda,"['CUDAExecutionProvider', 'CPUExecutionProvider']",False,0,0,1,True,False,0,6,18.0,0.06908702850341797,51.0,1485.0,nvml
006178.png,NANO,onnx_cuda,"['CUDAExecutionProvider', 'CPUExecutionProvider']",False,0,0,0,False,False,0,2,18.0,0.06908702850341797,51.0,1485.0,nvml
006179.png,NANO,onnx_cuda,"['CUDAExecutionProvider', 'CPUExecutionProvider']",False,0,0,2,True,False,46,12,18.0,0.06908702850341797,51.0,1485.0,nvml
006180.png,NANO,onnx_cuda,"['CUDAExecutionProvider', 'CPUExecutionProvider']",False,0,0,0,False,False,29,16,18.0,0.06908702850341797,51.0,1485.0,nvml
006181.png,NANO,onnx_cuda,"['CUDAExecutionProvider', 'CPUExecutionProvider']",False,0,0,0,False,False,2,4,18.0,0.06908702850341797,51.0,1485.0,nvml
006182.png,NANO,onnx_cuda,"['CUDAExecutionProvider', 'CPUExecutionProvider']",False,0,0,0,False,False,3,4,18.0,0.06908702850341797,51.0,1485.0,nvml
006183.png,NANO,onnx_cuda,"['CUDAExecutionProvider', 'CPUExecutionProvider']",False,0,0,0,False,False,24,2,18.0,0.06908702850341797,51.0,1485.0,nvml
006184.png,NANO,onnx_cuda,"['CUDAExecutionProvider', 'CPUExecutionProvider']",False,0,0,2,True,False,0,3,18.0,0.06908702850341797,51.0,1485.0,nvml
006185.png,NANO,onnx_cuda,"['CUDAExecutionProvider', 'CPUExecutionProvider']",False,0,0,1,True,False,1,3,18.0,0.06908702850341797,51.0,1485.0,nvml
006186.png,NANO,onnx_cuda,"['CUDAExecutionProvider', 'CPUExecutionProvider']",False,0,0,0,False,False,6,8,18.0,0.06908702850341797,51.0,1485.0,nvml
006187.png,NANO,onnx_cuda,"['CUDAExecutionProvider', 'CPUExecutionProvider']",False,0,0,0,False,False,19,12,18.0,0.06908702850341797,51.0,1485.0,nvml
006188.png,NANO,onnx_cuda,"['CUDAExecutionProvider', 'CPUExecutionProvider']",False,0,0,0,False,False,0,5,19.0,0.06908702850341797,51.0,1485.0,nvml
006189.png,NANO,onnx_cuda,"['CUDAExecutionProvider', 'CPUExecutionProvider']",False,1,2,2,True,True,37,17,19.0,0.06908702850341797,51.0,1485.0,nvml
006190.png,NANO,onnx_cuda,"['CUDAExecutionProvider', 'CPUExecutionProvider']",False,0,0,4,True,False,0,10,19.0,0.06908702850341797,51.0,1485.0,nvml
006191.png,NANO,onnx_cuda,"['CUDAExecutionProvider', 'CPUExecutionProvider']",False,0,0,0,False,False,1,12,19.0,0.06908702850341797,51.0,1485.0,nvml
006192.png,NANO,onnx_cuda,"['CUDAExecutionProvider', 'CPUExecutionProvider']",False,0,0,0,False,False,17,12,19.0,0.06908702850341797,51.0,1485.0,nvml
006193.png,NANO,onnx_cuda,"['CUDAExecutionProvider', 'CPUExecutionProvider']",False,0,0,0,False,False,0,2,19.0,0.06908702850341797,51.0,1485.0,nvml
006194.png,NANO,onnx_cuda,"['CUDAExecutionProvider', 'CPUExecutionProvider']",False,1,7,0,True,True,8,1,19.0,0.06908702850341797,51.0,1485.0,nvml
006195.png,NANO,onnx_cuda,"['CUDAExecutionProvider', 'CPUExecutionProvider']",False,0,0,0,False,False,20,7,19.0,0.06908702850341797,51.0,1485.0,nvml
006196.png,NANO,onnx_cuda,"['CUDAExecutionProvider', 'CPUExecutionProvider']",False,0,0,1,True,False,10,6,19.0,0.06908702850341797,51.0,1485.0,nvml
006197.png,NANO,onnx_cuda,"['CUDAExecutionProvider', 'CPUExecutionProvider']",False,0,0,0,False,False,12,6,19.0,0.06908702850341797,51.0,1485.0,nvml
006198.png,NANO,onnx_cuda,"['CUDAExecutionProvider', 'CPUExecutionProvider']",False,0,0,3,True,False,26,11,19.0,0.06908702850341797,51.0,1485.0,nvml
006199.png,NANO,onnx_cuda,"['CUDAExecutionProvider', 'CPUExecutionProvider']",False,0,0,0,False,False,0,12,19.0,0.06908702850341797,51.0,1485.0,nvml
006200.png,NANO,onnx_cuda,"['CUDAExecutionProvider', 'CPUExecutionProvider']",False,0,0,0,False,False,7,6,17.0,0.06908702850341797,51.0,1485.0,nvml
006201.png,NANO,onnx_cuda,"['CUDAExecutionProvider', 'CPUExecutionProvider']",False,1,2,0,True,True,3,1,17.0,0.06908702850341797,51.0,1485.0,nvml
006202.png,NANO,onnx_cuda,"['CUDAExecutionProvider', 'CPUExecutionProvider']",False,0,0,0,False,False,17,13,17.0,0.06908702850341797,51.0,1485.0,nvml
006203.png,NANO,onnx_cuda,"['CUDAExecutionProvider', 'CPUExecutionProvider']",False,0,0,0,False,False,1,4,17.0,0.06908702850341797,51.0,1485.0,nvml
006204.png,NANO,onnx_cuda,"['CUDAExecutionProvider', 'CPUExecutionProvider']",False,0,0,0,False,False,8,2,17.0,0.06908702850341797,51.0,1485.0,nvml
006205.png,NANO,onnx_cuda,"['CUDAExecutionProvider', 'CPUExecutionProvider']",False,0,0,0,False,False,0,7,17.0,0.06908702850341797,51.0,1485.0,nvml
006206.png,NANO,onnx_cuda,"['CUDAExecutionProvider', 'CPUExecutionProvider']",False,0,0,0,False,False,0,2,17.0,0.06908702850341797,51.0,1485.0,nvml
006207.png,NANO,onnx_cuda,"['CUDAExecutionProvider', 'CPUExecutionProvider']",False,0,0,0,False,False,0,1,17.0,0.06908702850341797,51.0,1485.0,nvml
006208.png,NANO,onnx_cuda,"['CUDAExecutionProvider', 'CPUExecutionProvider']",False,0,0,0,False,False,13,12,17.0,0.06908702850341797,51.0,1485.0,nvml
006209.png,NANO,onnx_cuda,"['CUDAExecutionProvider', 'CPUExecutionProvider']",False,0,0,0,False,False,0,2,17.0,0.06908702850341797,51.0,1485.0,nvml
006210.png,NANO,onnx_cuda,"['CUDAExecutionProvider', 'CPUExecutionProvider']",False,3,20,0,True,True,23,8,17.0,0.06908702850341797,51.0,1485.0,nvml
006211.png,NANO,onnx_cuda,"['CUDAExecutionProvider', 'CPUExecutionProvider']",False,0,0,1,True,False,39,15,17.0,0.06908702850341797,51.0,1485.0,nvml
006212.png,NANO,onnx_cuda,"['CUDAExecutionProvider', 'CPUExecutionProvider']",False,0,0,0,False,False,0,2,17.0,0.06908702850341797,51.0,1485.0,nvml
006213.png,NANO,onnx_cuda,"['CUDAExecutionProvider', 'CPUExecutionProvider']",False,0,0,2,True,False,0,17,18.0,0.06908702850341797,51.0,1485.0,nvml
006214.png,NANO,onnx_cuda,"['CUDAExecutionProvider', 'CPUExecutionProvider']",False,0,6,1,True,True,8,3,18.0,0.06908702850341797,51.0,1485.0,nvml
006215.png,NANO,onnx_cuda,"['CUDAExecutionProvider', 'CPUExecutionProvider']",False,1,2,0,True,True,3,1,18.0,0.06908702850341797,51.0,1485.0,nvml
006216.png,NANO,onnx_cuda,"['CUDAExecutionProvider', 'CPUExecutionProvider']",False,0,0,0,False,False,0,3,18.0,0.06908702850341797,51.0,1485.0,nvml
006217.png,NANO,onnx_cuda,"['CUDAExecutionProvider', 'CPUExecutionProvider']",False,0,0,0,False,False,0,2,18.0,0.06908702850341797,51.0,1485.0,nvml
006218.png,NANO,onnx_cuda,"['CUDAExecutionProvider', 'CPUExecutionProvider']",False,0,0,0,False,False,0,3,18.0,0.06908702850341797,51.0,1485.0,nvml
006219.png,NANO,onnx_cuda,"['CUDAExecutionProvider', 'CPUExecutionProvider']",False,0,0,0,False,False,0,6,18.0,0.06908702850341797,51.0,1485.0,nvml
006220.png,NANO,onnx_cuda,"['CUDAExecutionProvider', 'CPUExecutionProvider']",False,0,0,0,False,False,7,5,18.0,0.06908702850341797,51.0,1485.0,nvml
006221.png,NANO,onnx_cuda,"['CUDAExecutionProvider', 'CPUExecutionProvider']",False,0,0,4,True,False,8,7,18.0,0.06908702850341797,51.0,1485.0,nvml
006222.png,NANO,onnx_cuda,"['CUDAExecutionProvider', 'CPUExecutionProvider']",False,0,0,1,True,False,0,1,18.0,0.06908702850341797,51.0,1485.0,nvml
006223.png,NANO,onnx_cuda,"['CUDAExecutionProvider', 'CPUExecutionProvider']",False,0,0,0,False,False,10,1,18.0,0.06908702850341797,51.0,1485.0,nvml
006224.png,NANO,onnx_cuda,"['CUDAExecutionProvider', 'CPUExecutionProvider']",False,0,0,1,True,False,31,15,18.0,0.06908702850341797,51.0,1485.0,nvml
006225.png,NANO,onnx_cuda,"['CUDAExecutionProvider', 'CPUExecutionProvider']",False,0,0,0,False,False,1,7,17.0,0.06908702850341797,51.0,1485.0,nvml
006226.png,NANO,onnx_cuda,"['CUDAExecutionProvider', 'CPUExecutionProvider']",False,0,0,1,True,False,3,4,17.0,0.06908702850341797,51.0,1485.0,nvml
006227.png,NANO,onnx_cuda,"['CUDAExecutionProvider', 'CPUExecutionProvider']",False,0,0,0,False,False,12,2,17.0,0.06908702850341797,51.0,1485.0,nvml
006228.png,NANO,onnx_cuda,"['CUDAExecutionProvider', 'CPUExecutionProvider']",False,0,0,1,True,False,0,1,17.0,0.06908702850341797,51.0,1485.0,nvml
006229.png,NANO,onnx_cuda,"['CUDAExecutionProvider', 'CPUExecutionProvider']",False,0,0,4,True,False,0,10,17.0,0.06908702850341797,51.0,1485.0,nvml
006230.png,NANO,onnx_cuda,"['CUDAExecutionProvider', 'CPUExecutionProvider']",False,0,0,0,False,False,0,3,17.0,0.06908702850341797,51.0,1485.0,nvml
006231.png,NANO,onnx_cuda,"['CUDAExecutionProvider', 'CPUExecutionProvider']",False,0,0,1,True,False,39,6,17.0,0.06908702850341797,51.0,1485.0,nvml
006232.png,NANO,onnx_cuda,"['CUDAExecutionProvider', 'CPUExecutionProvider']",False,0,0,1,True,False,10,7,17.0,0.06908702850341797,51.0,1485.0,nvml
006233.png,NANO,onnx_cuda,"['CUDAExecutionProvider', 'CPUExecutionProvider']",False,0,0,0,False,False,0,6,17.0,0.06908702850341797,51.0,1485.0,nvml
006234.png,NANO,onnx_cuda,"['CUDAExecutionProvider', 'CPUExecutionProvider']",False,0,0,1,True,False,9,3,17.0,0.06908702850341797,51.0,1485.0,nvml
006235.png,NANO,onnx_cuda,"['CUDAExecutionProvider', 'CPUExecutionProvider']",False,0,0,0,False,False,10,3,17.0,0.06908702850341797,51.0,1485.0,nvml
006236.png,NANO,onnx_cuda,"['CUDAExecutionProvider', 'CPUExecutionProvider']",False,0,0,1,True,False,52,15,17.0,0.06908702850341797,51.0,1485.0,nvml
006237.png,NANO,onnx_cuda,"['CUDAExecutionProvider', 'CPUExecutionProvider']",False,0,0,0,False,False,2,8,18.0,0.06908702850341797,51.0,1485.0,nvml
006238.png,NANO,onnx_cuda,"['CUDAExecutionProvider', 'CPUExecutionProvider']",False,0,0,0,False,False,13,10,18.0,0.06908702850341797,51.0,1485.0,nvml
006239.png,NANO,onnx_cuda,"['CUDAExecutionProvider', 'CPUExecutionProvider']",False,0,0,0,False,False,8,1,18.0,0.06908702850341797,51.0,1485.0,nvml
006240.png,NANO,onnx_cuda,"['CUDAExecutionProvider', 'CPUExecutionProvider']",False,1,7,0,True,True,8,1,18.0,0.06908702850341797,51.0,1485.0,nvml
006241.png,NANO,onnx_cuda,"['CUDAExecutionProvider', 'CPUExecutionProvider']",False,0,0,0,False,False,3,5,18.0,0.06908702850341797,51.0,1485.0,nvml
006242.png,NANO,onnx_cuda,"['CUDAExecutionProvider', 'CPUExecutionProvider']",False,0,0,1,True,False,1,6,18.0,0.06908702850341797,51.0,1485.0,nvml
006243.png,NANO,onnx_cuda,"['CUDAExecutionProvider', 'CPUExecutionProvider']",False,0,0,0,False,False,0,3,18.0,0.06908702850341797,51.0,1485.0,nvml
006244.png,NANO,onnx_cuda,"['CUDAExecutionProvider', 'CPUExecutionProvider']",False,0,0,0,False,False,0,1,18.0,0.06908702850341797,51.0,1485.0,nvml
006245.png,NANO,onnx_cuda,"['CUDAExecutionProvider', 'CPUExecutionProvider']",False,0,0,0,False,False,29,8,18.0,0.06908702850341797,51.0,1485.0,nvml
006246.png,NANO,onnx_cuda,"['CUDAExecutionProvider', 'CPUExecutionProvider']",False,0,0,0,False,False,25,5,18.0,0.06908702850341797,51.0,1485.0,nvml
006247.png,NANO,onnx_cuda,"['CUDAExecutionProvider', 'CPUExecutionProvider']",False,0,0,1,True,False,0,5,18.0,0.06908702850341797,51.0,1485.0,nvml
006248.png,NANO,onnx_cuda,"['CUDAExecutionProvider', 'CPUExecutionProvider']",False,0,0,0,False,False,2,7,18.0,0.06908702850341797,51.0,1485.0,nvml
006249.png,NANO,onnx_cuda,"['CUDAExecutionProvider', 'CPUExecutionProvider']",False,0,0,0,False,False,0,9,17.0,0.06908702850341797,51.0,1485.0,nvml
006250.png,NANO,onnx_cuda,"['CUDAExecutionProvider', 'CPUExecutionProvider']",False,0,0,0,False,False,0,5,17.0,0.06908702850341797,51.0,1485.0,nvml
006251.png,NANO,onnx_cuda,"['CUDAExecutionProvider', 'CPUExecutionProvider']",False,0,0,0,False,False,28,14,17.0,0.06908702850341797,51.0,1485.0,nvml
006252.png,NANO,onnx_cuda,"['CUDAExecutionProvider', 'CPUExecutionProvider']",False,0,0,0,False,False,0,2,17.0,0.06908702850341797,51.0,1485.0,nvml
006253.png,NANO,onnx_cuda,"['CUDAExecutionProvider', 'CPUExecutionProvider']",False,0,0,0,False,False,15,6,17.0,0.06908702850341797,51.0,1485.0,nvml
006254.png,NANO,onnx_cuda,"['CUDAExecutionProvider', 'CPUExecutionProvider']",False,0,0,0,False,False,0,7,17.0,0.06908702850341797,51.0,1485.0,nvml
006255.png,NANO,onnx_cuda,"['CUDAExecutionProvider', 'CPUExecutionProvider']",False,0,0,0,False,False,0,7,17.0,0.06908702850341797,51.0,1485.0,nvml
006256.png,NANO,onnx_cuda,"['CUDAExecutionProvider', 'CPUExecutionProvider']",False,0,0,4,True,False,35,12,17.0,0.06908702850341797,51.0,1485.0,nvml
006257.png,NANO,onnx_cuda,"['CUDAExecutionProvider', 'CPUExecutionProvider']",False,0,0,1,True,False,10,6,17.0,0.06908702850341797,51.0,1485.0,nvml
006258.png,NANO,onnx_cuda,"['CUDAExecutionProvider', 'CPUExecutionProvider']",False,1,1,0,True,True,2,1,17.0,0.06908702850341797,51.0,1485.0,nvml
006259.png,NANO,onnx_cuda,"['CUDAExecutionProvider', 'CPUExecutionProvider']",False,0,0,0,False,False,0,5,17.0,0.06908702850341797,51.0,1485.0,nvml
006260.png,NANO,onnx_cuda,"['CUDAExecutionProvider', 'CPUExecutionProvider']",False,0,0,0,False,False,10,14,17.0,0.06908702850341797,51.0,1485.0,nvml
006261.png,NANO,onnx_cuda,"['CUDAExecutionProvider', 'CPUExecutionProvider']",False,0,0,1,True,False,33,7,17.0,0.06908702850341797,51.0,1485.0,nvml
006262.png,NANO,onnx_cuda,"['CUDAExecutionProvider', 'CPUExecutionProvider']",False,0,0,2,True,False,7,9,18.0,0.06908702850341797,51.0,1485.0,nvml
006263.png,NANO,onnx_cuda,"['CUDAExecutionProvider', 'CPUExecutionProvider']",False,0,0,0,False,False,20,11,18.0,0.06908702850341797,51.0,1485.0,nvml
006264.png,NANO,onnx_cuda,"['CUDAExecutionProvider', 'CPUExecutionProvider']",False,0,0,0,False,False,0,5,18.0,0.06908702850341797,51.0,1485.0,nvml
006265.png,NANO,onnx_cuda,"['CUDAExecutionProvider', 'CPUExecutionProvider']",False,0,0,1,True,False,0,5,18.0,0.06908702850341797,51.0,1485.0,nvml
006266.png,NANO,onnx_cuda,"['CUDAExecutionProvider', 'CPUExecutionProvider']",False,0,0,0,False,False,30,6,18.0,0.06908702850341797,51.0,1485.0,nvml
006267.png,NANO,onnx_cuda,"['CUDAExecutionProvider', 'CPUExecutionProvider']",False,0,0,0,False,False,0,7,18.0,0.06908702850341797,51.0,1485.0,nvml
006268.png,NANO,onnx_cuda,"['CUDAExecutionProvider', 'CPUExecutionProvider']",False,5,27,2,True,True,32,10,18.0,0.06908702850341797,51.0,1485.0,nvml
006269.png,NANO,onnx_cuda,"['CUDAExecutionProvider', 'CPUExecutionProvider']",False,0,0,0,False,False,22,6,18.0,0.06908702850341797,51.0,1485.0,nvml
006270.png,NANO,onnx_cuda,"['CUDAExecutionProvider', 'CPUExecutionProvider']",False,0,0,0,False,False,0,2,18.0,0.06908702850341797,51.0,1485.0,nvml
006271.png,NANO,onnx_cuda,"['CUDAExecutionProvider', 'CPUExecutionProvider']",False,0,0,0,False,False,0,9,18.0,0.06908702850341797,52.0,1485.0,nvml
006272.png,NANO,onnx_cuda,"['CUDAExecutionProvider', 'CPUExecutionProvider']",False,0,0,0,False,False,4,13,18.0,0.06908702850341797,52.0,1485.0,nvml
006273.png,NANO,onnx_cuda,"['CUDAExecutionProvider', 'CPUExecutionProvider']",False,0,0,1,True,False,15,8,18.0,0.06908702850341797,52.0,1485.0,nvml
006274.png,NANO,onnx_cuda,"['CUDAExecutionProvider', 'CPUExecutionProvider']",False,0,0,1,True,False,0,3,18.0,0.06908702850341797,52.0,1485.0,nvml
006275.png,NANO,onnx_cuda,"['CUDAExecutionProvider', 'CPUExecutionProvider']",False,0,0,0,False,False,6,6,17.0,0.06908702850341797,52.0,1485.0,nvml
006276.png,NANO,onnx_cuda,"['CUDAExecutionProvider', 'CPUExecutionProvider']",False,0,0,7,True,False,7,13,17.0,0.06908702850341797,52.0,1485.0,nvml
006277.png,NANO,onnx_cuda,"['CUDAExecutionProvider', 'CPUExecutionProvider']",False,0,0,1,True,False,0,8,17.0,0.06908702850341797,52.0,1485.0,nvml
006278.png,NANO,onnx_cuda,"['CUDAExecutionProvider', 'CPUExecutionProvider']",False,0,0,0,False,False,31,7,17.0,0.06908702850341797,52.0,1485.0,nvml
006279.png,NANO,onnx_cuda,"['CUDAExecutionProvider', 'CPUExecutionProvider']",False,0,0,0,False,False,0,2,17.0,0.06908702850341797,52.0,1485.0,nvml
006280.png,NANO,onnx_cuda,"['CUDAExecutionProvider', 'CPUExecutionProvider']",False,0,0,1,True,False,0,5,17.0,0.06908702850341797,52.0,1485.0,nvml
006281.png,NANO,onnx_cuda,"['CUDAExecutionProvider', 'CPUExecutionProvider']",False,0,0,0,False,False,24,15,17.0,0.06908702850341797,52.0,1485.0,nvml
006282.png,NANO,onnx_cuda,"['CUDAExecutionProvider', 'CPUExecutionProvider']",False,0,0,0,False,False,0,5,17.0,0.06908702850341797,52.0,1485.0,nvml
006283.png,NANO,onnx_cuda,"['CUDAExecutionProvider', 'CPUExecutionProvider']",False,0,0,0,False,False,0,3,17.0,0.06908702850341797,52.0,1485.0,nvml
006284.png,NANO,onnx_cuda,"['CUDAExecutionProvider', 'CPUExecutionProvider']",False,2,19,6,True,True,31,10,17.0,0.06908702850341797,52.0,1485.0,nvml
006285.png,NANO,onnx_cuda,"['CUDAExecutionProvider', 'CPUExecutionProvider']",False,0,0,0,False,False,20,11,17.0,0.06908702850341797,52.0,1485.0,nvml
006286.png,NANO,onnx_cuda,"['CUDAExecutionProvider', 'CPUExecutionProvider']",False,0,0,0,False,False,0,8,17.0,0.06908702850341797,52.0,1485.0,nvml
006287.png,NANO,onnx_cuda,"['CUDAExecutionProvider', 'CPUExecutionProvider']",False,0,2,0,False,True,2,4,17.0,0.06908702850341797,52.0,1485.0,nvml
006288.png,NANO,onnx_cuda,"['CUDAExecutionProvider', 'CPUExecutionProvider']",False,0,0,0,False,False,0,5,18.0,0.06908702850341797,52.0,1485.0,nvml
006289.png,NANO,onnx_cuda,"['CUDAExecutionProvider', 'CPUExecutionProvider']",False,0,0,0,False,False,0,2,18.0,0.06908702850341797,52.0,1485.0,nvml
006290.png,NANO,onnx_cuda,"['CUDAExecutionProvider', 'CPUExecutionProvider']",False,0,0,0,False,False,0,6,18.0,0.06908702850341797,52.0,1485.0,nvml
006291.png,NANO,onnx_cuda,"['CUDAExecutionProvider', 'CPUExecutionProvider']",False,0,0,0,False,False,12,16,18.0,0.06908702850341797,52.0,1485.0,nvml
006292.png,NANO,onnx_cuda,"['CUDAExecutionProvider', 'CPUExecutionProvider']",False,1,0,0,True,True,1,1,18.0,0.06908702850341797,52.0,1485.0,nvml
006293.png,NANO,onnx_cuda,"['CUDAExecutionProvider', 'CPUExecutionProvider']",False,0,0,2,True,False,2,9,18.0,0.06908702850341797,52.0,1485.0,nvml
006294.png,NANO,onnx_cuda,"['CUDAExecutionProvider', 'CPUExecutionProvider']",False,1,2,0,True,True,3,1,18.0,0.06908702850341797,52.0,1485.0,nvml
006295.png,NANO,onnx_cuda,"['CUDAExecutionProvider', 'CPUExecutionProvider']",False,0,0,0,False,False,18,14,18.0,0.06908702850341797,52.0,1485.0,nvml
006296.png,NANO,onnx_cuda,"['CUDAExecutionProvider', 'CPUExecutionProvider']",False,0,3,0,False,True,11,7,18.0,0.06908702850341797,52.0,1485.0,nvml
006297.png,NANO,onnx_cuda,"['CUDAExecutionProvider', 'CPUExecutionProvider']",False,0,0,0,False,False,0,6,18.0,0.06908702850341797,52.0,1485.0,nvml
006298.png,NANO,onnx_cuda,"['CUDAExecutionProvider', 'CPUExecutionProvider']",False,0,0,1,True,False,18,9,18.0,0.06908702850341797,52.0,1485.0,nvml
006299.png,NANO,onnx_cuda,"['CUDAExecutionProvider', 'CPUExecutionProvider']",False,1,7,0,True,True,8,1,18.0,0.06908702850341797,52.0,1485.0,nvml
006300.png,NANO,onnx_cuda,"['CUDAExecutionProvider', 'CPUExecutionProvider']",False,0,0,0,False,False,31,16,18.0,0.06908702850341797,52.0,1485.0,nvml
006301.png,NANO,onnx_cuda,"['CUDAExecutionProvider', 'CPUExecutionProvider']",False,0,0,1,True,False,19,9,19.0,0.06908702850341797,52.0,1485.0,nvml
006302.png,NANO,onnx_cuda,"['CUDAExecutionProvider', 'CPUExecutionProvider']",False,0,0,0,False,False,11,4,19.0,0.06908702850341797,52.0,1485.0,nvml
006303.png,NANO,onnx_cuda,"['CUDAExecutionProvider', 'CPUExecutionProvider']",False,0,0,2,True,False,10,12,19.0,0.06908702850341797,52.0,1485.0,nvml
006304.png,NANO,onnx_cuda,"['CUDAExecutionProvider', 'CPUExecutionProvider']",False,0,0,0,False,False,4,4,19.0,0.06908702850341797,52.0,1485.0,nvml
006305.png,NANO,onnx_cuda,"['CUDAExecutionProvider', 'CPUExecutionProvider']",False,0,0,0,False,False,17,6,19.0,0.06908702850341797,52.0,1485.0,nvml
006306.png,NANO,onnx_cuda,"['CUDAExecutionProvider', 'CPUExecutionProvider']",False,0,0,0,False,False,31,12,19.0,0.06908702850341797,52.0,1485.0,nvml
006307.png,NANO,onnx_cuda,"['CUDAExecutionProvider', 'CPUExecutionProvider']",False,0,0,0,False,False,13,9,19.0,0.06908702850341797,52.0,1485.0,nvml
006308.png,NANO,onnx_cuda,"['CUDAExecutionProvider', 'CPUExecutionProvider']",False,1,5,0,True,True,6,1,19.0,0.06908702850341797,52.0,1485.0,nvml
006309.png,NANO,onnx_cuda,"['CUDAExecutionProvider', 'CPUExecutionProvider']",False,0,0,0,False,False,0,2,19.0,0.06908702850341797,52.0,1485.0,nvml
006310.png,NANO,onnx_cuda,"['CUDAExecutionProvider', 'CPUExecutionProvider']",False,0,0,0,False,False,4,8,19.0,0.06908702850341797,52.0,1485.0,nvml
006311.png,NANO,onnx_cuda,"['CUDAExecutionProvider', 'CPUExecutionProvider']",False,0,0,0,False,False,1,1,19.0,0.06908702850341797,52.0,1485.0,nvml
006312.png,NANO,onnx_cuda,"['CUDAExecutionProvider', 'CPUExecutionProvider']",False,0,0,0,False,False,16,9,19.0,0.06908702850341797,52.0,1485.0,nvml
006313.png,NANO,onnx_cuda,"['CUDAExecutionProvider', 'CPUExecutionProvider']",False,0,0,1,True,False,0,6,18.0,0.06908702850341797,52.0,1485.0,nvml
006314.png,NANO,onnx_cuda,"['CUDAExecutionProvider', 'CPUExecutionProvider']",False,0,0,0,False,False,26,13,18.0,0.06908702850341797,52.0,1485.0,nvml
006315.png,NANO,onnx_cuda,"['CUDAExecutionProvider', 'CPUExecutionProvider']",False,0,0,0,False,False,2,5,18.0,0.06908702850341797,52.0,1485.0,nvml
006316.png,NANO,onnx_cuda,"['CUDAExecutionProvider', 'CPUExecutionProvider']",False,0,0,0,False,False,0,1,18.0,0.06908702850341797,52.0,1485.0,nvml
006317.png,NANO,onnx_cuda,"['CUDAExecutionProvider', 'CPUExecutionProvider']",False,0,0,0,False,False,0,4,18.0,0.06908702850341797,52.0,1485.0,nvml
006318.png,NANO,onnx_cuda,"['CUDAExecutionProvider', 'CPUExecutionProvider']",False,0,0,0,False,False,0,7,18.0,0.06908702850341797,52.0,1485.0,nvml
006319.png,NANO,onnx_cuda,"['CUDAExecutionProvider', 'CPUExecutionProvider']",False,0,0,0,False,False,16,4,18.0,0.06908702850341797,52.0,1485.0,nvml
006320.png,NANO,onnx_cuda,"['CUDAExecutionProvider', 'CPUExecutionProvider']",False,0,1,0,False,True,12,9,18.0,0.06908702850341797,52.0,1485.0,nvml
006321.png,NANO,onnx_cuda,"['CUDAExecutionProvider', 'CPUExecutionProvider']",False,0,0,0,False,False,0,2,18.0,0.06908702850341797,52.0,1485.0,nvml
006322.png,NANO,onnx_cuda,"['CUDAExecutionProvider', 'CPUExecutionProvider']",False,0,0,0,False,False,0,10,18.0,0.06908702850341797,52.0,1485.0,nvml
006323.png,NANO,onnx_cuda,"['CUDAExecutionProvider', 'CPUExecutionProvider']",False,0,0,0,False,False,0,6,18.0,0.06908702850341797,52.0,1485.0,nvml
006324.png,NANO,onnx_cuda,"['CUDAExecutionProvider', 'CPUExecutionProvider']",False,0,0,0,False,False,24,8,18.0,0.06908702850341797,52.0,1485.0,nvml
006325.png,NANO,onnx_cuda,"['CUDAExecutionProvider', 'CPUExecutionProvider']",False,0,0,0,False,False,4,5,18.0,0.06908702850341797,52.0,1485.0,nvml
006326.png,NANO,onnx_cuda,"['CUDAExecutionProvider', 'CPUExecutionProvider']",False,0,0,0,False,False,10,6,17.0,0.06908702850341797,52.0,1485.0,nvml
006327.png,NANO,onnx_cuda,"['CUDAExecutionProvider', 'CPUExecutionProvider']",False,0,0,0,False,False,9,2,17.0,0.06908702850341797,52.0,1485.0,nvml
006328.png,NANO,onnx_cuda,"['CUDAExecutionProvider', 'CPUExecutionProvider']",False,0,0,1,True,False,0,11,17.0,0.06908702850341797,52.0,1485.0,nvml
006329.png,NANO,onnx_cuda,"['CUDAExecutionProvider', 'CPUExecutionProvider']",False,0,0,0,False,False,49,5,17.0,0.06908702850341797,52.0,1485.0,nvml
006330.png,NANO,onnx_cuda,"['CUDAExecutionProvider', 'CPUExecutionProvider']",False,0,0,0,False,False,9,8,17.0,0.06908702850341797,52.0,1485.0,nvml
006331.png,NANO,onnx_cuda,"['CUDAExecutionProvider', 'CPUExecutionProvider']",False,0,0,0,False,False,0,4,17.0,0.06908702850341797,52.0,1485.0,nvml
006332.png,NANO,onnx_cuda,"['CUDAExecutionProvider', 'CPUExecutionProvider']",False,0,0,0,False,False,0,4,17.0,0.06908702850341797,52.0,1485.0,nvml
006333.png,NANO,onnx_cuda,"['CUDAExecutionProvider', 'CPUExecutionProvider']",False,0,0,2,True,False,9,8,17.0,0.06908702850341797,52.0,1485.0,nvml
006334.png,NANO,onnx_cuda,"['CUDAExecutionProvider', 'CPUExecutionProvider']",False,0,0,2,True,False,29,10,17.0,0.06908702850341797,52.0,1485.0,nvml
006335.png,NANO,onnx_cuda,"['CUDAExecutionProvider', 'CPUExecutionProvider']",False,0,0,0,False,False,0,6,17.0,0.06908702850341797,52.0,1485.0,nvml
006336.png,NANO,onnx_cuda,"['CUDAExecutionProvider', 'CPUExecutionProvider']",False,0,0,0,False,False,0,13,17.0,0.06908702850341797,52.0,1485.0,nvml
006337.png,NANO,onnx_cuda,"['CUDAExecutionProvider', 'CPUExecutionProvider']",False,1,6,0,True,True,7,1,17.0,0.06908702850341797,52.0,1485.0,nvml
006338.png,NANO,onnx_cuda,"['CUDAExecutionProvider', 'CPUExecutionProvider']",False,0,0,0,False,False,23,10,17.0,0.06908702850341797,52.0,1485.0,nvml
006339.png,NANO,onnx_cuda,"['CUDAExecutionProvider', 'CPUExecutionProvider']",False,0,0,1,True,False,2,3,18.0,0.06908702850341797,52.0,1485.0,nvml
006340.png,NANO,onnx_cuda,"['CUDAExecutionProvider', 'CPUExecutionProvider']",False,0,0,0,False,False,0,5,18.0,0.06908702850341797,52.0,1485.0,nvml
006341.png,NANO,onnx_cuda,"['CUDAExecutionProvider', 'CPUExecutionProvider']",False,3,18,2,True,True,31,9,18.0,0.06908702850341797,52.0,1485.0,nvml
006342.png,NANO,onnx_cuda,"['CUDAExecutionProvider', 'CPUExecutionProvider']",False,0,0,0,False,False,42,13,18.0,0.06908702850341797,52.0,1485.0,nvml
006343.png,NANO,onnx_cuda,"['CUDAExecutionProvider', 'CPUExecutionProvider']",False,0,0,0,False,False,0,4,18.0,0.06908702850341797,52.0,1485.0,nvml
006344.png,NANO,onnx_cuda,"['CUDAExecutionProvider', 'CPUExecutionProvider']",False,0,0,0,False,False,10,11,18.0,0.06908702850341797,52.0,1485.0,nvml
006345.png,NANO,onnx_cuda,"['CUDAExecutionProvider', 'CPUExecutionProvider']",False,0,0,0,False,False,14,13,18.0,0.06908702850341797,52.0,1485.0,nvml
006346.png,NANO,onnx_cuda,"['CUDAExecutionProvider', 'CPUExecutionProvider']",False,0,0,0,False,False,0,7,18.0,0.06908702850341797,52.0,1485.0,nvml
006347.png,NANO,onnx_cuda,"['CUDAExecutionProvider', 'CPUExecutionProvider']",False,0,0,0,False,False,9,2,18.0,0.06908702850341797,52.0,1485.0,nvml
006348.png,NANO,onnx_cuda,"['CUDAExecutionProvider', 'CPUExecutionProvider']",False,0,0,0,False,False,9,3,18.0,0.06908702850341797,52.0,1485.0,nvml
006349.png,NANO,onnx_cuda,"['CUDAExecutionProvider', 'CPUExecutionProvider']",False,0,0,0,False,False,1,2,18.0,0.06908702850341797,52.0,1485.0,nvml
006350.png,NANO,onnx_cuda,"['CUDAExecutionProvider', 'CPUExecutionProvider']",False,0,0,0,False,False,15,4,18.0,0.06908702850341797,52.0,1485.0,nvml
006351.png,NANO,onnx_cuda,"['CUDAExecutionProvider', 'CPUExecutionProvider']",False,0,0,0,False,False,0,2,18.0,0.06908702850341797,52.0,1485.0,nvml
006352.png,NANO,onnx_cuda,"['CUDAExecutionProvider', 'CPUExecutionProvider']",False,0,0,1,True,False,13,5,18.0,0.06908702850341797,52.0,847.0,nvml
006353.png,NANO,onnx_cuda,"['CUDAExecutionProvider', 'CPUExecutionProvider']",False,0,0,0,False,False,4,2,18.0,0.06908702850341797,52.0,847.0,nvml
006354.png,NANO,onnx_cuda,"['CUDAExecutionProvider', 'CPUExecutionProvider']",False,1,8,0,True,True,9,1,18.0,0.06908702850341797,52.0,847.0,nvml
006355.png,NANO,onnx_cuda,"['CUDAExecutionProvider', 'CPUExecutionProvider']",False,0,0,0,False,False,5,5,18.0,0.06908702850341797,52.0,847.0,nvml
006356.png,NANO,onnx_cuda,"['CUDAExecutionProvider', 'CPUExecutionProvider']",False,0,0,0,False,False,22,10,18.0,0.06908702850341797,52.0,847.0,nvml
006357.png,NANO,onnx_cuda,"['CUDAExecutionProvider', 'CPUExecutionProvider']",False,0,0,0,False,False,2,2,18.0,0.06908702850341797,51.0,847.0,nvml
006358.png,NANO,onnx_cuda,"['CUDAExecutionProvider', 'CPUExecutionProvider']",False,0,0,1,True,False,0,7,18.0,0.06908702850341797,51.0,847.0,nvml
006359.png,NANO,onnx_cuda,"['CUDAExecutionProvider', 'CPUExecutionProvider']",False,0,0,0,False,False,0,2,18.0,0.06908702850341797,51.0,847.0,nvml
006360.png,NANO,onnx_cuda,"['CUDAExecutionProvider', 'CPUExecutionProvider']",False,0,0,0,False,False,8,5,18.0,0.06908702850341797,51.0,847.0,nvml
006361.png,NANO,onnx_cuda,"['CUDAExecutionProvider', 'CPUExecutionProvider']",False,0,0,1,True,False,20,11,18.0,0.06908702850341797,51.0,847.0,nvml
006362.png,NANO,onnx_cuda,"['CUDAExecutionProvider', 'CPUExecutionProvider']",False,0,0,3,True,False,17,9,35.0,0.06908702850341797,51.0,840.0,nvml
006363.png,NANO,onnx_cuda,"['CUDAExecutionProvider', 'CPUExecutionProvider']",False,0,0,0,False,False,2,7,35.0,0.06908702850341797,51.0,840.0,nvml
006364.png,NANO,onnx_cuda,"['CUDAExecutionProvider', 'CPUExecutionProvider']",False,0,0,1,True,False,0,8,35.0,0.06908702850341797,51.0,840.0,nvml
006365.png,NANO,onnx_cuda,"['CUDAExecutionProvider', 'CPUExecutionProvider']",False,0,0,0,False,False,8,15,35.0,0.06908702850341797,51.0,840.0,nvml
006366.png,NANO,onnx_cuda,"['CUDAExecutionProvider', 'CPUExecutionProvider']",False,0,0,0,False,False,6,11,35.0,0.06908702850341797,51.0,840.0,nvml
006367.png,NANO,onnx_cuda,"['CUDAExecutionProvider', 'CPUExecutionProvider']",False,0,0,0,False,False,0,6,35.0,0.06908702850341797,51.0,840.0,nvml
006368.png,NANO,onnx_cuda,"['CUDAExecutionProvider', 'CPUExecutionProvider']",False,0,0,0,False,False,20,10,35.0,0.06908702850341797,51.0,840.0,nvml
006369.png,NANO,onnx_cuda,"['CUDAExecutionProvider', 'CPUExecutionProvider']",False,0,0,1,True,False,9,7,35.0,0.06908702850341797,51.0,840.0,nvml
006370.png,NANO,onnx_cuda,"['CUDAExecutionProvider', 'CPUExecutionProvider']",False,0,0,0,False,False,18,7,35.0,0.06908702850341797,51.0,840.0,nvml
006371.png,NANO,onnx_cuda,"['CUDAExecutionProvider', 'CPUExecutionProvider']",False,0,0,1,True,False,30,8,35.0,0.06908702850341797,51.0,840.0,nvml
006372.png,NANO,onnx_cuda,"['CUDAExecutionProvider', 'CPUExecutionProvider']",False,0,0,0,False,False,18,8,29.0,0.06908702850341797,51.0,817.0,nvml
006373.png,NANO,onnx_cuda,"['CUDAExecutionProvider', 'CPUExecutionProvider']",False,0,0,0,False,False,9,5,29.0,0.06908702850341797,51.0,817.0,nvml
006374.png,NANO,onnx_cuda,"['CUDAExecutionProvider', 'CPUExecutionProvider']",False,0,0,0,False,False,17,4,29.0,0.06908702850341797,51.0,817.0,nvml
006375.png,NANO,onnx_cuda,"['CUDAExecutionProvider', 'CPUExecutionProvider']",False,0,0,0,False,False,0,2,29.0,0.06908702850341797,51.0,817.0,nvml
006376.png,NANO,onnx_cuda,"['CUDAExecutionProvider', 'CPUExecutionProvider']",False,0,0,0,False,False,32,16,29.0,0.06908702850341797,51.0,817.0,nvml
006377.png,NANO,onnx_cuda,"['CUDAExecutionProvider', 'CPUExecutionProvider']",False,0,0,0,False,False,0,5,29.0,0.06908702850341797,51.0,817.0,nvml
006378.png,NANO,onnx_cuda,"['CUDAExecutionProvider', 'CPUExecutionProvider']",False,0,0,3,True,False,13,9,29.0,0.06908702850341797,51.0,817.0,nvml
006379.png,NANO,onnx_cuda,"['CUDAExecutionProvider', 'CPUExecutionProvider']",False,0,0,0,False,False,7,15,29.0,0.06908702850341797,51.0,817.0,nvml
006380.png,NANO,onnx_cuda,"['CUDAExecutionProvider', 'CPUExecutionProvider']",False,0,0,1,True,False,1,7,29.0,0.06908702850341797,51.0,817.0,nvml
006381.png,NANO,onnx_cuda,"['CUDAExecutionProvider', 'CPUExecutionProvider']",False,0,0,1,True,False,21,6,29.0,0.06908702850341797,51.0,795.0,nvml
006382.png,NANO,onnx_cuda,"['CUDAExecutionProvider', 'CPUExecutionProvider']",False,0,0,2,True,False,4,4,29.0,0.06908702850341797,51.0,795.0,nvml
006383.png,NANO,onnx_cuda,"['CUDAExecutionProvider', 'CPUExecutionProvider']",False,0,0,0,False,False,0,2,29.0,0.06908702850341797,51.0,795.0,nvml
006384.png,NANO,onnx_cuda,"['CUDAExecutionProvider', 'CPUExecutionProvider']",False,0,0,0,False,False,0,2,29.0,0.06908702850341797,51.0,795.0,nvml
006385.png,NANO,onnx_cuda,"['CUDAExecutionProvider', 'CPUExecutionProvider']",False,0,0,0,False,False,0,5,29.0,0.06908702850341797,51.0,795.0,nvml
006386.png,NANO,onnx_cuda,"['CUDAExecutionProvider', 'CPUExecutionProvider']",False,0,0,0,False,False,0,6,29.0,0.06908702850341797,51.0,795.0,nvml
006387.png,NANO,onnx_cuda,"['CUDAExecutionProvider', 'CPUExecutionProvider']",False,0,0,0,False,False,0,6,29.0,0.06908702850341797,51.0,795.0,nvml
006388.png,NANO,onnx_cuda,"['CUDAExecutionProvider', 'CPUExecutionProvider']",False,0,0,0,False,False,23,7,29.0,0.06908702850341797,51.0,795.0,nvml
006389.png,NANO,onnx_cuda,"['CUDAExecutionProvider', 'CPUExecutionProvider']",False,0,11,0,False,True,16,14,29.0,0.06908702850341797,51.0,795.0,nvml
006390.png,NANO,onnx_cuda,"['CUDAExecutionProvider', 'CPUExecutionProvider']",False,0,0,1,True,False,44,16,29.0,0.06908702850341797,51.0,795.0,nvml
006391.png,NANO,onnx_cuda,"['CUDAExecutionProvider', 'CPUExecutionProvider']",False,0,0,0,False,False,26,7,34.0,0.06908702850341797,51.0,787.0,nvml
006392.png,NANO,onnx_cuda,"['CUDAExecutionProvider', 'CPUExecutionProvider']",False,0,0,0,False,False,0,2,34.0,0.06908702850341797,51.0,787.0,nvml
006393.png,NANO,onnx_cuda,"['CUDAExecutionProvider', 'CPUExecutionProvider']",False,0,0,0,False,False,2,1,34.0,0.06908702850341797,51.0,787.0,nvml
006394.png,NANO,onnx_cuda,"['CUDAExecutionProvider', 'CPUExecutionProvider']",False,0,0,0,False,False,12,8,34.0,0.06908702850341797,51.0,787.0,nvml
006395.png,NANO,onnx_cuda,"['CUDAExecutionProvider', 'CPUExecutionProvider']",False,4,31,5,True,True,35,10,34.0,0.06908702850341797,51.0,787.0,nvml
006396.png,NANO,onnx_cuda,"['CUDAExecutionProvider', 'CPUExecutionProvider']",False,0,0,11,True,False,8,16,34.0,0.06908702850341797,51.0,787.0,nvml
006397.png,NANO,onnx_cuda,"['CUDAExecutionProvider', 'CPUExecutionProvider']",False,0,0,0,False,False,10,7,34.0,0.06908702850341797,51.0,787.0,nvml
006398.png,NANO,onnx_cuda,"['CUDAExecutionProvider', 'CPUExecutionProvider']",False,0,0,0,False,False,10,4,34.0,0.06908702850341797,51.0,787.0,nvml
006399.png,NANO,onnx_cuda,"['CUDAExecutionProvider', 'CPUExecutionProvider']",False,0,0,0,False,False,21,15,34.0,0.06908702850341797,51.0,787.0,nvml
006400.png,NANO,onnx_cuda,"['CUDAExecutionProvider', 'CPUExecutionProvider']",False,3,10,3,True,True,21,9,34.0,0.06908702850341797,51.0,787.0,nvml
006401.png,NANO,onnx_cuda,"['CUDAExecutionProvider', 'CPUExecutionProvider']",False,0,0,0,False,False,13,15,31.0,0.06908702850341797,51.0,772.0,nvml
006402.png,NANO,onnx_cuda,"['CUDAExecutionProvider', 'CPUExecutionProvider']",False,0,0,0,False,False,8,5,31.0,0.06908702850341797,51.0,772.0,nvml
006403.png,NANO,onnx_cuda,"['CUDAExecutionProvider', 'CPUExecutionProvider']",False,0,0,0,False,False,14,8,31.0,0.06908702850341797,51.0,772.0,nvml
006404.png,NANO,onnx_cuda,"['CUDAExecutionProvider', 'CPUExecutionProvider']",False,0,0,0,False,False,45,11,31.0,0.06908702850341797,51.0,772.0,nvml
006405.png,NANO,onnx_cuda,"['CUDAExecutionProvider', 'CPUExecutionProvider']",False,0,0,0,False,False,0,5,31.0,0.06908702850341797,51.0,772.0,nvml
006406.png,NANO,onnx_cuda,"['CUDAExecutionProvider', 'CPUExecutionProvider']",False,0,0,1,True,False,6,3,31.0,0.06908702850341797,51.0,772.0,nvml
006407.png,NANO,onnx_cuda,"['CUDAExecutionProvider', 'CPUExecutionProvider']",False,0,0,3,True,False,0,11,31.0,0.06908702850341797,51.0,772.0,nvml
006408.png,NANO,onnx_cuda,"['CUDAExecutionProvider', 'CPUExecutionProvider']",False,0,0,0,False,False,0,8,31.0,0.06908702850341797,51.0,772.0,nvml
006409.png,NANO,onnx_cuda,"['CUDAExecutionProvider', 'CPUExecutionProvider']",False,0,0,0,False,False,7,4,31.0,0.06908702850341797,51.0,772.0,nvml
006410.png,NANO,onnx_cuda,"['CUDAExecutionProvider', 'CPUExecutionProvider']",False,0,0,0,False,False,18,9,31.0,0.06908702850341797,51.0,772.0,nvml
006411.png,NANO,onnx_cuda,"['CUDAExecutionProvider', 'CPUExecutionProvider']",False,1,3,0,True,True,4,1,33.0,0.06908702850341797,51.0,757.0,nvml
006412.png,NANO,onnx_cuda,"['CUDAExecutionProvider', 'CPUExecutionProvider']",False,1,8,3,True,True,11,7,33.0,0.06908702850341797,51.0,757.0,nvml
006413.png,NANO,onnx_cuda,"['CUDAExecutionProvider', 'CPUExecutionProvider']",False,0,0,0,False,False,0,6,33.0,0.06908702850341797,51.0,757.0,nvml
006414.png,NANO,onnx_cuda,"['CUDAExecutionProvider', 'CPUExecutionProvider']",False,0,0,1,True,False,0,6,33.0,0.06908702850341797,51.0,757.0,nvml
006415.png,NANO,onnx_cuda,"['CUDAExecutionProvider', 'CPUExecutionProvider']",False,0,0,2,True,False,0,6,33.0,0.06908702850341797,51.0,757.0,nvml
006416.png,NANO,onnx_cuda,"['CUDAExecutionProvider', 'CPUExecutionProvider']",False,0,0,0,False,False,33,13,33.0,0.06908702850341797,51.0,757.0,nvml
006417.png,NANO,onnx_cuda,"['CUDAExecutionProvider', 'CPUExecutionProvider']",False,0,0,0,False,False,0,10,33.0,0.06908702850341797,51.0,757.0,nvml
006418.png,NANO,onnx_cuda,"['CUDAExecutionProvider', 'CPUExecutionProvider']",False,0,0,0,False,False,15,8,33.0,0.06908702850341797,51.0,757.0,nvml
006419.png,NANO,onnx_cuda,"['CUDAExecutionProvider', 'CPUExecutionProvider']",False,0,0,0,False,False,3,5,33.0,0.06908702850341797,51.0,757.0,nvml
006420.png,NANO,onnx_cuda,"['CUDAExecutionProvider', 'CPUExecutionProvider']",False,0,0,0,False,False,19,6,33.0,0.06908702850341797,51.0,757.0,nvml
006421.png,NANO,onnx_cuda,"['CUDAExecutionProvider', 'CPUExecutionProvider']",False,0,0,0,False,False,4,8,34.0,0.06908702850341797,51.0,750.0,nvml
006422.png,NANO,onnx_cuda,"['CUDAExecutionProvider', 'CPUExecutionProvider']",False,3,9,12,True,True,12,20,34.0,0.06908702850341797,51.0,750.0,nvml
006423.png,NANO,onnx_cuda,"['CUDAExecutionProvider', 'CPUExecutionProvider']",False,0,0,0,False,False,8,9,34.0,0.06908702850341797,51.0,750.0,nvml
006424.png,NANO,onnx_cuda,"['CUDAExecutionProvider', 'CPUExecutionProvider']",False,3,12,6,True,True,17,13,34.0,0.06908702850341797,50.0,750.0,nvml
006425.png,NANO,onnx_cuda,"['CUDAExecutionProvider', 'CPUExecutionProvider']",False,0,0,0,False,False,11,4,34.0,0.06908702850341797,50.0,750.0,nvml
006426.png,NANO,onnx_cuda,"['CUDAExecutionProvider', 'CPUExecutionProvider']",False,0,0,0,False,False,31,15,34.0,0.06908702850341797,50.0,750.0,nvml
006427.png,NANO,onnx_cuda,"['CUDAExecutionProvider', 'CPUExecutionProvider']",False,5,16,4,True,True,21,11,34.0,0.06908702850341797,50.0,750.0,nvml
006428.png,NANO,onnx_cuda,"['CUDAExecutionProvider', 'CPUExecutionProvider']",False,0,0,0,False,False,11,6,34.0,0.06908702850341797,50.0,750.0,nvml
006429.png,NANO,onnx_cuda,"['CUDAExecutionProvider', 'CPUExecutionProvider']",False,0,0,0,False,False,26,11,34.0,0.06908702850341797,50.0,750.0,nvml
006430.png,NANO,onnx_cuda,"['CUDAExecutionProvider', 'CPUExecutionProvider']",False,0,0,0,False,False,10,5,32.0,0.06908702850341797,50.0,735.0,nvml
006431.png,NANO,onnx_cuda,"['CUDAExecutionProvider', 'CPUExecutionProvider']",False,1,8,5,True,True,26,16,32.0,0.06908702850341797,50.0,735.0,nvml
006432.png,NANO,onnx_cuda,"['CUDAExecutionProvider', 'CPUExecutionProvider']",False,0,0,0,False,False,7,9,32.0,0.06908702850341797,50.0,735.0,nvml
006433.png,NANO,onnx_cuda,"['CUDAExecutionProvider', 'CPUExecutionProvider']",False,0,0,3,True,False,1,8,32.0,0.06908702850341797,50.0,735.0,nvml
006434.png,NANO,onnx_cuda,"['CUDAExecutionProvider', 'CPUExecutionProvider']",False,1,7,0,True,True,9,1,32.0,0.06908702850341797,50.0,735.0,nvml
006435.png,NANO,onnx_cuda,"['CUDAExecutionProvider', 'CPUExecutionProvider']",False,0,0,0,False,False,0,2,32.0,0.06908702850341797,50.0,735.0,nvml
006436.png,NANO,onnx_cuda,"['CUDAExecutionProvider', 'CPUExecutionProvider']",False,0,0,0,False,False,11,5,32.0,0.06908702850341797,50.0,735.0,nvml
006437.png,NANO,onnx_cuda,"['CUDAExecutionProvider', 'CPUExecutionProvider']",False,0,0,0,False,False,0,4,32.0,0.06908702850341797,50.0,735.0,nvml
006438.png,NANO,onnx_cuda,"['CUDAExecutionProvider', 'CPUExecutionProvider']",False,0,0,0,False,False,26,9,32.0,0.06908702850341797,50.0,735.0,nvml
006439.png,NANO,onnx_cuda,"['CUDAExecutionProvider', 'CPUExecutionProvider']",False,0,18,0,False,True,18,7,32.0,0.06908702850341797,50.0,735.0,nvml
006440.png,NANO,onnx_cuda,"['CUDAExecutionProvider', 'CPUExecutionProvider']",False,0,0,1,True,False,7,3,33.0,0.06908702850341797,50.0,720.0,nvml
006441.png,NANO,onnx_cuda,"['CUDAExecutionProvider', 'CPUExecutionProvider']",False,1,6,1,True,True,23,5,33.0,0.06908702850341797,50.0,720.0,nvml
006442.png,NANO,onnx_cuda,"['CUDAExecutionProvider', 'CPUExecutionProvider']",False,0,0,0,False,False,0,7,33.0,0.06908702850341797,50.0,720.0,nvml
006443.png,NANO,onnx_cuda,"['CUDAExecutionProvider', 'CPUExecutionProvider']",False,0,0,0,False,False,0,7,33.0,0.06908702850341797,50.0,720.0,nvml
006444.png,NANO,onnx_cuda,"['CUDAExecutionProvider', 'CPUExecutionProvider']",False,5,24,4,True,True,29,12,33.0,0.06908702850341797,50.0,720.0,nvml
006445.png,NANO,onnx_cuda,"['CUDAExecutionProvider', 'CPUExecutionProvider']",False,0,0,0,False,False,9,9,33.0,0.06908702850341797,50.0,720.0,nvml
006446.png,NANO,onnx_cuda,"['CUDAExecutionProvider', 'CPUExecutionProvider']",False,0,4,1,True,True,4,5,33.0,0.06908702850341797,50.0,720.0,nvml
006447.png,NANO,onnx_cuda,"['CUDAExecutionProvider', 'CPUExecutionProvider']",False,0,0,0,False,False,0,6,33.0,0.06908702850341797,50.0,720.0,nvml
006448.png,NANO,onnx_cuda,"['CUDAExecutionProvider', 'CPUExecutionProvider']",False,0,0,0,False,False,2,9,33.0,0.06908702850341797,50.0,720.0,nvml
006449.png,NANO,onnx_cuda,"['CUDAExecutionProvider', 'CPUExecutionProvider']",False,0,0,2,True,False,2,10,33.0,0.06908702850341797,50.0,720.0,nvml
006450.png,NANO,onnx_cuda,"['CUDAExecutionProvider', 'CPUExecutionProvider']",False,0,0,0,False,False,4,8,35.0,0.06908702850341797,50.0,712.0,nvml
006451.png,NANO,onnx_cuda,"['CUDAExecutionProvider', 'CPUExecutionProvider']",False,1,8,0,True,True,9,1,35.0,0.06908702850341797,50.0,712.0,nvml
006452.png,NANO,onnx_cuda,"['CUDAExecutionProvider', 'CPUExecutionProvider']",False,0,0,0,False,False,0,4,35.0,0.06908702850341797,50.0,712.0,nvml
006453.png,NANO,onnx_cuda,"['CUDAExecutionProvider', 'CPUExecutionProvider']",False,0,0,3,True,False,0,10,35.0,0.06908702850341797,50.0,712.0,nvml
006454.png,NANO,onnx_cuda,"['CUDAExecutionProvider', 'CPUExecutionProvider']",False,0,0,0,False,False,17,6,35.0,0.06908702850341797,50.0,712.0,nvml
006455.png,NANO,onnx_cuda,"['CUDAExecutionProvider', 'CPUExecutionProvider']",False,0,0,0,False,False,3,2,35.0,0.06908702850341797,50.0,712.0,nvml
006456.png,NANO,onnx_cuda,"['CUDAExecutionProvider', 'CPUExecutionProvider']",False,0,0,0,False,False,0,1,35.0,0.06908702850341797,50.0,712.0,nvml
006457.png,NANO,onnx_cuda,"['CUDAExecutionProvider', 'CPUExecutionProvider']",False,0,0,0,False,False,0,7,35.0,0.06908702850341797,50.0,712.0,nvml
006458.png,NANO,onnx_cuda,"['CUDAExecutionProvider', 'CPUExecutionProvider']",False,0,0,1,True,False,0,1,35.0,0.06908702850341797,50.0,712.0,nvml
006459.png,NANO,onnx_cuda,"['CUDAExecutionProvider', 'CPUExecutionProvider']",False,0,0,0,False,False,3,5,36.0,0.06908702850341797,50.0,705.0,nvml
006460.png,NANO,onnx_cuda,"['CUDAExecutionProvider', 'CPUExecutionProvider']",False,0,0,1,True,False,0,6,36.0,0.06908702850341797,50.0,705.0,nvml
006461.png,NANO,onnx_cuda,"['CUDAExecutionProvider', 'CPUExecutionProvider']",False,0,0,0,False,False,0,8,36.0,0.06908702850341797,50.0,705.0,nvml
006462.png,NANO,onnx_cuda,"['CUDAExecutionProvider', 'CPUExecutionProvider']",False,0,0,0,False,False,19,5,36.0,0.06908702850341797,50.0,705.0,nvml
006463.png,NANO,onnx_cuda,"['CUDAExecutionProvider', 'CPUExecutionProvider']",False,0,0,0,False,False,22,8,36.0,0.06908702850341797,50.0,705.0,nvml
006464.png,NANO,onnx_cuda,"['CUDAExecutionProvider', 'CPUExecutionProvider']",False,0,0,2,True,False,0,6,36.0,0.06908702850341797,50.0,705.0,nvml
006465.png,NANO,onnx_cuda,"['CUDAExecutionProvider', 'CPUExecutionProvider']",False,0,0,0,False,False,0,5,36.0,0.06908702850341797,50.0,705.0,nvml
006466.png,NANO,onnx_cuda,"['CUDAExecutionProvider', 'CPUExecutionProvider']",False,0,0,0,False,False,0,3,36.0,0.06908702850341797,50.0,705.0,nvml
006467.png,NANO,onnx_cuda,"['CUDAExecutionProvider', 'CPUExecutionProvider']",False,0,0,3,True,False,11,9,36.0,0.06908702850341797,50.0,705.0,nvml
006468.png,NANO,onnx_cuda,"['CUDAExecutionProvider', 'CPUExecutionProvider']",False,0,0,0,False,False,32,10,36.0,0.06908702850341797,50.0,705.0,nvml
006469.png,NANO,onnx_cuda,"['CUDAExecutionProvider', 'CPUExecutionProvider']",False,0,0,0,False,False,7,7,33.0,0.06908702850341797,50.0,697.0,nvml
006470.png,NANO,onnx_cuda,"['CUDAExecutionProvider', 'CPUExecutionProvider']",False,0,0,0,False,False,7,6,33.0,0.06908702850341797,50.0,697.0,nvml
006471.png,NANO,onnx_cuda,"['CUDAExecutionProvider', 'CPUExecutionProvider']",False,1,5,0,True,True,6,1,33.0,0.06908702850341797,50.0,697.0,nvml
006472.png,NANO,onnx_cuda,"['CUDAExecutionProvider', 'CPUExecutionProvider']",False,0,0,1,True,False,0,1,33.0,0.06908702850341797,50.0,697.0,nvml
006473.png,NANO,onnx_cuda,"['CUDAExecutionProvider', 'CPUExecutionProvider']",False,1,2,0,True,True,7,7,33.0,0.06908702850341797,50.0,697.0,nvml
006474.png,NANO,onnx_cuda,"['CUDAExecutionProvider', 'CPUExecutionProvider']",False,0,0,1,True,False,0,16,33.0,0.06908702850341797,50.0,697.0,nvml
006475.png,NANO,onnx_cuda,"['CUDAExecutionProvider', 'CPUExecutionProvider']",False,6,23,5,True,True,29,13,33.0,0.06908702850341797,50.0,697.0,nvml
006476.png,NANO,onnx_cuda,"['CUDAExecutionProvider', 'CPUExecutionProvider']",False,0,0,1,True,False,0,4,33.0,0.06908702850341797,50.0,697.0,nvml
006477.png,NANO,onnx_cuda,"['CUDAExecutionProvider', 'CPUExecutionProvider']",False,0,0,0,False,False,0,8,33.0,0.06908702850341797,50.0,697.0,nvml
006478.png,NANO,onnx_cuda,"['CUDAExecutionProvider', 'CPUExecutionProvider']",False,1,4,3,True,True,18,8,33.0,0.06908702850341797,50.0,697.0,nvml
006479.png,NANO,onnx_cuda,"['CUDAExecutionProvider', 'CPUExecutionProvider']",False,0,0,1,True,False,0,7,37.0,0.06908702850341797,50.0,690.0,nvml
006480.png,NANO,onnx_cuda,"['CUDAExecutionProvider', 'CPUExecutionProvider']",False,0,0,1,True,False,0,1,37.0,0.06908702850341797,50.0,690.0,nvml
006481.png,NANO,onnx_cuda,"['CUDAExecutionProvider', 'CPUExecutionProvider']",False,0,0,0,False,False,11,5,37.0,0.06908702850341797,50.0,690.0,nvml
006482.png,NANO,onnx_cuda,"['CUDAExecutionProvider', 'CPUExecutionProvider']",False,0,0,0,False,False,0,6,37.0,0.06908702850341797,50.0,690.0,nvml
006483.png,NANO,onnx_cuda,"['CUDAExecutionProvider', 'CPUExecutionProvider']",False,0,0,0,False,False,6,6,37.0,0.06908702850341797,50.0,690.0,nvml
006484.png,NANO,onnx_cuda,"['CUDAExecutionProvider', 'CPUExecutionProvider']",False,0,0,1,True,False,0,5,37.0,0.06908702850341797,50.0,690.0,nvml
006485.png,NANO,onnx_cuda,"['CUDAExecutionProvider', 'CPUExecutionProvider']",False,0,0,0,False,False,0,2,37.0,0.06908702850341797,50.0,690.0,nvml
006486.png,NANO,onnx_cuda,"['CUDAExecutionProvider', 'CPUExecutionProvider']",False,2,21,0,True,True,23,2,37.0,0.06908702850341797,50.0,690.0,nvml
006487.png,NANO,onnx_cuda,"['CUDAExecutionProvider', 'CPUExecutionProvider']",False,0,0,0,False,False,2,4,37.0,0.06908702850341797,50.0,690.0,nvml
006488.png,NANO,onnx_cuda,"['CUDAExecutionProvider', 'CPUExecutionProvider']",False,7,23,2,True,True,30,11,37.0,0.06908702850341797,50.0,690.0,nvml
006489.png,NANO,onnx_cuda,"['CUDAExecutionProvider', 'CPUExecutionProvider']",False,0,0,0,False,False,39,13,37.0,0.06908702850341797,50.0,682.0,nvml
006490.png,NANO,onnx_cuda,"['CUDAExecutionProvider', 'CPUExecutionProvider']",False,0,0,0,False,False,1,8,37.0,0.06908702850341797,50.0,682.0,nvml
006491.png,NANO,onnx_cuda,"['CUDAExecutionProvider', 'CPUExecutionProvider']",False,0,0,0,False,False,2,6,37.0,0.06908702850341797,50.0,682.0,nvml
006492.png,NANO,onnx_cuda,"['CUDAExecutionProvider', 'CPUExecutionProvider']",False,0,0,1,True,False,13,7,37.0,0.06908702850341797,50.0,682.0,nvml
006493.png,NANO,onnx_cuda,"['CUDAExecutionProvider', 'CPUExecutionProvider']",False,0,0,0,False,False,9,8,37.0,0.06908702850341797,50.0,682.0,nvml
006494.png,NANO,onnx_cuda,"['CUDAExecutionProvider', 'CPUExecutionProvider']",False,0,0,0,False,False,5,10,37.0,0.06908702850341797,50.0,682.0,nvml
006495.png,NANO,onnx_cuda,"['CUDAExecutionProvider', 'CPUExecutionProvider']",False,0,0,0,False,False,0,7,37.0,0.06908702850341797,50.0,682.0,nvml
006496.png,NANO,onnx_cuda,"['CUDAExecutionProvider', 'CPUExecutionProvider']",False,4,20,3,True,True,33,10,37.0,0.06908702850341797,50.0,682.0,nvml
006497.png,NANO,onnx_cuda,"['CUDAExecutionProvider', 'CPUExecutionProvider']",False,0,0,0,False,False,10,11,37.0,0.06908702850341797,50.0,682.0,nvml
006498.png,NANO,onnx_cuda,"['CUDAExecutionProvider', 'CPUExecutionProvider']",False,0,0,1,True,False,11,8,37.0,0.06908702850341797,50.0,682.0,nvml
006499.png,NANO,onnx_cuda,"['CUDAExecutionProvider', 'CPUExecutionProvider']",False,0,0,0,False,False,8,2,37.0,0.06908702850341797,50.0,682.0,nvml
006500.png,NANO,onnx_cuda,"['CUDAExecutionProvider', 'CPUExecutionProvider']",False,0,0,1,True,False,0,8,37.0,0.06908702850341797,50.0,682.0,nvml
006501.png,NANO,onnx_cuda,"['CUDAExecutionProvider', 'CPUExecutionProvider']",False,0,0,0,False,False,7,5,37.0,0.06908702850341797,50.0,682.0,nvml
006502.png,NANO,onnx_cuda,"['CUDAExecutionProvider', 'CPUExecutionProvider']",False,1,6,0,True,True,7,1,37.0,0.06908702850341797,50.0,682.0,nvml
006503.png,NANO,onnx_cuda,"['CUDAExecutionProvider', 'CPUExecutionProvider']",False,0,0,1,True,False,10,6,37.0,0.06908702850341797,50.0,682.0,nvml
006504.png,NANO,onnx_cuda,"['CUDAExecutionProvider', 'CPUExecutionProvider']",False,0,0,0,False,False,11,4,37.0,0.06908702850341797,50.0,682.0,nvml
006505.png,NANO,onnx_cuda,"['CUDAExecutionProvider', 'CPUExecutionProvider']",False,0,0,0,False,False,0,5,37.0,0.06908702850341797,50.0,682.0,nvml
006506.png,NANO,onnx_cuda,"['CUDAExecutionProvider', 'CPUExecutionProvider']",False,0,0,0,False,False,5,6,37.0,0.06908702850341797,50.0,682.0,nvml
006507.png,NANO,onnx_cuda,"['CUDAExecutionProvider', 'CPUExecutionProvider']",False,0,0,0,False,False,0,6,37.0,0.06908702850341797,50.0,682.0,nvml
006508.png,NANO,onnx_cuda,"['CUDAExecutionProvider', 'CPUExecutionProvider']",False,0,0,1,True,False,20,7,37.0,0.06908702850341797,50.0,682.0,nvml
006509.png,NANO,onnx_cuda,"['CUDAExecutionProvider', 'CPUExecutionProvider']",False,0,0,0,False,False,11,4,37.0,0.06908702850341797,50.0,675.0,nvml
006510.png,NANO,onnx_cuda,"['CUDAExecutionProvider', 'CPUExecutionProvider']",False,0,0,0,False,False,0,2,37.0,0.06908702850341797,50.0,675.0,nvml
006511.png,NANO,onnx_cuda,"['CUDAExecutionProvider', 'CPUExecutionProvider']",False,0,0,4,True,False,20,10,37.0,0.06908702850341797,50.0,675.0,nvml
006512.png,NANO,onnx_cuda,"['CUDAExecutionProvider', 'CPUExecutionProvider']",False,0,0,0,False,False,0,5,37.0,0.06908702850341797,50.0,675.0,nvml
006513.png,NANO,onnx_cuda,"['CUDAExecutionProvider', 'CPUExecutionProvider']",False,0,0,0,False,False,29,8,37.0,0.06908702850341797,50.0,675.0,nvml
006514.png,NANO,onnx_cuda,"['CUDAExecutionProvider', 'CPUExecutionProvider']",False,0,0,0,False,False,0,5,37.0,0.06908702850341797,50.0,675.0,nvml
006515.png,NANO,onnx_cuda,"['CUDAExecutionProvider', 'CPUExecutionProvider']",False,0,0,0,False,False,8,5,37.0,0.06908702850341797,50.0,675.0,nvml
006516.png,NANO,onnx_cuda,"['CUDAExecutionProvider', 'CPUExecutionProvider']",False,0,0,0,False,False,0,4,37.0,0.06908702850341797,50.0,675.0,nvml
006517.png,NANO,onnx_cuda,"['CUDAExecutionProvider', 'CPUExecutionProvider']",False,0,0,2,True,False,1,6,37.0,0.06908702850341797,50.0,675.0,nvml
006518.png,NANO,onnx_cuda,"['CUDAExecutionProvider', 'CPUExecutionProvider']",False,0,0,0,False,False,0,3,37.0,0.06908702850341797,50.0,667.0,nvml
006519.png,NANO,onnx_cuda,"['CUDAExecutionProvider', 'CPUExecutionProvider']",False,0,5,3,True,True,33,12,37.0,0.06908702850341797,50.0,667.0,nvml
006520.png,NANO,onnx_cuda,"['CUDAExecutionProvider', 'CPUExecutionProvider']",False,0,0,0,False,False,29,10,37.0,0.06908702850341797,50.0,667.0,nvml
006521.png,NANO,onnx_cuda,"['CUDAExecutionProvider', 'CPUExecutionProvider']",False,0,0,0,False,False,0,1,37.0,0.06908702850341797,50.0,667.0,nvml
006522.png,NANO,onnx_cuda,"['CUDAExecutionProvider', 'CPUExecutionProvider']",False,0,0,2,True,False,0,7,37.0,0.06908702850341797,50.0,667.0,nvml
006523.png,NANO,onnx_cuda,"['CUDAExecutionProvider', 'CPUExecutionProvider']",False,0,0,0,False,False,17,14,37.0,0.06908702850341797,50.0,667.0,nvml
006524.png,NANO,onnx_cuda,"['CUDAExecutionProvider', 'CPUExecutionProvider']",False,0,0,0,False,False,3,4,37.0,0.06908702850341797,50.0,667.0,nvml
006525.png,NANO,onnx_cuda,"['CUDAExecutionProvider', 'CPUExecutionProvider']",False,0,0,1,True,False,22,8,37.0,0.06908702850341797,50.0,667.0,nvml
006526.png,NANO,onnx_cuda,"['CUDAExecutionProvider', 'CPUExecutionProvider']",False,0,0,0,False,False,0,8,37.0,0.06908702850341797,50.0,667.0,nvml
006527.png,NANO,onnx_cuda,"['CUDAExecutionProvider', 'CPUExecutionProvider']",False,0,0,0,False,False,18,13,37.0,0.06908702850341797,50.0,667.0,nvml
006528.png,NANO,onnx_cuda,"['CUDAExecutionProvider', 'CPUExecutionProvider']",False,0,0,6,True,False,2,14,34.0,0.06908702850341797,50.0,660.0,nvml
006529.png,NANO,onnx_cuda,"['CUDAExecutionProvider', 'CPUExecutionProvider']",False,0,0,0,False,False,0,6,34.0,0.06908702850341797,50.0,660.0,nvml
006530.png,NANO,onnx_cuda,"['CUDAExecutionProvider', 'CPUExecutionProvider']",False,0,0,0,False,False,9,7,34.0,0.06908702850341797,50.0,660.0,nvml
006531.png,NANO,onnx_cuda,"['CUDAExecutionProvider', 'CPUExecutionProvider']",False,0,0,0,False,False,21,7,34.0,0.06908702850341797,50.0,660.0,nvml
006532.png,NANO,onnx_cuda,"['CUDAExecutionProvider', 'CPUExecutionProvider']",False,0,0,0,False,False,40,10,34.0,0.06908702850341797,50.0,660.0,nvml
006533.png,NANO,onnx_cuda,"['CUDAExecutionProvider', 'CPUExecutionProvider']",False,0,0,0,False,False,0,6,34.0,0.06908702850341797,50.0,660.0,nvml
006534.png,NANO,onnx_cuda,"['CUDAExecutionProvider', 'CPUExecutionProvider']",False,0,0,1,True,False,1,5,34.0,0.06908702850341797,50.0,660.0,nvml
006535.png,NANO,onnx_cuda,"['CUDAExecutionProvider', 'CPUExecutionProvider']",False,0,0,0,False,False,25,11,34.0,0.06908702850341797,50.0,660.0,nvml
006536.png,NANO,onnx_cuda,"['CUDAExecutionProvider', 'CPUExecutionProvider']",False,1,0,0,True,True,1,9,34.0,0.06908702850341797,50.0,660.0,nvml
006537.png,NANO,onnx_cuda,"['CUDAExecutionProvider', 'CPUExecutionProvider']",False,0,0,0,False,False,0,4,34.0,0.06908702850341797,50.0,660.0,nvml
006538.png,NANO,onnx_cuda,"['CUDAExecutionProvider', 'CPUExecutionProvider']",False,0,0,0,False,False,19,10,38.0,0.06908702850341797,50.0,660.0,nvml
006539.png,NANO,onnx_cuda,"['CUDAExecutionProvider', 'CPUExecutionProvider']",False,4,17,1,True,True,31,9,38.0,0.06908702850341797,50.0,660.0,nvml
006540.png,NANO,onnx_cuda,"['CUDAExecutionProvider', 'CPUExecutionProvider']",False,0,0,0,False,False,18,4,38.0,0.06908702850341797,50.0,660.0,nvml
006541.png,NANO,onnx_cuda,"['CUDAExecutionProvider', 'CPUExecutionProvider']",False,0,0,0,False,False,1,3,38.0,0.06908702850341797,50.0,660.0,nvml
006542.png,NANO,onnx_cuda,"['CUDAExecutionProvider', 'CPUExecutionProvider']",False,0,0,0,False,False,1,7,38.0,0.06908702850341797,50.0,660.0,nvml
006543.png,NANO,onnx_cuda,"['CUDAExecutionProvider', 'CPUExecutionProvider']",False,0,0,0,False,False,28,8,38.0,0.06908702850341797,50.0,660.0,nvml
006544.png,NANO,onnx_cuda,"['CUDAExecutionProvider', 'CPUExecutionProvider']",False,0,0,0,False,False,0,5,38.0,0.06908702850341797,50.0,660.0,nvml
006545.png,NANO,onnx_cuda,"['CUDAExecutionProvider', 'CPUExecutionProvider']",False,0,0,0,False,False,12,5,38.0,0.06908702850341797,50.0,660.0,nvml
006546.png,NANO,onnx_cuda,"['CUDAExecutionProvider', 'CPUExecutionProvider']",False,0,0,1,True,False,9,3,38.0,0.06908702850341797,50.0,660.0,nvml
006547.png,NANO,onnx_cuda,"['CUDAExecutionProvider', 'CPUExecutionProvider']",False,0,0,0,False,False,6,5,38.0,0.06908702850341797,50.0,660.0,nvml
006548.png,NANO,onnx_cuda,"['CUDAExecutionProvider', 'CPUExecutionProvider']",False,0,0,0,False,False,8,6,38.0,0.06908702850341797,50.0,652.0,nvml
006549.png,NANO,onnx_cuda,"['CUDAExecutionProvider', 'CPUExecutionProvider']",False,0,0,0,False,False,31,16,38.0,0.06908702850341797,50.0,652.0,nvml
006550.png,NANO,onnx_cuda,"['CUDAExecutionProvider', 'CPUExecutionProvider']",False,0,0,0,False,False,9,3,38.0,0.06908702850341797,50.0,652.0,nvml
006551.png,NANO,onnx_cuda,"['CUDAExecutionProvider', 'CPUExecutionProvider']",False,0,0,0,False,False,11,6,38.0,0.06908702850341797,50.0,652.0,nvml
006552.png,NANO,onnx_cuda,"['CUDAExecutionProvider', 'CPUExecutionProvider']",False,3,20,1,True,True,23,4,38.0,0.06908702850341797,50.0,652.0,nvml
006553.png,NANO,onnx_cuda,"['CUDAExecutionProvider', 'CPUExecutionProvider']",False,0,0,0,False,False,0,4,38.0,0.06908702850341797,50.0,652.0,nvml
006554.png,NANO,onnx_cuda,"['CUDAExecutionProvider', 'CPUExecutionProvider']",False,0,0,0,False,False,0,3,38.0,0.06908702850341797,50.0,652.0,nvml
006555.png,NANO,onnx_cuda,"['CUDAExecutionProvider', 'CPUExecutionProvider']",False,0,0,0,False,False,0,3,38.0,0.06908702850341797,50.0,652.0,nvml
006556.png,NANO,onnx_cuda,"['CUDAExecutionProvider', 'CPUExecutionProvider']",False,0,0,1,True,False,15,4,38.0,0.06908702850341797,50.0,652.0,nvml
006557.png,NANO,onnx_cuda,"['CUDAExecutionProvider', 'CPUExecutionProvider']",False,0,0,0,False,False,25,8,37.0,0.06908702850341797,50.0,652.0,nvml
006558.png,NANO,onnx_cuda,"['CUDAExecutionProvider', 'CPUExecutionProvider']",False,0,0,0,False,False,19,2,37.0,0.06908702850341797,50.0,652.0,nvml
006559.png,NANO,onnx_cuda,"['CUDAExecutionProvider', 'CPUExecutionProvider']",False,0,0,0,False,False,15,15,37.0,0.06908702850341797,50.0,652.0,nvml
006560.png,NANO,onnx_cuda,"['CUDAExecutionProvider', 'CPUExecutionProvider']",False,0,0,0,False,False,6,6,37.0,0.06908702850341797,50.0,652.0,nvml
006561.png,NANO,onnx_cuda,"['CUDAExecutionProvider', 'CPUExecutionProvider']",False,0,0,0,False,False,9,7,37.0,0.06908702850341797,50.0,652.0,nvml
006562.png,NANO,onnx_cuda,"['CUDAExecutionProvider', 'CPUExecutionProvider']",False,0,0,0,False,False,18,16,37.0,0.06908702850341797,50.0,652.0,nvml
006563.png,NANO,onnx_cuda,"['CUDAExecutionProvider', 'CPUExecutionProvider']",False,0,0,0,False,False,0,4,37.0,0.06908702850341797,50.0,652.0,nvml
006564.png,NANO,onnx_cuda,"['CUDAExecutionProvider', 'CPUExecutionProvider']",False,0,0,2,True,False,11,12,37.0,0.06908702850341797,50.0,652.0,nvml
006565.png,NANO,onnx_cuda,"['CUDAExecutionProvider', 'CPUExecutionProvider']",False,0,0,0,False,False,0,5,37.0,0.06908702850341797,50.0,652.0,nvml
006566.png,NANO,onnx_cuda,"['CUDAExecutionProvider', 'CPUExecutionProvider']",False,0,0,0,False,False,0,2,37.0,0.06908702850341797,50.0,652.0,nvml
006567.png,NANO,onnx_cuda,"['CUDAExecutionProvider', 'CPUExecutionProvider']",False,0,0,0,False,False,17,8,36.0,0.06908702850341797,50.0,645.0,nvml
006568.png,NANO,onnx_cuda,"['CUDAExecutionProvider', 'CPUExecutionProvider']",False,0,0,0,False,False,52,11,36.0,0.06908702850341797,50.0,645.0,nvml
006569.png,NANO,onnx_cuda,"['CUDAExecutionProvider', 'CPUExecutionProvider']",False,0,0,0,False,False,0,8,36.0,0.06908702850341797,50.0,645.0,nvml
006570.png,NANO,onnx_cuda,"['CUDAExecutionProvider', 'CPUExecutionProvider']",False,0,0,1,True,False,5,7,36.0,0.06908702850341797,50.0,645.0,nvml
006571.png,NANO,onnx_cuda,"['CUDAExecutionProvider', 'CPUExecutionProvider']",False,0,0,0,False,False,6,7,36.0,0.06908702850341797,50.0,645.0,nvml
006572.png,NANO,onnx_cuda,"['CUDAExecutionProvider', 'CPUExecutionProvider']",False,0,0,1,True,False,12,3,36.0,0.06908702850341797,50.0,645.0,nvml
006573.png,NANO,onnx_cuda,"['CUDAExecutionProvider', 'CPUExecutionProvider']",False,0,0,1,True,False,0,1,36.0,0.06908702850341797,50.0,645.0,nvml
006574.png,NANO,onnx_cuda,"['CUDAExecutionProvider', 'CPUExecutionProvider']",False,0,0,1,True,False,2,3,36.0,0.06908702850341797,50.0,645.0,nvml
006575.png,NANO,onnx_cuda,"['CUDAExecutionProvider', 'CPUExecutionProvider']",False,1,10,0,True,True,12,1,36.0,0.06908702850341797,50.0,645.0,nvml
006576.png,NANO,onnx_cuda,"['CUDAExecutionProvider', 'CPUExecutionProvider']",False,0,0,0,False,False,14,5,36.0,0.06908702850341797,50.0,645.0,nvml
006577.png,NANO,onnx_cuda,"['CUDAExecutionProvider', 'CPUExecutionProvider']",False,0,0,0,False,False,0,4,37.0,0.06908702850341797,50.0,637.0,nvml
006578.png,NANO,onnx_cuda,"['CUDAExecutionProvider', 'CPUExecutionProvider']",False,5,33,4,True,True,38,11,37.0,0.06908702850341797,50.0,637.0,nvml
006579.png,NANO,onnx_cuda,"['CUDAExecutionProvider', 'CPUExecutionProvider']",False,0,0,1,True,False,0,1,37.0,0.06908702850341797,50.0,637.0,nvml
006580.png,NANO,onnx_cuda,"['CUDAExecutionProvider', 'CPUExecutionProvider']",False,0,0,0,False,False,0,1,37.0,0.06908702850341797,50.0,637.0,nvml
006581.png,NANO,onnx_cuda,"['CUDAExecutionProvider', 'CPUExecutionProvider']",False,0,0,0,False,False,9,4,37.0,0.06908702850341797,50.0,637.0,nvml
006582.png,NANO,onnx_cuda,"['CUDAExecutionProvider', 'CPUExecutionProvider']",False,0,1,0,False,True,1,2,37.0,0.06908702850341797,50.0,637.0,nvml
006583.png,NANO,onnx_cuda,"['CUDAExecutionProvider', 'CPUExecutionProvider']",False,5,16,13,True,True,31,20,37.0,0.06908702850341797,50.0,637.0,nvml
006584.png,NANO,onnx_cuda,"['CUDAExecutionProvider', 'CPUExecutionProvider']",False,0,0,0,False,False,0,1,37.0,0.06908702850341797,50.0,637.0,nvml
006585.png,NANO,onnx_cuda,"['CUDAExecutionProvider', 'CPUExecutionProvider']",False,1,8,0,True,True,9,1,37.0,0.06908702850341797,50.0,637.0,nvml
006586.png,NANO,onnx_cuda,"['CUDAExecutionProvider', 'CPUExecutionProvider']",False,0,0,0,False,False,2,5,37.0,0.06908702850341797,50.0,637.0,nvml
006587.png,NANO,onnx_cuda,"['CUDAExecutionProvider', 'CPUExecutionProvider']",False,0,0,0,False,False,24,9,37.0,0.06908702850341797,50.0,637.0,nvml
006588.png,NANO,onnx_cuda,"['CUDAExecutionProvider', 'CPUExecutionProvider']",False,0,0,0,False,False,10,8,37.0,0.06908702850341797,50.0,637.0,nvml
006589.png,NANO,onnx_cuda,"['CUDAExecutionProvider', 'CPUExecutionProvider']",False,1,0,1,True,True,40,20,37.0,0.06908702850341797,50.0,637.0,nvml
006590.png,NANO,onnx_cuda,"['CUDAExecutionProvider', 'CPUExecutionProvider']",False,0,0,0,False,False,2,6,37.0,0.06908702850341797,50.0,637.0,nvml
006591.png,NANO,onnx_cuda,"['CUDAExecutionProvider', 'CPUExecutionProvider']",False,0,0,0,False,False,10,3,37.0,0.06908702850341797,50.0,637.0,nvml
006592.png,NANO,onnx_cuda,"['CUDAExecutionProvider', 'CPUExecutionProvider']",False,0,0,0,False,False,11,2,37.0,0.06908702850341797,50.0,637.0,nvml
006593.png,NANO,onnx_cuda,"['CUDAExecutionProvider', 'CPUExecutionProvider']",False,0,0,0,False,False,1,6,37.0,0.06908702850341797,50.0,637.0,nvml
006594.png,NANO,onnx_cuda,"['CUDAExecutionProvider', 'CPUExecutionProvider']",False,0,0,0,False,False,28,12,37.0,0.06908702850341797,50.0,637.0,nvml
006595.png,NANO,onnx_cuda,"['CUDAExecutionProvider', 'CPUExecutionProvider']",False,0,0,0,False,False,30,14,37.0,0.06908702850341797,50.0,637.0,nvml
006596.png,NANO,onnx_cuda,"['CUDAExecutionProvider', 'CPUExecutionProvider']",False,0,0,0,False,False,0,3,37.0,0.06908702850341797,50.0,637.0,nvml
006597.png,NANO,onnx_cuda,"['CUDAExecutionProvider', 'CPUExecutionProvider']",False,0,0,3,True,False,19,11,38.0,0.06908702850341797,50.0,630.0,nvml
006598.png,NANO,onnx_cuda,"['CUDAExecutionProvider', 'CPUExecutionProvider']",False,0,0,0,False,False,36,14,38.0,0.06908702850341797,50.0,630.0,nvml
006599.png,NANO,onnx_cuda,"['CUDAExecutionProvider', 'CPUExecutionProvider']",False,0,0,0,False,False,7,5,38.0,0.06908702850341797,50.0,630.0,nvml
006600.png,NANO,onnx_cuda,"['CUDAExecutionProvider', 'CPUExecutionProvider']",False,0,0,1,True,False,24,4,38.0,0.06908702850341797,50.0,630.0,nvml
006601.png,NANO,onnx_cuda,"['CUDAExecutionProvider', 'CPUExecutionProvider']",False,0,0,0,False,False,0,4,38.0,0.06908702850341797,50.0,630.0,nvml
006602.png,NANO,onnx_cuda,"['CUDAExecutionProvider', 'CPUExecutionProvider']",False,0,0,0,False,False,18,13,38.0,0.06908702850341797,50.0,630.0,nvml
006603.png,NANO,onnx_cuda,"['CUDAExecutionProvider', 'CPUExecutionProvider']",False,0,2,1,True,True,2,4,38.0,0.06908702850341797,50.0,630.0,nvml
006604.png,NANO,onnx_cuda,"['CUDAExecutionProvider', 'CPUExecutionProvider']",False,0,0,1,True,False,0,5,38.0,0.06908702850341797,50.0,630.0,nvml
006605.png,NANO,onnx_cuda,"['CUDAExecutionProvider', 'CPUExecutionProvider']",False,2,19,5,True,True,21,9,38.0,0.06908702850341797,50.0,630.0,nvml
006606.png,NANO,onnx_cuda,"['CUDAExecutionProvider', 'CPUExecutionProvider']",False,0,0,0,False,False,0,2,37.0,0.06908702850341797,50.0,630.0,nvml
006607.png,NANO,onnx_cuda,"['CUDAExecutionProvider', 'CPUExecutionProvider']",False,0,0,0,False,False,0,2,37.0,0.06908702850341797,50.0,630.0,nvml
006608.png,NANO,onnx_cuda,"['CUDAExecutionProvider', 'CPUExecutionProvider']",False,2,12,6,True,True,14,18,37.0,0.06908702850341797,50.0,630.0,nvml
006609.png,NANO,onnx_cuda,"['CUDAExecutionProvider', 'CPUExecutionProvider']",False,0,2,0,False,True,2,1,37.0,0.06908702850341797,50.0,630.0,nvml
006610.png,NANO,onnx_cuda,"['CUDAExecutionProvider', 'CPUExecutionProvider']",False,0,0,0,False,False,0,4,37.0,0.06908702850341797,50.0,630.0,nvml
006611.png,NANO,onnx_cuda,"['CUDAExecutionProvider', 'CPUExecutionProvider']",False,0,0,2,True,False,18,9,37.0,0.06908702850341797,50.0,630.0,nvml
006612.png,NANO,onnx_cuda,"['CUDAExecutionProvider', 'CPUExecutionProvider']",False,0,0,2,True,False,30,12,37.0,0.06908702850341797,50.0,630.0,nvml
006613.png,NANO,onnx_cuda,"['CUDAExecutionProvider', 'CPUExecutionProvider']",False,1,14,6,True,True,23,9,37.0,0.06908702850341797,50.0,630.0,nvml
006614.png,NANO,onnx_cuda,"['CUDAExecutionProvider', 'CPUExecutionProvider']",False,0,0,0,False,False,0,6,37.0,0.06908702850341797,50.0,630.0,nvml
006615.png,NANO,onnx_cuda,"['CUDAExecutionProvider', 'CPUExecutionProvider']",False,0,0,0,False,False,0,2,37.0,0.06908702850341797,50.0,630.0,nvml
006616.png,NANO,onnx_cuda,"['CUDAExecutionProvider', 'CPUExecutionProvider']",False,0,0,0,False,False,0,7,36.0,0.06908702850341797,50.0,622.0,nvml
006617.png,NANO,onnx_cuda,"['CUDAExecutionProvider', 'CPUExecutionProvider']",False,0,0,2,True,False,0,7,36.0,0.06908702850341797,50.0,622.0,nvml
006618.png,NANO,onnx_cuda,"['CUDAExecutionProvider', 'CPUExecutionProvider']",False,0,0,0,False,False,10,5,36.0,0.06908702850341797,50.0,622.0,nvml
006619.png,NANO,onnx_cuda,"['CUDAExecutionProvider', 'CPUExecutionProvider']",False,0,0,0,False,False,0,6,36.0,0.06908702850341797,50.0,622.0,nvml
006620.png,NANO,onnx_cuda,"['CUDAExecutionProvider', 'CPUExecutionProvider']",False,0,0,0,False,False,8,7,36.0,0.06908702850341797,50.0,622.0,nvml
006621.png,NANO,onnx_cuda,"['CUDAExecutionProvider', 'CPUExecutionProvider']",False,0,0,0,False,False,0,7,36.0,0.06908702850341797,50.0,622.0,nvml
006622.png,NANO,onnx_cuda,"['CUDAExecutionProvider', 'CPUExecutionProvider']",False,0,0,0,False,False,18,12,36.0,0.06908702850341797,50.0,622.0,nvml
006623.png,NANO,onnx_cuda,"['CUDAExecutionProvider', 'CPUExecutionProvider']",False,0,0,4,True,False,1,9,36.0,0.06908702850341797,50.0,622.0,nvml
006624.png,NANO,onnx_cuda,"['CUDAExecutionProvider', 'CPUExecutionProvider']",False,0,0,0,False,False,14,9,36.0,0.06908702850341797,50.0,622.0,nvml
006625.png,NANO,onnx_cuda,"['CUDAExecutionProvider', 'CPUExecutionProvider']",False,0,0,0,False,False,7,14,36.0,0.06908702850341797,50.0,622.0,nvml
006626.png,NANO,onnx_cuda,"['CUDAExecutionProvider', 'CPUExecutionProvider']",False,0,0,0,False,False,0,3,38.0,0.06908702850341797,50.0,622.0,nvml
006627.png,NANO,onnx_cuda,"['CUDAExecutionProvider', 'CPUExecutionProvider']",False,1,1,3,True,True,12,8,38.0,0.06908702850341797,50.0,622.0,nvml
006628.png,NANO,onnx_cuda,"['CUDAExecutionProvider', 'CPUExecutionProvider']",False,1,9,0,True,True,21,8,38.0,0.06908702850341797,50.0,622.0,nvml
006629.png,NANO,onnx_cuda,"['CUDAExecutionProvider', 'CPUExecutionProvider']",False,0,0,1,True,False,7,9,38.0,0.06908702850341797,50.0,622.0,nvml
006630.png,NANO,onnx_cuda,"['CUDAExecutionProvider', 'CPUExecutionProvider']",False,0,0,0,False,False,6,10,38.0,0.06908702850341797,50.0,622.0,nvml
006631.png,NANO,onnx_cuda,"['CUDAExecutionProvider', 'CPUExecutionProvider']",False,0,0,0,False,False,2,6,38.0,0.06908702850341797,50.0,622.0,nvml
006632.png,NANO,onnx_cuda,"['CUDAExecutionProvider', 'CPUExecutionProvider']",False,0,0,1,True,False,18,9,38.0,0.06908702850341797,50.0,622.0,nvml
006633.png,NANO,onnx_cuda,"['CUDAExecutionProvider', 'CPUExecutionProvider']",False,0,0,0,False,False,6,6,38.0,0.06908702850341797,50.0,622.0,nvml
006634.png,NANO,onnx_cuda,"['CUDAExecutionProvider', 'CPUExecutionProvider']",False,0,0,0,False,False,11,5,38.0,0.06908702850341797,50.0,622.0,nvml
006635.png,NANO,onnx_cuda,"['CUDAExecutionProvider', 'CPUExecutionProvider']",False,0,2,1,True,True,2,8,35.0,0.06908702850341797,50.0,615.0,nvml
006636.png,NANO,onnx_cuda,"['CUDAExecutionProvider', 'CPUExecutionProvider']",False,0,0,0,False,False,0,5,35.0,0.06908702850341797,50.0,615.0,nvml
006637.png,NANO,onnx_cuda,"['CUDAExecutionProvider', 'CPUExecutionProvider']",False,0,0,0,False,False,16,11,35.0,0.06908702850341797,50.0,615.0,nvml
006638.png,NANO,onnx_cuda,"['CUDAExecutionProvider', 'CPUExecutionProvider']",False,0,0,0,False,False,37,10,35.0,0.06908702850341797,50.0,615.0,nvml
006639.png,NANO,onnx_cuda,"['CUDAExecutionProvider', 'CPUExecutionProvider']",False,1,6,0,True,True,45,15,35.0,0.06908702850341797,50.0,615.0,nvml
006640.png,NANO,onnx_cuda,"['CUDAExecutionProvider', 'CPUExecutionProvider']",False,0,0,0,False,False,12,8,35.0,0.06908702850341797,50.0,615.0,nvml
006641.png,NANO,onnx_cuda,"['CUDAExecutionProvider', 'CPUExecutionProvider']",False,0,0,0,False,False,0,1,35.0,0.06908702850341797,50.0,615.0,nvml
006642.png,NANO,onnx_cuda,"['CUDAExecutionProvider', 'CPUExecutionProvider']",False,0,0,1,True,False,24,10,35.0,0.06908702850341797,50.0,615.0,nvml
006643.png,NANO,onnx_cuda,"['CUDAExecutionProvider', 'CPUExecutionProvider']",False,0,0,0,False,False,0,6,35.0,0.06908702850341797,50.0,615.0,nvml
006644.png,NANO,onnx_cuda,"['CUDAExecutionProvider', 'CPUExecutionProvider']",False,0,0,0,False,False,12,5,39.0,0.06908702850341797,50.0,607.0,nvml
006645.png,NANO,onnx_cuda,"['CUDAExecutionProvider', 'CPUExecutionProvider']",False,1,8,2,True,True,9,6,39.0,0.06908702850341797,50.0,607.0,nvml
006646.png,NANO,onnx_cuda,"['CUDAExecutionProvider', 'CPUExecutionProvider']",False,0,0,0,False,False,19,4,39.0,0.06908702850341797,50.0,607.0,nvml
006647.png,NANO,onnx_cuda,"['CUDAExecutionProvider', 'CPUExecutionProvider']",False,0,0,1,True,False,7,7,39.0,0.06908702850341797,50.0,607.0,nvml
006648.png,NANO,onnx_cuda,"['CUDAExecutionProvider', 'CPUExecutionProvider']",False,0,0,0,False,False,32,17,39.0,0.06908702850341797,51.0,607.0,nvml
006649.png,NANO,onnx_cuda,"['CUDAExecutionProvider', 'CPUExecutionProvider']",False,0,0,1,True,False,30,10,39.0,0.06908702850341797,51.0,607.0,nvml
006650.png,NANO,onnx_cuda,"['CUDAExecutionProvider', 'CPUExecutionProvider']",False,0,0,3,True,False,0,5,39.0,0.06908702850341797,51.0,607.0,nvml
006651.png,NANO,onnx_cuda,"['CUDAExecutionProvider', 'CPUExecutionProvider']",False,0,0,1,True,False,5,6,39.0,0.06908702850341797,51.0,607.0,nvml
006652.png,NANO,onnx_cuda,"['CUDAExecutionProvider', 'CPUExecutionProvider']",False,1,2,0,True,True,6,1,39.0,0.06908702850341797,51.0,607.0,nvml
006653.png,NANO,onnx_cuda,"['CUDAExecutionProvider', 'CPUExecutionProvider']",False,0,0,1,True,False,0,1,35.0,0.06908702850341797,51.0,600.0,nvml
006654.png,NANO,onnx_cuda,"['CUDAExecutionProvider', 'CPUExecutionProvider']",False,0,0,0,False,False,11,2,35.0,0.06908702850341797,51.0,600.0,nvml
006655.png,NANO,onnx_cuda,"['CUDAExecutionProvider', 'CPUExecutionProvider']",False,0,0,0,False,False,12,13,35.0,0.06908702850341797,51.0,600.0,nvml
006656.png,NANO,onnx_cuda,"['CUDAExecutionProvider', 'CPUExecutionProvider']",False,0,0,1,True,False,0,1,35.0,0.06908702850341797,51.0,600.0,nvml
006657.png,NANO,onnx_cuda,"['CUDAExecutionProvider', 'CPUExecutionProvider']",False,0,0,3,True,False,8,5,35.0,0.06908702850341797,51.0,600.0,nvml
006658.png,NANO,onnx_cuda,"['CUDAExecutionProvider', 'CPUExecutionProvider']",False,0,0,0,False,False,23,6,35.0,0.06908702850341797,51.0,600.0,nvml
006659.png,NANO,onnx_cuda,"['CUDAExecutionProvider', 'CPUExecutionProvider']",False,0,0,1,True,False,17,8,35.0,0.06908702850341797,51.0,600.0,nvml
006660.png,NANO,onnx_cuda,"['CUDAExecutionProvider', 'CPUExecutionProvider']",False,0,0,0,False,False,43,14,35.0,0.06908702850341797,51.0,600.0,nvml
006661.png,NANO,onnx_cuda,"['CUDAExecutionProvider', 'CPUExecutionProvider']",False,1,8,0,True,True,9,1,35.0,0.06908702850341797,51.0,600.0,nvml
006662.png,NANO,onnx_cuda,"['CUDAExecutionProvider', 'CPUExecutionProvider']",False,0,0,0,False,False,9,12,35.0,0.06908702850341797,51.0,600.0,nvml
006663.png,NANO,onnx_cuda,"['CUDAExecutionProvider', 'CPUExecutionProvider']",False,0,0,0,False,False,31,10,35.0,0.06908702850341797,51.0,600.0,nvml
006664.png,NANO,onnx_cuda,"['CUDAExecutionProvider', 'CPUExecutionProvider']",False,0,0,0,False,False,5,6,35.0,0.06908702850341797,51.0,600.0,nvml
006665.png,NANO,onnx_cuda,"['CUDAExecutionProvider', 'CPUExecutionProvider']",False,0,0,0,False,False,10,7,35.0,0.06908702850341797,51.0,600.0,nvml
006666.png,NANO,onnx_cuda,"['CUDAExecutionProvider', 'CPUExecutionProvider']",False,0,0,1,True,False,0,1,35.0,0.06908702850341797,51.0,600.0,nvml
006667.png,NANO,onnx_cuda,"['CUDAExecutionProvider', 'CPUExecutionProvider']",False,0,0,0,False,False,11,7,35.0,0.06908702850341797,51.0,600.0,nvml
006668.png,NANO,onnx_cuda,"['CUDAExecutionProvider', 'CPUExecutionProvider']",False,0,0,0,False,False,0,2,35.0,0.06908702850341797,51.0,600.0,nvml
006669.png,NANO,onnx_cuda,"['CUDAExecutionProvider', 'CPUExecutionProvider']",False,0,0,0,False,False,16,6,35.0,0.06908702850341797,50.0,600.0,nvml
006670.png,NANO,onnx_cuda,"['CUDAExecutionProvider', 'CPUExecutionProvider']",False,0,0,0,False,False,8,7,35.0,0.06908702850341797,50.0,600.0,nvml
006671.png,NANO,onnx_cuda,"['CUDAExecutionProvider', 'CPUExecutionProvider']",False,0,0,0,False,False,0,3,35.0,0.06908702850341797,50.0,600.0,nvml
006672.png,NANO,onnx_cuda,"['CUDAExecutionProvider', 'CPUExecutionProvider']",False,0,0,0,False,False,23,9,35.0,0.06908702850341797,50.0,592.0,nvml
006673.png,NANO,onnx_cuda,"['CUDAExecutionProvider', 'CPUExecutionProvider']",False,0,0,0,False,False,19,10,35.0,0.06908702850341797,50.0,592.0,nvml
006674.png,NANO,onnx_cuda,"['CUDAExecutionProvider', 'CPUExecutionProvider']",False,0,0,0,False,False,0,3,35.0,0.06908702850341797,50.0,592.0,nvml
006675.png,NANO,onnx_cuda,"['CUDAExecutionProvider', 'CPUExecutionProvider']",False,0,0,0,False,False,10,3,35.0,0.06908702850341797,50.0,592.0,nvml
006676.png,NANO,onnx_cuda,"['CUDAExecutionProvider', 'CPUExecutionProvider']",False,1,6,0,True,True,7,1,35.0,0.06908702850341797,50.0,592.0,nvml
006677.png,NANO,onnx_cuda,"['CUDAExecutionProvider', 'CPUExecutionProvider']",False,0,0,0,False,False,0,3,35.0,0.06908702850341797,50.0,592.0,nvml
006678.png,NANO,onnx_cuda,"['CUDAExecutionProvider', 'CPUExecutionProvider']",False,0,0,0,False,False,31,12,35.0,0.06908702850341797,50.0,592.0,nvml
006679.png,NANO,onnx_cuda,"['CUDAExecutionProvider', 'CPUExecutionProvider']",False,0,0,0,False,False,9,9,35.0,0.06908702850341797,50.0,592.0,nvml
006680.png,NANO,onnx_cuda,"['CUDAExecutionProvider', 'CPUExecutionProvider']",False,0,0,0,False,False,0,4,35.0,0.06908702850341797,50.0,592.0,nvml
006681.png,NANO,onnx_cuda,"['CUDAExecutionProvider', 'CPUExecutionProvider']",False,0,0,0,False,False,11,3,35.0,0.06908702850341797,50.0,592.0,nvml
006682.png,NANO,onnx_cuda,"['CUDAExecutionProvider', 'CPUExecutionProvider']",False,0,1,12,True,True,10,16,39.0,0.06908702850341797,50.0,592.0,nvml
006683.png,NANO,onnx_cuda,"['CUDAExecutionProvider', 'CPUExecutionProvider']",False,0,0,0,False,False,5,2,39.0,0.06908702850341797,50.0,592.0,nvml
006684.png,NANO,onnx_cuda,"['CUDAExecutionProvider', 'CPUExecutionProvider']",False,0,0,0,False,False,20,8,39.0,0.06908702850341797,50.0,592.0,nvml
006685.png,NANO,onnx_cuda,"['CUDAExecutionProvider', 'CPUExecutionProvider']",False,1,8,0,True,True,9,1,39.0,0.06908702850341797,50.0,592.0,nvml
006686.png,NANO,onnx_cuda,"['CUDAExecutionProvider', 'CPUExecutionProvider']",False,0,0,0,False,False,6,4,39.0,0.06908702850341797,50.0,592.0,nvml
006687.png,NANO,onnx_cuda,"['CUDAExecutionProvider', 'CPUExecutionProvider']",False,0,0,0,False,False,11,5,39.0,0.06908702850341797,50.0,592.0,nvml
006688.png,NANO,onnx_cuda,"['CUDAExecutionProvider', 'CPUExecutionProvider']",False,0,0,0,False,False,0,5,39.0,0.06908702850341797,50.0,592.0,nvml
006689.png,NANO,onnx_cuda,"['CUDAExecutionProvider', 'CPUExecutionProvider']",False,0,1,0,False,True,8,7,39.0,0.06908702850341797,50.0,592.0,nvml
006690.png,NANO,onnx_cuda,"['CUDAExecutionProvider', 'CPUExecutionProvider']",False,0,0,1,True,False,1,6,39.0,0.06908702850341797,50.0,592.0,nvml
006691.png,NANO,onnx_cuda,"['CUDAExecutionProvider', 'CPUExecutionProvider']",False,0,0,0,False,False,4,1,37.0,0.06908702850341797,51.0,585.0,nvml
006692.png,NANO,onnx_cuda,"['CUDAExecutionProvider', 'CPUExecutionProvider']",False,0,0,0,False,False,20,10,37.0,0.06908702850341797,51.0,585.0,nvml
006693.png,NANO,onnx_cuda,"['CUDAExecutionProvider', 'CPUExecutionProvider']",False,0,0,0,False,False,0,5,37.0,0.06908702850341797,51.0,585.0,nvml
006694.png,NANO,onnx_cuda,"['CUDAExecutionProvider', 'CPUExecutionProvider']",False,0,0,0,False,False,30,8,37.0,0.06908702850341797,51.0,585.0,nvml
006695.png,NANO,onnx_cuda,"['CUDAExecutionProvider', 'CPUExecutionProvider']",False,0,0,2,True,False,11,12,37.0,0.06908702850341797,51.0,585.0,nvml
006696.png,NANO,onnx_cuda,"['CUDAExecutionProvider', 'CPUExecutionProvider']",False,0,1,1,True,True,2,5,37.0,0.06908702850341797,51.0,585.0,nvml
006697.png,NANO,onnx_cuda,"['CUDAExecutionProvider', 'CPUExecutionProvider']",False,0,0,0,False,False,0,2,37.0,0.06908702850341797,51.0,585.0,nvml
006698.png,NANO,onnx_cuda,"['CUDAExecutionProvider', 'CPUExecutionProvider']",False,0,0,0,False,False,2,5,37.0,0.06908702850341797,51.0,585.0,nvml
006699.png,NANO,onnx_cuda,"['CUDAExecutionProvider', 'CPUExecutionProvider']",False,0,0,0,False,False,4,6,37.0,0.06908702850341797,51.0,585.0,nvml
006700.png,NANO,onnx_cuda,"['CUDAExecutionProvider', 'CPUExecutionProvider']",False,0,0,1,True,False,6,5,39.0,0.06908702850341797,51.0,585.0,nvml
006701.png,NANO,onnx_cuda,"['CUDAExecutionProvider', 'CPUExecutionProvider']",False,0,0,0,False,False,0,3,39.0,0.06908702850341797,51.0,585.0,nvml
006702.png,NANO,onnx_cuda,"['CUDAExecutionProvider', 'CPUExecutionProvider']",False,0,0,0,False,False,2,3,39.0,0.06908702850341797,51.0,585.0,nvml
006703.png,NANO,onnx_cuda,"['CUDAExecutionProvider', 'CPUExecutionProvider']",False,2,9,0,True,True,21,10,39.0,0.06908702850341797,51.0,585.0,nvml
006704.png,NANO,onnx_cuda,"['CUDAExecutionProvider', 'CPUExecutionProvider']",False,0,1,6,True,True,1,10,39.0,0.06908702850341797,51.0,585.0,nvml
006705.png,NANO,onnx_cuda,"['CUDAExecutionProvider', 'CPUExecutionProvider']",False,0,0,0,False,False,0,3,39.0,0.06908702850341797,51.0,585.0,nvml
006706.png,NANO,onnx_cuda,"['CUDAExecutionProvider', 'CPUExecutionProvider']",False,0,0,0,False,False,12,2,39.0,0.06908702850341797,51.0,585.0,nvml
006707.png,NANO,onnx_cuda,"['CUDAExecutionProvider', 'CPUExecutionProvider']",False,0,0,0,False,False,7,9,39.0,0.06908702850341797,51.0,585.0,nvml
006708.png,NANO,onnx_cuda,"['CUDAExecutionProvider', 'CPUExecutionProvider']",False,0,0,0,False,False,0,3,39.0,0.06908702850341797,51.0,585.0,nvml
006709.png,NANO,onnx_cuda,"['CUDAExecutionProvider', 'CPUExecutionProvider']",False,0,0,0,False,False,5,1,39.0,0.06908702850341797,51.0,585.0,nvml
006710.png,NANO,onnx_cuda,"['CUDAExecutionProvider', 'CPUExecutionProvider']",False,0,0,0,False,False,18,9,38.0,0.06908702850341797,51.0,577.0,nvml
006711.png,NANO,onnx_cuda,"['CUDAExecutionProvider', 'CPUExecutionProvider']",False,0,0,0,False,False,4,4,38.0,0.06908702850341797,51.0,577.0,nvml
006712.png,NANO,onnx_cuda,"['CUDAExecutionProvider', 'CPUExecutionProvider']",False,0,0,0,False,False,0,4,38.0,0.06908702850341797,51.0,577.0,nvml
006713.png,NANO,onnx_cuda,"['CUDAExecutionProvider', 'CPUExecutionProvider']",False,0,0,0,False,False,0,5,38.0,0.06908702850341797,50.0,577.0,nvml
006714.png,NANO,onnx_cuda,"['CUDAExecutionProvider', 'CPUExecutionProvider']",False,0,0,0,False,False,0,6,38.0,0.06908702850341797,50.0,577.0,nvml
006715.png,NANO,onnx_cuda,"['CUDAExecutionProvider', 'CPUExecutionProvider']",False,0,0,0,False,False,8,7,38.0,0.06908702850341797,50.0,577.0,nvml
006716.png,NANO,onnx_cuda,"['CUDAExecutionProvider', 'CPUExecutionProvider']",False,0,0,0,False,False,1,3,38.0,0.06908702850341797,50.0,577.0,nvml
006717.png,NANO,onnx_cuda,"['CUDAExecutionProvider', 'CPUExecutionProvider']",False,0,0,1,True,False,2,5,38.0,0.06908702850341797,50.0,577.0,nvml
006718.png,NANO,onnx_cuda,"['CUDAExecutionProvider', 'CPUExecutionProvider']",False,0,0,0,False,False,21,9,38.0,0.06908702850341797,50.0,577.0,nvml
006719.png,NANO,onnx_cuda,"['CUDAExecutionProvider', 'CPUExecutionProvider']",False,0,0,0,False,False,16,3,38.0,0.06908702850341797,50.0,577.0,nvml
006720.png,NANO,onnx_cuda,"['CUDAExecutionProvider', 'CPUExecutionProvider']",False,0,0,0,False,False,11,5,38.0,0.06908702850341797,50.0,577.0,nvml
006721.png,NANO,onnx_cuda,"['CUDAExecutionProvider', 'CPUExecutionProvider']",False,0,0,0,False,False,25,14,38.0,0.06908702850341797,50.0,577.0,nvml
006722.png,NANO,onnx_cuda,"['CUDAExecutionProvider', 'CPUExecutionProvider']",False,0,0,1,True,False,0,1,38.0,0.06908702850341797,50.0,577.0,nvml
006723.png,NANO,onnx_cuda,"['CUDAExecutionProvider', 'CPUExecutionProvider']",False,0,0,0,False,False,7,5,38.0,0.06908702850341797,50.0,577.0,nvml
006724.png,NANO,onnx_cuda,"['CUDAExecutionProvider', 'CPUExecutionProvider']",False,0,0,0,False,False,20,5,38.0,0.06908702850341797,50.0,577.0,nvml
006725.png,NANO,onnx_cuda,"['CUDAExecutionProvider', 'CPUExecutionProvider']",False,0,0,0,False,False,40,9,38.0,0.06908702850341797,50.0,577.0,nvml
006726.png,NANO,onnx_cuda,"['CUDAExecutionProvider', 'CPUExecutionProvider']",False,0,0,0,False,False,16,8,38.0,0.06908702850341797,50.0,577.0,nvml
006727.png,NANO,onnx_cuda,"['CUDAExecutionProvider', 'CPUExecutionProvider']",False,0,0,0,False,False,9,3,38.0,0.06908702850341797,50.0,577.0,nvml
006728.png,NANO,onnx_cuda,"['CUDAExecutionProvider', 'CPUExecutionProvider']",False,0,0,4,True,False,47,10,38.0,0.06908702850341797,50.0,577.0,nvml
006729.png,NANO,onnx_cuda,"['CUDAExecutionProvider', 'CPUExecutionProvider']",False,0,0,0,False,False,4,4,38.0,0.06908702850341797,50.0,577.0,nvml
006730.png,NANO,onnx_cuda,"['CUDAExecutionProvider', 'CPUExecutionProvider']",False,0,0,0,False,False,0,2,38.0,0.06908702850341797,50.0,577.0,nvml
006731.png,NANO,onnx_cuda,"['CUDAExecutionProvider', 'CPUExecutionProvider']",False,0,0,0,False,False,26,9,38.0,0.06908702850341797,50.0,577.0,nvml
006732.png,NANO,onnx_cuda,"['CUDAExecutionProvider', 'CPUExecutionProvider']",False,0,0,0,False,False,8,1,38.0,0.06908702850341797,50.0,577.0,nvml
006733.png,NANO,onnx_cuda,"['CUDAExecutionProvider', 'CPUExecutionProvider']",False,0,0,0,False,False,23,17,38.0,0.06908702850341797,50.0,577.0,nvml
006734.png,NANO,onnx_cuda,"['CUDAExecutionProvider', 'CPUExecutionProvider']",False,2,4,1,True,True,10,9,38.0,0.06908702850341797,50.0,577.0,nvml
006735.png,NANO,onnx_cuda,"['CUDAExecutionProvider', 'CPUExecutionProvider']",False,0,0,0,False,False,22,5,38.0,0.06908702850341797,51.0,577.0,nvml
006736.png,NANO,onnx_cuda,"['CUDAExecutionProvider', 'CPUExecutionProvider']",False,0,0,0,False,False,0,7,38.0,0.06908702850341797,51.0,577.0,nvml
006737.png,NANO,onnx_cuda,"['CUDAExecutionProvider', 'CPUExecutionProvider']",False,0,0,1,True,False,0,5,38.0,0.06908702850341797,51.0,577.0,nvml
006738.png,NANO,onnx_cuda,"['CUDAExecutionProvider', 'CPUExecutionProvider']",False,0,0,0,False,False,0,6,38.0,0.06908702850341797,51.0,577.0,nvml
006739.png,NANO,onnx_cuda,"['CUDAExecutionProvider', 'CPUExecutionProvider']",False,0,0,0,False,False,0,2,38.0,0.06908702850341797,51.0,570.0,nvml
006740.png,NANO,onnx_cuda,"['CUDAExecutionProvider', 'CPUExecutionProvider']",False,0,0,0,False,False,0,3,38.0,0.06908702850341797,51.0,570.0,nvml
006741.png,NANO,onnx_cuda,"['CUDAExecutionProvider', 'CPUExecutionProvider']",False,0,0,1,True,False,0,5,38.0,0.06908702850341797,51.0,570.0,nvml
006742.png,NANO,onnx_cuda,"['CUDAExecutionProvider', 'CPUExecutionProvider']",False,0,0,0,False,False,11,4,38.0,0.06908702850341797,51.0,570.0,nvml
006743.png,NANO,onnx_cuda,"['CUDAExecutionProvider', 'CPUExecutionProvider']",False,0,0,0,False,False,0,6,38.0,0.06908702850341797,51.0,570.0,nvml
006744.png,NANO,onnx_cuda,"['CUDAExecutionProvider', 'CPUExecutionProvider']",False,0,0,2,True,False,0,6,38.0,0.06908702850341797,51.0,570.0,nvml
006745.png,NANO,onnx_cuda,"['CUDAExecutionProvider', 'CPUExecutionProvider']",False,1,10,2,True,True,17,6,38.0,0.06908702850341797,51.0,570.0,nvml
006746.png,NANO,onnx_cuda,"['CUDAExecutionProvider', 'CPUExecutionProvider']",False,0,0,0,False,False,45,8,38.0,0.06908702850341797,51.0,570.0,nvml
006747.png,NANO,onnx_cuda,"['CUDAExecutionProvider', 'CPUExecutionProvider']",False,0,0,0,False,False,0,4,38.0,0.06908702850341797,51.0,570.0,nvml
006748.png,NANO,onnx_cuda,"['CUDAExecutionProvider', 'CPUExecutionProvider']",False,0,0,0,False,False,6,2,38.0,0.06908702850341797,51.0,570.0,nvml
006749.png,NANO,onnx_cuda,"['CUDAExecutionProvider', 'CPUExecutionProvider']",False,3,27,7,True,True,30,12,40.0,0.06908702850341797,51.0,570.0,nvml
006750.png,NANO,onnx_cuda,"['CUDAExecutionProvider', 'CPUExecutionProvider']",False,1,4,0,True,True,19,4,40.0,0.06908702850341797,51.0,570.0,nvml
006751.png,NANO,onnx_cuda,"['CUDAExecutionProvider', 'CPUExecutionProvider']",False,0,0,0,False,False,20,8,40.0,0.06908702850341797,51.0,570.0,nvml
006752.png,NANO,onnx_cuda,"['CUDAExecutionProvider', 'CPUExecutionProvider']",False,0,0,3,True,False,25,11,40.0,0.06908702850341797,51.0,570.0,nvml
006753.png,NANO,onnx_cuda,"['CUDAExecutionProvider', 'CPUExecutionProvider']",False,0,0,0,False,False,18,9,40.0,0.06908702850341797,51.0,570.0,nvml
006754.png,NANO,onnx_cuda,"['CUDAExecutionProvider', 'CPUExecutionProvider']",False,0,0,0,False,False,30,10,40.0,0.06908702850341797,51.0,570.0,nvml
006755.png,NANO,onnx_cuda,"['CUDAExecutionProvider', 'CPUExecutionProvider']",False,0,0,0,False,False,28,8,40.0,0.06908702850341797,51.0,570.0,nvml
006756.png,NANO,onnx_cuda,"['CUDAExecutionProvider', 'CPUExecutionProvider']",False,0,1,0,False,True,2,8,40.0,0.06908702850341797,51.0,570.0,nvml
006757.png,NANO,onnx_cuda,"['CUDAExecutionProvider', 'CPUExecutionProvider']",False,0,0,0,False,False,0,7,40.0,0.06908702850341797,51.0,570.0,nvml
006758.png,NANO,onnx_cuda,"['CUDAExecutionProvider', 'CPUExecutionProvider']",False,0,0,0,False,False,19,5,38.0,0.06908702850341797,51.0,570.0,nvml
006759.png,NANO,onnx_cuda,"['CUDAExecutionProvider', 'CPUExecutionProvider']",False,0,0,0,False,False,4,4,38.0,0.06908702850341797,51.0,570.0,nvml
006760.png,NANO,onnx_cuda,"['CUDAExecutionProvider', 'CPUExecutionProvider']",False,0,0,1,True,False,10,4,38.0,0.06908702850341797,51.0,570.0,nvml
006761.png,NANO,onnx_cuda,"['CUDAExecutionProvider', 'CPUExecutionProvider']",False,2,14,3,True,True,18,10,38.0,0.06908702850341797,51.0,570.0,nvml
006762.png,NANO,onnx_cuda,"['CUDAExecutionProvider', 'CPUExecutionProvider']",False,0,0,1,True,False,0,5,38.0,0.06908702850341797,51.0,570.0,nvml
006763.png,NANO,onnx_cuda,"['CUDAExecutionProvider', 'CPUExecutionProvider']",False,0,0,0,False,False,0,2,38.0,0.06908702850341797,51.0,570.0,nvml
006764.png,NANO,onnx_cuda,"['CUDAExecutionProvider', 'CPUExecutionProvider']",False,0,0,0,False,False,32,8,38.0,0.06908702850341797,51.0,570.0,nvml
006765.png,NANO,onnx_cuda,"['CUDAExecutionProvider', 'CPUExecutionProvider']",False,0,0,3,True,False,42,12,38.0,0.06908702850341797,51.0,570.0,nvml
006766.png,NANO,onnx_cuda,"['CUDAExecutionProvider', 'CPUExecutionProvider']",False,0,0,1,True,False,15,11,38.0,0.06908702850341797,51.0,570.0,nvml
006767.png,NANO,onnx_cuda,"['CUDAExecutionProvider', 'CPUExecutionProvider']",False,0,0,0,False,False,0,4,38.0,0.06908702850341797,51.0,570.0,nvml
006768.png,NANO,onnx_cuda,"['CUDAExecutionProvider', 'CPUExecutionProvider']",False,4,27,2,True,True,31,12,39.0,0.06908702850341797,51.0,562.0,nvml
006769.png,NANO,onnx_cuda,"['CUDAExecutionProvider', 'CPUExecutionProvider']",False,0,0,0,False,False,13,11,39.0,0.06908702850341797,51.0,562.0,nvml
006770.png,NANO,onnx_cuda,"['CUDAExecutionProvider', 'CPUExecutionProvider']",False,0,0,0,False,False,11,11,39.0,0.06908702850341797,51.0,562.0,nvml
006771.png,NANO,onnx_cuda,"['CUDAExecutionProvider', 'CPUExecutionProvider']",False,0,0,2,True,False,0,6,39.0,0.06908702850341797,51.0,562.0,nvml
006772.png,NANO,onnx_cuda,"['CUDAExecutionProvider', 'CPUExecutionProvider']",False,0,0,0,False,False,20,8,39.0,0.06908702850341797,51.0,562.0,nvml
006773.png,NANO,onnx_cuda,"['CUDAExecutionProvider', 'CPUExecutionProvider']",False,0,0,0,False,False,0,4,39.0,0.06908702850341797,51.0,562.0,nvml
006774.png,NANO,onnx_cuda,"['CUDAExecutionProvider', 'CPUExecutionProvider']",False,0,0,0,False,False,0,3,39.0,0.06908702850341797,51.0,562.0,nvml
006775.png,NANO,onnx_cuda,"['CUDAExecutionProvider', 'CPUExecutionProvider']",False,0,0,0,False,False,20,10,39.0,0.06908702850341797,51.0,562.0,nvml
006776.png,NANO,onnx_cuda,"['CUDAExecutionProvider', 'CPUExecutionProvider']",False,0,0,1,True,False,2,2,39.0,0.06908702850341797,51.0,562.0,nvml
006777.png,NANO,onnx_cuda,"['CUDAExecutionProvider', 'CPUExecutionProvider']",False,0,0,1,True,False,0,6,39.0,0.06908702850341797,51.0,562.0,nvml
006778.png,NANO,onnx_cuda,"['CUDAExecutionProvider', 'CPUExecutionProvider']",False,0,0,1,True,False,16,6,39.0,0.06908702850341797,51.0,562.0,nvml
006779.png,NANO,onnx_cuda,"['CUDAExecutionProvider', 'CPUExecutionProvider']",False,0,0,1,True,False,19,11,39.0,0.06908702850341797,51.0,562.0,nvml
006780.png,NANO,onnx_cuda,"['CUDAExecutionProvider', 'CPUExecutionProvider']",False,0,0,0,False,False,24,14,39.0,0.06908702850341797,51.0,562.0,nvml
006781.png,NANO,onnx_cuda,"['CUDAExecutionProvider', 'CPUExecutionProvider']",False,0,0,0,False,False,7,8,39.0,0.06908702850341797,51.0,562.0,nvml
006782.png,NANO,onnx_cuda,"['CUDAExecutionProvider', 'CPUExecutionProvider']",False,0,0,0,False,False,1,7,39.0,0.06908702850341797,51.0,562.0,nvml
006783.png,NANO,onnx_cuda,"['CUDAExecutionProvider', 'CPUExecutionProvider']",False,0,0,1,True,False,27,17,39.0,0.06908702850341797,51.0,562.0,nvml
006784.png,NANO,onnx_cuda,"['CUDAExecutionProvider', 'CPUExecutionProvider']",False,0,0,0,False,False,0,2,39.0,0.06908702850341797,51.0,562.0,nvml
006785.png,NANO,onnx_cuda,"['CUDAExecutionProvider', 'CPUExecutionProvider']",False,0,0,5,True,False,11,8,39.0,0.06908702850341797,51.0,562.0,nvml
006786.png,NANO,onnx_cuda,"['CUDAExecutionProvider', 'CPUExecutionProvider']",False,0,0,0,False,False,0,5,39.0,0.06908702850341797,51.0,562.0,nvml
006787.png,NANO,onnx_cuda,"['CUDAExecutionProvider', 'CPUExecutionProvider']",False,0,0,0,False,False,9,7,37.0,0.06908702850341797,51.0,562.0,nvml
006788.png,NANO,onnx_cuda,"['CUDAExecutionProvider', 'CPUExecutionProvider']",False,0,0,0,False,False,14,11,37.0,0.06908702850341797,51.0,562.0,nvml
006789.png,NANO,onnx_cuda,"['CUDAExecutionProvider', 'CPUExecutionProvider']",False,0,0,0,False,False,22,10,37.0,0.06908702850341797,51.0,562.0,nvml
006790.png,NANO,onnx_cuda,"['CUDAExecutionProvider', 'CPUExecutionProvider']",False,0,0,0,False,False,0,1,37.0,0.06908702850341797,51.0,562.0,nvml
006791.png,NANO,onnx_cuda,"['CUDAExecutionProvider', 'CPUExecutionProvider']",False,0,0,0,False,False,0,11,37.0,0.06908702850341797,51.0,562.0,nvml
006792.png,NANO,onnx_cuda,"['CUDAExecutionProvider', 'CPUExecutionProvider']",False,0,0,0,False,False,0,4,37.0,0.06908702850341797,51.0,562.0,nvml
006793.png,NANO,onnx_cuda,"['CUDAExecutionProvider', 'CPUExecutionProvider']",False,0,0,0,False,False,0,6,37.0,0.06908702850341797,51.0,562.0,nvml
006794.png,NANO,onnx_cuda,"['CUDAExecutionProvider', 'CPUExecutionProvider']",False,0,0,0,False,False,0,4,37.0,0.06908702850341797,51.0,562.0,nvml
006795.png,NANO,onnx_cuda,"['CUDAExecutionProvider', 'CPUExecutionProvider']",False,0,1,1,True,True,1,1,37.0,0.06908702850341797,51.0,562.0,nvml
006796.png,NANO,onnx_cuda,"['CUDAExecutionProvider', 'CPUExecutionProvider']",False,0,0,0,False,False,11,5,41.0,0.06908702850341797,51.0,570.0,nvml
006797.png,NANO,onnx_cuda,"['CUDAExecutionProvider', 'CPUExecutionProvider']",False,0,0,0,False,False,1,2,41.0,0.06908702850341797,51.0,570.0,nvml
006798.png,NANO,onnx_cuda,"['CUDAExecutionProvider', 'CPUExecutionProvider']",False,0,0,0,False,False,59,11,41.0,0.06908702850341797,51.0,570.0,nvml
006799.png,NANO,onnx_cuda,"['CUDAExecutionProvider', 'CPUExecutionProvider']",False,1,9,0,True,True,10,1,41.0,0.06908702850341797,51.0,570.0,nvml
006800.png,NANO,onnx_cuda,"['CUDAExecutionProvider', 'CPUExecutionProvider']",False,2,9,1,True,True,12,10,41.0,0.06908702850341797,51.0,570.0,nvml
006801.png,NANO,onnx_cuda,"['CUDAExecutionProvider', 'CPUExecutionProvider']",False,3,11,10,True,True,14,18,41.0,0.06908702850341797,51.0,570.0,nvml
006802.png,NANO,onnx_cuda,"['CUDAExecutionProvider', 'CPUExecutionProvider']",False,0,0,1,True,False,1,3,41.0,0.06908702850341797,51.0,570.0,nvml
006803.png,NANO,onnx_cuda,"['CUDAExecutionProvider', 'CPUExecutionProvider']",False,0,0,0,False,False,0,4,41.0,0.06908702850341797,51.0,570.0,nvml
006804.png,NANO,onnx_cuda,"['CUDAExecutionProvider', 'CPUExecutionProvider']",False,1,0,0,True,True,1,1,41.0,0.06908702850341797,51.0,570.0,nvml
006805.png,NANO,onnx_cuda,"['CUDAExecutionProvider', 'CPUExecutionProvider']",False,0,0,0,False,False,27,11,41.0,0.06908702850341797,51.0,570.0,nvml
006806.png,NANO,onnx_cuda,"['CUDAExecutionProvider', 'CPUExecutionProvider']",False,0,0,0,False,False,8,5,36.0,0.06908702850341797,51.0,570.0,nvml
006807.png,NANO,onnx_cuda,"['CUDAExecutionProvider', 'CPUExecutionProvider']",False,1,10,0,True,True,11,1,36.0,0.06908702850341797,51.0,570.0,nvml
006808.png,NANO,onnx_cuda,"['CUDAExecutionProvider', 'CPUExecutionProvider']",False,0,0,0,False,False,1,6,36.0,0.06908702850341797,51.0,570.0,nvml
006809.png,NANO,onnx_cuda,"['CUDAExecutionProvider', 'CPUExecutionProvider']",False,0,0,1,True,False,12,2,36.0,0.06908702850341797,51.0,570.0,nvml
006810.png,NANO,onnx_cuda,"['CUDAExecutionProvider', 'CPUExecutionProvider']",False,0,0,1,True,False,8,9,36.0,0.06908702850341797,51.0,570.0,nvml
006811.png,NANO,onnx_cuda,"['CUDAExecutionProvider', 'CPUExecutionProvider']",False,0,0,0,False,False,2,6,36.0,0.06908702850341797,51.0,570.0,nvml
006812.png,NANO,onnx_cuda,"['CUDAExecutionProvider', 'CPUExecutionProvider']",False,0,0,0,False,False,7,4,36.0,0.06908702850341797,51.0,570.0,nvml
006813.png,NANO,onnx_cuda,"['CUDAExecutionProvider', 'CPUExecutionProvider']",False,0,0,11,True,False,9,15,36.0,0.06908702850341797,51.0,570.0,nvml
006814.png,NANO,onnx_cuda,"['CUDAExecutionProvider', 'CPUExecutionProvider']",False,0,0,2,True,False,29,11,36.0,0.06908702850341797,51.0,570.0,nvml
006815.png,NANO,onnx_cuda,"['CUDAExecutionProvider', 'CPUExecutionProvider']",False,0,0,0,False,False,1,3,40.0,0.06908702850341797,51.0,570.0,nvml
006816.png,NANO,onnx_cuda,"['CUDAExecutionProvider', 'CPUExecutionProvider']",False,0,0,0,False,False,0,2,40.0,0.06908702850341797,51.0,570.0,nvml
006817.png,NANO,onnx_cuda,"['CUDAExecutionProvider', 'CPUExecutionProvider']",False,0,0,0,False,False,14,8,40.0,0.06908702850341797,51.0,570.0,nvml
006818.png,NANO,onnx_cuda,"['CUDAExecutionProvider', 'CPUExecutionProvider']",False,0,9,2,True,True,19,5,40.0,0.06908702850341797,51.0,570.0,nvml
006819.png,NANO,onnx_cuda,"['CUDAExecutionProvider', 'CPUExecutionProvider']",False,1,9,0,True,True,10,2,40.0,0.06908702850341797,51.0,570.0,nvml
006820.png,NANO,onnx_cuda,"['CUDAExecutionProvider', 'CPUExecutionProvider']",False,0,0,0,False,False,28,11,40.0,0.06908702850341797,51.0,570.0,nvml
006821.png,NANO,onnx_cuda,"['CUDAExecutionProvider', 'CPUExecutionProvider']",False,0,0,0,False,False,0,2,40.0,0.06908702850341797,51.0,570.0,nvml
006822.png,NANO,onnx_cuda,"['CUDAExecutionProvider', 'CPUExecutionProvider']",False,1,0,0,True,True,23,8,40.0,0.06908702850341797,51.0,570.0,nvml
006823.png,NANO,onnx_cuda,"['CUDAExecutionProvider', 'CPUExecutionProvider']",False,0,0,0,False,False,0,4,40.0,0.06908702850341797,51.0,570.0,nvml
006824.png,NANO,onnx_cuda,"['CUDAExecutionProvider', 'CPUExecutionProvider']",False,0,0,0,False,False,0,6,40.0,0.06908702850341797,51.0,570.0,nvml
006825.png,NANO,onnx_cuda,"['CUDAExecutionProvider', 'CPUExecutionProvider']",False,1,8,2,True,True,9,7,36.0,0.06908702850341797,51.0,570.0,nvml
006826.png,NANO,onnx_cuda,"['CUDAExecutionProvider', 'CPUExecutionProvider']",False,0,0,0,False,False,0,6,36.0,0.06908702850341797,51.0,570.0,nvml
006827.png,NANO,onnx_cuda,"['CUDAExecutionProvider', 'CPUExecutionProvider']",False,0,0,1,True,False,6,3,36.0,0.06908702850341797,51.0,570.0,nvml
006828.png,NANO,onnx_cuda,"['CUDAExecutionProvider', 'CPUExecutionProvider']",False,2,17,6,True,True,19,10,36.0,0.06908702850341797,51.0,570.0,nvml
006829.png,NANO,onnx_cuda,"['CUDAExecutionProvider', 'CPUExecutionProvider']",False,0,0,0,False,False,15,5,36.0,0.06908702850341797,51.0,570.0,nvml
006830.png,NANO,onnx_cuda,"['CUDAExecutionProvider', 'CPUExecutionProvider']",False,1,2,0,True,True,3,1,36.0,0.06908702850341797,51.0,570.0,nvml
006831.png,NANO,onnx_cuda,"['CUDAExecutionProvider', 'CPUExecutionProvider']",False,0,0,0,False,False,1,8,36.0,0.06908702850341797,51.0,570.0,nvml
006832.png,NANO,onnx_cuda,"['CUDAExecutionProvider', 'CPUExecutionProvider']",False,0,0,1,True,False,1,9,36.0,0.06908702850341797,51.0,570.0,nvml
006833.png,NANO,onnx_cuda,"['CUDAExecutionProvider', 'CPUExecutionProvider']",False,0,0,1,True,False,38,21,36.0,0.06908702850341797,51.0,570.0,nvml
006834.png,NANO,onnx_cuda,"['CUDAExecutionProvider', 'CPUExecutionProvider']",False,0,0,0,False,False,1,8,36.0,0.06908702850341797,51.0,570.0,nvml
006835.png,NANO,onnx_cuda,"['CUDAExecutionProvider', 'CPUExecutionProvider']",False,3,5,1,True,True,18,7,36.0,0.06908702850341797,51.0,570.0,nvml
006836.png,NANO,onnx_cuda,"['CUDAExecutionProvider', 'CPUExecutionProvider']",False,0,0,0,False,False,2,6,36.0,0.06908702850341797,51.0,570.0,nvml
006837.png,NANO,onnx_cuda,"['CUDAExecutionProvider', 'CPUExecutionProvider']",False,0,0,2,True,False,8,6,36.0,0.06908702850341797,51.0,570.0,nvml
006838.png,NANO,onnx_cuda,"['CUDAExecutionProvider', 'CPUExecutionProvider']",False,0,0,1,True,False,14,7,36.0,0.06908702850341797,51.0,570.0,nvml
006839.png,NANO,onnx_cuda,"['CUDAExecutionProvider', 'CPUExecutionProvider']",False,0,0,0,False,False,0,2,36.0,0.06908702850341797,51.0,570.0,nvml
006840.png,NANO,onnx_cuda,"['CUDAExecutionProvider', 'CPUExecutionProvider']",False,0,0,0,False,False,6,6,36.0,0.06908702850341797,51.0,570.0,nvml
006841.png,NANO,onnx_cuda,"['CUDAExecutionProvider', 'CPUExecutionProvider']",False,0,0,0,False,False,0,5,36.0,0.06908702850341797,51.0,570.0,nvml
006842.png,NANO,onnx_cuda,"['CUDAExecutionProvider', 'CPUExecutionProvider']",False,0,0,2,True,False,11,13,36.0,0.06908702850341797,51.0,570.0,nvml
006843.png,NANO,onnx_cuda,"['CUDAExecutionProvider', 'CPUExecutionProvider']",False,0,6,2,True,True,32,10,40.0,0.06908702850341797,51.0,570.0,nvml
006844.png,NANO,onnx_cuda,"['CUDAExecutionProvider', 'CPUExecutionProvider']",False,0,0,0,False,False,11,12,40.0,0.06908702850341797,51.0,570.0,nvml
006845.png,NANO,onnx_cuda,"['CUDAExecutionProvider', 'CPUExecutionProvider']",False,0,0,0,False,False,25,12,40.0,0.06908702850341797,51.0,570.0,nvml
006846.png,NANO,onnx_cuda,"['CUDAExecutionProvider', 'CPUExecutionProvider']",False,0,0,0,False,False,18,7,40.0,0.06908702850341797,51.0,570.0,nvml
006847.png,NANO,onnx_cuda,"['CUDAExecutionProvider', 'CPUExecutionProvider']",False,0,27,1,True,True,27,8,40.0,0.06908702850341797,51.0,570.0,nvml
006848.png,NANO,onnx_cuda,"['CUDAExecutionProvider', 'CPUExecutionProvider']",False,0,0,0,False,False,11,5,40.0,0.06908702850341797,51.0,570.0,nvml
006849.png,NANO,onnx_cuda,"['CUDAExecutionProvider', 'CPUExecutionProvider']",False,0,0,1,True,False,0,6,40.0,0.06908702850341797,51.0,570.0,nvml
006850.png,NANO,onnx_cuda,"['CUDAExecutionProvider', 'CPUExecutionProvider']",False,0,0,0,False,False,20,2,40.0,0.06908702850341797,51.0,570.0,nvml
006851.png,NANO,onnx_cuda,"['CUDAExecutionProvider', 'CPUExecutionProvider']",False,0,0,0,False,False,8,4,40.0,0.06908702850341797,51.0,570.0,nvml
006852.png,NANO,onnx_cuda,"['CUDAExecutionProvider', 'CPUExecutionProvider']",False,0,0,0,False,False,0,3,40.0,0.06908702850341797,51.0,570.0,nvml
006853.png,NANO,onnx_cuda,"['CUDAExecutionProvider', 'CPUExecutionProvider']",False,0,0,0,False,False,13,9,36.0,0.06908702850341797,51.0,570.0,nvml
006854.png,NANO,onnx_cuda,"['CUDAExecutionProvider', 'CPUExecutionProvider']",False,0,0,0,False,False,1,6,36.0,0.06908702850341797,51.0,570.0,nvml
006855.png,NANO,onnx_cuda,"['CUDAExecutionProvider', 'CPUExecutionProvider']",False,0,0,0,False,False,0,4,36.0,0.06908702850341797,51.0,570.0,nvml
006856.png,NANO,onnx_cuda,"['CUDAExecutionProvider', 'CPUExecutionProvider']",False,0,0,0,False,False,19,6,36.0,0.06908702850341797,51.0,570.0,nvml
006857.png,NANO,onnx_cuda,"['CUDAExecutionProvider', 'CPUExecutionProvider']",False,0,4,0,False,True,13,8,36.0,0.06908702850341797,51.0,570.0,nvml
006858.png,NANO,onnx_cuda,"['CUDAExecutionProvider', 'CPUExecutionProvider']",False,0,0,0,False,False,18,5,36.0,0.06908702850341797,51.0,570.0,nvml
006859.png,NANO,onnx_cuda,"['CUDAExecutionProvider', 'CPUExecutionProvider']",False,0,0,2,True,False,0,11,36.0,0.06908702850341797,51.0,570.0,nvml
006860.png,NANO,onnx_cuda,"['CUDAExecutionProvider', 'CPUExecutionProvider']",False,0,0,0,False,False,8,3,36.0,0.06908702850341797,51.0,570.0,nvml
006861.png,NANO,onnx_cuda,"['CUDAExecutionProvider', 'CPUExecutionProvider']",False,0,0,1,True,False,2,1,36.0,0.06908702850341797,51.0,570.0,nvml
006862.png,NANO,onnx_cuda,"['CUDAExecutionProvider', 'CPUExecutionProvider']",False,0,0,0,False,False,8,10,40.0,0.06908702850341797,51.0,570.0,nvml
006863.png,NANO,onnx_cuda,"['CUDAExecutionProvider', 'CPUExecutionProvider']",False,0,4,0,False,True,6,8,40.0,0.06908702850341797,51.0,570.0,nvml
006864.png,NANO,onnx_cuda,"['CUDAExecutionProvider', 'CPUExecutionProvider']",False,0,0,0,False,False,8,13,40.0,0.06908702850341797,51.0,570.0,nvml
006865.png,NANO,onnx_cuda,"['CUDAExecutionProvider', 'CPUExecutionProvider']",False,0,0,0,False,False,0,1,40.0,0.06908702850341797,51.0,570.0,nvml
006866.png,NANO,onnx_cuda,"['CUDAExecutionProvider', 'CPUExecutionProvider']",False,0,0,0,False,False,43,8,40.0,0.06908702850341797,51.0,570.0,nvml
006867.png,NANO,onnx_cuda,"['CUDAExecutionProvider', 'CPUExecutionProvider']",False,0,0,0,False,False,32,9,40.0,0.06908702850341797,51.0,570.0,nvml
006868.png,NANO,onnx_cuda,"['CUDAExecutionProvider', 'CPUExecutionProvider']",False,0,0,0,False,False,20,8,40.0,0.06908702850341797,51.0,570.0,nvml
006869.png,NANO,onnx_cuda,"['CUDAExecutionProvider', 'CPUExecutionProvider']",False,0,0,0,False,False,10,4,40.0,0.06908702850341797,51.0,570.0,nvml
006870.png,NANO,onnx_cuda,"['CUDAExecutionProvider', 'CPUExecutionProvider']",False,0,0,0,False,False,25,11,40.0,0.06908702850341797,51.0,570.0,nvml
006871.png,NANO,onnx_cuda,"['CUDAExecutionProvider', 'CPUExecutionProvider']",False,0,0,0,False,False,8,9,40.0,0.06908702850341797,51.0,570.0,nvml
006872.png,NANO,onnx_cuda,"['CUDAExecutionProvider', 'CPUExecutionProvider']",False,1,8,5,True,True,15,9,36.0,0.06908702850341797,51.0,570.0,nvml
006873.png,NANO,onnx_cuda,"['CUDAExecutionProvider', 'CPUExecutionProvider']",False,0,0,1,True,False,2,1,36.0,0.06908702850341797,51.0,570.0,nvml
006874.png,NANO,onnx_cuda,"['CUDAExecutionProvider', 'CPUExecutionProvider']",False,0,0,0,False,False,0,4,36.0,0.06908702850341797,51.0,570.0,nvml
006875.png,NANO,onnx_cuda,"['CUDAExecutionProvider', 'CPUExecutionProvider']",False,0,0,0,False,False,0,2,36.0,0.06908702850341797,51.0,570.0,nvml
006876.png,NANO,onnx_cuda,"['CUDAExecutionProvider', 'CPUExecutionProvider']",False,0,0,0,False,False,3,8,36.0,0.06908702850341797,51.0,570.0,nvml
006877.png,NANO,onnx_cuda,"['CUDAExecutionProvider', 'CPUExecutionProvider']",False,0,1,0,False,True,7,7,36.0,0.06908702850341797,51.0,570.0,nvml
006878.png,NANO,onnx_cuda,"['CUDAExecutionProvider', 'CPUExecutionProvider']",False,3,16,2,True,True,28,8,36.0,0.06908702850341797,51.0,570.0,nvml
006879.png,NANO,onnx_cuda,"['CUDAExecutionProvider', 'CPUExecutionProvider']",False,1,9,0,True,True,27,10,36.0,0.06908702850341797,51.0,570.0,nvml
006880.png,NANO,onnx_cuda,"['CUDAExecutionProvider', 'CPUExecutionProvider']",False,0,0,0,False,False,0,2,36.0,0.06908702850341797,51.0,570.0,nvml
006881.png,NANO,onnx_cuda,"['CUDAExecutionProvider', 'CPUExecutionProvider']",False,1,6,1,True,True,13,6,36.0,0.06908702850341797,51.0,570.0,nvml
006882.png,NANO,onnx_cuda,"['CUDAExecutionProvider', 'CPUExecutionProvider']",False,0,0,1,True,False,12,6,40.0,0.06908702850341797,51.0,570.0,nvml
006883.png,NANO,onnx_cuda,"['CUDAExecutionProvider', 'CPUExecutionProvider']",False,0,0,0,False,False,3,5,40.0,0.06908702850341797,51.0,570.0,nvml
006884.png,NANO,onnx_cuda,"['CUDAExecutionProvider', 'CPUExecutionProvider']",False,0,0,0,False,False,0,5,40.0,0.06908702850341797,51.0,570.0,nvml
006885.png,NANO,onnx_cuda,"['CUDAExecutionProvider', 'CPUExecutionProvider']",False,0,0,0,False,False,18,9,40.0,0.06908702850341797,51.0,570.0,nvml
006886.png,NANO,onnx_cuda,"['CUDAExecutionProvider', 'CPUExecutionProvider']",False,0,0,2,True,False,0,12,40.0,0.06908702850341797,51.0,570.0,nvml
006887.png,NANO,onnx_cuda,"['CUDAExecutionProvider', 'CPUExecutionProvider']",False,0,0,1,True,False,0,6,40.0,0.06908702850341797,51.0,570.0,nvml
006888.png,NANO,onnx_cuda,"['CUDAExecutionProvider', 'CPUExecutionProvider']",False,0,0,0,False,False,10,6,40.0,0.06908702850341797,51.0,570.0,nvml
006889.png,NANO,onnx_cuda,"['CUDAExecutionProvider', 'CPUExecutionProvider']",False,0,0,0,False,False,30,9,40.0,0.06908702850341797,51.0,570.0,nvml
006890.png,NANO,onnx_cuda,"['CUDAExecutionProvider', 'CPUExecutionProvider']",False,0,0,0,False,False,0,2,40.0,0.06908702850341797,51.0,570.0,nvml
006891.png,NANO,onnx_cuda,"['CUDAExecutionProvider', 'CPUExecutionProvider']",False,0,0,0,False,False,23,5,37.0,0.06908702850341797,51.0,570.0,nvml
006892.png,NANO,onnx_cuda,"['CUDAExecutionProvider', 'CPUExecutionProvider']",False,1,0,0,True,True,1,1,37.0,0.06908702850341797,51.0,570.0,nvml
006893.png,NANO,onnx_cuda,"['CUDAExecutionProvider', 'CPUExecutionProvider']",False,0,0,0,False,False,0,5,37.0,0.06908702850341797,51.0,570.0,nvml
006894.png,NANO,onnx_cuda,"['CUDAExecutionProvider', 'CPUExecutionProvider']",False,0,2,11,True,True,2,13,37.0,0.06908702850341797,51.0,570.0,nvml
006895.png,NANO,onnx_cuda,"['CUDAExecutionProvider', 'CPUExecutionProvider']",False,0,0,0,False,False,13,7,37.0,0.06908702850341797,51.0,570.0,nvml
006896.png,NANO,onnx_cuda,"['CUDAExecutionProvider', 'CPUExecutionProvider']",False,0,0,0,False,False,6,4,37.0,0.06908702850341797,51.0,570.0,nvml
006897.png,NANO,onnx_cuda,"['CUDAExecutionProvider', 'CPUExecutionProvider']",False,0,0,0,False,False,37,11,37.0,0.06908702850341797,51.0,570.0,nvml
006898.png,NANO,onnx_cuda,"['CUDAExecutionProvider', 'CPUExecutionProvider']",False,0,0,0,False,False,0,1,37.0,0.06908702850341797,51.0,570.0,nvml
006899.png,NANO,onnx_cuda,"['CUDAExecutionProvider', 'CPUExecutionProvider']",False,0,0,0,False,False,0,5,37.0,0.06908702850341797,51.0,570.0,nvml
006900.png,NANO,onnx_cuda,"['CUDAExecutionProvider', 'CPUExecutionProvider']",False,0,0,0,False,False,0,3,37.0,0.06908702850341797,51.0,570.0,nvml
006901.png,NANO,onnx_cuda,"['CUDAExecutionProvider', 'CPUExecutionProvider']",False,0,1,0,False,True,1,2,39.0,0.06908702850341797,51.0,570.0,nvml
006902.png,NANO,onnx_cuda,"['CUDAExecutionProvider', 'CPUExecutionProvider']",False,0,0,0,False,False,38,12,39.0,0.06908702850341797,51.0,570.0,nvml
006903.png,NANO,onnx_cuda,"['CUDAExecutionProvider', 'CPUExecutionProvider']",False,0,0,1,True,False,0,1,39.0,0.06908702850341797,51.0,570.0,nvml
006904.png,NANO,onnx_cuda,"['CUDAExecutionProvider', 'CPUExecutionProvider']",False,0,0,1,True,False,28,12,39.0,0.06908702850341797,51.0,570.0,nvml
006905.png,NANO,onnx_cuda,"['CUDAExecutionProvider', 'CPUExecutionProvider']",False,0,0,0,False,False,5,2,39.0,0.06908702850341797,51.0,570.0,nvml
006906.png,NANO,onnx_cuda,"['CUDAExecutionProvider', 'CPUExecutionProvider']",False,0,0,0,False,False,0,4,39.0,0.06908702850341797,51.0,570.0,nvml
006907.png,NANO,onnx_cuda,"['CUDAExecutionProvider', 'CPUExecutionProvider']",False,0,1,0,False,True,1,7,39.0,0.06908702850341797,51.0,570.0,nvml
006908.png,NANO,onnx_cuda,"['CUDAExecutionProvider', 'CPUExecutionProvider']",False,4,25,4,True,True,33,10,39.0,0.06908702850341797,51.0,570.0,nvml
006909.png,NANO,onnx_cuda,"['CUDAExecutionProvider', 'CPUExecutionProvider']",False,0,0,0,False,False,10,6,39.0,0.06908702850341797,51.0,570.0,nvml
006910.png,NANO,onnx_cuda,"['CUDAExecutionProvider', 'CPUExecutionProvider']",False,2,9,0,True,True,23,11,40.0,0.06908702850341797,51.0,570.0,nvml
006911.png,NANO,onnx_cuda,"['CUDAExecutionProvider', 'CPUExecutionProvider']",False,1,1,0,True,True,3,11,40.0,0.06908702850341797,51.0,570.0,nvml
006912.png,NANO,onnx_cuda,"['CUDAExecutionProvider', 'CPUExecutionProvider']",False,1,14,0,True,True,25,6,40.0,0.06908702850341797,51.0,570.0,nvml
006913.png,NANO,onnx_cuda,"['CUDAExecutionProvider', 'CPUExecutionProvider']",False,0,0,0,False,False,0,7,40.0,0.06908702850341797,51.0,570.0,nvml
006914.png,NANO,onnx_cuda,"['CUDAExecutionProvider', 'CPUExecutionProvider']",False,0,0,0,False,False,24,4,40.0,0.06908702850341797,51.0,570.0,nvml
006915.png,NANO,onnx_cuda,"['CUDAExecutionProvider', 'CPUExecutionProvider']",False,0,0,0,False,False,11,3,40.0,0.06908702850341797,51.0,570.0,nvml
006916.png,NANO,onnx_cuda,"['CUDAExecutionProvider', 'CPUExecutionProvider']",False,1,19,1,True,True,20,4,40.0,0.06908702850341797,51.0,570.0,nvml
006917.png,NANO,onnx_cuda,"['CUDAExecutionProvider', 'CPUExecutionProvider']",False,0,0,0,False,False,19,7,40.0,0.06908702850341797,51.0,570.0,nvml
006918.png,NANO,onnx_cuda,"['CUDAExecutionProvider', 'CPUExecutionProvider']",False,0,0,0,False,False,0,3,40.0,0.06908702850341797,51.0,570.0,nvml
006919.png,NANO,onnx_cuda,"['CUDAExecutionProvider', 'CPUExecutionProvider']",False,0,0,3,True,False,0,9,40.0,0.06908702850341797,51.0,570.0,nvml
006920.png,NANO,onnx_cuda,"['CUDAExecutionProvider', 'CPUExecutionProvider']",False,0,0,0,False,False,32,8,37.0,0.06908702850341797,51.0,570.0,nvml
006921.png,NANO,onnx_cuda,"['CUDAExecutionProvider', 'CPUExecutionProvider']",False,0,0,0,False,False,0,3,37.0,0.06908702850341797,51.0,570.0,nvml
006922.png,NANO,onnx_cuda,"['CUDAExecutionProvider', 'CPUExecutionProvider']",False,0,0,0,False,False,35,12,37.0,0.06908702850341797,51.0,570.0,nvml
006923.png,NANO,onnx_cuda,"['CUDAExecutionProvider', 'CPUExecutionProvider']",False,0,0,1,True,False,9,6,37.0,0.06908702850341797,51.0,570.0,nvml
006924.png,NANO,onnx_cuda,"['CUDAExecutionProvider', 'CPUExecutionProvider']",False,0,0,0,False,False,0,3,37.0,0.06908702850341797,51.0,570.0,nvml
006925.png,NANO,onnx_cuda,"['CUDAExecutionProvider', 'CPUExecutionProvider']",False,2,12,6,True,True,16,11,37.0,0.06908702850341797,51.0,570.0,nvml
006926.png,NANO,onnx_cuda,"['CUDAExecutionProvider', 'CPUExecutionProvider']",False,1,3,1,True,True,48,17,37.0,0.06908702850341797,51.0,570.0,nvml
006927.png,NANO,onnx_cuda,"['CUDAExecutionProvider', 'CPUExecutionProvider']",False,0,0,0,False,False,22,10,37.0,0.06908702850341797,51.0,570.0,nvml
006928.png,NANO,onnx_cuda,"['CUDAExecutionProvider', 'CPUExecutionProvider']",False,0,0,0,False,False,11,9,37.0,0.06908702850341797,51.0,570.0,nvml
006929.png,NANO,onnx_cuda,"['CUDAExecutionProvider', 'CPUExecutionProvider']",False,0,0,1,True,False,18,12,37.0,0.06908702850341797,51.0,570.0,nvml
006930.png,NANO,onnx_cuda,"['CUDAExecutionProvider', 'CPUExecutionProvider']",False,0,0,0,False,False,0,2,39.0,0.06908702850341797,51.0,570.0,nvml
006931.png,NANO,onnx_cuda,"['CUDAExecutionProvider', 'CPUExecutionProvider']",False,0,0,0,False,False,0,1,39.0,0.06908702850341797,51.0,570.0,nvml
006932.png,NANO,onnx_cuda,"['CUDAExecutionProvider', 'CPUExecutionProvider']",False,1,9,0,True,True,31,17,39.0,0.06908702850341797,51.0,570.0,nvml
006933.png,NANO,onnx_cuda,"['CUDAExecutionProvider', 'CPUExecutionProvider']",False,0,0,0,False,False,10,4,39.0,0.06908702850341797,51.0,570.0,nvml
006934.png,NANO,onnx_cuda,"['CUDAExecutionProvider', 'CPUExecutionProvider']",False,0,0,0,False,False,0,2,39.0,0.06908702850341797,51.0,570.0,nvml
006935.png,NANO,onnx_cuda,"['CUDAExecutionProvider', 'CPUExecutionProvider']",False,2,11,1,True,True,13,3,39.0,0.06908702850341797,51.0,570.0,nvml
006936.png,NANO,onnx_cuda,"['CUDAExecutionProvider', 'CPUExecutionProvider']",False,0,0,0,False,False,14,8,39.0,0.06908702850341797,51.0,570.0,nvml
006937.png,NANO,onnx_cuda,"['CUDAExecutionProvider', 'CPUExecutionProvider']",False,4,31,4,True,True,35,13,39.0,0.06908702850341797,51.0,570.0,nvml
006938.png,NANO,onnx_cuda,"['CUDAExecutionProvider', 'CPUExecutionProvider']",False,0,0,0,False,False,15,3,39.0,0.06908702850341797,51.0,570.0,nvml
006939.png,NANO,onnx_cuda,"['CUDAExecutionProvider', 'CPUExecutionProvider']",False,0,0,0,False,False,17,6,38.0,0.06908702850341797,51.0,570.0,nvml
006940.png,NANO,onnx_cuda,"['CUDAExecutionProvider', 'CPUExecutionProvider']",False,0,0,0,False,False,0,3,38.0,0.06908702850341797,51.0,570.0,nvml
006941.png,NANO,onnx_cuda,"['CUDAExecutionProvider', 'CPUExecutionProvider']",False,1,4,0,True,True,5,1,38.0,0.06908702850341797,51.0,570.0,nvml
006942.png,NANO,onnx_cuda,"['CUDAExecutionProvider', 'CPUExecutionProvider']",False,0,0,1,True,False,41,15,38.0,0.06908702850341797,51.0,570.0,nvml
006943.png,NANO,onnx_cuda,"['CUDAExecutionProvider', 'CPUExecutionProvider']",False,0,4,0,False,True,6,8,38.0,0.06908702850341797,51.0,570.0,nvml
006944.png,NANO,onnx_cuda,"['CUDAExecutionProvider', 'CPUExecutionProvider']",False,0,0,0,False,False,0,10,38.0,0.06908702850341797,51.0,570.0,nvml
006945.png,NANO,onnx_cuda,"['CUDAExecutionProvider', 'CPUExecutionProvider']",False,0,0,0,False,False,0,7,38.0,0.06908702850341797,51.0,570.0,nvml
006946.png,NANO,onnx_cuda,"['CUDAExecutionProvider', 'CPUExecutionProvider']",False,0,0,0,False,False,1,7,38.0,0.06908702850341797,51.0,570.0,nvml
006947.png,NANO,onnx_cuda,"['CUDAExecutionProvider', 'CPUExecutionProvider']",False,0,0,0,False,False,0,3,38.0,0.06908702850341797,51.0,570.0,nvml
006948.png,NANO,onnx_cuda,"['CUDAExecutionProvider', 'CPUExecutionProvider']",False,0,0,0,False,False,11,15,38.0,0.06908702850341797,51.0,570.0,nvml
006949.png,NANO,onnx_cuda,"['CUDAExecutionProvider', 'CPUExecutionProvider']",False,0,0,0,False,False,4,3,38.0,0.06908702850341797,51.0,570.0,nvml
006950.png,NANO,onnx_cuda,"['CUDAExecutionProvider', 'CPUExecutionProvider']",False,0,0,0,False,False,8,12,38.0,0.06908702850341797,51.0,570.0,nvml
006951.png,NANO,onnx_cuda,"['CUDAExecutionProvider', 'CPUExecutionProvider']",False,0,0,1,True,False,0,1,38.0,0.06908702850341797,51.0,570.0,nvml
006952.png,NANO,onnx_cuda,"['CUDAExecutionProvider', 'CPUExecutionProvider']",False,0,0,1,True,False,30,15,38.0,0.06908702850341797,51.0,570.0,nvml
006953.png,NANO,onnx_cuda,"['CUDAExecutionProvider', 'CPUExecutionProvider']",False,0,0,0,False,False,15,11,38.0,0.06908702850341797,51.0,570.0,nvml
006954.png,NANO,onnx_cuda,"['CUDAExecutionProvider', 'CPUExecutionProvider']",False,0,0,0,False,False,0,8,38.0,0.06908702850341797,51.0,570.0,nvml
006955.png,NANO,onnx_cuda,"['CUDAExecutionProvider', 'CPUExecutionProvider']",False,1,5,0,True,True,6,1,38.0,0.06908702850341797,51.0,570.0,nvml
006956.png,NANO,onnx_cuda,"['CUDAExecutionProvider', 'CPUExecutionProvider']",False,0,4,0,False,True,4,8,38.0,0.06908702850341797,51.0,570.0,nvml
006957.png,NANO,onnx_cuda,"['CUDAExecutionProvider', 'CPUExecutionProvider']",False,0,0,4,True,False,9,9,38.0,0.06908702850341797,51.0,570.0,nvml
006958.png,NANO,onnx_cuda,"['CUDAExecutionProvider', 'CPUExecutionProvider']",False,0,0,0,False,False,5,12,36.0,0.06908702850341797,51.0,570.0,nvml
006959.png,NANO,onnx_cuda,"['CUDAExecutionProvider', 'CPUExecutionProvider']",False,0,0,0,False,False,7,5,36.0,0.06908702850341797,51.0,570.0,nvml
006960.png,NANO,onnx_cuda,"['CUDAExecutionProvider', 'CPUExecutionProvider']",False,0,0,0,False,False,22,13,36.0,0.06908702850341797,51.0,570.0,nvml
006961.png,NANO,onnx_cuda,"['CUDAExecutionProvider', 'CPUExecutionProvider']",False,0,0,0,False,False,10,8,36.0,0.06908702850341797,51.0,570.0,nvml
006962.png,NANO,onnx_cuda,"['CUDAExecutionProvider', 'CPUExecutionProvider']",False,0,0,2,True,False,0,6,36.0,0.06908702850341797,51.0,570.0,nvml
006963.png,NANO,onnx_cuda,"['CUDAExecutionProvider', 'CPUExecutionProvider']",False,0,0,0,False,False,2,7,36.0,0.06908702850341797,51.0,570.0,nvml
006964.png,NANO,onnx_cuda,"['CUDAExecutionProvider', 'CPUExecutionProvider']",False,0,0,0,False,False,0,6,36.0,0.06908702850341797,51.0,570.0,nvml
006965.png,NANO,onnx_cuda,"['CUDAExecutionProvider', 'CPUExecutionProvider']",False,0,0,0,False,False,13,2,36.0,0.06908702850341797,51.0,570.0,nvml
006966.png,NANO,onnx_cuda,"['CUDAExecutionProvider', 'CPUExecutionProvider']",False,0,0,0,False,False,0,3,36.0,0.06908702850341797,51.0,570.0,nvml
006967.png,NANO,onnx_cuda,"['CUDAExecutionProvider', 'CPUExecutionProvider']",False,0,0,0,False,False,8,10,40.0,0.06908702850341797,51.0,570.0,nvml
006968.png,NANO,onnx_cuda,"['CUDAExecutionProvider', 'CPUExecutionProvider']",False,0,0,1,True,False,20,9,40.0,0.06908702850341797,51.0,570.0,nvml
006969.png,NANO,onnx_cuda,"['CUDAExecutionProvider', 'CPUExecutionProvider']",False,1,6,2,True,True,7,7,40.0,0.06908702850341797,51.0,570.0,nvml
006970.png,NANO,onnx_cuda,"['CUDAExecutionProvider', 'CPUExecutionProvider']",False,0,0,0,False,False,5,8,40.0,0.06908702850341797,51.0,570.0,nvml
006971.png,NANO,onnx_cuda,"['CUDAExecutionProvider', 'CPUExecutionProvider']",False,0,0,4,True,False,0,9,40.0,0.06908702850341797,51.0,570.0,nvml
006972.png,NANO,onnx_cuda,"['CUDAExecutionProvider', 'CPUExecutionProvider']",False,0,0,0,False,False,21,5,40.0,0.06908702850341797,51.0,570.0,nvml
006973.png,NANO,onnx_cuda,"['CUDAExecutionProvider', 'CPUExecutionProvider']",False,0,3,0,False,True,6,8,40.0,0.06908702850341797,51.0,570.0,nvml
006974.png,NANO,onnx_cuda,"['CUDAExecutionProvider', 'CPUExecutionProvider']",False,0,0,0,False,False,0,3,40.0,0.06908702850341797,51.0,570.0,nvml
006975.png,NANO,onnx_cuda,"['CUDAExecutionProvider', 'CPUExecutionProvider']",False,0,0,0,False,False,4,7,40.0,0.06908702850341797,51.0,570.0,nvml
006976.png,NANO,onnx_cuda,"['CUDAExecutionProvider', 'CPUExecutionProvider']",False,0,0,0,False,False,0,4,40.0,0.06908702850341797,51.0,570.0,nvml
006977.png,NANO,onnx_cuda,"['CUDAExecutionProvider', 'CPUExecutionProvider']",False,0,0,0,False,False,0,2,36.0,0.06908702850341797,51.0,570.0,nvml
006978.png,NANO,onnx_cuda,"['CUDAExecutionProvider', 'CPUExecutionProvider']",False,0,0,0,False,False,8,7,36.0,0.06908702850341797,51.0,570.0,nvml
006979.png,NANO,onnx_cuda,"['CUDAExecutionProvider', 'CPUExecutionProvider']",False,0,0,0,False,False,24,8,36.0,0.06908702850341797,51.0,570.0,nvml
006980.png,NANO,onnx_cuda,"['CUDAExecutionProvider', 'CPUExecutionProvider']",False,1,26,11,True,True,27,16,36.0,0.06908702850341797,51.0,570.0,nvml
006981.png,NANO,onnx_cuda,"['CUDAExecutionProvider', 'CPUExecutionProvider']",False,0,0,0,False,False,0,2,36.0,0.06908702850341797,51.0,570.0,nvml
006982.png,NANO,onnx_cuda,"['CUDAExecutionProvider', 'CPUExecutionProvider']",False,0,0,0,False,False,11,7,36.0,0.06908702850341797,51.0,570.0,nvml
006983.png,NANO,onnx_cuda,"['CUDAExecutionProvider', 'CPUExecutionProvider']",False,0,0,0,False,False,0,9,36.0,0.06908702850341797,51.0,570.0,nvml
006984.png,NANO,onnx_cuda,"['CUDAExecutionProvider', 'CPUExecutionProvider']",False,0,0,0,False,False,8,8,36.0,0.06908702850341797,51.0,570.0,nvml
006985.png,NANO,onnx_cuda,"['CUDAExecutionProvider', 'CPUExecutionProvider']",False,0,0,1,True,False,8,9,36.0,0.06908702850341797,51.0,570.0,nvml
006986.png,NANO,onnx_cuda,"['CUDAExecutionProvider', 'CPUExecutionProvider']",False,0,0,0,False,False,0,3,40.0,0.06908702850341797,51.0,570.0,nvml
006987.png,NANO,onnx_cuda,"['CUDAExecutionProvider', 'CPUExecutionProvider']",False,0,0,0,False,False,17,8,40.0,0.06908702850341797,51.0,570.0,nvml
006988.png,NANO,onnx_cuda,"['CUDAExecutionProvider', 'CPUExecutionProvider']",False,0,0,0,False,False,11,2,40.0,0.06908702850341797,51.0,570.0,nvml
006989.png,NANO,onnx_cuda,"['CUDAExecutionProvider', 'CPUExecutionProvider']",False,0,0,0,False,False,1,7,40.0,0.06908702850341797,51.0,570.0,nvml
006990.png,NANO,onnx_cuda,"['CUDAExecutionProvider', 'CPUExecutionProvider']",False,0,0,0,False,False,22,7,40.0,0.06908702850341797,51.0,570.0,nvml
006991.png,NANO,onnx_cuda,"['CUDAExecutionProvider', 'CPUExecutionProvider']",False,0,0,0,False,False,17,7,40.0,0.06908702850341797,51.0,570.0,nvml
006992.png,NANO,onnx_cuda,"['CUDAExecutionProvider', 'CPUExecutionProvider']",False,0,0,0,False,False,9,14,40.0,0.06908702850341797,51.0,570.0,nvml
006993.png,NANO,onnx_cuda,"['CUDAExecutionProvider', 'CPUExecutionProvider']",False,0,0,0,False,False,9,8,40.0,0.06908702850341797,51.0,570.0,nvml
006994.png,NANO,onnx_cuda,"['CUDAExecutionProvider', 'CPUExecutionProvider']",False,0,0,3,True,False,0,5,40.0,0.06908702850341797,51.0,570.0,nvml
006995.png,NANO,onnx_cuda,"['CUDAExecutionProvider', 'CPUExecutionProvider']",False,0,0,0,False,False,15,7,40.0,0.06908702850341797,51.0,570.0,nvml
006996.png,NANO,onnx_cuda,"['CUDAExecutionProvider', 'CPUExecutionProvider']",False,0,0,0,False,False,1,5,37.0,0.06908702850341797,51.0,570.0,nvml
006997.png,NANO,onnx_cuda,"['CUDAExecutionProvider', 'CPUExecutionProvider']",False,1,9,1,True,True,10,9,37.0,0.06908702850341797,51.0,570.0,nvml
006998.png,NANO,onnx_cuda,"['CUDAExecutionProvider', 'CPUExecutionProvider']",False,0,0,0,False,False,12,6,37.0,0.06908702850341797,51.0,570.0,nvml
006999.png,NANO,onnx_cuda,"['CUDAExecutionProvider', 'CPUExecutionProvider']",False,0,0,0,False,False,0,4,37.0,0.06908702850341797,51.0,570.0,nvml
007000.png,NANO,onnx_cuda,"['CUDAExecutionProvider', 'CPUExecutionProvider']",False,0,0,2,True,False,27,11,37.0,0.06908702850341797,51.0,570.0,nvml
007001.png,NANO,onnx_cuda,"['CUDAExecutionProvider', 'CPUExecutionProvider']",False,0,0,0,False,False,0,6,37.0,0.06908702850341797,51.0,570.0,nvml
007002.png,NANO,onnx_cuda,"['CUDAExecutionProvider', 'CPUExecutionProvider']",False,0,0,0,False,False,9,3,37.0,0.06908702850341797,51.0,570.0,nvml
007003.png,NANO,onnx_cuda,"['CUDAExecutionProvider', 'CPUExecutionProvider']",False,0,0,0,False,False,30,10,37.0,0.06908702850341797,51.0,570.0,nvml
007004.png,NANO,onnx_cuda,"['CUDAExecutionProvider', 'CPUExecutionProvider']",False,0,0,2,True,False,2,7,37.0,0.06908702850341797,51.0,570.0,nvml
007005.png,NANO,onnx_cuda,"['CUDAExecutionProvider', 'CPUExecutionProvider']",False,0,0,0,False,False,0,9,39.0,0.06908702850341797,51.0,570.0,nvml
007006.png,NANO,onnx_cuda,"['CUDAExecutionProvider', 'CPUExecutionProvider']",False,0,0,1,True,False,7,5,39.0,0.06908702850341797,51.0,570.0,nvml
007007.png,NANO,onnx_cuda,"['CUDAExecutionProvider', 'CPUExecutionProvider']",False,0,0,0,False,False,4,9,39.0,0.06908702850341797,51.0,570.0,nvml
007008.png,NANO,onnx_cuda,"['CUDAExecutionProvider', 'CPUExecutionProvider']",False,0,0,0,False,False,0,4,39.0,0.06908702850341797,51.0,570.0,nvml
007009.png,NANO,onnx_cuda,"['CUDAExecutionProvider', 'CPUExecutionProvider']",False,0,0,0,False,False,0,2,39.0,0.06908702850341797,51.0,570.0,nvml
007010.png,NANO,onnx_cuda,"['CUDAExecutionProvider', 'CPUExecutionProvider']",False,0,0,0,False,False,6,5,39.0,0.06908702850341797,51.0,570.0,nvml
007011.png,NANO,onnx_cuda,"['CUDAExecutionProvider', 'CPUExecutionProvider']",False,0,0,0,False,False,28,11,39.0,0.06908702850341797,51.0,570.0,nvml
007012.png,NANO,onnx_cuda,"['CUDAExecutionProvider', 'CPUExecutionProvider']",False,0,6,0,False,True,8,8,39.0,0.06908702850341797,51.0,570.0,nvml
007013.png,NANO,onnx_cuda,"['CUDAExecutionProvider', 'CPUExecutionProvider']",False,0,0,0,False,False,1,14,39.0,0.06908702850341797,51.0,570.0,nvml
007014.png,NANO,onnx_cuda,"['CUDAExecutionProvider', 'CPUExecutionProvider']",False,0,0,0,False,False,34,14,39.0,0.06908702850341797,51.0,570.0,nvml
007015.png,NANO,onnx_cuda,"['CUDAExecutionProvider', 'CPUExecutionProvider']",False,0,0,0,False,False,13,13,36.0,0.06908702850341797,51.0,570.0,nvml
007016.png,NANO,onnx_cuda,"['CUDAExecutionProvider', 'CPUExecutionProvider']",False,2,23,2,True,True,28,11,36.0,0.06908702850341797,51.0,570.0,nvml
007017.png,NANO,onnx_cuda,"['CUDAExecutionProvider', 'CPUExecutionProvider']",False,1,6,0,True,True,7,1,36.0,0.06908702850341797,51.0,570.0,nvml
007018.png,NANO,onnx_cuda,"['CUDAExecutionProvider', 'CPUExecutionProvider']",False,2,14,4,True,True,16,9,36.0,0.06908702850341797,51.0,570.0,nvml
007019.png,NANO,onnx_cuda,"['CUDAExecutionProvider', 'CPUExecutionProvider']",False,0,0,0,False,False,20,11,36.0,0.06908702850341797,51.0,570.0,nvml
007020.png,NANO,onnx_cuda,"['CUDAExecutionProvider', 'CPUExecutionProvider']",False,0,0,0,False,False,12,8,36.0,0.06908702850341797,51.0,570.0,nvml
007021.png,NANO,onnx_cuda,"['CUDAExecutionProvider', 'CPUExecutionProvider']",False,0,0,3,True,False,3,10,36.0,0.06908702850341797,51.0,570.0,nvml
007022.png,NANO,onnx_cuda,"['CUDAExecutionProvider', 'CPUExecutionProvider']",False,0,0,0,False,False,2,7,36.0,0.06908702850341797,51.0,570.0,nvml
007023.png,NANO,onnx_cuda,"['CUDAExecutionProvider', 'CPUExecutionProvider']",False,1,7,0,True,True,8,1,36.0,0.06908702850341797,51.0,570.0,nvml
007024.png,NANO,onnx_cuda,"['CUDAExecutionProvider', 'CPUExecutionProvider']",False,0,0,0,False,False,0,2,38.0,0.06908702850341797,51.0,570.0,nvml
007025.png,NANO,onnx_cuda,"['CUDAExecutionProvider', 'CPUExecutionProvider']",False,0,0,0,False,False,13,3,38.0,0.06908702850341797,51.0,570.0,nvml
007026.png,NANO,onnx_cuda,"['CUDAExecutionProvider', 'CPUExecutionProvider']",False,0,0,0,False,False,27,12,38.0,0.06908702850341797,51.0,570.0,nvml
007027.png,NANO,onnx_cuda,"['CUDAExecutionProvider', 'CPUExecutionProvider']",False,0,0,0,False,False,13,7,38.0,0.06908702850341797,51.0,570.0,nvml
007028.png,NANO,onnx_cuda,"['CUDAExecutionProvider', 'CPUExecutionProvider']",False,0,0,0,False,False,5,7,38.0,0.06908702850341797,51.0,570.0,nvml
007029.png,NANO,onnx_cuda,"['CUDAExecutionProvider', 'CPUExecutionProvider']",False,0,0,0,False,False,2,7,38.0,0.06908702850341797,51.0,570.0,nvml
007030.png,NANO,onnx_cuda,"['CUDAExecutionProvider', 'CPUExecutionProvider']",False,0,0,0,False,False,3,3,38.0,0.06908702850341797,51.0,570.0,nvml
007031.png,NANO,onnx_cuda,"['CUDAExecutionProvider', 'CPUExecutionProvider']",False,0,0,0,False,False,19,12,38.0,0.06908702850341797,51.0,570.0,nvml
007032.png,NANO,onnx_cuda,"['CUDAExecutionProvider', 'CPUExecutionProvider']",False,0,0,0,False,False,10,7,38.0,0.06908702850341797,51.0,570.0,nvml
007033.png,NANO,onnx_cuda,"['CUDAExecutionProvider', 'CPUExecutionProvider']",False,0,0,1,True,False,22,8,38.0,0.06908702850341797,51.0,570.0,nvml
007034.png,NANO,onnx_cuda,"['CUDAExecutionProvider', 'CPUExecutionProvider']",False,0,0,1,True,False,10,5,38.0,0.06908702850341797,51.0,570.0,nvml
007035.png,NANO,onnx_cuda,"['CUDAExecutionProvider', 'CPUExecutionProvider']",False,0,0,0,False,False,0,11,38.0,0.06908702850341797,51.0,570.0,nvml
007036.png,NANO,onnx_cuda,"['CUDAExecutionProvider', 'CPUExecutionProvider']",False,1,8,0,True,True,9,1,38.0,0.06908702850341797,51.0,570.0,nvml
007037.png,NANO,onnx_cuda,"['CUDAExecutionProvider', 'CPUExecutionProvider']",False,0,0,0,False,False,12,3,38.0,0.06908702850341797,51.0,570.0,nvml
007038.png,NANO,onnx_cuda,"['CUDAExecutionProvider', 'CPUExecutionProvider']",False,0,0,0,False,False,0,4,38.0,0.06908702850341797,51.0,570.0,nvml
007039.png,NANO,onnx_cuda,"['CUDAExecutionProvider', 'CPUExecutionProvider']",False,0,0,0,False,False,0,10,38.0,0.06908702850341797,51.0,570.0,nvml
007040.png,NANO,onnx_cuda,"['CUDAExecutionProvider', 'CPUExecutionProvider']",False,0,0,0,False,False,0,1,38.0,0.06908702850341797,51.0,570.0,nvml
007041.png,NANO,onnx_cuda,"['CUDAExecutionProvider', 'CPUExecutionProvider']",False,0,0,0,False,False,10,8,38.0,0.06908702850341797,51.0,570.0,nvml
007042.png,NANO,onnx_cuda,"['CUDAExecutionProvider', 'CPUExecutionProvider']",False,0,0,0,False,False,0,10,38.0,0.06908702850341797,51.0,570.0,nvml
007043.png,NANO,onnx_cuda,"['CUDAExecutionProvider', 'CPUExecutionProvider']",False,0,0,0,False,False,12,8,39.0,0.06908702850341797,51.0,570.0,nvml
007044.png,NANO,onnx_cuda,"['CUDAExecutionProvider', 'CPUExecutionProvider']",False,0,0,0,False,False,3,5,39.0,0.06908702850341797,51.0,570.0,nvml
007045.png,NANO,onnx_cuda,"['CUDAExecutionProvider', 'CPUExecutionProvider']",False,0,0,3,True,False,10,11,39.0,0.06908702850341797,51.0,570.0,nvml
007046.png,NANO,onnx_cuda,"['CUDAExecutionProvider', 'CPUExecutionProvider']",False,0,3,1,True,True,58,15,39.0,0.06908702850341797,51.0,570.0,nvml
007047.png,NANO,onnx_cuda,"['CUDAExecutionProvider', 'CPUExecutionProvider']",False,0,0,0,False,False,17,11,39.0,0.06908702850341797,51.0,570.0,nvml
007048.png,NANO,onnx_cuda,"['CUDAExecutionProvider', 'CPUExecutionProvider']",False,0,0,0,False,False,0,3,39.0,0.06908702850341797,51.0,570.0,nvml
007049.png,NANO,onnx_cuda,"['CUDAExecutionProvider', 'CPUExecutionProvider']",False,0,0,1,True,False,12,4,39.0,0.06908702850341797,51.0,570.0,nvml
007050.png,NANO,onnx_cuda,"['CUDAExecutionProvider', 'CPUExecutionProvider']",False,0,0,0,False,False,2,9,39.0,0.06908702850341797,51.0,570.0,nvml
007051.png,NANO,onnx_cuda,"['CUDAExecutionProvider', 'CPUExecutionProvider']",False,0,3,0,False,True,3,10,39.0,0.06908702850341797,51.0,570.0,nvml
007052.png,NANO,onnx_cuda,"['CUDAExecutionProvider', 'CPUExecutionProvider']",False,0,2,1,True,True,3,10,39.0,0.06908702850341797,51.0,570.0,nvml
007053.png,NANO,onnx_cuda,"['CUDAExecutionProvider', 'CPUExecutionProvider']",False,0,0,2,True,False,12,8,38.0,0.06908702850341797,51.0,570.0,nvml
007054.png,NANO,onnx_cuda,"['CUDAExecutionProvider', 'CPUExecutionProvider']",False,0,0,0,False,False,0,4,38.0,0.06908702850341797,51.0,570.0,nvml
007055.png,NANO,onnx_cuda,"['CUDAExecutionProvider', 'CPUExecutionProvider']",False,0,4,0,False,True,4,5,38.0,0.06908702850341797,51.0,570.0,nvml
007056.png,NANO,onnx_cuda,"['CUDAExecutionProvider', 'CPUExecutionProvider']",False,0,0,1,True,False,2,10,38.0,0.06908702850341797,51.0,570.0,nvml
007057.png,NANO,onnx_cuda,"['CUDAExecutionProvider', 'CPUExecutionProvider']",False,0,0,0,False,False,1,4,38.0,0.06908702850341797,51.0,570.0,nvml
007058.png,NANO,onnx_cuda,"['CUDAExecutionProvider', 'CPUExecutionProvider']",False,0,0,0,False,False,7,5,38.0,0.06908702850341797,51.0,570.0,nvml
007059.png,NANO,onnx_cuda,"['CUDAExecutionProvider', 'CPUExecutionProvider']",False,0,0,0,False,False,17,6,38.0,0.06908702850341797,51.0,570.0,nvml
007060.png,NANO,onnx_cuda,"['CUDAExecutionProvider', 'CPUExecutionProvider']",False,0,0,0,False,False,20,6,38.0,0.06908702850341797,51.0,570.0,nvml
007061.png,NANO,onnx_cuda,"['CUDAExecutionProvider', 'CPUExecutionProvider']",False,0,0,0,False,False,4,7,38.0,0.06908702850341797,51.0,570.0,nvml
007062.png,NANO,onnx_cuda,"['CUDAExecutionProvider', 'CPUExecutionProvider']",False,0,0,0,False,False,4,4,37.0,0.06908702850341797,51.0,570.0,nvml
007063.png,NANO,onnx_cuda,"['CUDAExecutionProvider', 'CPUExecutionProvider']",False,0,0,0,False,False,7,5,37.0,0.06908702850341797,51.0,570.0,nvml
007064.png,NANO,onnx_cuda,"['CUDAExecutionProvider', 'CPUExecutionProvider']",False,0,0,0,False,False,1,8,37.0,0.06908702850341797,51.0,570.0,nvml
007065.png,NANO,onnx_cuda,"['CUDAExecutionProvider', 'CPUExecutionProvider']",False,0,0,0,False,False,18,6,37.0,0.06908702850341797,51.0,570.0,nvml
007066.png,NANO,onnx_cuda,"['CUDAExecutionProvider', 'CPUExecutionProvider']",False,0,0,0,False,False,9,11,37.0,0.06908702850341797,51.0,570.0,nvml
007067.png,NANO,onnx_cuda,"['CUDAExecutionProvider', 'CPUExecutionProvider']",False,0,0,2,True,False,33,11,37.0,0.06908702850341797,51.0,570.0,nvml
007068.png,NANO,onnx_cuda,"['CUDAExecutionProvider', 'CPUExecutionProvider']",False,0,0,0,False,False,0,4,37.0,0.06908702850341797,51.0,570.0,nvml
007069.png,NANO,onnx_cuda,"['CUDAExecutionProvider', 'CPUExecutionProvider']",False,0,0,0,False,False,11,10,37.0,0.06908702850341797,51.0,570.0,nvml
007070.png,NANO,onnx_cuda,"['CUDAExecutionProvider', 'CPUExecutionProvider']",False,0,0,3,True,False,4,9,37.0,0.06908702850341797,51.0,570.0,nvml
007071.png,NANO,onnx_cuda,"['CUDAExecutionProvider', 'CPUExecutionProvider']",False,0,0,0,False,False,4,13,37.0,0.06908702850341797,51.0,570.0,nvml
007072.png,NANO,onnx_cuda,"['CUDAExecutionProvider', 'CPUExecutionProvider']",False,0,0,1,True,False,0,2,39.0,0.06908702850341797,51.0,555.0,nvml
007073.png,NANO,onnx_cuda,"['CUDAExecutionProvider', 'CPUExecutionProvider']",False,1,2,0,True,True,3,1,39.0,0.06908702850341797,51.0,555.0,nvml
007074.png,NANO,onnx_cuda,"['CUDAExecutionProvider', 'CPUExecutionProvider']",False,0,0,0,False,False,0,2,39.0,0.06908702850341797,51.0,555.0,nvml
007075.png,NANO,onnx_cuda,"['CUDAExecutionProvider', 'CPUExecutionProvider']",False,0,0,1,True,False,0,1,39.0,0.06908702850341797,51.0,555.0,nvml
007076.png,NANO,onnx_cuda,"['CUDAExecutionProvider', 'CPUExecutionProvider']",False,0,0,0,False,False,8,3,39.0,0.06908702850341797,51.0,555.0,nvml
007077.png,NANO,onnx_cuda,"['CUDAExecutionProvider', 'CPUExecutionProvider']",False,1,10,0,True,True,17,2,39.0,0.06908702850341797,51.0,555.0,nvml
007078.png,NANO,onnx_cuda,"['CUDAExecutionProvider', 'CPUExecutionProvider']",False,0,0,0,False,False,0,4,39.0,0.06908702850341797,51.0,555.0,nvml
007079.png,NANO,onnx_cuda,"['CUDAExecutionProvider', 'CPUExecutionProvider']",False,0,0,0,False,False,0,3,39.0,0.06908702850341797,51.0,555.0,nvml
007080.png,NANO,onnx_cuda,"['CUDAExecutionProvider', 'CPUExecutionProvider']",False,0,0,1,True,False,0,2,39.0,0.06908702850341797,51.0,555.0,nvml
007081.png,NANO,onnx_cuda,"['CUDAExecutionProvider', 'CPUExecutionProvider']",False,0,0,0,False,False,12,10,39.0,0.06908702850341797,51.0,555.0,nvml
007082.png,NANO,onnx_cuda,"['CUDAExecutionProvider', 'CPUExecutionProvider']",False,0,0,0,False,False,0,1,40.0,0.06908702850341797,51.0,555.0,nvml
007083.png,NANO,onnx_cuda,"['CUDAExecutionProvider', 'CPUExecutionProvider']",False,0,0,0,False,False,4,3,40.0,0.06908702850341797,51.0,555.0,nvml
007084.png,NANO,onnx_cuda,"['CUDAExecutionProvider', 'CPUExecutionProvider']",False,1,7,0,True,True,8,1,40.0,0.06908702850341797,51.0,555.0,nvml
007085.png,NANO,onnx_cuda,"['CUDAExecutionProvider', 'CPUExecutionProvider']",False,0,0,0,False,False,11,5,40.0,0.06908702850341797,51.0,555.0,nvml
007086.png,NANO,onnx_cuda,"['CUDAExecutionProvider', 'CPUExecutionProvider']",False,0,0,0,False,False,0,1,40.0,0.06908702850341797,51.0,555.0,nvml
007087.png,NANO,onnx_cuda,"['CUDAExecutionProvider', 'CPUExecutionProvider']",False,0,0,0,False,False,7,10,40.0,0.06908702850341797,51.0,555.0,nvml
007088.png,NANO,onnx_cuda,"['CUDAExecutionProvider', 'CPUExecutionProvider']",False,0,0,0,False,False,12,6,40.0,0.06908702850341797,51.0,555.0,nvml
007089.png,NANO,onnx_cuda,"['CUDAExecutionProvider', 'CPUExecutionProvider']",False,0,0,0,False,False,0,4,40.0,0.06908702850341797,51.0,555.0,nvml
007090.png,NANO,onnx_cuda,"['CUDAExecutionProvider', 'CPUExecutionProvider']",False,0,0,0,False,False,10,4,40.0,0.06908702850341797,51.0,555.0,nvml
007091.png,NANO,onnx_cuda,"['CUDAExecutionProvider', 'CPUExecutionProvider']",False,0,0,0,False,False,12,7,38.0,0.06908702850341797,51.0,555.0,nvml
007092.png,NANO,onnx_cuda,"['CUDAExecutionProvider', 'CPUExecutionProvider']",False,0,3,2,True,True,3,5,38.0,0.06908702850341797,51.0,555.0,nvml
007093.png,NANO,onnx_cuda,"['CUDAExecutionProvider', 'CPUExecutionProvider']",False,0,0,0,False,False,1,6,38.0,0.06908702850341797,51.0,555.0,nvml
007094.png,NANO,onnx_cuda,"['CUDAExecutionProvider', 'CPUExecutionProvider']",False,0,6,8,True,True,6,8,38.0,0.06908702850341797,51.0,555.0,nvml
007095.png,NANO,onnx_cuda,"['CUDAExecutionProvider', 'CPUExecutionProvider']",False,0,0,0,False,False,8,6,38.0,0.06908702850341797,51.0,555.0,nvml
007096.png,NANO,onnx_cuda,"['CUDAExecutionProvider', 'CPUExecutionProvider']",False,0,0,0,False,False,16,7,38.0,0.06908702850341797,51.0,555.0,nvml
007097.png,NANO,onnx_cuda,"['CUDAExecutionProvider', 'CPUExecutionProvider']",False,0,0,0,False,False,14,5,38.0,0.06908702850341797,51.0,555.0,nvml
007098.png,NANO,onnx_cuda,"['CUDAExecutionProvider', 'CPUExecutionProvider']",False,0,7,0,False,True,7,6,38.0,0.06908702850341797,51.0,555.0,nvml
007099.png,NANO,onnx_cuda,"['CUDAExecutionProvider', 'CPUExecutionProvider']",False,0,0,1,True,False,42,16,38.0,0.06908702850341797,51.0,555.0,nvml
007100.png,NANO,onnx_cuda,"['CUDAExecutionProvider', 'CPUExecutionProvider']",False,0,0,0,False,False,7,6,38.0,0.06908702850341797,51.0,555.0,nvml
007101.png,NANO,onnx_cuda,"['CUDAExecutionProvider', 'CPUExecutionProvider']",False,0,0,0,False,False,27,17,39.0,0.06908702850341797,51.0,555.0,nvml
007102.png,NANO,onnx_cuda,"['CUDAExecutionProvider', 'CPUExecutionProvider']",False,0,0,0,False,False,10,15,39.0,0.06908702850341797,51.0,555.0,nvml
007103.png,NANO,onnx_cuda,"['CUDAExecutionProvider', 'CPUExecutionProvider']",False,0,0,1,True,False,0,5,39.0,0.06908702850341797,51.0,555.0,nvml
007104.png,NANO,onnx_cuda,"['CUDAExecutionProvider', 'CPUExecutionProvider']",False,0,0,0,False,False,6,6,39.0,0.06908702850341797,51.0,555.0,nvml
007105.png,NANO,onnx_cuda,"['CUDAExecutionProvider', 'CPUExecutionProvider']",False,0,0,0,False,False,0,4,39.0,0.06908702850341797,51.0,555.0,nvml
007106.png,NANO,onnx_cuda,"['CUDAExecutionProvider', 'CPUExecutionProvider']",False,0,0,0,False,False,0,4,39.0,0.06908702850341797,51.0,555.0,nvml
007107.png,NANO,onnx_cuda,"['CUDAExecutionProvider', 'CPUExecutionProvider']",False,0,0,0,False,False,30,12,39.0,0.06908702850341797,51.0,555.0,nvml
007108.png,NANO,onnx_cuda,"['CUDAExecutionProvider', 'CPUExecutionProvider']",False,0,0,0,False,False,22,6,39.0,0.06908702850341797,51.0,555.0,nvml
007109.png,NANO,onnx_cuda,"['CUDAExecutionProvider', 'CPUExecutionProvider']",False,4,15,6,True,True,19,15,39.0,0.06908702850341797,51.0,555.0,nvml
007110.png,NANO,onnx_cuda,"['CUDAExecutionProvider', 'CPUExecutionProvider']",False,0,0,1,True,False,0,1,39.0,0.06908702850341797,51.0,555.0,nvml
007111.png,NANO,onnx_cuda,"['CUDAExecutionProvider', 'CPUExecutionProvider']",False,0,0,0,False,False,21,2,39.0,0.06908702850341797,51.0,555.0,nvml
007112.png,NANO,onnx_cuda,"['CUDAExecutionProvider', 'CPUExecutionProvider']",False,0,0,0,False,False,0,1,39.0,0.06908702850341797,51.0,555.0,nvml
007113.png,NANO,onnx_cuda,"['CUDAExecutionProvider', 'CPUExecutionProvider']",False,0,0,0,False,False,0,2,39.0,0.06908702850341797,51.0,555.0,nvml
007114.png,NANO,onnx_cuda,"['CUDAExecutionProvider', 'CPUExecutionProvider']",False,0,2,0,False,True,28,12,39.0,0.06908702850341797,51.0,555.0,nvml
007115.png,NANO,onnx_cuda,"['CUDAExecutionProvider', 'CPUExecutionProvider']",False,0,0,1,True,False,0,2,39.0,0.06908702850341797,51.0,555.0,nvml
007116.png,NANO,onnx_cuda,"['CUDAExecutionProvider', 'CPUExecutionProvider']",False,0,0,0,False,False,12,6,39.0,0.06908702850341797,51.0,555.0,nvml
007117.png,NANO,onnx_cuda,"['CUDAExecutionProvider', 'CPUExecutionProvider']",False,0,0,0,False,False,14,8,39.0,0.06908702850341797,51.0,555.0,nvml
007118.png,NANO,onnx_cuda,"['CUDAExecutionProvider', 'CPUExecutionProvider']",False,0,0,2,True,False,0,4,39.0,0.06908702850341797,51.0,555.0,nvml
007119.png,NANO,onnx_cuda,"['CUDAExecutionProvider', 'CPUExecutionProvider']",False,0,0,0,False,False,0,6,39.0,0.06908702850341797,51.0,555.0,nvml
007120.png,NANO,onnx_cuda,"['CUDAExecutionProvider', 'CPUExecutionProvider']",False,0,1,0,False,True,1,6,39.0,0.06908702850341797,51.0,555.0,nvml
007121.png,NANO,onnx_cuda,"['CUDAExecutionProvider', 'CPUExecutionProvider']",False,0,0,1,True,False,15,11,39.0,0.06908702850341797,51.0,555.0,nvml
007122.png,NANO,onnx_cuda,"['CUDAExecutionProvider', 'CPUExecutionProvider']",False,0,1,1,True,True,2,7,39.0,0.06908702850341797,51.0,555.0,nvml
007123.png,NANO,onnx_cuda,"['CUDAExecutionProvider', 'CPUExecutionProvider']",False,0,0,1,True,False,34,8,39.0,0.06908702850341797,51.0,555.0,nvml
007124.png,NANO,onnx_cuda,"['CUDAExecutionProvider', 'CPUExecutionProvider']",False,0,0,0,False,False,4,7,39.0,0.06908702850341797,51.0,555.0,nvml
007125.png,NANO,onnx_cuda,"['CUDAExecutionProvider', 'CPUExecutionProvider']",False,0,0,0,False,False,0,4,39.0,0.06908702850341797,51.0,555.0,nvml
007126.png,NANO,onnx_cuda,"['CUDAExecutionProvider', 'CPUExecutionProvider']",False,0,0,1,True,False,0,1,39.0,0.06908702850341797,51.0,555.0,nvml
007127.png,NANO,onnx_cuda,"['CUDAExecutionProvider', 'CPUExecutionProvider']",False,0,0,0,False,False,0,2,39.0,0.06908702850341797,51.0,555.0,nvml
007128.png,NANO,onnx_cuda,"['CUDAExecutionProvider', 'CPUExecutionProvider']",False,0,0,0,False,False,10,8,39.0,0.06908702850341797,51.0,555.0,nvml
007129.png,NANO,onnx_cuda,"['CUDAExecutionProvider', 'CPUExecutionProvider']",False,1,11,6,True,True,12,10,39.0,0.06908702850341797,51.0,555.0,nvml
007130.png,NANO,onnx_cuda,"['CUDAExecutionProvider', 'CPUExecutionProvider']",False,0,0,1,True,False,10,5,41.0,0.06908702850341797,51.0,562.0,nvml
007131.png,NANO,onnx_cuda,"['CUDAExecutionProvider', 'CPUExecutionProvider']",False,0,0,0,False,False,20,10,41.0,0.06908702850341797,51.0,562.0,nvml
007132.png,NANO,onnx_cuda,"['CUDAExecutionProvider', 'CPUExecutionProvider']",False,0,0,1,True,False,42,11,41.0,0.06908702850341797,51.0,562.0,nvml
007133.png,NANO,onnx_cuda,"['CUDAExecutionProvider', 'CPUExecutionProvider']",False,0,0,0,False,False,4,3,41.0,0.06908702850341797,51.0,562.0,nvml
007134.png,NANO,onnx_cuda,"['CUDAExecutionProvider', 'CPUExecutionProvider']",False,0,0,0,False,False,16,7,41.0,0.06908702850341797,51.0,562.0,nvml
007135.png,NANO,onnx_cuda,"['CUDAExecutionProvider', 'CPUExecutionProvider']",False,0,0,1,True,False,16,7,41.0,0.06908702850341797,51.0,562.0,nvml
007136.png,NANO,onnx_cuda,"['CUDAExecutionProvider', 'CPUExecutionProvider']",False,2,16,0,True,True,28,10,41.0,0.06908702850341797,51.0,562.0,nvml
007137.png,NANO,onnx_cuda,"['CUDAExecutionProvider', 'CPUExecutionProvider']",False,0,0,0,False,False,33,11,41.0,0.06908702850341797,51.0,562.0,nvml
007138.png,NANO,onnx_cuda,"['CUDAExecutionProvider', 'CPUExecutionProvider']",False,0,0,0,False,False,20,8,41.0,0.06908702850341797,51.0,562.0,nvml
007139.png,NANO,onnx_cuda,"['CUDAExecutionProvider', 'CPUExecutionProvider']",False,0,0,0,False,False,5,6,36.0,0.06908702850341797,51.0,562.0,nvml
007140.png,NANO,onnx_cuda,"['CUDAExecutionProvider', 'CPUExecutionProvider']",False,0,0,0,False,False,9,5,36.0,0.06908702850341797,51.0,562.0,nvml
007141.png,NANO,onnx_cuda,"['CUDAExecutionProvider', 'CPUExecutionProvider']",False,0,0,0,False,False,4,3,36.0,0.06908702850341797,51.0,562.0,nvml
007142.png,NANO,onnx_cuda,"['CUDAExecutionProvider', 'CPUExecutionProvider']",False,0,0,0,False,False,15,8,36.0,0.06908702850341797,51.0,562.0,nvml
007143.png,NANO,onnx_cuda,"['CUDAExecutionProvider', 'CPUExecutionProvider']",False,0,0,0,False,False,9,5,36.0,0.06908702850341797,51.0,562.0,nvml
007144.png,NANO,onnx_cuda,"['CUDAExecutionProvider', 'CPUExecutionProvider']",False,0,0,0,False,False,0,4,36.0,0.06908702850341797,51.0,562.0,nvml
007145.png,NANO,onnx_cuda,"['CUDAExecutionProvider', 'CPUExecutionProvider']",False,0,0,0,False,False,0,8,36.0,0.06908702850341797,51.0,562.0,nvml
007146.png,NANO,onnx_cuda,"['CUDAExecutionProvider', 'CPUExecutionProvider']",False,0,2,0,False,True,8,4,36.0,0.06908702850341797,51.0,562.0,nvml
007147.png,NANO,onnx_cuda,"['CUDAExecutionProvider', 'CPUExecutionProvider']",False,1,6,0,True,True,26,4,36.0,0.06908702850341797,51.0,562.0,nvml
007148.png,NANO,onnx_cuda,"['CUDAExecutionProvider', 'CPUExecutionProvider']",False,0,0,0,False,False,10,5,36.0,0.06908702850341797,51.0,562.0,nvml
007149.png,NANO,onnx_cuda,"['CUDAExecutionProvider', 'CPUExecutionProvider']",False,0,0,1,True,False,13,9,40.0,0.06908702850341797,51.0,562.0,nvml
007150.png,NANO,onnx_cuda,"['CUDAExecutionProvider', 'CPUExecutionProvider']",False,0,0,1,True,False,0,1,40.0,0.06908702850341797,51.0,562.0,nvml
007151.png,NANO,onnx_cuda,"['CUDAExecutionProvider', 'CPUExecutionProvider']",False,0,0,0,False,False,28,11,40.0,0.06908702850341797,51.0,562.0,nvml
007152.png,NANO,onnx_cuda,"['CUDAExecutionProvider', 'CPUExecutionProvider']",False,0,0,0,False,False,11,5,40.0,0.06908702850341797,51.0,562.0,nvml
007153.png,NANO,onnx_cuda,"['CUDAExecutionProvider', 'CPUExecutionProvider']",False,0,0,0,False,False,20,8,40.0,0.06908702850341797,51.0,562.0,nvml
007154.png,NANO,onnx_cuda,"['CUDAExecutionProvider', 'CPUExecutionProvider']",False,0,0,1,True,False,0,1,40.0,0.06908702850341797,51.0,562.0,nvml
007155.png,NANO,onnx_cuda,"['CUDAExecutionProvider', 'CPUExecutionProvider']",False,0,0,0,False,False,10,1,40.0,0.06908702850341797,51.0,562.0,nvml
007156.png,NANO,onnx_cuda,"['CUDAExecutionProvider', 'CPUExecutionProvider']",False,0,0,2,True,False,35,13,40.0,0.06908702850341797,51.0,562.0,nvml
007157.png,NANO,onnx_cuda,"['CUDAExecutionProvider', 'CPUExecutionProvider']",False,1,9,0,True,True,10,5,40.0,0.06908702850341797,51.0,562.0,nvml
007158.png,NANO,onnx_cuda,"['CUDAExecutionProvider', 'CPUExecutionProvider']",False,0,0,0,False,False,0,2,39.0,0.06908702850341797,51.0,562.0,nvml
007159.png,NANO,onnx_cuda,"['CUDAExecutionProvider', 'CPUExecutionProvider']",False,0,6,2,True,True,6,2,39.0,0.06908702850341797,51.0,562.0,nvml
007160.png,NANO,onnx_cuda,"['CUDAExecutionProvider', 'CPUExecutionProvider']",False,0,0,0,False,False,22,8,39.0,0.06908702850341797,51.0,562.0,nvml
007161.png,NANO,onnx_cuda,"['CUDAExecutionProvider', 'CPUExecutionProvider']",False,1,3,3,True,True,16,7,39.0,0.06908702850341797,51.0,562.0,nvml
007162.png,NANO,onnx_cuda,"['CUDAExecutionProvider', 'CPUExecutionProvider']",False,0,0,0,False,False,7,9,39.0,0.06908702850341797,51.0,562.0,nvml
007163.png,NANO,onnx_cuda,"['CUDAExecutionProvider', 'CPUExecutionProvider']",False,0,0,0,False,False,21,11,39.0,0.06908702850341797,51.0,562.0,nvml
007164.png,NANO,onnx_cuda,"['CUDAExecutionProvider', 'CPUExecutionProvider']",False,0,0,0,False,False,8,4,39.0,0.06908702850341797,51.0,562.0,nvml
007165.png,NANO,onnx_cuda,"['CUDAExecutionProvider', 'CPUExecutionProvider']",False,0,0,0,False,False,10,6,39.0,0.06908702850341797,51.0,562.0,nvml
007166.png,NANO,onnx_cuda,"['CUDAExecutionProvider', 'CPUExecutionProvider']",False,0,0,0,False,False,29,10,39.0,0.06908702850341797,51.0,562.0,nvml
007167.png,NANO,onnx_cuda,"['CUDAExecutionProvider', 'CPUExecutionProvider']",False,0,0,0,False,False,5,7,39.0,0.06908702850341797,51.0,562.0,nvml
007168.png,NANO,onnx_cuda,"['CUDAExecutionProvider', 'CPUExecutionProvider']",False,0,0,1,True,False,0,6,38.0,0.06908702850341797,51.0,562.0,nvml
007169.png,NANO,onnx_cuda,"['CUDAExecutionProvider', 'CPUExecutionProvider']",False,0,0,0,False,False,19,9,38.0,0.06908702850341797,51.0,562.0,nvml
007170.png,NANO,onnx_cuda,"['CUDAExecutionProvider', 'CPUExecutionProvider']",False,0,0,0,False,False,0,4,38.0,0.06908702850341797,51.0,562.0,nvml
007171.png,NANO,onnx_cuda,"['CUDAExecutionProvider', 'CPUExecutionProvider']",False,0,0,0,False,False,21,12,38.0,0.06908702850341797,51.0,562.0,nvml
007172.png,NANO,onnx_cuda,"['CUDAExecutionProvider', 'CPUExecutionProvider']",False,0,0,0,False,False,3,5,38.0,0.06908702850341797,51.0,562.0,nvml
007173.png,NANO,onnx_cuda,"['CUDAExecutionProvider', 'CPUExecutionProvider']",False,0,0,0,False,False,0,2,38.0,0.06908702850341797,51.0,562.0,nvml
007174.png,NANO,onnx_cuda,"['CUDAExecutionProvider', 'CPUExecutionProvider']",False,0,0,0,False,False,10,13,38.0,0.06908702850341797,51.0,562.0,nvml
007175.png,NANO,onnx_cuda,"['CUDAExecutionProvider', 'CPUExecutionProvider']",False,0,0,0,False,False,0,1,38.0,0.06908702850341797,51.0,562.0,nvml
007176.png,NANO,onnx_cuda,"['CUDAExecutionProvider', 'CPUExecutionProvider']",False,0,0,0,False,False,0,5,38.0,0.06908702850341797,51.0,562.0,nvml
007177.png,NANO,onnx_cuda,"['CUDAExecutionProvider', 'CPUExecutionProvider']",False,0,0,2,True,False,23,9,40.0,0.06908702850341797,51.0,562.0,nvml
007178.png,NANO,onnx_cuda,"['CUDAExecutionProvider', 'CPUExecutionProvider']",False,0,0,1,True,False,33,9,40.0,0.06908702850341797,51.0,562.0,nvml
007179.png,NANO,onnx_cuda,"['CUDAExecutionProvider', 'CPUExecutionProvider']",False,4,39,0,True,True,43,6,40.0,0.06908702850341797,51.0,562.0,nvml
007180.png,NANO,onnx_cuda,"['CUDAExecutionProvider', 'CPUExecutionProvider']",False,0,0,0,False,False,6,4,40.0,0.06908702850341797,51.0,562.0,nvml
007181.png,NANO,onnx_cuda,"['CUDAExecutionProvider', 'CPUExecutionProvider']",False,0,0,0,False,False,9,2,40.0,0.06908702850341797,51.0,562.0,nvml
007182.png,NANO,onnx_cuda,"['CUDAExecutionProvider', 'CPUExecutionProvider']",False,0,0,3,True,False,34,11,40.0,0.06908702850341797,51.0,562.0,nvml
007183.png,NANO,onnx_cuda,"['CUDAExecutionProvider', 'CPUExecutionProvider']",False,0,0,0,False,False,6,9,40.0,0.06908702850341797,51.0,562.0,nvml
007184.png,NANO,onnx_cuda,"['CUDAExecutionProvider', 'CPUExecutionProvider']",False,0,7,0,False,True,14,4,40.0,0.06908702850341797,51.0,562.0,nvml
007185.png,NANO,onnx_cuda,"['CUDAExecutionProvider', 'CPUExecutionProvider']",False,0,0,1,True,False,27,12,40.0,0.06908702850341797,51.0,562.0,nvml
007186.png,NANO,onnx_cuda,"['CUDAExecutionProvider', 'CPUExecutionProvider']",False,0,0,0,False,False,0,4,40.0,0.06908702850341797,51.0,562.0,nvml
007187.png,NANO,onnx_cuda,"['CUDAExecutionProvider', 'CPUExecutionProvider']",False,0,0,0,False,False,0,1,37.0,0.06908702850341797,51.0,562.0,nvml
007188.png,NANO,onnx_cuda,"['CUDAExecutionProvider', 'CPUExecutionProvider']",False,1,7,0,True,True,8,1,37.0,0.06908702850341797,51.0,562.0,nvml
007189.png,NANO,onnx_cuda,"['CUDAExecutionProvider', 'CPUExecutionProvider']",False,0,0,5,True,False,0,7,37.0,0.06908702850341797,51.0,562.0,nvml
007190.png,NANO,onnx_cuda,"['CUDAExecutionProvider', 'CPUExecutionProvider']",False,0,0,0,False,False,10,2,37.0,0.06908702850341797,51.0,562.0,nvml
007191.png,NANO,onnx_cuda,"['CUDAExecutionProvider', 'CPUExecutionProvider']",False,0,0,0,False,False,0,4,37.0,0.06908702850341797,51.0,562.0,nvml
007192.png,NANO,onnx_cuda,"['CUDAExecutionProvider', 'CPUExecutionProvider']",False,0,0,3,True,False,41,11,37.0,0.06908702850341797,51.0,562.0,nvml
007193.png,NANO,onnx_cuda,"['CUDAExecutionProvider', 'CPUExecutionProvider']",False,0,0,0,False,False,6,5,37.0,0.06908702850341797,51.0,562.0,nvml
007194.png,NANO,onnx_cuda,"['CUDAExecutionProvider', 'CPUExecutionProvider']",False,0,0,0,False,False,10,5,37.0,0.06908702850341797,51.0,562.0,nvml
007195.png,NANO,onnx_cuda,"['CUDAExecutionProvider', 'CPUExecutionProvider']",False,0,0,0,False,False,35,12,37.0,0.06908702850341797,51.0,562.0,nvml
007196.png,NANO,onnx_cuda,"['CUDAExecutionProvider', 'CPUExecutionProvider']",False,0,0,0,False,False,11,8,37.0,0.06908702850341797,51.0,562.0,nvml
007197.png,NANO,onnx_cuda,"['CUDAExecutionProvider', 'CPUExecutionProvider']",False,0,0,0,False,False,0,5,39.0,0.06908702850341797,51.0,562.0,nvml
007198.png,NANO,onnx_cuda,"['CUDAExecutionProvider', 'CPUExecutionProvider']",False,0,0,0,False,False,0,5,39.0,0.06908702850341797,51.0,562.0,nvml
007199.png,NANO,onnx_cuda,"['CUDAExecutionProvider', 'CPUExecutionProvider']",False,1,3,1,True,True,4,6,39.0,0.06908702850341797,51.0,562.0,nvml
007200.png,NANO,onnx_cuda,"['CUDAExecutionProvider', 'CPUExecutionProvider']",False,0,0,0,False,False,34,11,39.0,0.06908702850341797,51.0,562.0,nvml
007201.png,NANO,onnx_cuda,"['CUDAExecutionProvider', 'CPUExecutionProvider']",False,0,2,1,True,True,9,9,39.0,0.06908702850341797,51.0,562.0,nvml
007202.png,NANO,onnx_cuda,"['CUDAExecutionProvider', 'CPUExecutionProvider']",False,2,17,9,True,True,26,15,39.0,0.06908702850341797,51.0,562.0,nvml
007203.png,NANO,onnx_cuda,"['CUDAExecutionProvider', 'CPUExecutionProvider']",False,0,0,4,True,False,35,10,39.0,0.06908702850341797,51.0,562.0,nvml
007204.png,NANO,onnx_cuda,"['CUDAExecutionProvider', 'CPUExecutionProvider']",False,0,0,0,False,False,7,8,39.0,0.06908702850341797,51.0,562.0,nvml
007205.png,NANO,onnx_cuda,"['CUDAExecutionProvider', 'CPUExecutionProvider']",False,0,0,0,False,False,7,5,39.0,0.06908702850341797,51.0,562.0,nvml
007206.png,NANO,onnx_cuda,"['CUDAExecutionProvider', 'CPUExecutionProvider']",False,0,0,1,True,False,11,7,36.0,0.06908702850341797,51.0,562.0,nvml
007207.png,NANO,onnx_cuda,"['CUDAExecutionProvider', 'CPUExecutionProvider']",False,0,0,1,True,False,0,4,36.0,0.06908702850341797,51.0,562.0,nvml
007208.png,NANO,onnx_cuda,"['CUDAExecutionProvider', 'CPUExecutionProvider']",False,0,0,0,False,False,5,11,36.0,0.06908702850341797,51.0,562.0,nvml
007209.png,NANO,onnx_cuda,"['CUDAExecutionProvider', 'CPUExecutionProvider']",False,0,0,0,False,False,15,13,36.0,0.06908702850341797,51.0,562.0,nvml
007210.png,NANO,onnx_cuda,"['CUDAExecutionProvider', 'CPUExecutionProvider']",False,0,0,0,False,False,22,12,36.0,0.06908702850341797,51.0,562.0,nvml
007211.png,NANO,onnx_cuda,"['CUDAExecutionProvider', 'CPUExecutionProvider']",False,0,0,0,False,False,11,6,36.0,0.06908702850341797,51.0,562.0,nvml
007212.png,NANO,onnx_cuda,"['CUDAExecutionProvider', 'CPUExecutionProvider']",False,0,0,0,False,False,0,2,36.0,0.06908702850341797,51.0,562.0,nvml
007213.png,NANO,onnx_cuda,"['CUDAExecutionProvider', 'CPUExecutionProvider']",False,0,0,0,False,False,1,5,36.0,0.06908702850341797,51.0,562.0,nvml
007214.png,NANO,onnx_cuda,"['CUDAExecutionProvider', 'CPUExecutionProvider']",False,0,0,0,False,False,0,5,36.0,0.06908702850341797,51.0,562.0,nvml
007215.png,NANO,onnx_cuda,"['CUDAExecutionProvider', 'CPUExecutionProvider']",False,0,0,0,False,False,0,3,38.0,0.06908702850341797,51.0,562.0,nvml
007216.png,NANO,onnx_cuda,"['CUDAExecutionProvider', 'CPUExecutionProvider']",False,0,0,0,False,False,18,7,38.0,0.06908702850341797,51.0,562.0,nvml
007217.png,NANO,onnx_cuda,"['CUDAExecutionProvider', 'CPUExecutionProvider']",False,0,0,0,False,False,18,3,38.0,0.06908702850341797,51.0,562.0,nvml
007218.png,NANO,onnx_cuda,"['CUDAExecutionProvider', 'CPUExecutionProvider']",False,0,0,0,False,False,1,11,38.0,0.06908702850341797,51.0,562.0,nvml
007219.png,NANO,onnx_cuda,"['CUDAExecutionProvider', 'CPUExecutionProvider']",False,0,0,0,False,False,2,6,38.0,0.06908702850341797,51.0,562.0,nvml
007220.png,NANO,onnx_cuda,"['CUDAExecutionProvider', 'CPUExecutionProvider']",False,0,0,0,False,False,10,1,38.0,0.06908702850341797,51.0,562.0,nvml
007221.png,NANO,onnx_cuda,"['CUDAExecutionProvider', 'CPUExecutionProvider']",False,0,0,1,True,False,2,5,38.0,0.06908702850341797,51.0,562.0,nvml
007222.png,NANO,onnx_cuda,"['CUDAExecutionProvider', 'CPUExecutionProvider']",False,0,0,0,False,False,3,10,38.0,0.06908702850341797,51.0,562.0,nvml
007223.png,NANO,onnx_cuda,"['CUDAExecutionProvider', 'CPUExecutionProvider']",False,1,3,0,True,True,4,1,38.0,0.06908702850341797,51.0,562.0,nvml
007224.png,NANO,onnx_cuda,"['CUDAExecutionProvider', 'CPUExecutionProvider']",False,0,0,0,False,False,10,3,38.0,0.06908702850341797,51.0,562.0,nvml
007225.png,NANO,onnx_cuda,"['CUDAExecutionProvider', 'CPUExecutionProvider']",False,0,0,0,False,False,19,7,38.0,0.06908702850341797,51.0,562.0,nvml
007226.png,NANO,onnx_cuda,"['CUDAExecutionProvider', 'CPUExecutionProvider']",False,0,2,0,False,True,5,7,38.0,0.06908702850341797,51.0,562.0,nvml
007227.png,NANO,onnx_cuda,"['CUDAExecutionProvider', 'CPUExecutionProvider']",False,0,0,0,False,False,0,3,38.0,0.06908702850341797,51.0,562.0,nvml
007228.png,NANO,onnx_cuda,"['CUDAExecutionProvider', 'CPUExecutionProvider']",False,0,0,0,False,False,26,14,38.0,0.06908702850341797,51.0,562.0,nvml
007229.png,NANO,onnx_cuda,"['CUDAExecutionProvider', 'CPUExecutionProvider']",False,0,1,1,True,True,3,5,38.0,0.06908702850341797,51.0,562.0,nvml
007230.png,NANO,onnx_cuda,"['CUDAExecutionProvider', 'CPUExecutionProvider']",False,0,0,0,False,False,12,6,38.0,0.06908702850341797,51.0,562.0,nvml
007231.png,NANO,onnx_cuda,"['CUDAExecutionProvider', 'CPUExecutionProvider']",False,1,6,0,True,True,7,1,38.0,0.06908702850341797,51.0,562.0,nvml
007232.png,NANO,onnx_cuda,"['CUDAExecutionProvider', 'CPUExecutionProvider']",False,0,0,1,True,False,17,6,38.0,0.06908702850341797,51.0,562.0,nvml
007233.png,NANO,onnx_cuda,"['CUDAExecutionProvider', 'CPUExecutionProvider']",False,0,0,0,False,False,25,12,38.0,0.06908702850341797,51.0,562.0,nvml
007234.png,NANO,onnx_cuda,"['CUDAExecutionProvider', 'CPUExecutionProvider']",False,0,0,0,False,False,3,5,36.0,0.06908702850341797,51.0,562.0,nvml
007235.png,NANO,onnx_cuda,"['CUDAExecutionProvider', 'CPUExecutionProvider']",False,0,0,0,False,False,0,6,36.0,0.06908702850341797,51.0,562.0,nvml
007236.png,NANO,onnx_cuda,"['CUDAExecutionProvider', 'CPUExecutionProvider']",False,0,0,0,False,False,17,8,36.0,0.06908702850341797,51.0,562.0,nvml
007237.png,NANO,onnx_cuda,"['CUDAExecutionProvider', 'CPUExecutionProvider']",False,0,0,1,True,False,0,1,36.0,0.06908702850341797,51.0,562.0,nvml
007238.png,NANO,onnx_cuda,"['CUDAExecutionProvider', 'CPUExecutionProvider']",False,0,0,0,False,False,0,5,36.0,0.06908702850341797,51.0,562.0,nvml
007239.png,NANO,onnx_cuda,"['CUDAExecutionProvider', 'CPUExecutionProvider']",False,0,0,0,False,False,0,7,36.0,0.06908702850341797,51.0,562.0,nvml
007240.png,NANO,onnx_cuda,"['CUDAExecutionProvider', 'CPUExecutionProvider']",False,0,0,1,True,False,0,7,36.0,0.06908702850341797,51.0,562.0,nvml
007241.png,NANO,onnx_cuda,"['CUDAExecutionProvider', 'CPUExecutionProvider']",False,0,0,0,False,False,2,5,36.0,0.06908702850341797,51.0,562.0,nvml
007242.png,NANO,onnx_cuda,"['CUDAExecutionProvider', 'CPUExecutionProvider']",False,0,0,0,False,False,13,12,36.0,0.06908702850341797,51.0,562.0,nvml
007243.png,NANO,onnx_cuda,"['CUDAExecutionProvider', 'CPUExecutionProvider']",False,0,0,0,False,False,6,13,36.0,0.06908702850341797,51.0,562.0,nvml
007244.png,NANO,onnx_cuda,"['CUDAExecutionProvider', 'CPUExecutionProvider']",False,0,0,0,False,False,4,6,40.0,0.06908702850341797,51.0,562.0,nvml
007245.png,NANO,onnx_cuda,"['CUDAExecutionProvider', 'CPUExecutionProvider']",False,0,0,0,False,False,0,3,40.0,0.06908702850341797,51.0,562.0,nvml
007246.png,NANO,onnx_cuda,"['CUDAExecutionProvider', 'CPUExecutionProvider']",False,0,0,0,False,False,21,5,40.0,0.06908702850341797,51.0,562.0,nvml
007247.png,NANO,onnx_cuda,"['CUDAExecutionProvider', 'CPUExecutionProvider']",False,0,0,0,False,False,0,8,40.0,0.06908702850341797,51.0,562.0,nvml
007248.png,NANO,onnx_cuda,"['CUDAExecutionProvider', 'CPUExecutionProvider']",False,0,0,0,False,False,31,14,40.0,0.06908702850341797,51.0,562.0,nvml
007249.png,NANO,onnx_cuda,"['CUDAExecutionProvider', 'CPUExecutionProvider']",False,0,0,0,False,False,0,7,40.0,0.06908702850341797,51.0,562.0,nvml
007250.png,NANO,onnx_cuda,"['CUDAExecutionProvider', 'CPUExecutionProvider']",False,0,0,0,False,False,0,6,40.0,0.06908702850341797,51.0,562.0,nvml
007251.png,NANO,onnx_cuda,"['CUDAExecutionProvider', 'CPUExecutionProvider']",False,0,3,0,False,True,3,1,40.0,0.06908702850341797,51.0,562.0,nvml
007252.png,NANO,onnx_cuda,"['CUDAExecutionProvider', 'CPUExecutionProvider']",False,0,0,0,False,False,0,5,40.0,0.06908702850341797,51.0,562.0,nvml
007253.png,NANO,onnx_cuda,"['CUDAExecutionProvider', 'CPUExecutionProvider']",False,1,4,0,True,True,5,2,39.0,0.06908702850341797,51.0,562.0,nvml
007254.png,NANO,onnx_cuda,"['CUDAExecutionProvider', 'CPUExecutionProvider']",False,0,0,3,True,False,0,3,39.0,0.06908702850341797,51.0,562.0,nvml
007255.png,NANO,onnx_cuda,"['CUDAExecutionProvider', 'CPUExecutionProvider']",False,0,0,3,True,False,0,9,39.0,0.06908702850341797,51.0,562.0,nvml
007256.png,NANO,onnx_cuda,"['CUDAExecutionProvider', 'CPUExecutionProvider']",False,0,0,0,False,False,31,13,39.0,0.06908702850341797,51.0,562.0,nvml
007257.png,NANO,onnx_cuda,"['CUDAExecutionProvider', 'CPUExecutionProvider']",False,0,0,0,False,False,0,2,39.0,0.06908702850341797,51.0,562.0,nvml
007258.png,NANO,onnx_cuda,"['CUDAExecutionProvider', 'CPUExecutionProvider']",False,0,0,0,False,False,6,4,39.0,0.06908702850341797,51.0,562.0,nvml
007259.png,NANO,onnx_cuda,"['CUDAExecutionProvider', 'CPUExecutionProvider']",False,0,0,0,False,False,18,8,39.0,0.06908702850341797,51.0,562.0,nvml
007260.png,NANO,onnx_cuda,"['CUDAExecutionProvider', 'CPUExecutionProvider']",False,0,6,3,True,True,28,12,39.0,0.06908702850341797,51.0,562.0,nvml
007261.png,NANO,onnx_cuda,"['CUDAExecutionProvider', 'CPUExecutionProvider']",False,0,0,0,False,False,18,5,39.0,0.06908702850341797,51.0,562.0,nvml
007262.png,NANO,onnx_cuda,"['CUDAExecutionProvider', 'CPUExecutionProvider']",False,0,0,0,False,False,0,5,39.0,0.06908702850341797,51.0,562.0,nvml
007263.png,NANO,onnx_cuda,"['CUDAExecutionProvider', 'CPUExecutionProvider']",False,0,0,0,False,False,23,16,37.0,0.06908702850341797,51.0,562.0,nvml
007264.png,NANO,onnx_cuda,"['CUDAExecutionProvider', 'CPUExecutionProvider']",False,0,8,1,True,True,21,6,37.0,0.06908702850341797,51.0,562.0,nvml
007265.png,NANO,onnx_cuda,"['CUDAExecutionProvider', 'CPUExecutionProvider']",False,1,8,5,True,True,15,8,37.0,0.06908702850341797,51.0,562.0,nvml
007266.png,NANO,onnx_cuda,"['CUDAExecutionProvider', 'CPUExecutionProvider']",False,0,5,0,False,True,15,10,37.0,0.06908702850341797,51.0,562.0,nvml
007267.png,NANO,onnx_cuda,"['CUDAExecutionProvider', 'CPUExecutionProvider']",False,0,0,0,False,False,23,4,37.0,0.06908702850341797,51.0,562.0,nvml
007268.png,NANO,onnx_cuda,"['CUDAExecutionProvider', 'CPUExecutionProvider']",False,0,0,0,False,False,0,7,37.0,0.06908702850341797,51.0,562.0,nvml
007269.png,NANO,onnx_cuda,"['CUDAExecutionProvider', 'CPUExecutionProvider']",False,1,8,0,True,True,11,1,37.0,0.06908702850341797,51.0,562.0,nvml
007270.png,NANO,onnx_cuda,"['CUDAExecutionProvider', 'CPUExecutionProvider']",False,0,0,0,False,False,0,2,37.0,0.06908702850341797,51.0,562.0,nvml
007271.png,NANO,onnx_cuda,"['CUDAExecutionProvider', 'CPUExecutionProvider']",False,0,0,0,False,False,16,3,37.0,0.06908702850341797,51.0,562.0,nvml
007272.png,NANO,onnx_cuda,"['CUDAExecutionProvider', 'CPUExecutionProvider']",False,1,9,0,True,True,10,1,39.0,0.06908702850341797,51.0,562.0,nvml
007273.png,NANO,onnx_cuda,"['CUDAExecutionProvider', 'CPUExecutionProvider']",False,0,0,0,False,False,10,10,39.0,0.06908702850341797,51.0,562.0,nvml
007274.png,NANO,onnx_cuda,"['CUDAExecutionProvider', 'CPUExecutionProvider']",False,0,0,0,False,False,0,3,39.0,0.06908702850341797,51.0,562.0,nvml
007275.png,NANO,onnx_cuda,"['CUDAExecutionProvider', 'CPUExecutionProvider']",False,0,0,0,False,False,9,1,39.0,0.06908702850341797,51.0,562.0,nvml
007276.png,NANO,onnx_cuda,"['CUDAExecutionProvider', 'CPUExecutionProvider']",False,0,0,0,False,False,0,4,39.0,0.06908702850341797,51.0,562.0,nvml
007277.png,NANO,onnx_cuda,"['CUDAExecutionProvider', 'CPUExecutionProvider']",False,0,0,2,True,False,33,9,39.0,0.06908702850341797,51.0,562.0,nvml
007278.png,NANO,onnx_cuda,"['CUDAExecutionProvider', 'CPUExecutionProvider']",False,1,3,0,True,True,4,1,39.0,0.06908702850341797,51.0,562.0,nvml
007279.png,NANO,onnx_cuda,"['CUDAExecutionProvider', 'CPUExecutionProvider']",False,0,0,0,False,False,2,3,39.0,0.06908702850341797,51.0,562.0,nvml
007280.png,NANO,onnx_cuda,"['CUDAExecutionProvider', 'CPUExecutionProvider']",False,2,15,1,True,True,17,8,39.0,0.06908702850341797,51.0,562.0,nvml
007281.png,NANO,onnx_cuda,"['CUDAExecutionProvider', 'CPUExecutionProvider']",False,0,0,0,False,False,1,7,39.0,0.06908702850341797,51.0,562.0,nvml
007282.png,NANO,onnx_cuda,"['CUDAExecutionProvider', 'CPUExecutionProvider']",False,0,0,0,False,False,5,2,38.0,0.06908702850341797,51.0,562.0,nvml
007283.png,NANO,onnx_cuda,"['CUDAExecutionProvider', 'CPUExecutionProvider']",False,0,0,0,False,False,18,9,38.0,0.06908702850341797,51.0,562.0,nvml
007284.png,NANO,onnx_cuda,"['CUDAExecutionProvider', 'CPUExecutionProvider']",False,0,0,1,True,False,0,7,38.0,0.06908702850341797,51.0,562.0,nvml
007285.png,NANO,onnx_cuda,"['CUDAExecutionProvider', 'CPUExecutionProvider']",False,0,0,1,True,False,10,2,38.0,0.06908702850341797,51.0,562.0,nvml
007286.png,NANO,onnx_cuda,"['CUDAExecutionProvider', 'CPUExecutionProvider']",False,1,1,4,True,True,10,10,38.0,0.06908702850341797,51.0,562.0,nvml
007287.png,NANO,onnx_cuda,"['CUDAExecutionProvider', 'CPUExecutionProvider']",False,0,0,0,False,False,0,9,38.0,0.06908702850341797,51.0,562.0,nvml
007288.png,NANO,onnx_cuda,"['CUDAExecutionProvider', 'CPUExecutionProvider']",False,0,0,1,True,False,0,1,38.0,0.06908702850341797,51.0,562.0,nvml
007289.png,NANO,onnx_cuda,"['CUDAExecutionProvider', 'CPUExecutionProvider']",False,0,0,1,True,False,1,18,38.0,0.06908702850341797,51.0,562.0,nvml
007290.png,NANO,onnx_cuda,"['CUDAExecutionProvider', 'CPUExecutionProvider']",False,1,5,4,True,True,6,6,38.0,0.06908702850341797,51.0,562.0,nvml
007291.png,NANO,onnx_cuda,"['CUDAExecutionProvider', 'CPUExecutionProvider']",False,0,0,0,False,False,15,5,38.0,0.06908702850341797,51.0,562.0,nvml
007292.png,NANO,onnx_cuda,"['CUDAExecutionProvider', 'CPUExecutionProvider']",False,0,0,0,False,False,0,6,41.0,0.06908702850341797,51.0,570.0,nvml
007293.png,NANO,onnx_cuda,"['CUDAExecutionProvider', 'CPUExecutionProvider']",False,0,0,0,False,False,5,2,41.0,0.06908702850341797,51.0,570.0,nvml
007294.png,NANO,onnx_cuda,"['CUDAExecutionProvider', 'CPUExecutionProvider']",False,0,0,1,True,False,16,8,41.0,0.06908702850341797,51.0,570.0,nvml
007295.png,NANO,onnx_cuda,"['CUDAExecutionProvider', 'CPUExecutionProvider']",False,0,0,0,False,False,0,3,41.0,0.06908702850341797,51.0,570.0,nvml
007296.png,NANO,onnx_cuda,"['CUDAExecutionProvider', 'CPUExecutionProvider']",False,0,1,0,False,True,1,11,41.0,0.06908702850341797,51.0,570.0,nvml
007297.png,NANO,onnx_cuda,"['CUDAExecutionProvider', 'CPUExecutionProvider']",False,0,0,0,False,False,4,4,41.0,0.06908702850341797,51.0,570.0,nvml
007298.png,NANO,onnx_cuda,"['CUDAExecutionProvider', 'CPUExecutionProvider']",False,0,0,0,False,False,0,4,41.0,0.06908702850341797,51.0,570.0,nvml
007299.png,NANO,onnx_cuda,"['CUDAExecutionProvider', 'CPUExecutionProvider']",False,0,0,0,False,False,40,8,41.0,0.06908702850341797,51.0,570.0,nvml
007300.png,NANO,onnx_cuda,"['CUDAExecutionProvider', 'CPUExecutionProvider']",False,0,0,1,True,False,0,5,41.0,0.06908702850341797,51.0,570.0,nvml
007301.png,NANO,onnx_cuda,"['CUDAExecutionProvider', 'CPUExecutionProvider']",False,1,0,2,True,True,33,14,38.0,0.06908702850341797,51.0,570.0,nvml
007302.png,NANO,onnx_cuda,"['CUDAExecutionProvider', 'CPUExecutionProvider']",False,0,0,0,False,False,0,4,38.0,0.06908702850341797,51.0,570.0,nvml
007303.png,NANO,onnx_cuda,"['CUDAExecutionProvider', 'CPUExecutionProvider']",False,0,0,0,False,False,12,4,38.0,0.06908702850341797,51.0,570.0,nvml
007304.png,NANO,onnx_cuda,"['CUDAExecutionProvider', 'CPUExecutionProvider']",False,0,0,0,False,False,0,2,38.0,0.06908702850341797,51.0,570.0,nvml
007305.png,NANO,onnx_cuda,"['CUDAExecutionProvider', 'CPUExecutionProvider']",False,0,0,0,False,False,13,2,38.0,0.06908702850341797,51.0,570.0,nvml
007306.png,NANO,onnx_cuda,"['CUDAExecutionProvider', 'CPUExecutionProvider']",False,0,0,0,False,False,3,6,38.0,0.06908702850341797,51.0,570.0,nvml
007307.png,NANO,onnx_cuda,"['CUDAExecutionProvider', 'CPUExecutionProvider']",False,0,0,0,False,False,0,1,38.0,0.06908702850341797,51.0,570.0,nvml
007308.png,NANO,onnx_cuda,"['CUDAExecutionProvider', 'CPUExecutionProvider']",False,0,0,1,True,False,1,1,38.0,0.06908702850341797,51.0,570.0,nvml
007309.png,NANO,onnx_cuda,"['CUDAExecutionProvider', 'CPUExecutionProvider']",False,0,0,0,False,False,30,10,38.0,0.06908702850341797,51.0,570.0,nvml
007310.png,NANO,onnx_cuda,"['CUDAExecutionProvider', 'CPUExecutionProvider']",False,0,0,1,True,False,0,1,38.0,0.06908702850341797,51.0,570.0,nvml
007311.png,NANO,onnx_cuda,"['CUDAExecutionProvider', 'CPUExecutionProvider']",False,0,0,0,False,False,18,6,38.0,0.06908702850341797,51.0,570.0,nvml
007312.png,NANO,onnx_cuda,"['CUDAExecutionProvider', 'CPUExecutionProvider']",False,0,0,0,False,False,7,5,38.0,0.06908702850341797,51.0,570.0,nvml
007313.png,NANO,onnx_cuda,"['CUDAExecutionProvider', 'CPUExecutionProvider']",False,0,0,0,False,False,12,15,38.0,0.06908702850341797,51.0,570.0,nvml
007314.png,NANO,onnx_cuda,"['CUDAExecutionProvider', 'CPUExecutionProvider']",False,0,0,0,False,False,21,14,38.0,0.06908702850341797,51.0,570.0,nvml
007315.png,NANO,onnx_cuda,"['CUDAExecutionProvider', 'CPUExecutionProvider']",False,0,0,1,True,False,51,15,38.0,0.06908702850341797,51.0,570.0,nvml
007316.png,NANO,onnx_cuda,"['CUDAExecutionProvider', 'CPUExecutionProvider']",False,0,0,0,False,False,10,8,38.0,0.06908702850341797,51.0,570.0,nvml
007317.png,NANO,onnx_cuda,"['CUDAExecutionProvider', 'CPUExecutionProvider']",False,0,0,0,False,False,7,7,38.0,0.06908702850341797,51.0,570.0,nvml
007318.png,NANO,onnx_cuda,"['CUDAExecutionProvider', 'CPUExecutionProvider']",False,3,5,4,True,True,8,10,38.0,0.06908702850341797,51.0,570.0,nvml
007319.png,NANO,onnx_cuda,"['CUDAExecutionProvider', 'CPUExecutionProvider']",False,3,14,3,True,True,18,10,38.0,0.06908702850341797,51.0,570.0,nvml
007320.png,NANO,onnx_cuda,"['CUDAExecutionProvider', 'CPUExecutionProvider']",False,0,0,1,True,False,0,1,38.0,0.06908702850341797,51.0,570.0,nvml
007321.png,NANO,onnx_cuda,"['CUDAExecutionProvider', 'CPUExecutionProvider']",False,0,2,2,True,True,2,3,40.0,0.06908702850341797,51.0,570.0,nvml
007322.png,NANO,onnx_cuda,"['CUDAExecutionProvider', 'CPUExecutionProvider']",False,0,0,0,False,False,11,1,40.0,0.06908702850341797,51.0,570.0,nvml
007323.png,NANO,onnx_cuda,"['CUDAExecutionProvider', 'CPUExecutionProvider']",False,0,0,0,False,False,9,10,40.0,0.06908702850341797,51.0,570.0,nvml
007324.png,NANO,onnx_cuda,"['CUDAExecutionProvider', 'CPUExecutionProvider']",False,0,0,3,True,False,9,9,40.0,0.06908702850341797,51.0,570.0,nvml
007325.png,NANO,onnx_cuda,"['CUDAExecutionProvider', 'CPUExecutionProvider']",False,0,0,0,False,False,36,11,40.0,0.06908702850341797,51.0,570.0,nvml
007326.png,NANO,onnx_cuda,"['CUDAExecutionProvider', 'CPUExecutionProvider']",False,0,0,1,True,False,13,5,40.0,0.06908702850341797,51.0,570.0,nvml
007327.png,NANO,onnx_cuda,"['CUDAExecutionProvider', 'CPUExecutionProvider']",False,1,6,0,True,True,7,1,40.0,0.06908702850341797,51.0,570.0,nvml
007328.png,NANO,onnx_cuda,"['CUDAExecutionProvider', 'CPUExecutionProvider']",False,0,0,0,False,False,19,4,40.0,0.06908702850341797,51.0,570.0,nvml
007329.png,NANO,onnx_cuda,"['CUDAExecutionProvider', 'CPUExecutionProvider']",False,0,0,0,False,False,14,9,40.0,0.06908702850341797,51.0,570.0,nvml
007330.png,NANO,onnx_cuda,"['CUDAExecutionProvider', 'CPUExecutionProvider']",False,0,0,0,False,False,11,6,36.0,0.06908702850341797,51.0,570.0,nvml
007331.png,NANO,onnx_cuda,"['CUDAExecutionProvider', 'CPUExecutionProvider']",False,0,0,1,True,False,0,6,36.0,0.06908702850341797,51.0,570.0,nvml
007332.png,NANO,onnx_cuda,"['CUDAExecutionProvider', 'CPUExecutionProvider']",False,0,0,0,False,False,4,1,36.0,0.06908702850341797,51.0,570.0,nvml
007333.png,NANO,onnx_cuda,"['CUDAExecutionProvider', 'CPUExecutionProvider']",False,3,16,4,True,True,19,10,36.0,0.06908702850341797,51.0,570.0,nvml
007334.png,NANO,onnx_cuda,"['CUDAExecutionProvider', 'CPUExecutionProvider']",False,0,0,1,True,False,0,8,36.0,0.06908702850341797,51.0,570.0,nvml
007335.png,NANO,onnx_cuda,"['CUDAExecutionProvider', 'CPUExecutionProvider']",False,0,0,0,False,False,0,2,36.0,0.06908702850341797,51.0,570.0,nvml
007336.png,NANO,onnx_cuda,"['CUDAExecutionProvider', 'CPUExecutionProvider']",False,0,0,0,False,False,1,3,36.0,0.06908702850341797,51.0,570.0,nvml
007337.png,NANO,onnx_cuda,"['CUDAExecutionProvider', 'CPUExecutionProvider']",False,0,0,0,False,False,10,7,36.0,0.06908702850341797,51.0,570.0,nvml
007338.png,NANO,onnx_cuda,"['CUDAExecutionProvider', 'CPUExecutionProvider']",False,0,0,2,True,False,0,2,36.0,0.06908702850341797,51.0,570.0,nvml
007339.png,NANO,onnx_cuda,"['CUDAExecutionProvider', 'CPUExecutionProvider']",False,0,0,0,False,False,17,10,36.0,0.06908702850341797,51.0,570.0,nvml
007340.png,NANO,onnx_cuda,"['CUDAExecutionProvider', 'CPUExecutionProvider']",False,0,0,0,False,False,0,4,40.0,0.06908702850341797,51.0,570.0,nvml
007341.png,NANO,onnx_cuda,"['CUDAExecutionProvider', 'CPUExecutionProvider']",False,0,0,0,False,False,15,8,40.0,0.06908702850341797,51.0,570.0,nvml
007342.png,NANO,onnx_cuda,"['CUDAExecutionProvider', 'CPUExecutionProvider']",False,0,0,0,False,False,49,11,40.0,0.06908702850341797,51.0,570.0,nvml
007343.png,NANO,onnx_cuda,"['CUDAExecutionProvider', 'CPUExecutionProvider']",False,0,0,0,False,False,14,4,40.0,0.06908702850341797,51.0,570.0,nvml
007344.png,NANO,onnx_cuda,"['CUDAExecutionProvider', 'CPUExecutionProvider']",False,0,0,1,True,False,0,1,40.0,0.06908702850341797,51.0,570.0,nvml
007345.png,NANO,onnx_cuda,"['CUDAExecutionProvider', 'CPUExecutionProvider']",False,0,0,0,False,False,0,3,40.0,0.06908702850341797,51.0,570.0,nvml
007346.png,NANO,onnx_cuda,"['CUDAExecutionProvider', 'CPUExecutionProvider']",False,0,0,0,False,False,12,5,40.0,0.06908702850341797,51.0,570.0,nvml
007347.png,NANO,onnx_cuda,"['CUDAExecutionProvider', 'CPUExecutionProvider']",False,0,0,3,True,False,1,9,40.0,0.06908702850341797,51.0,570.0,nvml
007348.png,NANO,onnx_cuda,"['CUDAExecutionProvider', 'CPUExecutionProvider']",False,0,0,0,False,False,0,2,40.0,0.06908702850341797,51.0,570.0,nvml
007349.png,NANO,onnx_cuda,"['CUDAExecutionProvider', 'CPUExecutionProvider']",False,0,0,1,True,False,19,7,39.0,0.06908702850341797,51.0,570.0,nvml
007350.png,NANO,onnx_cuda,"['CUDAExecutionProvider', 'CPUExecutionProvider']",False,0,0,0,False,False,24,11,39.0,0.06908702850341797,51.0,570.0,nvml
007351.png,NANO,onnx_cuda,"['CUDAExecutionProvider', 'CPUExecutionProvider']",False,1,2,0,True,True,3,1,39.0,0.06908702850341797,51.0,570.0,nvml
007352.png,NANO,onnx_cuda,"['CUDAExecutionProvider', 'CPUExecutionProvider']",False,0,0,0,False,False,8,6,39.0,0.06908702850341797,51.0,570.0,nvml
007353.png,NANO,onnx_cuda,"['CUDAExecutionProvider', 'CPUExecutionProvider']",False,0,0,0,False,False,26,10,39.0,0.06908702850341797,51.0,570.0,nvml
007354.png,NANO,onnx_cuda,"['CUDAExecutionProvider', 'CPUExecutionProvider']",False,0,0,0,False,False,0,3,39.0,0.06908702850341797,51.0,570.0,nvml
007355.png,NANO,onnx_cuda,"['CUDAExecutionProvider', 'CPUExecutionProvider']",False,0,0,1,True,False,11,8,39.0,0.06908702850341797,51.0,570.0,nvml
007356.png,NANO,onnx_cuda,"['CUDAExecutionProvider', 'CPUExecutionProvider']",False,0,0,0,False,False,2,7,39.0,0.06908702850341797,51.0,570.0,nvml
007357.png,NANO,onnx_cuda,"['CUDAExecutionProvider', 'CPUExecutionProvider']",False,0,0,0,False,False,11,7,39.0,0.06908702850341797,51.0,570.0,nvml
007358.png,NANO,onnx_cuda,"['CUDAExecutionProvider', 'CPUExecutionProvider']",False,0,0,0,False,False,9,3,39.0,0.06908702850341797,51.0,570.0,nvml
007359.png,NANO,onnx_cuda,"['CUDAExecutionProvider', 'CPUExecutionProvider']",False,0,0,1,True,False,14,6,37.0,0.06908702850341797,51.0,570.0,nvml
007360.png,NANO,onnx_cuda,"['CUDAExecutionProvider', 'CPUExecutionProvider']",False,0,0,0,False,False,10,12,37.0,0.06908702850341797,51.0,570.0,nvml
007361.png,NANO,onnx_cuda,"['CUDAExecutionProvider', 'CPUExecutionProvider']",False,0,0,0,False,False,0,10,37.0,0.06908702850341797,51.0,570.0,nvml
007362.png,NANO,onnx_cuda,"['CUDAExecutionProvider', 'CPUExecutionProvider']",False,1,5,0,True,True,6,2,37.0,0.06908702850341797,51.0,570.0,nvml
007363.png,NANO,onnx_cuda,"['CUDAExecutionProvider', 'CPUExecutionProvider']",False,0,0,1,True,False,3,7,37.0,0.06908702850341797,51.0,570.0,nvml
007364.png,NANO,onnx_cuda,"['CUDAExecutionProvider', 'CPUExecutionProvider']",False,0,0,0,False,False,10,8,37.0,0.06908702850341797,51.0,570.0,nvml
007365.png,NANO,onnx_cuda,"['CUDAExecutionProvider', 'CPUExecutionProvider']",False,0,0,0,False,False,5,8,37.0,0.06908702850341797,51.0,570.0,nvml
007366.png,NANO,onnx_cuda,"['CUDAExecutionProvider', 'CPUExecutionProvider']",False,0,0,1,True,False,2,11,37.0,0.06908702850341797,51.0,570.0,nvml
007367.png,NANO,onnx_cuda,"['CUDAExecutionProvider', 'CPUExecutionProvider']",False,0,0,0,False,False,0,1,37.0,0.06908702850341797,51.0,570.0,nvml
007368.png,NANO,onnx_cuda,"['CUDAExecutionProvider', 'CPUExecutionProvider']",False,2,6,0,True,True,10,7,40.0,0.06908702850341797,51.0,570.0,nvml
007369.png,NANO,onnx_cuda,"['CUDAExecutionProvider', 'CPUExecutionProvider']",False,0,0,1,True,False,0,6,40.0,0.06908702850341797,51.0,570.0,nvml
007370.png,NANO,onnx_cuda,"['CUDAExecutionProvider', 'CPUExecutionProvider']",False,0,0,0,False,False,7,2,40.0,0.06908702850341797,51.0,570.0,nvml
007371.png,NANO,onnx_cuda,"['CUDAExecutionProvider', 'CPUExecutionProvider']",False,0,0,0,False,False,18,5,40.0,0.06908702850341797,51.0,570.0,nvml
007372.png,NANO,onnx_cuda,"['CUDAExecutionProvider', 'CPUExecutionProvider']",False,1,5,0,True,True,8,1,40.0,0.06908702850341797,51.0,570.0,nvml
007373.png,NANO,onnx_cuda,"['CUDAExecutionProvider', 'CPUExecutionProvider']",False,0,0,0,False,False,0,2,40.0,0.06908702850341797,51.0,570.0,nvml
007374.png,NANO,onnx_cuda,"['CUDAExecutionProvider', 'CPUExecutionProvider']",False,0,2,1,True,True,13,4,40.0,0.06908702850341797,51.0,570.0,nvml
007375.png,NANO,onnx_cuda,"['CUDAExecutionProvider', 'CPUExecutionProvider']",False,1,1,0,True,True,2,6,40.0,0.06908702850341797,51.0,570.0,nvml
007376.png,NANO,onnx_cuda,"['CUDAExecutionProvider', 'CPUExecutionProvider']",False,0,0,0,False,False,4,6,40.0,0.06908702850341797,51.0,570.0,nvml
007377.png,NANO,onnx_cuda,"['CUDAExecutionProvider', 'CPUExecutionProvider']",False,0,0,1,True,False,10,4,40.0,0.06908702850341797,51.0,570.0,nvml
007378.png,NANO,onnx_cuda,"['CUDAExecutionProvider', 'CPUExecutionProvider']",False,0,0,0,False,False,9,5,37.0,0.06908702850341797,51.0,570.0,nvml
007379.png,NANO,onnx_cuda,"['CUDAExecutionProvider', 'CPUExecutionProvider']",False,0,0,0,False,False,3,6,37.0,0.06908702850341797,51.0,570.0,nvml
007380.png,NANO,onnx_cuda,"['CUDAExecutionProvider', 'CPUExecutionProvider']",False,0,0,0,False,False,11,3,37.0,0.06908702850341797,51.0,570.0,nvml
007381.png,NANO,onnx_cuda,"['CUDAExecutionProvider', 'CPUExecutionProvider']",False,0,0,0,False,False,2,3,37.0,0.06908702850341797,51.0,570.0,nvml
007382.png,NANO,onnx_cuda,"['CUDAExecutionProvider', 'CPUExecutionProvider']",False,0,0,0,False,False,8,7,37.0,0.06908702850341797,51.0,570.0,nvml
007383.png,NANO,onnx_cuda,"['CUDAExecutionProvider', 'CPUExecutionProvider']",False,0,0,0,False,False,48,9,37.0,0.06908702850341797,51.0,570.0,nvml
007384.png,NANO,onnx_cuda,"['CUDAExecutionProvider', 'CPUExecutionProvider']",False,0,0,0,False,False,11,6,37.0,0.06908702850341797,51.0,570.0,nvml
007385.png,NANO,onnx_cuda,"['CUDAExecutionProvider', 'CPUExecutionProvider']",False,0,0,1,True,False,0,5,37.0,0.06908702850341797,51.0,570.0,nvml
007386.png,NANO,onnx_cuda,"['CUDAExecutionProvider', 'CPUExecutionProvider']",False,0,0,0,False,False,14,9,37.0,0.06908702850341797,51.0,570.0,nvml
007387.png,NANO,onnx_cuda,"['CUDAExecutionProvider', 'CPUExecutionProvider']",False,0,0,1,True,False,0,1,39.0,0.06908702850341797,51.0,570.0,nvml
007388.png,NANO,onnx_cuda,"['CUDAExecutionProvider', 'CPUExecutionProvider']",False,0,0,0,False,False,38,15,39.0,0.06908702850341797,51.0,570.0,nvml
007389.png,NANO,onnx_cuda,"['CUDAExecutionProvider', 'CPUExecutionProvider']",False,0,0,0,False,False,0,6,39.0,0.06908702850341797,51.0,570.0,nvml
007390.png,NANO,onnx_cuda,"['CUDAExecutionProvider', 'CPUExecutionProvider']",False,0,0,0,False,False,0,4,39.0,0.06908702850341797,51.0,570.0,nvml
007391.png,NANO,onnx_cuda,"['CUDAExecutionProvider', 'CPUExecutionProvider']",False,0,0,0,False,False,7,6,39.0,0.06908702850341797,51.0,570.0,nvml
007392.png,NANO,onnx_cuda,"['CUDAExecutionProvider', 'CPUExecutionProvider']",False,0,0,0,False,False,9,10,39.0,0.06908702850341797,51.0,570.0,nvml
007393.png,NANO,onnx_cuda,"['CUDAExecutionProvider', 'CPUExecutionProvider']",False,0,0,1,True,False,41,15,39.0,0.06908702850341797,51.0,570.0,nvml
007394.png,NANO,onnx_cuda,"['CUDAExecutionProvider', 'CPUExecutionProvider']",False,0,0,0,False,False,33,15,39.0,0.06908702850341797,51.0,570.0,nvml
007395.png,NANO,onnx_cuda,"['CUDAExecutionProvider', 'CPUExecutionProvider']",False,0,0,1,True,False,3,3,39.0,0.06908702850341797,51.0,570.0,nvml
007396.png,NANO,onnx_cuda,"['CUDAExecutionProvider', 'CPUExecutionProvider']",False,0,0,0,False,False,24,9,36.0,0.06908702850341797,51.0,570.0,nvml
007397.png,NANO,onnx_cuda,"['CUDAExecutionProvider', 'CPUExecutionProvider']",False,0,0,0,False,False,0,3,36.0,0.06908702850341797,51.0,570.0,nvml
007398.png,NANO,onnx_cuda,"['CUDAExecutionProvider', 'CPUExecutionProvider']",False,0,0,1,True,False,22,9,36.0,0.06908702850341797,51.0,570.0,nvml
007399.png,NANO,onnx_cuda,"['CUDAExecutionProvider', 'CPUExecutionProvider']",False,0,0,0,False,False,9,2,36.0,0.06908702850341797,51.0,570.0,nvml
007400.png,NANO,onnx_cuda,"['CUDAExecutionProvider', 'CPUExecutionProvider']",False,0,0,0,False,False,17,15,36.0,0.06908702850341797,51.0,570.0,nvml
007401.png,NANO,onnx_cuda,"['CUDAExecutionProvider', 'CPUExecutionProvider']",False,0,0,0,False,False,24,9,36.0,0.06908702850341797,51.0,570.0,nvml
007402.png,NANO,onnx_cuda,"['CUDAExecutionProvider', 'CPUExecutionProvider']",False,0,0,0,False,False,32,10,36.0,0.06908702850341797,51.0,570.0,nvml
007403.png,NANO,onnx_cuda,"['CUDAExecutionProvider', 'CPUExecutionProvider']",False,0,0,0,False,False,43,7,36.0,0.06908702850341797,51.0,570.0,nvml
007404.png,NANO,onnx_cuda,"['CUDAExecutionProvider', 'CPUExecutionProvider']",False,0,0,0,False,False,2,12,36.0,0.06908702850341797,51.0,570.0,nvml
007405.png,NANO,onnx_cuda,"['CUDAExecutionProvider', 'CPUExecutionProvider']",False,0,0,0,False,False,2,5,36.0,0.06908702850341797,51.0,570.0,nvml
007406.png,NANO,onnx_cuda,"['CUDAExecutionProvider', 'CPUExecutionProvider']",False,0,0,4,True,False,5,9,36.0,0.06908702850341797,51.0,570.0,nvml
007407.png,NANO,onnx_cuda,"['CUDAExecutionProvider', 'CPUExecutionProvider']",False,0,0,2,True,False,17,7,36.0,0.06908702850341797,51.0,570.0,nvml
007408.png,NANO,onnx_cuda,"['CUDAExecutionProvider', 'CPUExecutionProvider']",False,1,1,0,True,True,2,1,36.0,0.06908702850341797,51.0,570.0,nvml
007409.png,NANO,onnx_cuda,"['CUDAExecutionProvider', 'CPUExecutionProvider']",False,0,0,0,False,False,0,1,36.0,0.06908702850341797,51.0,570.0,nvml
007410.png,NANO,onnx_cuda,"['CUDAExecutionProvider', 'CPUExecutionProvider']",False,1,6,3,True,True,14,10,36.0,0.06908702850341797,51.0,570.0,nvml
007411.png,NANO,onnx_cuda,"['CUDAExecutionProvider', 'CPUExecutionProvider']",False,0,0,0,False,False,32,6,36.0,0.06908702850341797,51.0,570.0,nvml
007412.png,NANO,onnx_cuda,"['CUDAExecutionProvider', 'CPUExecutionProvider']",False,3,10,4,True,True,13,10,36.0,0.06908702850341797,51.0,570.0,nvml
007413.png,NANO,onnx_cuda,"['CUDAExecutionProvider', 'CPUExecutionProvider']",False,0,0,0,False,False,5,2,36.0,0.06908702850341797,51.0,570.0,nvml
007414.png,NANO,onnx_cuda,"['CUDAExecutionProvider', 'CPUExecutionProvider']",False,0,0,2,True,False,35,13,36.0,0.06908702850341797,51.0,570.0,nvml
007415.png,NANO,onnx_cuda,"['CUDAExecutionProvider', 'CPUExecutionProvider']",False,0,0,0,False,False,0,8,39.0,0.06908702850341797,51.0,570.0,nvml
007416.png,NANO,onnx_cuda,"['CUDAExecutionProvider', 'CPUExecutionProvider']",False,0,0,1,True,False,1,3,39.0,0.06908702850341797,51.0,570.0,nvml
007417.png,NANO,onnx_cuda,"['CUDAExecutionProvider', 'CPUExecutionProvider']",False,0,0,0,False,False,6,1,39.0,0.06908702850341797,51.0,570.0,nvml
007418.png,NANO,onnx_cuda,"['CUDAExecutionProvider', 'CPUExecutionProvider']",False,0,0,0,False,False,0,3,39.0,0.06908702850341797,51.0,570.0,nvml
007419.png,NANO,onnx_cuda,"['CUDAExecutionProvider', 'CPUExecutionProvider']",False,0,0,0,False,False,1,4,39.0,0.06908702850341797,51.0,570.0,nvml
007420.png,NANO,onnx_cuda,"['CUDAExecutionProvider', 'CPUExecutionProvider']",False,1,18,10,True,True,19,19,39.0,0.06908702850341797,51.0,570.0,nvml
007421.png,NANO,onnx_cuda,"['CUDAExecutionProvider', 'CPUExecutionProvider']",False,0,0,0,False,False,40,14,39.0,0.06908702850341797,51.0,570.0,nvml
007422.png,NANO,onnx_cuda,"['CUDAExecutionProvider', 'CPUExecutionProvider']",False,0,0,0,False,False,29,14,39.0,0.06908702850341797,51.0,570.0,nvml
007423.png,NANO,onnx_cuda,"['CUDAExecutionProvider', 'CPUExecutionProvider']",False,0,0,0,False,False,3,6,39.0,0.06908702850341797,51.0,570.0,nvml
007424.png,NANO,onnx_cuda,"['CUDAExecutionProvider', 'CPUExecutionProvider']",False,0,0,0,False,False,27,12,39.0,0.06908702850341797,51.0,570.0,nvml
007425.png,NANO,onnx_cuda,"['CUDAExecutionProvider', 'CPUExecutionProvider']",False,0,0,0,False,False,0,5,37.0,0.06908702850341797,51.0,570.0,nvml
007426.png,NANO,onnx_cuda,"['CUDAExecutionProvider', 'CPUExecutionProvider']",False,0,0,0,False,False,3,6,37.0,0.06908702850341797,51.0,570.0,nvml
007427.png,NANO,onnx_cuda,"['CUDAExecutionProvider', 'CPUExecutionProvider']",False,1,10,0,True,True,11,1,37.0,0.06908702850341797,51.0,570.0,nvml
007428.png,NANO,onnx_cuda,"['CUDAExecutionProvider', 'CPUExecutionProvider']",False,0,0,0,False,False,4,5,37.0,0.06908702850341797,51.0,570.0,nvml
007429.png,NANO,onnx_cuda,"['CUDAExecutionProvider', 'CPUExecutionProvider']",False,0,0,0,False,False,1,7,37.0,0.06908702850341797,51.0,570.0,nvml
007430.png,NANO,onnx_cuda,"['CUDAExecutionProvider', 'CPUExecutionProvider']",False,0,0,0,False,False,35,10,37.0,0.06908702850341797,51.0,570.0,nvml
007431.png,NANO,onnx_cuda,"['CUDAExecutionProvider', 'CPUExecutionProvider']",False,0,3,1,True,True,3,1,37.0,0.06908702850341797,51.0,570.0,nvml
007432.png,NANO,onnx_cuda,"['CUDAExecutionProvider', 'CPUExecutionProvider']",False,0,0,0,False,False,1,3,37.0,0.06908702850341797,51.0,570.0,nvml
007433.png,NANO,onnx_cuda,"['CUDAExecutionProvider', 'CPUExecutionProvider']",False,0,0,0,False,False,12,7,37.0,0.06908702850341797,51.0,570.0,nvml
007434.png,NANO,onnx_cuda,"['CUDAExecutionProvider', 'CPUExecutionProvider']",False,0,3,1,True,True,13,4,39.0,0.06908702850341797,51.0,570.0,nvml
007435.png,NANO,onnx_cuda,"['CUDAExecutionProvider', 'CPUExecutionProvider']",False,0,0,0,False,False,28,9,39.0,0.06908702850341797,51.0,570.0,nvml
007436.png,NANO,onnx_cuda,"['CUDAExecutionProvider', 'CPUExecutionProvider']",False,1,5,0,True,True,6,1,39.0,0.06908702850341797,51.0,570.0,nvml
007437.png,NANO,onnx_cuda,"['CUDAExecutionProvider', 'CPUExecutionProvider']",False,0,0,0,False,False,17,6,39.0,0.06908702850341797,51.0,570.0,nvml
007438.png,NANO,onnx_cuda,"['CUDAExecutionProvider', 'CPUExecutionProvider']",False,0,0,0,False,False,0,2,39.0,0.06908702850341797,51.0,570.0,nvml
007439.png,NANO,onnx_cuda,"['CUDAExecutionProvider', 'CPUExecutionProvider']",False,0,0,0,False,False,0,4,39.0,0.06908702850341797,51.0,570.0,nvml
007440.png,NANO,onnx_cuda,"['CUDAExecutionProvider', 'CPUExecutionProvider']",False,0,0,0,False,False,1,11,39.0,0.06908702850341797,51.0,570.0,nvml
007441.png,NANO,onnx_cuda,"['CUDAExecutionProvider', 'CPUExecutionProvider']",False,0,0,0,False,False,11,2,39.0,0.06908702850341797,51.0,570.0,nvml
007442.png,NANO,onnx_cuda,"['CUDAExecutionProvider', 'CPUExecutionProvider']",False,0,0,0,False,False,20,8,39.0,0.06908702850341797,51.0,570.0,nvml
007443.png,NANO,onnx_cuda,"['CUDAExecutionProvider', 'CPUExecutionProvider']",False,0,0,0,False,False,0,4,39.0,0.06908702850341797,51.0,570.0,nvml
007444.png,NANO,onnx_cuda,"['CUDAExecutionProvider', 'CPUExecutionProvider']",False,0,0,0,False,False,21,5,37.0,0.06908702850341797,51.0,570.0,nvml
007445.png,NANO,onnx_cuda,"['CUDAExecutionProvider', 'CPUExecutionProvider']",False,0,0,0,False,False,3,9,37.0,0.06908702850341797,51.0,570.0,nvml
007446.png,NANO,onnx_cuda,"['CUDAExecutionProvider', 'CPUExecutionProvider']",False,0,0,1,True,False,4,3,37.0,0.06908702850341797,51.0,570.0,nvml
007447.png,NANO,onnx_cuda,"['CUDAExecutionProvider', 'CPUExecutionProvider']",False,0,0,1,True,False,23,5,37.0,0.06908702850341797,51.0,570.0,nvml
007448.png,NANO,onnx_cuda,"['CUDAExecutionProvider', 'CPUExecutionProvider']",False,1,1,0,True,True,2,1,37.0,0.06908702850341797,51.0,570.0,nvml
007449.png,NANO,onnx_cuda,"['CUDAExecutionProvider', 'CPUExecutionProvider']",False,0,0,0,False,False,9,3,37.0,0.06908702850341797,51.0,570.0,nvml
007450.png,NANO,onnx_cuda,"['CUDAExecutionProvider', 'CPUExecutionProvider']",False,0,0,0,False,False,0,2,37.0,0.06908702850341797,51.0,570.0,nvml
007451.png,NANO,onnx_cuda,"['CUDAExecutionProvider', 'CPUExecutionProvider']",False,0,0,3,True,False,33,10,37.0,0.06908702850341797,51.0,570.0,nvml
007452.png,NANO,onnx_cuda,"['CUDAExecutionProvider', 'CPUExecutionProvider']",False,1,9,1,True,True,10,8,37.0,0.06908702850341797,51.0,570.0,nvml
007453.png,NANO,onnx_cuda,"['CUDAExecutionProvider', 'CPUExecutionProvider']",False,0,0,0,False,False,0,7,39.0,0.06908702850341797,51.0,562.0,nvml
007454.png,NANO,onnx_cuda,"['CUDAExecutionProvider', 'CPUExecutionProvider']",False,0,0,0,False,False,14,6,39.0,0.06908702850341797,51.0,562.0,nvml
007455.png,NANO,onnx_cuda,"['CUDAExecutionProvider', 'CPUExecutionProvider']",False,0,0,0,False,False,0,1,39.0,0.06908702850341797,51.0,562.0,nvml
007456.png,NANO,onnx_cuda,"['CUDAExecutionProvider', 'CPUExecutionProvider']",False,0,0,0,False,False,0,6,39.0,0.06908702850341797,51.0,562.0,nvml
007457.png,NANO,onnx_cuda,"['CUDAExecutionProvider', 'CPUExecutionProvider']",False,0,0,0,False,False,0,8,39.0,0.06908702850341797,51.0,562.0,nvml
007458.png,NANO,onnx_cuda,"['CUDAExecutionProvider', 'CPUExecutionProvider']",False,0,0,1,True,False,28,21,39.0,0.06908702850341797,51.0,562.0,nvml
007459.png,NANO,onnx_cuda,"['CUDAExecutionProvider', 'CPUExecutionProvider']",False,0,0,0,False,False,12,6,39.0,0.06908702850341797,51.0,562.0,nvml
007460.png,NANO,onnx_cuda,"['CUDAExecutionProvider', 'CPUExecutionProvider']",False,0,0,0,False,False,12,2,39.0,0.06908702850341797,51.0,562.0,nvml
007461.png,NANO,onnx_cuda,"['CUDAExecutionProvider', 'CPUExecutionProvider']",False,0,0,0,False,False,0,1,39.0,0.06908702850341797,51.0,562.0,nvml
007462.png,NANO,onnx_cuda,"['CUDAExecutionProvider', 'CPUExecutionProvider']",False,0,0,0,False,False,12,10,39.0,0.06908702850341797,51.0,562.0,nvml
007463.png,NANO,onnx_cuda,"['CUDAExecutionProvider', 'CPUExecutionProvider']",False,0,0,1,True,False,15,8,37.0,0.06908702850341797,51.0,555.0,nvml
007464.png,NANO,onnx_cuda,"['CUDAExecutionProvider', 'CPUExecutionProvider']",False,0,1,4,True,True,18,6,37.0,0.06908702850341797,51.0,555.0,nvml
007465.png,NANO,onnx_cuda,"['CUDAExecutionProvider', 'CPUExecutionProvider']",False,0,0,1,True,False,34,8,37.0,0.06908702850341797,51.0,555.0,nvml
007466.png,NANO,onnx_cuda,"['CUDAExecutionProvider', 'CPUExecutionProvider']",False,0,0,0,False,False,1,6,37.0,0.06908702850341797,51.0,555.0,nvml
007467.png,NANO,onnx_cuda,"['CUDAExecutionProvider', 'CPUExecutionProvider']",False,0,0,0,False,False,0,5,37.0,0.06908702850341797,51.0,555.0,nvml
007468.png,NANO,onnx_cuda,"['CUDAExecutionProvider', 'CPUExecutionProvider']",False,0,0,0,False,False,20,6,37.0,0.06908702850341797,51.0,555.0,nvml
007469.png,NANO,onnx_cuda,"['CUDAExecutionProvider', 'CPUExecutionProvider']",False,1,17,3,True,True,18,7,37.0,0.06908702850341797,51.0,555.0,nvml
007470.png,NANO,onnx_cuda,"['CUDAExecutionProvider', 'CPUExecutionProvider']",False,0,0,0,False,False,20,10,37.0,0.06908702850341797,51.0,555.0,nvml
007471.png,NANO,onnx_cuda,"['CUDAExecutionProvider', 'CPUExecutionProvider']",False,0,0,0,False,False,0,1,37.0,0.06908702850341797,51.0,555.0,nvml
007472.png,NANO,onnx_cuda,"['CUDAExecutionProvider', 'CPUExecutionProvider']",False,0,3,0,False,True,3,2,39.0,0.06908702850341797,51.0,555.0,nvml
007473.png,NANO,onnx_cuda,"['CUDAExecutionProvider', 'CPUExecutionProvider']",False,0,0,1,True,False,17,5,39.0,0.06908702850341797,51.0,555.0,nvml
007474.png,NANO,onnx_cuda,"['CUDAExecutionProvider', 'CPUExecutionProvider']",False,0,0,0,False,False,12,7,39.0,0.06908702850341797,51.0,555.0,nvml
007475.png,NANO,onnx_cuda,"['CUDAExecutionProvider', 'CPUExecutionProvider']",False,0,0,0,False,False,15,8,39.0,0.06908702850341797,51.0,555.0,nvml
007476.png,NANO,onnx_cuda,"['CUDAExecutionProvider', 'CPUExecutionProvider']",False,0,0,1,True,False,31,5,39.0,0.06908702850341797,51.0,555.0,nvml
007477.png,NANO,onnx_cuda,"['CUDAExecutionProvider', 'CPUExecutionProvider']",False,0,0,1,True,False,0,1,39.0,0.06908702850341797,51.0,555.0,nvml
007478.png,NANO,onnx_cuda,"['CUDAExecutionProvider', 'CPUExecutionProvider']",False,0,0,0,False,False,0,5,39.0,0.06908702850341797,51.0,555.0,nvml
007479.png,NANO,onnx_cuda,"['CUDAExecutionProvider', 'CPUExecutionProvider']",False,0,0,0,False,False,11,8,39.0,0.06908702850341797,51.0,555.0,nvml
007480.png,NANO,onnx_cuda,"['CUDAExecutionProvider', 'CPUExecutionProvider']",False,0,0,1,True,False,36,16,39.0,0.06908702850341797,51.0,555.0,nvml
005981.png,SMALL,onnx_cuda,"['CUDAExecutionProvider', 'CPUExecutionProvider']",False,0,0,0,False,False,29,9,41.0,0.09301280975341797,51.0,562.0,nvml
005982.png,SMALL,onnx_cuda,"['CUDAExecutionProvider', 'CPUExecutionProvider']",False,0,0,2,True,False,41,11,41.0,0.09301280975341797,51.0,562.0,nvml
005983.png,SMALL,onnx_cuda,"['CUDAExecutionProvider', 'CPUExecutionProvider']",False,0,0,0,False,False,57,16,41.0,0.09301280975341797,51.0,562.0,nvml
005984.png,SMALL,onnx_cuda,"['CUDAExecutionProvider', 'CPUExecutionProvider']",False,0,0,1,True,False,0,12,41.0,0.09301280975341797,51.0,562.0,nvml
005985.png,SMALL,onnx_cuda,"['CUDAExecutionProvider', 'CPUExecutionProvider']",False,2,10,2,True,True,12,12,41.0,0.09301280975341797,51.0,562.0,nvml
005986.png,SMALL,onnx_cuda,"['CUDAExecutionProvider', 'CPUExecutionProvider']",False,0,0,0,False,False,34,7,63.0,0.09301280975341797,51.0,892.0,nvml
005987.png,SMALL,onnx_cuda,"['CUDAExecutionProvider', 'CPUExecutionProvider']",False,0,0,0,False,False,29,6,63.0,0.09301280975341797,51.0,892.0,nvml
005988.png,SMALL,onnx_cuda,"['CUDAExecutionProvider', 'CPUExecutionProvider']",False,5,31,11,True,True,46,19,63.0,0.09301280975341797,51.0,892.0,nvml
005989.png,SMALL,onnx_cuda,"['CUDAExecutionProvider', 'CPUExecutionProvider']",False,0,0,0,False,False,0,4,63.0,0.09301280975341797,51.0,892.0,nvml
005990.png,SMALL,onnx_cuda,"['CUDAExecutionProvider', 'CPUExecutionProvider']",False,0,0,0,False,False,11,2,63.0,0.09301280975341797,51.0,892.0,nvml
005991.png,SMALL,onnx_cuda,"['CUDAExecutionProvider', 'CPUExecutionProvider']",False,0,0,1,True,False,2,8,65.0,0.09301280975341797,51.0,1425.0,nvml
005992.png,SMALL,onnx_cuda,"['CUDAExecutionProvider', 'CPUExecutionProvider']",False,0,0,0,False,False,30,5,65.0,0.09301280975341797,51.0,1425.0,nvml
005993.png,SMALL,onnx_cuda,"['CUDAExecutionProvider', 'CPUExecutionProvider']",False,0,0,0,False,False,2,1,65.0,0.09301280975341797,51.0,1425.0,nvml
005994.png,SMALL,onnx_cuda,"['CUDAExecutionProvider', 'CPUExecutionProvider']",False,3,16,0,True,True,23,5,65.0,0.09301280975341797,52.0,1425.0,nvml
005995.png,SMALL,onnx_cuda,"['CUDAExecutionProvider', 'CPUExecutionProvider']",False,0,0,0,False,False,1,2,65.0,0.09301280975341797,52.0,1425.0,nvml
005996.png,SMALL,onnx_cuda,"['CUDAExecutionProvider', 'CPUExecutionProvider']",False,0,0,0,False,False,63,12,65.0,0.09301280975341797,52.0,1425.0,nvml
005997.png,SMALL,onnx_cuda,"['CUDAExecutionProvider', 'CPUExecutionProvider']",False,0,0,2,True,False,0,7,65.0,0.09301280975341797,52.0,1425.0,nvml
005998.png,SMALL,onnx_cuda,"['CUDAExecutionProvider', 'CPUExecutionProvider']",False,0,0,0,False,False,21,5,65.0,0.09301280975341797,52.0,1425.0,nvml
005999.png,SMALL,onnx_cuda,"['CUDAExecutionProvider', 'CPUExecutionProvider']",False,0,0,0,False,False,30,8,65.0,0.09301280975341797,52.0,1425.0,nvml
006000.png,SMALL,onnx_cuda,"['CUDAExecutionProvider', 'CPUExecutionProvider']",False,0,0,0,False,False,14,5,65.0,0.09301280975341797,52.0,1425.0,nvml
006001.png,SMALL,onnx_cuda,"['CUDAExecutionProvider', 'CPUExecutionProvider']",False,0,6,0,False,True,6,4,33.0,0.09301280975341797,52.0,1425.0,nvml
006002.png,SMALL,onnx_cuda,"['CUDAExecutionProvider', 'CPUExecutionProvider']",False,0,0,0,False,False,7,6,33.0,0.09301280975341797,52.0,1425.0,nvml
006003.png,SMALL,onnx_cuda,"['CUDAExecutionProvider', 'CPUExecutionProvider']",False,0,0,0,False,False,34,14,33.0,0.09301280975341797,52.0,1425.0,nvml
006004.png,SMALL,onnx_cuda,"['CUDAExecutionProvider', 'CPUExecutionProvider']",False,0,0,0,False,False,10,6,33.0,0.09301280975341797,52.0,1425.0,nvml
006005.png,SMALL,onnx_cuda,"['CUDAExecutionProvider', 'CPUExecutionProvider']",False,0,0,0,False,False,30,11,33.0,0.09301280975341797,52.0,1425.0,nvml
006006.png,SMALL,onnx_cuda,"['CUDAExecutionProvider', 'CPUExecutionProvider']",False,1,25,9,True,True,26,13,33.0,0.09301280975341797,52.0,1425.0,nvml
006007.png,SMALL,onnx_cuda,"['CUDAExecutionProvider', 'CPUExecutionProvider']",False,0,0,0,False,False,36,15,33.0,0.09301280975341797,52.0,1425.0,nvml
006008.png,SMALL,onnx_cuda,"['CUDAExecutionProvider', 'CPUExecutionProvider']",False,0,1,0,False,True,39,8,33.0,0.09301280975341797,52.0,1425.0,nvml
006009.png,SMALL,onnx_cuda,"['CUDAExecutionProvider', 'CPUExecutionProvider']",False,0,0,0,False,False,28,5,33.0,0.09301280975341797,52.0,1425.0,nvml
006010.png,SMALL,onnx_cuda,"['CUDAExecutionProvider', 'CPUExecutionProvider']",False,1,6,0,True,True,15,4,29.0,0.09301280975341797,52.0,1425.0,nvml
006011.png,SMALL,onnx_cuda,"['CUDAExecutionProvider', 'CPUExecutionProvider']",False,0,0,3,True,False,67,12,29.0,0.09301280975341797,52.0,1425.0,nvml
006012.png,SMALL,onnx_cuda,"['CUDAExecutionProvider', 'CPUExecutionProvider']",False,0,0,0,False,False,10,5,29.0,0.09301280975341797,52.0,1425.0,nvml
006013.png,SMALL,onnx_cuda,"['CUDAExecutionProvider', 'CPUExecutionProvider']",False,0,0,0,False,False,29,5,29.0,0.09301280975341797,52.0,1425.0,nvml
006014.png,SMALL,onnx_cuda,"['CUDAExecutionProvider', 'CPUExecutionProvider']",False,0,0,0,False,False,20,5,29.0,0.09301280975341797,52.0,1425.0,nvml
006015.png,SMALL,onnx_cuda,"['CUDAExecutionProvider', 'CPUExecutionProvider']",False,0,0,0,False,False,14,5,29.0,0.09301280975341797,52.0,1425.0,nvml
006016.png,SMALL,onnx_cuda,"['CUDAExecutionProvider', 'CPUExecutionProvider']",False,1,8,0,True,True,37,11,29.0,0.09301280975341797,53.0,1425.0,nvml
006017.png,SMALL,onnx_cuda,"['CUDAExecutionProvider', 'CPUExecutionProvider']",False,0,0,0,False,False,14,2,29.0,0.09301280975341797,53.0,1425.0,nvml
006018.png,SMALL,onnx_cuda,"['CUDAExecutionProvider', 'CPUExecutionProvider']",False,0,0,0,False,False,53,8,29.0,0.09301280975341797,53.0,1425.0,nvml
006019.png,SMALL,onnx_cuda,"['CUDAExecutionProvider', 'CPUExecutionProvider']",False,0,0,1,True,False,11,3,29.0,0.09301280975341797,53.0,1425.0,nvml
006020.png,SMALL,onnx_cuda,"['CUDAExecutionProvider', 'CPUExecutionProvider']",False,0,0,0,False,False,9,5,32.0,0.09301280975341797,53.0,1425.0,nvml
006021.png,SMALL,onnx_cuda,"['CUDAExecutionProvider', 'CPUExecutionProvider']",False,1,8,0,True,True,30,4,32.0,0.09301280975341797,53.0,1425.0,nvml
006022.png,SMALL,onnx_cuda,"['CUDAExecutionProvider', 'CPUExecutionProvider']",False,0,0,0,False,False,11,3,32.0,0.09301280975341797,53.0,1425.0,nvml
006023.png,SMALL,onnx_cuda,"['CUDAExecutionProvider', 'CPUExecutionProvider']",False,1,16,0,True,True,19,4,32.0,0.09301280975341797,53.0,1425.0,nvml
006024.png,SMALL,onnx_cuda,"['CUDAExecutionProvider', 'CPUExecutionProvider']",False,2,8,1,True,True,25,6,32.0,0.09301280975341797,53.0,1425.0,nvml
006025.png,SMALL,onnx_cuda,"['CUDAExecutionProvider', 'CPUExecutionProvider']",False,0,0,0,False,False,39,8,32.0,0.09301280975341797,53.0,1425.0,nvml
006026.png,SMALL,onnx_cuda,"['CUDAExecutionProvider', 'CPUExecutionProvider']",False,0,0,2,True,False,37,10,32.0,0.09301280975341797,53.0,1425.0,nvml
006027.png,SMALL,onnx_cuda,"['CUDAExecutionProvider', 'CPUExecutionProvider']",False,0,0,2,True,False,41,9,26.0,0.09301280975341797,53.0,1425.0,nvml
006028.png,SMALL,onnx_cuda,"['CUDAExecutionProvider', 'CPUExecutionProvider']",False,0,0,0,False,False,0,2,26.0,0.09301280975341797,53.0,1425.0,nvml
006029.png,SMALL,onnx_cuda,"['CUDAExecutionProvider', 'CPUExecutionProvider']",False,1,9,0,True,True,10,1,26.0,0.09301280975341797,53.0,1425.0,nvml
006030.png,SMALL,onnx_cuda,"['CUDAExecutionProvider', 'CPUExecutionProvider']",False,0,0,0,False,False,5,5,26.0,0.09301280975341797,53.0,1425.0,nvml
006031.png,SMALL,onnx_cuda,"['CUDAExecutionProvider', 'CPUExecutionProvider']",False,0,0,0,False,False,30,7,26.0,0.09301280975341797,53.0,1425.0,nvml
006032.png,SMALL,onnx_cuda,"['CUDAExecutionProvider', 'CPUExecutionProvider']",False,0,0,0,False,False,29,3,26.0,0.09301280975341797,53.0,1425.0,nvml
006033.png,SMALL,onnx_cuda,"['CUDAExecutionProvider', 'CPUExecutionProvider']",False,0,0,0,False,False,36,11,26.0,0.09301280975341797,53.0,1425.0,nvml
006034.png,SMALL,onnx_cuda,"['CUDAExecutionProvider', 'CPUExecutionProvider']",False,0,0,1,True,False,71,18,26.0,0.09301280975341797,53.0,1425.0,nvml
006035.png,SMALL,onnx_cuda,"['CUDAExecutionProvider', 'CPUExecutionProvider']",False,1,9,0,True,True,10,1,26.0,0.09301280975341797,53.0,1425.0,nvml
006036.png,SMALL,onnx_cuda,"['CUDAExecutionProvider', 'CPUExecutionProvider']",False,0,3,0,False,True,20,6,26.0,0.09301280975341797,53.0,1425.0,nvml
006037.png,SMALL,onnx_cuda,"['CUDAExecutionProvider', 'CPUExecutionProvider']",False,0,0,0,False,False,7,6,26.0,0.09301280975341797,53.0,1425.0,nvml
006038.png,SMALL,onnx_cuda,"['CUDAExecutionProvider', 'CPUExecutionProvider']",False,0,0,0,False,False,2,6,32.0,0.09301280975341797,53.0,1425.0,nvml
006039.png,SMALL,onnx_cuda,"['CUDAExecutionProvider', 'CPUExecutionProvider']",False,1,0,0,True,True,45,9,32.0,0.09301280975341797,53.0,1425.0,nvml
006040.png,SMALL,onnx_cuda,"['CUDAExecutionProvider', 'CPUExecutionProvider']",False,0,0,0,False,False,30,6,32.0,0.09301280975341797,53.0,1425.0,nvml
006041.png,SMALL,onnx_cuda,"['CUDAExecutionProvider', 'CPUExecutionProvider']",False,0,0,0,False,False,33,7,32.0,0.09301280975341797,53.0,1425.0,nvml
006042.png,SMALL,onnx_cuda,"['CUDAExecutionProvider', 'CPUExecutionProvider']",False,0,1,0,False,True,11,5,32.0,0.09301280975341797,53.0,1425.0,nvml
006043.png,SMALL,onnx_cuda,"['CUDAExecutionProvider', 'CPUExecutionProvider']",False,0,0,0,False,False,15,3,32.0,0.09301280975341797,53.0,1425.0,nvml
006044.png,SMALL,onnx_cuda,"['CUDAExecutionProvider', 'CPUExecutionProvider']",False,0,0,0,False,False,17,5,32.0,0.09301280975341797,53.0,1425.0,nvml
006045.png,SMALL,onnx_cuda,"['CUDAExecutionProvider', 'CPUExecutionProvider']",False,0,0,0,False,False,28,8,32.0,0.09301280975341797,53.0,1425.0,nvml
006046.png,SMALL,onnx_cuda,"['CUDAExecutionProvider', 'CPUExecutionProvider']",False,0,0,0,False,False,1,12,32.0,0.09301280975341797,53.0,1425.0,nvml
006047.png,SMALL,onnx_cuda,"['CUDAExecutionProvider', 'CPUExecutionProvider']",False,0,0,0,False,False,31,11,32.0,0.09301280975341797,53.0,1425.0,nvml
006048.png,SMALL,onnx_cuda,"['CUDAExecutionProvider', 'CPUExecutionProvider']",False,0,0,0,False,False,33,8,35.0,0.09301280975341797,53.0,1425.0,nvml
006049.png,SMALL,onnx_cuda,"['CUDAExecutionProvider', 'CPUExecutionProvider']",False,0,2,0,False,True,15,6,35.0,0.09301280975341797,53.0,1425.0,nvml
006050.png,SMALL,onnx_cuda,"['CUDAExecutionProvider', 'CPUExecutionProvider']",False,0,0,0,False,False,51,9,35.0,0.09301280975341797,53.0,1425.0,nvml
006051.png,SMALL,onnx_cuda,"['CUDAExecutionProvider', 'CPUExecutionProvider']",False,2,8,0,True,True,29,7,35.0,0.09301280975341797,53.0,1425.0,nvml
006052.png,SMALL,onnx_cuda,"['CUDAExecutionProvider', 'CPUExecutionProvider']",False,0,0,1,True,False,46,11,35.0,0.09301280975341797,53.0,1425.0,nvml
006053.png,SMALL,onnx_cuda,"['CUDAExecutionProvider', 'CPUExecutionProvider']",False,1,10,0,True,True,11,1,35.0,0.09301280975341797,53.0,1425.0,nvml
006054.png,SMALL,onnx_cuda,"['CUDAExecutionProvider', 'CPUExecutionProvider']",False,0,0,0,False,False,26,9,35.0,0.09301280975341797,53.0,1425.0,nvml
006055.png,SMALL,onnx_cuda,"['CUDAExecutionProvider', 'CPUExecutionProvider']",False,0,0,0,False,False,70,13,35.0,0.09301280975341797,53.0,1425.0,nvml
006056.png,SMALL,onnx_cuda,"['CUDAExecutionProvider', 'CPUExecutionProvider']",False,0,0,0,False,False,12,4,35.0,0.09301280975341797,53.0,1425.0,nvml
006057.png,SMALL,onnx_cuda,"['CUDAExecutionProvider', 'CPUExecutionProvider']",False,0,0,0,False,False,11,2,35.0,0.09301280975341797,53.0,1425.0,nvml
006058.png,SMALL,onnx_cuda,"['CUDAExecutionProvider', 'CPUExecutionProvider']",False,0,3,0,False,True,7,5,35.0,0.09301280975341797,53.0,1425.0,nvml
006059.png,SMALL,onnx_cuda,"['CUDAExecutionProvider', 'CPUExecutionProvider']",False,0,0,0,False,False,5,6,33.0,0.09301280975341797,53.0,1425.0,nvml
006060.png,SMALL,onnx_cuda,"['CUDAExecutionProvider', 'CPUExecutionProvider']",False,0,0,0,False,False,38,12,33.0,0.09301280975341797,53.0,1425.0,nvml
006061.png,SMALL,onnx_cuda,"['CUDAExecutionProvider', 'CPUExecutionProvider']",False,0,0,0,False,False,0,2,33.0,0.09301280975341797,53.0,1425.0,nvml
006062.png,SMALL,onnx_cuda,"['CUDAExecutionProvider', 'CPUExecutionProvider']",False,1,0,0,True,True,18,4,33.0,0.09301280975341797,53.0,1425.0,nvml
006063.png,SMALL,onnx_cuda,"['CUDAExecutionProvider', 'CPUExecutionProvider']",False,0,0,0,False,False,45,10,33.0,0.09301280975341797,53.0,1425.0,nvml
006064.png,SMALL,onnx_cuda,"['CUDAExecutionProvider', 'CPUExecutionProvider']",False,0,0,0,False,False,66,16,33.0,0.09301280975341797,53.0,1425.0,nvml
006065.png,SMALL,onnx_cuda,"['CUDAExecutionProvider', 'CPUExecutionProvider']",False,0,8,2,True,True,10,7,33.0,0.09301280975341797,53.0,1425.0,nvml
006066.png,SMALL,onnx_cuda,"['CUDAExecutionProvider', 'CPUExecutionProvider']",False,0,0,0,False,False,44,10,33.0,0.09301280975341797,53.0,1425.0,nvml
006067.png,SMALL,onnx_cuda,"['CUDAExecutionProvider', 'CPUExecutionProvider']",False,0,0,1,True,False,3,7,33.0,0.09301280975341797,53.0,1425.0,nvml
006068.png,SMALL,onnx_cuda,"['CUDAExecutionProvider', 'CPUExecutionProvider']",False,1,10,0,True,True,48,6,33.0,0.09301280975341797,53.0,1425.0,nvml
006069.png,SMALL,onnx_cuda,"['CUDAExecutionProvider', 'CPUExecutionProvider']",False,0,0,0,False,False,10,7,33.0,0.09301280975341797,53.0,1425.0,nvml
006070.png,SMALL,onnx_cuda,"['CUDAExecutionProvider', 'CPUExecutionProvider']",False,3,20,4,True,True,23,11,35.0,0.09301280975341797,53.0,1425.0,nvml
006071.png,SMALL,onnx_cuda,"['CUDAExecutionProvider', 'CPUExecutionProvider']",False,2,17,2,True,True,19,6,35.0,0.09301280975341797,53.0,1425.0,nvml
006072.png,SMALL,onnx_cuda,"['CUDAExecutionProvider', 'CPUExecutionProvider']",False,0,0,0,False,False,11,6,35.0,0.09301280975341797,53.0,1425.0,nvml
006073.png,SMALL,onnx_cuda,"['CUDAExecutionProvider', 'CPUExecutionProvider']",False,0,0,0,False,False,26,9,35.0,0.09301280975341797,53.0,1425.0,nvml
006074.png,SMALL,onnx_cuda,"['CUDAExecutionProvider', 'CPUExecutionProvider']",False,0,0,0,False,False,9,6,35.0,0.09301280975341797,53.0,1425.0,nvml
006075.png,SMALL,onnx_cuda,"['CUDAExecutionProvider', 'CPUExecutionProvider']",False,0,0,3,True,False,0,5,35.0,0.09301280975341797,53.0,1425.0,nvml
006076.png,SMALL,onnx_cuda,"['CUDAExecutionProvider', 'CPUExecutionProvider']",False,1,8,0,True,True,22,2,35.0,0.09301280975341797,53.0,1425.0,nvml
006077.png,SMALL,onnx_cuda,"['CUDAExecutionProvider', 'CPUExecutionProvider']",False,0,0,0,False,False,60,12,35.0,0.09301280975341797,53.0,1425.0,nvml
006078.png,SMALL,onnx_cuda,"['CUDAExecutionProvider', 'CPUExecutionProvider']",False,0,0,0,False,False,49,14,35.0,0.09301280975341797,53.0,1425.0,nvml
006079.png,SMALL,onnx_cuda,"['CUDAExecutionProvider', 'CPUExecutionProvider']",False,0,0,0,False,False,2,6,35.0,0.09301280975341797,53.0,1425.0,nvml
006080.png,SMALL,onnx_cuda,"['CUDAExecutionProvider', 'CPUExecutionProvider']",False,0,0,0,False,False,15,5,35.0,0.09301280975341797,53.0,1290.0,nvml
006081.png,SMALL,onnx_cuda,"['CUDAExecutionProvider', 'CPUExecutionProvider']",False,0,0,0,False,False,26,7,35.0,0.09301280975341797,53.0,1290.0,nvml
006082.png,SMALL,onnx_cuda,"['CUDAExecutionProvider', 'CPUExecutionProvider']",False,0,0,4,True,False,54,11,35.0,0.09301280975341797,53.0,1290.0,nvml
006083.png,SMALL,onnx_cuda,"['CUDAExecutionProvider', 'CPUExecutionProvider']",False,2,13,2,True,True,25,6,35.0,0.09301280975341797,53.0,1290.0,nvml
006084.png,SMALL,onnx_cuda,"['CUDAExecutionProvider', 'CPUExecutionProvider']",False,0,0,0,False,False,30,15,35.0,0.09301280975341797,53.0,1290.0,nvml
006085.png,SMALL,onnx_cuda,"['CUDAExecutionProvider', 'CPUExecutionProvider']",False,0,0,0,False,False,20,2,35.0,0.09301280975341797,53.0,1290.0,nvml
006086.png,SMALL,onnx_cuda,"['CUDAExecutionProvider', 'CPUExecutionProvider']",False,0,2,0,False,True,30,2,35.0,0.09301280975341797,53.0,1290.0,nvml
006087.png,SMALL,onnx_cuda,"['CUDAExecutionProvider', 'CPUExecutionProvider']",False,2,6,1,True,True,9,6,35.0,0.09301280975341797,53.0,1290.0,nvml
006088.png,SMALL,onnx_cuda,"['CUDAExecutionProvider', 'CPUExecutionProvider']",False,4,52,3,True,True,56,10,35.0,0.09301280975341797,53.0,1290.0,nvml
006089.png,SMALL,onnx_cuda,"['CUDAExecutionProvider', 'CPUExecutionProvider']",False,1,9,0,True,True,10,1,35.0,0.09301280975341797,53.0,1290.0,nvml
006090.png,SMALL,onnx_cuda,"['CUDAExecutionProvider', 'CPUExecutionProvider']",False,0,0,0,False,False,43,9,35.0,0.09301280975341797,53.0,1290.0,nvml
006091.png,SMALL,onnx_cuda,"['CUDAExecutionProvider', 'CPUExecutionProvider']",False,0,0,0,False,False,0,3,34.0,0.09301280975341797,53.0,1275.0,nvml
006092.png,SMALL,onnx_cuda,"['CUDAExecutionProvider', 'CPUExecutionProvider']",False,0,0,1,True,False,7,8,34.0,0.09301280975341797,53.0,1275.0,nvml
006093.png,SMALL,onnx_cuda,"['CUDAExecutionProvider', 'CPUExecutionProvider']",False,1,10,0,True,True,23,5,34.0,0.09301280975341797,53.0,1275.0,nvml
006094.png,SMALL,onnx_cuda,"['CUDAExecutionProvider', 'CPUExecutionProvider']",False,0,0,2,True,False,8,3,34.0,0.09301280975341797,53.0,1275.0,nvml
006095.png,SMALL,onnx_cuda,"['CUDAExecutionProvider', 'CPUExecutionProvider']",False,0,0,1,True,False,16,5,34.0,0.09301280975341797,53.0,1275.0,nvml
006096.png,SMALL,onnx_cuda,"['CUDAExecutionProvider', 'CPUExecutionProvider']",False,0,0,0,False,False,23,4,34.0,0.09301280975341797,53.0,1275.0,nvml
006097.png,SMALL,onnx_cuda,"['CUDAExecutionProvider', 'CPUExecutionProvider']",False,0,0,0,False,False,46,10,34.0,0.09301280975341797,53.0,1275.0,nvml
006098.png,SMALL,onnx_cuda,"['CUDAExecutionProvider', 'CPUExecutionProvider']",False,0,0,0,False,False,20,6,34.0,0.09301280975341797,53.0,1275.0,nvml
006099.png,SMALL,onnx_cuda,"['CUDAExecutionProvider', 'CPUExecutionProvider']",False,0,0,0,False,False,9,3,34.0,0.09301280975341797,53.0,1275.0,nvml
006100.png,SMALL,onnx_cuda,"['CUDAExecutionProvider', 'CPUExecutionProvider']",False,1,3,0,True,True,21,5,35.0,0.09301280975341797,53.0,1260.0,nvml
006101.png,SMALL,onnx_cuda,"['CUDAExecutionProvider', 'CPUExecutionProvider']",False,0,0,0,False,False,4,2,35.0,0.09301280975341797,53.0,1260.0,nvml
006102.png,SMALL,onnx_cuda,"['CUDAExecutionProvider', 'CPUExecutionProvider']",False,1,8,0,True,True,36,6,35.0,0.09301280975341797,53.0,1260.0,nvml
006103.png,SMALL,onnx_cuda,"['CUDAExecutionProvider', 'CPUExecutionProvider']",False,0,0,0,False,False,18,7,35.0,0.09301280975341797,53.0,1260.0,nvml
006104.png,SMALL,onnx_cuda,"['CUDAExecutionProvider', 'CPUExecutionProvider']",False,0,0,0,False,False,0,1,35.0,0.09301280975341797,53.0,1260.0,nvml
006105.png,SMALL,onnx_cuda,"['CUDAExecutionProvider', 'CPUExecutionProvider']",False,0,0,0,False,False,2,2,35.0,0.09301280975341797,53.0,1260.0,nvml
006106.png,SMALL,onnx_cuda,"['CUDAExecutionProvider', 'CPUExecutionProvider']",False,0,0,0,False,False,43,10,35.0,0.09301280975341797,53.0,1260.0,nvml
006107.png,SMALL,onnx_cuda,"['CUDAExecutionProvider', 'CPUExecutionProvider']",False,0,1,0,False,True,15,2,35.0,0.09301280975341797,53.0,1260.0,nvml
006108.png,SMALL,onnx_cuda,"['CUDAExecutionProvider', 'CPUExecutionProvider']",False,0,2,0,False,True,23,8,35.0,0.09301280975341797,53.0,1260.0,nvml
006109.png,SMALL,onnx_cuda,"['CUDAExecutionProvider', 'CPUExecutionProvider']",False,0,0,1,True,False,8,9,35.0,0.09301280975341797,53.0,1260.0,nvml
006110.png,SMALL,onnx_cuda,"['CUDAExecutionProvider', 'CPUExecutionProvider']",False,0,0,0,False,False,64,10,32.0,0.09301280975341797,53.0,1237.0,nvml
006111.png,SMALL,onnx_cuda,"['CUDAExecutionProvider', 'CPUExecutionProvider']",False,0,0,0,False,False,1,6,32.0,0.09301280975341797,53.0,1237.0,nvml
006112.png,SMALL,onnx_cuda,"['CUDAExecutionProvider', 'CPUExecutionProvider']",False,0,0,0,False,False,0,7,32.0,0.09301280975341797,53.0,1237.0,nvml
006113.png,SMALL,onnx_cuda,"['CUDAExecutionProvider', 'CPUExecutionProvider']",False,0,0,0,False,False,49,9,32.0,0.09301280975341797,53.0,1237.0,nvml
006114.png,SMALL,onnx_cuda,"['CUDAExecutionProvider', 'CPUExecutionProvider']",False,0,0,0,False,False,30,7,32.0,0.09301280975341797,53.0,1237.0,nvml
006115.png,SMALL,onnx_cuda,"['CUDAExecutionProvider', 'CPUExecutionProvider']",False,0,0,0,False,False,11,4,32.0,0.09301280975341797,53.0,1237.0,nvml
006116.png,SMALL,onnx_cuda,"['CUDAExecutionProvider', 'CPUExecutionProvider']",False,0,0,0,False,False,0,9,32.0,0.09301280975341797,53.0,1237.0,nvml
006117.png,SMALL,onnx_cuda,"['CUDAExecutionProvider', 'CPUExecutionProvider']",False,0,0,0,False,False,56,9,32.0,0.09301280975341797,53.0,1237.0,nvml
006118.png,SMALL,onnx_cuda,"['CUDAExecutionProvider', 'CPUExecutionProvider']",False,0,0,2,True,False,1,8,32.0,0.09301280975341797,53.0,1237.0,nvml
006119.png,SMALL,onnx_cuda,"['CUDAExecutionProvider', 'CPUExecutionProvider']",False,0,0,0,False,False,10,5,32.0,0.09301280975341797,53.0,1237.0,nvml
006120.png,SMALL,onnx_cuda,"['CUDAExecutionProvider', 'CPUExecutionProvider']",False,0,0,0,False,False,9,2,36.0,0.09301280975341797,53.0,1230.0,nvml
006121.png,SMALL,onnx_cuda,"['CUDAExecutionProvider', 'CPUExecutionProvider']",False,7,40,8,True,True,57,19,36.0,0.09301280975341797,53.0,1230.0,nvml
006122.png,SMALL,onnx_cuda,"['CUDAExecutionProvider', 'CPUExecutionProvider']",False,4,24,2,True,True,31,9,36.0,0.09301280975341797,53.0,1230.0,nvml
006123.png,SMALL,onnx_cuda,"['CUDAExecutionProvider', 'CPUExecutionProvider']",False,0,0,1,True,False,8,7,36.0,0.09301280975341797,53.0,1230.0,nvml
006124.png,SMALL,onnx_cuda,"['CUDAExecutionProvider', 'CPUExecutionProvider']",False,0,0,0,False,False,18,3,36.0,0.09301280975341797,53.0,1230.0,nvml
006125.png,SMALL,onnx_cuda,"['CUDAExecutionProvider', 'CPUExecutionProvider']",False,0,0,0,False,False,9,5,36.0,0.09301280975341797,53.0,1230.0,nvml
006126.png,SMALL,onnx_cuda,"['CUDAExecutionProvider', 'CPUExecutionProvider']",False,0,0,0,False,False,23,6,36.0,0.09301280975341797,53.0,1230.0,nvml
006127.png,SMALL,onnx_cuda,"['CUDAExecutionProvider', 'CPUExecutionProvider']",False,0,0,0,False,False,45,15,36.0,0.09301280975341797,53.0,1230.0,nvml
006128.png,SMALL,onnx_cuda,"['CUDAExecutionProvider', 'CPUExecutionProvider']",False,0,0,0,False,False,10,3,36.0,0.09301280975341797,53.0,1230.0,nvml
006129.png,SMALL,onnx_cuda,"['CUDAExecutionProvider', 'CPUExecutionProvider']",False,0,0,0,False,False,25,9,36.0,0.09301280975341797,53.0,1230.0,nvml
006130.png,SMALL,onnx_cuda,"['CUDAExecutionProvider', 'CPUExecutionProvider']",False,5,44,3,True,True,49,11,37.0,0.09301280975341797,53.0,1222.0,nvml
006131.png,SMALL,onnx_cuda,"['CUDAExecutionProvider', 'CPUExecutionProvider']",False,0,0,0,False,False,0,4,37.0,0.09301280975341797,53.0,1222.0,nvml
006132.png,SMALL,onnx_cuda,"['CUDAExecutionProvider', 'CPUExecutionProvider']",False,0,0,0,False,False,10,5,37.0,0.09301280975341797,53.0,1222.0,nvml
006133.png,SMALL,onnx_cuda,"['CUDAExecutionProvider', 'CPUExecutionProvider']",False,0,15,0,False,True,16,5,37.0,0.09301280975341797,53.0,1222.0,nvml
006134.png,SMALL,onnx_cuda,"['CUDAExecutionProvider', 'CPUExecutionProvider']",False,0,0,0,False,False,6,6,37.0,0.09301280975341797,53.0,1222.0,nvml
006135.png,SMALL,onnx_cuda,"['CUDAExecutionProvider', 'CPUExecutionProvider']",False,0,0,0,False,False,17,7,37.0,0.09301280975341797,53.0,1222.0,nvml
006136.png,SMALL,onnx_cuda,"['CUDAExecutionProvider', 'CPUExecutionProvider']",False,0,0,0,False,False,18,8,37.0,0.09301280975341797,53.0,1222.0,nvml
006137.png,SMALL,onnx_cuda,"['CUDAExecutionProvider', 'CPUExecutionProvider']",False,0,0,0,False,False,29,9,37.0,0.09301280975341797,53.0,1222.0,nvml
006138.png,SMALL,onnx_cuda,"['CUDAExecutionProvider', 'CPUExecutionProvider']",False,0,0,0,False,False,30,6,37.0,0.09301280975341797,53.0,1222.0,nvml
006139.png,SMALL,onnx_cuda,"['CUDAExecutionProvider', 'CPUExecutionProvider']",False,7,90,11,True,True,105,21,37.0,0.09301280975341797,53.0,1222.0,nvml
006140.png,SMALL,onnx_cuda,"['CUDAExecutionProvider', 'CPUExecutionProvider']",False,0,0,0,False,False,0,3,37.0,0.09301280975341797,53.0,1215.0,nvml
006141.png,SMALL,onnx_cuda,"['CUDAExecutionProvider', 'CPUExecutionProvider']",False,0,0,0,False,False,21,9,37.0,0.09301280975341797,53.0,1215.0,nvml
006142.png,SMALL,onnx_cuda,"['CUDAExecutionProvider', 'CPUExecutionProvider']",False,0,0,0,False,False,5,2,37.0,0.09301280975341797,53.0,1215.0,nvml
006143.png,SMALL,onnx_cuda,"['CUDAExecutionProvider', 'CPUExecutionProvider']",False,0,0,0,False,False,74,15,37.0,0.09301280975341797,53.0,1215.0,nvml
006144.png,SMALL,onnx_cuda,"['CUDAExecutionProvider', 'CPUExecutionProvider']",False,0,11,0,False,True,30,5,37.0,0.09301280975341797,53.0,1215.0,nvml
006145.png,SMALL,onnx_cuda,"['CUDAExecutionProvider', 'CPUExecutionProvider']",False,0,0,0,False,False,37,14,37.0,0.09301280975341797,53.0,1215.0,nvml
006146.png,SMALL,onnx_cuda,"['CUDAExecutionProvider', 'CPUExecutionProvider']",False,0,0,0,False,False,22,6,37.0,0.09301280975341797,53.0,1215.0,nvml
006147.png,SMALL,onnx_cuda,"['CUDAExecutionProvider', 'CPUExecutionProvider']",False,0,0,0,False,False,39,8,37.0,0.09301280975341797,53.0,1215.0,nvml
006148.png,SMALL,onnx_cuda,"['CUDAExecutionProvider', 'CPUExecutionProvider']",False,0,0,3,True,False,0,8,37.0,0.09301280975341797,53.0,1215.0,nvml
006149.png,SMALL,onnx_cuda,"['CUDAExecutionProvider', 'CPUExecutionProvider']",False,0,0,0,False,False,19,9,37.0,0.09301280975341797,53.0,1215.0,nvml
006150.png,SMALL,onnx_cuda,"['CUDAExecutionProvider', 'CPUExecutionProvider']",False,0,4,0,False,True,62,10,36.0,0.09301280975341797,53.0,1207.0,nvml
006151.png,SMALL,onnx_cuda,"['CUDAExecutionProvider', 'CPUExecutionProvider']",False,1,11,0,True,True,12,1,36.0,0.09301280975341797,53.0,1207.0,nvml
006152.png,SMALL,onnx_cuda,"['CUDAExecutionProvider', 'CPUExecutionProvider']",False,1,10,0,True,True,11,1,36.0,0.09301280975341797,53.0,1207.0,nvml
006153.png,SMALL,onnx_cuda,"['CUDAExecutionProvider', 'CPUExecutionProvider']",False,0,0,0,False,False,11,9,36.0,0.09301280975341797,53.0,1207.0,nvml
006154.png,SMALL,onnx_cuda,"['CUDAExecutionProvider', 'CPUExecutionProvider']",False,0,0,0,False,False,28,6,36.0,0.09301280975341797,53.0,1207.0,nvml
006155.png,SMALL,onnx_cuda,"['CUDAExecutionProvider', 'CPUExecutionProvider']",False,0,0,0,False,False,36,8,36.0,0.09301280975341797,53.0,1207.0,nvml
006156.png,SMALL,onnx_cuda,"['CUDAExecutionProvider', 'CPUExecutionProvider']",False,0,0,0,False,False,58,14,36.0,0.09301280975341797,53.0,1207.0,nvml
006157.png,SMALL,onnx_cuda,"['CUDAExecutionProvider', 'CPUExecutionProvider']",False,0,0,0,False,False,86,17,36.0,0.09301280975341797,53.0,1207.0,nvml
006158.png,SMALL,onnx_cuda,"['CUDAExecutionProvider', 'CPUExecutionProvider']",False,1,9,0,True,True,10,1,36.0,0.09301280975341797,53.0,1207.0,nvml
006159.png,SMALL,onnx_cuda,"['CUDAExecutionProvider', 'CPUExecutionProvider']",False,0,0,1,True,False,43,6,36.0,0.09301280975341797,53.0,1207.0,nvml
006160.png,SMALL,onnx_cuda,"['CUDAExecutionProvider', 'CPUExecutionProvider']",False,0,0,1,True,False,14,8,36.0,0.09301280975341797,53.0,1207.0,nvml
006161.png,SMALL,onnx_cuda,"['CUDAExecutionProvider', 'CPUExecutionProvider']",False,0,0,0,False,False,56,10,37.0,0.09301280975341797,53.0,1192.0,nvml
006162.png,SMALL,onnx_cuda,"['CUDAExecutionProvider', 'CPUExecutionProvider']",False,0,0,0,False,False,0,7,37.0,0.09301280975341797,53.0,1192.0,nvml
006163.png,SMALL,onnx_cuda,"['CUDAExecutionProvider', 'CPUExecutionProvider']",False,0,0,1,True,False,73,20,37.0,0.09301280975341797,53.0,1192.0,nvml
006164.png,SMALL,onnx_cuda,"['CUDAExecutionProvider', 'CPUExecutionProvider']",False,1,10,0,True,True,11,1,37.0,0.09301280975341797,53.0,1192.0,nvml
006165.png,SMALL,onnx_cuda,"['CUDAExecutionProvider', 'CPUExecutionProvider']",False,0,0,0,False,False,0,6,37.0,0.09301280975341797,53.0,1192.0,nvml
006166.png,SMALL,onnx_cuda,"['CUDAExecutionProvider', 'CPUExecutionProvider']",False,0,2,1,True,True,40,7,37.0,0.09301280975341797,53.0,1192.0,nvml
006167.png,SMALL,onnx_cuda,"['CUDAExecutionProvider', 'CPUExecutionProvider']",False,0,0,0,False,False,17,6,37.0,0.09301280975341797,53.0,1192.0,nvml
006168.png,SMALL,onnx_cuda,"['CUDAExecutionProvider', 'CPUExecutionProvider']",False,0,0,0,False,False,0,4,37.0,0.09301280975341797,53.0,1192.0,nvml
006169.png,SMALL,onnx_cuda,"['CUDAExecutionProvider', 'CPUExecutionProvider']",False,1,0,0,True,True,20,9,37.0,0.09301280975341797,53.0,1192.0,nvml
006170.png,SMALL,onnx_cuda,"['CUDAExecutionProvider', 'CPUExecutionProvider']",False,0,0,0,False,False,6,3,37.0,0.09301280975341797,53.0,1192.0,nvml
006171.png,SMALL,onnx_cuda,"['CUDAExecutionProvider', 'CPUExecutionProvider']",False,0,0,0,False,False,0,2,37.0,0.09301280975341797,53.0,1185.0,nvml
006172.png,SMALL,onnx_cuda,"['CUDAExecutionProvider', 'CPUExecutionProvider']",False,0,11,0,False,True,53,11,37.0,0.09301280975341797,53.0,1185.0,nvml
006173.png,SMALL,onnx_cuda,"['CUDAExecutionProvider', 'CPUExecutionProvider']",False,0,0,0,False,False,10,8,37.0,0.09301280975341797,53.0,1185.0,nvml
006174.png,SMALL,onnx_cuda,"['CUDAExecutionProvider', 'CPUExecutionProvider']",False,0,0,2,True,False,7,6,37.0,0.09301280975341797,53.0,1185.0,nvml
006175.png,SMALL,onnx_cuda,"['CUDAExecutionProvider', 'CPUExecutionProvider']",False,0,4,0,False,True,14,8,37.0,0.09301280975341797,53.0,1185.0,nvml
006176.png,SMALL,onnx_cuda,"['CUDAExecutionProvider', 'CPUExecutionProvider']",False,3,37,4,True,True,41,11,37.0,0.09301280975341797,53.0,1185.0,nvml
006177.png,SMALL,onnx_cuda,"['CUDAExecutionProvider', 'CPUExecutionProvider']",False,0,0,1,True,False,3,6,37.0,0.09301280975341797,53.0,1185.0,nvml
006178.png,SMALL,onnx_cuda,"['CUDAExecutionProvider', 'CPUExecutionProvider']",False,0,0,0,False,False,7,2,37.0,0.09301280975341797,53.0,1185.0,nvml
006179.png,SMALL,onnx_cuda,"['CUDAExecutionProvider', 'CPUExecutionProvider']",False,0,0,2,True,False,58,12,37.0,0.09301280975341797,53.0,1185.0,nvml
006180.png,SMALL,onnx_cuda,"['CUDAExecutionProvider', 'CPUExecutionProvider']",False,0,0,0,False,False,67,16,37.0,0.09301280975341797,53.0,1185.0,nvml
006181.png,SMALL,onnx_cuda,"['CUDAExecutionProvider', 'CPUExecutionProvider']",False,0,0,0,False,False,10,4,37.0,0.09301280975341797,53.0,1177.0,nvml
006182.png,SMALL,onnx_cuda,"['CUDAExecutionProvider', 'CPUExecutionProvider']",False,0,0,0,False,False,6,4,37.0,0.09301280975341797,53.0,1177.0,nvml
006183.png,SMALL,onnx_cuda,"['CUDAExecutionProvider', 'CPUExecutionProvider']",False,0,0,0,False,False,21,2,37.0,0.09301280975341797,53.0,1177.0,nvml
006184.png,SMALL,onnx_cuda,"['CUDAExecutionProvider', 'CPUExecutionProvider']",False,0,0,2,True,False,10,3,37.0,0.09301280975341797,53.0,1177.0,nvml
006185.png,SMALL,onnx_cuda,"['CUDAExecutionProvider', 'CPUExecutionProvider']",False,0,0,1,True,False,12,3,37.0,0.09301280975341797,53.0,1177.0,nvml
006186.png,SMALL,onnx_cuda,"['CUDAExecutionProvider', 'CPUExecutionProvider']",False,0,0,0,False,False,34,8,37.0,0.09301280975341797,53.0,1177.0,nvml
006187.png,SMALL,onnx_cuda,"['CUDAExecutionProvider', 'CPUExecutionProvider']",False,0,0,0,False,False,42,12,37.0,0.09301280975341797,53.0,1177.0,nvml
006188.png,SMALL,onnx_cuda,"['CUDAExecutionProvider', 'CPUExecutionProvider']",False,0,0,0,False,False,0,5,37.0,0.09301280975341797,53.0,1177.0,nvml
006189.png,SMALL,onnx_cuda,"['CUDAExecutionProvider', 'CPUExecutionProvider']",False,1,8,2,True,True,70,17,37.0,0.09301280975341797,53.0,1177.0,nvml
006190.png,SMALL,onnx_cuda,"['CUDAExecutionProvider', 'CPUExecutionProvider']",False,2,5,2,True,True,8,10,37.0,0.09301280975341797,53.0,1177.0,nvml
006191.png,SMALL,onnx_cuda,"['CUDAExecutionProvider', 'CPUExecutionProvider']",False,0,0,0,False,False,27,12,38.0,0.09301280975341797,53.0,1170.0,nvml
006192.png,SMALL,onnx_cuda,"['CUDAExecutionProvider', 'CPUExecutionProvider']",False,0,0,0,False,False,39,12,38.0,0.09301280975341797,53.0,1170.0,nvml
006193.png,SMALL,onnx_cuda,"['CUDAExecutionProvider', 'CPUExecutionProvider']",False,0,0,0,False,False,0,2,38.0,0.09301280975341797,53.0,1170.0,nvml
006194.png,SMALL,onnx_cuda,"['CUDAExecutionProvider', 'CPUExecutionProvider']",False,1,9,0,True,True,11,1,38.0,0.09301280975341797,53.0,1170.0,nvml
006195.png,SMALL,onnx_cuda,"['CUDAExecutionProvider', 'CPUExecutionProvider']",False,0,0,0,False,False,24,7,38.0,0.09301280975341797,53.0,1170.0,nvml
006196.png,SMALL,onnx_cuda,"['CUDAExecutionProvider', 'CPUExecutionProvider']",False,0,0,1,True,False,18,6,38.0,0.09301280975341797,53.0,1170.0,nvml
006197.png,SMALL,onnx_cuda,"['CUDAExecutionProvider', 'CPUExecutionProvider']",False,0,0,0,False,False,12,6,38.0,0.09301280975341797,53.0,1170.0,nvml
006198.png,SMALL,onnx_cuda,"['CUDAExecutionProvider', 'CPUExecutionProvider']",False,0,0,3,True,False,34,11,38.0,0.09301280975341797,53.0,1170.0,nvml
006199.png,SMALL,onnx_cuda,"['CUDAExecutionProvider', 'CPUExecutionProvider']",False,0,0,0,False,False,38,12,38.0,0.09301280975341797,53.0,1170.0,nvml
006200.png,SMALL,onnx_cuda,"['CUDAExecutionProvider', 'CPUExecutionProvider']",False,0,0,0,False,False,11,6,38.0,0.09301280975341797,53.0,1170.0,nvml
006201.png,SMALL,onnx_cuda,"['CUDAExecutionProvider', 'CPUExecutionProvider']",False,1,8,0,True,True,9,1,39.0,0.09301280975341797,53.0,1170.0,nvml
006202.png,SMALL,onnx_cuda,"['CUDAExecutionProvider', 'CPUExecutionProvider']",False,0,0,0,False,False,41,13,39.0,0.09301280975341797,53.0,1170.0,nvml
006203.png,SMALL,onnx_cuda,"['CUDAExecutionProvider', 'CPUExecutionProvider']",False,0,0,0,False,False,7,4,39.0,0.09301280975341797,53.0,1170.0,nvml
006204.png,SMALL,onnx_cuda,"['CUDAExecutionProvider', 'CPUExecutionProvider']",False,0,0,0,False,False,26,2,39.0,0.09301280975341797,53.0,1170.0,nvml
006205.png,SMALL,onnx_cuda,"['CUDAExecutionProvider', 'CPUExecutionProvider']",False,0,0,0,False,False,9,7,39.0,0.09301280975341797,53.0,1170.0,nvml
006206.png,SMALL,onnx_cuda,"['CUDAExecutionProvider', 'CPUExecutionProvider']",False,0,0,0,False,False,0,2,39.0,0.09301280975341797,53.0,1170.0,nvml
006207.png,SMALL,onnx_cuda,"['CUDAExecutionProvider', 'CPUExecutionProvider']",False,0,0,0,False,False,7,1,39.0,0.09301280975341797,53.0,1170.0,nvml
006208.png,SMALL,onnx_cuda,"['CUDAExecutionProvider', 'CPUExecutionProvider']",False,0,0,0,False,False,36,12,39.0,0.09301280975341797,53.0,1170.0,nvml
006209.png,SMALL,onnx_cuda,"['CUDAExecutionProvider', 'CPUExecutionProvider']",False,0,2,0,False,True,2,2,39.0,0.09301280975341797,53.0,1170.0,nvml
006210.png,SMALL,onnx_cuda,"['CUDAExecutionProvider', 'CPUExecutionProvider']",False,3,31,0,True,True,41,8,39.0,0.09301280975341797,53.0,1170.0,nvml
006211.png,SMALL,onnx_cuda,"['CUDAExecutionProvider', 'CPUExecutionProvider']",False,0,0,1,True,False,54,15,36.0,0.09301280975341797,53.0,1162.0,nvml
006212.png,SMALL,onnx_cuda,"['CUDAExecutionProvider', 'CPUExecutionProvider']",False,0,0,0,False,False,0,2,36.0,0.09301280975341797,53.0,1162.0,nvml
006213.png,SMALL,onnx_cuda,"['CUDAExecutionProvider', 'CPUExecutionProvider']",False,0,0,2,True,False,0,17,36.0,0.09301280975341797,53.0,1162.0,nvml
006214.png,SMALL,onnx_cuda,"['CUDAExecutionProvider', 'CPUExecutionProvider']",False,0,0,1,True,False,4,3,36.0,0.09301280975341797,53.0,1162.0,nvml
006215.png,SMALL,onnx_cuda,"['CUDAExecutionProvider', 'CPUExecutionProvider']",False,1,10,0,True,True,11,1,36.0,0.09301280975341797,53.0,1162.0,nvml
006216.png,SMALL,onnx_cuda,"['CUDAExecutionProvider', 'CPUExecutionProvider']",False,0,0,0,False,False,0,3,36.0,0.09301280975341797,53.0,1162.0,nvml
006217.png,SMALL,onnx_cuda,"['CUDAExecutionProvider', 'CPUExecutionProvider']",False,0,5,0,False,True,5,2,36.0,0.09301280975341797,53.0,1162.0,nvml
006218.png,SMALL,onnx_cuda,"['CUDAExecutionProvider', 'CPUExecutionProvider']",False,0,0,0,False,False,0,3,36.0,0.09301280975341797,53.0,1162.0,nvml
006219.png,SMALL,onnx_cuda,"['CUDAExecutionProvider', 'CPUExecutionProvider']",False,0,0,0,False,False,1,6,36.0,0.09301280975341797,53.0,1162.0,nvml
006220.png,SMALL,onnx_cuda,"['CUDAExecutionProvider', 'CPUExecutionProvider']",False,0,0,0,False,False,22,5,36.0,0.09301280975341797,53.0,1162.0,nvml
006221.png,SMALL,onnx_cuda,"['CUDAExecutionProvider', 'CPUExecutionProvider']",False,2,1,2,True,True,22,7,37.0,0.09301280975341797,53.0,1155.0,nvml
006222.png,SMALL,onnx_cuda,"['CUDAExecutionProvider', 'CPUExecutionProvider']",False,1,7,0,True,True,8,1,37.0,0.09301280975341797,53.0,1155.0,nvml
006223.png,SMALL,onnx_cuda,"['CUDAExecutionProvider', 'CPUExecutionProvider']",False,0,0,0,False,False,10,1,37.0,0.09301280975341797,53.0,1155.0,nvml
006224.png,SMALL,onnx_cuda,"['CUDAExecutionProvider', 'CPUExecutionProvider']",False,1,0,0,True,True,57,15,37.0,0.09301280975341797,53.0,1155.0,nvml
006225.png,SMALL,onnx_cuda,"['CUDAExecutionProvider', 'CPUExecutionProvider']",False,0,0,0,False,False,19,7,37.0,0.09301280975341797,53.0,1155.0,nvml
006226.png,SMALL,onnx_cuda,"['CUDAExecutionProvider', 'CPUExecutionProvider']",False,0,2,1,True,True,7,4,37.0,0.09301280975341797,53.0,1155.0,nvml
006227.png,SMALL,onnx_cuda,"['CUDAExecutionProvider', 'CPUExecutionProvider']",False,0,2,0,False,True,29,2,37.0,0.09301280975341797,53.0,1155.0,nvml
006228.png,SMALL,onnx_cuda,"['CUDAExecutionProvider', 'CPUExecutionProvider']",False,1,9,0,True,True,11,1,37.0,0.09301280975341797,53.0,1155.0,nvml
006229.png,SMALL,onnx_cuda,"['CUDAExecutionProvider', 'CPUExecutionProvider']",False,0,0,4,True,False,2,10,37.0,0.09301280975341797,53.0,1155.0,nvml
006230.png,SMALL,onnx_cuda,"['CUDAExecutionProvider', 'CPUExecutionProvider']",False,0,0,0,False,False,6,3,37.0,0.09301280975341797,53.0,1155.0,nvml
006231.png,SMALL,onnx_cuda,"['CUDAExecutionProvider', 'CPUExecutionProvider']",False,0,0,1,True,False,39,6,37.0,0.09301280975341797,53.0,1147.0,nvml
006232.png,SMALL,onnx_cuda,"['CUDAExecutionProvider', 'CPUExecutionProvider']",False,0,0,1,True,False,23,7,37.0,0.09301280975341797,53.0,1147.0,nvml
006233.png,SMALL,onnx_cuda,"['CUDAExecutionProvider', 'CPUExecutionProvider']",False,0,0,0,False,False,23,6,37.0,0.09301280975341797,53.0,1147.0,nvml
006234.png,SMALL,onnx_cuda,"['CUDAExecutionProvider', 'CPUExecutionProvider']",False,0,0,1,True,False,10,3,37.0,0.09301280975341797,53.0,1147.0,nvml
006235.png,SMALL,onnx_cuda,"['CUDAExecutionProvider', 'CPUExecutionProvider']",False,0,0,0,False,False,20,3,37.0,0.09301280975341797,53.0,1147.0,nvml
006236.png,SMALL,onnx_cuda,"['CUDAExecutionProvider', 'CPUExecutionProvider']",False,0,0,1,True,False,86,15,37.0,0.09301280975341797,53.0,1147.0,nvml
006237.png,SMALL,onnx_cuda,"['CUDAExecutionProvider', 'CPUExecutionProvider']",False,0,0,0,False,False,17,8,37.0,0.09301280975341797,53.0,1147.0,nvml
006238.png,SMALL,onnx_cuda,"['CUDAExecutionProvider', 'CPUExecutionProvider']",False,0,0,0,False,False,23,10,37.0,0.09301280975341797,53.0,1147.0,nvml
006239.png,SMALL,onnx_cuda,"['CUDAExecutionProvider', 'CPUExecutionProvider']",False,0,0,0,False,False,9,1,37.0,0.09301280975341797,53.0,1147.0,nvml
006240.png,SMALL,onnx_cuda,"['CUDAExecutionProvider', 'CPUExecutionProvider']",False,1,9,0,True,True,10,1,37.0,0.09301280975341797,53.0,1147.0,nvml
006241.png,SMALL,onnx_cuda,"['CUDAExecutionProvider', 'CPUExecutionProvider']",False,0,0,0,False,False,4,5,37.0,0.09301280975341797,53.0,1140.0,nvml
006242.png,SMALL,onnx_cuda,"['CUDAExecutionProvider', 'CPUExecutionProvider']",False,0,0,1,True,False,18,6,37.0,0.09301280975341797,53.0,1140.0,nvml
006243.png,SMALL,onnx_cuda,"['CUDAExecutionProvider', 'CPUExecutionProvider']",False,0,0,0,False,False,8,3,37.0,0.09301280975341797,53.0,1140.0,nvml
006244.png,SMALL,onnx_cuda,"['CUDAExecutionProvider', 'CPUExecutionProvider']",False,0,0,0,False,False,0,1,37.0,0.09301280975341797,53.0,1140.0,nvml
006245.png,SMALL,onnx_cuda,"['CUDAExecutionProvider', 'CPUExecutionProvider']",False,0,0,0,False,False,31,8,37.0,0.09301280975341797,53.0,1140.0,nvml
006246.png,SMALL,onnx_cuda,"['CUDAExecutionProvider', 'CPUExecutionProvider']",False,0,0,0,False,False,47,5,37.0,0.09301280975341797,53.0,1140.0,nvml
006247.png,SMALL,onnx_cuda,"['CUDAExecutionProvider', 'CPUExecutionProvider']",False,0,0,1,True,False,7,5,37.0,0.09301280975341797,53.0,1140.0,nvml
006248.png,SMALL,onnx_cuda,"['CUDAExecutionProvider', 'CPUExecutionProvider']",False,0,0,0,False,False,4,7,37.0,0.09301280975341797,53.0,1140.0,nvml
006249.png,SMALL,onnx_cuda,"['CUDAExecutionProvider', 'CPUExecutionProvider']",False,0,0,0,False,False,0,9,37.0,0.09301280975341797,53.0,1140.0,nvml
006250.png,SMALL,onnx_cuda,"['CUDAExecutionProvider', 'CPUExecutionProvider']",False,0,0,0,False,False,8,5,37.0,0.09301280975341797,53.0,1140.0,nvml
006251.png,SMALL,onnx_cuda,"['CUDAExecutionProvider', 'CPUExecutionProvider']",False,0,0,0,False,False,79,14,38.0,0.09301280975341797,53.0,1132.0,nvml
006252.png,SMALL,onnx_cuda,"['CUDAExecutionProvider', 'CPUExecutionProvider']",False,0,0,0,False,False,0,2,38.0,0.09301280975341797,53.0,1132.0,nvml
006253.png,SMALL,onnx_cuda,"['CUDAExecutionProvider', 'CPUExecutionProvider']",False,0,0,0,False,False,23,6,38.0,0.09301280975341797,53.0,1132.0,nvml
006254.png,SMALL,onnx_cuda,"['CUDAExecutionProvider', 'CPUExecutionProvider']",False,0,0,0,False,False,0,7,38.0,0.09301280975341797,53.0,1132.0,nvml
006255.png,SMALL,onnx_cuda,"['CUDAExecutionProvider', 'CPUExecutionProvider']",False,0,0,0,False,False,7,7,38.0,0.09301280975341797,53.0,1132.0,nvml
006256.png,SMALL,onnx_cuda,"['CUDAExecutionProvider', 'CPUExecutionProvider']",False,0,0,4,True,False,40,12,38.0,0.09301280975341797,53.0,1132.0,nvml
006257.png,SMALL,onnx_cuda,"['CUDAExecutionProvider', 'CPUExecutionProvider']",False,0,0,1,True,False,19,6,38.0,0.09301280975341797,53.0,1132.0,nvml
006258.png,SMALL,onnx_cuda,"['CUDAExecutionProvider', 'CPUExecutionProvider']",False,1,13,0,True,True,14,1,38.0,0.09301280975341797,53.0,1132.0,nvml
006259.png,SMALL,onnx_cuda,"['CUDAExecutionProvider', 'CPUExecutionProvider']",False,0,0,0,False,False,0,5,38.0,0.09301280975341797,53.0,1132.0,nvml
006260.png,SMALL,onnx_cuda,"['CUDAExecutionProvider', 'CPUExecutionProvider']",False,0,6,0,False,True,43,14,38.0,0.09301280975341797,53.0,1132.0,nvml
006261.png,SMALL,onnx_cuda,"['CUDAExecutionProvider', 'CPUExecutionProvider']",False,0,0,1,True,False,50,7,38.0,0.09301280975341797,53.0,1132.0,nvml
006262.png,SMALL,onnx_cuda,"['CUDAExecutionProvider', 'CPUExecutionProvider']",False,0,1,2,True,True,20,9,38.0,0.09301280975341797,53.0,1132.0,nvml
006263.png,SMALL,onnx_cuda,"['CUDAExecutionProvider', 'CPUExecutionProvider']",False,0,0,0,False,False,31,11,38.0,0.09301280975341797,53.0,1132.0,nvml
006264.png,SMALL,onnx_cuda,"['CUDAExecutionProvider', 'CPUExecutionProvider']",False,0,0,0,False,False,0,5,38.0,0.09301280975341797,53.0,1132.0,nvml
006265.png,SMALL,onnx_cuda,"['CUDAExecutionProvider', 'CPUExecutionProvider']",False,0,3,1,True,True,3,5,38.0,0.09301280975341797,53.0,1132.0,nvml
006266.png,SMALL,onnx_cuda,"['CUDAExecutionProvider', 'CPUExecutionProvider']",False,0,0,0,False,False,35,6,38.0,0.09301280975341797,53.0,1132.0,nvml
006267.png,SMALL,onnx_cuda,"['CUDAExecutionProvider', 'CPUExecutionProvider']",False,0,0,0,False,False,1,7,38.0,0.09301280975341797,53.0,1132.0,nvml
006268.png,SMALL,onnx_cuda,"['CUDAExecutionProvider', 'CPUExecutionProvider']",False,7,56,0,True,True,63,10,38.0,0.09301280975341797,53.0,1132.0,nvml
006269.png,SMALL,onnx_cuda,"['CUDAExecutionProvider', 'CPUExecutionProvider']",False,0,0,0,False,False,33,6,38.0,0.09301280975341797,53.0,1132.0,nvml
006270.png,SMALL,onnx_cuda,"['CUDAExecutionProvider', 'CPUExecutionProvider']",False,0,0,0,False,False,1,2,38.0,0.09301280975341797,53.0,1132.0,nvml
006271.png,SMALL,onnx_cuda,"['CUDAExecutionProvider', 'CPUExecutionProvider']",False,0,0,0,False,False,28,9,38.0,0.09301280975341797,53.0,1125.0,nvml
006272.png,SMALL,onnx_cuda,"['CUDAExecutionProvider', 'CPUExecutionProvider']",False,0,0,0,False,False,22,13,38.0,0.09301280975341797,53.0,1125.0,nvml
006273.png,SMALL,onnx_cuda,"['CUDAExecutionProvider', 'CPUExecutionProvider']",False,1,5,0,True,True,27,8,38.0,0.09301280975341797,53.0,1125.0,nvml
006274.png,SMALL,onnx_cuda,"['CUDAExecutionProvider', 'CPUExecutionProvider']",False,0,0,1,True,False,0,3,38.0,0.09301280975341797,53.0,1125.0,nvml
006275.png,SMALL,onnx_cuda,"['CUDAExecutionProvider', 'CPUExecutionProvider']",False,0,0,0,False,False,17,6,38.0,0.09301280975341797,53.0,1125.0,nvml
006276.png,SMALL,onnx_cuda,"['CUDAExecutionProvider', 'CPUExecutionProvider']",False,0,0,7,True,False,8,13,38.0,0.09301280975341797,53.0,1125.0,nvml
006277.png,SMALL,onnx_cuda,"['CUDAExecutionProvider', 'CPUExecutionProvider']",False,1,1,0,True,True,8,8,38.0,0.09301280975341797,53.0,1125.0,nvml
006278.png,SMALL,onnx_cuda,"['CUDAExecutionProvider', 'CPUExecutionProvider']",False,0,0,0,False,False,42,7,38.0,0.09301280975341797,53.0,1125.0,nvml
006279.png,SMALL,onnx_cuda,"['CUDAExecutionProvider', 'CPUExecutionProvider']",False,0,2,0,False,True,12,2,38.0,0.09301280975341797,53.0,1125.0,nvml
006280.png,SMALL,onnx_cuda,"['CUDAExecutionProvider', 'CPUExecutionProvider']",False,0,0,1,True,False,2,5,38.0,0.09301280975341797,53.0,1125.0,nvml
006281.png,SMALL,onnx_cuda,"['CUDAExecutionProvider', 'CPUExecutionProvider']",False,0,0,0,False,False,47,15,38.0,0.09301280975341797,53.0,1125.0,nvml
006282.png,SMALL,onnx_cuda,"['CUDAExecutionProvider', 'CPUExecutionProvider']",False,0,0,0,False,False,0,5,38.0,0.09301280975341797,53.0,1125.0,nvml
006283.png,SMALL,onnx_cuda,"['CUDAExecutionProvider', 'CPUExecutionProvider']",False,0,0,0,False,False,0,3,38.0,0.09301280975341797,53.0,1125.0,nvml
006284.png,SMALL,onnx_cuda,"['CUDAExecutionProvider', 'CPUExecutionProvider']",False,2,24,6,True,True,33,10,38.0,0.09301280975341797,53.0,1125.0,nvml
006285.png,SMALL,onnx_cuda,"['CUDAExecutionProvider', 'CPUExecutionProvider']",False,0,0,0,False,False,41,11,38.0,0.09301280975341797,53.0,1125.0,nvml
006286.png,SMALL,onnx_cuda,"['CUDAExecutionProvider', 'CPUExecutionProvider']",False,0,0,0,False,False,10,8,38.0,0.09301280975341797,53.0,1125.0,nvml
006287.png,SMALL,onnx_cuda,"['CUDAExecutionProvider', 'CPUExecutionProvider']",False,0,17,0,False,True,17,4,38.0,0.09301280975341797,53.0,1125.0,nvml
006288.png,SMALL,onnx_cuda,"['CUDAExecutionProvider', 'CPUExecutionProvider']",False,0,0,0,False,False,10,5,38.0,0.09301280975341797,53.0,1125.0,nvml
006289.png,SMALL,onnx_cuda,"['CUDAExecutionProvider', 'CPUExecutionProvider']",False,0,1,0,False,True,1,2,38.0,0.09301280975341797,53.0,1125.0,nvml
006290.png,SMALL,onnx_cuda,"['CUDAExecutionProvider', 'CPUExecutionProvider']",False,0,0,0,False,False,2,6,38.0,0.09301280975341797,53.0,1125.0,nvml
006291.png,SMALL,onnx_cuda,"['CUDAExecutionProvider', 'CPUExecutionProvider']",False,0,3,0,False,True,49,16,38.0,0.09301280975341797,53.0,1117.0,nvml
006292.png,SMALL,onnx_cuda,"['CUDAExecutionProvider', 'CPUExecutionProvider']",False,1,7,0,True,True,8,1,38.0,0.09301280975341797,53.0,1117.0,nvml
006293.png,SMALL,onnx_cuda,"['CUDAExecutionProvider', 'CPUExecutionProvider']",False,0,0,2,True,False,6,9,38.0,0.09301280975341797,53.0,1117.0,nvml
006294.png,SMALL,onnx_cuda,"['CUDAExecutionProvider', 'CPUExecutionProvider']",False,1,19,0,True,True,20,1,38.0,0.09301280975341797,53.0,1117.0,nvml
006295.png,SMALL,onnx_cuda,"['CUDAExecutionProvider', 'CPUExecutionProvider']",False,0,0,0,False,False,33,14,38.0,0.09301280975341797,53.0,1117.0,nvml
006296.png,SMALL,onnx_cuda,"['CUDAExecutionProvider', 'CPUExecutionProvider']",False,0,0,0,False,False,14,7,38.0,0.09301280975341797,53.0,1117.0,nvml
006297.png,SMALL,onnx_cuda,"['CUDAExecutionProvider', 'CPUExecutionProvider']",False,0,0,0,False,False,10,6,38.0,0.09301280975341797,53.0,1117.0,nvml
006298.png,SMALL,onnx_cuda,"['CUDAExecutionProvider', 'CPUExecutionProvider']",False,0,0,1,True,False,24,9,38.0,0.09301280975341797,53.0,1117.0,nvml
006299.png,SMALL,onnx_cuda,"['CUDAExecutionProvider', 'CPUExecutionProvider']",False,1,8,0,True,True,10,1,38.0,0.09301280975341797,53.0,1117.0,nvml
006300.png,SMALL,onnx_cuda,"['CUDAExecutionProvider', 'CPUExecutionProvider']",False,0,0,0,False,False,49,16,38.0,0.09301280975341797,53.0,1117.0,nvml
006301.png,SMALL,onnx_cuda,"['CUDAExecutionProvider', 'CPUExecutionProvider']",False,0,0,1,True,False,28,9,39.0,0.09301280975341797,53.0,1117.0,nvml
006302.png,SMALL,onnx_cuda,"['CUDAExecutionProvider', 'CPUExecutionProvider']",False,0,0,0,False,False,19,4,39.0,0.09301280975341797,53.0,1117.0,nvml
006303.png,SMALL,onnx_cuda,"['CUDAExecutionProvider', 'CPUExecutionProvider']",False,0,0,2,True,False,32,12,39.0,0.09301280975341797,53.0,1117.0,nvml
006304.png,SMALL,onnx_cuda,"['CUDAExecutionProvider', 'CPUExecutionProvider']",False,0,0,0,False,False,0,4,39.0,0.09301280975341797,53.0,1117.0,nvml
006305.png,SMALL,onnx_cuda,"['CUDAExecutionProvider', 'CPUExecutionProvider']",False,0,0,0,False,False,22,6,39.0,0.09301280975341797,53.0,1117.0,nvml
006306.png,SMALL,onnx_cuda,"['CUDAExecutionProvider', 'CPUExecutionProvider']",False,0,0,0,False,False,59,12,39.0,0.09301280975341797,53.0,1117.0,nvml
006307.png,SMALL,onnx_cuda,"['CUDAExecutionProvider', 'CPUExecutionProvider']",False,0,0,0,False,False,31,9,39.0,0.09301280975341797,53.0,1117.0,nvml
006308.png,SMALL,onnx_cuda,"['CUDAExecutionProvider', 'CPUExecutionProvider']",False,1,9,0,True,True,10,1,39.0,0.09301280975341797,53.0,1117.0,nvml
006309.png,SMALL,onnx_cuda,"['CUDAExecutionProvider', 'CPUExecutionProvider']",False,0,0,0,False,False,5,2,39.0,0.09301280975341797,53.0,1117.0,nvml
006310.png,SMALL,onnx_cuda,"['CUDAExecutionProvider', 'CPUExecutionProvider']",False,0,0,0,False,False,20,8,39.0,0.09301280975341797,53.0,1117.0,nvml
006311.png,SMALL,onnx_cuda,"['CUDAExecutionProvider', 'CPUExecutionProvider']",False,0,0,0,False,False,1,1,39.0,0.09301280975341797,53.0,1110.0,nvml
006312.png,SMALL,onnx_cuda,"['CUDAExecutionProvider', 'CPUExecutionProvider']",False,0,0,0,False,False,38,9,39.0,0.09301280975341797,53.0,1110.0,nvml
006313.png,SMALL,onnx_cuda,"['CUDAExecutionProvider', 'CPUExecutionProvider']",False,1,4,0,True,True,19,6,39.0,0.09301280975341797,53.0,1110.0,nvml
006314.png,SMALL,onnx_cuda,"['CUDAExecutionProvider', 'CPUExecutionProvider']",False,0,0,0,False,False,58,13,39.0,0.09301280975341797,53.0,1110.0,nvml
006315.png,SMALL,onnx_cuda,"['CUDAExecutionProvider', 'CPUExecutionProvider']",False,0,0,0,False,False,10,5,39.0,0.09301280975341797,53.0,1110.0,nvml
006316.png,SMALL,onnx_cuda,"['CUDAExecutionProvider', 'CPUExecutionProvider']",False,0,0,0,False,False,0,1,39.0,0.09301280975341797,53.0,1110.0,nvml
006317.png,SMALL,onnx_cuda,"['CUDAExecutionProvider', 'CPUExecutionProvider']",False,0,0,0,False,False,1,4,39.0,0.09301280975341797,53.0,1110.0,nvml
006318.png,SMALL,onnx_cuda,"['CUDAExecutionProvider', 'CPUExecutionProvider']",False,0,0,0,False,False,4,7,39.0,0.09301280975341797,53.0,1110.0,nvml
006319.png,SMALL,onnx_cuda,"['CUDAExecutionProvider', 'CPUExecutionProvider']",False,0,0,0,False,False,42,4,39.0,0.09301280975341797,53.0,1110.0,nvml
006320.png,SMALL,onnx_cuda,"['CUDAExecutionProvider', 'CPUExecutionProvider']",False,0,0,0,False,False,35,9,39.0,0.09301280975341797,53.0,1110.0,nvml
006321.png,SMALL,onnx_cuda,"['CUDAExecutionProvider', 'CPUExecutionProvider']",False,0,0,0,False,False,0,2,39.0,0.09301280975341797,53.0,1110.0,nvml
006322.png,SMALL,onnx_cuda,"['CUDAExecutionProvider', 'CPUExecutionProvider']",False,0,0,0,False,False,28,10,39.0,0.09301280975341797,53.0,1110.0,nvml
006323.png,SMALL,onnx_cuda,"['CUDAExecutionProvider', 'CPUExecutionProvider']",False,0,0,0,False,False,0,6,39.0,0.09301280975341797,53.0,1110.0,nvml
006324.png,SMALL,onnx_cuda,"['CUDAExecutionProvider', 'CPUExecutionProvider']",False,0,0,0,False,False,32,8,39.0,0.09301280975341797,53.0,1110.0,nvml
006325.png,SMALL,onnx_cuda,"['CUDAExecutionProvider', 'CPUExecutionProvider']",False,0,0,0,False,False,11,5,39.0,0.09301280975341797,53.0,1110.0,nvml
006326.png,SMALL,onnx_cuda,"['CUDAExecutionProvider', 'CPUExecutionProvider']",False,0,0,0,False,False,14,6,39.0,0.09301280975341797,53.0,1110.0,nvml
006327.png,SMALL,onnx_cuda,"['CUDAExecutionProvider', 'CPUExecutionProvider']",False,0,0,0,False,False,11,2,39.0,0.09301280975341797,53.0,1110.0,nvml
006328.png,SMALL,onnx_cuda,"['CUDAExecutionProvider', 'CPUExecutionProvider']",False,0,0,1,True,False,16,11,39.0,0.09301280975341797,53.0,1110.0,nvml
006329.png,SMALL,onnx_cuda,"['CUDAExecutionProvider', 'CPUExecutionProvider']",False,0,0,0,False,False,60,5,39.0,0.09301280975341797,53.0,1110.0,nvml
006330.png,SMALL,onnx_cuda,"['CUDAExecutionProvider', 'CPUExecutionProvider']",False,0,0,0,False,False,30,8,39.0,0.09301280975341797,53.0,1110.0,nvml
006331.png,SMALL,onnx_cuda,"['CUDAExecutionProvider', 'CPUExecutionProvider']",False,0,0,0,False,False,0,4,39.0,0.09301280975341797,53.0,1110.0,nvml
006332.png,SMALL,onnx_cuda,"['CUDAExecutionProvider', 'CPUExecutionProvider']",False,0,0,0,False,False,5,4,39.0,0.09301280975341797,53.0,1110.0,nvml
006333.png,SMALL,onnx_cuda,"['CUDAExecutionProvider', 'CPUExecutionProvider']",False,1,2,1,True,True,17,8,39.0,0.09301280975341797,53.0,1110.0,nvml
006334.png,SMALL,onnx_cuda,"['CUDAExecutionProvider', 'CPUExecutionProvider']",False,0,0,2,True,False,47,10,39.0,0.09301280975341797,53.0,1110.0,nvml
006335.png,SMALL,onnx_cuda,"['CUDAExecutionProvider', 'CPUExecutionProvider']",False,0,0,0,False,False,4,6,39.0,0.09301280975341797,53.0,1110.0,nvml
006336.png,SMALL,onnx_cuda,"['CUDAExecutionProvider', 'CPUExecutionProvider']",False,0,2,0,False,True,25,13,39.0,0.09301280975341797,53.0,1110.0,nvml
006337.png,SMALL,onnx_cuda,"['CUDAExecutionProvider', 'CPUExecutionProvider']",False,1,10,0,True,True,11,1,39.0,0.09301280975341797,53.0,1110.0,nvml
006338.png,SMALL,onnx_cuda,"['CUDAExecutionProvider', 'CPUExecutionProvider']",False,0,0,0,False,False,41,10,39.0,0.09301280975341797,53.0,1110.0,nvml
006339.png,SMALL,onnx_cuda,"['CUDAExecutionProvider', 'CPUExecutionProvider']",False,1,0,0,True,True,11,3,39.0,0.09301280975341797,53.0,1110.0,nvml
006340.png,SMALL,onnx_cuda,"['CUDAExecutionProvider', 'CPUExecutionProvider']",False,0,0,0,False,False,0,5,39.0,0.09301280975341797,53.0,1110.0,nvml
006341.png,SMALL,onnx_cuda,"['CUDAExecutionProvider', 'CPUExecutionProvider']",False,4,39,1,True,True,50,9,39.0,0.09301280975341797,53.0,1102.0,nvml
006342.png,SMALL,onnx_cuda,"['CUDAExecutionProvider', 'CPUExecutionProvider']",False,0,0,0,False,False,52,13,39.0,0.09301280975341797,53.0,1102.0,nvml
006343.png,SMALL,onnx_cuda,"['CUDAExecutionProvider', 'CPUExecutionProvider']",False,0,0,0,False,False,0,4,39.0,0.09301280975341797,53.0,1102.0,nvml
006344.png,SMALL,onnx_cuda,"['CUDAExecutionProvider', 'CPUExecutionProvider']",False,0,0,0,False,False,48,11,39.0,0.09301280975341797,53.0,1102.0,nvml
006345.png,SMALL,onnx_cuda,"['CUDAExecutionProvider', 'CPUExecutionProvider']",False,0,0,0,False,False,40,13,39.0,0.09301280975341797,53.0,1102.0,nvml
006346.png,SMALL,onnx_cuda,"['CUDAExecutionProvider', 'CPUExecutionProvider']",False,0,0,0,False,False,0,7,39.0,0.09301280975341797,53.0,1102.0,nvml
006347.png,SMALL,onnx_cuda,"['CUDAExecutionProvider', 'CPUExecutionProvider']",False,0,0,0,False,False,10,2,39.0,0.09301280975341797,53.0,1102.0,nvml
006348.png,SMALL,onnx_cuda,"['CUDAExecutionProvider', 'CPUExecutionProvider']",False,0,0,0,False,False,10,3,39.0,0.09301280975341797,53.0,1102.0,nvml
006349.png,SMALL,onnx_cuda,"['CUDAExecutionProvider', 'CPUExecutionProvider']",False,0,0,0,False,False,2,2,39.0,0.09301280975341797,53.0,1102.0,nvml
006350.png,SMALL,onnx_cuda,"['CUDAExecutionProvider', 'CPUExecutionProvider']",False,0,0,0,False,False,11,4,39.0,0.09301280975341797,53.0,1102.0,nvml
006351.png,SMALL,onnx_cuda,"['CUDAExecutionProvider', 'CPUExecutionProvider']",False,0,0,0,False,False,0,2,39.0,0.09301280975341797,53.0,1102.0,nvml
006352.png,SMALL,onnx_cuda,"['CUDAExecutionProvider', 'CPUExecutionProvider']",False,0,0,1,True,False,12,5,39.0,0.09301280975341797,53.0,1102.0,nvml
006353.png,SMALL,onnx_cuda,"['CUDAExecutionProvider', 'CPUExecutionProvider']",False,0,0,0,False,False,11,2,39.0,0.09301280975341797,53.0,1102.0,nvml
006354.png,SMALL,onnx_cuda,"['CUDAExecutionProvider', 'CPUExecutionProvider']",False,1,10,0,True,True,12,1,39.0,0.09301280975341797,53.0,1102.0,nvml
006355.png,SMALL,onnx_cuda,"['CUDAExecutionProvider', 'CPUExecutionProvider']",False,0,0,0,False,False,10,5,39.0,0.09301280975341797,53.0,1102.0,nvml
006356.png,SMALL,onnx_cuda,"['CUDAExecutionProvider', 'CPUExecutionProvider']",False,0,0,0,False,False,41,10,39.0,0.09301280975341797,53.0,1102.0,nvml
006357.png,SMALL,onnx_cuda,"['CUDAExecutionProvider', 'CPUExecutionProvider']",False,0,0,0,False,False,7,2,39.0,0.09301280975341797,53.0,1102.0,nvml
006358.png,SMALL,onnx_cuda,"['CUDAExecutionProvider', 'CPUExecutionProvider']",False,0,0,1,True,False,15,7,39.0,0.09301280975341797,53.0,1102.0,nvml
006359.png,SMALL,onnx_cuda,"['CUDAExecutionProvider', 'CPUExecutionProvider']",False,0,0,0,False,False,0,2,39.0,0.09301280975341797,53.0,1102.0,nvml
006360.png,SMALL,onnx_cuda,"['CUDAExecutionProvider', 'CPUExecutionProvider']",False,0,0,0,False,False,20,5,39.0,0.09301280975341797,53.0,1102.0,nvml
006361.png,SMALL,onnx_cuda,"['CUDAExecutionProvider', 'CPUExecutionProvider']",False,0,0,1,True,False,22,11,39.0,0.09301280975341797,53.0,1102.0,nvml
006362.png,SMALL,onnx_cuda,"['CUDAExecutionProvider', 'CPUExecutionProvider']",False,2,16,1,True,True,39,9,39.0,0.09301280975341797,53.0,1102.0,nvml
006363.png,SMALL,onnx_cuda,"['CUDAExecutionProvider', 'CPUExecutionProvider']",False,0,2,0,False,True,19,7,39.0,0.09301280975341797,53.0,1102.0,nvml
006364.png,SMALL,onnx_cuda,"['CUDAExecutionProvider', 'CPUExecutionProvider']",False,0,0,1,True,False,6,8,39.0,0.09301280975341797,53.0,1102.0,nvml
006365.png,SMALL,onnx_cuda,"['CUDAExecutionProvider', 'CPUExecutionProvider']",False,0,0,0,False,False,49,15,39.0,0.09301280975341797,53.0,1102.0,nvml
006366.png,SMALL,onnx_cuda,"['CUDAExecutionProvider', 'CPUExecutionProvider']",False,0,0,0,False,False,31,11,39.0,0.09301280975341797,53.0,1102.0,nvml
006367.png,SMALL,onnx_cuda,"['CUDAExecutionProvider', 'CPUExecutionProvider']",False,0,0,0,False,False,6,6,39.0,0.09301280975341797,53.0,1102.0,nvml
006368.png,SMALL,onnx_cuda,"['CUDAExecutionProvider', 'CPUExecutionProvider']",False,0,0,0,False,False,41,10,39.0,0.09301280975341797,53.0,1102.0,nvml
006369.png,SMALL,onnx_cuda,"['CUDAExecutionProvider', 'CPUExecutionProvider']",False,0,0,1,True,False,9,7,39.0,0.09301280975341797,53.0,1102.0,nvml
006370.png,SMALL,onnx_cuda,"['CUDAExecutionProvider', 'CPUExecutionProvider']",False,0,0,0,False,False,37,7,39.0,0.09301280975341797,53.0,1102.0,nvml
006371.png,SMALL,onnx_cuda,"['CUDAExecutionProvider', 'CPUExecutionProvider']",False,0,0,1,True,False,40,8,39.0,0.09301280975341797,53.0,1095.0,nvml
006372.png,SMALL,onnx_cuda,"['CUDAExecutionProvider', 'CPUExecutionProvider']",False,0,0,0,False,False,30,8,39.0,0.09301280975341797,53.0,1095.0,nvml
006373.png,SMALL,onnx_cuda,"['CUDAExecutionProvider', 'CPUExecutionProvider']",False,0,0,0,False,False,10,5,39.0,0.09301280975341797,53.0,1095.0,nvml
006374.png,SMALL,onnx_cuda,"['CUDAExecutionProvider', 'CPUExecutionProvider']",False,0,0,0,False,False,20,4,39.0,0.09301280975341797,53.0,1095.0,nvml
006375.png,SMALL,onnx_cuda,"['CUDAExecutionProvider', 'CPUExecutionProvider']",False,0,0,0,False,False,1,2,39.0,0.09301280975341797,53.0,1095.0,nvml
006376.png,SMALL,onnx_cuda,"['CUDAExecutionProvider', 'CPUExecutionProvider']",False,0,0,0,False,False,41,16,39.0,0.09301280975341797,53.0,1095.0,nvml
006377.png,SMALL,onnx_cuda,"['CUDAExecutionProvider', 'CPUExecutionProvider']",False,0,0,0,False,False,2,5,39.0,0.09301280975341797,53.0,1095.0,nvml
006378.png,SMALL,onnx_cuda,"['CUDAExecutionProvider', 'CPUExecutionProvider']",False,1,1,2,True,True,21,9,39.0,0.09301280975341797,53.0,1095.0,nvml
006379.png,SMALL,onnx_cuda,"['CUDAExecutionProvider', 'CPUExecutionProvider']",False,0,0,0,False,False,62,15,39.0,0.09301280975341797,53.0,1095.0,nvml
006380.png,SMALL,onnx_cuda,"['CUDAExecutionProvider', 'CPUExecutionProvider']",False,0,0,1,True,False,21,7,39.0,0.09301280975341797,53.0,1095.0,nvml
006381.png,SMALL,onnx_cuda,"['CUDAExecutionProvider', 'CPUExecutionProvider']",False,0,0,1,True,False,34,6,39.0,0.09301280975341797,53.0,1095.0,nvml
006382.png,SMALL,onnx_cuda,"['CUDAExecutionProvider', 'CPUExecutionProvider']",False,1,12,1,True,True,19,4,39.0,0.09301280975341797,53.0,1095.0,nvml
006383.png,SMALL,onnx_cuda,"['CUDAExecutionProvider', 'CPUExecutionProvider']",False,0,0,0,False,False,0,2,39.0,0.09301280975341797,53.0,1095.0,nvml
006384.png,SMALL,onnx_cuda,"['CUDAExecutionProvider', 'CPUExecutionProvider']",False,0,0,0,False,False,0,2,39.0,0.09301280975341797,53.0,1095.0,nvml
006385.png,SMALL,onnx_cuda,"['CUDAExecutionProvider', 'CPUExecutionProvider']",False,0,0,0,False,False,1,5,39.0,0.09301280975341797,53.0,1095.0,nvml
006386.png,SMALL,onnx_cuda,"['CUDAExecutionProvider', 'CPUExecutionProvider']",False,0,0,0,False,False,0,6,39.0,0.09301280975341797,53.0,1095.0,nvml
006387.png,SMALL,onnx_cuda,"['CUDAExecutionProvider', 'CPUExecutionProvider']",False,0,2,0,False,True,14,6,39.0,0.09301280975341797,53.0,1095.0,nvml
006388.png,SMALL,onnx_cuda,"['CUDAExecutionProvider', 'CPUExecutionProvider']",False,0,0,0,False,False,28,7,39.0,0.09301280975341797,53.0,1095.0,nvml
006389.png,SMALL,onnx_cuda,"['CUDAExecutionProvider', 'CPUExecutionProvider']",False,0,3,0,False,True,38,14,39.0,0.09301280975341797,53.0,1095.0,nvml
006390.png,SMALL,onnx_cuda,"['CUDAExecutionProvider', 'CPUExecutionProvider']",False,0,0,1,True,False,72,16,39.0,0.09301280975341797,53.0,1095.0,nvml
006391.png,SMALL,onnx_cuda,"['CUDAExecutionProvider', 'CPUExecutionProvider']",False,0,0,0,False,False,48,7,39.0,0.09301280975341797,53.0,1095.0,nvml
006392.png,SMALL,onnx_cuda,"['CUDAExecutionProvider', 'CPUExecutionProvider']",False,0,0,0,False,False,0,2,39.0,0.09301280975341797,53.0,1095.0,nvml
006393.png,SMALL,onnx_cuda,"['CUDAExecutionProvider', 'CPUExecutionProvider']",False,0,0,0,False,False,10,1,39.0,0.09301280975341797,53.0,1095.0,nvml
006394.png,SMALL,onnx_cuda,"['CUDAExecutionProvider', 'CPUExecutionProvider']",False,0,0,0,False,False,38,8,39.0,0.09301280975341797,53.0,1095.0,nvml
006395.png,SMALL,onnx_cuda,"['CUDAExecutionProvider', 'CPUExecutionProvider']",False,4,53,5,True,True,57,10,39.0,0.09301280975341797,53.0,1095.0,nvml
006396.png,SMALL,onnx_cuda,"['CUDAExecutionProvider', 'CPUExecutionProvider']",False,4,11,7,True,True,26,16,39.0,0.09301280975341797,53.0,1095.0,nvml
006397.png,SMALL,onnx_cuda,"['CUDAExecutionProvider', 'CPUExecutionProvider']",False,0,0,0,False,False,12,7,39.0,0.09301280975341797,53.0,1095.0,nvml
006398.png,SMALL,onnx_cuda,"['CUDAExecutionProvider', 'CPUExecutionProvider']",False,0,0,0,False,False,26,4,39.0,0.09301280975341797,53.0,1095.0,nvml
006399.png,SMALL,onnx_cuda,"['CUDAExecutionProvider', 'CPUExecutionProvider']",False,0,0,0,False,False,46,15,39.0,0.09301280975341797,53.0,1095.0,nvml
006400.png,SMALL,onnx_cuda,"['CUDAExecutionProvider', 'CPUExecutionProvider']",False,3,27,3,True,True,30,9,39.0,0.09301280975341797,53.0,1095.0,nvml
006401.png,SMALL,onnx_cuda,"['CUDAExecutionProvider', 'CPUExecutionProvider']",False,0,0,0,False,False,43,15,39.0,0.09301280975341797,53.0,1095.0,nvml
006402.png,SMALL,onnx_cuda,"['CUDAExecutionProvider', 'CPUExecutionProvider']",False,0,0,0,False,False,15,5,39.0,0.09301280975341797,53.0,1095.0,nvml
006403.png,SMALL,onnx_cuda,"['CUDAExecutionProvider', 'CPUExecutionProvider']",False,0,0,0,False,False,30,8,39.0,0.09301280975341797,53.0,1095.0,nvml
006404.png,SMALL,onnx_cuda,"['CUDAExecutionProvider', 'CPUExecutionProvider']",False,0,0,0,False,False,66,11,39.0,0.09301280975341797,53.0,1095.0,nvml
006405.png,SMALL,onnx_cuda,"['CUDAExecutionProvider', 'CPUExecutionProvider']",False,0,0,0,False,False,1,5,39.0,0.09301280975341797,53.0,1095.0,nvml
006406.png,SMALL,onnx_cuda,"['CUDAExecutionProvider', 'CPUExecutionProvider']",False,0,0,1,True,False,9,3,39.0,0.09301280975341797,53.0,1095.0,nvml
006407.png,SMALL,onnx_cuda,"['CUDAExecutionProvider', 'CPUExecutionProvider']",False,0,0,3,True,False,2,11,39.0,0.09301280975341797,53.0,1095.0,nvml
006408.png,SMALL,onnx_cuda,"['CUDAExecutionProvider', 'CPUExecutionProvider']",False,0,0,0,False,False,3,8,39.0,0.09301280975341797,53.0,1095.0,nvml
006409.png,SMALL,onnx_cuda,"['CUDAExecutionProvider', 'CPUExecutionProvider']",False,0,0,0,False,False,28,4,39.0,0.09301280975341797,53.0,1095.0,nvml
006410.png,SMALL,onnx_cuda,"['CUDAExecutionProvider', 'CPUExecutionProvider']",False,0,0,0,False,False,35,9,39.0,0.09301280975341797,53.0,1095.0,nvml
006411.png,SMALL,onnx_cuda,"['CUDAExecutionProvider', 'CPUExecutionProvider']",False,1,9,0,True,True,10,1,39.0,0.09301280975341797,53.0,1095.0,nvml
006412.png,SMALL,onnx_cuda,"['CUDAExecutionProvider', 'CPUExecutionProvider']",False,3,18,1,True,True,21,7,39.0,0.09301280975341797,53.0,1095.0,nvml
006413.png,SMALL,onnx_cuda,"['CUDAExecutionProvider', 'CPUExecutionProvider']",False,0,0,0,False,False,23,6,39.0,0.09301280975341797,53.0,1095.0,nvml
006414.png,SMALL,onnx_cuda,"['CUDAExecutionProvider', 'CPUExecutionProvider']",False,0,0,1,True,False,1,6,39.0,0.09301280975341797,53.0,1095.0,nvml
006415.png,SMALL,onnx_cuda,"['CUDAExecutionProvider', 'CPUExecutionProvider']",False,0,0,2,True,False,0,6,39.0,0.09301280975341797,53.0,1095.0,nvml
006416.png,SMALL,onnx_cuda,"['CUDAExecutionProvider', 'CPUExecutionProvider']",False,0,7,0,False,True,54,13,39.0,0.09301280975341797,53.0,1095.0,nvml
006417.png,SMALL,onnx_cuda,"['CUDAExecutionProvider', 'CPUExecutionProvider']",False,0,0,0,False,False,0,10,39.0,0.09301280975341797,53.0,1095.0,nvml
006418.png,SMALL,onnx_cuda,"['CUDAExecutionProvider', 'CPUExecutionProvider']",False,0,2,0,False,True,34,8,39.0,0.09301280975341797,53.0,1095.0,nvml
006419.png,SMALL,onnx_cuda,"['CUDAExecutionProvider', 'CPUExecutionProvider']",False,0,0,0,False,False,13,5,39.0,0.09301280975341797,53.0,1095.0,nvml
006420.png,SMALL,onnx_cuda,"['CUDAExecutionProvider', 'CPUExecutionProvider']",False,0,0,0,False,False,32,6,39.0,0.09301280975341797,53.0,1095.0,nvml
006421.png,SMALL,onnx_cuda,"['CUDAExecutionProvider', 'CPUExecutionProvider']",False,0,2,0,False,True,22,8,39.0,0.09301280975341797,53.0,1087.0,nvml
006422.png,SMALL,onnx_cuda,"['CUDAExecutionProvider', 'CPUExecutionProvider']",False,7,22,8,True,True,33,20,39.0,0.09301280975341797,53.0,1087.0,nvml
006423.png,SMALL,onnx_cuda,"['CUDAExecutionProvider', 'CPUExecutionProvider']",False,0,3,0,False,True,48,9,39.0,0.09301280975341797,53.0,1087.0,nvml
006424.png,SMALL,onnx_cuda,"['CUDAExecutionProvider', 'CPUExecutionProvider']",False,5,27,4,True,True,52,13,39.0,0.09301280975341797,53.0,1087.0,nvml
006425.png,SMALL,onnx_cuda,"['CUDAExecutionProvider', 'CPUExecutionProvider']",False,0,0,0,False,False,17,4,39.0,0.09301280975341797,53.0,1087.0,nvml
006426.png,SMALL,onnx_cuda,"['CUDAExecutionProvider', 'CPUExecutionProvider']",False,0,0,0,False,False,71,15,39.0,0.09301280975341797,53.0,1087.0,nvml
006427.png,SMALL,onnx_cuda,"['CUDAExecutionProvider', 'CPUExecutionProvider']",False,8,42,1,True,True,75,11,39.0,0.09301280975341797,53.0,1087.0,nvml
006428.png,SMALL,onnx_cuda,"['CUDAExecutionProvider', 'CPUExecutionProvider']",False,0,1,0,False,True,17,6,39.0,0.09301280975341797,53.0,1087.0,nvml
006429.png,SMALL,onnx_cuda,"['CUDAExecutionProvider', 'CPUExecutionProvider']",False,0,0,0,False,False,52,11,39.0,0.09301280975341797,53.0,1087.0,nvml
006430.png,SMALL,onnx_cuda,"['CUDAExecutionProvider', 'CPUExecutionProvider']",False,0,0,0,False,False,41,5,39.0,0.09301280975341797,53.0,1087.0,nvml
006431.png,SMALL,onnx_cuda,"['CUDAExecutionProvider', 'CPUExecutionProvider']",False,3,37,3,True,True,74,16,39.0,0.09301280975341797,53.0,1087.0,nvml
006432.png,SMALL,onnx_cuda,"['CUDAExecutionProvider', 'CPUExecutionProvider']",False,0,0,0,False,False,16,9,39.0,0.09301280975341797,53.0,1087.0,nvml
006433.png,SMALL,onnx_cuda,"['CUDAExecutionProvider', 'CPUExecutionProvider']",False,0,0,3,True,False,3,8,39.0,0.09301280975341797,53.0,1087.0,nvml
006434.png,SMALL,onnx_cuda,"['CUDAExecutionProvider', 'CPUExecutionProvider']",False,1,9,0,True,True,11,1,39.0,0.09301280975341797,53.0,1087.0,nvml
006435.png,SMALL,onnx_cuda,"['CUDAExecutionProvider', 'CPUExecutionProvider']",False,0,0,0,False,False,0,2,39.0,0.09301280975341797,53.0,1087.0,nvml
006436.png,SMALL,onnx_cuda,"['CUDAExecutionProvider', 'CPUExecutionProvider']",False,0,0,0,False,False,13,5,39.0,0.09301280975341797,53.0,1087.0,nvml
006437.png,SMALL,onnx_cuda,"['CUDAExecutionProvider', 'CPUExecutionProvider']",False,0,0,0,False,False,4,4,39.0,0.09301280975341797,53.0,1087.0,nvml
006438.png,SMALL,onnx_cuda,"['CUDAExecutionProvider', 'CPUExecutionProvider']",False,0,0,0,False,False,36,9,39.0,0.09301280975341797,53.0,1087.0,nvml
006439.png,SMALL,onnx_cuda,"['CUDAExecutionProvider', 'CPUExecutionProvider']",False,0,10,0,False,True,14,7,39.0,0.09301280975341797,53.0,1087.0,nvml
006440.png,SMALL,onnx_cuda,"['CUDAExecutionProvider', 'CPUExecutionProvider']",False,0,0,1,True,False,11,3,39.0,0.09301280975341797,53.0,1087.0,nvml
006441.png,SMALL,onnx_cuda,"['CUDAExecutionProvider', 'CPUExecutionProvider']",False,2,11,0,True,True,39,5,40.0,0.09301280975341797,53.0,1087.0,nvml
006442.png,SMALL,onnx_cuda,"['CUDAExecutionProvider', 'CPUExecutionProvider']",False,0,0,0,False,False,4,7,40.0,0.09301280975341797,53.0,1087.0,nvml
006443.png,SMALL,onnx_cuda,"['CUDAExecutionProvider', 'CPUExecutionProvider']",False,0,0,0,False,False,0,7,40.0,0.09301280975341797,53.0,1087.0,nvml
006444.png,SMALL,onnx_cuda,"['CUDAExecutionProvider', 'CPUExecutionProvider']",False,5,38,4,True,True,50,12,40.0,0.09301280975341797,53.0,1087.0,nvml
006445.png,SMALL,onnx_cuda,"['CUDAExecutionProvider', 'CPUExecutionProvider']",False,0,0,0,False,False,30,9,40.0,0.09301280975341797,53.0,1087.0,nvml
006446.png,SMALL,onnx_cuda,"['CUDAExecutionProvider', 'CPUExecutionProvider']",False,0,3,1,True,True,3,5,40.0,0.09301280975341797,53.0,1087.0,nvml
006447.png,SMALL,onnx_cuda,"['CUDAExecutionProvider', 'CPUExecutionProvider']",False,0,0,0,False,False,0,6,40.0,0.09301280975341797,53.0,1087.0,nvml
006448.png,SMALL,onnx_cuda,"['CUDAExecutionProvider', 'CPUExecutionProvider']",False,0,0,0,False,False,34,9,40.0,0.09301280975341797,53.0,1087.0,nvml
006449.png,SMALL,onnx_cuda,"['CUDAExecutionProvider', 'CPUExecutionProvider']",False,0,0,2,True,False,0,10,40.0,0.09301280975341797,53.0,1087.0,nvml
006450.png,SMALL,onnx_cuda,"['CUDAExecutionProvider', 'CPUExecutionProvider']",False,0,0,0,False,False,23,8,40.0,0.09301280975341797,53.0,1087.0,nvml
006451.png,SMALL,onnx_cuda,"['CUDAExecutionProvider', 'CPUExecutionProvider']",False,1,8,0,True,True,9,1,40.0,0.09301280975341797,53.0,1087.0,nvml
006452.png,SMALL,onnx_cuda,"['CUDAExecutionProvider', 'CPUExecutionProvider']",False,0,0,0,False,False,4,4,40.0,0.09301280975341797,53.0,1087.0,nvml
006453.png,SMALL,onnx_cuda,"['CUDAExecutionProvider', 'CPUExecutionProvider']",False,0,15,3,True,True,36,10,40.0,0.09301280975341797,53.0,1087.0,nvml
006454.png,SMALL,onnx_cuda,"['CUDAExecutionProvider', 'CPUExecutionProvider']",False,0,0,0,False,False,31,6,40.0,0.09301280975341797,53.0,1087.0,nvml
006455.png,SMALL,onnx_cuda,"['CUDAExecutionProvider', 'CPUExecutionProvider']",False,0,0,0,False,False,8,2,40.0,0.09301280975341797,53.0,1087.0,nvml
006456.png,SMALL,onnx_cuda,"['CUDAExecutionProvider', 'CPUExecutionProvider']",False,0,0,0,False,False,8,1,40.0,0.09301280975341797,53.0,1087.0,nvml
006457.png,SMALL,onnx_cuda,"['CUDAExecutionProvider', 'CPUExecutionProvider']",False,0,0,0,False,False,9,7,40.0,0.09301280975341797,53.0,1087.0,nvml
006458.png,SMALL,onnx_cuda,"['CUDAExecutionProvider', 'CPUExecutionProvider']",False,1,8,0,True,True,10,1,40.0,0.09301280975341797,53.0,1087.0,nvml
006459.png,SMALL,onnx_cuda,"['CUDAExecutionProvider', 'CPUExecutionProvider']",False,0,2,0,False,True,17,5,40.0,0.09301280975341797,53.0,1087.0,nvml
006460.png,SMALL,onnx_cuda,"['CUDAExecutionProvider', 'CPUExecutionProvider']",False,0,0,1,True,False,0,6,40.0,0.09301280975341797,53.0,1087.0,nvml
006461.png,SMALL,onnx_cuda,"['CUDAExecutionProvider', 'CPUExecutionProvider']",False,0,0,0,False,False,1,8,40.0,0.09301280975341797,53.0,1087.0,nvml
006462.png,SMALL,onnx_cuda,"['CUDAExecutionProvider', 'CPUExecutionProvider']",False,0,0,0,False,False,20,5,40.0,0.09301280975341797,53.0,1087.0,nvml
006463.png,SMALL,onnx_cuda,"['CUDAExecutionProvider', 'CPUExecutionProvider']",False,0,0,0,False,False,40,8,40.0,0.09301280975341797,53.0,1087.0,nvml
006464.png,SMALL,onnx_cuda,"['CUDAExecutionProvider', 'CPUExecutionProvider']",False,0,2,2,True,True,4,6,40.0,0.09301280975341797,53.0,1087.0,nvml
006465.png,SMALL,onnx_cuda,"['CUDAExecutionProvider', 'CPUExecutionProvider']",False,0,0,0,False,False,1,5,40.0,0.09301280975341797,53.0,1087.0,nvml
006466.png,SMALL,onnx_cuda,"['CUDAExecutionProvider', 'CPUExecutionProvider']",False,0,0,0,False,False,0,3,40.0,0.09301280975341797,53.0,1087.0,nvml
006467.png,SMALL,onnx_cuda,"['CUDAExecutionProvider', 'CPUExecutionProvider']",False,2,6,1,True,True,25,9,40.0,0.09301280975341797,53.0,1087.0,nvml
006468.png,SMALL,onnx_cuda,"['CUDAExecutionProvider', 'CPUExecutionProvider']",False,0,0,0,False,False,37,10,40.0,0.09301280975341797,53.0,1087.0,nvml
006469.png,SMALL,onnx_cuda,"['CUDAExecutionProvider', 'CPUExecutionProvider']",False,0,0,0,False,False,31,7,40.0,0.09301280975341797,53.0,1087.0,nvml
006470.png,SMALL,onnx_cuda,"['CUDAExecutionProvider', 'CPUExecutionProvider']",False,0,0,0,False,False,36,6,40.0,0.09301280975341797,53.0,1087.0,nvml
006471.png,SMALL,onnx_cuda,"['CUDAExecutionProvider', 'CPUExecutionProvider']",False,1,8,0,True,True,9,1,40.0,0.09301280975341797,53.0,1087.0,nvml
006472.png,SMALL,onnx_cuda,"['CUDAExecutionProvider', 'CPUExecutionProvider']",False,1,10,0,True,True,11,1,40.0,0.09301280975341797,53.0,1087.0,nvml
006473.png,SMALL,onnx_cuda,"['CUDAExecutionProvider', 'CPUExecutionProvider']",False,1,4,0,True,True,17,7,40.0,0.09301280975341797,53.0,1087.0,nvml
006474.png,SMALL,onnx_cuda,"['CUDAExecutionProvider', 'CPUExecutionProvider']",False,0,27,1,True,True,36,16,40.0,0.09301280975341797,53.0,1087.0,nvml
006475.png,SMALL,onnx_cuda,"['CUDAExecutionProvider', 'CPUExecutionProvider']",False,7,39,4,True,True,49,13,40.0,0.09301280975341797,53.0,1087.0,nvml
006476.png,SMALL,onnx_cuda,"['CUDAExecutionProvider', 'CPUExecutionProvider']",False,0,0,1,True,False,15,4,40.0,0.09301280975341797,53.0,1087.0,nvml
006477.png,SMALL,onnx_cuda,"['CUDAExecutionProvider', 'CPUExecutionProvider']",False,0,0,0,False,False,0,8,40.0,0.09301280975341797,53.0,1087.0,nvml
006478.png,SMALL,onnx_cuda,"['CUDAExecutionProvider', 'CPUExecutionProvider']",False,2,16,2,True,True,38,8,40.0,0.09301280975341797,53.0,1087.0,nvml
006479.png,SMALL,onnx_cuda,"['CUDAExecutionProvider', 'CPUExecutionProvider']",False,1,1,0,True,True,2,7,40.0,0.09301280975341797,53.0,1087.0,nvml
006480.png,SMALL,onnx_cuda,"['CUDAExecutionProvider', 'CPUExecutionProvider']",False,1,7,0,True,True,8,1,40.0,0.09301280975341797,53.0,1087.0,nvml
006481.png,SMALL,onnx_cuda,"['CUDAExecutionProvider', 'CPUExecutionProvider']",False,0,0,0,False,False,14,5,40.0,0.09301280975341797,53.0,1087.0,nvml
006482.png,SMALL,onnx_cuda,"['CUDAExecutionProvider', 'CPUExecutionProvider']",False,0,0,0,False,False,0,6,40.0,0.09301280975341797,53.0,1087.0,nvml
006483.png,SMALL,onnx_cuda,"['CUDAExecutionProvider', 'CPUExecutionProvider']",False,0,0,0,False,False,30,6,40.0,0.09301280975341797,53.0,1087.0,nvml
006484.png,SMALL,onnx_cuda,"['CUDAExecutionProvider', 'CPUExecutionProvider']",False,0,0,1,True,False,9,5,40.0,0.09301280975341797,53.0,1087.0,nvml
006485.png,SMALL,onnx_cuda,"['CUDAExecutionProvider', 'CPUExecutionProvider']",False,0,0,0,False,False,10,2,40.0,0.09301280975341797,53.0,1087.0,nvml
006486.png,SMALL,onnx_cuda,"['CUDAExecutionProvider', 'CPUExecutionProvider']",False,2,19,0,True,True,21,2,40.0,0.09301280975341797,53.0,1087.0,nvml
006487.png,SMALL,onnx_cuda,"['CUDAExecutionProvider', 'CPUExecutionProvider']",False,0,0,0,False,False,22,4,40.0,0.09301280975341797,53.0,1087.0,nvml
006488.png,SMALL,onnx_cuda,"['CUDAExecutionProvider', 'CPUExecutionProvider']",False,9,53,0,True,True,80,11,40.0,0.09301280975341797,53.0,1087.0,nvml
006489.png,SMALL,onnx_cuda,"['CUDAExecutionProvider', 'CPUExecutionProvider']",False,0,0,0,False,False,54,13,40.0,0.09301280975341797,53.0,1087.0,nvml
006490.png,SMALL,onnx_cuda,"['CUDAExecutionProvider', 'CPUExecutionProvider']",False,0,0,0,False,False,8,8,40.0,0.09301280975341797,53.0,1087.0,nvml
006491.png,SMALL,onnx_cuda,"['CUDAExecutionProvider', 'CPUExecutionProvider']",False,0,0,0,False,False,2,6,40.0,0.09301280975341797,53.0,1087.0,nvml
006492.png,SMALL,onnx_cuda,"['CUDAExecutionProvider', 'CPUExecutionProvider']",False,0,0,1,True,False,15,7,40.0,0.09301280975341797,53.0,1087.0,nvml
006493.png,SMALL,onnx_cuda,"['CUDAExecutionProvider', 'CPUExecutionProvider']",False,0,0,0,False,False,23,8,40.0,0.09301280975341797,53.0,1087.0,nvml
006494.png,SMALL,onnx_cuda,"['CUDAExecutionProvider', 'CPUExecutionProvider']",False,0,0,0,False,False,38,10,40.0,0.09301280975341797,53.0,1087.0,nvml
006495.png,SMALL,onnx_cuda,"['CUDAExecutionProvider', 'CPUExecutionProvider']",False,0,0,0,False,False,3,7,40.0,0.09301280975341797,53.0,1087.0,nvml
006496.png,SMALL,onnx_cuda,"['CUDAExecutionProvider', 'CPUExecutionProvider']",False,7,35,0,True,True,60,10,40.0,0.09301280975341797,53.0,1087.0,nvml
006497.png,SMALL,onnx_cuda,"['CUDAExecutionProvider', 'CPUExecutionProvider']",False,0,0,0,False,False,31,11,40.0,0.09301280975341797,53.0,1087.0,nvml
006498.png,SMALL,onnx_cuda,"['CUDAExecutionProvider', 'CPUExecutionProvider']",False,0,3,1,True,True,19,8,40.0,0.09301280975341797,53.0,1087.0,nvml
006499.png,SMALL,onnx_cuda,"['CUDAExecutionProvider', 'CPUExecutionProvider']",False,0,1,0,False,True,22,2,40.0,0.09301280975341797,53.0,1087.0,nvml
006500.png,SMALL,onnx_cuda,"['CUDAExecutionProvider', 'CPUExecutionProvider']",False,0,2,1,True,True,2,8,40.0,0.09301280975341797,53.0,1087.0,nvml
006501.png,SMALL,onnx_cuda,"['CUDAExecutionProvider', 'CPUExecutionProvider']",False,0,0,0,False,False,0,5,40.0,0.09301280975341797,53.0,1087.0,nvml
006502.png,SMALL,onnx_cuda,"['CUDAExecutionProvider', 'CPUExecutionProvider']",False,1,7,0,True,True,9,1,40.0,0.09301280975341797,53.0,1087.0,nvml
006503.png,SMALL,onnx_cuda,"['CUDAExecutionProvider', 'CPUExecutionProvider']",False,0,0,1,True,False,27,6,40.0,0.09301280975341797,53.0,1087.0,nvml
006504.png,SMALL,onnx_cuda,"['CUDAExecutionProvider', 'CPUExecutionProvider']",False,0,0,0,False,False,27,4,40.0,0.09301280975341797,53.0,1087.0,nvml
006505.png,SMALL,onnx_cuda,"['CUDAExecutionProvider', 'CPUExecutionProvider']",False,0,0,0,False,False,15,5,40.0,0.09301280975341797,53.0,1087.0,nvml
006506.png,SMALL,onnx_cuda,"['CUDAExecutionProvider', 'CPUExecutionProvider']",False,0,0,0,False,False,16,6,40.0,0.09301280975341797,53.0,1087.0,nvml
006507.png,SMALL,onnx_cuda,"['CUDAExecutionProvider', 'CPUExecutionProvider']",False,0,0,0,False,False,9,6,40.0,0.09301280975341797,53.0,1087.0,nvml
006508.png,SMALL,onnx_cuda,"['CUDAExecutionProvider', 'CPUExecutionProvider']",False,1,1,0,True,True,31,7,40.0,0.09301280975341797,53.0,1087.0,nvml
006509.png,SMALL,onnx_cuda,"['CUDAExecutionProvider', 'CPUExecutionProvider']",False,0,0,0,False,False,28,4,40.0,0.09301280975341797,53.0,1087.0,nvml
006510.png,SMALL,onnx_cuda,"['CUDAExecutionProvider', 'CPUExecutionProvider']",False,0,0,0,False,False,0,2,40.0,0.09301280975341797,53.0,1087.0,nvml
006511.png,SMALL,onnx_cuda,"['CUDAExecutionProvider', 'CPUExecutionProvider']",False,1,3,3,True,True,32,10,40.0,0.09301280975341797,53.0,1080.0,nvml
006512.png,SMALL,onnx_cuda,"['CUDAExecutionProvider', 'CPUExecutionProvider']",False,0,0,0,False,False,0,5,40.0,0.09301280975341797,53.0,1080.0,nvml
006513.png,SMALL,onnx_cuda,"['CUDAExecutionProvider', 'CPUExecutionProvider']",False,0,0,0,False,False,37,8,40.0,0.09301280975341797,53.0,1080.0,nvml
006514.png,SMALL,onnx_cuda,"['CUDAExecutionProvider', 'CPUExecutionProvider']",False,0,0,0,False,False,4,5,40.0,0.09301280975341797,53.0,1080.0,nvml
006515.png,SMALL,onnx_cuda,"['CUDAExecutionProvider', 'CPUExecutionProvider']",False,0,1,0,False,True,33,5,40.0,0.09301280975341797,53.0,1080.0,nvml
006516.png,SMALL,onnx_cuda,"['CUDAExecutionProvider', 'CPUExecutionProvider']",False,0,0,0,False,False,12,4,40.0,0.09301280975341797,53.0,1080.0,nvml
006517.png,SMALL,onnx_cuda,"['CUDAExecutionProvider', 'CPUExecutionProvider']",False,0,0,2,True,False,17,6,40.0,0.09301280975341797,53.0,1080.0,nvml
006518.png,SMALL,onnx_cuda,"['CUDAExecutionProvider', 'CPUExecutionProvider']",False,0,0,0,False,False,1,3,40.0,0.09301280975341797,53.0,1080.0,nvml
006519.png,SMALL,onnx_cuda,"['CUDAExecutionProvider', 'CPUExecutionProvider']",False,0,11,3,True,True,48,12,40.0,0.09301280975341797,53.0,1080.0,nvml
006520.png,SMALL,onnx_cuda,"['CUDAExecutionProvider', 'CPUExecutionProvider']",False,0,0,0,False,False,51,10,39.0,0.09301280975341797,53.0,1080.0,nvml
006521.png,SMALL,onnx_cuda,"['CUDAExecutionProvider', 'CPUExecutionProvider']",False,0,0,0,False,False,11,1,39.0,0.09301280975341797,53.0,1080.0,nvml
006522.png,SMALL,onnx_cuda,"['CUDAExecutionProvider', 'CPUExecutionProvider']",False,0,2,2,True,True,5,7,39.0,0.09301280975341797,53.0,1080.0,nvml
006523.png,SMALL,onnx_cuda,"['CUDAExecutionProvider', 'CPUExecutionProvider']",False,0,0,0,False,False,49,14,39.0,0.09301280975341797,53.0,1080.0,nvml
006524.png,SMALL,onnx_cuda,"['CUDAExecutionProvider', 'CPUExecutionProvider']",False,0,0,0,False,False,9,4,39.0,0.09301280975341797,53.0,1080.0,nvml
006525.png,SMALL,onnx_cuda,"['CUDAExecutionProvider', 'CPUExecutionProvider']",False,0,10,1,True,True,38,8,39.0,0.09301280975341797,53.0,1080.0,nvml
006526.png,SMALL,onnx_cuda,"['CUDAExecutionProvider', 'CPUExecutionProvider']",False,0,0,0,False,False,28,8,39.0,0.09301280975341797,53.0,1080.0,nvml
006527.png,SMALL,onnx_cuda,"['CUDAExecutionProvider', 'CPUExecutionProvider']",False,0,0,0,False,False,45,13,39.0,0.09301280975341797,53.0,1080.0,nvml
006528.png,SMALL,onnx_cuda,"['CUDAExecutionProvider', 'CPUExecutionProvider']",False,0,18,6,True,True,27,14,39.0,0.09301280975341797,53.0,1080.0,nvml
006529.png,SMALL,onnx_cuda,"['CUDAExecutionProvider', 'CPUExecutionProvider']",False,0,0,0,False,False,8,6,39.0,0.09301280975341797,53.0,1080.0,nvml
006530.png,SMALL,onnx_cuda,"['CUDAExecutionProvider', 'CPUExecutionProvider']",False,0,0,0,False,False,18,7,37.0,0.09301280975341797,53.0,1072.0,nvml
006531.png,SMALL,onnx_cuda,"['CUDAExecutionProvider', 'CPUExecutionProvider']",False,0,0,0,False,False,31,7,37.0,0.09301280975341797,53.0,1072.0,nvml
006532.png,SMALL,onnx_cuda,"['CUDAExecutionProvider', 'CPUExecutionProvider']",False,0,0,0,False,False,45,10,37.0,0.09301280975341797,53.0,1072.0,nvml
006533.png,SMALL,onnx_cuda,"['CUDAExecutionProvider', 'CPUExecutionProvider']",False,0,0,0,False,False,1,6,37.0,0.09301280975341797,53.0,1072.0,nvml
006534.png,SMALL,onnx_cuda,"['CUDAExecutionProvider', 'CPUExecutionProvider']",False,1,10,0,True,True,23,5,37.0,0.09301280975341797,53.0,1072.0,nvml
006535.png,SMALL,onnx_cuda,"['CUDAExecutionProvider', 'CPUExecutionProvider']",False,0,0,0,False,False,45,11,37.0,0.09301280975341797,53.0,1072.0,nvml
006536.png,SMALL,onnx_cuda,"['CUDAExecutionProvider', 'CPUExecutionProvider']",False,1,9,0,True,True,23,9,37.0,0.09301280975341797,53.0,1072.0,nvml
006537.png,SMALL,onnx_cuda,"['CUDAExecutionProvider', 'CPUExecutionProvider']",False,0,0,0,False,False,10,4,37.0,0.09301280975341797,53.0,1072.0,nvml
006538.png,SMALL,onnx_cuda,"['CUDAExecutionProvider', 'CPUExecutionProvider']",False,0,0,0,False,False,31,10,37.0,0.09301280975341797,53.0,1072.0,nvml
006539.png,SMALL,onnx_cuda,"['CUDAExecutionProvider', 'CPUExecutionProvider']",False,4,48,1,True,True,60,9,37.0,0.09301280975341797,53.0,1072.0,nvml
006540.png,SMALL,onnx_cuda,"['CUDAExecutionProvider', 'CPUExecutionProvider']",False,0,0,0,False,False,27,4,40.0,0.09301280975341797,53.0,1072.0,nvml
006541.png,SMALL,onnx_cuda,"['CUDAExecutionProvider', 'CPUExecutionProvider']",False,0,0,0,False,False,0,3,40.0,0.09301280975341797,53.0,1072.0,nvml
006542.png,SMALL,onnx_cuda,"['CUDAExecutionProvider', 'CPUExecutionProvider']",False,0,2,0,False,True,10,7,40.0,0.09301280975341797,53.0,1072.0,nvml
006543.png,SMALL,onnx_cuda,"['CUDAExecutionProvider', 'CPUExecutionProvider']",False,0,0,0,False,False,34,8,40.0,0.09301280975341797,53.0,1072.0,nvml
006544.png,SMALL,onnx_cuda,"['CUDAExecutionProvider', 'CPUExecutionProvider']",False,0,0,0,False,False,0,5,40.0,0.09301280975341797,53.0,1072.0,nvml
006545.png,SMALL,onnx_cuda,"['CUDAExecutionProvider', 'CPUExecutionProvider']",False,0,0,0,False,False,10,5,40.0,0.09301280975341797,53.0,1072.0,nvml
006546.png,SMALL,onnx_cuda,"['CUDAExecutionProvider', 'CPUExecutionProvider']",False,0,0,1,True,False,11,3,40.0,0.09301280975341797,53.0,1072.0,nvml
006547.png,SMALL,onnx_cuda,"['CUDAExecutionProvider', 'CPUExecutionProvider']",False,0,0,0,False,False,12,5,40.0,0.09301280975341797,53.0,1072.0,nvml
006548.png,SMALL,onnx_cuda,"['CUDAExecutionProvider', 'CPUExecutionProvider']",False,0,0,0,False,False,22,6,40.0,0.09301280975341797,53.0,1072.0,nvml
006549.png,SMALL,onnx_cuda,"['CUDAExecutionProvider', 'CPUExecutionProvider']",False,0,0,0,False,False,63,16,40.0,0.09301280975341797,53.0,1072.0,nvml
006550.png,SMALL,onnx_cuda,"['CUDAExecutionProvider', 'CPUExecutionProvider']",False,0,0,0,False,False,17,3,40.0,0.09301280975341797,53.0,1072.0,nvml
006551.png,SMALL,onnx_cuda,"['CUDAExecutionProvider', 'CPUExecutionProvider']",False,0,1,0,False,True,10,6,40.0,0.09301280975341797,53.0,1072.0,nvml
006552.png,SMALL,onnx_cuda,"['CUDAExecutionProvider', 'CPUExecutionProvider']",False,4,33,0,True,True,37,4,40.0,0.09301280975341797,53.0,1072.0,nvml
006553.png,SMALL,onnx_cuda,"['CUDAExecutionProvider', 'CPUExecutionProvider']",False,0,0,0,False,False,10,4,40.0,0.09301280975341797,53.0,1072.0,nvml
006554.png,SMALL,onnx_cuda,"['CUDAExecutionProvider', 'CPUExecutionProvider']",False,0,0,0,False,False,16,3,40.0,0.09301280975341797,53.0,1072.0,nvml
006555.png,SMALL,onnx_cuda,"['CUDAExecutionProvider', 'CPUExecutionProvider']",False,0,1,0,False,True,1,3,40.0,0.09301280975341797,53.0,1072.0,nvml
006556.png,SMALL,onnx_cuda,"['CUDAExecutionProvider', 'CPUExecutionProvider']",False,1,0,0,True,True,20,4,40.0,0.09301280975341797,53.0,1072.0,nvml
006557.png,SMALL,onnx_cuda,"['CUDAExecutionProvider', 'CPUExecutionProvider']",False,0,1,0,False,True,41,8,40.0,0.09301280975341797,53.0,1072.0,nvml
006558.png,SMALL,onnx_cuda,"['CUDAExecutionProvider', 'CPUExecutionProvider']",False,0,0,0,False,False,21,2,40.0,0.09301280975341797,53.0,1072.0,nvml
006559.png,SMALL,onnx_cuda,"['CUDAExecutionProvider', 'CPUExecutionProvider']",False,0,0,0,False,False,45,15,40.0,0.09301280975341797,53.0,1072.0,nvml
006560.png,SMALL,onnx_cuda,"['CUDAExecutionProvider', 'CPUExecutionProvider']",False,0,0,0,False,False,15,6,40.0,0.09301280975341797,53.0,1072.0,nvml
006561.png,SMALL,onnx_cuda,"['CUDAExecutionProvider', 'CPUExecutionProvider']",False,0,0,0,False,False,11,7,40.0,0.09301280975341797,53.0,1072.0,nvml
006562.png,SMALL,onnx_cuda,"['CUDAExecutionProvider', 'CPUExecutionProvider']",False,0,0,0,False,False,32,16,40.0,0.09301280975341797,53.0,1072.0,nvml
006563.png,SMALL,onnx_cuda,"['CUDAExecutionProvider', 'CPUExecutionProvider']",False,0,0,0,False,False,11,4,40.0,0.09301280975341797,53.0,1072.0,nvml
006564.png,SMALL,onnx_cuda,"['CUDAExecutionProvider', 'CPUExecutionProvider']",False,1,1,1,True,True,21,12,40.0,0.09301280975341797,53.0,1072.0,nvml
006565.png,SMALL,onnx_cuda,"['CUDAExecutionProvider', 'CPUExecutionProvider']",False,0,0,0,False,False,2,5,40.0,0.09301280975341797,53.0,1072.0,nvml
006566.png,SMALL,onnx_cuda,"['CUDAExecutionProvider', 'CPUExecutionProvider']",False,0,0,0,False,False,0,2,40.0,0.09301280975341797,53.0,1072.0,nvml
006567.png,SMALL,onnx_cuda,"['CUDAExecutionProvider', 'CPUExecutionProvider']",False,0,0,0,False,False,27,8,40.0,0.09301280975341797,53.0,1072.0,nvml
006568.png,SMALL,onnx_cuda,"['CUDAExecutionProvider', 'CPUExecutionProvider']",False,0,0,0,False,False,55,11,40.0,0.09301280975341797,53.0,1072.0,nvml
006569.png,SMALL,onnx_cuda,"['CUDAExecutionProvider', 'CPUExecutionProvider']",False,0,0,0,False,False,14,8,40.0,0.09301280975341797,53.0,1072.0,nvml
006570.png,SMALL,onnx_cuda,"['CUDAExecutionProvider', 'CPUExecutionProvider']",False,0,0,1,True,False,2,7,40.0,0.09301280975341797,53.0,1072.0,nvml
006571.png,SMALL,onnx_cuda,"['CUDAExecutionProvider', 'CPUExecutionProvider']",False,0,3,0,False,True,17,7,40.0,0.09301280975341797,53.0,1072.0,nvml
006572.png,SMALL,onnx_cuda,"['CUDAExecutionProvider', 'CPUExecutionProvider']",False,1,0,0,True,True,22,3,40.0,0.09301280975341797,53.0,1072.0,nvml
006573.png,SMALL,onnx_cuda,"['CUDAExecutionProvider', 'CPUExecutionProvider']",False,1,7,0,True,True,8,1,40.0,0.09301280975341797,53.0,1072.0,nvml
006574.png,SMALL,onnx_cuda,"['CUDAExecutionProvider', 'CPUExecutionProvider']",False,0,0,1,True,False,10,3,40.0,0.09301280975341797,53.0,1072.0,nvml
006575.png,SMALL,onnx_cuda,"['CUDAExecutionProvider', 'CPUExecutionProvider']",False,1,10,0,True,True,11,1,40.0,0.09301280975341797,53.0,1072.0,nvml
006576.png,SMALL,onnx_cuda,"['CUDAExecutionProvider', 'CPUExecutionProvider']",False,0,0,0,False,False,26,5,40.0,0.09301280975341797,53.0,1072.0,nvml
006577.png,SMALL,onnx_cuda,"['CUDAExecutionProvider', 'CPUExecutionProvider']",False,0,0,0,False,False,3,4,40.0,0.09301280975341797,53.0,1072.0,nvml
006578.png,SMALL,onnx_cuda,"['CUDAExecutionProvider', 'CPUExecutionProvider']",False,6,44,3,True,True,50,11,40.0,0.09301280975341797,53.0,1072.0,nvml
006579.png,SMALL,onnx_cuda,"['CUDAExecutionProvider', 'CPUExecutionProvider']",False,1,2,0,True,True,3,1,40.0,0.09301280975341797,53.0,1072.0,nvml
006580.png,SMALL,onnx_cuda,"['CUDAExecutionProvider', 'CPUExecutionProvider']",False,0,0,0,False,False,10,1,40.0,0.09301280975341797,53.0,1072.0,nvml
006581.png,SMALL,onnx_cuda,"['CUDAExecutionProvider', 'CPUExecutionProvider']",False,0,0,0,False,False,20,4,40.0,0.09301280975341797,53.0,1072.0,nvml
006582.png,SMALL,onnx_cuda,"['CUDAExecutionProvider', 'CPUExecutionProvider']",False,0,4,0,False,True,5,2,40.0,0.09301280975341797,53.0,1072.0,nvml
006583.png,SMALL,onnx_cuda,"['CUDAExecutionProvider', 'CPUExecutionProvider']",False,11,57,7,True,True,78,20,40.0,0.09301280975341797,53.0,1072.0,nvml
006584.png,SMALL,onnx_cuda,"['CUDAExecutionProvider', 'CPUExecutionProvider']",False,0,0,0,False,False,10,1,40.0,0.09301280975341797,53.0,1072.0,nvml
006585.png,SMALL,onnx_cuda,"['CUDAExecutionProvider', 'CPUExecutionProvider']",False,1,8,0,True,True,11,1,40.0,0.09301280975341797,53.0,1072.0,nvml
006586.png,SMALL,onnx_cuda,"['CUDAExecutionProvider', 'CPUExecutionProvider']",False,0,0,0,False,False,11,5,40.0,0.09301280975341797,53.0,1072.0,nvml
006587.png,SMALL,onnx_cuda,"['CUDAExecutionProvider', 'CPUExecutionProvider']",False,0,0,0,False,False,44,9,40.0,0.09301280975341797,53.0,1072.0,nvml
006588.png,SMALL,onnx_cuda,"['CUDAExecutionProvider', 'CPUExecutionProvider']",False,0,0,0,False,False,42,8,40.0,0.09301280975341797,53.0,1072.0,nvml
006589.png,SMALL,onnx_cuda,"['CUDAExecutionProvider', 'CPUExecutionProvider']",False,1,6,1,True,True,78,20,40.0,0.09301280975341797,53.0,1072.0,nvml
006590.png,SMALL,onnx_cuda,"['CUDAExecutionProvider', 'CPUExecutionProvider']",False,0,0,0,False,False,13,6,40.0,0.09301280975341797,53.0,1072.0,nvml
006591.png,SMALL,onnx_cuda,"['CUDAExecutionProvider', 'CPUExecutionProvider']",False,0,0,0,False,False,10,3,40.0,0.09301280975341797,53.0,1072.0,nvml
006592.png,SMALL,onnx_cuda,"['CUDAExecutionProvider', 'CPUExecutionProvider']",False,0,0,0,False,False,11,2,40.0,0.09301280975341797,53.0,1072.0,nvml
006593.png,SMALL,onnx_cuda,"['CUDAExecutionProvider', 'CPUExecutionProvider']",False,0,0,0,False,False,13,6,40.0,0.09301280975341797,53.0,1072.0,nvml
006594.png,SMALL,onnx_cuda,"['CUDAExecutionProvider', 'CPUExecutionProvider']",False,0,0,0,False,False,38,12,40.0,0.09301280975341797,53.0,1072.0,nvml
006595.png,SMALL,onnx_cuda,"['CUDAExecutionProvider', 'CPUExecutionProvider']",False,0,0,0,False,False,43,14,40.0,0.09301280975341797,53.0,1072.0,nvml
006596.png,SMALL,onnx_cuda,"['CUDAExecutionProvider', 'CPUExecutionProvider']",False,0,0,0,False,False,0,3,40.0,0.09301280975341797,53.0,1072.0,nvml
006597.png,SMALL,onnx_cuda,"['CUDAExecutionProvider', 'CPUExecutionProvider']",False,0,0,3,True,False,24,11,40.0,0.09301280975341797,53.0,1072.0,nvml
006598.png,SMALL,onnx_cuda,"['CUDAExecutionProvider', 'CPUExecutionProvider']",False,0,0,0,False,False,58,14,40.0,0.09301280975341797,53.0,1072.0,nvml
006599.png,SMALL,onnx_cuda,"['CUDAExecutionProvider', 'CPUExecutionProvider']",False,0,0,0,False,False,9,5,40.0,0.09301280975341797,53.0,1072.0,nvml
006600.png,SMALL,onnx_cuda,"['CUDAExecutionProvider', 'CPUExecutionProvider']",False,0,0,1,True,False,22,4,40.0,0.09301280975341797,53.0,1072.0,nvml
006601.png,SMALL,onnx_cuda,"['CUDAExecutionProvider', 'CPUExecutionProvider']",False,0,0,0,False,False,3,4,40.0,0.09301280975341797,53.0,1072.0,nvml
006602.png,SMALL,onnx_cuda,"['CUDAExecutionProvider', 'CPUExecutionProvider']",False,0,0,0,False,False,57,13,40.0,0.09301280975341797,53.0,1072.0,nvml
006603.png,SMALL,onnx_cuda,"['CUDAExecutionProvider', 'CPUExecutionProvider']",False,0,2,1,True,True,13,4,40.0,0.09301280975341797,53.0,1072.0,nvml
006604.png,SMALL,onnx_cuda,"['CUDAExecutionProvider', 'CPUExecutionProvider']",False,0,21,1,True,True,27,5,40.0,0.09301280975341797,53.0,1072.0,nvml
006605.png,SMALL,onnx_cuda,"['CUDAExecutionProvider', 'CPUExecutionProvider']",False,4,26,3,True,True,31,9,40.0,0.09301280975341797,53.0,1072.0,nvml
006606.png,SMALL,onnx_cuda,"['CUDAExecutionProvider', 'CPUExecutionProvider']",False,0,0,0,False,False,0,2,40.0,0.09301280975341797,53.0,1072.0,nvml
006607.png,SMALL,onnx_cuda,"['CUDAExecutionProvider', 'CPUExecutionProvider']",False,0,0,0,False,False,9,2,40.0,0.09301280975341797,53.0,1072.0,nvml
006608.png,SMALL,onnx_cuda,"['CUDAExecutionProvider', 'CPUExecutionProvider']",False,4,21,4,True,True,39,18,40.0,0.09301280975341797,53.0,1072.0,nvml
006609.png,SMALL,onnx_cuda,"['CUDAExecutionProvider', 'CPUExecutionProvider']",False,0,0,0,False,False,8,1,40.0,0.09301280975341797,53.0,1072.0,nvml
006610.png,SMALL,onnx_cuda,"['CUDAExecutionProvider', 'CPUExecutionProvider']",False,0,0,0,False,False,0,4,40.0,0.09301280975341797,53.0,1072.0,nvml
006611.png,SMALL,onnx_cuda,"['CUDAExecutionProvider', 'CPUExecutionProvider']",False,0,0,2,True,False,37,9,40.0,0.09301280975341797,53.0,1072.0,nvml
006612.png,SMALL,onnx_cuda,"['CUDAExecutionProvider', 'CPUExecutionProvider']",False,0,0,2,True,False,44,12,40.0,0.09301280975341797,53.0,1072.0,nvml
006613.png,SMALL,onnx_cuda,"['CUDAExecutionProvider', 'CPUExecutionProvider']",False,3,23,4,True,True,37,9,40.0,0.09301280975341797,53.0,1072.0,nvml
006614.png,SMALL,onnx_cuda,"['CUDAExecutionProvider', 'CPUExecutionProvider']",False,0,0,0,False,False,9,6,40.0,0.09301280975341797,53.0,1072.0,nvml
006615.png,SMALL,onnx_cuda,"['CUDAExecutionProvider', 'CPUExecutionProvider']",False,0,0,0,False,False,0,2,40.0,0.09301280975341797,53.0,1072.0,nvml
006616.png,SMALL,onnx_cuda,"['CUDAExecutionProvider', 'CPUExecutionProvider']",False,0,0,0,False,False,4,7,40.0,0.09301280975341797,53.0,1072.0,nvml
006617.png,SMALL,onnx_cuda,"['CUDAExecutionProvider', 'CPUExecutionProvider']",False,1,4,1,True,True,5,7,40.0,0.09301280975341797,53.0,1072.0,nvml
006618.png,SMALL,onnx_cuda,"['CUDAExecutionProvider', 'CPUExecutionProvider']",False,0,0,0,False,False,13,5,40.0,0.09301280975341797,53.0,1072.0,nvml
006619.png,SMALL,onnx_cuda,"['CUDAExecutionProvider', 'CPUExecutionProvider']",False,0,0,0,False,False,3,6,40.0,0.09301280975341797,53.0,1072.0,nvml
006620.png,SMALL,onnx_cuda,"['CUDAExecutionProvider', 'CPUExecutionProvider']",False,0,0,0,False,False,0,7,40.0,0.09301280975341797,53.0,1072.0,nvml
006621.png,SMALL,onnx_cuda,"['CUDAExecutionProvider', 'CPUExecutionProvider']",False,0,0,0,False,False,0,7,40.0,0.09301280975341797,53.0,1072.0,nvml
006622.png,SMALL,onnx_cuda,"['CUDAExecutionProvider', 'CPUExecutionProvider']",False,0,0,0,False,False,48,12,40.0,0.09301280975341797,53.0,1072.0,nvml
006623.png,SMALL,onnx_cuda,"['CUDAExecutionProvider', 'CPUExecutionProvider']",False,0,0,4,True,False,20,9,40.0,0.09301280975341797,53.0,1072.0,nvml
006624.png,SMALL,onnx_cuda,"['CUDAExecutionProvider', 'CPUExecutionProvider']",False,0,0,0,False,False,33,9,40.0,0.09301280975341797,53.0,1072.0,nvml
006625.png,SMALL,onnx_cuda,"['CUDAExecutionProvider', 'CPUExecutionProvider']",False,0,0,0,False,False,26,14,40.0,0.09301280975341797,53.0,1072.0,nvml
006626.png,SMALL,onnx_cuda,"['CUDAExecutionProvider', 'CPUExecutionProvider']",False,0,0,0,False,False,0,3,40.0,0.09301280975341797,53.0,1072.0,nvml
006627.png,SMALL,onnx_cuda,"['CUDAExecutionProvider', 'CPUExecutionProvider']",False,2,2,2,True,True,21,8,40.0,0.09301280975341797,53.0,1072.0,nvml
006628.png,SMALL,onnx_cuda,"['CUDAExecutionProvider', 'CPUExecutionProvider']",False,1,17,0,True,True,35,8,40.0,0.09301280975341797,53.0,1072.0,nvml
006629.png,SMALL,onnx_cuda,"['CUDAExecutionProvider', 'CPUExecutionProvider']",False,0,0,1,True,False,33,9,40.0,0.09301280975341797,53.0,1072.0,nvml
006630.png,SMALL,onnx_cuda,"['CUDAExecutionProvider', 'CPUExecutionProvider']",False,0,0,0,False,False,24,10,40.0,0.09301280975341797,53.0,1072.0,nvml
006631.png,SMALL,onnx_cuda,"['CUDAExecutionProvider', 'CPUExecutionProvider']",False,0,0,0,False,False,11,6,40.0,0.09301280975341797,53.0,1072.0,nvml
006632.png,SMALL,onnx_cuda,"['CUDAExecutionProvider', 'CPUExecutionProvider']",False,1,1,0,True,True,29,9,40.0,0.09301280975341797,53.0,1072.0,nvml
006633.png,SMALL,onnx_cuda,"['CUDAExecutionProvider', 'CPUExecutionProvider']",False,0,0,0,False,False,10,6,40.0,0.09301280975341797,53.0,1072.0,nvml
006634.png,SMALL,onnx_cuda,"['CUDAExecutionProvider', 'CPUExecutionProvider']",False,0,0,0,False,False,11,5,40.0,0.09301280975341797,53.0,1072.0,nvml
006635.png,SMALL,onnx_cuda,"['CUDAExecutionProvider', 'CPUExecutionProvider']",False,0,0,1,True,False,6,8,40.0,0.09301280975341797,53.0,1072.0,nvml
006636.png,SMALL,onnx_cuda,"['CUDAExecutionProvider', 'CPUExecutionProvider']",False,0,0,0,False,False,7,5,40.0,0.09301280975341797,53.0,1072.0,nvml
006637.png,SMALL,onnx_cuda,"['CUDAExecutionProvider', 'CPUExecutionProvider']",False,0,1,0,False,True,32,11,40.0,0.09301280975341797,53.0,1072.0,nvml
006638.png,SMALL,onnx_cuda,"['CUDAExecutionProvider', 'CPUExecutionProvider']",False,0,0,0,False,False,59,10,40.0,0.09301280975341797,53.0,1072.0,nvml
006639.png,SMALL,onnx_cuda,"['CUDAExecutionProvider', 'CPUExecutionProvider']",False,0,8,1,True,True,69,15,40.0,0.09301280975341797,53.0,1072.0,nvml
006640.png,SMALL,onnx_cuda,"['CUDAExecutionProvider', 'CPUExecutionProvider']",False,0,0,0,False,False,16,8,40.0,0.09301280975341797,53.0,1072.0,nvml
006641.png,SMALL,onnx_cuda,"['CUDAExecutionProvider', 'CPUExecutionProvider']",False,0,0,0,False,False,0,1,40.0,0.09301280975341797,53.0,1072.0,nvml
006642.png,SMALL,onnx_cuda,"['CUDAExecutionProvider', 'CPUExecutionProvider']",False,0,0,1,True,False,30,10,40.0,0.09301280975341797,53.0,1072.0,nvml
006643.png,SMALL,onnx_cuda,"['CUDAExecutionProvider', 'CPUExecutionProvider']",False,0,0,0,False,False,0,6,40.0,0.09301280975341797,53.0,1072.0,nvml
006644.png,SMALL,onnx_cuda,"['CUDAExecutionProvider', 'CPUExecutionProvider']",False,0,0,0,False,False,22,5,40.0,0.09301280975341797,53.0,1072.0,nvml
006645.png,SMALL,onnx_cuda,"['CUDAExecutionProvider', 'CPUExecutionProvider']",False,1,9,2,True,True,12,6,40.0,0.09301280975341797,53.0,1072.0,nvml
006646.png,SMALL,onnx_cuda,"['CUDAExecutionProvider', 'CPUExecutionProvider']",False,0,0,0,False,False,20,4,40.0,0.09301280975341797,53.0,1072.0,nvml
006647.png,SMALL,onnx_cuda,"['CUDAExecutionProvider', 'CPUExecutionProvider']",False,0,0,1,True,False,19,7,40.0,0.09301280975341797,53.0,1072.0,nvml
006648.png,SMALL,onnx_cuda,"['CUDAExecutionProvider', 'CPUExecutionProvider']",False,0,3,0,False,True,45,17,40.0,0.09301280975341797,53.0,1072.0,nvml
006649.png,SMALL,onnx_cuda,"['CUDAExecutionProvider', 'CPUExecutionProvider']",False,0,0,1,True,False,44,10,40.0,0.09301280975341797,53.0,1072.0,nvml
006650.png,SMALL,onnx_cuda,"['CUDAExecutionProvider', 'CPUExecutionProvider']",False,0,0,3,True,False,9,5,40.0,0.09301280975341797,53.0,1072.0,nvml
006651.png,SMALL,onnx_cuda,"['CUDAExecutionProvider', 'CPUExecutionProvider']",False,0,0,1,True,False,11,6,40.0,0.09301280975341797,53.0,1072.0,nvml
006652.png,SMALL,onnx_cuda,"['CUDAExecutionProvider', 'CPUExecutionProvider']",False,1,8,0,True,True,9,1,40.0,0.09301280975341797,53.0,1072.0,nvml
006653.png,SMALL,onnx_cuda,"['CUDAExecutionProvider', 'CPUExecutionProvider']",False,1,9,0,True,True,10,1,40.0,0.09301280975341797,53.0,1072.0,nvml
006654.png,SMALL,onnx_cuda,"['CUDAExecutionProvider', 'CPUExecutionProvider']",False,0,3,0,False,True,26,2,40.0,0.09301280975341797,53.0,1072.0,nvml
006655.png,SMALL,onnx_cuda,"['CUDAExecutionProvider', 'CPUExecutionProvider']",False,0,0,0,False,False,34,13,40.0,0.09301280975341797,53.0,1072.0,nvml
006656.png,SMALL,onnx_cuda,"['CUDAExecutionProvider', 'CPUExecutionProvider']",False,1,10,0,True,True,11,1,40.0,0.09301280975341797,53.0,1072.0,nvml
006657.png,SMALL,onnx_cuda,"['CUDAExecutionProvider', 'CPUExecutionProvider']",False,0,0,3,True,False,10,5,40.0,0.09301280975341797,53.0,1072.0,nvml
006658.png,SMALL,onnx_cuda,"['CUDAExecutionProvider', 'CPUExecutionProvider']",False,0,10,0,False,True,40,6,40.0,0.09301280975341797,53.0,1072.0,nvml
006659.png,SMALL,onnx_cuda,"['CUDAExecutionProvider', 'CPUExecutionProvider']",False,0,0,1,True,False,34,8,40.0,0.09301280975341797,53.0,1072.0,nvml
006660.png,SMALL,onnx_cuda,"['CUDAExecutionProvider', 'CPUExecutionProvider']",False,0,0,0,False,False,66,14,40.0,0.09301280975341797,53.0,1072.0,nvml
006661.png,SMALL,onnx_cuda,"['CUDAExecutionProvider', 'CPUExecutionProvider']",False,1,9,0,True,True,10,1,40.0,0.09301280975341797,53.0,1072.0,nvml
006662.png,SMALL,onnx_cuda,"['CUDAExecutionProvider', 'CPUExecutionProvider']",False,0,0,0,False,False,38,12,40.0,0.09301280975341797,53.0,1072.0,nvml
006663.png,SMALL,onnx_cuda,"['CUDAExecutionProvider', 'CPUExecutionProvider']",False,0,0,0,False,False,57,10,40.0,0.09301280975341797,53.0,1072.0,nvml
006664.png,SMALL,onnx_cuda,"['CUDAExecutionProvider', 'CPUExecutionProvider']",False,0,0,0,False,False,8,6,40.0,0.09301280975341797,53.0,1072.0,nvml
006665.png,SMALL,onnx_cuda,"['CUDAExecutionProvider', 'CPUExecutionProvider']",False,0,0,0,False,False,42,7,40.0,0.09301280975341797,53.0,1072.0,nvml
006666.png,SMALL,onnx_cuda,"['CUDAExecutionProvider', 'CPUExecutionProvider']",False,1,11,0,True,True,12,1,40.0,0.09301280975341797,53.0,1072.0,nvml
006667.png,SMALL,onnx_cuda,"['CUDAExecutionProvider', 'CPUExecutionProvider']",False,0,0,0,False,False,21,7,40.0,0.09301280975341797,53.0,1072.0,nvml
006668.png,SMALL,onnx_cuda,"['CUDAExecutionProvider', 'CPUExecutionProvider']",False,0,0,0,False,False,0,2,40.0,0.09301280975341797,53.0,1072.0,nvml
006669.png,SMALL,onnx_cuda,"['CUDAExecutionProvider', 'CPUExecutionProvider']",False,0,0,0,False,False,24,6,40.0,0.09301280975341797,53.0,1072.0,nvml
006670.png,SMALL,onnx_cuda,"['CUDAExecutionProvider', 'CPUExecutionProvider']",False,0,0,0,False,False,14,7,40.0,0.09301280975341797,53.0,1072.0,nvml
006671.png,SMALL,onnx_cuda,"['CUDAExecutionProvider', 'CPUExecutionProvider']",False,0,0,0,False,False,0,3,40.0,0.09301280975341797,53.0,1072.0,nvml
006672.png,SMALL,onnx_cuda,"['CUDAExecutionProvider', 'CPUExecutionProvider']",False,0,0,0,False,False,31,9,40.0,0.09301280975341797,53.0,1072.0,nvml
006673.png,SMALL,onnx_cuda,"['CUDAExecutionProvider', 'CPUExecutionProvider']",False,0,0,0,False,False,43,10,40.0,0.09301280975341797,53.0,1072.0,nvml
006674.png,SMALL,onnx_cuda,"['CUDAExecutionProvider', 'CPUExecutionProvider']",False,0,0,0,False,False,5,3,40.0,0.09301280975341797,53.0,1072.0,nvml
006675.png,SMALL,onnx_cuda,"['CUDAExecutionProvider', 'CPUExecutionProvider']",False,0,0,0,False,False,10,3,40.0,0.09301280975341797,53.0,1072.0,nvml
006676.png,SMALL,onnx_cuda,"['CUDAExecutionProvider', 'CPUExecutionProvider']",False,1,10,0,True,True,14,1,40.0,0.09301280975341797,53.0,1072.0,nvml
006677.png,SMALL,onnx_cuda,"['CUDAExecutionProvider', 'CPUExecutionProvider']",False,0,0,0,False,False,5,3,40.0,0.09301280975341797,53.0,1072.0,nvml
006678.png,SMALL,onnx_cuda,"['CUDAExecutionProvider', 'CPUExecutionProvider']",False,0,0,0,False,False,69,12,40.0,0.09301280975341797,53.0,1072.0,nvml
006679.png,SMALL,onnx_cuda,"['CUDAExecutionProvider', 'CPUExecutionProvider']",False,0,0,0,False,False,34,9,40.0,0.09301280975341797,53.0,1072.0,nvml
006680.png,SMALL,onnx_cuda,"['CUDAExecutionProvider', 'CPUExecutionProvider']",False,0,0,0,False,False,4,4,40.0,0.09301280975341797,53.0,1072.0,nvml
006681.png,SMALL,onnx_cuda,"['CUDAExecutionProvider', 'CPUExecutionProvider']",False,0,0,0,False,False,21,3,40.0,0.09301280975341797,53.0,1072.0,nvml
006682.png,SMALL,onnx_cuda,"['CUDAExecutionProvider', 'CPUExecutionProvider']",False,1,3,11,True,True,15,16,40.0,0.09301280975341797,53.0,1072.0,nvml
006683.png,SMALL,onnx_cuda,"['CUDAExecutionProvider', 'CPUExecutionProvider']",False,0,8,0,False,True,19,2,40.0,0.09301280975341797,53.0,1072.0,nvml
006684.png,SMALL,onnx_cuda,"['CUDAExecutionProvider', 'CPUExecutionProvider']",False,0,0,0,False,False,48,8,40.0,0.09301280975341797,53.0,1072.0,nvml
006685.png,SMALL,onnx_cuda,"['CUDAExecutionProvider', 'CPUExecutionProvider']",False,1,9,0,True,True,10,1,40.0,0.09301280975341797,53.0,1072.0,nvml
006686.png,SMALL,onnx_cuda,"['CUDAExecutionProvider', 'CPUExecutionProvider']",False,0,0,0,False,False,19,4,40.0,0.09301280975341797,53.0,1072.0,nvml
006687.png,SMALL,onnx_cuda,"['CUDAExecutionProvider', 'CPUExecutionProvider']",False,0,0,0,False,False,29,5,40.0,0.09301280975341797,53.0,1072.0,nvml
006688.png,SMALL,onnx_cuda,"['CUDAExecutionProvider', 'CPUExecutionProvider']",False,0,0,0,False,False,23,5,40.0,0.09301280975341797,53.0,1072.0,nvml
006689.png,SMALL,onnx_cuda,"['CUDAExecutionProvider', 'CPUExecutionProvider']",False,0,0,0,False,False,19,7,40.0,0.09301280975341797,53.0,1072.0,nvml
006690.png,SMALL,onnx_cuda,"['CUDAExecutionProvider', 'CPUExecutionProvider']",False,0,0,1,True,False,17,6,40.0,0.09301280975341797,53.0,1072.0,nvml
006691.png,SMALL,onnx_cuda,"['CUDAExecutionProvider', 'CPUExecutionProvider']",False,0,0,0,False,False,4,1,40.0,0.09301280975341797,53.0,1072.0,nvml
006692.png,SMALL,onnx_cuda,"['CUDAExecutionProvider', 'CPUExecutionProvider']",False,0,0,0,False,False,56,10,40.0,0.09301280975341797,53.0,1072.0,nvml
006693.png,SMALL,onnx_cuda,"['CUDAExecutionProvider', 'CPUExecutionProvider']",False,0,0,0,False,False,7,5,40.0,0.09301280975341797,53.0,1072.0,nvml
006694.png,SMALL,onnx_cuda,"['CUDAExecutionProvider', 'CPUExecutionProvider']",False,0,0,0,False,False,41,8,40.0,0.09301280975341797,53.0,1072.0,nvml
006695.png,SMALL,onnx_cuda,"['CUDAExecutionProvider', 'CPUExecutionProvider']",False,0,0,2,True,False,42,12,40.0,0.09301280975341797,53.0,1072.0,nvml
006696.png,SMALL,onnx_cuda,"['CUDAExecutionProvider', 'CPUExecutionProvider']",False,0,7,1,True,True,7,5,40.0,0.09301280975341797,53.0,1072.0,nvml
006697.png,SMALL,onnx_cuda,"['CUDAExecutionProvider', 'CPUExecutionProvider']",False,0,0,0,False,False,0,2,40.0,0.09301280975341797,53.0,1072.0,nvml
006698.png,SMALL,onnx_cuda,"['CUDAExecutionProvider', 'CPUExecutionProvider']",False,0,0,0,False,False,1,5,40.0,0.09301280975341797,53.0,1072.0,nvml
006699.png,SMALL,onnx_cuda,"['CUDAExecutionProvider', 'CPUExecutionProvider']",False,0,0,0,False,False,26,6,40.0,0.09301280975341797,53.0,1072.0,nvml
006700.png,SMALL,onnx_cuda,"['CUDAExecutionProvider', 'CPUExecutionProvider']",False,0,0,1,True,False,10,5,40.0,0.09301280975341797,53.0,1072.0,nvml
006701.png,SMALL,onnx_cuda,"['CUDAExecutionProvider', 'CPUExecutionProvider']",False,0,0,0,False,False,0,3,40.0,0.09301280975341797,53.0,1072.0,nvml
006702.png,SMALL,onnx_cuda,"['CUDAExecutionProvider', 'CPUExecutionProvider']",False,0,0,0,False,False,5,3,40.0,0.09301280975341797,53.0,1072.0,nvml
006703.png,SMALL,onnx_cuda,"['CUDAExecutionProvider', 'CPUExecutionProvider']",False,2,21,0,True,True,57,10,40.0,0.09301280975341797,53.0,1072.0,nvml
006704.png,SMALL,onnx_cuda,"['CUDAExecutionProvider', 'CPUExecutionProvider']",False,2,20,4,True,True,22,10,40.0,0.09301280975341797,53.0,1072.0,nvml
006705.png,SMALL,onnx_cuda,"['CUDAExecutionProvider', 'CPUExecutionProvider']",False,0,0,0,False,False,11,3,40.0,0.09301280975341797,53.0,1072.0,nvml
006706.png,SMALL,onnx_cuda,"['CUDAExecutionProvider', 'CPUExecutionProvider']",False,0,0,0,False,False,13,2,40.0,0.09301280975341797,53.0,1072.0,nvml
006707.png,SMALL,onnx_cuda,"['CUDAExecutionProvider', 'CPUExecutionProvider']",False,0,0,0,False,False,56,9,40.0,0.09301280975341797,53.0,1072.0,nvml
006708.png,SMALL,onnx_cuda,"['CUDAExecutionProvider', 'CPUExecutionProvider']",False,0,0,0,False,False,3,3,40.0,0.09301280975341797,53.0,1072.0,nvml
006709.png,SMALL,onnx_cuda,"['CUDAExecutionProvider', 'CPUExecutionProvider']",False,0,0,0,False,False,8,1,40.0,0.09301280975341797,53.0,1072.0,nvml
006710.png,SMALL,onnx_cuda,"['CUDAExecutionProvider', 'CPUExecutionProvider']",False,0,1,0,False,True,33,9,40.0,0.09301280975341797,53.0,1080.0,nvml
006711.png,SMALL,onnx_cuda,"['CUDAExecutionProvider', 'CPUExecutionProvider']",False,0,0,0,False,False,1,4,40.0,0.09301280975341797,53.0,1080.0,nvml
006712.png,SMALL,onnx_cuda,"['CUDAExecutionProvider', 'CPUExecutionProvider']",False,0,0,0,False,False,0,4,40.0,0.09301280975341797,53.0,1080.0,nvml
006713.png,SMALL,onnx_cuda,"['CUDAExecutionProvider', 'CPUExecutionProvider']",False,0,0,0,False,False,0,5,40.0,0.09301280975341797,53.0,1080.0,nvml
006714.png,SMALL,onnx_cuda,"['CUDAExecutionProvider', 'CPUExecutionProvider']",False,0,0,0,False,False,8,6,40.0,0.09301280975341797,53.0,1080.0,nvml
006715.png,SMALL,onnx_cuda,"['CUDAExecutionProvider', 'CPUExecutionProvider']",False,0,0,0,False,False,9,7,40.0,0.09301280975341797,53.0,1080.0,nvml
006716.png,SMALL,onnx_cuda,"['CUDAExecutionProvider', 'CPUExecutionProvider']",False,0,0,0,False,False,6,3,40.0,0.09301280975341797,53.0,1080.0,nvml
006717.png,SMALL,onnx_cuda,"['CUDAExecutionProvider', 'CPUExecutionProvider']",False,0,0,1,True,False,14,5,40.0,0.09301280975341797,53.0,1080.0,nvml
006718.png,SMALL,onnx_cuda,"['CUDAExecutionProvider', 'CPUExecutionProvider']",False,0,0,0,False,False,29,9,40.0,0.09301280975341797,53.0,1080.0,nvml
006719.png,SMALL,onnx_cuda,"['CUDAExecutionProvider', 'CPUExecutionProvider']",False,0,0,0,False,False,26,3,40.0,0.09301280975341797,53.0,1080.0,nvml
006720.png,SMALL,onnx_cuda,"['CUDAExecutionProvider', 'CPUExecutionProvider']",False,0,0,0,False,False,25,5,40.0,0.09301280975341797,53.0,1080.0,nvml
006721.png,SMALL,onnx_cuda,"['CUDAExecutionProvider', 'CPUExecutionProvider']",False,0,0,0,False,False,68,14,40.0,0.09301280975341797,53.0,1080.0,nvml
006722.png,SMALL,onnx_cuda,"['CUDAExecutionProvider', 'CPUExecutionProvider']",False,1,6,0,True,True,7,1,40.0,0.09301280975341797,53.0,1080.0,nvml
006723.png,SMALL,onnx_cuda,"['CUDAExecutionProvider', 'CPUExecutionProvider']",False,0,0,0,False,False,19,5,40.0,0.09301280975341797,53.0,1080.0,nvml
006724.png,SMALL,onnx_cuda,"['CUDAExecutionProvider', 'CPUExecutionProvider']",False,0,0,0,False,False,45,5,40.0,0.09301280975341797,53.0,1080.0,nvml
006725.png,SMALL,onnx_cuda,"['CUDAExecutionProvider', 'CPUExecutionProvider']",False,0,0,0,False,False,54,9,40.0,0.09301280975341797,53.0,1080.0,nvml
006726.png,SMALL,onnx_cuda,"['CUDAExecutionProvider', 'CPUExecutionProvider']",False,0,0,0,False,False,38,8,40.0,0.09301280975341797,53.0,1080.0,nvml
006727.png,SMALL,onnx_cuda,"['CUDAExecutionProvider', 'CPUExecutionProvider']",False,0,0,0,False,False,10,3,40.0,0.09301280975341797,53.0,1080.0,nvml
006728.png,SMALL,onnx_cuda,"['CUDAExecutionProvider', 'CPUExecutionProvider']",False,1,3,3,True,True,53,10,40.0,0.09301280975341797,53.0,1080.0,nvml
006729.png,SMALL,onnx_cuda,"['CUDAExecutionProvider', 'CPUExecutionProvider']",False,0,0,0,False,False,9,4,40.0,0.09301280975341797,53.0,1080.0,nvml
006730.png,SMALL,onnx_cuda,"['CUDAExecutionProvider', 'CPUExecutionProvider']",False,0,0,0,False,False,0,2,40.0,0.09301280975341797,53.0,1080.0,nvml
006731.png,SMALL,onnx_cuda,"['CUDAExecutionProvider', 'CPUExecutionProvider']",False,0,0,0,False,False,47,9,40.0,0.09301280975341797,53.0,1080.0,nvml
006732.png,SMALL,onnx_cuda,"['CUDAExecutionProvider', 'CPUExecutionProvider']",False,0,0,0,False,False,8,1,40.0,0.09301280975341797,53.0,1080.0,nvml
006733.png,SMALL,onnx_cuda,"['CUDAExecutionProvider', 'CPUExecutionProvider']",False,0,0,0,False,False,33,17,40.0,0.09301280975341797,53.0,1080.0,nvml
006734.png,SMALL,onnx_cuda,"['CUDAExecutionProvider', 'CPUExecutionProvider']",False,2,18,1,True,True,33,9,40.0,0.09301280975341797,53.0,1080.0,nvml
006735.png,SMALL,onnx_cuda,"['CUDAExecutionProvider', 'CPUExecutionProvider']",False,0,0,0,False,False,33,5,40.0,0.09301280975341797,53.0,1080.0,nvml
006736.png,SMALL,onnx_cuda,"['CUDAExecutionProvider', 'CPUExecutionProvider']",False,0,0,0,False,False,11,7,40.0,0.09301280975341797,53.0,1080.0,nvml
006737.png,SMALL,onnx_cuda,"['CUDAExecutionProvider', 'CPUExecutionProvider']",False,0,0,1,True,False,0,5,40.0,0.09301280975341797,53.0,1080.0,nvml
006738.png,SMALL,onnx_cuda,"['CUDAExecutionProvider', 'CPUExecutionProvider']",False,0,0,0,False,False,12,6,40.0,0.09301280975341797,53.0,1080.0,nvml
006739.png,SMALL,onnx_cuda,"['CUDAExecutionProvider', 'CPUExecutionProvider']",False,0,0,0,False,False,0,2,40.0,0.09301280975341797,53.0,1080.0,nvml
006740.png,SMALL,onnx_cuda,"['CUDAExecutionProvider', 'CPUExecutionProvider']",False,0,0,0,False,False,12,3,40.0,0.09301280975341797,53.0,1080.0,nvml
006741.png,SMALL,onnx_cuda,"['CUDAExecutionProvider', 'CPUExecutionProvider']",False,0,2,1,True,True,11,5,40.0,0.09301280975341797,53.0,1080.0,nvml
006742.png,SMALL,onnx_cuda,"['CUDAExecutionProvider', 'CPUExecutionProvider']",False,0,0,0,False,False,20,4,40.0,0.09301280975341797,53.0,1080.0,nvml
006743.png,SMALL,onnx_cuda,"['CUDAExecutionProvider', 'CPUExecutionProvider']",False,0,0,0,False,False,0,6,40.0,0.09301280975341797,53.0,1080.0,nvml
006744.png,SMALL,onnx_cuda,"['CUDAExecutionProvider', 'CPUExecutionProvider']",False,0,0,2,True,False,0,6,40.0,0.09301280975341797,53.0,1080.0,nvml
006745.png,SMALL,onnx_cuda,"['CUDAExecutionProvider', 'CPUExecutionProvider']",False,0,12,3,True,True,13,6,40.0,0.09301280975341797,53.0,1080.0,nvml
006746.png,SMALL,onnx_cuda,"['CUDAExecutionProvider', 'CPUExecutionProvider']",False,0,0,0,False,False,70,8,40.0,0.09301280975341797,53.0,1080.0,nvml
006747.png,SMALL,onnx_cuda,"['CUDAExecutionProvider', 'CPUExecutionProvider']",False,0,0,0,False,False,2,4,40.0,0.09301280975341797,53.0,1080.0,nvml
006748.png,SMALL,onnx_cuda,"['CUDAExecutionProvider', 'CPUExecutionProvider']",False,0,0,0,False,False,11,2,40.0,0.09301280975341797,53.0,1080.0,nvml
006749.png,SMALL,onnx_cuda,"['CUDAExecutionProvider', 'CPUExecutionProvider']",False,5,52,5,True,True,64,12,40.0,0.09301280975341797,53.0,1080.0,nvml
006750.png,SMALL,onnx_cuda,"['CUDAExecutionProvider', 'CPUExecutionProvider']",False,1,12,0,True,True,40,4,40.0,0.09301280975341797,53.0,1080.0,nvml
006751.png,SMALL,onnx_cuda,"['CUDAExecutionProvider', 'CPUExecutionProvider']",False,0,0,0,False,False,25,8,40.0,0.09301280975341797,53.0,1080.0,nvml
006752.png,SMALL,onnx_cuda,"['CUDAExecutionProvider', 'CPUExecutionProvider']",False,0,0,3,True,False,45,11,40.0,0.09301280975341797,53.0,1080.0,nvml
006753.png,SMALL,onnx_cuda,"['CUDAExecutionProvider', 'CPUExecutionProvider']",False,0,0,0,False,False,53,9,40.0,0.09301280975341797,53.0,1080.0,nvml
006754.png,SMALL,onnx_cuda,"['CUDAExecutionProvider', 'CPUExecutionProvider']",False,0,0,0,False,False,41,10,40.0,0.09301280975341797,53.0,1080.0,nvml
006755.png,SMALL,onnx_cuda,"['CUDAExecutionProvider', 'CPUExecutionProvider']",False,0,0,0,False,False,47,8,40.0,0.09301280975341797,53.0,1080.0,nvml
006756.png,SMALL,onnx_cuda,"['CUDAExecutionProvider', 'CPUExecutionProvider']",False,0,3,0,False,True,9,8,40.0,0.09301280975341797,53.0,1080.0,nvml
006757.png,SMALL,onnx_cuda,"['CUDAExecutionProvider', 'CPUExecutionProvider']",False,0,0,0,False,False,0,7,40.0,0.09301280975341797,53.0,1080.0,nvml
006758.png,SMALL,onnx_cuda,"['CUDAExecutionProvider', 'CPUExecutionProvider']",False,0,0,0,False,False,25,5,40.0,0.09301280975341797,53.0,1080.0,nvml
006759.png,SMALL,onnx_cuda,"['CUDAExecutionProvider', 'CPUExecutionProvider']",False,0,0,0,False,False,0,4,40.0,0.09301280975341797,53.0,1080.0,nvml
006760.png,SMALL,onnx_cuda,"['CUDAExecutionProvider', 'CPUExecutionProvider']",False,0,0,1,True,False,17,4,40.0,0.09301280975341797,53.0,1080.0,nvml
006761.png,SMALL,onnx_cuda,"['CUDAExecutionProvider', 'CPUExecutionProvider']",False,4,38,1,True,True,61,10,40.0,0.09301280975341797,53.0,1080.0,nvml
006762.png,SMALL,onnx_cuda,"['CUDAExecutionProvider', 'CPUExecutionProvider']",False,0,12,1,True,True,12,5,40.0,0.09301280975341797,53.0,1080.0,nvml
006763.png,SMALL,onnx_cuda,"['CUDAExecutionProvider', 'CPUExecutionProvider']",False,0,0,0,False,False,10,2,40.0,0.09301280975341797,53.0,1080.0,nvml
006764.png,SMALL,onnx_cuda,"['CUDAExecutionProvider', 'CPUExecutionProvider']",False,0,0,0,False,False,39,8,40.0,0.09301280975341797,53.0,1080.0,nvml
006765.png,SMALL,onnx_cuda,"['CUDAExecutionProvider', 'CPUExecutionProvider']",False,0,0,3,True,False,51,12,40.0,0.09301280975341797,53.0,1080.0,nvml
006766.png,SMALL,onnx_cuda,"['CUDAExecutionProvider', 'CPUExecutionProvider']",False,0,0,1,True,False,22,11,40.0,0.09301280975341797,53.0,1080.0,nvml
006767.png,SMALL,onnx_cuda,"['CUDAExecutionProvider', 'CPUExecutionProvider']",False,0,0,0,False,False,6,4,40.0,0.09301280975341797,53.0,1080.0,nvml
006768.png,SMALL,onnx_cuda,"['CUDAExecutionProvider', 'CPUExecutionProvider']",False,4,47,2,True,True,55,12,40.0,0.09301280975341797,53.0,1080.0,nvml
006769.png,SMALL,onnx_cuda,"['CUDAExecutionProvider', 'CPUExecutionProvider']",False,0,0,0,False,False,39,11,40.0,0.09301280975341797,53.0,1080.0,nvml
006770.png,SMALL,onnx_cuda,"['CUDAExecutionProvider', 'CPUExecutionProvider']",False,0,0,0,False,False,39,11,40.0,0.09301280975341797,53.0,1080.0,nvml
006771.png,SMALL,onnx_cuda,"['CUDAExecutionProvider', 'CPUExecutionProvider']",False,0,0,2,True,False,2,6,40.0,0.09301280975341797,53.0,1080.0,nvml
006772.png,SMALL,onnx_cuda,"['CUDAExecutionProvider', 'CPUExecutionProvider']",False,0,0,0,False,False,35,8,40.0,0.09301280975341797,53.0,1080.0,nvml
006773.png,SMALL,onnx_cuda,"['CUDAExecutionProvider', 'CPUExecutionProvider']",False,0,0,0,False,False,1,4,40.0,0.09301280975341797,53.0,1080.0,nvml
006774.png,SMALL,onnx_cuda,"['CUDAExecutionProvider', 'CPUExecutionProvider']",False,0,0,0,False,False,0,3,40.0,0.09301280975341797,53.0,1080.0,nvml
006775.png,SMALL,onnx_cuda,"['CUDAExecutionProvider', 'CPUExecutionProvider']",False,0,0,0,False,False,43,10,40.0,0.09301280975341797,53.0,1080.0,nvml
006776.png,SMALL,onnx_cuda,"['CUDAExecutionProvider', 'CPUExecutionProvider']",False,0,0,1,True,False,7,2,40.0,0.09301280975341797,53.0,1080.0,nvml
006777.png,SMALL,onnx_cuda,"['CUDAExecutionProvider', 'CPUExecutionProvider']",False,0,1,1,True,True,4,6,40.0,0.09301280975341797,53.0,1080.0,nvml
006778.png,SMALL,onnx_cuda,"['CUDAExecutionProvider', 'CPUExecutionProvider']",False,0,0,1,True,False,27,6,40.0,0.09301280975341797,53.0,1080.0,nvml
006779.png,SMALL,onnx_cuda,"['CUDAExecutionProvider', 'CPUExecutionProvider']",False,0,0,1,True,False,25,11,40.0,0.09301280975341797,53.0,1080.0,nvml
006780.png,SMALL,onnx_cuda,"['CUDAExecutionProvider', 'CPUExecutionProvider']",False,0,0,0,False,False,43,14,40.0,0.09301280975341797,53.0,1080.0,nvml
006781.png,SMALL,onnx_cuda,"['CUDAExecutionProvider', 'CPUExecutionProvider']",False,0,0,0,False,False,42,8,40.0,0.09301280975341797,53.0,1080.0,nvml
006782.png,SMALL,onnx_cuda,"['CUDAExecutionProvider', 'CPUExecutionProvider']",False,0,0,0,False,False,0,7,40.0,0.09301280975341797,53.0,1080.0,nvml
006783.png,SMALL,onnx_cuda,"['CUDAExecutionProvider', 'CPUExecutionProvider']",False,0,0,1,True,False,62,17,40.0,0.09301280975341797,53.0,1080.0,nvml
006784.png,SMALL,onnx_cuda,"['CUDAExecutionProvider', 'CPUExecutionProvider']",False,0,0,0,False,False,2,2,40.0,0.09301280975341797,53.0,1080.0,nvml
006785.png,SMALL,onnx_cuda,"['CUDAExecutionProvider', 'CPUExecutionProvider']",False,2,2,3,True,True,15,8,40.0,0.09301280975341797,53.0,1080.0,nvml
006786.png,SMALL,onnx_cuda,"['CUDAExecutionProvider', 'CPUExecutionProvider']",False,0,0,0,False,False,2,5,40.0,0.09301280975341797,53.0,1080.0,nvml
006787.png,SMALL,onnx_cuda,"['CUDAExecutionProvider', 'CPUExecutionProvider']",False,0,0,0,False,False,22,7,40.0,0.09301280975341797,53.0,1080.0,nvml
006788.png,SMALL,onnx_cuda,"['CUDAExecutionProvider', 'CPUExecutionProvider']",False,0,0,0,False,False,36,11,40.0,0.09301280975341797,53.0,1080.0,nvml
006789.png,SMALL,onnx_cuda,"['CUDAExecutionProvider', 'CPUExecutionProvider']",False,0,0,0,False,False,33,10,40.0,0.09301280975341797,53.0,1080.0,nvml
006790.png,SMALL,onnx_cuda,"['CUDAExecutionProvider', 'CPUExecutionProvider']",False,0,0,0,False,False,0,1,40.0,0.09301280975341797,53.0,1080.0,nvml
006791.png,SMALL,onnx_cuda,"['CUDAExecutionProvider', 'CPUExecutionProvider']",False,0,0,0,False,False,0,11,40.0,0.09301280975341797,53.0,1080.0,nvml
006792.png,SMALL,onnx_cuda,"['CUDAExecutionProvider', 'CPUExecutionProvider']",False,0,0,0,False,False,2,4,40.0,0.09301280975341797,53.0,1080.0,nvml
006793.png,SMALL,onnx_cuda,"['CUDAExecutionProvider', 'CPUExecutionProvider']",False,0,0,0,False,False,0,6,40.0,0.09301280975341797,53.0,1080.0,nvml
006794.png,SMALL,onnx_cuda,"['CUDAExecutionProvider', 'CPUExecutionProvider']",False,0,0,0,False,False,1,4,40.0,0.09301280975341797,53.0,1080.0,nvml
006795.png,SMALL,onnx_cuda,"['CUDAExecutionProvider', 'CPUExecutionProvider']",False,1,8,0,True,True,10,1,40.0,0.09301280975341797,53.0,1080.0,nvml
006796.png,SMALL,onnx_cuda,"['CUDAExecutionProvider', 'CPUExecutionProvider']",False,0,0,0,False,False,31,5,40.0,0.09301280975341797,53.0,1080.0,nvml
006797.png,SMALL,onnx_cuda,"['CUDAExecutionProvider', 'CPUExecutionProvider']",False,0,0,0,False,False,3,2,40.0,0.09301280975341797,53.0,1080.0,nvml
006798.png,SMALL,onnx_cuda,"['CUDAExecutionProvider', 'CPUExecutionProvider']",False,0,0,0,False,False,62,11,40.0,0.09301280975341797,53.0,1080.0,nvml
006799.png,SMALL,onnx_cuda,"['CUDAExecutionProvider', 'CPUExecutionProvider']",False,1,9,0,True,True,10,1,40.0,0.09301280975341797,53.0,1080.0,nvml
006800.png,SMALL,onnx_cuda,"['CUDAExecutionProvider', 'CPUExecutionProvider']",False,3,19,0,True,True,36,10,40.0,0.09301280975341797,53.0,1087.0,nvml
006801.png,SMALL,onnx_cuda,"['CUDAExecutionProvider', 'CPUExecutionProvider']",False,4,28,9,True,True,41,18,40.0,0.09301280975341797,53.0,1087.0,nvml
006802.png,SMALL,onnx_cuda,"['CUDAExecutionProvider', 'CPUExecutionProvider']",False,0,0,1,True,False,12,3,40.0,0.09301280975341797,53.0,1087.0,nvml
006803.png,SMALL,onnx_cuda,"['CUDAExecutionProvider', 'CPUExecutionProvider']",False,0,0,0,False,False,2,4,40.0,0.09301280975341797,53.0,1087.0,nvml
006804.png,SMALL,onnx_cuda,"['CUDAExecutionProvider', 'CPUExecutionProvider']",False,1,9,0,True,True,10,1,40.0,0.09301280975341797,53.0,1087.0,nvml
006805.png,SMALL,onnx_cuda,"['CUDAExecutionProvider', 'CPUExecutionProvider']",False,0,0,0,False,False,49,11,40.0,0.09301280975341797,53.0,1087.0,nvml
006806.png,SMALL,onnx_cuda,"['CUDAExecutionProvider', 'CPUExecutionProvider']",False,0,0,0,False,False,21,5,40.0,0.09301280975341797,53.0,1087.0,nvml
006807.png,SMALL,onnx_cuda,"['CUDAExecutionProvider', 'CPUExecutionProvider']",False,1,7,0,True,True,9,1,40.0,0.09301280975341797,53.0,1087.0,nvml
006808.png,SMALL,onnx_cuda,"['CUDAExecutionProvider', 'CPUExecutionProvider']",False,0,0,0,False,False,30,6,40.0,0.09301280975341797,53.0,1087.0,nvml
006809.png,SMALL,onnx_cuda,"['CUDAExecutionProvider', 'CPUExecutionProvider']",False,0,2,1,True,True,15,2,40.0,0.09301280975341797,53.0,1087.0,nvml
006810.png,SMALL,onnx_cuda,"['CUDAExecutionProvider', 'CPUExecutionProvider']",False,0,0,1,True,False,29,9,41.0,0.09301280975341797,53.0,1110.0,nvml
006811.png,SMALL,onnx_cuda,"['CUDAExecutionProvider', 'CPUExecutionProvider']",False,0,4,0,False,True,19,6,41.0,0.09301280975341797,53.0,1110.0,nvml
006812.png,SMALL,onnx_cuda,"['CUDAExecutionProvider', 'CPUExecutionProvider']",False,0,0,0,False,False,31,4,41.0,0.09301280975341797,53.0,1110.0,nvml
006813.png,SMALL,onnx_cuda,"['CUDAExecutionProvider', 'CPUExecutionProvider']",False,2,1,9,True,True,13,15,41.0,0.09301280975341797,53.0,1110.0,nvml
006814.png,SMALL,onnx_cuda,"['CUDAExecutionProvider', 'CPUExecutionProvider']",False,0,0,2,True,False,73,11,41.0,0.09301280975341797,53.0,1110.0,nvml
006815.png,SMALL,onnx_cuda,"['CUDAExecutionProvider', 'CPUExecutionProvider']",False,0,0,0,False,False,26,3,41.0,0.09301280975341797,53.0,1110.0,nvml
006816.png,SMALL,onnx_cuda,"['CUDAExecutionProvider', 'CPUExecutionProvider']",False,0,0,0,False,False,2,2,41.0,0.09301280975341797,53.0,1110.0,nvml
006817.png,SMALL,onnx_cuda,"['CUDAExecutionProvider', 'CPUExecutionProvider']",False,0,0,0,False,False,21,8,41.0,0.09301280975341797,53.0,1110.0,nvml
006818.png,SMALL,onnx_cuda,"['CUDAExecutionProvider', 'CPUExecutionProvider']",False,0,10,2,True,True,39,5,41.0,0.09301280975341797,53.0,1110.0,nvml
006819.png,SMALL,onnx_cuda,"['CUDAExecutionProvider', 'CPUExecutionProvider']",False,1,9,0,True,True,10,2,41.0,0.09301280975341797,53.0,1110.0,nvml
006820.png,SMALL,onnx_cuda,"['CUDAExecutionProvider', 'CPUExecutionProvider']",False,0,0,0,False,False,45,11,40.0,0.09301280975341797,53.0,1110.0,nvml
006821.png,SMALL,onnx_cuda,"['CUDAExecutionProvider', 'CPUExecutionProvider']",False,0,0,0,False,False,0,2,40.0,0.09301280975341797,53.0,1110.0,nvml
006822.png,SMALL,onnx_cuda,"['CUDAExecutionProvider', 'CPUExecutionProvider']",False,1,14,0,True,True,43,8,40.0,0.09301280975341797,53.0,1110.0,nvml
006823.png,SMALL,onnx_cuda,"['CUDAExecutionProvider', 'CPUExecutionProvider']",False,0,0,0,False,False,0,4,40.0,0.09301280975341797,53.0,1110.0,nvml
006824.png,SMALL,onnx_cuda,"['CUDAExecutionProvider', 'CPUExecutionProvider']",False,0,0,0,False,False,7,6,40.0,0.09301280975341797,53.0,1110.0,nvml
006825.png,SMALL,onnx_cuda,"['CUDAExecutionProvider', 'CPUExecutionProvider']",False,2,30,1,True,True,32,7,40.0,0.09301280975341797,53.0,1110.0,nvml
006826.png,SMALL,onnx_cuda,"['CUDAExecutionProvider', 'CPUExecutionProvider']",False,0,0,0,False,False,1,6,40.0,0.09301280975341797,53.0,1110.0,nvml
006827.png,SMALL,onnx_cuda,"['CUDAExecutionProvider', 'CPUExecutionProvider']",False,0,0,1,True,False,11,3,40.0,0.09301280975341797,53.0,1110.0,nvml
006828.png,SMALL,onnx_cuda,"['CUDAExecutionProvider', 'CPUExecutionProvider']",False,4,43,4,True,True,47,10,40.0,0.09301280975341797,53.0,1110.0,nvml
006829.png,SMALL,onnx_cuda,"['CUDAExecutionProvider', 'CPUExecutionProvider']",False,0,0,0,False,False,12,5,40.0,0.09301280975341797,53.0,1110.0,nvml
006830.png,SMALL,onnx_cuda,"['CUDAExecutionProvider', 'CPUExecutionProvider']",False,1,9,0,True,True,10,1,40.0,0.09301280975341797,53.0,1110.0,nvml
006831.png,SMALL,onnx_cuda,"['CUDAExecutionProvider', 'CPUExecutionProvider']",False,0,0,0,False,False,8,8,40.0,0.09301280975341797,53.0,1110.0,nvml
006832.png,SMALL,onnx_cuda,"['CUDAExecutionProvider', 'CPUExecutionProvider']",False,0,7,1,True,True,25,9,40.0,0.09301280975341797,53.0,1110.0,nvml
006833.png,SMALL,onnx_cuda,"['CUDAExecutionProvider', 'CPUExecutionProvider']",False,0,0,1,True,False,74,21,40.0,0.09301280975341797,53.0,1110.0,nvml
006834.png,SMALL,onnx_cuda,"['CUDAExecutionProvider', 'CPUExecutionProvider']",False,0,0,0,False,False,6,8,40.0,0.09301280975341797,53.0,1110.0,nvml
006835.png,SMALL,onnx_cuda,"['CUDAExecutionProvider', 'CPUExecutionProvider']",False,3,22,1,True,True,35,7,40.0,0.09301280975341797,53.0,1110.0,nvml
006836.png,SMALL,onnx_cuda,"['CUDAExecutionProvider', 'CPUExecutionProvider']",False,0,0,0,False,False,11,6,40.0,0.09301280975341797,53.0,1110.0,nvml
006837.png,SMALL,onnx_cuda,"['CUDAExecutionProvider', 'CPUExecutionProvider']",False,2,3,0,True,True,18,6,40.0,0.09301280975341797,53.0,1110.0,nvml
006838.png,SMALL,onnx_cuda,"['CUDAExecutionProvider', 'CPUExecutionProvider']",False,0,0,1,True,False,16,7,40.0,0.09301280975341797,53.0,1110.0,nvml
006839.png,SMALL,onnx_cuda,"['CUDAExecutionProvider', 'CPUExecutionProvider']",False,0,0,0,False,False,9,2,40.0,0.09301280975341797,53.0,1110.0,nvml
006840.png,SMALL,onnx_cuda,"['CUDAExecutionProvider', 'CPUExecutionProvider']",False,0,0,0,False,False,11,6,39.0,0.09301280975341797,53.0,1110.0,nvml
006841.png,SMALL,onnx_cuda,"['CUDAExecutionProvider', 'CPUExecutionProvider']",False,0,0,0,False,False,3,5,39.0,0.09301280975341797,53.0,1110.0,nvml
006842.png,SMALL,onnx_cuda,"['CUDAExecutionProvider', 'CPUExecutionProvider']",False,0,0,2,True,False,13,13,39.0,0.09301280975341797,53.0,1110.0,nvml
006843.png,SMALL,onnx_cuda,"['CUDAExecutionProvider', 'CPUExecutionProvider']",False,0,13,2,True,True,57,10,39.0,0.09301280975341797,53.0,1110.0,nvml
006844.png,SMALL,onnx_cuda,"['CUDAExecutionProvider', 'CPUExecutionProvider']",False,0,0,0,False,False,23,12,39.0,0.09301280975341797,53.0,1110.0,nvml
006845.png,SMALL,onnx_cuda,"['CUDAExecutionProvider', 'CPUExecutionProvider']",False,0,0,0,False,False,47,12,39.0,0.09301280975341797,53.0,1110.0,nvml
006846.png,SMALL,onnx_cuda,"['CUDAExecutionProvider', 'CPUExecutionProvider']",False,0,0,0,False,False,32,7,39.0,0.09301280975341797,53.0,1110.0,nvml
006847.png,SMALL,onnx_cuda,"['CUDAExecutionProvider', 'CPUExecutionProvider']",False,0,23,1,True,True,32,8,39.0,0.09301280975341797,53.0,1110.0,nvml
006848.png,SMALL,onnx_cuda,"['CUDAExecutionProvider', 'CPUExecutionProvider']",False,0,0,0,False,False,26,5,39.0,0.09301280975341797,53.0,1110.0,nvml
006849.png,SMALL,onnx_cuda,"['CUDAExecutionProvider', 'CPUExecutionProvider']",False,0,0,1,True,False,2,6,39.0,0.09301280975341797,53.0,1110.0,nvml
006850.png,SMALL,onnx_cuda,"['CUDAExecutionProvider', 'CPUExecutionProvider']",False,0,0,0,False,False,19,2,39.0,0.09301280975341797,53.0,1110.0,nvml
006851.png,SMALL,onnx_cuda,"['CUDAExecutionProvider', 'CPUExecutionProvider']",False,0,0,0,False,False,12,4,39.0,0.09301280975341797,53.0,1110.0,nvml
006852.png,SMALL,onnx_cuda,"['CUDAExecutionProvider', 'CPUExecutionProvider']",False,0,0,0,False,False,4,3,39.0,0.09301280975341797,53.0,1110.0,nvml
006853.png,SMALL,onnx_cuda,"['CUDAExecutionProvider', 'CPUExecutionProvider']",False,0,0,0,False,False,29,9,39.0,0.09301280975341797,53.0,1110.0,nvml
006854.png,SMALL,onnx_cuda,"['CUDAExecutionProvider', 'CPUExecutionProvider']",False,0,0,0,False,False,15,6,39.0,0.09301280975341797,53.0,1110.0,nvml
006855.png,SMALL,onnx_cuda,"['CUDAExecutionProvider', 'CPUExecutionProvider']",False,0,0,0,False,False,9,4,39.0,0.09301280975341797,53.0,1110.0,nvml
006856.png,SMALL,onnx_cuda,"['CUDAExecutionProvider', 'CPUExecutionProvider']",False,0,0,0,False,False,27,6,39.0,0.09301280975341797,53.0,1110.0,nvml
006857.png,SMALL,onnx_cuda,"['CUDAExecutionProvider', 'CPUExecutionProvider']",False,0,3,0,False,True,13,8,39.0,0.09301280975341797,53.0,1110.0,nvml
006858.png,SMALL,onnx_cuda,"['CUDAExecutionProvider', 'CPUExecutionProvider']",False,0,0,0,False,False,36,5,39.0,0.09301280975341797,53.0,1110.0,nvml
006859.png,SMALL,onnx_cuda,"['CUDAExecutionProvider', 'CPUExecutionProvider']",False,0,0,2,True,False,16,11,39.0,0.09301280975341797,53.0,1110.0,nvml
006860.png,SMALL,onnx_cuda,"['CUDAExecutionProvider', 'CPUExecutionProvider']",False,0,0,0,False,False,11,3,39.0,0.09301280975341797,53.0,1110.0,nvml
006861.png,SMALL,onnx_cuda,"['CUDAExecutionProvider', 'CPUExecutionProvider']",False,1,7,0,True,True,8,1,39.0,0.09301280975341797,53.0,1110.0,nvml
006862.png,SMALL,onnx_cuda,"['CUDAExecutionProvider', 'CPUExecutionProvider']",False,0,0,0,False,False,44,10,39.0,0.09301280975341797,53.0,1110.0,nvml
006863.png,SMALL,onnx_cuda,"['CUDAExecutionProvider', 'CPUExecutionProvider']",False,0,2,0,False,True,15,8,39.0,0.09301280975341797,53.0,1110.0,nvml
006864.png,SMALL,onnx_cuda,"['CUDAExecutionProvider', 'CPUExecutionProvider']",False,0,0,0,False,False,67,13,39.0,0.09301280975341797,53.0,1110.0,nvml
006865.png,SMALL,onnx_cuda,"['CUDAExecutionProvider', 'CPUExecutionProvider']",False,0,0,0,False,False,0,1,39.0,0.09301280975341797,53.0,1110.0,nvml
006866.png,SMALL,onnx_cuda,"['CUDAExecutionProvider', 'CPUExecutionProvider']",False,0,0,0,False,False,59,8,39.0,0.09301280975341797,53.0,1110.0,nvml
006867.png,SMALL,onnx_cuda,"['CUDAExecutionProvider', 'CPUExecutionProvider']",False,0,0,0,False,False,40,9,39.0,0.09301280975341797,53.0,1110.0,nvml
006868.png,SMALL,onnx_cuda,"['CUDAExecutionProvider', 'CPUExecutionProvider']",False,0,0,0,False,False,46,8,39.0,0.09301280975341797,53.0,1110.0,nvml
006869.png,SMALL,onnx_cuda,"['CUDAExecutionProvider', 'CPUExecutionProvider']",False,0,0,0,False,False,16,4,39.0,0.09301280975341797,53.0,1110.0,nvml
006870.png,SMALL,onnx_cuda,"['CUDAExecutionProvider', 'CPUExecutionProvider']",False,0,0,0,False,False,34,11,38.0,0.09301280975341797,53.0,1110.0,nvml
006871.png,SMALL,onnx_cuda,"['CUDAExecutionProvider', 'CPUExecutionProvider']",False,0,0,0,False,False,31,9,38.0,0.09301280975341797,53.0,1110.0,nvml
006872.png,SMALL,onnx_cuda,"['CUDAExecutionProvider', 'CPUExecutionProvider']",False,3,13,3,True,True,26,9,38.0,0.09301280975341797,53.0,1110.0,nvml
006873.png,SMALL,onnx_cuda,"['CUDAExecutionProvider', 'CPUExecutionProvider']",False,1,6,0,True,True,15,1,38.0,0.09301280975341797,53.0,1110.0,nvml
006874.png,SMALL,onnx_cuda,"['CUDAExecutionProvider', 'CPUExecutionProvider']",False,0,0,0,False,False,2,4,38.0,0.09301280975341797,53.0,1110.0,nvml
006875.png,SMALL,onnx_cuda,"['CUDAExecutionProvider', 'CPUExecutionProvider']",False,0,0,0,False,False,0,2,38.0,0.09301280975341797,53.0,1110.0,nvml
006876.png,SMALL,onnx_cuda,"['CUDAExecutionProvider', 'CPUExecutionProvider']",False,0,0,0,False,False,5,8,38.0,0.09301280975341797,53.0,1110.0,nvml
006877.png,SMALL,onnx_cuda,"['CUDAExecutionProvider', 'CPUExecutionProvider']",False,0,0,0,False,False,19,7,38.0,0.09301280975341797,53.0,1110.0,nvml
006878.png,SMALL,onnx_cuda,"['CUDAExecutionProvider', 'CPUExecutionProvider']",False,4,36,1,True,True,48,8,38.0,0.09301280975341797,53.0,1110.0,nvml
006879.png,SMALL,onnx_cuda,"['CUDAExecutionProvider', 'CPUExecutionProvider']",False,1,12,0,True,True,42,10,38.0,0.09301280975341797,53.0,1110.0,nvml
006880.png,SMALL,onnx_cuda,"['CUDAExecutionProvider', 'CPUExecutionProvider']",False,0,0,0,False,False,3,2,39.0,0.09301280975341797,53.0,1110.0,nvml
006881.png,SMALL,onnx_cuda,"['CUDAExecutionProvider', 'CPUExecutionProvider']",False,1,9,1,True,True,19,6,39.0,0.09301280975341797,53.0,1110.0,nvml
006882.png,SMALL,onnx_cuda,"['CUDAExecutionProvider', 'CPUExecutionProvider']",False,0,0,1,True,False,21,6,39.0,0.09301280975341797,53.0,1110.0,nvml
006883.png,SMALL,onnx_cuda,"['CUDAExecutionProvider', 'CPUExecutionProvider']",False,0,0,0,False,False,6,5,39.0,0.09301280975341797,53.0,1110.0,nvml
006884.png,SMALL,onnx_cuda,"['CUDAExecutionProvider', 'CPUExecutionProvider']",False,0,0,0,False,False,1,5,39.0,0.09301280975341797,53.0,1110.0,nvml
006885.png,SMALL,onnx_cuda,"['CUDAExecutionProvider', 'CPUExecutionProvider']",False,0,0,0,False,False,28,9,39.0,0.09301280975341797,53.0,1110.0,nvml
006886.png,SMALL,onnx_cuda,"['CUDAExecutionProvider', 'CPUExecutionProvider']",False,0,0,2,True,False,13,12,39.0,0.09301280975341797,53.0,1110.0,nvml
006887.png,SMALL,onnx_cuda,"['CUDAExecutionProvider', 'CPUExecutionProvider']",False,0,0,1,True,False,3,6,39.0,0.09301280975341797,53.0,1110.0,nvml
006888.png,SMALL,onnx_cuda,"['CUDAExecutionProvider', 'CPUExecutionProvider']",False,0,0,0,False,False,13,6,39.0,0.09301280975341797,53.0,1110.0,nvml
006889.png,SMALL,onnx_cuda,"['CUDAExecutionProvider', 'CPUExecutionProvider']",False,0,0,0,False,False,41,9,39.0,0.09301280975341797,53.0,1110.0,nvml
006890.png,SMALL,onnx_cuda,"['CUDAExecutionProvider', 'CPUExecutionProvider']",False,0,0,0,False,False,0,2,38.0,0.09301280975341797,53.0,1110.0,nvml
006891.png,SMALL,onnx_cuda,"['CUDAExecutionProvider', 'CPUExecutionProvider']",False,0,0,0,False,False,24,5,38.0,0.09301280975341797,53.0,1110.0,nvml
006892.png,SMALL,onnx_cuda,"['CUDAExecutionProvider', 'CPUExecutionProvider']",False,1,8,0,True,True,9,1,38.0,0.09301280975341797,53.0,1110.0,nvml
006893.png,SMALL,onnx_cuda,"['CUDAExecutionProvider', 'CPUExecutionProvider']",False,0,0,0,False,False,0,5,38.0,0.09301280975341797,53.0,1110.0,nvml
006894.png,SMALL,onnx_cuda,"['CUDAExecutionProvider', 'CPUExecutionProvider']",False,5,28,6,True,True,33,13,38.0,0.09301280975341797,53.0,1110.0,nvml
006895.png,SMALL,onnx_cuda,"['CUDAExecutionProvider', 'CPUExecutionProvider']",False,0,0,0,False,False,19,7,38.0,0.09301280975341797,53.0,1110.0,nvml
006896.png,SMALL,onnx_cuda,"['CUDAExecutionProvider', 'CPUExecutionProvider']",False,0,0,0,False,False,15,4,38.0,0.09301280975341797,53.0,1110.0,nvml
006897.png,SMALL,onnx_cuda,"['CUDAExecutionProvider', 'CPUExecutionProvider']",False,0,0,0,False,False,52,11,38.0,0.09301280975341797,53.0,1110.0,nvml
006898.png,SMALL,onnx_cuda,"['CUDAExecutionProvider', 'CPUExecutionProvider']",False,0,0,0,False,False,0,1,38.0,0.09301280975341797,53.0,1110.0,nvml
006899.png,SMALL,onnx_cuda,"['CUDAExecutionProvider', 'CPUExecutionProvider']",False,0,0,0,False,False,10,5,38.0,0.09301280975341797,53.0,1110.0,nvml
006900.png,SMALL,onnx_cuda,"['CUDAExecutionProvider', 'CPUExecutionProvider']",False,0,0,0,False,False,7,3,40.0,0.09301280975341797,53.0,1110.0,nvml
006901.png,SMALL,onnx_cuda,"['CUDAExecutionProvider', 'CPUExecutionProvider']",False,0,0,0,False,False,0,2,40.0,0.09301280975341797,53.0,1110.0,nvml
006902.png,SMALL,onnx_cuda,"['CUDAExecutionProvider', 'CPUExecutionProvider']",False,0,0,0,False,False,49,12,40.0,0.09301280975341797,53.0,1110.0,nvml
006903.png,SMALL,onnx_cuda,"['CUDAExecutionProvider', 'CPUExecutionProvider']",False,1,9,0,True,True,10,1,40.0,0.09301280975341797,53.0,1110.0,nvml
006904.png,SMALL,onnx_cuda,"['CUDAExecutionProvider', 'CPUExecutionProvider']",False,0,0,1,True,False,44,12,40.0,0.09301280975341797,53.0,1110.0,nvml
006905.png,SMALL,onnx_cuda,"['CUDAExecutionProvider', 'CPUExecutionProvider']",False,0,0,0,False,False,12,2,40.0,0.09301280975341797,53.0,1110.0,nvml
006906.png,SMALL,onnx_cuda,"['CUDAExecutionProvider', 'CPUExecutionProvider']",False,0,0,0,False,False,10,4,40.0,0.09301280975341797,53.0,1110.0,nvml
006907.png,SMALL,onnx_cuda,"['CUDAExecutionProvider', 'CPUExecutionProvider']",False,0,0,0,False,False,15,7,40.0,0.09301280975341797,53.0,1110.0,nvml
006908.png,SMALL,onnx_cuda,"['CUDAExecutionProvider', 'CPUExecutionProvider']",False,5,39,3,True,True,60,10,40.0,0.09301280975341797,53.0,1110.0,nvml
006909.png,SMALL,onnx_cuda,"['CUDAExecutionProvider', 'CPUExecutionProvider']",False,0,0,0,False,False,41,6,40.0,0.09301280975341797,53.0,1110.0,nvml
006910.png,SMALL,onnx_cuda,"['CUDAExecutionProvider', 'CPUExecutionProvider']",False,2,27,0,True,True,50,11,39.0,0.09301280975341797,53.0,1102.0,nvml
006911.png,SMALL,onnx_cuda,"['CUDAExecutionProvider', 'CPUExecutionProvider']",False,0,0,1,True,False,16,11,39.0,0.09301280975341797,53.0,1102.0,nvml
006912.png,SMALL,onnx_cuda,"['CUDAExecutionProvider', 'CPUExecutionProvider']",False,1,19,0,True,True,33,6,39.0,0.09301280975341797,53.0,1102.0,nvml
006913.png,SMALL,onnx_cuda,"['CUDAExecutionProvider', 'CPUExecutionProvider']",False,0,0,0,False,False,0,7,39.0,0.09301280975341797,53.0,1102.0,nvml
006914.png,SMALL,onnx_cuda,"['CUDAExecutionProvider', 'CPUExecutionProvider']",False,0,0,0,False,False,30,4,39.0,0.09301280975341797,53.0,1102.0,nvml
006915.png,SMALL,onnx_cuda,"['CUDAExecutionProvider', 'CPUExecutionProvider']",False,0,0,0,False,False,30,3,39.0,0.09301280975341797,53.0,1102.0,nvml
006916.png,SMALL,onnx_cuda,"['CUDAExecutionProvider', 'CPUExecutionProvider']",False,1,24,1,True,True,43,4,39.0,0.09301280975341797,53.0,1102.0,nvml
006917.png,SMALL,onnx_cuda,"['CUDAExecutionProvider', 'CPUExecutionProvider']",False,0,0,0,False,False,35,7,39.0,0.09301280975341797,53.0,1102.0,nvml
006918.png,SMALL,onnx_cuda,"['CUDAExecutionProvider', 'CPUExecutionProvider']",False,0,0,0,False,False,8,3,39.0,0.09301280975341797,53.0,1102.0,nvml
006919.png,SMALL,onnx_cuda,"['CUDAExecutionProvider', 'CPUExecutionProvider']",False,1,9,2,True,True,26,9,39.0,0.09301280975341797,53.0,1102.0,nvml
006920.png,SMALL,onnx_cuda,"['CUDAExecutionProvider', 'CPUExecutionProvider']",False,0,0,0,False,False,41,8,38.0,0.09301280975341797,53.0,1095.0,nvml
006921.png,SMALL,onnx_cuda,"['CUDAExecutionProvider', 'CPUExecutionProvider']",False,0,0,0,False,False,0,3,38.0,0.09301280975341797,53.0,1095.0,nvml
006922.png,SMALL,onnx_cuda,"['CUDAExecutionProvider', 'CPUExecutionProvider']",False,0,0,0,False,False,54,12,38.0,0.09301280975341797,53.0,1095.0,nvml
006923.png,SMALL,onnx_cuda,"['CUDAExecutionProvider', 'CPUExecutionProvider']",False,0,0,1,True,False,24,6,38.0,0.09301280975341797,53.0,1095.0,nvml
006924.png,SMALL,onnx_cuda,"['CUDAExecutionProvider', 'CPUExecutionProvider']",False,0,0,0,False,False,0,3,38.0,0.09301280975341797,53.0,1095.0,nvml
006925.png,SMALL,onnx_cuda,"['CUDAExecutionProvider', 'CPUExecutionProvider']",False,5,13,3,True,True,18,11,38.0,0.09301280975341797,53.0,1095.0,nvml
006926.png,SMALL,onnx_cuda,"['CUDAExecutionProvider', 'CPUExecutionProvider']",False,1,6,1,True,True,79,17,38.0,0.09301280975341797,53.0,1095.0,nvml
006927.png,SMALL,onnx_cuda,"['CUDAExecutionProvider', 'CPUExecutionProvider']",False,0,0,0,False,False,34,10,38.0,0.09301280975341797,53.0,1095.0,nvml
006928.png,SMALL,onnx_cuda,"['CUDAExecutionProvider', 'CPUExecutionProvider']",False,0,0,0,False,False,38,9,38.0,0.09301280975341797,53.0,1095.0,nvml
006929.png,SMALL,onnx_cuda,"['CUDAExecutionProvider', 'CPUExecutionProvider']",False,0,0,1,True,False,35,12,38.0,0.09301280975341797,53.0,1095.0,nvml
006930.png,SMALL,onnx_cuda,"['CUDAExecutionProvider', 'CPUExecutionProvider']",False,0,0,0,False,False,0,2,40.0,0.09301280975341797,53.0,1110.0,nvml
006931.png,SMALL,onnx_cuda,"['CUDAExecutionProvider', 'CPUExecutionProvider']",False,0,0,0,False,False,0,1,40.0,0.09301280975341797,53.0,1110.0,nvml
006932.png,SMALL,onnx_cuda,"['CUDAExecutionProvider', 'CPUExecutionProvider']",False,1,8,0,True,True,87,17,40.0,0.09301280975341797,53.0,1110.0,nvml
006933.png,SMALL,onnx_cuda,"['CUDAExecutionProvider', 'CPUExecutionProvider']",False,0,0,0,False,False,29,4,40.0,0.09301280975341797,53.0,1110.0,nvml
006934.png,SMALL,onnx_cuda,"['CUDAExecutionProvider', 'CPUExecutionProvider']",False,0,0,0,False,False,0,2,40.0,0.09301280975341797,53.0,1110.0,nvml
006935.png,SMALL,onnx_cuda,"['CUDAExecutionProvider', 'CPUExecutionProvider']",False,3,28,0,True,True,31,3,40.0,0.09301280975341797,53.0,1110.0,nvml
006936.png,SMALL,onnx_cuda,"['CUDAExecutionProvider', 'CPUExecutionProvider']",False,0,0,0,False,False,36,8,40.0,0.09301280975341797,53.0,1110.0,nvml
006937.png,SMALL,onnx_cuda,"['CUDAExecutionProvider', 'CPUExecutionProvider']",False,6,50,2,True,True,57,13,40.0,0.09301280975341797,53.0,1110.0,nvml
006938.png,SMALL,onnx_cuda,"['CUDAExecutionProvider', 'CPUExecutionProvider']",False,0,0,0,False,False,17,3,40.0,0.09301280975341797,53.0,1110.0,nvml
006939.png,SMALL,onnx_cuda,"['CUDAExecutionProvider', 'CPUExecutionProvider']",False,0,0,0,False,False,39,6,40.0,0.09301280975341797,53.0,1110.0,nvml
006940.png,SMALL,onnx_cuda,"['CUDAExecutionProvider', 'CPUExecutionProvider']",False,0,0,0,False,False,11,3,39.0,0.09301280975341797,53.0,1110.0,nvml
006941.png,SMALL,onnx_cuda,"['CUDAExecutionProvider', 'CPUExecutionProvider']",False,1,10,0,True,True,11,1,39.0,0.09301280975341797,53.0,1110.0,nvml
006942.png,SMALL,onnx_cuda,"['CUDAExecutionProvider', 'CPUExecutionProvider']",False,1,8,0,True,True,61,15,39.0,0.09301280975341797,53.0,1110.0,nvml
006943.png,SMALL,onnx_cuda,"['CUDAExecutionProvider', 'CPUExecutionProvider']",False,0,0,0,False,False,36,8,39.0,0.09301280975341797,53.0,1110.0,nvml
006944.png,SMALL,onnx_cuda,"['CUDAExecutionProvider', 'CPUExecutionProvider']",False,0,0,0,False,False,4,10,39.0,0.09301280975341797,53.0,1110.0,nvml
006945.png,SMALL,onnx_cuda,"['CUDAExecutionProvider', 'CPUExecutionProvider']",False,0,0,0,False,False,22,7,39.0,0.09301280975341797,53.0,1110.0,nvml
006946.png,SMALL,onnx_cuda,"['CUDAExecutionProvider', 'CPUExecutionProvider']",False,0,0,0,False,False,6,7,39.0,0.09301280975341797,53.0,1110.0,nvml
006947.png,SMALL,onnx_cuda,"['CUDAExecutionProvider', 'CPUExecutionProvider']",False,0,0,0,False,False,0,3,39.0,0.09301280975341797,53.0,1110.0,nvml
006948.png,SMALL,onnx_cuda,"['CUDAExecutionProvider', 'CPUExecutionProvider']",False,0,0,0,False,False,26,15,39.0,0.09301280975341797,53.0,1110.0,nvml
006949.png,SMALL,onnx_cuda,"['CUDAExecutionProvider', 'CPUExecutionProvider']",False,0,0,0,False,False,6,3,39.0,0.09301280975341797,53.0,1110.0,nvml
006950.png,SMALL,onnx_cuda,"['CUDAExecutionProvider', 'CPUExecutionProvider']",False,0,0,0,False,False,31,12,39.0,0.09301280975341797,53.0,1110.0,nvml
006951.png,SMALL,onnx_cuda,"['CUDAExecutionProvider', 'CPUExecutionProvider']",False,1,7,0,True,True,8,1,39.0,0.09301280975341797,53.0,1110.0,nvml
006952.png,SMALL,onnx_cuda,"['CUDAExecutionProvider', 'CPUExecutionProvider']",False,0,0,1,True,False,48,15,39.0,0.09301280975341797,53.0,1110.0,nvml
006953.png,SMALL,onnx_cuda,"['CUDAExecutionProvider', 'CPUExecutionProvider']",False,0,0,0,False,False,55,11,39.0,0.09301280975341797,53.0,1110.0,nvml
006954.png,SMALL,onnx_cuda,"['CUDAExecutionProvider', 'CPUExecutionProvider']",False,0,0,0,False,False,5,8,39.0,0.09301280975341797,53.0,1110.0,nvml
006955.png,SMALL,onnx_cuda,"['CUDAExecutionProvider', 'CPUExecutionProvider']",False,1,9,0,True,True,10,1,39.0,0.09301280975341797,53.0,1110.0,nvml
006956.png,SMALL,onnx_cuda,"['CUDAExecutionProvider', 'CPUExecutionProvider']",False,0,8,0,False,True,21,8,39.0,0.09301280975341797,53.0,1110.0,nvml
006957.png,SMALL,onnx_cuda,"['CUDAExecutionProvider', 'CPUExecutionProvider']",False,1,1,3,True,True,19,9,39.0,0.09301280975341797,53.0,1110.0,nvml
006958.png,SMALL,onnx_cuda,"['CUDAExecutionProvider', 'CPUExecutionProvider']",False,0,0,0,False,False,15,12,39.0,0.09301280975341797,53.0,1110.0,nvml
006959.png,SMALL,onnx_cuda,"['CUDAExecutionProvider', 'CPUExecutionProvider']",False,0,0,0,False,False,16,5,39.0,0.09301280975341797,53.0,1110.0,nvml
006960.png,SMALL,onnx_cuda,"['CUDAExecutionProvider', 'CPUExecutionProvider']",False,0,0,0,False,False,36,13,39.0,0.09301280975341797,53.0,1110.0,nvml
006961.png,SMALL,onnx_cuda,"['CUDAExecutionProvider', 'CPUExecutionProvider']",False,0,2,0,False,True,35,8,39.0,0.09301280975341797,53.0,1110.0,nvml
006962.png,SMALL,onnx_cuda,"['CUDAExecutionProvider', 'CPUExecutionProvider']",False,0,0,2,True,False,0,6,39.0,0.09301280975341797,53.0,1110.0,nvml
006963.png,SMALL,onnx_cuda,"['CUDAExecutionProvider', 'CPUExecutionProvider']",False,0,0,0,False,False,1,7,39.0,0.09301280975341797,53.0,1110.0,nvml
006964.png,SMALL,onnx_cuda,"['CUDAExecutionProvider', 'CPUExecutionProvider']",False,0,0,0,False,False,0,6,39.0,0.09301280975341797,53.0,1110.0,nvml
006965.png,SMALL,onnx_cuda,"['CUDAExecutionProvider', 'CPUExecutionProvider']",False,0,0,0,False,False,20,2,39.0,0.09301280975341797,53.0,1110.0,nvml
006966.png,SMALL,onnx_cuda,"['CUDAExecutionProvider', 'CPUExecutionProvider']",False,0,0,0,False,False,1,3,39.0,0.09301280975341797,53.0,1110.0,nvml
006967.png,SMALL,onnx_cuda,"['CUDAExecutionProvider', 'CPUExecutionProvider']",False,0,0,0,False,False,17,10,39.0,0.09301280975341797,53.0,1110.0,nvml
006968.png,SMALL,onnx_cuda,"['CUDAExecutionProvider', 'CPUExecutionProvider']",False,0,0,1,True,False,35,9,39.0,0.09301280975341797,53.0,1110.0,nvml
006969.png,SMALL,onnx_cuda,"['CUDAExecutionProvider', 'CPUExecutionProvider']",False,1,10,2,True,True,11,7,39.0,0.09301280975341797,53.0,1110.0,nvml
006970.png,SMALL,onnx_cuda,"['CUDAExecutionProvider', 'CPUExecutionProvider']",False,0,0,0,False,False,16,8,39.0,0.09301280975341797,53.0,1110.0,nvml
006971.png,SMALL,onnx_cuda,"['CUDAExecutionProvider', 'CPUExecutionProvider']",False,0,1,4,True,True,2,9,39.0,0.09301280975341797,53.0,1110.0,nvml
006972.png,SMALL,onnx_cuda,"['CUDAExecutionProvider', 'CPUExecutionProvider']",False,0,0,0,False,False,45,5,39.0,0.09301280975341797,53.0,1110.0,nvml
006973.png,SMALL,onnx_cuda,"['CUDAExecutionProvider', 'CPUExecutionProvider']",False,0,0,0,False,False,16,8,39.0,0.09301280975341797,53.0,1110.0,nvml
006974.png,SMALL,onnx_cuda,"['CUDAExecutionProvider', 'CPUExecutionProvider']",False,0,2,0,False,True,13,3,39.0,0.09301280975341797,53.0,1110.0,nvml
006975.png,SMALL,onnx_cuda,"['CUDAExecutionProvider', 'CPUExecutionProvider']",False,0,0,0,False,False,13,7,39.0,0.09301280975341797,53.0,1110.0,nvml
006976.png,SMALL,onnx_cuda,"['CUDAExecutionProvider', 'CPUExecutionProvider']",False,0,0,0,False,False,0,4,39.0,0.09301280975341797,53.0,1110.0,nvml
006977.png,SMALL,onnx_cuda,"['CUDAExecutionProvider', 'CPUExecutionProvider']",False,0,0,0,False,False,0,2,39.0,0.09301280975341797,53.0,1110.0,nvml
006978.png,SMALL,onnx_cuda,"['CUDAExecutionProvider', 'CPUExecutionProvider']",False,0,0,0,False,False,31,7,39.0,0.09301280975341797,53.0,1110.0,nvml
006979.png,SMALL,onnx_cuda,"['CUDAExecutionProvider', 'CPUExecutionProvider']",False,0,0,0,False,False,35,8,39.0,0.09301280975341797,53.0,1110.0,nvml
006980.png,SMALL,onnx_cuda,"['CUDAExecutionProvider', 'CPUExecutionProvider']",False,7,47,5,True,True,55,16,39.0,0.09301280975341797,53.0,1110.0,nvml
006981.png,SMALL,onnx_cuda,"['CUDAExecutionProvider', 'CPUExecutionProvider']",False,0,0,0,False,False,0,2,39.0,0.09301280975341797,53.0,1110.0,nvml
006982.png,SMALL,onnx_cuda,"['CUDAExecutionProvider', 'CPUExecutionProvider']",False,0,0,0,False,False,18,7,39.0,0.09301280975341797,53.0,1110.0,nvml
006983.png,SMALL,onnx_cuda,"['CUDAExecutionProvider', 'CPUExecutionProvider']",False,0,0,0,False,False,26,9,39.0,0.09301280975341797,53.0,1110.0,nvml
006984.png,SMALL,onnx_cuda,"['CUDAExecutionProvider', 'CPUExecutionProvider']",False,0,0,0,False,False,29,8,39.0,0.09301280975341797,53.0,1110.0,nvml
006985.png,SMALL,onnx_cuda,"['CUDAExecutionProvider', 'CPUExecutionProvider']",False,1,8,0,True,True,22,9,39.0,0.09301280975341797,53.0,1110.0,nvml
006986.png,SMALL,onnx_cuda,"['CUDAExecutionProvider', 'CPUExecutionProvider']",False,0,0,0,False,False,0,3,39.0,0.09301280975341797,53.0,1110.0,nvml
006987.png,SMALL,onnx_cuda,"['CUDAExecutionProvider', 'CPUExecutionProvider']",False,0,0,0,False,False,32,8,39.0,0.09301280975341797,53.0,1110.0,nvml
006988.png,SMALL,onnx_cuda,"['CUDAExecutionProvider', 'CPUExecutionProvider']",False,0,0,0,False,False,18,2,39.0,0.09301280975341797,53.0,1110.0,nvml
006989.png,SMALL,onnx_cuda,"['CUDAExecutionProvider', 'CPUExecutionProvider']",False,0,0,0,False,False,6,7,39.0,0.09301280975341797,53.0,1110.0,nvml
006990.png,SMALL,onnx_cuda,"['CUDAExecutionProvider', 'CPUExecutionProvider']",False,0,0,0,False,False,48,7,39.0,0.09301280975341797,53.0,1110.0,nvml
006991.png,SMALL,onnx_cuda,"['CUDAExecutionProvider', 'CPUExecutionProvider']",False,0,0,0,False,False,30,7,39.0,0.09301280975341797,53.0,1110.0,nvml
006992.png,SMALL,onnx_cuda,"['CUDAExecutionProvider', 'CPUExecutionProvider']",False,0,0,0,False,False,68,14,39.0,0.09301280975341797,53.0,1110.0,nvml
006993.png,SMALL,onnx_cuda,"['CUDAExecutionProvider', 'CPUExecutionProvider']",False,0,0,0,False,False,31,8,39.0,0.09301280975341797,53.0,1110.0,nvml
006994.png,SMALL,onnx_cuda,"['CUDAExecutionProvider', 'CPUExecutionProvider']",False,0,0,3,True,False,1,5,39.0,0.09301280975341797,53.0,1110.0,nvml
006995.png,SMALL,onnx_cuda,"['CUDAExecutionProvider', 'CPUExecutionProvider']",False,0,2,0,False,True,33,7,39.0,0.09301280975341797,53.0,1110.0,nvml
006996.png,SMALL,onnx_cuda,"['CUDAExecutionProvider', 'CPUExecutionProvider']",False,0,0,0,False,False,19,5,39.0,0.09301280975341797,53.0,1110.0,nvml
006997.png,SMALL,onnx_cuda,"['CUDAExecutionProvider', 'CPUExecutionProvider']",False,2,26,0,True,True,31,9,39.0,0.09301280975341797,53.0,1110.0,nvml
006998.png,SMALL,onnx_cuda,"['CUDAExecutionProvider', 'CPUExecutionProvider']",False,0,0,0,False,False,18,6,39.0,0.09301280975341797,53.0,1110.0,nvml
006999.png,SMALL,onnx_cuda,"['CUDAExecutionProvider', 'CPUExecutionProvider']",False,0,0,0,False,False,8,4,39.0,0.09301280975341797,53.0,1110.0,nvml
007000.png,SMALL,onnx_cuda,"['CUDAExecutionProvider', 'CPUExecutionProvider']",False,0,10,2,True,True,52,11,39.0,0.09301280975341797,53.0,1110.0,nvml
007001.png,SMALL,onnx_cuda,"['CUDAExecutionProvider', 'CPUExecutionProvider']",False,0,0,0,False,False,2,6,39.0,0.09301280975341797,53.0,1110.0,nvml
007002.png,SMALL,onnx_cuda,"['CUDAExecutionProvider', 'CPUExecutionProvider']",False,0,0,0,False,False,21,3,39.0,0.09301280975341797,53.0,1110.0,nvml
007003.png,SMALL,onnx_cuda,"['CUDAExecutionProvider', 'CPUExecutionProvider']",False,0,0,0,False,False,54,10,39.0,0.09301280975341797,53.0,1110.0,nvml
007004.png,SMALL,onnx_cuda,"['CUDAExecutionProvider', 'CPUExecutionProvider']",False,1,6,1,True,True,18,7,39.0,0.09301280975341797,53.0,1110.0,nvml
007005.png,SMALL,onnx_cuda,"['CUDAExecutionProvider', 'CPUExecutionProvider']",False,0,0,0,False,False,40,9,39.0,0.09301280975341797,53.0,1110.0,nvml
007006.png,SMALL,onnx_cuda,"['CUDAExecutionProvider', 'CPUExecutionProvider']",False,0,0,1,True,False,17,5,39.0,0.09301280975341797,53.0,1110.0,nvml
007007.png,SMALL,onnx_cuda,"['CUDAExecutionProvider', 'CPUExecutionProvider']",False,0,0,0,False,False,27,9,39.0,0.09301280975341797,53.0,1110.0,nvml
007008.png,SMALL,onnx_cuda,"['CUDAExecutionProvider', 'CPUExecutionProvider']",False,0,0,0,False,False,2,4,39.0,0.09301280975341797,53.0,1110.0,nvml
007009.png,SMALL,onnx_cuda,"['CUDAExecutionProvider', 'CPUExecutionProvider']",False,0,0,0,False,False,1,2,39.0,0.09301280975341797,53.0,1110.0,nvml
007010.png,SMALL,onnx_cuda,"['CUDAExecutionProvider', 'CPUExecutionProvider']",False,0,0,0,False,False,18,5,39.0,0.09301280975341797,53.0,1110.0,nvml
007011.png,SMALL,onnx_cuda,"['CUDAExecutionProvider', 'CPUExecutionProvider']",False,0,0,0,False,False,50,11,39.0,0.09301280975341797,53.0,1110.0,nvml
007012.png,SMALL,onnx_cuda,"['CUDAExecutionProvider', 'CPUExecutionProvider']",False,0,11,0,False,True,32,8,39.0,0.09301280975341797,53.0,1110.0,nvml
007013.png,SMALL,onnx_cuda,"['CUDAExecutionProvider', 'CPUExecutionProvider']",False,0,0,0,False,False,20,14,39.0,0.09301280975341797,53.0,1110.0,nvml
007014.png,SMALL,onnx_cuda,"['CUDAExecutionProvider', 'CPUExecutionProvider']",False,0,0,0,False,False,33,14,39.0,0.09301280975341797,53.0,1110.0,nvml
007015.png,SMALL,onnx_cuda,"['CUDAExecutionProvider', 'CPUExecutionProvider']",False,0,0,0,False,False,40,13,39.0,0.09301280975341797,53.0,1110.0,nvml
007016.png,SMALL,onnx_cuda,"['CUDAExecutionProvider', 'CPUExecutionProvider']",False,3,36,1,True,True,66,11,39.0,0.09301280975341797,53.0,1110.0,nvml
007017.png,SMALL,onnx_cuda,"['CUDAExecutionProvider', 'CPUExecutionProvider']",False,1,10,0,True,True,11,1,39.0,0.09301280975341797,53.0,1110.0,nvml
007018.png,SMALL,onnx_cuda,"['CUDAExecutionProvider', 'CPUExecutionProvider']",False,6,33,0,True,True,49,9,39.0,0.09301280975341797,53.0,1110.0,nvml
007019.png,SMALL,onnx_cuda,"['CUDAExecutionProvider', 'CPUExecutionProvider']",False,0,0,0,False,False,29,11,39.0,0.09301280975341797,53.0,1110.0,nvml
007020.png,SMALL,onnx_cuda,"['CUDAExecutionProvider', 'CPUExecutionProvider']",False,0,0,0,False,False,20,8,39.0,0.09301280975341797,53.0,1095.0,nvml
007021.png,SMALL,onnx_cuda,"['CUDAExecutionProvider', 'CPUExecutionProvider']",False,0,0,3,True,False,37,10,39.0,0.09301280975341797,53.0,1095.0,nvml
007022.png,SMALL,onnx_cuda,"['CUDAExecutionProvider', 'CPUExecutionProvider']",False,0,0,0,False,False,27,7,39.0,0.09301280975341797,53.0,1095.0,nvml
007023.png,SMALL,onnx_cuda,"['CUDAExecutionProvider', 'CPUExecutionProvider']",False,1,9,0,True,True,10,1,39.0,0.09301280975341797,53.0,1095.0,nvml
007024.png,SMALL,onnx_cuda,"['CUDAExecutionProvider', 'CPUExecutionProvider']",False,0,0,0,False,False,7,2,39.0,0.09301280975341797,53.0,1095.0,nvml
007025.png,SMALL,onnx_cuda,"['CUDAExecutionProvider', 'CPUExecutionProvider']",False,0,0,0,False,False,10,3,39.0,0.09301280975341797,53.0,1095.0,nvml
007026.png,SMALL,onnx_cuda,"['CUDAExecutionProvider', 'CPUExecutionProvider']",False,0,0,0,False,False,64,12,39.0,0.09301280975341797,53.0,1095.0,nvml
007027.png,SMALL,onnx_cuda,"['CUDAExecutionProvider', 'CPUExecutionProvider']",False,0,0,0,False,False,38,7,39.0,0.09301280975341797,53.0,1095.0,nvml
007028.png,SMALL,onnx_cuda,"['CUDAExecutionProvider', 'CPUExecutionProvider']",False,0,0,0,False,False,21,7,39.0,0.09301280975341797,53.0,1095.0,nvml
007029.png,SMALL,onnx_cuda,"['CUDAExecutionProvider', 'CPUExecutionProvider']",False,0,0,0,False,False,18,7,39.0,0.09301280975341797,53.0,1095.0,nvml
007030.png,SMALL,onnx_cuda,"['CUDAExecutionProvider', 'CPUExecutionProvider']",False,0,0,0,False,False,10,3,39.0,0.09301280975341797,53.0,1087.0,nvml
007031.png,SMALL,onnx_cuda,"['CUDAExecutionProvider', 'CPUExecutionProvider']",False,0,0,0,False,False,35,12,39.0,0.09301280975341797,53.0,1087.0,nvml
007032.png,SMALL,onnx_cuda,"['CUDAExecutionProvider', 'CPUExecutionProvider']",False,0,0,0,False,False,27,7,39.0,0.09301280975341797,53.0,1087.0,nvml
007033.png,SMALL,onnx_cuda,"['CUDAExecutionProvider', 'CPUExecutionProvider']",False,0,0,1,True,False,28,8,39.0,0.09301280975341797,53.0,1087.0,nvml
007034.png,SMALL,onnx_cuda,"['CUDAExecutionProvider', 'CPUExecutionProvider']",False,0,0,1,True,False,32,5,39.0,0.09301280975341797,53.0,1087.0,nvml
007035.png,SMALL,onnx_cuda,"['CUDAExecutionProvider', 'CPUExecutionProvider']",False,0,0,0,False,False,14,11,39.0,0.09301280975341797,53.0,1087.0,nvml
007036.png,SMALL,onnx_cuda,"['CUDAExecutionProvider', 'CPUExecutionProvider']",False,1,9,0,True,True,10,1,39.0,0.09301280975341797,53.0,1087.0,nvml
007037.png,SMALL,onnx_cuda,"['CUDAExecutionProvider', 'CPUExecutionProvider']",False,0,0,0,False,False,21,3,39.0,0.09301280975341797,53.0,1087.0,nvml
007038.png,SMALL,onnx_cuda,"['CUDAExecutionProvider', 'CPUExecutionProvider']",False,0,0,0,False,False,1,4,39.0,0.09301280975341797,53.0,1087.0,nvml
007039.png,SMALL,onnx_cuda,"['CUDAExecutionProvider', 'CPUExecutionProvider']",False,0,0,0,False,False,22,10,39.0,0.09301280975341797,53.0,1087.0,nvml
007040.png,SMALL,onnx_cuda,"['CUDAExecutionProvider', 'CPUExecutionProvider']",False,0,0,0,False,False,0,1,40.0,0.09301280975341797,53.0,1087.0,nvml
007041.png,SMALL,onnx_cuda,"['CUDAExecutionProvider', 'CPUExecutionProvider']",False,0,0,0,False,False,23,8,40.0,0.09301280975341797,53.0,1087.0,nvml
007042.png,SMALL,onnx_cuda,"['CUDAExecutionProvider', 'CPUExecutionProvider']",False,0,0,0,False,False,1,10,40.0,0.09301280975341797,53.0,1087.0,nvml
007043.png,SMALL,onnx_cuda,"['CUDAExecutionProvider', 'CPUExecutionProvider']",False,0,0,0,False,False,44,8,40.0,0.09301280975341797,53.0,1087.0,nvml
007044.png,SMALL,onnx_cuda,"['CUDAExecutionProvider', 'CPUExecutionProvider']",False,0,0,0,False,False,6,5,40.0,0.09301280975341797,53.0,1087.0,nvml
007045.png,SMALL,onnx_cuda,"['CUDAExecutionProvider', 'CPUExecutionProvider']",False,0,0,3,True,False,23,11,40.0,0.09301280975341797,53.0,1087.0,nvml
007046.png,SMALL,onnx_cuda,"['CUDAExecutionProvider', 'CPUExecutionProvider']",False,0,0,1,True,False,72,15,40.0,0.09301280975341797,53.0,1087.0,nvml
007047.png,SMALL,onnx_cuda,"['CUDAExecutionProvider', 'CPUExecutionProvider']",False,0,0,0,False,False,32,11,40.0,0.09301280975341797,53.0,1087.0,nvml
007048.png,SMALL,onnx_cuda,"['CUDAExecutionProvider', 'CPUExecutionProvider']",False,0,0,0,False,False,9,3,40.0,0.09301280975341797,53.0,1087.0,nvml
007049.png,SMALL,onnx_cuda,"['CUDAExecutionProvider', 'CPUExecutionProvider']",False,0,2,1,True,True,13,4,40.0,0.09301280975341797,53.0,1087.0,nvml
007050.png,SMALL,onnx_cuda,"['CUDAExecutionProvider', 'CPUExecutionProvider']",False,0,0,0,False,False,5,9,40.0,0.09301280975341797,53.0,1087.0,nvml
007051.png,SMALL,onnx_cuda,"['CUDAExecutionProvider', 'CPUExecutionProvider']",False,0,0,0,False,False,29,10,40.0,0.09301280975341797,53.0,1087.0,nvml
007052.png,SMALL,onnx_cuda,"['CUDAExecutionProvider', 'CPUExecutionProvider']",False,0,13,1,True,True,19,10,40.0,0.09301280975341797,53.0,1087.0,nvml
007053.png,SMALL,onnx_cuda,"['CUDAExecutionProvider', 'CPUExecutionProvider']",False,2,12,0,True,True,30,8,40.0,0.09301280975341797,53.0,1087.0,nvml
007054.png,SMALL,onnx_cuda,"['CUDAExecutionProvider', 'CPUExecutionProvider']",False,0,0,0,False,False,0,4,40.0,0.09301280975341797,53.0,1087.0,nvml
007055.png,SMALL,onnx_cuda,"['CUDAExecutionProvider', 'CPUExecutionProvider']",False,0,9,0,False,True,12,5,40.0,0.09301280975341797,53.0,1087.0,nvml
007056.png,SMALL,onnx_cuda,"['CUDAExecutionProvider', 'CPUExecutionProvider']",False,0,0,1,True,False,18,10,40.0,0.09301280975341797,53.0,1087.0,nvml
007057.png,SMALL,onnx_cuda,"['CUDAExecutionProvider', 'CPUExecutionProvider']",False,0,0,0,False,False,0,4,40.0,0.09301280975341797,53.0,1087.0,nvml
007058.png,SMALL,onnx_cuda,"['CUDAExecutionProvider', 'CPUExecutionProvider']",False,0,1,0,False,True,9,5,40.0,0.09301280975341797,53.0,1087.0,nvml
007059.png,SMALL,onnx_cuda,"['CUDAExecutionProvider', 'CPUExecutionProvider']",False,0,0,0,False,False,26,6,40.0,0.09301280975341797,53.0,1087.0,nvml
007060.png,SMALL,onnx_cuda,"['CUDAExecutionProvider', 'CPUExecutionProvider']",False,0,0,0,False,False,34,6,40.0,0.09301280975341797,53.0,1087.0,nvml
007061.png,SMALL,onnx_cuda,"['CUDAExecutionProvider', 'CPUExecutionProvider']",False,0,0,0,False,False,19,7,40.0,0.09301280975341797,53.0,1087.0,nvml
007062.png,SMALL,onnx_cuda,"['CUDAExecutionProvider', 'CPUExecutionProvider']",False,0,0,0,False,False,10,4,40.0,0.09301280975341797,53.0,1087.0,nvml
007063.png,SMALL,onnx_cuda,"['CUDAExecutionProvider', 'CPUExecutionProvider']",False,0,0,0,False,False,13,5,40.0,0.09301280975341797,53.0,1087.0,nvml
007064.png,SMALL,onnx_cuda,"['CUDAExecutionProvider', 'CPUExecutionProvider']",False,0,0,0,False,False,6,8,40.0,0.09301280975341797,53.0,1087.0,nvml
007065.png,SMALL,onnx_cuda,"['CUDAExecutionProvider', 'CPUExecutionProvider']",False,0,0,0,False,False,39,6,40.0,0.09301280975341797,53.0,1087.0,nvml
007066.png,SMALL,onnx_cuda,"['CUDAExecutionProvider', 'CPUExecutionProvider']",False,0,0,0,False,False,31,11,40.0,0.09301280975341797,53.0,1087.0,nvml
007067.png,SMALL,onnx_cuda,"['CUDAExecutionProvider', 'CPUExecutionProvider']",False,0,0,2,True,False,45,11,40.0,0.09301280975341797,53.0,1087.0,nvml
007068.png,SMALL,onnx_cuda,"['CUDAExecutionProvider', 'CPUExecutionProvider']",False,0,0,0,False,False,12,4,40.0,0.09301280975341797,53.0,1087.0,nvml
007069.png,SMALL,onnx_cuda,"['CUDAExecutionProvider', 'CPUExecutionProvider']",False,0,0,0,False,False,28,10,40.0,0.09301280975341797,53.0,1087.0,nvml
007070.png,SMALL,onnx_cuda,"['CUDAExecutionProvider', 'CPUExecutionProvider']",False,0,0,3,True,False,11,9,40.0,0.09301280975341797,53.0,1087.0,nvml
007071.png,SMALL,onnx_cuda,"['CUDAExecutionProvider', 'CPUExecutionProvider']",False,0,0,0,False,False,31,13,40.0,0.09301280975341797,53.0,1087.0,nvml
007072.png,SMALL,onnx_cuda,"['CUDAExecutionProvider', 'CPUExecutionProvider']",False,0,0,1,True,False,0,2,40.0,0.09301280975341797,53.0,1087.0,nvml
007073.png,SMALL,onnx_cuda,"['CUDAExecutionProvider', 'CPUExecutionProvider']",False,1,10,0,True,True,11,1,40.0,0.09301280975341797,53.0,1087.0,nvml
007074.png,SMALL,onnx_cuda,"['CUDAExecutionProvider', 'CPUExecutionProvider']",False,0,0,0,False,False,12,2,40.0,0.09301280975341797,53.0,1087.0,nvml
007075.png,SMALL,onnx_cuda,"['CUDAExecutionProvider', 'CPUExecutionProvider']",False,1,0,0,True,True,1,1,40.0,0.09301280975341797,53.0,1087.0,nvml
007076.png,SMALL,onnx_cuda,"['CUDAExecutionProvider', 'CPUExecutionProvider']",False,0,0,0,False,False,9,3,40.0,0.09301280975341797,53.0,1087.0,nvml
007077.png,SMALL,onnx_cuda,"['CUDAExecutionProvider', 'CPUExecutionProvider']",False,1,10,0,True,True,20,2,40.0,0.09301280975341797,53.0,1087.0,nvml
007078.png,SMALL,onnx_cuda,"['CUDAExecutionProvider', 'CPUExecutionProvider']",False,0,0,0,False,False,16,4,40.0,0.09301280975341797,53.0,1087.0,nvml
007079.png,SMALL,onnx_cuda,"['CUDAExecutionProvider', 'CPUExecutionProvider']",False,0,0,0,False,False,8,3,40.0,0.09301280975341797,53.0,1087.0,nvml
007080.png,SMALL,onnx_cuda,"['CUDAExecutionProvider', 'CPUExecutionProvider']",False,1,1,0,True,True,2,2,40.0,0.09301280975341797,53.0,1087.0,nvml
007081.png,SMALL,onnx_cuda,"['CUDAExecutionProvider', 'CPUExecutionProvider']",False,0,0,0,False,False,46,10,40.0,0.09301280975341797,53.0,1087.0,nvml
007082.png,SMALL,onnx_cuda,"['CUDAExecutionProvider', 'CPUExecutionProvider']",False,0,0,0,False,False,3,1,40.0,0.09301280975341797,53.0,1087.0,nvml
007083.png,SMALL,onnx_cuda,"['CUDAExecutionProvider', 'CPUExecutionProvider']",False,0,0,0,False,False,10,3,40.0,0.09301280975341797,53.0,1087.0,nvml
007084.png,SMALL,onnx_cuda,"['CUDAExecutionProvider', 'CPUExecutionProvider']",False,1,8,0,True,True,9,1,40.0,0.09301280975341797,53.0,1087.0,nvml
007085.png,SMALL,onnx_cuda,"['CUDAExecutionProvider', 'CPUExecutionProvider']",False,0,0,0,False,False,20,5,40.0,0.09301280975341797,53.0,1087.0,nvml
007086.png,SMALL,onnx_cuda,"['CUDAExecutionProvider', 'CPUExecutionProvider']",False,0,0,0,False,False,0,1,40.0,0.09301280975341797,53.0,1087.0,nvml
007087.png,SMALL,onnx_cuda,"['CUDAExecutionProvider', 'CPUExecutionProvider']",False,0,0,0,False,False,28,10,40.0,0.09301280975341797,53.0,1087.0,nvml
007088.png,SMALL,onnx_cuda,"['CUDAExecutionProvider', 'CPUExecutionProvider']",False,0,0,0,False,False,24,6,40.0,0.09301280975341797,53.0,1087.0,nvml
007089.png,SMALL,onnx_cuda,"['CUDAExecutionProvider', 'CPUExecutionProvider']",False,0,0,0,False,False,11,4,40.0,0.09301280975341797,53.0,1087.0,nvml
007090.png,SMALL,onnx_cuda,"['CUDAExecutionProvider', 'CPUExecutionProvider']",False,0,0,0,False,False,2,4,40.0,0.09301280975341797,53.0,1087.0,nvml
007091.png,SMALL,onnx_cuda,"['CUDAExecutionProvider', 'CPUExecutionProvider']",False,0,0,0,False,False,30,7,40.0,0.09301280975341797,53.0,1087.0,nvml
007092.png,SMALL,onnx_cuda,"['CUDAExecutionProvider', 'CPUExecutionProvider']",False,0,3,2,True,True,3,5,40.0,0.09301280975341797,53.0,1087.0,nvml
007093.png,SMALL,onnx_cuda,"['CUDAExecutionProvider', 'CPUExecutionProvider']",False,0,0,0,False,False,29,6,40.0,0.09301280975341797,53.0,1087.0,nvml
007094.png,SMALL,onnx_cuda,"['CUDAExecutionProvider', 'CPUExecutionProvider']",False,3,25,5,True,True,28,8,40.0,0.09301280975341797,53.0,1087.0,nvml
007095.png,SMALL,onnx_cuda,"['CUDAExecutionProvider', 'CPUExecutionProvider']",False,0,0,0,False,False,10,6,40.0,0.09301280975341797,53.0,1087.0,nvml
007096.png,SMALL,onnx_cuda,"['CUDAExecutionProvider', 'CPUExecutionProvider']",False,0,0,0,False,False,40,7,40.0,0.09301280975341797,53.0,1087.0,nvml
007097.png,SMALL,onnx_cuda,"['CUDAExecutionProvider', 'CPUExecutionProvider']",False,0,0,0,False,False,22,5,40.0,0.09301280975341797,53.0,1087.0,nvml
007098.png,SMALL,onnx_cuda,"['CUDAExecutionProvider', 'CPUExecutionProvider']",False,0,15,0,False,True,21,6,40.0,0.09301280975341797,53.0,1087.0,nvml
007099.png,SMALL,onnx_cuda,"['CUDAExecutionProvider', 'CPUExecutionProvider']",False,0,0,1,True,False,83,16,40.0,0.09301280975341797,53.0,1087.0,nvml
007100.png,SMALL,onnx_cuda,"['CUDAExecutionProvider', 'CPUExecutionProvider']",False,0,0,0,False,False,35,6,40.0,0.09301280975341797,53.0,1087.0,nvml
007101.png,SMALL,onnx_cuda,"['CUDAExecutionProvider', 'CPUExecutionProvider']",False,0,0,0,False,False,58,17,40.0,0.09301280975341797,53.0,1087.0,nvml
007102.png,SMALL,onnx_cuda,"['CUDAExecutionProvider', 'CPUExecutionProvider']",False,0,0,0,False,False,33,15,40.0,0.09301280975341797,53.0,1087.0,nvml
007103.png,SMALL,onnx_cuda,"['CUDAExecutionProvider', 'CPUExecutionProvider']",False,0,0,1,True,False,19,5,40.0,0.09301280975341797,53.0,1087.0,nvml
007104.png,SMALL,onnx_cuda,"['CUDAExecutionProvider', 'CPUExecutionProvider']",False,0,0,0,False,False,25,6,40.0,0.09301280975341797,53.0,1087.0,nvml
007105.png,SMALL,onnx_cuda,"['CUDAExecutionProvider', 'CPUExecutionProvider']",False,0,2,0,False,True,14,4,40.0,0.09301280975341797,53.0,1087.0,nvml
007106.png,SMALL,onnx_cuda,"['CUDAExecutionProvider', 'CPUExecutionProvider']",False,0,0,0,False,False,7,4,40.0,0.09301280975341797,53.0,1087.0,nvml
007107.png,SMALL,onnx_cuda,"['CUDAExecutionProvider', 'CPUExecutionProvider']",False,0,4,0,False,True,42,12,40.0,0.09301280975341797,53.0,1087.0,nvml
007108.png,SMALL,onnx_cuda,"['CUDAExecutionProvider', 'CPUExecutionProvider']",False,0,0,0,False,False,30,6,40.0,0.09301280975341797,53.0,1087.0,nvml
007109.png,SMALL,onnx_cuda,"['CUDAExecutionProvider', 'CPUExecutionProvider']",False,6,47,4,True,True,65,15,40.0,0.09301280975341797,53.0,1087.0,nvml
007110.png,SMALL,onnx_cuda,"['CUDAExecutionProvider', 'CPUExecutionProvider']",False,1,9,0,True,True,10,1,40.0,0.09301280975341797,53.0,1087.0,nvml
007111.png,SMALL,onnx_cuda,"['CUDAExecutionProvider', 'CPUExecutionProvider']",False,0,0,0,False,False,22,2,40.0,0.09301280975341797,53.0,1087.0,nvml
007112.png,SMALL,onnx_cuda,"['CUDAExecutionProvider', 'CPUExecutionProvider']",False,0,0,0,False,False,3,1,40.0,0.09301280975341797,53.0,1087.0,nvml
007113.png,SMALL,onnx_cuda,"['CUDAExecutionProvider', 'CPUExecutionProvider']",False,0,0,0,False,False,0,2,40.0,0.09301280975341797,53.0,1087.0,nvml
007114.png,SMALL,onnx_cuda,"['CUDAExecutionProvider', 'CPUExecutionProvider']",False,0,3,0,False,True,34,12,40.0,0.09301280975341797,53.0,1087.0,nvml
007115.png,SMALL,onnx_cuda,"['CUDAExecutionProvider', 'CPUExecutionProvider']",False,0,0,1,True,False,0,2,40.0,0.09301280975341797,53.0,1087.0,nvml
007116.png,SMALL,onnx_cuda,"['CUDAExecutionProvider', 'CPUExecutionProvider']",False,0,2,0,False,True,29,6,40.0,0.09301280975341797,53.0,1087.0,nvml
007117.png,SMALL,onnx_cuda,"['CUDAExecutionProvider', 'CPUExecutionProvider']",False,0,0,0,False,False,20,8,40.0,0.09301280975341797,53.0,1087.0,nvml
007118.png,SMALL,onnx_cuda,"['CUDAExecutionProvider', 'CPUExecutionProvider']",False,1,3,1,True,True,4,4,40.0,0.09301280975341797,53.0,1087.0,nvml
007119.png,SMALL,onnx_cuda,"['CUDAExecutionProvider', 'CPUExecutionProvider']",False,0,0,0,False,False,6,6,40.0,0.09301280975341797,53.0,1087.0,nvml
007120.png,SMALL,onnx_cuda,"['CUDAExecutionProvider', 'CPUExecutionProvider']",False,0,2,0,False,True,10,6,40.0,0.09301280975341797,53.0,1087.0,nvml
007121.png,SMALL,onnx_cuda,"['CUDAExecutionProvider', 'CPUExecutionProvider']",False,0,0,1,True,False,30,11,40.0,0.09301280975341797,53.0,1087.0,nvml
007122.png,SMALL,onnx_cuda,"['CUDAExecutionProvider', 'CPUExecutionProvider']",False,0,3,1,True,True,10,7,40.0,0.09301280975341797,53.0,1087.0,nvml
007123.png,SMALL,onnx_cuda,"['CUDAExecutionProvider', 'CPUExecutionProvider']",False,0,0,1,True,False,53,8,40.0,0.09301280975341797,53.0,1087.0,nvml
007124.png,SMALL,onnx_cuda,"['CUDAExecutionProvider', 'CPUExecutionProvider']",False,0,0,0,False,False,25,7,40.0,0.09301280975341797,53.0,1087.0,nvml
007125.png,SMALL,onnx_cuda,"['CUDAExecutionProvider', 'CPUExecutionProvider']",False,0,0,0,False,False,4,4,40.0,0.09301280975341797,53.0,1087.0,nvml
007126.png,SMALL,onnx_cuda,"['CUDAExecutionProvider', 'CPUExecutionProvider']",False,1,10,0,True,True,11,1,40.0,0.09301280975341797,53.0,1087.0,nvml
007127.png,SMALL,onnx_cuda,"['CUDAExecutionProvider', 'CPUExecutionProvider']",False,0,0,0,False,False,0,2,40.0,0.09301280975341797,53.0,1087.0,nvml
007128.png,SMALL,onnx_cuda,"['CUDAExecutionProvider', 'CPUExecutionProvider']",False,0,0,0,False,False,23,8,40.0,0.09301280975341797,53.0,1087.0,nvml
007129.png,SMALL,onnx_cuda,"['CUDAExecutionProvider', 'CPUExecutionProvider']",False,3,38,4,True,True,51,10,40.0,0.09301280975341797,53.0,1087.0,nvml
007130.png,SMALL,onnx_cuda,"['CUDAExecutionProvider', 'CPUExecutionProvider']",False,1,4,0,True,True,23,5,40.0,0.09301280975341797,53.0,1087.0,nvml
007131.png,SMALL,onnx_cuda,"['CUDAExecutionProvider', 'CPUExecutionProvider']",False,0,0,0,False,False,32,10,40.0,0.09301280975341797,53.0,1087.0,nvml
007132.png,SMALL,onnx_cuda,"['CUDAExecutionProvider', 'CPUExecutionProvider']",False,0,0,1,True,False,45,11,40.0,0.09301280975341797,53.0,1087.0,nvml
007133.png,SMALL,onnx_cuda,"['CUDAExecutionProvider', 'CPUExecutionProvider']",False,0,0,0,False,False,11,3,40.0,0.09301280975341797,53.0,1087.0,nvml
007134.png,SMALL,onnx_cuda,"['CUDAExecutionProvider', 'CPUExecutionProvider']",False,0,0,0,False,False,29,7,40.0,0.09301280975341797,53.0,1087.0,nvml
007135.png,SMALL,onnx_cuda,"['CUDAExecutionProvider', 'CPUExecutionProvider']",False,1,6,0,True,True,41,7,40.0,0.09301280975341797,53.0,1087.0,nvml
007136.png,SMALL,onnx_cuda,"['CUDAExecutionProvider', 'CPUExecutionProvider']",False,2,15,0,True,True,38,10,40.0,0.09301280975341797,53.0,1087.0,nvml
007137.png,SMALL,onnx_cuda,"['CUDAExecutionProvider', 'CPUExecutionProvider']",False,0,0,0,False,False,89,11,40.0,0.09301280975341797,53.0,1087.0,nvml
007138.png,SMALL,onnx_cuda,"['CUDAExecutionProvider', 'CPUExecutionProvider']",False,0,0,0,False,False,51,8,40.0,0.09301280975341797,53.0,1087.0,nvml
007139.png,SMALL,onnx_cuda,"['CUDAExecutionProvider', 'CPUExecutionProvider']",False,0,0,0,False,False,19,6,40.0,0.09301280975341797,53.0,1087.0,nvml
007140.png,SMALL,onnx_cuda,"['CUDAExecutionProvider', 'CPUExecutionProvider']",False,0,0,0,False,False,16,5,40.0,0.09301280975341797,53.0,1080.0,nvml
007141.png,SMALL,onnx_cuda,"['CUDAExecutionProvider', 'CPUExecutionProvider']",False,0,0,0,False,False,4,3,40.0,0.09301280975341797,53.0,1080.0,nvml
007142.png,SMALL,onnx_cuda,"['CUDAExecutionProvider', 'CPUExecutionProvider']",False,0,0,0,False,False,17,8,40.0,0.09301280975341797,53.0,1080.0,nvml
007143.png,SMALL,onnx_cuda,"['CUDAExecutionProvider', 'CPUExecutionProvider']",False,0,0,0,False,False,11,5,40.0,0.09301280975341797,53.0,1080.0,nvml
007144.png,SMALL,onnx_cuda,"['CUDAExecutionProvider', 'CPUExecutionProvider']",False,0,0,0,False,False,17,4,40.0,0.09301280975341797,53.0,1080.0,nvml
007145.png,SMALL,onnx_cuda,"['CUDAExecutionProvider', 'CPUExecutionProvider']",False,0,0,0,False,False,16,8,40.0,0.09301280975341797,53.0,1080.0,nvml
007146.png,SMALL,onnx_cuda,"['CUDAExecutionProvider', 'CPUExecutionProvider']",False,0,0,0,False,False,10,4,40.0,0.09301280975341797,53.0,1080.0,nvml
007147.png,SMALL,onnx_cuda,"['CUDAExecutionProvider', 'CPUExecutionProvider']",False,1,13,0,True,True,42,4,40.0,0.09301280975341797,53.0,1080.0,nvml
007148.png,SMALL,onnx_cuda,"['CUDAExecutionProvider', 'CPUExecutionProvider']",False,0,0,0,False,False,27,5,40.0,0.09301280975341797,53.0,1080.0,nvml
007149.png,SMALL,onnx_cuda,"['CUDAExecutionProvider', 'CPUExecutionProvider']",False,1,5,0,True,True,34,9,40.0,0.09301280975341797,53.0,1080.0,nvml
007150.png,SMALL,onnx_cuda,"['CUDAExecutionProvider', 'CPUExecutionProvider']",False,1,6,0,True,True,8,1,38.0,0.09301280975341797,53.0,1080.0,nvml
007151.png,SMALL,onnx_cuda,"['CUDAExecutionProvider', 'CPUExecutionProvider']",False,0,0,0,False,False,80,11,38.0,0.09301280975341797,53.0,1080.0,nvml
007152.png,SMALL,onnx_cuda,"['CUDAExecutionProvider', 'CPUExecutionProvider']",False,0,0,0,False,False,12,5,38.0,0.09301280975341797,53.0,1080.0,nvml
007153.png,SMALL,onnx_cuda,"['CUDAExecutionProvider', 'CPUExecutionProvider']",False,0,0,0,False,False,39,8,38.0,0.09301280975341797,53.0,1080.0,nvml
007154.png,SMALL,onnx_cuda,"['CUDAExecutionProvider', 'CPUExecutionProvider']",False,0,8,1,True,True,8,1,38.0,0.09301280975341797,53.0,1080.0,nvml
007155.png,SMALL,onnx_cuda,"['CUDAExecutionProvider', 'CPUExecutionProvider']",False,0,0,0,False,False,10,1,38.0,0.09301280975341797,53.0,1080.0,nvml
007156.png,SMALL,onnx_cuda,"['CUDAExecutionProvider', 'CPUExecutionProvider']",False,0,9,2,True,True,67,13,38.0,0.09301280975341797,53.0,1080.0,nvml
007157.png,SMALL,onnx_cuda,"['CUDAExecutionProvider', 'CPUExecutionProvider']",False,1,10,0,True,True,12,5,38.0,0.09301280975341797,53.0,1080.0,nvml
007158.png,SMALL,onnx_cuda,"['CUDAExecutionProvider', 'CPUExecutionProvider']",False,0,0,0,False,False,8,2,38.0,0.09301280975341797,53.0,1080.0,nvml
007159.png,SMALL,onnx_cuda,"['CUDAExecutionProvider', 'CPUExecutionProvider']",False,1,9,1,True,True,10,2,38.0,0.09301280975341797,53.0,1080.0,nvml
007160.png,SMALL,onnx_cuda,"['CUDAExecutionProvider', 'CPUExecutionProvider']",False,0,0,0,False,False,43,8,40.0,0.09301280975341797,53.0,1080.0,nvml
007161.png,SMALL,onnx_cuda,"['CUDAExecutionProvider', 'CPUExecutionProvider']",False,0,11,4,True,True,20,7,40.0,0.09301280975341797,53.0,1080.0,nvml
007162.png,SMALL,onnx_cuda,"['CUDAExecutionProvider', 'CPUExecutionProvider']",False,0,0,0,False,False,37,9,40.0,0.09301280975341797,53.0,1080.0,nvml
007163.png,SMALL,onnx_cuda,"['CUDAExecutionProvider', 'CPUExecutionProvider']",False,0,0,0,False,False,32,11,40.0,0.09301280975341797,53.0,1080.0,nvml
007164.png,SMALL,onnx_cuda,"['CUDAExecutionProvider', 'CPUExecutionProvider']",False,0,0,0,False,False,11,4,40.0,0.09301280975341797,53.0,1080.0,nvml
007165.png,SMALL,onnx_cuda,"['CUDAExecutionProvider', 'CPUExecutionProvider']",False,0,0,0,False,False,20,6,40.0,0.09301280975341797,53.0,1080.0,nvml
007166.png,SMALL,onnx_cuda,"['CUDAExecutionProvider', 'CPUExecutionProvider']",False,0,0,0,False,False,41,10,40.0,0.09301280975341797,53.0,1080.0,nvml
007167.png,SMALL,onnx_cuda,"['CUDAExecutionProvider', 'CPUExecutionProvider']",False,0,0,0,False,False,16,7,40.0,0.09301280975341797,53.0,1080.0,nvml
007168.png,SMALL,onnx_cuda,"['CUDAExecutionProvider', 'CPUExecutionProvider']",False,0,0,1,True,False,7,6,40.0,0.09301280975341797,53.0,1080.0,nvml
007169.png,SMALL,onnx_cuda,"['CUDAExecutionProvider', 'CPUExecutionProvider']",False,0,0,0,False,False,33,9,40.0,0.09301280975341797,53.0,1080.0,nvml
007170.png,SMALL,onnx_cuda,"['CUDAExecutionProvider', 'CPUExecutionProvider']",False,0,0,0,False,False,1,4,40.0,0.09301280975341797,53.0,1080.0,nvml
007171.png,SMALL,onnx_cuda,"['CUDAExecutionProvider', 'CPUExecutionProvider']",False,0,0,0,False,False,52,12,40.0,0.09301280975341797,53.0,1080.0,nvml
007172.png,SMALL,onnx_cuda,"['CUDAExecutionProvider', 'CPUExecutionProvider']",False,0,0,0,False,False,6,5,40.0,0.09301280975341797,53.0,1080.0,nvml
007173.png,SMALL,onnx_cuda,"['CUDAExecutionProvider', 'CPUExecutionProvider']",False,0,0,0,False,False,7,2,40.0,0.09301280975341797,53.0,1080.0,nvml
007174.png,SMALL,onnx_cuda,"['CUDAExecutionProvider', 'CPUExecutionProvider']",False,0,0,0,False,False,30,13,40.0,0.09301280975341797,53.0,1080.0,nvml
007175.png,SMALL,onnx_cuda,"['CUDAExecutionProvider', 'CPUExecutionProvider']",False,0,0,0,False,False,0,1,40.0,0.09301280975341797,53.0,1080.0,nvml
007176.png,SMALL,onnx_cuda,"['CUDAExecutionProvider', 'CPUExecutionProvider']",False,0,0,0,False,False,4,5,40.0,0.09301280975341797,53.0,1080.0,nvml
007177.png,SMALL,onnx_cuda,"['CUDAExecutionProvider', 'CPUExecutionProvider']",False,0,0,2,True,False,29,9,40.0,0.09301280975341797,53.0,1080.0,nvml
007178.png,SMALL,onnx_cuda,"['CUDAExecutionProvider', 'CPUExecutionProvider']",False,0,0,1,True,False,36,9,40.0,0.09301280975341797,53.0,1080.0,nvml
007179.png,SMALL,onnx_cuda,"['CUDAExecutionProvider', 'CPUExecutionProvider']",False,4,44,0,True,True,50,6,40.0,0.09301280975341797,53.0,1080.0,nvml
007180.png,SMALL,onnx_cuda,"['CUDAExecutionProvider', 'CPUExecutionProvider']",False,0,0,0,False,False,15,4,41.0,0.09301280975341797,53.0,1102.0,nvml
007181.png,SMALL,onnx_cuda,"['CUDAExecutionProvider', 'CPUExecutionProvider']",False,0,0,0,False,False,9,2,41.0,0.09301280975341797,53.0,1102.0,nvml
007182.png,SMALL,onnx_cuda,"['CUDAExecutionProvider', 'CPUExecutionProvider']",False,0,0,3,True,False,45,11,41.0,0.09301280975341797,53.0,1102.0,nvml
007183.png,SMALL,onnx_cuda,"['CUDAExecutionProvider', 'CPUExecutionProvider']",False,0,0,0,False,False,34,9,41.0,0.09301280975341797,53.0,1102.0,nvml
007184.png,SMALL,onnx_cuda,"['CUDAExecutionProvider', 'CPUExecutionProvider']",False,0,0,0,False,False,15,4,41.0,0.09301280975341797,53.0,1102.0,nvml
007185.png,SMALL,onnx_cuda,"['CUDAExecutionProvider', 'CPUExecutionProvider']",False,0,0,1,True,False,37,12,41.0,0.09301280975341797,53.0,1102.0,nvml
007186.png,SMALL,onnx_cuda,"['CUDAExecutionProvider', 'CPUExecutionProvider']",False,0,0,0,False,False,0,4,41.0,0.09301280975341797,53.0,1102.0,nvml
007187.png,SMALL,onnx_cuda,"['CUDAExecutionProvider', 'CPUExecutionProvider']",False,0,0,0,False,False,0,1,41.0,0.09301280975341797,53.0,1102.0,nvml
007188.png,SMALL,onnx_cuda,"['CUDAExecutionProvider', 'CPUExecutionProvider']",False,1,7,0,True,True,8,1,41.0,0.09301280975341797,53.0,1102.0,nvml
007189.png,SMALL,onnx_cuda,"['CUDAExecutionProvider', 'CPUExecutionProvider']",False,4,27,1,True,True,40,7,41.0,0.09301280975341797,53.0,1102.0,nvml
007190.png,SMALL,onnx_cuda,"['CUDAExecutionProvider', 'CPUExecutionProvider']",False,0,0,0,False,False,16,2,39.0,0.09301280975341797,53.0,1102.0,nvml
007191.png,SMALL,onnx_cuda,"['CUDAExecutionProvider', 'CPUExecutionProvider']",False,0,0,0,False,False,16,4,39.0,0.09301280975341797,53.0,1102.0,nvml
007192.png,SMALL,onnx_cuda,"['CUDAExecutionProvider', 'CPUExecutionProvider']",False,0,0,3,True,False,48,11,39.0,0.09301280975341797,53.0,1102.0,nvml
007193.png,SMALL,onnx_cuda,"['CUDAExecutionProvider', 'CPUExecutionProvider']",False,0,0,0,False,False,29,5,39.0,0.09301280975341797,53.0,1102.0,nvml
007194.png,SMALL,onnx_cuda,"['CUDAExecutionProvider', 'CPUExecutionProvider']",False,0,0,0,False,False,16,5,39.0,0.09301280975341797,53.0,1102.0,nvml
007195.png,SMALL,onnx_cuda,"['CUDAExecutionProvider', 'CPUExecutionProvider']",False,0,7,0,False,True,61,12,39.0,0.09301280975341797,53.0,1102.0,nvml
007196.png,SMALL,onnx_cuda,"['CUDAExecutionProvider', 'CPUExecutionProvider']",False,0,0,0,False,False,25,8,39.0,0.09301280975341797,53.0,1102.0,nvml
007197.png,SMALL,onnx_cuda,"['CUDAExecutionProvider', 'CPUExecutionProvider']",False,0,0,0,False,False,2,5,39.0,0.09301280975341797,53.0,1102.0,nvml
007198.png,SMALL,onnx_cuda,"['CUDAExecutionProvider', 'CPUExecutionProvider']",False,0,0,0,False,False,11,5,39.0,0.09301280975341797,53.0,1102.0,nvml
007199.png,SMALL,onnx_cuda,"['CUDAExecutionProvider', 'CPUExecutionProvider']",False,1,7,1,True,True,8,6,39.0,0.09301280975341797,53.0,1102.0,nvml
007200.png,SMALL,onnx_cuda,"['CUDAExecutionProvider', 'CPUExecutionProvider']",False,0,0,0,False,False,56,11,39.0,0.09301280975341797,53.0,1102.0,nvml
007201.png,SMALL,onnx_cuda,"['CUDAExecutionProvider', 'CPUExecutionProvider']",False,0,13,1,True,True,20,9,39.0,0.09301280975341797,53.0,1102.0,nvml
007202.png,SMALL,onnx_cuda,"['CUDAExecutionProvider', 'CPUExecutionProvider']",False,8,66,3,True,True,85,15,39.0,0.09301280975341797,53.0,1102.0,nvml
007203.png,SMALL,onnx_cuda,"['CUDAExecutionProvider', 'CPUExecutionProvider']",False,0,0,4,True,False,43,10,39.0,0.09301280975341797,53.0,1102.0,nvml
007204.png,SMALL,onnx_cuda,"['CUDAExecutionProvider', 'CPUExecutionProvider']",False,0,0,0,False,False,21,8,39.0,0.09301280975341797,53.0,1102.0,nvml
007205.png,SMALL,onnx_cuda,"['CUDAExecutionProvider', 'CPUExecutionProvider']",False,0,0,0,False,False,10,5,39.0,0.09301280975341797,53.0,1102.0,nvml
007206.png,SMALL,onnx_cuda,"['CUDAExecutionProvider', 'CPUExecutionProvider']",False,0,0,1,True,False,17,7,39.0,0.09301280975341797,53.0,1102.0,nvml
007207.png,SMALL,onnx_cuda,"['CUDAExecutionProvider', 'CPUExecutionProvider']",False,0,0,1,True,False,0,4,39.0,0.09301280975341797,53.0,1102.0,nvml
007208.png,SMALL,onnx_cuda,"['CUDAExecutionProvider', 'CPUExecutionProvider']",False,0,0,0,False,False,35,11,39.0,0.09301280975341797,53.0,1102.0,nvml
007209.png,SMALL,onnx_cuda,"['CUDAExecutionProvider', 'CPUExecutionProvider']",False,0,0,0,False,False,49,13,39.0,0.09301280975341797,53.0,1102.0,nvml
007210.png,SMALL,onnx_cuda,"['CUDAExecutionProvider', 'CPUExecutionProvider']",False,0,0,0,False,False,83,12,39.0,0.09301280975341797,53.0,1102.0,nvml
007211.png,SMALL,onnx_cuda,"['CUDAExecutionProvider', 'CPUExecutionProvider']",False,0,0,0,False,False,27,6,39.0,0.09301280975341797,53.0,1102.0,nvml
007212.png,SMALL,onnx_cuda,"['CUDAExecutionProvider', 'CPUExecutionProvider']",False,0,0,0,False,False,8,2,39.0,0.09301280975341797,53.0,1102.0,nvml
007213.png,SMALL,onnx_cuda,"['CUDAExecutionProvider', 'CPUExecutionProvider']",False,0,0,0,False,False,15,5,39.0,0.09301280975341797,53.0,1102.0,nvml
007214.png,SMALL,onnx_cuda,"['CUDAExecutionProvider', 'CPUExecutionProvider']",False,0,0,0,False,False,17,5,39.0,0.09301280975341797,53.0,1102.0,nvml
007215.png,SMALL,onnx_cuda,"['CUDAExecutionProvider', 'CPUExecutionProvider']",False,0,0,0,False,False,16,3,39.0,0.09301280975341797,53.0,1102.0,nvml
007216.png,SMALL,onnx_cuda,"['CUDAExecutionProvider', 'CPUExecutionProvider']",False,0,0,0,False,False,39,7,39.0,0.09301280975341797,53.0,1102.0,nvml
007217.png,SMALL,onnx_cuda,"['CUDAExecutionProvider', 'CPUExecutionProvider']",False,0,0,0,False,False,20,3,39.0,0.09301280975341797,53.0,1102.0,nvml
007218.png,SMALL,onnx_cuda,"['CUDAExecutionProvider', 'CPUExecutionProvider']",False,0,0,0,False,False,24,11,39.0,0.09301280975341797,53.0,1102.0,nvml
007219.png,SMALL,onnx_cuda,"['CUDAExecutionProvider', 'CPUExecutionProvider']",False,0,0,0,False,False,4,6,39.0,0.09301280975341797,53.0,1102.0,nvml
007220.png,SMALL,onnx_cuda,"['CUDAExecutionProvider', 'CPUExecutionProvider']",False,0,0,0,False,False,10,1,39.0,0.09301280975341797,53.0,1102.0,nvml
007221.png,SMALL,onnx_cuda,"['CUDAExecutionProvider', 'CPUExecutionProvider']",False,0,0,1,True,False,14,5,39.0,0.09301280975341797,53.0,1102.0,nvml
007222.png,SMALL,onnx_cuda,"['CUDAExecutionProvider', 'CPUExecutionProvider']",False,0,0,0,False,False,18,10,39.0,0.09301280975341797,53.0,1102.0,nvml
007223.png,SMALL,onnx_cuda,"['CUDAExecutionProvider', 'CPUExecutionProvider']",False,1,9,0,True,True,10,1,39.0,0.09301280975341797,53.0,1102.0,nvml
007224.png,SMALL,onnx_cuda,"['CUDAExecutionProvider', 'CPUExecutionProvider']",False,0,0,0,False,False,20,3,39.0,0.09301280975341797,53.0,1102.0,nvml
007225.png,SMALL,onnx_cuda,"['CUDAExecutionProvider', 'CPUExecutionProvider']",False,0,0,0,False,False,26,7,39.0,0.09301280975341797,53.0,1102.0,nvml
007226.png,SMALL,onnx_cuda,"['CUDAExecutionProvider', 'CPUExecutionProvider']",False,0,1,0,False,True,21,7,39.0,0.09301280975341797,53.0,1102.0,nvml
007227.png,SMALL,onnx_cuda,"['CUDAExecutionProvider', 'CPUExecutionProvider']",False,0,1,0,False,True,1,3,39.0,0.09301280975341797,53.0,1102.0,nvml
007228.png,SMALL,onnx_cuda,"['CUDAExecutionProvider', 'CPUExecutionProvider']",False,0,0,0,False,False,33,14,39.0,0.09301280975341797,53.0,1102.0,nvml
007229.png,SMALL,onnx_cuda,"['CUDAExecutionProvider', 'CPUExecutionProvider']",False,0,0,1,True,False,13,5,39.0,0.09301280975341797,53.0,1102.0,nvml
007230.png,SMALL,onnx_cuda,"['CUDAExecutionProvider', 'CPUExecutionProvider']",False,0,0,0,False,False,22,6,39.0,0.09301280975341797,53.0,1102.0,nvml
007231.png,SMALL,onnx_cuda,"['CUDAExecutionProvider', 'CPUExecutionProvider']",False,1,10,0,True,True,11,1,39.0,0.09301280975341797,53.0,1102.0,nvml
007232.png,SMALL,onnx_cuda,"['CUDAExecutionProvider', 'CPUExecutionProvider']",False,0,0,1,True,False,24,6,39.0,0.09301280975341797,53.0,1102.0,nvml
007233.png,SMALL,onnx_cuda,"['CUDAExecutionProvider', 'CPUExecutionProvider']",False,0,0,0,False,False,50,12,39.0,0.09301280975341797,53.0,1102.0,nvml
007234.png,SMALL,onnx_cuda,"['CUDAExecutionProvider', 'CPUExecutionProvider']",False,0,0,0,False,False,21,5,39.0,0.09301280975341797,53.0,1102.0,nvml
007235.png,SMALL,onnx_cuda,"['CUDAExecutionProvider', 'CPUExecutionProvider']",False,0,0,0,False,False,1,6,39.0,0.09301280975341797,53.0,1102.0,nvml
007236.png,SMALL,onnx_cuda,"['CUDAExecutionProvider', 'CPUExecutionProvider']",False,0,0,0,False,False,42,8,39.0,0.09301280975341797,53.0,1102.0,nvml
007237.png,SMALL,onnx_cuda,"['CUDAExecutionProvider', 'CPUExecutionProvider']",False,1,10,0,True,True,11,1,39.0,0.09301280975341797,53.0,1102.0,nvml
007238.png,SMALL,onnx_cuda,"['CUDAExecutionProvider', 'CPUExecutionProvider']",False,0,0,0,False,False,4,5,39.0,0.09301280975341797,53.0,1102.0,nvml
007239.png,SMALL,onnx_cuda,"['CUDAExecutionProvider', 'CPUExecutionProvider']",False,0,0,0,False,False,3,7,39.0,0.09301280975341797,53.0,1102.0,nvml
007240.png,SMALL,onnx_cuda,"['CUDAExecutionProvider', 'CPUExecutionProvider']",False,0,0,1,True,False,4,7,39.0,0.09301280975341797,53.0,1102.0,nvml
007241.png,SMALL,onnx_cuda,"['CUDAExecutionProvider', 'CPUExecutionProvider']",False,0,0,0,False,False,20,5,39.0,0.09301280975341797,53.0,1102.0,nvml
007242.png,SMALL,onnx_cuda,"['CUDAExecutionProvider', 'CPUExecutionProvider']",False,0,0,0,False,False,24,12,39.0,0.09301280975341797,53.0,1102.0,nvml
007243.png,SMALL,onnx_cuda,"['CUDAExecutionProvider', 'CPUExecutionProvider']",False,0,0,0,False,False,44,13,39.0,0.09301280975341797,53.0,1102.0,nvml
007244.png,SMALL,onnx_cuda,"['CUDAExecutionProvider', 'CPUExecutionProvider']",False,0,0,0,False,False,5,6,39.0,0.09301280975341797,53.0,1102.0,nvml
007245.png,SMALL,onnx_cuda,"['CUDAExecutionProvider', 'CPUExecutionProvider']",False,0,0,0,False,False,7,3,39.0,0.09301280975341797,53.0,1102.0,nvml
007246.png,SMALL,onnx_cuda,"['CUDAExecutionProvider', 'CPUExecutionProvider']",False,0,0,0,False,False,23,5,39.0,0.09301280975341797,53.0,1102.0,nvml
007247.png,SMALL,onnx_cuda,"['CUDAExecutionProvider', 'CPUExecutionProvider']",False,0,0,0,False,False,0,8,39.0,0.09301280975341797,53.0,1102.0,nvml
007248.png,SMALL,onnx_cuda,"['CUDAExecutionProvider', 'CPUExecutionProvider']",False,0,0,0,False,False,63,14,39.0,0.09301280975341797,53.0,1102.0,nvml
007249.png,SMALL,onnx_cuda,"['CUDAExecutionProvider', 'CPUExecutionProvider']",False,0,0,0,False,False,13,7,39.0,0.09301280975341797,53.0,1102.0,nvml
007250.png,SMALL,onnx_cuda,"['CUDAExecutionProvider', 'CPUExecutionProvider']",False,0,0,0,False,False,20,6,39.0,0.09301280975341797,53.0,1102.0,nvml
007251.png,SMALL,onnx_cuda,"['CUDAExecutionProvider', 'CPUExecutionProvider']",False,0,0,0,False,False,0,1,39.0,0.09301280975341797,53.0,1102.0,nvml
007252.png,SMALL,onnx_cuda,"['CUDAExecutionProvider', 'CPUExecutionProvider']",False,0,0,0,False,False,2,5,39.0,0.09301280975341797,53.0,1102.0,nvml
007253.png,SMALL,onnx_cuda,"['CUDAExecutionProvider', 'CPUExecutionProvider']",False,1,4,0,True,True,5,2,39.0,0.09301280975341797,53.0,1102.0,nvml
007254.png,SMALL,onnx_cuda,"['CUDAExecutionProvider', 'CPUExecutionProvider']",False,1,13,2,True,True,14,3,39.0,0.09301280975341797,53.0,1102.0,nvml
007255.png,SMALL,onnx_cuda,"['CUDAExecutionProvider', 'CPUExecutionProvider']",False,0,0,3,True,False,3,9,39.0,0.09301280975341797,53.0,1102.0,nvml
007256.png,SMALL,onnx_cuda,"['CUDAExecutionProvider', 'CPUExecutionProvider']",False,0,0,0,False,False,57,13,39.0,0.09301280975341797,53.0,1102.0,nvml
007257.png,SMALL,onnx_cuda,"['CUDAExecutionProvider', 'CPUExecutionProvider']",False,0,0,0,False,False,0,2,39.0,0.09301280975341797,53.0,1102.0,nvml
007258.png,SMALL,onnx_cuda,"['CUDAExecutionProvider', 'CPUExecutionProvider']",False,0,0,0,False,False,11,4,39.0,0.09301280975341797,53.0,1102.0,nvml
007259.png,SMALL,onnx_cuda,"['CUDAExecutionProvider', 'CPUExecutionProvider']",False,0,0,0,False,False,41,8,39.0,0.09301280975341797,53.0,1102.0,nvml
007260.png,SMALL,onnx_cuda,"['CUDAExecutionProvider', 'CPUExecutionProvider']",False,0,9,3,True,True,40,12,39.0,0.09301280975341797,53.0,1102.0,nvml
007261.png,SMALL,onnx_cuda,"['CUDAExecutionProvider', 'CPUExecutionProvider']",False,0,0,0,False,False,25,5,40.0,0.09301280975341797,53.0,1117.0,nvml
007262.png,SMALL,onnx_cuda,"['CUDAExecutionProvider', 'CPUExecutionProvider']",False,0,0,0,False,False,1,5,40.0,0.09301280975341797,53.0,1117.0,nvml
007263.png,SMALL,onnx_cuda,"['CUDAExecutionProvider', 'CPUExecutionProvider']",False,0,0,0,False,False,43,16,40.0,0.09301280975341797,53.0,1117.0,nvml
007264.png,SMALL,onnx_cuda,"['CUDAExecutionProvider', 'CPUExecutionProvider']",False,1,10,0,True,True,30,6,40.0,0.09301280975341797,53.0,1117.0,nvml
007265.png,SMALL,onnx_cuda,"['CUDAExecutionProvider', 'CPUExecutionProvider']",False,3,20,3,True,True,31,8,40.0,0.09301280975341797,53.0,1117.0,nvml
007266.png,SMALL,onnx_cuda,"['CUDAExecutionProvider', 'CPUExecutionProvider']",False,0,0,0,False,False,43,10,40.0,0.09301280975341797,53.0,1117.0,nvml
007267.png,SMALL,onnx_cuda,"['CUDAExecutionProvider', 'CPUExecutionProvider']",False,0,0,0,False,False,24,4,40.0,0.09301280975341797,53.0,1117.0,nvml
007268.png,SMALL,onnx_cuda,"['CUDAExecutionProvider', 'CPUExecutionProvider']",False,0,0,0,False,False,9,7,40.0,0.09301280975341797,53.0,1117.0,nvml
007269.png,SMALL,onnx_cuda,"['CUDAExecutionProvider', 'CPUExecutionProvider']",False,1,8,0,True,True,19,1,40.0,0.09301280975341797,53.0,1117.0,nvml
007270.png,SMALL,onnx_cuda,"['CUDAExecutionProvider', 'CPUExecutionProvider']",False,0,0,0,False,False,3,2,40.0,0.09301280975341797,53.0,1117.0,nvml
007271.png,SMALL,onnx_cuda,"['CUDAExecutionProvider', 'CPUExecutionProvider']",False,0,1,0,False,True,31,3,39.0,0.09301280975341797,53.0,1117.0,nvml
007272.png,SMALL,onnx_cuda,"['CUDAExecutionProvider', 'CPUExecutionProvider']",False,1,9,0,True,True,10,1,39.0,0.09301280975341797,53.0,1117.0,nvml
007273.png,SMALL,onnx_cuda,"['CUDAExecutionProvider', 'CPUExecutionProvider']",False,0,0,0,False,False,38,10,39.0,0.09301280975341797,53.0,1117.0,nvml
007274.png,SMALL,onnx_cuda,"['CUDAExecutionProvider', 'CPUExecutionProvider']",False,0,0,0,False,False,4,3,39.0,0.09301280975341797,53.0,1117.0,nvml
007275.png,SMALL,onnx_cuda,"['CUDAExecutionProvider', 'CPUExecutionProvider']",False,0,0,0,False,False,10,1,39.0,0.09301280975341797,53.0,1117.0,nvml
007276.png,SMALL,onnx_cuda,"['CUDAExecutionProvider', 'CPUExecutionProvider']",False,0,0,0,False,False,6,4,39.0,0.09301280975341797,53.0,1117.0,nvml
007277.png,SMALL,onnx_cuda,"['CUDAExecutionProvider', 'CPUExecutionProvider']",False,0,0,2,True,False,38,9,39.0,0.09301280975341797,53.0,1117.0,nvml
007278.png,SMALL,onnx_cuda,"['CUDAExecutionProvider', 'CPUExecutionProvider']",False,1,9,0,True,True,11,1,39.0,0.09301280975341797,53.0,1117.0,nvml
007279.png,SMALL,onnx_cuda,"['CUDAExecutionProvider', 'CPUExecutionProvider']",False,0,0,0,False,False,7,3,39.0,0.09301280975341797,53.0,1117.0,nvml
007280.png,SMALL,onnx_cuda,"['CUDAExecutionProvider', 'CPUExecutionProvider']",False,2,34,1,True,True,47,8,39.0,0.09301280975341797,53.0,1117.0,nvml
007281.png,SMALL,onnx_cuda,"['CUDAExecutionProvider', 'CPUExecutionProvider']",False,0,0,0,False,False,0,7,40.0,0.09301280975341797,53.0,1125.0,nvml
007282.png,SMALL,onnx_cuda,"['CUDAExecutionProvider', 'CPUExecutionProvider']",False,0,0,0,False,False,10,2,40.0,0.09301280975341797,53.0,1125.0,nvml
007283.png,SMALL,onnx_cuda,"['CUDAExecutionProvider', 'CPUExecutionProvider']",False,0,0,0,False,False,30,9,40.0,0.09301280975341797,53.0,1125.0,nvml
007284.png,SMALL,onnx_cuda,"['CUDAExecutionProvider', 'CPUExecutionProvider']",False,0,0,1,True,False,6,7,40.0,0.09301280975341797,53.0,1125.0,nvml
007285.png,SMALL,onnx_cuda,"['CUDAExecutionProvider', 'CPUExecutionProvider']",False,0,0,1,True,False,10,2,40.0,0.09301280975341797,53.0,1125.0,nvml
007286.png,SMALL,onnx_cuda,"['CUDAExecutionProvider', 'CPUExecutionProvider']",False,2,6,3,True,True,17,10,40.0,0.09301280975341797,53.0,1125.0,nvml
007287.png,SMALL,onnx_cuda,"['CUDAExecutionProvider', 'CPUExecutionProvider']",False,0,0,0,False,False,1,9,40.0,0.09301280975341797,53.0,1125.0,nvml
007288.png,SMALL,onnx_cuda,"['CUDAExecutionProvider', 'CPUExecutionProvider']",False,1,8,0,True,True,9,1,40.0,0.09301280975341797,53.0,1125.0,nvml
007289.png,SMALL,onnx_cuda,"['CUDAExecutionProvider', 'CPUExecutionProvider']",False,0,0,1,True,False,2,18,40.0,0.09301280975341797,53.0,1125.0,nvml
007290.png,SMALL,onnx_cuda,"['CUDAExecutionProvider', 'CPUExecutionProvider']",False,4,24,1,True,True,28,6,40.0,0.09301280975341797,53.0,1125.0,nvml
007291.png,SMALL,onnx_cuda,"['CUDAExecutionProvider', 'CPUExecutionProvider']",False,0,0,0,False,False,25,5,40.0,0.09301280975341797,53.0,1125.0,nvml
007292.png,SMALL,onnx_cuda,"['CUDAExecutionProvider', 'CPUExecutionProvider']",False,0,0,0,False,False,0,6,38.0,0.09301280975341797,53.0,1125.0,nvml
007293.png,SMALL,onnx_cuda,"['CUDAExecutionProvider', 'CPUExecutionProvider']",False,0,0,0,False,False,9,2,38.0,0.09301280975341797,53.0,1125.0,nvml
007294.png,SMALL,onnx_cuda,"['CUDAExecutionProvider', 'CPUExecutionProvider']",False,1,3,0,True,True,30,8,38.0,0.09301280975341797,53.0,1125.0,nvml
007295.png,SMALL,onnx_cuda,"['CUDAExecutionProvider', 'CPUExecutionProvider']",False,0,0,0,False,False,0,3,38.0,0.09301280975341797,53.0,1125.0,nvml
007296.png,SMALL,onnx_cuda,"['CUDAExecutionProvider', 'CPUExecutionProvider']",False,0,0,0,False,False,32,11,38.0,0.09301280975341797,53.0,1125.0,nvml
007297.png,SMALL,onnx_cuda,"['CUDAExecutionProvider', 'CPUExecutionProvider']",False,0,3,0,False,True,13,4,38.0,0.09301280975341797,53.0,1125.0,nvml
007298.png,SMALL,onnx_cuda,"['CUDAExecutionProvider', 'CPUExecutionProvider']",False,0,0,0,False,False,8,4,38.0,0.09301280975341797,53.0,1125.0,nvml
007299.png,SMALL,onnx_cuda,"['CUDAExecutionProvider', 'CPUExecutionProvider']",False,0,0,0,False,False,48,8,38.0,0.09301280975341797,53.0,1125.0,nvml
007300.png,SMALL,onnx_cuda,"['CUDAExecutionProvider', 'CPUExecutionProvider']",False,0,0,1,True,False,0,5,38.0,0.09301280975341797,53.0,1125.0,nvml
007301.png,SMALL,onnx_cuda,"['CUDAExecutionProvider', 'CPUExecutionProvider']",False,1,12,2,True,True,57,14,38.0,0.09301280975341797,53.0,1125.0,nvml
007302.png,SMALL,onnx_cuda,"['CUDAExecutionProvider', 'CPUExecutionProvider']",False,0,0,0,False,False,0,4,38.0,0.09301280975341797,53.0,1125.0,nvml
007303.png,SMALL,onnx_cuda,"['CUDAExecutionProvider', 'CPUExecutionProvider']",False,0,0,0,False,False,11,4,38.0,0.09301280975341797,53.0,1125.0,nvml
007304.png,SMALL,onnx_cuda,"['CUDAExecutionProvider', 'CPUExecutionProvider']",False,0,0,0,False,False,13,2,38.0,0.09301280975341797,53.0,1125.0,nvml
007305.png,SMALL,onnx_cuda,"['CUDAExecutionProvider', 'CPUExecutionProvider']",False,0,0,0,False,False,10,2,38.0,0.09301280975341797,53.0,1125.0,nvml
007306.png,SMALL,onnx_cuda,"['CUDAExecutionProvider', 'CPUExecutionProvider']",False,0,0,0,False,False,7,6,38.0,0.09301280975341797,53.0,1125.0,nvml
007307.png,SMALL,onnx_cuda,"['CUDAExecutionProvider', 'CPUExecutionProvider']",False,0,0,0,False,False,6,1,38.0,0.09301280975341797,53.0,1125.0,nvml
007308.png,SMALL,onnx_cuda,"['CUDAExecutionProvider', 'CPUExecutionProvider']",False,1,6,0,True,True,7,1,38.0,0.09301280975341797,53.0,1125.0,nvml
007309.png,SMALL,onnx_cuda,"['CUDAExecutionProvider', 'CPUExecutionProvider']",False,0,0,0,False,False,49,10,38.0,0.09301280975341797,53.0,1125.0,nvml
007310.png,SMALL,onnx_cuda,"['CUDAExecutionProvider', 'CPUExecutionProvider']",False,0,0,1,True,False,1,1,38.0,0.09301280975341797,53.0,1125.0,nvml
007311.png,SMALL,onnx_cuda,"['CUDAExecutionProvider', 'CPUExecutionProvider']",False,0,0,0,False,False,27,6,38.0,0.09301280975341797,53.0,1125.0,nvml
007312.png,SMALL,onnx_cuda,"['CUDAExecutionProvider', 'CPUExecutionProvider']",False,0,2,0,False,True,43,5,38.0,0.09301280975341797,53.0,1125.0,nvml
007313.png,SMALL,onnx_cuda,"['CUDAExecutionProvider', 'CPUExecutionProvider']",False,0,7,0,False,True,38,15,38.0,0.09301280975341797,53.0,1125.0,nvml
007314.png,SMALL,onnx_cuda,"['CUDAExecutionProvider', 'CPUExecutionProvider']",False,0,0,0,False,False,42,14,38.0,0.09301280975341797,53.0,1125.0,nvml
007315.png,SMALL,onnx_cuda,"['CUDAExecutionProvider', 'CPUExecutionProvider']",False,1,2,0,True,True,68,15,38.0,0.09301280975341797,53.0,1125.0,nvml
007316.png,SMALL,onnx_cuda,"['CUDAExecutionProvider', 'CPUExecutionProvider']",False,0,0,0,False,False,14,8,38.0,0.09301280975341797,53.0,1125.0,nvml
007317.png,SMALL,onnx_cuda,"['CUDAExecutionProvider', 'CPUExecutionProvider']",False,0,0,0,False,False,14,7,38.0,0.09301280975341797,53.0,1125.0,nvml
007318.png,SMALL,onnx_cuda,"['CUDAExecutionProvider', 'CPUExecutionProvider']",False,5,24,2,True,True,38,10,38.0,0.09301280975341797,53.0,1125.0,nvml
007319.png,SMALL,onnx_cuda,"['CUDAExecutionProvider', 'CPUExecutionProvider']",False,4,54,2,True,True,59,10,38.0,0.09301280975341797,53.0,1125.0,nvml
007320.png,SMALL,onnx_cuda,"['CUDAExecutionProvider', 'CPUExecutionProvider']",False,1,6,0,True,True,7,1,38.0,0.09301280975341797,53.0,1125.0,nvml
007321.png,SMALL,onnx_cuda,"['CUDAExecutionProvider', 'CPUExecutionProvider']",False,1,9,1,True,True,20,3,38.0,0.09301280975341797,53.0,1125.0,nvml
007322.png,SMALL,onnx_cuda,"['CUDAExecutionProvider', 'CPUExecutionProvider']",False,0,2,0,False,True,22,1,39.0,0.09301280975341797,53.0,1125.0,nvml
007323.png,SMALL,onnx_cuda,"['CUDAExecutionProvider', 'CPUExecutionProvider']",False,0,0,0,False,False,40,10,39.0,0.09301280975341797,53.0,1125.0,nvml
007324.png,SMALL,onnx_cuda,"['CUDAExecutionProvider', 'CPUExecutionProvider']",False,2,10,1,True,True,30,9,39.0,0.09301280975341797,53.0,1125.0,nvml
007325.png,SMALL,onnx_cuda,"['CUDAExecutionProvider', 'CPUExecutionProvider']",False,0,0,0,False,False,81,11,39.0,0.09301280975341797,53.0,1125.0,nvml
007326.png,SMALL,onnx_cuda,"['CUDAExecutionProvider', 'CPUExecutionProvider']",False,0,0,1,True,False,25,5,39.0,0.09301280975341797,53.0,1125.0,nvml
007327.png,SMALL,onnx_cuda,"['CUDAExecutionProvider', 'CPUExecutionProvider']",False,1,8,0,True,True,10,1,39.0,0.09301280975341797,53.0,1125.0,nvml
007328.png,SMALL,onnx_cuda,"['CUDAExecutionProvider', 'CPUExecutionProvider']",False,0,0,0,False,False,30,4,39.0,0.09301280975341797,53.0,1125.0,nvml
007329.png,SMALL,onnx_cuda,"['CUDAExecutionProvider', 'CPUExecutionProvider']",False,0,0,0,False,False,37,9,39.0,0.09301280975341797,53.0,1125.0,nvml
007330.png,SMALL,onnx_cuda,"['CUDAExecutionProvider', 'CPUExecutionProvider']",False,0,0,0,False,False,35,6,39.0,0.09301280975341797,53.0,1125.0,nvml
007331.png,SMALL,onnx_cuda,"['CUDAExecutionProvider', 'CPUExecutionProvider']",False,0,0,1,True,False,0,6,39.0,0.09301280975341797,53.0,1125.0,nvml
007332.png,SMALL,onnx_cuda,"['CUDAExecutionProvider', 'CPUExecutionProvider']",False,0,0,0,False,False,7,1,38.0,0.09301280975341797,53.0,1125.0,nvml
007333.png,SMALL,onnx_cuda,"['CUDAExecutionProvider', 'CPUExecutionProvider']",False,7,37,0,True,True,54,10,38.0,0.09301280975341797,53.0,1125.0,nvml
007334.png,SMALL,onnx_cuda,"['CUDAExecutionProvider', 'CPUExecutionProvider']",False,0,0,1,True,False,2,8,38.0,0.09301280975341797,53.0,1125.0,nvml
007335.png,SMALL,onnx_cuda,"['CUDAExecutionProvider', 'CPUExecutionProvider']",False,0,0,0,False,False,8,2,38.0,0.09301280975341797,53.0,1125.0,nvml
007336.png,SMALL,onnx_cuda,"['CUDAExecutionProvider', 'CPUExecutionProvider']",False,0,0,0,False,False,10,3,38.0,0.09301280975341797,53.0,1125.0,nvml
007337.png,SMALL,onnx_cuda,"['CUDAExecutionProvider', 'CPUExecutionProvider']",False,0,0,0,False,False,23,7,38.0,0.09301280975341797,53.0,1125.0,nvml
007338.png,SMALL,onnx_cuda,"['CUDAExecutionProvider', 'CPUExecutionProvider']",False,0,0,2,True,False,0,2,38.0,0.09301280975341797,53.0,1125.0,nvml
007339.png,SMALL,onnx_cuda,"['CUDAExecutionProvider', 'CPUExecutionProvider']",False,0,0,0,False,False,41,10,38.0,0.09301280975341797,53.0,1125.0,nvml
007340.png,SMALL,onnx_cuda,"['CUDAExecutionProvider', 'CPUExecutionProvider']",False,0,0,0,False,False,7,4,38.0,0.09301280975341797,53.0,1125.0,nvml
007341.png,SMALL,onnx_cuda,"['CUDAExecutionProvider', 'CPUExecutionProvider']",False,0,0,0,False,False,20,8,38.0,0.09301280975341797,53.0,1125.0,nvml
007342.png,SMALL,onnx_cuda,"['CUDAExecutionProvider', 'CPUExecutionProvider']",False,0,0,0,False,False,53,11,39.0,0.09301280975341797,53.0,1125.0,nvml
007343.png,SMALL,onnx_cuda,"['CUDAExecutionProvider', 'CPUExecutionProvider']",False,0,0,0,False,False,23,4,39.0,0.09301280975341797,53.0,1125.0,nvml
007344.png,SMALL,onnx_cuda,"['CUDAExecutionProvider', 'CPUExecutionProvider']",False,1,8,0,True,True,9,1,39.0,0.09301280975341797,53.0,1125.0,nvml
007345.png,SMALL,onnx_cuda,"['CUDAExecutionProvider', 'CPUExecutionProvider']",False,0,0,0,False,False,2,3,39.0,0.09301280975341797,53.0,1125.0,nvml
007346.png,SMALL,onnx_cuda,"['CUDAExecutionProvider', 'CPUExecutionProvider']",False,0,0,0,False,False,15,5,39.0,0.09301280975341797,53.0,1125.0,nvml
007347.png,SMALL,onnx_cuda,"['CUDAExecutionProvider', 'CPUExecutionProvider']",False,0,0,3,True,False,0,9,39.0,0.09301280975341797,53.0,1125.0,nvml
007348.png,SMALL,onnx_cuda,"['CUDAExecutionProvider', 'CPUExecutionProvider']",False,0,2,0,False,True,12,2,39.0,0.09301280975341797,53.0,1125.0,nvml
007349.png,SMALL,onnx_cuda,"['CUDAExecutionProvider', 'CPUExecutionProvider']",False,0,0,1,True,False,27,7,39.0,0.09301280975341797,53.0,1125.0,nvml
007350.png,SMALL,onnx_cuda,"['CUDAExecutionProvider', 'CPUExecutionProvider']",False,0,0,0,False,False,39,11,39.0,0.09301280975341797,53.0,1125.0,nvml
007351.png,SMALL,onnx_cuda,"['CUDAExecutionProvider', 'CPUExecutionProvider']",False,1,7,0,True,True,8,1,39.0,0.09301280975341797,53.0,1125.0,nvml
007352.png,SMALL,onnx_cuda,"['CUDAExecutionProvider', 'CPUExecutionProvider']",False,0,1,0,False,True,14,6,39.0,0.09301280975341797,53.0,1125.0,nvml
007353.png,SMALL,onnx_cuda,"['CUDAExecutionProvider', 'CPUExecutionProvider']",False,0,0,0,False,False,42,10,39.0,0.09301280975341797,53.0,1125.0,nvml
007354.png,SMALL,onnx_cuda,"['CUDAExecutionProvider', 'CPUExecutionProvider']",False,0,0,0,False,False,1,3,39.0,0.09301280975341797,53.0,1125.0,nvml
007355.png,SMALL,onnx_cuda,"['CUDAExecutionProvider', 'CPUExecutionProvider']",False,0,0,1,True,False,16,8,39.0,0.09301280975341797,53.0,1125.0,nvml
007356.png,SMALL,onnx_cuda,"['CUDAExecutionProvider', 'CPUExecutionProvider']",False,0,2,0,False,True,21,7,39.0,0.09301280975341797,53.0,1125.0,nvml
007357.png,SMALL,onnx_cuda,"['CUDAExecutionProvider', 'CPUExecutionProvider']",False,0,0,0,False,False,11,7,39.0,0.09301280975341797,53.0,1125.0,nvml
007358.png,SMALL,onnx_cuda,"['CUDAExecutionProvider', 'CPUExecutionProvider']",False,0,0,0,False,False,9,3,39.0,0.09301280975341797,53.0,1125.0,nvml
007359.png,SMALL,onnx_cuda,"['CUDAExecutionProvider', 'CPUExecutionProvider']",False,0,0,1,True,False,26,6,39.0,0.09301280975341797,53.0,1125.0,nvml
007360.png,SMALL,onnx_cuda,"['CUDAExecutionProvider', 'CPUExecutionProvider']",False,0,0,0,False,False,25,12,39.0,0.09301280975341797,53.0,1125.0,nvml
007361.png,SMALL,onnx_cuda,"['CUDAExecutionProvider', 'CPUExecutionProvider']",False,0,0,0,False,False,10,10,39.0,0.09301280975341797,53.0,1125.0,nvml
007362.png,SMALL,onnx_cuda,"['CUDAExecutionProvider', 'CPUExecutionProvider']",False,1,11,0,True,True,21,2,38.0,0.09301280975341797,53.0,1125.0,nvml
007363.png,SMALL,onnx_cuda,"['CUDAExecutionProvider', 'CPUExecutionProvider']",False,0,0,1,True,False,6,7,38.0,0.09301280975341797,53.0,1125.0,nvml
007364.png,SMALL,onnx_cuda,"['CUDAExecutionProvider', 'CPUExecutionProvider']",False,0,0,0,False,False,34,8,38.0,0.09301280975341797,53.0,1125.0,nvml
007365.png,SMALL,onnx_cuda,"['CUDAExecutionProvider', 'CPUExecutionProvider']",False,0,0,0,False,False,11,8,38.0,0.09301280975341797,53.0,1125.0,nvml
007366.png,SMALL,onnx_cuda,"['CUDAExecutionProvider', 'CPUExecutionProvider']",False,0,0,1,True,False,15,11,38.0,0.09301280975341797,53.0,1125.0,nvml
007367.png,SMALL,onnx_cuda,"['CUDAExecutionProvider', 'CPUExecutionProvider']",False,0,2,0,False,True,12,1,38.0,0.09301280975341797,53.0,1125.0,nvml
007368.png,SMALL,onnx_cuda,"['CUDAExecutionProvider', 'CPUExecutionProvider']",False,2,19,0,True,True,21,7,38.0,0.09301280975341797,53.0,1125.0,nvml
007369.png,SMALL,onnx_cuda,"['CUDAExecutionProvider', 'CPUExecutionProvider']",False,0,1,1,True,True,1,6,38.0,0.09301280975341797,53.0,1125.0,nvml
007370.png,SMALL,onnx_cuda,"['CUDAExecutionProvider', 'CPUExecutionProvider']",False,0,0,0,False,False,11,2,38.0,0.09301280975341797,53.0,1125.0,nvml
007371.png,SMALL,onnx_cuda,"['CUDAExecutionProvider', 'CPUExecutionProvider']",False,0,4,0,False,True,24,5,38.0,0.09301280975341797,53.0,1125.0,nvml
007372.png,SMALL,onnx_cuda,"['CUDAExecutionProvider', 'CPUExecutionProvider']",False,1,10,0,True,True,11,1,38.0,0.09301280975341797,53.0,1095.0,nvml
007373.png,SMALL,onnx_cuda,"['CUDAExecutionProvider', 'CPUExecutionProvider']",False,0,1,0,False,True,11,2,38.0,0.09301280975341797,53.0,1095.0,nvml
007374.png,SMALL,onnx_cuda,"['CUDAExecutionProvider', 'CPUExecutionProvider']",False,1,7,0,True,True,22,4,38.0,0.09301280975341797,53.0,1095.0,nvml
007375.png,SMALL,onnx_cuda,"['CUDAExecutionProvider', 'CPUExecutionProvider']",False,1,7,0,True,True,16,6,38.0,0.09301280975341797,53.0,1095.0,nvml
007376.png,SMALL,onnx_cuda,"['CUDAExecutionProvider', 'CPUExecutionProvider']",False,0,0,0,False,False,29,6,38.0,0.09301280975341797,53.0,1095.0,nvml
007377.png,SMALL,onnx_cuda,"['CUDAExecutionProvider', 'CPUExecutionProvider']",False,0,2,1,True,True,18,4,38.0,0.09301280975341797,53.0,1095.0,nvml
007378.png,SMALL,onnx_cuda,"['CUDAExecutionProvider', 'CPUExecutionProvider']",False,0,0,0,False,False,25,5,38.0,0.09301280975341797,53.0,1095.0,nvml
007379.png,SMALL,onnx_cuda,"['CUDAExecutionProvider', 'CPUExecutionProvider']",False,0,0,0,False,False,16,6,38.0,0.09301280975341797,53.0,1095.0,nvml
007380.png,SMALL,onnx_cuda,"['CUDAExecutionProvider', 'CPUExecutionProvider']",False,0,0,0,False,False,10,3,38.0,0.09301280975341797,53.0,1095.0,nvml
007381.png,SMALL,onnx_cuda,"['CUDAExecutionProvider', 'CPUExecutionProvider']",False,0,0,0,False,False,10,3,38.0,0.09301280975341797,53.0,1095.0,nvml
007382.png,SMALL,onnx_cuda,"['CUDAExecutionProvider', 'CPUExecutionProvider']",False,0,0,0,False,False,10,7,40.0,0.09301280975341797,53.0,1095.0,nvml
007383.png,SMALL,onnx_cuda,"['CUDAExecutionProvider', 'CPUExecutionProvider']",False,0,0,0,False,False,57,9,40.0,0.09301280975341797,53.0,1095.0,nvml
007384.png,SMALL,onnx_cuda,"['CUDAExecutionProvider', 'CPUExecutionProvider']",False,0,0,0,False,False,28,6,40.0,0.09301280975341797,53.0,1095.0,nvml
007385.png,SMALL,onnx_cuda,"['CUDAExecutionProvider', 'CPUExecutionProvider']",False,1,8,0,True,True,9,5,40.0,0.09301280975341797,53.0,1095.0,nvml
007386.png,SMALL,onnx_cuda,"['CUDAExecutionProvider', 'CPUExecutionProvider']",False,0,0,0,False,False,50,9,40.0,0.09301280975341797,53.0,1095.0,nvml
007387.png,SMALL,onnx_cuda,"['CUDAExecutionProvider', 'CPUExecutionProvider']",False,1,8,0,True,True,9,1,40.0,0.09301280975341797,53.0,1095.0,nvml
007388.png,SMALL,onnx_cuda,"['CUDAExecutionProvider', 'CPUExecutionProvider']",False,0,0,0,False,False,47,15,40.0,0.09301280975341797,53.0,1095.0,nvml
007389.png,SMALL,onnx_cuda,"['CUDAExecutionProvider', 'CPUExecutionProvider']",False,0,0,0,False,False,2,6,40.0,0.09301280975341797,53.0,1095.0,nvml
007390.png,SMALL,onnx_cuda,"['CUDAExecutionProvider', 'CPUExecutionProvider']",False,0,0,0,False,False,10,4,40.0,0.09301280975341797,53.0,1095.0,nvml
007391.png,SMALL,onnx_cuda,"['CUDAExecutionProvider', 'CPUExecutionProvider']",False,0,0,0,False,False,15,6,40.0,0.09301280975341797,53.0,1095.0,nvml
007392.png,SMALL,onnx_cuda,"['CUDAExecutionProvider', 'CPUExecutionProvider']",False,0,0,0,False,False,14,10,41.0,0.09301280975341797,53.0,1132.0,nvml
007393.png,SMALL,onnx_cuda,"['CUDAExecutionProvider', 'CPUExecutionProvider']",False,0,2,1,True,True,62,15,41.0,0.09301280975341797,53.0,1132.0,nvml
007394.png,SMALL,onnx_cuda,"['CUDAExecutionProvider', 'CPUExecutionProvider']",False,0,10,0,False,True,71,15,41.0,0.09301280975341797,53.0,1132.0,nvml
007395.png,SMALL,onnx_cuda,"['CUDAExecutionProvider', 'CPUExecutionProvider']",False,0,0,1,True,False,15,3,41.0,0.09301280975341797,53.0,1132.0,nvml
007396.png,SMALL,onnx_cuda,"['CUDAExecutionProvider', 'CPUExecutionProvider']",False,0,0,0,False,False,33,9,41.0,0.09301280975341797,53.0,1132.0,nvml
007397.png,SMALL,onnx_cuda,"['CUDAExecutionProvider', 'CPUExecutionProvider']",False,0,0,0,False,False,0,3,41.0,0.09301280975341797,53.0,1132.0,nvml
007398.png,SMALL,onnx_cuda,"['CUDAExecutionProvider', 'CPUExecutionProvider']",False,1,1,0,True,True,30,9,41.0,0.09301280975341797,53.0,1132.0,nvml
007399.png,SMALL,onnx_cuda,"['CUDAExecutionProvider', 'CPUExecutionProvider']",False,0,0,0,False,False,10,2,41.0,0.09301280975341797,53.0,1132.0,nvml
007400.png,SMALL,onnx_cuda,"['CUDAExecutionProvider', 'CPUExecutionProvider']",False,0,0,0,False,False,31,15,41.0,0.09301280975341797,53.0,1132.0,nvml
007401.png,SMALL,onnx_cuda,"['CUDAExecutionProvider', 'CPUExecutionProvider']",False,0,0,0,False,False,28,9,41.0,0.09301280975341797,53.0,1132.0,nvml
007402.png,SMALL,onnx_cuda,"['CUDAExecutionProvider', 'CPUExecutionProvider']",False,0,0,0,False,False,46,10,39.0,0.09301280975341797,53.0,1132.0,nvml
007403.png,SMALL,onnx_cuda,"['CUDAExecutionProvider', 'CPUExecutionProvider']",False,0,0,0,False,False,48,7,39.0,0.09301280975341797,53.0,1132.0,nvml
007404.png,SMALL,onnx_cuda,"['CUDAExecutionProvider', 'CPUExecutionProvider']",False,0,0,0,False,False,36,12,39.0,0.09301280975341797,53.0,1132.0,nvml
007405.png,SMALL,onnx_cuda,"['CUDAExecutionProvider', 'CPUExecutionProvider']",False,0,0,0,False,False,13,5,39.0,0.09301280975341797,53.0,1132.0,nvml
007406.png,SMALL,onnx_cuda,"['CUDAExecutionProvider', 'CPUExecutionProvider']",False,3,11,1,True,True,36,9,39.0,0.09301280975341797,53.0,1132.0,nvml
007407.png,SMALL,onnx_cuda,"['CUDAExecutionProvider', 'CPUExecutionProvider']",False,2,5,0,True,True,31,7,39.0,0.09301280975341797,53.0,1132.0,nvml
007408.png,SMALL,onnx_cuda,"['CUDAExecutionProvider', 'CPUExecutionProvider']",False,1,13,0,True,True,14,1,39.0,0.09301280975341797,53.0,1132.0,nvml
007409.png,SMALL,onnx_cuda,"['CUDAExecutionProvider', 'CPUExecutionProvider']",False,0,0,0,False,False,1,1,39.0,0.09301280975341797,53.0,1132.0,nvml
007410.png,SMALL,onnx_cuda,"['CUDAExecutionProvider', 'CPUExecutionProvider']",False,3,10,1,True,True,32,10,39.0,0.09301280975341797,53.0,1132.0,nvml
007411.png,SMALL,onnx_cuda,"['CUDAExecutionProvider', 'CPUExecutionProvider']",False,0,0,0,False,False,46,6,39.0,0.09301280975341797,53.0,1132.0,nvml
007412.png,SMALL,onnx_cuda,"['CUDAExecutionProvider', 'CPUExecutionProvider']",False,4,47,3,True,True,51,10,39.0,0.09301280975341797,53.0,1132.0,nvml
007413.png,SMALL,onnx_cuda,"['CUDAExecutionProvider', 'CPUExecutionProvider']",False,0,0,0,False,False,12,2,39.0,0.09301280975341797,53.0,1132.0,nvml
007414.png,SMALL,onnx_cuda,"['CUDAExecutionProvider', 'CPUExecutionProvider']",False,1,2,1,True,True,62,13,39.0,0.09301280975341797,53.0,1132.0,nvml
007415.png,SMALL,onnx_cuda,"['CUDAExecutionProvider', 'CPUExecutionProvider']",False,0,0,0,False,False,10,8,39.0,0.09301280975341797,53.0,1132.0,nvml
007416.png,SMALL,onnx_cuda,"['CUDAExecutionProvider', 'CPUExecutionProvider']",False,0,0,1,True,False,9,3,39.0,0.09301280975341797,53.0,1132.0,nvml
007417.png,SMALL,onnx_cuda,"['CUDAExecutionProvider', 'CPUExecutionProvider']",False,0,0,0,False,False,8,1,39.0,0.09301280975341797,53.0,1132.0,nvml
007418.png,SMALL,onnx_cuda,"['CUDAExecutionProvider', 'CPUExecutionProvider']",False,0,0,0,False,False,0,3,39.0,0.09301280975341797,53.0,1132.0,nvml
007419.png,SMALL,onnx_cuda,"['CUDAExecutionProvider', 'CPUExecutionProvider']",False,0,0,0,False,False,13,4,39.0,0.09301280975341797,53.0,1132.0,nvml
007420.png,SMALL,onnx_cuda,"['CUDAExecutionProvider', 'CPUExecutionProvider']",False,6,51,5,True,True,57,19,39.0,0.09301280975341797,53.0,1132.0,nvml
007421.png,SMALL,onnx_cuda,"['CUDAExecutionProvider', 'CPUExecutionProvider']",False,0,0,0,False,False,68,14,39.0,0.09301280975341797,53.0,1132.0,nvml
007422.png,SMALL,onnx_cuda,"['CUDAExecutionProvider', 'CPUExecutionProvider']",False,0,0,0,False,False,35,14,38.0,0.09301280975341797,53.0,1132.0,nvml
007423.png,SMALL,onnx_cuda,"['CUDAExecutionProvider', 'CPUExecutionProvider']",False,0,0,0,False,False,22,6,38.0,0.09301280975341797,53.0,1132.0,nvml
007424.png,SMALL,onnx_cuda,"['CUDAExecutionProvider', 'CPUExecutionProvider']",False,0,0,0,False,False,64,12,38.0,0.09301280975341797,53.0,1132.0,nvml
007425.png,SMALL,onnx_cuda,"['CUDAExecutionProvider', 'CPUExecutionProvider']",False,0,0,0,False,False,0,5,38.0,0.09301280975341797,53.0,1132.0,nvml
007426.png,SMALL,onnx_cuda,"['CUDAExecutionProvider', 'CPUExecutionProvider']",False,0,0,0,False,False,7,6,38.0,0.09301280975341797,53.0,1132.0,nvml
007427.png,SMALL,onnx_cuda,"['CUDAExecutionProvider', 'CPUExecutionProvider']",False,1,8,0,True,True,9,1,38.0,0.09301280975341797,53.0,1132.0,nvml
007428.png,SMALL,onnx_cuda,"['CUDAExecutionProvider', 'CPUExecutionProvider']",False,0,0,0,False,False,2,5,38.0,0.09301280975341797,53.0,1132.0,nvml
007429.png,SMALL,onnx_cuda,"['CUDAExecutionProvider', 'CPUExecutionProvider']",False,0,0,0,False,False,9,7,38.0,0.09301280975341797,53.0,1132.0,nvml
007430.png,SMALL,onnx_cuda,"['CUDAExecutionProvider', 'CPUExecutionProvider']",False,0,0,0,False,False,50,10,38.0,0.09301280975341797,53.0,1132.0,nvml
007431.png,SMALL,onnx_cuda,"['CUDAExecutionProvider', 'CPUExecutionProvider']",False,1,9,0,True,True,10,1,38.0,0.09301280975341797,53.0,1132.0,nvml
007432.png,SMALL,onnx_cuda,"['CUDAExecutionProvider', 'CPUExecutionProvider']",False,0,2,0,False,True,12,3,38.0,0.09301280975341797,53.0,1132.0,nvml
007433.png,SMALL,onnx_cuda,"['CUDAExecutionProvider', 'CPUExecutionProvider']",False,0,0,0,False,False,20,7,38.0,0.09301280975341797,53.0,1132.0,nvml
007434.png,SMALL,onnx_cuda,"['CUDAExecutionProvider', 'CPUExecutionProvider']",False,1,8,0,True,True,29,4,38.0,0.09301280975341797,53.0,1132.0,nvml
007435.png,SMALL,onnx_cuda,"['CUDAExecutionProvider', 'CPUExecutionProvider']",False,0,0,0,False,False,39,9,38.0,0.09301280975341797,53.0,1132.0,nvml
007436.png,SMALL,onnx_cuda,"['CUDAExecutionProvider', 'CPUExecutionProvider']",False,1,8,0,True,True,9,1,38.0,0.09301280975341797,53.0,1132.0,nvml
007437.png,SMALL,onnx_cuda,"['CUDAExecutionProvider', 'CPUExecutionProvider']",False,0,0,0,False,False,25,6,38.0,0.09301280975341797,53.0,1132.0,nvml
007438.png,SMALL,onnx_cuda,"['CUDAExecutionProvider', 'CPUExecutionProvider']",False,0,0,0,False,False,1,2,38.0,0.09301280975341797,53.0,1132.0,nvml
007439.png,SMALL,onnx_cuda,"['CUDAExecutionProvider', 'CPUExecutionProvider']",False,0,0,0,False,False,0,4,38.0,0.09301280975341797,53.0,1132.0,nvml
007440.png,SMALL,onnx_cuda,"['CUDAExecutionProvider', 'CPUExecutionProvider']",False,0,0,0,False,False,23,11,38.0,0.09301280975341797,53.0,1132.0,nvml
007441.png,SMALL,onnx_cuda,"['CUDAExecutionProvider', 'CPUExecutionProvider']",False,0,0,0,False,False,11,2,38.0,0.09301280975341797,53.0,1132.0,nvml
007442.png,SMALL,onnx_cuda,"['CUDAExecutionProvider', 'CPUExecutionProvider']",False,0,0,0,False,False,45,8,38.0,0.09301280975341797,53.0,1132.0,nvml
007443.png,SMALL,onnx_cuda,"['CUDAExecutionProvider', 'CPUExecutionProvider']",False,0,0,0,False,False,5,4,38.0,0.09301280975341797,53.0,1132.0,nvml
007444.png,SMALL,onnx_cuda,"['CUDAExecutionProvider', 'CPUExecutionProvider']",False,0,0,0,False,False,25,5,38.0,0.09301280975341797,53.0,1132.0,nvml
007445.png,SMALL,onnx_cuda,"['CUDAExecutionProvider', 'CPUExecutionProvider']",False,0,0,0,False,False,13,9,38.0,0.09301280975341797,53.0,1132.0,nvml
007446.png,SMALL,onnx_cuda,"['CUDAExecutionProvider', 'CPUExecutionProvider']",False,0,0,1,True,False,17,3,38.0,0.09301280975341797,53.0,1132.0,nvml
007447.png,SMALL,onnx_cuda,"['CUDAExecutionProvider', 'CPUExecutionProvider']",False,0,0,1,True,False,30,5,38.0,0.09301280975341797,53.0,1132.0,nvml
007448.png,SMALL,onnx_cuda,"['CUDAExecutionProvider', 'CPUExecutionProvider']",False,1,1,0,True,True,2,1,38.0,0.09301280975341797,53.0,1132.0,nvml
007449.png,SMALL,onnx_cuda,"['CUDAExecutionProvider', 'CPUExecutionProvider']",False,0,0,0,False,False,18,3,38.0,0.09301280975341797,53.0,1132.0,nvml
007450.png,SMALL,onnx_cuda,"['CUDAExecutionProvider', 'CPUExecutionProvider']",False,0,0,0,False,False,0,2,38.0,0.09301280975341797,53.0,1132.0,nvml
007451.png,SMALL,onnx_cuda,"['CUDAExecutionProvider', 'CPUExecutionProvider']",False,0,0,3,True,False,45,10,38.0,0.09301280975341797,53.0,1132.0,nvml
007452.png,SMALL,onnx_cuda,"['CUDAExecutionProvider', 'CPUExecutionProvider']",False,1,5,1,True,True,35,8,38.0,0.09301280975341797,53.0,1132.0,nvml
007453.png,SMALL,onnx_cuda,"['CUDAExecutionProvider', 'CPUExecutionProvider']",False,0,0,0,False,False,16,7,38.0,0.09301280975341797,53.0,1132.0,nvml
007454.png,SMALL,onnx_cuda,"['CUDAExecutionProvider', 'CPUExecutionProvider']",False,0,0,0,False,False,23,6,38.0,0.09301280975341797,53.0,1132.0,nvml
007455.png,SMALL,onnx_cuda,"['CUDAExecutionProvider', 'CPUExecutionProvider']",False,0,0,0,False,False,3,1,38.0,0.09301280975341797,53.0,1132.0,nvml
007456.png,SMALL,onnx_cuda,"['CUDAExecutionProvider', 'CPUExecutionProvider']",False,0,0,0,False,False,0,6,38.0,0.09301280975341797,53.0,1132.0,nvml
007457.png,SMALL,onnx_cuda,"['CUDAExecutionProvider', 'CPUExecutionProvider']",False,0,0,0,False,False,1,8,38.0,0.09301280975341797,53.0,1132.0,nvml
007458.png,SMALL,onnx_cuda,"['CUDAExecutionProvider', 'CPUExecutionProvider']",False,0,0,1,True,False,88,21,38.0,0.09301280975341797,53.0,1132.0,nvml
007459.png,SMALL,onnx_cuda,"['CUDAExecutionProvider', 'CPUExecutionProvider']",False,0,0,0,False,False,34,6,38.0,0.09301280975341797,53.0,1132.0,nvml
007460.png,SMALL,onnx_cuda,"['CUDAExecutionProvider', 'CPUExecutionProvider']",False,0,0,0,False,False,11,2,38.0,0.09301280975341797,53.0,1132.0,nvml
007461.png,SMALL,onnx_cuda,"['CUDAExecutionProvider', 'CPUExecutionProvider']",False,0,0,0,False,False,11,1,38.0,0.09301280975341797,53.0,1132.0,nvml
007462.png,SMALL,onnx_cuda,"['CUDAExecutionProvider', 'CPUExecutionProvider']",False,0,0,0,False,False,38,10,36.0,0.09301280975341797,53.0,1132.0,nvml
007463.png,SMALL,onnx_cuda,"['CUDAExecutionProvider', 'CPUExecutionProvider']",False,1,1,0,True,True,35,8,36.0,0.09301280975341797,53.0,1132.0,nvml
007464.png,SMALL,onnx_cuda,"['CUDAExecutionProvider', 'CPUExecutionProvider']",False,1,15,3,True,True,27,6,36.0,0.09301280975341797,53.0,1132.0,nvml
007465.png,SMALL,onnx_cuda,"['CUDAExecutionProvider', 'CPUExecutionProvider']",False,1,0,0,True,True,55,8,36.0,0.09301280975341797,53.0,1132.0,nvml
007466.png,SMALL,onnx_cuda,"['CUDAExecutionProvider', 'CPUExecutionProvider']",False,0,0,0,False,False,0,6,36.0,0.09301280975341797,53.0,1132.0,nvml
007467.png,SMALL,onnx_cuda,"['CUDAExecutionProvider', 'CPUExecutionProvider']",False,0,0,0,False,False,24,5,36.0,0.09301280975341797,53.0,1132.0,nvml
007468.png,SMALL,onnx_cuda,"['CUDAExecutionProvider', 'CPUExecutionProvider']",False,0,0,0,False,False,33,6,36.0,0.09301280975341797,53.0,1132.0,nvml
007469.png,SMALL,onnx_cuda,"['CUDAExecutionProvider', 'CPUExecutionProvider']",False,1,33,3,True,True,35,7,36.0,0.09301280975341797,53.0,1132.0,nvml
007470.png,SMALL,onnx_cuda,"['CUDAExecutionProvider', 'CPUExecutionProvider']",False,0,0,0,False,False,45,10,36.0,0.09301280975341797,53.0,1132.0,nvml
007471.png,SMALL,onnx_cuda,"['CUDAExecutionProvider', 'CPUExecutionProvider']",False,0,0,0,False,False,0,1,36.0,0.09301280975341797,53.0,1132.0,nvml
007472.png,SMALL,onnx_cuda,"['CUDAExecutionProvider', 'CPUExecutionProvider']",False,0,1,0,False,True,1,2,38.0,0.09301280975341797,53.0,1132.0,nvml
007473.png,SMALL,onnx_cuda,"['CUDAExecutionProvider', 'CPUExecutionProvider']",False,0,0,1,True,False,25,5,38.0,0.09301280975341797,53.0,1132.0,nvml
007474.png,SMALL,onnx_cuda,"['CUDAExecutionProvider', 'CPUExecutionProvider']",False,0,0,0,False,False,22,7,38.0,0.09301280975341797,53.0,1132.0,nvml
007475.png,SMALL,onnx_cuda,"['CUDAExecutionProvider', 'CPUExecutionProvider']",False,0,0,0,False,False,33,8,38.0,0.09301280975341797,53.0,1132.0,nvml
007476.png,SMALL,onnx_cuda,"['CUDAExecutionProvider', 'CPUExecutionProvider']",False,0,0,1,True,False,31,5,38.0,0.09301280975341797,53.0,1132.0,nvml
007477.png,SMALL,onnx_cuda,"['CUDAExecutionProvider', 'CPUExecutionProvider']",False,1,10,0,True,True,11,1,38.0,0.09301280975341797,53.0,1132.0,nvml
007478.png,SMALL,onnx_cuda,"['CUDAExecutionProvider', 'CPUExecutionProvider']",False,0,0,0,False,False,10,5,38.0,0.09301280975341797,53.0,1132.0,nvml
007479.png,SMALL,onnx_cuda,"['CUDAExecutionProvider', 'CPUExecutionProvider']",False,0,0,0,False,False,20,8,38.0,0.09301280975341797,53.0,1132.0,nvml
007480.png,SMALL,onnx_cuda,"['CUDAExecutionProvider', 'CPUExecutionProvider']",False,0,0,1,True,False,80,16,38.0,0.09301280975341797,53.0,1132.0,nvml
005981.png,MEDIUM,onnx_cuda,"['CUDAExecutionProvider', 'CPUExecutionProvider']",False,0,0,0,False,False,50,9,23.0,0.12475109100341797,53.0,1042.0,nvml
005982.png,MEDIUM,onnx_cuda,"['CUDAExecutionProvider', 'CPUExecutionProvider']",False,0,0,2,True,False,55,11,23.0,0.12475109100341797,53.0,1042.0,nvml
005983.png,MEDIUM,onnx_cuda,"['CUDAExecutionProvider', 'CPUExecutionProvider']",False,0,0,0,False,False,111,16,23.0,0.12475109100341797,53.0,1042.0,nvml
005984.png,MEDIUM,onnx_cuda,"['CUDAExecutionProvider', 'CPUExecutionProvider']",False,1,1,0,True,True,25,12,58.0,0.12475109100341797,53.0,1515.0,nvml
005985.png,MEDIUM,onnx_cuda,"['CUDAExecutionProvider', 'CPUExecutionProvider']",False,2,36,2,True,True,41,12,58.0,0.12475109100341797,53.0,1515.0,nvml
005986.png,MEDIUM,onnx_cuda,"['CUDAExecutionProvider', 'CPUExecutionProvider']",False,0,0,0,False,False,41,7,58.0,0.12475109100341797,53.0,1515.0,nvml
005987.png,MEDIUM,onnx_cuda,"['CUDAExecutionProvider', 'CPUExecutionProvider']",False,0,0,0,False,False,49,6,58.0,0.12475109100341797,53.0,1515.0,nvml
005988.png,MEDIUM,onnx_cuda,"['CUDAExecutionProvider', 'CPUExecutionProvider']",False,11,107,5,True,True,128,19,54.0,0.12475109100341797,53.0,1995.0,nvml
005989.png,MEDIUM,onnx_cuda,"['CUDAExecutionProvider', 'CPUExecutionProvider']",False,0,0,0,False,False,0,4,54.0,0.12475109100341797,53.0,2010.0,nvml
005990.png,MEDIUM,onnx_cuda,"['CUDAExecutionProvider', 'CPUExecutionProvider']",False,0,0,0,False,False,12,2,54.0,0.12475109100341797,53.0,2032.0,nvml
005991.png,MEDIUM,onnx_cuda,"['CUDAExecutionProvider', 'CPUExecutionProvider']",False,0,0,1,True,False,13,8,54.0,0.12475109100341797,53.0,2032.0,nvml
005992.png,MEDIUM,onnx_cuda,"['CUDAExecutionProvider', 'CPUExecutionProvider']",False,0,0,0,False,False,40,5,54.0,0.12475109100341797,58.0,2032.0,nvml
005993.png,MEDIUM,onnx_cuda,"['CUDAExecutionProvider', 'CPUExecutionProvider']",False,0,0,0,False,False,5,1,54.0,0.12475109100341797,58.0,2002.0,nvml
005994.png,MEDIUM,onnx_cuda,"['CUDAExecutionProvider', 'CPUExecutionProvider']",False,3,20,0,True,True,30,5,51.0,0.12475109100341797,58.0,2055.0,nvml
005995.png,MEDIUM,onnx_cuda,"['CUDAExecutionProvider', 'CPUExecutionProvider']",False,0,0,0,False,False,10,2,51.0,0.12475109100341797,58.0,2055.0,nvml
005996.png,MEDIUM,onnx_cuda,"['CUDAExecutionProvider', 'CPUExecutionProvider']",False,0,0,0,False,False,91,12,51.0,0.12475109100341797,58.0,2085.0,nvml
005997.png,MEDIUM,onnx_cuda,"['CUDAExecutionProvider', 'CPUExecutionProvider']",False,0,0,2,True,False,17,7,51.0,0.12475109100341797,58.0,2085.0,nvml
005998.png,MEDIUM,onnx_cuda,"['CUDAExecutionProvider', 'CPUExecutionProvider']",False,0,0,0,False,False,37,5,51.0,0.12475109100341797,58.0,2010.0,nvml
005999.png,MEDIUM,onnx_cuda,"['CUDAExecutionProvider', 'CPUExecutionProvider']",False,0,0,0,False,False,47,8,58.0,0.12475109100341797,58.0,2062.0,nvml
006000.png,MEDIUM,onnx_cuda,"['CUDAExecutionProvider', 'CPUExecutionProvider']",False,0,0,0,False,False,35,5,58.0,0.12475109100341797,58.0,2070.0,nvml
006001.png,MEDIUM,onnx_cuda,"['CUDAExecutionProvider', 'CPUExecutionProvider']",False,0,22,0,False,True,31,4,58.0,0.12475109100341797,58.0,2047.0,nvml
006002.png,MEDIUM,onnx_cuda,"['CUDAExecutionProvider', 'CPUExecutionProvider']",False,0,0,0,False,False,30,6,58.0,0.12475109100341797,58.0,2070.0,nvml
006003.png,MEDIUM,onnx_cuda,"['CUDAExecutionProvider', 'CPUExecutionProvider']",False,0,0,0,False,False,74,14,58.0,0.12475109100341797,58.0,2070.0,nvml
006004.png,MEDIUM,onnx_cuda,"['CUDAExecutionProvider', 'CPUExecutionProvider']",False,0,0,0,False,False,22,6,49.0,0.12475109100341797,61.0,1987.0,nvml
006005.png,MEDIUM,onnx_cuda,"['CUDAExecutionProvider', 'CPUExecutionProvider']",False,0,0,0,False,False,73,11,49.0,0.12475109100341797,61.0,2040.0,nvml
006006.png,MEDIUM,onnx_cuda,"['CUDAExecutionProvider', 'CPUExecutionProvider']",False,1,83,9,True,True,84,13,49.0,0.12475109100341797,61.0,2025.0,nvml
006007.png,MEDIUM,onnx_cuda,"['CUDAExecutionProvider', 'CPUExecutionProvider']",False,0,0,0,False,False,71,15,49.0,0.12475109100341797,61.0,2062.0,nvml
006008.png,MEDIUM,onnx_cuda,"['CUDAExecutionProvider', 'CPUExecutionProvider']",False,0,0,0,False,False,72,8,49.0,0.12475109100341797,61.0,2070.0,nvml
006009.png,MEDIUM,onnx_cuda,"['CUDAExecutionProvider', 'CPUExecutionProvider']",False,0,0,0,False,False,36,5,49.0,0.12475109100341797,61.0,2055.0,nvml
006010.png,MEDIUM,onnx_cuda,"['CUDAExecutionProvider', 'CPUExecutionProvider']",False,0,15,1,True,True,25,4,54.0,0.12475109100341797,61.0,1965.0,nvml
006011.png,MEDIUM,onnx_cuda,"['CUDAExecutionProvider', 'CPUExecutionProvider']",False,0,0,3,True,False,75,12,54.0,0.12475109100341797,61.0,2032.0,nvml
006012.png,MEDIUM,onnx_cuda,"['CUDAExecutionProvider', 'CPUExecutionProvider']",False,0,2,0,False,True,15,5,54.0,0.12475109100341797,61.0,2017.0,nvml
006013.png,MEDIUM,onnx_cuda,"['CUDAExecutionProvider', 'CPUExecutionProvider']",False,0,0,0,False,False,31,5,54.0,0.12475109100341797,61.0,2055.0,nvml
006014.png,MEDIUM,onnx_cuda,"['CUDAExecutionProvider', 'CPUExecutionProvider']",False,0,0,0,False,False,34,5,54.0,0.12475109100341797,61.0,2070.0,nvml
006015.png,MEDIUM,onnx_cuda,"['CUDAExecutionProvider', 'CPUExecutionProvider']",False,0,0,0,False,False,34,5,57.0,0.12475109100341797,61.0,2017.0,nvml
006016.png,MEDIUM,onnx_cuda,"['CUDAExecutionProvider', 'CPUExecutionProvider']",False,1,17,0,True,True,85,11,57.0,0.12475109100341797,61.0,1927.0,nvml
006017.png,MEDIUM,onnx_cuda,"['CUDAExecutionProvider', 'CPUExecutionProvider']",False,0,0,0,False,False,28,2,57.0,0.12475109100341797,61.0,2010.0,nvml
006018.png,MEDIUM,onnx_cuda,"['CUDAExecutionProvider', 'CPUExecutionProvider']",False,0,0,0,False,False,76,8,57.0,0.12475109100341797,61.0,2017.0,nvml
006019.png,MEDIUM,onnx_cuda,"['CUDAExecutionProvider', 'CPUExecutionProvider']",False,1,0,0,True,True,15,3,57.0,0.12475109100341797,61.0,2047.0,nvml
006020.png,MEDIUM,onnx_cuda,"['CUDAExecutionProvider', 'CPUExecutionProvider']",False,0,0,0,False,False,12,5,57.0,0.12475109100341797,61.0,2070.0,nvml
006021.png,MEDIUM,onnx_cuda,"['CUDAExecutionProvider', 'CPUExecutionProvider']",False,1,11,0,True,True,32,4,55.0,0.12475109100341797,61.0,2017.0,nvml
006022.png,MEDIUM,onnx_cuda,"['CUDAExecutionProvider', 'CPUExecutionProvider']",False,0,0,0,False,False,23,3,55.0,0.12475109100341797,61.0,1920.0,nvml
006023.png,MEDIUM,onnx_cuda,"['CUDAExecutionProvider', 'CPUExecutionProvider']",False,1,19,0,True,True,39,4,55.0,0.12475109100341797,61.0,2010.0,nvml
006024.png,MEDIUM,onnx_cuda,"['CUDAExecutionProvider', 'CPUExecutionProvider']",False,2,15,1,True,True,57,6,55.0,0.12475109100341797,61.0,2070.0,nvml
006025.png,MEDIUM,onnx_cuda,"['CUDAExecutionProvider', 'CPUExecutionProvider']",False,0,0,0,False,False,48,8,51.0,0.12475109100341797,61.0,2032.0,nvml
006026.png,MEDIUM,onnx_cuda,"['CUDAExecutionProvider', 'CPUExecutionProvider']",False,2,13,0,True,True,75,10,51.0,0.12475109100341797,61.0,2062.0,nvml
006027.png,MEDIUM,onnx_cuda,"['CUDAExecutionProvider', 'CPUExecutionProvider']",False,1,1,1,True,True,47,9,51.0,0.12475109100341797,61.0,2047.0,nvml
006028.png,MEDIUM,onnx_cuda,"['CUDAExecutionProvider', 'CPUExecutionProvider']",False,0,0,0,False,False,5,2,51.0,0.12475109100341797,61.0,1965.0,nvml
006029.png,MEDIUM,onnx_cuda,"['CUDAExecutionProvider', 'CPUExecutionProvider']",False,1,63,0,True,True,64,1,51.0,0.12475109100341797,62.0,2032.0,nvml
006030.png,MEDIUM,onnx_cuda,"['CUDAExecutionProvider', 'CPUExecutionProvider']",False,0,0,0,False,False,19,5,51.0,0.12475109100341797,62.0,2002.0,nvml
006031.png,MEDIUM,onnx_cuda,"['CUDAExecutionProvider', 'CPUExecutionProvider']",False,0,0,0,False,False,32,7,55.0,0.12475109100341797,62.0,2047.0,nvml
006032.png,MEDIUM,onnx_cuda,"['CUDAExecutionProvider', 'CPUExecutionProvider']",False,0,0,0,False,False,48,3,55.0,0.12475109100341797,62.0,2010.0,nvml
006033.png,MEDIUM,onnx_cuda,"['CUDAExecutionProvider', 'CPUExecutionProvider']",False,0,0,0,False,False,70,11,55.0,0.12475109100341797,62.0,2047.0,nvml
006034.png,MEDIUM,onnx_cuda,"['CUDAExecutionProvider', 'CPUExecutionProvider']",False,0,0,1,True,False,113,18,55.0,0.12475109100341797,62.0,2070.0,nvml
006035.png,MEDIUM,onnx_cuda,"['CUDAExecutionProvider', 'CPUExecutionProvider']",False,1,48,0,True,True,53,1,55.0,0.12475109100341797,62.0,2002.0,nvml
006036.png,MEDIUM,onnx_cuda,"['CUDAExecutionProvider', 'CPUExecutionProvider']",False,0,0,0,False,False,40,6,55.0,0.12475109100341797,62.0,2047.0,nvml
006037.png,MEDIUM,onnx_cuda,"['CUDAExecutionProvider', 'CPUExecutionProvider']",False,0,0,0,False,False,24,6,57.0,0.12475109100341797,62.0,2002.0,nvml
006038.png,MEDIUM,onnx_cuda,"['CUDAExecutionProvider', 'CPUExecutionProvider']",False,0,0,0,False,False,15,6,57.0,0.12475109100341797,62.0,1920.0,nvml
006039.png,MEDIUM,onnx_cuda,"['CUDAExecutionProvider', 'CPUExecutionProvider']",False,1,9,0,True,True,53,9,57.0,0.12475109100341797,62.0,2062.0,nvml
006040.png,MEDIUM,onnx_cuda,"['CUDAExecutionProvider', 'CPUExecutionProvider']",False,0,0,0,False,False,55,6,57.0,0.12475109100341797,62.0,2017.0,nvml
006041.png,MEDIUM,onnx_cuda,"['CUDAExecutionProvider', 'CPUExecutionProvider']",False,0,0,0,False,False,58,7,57.0,0.12475109100341797,62.0,1935.0,nvml
006042.png,MEDIUM,onnx_cuda,"['CUDAExecutionProvider', 'CPUExecutionProvider']",False,0,0,0,False,False,22,5,54.0,0.12475109100341797,62.0,2017.0,nvml
006043.png,MEDIUM,onnx_cuda,"['CUDAExecutionProvider', 'CPUExecutionProvider']",False,0,0,0,False,False,25,3,54.0,0.12475109100341797,62.0,2010.0,nvml
006044.png,MEDIUM,onnx_cuda,"['CUDAExecutionProvider', 'CPUExecutionProvider']",False,0,0,0,False,False,22,5,54.0,0.12475109100341797,62.0,2032.0,nvml
006045.png,MEDIUM,onnx_cuda,"['CUDAExecutionProvider', 'CPUExecutionProvider']",False,0,3,0,False,True,53,8,54.0,0.12475109100341797,62.0,2062.0,nvml
006046.png,MEDIUM,onnx_cuda,"['CUDAExecutionProvider', 'CPUExecutionProvider']",False,0,0,0,False,False,25,12,54.0,0.12475109100341797,62.0,2002.0,nvml
006047.png,MEDIUM,onnx_cuda,"['CUDAExecutionProvider', 'CPUExecutionProvider']",False,0,0,0,False,False,45,11,54.0,0.12475109100341797,62.0,2047.0,nvml
006048.png,MEDIUM,onnx_cuda,"['CUDAExecutionProvider', 'CPUExecutionProvider']",False,0,0,0,False,False,56,8,58.0,0.12475109100341797,62.0,2062.0,nvml
006049.png,MEDIUM,onnx_cuda,"['CUDAExecutionProvider', 'CPUExecutionProvider']",False,0,0,0,False,False,44,6,58.0,0.12475109100341797,62.0,1965.0,nvml
006050.png,MEDIUM,onnx_cuda,"['CUDAExecutionProvider', 'CPUExecutionProvider']",False,0,0,0,False,False,73,9,58.0,0.12475109100341797,62.0,2032.0,nvml
006051.png,MEDIUM,onnx_cuda,"['CUDAExecutionProvider', 'CPUExecutionProvider']",False,2,15,0,True,True,49,7,58.0,0.12475109100341797,62.0,2002.0,nvml
006052.png,MEDIUM,onnx_cuda,"['CUDAExecutionProvider', 'CPUExecutionProvider']",False,0,1,1,True,True,67,11,58.0,0.12475109100341797,62.0,2047.0,nvml
006053.png,MEDIUM,onnx_cuda,"['CUDAExecutionProvider', 'CPUExecutionProvider']",False,1,66,0,True,True,77,1,55.0,0.12475109100341797,62.0,2062.0,nvml
006054.png,MEDIUM,onnx_cuda,"['CUDAExecutionProvider', 'CPUExecutionProvider']",False,0,0,0,False,False,54,9,55.0,0.12475109100341797,62.0,1957.0,nvml
006055.png,MEDIUM,onnx_cuda,"['CUDAExecutionProvider', 'CPUExecutionProvider']",False,0,0,0,False,False,102,13,55.0,0.12475109100341797,62.0,1897.0,nvml
006056.png,MEDIUM,onnx_cuda,"['CUDAExecutionProvider', 'CPUExecutionProvider']",False,0,0,0,False,False,32,4,55.0,0.12475109100341797,62.0,1995.0,nvml
006057.png,MEDIUM,onnx_cuda,"['CUDAExecutionProvider', 'CPUExecutionProvider']",False,0,0,0,False,False,12,2,55.0,0.12475109100341797,62.0,1995.0,nvml
006058.png,MEDIUM,onnx_cuda,"['CUDAExecutionProvider', 'CPUExecutionProvider']",False,0,0,0,False,False,28,5,55.0,0.12475109100341797,62.0,1897.0,nvml
006059.png,MEDIUM,onnx_cuda,"['CUDAExecutionProvider', 'CPUExecutionProvider']",False,0,0,0,False,False,22,6,57.0,0.12475109100341797,62.0,1995.0,nvml
006060.png,MEDIUM,onnx_cuda,"['CUDAExecutionProvider', 'CPUExecutionProvider']",False,0,0,0,False,False,71,12,57.0,0.12475109100341797,62.0,1995.0,nvml
006061.png,MEDIUM,onnx_cuda,"['CUDAExecutionProvider', 'CPUExecutionProvider']",False,0,0,0,False,False,5,2,57.0,0.12475109100341797,62.0,2010.0,nvml
006062.png,MEDIUM,onnx_cuda,"['CUDAExecutionProvider', 'CPUExecutionProvider']",False,1,8,0,True,True,31,4,57.0,0.12475109100341797,62.0,2047.0,nvml
006063.png,MEDIUM,onnx_cuda,"['CUDAExecutionProvider', 'CPUExecutionProvider']",False,0,0,0,False,False,74,10,57.0,0.12475109100341797,62.0,2017.0,nvml
006064.png,MEDIUM,onnx_cuda,"['CUDAExecutionProvider', 'CPUExecutionProvider']",False,0,2,0,False,True,76,16,54.0,0.12475109100341797,62.0,1920.0,nvml
006065.png,MEDIUM,onnx_cuda,"['CUDAExecutionProvider', 'CPUExecutionProvider']",False,2,15,0,True,True,38,7,54.0,0.12475109100341797,62.0,2010.0,nvml
006066.png,MEDIUM,onnx_cuda,"['CUDAExecutionProvider', 'CPUExecutionProvider']",False,0,0,0,False,False,90,10,54.0,0.12475109100341797,62.0,2002.0,nvml
006067.png,MEDIUM,onnx_cuda,"['CUDAExecutionProvider', 'CPUExecutionProvider']",False,0,0,1,True,False,37,7,54.0,0.12475109100341797,62.0,2040.0,nvml
006068.png,MEDIUM,onnx_cuda,"['CUDAExecutionProvider', 'CPUExecutionProvider']",False,1,11,0,True,True,50,6,54.0,0.12475109100341797,62.0,2062.0,nvml
006069.png,MEDIUM,onnx_cuda,"['CUDAExecutionProvider', 'CPUExecutionProvider']",False,0,0,0,False,False,26,7,59.0,0.12475109100341797,62.0,1980.0,nvml
006070.png,MEDIUM,onnx_cuda,"['CUDAExecutionProvider', 'CPUExecutionProvider']",False,5,102,2,True,True,120,11,59.0,0.12475109100341797,62.0,1912.0,nvml
006071.png,MEDIUM,onnx_cuda,"['CUDAExecutionProvider', 'CPUExecutionProvider']",False,1,47,3,True,True,68,6,59.0,0.12475109100341797,62.0,2002.0,nvml
006072.png,MEDIUM,onnx_cuda,"['CUDAExecutionProvider', 'CPUExecutionProvider']",False,0,0,0,False,False,28,6,59.0,0.12475109100341797,62.0,2002.0,nvml
006073.png,MEDIUM,onnx_cuda,"['CUDAExecutionProvider', 'CPUExecutionProvider']",False,0,0,0,False,False,50,9,59.0,0.12475109100341797,62.0,2040.0,nvml
006074.png,MEDIUM,onnx_cuda,"['CUDAExecutionProvider', 'CPUExecutionProvider']",False,0,0,0,False,False,29,6,59.0,0.12475109100341797,62.0,2062.0,nvml
006075.png,MEDIUM,onnx_cuda,"['CUDAExecutionProvider', 'CPUExecutionProvider']",False,2,11,1,True,True,26,5,53.0,0.12475109100341797,62.0,2032.0,nvml
006076.png,MEDIUM,onnx_cuda,"['CUDAExecutionProvider', 'CPUExecutionProvider']",False,1,66,0,True,True,77,2,53.0,0.12475109100341797,62.0,2047.0,nvml
006077.png,MEDIUM,onnx_cuda,"['CUDAExecutionProvider', 'CPUExecutionProvider']",False,0,0,0,False,False,100,12,53.0,0.12475109100341797,62.0,1957.0,nvml
006078.png,MEDIUM,onnx_cuda,"['CUDAExecutionProvider', 'CPUExecutionProvider']",False,0,0,0,False,False,67,14,53.0,0.12475109100341797,62.0,1882.0,nvml
006079.png,MEDIUM,onnx_cuda,"['CUDAExecutionProvider', 'CPUExecutionProvider']",False,0,0,0,False,False,15,6,53.0,0.12475109100341797,62.0,1987.0,nvml
006080.png,MEDIUM,onnx_cuda,"['CUDAExecutionProvider', 'CPUExecutionProvider']",False,0,0,0,False,False,25,5,58.0,0.12475109100341797,62.0,1987.0,nvml
006081.png,MEDIUM,onnx_cuda,"['CUDAExecutionProvider', 'CPUExecutionProvider']",False,0,0,0,False,False,45,7,58.0,0.12475109100341797,62.0,2017.0,nvml
006082.png,MEDIUM,onnx_cuda,"['CUDAExecutionProvider', 'CPUExecutionProvider']",False,1,0,3,True,True,72,11,58.0,0.12475109100341797,62.0,2055.0,nvml
006083.png,MEDIUM,onnx_cuda,"['CUDAExecutionProvider', 'CPUExecutionProvider']",False,2,28,2,True,True,57,6,58.0,0.12475109100341797,62.0,2025.0,nvml
006084.png,MEDIUM,onnx_cuda,"['CUDAExecutionProvider', 'CPUExecutionProvider']",False,0,0,0,False,False,78,15,58.0,0.12475109100341797,62.0,1935.0,nvml
006085.png,MEDIUM,onnx_cuda,"['CUDAExecutionProvider', 'CPUExecutionProvider']",False,0,0,0,False,False,20,2,58.0,0.12475109100341797,62.0,2017.0,nvml
006086.png,MEDIUM,onnx_cuda,"['CUDAExecutionProvider', 'CPUExecutionProvider']",False,0,0,0,False,False,46,2,53.0,0.12475109100341797,62.0,1995.0,nvml
006087.png,MEDIUM,onnx_cuda,"['CUDAExecutionProvider', 'CPUExecutionProvider']",False,3,21,0,True,True,33,6,53.0,0.12475109100341797,62.0,2040.0,nvml
006088.png,MEDIUM,onnx_cuda,"['CUDAExecutionProvider', 'CPUExecutionProvider']",False,6,119,1,True,True,147,10,53.0,0.12475109100341797,62.0,2062.0,nvml
006089.png,MEDIUM,onnx_cuda,"['CUDAExecutionProvider', 'CPUExecutionProvider']",False,1,48,0,True,True,53,1,53.0,0.12475109100341797,62.0,2002.0,nvml
006090.png,MEDIUM,onnx_cuda,"['CUDAExecutionProvider', 'CPUExecutionProvider']",False,0,0,0,False,False,78,9,53.0,0.12475109100341797,62.0,1897.0,nvml
006091.png,MEDIUM,onnx_cuda,"['CUDAExecutionProvider', 'CPUExecutionProvider']",False,0,0,0,False,False,0,3,59.0,0.12475109100341797,62.0,1995.0,nvml
006092.png,MEDIUM,onnx_cuda,"['CUDAExecutionProvider', 'CPUExecutionProvider']",False,0,0,1,True,False,35,8,59.0,0.12475109100341797,62.0,2002.0,nvml
006093.png,MEDIUM,onnx_cuda,"['CUDAExecutionProvider', 'CPUExecutionProvider']",False,1,10,0,True,True,34,5,59.0,0.12475109100341797,62.0,2047.0,nvml
006094.png,MEDIUM,onnx_cuda,"['CUDAExecutionProvider', 'CPUExecutionProvider']",False,1,2,1,True,True,23,3,59.0,0.12475109100341797,63.0,2047.0,nvml
006095.png,MEDIUM,onnx_cuda,"['CUDAExecutionProvider', 'CPUExecutionProvider']",False,0,0,1,True,False,26,5,59.0,0.12475109100341797,63.0,1965.0,nvml
006096.png,MEDIUM,onnx_cuda,"['CUDAExecutionProvider', 'CPUExecutionProvider']",False,0,0,0,False,False,29,4,59.0,0.12475109100341797,63.0,2032.0,nvml
006097.png,MEDIUM,onnx_cuda,"['CUDAExecutionProvider', 'CPUExecutionProvider']",False,0,0,0,False,False,59,10,54.0,0.12475109100341797,63.0,1995.0,nvml
006098.png,MEDIUM,onnx_cuda,"['CUDAExecutionProvider', 'CPUExecutionProvider']",False,0,0,0,False,False,25,6,54.0,0.12475109100341797,63.0,2017.0,nvml
006099.png,MEDIUM,onnx_cuda,"['CUDAExecutionProvider', 'CPUExecutionProvider']",False,0,0,0,False,False,32,3,54.0,0.12475109100341797,63.0,2062.0,nvml
006100.png,MEDIUM,onnx_cuda,"['CUDAExecutionProvider', 'CPUExecutionProvider']",False,1,12,0,True,True,34,5,54.0,0.12475109100341797,63.0,2055.0,nvml
006101.png,MEDIUM,onnx_cuda,"['CUDAExecutionProvider', 'CPUExecutionProvider']",False,0,0,0,False,False,1,2,54.0,0.12475109100341797,63.0,1927.0,nvml
006102.png,MEDIUM,onnx_cuda,"['CUDAExecutionProvider', 'CPUExecutionProvider']",False,1,10,0,True,True,57,6,59.0,0.12475109100341797,63.0,2010.0,nvml
006103.png,MEDIUM,onnx_cuda,"['CUDAExecutionProvider', 'CPUExecutionProvider']",False,0,0,0,False,False,35,7,59.0,0.12475109100341797,63.0,1995.0,nvml
006104.png,MEDIUM,onnx_cuda,"['CUDAExecutionProvider', 'CPUExecutionProvider']",False,0,0,0,False,False,3,1,59.0,0.12475109100341797,63.0,2040.0,nvml
006105.png,MEDIUM,onnx_cuda,"['CUDAExecutionProvider', 'CPUExecutionProvider']",False,0,0,0,False,False,5,2,59.0,0.12475109100341797,63.0,2055.0,nvml
006106.png,MEDIUM,onnx_cuda,"['CUDAExecutionProvider', 'CPUExecutionProvider']",False,0,0,0,False,False,85,10,59.0,0.12475109100341797,63.0,1927.0,nvml
006107.png,MEDIUM,onnx_cuda,"['CUDAExecutionProvider', 'CPUExecutionProvider']",False,0,5,0,False,True,17,2,59.0,0.12475109100341797,64.0,2010.0,nvml
006108.png,MEDIUM,onnx_cuda,"['CUDAExecutionProvider', 'CPUExecutionProvider']",False,0,0,0,False,False,46,8,54.0,0.12475109100341797,64.0,2002.0,nvml
006109.png,MEDIUM,onnx_cuda,"['CUDAExecutionProvider', 'CPUExecutionProvider']",False,0,0,1,True,False,16,9,54.0,0.12475109100341797,64.0,2040.0,nvml
006110.png,MEDIUM,onnx_cuda,"['CUDAExecutionProvider', 'CPUExecutionProvider']",False,0,0,0,False,False,101,10,54.0,0.12475109100341797,64.0,2055.0,nvml
006111.png,MEDIUM,onnx_cuda,"['CUDAExecutionProvider', 'CPUExecutionProvider']",False,0,0,0,False,False,36,6,54.0,0.12475109100341797,64.0,1972.0,nvml
006112.png,MEDIUM,onnx_cuda,"['CUDAExecutionProvider', 'CPUExecutionProvider']",False,0,0,0,False,False,0,7,54.0,0.12475109100341797,64.0,2032.0,nvml
006113.png,MEDIUM,onnx_cuda,"['CUDAExecutionProvider', 'CPUExecutionProvider']",False,0,0,0,False,False,56,9,60.0,0.12475109100341797,64.0,1987.0,nvml
006114.png,MEDIUM,onnx_cuda,"['CUDAExecutionProvider', 'CPUExecutionProvider']",False,0,0,0,False,False,44,7,60.0,0.12475109100341797,64.0,2032.0,nvml
006115.png,MEDIUM,onnx_cuda,"['CUDAExecutionProvider', 'CPUExecutionProvider']",False,0,8,0,False,True,32,4,60.0,0.12475109100341797,64.0,2062.0,nvml
006116.png,MEDIUM,onnx_cuda,"['CUDAExecutionProvider', 'CPUExecutionProvider']",False,0,0,0,False,False,22,9,60.0,0.12475109100341797,64.0,2002.0,nvml
006117.png,MEDIUM,onnx_cuda,"['CUDAExecutionProvider', 'CPUExecutionProvider']",False,0,0,0,False,False,73,9,60.0,0.12475109100341797,64.0,1912.0,nvml
006118.png,MEDIUM,onnx_cuda,"['CUDAExecutionProvider', 'CPUExecutionProvider']",False,0,0,2,True,False,4,8,60.0,0.12475109100341797,64.0,2002.0,nvml
006119.png,MEDIUM,onnx_cuda,"['CUDAExecutionProvider', 'CPUExecutionProvider']",False,0,0,0,False,False,20,5,53.0,0.12475109100341797,64.0,1995.0,nvml
006120.png,MEDIUM,onnx_cuda,"['CUDAExecutionProvider', 'CPUExecutionProvider']",False,0,1,0,False,True,11,2,53.0,0.12475109100341797,63.0,2047.0,nvml
006121.png,MEDIUM,onnx_cuda,"['CUDAExecutionProvider', 'CPUExecutionProvider']",False,13,124,2,True,True,147,19,53.0,0.12475109100341797,63.0,2062.0,nvml
006122.png,MEDIUM,onnx_cuda,"['CUDAExecutionProvider', 'CPUExecutionProvider']",False,5,54,1,True,True,74,9,53.0,0.12475109100341797,63.0,2070.0,nvml
006123.png,MEDIUM,onnx_cuda,"['CUDAExecutionProvider', 'CPUExecutionProvider']",False,1,3,0,True,True,47,7,53.0,0.12475109100341797,63.0,2032.0,nvml
006124.png,MEDIUM,onnx_cuda,"['CUDAExecutionProvider', 'CPUExecutionProvider']",False,0,0,0,False,False,29,3,59.0,0.12475109100341797,63.0,2055.0,nvml
006125.png,MEDIUM,onnx_cuda,"['CUDAExecutionProvider', 'CPUExecutionProvider']",False,0,0,0,False,False,26,5,59.0,0.12475109100341797,63.0,1957.0,nvml
006126.png,MEDIUM,onnx_cuda,"['CUDAExecutionProvider', 'CPUExecutionProvider']",False,0,0,0,False,False,29,6,59.0,0.12475109100341797,63.0,2025.0,nvml
006127.png,MEDIUM,onnx_cuda,"['CUDAExecutionProvider', 'CPUExecutionProvider']",False,0,0,0,False,False,77,15,59.0,0.12475109100341797,63.0,1987.0,nvml
006128.png,MEDIUM,onnx_cuda,"['CUDAExecutionProvider', 'CPUExecutionProvider']",False,0,0,0,False,False,15,3,59.0,0.12475109100341797,63.0,2017.0,nvml
006129.png,MEDIUM,onnx_cuda,"['CUDAExecutionProvider', 'CPUExecutionProvider']",False,0,0,0,False,False,51,9,59.0,0.12475109100341797,63.0,2032.0,nvml
006130.png,MEDIUM,onnx_cuda,"['CUDAExecutionProvider', 'CPUExecutionProvider']",False,5,98,3,True,True,125,11,54.0,0.12475109100341797,63.0,2010.0,nvml
006131.png,MEDIUM,onnx_cuda,"['CUDAExecutionProvider', 'CPUExecutionProvider']",False,0,0,0,False,False,11,4,54.0,0.12475109100341797,63.0,1927.0,nvml
006132.png,MEDIUM,onnx_cuda,"['CUDAExecutionProvider', 'CPUExecutionProvider']",False,0,0,0,False,False,8,5,54.0,0.12475109100341797,63.0,2010.0,nvml
006133.png,MEDIUM,onnx_cuda,"['CUDAExecutionProvider', 'CPUExecutionProvider']",False,0,8,0,False,True,18,5,54.0,0.12475109100341797,63.0,1995.0,nvml
006134.png,MEDIUM,onnx_cuda,"['CUDAExecutionProvider', 'CPUExecutionProvider']",False,0,0,0,False,False,23,6,54.0,0.12475109100341797,63.0,2040.0,nvml
006135.png,MEDIUM,onnx_cuda,"['CUDAExecutionProvider', 'CPUExecutionProvider']",False,0,0,0,False,False,37,7,58.0,0.12475109100341797,63.0,2055.0,nvml
006136.png,MEDIUM,onnx_cuda,"['CUDAExecutionProvider', 'CPUExecutionProvider']",False,0,0,0,False,False,37,8,58.0,0.12475109100341797,63.0,2010.0,nvml
006137.png,MEDIUM,onnx_cuda,"['CUDAExecutionProvider', 'CPUExecutionProvider']",False,0,0,0,False,False,42,9,58.0,0.12475109100341797,63.0,1897.0,nvml
006138.png,MEDIUM,onnx_cuda,"['CUDAExecutionProvider', 'CPUExecutionProvider']",False,0,0,0,False,False,38,6,58.0,0.12475109100341797,63.0,1995.0,nvml
006139.png,MEDIUM,onnx_cuda,"['CUDAExecutionProvider', 'CPUExecutionProvider']",False,12,139,6,True,True,161,21,58.0,0.12475109100341797,63.0,1987.0,nvml
006140.png,MEDIUM,onnx_cuda,"['CUDAExecutionProvider', 'CPUExecutionProvider']",False,0,0,0,False,False,12,3,58.0,0.12475109100341797,63.0,2032.0,nvml
006141.png,MEDIUM,onnx_cuda,"['CUDAExecutionProvider', 'CPUExecutionProvider']",False,0,0,0,False,False,54,9,55.0,0.12475109100341797,63.0,2047.0,nvml
006142.png,MEDIUM,onnx_cuda,"['CUDAExecutionProvider', 'CPUExecutionProvider']",False,0,0,0,False,False,22,2,55.0,0.12475109100341797,63.0,2010.0,nvml
006143.png,MEDIUM,onnx_cuda,"['CUDAExecutionProvider', 'CPUExecutionProvider']",False,0,0,0,False,False,117,15,55.0,0.12475109100341797,63.0,1927.0,nvml
006144.png,MEDIUM,onnx_cuda,"['CUDAExecutionProvider', 'CPUExecutionProvider']",False,0,10,0,False,True,48,5,55.0,0.12475109100341797,63.0,2010.0,nvml
006145.png,MEDIUM,onnx_cuda,"['CUDAExecutionProvider', 'CPUExecutionProvider']",False,0,0,0,False,False,67,14,55.0,0.12475109100341797,63.0,1995.0,nvml
006146.png,MEDIUM,onnx_cuda,"['CUDAExecutionProvider', 'CPUExecutionProvider']",False,0,0,0,False,False,35,6,57.0,0.12475109100341797,64.0,2032.0,nvml
006147.png,MEDIUM,onnx_cuda,"['CUDAExecutionProvider', 'CPUExecutionProvider']",False,0,0,0,False,False,49,8,57.0,0.12475109100341797,64.0,2055.0,nvml
006148.png,MEDIUM,onnx_cuda,"['CUDAExecutionProvider', 'CPUExecutionProvider']",False,0,0,3,True,False,10,8,57.0,0.12475109100341797,64.0,1957.0,nvml
006149.png,MEDIUM,onnx_cuda,"['CUDAExecutionProvider', 'CPUExecutionProvider']",False,0,0,0,False,False,61,9,57.0,0.12475109100341797,64.0,2025.0,nvml
006150.png,MEDIUM,onnx_cuda,"['CUDAExecutionProvider', 'CPUExecutionProvider']",False,0,12,0,False,True,91,10,57.0,0.12475109100341797,64.0,1987.0,nvml
006151.png,MEDIUM,onnx_cuda,"['CUDAExecutionProvider', 'CPUExecutionProvider']",False,1,81,0,True,True,82,1,57.0,0.12475109100341797,64.0,2017.0,nvml
006152.png,MEDIUM,onnx_cuda,"['CUDAExecutionProvider', 'CPUExecutionProvider']",False,1,76,0,True,True,86,1,56.0,0.12475109100341797,64.0,2047.0,nvml
006153.png,MEDIUM,onnx_cuda,"['CUDAExecutionProvider', 'CPUExecutionProvider']",False,0,0,0,False,False,35,9,56.0,0.12475109100341797,64.0,2047.0,nvml
006154.png,MEDIUM,onnx_cuda,"['CUDAExecutionProvider', 'CPUExecutionProvider']",False,0,0,0,False,False,52,6,56.0,0.12475109100341797,64.0,1972.0,nvml
006155.png,MEDIUM,onnx_cuda,"['CUDAExecutionProvider', 'CPUExecutionProvider']",False,0,0,0,False,False,47,8,56.0,0.12475109100341797,64.0,1867.0,nvml
006156.png,MEDIUM,onnx_cuda,"['CUDAExecutionProvider', 'CPUExecutionProvider']",False,0,0,0,False,False,106,14,56.0,0.12475109100341797,64.0,1882.0,nvml
006157.png,MEDIUM,onnx_cuda,"['CUDAExecutionProvider', 'CPUExecutionProvider']",False,0,0,0,False,False,111,17,53.0,0.12475109100341797,64.0,1882.0,nvml
006158.png,MEDIUM,onnx_cuda,"['CUDAExecutionProvider', 'CPUExecutionProvider']",False,1,83,0,True,True,86,1,53.0,0.12475109100341797,64.0,2062.0,nvml
006159.png,MEDIUM,onnx_cuda,"['CUDAExecutionProvider', 'CPUExecutionProvider']",False,0,4,1,True,True,61,6,53.0,0.12475109100341797,63.0,1972.0,nvml
006160.png,MEDIUM,onnx_cuda,"['CUDAExecutionProvider', 'CPUExecutionProvider']",False,1,11,0,True,True,47,8,53.0,0.12475109100341797,63.0,1882.0,nvml
006161.png,MEDIUM,onnx_cuda,"['CUDAExecutionProvider', 'CPUExecutionProvider']",False,0,0,0,False,False,71,10,53.0,0.12475109100341797,63.0,1987.0,nvml
006162.png,MEDIUM,onnx_cuda,"['CUDAExecutionProvider', 'CPUExecutionProvider']",False,0,0,0,False,False,16,7,57.0,0.12475109100341797,63.0,1995.0,nvml
006163.png,MEDIUM,onnx_cuda,"['CUDAExecutionProvider', 'CPUExecutionProvider']",False,0,0,1,True,False,113,20,57.0,0.12475109100341797,63.0,2025.0,nvml
006164.png,MEDIUM,onnx_cuda,"['CUDAExecutionProvider', 'CPUExecutionProvider']",False,1,80,0,True,True,84,1,57.0,0.12475109100341797,63.0,2055.0,nvml
006165.png,MEDIUM,onnx_cuda,"['CUDAExecutionProvider', 'CPUExecutionProvider']",False,0,0,0,False,False,9,6,57.0,0.12475109100341797,63.0,1965.0,nvml
006166.png,MEDIUM,onnx_cuda,"['CUDAExecutionProvider', 'CPUExecutionProvider']",False,1,10,0,True,True,61,7,57.0,0.12475109100341797,63.0,2032.0,nvml
006167.png,MEDIUM,onnx_cuda,"['CUDAExecutionProvider', 'CPUExecutionProvider']",False,0,0,0,False,False,32,6,57.0,0.12475109100341797,63.0,2070.0,nvml
006168.png,MEDIUM,onnx_cuda,"['CUDAExecutionProvider', 'CPUExecutionProvider']",False,0,0,0,False,False,1,4,54.0,0.12475109100341797,63.0,2062.0,nvml
006169.png,MEDIUM,onnx_cuda,"['CUDAExecutionProvider', 'CPUExecutionProvider']",False,1,5,0,True,True,39,9,54.0,0.12475109100341797,63.0,1942.0,nvml
006170.png,MEDIUM,onnx_cuda,"['CUDAExecutionProvider', 'CPUExecutionProvider']",False,0,0,0,False,False,11,3,54.0,0.12475109100341797,63.0,2017.0,nvml
006171.png,MEDIUM,onnx_cuda,"['CUDAExecutionProvider', 'CPUExecutionProvider']",False,0,0,0,False,False,8,2,54.0,0.12475109100341797,63.0,2002.0,nvml
006172.png,MEDIUM,onnx_cuda,"['CUDAExecutionProvider', 'CPUExecutionProvider']",False,0,29,0,False,True,92,11,54.0,0.12475109100341797,63.0,1995.0,nvml
006173.png,MEDIUM,onnx_cuda,"['CUDAExecutionProvider', 'CPUExecutionProvider']",False,0,0,0,False,False,26,8,54.0,0.12475109100341797,63.0,2070.0,nvml
006174.png,MEDIUM,onnx_cuda,"['CUDAExecutionProvider', 'CPUExecutionProvider']",False,2,8,0,True,True,16,6,54.0,0.12475109100341797,63.0,2040.0,nvml
006175.png,MEDIUM,onnx_cuda,"['CUDAExecutionProvider', 'CPUExecutionProvider']",False,0,7,0,False,True,31,8,54.0,0.12475109100341797,63.0,2062.0,nvml
006176.png,MEDIUM,onnx_cuda,"['CUDAExecutionProvider', 'CPUExecutionProvider']",False,5,107,2,True,True,122,11,54.0,0.12475109100341797,63.0,1972.0,nvml
006177.png,MEDIUM,onnx_cuda,"['CUDAExecutionProvider', 'CPUExecutionProvider']",False,1,4,0,True,True,18,6,54.0,0.12475109100341797,63.0,1920.0,nvml
006178.png,MEDIUM,onnx_cuda,"['CUDAExecutionProvider', 'CPUExecutionProvider']",False,0,0,0,False,False,11,2,54.0,0.12475109100341797,63.0,2010.0,nvml
006179.png,MEDIUM,onnx_cuda,"['CUDAExecutionProvider', 'CPUExecutionProvider']",False,0,1,2,True,True,73,12,58.0,0.12475109100341797,63.0,2070.0,nvml
006180.png,MEDIUM,onnx_cuda,"['CUDAExecutionProvider', 'CPUExecutionProvider']",False,0,0,0,False,False,110,16,58.0,0.12475109100341797,63.0,2047.0,nvml
006181.png,MEDIUM,onnx_cuda,"['CUDAExecutionProvider', 'CPUExecutionProvider']",False,0,0,0,False,False,14,4,58.0,0.12475109100341797,63.0,2062.0,nvml
006182.png,MEDIUM,onnx_cuda,"['CUDAExecutionProvider', 'CPUExecutionProvider']",False,0,0,0,False,False,29,4,58.0,0.12475109100341797,63.0,1965.0,nvml
006183.png,MEDIUM,onnx_cuda,"['CUDAExecutionProvider', 'CPUExecutionProvider']",False,0,0,0,False,False,20,2,58.0,0.12475109100341797,63.0,1927.0,nvml
006184.png,MEDIUM,onnx_cuda,"['CUDAExecutionProvider', 'CPUExecutionProvider']",False,0,0,2,True,False,10,3,53.0,0.12475109100341797,63.0,2010.0,nvml
006185.png,MEDIUM,onnx_cuda,"['CUDAExecutionProvider', 'CPUExecutionProvider']",False,1,2,0,True,True,20,3,53.0,0.12475109100341797,64.0,2070.0,nvml
006186.png,MEDIUM,onnx_cuda,"['CUDAExecutionProvider', 'CPUExecutionProvider']",False,0,0,0,False,False,67,8,53.0,0.12475109100341797,64.0,2047.0,nvml
006187.png,MEDIUM,onnx_cuda,"['CUDAExecutionProvider', 'CPUExecutionProvider']",False,0,0,0,False,False,64,12,53.0,0.12475109100341797,64.0,2062.0,nvml
006188.png,MEDIUM,onnx_cuda,"['CUDAExecutionProvider', 'CPUExecutionProvider']",False,0,0,0,False,False,11,5,53.0,0.12475109100341797,64.0,2040.0,nvml
006189.png,MEDIUM,onnx_cuda,"['CUDAExecutionProvider', 'CPUExecutionProvider']",False,1,9,2,True,True,108,17,53.0,0.12475109100341797,64.0,1935.0,nvml
006190.png,MEDIUM,onnx_cuda,"['CUDAExecutionProvider', 'CPUExecutionProvider']",False,4,30,0,True,True,36,10,59.0,0.12475109100341797,64.0,2017.0,nvml
006191.png,MEDIUM,onnx_cuda,"['CUDAExecutionProvider', 'CPUExecutionProvider']",False,0,0,0,False,False,60,12,59.0,0.12475109100341797,64.0,2070.0,nvml
006192.png,MEDIUM,onnx_cuda,"['CUDAExecutionProvider', 'CPUExecutionProvider']",False,0,0,0,False,False,55,12,59.0,0.12475109100341797,64.0,2055.0,nvml
006193.png,MEDIUM,onnx_cuda,"['CUDAExecutionProvider', 'CPUExecutionProvider']",False,0,0,0,False,False,2,2,59.0,0.12475109100341797,64.0,2055.0,nvml
006194.png,MEDIUM,onnx_cuda,"['CUDAExecutionProvider', 'CPUExecutionProvider']",False,1,31,0,True,True,41,1,48.0,0.12475109100341797,64.0,2055.0,nvml
006195.png,MEDIUM,onnx_cuda,"['CUDAExecutionProvider', 'CPUExecutionProvider']",False,0,0,0,False,False,41,7,48.0,0.12475109100341797,64.0,2055.0,nvml
006196.png,MEDIUM,onnx_cuda,"['CUDAExecutionProvider', 'CPUExecutionProvider']",False,0,0,1,True,False,37,6,48.0,0.12475109100341797,64.0,1987.0,nvml
006197.png,MEDIUM,onnx_cuda,"['CUDAExecutionProvider', 'CPUExecutionProvider']",False,0,0,0,False,False,11,6,48.0,0.12475109100341797,65.0,2032.0,nvml
006198.png,MEDIUM,onnx_cuda,"['CUDAExecutionProvider', 'CPUExecutionProvider']",False,0,0,3,True,False,54,11,48.0,0.12475109100341797,65.0,2002.0,nvml
006199.png,MEDIUM,onnx_cuda,"['CUDAExecutionProvider', 'CPUExecutionProvider']",False,0,0,0,False,False,59,12,48.0,0.12475109100341797,65.0,2032.0,nvml
006200.png,MEDIUM,onnx_cuda,"['CUDAExecutionProvider', 'CPUExecutionProvider']",False,0,0,0,False,False,21,6,54.0,0.12475109100341797,65.0,2055.0,nvml
006201.png,MEDIUM,onnx_cuda,"['CUDAExecutionProvider', 'CPUExecutionProvider']",False,1,46,0,True,True,47,1,54.0,0.12475109100341797,65.0,2002.0,nvml
006202.png,MEDIUM,onnx_cuda,"['CUDAExecutionProvider', 'CPUExecutionProvider']",False,0,0,0,False,False,69,13,54.0,0.12475109100341797,65.0,2032.0,nvml
006203.png,MEDIUM,onnx_cuda,"['CUDAExecutionProvider', 'CPUExecutionProvider']",False,0,0,0,False,False,21,4,54.0,0.12475109100341797,65.0,2002.0,nvml
006204.png,MEDIUM,onnx_cuda,"['CUDAExecutionProvider', 'CPUExecutionProvider']",False,0,0,0,False,False,66,2,54.0,0.12475109100341797,65.0,2017.0,nvml
006205.png,MEDIUM,onnx_cuda,"['CUDAExecutionProvider', 'CPUExecutionProvider']",False,0,0,0,False,False,40,7,60.0,0.12475109100341797,65.0,1935.0,nvml
006206.png,MEDIUM,onnx_cuda,"['CUDAExecutionProvider', 'CPUExecutionProvider']",False,0,0,0,False,False,4,2,60.0,0.12475109100341797,65.0,2002.0,nvml
006207.png,MEDIUM,onnx_cuda,"['CUDAExecutionProvider', 'CPUExecutionProvider']",False,0,0,0,False,False,10,1,60.0,0.12475109100341797,65.0,2002.0,nvml
006208.png,MEDIUM,onnx_cuda,"['CUDAExecutionProvider', 'CPUExecutionProvider']",False,0,0,0,False,False,58,12,60.0,0.12475109100341797,65.0,2017.0,nvml
006209.png,MEDIUM,onnx_cuda,"['CUDAExecutionProvider', 'CPUExecutionProvider']",False,0,0,0,False,False,5,2,60.0,0.12475109100341797,65.0,2055.0,nvml
006210.png,MEDIUM,onnx_cuda,"['CUDAExecutionProvider', 'CPUExecutionProvider']",False,3,33,0,True,True,55,8,60.0,0.12475109100341797,65.0,2040.0,nvml
006211.png,MEDIUM,onnx_cuda,"['CUDAExecutionProvider', 'CPUExecutionProvider']",False,1,3,0,True,True,92,15,53.0,0.12475109100341797,65.0,1972.0,nvml
006212.png,MEDIUM,onnx_cuda,"['CUDAExecutionProvider', 'CPUExecutionProvider']",False,0,0,0,False,False,1,2,53.0,0.12475109100341797,65.0,2017.0,nvml
006213.png,MEDIUM,onnx_cuda,"['CUDAExecutionProvider', 'CPUExecutionProvider']",False,0,0,2,True,False,10,17,53.0,0.12475109100341797,65.0,2002.0,nvml
006214.png,MEDIUM,onnx_cuda,"['CUDAExecutionProvider', 'CPUExecutionProvider']",False,0,0,1,True,False,10,3,53.0,0.12475109100341797,65.0,2055.0,nvml
006215.png,MEDIUM,onnx_cuda,"['CUDAExecutionProvider', 'CPUExecutionProvider']",False,1,45,0,True,True,54,1,53.0,0.12475109100341797,65.0,2055.0,nvml
006216.png,MEDIUM,onnx_cuda,"['CUDAExecutionProvider', 'CPUExecutionProvider']",False,0,0,0,False,False,11,3,52.0,0.12475109100341797,65.0,2032.0,nvml
006217.png,MEDIUM,onnx_cuda,"['CUDAExecutionProvider', 'CPUExecutionProvider']",False,0,0,0,False,False,3,2,52.0,0.12475109100341797,65.0,1942.0,nvml
006218.png,MEDIUM,onnx_cuda,"['CUDAExecutionProvider', 'CPUExecutionProvider']",False,0,0,0,False,False,4,3,52.0,0.12475109100341797,65.0,2002.0,nvml
006219.png,MEDIUM,onnx_cuda,"['CUDAExecutionProvider', 'CPUExecutionProvider']",False,0,0,0,False,False,15,6,52.0,0.12475109100341797,65.0,2010.0,nvml
006220.png,MEDIUM,onnx_cuda,"['CUDAExecutionProvider', 'CPUExecutionProvider']",False,0,0,0,False,False,46,5,52.0,0.12475109100341797,65.0,2025.0,nvml
006221.png,MEDIUM,onnx_cuda,"['CUDAExecutionProvider', 'CPUExecutionProvider']",False,4,18,0,True,True,52,7,59.0,0.12475109100341797,65.0,2055.0,nvml
006222.png,MEDIUM,onnx_cuda,"['CUDAExecutionProvider', 'CPUExecutionProvider']",False,1,50,0,True,True,51,1,59.0,0.12475109100341797,65.0,2055.0,nvml
006223.png,MEDIUM,onnx_cuda,"['CUDAExecutionProvider', 'CPUExecutionProvider']",False,0,0,0,False,False,10,1,59.0,0.12475109100341797,65.0,2055.0,nvml
006224.png,MEDIUM,onnx_cuda,"['CUDAExecutionProvider', 'CPUExecutionProvider']",False,1,5,0,True,True,88,15,59.0,0.12475109100341797,65.0,2017.0,nvml
006225.png,MEDIUM,onnx_cuda,"['CUDAExecutionProvider', 'CPUExecutionProvider']",False,0,0,0,False,False,32,7,59.0,0.12475109100341797,65.0,2047.0,nvml
006226.png,MEDIUM,onnx_cuda,"['CUDAExecutionProvider', 'CPUExecutionProvider']",False,0,10,1,True,True,13,4,59.0,0.12475109100341797,65.0,2055.0,nvml
006227.png,MEDIUM,onnx_cuda,"['CUDAExecutionProvider', 'CPUExecutionProvider']",False,0,1,0,False,True,48,2,54.0,0.12475109100341797,65.0,1980.0,nvml
006228.png,MEDIUM,onnx_cuda,"['CUDAExecutionProvider', 'CPUExecutionProvider']",False,1,52,0,True,True,58,1,54.0,0.12475109100341797,65.0,2025.0,nvml
006229.png,MEDIUM,onnx_cuda,"['CUDAExecutionProvider', 'CPUExecutionProvider']",False,4,17,0,True,True,25,10,54.0,0.12475109100341797,65.0,2017.0,nvml
006230.png,MEDIUM,onnx_cuda,"['CUDAExecutionProvider', 'CPUExecutionProvider']",False,0,0,0,False,False,14,3,54.0,0.12475109100341797,65.0,2047.0,nvml
006231.png,MEDIUM,onnx_cuda,"['CUDAExecutionProvider', 'CPUExecutionProvider']",False,0,0,1,True,False,52,6,54.0,0.12475109100341797,65.0,2055.0,nvml
006232.png,MEDIUM,onnx_cuda,"['CUDAExecutionProvider', 'CPUExecutionProvider']",False,1,8,0,True,True,62,7,59.0,0.12475109100341797,65.0,1987.0,nvml
006233.png,MEDIUM,onnx_cuda,"['CUDAExecutionProvider', 'CPUExecutionProvider']",False,0,0,0,False,False,34,6,59.0,0.12475109100341797,65.0,2032.0,nvml
006234.png,MEDIUM,onnx_cuda,"['CUDAExecutionProvider', 'CPUExecutionProvider']",False,0,0,1,True,False,9,3,59.0,0.12475109100341797,65.0,2010.0,nvml
006235.png,MEDIUM,onnx_cuda,"['CUDAExecutionProvider', 'CPUExecutionProvider']",False,0,0,0,False,False,34,3,59.0,0.12475109100341797,65.0,2055.0,nvml
006236.png,MEDIUM,onnx_cuda,"['CUDAExecutionProvider', 'CPUExecutionProvider']",False,0,0,1,True,False,100,15,59.0,0.12475109100341797,65.0,2047.0,nvml
006237.png,MEDIUM,onnx_cuda,"['CUDAExecutionProvider', 'CPUExecutionProvider']",False,0,0,0,False,False,37,8,59.0,0.12475109100341797,65.0,2055.0,nvml
006238.png,MEDIUM,onnx_cuda,"['CUDAExecutionProvider', 'CPUExecutionProvider']",False,0,0,0,False,False,52,10,51.0,0.12475109100341797,65.0,2055.0,nvml
006239.png,MEDIUM,onnx_cuda,"['CUDAExecutionProvider', 'CPUExecutionProvider']",False,0,0,0,False,False,10,1,51.0,0.12475109100341797,65.0,2025.0,nvml
006240.png,MEDIUM,onnx_cuda,"['CUDAExecutionProvider', 'CPUExecutionProvider']",False,1,37,0,True,True,41,1,51.0,0.12475109100341797,65.0,2047.0,nvml
006241.png,MEDIUM,onnx_cuda,"['CUDAExecutionProvider', 'CPUExecutionProvider']",False,0,0,0,False,False,25,5,51.0,0.12475109100341797,65.0,2055.0,nvml
006242.png,MEDIUM,onnx_cuda,"['CUDAExecutionProvider', 'CPUExecutionProvider']",False,0,19,1,True,True,59,6,51.0,0.12475109100341797,65.0,2032.0,nvml
006243.png,MEDIUM,onnx_cuda,"['CUDAExecutionProvider', 'CPUExecutionProvider']",False,0,0,0,False,False,18,3,58.0,0.12475109100341797,65.0,2055.0,nvml
006244.png,MEDIUM,onnx_cuda,"['CUDAExecutionProvider', 'CPUExecutionProvider']",False,0,0,0,False,False,8,1,58.0,0.12475109100341797,65.0,2055.0,nvml
006245.png,MEDIUM,onnx_cuda,"['CUDAExecutionProvider', 'CPUExecutionProvider']",False,0,0,0,False,False,44,8,58.0,0.12475109100341797,65.0,1957.0,nvml
006246.png,MEDIUM,onnx_cuda,"['CUDAExecutionProvider', 'CPUExecutionProvider']",False,0,0,0,False,False,52,5,58.0,0.12475109100341797,65.0,2017.0,nvml
006247.png,MEDIUM,onnx_cuda,"['CUDAExecutionProvider', 'CPUExecutionProvider']",False,0,10,1,True,True,33,5,58.0,0.12475109100341797,65.0,2002.0,nvml
006248.png,MEDIUM,onnx_cuda,"['CUDAExecutionProvider', 'CPUExecutionProvider']",False,0,0,0,False,False,23,7,58.0,0.12475109100341797,65.0,2047.0,nvml
006249.png,MEDIUM,onnx_cuda,"['CUDAExecutionProvider', 'CPUExecutionProvider']",False,0,0,0,False,False,20,9,54.0,0.12475109100341797,66.0,2025.0,nvml
006250.png,MEDIUM,onnx_cuda,"['CUDAExecutionProvider', 'CPUExecutionProvider']",False,0,0,0,False,False,23,5,54.0,0.12475109100341797,66.0,1935.0,nvml
006251.png,MEDIUM,onnx_cuda,"['CUDAExecutionProvider', 'CPUExecutionProvider']",False,0,0,0,False,False,102,14,54.0,0.12475109100341797,66.0,2002.0,nvml
006252.png,MEDIUM,onnx_cuda,"['CUDAExecutionProvider', 'CPUExecutionProvider']",False,0,0,0,False,False,0,2,54.0,0.12475109100341797,66.0,2002.0,nvml
006253.png,MEDIUM,onnx_cuda,"['CUDAExecutionProvider', 'CPUExecutionProvider']",False,0,0,0,False,False,35,6,54.0,0.12475109100341797,66.0,2055.0,nvml
006254.png,MEDIUM,onnx_cuda,"['CUDAExecutionProvider', 'CPUExecutionProvider']",False,0,0,0,False,False,33,7,59.0,0.12475109100341797,66.0,2002.0,nvml
006255.png,MEDIUM,onnx_cuda,"['CUDAExecutionProvider', 'CPUExecutionProvider']",False,0,5,0,False,True,48,7,59.0,0.12475109100341797,66.0,2040.0,nvml
006256.png,MEDIUM,onnx_cuda,"['CUDAExecutionProvider', 'CPUExecutionProvider']",False,1,9,3,True,True,64,12,59.0,0.12475109100341797,66.0,2055.0,nvml
006257.png,MEDIUM,onnx_cuda,"['CUDAExecutionProvider', 'CPUExecutionProvider']",False,1,1,0,True,True,40,6,59.0,0.12475109100341797,66.0,1987.0,nvml
006258.png,MEDIUM,onnx_cuda,"['CUDAExecutionProvider', 'CPUExecutionProvider']",False,1,24,0,True,True,29,1,59.0,0.12475109100341797,66.0,2032.0,nvml
006259.png,MEDIUM,onnx_cuda,"['CUDAExecutionProvider', 'CPUExecutionProvider']",False,0,0,0,False,False,15,5,59.0,0.12475109100341797,66.0,2010.0,nvml
006260.png,MEDIUM,onnx_cuda,"['CUDAExecutionProvider', 'CPUExecutionProvider']",False,0,0,0,False,False,58,14,54.0,0.12475109100341797,66.0,2047.0,nvml
006261.png,MEDIUM,onnx_cuda,"['CUDAExecutionProvider', 'CPUExecutionProvider']",False,1,2,0,True,True,56,7,54.0,0.12475109100341797,66.0,2055.0,nvml
006262.png,MEDIUM,onnx_cuda,"['CUDAExecutionProvider', 'CPUExecutionProvider']",False,2,12,0,True,True,64,9,54.0,0.12475109100341797,65.0,2055.0,nvml
006263.png,MEDIUM,onnx_cuda,"['CUDAExecutionProvider', 'CPUExecutionProvider']",False,0,0,0,False,False,49,11,54.0,0.12475109100341797,65.0,2025.0,nvml
006264.png,MEDIUM,onnx_cuda,"['CUDAExecutionProvider', 'CPUExecutionProvider']",False,0,0,0,False,False,11,5,50.0,0.12475109100341797,65.0,1942.0,nvml
006265.png,MEDIUM,onnx_cuda,"['CUDAExecutionProvider', 'CPUExecutionProvider']",False,1,12,0,True,True,36,5,50.0,0.12475109100341797,65.0,1950.0,nvml
006266.png,MEDIUM,onnx_cuda,"['CUDAExecutionProvider', 'CPUExecutionProvider']",False,0,0,0,False,False,47,6,50.0,0.12475109100341797,65.0,2010.0,nvml
006267.png,MEDIUM,onnx_cuda,"['CUDAExecutionProvider', 'CPUExecutionProvider']",False,0,0,0,False,False,11,7,50.0,0.12475109100341797,65.0,2002.0,nvml
006268.png,MEDIUM,onnx_cuda,"['CUDAExecutionProvider', 'CPUExecutionProvider']",False,7,68,0,True,True,75,10,50.0,0.12475109100341797,65.0,2040.0,nvml
006269.png,MEDIUM,onnx_cuda,"['CUDAExecutionProvider', 'CPUExecutionProvider']",False,0,0,0,False,False,36,6,50.0,0.12475109100341797,65.0,2055.0,nvml
006270.png,MEDIUM,onnx_cuda,"['CUDAExecutionProvider', 'CPUExecutionProvider']",False,0,0,0,False,False,11,2,51.0,0.12475109100341797,65.0,1987.0,nvml
006271.png,MEDIUM,onnx_cuda,"['CUDAExecutionProvider', 'CPUExecutionProvider']",False,0,0,0,False,False,45,9,51.0,0.12475109100341797,65.0,2032.0,nvml
006272.png,MEDIUM,onnx_cuda,"['CUDAExecutionProvider', 'CPUExecutionProvider']",False,0,0,0,False,False,45,13,51.0,0.12475109100341797,65.0,2010.0,nvml
006273.png,MEDIUM,onnx_cuda,"['CUDAExecutionProvider', 'CPUExecutionProvider']",False,1,5,0,True,True,39,8,51.0,0.12475109100341797,65.0,2040.0,nvml
006274.png,MEDIUM,onnx_cuda,"['CUDAExecutionProvider', 'CPUExecutionProvider']",False,0,0,1,True,False,11,3,51.0,0.12475109100341797,65.0,2055.0,nvml
006275.png,MEDIUM,onnx_cuda,"['CUDAExecutionProvider', 'CPUExecutionProvider']",False,0,0,0,False,False,36,6,61.0,0.12475109100341797,65.0,1980.0,nvml
006276.png,MEDIUM,onnx_cuda,"['CUDAExecutionProvider', 'CPUExecutionProvider']",False,2,9,5,True,True,30,13,61.0,0.12475109100341797,65.0,2025.0,nvml
006277.png,MEDIUM,onnx_cuda,"['CUDAExecutionProvider', 'CPUExecutionProvider']",False,0,10,1,True,True,41,8,61.0,0.12475109100341797,65.0,2002.0,nvml
006278.png,MEDIUM,onnx_cuda,"['CUDAExecutionProvider', 'CPUExecutionProvider']",False,0,0,0,False,False,52,7,61.0,0.12475109100341797,65.0,2040.0,nvml
006279.png,MEDIUM,onnx_cuda,"['CUDAExecutionProvider', 'CPUExecutionProvider']",False,0,0,0,False,False,29,2,61.0,0.12475109100341797,65.0,2055.0,nvml
006280.png,MEDIUM,onnx_cuda,"['CUDAExecutionProvider', 'CPUExecutionProvider']",False,0,2,1,True,True,15,5,61.0,0.12475109100341797,65.0,1980.0,nvml
006281.png,MEDIUM,onnx_cuda,"['CUDAExecutionProvider', 'CPUExecutionProvider']",False,0,0,0,False,False,86,15,52.0,0.12475109100341797,65.0,2025.0,nvml
006282.png,MEDIUM,onnx_cuda,"['CUDAExecutionProvider', 'CPUExecutionProvider']",False,0,0,0,False,False,9,5,52.0,0.12475109100341797,65.0,2010.0,nvml
006283.png,MEDIUM,onnx_cuda,"['CUDAExecutionProvider', 'CPUExecutionProvider']",False,0,0,0,False,False,8,3,52.0,0.12475109100341797,65.0,2047.0,nvml
006284.png,MEDIUM,onnx_cuda,"['CUDAExecutionProvider', 'CPUExecutionProvider']",False,5,66,3,True,True,82,10,52.0,0.12475109100341797,65.0,2055.0,nvml
006285.png,MEDIUM,onnx_cuda,"['CUDAExecutionProvider', 'CPUExecutionProvider']",False,0,8,0,False,True,84,11,52.0,0.12475109100341797,65.0,1980.0,nvml
006286.png,MEDIUM,onnx_cuda,"['CUDAExecutionProvider', 'CPUExecutionProvider']",False,0,0,0,False,False,26,8,60.0,0.12475109100341797,65.0,1942.0,nvml
006287.png,MEDIUM,onnx_cuda,"['CUDAExecutionProvider', 'CPUExecutionProvider']",False,0,0,0,False,False,20,4,60.0,0.12475109100341797,65.0,1942.0,nvml
006288.png,MEDIUM,onnx_cuda,"['CUDAExecutionProvider', 'CPUExecutionProvider']",False,0,0,0,False,False,15,5,60.0,0.12475109100341797,65.0,2002.0,nvml
006289.png,MEDIUM,onnx_cuda,"['CUDAExecutionProvider', 'CPUExecutionProvider']",False,0,0,0,False,False,12,2,60.0,0.12475109100341797,65.0,2002.0,nvml
006290.png,MEDIUM,onnx_cuda,"['CUDAExecutionProvider', 'CPUExecutionProvider']",False,0,0,0,False,False,17,6,60.0,0.12475109100341797,65.0,2032.0,nvml
006291.png,MEDIUM,onnx_cuda,"['CUDAExecutionProvider', 'CPUExecutionProvider']",False,0,11,0,False,True,126,16,60.0,0.12475109100341797,65.0,2055.0,nvml
006292.png,MEDIUM,onnx_cuda,"['CUDAExecutionProvider', 'CPUExecutionProvider']",False,1,43,0,True,True,51,1,51.0,0.12475109100341797,65.0,2032.0,nvml
006293.png,MEDIUM,onnx_cuda,"['CUDAExecutionProvider', 'CPUExecutionProvider']",False,0,0,2,True,False,29,9,51.0,0.12475109100341797,65.0,1935.0,nvml
006294.png,MEDIUM,onnx_cuda,"['CUDAExecutionProvider', 'CPUExecutionProvider']",False,1,65,0,True,True,69,1,51.0,0.12475109100341797,65.0,2002.0,nvml
006295.png,MEDIUM,onnx_cuda,"['CUDAExecutionProvider', 'CPUExecutionProvider']",False,0,0,0,False,False,78,14,51.0,0.12475109100341797,65.0,2017.0,nvml
006296.png,MEDIUM,onnx_cuda,"['CUDAExecutionProvider', 'CPUExecutionProvider']",False,0,12,0,False,True,33,7,51.0,0.12475109100341797,65.0,2047.0,nvml
006297.png,MEDIUM,onnx_cuda,"['CUDAExecutionProvider', 'CPUExecutionProvider']",False,0,0,0,False,False,14,6,56.0,0.12475109100341797,65.0,2055.0,nvml
006298.png,MEDIUM,onnx_cuda,"['CUDAExecutionProvider', 'CPUExecutionProvider']",False,0,0,1,True,False,31,9,56.0,0.12475109100341797,65.0,2047.0,nvml
006299.png,MEDIUM,onnx_cuda,"['CUDAExecutionProvider', 'CPUExecutionProvider']",False,1,50,0,True,True,57,1,56.0,0.12475109100341797,65.0,2040.0,nvml
006300.png,MEDIUM,onnx_cuda,"['CUDAExecutionProvider', 'CPUExecutionProvider']",False,0,0,0,False,False,84,16,56.0,0.12475109100341797,66.0,1987.0,nvml
006301.png,MEDIUM,onnx_cuda,"['CUDAExecutionProvider', 'CPUExecutionProvider']",False,1,20,0,True,True,74,9,56.0,0.12475109100341797,66.0,2032.0,nvml
006302.png,MEDIUM,onnx_cuda,"['CUDAExecutionProvider', 'CPUExecutionProvider']",False,0,0,0,False,False,20,4,56.0,0.12475109100341797,66.0,2017.0,nvml
006303.png,MEDIUM,onnx_cuda,"['CUDAExecutionProvider', 'CPUExecutionProvider']",False,1,5,1,True,True,61,12,56.0,0.12475109100341797,66.0,2047.0,nvml
006304.png,MEDIUM,onnx_cuda,"['CUDAExecutionProvider', 'CPUExecutionProvider']",False,0,0,0,False,False,10,4,56.0,0.12475109100341797,66.0,2055.0,nvml
006305.png,MEDIUM,onnx_cuda,"['CUDAExecutionProvider', 'CPUExecutionProvider']",False,0,0,0,False,False,30,6,56.0,0.12475109100341797,66.0,1980.0,nvml
006306.png,MEDIUM,onnx_cuda,"['CUDAExecutionProvider', 'CPUExecutionProvider']",False,0,0,0,False,False,85,12,56.0,0.12475109100341797,66.0,2025.0,nvml
006307.png,MEDIUM,onnx_cuda,"['CUDAExecutionProvider', 'CPUExecutionProvider']",False,0,0,0,False,False,50,9,56.0,0.12475109100341797,66.0,2002.0,nvml
006308.png,MEDIUM,onnx_cuda,"['CUDAExecutionProvider', 'CPUExecutionProvider']",False,1,61,0,True,True,72,1,57.0,0.12475109100341797,66.0,2047.0,nvml
006309.png,MEDIUM,onnx_cuda,"['CUDAExecutionProvider', 'CPUExecutionProvider']",False,0,0,0,False,False,10,2,57.0,0.12475109100341797,66.0,2055.0,nvml
006310.png,MEDIUM,onnx_cuda,"['CUDAExecutionProvider', 'CPUExecutionProvider']",False,0,0,0,False,False,55,8,57.0,0.12475109100341797,66.0,1980.0,nvml
006311.png,MEDIUM,onnx_cuda,"['CUDAExecutionProvider', 'CPUExecutionProvider']",False,0,0,0,False,False,11,1,57.0,0.12475109100341797,66.0,1972.0,nvml
006312.png,MEDIUM,onnx_cuda,"['CUDAExecutionProvider', 'CPUExecutionProvider']",False,0,0,0,False,False,71,9,57.0,0.12475109100341797,66.0,2055.0,nvml
006313.png,MEDIUM,onnx_cuda,"['CUDAExecutionProvider', 'CPUExecutionProvider']",False,1,10,0,True,True,31,6,57.0,0.12475109100341797,66.0,2055.0,nvml
006314.png,MEDIUM,onnx_cuda,"['CUDAExecutionProvider', 'CPUExecutionProvider']",False,0,0,0,False,False,121,13,55.0,0.12475109100341797,66.0,2055.0,nvml
006315.png,MEDIUM,onnx_cuda,"['CUDAExecutionProvider', 'CPUExecutionProvider']",False,0,0,0,False,False,40,5,55.0,0.12475109100341797,66.0,2025.0,nvml
006316.png,MEDIUM,onnx_cuda,"['CUDAExecutionProvider', 'CPUExecutionProvider']",False,0,0,0,False,False,7,1,55.0,0.12475109100341797,66.0,2047.0,nvml
006317.png,MEDIUM,onnx_cuda,"['CUDAExecutionProvider', 'CPUExecutionProvider']",False,0,0,0,False,False,25,4,55.0,0.12475109100341797,66.0,2002.0,nvml
006318.png,MEDIUM,onnx_cuda,"['CUDAExecutionProvider', 'CPUExecutionProvider']",False,0,0,0,False,False,20,7,55.0,0.12475109100341797,66.0,2017.0,nvml
006319.png,MEDIUM,onnx_cuda,"['CUDAExecutionProvider', 'CPUExecutionProvider']",False,0,0,0,False,False,44,4,53.0,0.12475109100341797,66.0,2047.0,nvml
006320.png,MEDIUM,onnx_cuda,"['CUDAExecutionProvider', 'CPUExecutionProvider']",False,0,9,0,False,True,67,9,53.0,0.12475109100341797,66.0,2055.0,nvml
006321.png,MEDIUM,onnx_cuda,"['CUDAExecutionProvider', 'CPUExecutionProvider']",False,0,0,0,False,False,5,2,53.0,0.12475109100341797,66.0,1972.0,nvml
006322.png,MEDIUM,onnx_cuda,"['CUDAExecutionProvider', 'CPUExecutionProvider']",False,0,0,0,False,False,80,10,53.0,0.12475109100341797,66.0,2017.0,nvml
006323.png,MEDIUM,onnx_cuda,"['CUDAExecutionProvider', 'CPUExecutionProvider']",False,0,0,0,False,False,5,6,53.0,0.12475109100341797,66.0,2017.0,nvml
006324.png,MEDIUM,onnx_cuda,"['CUDAExecutionProvider', 'CPUExecutionProvider']",False,0,0,0,False,False,53,8,59.0,0.12475109100341797,66.0,2047.0,nvml
006325.png,MEDIUM,onnx_cuda,"['CUDAExecutionProvider', 'CPUExecutionProvider']",False,0,0,0,False,False,28,5,59.0,0.12475109100341797,66.0,2055.0,nvml
006326.png,MEDIUM,onnx_cuda,"['CUDAExecutionProvider', 'CPUExecutionProvider']",False,0,0,0,False,False,26,6,59.0,0.12475109100341797,67.0,1987.0,nvml
006327.png,MEDIUM,onnx_cuda,"['CUDAExecutionProvider', 'CPUExecutionProvider']",False,0,0,0,False,False,10,2,59.0,0.12475109100341797,67.0,2032.0,nvml
006328.png,MEDIUM,onnx_cuda,"['CUDAExecutionProvider', 'CPUExecutionProvider']",False,0,0,1,True,False,37,11,59.0,0.12475109100341797,67.0,2010.0,nvml
006329.png,MEDIUM,onnx_cuda,"['CUDAExecutionProvider', 'CPUExecutionProvider']",False,0,0,0,False,False,64,5,59.0,0.12475109100341797,67.0,2040.0,nvml
006330.png,MEDIUM,onnx_cuda,"['CUDAExecutionProvider', 'CPUExecutionProvider']",False,0,3,0,False,True,45,8,54.0,0.12475109100341797,67.0,2055.0,nvml
006331.png,MEDIUM,onnx_cuda,"['CUDAExecutionProvider', 'CPUExecutionProvider']",False,0,0,0,False,False,8,4,54.0,0.12475109100341797,67.0,1980.0,nvml
006332.png,MEDIUM,onnx_cuda,"['CUDAExecutionProvider', 'CPUExecutionProvider']",False,0,0,0,False,False,20,4,54.0,0.12475109100341797,67.0,2025.0,nvml
006333.png,MEDIUM,onnx_cuda,"['CUDAExecutionProvider', 'CPUExecutionProvider']",False,1,6,1,True,True,34,8,54.0,0.12475109100341797,67.0,2017.0,nvml
006334.png,MEDIUM,onnx_cuda,"['CUDAExecutionProvider', 'CPUExecutionProvider']",False,0,0,2,True,False,58,10,54.0,0.12475109100341797,67.0,2047.0,nvml
006335.png,MEDIUM,onnx_cuda,"['CUDAExecutionProvider', 'CPUExecutionProvider']",False,0,0,0,False,False,40,6,54.0,0.12475109100341797,67.0,2055.0,nvml
006336.png,MEDIUM,onnx_cuda,"['CUDAExecutionProvider', 'CPUExecutionProvider']",False,0,8,0,False,True,51,13,58.0,0.12475109100341797,67.0,1980.0,nvml
006337.png,MEDIUM,onnx_cuda,"['CUDAExecutionProvider', 'CPUExecutionProvider']",False,1,42,0,True,True,49,1,58.0,0.12475109100341797,67.0,2025.0,nvml
006338.png,MEDIUM,onnx_cuda,"['CUDAExecutionProvider', 'CPUExecutionProvider']",False,0,0,0,False,False,68,10,58.0,0.12475109100341797,67.0,2017.0,nvml
006339.png,MEDIUM,onnx_cuda,"['CUDAExecutionProvider', 'CPUExecutionProvider']",False,1,3,0,True,True,20,3,58.0,0.12475109100341797,67.0,2047.0,nvml
006340.png,MEDIUM,onnx_cuda,"['CUDAExecutionProvider', 'CPUExecutionProvider']",False,0,0,0,False,False,16,5,58.0,0.12475109100341797,67.0,2047.0,nvml
006341.png,MEDIUM,onnx_cuda,"['CUDAExecutionProvider', 'CPUExecutionProvider']",False,4,95,1,True,True,109,9,57.0,0.12475109100341797,67.0,1965.0,nvml
006342.png,MEDIUM,onnx_cuda,"['CUDAExecutionProvider', 'CPUExecutionProvider']",False,0,0,0,False,False,91,13,57.0,0.12475109100341797,67.0,2017.0,nvml
006343.png,MEDIUM,onnx_cuda,"['CUDAExecutionProvider', 'CPUExecutionProvider']",False,0,0,0,False,False,13,4,57.0,0.12475109100341797,67.0,2017.0,nvml
006344.png,MEDIUM,onnx_cuda,"['CUDAExecutionProvider', 'CPUExecutionProvider']",False,0,1,0,False,True,67,11,57.0,0.12475109100341797,67.0,2047.0,nvml
006345.png,MEDIUM,onnx_cuda,"['CUDAExecutionProvider', 'CPUExecutionProvider']",False,0,0,0,False,False,64,13,57.0,0.12475109100341797,67.0,2055.0,nvml
006346.png,MEDIUM,onnx_cuda,"['CUDAExecutionProvider', 'CPUExecutionProvider']",False,0,0,0,False,False,23,7,57.0,0.12475109100341797,67.0,2002.0,nvml
006347.png,MEDIUM,onnx_cuda,"['CUDAExecutionProvider', 'CPUExecutionProvider']",False,0,0,0,False,False,10,2,55.0,0.12475109100341797,67.0,2032.0,nvml
006348.png,MEDIUM,onnx_cuda,"['CUDAExecutionProvider', 'CPUExecutionProvider']",False,0,0,0,False,False,18,3,55.0,0.12475109100341797,67.0,2017.0,nvml
006349.png,MEDIUM,onnx_cuda,"['CUDAExecutionProvider', 'CPUExecutionProvider']",False,0,0,0,False,False,14,2,55.0,0.12475109100341797,67.0,2055.0,nvml
006350.png,MEDIUM,onnx_cuda,"['CUDAExecutionProvider', 'CPUExecutionProvider']",False,0,0,0,False,False,26,4,55.0,0.12475109100341797,67.0,2047.0,nvml
006351.png,MEDIUM,onnx_cuda,"['CUDAExecutionProvider', 'CPUExecutionProvider']",False,0,0,0,False,False,3,2,55.0,0.12475109100341797,67.0,1972.0,nvml
006352.png,MEDIUM,onnx_cuda,"['CUDAExecutionProvider', 'CPUExecutionProvider']",False,0,1,1,True,True,16,5,58.0,0.12475109100341797,66.0,1957.0,nvml
006353.png,MEDIUM,onnx_cuda,"['CUDAExecutionProvider', 'CPUExecutionProvider']",False,0,0,0,False,False,15,2,58.0,0.12475109100341797,66.0,2017.0,nvml
006354.png,MEDIUM,onnx_cuda,"['CUDAExecutionProvider', 'CPUExecutionProvider']",False,1,27,0,True,True,30,1,58.0,0.12475109100341797,66.0,2002.0,nvml
006355.png,MEDIUM,onnx_cuda,"['CUDAExecutionProvider', 'CPUExecutionProvider']",False,0,0,0,False,False,20,5,58.0,0.12475109100341797,66.0,2040.0,nvml
006356.png,MEDIUM,onnx_cuda,"['CUDAExecutionProvider', 'CPUExecutionProvider']",False,0,0,0,False,False,70,10,58.0,0.12475109100341797,66.0,2055.0,nvml
006357.png,MEDIUM,onnx_cuda,"['CUDAExecutionProvider', 'CPUExecutionProvider']",False,0,0,0,False,False,13,2,58.0,0.12475109100341797,66.0,2017.0,nvml
006358.png,MEDIUM,onnx_cuda,"['CUDAExecutionProvider', 'CPUExecutionProvider']",False,0,0,1,True,False,29,7,54.0,0.12475109100341797,66.0,2047.0,nvml
006359.png,MEDIUM,onnx_cuda,"['CUDAExecutionProvider', 'CPUExecutionProvider']",False,0,0,0,False,False,1,2,54.0,0.12475109100341797,66.0,2010.0,nvml
006360.png,MEDIUM,onnx_cuda,"['CUDAExecutionProvider', 'CPUExecutionProvider']",False,0,0,0,False,False,32,5,54.0,0.12475109100341797,66.0,2025.0,nvml
006361.png,MEDIUM,onnx_cuda,"['CUDAExecutionProvider', 'CPUExecutionProvider']",False,0,0,1,True,False,54,11,54.0,0.12475109100341797,66.0,2055.0,nvml
006362.png,MEDIUM,onnx_cuda,"['CUDAExecutionProvider', 'CPUExecutionProvider']",False,3,19,0,True,True,53,9,54.0,0.12475109100341797,66.0,2025.0,nvml
006363.png,MEDIUM,onnx_cuda,"['CUDAExecutionProvider', 'CPUExecutionProvider']",False,0,1,0,False,True,42,7,58.0,0.12475109100341797,66.0,1942.0,nvml
006364.png,MEDIUM,onnx_cuda,"['CUDAExecutionProvider', 'CPUExecutionProvider']",False,0,1,1,True,True,15,8,58.0,0.12475109100341797,66.0,2002.0,nvml
006365.png,MEDIUM,onnx_cuda,"['CUDAExecutionProvider', 'CPUExecutionProvider']",False,0,0,0,False,False,73,15,58.0,0.12475109100341797,66.0,2017.0,nvml
006366.png,MEDIUM,onnx_cuda,"['CUDAExecutionProvider', 'CPUExecutionProvider']",False,0,0,0,False,False,58,11,58.0,0.12475109100341797,66.0,2047.0,nvml
006367.png,MEDIUM,onnx_cuda,"['CUDAExecutionProvider', 'CPUExecutionProvider']",False,0,0,0,False,False,37,6,58.0,0.12475109100341797,66.0,2055.0,nvml
006368.png,MEDIUM,onnx_cuda,"['CUDAExecutionProvider', 'CPUExecutionProvider']",False,0,0,0,False,False,75,10,58.0,0.12475109100341797,66.0,1987.0,nvml
006369.png,MEDIUM,onnx_cuda,"['CUDAExecutionProvider', 'CPUExecutionProvider']",False,1,3,0,True,True,36,7,54.0,0.12475109100341797,66.0,2032.0,nvml
006370.png,MEDIUM,onnx_cuda,"['CUDAExecutionProvider', 'CPUExecutionProvider']",False,0,0,0,False,False,54,7,54.0,0.12475109100341797,66.0,2017.0,nvml
006371.png,MEDIUM,onnx_cuda,"['CUDAExecutionProvider', 'CPUExecutionProvider']",False,1,1,0,True,True,60,8,54.0,0.12475109100341797,66.0,2047.0,nvml
006372.png,MEDIUM,onnx_cuda,"['CUDAExecutionProvider', 'CPUExecutionProvider']",False,0,0,0,False,False,46,8,54.0,0.12475109100341797,66.0,2055.0,nvml
006373.png,MEDIUM,onnx_cuda,"['CUDAExecutionProvider', 'CPUExecutionProvider']",False,0,0,0,False,False,11,5,54.0,0.12475109100341797,66.0,2002.0,nvml
006374.png,MEDIUM,onnx_cuda,"['CUDAExecutionProvider', 'CPUExecutionProvider']",False,0,0,0,False,False,20,4,58.0,0.12475109100341797,66.0,2032.0,nvml
006375.png,MEDIUM,onnx_cuda,"['CUDAExecutionProvider', 'CPUExecutionProvider']",False,0,0,0,False,False,9,2,58.0,0.12475109100341797,66.0,2017.0,nvml
006376.png,MEDIUM,onnx_cuda,"['CUDAExecutionProvider', 'CPUExecutionProvider']",False,0,0,0,False,False,72,16,58.0,0.12475109100341797,66.0,2047.0,nvml
006377.png,MEDIUM,onnx_cuda,"['CUDAExecutionProvider', 'CPUExecutionProvider']",False,0,0,0,False,False,14,5,58.0,0.12475109100341797,66.0,2055.0,nvml
006378.png,MEDIUM,onnx_cuda,"['CUDAExecutionProvider', 'CPUExecutionProvider']",False,3,15,0,True,True,44,9,58.0,0.12475109100341797,67.0,2055.0,nvml
006379.png,MEDIUM,onnx_cuda,"['CUDAExecutionProvider', 'CPUExecutionProvider']",False,0,0,0,False,False,109,15,58.0,0.12475109100341797,67.0,2055.0,nvml
006380.png,MEDIUM,onnx_cuda,"['CUDAExecutionProvider', 'CPUExecutionProvider']",False,0,0,1,True,False,32,7,54.0,0.12475109100341797,67.0,2055.0,nvml
006381.png,MEDIUM,onnx_cuda,"['CUDAExecutionProvider', 'CPUExecutionProvider']",False,0,0,1,True,False,53,6,54.0,0.12475109100341797,67.0,1965.0,nvml
006382.png,MEDIUM,onnx_cuda,"['CUDAExecutionProvider', 'CPUExecutionProvider']",False,0,29,2,True,True,36,4,54.0,0.12475109100341797,67.0,2017.0,nvml
006383.png,MEDIUM,onnx_cuda,"['CUDAExecutionProvider', 'CPUExecutionProvider']",False,0,0,0,False,False,1,2,54.0,0.12475109100341797,67.0,2017.0,nvml
006384.png,MEDIUM,onnx_cuda,"['CUDAExecutionProvider', 'CPUExecutionProvider']",False,0,0,0,False,False,3,2,54.0,0.12475109100341797,67.0,2047.0,nvml
006385.png,MEDIUM,onnx_cuda,"['CUDAExecutionProvider', 'CPUExecutionProvider']",False,0,0,0,False,False,12,5,60.0,0.12475109100341797,67.0,2055.0,nvml
006386.png,MEDIUM,onnx_cuda,"['CUDAExecutionProvider', 'CPUExecutionProvider']",False,0,0,0,False,False,8,6,60.0,0.12475109100341797,67.0,1987.0,nvml
006387.png,MEDIUM,onnx_cuda,"['CUDAExecutionProvider', 'CPUExecutionProvider']",False,0,0,0,False,False,38,6,60.0,0.12475109100341797,67.0,2032.0,nvml
006388.png,MEDIUM,onnx_cuda,"['CUDAExecutionProvider', 'CPUExecutionProvider']",False,0,0,0,False,False,41,7,60.0,0.12475109100341797,67.0,2025.0,nvml
006389.png,MEDIUM,onnx_cuda,"['CUDAExecutionProvider', 'CPUExecutionProvider']",False,0,0,0,False,False,71,14,60.0,0.12475109100341797,67.0,2047.0,nvml
006390.png,MEDIUM,onnx_cuda,"['CUDAExecutionProvider', 'CPUExecutionProvider']",False,0,0,1,True,False,139,16,60.0,0.12475109100341797,67.0,2055.0,nvml
006391.png,MEDIUM,onnx_cuda,"['CUDAExecutionProvider', 'CPUExecutionProvider']",False,0,0,0,False,False,73,7,53.0,0.12475109100341797,67.0,1987.0,nvml
006392.png,MEDIUM,onnx_cuda,"['CUDAExecutionProvider', 'CPUExecutionProvider']",False,0,0,0,False,False,1,2,53.0,0.12475109100341797,67.0,2032.0,nvml
006393.png,MEDIUM,onnx_cuda,"['CUDAExecutionProvider', 'CPUExecutionProvider']",False,0,0,0,False,False,14,1,53.0,0.12475109100341797,67.0,2017.0,nvml
006394.png,MEDIUM,onnx_cuda,"['CUDAExecutionProvider', 'CPUExecutionProvider']",False,0,0,0,False,False,52,8,53.0,0.12475109100341797,67.0,2047.0,nvml
006395.png,MEDIUM,onnx_cuda,"['CUDAExecutionProvider', 'CPUExecutionProvider']",False,6,106,3,True,True,116,10,53.0,0.12475109100341797,67.0,2055.0,nvml
006396.png,MEDIUM,onnx_cuda,"['CUDAExecutionProvider', 'CPUExecutionProvider']",False,4,43,7,True,True,63,16,59.0,0.12475109100341797,67.0,1987.0,nvml
006397.png,MEDIUM,onnx_cuda,"['CUDAExecutionProvider', 'CPUExecutionProvider']",False,0,0,0,False,False,14,7,59.0,0.12475109100341797,67.0,2032.0,nvml
006398.png,MEDIUM,onnx_cuda,"['CUDAExecutionProvider', 'CPUExecutionProvider']",False,0,0,0,False,False,35,4,59.0,0.12475109100341797,67.0,2010.0,nvml
006399.png,MEDIUM,onnx_cuda,"['CUDAExecutionProvider', 'CPUExecutionProvider']",False,0,0,0,False,False,84,15,59.0,0.12475109100341797,67.0,2040.0,nvml
006400.png,MEDIUM,onnx_cuda,"['CUDAExecutionProvider', 'CPUExecutionProvider']",False,6,74,0,True,True,80,9,59.0,0.12475109100341797,67.0,2055.0,nvml
006401.png,MEDIUM,onnx_cuda,"['CUDAExecutionProvider', 'CPUExecutionProvider']",False,0,0,0,False,False,91,15,59.0,0.12475109100341797,67.0,1980.0,nvml
006402.png,MEDIUM,onnx_cuda,"['CUDAExecutionProvider', 'CPUExecutionProvider']",False,0,0,0,False,False,24,5,55.0,0.12475109100341797,67.0,2025.0,nvml
006403.png,MEDIUM,onnx_cuda,"['CUDAExecutionProvider', 'CPUExecutionProvider']",False,0,0,0,False,False,62,8,55.0,0.12475109100341797,67.0,2025.0,nvml
006404.png,MEDIUM,onnx_cuda,"['CUDAExecutionProvider', 'CPUExecutionProvider']",False,0,0,0,False,False,78,11,55.0,0.12475109100341797,67.0,2047.0,nvml
006405.png,MEDIUM,onnx_cuda,"['CUDAExecutionProvider', 'CPUExecutionProvider']",False,0,0,0,False,False,25,5,55.0,0.12475109100341797,67.0,2055.0,nvml
006406.png,MEDIUM,onnx_cuda,"['CUDAExecutionProvider', 'CPUExecutionProvider']",False,0,2,1,True,True,12,3,55.0,0.12475109100341797,67.0,1980.0,nvml
006407.png,MEDIUM,onnx_cuda,"['CUDAExecutionProvider', 'CPUExecutionProvider']",False,1,7,2,True,True,35,11,55.0,0.12475109100341797,67.0,2025.0,nvml
006408.png,MEDIUM,onnx_cuda,"['CUDAExecutionProvider', 'CPUExecutionProvider']",False,0,0,0,False,False,31,8,57.0,0.12475109100341797,67.0,2017.0,nvml
006409.png,MEDIUM,onnx_cuda,"['CUDAExecutionProvider', 'CPUExecutionProvider']",False,0,0,0,False,False,33,4,57.0,0.12475109100341797,67.0,2047.0,nvml
006410.png,MEDIUM,onnx_cuda,"['CUDAExecutionProvider', 'CPUExecutionProvider']",False,0,0,0,False,False,63,9,57.0,0.12475109100341797,67.0,2055.0,nvml
006411.png,MEDIUM,onnx_cuda,"['CUDAExecutionProvider', 'CPUExecutionProvider']",False,1,18,0,True,True,27,1,57.0,0.12475109100341797,67.0,1965.0,nvml
006412.png,MEDIUM,onnx_cuda,"['CUDAExecutionProvider', 'CPUExecutionProvider']",False,4,56,0,True,True,70,7,57.0,0.12475109100341797,67.0,2017.0,nvml
006413.png,MEDIUM,onnx_cuda,"['CUDAExecutionProvider', 'CPUExecutionProvider']",False,0,0,0,False,False,40,6,56.0,0.12475109100341797,67.0,2017.0,nvml
006414.png,MEDIUM,onnx_cuda,"['CUDAExecutionProvider', 'CPUExecutionProvider']",False,0,4,1,True,True,11,6,56.0,0.12475109100341797,67.0,2040.0,nvml
006415.png,MEDIUM,onnx_cuda,"['CUDAExecutionProvider', 'CPUExecutionProvider']",False,0,0,2,True,False,14,6,56.0,0.12475109100341797,67.0,2055.0,nvml
006416.png,MEDIUM,onnx_cuda,"['CUDAExecutionProvider', 'CPUExecutionProvider']",False,0,10,0,False,True,72,13,56.0,0.12475109100341797,67.0,1987.0,nvml
006417.png,MEDIUM,onnx_cuda,"['CUDAExecutionProvider', 'CPUExecutionProvider']",False,0,0,0,False,False,26,10,56.0,0.12475109100341797,67.0,1942.0,nvml
006418.png,MEDIUM,onnx_cuda,"['CUDAExecutionProvider', 'CPUExecutionProvider']",False,0,0,0,False,False,60,8,56.0,0.12475109100341797,67.0,2002.0,nvml
006419.png,MEDIUM,onnx_cuda,"['CUDAExecutionProvider', 'CPUExecutionProvider']",False,0,1,0,False,True,41,5,56.0,0.12475109100341797,67.0,2010.0,nvml
006420.png,MEDIUM,onnx_cuda,"['CUDAExecutionProvider', 'CPUExecutionProvider']",False,0,0,0,False,False,50,6,56.0,0.12475109100341797,67.0,2047.0,nvml
006421.png,MEDIUM,onnx_cuda,"['CUDAExecutionProvider', 'CPUExecutionProvider']",False,0,1,0,False,True,48,8,56.0,0.12475109100341797,67.0,2047.0,nvml
006422.png,MEDIUM,onnx_cuda,"['CUDAExecutionProvider', 'CPUExecutionProvider']",False,11,42,4,True,True,91,20,56.0,0.12475109100341797,67.0,1965.0,nvml
006423.png,MEDIUM,onnx_cuda,"['CUDAExecutionProvider', 'CPUExecutionProvider']",False,0,0,0,False,False,61,9,56.0,0.12475109100341797,67.0,2017.0,nvml
006424.png,MEDIUM,onnx_cuda,"['CUDAExecutionProvider', 'CPUExecutionProvider']",False,7,46,2,True,True,109,13,57.0,0.12475109100341797,67.0,2025.0,nvml
006425.png,MEDIUM,onnx_cuda,"['CUDAExecutionProvider', 'CPUExecutionProvider']",False,0,1,0,False,True,29,4,57.0,0.12475109100341797,67.0,2055.0,nvml
006426.png,MEDIUM,onnx_cuda,"['CUDAExecutionProvider', 'CPUExecutionProvider']",False,0,0,0,False,False,123,15,57.0,0.12475109100341797,67.0,2055.0,nvml
006427.png,MEDIUM,onnx_cuda,"['CUDAExecutionProvider', 'CPUExecutionProvider']",False,9,77,0,True,True,116,11,57.0,0.12475109100341797,67.0,1980.0,nvml
006428.png,MEDIUM,onnx_cuda,"['CUDAExecutionProvider', 'CPUExecutionProvider']",False,0,0,0,False,False,20,6,57.0,0.12475109100341797,67.0,2025.0,nvml
006429.png,MEDIUM,onnx_cuda,"['CUDAExecutionProvider', 'CPUExecutionProvider']",False,0,0,0,False,False,77,11,57.0,0.12475109100341797,67.0,2017.0,nvml
006430.png,MEDIUM,onnx_cuda,"['CUDAExecutionProvider', 'CPUExecutionProvider']",False,0,9,0,False,True,58,5,55.0,0.12475109100341797,67.0,2055.0,nvml
006431.png,MEDIUM,onnx_cuda,"['CUDAExecutionProvider', 'CPUExecutionProvider']",False,4,46,2,True,True,115,16,55.0,0.12475109100341797,67.0,2055.0,nvml
006432.png,MEDIUM,onnx_cuda,"['CUDAExecutionProvider', 'CPUExecutionProvider']",False,0,0,0,False,False,58,9,55.0,0.12475109100341797,67.0,1995.0,nvml
006433.png,MEDIUM,onnx_cuda,"['CUDAExecutionProvider', 'CPUExecutionProvider']",False,0,1,3,True,True,8,8,55.0,0.12475109100341797,67.0,2032.0,nvml
006434.png,MEDIUM,onnx_cuda,"['CUDAExecutionProvider', 'CPUExecutionProvider']",False,1,55,0,True,True,56,1,55.0,0.12475109100341797,67.0,2017.0,nvml
006435.png,MEDIUM,onnx_cuda,"['CUDAExecutionProvider', 'CPUExecutionProvider']",False,0,0,0,False,False,14,2,59.0,0.12475109100341797,67.0,2047.0,nvml
006436.png,MEDIUM,onnx_cuda,"['CUDAExecutionProvider', 'CPUExecutionProvider']",False,0,0,0,False,False,21,5,59.0,0.12475109100341797,67.0,2055.0,nvml
006437.png,MEDIUM,onnx_cuda,"['CUDAExecutionProvider', 'CPUExecutionProvider']",False,0,1,0,False,True,19,4,59.0,0.12475109100341797,67.0,1972.0,nvml
006438.png,MEDIUM,onnx_cuda,"['CUDAExecutionProvider', 'CPUExecutionProvider']",False,0,0,0,False,False,58,9,59.0,0.12475109100341797,67.0,2017.0,nvml
006439.png,MEDIUM,onnx_cuda,"['CUDAExecutionProvider', 'CPUExecutionProvider']",False,0,0,0,False,False,19,7,59.0,0.12475109100341797,67.0,2017.0,nvml
006440.png,MEDIUM,onnx_cuda,"['CUDAExecutionProvider', 'CPUExecutionProvider']",False,0,0,1,True,False,16,3,59.0,0.12475109100341797,67.0,2055.0,nvml
006441.png,MEDIUM,onnx_cuda,"['CUDAExecutionProvider', 'CPUExecutionProvider']",False,2,15,0,True,True,48,5,54.0,0.12475109100341797,67.0,2040.0,nvml
006442.png,MEDIUM,onnx_cuda,"['CUDAExecutionProvider', 'CPUExecutionProvider']",False,0,0,0,False,False,20,7,54.0,0.12475109100341797,67.0,1950.0,nvml
006443.png,MEDIUM,onnx_cuda,"['CUDAExecutionProvider', 'CPUExecutionProvider']",False,0,0,0,False,False,18,7,54.0,0.12475109100341797,68.0,1950.0,nvml
006444.png,MEDIUM,onnx_cuda,"['CUDAExecutionProvider', 'CPUExecutionProvider']",False,8,83,1,True,True,122,12,54.0,0.12475109100341797,68.0,1942.0,nvml
006445.png,MEDIUM,onnx_cuda,"['CUDAExecutionProvider', 'CPUExecutionProvider']",False,0,0,0,False,False,51,9,54.0,0.12475109100341797,68.0,2002.0,nvml
006446.png,MEDIUM,onnx_cuda,"['CUDAExecutionProvider', 'CPUExecutionProvider']",False,0,0,1,True,False,10,5,56.0,0.12475109100341797,68.0,2017.0,nvml
006447.png,MEDIUM,onnx_cuda,"['CUDAExecutionProvider', 'CPUExecutionProvider']",False,0,0,0,False,False,11,6,56.0,0.12475109100341797,68.0,2032.0,nvml
006448.png,MEDIUM,onnx_cuda,"['CUDAExecutionProvider', 'CPUExecutionProvider']",False,0,0,0,False,False,51,9,56.0,0.12475109100341797,68.0,2055.0,nvml
006449.png,MEDIUM,onnx_cuda,"['CUDAExecutionProvider', 'CPUExecutionProvider']",False,0,0,2,True,False,56,10,56.0,0.12475109100341797,68.0,2032.0,nvml
006450.png,MEDIUM,onnx_cuda,"['CUDAExecutionProvider', 'CPUExecutionProvider']",False,0,9,0,False,True,60,8,56.0,0.12475109100341797,68.0,1942.0,nvml
006451.png,MEDIUM,onnx_cuda,"['CUDAExecutionProvider', 'CPUExecutionProvider']",False,1,17,0,True,True,20,1,56.0,0.12475109100341797,68.0,2002.0,nvml
006452.png,MEDIUM,onnx_cuda,"['CUDAExecutionProvider', 'CPUExecutionProvider']",False,0,0,0,False,False,12,4,56.0,0.12475109100341797,68.0,2017.0,nvml
006453.png,MEDIUM,onnx_cuda,"['CUDAExecutionProvider', 'CPUExecutionProvider']",False,3,45,0,True,True,108,10,56.0,0.12475109100341797,68.0,2047.0,nvml
006454.png,MEDIUM,onnx_cuda,"['CUDAExecutionProvider', 'CPUExecutionProvider']",False,0,0,0,False,False,42,6,56.0,0.12475109100341797,68.0,2055.0,nvml
006455.png,MEDIUM,onnx_cuda,"['CUDAExecutionProvider', 'CPUExecutionProvider']",False,0,0,0,False,False,12,2,56.0,0.12475109100341797,68.0,1987.0,nvml
006456.png,MEDIUM,onnx_cuda,"['CUDAExecutionProvider', 'CPUExecutionProvider']",False,0,0,0,False,False,11,1,56.0,0.12475109100341797,68.0,2032.0,nvml
006457.png,MEDIUM,onnx_cuda,"['CUDAExecutionProvider', 'CPUExecutionProvider']",False,0,0,0,False,False,27,7,56.0,0.12475109100341797,68.0,2017.0,nvml
006458.png,MEDIUM,onnx_cuda,"['CUDAExecutionProvider', 'CPUExecutionProvider']",False,1,49,0,True,True,51,1,56.0,0.12475109100341797,68.0,2047.0,nvml
006459.png,MEDIUM,onnx_cuda,"['CUDAExecutionProvider', 'CPUExecutionProvider']",False,0,1,0,False,True,40,5,56.0,0.12475109100341797,68.0,2055.0,nvml
006460.png,MEDIUM,onnx_cuda,"['CUDAExecutionProvider', 'CPUExecutionProvider']",False,1,3,0,True,True,7,6,56.0,0.12475109100341797,68.0,2010.0,nvml
006461.png,MEDIUM,onnx_cuda,"['CUDAExecutionProvider', 'CPUExecutionProvider']",False,0,0,0,False,False,20,8,56.0,0.12475109100341797,68.0,1950.0,nvml
006462.png,MEDIUM,onnx_cuda,"['CUDAExecutionProvider', 'CPUExecutionProvider']",False,0,0,0,False,False,33,5,56.0,0.12475109100341797,68.0,2010.0,nvml
006463.png,MEDIUM,onnx_cuda,"['CUDAExecutionProvider', 'CPUExecutionProvider']",False,0,0,0,False,False,64,8,56.0,0.12475109100341797,68.0,2010.0,nvml
006464.png,MEDIUM,onnx_cuda,"['CUDAExecutionProvider', 'CPUExecutionProvider']",False,1,3,1,True,True,7,6,56.0,0.12475109100341797,68.0,2047.0,nvml
006465.png,MEDIUM,onnx_cuda,"['CUDAExecutionProvider', 'CPUExecutionProvider']",False,0,1,0,False,True,22,5,56.0,0.12475109100341797,68.0,2055.0,nvml
006466.png,MEDIUM,onnx_cuda,"['CUDAExecutionProvider', 'CPUExecutionProvider']",False,0,0,0,False,False,10,3,56.0,0.12475109100341797,68.0,1965.0,nvml
006467.png,MEDIUM,onnx_cuda,"['CUDAExecutionProvider', 'CPUExecutionProvider']",False,3,12,0,True,True,50,9,56.0,0.12475109100341797,68.0,2017.0,nvml
006468.png,MEDIUM,onnx_cuda,"['CUDAExecutionProvider', 'CPUExecutionProvider']",False,0,0,0,False,False,61,10,57.0,0.12475109100341797,68.0,2017.0,nvml
006469.png,MEDIUM,onnx_cuda,"['CUDAExecutionProvider', 'CPUExecutionProvider']",False,0,0,0,False,False,48,7,57.0,0.12475109100341797,67.0,2047.0,nvml
006470.png,MEDIUM,onnx_cuda,"['CUDAExecutionProvider', 'CPUExecutionProvider']",False,0,0,0,False,False,62,6,57.0,0.12475109100341797,67.0,2055.0,nvml
006471.png,MEDIUM,onnx_cuda,"['CUDAExecutionProvider', 'CPUExecutionProvider']",False,1,30,0,True,True,36,1,57.0,0.12475109100341797,67.0,1972.0,nvml
006472.png,MEDIUM,onnx_cuda,"['CUDAExecutionProvider', 'CPUExecutionProvider']",False,1,55,0,True,True,58,1,57.0,0.12475109100341797,67.0,2017.0,nvml
006473.png,MEDIUM,onnx_cuda,"['CUDAExecutionProvider', 'CPUExecutionProvider']",False,1,8,0,True,True,19,7,57.0,0.12475109100341797,67.0,2017.0,nvml
006474.png,MEDIUM,onnx_cuda,"['CUDAExecutionProvider', 'CPUExecutionProvider']",False,0,44,1,True,True,91,16,56.0,0.12475109100341797,67.0,2055.0,nvml
006475.png,MEDIUM,onnx_cuda,"['CUDAExecutionProvider', 'CPUExecutionProvider']",False,9,55,2,True,True,97,13,56.0,0.12475109100341797,67.0,2047.0,nvml
006476.png,MEDIUM,onnx_cuda,"['CUDAExecutionProvider', 'CPUExecutionProvider']",False,1,1,0,True,True,24,4,56.0,0.12475109100341797,67.0,1987.0,nvml
006477.png,MEDIUM,onnx_cuda,"['CUDAExecutionProvider', 'CPUExecutionProvider']",False,0,0,0,False,False,16,8,56.0,0.12475109100341797,67.0,2032.0,nvml
006478.png,MEDIUM,onnx_cuda,"['CUDAExecutionProvider', 'CPUExecutionProvider']",False,3,37,1,True,True,64,8,56.0,0.12475109100341797,67.0,1942.0,nvml
006479.png,MEDIUM,onnx_cuda,"['CUDAExecutionProvider', 'CPUExecutionProvider']",False,1,3,0,True,True,6,7,57.0,0.12475109100341797,67.0,2002.0,nvml
006480.png,MEDIUM,onnx_cuda,"['CUDAExecutionProvider', 'CPUExecutionProvider']",False,1,44,0,True,True,53,1,57.0,0.12475109100341797,67.0,2017.0,nvml
006481.png,MEDIUM,onnx_cuda,"['CUDAExecutionProvider', 'CPUExecutionProvider']",False,0,0,0,False,False,25,5,57.0,0.12475109100341797,67.0,2047.0,nvml
006482.png,MEDIUM,onnx_cuda,"['CUDAExecutionProvider', 'CPUExecutionProvider']",False,0,1,0,False,True,18,6,57.0,0.12475109100341797,67.0,2055.0,nvml
006483.png,MEDIUM,onnx_cuda,"['CUDAExecutionProvider', 'CPUExecutionProvider']",False,0,0,0,False,False,50,6,57.0,0.12475109100341797,67.0,1980.0,nvml
006484.png,MEDIUM,onnx_cuda,"['CUDAExecutionProvider', 'CPUExecutionProvider']",False,1,1,0,True,True,14,5,57.0,0.12475109100341797,67.0,2025.0,nvml
006485.png,MEDIUM,onnx_cuda,"['CUDAExecutionProvider', 'CPUExecutionProvider']",False,0,0,0,False,False,10,2,55.0,0.12475109100341797,67.0,2017.0,nvml
006486.png,MEDIUM,onnx_cuda,"['CUDAExecutionProvider', 'CPUExecutionProvider']",False,2,50,0,True,True,54,2,55.0,0.12475109100341797,67.0,2047.0,nvml
006487.png,MEDIUM,onnx_cuda,"['CUDAExecutionProvider', 'CPUExecutionProvider']",False,0,0,0,False,False,37,4,55.0,0.12475109100341797,67.0,2055.0,nvml
006488.png,MEDIUM,onnx_cuda,"['CUDAExecutionProvider', 'CPUExecutionProvider']",False,9,69,0,True,True,119,11,55.0,0.12475109100341797,67.0,1965.0,nvml
006489.png,MEDIUM,onnx_cuda,"['CUDAExecutionProvider', 'CPUExecutionProvider']",False,0,0,0,False,False,93,13,55.0,0.12475109100341797,67.0,2017.0,nvml
006490.png,MEDIUM,onnx_cuda,"['CUDAExecutionProvider', 'CPUExecutionProvider']",False,0,0,0,False,False,31,8,58.0,0.12475109100341797,67.0,2010.0,nvml
006491.png,MEDIUM,onnx_cuda,"['CUDAExecutionProvider', 'CPUExecutionProvider']",False,0,0,0,False,False,14,6,58.0,0.12475109100341797,67.0,2040.0,nvml
006492.png,MEDIUM,onnx_cuda,"['CUDAExecutionProvider', 'CPUExecutionProvider']",False,1,2,0,True,True,32,7,58.0,0.12475109100341797,67.0,2055.0,nvml
006493.png,MEDIUM,onnx_cuda,"['CUDAExecutionProvider', 'CPUExecutionProvider']",False,0,0,0,False,False,44,8,58.0,0.12475109100341797,67.0,1980.0,nvml
006494.png,MEDIUM,onnx_cuda,"['CUDAExecutionProvider', 'CPUExecutionProvider']",False,0,0,0,False,False,75,10,58.0,0.12475109100341797,67.0,2025.0,nvml
006495.png,MEDIUM,onnx_cuda,"['CUDAExecutionProvider', 'CPUExecutionProvider']",False,0,0,0,False,False,25,7,58.0,0.12475109100341797,68.0,2017.0,nvml
006496.png,MEDIUM,onnx_cuda,"['CUDAExecutionProvider', 'CPUExecutionProvider']",False,6,45,1,True,True,89,10,54.0,0.12475109100341797,68.0,2047.0,nvml
006497.png,MEDIUM,onnx_cuda,"['CUDAExecutionProvider', 'CPUExecutionProvider']",False,0,0,0,False,False,76,11,54.0,0.12475109100341797,68.0,2055.0,nvml
006498.png,MEDIUM,onnx_cuda,"['CUDAExecutionProvider', 'CPUExecutionProvider']",False,1,3,0,True,True,68,8,54.0,0.12475109100341797,68.0,1972.0,nvml
006499.png,MEDIUM,onnx_cuda,"['CUDAExecutionProvider', 'CPUExecutionProvider']",False,0,0,0,False,False,39,2,54.0,0.12475109100341797,68.0,1965.0,nvml
006500.png,MEDIUM,onnx_cuda,"['CUDAExecutionProvider', 'CPUExecutionProvider']",False,0,0,1,True,False,31,8,54.0,0.12475109100341797,68.0,2017.0,nvml
006501.png,MEDIUM,onnx_cuda,"['CUDAExecutionProvider', 'CPUExecutionProvider']",False,0,0,0,False,False,21,5,58.0,0.12475109100341797,68.0,2010.0,nvml
006502.png,MEDIUM,onnx_cuda,"['CUDAExecutionProvider', 'CPUExecutionProvider']",False,1,56,0,True,True,57,1,58.0,0.12475109100341797,68.0,2047.0,nvml
006503.png,MEDIUM,onnx_cuda,"['CUDAExecutionProvider', 'CPUExecutionProvider']",False,0,0,1,True,False,58,6,58.0,0.12475109100341797,68.0,2055.0,nvml
006504.png,MEDIUM,onnx_cuda,"['CUDAExecutionProvider', 'CPUExecutionProvider']",False,0,9,0,False,True,55,4,58.0,0.12475109100341797,68.0,1972.0,nvml
006505.png,MEDIUM,onnx_cuda,"['CUDAExecutionProvider', 'CPUExecutionProvider']",False,0,0,0,False,False,20,5,58.0,0.12475109100341797,68.0,2017.0,nvml
006506.png,MEDIUM,onnx_cuda,"['CUDAExecutionProvider', 'CPUExecutionProvider']",False,0,0,0,False,False,43,6,58.0,0.12475109100341797,68.0,2017.0,nvml
006507.png,MEDIUM,onnx_cuda,"['CUDAExecutionProvider', 'CPUExecutionProvider']",False,0,0,0,False,False,17,6,54.0,0.12475109100341797,68.0,2047.0,nvml
006508.png,MEDIUM,onnx_cuda,"['CUDAExecutionProvider', 'CPUExecutionProvider']",False,1,9,0,True,True,73,7,54.0,0.12475109100341797,68.0,2055.0,nvml
006509.png,MEDIUM,onnx_cuda,"['CUDAExecutionProvider', 'CPUExecutionProvider']",False,0,0,0,False,False,35,4,54.0,0.12475109100341797,68.0,2025.0,nvml
006510.png,MEDIUM,onnx_cuda,"['CUDAExecutionProvider', 'CPUExecutionProvider']",False,0,0,0,False,False,4,2,54.0,0.12475109100341797,68.0,2047.0,nvml
006511.png,MEDIUM,onnx_cuda,"['CUDAExecutionProvider', 'CPUExecutionProvider']",False,2,9,2,True,True,37,10,54.0,0.12475109100341797,68.0,2002.0,nvml
006512.png,MEDIUM,onnx_cuda,"['CUDAExecutionProvider', 'CPUExecutionProvider']",False,0,0,0,False,False,14,5,60.0,0.12475109100341797,68.0,2040.0,nvml
006513.png,MEDIUM,onnx_cuda,"['CUDAExecutionProvider', 'CPUExecutionProvider']",False,0,0,0,False,False,70,8,60.0,0.12475109100341797,68.0,2055.0,nvml
006514.png,MEDIUM,onnx_cuda,"['CUDAExecutionProvider', 'CPUExecutionProvider']",False,0,0,0,False,False,33,5,60.0,0.12475109100341797,68.0,1987.0,nvml
006515.png,MEDIUM,onnx_cuda,"['CUDAExecutionProvider', 'CPUExecutionProvider']",False,0,0,0,False,False,42,5,60.0,0.12475109100341797,68.0,2032.0,nvml
006516.png,MEDIUM,onnx_cuda,"['CUDAExecutionProvider', 'CPUExecutionProvider']",False,0,0,0,False,False,29,4,60.0,0.12475109100341797,68.0,2017.0,nvml
006517.png,MEDIUM,onnx_cuda,"['CUDAExecutionProvider', 'CPUExecutionProvider']",False,0,0,2,True,False,0,6,60.0,0.12475109100341797,68.0,2055.0,nvml
006518.png,MEDIUM,onnx_cuda,"['CUDAExecutionProvider', 'CPUExecutionProvider']",False,0,0,0,False,False,5,3,54.0,0.12475109100341797,68.0,2047.0,nvml
006519.png,MEDIUM,onnx_cuda,"['CUDAExecutionProvider', 'CPUExecutionProvider']",False,0,15,3,True,True,76,12,54.0,0.12475109100341797,68.0,1950.0,nvml
006520.png,MEDIUM,onnx_cuda,"['CUDAExecutionProvider', 'CPUExecutionProvider']",False,0,0,0,False,False,72,10,54.0,0.12475109100341797,68.0,2010.0,nvml
006521.png,MEDIUM,onnx_cuda,"['CUDAExecutionProvider', 'CPUExecutionProvider']",False,0,0,0,False,False,10,1,54.0,0.12475109100341797,67.0,2002.0,nvml
006522.png,MEDIUM,onnx_cuda,"['CUDAExecutionProvider', 'CPUExecutionProvider']",False,1,7,1,True,True,22,7,54.0,0.12475109100341797,67.0,2025.0,nvml
006523.png,MEDIUM,onnx_cuda,"['CUDAExecutionProvider', 'CPUExecutionProvider']",False,0,0,0,False,False,70,14,59.0,0.12475109100341797,67.0,2047.0,nvml
006524.png,MEDIUM,onnx_cuda,"['CUDAExecutionProvider', 'CPUExecutionProvider']",False,0,2,0,False,True,21,4,59.0,0.12475109100341797,67.0,2047.0,nvml
006525.png,MEDIUM,onnx_cuda,"['CUDAExecutionProvider', 'CPUExecutionProvider']",False,1,19,0,True,True,60,8,59.0,0.12475109100341797,67.0,1950.0,nvml
006526.png,MEDIUM,onnx_cuda,"['CUDAExecutionProvider', 'CPUExecutionProvider']",False,0,0,0,False,False,48,8,59.0,0.12475109100341797,67.0,2010.0,nvml
006527.png,MEDIUM,onnx_cuda,"['CUDAExecutionProvider', 'CPUExecutionProvider']",False,0,0,0,False,False,66,13,59.0,0.12475109100341797,67.0,2017.0,nvml
006528.png,MEDIUM,onnx_cuda,"['CUDAExecutionProvider', 'CPUExecutionProvider']",False,1,78,5,True,True,138,14,59.0,0.12475109100341797,67.0,2047.0,nvml
006529.png,MEDIUM,onnx_cuda,"['CUDAExecutionProvider', 'CPUExecutionProvider']",False,0,0,0,False,False,14,6,53.0,0.12475109100341797,67.0,2055.0,nvml
006530.png,MEDIUM,onnx_cuda,"['CUDAExecutionProvider', 'CPUExecutionProvider']",False,0,0,0,False,False,54,7,53.0,0.12475109100341797,67.0,1980.0,nvml
006531.png,MEDIUM,onnx_cuda,"['CUDAExecutionProvider', 'CPUExecutionProvider']",False,0,0,0,False,False,44,7,53.0,0.12475109100341797,67.0,2025.0,nvml
006532.png,MEDIUM,onnx_cuda,"['CUDAExecutionProvider', 'CPUExecutionProvider']",False,0,0,0,False,False,60,10,53.0,0.12475109100341797,67.0,2017.0,nvml
006533.png,MEDIUM,onnx_cuda,"['CUDAExecutionProvider', 'CPUExecutionProvider']",False,0,0,0,False,False,10,6,53.0,0.12475109100341797,67.0,2047.0,nvml
006534.png,MEDIUM,onnx_cuda,"['CUDAExecutionProvider', 'CPUExecutionProvider']",False,1,8,0,True,True,35,5,59.0,0.12475109100341797,68.0,2055.0,nvml
006535.png,MEDIUM,onnx_cuda,"['CUDAExecutionProvider', 'CPUExecutionProvider']",False,0,0,0,False,False,87,11,59.0,0.12475109100341797,68.0,2032.0,nvml
006536.png,MEDIUM,onnx_cuda,"['CUDAExecutionProvider', 'CPUExecutionProvider']",False,1,9,0,True,True,37,9,59.0,0.12475109100341797,68.0,1950.0,nvml
006537.png,MEDIUM,onnx_cuda,"['CUDAExecutionProvider', 'CPUExecutionProvider']",False,0,0,0,False,False,26,4,59.0,0.12475109100341797,68.0,2010.0,nvml
006538.png,MEDIUM,onnx_cuda,"['CUDAExecutionProvider', 'CPUExecutionProvider']",False,0,0,0,False,False,46,10,59.0,0.12475109100341797,68.0,2002.0,nvml
006539.png,MEDIUM,onnx_cuda,"['CUDAExecutionProvider', 'CPUExecutionProvider']",False,4,96,1,True,True,111,9,59.0,0.12475109100341797,68.0,2040.0,nvml
006540.png,MEDIUM,onnx_cuda,"['CUDAExecutionProvider', 'CPUExecutionProvider']",False,0,0,0,False,False,30,4,53.0,0.12475109100341797,68.0,2055.0,nvml
006541.png,MEDIUM,onnx_cuda,"['CUDAExecutionProvider', 'CPUExecutionProvider']",False,0,0,0,False,False,4,3,53.0,0.12475109100341797,68.0,1995.0,nvml
006542.png,MEDIUM,onnx_cuda,"['CUDAExecutionProvider', 'CPUExecutionProvider']",False,0,6,0,False,True,49,7,53.0,0.12475109100341797,68.0,1972.0,nvml
006543.png,MEDIUM,onnx_cuda,"['CUDAExecutionProvider', 'CPUExecutionProvider']",False,0,0,0,False,False,71,8,53.0,0.12475109100341797,68.0,2017.0,nvml
006544.png,MEDIUM,onnx_cuda,"['CUDAExecutionProvider', 'CPUExecutionProvider']",False,0,0,0,False,False,12,5,53.0,0.12475109100341797,68.0,2010.0,nvml
006545.png,MEDIUM,onnx_cuda,"['CUDAExecutionProvider', 'CPUExecutionProvider']",False,0,0,0,False,False,22,5,59.0,0.12475109100341797,68.0,2040.0,nvml
006546.png,MEDIUM,onnx_cuda,"['CUDAExecutionProvider', 'CPUExecutionProvider']",False,1,20,0,True,True,31,3,59.0,0.12475109100341797,68.0,2055.0,nvml
006547.png,MEDIUM,onnx_cuda,"['CUDAExecutionProvider', 'CPUExecutionProvider']",False,0,0,0,False,False,10,5,59.0,0.12475109100341797,69.0,1987.0,nvml
006548.png,MEDIUM,onnx_cuda,"['CUDAExecutionProvider', 'CPUExecutionProvider']",False,0,0,0,False,False,35,6,59.0,0.12475109100341797,69.0,1950.0,nvml
006549.png,MEDIUM,onnx_cuda,"['CUDAExecutionProvider', 'CPUExecutionProvider']",False,0,0,0,False,False,111,16,59.0,0.12475109100341797,69.0,2010.0,nvml
006550.png,MEDIUM,onnx_cuda,"['CUDAExecutionProvider', 'CPUExecutionProvider']",False,0,0,0,False,False,17,3,59.0,0.12475109100341797,69.0,2010.0,nvml
006551.png,MEDIUM,onnx_cuda,"['CUDAExecutionProvider', 'CPUExecutionProvider']",False,0,0,0,False,False,17,6,52.0,0.12475109100341797,69.0,2047.0,nvml
006552.png,MEDIUM,onnx_cuda,"['CUDAExecutionProvider', 'CPUExecutionProvider']",False,4,52,0,True,True,68,4,52.0,0.12475109100341797,69.0,2040.0,nvml
006553.png,MEDIUM,onnx_cuda,"['CUDAExecutionProvider', 'CPUExecutionProvider']",False,0,0,0,False,False,23,4,52.0,0.12475109100341797,69.0,1950.0,nvml
006554.png,MEDIUM,onnx_cuda,"['CUDAExecutionProvider', 'CPUExecutionProvider']",False,0,0,0,False,False,35,3,52.0,0.12475109100341797,69.0,2010.0,nvml
006555.png,MEDIUM,onnx_cuda,"['CUDAExecutionProvider', 'CPUExecutionProvider']",False,0,2,0,False,True,4,3,52.0,0.12475109100341797,69.0,2010.0,nvml
006556.png,MEDIUM,onnx_cuda,"['CUDAExecutionProvider', 'CPUExecutionProvider']",False,1,9,0,True,True,30,4,60.0,0.12475109100341797,69.0,2047.0,nvml
006557.png,MEDIUM,onnx_cuda,"['CUDAExecutionProvider', 'CPUExecutionProvider']",False,0,0,0,False,False,66,8,60.0,0.12475109100341797,69.0,2055.0,nvml
006558.png,MEDIUM,onnx_cuda,"['CUDAExecutionProvider', 'CPUExecutionProvider']",False,0,0,0,False,False,21,2,60.0,0.12475109100341797,69.0,1972.0,nvml
006559.png,MEDIUM,onnx_cuda,"['CUDAExecutionProvider', 'CPUExecutionProvider']",False,0,0,0,False,False,113,15,60.0,0.12475109100341797,69.0,2017.0,nvml
006560.png,MEDIUM,onnx_cuda,"['CUDAExecutionProvider', 'CPUExecutionProvider']",False,0,0,0,False,False,37,6,60.0,0.12475109100341797,68.0,2017.0,nvml
006561.png,MEDIUM,onnx_cuda,"['CUDAExecutionProvider', 'CPUExecutionProvider']",False,0,0,0,False,False,15,7,60.0,0.12475109100341797,68.0,2055.0,nvml
006562.png,MEDIUM,onnx_cuda,"['CUDAExecutionProvider', 'CPUExecutionProvider']",False,0,0,0,False,False,93,16,54.0,0.12475109100341797,68.0,2055.0,nvml
006563.png,MEDIUM,onnx_cuda,"['CUDAExecutionProvider', 'CPUExecutionProvider']",False,0,0,0,False,False,25,4,54.0,0.12475109100341797,68.0,2010.0,nvml
006564.png,MEDIUM,onnx_cuda,"['CUDAExecutionProvider', 'CPUExecutionProvider']",False,1,15,1,True,True,75,12,54.0,0.12475109100341797,68.0,2040.0,nvml
006565.png,MEDIUM,onnx_cuda,"['CUDAExecutionProvider', 'CPUExecutionProvider']",False,0,0,0,False,False,17,5,54.0,0.12475109100341797,68.0,2017.0,nvml
006566.png,MEDIUM,onnx_cuda,"['CUDAExecutionProvider', 'CPUExecutionProvider']",False,0,0,0,False,False,3,2,54.0,0.12475109100341797,68.0,2047.0,nvml
006567.png,MEDIUM,onnx_cuda,"['CUDAExecutionProvider', 'CPUExecutionProvider']",False,0,1,0,False,True,49,8,59.0,0.12475109100341797,68.0,2055.0,nvml
006568.png,MEDIUM,onnx_cuda,"['CUDAExecutionProvider', 'CPUExecutionProvider']",False,0,0,0,False,False,77,11,59.0,0.12475109100341797,68.0,1980.0,nvml
006569.png,MEDIUM,onnx_cuda,"['CUDAExecutionProvider', 'CPUExecutionProvider']",False,0,2,0,False,True,36,8,59.0,0.12475109100341797,68.0,2055.0,nvml
006570.png,MEDIUM,onnx_cuda,"['CUDAExecutionProvider', 'CPUExecutionProvider']",False,1,3,0,True,True,60,7,59.0,0.12475109100341797,68.0,2055.0,nvml
006571.png,MEDIUM,onnx_cuda,"['CUDAExecutionProvider', 'CPUExecutionProvider']",False,0,9,0,False,True,50,7,59.0,0.12475109100341797,68.0,2040.0,nvml
006572.png,MEDIUM,onnx_cuda,"['CUDAExecutionProvider', 'CPUExecutionProvider']",False,1,8,0,True,True,32,3,59.0,0.12475109100341797,68.0,1950.0,nvml
006573.png,MEDIUM,onnx_cuda,"['CUDAExecutionProvider', 'CPUExecutionProvider']",False,1,41,0,True,True,50,1,51.0,0.12475109100341797,68.0,2010.0,nvml
006574.png,MEDIUM,onnx_cuda,"['CUDAExecutionProvider', 'CPUExecutionProvider']",False,1,3,0,True,True,19,3,51.0,0.12475109100341797,68.0,2017.0,nvml
006575.png,MEDIUM,onnx_cuda,"['CUDAExecutionProvider', 'CPUExecutionProvider']",False,1,78,0,True,True,81,1,51.0,0.12475109100341797,68.0,2047.0,nvml
006576.png,MEDIUM,onnx_cuda,"['CUDAExecutionProvider', 'CPUExecutionProvider']",False,0,0,0,False,False,42,5,51.0,0.12475109100341797,68.0,2055.0,nvml
006577.png,MEDIUM,onnx_cuda,"['CUDAExecutionProvider', 'CPUExecutionProvider']",False,0,0,0,False,False,14,4,51.0,0.12475109100341797,68.0,1972.0,nvml
006578.png,MEDIUM,onnx_cuda,"['CUDAExecutionProvider', 'CPUExecutionProvider']",False,7,112,2,True,True,139,11,60.0,0.12475109100341797,68.0,1950.0,nvml
006579.png,MEDIUM,onnx_cuda,"['CUDAExecutionProvider', 'CPUExecutionProvider']",False,1,6,0,True,True,7,1,60.0,0.12475109100341797,68.0,2010.0,nvml
006580.png,MEDIUM,onnx_cuda,"['CUDAExecutionProvider', 'CPUExecutionProvider']",False,0,0,0,False,False,37,1,60.0,0.12475109100341797,68.0,2002.0,nvml
006581.png,MEDIUM,onnx_cuda,"['CUDAExecutionProvider', 'CPUExecutionProvider']",False,0,0,0,False,False,28,4,60.0,0.12475109100341797,68.0,2040.0,nvml
006582.png,MEDIUM,onnx_cuda,"['CUDAExecutionProvider', 'CPUExecutionProvider']",False,0,4,0,False,True,7,2,60.0,0.12475109100341797,68.0,2055.0,nvml
006583.png,MEDIUM,onnx_cuda,"['CUDAExecutionProvider', 'CPUExecutionProvider']",False,12,124,6,True,True,146,20,60.0,0.12475109100341797,68.0,1980.0,nvml
006584.png,MEDIUM,onnx_cuda,"['CUDAExecutionProvider', 'CPUExecutionProvider']",False,0,0,0,False,False,9,1,52.0,0.12475109100341797,68.0,1965.0,nvml
006585.png,MEDIUM,onnx_cuda,"['CUDAExecutionProvider', 'CPUExecutionProvider']",False,1,66,0,True,True,70,1,52.0,0.12475109100341797,68.0,2017.0,nvml
006586.png,MEDIUM,onnx_cuda,"['CUDAExecutionProvider', 'CPUExecutionProvider']",False,0,0,0,False,False,19,5,52.0,0.12475109100341797,68.0,2017.0,nvml
006587.png,MEDIUM,onnx_cuda,"['CUDAExecutionProvider', 'CPUExecutionProvider']",False,0,0,0,False,False,60,9,52.0,0.12475109100341797,68.0,2047.0,nvml
006588.png,MEDIUM,onnx_cuda,"['CUDAExecutionProvider', 'CPUExecutionProvider']",False,0,0,0,False,False,61,8,52.0,0.12475109100341797,68.0,2055.0,nvml
006589.png,MEDIUM,onnx_cuda,"['CUDAExecutionProvider', 'CPUExecutionProvider']",False,1,9,1,True,True,120,20,59.0,0.12475109100341797,68.0,1965.0,nvml
006590.png,MEDIUM,onnx_cuda,"['CUDAExecutionProvider', 'CPUExecutionProvider']",False,0,0,0,False,False,39,6,59.0,0.12475109100341797,68.0,2017.0,nvml
006591.png,MEDIUM,onnx_cuda,"['CUDAExecutionProvider', 'CPUExecutionProvider']",False,0,0,0,False,False,17,3,59.0,0.12475109100341797,68.0,2017.0,nvml
006592.png,MEDIUM,onnx_cuda,"['CUDAExecutionProvider', 'CPUExecutionProvider']",False,0,0,0,False,False,12,2,59.0,0.12475109100341797,68.0,2032.0,nvml
006593.png,MEDIUM,onnx_cuda,"['CUDAExecutionProvider', 'CPUExecutionProvider']",False,0,0,0,False,False,33,6,59.0,0.12475109100341797,68.0,2055.0,nvml
006594.png,MEDIUM,onnx_cuda,"['CUDAExecutionProvider', 'CPUExecutionProvider']",False,0,0,0,False,False,57,12,59.0,0.12475109100341797,68.0,2032.0,nvml
006595.png,MEDIUM,onnx_cuda,"['CUDAExecutionProvider', 'CPUExecutionProvider']",False,0,0,0,False,False,69,14,52.0,0.12475109100341797,68.0,1942.0,nvml
006596.png,MEDIUM,onnx_cuda,"['CUDAExecutionProvider', 'CPUExecutionProvider']",False,0,0,0,False,False,2,3,52.0,0.12475109100341797,68.0,2002.0,nvml
006597.png,MEDIUM,onnx_cuda,"['CUDAExecutionProvider', 'CPUExecutionProvider']",False,0,2,3,True,True,43,11,52.0,0.12475109100341797,68.0,2010.0,nvml
006598.png,MEDIUM,onnx_cuda,"['CUDAExecutionProvider', 'CPUExecutionProvider']",False,0,0,0,False,False,87,14,52.0,0.12475109100341797,68.0,2047.0,nvml
006599.png,MEDIUM,onnx_cuda,"['CUDAExecutionProvider', 'CPUExecutionProvider']",False,0,0,0,False,False,24,5,52.0,0.12475109100341797,69.0,2055.0,nvml
006600.png,MEDIUM,onnx_cuda,"['CUDAExecutionProvider', 'CPUExecutionProvider']",False,0,0,1,True,False,24,4,59.0,0.12475109100341797,69.0,2017.0,nvml
006601.png,MEDIUM,onnx_cuda,"['CUDAExecutionProvider', 'CPUExecutionProvider']",False,0,0,0,False,False,11,4,59.0,0.12475109100341797,69.0,2047.0,nvml
006602.png,MEDIUM,onnx_cuda,"['CUDAExecutionProvider', 'CPUExecutionProvider']",False,0,0,0,False,False,92,13,59.0,0.12475109100341797,69.0,2002.0,nvml
006603.png,MEDIUM,onnx_cuda,"['CUDAExecutionProvider', 'CPUExecutionProvider']",False,0,14,1,True,True,23,4,59.0,0.12475109100341797,69.0,2017.0,nvml
006604.png,MEDIUM,onnx_cuda,"['CUDAExecutionProvider', 'CPUExecutionProvider']",False,0,19,1,True,True,40,5,59.0,0.12475109100341797,69.0,2055.0,nvml
006605.png,MEDIUM,onnx_cuda,"['CUDAExecutionProvider', 'CPUExecutionProvider']",False,6,46,1,True,True,62,9,59.0,0.12475109100341797,69.0,2032.0,nvml
006606.png,MEDIUM,onnx_cuda,"['CUDAExecutionProvider', 'CPUExecutionProvider']",False,0,0,0,False,False,5,2,53.0,0.12475109100341797,69.0,1950.0,nvml
006607.png,MEDIUM,onnx_cuda,"['CUDAExecutionProvider', 'CPUExecutionProvider']",False,0,0,0,False,False,10,2,53.0,0.12475109100341797,69.0,2010.0,nvml
006608.png,MEDIUM,onnx_cuda,"['CUDAExecutionProvider', 'CPUExecutionProvider']",False,4,92,4,True,True,125,18,53.0,0.12475109100341797,69.0,2055.0,nvml
006609.png,MEDIUM,onnx_cuda,"['CUDAExecutionProvider', 'CPUExecutionProvider']",False,0,7,0,False,True,24,1,53.0,0.12475109100341797,69.0,2040.0,nvml
006610.png,MEDIUM,onnx_cuda,"['CUDAExecutionProvider', 'CPUExecutionProvider']",False,0,0,0,False,False,28,4,53.0,0.12475109100341797,69.0,2055.0,nvml
006611.png,MEDIUM,onnx_cuda,"['CUDAExecutionProvider', 'CPUExecutionProvider']",False,1,1,1,True,True,52,9,59.0,0.12475109100341797,69.0,2025.0,nvml
006612.png,MEDIUM,onnx_cuda,"['CUDAExecutionProvider', 'CPUExecutionProvider']",False,1,0,1,True,True,70,12,59.0,0.12475109100341797,69.0,1935.0,nvml
006613.png,MEDIUM,onnx_cuda,"['CUDAExecutionProvider', 'CPUExecutionProvider']",False,5,67,2,True,True,82,9,59.0,0.12475109100341797,69.0,2002.0,nvml
006614.png,MEDIUM,onnx_cuda,"['CUDAExecutionProvider', 'CPUExecutionProvider']",False,0,0,0,False,False,16,6,59.0,0.12475109100341797,69.0,2002.0,nvml
006615.png,MEDIUM,onnx_cuda,"['CUDAExecutionProvider', 'CPUExecutionProvider']",False,0,0,0,False,False,0,2,59.0,0.12475109100341797,69.0,2017.0,nvml
006616.png,MEDIUM,onnx_cuda,"['CUDAExecutionProvider', 'CPUExecutionProvider']",False,0,0,0,False,False,23,7,59.0,0.12475109100341797,69.0,2047.0,nvml
006617.png,MEDIUM,onnx_cuda,"['CUDAExecutionProvider', 'CPUExecutionProvider']",False,1,7,1,True,True,30,7,53.0,0.12475109100341797,69.0,2040.0,nvml
006618.png,MEDIUM,onnx_cuda,"['CUDAExecutionProvider', 'CPUExecutionProvider']",False,0,0,0,False,False,32,5,53.0,0.12475109100341797,69.0,1980.0,nvml
006619.png,MEDIUM,onnx_cuda,"['CUDAExecutionProvider', 'CPUExecutionProvider']",False,0,0,0,False,False,20,6,53.0,0.12475109100341797,69.0,2025.0,nvml
006620.png,MEDIUM,onnx_cuda,"['CUDAExecutionProvider', 'CPUExecutionProvider']",False,0,0,0,False,False,18,7,53.0,0.12475109100341797,69.0,2002.0,nvml
006621.png,MEDIUM,onnx_cuda,"['CUDAExecutionProvider', 'CPUExecutionProvider']",False,0,0,0,False,False,20,7,53.0,0.12475109100341797,69.0,2040.0,nvml
006622.png,MEDIUM,onnx_cuda,"['CUDAExecutionProvider', 'CPUExecutionProvider']",False,0,0,0,False,False,72,12,58.0,0.12475109100341797,69.0,2055.0,nvml
006623.png,MEDIUM,onnx_cuda,"['CUDAExecutionProvider', 'CPUExecutionProvider']",False,2,9,2,True,True,40,9,58.0,0.12475109100341797,69.0,1980.0,nvml
006624.png,MEDIUM,onnx_cuda,"['CUDAExecutionProvider', 'CPUExecutionProvider']",False,0,0,0,False,False,52,9,58.0,0.12475109100341797,69.0,2025.0,nvml
006625.png,MEDIUM,onnx_cuda,"['CUDAExecutionProvider', 'CPUExecutionProvider']",False,0,0,0,False,False,54,14,58.0,0.12475109100341797,68.0,2017.0,nvml
006626.png,MEDIUM,onnx_cuda,"['CUDAExecutionProvider', 'CPUExecutionProvider']",False,0,0,0,False,False,5,3,58.0,0.12475109100341797,68.0,2055.0,nvml
006627.png,MEDIUM,onnx_cuda,"['CUDAExecutionProvider', 'CPUExecutionProvider']",False,4,12,0,True,True,47,8,58.0,0.12475109100341797,68.0,2047.0,nvml
006628.png,MEDIUM,onnx_cuda,"['CUDAExecutionProvider', 'CPUExecutionProvider']",False,1,18,0,True,True,60,8,54.0,0.12475109100341797,68.0,1942.0,nvml
006629.png,MEDIUM,onnx_cuda,"['CUDAExecutionProvider', 'CPUExecutionProvider']",False,1,18,0,True,True,65,9,54.0,0.12475109100341797,68.0,2055.0,nvml
006630.png,MEDIUM,onnx_cuda,"['CUDAExecutionProvider', 'CPUExecutionProvider']",False,0,0,0,False,False,51,10,54.0,0.12475109100341797,68.0,2047.0,nvml
006631.png,MEDIUM,onnx_cuda,"['CUDAExecutionProvider', 'CPUExecutionProvider']",False,0,0,0,False,False,31,6,54.0,0.12475109100341797,68.0,2055.0,nvml
006632.png,MEDIUM,onnx_cuda,"['CUDAExecutionProvider', 'CPUExecutionProvider']",False,1,8,0,True,True,54,9,54.0,0.12475109100341797,68.0,1987.0,nvml
006633.png,MEDIUM,onnx_cuda,"['CUDAExecutionProvider', 'CPUExecutionProvider']",False,0,0,0,False,False,29,6,57.0,0.12475109100341797,68.0,2032.0,nvml
006634.png,MEDIUM,onnx_cuda,"['CUDAExecutionProvider', 'CPUExecutionProvider']",False,0,0,0,False,False,25,5,57.0,0.12475109100341797,68.0,2017.0,nvml
006635.png,MEDIUM,onnx_cuda,"['CUDAExecutionProvider', 'CPUExecutionProvider']",False,0,0,1,True,False,42,8,57.0,0.12475109100341797,68.0,2055.0,nvml
006636.png,MEDIUM,onnx_cuda,"['CUDAExecutionProvider', 'CPUExecutionProvider']",False,0,4,0,False,True,18,5,57.0,0.12475109100341797,68.0,2055.0,nvml
006637.png,MEDIUM,onnx_cuda,"['CUDAExecutionProvider', 'CPUExecutionProvider']",False,0,0,0,False,False,48,11,57.0,0.12475109100341797,68.0,1950.0,nvml
006638.png,MEDIUM,onnx_cuda,"['CUDAExecutionProvider', 'CPUExecutionProvider']",False,0,0,0,False,False,84,10,57.0,0.12475109100341797,69.0,2010.0,nvml
006639.png,MEDIUM,onnx_cuda,"['CUDAExecutionProvider', 'CPUExecutionProvider']",False,0,10,1,True,True,114,15,55.0,0.12475109100341797,69.0,2010.0,nvml
006640.png,MEDIUM,onnx_cuda,"['CUDAExecutionProvider', 'CPUExecutionProvider']",False,0,0,0,False,False,34,8,55.0,0.12475109100341797,69.0,2032.0,nvml
006641.png,MEDIUM,onnx_cuda,"['CUDAExecutionProvider', 'CPUExecutionProvider']",False,0,0,0,False,False,7,1,55.0,0.12475109100341797,69.0,2055.0,nvml
006642.png,MEDIUM,onnx_cuda,"['CUDAExecutionProvider', 'CPUExecutionProvider']",False,0,0,1,True,False,43,10,55.0,0.12475109100341797,69.0,2010.0,nvml
006643.png,MEDIUM,onnx_cuda,"['CUDAExecutionProvider', 'CPUExecutionProvider']",False,0,0,0,False,False,1,6,55.0,0.12475109100341797,69.0,2040.0,nvml
006644.png,MEDIUM,onnx_cuda,"['CUDAExecutionProvider', 'CPUExecutionProvider']",False,0,0,0,False,False,36,5,58.0,0.12475109100341797,69.0,2010.0,nvml
006645.png,MEDIUM,onnx_cuda,"['CUDAExecutionProvider', 'CPUExecutionProvider']",False,2,16,1,True,True,20,6,58.0,0.12475109100341797,69.0,2032.0,nvml
006646.png,MEDIUM,onnx_cuda,"['CUDAExecutionProvider', 'CPUExecutionProvider']",False,0,0,0,False,False,20,4,58.0,0.12475109100341797,69.0,2055.0,nvml
006647.png,MEDIUM,onnx_cuda,"['CUDAExecutionProvider', 'CPUExecutionProvider']",False,0,0,1,True,False,30,7,58.0,0.12475109100341797,69.0,2017.0,nvml
006648.png,MEDIUM,onnx_cuda,"['CUDAExecutionProvider', 'CPUExecutionProvider']",False,0,0,0,False,False,98,17,58.0,0.12475109100341797,69.0,1935.0,nvml
006649.png,MEDIUM,onnx_cuda,"['CUDAExecutionProvider', 'CPUExecutionProvider']",False,0,0,1,True,False,57,10,58.0,0.12475109100341797,69.0,2002.0,nvml
006650.png,MEDIUM,onnx_cuda,"['CUDAExecutionProvider', 'CPUExecutionProvider']",False,2,3,1,True,True,14,5,54.0,0.12475109100341797,69.0,2017.0,nvml
006651.png,MEDIUM,onnx_cuda,"['CUDAExecutionProvider', 'CPUExecutionProvider']",False,1,2,0,True,True,22,6,54.0,0.12475109100341797,69.0,2047.0,nvml
006652.png,MEDIUM,onnx_cuda,"['CUDAExecutionProvider', 'CPUExecutionProvider']",False,1,66,0,True,True,69,1,54.0,0.12475109100341797,69.0,2055.0,nvml
006653.png,MEDIUM,onnx_cuda,"['CUDAExecutionProvider', 'CPUExecutionProvider']",False,1,48,0,True,True,55,1,54.0,0.12475109100341797,69.0,1980.0,nvml
006654.png,MEDIUM,onnx_cuda,"['CUDAExecutionProvider', 'CPUExecutionProvider']",False,0,0,0,False,False,30,2,54.0,0.12475109100341797,69.0,2025.0,nvml
006655.png,MEDIUM,onnx_cuda,"['CUDAExecutionProvider', 'CPUExecutionProvider']",False,0,0,0,False,False,53,13,59.0,0.12475109100341797,69.0,2010.0,nvml
006656.png,MEDIUM,onnx_cuda,"['CUDAExecutionProvider', 'CPUExecutionProvider']",False,1,13,0,True,True,20,1,59.0,0.12475109100341797,69.0,2047.0,nvml
006657.png,MEDIUM,onnx_cuda,"['CUDAExecutionProvider', 'CPUExecutionProvider']",False,2,5,1,True,True,27,5,59.0,0.12475109100341797,69.0,2055.0,nvml
006658.png,MEDIUM,onnx_cuda,"['CUDAExecutionProvider', 'CPUExecutionProvider']",False,0,10,0,False,True,66,6,59.0,0.12475109100341797,69.0,1980.0,nvml
006659.png,MEDIUM,onnx_cuda,"['CUDAExecutionProvider', 'CPUExecutionProvider']",False,0,0,1,True,False,45,8,59.0,0.12475109100341797,69.0,2025.0,nvml
006660.png,MEDIUM,onnx_cuda,"['CUDAExecutionProvider', 'CPUExecutionProvider']",False,0,0,0,False,False,98,14,59.0,0.12475109100341797,69.0,2017.0,nvml
006661.png,MEDIUM,onnx_cuda,"['CUDAExecutionProvider', 'CPUExecutionProvider']",False,1,48,0,True,True,54,1,54.0,0.12475109100341797,69.0,2047.0,nvml
006662.png,MEDIUM,onnx_cuda,"['CUDAExecutionProvider', 'CPUExecutionProvider']",False,0,0,0,False,False,76,12,54.0,0.12475109100341797,69.0,2055.0,nvml
006663.png,MEDIUM,onnx_cuda,"['CUDAExecutionProvider', 'CPUExecutionProvider']",False,0,0,0,False,False,84,10,54.0,0.12475109100341797,69.0,1980.0,nvml
006664.png,MEDIUM,onnx_cuda,"['CUDAExecutionProvider', 'CPUExecutionProvider']",False,0,0,0,False,False,35,6,54.0,0.12475109100341797,69.0,2025.0,nvml
006665.png,MEDIUM,onnx_cuda,"['CUDAExecutionProvider', 'CPUExecutionProvider']",False,0,0,0,False,False,67,7,54.0,0.12475109100341797,69.0,2010.0,nvml
006666.png,MEDIUM,onnx_cuda,"['CUDAExecutionProvider', 'CPUExecutionProvider']",False,1,41,0,True,True,50,1,59.0,0.12475109100341797,69.0,2025.0,nvml
006667.png,MEDIUM,onnx_cuda,"['CUDAExecutionProvider', 'CPUExecutionProvider']",False,0,0,0,False,False,40,7,59.0,0.12475109100341797,69.0,2055.0,nvml
006668.png,MEDIUM,onnx_cuda,"['CUDAExecutionProvider', 'CPUExecutionProvider']",False,0,0,0,False,False,8,2,59.0,0.12475109100341797,69.0,2040.0,nvml
006669.png,MEDIUM,onnx_cuda,"['CUDAExecutionProvider', 'CPUExecutionProvider']",False,0,0,0,False,False,44,6,59.0,0.12475109100341797,69.0,1942.0,nvml
006670.png,MEDIUM,onnx_cuda,"['CUDAExecutionProvider', 'CPUExecutionProvider']",False,0,0,0,False,False,23,7,59.0,0.12475109100341797,69.0,2002.0,nvml
006671.png,MEDIUM,onnx_cuda,"['CUDAExecutionProvider', 'CPUExecutionProvider']",False,0,0,0,False,False,5,3,59.0,0.12475109100341797,69.0,2017.0,nvml
006672.png,MEDIUM,onnx_cuda,"['CUDAExecutionProvider', 'CPUExecutionProvider']",False,0,0,0,False,False,57,9,54.0,0.12475109100341797,69.0,2047.0,nvml
006673.png,MEDIUM,onnx_cuda,"['CUDAExecutionProvider', 'CPUExecutionProvider']",False,0,5,0,False,True,58,10,54.0,0.12475109100341797,69.0,2032.0,nvml
006674.png,MEDIUM,onnx_cuda,"['CUDAExecutionProvider', 'CPUExecutionProvider']",False,0,0,0,False,False,20,3,54.0,0.12475109100341797,69.0,1935.0,nvml
006675.png,MEDIUM,onnx_cuda,"['CUDAExecutionProvider', 'CPUExecutionProvider']",False,0,0,0,False,False,14,3,54.0,0.12475109100341797,69.0,1942.0,nvml
006676.png,MEDIUM,onnx_cuda,"['CUDAExecutionProvider', 'CPUExecutionProvider']",False,1,37,0,True,True,43,1,54.0,0.12475109100341797,69.0,2002.0,nvml
006677.png,MEDIUM,onnx_cuda,"['CUDAExecutionProvider', 'CPUExecutionProvider']",False,0,0,0,False,False,12,3,58.0,0.12475109100341797,68.0,2002.0,nvml
006678.png,MEDIUM,onnx_cuda,"['CUDAExecutionProvider', 'CPUExecutionProvider']",False,0,0,0,False,False,87,12,58.0,0.12475109100341797,68.0,2040.0,nvml
006679.png,MEDIUM,onnx_cuda,"['CUDAExecutionProvider', 'CPUExecutionProvider']",False,0,0,0,False,False,48,9,58.0,0.12475109100341797,68.0,2055.0,nvml
006680.png,MEDIUM,onnx_cuda,"['CUDAExecutionProvider', 'CPUExecutionProvider']",False,0,0,0,False,False,12,4,58.0,0.12475109100341797,68.0,2040.0,nvml
006681.png,MEDIUM,onnx_cuda,"['CUDAExecutionProvider', 'CPUExecutionProvider']",False,0,0,0,False,False,29,3,58.0,0.12475109100341797,68.0,1942.0,nvml
006682.png,MEDIUM,onnx_cuda,"['CUDAExecutionProvider', 'CPUExecutionProvider']",False,6,13,6,True,True,44,16,58.0,0.12475109100341797,68.0,2002.0,nvml
006683.png,MEDIUM,onnx_cuda,"['CUDAExecutionProvider', 'CPUExecutionProvider']",False,0,0,0,False,False,10,2,54.0,0.12475109100341797,68.0,2010.0,nvml
006684.png,MEDIUM,onnx_cuda,"['CUDAExecutionProvider', 'CPUExecutionProvider']",False,0,0,0,False,False,79,8,54.0,0.12475109100341797,68.0,2040.0,nvml
006685.png,MEDIUM,onnx_cuda,"['CUDAExecutionProvider', 'CPUExecutionProvider']",False,1,39,0,True,True,40,1,54.0,0.12475109100341797,68.0,2055.0,nvml
006686.png,MEDIUM,onnx_cuda,"['CUDAExecutionProvider', 'CPUExecutionProvider']",False,0,9,0,False,True,31,4,54.0,0.12475109100341797,68.0,1980.0,nvml
006687.png,MEDIUM,onnx_cuda,"['CUDAExecutionProvider', 'CPUExecutionProvider']",False,0,0,0,False,False,49,5,54.0,0.12475109100341797,68.0,2025.0,nvml
006688.png,MEDIUM,onnx_cuda,"['CUDAExecutionProvider', 'CPUExecutionProvider']",False,0,0,0,False,False,30,5,59.0,0.12475109100341797,68.0,2010.0,nvml
006689.png,MEDIUM,onnx_cuda,"['CUDAExecutionProvider', 'CPUExecutionProvider']",False,0,0,0,False,False,23,7,59.0,0.12475109100341797,68.0,2055.0,nvml
006690.png,MEDIUM,onnx_cuda,"['CUDAExecutionProvider', 'CPUExecutionProvider']",False,1,3,0,True,True,35,6,59.0,0.12475109100341797,69.0,2047.0,nvml
006691.png,MEDIUM,onnx_cuda,"['CUDAExecutionProvider', 'CPUExecutionProvider']",False,0,0,0,False,False,10,1,59.0,0.12475109100341797,69.0,2055.0,nvml
006692.png,MEDIUM,onnx_cuda,"['CUDAExecutionProvider', 'CPUExecutionProvider']",False,0,0,0,False,False,70,10,59.0,0.12475109100341797,69.0,2025.0,nvml
006693.png,MEDIUM,onnx_cuda,"['CUDAExecutionProvider', 'CPUExecutionProvider']",False,0,0,0,False,False,18,5,59.0,0.12475109100341797,69.0,2047.0,nvml
006694.png,MEDIUM,onnx_cuda,"['CUDAExecutionProvider', 'CPUExecutionProvider']",False,0,0,0,False,False,52,8,53.0,0.12475109100341797,69.0,2002.0,nvml
006695.png,MEDIUM,onnx_cuda,"['CUDAExecutionProvider', 'CPUExecutionProvider']",False,1,1,1,True,True,82,12,53.0,0.12475109100341797,69.0,2025.0,nvml
006696.png,MEDIUM,onnx_cuda,"['CUDAExecutionProvider', 'CPUExecutionProvider']",False,0,6,1,True,True,19,5,53.0,0.12475109100341797,69.0,2047.0,nvml
006697.png,MEDIUM,onnx_cuda,"['CUDAExecutionProvider', 'CPUExecutionProvider']",False,0,0,0,False,False,6,2,53.0,0.12475109100341797,69.0,2055.0,nvml
006698.png,MEDIUM,onnx_cuda,"['CUDAExecutionProvider', 'CPUExecutionProvider']",False,0,0,0,False,False,14,5,53.0,0.12475109100341797,69.0,1965.0,nvml
006699.png,MEDIUM,onnx_cuda,"['CUDAExecutionProvider', 'CPUExecutionProvider']",False,0,0,0,False,False,49,6,59.0,0.12475109100341797,69.0,2017.0,nvml
006700.png,MEDIUM,onnx_cuda,"['CUDAExecutionProvider', 'CPUExecutionProvider']",False,0,22,1,True,True,32,5,59.0,0.12475109100341797,69.0,2017.0,nvml
006701.png,MEDIUM,onnx_cuda,"['CUDAExecutionProvider', 'CPUExecutionProvider']",False,0,0,0,False,False,1,3,59.0,0.12475109100341797,69.0,2055.0,nvml
006702.png,MEDIUM,onnx_cuda,"['CUDAExecutionProvider', 'CPUExecutionProvider']",False,0,0,0,False,False,28,3,59.0,0.12475109100341797,69.0,2040.0,nvml
006703.png,MEDIUM,onnx_cuda,"['CUDAExecutionProvider', 'CPUExecutionProvider']",False,2,56,0,True,True,109,10,59.0,0.12475109100341797,70.0,1950.0,nvml
006704.png,MEDIUM,onnx_cuda,"['CUDAExecutionProvider', 'CPUExecutionProvider']",False,5,52,1,True,True,61,10,59.0,0.12475109100341797,70.0,1935.0,nvml
006705.png,MEDIUM,onnx_cuda,"['CUDAExecutionProvider', 'CPUExecutionProvider']",False,0,0,0,False,False,11,3,53.0,0.12475109100341797,70.0,2002.0,nvml
006706.png,MEDIUM,onnx_cuda,"['CUDAExecutionProvider', 'CPUExecutionProvider']",False,0,0,0,False,False,17,2,53.0,0.12475109100341797,70.0,2010.0,nvml
006707.png,MEDIUM,onnx_cuda,"['CUDAExecutionProvider', 'CPUExecutionProvider']",False,0,0,0,False,False,62,9,53.0,0.12475109100341797,70.0,2047.0,nvml
006708.png,MEDIUM,onnx_cuda,"['CUDAExecutionProvider', 'CPUExecutionProvider']",False,0,0,0,False,False,17,3,53.0,0.12475109100341797,70.0,2047.0,nvml
006709.png,MEDIUM,onnx_cuda,"['CUDAExecutionProvider', 'CPUExecutionProvider']",False,0,0,0,False,False,18,1,53.0,0.12475109100341797,70.0,1987.0,nvml
006710.png,MEDIUM,onnx_cuda,"['CUDAExecutionProvider', 'CPUExecutionProvider']",False,0,0,0,False,False,80,9,59.0,0.12475109100341797,70.0,2032.0,nvml
006711.png,MEDIUM,onnx_cuda,"['CUDAExecutionProvider', 'CPUExecutionProvider']",False,0,0,0,False,False,3,4,59.0,0.12475109100341797,70.0,2017.0,nvml
006712.png,MEDIUM,onnx_cuda,"['CUDAExecutionProvider', 'CPUExecutionProvider']",False,0,0,0,False,False,3,4,59.0,0.12475109100341797,70.0,2047.0,nvml
006713.png,MEDIUM,onnx_cuda,"['CUDAExecutionProvider', 'CPUExecutionProvider']",False,0,0,0,False,False,31,5,59.0,0.12475109100341797,70.0,2055.0,nvml
006714.png,MEDIUM,onnx_cuda,"['CUDAExecutionProvider', 'CPUExecutionProvider']",False,0,0,0,False,False,10,6,59.0,0.12475109100341797,70.0,2055.0,nvml
006715.png,MEDIUM,onnx_cuda,"['CUDAExecutionProvider', 'CPUExecutionProvider']",False,0,3,0,False,True,14,7,59.0,0.12475109100341797,70.0,2017.0,nvml
006716.png,MEDIUM,onnx_cuda,"['CUDAExecutionProvider', 'CPUExecutionProvider']",False,0,1,0,False,True,14,3,53.0,0.12475109100341797,70.0,2047.0,nvml
006717.png,MEDIUM,onnx_cuda,"['CUDAExecutionProvider', 'CPUExecutionProvider']",False,0,0,1,True,False,34,5,53.0,0.12475109100341797,70.0,2017.0,nvml
006718.png,MEDIUM,onnx_cuda,"['CUDAExecutionProvider', 'CPUExecutionProvider']",False,0,0,0,False,False,46,9,53.0,0.12475109100341797,70.0,2032.0,nvml
006719.png,MEDIUM,onnx_cuda,"['CUDAExecutionProvider', 'CPUExecutionProvider']",False,0,0,0,False,False,67,3,53.0,0.12475109100341797,70.0,2055.0,nvml
006720.png,MEDIUM,onnx_cuda,"['CUDAExecutionProvider', 'CPUExecutionProvider']",False,0,0,0,False,False,29,5,53.0,0.12475109100341797,70.0,2017.0,nvml
006721.png,MEDIUM,onnx_cuda,"['CUDAExecutionProvider', 'CPUExecutionProvider']",False,0,0,0,False,False,95,14,59.0,0.12475109100341797,70.0,2047.0,nvml
006722.png,MEDIUM,onnx_cuda,"['CUDAExecutionProvider', 'CPUExecutionProvider']",False,1,28,0,True,True,31,1,59.0,0.12475109100341797,70.0,2002.0,nvml
006723.png,MEDIUM,onnx_cuda,"['CUDAExecutionProvider', 'CPUExecutionProvider']",False,0,0,0,False,False,25,5,59.0,0.12475109100341797,70.0,2017.0,nvml
006724.png,MEDIUM,onnx_cuda,"['CUDAExecutionProvider', 'CPUExecutionProvider']",False,0,0,0,False,False,63,5,59.0,0.12475109100341797,70.0,2032.0,nvml
006725.png,MEDIUM,onnx_cuda,"['CUDAExecutionProvider', 'CPUExecutionProvider']",False,0,0,0,False,False,74,9,59.0,0.12475109100341797,70.0,2055.0,nvml
006726.png,MEDIUM,onnx_cuda,"['CUDAExecutionProvider', 'CPUExecutionProvider']",False,0,0,0,False,False,54,8,59.0,0.12475109100341797,70.0,2017.0,nvml
006727.png,MEDIUM,onnx_cuda,"['CUDAExecutionProvider', 'CPUExecutionProvider']",False,0,0,0,False,False,15,3,53.0,0.12475109100341797,70.0,1942.0,nvml
006728.png,MEDIUM,onnx_cuda,"['CUDAExecutionProvider', 'CPUExecutionProvider']",False,2,11,2,True,True,73,10,53.0,0.12475109100341797,70.0,2002.0,nvml
006729.png,MEDIUM,onnx_cuda,"['CUDAExecutionProvider', 'CPUExecutionProvider']",False,0,6,0,False,True,22,4,53.0,0.12475109100341797,69.0,2002.0,nvml
006730.png,MEDIUM,onnx_cuda,"['CUDAExecutionProvider', 'CPUExecutionProvider']",False,0,0,0,False,False,10,2,53.0,0.12475109100341797,69.0,2047.0,nvml
006731.png,MEDIUM,onnx_cuda,"['CUDAExecutionProvider', 'CPUExecutionProvider']",False,0,0,0,False,False,85,9,53.0,0.12475109100341797,69.0,2055.0,nvml
006732.png,MEDIUM,onnx_cuda,"['CUDAExecutionProvider', 'CPUExecutionProvider']",False,0,7,0,False,True,17,1,58.0,0.12475109100341797,69.0,2002.0,nvml
006733.png,MEDIUM,onnx_cuda,"['CUDAExecutionProvider', 'CPUExecutionProvider']",False,0,0,0,False,False,71,17,58.0,0.12475109100341797,69.0,2032.0,nvml
006734.png,MEDIUM,onnx_cuda,"['CUDAExecutionProvider', 'CPUExecutionProvider']",False,2,22,1,True,True,46,9,58.0,0.12475109100341797,69.0,2010.0,nvml
006735.png,MEDIUM,onnx_cuda,"['CUDAExecutionProvider', 'CPUExecutionProvider']",False,0,0,0,False,False,23,5,58.0,0.12475109100341797,69.0,2025.0,nvml
006736.png,MEDIUM,onnx_cuda,"['CUDAExecutionProvider', 'CPUExecutionProvider']",False,0,0,0,False,False,28,7,58.0,0.12475109100341797,69.0,2055.0,nvml
006737.png,MEDIUM,onnx_cuda,"['CUDAExecutionProvider', 'CPUExecutionProvider']",False,1,0,0,True,True,13,5,58.0,0.12475109100341797,69.0,2040.0,nvml
006738.png,MEDIUM,onnx_cuda,"['CUDAExecutionProvider', 'CPUExecutionProvider']",False,0,0,0,False,False,20,6,55.0,0.12475109100341797,69.0,1965.0,nvml
006739.png,MEDIUM,onnx_cuda,"['CUDAExecutionProvider', 'CPUExecutionProvider']",False,0,0,0,False,False,10,2,55.0,0.12475109100341797,69.0,2017.0,nvml
006740.png,MEDIUM,onnx_cuda,"['CUDAExecutionProvider', 'CPUExecutionProvider']",False,0,1,0,False,True,30,3,55.0,0.12475109100341797,69.0,2010.0,nvml
006741.png,MEDIUM,onnx_cuda,"['CUDAExecutionProvider', 'CPUExecutionProvider']",False,0,0,1,True,False,16,5,55.0,0.12475109100341797,69.0,2040.0,nvml
006742.png,MEDIUM,onnx_cuda,"['CUDAExecutionProvider', 'CPUExecutionProvider']",False,0,0,0,False,False,26,4,55.0,0.12475109100341797,69.0,2055.0,nvml
006743.png,MEDIUM,onnx_cuda,"['CUDAExecutionProvider', 'CPUExecutionProvider']",False,0,0,0,False,False,11,6,57.0,0.12475109100341797,69.0,2032.0,nvml
006744.png,MEDIUM,onnx_cuda,"['CUDAExecutionProvider', 'CPUExecutionProvider']",False,0,0,2,True,False,1,6,57.0,0.12475109100341797,69.0,1935.0,nvml
006745.png,MEDIUM,onnx_cuda,"['CUDAExecutionProvider', 'CPUExecutionProvider']",False,0,21,3,True,True,50,6,57.0,0.12475109100341797,69.0,2002.0,nvml
006746.png,MEDIUM,onnx_cuda,"['CUDAExecutionProvider', 'CPUExecutionProvider']",False,0,0,0,False,False,75,8,57.0,0.12475109100341797,69.0,2010.0,nvml
006747.png,MEDIUM,onnx_cuda,"['CUDAExecutionProvider', 'CPUExecutionProvider']",False,0,0,0,False,False,9,4,57.0,0.12475109100341797,69.0,2047.0,nvml
006748.png,MEDIUM,onnx_cuda,"['CUDAExecutionProvider', 'CPUExecutionProvider']",False,0,0,0,False,False,10,2,57.0,0.12475109100341797,69.0,2040.0,nvml
006749.png,MEDIUM,onnx_cuda,"['CUDAExecutionProvider', 'CPUExecutionProvider']",False,6,70,4,True,True,81,12,55.0,0.12475109100341797,69.0,1942.0,nvml
006750.png,MEDIUM,onnx_cuda,"['CUDAExecutionProvider', 'CPUExecutionProvider']",False,1,20,0,True,True,51,4,55.0,0.12475109100341797,69.0,2002.0,nvml
006751.png,MEDIUM,onnx_cuda,"['CUDAExecutionProvider', 'CPUExecutionProvider']",False,0,0,0,False,False,37,8,55.0,0.12475109100341797,69.0,2017.0,nvml
006752.png,MEDIUM,onnx_cuda,"['CUDAExecutionProvider', 'CPUExecutionProvider']",False,0,0,3,True,False,54,11,55.0,0.12475109100341797,69.0,2047.0,nvml
006753.png,MEDIUM,onnx_cuda,"['CUDAExecutionProvider', 'CPUExecutionProvider']",False,0,0,0,False,False,79,9,55.0,0.12475109100341797,69.0,2055.0,nvml
006754.png,MEDIUM,onnx_cuda,"['CUDAExecutionProvider', 'CPUExecutionProvider']",False,0,0,0,False,False,68,10,59.0,0.12475109100341797,69.0,1980.0,nvml
006755.png,MEDIUM,onnx_cuda,"['CUDAExecutionProvider', 'CPUExecutionProvider']",False,0,0,0,False,False,50,8,59.0,0.12475109100341797,70.0,1950.0,nvml
006756.png,MEDIUM,onnx_cuda,"['CUDAExecutionProvider', 'CPUExecutionProvider']",False,0,0,0,False,False,32,8,59.0,0.12475109100341797,70.0,2010.0,nvml
006757.png,MEDIUM,onnx_cuda,"['CUDAExecutionProvider', 'CPUExecutionProvider']",False,0,0,0,False,False,29,7,59.0,0.12475109100341797,70.0,2002.0,nvml
006758.png,MEDIUM,onnx_cuda,"['CUDAExecutionProvider', 'CPUExecutionProvider']",False,0,0,0,False,False,40,5,59.0,0.12475109100341797,70.0,2032.0,nvml
006759.png,MEDIUM,onnx_cuda,"['CUDAExecutionProvider', 'CPUExecutionProvider']",False,0,0,0,False,False,11,4,59.0,0.12475109100341797,70.0,2055.0,nvml
006760.png,MEDIUM,onnx_cuda,"['CUDAExecutionProvider', 'CPUExecutionProvider']",False,1,6,0,True,True,31,4,54.0,0.12475109100341797,70.0,1987.0,nvml
006761.png,MEDIUM,onnx_cuda,"['CUDAExecutionProvider', 'CPUExecutionProvider']",False,4,58,1,True,True,105,10,54.0,0.12475109100341797,70.0,2032.0,nvml
006762.png,MEDIUM,onnx_cuda,"['CUDAExecutionProvider', 'CPUExecutionProvider']",False,0,9,1,True,True,13,5,54.0,0.12475109100341797,70.0,2010.0,nvml
006763.png,MEDIUM,onnx_cuda,"['CUDAExecutionProvider', 'CPUExecutionProvider']",False,0,0,0,False,False,13,2,54.0,0.12475109100341797,70.0,2047.0,nvml
006764.png,MEDIUM,onnx_cuda,"['CUDAExecutionProvider', 'CPUExecutionProvider']",False,0,0,0,False,False,40,8,54.0,0.12475109100341797,70.0,2055.0,nvml
006765.png,MEDIUM,onnx_cuda,"['CUDAExecutionProvider', 'CPUExecutionProvider']",False,0,3,3,True,True,63,12,58.0,0.12475109100341797,70.0,2017.0,nvml
006766.png,MEDIUM,onnx_cuda,"['CUDAExecutionProvider', 'CPUExecutionProvider']",False,0,0,1,True,False,41,11,58.0,0.12475109100341797,70.0,1980.0,nvml
006767.png,MEDIUM,onnx_cuda,"['CUDAExecutionProvider', 'CPUExecutionProvider']",False,0,0,0,False,False,26,4,58.0,0.12475109100341797,70.0,1942.0,nvml
006768.png,MEDIUM,onnx_cuda,"['CUDAExecutionProvider', 'CPUExecutionProvider']",False,4,78,2,True,True,95,12,58.0,0.12475109100341797,69.0,1942.0,nvml
006769.png,MEDIUM,onnx_cuda,"['CUDAExecutionProvider', 'CPUExecutionProvider']",False,0,0,0,False,False,71,11,58.0,0.12475109100341797,69.0,1935.0,nvml
006770.png,MEDIUM,onnx_cuda,"['CUDAExecutionProvider', 'CPUExecutionProvider']",False,0,0,0,False,False,62,11,51.0,0.12475109100341797,69.0,2055.0,nvml
006771.png,MEDIUM,onnx_cuda,"['CUDAExecutionProvider', 'CPUExecutionProvider']",False,0,0,2,True,False,19,6,51.0,0.12475109100341797,69.0,2047.0,nvml
006772.png,MEDIUM,onnx_cuda,"['CUDAExecutionProvider', 'CPUExecutionProvider']",False,0,0,0,False,False,50,8,51.0,0.12475109100341797,69.0,2047.0,nvml
006773.png,MEDIUM,onnx_cuda,"['CUDAExecutionProvider', 'CPUExecutionProvider']",False,0,0,0,False,False,9,4,51.0,0.12475109100341797,69.0,1942.0,nvml
006774.png,MEDIUM,onnx_cuda,"['CUDAExecutionProvider', 'CPUExecutionProvider']",False,0,0,0,False,False,11,3,51.0,0.12475109100341797,69.0,2002.0,nvml
006775.png,MEDIUM,onnx_cuda,"['CUDAExecutionProvider', 'CPUExecutionProvider']",False,0,2,0,False,True,70,10,51.0,0.12475109100341797,69.0,2002.0,nvml
006776.png,MEDIUM,onnx_cuda,"['CUDAExecutionProvider', 'CPUExecutionProvider']",False,0,0,1,True,False,10,2,55.0,0.12475109100341797,69.0,2040.0,nvml
006777.png,MEDIUM,onnx_cuda,"['CUDAExecutionProvider', 'CPUExecutionProvider']",False,0,2,1,True,True,12,6,55.0,0.12475109100341797,69.0,2055.0,nvml
006778.png,MEDIUM,onnx_cuda,"['CUDAExecutionProvider', 'CPUExecutionProvider']",False,1,7,0,True,True,44,6,55.0,0.12475109100341797,69.0,1950.0,nvml
006779.png,MEDIUM,onnx_cuda,"['CUDAExecutionProvider', 'CPUExecutionProvider']",False,0,0,1,True,False,56,11,55.0,0.12475109100341797,69.0,1935.0,nvml
006780.png,MEDIUM,onnx_cuda,"['CUDAExecutionProvider', 'CPUExecutionProvider']",False,0,0,0,False,False,81,14,55.0,0.12475109100341797,69.0,2002.0,nvml
006781.png,MEDIUM,onnx_cuda,"['CUDAExecutionProvider', 'CPUExecutionProvider']",False,0,0,0,False,False,71,8,57.0,0.12475109100341797,69.0,2010.0,nvml
006782.png,MEDIUM,onnx_cuda,"['CUDAExecutionProvider', 'CPUExecutionProvider']",False,0,2,0,False,True,31,7,57.0,0.12475109100341797,69.0,2032.0,nvml
006783.png,MEDIUM,onnx_cuda,"['CUDAExecutionProvider', 'CPUExecutionProvider']",False,1,3,0,True,True,122,17,57.0,0.12475109100341797,69.0,2055.0,nvml
006784.png,MEDIUM,onnx_cuda,"['CUDAExecutionProvider', 'CPUExecutionProvider']",False,0,0,0,False,False,6,2,57.0,0.12475109100341797,69.0,2055.0,nvml
006785.png,MEDIUM,onnx_cuda,"['CUDAExecutionProvider', 'CPUExecutionProvider']",False,2,22,3,True,True,45,8,57.0,0.12475109100341797,69.0,2017.0,nvml
006786.png,MEDIUM,onnx_cuda,"['CUDAExecutionProvider', 'CPUExecutionProvider']",False,0,0,0,False,False,6,5,57.0,0.12475109100341797,69.0,2047.0,nvml
006787.png,MEDIUM,onnx_cuda,"['CUDAExecutionProvider', 'CPUExecutionProvider']",False,0,0,0,False,False,30,7,55.0,0.12475109100341797,69.0,2002.0,nvml
006788.png,MEDIUM,onnx_cuda,"['CUDAExecutionProvider', 'CPUExecutionProvider']",False,0,0,0,False,False,67,11,55.0,0.12475109100341797,69.0,2017.0,nvml
006789.png,MEDIUM,onnx_cuda,"['CUDAExecutionProvider', 'CPUExecutionProvider']",False,0,0,0,False,False,68,10,55.0,0.12475109100341797,69.0,2055.0,nvml
006790.png,MEDIUM,onnx_cuda,"['CUDAExecutionProvider', 'CPUExecutionProvider']",False,0,1,0,False,True,9,1,55.0,0.12475109100341797,69.0,2025.0,nvml
006791.png,MEDIUM,onnx_cuda,"['CUDAExecutionProvider', 'CPUExecutionProvider']",False,0,0,0,False,False,37,11,55.0,0.12475109100341797,69.0,1927.0,nvml
006792.png,MEDIUM,onnx_cuda,"['CUDAExecutionProvider', 'CPUExecutionProvider']",False,0,0,0,False,False,16,4,56.0,0.12475109100341797,69.0,2002.0,nvml
006793.png,MEDIUM,onnx_cuda,"['CUDAExecutionProvider', 'CPUExecutionProvider']",False,0,0,0,False,False,20,6,56.0,0.12475109100341797,69.0,2002.0,nvml
006794.png,MEDIUM,onnx_cuda,"['CUDAExecutionProvider', 'CPUExecutionProvider']",False,0,0,0,False,False,9,4,56.0,0.12475109100341797,70.0,2040.0,nvml
006795.png,MEDIUM,onnx_cuda,"['CUDAExecutionProvider', 'CPUExecutionProvider']",False,1,53,0,True,True,54,1,56.0,0.12475109100341797,70.0,2055.0,nvml
006796.png,MEDIUM,onnx_cuda,"['CUDAExecutionProvider', 'CPUExecutionProvider']",False,0,0,0,False,False,30,5,56.0,0.12475109100341797,70.0,2017.0,nvml
006797.png,MEDIUM,onnx_cuda,"['CUDAExecutionProvider', 'CPUExecutionProvider']",False,0,0,0,False,False,11,2,56.0,0.12475109100341797,70.0,2047.0,nvml
006798.png,MEDIUM,onnx_cuda,"['CUDAExecutionProvider', 'CPUExecutionProvider']",False,0,0,0,False,False,85,11,56.0,0.12475109100341797,70.0,2002.0,nvml
006799.png,MEDIUM,onnx_cuda,"['CUDAExecutionProvider', 'CPUExecutionProvider']",False,1,26,0,True,True,29,1,56.0,0.12475109100341797,70.0,2017.0,nvml
006800.png,MEDIUM,onnx_cuda,"['CUDAExecutionProvider', 'CPUExecutionProvider']",False,3,38,0,True,True,86,10,56.0,0.12475109100341797,70.0,1927.0,nvml
006801.png,MEDIUM,onnx_cuda,"['CUDAExecutionProvider', 'CPUExecutionProvider']",False,7,55,6,True,True,85,18,56.0,0.12475109100341797,70.0,2002.0,nvml
006802.png,MEDIUM,onnx_cuda,"['CUDAExecutionProvider', 'CPUExecutionProvider']",False,0,0,1,True,False,14,3,56.0,0.12475109100341797,70.0,2010.0,nvml
006803.png,MEDIUM,onnx_cuda,"['CUDAExecutionProvider', 'CPUExecutionProvider']",False,0,0,0,False,False,18,4,54.0,0.12475109100341797,70.0,2017.0,nvml
006804.png,MEDIUM,onnx_cuda,"['CUDAExecutionProvider', 'CPUExecutionProvider']",False,1,51,0,True,True,52,1,54.0,0.12475109100341797,70.0,2047.0,nvml
006805.png,MEDIUM,onnx_cuda,"['CUDAExecutionProvider', 'CPUExecutionProvider']",False,0,0,0,False,False,76,11,54.0,0.12475109100341797,70.0,2040.0,nvml
006806.png,MEDIUM,onnx_cuda,"['CUDAExecutionProvider', 'CPUExecutionProvider']",False,0,0,0,False,False,30,5,54.0,0.12475109100341797,70.0,1972.0,nvml
006807.png,MEDIUM,onnx_cuda,"['CUDAExecutionProvider', 'CPUExecutionProvider']",False,1,71,0,True,True,82,1,54.0,0.12475109100341797,70.0,2017.0,nvml
006808.png,MEDIUM,onnx_cuda,"['CUDAExecutionProvider', 'CPUExecutionProvider']",False,0,0,0,False,False,38,6,59.0,0.12475109100341797,70.0,2010.0,nvml
006809.png,MEDIUM,onnx_cuda,"['CUDAExecutionProvider', 'CPUExecutionProvider']",False,0,29,1,True,True,40,2,59.0,0.12475109100341797,70.0,2032.0,nvml
006810.png,MEDIUM,onnx_cuda,"['CUDAExecutionProvider', 'CPUExecutionProvider']",False,1,5,0,True,True,68,9,59.0,0.12475109100341797,70.0,2055.0,nvml
006811.png,MEDIUM,onnx_cuda,"['CUDAExecutionProvider', 'CPUExecutionProvider']",False,0,1,0,False,True,24,6,59.0,0.12475109100341797,70.0,2055.0,nvml
006812.png,MEDIUM,onnx_cuda,"['CUDAExecutionProvider', 'CPUExecutionProvider']",False,0,0,0,False,False,60,4,59.0,0.12475109100341797,70.0,1965.0,nvml
006813.png,MEDIUM,onnx_cuda,"['CUDAExecutionProvider', 'CPUExecutionProvider']",False,3,12,8,True,True,45,15,59.0,0.12475109100341797,70.0,2017.0,nvml
006814.png,MEDIUM,onnx_cuda,"['CUDAExecutionProvider', 'CPUExecutionProvider']",False,0,0,2,True,False,85,11,53.0,0.12475109100341797,70.0,2010.0,nvml
006815.png,MEDIUM,onnx_cuda,"['CUDAExecutionProvider', 'CPUExecutionProvider']",False,0,0,0,False,False,61,3,53.0,0.12475109100341797,70.0,2047.0,nvml
006816.png,MEDIUM,onnx_cuda,"['CUDAExecutionProvider', 'CPUExecutionProvider']",False,0,0,0,False,False,8,2,53.0,0.12475109100341797,70.0,2055.0,nvml
006817.png,MEDIUM,onnx_cuda,"['CUDAExecutionProvider', 'CPUExecutionProvider']",False,0,0,0,False,False,34,8,53.0,0.12475109100341797,70.0,2047.0,nvml
006818.png,MEDIUM,onnx_cuda,"['CUDAExecutionProvider', 'CPUExecutionProvider']",False,0,12,2,True,True,51,5,53.0,0.12475109100341797,70.0,1927.0,nvml
006819.png,MEDIUM,onnx_cuda,"['CUDAExecutionProvider', 'CPUExecutionProvider']",False,1,20,0,True,True,37,2,58.0,0.12475109100341797,70.0,1987.0,nvml
006820.png,MEDIUM,onnx_cuda,"['CUDAExecutionProvider', 'CPUExecutionProvider']",False,0,0,0,False,False,90,11,58.0,0.12475109100341797,70.0,1995.0,nvml
006821.png,MEDIUM,onnx_cuda,"['CUDAExecutionProvider', 'CPUExecutionProvider']",False,0,0,0,False,False,10,2,58.0,0.12475109100341797,70.0,2032.0,nvml
006822.png,MEDIUM,onnx_cuda,"['CUDAExecutionProvider', 'CPUExecutionProvider']",False,1,18,0,True,True,65,8,58.0,0.12475109100341797,70.0,2047.0,nvml
006823.png,MEDIUM,onnx_cuda,"['CUDAExecutionProvider', 'CPUExecutionProvider']",False,0,0,0,False,False,12,4,58.0,0.12475109100341797,70.0,1995.0,nvml
006824.png,MEDIUM,onnx_cuda,"['CUDAExecutionProvider', 'CPUExecutionProvider']",False,0,0,0,False,False,42,6,58.0,0.12475109100341797,70.0,1942.0,nvml
006825.png,MEDIUM,onnx_cuda,"['CUDAExecutionProvider', 'CPUExecutionProvider']",False,3,43,0,True,True,46,7,52.0,0.12475109100341797,70.0,2002.0,nvml
006826.png,MEDIUM,onnx_cuda,"['CUDAExecutionProvider', 'CPUExecutionProvider']",False,0,0,0,False,False,26,6,52.0,0.12475109100341797,70.0,1995.0,nvml
006827.png,MEDIUM,onnx_cuda,"['CUDAExecutionProvider', 'CPUExecutionProvider']",False,0,25,1,True,True,35,3,52.0,0.12475109100341797,70.0,2025.0,nvml
006828.png,MEDIUM,onnx_cuda,"['CUDAExecutionProvider', 'CPUExecutionProvider']",False,5,115,3,True,True,120,10,52.0,0.12475109100341797,70.0,2047.0,nvml
006829.png,MEDIUM,onnx_cuda,"['CUDAExecutionProvider', 'CPUExecutionProvider']",False,0,0,0,False,False,36,5,52.0,0.12475109100341797,70.0,2002.0,nvml
006830.png,MEDIUM,onnx_cuda,"['CUDAExecutionProvider', 'CPUExecutionProvider']",False,1,53,0,True,True,55,1,60.0,0.12475109100341797,70.0,2032.0,nvml
006831.png,MEDIUM,onnx_cuda,"['CUDAExecutionProvider', 'CPUExecutionProvider']",False,0,0,0,False,False,25,8,60.0,0.12475109100341797,70.0,1987.0,nvml
006832.png,MEDIUM,onnx_cuda,"['CUDAExecutionProvider', 'CPUExecutionProvider']",False,1,55,0,True,True,104,9,60.0,0.12475109100341797,70.0,2010.0,nvml
006833.png,MEDIUM,onnx_cuda,"['CUDAExecutionProvider', 'CPUExecutionProvider']",False,0,0,1,True,False,121,21,60.0,0.12475109100341797,70.0,2017.0,nvml
006834.png,MEDIUM,onnx_cuda,"['CUDAExecutionProvider', 'CPUExecutionProvider']",False,0,0,0,False,False,35,8,60.0,0.12475109100341797,70.0,2040.0,nvml
006835.png,MEDIUM,onnx_cuda,"['CUDAExecutionProvider', 'CPUExecutionProvider']",False,4,45,0,True,True,68,7,60.0,0.12475109100341797,70.0,2025.0,nvml
006836.png,MEDIUM,onnx_cuda,"['CUDAExecutionProvider', 'CPUExecutionProvider']",False,0,0,0,False,False,29,6,52.0,0.12475109100341797,70.0,1935.0,nvml
006837.png,MEDIUM,onnx_cuda,"['CUDAExecutionProvider', 'CPUExecutionProvider']",False,2,8,0,True,True,40,6,52.0,0.12475109100341797,70.0,1995.0,nvml
006838.png,MEDIUM,onnx_cuda,"['CUDAExecutionProvider', 'CPUExecutionProvider']",False,1,1,0,True,True,25,7,52.0,0.12475109100341797,70.0,2002.0,nvml
006839.png,MEDIUM,onnx_cuda,"['CUDAExecutionProvider', 'CPUExecutionProvider']",False,0,0,0,False,False,19,2,52.0,0.12475109100341797,70.0,2032.0,nvml
006840.png,MEDIUM,onnx_cuda,"['CUDAExecutionProvider', 'CPUExecutionProvider']",False,0,0,0,False,False,31,6,52.0,0.12475109100341797,70.0,2047.0,nvml
006841.png,MEDIUM,onnx_cuda,"['CUDAExecutionProvider', 'CPUExecutionProvider']",False,0,0,0,False,False,17,5,58.0,0.12475109100341797,70.0,1987.0,nvml
006842.png,MEDIUM,onnx_cuda,"['CUDAExecutionProvider', 'CPUExecutionProvider']",False,0,0,2,True,False,36,13,58.0,0.12475109100341797,70.0,2017.0,nvml
006843.png,MEDIUM,onnx_cuda,"['CUDAExecutionProvider', 'CPUExecutionProvider']",False,0,21,2,True,True,77,10,58.0,0.12475109100341797,70.0,1995.0,nvml
006844.png,MEDIUM,onnx_cuda,"['CUDAExecutionProvider', 'CPUExecutionProvider']",False,0,0,0,False,False,59,12,58.0,0.12475109100341797,70.0,2017.0,nvml
006845.png,MEDIUM,onnx_cuda,"['CUDAExecutionProvider', 'CPUExecutionProvider']",False,0,0,0,False,False,90,12,58.0,0.12475109100341797,70.0,2047.0,nvml
006846.png,MEDIUM,onnx_cuda,"['CUDAExecutionProvider', 'CPUExecutionProvider']",False,0,0,0,False,False,59,7,58.0,0.12475109100341797,70.0,2025.0,nvml
006847.png,MEDIUM,onnx_cuda,"['CUDAExecutionProvider', 'CPUExecutionProvider']",False,0,46,1,True,True,75,8,54.0,0.12475109100341797,70.0,1950.0,nvml
006848.png,MEDIUM,onnx_cuda,"['CUDAExecutionProvider', 'CPUExecutionProvider']",False,0,1,0,False,True,64,5,54.0,0.12475109100341797,70.0,2002.0,nvml
006849.png,MEDIUM,onnx_cuda,"['CUDAExecutionProvider', 'CPUExecutionProvider']",False,0,0,1,True,False,23,6,54.0,0.12475109100341797,70.0,1987.0,nvml
006850.png,MEDIUM,onnx_cuda,"['CUDAExecutionProvider', 'CPUExecutionProvider']",False,0,0,0,False,False,36,2,54.0,0.12475109100341797,70.0,2025.0,nvml
006851.png,MEDIUM,onnx_cuda,"['CUDAExecutionProvider', 'CPUExecutionProvider']",False,0,0,0,False,False,19,4,54.0,0.12475109100341797,70.0,2040.0,nvml
006852.png,MEDIUM,onnx_cuda,"['CUDAExecutionProvider', 'CPUExecutionProvider']",False,0,0,0,False,False,13,3,59.0,0.12475109100341797,70.0,1942.0,nvml
006853.png,MEDIUM,onnx_cuda,"['CUDAExecutionProvider', 'CPUExecutionProvider']",False,0,0,0,False,False,82,9,59.0,0.12475109100341797,70.0,1942.0,nvml
006854.png,MEDIUM,onnx_cuda,"['CUDAExecutionProvider', 'CPUExecutionProvider']",False,0,0,0,False,False,24,6,59.0,0.12475109100341797,70.0,2002.0,nvml
006855.png,MEDIUM,onnx_cuda,"['CUDAExecutionProvider', 'CPUExecutionProvider']",False,0,0,0,False,False,16,4,59.0,0.12475109100341797,70.0,2002.0,nvml
006856.png,MEDIUM,onnx_cuda,"['CUDAExecutionProvider', 'CPUExecutionProvider']",False,0,0,0,False,False,55,6,59.0,0.12475109100341797,70.0,2040.0,nvml
006857.png,MEDIUM,onnx_cuda,"['CUDAExecutionProvider', 'CPUExecutionProvider']",False,0,7,0,False,True,26,8,59.0,0.12475109100341797,70.0,2010.0,nvml
006858.png,MEDIUM,onnx_cuda,"['CUDAExecutionProvider', 'CPUExecutionProvider']",False,0,0,0,False,False,60,5,53.0,0.12475109100341797,70.0,2032.0,nvml
006859.png,MEDIUM,onnx_cuda,"['CUDAExecutionProvider', 'CPUExecutionProvider']",False,0,3,2,True,True,65,11,53.0,0.12475109100341797,70.0,1987.0,nvml
006860.png,MEDIUM,onnx_cuda,"['CUDAExecutionProvider', 'CPUExecutionProvider']",False,0,0,0,False,False,14,3,53.0,0.12475109100341797,70.0,2025.0,nvml
006861.png,MEDIUM,onnx_cuda,"['CUDAExecutionProvider', 'CPUExecutionProvider']",False,1,65,0,True,True,68,1,53.0,0.12475109100341797,70.0,2047.0,nvml
006862.png,MEDIUM,onnx_cuda,"['CUDAExecutionProvider', 'CPUExecutionProvider']",False,0,0,0,False,False,88,10,53.0,0.12475109100341797,70.0,2002.0,nvml
006863.png,MEDIUM,onnx_cuda,"['CUDAExecutionProvider', 'CPUExecutionProvider']",False,0,0,0,False,False,29,8,60.0,0.12475109100341797,70.0,2032.0,nvml
006864.png,MEDIUM,onnx_cuda,"['CUDAExecutionProvider', 'CPUExecutionProvider']",False,0,0,0,False,False,81,13,60.0,0.12475109100341797,70.0,1987.0,nvml
006865.png,MEDIUM,onnx_cuda,"['CUDAExecutionProvider', 'CPUExecutionProvider']",False,0,0,0,False,False,2,1,60.0,0.12475109100341797,70.0,2025.0,nvml
006866.png,MEDIUM,onnx_cuda,"['CUDAExecutionProvider', 'CPUExecutionProvider']",False,0,0,0,False,False,62,8,60.0,0.12475109100341797,70.0,2047.0,nvml
006867.png,MEDIUM,onnx_cuda,"['CUDAExecutionProvider', 'CPUExecutionProvider']",False,0,0,0,False,False,69,9,60.0,0.12475109100341797,70.0,2002.0,nvml
006868.png,MEDIUM,onnx_cuda,"['CUDAExecutionProvider', 'CPUExecutionProvider']",False,0,0,0,False,False,53,8,60.0,0.12475109100341797,70.0,1927.0,nvml
006869.png,MEDIUM,onnx_cuda,"['CUDAExecutionProvider', 'CPUExecutionProvider']",False,0,9,0,False,True,41,4,52.0,0.12475109100341797,70.0,1987.0,nvml
006870.png,MEDIUM,onnx_cuda,"['CUDAExecutionProvider', 'CPUExecutionProvider']",False,0,0,0,False,False,48,11,52.0,0.12475109100341797,70.0,1987.0,nvml
006871.png,MEDIUM,onnx_cuda,"['CUDAExecutionProvider', 'CPUExecutionProvider']",False,0,0,0,False,False,57,9,52.0,0.12475109100341797,70.0,2025.0,nvml
006872.png,MEDIUM,onnx_cuda,"['CUDAExecutionProvider', 'CPUExecutionProvider']",False,3,32,3,True,True,45,9,52.0,0.12475109100341797,71.0,2047.0,nvml
006873.png,MEDIUM,onnx_cuda,"['CUDAExecutionProvider', 'CPUExecutionProvider']",False,1,53,0,True,True,55,1,52.0,0.12475109100341797,71.0,1995.0,nvml
006874.png,MEDIUM,onnx_cuda,"['CUDAExecutionProvider', 'CPUExecutionProvider']",False,0,0,0,False,False,23,4,61.0,0.12475109100341797,71.0,1935.0,nvml
006875.png,MEDIUM,onnx_cuda,"['CUDAExecutionProvider', 'CPUExecutionProvider']",False,0,0,0,False,False,17,2,61.0,0.12475109100341797,71.0,1927.0,nvml
006876.png,MEDIUM,onnx_cuda,"['CUDAExecutionProvider', 'CPUExecutionProvider']",False,0,0,0,False,False,12,8,61.0,0.12475109100341797,71.0,1987.0,nvml
006877.png,MEDIUM,onnx_cuda,"['CUDAExecutionProvider', 'CPUExecutionProvider']",False,0,9,0,False,True,50,7,61.0,0.12475109100341797,71.0,2002.0,nvml
006878.png,MEDIUM,onnx_cuda,"['CUDAExecutionProvider', 'CPUExecutionProvider']",False,4,95,1,True,True,109,8,61.0,0.12475109100341797,71.0,2040.0,nvml
006879.png,MEDIUM,onnx_cuda,"['CUDAExecutionProvider', 'CPUExecutionProvider']",False,1,19,0,True,True,75,10,61.0,0.12475109100341797,71.0,2032.0,nvml
006880.png,MEDIUM,onnx_cuda,"['CUDAExecutionProvider', 'CPUExecutionProvider']",False,0,1,0,False,True,12,2,52.0,0.12475109100341797,71.0,1942.0,nvml
006881.png,MEDIUM,onnx_cuda,"['CUDAExecutionProvider', 'CPUExecutionProvider']",False,1,13,1,True,True,48,6,52.0,0.12475109100341797,71.0,2002.0,nvml
006882.png,MEDIUM,onnx_cuda,"['CUDAExecutionProvider', 'CPUExecutionProvider']",False,1,2,0,True,True,36,6,52.0,0.12475109100341797,71.0,2002.0,nvml
006883.png,MEDIUM,onnx_cuda,"['CUDAExecutionProvider', 'CPUExecutionProvider']",False,0,0,0,False,False,13,5,52.0,0.12475109100341797,71.0,2010.0,nvml
006884.png,MEDIUM,onnx_cuda,"['CUDAExecutionProvider', 'CPUExecutionProvider']",False,0,0,0,False,False,11,5,52.0,0.12475109100341797,71.0,2047.0,nvml
006885.png,MEDIUM,onnx_cuda,"['CUDAExecutionProvider', 'CPUExecutionProvider']",False,0,0,0,False,False,49,9,59.0,0.12475109100341797,71.0,1965.0,nvml
006886.png,MEDIUM,onnx_cuda,"['CUDAExecutionProvider', 'CPUExecutionProvider']",False,1,10,1,True,True,77,12,59.0,0.12475109100341797,71.0,2010.0,nvml
006887.png,MEDIUM,onnx_cuda,"['CUDAExecutionProvider', 'CPUExecutionProvider']",False,0,0,1,True,False,13,6,59.0,0.12475109100341797,71.0,1987.0,nvml
006888.png,MEDIUM,onnx_cuda,"['CUDAExecutionProvider', 'CPUExecutionProvider']",False,0,0,0,False,False,19,6,59.0,0.12475109100341797,71.0,2002.0,nvml
006889.png,MEDIUM,onnx_cuda,"['CUDAExecutionProvider', 'CPUExecutionProvider']",False,0,0,0,False,False,57,9,59.0,0.12475109100341797,71.0,2040.0,nvml
006890.png,MEDIUM,onnx_cuda,"['CUDAExecutionProvider', 'CPUExecutionProvider']",False,0,0,0,False,False,11,2,59.0,0.12475109100341797,71.0,2017.0,nvml
006891.png,MEDIUM,onnx_cuda,"['CUDAExecutionProvider', 'CPUExecutionProvider']",False,0,0,0,False,False,30,5,53.0,0.12475109100341797,71.0,1920.0,nvml
006892.png,MEDIUM,onnx_cuda,"['CUDAExecutionProvider', 'CPUExecutionProvider']",False,1,50,0,True,True,53,1,53.0,0.12475109100341797,71.0,1987.0,nvml
006893.png,MEDIUM,onnx_cuda,"['CUDAExecutionProvider', 'CPUExecutionProvider']",False,0,0,0,False,False,1,5,53.0,0.12475109100341797,71.0,2002.0,nvml
006894.png,MEDIUM,onnx_cuda,"['CUDAExecutionProvider', 'CPUExecutionProvider']",False,5,123,6,True,True,128,13,53.0,0.12475109100341797,71.0,2032.0,nvml
006895.png,MEDIUM,onnx_cuda,"['CUDAExecutionProvider', 'CPUExecutionProvider']",False,0,0,0,False,False,36,7,53.0,0.12475109100341797,71.0,2047.0,nvml
006896.png,MEDIUM,onnx_cuda,"['CUDAExecutionProvider', 'CPUExecutionProvider']",False,0,0,0,False,False,11,4,59.0,0.12475109100341797,71.0,1972.0,nvml
006897.png,MEDIUM,onnx_cuda,"['CUDAExecutionProvider', 'CPUExecutionProvider']",False,0,0,0,False,False,82,11,59.0,0.12475109100341797,71.0,2017.0,nvml
006898.png,MEDIUM,onnx_cuda,"['CUDAExecutionProvider', 'CPUExecutionProvider']",False,0,0,0,False,False,0,1,59.0,0.12475109100341797,70.0,2002.0,nvml
006899.png,MEDIUM,onnx_cuda,"['CUDAExecutionProvider', 'CPUExecutionProvider']",False,0,0,0,False,False,21,5,59.0,0.12475109100341797,70.0,2002.0,nvml
006900.png,MEDIUM,onnx_cuda,"['CUDAExecutionProvider', 'CPUExecutionProvider']",False,0,0,0,False,False,14,3,59.0,0.12475109100341797,70.0,2032.0,nvml
006901.png,MEDIUM,onnx_cuda,"['CUDAExecutionProvider', 'CPUExecutionProvider']",False,0,0,0,False,False,6,2,59.0,0.12475109100341797,70.0,2040.0,nvml
006902.png,MEDIUM,onnx_cuda,"['CUDAExecutionProvider', 'CPUExecutionProvider']",False,0,0,0,False,False,79,12,53.0,0.12475109100341797,70.0,1957.0,nvml
006903.png,MEDIUM,onnx_cuda,"['CUDAExecutionProvider', 'CPUExecutionProvider']",False,1,84,0,True,True,93,1,53.0,0.12475109100341797,70.0,2002.0,nvml
006904.png,MEDIUM,onnx_cuda,"['CUDAExecutionProvider', 'CPUExecutionProvider']",False,0,0,1,True,False,71,12,53.0,0.12475109100341797,70.0,1995.0,nvml
006905.png,MEDIUM,onnx_cuda,"['CUDAExecutionProvider', 'CPUExecutionProvider']",False,0,0,0,False,False,19,2,53.0,0.12475109100341797,70.0,2025.0,nvml
006906.png,MEDIUM,onnx_cuda,"['CUDAExecutionProvider', 'CPUExecutionProvider']",False,0,0,0,False,False,15,4,53.0,0.12475109100341797,70.0,2040.0,nvml
006907.png,MEDIUM,onnx_cuda,"['CUDAExecutionProvider', 'CPUExecutionProvider']",False,0,0,0,False,False,30,7,60.0,0.12475109100341797,70.0,1935.0,nvml
006908.png,MEDIUM,onnx_cuda,"['CUDAExecutionProvider', 'CPUExecutionProvider']",False,5,75,3,True,True,107,10,60.0,0.12475109100341797,70.0,1995.0,nvml
006909.png,MEDIUM,onnx_cuda,"['CUDAExecutionProvider', 'CPUExecutionProvider']",False,0,11,0,False,True,54,6,60.0,0.12475109100341797,70.0,2002.0,nvml
006910.png,MEDIUM,onnx_cuda,"['CUDAExecutionProvider', 'CPUExecutionProvider']",False,2,28,0,True,True,78,11,60.0,0.12475109100341797,70.0,2002.0,nvml
006911.png,MEDIUM,onnx_cuda,"['CUDAExecutionProvider', 'CPUExecutionProvider']",False,1,9,0,True,True,62,11,60.0,0.12475109100341797,70.0,1920.0,nvml
006912.png,MEDIUM,onnx_cuda,"['CUDAExecutionProvider', 'CPUExecutionProvider']",False,0,21,1,True,True,39,6,60.0,0.12475109100341797,70.0,1987.0,nvml
006913.png,MEDIUM,onnx_cuda,"['CUDAExecutionProvider', 'CPUExecutionProvider']",False,0,0,0,False,False,14,7,53.0,0.12475109100341797,70.0,1987.0,nvml
006914.png,MEDIUM,onnx_cuda,"['CUDAExecutionProvider', 'CPUExecutionProvider']",False,0,0,0,False,False,40,4,53.0,0.12475109100341797,70.0,2010.0,nvml
006915.png,MEDIUM,onnx_cuda,"['CUDAExecutionProvider', 'CPUExecutionProvider']",False,0,0,0,False,False,46,3,53.0,0.12475109100341797,70.0,2040.0,nvml
006916.png,MEDIUM,onnx_cuda,"['CUDAExecutionProvider', 'CPUExecutionProvider']",False,1,28,1,True,True,49,4,53.0,0.12475109100341797,70.0,2010.0,nvml
006917.png,MEDIUM,onnx_cuda,"['CUDAExecutionProvider', 'CPUExecutionProvider']",False,0,0,0,False,False,52,7,53.0,0.12475109100341797,70.0,1927.0,nvml
006918.png,MEDIUM,onnx_cuda,"['CUDAExecutionProvider', 'CPUExecutionProvider']",False,0,0,0,False,False,13,3,56.0,0.12475109100341797,70.0,1987.0,nvml
006919.png,MEDIUM,onnx_cuda,"['CUDAExecutionProvider', 'CPUExecutionProvider']",False,3,28,0,True,True,52,9,56.0,0.12475109100341797,70.0,2002.0,nvml
006920.png,MEDIUM,onnx_cuda,"['CUDAExecutionProvider', 'CPUExecutionProvider']",False,0,0,0,False,False,52,8,56.0,0.12475109100341797,70.0,2032.0,nvml
006921.png,MEDIUM,onnx_cuda,"['CUDAExecutionProvider', 'CPUExecutionProvider']",False,0,0,0,False,False,5,3,56.0,0.12475109100341797,70.0,2047.0,nvml
006922.png,MEDIUM,onnx_cuda,"['CUDAExecutionProvider', 'CPUExecutionProvider']",False,0,0,0,False,False,80,12,56.0,0.12475109100341797,70.0,1965.0,nvml
006923.png,MEDIUM,onnx_cuda,"['CUDAExecutionProvider', 'CPUExecutionProvider']",False,1,7,0,True,True,48,6,56.0,0.12475109100341797,70.0,2010.0,nvml
006924.png,MEDIUM,onnx_cuda,"['CUDAExecutionProvider', 'CPUExecutionProvider']",False,0,0,0,False,False,2,3,56.0,0.12475109100341797,70.0,2002.0,nvml
006925.png,MEDIUM,onnx_cuda,"['CUDAExecutionProvider', 'CPUExecutionProvider']",False,5,68,3,True,True,90,11,56.0,0.12475109100341797,70.0,2002.0,nvml
006926.png,MEDIUM,onnx_cuda,"['CUDAExecutionProvider', 'CPUExecutionProvider']",False,1,8,1,True,True,131,17,56.0,0.12475109100341797,70.0,2032.0,nvml
006927.png,MEDIUM,onnx_cuda,"['CUDAExecutionProvider', 'CPUExecutionProvider']",False,0,0,0,False,False,58,10,56.0,0.12475109100341797,70.0,2047.0,nvml
006928.png,MEDIUM,onnx_cuda,"['CUDAExecutionProvider', 'CPUExecutionProvider']",False,0,0,0,False,False,60,9,56.0,0.12475109100341797,70.0,1972.0,nvml
006929.png,MEDIUM,onnx_cuda,"['CUDAExecutionProvider', 'CPUExecutionProvider']",False,0,0,1,True,False,59,12,56.0,0.12475109100341797,70.0,2017.0,nvml
006930.png,MEDIUM,onnx_cuda,"['CUDAExecutionProvider', 'CPUExecutionProvider']",False,0,0,0,False,False,10,2,56.0,0.12475109100341797,70.0,2002.0,nvml
006931.png,MEDIUM,onnx_cuda,"['CUDAExecutionProvider', 'CPUExecutionProvider']",False,0,0,0,False,False,2,1,56.0,0.12475109100341797,70.0,2032.0,nvml
006932.png,MEDIUM,onnx_cuda,"['CUDAExecutionProvider', 'CPUExecutionProvider']",False,1,9,0,True,True,129,17,56.0,0.12475109100341797,70.0,2040.0,nvml
006933.png,MEDIUM,onnx_cuda,"['CUDAExecutionProvider', 'CPUExecutionProvider']",False,0,0,0,False,False,36,4,56.0,0.12475109100341797,70.0,1950.0,nvml
006934.png,MEDIUM,onnx_cuda,"['CUDAExecutionProvider', 'CPUExecutionProvider']",False,0,0,0,False,False,8,2,56.0,0.12475109100341797,70.0,2002.0,nvml
006935.png,MEDIUM,onnx_cuda,"['CUDAExecutionProvider', 'CPUExecutionProvider']",False,3,38,0,True,True,46,3,56.0,0.12475109100341797,70.0,2002.0,nvml
006936.png,MEDIUM,onnx_cuda,"['CUDAExecutionProvider', 'CPUExecutionProvider']",False,0,0,0,False,False,57,8,56.0,0.12475109100341797,70.0,2010.0,nvml
006937.png,MEDIUM,onnx_cuda,"['CUDAExecutionProvider', 'CPUExecutionProvider']",False,6,95,2,True,True,120,13,56.0,0.12475109100341797,71.0,2040.0,nvml
006938.png,MEDIUM,onnx_cuda,"['CUDAExecutionProvider', 'CPUExecutionProvider']",False,0,0,0,False,False,21,3,56.0,0.12475109100341797,71.0,2047.0,nvml
006939.png,MEDIUM,onnx_cuda,"['CUDAExecutionProvider', 'CPUExecutionProvider']",False,0,0,0,False,False,62,6,56.0,0.12475109100341797,71.0,1972.0,nvml
006940.png,MEDIUM,onnx_cuda,"['CUDAExecutionProvider', 'CPUExecutionProvider']",False,0,0,0,False,False,27,3,56.0,0.12475109100341797,71.0,2017.0,nvml
006941.png,MEDIUM,onnx_cuda,"['CUDAExecutionProvider', 'CPUExecutionProvider']",False,1,45,0,True,True,46,1,56.0,0.12475109100341797,71.0,2002.0,nvml
006942.png,MEDIUM,onnx_cuda,"['CUDAExecutionProvider', 'CPUExecutionProvider']",False,1,5,0,True,True,101,15,56.0,0.12475109100341797,71.0,2032.0,nvml
006943.png,MEDIUM,onnx_cuda,"['CUDAExecutionProvider', 'CPUExecutionProvider']",False,0,0,0,False,False,66,8,56.0,0.12475109100341797,71.0,2047.0,nvml
006944.png,MEDIUM,onnx_cuda,"['CUDAExecutionProvider', 'CPUExecutionProvider']",False,0,0,0,False,False,39,10,56.0,0.12475109100341797,71.0,1987.0,nvml
006945.png,MEDIUM,onnx_cuda,"['CUDAExecutionProvider', 'CPUExecutionProvider']",False,0,0,0,False,False,59,7,56.0,0.12475109100341797,71.0,2017.0,nvml
006946.png,MEDIUM,onnx_cuda,"['CUDAExecutionProvider', 'CPUExecutionProvider']",False,0,0,0,False,False,22,7,56.0,0.12475109100341797,71.0,2002.0,nvml
006947.png,MEDIUM,onnx_cuda,"['CUDAExecutionProvider', 'CPUExecutionProvider']",False,0,2,0,False,True,12,3,56.0,0.12475109100341797,71.0,2032.0,nvml
006948.png,MEDIUM,onnx_cuda,"['CUDAExecutionProvider', 'CPUExecutionProvider']",False,0,0,0,False,False,60,15,56.0,0.12475109100341797,71.0,2047.0,nvml
006949.png,MEDIUM,onnx_cuda,"['CUDAExecutionProvider', 'CPUExecutionProvider']",False,0,0,0,False,False,21,3,56.0,0.12475109100341797,71.0,1987.0,nvml
006950.png,MEDIUM,onnx_cuda,"['CUDAExecutionProvider', 'CPUExecutionProvider']",False,0,0,0,False,False,53,12,56.0,0.12475109100341797,71.0,1942.0,nvml
006951.png,MEDIUM,onnx_cuda,"['CUDAExecutionProvider', 'CPUExecutionProvider']",False,1,58,0,True,True,60,1,57.0,0.12475109100341797,71.0,2002.0,nvml
006952.png,MEDIUM,onnx_cuda,"['CUDAExecutionProvider', 'CPUExecutionProvider']",False,1,4,0,True,True,99,15,57.0,0.12475109100341797,71.0,1987.0,nvml
006953.png,MEDIUM,onnx_cuda,"['CUDAExecutionProvider', 'CPUExecutionProvider']",False,0,0,0,False,False,82,11,57.0,0.12475109100341797,71.0,2025.0,nvml
006954.png,MEDIUM,onnx_cuda,"['CUDAExecutionProvider', 'CPUExecutionProvider']",False,0,0,0,False,False,23,8,57.0,0.12475109100341797,71.0,2047.0,nvml
006955.png,MEDIUM,onnx_cuda,"['CUDAExecutionProvider', 'CPUExecutionProvider']",False,1,50,0,True,True,51,1,57.0,0.12475109100341797,71.0,1995.0,nvml
006956.png,MEDIUM,onnx_cuda,"['CUDAExecutionProvider', 'CPUExecutionProvider']",False,0,0,0,False,False,43,8,57.0,0.12475109100341797,71.0,2025.0,nvml
006957.png,MEDIUM,onnx_cuda,"['CUDAExecutionProvider', 'CPUExecutionProvider']",False,3,17,1,True,True,62,9,56.0,0.12475109100341797,71.0,1995.0,nvml
006958.png,MEDIUM,onnx_cuda,"['CUDAExecutionProvider', 'CPUExecutionProvider']",False,0,0,0,False,False,49,12,56.0,0.12475109100341797,71.0,2025.0,nvml
006959.png,MEDIUM,onnx_cuda,"['CUDAExecutionProvider', 'CPUExecutionProvider']",False,0,0,0,False,False,35,5,56.0,0.12475109100341797,71.0,2047.0,nvml
006960.png,MEDIUM,onnx_cuda,"['CUDAExecutionProvider', 'CPUExecutionProvider']",False,0,0,0,False,False,51,13,56.0,0.12475109100341797,71.0,1995.0,nvml
006961.png,MEDIUM,onnx_cuda,"['CUDAExecutionProvider', 'CPUExecutionProvider']",False,0,0,0,False,False,58,8,56.0,0.12475109100341797,71.0,2025.0,nvml
006962.png,MEDIUM,onnx_cuda,"['CUDAExecutionProvider', 'CPUExecutionProvider']",False,0,0,2,True,False,9,6,56.0,0.12475109100341797,71.0,2047.0,nvml
006963.png,MEDIUM,onnx_cuda,"['CUDAExecutionProvider', 'CPUExecutionProvider']",False,0,0,0,False,False,26,7,56.0,0.12475109100341797,70.0,1995.0,nvml
006964.png,MEDIUM,onnx_cuda,"['CUDAExecutionProvider', 'CPUExecutionProvider']",False,0,0,0,False,False,16,6,56.0,0.12475109100341797,70.0,2017.0,nvml
006965.png,MEDIUM,onnx_cuda,"['CUDAExecutionProvider', 'CPUExecutionProvider']",False,0,0,0,False,False,33,2,56.0,0.12475109100341797,70.0,2047.0,nvml
006966.png,MEDIUM,onnx_cuda,"['CUDAExecutionProvider', 'CPUExecutionProvider']",False,0,0,0,False,False,5,3,56.0,0.12475109100341797,70.0,2002.0,nvml
006967.png,MEDIUM,onnx_cuda,"['CUDAExecutionProvider', 'CPUExecutionProvider']",False,0,0,0,False,False,30,10,56.0,0.12475109100341797,70.0,1935.0,nvml
006968.png,MEDIUM,onnx_cuda,"['CUDAExecutionProvider', 'CPUExecutionProvider']",False,1,19,0,True,True,64,9,57.0,0.12475109100341797,70.0,1995.0,nvml
006969.png,MEDIUM,onnx_cuda,"['CUDAExecutionProvider', 'CPUExecutionProvider']",False,3,20,0,True,True,23,7,57.0,0.12475109100341797,70.0,1995.0,nvml
006970.png,MEDIUM,onnx_cuda,"['CUDAExecutionProvider', 'CPUExecutionProvider']",False,0,15,0,False,True,66,8,57.0,0.12475109100341797,70.0,2025.0,nvml
006971.png,MEDIUM,onnx_cuda,"['CUDAExecutionProvider', 'CPUExecutionProvider']",False,4,24,0,True,True,31,9,57.0,0.12475109100341797,70.0,2047.0,nvml
006972.png,MEDIUM,onnx_cuda,"['CUDAExecutionProvider', 'CPUExecutionProvider']",False,0,0,0,False,False,50,5,57.0,0.12475109100341797,70.0,2002.0,nvml
006973.png,MEDIUM,onnx_cuda,"['CUDAExecutionProvider', 'CPUExecutionProvider']",False,0,0,0,False,False,32,8,56.0,0.12475109100341797,70.0,2032.0,nvml
006974.png,MEDIUM,onnx_cuda,"['CUDAExecutionProvider', 'CPUExecutionProvider']",False,0,0,0,False,False,32,3,56.0,0.12475109100341797,70.0,1987.0,nvml
006975.png,MEDIUM,onnx_cuda,"['CUDAExecutionProvider', 'CPUExecutionProvider']",False,0,0,0,False,False,21,7,56.0,0.12475109100341797,70.0,2025.0,nvml
006976.png,MEDIUM,onnx_cuda,"['CUDAExecutionProvider', 'CPUExecutionProvider']",False,0,0,0,False,False,0,4,56.0,0.12475109100341797,71.0,2047.0,nvml
006977.png,MEDIUM,onnx_cuda,"['CUDAExecutionProvider', 'CPUExecutionProvider']",False,0,0,0,False,False,4,2,56.0,0.12475109100341797,71.0,1987.0,nvml
006978.png,MEDIUM,onnx_cuda,"['CUDAExecutionProvider', 'CPUExecutionProvider']",False,0,0,0,False,False,51,7,56.0,0.12475109100341797,71.0,2017.0,nvml
006979.png,MEDIUM,onnx_cuda,"['CUDAExecutionProvider', 'CPUExecutionProvider']",False,0,0,0,False,False,58,8,57.0,0.12475109100341797,71.0,2002.0,nvml
006980.png,MEDIUM,onnx_cuda,"['CUDAExecutionProvider', 'CPUExecutionProvider']",False,9,93,3,True,True,131,16,57.0,0.12475109100341797,71.0,2002.0,nvml
006981.png,MEDIUM,onnx_cuda,"['CUDAExecutionProvider', 'CPUExecutionProvider']",False,0,0,0,False,False,9,2,57.0,0.12475109100341797,71.0,2032.0,nvml
006982.png,MEDIUM,onnx_cuda,"['CUDAExecutionProvider', 'CPUExecutionProvider']",False,0,0,0,False,False,48,7,57.0,0.12475109100341797,71.0,2047.0,nvml
006983.png,MEDIUM,onnx_cuda,"['CUDAExecutionProvider', 'CPUExecutionProvider']",False,0,0,0,False,False,48,9,57.0,0.12475109100341797,71.0,1965.0,nvml
006984.png,MEDIUM,onnx_cuda,"['CUDAExecutionProvider', 'CPUExecutionProvider']",False,0,9,0,False,True,59,8,56.0,0.12475109100341797,71.0,2010.0,nvml
006985.png,MEDIUM,onnx_cuda,"['CUDAExecutionProvider', 'CPUExecutionProvider']",False,1,9,0,True,True,40,9,56.0,0.12475109100341797,71.0,2002.0,nvml
006986.png,MEDIUM,onnx_cuda,"['CUDAExecutionProvider', 'CPUExecutionProvider']",False,0,0,0,False,False,1,3,56.0,0.12475109100341797,71.0,2032.0,nvml
006987.png,MEDIUM,onnx_cuda,"['CUDAExecutionProvider', 'CPUExecutionProvider']",False,0,0,0,False,False,43,8,56.0,0.12475109100341797,71.0,2040.0,nvml
006988.png,MEDIUM,onnx_cuda,"['CUDAExecutionProvider', 'CPUExecutionProvider']",False,0,0,0,False,False,20,2,56.0,0.12475109100341797,71.0,1942.0,nvml
006989.png,MEDIUM,onnx_cuda,"['CUDAExecutionProvider', 'CPUExecutionProvider']",False,0,0,0,False,False,31,7,56.0,0.12475109100341797,71.0,1942.0,nvml
006990.png,MEDIUM,onnx_cuda,"['CUDAExecutionProvider', 'CPUExecutionProvider']",False,0,2,0,False,True,55,7,56.0,0.12475109100341797,71.0,1920.0,nvml
006991.png,MEDIUM,onnx_cuda,"['CUDAExecutionProvider', 'CPUExecutionProvider']",False,0,0,0,False,False,58,7,56.0,0.12475109100341797,71.0,1987.0,nvml
006992.png,MEDIUM,onnx_cuda,"['CUDAExecutionProvider', 'CPUExecutionProvider']",False,0,0,0,False,False,103,14,56.0,0.12475109100341797,71.0,1995.0,nvml
006993.png,MEDIUM,onnx_cuda,"['CUDAExecutionProvider', 'CPUExecutionProvider']",False,0,8,0,False,True,59,8,56.0,0.12475109100341797,71.0,2032.0,nvml
006994.png,MEDIUM,onnx_cuda,"['CUDAExecutionProvider', 'CPUExecutionProvider']",False,1,6,2,True,True,12,5,56.0,0.12475109100341797,71.0,2047.0,nvml
006995.png,MEDIUM,onnx_cuda,"['CUDAExecutionProvider', 'CPUExecutionProvider']",False,0,0,0,False,False,60,7,55.0,0.12475109100341797,71.0,1957.0,nvml
006996.png,MEDIUM,onnx_cuda,"['CUDAExecutionProvider', 'CPUExecutionProvider']",False,0,0,0,False,False,31,5,55.0,0.12475109100341797,71.0,2002.0,nvml
006997.png,MEDIUM,onnx_cuda,"['CUDAExecutionProvider', 'CPUExecutionProvider']",False,2,31,0,True,True,58,9,55.0,0.12475109100341797,71.0,2002.0,nvml
006998.png,MEDIUM,onnx_cuda,"['CUDAExecutionProvider', 'CPUExecutionProvider']",False,0,0,0,False,False,43,6,55.0,0.12475109100341797,71.0,2032.0,nvml
006999.png,MEDIUM,onnx_cuda,"['CUDAExecutionProvider', 'CPUExecutionProvider']",False,0,0,0,False,False,12,4,55.0,0.12475109100341797,71.0,2032.0,nvml
007000.png,MEDIUM,onnx_cuda,"['CUDAExecutionProvider', 'CPUExecutionProvider']",False,0,20,2,True,True,74,11,55.0,0.12475109100341797,71.0,1950.0,nvml
007001.png,MEDIUM,onnx_cuda,"['CUDAExecutionProvider', 'CPUExecutionProvider']",False,0,0,0,False,False,11,6,58.0,0.12475109100341797,71.0,2002.0,nvml
007002.png,MEDIUM,onnx_cuda,"['CUDAExecutionProvider', 'CPUExecutionProvider']",False,0,0,0,False,False,21,3,58.0,0.12475109100341797,71.0,1987.0,nvml
007003.png,MEDIUM,onnx_cuda,"['CUDAExecutionProvider', 'CPUExecutionProvider']",False,0,0,0,False,False,82,10,58.0,0.12475109100341797,71.0,2025.0,nvml
007004.png,MEDIUM,onnx_cuda,"['CUDAExecutionProvider', 'CPUExecutionProvider']",False,2,14,0,True,True,42,7,58.0,0.12475109100341797,71.0,2047.0,nvml
007005.png,MEDIUM,onnx_cuda,"['CUDAExecutionProvider', 'CPUExecutionProvider']",False,0,0,0,False,False,75,9,58.0,0.12475109100341797,71.0,2010.0,nvml
007006.png,MEDIUM,onnx_cuda,"['CUDAExecutionProvider', 'CPUExecutionProvider']",False,0,0,1,True,False,25,5,55.0,0.12475109100341797,71.0,2032.0,nvml
007007.png,MEDIUM,onnx_cuda,"['CUDAExecutionProvider', 'CPUExecutionProvider']",False,0,9,0,False,True,59,9,55.0,0.12475109100341797,71.0,1987.0,nvml
007008.png,MEDIUM,onnx_cuda,"['CUDAExecutionProvider', 'CPUExecutionProvider']",False,0,0,0,False,False,15,4,55.0,0.12475109100341797,71.0,2002.0,nvml
007009.png,MEDIUM,onnx_cuda,"['CUDAExecutionProvider', 'CPUExecutionProvider']",False,0,0,0,False,False,7,2,55.0,0.12475109100341797,71.0,2040.0,nvml
007010.png,MEDIUM,onnx_cuda,"['CUDAExecutionProvider', 'CPUExecutionProvider']",False,0,0,0,False,False,32,5,55.0,0.12475109100341797,71.0,2002.0,nvml
007011.png,MEDIUM,onnx_cuda,"['CUDAExecutionProvider', 'CPUExecutionProvider']",False,0,0,0,False,False,85,11,55.0,0.12475109100341797,71.0,2032.0,nvml
007012.png,MEDIUM,onnx_cuda,"['CUDAExecutionProvider', 'CPUExecutionProvider']",False,0,0,0,False,False,35,8,57.0,0.12475109100341797,71.0,1987.0,nvml
007013.png,MEDIUM,onnx_cuda,"['CUDAExecutionProvider', 'CPUExecutionProvider']",False,0,0,0,False,False,58,14,57.0,0.12475109100341797,71.0,2010.0,nvml
007014.png,MEDIUM,onnx_cuda,"['CUDAExecutionProvider', 'CPUExecutionProvider']",False,0,0,0,False,False,57,14,57.0,0.12475109100341797,71.0,2040.0,nvml
007015.png,MEDIUM,onnx_cuda,"['CUDAExecutionProvider', 'CPUExecutionProvider']",False,0,0,0,False,False,51,13,57.0,0.12475109100341797,71.0,2040.0,nvml
007016.png,MEDIUM,onnx_cuda,"['CUDAExecutionProvider', 'CPUExecutionProvider']",False,3,56,1,True,True,124,11,57.0,0.12475109100341797,71.0,1965.0,nvml
007017.png,MEDIUM,onnx_cuda,"['CUDAExecutionProvider', 'CPUExecutionProvider']",False,1,55,0,True,True,63,1,56.0,0.12475109100341797,71.0,2010.0,nvml
007018.png,MEDIUM,onnx_cuda,"['CUDAExecutionProvider', 'CPUExecutionProvider']",False,4,60,2,True,True,94,9,56.0,0.12475109100341797,71.0,1987.0,nvml
007019.png,MEDIUM,onnx_cuda,"['CUDAExecutionProvider', 'CPUExecutionProvider']",False,0,0,0,False,False,59,11,56.0,0.12475109100341797,71.0,2010.0,nvml
007020.png,MEDIUM,onnx_cuda,"['CUDAExecutionProvider', 'CPUExecutionProvider']",False,0,0,0,False,False,45,8,56.0,0.12475109100341797,71.0,2040.0,nvml
007021.png,MEDIUM,onnx_cuda,"['CUDAExecutionProvider', 'CPUExecutionProvider']",False,2,9,1,True,True,51,10,56.0,0.12475109100341797,71.0,2040.0,nvml
007022.png,MEDIUM,onnx_cuda,"['CUDAExecutionProvider', 'CPUExecutionProvider']",False,0,0,0,False,False,37,7,56.0,0.12475109100341797,71.0,1935.0,nvml
007023.png,MEDIUM,onnx_cuda,"['CUDAExecutionProvider', 'CPUExecutionProvider']",False,1,76,0,True,True,77,1,57.0,0.12475109100341797,71.0,1995.0,nvml
007024.png,MEDIUM,onnx_cuda,"['CUDAExecutionProvider', 'CPUExecutionProvider']",False,0,0,0,False,False,15,2,57.0,0.12475109100341797,71.0,1987.0,nvml
007025.png,MEDIUM,onnx_cuda,"['CUDAExecutionProvider', 'CPUExecutionProvider']",False,0,0,0,False,False,19,3,57.0,0.12475109100341797,71.0,2025.0,nvml
007026.png,MEDIUM,onnx_cuda,"['CUDAExecutionProvider', 'CPUExecutionProvider']",False,0,0,0,False,False,76,12,57.0,0.12475109100341797,71.0,2047.0,nvml
007027.png,MEDIUM,onnx_cuda,"['CUDAExecutionProvider', 'CPUExecutionProvider']",False,0,0,0,False,False,64,7,57.0,0.12475109100341797,71.0,1965.0,nvml
007028.png,MEDIUM,onnx_cuda,"['CUDAExecutionProvider', 'CPUExecutionProvider']",False,0,0,0,False,False,38,7,56.0,0.12475109100341797,71.0,1927.0,nvml
007029.png,MEDIUM,onnx_cuda,"['CUDAExecutionProvider', 'CPUExecutionProvider']",False,0,0,0,False,False,40,7,56.0,0.12475109100341797,71.0,1927.0,nvml
007030.png,MEDIUM,onnx_cuda,"['CUDAExecutionProvider', 'CPUExecutionProvider']",False,0,0,0,False,False,12,3,56.0,0.12475109100341797,71.0,1987.0,nvml
007031.png,MEDIUM,onnx_cuda,"['CUDAExecutionProvider', 'CPUExecutionProvider']",False,0,0,0,False,False,44,12,56.0,0.12475109100341797,71.0,1987.0,nvml
007032.png,MEDIUM,onnx_cuda,"['CUDAExecutionProvider', 'CPUExecutionProvider']",False,0,0,0,False,False,41,7,56.0,0.12475109100341797,71.0,2002.0,nvml
007033.png,MEDIUM,onnx_cuda,"['CUDAExecutionProvider', 'CPUExecutionProvider']",False,0,0,1,True,False,49,8,56.0,0.12475109100341797,71.0,2032.0,nvml
007034.png,MEDIUM,onnx_cuda,"['CUDAExecutionProvider', 'CPUExecutionProvider']",False,0,0,1,True,False,39,5,56.0,0.12475109100341797,71.0,2025.0,nvml
007035.png,MEDIUM,onnx_cuda,"['CUDAExecutionProvider', 'CPUExecutionProvider']",False,0,0,0,False,False,34,11,56.0,0.12475109100341797,71.0,1942.0,nvml
007036.png,MEDIUM,onnx_cuda,"['CUDAExecutionProvider', 'CPUExecutionProvider']",False,1,54,0,True,True,59,1,56.0,0.12475109100341797,71.0,2002.0,nvml
007037.png,MEDIUM,onnx_cuda,"['CUDAExecutionProvider', 'CPUExecutionProvider']",False,0,0,0,False,False,30,3,56.0,0.12475109100341797,71.0,1995.0,nvml
007038.png,MEDIUM,onnx_cuda,"['CUDAExecutionProvider', 'CPUExecutionProvider']",False,0,11,0,False,True,37,4,56.0,0.12475109100341797,71.0,2025.0,nvml
007039.png,MEDIUM,onnx_cuda,"['CUDAExecutionProvider', 'CPUExecutionProvider']",False,0,0,0,False,False,56,10,53.0,0.12475109100341797,71.0,2040.0,nvml
007040.png,MEDIUM,onnx_cuda,"['CUDAExecutionProvider', 'CPUExecutionProvider']",False,0,0,0,False,False,0,1,53.0,0.12475109100341797,71.0,1957.0,nvml
007041.png,MEDIUM,onnx_cuda,"['CUDAExecutionProvider', 'CPUExecutionProvider']",False,0,1,0,False,True,53,8,53.0,0.12475109100341797,71.0,1935.0,nvml
007042.png,MEDIUM,onnx_cuda,"['CUDAExecutionProvider', 'CPUExecutionProvider']",False,0,0,0,False,False,43,10,53.0,0.12475109100341797,71.0,1927.0,nvml
007043.png,MEDIUM,onnx_cuda,"['CUDAExecutionProvider', 'CPUExecutionProvider']",False,0,0,0,False,False,84,8,53.0,0.12475109100341797,71.0,1987.0,nvml
007044.png,MEDIUM,onnx_cuda,"['CUDAExecutionProvider', 'CPUExecutionProvider']",False,0,0,0,False,False,20,5,57.0,0.12475109100341797,71.0,1987.0,nvml
007045.png,MEDIUM,onnx_cuda,"['CUDAExecutionProvider', 'CPUExecutionProvider']",False,2,17,1,True,True,53,11,57.0,0.12475109100341797,71.0,2025.0,nvml
007046.png,MEDIUM,onnx_cuda,"['CUDAExecutionProvider', 'CPUExecutionProvider']",False,0,0,1,True,False,98,15,57.0,0.12475109100341797,71.0,2047.0,nvml
007047.png,MEDIUM,onnx_cuda,"['CUDAExecutionProvider', 'CPUExecutionProvider']",False,0,0,0,False,False,56,11,57.0,0.12475109100341797,71.0,1995.0,nvml
007048.png,MEDIUM,onnx_cuda,"['CUDAExecutionProvider', 'CPUExecutionProvider']",False,0,0,0,False,False,18,3,57.0,0.12475109100341797,71.0,2025.0,nvml
007049.png,MEDIUM,onnx_cuda,"['CUDAExecutionProvider', 'CPUExecutionProvider']",False,1,5,0,True,True,29,4,57.0,0.12475109100341797,71.0,1995.0,nvml
007050.png,MEDIUM,onnx_cuda,"['CUDAExecutionProvider', 'CPUExecutionProvider']",False,0,0,0,False,False,33,9,55.0,0.12475109100341797,71.0,2025.0,nvml
007051.png,MEDIUM,onnx_cuda,"['CUDAExecutionProvider', 'CPUExecutionProvider']",False,0,0,0,False,False,64,10,55.0,0.12475109100341797,71.0,2032.0,nvml
007052.png,MEDIUM,onnx_cuda,"['CUDAExecutionProvider', 'CPUExecutionProvider']",False,0,0,1,True,False,28,10,55.0,0.12475109100341797,71.0,1942.0,nvml
007053.png,MEDIUM,onnx_cuda,"['CUDAExecutionProvider', 'CPUExecutionProvider']",False,2,22,0,True,True,53,8,55.0,0.12475109100341797,71.0,2002.0,nvml
007054.png,MEDIUM,onnx_cuda,"['CUDAExecutionProvider', 'CPUExecutionProvider']",False,0,0,0,False,False,17,4,55.0,0.12475109100341797,71.0,1987.0,nvml
007055.png,MEDIUM,onnx_cuda,"['CUDAExecutionProvider', 'CPUExecutionProvider']",False,0,0,0,False,False,11,5,59.0,0.12475109100341797,71.0,2025.0,nvml
007056.png,MEDIUM,onnx_cuda,"['CUDAExecutionProvider', 'CPUExecutionProvider']",False,0,0,1,True,False,36,10,59.0,0.12475109100341797,71.0,2047.0,nvml
007057.png,MEDIUM,onnx_cuda,"['CUDAExecutionProvider', 'CPUExecutionProvider']",False,0,0,0,False,False,1,4,59.0,0.12475109100341797,71.0,2047.0,nvml
007058.png,MEDIUM,onnx_cuda,"['CUDAExecutionProvider', 'CPUExecutionProvider']",False,0,4,0,False,True,15,5,59.0,0.12475109100341797,71.0,1957.0,nvml
007059.png,MEDIUM,onnx_cuda,"['CUDAExecutionProvider', 'CPUExecutionProvider']",False,0,0,0,False,False,51,6,59.0,0.12475109100341797,71.0,2002.0,nvml
007060.png,MEDIUM,onnx_cuda,"['CUDAExecutionProvider', 'CPUExecutionProvider']",False,0,0,0,False,False,41,6,59.0,0.12475109100341797,71.0,1987.0,nvml
007061.png,MEDIUM,onnx_cuda,"['CUDAExecutionProvider', 'CPUExecutionProvider']",False,0,0,0,False,False,38,7,53.0,0.12475109100341797,71.0,2025.0,nvml
007062.png,MEDIUM,onnx_cuda,"['CUDAExecutionProvider', 'CPUExecutionProvider']",False,0,0,0,False,False,10,4,53.0,0.12475109100341797,71.0,2040.0,nvml
007063.png,MEDIUM,onnx_cuda,"['CUDAExecutionProvider', 'CPUExecutionProvider']",False,0,0,0,False,False,39,5,53.0,0.12475109100341797,71.0,1965.0,nvml
007064.png,MEDIUM,onnx_cuda,"['CUDAExecutionProvider', 'CPUExecutionProvider']",False,0,0,0,False,False,35,8,53.0,0.12475109100341797,71.0,2010.0,nvml
007065.png,MEDIUM,onnx_cuda,"['CUDAExecutionProvider', 'CPUExecutionProvider']",False,0,0,0,False,False,59,6,53.0,0.12475109100341797,71.0,1995.0,nvml
007066.png,MEDIUM,onnx_cuda,"['CUDAExecutionProvider', 'CPUExecutionProvider']",False,0,0,0,False,False,50,11,60.0,0.12475109100341797,71.0,2032.0,nvml
007067.png,MEDIUM,onnx_cuda,"['CUDAExecutionProvider', 'CPUExecutionProvider']",False,0,3,2,True,True,62,11,60.0,0.12475109100341797,72.0,2047.0,nvml
007068.png,MEDIUM,onnx_cuda,"['CUDAExecutionProvider', 'CPUExecutionProvider']",False,0,0,0,False,False,17,4,60.0,0.12475109100341797,72.0,1965.0,nvml
007069.png,MEDIUM,onnx_cuda,"['CUDAExecutionProvider', 'CPUExecutionProvider']",False,0,0,0,False,False,73,10,60.0,0.12475109100341797,72.0,2010.0,nvml
007070.png,MEDIUM,onnx_cuda,"['CUDAExecutionProvider', 'CPUExecutionProvider']",False,1,2,2,True,True,54,9,60.0,0.12475109100341797,72.0,1987.0,nvml
007071.png,MEDIUM,onnx_cuda,"['CUDAExecutionProvider', 'CPUExecutionProvider']",False,0,0,0,False,False,56,13,60.0,0.12475109100341797,72.0,2032.0,nvml
007072.png,MEDIUM,onnx_cuda,"['CUDAExecutionProvider', 'CPUExecutionProvider']",False,0,0,1,True,False,0,2,53.0,0.12475109100341797,72.0,2047.0,nvml
007073.png,MEDIUM,onnx_cuda,"['CUDAExecutionProvider', 'CPUExecutionProvider']",False,1,82,0,True,True,84,1,53.0,0.12475109100341797,72.0,1980.0,nvml
007074.png,MEDIUM,onnx_cuda,"['CUDAExecutionProvider', 'CPUExecutionProvider']",False,0,5,0,False,True,19,2,53.0,0.12475109100341797,72.0,2017.0,nvml
007075.png,MEDIUM,onnx_cuda,"['CUDAExecutionProvider', 'CPUExecutionProvider']",False,1,70,0,True,True,81,1,53.0,0.12475109100341797,72.0,1995.0,nvml
007076.png,MEDIUM,onnx_cuda,"['CUDAExecutionProvider', 'CPUExecutionProvider']",False,0,0,0,False,False,12,3,53.0,0.12475109100341797,72.0,2002.0,nvml
007077.png,MEDIUM,onnx_cuda,"['CUDAExecutionProvider', 'CPUExecutionProvider']",False,1,32,0,True,True,43,2,60.0,0.12475109100341797,72.0,2040.0,nvml
007078.png,MEDIUM,onnx_cuda,"['CUDAExecutionProvider', 'CPUExecutionProvider']",False,0,0,0,False,False,21,4,60.0,0.12475109100341797,72.0,2010.0,nvml
007079.png,MEDIUM,onnx_cuda,"['CUDAExecutionProvider', 'CPUExecutionProvider']",False,0,0,0,False,False,18,3,60.0,0.12475109100341797,72.0,2032.0,nvml
007080.png,MEDIUM,onnx_cuda,"['CUDAExecutionProvider', 'CPUExecutionProvider']",False,1,4,0,True,True,5,2,60.0,0.12475109100341797,71.0,1987.0,nvml
007081.png,MEDIUM,onnx_cuda,"['CUDAExecutionProvider', 'CPUExecutionProvider']",False,0,0,0,False,False,63,10,60.0,0.12475109100341797,71.0,2017.0,nvml
007082.png,MEDIUM,onnx_cuda,"['CUDAExecutionProvider', 'CPUExecutionProvider']",False,0,0,0,False,False,10,1,60.0,0.12475109100341797,71.0,2040.0,nvml
007083.png,MEDIUM,onnx_cuda,"['CUDAExecutionProvider', 'CPUExecutionProvider']",False,0,0,0,False,False,11,3,54.0,0.12475109100341797,71.0,2017.0,nvml
007084.png,MEDIUM,onnx_cuda,"['CUDAExecutionProvider', 'CPUExecutionProvider']",False,1,45,0,True,True,53,1,54.0,0.12475109100341797,71.0,1920.0,nvml
007085.png,MEDIUM,onnx_cuda,"['CUDAExecutionProvider', 'CPUExecutionProvider']",False,0,0,0,False,False,23,5,54.0,0.12475109100341797,71.0,1927.0,nvml
007086.png,MEDIUM,onnx_cuda,"['CUDAExecutionProvider', 'CPUExecutionProvider']",False,0,0,0,False,False,2,1,54.0,0.12475109100341797,71.0,1927.0,nvml
007087.png,MEDIUM,onnx_cuda,"['CUDAExecutionProvider', 'CPUExecutionProvider']",False,0,0,0,False,False,55,10,54.0,0.12475109100341797,71.0,1987.0,nvml
007088.png,MEDIUM,onnx_cuda,"['CUDAExecutionProvider', 'CPUExecutionProvider']",False,0,0,0,False,False,39,6,56.0,0.12475109100341797,71.0,1987.0,nvml
007089.png,MEDIUM,onnx_cuda,"['CUDAExecutionProvider', 'CPUExecutionProvider']",False,0,0,0,False,False,22,4,56.0,0.12475109100341797,71.0,2025.0,nvml
007090.png,MEDIUM,onnx_cuda,"['CUDAExecutionProvider', 'CPUExecutionProvider']",False,0,0,0,False,False,23,4,56.0,0.12475109100341797,71.0,2032.0,nvml
007091.png,MEDIUM,onnx_cuda,"['CUDAExecutionProvider', 'CPUExecutionProvider']",False,0,0,0,False,False,50,7,56.0,0.12475109100341797,71.0,1957.0,nvml
007092.png,MEDIUM,onnx_cuda,"['CUDAExecutionProvider', 'CPUExecutionProvider']",False,0,0,2,True,False,2,5,56.0,0.12475109100341797,71.0,2002.0,nvml
007093.png,MEDIUM,onnx_cuda,"['CUDAExecutionProvider', 'CPUExecutionProvider']",False,0,0,0,False,False,35,6,56.0,0.12475109100341797,71.0,1995.0,nvml
007094.png,MEDIUM,onnx_cuda,"['CUDAExecutionProvider', 'CPUExecutionProvider']",False,7,56,1,True,True,63,8,55.0,0.12475109100341797,71.0,2025.0,nvml
007095.png,MEDIUM,onnx_cuda,"['CUDAExecutionProvider', 'CPUExecutionProvider']",False,0,0,0,False,False,47,6,55.0,0.12475109100341797,71.0,2047.0,nvml
007096.png,MEDIUM,onnx_cuda,"['CUDAExecutionProvider', 'CPUExecutionProvider']",False,0,0,0,False,False,68,7,55.0,0.12475109100341797,71.0,1987.0,nvml
007097.png,MEDIUM,onnx_cuda,"['CUDAExecutionProvider', 'CPUExecutionProvider']",False,0,0,0,False,False,36,5,55.0,0.12475109100341797,71.0,2017.0,nvml
007098.png,MEDIUM,onnx_cuda,"['CUDAExecutionProvider', 'CPUExecutionProvider']",False,0,18,0,False,True,53,6,55.0,0.12475109100341797,71.0,1987.0,nvml
007099.png,MEDIUM,onnx_cuda,"['CUDAExecutionProvider', 'CPUExecutionProvider']",False,0,0,1,True,False,115,16,59.0,0.12475109100341797,71.0,2017.0,nvml
007100.png,MEDIUM,onnx_cuda,"['CUDAExecutionProvider', 'CPUExecutionProvider']",False,0,10,0,False,True,67,6,59.0,0.12475109100341797,71.0,2047.0,nvml
007101.png,MEDIUM,onnx_cuda,"['CUDAExecutionProvider', 'CPUExecutionProvider']",False,0,0,0,False,False,94,17,59.0,0.12475109100341797,71.0,2047.0,nvml
007102.png,MEDIUM,onnx_cuda,"['CUDAExecutionProvider', 'CPUExecutionProvider']",False,0,0,0,False,False,83,15,59.0,0.12475109100341797,71.0,1972.0,nvml
007103.png,MEDIUM,onnx_cuda,"['CUDAExecutionProvider', 'CPUExecutionProvider']",False,1,1,0,True,True,23,5,59.0,0.12475109100341797,71.0,2017.0,nvml
007104.png,MEDIUM,onnx_cuda,"['CUDAExecutionProvider', 'CPUExecutionProvider']",False,0,13,0,False,True,67,6,59.0,0.12475109100341797,71.0,2002.0,nvml
007105.png,MEDIUM,onnx_cuda,"['CUDAExecutionProvider', 'CPUExecutionProvider']",False,0,0,0,False,False,37,4,54.0,0.12475109100341797,71.0,2032.0,nvml
007106.png,MEDIUM,onnx_cuda,"['CUDAExecutionProvider', 'CPUExecutionProvider']",False,0,0,0,False,False,8,4,54.0,0.12475109100341797,72.0,2025.0,nvml
007107.png,MEDIUM,onnx_cuda,"['CUDAExecutionProvider', 'CPUExecutionProvider']",False,0,0,0,False,False,65,12,54.0,0.12475109100341797,72.0,1950.0,nvml
007108.png,MEDIUM,onnx_cuda,"['CUDAExecutionProvider', 'CPUExecutionProvider']",False,0,0,0,False,False,43,6,54.0,0.12475109100341797,72.0,2002.0,nvml
007109.png,MEDIUM,onnx_cuda,"['CUDAExecutionProvider', 'CPUExecutionProvider']",False,7,130,3,True,True,196,15,54.0,0.12475109100341797,72.0,1987.0,nvml
007110.png,MEDIUM,onnx_cuda,"['CUDAExecutionProvider', 'CPUExecutionProvider']",False,1,46,0,True,True,55,1,58.0,0.12475109100341797,72.0,2017.0,nvml
007111.png,MEDIUM,onnx_cuda,"['CUDAExecutionProvider', 'CPUExecutionProvider']",False,0,0,0,False,False,22,2,58.0,0.12475109100341797,72.0,2047.0,nvml
007112.png,MEDIUM,onnx_cuda,"['CUDAExecutionProvider', 'CPUExecutionProvider']",False,0,0,0,False,False,9,1,58.0,0.12475109100341797,72.0,2025.0,nvml
007113.png,MEDIUM,onnx_cuda,"['CUDAExecutionProvider', 'CPUExecutionProvider']",False,0,0,0,False,False,2,2,58.0,0.12475109100341797,72.0,1935.0,nvml
007114.png,MEDIUM,onnx_cuda,"['CUDAExecutionProvider', 'CPUExecutionProvider']",False,0,0,0,False,False,69,12,58.0,0.12475109100341797,72.0,1995.0,nvml
007115.png,MEDIUM,onnx_cuda,"['CUDAExecutionProvider', 'CPUExecutionProvider']",False,0,0,1,True,False,1,2,58.0,0.12475109100341797,72.0,1995.0,nvml
007116.png,MEDIUM,onnx_cuda,"['CUDAExecutionProvider', 'CPUExecutionProvider']",False,0,0,0,False,False,65,6,54.0,0.12475109100341797,72.0,2032.0,nvml
007117.png,MEDIUM,onnx_cuda,"['CUDAExecutionProvider', 'CPUExecutionProvider']",False,0,0,0,False,False,44,8,54.0,0.12475109100341797,72.0,2047.0,nvml
007118.png,MEDIUM,onnx_cuda,"['CUDAExecutionProvider', 'CPUExecutionProvider']",False,1,13,1,True,True,14,4,54.0,0.12475109100341797,72.0,1987.0,nvml
007119.png,MEDIUM,onnx_cuda,"['CUDAExecutionProvider', 'CPUExecutionProvider']",False,0,0,0,False,False,14,6,54.0,0.12475109100341797,72.0,2017.0,nvml
007120.png,MEDIUM,onnx_cuda,"['CUDAExecutionProvider', 'CPUExecutionProvider']",False,0,10,0,False,True,52,6,54.0,0.12475109100341797,72.0,1995.0,nvml
007121.png,MEDIUM,onnx_cuda,"['CUDAExecutionProvider', 'CPUExecutionProvider']",False,0,0,1,True,False,43,11,60.0,0.12475109100341797,72.0,2025.0,nvml
007122.png,MEDIUM,onnx_cuda,"['CUDAExecutionProvider', 'CPUExecutionProvider']",False,0,0,1,True,False,34,7,60.0,0.12475109100341797,72.0,2040.0,nvml
007123.png,MEDIUM,onnx_cuda,"['CUDAExecutionProvider', 'CPUExecutionProvider']",False,0,0,1,True,False,70,8,60.0,0.12475109100341797,72.0,1965.0,nvml
007124.png,MEDIUM,onnx_cuda,"['CUDAExecutionProvider', 'CPUExecutionProvider']",False,0,9,0,False,True,64,7,60.0,0.12475109100341797,72.0,1950.0,nvml
007125.png,MEDIUM,onnx_cuda,"['CUDAExecutionProvider', 'CPUExecutionProvider']",False,0,0,0,False,False,27,4,60.0,0.12475109100341797,72.0,2002.0,nvml
007126.png,MEDIUM,onnx_cuda,"['CUDAExecutionProvider', 'CPUExecutionProvider']",False,1,46,0,True,True,57,1,60.0,0.12475109100341797,72.0,1995.0,nvml
007127.png,MEDIUM,onnx_cuda,"['CUDAExecutionProvider', 'CPUExecutionProvider']",False,0,0,0,False,False,2,2,53.0,0.12475109100341797,72.0,2032.0,nvml
007128.png,MEDIUM,onnx_cuda,"['CUDAExecutionProvider', 'CPUExecutionProvider']",False,0,0,0,False,False,53,8,53.0,0.12475109100341797,72.0,2025.0,nvml
007129.png,MEDIUM,onnx_cuda,"['CUDAExecutionProvider', 'CPUExecutionProvider']",False,4,60,3,True,True,71,10,53.0,0.12475109100341797,72.0,1942.0,nvml
007130.png,MEDIUM,onnx_cuda,"['CUDAExecutionProvider', 'CPUExecutionProvider']",False,1,10,0,True,True,32,5,53.0,0.12475109100341797,72.0,1927.0,nvml
007131.png,MEDIUM,onnx_cuda,"['CUDAExecutionProvider', 'CPUExecutionProvider']",False,0,0,0,False,False,58,10,53.0,0.12475109100341797,72.0,1987.0,nvml
007132.png,MEDIUM,onnx_cuda,"['CUDAExecutionProvider', 'CPUExecutionProvider']",False,0,0,1,True,False,67,11,58.0,0.12475109100341797,72.0,1987.0,nvml
007133.png,MEDIUM,onnx_cuda,"['CUDAExecutionProvider', 'CPUExecutionProvider']",False,0,0,0,False,False,16,3,58.0,0.12475109100341797,72.0,2032.0,nvml
007134.png,MEDIUM,onnx_cuda,"['CUDAExecutionProvider', 'CPUExecutionProvider']",False,0,0,0,False,False,41,7,58.0,0.12475109100341797,72.0,2032.0,nvml
007135.png,MEDIUM,onnx_cuda,"['CUDAExecutionProvider', 'CPUExecutionProvider']",False,1,16,0,True,True,71,7,58.0,0.12475109100341797,72.0,1950.0,nvml
007136.png,MEDIUM,onnx_cuda,"['CUDAExecutionProvider', 'CPUExecutionProvider']",False,2,40,0,True,True,90,10,58.0,0.12475109100341797,72.0,2002.0,nvml
007137.png,MEDIUM,onnx_cuda,"['CUDAExecutionProvider', 'CPUExecutionProvider']",False,0,0,0,False,False,100,11,58.0,0.12475109100341797,72.0,2002.0,nvml
007138.png,MEDIUM,onnx_cuda,"['CUDAExecutionProvider', 'CPUExecutionProvider']",False,0,0,0,False,False,58,8,55.0,0.12475109100341797,72.0,2032.0,nvml
007139.png,MEDIUM,onnx_cuda,"['CUDAExecutionProvider', 'CPUExecutionProvider']",False,0,1,0,False,True,29,6,55.0,0.12475109100341797,72.0,2032.0,nvml
007140.png,MEDIUM,onnx_cuda,"['CUDAExecutionProvider', 'CPUExecutionProvider']",False,0,0,0,False,False,39,5,55.0,0.12475109100341797,72.0,1950.0,nvml
007141.png,MEDIUM,onnx_cuda,"['CUDAExecutionProvider', 'CPUExecutionProvider']",False,0,0,0,False,False,19,3,55.0,0.12475109100341797,72.0,2002.0,nvml
007142.png,MEDIUM,onnx_cuda,"['CUDAExecutionProvider', 'CPUExecutionProvider']",False,0,0,0,False,False,35,8,55.0,0.12475109100341797,72.0,1987.0,nvml
007143.png,MEDIUM,onnx_cuda,"['CUDAExecutionProvider', 'CPUExecutionProvider']",False,0,0,0,False,False,15,5,60.0,0.12475109100341797,72.0,2025.0,nvml
007144.png,MEDIUM,onnx_cuda,"['CUDAExecutionProvider', 'CPUExecutionProvider']",False,0,0,0,False,False,27,4,60.0,0.12475109100341797,72.0,2040.0,nvml
007145.png,MEDIUM,onnx_cuda,"['CUDAExecutionProvider', 'CPUExecutionProvider']",False,0,0,0,False,False,34,8,60.0,0.12475109100341797,72.0,1972.0,nvml
007146.png,MEDIUM,onnx_cuda,"['CUDAExecutionProvider', 'CPUExecutionProvider']",False,0,0,0,False,False,13,4,60.0,0.12475109100341797,72.0,2017.0,nvml
007147.png,MEDIUM,onnx_cuda,"['CUDAExecutionProvider', 'CPUExecutionProvider']",False,0,20,1,True,True,50,4,60.0,0.12475109100341797,72.0,2002.0,nvml
007148.png,MEDIUM,onnx_cuda,"['CUDAExecutionProvider', 'CPUExecutionProvider']",False,0,0,0,False,False,42,5,60.0,0.12475109100341797,72.0,2032.0,nvml
007149.png,MEDIUM,onnx_cuda,"['CUDAExecutionProvider', 'CPUExecutionProvider']",False,1,20,0,True,True,59,9,54.0,0.12475109100341797,72.0,2025.0,nvml
007150.png,MEDIUM,onnx_cuda,"['CUDAExecutionProvider', 'CPUExecutionProvider']",False,1,64,0,True,True,69,1,54.0,0.12475109100341797,72.0,1927.0,nvml
007151.png,MEDIUM,onnx_cuda,"['CUDAExecutionProvider', 'CPUExecutionProvider']",False,0,0,0,False,False,102,11,54.0,0.12475109100341797,72.0,1987.0,nvml
007152.png,MEDIUM,onnx_cuda,"['CUDAExecutionProvider', 'CPUExecutionProvider']",False,0,0,0,False,False,20,5,54.0,0.12475109100341797,72.0,1995.0,nvml
007153.png,MEDIUM,onnx_cuda,"['CUDAExecutionProvider', 'CPUExecutionProvider']",False,0,0,0,False,False,56,8,54.0,0.12475109100341797,72.0,2002.0,nvml
007154.png,MEDIUM,onnx_cuda,"['CUDAExecutionProvider', 'CPUExecutionProvider']",False,0,42,1,True,True,52,1,59.0,0.12475109100341797,72.0,2032.0,nvml
007155.png,MEDIUM,onnx_cuda,"['CUDAExecutionProvider', 'CPUExecutionProvider']",False,0,0,0,False,False,10,1,59.0,0.12475109100341797,72.0,2032.0,nvml
007156.png,MEDIUM,onnx_cuda,"['CUDAExecutionProvider', 'CPUExecutionProvider']",False,0,11,2,True,True,89,13,59.0,0.12475109100341797,72.0,1935.0,nvml
007157.png,MEDIUM,onnx_cuda,"['CUDAExecutionProvider', 'CPUExecutionProvider']",False,1,9,0,True,True,32,5,59.0,0.12475109100341797,72.0,1995.0,nvml
007158.png,MEDIUM,onnx_cuda,"['CUDAExecutionProvider', 'CPUExecutionProvider']",False,0,0,0,False,False,13,2,59.0,0.12475109100341797,72.0,1987.0,nvml
007159.png,MEDIUM,onnx_cuda,"['CUDAExecutionProvider', 'CPUExecutionProvider']",False,2,58,0,True,True,64,2,59.0,0.12475109100341797,72.0,2025.0,nvml
007160.png,MEDIUM,onnx_cuda,"['CUDAExecutionProvider', 'CPUExecutionProvider']",False,0,0,0,False,False,53,8,53.0,0.12475109100341797,72.0,2047.0,nvml
007161.png,MEDIUM,onnx_cuda,"['CUDAExecutionProvider', 'CPUExecutionProvider']",False,1,35,3,True,True,57,7,53.0,0.12475109100341797,72.0,1965.0,nvml
007162.png,MEDIUM,onnx_cuda,"['CUDAExecutionProvider', 'CPUExecutionProvider']",False,0,0,0,False,False,64,9,53.0,0.12475109100341797,72.0,2010.0,nvml
007163.png,MEDIUM,onnx_cuda,"['CUDAExecutionProvider', 'CPUExecutionProvider']",False,0,0,0,False,False,45,11,53.0,0.12475109100341797,72.0,2002.0,nvml
007164.png,MEDIUM,onnx_cuda,"['CUDAExecutionProvider', 'CPUExecutionProvider']",False,0,0,0,False,False,14,4,53.0,0.12475109100341797,72.0,2002.0,nvml
007165.png,MEDIUM,onnx_cuda,"['CUDAExecutionProvider', 'CPUExecutionProvider']",False,0,0,0,False,False,30,6,60.0,0.12475109100341797,72.0,2040.0,nvml
007166.png,MEDIUM,onnx_cuda,"['CUDAExecutionProvider', 'CPUExecutionProvider']",False,0,0,0,False,False,66,10,60.0,0.12475109100341797,72.0,2025.0,nvml
007167.png,MEDIUM,onnx_cuda,"['CUDAExecutionProvider', 'CPUExecutionProvider']",False,0,1,0,False,True,40,7,60.0,0.12475109100341797,72.0,1942.0,nvml
007168.png,MEDIUM,onnx_cuda,"['CUDAExecutionProvider', 'CPUExecutionProvider']",False,0,0,1,True,False,32,6,60.0,0.12475109100341797,72.0,2002.0,nvml
007169.png,MEDIUM,onnx_cuda,"['CUDAExecutionProvider', 'CPUExecutionProvider']",False,0,0,0,False,False,58,9,60.0,0.12475109100341797,72.0,1995.0,nvml
007170.png,MEDIUM,onnx_cuda,"['CUDAExecutionProvider', 'CPUExecutionProvider']",False,0,0,0,False,False,8,4,60.0,0.12475109100341797,72.0,2032.0,nvml
007171.png,MEDIUM,onnx_cuda,"['CUDAExecutionProvider', 'CPUExecutionProvider']",False,0,2,0,False,True,72,12,53.0,0.12475109100341797,73.0,2040.0,nvml
007172.png,MEDIUM,onnx_cuda,"['CUDAExecutionProvider', 'CPUExecutionProvider']",False,0,0,0,False,False,32,5,53.0,0.12475109100341797,73.0,1957.0,nvml
007173.png,MEDIUM,onnx_cuda,"['CUDAExecutionProvider', 'CPUExecutionProvider']",False,0,0,0,False,False,14,2,53.0,0.12475109100341797,73.0,2002.0,nvml
007174.png,MEDIUM,onnx_cuda,"['CUDAExecutionProvider', 'CPUExecutionProvider']",False,0,0,0,False,False,59,13,53.0,0.12475109100341797,73.0,1995.0,nvml
007175.png,MEDIUM,onnx_cuda,"['CUDAExecutionProvider', 'CPUExecutionProvider']",False,0,0,0,False,False,2,1,53.0,0.12475109100341797,73.0,2002.0,nvml
007176.png,MEDIUM,onnx_cuda,"['CUDAExecutionProvider', 'CPUExecutionProvider']",False,0,0,0,False,False,27,5,59.0,0.12475109100341797,73.0,2032.0,nvml
007177.png,MEDIUM,onnx_cuda,"['CUDAExecutionProvider', 'CPUExecutionProvider']",False,0,0,2,True,False,49,9,59.0,0.12475109100341797,73.0,2017.0,nvml
007178.png,MEDIUM,onnx_cuda,"['CUDAExecutionProvider', 'CPUExecutionProvider']",False,1,17,0,True,True,62,9,59.0,0.12475109100341797,73.0,1920.0,nvml
007179.png,MEDIUM,onnx_cuda,"['CUDAExecutionProvider', 'CPUExecutionProvider']",False,4,70,0,True,True,82,6,59.0,0.12475109100341797,73.0,1987.0,nvml
007180.png,MEDIUM,onnx_cuda,"['CUDAExecutionProvider', 'CPUExecutionProvider']",False,0,0,0,False,False,26,4,59.0,0.12475109100341797,73.0,1995.0,nvml
007181.png,MEDIUM,onnx_cuda,"['CUDAExecutionProvider', 'CPUExecutionProvider']",False,0,0,0,False,False,14,2,59.0,0.12475109100341797,73.0,2032.0,nvml
007182.png,MEDIUM,onnx_cuda,"['CUDAExecutionProvider', 'CPUExecutionProvider']",False,0,4,3,True,True,62,11,54.0,0.12475109100341797,73.0,2025.0,nvml
007183.png,MEDIUM,onnx_cuda,"['CUDAExecutionProvider', 'CPUExecutionProvider']",False,0,0,0,False,False,64,9,54.0,0.12475109100341797,73.0,1935.0,nvml
007184.png,MEDIUM,onnx_cuda,"['CUDAExecutionProvider', 'CPUExecutionProvider']",False,0,9,0,False,True,37,4,54.0,0.12475109100341797,72.0,1935.0,nvml
007185.png,MEDIUM,onnx_cuda,"['CUDAExecutionProvider', 'CPUExecutionProvider']",False,0,0,1,True,False,70,12,54.0,0.12475109100341797,72.0,1920.0,nvml
007186.png,MEDIUM,onnx_cuda,"['CUDAExecutionProvider', 'CPUExecutionProvider']",False,0,10,0,False,True,20,4,54.0,0.12475109100341797,72.0,1987.0,nvml
007187.png,MEDIUM,onnx_cuda,"['CUDAExecutionProvider', 'CPUExecutionProvider']",False,0,0,0,False,False,6,1,56.0,0.12475109100341797,72.0,2002.0,nvml
007188.png,MEDIUM,onnx_cuda,"['CUDAExecutionProvider', 'CPUExecutionProvider']",False,1,87,0,True,True,88,1,56.0,0.12475109100341797,72.0,2032.0,nvml
007189.png,MEDIUM,onnx_cuda,"['CUDAExecutionProvider', 'CPUExecutionProvider']",False,4,57,1,True,True,70,7,56.0,0.12475109100341797,72.0,2047.0,nvml
007190.png,MEDIUM,onnx_cuda,"['CUDAExecutionProvider', 'CPUExecutionProvider']",False,0,0,0,False,False,20,2,56.0,0.12475109100341797,72.0,1957.0,nvml
007191.png,MEDIUM,onnx_cuda,"['CUDAExecutionProvider', 'CPUExecutionProvider']",False,0,0,0,False,False,14,4,56.0,0.12475109100341797,72.0,2002.0,nvml
007192.png,MEDIUM,onnx_cuda,"['CUDAExecutionProvider', 'CPUExecutionProvider']",False,1,2,2,True,True,60,11,56.0,0.12475109100341797,72.0,2002.0,nvml
007193.png,MEDIUM,onnx_cuda,"['CUDAExecutionProvider', 'CPUExecutionProvider']",False,0,0,0,False,False,58,5,55.0,0.12475109100341797,72.0,1927.0,nvml
007194.png,MEDIUM,onnx_cuda,"['CUDAExecutionProvider', 'CPUExecutionProvider']",False,0,0,0,False,False,29,5,55.0,0.12475109100341797,72.0,1935.0,nvml
007195.png,MEDIUM,onnx_cuda,"['CUDAExecutionProvider', 'CPUExecutionProvider']",False,0,23,0,False,True,99,12,55.0,0.12475109100341797,72.0,1995.0,nvml
007196.png,MEDIUM,onnx_cuda,"['CUDAExecutionProvider', 'CPUExecutionProvider']",False,0,0,0,False,False,45,8,55.0,0.12475109100341797,72.0,1995.0,nvml
007197.png,MEDIUM,onnx_cuda,"['CUDAExecutionProvider', 'CPUExecutionProvider']",False,0,0,0,False,False,2,5,55.0,0.12475109100341797,71.0,2025.0,nvml
007198.png,MEDIUM,onnx_cuda,"['CUDAExecutionProvider', 'CPUExecutionProvider']",False,0,0,0,False,False,24,5,57.0,0.12475109100341797,71.0,2047.0,nvml
007199.png,MEDIUM,onnx_cuda,"['CUDAExecutionProvider', 'CPUExecutionProvider']",False,1,9,1,True,True,10,6,57.0,0.12475109100341797,71.0,1965.0,nvml
007200.png,MEDIUM,onnx_cuda,"['CUDAExecutionProvider', 'CPUExecutionProvider']",False,0,0,0,False,False,77,11,57.0,0.12475109100341797,71.0,2010.0,nvml
007201.png,MEDIUM,onnx_cuda,"['CUDAExecutionProvider', 'CPUExecutionProvider']",False,0,58,1,True,True,119,9,57.0,0.12475109100341797,71.0,1987.0,nvml
007202.png,MEDIUM,onnx_cuda,"['CUDAExecutionProvider', 'CPUExecutionProvider']",False,11,96,0,True,True,143,15,57.0,0.12475109100341797,71.0,2025.0,nvml
007203.png,MEDIUM,onnx_cuda,"['CUDAExecutionProvider', 'CPUExecutionProvider']",False,1,12,3,True,True,72,10,57.0,0.12475109100341797,71.0,2047.0,nvml
007204.png,MEDIUM,onnx_cuda,"['CUDAExecutionProvider', 'CPUExecutionProvider']",False,0,0,0,False,False,42,8,56.0,0.12475109100341797,71.0,2002.0,nvml
007205.png,MEDIUM,onnx_cuda,"['CUDAExecutionProvider', 'CPUExecutionProvider']",False,0,0,0,False,False,13,5,56.0,0.12475109100341797,71.0,2032.0,nvml
007206.png,MEDIUM,onnx_cuda,"['CUDAExecutionProvider', 'CPUExecutionProvider']",False,0,0,1,True,False,20,7,56.0,0.12475109100341797,71.0,1987.0,nvml
007207.png,MEDIUM,onnx_cuda,"['CUDAExecutionProvider', 'CPUExecutionProvider']",False,0,6,1,True,True,21,4,56.0,0.12475109100341797,71.0,2025.0,nvml
007208.png,MEDIUM,onnx_cuda,"['CUDAExecutionProvider', 'CPUExecutionProvider']",False,0,0,0,False,False,77,11,56.0,0.12475109100341797,71.0,2032.0,nvml
007209.png,MEDIUM,onnx_cuda,"['CUDAExecutionProvider', 'CPUExecutionProvider']",False,0,0,0,False,False,62,13,59.0,0.12475109100341797,71.0,1942.0,nvml
007210.png,MEDIUM,onnx_cuda,"['CUDAExecutionProvider', 'CPUExecutionProvider']",False,0,0,0,False,False,122,12,59.0,0.12475109100341797,72.0,1942.0,nvml
007211.png,MEDIUM,onnx_cuda,"['CUDAExecutionProvider', 'CPUExecutionProvider']",False,0,0,0,False,False,53,6,59.0,0.12475109100341797,72.0,2002.0,nvml
007212.png,MEDIUM,onnx_cuda,"['CUDAExecutionProvider', 'CPUExecutionProvider']",False,0,0,0,False,False,18,2,59.0,0.12475109100341797,72.0,1987.0,nvml
007213.png,MEDIUM,onnx_cuda,"['CUDAExecutionProvider', 'CPUExecutionProvider']",False,0,0,0,False,False,32,5,59.0,0.12475109100341797,72.0,2025.0,nvml
007214.png,MEDIUM,onnx_cuda,"['CUDAExecutionProvider', 'CPUExecutionProvider']",False,0,0,0,False,False,32,5,59.0,0.12475109100341797,72.0,2047.0,nvml
007215.png,MEDIUM,onnx_cuda,"['CUDAExecutionProvider', 'CPUExecutionProvider']",False,0,0,0,False,False,20,3,54.0,0.12475109100341797,72.0,1957.0,nvml
007216.png,MEDIUM,onnx_cuda,"['CUDAExecutionProvider', 'CPUExecutionProvider']",False,0,0,0,False,False,54,7,54.0,0.12475109100341797,72.0,2002.0,nvml
007217.png,MEDIUM,onnx_cuda,"['CUDAExecutionProvider', 'CPUExecutionProvider']",False,0,0,0,False,False,29,3,54.0,0.12475109100341797,72.0,1995.0,nvml
007218.png,MEDIUM,onnx_cuda,"['CUDAExecutionProvider', 'CPUExecutionProvider']",False,0,0,0,False,False,51,11,54.0,0.12475109100341797,72.0,2032.0,nvml
007219.png,MEDIUM,onnx_cuda,"['CUDAExecutionProvider', 'CPUExecutionProvider']",False,0,0,0,False,False,32,6,54.0,0.12475109100341797,72.0,2040.0,nvml
007220.png,MEDIUM,onnx_cuda,"['CUDAExecutionProvider', 'CPUExecutionProvider']",False,0,0,0,False,False,10,1,59.0,0.12475109100341797,72.0,1957.0,nvml
007221.png,MEDIUM,onnx_cuda,"['CUDAExecutionProvider', 'CPUExecutionProvider']",False,1,5,0,True,True,31,5,59.0,0.12475109100341797,72.0,2002.0,nvml
007222.png,MEDIUM,onnx_cuda,"['CUDAExecutionProvider', 'CPUExecutionProvider']",False,0,0,0,False,False,57,10,59.0,0.12475109100341797,72.0,2002.0,nvml
007223.png,MEDIUM,onnx_cuda,"['CUDAExecutionProvider', 'CPUExecutionProvider']",False,1,51,0,True,True,59,1,59.0,0.12475109100341797,72.0,2002.0,nvml
007224.png,MEDIUM,onnx_cuda,"['CUDAExecutionProvider', 'CPUExecutionProvider']",False,0,0,0,False,False,36,3,59.0,0.12475109100341797,72.0,2032.0,nvml
007225.png,MEDIUM,onnx_cuda,"['CUDAExecutionProvider', 'CPUExecutionProvider']",False,0,0,0,False,False,46,7,59.0,0.12475109100341797,72.0,2040.0,nvml
007226.png,MEDIUM,onnx_cuda,"['CUDAExecutionProvider', 'CPUExecutionProvider']",False,0,0,0,False,False,27,7,54.0,0.12475109100341797,72.0,1935.0,nvml
007227.png,MEDIUM,onnx_cuda,"['CUDAExecutionProvider', 'CPUExecutionProvider']",False,0,4,0,False,True,7,3,54.0,0.12475109100341797,72.0,1995.0,nvml
007228.png,MEDIUM,onnx_cuda,"['CUDAExecutionProvider', 'CPUExecutionProvider']",False,0,0,0,False,False,78,14,54.0,0.12475109100341797,72.0,2002.0,nvml
007229.png,MEDIUM,onnx_cuda,"['CUDAExecutionProvider', 'CPUExecutionProvider']",False,1,2,0,True,True,35,5,54.0,0.12475109100341797,72.0,2040.0,nvml
007230.png,MEDIUM,onnx_cuda,"['CUDAExecutionProvider', 'CPUExecutionProvider']",False,0,0,0,False,False,45,6,54.0,0.12475109100341797,72.0,2010.0,nvml
007231.png,MEDIUM,onnx_cuda,"['CUDAExecutionProvider', 'CPUExecutionProvider']",False,1,47,0,True,True,53,1,60.0,0.12475109100341797,72.0,1927.0,nvml
007232.png,MEDIUM,onnx_cuda,"['CUDAExecutionProvider', 'CPUExecutionProvider']",False,1,3,0,True,True,35,6,60.0,0.12475109100341797,72.0,1927.0,nvml
007233.png,MEDIUM,onnx_cuda,"['CUDAExecutionProvider', 'CPUExecutionProvider']",False,0,0,0,False,False,83,12,60.0,0.12475109100341797,72.0,1987.0,nvml
007234.png,MEDIUM,onnx_cuda,"['CUDAExecutionProvider', 'CPUExecutionProvider']",False,0,0,0,False,False,38,5,60.0,0.12475109100341797,72.0,1987.0,nvml
007235.png,MEDIUM,onnx_cuda,"['CUDAExecutionProvider', 'CPUExecutionProvider']",False,0,0,0,False,False,14,6,60.0,0.12475109100341797,72.0,2025.0,nvml
007236.png,MEDIUM,onnx_cuda,"['CUDAExecutionProvider', 'CPUExecutionProvider']",False,0,1,0,False,True,65,8,60.0,0.12475109100341797,73.0,2032.0,nvml
007237.png,MEDIUM,onnx_cuda,"['CUDAExecutionProvider', 'CPUExecutionProvider']",False,1,48,0,True,True,49,1,53.0,0.12475109100341797,73.0,1957.0,nvml
007238.png,MEDIUM,onnx_cuda,"['CUDAExecutionProvider', 'CPUExecutionProvider']",False,0,0,0,False,False,27,5,53.0,0.12475109100341797,73.0,2002.0,nvml
007239.png,MEDIUM,onnx_cuda,"['CUDAExecutionProvider', 'CPUExecutionProvider']",False,0,0,0,False,False,25,7,53.0,0.12475109100341797,73.0,1995.0,nvml
007240.png,MEDIUM,onnx_cuda,"['CUDAExecutionProvider', 'CPUExecutionProvider']",False,0,1,1,True,True,28,7,53.0,0.12475109100341797,73.0,2032.0,nvml
007241.png,MEDIUM,onnx_cuda,"['CUDAExecutionProvider', 'CPUExecutionProvider']",False,0,0,0,False,False,32,5,53.0,0.12475109100341797,73.0,2017.0,nvml
007242.png,MEDIUM,onnx_cuda,"['CUDAExecutionProvider', 'CPUExecutionProvider']",False,0,0,0,False,False,53,12,60.0,0.12475109100341797,73.0,1920.0,nvml
007243.png,MEDIUM,onnx_cuda,"['CUDAExecutionProvider', 'CPUExecutionProvider']",False,0,0,0,False,False,85,13,60.0,0.12475109100341797,73.0,1987.0,nvml
007244.png,MEDIUM,onnx_cuda,"['CUDAExecutionProvider', 'CPUExecutionProvider']",False,0,0,0,False,False,35,6,60.0,0.12475109100341797,73.0,1995.0,nvml
007245.png,MEDIUM,onnx_cuda,"['CUDAExecutionProvider', 'CPUExecutionProvider']",False,0,0,0,False,False,9,3,60.0,0.12475109100341797,73.0,2017.0,nvml
007246.png,MEDIUM,onnx_cuda,"['CUDAExecutionProvider', 'CPUExecutionProvider']",False,0,0,0,False,False,25,5,60.0,0.12475109100341797,73.0,2047.0,nvml
007247.png,MEDIUM,onnx_cuda,"['CUDAExecutionProvider', 'CPUExecutionProvider']",False,0,0,0,False,False,27,8,60.0,0.12475109100341797,73.0,2025.0,nvml
007248.png,MEDIUM,onnx_cuda,"['CUDAExecutionProvider', 'CPUExecutionProvider']",False,0,0,0,False,False,91,14,53.0,0.12475109100341797,73.0,1927.0,nvml
007249.png,MEDIUM,onnx_cuda,"['CUDAExecutionProvider', 'CPUExecutionProvider']",False,0,0,0,False,False,29,7,53.0,0.12475109100341797,72.0,1987.0,nvml
007250.png,MEDIUM,onnx_cuda,"['CUDAExecutionProvider', 'CPUExecutionProvider']",False,0,2,0,False,True,43,6,53.0,0.12475109100341797,72.0,1995.0,nvml
007251.png,MEDIUM,onnx_cuda,"['CUDAExecutionProvider', 'CPUExecutionProvider']",False,0,0,0,False,False,9,1,53.0,0.12475109100341797,72.0,2017.0,nvml
007252.png,MEDIUM,onnx_cuda,"['CUDAExecutionProvider', 'CPUExecutionProvider']",False,0,0,0,False,False,18,5,53.0,0.12475109100341797,72.0,2047.0,nvml
007253.png,MEDIUM,onnx_cuda,"['CUDAExecutionProvider', 'CPUExecutionProvider']",False,1,8,0,True,True,20,2,59.0,0.12475109100341797,72.0,1980.0,nvml
007254.png,MEDIUM,onnx_cuda,"['CUDAExecutionProvider', 'CPUExecutionProvider']",False,2,28,1,True,True,46,3,59.0,0.12475109100341797,72.0,2017.0,nvml
007255.png,MEDIUM,onnx_cuda,"['CUDAExecutionProvider', 'CPUExecutionProvider']",False,0,0,3,True,False,4,9,59.0,0.12475109100341797,72.0,1987.0,nvml
007256.png,MEDIUM,onnx_cuda,"['CUDAExecutionProvider', 'CPUExecutionProvider']",False,0,9,0,False,True,87,13,59.0,0.12475109100341797,72.0,1987.0,nvml
007257.png,MEDIUM,onnx_cuda,"['CUDAExecutionProvider', 'CPUExecutionProvider']",False,0,0,0,False,False,12,2,59.0,0.12475109100341797,72.0,2017.0,nvml
007258.png,MEDIUM,onnx_cuda,"['CUDAExecutionProvider', 'CPUExecutionProvider']",False,0,0,0,False,False,25,4,59.0,0.12475109100341797,72.0,1987.0,nvml
007259.png,MEDIUM,onnx_cuda,"['CUDAExecutionProvider', 'CPUExecutionProvider']",False,0,0,0,False,False,54,8,54.0,0.12475109100341797,72.0,2025.0,nvml
007260.png,MEDIUM,onnx_cuda,"['CUDAExecutionProvider', 'CPUExecutionProvider']",False,0,17,3,True,True,68,12,54.0,0.12475109100341797,72.0,2032.0,nvml
007261.png,MEDIUM,onnx_cuda,"['CUDAExecutionProvider', 'CPUExecutionProvider']",False,0,0,0,False,False,36,5,54.0,0.12475109100341797,72.0,1957.0,nvml
007262.png,MEDIUM,onnx_cuda,"['CUDAExecutionProvider', 'CPUExecutionProvider']",False,0,0,0,False,False,7,5,54.0,0.12475109100341797,73.0,2002.0,nvml
007263.png,MEDIUM,onnx_cuda,"['CUDAExecutionProvider', 'CPUExecutionProvider']",False,0,0,0,False,False,75,16,54.0,0.12475109100341797,73.0,1995.0,nvml
007264.png,MEDIUM,onnx_cuda,"['CUDAExecutionProvider', 'CPUExecutionProvider']",False,0,10,1,True,True,46,6,58.0,0.12475109100341797,73.0,2017.0,nvml
007265.png,MEDIUM,onnx_cuda,"['CUDAExecutionProvider', 'CPUExecutionProvider']",False,3,34,3,True,True,74,8,58.0,0.12475109100341797,73.0,2047.0,nvml
007266.png,MEDIUM,onnx_cuda,"['CUDAExecutionProvider', 'CPUExecutionProvider']",False,0,0,0,False,False,67,10,58.0,0.12475109100341797,73.0,1995.0,nvml
007267.png,MEDIUM,onnx_cuda,"['CUDAExecutionProvider', 'CPUExecutionProvider']",False,0,0,0,False,False,30,4,58.0,0.12475109100341797,73.0,1920.0,nvml
007268.png,MEDIUM,onnx_cuda,"['CUDAExecutionProvider', 'CPUExecutionProvider']",False,0,0,0,False,False,20,7,58.0,0.12475109100341797,73.0,1987.0,nvml
007269.png,MEDIUM,onnx_cuda,"['CUDAExecutionProvider', 'CPUExecutionProvider']",False,1,43,0,True,True,45,1,58.0,0.12475109100341797,73.0,1987.0,nvml
007270.png,MEDIUM,onnx_cuda,"['CUDAExecutionProvider', 'CPUExecutionProvider']",False,0,0,0,False,False,8,2,54.0,0.12475109100341797,73.0,2025.0,nvml
007271.png,MEDIUM,onnx_cuda,"['CUDAExecutionProvider', 'CPUExecutionProvider']",False,0,0,0,False,False,47,3,54.0,0.12475109100341797,73.0,2040.0,nvml
007272.png,MEDIUM,onnx_cuda,"['CUDAExecutionProvider', 'CPUExecutionProvider']",False,1,56,0,True,True,57,1,54.0,0.12475109100341797,73.0,1950.0,nvml
007273.png,MEDIUM,onnx_cuda,"['CUDAExecutionProvider', 'CPUExecutionProvider']",False,0,0,0,False,False,54,10,54.0,0.12475109100341797,73.0,2002.0,nvml
007274.png,MEDIUM,onnx_cuda,"['CUDAExecutionProvider', 'CPUExecutionProvider']",False,0,0,0,False,False,15,3,54.0,0.12475109100341797,73.0,1987.0,nvml
007275.png,MEDIUM,onnx_cuda,"['CUDAExecutionProvider', 'CPUExecutionProvider']",False,0,0,0,False,False,10,1,59.0,0.12475109100341797,73.0,2025.0,nvml
007276.png,MEDIUM,onnx_cuda,"['CUDAExecutionProvider', 'CPUExecutionProvider']",False,0,0,0,False,False,17,4,59.0,0.12475109100341797,73.0,2047.0,nvml
007277.png,MEDIUM,onnx_cuda,"['CUDAExecutionProvider', 'CPUExecutionProvider']",False,1,1,1,True,True,49,9,59.0,0.12475109100341797,73.0,2025.0,nvml
007278.png,MEDIUM,onnx_cuda,"['CUDAExecutionProvider', 'CPUExecutionProvider']",False,1,46,0,True,True,47,1,59.0,0.12475109100341797,73.0,1935.0,nvml
007279.png,MEDIUM,onnx_cuda,"['CUDAExecutionProvider', 'CPUExecutionProvider']",False,0,0,0,False,False,11,3,59.0,0.12475109100341797,73.0,1995.0,nvml
007280.png,MEDIUM,onnx_cuda,"['CUDAExecutionProvider', 'CPUExecutionProvider']",False,1,47,2,True,True,74,8,59.0,0.12475109100341797,73.0,2002.0,nvml
007281.png,MEDIUM,onnx_cuda,"['CUDAExecutionProvider', 'CPUExecutionProvider']",False,0,0,0,False,False,13,7,54.0,0.12475109100341797,73.0,2032.0,nvml
007282.png,MEDIUM,onnx_cuda,"['CUDAExecutionProvider', 'CPUExecutionProvider']",False,0,0,0,False,False,10,2,54.0,0.12475109100341797,73.0,2040.0,nvml
007283.png,MEDIUM,onnx_cuda,"['CUDAExecutionProvider', 'CPUExecutionProvider']",False,0,0,0,False,False,64,9,54.0,0.12475109100341797,73.0,1935.0,nvml
007284.png,MEDIUM,onnx_cuda,"['CUDAExecutionProvider', 'CPUExecutionProvider']",False,1,1,0,True,True,33,7,54.0,0.12475109100341797,73.0,1995.0,nvml
007285.png,MEDIUM,onnx_cuda,"['CUDAExecutionProvider', 'CPUExecutionProvider']",False,0,0,1,True,False,10,2,54.0,0.12475109100341797,73.0,1987.0,nvml
007286.png,MEDIUM,onnx_cuda,"['CUDAExecutionProvider', 'CPUExecutionProvider']",False,5,45,0,True,True,93,10,59.0,0.12475109100341797,73.0,2025.0,nvml
007287.png,MEDIUM,onnx_cuda,"['CUDAExecutionProvider', 'CPUExecutionProvider']",False,0,0,0,False,False,5,9,59.0,0.12475109100341797,73.0,2047.0,nvml
007288.png,MEDIUM,onnx_cuda,"['CUDAExecutionProvider', 'CPUExecutionProvider']",False,1,37,0,True,True,45,1,59.0,0.12475109100341797,73.0,1957.0,nvml
007289.png,MEDIUM,onnx_cuda,"['CUDAExecutionProvider', 'CPUExecutionProvider']",False,0,0,1,True,False,15,18,59.0,0.12475109100341797,73.0,2002.0,nvml
007290.png,MEDIUM,onnx_cuda,"['CUDAExecutionProvider', 'CPUExecutionProvider']",False,5,27,0,True,True,43,6,59.0,0.12475109100341797,73.0,1987.0,nvml
007291.png,MEDIUM,onnx_cuda,"['CUDAExecutionProvider', 'CPUExecutionProvider']",False,0,0,0,False,False,31,5,59.0,0.12475109100341797,73.0,2025.0,nvml
007292.png,MEDIUM,onnx_cuda,"['CUDAExecutionProvider', 'CPUExecutionProvider']",False,0,0,0,False,False,19,6,54.0,0.12475109100341797,73.0,2040.0,nvml
007293.png,MEDIUM,onnx_cuda,"['CUDAExecutionProvider', 'CPUExecutionProvider']",False,0,0,0,False,False,10,2,54.0,0.12475109100341797,73.0,1965.0,nvml
007294.png,MEDIUM,onnx_cuda,"['CUDAExecutionProvider', 'CPUExecutionProvider']",False,1,9,0,True,True,55,8,54.0,0.12475109100341797,73.0,2010.0,nvml
007295.png,MEDIUM,onnx_cuda,"['CUDAExecutionProvider', 'CPUExecutionProvider']",False,0,0,0,False,False,9,3,54.0,0.12475109100341797,73.0,1995.0,nvml
007296.png,MEDIUM,onnx_cuda,"['CUDAExecutionProvider', 'CPUExecutionProvider']",False,0,0,0,False,False,75,11,54.0,0.12475109100341797,73.0,2002.0,nvml
007297.png,MEDIUM,onnx_cuda,"['CUDAExecutionProvider', 'CPUExecutionProvider']",False,0,0,0,False,False,24,4,60.0,0.12475109100341797,73.0,2040.0,nvml
007298.png,MEDIUM,onnx_cuda,"['CUDAExecutionProvider', 'CPUExecutionProvider']",False,0,0,0,False,False,11,4,60.0,0.12475109100341797,73.0,2010.0,nvml
007299.png,MEDIUM,onnx_cuda,"['CUDAExecutionProvider', 'CPUExecutionProvider']",False,0,0,0,False,False,67,8,60.0,0.12475109100341797,73.0,1920.0,nvml
007300.png,MEDIUM,onnx_cuda,"['CUDAExecutionProvider', 'CPUExecutionProvider']",False,1,9,0,True,True,16,5,60.0,0.12475109100341797,73.0,1987.0,nvml
007301.png,MEDIUM,onnx_cuda,"['CUDAExecutionProvider', 'CPUExecutionProvider']",False,1,50,2,True,True,124,14,60.0,0.12475109100341797,72.0,1987.0,nvml
007302.png,MEDIUM,onnx_cuda,"['CUDAExecutionProvider', 'CPUExecutionProvider']",False,0,0,0,False,False,12,4,60.0,0.12475109100341797,72.0,2032.0,nvml
007303.png,MEDIUM,onnx_cuda,"['CUDAExecutionProvider', 'CPUExecutionProvider']",False,0,0,0,False,False,24,4,53.0,0.12475109100341797,72.0,2047.0,nvml
007304.png,MEDIUM,onnx_cuda,"['CUDAExecutionProvider', 'CPUExecutionProvider']",False,0,0,0,False,False,19,2,53.0,0.12475109100341797,72.0,1965.0,nvml
007305.png,MEDIUM,onnx_cuda,"['CUDAExecutionProvider', 'CPUExecutionProvider']",False,0,0,0,False,False,11,2,53.0,0.12475109100341797,72.0,1920.0,nvml
007306.png,MEDIUM,onnx_cuda,"['CUDAExecutionProvider', 'CPUExecutionProvider']",False,0,0,0,False,False,24,6,53.0,0.12475109100341797,72.0,1987.0,nvml
007307.png,MEDIUM,onnx_cuda,"['CUDAExecutionProvider', 'CPUExecutionProvider']",False,0,0,0,False,False,15,1,53.0,0.12475109100341797,72.0,1987.0,nvml
007308.png,MEDIUM,onnx_cuda,"['CUDAExecutionProvider', 'CPUExecutionProvider']",False,1,38,0,True,True,41,1,59.0,0.12475109100341797,72.0,2025.0,nvml
007309.png,MEDIUM,onnx_cuda,"['CUDAExecutionProvider', 'CPUExecutionProvider']",False,0,0,0,False,False,72,10,59.0,0.12475109100341797,72.0,2040.0,nvml
007310.png,MEDIUM,onnx_cuda,"['CUDAExecutionProvider', 'CPUExecutionProvider']",False,1,59,0,True,True,69,1,59.0,0.12475109100341797,72.0,1965.0,nvml
007311.png,MEDIUM,onnx_cuda,"['CUDAExecutionProvider', 'CPUExecutionProvider']",False,0,0,0,False,False,35,6,59.0,0.12475109100341797,72.0,2010.0,nvml
007312.png,MEDIUM,onnx_cuda,"['CUDAExecutionProvider', 'CPUExecutionProvider']",False,0,0,0,False,False,55,5,59.0,0.12475109100341797,72.0,1987.0,nvml
007313.png,MEDIUM,onnx_cuda,"['CUDAExecutionProvider', 'CPUExecutionProvider']",False,0,0,0,False,False,72,15,59.0,0.12475109100341797,72.0,2025.0,nvml
007314.png,MEDIUM,onnx_cuda,"['CUDAExecutionProvider', 'CPUExecutionProvider']",False,0,0,0,False,False,62,14,54.0,0.12475109100341797,73.0,2040.0,nvml
007315.png,MEDIUM,onnx_cuda,"['CUDAExecutionProvider', 'CPUExecutionProvider']",False,1,4,0,True,True,109,15,54.0,0.12475109100341797,73.0,1980.0,nvml
007316.png,MEDIUM,onnx_cuda,"['CUDAExecutionProvider', 'CPUExecutionProvider']",False,0,0,0,False,False,43,8,54.0,0.12475109100341797,73.0,2017.0,nvml
007317.png,MEDIUM,onnx_cuda,"['CUDAExecutionProvider', 'CPUExecutionProvider']",False,0,0,0,False,False,41,7,54.0,0.12475109100341797,73.0,1935.0,nvml
007318.png,MEDIUM,onnx_cuda,"['CUDAExecutionProvider', 'CPUExecutionProvider']",False,5,65,2,True,True,84,10,54.0,0.12475109100341797,73.0,1995.0,nvml
007319.png,MEDIUM,onnx_cuda,"['CUDAExecutionProvider', 'CPUExecutionProvider']",False,4,76,2,True,True,90,10,57.0,0.12475109100341797,73.0,1987.0,nvml
007320.png,MEDIUM,onnx_cuda,"['CUDAExecutionProvider', 'CPUExecutionProvider']",False,1,48,0,True,True,52,1,57.0,0.12475109100341797,73.0,2017.0,nvml
007321.png,MEDIUM,onnx_cuda,"['CUDAExecutionProvider', 'CPUExecutionProvider']",False,2,17,0,True,True,39,3,57.0,0.12475109100341797,73.0,2047.0,nvml
007322.png,MEDIUM,onnx_cuda,"['CUDAExecutionProvider', 'CPUExecutionProvider']",False,0,0,0,False,False,35,1,57.0,0.12475109100341797,73.0,1987.0,nvml
007323.png,MEDIUM,onnx_cuda,"['CUDAExecutionProvider', 'CPUExecutionProvider']",False,0,0,0,False,False,52,10,57.0,0.12475109100341797,73.0,1927.0,nvml
007324.png,MEDIUM,onnx_cuda,"['CUDAExecutionProvider', 'CPUExecutionProvider']",False,2,19,1,True,True,46,9,57.0,0.12475109100341797,73.0,1987.0,nvml
007325.png,MEDIUM,onnx_cuda,"['CUDAExecutionProvider', 'CPUExecutionProvider']",False,0,0,0,False,False,110,11,56.0,0.12475109100341797,73.0,1987.0,nvml
007326.png,MEDIUM,onnx_cuda,"['CUDAExecutionProvider', 'CPUExecutionProvider']",False,0,0,1,True,False,44,5,56.0,0.12475109100341797,73.0,2002.0,nvml
007327.png,MEDIUM,onnx_cuda,"['CUDAExecutionProvider', 'CPUExecutionProvider']",False,1,62,0,True,True,69,1,56.0,0.12475109100341797,73.0,2032.0,nvml
007328.png,MEDIUM,onnx_cuda,"['CUDAExecutionProvider', 'CPUExecutionProvider']",False,0,0,0,False,False,46,4,56.0,0.12475109100341797,73.0,2032.0,nvml
007329.png,MEDIUM,onnx_cuda,"['CUDAExecutionProvider', 'CPUExecutionProvider']",False,0,0,0,False,False,69,9,56.0,0.12475109100341797,73.0,1927.0,nvml
007330.png,MEDIUM,onnx_cuda,"['CUDAExecutionProvider', 'CPUExecutionProvider']",False,0,0,0,False,False,54,6,56.0,0.12475109100341797,73.0,1987.0,nvml
007331.png,MEDIUM,onnx_cuda,"['CUDAExecutionProvider', 'CPUExecutionProvider']",False,0,0,1,True,False,6,6,56.0,0.12475109100341797,73.0,1987.0,nvml
007332.png,MEDIUM,onnx_cuda,"['CUDAExecutionProvider', 'CPUExecutionProvider']",False,0,0,0,False,False,10,1,56.0,0.12475109100341797,73.0,2032.0,nvml
007333.png,MEDIUM,onnx_cuda,"['CUDAExecutionProvider', 'CPUExecutionProvider']",False,7,72,0,True,True,79,10,56.0,0.12475109100341797,73.0,2047.0,nvml
007334.png,MEDIUM,onnx_cuda,"['CUDAExecutionProvider', 'CPUExecutionProvider']",False,0,0,1,True,False,12,8,56.0,0.12475109100341797,73.0,2040.0,nvml
007335.png,MEDIUM,onnx_cuda,"['CUDAExecutionProvider', 'CPUExecutionProvider']",False,0,0,0,False,False,12,2,56.0,0.12475109100341797,73.0,1942.0,nvml
007336.png,MEDIUM,onnx_cuda,"['CUDAExecutionProvider', 'CPUExecutionProvider']",False,0,0,0,False,False,20,3,57.0,0.12475109100341797,73.0,2002.0,nvml
007337.png,MEDIUM,onnx_cuda,"['CUDAExecutionProvider', 'CPUExecutionProvider']",False,0,0,0,False,False,60,7,57.0,0.12475109100341797,73.0,1987.0,nvml
007338.png,MEDIUM,onnx_cuda,"['CUDAExecutionProvider', 'CPUExecutionProvider']",False,0,0,2,True,False,0,2,57.0,0.12475109100341797,73.0,2017.0,nvml
007339.png,MEDIUM,onnx_cuda,"['CUDAExecutionProvider', 'CPUExecutionProvider']",False,0,0,0,False,False,78,10,57.0,0.12475109100341797,73.0,2047.0,nvml
007340.png,MEDIUM,onnx_cuda,"['CUDAExecutionProvider', 'CPUExecutionProvider']",False,0,0,0,False,False,16,4,57.0,0.12475109100341797,74.0,1987.0,nvml
007341.png,MEDIUM,onnx_cuda,"['CUDAExecutionProvider', 'CPUExecutionProvider']",False,0,2,0,False,True,41,8,55.0,0.12475109100341797,74.0,1912.0,nvml
007342.png,MEDIUM,onnx_cuda,"['CUDAExecutionProvider', 'CPUExecutionProvider']",False,0,0,0,False,False,79,11,55.0,0.12475109100341797,74.0,1987.0,nvml
007343.png,MEDIUM,onnx_cuda,"['CUDAExecutionProvider', 'CPUExecutionProvider']",False,0,0,0,False,False,19,4,55.0,0.12475109100341797,74.0,1987.0,nvml
007344.png,MEDIUM,onnx_cuda,"['CUDAExecutionProvider', 'CPUExecutionProvider']",False,1,60,0,True,True,61,1,55.0,0.12475109100341797,74.0,2025.0,nvml
007345.png,MEDIUM,onnx_cuda,"['CUDAExecutionProvider', 'CPUExecutionProvider']",False,0,0,0,False,False,10,3,55.0,0.12475109100341797,74.0,2025.0,nvml
007346.png,MEDIUM,onnx_cuda,"['CUDAExecutionProvider', 'CPUExecutionProvider']",False,0,0,0,False,False,37,5,55.0,0.12475109100341797,74.0,1935.0,nvml
007347.png,MEDIUM,onnx_cuda,"['CUDAExecutionProvider', 'CPUExecutionProvider']",False,0,0,3,True,False,14,9,58.0,0.12475109100341797,74.0,1995.0,nvml
007348.png,MEDIUM,onnx_cuda,"['CUDAExecutionProvider', 'CPUExecutionProvider']",False,0,1,0,False,True,29,2,58.0,0.12475109100341797,74.0,1987.0,nvml
007349.png,MEDIUM,onnx_cuda,"['CUDAExecutionProvider', 'CPUExecutionProvider']",False,0,0,1,True,False,37,7,58.0,0.12475109100341797,74.0,2025.0,nvml
007350.png,MEDIUM,onnx_cuda,"['CUDAExecutionProvider', 'CPUExecutionProvider']",False,0,0,0,False,False,68,11,58.0,0.12475109100341797,74.0,2040.0,nvml
007351.png,MEDIUM,onnx_cuda,"['CUDAExecutionProvider', 'CPUExecutionProvider']",False,1,47,0,True,True,58,1,58.0,0.12475109100341797,74.0,1965.0,nvml
007352.png,MEDIUM,onnx_cuda,"['CUDAExecutionProvider', 'CPUExecutionProvider']",False,0,0,0,False,False,25,6,56.0,0.12475109100341797,74.0,2010.0,nvml
007353.png,MEDIUM,onnx_cuda,"['CUDAExecutionProvider', 'CPUExecutionProvider']",False,0,0,0,False,False,75,10,56.0,0.12475109100341797,73.0,1995.0,nvml
007354.png,MEDIUM,onnx_cuda,"['CUDAExecutionProvider', 'CPUExecutionProvider']",False,0,0,0,False,False,20,3,56.0,0.12475109100341797,73.0,2032.0,nvml
007355.png,MEDIUM,onnx_cuda,"['CUDAExecutionProvider', 'CPUExecutionProvider']",False,0,0,1,True,False,34,8,56.0,0.12475109100341797,73.0,2047.0,nvml
007356.png,MEDIUM,onnx_cuda,"['CUDAExecutionProvider', 'CPUExecutionProvider']",False,0,1,0,False,True,44,7,56.0,0.12475109100341797,73.0,2010.0,nvml
007357.png,MEDIUM,onnx_cuda,"['CUDAExecutionProvider', 'CPUExecutionProvider']",False,0,0,0,False,False,26,7,56.0,0.12475109100341797,73.0,2040.0,nvml
007358.png,MEDIUM,onnx_cuda,"['CUDAExecutionProvider', 'CPUExecutionProvider']",False,0,0,0,False,False,25,3,57.0,0.12475109100341797,73.0,2010.0,nvml
007359.png,MEDIUM,onnx_cuda,"['CUDAExecutionProvider', 'CPUExecutionProvider']",False,0,0,1,True,False,51,6,57.0,0.12475109100341797,73.0,1912.0,nvml
007360.png,MEDIUM,onnx_cuda,"['CUDAExecutionProvider', 'CPUExecutionProvider']",False,0,0,0,False,False,56,12,57.0,0.12475109100341797,73.0,1987.0,nvml
007361.png,MEDIUM,onnx_cuda,"['CUDAExecutionProvider', 'CPUExecutionProvider']",False,0,0,0,False,False,30,10,57.0,0.12475109100341797,73.0,1995.0,nvml
007362.png,MEDIUM,onnx_cuda,"['CUDAExecutionProvider', 'CPUExecutionProvider']",False,1,69,0,True,True,80,2,57.0,0.12475109100341797,73.0,2032.0,nvml
007363.png,MEDIUM,onnx_cuda,"['CUDAExecutionProvider', 'CPUExecutionProvider']",False,0,0,1,True,False,32,7,57.0,0.12475109100341797,73.0,2032.0,nvml
007364.png,MEDIUM,onnx_cuda,"['CUDAExecutionProvider', 'CPUExecutionProvider']",False,0,0,0,False,False,50,8,57.0,0.12475109100341797,73.0,1950.0,nvml
007365.png,MEDIUM,onnx_cuda,"['CUDAExecutionProvider', 'CPUExecutionProvider']",False,0,0,0,False,False,51,8,57.0,0.12475109100341797,73.0,1920.0,nvml
007366.png,MEDIUM,onnx_cuda,"['CUDAExecutionProvider', 'CPUExecutionProvider']",False,0,1,1,True,True,84,11,57.0,0.12475109100341797,73.0,1927.0,nvml
007367.png,MEDIUM,onnx_cuda,"['CUDAExecutionProvider', 'CPUExecutionProvider']",False,0,0,0,False,False,28,1,57.0,0.12475109100341797,73.0,1912.0,nvml
007368.png,MEDIUM,onnx_cuda,"['CUDAExecutionProvider', 'CPUExecutionProvider']",False,2,30,0,True,True,32,7,55.0,0.12475109100341797,73.0,1987.0,nvml
007369.png,MEDIUM,onnx_cuda,"['CUDAExecutionProvider', 'CPUExecutionProvider']",False,1,21,0,True,True,33,6,55.0,0.12475109100341797,73.0,1987.0,nvml
007370.png,MEDIUM,onnx_cuda,"['CUDAExecutionProvider', 'CPUExecutionProvider']",False,0,0,0,False,False,12,2,55.0,0.12475109100341797,73.0,1950.0,nvml
007371.png,MEDIUM,onnx_cuda,"['CUDAExecutionProvider', 'CPUExecutionProvider']",False,0,10,0,False,True,38,5,55.0,0.12475109100341797,73.0,2002.0,nvml
007372.png,MEDIUM,onnx_cuda,"['CUDAExecutionProvider', 'CPUExecutionProvider']",False,1,63,0,True,True,66,1,55.0,0.12475109100341797,73.0,1995.0,nvml
007373.png,MEDIUM,onnx_cuda,"['CUDAExecutionProvider', 'CPUExecutionProvider']",False,0,0,0,False,False,36,2,55.0,0.12475109100341797,73.0,2025.0,nvml
007374.png,MEDIUM,onnx_cuda,"['CUDAExecutionProvider', 'CPUExecutionProvider']",False,1,13,0,True,True,39,4,53.0,0.12475109100341797,73.0,2040.0,nvml
007375.png,MEDIUM,onnx_cuda,"['CUDAExecutionProvider', 'CPUExecutionProvider']",False,1,8,0,True,True,19,6,53.0,0.12475109100341797,73.0,1957.0,nvml
007376.png,MEDIUM,onnx_cuda,"['CUDAExecutionProvider', 'CPUExecutionProvider']",False,0,0,0,False,False,31,6,53.0,0.12475109100341797,73.0,1927.0,nvml
007377.png,MEDIUM,onnx_cuda,"['CUDAExecutionProvider', 'CPUExecutionProvider']",False,1,9,0,True,True,32,4,53.0,0.12475109100341797,73.0,1912.0,nvml
007378.png,MEDIUM,onnx_cuda,"['CUDAExecutionProvider', 'CPUExecutionProvider']",False,0,0,0,False,False,57,5,53.0,0.12475109100341797,73.0,1987.0,nvml
007379.png,MEDIUM,onnx_cuda,"['CUDAExecutionProvider', 'CPUExecutionProvider']",False,0,0,0,False,False,35,6,57.0,0.12475109100341797,73.0,1987.0,nvml
007380.png,MEDIUM,onnx_cuda,"['CUDAExecutionProvider', 'CPUExecutionProvider']",False,0,0,0,False,False,28,3,57.0,0.12475109100341797,73.0,2025.0,nvml
007381.png,MEDIUM,onnx_cuda,"['CUDAExecutionProvider', 'CPUExecutionProvider']",False,0,0,0,False,False,10,3,57.0,0.12475109100341797,73.0,2047.0,nvml
007382.png,MEDIUM,onnx_cuda,"['CUDAExecutionProvider', 'CPUExecutionProvider']",False,0,0,0,False,False,39,7,57.0,0.12475109100341797,73.0,1950.0,nvml
007383.png,MEDIUM,onnx_cuda,"['CUDAExecutionProvider', 'CPUExecutionProvider']",False,0,0,0,False,False,80,9,57.0,0.12475109100341797,73.0,2002.0,nvml
007384.png,MEDIUM,onnx_cuda,"['CUDAExecutionProvider', 'CPUExecutionProvider']",False,0,0,0,False,False,45,6,57.0,0.12475109100341797,73.0,1995.0,nvml
007385.png,MEDIUM,onnx_cuda,"['CUDAExecutionProvider', 'CPUExecutionProvider']",False,1,9,0,True,True,15,5,55.0,0.12475109100341797,73.0,2025.0,nvml
007386.png,MEDIUM,onnx_cuda,"['CUDAExecutionProvider', 'CPUExecutionProvider']",False,0,9,0,False,True,83,9,55.0,0.12475109100341797,73.0,2017.0,nvml
007387.png,MEDIUM,onnx_cuda,"['CUDAExecutionProvider', 'CPUExecutionProvider']",False,1,26,0,True,True,29,1,55.0,0.12475109100341797,73.0,1935.0,nvml
007388.png,MEDIUM,onnx_cuda,"['CUDAExecutionProvider', 'CPUExecutionProvider']",False,0,0,0,False,False,85,15,55.0,0.12475109100341797,73.0,1912.0,nvml
007389.png,MEDIUM,onnx_cuda,"['CUDAExecutionProvider', 'CPUExecutionProvider']",False,0,0,0,False,False,11,6,55.0,0.12475109100341797,73.0,1987.0,nvml
007390.png,MEDIUM,onnx_cuda,"['CUDAExecutionProvider', 'CPUExecutionProvider']",False,0,0,0,False,False,31,4,58.0,0.12475109100341797,73.0,1995.0,nvml
007391.png,MEDIUM,onnx_cuda,"['CUDAExecutionProvider', 'CPUExecutionProvider']",False,0,0,0,False,False,23,6,58.0,0.12475109100341797,73.0,2032.0,nvml
007392.png,MEDIUM,onnx_cuda,"['CUDAExecutionProvider', 'CPUExecutionProvider']",False,0,0,0,False,False,56,10,58.0,0.12475109100341797,73.0,2047.0,nvml
007393.png,MEDIUM,onnx_cuda,"['CUDAExecutionProvider', 'CPUExecutionProvider']",False,0,9,1,True,True,94,15,58.0,0.12475109100341797,73.0,2002.0,nvml
007394.png,MEDIUM,onnx_cuda,"['CUDAExecutionProvider', 'CPUExecutionProvider']",False,0,10,0,False,True,102,15,58.0,0.12475109100341797,73.0,2047.0,nvml
007395.png,MEDIUM,onnx_cuda,"['CUDAExecutionProvider', 'CPUExecutionProvider']",False,1,1,0,True,True,21,3,58.0,0.12475109100341797,73.0,2032.0,nvml
007396.png,MEDIUM,onnx_cuda,"['CUDAExecutionProvider', 'CPUExecutionProvider']",False,0,0,0,False,False,57,9,55.0,0.12475109100341797,73.0,2025.0,nvml
007397.png,MEDIUM,onnx_cuda,"['CUDAExecutionProvider', 'CPUExecutionProvider']",False,0,0,0,False,False,1,3,55.0,0.12475109100341797,73.0,1920.0,nvml
007398.png,MEDIUM,onnx_cuda,"['CUDAExecutionProvider', 'CPUExecutionProvider']",False,1,7,0,True,True,42,9,55.0,0.12475109100341797,73.0,1987.0,nvml
007399.png,MEDIUM,onnx_cuda,"['CUDAExecutionProvider', 'CPUExecutionProvider']",False,0,0,0,False,False,11,2,55.0,0.12475109100341797,73.0,1995.0,nvml
007400.png,MEDIUM,onnx_cuda,"['CUDAExecutionProvider', 'CPUExecutionProvider']",False,0,0,0,False,False,63,15,55.0,0.12475109100341797,73.0,2025.0,nvml
007401.png,MEDIUM,onnx_cuda,"['CUDAExecutionProvider', 'CPUExecutionProvider']",False,0,0,0,False,False,60,9,56.0,0.12475109100341797,73.0,2025.0,nvml
007402.png,MEDIUM,onnx_cuda,"['CUDAExecutionProvider', 'CPUExecutionProvider']",False,0,0,0,False,False,66,10,56.0,0.12475109100341797,73.0,1942.0,nvml
007403.png,MEDIUM,onnx_cuda,"['CUDAExecutionProvider', 'CPUExecutionProvider']",False,0,0,0,False,False,51,7,56.0,0.12475109100341797,73.0,2002.0,nvml
007404.png,MEDIUM,onnx_cuda,"['CUDAExecutionProvider', 'CPUExecutionProvider']",False,0,0,0,False,False,80,12,56.0,0.12475109100341797,73.0,1995.0,nvml
007405.png,MEDIUM,onnx_cuda,"['CUDAExecutionProvider', 'CPUExecutionProvider']",False,0,0,0,False,False,35,5,56.0,0.12475109100341797,73.0,2032.0,nvml
007406.png,MEDIUM,onnx_cuda,"['CUDAExecutionProvider', 'CPUExecutionProvider']",False,4,29,0,True,True,60,9,56.0,0.12475109100341797,73.0,2047.0,nvml
007407.png,MEDIUM,onnx_cuda,"['CUDAExecutionProvider', 'CPUExecutionProvider']",False,2,9,0,True,True,42,7,57.0,0.12475109100341797,73.0,1980.0,nvml
007408.png,MEDIUM,onnx_cuda,"['CUDAExecutionProvider', 'CPUExecutionProvider']",False,1,49,0,True,True,52,1,57.0,0.12475109100341797,73.0,2017.0,nvml
007409.png,MEDIUM,onnx_cuda,"['CUDAExecutionProvider', 'CPUExecutionProvider']",False,0,0,0,False,False,10,1,57.0,0.12475109100341797,73.0,1987.0,nvml
007410.png,MEDIUM,onnx_cuda,"['CUDAExecutionProvider', 'CPUExecutionProvider']",False,2,25,2,True,True,61,10,57.0,0.12475109100341797,73.0,2025.0,nvml
007411.png,MEDIUM,onnx_cuda,"['CUDAExecutionProvider', 'CPUExecutionProvider']",False,0,0,0,False,False,55,6,57.0,0.12475109100341797,73.0,2025.0,nvml
007412.png,MEDIUM,onnx_cuda,"['CUDAExecutionProvider', 'CPUExecutionProvider']",False,5,107,2,True,True,133,10,58.0,0.12475109100341797,73.0,1935.0,nvml
007413.png,MEDIUM,onnx_cuda,"['CUDAExecutionProvider', 'CPUExecutionProvider']",False,0,5,0,False,True,18,2,58.0,0.12475109100341797,73.0,1995.0,nvml
007414.png,MEDIUM,onnx_cuda,"['CUDAExecutionProvider', 'CPUExecutionProvider']",False,1,12,1,True,True,95,13,58.0,0.12475109100341797,73.0,1995.0,nvml
007415.png,MEDIUM,onnx_cuda,"['CUDAExecutionProvider', 'CPUExecutionProvider']",False,0,0,0,False,False,23,8,58.0,0.12475109100341797,73.0,2032.0,nvml
007416.png,MEDIUM,onnx_cuda,"['CUDAExecutionProvider', 'CPUExecutionProvider']",False,0,0,1,True,False,14,3,58.0,0.12475109100341797,73.0,2047.0,nvml
007417.png,MEDIUM,onnx_cuda,"['CUDAExecutionProvider', 'CPUExecutionProvider']",False,0,0,0,False,False,10,1,58.0,0.12475109100341797,73.0,1957.0,nvml
007418.png,MEDIUM,onnx_cuda,"['CUDAExecutionProvider', 'CPUExecutionProvider']",False,0,0,0,False,False,4,3,54.0,0.12475109100341797,74.0,2025.0,nvml
007419.png,MEDIUM,onnx_cuda,"['CUDAExecutionProvider', 'CPUExecutionProvider']",False,0,0,0,False,False,24,4,54.0,0.12475109100341797,74.0,1950.0,nvml
007420.png,MEDIUM,onnx_cuda,"['CUDAExecutionProvider', 'CPUExecutionProvider']",False,8,156,3,True,True,244,19,54.0,0.12475109100341797,74.0,1927.0,nvml
007421.png,MEDIUM,onnx_cuda,"['CUDAExecutionProvider', 'CPUExecutionProvider']",False,0,0,0,False,False,102,14,54.0,0.12475109100341797,74.0,1920.0,nvml
007422.png,MEDIUM,onnx_cuda,"['CUDAExecutionProvider', 'CPUExecutionProvider']",False,0,0,0,False,False,76,14,54.0,0.12475109100341797,74.0,1987.0,nvml
007423.png,MEDIUM,onnx_cuda,"['CUDAExecutionProvider', 'CPUExecutionProvider']",False,0,0,0,False,False,30,6,56.0,0.12475109100341797,74.0,1995.0,nvml
007424.png,MEDIUM,onnx_cuda,"['CUDAExecutionProvider', 'CPUExecutionProvider']",False,0,0,0,False,False,79,12,56.0,0.12475109100341797,74.0,2025.0,nvml
007425.png,MEDIUM,onnx_cuda,"['CUDAExecutionProvider', 'CPUExecutionProvider']",False,0,0,0,False,False,16,5,56.0,0.12475109100341797,74.0,2040.0,nvml
007426.png,MEDIUM,onnx_cuda,"['CUDAExecutionProvider', 'CPUExecutionProvider']",False,0,0,0,False,False,39,6,56.0,0.12475109100341797,74.0,1927.0,nvml
007427.png,MEDIUM,onnx_cuda,"['CUDAExecutionProvider', 'CPUExecutionProvider']",False,1,38,0,True,True,46,1,56.0,0.12475109100341797,74.0,1987.0,nvml
007428.png,MEDIUM,onnx_cuda,"['CUDAExecutionProvider', 'CPUExecutionProvider']",False,0,0,0,False,False,29,5,56.0,0.12475109100341797,74.0,1995.0,nvml
007429.png,MEDIUM,onnx_cuda,"['CUDAExecutionProvider', 'CPUExecutionProvider']",False,0,0,0,False,False,28,7,57.0,0.12475109100341797,74.0,2032.0,nvml
007430.png,MEDIUM,onnx_cuda,"['CUDAExecutionProvider', 'CPUExecutionProvider']",False,0,0,0,False,False,75,10,57.0,0.12475109100341797,74.0,2025.0,nvml
007431.png,MEDIUM,onnx_cuda,"['CUDAExecutionProvider', 'CPUExecutionProvider']",False,1,43,0,True,True,46,1,57.0,0.12475109100341797,74.0,1942.0,nvml
007432.png,MEDIUM,onnx_cuda,"['CUDAExecutionProvider', 'CPUExecutionProvider']",False,0,0,0,False,False,33,3,57.0,0.12475109100341797,74.0,1912.0,nvml
007433.png,MEDIUM,onnx_cuda,"['CUDAExecutionProvider', 'CPUExecutionProvider']",False,0,1,0,False,True,45,7,57.0,0.12475109100341797,74.0,1987.0,nvml
007434.png,MEDIUM,onnx_cuda,"['CUDAExecutionProvider', 'CPUExecutionProvider']",False,1,20,0,True,True,45,4,56.0,0.12475109100341797,74.0,1995.0,nvml
007435.png,MEDIUM,onnx_cuda,"['CUDAExecutionProvider', 'CPUExecutionProvider']",False,0,0,0,False,False,60,9,56.0,0.12475109100341797,74.0,2032.0,nvml
007436.png,MEDIUM,onnx_cuda,"['CUDAExecutionProvider', 'CPUExecutionProvider']",False,1,58,0,True,True,61,1,56.0,0.12475109100341797,74.0,2032.0,nvml
007437.png,MEDIUM,onnx_cuda,"['CUDAExecutionProvider', 'CPUExecutionProvider']",False,0,0,0,False,False,40,6,56.0,0.12475109100341797,74.0,1942.0,nvml
007438.png,MEDIUM,onnx_cuda,"['CUDAExecutionProvider', 'CPUExecutionProvider']",False,0,0,0,False,False,26,2,56.0,0.12475109100341797,74.0,2002.0,nvml
007439.png,MEDIUM,onnx_cuda,"['CUDAExecutionProvider', 'CPUExecutionProvider']",False,0,0,0,False,False,15,4,56.0,0.12475109100341797,74.0,1995.0,nvml
007440.png,MEDIUM,onnx_cuda,"['CUDAExecutionProvider', 'CPUExecutionProvider']",False,0,0,0,False,False,58,11,57.0,0.12475109100341797,74.0,2032.0,nvml
007441.png,MEDIUM,onnx_cuda,"['CUDAExecutionProvider', 'CPUExecutionProvider']",False,0,0,0,False,False,10,2,57.0,0.12475109100341797,74.0,2025.0,nvml
007442.png,MEDIUM,onnx_cuda,"['CUDAExecutionProvider', 'CPUExecutionProvider']",False,0,0,0,False,False,58,8,57.0,0.12475109100341797,74.0,1927.0,nvml
007443.png,MEDIUM,onnx_cuda,"['CUDAExecutionProvider', 'CPUExecutionProvider']",False,0,0,0,False,False,13,4,57.0,0.12475109100341797,74.0,1987.0,nvml
007444.png,MEDIUM,onnx_cuda,"['CUDAExecutionProvider', 'CPUExecutionProvider']",False,0,1,0,False,True,38,5,57.0,0.12475109100341797,73.0,1987.0,nvml
007445.png,MEDIUM,onnx_cuda,"['CUDAExecutionProvider', 'CPUExecutionProvider']",False,0,13,0,False,True,51,9,56.0,0.12475109100341797,73.0,2010.0,nvml
007446.png,MEDIUM,onnx_cuda,"['CUDAExecutionProvider', 'CPUExecutionProvider']",False,1,20,0,True,True,31,3,56.0,0.12475109100341797,73.0,2032.0,nvml
007447.png,MEDIUM,onnx_cuda,"['CUDAExecutionProvider', 'CPUExecutionProvider']",False,0,3,1,True,True,33,5,56.0,0.12475109100341797,73.0,2025.0,nvml
007448.png,MEDIUM,onnx_cuda,"['CUDAExecutionProvider', 'CPUExecutionProvider']",False,1,43,0,True,True,45,1,56.0,0.12475109100341797,73.0,1920.0,nvml
007449.png,MEDIUM,onnx_cuda,"['CUDAExecutionProvider', 'CPUExecutionProvider']",False,0,0,0,False,False,26,3,56.0,0.12475109100341797,73.0,1987.0,nvml
007450.png,MEDIUM,onnx_cuda,"['CUDAExecutionProvider', 'CPUExecutionProvider']",False,0,0,0,False,False,4,2,56.0,0.12475109100341797,73.0,1987.0,nvml
007451.png,MEDIUM,onnx_cuda,"['CUDAExecutionProvider', 'CPUExecutionProvider']",False,1,7,2,True,True,51,10,57.0,0.12475109100341797,73.0,2010.0,nvml
007452.png,MEDIUM,onnx_cuda,"['CUDAExecutionProvider', 'CPUExecutionProvider']",False,1,8,1,True,True,64,8,57.0,0.12475109100341797,73.0,2040.0,nvml
007453.png,MEDIUM,onnx_cuda,"['CUDAExecutionProvider', 'CPUExecutionProvider']",False,0,0,0,False,False,24,7,57.0,0.12475109100341797,73.0,2002.0,nvml
007454.png,MEDIUM,onnx_cuda,"['CUDAExecutionProvider', 'CPUExecutionProvider']",False,0,0,0,False,False,43,6,57.0,0.12475109100341797,73.0,1912.0,nvml
007455.png,MEDIUM,onnx_cuda,"['CUDAExecutionProvider', 'CPUExecutionProvider']",False,0,0,0,False,False,8,1,57.0,0.12475109100341797,73.0,1987.0,nvml
007456.png,MEDIUM,onnx_cuda,"['CUDAExecutionProvider', 'CPUExecutionProvider']",False,0,0,0,False,False,21,6,56.0,0.12475109100341797,73.0,1987.0,nvml
007457.png,MEDIUM,onnx_cuda,"['CUDAExecutionProvider', 'CPUExecutionProvider']",False,0,2,0,False,True,23,8,56.0,0.12475109100341797,73.0,2032.0,nvml
007458.png,MEDIUM,onnx_cuda,"['CUDAExecutionProvider', 'CPUExecutionProvider']",False,0,0,1,True,False,134,21,56.0,0.12475109100341797,73.0,2047.0,nvml
007459.png,MEDIUM,onnx_cuda,"['CUDAExecutionProvider', 'CPUExecutionProvider']",False,0,0,0,False,False,47,6,56.0,0.12475109100341797,73.0,1957.0,nvml
007460.png,MEDIUM,onnx_cuda,"['CUDAExecutionProvider', 'CPUExecutionProvider']",False,0,0,0,False,False,10,2,56.0,0.12475109100341797,73.0,1942.0,nvml
007461.png,MEDIUM,onnx_cuda,"['CUDAExecutionProvider', 'CPUExecutionProvider']",False,0,0,0,False,False,10,1,56.0,0.12475109100341797,73.0,2002.0,nvml
007462.png,MEDIUM,onnx_cuda,"['CUDAExecutionProvider', 'CPUExecutionProvider']",False,0,0,0,False,False,64,10,57.0,0.12475109100341797,73.0,1987.0,nvml
007463.png,MEDIUM,onnx_cuda,"['CUDAExecutionProvider', 'CPUExecutionProvider']",False,1,2,0,True,True,55,8,57.0,0.12475109100341797,73.0,2025.0,nvml
007464.png,MEDIUM,onnx_cuda,"['CUDAExecutionProvider', 'CPUExecutionProvider']",False,3,30,1,True,True,52,6,57.0,0.12475109100341797,73.0,2040.0,nvml
007465.png,MEDIUM,onnx_cuda,"['CUDAExecutionProvider', 'CPUExecutionProvider']",False,1,2,0,True,True,56,8,57.0,0.12475109100341797,73.0,1972.0,nvml
007466.png,MEDIUM,onnx_cuda,"['CUDAExecutionProvider', 'CPUExecutionProvider']",False,0,0,0,False,False,30,6,57.0,0.12475109100341797,73.0,1935.0,nvml
007467.png,MEDIUM,onnx_cuda,"['CUDAExecutionProvider', 'CPUExecutionProvider']",False,0,0,0,False,False,37,5,54.0,0.12475109100341797,73.0,1995.0,nvml
007468.png,MEDIUM,onnx_cuda,"['CUDAExecutionProvider', 'CPUExecutionProvider']",False,0,9,0,False,True,57,6,54.0,0.12475109100341797,73.0,1987.0,nvml
007469.png,MEDIUM,onnx_cuda,"['CUDAExecutionProvider', 'CPUExecutionProvider']",False,1,52,3,True,True,86,7,54.0,0.12475109100341797,73.0,2032.0,nvml
007470.png,MEDIUM,onnx_cuda,"['CUDAExecutionProvider', 'CPUExecutionProvider']",False,0,0,0,False,False,71,10,54.0,0.12475109100341797,74.0,2047.0,nvml
007471.png,MEDIUM,onnx_cuda,"['CUDAExecutionProvider', 'CPUExecutionProvider']",False,0,0,0,False,False,5,1,54.0,0.12475109100341797,74.0,1972.0,nvml
007472.png,MEDIUM,onnx_cuda,"['CUDAExecutionProvider', 'CPUExecutionProvider']",False,0,0,0,False,False,0,2,54.0,0.12475109100341797,74.0,2017.0,nvml
007473.png,MEDIUM,onnx_cuda,"['CUDAExecutionProvider', 'CPUExecutionProvider']",False,0,0,1,True,False,39,5,59.0,0.12475109100341797,74.0,1987.0,nvml
007474.png,MEDIUM,onnx_cuda,"['CUDAExecutionProvider', 'CPUExecutionProvider']",False,0,0,0,False,False,33,7,59.0,0.12475109100341797,74.0,2032.0,nvml
007475.png,MEDIUM,onnx_cuda,"['CUDAExecutionProvider', 'CPUExecutionProvider']",False,0,0,0,False,False,71,8,59.0,0.12475109100341797,74.0,2010.0,nvml
007476.png,MEDIUM,onnx_cuda,"['CUDAExecutionProvider', 'CPUExecutionProvider']",False,1,2,0,True,True,43,5,59.0,0.12475109100341797,74.0,1920.0,nvml
007477.png,MEDIUM,onnx_cuda,"['CUDAExecutionProvider', 'CPUExecutionProvider']",False,1,31,0,True,True,41,1,59.0,0.12475109100341797,74.0,1987.0,nvml
007478.png,MEDIUM,onnx_cuda,"['CUDAExecutionProvider', 'CPUExecutionProvider']",False,0,0,0,False,False,18,5,56.0,0.12475109100341797,74.0,1987.0,nvml
007479.png,MEDIUM,onnx_cuda,"['CUDAExecutionProvider', 'CPUExecutionProvider']",False,0,0,0,False,False,26,8,56.0,0.12475109100341797,74.0,2025.0,nvml
007480.png,MEDIUM,onnx_cuda,"['CUDAExecutionProvider', 'CPUExecutionProvider']",False,1,6,0,True,True,123,16,56.0,0.12475109100341797,74.0,2040.0,nvml
