image,tier,backend,simulated,tp,fp,fn,vru_in_gt,vru_in_pred,n_preds,n_gt
000000000139.jpg,NANO,onnx_cuda,False,1,8,1,True,True,41,20
000000000285.jpg,NANO,onnx_cuda,False,0,0,0,False,False,10,1
000000000632.jpg,NANO,onnx_cuda,False,0,0,0,False,False,26,17
000000000724.jpg,NANO,onnx_cuda,False,0,0,0,False,False,10,4
000000000776.jpg,NANO,onnx_cuda,False,0,0,0,False,False,30,4
000000000785.jpg,NANO,onnx_cuda,False,1,9,0,True,True,20,2
000000000802.jpg,NANO,onnx_cuda,False,0,0,0,False,False,10,2
000000000872.jpg,NANO,onnx_cuda,False,2,16,0,True,True,22,4
000000000885.jpg,NANO,onnx_cuda,False,2,16,6,True,True,31,9
000000001000.jpg,NANO,onnx_cuda,False,9,59,3,True,True,72,17
000000001268.jpg,NANO,onnx_cuda,False,4,29,0,True,True,40,11
000000001296.jpg,NANO,onnx_cuda,False,2,16,0,True,True,18,4
000000001353.jpg,NANO,onnx_cuda,False,0,0,6,True,False,0,7
000000001425.jpg,NANO,onnx_cuda,False,0,0,0,False,False,4,2
000000001490.jpg,NANO,onnx_cuda,False,1,9,0,True,True,10,2
000000001503.jpg,NANO,onnx_cuda,False,0,0,0,False,False,46,5
000000001532.jpg,NANO,onnx_cuda,False,0,2,0,False,True,35,8
000000001584.jpg,NANO,onnx_cuda,False,2,2,9,True,True,32,14
000000001675.jpg,NANO,onnx_cuda,False,0,0,0,False,False,9,2
000000001761.jpg,NANO,onnx_cuda,False,0,0,5,True,False,23,7
000000001818.jpg,NANO,onnx_cuda,False,0,0,0,False,False,18,2
000000001993.jpg,NANO,onnx_cuda,False,0,0,0,False,False,27,4
000000002006.jpg,NANO,onnx_cuda,False,2,13,1,True,True,25,8
000000002149.jpg,NANO,onnx_cuda,False,0,0,0,False,False,19,2
000000002153.jpg,NANO,onnx_cuda,False,4,21,0,True,True,26,5
000000002157.jpg,NANO,onnx_cuda,False,0,0,0,False,False,38,16
000000002261.jpg,NANO,onnx_cuda,False,1,10,0,True,True,12,2
000000002299.jpg,NANO,onnx_cuda,False,1,0,12,True,True,1,22
000000002431.jpg,NANO,onnx_cuda,False,0,0,2,True,False,34,9
000000002473.jpg,NANO,onnx_cuda,False,3,15,1,True,True,18,5
000000002532.jpg,NANO,onnx_cuda,False,1,7,0,True,True,13,2
000000002587.jpg,NANO,onnx_cuda,False,0,0,0,False,False,0,2
000000002592.jpg,NANO,onnx_cuda,False,0,0,0,False,False,11,3
000000002685.jpg,NANO,onnx_cuda,False,4,19,2,True,True,23,19
000000002923.jpg,NANO,onnx_cuda,False,0,0,0,False,False,1,7
000000003156.jpg,NANO,onnx_cuda,False,1,9,0,True,True,22,3
000000003255.jpg,NANO,onnx_cuda,False,0,0,6,True,False,2,10
000000003501.jpg,NANO,onnx_cuda,False,0,0,0,False,False,19,3
000000003553.jpg,NANO,onnx_cuda,False,1,8,0,True,True,17,2
000000003661.jpg,NANO,onnx_cuda,False,0,0,0,False,False,0,3
000000003845.jpg,NANO,onnx_cuda,False,0,0,0,False,False,24,12
000000003934.jpg,NANO,onnx_cuda,False,6,34,1,True,True,43,14
000000004134.jpg,NANO,onnx_cuda,False,4,31,9,True,True,39,26
000000004395.jpg,NANO,onnx_cuda,False,1,9,0,True,True,20,2
000000004495.jpg,NANO,onnx_cuda,False,0,0,0,False,False,23,3
000000004765.jpg,NANO,onnx_cuda,False,1,9,0,True,True,16,2
000000004795.jpg,NANO,onnx_cuda,False,0,0,0,False,False,38,3
000000005001.jpg,NANO,onnx_cuda,False,7,40,7,True,True,51,17
000000005037.jpg,NANO,onnx_cuda,False,1,0,6,True,True,11,10
000000005060.jpg,NANO,onnx_cuda,False,1,8,0,True,True,9,2
000000005193.jpg,NANO,onnx_cuda,False,5,41,1,True,True,47,9
000000005477.jpg,NANO,onnx_cuda,False,0,0,0,False,False,10,2
000000005503.jpg,NANO,onnx_cuda,False,0,0,0,False,False,13,1
000000005529.jpg,NANO,onnx_cuda,False,1,9,0,True,True,14,2
000000005586.jpg,NANO,onnx_cuda,False,4,28,9,True,True,34,14
000000005600.jpg,NANO,onnx_cuda,False,0,0,0,False,False,23,3
000000005992.jpg,NANO,onnx_cuda,False,0,0,0,False,False,46,5
000000006012.jpg,NANO,onnx_cuda,False,0,0,0,False,False,9,2
000000006040.jpg,NANO,onnx_cuda,False,0,0,9,True,False,10,12
000000006213.jpg,NANO,onnx_cuda,False,0,0,0,False,False,0,2
000000006460.jpg,NANO,onnx_cuda,False,1,2,0,True,True,6,2
000000006471.jpg,NANO,onnx_cuda,False,7,77,3,True,True,101,16
000000006614.jpg,NANO,onnx_cuda,False,0,0,0,False,False,25,2
000000006723.jpg,NANO,onnx_cuda,False,0,0,0,False,False,5,6
000000006763.jpg,NANO,onnx_cuda,False,3,24,0,True,True,37,7
000000006771.jpg,NANO,onnx_cuda,False,6,31,2,True,True,37,9
000000006818.jpg,NANO,onnx_cuda,False,0,0,0,False,False,0,1
000000006894.jpg,NANO,onnx_cuda,False,1,3,0,True,True,22,2
000000006954.jpg,NANO,onnx_cuda,False,5,51,0,True,True,74,7
000000007088.jpg,NANO,onnx_cuda,False,1,9,0,True,True,19,4
000000007108.jpg,NANO,onnx_cuda,False,0,0,0,False,False,32,5
000000007278.jpg,NANO,onnx_cuda,False,1,8,0,True,True,9,2
000000007281.jpg,NANO,onnx_cuda,False,2,13,8,True,True,27,12
000000007386.jpg,NANO,onnx_cuda,False,1,1,2,True,True,2,5
000000007511.jpg,NANO,onnx_cuda,False,1,11,12,True,True,15,16
000000007574.jpg,NANO,onnx_cuda,False,0,0,0,False,False,34,12
000000007784.jpg,NANO,onnx_cuda,False,0,0,0,False,False,10,1
000000007795.jpg,NANO,onnx_cuda,False,0,0,0,False,False,26,4
000000007816.jpg,NANO,onnx_cuda,False,7,45,4,True,True,52,11
000000007818.jpg,NANO,onnx_cuda,False,0,0,0,False,False,11,11
000000007888.jpg,NANO,onnx_cuda,False,0,0,0,False,False,17,2
000000007977.jpg,NANO,onnx_cuda,False,1,11,4,True,True,23,6
000000007991.jpg,NANO,onnx_cuda,False,0,0,0,False,False,11,3
000000008021.jpg,NANO,onnx_cuda,False,3,23,0,True,True,30,7
000000008211.jpg,NANO,onnx_cuda,False,2,28,2,True,True,30,6
000000008277.jpg,NANO,onnx_cuda,False,0,0,0,False,False,11,13
000000008532.jpg,NANO,onnx_cuda,False,1,9,0,True,True,17,2
000000008629.jpg,NANO,onnx_cuda,False,0,0,0,False,False,3,7
000000008690.jpg,NANO,onnx_cuda,False,2,22,2,True,True,26,5
000000008762.jpg,NANO,onnx_cuda,False,0,0,0,False,False,8,7
000000008844.jpg,NANO,onnx_cuda,False,1,14,2,True,True,15,7
000000008899.jpg,NANO,onnx_cuda,False,0,0,1,True,False,6,2
000000009378.jpg,NANO,onnx_cuda,False,1,9,8,True,True,10,10
000000009400.jpg,NANO,onnx_cuda,False,5,37,4,True,True,79,24
000000009448.jpg,NANO,onnx_cuda,False,1,9,0,True,True,19,2
000000009483.jpg,NANO,onnx_cuda,False,1,18,0,True,True,40,6
000000009590.jpg,NANO,onnx_cuda,False,5,43,1,True,True,72,29
000000009769.jpg,NANO,onnx_cuda,False,0,0,3,True,False,11,5
000000009772.jpg,NANO,onnx_cuda,False,0,0,1,True,False,11,4
000000009891.jpg,NANO,onnx_cuda,False,2,17,2,True,True,34,13
000000009914.jpg,NANO,onnx_cuda,False,0,0,0,False,False,3,7
000000010092.jpg,NANO,onnx_cuda,False,0,0,0,False,False,11,5
000000010363.jpg,NANO,onnx_cuda,False,0,0,1,True,False,20,4
000000010583.jpg,NANO,onnx_cuda,False,0,0,0,False,False,16,4
000000010707.jpg,NANO,onnx_cuda,False,3,20,0,True,True,42,15
000000010764.jpg,NANO,onnx_cuda,False,1,9,0,True,True,20,2
000000010977.jpg,NANO,onnx_cuda,False,0,0,0,False,False,16,2
000000010995.jpg,NANO,onnx_cuda,False,0,0,0,False,False,15,1
000000011051.jpg,NANO,onnx_cuda,False,2,18,0,True,True,25,3
000000011122.jpg,NANO,onnx_cuda,False,0,0,0,False,False,8,1
000000011149.jpg,NANO,onnx_cuda,False,5,37,0,True,True,42,5
000000011197.jpg,NANO,onnx_cuda,False,2,13,4,True,True,34,16
000000011511.jpg,NANO,onnx_cuda,False,1,22,4,True,True,23,10
000000011615.jpg,NANO,onnx_cuda,False,0,0,0,False,False,0,1
000000011699.jpg,NANO,onnx_cuda,False,2,10,1,True,True,26,6
000000011760.jpg,NANO,onnx_cuda,False,0,0,0,False,False,29,3
000000011813.jpg,NANO,onnx_cuda,False,0,0,0,False,False,12,2
000000012062.jpg,NANO,onnx_cuda,False,0,0,0,False,False,20,4
000000012120.jpg,NANO,onnx_cuda,False,2,27,11,True,True,31,24
000000012280.jpg,NANO,onnx_cuda,False,1,6,2,True,True,7,5
000000012576.jpg,NANO,onnx_cuda,False,0,0,1,True,False,40,15
000000012639.jpg,NANO,onnx_cuda,False,6,44,7,True,True,50,15
000000012667.jpg,NANO,onnx_cuda,False,0,0,0,False,False,15,1
000000012670.jpg,NANO,onnx_cuda,False,6,37,7,True,True,43,28
000000012748.jpg,NANO,onnx_cuda,False,2,15,0,True,True,25,3
000000013004.jpg,NANO,onnx_cuda,False,0,0,0,False,False,2,2
000000013177.jpg,NANO,onnx_cuda,False,2,20,1,True,True,22,3
000000013201.jpg,NANO,onnx_cuda,False,1,9,0,True,True,11,2
000000013291.jpg,NANO,onnx_cuda,False,4,32,0,True,True,38,8
000000013348.jpg,NANO,onnx_cuda,False,0,0,6,True,False,10,12
000000013546.jpg,NANO,onnx_cuda,False,1,9,1,True,True,10,8
000000013597.jpg,NANO,onnx_cuda,False,0,0,0,False,False,4,2
000000013659.jpg,NANO,onnx_cuda,False,4,27,1,True,True,83,18
000000013729.jpg,NANO,onnx_cuda,False,4,26,0,True,True,33,11
000000013774.jpg,NANO,onnx_cuda,False,1,10,0,True,True,11,2
000000013923.jpg,NANO,onnx_cuda,False,0,0,0,False,False,37,19
000000014007.jpg,NANO,onnx_cuda,False,0,0,0,False,False,10,2
000000014038.jpg,NANO,onnx_cuda,False,0,0,0,False,False,26,24
000000014226.jpg,NANO,onnx_cuda,False,1,12,0,True,True,34,8
000000014380.jpg,NANO,onnx_cuda,False,0,0,0,False,False,2,2
000000014439.jpg,NANO,onnx_cuda,False,9,48,4,True,True,65,20
000000014473.jpg,NANO,onnx_cuda,False,4,3,3,True,True,15,8
000000014831.jpg,NANO,onnx_cuda,False,0,0,0,False,False,10,2
000000014888.jpg,NANO,onnx_cuda,False,0,0,0,False,False,14,1
000000015079.jpg,NANO,onnx_cuda,False,0,0,0,False,False,20,3
000000015254.jpg,NANO,onnx_cuda,False,0,0,0,False,False,34,8
000000015272.jpg,NANO,onnx_cuda,False,0,0,0,False,False,0,1
000000015278.jpg,NANO,onnx_cuda,False,0,0,0,False,False,9,1
000000015335.jpg,NANO,onnx_cuda,False,3,22,8,True,True,27,15
000000015338.jpg,NANO,onnx_cuda,False,0,0,0,False,False,4,5
000000015440.jpg,NANO,onnx_cuda,False,0,0,0,False,False,17,3
000000015497.jpg,NANO,onnx_cuda,False,0,0,0,False,False,16,3
000000015517.jpg,NANO,onnx_cuda,False,0,0,0,False,False,15,13
000000015597.jpg,NANO,onnx_cuda,False,1,10,1,True,True,12,3
000000015660.jpg,NANO,onnx_cuda,False,1,10,0,True,True,17,7
000000015746.jpg,NANO,onnx_cuda,False,0,0,0,False,False,10,1
000000015751.jpg,NANO,onnx_cuda,False,0,0,0,False,False,0,4
000000015956.jpg,NANO,onnx_cuda,False,1,9,0,True,True,19,4
000000016010.jpg,NANO,onnx_cuda,False,0,0,0,False,False,16,5
000000016228.jpg,NANO,onnx_cuda,False,1,2,12,True,True,17,20
000000016249.jpg,NANO,onnx_cuda,False,4,38,1,True,True,46,11
000000016439.jpg,NANO,onnx_cuda,False,0,0,0,False,False,15,2
000000016451.jpg,NANO,onnx_cuda,False,1,0,0,True,True,18,12
000000016502.jpg,NANO,onnx_cuda,False,0,0,0,False,False,8,1
000000016598.jpg,NANO,onnx_cuda,False,1,9,0,True,True,17,3
000000016958.jpg,NANO,onnx_cuda,False,0,0,0,False,False,34,8
000000017029.jpg,NANO,onnx_cuda,False,0,0,0,False,False,26,4
000000017031.jpg,NANO,onnx_cuda,False,0,10,0,False,True,20,1
000000017115.jpg,NANO,onnx_cuda,False,0,0,0,False,False,20,2
000000017178.jpg,NANO,onnx_cuda,False,0,0,0,False,False,31,5
000000017182.jpg,NANO,onnx_cuda,False,0,0,0,False,False,8,8
000000017207.jpg,NANO,onnx_cuda,False,0,0,2,True,False,28,5
000000017379.jpg,NANO,onnx_cuda,False,0,0,2,True,False,25,5
000000017436.jpg,NANO,onnx_cuda,False,1,10,0,True,True,11,3
000000017627.jpg,NANO,onnx_cuda,False,0,0,4,True,False,44,16
000000017714.jpg,NANO,onnx_cuda,False,0,0,0,False,False,0,17
000000017899.jpg,NANO,onnx_cuda,False,1,10,0,True,True,31,11
000000017905.jpg,NANO,onnx_cuda,False,1,8,0,True,True,19,3
000000017959.jpg,NANO,onnx_cuda,False,0,0,13,True,False,18,24
000000018150.jpg,NANO,onnx_cuda,False,2,18,0,True,True,26,7
000000018193.jpg,NANO,onnx_cuda,False,1,9,0,True,True,10,3
000000018380.jpg,NANO,onnx_cuda,False,6,58,7,True,True,95,53
000000018491.jpg,NANO,onnx_cuda,False,7,40,3,True,True,47,14
000000018519.jpg,NANO,onnx_cuda,False,1,8,0,True,True,9,1
000000018575.jpg,NANO,onnx_cuda,False,0,0,0,False,False,25,8
000000018737.jpg,NANO,onnx_cuda,False,1,9,0,True,True,10,1
000000018770.jpg,NANO,onnx_cuda,False,1,8,0,True,True,18,2
000000018833.jpg,NANO,onnx_cuda,False,0,0,0,False,False,0,1
000000018837.jpg,NANO,onnx_cuda,False,2,17,4,True,True,31,8
000000019042.jpg,NANO,onnx_cuda,False,0,0,0,False,False,0,3
000000019109.jpg,NANO,onnx_cuda,False,9,42,17,True,True,51,27
000000019221.jpg,NANO,onnx_cuda,False,0,0,1,True,False,4,2
000000019402.jpg,NANO,onnx_cuda,False,2,8,0,True,True,10,3
000000019432.jpg,NANO,onnx_cuda,False,1,9,0,True,True,21,15
000000019742.jpg,NANO,onnx_cuda,False,0,0,0,False,False,10,1
000000019786.jpg,NANO,onnx_cuda,False,2,18,0,True,True,20,6
000000019924.jpg,NANO,onnx_cuda,False,1,9,0,True,True,10,2
000000020059.jpg,NANO,onnx_cuda,False,0,0,0,False,False,24,2
000000020107.jpg,NANO,onnx_cuda,False,0,0,0,False,False,10,1
000000020247.jpg,NANO,onnx_cuda,False,0,0,0,False,False,20,2
000000020333.jpg,NANO,onnx_cuda,False,1,9,0,True,True,20,3
000000020553.jpg,NANO,onnx_cuda,False,0,5,0,False,True,5,11
000000020571.jpg,NANO,onnx_cuda,False,0,0,3,True,False,9,12
000000020992.jpg,NANO,onnx_cuda,False,1,9,0,True,True,10,2
000000021167.jpg,NANO,onnx_cuda,False,2,18,0,True,True,25,4
000000021465.jpg,NANO,onnx_cuda,False,0,0,0,False,False,5,2
000000021503.jpg,NANO,onnx_cuda,False,0,0,0,False,False,3,8
000000021604.jpg,NANO,onnx_cuda,False,1,9,0,True,True,14,2
000000021839.jpg,NANO,onnx_cuda,False,4,20,5,True,True,27,15
000000021879.jpg,NANO,onnx_cuda,False,2,20,2,True,True,24,7
000000021903.jpg,NANO,onnx_cuda,False,1,10,1,True,True,22,3
000000022192.jpg,NANO,onnx_cuda,False,0,0,0,False,False,19,3
000000022371.jpg,NANO,onnx_cuda,False,1,9,0,True,True,27,4
000000022396.jpg,NANO,onnx_cuda,False,0,0,0,False,False,11,1
000000022479.jpg,NANO,onnx_cuda,False,1,9,0,True,True,20,4
000000022589.jpg,NANO,onnx_cuda,False,0,0,0,False,False,19,2
000000022623.jpg,NANO,onnx_cuda,False,0,0,0,False,False,8,1
000000022705.jpg,NANO,onnx_cuda,False,1,8,0,True,True,19,5
000000022755.jpg,NANO,onnx_cuda,False,0,0,0,False,False,1,4
000000022892.jpg,NANO,onnx_cuda,False,0,0,0,False,False,8,5
000000022935.jpg,NANO,onnx_cuda,False,2,18,0,True,True,26,3
000000022969.jpg,NANO,onnx_cuda,False,0,0,0,False,False,17,2
000000023023.jpg,NANO,onnx_cuda,False,0,0,0,False,False,6,2
000000023034.jpg,NANO,onnx_cuda,False,1,9,1,True,True,21,5
000000023126.jpg,NANO,onnx_cuda,False,1,9,0,True,True,19,3
000000023230.jpg,NANO,onnx_cuda,False,0,0,0,False,False,2,4
000000023272.jpg,NANO,onnx_cuda,False,0,0,0,False,False,10,2
000000023359.jpg,NANO,onnx_cuda,False,1,8,0,True,True,9,2
000000023666.jpg,NANO,onnx_cuda,False,0,0,0,False,False,10,1
000000023751.jpg,NANO,onnx_cuda,False,0,0,0,False,False,0,1
000000023781.jpg,NANO,onnx_cuda,False,0,0,0,False,False,9,7
000000023899.jpg,NANO,onnx_cuda,False,2,16,1,True,True,18,9
000000023937.jpg,NANO,onnx_cuda,False,0,0,0,False,False,11,6
000000024021.jpg,NANO,onnx_cuda,False,0,5,13,True,True,5,26
000000024027.jpg,NANO,onnx_cuda,False,0,0,2,True,False,9,3
000000024144.jpg,NANO,onnx_cuda,False,0,0,0,False,False,0,1
000000024243.jpg,NANO,onnx_cuda,False,3,24,10,True,True,33,18
000000024567.jpg,NANO,onnx_cuda,False,1,9,0,True,True,10,9
000000024610.jpg,NANO,onnx_cuda,False,0,0,0,False,False,25,16
000000024919.jpg,NANO,onnx_cuda,False,0,0,0,False,False,20,2
000000025057.jpg,NANO,onnx_cuda,False,2,17,0,True,True,28,4
000000025096.jpg,NANO,onnx_cuda,False,1,9,0,True,True,10,6
000000025139.jpg,NANO,onnx_cuda,False,0,0,0,False,False,10,2
000000025181.jpg,NANO,onnx_cuda,False,0,0,3,True,False,10,9
000000025228.jpg,NANO,onnx_cuda,False,1,10,0,True,True,19,2
000000025386.jpg,NANO,onnx_cuda,False,2,17,1,True,True,19,8
000000025393.jpg,NANO,onnx_cuda,False,2,18,1,True,True,25,9
000000025394.jpg,NANO,onnx_cuda,False,1,9,2,True,True,31,24
000000025424.jpg,NANO,onnx_cuda,False,1,9,0,True,True,21,3
000000025560.jpg,NANO,onnx_cuda,False,0,0,1,True,False,15,4
000000025593.jpg,NANO,onnx_cuda,False,0,0,0,False,False,0,0
000000025603.jpg,NANO,onnx_cuda,False,2,17,2,True,True,80,23
000000025986.jpg,NANO,onnx_cuda,False,0,0,0,False,False,36,18
000000026204.jpg,NANO,onnx_cuda,False,1,3,3,True,True,44,13
000000026465.jpg,NANO,onnx_cuda,False,1,7,0,True,True,31,6
000000026564.jpg,NANO,onnx_cuda,False,0,0,0,False,False,34,19
000000026690.jpg,NANO,onnx_cuda,False,2,8,11,True,True,10,15
000000026926.jpg,NANO,onnx_cuda,False,0,0,0,False,False,18,3
000000026941.jpg,NANO,onnx_cuda,False,0,0,2,True,False,40,10
000000027186.jpg,NANO,onnx_cuda,False,1,9,0,True,True,16,4
000000027620.jpg,NANO,onnx_cuda,False,0,0,0,False,False,36,7
000000027696.jpg,NANO,onnx_cuda,False,0,0,1,True,False,12,4
000000027768.jpg,NANO,onnx_cuda,False,0,0,7,True,False,10,9
000000027932.jpg,NANO,onnx_cuda,False,0,1,0,False,True,1,1
000000027972.jpg,NANO,onnx_cuda,False,1,8,0,True,True,18,2
000000027982.jpg,NANO,onnx_cuda,False,0,6,0,False,True,19,2
000000028285.jpg,NANO,onnx_cuda,False,0,0,0,False,False,0,1
000000028449.jpg,NANO,onnx_cuda,False,0,0,0,False,False,37,5
000000028452.jpg,NANO,onnx_cuda,False,0,0,0,False,False,10,2
000000028809.jpg,NANO,onnx_cuda,False,0,0,0,False,False,0,4
000000028993.jpg,NANO,onnx_cuda,False,0,0,9,True,False,0,15
000000029187.jpg,NANO,onnx_cuda,False,1,3,0,True,True,14,2
000000029393.jpg,NANO,onnx_cuda,False,0,0,0,False,False,10,4
000000029397.jpg,NANO,onnx_cuda,False,1,10,0,True,True,21,2
000000029596.jpg,NANO,onnx_cuda,False,0,0,0,False,False,32,11
000000029640.jpg,NANO,onnx_cuda,False,0,0,0,False,False,22,14
000000029675.jpg,NANO,onnx_cuda,False,0,0,0,False,False,0,4
000000029984.jpg,NANO,onnx_cuda,False,4,13,0,True,True,53,7
000000030213.jpg,NANO,onnx_cuda,False,0,0,0,False,False,19,14
000000030494.jpg,NANO,onnx_cuda,False,0,0,0,False,False,9,2
000000030504.jpg,NANO,onnx_cuda,False,1,8,0,True,True,18,3
000000030675.jpg,NANO,onnx_cuda,False,0,0,0,False,False,11,1
000000030785.jpg,NANO,onnx_cuda,False,0,0,0,False,False,15,10
000000030828.jpg,NANO,onnx_cuda,False,0,4,1,True,True,15,5
000000031050.jpg,NANO,onnx_cuda,False,0,0,0,False,False,0,1
000000031093.jpg,NANO,onnx_cuda,False,1,9,2,True,True,15,6
000000031118.jpg,NANO,onnx_cuda,False,0,0,13,True,False,0,17
000000031217.jpg,NANO,onnx_cuda,False,1,9,0,True,True,17,3
000000031248.jpg,NANO,onnx_cuda,False,0,0,0,False,False,25,21
000000031269.jpg,NANO,onnx_cuda,False,0,0,0,False,False,30,3
000000031296.jpg,NANO,onnx_cuda,False,5,31,8,True,True,71,52
000000031322.jpg,NANO,onnx_cuda,False,0,0,2,True,False,15,26
000000031620.jpg,NANO,onnx_cuda,False,0,0,4,True,False,16,10
000000031735.jpg,NANO,onnx_cuda,False,0,0,0,False,False,27,5
000000031749.jpg,NANO,onnx_cuda,False,0,0,0,False,False,9,1
000000031817.jpg,NANO,onnx_cuda,False,3,17,3,True,True,20,6
000000032038.jpg,NANO,onnx_cuda,False,1,4,0,True,True,14,4
000000032081.jpg,NANO,onnx_cuda,False,1,9,0,True,True,18,2
000000032285.jpg,NANO,onnx_cuda,False,0,0,0,False,False,9,1
000000032334.jpg,NANO,onnx_cuda,False,5,39,0,True,True,44,10
000000032570.jpg,NANO,onnx_cuda,False,1,9,0,True,True,18,2
000000032610.jpg,NANO,onnx_cuda,False,0,0,0,False,False,38,7
000000032735.jpg,NANO,onnx_cuda,False,2,19,0,True,True,33,4
000000032811.jpg,NANO,onnx_cuda,False,0,0,0,False,False,0,1
000000032817.jpg,NANO,onnx_cuda,False,1,8,1,True,True,32,3
000000032861.jpg,NANO,onnx_cuda,False,1,9,0,True,True,10,2
000000032887.jpg,NANO,onnx_cuda,False,2,17,0,True,True,19,4
000000032901.jpg,NANO,onnx_cuda,False,4,33,1,True,True,61,21
000000032941.jpg,NANO,onnx_cuda,False,0,0,3,True,False,8,13
000000033005.jpg,NANO,onnx_cuda,False,1,7,0,True,True,8,2
000000033104.jpg,NANO,onnx_cuda,False,3,19,3,True,True,22,9
000000033109.jpg,NANO,onnx_cuda,False,0,0,0,False,False,11,9
000000033114.jpg,NANO,onnx_cuda,False,0,2,0,False,True,5,8
000000033221.jpg,NANO,onnx_cuda,False,6,56,4,True,True,63,18
000000033368.jpg,NANO,onnx_cuda,False,1,10,0,True,True,23,3
000000033638.jpg,NANO,onnx_cuda,False,1,9,0,True,True,10,8
000000033707.jpg,NANO,onnx_cuda,False,0,0,0,False,False,11,2
000000033759.jpg,NANO,onnx_cuda,False,1,9,0,True,True,12,5
000000033854.jpg,NANO,onnx_cuda,False,2,13,15,True,True,32,22
000000034071.jpg,NANO,onnx_cuda,False,0,0,0,False,False,1,2
000000034139.jpg,NANO,onnx_cuda,False,2,17,0,True,True,27,4
000000034205.jpg,NANO,onnx_cuda,False,0,0,0,False,False,0,3
000000034257.jpg,NANO,onnx_cuda,False,0,0,0,False,False,0,6
000000034417.jpg,NANO,onnx_cuda,False,1,13,5,True,True,22,20
000000034452.jpg,NANO,onnx_cuda,False,0,0,1,True,False,0,3
000000034760.jpg,NANO,onnx_cuda,False,0,0,0,False,False,21,4
000000034873.jpg,NANO,onnx_cuda,False,0,0,0,False,False,3,9
000000035062.jpg,NANO,onnx_cuda,False,0,0,1,True,False,0,2
000000035197.jpg,NANO,onnx_cuda,False,1,9,1,True,True,14,3
000000035279.jpg,NANO,onnx_cuda,False,0,0,1,True,False,23,9
000000035326.jpg,NANO,onnx_cuda,False,0,0,0,False,False,0,6
000000035682.jpg,NANO,onnx_cuda,False,2,16,2,True,True,57,18
000000035770.jpg,NANO,onnx_cuda,False,0,0,0,False,False,0,4
000000035963.jpg,NANO,onnx_cuda,False,0,0,0,False,False,10,2
000000036494.jpg,NANO,onnx_cuda,False,1,4,12,True,True,5,49
000000036539.jpg,NANO,onnx_cuda,False,2,16,0,True,True,18,3
000000036660.jpg,NANO,onnx_cuda,False,0,0,1,True,False,29,5
000000036678.jpg,NANO,onnx_cuda,False,0,0,0,False,False,0,6
000000036844.jpg,NANO,onnx_cuda,False,0,0,1,True,False,31,14
000000036861.jpg,NANO,onnx_cuda,False,0,0,0,False,False,11,2
000000036936.jpg,NANO,onnx_cuda,False,2,10,0,True,True,26,22
000000037670.jpg,NANO,onnx_cuda,False,0,10,1,True,True,20,3
000000037689.jpg,NANO,onnx_cuda,False,1,15,12,True,True,16,15
000000037740.jpg,NANO,onnx_cuda,False,0,0,0,False,False,44,22
000000037751.jpg,NANO,onnx_cuda,False,1,7,2,True,True,8,4
000000037777.jpg,NANO,onnx_cuda,False,0,0,0,False,False,16,14
000000037988.jpg,NANO,onnx_cuda,False,3,24,0,True,True,38,5
000000038048.jpg,NANO,onnx_cuda,False,0,0,1,True,False,24,4
000000038070.jpg,NANO,onnx_cuda,False,0,0,0,False,False,17,1
000000038118.jpg,NANO,onnx_cuda,False,1,9,0,True,True,10,2
000000038210.jpg,NANO,onnx_cuda,False,2,11,0,True,True,17,3
000000038576.jpg,NANO,onnx_cuda,False,0,0,0,False,False,34,4
000000038678.jpg,NANO,onnx_cuda,False,2,18,2,True,True,34,7
000000038825.jpg,NANO,onnx_cuda,False,0,0,0,False,False,20,2
000000038829.jpg,NANO,onnx_cuda,False,8,63,3,True,True,71,12
000000039405.jpg,NANO,onnx_cuda,False,3,21,10,True,True,24,29
000000039477.jpg,NANO,onnx_cuda,False,0,0,0,False,False,24,15
000000039480.jpg,NANO,onnx_cuda,False,1,7,0,True,True,16,2
000000039484.jpg,NANO,onnx_cuda,False,2,0,11,True,True,50,35
000000039551.jpg,NANO,onnx_cuda,False,1,9,0,True,True,19,3
000000039670.jpg,NANO,onnx_cuda,False,0,0,0,False,False,10,1
000000039769.jpg,NANO,onnx_cuda,False,0,0,0,False,False,13,6
000000039785.jpg,NANO,onnx_cuda,False,1,10,2,True,True,16,6
000000039914.jpg,NANO,onnx_cuda,False,3,13,7,True,True,26,11
000000039951.jpg,NANO,onnx_cuda,False,1,9,2,True,True,21,5
000000039956.jpg,NANO,onnx_cuda,False,0,0,0,False,False,18,2
000000040036.jpg,NANO,onnx_cuda,False,1,9,0,True,True,20,3
000000040083.jpg,NANO,onnx_cuda,False,3,21,2,True,True,52,11
000000040471.jpg,NANO,onnx_cuda,False,0,0,0,False,False,15,20
000000040757.jpg,NANO,onnx_cuda,False,0,0,1,True,False,11,3
000000041488.jpg,NANO,onnx_cuda,False,0,0,0,False,False,0,0
000000041633.jpg,NANO,onnx_cuda,False,0,0,0,False,False,10,3
000000041635.jpg,NANO,onnx_cuda,False,0,0,0,False,False,40,4
000000041872.jpg,NANO,onnx_cuda,False,0,0,0,False,False,31,5
000000041888.jpg,NANO,onnx_cuda,False,0,0,0,False,False,29,3
000000041990.jpg,NANO,onnx_cuda,False,3,25,0,True,True,28,4
000000042070.jpg,NANO,onnx_cuda,False,0,0,1,True,False,10,3
000000042102.jpg,NANO,onnx_cuda,False,1,9,0,True,True,15,3
000000042178.jpg,NANO,onnx_cuda,False,0,0,0,False,False,1,3
000000042276.jpg,NANO,onnx_cuda,False,0,0,0,False,False,10,2
000000042296.jpg,NANO,onnx_cuda,False,0,0,0,False,False,28,4
000000042528.jpg,NANO,onnx_cuda,False,0,0,1,True,False,8,3
000000042563.jpg,NANO,onnx_cuda,False,0,0,0,False,False,6,1
000000042628.jpg,NANO,onnx_cuda,False,3,27,2,True,True,30,8
000000042888.jpg,NANO,onnx_cuda,False,0,0,0,False,False,0,0
000000042889.jpg,NANO,onnx_cuda,False,0,0,0,False,False,26,2
000000043314.jpg,NANO,onnx_cuda,False,1,3,2,True,True,10,5
000000043435.jpg,NANO,onnx_cuda,False,0,0,2,True,False,0,5
000000043581.jpg,NANO,onnx_cuda,False,0,0,0,False,False,18,4
000000043737.jpg,NANO,onnx_cuda,False,0,0,0,False,False,11,6
000000043816.jpg,NANO,onnx_cuda,False,2,16,0,True,True,28,5
000000044068.jpg,NANO,onnx_cuda,False,0,0,0,False,False,13,2
000000044195.jpg,NANO,onnx_cuda,False,2,12,0,True,True,19,3
000000044260.jpg,NANO,onnx_cuda,False,0,0,0,False,False,0,6
000000044279.jpg,NANO,onnx_cuda,False,2,17,0,True,True,19,11
000000044590.jpg,NANO,onnx_cuda,False,7,16,17,True,True,23,25
000000044652.jpg,NANO,onnx_cuda,False,0,0,0,False,False,8,1
000000044699.jpg,NANO,onnx_cuda,False,0,0,0,False,False,30,4
000000044877.jpg,NANO,onnx_cuda,False,2,15,1,True,True,27,6
000000045070.jpg,NANO,onnx_cuda,False,1,9,0,True,True,11,2
000000045090.jpg,NANO,onnx_cuda,False,2,5,0,True,True,7,4
000000045229.jpg,NANO,onnx_cuda,False,0,0,0,False,False,9,22
000000045472.jpg,NANO,onnx_cuda,False,0,0,0,False,False,27,6
000000045550.jpg,NANO,onnx_cuda,False,1,24,6,True,True,25,10
000000045596.jpg,NANO,onnx_cuda,False,1,7,8,True,True,8,12
000000045728.jpg,NANO,onnx_cuda,False,0,0,0,False,False,8,2
000000046031.jpg,NANO,onnx_cuda,False,0,0,0,False,False,40,6
000000046048.jpg,NANO,onnx_cuda,False,1,5,0,True,True,27,4
000000046252.jpg,NANO,onnx_cuda,False,3,26,0,True,True,29,5
000000046378.jpg,NANO,onnx_cuda,False,0,0,0,False,False,10,2
000000046463.jpg,NANO,onnx_cuda,False,0,0,1,True,False,0,3
000000046497.jpg,NANO,onnx_cuda,False,3,28,0,True,True,31,4
000000046804.jpg,NANO,onnx_cuda,False,0,0,0,False,False,10,1
000000046872.jpg,NANO,onnx_cuda,False,1,10,1,True,True,18,6
000000047010.jpg,NANO,onnx_cuda,False,0,0,0,False,False,36,4
000000047112.jpg,NANO,onnx_cuda,False,0,0,1,True,False,37,25
000000047121.jpg,NANO,onnx_cuda,False,0,0,0,False,False,30,4
000000047571.jpg,NANO,onnx_cuda,False,1,23,1,True,True,33,3
000000047585.jpg,NANO,onnx_cuda,False,3,27,2,True,True,43,7
000000047740.jpg,NANO,onnx_cuda,False,1,8,3,True,True,9,6
000000047769.jpg,NANO,onnx_cuda,False,0,0,0,False,False,12,6
000000047801.jpg,NANO,onnx_cuda,False,1,9,4,True,True,14,7
000000047819.jpg,NANO,onnx_cuda,False,1,9,0,True,True,15,4
000000047828.jpg,NANO,onnx_cuda,False,4,15,7,True,True,19,13
000000048153.jpg,NANO,onnx_cuda,False,0,0,1,True,False,1,2
000000048396.jpg,NANO,onnx_cuda,False,2,18,0,True,True,36,7
000000048504.jpg,NANO,onnx_cuda,False,1,10,1,True,True,32,6
000000048555.jpg,NANO,onnx_cuda,False,0,0,3,True,False,8,6
000000048564.jpg,NANO,onnx_cuda,False,1,9,0,True,True,10,2
000000048924.jpg,NANO,onnx_cuda,False,1,11,0,True,True,22,3
000000049060.jpg,NANO,onnx_cuda,False,2,9,4,True,True,23,7
000000049091.jpg,NANO,onnx_cuda,False,0,0,0,False,False,0,0
000000049259.jpg,NANO,onnx_cuda,False,1,9,0,True,True,10,1
000000049269.jpg,NANO,onnx_cuda,False,0,0,0,False,False,20,2
000000049759.jpg,NANO,onnx_cuda,False,9,53,4,True,True,62,14
000000049761.jpg,NANO,onnx_cuda,False,0,0,0,False,False,28,17
000000049810.jpg,NANO,onnx_cuda,False,0,0,0,False,False,11,3
000000050006.jpg,NANO,onnx_cuda,False,0,0,2,True,False,2,11
000000050145.jpg,NANO,onnx_cuda,False,2,17,6,True,True,22,11
000000050149.jpg,NANO,onnx_cuda,False,0,0,0,False,False,0,14
000000050165.jpg,NANO,onnx_cuda,False,0,0,0,False,False,9,1
000000050326.jpg,NANO,onnx_cuda,False,1,8,0,True,True,9,3
000000050331.jpg,NANO,onnx_cuda,False,0,0,0,False,False,1,4
000000050380.jpg,NANO,onnx_cuda,False,2,14,1,True,True,35,5
000000050638.jpg,NANO,onnx_cuda,False,1,10,0,True,True,11,2
000000050679.jpg,NANO,onnx_cuda,False,0,0,0,False,False,30,13
000000050811.jpg,NANO,onnx_cuda,False,1,9,0,True,True,39,9
000000050828.jpg,NANO,onnx_cuda,False,0,0,0,False,False,20,4
000000050844.jpg,NANO,onnx_cuda,False,0,0,0,False,False,20,2
000000050896.jpg,NANO,onnx_cuda,False,0,0,0,False,False,12,14
000000050943.jpg,NANO,onnx_cuda,False,0,0,1,True,False,0,2
000000051008.jpg,NANO,onnx_cuda,False,0,0,0,False,False,19,2
000000051309.jpg,NANO,onnx_cuda,False,0,0,0,False,False,26,4
000000051314.jpg,NANO,onnx_cuda,False,1,7,0,True,True,21,2
000000051326.jpg,NANO,onnx_cuda,False,0,0,0,False,False,25,1
000000051598.jpg,NANO,onnx_cuda,False,0,0,0,False,False,8,2
000000051610.jpg,NANO,onnx_cuda,False,1,8,0,True,True,16,3
000000051712.jpg,NANO,onnx_cuda,False,1,8,0,True,True,20,2
000000051738.jpg,NANO,onnx_cuda,False,0,0,0,False,False,10,3
000000051938.jpg,NANO,onnx_cuda,False,2,13,9,True,True,15,13
000000051961.jpg,NANO,onnx_cuda,False,0,0,0,False,False,1,1
000000051976.jpg,NANO,onnx_cuda,False,1,5,0,True,True,6,2
000000052007.jpg,NANO,onnx_cuda,False,3,18,3,True,True,31,8
000000052017.jpg,NANO,onnx_cuda,False,0,0,1,True,False,10,2
000000052412.jpg,NANO,onnx_cuda,False,0,0,0,False,False,10,16
000000052413.jpg,NANO,onnx_cuda,False,1,9,1,True,True,29,5
000000052462.jpg,NANO,onnx_cuda,False,0,0,0,False,False,21,2
000000052507.jpg,NANO,onnx_cuda,False,1,7,0,True,True,14,2
000000052565.jpg,NANO,onnx_cuda,False,0,0,0,False,False,10,1
000000052591.jpg,NANO,onnx_cuda,False,1,9,0,True,True,10,2
000000052891.jpg,NANO,onnx_cuda,False,0,0,6,True,False,19,8
000000052996.jpg,NANO,onnx_cuda,False,5,30,2,True,True,47,23
000000053505.jpg,NANO,onnx_cuda,False,0,0,0,False,False,10,9
000000053529.jpg,NANO,onnx_cuda,False,0,0,1,True,False,0,3
000000053624.jpg,NANO,onnx_cuda,False,0,0,5,True,False,11,6
000000053626.jpg,NANO,onnx_cuda,False,4,33,0,True,True,39,9
000000053909.jpg,NANO,onnx_cuda,False,0,0,1,True,False,10,2
000000053994.jpg,NANO,onnx_cuda,False,0,0,0,False,False,10,4
000000054123.jpg,NANO,onnx_cuda,False,0,0,0,False,False,34,6
000000054164.jpg,NANO,onnx_cuda,False,1,9,0,True,True,15,2
000000054592.jpg,NANO,onnx_cuda,False,2,10,0,True,True,16,5
000000054593.jpg,NANO,onnx_cuda,False,4,39,3,True,True,60,18
000000054605.jpg,NANO,onnx_cuda,False,1,7,3,True,True,57,15
000000054628.jpg,NANO,onnx_cuda,False,0,0,1,True,False,25,23
000000054654.jpg,NANO,onnx_cuda,False,1,9,0,True,True,10,2
000000054931.jpg,NANO,onnx_cuda,False,1,9,0,True,True,21,2
000000054967.jpg,NANO,onnx_cuda,False,1,8,0,True,True,33,16
000000055002.jpg,NANO,onnx_cuda,False,0,0,1,True,False,12,2
000000055022.jpg,NANO,onnx_cuda,False,2,5,7,True,True,7,9
000000055072.jpg,NANO,onnx_cuda,False,0,0,0,False,False,17,1
000000055150.jpg,NANO,onnx_cuda,False,1,11,1,True,True,13,15
000000055167.jpg,NANO,onnx_cuda,False,0,0,6,True,False,10,11
000000055299.jpg,NANO,onnx_cuda,False,0,7,0,False,True,7,3
000000055528.jpg,NANO,onnx_cuda,False,1,5,0,True,True,22,7
000000055950.jpg,NANO,onnx_cuda,False,1,9,0,True,True,19,3
000000056127.jpg,NANO,onnx_cuda,False,0,0,0,False,False,6,8
000000056288.jpg,NANO,onnx_cuda,False,0,0,0,False,False,2,3
000000056344.jpg,NANO,onnx_cuda,False,0,0,0,False,False,22,7
000000056350.jpg,NANO,onnx_cuda,False,0,0,9,True,False,1,10
000000056545.jpg,NANO,onnx_cuda,False,0,0,0,False,False,10,1
000000057027.jpg,NANO,onnx_cuda,False,0,0,0,False,False,37,4
000000057149.jpg,NANO,onnx_cuda,False,0,0,0,False,False,13,6
000000057150.jpg,NANO,onnx_cuda,False,1,4,11,True,True,13,23
000000057232.jpg,NANO,onnx_cuda,False,0,0,0,False,False,0,15
000000057238.jpg,NANO,onnx_cuda,False,0,0,0,False,False,24,4
000000057244.jpg,NANO,onnx_cuda,False,0,0,0,False,False,9,1
000000057597.jpg,NANO,onnx_cuda,False,4,25,9,True,True,31,32
000000057672.jpg,NANO,onnx_cuda,False,5,48,6,True,True,63,16
000000057725.jpg,NANO,onnx_cuda,False,0,0,0,False,False,11,2
000000057760.jpg,NANO,onnx_cuda,False,2,10,11,True,True,12,18
000000058029.jpg,NANO,onnx_cuda,False,0,0,0,False,False,12,2
000000058111.jpg,NANO,onnx_cuda,False,0,0,0,False,False,10,6
000000058350.jpg,NANO,onnx_cuda,False,2,20,0,True,True,32,6
000000058384.jpg,NANO,onnx_cuda,False,0,0,0,False,False,18,4
000000058393.jpg,NANO,onnx_cuda,False,1,6,1,True,True,17,3
000000058539.jpg,NANO,onnx_cuda,False,4,37,1,True,True,54,11
000000058636.jpg,NANO,onnx_cuda,False,0,0,0,False,False,0,0
000000058655.jpg,NANO,onnx_cuda,False,0,0,0,False,False,3,1
000000058705.jpg,NANO,onnx_cuda,False,2,18,0,True,True,29,4
000000059044.jpg,NANO,onnx_cuda,False,3,17,10,True,True,20,19
000000059386.jpg,NANO,onnx_cuda,False,0,3,0,False,True,36,10
000000059598.jpg,NANO,onnx_cuda,False,0,0,2,True,False,36,10
000000059635.jpg,NANO,onnx_cuda,False,5,31,13,True,True,40,25
000000059920.jpg,NANO,onnx_cuda,False,0,0,0,False,False,22,2
000000060052.jpg,NANO,onnx_cuda,False,1,9,0,True,True,10,2
000000060090.jpg,NANO,onnx_cuda,False,1,4,4,True,True,15,6
000000060102.jpg,NANO,onnx_cuda,False,2,18,0,True,True,30,3
000000060347.jpg,NANO,onnx_cuda,False,1,9,0,True,True,20,2
000000060363.jpg,NANO,onnx_cuda,False,0,0,0,False,False,10,13
000000060449.jpg,NANO,onnx_cuda,False,0,0,0,False,False,10,5
000000060507.jpg,NANO,onnx_cuda,False,3,20,10,True,True,24,19
000000060770.jpg,NANO,onnx_cuda,False,0,0,0,False,False,20,2
000000060823.jpg,NANO,onnx_cuda,False,1,1,1,True,True,16,28
000000060835.jpg,NANO,onnx_cuda,False,0,0,0,False,False,10,3
000000060855.jpg,NANO,onnx_cuda,False,0,0,0,False,False,36,7
000000060886.jpg,NANO,onnx_cuda,False,8,65,5,True,True,73,14
000000060899.jpg,NANO,onnx_cuda,False,1,10,0,True,True,24,8
000000060932.jpg,NANO,onnx_cuda,False,4,30,8,True,True,42,17
000000061108.jpg,NANO,onnx_cuda,False,1,5,0,True,True,6,9
000000061171.jpg,NANO,onnx_cuda,False,0,0,0,False,False,41,7
000000061268.jpg,NANO,onnx_cuda,False,1,2,0,True,True,9,7
000000061333.jpg,NANO,onnx_cuda,False,0,0,0,False,False,18,14
000000061418.jpg,NANO,onnx_cuda,False,6,47,1,True,True,75,15
000000061471.jpg,NANO,onnx_cuda,False,0,0,0,False,False,11,3
000000061584.jpg,NANO,onnx_cuda,False,1,16,1,True,True,21,6
000000061658.jpg,NANO,onnx_cuda,False,0,0,0,False,False,20,12
000000061747.jpg,NANO,onnx_cuda,False,1,9,0,True,True,19,2
000000061960.jpg,NANO,onnx_cuda,False,1,9,0,True,True,10,4
000000062025.jpg,NANO,onnx_cuda,False,0,0,0,False,False,12,6
000000062353.jpg,NANO,onnx_cuda,False,1,6,5,True,True,7,9
000000062355.jpg,NANO,onnx_cuda,False,5,32,0,True,True,37,7
000000062554.jpg,NANO,onnx_cuda,False,0,0,0,False,False,27,6
000000062692.jpg,NANO,onnx_cuda,False,1,7,0,True,True,8,3
000000062808.jpg,NANO,onnx_cuda,False,2,18,1,True,True,33,14
000000063047.jpg,NANO,onnx_cuda,False,5,26,1,True,True,31,7
000000063154.jpg,NANO,onnx_cuda,False,1,8,0,True,True,14,2
000000063552.jpg,NANO,onnx_cuda,False,0,0,0,False,False,13,2
000000063602.jpg,NANO,onnx_cuda,False,0,0,0,False,False,24,8
000000063740.jpg,NANO,onnx_cuda,False,0,0,3,True,False,42,11
000000063965.jpg,NANO,onnx_cuda,False,1,6,0,True,True,15,3
000000064084.jpg,NANO,onnx_cuda,False,0,0,1,True,False,32,17
000000064359.jpg,NANO,onnx_cuda,False,0,0,0,False,False,67,7
000000064462.jpg,NANO,onnx_cuda,False,1,9,0,True,True,18,2
000000064495.jpg,NANO,onnx_cuda,False,0,10,0,False,True,10,1
000000064499.jpg,NANO,onnx_cuda,False,0,0,0,False,False,12,2
000000064523.jpg,NANO,onnx_cuda,False,8,48,3,True,True,56,23
000000064574.jpg,NANO,onnx_cuda,False,0,0,0,False,False,2,0
000000064718.jpg,NANO,onnx_cuda,False,1,9,0,True,True,12,3
000000064868.jpg,NANO,onnx_cuda,False,1,9,0,True,True,20,6
000000064898.jpg,NANO,onnx_cuda,False,1,4,1,True,True,10,4
000000065074.jpg,NANO,onnx_cuda,False,0,0,0,False,False,10,2
000000065288.jpg,NANO,onnx_cuda,False,1,3,16,True,True,11,37
000000065350.jpg,NANO,onnx_cuda,False,3,27,4,True,True,39,15
000000065455.jpg,NANO,onnx_cuda,False,0,0,13,True,False,11,15
000000065485.jpg,NANO,onnx_cuda,False,0,1,0,False,True,11,2
000000065736.jpg,NANO,onnx_cuda,False,1,9,0,True,True,14,3
000000065798.jpg,NANO,onnx_cuda,False,4,28,9,True,True,32,17
000000066038.jpg,NANO,onnx_cuda,False,1,5,5,True,True,65,16
000000066135.jpg,NANO,onnx_cuda,False,0,0,0,False,False,10,1
000000066231.jpg,NANO,onnx_cuda,False,6,44,3,True,True,59,26
000000066523.jpg,NANO,onnx_cuda,False,0,0,0,False,False,10,1
000000066561.jpg,NANO,onnx_cuda,False,0,0,0,False,False,23,2
000000066635.jpg,NANO,onnx_cuda,False,0,0,0,False,False,26,4
000000066706.jpg,NANO,onnx_cuda,False,0,0,3,True,False,17,8
000000066771.jpg,NANO,onnx_cuda,False,2,18,0,True,True,56,11
000000066817.jpg,NANO,onnx_cuda,False,0,0,0,False,False,12,11
000000066841.jpg,NANO,onnx_cuda,False,0,0,0,False,False,0,7
000000066886.jpg,NANO,onnx_cuda,False,1,9,0,True,True,16,1
000000066926.jpg,NANO,onnx_cuda,False,0,0,0,False,False,16,12
000000067180.jpg,NANO,onnx_cuda,False,1,9,0,True,True,13,2
000000067213.jpg,NANO,onnx_cuda,False,4,26,4,True,True,49,14
000000067310.jpg,NANO,onnx_cuda,False,2,14,3,True,True,27,6
000000067315.jpg,NANO,onnx_cuda,False,1,9,1,True,True,21,4
000000067406.jpg,NANO,onnx_cuda,False,3,19,0,True,True,31,4
000000067534.jpg,NANO,onnx_cuda,False,1,9,0,True,True,12,3
000000067616.jpg,NANO,onnx_cuda,False,2,31,4,True,True,65,37
000000067896.jpg,NANO,onnx_cuda,False,0,0,0,False,False,10,1
000000068078.jpg,NANO,onnx_cuda,False,0,0,0,False,False,18,4
000000068093.jpg,NANO,onnx_cuda,False,3,23,1,True,True,35,5
000000068286.jpg,NANO,onnx_cuda,False,0,0,0,False,False,9,1
000000068387.jpg,NANO,onnx_cuda,False,4,36,0,True,True,40,7
000000068409.jpg,NANO,onnx_cuda,False,6,47,4,True,True,53,16
000000068628.jpg,NANO,onnx_cuda,False,1,14,0,True,True,22,2
000000068765.jpg,NANO,onnx_cuda,False,0,0,0,False,False,23,2
000000068833.jpg,NANO,onnx_cuda,False,0,0,0,False,False,35,9
000000068933.jpg,NANO,onnx_cuda,False,0,0,0,False,False,29,3
000000069106.jpg,NANO,onnx_cuda,False,0,0,0,False,False,36,4
000000069138.jpg,NANO,onnx_cuda,False,0,0,0,False,False,19,2
000000069213.jpg,NANO,onnx_cuda,False,4,26,4,True,True,34,8
000000069224.jpg,NANO,onnx_cuda,False,2,18,0,True,True,38,13
000000069356.jpg,NANO,onnx_cuda,False,3,31,3,True,True,34,22
000000069795.jpg,NANO,onnx_cuda,False,0,0,0,False,False,21,2
000000070048.jpg,NANO,onnx_cuda,False,0,0,0,False,False,38,6
000000070158.jpg,NANO,onnx_cuda,False,0,0,0,False,False,28,3
000000070229.jpg,NANO,onnx_cuda,False,1,7,0,True,True,16,4
000000070254.jpg,NANO,onnx_cuda,False,4,14,3,True,True,34,16
000000070739.jpg,NANO,onnx_cuda,False,1,21,2,True,True,22,5
000000070774.jpg,NANO,onnx_cuda,False,1,8,3,True,True,9,12
000000071226.jpg,NANO,onnx_cuda,False,0,0,0,False,False,11,6
000000071451.jpg,NANO,onnx_cuda,False,0,0,0,False,False,10,1
000000071711.jpg,NANO,onnx_cuda,False,3,9,7,True,True,25,15
000000071756.jpg,NANO,onnx_cuda,False,0,0,0,False,False,11,2
000000071877.jpg,NANO,onnx_cuda,False,1,9,0,True,True,18,3
000000071938.jpg,NANO,onnx_cuda,False,1,7,0,True,True,23,3
000000072281.jpg,NANO,onnx_cuda,False,1,9,0,True,True,19,2
000000072795.jpg,NANO,onnx_cuda,False,4,31,8,True,True,35,14
000000072813.jpg,NANO,onnx_cuda,False,0,0,0,False,False,24,3
000000072852.jpg,NANO,onnx_cuda,False,2,9,1,True,True,11,4
000000073118.jpg,NANO,onnx_cuda,False,0,0,0,False,False,20,2
000000073153.jpg,NANO,onnx_cuda,False,1,9,0,True,True,10,2
000000073326.jpg,NANO,onnx_cuda,False,0,0,0,False,False,21,14
000000073533.jpg,NANO,onnx_cuda,False,2,17,0,True,True,19,4
000000073702.jpg,NANO,onnx_cuda,False,2,17,0,True,True,36,6
000000073946.jpg,NANO,onnx_cuda,False,2,18,1,True,True,21,5
000000074058.jpg,NANO,onnx_cuda,False,1,7,6,True,True,18,27
000000074092.jpg,NANO,onnx_cuda,False,4,24,9,True,True,30,15
000000074200.jpg,NANO,onnx_cuda,False,0,0,6,True,False,0,9
000000074209.jpg,NANO,onnx_cuda,False,0,0,0,False,False,10,21
000000074256.jpg,NANO,onnx_cuda,False,3,28,2,True,True,31,13
000000074457.jpg,NANO,onnx_cuda,False,1,6,0,True,True,12,2
000000074646.jpg,NANO,onnx_cuda,False,2,4,8,True,True,8,13
000000074733.jpg,NANO,onnx_cuda,False,0,0,2,True,False,92,19
000000074860.jpg,NANO,onnx_cuda,False,1,8,0,True,True,15,2
000000075393.jpg,NANO,onnx_cuda,False,0,0,0,False,False,0,4
000000075456.jpg,NANO,onnx_cuda,False,0,0,0,False,False,10,1
000000075612.jpg,NANO,onnx_cuda,False,7,60,5,True,True,67,20
000000076211.jpg,NANO,onnx_cuda,False,0,0,0,False,False,10,1
000000076261.jpg,NANO,onnx_cuda,False,0,0,0,False,False,19,2
000000076416.jpg,NANO,onnx_cuda,False,0,0,5,True,False,1,7
000000076417.jpg,NANO,onnx_cuda,False,0,0,0,False,False,38,5
000000076468.jpg,NANO,onnx_cuda,False,2,19,11,True,True,32,25
000000076547.jpg,NANO,onnx_cuda,False,2,16,0,True,True,21,13
000000076625.jpg,NANO,onnx_cuda,False,5,28,5,True,True,37,15
000000076731.jpg,NANO,onnx_cuda,False,0,0,0,False,False,8,1
000000077396.jpg,NANO,onnx_cuda,False,0,0,0,False,False,32,9
000000077460.jpg,NANO,onnx_cuda,False,2,4,11,True,True,6,26
000000077595.jpg,NANO,onnx_cuda,False,0,0,0,False,False,11,3
000000078032.jpg,NANO,onnx_cuda,False,0,0,0,False,False,0,3
000000078170.jpg,NANO,onnx_cuda,False,2,19,0,True,True,29,10
000000078266.jpg,NANO,onnx_cuda,False,0,0,0,False,False,5,15
000000078404.jpg,NANO,onnx_cuda,False,3,22,0,True,True,46,6
000000078420.jpg,NANO,onnx_cuda,False,0,0,0,False,False,19,3
000000078426.jpg,NANO,onnx_cuda,False,0,0,0,False,False,20,3
000000078565.jpg,NANO,onnx_cuda,False,2,5,11,True,True,32,24
000000078748.jpg,NANO,onnx_cuda,False,7,59,10,True,True,66,19
000000078823.jpg,NANO,onnx_cuda,False,0,10,0,False,True,37,5
000000078843.jpg,NANO,onnx_cuda,False,2,12,0,True,True,15,3
000000078915.jpg,NANO,onnx_cuda,False,4,30,6,True,True,37,12
000000078959.jpg,NANO,onnx_cuda,False,0,0,0,False,False,4,13
000000079014.jpg,NANO,onnx_cuda,False,1,8,0,True,True,9,2
000000079031.jpg,NANO,onnx_cuda,False,1,9,0,True,True,21,2
000000079034.jpg,NANO,onnx_cuda,False,0,0,0,False,False,10,6
000000079144.jpg,NANO,onnx_cuda,False,0,0,0,False,False,10,2
000000079188.jpg,NANO,onnx_cuda,False,0,0,0,False,False,20,1
000000079229.jpg,NANO,onnx_cuda,False,1,8,0,True,True,27,3
000000079408.jpg,NANO,onnx_cuda,False,0,0,0,False,False,10,1
000000079565.jpg,NANO,onnx_cuda,False,0,0,0,False,False,20,2
000000079588.jpg,NANO,onnx_cuda,False,1,1,4,True,True,2,6
000000079651.jpg,NANO,onnx_cuda,False,0,0,0,False,False,30,5
000000079837.jpg,NANO,onnx_cuda,False,0,0,0,False,False,13,8
000000079969.jpg,NANO,onnx_cuda,False,1,17,12,True,True,20,18
000000080022.jpg,NANO,onnx_cuda,False,1,11,0,True,True,25,3
000000080057.jpg,NANO,onnx_cuda,False,0,0,0,False,False,38,1
000000080153.jpg,NANO,onnx_cuda,False,1,9,0,True,True,11,3
000000080273.jpg,NANO,onnx_cuda,False,1,9,0,True,True,14,2
000000080274.jpg,NANO,onnx_cuda,False,0,0,0,False,False,19,2
000000080340.jpg,NANO,onnx_cuda,False,5,42,2,True,True,56,20
000000080413.jpg,NANO,onnx_cuda,False,0,0,0,False,False,7,1
000000080659.jpg,NANO,onnx_cuda,False,1,9,2,True,True,30,7
000000080666.jpg,NANO,onnx_cuda,False,0,0,0,False,False,8,2
000000080671.jpg,NANO,onnx_cuda,False,1,9,0,True,True,13,2
000000080932.jpg,NANO,onnx_cuda,False,2,19,0,True,True,49,10
000000080949.jpg,NANO,onnx_cuda,False,0,0,0,False,False,8,4
000000081061.jpg,NANO,onnx_cuda,False,0,0,0,False,False,23,3
000000081394.jpg,NANO,onnx_cuda,False,0,0,4,True,False,10,6
000000081594.jpg,NANO,onnx_cuda,False,1,8,0,True,True,19,3
000000081738.jpg,NANO,onnx_cuda,False,0,0,1,True,False,13,5
000000081766.jpg,NANO,onnx_cuda,False,0,0,0,False,False,19,3
000000081988.jpg,NANO,onnx_cuda,False,5,40,0,True,True,48,9
000000082085.jpg,NANO,onnx_cuda,False,2,18,9,True,True,30,12
000000082180.jpg,NANO,onnx_cuda,False,0,0,0,False,False,13,3
000000082688.jpg,NANO,onnx_cuda,False,2,18,1,True,True,20,6
000000082696.jpg,NANO,onnx_cuda,False,1,9,0,True,True,43,12
000000082715.jpg,NANO,onnx_cuda,False,1,8,0,True,True,11,2
000000082765.jpg,NANO,onnx_cuda,False,0,0,0,False,False,13,2
000000082807.jpg,NANO,onnx_cuda,False,0,0,0,False,False,10,4
000000082812.jpg,NANO,onnx_cuda,False,7,45,4,True,True,52,24
000000082821.jpg,NANO,onnx_cuda,False,0,0,12,True,False,10,31
000000082846.jpg,NANO,onnx_cuda,False,0,0,0,False,False,10,3
000000082986.jpg,NANO,onnx_cuda,False,3,27,0,True,True,30,5
000000083113.jpg,NANO,onnx_cuda,False,0,0,0,False,False,10,2
000000083172.jpg,NANO,onnx_cuda,False,2,18,1,True,True,23,6
000000083531.jpg,NANO,onnx_cuda,False,0,0,3,True,False,2,19
000000083540.jpg,NANO,onnx_cuda,False,1,7,0,True,True,8,2
000000084031.jpg,NANO,onnx_cuda,False,3,25,10,True,True,28,16
000000084170.jpg,NANO,onnx_cuda,False,0,0,2,True,False,27,7
000000084241.jpg,NANO,onnx_cuda,False,3,29,0,True,True,49,18
000000084270.jpg,NANO,onnx_cuda,False,6,40,7,True,True,52,26
000000084362.jpg,NANO,onnx_cuda,False,1,6,0,True,True,39,8
000000084431.jpg,NANO,onnx_cuda,False,0,0,0,False,False,11,2
000000084477.jpg,NANO,onnx_cuda,False,0,0,1,True,False,25,3
000000084492.jpg,NANO,onnx_cuda,False,1,9,1,True,True,10,7
000000084650.jpg,NANO,onnx_cuda,False,0,0,0,False,False,27,7
000000084664.jpg,NANO,onnx_cuda,False,0,0,0,False,False,17,4
000000084674.jpg,NANO,onnx_cuda,False,3,23,0,True,True,26,9
000000084752.jpg,NANO,onnx_cuda,False,0,0,0,False,False,10,13
000000085089.jpg,NANO,onnx_cuda,False,1,9,2,True,True,50,7
000000085157.jpg,NANO,onnx_cuda,False,5,57,2,True,True,90,21
000000085195.jpg,NANO,onnx_cuda,False,0,0,0,False,False,0,3
000000085329.jpg,NANO,onnx_cuda,False,1,9,0,True,True,10,2
000000085376.jpg,NANO,onnx_cuda,False,1,8,1,True,True,40,11
000000085478.jpg,NANO,onnx_cuda,False,0,0,0,False,False,20,1
000000085576.jpg,NANO,onnx_cuda,False,0,0,0,False,False,12,1
000000085665.jpg,NANO,onnx_cuda,False,0,0,0,False,False,20,1
000000085682.jpg,NANO,onnx_cuda,False,5,29,8,True,True,34,15
000000085772.jpg,NANO,onnx_cuda,False,1,9,0,True,True,29,4
000000085823.jpg,NANO,onnx_cuda,False,0,0,0,False,False,24,3
000000085911.jpg,NANO,onnx_cuda,False,0,0,0,False,False,0,1
000000086220.jpg,NANO,onnx_cuda,False,0,0,2,True,False,11,6
000000086483.jpg,NANO,onnx_cuda,False,0,0,1,True,False,4,3
000000086582.jpg,NANO,onnx_cuda,False,0,0,1,True,False,21,7
000000086755.jpg,NANO,onnx_cuda,False,1,8,1,True,True,11,5
000000086956.jpg,NANO,onnx_cuda,False,3,28,0,True,True,31,6
000000087038.jpg,NANO,onnx_cuda,False,4,19,11,True,True,26,16
000000087144.jpg,NANO,onnx_cuda,False,3,23,0,True,True,39,10
000000087244.jpg,NANO,onnx_cuda,False,0,0,1,True,False,9,3
000000087470.jpg,NANO,onnx_cuda,False,1,1,1,True,True,72,19
000000087476.jpg,NANO,onnx_cuda,False,6,40,5,True,True,52,13
000000087742.jpg,NANO,onnx_cuda,False,0,0,0,False,False,21,1
000000087875.jpg,NANO,onnx_cuda,False,0,0,0,False,False,9,1
000000088040.jpg,NANO,onnx_cuda,False,0,0,0,False,False,34,13
000000088218.jpg,NANO,onnx_cuda,False,0,0,0,False,False,14,1
000000088250.jpg,NANO,onnx_cuda,False,0,0,0,False,False,21,2
000000088265.jpg,NANO,onnx_cuda,False,0,0,0,False,False,0,1
000000088269.jpg,NANO,onnx_cuda,False,0,0,0,False,False,19,4
000000088345.jpg,NANO,onnx_cuda,False,2,8,0,True,True,22,3
000000088432.jpg,NANO,onnx_cuda,False,0,0,0,False,False,19,5
000000088462.jpg,NANO,onnx_cuda,False,0,0,0,False,False,27,16
000000088485.jpg,NANO,onnx_cuda,False,1,9,0,True,True,14,2
000000088848.jpg,NANO,onnx_cuda,False,5,40,0,True,True,64,11
000000088951.jpg,NANO,onnx_cuda,False,1,8,0,True,True,23,3
000000088970.jpg,NANO,onnx_cuda,False,1,9,0,True,True,16,3
000000089045.jpg,NANO,onnx_cuda,False,0,0,0,False,False,21,9
000000089078.jpg,NANO,onnx_cuda,False,1,9,0,True,True,10,2
000000089271.jpg,NANO,onnx_cuda,False,0,2,0,False,True,5,1
000000089296.jpg,NANO,onnx_cuda,False,2,16,0,True,True,20,6
000000089556.jpg,NANO,onnx_cuda,False,0,0,0,False,False,35,15
000000089648.jpg,NANO,onnx_cuda,False,4,15,7,True,True,21,37
000000089670.jpg,NANO,onnx_cuda,False,0,0,0,False,False,11,3
000000089697.jpg,NANO,onnx_cuda,False,2,6,0,True,True,8,4
000000089761.jpg,NANO,onnx_cuda,False,0,0,0,False,False,10,1
000000089880.jpg,NANO,onnx_cuda,False,0,0,0,False,False,19,2
000000090003.jpg,NANO,onnx_cuda,False,0,0,0,False,False,18,3
000000090062.jpg,NANO,onnx_cuda,False,0,0,0,False,False,9,1
000000090108.jpg,NANO,onnx_cuda,False,0,0,0,False,False,18,3
000000090155.jpg,NANO,onnx_cuda,False,0,0,0,False,False,10,1
000000090208.jpg,NANO,onnx_cuda,False,0,0,0,False,False,26,3
000000090284.jpg,NANO,onnx_cuda,False,1,9,0,True,True,21,2
000000090631.jpg,NANO,onnx_cuda,False,0,0,0,False,False,10,1
000000090891.jpg,NANO,onnx_cuda,False,5,50,0,True,True,56,18
000000090956.jpg,NANO,onnx_cuda,False,1,7,0,True,True,8,2
000000091406.jpg,NANO,onnx_cuda,False,4,33,0,True,True,51,36
000000091495.jpg,NANO,onnx_cuda,False,3,27,0,True,True,40,4
000000091500.jpg,NANO,onnx_cuda,False,2,17,0,True,True,44,18
000000091615.jpg,NANO,onnx_cuda,False,0,0,0,False,False,33,12
000000091619.jpg,NANO,onnx_cuda,False,0,0,0,False,False,0,1
000000091654.jpg,NANO,onnx_cuda,False,0,0,0,False,False,22,3
000000091779.jpg,NANO,onnx_cuda,False,0,0,0,False,False,17,8
000000091921.jpg,NANO,onnx_cuda,False,0,0,0,False,False,12,2
000000092053.jpg,NANO,onnx_cuda,False,0,0,1,True,False,31,11
000000092091.jpg,NANO,onnx_cuda,False,1,10,0,True,True,47,9
000000092124.jpg,NANO,onnx_cuda,False,0,0,0,False,False,18,3
000000092177.jpg,NANO,onnx_cuda,False,0,0,0,False,False,11,3
000000092416.jpg,NANO,onnx_cuda,False,2,16,3,True,True,22,8
000000092660.jpg,NANO,onnx_cuda,False,0,0,0,False,False,18,16
000000092839.jpg,NANO,onnx_cuda,False,0,0,0,False,False,10,1
000000092939.jpg,NANO,onnx_cuda,False,2,18,1,True,True,45,14
000000093154.jpg,NANO,onnx_cuda,False,0,0,0,False,False,7,18
000000093261.jpg,NANO,onnx_cuda,False,2,8,1,True,True,16,4
000000093353.jpg,NANO,onnx_cuda,False,0,0,1,True,False,6,5
000000093437.jpg,NANO,onnx_cuda,False,1,9,0,True,True,11,13
000000093717.jpg,NANO,onnx_cuda,False,2,16,14,True,True,24,22
000000093965.jpg,NANO,onnx_cuda,False,0,0,0,False,False,18,2
000000094157.jpg,NANO,onnx_cuda,False,0,0,13,True,False,2,14
000000094185.jpg,NANO,onnx_cuda,False,1,4,0,True,True,9,12
000000094326.jpg,NANO,onnx_cuda,False,1,7,0,True,True,21,2
000000094336.jpg,NANO,onnx_cuda,False,0,0,0,False,False,28,2
000000094614.jpg,NANO,onnx_cuda,False,1,9,0,True,True,10,5
000000094751.jpg,NANO,onnx_cuda,False,0,0,11,True,False,13,17
000000094852.jpg,NANO,onnx_cuda,False,0,0,0,False,False,10,2
000000094871.jpg,NANO,onnx_cuda,False,4,30,0,True,True,60,10
000000094944.jpg,NANO,onnx_cuda,False,3,18,0,True,True,21,9
000000095069.jpg,NANO,onnx_cuda,False,0,0,0,False,False,0,1
000000095155.jpg,NANO,onnx_cuda,False,4,38,0,True,True,42,8
000000095707.jpg,NANO,onnx_cuda,False,0,0,0,False,False,1,9
000000095786.jpg,NANO,onnx_cuda,False,0,0,0,False,False,29,4
000000095843.jpg,NANO,onnx_cuda,False,0,0,0,False,False,10,1
000000095862.jpg,NANO,onnx_cuda,False,8,66,5,True,True,74,17
000000095899.jpg,NANO,onnx_cuda,False,0,0,0,False,False,11,1
000000096001.jpg,NANO,onnx_cuda,False,0,0,0,False,False,9,3
000000096427.jpg,NANO,onnx_cuda,False,2,20,1,True,True,32,4
000000096493.jpg,NANO,onnx_cuda,False,0,11,1,True,True,12,3
000000096549.jpg,NANO,onnx_cuda,False,0,0,0,False,False,10,1
000000096825.jpg,NANO,onnx_cuda,False,1,11,0,True,True,13,3
000000096960.jpg,NANO,onnx_cuda,False,0,0,0,False,False,9,1
000000097022.jpg,NANO,onnx_cuda,False,0,0,0,False,False,12,6
000000097230.jpg,NANO,onnx_cuda,False,0,0,0,False,False,20,2
000000097278.jpg,NANO,onnx_cuda,False,1,9,0,True,True,15,2
000000097337.jpg,NANO,onnx_cuda,False,0,0,3,True,False,23,9
000000097585.jpg,NANO,onnx_cuda,False,0,0,0,False,False,43,13
000000097679.jpg,NANO,onnx_cuda,False,0,0,2,True,False,20,5
000000097924.jpg,NANO,onnx_cuda,False,2,19,1,True,True,30,6
000000097988.jpg,NANO,onnx_cuda,False,6,46,9,True,True,58,17
000000097994.jpg,NANO,onnx_cuda,False,0,0,0,False,False,45,20
000000098018.jpg,NANO,onnx_cuda,False,0,0,0,False,False,0,5
000000098261.jpg,NANO,onnx_cuda,False,0,0,0,False,False,22,2
000000098287.jpg,NANO,onnx_cuda,False,6,20,7,True,True,26,16
000000098392.jpg,NANO,onnx_cuda,False,0,0,3,True,False,24,11
000000098497.jpg,NANO,onnx_cuda,False,0,0,0,False,False,0,0
000000098520.jpg,NANO,onnx_cuda,False,0,0,0,False,False,15,3
000000098633.jpg,NANO,onnx_cuda,False,0,0,0,False,False,8,1
000000098716.jpg,NANO,onnx_cuda,False,2,6,1,True,True,30,5
000000098839.jpg,NANO,onnx_cuda,False,0,0,0,False,False,22,3
000000098853.jpg,NANO,onnx_cuda,False,5,26,8,True,True,31,24
000000099024.jpg,NANO,onnx_cuda,False,1,7,0,True,True,18,3
000000099039.jpg,NANO,onnx_cuda,False,1,16,0,True,True,54,13
000000099053.jpg,NANO,onnx_cuda,False,0,0,0,False,False,23,8
000000099054.jpg,NANO,onnx_cuda,False,0,3,3,True,True,13,6
000000099114.jpg,NANO,onnx_cuda,False,7,41,9,True,True,53,20
000000099182.jpg,NANO,onnx_cuda,False,1,6,0,True,True,8,3
000000099242.jpg,NANO,onnx_cuda,False,1,9,0,True,True,17,2
000000099428.jpg,NANO,onnx_cuda,False,0,0,0,False,False,8,5
000000099810.jpg,NANO,onnx_cuda,False,1,9,0,True,True,28,8
000000100238.jpg,NANO,onnx_cuda,False,4,36,0,True,True,73,10
000000100274.jpg,NANO,onnx_cuda,False,0,0,0,False,False,3,9
000000100283.jpg,NANO,onnx_cuda,False,0,0,0,False,False,16,6
000000100428.jpg,NANO,onnx_cuda,False,2,17,0,True,True,19,4
000000100489.jpg,NANO,onnx_cuda,False,0,0,0,False,False,10,1
000000100510.jpg,NANO,onnx_cuda,False,2,13,1,True,True,23,6
000000100582.jpg,NANO,onnx_cuda,False,0,0,0,False,False,3,3
000000100624.jpg,NANO,onnx_cuda,False,3,17,1,True,True,20,9
000000100723.jpg,NANO,onnx_cuda,False,5,49,8,True,True,54,17
000000101022.jpg,NANO,onnx_cuda,False,0,0,0,False,False,0,0
000000101068.jpg,NANO,onnx_cuda,False,1,9,0,True,True,10,2
000000101420.jpg,NANO,onnx_cuda,False,0,0,0,False,False,18,2
000000101762.jpg,NANO,onnx_cuda,False,1,14,0,True,True,26,2
000000101780.jpg,NANO,onnx_cuda,False,0,0,0,False,False,0,4
000000101787.jpg,NANO,onnx_cuda,False,0,0,0,False,False,2,1
000000101884.jpg,NANO,onnx_cuda,False,0,0,0,False,False,6,3
000000102331.jpg,NANO,onnx_cuda,False,2,18,0,True,True,20,2
000000102356.jpg,NANO,onnx_cuda,False,2,18,0,True,True,20,2
000000102411.jpg,NANO,onnx_cuda,False,7,42,5,True,True,49,14
000000102644.jpg,NANO,onnx_cuda,False,0,0,0,False,False,21,1
000000102707.jpg,NANO,onnx_cuda,False,0,0,0,False,False,12,3
000000102805.jpg,NANO,onnx_cuda,False,1,9,0,True,True,32,10
000000102820.jpg,NANO,onnx_cuda,False,1,9,0,True,True,22,2
000000103548.jpg,NANO,onnx_cuda,False,1,8,0,True,True,9,19
000000103585.jpg,NANO,onnx_cuda,False,0,0,0,False,False,16,4
000000103723.jpg,NANO,onnx_cuda,False,1,11,6,True,True,22,8
000000104119.jpg,NANO,onnx_cuda,False,0,0,0,False,False,10,3
000000104198.jpg,NANO,onnx_cuda,False,0,0,0,False,False,10,1
000000104424.jpg,NANO,onnx_cuda,False,1,8,0,True,True,19,4
000000104455.jpg,NANO,onnx_cuda,False,0,0,0,False,False,10,2
000000104572.jpg,NANO,onnx_cuda,False,0,0,0,False,False,6,6
000000104603.jpg,NANO,onnx_cuda,False,0,0,0,False,False,10,2
000000104612.jpg,NANO,onnx_cuda,False,0,0,0,False,False,12,12
000000104619.jpg,NANO,onnx_cuda,False,0,0,0,False,False,10,1
000000104666.jpg,NANO,onnx_cuda,False,0,0,0,False,False,9,15
000000104669.jpg,NANO,onnx_cuda,False,0,0,0,False,False,11,15
000000104782.jpg,NANO,onnx_cuda,False,0,0,0,False,False,1,1
000000104803.jpg,NANO,onnx_cuda,False,0,0,0,False,False,10,1
000000105014.jpg,NANO,onnx_cuda,False,0,0,0,False,False,3,6
000000105249.jpg,NANO,onnx_cuda,False,0,0,0,False,False,20,3
000000105264.jpg,NANO,onnx_cuda,False,5,32,3,True,True,47,9
000000105335.jpg,NANO,onnx_cuda,False,0,0,2,True,False,9,11
000000105455.jpg,NANO,onnx_cuda,False,0,0,0,False,False,21,3
000000105912.jpg,NANO,onnx_cuda,False,3,14,9,True,True,36,16
000000105923.jpg,NANO,onnx_cuda,False,0,0,7,True,False,9,9
000000106048.jpg,NANO,onnx_cuda,False,0,0,0,False,False,10,1
000000106235.jpg,NANO,onnx_cuda,False,0,0,0,False,False,28,10
000000106266.jpg,NANO,onnx_cuda,False,0,0,0,False,False,12,1
000000106281.jpg,NANO,onnx_cuda,False,0,0,0,False,False,3,2
000000106330.jpg,NANO,onnx_cuda,False,0,0,0,False,False,9,1
000000106389.jpg,NANO,onnx_cuda,False,0,0,0,False,False,20,12
000000106563.jpg,NANO,onnx_cuda,False,0,0,0,False,False,8,1
000000106757.jpg,NANO,onnx_cuda,False,1,9,1,True,True,19,3
000000106881.jpg,NANO,onnx_cuda,False,0,0,0,False,False,12,1
000000106912.jpg,NANO,onnx_cuda,False,1,6,0,True,True,13,2
000000107087.jpg,NANO,onnx_cuda,False,0,0,0,False,False,9,3
000000107094.jpg,NANO,onnx_cuda,False,1,10,0,True,True,17,3
000000107226.jpg,NANO,onnx_cuda,False,2,11,9,True,True,41,18
000000107339.jpg,NANO,onnx_cuda,False,1,9,1,True,True,10,8
000000107554.jpg,NANO,onnx_cuda,False,0,0,0,False,False,5,2
000000107851.jpg,NANO,onnx_cuda,False,0,0,13,True,False,12,17
000000108026.jpg,NANO,onnx_cuda,False,1,7,0,True,True,12,3
000000108244.jpg,NANO,onnx_cuda,False,0,0,0,False,False,13,1
000000108253.jpg,NANO,onnx_cuda,False,1,4,0,True,True,45,13
000000108440.jpg,NANO,onnx_cuda,False,0,0,0,False,False,6,1
000000108495.jpg,NANO,onnx_cuda,False,1,8,0,True,True,9,2
000000108503.jpg,NANO,onnx_cuda,False,2,14,11,True,True,17,15
000000108864.jpg,NANO,onnx_cuda,False,0,0,0,False,False,20,2
000000109055.jpg,NANO,onnx_cuda,False,1,13,0,True,True,14,2
000000109118.jpg,NANO,onnx_cuda,False,3,26,0,True,True,30,6
000000109313.jpg,NANO,onnx_cuda,False,1,9,0,True,True,10,10
000000109441.jpg,NANO,onnx_cuda,False,0,0,0,False,False,2,13
000000109798.jpg,NANO,onnx_cuda,False,0,0,0,False,False,31,4
000000109827.jpg,NANO,onnx_cuda,False,0,0,0,False,False,10,1
000000109900.jpg,NANO,onnx_cuda,False,7,41,3,True,True,61,13
000000109916.jpg,NANO,onnx_cuda,False,0,2,0,False,True,2,3
000000109976.jpg,NANO,onnx_cuda,False,0,0,0,False,False,20,7
000000109992.jpg,NANO,onnx_cuda,False,1,10,0,True,True,11,2
000000110042.jpg,NANO,onnx_cuda,False,1,9,4,True,True,21,8
000000110211.jpg,NANO,onnx_cuda,False,0,0,0,False,False,27,5
000000110282.jpg,NANO,onnx_cuda,False,0,0,0,False,False,8,1
000000110359.jpg,NANO,onnx_cuda,False,0,0,0,False,False,9,1
000000110449.jpg,NANO,onnx_cuda,False,2,18,0,True,True,20,4
000000110638.jpg,NANO,onnx_cuda,False,0,0,0,False,False,24,3
000000110721.jpg,NANO,onnx_cuda,False,0,0,1,True,False,9,2
000000110784.jpg,NANO,onnx_cuda,False,0,0,1,True,False,7,3
000000110884.jpg,NANO,onnx_cuda,False,0,0,0,False,False,15,3
000000110972.jpg,NANO,onnx_cuda,False,0,0,0,False,False,10,1
000000110999.jpg,NANO,onnx_cuda,False,0,0,1,True,False,0,11
000000111036.jpg,NANO,onnx_cuda,False,0,0,0,False,False,20,2
000000111086.jpg,NANO,onnx_cuda,False,0,0,4,True,False,0,17
000000111179.jpg,NANO,onnx_cuda,False,0,0,0,False,False,11,2
000000111207.jpg,NANO,onnx_cuda,False,2,18,0,True,True,22,6
000000111609.jpg,NANO,onnx_cuda,False,0,0,1,True,False,7,3
000000111951.jpg,NANO,onnx_cuda,False,0,0,0,False,False,11,4
000000112110.jpg,NANO,onnx_cuda,False,1,9,0,True,True,20,2
000000112298.jpg,NANO,onnx_cuda,False,1,10,0,True,True,11,9
000000112378.jpg,NANO,onnx_cuda,False,0,0,0,False,False,0,9
000000112626.jpg,NANO,onnx_cuda,False,0,0,0,False,False,11,2
000000112634.jpg,NANO,onnx_cuda,False,0,0,0,False,False,9,2
000000112798.jpg,NANO,onnx_cuda,False,0,0,0,False,False,1,4
000000112997.jpg,NANO,onnx_cuda,False,1,3,0,True,True,14,2
000000113051.jpg,NANO,onnx_cuda,False,0,0,0,False,False,14,1
000000113235.jpg,NANO,onnx_cuda,False,0,0,1,True,False,21,4
000000113354.jpg,NANO,onnx_cuda,False,0,0,0,False,False,23,3
000000113403.jpg,NANO,onnx_cuda,False,0,0,0,False,False,34,4
000000113589.jpg,NANO,onnx_cuda,False,0,0,0,False,False,6,7
000000113720.jpg,NANO,onnx_cuda,False,3,19,2,True,True,62,21
000000113867.jpg,NANO,onnx_cuda,False,0,0,0,False,False,3,1
000000114049.jpg,NANO,onnx_cuda,False,0,0,6,True,False,7,16
000000114770.jpg,NANO,onnx_cuda,False,1,6,0,True,True,10,3
000000114871.jpg,NANO,onnx_cuda,False,0,0,0,False,False,6,2
000000114884.jpg,NANO,onnx_cuda,False,7,26,6,True,True,38,33
000000114907.jpg,NANO,onnx_cuda,False,2,10,11,True,True,12,15
000000115118.jpg,NANO,onnx_cuda,False,0,0,0,False,False,10,1
000000115245.jpg,NANO,onnx_cuda,False,0,0,3,True,False,32,16
000000115870.jpg,NANO,onnx_cuda,False,5,28,0,True,True,57,15
000000115885.jpg,NANO,onnx_cuda,False,0,0,0,False,False,23,3
000000115898.jpg,NANO,onnx_cuda,False,1,8,0,True,True,17,2
000000115946.jpg,NANO,onnx_cuda,False,0,0,1,True,False,25,17
000000116068.jpg,NANO,onnx_cuda,False,3,20,0,True,True,34,4
000000116206.jpg,NANO,onnx_cuda,False,0,0,0,False,False,21,3
000000116208.jpg,NANO,onnx_cuda,False,0,1,1,True,True,62,21
000000116362.jpg,NANO,onnx_cuda,False,0,0,0,False,False,23,8
000000116439.jpg,NANO,onnx_cuda,False,1,9,0,True,True,24,12
000000116479.jpg,NANO,onnx_cuda,False,0,0,0,False,False,0,3
000000116589.jpg,NANO,onnx_cuda,False,0,0,0,False,False,18,3
000000116825.jpg,NANO,onnx_cuda,False,0,0,0,False,False,17,3
000000117197.jpg,NANO,onnx_cuda,False,1,9,0,True,True,10,2
000000117374.jpg,NANO,onnx_cuda,False,0,0,0,False,False,12,3
000000117425.jpg,NANO,onnx_cuda,False,2,27,1,True,True,51,7
000000117492.jpg,NANO,onnx_cuda,False,6,44,7,True,True,50,23
000000117525.jpg,NANO,onnx_cuda,False,1,5,0,True,True,14,2
000000117645.jpg,NANO,onnx_cuda,False,1,2,0,True,True,4,2
000000117719.jpg,NANO,onnx_cuda,False,1,9,0,True,True,10,18
000000117744.jpg,NANO,onnx_cuda,False,1,8,0,True,True,18,2
000000117908.jpg,NANO,onnx_cuda,False,1,9,0,True,True,14,9
000000117914.jpg,NANO,onnx_cuda,False,0,0,0,False,False,30,3
000000118209.jpg,NANO,onnx_cuda,False,0,0,0,False,False,20,2
000000118367.jpg,NANO,onnx_cuda,False,1,11,0,True,True,12,10
000000118405.jpg,NANO,onnx_cuda,False,0,0,1,True,False,0,2
000000118515.jpg,NANO,onnx_cuda,False,0,2,0,False,True,6,2
000000118594.jpg,NANO,onnx_cuda,False,0,0,0,False,False,17,2
000000118921.jpg,NANO,onnx_cuda,False,1,9,0,True,True,22,3
000000119038.jpg,NANO,onnx_cuda,False,0,0,0,False,False,16,3
000000119088.jpg,NANO,onnx_cuda,False,3,28,0,True,True,32,4
000000119233.jpg,NANO,onnx_cuda,False,0,0,0,False,False,11,9
000000119365.jpg,NANO,onnx_cuda,False,2,14,0,True,True,26,5
000000119445.jpg,NANO,onnx_cuda,False,3,20,0,True,True,23,6
000000119452.jpg,NANO,onnx_cuda,False,0,0,0,False,False,24,6
000000119516.jpg,NANO,onnx_cuda,False,1,8,3,True,True,9,9
000000119641.jpg,NANO,onnx_cuda,False,4,13,9,True,True,40,21
000000119677.jpg,NANO,onnx_cuda,False,0,0,0,False,False,0,2
000000119828.jpg,NANO,onnx_cuda,False,0,0,0,False,False,21,6
000000119911.jpg,NANO,onnx_cuda,False,1,10,0,True,True,11,7
000000119995.jpg,NANO,onnx_cuda,False,2,17,3,True,True,28,6
000000120420.jpg,NANO,onnx_cuda,False,4,27,6,True,True,31,26
000000120572.jpg,NANO,onnx_cuda,False,0,5,0,False,True,5,2
000000120584.jpg,NANO,onnx_cuda,False,0,0,0,False,False,7,1
000000120777.jpg,NANO,onnx_cuda,False,0,0,0,False,False,21,3
000000120853.jpg,NANO,onnx_cuda,False,0,0,0,False,False,25,10
000000121031.jpg,NANO,onnx_cuda,False,2,17,2,True,True,31,8
000000121153.jpg,NANO,onnx_cuda,False,0,0,0,False,False,0,0
000000121242.jpg,NANO,onnx_cuda,False,2,10,4,True,True,26,22
000000121417.jpg,NANO,onnx_cuda,False,5,44,4,True,True,58,13
000000121497.jpg,NANO,onnx_cuda,False,3,29,3,True,True,32,6
000000121506.jpg,NANO,onnx_cuda,False,0,0,0,False,False,8,9
000000121586.jpg,NANO,onnx_cuda,False,0,0,0,False,False,10,15
000000121591.jpg,NANO,onnx_cuda,False,0,0,1,True,False,3,2
000000121673.jpg,NANO,onnx_cuda,False,1,10,0,True,True,23,2
000000121744.jpg,NANO,onnx_cuda,False,3,19,8,True,True,31,15
000000122046.jpg,NANO,onnx_cuda,False,1,9,0,True,True,20,3
000000122166.jpg,NANO,onnx_cuda,False,5,24,4,True,True,53,29
000000122217.jpg,NANO,onnx_cuda,False,2,15,0,True,True,17,4
000000122606.jpg,NANO,onnx_cuda,False,1,1,0,True,True,12,2
000000122672.jpg,NANO,onnx_cuda,False,1,5,0,True,True,14,2
000000122745.jpg,NANO,onnx_cuda,False,0,0,0,False,False,10,1
000000122927.jpg,NANO,onnx_cuda,False,0,0,0,False,False,19,2
000000122962.jpg,NANO,onnx_cuda,False,6,42,7,True,True,51,29
000000122969.jpg,NANO,onnx_cuda,False,0,0,0,False,False,10,2
000000123131.jpg,NANO,onnx_cuda,False,0,0,0,False,False,11,4
000000123213.jpg,NANO,onnx_cuda,False,5,36,6,True,True,53,16
000000123321.jpg,NANO,onnx_cuda,False,0,0,0,False,False,18,21
000000123480.jpg,NANO,onnx_cuda,False,1,9,0,True,True,10,4
000000123585.jpg,NANO,onnx_cuda,False,0,0,0,False,False,14,6
000000123633.jpg,NANO,onnx_cuda,False,4,35,1,True,True,45,14
000000124277.jpg,NANO,onnx_cuda,False,0,0,0,False,False,9,7
000000124442.jpg,NANO,onnx_cuda,False,1,8,0,True,True,14,2
000000124636.jpg,NANO,onnx_cuda,False,0,0,0,False,False,12,3
000000124659.jpg,NANO,onnx_cuda,False,0,0,0,False,False,16,19
000000124798.jpg,NANO,onnx_cuda,False,0,0,1,True,False,39,16
000000124975.jpg,NANO,onnx_cuda,False,0,0,0,False,False,18,2
000000125062.jpg,NANO,onnx_cuda,False,0,0,0,False,False,30,10
000000125072.jpg,NANO,onnx_cuda,False,0,0,0,False,False,0,6
000000125129.jpg,NANO,onnx_cuda,False,3,29,0,True,True,69,10
000000125211.jpg,NANO,onnx_cuda,False,0,0,0,False,False,10,1
000000125245.jpg,NANO,onnx_cuda,False,0,0,0,False,False,4,1
000000125257.jpg,NANO,onnx_cuda,False,1,8,0,True,True,9,2
000000125405.jpg,NANO,onnx_cuda,False,0,0,0,False,False,20,3
000000125472.jpg,NANO,onnx_cuda,False,1,8,0,True,True,16,2
000000125572.jpg,NANO,onnx_cuda,False,2,13,14,True,True,25,28
000000125778.jpg,NANO,onnx_cuda,False,0,0,0,False,False,41,15
000000125806.jpg,NANO,onnx_cuda,False,0,0,0,False,False,19,2
000000125850.jpg,NANO,onnx_cuda,False,0,0,0,False,False,6,2
000000125936.jpg,NANO,onnx_cuda,False,3,35,2,True,True,38,29
000000125952.jpg,NANO,onnx_cuda,False,0,0,0,False,False,0,1
000000126107.jpg,NANO,onnx_cuda,False,1,2,5,True,True,13,8
000000126110.jpg,NANO,onnx_cuda,False,1,9,0,True,True,10,3
000000126137.jpg,NANO,onnx_cuda,False,2,14,10,True,True,26,15
000000126216.jpg,NANO,onnx_cuda,False,0,0,0,False,False,22,4
000000126226.jpg,NANO,onnx_cuda,False,4,17,2,True,True,26,22
000000126592.jpg,NANO,onnx_cuda,False,0,0,0,False,False,23,13
000000127092.jpg,NANO,onnx_cuda,False,1,3,0,True,True,23,8
000000127135.jpg,NANO,onnx_cuda,False,0,0,0,False,False,3,0
000000127182.jpg,NANO,onnx_cuda,False,0,0,0,False,False,24,10
000000127263.jpg,NANO,onnx_cuda,False,2,18,0,True,True,22,6
000000127270.jpg,NANO,onnx_cuda,False,5,28,0,True,True,33,9
000000127394.jpg,NANO,onnx_cuda,False,4,37,2,True,True,86,22
000000127476.jpg,NANO,onnx_cuda,False,0,0,0,False,False,13,1
000000127494.jpg,NANO,onnx_cuda,False,0,0,0,False,False,10,1
000000127517.jpg,NANO,onnx_cuda,False,0,0,0,False,False,18,11
000000127530.jpg,NANO,onnx_cuda,False,1,9,0,True,True,19,3
000000127624.jpg,NANO,onnx_cuda,False,0,0,0,False,False,5,1
000000127660.jpg,NANO,onnx_cuda,False,1,9,0,True,True,10,2
000000127955.jpg,NANO,onnx_cuda,False,0,0,0,False,False,15,2
000000127987.jpg,NANO,onnx_cuda,False,0,0,0,False,False,20,3
000000128051.jpg,NANO,onnx_cuda,False,0,0,0,False,False,19,4
000000128112.jpg,NANO,onnx_cuda,False,1,7,0,True,True,8,2
000000128148.jpg,NANO,onnx_cuda,False,0,0,0,False,False,24,22
000000128372.jpg,NANO,onnx_cuda,False,5,27,4,True,True,42,16
000000128476.jpg,NANO,onnx_cuda,False,1,8,1,True,True,10,13
000000128598.jpg,NANO,onnx_cuda,False,0,0,0,False,False,14,11
000000128654.jpg,NANO,onnx_cuda,False,1,9,0,True,True,19,2
000000128658.jpg,NANO,onnx_cuda,False,0,0,0,False,False,7,1
000000128675.jpg,NANO,onnx_cuda,False,2,8,1,True,True,25,7
000000128699.jpg,NANO,onnx_cuda,False,2,8,10,True,True,19,13
000000128748.jpg,NANO,onnx_cuda,False,3,28,0,True,True,31,5
000000129054.jpg,NANO,onnx_cuda,False,0,0,0,False,False,1,13
000000129062.jpg,NANO,onnx_cuda,False,0,0,1,True,False,0,7
000000129113.jpg,NANO,onnx_cuda,False,0,0,0,False,False,1,2
000000129135.jpg,NANO,onnx_cuda,False,0,0,0,False,False,20,2
000000129322.jpg,NANO,onnx_cuda,False,0,0,0,False,False,10,1
000000129416.jpg,NANO,onnx_cuda,False,0,0,0,False,False,20,9
000000129492.jpg,NANO,onnx_cuda,False,3,17,0,True,True,21,9
000000129756.jpg,NANO,onnx_cuda,False,1,18,0,True,True,50,9
000000129812.jpg,NANO,onnx_cuda,False,1,7,0,True,True,15,2
000000129945.jpg,NANO,onnx_cuda,False,3,26,0,True,True,32,5
000000130386.jpg,NANO,onnx_cuda,False,2,2,7,True,True,8,12
000000130465.jpg,NANO,onnx_cuda,False,0,0,0,False,False,10,2
000000130566.jpg,NANO,onnx_cuda,False,0,0,0,False,False,9,1
000000130579.jpg,NANO,onnx_cuda,False,1,9,0,True,True,21,2
000000130586.jpg,NANO,onnx_cuda,False,1,9,0,True,True,16,2
000000130599.jpg,NANO,onnx_cuda,False,1,12,0,True,True,15,1
000000130613.jpg,NANO,onnx_cuda,False,0,0,0,False,False,0,5
000000130699.jpg,NANO,onnx_cuda,False,5,44,2,True,True,49,17
000000130826.jpg,NANO,onnx_cuda,False,4,34,2,True,True,40,9
000000131131.jpg,NANO,onnx_cuda,False,0,0,0,False,False,16,2
000000131138.jpg,NANO,onnx_cuda,False,0,0,1,True,False,50,11
000000131273.jpg,NANO,onnx_cuda,False,0,0,0,False,False,9,1
000000131379.jpg,NANO,onnx_cuda,False,0,0,0,False,False,0,1
000000131386.jpg,NANO,onnx_cuda,False,0,0,0,False,False,10,4
000000131431.jpg,NANO,onnx_cuda,False,0,0,0,False,False,10,1
000000131444.jpg,NANO,onnx_cuda,False,1,9,0,True,True,20,2
000000131556.jpg,NANO,onnx_cuda,False,0,10,5,True,True,16,6
000000131938.jpg,NANO,onnx_cuda,False,0,0,0,False,False,12,2
000000132116.jpg,NANO,onnx_cuda,False,0,0,0,False,False,30,8
000000132329.jpg,NANO,onnx_cuda,False,0,0,0,False,False,42,5
000000132375.jpg,NANO,onnx_cuda,False,0,0,5,True,False,26,7
000000132408.jpg,NANO,onnx_cuda,False,1,11,2,True,True,42,6
000000132544.jpg,NANO,onnx_cuda,False,4,26,6,True,True,34,15
000000132587.jpg,NANO,onnx_cuda,False,2,16,4,True,True,18,10
000000132622.jpg,NANO,onnx_cuda,False,0,0,0,False,False,10,1
000000132703.jpg,NANO,onnx_cuda,False,1,8,0,True,True,12,2
000000132796.jpg,NANO,onnx_cuda,False,2,23,1,True,True,36,9
000000132931.jpg,NANO,onnx_cuda,False,2,18,0,True,True,20,3
000000133000.jpg,NANO,onnx_cuda,False,0,0,2,True,False,9,3
000000133087.jpg,NANO,onnx_cuda,False,0,0,0,False,False,16,4
000000133233.jpg,NANO,onnx_cuda,False,0,0,0,False,False,1,13
000000133244.jpg,NANO,onnx_cuda,False,4,17,9,True,True,25,20
000000133343.jpg,NANO,onnx_cuda,False,1,11,0,True,True,22,2
000000133418.jpg,NANO,onnx_cuda,False,1,9,0,True,True,20,2
000000133567.jpg,NANO,onnx_cuda,False,1,9,0,True,True,20,2
000000133631.jpg,NANO,onnx_cuda,False,0,0,0,False,False,10,1
000000133645.jpg,NANO,onnx_cuda,False,0,0,0,False,False,25,8
000000133778.jpg,NANO,onnx_cuda,False,0,0,0,False,False,17,2
000000133819.jpg,NANO,onnx_cuda,False,4,14,7,True,True,30,21
000000133969.jpg,NANO,onnx_cuda,False,10,74,3,True,True,84,16
000000134034.jpg,NANO,onnx_cuda,False,0,0,0,False,False,20,2
000000134096.jpg,NANO,onnx_cuda,False,0,0,0,False,False,17,4
000000134112.jpg,NANO,onnx_cuda,False,0,0,0,False,False,24,3
000000134322.jpg,NANO,onnx_cuda,False,2,2,11,True,True,15,14
000000134689.jpg,NANO,onnx_cuda,False,0,0,0,False,False,10,1
000000134722.jpg,NANO,onnx_cuda,False,0,0,0,False,False,10,2
000000134856.jpg,NANO,onnx_cuda,False,0,2,3,True,True,2,6
000000134882.jpg,NANO,onnx_cuda,False,0,0,0,False,False,21,17
000000134886.jpg,NANO,onnx_cuda,False,0,0,10,True,False,17,12
000000135410.jpg,NANO,onnx_cuda,False,0,0,3,True,False,21,10
000000135561.jpg,NANO,onnx_cuda,False,0,0,0,False,False,11,8
000000135604.jpg,NANO,onnx_cuda,False,1,15,0,True,True,21,3
000000135670.jpg,NANO,onnx_cuda,False,1,8,0,True,True,10,1
000000135673.jpg,NANO,onnx_cuda,False,0,0,0,False,False,8,2
000000135872.jpg,NANO,onnx_cuda,False,0,0,0,False,False,23,12
000000135890.jpg,NANO,onnx_cuda,False,0,0,10,True,False,9,12
000000135902.jpg,NANO,onnx_cuda,False,0,0,1,True,False,11,3
000000136033.jpg,NANO,onnx_cuda,False,0,0,0,False,False,9,2
000000136334.jpg,NANO,onnx_cuda,False,1,9,0,True,True,11,2
000000136355.jpg,NANO,onnx_cuda,False,0,0,0,False,False,33,19
000000136466.jpg,NANO,onnx_cuda,False,0,0,0,False,False,10,2
000000136600.jpg,NANO,onnx_cuda,False,0,0,0,False,False,15,5
000000136633.jpg,NANO,onnx_cuda,False,2,11,10,True,True,13,18
000000136715.jpg,NANO,onnx_cuda,False,5,35,13,True,True,40,20
000000136772.jpg,NANO,onnx_cuda,False,0,0,0,False,False,8,2
000000136915.jpg,NANO,onnx_cuda,False,3,27,0,True,True,30,9
000000137106.jpg,NANO,onnx_cuda,False,1,7,0,True,True,19,2
000000137246.jpg,NANO,onnx_cuda,False,2,17,0,True,True,35,17
000000137294.jpg,NANO,onnx_cuda,False,1,10,1,True,True,11,3
000000137576.jpg,NANO,onnx_cuda,False,0,0,0,False,False,18,9
000000137727.jpg,NANO,onnx_cuda,False,0,5,3,True,True,13,26
000000137950.jpg,NANO,onnx_cuda,False,0,0,0,False,False,11,1
000000138115.jpg,NANO,onnx_cuda,False,1,9,0,True,True,19,2
000000138241.jpg,NANO,onnx_cuda,False,0,0,0,False,False,9,2
000000138492.jpg,NANO,onnx_cuda,False,0,0,0,False,False,20,2
000000138550.jpg,NANO,onnx_cuda,False,0,0,0,False,False,10,4
000000138639.jpg,NANO,onnx_cuda,False,4,35,10,True,True,39,19
000000138819.jpg,NANO,onnx_cuda,False,0,0,0,False,False,15,2
000000138856.jpg,NANO,onnx_cuda,False,0,0,0,False,False,19,2
000000138954.jpg,NANO,onnx_cuda,False,0,0,0,False,False,7,2
000000138979.jpg,NANO,onnx_cuda,False,3,22,2,True,True,44,7
000000139077.jpg,NANO,onnx_cuda,False,1,9,0,True,True,11,7
000000139099.jpg,NANO,onnx_cuda,False,8,57,7,True,True,69,29
000000139260.jpg,NANO,onnx_cuda,False,0,0,0,False,False,10,6
000000139684.jpg,NANO,onnx_cuda,False,0,0,0,False,False,47,12
000000139871.jpg,NANO,onnx_cuda,False,0,0,0,False,False,10,1
000000139872.jpg,NANO,onnx_cuda,False,1,8,1,True,True,30,4
000000139883.jpg,NANO,onnx_cuda,False,0,0,0,False,False,0,4
000000140076.jpg,NANO,onnx_cuda,False,0,0,0,False,False,51,21
000000140203.jpg,NANO,onnx_cuda,False,2,17,4,True,True,30,8
000000140270.jpg,NANO,onnx_cuda,False,1,9,0,True,True,21,2
000000140286.jpg,NANO,onnx_cuda,False,0,0,2,True,False,10,3
000000140420.jpg,NANO,onnx_cuda,False,1,10,0,True,True,11,1
000000140439.jpg,NANO,onnx_cuda,False,0,0,0,False,False,18,9
000000140556.jpg,NANO,onnx_cuda,False,3,28,1,True,True,41,6
000000140583.jpg,NANO,onnx_cuda,False,0,0,2,True,False,13,21
000000140640.jpg,NANO,onnx_cuda,False,3,23,0,True,True,28,11
000000140658.jpg,NANO,onnx_cuda,False,0,0,0,False,False,0,1
000000140840.jpg,NANO,onnx_cuda,False,1,2,4,True,True,5,19
000000140929.jpg,NANO,onnx_cuda,False,0,0,0,False,False,10,1
000000140987.jpg,NANO,onnx_cuda,False,4,31,2,True,True,74,18
000000141328.jpg,NANO,onnx_cuda,False,0,0,0,False,False,9,15
000000141597.jpg,NANO,onnx_cuda,False,0,0,0,False,False,24,3
000000141671.jpg,NANO,onnx_cuda,False,1,1,16,True,True,2,25
000000141821.jpg,NANO,onnx_cuda,False,0,0,2,True,False,30,5
000000142092.jpg,NANO,onnx_cuda,False,0,0,0,False,False,4,1
000000142238.jpg,NANO,onnx_cuda,False,7,52,6,True,True,59,14
000000142324.jpg,NANO,onnx_cuda,False,10,61,7,True,True,71,19
000000142472.jpg,NANO,onnx_cuda,False,1,1,5,True,True,13,12
000000142585.jpg,NANO,onnx_cuda,False,1,5,2,True,True,21,11
000000142620.jpg,NANO,onnx_cuda,False,1,11,0,True,True,32,15
000000142790.jpg,NANO,onnx_cuda,False,2,21,0,True,True,28,4
000000142971.jpg,NANO,onnx_cuda,False,3,23,1,True,True,32,6
000000143068.jpg,NANO,onnx_cuda,False,3,18,9,True,True,42,15
000000143556.jpg,NANO,onnx_cuda,False,4,30,6,True,True,34,10
000000143572.jpg,NANO,onnx_cuda,False,2,28,11,True,True,30,14
000000143931.jpg,NANO,onnx_cuda,False,0,0,1,True,False,10,2
000000143961.jpg,NANO,onnx_cuda,False,6,36,7,True,True,53,20
000000143998.jpg,NANO,onnx_cuda,False,0,0,0,False,False,1,7
000000144003.jpg,NANO,onnx_cuda,False,2,16,4,True,True,19,13
000000144114.jpg,NANO,onnx_cuda,False,1,5,0,True,True,16,2
000000144300.jpg,NANO,onnx_cuda,False,2,25,1,True,True,32,9
000000144333.jpg,NANO,onnx_cuda,False,2,18,0,True,True,38,8
000000144706.jpg,NANO,onnx_cuda,False,0,0,0,False,False,0,7
000000144784.jpg,NANO,onnx_cuda,False,0,0,1,True,False,4,1
000000144798.jpg,NANO,onnx_cuda,False,0,0,0,False,False,17,4
000000144932.jpg,NANO,onnx_cuda,False,0,0,2,True,False,0,3
000000144984.jpg,NANO,onnx_cuda,False,1,9,0,True,True,22,5
000000145020.jpg,NANO,onnx_cuda,False,0,0,13,True,False,1,17
000000145591.jpg,NANO,onnx_cuda,False,0,0,0,False,False,8,1
000000145597.jpg,NANO,onnx_cuda,False,2,17,3,True,True,20,19
000000145620.jpg,NANO,onnx_cuda,False,4,28,1,True,True,32,5
000000145665.jpg,NANO,onnx_cuda,False,0,0,1,True,False,0,2
000000145781.jpg,NANO,onnx_cuda,False,0,0,0,False,False,9,3
000000146155.jpg,NANO,onnx_cuda,False,2,18,3,True,True,20,21
000000146358.jpg,NANO,onnx_cuda,False,3,15,1,True,True,25,11
000000146363.jpg,NANO,onnx_cuda,False,0,0,0,False,False,27,3
000000146457.jpg,NANO,onnx_cuda,False,2,20,0,True,True,32,13
000000146489.jpg,NANO,onnx_cuda,False,0,0,0,False,False,29,6
000000146498.jpg,NANO,onnx_cuda,False,0,0,0,False,False,0,6
000000146667.jpg,NANO,onnx_cuda,False,4,41,9,True,True,47,24
000000146825.jpg,NANO,onnx_cuda,False,1,2,5,True,True,13,10
000000146831.jpg,NANO,onnx_cuda,False,2,15,0,True,True,25,5
000000147205.jpg,NANO,onnx_cuda,False,0,0,0,False,False,6,2
000000147223.jpg,NANO,onnx_cuda,False,0,0,0,False,False,29,5
000000147338.jpg,NANO,onnx_cuda,False,0,0,0,False,False,26,6
000000147415.jpg,NANO,onnx_cuda,False,1,9,0,True,True,19,10
000000147498.jpg,NANO,onnx_cuda,False,0,0,0,False,False,3,22
000000147518.jpg,NANO,onnx_cuda,False,0,0,0,False,False,16,4
000000147725.jpg,NANO,onnx_cuda,False,0,0,2,True,False,32,10
000000147729.jpg,NANO,onnx_cuda,False,4,24,5,True,True,28,10
000000147740.jpg,NANO,onnx_cuda,False,6,27,3,True,True,43,13
000000147745.jpg,NANO,onnx_cuda,False,0,0,0,False,False,20,2
000000148508.jpg,NANO,onnx_cuda,False,3,22,10,True,True,31,16
000000148620.jpg,NANO,onnx_cuda,False,0,0,0,False,False,30,5
000000148662.jpg,NANO,onnx_cuda,False,1,9,2,True,True,10,4
000000148707.jpg,NANO,onnx_cuda,False,0,0,0,False,False,9,2
000000148719.jpg,NANO,onnx_cuda,False,0,0,1,True,False,22,6
000000148730.jpg,NANO,onnx_cuda,False,0,0,0,False,False,0,2
000000148739.jpg,NANO,onnx_cuda,False,1,7,0,True,True,9,2
000000148783.jpg,NANO,onnx_cuda,False,0,0,0,False,False,19,2
000000148957.jpg,NANO,onnx_cuda,False,0,0,0,False,False,63,6
000000148999.jpg,NANO,onnx_cuda,False,0,2,13,True,True,2,16
000000149222.jpg,NANO,onnx_cuda,False,0,0,3,True,False,52,9
000000149375.jpg,NANO,onnx_cuda,False,4,22,0,True,True,34,6
000000149406.jpg,NANO,onnx_cuda,False,1,9,0,True,True,10,1
000000149568.jpg,NANO,onnx_cuda,False,1,15,0,True,True,26,4
000000149622.jpg,NANO,onnx_cuda,False,0,0,0,False,False,9,2
000000149770.jpg,NANO,onnx_cuda,False,1,8,0,True,True,9,2
000000150224.jpg,NANO,onnx_cuda,False,2,12,4,True,True,46,14
000000150265.jpg,NANO,onnx_cuda,False,3,18,3,True,True,31,8
000000150417.jpg,NANO,onnx_cuda,False,2,26,0,True,True,43,12
000000150638.jpg,NANO,onnx_cuda,False,0,0,4,True,False,23,18
000000150649.jpg,NANO,onnx_cuda,False,5,48,1,True,True,53,11
000000150726.jpg,NANO,onnx_cuda,False,0,0,0,False,False,16,2
000000150930.jpg,NANO,onnx_cuda,False,0,0,0,False,False,9,1
000000151000.jpg,NANO,onnx_cuda,False,2,13,5,True,True,15,13
000000151051.jpg,NANO,onnx_cuda,False,1,8,0,True,True,9,2
000000151480.jpg,NANO,onnx_cuda,False,5,35,6,True,True,40,18
000000151516.jpg,NANO,onnx_cuda,False,0,11,0,False,True,11,1
000000151629.jpg,NANO,onnx_cuda,False,3,29,0,True,True,32,6
000000151657.jpg,NANO,onnx_cuda,False,2,18,0,True,True,28,3
000000151662.jpg,NANO,onnx_cuda,False,0,0,0,False,False,2,2
000000151820.jpg,NANO,onnx_cuda,False,6,58,1,True,True,102,26
000000151857.jpg,NANO,onnx_cuda,False,0,0,0,False,False,10,1
000000151938.jpg,NANO,onnx_cuda,False,2,18,2,True,True,28,9
000000151962.jpg,NANO,onnx_cuda,False,0,0,1,True,False,18,3
000000152120.jpg,NANO,onnx_cuda,False,2,19,0,True,True,21,2
000000152214.jpg,NANO,onnx_cuda,False,1,9,0,True,True,21,2
000000152465.jpg,NANO,onnx_cuda,False,0,0,0,False,False,7,1
000000152686.jpg,NANO,onnx_cuda,False,2,18,0,True,True,26,4
000000152740.jpg,NANO,onnx_cuda,False,0,0,0,False,False,60,14
000000152771.jpg,NANO,onnx_cuda,False,1,5,0,True,True,12,6
000000152870.jpg,NANO,onnx_cuda,False,0,0,0,False,False,10,2
000000153011.jpg,NANO,onnx_cuda,False,5,33,4,True,True,51,25
000000153217.jpg,NANO,onnx_cuda,False,1,9,0,True,True,20,2
000000153229.jpg,NANO,onnx_cuda,False,7,44,0,True,True,51,9
000000153299.jpg,NANO,onnx_cuda,False,0,0,0,False,False,18,2
000000153343.jpg,NANO,onnx_cuda,False,0,0,0,False,False,20,2
000000153510.jpg,NANO,onnx_cuda,False,0,0,0,False,False,0,6
000000153527.jpg,NANO,onnx_cuda,False,1,6,4,True,True,8,15
000000153529.jpg,NANO,onnx_cuda,False,4,33,4,True,True,85,17
000000153568.jpg,NANO,onnx_cuda,False,0,0,0,False,False,10,1
000000153632.jpg,NANO,onnx_cuda,False,0,0,0,False,False,23,4
000000153669.jpg,NANO,onnx_cuda,False,5,48,8,True,True,54,16
000000153782.jpg,NANO,onnx_cuda,False,0,0,0,False,False,9,2
000000153797.jpg,NANO,onnx_cuda,False,1,8,0,True,True,10,3
000000154000.jpg,NANO,onnx_cuda,False,0,0,0,False,False,10,3
000000154004.jpg,NANO,onnx_cuda,False,5,28,8,True,True,33,14
000000154087.jpg,NANO,onnx_cuda,False,3,38,1,True,True,41,5
000000154213.jpg,NANO,onnx_cuda,False,0,0,0,False,False,1,1
000000154339.jpg,NANO,onnx_cuda,False,0,4,0,False,True,6,2
000000154358.jpg,NANO,onnx_cuda,False,0,0,1,True,False,14,18
000000154425.jpg,NANO,onnx_cuda,False,1,9,0,True,True,20,2
000000154431.jpg,NANO,onnx_cuda,False,0,0,0,False,False,17,12
000000154644.jpg,NANO,onnx_cuda,False,2,13,0,True,True,15,4
000000154705.jpg,NANO,onnx_cuda,False,0,0,0,False,False,9,8
000000154718.jpg,NANO,onnx_cuda,False,1,3,0,True,True,11,2
000000154947.jpg,NANO,onnx_cuda,False,0,0,0,False,False,10,1
000000155051.jpg,NANO,onnx_cuda,False,0,0,0,False,False,10,1
000000155145.jpg,NANO,onnx_cuda,False,1,13,2,True,True,21,7
000000155154.jpg,NANO,onnx_cuda,False,0,0,0,False,False,0,1
000000155179.jpg,NANO,onnx_cuda,False,0,0,0,False,False,10,2
000000155291.jpg,NANO,onnx_cuda,False,0,0,0,False,False,10,1
000000155341.jpg,NANO,onnx_cuda,False,0,0,6,True,False,28,9
000000155443.jpg,NANO,onnx_cuda,False,0,0,0,False,False,11,3
000000155451.jpg,NANO,onnx_cuda,False,0,0,0,False,False,8,10
000000155571.jpg,NANO,onnx_cuda,False,0,0,0,False,False,10,1
000000156071.jpg,NANO,onnx_cuda,False,3,19,10,True,True,22,16
000000156076.jpg,NANO,onnx_cuda,False,3,28,0,True,True,59,19
000000156278.jpg,NANO,onnx_cuda,False,0,0,0,False,False,22,28
000000156292.jpg,NANO,onnx_cuda,False,1,8,1,True,True,27,8
000000156372.jpg,NANO,onnx_cuda,False,0,0,0,False,False,15,4
000000156643.jpg,NANO,onnx_cuda,False,3,25,7,True,True,51,21
000000156924.jpg,NANO,onnx_cuda,False,2,22,0,True,True,37,7
000000157046.jpg,NANO,onnx_cuda,False,1,0,1,True,True,4,3
000000157098.jpg,NANO,onnx_cuda,False,0,0,0,False,False,28,3
000000157124.jpg,NANO,onnx_cuda,False,0,0,0,False,False,10,1
000000157138.jpg,NANO,onnx_cuda,False,0,0,0,False,False,11,2
000000157213.jpg,NANO,onnx_cuda,False,0,0,0,False,False,9,1
000000157365.jpg,NANO,onnx_cuda,False,1,9,0,True,True,43,9
000000157390.jpg,NANO,onnx_cuda,False,0,0,0,False,False,41,22
000000157418.jpg,NANO,onnx_cuda,False,0,0,0,False,False,23,8
000000157601.jpg,NANO,onnx_cuda,False,0,0,1,True,False,0,5
000000157756.jpg,NANO,onnx_cuda,False,2,8,9,True,True,24,20
000000157767.jpg,NANO,onnx_cuda,False,8,70,5,True,True,85,25
000000157807.jpg,NANO,onnx_cuda,False,0,0,0,False,False,23,3
000000157847.jpg,NANO,onnx_cuda,False,0,0,0,False,False,2,1
000000157928.jpg,NANO,onnx_cuda,False,2,13,0,True,True,31,8
000000158227.jpg,NANO,onnx_cuda,False,1,9,0,True,True,10,2
000000158548.jpg,NANO,onnx_cuda,False,2,21,12,True,True,23,19
000000158660.jpg,NANO,onnx_cuda,False,1,10,1,True,True,36,10
000000158744.jpg,NANO,onnx_cuda,False,1,9,0,True,True,17,12
000000158945.jpg,NANO,onnx_cuda,False,0,0,2,True,False,14,4
000000158956.jpg,NANO,onnx_cuda,False,1,9,0,True,True,10,5
000000159112.jpg,NANO,onnx_cuda,False,0,0,0,False,False,0,1
000000159282.jpg,NANO,onnx_cuda,False,0,0,0,False,False,20,2
000000159311.jpg,NANO,onnx_cuda,False,0,0,0,False,False,17,2
000000159399.jpg,NANO,onnx_cuda,False,1,9,5,True,True,16,9
000000159458.jpg,NANO,onnx_cuda,False,0,0,0,False,False,10,3
000000159684.jpg,NANO,onnx_cuda,False,0,0,0,False,False,10,2
000000159791.jpg,NANO,onnx_cuda,False,0,0,8,True,False,21,15
000000159977.jpg,NANO,onnx_cuda,False,0,0,0,False,False,11,4
000000160012.jpg,NANO,onnx_cuda,False,1,9,0,True,True,40,9
000000160556.jpg,NANO,onnx_cuda,False,1,8,0,True,True,23,9
000000160666.jpg,NANO,onnx_cuda,False,0,0,0,False,False,5,1
000000160728.jpg,NANO,onnx_cuda,False,2,19,11,True,True,36,37
000000160772.jpg,NANO,onnx_cuda,False,0,0,10,True,False,10,11
000000160864.jpg,NANO,onnx_cuda,False,5,42,1,True,True,77,18
000000161008.jpg,NANO,onnx_cuda,False,0,0,0,False,False,0,1
000000161032.jpg,NANO,onnx_cuda,False,1,17,0,True,True,28,2
000000161044.jpg,NANO,onnx_cuda,False,0,0,0,False,False,1,2
000000161128.jpg,NANO,onnx_cuda,False,0,0,3,True,False,24,14
000000161397.jpg,NANO,onnx_cuda,False,0,0,1,True,False,0,3
000000161609.jpg,NANO,onnx_cuda,False,3,25,0,True,True,28,7
000000161642.jpg,NANO,onnx_cuda,False,0,0,0,False,False,10,1
000000161781.jpg,NANO,onnx_cuda,False,1,9,0,True,True,25,2
000000161799.jpg,NANO,onnx_cuda,False,2,10,4,True,True,12,8
000000161820.jpg,NANO,onnx_cuda,False,0,0,0,False,False,10,1
000000161861.jpg,NANO,onnx_cuda,False,1,8,0,True,True,20,2
000000161875.jpg,NANO,onnx_cuda,False,1,9,0,True,True,10,2
000000161879.jpg,NANO,onnx_cuda,False,1,9,0,True,True,10,2
000000161925.jpg,NANO,onnx_cuda,False,2,18,0,True,True,21,3
000000161978.jpg,NANO,onnx_cuda,False,8,45,5,True,True,90,19
000000162035.jpg,NANO,onnx_cuda,False,1,9,2,True,True,10,5
000000162092.jpg,NANO,onnx_cuda,False,6,49,5,True,True,59,16
000000162130.jpg,NANO,onnx_cuda,False,0,0,0,False,False,10,1
000000162366.jpg,NANO,onnx_cuda,False,0,0,0,False,False,0,1
000000162415.jpg,NANO,onnx_cuda,False,1,9,0,True,True,16,2
000000162543.jpg,NANO,onnx_cuda,False,0,2,0,False,True,17,6
000000162581.jpg,NANO,onnx_cuda,False,1,9,0,True,True,20,2
000000162732.jpg,NANO,onnx_cuda,False,5,45,0,True,True,50,6
000000162858.jpg,NANO,onnx_cuda,False,0,0,2,True,False,38,17
000000163057.jpg,NANO,onnx_cuda,False,4,15,9,True,True,20,22
000000163117.jpg,NANO,onnx_cuda,False,4,27,8,True,True,37,27
000000163118.jpg,NANO,onnx_cuda,False,2,19,0,True,True,23,3
000000163155.jpg,NANO,onnx_cuda,False,0,0,0,False,False,9,1
000000163257.jpg,NANO,onnx_cuda,False,1,10,1,True,True,11,3
000000163258.jpg,NANO,onnx_cuda,False,0,0,0,False,False,17,2
000000163290.jpg,NANO,onnx_cuda,False,0,0,0,False,False,10,3
000000163314.jpg,NANO,onnx_cuda,False,6,22,7,True,True,28,21
000000163562.jpg,NANO,onnx_cuda,False,1,9,0,True,True,21,2
000000163611.jpg,NANO,onnx_cuda,False,0,0,0,False,False,20,6
000000163640.jpg,NANO,onnx_cuda,False,3,26,0,True,True,37,6
000000163682.jpg,NANO,onnx_cuda,False,1,9,0,True,True,22,3
000000163746.jpg,NANO,onnx_cuda,False,6,57,5,True,True,63,13
000000163951.jpg,NANO,onnx_cuda,False,0,2,0,False,True,8,2
000000164115.jpg,NANO,onnx_cuda,False,0,0,1,True,False,7,2
000000164363.jpg,NANO,onnx_cuda,False,0,0,0,False,False,10,1
000000164602.jpg,NANO,onnx_cuda,False,2,18,0,True,True,20,6
000000164637.jpg,NANO,onnx_cuda,False,0,0,0,False,False,0,1
000000164883.jpg,NANO,onnx_cuda,False,1,9,0,True,True,10,4
000000164885.jpg,NANO,onnx_cuda,False,1,8,6,True,True,9,8
000000164969.jpg,NANO,onnx_cuda,False,0,0,0,False,False,0,1
000000165039.jpg,NANO,onnx_cuda,False,0,0,9,True,False,32,23
000000165257.jpg,NANO,onnx_cuda,False,0,0,0,False,False,12,1
000000165336.jpg,NANO,onnx_cuda,False,0,0,0,False,False,19,2
000000165351.jpg,NANO,onnx_cuda,False,0,0,0,False,False,0,6
000000165500.jpg,NANO,onnx_cuda,False,0,0,0,False,False,16,3
000000165518.jpg,NANO,onnx_cuda,False,2,14,0,True,True,16,2
000000165681.jpg,NANO,onnx_cuda,False,7,27,17,True,True,34,28
000000165713.jpg,NANO,onnx_cuda,False,0,0,0,False,False,9,1
000000165831.jpg,NANO,onnx_cuda,False,0,0,0,False,False,2,22
000000166165.jpg,NANO,onnx_cuda,False,2,17,0,True,True,24,4
000000166166.jpg,NANO,onnx_cuda,False,0,0,0,False,False,54,9
000000166259.jpg,NANO,onnx_cuda,False,0,0,0,False,False,32,4
000000166277.jpg,NANO,onnx_cuda,False,0,0,0,False,False,19,4
000000166287.jpg,NANO,onnx_cuda,False,0,0,0,False,False,37,16
000000166391.jpg,NANO,onnx_cuda,False,0,0,0,False,False,12,27
000000166426.jpg,NANO,onnx_cuda,False,0,0,0,False,False,46,11
000000166478.jpg,NANO,onnx_cuda,False,1,13,0,True,True,28,8
000000166509.jpg,NANO,onnx_cuda,False,0,0,0,False,False,6,2
000000166521.jpg,NANO,onnx_cuda,False,0,0,0,False,False,16,16
000000166563.jpg,NANO,onnx_cuda,False,0,0,0,False,False,0,1
000000166642.jpg,NANO,onnx_cuda,False,0,0,0,False,False,10,1
000000166664.jpg,NANO,onnx_cuda,False,0,0,0,False,False,21,2
000000166747.jpg,NANO,onnx_cuda,False,4,29,9,True,True,33,17
000000166768.jpg,NANO,onnx_cuda,False,2,20,0,True,True,32,3
000000166918.jpg,NANO,onnx_cuda,False,2,3,11,True,True,16,44
000000167067.jpg,NANO,onnx_cuda,False,1,9,0,True,True,19,2
000000167122.jpg,NANO,onnx_cuda,False,0,0,1,True,False,1,6
000000167128.jpg,NANO,onnx_cuda,False,0,0,0,False,False,29,3
000000167159.jpg,NANO,onnx_cuda,False,0,6,0,False,True,23,2
000000167240.jpg,NANO,onnx_cuda,False,0,0,0,False,False,11,1
000000167353.jpg,NANO,onnx_cuda,False,0,0,0,False,False,10,1
000000167486.jpg,NANO,onnx_cuda,False,3,22,6,True,True,27,10
000000167540.jpg,NANO,onnx_cuda,False,0,0,0,False,False,10,1
000000167572.jpg,NANO,onnx_cuda,False,0,0,2,True,False,2,14
000000167898.jpg,NANO,onnx_cuda,False,0,0,0,False,False,22,3
000000167902.jpg,NANO,onnx_cuda,False,0,0,0,False,False,13,1
000000168330.jpg,NANO,onnx_cuda,False,0,0,0,False,False,2,7
000000168337.jpg,NANO,onnx_cuda,False,2,13,0,True,True,27,6
000000168458.jpg,NANO,onnx_cuda,False,0,0,0,False,False,27,1
000000168593.jpg,NANO,onnx_cuda,False,0,0,0,False,False,30,3
000000168619.jpg,NANO,onnx_cuda,False,0,0,0,False,False,0,1
000000168883.jpg,NANO,onnx_cuda,False,4,30,0,True,True,34,6
000000168974.jpg,NANO,onnx_cuda,False,1,7,0,True,True,8,3
000000169076.jpg,NANO,onnx_cuda,False,1,7,1,True,True,10,6
000000169169.jpg,NANO,onnx_cuda,False,5,16,8,True,True,29,19
000000169356.jpg,NANO,onnx_cuda,False,1,12,0,True,True,23,2
000000169996.jpg,NANO,onnx_cuda,False,4,14,3,True,True,40,16
000000170099.jpg,NANO,onnx_cuda,False,1,9,0,True,True,25,3
000000170116.jpg,NANO,onnx_cuda,False,0,0,8,True,False,5,9
000000170191.jpg,NANO,onnx_cuda,False,1,9,0,True,True,23,3
000000170278.jpg,NANO,onnx_cuda,False,0,0,0,False,False,6,2
000000170474.jpg,NANO,onnx_cuda,False,1,9,0,True,True,21,4
000000170545.jpg,NANO,onnx_cuda,False,0,0,0,False,False,0,11
000000170595.jpg,NANO,onnx_cuda,False,0,0,0,False,False,0,2
000000170613.jpg,NANO,onnx_cuda,False,2,16,0,True,True,26,4
000000170670.jpg,NANO,onnx_cuda,False,0,0,0,False,False,75,21
000000170739.jpg,NANO,onnx_cuda,False,0,0,0,False,False,30,3
000000170893.jpg,NANO,onnx_cuda,False,0,0,0,False,False,21,2
000000170955.jpg,NANO,onnx_cuda,False,1,9,0,True,True,10,2
000000171050.jpg,NANO,onnx_cuda,False,0,0,0,False,False,10,1
000000171190.jpg,NANO,onnx_cuda,False,9,66,1,True,True,106,37
000000171298.jpg,NANO,onnx_cuda,False,0,0,0,False,False,30,3
000000171382.jpg,NANO,onnx_cuda,False,6,43,4,True,True,68,36
000000171611.jpg,NANO,onnx_cuda,False,1,11,0,True,True,42,5
000000171740.jpg,NANO,onnx_cuda,False,0,0,0,False,False,13,3
000000171757.jpg,NANO,onnx_cuda,False,3,19,0,True,True,27,9
000000171788.jpg,NANO,onnx_cuda,False,1,9,0,True,True,19,3
000000172083.jpg,NANO,onnx_cuda,False,0,0,0,False,False,0,4
000000172330.jpg,NANO,onnx_cuda,False,0,0,0,False,False,35,4
000000172396.jpg,NANO,onnx_cuda,False,0,0,0,False,False,17,2
000000172547.jpg,NANO,onnx_cuda,False,0,0,0,False,False,0,7
000000172571.jpg,NANO,onnx_cuda,False,0,0,1,True,False,40,8
000000172595.jpg,NANO,onnx_cuda,False,0,0,0,False,False,33,15
000000172617.jpg,NANO,onnx_cuda,False,1,9,0,True,True,10,12
000000172648.jpg,NANO,onnx_cuda,False,1,6,1,True,True,22,4
000000172649.jpg,NANO,onnx_cuda,False,1,6,0,True,True,12,2
000000172856.jpg,NANO,onnx_cuda,False,0,0,0,False,False,11,1
000000172877.jpg,NANO,onnx_cuda,False,1,9,0,True,True,28,8
000000172935.jpg,NANO,onnx_cuda,False,1,7,1,True,True,17,5
000000172946.jpg,NANO,onnx_cuda,False,6,37,7,True,True,43,21
000000172977.jpg,NANO,onnx_cuda,False,0,0,0,False,False,10,1
000000173004.jpg,NANO,onnx_cuda,False,0,0,0,False,False,40,15
000000173008.jpg,NANO,onnx_cuda,False,1,9,0,True,True,19,18
000000173033.jpg,NANO,onnx_cuda,False,0,0,0,False,False,10,2
000000173044.jpg,NANO,onnx_cuda,False,0,0,0,False,False,10,1
000000173057.jpg,NANO,onnx_cuda,False,5,17,8,True,True,22,17
000000173091.jpg,NANO,onnx_cuda,False,0,0,0,False,False,9,4
000000173183.jpg,NANO,onnx_cuda,False,0,0,0,False,False,0,0
000000173302.jpg,NANO,onnx_cuda,False,2,3,0,True,True,40,24
000000173371.jpg,NANO,onnx_cuda,False,0,0,0,False,False,36,10
000000173383.jpg,NANO,onnx_cuda,False,0,0,0,False,False,6,4
000000173799.jpg,NANO,onnx_cuda,False,2,18,0,True,True,31,15
000000173830.jpg,NANO,onnx_cuda,False,1,9,0,True,True,10,2
000000174004.jpg,NANO,onnx_cuda,False,0,0,0,False,False,10,1
000000174018.jpg,NANO,onnx_cuda,False,0,0,0,False,False,20,2
000000174123.jpg,NANO,onnx_cuda,False,0,0,2,True,False,10,6
000000174231.jpg,NANO,onnx_cuda,False,0,0,0,False,False,18,3
000000174371.jpg,NANO,onnx_cuda,False,5,47,1,True,True,52,8
000000174482.jpg,NANO,onnx_cuda,False,1,8,0,True,True,32,12
000000175251.jpg,NANO,onnx_cuda,False,1,9,0,True,True,16,2
000000175364.jpg,NANO,onnx_cuda,False,0,0,0,False,False,16,18
000000175387.jpg,NANO,onnx_cuda,False,0,0,0,False,False,10,1
000000175438.jpg,NANO,onnx_cuda,False,0,0,0,False,False,46,18
000000175443.jpg,NANO,onnx_cuda,False,0,0,0,False,False,10,2
000000175535.jpg,NANO,onnx_cuda,False,0,0,0,False,False,7,7
000000176037.jpg,NANO,onnx_cuda,False,1,2,4,True,True,12,15
000000176232.jpg,NANO,onnx_cuda,False,0,0,0,False,False,14,2
000000176446.jpg,NANO,onnx_cuda,False,0,0,0,False,False,11,2
000000176606.jpg,NANO,onnx_cuda,False,0,0,1,True,False,1,4
000000176634.jpg,NANO,onnx_cuda,False,0,0,0,False,False,12,1
000000176701.jpg,NANO,onnx_cuda,False,0,0,0,False,False,0,0
000000176778.jpg,NANO,onnx_cuda,False,0,0,0,False,False,15,2
000000176799.jpg,NANO,onnx_cuda,False,1,1,2,True,True,2,6
000000176847.jpg,NANO,onnx_cuda,False,0,0,0,False,False,11,1
000000176857.jpg,NANO,onnx_cuda,False,5,25,7,True,True,30,16
000000176901.jpg,NANO,onnx_cuda,False,3,26,0,True,True,30,6
000000177015.jpg,NANO,onnx_cuda,False,1,12,0,True,True,20,6
000000177065.jpg,NANO,onnx_cuda,False,3,28,2,True,True,33,11
000000177213.jpg,NANO,onnx_cuda,False,0,0,1,True,False,21,7
000000177357.jpg,NANO,onnx_cuda,False,1,10,0,True,True,21,2
000000177383.jpg,NANO,onnx_cuda,False,0,0,0,False,False,10,1
000000177489.jpg,NANO,onnx_cuda,False,2,19,0,True,True,37,21
000000177539.jpg,NANO,onnx_cuda,False,1,9,0,True,True,14,2
000000177714.jpg,NANO,onnx_cuda,False,0,0,0,False,False,9,11
000000177861.jpg,NANO,onnx_cuda,False,3,26,2,True,True,51,19
000000177893.jpg,NANO,onnx_cuda,False,0,0,0,False,False,11,3
000000177934.jpg,NANO,onnx_cuda,False,5,38,3,True,True,59,18
000000177935.jpg,NANO,onnx_cuda,False,0,0,0,False,False,8,13
000000178028.jpg,NANO,onnx_cuda,False,0,0,0,False,False,12,10
000000178469.jpg,NANO,onnx_cuda,False,0,0,0,False,False,26,7
000000178618.jpg,NANO,onnx_cuda,False,0,0,0,False,False,11,3
000000178744.jpg,NANO,onnx_cuda,False,0,0,9,True,False,10,10
000000178982.jpg,NANO,onnx_cuda,False,4,15,0,True,True,19,9
000000179112.jpg,NANO,onnx_cuda,False,1,9,0,True,True,20,2
000000179141.jpg,NANO,onnx_cuda,False,1,2,3,True,True,9,7
000000179174.jpg,NANO,onnx_cuda,False,2,1,6,True,True,15,22
000000179214.jpg,NANO,onnx_cuda,False,0,0,0,False,False,2,1
000000179265.jpg,NANO,onnx_cuda,False,0,2,2,True,True,18,8
000000179285.jpg,NANO,onnx_cuda,False,0,0,0,False,False,20,2
000000179392.jpg,NANO,onnx_cuda,False,0,0,0,False,False,10,6
000000179487.jpg,NANO,onnx_cuda,False,5,39,7,True,True,44,15
000000179642.jpg,NANO,onnx_cuda,False,5,47,5,True,True,54,21
000000179653.jpg,NANO,onnx_cuda,False,0,0,0,False,False,9,1
000000179765.jpg,NANO,onnx_cuda,False,1,9,0,True,True,11,1
000000179898.jpg,NANO,onnx_cuda,False,2,17,7,True,True,30,26
000000180011.jpg,NANO,onnx_cuda,False,1,4,0,True,True,11,6
000000180101.jpg,NANO,onnx_cuda,False,4,33,0,True,True,76,11
000000180135.jpg,NANO,onnx_cuda,False,1,9,0,True,True,16,2
000000180188.jpg,NANO,onnx_cuda,False,0,0,0,False,False,15,1
000000180296.jpg,NANO,onnx_cuda,False,0,14,0,False,True,14,5
000000180383.jpg,NANO,onnx_cuda,False,1,3,0,True,True,8,4
000000180487.jpg,NANO,onnx_cuda,False,2,19,0,True,True,31,6
000000180560.jpg,NANO,onnx_cuda,False,2,24,0,True,True,26,3
000000180751.jpg,NANO,onnx_cuda,False,1,9,1,True,True,60,21
000000180792.jpg,NANO,onnx_cuda,False,0,0,0,False,False,10,1
000000180798.jpg,NANO,onnx_cuda,False,0,5,0,False,True,15,1
000000180878.jpg,NANO,onnx_cuda,False,0,0,0,False,False,10,4
000000181303.jpg,NANO,onnx_cuda,False,1,10,0,True,True,21,2
000000181421.jpg,NANO,onnx_cuda,False,3,27,0,True,True,50,5
000000181499.jpg,NANO,onnx_cuda,False,0,0,1,True,False,20,3
000000181542.jpg,NANO,onnx_cuda,False,9,71,8,True,True,89,20
000000181666.jpg,NANO,onnx_cuda,False,1,2,2,True,True,7,16
000000181753.jpg,NANO,onnx_cuda,False,0,0,0,False,False,15,14
000000181796.jpg,NANO,onnx_cuda,False,0,0,0,False,False,37,15
000000181816.jpg,NANO,onnx_cuda,False,1,8,2,True,True,37,11
000000181859.jpg,NANO,onnx_cuda,False,0,0,0,False,False,0,2
000000181969.jpg,NANO,onnx_cuda,False,0,0,0,False,False,0,2
000000182021.jpg,NANO,onnx_cuda,False,2,19,1,True,True,21,5
000000182155.jpg,NANO,onnx_cuda,False,2,20,0,True,True,22,7
000000182162.jpg,NANO,onnx_cuda,False,0,0,0,False,False,14,9
000000182202.jpg,NANO,onnx_cuda,False,0,0,0,False,False,10,4
000000182417.jpg,NANO,onnx_cuda,False,0,0,0,False,False,30,8
000000182441.jpg,NANO,onnx_cuda,False,1,8,0,True,True,9,26
000000182611.jpg,NANO,onnx_cuda,False,1,10,1,True,True,54,25
000000182805.jpg,NANO,onnx_cuda,False,1,16,0,True,True,17,5
000000182923.jpg,NANO,onnx_cuda,False,5,18,8,True,True,23,15
000000183049.jpg,NANO,onnx_cuda,False,0,0,0,False,False,7,14
000000183104.jpg,NANO,onnx_cuda,False,0,0,0,False,False,13,2
000000183127.jpg,NANO,onnx_cuda,False,1,9,0,True,True,16,2
000000183246.jpg,NANO,onnx_cuda,False,0,0,2,True,False,16,18
000000183391.jpg,NANO,onnx_cuda,False,2,10,11,True,True,17,27
000000183437.jpg,NANO,onnx_cuda,False,2,15,2,True,True,28,6
000000183500.jpg,NANO,onnx_cuda,False,0,0,1,True,False,9,2
000000183648.jpg,NANO,onnx_cuda,False,3,27,0,True,True,40,4
000000183675.jpg,NANO,onnx_cuda,False,1,7,0,True,True,19,2
000000183709.jpg,NANO,onnx_cuda,False,7,36,5,True,True,61,24
000000183716.jpg,NANO,onnx_cuda,False,2,19,0,True,True,37,5
000000183965.jpg,NANO,onnx_cuda,False,0,0,0,False,False,15,5
000000184321.jpg,NANO,onnx_cuda,False,0,0,0,False,False,10,1
000000184324.jpg,NANO,onnx_cuda,False,7,30,9,True,True,47,31
000000184338.jpg,NANO,onnx_cuda,False,0,0,0,False,False,10,1
000000184384.jpg,NANO,onnx_cuda,False,0,0,1,True,False,33,6
000000184400.jpg,NANO,onnx_cuda,False,0,0,0,False,False,9,2
000000184611.jpg,NANO,onnx_cuda,False,3,37,11,True,True,48,22
000000184762.jpg,NANO,onnx_cuda,False,0,0,0,False,False,10,1
000000184791.jpg,NANO,onnx_cuda,False,0,0,0,False,False,8,7
000000184978.jpg,NANO,onnx_cuda,False,1,9,0,True,True,12,2
000000185157.jpg,NANO,onnx_cuda,False,1,8,5,True,True,9,6
000000185250.jpg,NANO,onnx_cuda,False,1,9,1,True,True,27,5
000000185292.jpg,NANO,onnx_cuda,False,1,4,0,True,True,5,2
000000185409.jpg,NANO,onnx_cuda,False,0,0,0,False,False,54,12
000000185472.jpg,NANO,onnx_cuda,False,3,27,3,True,True,38,9
000000185473.jpg,NANO,onnx_cuda,False,0,4,5,True,True,30,16
000000185599.jpg,NANO,onnx_cuda,False,0,0,0,False,False,0,6
000000185802.jpg,NANO,onnx_cuda,False,0,0,0,False,False,14,4
000000185890.jpg,NANO,onnx_cuda,False,4,35,1,True,True,39,15
000000185950.jpg,NANO,onnx_cuda,False,1,21,0,True,True,30,2
000000186042.jpg,NANO,onnx_cuda,False,1,9,0,True,True,10,2
000000186282.jpg,NANO,onnx_cuda,False,0,0,0,False,False,23,3
000000186296.jpg,NANO,onnx_cuda,False,0,0,0,False,False,10,1
000000186345.jpg,NANO,onnx_cuda,False,0,0,0,False,False,26,8
000000186422.jpg,NANO,onnx_cuda,False,0,0,0,False,False,12,2
000000186449.jpg,NANO,onnx_cuda,False,5,43,2,True,True,54,15
000000186624.jpg,NANO,onnx_cuda,False,1,5,0,True,True,17,5
000000186632.jpg,NANO,onnx_cuda,False,0,0,0,False,False,13,7
000000186637.jpg,NANO,onnx_cuda,False,0,7,0,False,True,7,1
000000186873.jpg,NANO,onnx_cuda,False,3,2,6,True,True,13,10
000000186929.jpg,NANO,onnx_cuda,False,0,0,0,False,False,5,1
000000186938.jpg,NANO,onnx_cuda,False,0,0,0,False,False,10,1
000000186980.jpg,NANO,onnx_cuda,False,0,0,0,False,False,23,14
000000187055.jpg,NANO,onnx_cuda,False,2,20,1,True,True,27,6
000000187144.jpg,NANO,onnx_cuda,False,5,19,4,True,True,34,18
000000187236.jpg,NANO,onnx_cuda,False,0,8,0,False,True,23,4
000000187243.jpg,NANO,onnx_cuda,False,1,5,0,True,True,15,3
000000187249.jpg,NANO,onnx_cuda,False,1,1,1,True,True,20,4
000000187271.jpg,NANO,onnx_cuda,False,0,0,0,False,False,9,1
000000187362.jpg,NANO,onnx_cuda,False,1,9,0,True,True,16,2
000000187513.jpg,NANO,onnx_cuda,False,0,0,0,False,False,26,2
000000187585.jpg,NANO,onnx_cuda,False,1,9,0,True,True,14,2
000000187734.jpg,NANO,onnx_cuda,False,3,24,7,True,True,27,26
000000187745.jpg,NANO,onnx_cuda,False,0,0,0,False,False,9,1
000000187990.jpg,NANO,onnx_cuda,False,1,6,0,True,True,10,2
000000188296.jpg,NANO,onnx_cuda,False,6,55,1,True,True,67,13
000000188439.jpg,NANO,onnx_cuda,False,0,4,1,True,True,19,2
000000188465.jpg,NANO,onnx_cuda,False,4,14,9,True,True,18,23
000000188592.jpg,NANO,onnx_cuda,False,1,9,0,True,True,10,2
000000188689.jpg,NANO,onnx_cuda,False,0,0,0,False,False,8,3
000000188906.jpg,NANO,onnx_cuda,False,0,0,0,False,False,0,1
000000189078.jpg,NANO,onnx_cuda,False,0,0,0,False,False,2,7
000000189213.jpg,NANO,onnx_cuda,False,0,0,0,False,False,9,3
000000189226.jpg,NANO,onnx_cuda,False,0,0,0,False,False,10,1
000000189310.jpg,NANO,onnx_cuda,False,0,0,0,False,False,22,1
000000189436.jpg,NANO,onnx_cuda,False,0,0,0,False,False,10,5
000000189451.jpg,NANO,onnx_cuda,False,0,0,0,False,False,21,2
000000189475.jpg,NANO,onnx_cuda,False,6,49,5,True,True,107,36
000000189698.jpg,NANO,onnx_cuda,False,0,0,0,False,False,10,1
000000189752.jpg,NANO,onnx_cuda,False,0,0,3,True,False,21,13
000000189775.jpg,NANO,onnx_cuda,False,2,15,11,True,True,17,24
000000189806.jpg,NANO,onnx_cuda,False,0,0,0,False,False,21,4
000000189820.jpg,NANO,onnx_cuda,False,0,0,0,False,False,20,16
000000189828.jpg,NANO,onnx_cuda,False,0,0,0,False,False,5,1
000000190007.jpg,NANO,onnx_cuda,False,1,8,0,True,True,12,2
000000190140.jpg,NANO,onnx_cuda,False,1,16,0,True,True,32,4
000000190236.jpg,NANO,onnx_cuda,False,0,0,0,False,False,20,28
000000190307.jpg,NANO,onnx_cuda,False,1,10,0,True,True,11,2
000000190637.jpg,NANO,onnx_cuda,False,1,3,0,True,True,10,4
000000190648.jpg,NANO,onnx_cuda,False,0,0,0,False,False,9,2
000000190676.jpg,NANO,onnx_cuda,False,8,31,5,True,True,44,14
000000190753.jpg,NANO,onnx_cuda,False,3,21,5,True,True,46,21
000000190756.jpg,NANO,onnx_cuda,False,2,17,0,True,True,19,2
000000190841.jpg,NANO,onnx_cuda,False,1,8,0,True,True,10,2
000000190853.jpg,NANO,onnx_cuda,False,0,1,1,True,True,3,2
000000190923.jpg,NANO,onnx_cuda,False,2,17,11,True,True,30,16
000000191013.jpg,NANO,onnx_cuda,False,0,0,2,True,False,40,8
000000191288.jpg,NANO,onnx_cuda,False,1,7,0,True,True,17,2
000000191471.jpg,NANO,onnx_cuda,False,0,0,0,False,False,10,1
000000191580.jpg,NANO,onnx_cuda,False,0,0,0,False,False,16,9
000000191614.jpg,NANO,onnx_cuda,False,0,0,1,True,False,19,3
000000191672.jpg,NANO,onnx_cuda,False,1,11,0,True,True,16,2
000000191761.jpg,NANO,onnx_cuda,False,0,0,0,False,False,0,4
000000191845.jpg,NANO,onnx_cuda,False,0,1,13,True,True,12,37
000000192047.jpg,NANO,onnx_cuda,False,0,0,0,False,False,8,1
000000192191.jpg,NANO,onnx_cuda,False,0,0,0,False,False,8,2
000000192607.jpg,NANO,onnx_cuda,False,1,10,0,True,True,21,2
000000192670.jpg,NANO,onnx_cuda,False,5,30,4,True,True,44,21
000000192699.jpg,NANO,onnx_cuda,False,2,18,2,True,True,25,5
000000192716.jpg,NANO,onnx_cuda,False,0,0,1,True,False,11,4
000000192871.jpg,NANO,onnx_cuda,False,0,0,0,False,False,0,10
000000192904.jpg,NANO,onnx_cuda,False,0,0,0,False,False,13,7
000000192964.jpg,NANO,onnx_cuda,False,1,9,0,True,True,19,3
000000193162.jpg,NANO,onnx_cuda,False,1,10,0,True,True,46,5
000000193181.jpg,NANO,onnx_cuda,False,2,17,11,True,True,19,15
000000193245.jpg,NANO,onnx_cuda,False,7,40,6,True,True,70,25
000000193348.jpg,NANO,onnx_cuda,False,1,9,0,True,True,20,2
000000193429.jpg,NANO,onnx_cuda,False,1,10,0,True,True,20,2
000000193494.jpg,NANO,onnx_cuda,False,0,0,0,False,False,5,1
000000193674.jpg,NANO,onnx_cuda,False,1,15,0,True,True,26,3
000000193717.jpg,NANO,onnx_cuda,False,1,10,0,True,True,21,12
000000193743.jpg,NANO,onnx_cuda,False,2,14,2,True,True,20,5
000000193884.jpg,NANO,onnx_cuda,False,0,0,0,False,False,9,1
000000193926.jpg,NANO,onnx_cuda,False,0,1,3,True,True,11,12
000000194216.jpg,NANO,onnx_cuda,False,0,0,0,False,False,5,3
000000194471.jpg,NANO,onnx_cuda,False,1,11,0,True,True,12,2
000000194506.jpg,NANO,onnx_cuda,False,0,0,0,False,False,9,2
000000194716.jpg,NANO,onnx_cuda,False,2,13,0,True,True,17,4
000000194724.jpg,NANO,onnx_cuda,False,0,0,0,False,False,38,19
000000194746.jpg,NANO,onnx_cuda,False,0,0,0,False,False,0,2
000000194832.jpg,NANO,onnx_cuda,False,0,0,0,False,False,31,14
000000194875.jpg,NANO,onnx_cuda,False,8,45,6,True,True,53,39
000000194940.jpg,NANO,onnx_cuda,False,0,0,0,False,False,10,12
000000195045.jpg,NANO,onnx_cuda,False,0,0,0,False,False,0,2
000000195165.jpg,NANO,onnx_cuda,False,0,0,0,False,False,18,17
000000195754.jpg,NANO,onnx_cuda,False,0,0,0,False,False,0,8
000000195842.jpg,NANO,onnx_cuda,False,1,8,0,True,True,16,9
000000195918.jpg,NANO,onnx_cuda,False,0,0,0,False,False,48,6
000000196009.jpg,NANO,onnx_cuda,False,0,0,0,False,False,0,3
000000196141.jpg,NANO,onnx_cuda,False,4,38,1,True,True,56,13
000000196185.jpg,NANO,onnx_cuda,False,0,0,0,False,False,14,1
000000196442.jpg,NANO,onnx_cuda,False,1,3,3,True,True,5,5
000000196754.jpg,NANO,onnx_cuda,False,0,0,0,False,False,11,2
000000196759.jpg,NANO,onnx_cuda,False,0,0,0,False,False,12,4
000000196843.jpg,NANO,onnx_cuda,False,2,14,1,True,True,26,4
000000197004.jpg,NANO,onnx_cuda,False,0,0,0,False,False,12,2
000000197022.jpg,NANO,onnx_cuda,False,0,0,0,False,False,10,2
000000197388.jpg,NANO,onnx_cuda,False,5,38,0,True,True,51,9
000000197528.jpg,NANO,onnx_cuda,False,0,0,0,False,False,0,1
000000197658.jpg,NANO,onnx_cuda,False,1,9,0,True,True,14,2
000000197796.jpg,NANO,onnx_cuda,False,0,0,0,False,False,25,7
000000197870.jpg,NANO,onnx_cuda,False,1,10,0,True,True,28,3
000000198489.jpg,NANO,onnx_cuda,False,1,10,0,True,True,39,4
000000198510.jpg,NANO,onnx_cuda,False,1,9,0,True,True,20,2
000000198641.jpg,NANO,onnx_cuda,False,0,0,0,False,False,42,7
000000198805.jpg,NANO,onnx_cuda,False,0,0,0,False,False,9,8
000000198915.jpg,NANO,onnx_cuda,False,0,0,0,False,False,0,0
000000198928.jpg,NANO,onnx_cuda,False,0,0,1,True,False,10,6
000000198960.jpg,NANO,onnx_cuda,False,0,0,0,False,False,27,3
000000199055.jpg,NANO,onnx_cuda,False,1,9,0,True,True,20,2
000000199236.jpg,NANO,onnx_cuda,False,5,56,8,True,True,71,14
000000199310.jpg,NANO,onnx_cuda,False,1,9,0,True,True,19,2
000000199395.jpg,NANO,onnx_cuda,False,2,3,9,True,True,14,13
000000199442.jpg,NANO,onnx_cuda,False,1,9,0,True,True,15,2
000000199551.jpg,NANO,onnx_cuda,False,0,0,1,True,False,12,2
000000199681.jpg,NANO,onnx_cuda,False,0,0,0,False,False,2,2
000000199771.jpg,NANO,onnx_cuda,False,8,39,2,True,True,72,20
000000199977.jpg,NANO,onnx_cuda,False,0,0,0,False,False,9,1
000000200152.jpg,NANO,onnx_cuda,False,0,0,0,False,False,0,0
000000200162.jpg,NANO,onnx_cuda,False,0,0,0,False,False,27,9
000000200252.jpg,NANO,onnx_cuda,False,0,0,0,False,False,10,3
000000200421.jpg,NANO,onnx_cuda,False,1,9,0,True,True,19,3
000000200667.jpg,NANO,onnx_cuda,False,0,0,0,False,False,0,1
000000200839.jpg,NANO,onnx_cuda,False,1,6,0,True,True,16,7
000000200961.jpg,NANO,onnx_cuda,False,1,9,1,True,True,35,8
000000201025.jpg,NANO,onnx_cuda,False,0,0,0,False,False,10,2
000000201072.jpg,NANO,onnx_cuda,False,3,17,1,True,True,30,5
000000201148.jpg,NANO,onnx_cuda,False,0,0,2,True,False,4,4
000000201418.jpg,NANO,onnx_cuda,False,2,15,11,True,True,26,28
000000201426.jpg,NANO,onnx_cuda,False,2,18,0,True,True,52,9
000000201646.jpg,NANO,onnx_cuda,False,1,9,0,True,True,16,4
000000201676.jpg,NANO,onnx_cuda,False,0,0,0,False,False,52,7
000000201775.jpg,NANO,onnx_cuda,False,0,0,0,False,False,30,3
000000201934.jpg,NANO,onnx_cuda,False,0,0,0,False,False,16,6
000000202001.jpg,NANO,onnx_cuda,False,1,9,0,True,True,18,3
000000202228.jpg,NANO,onnx_cuda,False,1,8,0,True,True,11,1
000000202339.jpg,NANO,onnx_cuda,False,1,9,1,True,True,18,7
000000202445.jpg,NANO,onnx_cuda,False,0,0,0,False,False,13,2
000000203095.jpg,NANO,onnx_cuda,False,0,0,0,False,False,0,5
000000203294.jpg,NANO,onnx_cuda,False,2,18,1,True,True,40,7
000000203317.jpg,NANO,onnx_cuda,False,1,9,0,True,True,10,1
000000203389.jpg,NANO,onnx_cuda,False,7,63,4,True,True,74,15
000000203488.jpg,NANO,onnx_cuda,False,0,0,0,False,False,10,2
000000203546.jpg,NANO,onnx_cuda,False,0,0,0,False,False,10,1
000000203580.jpg,NANO,onnx_cuda,False,0,0,0,False,False,15,3
000000203629.jpg,NANO,onnx_cuda,False,4,44,7,True,True,54,14
000000203639.jpg,NANO,onnx_cuda,False,1,9,0,True,True,10,2
000000203864.jpg,NANO,onnx_cuda,False,2,19,0,True,True,30,5
000000203931.jpg,NANO,onnx_cuda,False,1,23,12,True,True,28,16
000000204186.jpg,NANO,onnx_cuda,False,3,23,12,True,True,26,19
000000204329.jpg,NANO,onnx_cuda,False,0,0,8,True,False,10,9
000000204871.jpg,NANO,onnx_cuda,False,0,0,3,True,False,41,11
000000205105.jpg,NANO,onnx_cuda,False,1,29,0,True,True,46,14
000000205282.jpg,NANO,onnx_cuda,False,0,0,0,False,False,26,5
000000205289.jpg,NANO,onnx_cuda,False,0,2,1,True,True,10,2
000000205324.jpg,NANO,onnx_cuda,False,2,8,0,True,True,13,3
000000205333.jpg,NANO,onnx_cuda,False,2,7,0,True,True,9,3
000000205401.jpg,NANO,onnx_cuda,False,0,0,2,True,False,15,4
000000205514.jpg,NANO,onnx_cuda,False,0,0,0,False,False,34,26
000000205542.jpg,NANO,onnx_cuda,False,0,0,0,False,False,20,1
000000205647.jpg,NANO,onnx_cuda,False,0,0,0,False,False,10,1
000000205776.jpg,NANO,onnx_cuda,False,0,1,0,False,True,6,1
000000205834.jpg,NANO,onnx_cuda,False,0,0,0,False,False,25,2
000000206025.jpg,NANO,onnx_cuda,False,1,9,0,True,True,20,2
000000206027.jpg,NANO,onnx_cuda,False,0,0,0,False,False,47,6
000000206135.jpg,NANO,onnx_cuda,False,0,0,0,False,False,39,5
000000206218.jpg,NANO,onnx_cuda,False,0,0,0,False,False,14,2
000000206271.jpg,NANO,onnx_cuda,False,0,0,0,False,False,0,2
000000206411.jpg,NANO,onnx_cuda,False,0,0,1,True,False,10,2
000000206487.jpg,NANO,onnx_cuda,False,1,9,2,True,True,28,8
000000206579.jpg,NANO,onnx_cuda,False,1,9,2,True,True,16,8
000000206831.jpg,NANO,onnx_cuda,False,0,0,0,False,False,11,1
000000206838.jpg,NANO,onnx_cuda,False,2,17,0,True,True,41,4
000000206994.jpg,NANO,onnx_cuda,False,0,0,0,False,False,9,2
000000207306.jpg,NANO,onnx_cuda,False,0,0,1,True,False,9,2
000000207538.jpg,NANO,onnx_cuda,False,0,0,0,False,False,10,1
000000207585.jpg,NANO,onnx_cuda,False,0,0,0,False,False,31,6
000000207728.jpg,NANO,onnx_cuda,False,0,0,0,False,False,10,2
000000207844.jpg,NANO,onnx_cuda,False,0,11,13,True,True,53,33
000000208208.jpg,NANO,onnx_cuda,False,0,0,0,False,False,1,1
000000208363.jpg,NANO,onnx_cuda,False,11,86,2,True,True,99,32
000000208423.jpg,NANO,onnx_cuda,False,0,0,2,True,False,23,19
000000208901.jpg,NANO,onnx_cuda,False,0,0,0,False,False,10,1
000000209142.jpg,NANO,onnx_cuda,False,0,0,0,False,False,10,13
000000209222.jpg,NANO,onnx_cuda,False,1,10,12,True,True,18,17
000000209530.jpg,NANO,onnx_cuda,False,4,26,3,True,True,30,23
000000209613.jpg,NANO,onnx_cuda,False,0,0,0,False,False,27,9
000000209747.jpg,NANO,onnx_cuda,False,0,0,0,False,False,27,2
000000209753.jpg,NANO,onnx_cuda,False,1,9,0,True,True,10,3
000000209757.jpg,NANO,onnx_cuda,False,2,9,5,True,True,13,9
000000209829.jpg,NANO,onnx_cuda,False,3,12,0,True,True,15,4
000000209972.jpg,NANO,onnx_cuda,False,0,0,0,False,False,10,1
000000210030.jpg,NANO,onnx_cuda,False,0,0,0,False,False,20,3
000000210032.jpg,NANO,onnx_cuda,False,0,1,4,True,True,11,15
000000210099.jpg,NANO,onnx_cuda,False,0,0,0,False,False,12,2
000000210230.jpg,NANO,onnx_cuda,False,1,11,7,True,True,14,17
000000210273.jpg,NANO,onnx_cuda,False,1,1,14,True,True,67,41
000000210299.jpg,NANO,onnx_cuda,False,2,14,0,True,True,16,2
000000210388.jpg,NANO,onnx_cuda,False,3,30,0,True,True,33,4
000000210394.jpg,NANO,onnx_cuda,False,5,24,11,True,True,39,17
000000210502.jpg,NANO,onnx_cuda,False,0,0,0,False,False,8,1
000000210520.jpg,NANO,onnx_cuda,False,0,0,0,False,False,12,17
000000210708.jpg,NANO,onnx_cuda,False,0,0,0,False,False,18,2
000000210789.jpg,NANO,onnx_cuda,False,2,19,0,True,True,40,5
000000210855.jpg,NANO,onnx_cuda,False,0,0,0,False,False,9,5
000000210915.jpg,NANO,onnx_cuda,False,1,5,0,True,True,14,2
000000211042.jpg,NANO,onnx_cuda,False,0,0,0,False,False,19,2
000000211069.jpg,NANO,onnx_cuda,False,0,0,0,False,False,21,2
000000211120.jpg,NANO,onnx_cuda,False,0,0,0,False,False,30,6
000000211674.jpg,NANO,onnx_cuda,False,0,1,13,True,True,11,16
000000211825.jpg,NANO,onnx_cuda,False,2,11,0,True,True,32,6
000000212072.jpg,NANO,onnx_cuda,False,0,0,0,False,False,10,1
000000212166.jpg,NANO,onnx_cuda,False,1,9,0,True,True,19,1
000000212226.jpg,NANO,onnx_cuda,False,1,9,0,True,True,16,2
000000212453.jpg,NANO,onnx_cuda,False,0,0,8,True,False,10,9
000000212559.jpg,NANO,onnx_cuda,False,0,0,0,False,False,65,10
000000212573.jpg,NANO,onnx_cuda,False,2,15,0,True,True,46,15
000000212800.jpg,NANO,onnx_cuda,False,0,2,13,True,True,18,27
000000212895.jpg,NANO,onnx_cuda,False,0,0,0,False,False,10,1
000000213033.jpg,NANO,onnx_cuda,False,1,9,0,True,True,18,6
000000213035.jpg,NANO,onnx_cuda,False,2,28,1,True,True,30,6
000000213086.jpg,NANO,onnx_cuda,False,0,0,1,True,False,16,5
000000213171.jpg,NANO,onnx_cuda,False,1,9,0,True,True,20,2
000000213224.jpg,NANO,onnx_cuda,False,0,0,0,False,False,45,6
000000213255.jpg,NANO,onnx_cuda,False,1,9,0,True,True,54,28
000000213422.jpg,NANO,onnx_cuda,False,0,0,0,False,False,10,2
000000213445.jpg,NANO,onnx_cuda,False,0,0,0,False,False,9,14
000000213547.jpg,NANO,onnx_cuda,False,2,17,0,True,True,19,19
000000213593.jpg,NANO,onnx_cuda,False,0,0,2,True,False,29,10
000000213605.jpg,NANO,onnx_cuda,False,0,0,2,True,False,20,4
000000213816.jpg,NANO,onnx_cuda,False,0,0,0,False,False,10,1
000000213830.jpg,NANO,onnx_cuda,False,3,32,2,True,True,43,10
000000213935.jpg,NANO,onnx_cuda,False,0,0,0,False,False,44,4
000000214192.jpg,NANO,onnx_cuda,False,2,17,2,True,True,19,4
000000214200.jpg,NANO,onnx_cuda,False,0,0,0,False,False,23,4
000000214205.jpg,NANO,onnx_cuda,False,0,0,0,False,False,5,1
000000214224.jpg,NANO,onnx_cuda,False,0,0,0,False,False,39,8
000000214539.jpg,NANO,onnx_cuda,False,4,26,9,True,True,38,16
000000214703.jpg,NANO,onnx_cuda,False,1,13,1,True,True,14,4
000000214720.jpg,NANO,onnx_cuda,False,1,13,0,True,True,56,11
000000214753.jpg,NANO,onnx_cuda,False,2,11,0,True,True,33,4
000000214869.jpg,NANO,onnx_cuda,False,0,0,1,True,False,0,2
000000215072.jpg,NANO,onnx_cuda,False,2,18,0,True,True,43,9
000000215114.jpg,NANO,onnx_cuda,False,1,1,0,True,True,10,7
000000215245.jpg,NANO,onnx_cuda,False,0,0,0,False,False,40,7
000000215259.jpg,NANO,onnx_cuda,False,2,15,0,True,True,17,8
000000215644.jpg,NANO,onnx_cuda,False,0,0,0,False,False,0,9
000000215723.jpg,NANO,onnx_cuda,False,2,17,0,True,True,36,6
000000215778.jpg,NANO,onnx_cuda,False,0,0,0,False,False,27,19
000000216277.jpg,NANO,onnx_cuda,False,0,0,1,True,False,22,3
000000216296.jpg,NANO,onnx_cuda,False,3,29,0,True,True,32,5
000000216419.jpg,NANO,onnx_cuda,False,0,0,0,False,False,10,2
000000216497.jpg,NANO,onnx_cuda,False,0,0,0,False,False,29,8
000000216516.jpg,NANO,onnx_cuda,False,1,8,0,True,True,22,2
000000216636.jpg,NANO,onnx_cuda,False,0,0,0,False,False,10,1
000000216739.jpg,NANO,onnx_cuda,False,0,0,0,False,False,10,4
000000217060.jpg,NANO,onnx_cuda,False,0,0,0,False,False,0,1
000000217219.jpg,NANO,onnx_cuda,False,0,0,0,False,False,10,1
000000217285.jpg,NANO,onnx_cuda,False,3,27,10,True,True,33,24
000000217400.jpg,NANO,onnx_cuda,False,0,0,2,True,False,10,3
000000217425.jpg,NANO,onnx_cuda,False,0,0,0,False,False,10,1
000000217614.jpg,NANO,onnx_cuda,False,0,0,0,False,False,9,1
000000217753.jpg,NANO,onnx_cuda,False,0,0,0,False,False,0,18
000000217872.jpg,NANO,onnx_cuda,False,1,8,0,True,True,9,2
000000217948.jpg,NANO,onnx_cuda,False,0,0,0,False,False,17,3
000000217957.jpg,NANO,onnx_cuda,False,0,0,0,False,False,7,1
000000218091.jpg,NANO,onnx_cuda,False,0,0,0,False,False,12,7
000000218249.jpg,NANO,onnx_cuda,False,0,0,0,False,False,4,2
000000218362.jpg,NANO,onnx_cuda,False,0,0,0,False,False,4,8
000000218424.jpg,NANO,onnx_cuda,False,0,0,0,False,False,18,4
000000218439.jpg,NANO,onnx_cuda,False,1,9,6,True,True,18,13
000000218997.jpg,NANO,onnx_cuda,False,4,34,8,True,True,38,27
000000219271.jpg,NANO,onnx_cuda,False,1,2,12,True,True,3,18
000000219283.jpg,NANO,onnx_cuda,False,0,0,0,False,False,10,5
000000219440.jpg,NANO,onnx_cuda,False,0,0,0,False,False,33,5
000000219485.jpg,NANO,onnx_cuda,False,0,0,0,False,False,0,1
000000219578.jpg,NANO,onnx_cuda,False,0,0,0,False,False,9,4
000000220310.jpg,NANO,onnx_cuda,False,0,0,0,False,False,6,1
000000220584.jpg,NANO,onnx_cuda,False,1,8,0,True,True,22,2
000000220732.jpg,NANO,onnx_cuda,False,0,0,1,True,False,0,8
000000220764.jpg,NANO,onnx_cuda,False,1,9,0,True,True,10,3
000000220858.jpg,NANO,onnx_cuda,False,2,2,3,True,True,14,9
000000221017.jpg,NANO,onnx_cuda,False,0,0,0,False,False,10,1
000000221155.jpg,NANO,onnx_cuda,False,0,0,0,False,False,22,2
000000221213.jpg,NANO,onnx_cuda,False,0,0,0,False,False,19,2
000000221281.jpg,NANO,onnx_cuda,False,0,0,0,False,False,20,3
000000221291.jpg,NANO,onnx_cuda,False,1,7,0,True,True,17,2
000000221502.jpg,NANO,onnx_cuda,False,0,0,0,False,False,8,2
000000221693.jpg,NANO,onnx_cuda,False,0,0,0,False,False,20,2
000000221708.jpg,NANO,onnx_cuda,False,0,0,0,False,False,31,9
000000221754.jpg,NANO,onnx_cuda,False,0,0,7,True,False,3,15
000000221872.jpg,NANO,onnx_cuda,False,0,0,0,False,False,31,7
000000222094.jpg,NANO,onnx_cuda,False,0,8,0,False,True,26,11
000000222118.jpg,NANO,onnx_cuda,False,1,8,0,True,True,9,3
000000222235.jpg,NANO,onnx_cuda,False,0,0,0,False,False,0,2
000000222299.jpg,NANO,onnx_cuda,False,0,0,0,False,False,11,9
000000222317.jpg,NANO,onnx_cuda,False,0,0,0,False,False,10,3
000000222455.jpg,NANO,onnx_cuda,False,0,0,0,False,False,2,2
000000222458.jpg,NANO,onnx_cuda,False,1,8,4,True,True,19,9
000000222559.jpg,NANO,onnx_cuda,False,5,1,6,True,True,25,25
000000222735.jpg,NANO,onnx_cuda,False,0,0,1,True,False,17,5
000000222825.jpg,NANO,onnx_cuda,False,0,0,0,False,False,32,3
000000222863.jpg,NANO,onnx_cuda,False,0,0,0,False,False,10,1
000000222991.jpg,NANO,onnx_cuda,False,0,0,0,False,False,0,1
000000223090.jpg,NANO,onnx_cuda,False,0,0,0,False,False,2,4
000000223130.jpg,NANO,onnx_cuda,False,0,0,0,False,False,10,1
000000223182.jpg,NANO,onnx_cuda,False,5,38,0,True,True,52,11
000000223188.jpg,NANO,onnx_cuda,False,1,9,0,True,True,10,3
000000223738.jpg,NANO,onnx_cuda,False,3,24,2,True,True,33,7
000000223747.jpg,NANO,onnx_cuda,False,0,0,1,True,False,7,3
000000223789.jpg,NANO,onnx_cuda,False,0,0,0,False,False,28,3
000000223955.jpg,NANO,onnx_cuda,False,1,9,0,True,True,23,2
000000223959.jpg,NANO,onnx_cuda,False,1,10,0,True,True,17,2
000000224051.jpg,NANO,onnx_cuda,False,1,8,0,True,True,20,3
000000224093.jpg,NANO,onnx_cuda,False,0,0,0,False,False,26,7
000000224119.jpg,NANO,onnx_cuda,False,0,15,4,True,True,15,12
000000224200.jpg,NANO,onnx_cuda,False,0,0,0,False,False,20,2
000000224222.jpg,NANO,onnx_cuda,False,3,28,0,True,True,33,4
000000224337.jpg,NANO,onnx_cuda,False,3,20,1,True,True,26,5
000000224664.jpg,NANO,onnx_cuda,False,0,0,8,True,False,0,15
000000224675.jpg,NANO,onnx_cuda,False,2,18,0,True,True,20,5
000000224724.jpg,NANO,onnx_cuda,False,1,11,5,True,True,14,9
000000224807.jpg,NANO,onnx_cuda,False,6,57,7,True,True,70,45
000000225184.jpg,NANO,onnx_cuda,False,0,0,0,False,False,33,4
000000225405.jpg,NANO,onnx_cuda,False,3,27,0,True,True,39,4
000000225532.jpg,NANO,onnx_cuda,False,0,0,0,False,False,22,8
000000225670.jpg,NANO,onnx_cuda,False,0,4,0,False,True,4,15
000000225757.jpg,NANO,onnx_cuda,False,0,0,0,False,False,63,9
000000225946.jpg,NANO,onnx_cuda,False,0,0,0,False,False,11,2
000000226058.jpg,NANO,onnx_cuda,False,0,0,0,False,False,27,3
000000226111.jpg,NANO,onnx_cuda,False,0,0,0,False,False,0,0
000000226130.jpg,NANO,onnx_cuda,False,0,0,0,False,False,7,3
000000226147.jpg,NANO,onnx_cuda,False,2,18,0,True,True,71,21
000000226154.jpg,NANO,onnx_cuda,False,3,11,2,True,True,24,6
000000226171.jpg,NANO,onnx_cuda,False,0,0,0,False,False,20,7
000000226408.jpg,NANO,onnx_cuda,False,0,17,1,True,True,17,3
000000226417.jpg,NANO,onnx_cuda,False,12,62,5,True,True,81,25
000000226592.jpg,NANO,onnx_cuda,False,0,0,0,False,False,18,1
000000226662.jpg,NANO,onnx_cuda,False,4,9,0,True,True,13,4
000000226802.jpg,NANO,onnx_cuda,False,2,8,12,True,True,14,22
000000226883.jpg,NANO,onnx_cuda,False,0,0,0,False,False,11,1
000000226903.jpg,NANO,onnx_cuda,False,0,0,2,True,False,0,21
000000226984.jpg,NANO,onnx_cuda,False,0,0,0,False,False,34,24
000000227044.jpg,NANO,onnx_cuda,False,0,0,0,False,False,18,8
000000227187.jpg,NANO,onnx_cuda,False,0,0,0,False,False,0,11
000000227399.jpg,NANO,onnx_cuda,False,7,60,9,True,True,77,23
000000227478.jpg,NANO,onnx_cuda,False,2,8,0,True,True,21,6
000000227482.jpg,NANO,onnx_cuda,False,1,9,0,True,True,20,2
000000227491.jpg,NANO,onnx_cuda,False,1,9,0,True,True,11,6
000000227511.jpg,NANO,onnx_cuda,False,0,0,0,False,False,22,7
000000227686.jpg,NANO,onnx_cuda,False,0,0,0,False,False,8,1
000000227765.jpg,NANO,onnx_cuda,False,0,0,0,False,False,24,8
000000227898.jpg,NANO,onnx_cuda,False,1,11,4,True,True,21,8
000000227985.jpg,NANO,onnx_cuda,False,0,0,0,False,False,25,4
000000228144.jpg,NANO,onnx_cuda,False,0,0,0,False,False,29,4
000000228214.jpg,NANO,onnx_cuda,False,1,10,3,True,True,19,8
000000228436.jpg,NANO,onnx_cuda,False,1,9,1,True,True,10,28
000000228771.jpg,NANO,onnx_cuda,False,0,0,0,False,False,0,0
000000228942.jpg,NANO,onnx_cuda,False,0,0,11,True,False,27,18
000000228981.jpg,NANO,onnx_cuda,False,0,0,0,False,False,27,2
000000229111.jpg,NANO,onnx_cuda,False,1,9,0,True,True,17,3
000000229216.jpg,NANO,onnx_cuda,False,2,18,0,True,True,20,3
000000229221.jpg,NANO,onnx_cuda,False,0,0,0,False,False,12,2
000000229311.jpg,NANO,onnx_cuda,False,0,0,0,False,False,1,6
000000229358.jpg,NANO,onnx_cuda,False,1,7,1,True,True,20,10
000000229553.jpg,NANO,onnx_cuda,False,1,9,0,True,True,18,2
000000229601.jpg,NANO,onnx_cuda,False,4,29,5,True,True,38,11
000000229659.jpg,NANO,onnx_cuda,False,2,18,1,True,True,44,29
000000229747.jpg,NANO,onnx_cuda,False,0,0,0,False,False,13,1
000000229753.jpg,NANO,onnx_cuda,False,0,0,0,False,False,0,2
000000229849.jpg,NANO,onnx_cuda,False,1,9,12,True,True,10,27
000000229858.jpg,NANO,onnx_cuda,False,0,0,0,False,False,5,2
000000229948.jpg,NANO,onnx_cuda,False,0,0,13,True,False,12,18
000000229997.jpg,NANO,onnx_cuda,False,0,0,0,False,False,33,6
000000230008.jpg,NANO,onnx_cuda,False,2,18,1,True,True,26,4
000000230166.jpg,NANO,onnx_cuda,False,0,0,0,False,False,67,13
000000230362.jpg,NANO,onnx_cuda,False,0,0,0,False,False,18,13
000000230450.jpg,NANO,onnx_cuda,False,0,0,1,True,False,28,10
000000230819.jpg,NANO,onnx_cuda,False,1,7,0,True,True,12,2
000000230983.jpg,NANO,onnx_cuda,False,1,10,0,True,True,21,7
000000230993.jpg,NANO,onnx_cuda,False,2,18,0,True,True,41,7
000000231088.jpg,NANO,onnx_cuda,False,0,0,0,False,False,60,6
000000231097.jpg,NANO,onnx_cuda,False,0,0,0,False,False,15,11
000000231125.jpg,NANO,onnx_cuda,False,0,0,2,True,False,9,15
000000231169.jpg,NANO,onnx_cuda,False,0,0,0,False,False,17,1
000000231237.jpg,NANO,onnx_cuda,False,0,0,0,False,False,19,2
000000231339.jpg,NANO,onnx_cuda,False,1,9,0,True,True,18,3
000000231508.jpg,NANO,onnx_cuda,False,2,18,11,True,True,20,25
000000231527.jpg,NANO,onnx_cuda,False,0,0,0,False,False,43,9
000000231549.jpg,NANO,onnx_cuda,False,0,0,0,False,False,10,3
000000231580.jpg,NANO,onnx_cuda,False,5,41,2,True,True,55,10
000000231747.jpg,NANO,onnx_cuda,False,0,0,2,True,False,8,15
000000231822.jpg,NANO,onnx_cuda,False,0,0,0,False,False,37,14
000000231831.jpg,NANO,onnx_cuda,False,0,0,0,False,False,9,9
000000231879.jpg,NANO,onnx_cuda,False,3,26,2,True,True,45,9
000000232088.jpg,NANO,onnx_cuda,False,0,0,0,False,False,16,7
000000232244.jpg,NANO,onnx_cuda,False,0,0,0,False,False,10,1
000000232348.jpg,NANO,onnx_cuda,False,0,0,0,False,False,9,1
000000232489.jpg,NANO,onnx_cuda,False,0,0,0,False,False,23,1
000000232538.jpg,NANO,onnx_cuda,False,0,0,0,False,False,10,4
000000232563.jpg,NANO,onnx_cuda,False,2,18,0,True,True,34,5
000000232646.jpg,NANO,onnx_cuda,False,0,0,0,False,False,9,1
000000232649.jpg,NANO,onnx_cuda,False,1,8,0,True,True,32,3
000000232684.jpg,NANO,onnx_cuda,False,0,0,1,True,False,15,2
000000232692.jpg,NANO,onnx_cuda,False,2,14,5,True,True,16,9
000000233033.jpg,NANO,onnx_cuda,False,0,0,0,False,False,45,8
000000233139.jpg,NANO,onnx_cuda,False,0,0,0,False,False,0,2
000000233238.jpg,NANO,onnx_cuda,False,6,27,3,True,True,93,25
000000233370.jpg,NANO,onnx_cuda,False,0,0,1,True,False,4,2
000000233567.jpg,NANO,onnx_cuda,False,0,0,0,False,False,14,7
000000233727.jpg,NANO,onnx_cuda,False,4,19,13,True,True,33,18
000000233771.jpg,NANO,onnx_cuda,False,6,48,4,True,True,61,17
000000233825.jpg,NANO,onnx_cuda,False,0,0,0,False,False,28,19
000000234366.jpg,NANO,onnx_cuda,False,0,0,0,False,False,5,1
000000234413.jpg,NANO,onnx_cuda,False,0,0,0,False,False,10,1
000000234526.jpg,NANO,onnx_cuda,False,1,9,9,True,True,10,11
000000234607.jpg,NANO,onnx_cuda,False,2,18,0,True,True,20,5
000000234660.jpg,NANO,onnx_cuda,False,0,0,0,False,False,5,2
000000234757.jpg,NANO,onnx_cuda,False,0,2,0,False,True,4,3
000000234779.jpg,NANO,onnx_cuda,False,0,0,0,False,False,31,2
000000234807.jpg,NANO,onnx_cuda,False,0,0,0,False,False,20,3
000000235057.jpg,NANO,onnx_cuda,False,0,0,0,False,False,10,1
000000235064.jpg,NANO,onnx_cuda,False,0,0,0,False,False,10,1
000000235241.jpg,NANO,onnx_cuda,False,5,35,0,True,True,44,7
000000235252.jpg,NANO,onnx_cuda,False,0,0,0,False,False,24,3
000000235399.jpg,NANO,onnx_cuda,False,0,0,0,False,False,6,3
000000235778.jpg,NANO,onnx_cuda,False,0,0,2,True,False,0,12
000000235784.jpg,NANO,onnx_cuda,False,1,10,0,True,True,18,2
000000235836.jpg,NANO,onnx_cuda,False,1,9,0,True,True,37,5
000000235857.jpg,NANO,onnx_cuda,False,0,0,0,False,False,31,3
000000236166.jpg,NANO,onnx_cuda,False,1,6,0,True,True,7,2
000000236308.jpg,NANO,onnx_cuda,False,2,23,1,True,True,26,7
000000236412.jpg,NANO,onnx_cuda,False,0,0,0,False,False,1,2
000000236426.jpg,NANO,onnx_cuda,False,6,30,7,True,True,37,19
000000236592.jpg,NANO,onnx_cuda,False,0,0,0,False,False,10,2
000000236599.jpg,NANO,onnx_cuda,False,1,6,3,True,True,8,15
000000236690.jpg,NANO,onnx_cuda,False,0,0,0,False,False,11,1
000000236721.jpg,NANO,onnx_cuda,False,0,0,0,False,False,22,9
000000236730.jpg,NANO,onnx_cuda,False,0,0,0,False,False,14,1
000000236784.jpg,NANO,onnx_cuda,False,0,0,0,False,False,29,3
000000236845.jpg,NANO,onnx_cuda,False,0,0,0,False,False,7,1
000000236914.jpg,NANO,onnx_cuda,False,0,0,0,False,False,19,5
000000237071.jpg,NANO,onnx_cuda,False,1,9,0,True,True,25,3
000000237118.jpg,NANO,onnx_cuda,False,1,9,0,True,True,10,3
000000237316.jpg,NANO,onnx_cuda,False,0,0,0,False,False,18,2
000000237517.jpg,NANO,onnx_cuda,False,0,0,0,False,False,30,10
000000237864.jpg,NANO,onnx_cuda,False,0,0,0,False,False,11,2
000000237928.jpg,NANO,onnx_cuda,False,0,0,0,False,False,31,4
000000237984.jpg,NANO,onnx_cuda,False,0,0,0,False,False,20,2
000000238013.jpg,NANO,onnx_cuda,False,1,9,0,True,True,17,4
000000238039.jpg,NANO,onnx_cuda,False,0,0,0,False,False,9,1
000000238410.jpg,NANO,onnx_cuda,False,4,13,5,True,True,17,37
000000238866.jpg,NANO,onnx_cuda,False,0,0,0,False,False,29,12
000000239041.jpg,NANO,onnx_cuda,False,0,0,0,False,False,8,4
000000239274.jpg,NANO,onnx_cuda,False,0,0,13,True,False,10,14
000000239318.jpg,NANO,onnx_cuda,False,0,0,0,False,False,11,4
000000239347.jpg,NANO,onnx_cuda,False,0,0,2,True,False,9,4
000000239537.jpg,NANO,onnx_cuda,False,1,9,0,True,True,23,3
000000239627.jpg,NANO,onnx_cuda,False,0,0,0,False,False,12,14
000000239717.jpg,NANO,onnx_cuda,False,4,26,4,True,True,30,9
000000239773.jpg,NANO,onnx_cuda,False,2,18,0,True,True,39,6
000000239843.jpg,NANO,onnx_cuda,False,0,0,0,False,False,0,1
000000239857.jpg,NANO,onnx_cuda,False,2,15,2,True,True,17,19
000000240023.jpg,NANO,onnx_cuda,False,5,20,1,True,True,42,9
000000240049.jpg,NANO,onnx_cuda,False,1,10,1,True,True,11,4
000000240250.jpg,NANO,onnx_cuda,False,2,11,7,True,True,44,22
000000240754.jpg,NANO,onnx_cuda,False,0,0,0,False,False,19,3
000000240767.jpg,NANO,onnx_cuda,False,0,0,0,False,False,0,0
000000240940.jpg,NANO,onnx_cuda,False,0,0,0,False,False,19,16
000000241297.jpg,NANO,onnx_cuda,False,0,0,0,False,False,10,1
000000241319.jpg,NANO,onnx_cuda,False,0,0,0,False,False,10,10
000000241326.jpg,NANO,onnx_cuda,False,0,0,0,False,False,29,3
000000241602.jpg,NANO,onnx_cuda,False,0,0,0,False,False,8,7
000000241668.jpg,NANO,onnx_cuda,False,1,10,1,True,True,11,5
000000241677.jpg,NANO,onnx_cuda,False,0,7,3,True,True,28,16
000000242060.jpg,NANO,onnx_cuda,False,0,0,0,False,False,36,12
000000242287.jpg,NANO,onnx_cuda,False,1,9,0,True,True,10,1
000000242411.jpg,NANO,onnx_cuda,False,1,5,0,True,True,15,10
000000242678.jpg,NANO,onnx_cuda,False,0,0,1,True,False,0,2
000000242724.jpg,NANO,onnx_cuda,False,2,15,0,True,True,30,4
000000242934.jpg,NANO,onnx_cuda,False,0,0,0,False,False,7,16
000000242946.jpg,NANO,onnx_cuda,False,5,43,0,True,True,76,41
000000243034.jpg,NANO,onnx_cuda,False,0,0,10,True,False,4,11
000000243075.jpg,NANO,onnx_cuda,False,0,0,0,False,False,10,1
000000243148.jpg,NANO,onnx_cuda,False,2,17,0,True,True,19,4
000000243199.jpg,NANO,onnx_cuda,False,0,0,0,False,False,23,2
000000243204.jpg,NANO,onnx_cuda,False,1,9,0,True,True,10,4
000000243344.jpg,NANO,onnx_cuda,False,0,0,0,False,False,10,2
000000243495.jpg,NANO,onnx_cuda,False,0,0,0,False,False,10,1
000000243626.jpg,NANO,onnx_cuda,False,0,0,0,False,False,29,2
000000243867.jpg,NANO,onnx_cuda,False,0,0,1,True,False,20,4
000000243989.jpg,NANO,onnx_cuda,False,5,28,2,True,True,33,8
000000244019.jpg,NANO,onnx_cuda,False,0,10,0,False,True,18,1
000000244099.jpg,NANO,onnx_cuda,False,1,3,0,True,True,8,2
000000244181.jpg,NANO,onnx_cuda,False,0,0,0,False,False,23,5
000000244379.jpg,NANO,onnx_cuda,False,0,0,0,False,False,15,3
000000244411.jpg,NANO,onnx_cuda,False,0,0,0,False,False,23,10
000000244496.jpg,NANO,onnx_cuda,False,1,9,0,True,True,19,2
000000244592.jpg,NANO,onnx_cuda,False,0,0,0,False,False,32,3
000000244750.jpg,NANO,onnx_cuda,False,4,22,0,True,True,80,9
000000244833.jpg,NANO,onnx_cuda,False,4,36,2,True,True,40,20
000000245026.jpg,NANO,onnx_cuda,False,1,9,0,True,True,41,4
000000245102.jpg,NANO,onnx_cuda,False,0,0,0,False,False,0,1
000000245173.jpg,NANO,onnx_cuda,False,0,0,2,True,False,8,3
000000245311.jpg,NANO,onnx_cuda,False,1,9,1,True,True,10,17
000000245320.jpg,NANO,onnx_cuda,False,1,8,1,True,True,14,4
000000245448.jpg,NANO,onnx_cuda,False,5,44,5,True,True,51,11
000000245513.jpg,NANO,onnx_cuda,False,0,0,0,False,False,10,4
000000245576.jpg,NANO,onnx_cuda,False,0,6,0,False,True,18,6
000000245651.jpg,NANO,onnx_cuda,False,0,0,0,False,False,11,1
000000245764.jpg,NANO,onnx_cuda,False,0,0,0,False,False,23,2
000000245915.jpg,NANO,onnx_cuda,False,0,0,0,False,False,47,13
000000246308.jpg,NANO,onnx_cuda,False,0,0,0,False,False,33,5
000000246436.jpg,NANO,onnx_cuda,False,1,9,0,True,True,23,7
000000246454.jpg,NANO,onnx_cuda,False,2,13,0,True,True,31,5
000000246522.jpg,NANO,onnx_cuda,False,0,0,0,False,False,5,1
000000246883.jpg,NANO,onnx_cuda,False,2,19,0,True,True,31,4
000000246963.jpg,NANO,onnx_cuda,False,9,63,1,True,True,79,11
000000246968.jpg,NANO,onnx_cuda,False,1,8,0,True,True,35,22
000000247806.jpg,NANO,onnx_cuda,False,0,0,0,False,False,8,1
000000247838.jpg,NANO,onnx_cuda,False,0,0,0,False,False,21,12
000000247917.jpg,NANO,onnx_cuda,False,9,72,1,True,True,103,16
000000248111.jpg,NANO,onnx_cuda,False,0,0,0,False,False,10,6
000000248112.jpg,NANO,onnx_cuda,False,2,13,0,True,True,15,4
000000248284.jpg,NANO,onnx_cuda,False,2,25,0,True,True,31,6
000000248314.jpg,NANO,onnx_cuda,False,0,0,0,False,False,38,8
000000248334.jpg,NANO,onnx_cuda,False,1,0,8,True,True,11,10
000000248400.jpg,NANO,onnx_cuda,False,1,9,0,True,True,21,4
000000248616.jpg,NANO,onnx_cuda,False,3,29,0,True,True,36,7
000000248631.jpg,NANO,onnx_cuda,False,0,0,0,False,False,23,2
000000248752.jpg,NANO,onnx_cuda,False,1,9,0,True,True,22,2
000000248810.jpg,NANO,onnx_cuda,False,0,0,1,True,False,10,2
000000248980.jpg,NANO,onnx_cuda,False,0,0,0,False,False,3,10
000000249025.jpg,NANO,onnx_cuda,False,0,0,0,False,False,8,1
000000249129.jpg,NANO,onnx_cuda,False,0,0,0,False,False,4,17
000000249180.jpg,NANO,onnx_cuda,False,1,10,2,True,True,11,4
000000249219.jpg,NANO,onnx_cuda,False,0,0,0,False,False,10,1
000000249550.jpg,NANO,onnx_cuda,False,0,0,0,False,False,11,3
000000249643.jpg,NANO,onnx_cuda,False,0,0,1,True,False,10,3
000000249786.jpg,NANO,onnx_cuda,False,1,7,10,True,True,10,12
000000250127.jpg,NANO,onnx_cuda,False,1,9,0,True,True,31,5
000000250137.jpg,NANO,onnx_cuda,False,3,24,7,True,True,38,14
000000250205.jpg,NANO,onnx_cuda,False,0,0,0,False,False,20,2
000000250282.jpg,NANO,onnx_cuda,False,1,0,12,True,True,1,26
000000250619.jpg,NANO,onnx_cuda,False,0,0,1,True,False,15,7
000000250758.jpg,NANO,onnx_cuda,False,0,0,0,False,False,12,2
000000250766.jpg,NANO,onnx_cuda,False,0,0,0,False,False,9,5
000000250901.jpg,NANO,onnx_cuda,False,1,14,2,True,True,19,6
000000251065.jpg,NANO,onnx_cuda,False,0,0,0,False,False,10,1
000000251119.jpg,NANO,onnx_cuda,False,0,0,0,False,False,0,2
000000251140.jpg,NANO,onnx_cuda,False,0,0,4,True,False,0,5
000000251537.jpg,NANO,onnx_cuda,False,0,0,0,False,False,0,2
000000251572.jpg,NANO,onnx_cuda,False,0,0,1,True,False,16,3
000000251824.jpg,NANO,onnx_cuda,False,0,0,1,True,False,0,3
000000252216.jpg,NANO,onnx_cuda,False,0,0,0,False,False,20,1
000000252219.jpg,NANO,onnx_cuda,False,3,27,0,True,True,38,7
000000252294.jpg,NANO,onnx_cuda,False,1,9,1,True,True,10,5
000000252332.jpg,NANO,onnx_cuda,False,0,0,0,False,False,10,1
000000252507.jpg,NANO,onnx_cuda,False,1,8,0,True,True,10,2
000000252559.jpg,NANO,onnx_cuda,False,5,20,8,True,True,25,13
000000252701.jpg,NANO,onnx_cuda,False,2,16,0,True,True,28,4
000000252716.jpg,NANO,onnx_cuda,False,1,8,2,True,True,19,4
000000252776.jpg,NANO,onnx_cuda,False,2,20,1,True,True,22,5
000000253002.jpg,NANO,onnx_cuda,False,0,0,0,False,False,9,1
000000253386.jpg,NANO,onnx_cuda,False,0,0,2,True,False,10,3
000000253433.jpg,NANO,onnx_cuda,False,0,0,0,False,False,17,2
000000253452.jpg,NANO,onnx_cuda,False,0,0,0,False,False,20,15
000000253695.jpg,NANO,onnx_cuda,False,1,9,0,True,True,10,2
000000253742.jpg,NANO,onnx_cuda,False,8,53,2,True,True,124,28
000000253819.jpg,NANO,onnx_cuda,False,1,9,0,True,True,14,2
000000253835.jpg,NANO,onnx_cuda,False,1,9,1,True,True,29,9
000000254016.jpg,NANO,onnx_cuda,False,0,0,1,True,False,0,15
000000254368.jpg,NANO,onnx_cuda,False,1,6,0,True,True,16,2
000000254516.jpg,NANO,onnx_cuda,False,4,30,5,True,True,39,11
000000254814.jpg,NANO,onnx_cuda,False,2,0,31,True,True,29,41
000000255165.jpg,NANO,onnx_cuda,False,0,0,0,False,False,17,22
000000255401.jpg,NANO,onnx_cuda,False,0,0,0,False,False,31,5
000000255483.jpg,NANO,onnx_cuda,False,0,1,1,True,True,5,3
000000255536.jpg,NANO,onnx_cuda,False,0,0,3,True,False,34,8
000000255664.jpg,NANO,onnx_cuda,False,0,0,0,False,False,20,2
000000255718.jpg,NANO,onnx_cuda,False,0,0,0,False,False,10,1
000000255747.jpg,NANO,onnx_cuda,False,0,0,0,False,False,16,3
000000255749.jpg,NANO,onnx_cuda,False,0,0,4,True,False,10,5
000000255824.jpg,NANO,onnx_cuda,False,0,0,0,False,False,22,3
000000255912.jpg,NANO,onnx_cuda,False,0,0,0,False,False,0,5
000000255917.jpg,NANO,onnx_cuda,False,0,0,1,True,False,30,16
000000255965.jpg,NANO,onnx_cuda,False,0,0,0,False,False,10,1
000000256192.jpg,NANO,onnx_cuda,False,2,20,12,True,True,22,17
000000256195.jpg,NANO,onnx_cuda,False,0,0,0,False,False,10,1
000000256407.jpg,NANO,onnx_cuda,False,0,0,0,False,False,0,13
000000256518.jpg,NANO,onnx_cuda,False,0,0,0,False,False,35,8
000000256775.jpg,NANO,onnx_cuda,False,4,20,3,True,True,34,8
000000256868.jpg,NANO,onnx_cuda,False,3,21,2,True,True,31,12
000000256916.jpg,NANO,onnx_cuda,False,0,0,0,False,False,32,9
000000256941.jpg,NANO,onnx_cuda,False,0,0,2,True,False,9,3
000000257084.jpg,NANO,onnx_cuda,False,3,31,4,True,True,39,11
000000257169.jpg,NANO,onnx_cuda,False,0,0,1,True,False,10,4
000000257370.jpg,NANO,onnx_cuda,False,2,18,0,True,True,28,6
000000257478.jpg,NANO,onnx_cuda,False,1,9,0,True,True,11,2
000000257566.jpg,NANO,onnx_cuda,False,2,11,7,True,True,24,14
000000257624.jpg,NANO,onnx_cuda,False,1,8,0,True,True,11,3
000000257865.jpg,NANO,onnx_cuda,False,1,9,0,True,True,10,2
000000257896.jpg,NANO,onnx_cuda,False,1,8,0,True,True,9,2
000000258388.jpg,NANO,onnx_cuda,False,2,18,1,True,True,31,4
000000258541.jpg,NANO,onnx_cuda,False,1,9,0,True,True,21,2
000000258793.jpg,NANO,onnx_cuda,False,0,0,1,True,False,0,4
000000258883.jpg,NANO,onnx_cuda,False,1,0,0,True,True,15,6
000000258911.jpg,NANO,onnx_cuda,False,3,10,0,True,True,20,8
000000259097.jpg,NANO,onnx_cuda,False,0,0,1,True,False,7,2
000000259382.jpg,NANO,onnx_cuda,False,0,0,0,False,False,10,1
000000259571.jpg,NANO,onnx_cuda,False,3,7,10,True,True,20,15
000000259597.jpg,NANO,onnx_cuda,False,2,16,11,True,True,18,18
000000259625.jpg,NANO,onnx_cuda,False,0,0,0,False,False,9,1
000000259640.jpg,NANO,onnx_cuda,False,6,40,7,True,True,53,21
000000259690.jpg,NANO,onnx_cuda,False,5,34,8,True,True,39,25
000000259830.jpg,NANO,onnx_cuda,False,5,17,0,True,True,22,5
000000259854.jpg,NANO,onnx_cuda,False,0,0,1,True,False,0,1
000000260105.jpg,NANO,onnx_cuda,False,0,0,0,False,False,22,5
000000260106.jpg,NANO,onnx_cuda,False,1,8,3,True,True,18,6
000000260261.jpg,NANO,onnx_cuda,False,1,8,1,True,True,9,4
000000260266.jpg,NANO,onnx_cuda,False,0,0,0,False,False,21,8
000000260470.jpg,NANO,onnx_cuda,False,1,8,5,True,True,25,22
000000260657.jpg,NANO,onnx_cuda,False,0,0,0,False,False,0,0
000000260925.jpg,NANO,onnx_cuda,False,0,0,1,True,False,18,3
000000261036.jpg,NANO,onnx_cuda,False,3,26,0,True,True,39,6
000000261061.jpg,NANO,onnx_cuda,False,1,9,0,True,True,18,5
000000261097.jpg,NANO,onnx_cuda,False,3,19,10,True,True,22,25
000000261116.jpg,NANO,onnx_cuda,False,1,9,1,True,True,11,11
000000261161.jpg,NANO,onnx_cuda,False,0,0,0,False,False,20,2
000000261318.jpg,NANO,onnx_cuda,False,1,5,0,True,True,16,6
000000261535.jpg,NANO,onnx_cuda,False,1,20,0,True,True,39,7
000000261706.jpg,NANO,onnx_cuda,False,0,0,0,False,False,19,3
000000261712.jpg,NANO,onnx_cuda,False,0,0,0,False,False,16,2
000000261732.jpg,NANO,onnx_cuda,False,1,8,0,True,True,10,4
000000261796.jpg,NANO,onnx_cuda,False,0,0,0,False,False,0,0
000000261888.jpg,NANO,onnx_cuda,False,2,31,0,True,True,35,6
000000261982.jpg,NANO,onnx_cuda,False,1,9,0,True,True,27,5
000000262048.jpg,NANO,onnx_cuda,False,3,20,7,True,True,34,13
000000262227.jpg,NANO,onnx_cuda,False,0,0,0,False,False,11,11
000000262440.jpg,NANO,onnx_cuda,False,0,0,0,False,False,1,3
000000262487.jpg,NANO,onnx_cuda,False,3,23,0,True,True,26,4
000000262587.jpg,NANO,onnx_cuda,False,1,9,0,True,True,16,2
000000262631.jpg,NANO,onnx_cuda,False,0,0,3,True,False,0,13
000000262682.jpg,NANO,onnx_cuda,False,0,0,0,False,False,4,8
000000262895.jpg,NANO,onnx_cuda,False,1,9,0,True,True,21,2
000000262938.jpg,NANO,onnx_cuda,False,0,0,0,False,False,16,5
000000263068.jpg,NANO,onnx_cuda,False,1,9,0,True,True,10,2
000000263299.jpg,NANO,onnx_cuda,False,0,0,0,False,False,5,1
000000263403.jpg,NANO,onnx_cuda,False,1,8,0,True,True,13,2
000000263425.jpg,NANO,onnx_cuda,False,2,21,0,True,True,25,2
000000263463.jpg,NANO,onnx_cuda,False,0,0,0,False,False,0,4
000000263474.jpg,NANO,onnx_cuda,False,0,0,0,False,False,14,1
000000263594.jpg,NANO,onnx_cuda,False,0,0,0,False,False,31,11
000000263644.jpg,NANO,onnx_cuda,False,0,0,0,False,False,12,1
000000263679.jpg,NANO,onnx_cuda,False,2,17,2,True,True,28,7
000000263796.jpg,NANO,onnx_cuda,False,0,0,0,False,False,2,1
000000263860.jpg,NANO,onnx_cuda,False,0,0,0,False,False,20,2
000000263966.jpg,NANO,onnx_cuda,False,0,0,1,True,False,0,3
000000263969.jpg,NANO,onnx_cuda,False,2,16,0,True,True,18,5
000000264335.jpg,NANO,onnx_cuda,False,0,0,0,False,False,10,1
000000264441.jpg,NANO,onnx_cuda,False,0,0,0,False,False,15,2
000000264535.jpg,NANO,onnx_cuda,False,2,13,1,True,True,27,5
000000264968.jpg,NANO,onnx_cuda,False,4,30,3,True,True,34,8
000000265108.jpg,NANO,onnx_cuda,False,0,0,0,False,False,5,2
000000265518.jpg,NANO,onnx_cuda,False,0,0,0,False,False,0,5
000000265777.jpg,NANO,onnx_cuda,False,1,7,0,True,True,32,6
000000265816.jpg,NANO,onnx_cuda,False,0,11,1,True,True,11,5
000000266082.jpg,NANO,onnx_cuda,False,0,0,0,False,False,13,1
000000266206.jpg,NANO,onnx_cuda,False,0,0,0,False,False,0,2
000000266400.jpg,NANO,onnx_cuda,False,2,15,10,True,True,17,12
000000266409.jpg,NANO,onnx_cuda,False,1,9,0,True,True,15,2
000000266768.jpg,NANO,onnx_cuda,False,6,43,7,True,True,49,21
000000266892.jpg,NANO,onnx_cuda,False,0,10,13,True,True,10,16
000000266981.jpg,NANO,onnx_cuda,False,3,25,10,True,True,39,28
000000267169.jpg,NANO,onnx_cuda,False,0,3,2,True,True,10,5
000000267191.jpg,NANO,onnx_cuda,False,1,9,1,True,True,23,5
000000267300.jpg,NANO,onnx_cuda,False,0,2,0,False,True,8,3
000000267351.jpg,NANO,onnx_cuda,False,0,0,0,False,False,16,2
000000267434.jpg,NANO,onnx_cuda,False,0,0,0,False,False,51,7
000000267537.jpg,NANO,onnx_cuda,False,4,11,6,True,True,15,25
000000267670.jpg,NANO,onnx_cuda,False,0,0,0,False,False,21,2
000000267903.jpg,NANO,onnx_cuda,False,0,0,0,False,False,9,2
000000267933.jpg,NANO,onnx_cuda,False,0,0,0,False,False,0,11
000000267940.jpg,NANO,onnx_cuda,False,0,0,0,False,False,4,2
000000267946.jpg,NANO,onnx_cuda,False,0,0,0,False,False,0,0
000000268000.jpg,NANO,onnx_cuda,False,0,0,2,True,False,1,3
000000268375.jpg,NANO,onnx_cuda,False,0,0,0,False,False,51,2
000000268378.jpg,NANO,onnx_cuda,False,8,65,1,True,True,91,21
000000268729.jpg,NANO,onnx_cuda,False,0,1,5,True,True,52,10
000000268831.jpg,NANO,onnx_cuda,False,0,0,0,False,False,11,3
000000268996.jpg,NANO,onnx_cuda,False,0,0,0,False,False,0,0
000000269113.jpg,NANO,onnx_cuda,False,0,0,0,False,False,18,4
000000269121.jpg,NANO,onnx_cuda,False,1,9,0,True,True,20,2
000000269196.jpg,NANO,onnx_cuda,False,0,0,0,False,False,24,5
000000269314.jpg,NANO,onnx_cuda,False,0,0,0,False,False,5,2
000000269316.jpg,NANO,onnx_cuda,False,4,34,0,True,True,41,5
000000269632.jpg,NANO,onnx_cuda,False,0,0,1,True,False,34,5
000000269682.jpg,NANO,onnx_cuda,False,0,0,0,False,False,9,10
000000269866.jpg,NANO,onnx_cuda,False,0,0,0,False,False,9,1
000000269932.jpg,NANO,onnx_cuda,False,0,0,0,False,False,6,2
000000269942.jpg,NANO,onnx_cuda,False,0,1,0,False,True,32,10
000000270066.jpg,NANO,onnx_cuda,False,1,9,0,True,True,17,2
000000270122.jpg,NANO,onnx_cuda,False,1,6,0,True,True,7,2
000000270244.jpg,NANO,onnx_cuda,False,0,0,0,False,False,10,1
000000270297.jpg,NANO,onnx_cuda,False,0,0,1,True,False,10,3
000000270386.jpg,NANO,onnx_cuda,False,0,0,0,False,False,0,0
000000270402.jpg,NANO,onnx_cuda,False,0,0,0,False,False,17,2
000000270474.jpg,NANO,onnx_cuda,False,1,9,0,True,True,18,2
000000270677.jpg,NANO,onnx_cuda,False,1,9,0,True,True,10,2
000000270705.jpg,NANO,onnx_cuda,False,0,0,0,False,False,10,1
000000270883.jpg,NANO,onnx_cuda,False,0,0,1,True,False,10,3
000000270908.jpg,NANO,onnx_cuda,False,0,0,1,True,False,0,2
000000271116.jpg,NANO,onnx_cuda,False,3,20,10,True,True,43,35
000000271402.jpg,NANO,onnx_cuda,False,2,18,0,True,True,24,3
000000271457.jpg,NANO,onnx_cuda,False,0,0,0,False,False,8,1
000000271471.jpg,NANO,onnx_cuda,False,2,15,0,True,True,17,7
000000271728.jpg,NANO,onnx_cuda,False,0,0,0,False,False,27,8
000000271997.jpg,NANO,onnx_cuda,False,1,9,0,True,True,22,2
000000272049.jpg,NANO,onnx_cuda,False,0,0,0,False,False,9,2
000000272136.jpg,NANO,onnx_cuda,False,0,0,1,True,False,0,2
000000272148.jpg,NANO,onnx_cuda,False,0,0,12,True,False,0,21
000000272212.jpg,NANO,onnx_cuda,False,0,0,0,False,False,9,3
000000272364.jpg,NANO,onnx_cuda,False,0,0,0,False,False,14,4
000000272416.jpg,NANO,onnx_cuda,False,0,0,0,False,False,13,1
000000272566.jpg,NANO,onnx_cuda,False,2,14,0,True,True,16,19
000000273132.jpg,NANO,onnx_cuda,False,1,9,0,True,True,10,3
000000273198.jpg,NANO,onnx_cuda,False,1,11,0,True,True,30,5
000000273232.jpg,NANO,onnx_cuda,False,1,5,2,True,True,30,16
000000273420.jpg,NANO,onnx_cuda,False,1,7,0,True,True,16,6
000000273493.jpg,NANO,onnx_cuda,False,2,16,0,True,True,18,5
000000273551.jpg,NANO,onnx_cuda,False,3,29,0,True,True,32,3
000000273617.jpg,NANO,onnx_cuda,False,0,0,0,False,False,2,1
000000273642.jpg,NANO,onnx_cuda,False,0,0,0,False,False,3,2
000000273711.jpg,NANO,onnx_cuda,False,1,0,1,True,True,34,37
000000273712.jpg,NANO,onnx_cuda,False,0,0,0,False,False,11,1
000000273715.jpg,NANO,onnx_cuda,False,3,31,1,True,True,43,5
000000273760.jpg,NANO,onnx_cuda,False,1,9,0,True,True,20,2
000000274066.jpg,NANO,onnx_cuda,False,4,34,1,True,True,46,9
000000274219.jpg,NANO,onnx_cuda,False,1,9,0,True,True,21,2
000000274272.jpg,NANO,onnx_cuda,False,1,5,3,True,True,32,9
000000274411.jpg,NANO,onnx_cuda,False,1,10,0,True,True,11,5
000000274460.jpg,NANO,onnx_cuda,False,11,71,4,True,True,84,20
000000274687.jpg,NANO,onnx_cuda,False,1,9,0,True,True,10,3
000000274708.jpg,NANO,onnx_cuda,False,4,14,2,True,True,22,7
000000275058.jpg,NANO,onnx_cuda,False,1,8,0,True,True,12,2
000000275198.jpg,NANO,onnx_cuda,False,4,30,1,True,True,74,40
000000275392.jpg,NANO,onnx_cuda,False,1,11,0,True,True,22,2
000000275727.jpg,NANO,onnx_cuda,False,0,0,0,False,False,10,2
000000275749.jpg,NANO,onnx_cuda,False,3,27,3,True,True,58,19
000000275791.jpg,NANO,onnx_cuda,False,0,0,0,False,False,26,8
000000276018.jpg,NANO,onnx_cuda,False,2,24,8,True,True,35,12
000000276024.jpg,NANO,onnx_cuda,False,1,7,1,True,True,39,9
000000276055.jpg,NANO,onnx_cuda,False,1,9,0,True,True,20,8
000000276284.jpg,NANO,onnx_cuda,False,1,9,0,True,True,10,5
000000276285.jpg,NANO,onnx_cuda,False,1,8,0,True,True,68,10
000000276434.jpg,NANO,onnx_cuda,False,2,2,0,True,True,46,11
000000276707.jpg,NANO,onnx_cuda,False,0,0,3,True,False,0,4
000000276720.jpg,NANO,onnx_cuda,False,0,2,0,False,True,2,5
000000276804.jpg,NANO,onnx_cuda,False,4,29,1,True,True,34,8
000000276921.jpg,NANO,onnx_cuda,False,0,0,0,False,False,20,2
000000277005.jpg,NANO,onnx_cuda,False,3,11,11,True,True,19,20
000000277020.jpg,NANO,onnx_cuda,False,4,38,0,True,True,50,12
000000277051.jpg,NANO,onnx_cuda,False,0,0,0,False,False,22,10
000000277197.jpg,NANO,onnx_cuda,False,0,0,0,False,False,24,9
000000277584.jpg,NANO,onnx_cuda,False,0,0,0,False,False,8,2
000000277689.jpg,NANO,onnx_cuda,False,0,0,0,False,False,7,22
000000278006.jpg,NANO,onnx_cuda,False,0,0,0,False,False,0,0
000000278353.jpg,NANO,onnx_cuda,False,0,0,0,False,False,10,1
000000278463.jpg,NANO,onnx_cuda,False,0,0,0,False,False,12,15
000000278705.jpg,NANO,onnx_cuda,False,2,17,0,True,True,28,6
000000278749.jpg,NANO,onnx_cuda,False,4,31,8,True,True,36,17
000000278848.jpg,NANO,onnx_cuda,False,4,36,0,True,True,73,10
000000278973.jpg,NANO,onnx_cuda,False,1,9,0,True,True,11,2
000000279145.jpg,NANO,onnx_cuda,False,0,0,0,False,False,27,9
000000279278.jpg,NANO,onnx_cuda,False,7,58,10,True,True,70,22
000000279541.jpg,NANO,onnx_cuda,False,0,0,1,True,False,2,11
000000279714.jpg,NANO,onnx_cuda,False,0,0,0,False,False,11,5
000000279730.jpg,NANO,onnx_cuda,False,0,0,3,True,False,25,7
000000279769.jpg,NANO,onnx_cuda,False,0,0,0,False,False,8,2
000000279774.jpg,NANO,onnx_cuda,False,4,26,2,True,True,42,9
000000279887.jpg,NANO,onnx_cuda,False,1,2,9,True,True,8,10
000000279927.jpg,NANO,onnx_cuda,False,5,36,8,True,True,50,16
000000280325.jpg,NANO,onnx_cuda,False,0,0,0,False,False,4,1
000000280710.jpg,NANO,onnx_cuda,False,6,43,5,True,True,61,22
000000280779.jpg,NANO,onnx_cuda,False,1,9,0,True,True,10,3
000000280891.jpg,NANO,onnx_cuda,False,1,14,3,True,True,24,23
000000280918.jpg,NANO,onnx_cuda,False,2,8,0,True,True,22,6
000000280930.jpg,NANO,onnx_cuda,False,1,9,0,True,True,12,4
000000281032.jpg,NANO,onnx_cuda,False,1,9,0,True,True,12,4
000000281179.jpg,NANO,onnx_cuda,False,0,0,0,False,False,0,10
000000281409.jpg,NANO,onnx_cuda,False,10,57,2,True,True,67,19
000000281414.jpg,NANO,onnx_cuda,False,1,9,0,True,True,10,3
000000281447.jpg,NANO,onnx_cuda,False,0,0,0,False,False,11,3
000000281687.jpg,NANO,onnx_cuda,False,4,39,6,True,True,43,16
000000281693.jpg,NANO,onnx_cuda,False,0,0,0,False,False,22,6
000000281754.jpg,NANO,onnx_cuda,False,2,16,0,True,True,28,4
000000281759.jpg,NANO,onnx_cuda,False,4,47,2,True,True,79,12
000000281929.jpg,NANO,onnx_cuda,False,2,17,0,True,True,19,3
000000282037.jpg,NANO,onnx_cuda,False,4,28,9,True,True,42,27
000000282046.jpg,NANO,onnx_cuda,False,0,0,0,False,False,10,1
000000282296.jpg,NANO,onnx_cuda,False,0,0,0,False,False,10,3
000000282298.jpg,NANO,onnx_cuda,False,6,52,7,True,True,73,18
000000282912.jpg,NANO,onnx_cuda,False,0,0,0,False,False,10,1
000000283037.jpg,NANO,onnx_cuda,False,0,0,0,False,False,12,2
000000283038.jpg,NANO,onnx_cuda,False,0,0,0,False,False,18,6
000000283070.jpg,NANO,onnx_cuda,False,0,0,0,False,False,10,5
000000283113.jpg,NANO,onnx_cuda,False,0,0,0,False,False,11,3
000000283268.jpg,NANO,onnx_cuda,False,0,0,2,True,False,1,3
000000283318.jpg,NANO,onnx_cuda,False,0,6,3,True,True,17,9
000000283412.jpg,NANO,onnx_cuda,False,0,0,0,False,False,20,3
000000283520.jpg,NANO,onnx_cuda,False,2,20,0,True,True,22,4
000000283717.jpg,NANO,onnx_cuda,False,0,0,0,False,False,6,3
000000283785.jpg,NANO,onnx_cuda,False,4,37,9,True,True,41,30
000000284106.jpg,NANO,onnx_cuda,False,0,0,0,False,False,24,4
000000284279.jpg,NANO,onnx_cuda,False,0,0,0,False,False,10,1
000000284282.jpg,NANO,onnx_cuda,False,0,0,0,False,False,0,1
000000284296.jpg,NANO,onnx_cuda,False,0,0,0,False,False,3,3
000000284445.jpg,NANO,onnx_cuda,False,7,63,6,True,True,80,23
000000284623.jpg,NANO,onnx_cuda,False,0,0,0,False,False,27,5
000000284698.jpg,NANO,onnx_cuda,False,0,0,2,True,False,2,2
000000284725.jpg,NANO,onnx_cuda,False,0,0,6,True,False,19,13
000000284743.jpg,NANO,onnx_cuda,False,2,22,3,True,True,26,6
000000284762.jpg,NANO,onnx_cuda,False,0,0,0,False,False,13,1
000000284764.jpg,NANO,onnx_cuda,False,1,9,0,True,True,10,7
000000284991.jpg,NANO,onnx_cuda,False,1,14,0,True,True,18,2
000000285047.jpg,NANO,onnx_cuda,False,1,8,0,True,True,19,3
000000285349.jpg,NANO,onnx_cuda,False,0,0,0,False,False,10,1
000000285788.jpg,NANO,onnx_cuda,False,0,0,0,False,False,1,4
000000285894.jpg,NANO,onnx_cuda,False,3,25,0,True,True,37,5
000000286182.jpg,NANO,onnx_cuda,False,1,9,0,True,True,46,35
000000286422.jpg,NANO,onnx_cuda,False,1,7,3,True,True,18,6
000000286458.jpg,NANO,onnx_cuda,False,0,0,0,False,False,1,5
000000286503.jpg,NANO,onnx_cuda,False,2,0,1,True,True,8,4
000000286507.jpg,NANO,onnx_cuda,False,0,0,0,False,False,10,1
000000286523.jpg,NANO,onnx_cuda,False,1,17,0,True,True,18,2
000000286553.jpg,NANO,onnx_cuda,False,2,18,0,True,True,28,18
000000286660.jpg,NANO,onnx_cuda,False,1,3,0,True,True,14,2
000000286708.jpg,NANO,onnx_cuda,False,0,0,0,False,False,16,1
000000286849.jpg,NANO,onnx_cuda,False,0,0,0,False,False,0,4
000000286907.jpg,NANO,onnx_cuda,False,0,0,0,False,False,14,1
000000286908.jpg,NANO,onnx_cuda,False,0,0,0,False,False,73,19
000000286994.jpg,NANO,onnx_cuda,False,0,0,0,False,False,11,9
000000287291.jpg,NANO,onnx_cuda,False,3,24,3,True,True,54,18
000000287347.jpg,NANO,onnx_cuda,False,1,9,1,True,True,27,15
000000287527.jpg,NANO,onnx_cuda,False,2,18,0,True,True,30,3
000000287545.jpg,NANO,onnx_cuda,False,0,0,0,False,False,15,2
000000287649.jpg,NANO,onnx_cuda,False,0,0,0,False,False,16,3
000000287667.jpg,NANO,onnx_cuda,False,0,0,0,False,False,7,5
000000287714.jpg,NANO,onnx_cuda,False,0,0,0,False,False,18,5
000000287874.jpg,NANO,onnx_cuda,False,0,0,9,True,False,10,15
000000287959.jpg,NANO,onnx_cuda,False,0,0,0,False,False,0,1
000000288042.jpg,NANO,onnx_cuda,False,1,10,0,True,True,18,3
000000288062.jpg,NANO,onnx_cuda,False,0,0,0,False,False,6,1
000000288391.jpg,NANO,onnx_cuda,False,0,0,0,False,False,0,1
000000288430.jpg,NANO,onnx_cuda,False,5,24,2,True,True,29,15
000000288584.jpg,NANO,onnx_cuda,False,6,41,3,True,True,56,19
000000288685.jpg,NANO,onnx_cuda,False,3,23,10,True,True,46,22
000000288762.jpg,NANO,onnx_cuda,False,0,0,0,False,False,5,15
000000288862.jpg,NANO,onnx_cuda,False,1,9,3,True,True,16,6
000000288882.jpg,NANO,onnx_cuda,False,0,0,0,False,False,18,2
000000289059.jpg,NANO,onnx_cuda,False,2,16,0,True,True,28,3
000000289222.jpg,NANO,onnx_cuda,False,0,0,1,True,False,24,5
000000289229.jpg,NANO,onnx_cuda,False,1,9,0,True,True,28,2
000000289343.jpg,NANO,onnx_cuda,False,2,13,0,True,True,15,4
000000289393.jpg,NANO,onnx_cuda,False,0,0,0,False,False,21,4
000000289415.jpg,NANO,onnx_cuda,False,0,0,1,True,False,13,9
000000289417.jpg,NANO,onnx_cuda,False,6,38,0,True,True,54,12
000000289516.jpg,NANO,onnx_cuda,False,0,0,0,False,False,18,2
000000289586.jpg,NANO,onnx_cuda,False,0,0,0,False,False,9,1
000000289594.jpg,NANO,onnx_cuda,False,1,10,0,True,True,13,3
000000289659.jpg,NANO,onnx_cuda,False,0,0,0,False,False,10,1
000000289702.jpg,NANO,onnx_cuda,False,0,0,0,False,False,5,2
000000289741.jpg,NANO,onnx_cuda,False,2,10,11,True,True,13,38
000000289938.jpg,NANO,onnx_cuda,False,0,0,5,True,False,10,27
000000289960.jpg,NANO,onnx_cuda,False,1,8,0,True,True,22,2
000000289992.jpg,NANO,onnx_cuda,False,0,0,0,False,False,11,1
000000290081.jpg,NANO,onnx_cuda,False,0,0,0,False,False,0,4
000000290163.jpg,NANO,onnx_cuda,False,1,10,3,True,True,28,13
000000290179.jpg,NANO,onnx_cuda,False,0,0,4,True,False,0,16
000000290248.jpg,NANO,onnx_cuda,False,4,38,9,True,True,42,26
000000290293.jpg,NANO,onnx_cuda,False,0,0,3,True,False,10,4
000000290592.jpg,NANO,onnx_cuda,False,0,0,0,False,False,63,12
000000290619.jpg,NANO,onnx_cuda,False,0,0,0,False,False,2,1
000000290768.jpg,NANO,onnx_cuda,False,0,0,0,False,False,9,9
000000290771.jpg,NANO,onnx_cuda,False,0,0,0,False,False,8,17
000000290833.jpg,NANO,onnx_cuda,False,0,0,0,False,False,21,2
000000290843.jpg,NANO,onnx_cuda,False,0,0,1,True,False,25,4
000000291490.jpg,NANO,onnx_cuda,False,0,0,0,False,False,2,2
000000291551.jpg,NANO,onnx_cuda,False,1,9,3,True,True,21,7
000000291619.jpg,NANO,onnx_cuda,False,2,18,0,True,True,21,3
000000291634.jpg,NANO,onnx_cuda,False,7,32,10,True,True,39,17
000000291664.jpg,NANO,onnx_cuda,False,0,0,0,False,False,11,2
000000291791.jpg,NANO,onnx_cuda,False,3,27,1,True,True,30,7
000000291861.jpg,NANO,onnx_cuda,False,0,0,0,False,False,11,1
000000292005.jpg,NANO,onnx_cuda,False,0,0,0,False,False,8,5
000000292024.jpg,NANO,onnx_cuda,False,1,6,0,True,True,18,5
000000292060.jpg,NANO,onnx_cuda,False,0,0,0,False,False,13,17
000000292082.jpg,NANO,onnx_cuda,False,2,17,0,True,True,41,5
000000292155.jpg,NANO,onnx_cuda,False,0,0,1,True,False,18,2
000000292225.jpg,NANO,onnx_cuda,False,2,10,0,True,True,12,3
000000292236.jpg,NANO,onnx_cuda,False,5,31,0,True,True,42,7
000000292330.jpg,NANO,onnx_cuda,False,0,0,0,False,False,10,2
000000292415.jpg,NANO,onnx_cuda,False,0,0,1,True,False,0,2
000000292446.jpg,NANO,onnx_cuda,False,2,11,3,True,True,17,13
000000292456.jpg,NANO,onnx_cuda,False,1,19,3,True,True,26,8
000000292488.jpg,NANO,onnx_cuda,False,1,18,0,True,True,26,2
000000292908.jpg,NANO,onnx_cuda,False,0,0,1,True,False,0,2
000000292997.jpg,NANO,onnx_cuda,False,1,9,2,True,True,30,13
000000293044.jpg,NANO,onnx_cuda,False,0,0,0,False,False,3,4
000000293071.jpg,NANO,onnx_cuda,False,0,0,0,False,False,44,4
000000293200.jpg,NANO,onnx_cuda,False,8,49,5,True,True,61,19
000000293245.jpg,NANO,onnx_cuda,False,1,9,0,True,True,10,4
000000293300.jpg,NANO,onnx_cuda,False,0,0,1,True,False,13,3
000000293324.jpg,NANO,onnx_cuda,False,0,0,0,False,False,13,10
000000293390.jpg,NANO,onnx_cuda,False,0,0,0,False,False,12,5
000000293474.jpg,NANO,onnx_cuda,False,0,9,0,False,True,19,6
000000293625.jpg,NANO,onnx_cuda,False,2,18,0,True,True,20,8
000000293794.jpg,NANO,onnx_cuda,False,2,20,4,True,True,22,23
000000293804.jpg,NANO,onnx_cuda,False,0,0,0,False,False,19,6
000000293858.jpg,NANO,onnx_cuda,False,0,0,0,False,False,46,11
000000294162.jpg,NANO,onnx_cuda,False,0,0,0,False,False,19,2
000000294163.jpg,NANO,onnx_cuda,False,0,0,0,False,False,14,2
000000294350.jpg,NANO,onnx_cuda,False,4,28,3,True,True,32,13
000000294695.jpg,NANO,onnx_cuda,False,4,36,4,True,True,69,9
000000294783.jpg,NANO,onnx_cuda,False,0,0,0,False,False,12,20
000000294831.jpg,NANO,onnx_cuda,False,1,9,0,True,True,31,5
000000294855.jpg,NANO,onnx_cuda,False,0,0,0,False,False,9,2
000000295138.jpg,NANO,onnx_cuda,False,1,9,0,True,True,22,4
000000295231.jpg,NANO,onnx_cuda,False,0,0,0,False,False,56,7
000000295316.jpg,NANO,onnx_cuda,False,3,11,1,True,True,14,8
000000295420.jpg,NANO,onnx_cuda,False,0,0,1,True,False,16,5
000000295478.jpg,NANO,onnx_cuda,False,1,9,0,True,True,10,3
000000295713.jpg,NANO,onnx_cuda,False,3,26,4,True,True,44,12
000000295797.jpg,NANO,onnx_cuda,False,0,0,0,False,False,18,2
000000295809.jpg,NANO,onnx_cuda,False,0,0,3,True,False,5,20
000000296222.jpg,NANO,onnx_cuda,False,1,9,0,True,True,18,8
000000296224.jpg,NANO,onnx_cuda,False,0,0,1,True,False,10,5
000000296231.jpg,NANO,onnx_cuda,False,0,0,3,True,False,9,21
000000296284.jpg,NANO,onnx_cuda,False,0,0,0,False,False,0,10
000000296317.jpg,NANO,onnx_cuda,False,0,0,0,False,False,8,3
000000296634.jpg,NANO,onnx_cuda,False,0,0,0,False,False,16,12
000000296649.jpg,NANO,onnx_cuda,False,6,47,10,True,True,53,25
000000296657.jpg,NANO,onnx_cuda,False,5,33,1,True,True,38,14
000000296969.jpg,NANO,onnx_cuda,False,0,0,0,False,False,21,7
000000297022.jpg,NANO,onnx_cuda,False,0,0,3,True,False,10,4
000000297084.jpg,NANO,onnx_cuda,False,1,22,0,True,True,84,13
000000297085.jpg,NANO,onnx_cuda,False,0,6,0,False,True,21,6
000000297147.jpg,NANO,onnx_cuda,False,1,16,3,True,True,17,4
000000297343.jpg,NANO,onnx_cuda,False,0,0,0,False,False,10,1
000000297353.jpg,NANO,onnx_cuda,False,1,9,0,True,True,10,4
000000297396.jpg,NANO,onnx_cuda,False,0,0,0,False,False,27,9
000000297427.jpg,NANO,onnx_cuda,False,0,0,3,True,False,2,4
000000297562.jpg,NANO,onnx_cuda,False,4,34,6,True,True,38,15
000000297578.jpg,NANO,onnx_cuda,False,3,28,0,True,True,31,10
000000297595.jpg,NANO,onnx_cuda,False,1,3,0,True,True,4,2
000000297681.jpg,NANO,onnx_cuda,False,0,0,0,False,False,0,1
000000297698.jpg,NANO,onnx_cuda,False,0,0,5,True,False,0,6
000000297830.jpg,NANO,onnx_cuda,False,0,0,0,False,False,22,2
000000298251.jpg,NANO,onnx_cuda,False,0,4,0,False,True,5,9
000000298396.jpg,NANO,onnx_cuda,False,0,0,0,False,False,38,27
000000298697.jpg,NANO,onnx_cuda,False,0,0,0,False,False,0,4
000000298738.jpg,NANO,onnx_cuda,False,0,0,0,False,False,10,1
000000298904.jpg,NANO,onnx_cuda,False,0,0,0,False,False,10,1
000000298994.jpg,NANO,onnx_cuda,False,0,0,0,False,False,13,9
000000299355.jpg,NANO,onnx_cuda,False,0,0,0,False,False,10,2
000000299553.jpg,NANO,onnx_cuda,False,4,21,9,True,True,29,17
000000299609.jpg,NANO,onnx_cuda,False,0,0,0,False,False,10,1
000000299720.jpg,NANO,onnx_cuda,False,0,0,0,False,False,8,1
000000299887.jpg,NANO,onnx_cuda,False,3,24,0,True,True,27,4
000000300039.jpg,NANO,onnx_cuda,False,0,0,1,True,False,16,9
000000300155.jpg,NANO,onnx_cuda,False,0,0,0,False,False,17,1
000000300233.jpg,NANO,onnx_cuda,False,0,0,0,False,False,5,4
000000300276.jpg,NANO,onnx_cuda,False,3,32,1,True,True,37,29
000000300341.jpg,NANO,onnx_cuda,False,5,43,1,True,True,50,9
000000300659.jpg,NANO,onnx_cuda,False,0,0,0,False,False,0,7
000000300842.jpg,NANO,onnx_cuda,False,0,0,0,False,False,5,1
000000300913.jpg,NANO,onnx_cuda,False,0,0,0,False,False,11,3
000000301061.jpg,NANO,onnx_cuda,False,1,8,0,True,True,9,3
000000301135.jpg,NANO,onnx_cuda,False,5,29,7,True,True,49,23
000000301376.jpg,NANO,onnx_cuda,False,2,13,3,True,True,33,21
000000301421.jpg,NANO,onnx_cuda,False,0,0,0,False,False,28,10
000000301563.jpg,NANO,onnx_cuda,False,3,23,0,True,True,29,7
000000301718.jpg,NANO,onnx_cuda,False,2,18,0,True,True,56,11
000000301867.jpg,NANO,onnx_cuda,False,3,31,0,True,True,46,7
000000301981.jpg,NANO,onnx_cuda,False,0,0,0,False,False,10,1
000000302030.jpg,NANO,onnx_cuda,False,0,0,0,False,False,7,19
000000302107.jpg,NANO,onnx_cuda,False,2,20,1,True,True,22,5
000000302165.jpg,NANO,onnx_cuda,False,0,0,0,False,False,47,10
000000302452.jpg,NANO,onnx_cuda,False,1,1,8,True,True,12,12
000000302536.jpg,NANO,onnx_cuda,False,2,14,0,True,True,22,10
000000302760.jpg,NANO,onnx_cuda,False,0,0,0,False,False,39,3
000000302882.jpg,NANO,onnx_cuda,False,1,9,0,True,True,11,2
000000302990.jpg,NANO,onnx_cuda,False,2,12,0,True,True,19,4
000000303305.jpg,NANO,onnx_cuda,False,0,0,3,True,False,12,5
000000303499.jpg,NANO,onnx_cuda,False,2,21,1,True,True,44,8
000000303566.jpg,NANO,onnx_cuda,False,9,52,4,True,True,61,53
000000303653.jpg,NANO,onnx_cuda,False,2,23,1,True,True,35,7
000000303713.jpg,NANO,onnx_cuda,False,2,9,11,True,True,11,25
000000303818.jpg,NANO,onnx_cuda,False,7,18,5,True,True,46,18
000000303863.jpg,NANO,onnx_cuda,False,0,0,7,True,False,10,9
000000303893.jpg,NANO,onnx_cuda,False,2,17,0,True,True,20,6
000000303908.jpg,NANO,onnx_cuda,False,0,0,0,False,False,12,6
000000304180.jpg,NANO,onnx_cuda,False,4,27,0,True,True,31,5
000000304291.jpg,NANO,onnx_cuda,False,0,0,0,False,False,9,1
000000304365.jpg,NANO,onnx_cuda,False,1,5,0,True,True,16,4
000000304396.jpg,NANO,onnx_cuda,False,0,0,0,False,False,27,2
000000304404.jpg,NANO,onnx_cuda,False,9,55,4,True,True,64,17
000000304545.jpg,NANO,onnx_cuda,False,0,0,0,False,False,10,1
000000304560.jpg,NANO,onnx_cuda,False,0,0,0,False,False,9,1
000000304812.jpg,NANO,onnx_cuda,False,0,9,6,True,True,9,9
000000304817.jpg,NANO,onnx_cuda,False,0,0,0,False,False,0,1
000000304984.jpg,NANO,onnx_cuda,False,0,0,0,False,False,29,8
000000305309.jpg,NANO,onnx_cuda,False,2,16,1,True,True,18,4
000000305317.jpg,NANO,onnx_cuda,False,2,8,11,True,True,14,17
000000305343.jpg,NANO,onnx_cuda,False,0,0,0,False,False,20,2
000000305609.jpg,NANO,onnx_cuda,False,0,0,1,True,False,31,12
000000305695.jpg,NANO,onnx_cuda,False,0,0,0,False,False,12,7
000000306136.jpg,NANO,onnx_cuda,False,1,9,5,True,True,20,7
000000306139.jpg,NANO,onnx_cuda,False,6,55,2,True,True,82,26
000000306437.jpg,NANO,onnx_cuda,False,1,7,4,True,True,8,7
000000306582.jpg,NANO,onnx_cuda,False,0,0,0,False,False,0,7
000000306700.jpg,NANO,onnx_cuda,False,1,9,0,True,True,25,4
000000306733.jpg,NANO,onnx_cuda,False,0,0,0,False,False,11,7
000000306893.jpg,NANO,onnx_cuda,False,0,2,11,True,True,12,21
000000307074.jpg,NANO,onnx_cuda,False,0,0,0,False,False,5,20
000000307145.jpg,NANO,onnx_cuda,False,0,0,0,False,False,0,2
000000307172.jpg,NANO,onnx_cuda,False,0,0,1,True,False,20,5
000000307598.jpg,NANO,onnx_cuda,False,0,0,0,False,False,13,4
000000307658.jpg,NANO,onnx_cuda,False,0,0,0,False,False,10,1
000000308165.jpg,NANO,onnx_cuda,False,1,9,0,True,True,22,2
000000308193.jpg,NANO,onnx_cuda,False,0,0,0,False,False,9,1
000000308328.jpg,NANO,onnx_cuda,False,2,17,2,True,True,24,20
000000308391.jpg,NANO,onnx_cuda,False,0,0,0,False,False,0,0
000000308394.jpg,NANO,onnx_cuda,False,1,9,0,True,True,24,4
000000308430.jpg,NANO,onnx_cuda,False,0,0,0,False,False,14,17
000000308466.jpg,NANO,onnx_cuda,False,0,0,0,False,False,9,2
000000308476.jpg,NANO,onnx_cuda,False,0,0,0,False,False,10,2
000000308531.jpg,NANO,onnx_cuda,False,0,0,0,False,False,4,3
000000308545.jpg,NANO,onnx_cuda,False,1,19,0,True,True,21,4
000000308587.jpg,NANO,onnx_cuda,False,0,1,13,True,True,17,17
000000308631.jpg,NANO,onnx_cuda,False,9,60,2,True,True,69,13
000000308753.jpg,NANO,onnx_cuda,False,0,0,0,False,False,9,1
000000308793.jpg,NANO,onnx_cuda,False,2,18,0,True,True,26,4
000000308799.jpg,NANO,onnx_cuda,False,0,0,0,False,False,10,8
000000309173.jpg,NANO,onnx_cuda,False,0,0,1,True,False,10,2
000000309391.jpg,NANO,onnx_cuda,False,1,2,14,True,True,25,35
000000309452.jpg,NANO,onnx_cuda,False,0,0,0,False,False,9,1
000000309467.jpg,NANO,onnx_cuda,False,2,19,0,True,True,22,6
000000309484.jpg,NANO,onnx_cuda,False,0,1,1,True,True,11,4
000000309495.jpg,NANO,onnx_cuda,False,0,0,0,False,False,15,1
000000309655.jpg,NANO,onnx_cuda,False,7,36,6,True,True,45,19
000000309678.jpg,NANO,onnx_cuda,False,0,0,1,True,False,0,3
000000309938.jpg,NANO,onnx_cuda,False,0,1,0,False,True,24,7
000000309964.jpg,NANO,onnx_cuda,False,2,16,0,True,True,29,5
000000310072.jpg,NANO,onnx_cuda,False,0,0,0,False,False,38,7
000000310200.jpg,NANO,onnx_cuda,False,0,0,0,False,False,33,3
000000310622.jpg,NANO,onnx_cuda,False,0,0,0,False,False,0,0
000000310862.jpg,NANO,onnx_cuda,False,1,9,0,True,True,22,3
000000310980.jpg,NANO,onnx_cuda,False,0,10,0,False,True,19,3
000000311002.jpg,NANO,onnx_cuda,False,1,9,4,True,True,27,9
000000311081.jpg,NANO,onnx_cuda,False,0,0,0,False,False,12,1
000000311180.jpg,NANO,onnx_cuda,False,0,0,1,True,False,11,2
000000311190.jpg,NANO,onnx_cuda,False,0,0,1,True,False,8,2
000000311295.jpg,NANO,onnx_cuda,False,0,0,0,False,False,13,10
000000311303.jpg,NANO,onnx_cuda,False,0,0,1,True,False,20,8
000000311392.jpg,NANO,onnx_cuda,False,0,0,3,True,False,19,4
000000311394.jpg,NANO,onnx_cuda,False,1,9,0,True,True,15,2
000000311518.jpg,NANO,onnx_cuda,False,0,0,0,False,False,11,1
000000311789.jpg,NANO,onnx_cuda,False,0,0,0,False,False,9,2
000000311883.jpg,NANO,onnx_cuda,False,0,0,0,False,False,6,7
000000311909.jpg,NANO,onnx_cuda,False,0,0,0,False,False,10,1
000000311928.jpg,NANO,onnx_cuda,False,1,9,0,True,True,27,3
000000311950.jpg,NANO,onnx_cuda,False,0,0,0,False,False,0,1
000000312192.jpg,NANO,onnx_cuda,False,0,0,1,True,False,16,11
000000312213.jpg,NANO,onnx_cuda,False,0,0,0,False,False,22,2
000000312237.jpg,NANO,onnx_cuda,False,2,8,10,True,True,10,22
000000312263.jpg,NANO,onnx_cuda,False,0,0,0,False,False,0,1
000000312278.jpg,NANO,onnx_cuda,False,0,0,0,False,False,0,2
000000312340.jpg,NANO,onnx_cuda,False,0,0,0,False,False,8,1
000000312406.jpg,NANO,onnx_cuda,False,0,0,0,False,False,17,2
000000312421.jpg,NANO,onnx_cuda,False,3,18,4,True,True,30,12
000000312489.jpg,NANO,onnx_cuda,False,2,22,0,True,True,32,4
000000312549.jpg,NANO,onnx_cuda,False,0,0,0,False,False,0,0
000000312552.jpg,NANO,onnx_cuda,False,1,9,0,True,True,12,2
000000312586.jpg,NANO,onnx_cuda,False,0,0,0,False,False,11,3
000000312720.jpg,NANO,onnx_cuda,False,1,7,0,True,True,8,2
000000313034.jpg,NANO,onnx_cuda,False,2,18,1,True,True,20,11
000000313130.jpg,NANO,onnx_cuda,False,0,0,0,False,False,12,4
000000313182.jpg,NANO,onnx_cuda,False,2,11,7,True,True,23,14
000000313454.jpg,NANO,onnx_cuda,False,1,12,0,True,True,18,7
000000313562.jpg,NANO,onnx_cuda,False,2,18,0,True,True,20,6
000000313588.jpg,NANO,onnx_cuda,False,1,10,0,True,True,34,5
000000313783.jpg,NANO,onnx_cuda,False,0,0,0,False,False,20,7
000000314034.jpg,NANO,onnx_cuda,False,0,0,0,False,False,53,25
000000314177.jpg,NANO,onnx_cuda,False,1,9,0,True,True,10,2
000000314182.jpg,NANO,onnx_cuda,False,0,0,0,False,False,43,9
000000314251.jpg,NANO,onnx_cuda,False,6,25,14,True,True,31,21
000000314264.jpg,NANO,onnx_cuda,False,1,9,0,True,True,10,5
000000314294.jpg,NANO,onnx_cuda,False,0,0,0,False,False,10,2
000000314541.jpg,NANO,onnx_cuda,False,0,0,0,False,False,9,1
000000314709.jpg,NANO,onnx_cuda,False,1,8,0,True,True,17,2
000000314914.jpg,NANO,onnx_cuda,False,0,0,0,False,False,5,1
000000315001.jpg,NANO,onnx_cuda,False,0,12,0,False,True,12,19
000000315187.jpg,NANO,onnx_cuda,False,0,0,5,True,False,16,11
000000315219.jpg,NANO,onnx_cuda,False,0,0,0,False,False,0,1
000000315257.jpg,NANO,onnx_cuda,False,0,0,0,False,False,20,1
000000315450.jpg,NANO,onnx_cuda,False,0,0,0,False,False,31,19
000000315492.jpg,NANO,onnx_cuda,False,0,3,1,True,True,3,4
000000316015.jpg,NANO,onnx_cuda,False,0,0,0,False,False,29,9
000000316054.jpg,NANO,onnx_cuda,False,0,0,1,True,False,1,4
000000316404.jpg,NANO,onnx_cuda,False,2,18,0,True,True,31,6
000000316666.jpg,NANO,onnx_cuda,False,0,0,0,False,False,4,40
000000317024.jpg,NANO,onnx_cuda,False,0,0,0,False,False,10,1
000000317433.jpg,NANO,onnx_cuda,False,1,9,0,True,True,30,3
000000317999.jpg,NANO,onnx_cuda,False,1,7,1,True,True,10,4
000000318080.jpg,NANO,onnx_cuda,False,0,0,0,False,False,19,2
000000318114.jpg,NANO,onnx_cuda,False,0,0,0,False,False,40,6
000000318138.jpg,NANO,onnx_cuda,False,3,23,0,True,True,26,5
000000318238.jpg,NANO,onnx_cuda,False,0,0,0,False,False,33,4
000000318455.jpg,NANO,onnx_cuda,False,0,0,0,False,False,55,15
000000318908.jpg,NANO,onnx_cuda,False,0,0,0,False,False,10,1
000000319100.jpg,NANO,onnx_cuda,False,2,18,0,True,True,23,7
000000319184.jpg,NANO,onnx_cuda,False,8,53,0,True,True,65,9
000000319369.jpg,NANO,onnx_cuda,False,1,9,4,True,True,23,18
000000319534.jpg,NANO,onnx_cuda,False,1,8,6,True,True,19,8
000000319607.jpg,NANO,onnx_cuda,False,0,2,5,True,True,4,10
000000319617.jpg,NANO,onnx_cuda,False,0,0,0,False,False,31,4
000000319696.jpg,NANO,onnx_cuda,False,0,0,0,False,False,14,5
000000319721.jpg,NANO,onnx_cuda,False,1,9,2,True,True,20,4
000000319935.jpg,NANO,onnx_cuda,False,0,0,0,False,False,23,13
000000320232.jpg,NANO,onnx_cuda,False,2,10,1,True,True,12,10
000000320425.jpg,NANO,onnx_cuda,False,0,0,0,False,False,28,10
000000320490.jpg,NANO,onnx_cuda,False,1,9,0,True,True,17,6
000000320554.jpg,NANO,onnx_cuda,False,0,0,0,False,False,17,2
000000320632.jpg,NANO,onnx_cuda,False,0,0,0,False,False,27,6
000000320642.jpg,NANO,onnx_cuda,False,4,37,0,True,True,41,6
000000320664.jpg,NANO,onnx_cuda,False,0,0,0,False,False,8,5
000000320696.jpg,NANO,onnx_cuda,False,1,6,0,True,True,8,2
000000320706.jpg,NANO,onnx_cuda,False,0,0,0,False,False,0,0
000000320743.jpg,NANO,onnx_cuda,False,2,8,8,True,True,73,18
000000321118.jpg,NANO,onnx_cuda,False,0,0,0,False,False,29,2
000000321214.jpg,NANO,onnx_cuda,False,1,9,0,True,True,10,3
000000321333.jpg,NANO,onnx_cuda,False,2,18,0,True,True,23,3
000000321557.jpg,NANO,onnx_cuda,False,1,9,0,True,True,10,1
000000321790.jpg,NANO,onnx_cuda,False,1,9,0,True,True,20,2
000000321887.jpg,NANO,onnx_cuda,False,0,0,0,False,False,10,1
000000322163.jpg,NANO,onnx_cuda,False,5,33,2,True,True,59,19
000000322211.jpg,NANO,onnx_cuda,False,0,0,0,False,False,0,13
000000322352.jpg,NANO,onnx_cuda,False,0,0,0,False,False,56,14
000000322429.jpg,NANO,onnx_cuda,False,0,0,0,False,False,12,21
000000322574.jpg,NANO,onnx_cuda,False,0,0,0,False,False,0,4
000000322610.jpg,NANO,onnx_cuda,False,5,46,8,True,True,77,23
000000322724.jpg,NANO,onnx_cuda,False,2,9,0,True,True,16,3
000000322829.jpg,NANO,onnx_cuda,False,0,0,0,False,False,10,1
000000322844.jpg,NANO,onnx_cuda,False,0,0,0,False,False,14,2
000000322864.jpg,NANO,onnx_cuda,False,0,0,1,True,False,18,6
000000322895.jpg,NANO,onnx_cuda,False,0,0,0,False,False,41,9
000000322944.jpg,NANO,onnx_cuda,False,1,7,0,True,True,16,2
000000322959.jpg,NANO,onnx_cuda,False,0,0,0,False,False,33,9
000000322968.jpg,NANO,onnx_cuda,False,0,0,0,False,False,0,1
000000323151.jpg,NANO,onnx_cuda,False,0,0,0,False,False,27,5
000000323202.jpg,NANO,onnx_cuda,False,0,0,0,False,False,11,2
000000323263.jpg,NANO,onnx_cuda,False,4,28,1,True,True,41,7
000000323355.jpg,NANO,onnx_cuda,False,1,9,1,True,True,13,3
000000323496.jpg,NANO,onnx_cuda,False,6,39,0,True,True,56,16
000000323571.jpg,NANO,onnx_cuda,False,0,0,0,False,False,21,5
000000323709.jpg,NANO,onnx_cuda,False,0,0,0,False,False,12,1
000000323751.jpg,NANO,onnx_cuda,False,0,0,2,True,False,9,9
000000323799.jpg,NANO,onnx_cuda,False,10,75,1,True,True,85,16
000000323828.jpg,NANO,onnx_cuda,False,0,0,0,False,False,10,9
000000323895.jpg,NANO,onnx_cuda,False,1,9,1,True,True,16,3
000000324158.jpg,NANO,onnx_cuda,False,1,9,0,True,True,18,15
000000324258.jpg,NANO,onnx_cuda,False,2,19,0,True,True,25,21
000000324614.jpg,NANO,onnx_cuda,False,1,9,0,True,True,10,2
000000324715.jpg,NANO,onnx_cuda,False,0,0,0,False,False,20,2
000000324818.jpg,NANO,onnx_cuda,False,0,13,0,False,True,13,2
000000324927.jpg,NANO,onnx_cuda,False,0,0,0,False,False,2,3
000000325031.jpg,NANO,onnx_cuda,False,0,0,13,True,False,10,16
000000325114.jpg,NANO,onnx_cuda,False,0,0,0,False,False,10,1
000000325306.jpg,NANO,onnx_cuda,False,0,0,0,False,False,10,2
000000325347.jpg,NANO,onnx_cuda,False,2,20,0,True,True,30,7
000000325483.jpg,NANO,onnx_cuda,False,2,18,0,True,True,24,27
000000325527.jpg,NANO,onnx_cuda,False,0,0,0,False,False,5,1
000000325838.jpg,NANO,onnx_cuda,False,1,7,0,True,True,45,18
000000325991.jpg,NANO,onnx_cuda,False,1,9,0,True,True,14,2
000000326082.jpg,NANO,onnx_cuda,False,0,0,0,False,False,20,17
000000326128.jpg,NANO,onnx_cuda,False,1,8,0,True,True,11,3
000000326174.jpg,NANO,onnx_cuda,False,7,53,0,True,True,66,12
000000326248.jpg,NANO,onnx_cuda,False,8,74,4,True,True,82,19
000000326462.jpg,NANO,onnx_cuda,False,1,3,0,True,True,9,2
000000326541.jpg,NANO,onnx_cuda,False,2,18,4,True,True,20,9
000000326542.jpg,NANO,onnx_cuda,False,1,10,2,True,True,12,4
000000326627.jpg,NANO,onnx_cuda,False,0,0,0,False,False,6,13
000000326970.jpg,NANO,onnx_cuda,False,3,27,0,True,True,30,11
000000327306.jpg,NANO,onnx_cuda,False,1,8,0,True,True,14,2
000000327592.jpg,NANO,onnx_cuda,False,1,10,0,True,True,11,4
000000327601.jpg,NANO,onnx_cuda,False,1,8,0,True,True,9,3
000000327605.jpg,NANO,onnx_cuda,False,1,9,1,True,True,18,3
000000327617.jpg,NANO,onnx_cuda,False,1,9,0,True,True,17,2
000000327701.jpg,NANO,onnx_cuda,False,3,25,1,True,True,32,8
000000327769.jpg,NANO,onnx_cuda,False,0,0,0,False,False,22,7
000000327780.jpg,NANO,onnx_cuda,False,0,0,0,False,False,11,2
000000327890.jpg,NANO,onnx_cuda,False,0,0,0,False,False,10,13
000000328030.jpg,NANO,onnx_cuda,False,0,0,0,False,False,7,5
000000328117.jpg,NANO,onnx_cuda,False,0,0,0,False,False,29,11
000000328238.jpg,NANO,onnx_cuda,False,2,11,5,True,True,21,13
000000328286.jpg,NANO,onnx_cuda,False,0,0,0,False,False,13,6
000000328337.jpg,NANO,onnx_cuda,False,1,9,0,True,True,19,2
000000328430.jpg,NANO,onnx_cuda,False,3,25,10,True,True,29,17
000000328601.jpg,NANO,onnx_cuda,False,1,9,0,True,True,33,3
000000328683.jpg,NANO,onnx_cuda,False,0,0,0,False,False,9,2
000000328959.jpg,NANO,onnx_cuda,False,0,0,0,False,False,11,1
000000329041.jpg,NANO,onnx_cuda,False,3,20,0,True,True,31,10
000000329080.jpg,NANO,onnx_cuda,False,0,0,0,False,False,19,3
000000329219.jpg,NANO,onnx_cuda,False,1,8,0,True,True,29,21
000000329319.jpg,NANO,onnx_cuda,False,0,0,0,False,False,15,4
000000329323.jpg,NANO,onnx_cuda,False,4,20,9,True,True,24,13
000000329447.jpg,NANO,onnx_cuda,False,0,0,0,False,False,48,5
000000329455.jpg,NANO,onnx_cuda,False,2,15,1,True,True,67,13
000000329456.jpg,NANO,onnx_cuda,False,5,44,0,True,True,49,9
000000329542.jpg,NANO,onnx_cuda,False,0,0,1,True,False,12,6
000000329614.jpg,NANO,onnx_cuda,False,0,0,1,True,False,21,11
000000329827.jpg,NANO,onnx_cuda,False,1,8,0,True,True,11,2
000000330369.jpg,NANO,onnx_cuda,False,0,0,1,True,False,10,4
000000330396.jpg,NANO,onnx_cuda,False,2,15,3,True,True,17,6
000000330554.jpg,NANO,onnx_cuda,False,0,0,0,False,False,0,0
000000330790.jpg,NANO,onnx_cuda,False,0,0,0,False,False,20,3
000000330818.jpg,NANO,onnx_cuda,False,1,10,0,True,True,40,9
000000331075.jpg,NANO,onnx_cuda,False,0,0,0,False,False,10,1
000000331280.jpg,NANO,onnx_cuda,False,4,62,9,True,True,76,15
000000331317.jpg,NANO,onnx_cuda,False,0,0,1,True,False,0,2
000000331352.jpg,NANO,onnx_cuda,False,0,0,0,False,False,17,2
000000331569.jpg,NANO,onnx_cuda,False,0,0,0,False,False,10,1
000000331604.jpg,NANO,onnx_cuda,False,1,0,0,True,True,2,2
000000331799.jpg,NANO,onnx_cuda,False,3,27,1,True,True,30,19
000000331817.jpg,NANO,onnx_cuda,False,1,1,0,True,True,65,17
000000332318.jpg,NANO,onnx_cuda,False,0,0,0,False,False,7,17
000000332351.jpg,NANO,onnx_cuda,False,4,3,9,True,True,7,21
000000332455.jpg,NANO,onnx_cuda,False,0,0,0,False,False,10,1
000000332570.jpg,NANO,onnx_cuda,False,1,6,0,True,True,17,2
000000332845.jpg,NANO,onnx_cuda,False,1,8,0,True,True,27,4
000000332901.jpg,NANO,onnx_cuda,False,2,9,4,True,True,22,9
000000333069.jpg,NANO,onnx_cuda,False,0,0,0,False,False,20,2
000000333237.jpg,NANO,onnx_cuda,False,0,0,0,False,False,12,3
000000333402.jpg,NANO,onnx_cuda,False,1,9,2,True,True,31,5
000000333697.jpg,NANO,onnx_cuda,False,0,0,0,False,False,0,1
000000333745.jpg,NANO,onnx_cuda,False,1,7,0,True,True,32,11
000000333772.jpg,NANO,onnx_cuda,False,0,0,0,False,False,20,8
000000333956.jpg,NANO,onnx_cuda,False,0,0,0,False,False,10,2
000000334006.jpg,NANO,onnx_cuda,False,0,0,1,True,False,19,5
000000334309.jpg,NANO,onnx_cuda,False,2,17,1,True,True,29,10
000000334371.jpg,NANO,onnx_cuda,False,1,6,0,True,True,20,9
000000334399.jpg,NANO,onnx_cuda,False,3,15,0,True,True,21,6
000000334417.jpg,NANO,onnx_cuda,False,1,9,0,True,True,14,4
000000334483.jpg,NANO,onnx_cuda,False,6,43,2,True,True,66,20
000000334521.jpg,NANO,onnx_cuda,False,0,0,1,True,False,18,4
000000334530.jpg,NANO,onnx_cuda,False,1,9,0,True,True,12,2
000000334555.jpg,NANO,onnx_cuda,False,4,21,9,True,True,35,20
000000334719.jpg,NANO,onnx_cuda,False,6,34,1,True,True,42,9
000000334767.jpg,NANO,onnx_cuda,False,5,44,1,True,True,49,11
000000334977.jpg,NANO,onnx_cuda,False,0,0,0,False,False,8,3
000000335081.jpg,NANO,onnx_cuda,False,0,0,0,False,False,10,4
000000335177.jpg,NANO,onnx_cuda,False,0,0,0,False,False,4,3
000000335328.jpg,NANO,onnx_cuda,False,2,15,0,True,True,20,3
000000335427.jpg,NANO,onnx_cuda,False,0,0,0,False,False,26,10
000000335450.jpg,NANO,onnx_cuda,False,0,0,0,False,False,10,3
000000335529.jpg,NANO,onnx_cuda,False,0,0,0,False,False,12,12
000000335658.jpg,NANO,onnx_cuda,False,0,0,0,False,False,12,2
000000335800.jpg,NANO,onnx_cuda,False,0,0,0,False,False,0,1
000000335954.jpg,NANO,onnx_cuda,False,0,0,0,False,False,21,3
000000336053.jpg,NANO,onnx_cuda,False,2,19,2,True,True,75,25
000000336209.jpg,NANO,onnx_cuda,False,1,10,0,True,True,11,3
000000336232.jpg,NANO,onnx_cuda,False,2,15,5,True,True,74,25
000000336265.jpg,NANO,onnx_cuda,False,1,8,0,True,True,9,2
000000336309.jpg,NANO,onnx_cuda,False,0,0,0,False,False,9,1
000000336356.jpg,NANO,onnx_cuda,False,2,20,3,True,True,56,14
000000336587.jpg,NANO,onnx_cuda,False,0,0,0,False,False,9,2
000000336628.jpg,NANO,onnx_cuda,False,1,1,5,True,True,2,8
000000336658.jpg,NANO,onnx_cuda,False,0,0,13,True,False,0,22
000000337055.jpg,NANO,onnx_cuda,False,1,9,0,True,True,11,2
000000337498.jpg,NANO,onnx_cuda,False,0,0,0,False,False,37,6
000000337987.jpg,NANO,onnx_cuda,False,0,0,0,False,False,0,1
000000338191.jpg,NANO,onnx_cuda,False,0,0,0,False,False,39,9
000000338219.jpg,NANO,onnx_cuda,False,3,31,14,True,True,34,18
000000338304.jpg,NANO,onnx_cuda,False,1,2,12,True,True,21,25
000000338325.jpg,NANO,onnx_cuda,False,0,0,0,False,False,10,1
000000338428.jpg,NANO,onnx_cuda,False,0,0,0,False,False,16,4
000000338532.jpg,NANO,onnx_cuda,False,0,0,2,True,False,10,3
000000338560.jpg,NANO,onnx_cuda,False,0,0,0,False,False,17,12
000000338624.jpg,NANO,onnx_cuda,False,1,13,2,True,True,25,18
000000338625.jpg,NANO,onnx_cuda,False,0,0,9,True,False,25,14
000000338718.jpg,NANO,onnx_cuda,False,0,0,0,False,False,20,2
000000338901.jpg,NANO,onnx_cuda,False,0,0,0,False,False,13,4
000000338905.jpg,NANO,onnx_cuda,False,5,34,8,True,True,57,38
000000338986.jpg,NANO,onnx_cuda,False,0,0,0,False,False,22,4
000000339442.jpg,NANO,onnx_cuda,False,0,0,0,False,False,0,3
000000339823.jpg,NANO,onnx_cuda,False,1,9,0,True,True,10,2
000000339870.jpg,NANO,onnx_cuda,False,0,0,0,False,False,0,6
000000340015.jpg,NANO,onnx_cuda,False,0,0,0,False,False,0,2
000000340175.jpg,NANO,onnx_cuda,False,0,0,0,False,False,38,28
000000340272.jpg,NANO,onnx_cuda,False,0,0,0,False,False,15,3
000000340451.jpg,NANO,onnx_cuda,False,1,10,0,True,True,21,2
000000340697.jpg,NANO,onnx_cuda,False,0,0,0,False,False,20,13
000000340894.jpg,NANO,onnx_cuda,False,1,4,0,True,True,65,11
000000340930.jpg,NANO,onnx_cuda,False,0,0,0,False,False,11,2
000000341058.jpg,NANO,onnx_cuda,False,0,0,0,False,False,17,7
000000341094.jpg,NANO,onnx_cuda,False,0,0,1,True,False,5,2
000000341196.jpg,NANO,onnx_cuda,False,3,8,0,True,True,11,4
000000341469.jpg,NANO,onnx_cuda,False,1,9,2,True,True,35,13
000000341681.jpg,NANO,onnx_cuda,False,1,8,0,True,True,18,3
000000341719.jpg,NANO,onnx_cuda,False,3,6,3,True,True,9,10
000000341828.jpg,NANO,onnx_cuda,False,1,9,0,True,True,10,3
000000341921.jpg,NANO,onnx_cuda,False,1,9,0,True,True,22,9
000000341973.jpg,NANO,onnx_cuda,False,2,18,0,True,True,21,5
000000342006.jpg,NANO,onnx_cuda,False,0,0,0,False,False,2,4
000000342128.jpg,NANO,onnx_cuda,False,4,19,9,True,True,44,22
000000342186.jpg,NANO,onnx_cuda,False,0,0,0,False,False,4,2
000000342295.jpg,NANO,onnx_cuda,False,0,0,0,False,False,20,1
000000342367.jpg,NANO,onnx_cuda,False,1,9,2,True,True,18,6
000000342397.jpg,NANO,onnx_cuda,False,2,17,4,True,True,26,9
000000342971.jpg,NANO,onnx_cuda,False,1,9,0,True,True,13,2
000000343076.jpg,NANO,onnx_cuda,False,0,0,0,False,False,10,2
000000343149.jpg,NANO,onnx_cuda,False,4,29,0,True,True,43,6
000000343218.jpg,NANO,onnx_cuda,False,2,16,0,True,True,25,22
000000343315.jpg,NANO,onnx_cuda,False,0,0,0,False,False,11,1
000000343453.jpg,NANO,onnx_cuda,False,1,10,0,True,True,11,2
000000343466.jpg,NANO,onnx_cuda,False,0,0,0,False,False,8,2
000000343496.jpg,NANO,onnx_cuda,False,1,5,0,True,True,13,6
000000343524.jpg,NANO,onnx_cuda,False,1,8,0,True,True,17,3
000000343561.jpg,NANO,onnx_cuda,False,5,38,20,True,True,43,28
000000343706.jpg,NANO,onnx_cuda,False,1,10,0,True,True,18,2
000000343803.jpg,NANO,onnx_cuda,False,1,9,0,True,True,16,2
000000343934.jpg,NANO,onnx_cuda,False,1,9,0,True,True,10,1
000000343937.jpg,NANO,onnx_cuda,False,1,8,0,True,True,9,2
000000343976.jpg,NANO,onnx_cuda,False,0,0,3,True,False,0,9
000000344029.jpg,NANO,onnx_cuda,False,0,0,6,True,False,14,12
000000344059.jpg,NANO,onnx_cuda,False,0,0,0,False,False,19,2
000000344100.jpg,NANO,onnx_cuda,False,0,0,0,False,False,22,5
000000344268.jpg,NANO,onnx_cuda,False,1,9,0,True,True,14,2
000000344611.jpg,NANO,onnx_cuda,False,0,0,0,False,False,0,0
000000344614.jpg,NANO,onnx_cuda,False,0,0,0,False,False,19,2
000000344621.jpg,NANO,onnx_cuda,False,0,0,0,False,False,21,7
000000344795.jpg,NANO,onnx_cuda,False,0,0,0,False,False,10,2
000000344816.jpg,NANO,onnx_cuda,False,0,0,0,False,False,10,1
000000344888.jpg,NANO,onnx_cuda,False,0,0,0,False,False,16,9
000000344909.jpg,NANO,onnx_cuda,False,0,0,0,False,False,11,4
000000345027.jpg,NANO,onnx_cuda,False,0,0,14,True,False,0,34
000000345252.jpg,NANO,onnx_cuda,False,1,9,0,True,True,28,5
000000345261.jpg,NANO,onnx_cuda,False,0,0,0,False,False,20,2
000000345356.jpg,NANO,onnx_cuda,False,2,17,0,True,True,45,11
000000345361.jpg,NANO,onnx_cuda,False,1,20,1,True,True,30,11
000000345385.jpg,NANO,onnx_cuda,False,0,0,2,True,False,10,3
000000345397.jpg,NANO,onnx_cuda,False,1,9,0,True,True,28,3
000000345466.jpg,NANO,onnx_cuda,False,3,24,3,True,True,27,11
000000345469.jpg,NANO,onnx_cuda,False,0,0,0,False,False,0,13
000000345941.jpg,NANO,onnx_cuda,False,0,0,1,True,False,7,3
000000346232.jpg,NANO,onnx_cuda,False,3,28,8,True,True,46,20
000000346638.jpg,NANO,onnx_cuda,False,0,0,0,False,False,30,4
000000346703.jpg,NANO,onnx_cuda,False,3,29,4,True,True,51,19
000000346707.jpg,NANO,onnx_cuda,False,0,0,0,False,False,0,4
000000346905.jpg,NANO,onnx_cuda,False,0,0,0,False,False,27,3
000000346968.jpg,NANO,onnx_cuda,False,1,9,0,True,True,10,5
000000347163.jpg,NANO,onnx_cuda,False,0,0,0,False,False,10,1
000000347174.jpg,NANO,onnx_cuda,False,0,0,1,True,False,4,2
000000347254.jpg,NANO,onnx_cuda,False,3,24,2,True,True,31,9
000000347265.jpg,NANO,onnx_cuda,False,1,9,0,True,True,10,2
000000347335.jpg,NANO,onnx_cuda,False,0,0,0,False,False,33,5
000000347370.jpg,NANO,onnx_cuda,False,0,0,1,True,False,6,2
000000347456.jpg,NANO,onnx_cuda,False,0,0,0,False,False,21,2
000000347544.jpg,NANO,onnx_cuda,False,0,0,0,False,False,9,2
000000347664.jpg,NANO,onnx_cuda,False,0,0,0,False,False,1,13
000000347693.jpg,NANO,onnx_cuda,False,0,0,0,False,False,0,2
000000347930.jpg,NANO,onnx_cuda,False,0,0,0,False,False,17,3
000000348012.jpg,NANO,onnx_cuda,False,0,0,0,False,False,1,1
000000348045.jpg,NANO,onnx_cuda,False,0,0,0,False,False,30,3
000000348216.jpg,NANO,onnx_cuda,False,0,0,0,False,False,11,8
000000348243.jpg,NANO,onnx_cuda,False,0,0,0,False,False,10,2
000000348481.jpg,NANO,onnx_cuda,False,0,0,0,False,False,24,6
000000348488.jpg,NANO,onnx_cuda,False,0,0,0,False,False,1,5
000000348708.jpg,NANO,onnx_cuda,False,0,0,0,False,False,8,3
000000348881.jpg,NANO,onnx_cuda,False,1,8,1,True,True,9,5
000000349152.jpg,NANO,onnx_cuda,False,0,0,0,False,False,0,15
000000349184.jpg,NANO,onnx_cuda,False,1,11,6,True,True,21,9
000000349302.jpg,NANO,onnx_cuda,False,0,0,0,False,False,19,2
000000349480.jpg,NANO,onnx_cuda,False,0,6,0,False,True,33,17
000000349594.jpg,NANO,onnx_cuda,False,1,9,0,True,True,10,2
000000349678.jpg,NANO,onnx_cuda,False,0,0,0,False,False,12,1
000000349837.jpg,NANO,onnx_cuda,False,0,0,0,False,False,35,6
000000349860.jpg,NANO,onnx_cuda,False,1,9,2,True,True,11,8
000000350002.jpg,NANO,onnx_cuda,False,1,9,0,True,True,10,2
000000350003.jpg,NANO,onnx_cuda,False,1,2,2,True,True,19,6
000000350019.jpg,NANO,onnx_cuda,False,1,7,0,True,True,8,2
000000350023.jpg,NANO,onnx_cuda,False,1,0,7,True,True,11,25
000000350054.jpg,NANO,onnx_cuda,False,0,3,0,False,True,27,5
000000350122.jpg,NANO,onnx_cuda,False,6,32,9,True,True,40,31
000000350148.jpg,NANO,onnx_cuda,False,4,24,0,True,True,54,20
000000350388.jpg,NANO,onnx_cuda,False,0,0,0,False,False,14,5
000000350405.jpg,NANO,onnx_cuda,False,2,10,0,True,True,23,3
000000350488.jpg,NANO,onnx_cuda,False,0,0,0,False,False,11,1
000000350607.jpg,NANO,onnx_cuda,False,0,0,0,False,False,9,1
000000350679.jpg,NANO,onnx_cuda,False,7,40,3,True,True,53,26
000000350833.jpg,NANO,onnx_cuda,False,0,0,0,False,False,21,2
000000351096.jpg,NANO,onnx_cuda,False,0,0,1,True,False,7,2
000000351331.jpg,NANO,onnx_cuda,False,0,0,0,False,False,13,3
000000351362.jpg,NANO,onnx_cuda,False,0,0,0,False,False,13,4
000000351530.jpg,NANO,onnx_cuda,False,3,16,2,True,True,20,23
000000351559.jpg,NANO,onnx_cuda,False,0,0,0,False,False,1,1
000000351589.jpg,NANO,onnx_cuda,False,0,0,0,False,False,29,3
000000351609.jpg,NANO,onnx_cuda,False,0,0,0,False,False,6,4
000000351810.jpg,NANO,onnx_cuda,False,2,13,3,True,True,42,17
000000351823.jpg,NANO,onnx_cuda,False,1,9,0,True,True,10,2
000000352491.jpg,NANO,onnx_cuda,False,0,0,5,True,False,10,6
000000352582.jpg,NANO,onnx_cuda,False,2,18,0,True,True,29,3
000000352584.jpg,NANO,onnx_cuda,False,0,0,0,False,False,5,1
000000352618.jpg,NANO,onnx_cuda,False,0,0,0,False,False,23,4
000000352684.jpg,NANO,onnx_cuda,False,7,51,2,True,True,58,10
000000352760.jpg,NANO,onnx_cuda,False,1,9,0,True,True,10,2
000000352900.jpg,NANO,onnx_cuda,False,0,0,0,False,False,6,9
000000353027.jpg,NANO,onnx_cuda,False,0,0,1,True,False,0,3
000000353051.jpg,NANO,onnx_cuda,False,1,8,0,True,True,19,2
000000353096.jpg,NANO,onnx_cuda,False,0,0,0,False,False,29,3
000000353180.jpg,NANO,onnx_cuda,False,9,49,1,True,True,61,12
000000353518.jpg,NANO,onnx_cuda,False,0,0,2,True,False,18,9
000000353970.jpg,NANO,onnx_cuda,False,0,0,0,False,False,12,2
000000354072.jpg,NANO,onnx_cuda,False,0,0,0,False,False,14,3
000000354307.jpg,NANO,onnx_cuda,False,0,0,1,True,False,9,1
000000354547.jpg,NANO,onnx_cuda,False,1,9,1,True,True,10,3
000000354753.jpg,NANO,onnx_cuda,False,0,0,0,False,False,0,9
000000354829.jpg,NANO,onnx_cuda,False,0,0,0,False,False,4,2
000000355169.jpg,NANO,onnx_cuda,False,0,0,0,False,False,8,1
000000355240.jpg,NANO,onnx_cuda,False,0,0,0,False,False,0,4
000000355257.jpg,NANO,onnx_cuda,False,0,1,1,True,True,15,3
000000355325.jpg,NANO,onnx_cuda,False,0,0,1,True,False,40,11
000000355610.jpg,NANO,onnx_cuda,False,0,0,0,False,False,20,1
000000355677.jpg,NANO,onnx_cuda,False,0,0,0,False,False,0,1
000000355817.jpg,NANO,onnx_cuda,False,0,0,2,True,False,11,3
000000355905.jpg,NANO,onnx_cuda,False,0,0,0,False,False,10,1
000000356094.jpg,NANO,onnx_cuda,False,2,18,0,True,True,32,4
000000356125.jpg,NANO,onnx_cuda,False,0,9,1,True,True,9,3
000000356169.jpg,NANO,onnx_cuda,False,0,3,0,False,True,3,11
000000356248.jpg,NANO,onnx_cuda,False,3,25,1,True,True,52,22
000000356261.jpg,NANO,onnx_cuda,False,0,0,0,False,False,11,2
000000356347.jpg,NANO,onnx_cuda,False,0,0,0,False,False,11,3
000000356387.jpg,NANO,onnx_cuda,False,4,23,15,True,True,27,20
000000356424.jpg,NANO,onnx_cuda,False,3,23,0,True,True,74,10
000000356427.jpg,NANO,onnx_cuda,False,1,10,0,True,True,19,8
000000356428.jpg,NANO,onnx_cuda,False,2,17,2,True,True,19,13
000000356432.jpg,NANO,onnx_cuda,False,0,0,0,False,False,28,5
000000356498.jpg,NANO,onnx_cuda,False,0,0,0,False,False,3,2
000000356505.jpg,NANO,onnx_cuda,False,1,9,0,True,True,20,2
000000356531.jpg,NANO,onnx_cuda,False,1,7,0,True,True,31,8
000000356612.jpg,NANO,onnx_cuda,False,3,12,5,True,True,72,21
000000356968.jpg,NANO,onnx_cuda,False,0,0,0,False,False,10,1
000000357060.jpg,NANO,onnx_cuda,False,0,0,0,False,False,10,1
000000357081.jpg,NANO,onnx_cuda,False,0,0,0,False,False,20,2
000000357238.jpg,NANO,onnx_cuda,False,0,0,1,True,False,8,2
000000357430.jpg,NANO,onnx_cuda,False,0,0,0,False,False,0,1
000000357459.jpg,NANO,onnx_cuda,False,0,0,1,True,False,21,3
000000357501.jpg,NANO,onnx_cuda,False,0,0,0,False,False,5,1
000000357567.jpg,NANO,onnx_cuda,False,0,0,0,False,False,18,2
000000357737.jpg,NANO,onnx_cuda,False,3,16,4,True,True,39,11
000000357742.jpg,NANO,onnx_cuda,False,1,10,0,True,True,11,2
000000357748.jpg,NANO,onnx_cuda,False,0,2,4,True,True,12,5
000000357816.jpg,NANO,onnx_cuda,False,4,37,0,True,True,48,10
000000357888.jpg,NANO,onnx_cuda,False,1,10,0,True,True,13,35
000000357903.jpg,NANO,onnx_cuda,False,0,0,0,False,False,15,2
000000357941.jpg,NANO,onnx_cuda,False,0,0,0,False,False,17,3
000000357978.jpg,NANO,onnx_cuda,False,4,36,1,True,True,41,14
000000358195.jpg,NANO,onnx_cuda,False,1,9,0,True,True,17,2
000000358427.jpg,NANO,onnx_cuda,False,0,0,0,False,False,17,3
000000358525.jpg,NANO,onnx_cuda,False,1,8,0,True,True,20,4
000000358923.jpg,NANO,onnx_cuda,False,2,11,2,True,True,13,6
000000359135.jpg,NANO,onnx_cuda,False,0,0,0,False,False,18,2
000000359219.jpg,NANO,onnx_cuda,False,0,0,0,False,False,10,5
000000359540.jpg,NANO,onnx_cuda,False,5,33,0,True,True,38,9
000000359677.jpg,NANO,onnx_cuda,False,0,0,1,True,False,1,2
000000359781.jpg,NANO,onnx_cuda,False,0,0,0,False,False,10,1
000000359833.jpg,NANO,onnx_cuda,False,0,0,1,True,False,0,10
000000359855.jpg,NANO,onnx_cuda,False,0,0,0,False,False,0,1
000000359937.jpg,NANO,onnx_cuda,False,0,0,0,False,False,16,2
000000360097.jpg,NANO,onnx_cuda,False,0,0,1,True,False,0,14
000000360137.jpg,NANO,onnx_cuda,False,1,2,0,True,True,14,3
000000360325.jpg,NANO,onnx_cuda,False,0,0,0,False,False,36,13
000000360393.jpg,NANO,onnx_cuda,False,0,0,0,False,False,14,3
000000360564.jpg,NANO,onnx_cuda,False,0,0,0,False,False,9,2
000000360661.jpg,NANO,onnx_cuda,False,2,12,2,True,True,42,7
000000360943.jpg,NANO,onnx_cuda,False,0,0,0,False,False,0,1
000000360951.jpg,NANO,onnx_cuda,False,0,0,0,False,False,28,7
000000360960.jpg,NANO,onnx_cuda,False,4,50,1,True,True,64,6
000000361103.jpg,NANO,onnx_cuda,False,3,18,12,True,True,29,26
000000361142.jpg,NANO,onnx_cuda,False,0,1,3,True,True,44,16
000000361147.jpg,NANO,onnx_cuda,False,4,37,5,True,True,50,15
000000361180.jpg,NANO,onnx_cuda,False,0,0,0,False,False,10,1
000000361238.jpg,NANO,onnx_cuda,False,2,25,0,True,True,39,10
000000361268.jpg,NANO,onnx_cuda,False,0,0,0,False,False,5,1
000000361506.jpg,NANO,onnx_cuda,False,1,8,0,True,True,9,4
000000361551.jpg,NANO,onnx_cuda,False,4,27,1,True,True,49,17
000000361571.jpg,NANO,onnx_cuda,False,0,4,0,False,True,10,1
000000361586.jpg,NANO,onnx_cuda,False,1,48,3,True,True,55,18
000000361621.jpg,NANO,onnx_cuda,False,0,0,0,False,False,9,2
000000361730.jpg,NANO,onnx_cuda,False,8,24,5,True,True,35,29
000000361919.jpg,NANO,onnx_cuda,False,8,33,5,True,True,41,21
000000362434.jpg,NANO,onnx_cuda,False,0,0,0,False,False,10,2
000000362520.jpg,NANO,onnx_cuda,False,1,8,0,True,True,19,2
000000362682.jpg,NANO,onnx_cuda,False,0,0,2,True,False,28,5
000000362716.jpg,NANO,onnx_cuda,False,1,9,0,True,True,23,3
000000363072.jpg,NANO,onnx_cuda,False,0,0,0,False,False,9,1
000000363188.jpg,NANO,onnx_cuda,False,5,35,8,True,True,40,18
000000363207.jpg,NANO,onnx_cuda,False,4,35,2,True,True,47,14
000000363461.jpg,NANO,onnx_cuda,False,0,0,0,False,False,19,6
000000363666.jpg,NANO,onnx_cuda,False,4,28,2,True,True,45,40
000000363784.jpg,NANO,onnx_cuda,False,0,0,0,False,False,2,3
000000363840.jpg,NANO,onnx_cuda,False,0,0,1,True,False,50,12
000000363875.jpg,NANO,onnx_cuda,False,2,18,0,True,True,20,3
000000364102.jpg,NANO,onnx_cuda,False,1,9,0,True,True,14,2
000000364126.jpg,NANO,onnx_cuda,False,1,9,0,True,True,18,2
000000364166.jpg,NANO,onnx_cuda,False,0,0,0,False,False,20,2
000000364297.jpg,NANO,onnx_cuda,False,0,0,0,False,False,28,3
000000364322.jpg,NANO,onnx_cuda,False,0,0,0,False,False,94,15
000000364557.jpg,NANO,onnx_cuda,False,2,15,0,True,True,17,4
000000364587.jpg,NANO,onnx_cuda,False,0,0,0,False,False,10,1
000000364636.jpg,NANO,onnx_cuda,False,0,0,0,False,False,10,2
000000364884.jpg,NANO,onnx_cuda,False,0,6,13,True,True,6,14
000000365095.jpg,NANO,onnx_cuda,False,1,8,0,True,True,9,2
000000365098.jpg,NANO,onnx_cuda,False,0,0,0,False,False,9,1
000000365207.jpg,NANO,onnx_cuda,False,0,0,0,False,False,11,5
000000365208.jpg,NANO,onnx_cuda,False,0,7,1,True,True,8,4
000000365385.jpg,NANO,onnx_cuda,False,0,0,0,False,False,21,6
000000365387.jpg,NANO,onnx_cuda,False,0,0,0,False,False,9,4
000000365521.jpg,NANO,onnx_cuda,False,4,33,9,True,True,37,14
000000365642.jpg,NANO,onnx_cuda,False,1,9,0,True,True,32,7
000000365655.jpg,NANO,onnx_cuda,False,1,1,0,True,True,11,2
000000365745.jpg,NANO,onnx_cuda,False,1,10,1,True,True,35,8
000000365766.jpg,NANO,onnx_cuda,False,0,0,0,False,False,26,3
000000365886.jpg,NANO,onnx_cuda,False,1,9,0,True,True,19,2
000000366141.jpg,NANO,onnx_cuda,False,0,0,0,False,False,22,4
000000366178.jpg,NANO,onnx_cuda,False,0,0,0,False,False,0,3
000000366199.jpg,NANO,onnx_cuda,False,0,0,0,False,False,9,2
000000366225.jpg,NANO,onnx_cuda,False,0,0,0,False,False,27,4
000000366611.jpg,NANO,onnx_cuda,False,0,1,0,False,True,10,2
000000366711.jpg,NANO,onnx_cuda,False,1,8,0,True,True,9,14
000000366884.jpg,NANO,onnx_cuda,False,0,0,1,True,False,13,16
000000367082.jpg,NANO,onnx_cuda,False,0,0,0,False,False,13,3
000000367095.jpg,NANO,onnx_cuda,False,1,15,4,True,True,46,25
000000367195.jpg,NANO,onnx_cuda,False,0,0,1,True,False,1,3
000000367228.jpg,NANO,onnx_cuda,False,1,9,0,True,True,19,2
000000367386.jpg,NANO,onnx_cuda,False,0,0,0,False,False,17,19
000000367569.jpg,NANO,onnx_cuda,False,0,0,0,False,False,6,5
000000367680.jpg,NANO,onnx_cuda,False,3,7,6,True,True,48,14
000000367818.jpg,NANO,onnx_cuda,False,0,0,1,True,False,10,2
000000368038.jpg,NANO,onnx_cuda,False,0,0,0,False,False,10,1
000000368212.jpg,NANO,onnx_cuda,False,1,7,0,True,True,13,3
000000368294.jpg,NANO,onnx_cuda,False,1,9,0,True,True,10,2
000000368335.jpg,NANO,onnx_cuda,False,0,0,0,False,False,26,6
000000368456.jpg,NANO,onnx_cuda,False,0,0,0,False,False,10,1
000000368684.jpg,NANO,onnx_cuda,False,0,0,0,False,False,10,11
000000368752.jpg,NANO,onnx_cuda,False,2,14,1,True,True,39,9
000000368900.jpg,NANO,onnx_cuda,False,0,0,0,False,False,16,6
000000368940.jpg,NANO,onnx_cuda,False,0,0,0,False,False,9,1
000000368961.jpg,NANO,onnx_cuda,False,2,29,0,True,True,37,5
000000368982.jpg,NANO,onnx_cuda,False,0,0,0,False,False,10,1
000000369037.jpg,NANO,onnx_cuda,False,1,9,0,True,True,20,4
000000369081.jpg,NANO,onnx_cuda,False,0,0,0,False,False,30,3
000000369310.jpg,NANO,onnx_cuda,False,1,9,0,True,True,11,9
000000369323.jpg,NANO,onnx_cuda,False,2,23,1,True,True,34,5
000000369370.jpg,NANO,onnx_cuda,False,0,0,0,False,False,0,7
000000369442.jpg,NANO,onnx_cuda,False,6,34,6,True,True,44,24
000000369503.jpg,NANO,onnx_cuda,False,1,8,0,True,True,21,2
000000369541.jpg,NANO,onnx_cuda,False,1,10,4,True,True,37,7
000000369675.jpg,NANO,onnx_cuda,False,0,0,6,True,False,10,8
000000369751.jpg,NANO,onnx_cuda,False,0,0,0,False,False,21,10
000000369757.jpg,NANO,onnx_cuda,False,0,0,0,False,False,0,5
000000369771.jpg,NANO,onnx_cuda,False,0,0,0,False,False,20,10
000000369812.jpg,NANO,onnx_cuda,False,0,0,7,True,False,32,18
000000370042.jpg,NANO,onnx_cuda,False,0,0,0,False,False,31,13
000000370208.jpg,NANO,onnx_cuda,False,2,10,0,True,True,12,4
000000370270.jpg,NANO,onnx_cuda,False,2,18,1,True,True,26,9
000000370375.jpg,NANO,onnx_cuda,False,1,8,0,True,True,21,3
000000370478.jpg,NANO,onnx_cuda,False,0,0,0,False,False,33,12
000000370486.jpg,NANO,onnx_cuda,False,5,38,8,True,True,44,19
000000370677.jpg,NANO,onnx_cuda,False,3,26,0,True,True,29,15
000000370711.jpg,NANO,onnx_cuda,False,0,0,1,True,False,0,14
000000370813.jpg,NANO,onnx_cuda,False,1,8,0,True,True,19,2
000000370818.jpg,NANO,onnx_cuda,False,0,0,0,False,False,2,3
000000370900.jpg,NANO,onnx_cuda,False,0,0,0,False,False,29,4
000000370999.jpg,NANO,onnx_cuda,False,0,0,0,False,False,13,0
000000371042.jpg,NANO,onnx_cuda,False,2,10,1,True,True,12,9
000000371472.jpg,NANO,onnx_cuda,False,0,0,0,False,False,0,11
000000371529.jpg,NANO,onnx_cuda,False,1,8,0,True,True,22,4
000000371552.jpg,NANO,onnx_cuda,False,5,39,1,True,True,54,10
000000371677.jpg,NANO,onnx_cuda,False,0,0,0,False,False,30,9
000000371699.jpg,NANO,onnx_cuda,False,0,0,1,True,False,17,18
000000371749.jpg,NANO,onnx_cuda,False,2,8,0,True,True,26,7
000000372203.jpg,NANO,onnx_cuda,False,0,0,0,False,False,9,2
000000372260.jpg,NANO,onnx_cuda,False,0,0,0,False,False,24,12
000000372307.jpg,NANO,onnx_cuda,False,0,0,0,False,False,7,1
000000372317.jpg,NANO,onnx_cuda,False,0,0,0,False,False,10,2
000000372349.jpg,NANO,onnx_cuda,False,2,19,0,True,True,21,5
000000372466.jpg,NANO,onnx_cuda,False,0,0,0,False,False,5,7
000000372577.jpg,NANO,onnx_cuda,False,2,18,0,True,True,22,3
000000372718.jpg,NANO,onnx_cuda,False,0,0,0,False,False,22,1
000000372819.jpg,NANO,onnx_cuda,False,2,15,0,True,True,40,8
000000373315.jpg,NANO,onnx_cuda,False,1,9,0,True,True,14,2
000000373353.jpg,NANO,onnx_cuda,False,4,25,8,True,True,72,34
000000373382.jpg,NANO,onnx_cuda,False,6,39,7,True,True,54,15
000000373705.jpg,NANO,onnx_cuda,False,5,43,1,True,True,60,7
000000374052.jpg,NANO,onnx_cuda,False,2,14,3,True,True,37,19
000000374083.jpg,NANO,onnx_cuda,False,2,16,0,True,True,18,8
000000374369.jpg,NANO,onnx_cuda,False,1,7,0,True,True,16,2
000000374545.jpg,NANO,onnx_cuda,False,0,1,14,True,True,2,15
000000374551.jpg,NANO,onnx_cuda,False,0,0,0,False,False,10,1
000000374727.jpg,NANO,onnx_cuda,False,0,0,0,False,False,0,0
000000374982.jpg,NANO,onnx_cuda,False,2,12,0,True,True,24,13
000000375015.jpg,NANO,onnx_cuda,False,0,0,0,False,False,10,1
000000375078.jpg,NANO,onnx_cuda,False,0,0,0,False,False,1,2
000000375278.jpg,NANO,onnx_cuda,False,0,0,1,True,False,2,6
000000375430.jpg,NANO,onnx_cuda,False,0,0,0,False,False,34,4
000000375469.jpg,NANO,onnx_cuda,False,2,10,0,True,True,16,4
000000375493.jpg,NANO,onnx_cuda,False,1,8,0,True,True,9,7
000000375763.jpg,NANO,onnx_cuda,False,0,0,0,False,False,98,12
000000376093.jpg,NANO,onnx_cuda,False,5,40,0,True,True,46,13
000000376112.jpg,NANO,onnx_cuda,False,2,19,11,True,True,29,22
000000376206.jpg,NANO,onnx_cuda,False,1,9,0,True,True,13,2
000000376264.jpg,NANO,onnx_cuda,False,0,0,0,False,False,27,9
000000376278.jpg,NANO,onnx_cuda,False,0,0,0,False,False,28,3
000000376284.jpg,NANO,onnx_cuda,False,0,0,0,False,False,44,9
000000376307.jpg,NANO,onnx_cuda,False,1,10,2,True,True,11,27
000000376310.jpg,NANO,onnx_cuda,False,0,0,0,False,False,31,4
000000376322.jpg,NANO,onnx_cuda,False,5,21,8,True,True,60,42
000000376365.jpg,NANO,onnx_cuda,False,0,0,1,True,False,8,7
000000376442.jpg,NANO,onnx_cuda,False,0,0,0,False,False,10,2
000000376478.jpg,NANO,onnx_cuda,False,0,0,0,False,False,11,1
000000376625.jpg,NANO,onnx_cuda,False,3,28,9,True,True,41,17
000000376856.jpg,NANO,onnx_cuda,False,0,0,0,False,False,0,1
000000376900.jpg,NANO,onnx_cuda,False,1,21,12,True,True,22,14
000000377000.jpg,NANO,onnx_cuda,False,0,0,0,False,False,10,1
000000377113.jpg,NANO,onnx_cuda,False,7,42,2,True,True,50,10
000000377239.jpg,NANO,onnx_cuda,False,3,30,0,True,True,45,6
000000377368.jpg,NANO,onnx_cuda,False,0,0,1,True,False,22,9
000000377393.jpg,NANO,onnx_cuda,False,0,0,10,True,False,3,15
000000377486.jpg,NANO,onnx_cuda,False,1,7,5,True,True,18,9
000000377497.jpg,NANO,onnx_cuda,False,0,0,0,False,False,8,1
000000377575.jpg,NANO,onnx_cuda,False,0,5,0,False,True,5,2
000000377588.jpg,NANO,onnx_cuda,False,6,29,0,True,True,35,10
000000377635.jpg,NANO,onnx_cuda,False,1,9,3,True,True,15,6
000000377670.jpg,NANO,onnx_cuda,False,0,7,0,False,True,15,3
000000377723.jpg,NANO,onnx_cuda,False,9,56,4,True,True,76,20
000000377814.jpg,NANO,onnx_cuda,False,0,0,0,False,False,57,6
000000377882.jpg,NANO,onnx_cuda,False,0,0,0,False,False,0,14
000000377946.jpg,NANO,onnx_cuda,False,1,3,7,True,True,34,20
000000378099.jpg,NANO,onnx_cuda,False,0,0,0,False,False,20,2
000000378116.jpg,NANO,onnx_cuda,False,1,9,0,True,True,11,2
000000378139.jpg,NANO,onnx_cuda,False,0,0,9,True,False,11,17
000000378244.jpg,NANO,onnx_cuda,False,1,8,0,True,True,9,3
000000378284.jpg,NANO,onnx_cuda,False,1,7,1,True,True,29,7
000000378453.jpg,NANO,onnx_cuda,False,0,0,0,False,False,7,13
000000378454.jpg,NANO,onnx_cuda,False,0,0,1,True,False,10,2
000000378515.jpg,NANO,onnx_cuda,False,3,11,7,True,True,14,23
000000378605.jpg,NANO,onnx_cuda,False,0,0,0,False,False,27,4
000000378673.jpg,NANO,onnx_cuda,False,1,11,12,True,True,13,19
000000378873.jpg,NANO,onnx_cuda,False,1,7,6,True,True,15,23
000000379332.jpg,NANO,onnx_cuda,False,3,29,0,True,True,44,5
000000379441.jpg,NANO,onnx_cuda,False,0,0,0,False,False,6,19
000000379453.jpg,NANO,onnx_cuda,False,0,0,0,False,False,10,1
000000379476.jpg,NANO,onnx_cuda,False,0,0,0,False,False,19,23
000000379533.jpg,NANO,onnx_cuda,False,0,0,0,False,False,26,3
000000379800.jpg,NANO,onnx_cuda,False,0,0,0,False,False,10,7
000000379842.jpg,NANO,onnx_cuda,False,0,0,0,False,False,11,4
000000380203.jpg,NANO,onnx_cuda,False,0,0,0,False,False,5,1
000000380706.jpg,NANO,onnx_cuda,False,4,29,1,True,True,38,9
000000380711.jpg,NANO,onnx_cuda,False,1,10,0,True,True,11,2
000000380913.jpg,NANO,onnx_cuda,False,6,48,0,True,True,54,14
000000381360.jpg,NANO,onnx_cuda,False,1,9,0,True,True,14,2
000000381587.jpg,NANO,onnx_cuda,False,0,0,4,True,False,43,30
000000381639.jpg,NANO,onnx_cuda,False,1,11,8,True,True,21,15
000000381971.jpg,NANO,onnx_cuda,False,2,12,5,True,True,34,16
000000382009.jpg,NANO,onnx_cuda,False,1,9,0,True,True,28,4
000000382030.jpg,NANO,onnx_cuda,False,0,0,0,False,False,3,4
000000382088.jpg,NANO,onnx_cuda,False,0,0,0,False,False,10,1
000000382111.jpg,NANO,onnx_cuda,False,1,9,1,True,True,31,14
000000382122.jpg,NANO,onnx_cuda,False,0,0,0,False,False,4,1
000000382125.jpg,NANO,onnx_cuda,False,5,44,4,True,True,87,27
000000382696.jpg,NANO,onnx_cuda,False,0,0,0,False,False,0,3
000000382734.jpg,NANO,onnx_cuda,False,0,0,0,False,False,9,0
000000382743.jpg,NANO,onnx_cuda,False,0,0,0,False,False,36,8
000000383289.jpg,NANO,onnx_cuda,False,1,10,0,True,True,21,6
000000383337.jpg,NANO,onnx_cuda,False,1,10,1,True,True,11,11
000000383339.jpg,NANO,onnx_cuda,False,1,0,0,True,True,1,2
000000383384.jpg,NANO,onnx_cuda,False,5,39,4,True,True,44,12
000000383386.jpg,NANO,onnx_cuda,False,0,0,0,False,False,32,4
000000383443.jpg,NANO,onnx_cuda,False,0,0,0,False,False,8,4
000000383606.jpg,NANO,onnx_cuda,False,1,8,0,True,True,15,4
000000383621.jpg,NANO,onnx_cuda,False,0,0,0,False,False,8,1
000000383676.jpg,NANO,onnx_cuda,False,0,0,0,False,False,10,2
000000383838.jpg,NANO,onnx_cuda,False,2,12,0,True,True,14,4
000000383842.jpg,NANO,onnx_cuda,False,3,24,7,True,True,47,16
000000383921.jpg,NANO,onnx_cuda,False,0,0,0,False,False,67,10
000000384136.jpg,NANO,onnx_cuda,False,1,9,0,True,True,18,2
000000384350.jpg,NANO,onnx_cuda,False,0,0,0,False,False,11,2
000000384468.jpg,NANO,onnx_cuda,False,4,17,0,True,True,38,6
000000384513.jpg,NANO,onnx_cuda,False,0,0,0,False,False,20,1
000000384527.jpg,NANO,onnx_cuda,False,0,0,1,True,False,51,26
000000384616.jpg,NANO,onnx_cuda,False,0,0,0,False,False,12,1
000000384651.jpg,NANO,onnx_cuda,False,0,0,0,False,False,18,2
000000384661.jpg,NANO,onnx_cuda,False,0,0,0,False,False,18,7
000000384666.jpg,NANO,onnx_cuda,False,5,35,4,True,True,40,14
000000384670.jpg,NANO,onnx_cuda,False,2,18,0,True,True,22,4
000000384808.jpg,NANO,onnx_cuda,False,1,9,0,True,True,35,7
000000384850.jpg,NANO,onnx_cuda,False,0,0,0,False,False,14,1
000000384949.jpg,NANO,onnx_cuda,False,0,0,0,False,False,3,14
000000385029.jpg,NANO,onnx_cuda,False,0,0,1,True,False,50,10
000000385190.jpg,NANO,onnx_cuda,False,1,2,2,True,True,3,5
000000385205.jpg,NANO,onnx_cuda,False,0,0,0,False,False,11,2
000000385719.jpg,NANO,onnx_cuda,False,0,0,0,False,False,54,17
000000385997.jpg,NANO,onnx_cuda,False,0,0,0,False,False,12,9
000000386134.jpg,NANO,onnx_cuda,False,0,0,0,False,False,13,1
000000386210.jpg,NANO,onnx_cuda,False,0,0,0,False,False,4,15
000000386277.jpg,NANO,onnx_cuda,False,0,0,0,False,False,0,1
000000386352.jpg,NANO,onnx_cuda,False,8,56,3,True,True,69,13
000000386457.jpg,NANO,onnx_cuda,False,0,2,0,False,True,3,1
000000386879.jpg,NANO,onnx_cuda,False,1,9,0,True,True,15,2
000000386912.jpg,NANO,onnx_cuda,False,1,9,0,True,True,22,17
000000387098.jpg,NANO,onnx_cuda,False,0,0,0,False,False,38,24
000000387148.jpg,NANO,onnx_cuda,False,0,0,0,False,False,0,14
000000387383.jpg,NANO,onnx_cuda,False,0,0,0,False,False,19,2
000000387387.jpg,NANO,onnx_cuda,False,0,0,0,False,False,10,1
000000387916.jpg,NANO,onnx_cuda,False,10,60,2,True,True,70,20
000000388056.jpg,NANO,onnx_cuda,False,7,50,3,True,True,69,12
000000388215.jpg,NANO,onnx_cuda,False,1,8,0,True,True,9,3
000000388258.jpg,NANO,onnx_cuda,False,1,9,0,True,True,18,4
000000388846.jpg,NANO,onnx_cuda,False,0,0,13,True,False,22,31
000000388903.jpg,NANO,onnx_cuda,False,2,20,2,True,True,22,9
000000388927.jpg,NANO,onnx_cuda,False,1,7,2,True,True,18,4
000000389109.jpg,NANO,onnx_cuda,False,3,28,3,True,True,35,17
000000389197.jpg,NANO,onnx_cuda,False,2,9,8,True,True,12,11
000000389315.jpg,NANO,onnx_cuda,False,0,0,0,False,False,8,14
000000389316.jpg,NANO,onnx_cuda,False,0,7,1,True,True,30,3
000000389381.jpg,NANO,onnx_cuda,False,0,0,0,False,False,1,6
000000389451.jpg,NANO,onnx_cuda,False,0,0,12,True,False,34,17
000000389532.jpg,NANO,onnx_cuda,False,1,6,0,True,True,7,4
000000389566.jpg,NANO,onnx_cuda,False,0,0,0,False,False,3,14
000000389684.jpg,NANO,onnx_cuda,False,1,8,0,True,True,19,2
000000389804.jpg,NANO,onnx_cuda,False,0,0,0,False,False,10,2
000000389812.jpg,NANO,onnx_cuda,False,1,9,0,True,True,19,4
000000389933.jpg,NANO,onnx_cuda,False,0,0,0,False,False,13,2
000000390246.jpg,NANO,onnx_cuda,False,1,5,0,True,True,14,2
000000390301.jpg,NANO,onnx_cuda,False,0,0,0,False,False,12,1
000000390555.jpg,NANO,onnx_cuda,False,6,52,7,True,True,58,25
000000390826.jpg,NANO,onnx_cuda,False,1,10,0,True,True,21,3
000000390902.jpg,NANO,onnx_cuda,False,1,9,1,True,True,13,3
000000391140.jpg,NANO,onnx_cuda,False,1,9,0,True,True,10,3
000000391144.jpg,NANO,onnx_cuda,False,0,0,0,False,False,47,6
000000391290.jpg,NANO,onnx_cuda,False,3,29,0,True,True,38,6
000000391375.jpg,NANO,onnx_cuda,False,1,9,0,True,True,14,2
000000391648.jpg,NANO,onnx_cuda,False,0,0,0,False,False,10,1
000000391722.jpg,NANO,onnx_cuda,False,4,35,1,True,True,66,9
000000392228.jpg,NANO,onnx_cuda,False,0,0,0,False,False,9,1
000000392481.jpg,NANO,onnx_cuda,False,0,0,0,False,False,9,1
000000392722.jpg,NANO,onnx_cuda,False,4,32,2,True,True,47,15
000000392818.jpg,NANO,onnx_cuda,False,0,0,0,False,False,10,1
000000392933.jpg,NANO,onnx_cuda,False,0,0,0,False,False,7,1
000000393014.jpg,NANO,onnx_cuda,False,0,0,0,False,False,8,4
000000393056.jpg,NANO,onnx_cuda,False,1,10,0,True,True,11,2
000000393093.jpg,NANO,onnx_cuda,False,1,2,0,True,True,13,9
000000393115.jpg,NANO,onnx_cuda,False,1,10,0,True,True,22,2
000000393226.jpg,NANO,onnx_cuda,False,1,11,0,True,True,49,15
000000393282.jpg,NANO,onnx_cuda,False,0,0,0,False,False,20,2
000000393469.jpg,NANO,onnx_cuda,False,1,6,1,True,True,7,4
000000393569.jpg,NANO,onnx_cuda,False,0,0,1,True,False,15,10
000000393838.jpg,NANO,onnx_cuda,False,0,0,0,False,False,10,15
000000394199.jpg,NANO,onnx_cuda,False,2,18,0,True,True,20,2
000000394206.jpg,NANO,onnx_cuda,False,1,13,10,True,True,22,14
000000394275.jpg,NANO,onnx_cuda,False,0,1,9,True,True,12,10
000000394328.jpg,NANO,onnx_cuda,False,0,0,0,False,False,10,1
000000394510.jpg,NANO,onnx_cuda,False,2,15,1,True,True,27,6
000000394559.jpg,NANO,onnx_cuda,False,1,12,0,True,True,21,2
000000394611.jpg,NANO,onnx_cuda,False,0,0,0,False,False,17,2
000000394677.jpg,NANO,onnx_cuda,False,3,26,1,True,True,34,12
000000394940.jpg,NANO,onnx_cuda,False,1,9,0,True,True,30,4
000000395180.jpg,NANO,onnx_cuda,False,1,8,6,True,True,11,9
000000395343.jpg,NANO,onnx_cuda,False,0,0,0,False,False,37,7
000000395388.jpg,NANO,onnx_cuda,False,3,16,5,True,True,19,12
000000395575.jpg,NANO,onnx_cuda,False,0,9,1,True,True,9,2
000000395633.jpg,NANO,onnx_cuda,False,0,0,2,True,False,11,3
000000395701.jpg,NANO,onnx_cuda,False,0,0,0,False,False,35,19
000000395801.jpg,NANO,onnx_cuda,False,5,27,8,True,True,34,25
000000395903.jpg,NANO,onnx_cuda,False,1,9,0,True,True,12,2
000000396200.jpg,NANO,onnx_cuda,False,2,18,0,True,True,27,14
000000396205.jpg,NANO,onnx_cuda,False,0,0,0,False,False,20,2
000000396274.jpg,NANO,onnx_cuda,False,0,0,0,False,False,0,1
000000396338.jpg,NANO,onnx_cuda,False,2,16,4,True,True,36,12
000000396518.jpg,NANO,onnx_cuda,False,1,10,0,True,True,13,2
000000396526.jpg,NANO,onnx_cuda,False,0,0,0,False,False,28,11
000000396568.jpg,NANO,onnx_cuda,False,0,0,0,False,False,8,1
000000396580.jpg,NANO,onnx_cuda,False,0,0,0,False,False,0,2
000000396729.jpg,NANO,onnx_cuda,False,0,0,0,False,False,13,5
000000396863.jpg,NANO,onnx_cuda,False,1,7,1,True,True,23,4
000000396903.jpg,NANO,onnx_cuda,False,0,0,2,True,False,11,3
000000397133.jpg,NANO,onnx_cuda,False,1,9,1,True,True,26,19
000000397279.jpg,NANO,onnx_cuda,False,1,9,0,True,True,12,3
000000397303.jpg,NANO,onnx_cuda,False,2,18,11,True,True,23,38
000000397327.jpg,NANO,onnx_cuda,False,0,0,0,False,False,18,2
000000397351.jpg,NANO,onnx_cuda,False,1,10,1,True,True,15,12
000000397354.jpg,NANO,onnx_cuda,False,5,44,1,True,True,69,35
000000397639.jpg,NANO,onnx_cuda,False,0,0,0,False,False,20,2
000000397681.jpg,NANO,onnx_cuda,False,1,6,0,True,True,7,28
000000398028.jpg,NANO,onnx_cuda,False,3,28,8,True,True,42,12
000000398203.jpg,NANO,onnx_cuda,False,5,50,7,True,True,66,13
000000398237.jpg,NANO,onnx_cuda,False,1,8,0,True,True,22,5
000000398377.jpg,NANO,onnx_cuda,False,3,26,2,True,True,29,14
000000398438.jpg,NANO,onnx_cuda,False,1,9,0,True,True,10,3
000000398652.jpg,NANO,onnx_cuda,False,0,0,0,False,False,15,13
000000398742.jpg,NANO,onnx_cuda,False,3,28,2,True,True,31,8
000000398810.jpg,NANO,onnx_cuda,False,0,0,0,False,False,13,2
000000398905.jpg,NANO,onnx_cuda,False,1,5,0,True,True,9,1
000000399205.jpg,NANO,onnx_cuda,False,6,50,7,True,True,56,16
000000399296.jpg,NANO,onnx_cuda,False,0,0,1,True,False,0,12
000000399462.jpg,NANO,onnx_cuda,False,3,27,0,True,True,38,4
000000399560.jpg,NANO,onnx_cuda,False,0,0,0,False,False,10,2
000000399655.jpg,NANO,onnx_cuda,False,0,0,0,False,False,10,2
000000399764.jpg,NANO,onnx_cuda,False,1,9,0,True,True,13,2
000000400044.jpg,NANO,onnx_cuda,False,1,9,0,True,True,20,2
000000400082.jpg,NANO,onnx_cuda,False,0,0,0,False,False,8,4
000000400161.jpg,NANO,onnx_cuda,False,1,9,0,True,True,10,18
000000400367.jpg,NANO,onnx_cuda,False,0,0,0,False,False,32,18
000000400573.jpg,NANO,onnx_cuda,False,1,9,3,True,True,10,5
000000400794.jpg,NANO,onnx_cuda,False,1,9,0,True,True,10,5
000000400803.jpg,NANO,onnx_cuda,False,0,0,2,True,False,12,3
000000400815.jpg,NANO,onnx_cuda,False,1,9,0,True,True,11,3
000000400922.jpg,NANO,onnx_cuda,False,0,0,0,False,False,3,2
000000401244.jpg,NANO,onnx_cuda,False,1,9,0,True,True,22,2
000000401250.jpg,NANO,onnx_cuda,False,1,10,0,True,True,20,2
000000401446.jpg,NANO,onnx_cuda,False,1,7,0,True,True,16,3
000000401862.jpg,NANO,onnx_cuda,False,6,46,2,True,True,55,10
000000401991.jpg,NANO,onnx_cuda,False,0,0,0,False,False,36,4
000000402096.jpg,NANO,onnx_cuda,False,0,0,0,False,False,0,0
000000402118.jpg,NANO,onnx_cuda,False,1,8,0,True,True,21,2
000000402334.jpg,NANO,onnx_cuda,False,0,0,0,False,False,2,2
000000402346.jpg,NANO,onnx_cuda,False,0,0,0,False,False,16,3
000000402433.jpg,NANO,onnx_cuda,False,0,0,1,True,False,0,3
000000402473.jpg,NANO,onnx_cuda,False,0,0,0,False,False,10,2
000000402519.jpg,NANO,onnx_cuda,False,0,0,0,False,False,3,1
000000402615.jpg,NANO,onnx_cuda,False,1,6,12,True,True,7,19
000000402720.jpg,NANO,onnx_cuda,False,3,31,0,True,True,74,15
000000402765.jpg,NANO,onnx_cuda,False,0,0,1,True,False,10,2
000000402774.jpg,NANO,onnx_cuda,False,1,9,0,True,True,19,3
000000402783.jpg,NANO,onnx_cuda,False,0,0,0,False,False,0,2
000000402992.jpg,NANO,onnx_cuda,False,0,0,0,False,False,59,10
000000403122.jpg,NANO,onnx_cuda,False,4,23,8,True,True,35,16
000000403353.jpg,NANO,onnx_cuda,False,0,0,0,False,False,17,2
000000403385.jpg,NANO,onnx_cuda,False,0,0,0,False,False,18,2
000000403565.jpg,NANO,onnx_cuda,False,2,20,0,True,True,25,3
000000403584.jpg,NANO,onnx_cuda,False,2,12,6,True,True,35,9
000000403817.jpg,NANO,onnx_cuda,False,0,0,0,False,False,10,3
000000404128.jpg,NANO,onnx_cuda,False,0,0,0,False,False,10,1
000000404191.jpg,NANO,onnx_cuda,False,0,0,0,False,False,9,1
000000404249.jpg,NANO,onnx_cuda,False,1,9,0,True,True,19,2
000000404479.jpg,NANO,onnx_cuda,False,0,0,0,False,False,10,3
000000404484.jpg,NANO,onnx_cuda,False,0,0,1,True,False,19,5
000000404534.jpg,NANO,onnx_cuda,False,0,0,0,False,False,0,1
000000404568.jpg,NANO,onnx_cuda,False,0,0,0,False,False,10,1
000000404601.jpg,NANO,onnx_cuda,False,0,0,0,False,False,0,0
000000404678.jpg,NANO,onnx_cuda,False,3,26,6,True,True,52,24
000000404805.jpg,NANO,onnx_cuda,False,1,8,0,True,True,17,2
000000404839.jpg,NANO,onnx_cuda,False,2,18,0,True,True,20,5
000000404922.jpg,NANO,onnx_cuda,False,3,24,0,True,True,34,5
000000404923.jpg,NANO,onnx_cuda,False,4,21,0,True,True,35,5
000000405195.jpg,NANO,onnx_cuda,False,1,8,1,True,True,15,17
000000405205.jpg,NANO,onnx_cuda,False,0,0,0,False,False,20,3
000000405249.jpg,NANO,onnx_cuda,False,8,52,2,True,True,75,18
000000405279.jpg,NANO,onnx_cuda,False,3,3,1,True,True,22,19
000000405306.jpg,NANO,onnx_cuda,False,0,0,0,False,False,12,2
000000405432.jpg,NANO,onnx_cuda,False,0,0,0,False,False,0,4
000000405691.jpg,NANO,onnx_cuda,False,0,0,0,False,False,58,13
000000405970.jpg,NANO,onnx_cuda,False,0,0,0,False,False,17,8
000000405972.jpg,NANO,onnx_cuda,False,0,0,0,False,False,19,3
000000406129.jpg,NANO,onnx_cuda,False,1,9,0,True,True,20,3
000000406417.jpg,NANO,onnx_cuda,False,3,26,0,True,True,29,6
000000406570.jpg,NANO,onnx_cuda,False,0,0,0,False,False,16,7
000000406611.jpg,NANO,onnx_cuda,False,2,24,10,True,True,26,24
000000406997.jpg,NANO,onnx_cuda,False,5,22,0,True,True,36,7
000000407002.jpg,NANO,onnx_cuda,False,1,7,0,True,True,18,2
000000407083.jpg,NANO,onnx_cuda,False,1,8,0,True,True,19,3
000000407298.jpg,NANO,onnx_cuda,False,1,6,0,True,True,9,3
000000407403.jpg,NANO,onnx_cuda,False,0,0,0,False,False,9,1
000000407518.jpg,NANO,onnx_cuda,False,0,0,0,False,False,10,1
000000407524.jpg,NANO,onnx_cuda,False,0,0,0,False,False,11,3
000000407574.jpg,NANO,onnx_cuda,False,0,9,0,False,True,9,2
000000407614.jpg,NANO,onnx_cuda,False,0,0,0,False,False,21,13
000000407646.jpg,NANO,onnx_cuda,False,1,9,0,True,True,27,3
000000407650.jpg,NANO,onnx_cuda,False,1,10,0,True,True,11,2
000000407825.jpg,NANO,onnx_cuda,False,0,0,0,False,False,17,5
000000407868.jpg,NANO,onnx_cuda,False,2,9,1,True,True,22,8
000000407943.jpg,NANO,onnx_cuda,False,0,10,3,True,True,10,4
000000407960.jpg,NANO,onnx_cuda,False,0,0,0,False,False,11,3
000000408112.jpg,NANO,onnx_cuda,False,0,4,8,True,True,16,10
000000408120.jpg,NANO,onnx_cuda,False,1,8,0,True,True,10,5
000000408696.jpg,NANO,onnx_cuda,False,3,21,1,True,True,32,5
000000408774.jpg,NANO,onnx_cuda,False,4,28,0,True,True,32,6
000000408830.jpg,NANO,onnx_cuda,False,3,18,1,True,True,21,4
000000409198.jpg,NANO,onnx_cuda,False,1,10,0,True,True,21,6
000000409211.jpg,NANO,onnx_cuda,False,8,53,5,True,True,79,15
000000409268.jpg,NANO,onnx_cuda,False,0,0,0,False,False,10,1
000000409358.jpg,NANO,onnx_cuda,False,0,0,0,False,False,16,2
000000409424.jpg,NANO,onnx_cuda,False,0,0,0,False,False,8,6
000000409475.jpg,NANO,onnx_cuda,False,2,17,0,True,True,22,2
000000409542.jpg,NANO,onnx_cuda,False,5,33,1,True,True,54,8
000000409630.jpg,NANO,onnx_cuda,False,0,0,0,False,False,36,3
000000409867.jpg,NANO,onnx_cuda,False,0,0,0,False,False,8,2
000000410221.jpg,NANO,onnx_cuda,False,0,0,0,False,False,2,1
000000410428.jpg,NANO,onnx_cuda,False,0,0,0,False,False,31,10
000000410456.jpg,NANO,onnx_cuda,False,6,37,1,True,True,44,11
000000410487.jpg,NANO,onnx_cuda,False,0,0,0,False,False,0,1
000000410496.jpg,NANO,onnx_cuda,False,6,22,7,True,True,32,17
000000410510.jpg,NANO,onnx_cuda,False,1,8,0,True,True,9,3
000000410612.jpg,NANO,onnx_cuda,False,0,0,0,False,False,11,1
000000410650.jpg,NANO,onnx_cuda,False,3,21,10,True,True,24,28
000000410712.jpg,NANO,onnx_cuda,False,0,0,1,True,False,0,5
000000410735.jpg,NANO,onnx_cuda,False,0,0,1,True,False,25,6
000000410878.jpg,NANO,onnx_cuda,False,1,10,0,True,True,11,3
000000410880.jpg,NANO,onnx_cuda,False,0,0,1,True,False,14,10
000000410934.jpg,NANO,onnx_cuda,False,0,0,0,False,False,0,1
000000411530.jpg,NANO,onnx_cuda,False,6,41,7,True,True,47,21
000000411665.jpg,NANO,onnx_cuda,False,0,0,0,False,False,10,2
000000411754.jpg,NANO,onnx_cuda,False,4,25,1,True,True,29,8
000000411774.jpg,NANO,onnx_cuda,False,0,0,1,True,False,6,2
000000411817.jpg,NANO,onnx_cuda,False,5,36,3,True,True,51,16
000000411938.jpg,NANO,onnx_cuda,False,7,59,6,True,True,66,17
000000411953.jpg,NANO,onnx_cuda,False,1,9,1,True,True,11,3
000000412240.jpg,NANO,onnx_cuda,False,0,0,0,False,False,0,1
000000412286.jpg,NANO,onnx_cuda,False,1,9,0,True,True,15,3
000000412362.jpg,NANO,onnx_cuda,False,3,26,0,True,True,43,7
000000412531.jpg,NANO,onnx_cuda,False,0,0,0,False,False,17,4
000000412887.jpg,NANO,onnx_cuda,False,0,0,0,False,False,10,1
000000412894.jpg,NANO,onnx_cuda,False,4,51,9,True,True,64,19
000000413247.jpg,NANO,onnx_cuda,False,0,0,0,False,False,27,5
000000413395.jpg,NANO,onnx_cuda,False,0,0,1,True,False,10,5
000000413404.jpg,NANO,onnx_cuda,False,2,9,0,True,True,21,12
000000413552.jpg,NANO,onnx_cuda,False,2,12,0,True,True,14,3
000000413689.jpg,NANO,onnx_cuda,False,3,14,6,True,True,48,17
000000414034.jpg,NANO,onnx_cuda,False,1,9,0,True,True,13,5
000000414133.jpg,NANO,onnx_cuda,False,0,0,0,False,False,20,7
000000414170.jpg,NANO,onnx_cuda,False,3,20,0,True,True,24,7
000000414261.jpg,NANO,onnx_cuda,False,0,0,0,False,False,8,2
000000414340.jpg,NANO,onnx_cuda,False,0,0,0,False,False,0,1
000000414385.jpg,NANO,onnx_cuda,False,1,9,0,True,True,31,9
000000414510.jpg,NANO,onnx_cuda,False,1,12,3,True,True,52,13
000000414638.jpg,NANO,onnx_cuda,False,0,0,0,False,False,32,6
000000414673.jpg,NANO,onnx_cuda,False,6,53,7,True,True,59,24
000000414676.jpg,NANO,onnx_cuda,False,0,0,0,False,False,0,2
000000414795.jpg,NANO,onnx_cuda,False,2,1,5,True,True,19,20
000000415194.jpg,NANO,onnx_cuda,False,0,0,0,False,False,26,11
000000415238.jpg,NANO,onnx_cuda,False,0,0,0,False,False,21,3
000000415536.jpg,NANO,onnx_cuda,False,0,0,1,True,False,10,2
000000415716.jpg,NANO,onnx_cuda,False,0,0,0,False,False,34,7
000000415727.jpg,NANO,onnx_cuda,False,3,13,0,True,True,27,11
000000415741.jpg,NANO,onnx_cuda,False,0,0,0,False,False,5,6
000000415748.jpg,NANO,onnx_cuda,False,0,5,1,True,True,15,2
000000415882.jpg,NANO,onnx_cuda,False,0,10,1,True,True,13,2
000000415990.jpg,NANO,onnx_cuda,False,2,21,0,True,True,60,16
000000416104.jpg,NANO,onnx_cuda,False,6,39,5,True,True,107,36
000000416170.jpg,NANO,onnx_cuda,False,0,0,0,False,False,0,2
000000416256.jpg,NANO,onnx_cuda,False,0,0,0,False,False,13,3
000000416269.jpg,NANO,onnx_cuda,False,0,0,0,False,False,10,1
000000416330.jpg,NANO,onnx_cuda,False,0,0,0,False,False,15,2
000000416343.jpg,NANO,onnx_cuda,False,2,19,1,True,True,31,7
000000416451.jpg,NANO,onnx_cuda,False,2,20,0,True,True,25,27
000000416534.jpg,NANO,onnx_cuda,False,0,0,0,False,False,21,18
000000416745.jpg,NANO,onnx_cuda,False,0,0,0,False,False,10,2
000000416758.jpg,NANO,onnx_cuda,False,0,0,0,False,False,27,4
000000416837.jpg,NANO,onnx_cuda,False,0,0,0,False,False,3,1
000000416885.jpg,NANO,onnx_cuda,False,0,0,0,False,False,20,10
000000416991.jpg,NANO,onnx_cuda,False,0,0,0,False,False,5,38
000000417043.jpg,NANO,onnx_cuda,False,0,0,0,False,False,10,1
000000417085.jpg,NANO,onnx_cuda,False,0,0,0,False,False,20,2
000000417249.jpg,NANO,onnx_cuda,False,3,28,2,True,True,38,9
000000417285.jpg,NANO,onnx_cuda,False,0,4,1,True,True,40,6
000000417465.jpg,NANO,onnx_cuda,False,0,0,0,False,False,10,1
000000417608.jpg,NANO,onnx_cuda,False,0,0,0,False,False,17,9
000000417632.jpg,NANO,onnx_cuda,False,2,24,4,True,True,55,17
000000417779.jpg,NANO,onnx_cuda,False,0,0,1,True,False,21,6
000000417876.jpg,NANO,onnx_cuda,False,0,0,0,False,False,17,6
000000417911.jpg,NANO,onnx_cuda,False,1,9,0,True,True,22,2
000000418062.jpg,NANO,onnx_cuda,False,2,19,1,True,True,21,5
000000418281.jpg,NANO,onnx_cuda,False,0,0,0,False,False,11,2
000000418696.jpg,NANO,onnx_cuda,False,0,0,0,False,False,1,9
000000418959.jpg,NANO,onnx_cuda,False,0,0,0,False,False,10,1
000000418961.jpg,NANO,onnx_cuda,False,0,0,0,False,False,9,1
000000419096.jpg,NANO,onnx_cuda,False,0,0,0,False,False,10,1
000000419098.jpg,NANO,onnx_cuda,False,0,0,0,False,False,0,3
000000419201.jpg,NANO,onnx_cuda,False,0,3,0,False,True,3,7
000000419312.jpg,NANO,onnx_cuda,False,0,0,0,False,False,45,12
000000419379.jpg,NANO,onnx_cuda,False,0,0,1,True,False,0,5
000000419408.jpg,NANO,onnx_cuda,False,2,18,0,True,True,37,12
000000419601.jpg,NANO,onnx_cuda,False,0,0,0,False,False,8,9
000000419653.jpg,NANO,onnx_cuda,False,0,0,0,False,False,49,19
000000419882.jpg,NANO,onnx_cuda,False,0,0,0,False,False,17,7
000000419974.jpg,NANO,onnx_cuda,False,1,9,1,True,True,17,25
000000420069.jpg,NANO,onnx_cuda,False,5,24,5,True,True,31,16
000000420230.jpg,NANO,onnx_cuda,False,0,0,0,False,False,10,1
000000420281.jpg,NANO,onnx_cuda,False,3,20,0,True,True,23,4
000000420472.jpg,NANO,onnx_cuda,False,0,0,0,False,False,21,2
000000420840.jpg,NANO,onnx_cuda,False,1,9,2,True,True,16,6
000000420916.jpg,NANO,onnx_cuda,False,2,21,1,True,True,31,5
000000421060.jpg,NANO,onnx_cuda,False,1,10,12,True,True,11,14
000000421455.jpg,NANO,onnx_cuda,False,0,0,1,True,False,11,5
000000421757.jpg,NANO,onnx_cuda,False,0,0,1,True,False,16,3
000000421834.jpg,NANO,onnx_cuda,False,0,0,0,False,False,0,1
000000421923.jpg,NANO,onnx_cuda,False,0,0,0,False,False,6,13
000000422670.jpg,NANO,onnx_cuda,False,1,0,1,True,True,1,4
000000422706.jpg,NANO,onnx_cuda,False,0,10,4,True,True,12,6
000000422836.jpg,NANO,onnx_cuda,False,2,17,2,True,True,19,22
000000422886.jpg,NANO,onnx_cuda,False,1,5,0,True,True,6,3
000000422998.jpg,NANO,onnx_cuda,False,1,19,0,True,True,69,5
000000423104.jpg,NANO,onnx_cuda,False,1,12,0,True,True,13,2
000000423123.jpg,NANO,onnx_cuda,False,0,0,4,True,False,2,7
000000423229.jpg,NANO,onnx_cuda,False,0,8,10,True,True,17,12
000000423506.jpg,NANO,onnx_cuda,False,2,18,0,True,True,43,5
000000423519.jpg,NANO,onnx_cuda,False,0,0,0,False,False,10,1
000000423617.jpg,NANO,onnx_cuda,False,1,4,5,True,True,63,12
000000423798.jpg,NANO,onnx_cuda,False,0,0,0,False,False,0,7
000000423944.jpg,NANO,onnx_cuda,False,0,19,0,False,True,19,1
000000423971.jpg,NANO,onnx_cuda,False,0,0,0,False,False,3,1
000000424135.jpg,NANO,onnx_cuda,False,0,0,2,True,False,3,3
000000424162.jpg,NANO,onnx_cuda,False,3,17,4,True,True,41,13
000000424349.jpg,NANO,onnx_cuda,False,2,17,0,True,True,19,6
000000424521.jpg,NANO,onnx_cuda,False,1,16,0,True,True,19,2
000000424545.jpg,NANO,onnx_cuda,False,0,0,0,False,False,13,1
000000424551.jpg,NANO,onnx_cuda,False,2,12,0,True,True,24,3
000000424642.jpg,NANO,onnx_cuda,False,2,17,1,True,True,19,7
000000424721.jpg,NANO,onnx_cuda,False,0,0,0,False,False,7,7
000000424776.jpg,NANO,onnx_cuda,False,0,0,0,False,False,10,1
000000424975.jpg,NANO,onnx_cuda,False,0,2,2,True,True,2,4
000000425221.jpg,NANO,onnx_cuda,False,1,8,1,True,True,10,23
000000425226.jpg,NANO,onnx_cuda,False,1,9,0,True,True,19,13
000000425227.jpg,NANO,onnx_cuda,False,2,3,0,True,True,14,5
000000425361.jpg,NANO,onnx_cuda,False,1,8,0,True,True,30,9
000000425390.jpg,NANO,onnx_cuda,False,0,0,0,False,False,10,2
000000425702.jpg,NANO,onnx_cuda,False,1,8,0,True,True,11,2
000000425906.jpg,NANO,onnx_cuda,False,2,6,11,True,True,14,14
000000425925.jpg,NANO,onnx_cuda,False,0,0,2,True,False,14,12
000000426166.jpg,NANO,onnx_cuda,False,1,8,0,True,True,9,1
000000426203.jpg,NANO,onnx_cuda,False,1,7,1,True,True,11,8
000000426241.jpg,NANO,onnx_cuda,False,1,5,0,True,True,36,7
000000426253.jpg,NANO,onnx_cuda,False,0,0,0,False,False,19,2
000000426268.jpg,NANO,onnx_cuda,False,1,4,0,True,True,15,4
000000426297.jpg,NANO,onnx_cuda,False,0,0,0,False,False,10,1
000000426329.jpg,NANO,onnx_cuda,False,0,0,0,False,False,7,15
000000426372.jpg,NANO,onnx_cuda,False,0,0,1,True,False,11,5
000000426376.jpg,NANO,onnx_cuda,False,1,11,0,True,True,12,2
000000426795.jpg,NANO,onnx_cuda,False,1,20,0,True,True,21,2
000000426836.jpg,NANO,onnx_cuda,False,1,5,0,True,True,6,2
000000427034.jpg,NANO,onnx_cuda,False,0,0,1,True,False,11,5
000000427055.jpg,NANO,onnx_cuda,False,0,1,0,False,True,4,9
000000427077.jpg,NANO,onnx_cuda,False,1,9,0,True,True,10,2
000000427160.jpg,NANO,onnx_cuda,False,3,30,0,True,True,33,6
000000427256.jpg,NANO,onnx_cuda,False,4,31,9,True,True,38,15
000000427338.jpg,NANO,onnx_cuda,False,0,0,4,True,False,0,4
000000427500.jpg,NANO,onnx_cuda,False,0,0,0,False,False,9,2
000000427649.jpg,NANO,onnx_cuda,False,0,0,0,False,False,0,1
000000427655.jpg,NANO,onnx_cuda,False,1,1,6,True,True,14,14
000000427997.jpg,NANO,onnx_cuda,False,2,17,11,True,True,19,17
000000428111.jpg,NANO,onnx_cuda,False,1,8,4,True,True,11,7
000000428218.jpg,NANO,onnx_cuda,False,2,17,0,True,True,19,3
000000428280.jpg,NANO,onnx_cuda,False,0,0,0,False,False,7,7
000000428454.jpg,NANO,onnx_cuda,False,1,9,0,True,True,19,5
000000428562.jpg,NANO,onnx_cuda,False,0,0,6,True,False,24,15
000000428867.jpg,NANO,onnx_cuda,False,0,0,0,False,False,30,7
000000429011.jpg,NANO,onnx_cuda,False,0,0,0,False,False,19,4
000000429109.jpg,NANO,onnx_cuda,False,0,0,5,True,False,19,10
000000429281.jpg,NANO,onnx_cuda,False,0,0,0,False,False,9,18
000000429530.jpg,NANO,onnx_cuda,False,0,0,0,False,False,37,4
000000429598.jpg,NANO,onnx_cuda,False,0,0,0,False,False,12,4
000000429623.jpg,NANO,onnx_cuda,False,0,0,0,False,False,18,4
000000429690.jpg,NANO,onnx_cuda,False,8,51,2,True,True,59,14
000000429718.jpg,NANO,onnx_cuda,False,0,0,1,True,False,10,2
000000429761.jpg,NANO,onnx_cuda,False,2,16,0,True,True,18,4
000000430048.jpg,NANO,onnx_cuda,False,0,0,0,False,False,8,2
000000430056.jpg,NANO,onnx_cuda,False,0,0,0,False,False,5,3
000000430073.jpg,NANO,onnx_cuda,False,5,42,8,True,True,59,27
000000430286.jpg,NANO,onnx_cuda,False,0,0,0,False,False,20,4
000000430377.jpg,NANO,onnx_cuda,False,2,10,0,True,True,25,4
000000430871.jpg,NANO,onnx_cuda,False,0,0,0,False,False,15,2
000000430875.jpg,NANO,onnx_cuda,False,0,0,0,False,False,16,3
000000430961.jpg,NANO,onnx_cuda,False,2,38,0,True,True,41,4
000000430973.jpg,NANO,onnx_cuda,False,0,0,0,False,False,10,1
000000431140.jpg,NANO,onnx_cuda,False,0,0,0,False,False,19,2
000000431545.jpg,NANO,onnx_cuda,False,2,19,0,True,True,21,4
000000431568.jpg,NANO,onnx_cuda,False,0,0,0,False,False,0,5
000000431693.jpg,NANO,onnx_cuda,False,1,9,0,True,True,11,5
000000431727.jpg,NANO,onnx_cuda,False,0,0,0,False,False,0,2
000000431848.jpg,NANO,onnx_cuda,False,2,10,0,True,True,21,3
000000431876.jpg,NANO,onnx_cuda,False,1,6,6,True,True,36,11
000000431896.jpg,NANO,onnx_cuda,False,0,0,0,False,False,10,1
000000432085.jpg,NANO,onnx_cuda,False,1,9,0,True,True,46,5
000000432468.jpg,NANO,onnx_cuda,False,0,0,0,False,False,22,2
000000432553.jpg,NANO,onnx_cuda,False,1,7,1,True,True,25,5
000000432898.jpg,NANO,onnx_cuda,False,1,9,12,True,True,21,35
000000433103.jpg,NANO,onnx_cuda,False,9,49,2,True,True,58,19
000000433134.jpg,NANO,onnx_cuda,False,0,0,0,False,False,10,1
000000433192.jpg,NANO,onnx_cuda,False,0,0,0,False,False,11,3
000000433204.jpg,NANO,onnx_cuda,False,3,10,3,True,True,13,8
000000433243.jpg,NANO,onnx_cuda,False,0,0,0,False,False,19,2
000000433374.jpg,NANO,onnx_cuda,False,0,0,0,False,False,28,6
000000433515.jpg,NANO,onnx_cuda,False,0,0,13,True,False,13,26
000000433774.jpg,NANO,onnx_cuda,False,0,0,0,False,False,11,7
000000433915.jpg,NANO,onnx_cuda,False,1,7,1,True,True,9,4
000000433980.jpg,NANO,onnx_cuda,False,1,9,0,True,True,10,2
000000434204.jpg,NANO,onnx_cuda,False,4,29,0,True,True,48,9
000000434230.jpg,NANO,onnx_cuda,False,0,0,4,True,False,1,20
000000434247.jpg,NANO,onnx_cuda,False,0,6,6,True,True,6,26
000000434297.jpg,NANO,onnx_cuda,False,0,0,0,False,False,0,4
000000434459.jpg,NANO,onnx_cuda,False,3,30,6,True,True,63,33
000000434479.jpg,NANO,onnx_cuda,False,0,0,0,False,False,1,4
000000434548.jpg,NANO,onnx_cuda,False,1,10,0,True,True,11,3
000000434996.jpg,NANO,onnx_cuda,False,0,0,0,False,False,15,5
000000435003.jpg,NANO,onnx_cuda,False,0,0,0,False,False,39,7
000000435081.jpg,NANO,onnx_cuda,False,0,0,0,False,False,4,62
000000435205.jpg,NANO,onnx_cuda,False,0,0,1,True,False,15,2
000000435206.jpg,NANO,onnx_cuda,False,2,5,1,True,True,7,15
000000435208.jpg,NANO,onnx_cuda,False,1,14,1,True,True,43,11
000000435299.jpg,NANO,onnx_cuda,False,0,0,0,False,False,13,2
000000435880.jpg,NANO,onnx_cuda,False,0,0,0,False,False,1,7
000000436315.jpg,NANO,onnx_cuda,False,0,0,0,False,False,13,1
000000436551.jpg,NANO,onnx_cuda,False,0,0,0,False,False,16,2
000000436617.jpg,NANO,onnx_cuda,False,4,39,9,True,True,54,33
000000436738.jpg,NANO,onnx_cuda,False,2,15,0,True,True,44,10
000000436883.jpg,NANO,onnx_cuda,False,0,1,6,True,True,28,12
000000437110.jpg,NANO,onnx_cuda,False,0,0,0,False,False,0,1
000000437205.jpg,NANO,onnx_cuda,False,1,9,0,True,True,10,3
000000437239.jpg,NANO,onnx_cuda,False,4,37,0,True,True,42,13
000000437331.jpg,NANO,onnx_cuda,False,1,9,0,True,True,10,2
000000437351.jpg,NANO,onnx_cuda,False,1,11,0,True,True,28,4
000000437392.jpg,NANO,onnx_cuda,False,0,0,0,False,False,6,1
000000437514.jpg,NANO,onnx_cuda,False,0,0,1,True,False,24,3
000000437898.jpg,NANO,onnx_cuda,False,0,0,0,False,False,26,13
000000438017.jpg,NANO,onnx_cuda,False,0,0,0,False,False,4,8
000000438226.jpg,NANO,onnx_cuda,False,0,0,0,False,False,26,6
000000438269.jpg,NANO,onnx_cuda,False,0,0,0,False,False,9,1
000000438304.jpg,NANO,onnx_cuda,False,2,16,0,True,True,31,5
000000438774.jpg,NANO,onnx_cuda,False,3,21,2,True,True,41,17
000000438862.jpg,NANO,onnx_cuda,False,5,31,1,True,True,39,10
000000438876.jpg,NANO,onnx_cuda,False,1,9,0,True,True,24,3
000000438907.jpg,NANO,onnx_cuda,False,2,19,0,True,True,30,4
000000438955.jpg,NANO,onnx_cuda,False,4,29,9,True,True,33,15
000000439180.jpg,NANO,onnx_cuda,False,7,11,6,True,True,65,26
000000439290.jpg,NANO,onnx_cuda,False,0,0,0,False,False,0,8
000000439426.jpg,NANO,onnx_cuda,False,1,10,2,True,True,11,4
000000439522.jpg,NANO,onnx_cuda,False,1,9,0,True,True,10,1
000000439525.jpg,NANO,onnx_cuda,False,1,9,0,True,True,31,7
000000439593.jpg,NANO,onnx_cuda,False,2,13,4,True,True,25,10
000000439623.jpg,NANO,onnx_cuda,False,0,0,0,False,False,32,7
000000439715.jpg,NANO,onnx_cuda,False,3,17,9,True,True,40,19
000000439773.jpg,NANO,onnx_cuda,False,1,10,0,True,True,25,3
000000439854.jpg,NANO,onnx_cuda,False,5,26,7,True,True,31,14
000000439994.jpg,NANO,onnx_cuda,False,2,18,11,True,True,20,23
000000440171.jpg,NANO,onnx_cuda,False,2,19,0,True,True,31,3
000000440184.jpg,NANO,onnx_cuda,False,4,36,1,True,True,41,13
000000440336.jpg,NANO,onnx_cuda,False,4,36,1,True,True,40,7
000000440475.jpg,NANO,onnx_cuda,False,0,0,1,True,False,16,26
000000440507.jpg,NANO,onnx_cuda,False,0,0,0,False,False,4,3
000000440508.jpg,NANO,onnx_cuda,False,0,0,0,False,False,10,1
000000440617.jpg,NANO,onnx_cuda,False,0,0,0,False,False,10,2
000000441247.jpg,NANO,onnx_cuda,False,1,9,1,True,True,38,24
000000441286.jpg,NANO,onnx_cuda,False,1,9,0,True,True,11,2
000000441442.jpg,NANO,onnx_cuda,False,2,14,0,True,True,26,4
000000441468.jpg,NANO,onnx_cuda,False,1,1,6,True,True,29,11
000000441491.jpg,NANO,onnx_cuda,False,2,20,1,True,True,22,5
000000441543.jpg,NANO,onnx_cuda,False,2,13,11,True,True,28,16
000000441553.jpg,NANO,onnx_cuda,False,7,57,6,True,True,76,17
000000441586.jpg,NANO,onnx_cuda,False,3,18,6,True,True,21,10
000000442009.jpg,NANO,onnx_cuda,False,0,0,0,False,False,0,4
000000442161.jpg,NANO,onnx_cuda,False,4,33,0,True,True,37,8
000000442306.jpg,NANO,onnx_cuda,False,1,9,0,True,True,19,2
000000442323.jpg,NANO,onnx_cuda,False,0,0,0,False,False,23,5
000000442456.jpg,NANO,onnx_cuda,False,2,20,0,True,True,30,9
000000442463.jpg,NANO,onnx_cuda,False,1,9,0,True,True,20,2
000000442480.jpg,NANO,onnx_cuda,False,0,0,2,True,False,1,4
000000442661.jpg,NANO,onnx_cuda,False,0,0,0,False,False,10,1
000000442746.jpg,NANO,onnx_cuda,False,1,12,0,True,True,13,6
000000442822.jpg,NANO,onnx_cuda,False,0,0,0,False,False,12,14
000000442836.jpg,NANO,onnx_cuda,False,3,27,0,True,True,38,4
000000442993.jpg,NANO,onnx_cuda,False,0,0,0,False,False,0,15
000000443303.jpg,NANO,onnx_cuda,False,0,0,0,False,False,16,3
000000443426.jpg,NANO,onnx_cuda,False,1,9,0,True,True,10,3
000000443498.jpg,NANO,onnx_cuda,False,0,0,0,False,False,10,1
000000443844.jpg,NANO,onnx_cuda,False,1,9,0,True,True,19,3
000000443969.jpg,NANO,onnx_cuda,False,3,32,3,True,True,42,7
000000444142.jpg,NANO,onnx_cuda,False,1,10,0,True,True,26,13
000000444275.jpg,NANO,onnx_cuda,False,0,0,0,False,False,8,1
000000444879.jpg,NANO,onnx_cuda,False,0,0,0,False,False,10,1
000000445248.jpg,NANO,onnx_cuda,False,0,0,0,False,False,30,3
000000445365.jpg,NANO,onnx_cuda,False,0,0,0,False,False,20,2
000000445439.jpg,NANO,onnx_cuda,False,0,0,0,False,False,10,1
000000445602.jpg,NANO,onnx_cuda,False,1,15,5,True,True,17,7
000000445658.jpg,NANO,onnx_cuda,False,0,0,0,False,False,35,12
000000445675.jpg,NANO,onnx_cuda,False,0,0,0,False,False,11,1
000000445722.jpg,NANO,onnx_cuda,False,1,10,1,True,True,11,6
000000445792.jpg,NANO,onnx_cuda,False,1,2,0,True,True,3,7
000000445834.jpg,NANO,onnx_cuda,False,3,27,1,True,True,40,5
000000445846.jpg,NANO,onnx_cuda,False,0,0,0,False,False,11,4
000000445999.jpg,NANO,onnx_cuda,False,1,9,0,True,True,10,2
000000446005.jpg,NANO,onnx_cuda,False,0,0,0,False,False,18,5
000000446117.jpg,NANO,onnx_cuda,False,0,0,0,False,False,1,2
000000446206.jpg,NANO,onnx_cuda,False,0,0,4,True,False,14,6
000000446207.jpg,NANO,onnx_cuda,False,0,0,0,False,False,0,1
000000446522.jpg,NANO,onnx_cuda,False,0,0,0,False,False,23,4
000000446574.jpg,NANO,onnx_cuda,False,0,0,0,False,False,10,3
000000446651.jpg,NANO,onnx_cuda,False,2,20,2,True,True,32,5
000000446703.jpg,NANO,onnx_cuda,False,0,0,0,False,False,10,1
000000447088.jpg,NANO,onnx_cuda,False,3,26,0,True,True,42,6
000000447169.jpg,NANO,onnx_cuda,False,0,0,0,False,False,19,4
000000447187.jpg,NANO,onnx_cuda,False,3,26,1,True,True,32,7
000000447200.jpg,NANO,onnx_cuda,False,0,0,0,False,False,20,1
000000447313.jpg,NANO,onnx_cuda,False,0,0,0,False,False,27,3
000000447314.jpg,NANO,onnx_cuda,False,3,28,7,True,True,31,11
000000447342.jpg,NANO,onnx_cuda,False,0,0,0,False,False,29,13
000000447465.jpg,NANO,onnx_cuda,False,2,13,0,True,True,16,4
000000447522.jpg,NANO,onnx_cuda,False,0,0,0,False,False,10,11
000000447611.jpg,NANO,onnx_cuda,False,1,10,1,True,True,21,6
000000447789.jpg,NANO,onnx_cuda,False,0,0,0,False,False,0,0
000000447917.jpg,NANO,onnx_cuda,False,2,17,3,True,True,28,6
000000448076.jpg,NANO,onnx_cuda,False,5,42,1,True,True,66,17
000000448256.jpg,NANO,onnx_cuda,False,3,29,0,True,True,32,6
000000448263.jpg,NANO,onnx_cuda,False,2,17,11,True,True,21,15
000000448365.jpg,NANO,onnx_cuda,False,1,9,1,True,True,21,3
000000448410.jpg,NANO,onnx_cuda,False,1,6,10,True,True,24,20
000000448448.jpg,NANO,onnx_cuda,False,0,0,0,False,False,11,2
000000448810.jpg,NANO,onnx_cuda,False,1,8,0,True,True,9,1
000000449190.jpg,NANO,onnx_cuda,False,0,0,0,False,False,18,5
000000449198.jpg,NANO,onnx_cuda,False,0,0,0,False,False,0,2
000000449312.jpg,NANO,onnx_cuda,False,1,9,0,True,True,29,5
000000449406.jpg,NANO,onnx_cuda,False,0,0,0,False,False,10,1
000000449432.jpg,NANO,onnx_cuda,False,8,55,4,True,True,69,17
000000449579.jpg,NANO,onnx_cuda,False,1,12,0,True,True,23,2
000000449603.jpg,NANO,onnx_cuda,False,0,0,1,True,False,0,2
000000449661.jpg,NANO,onnx_cuda,False,0,0,1,True,False,2,6
000000449909.jpg,NANO,onnx_cuda,False,1,9,0,True,True,10,2
000000449996.jpg,NANO,onnx_cuda,False,0,0,0,False,False,3,11
000000450075.jpg,NANO,onnx_cuda,False,3,33,0,True,True,36,4
000000450100.jpg,NANO,onnx_cuda,False,0,0,0,False,False,10,4
000000450202.jpg,NANO,onnx_cuda,False,0,0,2,True,False,35,7
000000450303.jpg,NANO,onnx_cuda,False,5,36,1,True,True,81,27
000000450399.jpg,NANO,onnx_cuda,False,3,33,10,True,True,44,30
000000450439.jpg,NANO,onnx_cuda,False,0,0,0,False,False,21,2
000000450488.jpg,NANO,onnx_cuda,False,0,0,0,False,False,18,4
000000450559.jpg,NANO,onnx_cuda,False,1,12,0,True,True,22,2
000000450686.jpg,NANO,onnx_cuda,False,1,9,0,True,True,20,2
000000450758.jpg,NANO,onnx_cuda,False,0,8,0,False,True,18,7
000000451043.jpg,NANO,onnx_cuda,False,1,9,0,True,True,10,2
000000451084.jpg,NANO,onnx_cuda,False,1,9,0,True,True,22,2
000000451090.jpg,NANO,onnx_cuda,False,0,0,0,False,False,12,1
000000451144.jpg,NANO,onnx_cuda,False,2,18,0,True,True,20,4
000000451150.jpg,NANO,onnx_cuda,False,0,0,0,False,False,60,6
000000451155.jpg,NANO,onnx_cuda,False,0,0,1,True,False,17,3
000000451308.jpg,NANO,onnx_cuda,False,0,0,0,False,False,0,22
000000451435.jpg,NANO,onnx_cuda,False,1,10,0,True,True,11,4
000000451571.jpg,NANO,onnx_cuda,False,0,0,0,False,False,3,3
000000451693.jpg,NANO,onnx_cuda,False,0,0,0,False,False,10,1
000000451714.jpg,NANO,onnx_cuda,False,1,8,4,True,True,17,6
000000451879.jpg,NANO,onnx_cuda,False,4,35,0,True,True,58,6
000000452084.jpg,NANO,onnx_cuda,False,0,0,0,False,False,6,5
000000452122.jpg,NANO,onnx_cuda,False,0,0,0,False,False,10,1
000000452321.jpg,NANO,onnx_cuda,False,0,7,0,False,True,26,4
000000452515.jpg,NANO,onnx_cuda,False,3,24,0,True,True,35,5
000000452784.jpg,NANO,onnx_cuda,False,1,6,0,True,True,11,6
000000452793.jpg,NANO,onnx_cuda,False,0,0,0,False,False,10,2
000000452891.jpg,NANO,onnx_cuda,False,0,0,0,False,False,12,2
000000453001.jpg,NANO,onnx_cuda,False,2,17,0,True,True,39,10
000000453040.jpg,NANO,onnx_cuda,False,0,0,0,False,False,0,2
000000453166.jpg,NANO,onnx_cuda,False,4,36,0,True,True,40,8
000000453302.jpg,NANO,onnx_cuda,False,0,0,0,False,False,16,7
000000453341.jpg,NANO,onnx_cuda,False,0,3,0,False,True,13,7
000000453584.jpg,NANO,onnx_cuda,False,0,17,0,False,True,28,7
000000453634.jpg,NANO,onnx_cuda,False,0,0,0,False,False,10,2
000000453708.jpg,NANO,onnx_cuda,False,7,47,2,True,True,58,14
000000453722.jpg,NANO,onnx_cuda,False,0,0,0,False,False,22,4
000000453841.jpg,NANO,onnx_cuda,False,0,0,2,True,False,41,15
000000453860.jpg,NANO,onnx_cuda,False,0,0,0,False,False,20,2
000000453981.jpg,NANO,onnx_cuda,False,0,0,0,False,False,10,2
000000454067.jpg,NANO,onnx_cuda,False,1,8,0,True,True,20,7
000000454404.jpg,NANO,onnx_cuda,False,1,9,0,True,True,10,5
000000454661.jpg,NANO,onnx_cuda,False,0,0,0,False,False,53,10
000000454750.jpg,NANO,onnx_cuda,False,0,0,0,False,False,20,2
000000454798.jpg,NANO,onnx_cuda,False,1,8,2,True,True,19,7
000000454978.jpg,NANO,onnx_cuda,False,1,10,0,True,True,11,1
000000455085.jpg,NANO,onnx_cuda,False,0,0,1,True,False,11,2
000000455157.jpg,NANO,onnx_cuda,False,1,1,0,True,True,17,8
000000455219.jpg,NANO,onnx_cuda,False,2,7,0,True,True,24,4
000000455267.jpg,NANO,onnx_cuda,False,0,0,0,False,False,7,15
000000455301.jpg,NANO,onnx_cuda,False,1,10,1,True,True,13,4
000000455352.jpg,NANO,onnx_cuda,False,0,0,0,False,False,10,2
000000455448.jpg,NANO,onnx_cuda,False,0,0,2,True,False,8,3
000000455555.jpg,NANO,onnx_cuda,False,2,18,0,True,True,21,3
000000455597.jpg,NANO,onnx_cuda,False,1,9,1,True,True,24,15
000000455624.jpg,NANO,onnx_cuda,False,10,67,4,True,True,77,14
000000455716.jpg,NANO,onnx_cuda,False,2,18,0,True,True,20,4
000000455872.jpg,NANO,onnx_cuda,False,0,0,0,False,False,0,2
000000455937.jpg,NANO,onnx_cuda,False,1,8,0,True,True,28,14
000000455981.jpg,NANO,onnx_cuda,False,0,0,0,False,False,10,1
000000456015.jpg,NANO,onnx_cuda,False,4,29,0,True,True,58,8
000000456143.jpg,NANO,onnx_cuda,False,0,0,0,False,False,3,8
000000456292.jpg,NANO,onnx_cuda,False,0,0,0,False,False,0,2
000000456303.jpg,NANO,onnx_cuda,False,1,6,2,True,True,7,6
000000456394.jpg,NANO,onnx_cuda,False,1,5,0,True,True,11,3
000000456496.jpg,NANO,onnx_cuda,False,1,15,0,True,True,16,5
000000456559.jpg,NANO,onnx_cuda,False,1,9,0,True,True,20,2
000000456662.jpg,NANO,onnx_cuda,False,1,8,0,True,True,9,2
000000456865.jpg,NANO,onnx_cuda,False,0,0,0,False,False,8,1
000000457078.jpg,NANO,onnx_cuda,False,1,8,0,True,True,13,18
000000457262.jpg,NANO,onnx_cuda,False,0,0,0,False,False,4,3
000000457559.jpg,NANO,onnx_cuda,False,4,35,2,True,True,46,7
000000457848.jpg,NANO,onnx_cuda,False,4,20,4,True,True,24,8
000000457884.jpg,NANO,onnx_cuda,False,3,26,1,True,True,29,10
000000458045.jpg,NANO,onnx_cuda,False,6,38,2,True,True,44,11
000000458054.jpg,NANO,onnx_cuda,False,0,0,0,False,False,60,10
000000458109.jpg,NANO,onnx_cuda,False,0,0,4,True,False,10,5
000000458223.jpg,NANO,onnx_cuda,False,1,9,1,True,True,10,4
000000458255.jpg,NANO,onnx_cuda,False,0,0,1,True,False,20,5
000000458325.jpg,NANO,onnx_cuda,False,2,10,10,True,True,85,34
000000458410.jpg,NANO,onnx_cuda,False,0,0,0,False,False,10,17
000000458663.jpg,NANO,onnx_cuda,False,0,0,0,False,False,17,21
000000458702.jpg,NANO,onnx_cuda,False,0,0,0,False,False,6,4
000000458755.jpg,NANO,onnx_cuda,False,1,8,3,True,True,16,6
000000458768.jpg,NANO,onnx_cuda,False,0,0,0,False,False,3,6
000000458790.jpg,NANO,onnx_cuda,False,0,0,0,False,False,7,0
000000458992.jpg,NANO,onnx_cuda,False,1,9,0,True,True,23,4
000000459153.jpg,NANO,onnx_cuda,False,1,10,0,True,True,21,4
000000459195.jpg,NANO,onnx_cuda,False,3,27,0,True,True,34,7
000000459272.jpg,NANO,onnx_cuda,False,5,26,5,True,True,31,11
000000459396.jpg,NANO,onnx_cuda,False,0,0,0,False,False,23,3
000000459437.jpg,NANO,onnx_cuda,False,1,2,0,True,True,11,6
000000459467.jpg,NANO,onnx_cuda,False,0,0,0,False,False,0,1
000000459500.jpg,NANO,onnx_cuda,False,0,0,0,False,False,11,4
000000459634.jpg,NANO,onnx_cuda,False,0,0,3,True,False,0,3
000000459662.jpg,NANO,onnx_cuda,False,2,17,0,True,True,19,5
000000459757.jpg,NANO,onnx_cuda,False,0,0,0,False,False,10,1
000000459809.jpg,NANO,onnx_cuda,False,5,0,1,True,True,7,8
000000459887.jpg,NANO,onnx_cuda,False,0,0,0,False,False,0,3
000000459954.jpg,NANO,onnx_cuda,False,0,0,1,True,False,15,10
000000460147.jpg,NANO,onnx_cuda,False,0,0,6,True,False,26,26
000000460160.jpg,NANO,onnx_cuda,False,0,0,0,False,False,12,1
000000460229.jpg,NANO,onnx_cuda,False,0,0,0,False,False,10,4
000000460333.jpg,NANO,onnx_cuda,False,1,4,0,True,True,8,4
000000460347.jpg,NANO,onnx_cuda,False,0,0,2,True,False,27,7
000000460379.jpg,NANO,onnx_cuda,False,0,0,0,False,False,25,3
000000460494.jpg,NANO,onnx_cuda,False,0,0,0,False,False,39,9
000000460682.jpg,NANO,onnx_cuda,False,0,5,0,False,True,5,1
000000460683.jpg,NANO,onnx_cuda,False,2,9,0,True,True,18,6
000000460841.jpg,NANO,onnx_cuda,False,0,0,1,True,False,10,4
000000460927.jpg,NANO,onnx_cuda,False,0,0,0,False,False,10,1
000000460929.jpg,NANO,onnx_cuda,False,0,0,0,False,False,11,2
000000460967.jpg,NANO,onnx_cuda,False,0,0,1,True,False,9,2
000000461009.jpg,NANO,onnx_cuda,False,6,46,0,True,True,59,10
000000461036.jpg,NANO,onnx_cuda,False,0,0,0,False,False,10,1
000000461275.jpg,NANO,onnx_cuda,False,0,0,0,False,False,0,0
000000461405.jpg,NANO,onnx_cuda,False,0,0,0,False,False,82,12
000000461573.jpg,NANO,onnx_cuda,False,0,0,0,False,False,10,2
000000461751.jpg,NANO,onnx_cuda,False,1,1,3,True,True,7,6
000000462031.jpg,NANO,onnx_cuda,False,1,9,1,True,True,13,3
000000462371.jpg,NANO,onnx_cuda,False,5,41,2,True,True,46,11
000000462576.jpg,NANO,onnx_cuda,False,0,0,0,False,False,26,7
000000462614.jpg,NANO,onnx_cuda,False,0,0,0,False,False,25,4
000000462629.jpg,NANO,onnx_cuda,False,0,0,0,False,False,29,9
000000462643.jpg,NANO,onnx_cuda,False,0,0,1,True,False,8,2
000000462728.jpg,NANO,onnx_cuda,False,1,4,0,True,True,7,3
000000462756.jpg,NANO,onnx_cuda,False,1,1,0,True,True,11,3
000000462904.jpg,NANO,onnx_cuda,False,0,0,10,True,False,8,38
000000463037.jpg,NANO,onnx_cuda,False,0,0,0,False,False,10,2
000000463174.jpg,NANO,onnx_cuda,False,1,9,0,True,True,22,3
000000463199.jpg,NANO,onnx_cuda,False,7,45,5,True,True,54,16
000000463283.jpg,NANO,onnx_cuda,False,0,0,0,False,False,32,4
000000463522.jpg,NANO,onnx_cuda,False,1,6,15,True,True,17,21
000000463527.jpg,NANO,onnx_cuda,False,0,0,0,False,False,37,11
000000463542.jpg,NANO,onnx_cuda,False,5,27,8,True,True,32,25
000000463618.jpg,NANO,onnx_cuda,False,1,8,1,True,True,23,5
000000463647.jpg,NANO,onnx_cuda,False,0,0,0,False,False,19,2
000000463690.jpg,NANO,onnx_cuda,False,4,33,0,True,True,37,6
000000463730.jpg,NANO,onnx_cuda,False,3,23,12,True,True,49,21
000000463802.jpg,NANO,onnx_cuda,False,1,21,0,True,True,22,3
000000463842.jpg,NANO,onnx_cuda,False,0,0,0,False,False,10,14
000000463849.jpg,NANO,onnx_cuda,False,0,0,5,True,False,10,24
000000463918.jpg,NANO,onnx_cuda,False,2,19,1,True,True,21,10
000000464089.jpg,NANO,onnx_cuda,False,4,38,6,True,True,54,14
000000464144.jpg,NANO,onnx_cuda,False,1,9,0,True,True,21,2
000000464251.jpg,NANO,onnx_cuda,False,0,0,0,False,False,8,3
000000464358.jpg,NANO,onnx_cuda,False,0,0,0,False,False,10,3
000000464476.jpg,NANO,onnx_cuda,False,1,9,0,True,True,24,4
000000464522.jpg,NANO,onnx_cuda,False,0,0,0,False,False,10,2
000000464689.jpg,NANO,onnx_cuda,False,0,0,0,False,False,0,13
000000464786.jpg,NANO,onnx_cuda,False,0,1,1,True,True,1,2
000000464824.jpg,NANO,onnx_cuda,False,1,11,0,True,True,12,3
000000464872.jpg,NANO,onnx_cuda,False,0,0,0,False,False,17,2
000000465129.jpg,NANO,onnx_cuda,False,0,0,1,True,False,11,15
000000465179.jpg,NANO,onnx_cuda,False,1,9,0,True,True,10,3
000000465180.jpg,NANO,onnx_cuda,False,1,3,5,True,True,28,12
000000465430.jpg,NANO,onnx_cuda,False,0,0,0,False,False,4,3
000000465549.jpg,NANO,onnx_cuda,False,2,18,0,True,True,21,12
000000465585.jpg,NANO,onnx_cuda,False,0,0,0,False,False,0,17
000000465675.jpg,NANO,onnx_cuda,False,0,0,0,False,False,11,3
000000465718.jpg,NANO,onnx_cuda,False,0,0,5,True,False,54,12
000000465806.jpg,NANO,onnx_cuda,False,2,23,1,True,True,36,14
000000465822.jpg,NANO,onnx_cuda,False,4,27,8,True,True,51,25
000000465836.jpg,NANO,onnx_cuda,False,3,27,0,True,True,35,7
000000466085.jpg,NANO,onnx_cuda,False,0,0,0,False,False,9,1
000000466125.jpg,NANO,onnx_cuda,False,2,20,1,True,True,28,9
000000466156.jpg,NANO,onnx_cuda,False,0,0,0,False,False,22,5
000000466256.jpg,NANO,onnx_cuda,False,0,0,0,False,False,8,12
000000466339.jpg,NANO,onnx_cuda,False,0,0,0,False,False,10,1
000000466416.jpg,NANO,onnx_cuda,False,0,0,0,False,False,0,14
000000466567.jpg,NANO,onnx_cuda,False,0,0,0,False,False,1,1
000000466602.jpg,NANO,onnx_cuda,False,1,9,0,True,True,10,3
000000466835.jpg,NANO,onnx_cuda,False,0,0,0,False,False,11,1
000000466986.jpg,NANO,onnx_cuda,False,2,19,0,True,True,34,7
000000467176.jpg,NANO,onnx_cuda,False,4,29,2,True,True,43,29
000000467315.jpg,NANO,onnx_cuda,False,0,0,1,True,False,25,7
000000467511.jpg,NANO,onnx_cuda,False,3,29,0,True,True,32,6
000000467776.jpg,NANO,onnx_cuda,False,0,2,0,False,True,24,8
000000467848.jpg,NANO,onnx_cuda,False,1,7,0,True,True,31,3
000000468124.jpg,NANO,onnx_cuda,False,0,0,1,True,False,10,3
000000468233.jpg,NANO,onnx_cuda,False,0,0,0,False,False,2,1
000000468245.jpg,NANO,onnx_cuda,False,0,0,0,False,False,10,1
000000468332.jpg,NANO,onnx_cuda,False,6,52,4,True,True,59,15
000000468501.jpg,NANO,onnx_cuda,False,3,19,0,True,True,22,11
000000468505.jpg,NANO,onnx_cuda,False,1,9,1,True,True,24,14
000000468577.jpg,NANO,onnx_cuda,False,0,0,1,True,False,4,2
000000468632.jpg,NANO,onnx_cuda,False,4,25,0,True,True,29,5
000000468925.jpg,NANO,onnx_cuda,False,0,0,0,False,False,18,7
000000468954.jpg,NANO,onnx_cuda,False,2,29,0,True,True,31,7
000000468965.jpg,NANO,onnx_cuda,False,6,46,4,True,True,60,15
000000469067.jpg,NANO,onnx_cuda,False,1,9,0,True,True,15,5
000000469174.jpg,NANO,onnx_cuda,False,0,0,0,False,False,16,1
000000469192.jpg,NANO,onnx_cuda,False,0,0,2,True,False,31,15
000000469246.jpg,NANO,onnx_cuda,False,1,2,6,True,True,22,9
000000469652.jpg,NANO,onnx_cuda,False,0,0,0,False,False,10,1
000000469828.jpg,NANO,onnx_cuda,False,1,7,0,True,True,8,2
000000470121.jpg,NANO,onnx_cuda,False,0,0,0,False,False,28,13
000000470173.jpg,NANO,onnx_cuda,False,0,0,2,True,False,1,2
000000470773.jpg,NANO,onnx_cuda,False,0,0,1,True,False,0,31
000000470779.jpg,NANO,onnx_cuda,False,5,38,0,True,True,46,10
000000470924.jpg,NANO,onnx_cuda,False,4,35,9,True,True,70,55
000000470952.jpg,NANO,onnx_cuda,False,7,27,1,True,True,35,12
000000471023.jpg,NANO,onnx_cuda,False,0,2,13,True,True,2,18
000000471087.jpg,NANO,onnx_cuda,False,1,9,0,True,True,18,2
000000471450.jpg,NANO,onnx_cuda,False,0,0,0,False,False,29,3
000000471567.jpg,NANO,onnx_cuda,False,0,0,3,True,False,10,4
000000471756.jpg,NANO,onnx_cuda,False,1,11,0,True,True,12,2
000000471789.jpg,NANO,onnx_cuda,False,4,11,8,True,True,23,15
000000471869.jpg,NANO,onnx_cuda,False,0,0,0,False,False,16,3
000000471893.jpg,NANO,onnx_cuda,False,2,18,1,True,True,42,31
000000471991.jpg,NANO,onnx_cuda,False,0,1,0,False,True,1,1
000000472030.jpg,NANO,onnx_cuda,False,0,0,0,False,False,0,1
000000472046.jpg,NANO,onnx_cuda,False,0,0,0,False,False,11,19
000000472298.jpg,NANO,onnx_cuda,False,1,7,1,True,True,15,3
000000472375.jpg,NANO,onnx_cuda,False,0,0,1,True,False,5,4
000000472623.jpg,NANO,onnx_cuda,False,4,24,0,True,True,28,4
000000472678.jpg,NANO,onnx_cuda,False,0,0,4,True,False,16,14
000000473015.jpg,NANO,onnx_cuda,False,0,0,0,False,False,0,5
000000473118.jpg,NANO,onnx_cuda,False,1,8,1,True,True,9,3
000000473121.jpg,NANO,onnx_cuda,False,1,7,0,True,True,8,2
000000473219.jpg,NANO,onnx_cuda,False,5,41,0,True,True,49,22
000000473237.jpg,NANO,onnx_cuda,False,1,9,0,True,True,10,3
000000473406.jpg,NANO,onnx_cuda,False,1,9,0,True,True,30,9
000000473821.jpg,NANO,onnx_cuda,False,0,0,0,False,False,25,4
000000473869.jpg,NANO,onnx_cuda,False,1,9,0,True,True,27,11
000000473974.jpg,NANO,onnx_cuda,False,0,0,0,False,False,37,5
000000474021.jpg,NANO,onnx_cuda,False,2,18,2,True,True,22,25
000000474028.jpg,NANO,onnx_cuda,False,9,69,4,True,True,79,14
000000474039.jpg,NANO,onnx_cuda,False,0,0,1,True,False,34,3
000000474078.jpg,NANO,onnx_cuda,False,4,37,0,True,True,41,8
000000474095.jpg,NANO,onnx_cuda,False,1,9,0,True,True,10,2
000000474164.jpg,NANO,onnx_cuda,False,0,0,0,False,False,14,3
000000474167.jpg,NANO,onnx_cuda,False,2,22,1,True,True,39,9
000000474170.jpg,NANO,onnx_cuda,False,0,0,0,False,False,13,2
000000474293.jpg,NANO,onnx_cuda,False,1,8,0,True,True,9,15
000000474344.jpg,NANO,onnx_cuda,False,2,20,0,True,True,22,3
000000474452.jpg,NANO,onnx_cuda,False,0,0,0,False,False,8,14
000000474786.jpg,NANO,onnx_cuda,False,0,0,0,False,False,24,6
000000474854.jpg,NANO,onnx_cuda,False,1,9,0,True,True,15,4
000000474881.jpg,NANO,onnx_cuda,False,0,0,0,False,False,17,4
000000475064.jpg,NANO,onnx_cuda,False,1,9,2,True,True,10,4
000000475150.jpg,NANO,onnx_cuda,False,0,0,0,False,False,10,1
000000475191.jpg,NANO,onnx_cuda,False,1,9,0,True,True,11,2
000000475223.jpg,NANO,onnx_cuda,False,0,0,0,False,False,9,2
000000475365.jpg,NANO,onnx_cuda,False,0,0,0,False,False,4,1
000000475387.jpg,NANO,onnx_cuda,False,1,0,10,True,True,11,16
000000475484.jpg,NANO,onnx_cuda,False,1,0,5,True,True,3,12
000000475572.jpg,NANO,onnx_cuda,False,0,0,2,True,False,21,6
000000475678.jpg,NANO,onnx_cuda,False,0,3,0,False,True,44,12
000000475732.jpg,NANO,onnx_cuda,False,0,0,0,False,False,0,1
000000475779.jpg,NANO,onnx_cuda,False,0,0,0,False,False,10,1
000000475904.jpg,NANO,onnx_cuda,False,0,0,0,False,False,14,2
000000476119.jpg,NANO,onnx_cuda,False,1,9,0,True,True,30,5
000000476215.jpg,NANO,onnx_cuda,False,1,8,0,True,True,23,3
000000476258.jpg,NANO,onnx_cuda,False,1,10,0,True,True,18,2
000000476415.jpg,NANO,onnx_cuda,False,1,9,0,True,True,19,2
000000476491.jpg,NANO,onnx_cuda,False,0,0,0,False,False,0,0
000000476514.jpg,NANO,onnx_cuda,False,2,18,0,True,True,20,5
000000476704.jpg,NANO,onnx_cuda,False,1,8,0,True,True,29,8
000000476770.jpg,NANO,onnx_cuda,False,4,27,9,True,True,31,16
000000476787.jpg,NANO,onnx_cuda,False,0,0,0,False,False,40,11
000000476810.jpg,NANO,onnx_cuda,False,0,0,0,False,False,20,9
000000477118.jpg,NANO,onnx_cuda,False,0,0,0,False,False,8,0
000000477227.jpg,NANO,onnx_cuda,False,0,0,1,True,False,0,8
000000477288.jpg,NANO,onnx_cuda,False,4,41,5,True,True,76,15
000000477441.jpg,NANO,onnx_cuda,False,0,0,3,True,False,8,4
000000477623.jpg,NANO,onnx_cuda,False,0,3,0,False,True,21,1
000000477689.jpg,NANO,onnx_cuda,False,1,9,0,True,True,18,2
000000477805.jpg,NANO,onnx_cuda,False,1,7,1,True,True,8,3
000000477955.jpg,NANO,onnx_cuda,False,1,9,0,True,True,10,4
000000478136.jpg,NANO,onnx_cuda,False,0,0,0,False,False,44,6
000000478286.jpg,NANO,onnx_cuda,False,0,0,0,False,False,0,1
000000478393.jpg,NANO,onnx_cuda,False,0,0,0,False,False,10,4
000000478420.jpg,NANO,onnx_cuda,False,2,17,0,True,True,19,3
000000478474.jpg,NANO,onnx_cuda,False,0,0,0,False,False,12,8
000000478721.jpg,NANO,onnx_cuda,False,3,19,2,True,True,32,13
000000478862.jpg,NANO,onnx_cuda,False,5,33,8,True,True,48,14
000000479030.jpg,NANO,onnx_cuda,False,0,0,0,False,False,10,12
000000479099.jpg,NANO,onnx_cuda,False,0,0,0,False,False,0,1
000000479126.jpg,NANO,onnx_cuda,False,2,18,0,True,True,38,8
000000479155.jpg,NANO,onnx_cuda,False,4,44,5,True,True,57,19
000000479248.jpg,NANO,onnx_cuda,False,0,0,2,True,False,17,26
000000479448.jpg,NANO,onnx_cuda,False,0,0,0,False,False,17,17
000000479596.jpg,NANO,onnx_cuda,False,0,0,0,False,False,0,14
000000479732.jpg,NANO,onnx_cuda,False,0,0,0,False,False,0,3
000000479912.jpg,NANO,onnx_cuda,False,0,0,3,True,False,13,7
000000479953.jpg,NANO,onnx_cuda,False,1,3,0,True,True,6,2
000000480021.jpg,NANO,onnx_cuda,False,5,50,1,True,True,55,9
000000480122.jpg,NANO,onnx_cuda,False,0,0,0,False,False,69,21
000000480212.jpg,NANO,onnx_cuda,False,0,0,0,False,False,15,2
000000480275.jpg,NANO,onnx_cuda,False,0,0,2,True,False,0,12
000000480842.jpg,NANO,onnx_cuda,False,0,0,0,False,False,18,2
000000480936.jpg,NANO,onnx_cuda,False,1,9,0,True,True,11,5
000000480944.jpg,NANO,onnx_cuda,False,0,0,0,False,False,32,14
000000480985.jpg,NANO,onnx_cuda,False,1,10,12,True,True,11,13
000000481159.jpg,NANO,onnx_cuda,False,0,0,0,False,False,0,1
000000481386.jpg,NANO,onnx_cuda,False,1,9,0,True,True,10,30
000000481390.jpg,NANO,onnx_cuda,False,10,58,3,True,True,68,34
000000481404.jpg,NANO,onnx_cuda,False,0,2,0,False,True,2,0
000000481413.jpg,NANO,onnx_cuda,False,1,9,0,True,True,20,2
000000481480.jpg,NANO,onnx_cuda,False,0,0,2,True,False,8,4
000000481567.jpg,NANO,onnx_cuda,False,2,18,0,True,True,20,2
000000481573.jpg,NANO,onnx_cuda,False,1,9,0,True,True,10,2
000000481582.jpg,NANO,onnx_cuda,False,2,15,1,True,True,27,4
000000482100.jpg,NANO,onnx_cuda,False,0,0,0,False,False,15,7
000000482275.jpg,NANO,onnx_cuda,False,2,19,1,True,True,21,19
000000482319.jpg,NANO,onnx_cuda,False,2,13,1,True,True,16,12
000000482436.jpg,NANO,onnx_cuda,False,1,19,1,True,True,20,9
000000482477.jpg,NANO,onnx_cuda,False,0,0,0,False,False,9,1
000000482487.jpg,NANO,onnx_cuda,False,0,0,0,False,False,9,2
000000482585.jpg,NANO,onnx_cuda,False,1,3,1,True,True,24,6
000000482719.jpg,NANO,onnx_cuda,False,0,0,0,False,False,2,6
000000482735.jpg,NANO,onnx_cuda,False,1,10,0,True,True,11,2
000000482800.jpg,NANO,onnx_cuda,False,3,28,0,True,True,34,4
000000482917.jpg,NANO,onnx_cuda,False,0,6,1,True,True,18,5
000000482970.jpg,NANO,onnx_cuda,False,0,0,0,False,False,16,2
000000482978.jpg,NANO,onnx_cuda,False,0,0,0,False,False,10,2
000000483050.jpg,NANO,onnx_cuda,False,0,0,0,False,False,15,3
000000483531.jpg,NANO,onnx_cuda,False,0,0,0,False,False,10,1
000000483667.jpg,NANO,onnx_cuda,False,1,9,0,True,True,16,3
000000483999.jpg,NANO,onnx_cuda,False,7,49,4,True,True,63,41
000000484029.jpg,NANO,onnx_cuda,False,0,0,0,False,False,11,8
000000484296.jpg,NANO,onnx_cuda,False,0,0,0,False,False,20,2
000000484351.jpg,NANO,onnx_cuda,False,8,64,5,True,True,80,32
000000484404.jpg,NANO,onnx_cuda,False,1,8,2,True,True,12,16
000000484415.jpg,NANO,onnx_cuda,False,1,0,0,True,True,1,2
000000484760.jpg,NANO,onnx_cuda,False,0,0,0,False,False,3,1
000000484893.jpg,NANO,onnx_cuda,False,2,12,0,True,True,14,7
000000484978.jpg,NANO,onnx_cuda,False,1,10,0,True,True,47,20
000000485027.jpg,NANO,onnx_cuda,False,1,10,0,True,True,21,3
000000485071.jpg,NANO,onnx_cuda,False,1,9,0,True,True,12,2
000000485130.jpg,NANO,onnx_cuda,False,0,0,0,False,False,0,2
000000485237.jpg,NANO,onnx_cuda,False,0,0,0,False,False,3,8
000000485424.jpg,NANO,onnx_cuda,False,0,0,0,False,False,13,9
000000485480.jpg,NANO,onnx_cuda,False,3,26,0,True,True,29,5
000000485802.jpg,NANO,onnx_cuda,False,0,0,0,False,False,0,1
000000485844.jpg,NANO,onnx_cuda,False,1,9,0,True,True,23,11
000000485895.jpg,NANO,onnx_cuda,False,0,0,0,False,False,16,1
000000485972.jpg,NANO,onnx_cuda,False,0,0,0,False,False,23,6
000000486040.jpg,NANO,onnx_cuda,False,0,0,0,False,False,2,6
000000486046.jpg,NANO,onnx_cuda,False,0,0,0,False,False,23,3
000000486104.jpg,NANO,onnx_cuda,False,4,29,9,True,True,33,17
000000486112.jpg,NANO,onnx_cuda,False,1,7,0,True,True,16,2
000000486438.jpg,NANO,onnx_cuda,False,1,7,0,True,True,49,9
000000486479.jpg,NANO,onnx_cuda,False,0,0,0,False,False,15,2
000000486573.jpg,NANO,onnx_cuda,False,0,0,0,False,False,10,1
000000487583.jpg,NANO,onnx_cuda,False,0,0,0,False,False,14,2
000000488075.jpg,NANO,onnx_cuda,False,0,0,0,False,False,26,14
000000488166.jpg,NANO,onnx_cuda,False,1,9,0,True,True,20,6
000000488251.jpg,NANO,onnx_cuda,False,1,5,1,True,True,20,6
000000488270.jpg,NANO,onnx_cuda,False,0,0,0,False,False,6,1
000000488385.jpg,NANO,onnx_cuda,False,2,9,0,True,True,11,2
000000488592.jpg,NANO,onnx_cuda,False,3,16,9,True,True,19,13
000000488664.jpg,NANO,onnx_cuda,False,0,0,0,False,False,9,3
000000488673.jpg,NANO,onnx_cuda,False,2,19,0,True,True,75,15
000000488710.jpg,NANO,onnx_cuda,False,1,9,0,True,True,11,1
000000488736.jpg,NANO,onnx_cuda,False,0,0,0,False,False,21,2
000000489014.jpg,NANO,onnx_cuda,False,0,0,1,True,False,11,3
000000489046.jpg,NANO,onnx_cuda,False,0,0,0,False,False,0,1
000000489091.jpg,NANO,onnx_cuda,False,0,0,0,False,False,13,2
000000489305.jpg,NANO,onnx_cuda,False,1,9,0,True,True,38,8
000000489339.jpg,NANO,onnx_cuda,False,1,9,0,True,True,19,2
000000489611.jpg,NANO,onnx_cuda,False,1,10,0,True,True,18,4
000000489764.jpg,NANO,onnx_cuda,False,1,10,0,True,True,11,9
000000489842.jpg,NANO,onnx_cuda,False,7,58,6,True,True,65,21
000000489924.jpg,NANO,onnx_cuda,False,1,9,0,True,True,10,2
000000490125.jpg,NANO,onnx_cuda,False,0,0,0,False,False,71,14
000000490171.jpg,NANO,onnx_cuda,False,1,3,0,True,True,14,3
000000490413.jpg,NANO,onnx_cuda,False,0,0,0,False,False,0,1
000000490470.jpg,NANO,onnx_cuda,False,0,0,0,False,False,25,3
000000490515.jpg,NANO,onnx_cuda,False,1,6,0,True,True,7,3
000000490936.jpg,NANO,onnx_cuda,False,4,21,23,True,True,35,34
000000491008.jpg,NANO,onnx_cuda,False,2,14,0,True,True,17,25
000000491071.jpg,NANO,onnx_cuda,False,0,0,0,False,False,3,2
000000491090.jpg,NANO,onnx_cuda,False,2,23,4,True,True,25,6
000000491130.jpg,NANO,onnx_cuda,False,1,9,1,True,True,18,3
000000491213.jpg,NANO,onnx_cuda,False,1,9,1,True,True,19,8
000000491216.jpg,NANO,onnx_cuda,False,0,0,0,False,False,1,16
000000491366.jpg,NANO,onnx_cuda,False,1,10,1,True,True,20,10
000000491464.jpg,NANO,onnx_cuda,False,1,7,0,True,True,11,13
000000491470.jpg,NANO,onnx_cuda,False,0,0,0,False,False,0,3
000000491497.jpg,NANO,onnx_cuda,False,0,0,0,False,False,9,12
000000491613.jpg,NANO,onnx_cuda,False,0,0,0,False,False,13,1
000000491683.jpg,NANO,onnx_cuda,False,0,0,0,False,False,8,2
000000491725.jpg,NANO,onnx_cuda,False,0,0,0,False,False,5,11
000000491757.jpg,NANO,onnx_cuda,False,0,0,0,False,False,19,2
000000491867.jpg,NANO,onnx_cuda,False,3,18,0,True,True,30,6
000000492077.jpg,NANO,onnx_cuda,False,6,35,9,True,True,52,26
000000492110.jpg,NANO,onnx_cuda,False,2,19,1,True,True,62,15
000000492282.jpg,NANO,onnx_cuda,False,2,9,2,True,True,46,9
000000492284.jpg,NANO,onnx_cuda,False,1,7,0,True,True,13,4
000000492362.jpg,NANO,onnx_cuda,False,2,20,1,True,True,33,13
000000492758.jpg,NANO,onnx_cuda,False,0,0,1,True,False,25,15
000000492878.jpg,NANO,onnx_cuda,False,0,0,0,False,False,32,8
000000492905.jpg,NANO,onnx_cuda,False,0,0,0,False,False,15,3
000000492937.jpg,NANO,onnx_cuda,False,2,20,0,True,True,22,3
000000492968.jpg,NANO,onnx_cuda,False,1,9,0,True,True,20,2
000000492992.jpg,NANO,onnx_cuda,False,0,0,0,False,False,10,2
000000493019.jpg,NANO,onnx_cuda,False,0,0,0,False,False,25,8
000000493284.jpg,NANO,onnx_cuda,False,0,0,0,False,False,41,6
000000493286.jpg,NANO,onnx_cuda,False,0,0,3,True,False,16,8
000000493334.jpg,NANO,onnx_cuda,False,0,0,0,False,False,10,2
000000493442.jpg,NANO,onnx_cuda,False,1,13,0,True,True,14,2
000000493566.jpg,NANO,onnx_cuda,False,0,0,0,False,False,12,2
000000493613.jpg,NANO,onnx_cuda,False,0,0,0,False,False,22,1
000000493772.jpg,NANO,onnx_cuda,False,1,8,0,True,True,18,2
000000493799.jpg,NANO,onnx_cuda,False,0,0,0,False,False,9,6
000000493864.jpg,NANO,onnx_cuda,False,1,14,2,True,True,25,6
000000493905.jpg,NANO,onnx_cuda,False,7,42,6,True,True,53,28
000000494188.jpg,NANO,onnx_cuda,False,3,19,4,True,True,39,16
000000494427.jpg,NANO,onnx_cuda,False,0,0,0,False,False,10,2
000000494634.jpg,NANO,onnx_cuda,False,0,0,0,False,False,17,8
000000494759.jpg,NANO,onnx_cuda,False,2,18,0,True,True,30,3
000000494863.jpg,NANO,onnx_cuda,False,0,0,0,False,False,16,2
000000494869.jpg,NANO,onnx_cuda,False,2,15,0,True,True,24,9
000000494913.jpg,NANO,onnx_cuda,False,0,8,1,True,True,16,26
000000495054.jpg,NANO,onnx_cuda,False,0,0,0,False,False,10,8
000000495146.jpg,NANO,onnx_cuda,False,4,17,4,True,True,42,16
000000495448.jpg,NANO,onnx_cuda,False,0,0,0,False,False,3,2
000000495732.jpg,NANO,onnx_cuda,False,2,18,1,True,True,20,6
000000496409.jpg,NANO,onnx_cuda,False,2,10,0,True,True,17,3
000000496571.jpg,NANO,onnx_cuda,False,1,10,1,True,True,38,14
000000496597.jpg,NANO,onnx_cuda,False,0,0,2,True,False,4,3
000000496722.jpg,NANO,onnx_cuda,False,0,0,0,False,False,4,13
000000496854.jpg,NANO,onnx_cuda,False,5,37,3,True,True,57,15
000000496954.jpg,NANO,onnx_cuda,False,0,0,0,False,False,61,6
000000497344.jpg,NANO,onnx_cuda,False,1,9,0,True,True,20,4
000000497568.jpg,NANO,onnx_cuda,False,1,3,1,True,True,15,5
000000497599.jpg,NANO,onnx_cuda,False,2,16,2,True,True,29,8
000000497628.jpg,NANO,onnx_cuda,False,0,0,0,False,False,0,2
000000497867.jpg,NANO,onnx_cuda,False,0,0,3,True,False,10,4
000000498032.jpg,NANO,onnx_cuda,False,1,7,0,True,True,8,2
000000498286.jpg,NANO,onnx_cuda,False,0,0,0,False,False,21,3
000000498463.jpg,NANO,onnx_cuda,False,0,0,0,False,False,14,2
000000498709.jpg,NANO,onnx_cuda,False,0,0,1,True,False,24,4
000000498747.jpg,NANO,onnx_cuda,False,4,19,5,True,True,30,11
000000498807.jpg,NANO,onnx_cuda,False,1,10,0,True,True,22,2
000000498857.jpg,NANO,onnx_cuda,False,0,0,0,False,False,10,1
000000498919.jpg,NANO,onnx_cuda,False,0,0,0,False,False,0,23
000000499031.jpg,NANO,onnx_cuda,False,3,27,0,True,True,30,4
000000499109.jpg,NANO,onnx_cuda,False,0,0,0,False,False,0,1
000000499181.jpg,NANO,onnx_cuda,False,0,0,1,True,False,29,13
000000499266.jpg,NANO,onnx_cuda,False,3,11,0,True,True,24,5
000000499313.jpg,NANO,onnx_cuda,False,0,0,0,False,False,13,5
000000499622.jpg,NANO,onnx_cuda,False,2,23,0,True,True,25,2
000000499768.jpg,NANO,onnx_cuda,False,0,0,0,False,False,17,3
000000499775.jpg,NANO,onnx_cuda,False,0,0,0,False,False,16,2
000000500049.jpg,NANO,onnx_cuda,False,0,0,0,False,False,10,1
000000500211.jpg,NANO,onnx_cuda,False,0,0,0,False,False,69,13
000000500257.jpg,NANO,onnx_cuda,False,2,15,4,True,True,18,30
000000500270.jpg,NANO,onnx_cuda,False,1,7,7,True,True,15,12
000000500423.jpg,NANO,onnx_cuda,False,0,0,1,True,False,12,2
000000500464.jpg,NANO,onnx_cuda,False,0,0,0,False,False,9,5
000000500477.jpg,NANO,onnx_cuda,False,0,0,1,True,False,2,2
000000500478.jpg,NANO,onnx_cuda,False,2,18,11,True,True,20,25
000000500565.jpg,NANO,onnx_cuda,False,2,19,0,True,True,21,3
000000500613.jpg,NANO,onnx_cuda,False,0,0,0,False,False,22,6
000000500663.jpg,NANO,onnx_cuda,False,0,0,0,False,False,3,3
000000500716.jpg,NANO,onnx_cuda,False,1,8,0,True,True,9,2
000000500826.jpg,NANO,onnx_cuda,False,0,0,0,False,False,0,1
000000501005.jpg,NANO,onnx_cuda,False,2,15,1,True,True,27,5
000000501023.jpg,NANO,onnx_cuda,False,0,0,0,False,False,0,3
000000501243.jpg,NANO,onnx_cuda,False,0,0,0,False,False,19,3
000000501368.jpg,NANO,onnx_cuda,False,1,8,0,True,True,9,4
000000501523.jpg,NANO,onnx_cuda,False,0,0,0,False,False,25,5
000000502136.jpg,NANO,onnx_cuda,False,0,0,0,False,False,9,4
000000502168.jpg,NANO,onnx_cuda,False,5,46,4,True,True,56,14
000000502229.jpg,NANO,onnx_cuda,False,0,0,0,False,False,6,4
000000502336.jpg,NANO,onnx_cuda,False,3,24,2,True,True,27,10
000000502347.jpg,NANO,onnx_cuda,False,0,0,0,False,False,1,10
000000502599.jpg,NANO,onnx_cuda,False,0,0,0,False,False,20,3
000000502732.jpg,NANO,onnx_cuda,False,0,0,0,False,False,8,1
000000502737.jpg,NANO,onnx_cuda,False,1,10,1,True,True,14,4
000000502910.jpg,NANO,onnx_cuda,False,0,0,0,False,False,0,0
000000503755.jpg,NANO,onnx_cuda,False,1,9,0,True,True,13,2
000000503823.jpg,NANO,onnx_cuda,False,0,0,0,False,False,9,4
000000503841.jpg,NANO,onnx_cuda,False,0,0,0,False,False,26,2
000000503855.jpg,NANO,onnx_cuda,False,1,4,8,True,True,42,17
000000504000.jpg,NANO,onnx_cuda,False,0,0,13,True,False,27,15
000000504074.jpg,NANO,onnx_cuda,False,2,27,0,True,True,41,9
000000504389.jpg,NANO,onnx_cuda,False,2,16,0,True,True,20,4
000000504415.jpg,NANO,onnx_cuda,False,1,8,0,True,True,32,8
000000504439.jpg,NANO,onnx_cuda,False,0,0,0,False,False,20,2
000000504580.jpg,NANO,onnx_cuda,False,0,0,0,False,False,18,3
000000504589.jpg,NANO,onnx_cuda,False,2,19,0,True,True,28,3
000000504635.jpg,NANO,onnx_cuda,False,0,0,0,False,False,30,4
000000504711.jpg,NANO,onnx_cuda,False,0,0,0,False,False,18,2
000000505169.jpg,NANO,onnx_cuda,False,0,0,0,False,False,10,1
000000505451.jpg,NANO,onnx_cuda,False,0,0,1,True,False,0,2
000000505565.jpg,NANO,onnx_cuda,False,0,0,0,False,False,25,4
000000505573.jpg,NANO,onnx_cuda,False,0,0,0,False,False,10,2
000000505638.jpg,NANO,onnx_cuda,False,0,0,4,True,False,10,5
000000505789.jpg,NANO,onnx_cuda,False,3,24,5,True,True,27,11
000000505942.jpg,NANO,onnx_cuda,False,2,15,0,True,True,31,7
000000506004.jpg,NANO,onnx_cuda,False,0,0,0,False,False,2,4
000000506178.jpg,NANO,onnx_cuda,False,1,8,1,True,True,19,5
000000506279.jpg,NANO,onnx_cuda,False,0,0,0,False,False,15,2
000000506310.jpg,NANO,onnx_cuda,False,0,0,0,False,False,0,6
000000506454.jpg,NANO,onnx_cuda,False,0,0,1,True,False,10,2
000000506656.jpg,NANO,onnx_cuda,False,1,8,0,True,True,19,5
000000506707.jpg,NANO,onnx_cuda,False,6,52,2,True,True,58,16
000000506933.jpg,NANO,onnx_cuda,False,1,9,0,True,True,20,5
000000507015.jpg,NANO,onnx_cuda,False,5,37,1,True,True,46,9
000000507037.jpg,NANO,onnx_cuda,False,10,69,10,True,True,79,26
000000507042.jpg,NANO,onnx_cuda,False,0,0,0,False,False,10,3
000000507081.jpg,NANO,onnx_cuda,False,0,0,0,False,False,7,6
000000507223.jpg,NANO,onnx_cuda,False,3,27,4,True,True,30,9
000000507235.jpg,NANO,onnx_cuda,False,0,0,0,False,False,29,3
000000507473.jpg,NANO,onnx_cuda,False,1,9,0,True,True,10,3
000000507575.jpg,NANO,onnx_cuda,False,0,0,0,False,False,22,8
000000507667.jpg,NANO,onnx_cuda,False,3,18,10,True,True,27,15
000000507797.jpg,NANO,onnx_cuda,False,5,34,3,True,True,59,15
000000507893.jpg,NANO,onnx_cuda,False,0,0,0,False,False,9,2
000000507975.jpg,NANO,onnx_cuda,False,3,22,3,True,True,34,11
000000508101.jpg,NANO,onnx_cuda,False,2,16,1,True,True,18,4
000000508312.jpg,NANO,onnx_cuda,False,0,0,1,True,False,9,4
000000508370.jpg,NANO,onnx_cuda,False,3,18,0,True,True,21,6
000000508482.jpg,NANO,onnx_cuda,False,0,0,0,False,False,10,1
000000508586.jpg,NANO,onnx_cuda,False,0,0,0,False,False,20,10
000000508602.jpg,NANO,onnx_cuda,False,0,0,0,False,False,14,3
000000508639.jpg,NANO,onnx_cuda,False,0,0,0,False,False,10,1
000000508730.jpg,NANO,onnx_cuda,False,2,18,0,True,True,20,6
000000508917.jpg,NANO,onnx_cuda,False,3,16,9,True,True,29,18
000000509008.jpg,NANO,onnx_cuda,False,0,0,0,False,False,10,1
000000509014.jpg,NANO,onnx_cuda,False,4,34,9,True,True,39,21
000000509131.jpg,NANO,onnx_cuda,False,0,0,0,False,False,0,9
000000509258.jpg,NANO,onnx_cuda,False,0,0,0,False,False,0,1
000000509260.jpg,NANO,onnx_cuda,False,0,0,0,False,False,12,14
000000509403.jpg,NANO,onnx_cuda,False,3,25,0,True,True,37,5
000000509451.jpg,NANO,onnx_cuda,False,5,62,1,True,True,76,12
000000509656.jpg,NANO,onnx_cuda,False,0,0,0,False,False,10,2
000000509699.jpg,NANO,onnx_cuda,False,0,9,0,False,True,9,7
000000509719.jpg,NANO,onnx_cuda,False,0,0,0,False,False,19,2
000000509735.jpg,NANO,onnx_cuda,False,0,0,0,False,False,36,5
000000509824.jpg,NANO,onnx_cuda,False,0,0,0,False,False,12,8
000000510095.jpg,NANO,onnx_cuda,False,1,9,0,True,True,10,3
000000510329.jpg,NANO,onnx_cuda,False,2,11,0,True,True,16,4
000000511076.jpg,NANO,onnx_cuda,False,1,8,1,True,True,10,18
000000511321.jpg,NANO,onnx_cuda,False,0,0,0,False,False,14,4
000000511384.jpg,NANO,onnx_cuda,False,1,12,1,True,True,18,3
000000511398.jpg,NANO,onnx_cuda,False,0,0,0,False,False,10,1
000000511453.jpg,NANO,onnx_cuda,False,0,0,0,False,False,29,3
000000511599.jpg,NANO,onnx_cuda,False,5,52,6,True,True,74,23
000000511647.jpg,NANO,onnx_cuda,False,1,9,0,True,True,18,2
000000511760.jpg,NANO,onnx_cuda,False,2,12,0,True,True,17,7
000000511999.jpg,NANO,onnx_cuda,False,3,28,0,True,True,48,6
000000512194.jpg,NANO,onnx_cuda,False,0,0,0,False,False,19,1
000000512248.jpg,NANO,onnx_cuda,False,0,0,0,False,False,9,1
000000512330.jpg,NANO,onnx_cuda,False,0,0,0,False,False,11,14
000000512403.jpg,NANO,onnx_cuda,False,0,0,0,False,False,19,3
000000512476.jpg,NANO,onnx_cuda,False,0,0,0,False,False,20,6
000000512564.jpg,NANO,onnx_cuda,False,0,0,3,True,False,13,17
000000512648.jpg,NANO,onnx_cuda,False,0,0,0,False,False,2,1
000000512657.jpg,NANO,onnx_cuda,False,2,20,1,True,True,25,10
000000512776.jpg,NANO,onnx_cuda,False,2,17,0,True,True,20,3
000000512836.jpg,NANO,onnx_cuda,False,2,9,0,True,True,29,7
000000512929.jpg,NANO,onnx_cuda,False,2,18,0,True,True,28,7
000000512985.jpg,NANO,onnx_cuda,False,1,8,0,True,True,19,2
000000513041.jpg,NANO,onnx_cuda,False,2,12,1,True,True,52,10
000000513181.jpg,NANO,onnx_cuda,False,0,0,0,False,False,0,14
000000513283.jpg,NANO,onnx_cuda,False,0,0,1,True,False,11,8
000000513484.jpg,NANO,onnx_cuda,False,0,0,0,False,False,10,1
000000513524.jpg,NANO,onnx_cuda,False,1,9,0,True,True,20,2
000000513567.jpg,NANO,onnx_cuda,False,4,27,5,True,True,33,14
000000513580.jpg,NANO,onnx_cuda,False,2,11,0,True,True,23,3
000000513688.jpg,NANO,onnx_cuda,False,0,0,0,False,False,18,4
000000514376.jpg,NANO,onnx_cuda,False,0,0,0,False,False,15,8
000000514508.jpg,NANO,onnx_cuda,False,2,13,2,True,True,24,5
000000514540.jpg,NANO,onnx_cuda,False,0,0,0,False,False,0,0
000000514586.jpg,NANO,onnx_cuda,False,1,9,3,True,True,14,7
000000514797.jpg,NANO,onnx_cuda,False,2,20,1,True,True,22,4
000000514914.jpg,NANO,onnx_cuda,False,0,0,0,False,False,13,3
000000514979.jpg,NANO,onnx_cuda,False,0,0,0,False,False,20,2
000000515025.jpg,NANO,onnx_cuda,False,1,8,0,True,True,21,10
000000515077.jpg,NANO,onnx_cuda,False,1,10,0,True,True,30,12
000000515266.jpg,NANO,onnx_cuda,False,0,0,0,False,False,11,4
000000515350.jpg,NANO,onnx_cuda,False,1,3,0,True,True,8,2
000000515445.jpg,NANO,onnx_cuda,False,3,18,2,True,True,21,7
000000515577.jpg,NANO,onnx_cuda,False,2,16,0,True,True,18,4
000000515579.jpg,NANO,onnx_cuda,False,2,10,1,True,True,16,7
000000515828.jpg,NANO,onnx_cuda,False,2,28,0,True,True,38,10
000000515982.jpg,NANO,onnx_cuda,False,3,25,0,True,True,39,5
000000516038.jpg,NANO,onnx_cuda,False,3,35,0,True,True,40,7
000000516143.jpg,NANO,onnx_cuda,False,0,0,1,True,False,10,2
000000516173.jpg,NANO,onnx_cuda,False,2,10,0,True,True,19,3
000000516316.jpg,NANO,onnx_cuda,False,0,0,0,False,False,29,11
000000516318.jpg,NANO,onnx_cuda,False,1,10,0,True,True,14,3
000000516601.jpg,NANO,onnx_cuda,False,5,23,7,True,True,28,19
000000516677.jpg,NANO,onnx_cuda,False,6,53,3,True,True,61,22
000000516708.jpg,NANO,onnx_cuda,False,0,0,0,False,False,1,1
000000516804.jpg,NANO,onnx_cuda,False,0,0,0,False,False,0,2
000000516871.jpg,NANO,onnx_cuda,False,0,0,0,False,False,1,5
000000516916.jpg,NANO,onnx_cuda,False,0,0,0,False,False,74,10
000000517056.jpg,NANO,onnx_cuda,False,2,19,0,True,True,37,15
000000517069.jpg,NANO,onnx_cuda,False,2,17,0,True,True,24,11
000000517523.jpg,NANO,onnx_cuda,False,0,0,0,False,False,10,1
000000517687.jpg,NANO,onnx_cuda,False,0,0,0,False,False,20,3
000000517832.jpg,NANO,onnx_cuda,False,0,0,0,False,False,13,2
000000518213.jpg,NANO,onnx_cuda,False,0,0,0,False,False,11,2
000000518326.jpg,NANO,onnx_cuda,False,1,9,1,True,True,20,5
000000518770.jpg,NANO,onnx_cuda,False,4,37,1,True,True,44,22
000000519039.jpg,NANO,onnx_cuda,False,0,0,0,False,False,10,1
000000519208.jpg,NANO,onnx_cuda,False,1,9,0,True,True,25,2
000000519338.jpg,NANO,onnx_cuda,False,0,0,0,False,False,15,1
000000519491.jpg,NANO,onnx_cuda,False,0,0,0,False,False,9,2
000000519522.jpg,NANO,onnx_cuda,False,0,0,0,False,False,13,3
000000519569.jpg,NANO,onnx_cuda,False,0,0,0,False,False,28,8
000000519611.jpg,NANO,onnx_cuda,False,0,0,0,False,False,10,1
000000519688.jpg,NANO,onnx_cuda,False,1,10,0,True,True,20,2
000000519764.jpg,NANO,onnx_cuda,False,0,0,0,False,False,20,3
000000520009.jpg,NANO,onnx_cuda,False,0,0,3,True,False,18,10
000000520077.jpg,NANO,onnx_cuda,False,0,0,0,False,False,37,16
000000520264.jpg,NANO,onnx_cuda,False,2,16,0,True,True,27,18
000000520301.jpg,NANO,onnx_cuda,False,0,0,0,False,False,10,1
000000520324.jpg,NANO,onnx_cuda,False,0,0,1,True,False,17,3
000000520531.jpg,NANO,onnx_cuda,False,0,0,0,False,False,16,18
000000520659.jpg,NANO,onnx_cuda,False,2,15,11,True,True,17,29
000000520707.jpg,NANO,onnx_cuda,False,7,44,6,True,True,59,21
000000520832.jpg,NANO,onnx_cuda,False,1,9,0,True,True,10,15
000000520871.jpg,NANO,onnx_cuda,False,0,0,0,False,False,24,5
000000520910.jpg,NANO,onnx_cuda,False,1,9,0,True,True,10,3
000000521052.jpg,NANO,onnx_cuda,False,0,0,0,False,False,20,2
000000521141.jpg,NANO,onnx_cuda,False,3,15,0,True,True,42,14
000000521231.jpg,NANO,onnx_cuda,False,0,0,0,False,False,10,1
000000521259.jpg,NANO,onnx_cuda,False,5,41,8,True,True,51,19
000000521282.jpg,NANO,onnx_cuda,False,0,0,0,False,False,9,1
000000521405.jpg,NANO,onnx_cuda,False,0,10,0,False,True,10,2
000000521509.jpg,NANO,onnx_cuda,False,1,10,0,True,True,14,8
000000521540.jpg,NANO,onnx_cuda,False,0,0,0,False,False,0,3
000000521601.jpg,NANO,onnx_cuda,False,0,0,0,False,False,0,2
000000521717.jpg,NANO,onnx_cuda,False,3,26,0,True,True,29,6
000000521719.jpg,NANO,onnx_cuda,False,0,0,0,False,False,2,8
000000521819.jpg,NANO,onnx_cuda,False,8,40,1,True,True,48,14
000000521956.jpg,NANO,onnx_cuda,False,1,9,0,True,True,19,2
000000522007.jpg,NANO,onnx_cuda,False,0,0,0,False,False,12,9
000000522156.jpg,NANO,onnx_cuda,False,0,0,0,False,False,0,1
000000522393.jpg,NANO,onnx_cuda,False,1,6,1,True,True,17,4
000000522638.jpg,NANO,onnx_cuda,False,0,0,0,False,False,10,1
000000522713.jpg,NANO,onnx_cuda,False,0,1,2,True,True,10,13
000000522751.jpg,NANO,onnx_cuda,False,0,0,0,False,False,20,6
000000522889.jpg,NANO,onnx_cuda,False,3,17,0,True,True,41,6
000000522940.jpg,NANO,onnx_cuda,False,0,0,0,False,False,10,1
000000523033.jpg,NANO,onnx_cuda,False,1,0,2,True,True,1,5
000000523100.jpg,NANO,onnx_cuda,False,1,5,0,True,True,16,10
000000523175.jpg,NANO,onnx_cuda,False,0,0,0,False,False,15,6
000000523194.jpg,NANO,onnx_cuda,False,0,0,0,False,False,7,2
000000523229.jpg,NANO,onnx_cuda,False,0,0,0,False,False,17,1
000000523241.jpg,NANO,onnx_cuda,False,0,0,0,False,False,22,10
000000523782.jpg,NANO,onnx_cuda,False,0,0,0,False,False,18,3
000000523807.jpg,NANO,onnx_cuda,False,0,0,2,True,False,0,6
000000523811.jpg,NANO,onnx_cuda,False,0,0,0,False,False,1,1
000000523957.jpg,NANO,onnx_cuda,False,7,38,4,True,True,50,13
000000524108.jpg,NANO,onnx_cuda,False,3,22,9,True,True,25,12
000000524280.jpg,NANO,onnx_cuda,False,0,0,0,False,False,10,1
000000524456.jpg,NANO,onnx_cuda,False,1,9,1,True,True,10,6
000000524742.jpg,NANO,onnx_cuda,False,0,0,0,False,False,0,1
000000524850.jpg,NANO,onnx_cuda,False,8,34,5,True,True,53,40
000000525083.jpg,NANO,onnx_cuda,False,0,0,0,False,False,8,9
000000525155.jpg,NANO,onnx_cuda,False,1,7,0,True,True,8,2
000000525247.jpg,NANO,onnx_cuda,False,0,0,0,False,False,21,2
000000525286.jpg,NANO,onnx_cuda,False,0,0,0,False,False,11,1
000000525322.jpg,NANO,onnx_cuda,False,0,0,0,False,False,21,2
000000525600.jpg,NANO,onnx_cuda,False,0,0,0,False,False,12,8
000000526103.jpg,NANO,onnx_cuda,False,0,0,0,False,False,10,3
000000526197.jpg,NANO,onnx_cuda,False,0,0,0,False,False,0,7
000000526256.jpg,NANO,onnx_cuda,False,0,0,0,False,False,5,2
000000526392.jpg,NANO,onnx_cuda,False,0,0,0,False,False,46,8
000000526706.jpg,NANO,onnx_cuda,False,0,0,0,False,False,37,4
000000526728.jpg,NANO,onnx_cuda,False,2,17,0,True,True,52,13
000000526751.jpg,NANO,onnx_cuda,False,0,0,0,False,False,11,8
000000527029.jpg,NANO,onnx_cuda,False,1,9,0,True,True,13,15
000000527215.jpg,NANO,onnx_cuda,False,2,11,3,True,True,13,7
000000527220.jpg,NANO,onnx_cuda,False,3,12,0,True,True,15,4
000000527427.jpg,NANO,onnx_cuda,False,1,13,0,True,True,21,6
000000527528.jpg,NANO,onnx_cuda,False,0,0,2,True,False,19,8
000000527616.jpg,NANO,onnx_cuda,False,1,5,0,True,True,6,4
000000527695.jpg,NANO,onnx_cuda,False,0,0,0,False,False,18,9
000000527750.jpg,NANO,onnx_cuda,False,1,9,0,True,True,11,6
000000527784.jpg,NANO,onnx_cuda,False,0,0,0,False,False,34,8
000000527960.jpg,NANO,onnx_cuda,False,0,0,0,False,False,10,1
000000528314.jpg,NANO,onnx_cuda,False,5,30,4,True,True,35,10
000000528399.jpg,NANO,onnx_cuda,False,0,0,1,True,False,37,10
000000528524.jpg,NANO,onnx_cuda,False,0,0,0,False,False,11,2
000000528578.jpg,NANO,onnx_cuda,False,0,0,11,True,False,0,13
000000528705.jpg,NANO,onnx_cuda,False,0,0,1,True,False,9,2
000000528862.jpg,NANO,onnx_cuda,False,0,1,0,False,True,6,7
000000528977.jpg,NANO,onnx_cuda,False,0,0,0,False,False,0,0
000000528980.jpg,NANO,onnx_cuda,False,0,0,0,False,False,0,9
000000529105.jpg,NANO,onnx_cuda,False,0,0,0,False,False,10,1
000000529122.jpg,NANO,onnx_cuda,False,3,26,0,True,True,40,19
000000529148.jpg,NANO,onnx_cuda,False,0,0,2,True,False,54,17
000000529528.jpg,NANO,onnx_cuda,False,0,5,0,False,True,5,3
000000529568.jpg,NANO,onnx_cuda,False,0,0,0,False,False,21,35
000000529762.jpg,NANO,onnx_cuda,False,1,9,0,True,True,42,7
000000529939.jpg,NANO,onnx_cuda,False,1,8,0,True,True,41,14
000000529966.jpg,NANO,onnx_cuda,False,0,0,0,False,False,18,12
000000530052.jpg,NANO,onnx_cuda,False,0,0,0,False,False,0,13
000000530061.jpg,NANO,onnx_cuda,False,1,8,1,True,True,34,7
000000530099.jpg,NANO,onnx_cuda,False,0,0,0,False,False,0,2
000000530146.jpg,NANO,onnx_cuda,False,0,0,0,False,False,16,6
000000530162.jpg,NANO,onnx_cuda,False,5,34,5,True,True,60,12
000000530457.jpg,NANO,onnx_cuda,False,0,0,0,False,False,15,1
000000530466.jpg,NANO,onnx_cuda,False,0,0,0,False,False,10,3
000000530470.jpg,NANO,onnx_cuda,False,0,0,0,False,False,0,7
000000530624.jpg,NANO,onnx_cuda,False,0,0,0,False,False,6,2
000000530820.jpg,NANO,onnx_cuda,False,1,9,0,True,True,10,2
000000530836.jpg,NANO,onnx_cuda,False,0,0,0,False,False,20,23
000000530854.jpg,NANO,onnx_cuda,False,0,0,1,True,False,29,8
000000530975.jpg,NANO,onnx_cuda,False,3,18,3,True,True,34,23
000000531036.jpg,NANO,onnx_cuda,False,1,9,0,True,True,29,4
000000531134.jpg,NANO,onnx_cuda,False,3,21,5,True,True,26,14
000000531135.jpg,NANO,onnx_cuda,False,5,20,8,True,True,25,17
000000531495.jpg,NANO,onnx_cuda,False,0,0,0,False,False,9,8
000000531707.jpg,NANO,onnx_cuda,False,4,28,0,True,True,38,5
000000531771.jpg,NANO,onnx_cuda,False,0,0,0,False,False,6,1
000000532058.jpg,NANO,onnx_cuda,False,0,0,1,True,False,10,5
000000532071.jpg,NANO,onnx_cuda,False,0,0,0,False,False,9,1
000000532129.jpg,NANO,onnx_cuda,False,0,0,0,False,False,9,4
000000532481.jpg,NANO,onnx_cuda,False,0,0,2,True,False,7,10
000000532493.jpg,NANO,onnx_cuda,False,1,9,0,True,True,21,2
000000532530.jpg,NANO,onnx_cuda,False,0,0,4,True,False,0,6
000000532575.jpg,NANO,onnx_cuda,False,0,0,0,False,False,9,2
000000532690.jpg,NANO,onnx_cuda,False,2,18,1,True,True,20,5
000000532761.jpg,NANO,onnx_cuda,False,0,0,0,False,False,32,6
000000532855.jpg,NANO,onnx_cuda,False,1,9,0,True,True,17,2
000000532901.jpg,NANO,onnx_cuda,False,0,0,0,False,False,10,4
000000533145.jpg,NANO,onnx_cuda,False,0,0,1,True,False,0,3
000000533206.jpg,NANO,onnx_cuda,False,0,0,0,False,False,58,8
000000533493.jpg,NANO,onnx_cuda,False,3,22,0,True,True,25,4
000000533536.jpg,NANO,onnx_cuda,False,0,0,0,False,False,17,2
000000533816.jpg,NANO,onnx_cuda,False,6,61,7,True,True,67,15
000000533855.jpg,NANO,onnx_cuda,False,0,0,0,False,False,14,1
000000533958.jpg,NANO,onnx_cuda,False,0,0,0,False,False,9,1
000000534041.jpg,NANO,onnx_cuda,False,2,7,2,True,True,25,15
000000534270.jpg,NANO,onnx_cuda,False,2,19,0,True,True,38,10
000000534394.jpg,NANO,onnx_cuda,False,0,0,0,False,False,0,15
000000534601.jpg,NANO,onnx_cuda,False,0,0,0,False,False,11,1
000000534605.jpg,NANO,onnx_cuda,False,5,43,2,True,True,48,7
000000534639.jpg,NANO,onnx_cuda,False,0,0,0,False,False,10,5
000000534664.jpg,NANO,onnx_cuda,False,0,0,0,False,False,19,7
000000534673.jpg,NANO,onnx_cuda,False,1,8,1,True,True,19,3
000000534827.jpg,NANO,onnx_cuda,False,5,34,4,True,True,39,10
000000535094.jpg,NANO,onnx_cuda,False,0,4,2,True,True,4,3
000000535156.jpg,NANO,onnx_cuda,False,0,0,0,False,False,20,3
000000535253.jpg,NANO,onnx_cuda,False,0,0,0,False,False,1,8
000000535306.jpg,NANO,onnx_cuda,False,1,8,0,True,True,17,2
000000535523.jpg,NANO,onnx_cuda,False,2,19,0,True,True,33,17
000000535578.jpg,NANO,onnx_cuda,False,0,0,0,False,False,35,11
000000535608.jpg,NANO,onnx_cuda,False,2,3,3,True,True,40,11
000000535858.jpg,NANO,onnx_cuda,False,1,9,0,True,True,10,2
000000536038.jpg,NANO,onnx_cuda,False,1,9,1,True,True,10,4
000000536073.jpg,NANO,onnx_cuda,False,0,0,0,False,False,47,3
000000536343.jpg,NANO,onnx_cuda,False,0,0,0,False,False,3,0
000000536947.jpg,NANO,onnx_cuda,False,0,0,0,False,False,10,6
000000537053.jpg,NANO,onnx_cuda,False,0,0,0,False,False,10,1
000000537153.jpg,NANO,onnx_cuda,False,0,0,2,True,False,0,3
000000537241.jpg,NANO,onnx_cuda,False,0,0,0,False,False,17,1
000000537270.jpg,NANO,onnx_cuda,False,3,24,0,True,True,40,8
000000537355.jpg,NANO,onnx_cuda,False,0,8,0,False,True,8,1
000000537506.jpg,NANO,onnx_cuda,False,3,27,1,True,True,64,13
000000537672.jpg,NANO,onnx_cuda,False,0,0,0,False,False,8,2
000000537802.jpg,NANO,onnx_cuda,False,0,0,0,False,False,28,2
000000537812.jpg,NANO,onnx_cuda,False,0,0,0,False,False,14,2
000000537827.jpg,NANO,onnx_cuda,False,2,18,0,True,True,22,4
000000537964.jpg,NANO,onnx_cuda,False,0,0,0,False,False,9,1
000000537991.jpg,NANO,onnx_cuda,False,1,10,0,True,True,37,7
000000538067.jpg,NANO,onnx_cuda,False,4,17,2,True,True,21,7
000000538236.jpg,NANO,onnx_cuda,False,0,0,5,True,False,0,14
000000538364.jpg,NANO,onnx_cuda,False,5,43,6,True,True,59,17
000000538458.jpg,NANO,onnx_cuda,False,2,19,0,True,True,25,9
000000539143.jpg,NANO,onnx_cuda,False,0,0,0,False,False,10,1
000000539445.jpg,NANO,onnx_cuda,False,0,0,0,False,False,10,4
000000539883.jpg,NANO,onnx_cuda,False,0,0,1,True,False,3,8
000000539962.jpg,NANO,onnx_cuda,False,0,0,4,True,False,0,18
000000540280.jpg,NANO,onnx_cuda,False,0,0,0,False,False,10,3
000000540414.jpg,NANO,onnx_cuda,False,8,62,5,True,True,86,23
000000540466.jpg,NANO,onnx_cuda,False,0,0,1,True,False,9,2
000000540502.jpg,NANO,onnx_cuda,False,0,0,0,False,False,18,20
000000540928.jpg,NANO,onnx_cuda,False,0,0,0,False,False,1,2
000000540932.jpg,NANO,onnx_cuda,False,3,8,4,True,True,11,11
000000540962.jpg,NANO,onnx_cuda,False,0,0,0,False,False,6,4
000000541055.jpg,NANO,onnx_cuda,False,4,29,1,True,True,33,11
000000541123.jpg,NANO,onnx_cuda,False,5,35,8,True,True,40,23
000000541291.jpg,NANO,onnx_cuda,False,0,0,0,False,False,7,2
000000541634.jpg,NANO,onnx_cuda,False,0,0,0,False,False,30,11
000000541664.jpg,NANO,onnx_cuda,False,0,0,0,False,False,0,2
000000541773.jpg,NANO,onnx_cuda,False,2,10,3,True,True,53,18
000000541952.jpg,NANO,onnx_cuda,False,0,0,0,False,False,10,1
000000542073.jpg,NANO,onnx_cuda,False,0,0,0,False,False,1,0
000000542089.jpg,NANO,onnx_cuda,False,0,0,0,False,False,18,1
000000542127.jpg,NANO,onnx_cuda,False,3,9,10,True,True,12,16
000000542423.jpg,NANO,onnx_cuda,False,1,8,3,True,True,14,14
000000542625.jpg,NANO,onnx_cuda,False,0,0,0,False,False,36,15
000000542776.jpg,NANO,onnx_cuda,False,0,0,1,True,False,16,4
000000542856.jpg,NANO,onnx_cuda,False,3,6,1,True,True,19,6
000000543043.jpg,NANO,onnx_cuda,False,0,0,0,False,False,13,4
000000543047.jpg,NANO,onnx_cuda,False,0,0,0,False,False,16,16
000000543300.jpg,NANO,onnx_cuda,False,0,0,0,False,False,11,1
000000543528.jpg,NANO,onnx_cuda,False,0,0,0,False,False,10,1
000000543581.jpg,NANO,onnx_cuda,False,0,0,0,False,False,16,19
000000544052.jpg,NANO,onnx_cuda,False,0,21,0,False,True,22,2
000000544306.jpg,NANO,onnx_cuda,False,0,0,0,False,False,17,2
000000544444.jpg,NANO,onnx_cuda,False,1,9,0,True,True,16,2
000000544519.jpg,NANO,onnx_cuda,False,1,13,0,True,True,15,2
000000544565.jpg,NANO,onnx_cuda,False,0,0,0,False,False,4,5
000000544605.jpg,NANO,onnx_cuda,False,0,0,0,False,False,0,1
000000544811.jpg,NANO,onnx_cuda,False,0,0,0,False,False,22,2
000000545007.jpg,NANO,onnx_cuda,False,1,0,0,True,True,21,3
000000545100.jpg,NANO,onnx_cuda,False,1,10,2,True,True,11,11
000000545129.jpg,NANO,onnx_cuda,False,0,0,0,False,False,29,3
000000545219.jpg,NANO,onnx_cuda,False,4,33,1,True,True,47,8
000000545407.jpg,NANO,onnx_cuda,False,0,0,0,False,False,10,1
000000545594.jpg,NANO,onnx_cuda,False,4,39,4,True,True,51,9
000000545730.jpg,NANO,onnx_cuda,False,0,0,0,False,False,0,9
000000545826.jpg,NANO,onnx_cuda,False,0,0,0,False,False,19,2
000000545958.jpg,NANO,onnx_cuda,False,0,0,0,False,False,9,1
000000546011.jpg,NANO,onnx_cuda,False,0,0,0,False,False,41,3
000000546219.jpg,NANO,onnx_cuda,False,9,54,0,True,True,74,41
000000546325.jpg,NANO,onnx_cuda,False,0,0,0,False,False,18,3
000000546475.jpg,NANO,onnx_cuda,False,1,9,1,True,True,18,3
000000546556.jpg,NANO,onnx_cuda,False,0,0,0,False,False,10,4
000000546626.jpg,NANO,onnx_cuda,False,0,0,0,False,False,19,4
000000546659.jpg,NANO,onnx_cuda,False,0,0,3,True,False,8,4
000000546717.jpg,NANO,onnx_cuda,False,1,5,0,True,True,21,6
000000546823.jpg,NANO,onnx_cuda,False,3,20,10,True,True,25,25
000000546826.jpg,NANO,onnx_cuda,False,0,0,0,False,False,4,1
000000546829.jpg,NANO,onnx_cuda,False,0,0,0,False,False,16,2
000000546964.jpg,NANO,onnx_cuda,False,1,1,9,True,True,35,28
000000546976.jpg,NANO,onnx_cuda,False,2,8,0,True,True,17,3
000000547144.jpg,NANO,onnx_cuda,False,0,0,0,False,False,37,8
000000547336.jpg,NANO,onnx_cuda,False,1,9,0,True,True,10,7
000000547383.jpg,NANO,onnx_cuda,False,0,0,0,False,False,21,3
000000547502.jpg,NANO,onnx_cuda,False,0,0,0,False,False,22,5
000000547519.jpg,NANO,onnx_cuda,False,0,0,0,False,False,10,1
000000547816.jpg,NANO,onnx_cuda,False,0,0,0,False,False,14,4
000000547854.jpg,NANO,onnx_cuda,False,1,9,1,True,True,18,5
000000547886.jpg,NANO,onnx_cuda,False,3,24,1,True,True,58,7
000000548246.jpg,NANO,onnx_cuda,False,3,28,1,True,True,31,19
000000548267.jpg,NANO,onnx_cuda,False,0,0,0,False,False,0,13
000000548339.jpg,NANO,onnx_cuda,False,4,20,1,True,True,25,11
000000548506.jpg,NANO,onnx_cuda,False,0,0,0,False,False,35,8
000000548524.jpg,NANO,onnx_cuda,False,1,0,2,True,True,1,4
000000548555.jpg,NANO,onnx_cuda,False,1,0,0,True,True,7,2
000000548780.jpg,NANO,onnx_cuda,False,4,31,2,True,True,41,16
000000549055.jpg,NANO,onnx_cuda,False,1,5,0,True,True,14,2
000000549136.jpg,NANO,onnx_cuda,False,0,0,0,False,False,0,1
000000549167.jpg,NANO,onnx_cuda,False,0,0,0,False,False,13,7
000000549220.jpg,NANO,onnx_cuda,False,2,10,2,True,True,22,8
000000549390.jpg,NANO,onnx_cuda,False,4,30,14,True,True,40,19
000000549674.jpg,NANO,onnx_cuda,False,0,0,0,False,False,47,6
000000549738.jpg,NANO,onnx_cuda,False,0,0,4,True,False,9,14
000000549930.jpg,NANO,onnx_cuda,False,2,18,6,True,True,29,21
000000550084.jpg,NANO,onnx_cuda,False,0,0,0,False,False,0,3
000000550322.jpg,NANO,onnx_cuda,False,0,0,0,False,False,24,6
000000550349.jpg,NANO,onnx_cuda,False,4,15,1,True,True,30,9
000000550426.jpg,NANO,onnx_cuda,False,0,0,0,False,False,8,1
000000550471.jpg,NANO,onnx_cuda,False,0,0,0,False,False,6,2
000000550691.jpg,NANO,onnx_cuda,False,0,0,2,True,False,29,8
000000550714.jpg,NANO,onnx_cuda,False,1,6,0,True,True,7,2
000000550797.jpg,NANO,onnx_cuda,False,0,0,0,False,False,10,1
000000550939.jpg,NANO,onnx_cuda,False,0,0,0,False,False,0,0
000000551215.jpg,NANO,onnx_cuda,False,1,9,0,True,True,10,2
000000551304.jpg,NANO,onnx_cuda,False,0,0,0,False,False,12,1
000000551350.jpg,NANO,onnx_cuda,False,0,0,0,False,False,3,8
000000551439.jpg,NANO,onnx_cuda,False,1,8,0,True,True,9,3
000000551660.jpg,NANO,onnx_cuda,False,0,0,0,False,False,29,12
000000551780.jpg,NANO,onnx_cuda,False,0,0,0,False,False,10,2
000000551794.jpg,NANO,onnx_cuda,False,2,16,0,True,True,18,3
000000551804.jpg,NANO,onnx_cuda,False,1,9,0,True,True,20,2
000000551815.jpg,NANO,onnx_cuda,False,0,0,0,False,False,8,3
000000551820.jpg,NANO,onnx_cuda,False,7,59,6,True,True,66,16
000000551822.jpg,NANO,onnx_cuda,False,0,0,0,False,False,25,7
000000552371.jpg,NANO,onnx_cuda,False,0,0,0,False,False,17,2
000000552612.jpg,NANO,onnx_cuda,False,0,0,0,False,False,70,10
000000552775.jpg,NANO,onnx_cuda,False,0,0,1,True,False,4,11
000000552842.jpg,NANO,onnx_cuda,False,1,8,0,True,True,9,2
000000552883.jpg,NANO,onnx_cuda,False,0,0,0,False,False,2,1
000000552902.jpg,NANO,onnx_cuda,False,0,0,0,False,False,11,1
000000553094.jpg,NANO,onnx_cuda,False,0,0,0,False,False,10,1
000000553221.jpg,NANO,onnx_cuda,False,1,1,12,True,True,6,20
000000553339.jpg,NANO,onnx_cuda,False,0,0,0,False,False,0,7
000000553511.jpg,NANO,onnx_cuda,False,0,1,2,True,True,26,15
000000553664.jpg,NANO,onnx_cuda,False,0,0,0,False,False,8,17
000000553669.jpg,NANO,onnx_cuda,False,2,17,7,True,True,28,23
000000553731.jpg,NANO,onnx_cuda,False,3,25,3,True,True,28,7
000000553776.jpg,NANO,onnx_cuda,False,2,16,0,True,True,18,2
000000553788.jpg,NANO,onnx_cuda,False,1,8,0,True,True,20,3
000000553990.jpg,NANO,onnx_cuda,False,0,0,1,True,False,9,2
000000554002.jpg,NANO,onnx_cuda,False,7,48,3,True,True,61,14
000000554156.jpg,NANO,onnx_cuda,False,1,9,0,True,True,20,2
000000554266.jpg,NANO,onnx_cuda,False,0,0,2,True,False,8,4
000000554291.jpg,NANO,onnx_cuda,False,0,0,0,False,False,1,8
000000554328.jpg,NANO,onnx_cuda,False,3,27,0,True,True,30,6
000000554579.jpg,NANO,onnx_cuda,False,3,35,0,True,True,49,6
000000554595.jpg,NANO,onnx_cuda,False,1,10,0,True,True,21,2
000000554735.jpg,NANO,onnx_cuda,False,1,1,0,True,True,2,2
000000554838.jpg,NANO,onnx_cuda,False,0,0,0,False,False,11,3
000000555005.jpg,NANO,onnx_cuda,False,0,0,0,False,False,11,11
000000555009.jpg,NANO,onnx_cuda,False,0,0,0,False,False,54,9
000000555012.jpg,NANO,onnx_cuda,False,0,0,0,False,False,7,1
000000555050.jpg,NANO,onnx_cuda,False,0,7,1,True,True,21,18
000000555412.jpg,NANO,onnx_cuda,False,0,0,0,False,False,0,1
000000555597.jpg,NANO,onnx_cuda,False,0,0,1,True,False,40,16
000000555705.jpg,NANO,onnx_cuda,False,0,2,0,False,True,18,2
000000555972.jpg,NANO,onnx_cuda,False,0,0,0,False,False,17,10
000000556000.jpg,NANO,onnx_cuda,False,3,29,1,True,True,32,11
000000556158.jpg,NANO,onnx_cuda,False,1,9,0,True,True,13,2
000000556193.jpg,NANO,onnx_cuda,False,2,18,0,True,True,26,6
000000556498.jpg,NANO,onnx_cuda,False,0,0,0,False,False,0,0
000000556765.jpg,NANO,onnx_cuda,False,0,0,0,False,False,10,1
000000556873.jpg,NANO,onnx_cuda,False,0,2,0,False,True,12,1
000000557172.jpg,NANO,onnx_cuda,False,0,0,0,False,False,1,4
000000557258.jpg,NANO,onnx_cuda,False,0,0,0,False,False,11,1
000000557501.jpg,NANO,onnx_cuda,False,0,0,0,False,False,16,2
000000557672.jpg,NANO,onnx_cuda,False,3,17,0,True,True,36,4
000000557884.jpg,NANO,onnx_cuda,False,0,0,0,False,False,7,1
000000557916.jpg,NANO,onnx_cuda,False,1,9,0,True,True,19,4
000000558073.jpg,NANO,onnx_cuda,False,0,0,0,False,False,10,1
000000558114.jpg,NANO,onnx_cuda,False,5,42,8,True,True,47,17
000000558213.jpg,NANO,onnx_cuda,False,1,8,2,True,True,9,6
000000558421.jpg,NANO,onnx_cuda,False,0,0,1,True,False,9,14
000000558558.jpg,NANO,onnx_cuda,False,0,0,0,False,False,1,5
000000558854.jpg,NANO,onnx_cuda,False,1,0,0,True,True,37,7
000000559099.jpg,NANO,onnx_cuda,False,0,0,0,False,False,27,17
000000559160.jpg,NANO,onnx_cuda,False,2,18,4,True,True,27,8
000000559348.jpg,NANO,onnx_cuda,False,4,31,9,True,True,35,15
000000559513.jpg,NANO,onnx_cuda,False,0,0,0,False,False,1,5
000000559543.jpg,NANO,onnx_cuda,False,1,9,0,True,True,23,5
000000559547.jpg,NANO,onnx_cuda,False,3,26,0,True,True,35,6
000000559707.jpg,NANO,onnx_cuda,False,0,0,0,False,False,26,5
000000559842.jpg,NANO,onnx_cuda,False,9,66,4,True,True,75,17
000000559956.jpg,NANO,onnx_cuda,False,3,26,0,True,True,58,9
000000560011.jpg,NANO,onnx_cuda,False,0,0,0,False,False,16,4
000000560178.jpg,NANO,onnx_cuda,False,1,9,0,True,True,12,4
000000560256.jpg,NANO,onnx_cuda,False,0,0,0,False,False,0,27
000000560266.jpg,NANO,onnx_cuda,False,0,0,0,False,False,20,2
000000560279.jpg,NANO,onnx_cuda,False,0,0,0,False,False,25,2
000000560312.jpg,NANO,onnx_cuda,False,0,0,0,False,False,0,2
000000560371.jpg,NANO,onnx_cuda,False,0,0,0,False,False,0,0
000000560474.jpg,NANO,onnx_cuda,False,1,7,8,True,True,17,20
000000560880.jpg,NANO,onnx_cuda,False,1,17,0,True,True,19,4
000000560911.jpg,NANO,onnx_cuda,False,1,9,0,True,True,12,5
000000561009.jpg,NANO,onnx_cuda,False,0,0,0,False,False,10,1
000000561223.jpg,NANO,onnx_cuda,False,1,9,0,True,True,16,2
000000561256.jpg,NANO,onnx_cuda,False,1,9,0,True,True,10,3
000000561335.jpg,NANO,onnx_cuda,False,0,0,0,False,False,1,2
000000561366.jpg,NANO,onnx_cuda,False,0,0,0,False,False,15,2
000000561465.jpg,NANO,onnx_cuda,False,0,0,0,False,False,34,6
000000561679.jpg,NANO,onnx_cuda,False,0,0,0,False,False,0,1
000000561889.jpg,NANO,onnx_cuda,False,0,0,0,False,False,7,8
000000561958.jpg,NANO,onnx_cuda,False,7,35,4,True,True,42,26
000000562059.jpg,NANO,onnx_cuda,False,0,0,0,False,False,31,6
000000562121.jpg,NANO,onnx_cuda,False,0,0,0,False,False,11,3
000000562197.jpg,NANO,onnx_cuda,False,0,0,0,False,False,0,1
000000562207.jpg,NANO,onnx_cuda,False,3,20,0,True,True,33,5
000000562229.jpg,NANO,onnx_cuda,False,1,8,2,True,True,18,4
000000562243.jpg,NANO,onnx_cuda,False,1,9,0,True,True,21,2
000000562443.jpg,NANO,onnx_cuda,False,0,0,0,False,False,12,1
000000562448.jpg,NANO,onnx_cuda,False,0,0,2,True,False,9,3
000000562561.jpg,NANO,onnx_cuda,False,0,0,0,False,False,31,3
000000562581.jpg,NANO,onnx_cuda,False,1,8,0,True,True,9,4
000000562818.jpg,NANO,onnx_cuda,False,3,6,10,True,True,9,23
000000562843.jpg,NANO,onnx_cuda,False,0,0,0,False,False,37,3
000000563267.jpg,NANO,onnx_cuda,False,2,19,0,True,True,29,9
000000563281.jpg,NANO,onnx_cuda,False,1,9,0,True,True,10,2
000000563349.jpg,NANO,onnx_cuda,False,1,8,0,True,True,9,2
000000563470.jpg,NANO,onnx_cuda,False,1,7,0,True,True,8,4
000000563603.jpg,NANO,onnx_cuda,False,0,1,0,False,True,1,4
000000563604.jpg,NANO,onnx_cuda,False,5,27,6,True,True,43,15
000000563648.jpg,NANO,onnx_cuda,False,1,10,12,True,True,11,21
000000563653.jpg,NANO,onnx_cuda,False,2,13,0,True,True,32,15
000000563702.jpg,NANO,onnx_cuda,False,1,2,1,True,True,10,5
000000563758.jpg,NANO,onnx_cuda,False,0,0,0,False,False,8,1
000000563882.jpg,NANO,onnx_cuda,False,2,3,6,True,True,5,13
000000564023.jpg,NANO,onnx_cuda,False,0,0,0,False,False,9,1
000000564091.jpg,NANO,onnx_cuda,False,1,9,0,True,True,19,5
000000564127.jpg,NANO,onnx_cuda,False,0,0,0,False,False,10,1
000000564133.jpg,NANO,onnx_cuda,False,0,0,0,False,False,21,8
000000564280.jpg,NANO,onnx_cuda,False,0,0,0,False,False,24,4
000000564336.jpg,NANO,onnx_cuda,False,1,4,0,True,True,7,15
000000565012.jpg,NANO,onnx_cuda,False,0,0,0,False,False,0,10
000000565045.jpg,NANO,onnx_cuda,False,0,0,1,True,False,0,2
000000565153.jpg,NANO,onnx_cuda,False,0,0,0,False,False,28,2
000000565391.jpg,NANO,onnx_cuda,False,0,0,0,False,False,10,3
000000565469.jpg,NANO,onnx_cuda,False,0,0,0,False,False,0,1
000000565563.jpg,NANO,onnx_cuda,False,0,2,1,True,True,17,12
000000565597.jpg,NANO,onnx_cuda,False,0,0,0,False,False,0,4
000000565607.jpg,NANO,onnx_cuda,False,0,0,0,False,False,12,10
000000565624.jpg,NANO,onnx_cuda,False,0,0,0,False,False,14,2
000000565776.jpg,NANO,onnx_cuda,False,0,0,0,False,False,11,12
000000565778.jpg,NANO,onnx_cuda,False,0,0,4,True,False,10,7
000000565853.jpg,NANO,onnx_cuda,False,1,9,0,True,True,17,12
000000565877.jpg,NANO,onnx_cuda,False,1,7,0,True,True,11,5
000000565962.jpg,NANO,onnx_cuda,False,1,14,0,True,True,15,2
000000565989.jpg,NANO,onnx_cuda,False,0,0,0,False,False,10,2
000000566042.jpg,NANO,onnx_cuda,False,0,0,0,False,False,40,6
000000566282.jpg,NANO,onnx_cuda,False,2,17,5,True,True,27,10
000000566436.jpg,NANO,onnx_cuda,False,1,3,0,True,True,13,2
000000566524.jpg,NANO,onnx_cuda,False,0,0,6,True,False,9,7
000000566758.jpg,NANO,onnx_cuda,False,0,0,0,False,False,10,2
000000566923.jpg,NANO,onnx_cuda,False,7,51,3,True,True,58,12
000000567011.jpg,NANO,onnx_cuda,False,1,7,0,True,True,16,2
000000567197.jpg,NANO,onnx_cuda,False,0,0,2,True,False,10,9
000000567432.jpg,NANO,onnx_cuda,False,0,0,0,False,False,12,1
000000567640.jpg,NANO,onnx_cuda,False,5,40,2,True,True,56,11
000000567740.jpg,NANO,onnx_cuda,False,2,16,0,True,True,29,6
000000567825.jpg,NANO,onnx_cuda,False,0,0,0,False,False,24,3
000000567886.jpg,NANO,onnx_cuda,False,0,0,1,True,False,12,5
000000567898.jpg,NANO,onnx_cuda,False,0,0,0,False,False,0,17
000000568147.jpg,NANO,onnx_cuda,False,0,0,4,True,False,18,7
000000568195.jpg,NANO,onnx_cuda,False,3,24,0,True,True,61,13
000000568213.jpg,NANO,onnx_cuda,False,2,21,0,True,True,24,3
000000568290.jpg,NANO,onnx_cuda,False,0,0,7,True,False,21,10
000000568439.jpg,NANO,onnx_cuda,False,3,15,10,True,True,38,24
000000568584.jpg,NANO,onnx_cuda,False,0,0,1,True,False,16,4
000000568690.jpg,NANO,onnx_cuda,False,0,0,0,False,False,23,2
000000568710.jpg,NANO,onnx_cuda,False,0,0,1,True,False,10,8
000000568814.jpg,NANO,onnx_cuda,False,2,21,1,True,True,23,6
000000568981.jpg,NANO,onnx_cuda,False,2,18,0,True,True,23,4
000000569030.jpg,NANO,onnx_cuda,False,4,29,8,True,True,53,24
000000569059.jpg,NANO,onnx_cuda,False,0,0,9,True,False,43,14
000000569273.jpg,NANO,onnx_cuda,False,0,0,5,True,False,11,6
000000569565.jpg,NANO,onnx_cuda,False,0,0,0,False,False,9,2
000000569700.jpg,NANO,onnx_cuda,False,0,0,0,False,False,15,2
000000569825.jpg,NANO,onnx_cuda,False,1,8,4,True,True,18,6
000000569917.jpg,NANO,onnx_cuda,False,0,0,0,False,False,18,5
000000569972.jpg,NANO,onnx_cuda,False,1,9,0,True,True,11,2
000000569976.jpg,NANO,onnx_cuda,False,3,19,0,True,True,22,7
000000570169.jpg,NANO,onnx_cuda,False,0,0,0,False,False,11,1
000000570448.jpg,NANO,onnx_cuda,False,1,0,1,True,True,9,10
000000570456.jpg,NANO,onnx_cuda,False,0,0,0,False,False,16,11
000000570471.jpg,NANO,onnx_cuda,False,1,9,1,True,True,19,10
000000570539.jpg,NANO,onnx_cuda,False,3,21,3,True,True,34,8
000000570664.jpg,NANO,onnx_cuda,False,1,9,0,True,True,19,3
000000570688.jpg,NANO,onnx_cuda,False,7,48,6,True,True,91,35
000000570736.jpg,NANO,onnx_cuda,False,0,0,0,False,False,22,2
000000570756.jpg,NANO,onnx_cuda,False,3,10,10,True,True,16,26
000000570782.jpg,NANO,onnx_cuda,False,0,0,0,False,False,46,8
000000570834.jpg,NANO,onnx_cuda,False,6,27,6,True,True,33,12
000000571008.jpg,NANO,onnx_cuda,False,0,0,0,False,False,10,1
000000571264.jpg,NANO,onnx_cuda,False,2,17,0,True,True,19,2
000000571313.jpg,NANO,onnx_cuda,False,0,0,0,False,False,7,8
000000571598.jpg,NANO,onnx_cuda,False,3,28,7,True,True,50,15
000000571718.jpg,NANO,onnx_cuda,False,1,11,1,True,True,12,33
000000571804.jpg,NANO,onnx_cuda,False,0,0,0,False,False,11,9
000000571857.jpg,NANO,onnx_cuda,False,2,11,2,True,True,22,14
000000571893.jpg,NANO,onnx_cuda,False,0,0,0,False,False,0,17
000000571943.jpg,NANO,onnx_cuda,False,0,0,0,False,False,10,1
000000572303.jpg,NANO,onnx_cuda,False,0,0,0,False,False,10,2
000000572388.jpg,NANO,onnx_cuda,False,0,0,0,False,False,13,5
000000572408.jpg,NANO,onnx_cuda,False,0,0,0,False,False,7,5
000000572462.jpg,NANO,onnx_cuda,False,3,32,6,True,True,40,17
000000572517.jpg,NANO,onnx_cuda,False,0,0,0,False,False,10,2
000000572555.jpg,NANO,onnx_cuda,False,0,0,0,False,False,10,4
000000572620.jpg,NANO,onnx_cuda,False,5,59,8,True,True,69,16
000000572678.jpg,NANO,onnx_cuda,False,0,0,0,False,False,26,34
000000572900.jpg,NANO,onnx_cuda,False,3,27,4,True,True,31,11
000000572956.jpg,NANO,onnx_cuda,False,4,32,4,True,True,36,8
000000573008.jpg,NANO,onnx_cuda,False,0,0,0,False,False,0,1
000000573094.jpg,NANO,onnx_cuda,False,1,2,0,True,True,16,14
000000573258.jpg,NANO,onnx_cuda,False,1,9,0,True,True,17,3
000000573391.jpg,NANO,onnx_cuda,False,0,0,0,False,False,9,1
000000573626.jpg,NANO,onnx_cuda,False,0,0,0,False,False,10,2
000000573943.jpg,NANO,onnx_cuda,False,0,0,0,False,False,0,13
000000574297.jpg,NANO,onnx_cuda,False,1,8,0,True,True,19,2
000000574315.jpg,NANO,onnx_cuda,False,0,0,1,True,False,29,5
000000574425.jpg,NANO,onnx_cuda,False,0,0,0,False,False,19,2
000000574520.jpg,NANO,onnx_cuda,False,1,3,0,True,True,4,2
000000574702.jpg,NANO,onnx_cuda,False,4,15,14,True,True,19,18
000000574810.jpg,NANO,onnx_cuda,False,0,0,0,False,False,10,1
000000574823.jpg,NANO,onnx_cuda,False,5,32,0,True,True,37,7
000000575081.jpg,NANO,onnx_cuda,False,1,11,0,True,True,27,4
000000575187.jpg,NANO,onnx_cuda,False,1,4,0,True,True,9,3
000000575205.jpg,NANO,onnx_cuda,False,0,1,0,False,True,1,1
000000575243.jpg,NANO,onnx_cuda,False,1,10,0,True,True,38,10
000000575357.jpg,NANO,onnx_cuda,False,0,0,0,False,False,16,2
000000575372.jpg,NANO,onnx_cuda,False,0,0,0,False,False,24,4
000000575500.jpg,NANO,onnx_cuda,False,0,0,0,False,False,9,1
000000575815.jpg,NANO,onnx_cuda,False,0,0,0,False,False,16,1
000000575970.jpg,NANO,onnx_cuda,False,0,0,0,False,False,40,29
000000576031.jpg,NANO,onnx_cuda,False,2,18,2,True,True,26,5
000000576052.jpg,NANO,onnx_cuda,False,1,12,0,True,True,21,2
000000576566.jpg,NANO,onnx_cuda,False,1,20,0,True,True,30,4
000000576654.jpg,NANO,onnx_cuda,False,1,9,1,True,True,20,3
000000576955.jpg,NANO,onnx_cuda,False,2,27,0,True,True,39,3
000000577149.jpg,NANO,onnx_cuda,False,0,0,0,False,False,33,4
000000577182.jpg,NANO,onnx_cuda,False,0,0,0,False,False,19,4
000000577539.jpg,NANO,onnx_cuda,False,0,0,2,True,False,9,5
000000577584.jpg,NANO,onnx_cuda,False,0,0,0,False,False,0,2
000000577735.jpg,NANO,onnx_cuda,False,0,0,0,False,False,21,2
000000577862.jpg,NANO,onnx_cuda,False,0,0,0,False,False,19,2
000000577864.jpg,NANO,onnx_cuda,False,2,17,1,True,True,23,4
000000577932.jpg,NANO,onnx_cuda,False,5,33,7,True,True,66,21
000000577959.jpg,NANO,onnx_cuda,False,1,2,0,True,True,11,2
000000577976.jpg,NANO,onnx_cuda,False,0,0,0,False,False,14,4
000000578093.jpg,NANO,onnx_cuda,False,0,0,4,True,False,6,5
000000578236.jpg,NANO,onnx_cuda,False,0,0,0,False,False,10,3
000000578489.jpg,NANO,onnx_cuda,False,5,42,2,True,True,47,11
000000578500.jpg,NANO,onnx_cuda,False,0,0,0,False,False,11,14
000000578545.jpg,NANO,onnx_cuda,False,1,11,0,True,True,21,4
000000578792.jpg,NANO,onnx_cuda,False,2,13,0,True,True,15,2
000000578871.jpg,NANO,onnx_cuda,False,1,10,1,True,True,42,11
000000578922.jpg,NANO,onnx_cuda,False,0,0,0,False,False,22,7
000000578967.jpg,NANO,onnx_cuda,False,0,0,0,False,False,9,1
000000579070.jpg,NANO,onnx_cuda,False,4,31,2,True,True,88,30
000000579091.jpg,NANO,onnx_cuda,False,0,0,0,False,False,9,3
000000579158.jpg,NANO,onnx_cuda,False,0,0,0,False,False,13,9
000000579307.jpg,NANO,onnx_cuda,False,2,17,0,True,True,28,5
000000579321.jpg,NANO,onnx_cuda,False,1,11,0,True,True,17,2
000000579635.jpg,NANO,onnx_cuda,False,1,7,0,True,True,8,3
000000579655.jpg,NANO,onnx_cuda,False,1,9,0,True,True,11,16
000000579818.jpg,NANO,onnx_cuda,False,0,0,2,True,False,11,3
000000579893.jpg,NANO,onnx_cuda,False,0,0,0,False,False,6,1
000000579900.jpg,NANO,onnx_cuda,False,0,0,0,False,False,8,13
000000579902.jpg,NANO,onnx_cuda,False,2,21,0,True,True,33,8
000000579970.jpg,NANO,onnx_cuda,False,0,0,0,False,False,2,8
000000580197.jpg,NANO,onnx_cuda,False,3,29,0,True,True,37,5
000000580294.jpg,NANO,onnx_cuda,False,1,10,0,True,True,17,9
000000580410.jpg,NANO,onnx_cuda,False,0,0,0,False,False,11,19
000000580418.jpg,NANO,onnx_cuda,False,0,0,1,True,False,25,10
000000580757.jpg,NANO,onnx_cuda,False,0,4,0,False,True,6,1
000000581062.jpg,NANO,onnx_cuda,False,1,10,0,True,True,11,2
000000581100.jpg,NANO,onnx_cuda,False,0,4,0,False,True,23,4
000000581206.jpg,NANO,onnx_cuda,False,1,7,0,True,True,14,3
000000581317.jpg,NANO,onnx_cuda,False,1,10,0,True,True,11,2
000000581357.jpg,NANO,onnx_cuda,False,1,10,10,True,True,20,14
000000581482.jpg,NANO,onnx_cuda,False,0,0,0,False,False,11,2
000000581615.jpg,NANO,onnx_cuda,False,0,0,0,False,False,10,1
000000581781.jpg,NANO,onnx_cuda,False,0,0,0,False,False,0,13
000000000139.jpg,SMALL,onnx_cuda,False,1,8,1,True,True,71,20
000000000285.jpg,SMALL,onnx_cuda,False,0,0,0,False,False,10,1
000000000632.jpg,SMALL,onnx_cuda,False,0,0,0,False,False,43,17
000000000724.jpg,SMALL,onnx_cuda,False,0,0,0,False,False,12,4
000000000776.jpg,SMALL,onnx_cuda,False,0,0,0,False,False,24,4
000000000785.jpg,SMALL,onnx_cuda,False,1,9,0,True,True,15,2
000000000802.jpg,SMALL,onnx_cuda,False,0,0,0,False,False,20,2
000000000872.jpg,SMALL,onnx_cuda,False,2,18,0,True,True,20,4
000000000885.jpg,SMALL,onnx_cuda,False,3,30,5,True,True,42,9
000000001000.jpg,SMALL,onnx_cuda,False,10,93,2,True,True,111,17
000000001268.jpg,SMALL,onnx_cuda,False,4,45,0,True,True,60,11
000000001296.jpg,SMALL,onnx_cuda,False,2,11,0,True,True,23,4
000000001353.jpg,SMALL,onnx_cuda,False,1,4,5,True,True,8,7
000000001425.jpg,SMALL,onnx_cuda,False,0,0,0,False,False,20,2
000000001490.jpg,SMALL,onnx_cuda,False,1,10,0,True,True,13,2
000000001503.jpg,SMALL,onnx_cuda,False,0,0,0,False,False,51,5
000000001532.jpg,SMALL,onnx_cuda,False,0,0,0,False,False,47,8
000000001584.jpg,SMALL,onnx_cuda,False,3,14,8,True,True,46,14
000000001675.jpg,SMALL,onnx_cuda,False,0,0,0,False,False,17,2
000000001761.jpg,SMALL,onnx_cuda,False,0,0,5,True,False,19,7
000000001818.jpg,SMALL,onnx_cuda,False,0,0,0,False,False,16,2
000000001993.jpg,SMALL,onnx_cuda,False,0,0,0,False,False,31,4
000000002006.jpg,SMALL,onnx_cuda,False,2,18,1,True,True,30,8
000000002149.jpg,SMALL,onnx_cuda,False,0,0,0,False,False,34,2
000000002153.jpg,SMALL,onnx_cuda,False,4,37,0,True,True,46,5
000000002157.jpg,SMALL,onnx_cuda,False,0,0,0,False,False,74,16
000000002261.jpg,SMALL,onnx_cuda,False,1,9,0,True,True,11,2
000000002299.jpg,SMALL,onnx_cuda,False,9,102,4,True,True,112,22
000000002431.jpg,SMALL,onnx_cuda,False,1,10,1,True,True,77,9
000000002473.jpg,SMALL,onnx_cuda,False,3,25,1,True,True,37,5
000000002532.jpg,SMALL,onnx_cuda,False,1,9,0,True,True,20,2
000000002587.jpg,SMALL,onnx_cuda,False,0,0,0,False,False,10,2
000000002592.jpg,SMALL,onnx_cuda,False,0,0,0,False,False,16,3
000000002685.jpg,SMALL,onnx_cuda,False,5,55,1,True,True,70,19
000000002923.jpg,SMALL,onnx_cuda,False,0,0,0,False,False,2,7
000000003156.jpg,SMALL,onnx_cuda,False,1,9,0,True,True,21,3
000000003255.jpg,SMALL,onnx_cuda,False,3,19,3,True,True,22,10
000000003501.jpg,SMALL,onnx_cuda,False,0,0,0,False,False,27,3
000000003553.jpg,SMALL,onnx_cuda,False,1,9,0,True,True,20,2
000000003661.jpg,SMALL,onnx_cuda,False,0,0,0,False,False,5,3
000000003845.jpg,SMALL,onnx_cuda,False,0,0,0,False,False,43,12
000000003934.jpg,SMALL,onnx_cuda,False,6,51,1,True,True,69,14
000000004134.jpg,SMALL,onnx_cuda,False,11,88,2,True,True,117,26
000000004395.jpg,SMALL,onnx_cuda,False,1,9,0,True,True,19,2
000000004495.jpg,SMALL,onnx_cuda,False,0,0,0,False,False,29,3
000000004765.jpg,SMALL,onnx_cuda,False,1,9,0,True,True,24,2
000000004795.jpg,SMALL,onnx_cuda,False,0,0,0,False,False,32,3
000000005001.jpg,SMALL,onnx_cuda,False,7,111,7,True,True,133,17
000000005037.jpg,SMALL,onnx_cuda,False,1,8,6,True,True,29,10
000000005060.jpg,SMALL,onnx_cuda,False,1,11,0,True,True,12,2
000000005193.jpg,SMALL,onnx_cuda,False,6,48,0,True,True,74,9
000000005477.jpg,SMALL,onnx_cuda,False,0,0,0,False,False,10,2
000000005503.jpg,SMALL,onnx_cuda,False,0,16,0,False,True,26,1
000000005529.jpg,SMALL,onnx_cuda,False,1,9,0,True,True,20,2
000000005586.jpg,SMALL,onnx_cuda,False,4,33,9,True,True,37,14
000000005600.jpg,SMALL,onnx_cuda,False,0,0,0,False,False,32,3
000000005992.jpg,SMALL,onnx_cuda,False,0,0,0,False,False,49,5
000000006012.jpg,SMALL,onnx_cuda,False,0,0,0,False,False,17,2
000000006040.jpg,SMALL,onnx_cuda,False,1,2,8,True,True,14,12
000000006213.jpg,SMALL,onnx_cuda,False,0,0,0,False,False,0,2
000000006460.jpg,SMALL,onnx_cuda,False,1,8,0,True,True,11,2
000000006471.jpg,SMALL,onnx_cuda,False,8,82,2,True,True,112,16
000000006614.jpg,SMALL,onnx_cuda,False,0,0,0,False,False,12,2
000000006723.jpg,SMALL,onnx_cuda,False,0,0,0,False,False,11,6
000000006763.jpg,SMALL,onnx_cuda,False,3,26,0,True,True,40,7
000000006771.jpg,SMALL,onnx_cuda,False,8,74,0,True,True,83,9
000000006818.jpg,SMALL,onnx_cuda,False,0,0,0,False,False,0,1
000000006894.jpg,SMALL,onnx_cuda,False,1,7,0,True,True,26,2
000000006954.jpg,SMALL,onnx_cuda,False,5,50,0,True,True,74,7
000000007088.jpg,SMALL,onnx_cuda,False,1,9,0,True,True,20,4
000000007108.jpg,SMALL,onnx_cuda,False,0,0,0,False,False,40,5
000000007278.jpg,SMALL,onnx_cuda,False,1,9,0,True,True,10,2
000000007281.jpg,SMALL,onnx_cuda,False,2,28,8,True,True,51,12
000000007386.jpg,SMALL,onnx_cuda,False,1,9,2,True,True,11,5
000000007511.jpg,SMALL,onnx_cuda,False,3,12,10,True,True,25,16
000000007574.jpg,SMALL,onnx_cuda,False,0,0,0,False,False,62,12
000000007784.jpg,SMALL,onnx_cuda,False,0,0,0,False,False,12,1
000000007795.jpg,SMALL,onnx_cuda,False,0,0,0,False,False,25,4
000000007816.jpg,SMALL,onnx_cuda,False,8,57,3,True,True,65,11
000000007818.jpg,SMALL,onnx_cuda,False,0,0,0,False,False,30,11
000000007888.jpg,SMALL,onnx_cuda,False,0,0,0,False,False,20,2
000000007977.jpg,SMALL,onnx_cuda,False,1,9,4,True,True,18,6
000000007991.jpg,SMALL,onnx_cuda,False,0,0,0,False,False,23,3
000000008021.jpg,SMALL,onnx_cuda,False,3,30,0,True,True,48,7
000000008211.jpg,SMALL,onnx_cuda,False,3,37,1,True,True,40,6
000000008277.jpg,SMALL,onnx_cuda,False,0,0,0,False,False,18,13
000000008532.jpg,SMALL,onnx_cuda,False,1,9,0,True,True,20,2
000000008629.jpg,SMALL,onnx_cuda,False,0,0,0,False,False,20,7
000000008690.jpg,SMALL,onnx_cuda,False,3,29,1,True,True,50,5
000000008762.jpg,SMALL,onnx_cuda,False,0,0,0,False,False,29,7
000000008844.jpg,SMALL,onnx_cuda,False,2,17,1,True,True,28,7
000000008899.jpg,SMALL,onnx_cuda,False,1,8,0,True,True,19,2
000000009378.jpg,SMALL,onnx_cuda,False,3,25,6,True,True,41,10
000000009400.jpg,SMALL,onnx_cuda,False,7,80,2,True,True,197,24
000000009448.jpg,SMALL,onnx_cuda,False,1,9,0,True,True,28,2
000000009483.jpg,SMALL,onnx_cuda,False,1,18,0,True,True,52,6
000000009590.jpg,SMALL,onnx_cuda,False,5,44,1,True,True,122,29
000000009769.jpg,SMALL,onnx_cuda,False,0,0,3,True,False,18,5
000000009772.jpg,SMALL,onnx_cuda,False,1,10,0,True,True,29,4
000000009891.jpg,SMALL,onnx_cuda,False,2,18,2,True,True,56,13
000000009914.jpg,SMALL,onnx_cuda,False,0,0,0,False,False,9,7
000000010092.jpg,SMALL,onnx_cuda,False,0,0,0,False,False,26,5
000000010363.jpg,SMALL,onnx_cuda,False,0,0,1,True,False,28,4
000000010583.jpg,SMALL,onnx_cuda,False,0,0,0,False,False,28,4
000000010707.jpg,SMALL,onnx_cuda,False,3,27,0,True,True,78,15
000000010764.jpg,SMALL,onnx_cuda,False,1,9,0,True,True,19,2
000000010977.jpg,SMALL,onnx_cuda,False,0,0,0,False,False,23,2
000000010995.jpg,SMALL,onnx_cuda,False,0,0,0,False,False,14,1
000000011051.jpg,SMALL,onnx_cuda,False,2,18,0,True,True,30,3
000000011122.jpg,SMALL,onnx_cuda,False,0,0,0,False,False,10,1
000000011149.jpg,SMALL,onnx_cuda,False,5,44,0,True,True,49,5
000000011197.jpg,SMALL,onnx_cuda,False,4,23,2,True,True,52,16
000000011511.jpg,SMALL,onnx_cuda,False,4,50,1,True,True,63,10
000000011615.jpg,SMALL,onnx_cuda,False,0,0,0,False,False,0,1
000000011699.jpg,SMALL,onnx_cuda,False,2,18,1,True,True,39,6
000000011760.jpg,SMALL,onnx_cuda,False,0,0,0,False,False,30,3
000000011813.jpg,SMALL,onnx_cuda,False,0,0,0,False,False,3,2
000000012062.jpg,SMALL,onnx_cuda,False,0,0,0,False,False,26,4
000000012120.jpg,SMALL,onnx_cuda,False,4,54,9,True,True,60,24
000000012280.jpg,SMALL,onnx_cuda,False,1,10,2,True,True,18,5
000000012576.jpg,SMALL,onnx_cuda,False,1,9,0,True,True,105,15
000000012639.jpg,SMALL,onnx_cuda,False,9,79,4,True,True,101,15
000000012667.jpg,SMALL,onnx_cuda,False,0,0,0,False,False,9,1
000000012670.jpg,SMALL,onnx_cuda,False,8,85,5,True,True,94,28
000000012748.jpg,SMALL,onnx_cuda,False,2,18,0,True,True,30,3
000000013004.jpg,SMALL,onnx_cuda,False,0,0,0,False,False,11,2
000000013177.jpg,SMALL,onnx_cuda,False,2,20,1,True,True,22,3
000000013201.jpg,SMALL,onnx_cuda,False,1,9,0,True,True,19,2
000000013291.jpg,SMALL,onnx_cuda,False,4,39,0,True,True,83,8
000000013348.jpg,SMALL,onnx_cuda,False,0,6,6,True,True,18,12
000000013546.jpg,SMALL,onnx_cuda,False,2,17,0,True,True,40,8
000000013597.jpg,SMALL,onnx_cuda,False,0,0,0,False,False,12,2
000000013659.jpg,SMALL,onnx_cuda,False,4,37,1,True,True,181,18
000000013729.jpg,SMALL,onnx_cuda,False,4,39,0,True,True,61,11
000000013774.jpg,SMALL,onnx_cuda,False,1,9,0,True,True,12,2
000000013923.jpg,SMALL,onnx_cuda,False,0,0,0,False,False,67,19
000000014007.jpg,SMALL,onnx_cuda,False,0,0,0,False,False,10,2
000000014038.jpg,SMALL,onnx_cuda,False,0,0,0,False,False,18,24
000000014226.jpg,SMALL,onnx_cuda,False,1,9,0,True,True,42,8
000000014380.jpg,SMALL,onnx_cuda,False,0,0,0,False,False,10,2
000000014439.jpg,SMALL,onnx_cuda,False,9,61,4,True,True,77,20
000000014473.jpg,SMALL,onnx_cuda,False,7,33,0,True,True,50,8
000000014831.jpg,SMALL,onnx_cuda,False,0,0,0,False,False,10,2
000000014888.jpg,SMALL,onnx_cuda,False,0,0,0,False,False,14,1
000000015079.jpg,SMALL,onnx_cuda,False,0,0,0,False,False,19,3
000000015254.jpg,SMALL,onnx_cuda,False,0,0,0,False,False,33,8
000000015272.jpg,SMALL,onnx_cuda,False,0,0,0,False,False,12,1
000000015278.jpg,SMALL,onnx_cuda,False,0,0,0,False,False,57,1
000000015335.jpg,SMALL,onnx_cuda,False,4,32,7,True,True,46,15
000000015338.jpg,SMALL,onnx_cuda,False,0,0,0,False,False,17,5
000000015440.jpg,SMALL,onnx_cuda,False,0,0,0,False,False,22,3
000000015497.jpg,SMALL,onnx_cuda,False,0,0,0,False,False,21,3
000000015517.jpg,SMALL,onnx_cuda,False,0,0,0,False,False,32,13
000000015597.jpg,SMALL,onnx_cuda,False,1,9,1,True,True,20,3
000000015660.jpg,SMALL,onnx_cuda,False,1,8,0,True,True,29,7
000000015746.jpg,SMALL,onnx_cuda,False,0,0,0,False,False,10,1
000000015751.jpg,SMALL,onnx_cuda,False,0,25,0,False,True,25,4
000000015956.jpg,SMALL,onnx_cuda,False,1,9,0,True,True,22,4
000000016010.jpg,SMALL,onnx_cuda,False,0,0,0,False,False,28,5
000000016228.jpg,SMALL,onnx_cuda,False,5,24,8,True,True,39,20
000000016249.jpg,SMALL,onnx_cuda,False,4,37,1,True,True,74,11
000000016439.jpg,SMALL,onnx_cuda,False,0,0,0,False,False,22,2
000000016451.jpg,SMALL,onnx_cuda,False,1,1,0,True,True,68,12
000000016502.jpg,SMALL,onnx_cuda,False,0,0,0,False,False,10,1
000000016598.jpg,SMALL,onnx_cuda,False,1,9,0,True,True,27,3
000000016958.jpg,SMALL,onnx_cuda,False,0,0,0,False,False,51,8
000000017029.jpg,SMALL,onnx_cuda,False,0,0,0,False,False,35,4
000000017031.jpg,SMALL,onnx_cuda,False,0,10,0,False,True,20,1
000000017115.jpg,SMALL,onnx_cuda,False,0,0,0,False,False,20,2
000000017178.jpg,SMALL,onnx_cuda,False,0,0,0,False,False,41,5
000000017182.jpg,SMALL,onnx_cuda,False,0,0,0,False,False,17,8
000000017207.jpg,SMALL,onnx_cuda,False,2,11,0,True,True,41,5
000000017379.jpg,SMALL,onnx_cuda,False,0,0,2,True,False,25,5
000000017436.jpg,SMALL,onnx_cuda,False,1,9,0,True,True,21,3
000000017627.jpg,SMALL,onnx_cuda,False,1,9,3,True,True,79,16
000000017714.jpg,SMALL,onnx_cuda,False,0,0,0,False,False,34,17
000000017899.jpg,SMALL,onnx_cuda,False,1,9,0,True,True,70,11
000000017905.jpg,SMALL,onnx_cuda,False,1,9,0,True,True,20,3
000000017959.jpg,SMALL,onnx_cuda,False,2,13,11,True,True,79,24
000000018150.jpg,SMALL,onnx_cuda,False,2,19,0,True,True,30,7
000000018193.jpg,SMALL,onnx_cuda,False,1,9,0,True,True,21,3
000000018380.jpg,SMALL,onnx_cuda,False,11,114,2,True,True,213,53
000000018491.jpg,SMALL,onnx_cuda,False,9,68,1,True,True,84,14
000000018519.jpg,SMALL,onnx_cuda,False,1,8,0,True,True,12,1
000000018575.jpg,SMALL,onnx_cuda,False,0,0,0,False,False,27,8
000000018737.jpg,SMALL,onnx_cuda,False,1,9,0,True,True,12,1
000000018770.jpg,SMALL,onnx_cuda,False,1,9,0,True,True,18,2
000000018833.jpg,SMALL,onnx_cuda,False,0,0,0,False,False,9,1
000000018837.jpg,SMALL,onnx_cuda,False,3,19,3,True,True,42,8
000000019042.jpg,SMALL,onnx_cuda,False,0,0,0,False,False,0,3
000000019109.jpg,SMALL,onnx_cuda,False,12,93,14,True,True,105,27
000000019221.jpg,SMALL,onnx_cuda,False,0,0,1,True,False,8,2
000000019402.jpg,SMALL,onnx_cuda,False,2,9,0,True,True,13,3
000000019432.jpg,SMALL,onnx_cuda,False,1,9,0,True,True,111,15
000000019742.jpg,SMALL,onnx_cuda,False,0,0,0,False,False,20,1
000000019786.jpg,SMALL,onnx_cuda,False,2,17,0,True,True,19,6
000000019924.jpg,SMALL,onnx_cuda,False,1,9,0,True,True,20,2
000000020059.jpg,SMALL,onnx_cuda,False,0,0,0,False,False,20,2
000000020107.jpg,SMALL,onnx_cuda,False,0,0,0,False,False,10,1
000000020247.jpg,SMALL,onnx_cuda,False,0,0,0,False,False,20,2
000000020333.jpg,SMALL,onnx_cuda,False,1,9,0,True,True,30,3
000000020553.jpg,SMALL,onnx_cuda,False,0,0,0,False,False,23,11
000000020571.jpg,SMALL,onnx_cuda,False,2,2,1,True,True,24,12
000000020992.jpg,SMALL,onnx_cuda,False,1,9,0,True,True,10,2
000000021167.jpg,SMALL,onnx_cuda,False,2,18,0,True,True,30,4
000000021465.jpg,SMALL,onnx_cuda,False,0,28,0,False,True,61,2
000000021503.jpg,SMALL,onnx_cuda,False,0,0,0,False,False,7,8
000000021604.jpg,SMALL,onnx_cuda,False,1,8,0,True,True,21,2
000000021839.jpg,SMALL,onnx_cuda,False,6,38,3,True,True,63,15
000000021879.jpg,SMALL,onnx_cuda,False,3,27,1,True,True,56,7
000000021903.jpg,SMALL,onnx_cuda,False,2,18,0,True,True,30,3
000000022192.jpg,SMALL,onnx_cuda,False,0,0,0,False,False,20,3
000000022371.jpg,SMALL,onnx_cuda,False,1,9,0,True,True,33,4
000000022396.jpg,SMALL,onnx_cuda,False,0,0,0,False,False,18,1
000000022479.jpg,SMALL,onnx_cuda,False,1,9,0,True,True,18,4
000000022589.jpg,SMALL,onnx_cuda,False,0,0,0,False,False,20,2
000000022623.jpg,SMALL,onnx_cuda,False,0,0,0,False,False,10,1
000000022705.jpg,SMALL,onnx_cuda,False,1,7,0,True,True,39,5
000000022755.jpg,SMALL,onnx_cuda,False,0,0,0,False,False,13,4
000000022892.jpg,SMALL,onnx_cuda,False,0,0,0,False,False,30,5
000000022935.jpg,SMALL,onnx_cuda,False,2,18,0,True,True,30,3
000000022969.jpg,SMALL,onnx_cuda,False,0,0,0,False,False,20,2
000000023023.jpg,SMALL,onnx_cuda,False,0,0,0,False,False,22,2
000000023034.jpg,SMALL,onnx_cuda,False,2,9,0,True,True,33,5
000000023126.jpg,SMALL,onnx_cuda,False,1,10,0,True,True,20,3
000000023230.jpg,SMALL,onnx_cuda,False,0,0,0,False,False,13,4
000000023272.jpg,SMALL,onnx_cuda,False,0,0,0,False,False,22,2
000000023359.jpg,SMALL,onnx_cuda,False,1,9,0,True,True,11,2
000000023666.jpg,SMALL,onnx_cuda,False,0,0,0,False,False,11,1
000000023751.jpg,SMALL,onnx_cuda,False,0,10,0,False,True,21,1
000000023781.jpg,SMALL,onnx_cuda,False,0,0,0,False,False,36,7
000000023899.jpg,SMALL,onnx_cuda,False,2,30,1,True,True,36,9
000000023937.jpg,SMALL,onnx_cuda,False,0,0,0,False,False,16,6
000000024021.jpg,SMALL,onnx_cuda,False,1,24,12,True,True,26,26
000000024027.jpg,SMALL,onnx_cuda,False,1,0,1,True,True,11,3
000000024144.jpg,SMALL,onnx_cuda,False,0,0,0,False,False,3,1
000000024243.jpg,SMALL,onnx_cuda,False,3,27,10,True,True,57,18
000000024567.jpg,SMALL,onnx_cuda,False,1,19,0,True,True,32,9
000000024610.jpg,SMALL,onnx_cuda,False,0,0,0,False,False,42,16
000000024919.jpg,SMALL,onnx_cuda,False,0,0,0,False,False,21,2
000000025057.jpg,SMALL,onnx_cuda,False,2,18,0,True,True,30,4
000000025096.jpg,SMALL,onnx_cuda,False,1,9,0,True,True,10,6
000000025139.jpg,SMALL,onnx_cuda,False,0,0,0,False,False,20,2
000000025181.jpg,SMALL,onnx_cuda,False,2,3,1,True,True,15,9
000000025228.jpg,SMALL,onnx_cuda,False,1,9,0,True,True,18,2
000000025386.jpg,SMALL,onnx_cuda,False,2,18,1,True,True,24,8
000000025393.jpg,SMALL,onnx_cuda,False,2,18,1,True,True,52,9
000000025394.jpg,SMALL,onnx_cuda,False,3,26,0,True,True,165,24
000000025424.jpg,SMALL,onnx_cuda,False,1,9,0,True,True,24,3
000000025560.jpg,SMALL,onnx_cuda,False,0,0,1,True,False,38,4
000000025593.jpg,SMALL,onnx_cuda,False,0,0,0,False,False,0,0
000000025603.jpg,SMALL,onnx_cuda,False,2,29,2,True,True,128,23
000000025986.jpg,SMALL,onnx_cuda,False,0,0,0,False,False,56,18
000000026204.jpg,SMALL,onnx_cuda,False,2,18,2,True,True,83,13
000000026465.jpg,SMALL,onnx_cuda,False,1,9,0,True,True,44,6
000000026564.jpg,SMALL,onnx_cuda,False,0,0,0,False,False,76,19
000000026690.jpg,SMALL,onnx_cuda,False,6,36,7,True,True,42,15
000000026926.jpg,SMALL,onnx_cuda,False,0,0,0,False,False,26,3
000000026941.jpg,SMALL,onnx_cuda,False,0,0,2,True,False,70,10
000000027186.jpg,SMALL,onnx_cuda,False,1,9,0,True,True,21,4
000000027620.jpg,SMALL,onnx_cuda,False,0,0,0,False,False,34,7
000000027696.jpg,SMALL,onnx_cuda,False,1,0,0,True,True,27,4
000000027768.jpg,SMALL,onnx_cuda,False,2,10,5,True,True,22,9
000000027932.jpg,SMALL,onnx_cuda,False,0,0,0,False,False,3,1
000000027972.jpg,SMALL,onnx_cuda,False,1,9,0,True,True,23,2
000000027982.jpg,SMALL,onnx_cuda,False,0,0,0,False,False,20,2
000000028285.jpg,SMALL,onnx_cuda,False,0,0,0,False,False,5,1
000000028449.jpg,SMALL,onnx_cuda,False,0,0,0,False,False,53,5
000000028452.jpg,SMALL,onnx_cuda,False,0,0,0,False,False,20,2
000000028809.jpg,SMALL,onnx_cuda,False,0,0,0,False,False,7,4
000000028993.jpg,SMALL,onnx_cuda,False,1,2,8,True,True,11,15
000000029187.jpg,SMALL,onnx_cuda,False,1,13,0,True,True,24,2
000000029393.jpg,SMALL,onnx_cuda,False,0,0,0,False,False,10,4
000000029397.jpg,SMALL,onnx_cuda,False,1,9,0,True,True,20,2
000000029596.jpg,SMALL,onnx_cuda,False,0,0,0,False,False,52,11
000000029640.jpg,SMALL,onnx_cuda,False,0,0,0,False,False,57,14
000000029675.jpg,SMALL,onnx_cuda,False,0,0,0,False,False,22,4
000000029984.jpg,SMALL,onnx_cuda,False,4,29,0,True,True,67,7
000000030213.jpg,SMALL,onnx_cuda,False,0,0,0,False,False,51,14
000000030494.jpg,SMALL,onnx_cuda,False,0,0,0,False,False,12,2
000000030504.jpg,SMALL,onnx_cuda,False,1,9,0,True,True,27,3
000000030675.jpg,SMALL,onnx_cuda,False,0,0,0,False,False,10,1
000000030785.jpg,SMALL,onnx_cuda,False,0,0,0,False,False,22,10
000000030828.jpg,SMALL,onnx_cuda,False,0,4,1,True,True,27,5
000000031050.jpg,SMALL,onnx_cuda,False,0,0,0,False,False,28,1
000000031093.jpg,SMALL,onnx_cuda,False,2,14,1,True,True,26,6
000000031118.jpg,SMALL,onnx_cuda,False,5,15,8,True,True,34,17
000000031217.jpg,SMALL,onnx_cuda,False,1,9,0,True,True,20,3
000000031248.jpg,SMALL,onnx_cuda,False,0,0,0,False,False,51,21
000000031269.jpg,SMALL,onnx_cuda,False,0,0,0,False,False,30,3
000000031296.jpg,SMALL,onnx_cuda,False,10,96,3,True,True,172,52
000000031322.jpg,SMALL,onnx_cuda,False,0,0,2,True,False,110,26
000000031620.jpg,SMALL,onnx_cuda,False,3,26,1,True,True,51,10
000000031735.jpg,SMALL,onnx_cuda,False,0,0,0,False,False,62,5
000000031749.jpg,SMALL,onnx_cuda,False,0,0,0,False,False,15,1
000000031817.jpg,SMALL,onnx_cuda,False,3,27,3,True,True,30,6
000000032038.jpg,SMALL,onnx_cuda,False,0,0,1,True,False,10,4
000000032081.jpg,SMALL,onnx_cuda,False,1,9,0,True,True,21,2
000000032285.jpg,SMALL,onnx_cuda,False,0,0,0,False,False,10,1
000000032334.jpg,SMALL,onnx_cuda,False,5,45,0,True,True,90,10
000000032570.jpg,SMALL,onnx_cuda,False,1,9,0,True,True,13,2
000000032610.jpg,SMALL,onnx_cuda,False,0,0,0,False,False,57,7
000000032735.jpg,SMALL,onnx_cuda,False,2,20,0,True,True,36,4
000000032811.jpg,SMALL,onnx_cuda,False,0,0,0,False,False,21,1
000000032817.jpg,SMALL,onnx_cuda,False,1,9,1,True,True,59,3
000000032861.jpg,SMALL,onnx_cuda,False,1,9,0,True,True,10,2
000000032887.jpg,SMALL,onnx_cuda,False,2,17,0,True,True,24,4
000000032901.jpg,SMALL,onnx_cuda,False,5,44,0,True,True,94,21
000000032941.jpg,SMALL,onnx_cuda,False,0,1,3,True,True,23,13
000000033005.jpg,SMALL,onnx_cuda,False,1,9,0,True,True,22,2
000000033104.jpg,SMALL,onnx_cuda,False,5,46,1,True,True,53,9
000000033109.jpg,SMALL,onnx_cuda,False,0,0,0,False,False,27,9
000000033114.jpg,SMALL,onnx_cuda,False,0,0,0,False,False,24,8
000000033221.jpg,SMALL,onnx_cuda,False,6,52,4,True,True,70,18
000000033368.jpg,SMALL,onnx_cuda,False,1,10,0,True,True,20,3
000000033638.jpg,SMALL,onnx_cuda,False,1,9,0,True,True,32,8
000000033707.jpg,SMALL,onnx_cuda,False,0,0,0,False,False,19,2
000000033759.jpg,SMALL,onnx_cuda,False,1,9,0,True,True,15,5
000000033854.jpg,SMALL,onnx_cuda,False,8,40,9,True,True,78,22
000000034071.jpg,SMALL,onnx_cuda,False,0,0,0,False,False,13,2
000000034139.jpg,SMALL,onnx_cuda,False,2,17,0,True,True,37,4
000000034205.jpg,SMALL,onnx_cuda,False,0,0,0,False,False,23,3
000000034257.jpg,SMALL,onnx_cuda,False,0,0,0,False,False,1,6
000000034417.jpg,SMALL,onnx_cuda,False,4,40,2,True,True,53,20
000000034452.jpg,SMALL,onnx_cuda,False,1,9,0,True,True,11,3
000000034760.jpg,SMALL,onnx_cuda,False,0,0,0,False,False,31,4
000000034873.jpg,SMALL,onnx_cuda,False,0,0,0,False,False,46,9
000000035062.jpg,SMALL,onnx_cuda,False,0,0,1,True,False,10,2
000000035197.jpg,SMALL,onnx_cuda,False,2,18,0,True,True,29,3
000000035279.jpg,SMALL,onnx_cuda,False,1,8,0,True,True,64,9
000000035326.jpg,SMALL,onnx_cuda,False,0,0,0,False,False,11,6
000000035682.jpg,SMALL,onnx_cuda,False,3,13,1,True,True,53,18
000000035770.jpg,SMALL,onnx_cuda,False,0,0,0,False,False,20,4
000000035963.jpg,SMALL,onnx_cuda,False,0,0,0,False,False,13,2
000000036494.jpg,SMALL,onnx_cuda,False,7,48,6,True,True,104,49
000000036539.jpg,SMALL,onnx_cuda,False,2,18,0,True,True,38,3
000000036660.jpg,SMALL,onnx_cuda,False,0,0,1,True,False,34,5
000000036678.jpg,SMALL,onnx_cuda,False,0,0,0,False,False,15,6
000000036844.jpg,SMALL,onnx_cuda,False,0,0,1,True,False,75,14
000000036861.jpg,SMALL,onnx_cuda,False,0,0,0,False,False,20,2
000000036936.jpg,SMALL,onnx_cuda,False,2,16,0,True,True,61,22
000000037670.jpg,SMALL,onnx_cuda,False,0,10,1,True,True,20,3
000000037689.jpg,SMALL,onnx_cuda,False,7,46,6,True,True,66,15
000000037740.jpg,SMALL,onnx_cuda,False,0,0,0,False,False,63,22
000000037751.jpg,SMALL,onnx_cuda,False,1,10,2,True,True,11,4
000000037777.jpg,SMALL,onnx_cuda,False,0,0,0,False,False,58,14
000000037988.jpg,SMALL,onnx_cuda,False,3,29,0,True,True,40,5
000000038048.jpg,SMALL,onnx_cuda,False,1,10,0,True,True,21,4
000000038070.jpg,SMALL,onnx_cuda,False,0,0,0,False,False,10,1
000000038118.jpg,SMALL,onnx_cuda,False,1,9,0,True,True,10,2
000000038210.jpg,SMALL,onnx_cuda,False,2,11,0,True,True,20,3
000000038576.jpg,SMALL,onnx_cuda,False,0,0,0,False,False,32,4
000000038678.jpg,SMALL,onnx_cuda,False,3,21,1,True,True,44,7
000000038825.jpg,SMALL,onnx_cuda,False,0,0,0,False,False,20,2
000000038829.jpg,SMALL,onnx_cuda,False,9,71,2,True,True,81,12
000000039405.jpg,SMALL,onnx_cuda,False,4,27,9,True,True,50,29
000000039477.jpg,SMALL,onnx_cuda,False,0,0,0,False,False,53,15
000000039480.jpg,SMALL,onnx_cuda,False,1,15,0,True,True,26,2
000000039484.jpg,SMALL,onnx_cuda,False,1,2,12,True,True,83,35
000000039551.jpg,SMALL,onnx_cuda,False,1,9,0,True,True,19,3
000000039670.jpg,SMALL,onnx_cuda,False,0,0,0,False,False,10,1
000000039769.jpg,SMALL,onnx_cuda,False,0,0,0,False,False,34,6
000000039785.jpg,SMALL,onnx_cuda,False,1,10,2,True,True,20,6
000000039914.jpg,SMALL,onnx_cuda,False,4,18,6,True,True,29,11
000000039951.jpg,SMALL,onnx_cuda,False,1,9,2,True,True,21,5
000000039956.jpg,SMALL,onnx_cuda,False,0,0,0,False,False,34,2
000000040036.jpg,SMALL,onnx_cuda,False,1,9,0,True,True,20,3
000000040083.jpg,SMALL,onnx_cuda,False,4,38,1,True,True,85,11
000000040471.jpg,SMALL,onnx_cuda,False,0,0,0,False,False,22,20
000000040757.jpg,SMALL,onnx_cuda,False,0,0,1,True,False,9,3
000000041488.jpg,SMALL,onnx_cuda,False,0,0,0,False,False,0,0
000000041633.jpg,SMALL,onnx_cuda,False,0,0,0,False,False,10,3
000000041635.jpg,SMALL,onnx_cuda,False,0,0,0,False,False,45,4
000000041872.jpg,SMALL,onnx_cuda,False,0,0,0,False,False,48,5
000000041888.jpg,SMALL,onnx_cuda,False,0,0,0,False,False,24,3
000000041990.jpg,SMALL,onnx_cuda,False,3,27,0,True,True,30,4
000000042070.jpg,SMALL,onnx_cuda,False,0,0,1,True,False,11,3
000000042102.jpg,SMALL,onnx_cuda,False,1,9,0,True,True,29,3
000000042178.jpg,SMALL,onnx_cuda,False,0,0,0,False,False,0,3
000000042276.jpg,SMALL,onnx_cuda,False,0,0,0,False,False,18,2
000000042296.jpg,SMALL,onnx_cuda,False,0,0,0,False,False,39,4
000000042528.jpg,SMALL,onnx_cuda,False,1,15,0,True,True,29,3
000000042563.jpg,SMALL,onnx_cuda,False,0,0,0,False,False,11,1
000000042628.jpg,SMALL,onnx_cuda,False,5,45,0,True,True,60,8
000000042888.jpg,SMALL,onnx_cuda,False,0,0,0,False,False,0,0
000000042889.jpg,SMALL,onnx_cuda,False,0,0,0,False,False,20,2
000000043314.jpg,SMALL,onnx_cuda,False,2,9,1,True,True,22,5
000000043435.jpg,SMALL,onnx_cuda,False,2,12,0,True,True,14,5
000000043581.jpg,SMALL,onnx_cuda,False,0,0,0,False,False,29,4
000000043737.jpg,SMALL,onnx_cuda,False,0,0,0,False,False,28,6
000000043816.jpg,SMALL,onnx_cuda,False,2,31,0,True,True,54,5
000000044068.jpg,SMALL,onnx_cuda,False,0,0,0,False,False,19,2
000000044195.jpg,SMALL,onnx_cuda,False,2,18,0,True,True,28,3
000000044260.jpg,SMALL,onnx_cuda,False,0,0,0,False,False,0,6
000000044279.jpg,SMALL,onnx_cuda,False,2,18,0,True,True,20,11
000000044590.jpg,SMALL,onnx_cuda,False,18,107,6,True,True,125,25
000000044652.jpg,SMALL,onnx_cuda,False,0,0,0,False,False,10,1
000000044699.jpg,SMALL,onnx_cuda,False,0,0,0,False,False,38,4
000000044877.jpg,SMALL,onnx_cuda,False,2,30,1,True,True,41,6
000000045070.jpg,SMALL,onnx_cuda,False,1,9,0,True,True,10,2
000000045090.jpg,SMALL,onnx_cuda,False,2,10,0,True,True,12,4
000000045229.jpg,SMALL,onnx_cuda,False,0,0,0,False,False,24,22
000000045472.jpg,SMALL,onnx_cuda,False,0,0,0,False,False,91,6
000000045550.jpg,SMALL,onnx_cuda,False,3,39,4,True,True,65,10
000000045596.jpg,SMALL,onnx_cuda,False,3,11,6,True,True,16,12
000000045728.jpg,SMALL,onnx_cuda,False,0,0,0,False,False,6,2
000000046031.jpg,SMALL,onnx_cuda,False,0,0,0,False,False,62,6
000000046048.jpg,SMALL,onnx_cuda,False,1,9,0,True,True,33,4
000000046252.jpg,SMALL,onnx_cuda,False,3,26,0,True,True,45,5
000000046378.jpg,SMALL,onnx_cuda,False,0,0,0,False,False,8,2
000000046463.jpg,SMALL,onnx_cuda,False,0,0,1,True,False,6,3
000000046497.jpg,SMALL,onnx_cuda,False,3,33,0,True,True,51,4
000000046804.jpg,SMALL,onnx_cuda,False,0,0,0,False,False,10,1
000000046872.jpg,SMALL,onnx_cuda,False,1,9,1,True,True,26,6
000000047010.jpg,SMALL,onnx_cuda,False,0,0,0,False,False,41,4
000000047112.jpg,SMALL,onnx_cuda,False,0,7,1,True,True,80,25
000000047121.jpg,SMALL,onnx_cuda,False,0,0,0,False,False,32,4
000000047571.jpg,SMALL,onnx_cuda,False,2,18,0,True,True,30,3
000000047585.jpg,SMALL,onnx_cuda,False,4,28,1,True,True,44,7
000000047740.jpg,SMALL,onnx_cuda,False,1,9,3,True,True,18,6
000000047769.jpg,SMALL,onnx_cuda,False,0,0,0,False,False,35,6
000000047801.jpg,SMALL,onnx_cuda,False,1,9,4,True,True,29,7
000000047819.jpg,SMALL,onnx_cuda,False,1,22,0,True,True,45,4
000000047828.jpg,SMALL,onnx_cuda,False,6,42,5,True,True,49,13
000000048153.jpg,SMALL,onnx_cuda,False,1,5,0,True,True,6,2
000000048396.jpg,SMALL,onnx_cuda,False,2,18,0,True,True,39,7
000000048504.jpg,SMALL,onnx_cuda,False,2,15,0,True,True,47,6
000000048555.jpg,SMALL,onnx_cuda,False,1,6,2,True,True,26,6
000000048564.jpg,SMALL,onnx_cuda,False,1,9,0,True,True,10,2
000000048924.jpg,SMALL,onnx_cuda,False,1,9,0,True,True,19,3
000000049060.jpg,SMALL,onnx_cuda,False,3,27,3,True,True,40,7
000000049091.jpg,SMALL,onnx_cuda,False,0,0,0,False,False,0,0
000000049259.jpg,SMALL,onnx_cuda,False,1,9,0,True,True,16,1
000000049269.jpg,SMALL,onnx_cuda,False,0,0,0,False,False,20,2
000000049759.jpg,SMALL,onnx_cuda,False,12,102,1,True,True,121,14
000000049761.jpg,SMALL,onnx_cuda,False,0,0,0,False,False,42,17
000000049810.jpg,SMALL,onnx_cuda,False,0,0,0,False,False,24,3
000000050006.jpg,SMALL,onnx_cuda,False,0,0,2,True,False,19,11
000000050145.jpg,SMALL,onnx_cuda,False,3,26,5,True,True,39,11
000000050149.jpg,SMALL,onnx_cuda,False,0,0,0,False,False,63,14
000000050165.jpg,SMALL,onnx_cuda,False,0,0,0,False,False,9,1
000000050326.jpg,SMALL,onnx_cuda,False,1,9,0,True,True,18,3
000000050331.jpg,SMALL,onnx_cuda,False,0,0,0,False,False,14,4
000000050380.jpg,SMALL,onnx_cuda,False,3,30,0,True,True,62,5
000000050638.jpg,SMALL,onnx_cuda,False,1,9,0,True,True,10,2
000000050679.jpg,SMALL,onnx_cuda,False,0,0,0,False,False,57,13
000000050811.jpg,SMALL,onnx_cuda,False,1,9,0,True,True,57,9
000000050828.jpg,SMALL,onnx_cuda,False,0,0,0,False,False,22,4
000000050844.jpg,SMALL,onnx_cuda,False,0,0,0,False,False,20,2
000000050896.jpg,SMALL,onnx_cuda,False,0,0,0,False,False,16,14
000000050943.jpg,SMALL,onnx_cuda,False,1,4,0,True,True,5,2
000000051008.jpg,SMALL,onnx_cuda,False,0,0,0,False,False,20,2
000000051309.jpg,SMALL,onnx_cuda,False,0,0,0,False,False,42,4
000000051314.jpg,SMALL,onnx_cuda,False,1,9,0,True,True,21,2
000000051326.jpg,SMALL,onnx_cuda,False,0,0,0,False,False,43,1
000000051598.jpg,SMALL,onnx_cuda,False,0,0,0,False,False,10,2
000000051610.jpg,SMALL,onnx_cuda,False,1,9,0,True,True,26,3
000000051712.jpg,SMALL,onnx_cuda,False,1,9,0,True,True,19,2
000000051738.jpg,SMALL,onnx_cuda,False,0,0,0,False,False,10,3
000000051938.jpg,SMALL,onnx_cuda,False,4,16,7,True,True,20,13
000000051961.jpg,SMALL,onnx_cuda,False,0,0,0,False,False,10,1
000000051976.jpg,SMALL,onnx_cuda,False,1,9,0,True,True,13,2
000000052007.jpg,SMALL,onnx_cuda,False,2,18,4,True,True,31,8
000000052017.jpg,SMALL,onnx_cuda,False,0,0,1,True,False,10,2
000000052412.jpg,SMALL,onnx_cuda,False,0,0,0,False,False,9,16
000000052413.jpg,SMALL,onnx_cuda,False,1,13,1,True,True,34,5
000000052462.jpg,SMALL,onnx_cuda,False,0,0,0,False,False,20,2
000000052507.jpg,SMALL,onnx_cuda,False,1,9,0,True,True,20,2
000000052565.jpg,SMALL,onnx_cuda,False,0,0,0,False,False,10,1
000000052591.jpg,SMALL,onnx_cuda,False,1,9,0,True,True,10,2
000000052891.jpg,SMALL,onnx_cuda,False,0,0,6,True,False,22,8
000000052996.jpg,SMALL,onnx_cuda,False,5,46,2,True,True,100,23
000000053505.jpg,SMALL,onnx_cuda,False,0,0,0,False,False,10,9
000000053529.jpg,SMALL,onnx_cuda,False,0,0,1,True,False,14,3
000000053624.jpg,SMALL,onnx_cuda,False,3,10,2,True,True,28,6
000000053626.jpg,SMALL,onnx_cuda,False,4,36,0,True,True,51,9
000000053909.jpg,SMALL,onnx_cuda,False,1,6,0,True,True,17,2
000000053994.jpg,SMALL,onnx_cuda,False,0,0,0,False,False,10,4
000000054123.jpg,SMALL,onnx_cuda,False,0,0,0,False,False,40,6
000000054164.jpg,SMALL,onnx_cuda,False,1,8,0,True,True,19,2
000000054592.jpg,SMALL,onnx_cuda,False,2,18,0,True,True,38,5
000000054593.jpg,SMALL,onnx_cuda,False,5,49,2,True,True,81,18
000000054605.jpg,SMALL,onnx_cuda,False,2,21,2,True,True,92,15
000000054628.jpg,SMALL,onnx_cuda,False,1,13,0,True,True,79,23
000000054654.jpg,SMALL,onnx_cuda,False,1,9,0,True,True,10,2
000000054931.jpg,SMALL,onnx_cuda,False,1,9,0,True,True,20,2
000000054967.jpg,SMALL,onnx_cuda,False,1,9,0,True,True,74,16
000000055002.jpg,SMALL,onnx_cuda,False,0,0,1,True,False,17,2
000000055022.jpg,SMALL,onnx_cuda,False,4,33,5,True,True,37,9
000000055072.jpg,SMALL,onnx_cuda,False,0,0,0,False,False,10,1
000000055150.jpg,SMALL,onnx_cuda,False,1,17,1,True,True,101,15
000000055167.jpg,SMALL,onnx_cuda,False,1,5,5,True,True,25,11
000000055299.jpg,SMALL,onnx_cuda,False,0,0,0,False,False,10,3
000000055528.jpg,SMALL,onnx_cuda,False,1,12,0,True,True,42,7
000000055950.jpg,SMALL,onnx_cuda,False,1,9,0,True,True,21,3
000000056127.jpg,SMALL,onnx_cuda,False,0,0,0,False,False,0,8
000000056288.jpg,SMALL,onnx_cuda,False,0,0,0,False,False,34,3
000000056344.jpg,SMALL,onnx_cuda,False,0,0,0,False,False,50,7
000000056350.jpg,SMALL,onnx_cuda,False,0,1,9,True,True,1,10
000000056545.jpg,SMALL,onnx_cuda,False,0,0,0,False,False,10,1
000000057027.jpg,SMALL,onnx_cuda,False,0,0,0,False,False,39,4
000000057149.jpg,SMALL,onnx_cuda,False,0,0,0,False,False,21,6
000000057150.jpg,SMALL,onnx_cuda,False,7,52,5,True,True,91,23
000000057232.jpg,SMALL,onnx_cuda,False,0,0,0,False,False,34,15
000000057238.jpg,SMALL,onnx_cuda,False,0,0,0,False,False,31,4
000000057244.jpg,SMALL,onnx_cuda,False,0,0,0,False,False,13,1
000000057597.jpg,SMALL,onnx_cuda,False,4,31,9,True,True,46,32
000000057672.jpg,SMALL,onnx_cuda,False,9,82,2,True,True,103,16
000000057725.jpg,SMALL,onnx_cuda,False,0,0,0,False,False,16,2
000000057760.jpg,SMALL,onnx_cuda,False,6,19,7,True,True,27,18
000000058029.jpg,SMALL,onnx_cuda,False,0,0,0,False,False,22,2
000000058111.jpg,SMALL,onnx_cuda,False,0,0,0,False,False,12,6
000000058350.jpg,SMALL,onnx_cuda,False,2,17,0,True,True,34,6
000000058384.jpg,SMALL,onnx_cuda,False,0,0,0,False,False,27,4
000000058393.jpg,SMALL,onnx_cuda,False,0,15,2,True,True,25,3
000000058539.jpg,SMALL,onnx_cuda,False,4,43,1,True,True,69,11
000000058636.jpg,SMALL,onnx_cuda,False,0,0,0,False,False,0,0
000000058655.jpg,SMALL,onnx_cuda,False,0,0,0,False,False,9,1
000000058705.jpg,SMALL,onnx_cuda,False,2,18,0,True,True,34,4
000000059044.jpg,SMALL,onnx_cuda,False,5,50,8,True,True,73,19
000000059386.jpg,SMALL,onnx_cuda,False,0,0,0,False,False,50,10
000000059598.jpg,SMALL,onnx_cuda,False,0,0,2,True,False,36,10
000000059635.jpg,SMALL,onnx_cuda,False,10,154,8,True,True,198,25
000000059920.jpg,SMALL,onnx_cuda,False,0,0,0,False,False,20,2
000000060052.jpg,SMALL,onnx_cuda,False,1,9,0,True,True,10,2
000000060090.jpg,SMALL,onnx_cuda,False,1,4,4,True,True,15,6
000000060102.jpg,SMALL,onnx_cuda,False,2,18,0,True,True,31,3
000000060347.jpg,SMALL,onnx_cuda,False,1,9,0,True,True,19,2
000000060363.jpg,SMALL,onnx_cuda,False,0,0,0,False,False,10,13
000000060449.jpg,SMALL,onnx_cuda,False,0,0,0,False,False,36,5
000000060507.jpg,SMALL,onnx_cuda,False,5,30,8,True,True,37,19
000000060770.jpg,SMALL,onnx_cuda,False,0,0,0,False,False,20,2
000000060823.jpg,SMALL,onnx_cuda,False,1,9,1,True,True,69,28
000000060835.jpg,SMALL,onnx_cuda,False,0,0,0,False,False,12,3
000000060855.jpg,SMALL,onnx_cuda,False,0,0,0,False,False,0,7
000000060886.jpg,SMALL,onnx_cuda,False,11,81,2,True,True,92,14
000000060899.jpg,SMALL,onnx_cuda,False,1,8,0,True,True,35,8
000000060932.jpg,SMALL,onnx_cuda,False,7,58,5,True,True,78,17
000000061108.jpg,SMALL,onnx_cuda,False,1,13,0,True,True,22,9
000000061171.jpg,SMALL,onnx_cuda,False,0,0,0,False,False,57,7
000000061268.jpg,SMALL,onnx_cuda,False,1,10,0,True,True,21,7
000000061333.jpg,SMALL,onnx_cuda,False,0,0,0,False,False,37,14
000000061418.jpg,SMALL,onnx_cuda,False,7,61,0,True,True,122,15
000000061471.jpg,SMALL,onnx_cuda,False,0,0,0,False,False,21,3
000000061584.jpg,SMALL,onnx_cuda,False,1,8,1,True,True,43,6
000000061658.jpg,SMALL,onnx_cuda,False,0,0,0,False,False,38,12
000000061747.jpg,SMALL,onnx_cuda,False,1,9,0,True,True,20,2
000000061960.jpg,SMALL,onnx_cuda,False,1,9,0,True,True,16,4
000000062025.jpg,SMALL,onnx_cuda,False,0,0,0,False,False,24,6
000000062353.jpg,SMALL,onnx_cuda,False,2,12,4,True,True,33,9
000000062355.jpg,SMALL,onnx_cuda,False,5,43,0,True,True,52,7
000000062554.jpg,SMALL,onnx_cuda,False,0,0,0,False,False,41,6
000000062692.jpg,SMALL,onnx_cuda,False,1,9,0,True,True,13,3
000000062808.jpg,SMALL,onnx_cuda,False,2,18,1,True,True,37,14
000000063047.jpg,SMALL,onnx_cuda,False,5,38,1,True,True,43,7
000000063154.jpg,SMALL,onnx_cuda,False,1,7,0,True,True,14,2
000000063552.jpg,SMALL,onnx_cuda,False,0,0,0,False,False,16,2
000000063602.jpg,SMALL,onnx_cuda,False,0,0,0,False,False,43,8
000000063740.jpg,SMALL,onnx_cuda,False,2,13,1,True,True,78,11
000000063965.jpg,SMALL,onnx_cuda,False,1,8,0,True,True,19,3
000000064084.jpg,SMALL,onnx_cuda,False,0,0,1,True,False,47,17
000000064359.jpg,SMALL,onnx_cuda,False,0,0,0,False,False,70,7
000000064462.jpg,SMALL,onnx_cuda,False,1,9,0,True,True,20,2
000000064495.jpg,SMALL,onnx_cuda,False,0,0,0,False,False,10,1
000000064499.jpg,SMALL,onnx_cuda,False,0,0,0,False,False,19,2
000000064523.jpg,SMALL,onnx_cuda,False,11,94,0,True,True,117,23
000000064574.jpg,SMALL,onnx_cuda,False,0,0,0,False,False,7,0
000000064718.jpg,SMALL,onnx_cuda,False,1,9,0,True,True,21,3
000000064868.jpg,SMALL,onnx_cuda,False,1,9,0,True,True,29,6
000000064898.jpg,SMALL,onnx_cuda,False,2,14,0,True,True,32,4
000000065074.jpg,SMALL,onnx_cuda,False,0,0,0,False,False,9,2
000000065288.jpg,SMALL,onnx_cuda,False,3,46,14,True,True,83,37
000000065350.jpg,SMALL,onnx_cuda,False,3,27,4,True,True,40,15
000000065455.jpg,SMALL,onnx_cuda,False,1,7,12,True,True,31,15
000000065485.jpg,SMALL,onnx_cuda,False,0,0,0,False,False,10,2
000000065736.jpg,SMALL,onnx_cuda,False,1,9,0,True,True,22,3
000000065798.jpg,SMALL,onnx_cuda,False,4,34,9,True,True,38,17
000000066038.jpg,SMALL,onnx_cuda,False,2,17,4,True,True,106,16
000000066135.jpg,SMALL,onnx_cuda,False,0,0,0,False,False,10,1
000000066231.jpg,SMALL,onnx_cuda,False,6,54,3,True,True,87,26
000000066523.jpg,SMALL,onnx_cuda,False,0,0,0,False,False,10,1
000000066561.jpg,SMALL,onnx_cuda,False,0,0,0,False,False,20,2
000000066635.jpg,SMALL,onnx_cuda,False,0,0,0,False,False,29,4
000000066706.jpg,SMALL,onnx_cuda,False,0,0,3,True,False,19,8
000000066771.jpg,SMALL,onnx_cuda,False,2,19,0,True,True,95,11
000000066817.jpg,SMALL,onnx_cuda,False,0,0,0,False,False,39,11
000000066841.jpg,SMALL,onnx_cuda,False,0,0,0,False,False,4,7
000000066886.jpg,SMALL,onnx_cuda,False,1,9,0,True,True,10,1
000000066926.jpg,SMALL,onnx_cuda,False,0,0,0,False,False,66,12
000000067180.jpg,SMALL,onnx_cuda,False,1,9,0,True,True,19,2
000000067213.jpg,SMALL,onnx_cuda,False,4,32,4,True,True,72,14
000000067310.jpg,SMALL,onnx_cuda,False,3,34,2,True,True,47,6
000000067315.jpg,SMALL,onnx_cuda,False,1,8,1,True,True,18,4
000000067406.jpg,SMALL,onnx_cuda,False,3,19,0,True,True,32,4
000000067534.jpg,SMALL,onnx_cuda,False,1,8,0,True,True,15,3
000000067616.jpg,SMALL,onnx_cuda,False,3,30,3,True,True,76,37
000000067896.jpg,SMALL,onnx_cuda,False,0,0,0,False,False,10,1
000000068078.jpg,SMALL,onnx_cuda,False,0,0,0,False,False,22,4
000000068093.jpg,SMALL,onnx_cuda,False,4,36,0,True,True,54,5
000000068286.jpg,SMALL,onnx_cuda,False,0,0,0,False,False,10,1
000000068387.jpg,SMALL,onnx_cuda,False,4,37,0,True,True,45,7
000000068409.jpg,SMALL,onnx_cuda,False,7,58,3,True,True,75,16
000000068628.jpg,SMALL,onnx_cuda,False,1,9,0,True,True,20,2
000000068765.jpg,SMALL,onnx_cuda,False,0,0,0,False,False,20,2
000000068833.jpg,SMALL,onnx_cuda,False,0,0,0,False,False,51,9
000000068933.jpg,SMALL,onnx_cuda,False,0,0,0,False,False,30,3
000000069106.jpg,SMALL,onnx_cuda,False,0,0,0,False,False,30,4
000000069138.jpg,SMALL,onnx_cuda,False,0,0,0,False,False,17,2
000000069213.jpg,SMALL,onnx_cuda,False,5,41,3,True,True,48,8
000000069224.jpg,SMALL,onnx_cuda,False,2,28,0,True,True,73,13
000000069356.jpg,SMALL,onnx_cuda,False,4,35,2,True,True,48,22
000000069795.jpg,SMALL,onnx_cuda,False,0,0,0,False,False,22,2
000000070048.jpg,SMALL,onnx_cuda,False,0,3,0,False,True,45,6
000000070158.jpg,SMALL,onnx_cuda,False,0,0,0,False,False,30,3
000000070229.jpg,SMALL,onnx_cuda,False,1,9,0,True,True,20,4
000000070254.jpg,SMALL,onnx_cuda,False,6,39,1,True,True,67,16
000000070739.jpg,SMALL,onnx_cuda,False,2,27,1,True,True,30,5
000000070774.jpg,SMALL,onnx_cuda,False,2,20,2,True,True,31,12
000000071226.jpg,SMALL,onnx_cuda,False,0,0,0,False,False,42,6
000000071451.jpg,SMALL,onnx_cuda,False,0,0,0,False,False,10,1
000000071711.jpg,SMALL,onnx_cuda,False,6,42,4,True,True,62,15
000000071756.jpg,SMALL,onnx_cuda,False,0,0,0,False,False,10,2
000000071877.jpg,SMALL,onnx_cuda,False,1,10,0,True,True,21,3
000000071938.jpg,SMALL,onnx_cuda,False,1,7,0,True,True,24,3
000000072281.jpg,SMALL,onnx_cuda,False,1,9,0,True,True,22,2
000000072795.jpg,SMALL,onnx_cuda,False,5,43,7,True,True,48,14
000000072813.jpg,SMALL,onnx_cuda,False,0,0,0,False,False,27,3
000000072852.jpg,SMALL,onnx_cuda,False,3,29,0,True,True,32,4
000000073118.jpg,SMALL,onnx_cuda,False,0,0,0,False,False,20,2
000000073153.jpg,SMALL,onnx_cuda,False,1,9,0,True,True,10,2
000000073326.jpg,SMALL,onnx_cuda,False,0,0,0,False,False,64,14
000000073533.jpg,SMALL,onnx_cuda,False,2,16,0,True,True,25,4
000000073702.jpg,SMALL,onnx_cuda,False,2,18,0,True,True,40,6
000000073946.jpg,SMALL,onnx_cuda,False,2,18,1,True,True,31,5
000000074058.jpg,SMALL,onnx_cuda,False,3,28,4,True,True,87,27
000000074092.jpg,SMALL,onnx_cuda,False,6,41,7,True,True,51,15
000000074200.jpg,SMALL,onnx_cuda,False,2,5,4,True,True,39,9
000000074209.jpg,SMALL,onnx_cuda,False,0,0,0,False,False,24,21
000000074256.jpg,SMALL,onnx_cuda,False,3,42,2,True,True,45,13
000000074457.jpg,SMALL,onnx_cuda,False,1,10,0,True,True,18,2
000000074646.jpg,SMALL,onnx_cuda,False,3,11,7,True,True,27,13
000000074733.jpg,SMALL,onnx_cuda,False,1,6,1,True,True,139,19
000000074860.jpg,SMALL,onnx_cuda,False,1,8,0,True,True,19,2
000000075393.jpg,SMALL,onnx_cuda,False,0,0,0,False,False,0,4
000000075456.jpg,SMALL,onnx_cuda,False,0,0,0,False,False,10,1
000000075612.jpg,SMALL,onnx_cuda,False,8,57,4,True,True,95,20
000000076211.jpg,SMALL,onnx_cuda,False,0,0,0,False,False,11,1
000000076261.jpg,SMALL,onnx_cuda,False,0,0,0,False,False,20,2
000000076416.jpg,SMALL,onnx_cuda,False,1,2,4,True,True,14,7
000000076417.jpg,SMALL,onnx_cuda,False,0,0,0,False,False,40,5
000000076468.jpg,SMALL,onnx_cuda,False,3,29,10,True,True,55,25
000000076547.jpg,SMALL,onnx_cuda,False,2,20,0,True,True,51,13
000000076625.jpg,SMALL,onnx_cuda,False,5,46,5,True,True,66,15
000000076731.jpg,SMALL,onnx_cuda,False,0,0,0,False,False,10,1
000000077396.jpg,SMALL,onnx_cuda,False,0,2,0,False,True,54,9
000000077460.jpg,SMALL,onnx_cuda,False,3,17,10,True,True,20,26
000000077595.jpg,SMALL,onnx_cuda,False,0,0,0,False,False,21,3
000000078032.jpg,SMALL,onnx_cuda,False,0,0,0,False,False,22,3
000000078170.jpg,SMALL,onnx_cuda,False,2,18,0,True,True,34,10
000000078266.jpg,SMALL,onnx_cuda,False,0,0,0,False,False,18,15
000000078404.jpg,SMALL,onnx_cuda,False,3,22,0,True,True,39,6
000000078420.jpg,SMALL,onnx_cuda,False,0,9,0,False,True,37,3
000000078426.jpg,SMALL,onnx_cuda,False,0,0,0,False,False,29,3
000000078565.jpg,SMALL,onnx_cuda,False,5,25,8,True,True,79,24
000000078748.jpg,SMALL,onnx_cuda,False,14,123,3,True,True,140,19
000000078823.jpg,SMALL,onnx_cuda,False,0,0,0,False,False,51,5
000000078843.jpg,SMALL,onnx_cuda,False,2,18,0,True,True,20,3
000000078915.jpg,SMALL,onnx_cuda,False,8,62,2,True,True,108,12
000000078959.jpg,SMALL,onnx_cuda,False,0,0,0,False,False,26,13
000000079014.jpg,SMALL,onnx_cuda,False,1,8,0,True,True,9,2
000000079031.jpg,SMALL,onnx_cuda,False,1,9,0,True,True,20,2
000000079034.jpg,SMALL,onnx_cuda,False,0,0,0,False,False,12,6
000000079144.jpg,SMALL,onnx_cuda,False,0,0,0,False,False,19,2
000000079188.jpg,SMALL,onnx_cuda,False,0,0,0,False,False,20,1
000000079229.jpg,SMALL,onnx_cuda,False,1,8,0,True,True,30,3
000000079408.jpg,SMALL,onnx_cuda,False,0,0,0,False,False,10,1
000000079565.jpg,SMALL,onnx_cuda,False,0,0,0,False,False,20,2
000000079588.jpg,SMALL,onnx_cuda,False,4,11,1,True,True,25,6
000000079651.jpg,SMALL,onnx_cuda,False,0,0,0,False,False,31,5
000000079837.jpg,SMALL,onnx_cuda,False,0,0,0,False,False,31,8
000000079969.jpg,SMALL,onnx_cuda,False,1,19,12,True,True,20,18
000000080022.jpg,SMALL,onnx_cuda,False,1,9,0,True,True,22,3
000000080057.jpg,SMALL,onnx_cuda,False,0,0,0,False,False,13,1
000000080153.jpg,SMALL,onnx_cuda,False,1,9,0,True,True,20,3
000000080273.jpg,SMALL,onnx_cuda,False,1,9,0,True,True,18,2
000000080274.jpg,SMALL,onnx_cuda,False,0,0,0,False,False,17,2
000000080340.jpg,SMALL,onnx_cuda,False,6,55,1,True,True,80,20
000000080413.jpg,SMALL,onnx_cuda,False,0,0,0,False,False,3,1
000000080659.jpg,SMALL,onnx_cuda,False,3,27,0,True,True,65,7
000000080666.jpg,SMALL,onnx_cuda,False,0,0,0,False,False,10,2
000000080671.jpg,SMALL,onnx_cuda,False,1,9,0,True,True,17,2
000000080932.jpg,SMALL,onnx_cuda,False,2,17,0,True,True,77,10
000000080949.jpg,SMALL,onnx_cuda,False,0,0,0,False,False,23,4
000000081061.jpg,SMALL,onnx_cuda,False,0,0,0,False,False,31,3
000000081394.jpg,SMALL,onnx_cuda,False,1,3,3,True,True,14,6
000000081594.jpg,SMALL,onnx_cuda,False,1,9,0,True,True,19,3
000000081738.jpg,SMALL,onnx_cuda,False,1,9,0,True,True,24,5
000000081766.jpg,SMALL,onnx_cuda,False,0,0,0,False,False,29,3
000000081988.jpg,SMALL,onnx_cuda,False,5,46,0,True,True,74,9
000000082085.jpg,SMALL,onnx_cuda,False,2,20,9,True,True,32,12
000000082180.jpg,SMALL,onnx_cuda,False,0,0,0,False,False,31,3
000000082688.jpg,SMALL,onnx_cuda,False,3,26,0,True,True,37,6
000000082696.jpg,SMALL,onnx_cuda,False,1,9,0,True,True,63,12
000000082715.jpg,SMALL,onnx_cuda,False,1,7,0,True,True,15,2
000000082765.jpg,SMALL,onnx_cuda,False,0,0,0,False,False,20,2
000000082807.jpg,SMALL,onnx_cuda,False,0,0,0,False,False,16,4
000000082812.jpg,SMALL,onnx_cuda,False,9,67,2,True,True,98,24
000000082821.jpg,SMALL,onnx_cuda,False,0,0,12,True,False,36,31
000000082846.jpg,SMALL,onnx_cuda,False,0,0,0,False,False,10,3
000000082986.jpg,SMALL,onnx_cuda,False,3,26,0,True,True,29,5
000000083113.jpg,SMALL,onnx_cuda,False,0,0,0,False,False,19,2
000000083172.jpg,SMALL,onnx_cuda,False,3,28,0,True,True,39,6
000000083531.jpg,SMALL,onnx_cuda,False,2,11,1,True,True,22,19
000000083540.jpg,SMALL,onnx_cuda,False,1,19,0,True,True,20,2
000000084031.jpg,SMALL,onnx_cuda,False,4,33,9,True,True,41,16
000000084170.jpg,SMALL,onnx_cuda,False,1,7,1,True,True,49,7
000000084241.jpg,SMALL,onnx_cuda,False,3,28,0,True,True,55,18
000000084270.jpg,SMALL,onnx_cuda,False,12,88,1,True,True,128,26
000000084362.jpg,SMALL,onnx_cuda,False,1,9,0,True,True,46,8
000000084431.jpg,SMALL,onnx_cuda,False,0,8,0,False,True,18,2
000000084477.jpg,SMALL,onnx_cuda,False,1,1,0,True,True,22,3
000000084492.jpg,SMALL,onnx_cuda,False,1,10,1,True,True,21,7
000000084650.jpg,SMALL,onnx_cuda,False,0,0,0,False,False,21,7
000000084664.jpg,SMALL,onnx_cuda,False,0,0,0,False,False,29,4
000000084674.jpg,SMALL,onnx_cuda,False,3,25,0,True,True,28,9
000000084752.jpg,SMALL,onnx_cuda,False,0,0,0,False,False,12,13
000000085089.jpg,SMALL,onnx_cuda,False,1,7,2,True,True,58,7
000000085157.jpg,SMALL,onnx_cuda,False,6,58,1,True,True,129,21
000000085195.jpg,SMALL,onnx_cuda,False,0,0,0,False,False,23,3
000000085329.jpg,SMALL,onnx_cuda,False,1,9,0,True,True,20,2
000000085376.jpg,SMALL,onnx_cuda,False,2,15,0,True,True,67,11
000000085478.jpg,SMALL,onnx_cuda,False,0,0,0,False,False,21,1
000000085576.jpg,SMALL,onnx_cuda,False,0,0,0,False,False,11,1
000000085665.jpg,SMALL,onnx_cuda,False,0,0,0,False,False,25,1
000000085682.jpg,SMALL,onnx_cuda,False,7,40,6,True,True,48,15
000000085772.jpg,SMALL,onnx_cuda,False,1,9,0,True,True,27,4
000000085823.jpg,SMALL,onnx_cuda,False,0,0,0,False,False,28,3
000000085911.jpg,SMALL,onnx_cuda,False,0,0,0,False,False,11,1
000000086220.jpg,SMALL,onnx_cuda,False,0,0,2,True,False,19,6
000000086483.jpg,SMALL,onnx_cuda,False,0,0,1,True,False,0,3
000000086582.jpg,SMALL,onnx_cuda,False,0,0,1,True,False,48,7
000000086755.jpg,SMALL,onnx_cuda,False,1,9,1,True,True,23,5
000000086956.jpg,SMALL,onnx_cuda,False,3,28,0,True,True,31,6
000000087038.jpg,SMALL,onnx_cuda,False,7,44,8,True,True,60,16
000000087144.jpg,SMALL,onnx_cuda,False,3,27,0,True,True,57,10
000000087244.jpg,SMALL,onnx_cuda,False,0,0,1,True,False,10,3
000000087470.jpg,SMALL,onnx_cuda,False,2,9,0,True,True,87,19
000000087476.jpg,SMALL,onnx_cuda,False,8,62,3,True,True,89,13
000000087742.jpg,SMALL,onnx_cuda,False,0,0,0,False,False,29,1
000000087875.jpg,SMALL,onnx_cuda,False,0,0,0,False,False,10,1
000000088040.jpg,SMALL,onnx_cuda,False,0,0,0,False,False,75,13
000000088218.jpg,SMALL,onnx_cuda,False,0,0,0,False,False,20,1
000000088250.jpg,SMALL,onnx_cuda,False,0,0,0,False,False,20,2
000000088265.jpg,SMALL,onnx_cuda,False,0,0,0,False,False,11,1
000000088269.jpg,SMALL,onnx_cuda,False,0,0,0,False,False,26,4
000000088345.jpg,SMALL,onnx_cuda,False,2,15,0,True,True,29,3
000000088432.jpg,SMALL,onnx_cuda,False,0,0,0,False,False,19,5
000000088462.jpg,SMALL,onnx_cuda,False,0,0,0,False,False,40,16
000000088485.jpg,SMALL,onnx_cuda,False,1,9,0,True,True,20,2
000000088848.jpg,SMALL,onnx_cuda,False,5,43,0,True,True,68,11
000000088951.jpg,SMALL,onnx_cuda,False,1,9,0,True,True,20,3
000000088970.jpg,SMALL,onnx_cuda,False,1,9,0,True,True,23,3
000000089045.jpg,SMALL,onnx_cuda,False,0,0,0,False,False,21,9
000000089078.jpg,SMALL,onnx_cuda,False,1,9,0,True,True,10,2
000000089271.jpg,SMALL,onnx_cuda,False,0,0,0,False,False,11,1
000000089296.jpg,SMALL,onnx_cuda,False,2,17,0,True,True,29,6
000000089556.jpg,SMALL,onnx_cuda,False,0,5,0,False,True,71,15
000000089648.jpg,SMALL,onnx_cuda,False,10,72,1,True,True,83,37
000000089670.jpg,SMALL,onnx_cuda,False,0,0,0,False,False,10,3
000000089697.jpg,SMALL,onnx_cuda,False,1,10,1,True,True,22,4
000000089761.jpg,SMALL,onnx_cuda,False,0,0,0,False,False,10,1
000000089880.jpg,SMALL,onnx_cuda,False,0,0,0,False,False,21,2
000000090003.jpg,SMALL,onnx_cuda,False,0,0,0,False,False,29,3
000000090062.jpg,SMALL,onnx_cuda,False,0,0,0,False,False,10,1
000000090108.jpg,SMALL,onnx_cuda,False,0,0,0,False,False,21,3
000000090155.jpg,SMALL,onnx_cuda,False,0,0,0,False,False,10,1
000000090208.jpg,SMALL,onnx_cuda,False,0,0,0,False,False,30,3
000000090284.jpg,SMALL,onnx_cuda,False,1,9,0,True,True,20,2
000000090631.jpg,SMALL,onnx_cuda,False,0,0,0,False,False,11,1
000000090891.jpg,SMALL,onnx_cuda,False,5,53,0,True,True,61,18
000000090956.jpg,SMALL,onnx_cuda,False,1,7,0,True,True,8,2
000000091406.jpg,SMALL,onnx_cuda,False,4,34,0,True,True,94,36
000000091495.jpg,SMALL,onnx_cuda,False,3,27,0,True,True,38,4
000000091500.jpg,SMALL,onnx_cuda,False,2,18,0,True,True,77,18
000000091615.jpg,SMALL,onnx_cuda,False,0,0,0,False,False,48,12
000000091619.jpg,SMALL,onnx_cuda,False,0,0,0,False,False,7,1
000000091654.jpg,SMALL,onnx_cuda,False,0,0,0,False,False,19,3
000000091779.jpg,SMALL,onnx_cuda,False,0,0,0,False,False,41,8
000000091921.jpg,SMALL,onnx_cuda,False,0,0,0,False,False,20,2
000000092053.jpg,SMALL,onnx_cuda,False,0,0,1,True,False,58,11
000000092091.jpg,SMALL,onnx_cuda,False,1,9,0,True,True,68,9
000000092124.jpg,SMALL,onnx_cuda,False,0,0,0,False,False,26,3
000000092177.jpg,SMALL,onnx_cuda,False,0,0,0,False,False,9,3
000000092416.jpg,SMALL,onnx_cuda,False,2,18,3,True,True,50,8
000000092660.jpg,SMALL,onnx_cuda,False,0,0,0,False,False,56,16
000000092839.jpg,SMALL,onnx_cuda,False,0,0,0,False,False,10,1
000000092939.jpg,SMALL,onnx_cuda,False,2,18,1,True,True,52,14
000000093154.jpg,SMALL,onnx_cuda,False,0,0,0,False,False,35,18
000000093261.jpg,SMALL,onnx_cuda,False,3,19,0,True,True,35,4
000000093353.jpg,SMALL,onnx_cuda,False,0,9,1,True,True,19,5
000000093437.jpg,SMALL,onnx_cuda,False,1,9,0,True,True,55,13
000000093717.jpg,SMALL,onnx_cuda,False,7,51,9,True,True,69,22
000000093965.jpg,SMALL,onnx_cuda,False,0,0,0,False,False,20,2
000000094157.jpg,SMALL,onnx_cuda,False,5,7,8,True,True,19,14
000000094185.jpg,SMALL,onnx_cuda,False,1,10,0,True,True,21,12
000000094326.jpg,SMALL,onnx_cuda,False,1,10,0,True,True,21,2
000000094336.jpg,SMALL,onnx_cuda,False,0,0,0,False,False,18,2
000000094614.jpg,SMALL,onnx_cuda,False,1,9,0,True,True,11,5
000000094751.jpg,SMALL,onnx_cuda,False,0,3,11,True,True,27,17
000000094852.jpg,SMALL,onnx_cuda,False,0,0,0,False,False,19,2
000000094871.jpg,SMALL,onnx_cuda,False,3,35,1,True,True,71,10
000000094944.jpg,SMALL,onnx_cuda,False,3,28,0,True,True,41,9
000000095069.jpg,SMALL,onnx_cuda,False,0,0,0,False,False,2,1
000000095155.jpg,SMALL,onnx_cuda,False,4,38,0,True,True,53,8
000000095707.jpg,SMALL,onnx_cuda,False,0,10,0,False,True,36,9
000000095786.jpg,SMALL,onnx_cuda,False,0,0,0,False,False,30,4
000000095843.jpg,SMALL,onnx_cuda,False,0,0,0,False,False,10,1
000000095862.jpg,SMALL,onnx_cuda,False,8,79,5,True,True,88,17
000000095899.jpg,SMALL,onnx_cuda,False,0,0,0,False,False,10,1
000000096001.jpg,SMALL,onnx_cuda,False,0,0,0,False,False,26,3
000000096427.jpg,SMALL,onnx_cuda,False,3,26,0,True,True,39,4
000000096493.jpg,SMALL,onnx_cuda,False,1,14,0,True,True,33,3
000000096549.jpg,SMALL,onnx_cuda,False,0,0,0,False,False,10,1
000000096825.jpg,SMALL,onnx_cuda,False,1,9,0,True,True,10,3
000000096960.jpg,SMALL,onnx_cuda,False,0,0,0,False,False,10,1
000000097022.jpg,SMALL,onnx_cuda,False,0,0,0,False,False,15,6
000000097230.jpg,SMALL,onnx_cuda,False,0,0,0,False,False,20,2
000000097278.jpg,SMALL,onnx_cuda,False,1,9,0,True,True,17,2
000000097337.jpg,SMALL,onnx_cuda,False,0,0,3,True,False,36,9
000000097585.jpg,SMALL,onnx_cuda,False,0,0,0,False,False,103,13
000000097679.jpg,SMALL,onnx_cuda,False,1,8,1,True,True,35,5
000000097924.jpg,SMALL,onnx_cuda,False,2,29,1,True,True,51,6
000000097988.jpg,SMALL,onnx_cuda,False,7,88,8,True,True,113,17
000000097994.jpg,SMALL,onnx_cuda,False,0,0,0,False,False,77,20
000000098018.jpg,SMALL,onnx_cuda,False,0,0,0,False,False,10,5
000000098261.jpg,SMALL,onnx_cuda,False,0,0,0,False,False,21,2
000000098287.jpg,SMALL,onnx_cuda,False,7,56,6,True,True,63,16
000000098392.jpg,SMALL,onnx_cuda,False,1,0,2,True,True,35,11
000000098497.jpg,SMALL,onnx_cuda,False,0,0,0,False,False,3,0
000000098520.jpg,SMALL,onnx_cuda,False,0,0,0,False,False,19,3
000000098633.jpg,SMALL,onnx_cuda,False,0,0,0,False,False,16,1
000000098716.jpg,SMALL,onnx_cuda,False,3,23,0,True,True,47,5
000000098839.jpg,SMALL,onnx_cuda,False,0,0,0,False,False,22,3
000000098853.jpg,SMALL,onnx_cuda,False,10,72,3,True,True,83,24
000000099024.jpg,SMALL,onnx_cuda,False,1,1,0,True,True,17,3
000000099039.jpg,SMALL,onnx_cuda,False,1,11,0,True,True,60,13
000000099053.jpg,SMALL,onnx_cuda,False,0,0,0,False,False,34,8
000000099054.jpg,SMALL,onnx_cuda,False,1,4,2,True,True,15,6
000000099114.jpg,SMALL,onnx_cuda,False,11,65,5,True,True,87,20
000000099182.jpg,SMALL,onnx_cuda,False,1,9,0,True,True,22,3
000000099242.jpg,SMALL,onnx_cuda,False,1,9,0,True,True,20,2
000000099428.jpg,SMALL,onnx_cuda,False,0,0,0,False,False,18,5
000000099810.jpg,SMALL,onnx_cuda,False,1,9,0,True,True,37,8
000000100238.jpg,SMALL,onnx_cuda,False,4,37,0,True,True,74,10
000000100274.jpg,SMALL,onnx_cuda,False,0,0,0,False,False,7,9
000000100283.jpg,SMALL,onnx_cuda,False,0,0,0,False,False,29,6
000000100428.jpg,SMALL,onnx_cuda,False,2,20,0,True,True,22,4
000000100489.jpg,SMALL,onnx_cuda,False,0,0,0,False,False,10,1
000000100510.jpg,SMALL,onnx_cuda,False,3,28,0,True,True,40,6
000000100582.jpg,SMALL,onnx_cuda,False,0,0,0,False,False,10,3
000000100624.jpg,SMALL,onnx_cuda,False,4,35,0,True,True,54,9
000000100723.jpg,SMALL,onnx_cuda,False,8,81,5,True,True,89,17
000000101022.jpg,SMALL,onnx_cuda,False,0,0,0,False,False,7,0
000000101068.jpg,SMALL,onnx_cuda,False,1,9,0,True,True,23,2
000000101420.jpg,SMALL,onnx_cuda,False,0,0,0,False,False,20,2
000000101762.jpg,SMALL,onnx_cuda,False,1,18,0,True,True,30,2
000000101780.jpg,SMALL,onnx_cuda,False,0,0,0,False,False,39,4
000000101787.jpg,SMALL,onnx_cuda,False,0,0,0,False,False,9,1
000000101884.jpg,SMALL,onnx_cuda,False,0,0,0,False,False,18,3
000000102331.jpg,SMALL,onnx_cuda,False,2,18,0,True,True,20,2
000000102356.jpg,SMALL,onnx_cuda,False,2,19,0,True,True,21,2
000000102411.jpg,SMALL,onnx_cuda,False,10,61,2,True,True,79,14
000000102644.jpg,SMALL,onnx_cuda,False,0,0,0,False,False,14,1
000000102707.jpg,SMALL,onnx_cuda,False,0,0,0,False,False,13,3
000000102805.jpg,SMALL,onnx_cuda,False,1,9,0,True,True,41,10
000000102820.jpg,SMALL,onnx_cuda,False,1,9,0,True,True,25,2
000000103548.jpg,SMALL,onnx_cuda,False,1,8,0,True,True,48,19
000000103585.jpg,SMALL,onnx_cuda,False,0,0,0,False,False,36,4
000000103723.jpg,SMALL,onnx_cuda,False,1,9,6,True,True,20,8
000000104119.jpg,SMALL,onnx_cuda,False,0,0,0,False,False,10,3
000000104198.jpg,SMALL,onnx_cuda,False,0,0,0,False,False,10,1
000000104424.jpg,SMALL,onnx_cuda,False,1,9,0,True,True,20,4
000000104455.jpg,SMALL,onnx_cuda,False,0,0,0,False,False,12,2
000000104572.jpg,SMALL,onnx_cuda,False,0,7,0,False,True,29,6
000000104603.jpg,SMALL,onnx_cuda,False,0,0,0,False,False,8,2
000000104612.jpg,SMALL,onnx_cuda,False,0,0,0,False,False,37,12
000000104619.jpg,SMALL,onnx_cuda,False,0,0,0,False,False,10,1
000000104666.jpg,SMALL,onnx_cuda,False,0,0,0,False,False,14,15
000000104669.jpg,SMALL,onnx_cuda,False,0,0,0,False,False,64,15
000000104782.jpg,SMALL,onnx_cuda,False,0,0,0,False,False,5,1
000000104803.jpg,SMALL,onnx_cuda,False,0,0,0,False,False,10,1
000000105014.jpg,SMALL,onnx_cuda,False,0,0,0,False,False,36,6
000000105249.jpg,SMALL,onnx_cuda,False,0,0,0,False,False,20,3
000000105264.jpg,SMALL,onnx_cuda,False,6,62,2,True,True,78,9
000000105335.jpg,SMALL,onnx_cuda,False,1,3,1,True,True,14,11
000000105455.jpg,SMALL,onnx_cuda,False,0,0,0,False,False,43,3
000000105912.jpg,SMALL,onnx_cuda,False,7,30,5,True,True,56,16
000000105923.jpg,SMALL,onnx_cuda,False,0,0,7,True,False,22,9
000000106048.jpg,SMALL,onnx_cuda,False,0,0,0,False,False,10,1
000000106235.jpg,SMALL,onnx_cuda,False,0,0,0,False,False,58,10
000000106266.jpg,SMALL,onnx_cuda,False,0,0,0,False,False,0,1
000000106281.jpg,SMALL,onnx_cuda,False,0,0,0,False,False,18,2
000000106330.jpg,SMALL,onnx_cuda,False,0,0,0,False,False,10,1
000000106389.jpg,SMALL,onnx_cuda,False,0,0,0,False,False,28,12
000000106563.jpg,SMALL,onnx_cuda,False,0,0,0,False,False,10,1
000000106757.jpg,SMALL,onnx_cuda,False,1,9,1,True,True,20,3
000000106881.jpg,SMALL,onnx_cuda,False,0,0,0,False,False,10,1
000000106912.jpg,SMALL,onnx_cuda,False,1,9,0,True,True,19,2
000000107087.jpg,SMALL,onnx_cuda,False,0,0,0,False,False,9,3
000000107094.jpg,SMALL,onnx_cuda,False,1,9,0,True,True,18,3
000000107226.jpg,SMALL,onnx_cuda,False,4,31,7,True,True,79,18
000000107339.jpg,SMALL,onnx_cuda,False,2,19,0,True,True,31,8
000000107554.jpg,SMALL,onnx_cuda,False,0,0,0,False,False,5,2
000000107851.jpg,SMALL,onnx_cuda,False,2,15,11,True,True,51,17
000000108026.jpg,SMALL,onnx_cuda,False,1,9,0,True,True,21,3
000000108244.jpg,SMALL,onnx_cuda,False,0,0,0,False,False,9,1
000000108253.jpg,SMALL,onnx_cuda,False,1,1,0,True,True,64,13
000000108440.jpg,SMALL,onnx_cuda,False,0,0,0,False,False,6,1
000000108495.jpg,SMALL,onnx_cuda,False,1,9,0,True,True,12,2
000000108503.jpg,SMALL,onnx_cuda,False,2,15,11,True,True,25,15
000000108864.jpg,SMALL,onnx_cuda,False,0,0,0,False,False,20,2
000000109055.jpg,SMALL,onnx_cuda,False,1,8,0,True,True,13,2
000000109118.jpg,SMALL,onnx_cuda,False,3,27,0,True,True,30,6
000000109313.jpg,SMALL,onnx_cuda,False,1,9,0,True,True,39,10
000000109441.jpg,SMALL,onnx_cuda,False,0,0,0,False,False,24,13
000000109798.jpg,SMALL,onnx_cuda,False,0,0,0,False,False,38,4
000000109827.jpg,SMALL,onnx_cuda,False,0,0,0,False,False,10,1
000000109900.jpg,SMALL,onnx_cuda,False,7,59,3,True,True,87,13
000000109916.jpg,SMALL,onnx_cuda,False,0,0,0,False,False,14,3
000000109976.jpg,SMALL,onnx_cuda,False,0,0,0,False,False,18,7
000000109992.jpg,SMALL,onnx_cuda,False,1,9,0,True,True,12,2
000000110042.jpg,SMALL,onnx_cuda,False,2,28,3,True,True,56,8
000000110211.jpg,SMALL,onnx_cuda,False,0,0,0,False,False,31,5
000000110282.jpg,SMALL,onnx_cuda,False,0,0,0,False,False,11,1
000000110359.jpg,SMALL,onnx_cuda,False,0,0,0,False,False,10,1
000000110449.jpg,SMALL,onnx_cuda,False,2,18,0,True,True,25,4
000000110638.jpg,SMALL,onnx_cuda,False,0,0,0,False,False,31,3
000000110721.jpg,SMALL,onnx_cuda,False,0,0,1,True,False,13,2
000000110784.jpg,SMALL,onnx_cuda,False,1,9,0,True,True,21,3
000000110884.jpg,SMALL,onnx_cuda,False,0,0,0,False,False,10,3
000000110972.jpg,SMALL,onnx_cuda,False,0,0,0,False,False,10,1
000000110999.jpg,SMALL,onnx_cuda,False,1,10,0,True,True,34,11
000000111036.jpg,SMALL,onnx_cuda,False,0,0,0,False,False,19,2
000000111086.jpg,SMALL,onnx_cuda,False,0,0,4,True,False,47,17
000000111179.jpg,SMALL,onnx_cuda,False,0,0,0,False,False,17,2
000000111207.jpg,SMALL,onnx_cuda,False,2,18,0,True,True,36,6
000000111609.jpg,SMALL,onnx_cuda,False,0,0,1,True,False,19,3
000000111951.jpg,SMALL,onnx_cuda,False,0,0,0,False,False,29,4
000000112110.jpg,SMALL,onnx_cuda,False,1,9,0,True,True,20,2
000000112298.jpg,SMALL,onnx_cuda,False,1,9,0,True,True,37,9
000000112378.jpg,SMALL,onnx_cuda,False,0,0,0,False,False,12,9
000000112626.jpg,SMALL,onnx_cuda,False,0,0,0,False,False,18,2
000000112634.jpg,SMALL,onnx_cuda,False,0,0,0,False,False,10,2
000000112798.jpg,SMALL,onnx_cuda,False,0,0,0,False,False,32,4
000000112997.jpg,SMALL,onnx_cuda,False,1,8,0,True,True,19,2
000000113051.jpg,SMALL,onnx_cuda,False,0,0,0,False,False,19,1
000000113235.jpg,SMALL,onnx_cuda,False,0,3,1,True,True,17,4
000000113354.jpg,SMALL,onnx_cuda,False,0,0,0,False,False,20,3
000000113403.jpg,SMALL,onnx_cuda,False,0,0,0,False,False,28,4
000000113589.jpg,SMALL,onnx_cuda,False,0,0,0,False,False,0,7
000000113720.jpg,SMALL,onnx_cuda,False,3,27,2,True,True,91,21
000000113867.jpg,SMALL,onnx_cuda,False,0,0,0,False,False,10,1
000000114049.jpg,SMALL,onnx_cuda,False,1,7,5,True,True,35,16
000000114770.jpg,SMALL,onnx_cuda,False,1,16,0,True,True,29,3
000000114871.jpg,SMALL,onnx_cuda,False,0,0,0,False,False,17,2
000000114884.jpg,SMALL,onnx_cuda,False,12,69,1,True,True,119,33
000000114907.jpg,SMALL,onnx_cuda,False,5,37,8,True,True,54,15
000000115118.jpg,SMALL,onnx_cuda,False,0,0,0,False,False,10,1
000000115245.jpg,SMALL,onnx_cuda,False,0,0,3,True,False,70,16
000000115870.jpg,SMALL,onnx_cuda,False,5,49,0,True,True,83,15
000000115885.jpg,SMALL,onnx_cuda,False,0,6,0,False,True,26,3
000000115898.jpg,SMALL,onnx_cuda,False,1,9,0,True,True,21,2
000000115946.jpg,SMALL,onnx_cuda,False,0,0,1,True,False,50,17
000000116068.jpg,SMALL,onnx_cuda,False,3,27,0,True,True,40,4
000000116206.jpg,SMALL,onnx_cuda,False,0,0,0,False,False,22,3
000000116208.jpg,SMALL,onnx_cuda,False,0,23,1,True,True,151,21
000000116362.jpg,SMALL,onnx_cuda,False,0,0,0,False,False,28,8
000000116439.jpg,SMALL,onnx_cuda,False,1,9,0,True,True,31,12
000000116479.jpg,SMALL,onnx_cuda,False,0,0,0,False,False,8,3
000000116589.jpg,SMALL,onnx_cuda,False,0,0,0,False,False,24,3
000000116825.jpg,SMALL,onnx_cuda,False,0,0,0,False,False,33,3
000000117197.jpg,SMALL,onnx_cuda,False,1,11,0,True,True,18,2
000000117374.jpg,SMALL,onnx_cuda,False,0,0,0,False,False,29,3
000000117425.jpg,SMALL,onnx_cuda,False,3,25,0,True,True,61,7
000000117492.jpg,SMALL,onnx_cuda,False,9,90,4,True,True,99,23
000000117525.jpg,SMALL,onnx_cuda,False,1,6,0,True,True,17,2
000000117645.jpg,SMALL,onnx_cuda,False,1,8,0,True,True,9,2
000000117719.jpg,SMALL,onnx_cuda,False,1,19,0,True,True,26,18
000000117744.jpg,SMALL,onnx_cuda,False,1,9,0,True,True,19,2
000000117908.jpg,SMALL,onnx_cuda,False,1,14,0,True,True,59,9
000000117914.jpg,SMALL,onnx_cuda,False,0,0,0,False,False,25,3
000000118209.jpg,SMALL,onnx_cuda,False,0,0,0,False,False,20,2
000000118367.jpg,SMALL,onnx_cuda,False,1,9,0,True,True,13,10
000000118405.jpg,SMALL,onnx_cuda,False,0,0,1,True,False,0,2
000000118515.jpg,SMALL,onnx_cuda,False,0,0,0,False,False,14,2
000000118594.jpg,SMALL,onnx_cuda,False,0,0,0,False,False,20,2
000000118921.jpg,SMALL,onnx_cuda,False,1,9,0,True,True,19,3
000000119038.jpg,SMALL,onnx_cuda,False,0,0,0,False,False,31,3
000000119088.jpg,SMALL,onnx_cuda,False,3,27,0,True,True,33,4
000000119233.jpg,SMALL,onnx_cuda,False,0,0,0,False,False,23,9
000000119365.jpg,SMALL,onnx_cuda,False,1,12,1,True,True,23,5
000000119445.jpg,SMALL,onnx_cuda,False,3,27,0,True,True,30,6
000000119452.jpg,SMALL,onnx_cuda,False,0,0,0,False,False,28,6
000000119516.jpg,SMALL,onnx_cuda,False,2,14,2,True,True,16,9
000000119641.jpg,SMALL,onnx_cuda,False,7,43,6,True,True,96,21
000000119677.jpg,SMALL,onnx_cuda,False,0,0,0,False,False,2,2
000000119828.jpg,SMALL,onnx_cuda,False,0,0,0,False,False,31,6
000000119911.jpg,SMALL,onnx_cuda,False,1,9,0,True,True,13,7
000000119995.jpg,SMALL,onnx_cuda,False,4,30,1,True,True,44,6
000000120420.jpg,SMALL,onnx_cuda,False,5,43,5,True,True,53,26
000000120572.jpg,SMALL,onnx_cuda,False,0,0,0,False,False,0,2
000000120584.jpg,SMALL,onnx_cuda,False,0,0,0,False,False,14,1
000000120777.jpg,SMALL,onnx_cuda,False,0,0,0,False,False,45,3
000000120853.jpg,SMALL,onnx_cuda,False,0,0,0,False,False,39,10
000000121031.jpg,SMALL,onnx_cuda,False,4,35,0,True,True,57,8
000000121153.jpg,SMALL,onnx_cuda,False,0,0,0,False,False,0,0
000000121242.jpg,SMALL,onnx_cuda,False,1,9,5,True,True,27,22
000000121417.jpg,SMALL,onnx_cuda,False,6,50,3,True,True,66,13
000000121497.jpg,SMALL,onnx_cuda,False,2,33,4,True,True,47,6
000000121506.jpg,SMALL,onnx_cuda,False,0,0,0,False,False,35,9
000000121586.jpg,SMALL,onnx_cuda,False,0,0,0,False,False,11,15
000000121591.jpg,SMALL,onnx_cuda,False,1,9,0,True,True,10,2
000000121673.jpg,SMALL,onnx_cuda,False,1,9,0,True,True,21,2
000000121744.jpg,SMALL,onnx_cuda,False,6,60,5,True,True,94,15
000000122046.jpg,SMALL,onnx_cuda,False,1,9,0,True,True,20,3
000000122166.jpg,SMALL,onnx_cuda,False,5,43,4,True,True,94,29
000000122217.jpg,SMALL,onnx_cuda,False,2,21,0,True,True,28,4
000000122606.jpg,SMALL,onnx_cuda,False,0,0,1,True,False,14,2
000000122672.jpg,SMALL,onnx_cuda,False,1,9,0,True,True,14,2
000000122745.jpg,SMALL,onnx_cuda,False,0,0,0,False,False,10,1
000000122927.jpg,SMALL,onnx_cuda,False,0,0,0,False,False,21,2
000000122962.jpg,SMALL,onnx_cuda,False,11,102,2,True,True,127,29
000000122969.jpg,SMALL,onnx_cuda,False,0,0,0,False,False,10,2
000000123131.jpg,SMALL,onnx_cuda,False,0,0,0,False,False,19,4
000000123213.jpg,SMALL,onnx_cuda,False,8,64,3,True,True,98,16
000000123321.jpg,SMALL,onnx_cuda,False,0,0,0,False,False,64,21
000000123480.jpg,SMALL,onnx_cuda,False,1,9,0,True,True,15,4
000000123585.jpg,SMALL,onnx_cuda,False,0,0,0,False,False,44,6
000000123633.jpg,SMALL,onnx_cuda,False,5,46,0,True,True,92,14
000000124277.jpg,SMALL,onnx_cuda,False,0,0,0,False,False,17,7
000000124442.jpg,SMALL,onnx_cuda,False,1,9,0,True,True,19,2
000000124636.jpg,SMALL,onnx_cuda,False,0,0,0,False,False,28,3
000000124659.jpg,SMALL,onnx_cuda,False,0,0,0,False,False,34,19
000000124798.jpg,SMALL,onnx_cuda,False,0,0,1,True,False,62,16
000000124975.jpg,SMALL,onnx_cuda,False,0,0,0,False,False,20,2
000000125062.jpg,SMALL,onnx_cuda,False,0,0,0,False,False,76,10
000000125072.jpg,SMALL,onnx_cuda,False,0,0,0,False,False,0,6
000000125129.jpg,SMALL,onnx_cuda,False,3,27,0,True,True,68,10
000000125211.jpg,SMALL,onnx_cuda,False,0,0,0,False,False,10,1
000000125245.jpg,SMALL,onnx_cuda,False,0,0,0,False,False,0,1
000000125257.jpg,SMALL,onnx_cuda,False,1,9,0,True,True,12,2
000000125405.jpg,SMALL,onnx_cuda,False,0,0,0,False,False,20,3
000000125472.jpg,SMALL,onnx_cuda,False,1,9,0,True,True,19,2
000000125572.jpg,SMALL,onnx_cuda,False,4,37,12,True,True,69,28
000000125778.jpg,SMALL,onnx_cuda,False,0,0,0,False,False,45,15
000000125806.jpg,SMALL,onnx_cuda,False,0,0,0,False,False,19,2
000000125850.jpg,SMALL,onnx_cuda,False,0,0,0,False,False,20,2
000000125936.jpg,SMALL,onnx_cuda,False,5,41,0,True,True,56,29
000000125952.jpg,SMALL,onnx_cuda,False,0,0,0,False,False,29,1
000000126107.jpg,SMALL,onnx_cuda,False,3,4,3,True,True,33,8
000000126110.jpg,SMALL,onnx_cuda,False,1,25,0,True,True,27,3
000000126137.jpg,SMALL,onnx_cuda,False,4,41,8,True,True,55,15
000000126216.jpg,SMALL,onnx_cuda,False,0,0,0,False,False,18,4
000000126226.jpg,SMALL,onnx_cuda,False,4,19,2,True,True,23,22
000000126592.jpg,SMALL,onnx_cuda,False,0,0,0,False,False,75,13
000000127092.jpg,SMALL,onnx_cuda,False,1,11,0,True,True,45,8
000000127135.jpg,SMALL,onnx_cuda,False,0,0,0,False,False,10,0
000000127182.jpg,SMALL,onnx_cuda,False,0,0,0,False,False,50,10
000000127263.jpg,SMALL,onnx_cuda,False,2,18,0,True,True,36,6
000000127270.jpg,SMALL,onnx_cuda,False,5,46,0,True,True,52,9
000000127394.jpg,SMALL,onnx_cuda,False,4,37,2,True,True,146,22
000000127476.jpg,SMALL,onnx_cuda,False,0,0,0,False,False,32,1
000000127494.jpg,SMALL,onnx_cuda,False,0,0,0,False,False,15,1
000000127517.jpg,SMALL,onnx_cuda,False,0,0,0,False,False,81,11
000000127530.jpg,SMALL,onnx_cuda,False,1,9,0,True,True,28,3
000000127624.jpg,SMALL,onnx_cuda,False,0,0,0,False,False,0,1
000000127660.jpg,SMALL,onnx_cuda,False,1,9,0,True,True,14,2
000000127955.jpg,SMALL,onnx_cuda,False,0,0,0,False,False,20,2
000000127987.jpg,SMALL,onnx_cuda,False,0,8,0,False,True,42,3
000000128051.jpg,SMALL,onnx_cuda,False,0,8,0,False,True,38,4
000000128112.jpg,SMALL,onnx_cuda,False,1,11,0,True,True,15,2
000000128148.jpg,SMALL,onnx_cuda,False,0,0,0,False,False,33,22
000000128372.jpg,SMALL,onnx_cuda,False,9,50,0,True,True,70,16
000000128476.jpg,SMALL,onnx_cuda,False,2,18,0,True,True,82,13
000000128598.jpg,SMALL,onnx_cuda,False,0,0,0,False,False,20,11
000000128654.jpg,SMALL,onnx_cuda,False,1,9,0,True,True,20,2
000000128658.jpg,SMALL,onnx_cuda,False,0,0,0,False,False,7,1
000000128675.jpg,SMALL,onnx_cuda,False,2,5,1,True,True,28,7
000000128699.jpg,SMALL,onnx_cuda,False,4,38,8,True,True,54,13
000000128748.jpg,SMALL,onnx_cuda,False,3,27,0,True,True,41,5
000000129054.jpg,SMALL,onnx_cuda,False,0,0,0,False,False,92,13
000000129062.jpg,SMALL,onnx_cuda,False,0,0,1,True,False,33,7
000000129113.jpg,SMALL,onnx_cuda,False,0,0,0,False,False,7,2
000000129135.jpg,SMALL,onnx_cuda,False,0,0,0,False,False,22,2
000000129322.jpg,SMALL,onnx_cuda,False,0,0,0,False,False,10,1
000000129416.jpg,SMALL,onnx_cuda,False,0,0,0,False,False,67,9
000000129492.jpg,SMALL,onnx_cuda,False,3,28,0,True,True,55,9
000000129756.jpg,SMALL,onnx_cuda,False,1,16,0,True,True,80,9
000000129812.jpg,SMALL,onnx_cuda,False,1,9,0,True,True,20,2
000000129945.jpg,SMALL,onnx_cuda,False,3,26,0,True,True,45,5
000000130386.jpg,SMALL,onnx_cuda,False,6,33,3,True,True,52,12
000000130465.jpg,SMALL,onnx_cuda,False,0,0,0,False,False,21,2
000000130566.jpg,SMALL,onnx_cuda,False,0,0,0,False,False,10,1
000000130579.jpg,SMALL,onnx_cuda,False,1,10,0,True,True,21,2
000000130586.jpg,SMALL,onnx_cuda,False,1,9,0,True,True,20,2
000000130599.jpg,SMALL,onnx_cuda,False,1,9,0,True,True,19,1
000000130613.jpg,SMALL,onnx_cuda,False,0,0,0,False,False,0,5
000000130699.jpg,SMALL,onnx_cuda,False,5,50,2,True,True,55,17
000000130826.jpg,SMALL,onnx_cuda,False,5,40,1,True,True,68,9
000000131131.jpg,SMALL,onnx_cuda,False,0,0,0,False,False,27,2
000000131138.jpg,SMALL,onnx_cuda,False,0,0,1,True,False,96,11
000000131273.jpg,SMALL,onnx_cuda,False,0,0,0,False,False,10,1
000000131379.jpg,SMALL,onnx_cuda,False,0,0,0,False,False,0,1
000000131386.jpg,SMALL,onnx_cuda,False,0,0,0,False,False,30,4
000000131431.jpg,SMALL,onnx_cuda,False,0,0,0,False,False,10,1
000000131444.jpg,SMALL,onnx_cuda,False,1,9,0,True,True,20,2
000000131556.jpg,SMALL,onnx_cuda,False,1,14,4,True,True,19,6
000000131938.jpg,SMALL,onnx_cuda,False,0,0,0,False,False,19,2
000000132116.jpg,SMALL,onnx_cuda,False,0,0,0,False,False,43,8
000000132329.jpg,SMALL,onnx_cuda,False,0,0,0,False,False,50,5
000000132375.jpg,SMALL,onnx_cuda,False,0,0,5,True,False,21,7
000000132408.jpg,SMALL,onnx_cuda,False,1,9,2,True,True,39,6
000000132544.jpg,SMALL,onnx_cuda,False,6,48,4,True,True,69,15
000000132587.jpg,SMALL,onnx_cuda,False,2,24,4,True,True,35,10
000000132622.jpg,SMALL,onnx_cuda,False,0,0,0,False,False,10,1
000000132703.jpg,SMALL,onnx_cuda,False,1,9,0,True,True,20,2
000000132796.jpg,SMALL,onnx_cuda,False,3,26,0,True,True,46,9
000000132931.jpg,SMALL,onnx_cuda,False,2,18,0,True,True,28,3
000000133000.jpg,SMALL,onnx_cuda,False,0,0,2,True,False,10,3
000000133087.jpg,SMALL,onnx_cuda,False,0,2,0,False,True,33,4
000000133233.jpg,SMALL,onnx_cuda,False,0,0,0,False,False,10,13
000000133244.jpg,SMALL,onnx_cuda,False,12,102,1,True,True,139,20
000000133343.jpg,SMALL,onnx_cuda,False,1,9,0,True,True,20,2
000000133418.jpg,SMALL,onnx_cuda,False,1,7,0,True,True,18,2
000000133567.jpg,SMALL,onnx_cuda,False,1,9,0,True,True,20,2
000000133631.jpg,SMALL,onnx_cuda,False,0,0,0,False,False,11,1
000000133645.jpg,SMALL,onnx_cuda,False,0,0,0,False,False,30,8
000000133778.jpg,SMALL,onnx_cuda,False,0,0,0,False,False,20,2
000000133819.jpg,SMALL,onnx_cuda,False,5,32,6,True,True,83,21
000000133969.jpg,SMALL,onnx_cuda,False,11,100,2,True,True,111,16
000000134034.jpg,SMALL,onnx_cuda,False,0,0,0,False,False,20,2
000000134096.jpg,SMALL,onnx_cuda,False,0,0,0,False,False,15,4
000000134112.jpg,SMALL,onnx_cuda,False,0,0,0,False,False,31,3
000000134322.jpg,SMALL,onnx_cuda,False,4,8,9,True,True,22,14
000000134689.jpg,SMALL,onnx_cuda,False,0,0,0,False,False,10,1
000000134722.jpg,SMALL,onnx_cuda,False,0,0,0,False,False,18,2
000000134856.jpg,SMALL,onnx_cuda,False,0,7,3,True,True,11,6
000000134882.jpg,SMALL,onnx_cuda,False,0,0,0,False,False,34,17
000000134886.jpg,SMALL,onnx_cuda,False,1,4,9,True,True,25,12
000000135410.jpg,SMALL,onnx_cuda,False,2,19,1,True,True,53,10
000000135561.jpg,SMALL,onnx_cuda,False,0,0,0,False,False,33,8
000000135604.jpg,SMALL,onnx_cuda,False,1,9,0,True,True,20,3
000000135670.jpg,SMALL,onnx_cuda,False,1,11,0,True,True,12,1
000000135673.jpg,SMALL,onnx_cuda,False,0,0,0,False,False,22,2
000000135872.jpg,SMALL,onnx_cuda,False,0,0,0,False,False,68,12
000000135890.jpg,SMALL,onnx_cuda,False,0,0,10,True,False,20,12
000000135902.jpg,SMALL,onnx_cuda,False,1,1,0,True,True,12,3
000000136033.jpg,SMALL,onnx_cuda,False,0,0,0,False,False,11,2
000000136334.jpg,SMALL,onnx_cuda,False,1,10,0,True,True,14,2
000000136355.jpg,SMALL,onnx_cuda,False,0,0,0,False,False,81,19
000000136466.jpg,SMALL,onnx_cuda,False,0,0,0,False,False,10,2
000000136600.jpg,SMALL,onnx_cuda,False,0,0,0,False,False,35,5
000000136633.jpg,SMALL,onnx_cuda,False,2,16,10,True,True,37,18
000000136715.jpg,SMALL,onnx_cuda,False,8,81,10,True,True,96,20
000000136772.jpg,SMALL,onnx_cuda,False,0,0,0,False,False,10,2
000000136915.jpg,SMALL,onnx_cuda,False,3,26,0,True,True,42,9
000000137106.jpg,SMALL,onnx_cuda,False,1,7,0,True,True,18,2
000000137246.jpg,SMALL,onnx_cuda,False,2,18,0,True,True,62,17
000000137294.jpg,SMALL,onnx_cuda,False,1,10,1,True,True,11,3
000000137576.jpg,SMALL,onnx_cuda,False,0,0,0,False,False,40,9
000000137727.jpg,SMALL,onnx_cuda,False,0,0,3,True,False,24,26
000000137950.jpg,SMALL,onnx_cuda,False,0,0,0,False,False,10,1
000000138115.jpg,SMALL,onnx_cuda,False,1,9,0,True,True,12,2
000000138241.jpg,SMALL,onnx_cuda,False,0,0,0,False,False,10,2
000000138492.jpg,SMALL,onnx_cuda,False,0,0,0,False,False,19,2
000000138550.jpg,SMALL,onnx_cuda,False,0,0,0,False,False,10,4
000000138639.jpg,SMALL,onnx_cuda,False,6,41,8,True,True,51,19
000000138819.jpg,SMALL,onnx_cuda,False,0,0,0,False,False,20,2
000000138856.jpg,SMALL,onnx_cuda,False,0,0,0,False,False,24,2
000000138954.jpg,SMALL,onnx_cuda,False,0,0,0,False,False,20,2
000000138979.jpg,SMALL,onnx_cuda,False,3,28,2,True,True,54,7
000000139077.jpg,SMALL,onnx_cuda,False,1,7,0,True,True,27,7
000000139099.jpg,SMALL,onnx_cuda,False,12,95,3,True,True,132,29
000000139260.jpg,SMALL,onnx_cuda,False,0,0,0,False,False,6,6
000000139684.jpg,SMALL,onnx_cuda,False,0,0,0,False,False,44,12
000000139871.jpg,SMALL,onnx_cuda,False,0,0,0,False,False,10,1
000000139872.jpg,SMALL,onnx_cuda,False,2,6,0,True,True,27,4
000000139883.jpg,SMALL,onnx_cuda,False,0,0,0,False,False,0,4
000000140076.jpg,SMALL,onnx_cuda,False,0,0,0,False,False,88,21
000000140203.jpg,SMALL,onnx_cuda,False,2,15,4,True,True,33,8
000000140270.jpg,SMALL,onnx_cuda,False,1,10,0,True,True,21,2
000000140286.jpg,SMALL,onnx_cuda,False,1,9,1,True,True,19,3
000000140420.jpg,SMALL,onnx_cuda,False,0,0,1,True,False,3,1
000000140439.jpg,SMALL,onnx_cuda,False,0,0,0,False,False,40,9
000000140556.jpg,SMALL,onnx_cuda,False,4,30,0,True,True,47,6
000000140583.jpg,SMALL,onnx_cuda,False,1,3,1,True,True,68,21
000000140640.jpg,SMALL,onnx_cuda,False,3,33,0,True,True,60,11
000000140658.jpg,SMALL,onnx_cuda,False,0,0,0,False,False,9,1
000000140840.jpg,SMALL,onnx_cuda,False,1,7,4,True,True,44,19
000000140929.jpg,SMALL,onnx_cuda,False,0,0,0,False,False,11,1
000000140987.jpg,SMALL,onnx_cuda,False,4,43,2,True,True,111,18
000000141328.jpg,SMALL,onnx_cuda,False,0,0,0,False,False,18,15
000000141597.jpg,SMALL,onnx_cuda,False,0,0,0,False,False,25,3
000000141671.jpg,SMALL,onnx_cuda,False,4,19,13,True,True,24,25
000000141821.jpg,SMALL,onnx_cuda,False,2,8,0,True,True,52,5
000000142092.jpg,SMALL,onnx_cuda,False,0,0,0,False,False,1,1
000000142238.jpg,SMALL,onnx_cuda,False,11,110,2,True,True,124,14
000000142324.jpg,SMALL,onnx_cuda,False,10,102,7,True,True,119,19
000000142472.jpg,SMALL,onnx_cuda,False,2,7,4,True,True,53,12
000000142585.jpg,SMALL,onnx_cuda,False,1,13,2,True,True,48,11
000000142620.jpg,SMALL,onnx_cuda,False,1,9,0,True,True,101,15
000000142790.jpg,SMALL,onnx_cuda,False,2,16,0,True,True,29,4
000000142971.jpg,SMALL,onnx_cuda,False,4,38,0,True,True,58,6
000000143068.jpg,SMALL,onnx_cuda,False,4,30,8,True,True,42,15
000000143556.jpg,SMALL,onnx_cuda,False,4,25,6,True,True,29,10
000000143572.jpg,SMALL,onnx_cuda,False,2,36,11,True,True,39,14
000000143931.jpg,SMALL,onnx_cuda,False,0,0,1,True,False,10,2
000000143961.jpg,SMALL,onnx_cuda,False,5,54,8,True,True,70,20
000000143998.jpg,SMALL,onnx_cuda,False,0,8,0,False,True,8,7
000000144003.jpg,SMALL,onnx_cuda,False,6,30,0,True,True,52,13
000000144114.jpg,SMALL,onnx_cuda,False,1,10,0,True,True,21,2
000000144300.jpg,SMALL,onnx_cuda,False,2,26,1,True,True,44,9
000000144333.jpg,SMALL,onnx_cuda,False,2,17,0,True,True,38,8
000000144706.jpg,SMALL,onnx_cuda,False,0,0,0,False,False,21,7
000000144784.jpg,SMALL,onnx_cuda,False,1,10,0,True,True,11,1
000000144798.jpg,SMALL,onnx_cuda,False,0,0,0,False,False,20,4
000000144932.jpg,SMALL,onnx_cuda,False,0,0,2,True,False,15,3
000000144984.jpg,SMALL,onnx_cuda,False,1,9,0,True,True,33,5
000000145020.jpg,SMALL,onnx_cuda,False,2,10,11,True,True,27,17
000000145591.jpg,SMALL,onnx_cuda,False,0,0,0,False,False,12,1
000000145597.jpg,SMALL,onnx_cuda,False,4,35,1,True,True,48,19
000000145620.jpg,SMALL,onnx_cuda,False,4,32,1,True,True,36,5
000000145665.jpg,SMALL,onnx_cuda,False,1,9,0,True,True,18,2
000000145781.jpg,SMALL,onnx_cuda,False,0,0,0,False,False,32,3
000000146155.jpg,SMALL,onnx_cuda,False,2,18,3,True,True,42,21
000000146358.jpg,SMALL,onnx_cuda,False,3,28,1,True,True,45,11
000000146363.jpg,SMALL,onnx_cuda,False,0,0,0,False,False,24,3
000000146457.jpg,SMALL,onnx_cuda,False,2,18,0,True,True,80,13
000000146489.jpg,SMALL,onnx_cuda,False,0,0,0,False,False,40,6
000000146498.jpg,SMALL,onnx_cuda,False,0,0,0,False,False,0,6
000000146667.jpg,SMALL,onnx_cuda,False,10,93,3,True,True,124,24
000000146825.jpg,SMALL,onnx_cuda,False,5,15,1,True,True,30,10
000000146831.jpg,SMALL,onnx_cuda,False,2,19,0,True,True,31,5
000000147205.jpg,SMALL,onnx_cuda,False,0,0,0,False,False,10,2
000000147223.jpg,SMALL,onnx_cuda,False,0,0,0,False,False,31,5
000000147338.jpg,SMALL,onnx_cuda,False,0,0,0,False,False,47,6
000000147415.jpg,SMALL,onnx_cuda,False,1,9,0,True,True,20,10
000000147498.jpg,SMALL,onnx_cuda,False,0,0,0,False,False,1,22
000000147518.jpg,SMALL,onnx_cuda,False,0,0,0,False,False,21,4
000000147725.jpg,SMALL,onnx_cuda,False,0,0,2,True,False,45,10
000000147729.jpg,SMALL,onnx_cuda,False,5,44,4,True,True,61,10
000000147740.jpg,SMALL,onnx_cuda,False,6,51,3,True,True,81,13
000000147745.jpg,SMALL,onnx_cuda,False,0,0,0,False,False,20,2
000000148508.jpg,SMALL,onnx_cuda,False,8,62,5,True,True,85,16
000000148620.jpg,SMALL,onnx_cuda,False,0,0,0,False,False,52,5
000000148662.jpg,SMALL,onnx_cuda,False,1,11,2,True,True,12,4
000000148707.jpg,SMALL,onnx_cuda,False,0,0,0,False,False,10,2
000000148719.jpg,SMALL,onnx_cuda,False,0,0,1,True,False,20,6
000000148730.jpg,SMALL,onnx_cuda,False,0,0,0,False,False,10,2
000000148739.jpg,SMALL,onnx_cuda,False,1,9,0,True,True,16,2
000000148783.jpg,SMALL,onnx_cuda,False,0,0,0,False,False,28,2
000000148957.jpg,SMALL,onnx_cuda,False,0,0,0,False,False,60,6
000000148999.jpg,SMALL,onnx_cuda,False,3,27,10,True,True,40,16
000000149222.jpg,SMALL,onnx_cuda,False,0,0,3,True,False,41,9
000000149375.jpg,SMALL,onnx_cuda,False,4,33,0,True,True,47,6
000000149406.jpg,SMALL,onnx_cuda,False,1,9,0,True,True,10,1
000000149568.jpg,SMALL,onnx_cuda,False,1,9,0,True,True,24,4
000000149622.jpg,SMALL,onnx_cuda,False,0,0,0,False,False,10,2
000000149770.jpg,SMALL,onnx_cuda,False,1,8,0,True,True,10,2
000000150224.jpg,SMALL,onnx_cuda,False,5,42,1,True,True,66,14
000000150265.jpg,SMALL,onnx_cuda,False,5,27,1,True,True,43,8
000000150417.jpg,SMALL,onnx_cuda,False,2,18,0,True,True,69,12
000000150638.jpg,SMALL,onnx_cuda,False,2,17,2,True,True,74,18
000000150649.jpg,SMALL,onnx_cuda,False,5,44,1,True,True,67,11
000000150726.jpg,SMALL,onnx_cuda,False,0,0,0,False,False,20,2
000000150930.jpg,SMALL,onnx_cuda,False,0,0,0,False,False,16,1
000000151000.jpg,SMALL,onnx_cuda,False,4,28,3,True,True,32,13
000000151051.jpg,SMALL,onnx_cuda,False,1,9,0,True,True,18,2
000000151480.jpg,SMALL,onnx_cuda,False,8,58,3,True,True,68,18
000000151516.jpg,SMALL,onnx_cuda,False,0,10,0,False,True,10,1
000000151629.jpg,SMALL,onnx_cuda,False,3,26,0,True,True,33,6
000000151657.jpg,SMALL,onnx_cuda,False,2,18,0,True,True,30,3
000000151662.jpg,SMALL,onnx_cuda,False,0,0,0,False,False,10,2
000000151820.jpg,SMALL,onnx_cuda,False,7,66,0,True,True,123,26
000000151857.jpg,SMALL,onnx_cuda,False,0,0,0,False,False,10,1
000000151938.jpg,SMALL,onnx_cuda,False,3,24,1,True,True,49,9
000000151962.jpg,SMALL,onnx_cuda,False,0,0,1,True,False,20,3
000000152120.jpg,SMALL,onnx_cuda,False,2,19,0,True,True,21,2
000000152214.jpg,SMALL,onnx_cuda,False,1,9,0,True,True,20,2
000000152465.jpg,SMALL,onnx_cuda,False,0,0,0,False,False,8,1
000000152686.jpg,SMALL,onnx_cuda,False,2,18,0,True,True,30,4
000000152740.jpg,SMALL,onnx_cuda,False,0,0,0,False,False,133,14
000000152771.jpg,SMALL,onnx_cuda,False,1,8,0,True,True,21,6
000000152870.jpg,SMALL,onnx_cuda,False,0,0,0,False,False,10,2
000000153011.jpg,SMALL,onnx_cuda,False,6,53,3,True,True,100,25
000000153217.jpg,SMALL,onnx_cuda,False,1,9,0,True,True,18,2
000000153229.jpg,SMALL,onnx_cuda,False,7,61,0,True,True,72,9
000000153299.jpg,SMALL,onnx_cuda,False,0,0,0,False,False,20,2
000000153343.jpg,SMALL,onnx_cuda,False,0,0,0,False,False,20,2
000000153510.jpg,SMALL,onnx_cuda,False,0,0,0,False,False,1,6
000000153527.jpg,SMALL,onnx_cuda,False,1,18,4,True,True,54,15
000000153529.jpg,SMALL,onnx_cuda,False,4,35,4,True,True,107,17
000000153568.jpg,SMALL,onnx_cuda,False,0,0,0,False,False,10,1
000000153632.jpg,SMALL,onnx_cuda,False,0,0,0,False,False,57,4
000000153669.jpg,SMALL,onnx_cuda,False,10,89,3,True,True,113,16
000000153782.jpg,SMALL,onnx_cuda,False,0,0,0,False,False,11,2
000000153797.jpg,SMALL,onnx_cuda,False,1,9,0,True,True,19,3
000000154000.jpg,SMALL,onnx_cuda,False,0,0,0,False,False,17,3
000000154004.jpg,SMALL,onnx_cuda,False,6,62,7,True,True,68,14
000000154087.jpg,SMALL,onnx_cuda,False,3,37,1,True,True,41,5
000000154213.jpg,SMALL,onnx_cuda,False,0,0,0,False,False,10,1
000000154339.jpg,SMALL,onnx_cuda,False,0,3,0,False,True,23,2
000000154358.jpg,SMALL,onnx_cuda,False,1,1,0,True,True,43,18
000000154425.jpg,SMALL,onnx_cuda,False,1,9,0,True,True,29,2
000000154431.jpg,SMALL,onnx_cuda,False,0,0,0,False,False,28,12
000000154644.jpg,SMALL,onnx_cuda,False,2,17,0,True,True,32,4
000000154705.jpg,SMALL,onnx_cuda,False,0,0,0,False,False,44,8
000000154718.jpg,SMALL,onnx_cuda,False,1,9,0,True,True,21,2
000000154947.jpg,SMALL,onnx_cuda,False,0,0,0,False,False,10,1
000000155051.jpg,SMALL,onnx_cuda,False,0,0,0,False,False,10,1
000000155145.jpg,SMALL,onnx_cuda,False,3,17,0,True,True,32,7
000000155154.jpg,SMALL,onnx_cuda,False,0,1,0,False,True,12,1
000000155179.jpg,SMALL,onnx_cuda,False,0,0,0,False,False,10,2
000000155291.jpg,SMALL,onnx_cuda,False,0,0,0,False,False,12,1
000000155341.jpg,SMALL,onnx_cuda,False,4,7,2,True,True,38,9
000000155443.jpg,SMALL,onnx_cuda,False,0,0,0,False,False,16,3
000000155451.jpg,SMALL,onnx_cuda,False,0,7,0,False,True,16,10
000000155571.jpg,SMALL,onnx_cuda,False,0,0,0,False,False,10,1
000000156071.jpg,SMALL,onnx_cuda,False,6,48,7,True,True,54,16
000000156076.jpg,SMALL,onnx_cuda,False,3,25,0,True,True,92,19
000000156278.jpg,SMALL,onnx_cuda,False,0,0,0,False,False,89,28
000000156292.jpg,SMALL,onnx_cuda,False,1,9,1,True,True,25,8
000000156372.jpg,SMALL,onnx_cuda,False,0,0,0,False,False,20,4
000000156643.jpg,SMALL,onnx_cuda,False,4,24,6,True,True,79,21
000000156924.jpg,SMALL,onnx_cuda,False,2,18,0,True,True,39,7
000000157046.jpg,SMALL,onnx_cuda,False,1,9,1,True,True,19,3
000000157098.jpg,SMALL,onnx_cuda,False,0,0,0,False,False,30,3
000000157124.jpg,SMALL,onnx_cuda,False,0,0,0,False,False,10,1
000000157138.jpg,SMALL,onnx_cuda,False,0,0,0,False,False,19,2
000000157213.jpg,SMALL,onnx_cuda,False,0,0,0,False,False,10,1
000000157365.jpg,SMALL,onnx_cuda,False,1,9,0,True,True,57,9
000000157390.jpg,SMALL,onnx_cuda,False,0,0,0,False,False,60,22
000000157418.jpg,SMALL,onnx_cuda,False,0,0,0,False,False,45,8
000000157601.jpg,SMALL,onnx_cuda,False,1,8,0,True,True,29,5
000000157756.jpg,SMALL,onnx_cuda,False,5,25,6,True,True,54,20
000000157767.jpg,SMALL,onnx_cuda,False,11,89,2,True,True,120,25
000000157807.jpg,SMALL,onnx_cuda,False,0,0,0,False,False,25,3
000000157847.jpg,SMALL,onnx_cuda,False,0,0,0,False,False,12,1
000000157928.jpg,SMALL,onnx_cuda,False,2,18,0,True,True,59,8
000000158227.jpg,SMALL,onnx_cuda,False,1,9,0,True,True,23,2
000000158548.jpg,SMALL,onnx_cuda,False,2,25,12,True,True,28,19
000000158660.jpg,SMALL,onnx_cuda,False,1,10,1,True,True,50,10
000000158744.jpg,SMALL,onnx_cuda,False,1,9,0,True,True,17,12
000000158945.jpg,SMALL,onnx_cuda,False,1,9,1,True,True,34,4
000000158956.jpg,SMALL,onnx_cuda,False,1,9,0,True,True,10,5
000000159112.jpg,SMALL,onnx_cuda,False,0,0,0,False,False,0,1
000000159282.jpg,SMALL,onnx_cuda,False,0,0,0,False,False,27,2
000000159311.jpg,SMALL,onnx_cuda,False,0,0,0,False,False,20,2
000000159399.jpg,SMALL,onnx_cuda,False,3,19,3,True,True,47,9
000000159458.jpg,SMALL,onnx_cuda,False,0,0,0,False,False,20,3
000000159684.jpg,SMALL,onnx_cuda,False,0,0,0,False,False,16,2
000000159791.jpg,SMALL,onnx_cuda,False,0,0,8,True,False,35,15
000000159977.jpg,SMALL,onnx_cuda,False,0,0,0,False,False,20,4
000000160012.jpg,SMALL,onnx_cuda,False,1,9,0,True,True,58,9
000000160556.jpg,SMALL,onnx_cuda,False,1,11,0,True,True,46,9
000000160666.jpg,SMALL,onnx_cuda,False,0,0,0,False,False,20,1
000000160728.jpg,SMALL,onnx_cuda,False,4,22,9,True,True,60,37
000000160772.jpg,SMALL,onnx_cuda,False,0,0,10,True,False,10,11
000000160864.jpg,SMALL,onnx_cuda,False,6,53,0,True,True,105,18
000000161008.jpg,SMALL,onnx_cuda,False,0,0,0,False,False,11,1
000000161032.jpg,SMALL,onnx_cuda,False,1,14,0,True,True,31,2
000000161044.jpg,SMALL,onnx_cuda,False,0,0,0,False,False,9,2
000000161128.jpg,SMALL,onnx_cuda,False,0,0,3,True,False,28,14
000000161397.jpg,SMALL,onnx_cuda,False,0,0,1,True,False,14,3
000000161609.jpg,SMALL,onnx_cuda,False,3,25,0,True,True,28,7
000000161642.jpg,SMALL,onnx_cuda,False,0,0,0,False,False,10,1
000000161781.jpg,SMALL,onnx_cuda,False,1,9,0,True,True,19,2
000000161799.jpg,SMALL,onnx_cuda,False,3,24,3,True,True,28,8
000000161820.jpg,SMALL,onnx_cuda,False,0,0,0,False,False,10,1
000000161861.jpg,SMALL,onnx_cuda,False,1,9,0,True,True,21,2
000000161875.jpg,SMALL,onnx_cuda,False,1,9,0,True,True,10,2
000000161879.jpg,SMALL,onnx_cuda,False,1,9,0,True,True,18,2
000000161925.jpg,SMALL,onnx_cuda,False,2,19,0,True,True,21,3
000000161978.jpg,SMALL,onnx_cuda,False,12,103,1,True,True,210,19
000000162035.jpg,SMALL,onnx_cuda,False,1,9,2,True,True,10,5
000000162092.jpg,SMALL,onnx_cuda,False,8,68,3,True,True,91,16
000000162130.jpg,SMALL,onnx_cuda,False,0,0,0,False,False,10,1
000000162366.jpg,SMALL,onnx_cuda,False,0,0,0,False,False,11,1
000000162415.jpg,SMALL,onnx_cuda,False,1,9,0,True,True,20,2
000000162543.jpg,SMALL,onnx_cuda,False,0,0,0,False,False,32,6
000000162581.jpg,SMALL,onnx_cuda,False,1,9,0,True,True,21,2
000000162732.jpg,SMALL,onnx_cuda,False,5,46,0,True,True,57,6
000000162858.jpg,SMALL,onnx_cuda,False,1,9,1,True,True,83,17
000000163057.jpg,SMALL,onnx_cuda,False,9,39,4,True,True,61,22
000000163117.jpg,SMALL,onnx_cuda,False,5,41,7,True,True,92,27
000000163118.jpg,SMALL,onnx_cuda,False,2,19,0,True,True,28,3
000000163155.jpg,SMALL,onnx_cuda,False,0,0,0,False,False,10,1
000000163257.jpg,SMALL,onnx_cuda,False,2,14,0,True,True,25,3
000000163258.jpg,SMALL,onnx_cuda,False,0,0,0,False,False,17,2
000000163290.jpg,SMALL,onnx_cuda,False,0,0,0,False,False,10,3
000000163314.jpg,SMALL,onnx_cuda,False,7,66,6,True,True,73,21
000000163562.jpg,SMALL,onnx_cuda,False,1,9,0,True,True,21,2
000000163611.jpg,SMALL,onnx_cuda,False,0,0,0,False,False,54,6
000000163640.jpg,SMALL,onnx_cuda,False,3,25,0,True,True,38,6
000000163682.jpg,SMALL,onnx_cuda,False,1,9,0,True,True,22,3
000000163746.jpg,SMALL,onnx_cuda,False,5,45,6,True,True,55,13
000000163951.jpg,SMALL,onnx_cuda,False,0,0,0,False,False,14,2
000000164115.jpg,SMALL,onnx_cuda,False,0,0,1,True,False,16,2
000000164363.jpg,SMALL,onnx_cuda,False,0,0,0,False,False,10,1
000000164602.jpg,SMALL,onnx_cuda,False,2,18,0,True,True,26,6
000000164637.jpg,SMALL,onnx_cuda,False,0,0,0,False,False,12,1
000000164883.jpg,SMALL,onnx_cuda,False,1,9,0,True,True,35,4
000000164885.jpg,SMALL,onnx_cuda,False,3,12,4,True,True,16,8
000000164969.jpg,SMALL,onnx_cuda,False,0,0,0,False,False,4,1
000000165039.jpg,SMALL,onnx_cuda,False,0,3,9,True,True,45,23
000000165257.jpg,SMALL,onnx_cuda,False,0,0,0,False,False,11,1
000000165336.jpg,SMALL,onnx_cuda,False,0,0,0,False,False,20,2
000000165351.jpg,SMALL,onnx_cuda,False,0,0,0,False,False,8,6
000000165500.jpg,SMALL,onnx_cuda,False,0,0,0,False,False,30,3
000000165518.jpg,SMALL,onnx_cuda,False,2,19,0,True,True,21,2
000000165681.jpg,SMALL,onnx_cuda,False,12,82,12,True,True,94,28
000000165713.jpg,SMALL,onnx_cuda,False,0,0,0,False,False,10,1
000000165831.jpg,SMALL,onnx_cuda,False,0,0,0,False,False,32,22
000000166165.jpg,SMALL,onnx_cuda,False,2,19,0,True,True,29,4
000000166166.jpg,SMALL,onnx_cuda,False,0,0,0,False,False,58,9
000000166259.jpg,SMALL,onnx_cuda,False,0,0,0,False,False,37,4
000000166277.jpg,SMALL,onnx_cuda,False,0,0,0,False,False,31,4
000000166287.jpg,SMALL,onnx_cuda,False,0,0,0,False,False,69,16
000000166391.jpg,SMALL,onnx_cuda,False,0,0,0,False,False,67,27
000000166426.jpg,SMALL,onnx_cuda,False,0,0,0,False,False,84,11
000000166478.jpg,SMALL,onnx_cuda,False,1,7,0,True,True,46,8
000000166509.jpg,SMALL,onnx_cuda,False,0,0,0,False,False,11,2
000000166521.jpg,SMALL,onnx_cuda,False,0,0,0,False,False,24,16
000000166563.jpg,SMALL,onnx_cuda,False,0,0,0,False,False,0,1
000000166642.jpg,SMALL,onnx_cuda,False,0,0,0,False,False,9,1
000000166664.jpg,SMALL,onnx_cuda,False,0,0,0,False,False,20,2
000000166747.jpg,SMALL,onnx_cuda,False,5,29,8,True,True,49,17
000000166768.jpg,SMALL,onnx_cuda,False,2,17,0,True,True,30,3
000000166918.jpg,SMALL,onnx_cuda,False,8,54,5,True,True,123,44
000000167067.jpg,SMALL,onnx_cuda,False,1,9,0,True,True,20,2
000000167122.jpg,SMALL,onnx_cuda,False,0,0,1,True,False,13,6
000000167128.jpg,SMALL,onnx_cuda,False,0,0,0,False,False,20,3
000000167159.jpg,SMALL,onnx_cuda,False,0,10,0,False,True,30,2
000000167240.jpg,SMALL,onnx_cuda,False,0,0,0,False,False,10,1
000000167353.jpg,SMALL,onnx_cuda,False,0,0,0,False,False,11,1
000000167486.jpg,SMALL,onnx_cuda,False,3,23,6,True,True,44,10
000000167540.jpg,SMALL,onnx_cuda,False,0,0,0,False,False,10,1
000000167572.jpg,SMALL,onnx_cuda,False,0,0,2,True,False,9,14
000000167898.jpg,SMALL,onnx_cuda,False,0,0,0,False,False,24,3
000000167902.jpg,SMALL,onnx_cuda,False,0,0,0,False,False,8,1
000000168330.jpg,SMALL,onnx_cuda,False,0,0,0,False,False,25,7
000000168337.jpg,SMALL,onnx_cuda,False,2,16,0,True,True,45,6
000000168458.jpg,SMALL,onnx_cuda,False,0,0,0,False,False,30,1
000000168593.jpg,SMALL,onnx_cuda,False,0,0,0,False,False,30,3
000000168619.jpg,SMALL,onnx_cuda,False,0,0,0,False,False,10,1
000000168883.jpg,SMALL,onnx_cuda,False,4,36,0,True,True,41,6
000000168974.jpg,SMALL,onnx_cuda,False,1,9,0,True,True,14,3
000000169076.jpg,SMALL,onnx_cuda,False,1,9,1,True,True,30,6
000000169169.jpg,SMALL,onnx_cuda,False,8,63,5,True,True,105,19
000000169356.jpg,SMALL,onnx_cuda,False,1,9,0,True,True,20,2
000000169996.jpg,SMALL,onnx_cuda,False,4,32,3,True,True,96,16
000000170099.jpg,SMALL,onnx_cuda,False,1,9,0,True,True,30,3
000000170116.jpg,SMALL,onnx_cuda,False,0,0,8,True,False,1,9
000000170191.jpg,SMALL,onnx_cuda,False,1,8,0,True,True,38,3
000000170278.jpg,SMALL,onnx_cuda,False,0,0,0,False,False,27,2
000000170474.jpg,SMALL,onnx_cuda,False,1,9,0,True,True,28,4
000000170545.jpg,SMALL,onnx_cuda,False,0,0,0,False,False,2,11
000000170595.jpg,SMALL,onnx_cuda,False,0,0,0,False,False,8,2
000000170613.jpg,SMALL,onnx_cuda,False,2,18,0,True,True,36,4
000000170670.jpg,SMALL,onnx_cuda,False,0,0,0,False,False,127,21
000000170739.jpg,SMALL,onnx_cuda,False,0,1,0,False,True,51,3
000000170893.jpg,SMALL,onnx_cuda,False,0,0,0,False,False,23,2
000000170955.jpg,SMALL,onnx_cuda,False,1,9,0,True,True,18,2
000000171050.jpg,SMALL,onnx_cuda,False,0,0,0,False,False,10,1
000000171190.jpg,SMALL,onnx_cuda,False,10,96,0,True,True,185,37
000000171298.jpg,SMALL,onnx_cuda,False,0,0,0,False,False,30,3
000000171382.jpg,SMALL,onnx_cuda,False,9,55,1,True,True,108,36
000000171611.jpg,SMALL,onnx_cuda,False,1,10,0,True,True,46,5
000000171740.jpg,SMALL,onnx_cuda,False,0,0,0,False,False,16,3
000000171757.jpg,SMALL,onnx_cuda,False,3,17,0,True,True,29,9
000000171788.jpg,SMALL,onnx_cuda,False,1,9,0,True,True,23,3
000000172083.jpg,SMALL,onnx_cuda,False,0,0,0,False,False,10,4
000000172330.jpg,SMALL,onnx_cuda,False,0,0,0,False,False,40,4
000000172396.jpg,SMALL,onnx_cuda,False,0,0,0,False,False,12,2
000000172547.jpg,SMALL,onnx_cuda,False,0,0,0,False,False,0,7
000000172571.jpg,SMALL,onnx_cuda,False,1,4,0,True,True,55,8
000000172595.jpg,SMALL,onnx_cuda,False,0,0,0,False,False,72,15
000000172617.jpg,SMALL,onnx_cuda,False,1,9,0,True,True,33,12
000000172648.jpg,SMALL,onnx_cuda,False,1,10,1,True,True,29,4
000000172649.jpg,SMALL,onnx_cuda,False,1,9,0,True,True,14,2
000000172856.jpg,SMALL,onnx_cuda,False,0,0,0,False,False,10,1
000000172877.jpg,SMALL,onnx_cuda,False,1,9,0,True,True,33,8
000000172935.jpg,SMALL,onnx_cuda,False,1,9,1,True,True,18,5
000000172946.jpg,SMALL,onnx_cuda,False,7,49,6,True,True,56,21
000000172977.jpg,SMALL,onnx_cuda,False,0,0,0,False,False,10,1
000000173004.jpg,SMALL,onnx_cuda,False,0,0,0,False,False,85,15
000000173008.jpg,SMALL,onnx_cuda,False,1,9,0,True,True,25,18
000000173033.jpg,SMALL,onnx_cuda,False,0,0,0,False,False,11,2
000000173044.jpg,SMALL,onnx_cuda,False,0,0,0,False,False,10,1
000000173057.jpg,SMALL,onnx_cuda,False,7,40,6,True,True,65,17
000000173091.jpg,SMALL,onnx_cuda,False,0,0,0,False,False,10,4
000000173183.jpg,SMALL,onnx_cuda,False,0,0,0,False,False,0,0
000000173302.jpg,SMALL,onnx_cuda,False,2,17,0,True,True,91,24
000000173371.jpg,SMALL,onnx_cuda,False,0,0,0,False,False,71,10
000000173383.jpg,SMALL,onnx_cuda,False,0,0,0,False,False,27,4
000000173799.jpg,SMALL,onnx_cuda,False,2,19,0,True,True,129,15
000000173830.jpg,SMALL,onnx_cuda,False,1,9,0,True,True,15,2
000000174004.jpg,SMALL,onnx_cuda,False,0,0,0,False,False,10,1
000000174018.jpg,SMALL,onnx_cuda,False,0,0,0,False,False,24,2
000000174123.jpg,SMALL,onnx_cuda,False,0,0,2,True,False,15,6
000000174231.jpg,SMALL,onnx_cuda,False,0,0,0,False,False,21,3
000000174371.jpg,SMALL,onnx_cuda,False,5,42,1,True,True,47,8
000000174482.jpg,SMALL,onnx_cuda,False,1,9,0,True,True,53,12
000000175251.jpg,SMALL,onnx_cuda,False,1,9,0,True,True,22,2
000000175364.jpg,SMALL,onnx_cuda,False,0,0,0,False,False,56,18
000000175387.jpg,SMALL,onnx_cuda,False,0,0,0,False,False,10,1
000000175438.jpg,SMALL,onnx_cuda,False,0,0,0,False,False,108,18
000000175443.jpg,SMALL,onnx_cuda,False,0,0,0,False,False,10,2
000000175535.jpg,SMALL,onnx_cuda,False,0,0,0,False,False,29,7
000000176037.jpg,SMALL,onnx_cuda,False,1,6,4,True,True,18,15
000000176232.jpg,SMALL,onnx_cuda,False,0,0,0,False,False,26,2
000000176446.jpg,SMALL,onnx_cuda,False,0,0,0,False,False,11,2
000000176606.jpg,SMALL,onnx_cuda,False,0,0,1,True,False,20,4
000000176634.jpg,SMALL,onnx_cuda,False,0,0,0,False,False,21,1
000000176701.jpg,SMALL,onnx_cuda,False,0,0,0,False,False,0,0
000000176778.jpg,SMALL,onnx_cuda,False,0,0,0,False,False,17,2
000000176799.jpg,SMALL,onnx_cuda,False,2,26,1,True,True,42,6
000000176847.jpg,SMALL,onnx_cuda,False,0,0,0,False,False,10,1
000000176857.jpg,SMALL,onnx_cuda,False,9,57,3,True,True,70,16
000000176901.jpg,SMALL,onnx_cuda,False,3,27,0,True,True,40,6
000000177015.jpg,SMALL,onnx_cuda,False,1,12,0,True,True,23,6
000000177065.jpg,SMALL,onnx_cuda,False,3,35,2,True,True,73,11
000000177213.jpg,SMALL,onnx_cuda,False,1,6,0,True,True,50,7
000000177357.jpg,SMALL,onnx_cuda,False,1,9,0,True,True,20,2
000000177383.jpg,SMALL,onnx_cuda,False,0,0,0,False,False,10,1
000000177489.jpg,SMALL,onnx_cuda,False,2,18,0,True,True,45,21
000000177539.jpg,SMALL,onnx_cuda,False,1,9,0,True,True,19,2
000000177714.jpg,SMALL,onnx_cuda,False,0,0,0,False,False,6,11
000000177861.jpg,SMALL,onnx_cuda,False,3,36,2,True,True,74,19
000000177893.jpg,SMALL,onnx_cuda,False,0,0,0,False,False,10,3
000000177934.jpg,SMALL,onnx_cuda,False,6,49,2,True,True,102,18
000000177935.jpg,SMALL,onnx_cuda,False,0,0,0,False,False,19,13
000000178028.jpg,SMALL,onnx_cuda,False,0,0,0,False,False,42,10
000000178469.jpg,SMALL,onnx_cuda,False,0,0,0,False,False,46,7
000000178618.jpg,SMALL,onnx_cuda,False,0,0,0,False,False,10,3
000000178744.jpg,SMALL,onnx_cuda,False,0,0,9,True,False,18,10
000000178982.jpg,SMALL,onnx_cuda,False,4,19,0,True,True,23,9
000000179112.jpg,SMALL,onnx_cuda,False,1,9,0,True,True,20,2
000000179141.jpg,SMALL,onnx_cuda,False,4,25,0,True,True,67,7
000000179174.jpg,SMALL,onnx_cuda,False,4,24,4,True,True,139,22
000000179214.jpg,SMALL,onnx_cuda,False,0,0,0,False,False,6,1
000000179265.jpg,SMALL,onnx_cuda,False,0,0,2,True,False,40,8
000000179285.jpg,SMALL,onnx_cuda,False,0,0,0,False,False,20,2
000000179392.jpg,SMALL,onnx_cuda,False,0,0,0,False,False,19,6
000000179487.jpg,SMALL,onnx_cuda,False,8,71,4,True,True,82,15
000000179642.jpg,SMALL,onnx_cuda,False,8,60,2,True,True,119,21
000000179653.jpg,SMALL,onnx_cuda,False,0,0,0,False,False,11,1
000000179765.jpg,SMALL,onnx_cuda,False,1,9,0,True,True,10,1
000000179898.jpg,SMALL,onnx_cuda,False,7,50,2,True,True,89,26
000000180011.jpg,SMALL,onnx_cuda,False,1,8,0,True,True,41,6
000000180101.jpg,SMALL,onnx_cuda,False,4,32,0,True,True,78,11
000000180135.jpg,SMALL,onnx_cuda,False,1,9,0,True,True,20,2
000000180188.jpg,SMALL,onnx_cuda,False,0,0,0,False,False,10,1
000000180296.jpg,SMALL,onnx_cuda,False,0,19,0,False,True,31,5
000000180383.jpg,SMALL,onnx_cuda,False,1,17,0,True,True,36,4
000000180487.jpg,SMALL,onnx_cuda,False,2,19,0,True,True,46,6
000000180560.jpg,SMALL,onnx_cuda,False,2,22,0,True,True,25,3
000000180751.jpg,SMALL,onnx_cuda,False,2,11,0,True,True,98,21
000000180792.jpg,SMALL,onnx_cuda,False,0,0,0,False,False,9,1
000000180798.jpg,SMALL,onnx_cuda,False,0,0,0,False,False,18,1
000000180878.jpg,SMALL,onnx_cuda,False,0,0,0,False,False,26,4
000000181303.jpg,SMALL,onnx_cuda,False,1,9,0,True,True,19,2
000000181421.jpg,SMALL,onnx_cuda,False,3,24,0,True,True,45,5
000000181499.jpg,SMALL,onnx_cuda,False,0,0,1,True,False,21,3
000000181542.jpg,SMALL,onnx_cuda,False,11,86,6,True,True,129,20
000000181666.jpg,SMALL,onnx_cuda,False,2,15,1,True,True,102,16
000000181753.jpg,SMALL,onnx_cuda,False,0,0,0,False,False,38,14
000000181796.jpg,SMALL,onnx_cuda,False,0,0,0,False,False,51,15
000000181816.jpg,SMALL,onnx_cuda,False,1,9,2,True,True,51,11
000000181859.jpg,SMALL,onnx_cuda,False,0,0,0,False,False,24,2
000000181969.jpg,SMALL,onnx_cuda,False,0,0,0,False,False,10,2
000000182021.jpg,SMALL,onnx_cuda,False,2,19,1,True,True,33,5
000000182155.jpg,SMALL,onnx_cuda,False,2,18,0,True,True,41,7
000000182162.jpg,SMALL,onnx_cuda,False,0,0,0,False,False,12,9
000000182202.jpg,SMALL,onnx_cuda,False,0,0,0,False,False,18,4
000000182417.jpg,SMALL,onnx_cuda,False,0,0,0,False,False,49,8
000000182441.jpg,SMALL,onnx_cuda,False,1,10,0,True,True,13,26
000000182611.jpg,SMALL,onnx_cuda,False,1,15,1,True,True,79,25
000000182805.jpg,SMALL,onnx_cuda,False,1,12,0,True,True,22,5
000000182923.jpg,SMALL,onnx_cuda,False,7,47,6,True,True,54,15
000000183049.jpg,SMALL,onnx_cuda,False,0,0,0,False,False,42,14
000000183104.jpg,SMALL,onnx_cuda,False,0,0,0,False,False,12,2
000000183127.jpg,SMALL,onnx_cuda,False,1,9,0,True,True,20,2
000000183246.jpg,SMALL,onnx_cuda,False,0,0,2,True,False,58,18
000000183391.jpg,SMALL,onnx_cuda,False,3,31,10,True,True,62,27
000000183437.jpg,SMALL,onnx_cuda,False,4,27,0,True,True,41,6
000000183500.jpg,SMALL,onnx_cuda,False,1,3,0,True,True,14,2
000000183648.jpg,SMALL,onnx_cuda,False,3,28,0,True,True,42,4
000000183675.jpg,SMALL,onnx_cuda,False,1,9,0,True,True,19,2
000000183709.jpg,SMALL,onnx_cuda,False,10,56,2,True,True,112,24
000000183716.jpg,SMALL,onnx_cuda,False,2,18,0,True,True,30,5
000000183965.jpg,SMALL,onnx_cuda,False,0,0,0,False,False,11,5
000000184321.jpg,SMALL,onnx_cuda,False,0,0,0,False,False,10,1
000000184324.jpg,SMALL,onnx_cuda,False,10,69,6,True,True,92,31
000000184338.jpg,SMALL,onnx_cuda,False,0,0,0,False,False,10,1
000000184384.jpg,SMALL,onnx_cuda,False,0,0,1,True,False,39,6
000000184400.jpg,SMALL,onnx_cuda,False,0,0,0,False,False,9,2
000000184611.jpg,SMALL,onnx_cuda,False,12,65,2,True,True,98,22
000000184762.jpg,SMALL,onnx_cuda,False,0,0,0,False,False,9,1
000000184791.jpg,SMALL,onnx_cuda,False,0,0,0,False,False,19,7
000000184978.jpg,SMALL,onnx_cuda,False,1,9,0,True,True,13,2
000000185157.jpg,SMALL,onnx_cuda,False,1,7,5,True,True,8,6
000000185250.jpg,SMALL,onnx_cuda,False,2,8,0,True,True,31,5
000000185292.jpg,SMALL,onnx_cuda,False,1,6,0,True,True,7,2
000000185409.jpg,SMALL,onnx_cuda,False,0,0,0,False,False,63,12
000000185472.jpg,SMALL,onnx_cuda,False,3,29,3,True,True,47,9
000000185473.jpg,SMALL,onnx_cuda,False,0,0,5,True,False,72,16
000000185599.jpg,SMALL,onnx_cuda,False,0,0,0,False,False,10,6
000000185802.jpg,SMALL,onnx_cuda,False,0,0,0,False,False,33,4
000000185890.jpg,SMALL,onnx_cuda,False,4,47,1,True,True,51,15
000000185950.jpg,SMALL,onnx_cuda,False,1,43,0,True,True,54,2
000000186042.jpg,SMALL,onnx_cuda,False,1,9,0,True,True,15,2
000000186282.jpg,SMALL,onnx_cuda,False,0,0,0,False,False,34,3
000000186296.jpg,SMALL,onnx_cuda,False,0,0,0,False,False,10,1
000000186345.jpg,SMALL,onnx_cuda,False,0,26,0,False,True,45,8
000000186422.jpg,SMALL,onnx_cuda,False,0,0,0,False,False,13,2
000000186449.jpg,SMALL,onnx_cuda,False,7,67,0,True,True,101,15
000000186624.jpg,SMALL,onnx_cuda,False,1,10,0,True,True,21,5
000000186632.jpg,SMALL,onnx_cuda,False,0,0,0,False,False,41,7
000000186637.jpg,SMALL,onnx_cuda,False,0,0,0,False,False,10,1
000000186873.jpg,SMALL,onnx_cuda,False,4,36,5,True,True,52,10
000000186929.jpg,SMALL,onnx_cuda,False,0,0,0,False,False,12,1
000000186938.jpg,SMALL,onnx_cuda,False,0,0,0,False,False,10,1
000000186980.jpg,SMALL,onnx_cuda,False,0,0,0,False,False,39,14
000000187055.jpg,SMALL,onnx_cuda,False,2,19,1,True,True,52,6
000000187144.jpg,SMALL,onnx_cuda,False,6,36,3,True,True,73,18
000000187236.jpg,SMALL,onnx_cuda,False,0,9,0,False,True,37,4
000000187243.jpg,SMALL,onnx_cuda,False,0,0,1,True,False,17,3
000000187249.jpg,SMALL,onnx_cuda,False,1,5,1,True,True,24,4
000000187271.jpg,SMALL,onnx_cuda,False,0,0,0,False,False,8,1
000000187362.jpg,SMALL,onnx_cuda,False,1,8,0,True,True,17,2
000000187513.jpg,SMALL,onnx_cuda,False,0,0,0,False,False,31,2
000000187585.jpg,SMALL,onnx_cuda,False,1,9,0,True,True,21,2
000000187734.jpg,SMALL,onnx_cuda,False,4,43,6,True,True,54,26
000000187745.jpg,SMALL,onnx_cuda,False,0,0,0,False,False,10,1
000000187990.jpg,SMALL,onnx_cuda,False,1,9,0,True,True,25,2
000000188296.jpg,SMALL,onnx_cuda,False,6,54,1,True,True,68,13
000000188439.jpg,SMALL,onnx_cuda,False,0,0,1,True,False,10,2
000000188465.jpg,SMALL,onnx_cuda,False,5,43,8,True,True,53,23
000000188592.jpg,SMALL,onnx_cuda,False,1,9,0,True,True,20,2
000000188689.jpg,SMALL,onnx_cuda,False,0,0,0,False,False,14,3
000000188906.jpg,SMALL,onnx_cuda,False,0,0,0,False,False,0,1
000000189078.jpg,SMALL,onnx_cuda,False,0,0,0,False,False,12,7
000000189213.jpg,SMALL,onnx_cuda,False,0,0,0,False,False,15,3
000000189226.jpg,SMALL,onnx_cuda,False,0,0,0,False,False,10,1
000000189310.jpg,SMALL,onnx_cuda,False,0,0,0,False,False,20,1
000000189436.jpg,SMALL,onnx_cuda,False,0,0,0,False,False,20,5
000000189451.jpg,SMALL,onnx_cuda,False,0,0,0,False,False,34,2
000000189475.jpg,SMALL,onnx_cuda,False,9,71,2,True,True,207,36
000000189698.jpg,SMALL,onnx_cuda,False,0,0,0,False,False,10,1
000000189752.jpg,SMALL,onnx_cuda,False,1,9,2,True,True,44,13
000000189775.jpg,SMALL,onnx_cuda,False,3,43,10,True,True,47,24
000000189806.jpg,SMALL,onnx_cuda,False,0,0,0,False,False,30,4
000000189820.jpg,SMALL,onnx_cuda,False,0,0,0,False,False,69,16
000000189828.jpg,SMALL,onnx_cuda,False,0,0,0,False,False,10,1
000000190007.jpg,SMALL,onnx_cuda,False,1,9,0,True,True,21,2
000000190140.jpg,SMALL,onnx_cuda,False,1,9,0,True,True,35,4
000000190236.jpg,SMALL,onnx_cuda,False,0,0,0,False,False,61,28
000000190307.jpg,SMALL,onnx_cuda,False,1,9,0,True,True,10,2
000000190637.jpg,SMALL,onnx_cuda,False,1,5,0,True,True,10,4
000000190648.jpg,SMALL,onnx_cuda,False,0,0,0,False,False,28,2
000000190676.jpg,SMALL,onnx_cuda,False,9,62,4,True,True,80,14
000000190753.jpg,SMALL,onnx_cuda,False,6,34,2,True,True,82,21
000000190756.jpg,SMALL,onnx_cuda,False,2,18,0,True,True,20,2
000000190841.jpg,SMALL,onnx_cuda,False,1,9,0,True,True,18,2
000000190853.jpg,SMALL,onnx_cuda,False,1,9,0,True,True,10,2
000000190923.jpg,SMALL,onnx_cuda,False,6,28,7,True,True,49,16
000000191013.jpg,SMALL,onnx_cuda,False,0,0,2,True,False,45,8
000000191288.jpg,SMALL,onnx_cuda,False,1,9,0,True,True,20,2
000000191471.jpg,SMALL,onnx_cuda,False,0,0,0,False,False,10,1
000000191580.jpg,SMALL,onnx_cuda,False,0,0,0,False,False,49,9
000000191614.jpg,SMALL,onnx_cuda,False,0,0,1,True,False,20,3
000000191672.jpg,SMALL,onnx_cuda,False,1,7,0,True,True,18,2
000000191761.jpg,SMALL,onnx_cuda,False,0,0,0,False,False,0,4
000000191845.jpg,SMALL,onnx_cuda,False,5,74,8,True,True,127,37
000000192047.jpg,SMALL,onnx_cuda,False,0,0,0,False,False,9,1
000000192191.jpg,SMALL,onnx_cuda,False,0,0,0,False,False,9,2
000000192607.jpg,SMALL,onnx_cuda,False,1,11,0,True,True,20,2
000000192670.jpg,SMALL,onnx_cuda,False,6,56,3,True,True,87,21
000000192699.jpg,SMALL,onnx_cuda,False,3,24,1,True,True,27,5
000000192716.jpg,SMALL,onnx_cuda,False,1,1,0,True,True,30,4
000000192871.jpg,SMALL,onnx_cuda,False,0,0,0,False,False,13,10
000000192904.jpg,SMALL,onnx_cuda,False,0,0,0,False,False,30,7
000000192964.jpg,SMALL,onnx_cuda,False,1,9,0,True,True,20,3
000000193162.jpg,SMALL,onnx_cuda,False,1,12,0,True,True,45,5
000000193181.jpg,SMALL,onnx_cuda,False,6,40,7,True,True,48,15
000000193245.jpg,SMALL,onnx_cuda,False,9,62,4,True,True,121,25
000000193348.jpg,SMALL,onnx_cuda,False,1,9,0,True,True,20,2
000000193429.jpg,SMALL,onnx_cuda,False,1,11,0,True,True,22,2
000000193494.jpg,SMALL,onnx_cuda,False,0,0,0,False,False,10,1
000000193674.jpg,SMALL,onnx_cuda,False,1,17,0,True,True,28,3
000000193717.jpg,SMALL,onnx_cuda,False,1,9,0,True,True,45,12
000000193743.jpg,SMALL,onnx_cuda,False,3,21,1,True,True,30,5
000000193884.jpg,SMALL,onnx_cuda,False,0,0,0,False,False,9,1
000000193926.jpg,SMALL,onnx_cuda,False,1,8,2,True,True,25,12
000000194216.jpg,SMALL,onnx_cuda,False,0,0,0,False,False,25,3
000000194471.jpg,SMALL,onnx_cuda,False,1,9,0,True,True,20,2
000000194506.jpg,SMALL,onnx_cuda,False,0,0,0,False,False,20,2
000000194716.jpg,SMALL,onnx_cuda,False,2,18,0,True,True,46,4
000000194724.jpg,SMALL,onnx_cuda,False,0,7,0,False,True,111,19
000000194746.jpg,SMALL,onnx_cuda,False,0,0,0,False,False,10,2
000000194832.jpg,SMALL,onnx_cuda,False,0,0,0,False,False,64,14
000000194875.jpg,SMALL,onnx_cuda,False,8,82,6,True,True,105,39
000000194940.jpg,SMALL,onnx_cuda,False,0,0,0,False,False,23,12
000000195045.jpg,SMALL,onnx_cuda,False,0,0,0,False,False,9,2
000000195165.jpg,SMALL,onnx_cuda,False,0,0,0,False,False,39,17
000000195754.jpg,SMALL,onnx_cuda,False,0,0,0,False,False,29,8
000000195842.jpg,SMALL,onnx_cuda,False,1,9,0,True,True,32,9
000000195918.jpg,SMALL,onnx_cuda,False,0,0,0,False,False,65,6
000000196009.jpg,SMALL,onnx_cuda,False,0,0,0,False,False,14,3
000000196141.jpg,SMALL,onnx_cuda,False,5,38,0,True,True,65,13
000000196185.jpg,SMALL,onnx_cuda,False,0,0,0,False,False,10,1
000000196442.jpg,SMALL,onnx_cuda,False,3,8,1,True,True,28,5
000000196754.jpg,SMALL,onnx_cuda,False,0,0,0,False,False,10,2
000000196759.jpg,SMALL,onnx_cuda,False,0,0,0,False,False,18,4
000000196843.jpg,SMALL,onnx_cuda,False,2,26,1,True,True,38,4
000000197004.jpg,SMALL,onnx_cuda,False,0,0,0,False,False,10,2
000000197022.jpg,SMALL,onnx_cuda,False,0,0,0,False,False,20,2
000000197388.jpg,SMALL,onnx_cuda,False,5,36,0,True,True,59,9
000000197528.jpg,SMALL,onnx_cuda,False,0,0,0,False,False,10,1
000000197658.jpg,SMALL,onnx_cuda,False,1,9,0,True,True,19,2
000000197796.jpg,SMALL,onnx_cuda,False,0,0,0,False,False,41,7
000000197870.jpg,SMALL,onnx_cuda,False,1,9,0,True,True,30,3
000000198489.jpg,SMALL,onnx_cuda,False,1,9,0,True,True,40,4
000000198510.jpg,SMALL,onnx_cuda,False,1,9,0,True,True,20,2
000000198641.jpg,SMALL,onnx_cuda,False,0,0,0,False,False,61,7
000000198805.jpg,SMALL,onnx_cuda,False,0,0,0,False,False,16,8
000000198915.jpg,SMALL,onnx_cuda,False,0,0,0,False,False,0,0
000000198928.jpg,SMALL,onnx_cuda,False,1,9,0,True,True,20,6
000000198960.jpg,SMALL,onnx_cuda,False,0,0,0,False,False,35,3
000000199055.jpg,SMALL,onnx_cuda,False,1,9,0,True,True,20,2
000000199236.jpg,SMALL,onnx_cuda,False,7,67,6,True,True,84,14
000000199310.jpg,SMALL,onnx_cuda,False,1,9,0,True,True,25,2
000000199395.jpg,SMALL,onnx_cuda,False,2,3,9,True,True,14,13
000000199442.jpg,SMALL,onnx_cuda,False,1,9,0,True,True,22,2
000000199551.jpg,SMALL,onnx_cuda,False,0,0,1,True,False,10,2
000000199681.jpg,SMALL,onnx_cuda,False,0,0,0,False,False,12,2
000000199771.jpg,SMALL,onnx_cuda,False,9,59,1,True,True,116,20
000000199977.jpg,SMALL,onnx_cuda,False,0,0,0,False,False,10,1
000000200152.jpg,SMALL,onnx_cuda,False,0,0,0,False,False,0,0
000000200162.jpg,SMALL,onnx_cuda,False,0,0,0,False,False,30,9
000000200252.jpg,SMALL,onnx_cuda,False,0,0,0,False,False,32,3
000000200421.jpg,SMALL,onnx_cuda,False,1,9,0,True,True,23,3
000000200667.jpg,SMALL,onnx_cuda,False,0,0,0,False,False,0,1
000000200839.jpg,SMALL,onnx_cuda,False,1,11,0,True,True,22,7
000000200961.jpg,SMALL,onnx_cuda,False,1,9,1,True,True,28,8
000000201025.jpg,SMALL,onnx_cuda,False,0,0,0,False,False,16,2
000000201072.jpg,SMALL,onnx_cuda,False,4,28,0,True,True,41,5
000000201148.jpg,SMALL,onnx_cuda,False,0,0,2,True,False,17,4
000000201418.jpg,SMALL,onnx_cuda,False,6,33,7,True,True,99,28
000000201426.jpg,SMALL,onnx_cuda,False,2,18,0,True,True,63,9
000000201646.jpg,SMALL,onnx_cuda,False,1,9,0,True,True,19,4
000000201676.jpg,SMALL,onnx_cuda,False,0,0,0,False,False,49,7
000000201775.jpg,SMALL,onnx_cuda,False,0,0,0,False,False,30,3
000000201934.jpg,SMALL,onnx_cuda,False,0,0,0,False,False,18,6
000000202001.jpg,SMALL,onnx_cuda,False,1,9,0,True,True,27,3
000000202228.jpg,SMALL,onnx_cuda,False,1,9,0,True,True,14,1
000000202339.jpg,SMALL,onnx_cuda,False,1,9,1,True,True,43,7
000000202445.jpg,SMALL,onnx_cuda,False,0,0,0,False,False,22,2
000000203095.jpg,SMALL,onnx_cuda,False,0,0,0,False,False,13,5
000000203294.jpg,SMALL,onnx_cuda,False,2,20,1,True,True,45,7
000000203317.jpg,SMALL,onnx_cuda,False,1,9,0,True,True,10,1
000000203389.jpg,SMALL,onnx_cuda,False,10,73,1,True,True,83,15
000000203488.jpg,SMALL,onnx_cuda,False,0,0,0,False,False,23,2
000000203546.jpg,SMALL,onnx_cuda,False,0,0,0,False,False,10,1
000000203580.jpg,SMALL,onnx_cuda,False,0,0,0,False,False,22,3
000000203629.jpg,SMALL,onnx_cuda,False,10,74,1,True,True,104,14
000000203639.jpg,SMALL,onnx_cuda,False,1,9,0,True,True,13,2
000000203864.jpg,SMALL,onnx_cuda,False,2,19,0,True,True,42,5
000000203931.jpg,SMALL,onnx_cuda,False,1,35,12,True,True,48,16
000000204186.jpg,SMALL,onnx_cuda,False,9,92,6,True,True,101,19
000000204329.jpg,SMALL,onnx_cuda,False,3,5,5,True,True,18,9
000000204871.jpg,SMALL,onnx_cuda,False,1,8,2,True,True,49,11
000000205105.jpg,SMALL,onnx_cuda,False,1,15,0,True,True,34,14
000000205282.jpg,SMALL,onnx_cuda,False,0,0,0,False,False,35,5
000000205289.jpg,SMALL,onnx_cuda,False,0,0,1,True,False,9,2
000000205324.jpg,SMALL,onnx_cuda,False,2,8,0,True,True,20,3
000000205333.jpg,SMALL,onnx_cuda,False,2,9,0,True,True,13,3
000000205401.jpg,SMALL,onnx_cuda,False,0,0,2,True,False,18,4
000000205514.jpg,SMALL,onnx_cuda,False,0,0,0,False,False,59,26
000000205542.jpg,SMALL,onnx_cuda,False,0,0,0,False,False,10,1
000000205647.jpg,SMALL,onnx_cuda,False,0,0,0,False,False,10,1
000000205776.jpg,SMALL,onnx_cuda,False,0,4,0,False,True,14,1
000000205834.jpg,SMALL,onnx_cuda,False,0,0,0,False,False,20,2
000000206025.jpg,SMALL,onnx_cuda,False,1,9,0,True,True,20,2
000000206027.jpg,SMALL,onnx_cuda,False,0,0,0,False,False,51,6
000000206135.jpg,SMALL,onnx_cuda,False,0,0,0,False,False,52,5
000000206218.jpg,SMALL,onnx_cuda,False,0,0,0,False,False,23,2
000000206271.jpg,SMALL,onnx_cuda,False,0,0,0,False,False,0,2
000000206411.jpg,SMALL,onnx_cuda,False,0,0,1,True,False,10,2
000000206487.jpg,SMALL,onnx_cuda,False,2,20,1,True,True,46,8
000000206579.jpg,SMALL,onnx_cuda,False,1,9,2,True,True,27,8
000000206831.jpg,SMALL,onnx_cuda,False,0,0,0,False,False,10,1
000000206838.jpg,SMALL,onnx_cuda,False,2,18,0,True,True,41,4
000000206994.jpg,SMALL,onnx_cuda,False,0,0,0,False,False,21,2
000000207306.jpg,SMALL,onnx_cuda,False,1,10,0,True,True,21,2
000000207538.jpg,SMALL,onnx_cuda,False,0,0,0,False,False,10,1
000000207585.jpg,SMALL,onnx_cuda,False,0,0,0,False,False,38,6
000000207728.jpg,SMALL,onnx_cuda,False,0,0,0,False,False,13,2
000000207844.jpg,SMALL,onnx_cuda,False,1,16,12,True,True,103,33
000000208208.jpg,SMALL,onnx_cuda,False,0,0,0,False,False,8,1
000000208363.jpg,SMALL,onnx_cuda,False,12,123,1,True,True,162,32
000000208423.jpg,SMALL,onnx_cuda,False,0,0,2,True,False,75,19
000000208901.jpg,SMALL,onnx_cuda,False,0,0,0,False,False,10,1
000000209142.jpg,SMALL,onnx_cuda,False,0,0,0,False,False,31,13
000000209222.jpg,SMALL,onnx_cuda,False,4,28,9,True,True,42,17
000000209530.jpg,SMALL,onnx_cuda,False,6,47,1,True,True,94,23
000000209613.jpg,SMALL,onnx_cuda,False,0,0,0,False,False,70,9
000000209747.jpg,SMALL,onnx_cuda,False,0,0,0,False,False,19,2
000000209753.jpg,SMALL,onnx_cuda,False,1,9,0,True,True,12,3
000000209757.jpg,SMALL,onnx_cuda,False,3,19,4,True,True,32,9
000000209829.jpg,SMALL,onnx_cuda,False,3,24,0,True,True,27,4
000000209972.jpg,SMALL,onnx_cuda,False,0,0,0,False,False,10,1
000000210030.jpg,SMALL,onnx_cuda,False,0,0,0,False,False,29,3
000000210032.jpg,SMALL,onnx_cuda,False,1,9,3,True,True,45,15
000000210099.jpg,SMALL,onnx_cuda,False,0,0,0,False,False,29,2
000000210230.jpg,SMALL,onnx_cuda,False,4,52,4,True,True,56,17
000000210273.jpg,SMALL,onnx_cuda,False,2,7,13,True,True,153,41
000000210299.jpg,SMALL,onnx_cuda,False,2,18,0,True,True,20,2
000000210388.jpg,SMALL,onnx_cuda,False,3,28,0,True,True,31,4
000000210394.jpg,SMALL,onnx_cuda,False,9,58,7,True,True,77,17
000000210502.jpg,SMALL,onnx_cuda,False,0,0,0,False,False,9,1
000000210520.jpg,SMALL,onnx_cuda,False,0,0,0,False,False,85,17
000000210708.jpg,SMALL,onnx_cuda,False,0,0,0,False,False,20,2
000000210789.jpg,SMALL,onnx_cuda,False,2,17,0,True,True,38,5
000000210855.jpg,SMALL,onnx_cuda,False,0,0,0,False,False,19,5
000000210915.jpg,SMALL,onnx_cuda,False,1,8,0,True,True,19,2
000000211042.jpg,SMALL,onnx_cuda,False,0,0,0,False,False,19,2
000000211069.jpg,SMALL,onnx_cuda,False,0,0,0,False,False,20,2
000000211120.jpg,SMALL,onnx_cuda,False,0,0,0,False,False,40,6
000000211674.jpg,SMALL,onnx_cuda,False,3,10,10,True,True,26,16
000000211825.jpg,SMALL,onnx_cuda,False,2,18,0,True,True,48,6
000000212072.jpg,SMALL,onnx_cuda,False,0,0,0,False,False,10,1
000000212166.jpg,SMALL,onnx_cuda,False,1,9,0,True,True,33,1
000000212226.jpg,SMALL,onnx_cuda,False,1,8,0,True,True,18,2
000000212453.jpg,SMALL,onnx_cuda,False,0,0,8,True,False,10,9
000000212559.jpg,SMALL,onnx_cuda,False,0,0,0,False,False,82,10
000000212573.jpg,SMALL,onnx_cuda,False,2,16,0,True,True,73,15
000000212800.jpg,SMALL,onnx_cuda,False,11,58,2,True,True,163,27
000000212895.jpg,SMALL,onnx_cuda,False,0,0,0,False,False,10,1
000000213033.jpg,SMALL,onnx_cuda,False,1,9,0,True,True,20,6
000000213035.jpg,SMALL,onnx_cuda,False,2,23,1,True,True,25,6
000000213086.jpg,SMALL,onnx_cuda,False,0,0,1,True,False,21,5
000000213171.jpg,SMALL,onnx_cuda,False,1,10,0,True,True,21,2
000000213224.jpg,SMALL,onnx_cuda,False,0,0,0,False,False,40,6
000000213255.jpg,SMALL,onnx_cuda,False,1,9,0,True,True,80,28
000000213422.jpg,SMALL,onnx_cuda,False,0,0,0,False,False,20,2
000000213445.jpg,SMALL,onnx_cuda,False,0,0,0,False,False,34,14
000000213547.jpg,SMALL,onnx_cuda,False,2,18,0,True,True,28,19
000000213593.jpg,SMALL,onnx_cuda,False,2,7,0,True,True,73,10
000000213605.jpg,SMALL,onnx_cuda,False,1,1,1,True,True,22,4
000000213816.jpg,SMALL,onnx_cuda,False,0,0,0,False,False,10,1
000000213830.jpg,SMALL,onnx_cuda,False,4,37,1,True,True,62,10
000000213935.jpg,SMALL,onnx_cuda,False,0,0,0,False,False,39,4
000000214192.jpg,SMALL,onnx_cuda,False,3,26,1,True,True,29,4
000000214200.jpg,SMALL,onnx_cuda,False,0,0,0,False,False,35,4
000000214205.jpg,SMALL,onnx_cuda,False,0,0,0,False,False,12,1
000000214224.jpg,SMALL,onnx_cuda,False,0,0,0,False,False,47,8
000000214539.jpg,SMALL,onnx_cuda,False,7,57,6,True,True,73,16
000000214703.jpg,SMALL,onnx_cuda,False,1,13,1,True,True,14,4
000000214720.jpg,SMALL,onnx_cuda,False,1,8,0,True,True,74,11
000000214753.jpg,SMALL,onnx_cuda,False,2,17,0,True,True,41,4
000000214869.jpg,SMALL,onnx_cuda,False,1,9,0,True,True,17,2
000000215072.jpg,SMALL,onnx_cuda,False,2,21,0,True,True,50,9
000000215114.jpg,SMALL,onnx_cuda,False,1,5,0,True,True,26,7
000000215245.jpg,SMALL,onnx_cuda,False,0,0,0,False,False,56,7
000000215259.jpg,SMALL,onnx_cuda,False,2,18,0,True,True,31,8
000000215644.jpg,SMALL,onnx_cuda,False,0,0,0,False,False,12,9
000000215723.jpg,SMALL,onnx_cuda,False,2,18,0,True,True,52,6
000000215778.jpg,SMALL,onnx_cuda,False,0,0,0,False,False,37,19
000000216277.jpg,SMALL,onnx_cuda,False,1,8,0,True,True,19,3
000000216296.jpg,SMALL,onnx_cuda,False,3,27,0,True,True,43,5
000000216419.jpg,SMALL,onnx_cuda,False,0,0,0,False,False,11,2
000000216497.jpg,SMALL,onnx_cuda,False,0,0,0,False,False,54,8
000000216516.jpg,SMALL,onnx_cuda,False,1,10,0,True,True,21,2
000000216636.jpg,SMALL,onnx_cuda,False,0,0,0,False,False,20,1
000000216739.jpg,SMALL,onnx_cuda,False,0,0,0,False,False,21,4
000000217060.jpg,SMALL,onnx_cuda,False,0,0,0,False,False,7,1
000000217219.jpg,SMALL,onnx_cuda,False,0,0,0,False,False,11,1
000000217285.jpg,SMALL,onnx_cuda,False,6,40,7,True,True,74,24
000000217400.jpg,SMALL,onnx_cuda,False,0,0,2,True,False,10,3
000000217425.jpg,SMALL,onnx_cuda,False,0,0,0,False,False,10,1
000000217614.jpg,SMALL,onnx_cuda,False,0,0,0,False,False,10,1
000000217753.jpg,SMALL,onnx_cuda,False,0,0,0,False,False,0,18
000000217872.jpg,SMALL,onnx_cuda,False,1,9,0,True,True,15,2
000000217948.jpg,SMALL,onnx_cuda,False,0,0,0,False,False,27,3
000000217957.jpg,SMALL,onnx_cuda,False,0,0,0,False,False,10,1
000000218091.jpg,SMALL,onnx_cuda,False,0,0,0,False,False,59,7
000000218249.jpg,SMALL,onnx_cuda,False,0,0,0,False,False,11,2
000000218362.jpg,SMALL,onnx_cuda,False,0,0,0,False,False,16,8
000000218424.jpg,SMALL,onnx_cuda,False,0,0,0,False,False,27,4
000000218439.jpg,SMALL,onnx_cuda,False,1,9,6,True,True,22,13
000000218997.jpg,SMALL,onnx_cuda,False,5,43,7,True,True,68,27
000000219271.jpg,SMALL,onnx_cuda,False,4,42,9,True,True,83,18
000000219283.jpg,SMALL,onnx_cuda,False,0,0,0,False,False,17,5
000000219440.jpg,SMALL,onnx_cuda,False,0,0,0,False,False,26,5
000000219485.jpg,SMALL,onnx_cuda,False,0,0,0,False,False,9,1
000000219578.jpg,SMALL,onnx_cuda,False,0,0,0,False,False,16,4
000000220310.jpg,SMALL,onnx_cuda,False,0,0,0,False,False,17,1
000000220584.jpg,SMALL,onnx_cuda,False,1,9,0,True,True,22,2
000000220732.jpg,SMALL,onnx_cuda,False,1,6,0,True,True,33,8
000000220764.jpg,SMALL,onnx_cuda,False,1,9,0,True,True,10,3
000000220858.jpg,SMALL,onnx_cuda,False,3,6,2,True,True,19,9
000000221017.jpg,SMALL,onnx_cuda,False,0,0,0,False,False,10,1
000000221155.jpg,SMALL,onnx_cuda,False,0,0,0,False,False,22,2
000000221213.jpg,SMALL,onnx_cuda,False,0,0,0,False,False,21,2
000000221281.jpg,SMALL,onnx_cuda,False,0,1,0,False,True,21,3
000000221291.jpg,SMALL,onnx_cuda,False,1,8,0,True,True,19,2
000000221502.jpg,SMALL,onnx_cuda,False,0,0,0,False,False,9,2
000000221693.jpg,SMALL,onnx_cuda,False,0,0,0,False,False,20,2
000000221708.jpg,SMALL,onnx_cuda,False,0,0,0,False,False,40,9
000000221754.jpg,SMALL,onnx_cuda,False,1,3,6,True,True,30,15
000000221872.jpg,SMALL,onnx_cuda,False,0,0,0,False,False,47,7
000000222094.jpg,SMALL,onnx_cuda,False,0,10,0,False,True,39,11
000000222118.jpg,SMALL,onnx_cuda,False,1,16,0,True,True,17,3
000000222235.jpg,SMALL,onnx_cuda,False,0,0,0,False,False,9,2
000000222299.jpg,SMALL,onnx_cuda,False,0,0,0,False,False,58,9
000000222317.jpg,SMALL,onnx_cuda,False,0,0,0,False,False,16,3
000000222455.jpg,SMALL,onnx_cuda,False,0,0,0,False,False,7,2
000000222458.jpg,SMALL,onnx_cuda,False,4,15,1,True,True,48,9
000000222559.jpg,SMALL,onnx_cuda,False,6,10,5,True,True,55,25
000000222735.jpg,SMALL,onnx_cuda,False,0,1,1,True,True,21,5
000000222825.jpg,SMALL,onnx_cuda,False,0,0,0,False,False,36,3
000000222863.jpg,SMALL,onnx_cuda,False,0,0,0,False,False,10,1
000000222991.jpg,SMALL,onnx_cuda,False,0,0,0,False,False,3,1
000000223090.jpg,SMALL,onnx_cuda,False,0,0,0,False,False,10,4
000000223130.jpg,SMALL,onnx_cuda,False,0,0,0,False,False,10,1
000000223182.jpg,SMALL,onnx_cuda,False,5,36,0,True,True,72,11
000000223188.jpg,SMALL,onnx_cuda,False,1,9,0,True,True,10,3
000000223738.jpg,SMALL,onnx_cuda,False,3,28,2,True,True,41,7
000000223747.jpg,SMALL,onnx_cuda,False,0,8,1,True,True,13,3
000000223789.jpg,SMALL,onnx_cuda,False,0,0,0,False,False,24,3
000000223955.jpg,SMALL,onnx_cuda,False,1,9,0,True,True,20,2
000000223959.jpg,SMALL,onnx_cuda,False,1,9,0,True,True,20,2
000000224051.jpg,SMALL,onnx_cuda,False,1,9,0,True,True,25,3
000000224093.jpg,SMALL,onnx_cuda,False,0,0,0,False,False,42,7
000000224119.jpg,SMALL,onnx_cuda,False,0,4,4,True,True,29,12
000000224200.jpg,SMALL,onnx_cuda,False,0,0,0,False,False,20,2
000000224222.jpg,SMALL,onnx_cuda,False,3,24,0,True,True,37,4
000000224337.jpg,SMALL,onnx_cuda,False,4,41,0,True,True,53,5
000000224664.jpg,SMALL,onnx_cuda,False,0,1,8,True,True,10,15
000000224675.jpg,SMALL,onnx_cuda,False,2,19,0,True,True,21,5
000000224724.jpg,SMALL,onnx_cuda,False,3,10,3,True,True,37,9
000000224807.jpg,SMALL,onnx_cuda,False,10,107,3,True,True,143,45
000000225184.jpg,SMALL,onnx_cuda,False,0,0,0,False,False,40,4
000000225405.jpg,SMALL,onnx_cuda,False,3,27,0,True,True,40,4
000000225532.jpg,SMALL,onnx_cuda,False,0,0,0,False,False,22,8
000000225670.jpg,SMALL,onnx_cuda,False,0,10,0,False,True,22,15
000000225757.jpg,SMALL,onnx_cuda,False,0,0,0,False,False,87,9
000000225946.jpg,SMALL,onnx_cuda,False,0,0,0,False,False,10,2
000000226058.jpg,SMALL,onnx_cuda,False,0,8,0,False,True,36,3
000000226111.jpg,SMALL,onnx_cuda,False,0,0,0,False,False,0,0
000000226130.jpg,SMALL,onnx_cuda,False,0,0,0,False,False,16,3
000000226147.jpg,SMALL,onnx_cuda,False,2,19,0,True,True,100,21
000000226154.jpg,SMALL,onnx_cuda,False,4,24,1,True,True,39,6
000000226171.jpg,SMALL,onnx_cuda,False,0,0,0,False,False,61,7
000000226408.jpg,SMALL,onnx_cuda,False,1,19,0,True,True,30,3
000000226417.jpg,SMALL,onnx_cuda,False,12,93,5,True,True,142,25
000000226592.jpg,SMALL,onnx_cuda,False,0,1,0,False,True,21,1
000000226662.jpg,SMALL,onnx_cuda,False,3,24,1,True,True,27,4
000000226802.jpg,SMALL,onnx_cuda,False,6,26,8,True,True,55,22
000000226883.jpg,SMALL,onnx_cuda,False,0,0,0,False,False,10,1
000000226903.jpg,SMALL,onnx_cuda,False,0,0,2,True,False,34,21
000000226984.jpg,SMALL,onnx_cuda,False,0,0,0,False,False,49,24
000000227044.jpg,SMALL,onnx_cuda,False,0,0,0,False,False,41,8
000000227187.jpg,SMALL,onnx_cuda,False,0,0,0,False,False,54,11
000000227399.jpg,SMALL,onnx_cuda,False,11,98,5,True,True,115,23
000000227478.jpg,SMALL,onnx_cuda,False,2,16,0,True,True,28,6
000000227482.jpg,SMALL,onnx_cuda,False,1,9,0,True,True,30,2
000000227491.jpg,SMALL,onnx_cuda,False,1,9,0,True,True,10,6
000000227511.jpg,SMALL,onnx_cuda,False,0,1,0,False,True,28,7
000000227686.jpg,SMALL,onnx_cuda,False,0,0,0,False,False,10,1
000000227765.jpg,SMALL,onnx_cuda,False,0,0,0,False,False,20,8
000000227898.jpg,SMALL,onnx_cuda,False,1,0,4,True,True,21,8
000000227985.jpg,SMALL,onnx_cuda,False,0,0,0,False,False,35,4
000000228144.jpg,SMALL,onnx_cuda,False,0,0,0,False,False,27,4
000000228214.jpg,SMALL,onnx_cuda,False,1,9,3,True,True,20,8
000000228436.jpg,SMALL,onnx_cuda,False,1,9,1,True,True,37,28
000000228771.jpg,SMALL,onnx_cuda,False,0,0,0,False,False,0,0
000000228942.jpg,SMALL,onnx_cuda,False,6,21,5,True,True,59,18
000000228981.jpg,SMALL,onnx_cuda,False,0,0,0,False,False,30,2
000000229111.jpg,SMALL,onnx_cuda,False,1,9,0,True,True,28,3
000000229216.jpg,SMALL,onnx_cuda,False,2,19,0,True,True,21,3
000000229221.jpg,SMALL,onnx_cuda,False,0,0,0,False,False,19,2
000000229311.jpg,SMALL,onnx_cuda,False,0,0,0,False,False,19,6
000000229358.jpg,SMALL,onnx_cuda,False,2,16,0,True,True,50,10
000000229553.jpg,SMALL,onnx_cuda,False,1,9,0,True,True,18,2
000000229601.jpg,SMALL,onnx_cuda,False,4,32,5,True,True,54,11
000000229659.jpg,SMALL,onnx_cuda,False,3,27,0,True,True,96,29
000000229747.jpg,SMALL,onnx_cuda,False,0,0,0,False,False,10,1
000000229753.jpg,SMALL,onnx_cuda,False,0,0,0,False,False,8,2
000000229849.jpg,SMALL,onnx_cuda,False,4,21,9,True,True,40,27
000000229858.jpg,SMALL,onnx_cuda,False,0,0,0,False,False,8,2
000000229948.jpg,SMALL,onnx_cuda,False,7,36,6,True,True,61,18
000000229997.jpg,SMALL,onnx_cuda,False,0,0,0,False,False,55,6
000000230008.jpg,SMALL,onnx_cuda,False,2,17,1,True,True,29,4
000000230166.jpg,SMALL,onnx_cuda,False,0,0,0,False,False,85,13
000000230362.jpg,SMALL,onnx_cuda,False,0,0,0,False,False,47,13
000000230450.jpg,SMALL,onnx_cuda,False,0,0,1,True,False,40,10
000000230819.jpg,SMALL,onnx_cuda,False,1,9,0,True,True,18,2
000000230983.jpg,SMALL,onnx_cuda,False,1,9,0,True,True,28,7
000000230993.jpg,SMALL,onnx_cuda,False,2,18,0,True,True,70,7
000000231088.jpg,SMALL,onnx_cuda,False,0,0,0,False,False,64,6
000000231097.jpg,SMALL,onnx_cuda,False,0,0,0,False,False,66,11
000000231125.jpg,SMALL,onnx_cuda,False,1,5,1,True,True,19,15
000000231169.jpg,SMALL,onnx_cuda,False,0,0,0,False,False,13,1
000000231237.jpg,SMALL,onnx_cuda,False,0,0,0,False,False,21,2
000000231339.jpg,SMALL,onnx_cuda,False,1,9,0,True,True,29,3
000000231508.jpg,SMALL,onnx_cuda,False,6,44,7,True,True,67,25
000000231527.jpg,SMALL,onnx_cuda,False,0,0,0,False,False,51,9
000000231549.jpg,SMALL,onnx_cuda,False,0,0,0,False,False,13,3
000000231580.jpg,SMALL,onnx_cuda,False,7,54,0,True,True,64,10
000000231747.jpg,SMALL,onnx_cuda,False,1,51,1,True,True,62,15
000000231822.jpg,SMALL,onnx_cuda,False,0,0,0,False,False,55,14
000000231831.jpg,SMALL,onnx_cuda,False,0,0,0,False,False,28,9
000000231879.jpg,SMALL,onnx_cuda,False,5,45,0,True,True,83,9
000000232088.jpg,SMALL,onnx_cuda,False,0,0,0,False,False,31,7
000000232244.jpg,SMALL,onnx_cuda,False,0,0,0,False,False,10,1
000000232348.jpg,SMALL,onnx_cuda,False,0,0,0,False,False,10,1
000000232489.jpg,SMALL,onnx_cuda,False,0,0,0,False,False,24,1
000000232538.jpg,SMALL,onnx_cuda,False,0,0,0,False,False,10,4
000000232563.jpg,SMALL,onnx_cuda,False,2,23,0,True,True,44,5
000000232646.jpg,SMALL,onnx_cuda,False,0,0,0,False,False,10,1
000000232649.jpg,SMALL,onnx_cuda,False,0,0,1,True,False,21,3
000000232684.jpg,SMALL,onnx_cuda,False,1,3,0,True,True,14,2
000000232692.jpg,SMALL,onnx_cuda,False,3,24,4,True,True,37,9
000000233033.jpg,SMALL,onnx_cuda,False,0,0,0,False,False,65,8
000000233139.jpg,SMALL,onnx_cuda,False,0,0,0,False,False,20,2
000000233238.jpg,SMALL,onnx_cuda,False,7,52,2,True,True,129,25
000000233370.jpg,SMALL,onnx_cuda,False,1,9,0,True,True,13,2
000000233567.jpg,SMALL,onnx_cuda,False,0,0,0,False,False,44,7
000000233727.jpg,SMALL,onnx_cuda,False,3,34,14,True,True,47,18
000000233771.jpg,SMALL,onnx_cuda,False,7,56,3,True,True,109,17
000000233825.jpg,SMALL,onnx_cuda,False,0,0,0,False,False,37,19
000000234366.jpg,SMALL,onnx_cuda,False,0,0,0,False,False,10,1
000000234413.jpg,SMALL,onnx_cuda,False,0,0,0,False,False,10,1
000000234526.jpg,SMALL,onnx_cuda,False,3,17,7,True,True,30,11
000000234607.jpg,SMALL,onnx_cuda,False,2,18,0,True,True,20,5
000000234660.jpg,SMALL,onnx_cuda,False,0,0,0,False,False,19,2
000000234757.jpg,SMALL,onnx_cuda,False,0,4,0,False,True,13,3
000000234779.jpg,SMALL,onnx_cuda,False,0,0,0,False,False,30,2
000000234807.jpg,SMALL,onnx_cuda,False,0,0,0,False,False,34,3
000000235057.jpg,SMALL,onnx_cuda,False,0,0,0,False,False,10,1
000000235064.jpg,SMALL,onnx_cuda,False,0,0,0,False,False,10,1
000000235241.jpg,SMALL,onnx_cuda,False,4,41,1,True,True,55,7
000000235252.jpg,SMALL,onnx_cuda,False,0,0,0,False,False,26,3
000000235399.jpg,SMALL,onnx_cuda,False,0,0,0,False,False,17,3
000000235778.jpg,SMALL,onnx_cuda,False,1,8,1,True,True,9,12
000000235784.jpg,SMALL,onnx_cuda,False,1,9,0,True,True,19,2
000000235836.jpg,SMALL,onnx_cuda,False,1,9,0,True,True,40,5
000000235857.jpg,SMALL,onnx_cuda,False,0,0,0,False,False,30,3
000000236166.jpg,SMALL,onnx_cuda,False,0,0,1,True,False,0,2
000000236308.jpg,SMALL,onnx_cuda,False,2,18,1,True,True,29,7
000000236412.jpg,SMALL,onnx_cuda,False,0,0,0,False,False,13,2
000000236426.jpg,SMALL,onnx_cuda,False,9,66,4,True,True,79,19
000000236592.jpg,SMALL,onnx_cuda,False,0,0,0,False,False,20,2
000000236599.jpg,SMALL,onnx_cuda,False,3,11,1,True,True,31,15
000000236690.jpg,SMALL,onnx_cuda,False,0,0,0,False,False,10,1
000000236721.jpg,SMALL,onnx_cuda,False,0,10,0,False,True,31,9
000000236730.jpg,SMALL,onnx_cuda,False,0,0,0,False,False,10,1
000000236784.jpg,SMALL,onnx_cuda,False,0,0,0,False,False,39,3
000000236845.jpg,SMALL,onnx_cuda,False,0,0,0,False,False,17,1
000000236914.jpg,SMALL,onnx_cuda,False,0,0,0,False,False,33,5
000000237071.jpg,SMALL,onnx_cuda,False,1,9,0,True,True,24,3
000000237118.jpg,SMALL,onnx_cuda,False,1,13,0,True,True,16,3
000000237316.jpg,SMALL,onnx_cuda,False,0,0,0,False,False,22,2
000000237517.jpg,SMALL,onnx_cuda,False,0,0,0,False,False,82,10
000000237864.jpg,SMALL,onnx_cuda,False,0,0,0,False,False,10,2
000000237928.jpg,SMALL,onnx_cuda,False,0,0,0,False,False,30,4
000000237984.jpg,SMALL,onnx_cuda,False,0,0,0,False,False,10,2
000000238013.jpg,SMALL,onnx_cuda,False,1,9,0,True,True,34,4
000000238039.jpg,SMALL,onnx_cuda,False,0,0,0,False,False,10,1
000000238410.jpg,SMALL,onnx_cuda,False,9,66,0,True,True,124,37
000000238866.jpg,SMALL,onnx_cuda,False,0,0,0,False,False,216,12
000000239041.jpg,SMALL,onnx_cuda,False,0,0,0,False,False,30,4
000000239274.jpg,SMALL,onnx_cuda,False,5,21,8,True,True,37,14
000000239318.jpg,SMALL,onnx_cuda,False,0,0,0,False,False,15,4
000000239347.jpg,SMALL,onnx_cuda,False,0,8,2,True,True,16,4
000000239537.jpg,SMALL,onnx_cuda,False,1,9,0,True,True,24,3
000000239627.jpg,SMALL,onnx_cuda,False,0,0,0,False,False,51,14
000000239717.jpg,SMALL,onnx_cuda,False,5,46,3,True,True,60,9
000000239773.jpg,SMALL,onnx_cuda,False,2,19,0,True,True,49,6
000000239843.jpg,SMALL,onnx_cuda,False,0,0,0,False,False,5,1
000000239857.jpg,SMALL,onnx_cuda,False,4,41,0,True,True,96,19
000000240023.jpg,SMALL,onnx_cuda,False,5,45,1,True,True,75,9
000000240049.jpg,SMALL,onnx_cuda,False,2,15,0,True,True,35,4
000000240250.jpg,SMALL,onnx_cuda,False,5,31,4,True,True,72,22
000000240754.jpg,SMALL,onnx_cuda,False,0,0,0,False,False,20,3
000000240767.jpg,SMALL,onnx_cuda,False,0,0,0,False,False,0,0
000000240940.jpg,SMALL,onnx_cuda,False,0,0,0,False,False,39,16
000000241297.jpg,SMALL,onnx_cuda,False,0,0,0,False,False,10,1
000000241319.jpg,SMALL,onnx_cuda,False,0,0,0,False,False,8,10
000000241326.jpg,SMALL,onnx_cuda,False,0,0,0,False,False,31,3
000000241602.jpg,SMALL,onnx_cuda,False,0,0,0,False,False,16,7
000000241668.jpg,SMALL,onnx_cuda,False,2,15,0,True,True,17,5
000000241677.jpg,SMALL,onnx_cuda,False,1,18,2,True,True,93,16
000000242060.jpg,SMALL,onnx_cuda,False,0,0,0,False,False,64,12
000000242287.jpg,SMALL,onnx_cuda,False,1,9,0,True,True,10,1
000000242411.jpg,SMALL,onnx_cuda,False,1,2,0,True,True,29,10
000000242678.jpg,SMALL,onnx_cuda,False,1,5,0,True,True,16,2
000000242724.jpg,SMALL,onnx_cuda,False,2,17,0,True,True,38,4
000000242934.jpg,SMALL,onnx_cuda,False,0,0,0,False,False,29,16
000000242946.jpg,SMALL,onnx_cuda,False,5,45,0,True,True,164,41
000000243034.jpg,SMALL,onnx_cuda,False,0,0,10,True,False,10,11
000000243075.jpg,SMALL,onnx_cuda,False,0,0,0,False,False,10,1
000000243148.jpg,SMALL,onnx_cuda,False,2,17,0,True,True,20,4
000000243199.jpg,SMALL,onnx_cuda,False,0,0,0,False,False,25,2
000000243204.jpg,SMALL,onnx_cuda,False,1,9,0,True,True,11,4
000000243344.jpg,SMALL,onnx_cuda,False,0,0,0,False,False,10,2
000000243495.jpg,SMALL,onnx_cuda,False,0,0,0,False,False,10,1
000000243626.jpg,SMALL,onnx_cuda,False,0,8,0,False,True,36,2
000000243867.jpg,SMALL,onnx_cuda,False,0,0,1,True,False,28,4
000000243989.jpg,SMALL,onnx_cuda,False,5,45,2,True,True,50,8
000000244019.jpg,SMALL,onnx_cuda,False,0,0,0,False,False,10,1
000000244099.jpg,SMALL,onnx_cuda,False,1,8,0,True,True,19,2
000000244181.jpg,SMALL,onnx_cuda,False,0,0,0,False,False,24,5
000000244379.jpg,SMALL,onnx_cuda,False,0,0,0,False,False,20,3
000000244411.jpg,SMALL,onnx_cuda,False,0,0,0,False,False,22,10
000000244496.jpg,SMALL,onnx_cuda,False,1,9,0,True,True,20,2
000000244592.jpg,SMALL,onnx_cuda,False,0,0,0,False,False,27,3
000000244750.jpg,SMALL,onnx_cuda,False,3,31,1,True,True,90,9
000000244833.jpg,SMALL,onnx_cuda,False,4,38,2,True,True,62,20
000000245026.jpg,SMALL,onnx_cuda,False,1,9,0,True,True,51,4
000000245102.jpg,SMALL,onnx_cuda,False,0,0,0,False,False,0,1
000000245173.jpg,SMALL,onnx_cuda,False,0,0,2,True,False,11,3
000000245311.jpg,SMALL,onnx_cuda,False,1,9,1,True,True,18,17
000000245320.jpg,SMALL,onnx_cuda,False,1,9,1,True,True,20,4
000000245448.jpg,SMALL,onnx_cuda,False,6,52,4,True,True,64,11
000000245513.jpg,SMALL,onnx_cuda,False,0,0,0,False,False,13,4
000000245576.jpg,SMALL,onnx_cuda,False,0,0,0,False,False,37,6
000000245651.jpg,SMALL,onnx_cuda,False,0,0,0,False,False,4,1
000000245764.jpg,SMALL,onnx_cuda,False,0,0,0,False,False,23,2
000000245915.jpg,SMALL,onnx_cuda,False,0,0,0,False,False,137,13
000000246308.jpg,SMALL,onnx_cuda,False,0,0,0,False,False,67,5
000000246436.jpg,SMALL,onnx_cuda,False,1,10,0,True,True,59,7
000000246454.jpg,SMALL,onnx_cuda,False,2,17,0,True,True,44,5
000000246522.jpg,SMALL,onnx_cuda,False,0,0,0,False,False,10,1
000000246883.jpg,SMALL,onnx_cuda,False,2,18,0,True,True,36,4
000000246963.jpg,SMALL,onnx_cuda,False,8,78,2,True,True,95,11
000000246968.jpg,SMALL,onnx_cuda,False,1,9,0,True,True,95,22
000000247806.jpg,SMALL,onnx_cuda,False,0,0,0,False,False,13,1
000000247838.jpg,SMALL,onnx_cuda,False,0,0,0,False,False,51,12
000000247917.jpg,SMALL,onnx_cuda,False,10,79,0,True,True,124,16
000000248111.jpg,SMALL,onnx_cuda,False,0,0,0,False,False,34,6
000000248112.jpg,SMALL,onnx_cuda,False,2,14,0,True,True,22,4
000000248284.jpg,SMALL,onnx_cuda,False,2,15,0,True,True,37,6
000000248314.jpg,SMALL,onnx_cuda,False,0,0,0,False,False,54,8
000000248334.jpg,SMALL,onnx_cuda,False,3,22,6,True,True,36,10
000000248400.jpg,SMALL,onnx_cuda,False,1,9,0,True,True,28,4
000000248616.jpg,SMALL,onnx_cuda,False,3,27,0,True,True,42,7
000000248631.jpg,SMALL,onnx_cuda,False,0,0,0,False,False,20,2
000000248752.jpg,SMALL,onnx_cuda,False,1,9,0,True,True,22,2
000000248810.jpg,SMALL,onnx_cuda,False,0,0,1,True,False,10,2
000000248980.jpg,SMALL,onnx_cuda,False,0,0,0,False,False,29,10
000000249025.jpg,SMALL,onnx_cuda,False,0,0,0,False,False,10,1
000000249129.jpg,SMALL,onnx_cuda,False,0,0,0,False,False,80,17
000000249180.jpg,SMALL,onnx_cuda,False,1,19,2,True,True,20,4
000000249219.jpg,SMALL,onnx_cuda,False,0,0,0,False,False,10,1
000000249550.jpg,SMALL,onnx_cuda,False,0,0,0,False,False,18,3
000000249643.jpg,SMALL,onnx_cuda,False,0,0,1,True,False,20,3
000000249786.jpg,SMALL,onnx_cuda,False,1,8,10,True,True,18,12
000000250127.jpg,SMALL,onnx_cuda,False,1,11,0,True,True,47,5
000000250137.jpg,SMALL,onnx_cuda,False,6,26,4,True,True,55,14
000000250205.jpg,SMALL,onnx_cuda,False,0,0,0,False,False,20,2
000000250282.jpg,SMALL,onnx_cuda,False,4,81,9,True,True,88,26
000000250619.jpg,SMALL,onnx_cuda,False,1,12,0,True,True,37,7
000000250758.jpg,SMALL,onnx_cuda,False,0,0,0,False,False,19,2
000000250766.jpg,SMALL,onnx_cuda,False,0,0,0,False,False,10,5
000000250901.jpg,SMALL,onnx_cuda,False,3,27,0,True,True,30,6
000000251065.jpg,SMALL,onnx_cuda,False,0,0,0,False,False,10,1
000000251119.jpg,SMALL,onnx_cuda,False,0,0,0,False,False,4,2
000000251140.jpg,SMALL,onnx_cuda,False,2,28,2,True,True,40,5
000000251537.jpg,SMALL,onnx_cuda,False,0,0,0,False,False,0,2
000000251572.jpg,SMALL,onnx_cuda,False,1,2,0,True,True,16,3
000000251824.jpg,SMALL,onnx_cuda,False,0,20,1,True,True,45,3
000000252216.jpg,SMALL,onnx_cuda,False,0,0,0,False,False,20,1
000000252219.jpg,SMALL,onnx_cuda,False,3,27,0,True,True,38,7
000000252294.jpg,SMALL,onnx_cuda,False,2,14,0,True,True,28,5
000000252332.jpg,SMALL,onnx_cuda,False,0,0,0,False,False,10,1
000000252507.jpg,SMALL,onnx_cuda,False,1,9,0,True,True,16,2
000000252559.jpg,SMALL,onnx_cuda,False,9,72,4,True,True,81,13
000000252701.jpg,SMALL,onnx_cuda,False,2,17,0,True,True,28,4
000000252716.jpg,SMALL,onnx_cuda,False,1,11,2,True,True,22,4
000000252776.jpg,SMALL,onnx_cuda,False,3,28,0,True,True,41,5
000000253002.jpg,SMALL,onnx_cuda,False,0,0,0,False,False,10,1
000000253386.jpg,SMALL,onnx_cuda,False,2,19,0,True,True,31,3
000000253433.jpg,SMALL,onnx_cuda,False,0,0,0,False,False,20,2
000000253452.jpg,SMALL,onnx_cuda,False,0,0,0,False,False,49,15
000000253695.jpg,SMALL,onnx_cuda,False,1,9,0,True,True,19,2
000000253742.jpg,SMALL,onnx_cuda,False,8,76,2,True,True,208,28
000000253819.jpg,SMALL,onnx_cuda,False,1,9,0,True,True,20,2
000000253835.jpg,SMALL,onnx_cuda,False,1,19,1,True,True,38,9
000000254016.jpg,SMALL,onnx_cuda,False,1,0,0,True,True,17,15
000000254368.jpg,SMALL,onnx_cuda,False,1,7,0,True,True,20,2
000000254516.jpg,SMALL,onnx_cuda,False,5,48,4,True,True,69,11
000000254814.jpg,SMALL,onnx_cuda,False,10,45,23,True,True,113,41
000000255165.jpg,SMALL,onnx_cuda,False,0,0,0,False,False,56,22
000000255401.jpg,SMALL,onnx_cuda,False,0,0,0,False,False,40,5
000000255483.jpg,SMALL,onnx_cuda,False,0,10,1,True,True,48,3
000000255536.jpg,SMALL,onnx_cuda,False,0,7,3,True,True,50,8
000000255664.jpg,SMALL,onnx_cuda,False,0,0,0,False,False,21,2
000000255718.jpg,SMALL,onnx_cuda,False,0,0,0,False,False,10,1
000000255747.jpg,SMALL,onnx_cuda,False,0,0,0,False,False,20,3
000000255749.jpg,SMALL,onnx_cuda,False,4,33,0,True,True,47,5
000000255824.jpg,SMALL,onnx_cuda,False,0,0,0,False,False,24,3
000000255912.jpg,SMALL,onnx_cuda,False,0,0,0,False,False,23,5
000000255917.jpg,SMALL,onnx_cuda,False,0,0,1,True,False,73,16
000000255965.jpg,SMALL,onnx_cuda,False,0,0,0,False,False,10,1
000000256192.jpg,SMALL,onnx_cuda,False,3,35,11,True,True,38,17
000000256195.jpg,SMALL,onnx_cuda,False,0,0,0,False,False,10,1
000000256407.jpg,SMALL,onnx_cuda,False,0,0,0,False,False,0,13
000000256518.jpg,SMALL,onnx_cuda,False,0,0,0,False,False,62,8
000000256775.jpg,SMALL,onnx_cuda,False,7,32,0,True,True,49,8
000000256868.jpg,SMALL,onnx_cuda,False,3,19,2,True,True,44,12
000000256916.jpg,SMALL,onnx_cuda,False,0,0,0,False,False,44,9
000000256941.jpg,SMALL,onnx_cuda,False,0,0,2,True,False,22,3
000000257084.jpg,SMALL,onnx_cuda,False,4,46,3,True,True,72,11
000000257169.jpg,SMALL,onnx_cuda,False,0,0,1,True,False,9,4
000000257370.jpg,SMALL,onnx_cuda,False,2,26,0,True,True,58,6
000000257478.jpg,SMALL,onnx_cuda,False,1,9,0,True,True,23,2
000000257566.jpg,SMALL,onnx_cuda,False,5,28,4,True,True,44,14
000000257624.jpg,SMALL,onnx_cuda,False,1,9,0,True,True,24,3
000000257865.jpg,SMALL,onnx_cuda,False,1,9,0,True,True,13,2
000000257896.jpg,SMALL,onnx_cuda,False,1,9,0,True,True,19,2
000000258388.jpg,SMALL,onnx_cuda,False,3,25,0,True,True,39,4
000000258541.jpg,SMALL,onnx_cuda,False,1,9,0,True,True,20,2
000000258793.jpg,SMALL,onnx_cuda,False,0,0,1,True,False,5,4
000000258883.jpg,SMALL,onnx_cuda,False,1,8,0,True,True,25,6
000000258911.jpg,SMALL,onnx_cuda,False,3,23,0,True,True,42,8
000000259097.jpg,SMALL,onnx_cuda,False,1,9,0,True,True,10,2
000000259382.jpg,SMALL,onnx_cuda,False,0,0,0,False,False,10,1
000000259571.jpg,SMALL,onnx_cuda,False,10,64,3,True,True,84,15
000000259597.jpg,SMALL,onnx_cuda,False,10,77,3,True,True,92,18
000000259625.jpg,SMALL,onnx_cuda,False,0,0,0,False,False,9,1
000000259640.jpg,SMALL,onnx_cuda,False,6,65,7,True,True,83,21
000000259690.jpg,SMALL,onnx_cuda,False,7,70,6,True,True,79,25
000000259830.jpg,SMALL,onnx_cuda,False,5,40,0,True,True,47,5
000000259854.jpg,SMALL,onnx_cuda,False,0,0,1,True,False,0,1
000000260105.jpg,SMALL,onnx_cuda,False,0,0,0,False,False,31,5
000000260106.jpg,SMALL,onnx_cuda,False,4,15,0,True,True,29,6
000000260261.jpg,SMALL,onnx_cuda,False,1,9,1,True,True,22,4
000000260266.jpg,SMALL,onnx_cuda,False,0,0,0,False,False,52,8
000000260470.jpg,SMALL,onnx_cuda,False,3,23,3,True,True,87,22
000000260657.jpg,SMALL,onnx_cuda,False,0,0,0,False,False,0,0
000000260925.jpg,SMALL,onnx_cuda,False,0,0,1,True,False,18,3
000000261036.jpg,SMALL,onnx_cuda,False,3,24,0,True,True,44,6
000000261061.jpg,SMALL,onnx_cuda,False,1,9,0,True,True,24,5
000000261097.jpg,SMALL,onnx_cuda,False,4,25,9,True,True,29,25
000000261116.jpg,SMALL,onnx_cuda,False,2,17,0,True,True,47,11
000000261161.jpg,SMALL,onnx_cuda,False,0,0,0,False,False,20,2
000000261318.jpg,SMALL,onnx_cuda,False,1,9,0,True,True,30,6
000000261535.jpg,SMALL,onnx_cuda,False,1,18,0,True,True,44,7
000000261706.jpg,SMALL,onnx_cuda,False,0,0,0,False,False,18,3
000000261712.jpg,SMALL,onnx_cuda,False,0,0,0,False,False,20,2
000000261732.jpg,SMALL,onnx_cuda,False,1,9,0,True,True,24,4
000000261796.jpg,SMALL,onnx_cuda,False,0,0,0,False,False,0,0
000000261888.jpg,SMALL,onnx_cuda,False,2,33,0,True,True,45,6
000000261982.jpg,SMALL,onnx_cuda,False,1,8,0,True,True,36,5
000000262048.jpg,SMALL,onnx_cuda,False,7,43,3,True,True,60,13
000000262227.jpg,SMALL,onnx_cuda,False,0,0,0,False,False,12,11
000000262440.jpg,SMALL,onnx_cuda,False,0,0,0,False,False,13,3
000000262487.jpg,SMALL,onnx_cuda,False,2,17,1,True,True,24,4
000000262587.jpg,SMALL,onnx_cuda,False,1,10,0,True,True,22,2
000000262631.jpg,SMALL,onnx_cuda,False,0,0,3,True,False,10,13
000000262682.jpg,SMALL,onnx_cuda,False,0,0,0,False,False,18,8
000000262895.jpg,SMALL,onnx_cuda,False,1,9,0,True,True,20,2
000000262938.jpg,SMALL,onnx_cuda,False,0,0,0,False,False,27,5
000000263068.jpg,SMALL,onnx_cuda,False,1,9,0,True,True,21,2
000000263299.jpg,SMALL,onnx_cuda,False,0,0,0,False,False,7,1
000000263403.jpg,SMALL,onnx_cuda,False,1,8,0,True,True,14,2
000000263425.jpg,SMALL,onnx_cuda,False,1,17,1,True,True,25,2
000000263463.jpg,SMALL,onnx_cuda,False,0,0,0,False,False,15,4
000000263474.jpg,SMALL,onnx_cuda,False,0,0,0,False,False,10,1
000000263594.jpg,SMALL,onnx_cuda,False,0,0,0,False,False,50,11
000000263644.jpg,SMALL,onnx_cuda,False,0,0,0,False,False,16,1
000000263679.jpg,SMALL,onnx_cuda,False,3,19,1,True,True,33,7
000000263796.jpg,SMALL,onnx_cuda,False,0,0,0,False,False,10,1
000000263860.jpg,SMALL,onnx_cuda,False,0,0,0,False,False,20,2
000000263966.jpg,SMALL,onnx_cuda,False,0,0,1,True,False,11,3
000000263969.jpg,SMALL,onnx_cuda,False,2,18,0,True,True,23,5
000000264335.jpg,SMALL,onnx_cuda,False,0,0,0,False,False,10,1
000000264441.jpg,SMALL,onnx_cuda,False,0,0,0,False,False,18,2
000000264535.jpg,SMALL,onnx_cuda,False,2,18,1,True,True,30,5
000000264968.jpg,SMALL,onnx_cuda,False,5,44,2,True,True,56,8
000000265108.jpg,SMALL,onnx_cuda,False,0,0,0,False,False,30,2
000000265518.jpg,SMALL,onnx_cuda,False,0,0,0,False,False,23,5
000000265777.jpg,SMALL,onnx_cuda,False,1,9,0,True,True,39,6
000000265816.jpg,SMALL,onnx_cuda,False,1,8,0,True,True,37,5
000000266082.jpg,SMALL,onnx_cuda,False,0,0,0,False,False,10,1
000000266206.jpg,SMALL,onnx_cuda,False,0,0,0,False,False,0,2
000000266400.jpg,SMALL,onnx_cuda,False,8,43,4,True,True,51,12
000000266409.jpg,SMALL,onnx_cuda,False,1,9,0,True,True,12,2
000000266768.jpg,SMALL,onnx_cuda,False,9,49,4,True,True,78,21
000000266892.jpg,SMALL,onnx_cuda,False,3,27,10,True,True,41,16
000000266981.jpg,SMALL,onnx_cuda,False,5,27,8,True,True,48,28
000000267169.jpg,SMALL,onnx_cuda,False,2,16,0,True,True,30,5
000000267191.jpg,SMALL,onnx_cuda,False,2,16,0,True,True,37,5
000000267300.jpg,SMALL,onnx_cuda,False,0,0,0,False,False,25,3
000000267351.jpg,SMALL,onnx_cuda,False,0,0,0,False,False,19,2
000000267434.jpg,SMALL,onnx_cuda,False,0,0,0,False,False,71,7
000000267537.jpg,SMALL,onnx_cuda,False,6,56,4,True,True,75,25
000000267670.jpg,SMALL,onnx_cuda,False,0,0,0,False,False,27,2
000000267903.jpg,SMALL,onnx_cuda,False,0,0,0,False,False,16,2
000000267933.jpg,SMALL,onnx_cuda,False,0,0,0,False,False,73,11
000000267940.jpg,SMALL,onnx_cuda,False,0,0,0,False,False,7,2
000000267946.jpg,SMALL,onnx_cuda,False,0,0,0,False,False,0,0
000000268000.jpg,SMALL,onnx_cuda,False,1,11,1,True,True,23,3
000000268375.jpg,SMALL,onnx_cuda,False,0,0,0,False,False,54,2
000000268378.jpg,SMALL,onnx_cuda,False,9,81,0,True,True,148,21
000000268729.jpg,SMALL,onnx_cuda,False,0,0,5,True,False,56,10
000000268831.jpg,SMALL,onnx_cuda,False,0,0,0,False,False,14,3
000000268996.jpg,SMALL,onnx_cuda,False,0,0,0,False,False,0,0
000000269113.jpg,SMALL,onnx_cuda,False,0,0,0,False,False,34,4
000000269121.jpg,SMALL,onnx_cuda,False,1,9,0,True,True,22,2
000000269196.jpg,SMALL,onnx_cuda,False,0,0,0,False,False,76,5
000000269314.jpg,SMALL,onnx_cuda,False,0,0,0,False,False,0,2
000000269316.jpg,SMALL,onnx_cuda,False,4,36,0,True,True,46,5
000000269632.jpg,SMALL,onnx_cuda,False,1,13,0,True,True,52,5
000000269682.jpg,SMALL,onnx_cuda,False,0,0,0,False,False,21,10
000000269866.jpg,SMALL,onnx_cuda,False,0,0,0,False,False,10,1
000000269932.jpg,SMALL,onnx_cuda,False,0,0,0,False,False,20,2
000000269942.jpg,SMALL,onnx_cuda,False,0,0,0,False,False,39,10
000000270066.jpg,SMALL,onnx_cuda,False,1,9,0,True,True,22,2
000000270122.jpg,SMALL,onnx_cuda,False,1,9,0,True,True,10,2
000000270244.jpg,SMALL,onnx_cuda,False,0,0,0,False,False,10,1
000000270297.jpg,SMALL,onnx_cuda,False,0,0,1,True,False,10,3
000000270386.jpg,SMALL,onnx_cuda,False,0,0,0,False,False,0,0
000000270402.jpg,SMALL,onnx_cuda,False,0,0,0,False,False,21,2
000000270474.jpg,SMALL,onnx_cuda,False,1,9,0,True,True,25,2
000000270677.jpg,SMALL,onnx_cuda,False,1,9,0,True,True,25,2
000000270705.jpg,SMALL,onnx_cuda,False,0,0,0,False,False,10,1
000000270883.jpg,SMALL,onnx_cuda,False,1,5,0,True,True,17,3
000000270908.jpg,SMALL,onnx_cuda,False,1,9,0,True,True,20,2
000000271116.jpg,SMALL,onnx_cuda,False,4,45,9,True,True,99,35
000000271402.jpg,SMALL,onnx_cuda,False,2,18,0,True,True,31,3
000000271457.jpg,SMALL,onnx_cuda,False,0,0,0,False,False,8,1
000000271471.jpg,SMALL,onnx_cuda,False,2,18,0,True,True,59,7
000000271728.jpg,SMALL,onnx_cuda,False,0,0,0,False,False,72,8
000000271997.jpg,SMALL,onnx_cuda,False,1,9,0,True,True,20,2
000000272049.jpg,SMALL,onnx_cuda,False,0,0,0,False,False,13,2
000000272136.jpg,SMALL,onnx_cuda,False,1,3,0,True,True,14,2
000000272148.jpg,SMALL,onnx_cuda,False,2,0,10,True,True,3,21
000000272212.jpg,SMALL,onnx_cuda,False,0,0,0,False,False,21,3
000000272364.jpg,SMALL,onnx_cuda,False,0,0,0,False,False,26,4
000000272416.jpg,SMALL,onnx_cuda,False,0,0,0,False,False,21,1
000000272566.jpg,SMALL,onnx_cuda,False,2,25,0,True,True,38,19
000000273132.jpg,SMALL,onnx_cuda,False,1,10,0,True,True,13,3
000000273198.jpg,SMALL,onnx_cuda,False,1,9,0,True,True,32,5
000000273232.jpg,SMALL,onnx_cuda,False,1,9,2,True,True,44,16
000000273420.jpg,SMALL,onnx_cuda,False,1,10,0,True,True,34,6
000000273493.jpg,SMALL,onnx_cuda,False,2,20,0,True,True,22,5
000000273551.jpg,SMALL,onnx_cuda,False,3,27,0,True,True,35,3
000000273617.jpg,SMALL,onnx_cuda,False,0,0,0,False,False,7,1
000000273642.jpg,SMALL,onnx_cuda,False,0,0,0,False,False,21,2
000000273711.jpg,SMALL,onnx_cuda,False,1,9,1,True,True,96,37
000000273712.jpg,SMALL,onnx_cuda,False,0,0,0,False,False,10,1
000000273715.jpg,SMALL,onnx_cuda,False,3,25,1,True,True,36,5
000000273760.jpg,SMALL,onnx_cuda,False,1,9,0,True,True,23,2
000000274066.jpg,SMALL,onnx_cuda,False,4,35,1,True,True,60,9
000000274219.jpg,SMALL,onnx_cuda,False,1,9,0,True,True,20,2
000000274272.jpg,SMALL,onnx_cuda,False,1,10,3,True,True,47,9
000000274411.jpg,SMALL,onnx_cuda,False,1,8,0,True,True,28,5
000000274460.jpg,SMALL,onnx_cuda,False,13,112,2,True,True,155,20
000000274687.jpg,SMALL,onnx_cuda,False,1,9,0,True,True,10,3
000000274708.jpg,SMALL,onnx_cuda,False,5,26,1,True,True,41,7
000000275058.jpg,SMALL,onnx_cuda,False,1,9,0,True,True,22,2
000000275198.jpg,SMALL,onnx_cuda,False,5,40,0,True,True,153,40
000000275392.jpg,SMALL,onnx_cuda,False,1,9,0,True,True,20,2
000000275727.jpg,SMALL,onnx_cuda,False,0,0,0,False,False,11,2
000000275749.jpg,SMALL,onnx_cuda,False,4,36,2,True,True,82,19
000000275791.jpg,SMALL,onnx_cuda,False,0,0,0,False,False,33,8
000000276018.jpg,SMALL,onnx_cuda,False,3,32,7,True,True,58,12
000000276024.jpg,SMALL,onnx_cuda,False,2,18,0,True,True,65,9
000000276055.jpg,SMALL,onnx_cuda,False,1,9,0,True,True,42,8
000000276284.jpg,SMALL,onnx_cuda,False,1,9,0,True,True,33,5
000000276285.jpg,SMALL,onnx_cuda,False,1,11,0,True,True,92,10
000000276434.jpg,SMALL,onnx_cuda,False,2,14,0,True,True,65,11
000000276707.jpg,SMALL,onnx_cuda,False,0,11,3,True,True,12,4
000000276720.jpg,SMALL,onnx_cuda,False,0,0,0,False,False,20,5
000000276804.jpg,SMALL,onnx_cuda,False,4,32,1,True,True,45,8
000000276921.jpg,SMALL,onnx_cuda,False,0,0,0,False,False,20,2
000000277005.jpg,SMALL,onnx_cuda,False,11,62,3,True,True,89,20
000000277020.jpg,SMALL,onnx_cuda,False,4,35,0,True,True,62,12
000000277051.jpg,SMALL,onnx_cuda,False,0,0,0,False,False,37,10
000000277197.jpg,SMALL,onnx_cuda,False,0,0,0,False,False,63,9
000000277584.jpg,SMALL,onnx_cuda,False,0,0,0,False,False,10,2
000000277689.jpg,SMALL,onnx_cuda,False,0,0,0,False,False,31,22
000000278006.jpg,SMALL,onnx_cuda,False,0,0,0,False,False,0,0
000000278353.jpg,SMALL,onnx_cuda,False,0,0,0,False,False,10,1
000000278463.jpg,SMALL,onnx_cuda,False,0,0,0,False,False,56,15
000000278705.jpg,SMALL,onnx_cuda,False,2,18,0,True,True,45,6
000000278749.jpg,SMALL,onnx_cuda,False,8,50,4,True,True,74,17
000000278848.jpg,SMALL,onnx_cuda,False,4,37,0,True,True,96,10
000000278973.jpg,SMALL,onnx_cuda,False,1,9,0,True,True,20,2
000000279145.jpg,SMALL,onnx_cuda,False,0,0,0,False,False,68,9
000000279278.jpg,SMALL,onnx_cuda,False,11,86,6,True,True,114,22
000000279541.jpg,SMALL,onnx_cuda,False,1,8,0,True,True,9,11
000000279714.jpg,SMALL,onnx_cuda,False,0,0,0,False,False,11,5
000000279730.jpg,SMALL,onnx_cuda,False,1,5,2,True,True,47,7
000000279769.jpg,SMALL,onnx_cuda,False,0,0,0,False,False,5,2
000000279774.jpg,SMALL,onnx_cuda,False,6,55,0,True,True,72,9
000000279887.jpg,SMALL,onnx_cuda,False,3,29,7,True,True,34,10
000000279927.jpg,SMALL,onnx_cuda,False,4,26,9,True,True,51,16
000000280325.jpg,SMALL,onnx_cuda,False,0,6,0,False,True,28,1
000000280710.jpg,SMALL,onnx_cuda,False,6,55,5,True,True,75,22
000000280779.jpg,SMALL,onnx_cuda,False,1,10,0,True,True,28,3
000000280891.jpg,SMALL,onnx_cuda,False,2,27,2,True,True,35,23
000000280918.jpg,SMALL,onnx_cuda,False,2,8,0,True,True,22,6
000000280930.jpg,SMALL,onnx_cuda,False,1,9,0,True,True,25,4
000000281032.jpg,SMALL,onnx_cuda,False,1,9,0,True,True,20,4
000000281179.jpg,SMALL,onnx_cuda,False,0,0,0,False,False,0,10
000000281409.jpg,SMALL,onnx_cuda,False,11,87,1,True,True,122,19
000000281414.jpg,SMALL,onnx_cuda,False,1,8,0,True,True,10,3
000000281447.jpg,SMALL,onnx_cuda,False,0,0,0,False,False,25,3
000000281687.jpg,SMALL,onnx_cuda,False,8,55,2,True,True,65,16
000000281693.jpg,SMALL,onnx_cuda,False,0,0,0,False,False,42,6
000000281754.jpg,SMALL,onnx_cuda,False,2,17,0,True,True,29,4
000000281759.jpg,SMALL,onnx_cuda,False,4,48,2,True,True,107,12
000000281929.jpg,SMALL,onnx_cuda,False,2,18,0,True,True,22,3
000000282037.jpg,SMALL,onnx_cuda,False,5,38,8,True,True,55,27
000000282046.jpg,SMALL,onnx_cuda,False,0,0,0,False,False,10,1
000000282296.jpg,SMALL,onnx_cuda,False,0,0,0,False,False,15,3
000000282298.jpg,SMALL,onnx_cuda,False,9,82,4,True,True,100,18
000000282912.jpg,SMALL,onnx_cuda,False,0,0,0,False,False,10,1
000000283037.jpg,SMALL,onnx_cuda,False,0,0,0,False,False,13,2
000000283038.jpg,SMALL,onnx_cuda,False,0,0,0,False,False,20,6
000000283070.jpg,SMALL,onnx_cuda,False,0,0,0,False,False,35,5
000000283113.jpg,SMALL,onnx_cuda,False,0,0,0,False,False,14,3
000000283268.jpg,SMALL,onnx_cuda,False,1,19,1,True,True,25,3
000000283318.jpg,SMALL,onnx_cuda,False,0,0,3,True,False,27,9
000000283412.jpg,SMALL,onnx_cuda,False,0,0,0,False,False,27,3
000000283520.jpg,SMALL,onnx_cuda,False,2,17,0,True,True,19,4
000000283717.jpg,SMALL,onnx_cuda,False,0,0,0,False,False,4,3
000000283785.jpg,SMALL,onnx_cuda,False,4,37,9,True,True,47,30
000000284106.jpg,SMALL,onnx_cuda,False,0,0,0,False,False,40,4
000000284279.jpg,SMALL,onnx_cuda,False,0,0,0,False,False,10,1
000000284282.jpg,SMALL,onnx_cuda,False,0,0,0,False,False,2,1
000000284296.jpg,SMALL,onnx_cuda,False,0,0,0,False,False,0,3
000000284445.jpg,SMALL,onnx_cuda,False,9,77,4,True,True,115,23
000000284623.jpg,SMALL,onnx_cuda,False,0,0,0,False,False,35,5
000000284698.jpg,SMALL,onnx_cuda,False,2,15,0,True,True,17,2
000000284725.jpg,SMALL,onnx_cuda,False,1,1,5,True,True,34,13
000000284743.jpg,SMALL,onnx_cuda,False,4,33,1,True,True,49,6
000000284762.jpg,SMALL,onnx_cuda,False,0,0,0,False,False,10,1
000000284764.jpg,SMALL,onnx_cuda,False,1,9,0,True,True,11,7
000000284991.jpg,SMALL,onnx_cuda,False,1,8,0,True,True,9,2
000000285047.jpg,SMALL,onnx_cuda,False,1,9,0,True,True,45,3
000000285349.jpg,SMALL,onnx_cuda,False,0,0,0,False,False,10,1
000000285788.jpg,SMALL,onnx_cuda,False,0,0,0,False,False,13,4
000000285894.jpg,SMALL,onnx_cuda,False,3,27,0,True,True,50,5
000000286182.jpg,SMALL,onnx_cuda,False,1,9,0,True,True,88,35
000000286422.jpg,SMALL,onnx_cuda,False,1,9,3,True,True,20,6
000000286458.jpg,SMALL,onnx_cuda,False,0,0,0,False,False,25,5
000000286503.jpg,SMALL,onnx_cuda,False,2,7,1,True,True,19,4
000000286507.jpg,SMALL,onnx_cuda,False,0,0,0,False,False,10,1
000000286523.jpg,SMALL,onnx_cuda,False,1,9,0,True,True,20,2
000000286553.jpg,SMALL,onnx_cuda,False,2,17,0,True,True,79,18
000000286660.jpg,SMALL,onnx_cuda,False,1,10,0,True,True,21,2
000000286708.jpg,SMALL,onnx_cuda,False,0,0,0,False,False,10,1
000000286849.jpg,SMALL,onnx_cuda,False,0,0,0,False,False,31,4
000000286907.jpg,SMALL,onnx_cuda,False,0,0,0,False,False,11,1
000000286908.jpg,SMALL,onnx_cuda,False,0,0,0,False,False,158,19
000000286994.jpg,SMALL,onnx_cuda,False,0,0,0,False,False,39,9
000000287291.jpg,SMALL,onnx_cuda,False,4,24,2,True,True,68,18
000000287347.jpg,SMALL,onnx_cuda,False,2,18,0,True,True,56,15
000000287527.jpg,SMALL,onnx_cuda,False,2,17,0,True,True,28,3
000000287545.jpg,SMALL,onnx_cuda,False,0,0,0,False,False,19,2
000000287649.jpg,SMALL,onnx_cuda,False,0,0,0,False,False,18,3
000000287667.jpg,SMALL,onnx_cuda,False,0,0,0,False,False,37,5
000000287714.jpg,SMALL,onnx_cuda,False,0,0,0,False,False,31,5
000000287874.jpg,SMALL,onnx_cuda,False,1,4,8,True,True,15,15
000000287959.jpg,SMALL,onnx_cuda,False,0,0,0,False,False,5,1
000000288042.jpg,SMALL,onnx_cuda,False,1,9,0,True,True,20,3
000000288062.jpg,SMALL,onnx_cuda,False,0,0,0,False,False,16,1
000000288391.jpg,SMALL,onnx_cuda,False,0,0,0,False,False,10,1
000000288430.jpg,SMALL,onnx_cuda,False,5,21,2,True,True,36,15
000000288584.jpg,SMALL,onnx_cuda,False,8,71,1,True,True,102,19
000000288685.jpg,SMALL,onnx_cuda,False,10,124,3,True,True,173,22
000000288762.jpg,SMALL,onnx_cuda,False,0,0,0,False,False,3,15
000000288862.jpg,SMALL,onnx_cuda,False,2,18,2,True,True,20,6
000000288882.jpg,SMALL,onnx_cuda,False,0,0,0,False,False,21,2
000000289059.jpg,SMALL,onnx_cuda,False,2,18,0,True,True,30,3
000000289222.jpg,SMALL,onnx_cuda,False,0,0,1,True,False,27,5
000000289229.jpg,SMALL,onnx_cuda,False,1,9,0,True,True,19,2
000000289343.jpg,SMALL,onnx_cuda,False,2,13,0,True,True,30,4
000000289393.jpg,SMALL,onnx_cuda,False,0,0,0,False,False,21,4
000000289415.jpg,SMALL,onnx_cuda,False,1,9,0,True,True,30,9
000000289417.jpg,SMALL,onnx_cuda,False,6,58,0,True,True,81,12
000000289516.jpg,SMALL,onnx_cuda,False,0,0,0,False,False,21,2
000000289586.jpg,SMALL,onnx_cuda,False,0,0,0,False,False,10,1
000000289594.jpg,SMALL,onnx_cuda,False,1,9,0,True,True,11,3
000000289659.jpg,SMALL,onnx_cuda,False,0,0,0,False,False,10,1
000000289702.jpg,SMALL,onnx_cuda,False,0,0,0,False,False,25,2
000000289741.jpg,SMALL,onnx_cuda,False,4,19,9,True,True,73,38
000000289938.jpg,SMALL,onnx_cuda,False,0,0,5,True,False,16,27
000000289960.jpg,SMALL,onnx_cuda,False,1,11,0,True,True,25,2
000000289992.jpg,SMALL,onnx_cuda,False,0,0,0,False,False,10,1
000000290081.jpg,SMALL,onnx_cuda,False,0,0,0,False,False,0,4
000000290163.jpg,SMALL,onnx_cuda,False,2,27,2,True,True,64,13
000000290179.jpg,SMALL,onnx_cuda,False,0,0,4,True,False,14,16
000000290248.jpg,SMALL,onnx_cuda,False,5,64,8,True,True,92,26
000000290293.jpg,SMALL,onnx_cuda,False,1,14,2,True,True,25,4
000000290592.jpg,SMALL,onnx_cuda,False,0,0,0,False,False,84,12
000000290619.jpg,SMALL,onnx_cuda,False,0,0,0,False,False,5,1
000000290768.jpg,SMALL,onnx_cuda,False,0,0,0,False,False,42,9
000000290771.jpg,SMALL,onnx_cuda,False,0,0,0,False,False,37,17
000000290833.jpg,SMALL,onnx_cuda,False,0,0,0,False,False,20,2
000000290843.jpg,SMALL,onnx_cuda,False,0,0,1,True,False,32,4
000000291490.jpg,SMALL,onnx_cuda,False,0,0,0,False,False,18,2
000000291551.jpg,SMALL,onnx_cuda,False,3,27,1,True,True,40,7
000000291619.jpg,SMALL,onnx_cuda,False,2,18,0,True,True,23,3
000000291634.jpg,SMALL,onnx_cuda,False,12,75,5,True,True,87,17
000000291664.jpg,SMALL,onnx_cuda,False,0,0,0,False,False,21,2
000000291791.jpg,SMALL,onnx_cuda,False,3,22,1,True,True,25,7
000000291861.jpg,SMALL,onnx_cuda,False,0,0,0,False,False,10,1
000000292005.jpg,SMALL,onnx_cuda,False,0,0,0,False,False,18,5
000000292024.jpg,SMALL,onnx_cuda,False,1,7,0,True,True,29,5
000000292060.jpg,SMALL,onnx_cuda,False,0,0,0,False,False,35,17
000000292082.jpg,SMALL,onnx_cuda,False,2,18,0,True,True,32,5
000000292155.jpg,SMALL,onnx_cuda,False,1,5,0,True,True,16,2
000000292225.jpg,SMALL,onnx_cuda,False,2,19,0,True,True,21,3
000000292236.jpg,SMALL,onnx_cuda,False,4,35,1,True,True,50,7
000000292330.jpg,SMALL,onnx_cuda,False,0,0,0,False,False,10,2
000000292415.jpg,SMALL,onnx_cuda,False,1,9,0,True,True,14,2
000000292446.jpg,SMALL,onnx_cuda,False,4,29,1,True,True,43,13
000000292456.jpg,SMALL,onnx_cuda,False,1,31,3,True,True,43,8
000000292488.jpg,SMALL,onnx_cuda,False,1,19,0,True,True,26,2
000000292908.jpg,SMALL,onnx_cuda,False,1,7,0,True,True,17,2
000000292997.jpg,SMALL,onnx_cuda,False,1,8,2,True,True,49,13
000000293044.jpg,SMALL,onnx_cuda,False,0,0,0,False,False,9,4
000000293071.jpg,SMALL,onnx_cuda,False,0,0,0,False,False,41,4
000000293200.jpg,SMALL,onnx_cuda,False,10,86,3,True,True,110,19
000000293245.jpg,SMALL,onnx_cuda,False,1,9,0,True,True,13,4
000000293300.jpg,SMALL,onnx_cuda,False,0,0,1,True,False,17,3
000000293324.jpg,SMALL,onnx_cuda,False,0,0,0,False,False,25,10
000000293390.jpg,SMALL,onnx_cuda,False,0,0,0,False,False,24,5
000000293474.jpg,SMALL,onnx_cuda,False,0,12,0,False,True,22,6
000000293625.jpg,SMALL,onnx_cuda,False,2,18,0,True,True,27,8
000000293794.jpg,SMALL,onnx_cuda,False,5,38,1,True,True,113,23
000000293804.jpg,SMALL,onnx_cuda,False,0,0,0,False,False,28,6
000000293858.jpg,SMALL,onnx_cuda,False,0,7,0,False,True,56,11
000000294162.jpg,SMALL,onnx_cuda,False,0,0,0,False,False,20,2
000000294163.jpg,SMALL,onnx_cuda,False,0,0,0,False,False,18,2
000000294350.jpg,SMALL,onnx_cuda,False,5,46,2,True,True,51,13
000000294695.jpg,SMALL,onnx_cuda,False,4,32,4,True,True,73,9
000000294783.jpg,SMALL,onnx_cuda,False,0,0,0,False,False,10,20
000000294831.jpg,SMALL,onnx_cuda,False,1,11,0,True,True,48,5
000000294855.jpg,SMALL,onnx_cuda,False,0,0,0,False,False,9,2
000000295138.jpg,SMALL,onnx_cuda,False,1,11,0,True,True,20,4
000000295231.jpg,SMALL,onnx_cuda,False,0,0,0,False,False,67,7
000000295316.jpg,SMALL,onnx_cuda,False,4,28,0,True,True,32,8
000000295420.jpg,SMALL,onnx_cuda,False,1,3,0,True,True,29,5
000000295478.jpg,SMALL,onnx_cuda,False,1,9,0,True,True,27,3
000000295713.jpg,SMALL,onnx_cuda,False,5,27,2,True,True,60,12
000000295797.jpg,SMALL,onnx_cuda,False,0,0,0,False,False,20,2
000000295809.jpg,SMALL,onnx_cuda,False,0,0,3,True,False,33,20
000000296222.jpg,SMALL,onnx_cuda,False,1,9,0,True,True,29,8
000000296224.jpg,SMALL,onnx_cuda,False,0,0,1,True,False,20,5
000000296231.jpg,SMALL,onnx_cuda,False,0,2,3,True,True,20,21
000000296284.jpg,SMALL,onnx_cuda,False,0,0,0,False,False,0,10
000000296317.jpg,SMALL,onnx_cuda,False,0,0,0,False,False,8,3
000000296634.jpg,SMALL,onnx_cuda,False,0,0,0,False,False,30,12
000000296649.jpg,SMALL,onnx_cuda,False,10,75,6,True,True,120,25
000000296657.jpg,SMALL,onnx_cuda,False,6,51,0,True,True,57,14
000000296969.jpg,SMALL,onnx_cuda,False,0,0,0,False,False,36,7
000000297022.jpg,SMALL,onnx_cuda,False,3,19,0,True,True,32,4
000000297084.jpg,SMALL,onnx_cuda,False,1,19,0,True,True,108,13
000000297085.jpg,SMALL,onnx_cuda,False,0,0,0,False,False,51,6
000000297147.jpg,SMALL,onnx_cuda,False,2,10,2,True,True,12,4
000000297343.jpg,SMALL,onnx_cuda,False,0,0,0,False,False,11,1
000000297353.jpg,SMALL,onnx_cuda,False,1,9,0,True,True,27,4
000000297396.jpg,SMALL,onnx_cuda,False,0,1,0,False,True,18,9
000000297427.jpg,SMALL,onnx_cuda,False,0,0,3,True,False,18,4
000000297562.jpg,SMALL,onnx_cuda,False,6,51,4,True,True,60,15
000000297578.jpg,SMALL,onnx_cuda,False,3,27,0,True,True,42,10
000000297595.jpg,SMALL,onnx_cuda,False,1,9,0,True,True,12,2
000000297681.jpg,SMALL,onnx_cuda,False,0,0,0,False,False,18,1
000000297698.jpg,SMALL,onnx_cuda,False,0,0,5,True,False,11,6
000000297830.jpg,SMALL,onnx_cuda,False,0,0,0,False,False,20,2
000000298251.jpg,SMALL,onnx_cuda,False,0,20,0,False,True,29,9
000000298396.jpg,SMALL,onnx_cuda,False,0,0,0,False,False,72,27
000000298697.jpg,SMALL,onnx_cuda,False,0,0,0,False,False,0,4
000000298738.jpg,SMALL,onnx_cuda,False,0,0,0,False,False,10,1
000000298904.jpg,SMALL,onnx_cuda,False,0,0,0,False,False,13,1
000000298994.jpg,SMALL,onnx_cuda,False,0,0,0,False,False,8,9
000000299355.jpg,SMALL,onnx_cuda,False,0,0,0,False,False,11,2
000000299553.jpg,SMALL,onnx_cuda,False,5,40,8,True,True,50,17
000000299609.jpg,SMALL,onnx_cuda,False,0,0,0,False,False,10,1
000000299720.jpg,SMALL,onnx_cuda,False,0,0,0,False,False,10,1
000000299887.jpg,SMALL,onnx_cuda,False,3,21,0,True,True,24,4
000000300039.jpg,SMALL,onnx_cuda,False,1,9,0,True,True,57,9
000000300155.jpg,SMALL,onnx_cuda,False,0,0,0,False,False,11,1
000000300233.jpg,SMALL,onnx_cuda,False,0,0,0,False,False,26,4
000000300276.jpg,SMALL,onnx_cuda,False,3,38,1,True,True,78,29
000000300341.jpg,SMALL,onnx_cuda,False,5,44,1,True,True,55,9
000000300659.jpg,SMALL,onnx_cuda,False,0,0,0,False,False,67,7
000000300842.jpg,SMALL,onnx_cuda,False,0,0,0,False,False,10,1
000000300913.jpg,SMALL,onnx_cuda,False,0,0,0,False,False,13,3
000000301061.jpg,SMALL,onnx_cuda,False,1,7,0,True,True,19,3
000000301135.jpg,SMALL,onnx_cuda,False,10,48,2,True,True,80,23
000000301376.jpg,SMALL,onnx_cuda,False,4,21,1,True,True,79,21
000000301421.jpg,SMALL,onnx_cuda,False,0,0,0,False,False,59,10
000000301563.jpg,SMALL,onnx_cuda,False,3,26,0,True,True,36,7
000000301718.jpg,SMALL,onnx_cuda,False,2,17,0,True,True,80,11
000000301867.jpg,SMALL,onnx_cuda,False,3,27,0,True,True,62,7
000000301981.jpg,SMALL,onnx_cuda,False,0,0,0,False,False,10,1
000000302030.jpg,SMALL,onnx_cuda,False,0,0,0,False,False,46,19
000000302107.jpg,SMALL,onnx_cuda,False,3,30,0,True,True,37,5
000000302165.jpg,SMALL,onnx_cuda,False,0,0,0,False,False,51,10
000000302452.jpg,SMALL,onnx_cuda,False,3,17,6,True,True,38,12
000000302536.jpg,SMALL,onnx_cuda,False,2,17,0,True,True,29,10
000000302760.jpg,SMALL,onnx_cuda,False,0,0,0,False,False,29,3
000000302882.jpg,SMALL,onnx_cuda,False,1,9,0,True,True,20,2
000000302990.jpg,SMALL,onnx_cuda,False,2,15,0,True,True,29,4
000000303305.jpg,SMALL,onnx_cuda,False,0,0,3,True,False,17,5
000000303499.jpg,SMALL,onnx_cuda,False,2,18,1,True,True,42,8
000000303566.jpg,SMALL,onnx_cuda,False,11,104,2,True,True,120,53
000000303653.jpg,SMALL,onnx_cuda,False,2,24,1,True,True,54,7
000000303713.jpg,SMALL,onnx_cuda,False,4,27,9,True,True,37,25
000000303818.jpg,SMALL,onnx_cuda,False,8,55,4,True,True,84,18
000000303863.jpg,SMALL,onnx_cuda,False,2,4,5,True,True,16,9
000000303893.jpg,SMALL,onnx_cuda,False,2,18,0,True,True,34,6
000000303908.jpg,SMALL,onnx_cuda,False,0,2,0,False,True,12,6
000000304180.jpg,SMALL,onnx_cuda,False,3,28,1,True,True,38,5
000000304291.jpg,SMALL,onnx_cuda,False,0,0,0,False,False,10,1
000000304365.jpg,SMALL,onnx_cuda,False,1,9,0,True,True,21,4
000000304396.jpg,SMALL,onnx_cuda,False,0,0,0,False,False,31,2
000000304404.jpg,SMALL,onnx_cuda,False,9,98,4,True,True,130,17
000000304545.jpg,SMALL,onnx_cuda,False,0,0,0,False,False,10,1
000000304560.jpg,SMALL,onnx_cuda,False,0,0,0,False,False,10,1
000000304812.jpg,SMALL,onnx_cuda,False,1,5,5,True,True,10,9
000000304817.jpg,SMALL,onnx_cuda,False,0,0,0,False,False,5,1
000000304984.jpg,SMALL,onnx_cuda,False,0,0,0,False,False,45,8
000000305309.jpg,SMALL,onnx_cuda,False,2,18,1,True,True,20,4
000000305317.jpg,SMALL,onnx_cuda,False,3,8,10,True,True,23,17
000000305343.jpg,SMALL,onnx_cuda,False,0,0,0,False,False,20,2
000000305609.jpg,SMALL,onnx_cuda,False,0,9,1,True,True,50,12
000000305695.jpg,SMALL,onnx_cuda,False,0,0,0,False,False,37,7
000000306136.jpg,SMALL,onnx_cuda,False,2,20,4,True,True,32,7
000000306139.jpg,SMALL,onnx_cuda,False,8,72,0,True,True,149,26
000000306437.jpg,SMALL,onnx_cuda,False,1,9,4,True,True,19,7
000000306582.jpg,SMALL,onnx_cuda,False,0,0,0,False,False,11,7
000000306700.jpg,SMALL,onnx_cuda,False,1,9,0,True,True,22,4
000000306733.jpg,SMALL,onnx_cuda,False,0,0,0,False,False,24,7
000000306893.jpg,SMALL,onnx_cuda,False,2,16,9,True,True,51,21
000000307074.jpg,SMALL,onnx_cuda,False,0,0,0,False,False,14,20
000000307145.jpg,SMALL,onnx_cuda,False,0,0,0,False,False,16,2
000000307172.jpg,SMALL,onnx_cuda,False,1,11,0,True,True,42,5
000000307598.jpg,SMALL,onnx_cuda,False,0,0,0,False,False,37,4
000000307658.jpg,SMALL,onnx_cuda,False,0,0,0,False,False,10,1
000000308165.jpg,SMALL,onnx_cuda,False,1,9,0,True,True,22,2
000000308193.jpg,SMALL,onnx_cuda,False,0,0,0,False,False,10,1
000000308328.jpg,SMALL,onnx_cuda,False,4,36,0,True,True,80,20
000000308391.jpg,SMALL,onnx_cuda,False,0,0,0,False,False,0,0
000000308394.jpg,SMALL,onnx_cuda,False,1,7,0,True,True,27,4
000000308430.jpg,SMALL,onnx_cuda,False,0,0,0,False,False,10,17
000000308466.jpg,SMALL,onnx_cuda,False,0,0,0,False,False,20,2
000000308476.jpg,SMALL,onnx_cuda,False,0,0,0,False,False,20,2
000000308531.jpg,SMALL,onnx_cuda,False,0,0,0,False,False,8,3
000000308545.jpg,SMALL,onnx_cuda,False,1,19,0,True,True,52,4
000000308587.jpg,SMALL,onnx_cuda,False,1,0,12,True,True,26,17
000000308631.jpg,SMALL,onnx_cuda,False,10,110,1,True,True,132,13
000000308753.jpg,SMALL,onnx_cuda,False,0,0,0,False,False,12,1
000000308793.jpg,SMALL,onnx_cuda,False,2,15,0,True,True,30,4
000000308799.jpg,SMALL,onnx_cuda,False,0,0,0,False,False,11,8
000000309173.jpg,SMALL,onnx_cuda,False,0,0,1,True,False,10,2
000000309391.jpg,SMALL,onnx_cuda,False,3,19,12,True,True,62,35
000000309452.jpg,SMALL,onnx_cuda,False,0,0,0,False,False,10,1
000000309467.jpg,SMALL,onnx_cuda,False,2,18,0,True,True,38,6
000000309484.jpg,SMALL,onnx_cuda,False,1,0,0,True,True,11,4
000000309495.jpg,SMALL,onnx_cuda,False,0,0,0,False,False,9,1
000000309655.jpg,SMALL,onnx_cuda,False,11,77,2,True,True,94,19
000000309678.jpg,SMALL,onnx_cuda,False,0,0,1,True,False,0,3
000000309938.jpg,SMALL,onnx_cuda,False,0,0,0,False,False,23,7
000000309964.jpg,SMALL,onnx_cuda,False,2,18,0,True,True,45,5
000000310072.jpg,SMALL,onnx_cuda,False,0,0,0,False,False,40,7
000000310200.jpg,SMALL,onnx_cuda,False,0,0,0,False,False,40,3
000000310622.jpg,SMALL,onnx_cuda,False,0,0,0,False,False,0,0
000000310862.jpg,SMALL,onnx_cuda,False,1,8,0,True,True,19,3
000000310980.jpg,SMALL,onnx_cuda,False,0,9,0,False,True,19,3
000000311002.jpg,SMALL,onnx_cuda,False,3,23,2,True,True,35,9
000000311081.jpg,SMALL,onnx_cuda,False,0,0,0,False,False,16,1
000000311180.jpg,SMALL,onnx_cuda,False,1,2,0,True,True,16,2
000000311190.jpg,SMALL,onnx_cuda,False,0,0,1,True,False,15,2
000000311295.jpg,SMALL,onnx_cuda,False,0,0,0,False,False,33,10
000000311303.jpg,SMALL,onnx_cuda,False,1,7,0,True,True,38,8
000000311392.jpg,SMALL,onnx_cuda,False,0,0,3,True,False,24,4
000000311394.jpg,SMALL,onnx_cuda,False,1,9,0,True,True,12,2
000000311518.jpg,SMALL,onnx_cuda,False,0,0,0,False,False,11,1
000000311789.jpg,SMALL,onnx_cuda,False,0,0,0,False,False,11,2
000000311883.jpg,SMALL,onnx_cuda,False,0,0,0,False,False,10,7
000000311909.jpg,SMALL,onnx_cuda,False,0,0,0,False,False,10,1
000000311928.jpg,SMALL,onnx_cuda,False,1,9,0,True,True,25,3
000000311950.jpg,SMALL,onnx_cuda,False,0,0,0,False,False,0,1
000000312192.jpg,SMALL,onnx_cuda,False,0,0,1,True,False,36,11
000000312213.jpg,SMALL,onnx_cuda,False,0,0,0,False,False,21,2
000000312237.jpg,SMALL,onnx_cuda,False,4,15,8,True,True,31,22
000000312263.jpg,SMALL,onnx_cuda,False,0,0,0,False,False,10,1
000000312278.jpg,SMALL,onnx_cuda,False,0,0,0,False,False,4,2
000000312340.jpg,SMALL,onnx_cuda,False,0,0,0,False,False,10,1
000000312406.jpg,SMALL,onnx_cuda,False,0,0,0,False,False,26,2
000000312421.jpg,SMALL,onnx_cuda,False,4,38,3,True,True,66,12
000000312489.jpg,SMALL,onnx_cuda,False,2,18,0,True,True,25,4
000000312549.jpg,SMALL,onnx_cuda,False,0,0,0,False,False,0,0
000000312552.jpg,SMALL,onnx_cuda,False,1,9,0,True,True,11,2
000000312586.jpg,SMALL,onnx_cuda,False,0,0,0,False,False,9,3
000000312720.jpg,SMALL,onnx_cuda,False,1,9,0,True,True,12,2
000000313034.jpg,SMALL,onnx_cuda,False,2,22,1,True,True,35,11
000000313130.jpg,SMALL,onnx_cuda,False,0,0,0,False,False,31,4
000000313182.jpg,SMALL,onnx_cuda,False,2,11,7,True,True,24,14
000000313454.jpg,SMALL,onnx_cuda,False,1,9,0,True,True,38,7
000000313562.jpg,SMALL,onnx_cuda,False,2,18,0,True,True,20,6
000000313588.jpg,SMALL,onnx_cuda,False,1,12,0,True,True,46,5
000000313783.jpg,SMALL,onnx_cuda,False,0,0,0,False,False,10,7
000000314034.jpg,SMALL,onnx_cuda,False,0,0,0,False,False,100,25
000000314177.jpg,SMALL,onnx_cuda,False,1,9,0,True,True,12,2
000000314182.jpg,SMALL,onnx_cuda,False,0,0,0,False,False,43,9
000000314251.jpg,SMALL,onnx_cuda,False,13,54,7,True,True,68,21
000000314264.jpg,SMALL,onnx_cuda,False,1,9,0,True,True,19,5
000000314294.jpg,SMALL,onnx_cuda,False,0,0,0,False,False,10,2
000000314541.jpg,SMALL,onnx_cuda,False,0,0,0,False,False,10,1
000000314709.jpg,SMALL,onnx_cuda,False,1,9,0,True,True,20,2
000000314914.jpg,SMALL,onnx_cuda,False,0,0,0,False,False,8,1
000000315001.jpg,SMALL,onnx_cuda,False,0,3,0,False,True,31,19
000000315187.jpg,SMALL,onnx_cuda,False,0,0,5,True,False,27,11
000000315219.jpg,SMALL,onnx_cuda,False,0,0,0,False,False,7,1
000000315257.jpg,SMALL,onnx_cuda,False,0,0,0,False,False,20,1
000000315450.jpg,SMALL,onnx_cuda,False,0,0,0,False,False,44,19
000000315492.jpg,SMALL,onnx_cuda,False,1,11,0,True,True,12,4
000000316015.jpg,SMALL,onnx_cuda,False,0,0,0,False,False,38,9
000000316054.jpg,SMALL,onnx_cuda,False,0,0,1,True,False,21,4
000000316404.jpg,SMALL,onnx_cuda,False,2,18,0,True,True,27,6
000000316666.jpg,SMALL,onnx_cuda,False,0,0,0,False,False,42,40
000000317024.jpg,SMALL,onnx_cuda,False,0,0,0,False,False,10,1
000000317433.jpg,SMALL,onnx_cuda,False,1,9,0,True,True,34,3
000000317999.jpg,SMALL,onnx_cuda,False,2,17,0,True,True,19,4
000000318080.jpg,SMALL,onnx_cuda,False,0,0,0,False,False,25,2
000000318114.jpg,SMALL,onnx_cuda,False,0,0,0,False,False,46,6
000000318138.jpg,SMALL,onnx_cuda,False,3,27,0,True,True,47,5
000000318238.jpg,SMALL,onnx_cuda,False,0,0,0,False,False,29,4
000000318455.jpg,SMALL,onnx_cuda,False,0,0,0,False,False,178,15
000000318908.jpg,SMALL,onnx_cuda,False,0,0,0,False,False,10,1
000000319100.jpg,SMALL,onnx_cuda,False,2,17,0,True,True,42,7
000000319184.jpg,SMALL,onnx_cuda,False,8,70,0,True,True,88,9
000000319369.jpg,SMALL,onnx_cuda,False,3,29,2,True,True,58,18
000000319534.jpg,SMALL,onnx_cuda,False,1,17,6,True,True,26,8
000000319607.jpg,SMALL,onnx_cuda,False,2,31,3,True,True,52,10
000000319617.jpg,SMALL,onnx_cuda,False,0,0,0,False,False,29,4
000000319696.jpg,SMALL,onnx_cuda,False,0,0,0,False,False,20,5
000000319721.jpg,SMALL,onnx_cuda,False,2,11,1,True,True,23,4
000000319935.jpg,SMALL,onnx_cuda,False,0,0,0,False,False,56,13
000000320232.jpg,SMALL,onnx_cuda,False,2,21,1,True,True,39,10
000000320425.jpg,SMALL,onnx_cuda,False,0,0,0,False,False,51,10
000000320490.jpg,SMALL,onnx_cuda,False,1,12,0,True,True,24,6
000000320554.jpg,SMALL,onnx_cuda,False,0,0,0,False,False,26,2
000000320632.jpg,SMALL,onnx_cuda,False,0,0,0,False,False,56,6
000000320642.jpg,SMALL,onnx_cuda,False,4,36,0,True,True,48,6
000000320664.jpg,SMALL,onnx_cuda,False,0,0,0,False,False,50,5
000000320696.jpg,SMALL,onnx_cuda,False,1,9,0,True,True,14,2
000000320706.jpg,SMALL,onnx_cuda,False,0,0,0,False,False,11,0
000000320743.jpg,SMALL,onnx_cuda,False,4,44,6,True,True,132,18
000000321118.jpg,SMALL,onnx_cuda,False,0,0,0,False,False,21,2
000000321214.jpg,SMALL,onnx_cuda,False,1,9,0,True,True,19,3
000000321333.jpg,SMALL,onnx_cuda,False,2,18,0,True,True,29,3
000000321557.jpg,SMALL,onnx_cuda,False,1,9,0,True,True,10,1
000000321790.jpg,SMALL,onnx_cuda,False,1,9,0,True,True,20,2
000000321887.jpg,SMALL,onnx_cuda,False,0,1,0,False,True,21,1
000000322163.jpg,SMALL,onnx_cuda,False,7,49,0,True,True,128,19
000000322211.jpg,SMALL,onnx_cuda,False,0,0,0,False,False,22,13
000000322352.jpg,SMALL,onnx_cuda,False,0,0,0,False,False,110,14
000000322429.jpg,SMALL,onnx_cuda,False,0,0,0,False,False,124,21
000000322574.jpg,SMALL,onnx_cuda,False,0,0,0,False,False,6,4
000000322610.jpg,SMALL,onnx_cuda,False,9,68,4,True,True,143,23
000000322724.jpg,SMALL,onnx_cuda,False,2,19,0,True,True,24,3
000000322829.jpg,SMALL,onnx_cuda,False,0,0,0,False,False,10,1
000000322844.jpg,SMALL,onnx_cuda,False,0,0,0,False,False,32,2
000000322864.jpg,SMALL,onnx_cuda,False,1,1,0,True,True,65,6
000000322895.jpg,SMALL,onnx_cuda,False,0,0,0,False,False,56,9
000000322944.jpg,SMALL,onnx_cuda,False,1,8,0,True,True,19,2
000000322959.jpg,SMALL,onnx_cuda,False,0,0,0,False,False,34,9
000000322968.jpg,SMALL,onnx_cuda,False,0,0,0,False,False,20,1
000000323151.jpg,SMALL,onnx_cuda,False,0,0,0,False,False,42,5
000000323202.jpg,SMALL,onnx_cuda,False,0,0,0,False,False,13,2
000000323263.jpg,SMALL,onnx_cuda,False,5,30,0,True,True,35,7
000000323355.jpg,SMALL,onnx_cuda,False,1,9,1,True,True,20,3
000000323496.jpg,SMALL,onnx_cuda,False,5,50,1,True,True,87,16
000000323571.jpg,SMALL,onnx_cuda,False,0,0,0,False,False,31,5
000000323709.jpg,SMALL,onnx_cuda,False,0,0,0,False,False,10,1
000000323751.jpg,SMALL,onnx_cuda,False,2,10,0,True,True,22,9
000000323799.jpg,SMALL,onnx_cuda,False,10,88,1,True,True,119,16
000000323828.jpg,SMALL,onnx_cuda,False,0,0,0,False,False,10,9
000000323895.jpg,SMALL,onnx_cuda,False,1,13,1,True,True,25,3
000000324158.jpg,SMALL,onnx_cuda,False,1,9,0,True,True,28,15
000000324258.jpg,SMALL,onnx_cuda,False,2,17,0,True,True,58,21
000000324614.jpg,SMALL,onnx_cuda,False,1,9,0,True,True,10,2
000000324715.jpg,SMALL,onnx_cuda,False,0,0,0,False,False,20,2
000000324818.jpg,SMALL,onnx_cuda,False,0,0,0,False,False,20,2
000000324927.jpg,SMALL,onnx_cuda,False,0,0,0,False,False,8,3
000000325031.jpg,SMALL,onnx_cuda,False,0,0,13,True,False,10,16
000000325114.jpg,SMALL,onnx_cuda,False,0,0,0,False,False,10,1
000000325306.jpg,SMALL,onnx_cuda,False,0,0,0,False,False,10,2
000000325347.jpg,SMALL,onnx_cuda,False,2,19,0,True,True,57,7
000000325483.jpg,SMALL,onnx_cuda,False,2,18,0,True,True,49,27
000000325527.jpg,SMALL,onnx_cuda,False,0,0,0,False,False,10,1
000000325838.jpg,SMALL,onnx_cuda,False,1,7,0,True,True,94,18
000000325991.jpg,SMALL,onnx_cuda,False,1,9,0,True,True,18,2
000000326082.jpg,SMALL,onnx_cuda,False,0,0,0,False,False,61,17
000000326128.jpg,SMALL,onnx_cuda,False,1,9,0,True,True,20,3
000000326174.jpg,SMALL,onnx_cuda,False,7,63,0,True,True,99,12
000000326248.jpg,SMALL,onnx_cuda,False,8,91,4,True,True,110,19
000000326462.jpg,SMALL,onnx_cuda,False,1,7,0,True,True,10,2
000000326541.jpg,SMALL,onnx_cuda,False,2,18,4,True,True,35,9
000000326542.jpg,SMALL,onnx_cuda,False,2,11,1,True,True,19,4
000000326627.jpg,SMALL,onnx_cuda,False,0,0,0,False,False,19,13
000000326970.jpg,SMALL,onnx_cuda,False,3,27,0,True,True,33,11
000000327306.jpg,SMALL,onnx_cuda,False,1,9,0,True,True,22,2
000000327592.jpg,SMALL,onnx_cuda,False,1,9,0,True,True,30,4
000000327601.jpg,SMALL,onnx_cuda,False,1,9,0,True,True,23,3
000000327605.jpg,SMALL,onnx_cuda,False,1,9,1,True,True,20,3
000000327617.jpg,SMALL,onnx_cuda,False,1,10,0,True,True,21,2
000000327701.jpg,SMALL,onnx_cuda,False,4,27,0,True,True,42,8
000000327769.jpg,SMALL,onnx_cuda,False,0,0,0,False,False,46,7
000000327780.jpg,SMALL,onnx_cuda,False,0,0,0,False,False,20,2
000000327890.jpg,SMALL,onnx_cuda,False,0,0,0,False,False,24,13
000000328030.jpg,SMALL,onnx_cuda,False,0,0,0,False,False,46,5
000000328117.jpg,SMALL,onnx_cuda,False,0,0,0,False,False,98,11
000000328238.jpg,SMALL,onnx_cuda,False,2,15,5,True,True,39,13
000000328286.jpg,SMALL,onnx_cuda,False,0,0,0,False,False,36,6
000000328337.jpg,SMALL,onnx_cuda,False,1,9,0,True,True,12,2
000000328430.jpg,SMALL,onnx_cuda,False,3,26,10,True,True,36,17
000000328601.jpg,SMALL,onnx_cuda,False,1,9,0,True,True,31,3
000000328683.jpg,SMALL,onnx_cuda,False,0,0,0,False,False,26,2
000000328959.jpg,SMALL,onnx_cuda,False,0,0,0,False,False,10,1
000000329041.jpg,SMALL,onnx_cuda,False,3,27,0,True,True,92,10
000000329080.jpg,SMALL,onnx_cuda,False,0,0,0,False,False,18,3
000000329219.jpg,SMALL,onnx_cuda,False,1,9,0,True,True,26,21
000000329319.jpg,SMALL,onnx_cuda,False,0,0,0,False,False,17,4
000000329323.jpg,SMALL,onnx_cuda,False,8,65,5,True,True,73,13
000000329447.jpg,SMALL,onnx_cuda,False,0,0,0,False,False,47,5
000000329455.jpg,SMALL,onnx_cuda,False,2,18,1,True,True,106,13
000000329456.jpg,SMALL,onnx_cuda,False,5,48,0,True,True,56,9
000000329542.jpg,SMALL,onnx_cuda,False,0,0,1,True,False,0,6
000000329614.jpg,SMALL,onnx_cuda,False,1,5,0,True,True,65,11
000000329827.jpg,SMALL,onnx_cuda,False,1,12,0,True,True,16,2
000000330369.jpg,SMALL,onnx_cuda,False,0,7,1,True,True,18,4
000000330396.jpg,SMALL,onnx_cuda,False,2,19,3,True,True,29,6
000000330554.jpg,SMALL,onnx_cuda,False,0,0,0,False,False,0,0
000000330790.jpg,SMALL,onnx_cuda,False,0,0,0,False,False,41,3
000000330818.jpg,SMALL,onnx_cuda,False,1,9,0,True,True,63,9
000000331075.jpg,SMALL,onnx_cuda,False,0,0,0,False,False,10,1
000000331280.jpg,SMALL,onnx_cuda,False,5,85,8,True,True,111,15
000000331317.jpg,SMALL,onnx_cuda,False,0,0,1,True,False,10,2
000000331352.jpg,SMALL,onnx_cuda,False,0,0,0,False,False,13,2
000000331569.jpg,SMALL,onnx_cuda,False,0,0,0,False,False,18,1
000000331604.jpg,SMALL,onnx_cuda,False,1,7,0,True,True,20,2
000000331799.jpg,SMALL,onnx_cuda,False,4,32,0,True,True,36,19
000000331817.jpg,SMALL,onnx_cuda,False,1,8,0,True,True,104,17
000000332318.jpg,SMALL,onnx_cuda,False,0,0,0,False,False,0,17
000000332351.jpg,SMALL,onnx_cuda,False,8,18,5,True,True,29,21
000000332455.jpg,SMALL,onnx_cuda,False,0,0,0,False,False,10,1
000000332570.jpg,SMALL,onnx_cuda,False,1,7,0,True,True,18,2
000000332845.jpg,SMALL,onnx_cuda,False,1,9,0,True,True,31,4
000000332901.jpg,SMALL,onnx_cuda,False,2,11,4,True,True,32,9
000000333069.jpg,SMALL,onnx_cuda,False,0,0,0,False,False,20,2
000000333237.jpg,SMALL,onnx_cuda,False,0,0,0,False,False,33,3
000000333402.jpg,SMALL,onnx_cuda,False,1,9,2,True,True,30,5
000000333697.jpg,SMALL,onnx_cuda,False,0,0,0,False,False,0,1
000000333745.jpg,SMALL,onnx_cuda,False,1,18,0,True,True,50,11
000000333772.jpg,SMALL,onnx_cuda,False,0,0,0,False,False,47,8
000000333956.jpg,SMALL,onnx_cuda,False,0,0,0,False,False,10,2
000000334006.jpg,SMALL,onnx_cuda,False,1,2,0,True,True,23,5
000000334309.jpg,SMALL,onnx_cuda,False,2,16,1,True,True,30,10
000000334371.jpg,SMALL,onnx_cuda,False,1,9,0,True,True,62,9
000000334399.jpg,SMALL,onnx_cuda,False,2,33,1,True,True,45,6
000000334417.jpg,SMALL,onnx_cuda,False,1,9,0,True,True,20,4
000000334483.jpg,SMALL,onnx_cuda,False,7,49,1,True,True,103,20
000000334521.jpg,SMALL,onnx_cuda,False,0,0,1,True,False,22,4
000000334530.jpg,SMALL,onnx_cuda,False,1,10,0,True,True,17,2
000000334555.jpg,SMALL,onnx_cuda,False,11,43,2,True,True,74,20
000000334719.jpg,SMALL,onnx_cuda,False,7,44,0,True,True,53,9
000000334767.jpg,SMALL,onnx_cuda,False,5,44,1,True,True,59,11
000000334977.jpg,SMALL,onnx_cuda,False,0,0,0,False,False,10,3
000000335081.jpg,SMALL,onnx_cuda,False,0,0,0,False,False,50,4
000000335177.jpg,SMALL,onnx_cuda,False,0,0,0,False,False,10,3
000000335328.jpg,SMALL,onnx_cuda,False,2,15,0,True,True,28,3
000000335427.jpg,SMALL,onnx_cuda,False,0,0,0,False,False,42,10
000000335450.jpg,SMALL,onnx_cuda,False,0,0,0,False,False,18,3
000000335529.jpg,SMALL,onnx_cuda,False,0,0,0,False,False,24,12
000000335658.jpg,SMALL,onnx_cuda,False,0,0,0,False,False,20,2
000000335800.jpg,SMALL,onnx_cuda,False,0,0,0,False,False,2,1
000000335954.jpg,SMALL,onnx_cuda,False,0,0,0,False,False,29,3
000000336053.jpg,SMALL,onnx_cuda,False,4,38,0,True,True,162,25
000000336209.jpg,SMALL,onnx_cuda,False,1,9,0,True,True,10,3
000000336232.jpg,SMALL,onnx_cuda,False,2,18,5,True,True,157,25
000000336265.jpg,SMALL,onnx_cuda,False,1,10,0,True,True,11,2
000000336309.jpg,SMALL,onnx_cuda,False,0,0,0,False,False,8,1
000000336356.jpg,SMALL,onnx_cuda,False,2,17,3,True,True,91,14
000000336587.jpg,SMALL,onnx_cuda,False,0,0,0,False,False,10,2
000000336628.jpg,SMALL,onnx_cuda,False,4,24,2,True,True,37,8
000000336658.jpg,SMALL,onnx_cuda,False,0,0,13,True,False,12,22
000000337055.jpg,SMALL,onnx_cuda,False,1,9,0,True,True,24,2
000000337498.jpg,SMALL,onnx_cuda,False,0,0,0,False,False,36,6
000000337987.jpg,SMALL,onnx_cuda,False,0,0,0,False,False,15,1
000000338191.jpg,SMALL,onnx_cuda,False,0,0,0,False,False,82,9
000000338219.jpg,SMALL,onnx_cuda,False,4,28,13,True,True,32,18
000000338304.jpg,SMALL,onnx_cuda,False,6,47,7,True,True,90,25
000000338325.jpg,SMALL,onnx_cuda,False,0,0,0,False,False,10,1
000000338428.jpg,SMALL,onnx_cuda,False,0,0,0,False,False,29,4
000000338532.jpg,SMALL,onnx_cuda,False,0,0,2,True,False,10,3
000000338560.jpg,SMALL,onnx_cuda,False,0,0,0,False,False,47,12
000000338624.jpg,SMALL,onnx_cuda,False,3,15,0,True,True,78,18
000000338625.jpg,SMALL,onnx_cuda,False,3,6,6,True,True,40,14
000000338718.jpg,SMALL,onnx_cuda,False,0,0,0,False,False,20,2
000000338901.jpg,SMALL,onnx_cuda,False,0,0,0,False,False,28,4
000000338905.jpg,SMALL,onnx_cuda,False,8,59,5,True,True,123,38
000000338986.jpg,SMALL,onnx_cuda,False,0,0,0,False,False,28,4
000000339442.jpg,SMALL,onnx_cuda,False,0,0,0,False,False,6,3
000000339823.jpg,SMALL,onnx_cuda,False,1,2,0,True,True,3,2
000000339870.jpg,SMALL,onnx_cuda,False,0,0,0,False,False,8,6
000000340015.jpg,SMALL,onnx_cuda,False,0,0,0,False,False,21,2
000000340175.jpg,SMALL,onnx_cuda,False,0,0,0,False,False,52,28
000000340272.jpg,SMALL,onnx_cuda,False,0,0,0,False,False,28,3
000000340451.jpg,SMALL,onnx_cuda,False,1,10,0,True,True,21,2
000000340697.jpg,SMALL,onnx_cuda,False,0,0,0,False,False,133,13
000000340894.jpg,SMALL,onnx_cuda,False,1,16,0,True,True,76,11
000000340930.jpg,SMALL,onnx_cuda,False,0,0,0,False,False,24,2
000000341058.jpg,SMALL,onnx_cuda,False,0,0,0,False,False,19,7
000000341094.jpg,SMALL,onnx_cuda,False,0,0,1,True,False,0,2
000000341196.jpg,SMALL,onnx_cuda,False,3,11,0,True,True,22,4
000000341469.jpg,SMALL,onnx_cuda,False,2,22,1,True,True,81,13
000000341681.jpg,SMALL,onnx_cuda,False,1,9,0,True,True,22,3
000000341719.jpg,SMALL,onnx_cuda,False,4,23,2,True,True,41,10
000000341828.jpg,SMALL,onnx_cuda,False,1,9,0,True,True,20,3
000000341921.jpg,SMALL,onnx_cuda,False,1,9,0,True,True,22,9
000000341973.jpg,SMALL,onnx_cuda,False,2,22,0,True,True,24,5
000000342006.jpg,SMALL,onnx_cuda,False,0,0,0,False,False,17,4
000000342128.jpg,SMALL,onnx_cuda,False,7,40,6,True,True,85,22
000000342186.jpg,SMALL,onnx_cuda,False,0,0,0,False,False,10,2
000000342295.jpg,SMALL,onnx_cuda,False,0,10,0,False,True,29,1
000000342367.jpg,SMALL,onnx_cuda,False,3,25,0,True,True,32,6
000000342397.jpg,SMALL,onnx_cuda,False,4,19,2,True,True,35,9
000000342971.jpg,SMALL,onnx_cuda,False,1,9,0,True,True,18,2
000000343076.jpg,SMALL,onnx_cuda,False,0,0,0,False,False,12,2
000000343149.jpg,SMALL,onnx_cuda,False,4,36,0,True,True,54,6
000000343218.jpg,SMALL,onnx_cuda,False,2,20,0,True,True,51,22
000000343315.jpg,SMALL,onnx_cuda,False,0,0,0,False,False,10,1
000000343453.jpg,SMALL,onnx_cuda,False,1,9,0,True,True,26,2
000000343466.jpg,SMALL,onnx_cuda,False,0,0,0,False,False,23,2
000000343496.jpg,SMALL,onnx_cuda,False,1,9,0,True,True,27,6
000000343524.jpg,SMALL,onnx_cuda,False,1,10,0,True,True,19,3
000000343561.jpg,SMALL,onnx_cuda,False,12,104,13,True,True,116,28
000000343706.jpg,SMALL,onnx_cuda,False,1,4,0,True,True,14,2
000000343803.jpg,SMALL,onnx_cuda,False,1,9,0,True,True,18,2
000000343934.jpg,SMALL,onnx_cuda,False,1,9,0,True,True,10,1
000000343937.jpg,SMALL,onnx_cuda,False,1,9,0,True,True,19,2
000000343976.jpg,SMALL,onnx_cuda,False,0,0,3,True,False,10,9
000000344029.jpg,SMALL,onnx_cuda,False,1,1,5,True,True,26,12
000000344059.jpg,SMALL,onnx_cuda,False,0,0,0,False,False,20,2
000000344100.jpg,SMALL,onnx_cuda,False,0,0,0,False,False,44,5
000000344268.jpg,SMALL,onnx_cuda,False,1,9,0,True,True,21,2
000000344611.jpg,SMALL,onnx_cuda,False,0,0,0,False,False,0,0
000000344614.jpg,SMALL,onnx_cuda,False,0,0,0,False,False,19,2
000000344621.jpg,SMALL,onnx_cuda,False,0,0,0,False,False,46,7
000000344795.jpg,SMALL,onnx_cuda,False,0,0,0,False,False,10,2
000000344816.jpg,SMALL,onnx_cuda,False,0,0,0,False,False,9,1
000000344888.jpg,SMALL,onnx_cuda,False,0,0,0,False,False,19,9
000000344909.jpg,SMALL,onnx_cuda,False,0,0,0,False,False,30,4
000000345027.jpg,SMALL,onnx_cuda,False,1,9,13,True,True,12,34
000000345252.jpg,SMALL,onnx_cuda,False,1,9,0,True,True,36,5
000000345261.jpg,SMALL,onnx_cuda,False,0,0,0,False,False,20,2
000000345356.jpg,SMALL,onnx_cuda,False,2,18,0,True,True,75,11
000000345361.jpg,SMALL,onnx_cuda,False,1,37,1,True,True,68,11
000000345385.jpg,SMALL,onnx_cuda,False,1,10,1,True,True,19,3
000000345397.jpg,SMALL,onnx_cuda,False,1,9,0,True,True,29,3
000000345466.jpg,SMALL,onnx_cuda,False,6,54,0,True,True,74,11
000000345469.jpg,SMALL,onnx_cuda,False,0,0,0,False,False,0,13
000000345941.jpg,SMALL,onnx_cuda,False,0,0,1,True,False,16,3
000000346232.jpg,SMALL,onnx_cuda,False,5,38,6,True,True,76,20
000000346638.jpg,SMALL,onnx_cuda,False,0,0,0,False,False,54,4
000000346703.jpg,SMALL,onnx_cuda,False,3,27,4,True,True,69,19
000000346707.jpg,SMALL,onnx_cuda,False,0,0,0,False,False,10,4
000000346905.jpg,SMALL,onnx_cuda,False,0,0,0,False,False,30,3
000000346968.jpg,SMALL,onnx_cuda,False,1,9,0,True,True,35,5
000000347163.jpg,SMALL,onnx_cuda,False,0,0,0,False,False,10,1
000000347174.jpg,SMALL,onnx_cuda,False,0,0,1,True,False,26,2
000000347254.jpg,SMALL,onnx_cuda,False,5,32,0,True,True,39,9
000000347265.jpg,SMALL,onnx_cuda,False,1,9,0,True,True,19,2
000000347335.jpg,SMALL,onnx_cuda,False,0,0,0,False,False,39,5
000000347370.jpg,SMALL,onnx_cuda,False,0,0,1,True,False,6,2
000000347456.jpg,SMALL,onnx_cuda,False,0,0,0,False,False,20,2
000000347544.jpg,SMALL,onnx_cuda,False,0,0,0,False,False,10,2
000000347664.jpg,SMALL,onnx_cuda,False,0,0,0,False,False,15,13
000000347693.jpg,SMALL,onnx_cuda,False,0,0,0,False,False,20,2
000000347930.jpg,SMALL,onnx_cuda,False,0,0,0,False,False,29,3
000000348012.jpg,SMALL,onnx_cuda,False,0,0,0,False,False,10,1
000000348045.jpg,SMALL,onnx_cuda,False,0,0,0,False,False,30,3
000000348216.jpg,SMALL,onnx_cuda,False,0,0,0,False,False,30,8
000000348243.jpg,SMALL,onnx_cuda,False,0,0,0,False,False,10,2
000000348481.jpg,SMALL,onnx_cuda,False,0,0,0,False,False,38,6
000000348488.jpg,SMALL,onnx_cuda,False,0,0,0,False,False,2,5
000000348708.jpg,SMALL,onnx_cuda,False,0,0,0,False,False,8,3
000000348881.jpg,SMALL,onnx_cuda,False,1,9,1,True,True,16,5
000000349152.jpg,SMALL,onnx_cuda,False,0,0,0,False,False,28,15
000000349184.jpg,SMALL,onnx_cuda,False,5,16,2,True,True,32,9
000000349302.jpg,SMALL,onnx_cuda,False,0,0,0,False,False,21,2
000000349480.jpg,SMALL,onnx_cuda,False,0,0,0,False,False,32,17
000000349594.jpg,SMALL,onnx_cuda,False,1,9,0,True,True,20,2
000000349678.jpg,SMALL,onnx_cuda,False,0,0,0,False,False,10,1
000000349837.jpg,SMALL,onnx_cuda,False,0,0,0,False,False,64,6
000000349860.jpg,SMALL,onnx_cuda,False,1,11,2,True,True,22,8
000000350002.jpg,SMALL,onnx_cuda,False,1,9,0,True,True,10,2
000000350003.jpg,SMALL,onnx_cuda,False,1,9,2,True,True,30,6
000000350019.jpg,SMALL,onnx_cuda,False,1,9,0,True,True,20,2
000000350023.jpg,SMALL,onnx_cuda,False,1,0,7,True,True,40,25
000000350054.jpg,SMALL,onnx_cuda,False,0,0,0,False,False,38,5
000000350122.jpg,SMALL,onnx_cuda,False,11,84,4,True,True,107,31
000000350148.jpg,SMALL,onnx_cuda,False,4,36,0,True,True,78,20
000000350388.jpg,SMALL,onnx_cuda,False,0,0,0,False,False,8,5
000000350405.jpg,SMALL,onnx_cuda,False,2,17,0,True,True,28,3
000000350488.jpg,SMALL,onnx_cuda,False,0,0,0,False,False,14,1
000000350607.jpg,SMALL,onnx_cuda,False,0,0,0,False,False,11,1
000000350679.jpg,SMALL,onnx_cuda,False,10,73,0,True,True,114,26
000000350833.jpg,SMALL,onnx_cuda,False,0,0,0,False,False,20,2
000000351096.jpg,SMALL,onnx_cuda,False,0,0,1,True,False,10,2
000000351331.jpg,SMALL,onnx_cuda,False,0,0,0,False,False,20,3
000000351362.jpg,SMALL,onnx_cuda,False,0,0,0,False,False,20,4
000000351530.jpg,SMALL,onnx_cuda,False,3,27,2,True,True,50,23
000000351559.jpg,SMALL,onnx_cuda,False,0,0,0,False,False,0,1
000000351589.jpg,SMALL,onnx_cuda,False,0,0,0,False,False,10,3
000000351609.jpg,SMALL,onnx_cuda,False,0,0,0,False,False,0,4
000000351810.jpg,SMALL,onnx_cuda,False,2,20,3,True,True,78,17
000000351823.jpg,SMALL,onnx_cuda,False,1,9,0,True,True,12,2
000000352491.jpg,SMALL,onnx_cuda,False,0,0,5,True,False,10,6
000000352582.jpg,SMALL,onnx_cuda,False,2,18,0,True,True,31,3
000000352584.jpg,SMALL,onnx_cuda,False,0,0,0,False,False,0,1
000000352618.jpg,SMALL,onnx_cuda,False,0,0,0,False,False,16,4
000000352684.jpg,SMALL,onnx_cuda,False,8,71,1,True,True,83,10
000000352760.jpg,SMALL,onnx_cuda,False,1,9,0,True,True,19,2
000000352900.jpg,SMALL,onnx_cuda,False,0,0,0,False,False,50,9
000000353027.jpg,SMALL,onnx_cuda,False,1,8,0,True,True,9,3
000000353051.jpg,SMALL,onnx_cuda,False,1,10,0,True,True,21,2
000000353096.jpg,SMALL,onnx_cuda,False,0,0,0,False,False,32,3
000000353180.jpg,SMALL,onnx_cuda,False,9,81,1,True,True,98,12
000000353518.jpg,SMALL,onnx_cuda,False,0,0,2,True,False,13,9
000000353970.jpg,SMALL,onnx_cuda,False,0,0,0,False,False,19,2
000000354072.jpg,SMALL,onnx_cuda,False,0,0,0,False,False,21,3
000000354307.jpg,SMALL,onnx_cuda,False,0,0,1,True,False,10,1
000000354547.jpg,SMALL,onnx_cuda,False,1,9,1,True,True,19,3
000000354753.jpg,SMALL,onnx_cuda,False,0,0,0,False,False,0,9
000000354829.jpg,SMALL,onnx_cuda,False,0,0,0,False,False,5,2
000000355169.jpg,SMALL,onnx_cuda,False,0,0,0,False,False,14,1
000000355240.jpg,SMALL,onnx_cuda,False,0,0,0,False,False,9,4
000000355257.jpg,SMALL,onnx_cuda,False,0,1,1,True,True,32,3
000000355325.jpg,SMALL,onnx_cuda,False,0,0,1,True,False,57,11
000000355610.jpg,SMALL,onnx_cuda,False,0,0,0,False,False,20,1
000000355677.jpg,SMALL,onnx_cuda,False,0,0,0,False,False,10,1
000000355817.jpg,SMALL,onnx_cuda,False,0,0,2,True,False,10,3
000000355905.jpg,SMALL,onnx_cuda,False,0,0,0,False,False,10,1
000000356094.jpg,SMALL,onnx_cuda,False,2,18,0,True,True,34,4
000000356125.jpg,SMALL,onnx_cuda,False,1,15,0,True,True,35,3
000000356169.jpg,SMALL,onnx_cuda,False,0,1,0,False,True,16,11
000000356248.jpg,SMALL,onnx_cuda,False,2,21,2,True,True,103,22
000000356261.jpg,SMALL,onnx_cuda,False,0,0,0,False,False,10,2
000000356347.jpg,SMALL,onnx_cuda,False,0,0,0,False,False,28,3
000000356387.jpg,SMALL,onnx_cuda,False,7,38,12,True,True,45,20
000000356424.jpg,SMALL,onnx_cuda,False,3,26,0,True,True,81,10
000000356427.jpg,SMALL,onnx_cuda,False,1,9,0,True,True,45,8
000000356428.jpg,SMALL,onnx_cuda,False,3,33,1,True,True,46,13
000000356432.jpg,SMALL,onnx_cuda,False,0,0,0,False,False,33,5
000000356498.jpg,SMALL,onnx_cuda,False,0,0,0,False,False,7,2
000000356505.jpg,SMALL,onnx_cuda,False,1,9,0,True,True,22,2
000000356531.jpg,SMALL,onnx_cuda,False,1,9,0,True,True,50,8
000000356612.jpg,SMALL,onnx_cuda,False,4,25,4,True,True,96,21
000000356968.jpg,SMALL,onnx_cuda,False,0,0,0,False,False,10,1
000000357060.jpg,SMALL,onnx_cuda,False,0,0,0,False,False,10,1
000000357081.jpg,SMALL,onnx_cuda,False,0,0,0,False,False,20,2
000000357238.jpg,SMALL,onnx_cuda,False,1,2,0,True,True,13,2
000000357430.jpg,SMALL,onnx_cuda,False,0,0,0,False,False,10,1
000000357459.jpg,SMALL,onnx_cuda,False,0,0,1,True,False,20,3
000000357501.jpg,SMALL,onnx_cuda,False,0,0,0,False,False,12,1
000000357567.jpg,SMALL,onnx_cuda,False,0,0,0,False,False,19,2
000000357737.jpg,SMALL,onnx_cuda,False,2,18,5,True,True,35,11
000000357742.jpg,SMALL,onnx_cuda,False,1,9,0,True,True,26,2
000000357748.jpg,SMALL,onnx_cuda,False,2,4,2,True,True,16,5
000000357816.jpg,SMALL,onnx_cuda,False,4,37,0,True,True,58,10
000000357888.jpg,SMALL,onnx_cuda,False,1,9,0,True,True,45,35
000000357903.jpg,SMALL,onnx_cuda,False,0,0,0,False,False,11,2
000000357941.jpg,SMALL,onnx_cuda,False,0,0,0,False,False,29,3
000000357978.jpg,SMALL,onnx_cuda,False,4,36,1,True,True,50,14
000000358195.jpg,SMALL,onnx_cuda,False,1,9,0,True,True,19,2
000000358427.jpg,SMALL,onnx_cuda,False,0,0,0,False,False,20,3
000000358525.jpg,SMALL,onnx_cuda,False,1,9,0,True,True,31,4
000000358923.jpg,SMALL,onnx_cuda,False,2,16,2,True,True,37,6
000000359135.jpg,SMALL,onnx_cuda,False,0,0,0,False,False,20,2
000000359219.jpg,SMALL,onnx_cuda,False,0,0,0,False,False,16,5
000000359540.jpg,SMALL,onnx_cuda,False,4,37,1,True,True,49,9
000000359677.jpg,SMALL,onnx_cuda,False,1,5,0,True,True,10,2
000000359781.jpg,SMALL,onnx_cuda,False,0,0,0,False,False,10,1
000000359833.jpg,SMALL,onnx_cuda,False,1,9,0,True,True,16,10
000000359855.jpg,SMALL,onnx_cuda,False,0,0,0,False,False,10,1
000000359937.jpg,SMALL,onnx_cuda,False,0,0,0,False,False,20,2
000000360097.jpg,SMALL,onnx_cuda,False,0,0,1,True,False,9,14
000000360137.jpg,SMALL,onnx_cuda,False,1,7,0,True,True,30,3
000000360325.jpg,SMALL,onnx_cuda,False,0,0,0,False,False,59,13
000000360393.jpg,SMALL,onnx_cuda,False,0,0,0,False,False,23,3
000000360564.jpg,SMALL,onnx_cuda,False,0,0,0,False,False,11,2
000000360661.jpg,SMALL,onnx_cuda,False,4,31,0,True,True,65,7
000000360943.jpg,SMALL,onnx_cuda,False,0,0,0,False,False,10,1
000000360951.jpg,SMALL,onnx_cuda,False,0,0,0,False,False,62,7
000000360960.jpg,SMALL,onnx_cuda,False,5,48,0,True,True,62,6
000000361103.jpg,SMALL,onnx_cuda,False,9,54,6,True,True,85,26
000000361142.jpg,SMALL,onnx_cuda,False,0,1,3,True,True,65,16
000000361147.jpg,SMALL,onnx_cuda,False,6,44,3,True,True,66,15
000000361180.jpg,SMALL,onnx_cuda,False,0,0,0,False,False,10,1
000000361238.jpg,SMALL,onnx_cuda,False,2,19,0,True,True,54,10
000000361268.jpg,SMALL,onnx_cuda,False,0,0,0,False,False,10,1
000000361506.jpg,SMALL,onnx_cuda,False,1,9,0,True,True,38,4
000000361551.jpg,SMALL,onnx_cuda,False,4,33,1,True,True,64,17
000000361571.jpg,SMALL,onnx_cuda,False,0,0,0,False,False,10,1
000000361586.jpg,SMALL,onnx_cuda,False,1,65,3,True,True,95,18
000000361621.jpg,SMALL,onnx_cuda,False,0,0,0,False,False,17,2
000000361730.jpg,SMALL,onnx_cuda,False,8,59,5,True,True,100,29
000000361919.jpg,SMALL,onnx_cuda,False,10,43,3,True,True,53,21
000000362434.jpg,SMALL,onnx_cuda,False,0,0,0,False,False,17,2
000000362520.jpg,SMALL,onnx_cuda,False,1,9,0,True,True,21,2
000000362682.jpg,SMALL,onnx_cuda,False,1,7,1,True,True,38,5
000000362716.jpg,SMALL,onnx_cuda,False,1,9,0,True,True,20,3
000000363072.jpg,SMALL,onnx_cuda,False,0,0,0,False,False,13,1
000000363188.jpg,SMALL,onnx_cuda,False,7,46,6,True,True,68,18
000000363207.jpg,SMALL,onnx_cuda,False,6,43,0,True,True,71,14
000000363461.jpg,SMALL,onnx_cuda,False,0,0,0,False,False,66,6
000000363666.jpg,SMALL,onnx_cuda,False,6,47,0,True,True,129,40
000000363784.jpg,SMALL,onnx_cuda,False,0,0,0,False,False,9,3
000000363840.jpg,SMALL,onnx_cuda,False,0,0,1,True,False,80,12
000000363875.jpg,SMALL,onnx_cuda,False,2,19,0,True,True,24,3
000000364102.jpg,SMALL,onnx_cuda,False,1,9,0,True,True,16,2
000000364126.jpg,SMALL,onnx_cuda,False,1,9,0,True,True,19,2
000000364166.jpg,SMALL,onnx_cuda,False,0,0,0,False,False,20,2
000000364297.jpg,SMALL,onnx_cuda,False,0,0,0,False,False,28,3
000000364322.jpg,SMALL,onnx_cuda,False,0,0,0,False,False,141,15
000000364557.jpg,SMALL,onnx_cuda,False,2,21,0,True,True,34,4
000000364587.jpg,SMALL,onnx_cuda,False,0,0,0,False,False,10,1
000000364636.jpg,SMALL,onnx_cuda,False,0,0,0,False,False,10,2
000000364884.jpg,SMALL,onnx_cuda,False,2,22,11,True,True,24,14
000000365095.jpg,SMALL,onnx_cuda,False,1,9,0,True,True,21,2
000000365098.jpg,SMALL,onnx_cuda,False,0,0,0,False,False,10,1
000000365207.jpg,SMALL,onnx_cuda,False,0,0,0,False,False,22,5
000000365208.jpg,SMALL,onnx_cuda,False,1,6,0,True,True,35,4
000000365385.jpg,SMALL,onnx_cuda,False,0,0,0,False,False,26,6
000000365387.jpg,SMALL,onnx_cuda,False,0,0,0,False,False,18,4
000000365521.jpg,SMALL,onnx_cuda,False,8,50,5,True,True,64,14
000000365642.jpg,SMALL,onnx_cuda,False,1,9,0,True,True,66,7
000000365655.jpg,SMALL,onnx_cuda,False,1,3,0,True,True,14,2
000000365745.jpg,SMALL,onnx_cuda,False,1,9,1,True,True,30,8
000000365766.jpg,SMALL,onnx_cuda,False,0,0,0,False,False,31,3
000000365886.jpg,SMALL,onnx_cuda,False,1,9,0,True,True,20,2
000000366141.jpg,SMALL,onnx_cuda,False,0,0,0,False,False,28,4
000000366178.jpg,SMALL,onnx_cuda,False,0,0,0,False,False,13,3
000000366199.jpg,SMALL,onnx_cuda,False,0,0,0,False,False,18,2
000000366225.jpg,SMALL,onnx_cuda,False,0,0,0,False,False,28,4
000000366611.jpg,SMALL,onnx_cuda,False,0,0,0,False,False,19,2
000000366711.jpg,SMALL,onnx_cuda,False,1,7,0,True,True,8,14
000000366884.jpg,SMALL,onnx_cuda,False,1,9,0,True,True,27,16
000000367082.jpg,SMALL,onnx_cuda,False,0,0,0,False,False,11,3
000000367095.jpg,SMALL,onnx_cuda,False,3,26,2,True,True,94,25
000000367195.jpg,SMALL,onnx_cuda,False,0,0,1,True,False,23,3
000000367228.jpg,SMALL,onnx_cuda,False,1,9,0,True,True,20,2
000000367386.jpg,SMALL,onnx_cuda,False,0,0,0,False,False,56,19
000000367569.jpg,SMALL,onnx_cuda,False,0,0,0,False,False,9,5
000000367680.jpg,SMALL,onnx_cuda,False,3,34,6,True,True,76,14
000000367818.jpg,SMALL,onnx_cuda,False,1,8,0,True,True,19,2
000000368038.jpg,SMALL,onnx_cuda,False,0,0,0,False,False,10,1
000000368212.jpg,SMALL,onnx_cuda,False,1,7,0,True,True,24,3
000000368294.jpg,SMALL,onnx_cuda,False,1,14,0,True,True,15,2
000000368335.jpg,SMALL,onnx_cuda,False,0,0,0,False,False,40,6
000000368456.jpg,SMALL,onnx_cuda,False,0,0,0,False,False,10,1
000000368684.jpg,SMALL,onnx_cuda,False,0,0,0,False,False,39,11
000000368752.jpg,SMALL,onnx_cuda,False,2,18,1,True,True,70,9
000000368900.jpg,SMALL,onnx_cuda,False,0,0,0,False,False,20,6
000000368940.jpg,SMALL,onnx_cuda,False,0,0,0,False,False,10,1
000000368961.jpg,SMALL,onnx_cuda,False,2,13,0,True,True,26,5
000000368982.jpg,SMALL,onnx_cuda,False,0,0,0,False,False,10,1
000000369037.jpg,SMALL,onnx_cuda,False,1,10,0,True,True,27,4
000000369081.jpg,SMALL,onnx_cuda,False,0,0,0,False,False,29,3
000000369310.jpg,SMALL,onnx_cuda,False,1,9,0,True,True,28,9
000000369323.jpg,SMALL,onnx_cuda,False,2,28,1,True,True,40,5
000000369370.jpg,SMALL,onnx_cuda,False,0,0,0,False,False,54,7
000000369442.jpg,SMALL,onnx_cuda,False,12,77,0,True,True,116,24
000000369503.jpg,SMALL,onnx_cuda,False,1,9,0,True,True,19,2
000000369541.jpg,SMALL,onnx_cuda,False,3,18,2,True,True,38,7
000000369675.jpg,SMALL,onnx_cuda,False,2,7,4,True,True,19,8
000000369751.jpg,SMALL,onnx_cuda,False,0,0,0,False,False,52,10
000000369757.jpg,SMALL,onnx_cuda,False,0,0,0,False,False,16,5
000000369771.jpg,SMALL,onnx_cuda,False,0,0,0,False,False,38,10
000000369812.jpg,SMALL,onnx_cuda,False,0,0,7,True,False,40,18
000000370042.jpg,SMALL,onnx_cuda,False,0,0,0,False,False,95,13
000000370208.jpg,SMALL,onnx_cuda,False,2,17,0,True,True,30,4
000000370270.jpg,SMALL,onnx_cuda,False,3,21,0,True,True,30,9
000000370375.jpg,SMALL,onnx_cuda,False,1,9,0,True,True,28,3
000000370478.jpg,SMALL,onnx_cuda,False,0,0,0,False,False,48,12
000000370486.jpg,SMALL,onnx_cuda,False,7,48,6,True,True,75,19
000000370677.jpg,SMALL,onnx_cuda,False,3,27,0,True,True,30,15
000000370711.jpg,SMALL,onnx_cuda,False,0,0,1,True,False,69,14
000000370813.jpg,SMALL,onnx_cuda,False,1,9,0,True,True,20,2
000000370818.jpg,SMALL,onnx_cuda,False,0,0,0,False,False,17,3
000000370900.jpg,SMALL,onnx_cuda,False,0,0,0,False,False,25,4
000000370999.jpg,SMALL,onnx_cuda,False,0,0,0,False,False,26,0
000000371042.jpg,SMALL,onnx_cuda,False,3,21,0,True,True,27,9
000000371472.jpg,SMALL,onnx_cuda,False,0,0,0,False,False,8,11
000000371529.jpg,SMALL,onnx_cuda,False,1,9,0,True,True,22,4
000000371552.jpg,SMALL,onnx_cuda,False,6,41,0,True,True,60,10
000000371677.jpg,SMALL,onnx_cuda,False,0,0,0,False,False,84,9
000000371699.jpg,SMALL,onnx_cuda,False,1,18,0,True,True,67,18
000000371749.jpg,SMALL,onnx_cuda,False,2,15,0,True,True,65,7
000000372203.jpg,SMALL,onnx_cuda,False,0,9,0,False,True,19,2
000000372260.jpg,SMALL,onnx_cuda,False,0,0,0,False,False,51,12
000000372307.jpg,SMALL,onnx_cuda,False,0,0,0,False,False,10,1
000000372317.jpg,SMALL,onnx_cuda,False,0,3,0,False,True,13,2
000000372349.jpg,SMALL,onnx_cuda,False,2,24,0,True,True,26,5
000000372466.jpg,SMALL,onnx_cuda,False,0,0,0,False,False,34,7
000000372577.jpg,SMALL,onnx_cuda,False,2,18,0,True,True,27,3
000000372718.jpg,SMALL,onnx_cuda,False,0,0,0,False,False,15,1
000000372819.jpg,SMALL,onnx_cuda,False,2,17,0,True,True,63,8
000000373315.jpg,SMALL,onnx_cuda,False,1,9,0,True,True,14,2
000000373353.jpg,SMALL,onnx_cuda,False,4,34,8,True,True,137,34
000000373382.jpg,SMALL,onnx_cuda,False,7,63,6,True,True,79,15
000000373705.jpg,SMALL,onnx_cuda,False,5,37,1,True,True,52,7
000000374052.jpg,SMALL,onnx_cuda,False,3,20,2,True,True,112,19
000000374083.jpg,SMALL,onnx_cuda,False,2,18,0,True,True,36,8
000000374369.jpg,SMALL,onnx_cuda,False,1,9,0,True,True,20,2
000000374545.jpg,SMALL,onnx_cuda,False,2,5,12,True,True,10,15
000000374551.jpg,SMALL,onnx_cuda,False,0,0,0,False,False,10,1
000000374727.jpg,SMALL,onnx_cuda,False,0,0,0,False,False,0,0
000000374982.jpg,SMALL,onnx_cuda,False,2,17,0,True,True,62,13
000000375015.jpg,SMALL,onnx_cuda,False,0,0,0,False,False,10,1
000000375078.jpg,SMALL,onnx_cuda,False,0,0,0,False,False,6,2
000000375278.jpg,SMALL,onnx_cuda,False,0,0,1,True,False,21,6
000000375430.jpg,SMALL,onnx_cuda,False,0,0,0,False,False,39,4
000000375469.jpg,SMALL,onnx_cuda,False,2,19,0,True,True,30,4
000000375493.jpg,SMALL,onnx_cuda,False,1,9,0,True,True,14,7
000000375763.jpg,SMALL,onnx_cuda,False,0,0,0,False,False,96,12
000000376093.jpg,SMALL,onnx_cuda,False,5,46,0,True,True,70,13
000000376112.jpg,SMALL,onnx_cuda,False,5,33,8,True,True,70,22
000000376206.jpg,SMALL,onnx_cuda,False,1,8,0,True,True,13,2
000000376264.jpg,SMALL,onnx_cuda,False,0,0,0,False,False,22,9
000000376278.jpg,SMALL,onnx_cuda,False,0,0,0,False,False,27,3
000000376284.jpg,SMALL,onnx_cuda,False,0,0,0,False,False,68,9
000000376307.jpg,SMALL,onnx_cuda,False,2,18,1,True,True,20,27
000000376310.jpg,SMALL,onnx_cuda,False,0,0,0,False,False,30,4
000000376322.jpg,SMALL,onnx_cuda,False,7,42,6,True,True,133,42
000000376365.jpg,SMALL,onnx_cuda,False,1,9,0,True,True,27,7
000000376442.jpg,SMALL,onnx_cuda,False,0,0,0,False,False,20,2
000000376478.jpg,SMALL,onnx_cuda,False,0,0,0,False,False,15,1
000000376625.jpg,SMALL,onnx_cuda,False,6,45,6,True,True,62,17
000000376856.jpg,SMALL,onnx_cuda,False,0,0,0,False,False,11,1
000000376900.jpg,SMALL,onnx_cuda,False,4,25,9,True,True,33,14
000000377000.jpg,SMALL,onnx_cuda,False,0,0,0,False,False,10,1
000000377113.jpg,SMALL,onnx_cuda,False,6,53,3,True,True,67,10
000000377239.jpg,SMALL,onnx_cuda,False,3,34,0,True,True,61,6
000000377368.jpg,SMALL,onnx_cuda,False,1,8,0,True,True,22,9
000000377393.jpg,SMALL,onnx_cuda,False,0,1,10,True,True,19,15
000000377486.jpg,SMALL,onnx_cuda,False,3,11,3,True,True,33,9
000000377497.jpg,SMALL,onnx_cuda,False,0,0,0,False,False,9,1
000000377575.jpg,SMALL,onnx_cuda,False,0,0,0,False,False,19,2
000000377588.jpg,SMALL,onnx_cuda,False,5,41,1,True,True,54,10
000000377635.jpg,SMALL,onnx_cuda,False,1,9,3,True,True,21,6
000000377670.jpg,SMALL,onnx_cuda,False,0,0,0,False,False,11,3
000000377723.jpg,SMALL,onnx_cuda,False,10,83,3,True,True,103,20
000000377814.jpg,SMALL,onnx_cuda,False,0,0,0,False,False,60,6
000000377882.jpg,SMALL,onnx_cuda,False,0,0,0,False,False,0,14
000000377946.jpg,SMALL,onnx_cuda,False,4,17,4,True,True,63,20
000000378099.jpg,SMALL,onnx_cuda,False,0,0,0,False,False,20,2
000000378116.jpg,SMALL,onnx_cuda,False,1,9,0,True,True,18,2
000000378139.jpg,SMALL,onnx_cuda,False,0,0,9,True,False,19,17
000000378244.jpg,SMALL,onnx_cuda,False,1,10,0,True,True,13,3
000000378284.jpg,SMALL,onnx_cuda,False,1,9,1,True,True,28,7
000000378453.jpg,SMALL,onnx_cuda,False,0,0,0,False,False,117,13
000000378454.jpg,SMALL,onnx_cuda,False,1,9,0,True,True,20,2
000000378515.jpg,SMALL,onnx_cuda,False,6,50,4,True,True,56,23
000000378605.jpg,SMALL,onnx_cuda,False,0,0,0,False,False,22,4
000000378673.jpg,SMALL,onnx_cuda,False,5,19,8,True,True,34,19
000000378873.jpg,SMALL,onnx_cuda,False,4,39,3,True,True,63,23
000000379332.jpg,SMALL,onnx_cuda,False,3,27,0,True,True,39,5
000000379441.jpg,SMALL,onnx_cuda,False,0,0,0,False,False,16,19
000000379453.jpg,SMALL,onnx_cuda,False,0,0,0,False,False,10,1
000000379476.jpg,SMALL,onnx_cuda,False,0,0,0,False,False,67,23
000000379533.jpg,SMALL,onnx_cuda,False,0,0,0,False,False,32,3
000000379800.jpg,SMALL,onnx_cuda,False,0,0,0,False,False,21,7
000000379842.jpg,SMALL,onnx_cuda,False,0,0,0,False,False,19,4
000000380203.jpg,SMALL,onnx_cuda,False,0,0,0,False,False,10,1
000000380706.jpg,SMALL,onnx_cuda,False,4,31,1,True,True,54,9
000000380711.jpg,SMALL,onnx_cuda,False,1,9,0,True,True,24,2
000000380913.jpg,SMALL,onnx_cuda,False,6,56,0,True,True,84,14
000000381360.jpg,SMALL,onnx_cuda,False,1,9,0,True,True,25,2
000000381587.jpg,SMALL,onnx_cuda,False,0,0,4,True,False,177,30
000000381639.jpg,SMALL,onnx_cuda,False,9,48,0,True,True,68,15
000000381971.jpg,SMALL,onnx_cuda,False,2,13,5,True,True,41,16
000000382009.jpg,SMALL,onnx_cuda,False,1,9,0,True,True,30,4
000000382030.jpg,SMALL,onnx_cuda,False,0,0,0,False,False,9,4
000000382088.jpg,SMALL,onnx_cuda,False,0,0,0,False,False,10,1
000000382111.jpg,SMALL,onnx_cuda,False,2,18,0,True,True,62,14
000000382122.jpg,SMALL,onnx_cuda,False,0,0,0,False,False,13,1
000000382125.jpg,SMALL,onnx_cuda,False,8,75,1,True,True,144,27
000000382696.jpg,SMALL,onnx_cuda,False,0,0,0,False,False,22,3
000000382734.jpg,SMALL,onnx_cuda,False,0,0,0,False,False,0,0
000000382743.jpg,SMALL,onnx_cuda,False,0,0,0,False,False,40,8
000000383289.jpg,SMALL,onnx_cuda,False,1,8,0,True,True,18,6
000000383337.jpg,SMALL,onnx_cuda,False,2,13,0,True,True,22,11
000000383339.jpg,SMALL,onnx_cuda,False,1,5,0,True,True,6,2
000000383384.jpg,SMALL,onnx_cuda,False,5,42,4,True,True,48,12
000000383386.jpg,SMALL,onnx_cuda,False,0,0,0,False,False,33,4
000000383443.jpg,SMALL,onnx_cuda,False,0,0,0,False,False,17,4
000000383606.jpg,SMALL,onnx_cuda,False,1,9,0,True,True,21,4
000000383621.jpg,SMALL,onnx_cuda,False,0,0,0,False,False,10,1
000000383676.jpg,SMALL,onnx_cuda,False,0,0,0,False,False,20,2
000000383838.jpg,SMALL,onnx_cuda,False,2,18,0,True,True,25,4
000000383842.jpg,SMALL,onnx_cuda,False,5,47,5,True,True,86,16
000000383921.jpg,SMALL,onnx_cuda,False,0,0,0,False,False,116,10
000000384136.jpg,SMALL,onnx_cuda,False,1,9,0,True,True,16,2
000000384350.jpg,SMALL,onnx_cuda,False,0,0,0,False,False,12,2
000000384468.jpg,SMALL,onnx_cuda,False,4,36,0,True,True,60,6
000000384513.jpg,SMALL,onnx_cuda,False,0,0,0,False,False,11,1
000000384527.jpg,SMALL,onnx_cuda,False,0,0,1,True,False,53,26
000000384616.jpg,SMALL,onnx_cuda,False,0,0,0,False,False,8,1
000000384651.jpg,SMALL,onnx_cuda,False,0,0,0,False,False,10,2
000000384661.jpg,SMALL,onnx_cuda,False,0,0,0,False,False,31,7
000000384666.jpg,SMALL,onnx_cuda,False,7,42,2,True,True,51,14
000000384670.jpg,SMALL,onnx_cuda,False,2,18,0,True,True,32,4
000000384808.jpg,SMALL,onnx_cuda,False,1,9,0,True,True,50,7
000000384850.jpg,SMALL,onnx_cuda,False,0,0,0,False,False,15,1
000000384949.jpg,SMALL,onnx_cuda,False,0,0,0,False,False,13,14
000000385029.jpg,SMALL,onnx_cuda,False,1,10,0,True,True,84,10
000000385190.jpg,SMALL,onnx_cuda,False,3,35,0,True,True,38,5
000000385205.jpg,SMALL,onnx_cuda,False,0,0,0,False,False,10,2
000000385719.jpg,SMALL,onnx_cuda,False,0,0,0,False,False,51,17
000000385997.jpg,SMALL,onnx_cuda,False,0,0,0,False,False,29,9
000000386134.jpg,SMALL,onnx_cuda,False,0,0,0,False,False,12,1
000000386210.jpg,SMALL,onnx_cuda,False,0,0,0,False,False,24,15
000000386277.jpg,SMALL,onnx_cuda,False,0,0,0,False,False,8,1
000000386352.jpg,SMALL,onnx_cuda,False,7,65,4,True,True,81,13
000000386457.jpg,SMALL,onnx_cuda,False,0,0,0,False,False,9,1
000000386879.jpg,SMALL,onnx_cuda,False,1,9,0,True,True,24,2
000000386912.jpg,SMALL,onnx_cuda,False,1,9,0,True,True,39,17
000000387098.jpg,SMALL,onnx_cuda,False,0,0,0,False,False,54,24
000000387148.jpg,SMALL,onnx_cuda,False,0,0,0,False,False,22,14
000000387383.jpg,SMALL,onnx_cuda,False,0,0,0,False,False,32,2
000000387387.jpg,SMALL,onnx_cuda,False,0,0,0,False,False,10,1
000000387916.jpg,SMALL,onnx_cuda,False,10,81,2,True,True,113,20
000000388056.jpg,SMALL,onnx_cuda,False,7,78,3,True,True,104,12
000000388215.jpg,SMALL,onnx_cuda,False,1,9,0,True,True,16,3
000000388258.jpg,SMALL,onnx_cuda,False,1,9,0,True,True,23,4
000000388846.jpg,SMALL,onnx_cuda,False,0,0,13,True,False,52,31
000000388903.jpg,SMALL,onnx_cuda,False,2,18,2,True,True,20,9
000000388927.jpg,SMALL,onnx_cuda,False,1,9,2,True,True,20,4
000000389109.jpg,SMALL,onnx_cuda,False,4,30,2,True,True,60,17
000000389197.jpg,SMALL,onnx_cuda,False,3,23,7,True,True,36,11
000000389315.jpg,SMALL,onnx_cuda,False,0,0,0,False,False,20,14
000000389316.jpg,SMALL,onnx_cuda,False,0,0,1,True,False,20,3
000000389381.jpg,SMALL,onnx_cuda,False,0,0,0,False,False,34,6
000000389451.jpg,SMALL,onnx_cuda,False,2,1,10,True,True,37,17
000000389532.jpg,SMALL,onnx_cuda,False,1,9,0,True,True,30,4
000000389566.jpg,SMALL,onnx_cuda,False,0,0,0,False,False,85,14
000000389684.jpg,SMALL,onnx_cuda,False,1,10,0,True,True,21,2
000000389804.jpg,SMALL,onnx_cuda,False,0,0,0,False,False,16,2
000000389812.jpg,SMALL,onnx_cuda,False,1,9,0,True,True,19,4
000000389933.jpg,SMALL,onnx_cuda,False,0,0,0,False,False,19,2
000000390246.jpg,SMALL,onnx_cuda,False,1,11,0,True,True,21,2
000000390301.jpg,SMALL,onnx_cuda,False,0,0,0,False,False,10,1
000000390555.jpg,SMALL,onnx_cuda,False,11,126,2,True,True,140,25
000000390826.jpg,SMALL,onnx_cuda,False,1,12,0,True,True,24,3
000000390902.jpg,SMALL,onnx_cuda,False,2,18,0,True,True,31,3
000000391140.jpg,SMALL,onnx_cuda,False,1,9,0,True,True,14,3
000000391144.jpg,SMALL,onnx_cuda,False,0,0,0,False,False,52,6
000000391290.jpg,SMALL,onnx_cuda,False,2,40,1,True,True,54,6
000000391375.jpg,SMALL,onnx_cuda,False,1,9,0,True,True,16,2
000000391648.jpg,SMALL,onnx_cuda,False,0,0,0,False,False,12,1
000000391722.jpg,SMALL,onnx_cuda,False,4,36,1,True,True,58,9
000000392228.jpg,SMALL,onnx_cuda,False,0,0,0,False,False,10,1
000000392481.jpg,SMALL,onnx_cuda,False,0,0,0,False,False,10,1
000000392722.jpg,SMALL,onnx_cuda,False,4,41,2,True,True,60,15
000000392818.jpg,SMALL,onnx_cuda,False,0,0,0,False,False,11,1
000000392933.jpg,SMALL,onnx_cuda,False,0,0,0,False,False,10,1
000000393014.jpg,SMALL,onnx_cuda,False,0,0,0,False,False,0,4
000000393056.jpg,SMALL,onnx_cuda,False,1,10,0,True,True,11,2
000000393093.jpg,SMALL,onnx_cuda,False,1,9,0,True,True,38,9
000000393115.jpg,SMALL,onnx_cuda,False,1,9,0,True,True,20,2
000000393226.jpg,SMALL,onnx_cuda,False,1,9,0,True,True,48,15
000000393282.jpg,SMALL,onnx_cuda,False,0,0,0,False,False,20,2
000000393469.jpg,SMALL,onnx_cuda,False,1,9,1,True,True,10,4
000000393569.jpg,SMALL,onnx_cuda,False,1,8,0,True,True,42,10
000000393838.jpg,SMALL,onnx_cuda,False,0,0,0,False,False,0,15
000000394199.jpg,SMALL,onnx_cuda,False,2,18,0,True,True,20,2
000000394206.jpg,SMALL,onnx_cuda,False,6,43,5,True,True,67,14
000000394275.jpg,SMALL,onnx_cuda,False,6,35,3,True,True,51,10
000000394328.jpg,SMALL,onnx_cuda,False,0,0,0,False,False,10,1
000000394510.jpg,SMALL,onnx_cuda,False,3,29,0,True,True,57,6
000000394559.jpg,SMALL,onnx_cuda,False,1,16,0,True,True,27,2
000000394611.jpg,SMALL,onnx_cuda,False,0,0,0,False,False,22,2
000000394677.jpg,SMALL,onnx_cuda,False,4,36,0,True,True,55,12
000000394940.jpg,SMALL,onnx_cuda,False,1,9,0,True,True,40,4
000000395180.jpg,SMALL,onnx_cuda,False,6,10,1,True,True,21,9
000000395343.jpg,SMALL,onnx_cuda,False,0,0,0,False,False,44,7
000000395388.jpg,SMALL,onnx_cuda,False,5,40,3,True,True,45,12
000000395575.jpg,SMALL,onnx_cuda,False,1,2,0,True,True,4,2
000000395633.jpg,SMALL,onnx_cuda,False,0,0,2,True,False,9,3
000000395701.jpg,SMALL,onnx_cuda,False,0,0,0,False,False,46,19
000000395801.jpg,SMALL,onnx_cuda,False,7,46,6,True,True,68,25
000000395903.jpg,SMALL,onnx_cuda,False,1,9,0,True,True,20,2
000000396200.jpg,SMALL,onnx_cuda,False,2,26,0,True,True,73,14
000000396205.jpg,SMALL,onnx_cuda,False,0,0,0,False,False,25,2
000000396274.jpg,SMALL,onnx_cuda,False,0,0,0,False,False,0,1
000000396338.jpg,SMALL,onnx_cuda,False,3,30,3,True,True,68,12
000000396518.jpg,SMALL,onnx_cuda,False,1,9,0,True,True,12,2
000000396526.jpg,SMALL,onnx_cuda,False,0,0,0,False,False,58,11
000000396568.jpg,SMALL,onnx_cuda,False,0,0,0,False,False,10,1
000000396580.jpg,SMALL,onnx_cuda,False,0,0,0,False,False,7,2
000000396729.jpg,SMALL,onnx_cuda,False,0,0,0,False,False,24,5
000000396863.jpg,SMALL,onnx_cuda,False,1,9,1,True,True,28,4
000000396903.jpg,SMALL,onnx_cuda,False,0,0,2,True,False,10,3
000000397133.jpg,SMALL,onnx_cuda,False,1,8,1,True,True,63,19
000000397279.jpg,SMALL,onnx_cuda,False,1,9,0,True,True,21,3
000000397303.jpg,SMALL,onnx_cuda,False,7,48,6,True,True,142,38
000000397327.jpg,SMALL,onnx_cuda,False,0,0,0,False,False,18,2
000000397351.jpg,SMALL,onnx_cuda,False,1,9,1,True,True,20,12
000000397354.jpg,SMALL,onnx_cuda,False,5,55,1,True,True,139,35
000000397639.jpg,SMALL,onnx_cuda,False,0,0,0,False,False,20,2
000000397681.jpg,SMALL,onnx_cuda,False,0,0,1,True,False,5,28
000000398028.jpg,SMALL,onnx_cuda,False,4,26,7,True,True,40,12
000000398203.jpg,SMALL,onnx_cuda,False,6,56,6,True,True,79,13
000000398237.jpg,SMALL,onnx_cuda,False,0,0,1,True,False,20,5
000000398377.jpg,SMALL,onnx_cuda,False,4,28,1,True,True,50,14
000000398438.jpg,SMALL,onnx_cuda,False,1,9,0,True,True,10,3
000000398652.jpg,SMALL,onnx_cuda,False,0,0,0,False,False,64,13
000000398742.jpg,SMALL,onnx_cuda,False,3,27,2,True,True,40,8
000000398810.jpg,SMALL,onnx_cuda,False,0,0,0,False,False,10,2
000000398905.jpg,SMALL,onnx_cuda,False,1,8,0,True,True,10,1
000000399205.jpg,SMALL,onnx_cuda,False,10,67,3,True,True,84,16
000000399296.jpg,SMALL,onnx_cuda,False,0,0,1,True,False,0,12
000000399462.jpg,SMALL,onnx_cuda,False,3,26,0,True,True,38,4
000000399560.jpg,SMALL,onnx_cuda,False,0,0,0,False,False,11,2
000000399655.jpg,SMALL,onnx_cuda,False,0,0,0,False,False,16,2
000000399764.jpg,SMALL,onnx_cuda,False,1,10,0,True,True,21,2
000000400044.jpg,SMALL,onnx_cuda,False,1,9,0,True,True,17,2
000000400082.jpg,SMALL,onnx_cuda,False,0,0,0,False,False,35,4
000000400161.jpg,SMALL,onnx_cuda,False,1,0,0,True,True,19,18
000000400367.jpg,SMALL,onnx_cuda,False,0,0,0,False,False,58,18
000000400573.jpg,SMALL,onnx_cuda,False,1,9,3,True,True,14,5
000000400794.jpg,SMALL,onnx_cuda,False,1,9,0,True,True,20,5
000000400803.jpg,SMALL,onnx_cuda,False,1,1,1,True,True,12,3
000000400815.jpg,SMALL,onnx_cuda,False,1,9,0,True,True,24,3
000000400922.jpg,SMALL,onnx_cuda,False,0,0,0,False,False,13,2
000000401244.jpg,SMALL,onnx_cuda,False,1,9,0,True,True,20,2
000000401250.jpg,SMALL,onnx_cuda,False,1,9,0,True,True,20,2
000000401446.jpg,SMALL,onnx_cuda,False,1,9,0,True,True,36,3
000000401862.jpg,SMALL,onnx_cuda,False,6,52,2,True,True,67,10
000000401991.jpg,SMALL,onnx_cuda,False,0,0,0,False,False,39,4
000000402096.jpg,SMALL,onnx_cuda,False,0,0,0,False,False,0,0
000000402118.jpg,SMALL,onnx_cuda,False,1,9,0,True,True,19,2
000000402334.jpg,SMALL,onnx_cuda,False,0,0,0,False,False,13,2
000000402346.jpg,SMALL,onnx_cuda,False,0,0,0,False,False,26,3
000000402433.jpg,SMALL,onnx_cuda,False,0,0,1,True,False,1,3
000000402473.jpg,SMALL,onnx_cuda,False,0,0,0,False,False,20,2
000000402519.jpg,SMALL,onnx_cuda,False,0,0,0,False,False,17,1
000000402615.jpg,SMALL,onnx_cuda,False,1,10,12,True,True,16,19
000000402720.jpg,SMALL,onnx_cuda,False,3,26,0,True,True,116,15
000000402765.jpg,SMALL,onnx_cuda,False,1,1,0,True,True,12,2
000000402774.jpg,SMALL,onnx_cuda,False,1,9,0,True,True,20,3
000000402783.jpg,SMALL,onnx_cuda,False,0,0,0,False,False,4,2
000000402992.jpg,SMALL,onnx_cuda,False,0,0,0,False,False,101,10
000000403122.jpg,SMALL,onnx_cuda,False,7,42,5,True,True,58,16
000000403353.jpg,SMALL,onnx_cuda,False,0,0,0,False,False,12,2
000000403385.jpg,SMALL,onnx_cuda,False,0,0,0,False,False,20,2
000000403565.jpg,SMALL,onnx_cuda,False,2,18,0,True,True,20,3
000000403584.jpg,SMALL,onnx_cuda,False,3,25,5,True,True,45,9
000000403817.jpg,SMALL,onnx_cuda,False,0,0,0,False,False,19,3
000000404128.jpg,SMALL,onnx_cuda,False,0,0,0,False,False,10,1
000000404191.jpg,SMALL,onnx_cuda,False,0,0,0,False,False,5,1
000000404249.jpg,SMALL,onnx_cuda,False,1,9,0,True,True,20,2
000000404479.jpg,SMALL,onnx_cuda,False,0,0,0,False,False,10,3
000000404484.jpg,SMALL,onnx_cuda,False,0,0,1,True,False,36,5
000000404534.jpg,SMALL,onnx_cuda,False,0,0,0,False,False,0,1
000000404568.jpg,SMALL,onnx_cuda,False,0,0,0,False,False,10,1
000000404601.jpg,SMALL,onnx_cuda,False,0,0,0,False,False,0,0
000000404678.jpg,SMALL,onnx_cuda,False,4,36,5,True,True,110,24
000000404805.jpg,SMALL,onnx_cuda,False,1,7,0,True,True,17,2
000000404839.jpg,SMALL,onnx_cuda,False,2,18,0,True,True,24,5
000000404922.jpg,SMALL,onnx_cuda,False,3,27,0,True,True,51,5
000000404923.jpg,SMALL,onnx_cuda,False,3,35,1,True,True,50,5
000000405195.jpg,SMALL,onnx_cuda,False,1,9,1,True,True,31,17
000000405205.jpg,SMALL,onnx_cuda,False,0,0,0,False,False,28,3
000000405249.jpg,SMALL,onnx_cuda,False,8,72,2,True,True,90,18
000000405279.jpg,SMALL,onnx_cuda,False,3,7,1,True,True,55,19
000000405306.jpg,SMALL,onnx_cuda,False,0,0,0,False,False,20,2
000000405432.jpg,SMALL,onnx_cuda,False,0,3,0,False,True,11,4
000000405691.jpg,SMALL,onnx_cuda,False,0,0,0,False,False,86,13
000000405970.jpg,SMALL,onnx_cuda,False,0,0,0,False,False,39,8
000000405972.jpg,SMALL,onnx_cuda,False,0,0,0,False,False,19,3
000000406129.jpg,SMALL,onnx_cuda,False,1,9,0,True,True,19,3
000000406417.jpg,SMALL,onnx_cuda,False,3,28,0,True,True,39,6
000000406570.jpg,SMALL,onnx_cuda,False,0,0,0,False,False,59,7
000000406611.jpg,SMALL,onnx_cuda,False,4,33,8,True,True,37,24
000000406997.jpg,SMALL,onnx_cuda,False,5,35,0,True,True,50,7
000000407002.jpg,SMALL,onnx_cuda,False,1,9,0,True,True,20,2
000000407083.jpg,SMALL,onnx_cuda,False,1,9,0,True,True,20,3
000000407298.jpg,SMALL,onnx_cuda,False,1,8,0,True,True,24,3
000000407403.jpg,SMALL,onnx_cuda,False,0,0,0,False,False,9,1
000000407518.jpg,SMALL,onnx_cuda,False,0,0,0,False,False,10,1
000000407524.jpg,SMALL,onnx_cuda,False,0,0,0,False,False,35,3
000000407574.jpg,SMALL,onnx_cuda,False,0,8,0,False,True,18,2
000000407614.jpg,SMALL,onnx_cuda,False,0,0,0,False,False,40,13
000000407646.jpg,SMALL,onnx_cuda,False,1,9,0,True,True,34,3
000000407650.jpg,SMALL,onnx_cuda,False,1,8,0,True,True,19,2
000000407825.jpg,SMALL,onnx_cuda,False,0,0,0,False,False,31,5
000000407868.jpg,SMALL,onnx_cuda,False,3,13,0,True,True,26,8
000000407943.jpg,SMALL,onnx_cuda,False,1,17,2,True,True,18,4
000000407960.jpg,SMALL,onnx_cuda,False,0,0,0,False,False,19,3
000000408112.jpg,SMALL,onnx_cuda,False,0,0,8,True,False,21,10
000000408120.jpg,SMALL,onnx_cuda,False,1,9,0,True,True,10,5
000000408696.jpg,SMALL,onnx_cuda,False,2,24,2,True,True,38,5
000000408774.jpg,SMALL,onnx_cuda,False,4,32,0,True,True,36,6
000000408830.jpg,SMALL,onnx_cuda,False,3,38,1,True,True,41,4
000000409198.jpg,SMALL,onnx_cuda,False,1,9,0,True,True,19,6
000000409211.jpg,SMALL,onnx_cuda,False,9,62,4,True,True,86,15
000000409268.jpg,SMALL,onnx_cuda,False,0,0,0,False,False,10,1
000000409358.jpg,SMALL,onnx_cuda,False,0,0,0,False,False,13,2
000000409424.jpg,SMALL,onnx_cuda,False,0,6,0,False,True,7,6
000000409475.jpg,SMALL,onnx_cuda,False,2,18,0,True,True,20,2
000000409542.jpg,SMALL,onnx_cuda,False,5,46,1,True,True,71,8
000000409630.jpg,SMALL,onnx_cuda,False,0,0,0,False,False,41,3
000000409867.jpg,SMALL,onnx_cuda,False,0,0,0,False,False,20,2
000000410221.jpg,SMALL,onnx_cuda,False,0,0,0,False,False,9,1
000000410428.jpg,SMALL,onnx_cuda,False,0,0,0,False,False,37,10
000000410456.jpg,SMALL,onnx_cuda,False,7,56,0,True,True,87,11
000000410487.jpg,SMALL,onnx_cuda,False,0,0,0,False,False,20,1
000000410496.jpg,SMALL,onnx_cuda,False,5,38,8,True,True,53,17
000000410510.jpg,SMALL,onnx_cuda,False,1,9,0,True,True,11,3
000000410612.jpg,SMALL,onnx_cuda,False,0,0,0,False,False,7,1
000000410650.jpg,SMALL,onnx_cuda,False,2,33,11,True,True,52,28
000000410712.jpg,SMALL,onnx_cuda,False,0,0,1,True,False,0,5
000000410735.jpg,SMALL,onnx_cuda,False,0,0,1,True,False,44,6
000000410878.jpg,SMALL,onnx_cuda,False,1,9,0,True,True,11,3
000000410880.jpg,SMALL,onnx_cuda,False,1,9,0,True,True,30,10
000000410934.jpg,SMALL,onnx_cuda,False,0,0,0,False,False,10,1
000000411530.jpg,SMALL,onnx_cuda,False,8,40,5,True,True,55,21
000000411665.jpg,SMALL,onnx_cuda,False,0,0,0,False,False,8,2
000000411754.jpg,SMALL,onnx_cuda,False,4,39,1,True,True,45,8
000000411774.jpg,SMALL,onnx_cuda,False,1,9,0,True,True,22,2
000000411817.jpg,SMALL,onnx_cuda,False,5,49,3,True,True,104,16
000000411938.jpg,SMALL,onnx_cuda,False,9,69,4,True,True,84,17
000000411953.jpg,SMALL,onnx_cuda,False,1,9,1,True,True,19,3
000000412240.jpg,SMALL,onnx_cuda,False,0,0,0,False,False,12,1
000000412286.jpg,SMALL,onnx_cuda,False,1,9,0,True,True,20,3
000000412362.jpg,SMALL,onnx_cuda,False,3,27,0,True,True,58,7
000000412531.jpg,SMALL,onnx_cuda,False,0,0,0,False,False,35,4
000000412887.jpg,SMALL,onnx_cuda,False,0,10,0,False,True,20,1
000000412894.jpg,SMALL,onnx_cuda,False,10,92,3,True,True,115,19
000000413247.jpg,SMALL,onnx_cuda,False,0,0,0,False,False,36,5
000000413395.jpg,SMALL,onnx_cuda,False,1,10,0,True,True,28,5
000000413404.jpg,SMALL,onnx_cuda,False,1,9,1,True,True,38,12
000000413552.jpg,SMALL,onnx_cuda,False,2,18,0,True,True,20,3
000000413689.jpg,SMALL,onnx_cuda,False,5,21,4,True,True,54,17
000000414034.jpg,SMALL,onnx_cuda,False,1,9,0,True,True,29,5
000000414133.jpg,SMALL,onnx_cuda,False,0,0,0,False,False,22,7
000000414170.jpg,SMALL,onnx_cuda,False,3,23,0,True,True,41,7
000000414261.jpg,SMALL,onnx_cuda,False,0,0,0,False,False,10,2
000000414340.jpg,SMALL,onnx_cuda,False,0,0,0,False,False,0,1
000000414385.jpg,SMALL,onnx_cuda,False,1,9,0,True,True,38,9
000000414510.jpg,SMALL,onnx_cuda,False,3,27,1,True,True,75,13
000000414638.jpg,SMALL,onnx_cuda,False,0,0,0,False,False,48,6
000000414673.jpg,SMALL,onnx_cuda,False,10,74,3,True,True,104,24
000000414676.jpg,SMALL,onnx_cuda,False,0,0,0,False,False,0,2
000000414795.jpg,SMALL,onnx_cuda,False,5,33,2,True,True,234,20
000000415194.jpg,SMALL,onnx_cuda,False,0,0,0,False,False,41,11
000000415238.jpg,SMALL,onnx_cuda,False,0,0,0,False,False,46,3
000000415536.jpg,SMALL,onnx_cuda,False,0,0,1,True,False,10,2
000000415716.jpg,SMALL,onnx_cuda,False,0,0,0,False,False,44,7
000000415727.jpg,SMALL,onnx_cuda,False,3,32,0,True,True,46,11
000000415741.jpg,SMALL,onnx_cuda,False,0,0,0,False,False,18,6
000000415748.jpg,SMALL,onnx_cuda,False,0,12,1,True,True,22,2
000000415882.jpg,SMALL,onnx_cuda,False,0,8,1,True,True,12,2
000000415990.jpg,SMALL,onnx_cuda,False,2,16,0,True,True,100,16
000000416104.jpg,SMALL,onnx_cuda,False,8,74,3,True,True,177,36
000000416170.jpg,SMALL,onnx_cuda,False,0,0,0,False,False,10,2
000000416256.jpg,SMALL,onnx_cuda,False,0,0,0,False,False,28,3
000000416269.jpg,SMALL,onnx_cuda,False,0,0,0,False,False,10,1
000000416330.jpg,SMALL,onnx_cuda,False,0,0,0,False,False,14,2
000000416343.jpg,SMALL,onnx_cuda,False,2,18,1,True,True,30,7
000000416451.jpg,SMALL,onnx_cuda,False,2,18,0,True,True,62,27
000000416534.jpg,SMALL,onnx_cuda,False,0,0,0,False,False,38,18
000000416745.jpg,SMALL,onnx_cuda,False,0,0,0,False,False,15,2
000000416758.jpg,SMALL,onnx_cuda,False,0,0,0,False,False,26,4
000000416837.jpg,SMALL,onnx_cuda,False,0,0,0,False,False,8,1
000000416885.jpg,SMALL,onnx_cuda,False,0,11,0,False,True,63,10
000000416991.jpg,SMALL,onnx_cuda,False,0,0,0,False,False,65,38
000000417043.jpg,SMALL,onnx_cuda,False,0,0,0,False,False,10,1
000000417085.jpg,SMALL,onnx_cuda,False,0,0,0,False,False,19,2
000000417249.jpg,SMALL,onnx_cuda,False,4,36,1,True,True,56,9
000000417285.jpg,SMALL,onnx_cuda,False,0,12,1,True,True,61,6
000000417465.jpg,SMALL,onnx_cuda,False,0,0,0,False,False,10,1
000000417608.jpg,SMALL,onnx_cuda,False,0,0,0,False,False,30,9
000000417632.jpg,SMALL,onnx_cuda,False,4,34,2,True,True,99,17
000000417779.jpg,SMALL,onnx_cuda,False,0,0,1,True,False,20,6
000000417876.jpg,SMALL,onnx_cuda,False,0,0,0,False,False,23,6
000000417911.jpg,SMALL,onnx_cuda,False,1,9,0,True,True,20,2
000000418062.jpg,SMALL,onnx_cuda,False,2,18,1,True,True,32,5
000000418281.jpg,SMALL,onnx_cuda,False,0,0,0,False,False,16,2
000000418696.jpg,SMALL,onnx_cuda,False,0,0,0,False,False,18,9
000000418959.jpg,SMALL,onnx_cuda,False,0,0,0,False,False,11,1
000000418961.jpg,SMALL,onnx_cuda,False,0,0,0,False,False,14,1
000000419096.jpg,SMALL,onnx_cuda,False,0,0,0,False,False,9,1
000000419098.jpg,SMALL,onnx_cuda,False,0,0,0,False,False,10,3
000000419201.jpg,SMALL,onnx_cuda,False,0,1,0,False,True,11,7
000000419312.jpg,SMALL,onnx_cuda,False,0,0,0,False,False,73,12
000000419379.jpg,SMALL,onnx_cuda,False,1,9,0,True,True,31,5
000000419408.jpg,SMALL,onnx_cuda,False,2,18,0,True,True,55,12
000000419601.jpg,SMALL,onnx_cuda,False,0,0,0,False,False,37,9
000000419653.jpg,SMALL,onnx_cuda,False,0,0,0,False,False,129,19
000000419882.jpg,SMALL,onnx_cuda,False,0,0,0,False,False,43,7
000000419974.jpg,SMALL,onnx_cuda,False,2,16,0,True,True,63,25
000000420069.jpg,SMALL,onnx_cuda,False,6,26,4,True,True,42,16
000000420230.jpg,SMALL,onnx_cuda,False,0,0,0,False,False,10,1
000000420281.jpg,SMALL,onnx_cuda,False,3,26,0,True,True,29,4
000000420472.jpg,SMALL,onnx_cuda,False,0,0,0,False,False,20,2
000000420840.jpg,SMALL,onnx_cuda,False,2,18,1,True,True,34,6
000000420916.jpg,SMALL,onnx_cuda,False,3,27,0,True,True,48,5
000000421060.jpg,SMALL,onnx_cuda,False,2,21,11,True,True,24,14
000000421455.jpg,SMALL,onnx_cuda,False,0,0,1,True,False,16,5
000000421757.jpg,SMALL,onnx_cuda,False,0,0,1,True,False,21,3
000000421834.jpg,SMALL,onnx_cuda,False,0,0,0,False,False,9,1
000000421923.jpg,SMALL,onnx_cuda,False,0,0,0,False,False,20,13
000000422670.jpg,SMALL,onnx_cuda,False,1,8,1,True,True,20,4
000000422706.jpg,SMALL,onnx_cuda,False,0,11,4,True,True,20,6
000000422836.jpg,SMALL,onnx_cuda,False,3,21,1,True,True,26,22
000000422886.jpg,SMALL,onnx_cuda,False,1,8,0,True,True,15,3
000000422998.jpg,SMALL,onnx_cuda,False,1,9,0,True,True,58,5
000000423104.jpg,SMALL,onnx_cuda,False,1,14,0,True,True,15,2
000000423123.jpg,SMALL,onnx_cuda,False,3,16,1,True,True,31,7
000000423229.jpg,SMALL,onnx_cuda,False,0,8,10,True,True,18,12
000000423506.jpg,SMALL,onnx_cuda,False,2,18,0,True,True,38,5
000000423519.jpg,SMALL,onnx_cuda,False,0,0,0,False,False,10,1
000000423617.jpg,SMALL,onnx_cuda,False,2,9,4,True,True,72,12
000000423798.jpg,SMALL,onnx_cuda,False,0,0,0,False,False,3,7
000000423944.jpg,SMALL,onnx_cuda,False,0,19,0,False,True,23,1
000000423971.jpg,SMALL,onnx_cuda,False,0,0,0,False,False,19,1
000000424135.jpg,SMALL,onnx_cuda,False,0,0,2,True,False,15,3
000000424162.jpg,SMALL,onnx_cuda,False,4,43,3,True,True,72,13
000000424349.jpg,SMALL,onnx_cuda,False,2,18,0,True,True,28,6
000000424521.jpg,SMALL,onnx_cuda,False,1,8,0,True,True,18,2
000000424545.jpg,SMALL,onnx_cuda,False,0,0,0,False,False,11,1
000000424551.jpg,SMALL,onnx_cuda,False,2,13,0,True,True,26,3
000000424642.jpg,SMALL,onnx_cuda,False,2,17,1,True,True,30,7
000000424721.jpg,SMALL,onnx_cuda,False,0,0,0,False,False,26,7
000000424776.jpg,SMALL,onnx_cuda,False,0,0,0,False,False,10,1
000000424975.jpg,SMALL,onnx_cuda,False,1,7,1,True,True,17,4
000000425221.jpg,SMALL,onnx_cuda,False,0,10,2,True,True,27,23
000000425226.jpg,SMALL,onnx_cuda,False,1,9,0,True,True,35,13
000000425227.jpg,SMALL,onnx_cuda,False,2,5,0,True,True,26,5
000000425361.jpg,SMALL,onnx_cuda,False,1,9,0,True,True,45,9
000000425390.jpg,SMALL,onnx_cuda,False,0,0,0,False,False,22,2
000000425702.jpg,SMALL,onnx_cuda,False,1,8,0,True,True,21,2
000000425906.jpg,SMALL,onnx_cuda,False,1,8,12,True,True,20,14
000000425925.jpg,SMALL,onnx_cuda,False,1,8,1,True,True,49,12
000000426166.jpg,SMALL,onnx_cuda,False,1,9,0,True,True,10,1
000000426203.jpg,SMALL,onnx_cuda,False,1,13,1,True,True,29,8
000000426241.jpg,SMALL,onnx_cuda,False,1,8,0,True,True,62,7
000000426253.jpg,SMALL,onnx_cuda,False,0,0,0,False,False,20,2
000000426268.jpg,SMALL,onnx_cuda,False,1,9,0,True,True,21,4
000000426297.jpg,SMALL,onnx_cuda,False,0,0,0,False,False,10,1
000000426329.jpg,SMALL,onnx_cuda,False,0,0,0,False,False,21,15
000000426372.jpg,SMALL,onnx_cuda,False,0,0,1,True,False,19,5
000000426376.jpg,SMALL,onnx_cuda,False,1,9,0,True,True,12,2
000000426795.jpg,SMALL,onnx_cuda,False,1,19,0,True,True,48,2
000000426836.jpg,SMALL,onnx_cuda,False,0,0,1,True,False,3,2
000000427034.jpg,SMALL,onnx_cuda,False,0,0,1,True,False,23,5
000000427055.jpg,SMALL,onnx_cuda,False,0,0,0,False,False,15,9
000000427077.jpg,SMALL,onnx_cuda,False,1,9,0,True,True,10,2
000000427160.jpg,SMALL,onnx_cuda,False,3,32,0,True,True,46,6
000000427256.jpg,SMALL,onnx_cuda,False,11,84,2,True,True,141,15
000000427338.jpg,SMALL,onnx_cuda,False,3,8,1,True,True,14,4
000000427500.jpg,SMALL,onnx_cuda,False,0,0,0,False,False,23,2
000000427649.jpg,SMALL,onnx_cuda,False,0,0,0,False,False,9,1
000000427655.jpg,SMALL,onnx_cuda,False,1,22,6,True,True,49,14
000000427997.jpg,SMALL,onnx_cuda,False,2,19,11,True,True,21,17
000000428111.jpg,SMALL,onnx_cuda,False,1,10,4,True,True,11,7
000000428218.jpg,SMALL,onnx_cuda,False,2,17,0,True,True,19,3
000000428280.jpg,SMALL,onnx_cuda,False,0,0,0,False,False,35,7
000000428454.jpg,SMALL,onnx_cuda,False,1,9,0,True,True,28,5
000000428562.jpg,SMALL,onnx_cuda,False,1,9,5,True,True,50,15
000000428867.jpg,SMALL,onnx_cuda,False,0,0,0,False,False,49,7
000000429011.jpg,SMALL,onnx_cuda,False,0,10,0,False,True,29,4
000000429109.jpg,SMALL,onnx_cuda,False,3,5,2,True,True,40,10
000000429281.jpg,SMALL,onnx_cuda,False,0,0,0,False,False,21,18
000000429530.jpg,SMALL,onnx_cuda,False,0,0,0,False,False,39,4
000000429598.jpg,SMALL,onnx_cuda,False,0,0,0,False,False,39,4
000000429623.jpg,SMALL,onnx_cuda,False,0,0,0,False,False,27,4
000000429690.jpg,SMALL,onnx_cuda,False,8,62,2,True,True,83,14
000000429718.jpg,SMALL,onnx_cuda,False,0,0,1,True,False,12,2
000000429761.jpg,SMALL,onnx_cuda,False,2,17,0,True,True,34,4
000000430048.jpg,SMALL,onnx_cuda,False,0,0,0,False,False,10,2
000000430056.jpg,SMALL,onnx_cuda,False,0,0,0,False,False,13,3
000000430073.jpg,SMALL,onnx_cuda,False,9,74,4,True,True,132,27
000000430286.jpg,SMALL,onnx_cuda,False,0,0,0,False,False,32,4
000000430377.jpg,SMALL,onnx_cuda,False,2,12,0,True,True,23,4
000000430871.jpg,SMALL,onnx_cuda,False,0,0,0,False,False,11,2
000000430875.jpg,SMALL,onnx_cuda,False,0,0,0,False,False,25,3
000000430961.jpg,SMALL,onnx_cuda,False,2,37,0,True,True,49,4
000000430973.jpg,SMALL,onnx_cuda,False,0,0,0,False,False,0,1
000000431140.jpg,SMALL,onnx_cuda,False,0,0,0,False,False,29,2
000000431545.jpg,SMALL,onnx_cuda,False,2,20,0,True,True,26,4
000000431568.jpg,SMALL,onnx_cuda,False,0,0,0,False,False,1,5
000000431693.jpg,SMALL,onnx_cuda,False,1,9,0,True,True,22,5
000000431727.jpg,SMALL,onnx_cuda,False,0,0,0,False,False,0,2
000000431848.jpg,SMALL,onnx_cuda,False,2,18,0,True,True,30,3
000000431876.jpg,SMALL,onnx_cuda,False,3,30,4,True,True,63,11
000000431896.jpg,SMALL,onnx_cuda,False,0,0,0,False,False,19,1
000000432085.jpg,SMALL,onnx_cuda,False,1,15,0,True,True,56,5
000000432468.jpg,SMALL,onnx_cuda,False,0,0,0,False,False,20,2
000000432553.jpg,SMALL,onnx_cuda,False,2,15,0,True,True,43,5
000000432898.jpg,SMALL,onnx_cuda,False,3,8,10,True,True,30,35
000000433103.jpg,SMALL,onnx_cuda,False,8,80,3,True,True,88,19
000000433134.jpg,SMALL,onnx_cuda,False,0,0,0,False,False,10,1
000000433192.jpg,SMALL,onnx_cuda,False,0,0,0,False,False,19,3
000000433204.jpg,SMALL,onnx_cuda,False,5,35,1,True,True,41,8
000000433243.jpg,SMALL,onnx_cuda,False,0,0,0,False,False,19,2
000000433374.jpg,SMALL,onnx_cuda,False,0,0,0,False,False,43,6
000000433515.jpg,SMALL,onnx_cuda,False,3,4,10,True,True,19,26
000000433774.jpg,SMALL,onnx_cuda,False,0,0,0,False,False,13,7
000000433915.jpg,SMALL,onnx_cuda,False,2,17,0,True,True,35,4
000000433980.jpg,SMALL,onnx_cuda,False,1,9,0,True,True,20,2
000000434204.jpg,SMALL,onnx_cuda,False,4,37,0,True,True,56,9
000000434230.jpg,SMALL,onnx_cuda,False,0,0,4,True,False,64,20
000000434247.jpg,SMALL,onnx_cuda,False,3,16,3,True,True,27,26
000000434297.jpg,SMALL,onnx_cuda,False,0,0,0,False,False,15,4
000000434459.jpg,SMALL,onnx_cuda,False,4,39,5,True,True,117,33
000000434479.jpg,SMALL,onnx_cuda,False,0,0,0,False,False,18,4
000000434548.jpg,SMALL,onnx_cuda,False,1,9,0,True,True,14,3
000000434996.jpg,SMALL,onnx_cuda,False,0,0,0,False,False,52,5
000000435003.jpg,SMALL,onnx_cuda,False,0,0,0,False,False,63,7
000000435081.jpg,SMALL,onnx_cuda,False,0,1,0,False,True,5,62
000000435205.jpg,SMALL,onnx_cuda,False,0,9,1,True,True,29,2
000000435206.jpg,SMALL,onnx_cuda,False,3,26,0,True,True,29,15
000000435208.jpg,SMALL,onnx_cuda,False,1,18,1,True,True,53,11
000000435299.jpg,SMALL,onnx_cuda,False,0,0,0,False,False,20,2
000000435880.jpg,SMALL,onnx_cuda,False,0,0,0,False,False,26,7
000000436315.jpg,SMALL,onnx_cuda,False,0,0,0,False,False,19,1
000000436551.jpg,SMALL,onnx_cuda,False,0,0,0,False,False,22,2
000000436617.jpg,SMALL,onnx_cuda,False,6,57,7,True,True,133,33
000000436738.jpg,SMALL,onnx_cuda,False,2,19,0,True,True,71,10
000000436883.jpg,SMALL,onnx_cuda,False,2,11,4,True,True,42,12
000000437110.jpg,SMALL,onnx_cuda,False,0,0,0,False,False,2,1
000000437205.jpg,SMALL,onnx_cuda,False,1,9,0,True,True,10,3
000000437239.jpg,SMALL,onnx_cuda,False,4,37,0,True,True,65,13
000000437331.jpg,SMALL,onnx_cuda,False,1,8,0,True,True,17,2
000000437351.jpg,SMALL,onnx_cuda,False,1,9,0,True,True,41,4
000000437392.jpg,SMALL,onnx_cuda,False,0,0,0,False,False,10,1
000000437514.jpg,SMALL,onnx_cuda,False,0,0,1,True,False,23,3
000000437898.jpg,SMALL,onnx_cuda,False,0,0,0,False,False,38,13
000000438017.jpg,SMALL,onnx_cuda,False,0,0,0,False,False,24,8
000000438226.jpg,SMALL,onnx_cuda,False,0,0,0,False,False,28,6
000000438269.jpg,SMALL,onnx_cuda,False,0,0,0,False,False,10,1
000000438304.jpg,SMALL,onnx_cuda,False,2,18,0,True,True,43,5
000000438774.jpg,SMALL,onnx_cuda,False,4,37,1,True,True,75,17
000000438862.jpg,SMALL,onnx_cuda,False,5,46,1,True,True,62,10
000000438876.jpg,SMALL,onnx_cuda,False,1,9,0,True,True,33,3
000000438907.jpg,SMALL,onnx_cuda,False,2,16,0,True,True,28,4
000000438955.jpg,SMALL,onnx_cuda,False,9,57,4,True,True,77,15
000000439180.jpg,SMALL,onnx_cuda,False,9,57,4,True,True,156,26
000000439290.jpg,SMALL,onnx_cuda,False,0,0,0,False,False,10,8
000000439426.jpg,SMALL,onnx_cuda,False,3,26,0,True,True,39,4
000000439522.jpg,SMALL,onnx_cuda,False,1,9,0,True,True,10,1
000000439525.jpg,SMALL,onnx_cuda,False,1,9,0,True,True,56,7
000000439593.jpg,SMALL,onnx_cuda,False,3,25,3,True,True,52,10
000000439623.jpg,SMALL,onnx_cuda,False,0,0,0,False,False,51,7
000000439715.jpg,SMALL,onnx_cuda,False,3,22,9,True,True,46,19
000000439773.jpg,SMALL,onnx_cuda,False,1,9,0,True,True,26,3
000000439854.jpg,SMALL,onnx_cuda,False,7,55,5,True,True,75,14
000000439994.jpg,SMALL,onnx_cuda,False,2,26,11,True,True,28,23
000000440171.jpg,SMALL,onnx_cuda,False,2,17,0,True,True,29,3
000000440184.jpg,SMALL,onnx_cuda,False,4,36,1,True,True,56,13
000000440336.jpg,SMALL,onnx_cuda,False,5,43,0,True,True,56,7
000000440475.jpg,SMALL,onnx_cuda,False,1,7,0,True,True,60,26
000000440507.jpg,SMALL,onnx_cuda,False,0,0,0,False,False,10,3
000000440508.jpg,SMALL,onnx_cuda,False,0,3,0,False,True,13,1
000000440617.jpg,SMALL,onnx_cuda,False,0,0,0,False,False,18,2
000000441247.jpg,SMALL,onnx_cuda,False,2,14,0,True,True,52,24
000000441286.jpg,SMALL,onnx_cuda,False,1,9,0,True,True,12,2
000000441442.jpg,SMALL,onnx_cuda,False,2,15,0,True,True,27,4
000000441468.jpg,SMALL,onnx_cuda,False,1,6,6,True,True,39,11
000000441491.jpg,SMALL,onnx_cuda,False,2,21,1,True,True,36,5
000000441543.jpg,SMALL,onnx_cuda,False,4,51,9,True,True,73,16
000000441553.jpg,SMALL,onnx_cuda,False,8,80,5,True,True,102,17
000000441586.jpg,SMALL,onnx_cuda,False,6,56,3,True,True,75,10
000000442009.jpg,SMALL,onnx_cuda,False,0,0,0,False,False,2,4
000000442161.jpg,SMALL,onnx_cuda,False,4,33,0,True,True,75,8
000000442306.jpg,SMALL,onnx_cuda,False,1,9,0,True,True,20,2
000000442323.jpg,SMALL,onnx_cuda,False,0,0,0,False,False,40,5
000000442456.jpg,SMALL,onnx_cuda,False,2,18,0,True,True,34,9
000000442463.jpg,SMALL,onnx_cuda,False,1,9,0,True,True,20,2
000000442480.jpg,SMALL,onnx_cuda,False,0,0,2,True,False,17,4
000000442661.jpg,SMALL,onnx_cuda,False,0,0,0,False,False,10,1
000000442746.jpg,SMALL,onnx_cuda,False,1,10,0,True,True,15,6
000000442822.jpg,SMALL,onnx_cuda,False,0,0,0,False,False,59,14
000000442836.jpg,SMALL,onnx_cuda,False,3,27,0,True,True,39,4
000000442993.jpg,SMALL,onnx_cuda,False,0,0,0,False,False,0,15
000000443303.jpg,SMALL,onnx_cuda,False,0,0,0,False,False,32,3
000000443426.jpg,SMALL,onnx_cuda,False,1,9,0,True,True,10,3
000000443498.jpg,SMALL,onnx_cuda,False,0,0,0,False,False,10,1
000000443844.jpg,SMALL,onnx_cuda,False,1,11,0,True,True,24,3
000000443969.jpg,SMALL,onnx_cuda,False,3,31,3,True,True,53,7
000000444142.jpg,SMALL,onnx_cuda,False,1,9,0,True,True,55,13
000000444275.jpg,SMALL,onnx_cuda,False,0,0,0,False,False,12,1
000000444879.jpg,SMALL,onnx_cuda,False,0,0,0,False,False,10,1
000000445248.jpg,SMALL,onnx_cuda,False,0,0,0,False,False,30,3
000000445365.jpg,SMALL,onnx_cuda,False,0,0,0,False,False,20,2
000000445439.jpg,SMALL,onnx_cuda,False,0,0,0,False,False,10,1
000000445602.jpg,SMALL,onnx_cuda,False,3,11,3,True,True,16,7
000000445658.jpg,SMALL,onnx_cuda,False,0,0,0,False,False,56,12
000000445675.jpg,SMALL,onnx_cuda,False,0,0,0,False,False,10,1
000000445722.jpg,SMALL,onnx_cuda,False,2,20,0,True,True,22,6
000000445792.jpg,SMALL,onnx_cuda,False,1,8,0,True,True,16,7
000000445834.jpg,SMALL,onnx_cuda,False,4,35,0,True,True,49,5
000000445846.jpg,SMALL,onnx_cuda,False,0,0,0,False,False,11,4
000000445999.jpg,SMALL,onnx_cuda,False,1,9,0,True,True,10,2
000000446005.jpg,SMALL,onnx_cuda,False,0,0,0,False,False,26,5
000000446117.jpg,SMALL,onnx_cuda,False,0,0,0,False,False,16,2
000000446206.jpg,SMALL,onnx_cuda,False,0,0,4,True,False,17,6
000000446207.jpg,SMALL,onnx_cuda,False,0,0,0,False,False,12,1
000000446522.jpg,SMALL,onnx_cuda,False,0,0,0,False,False,16,4
000000446574.jpg,SMALL,onnx_cuda,False,0,0,0,False,False,10,3
000000446651.jpg,SMALL,onnx_cuda,False,3,24,1,True,True,37,5
000000446703.jpg,SMALL,onnx_cuda,False,0,0,0,False,False,11,1
000000447088.jpg,SMALL,onnx_cuda,False,3,28,0,True,True,44,6
000000447169.jpg,SMALL,onnx_cuda,False,0,0,0,False,False,21,4
000000447187.jpg,SMALL,onnx_cuda,False,4,38,0,True,True,55,7
000000447200.jpg,SMALL,onnx_cuda,False,0,0,0,False,False,20,1
000000447313.jpg,SMALL,onnx_cuda,False,0,0,0,False,False,27,3
000000447314.jpg,SMALL,onnx_cuda,False,3,32,7,True,True,35,11
000000447342.jpg,SMALL,onnx_cuda,False,0,0,0,False,False,41,13
000000447465.jpg,SMALL,onnx_cuda,False,2,14,0,True,True,20,4
000000447522.jpg,SMALL,onnx_cuda,False,0,0,0,False,False,37,11
000000447611.jpg,SMALL,onnx_cuda,False,1,9,1,True,True,27,6
000000447789.jpg,SMALL,onnx_cuda,False,0,0,0,False,False,0,0
000000447917.jpg,SMALL,onnx_cuda,False,3,27,2,True,True,40,6
000000448076.jpg,SMALL,onnx_cuda,False,6,48,0,True,True,64,17
000000448256.jpg,SMALL,onnx_cuda,False,3,25,0,True,True,30,6
000000448263.jpg,SMALL,onnx_cuda,False,2,20,11,True,True,34,15
000000448365.jpg,SMALL,onnx_cuda,False,1,9,1,True,True,23,3
000000448410.jpg,SMALL,onnx_cuda,False,3,42,8,True,True,72,20
000000448448.jpg,SMALL,onnx_cuda,False,0,0,0,False,False,10,2
000000448810.jpg,SMALL,onnx_cuda,False,1,10,0,True,True,11,1
000000449190.jpg,SMALL,onnx_cuda,False,0,0,0,False,False,19,5
000000449198.jpg,SMALL,onnx_cuda,False,0,0,0,False,False,0,2
000000449312.jpg,SMALL,onnx_cuda,False,1,9,0,True,True,35,5
000000449406.jpg,SMALL,onnx_cuda,False,0,0,0,False,False,15,1
000000449432.jpg,SMALL,onnx_cuda,False,12,96,0,True,True,128,17
000000449579.jpg,SMALL,onnx_cuda,False,1,9,0,True,True,20,2
000000449603.jpg,SMALL,onnx_cuda,False,1,14,0,True,True,15,2
000000449661.jpg,SMALL,onnx_cuda,False,0,0,1,True,False,16,6
000000449909.jpg,SMALL,onnx_cuda,False,1,6,0,True,True,12,2
000000449996.jpg,SMALL,onnx_cuda,False,0,0,0,False,False,30,11
000000450075.jpg,SMALL,onnx_cuda,False,3,28,0,True,True,31,4
000000450100.jpg,SMALL,onnx_cuda,False,0,0,0,False,False,32,4
000000450202.jpg,SMALL,onnx_cuda,False,2,1,0,True,True,44,7
000000450303.jpg,SMALL,onnx_cuda,False,5,44,1,True,True,146,27
000000450399.jpg,SMALL,onnx_cuda,False,10,76,3,True,True,104,30
000000450439.jpg,SMALL,onnx_cuda,False,0,0,0,False,False,20,2
000000450488.jpg,SMALL,onnx_cuda,False,0,0,0,False,False,20,4
000000450559.jpg,SMALL,onnx_cuda,False,1,9,0,True,True,20,2
000000450686.jpg,SMALL,onnx_cuda,False,1,9,0,True,True,19,2
000000450758.jpg,SMALL,onnx_cuda,False,0,0,0,False,False,70,7
000000451043.jpg,SMALL,onnx_cuda,False,1,9,0,True,True,11,2
000000451084.jpg,SMALL,onnx_cuda,False,1,9,0,True,True,20,2
000000451090.jpg,SMALL,onnx_cuda,False,0,0,0,False,False,10,1
000000451144.jpg,SMALL,onnx_cuda,False,2,18,0,True,True,37,4
000000451150.jpg,SMALL,onnx_cuda,False,0,0,0,False,False,60,6
000000451155.jpg,SMALL,onnx_cuda,False,0,0,1,True,False,21,3
000000451308.jpg,SMALL,onnx_cuda,False,0,0,0,False,False,74,22
000000451435.jpg,SMALL,onnx_cuda,False,1,9,0,True,True,12,4
000000451571.jpg,SMALL,onnx_cuda,False,0,0,0,False,False,0,3
000000451693.jpg,SMALL,onnx_cuda,False,0,0,0,False,False,8,1
000000451714.jpg,SMALL,onnx_cuda,False,2,16,3,True,True,30,6
000000451879.jpg,SMALL,onnx_cuda,False,4,35,0,True,True,71,6
000000452084.jpg,SMALL,onnx_cuda,False,0,0,0,False,False,12,5
000000452122.jpg,SMALL,onnx_cuda,False,0,0,0,False,False,10,1
000000452321.jpg,SMALL,onnx_cuda,False,0,2,0,False,True,22,4
000000452515.jpg,SMALL,onnx_cuda,False,2,17,1,True,True,30,5
000000452784.jpg,SMALL,onnx_cuda,False,1,9,0,True,True,17,6
000000452793.jpg,SMALL,onnx_cuda,False,0,0,0,False,False,18,2
000000452891.jpg,SMALL,onnx_cuda,False,0,0,0,False,False,21,2
000000453001.jpg,SMALL,onnx_cuda,False,2,18,0,True,True,40,10
000000453040.jpg,SMALL,onnx_cuda,False,0,1,0,False,True,11,2
000000453166.jpg,SMALL,onnx_cuda,False,4,36,0,True,True,56,8
000000453302.jpg,SMALL,onnx_cuda,False,0,0,0,False,False,45,7
000000453341.jpg,SMALL,onnx_cuda,False,0,27,0,False,True,52,7
000000453584.jpg,SMALL,onnx_cuda,False,0,10,0,False,True,26,7
000000453634.jpg,SMALL,onnx_cuda,False,0,0,0,False,False,18,2
000000453708.jpg,SMALL,onnx_cuda,False,8,72,1,True,True,108,14
000000453722.jpg,SMALL,onnx_cuda,False,0,0,0,False,False,34,4
000000453841.jpg,SMALL,onnx_cuda,False,0,5,2,True,True,77,15
000000453860.jpg,SMALL,onnx_cuda,False,0,0,0,False,False,20,2
000000453981.jpg,SMALL,onnx_cuda,False,0,0,0,False,False,3,2
000000454067.jpg,SMALL,onnx_cuda,False,1,9,0,True,True,20,7
000000454404.jpg,SMALL,onnx_cuda,False,1,9,0,True,True,11,5
000000454661.jpg,SMALL,onnx_cuda,False,0,4,0,False,True,71,10
000000454750.jpg,SMALL,onnx_cuda,False,0,0,0,False,False,20,2
000000454798.jpg,SMALL,onnx_cuda,False,1,9,2,True,True,20,7
000000454978.jpg,SMALL,onnx_cuda,False,1,9,0,True,True,10,1
000000455085.jpg,SMALL,onnx_cuda,False,0,0,1,True,False,9,2
000000455157.jpg,SMALL,onnx_cuda,False,1,20,0,True,True,62,8
000000455219.jpg,SMALL,onnx_cuda,False,2,13,0,True,True,36,4
000000455267.jpg,SMALL,onnx_cuda,False,0,0,0,False,False,0,15
000000455301.jpg,SMALL,onnx_cuda,False,1,9,1,True,True,24,4
000000455352.jpg,SMALL,onnx_cuda,False,0,0,0,False,False,19,2
000000455448.jpg,SMALL,onnx_cuda,False,1,9,1,True,True,20,3
000000455555.jpg,SMALL,onnx_cuda,False,2,18,0,True,True,28,3
000000455597.jpg,SMALL,onnx_cuda,False,1,9,1,True,True,29,15
000000455624.jpg,SMALL,onnx_cuda,False,13,105,1,True,True,118,14
000000455716.jpg,SMALL,onnx_cuda,False,2,29,0,True,True,31,4
000000455872.jpg,SMALL,onnx_cuda,False,0,0,0,False,False,0,2
000000455937.jpg,SMALL,onnx_cuda,False,1,9,0,True,True,71,14
000000455981.jpg,SMALL,onnx_cuda,False,0,0,0,False,False,10,1
000000456015.jpg,SMALL,onnx_cuda,False,4,38,0,True,True,79,8
000000456143.jpg,SMALL,onnx_cuda,False,0,0,0,False,False,30,8
000000456292.jpg,SMALL,onnx_cuda,False,0,0,0,False,False,9,2
000000456303.jpg,SMALL,onnx_cuda,False,1,9,2,True,True,10,6
000000456394.jpg,SMALL,onnx_cuda,False,1,9,0,True,True,29,3
000000456496.jpg,SMALL,onnx_cuda,False,1,9,0,True,True,60,5
000000456559.jpg,SMALL,onnx_cuda,False,1,9,0,True,True,20,2
000000456662.jpg,SMALL,onnx_cuda,False,1,10,0,True,True,22,2
000000456865.jpg,SMALL,onnx_cuda,False,0,0,0,False,False,10,1
000000457078.jpg,SMALL,onnx_cuda,False,1,9,0,True,True,24,18
000000457262.jpg,SMALL,onnx_cuda,False,0,0,0,False,False,13,3
000000457559.jpg,SMALL,onnx_cuda,False,4,36,2,True,True,49,7
000000457848.jpg,SMALL,onnx_cuda,False,4,38,4,True,True,42,8
000000457884.jpg,SMALL,onnx_cuda,False,3,27,1,True,True,49,10
000000458045.jpg,SMALL,onnx_cuda,False,7,61,1,True,True,73,11
000000458054.jpg,SMALL,onnx_cuda,False,0,0,0,False,False,63,10
000000458109.jpg,SMALL,onnx_cuda,False,0,0,4,True,False,10,5
000000458223.jpg,SMALL,onnx_cuda,False,1,8,1,True,True,19,4
000000458255.jpg,SMALL,onnx_cuda,False,0,0,1,True,False,25,5
000000458325.jpg,SMALL,onnx_cuda,False,6,20,6,True,True,136,34
000000458410.jpg,SMALL,onnx_cuda,False,0,0,0,False,False,24,17
000000458663.jpg,SMALL,onnx_cuda,False,0,0,0,False,False,50,21
000000458702.jpg,SMALL,onnx_cuda,False,0,0,0,False,False,26,4
000000458755.jpg,SMALL,onnx_cuda,False,2,16,2,True,True,27,6
000000458768.jpg,SMALL,onnx_cuda,False,0,0,0,False,False,28,6
000000458790.jpg,SMALL,onnx_cuda,False,0,0,0,False,False,0,0
000000458992.jpg,SMALL,onnx_cuda,False,1,9,0,True,True,44,4
000000459153.jpg,SMALL,onnx_cuda,False,1,9,0,True,True,32,4
000000459195.jpg,SMALL,onnx_cuda,False,3,29,0,True,True,47,7
000000459272.jpg,SMALL,onnx_cuda,False,7,56,3,True,True,70,11
000000459396.jpg,SMALL,onnx_cuda,False,0,0,0,False,False,23,3
000000459437.jpg,SMALL,onnx_cuda,False,1,8,0,True,True,36,6
000000459467.jpg,SMALL,onnx_cuda,False,0,0,0,False,False,9,1
000000459500.jpg,SMALL,onnx_cuda,False,0,0,0,False,False,19,4
000000459634.jpg,SMALL,onnx_cuda,False,3,0,0,True,True,13,3
000000459662.jpg,SMALL,onnx_cuda,False,2,18,0,True,True,20,5
000000459757.jpg,SMALL,onnx_cuda,False,0,0,0,False,False,10,1
000000459809.jpg,SMALL,onnx_cuda,False,5,10,1,True,True,23,8
000000459887.jpg,SMALL,onnx_cuda,False,0,0,0,False,False,9,3
000000459954.jpg,SMALL,onnx_cuda,False,0,0,1,True,False,14,10
000000460147.jpg,SMALL,onnx_cuda,False,0,0,6,True,False,113,26
000000460160.jpg,SMALL,onnx_cuda,False,0,0,0,False,False,10,1
000000460229.jpg,SMALL,onnx_cuda,False,0,0,0,False,False,18,4
000000460333.jpg,SMALL,onnx_cuda,False,1,9,0,True,True,32,4
000000460347.jpg,SMALL,onnx_cuda,False,0,0,2,True,False,48,7
000000460379.jpg,SMALL,onnx_cuda,False,0,0,0,False,False,26,3
000000460494.jpg,SMALL,onnx_cuda,False,0,0,0,False,False,31,9
000000460682.jpg,SMALL,onnx_cuda,False,0,9,0,False,True,9,1
000000460683.jpg,SMALL,onnx_cuda,False,2,16,0,True,True,50,6
000000460841.jpg,SMALL,onnx_cuda,False,1,7,0,True,True,27,4
000000460927.jpg,SMALL,onnx_cuda,False,0,0,0,False,False,10,1
000000460929.jpg,SMALL,onnx_cuda,False,0,0,0,False,False,14,2
000000460967.jpg,SMALL,onnx_cuda,False,0,1,1,True,True,11,2
000000461009.jpg,SMALL,onnx_cuda,False,6,58,0,True,True,66,10
000000461036.jpg,SMALL,onnx_cuda,False,0,0,0,False,False,10,1
000000461275.jpg,SMALL,onnx_cuda,False,0,0,0,False,False,0,0
000000461405.jpg,SMALL,onnx_cuda,False,0,0,0,False,False,111,12
000000461573.jpg,SMALL,onnx_cuda,False,0,0,0,False,False,26,2
000000461751.jpg,SMALL,onnx_cuda,False,1,10,3,True,True,24,6
000000462031.jpg,SMALL,onnx_cuda,False,2,19,0,True,True,31,3
000000462371.jpg,SMALL,onnx_cuda,False,6,52,1,True,True,67,11
000000462576.jpg,SMALL,onnx_cuda,False,0,0,0,False,False,41,7
000000462614.jpg,SMALL,onnx_cuda,False,0,0,0,False,False,53,4
000000462629.jpg,SMALL,onnx_cuda,False,0,0,0,False,False,61,9
000000462643.jpg,SMALL,onnx_cuda,False,1,9,0,True,True,20,2
000000462728.jpg,SMALL,onnx_cuda,False,1,12,0,True,True,22,3
000000462756.jpg,SMALL,onnx_cuda,False,1,9,0,True,True,21,3
000000462904.jpg,SMALL,onnx_cuda,False,3,18,7,True,True,67,38
000000463037.jpg,SMALL,onnx_cuda,False,0,0,0,False,False,10,2
000000463174.jpg,SMALL,onnx_cuda,False,1,9,0,True,True,23,3
000000463199.jpg,SMALL,onnx_cuda,False,9,68,3,True,True,77,16
000000463283.jpg,SMALL,onnx_cuda,False,0,0,0,False,False,39,4
000000463522.jpg,SMALL,onnx_cuda,False,3,18,13,True,True,31,21
000000463527.jpg,SMALL,onnx_cuda,False,0,0,0,False,False,35,11
000000463542.jpg,SMALL,onnx_cuda,False,9,57,4,True,True,72,25
000000463618.jpg,SMALL,onnx_cuda,False,2,17,0,True,True,39,5
000000463647.jpg,SMALL,onnx_cuda,False,0,0,0,False,False,20,2
000000463690.jpg,SMALL,onnx_cuda,False,4,37,0,True,True,42,6
000000463730.jpg,SMALL,onnx_cuda,False,7,38,8,True,True,76,21
000000463802.jpg,SMALL,onnx_cuda,False,1,27,0,True,True,28,3
000000463842.jpg,SMALL,onnx_cuda,False,0,0,0,False,False,162,14
000000463849.jpg,SMALL,onnx_cuda,False,0,0,5,True,False,65,24
000000463918.jpg,SMALL,onnx_cuda,False,2,18,1,True,True,39,10
000000464089.jpg,SMALL,onnx_cuda,False,5,38,5,True,True,71,14
000000464144.jpg,SMALL,onnx_cuda,False,1,9,0,True,True,19,2
000000464251.jpg,SMALL,onnx_cuda,False,0,0,0,False,False,10,3
000000464358.jpg,SMALL,onnx_cuda,False,0,0,0,False,False,26,3
000000464476.jpg,SMALL,onnx_cuda,False,1,9,0,True,True,10,4
000000464522.jpg,SMALL,onnx_cuda,False,0,0,0,False,False,10,2
000000464689.jpg,SMALL,onnx_cuda,False,0,0,0,False,False,1,13
000000464786.jpg,SMALL,onnx_cuda,False,0,0,1,True,False,2,2
000000464824.jpg,SMALL,onnx_cuda,False,1,9,0,True,True,10,3
000000464872.jpg,SMALL,onnx_cuda,False,0,0,0,False,False,20,2
000000465129.jpg,SMALL,onnx_cuda,False,1,7,0,True,True,39,15
000000465179.jpg,SMALL,onnx_cuda,False,1,9,0,True,True,14,3
000000465180.jpg,SMALL,onnx_cuda,False,5,43,1,True,True,109,12
000000465430.jpg,SMALL,onnx_cuda,False,0,0,0,False,False,15,3
000000465549.jpg,SMALL,onnx_cuda,False,2,18,0,True,True,43,12
000000465585.jpg,SMALL,onnx_cuda,False,0,0,0,False,False,8,17
000000465675.jpg,SMALL,onnx_cuda,False,0,0,0,False,False,20,3
000000465718.jpg,SMALL,onnx_cuda,False,1,0,4,True,True,64,12
000000465806.jpg,SMALL,onnx_cuda,False,2,9,1,True,True,22,14
000000465822.jpg,SMALL,onnx_cuda,False,9,62,3,True,True,115,25
000000465836.jpg,SMALL,onnx_cuda,False,3,27,0,True,True,46,7
000000466085.jpg,SMALL,onnx_cuda,False,0,0,0,False,False,10,1
000000466125.jpg,SMALL,onnx_cuda,False,2,21,1,True,True,37,9
000000466156.jpg,SMALL,onnx_cuda,False,0,0,0,False,False,30,5
000000466256.jpg,SMALL,onnx_cuda,False,0,0,0,False,False,21,12
000000466339.jpg,SMALL,onnx_cuda,False,0,0,0,False,False,10,1
000000466416.jpg,SMALL,onnx_cuda,False,0,0,0,False,False,0,14
000000466567.jpg,SMALL,onnx_cuda,False,0,0,0,False,False,3,1
000000466602.jpg,SMALL,onnx_cuda,False,1,9,0,True,True,10,3
000000466835.jpg,SMALL,onnx_cuda,False,0,2,0,False,True,12,1
000000466986.jpg,SMALL,onnx_cuda,False,2,19,0,True,True,31,7
000000467176.jpg,SMALL,onnx_cuda,False,4,35,2,True,True,55,29
000000467315.jpg,SMALL,onnx_cuda,False,0,5,1,True,True,46,7
000000467511.jpg,SMALL,onnx_cuda,False,3,27,0,True,True,30,6
000000467776.jpg,SMALL,onnx_cuda,False,0,2,0,False,True,34,8
000000467848.jpg,SMALL,onnx_cuda,False,1,9,0,True,True,37,3
000000468124.jpg,SMALL,onnx_cuda,False,0,0,1,True,False,10,3
000000468233.jpg,SMALL,onnx_cuda,False,0,0,0,False,False,8,1
000000468245.jpg,SMALL,onnx_cuda,False,0,0,0,False,False,10,1
000000468332.jpg,SMALL,onnx_cuda,False,8,83,2,True,True,101,15
000000468501.jpg,SMALL,onnx_cuda,False,3,27,0,True,True,45,11
000000468505.jpg,SMALL,onnx_cuda,False,1,10,1,True,True,47,14
000000468577.jpg,SMALL,onnx_cuda,False,1,2,0,True,True,11,2
000000468632.jpg,SMALL,onnx_cuda,False,4,26,0,True,True,33,5
000000468925.jpg,SMALL,onnx_cuda,False,0,0,0,False,False,18,7
000000468954.jpg,SMALL,onnx_cuda,False,2,30,0,True,True,32,7
000000468965.jpg,SMALL,onnx_cuda,False,6,54,4,True,True,77,15
000000469067.jpg,SMALL,onnx_cuda,False,1,9,0,True,True,38,5
000000469174.jpg,SMALL,onnx_cuda,False,0,0,0,False,False,10,1
000000469192.jpg,SMALL,onnx_cuda,False,0,0,2,True,False,51,15
000000469246.jpg,SMALL,onnx_cuda,False,2,9,5,True,True,22,9
000000469652.jpg,SMALL,onnx_cuda,False,0,0,0,False,False,10,1
000000469828.jpg,SMALL,onnx_cuda,False,1,10,0,True,True,11,2
000000470121.jpg,SMALL,onnx_cuda,False,0,0,0,False,False,40,13
000000470173.jpg,SMALL,onnx_cuda,False,0,10,2,True,True,12,2
000000470773.jpg,SMALL,onnx_cuda,False,1,11,0,True,True,56,31
000000470779.jpg,SMALL,onnx_cuda,False,5,50,0,True,True,82,10
000000470924.jpg,SMALL,onnx_cuda,False,6,43,7,True,True,145,55
000000470952.jpg,SMALL,onnx_cuda,False,7,51,1,True,True,74,12
000000471023.jpg,SMALL,onnx_cuda,False,7,26,6,True,True,38,18
000000471087.jpg,SMALL,onnx_cuda,False,1,8,0,True,True,22,2
000000471450.jpg,SMALL,onnx_cuda,False,0,0,0,False,False,31,3
000000471567.jpg,SMALL,onnx_cuda,False,0,0,3,True,False,10,4
000000471756.jpg,SMALL,onnx_cuda,False,1,9,0,True,True,16,2
000000471789.jpg,SMALL,onnx_cuda,False,6,32,6,True,True,48,15
000000471869.jpg,SMALL,onnx_cuda,False,0,0,0,False,False,11,3
000000471893.jpg,SMALL,onnx_cuda,False,2,18,1,True,True,48,31
000000471991.jpg,SMALL,onnx_cuda,False,0,1,0,False,True,11,1
000000472030.jpg,SMALL,onnx_cuda,False,0,0,0,False,False,16,1
000000472046.jpg,SMALL,onnx_cuda,False,0,0,0,False,False,82,19
000000472298.jpg,SMALL,onnx_cuda,False,2,16,0,True,True,25,3
000000472375.jpg,SMALL,onnx_cuda,False,0,8,1,True,True,18,4
000000472623.jpg,SMALL,onnx_cuda,False,4,34,0,True,True,38,4
000000472678.jpg,SMALL,onnx_cuda,False,0,0,4,True,False,20,14
000000473015.jpg,SMALL,onnx_cuda,False,0,0,0,False,False,10,5
000000473118.jpg,SMALL,onnx_cuda,False,2,16,0,True,True,28,3
000000473121.jpg,SMALL,onnx_cuda,False,1,9,0,True,True,10,2
000000473219.jpg,SMALL,onnx_cuda,False,5,46,0,True,True,60,22
000000473237.jpg,SMALL,onnx_cuda,False,1,9,0,True,True,26,3
000000473406.jpg,SMALL,onnx_cuda,False,1,9,0,True,True,57,9
000000473821.jpg,SMALL,onnx_cuda,False,0,0,0,False,False,41,4
000000473869.jpg,SMALL,onnx_cuda,False,1,9,0,True,True,24,11
000000473974.jpg,SMALL,onnx_cuda,False,0,0,0,False,False,43,5
000000474021.jpg,SMALL,onnx_cuda,False,3,26,1,True,True,46,25
000000474028.jpg,SMALL,onnx_cuda,False,11,88,2,True,True,107,14
000000474039.jpg,SMALL,onnx_cuda,False,1,9,0,True,True,33,3
000000474078.jpg,SMALL,onnx_cuda,False,4,35,0,True,True,46,8
000000474095.jpg,SMALL,onnx_cuda,False,1,9,0,True,True,10,2
000000474164.jpg,SMALL,onnx_cuda,False,0,0,0,False,False,25,3
000000474167.jpg,SMALL,onnx_cuda,False,2,33,1,True,True,54,9
000000474170.jpg,SMALL,onnx_cuda,False,0,0,0,False,False,19,2
000000474293.jpg,SMALL,onnx_cuda,False,1,11,0,True,True,28,15
000000474344.jpg,SMALL,onnx_cuda,False,2,17,0,True,True,29,3
000000474452.jpg,SMALL,onnx_cuda,False,0,0,0,False,False,30,14
000000474786.jpg,SMALL,onnx_cuda,False,0,0,0,False,False,44,6
000000474854.jpg,SMALL,onnx_cuda,False,1,9,0,True,True,14,4
000000474881.jpg,SMALL,onnx_cuda,False,0,0,0,False,False,42,4
000000475064.jpg,SMALL,onnx_cuda,False,1,8,2,True,True,15,4
000000475150.jpg,SMALL,onnx_cuda,False,0,0,0,False,False,10,1
000000475191.jpg,SMALL,onnx_cuda,False,1,9,0,True,True,18,2
000000475223.jpg,SMALL,onnx_cuda,False,0,0,0,False,False,10,2
000000475365.jpg,SMALL,onnx_cuda,False,0,0,0,False,False,10,1
000000475387.jpg,SMALL,onnx_cuda,False,4,17,7,True,True,31,16
000000475484.jpg,SMALL,onnx_cuda,False,1,6,5,True,True,38,12
000000475572.jpg,SMALL,onnx_cuda,False,2,5,0,True,True,35,6
000000475678.jpg,SMALL,onnx_cuda,False,0,0,0,False,False,84,12
000000475732.jpg,SMALL,onnx_cuda,False,0,0,0,False,False,9,1
000000475779.jpg,SMALL,onnx_cuda,False,0,0,0,False,False,11,1
000000475904.jpg,SMALL,onnx_cuda,False,0,0,0,False,False,21,2
000000476119.jpg,SMALL,onnx_cuda,False,1,9,0,True,True,50,5
000000476215.jpg,SMALL,onnx_cuda,False,1,9,0,True,True,36,3
000000476258.jpg,SMALL,onnx_cuda,False,1,9,0,True,True,20,2
000000476415.jpg,SMALL,onnx_cuda,False,1,8,0,True,True,15,2
000000476491.jpg,SMALL,onnx_cuda,False,0,2,0,False,True,2,0
000000476514.jpg,SMALL,onnx_cuda,False,2,18,0,True,True,31,5
000000476704.jpg,SMALL,onnx_cuda,False,1,9,0,True,True,41,8
000000476770.jpg,SMALL,onnx_cuda,False,6,44,7,True,True,50,16
000000476787.jpg,SMALL,onnx_cuda,False,0,0,0,False,False,66,11
000000476810.jpg,SMALL,onnx_cuda,False,0,0,0,False,False,23,9
000000477118.jpg,SMALL,onnx_cuda,False,0,0,0,False,False,0,0
000000477227.jpg,SMALL,onnx_cuda,False,0,0,1,True,False,0,8
000000477288.jpg,SMALL,onnx_cuda,False,6,53,3,True,True,102,15
000000477441.jpg,SMALL,onnx_cuda,False,0,0,3,True,False,14,4
000000477623.jpg,SMALL,onnx_cuda,False,0,0,0,False,False,21,1
000000477689.jpg,SMALL,onnx_cuda,False,1,9,0,True,True,16,2
000000477805.jpg,SMALL,onnx_cuda,False,0,10,2,True,True,10,3
000000477955.jpg,SMALL,onnx_cuda,False,1,9,0,True,True,12,4
000000478136.jpg,SMALL,onnx_cuda,False,0,0,0,False,False,64,6
000000478286.jpg,SMALL,onnx_cuda,False,0,0,0,False,False,6,1
000000478393.jpg,SMALL,onnx_cuda,False,0,0,0,False,False,39,4
000000478420.jpg,SMALL,onnx_cuda,False,2,18,0,True,True,26,3
000000478474.jpg,SMALL,onnx_cuda,False,0,0,0,False,False,13,8
000000478721.jpg,SMALL,onnx_cuda,False,4,18,1,True,True,57,13
000000478862.jpg,SMALL,onnx_cuda,False,7,51,6,True,True,68,14
000000479030.jpg,SMALL,onnx_cuda,False,0,0,0,False,False,11,12
000000479099.jpg,SMALL,onnx_cuda,False,0,0,0,False,False,11,1
000000479126.jpg,SMALL,onnx_cuda,False,2,18,0,True,True,49,8
000000479155.jpg,SMALL,onnx_cuda,False,4,47,5,True,True,64,19
000000479248.jpg,SMALL,onnx_cuda,False,1,3,1,True,True,65,26
000000479448.jpg,SMALL,onnx_cuda,False,0,0,0,False,False,31,17
000000479596.jpg,SMALL,onnx_cuda,False,0,0,0,False,False,1,14
000000479732.jpg,SMALL,onnx_cuda,False,0,0,0,False,False,22,3
000000479912.jpg,SMALL,onnx_cuda,False,0,0,3,True,False,10,7
000000479953.jpg,SMALL,onnx_cuda,False,1,10,0,True,True,16,2
000000480021.jpg,SMALL,onnx_cuda,False,5,43,1,True,True,60,9
000000480122.jpg,SMALL,onnx_cuda,False,0,0,0,False,False,102,21
000000480212.jpg,SMALL,onnx_cuda,False,0,0,0,False,False,22,2
000000480275.jpg,SMALL,onnx_cuda,False,0,0,2,True,False,0,12
000000480842.jpg,SMALL,onnx_cuda,False,0,0,0,False,False,22,2
000000480936.jpg,SMALL,onnx_cuda,False,1,9,0,True,True,30,5
000000480944.jpg,SMALL,onnx_cuda,False,0,0,0,False,False,59,14
000000480985.jpg,SMALL,onnx_cuda,False,5,37,8,True,True,42,13
000000481159.jpg,SMALL,onnx_cuda,False,0,0,0,False,False,13,1
000000481386.jpg,SMALL,onnx_cuda,False,1,9,0,True,True,36,30
000000481390.jpg,SMALL,onnx_cuda,False,10,105,3,True,True,115,34
000000481404.jpg,SMALL,onnx_cuda,False,0,0,0,False,False,10,0
000000481413.jpg,SMALL,onnx_cuda,False,1,9,0,True,True,20,2
000000481480.jpg,SMALL,onnx_cuda,False,1,5,1,True,True,32,4
000000481567.jpg,SMALL,onnx_cuda,False,2,18,0,True,True,20,2
000000481573.jpg,SMALL,onnx_cuda,False,1,9,0,True,True,10,2
000000481582.jpg,SMALL,onnx_cuda,False,3,25,0,True,True,38,4
000000482100.jpg,SMALL,onnx_cuda,False,0,0,0,False,False,31,7
000000482275.jpg,SMALL,onnx_cuda,False,2,18,1,True,True,28,19
000000482319.jpg,SMALL,onnx_cuda,False,2,16,1,True,True,23,12
000000482436.jpg,SMALL,onnx_cuda,False,1,18,1,True,True,23,9
000000482477.jpg,SMALL,onnx_cuda,False,0,0,0,False,False,10,1
000000482487.jpg,SMALL,onnx_cuda,False,0,0,0,False,False,14,2
000000482585.jpg,SMALL,onnx_cuda,False,2,9,0,True,True,31,6
000000482719.jpg,SMALL,onnx_cuda,False,0,0,0,False,False,10,6
000000482735.jpg,SMALL,onnx_cuda,False,1,7,0,True,True,8,2
000000482800.jpg,SMALL,onnx_cuda,False,3,27,0,True,True,37,4
000000482917.jpg,SMALL,onnx_cuda,False,1,19,0,True,True,44,5
000000482970.jpg,SMALL,onnx_cuda,False,0,0,0,False,False,17,2
000000482978.jpg,SMALL,onnx_cuda,False,0,0,0,False,False,10,2
000000483050.jpg,SMALL,onnx_cuda,False,0,0,0,False,False,16,3
000000483531.jpg,SMALL,onnx_cuda,False,0,0,0,False,False,10,1
000000483667.jpg,SMALL,onnx_cuda,False,1,9,0,True,True,18,3
000000483999.jpg,SMALL,onnx_cuda,False,8,79,3,True,True,150,41
000000484029.jpg,SMALL,onnx_cuda,False,0,0,0,False,False,23,8
000000484296.jpg,SMALL,onnx_cuda,False,0,0,0,False,False,21,2
000000484351.jpg,SMALL,onnx_cuda,False,11,101,2,True,True,159,32
000000484404.jpg,SMALL,onnx_cuda,False,1,8,2,True,True,49,16
000000484415.jpg,SMALL,onnx_cuda,False,1,9,0,True,True,20,2
000000484760.jpg,SMALL,onnx_cuda,False,0,0,0,False,False,3,1
000000484893.jpg,SMALL,onnx_cuda,False,2,16,0,True,True,52,7
000000484978.jpg,SMALL,onnx_cuda,False,1,9,0,True,True,92,20
000000485027.jpg,SMALL,onnx_cuda,False,1,9,0,True,True,25,3
000000485071.jpg,SMALL,onnx_cuda,False,1,8,0,True,True,14,2
000000485130.jpg,SMALL,onnx_cuda,False,0,0,0,False,False,0,2
000000485237.jpg,SMALL,onnx_cuda,False,0,0,0,False,False,11,8
000000485424.jpg,SMALL,onnx_cuda,False,0,0,0,False,False,40,9
000000485480.jpg,SMALL,onnx_cuda,False,3,27,0,True,True,38,5
000000485802.jpg,SMALL,onnx_cuda,False,0,0,0,False,False,0,1
000000485844.jpg,SMALL,onnx_cuda,False,1,9,0,True,True,38,11
000000485895.jpg,SMALL,onnx_cuda,False,0,0,0,False,False,19,1
000000485972.jpg,SMALL,onnx_cuda,False,0,0,0,False,False,23,6
000000486040.jpg,SMALL,onnx_cuda,False,0,0,0,False,False,59,6
000000486046.jpg,SMALL,onnx_cuda,False,0,0,0,False,False,21,3
000000486104.jpg,SMALL,onnx_cuda,False,4,47,9,True,True,51,17
000000486112.jpg,SMALL,onnx_cuda,False,1,9,0,True,True,20,2
000000486438.jpg,SMALL,onnx_cuda,False,1,9,0,True,True,42,9
000000486479.jpg,SMALL,onnx_cuda,False,0,0,0,False,False,17,2
000000486573.jpg,SMALL,onnx_cuda,False,0,0,0,False,False,10,1
000000487583.jpg,SMALL,onnx_cuda,False,0,0,0,False,False,30,2
000000488075.jpg,SMALL,onnx_cuda,False,0,0,0,False,False,35,14
000000488166.jpg,SMALL,onnx_cuda,False,1,10,0,True,True,39,6
000000488251.jpg,SMALL,onnx_cuda,False,2,13,0,True,True,27,6
000000488270.jpg,SMALL,onnx_cuda,False,0,0,0,False,False,11,1
000000488385.jpg,SMALL,onnx_cuda,False,2,12,0,True,True,14,2
000000488592.jpg,SMALL,onnx_cuda,False,8,40,4,True,True,53,13
000000488664.jpg,SMALL,onnx_cuda,False,0,0,0,False,False,7,3
000000488673.jpg,SMALL,onnx_cuda,False,2,18,0,True,True,69,15
000000488710.jpg,SMALL,onnx_cuda,False,1,9,0,True,True,10,1
000000488736.jpg,SMALL,onnx_cuda,False,0,0,0,False,False,20,2
000000489014.jpg,SMALL,onnx_cuda,False,0,0,1,True,False,10,3
000000489046.jpg,SMALL,onnx_cuda,False,0,0,0,False,False,10,1
000000489091.jpg,SMALL,onnx_cuda,False,0,0,0,False,False,21,2
000000489305.jpg,SMALL,onnx_cuda,False,1,9,0,True,True,38,8
000000489339.jpg,SMALL,onnx_cuda,False,1,9,0,True,True,21,2
000000489611.jpg,SMALL,onnx_cuda,False,1,9,0,True,True,38,4
000000489764.jpg,SMALL,onnx_cuda,False,1,20,0,True,True,31,9
000000489842.jpg,SMALL,onnx_cuda,False,9,134,4,True,True,144,21
000000489924.jpg,SMALL,onnx_cuda,False,1,10,0,True,True,23,2
000000490125.jpg,SMALL,onnx_cuda,False,0,0,0,False,False,124,14
000000490171.jpg,SMALL,onnx_cuda,False,1,5,0,True,True,14,3
000000490413.jpg,SMALL,onnx_cuda,False,0,0,0,False,False,10,1
000000490470.jpg,SMALL,onnx_cuda,False,0,0,0,False,False,33,3
000000490515.jpg,SMALL,onnx_cuda,False,0,10,1,True,True,10,3
000000490936.jpg,SMALL,onnx_cuda,False,6,31,21,True,True,42,34
000000491008.jpg,SMALL,onnx_cuda,False,2,19,0,True,True,110,25
000000491071.jpg,SMALL,onnx_cuda,False,0,0,0,False,False,10,2
000000491090.jpg,SMALL,onnx_cuda,False,3,29,3,True,True,32,6
000000491130.jpg,SMALL,onnx_cuda,False,1,14,1,True,True,33,3
000000491213.jpg,SMALL,onnx_cuda,False,1,9,1,True,True,20,8
000000491216.jpg,SMALL,onnx_cuda,False,0,0,0,False,False,32,16
000000491366.jpg,SMALL,onnx_cuda,False,2,18,0,True,True,56,10
000000491464.jpg,SMALL,onnx_cuda,False,1,9,0,True,True,27,13
000000491470.jpg,SMALL,onnx_cuda,False,0,0,0,False,False,10,3
000000491497.jpg,SMALL,onnx_cuda,False,0,7,0,False,True,27,12
000000491613.jpg,SMALL,onnx_cuda,False,0,0,0,False,False,18,1
000000491683.jpg,SMALL,onnx_cuda,False,0,0,0,False,False,9,2
000000491725.jpg,SMALL,onnx_cuda,False,0,0,0,False,False,20,11
000000491757.jpg,SMALL,onnx_cuda,False,0,0,0,False,False,25,2
000000491867.jpg,SMALL,onnx_cuda,False,3,27,0,True,True,40,6
000000492077.jpg,SMALL,onnx_cuda,False,7,45,8,True,True,68,26
000000492110.jpg,SMALL,onnx_cuda,False,3,24,0,True,True,78,15
000000492282.jpg,SMALL,onnx_cuda,False,4,37,0,True,True,62,9
000000492284.jpg,SMALL,onnx_cuda,False,1,9,0,True,True,36,4
000000492362.jpg,SMALL,onnx_cuda,False,3,25,0,True,True,41,13
000000492758.jpg,SMALL,onnx_cuda,False,0,0,1,True,False,61,15
000000492878.jpg,SMALL,onnx_cuda,False,0,0,0,False,False,86,8
000000492905.jpg,SMALL,onnx_cuda,False,0,0,0,False,False,24,3
000000492937.jpg,SMALL,onnx_cuda,False,2,18,0,True,True,20,3
000000492968.jpg,SMALL,onnx_cuda,False,1,9,0,True,True,20,2
000000492992.jpg,SMALL,onnx_cuda,False,0,0,0,False,False,20,2
000000493019.jpg,SMALL,onnx_cuda,False,0,0,0,False,False,58,8
000000493284.jpg,SMALL,onnx_cuda,False,0,0,0,False,False,58,6
000000493286.jpg,SMALL,onnx_cuda,False,0,12,3,True,True,31,8
000000493334.jpg,SMALL,onnx_cuda,False,0,0,0,False,False,18,2
000000493442.jpg,SMALL,onnx_cuda,False,1,11,0,True,True,22,2
000000493566.jpg,SMALL,onnx_cuda,False,0,0,0,False,False,10,2
000000493613.jpg,SMALL,onnx_cuda,False,0,0,0,False,False,27,1
000000493772.jpg,SMALL,onnx_cuda,False,1,9,0,True,True,17,2
000000493799.jpg,SMALL,onnx_cuda,False,0,0,0,False,False,32,6
000000493864.jpg,SMALL,onnx_cuda,False,2,13,1,True,True,27,6
000000493905.jpg,SMALL,onnx_cuda,False,9,61,4,True,True,122,28
000000494188.jpg,SMALL,onnx_cuda,False,4,38,3,True,True,59,16
000000494427.jpg,SMALL,onnx_cuda,False,0,0,0,False,False,10,2
000000494634.jpg,SMALL,onnx_cuda,False,0,0,0,False,False,33,8
000000494759.jpg,SMALL,onnx_cuda,False,2,18,0,True,True,30,3
000000494863.jpg,SMALL,onnx_cuda,False,0,0,0,False,False,20,2
000000494869.jpg,SMALL,onnx_cuda,False,2,18,0,True,True,63,9
000000494913.jpg,SMALL,onnx_cuda,False,1,8,0,True,True,44,26
000000495054.jpg,SMALL,onnx_cuda,False,0,0,0,False,False,17,8
000000495146.jpg,SMALL,onnx_cuda,False,5,47,3,True,True,79,16
000000495448.jpg,SMALL,onnx_cuda,False,0,0,0,False,False,18,2
000000495732.jpg,SMALL,onnx_cuda,False,2,18,1,True,True,20,6
000000496409.jpg,SMALL,onnx_cuda,False,2,19,0,True,True,21,3
000000496571.jpg,SMALL,onnx_cuda,False,1,9,1,True,True,89,14
000000496597.jpg,SMALL,onnx_cuda,False,0,0,2,True,False,8,3
000000496722.jpg,SMALL,onnx_cuda,False,0,0,0,False,False,17,13
000000496854.jpg,SMALL,onnx_cuda,False,7,60,1,True,True,87,15
000000496954.jpg,SMALL,onnx_cuda,False,0,0,0,False,False,58,6
000000497344.jpg,SMALL,onnx_cuda,False,1,9,0,True,True,35,4
000000497568.jpg,SMALL,onnx_cuda,False,2,10,0,True,True,24,5
000000497599.jpg,SMALL,onnx_cuda,False,4,23,0,True,True,46,8
000000497628.jpg,SMALL,onnx_cuda,False,0,0,0,False,False,21,2
000000497867.jpg,SMALL,onnx_cuda,False,0,0,3,True,False,10,4
000000498032.jpg,SMALL,onnx_cuda,False,1,9,0,True,True,10,2
000000498286.jpg,SMALL,onnx_cuda,False,0,0,0,False,False,20,3
000000498463.jpg,SMALL,onnx_cuda,False,0,0,0,False,False,18,2
000000498709.jpg,SMALL,onnx_cuda,False,1,10,0,True,True,27,4
000000498747.jpg,SMALL,onnx_cuda,False,6,39,3,True,True,59,11
000000498807.jpg,SMALL,onnx_cuda,False,1,9,0,True,True,20,2
000000498857.jpg,SMALL,onnx_cuda,False,0,0,0,False,False,10,1
000000498919.jpg,SMALL,onnx_cuda,False,0,0,0,False,False,0,23
000000499031.jpg,SMALL,onnx_cuda,False,3,26,0,True,True,39,4
000000499109.jpg,SMALL,onnx_cuda,False,0,0,0,False,False,5,1
000000499181.jpg,SMALL,onnx_cuda,False,0,0,1,True,False,64,13
000000499266.jpg,SMALL,onnx_cuda,False,3,32,0,True,True,54,5
000000499313.jpg,SMALL,onnx_cuda,False,0,0,0,False,False,30,5
000000499622.jpg,SMALL,onnx_cuda,False,2,18,0,True,True,20,2
000000499768.jpg,SMALL,onnx_cuda,False,0,0,0,False,False,34,3
000000499775.jpg,SMALL,onnx_cuda,False,0,0,0,False,False,20,2
000000500049.jpg,SMALL,onnx_cuda,False,0,0,0,False,False,11,1
000000500211.jpg,SMALL,onnx_cuda,False,0,0,0,False,False,58,13
000000500257.jpg,SMALL,onnx_cuda,False,3,23,3,True,True,31,30
000000500270.jpg,SMALL,onnx_cuda,False,3,15,5,True,True,32,12
000000500423.jpg,SMALL,onnx_cuda,False,0,0,1,True,False,18,2
000000500464.jpg,SMALL,onnx_cuda,False,0,0,0,False,False,24,5
000000500477.jpg,SMALL,onnx_cuda,False,1,8,0,True,True,9,2
000000500478.jpg,SMALL,onnx_cuda,False,9,56,4,True,True,94,25
000000500565.jpg,SMALL,onnx_cuda,False,2,18,0,True,True,29,3
000000500613.jpg,SMALL,onnx_cuda,False,0,0,0,False,False,46,6
000000500663.jpg,SMALL,onnx_cuda,False,0,0,0,False,False,8,3
000000500716.jpg,SMALL,onnx_cuda,False,0,0,1,True,False,10,2
000000500826.jpg,SMALL,onnx_cuda,False,0,0,0,False,False,14,1
000000501005.jpg,SMALL,onnx_cuda,False,3,27,0,True,True,50,5
000000501023.jpg,SMALL,onnx_cuda,False,0,0,0,False,False,15,3
000000501243.jpg,SMALL,onnx_cuda,False,0,0,0,False,False,27,3
000000501368.jpg,SMALL,onnx_cuda,False,1,11,0,True,True,12,4
000000501523.jpg,SMALL,onnx_cuda,False,0,0,0,False,False,29,5
000000502136.jpg,SMALL,onnx_cuda,False,0,0,0,False,False,27,4
000000502168.jpg,SMALL,onnx_cuda,False,6,55,3,True,True,84,14
000000502229.jpg,SMALL,onnx_cuda,False,0,0,0,False,False,13,4
000000502336.jpg,SMALL,onnx_cuda,False,4,35,1,True,True,39,10
000000502347.jpg,SMALL,onnx_cuda,False,0,0,0,False,False,6,10
000000502599.jpg,SMALL,onnx_cuda,False,0,0,0,False,False,34,3
000000502732.jpg,SMALL,onnx_cuda,False,0,0,0,False,False,10,1
000000502737.jpg,SMALL,onnx_cuda,False,1,9,1,True,True,20,4
000000502910.jpg,SMALL,onnx_cuda,False,0,0,0,False,False,0,0
000000503755.jpg,SMALL,onnx_cuda,False,1,9,0,True,True,20,2
000000503823.jpg,SMALL,onnx_cuda,False,0,0,0,False,False,11,4
000000503841.jpg,SMALL,onnx_cuda,False,0,0,0,False,False,20,2
000000503855.jpg,SMALL,onnx_cuda,False,8,44,1,True,True,109,17
000000504000.jpg,SMALL,onnx_cuda,False,0,0,13,True,False,19,15
000000504074.jpg,SMALL,onnx_cuda,False,2,17,0,True,True,58,9
000000504389.jpg,SMALL,onnx_cuda,False,2,17,0,True,True,32,4
000000504415.jpg,SMALL,onnx_cuda,False,1,9,0,True,True,41,8
000000504439.jpg,SMALL,onnx_cuda,False,0,0,0,False,False,20,2
000000504580.jpg,SMALL,onnx_cuda,False,0,0,0,False,False,23,3
000000504589.jpg,SMALL,onnx_cuda,False,2,17,0,True,True,28,3
000000504635.jpg,SMALL,onnx_cuda,False,0,0,0,False,False,31,4
000000504711.jpg,SMALL,onnx_cuda,False,0,0,0,False,False,20,2
000000505169.jpg,SMALL,onnx_cuda,False,0,0,0,False,False,10,1
000000505451.jpg,SMALL,onnx_cuda,False,1,10,0,True,True,11,2
000000505565.jpg,SMALL,onnx_cuda,False,0,0,0,False,False,28,4
000000505573.jpg,SMALL,onnx_cuda,False,0,0,0,False,False,16,2
000000505638.jpg,SMALL,onnx_cuda,False,0,0,4,True,False,10,5
000000505789.jpg,SMALL,onnx_cuda,False,4,36,4,True,True,46,11
000000505942.jpg,SMALL,onnx_cuda,False,2,18,0,True,True,50,7
000000506004.jpg,SMALL,onnx_cuda,False,0,0,0,False,False,6,4
000000506178.jpg,SMALL,onnx_cuda,False,1,13,1,True,True,19,5
000000506279.jpg,SMALL,onnx_cuda,False,0,0,0,False,False,19,2
000000506310.jpg,SMALL,onnx_cuda,False,0,0,0,False,False,41,6
000000506454.jpg,SMALL,onnx_cuda,False,0,0,1,True,False,10,2
000000506656.jpg,SMALL,onnx_cuda,False,1,9,0,True,True,28,5
000000506707.jpg,SMALL,onnx_cuda,False,6,51,2,True,True,57,16
000000506933.jpg,SMALL,onnx_cuda,False,1,9,0,True,True,31,5
000000507015.jpg,SMALL,onnx_cuda,False,6,52,0,True,True,60,9
000000507037.jpg,SMALL,onnx_cuda,False,14,106,6,True,True,137,26
000000507042.jpg,SMALL,onnx_cuda,False,0,0,0,False,False,17,3
000000507081.jpg,SMALL,onnx_cuda,False,0,0,0,False,False,20,6
000000507223.jpg,SMALL,onnx_cuda,False,6,46,1,True,True,61,9
000000507235.jpg,SMALL,onnx_cuda,False,0,3,0,False,True,32,3
000000507473.jpg,SMALL,onnx_cuda,False,1,9,0,True,True,27,3
000000507575.jpg,SMALL,onnx_cuda,False,0,0,0,False,False,40,8
000000507667.jpg,SMALL,onnx_cuda,False,6,49,7,True,True,67,15
000000507797.jpg,SMALL,onnx_cuda,False,6,58,2,True,True,112,15
000000507893.jpg,SMALL,onnx_cuda,False,0,0,0,False,False,19,2
000000507975.jpg,SMALL,onnx_cuda,False,5,37,1,True,True,70,11
000000508101.jpg,SMALL,onnx_cuda,False,2,20,1,True,True,26,4
000000508312.jpg,SMALL,onnx_cuda,False,0,0,1,True,False,23,4
000000508370.jpg,SMALL,onnx_cuda,False,3,29,0,True,True,35,6
000000508482.jpg,SMALL,onnx_cuda,False,0,0,0,False,False,16,1
000000508586.jpg,SMALL,onnx_cuda,False,0,0,0,False,False,55,10
000000508602.jpg,SMALL,onnx_cuda,False,0,0,0,False,False,20,3
000000508639.jpg,SMALL,onnx_cuda,False,0,0,0,False,False,10,1
000000508730.jpg,SMALL,onnx_cuda,False,2,18,0,True,True,25,6
000000508917.jpg,SMALL,onnx_cuda,False,5,41,7,True,True,56,18
000000509008.jpg,SMALL,onnx_cuda,False,0,0,0,False,False,10,1
000000509014.jpg,SMALL,onnx_cuda,False,9,54,4,True,True,67,21
000000509131.jpg,SMALL,onnx_cuda,False,0,0,0,False,False,13,9
000000509258.jpg,SMALL,onnx_cuda,False,0,0,0,False,False,0,1
000000509260.jpg,SMALL,onnx_cuda,False,0,0,0,False,False,11,14
000000509403.jpg,SMALL,onnx_cuda,False,3,28,0,True,True,45,5
000000509451.jpg,SMALL,onnx_cuda,False,5,74,1,True,True,79,12
000000509656.jpg,SMALL,onnx_cuda,False,0,0,0,False,False,10,2
000000509699.jpg,SMALL,onnx_cuda,False,0,10,0,False,True,29,7
000000509719.jpg,SMALL,onnx_cuda,False,0,0,0,False,False,10,2
000000509735.jpg,SMALL,onnx_cuda,False,0,0,0,False,False,43,5
000000509824.jpg,SMALL,onnx_cuda,False,0,0,0,False,False,26,8
000000510095.jpg,SMALL,onnx_cuda,False,1,9,0,True,True,13,3
000000510329.jpg,SMALL,onnx_cuda,False,2,17,0,True,True,31,4
000000511076.jpg,SMALL,onnx_cuda,False,1,9,1,True,True,63,18
000000511321.jpg,SMALL,onnx_cuda,False,0,0,0,False,False,19,4
000000511384.jpg,SMALL,onnx_cuda,False,1,10,1,True,True,21,3
000000511398.jpg,SMALL,onnx_cuda,False,0,0,0,False,False,10,1
000000511453.jpg,SMALL,onnx_cuda,False,0,0,0,False,False,36,3
000000511599.jpg,SMALL,onnx_cuda,False,7,62,4,True,True,88,23
000000511647.jpg,SMALL,onnx_cuda,False,1,9,0,True,True,10,2
000000511760.jpg,SMALL,onnx_cuda,False,2,17,0,True,True,26,7
000000511999.jpg,SMALL,onnx_cuda,False,3,25,0,True,True,56,6
000000512194.jpg,SMALL,onnx_cuda,False,0,0,0,False,False,20,1
000000512248.jpg,SMALL,onnx_cuda,False,0,0,0,False,False,10,1
000000512330.jpg,SMALL,onnx_cuda,False,0,0,0,False,False,50,14
000000512403.jpg,SMALL,onnx_cuda,False,0,0,0,False,False,20,3
000000512476.jpg,SMALL,onnx_cuda,False,0,0,0,False,False,39,6
000000512564.jpg,SMALL,onnx_cuda,False,0,0,3,True,False,24,17
000000512648.jpg,SMALL,onnx_cuda,False,0,0,0,False,False,10,1
000000512657.jpg,SMALL,onnx_cuda,False,3,21,0,True,True,59,10
000000512776.jpg,SMALL,onnx_cuda,False,2,17,0,True,True,27,3
000000512836.jpg,SMALL,onnx_cuda,False,2,17,0,True,True,54,7
000000512929.jpg,SMALL,onnx_cuda,False,2,19,0,True,True,36,7
000000512985.jpg,SMALL,onnx_cuda,False,1,9,0,True,True,16,2
000000513041.jpg,SMALL,onnx_cuda,False,3,25,0,True,True,79,10
000000513181.jpg,SMALL,onnx_cuda,False,0,0,0,False,False,10,14
000000513283.jpg,SMALL,onnx_cuda,False,0,0,1,True,False,18,8
000000513484.jpg,SMALL,onnx_cuda,False,0,0,0,False,False,10,1
000000513524.jpg,SMALL,onnx_cuda,False,1,9,0,True,True,19,2
000000513567.jpg,SMALL,onnx_cuda,False,6,44,3,True,True,73,14
000000513580.jpg,SMALL,onnx_cuda,False,2,16,0,True,True,28,3
000000513688.jpg,SMALL,onnx_cuda,False,0,0,0,False,False,35,4
000000514376.jpg,SMALL,onnx_cuda,False,0,0,0,False,False,18,8
000000514508.jpg,SMALL,onnx_cuda,False,4,30,0,True,True,44,5
000000514540.jpg,SMALL,onnx_cuda,False,0,0,0,False,False,0,0
000000514586.jpg,SMALL,onnx_cuda,False,1,16,3,True,True,32,7
000000514797.jpg,SMALL,onnx_cuda,False,3,30,0,True,True,36,4
000000514914.jpg,SMALL,onnx_cuda,False,0,0,0,False,False,19,3
000000514979.jpg,SMALL,onnx_cuda,False,0,1,0,False,True,20,2
000000515025.jpg,SMALL,onnx_cuda,False,1,9,0,True,True,68,10
000000515077.jpg,SMALL,onnx_cuda,False,1,9,0,True,True,61,12
000000515266.jpg,SMALL,onnx_cuda,False,0,0,0,False,False,29,4
000000515350.jpg,SMALL,onnx_cuda,False,1,9,0,True,True,19,2
000000515445.jpg,SMALL,onnx_cuda,False,4,29,1,True,True,34,7
000000515577.jpg,SMALL,onnx_cuda,False,2,18,0,True,True,20,4
000000515579.jpg,SMALL,onnx_cuda,False,2,14,1,True,True,23,7
000000515828.jpg,SMALL,onnx_cuda,False,2,19,0,True,True,43,10
000000515982.jpg,SMALL,onnx_cuda,False,3,28,0,True,True,45,5
000000516038.jpg,SMALL,onnx_cuda,False,3,29,0,True,True,41,7
000000516143.jpg,SMALL,onnx_cuda,False,1,5,0,True,True,16,2
000000516173.jpg,SMALL,onnx_cuda,False,2,15,0,True,True,26,3
000000516316.jpg,SMALL,onnx_cuda,False,0,0,0,False,False,20,11
000000516318.jpg,SMALL,onnx_cuda,False,1,12,0,True,True,23,3
000000516601.jpg,SMALL,onnx_cuda,False,5,36,7,True,True,41,19
000000516677.jpg,SMALL,onnx_cuda,False,7,63,2,True,True,88,22
000000516708.jpg,SMALL,onnx_cuda,False,0,0,0,False,False,3,1
000000516804.jpg,SMALL,onnx_cuda,False,0,0,0,False,False,14,2
000000516871.jpg,SMALL,onnx_cuda,False,0,0,0,False,False,11,5
000000516916.jpg,SMALL,onnx_cuda,False,0,0,0,False,False,91,10
000000517056.jpg,SMALL,onnx_cuda,False,2,18,0,True,True,56,15
000000517069.jpg,SMALL,onnx_cuda,False,2,19,0,True,True,49,11
000000517523.jpg,SMALL,onnx_cuda,False,0,0,0,False,False,10,1
000000517687.jpg,SMALL,onnx_cuda,False,0,0,0,False,False,20,3
000000517832.jpg,SMALL,onnx_cuda,False,0,0,0,False,False,19,2
000000518213.jpg,SMALL,onnx_cuda,False,0,0,0,False,False,14,2
000000518326.jpg,SMALL,onnx_cuda,False,1,10,1,True,True,13,5
000000518770.jpg,SMALL,onnx_cuda,False,5,47,0,True,True,84,22
000000519039.jpg,SMALL,onnx_cuda,False,0,0,0,False,False,17,1
000000519208.jpg,SMALL,onnx_cuda,False,1,9,0,True,True,29,2
000000519338.jpg,SMALL,onnx_cuda,False,0,0,0,False,False,9,1
000000519491.jpg,SMALL,onnx_cuda,False,0,0,0,False,False,10,2
000000519522.jpg,SMALL,onnx_cuda,False,0,0,0,False,False,20,3
000000519569.jpg,SMALL,onnx_cuda,False,0,0,0,False,False,58,8
000000519611.jpg,SMALL,onnx_cuda,False,0,0,0,False,False,10,1
000000519688.jpg,SMALL,onnx_cuda,False,1,8,0,True,True,19,2
000000519764.jpg,SMALL,onnx_cuda,False,0,0,0,False,False,20,3
000000520009.jpg,SMALL,onnx_cuda,False,1,16,2,True,True,50,10
000000520077.jpg,SMALL,onnx_cuda,False,0,0,0,False,False,124,16
000000520264.jpg,SMALL,onnx_cuda,False,2,17,0,True,True,38,18
000000520301.jpg,SMALL,onnx_cuda,False,0,0,0,False,False,10,1
000000520324.jpg,SMALL,onnx_cuda,False,0,0,1,True,False,20,3
000000520531.jpg,SMALL,onnx_cuda,False,0,0,0,False,False,48,18
000000520659.jpg,SMALL,onnx_cuda,False,6,48,7,True,True,59,29
000000520707.jpg,SMALL,onnx_cuda,False,10,84,3,True,True,113,21
000000520832.jpg,SMALL,onnx_cuda,False,1,9,0,True,True,15,15
000000520871.jpg,SMALL,onnx_cuda,False,0,0,0,False,False,40,5
000000520910.jpg,SMALL,onnx_cuda,False,1,10,0,True,True,19,3
000000521052.jpg,SMALL,onnx_cuda,False,0,0,0,False,False,20,2
000000521141.jpg,SMALL,onnx_cuda,False,3,21,0,True,True,69,14
000000521231.jpg,SMALL,onnx_cuda,False,0,0,0,False,False,9,1
000000521259.jpg,SMALL,onnx_cuda,False,7,60,6,True,True,84,19
000000521282.jpg,SMALL,onnx_cuda,False,0,0,0,False,False,10,1
000000521405.jpg,SMALL,onnx_cuda,False,0,9,0,False,True,21,2
000000521509.jpg,SMALL,onnx_cuda,False,1,9,0,True,True,18,8
000000521540.jpg,SMALL,onnx_cuda,False,0,0,0,False,False,5,3
000000521601.jpg,SMALL,onnx_cuda,False,0,0,0,False,False,1,2
000000521717.jpg,SMALL,onnx_cuda,False,3,28,0,True,True,43,6
000000521719.jpg,SMALL,onnx_cuda,False,0,0,0,False,False,37,8
000000521819.jpg,SMALL,onnx_cuda,False,8,60,1,True,True,71,14
000000521956.jpg,SMALL,onnx_cuda,False,1,9,0,True,True,20,2
000000522007.jpg,SMALL,onnx_cuda,False,0,0,0,False,False,28,9
000000522156.jpg,SMALL,onnx_cuda,False,0,0,0,False,False,10,1
000000522393.jpg,SMALL,onnx_cuda,False,1,2,1,True,True,12,4
000000522638.jpg,SMALL,onnx_cuda,False,0,0,0,False,False,6,1
000000522713.jpg,SMALL,onnx_cuda,False,1,1,1,True,True,14,13
000000522751.jpg,SMALL,onnx_cuda,False,0,0,0,False,False,27,6
000000522889.jpg,SMALL,onnx_cuda,False,3,33,0,True,True,67,6
000000522940.jpg,SMALL,onnx_cuda,False,0,0,0,False,False,10,1
000000523033.jpg,SMALL,onnx_cuda,False,2,2,1,True,True,4,5
000000523100.jpg,SMALL,onnx_cuda,False,1,8,0,True,True,50,10
000000523175.jpg,SMALL,onnx_cuda,False,0,0,0,False,False,13,6
000000523194.jpg,SMALL,onnx_cuda,False,0,0,0,False,False,4,2
000000523229.jpg,SMALL,onnx_cuda,False,0,0,0,False,False,16,1
000000523241.jpg,SMALL,onnx_cuda,False,0,0,0,False,False,33,10
000000523782.jpg,SMALL,onnx_cuda,False,0,0,0,False,False,20,3
000000523807.jpg,SMALL,onnx_cuda,False,1,8,1,True,True,42,6
000000523811.jpg,SMALL,onnx_cuda,False,0,0,0,False,False,10,1
000000523957.jpg,SMALL,onnx_cuda,False,8,68,3,True,True,86,13
000000524108.jpg,SMALL,onnx_cuda,False,4,48,8,True,True,52,12
000000524280.jpg,SMALL,onnx_cuda,False,0,0,0,False,False,10,1
000000524456.jpg,SMALL,onnx_cuda,False,1,8,1,True,True,20,6
000000524742.jpg,SMALL,onnx_cuda,False,0,0,0,False,False,9,1
000000524850.jpg,SMALL,onnx_cuda,False,10,99,3,True,True,128,40
000000525083.jpg,SMALL,onnx_cuda,False,0,0,0,False,False,51,9
000000525155.jpg,SMALL,onnx_cuda,False,1,8,0,True,True,9,2
000000525247.jpg,SMALL,onnx_cuda,False,0,0,0,False,False,26,2
000000525286.jpg,SMALL,onnx_cuda,False,0,0,0,False,False,10,1
000000525322.jpg,SMALL,onnx_cuda,False,0,0,0,False,False,19,2
000000525600.jpg,SMALL,onnx_cuda,False,0,0,0,False,False,48,8
000000526103.jpg,SMALL,onnx_cuda,False,0,4,0,False,True,21,3
000000526197.jpg,SMALL,onnx_cuda,False,0,0,0,False,False,0,7
000000526256.jpg,SMALL,onnx_cuda,False,0,0,0,False,False,19,2
000000526392.jpg,SMALL,onnx_cuda,False,0,0,0,False,False,42,8
000000526706.jpg,SMALL,onnx_cuda,False,0,0,0,False,False,38,4
000000526728.jpg,SMALL,onnx_cuda,False,2,18,0,True,True,70,13
000000526751.jpg,SMALL,onnx_cuda,False,0,0,0,False,False,32,8
000000527029.jpg,SMALL,onnx_cuda,False,1,9,0,True,True,12,15
000000527215.jpg,SMALL,onnx_cuda,False,4,12,1,True,True,23,7
000000527220.jpg,SMALL,onnx_cuda,False,3,16,0,True,True,26,4
000000527427.jpg,SMALL,onnx_cuda,False,1,9,0,True,True,43,6
000000527528.jpg,SMALL,onnx_cuda,False,0,0,2,True,False,27,8
000000527616.jpg,SMALL,onnx_cuda,False,1,8,0,True,True,17,4
000000527695.jpg,SMALL,onnx_cuda,False,0,0,0,False,False,71,9
000000527750.jpg,SMALL,onnx_cuda,False,1,9,0,True,True,47,6
000000527784.jpg,SMALL,onnx_cuda,False,0,0,0,False,False,59,8
000000527960.jpg,SMALL,onnx_cuda,False,0,0,0,False,False,10,1
000000528314.jpg,SMALL,onnx_cuda,False,9,81,0,True,True,104,10
000000528399.jpg,SMALL,onnx_cuda,False,0,1,1,True,True,69,10
000000528524.jpg,SMALL,onnx_cuda,False,0,0,0,False,False,12,2
000000528578.jpg,SMALL,onnx_cuda,False,0,0,11,True,False,10,13
000000528705.jpg,SMALL,onnx_cuda,False,0,0,1,True,False,14,2
000000528862.jpg,SMALL,onnx_cuda,False,0,0,0,False,False,54,7
000000528977.jpg,SMALL,onnx_cuda,False,0,0,0,False,False,0,0
000000528980.jpg,SMALL,onnx_cuda,False,0,0,0,False,False,28,9
000000529105.jpg,SMALL,onnx_cuda,False,0,0,0,False,False,10,1
000000529122.jpg,SMALL,onnx_cuda,False,3,27,0,True,True,52,19
000000529148.jpg,SMALL,onnx_cuda,False,2,9,0,True,True,60,17
000000529528.jpg,SMALL,onnx_cuda,False,0,1,0,False,True,9,3
000000529568.jpg,SMALL,onnx_cuda,False,0,0,0,False,False,45,35
000000529762.jpg,SMALL,onnx_cuda,False,1,10,0,True,True,42,7
000000529939.jpg,SMALL,onnx_cuda,False,1,15,0,True,True,79,14
000000529966.jpg,SMALL,onnx_cuda,False,0,0,0,False,False,21,12
000000530052.jpg,SMALL,onnx_cuda,False,0,0,0,False,False,0,13
000000530061.jpg,SMALL,onnx_cuda,False,1,18,1,True,True,48,7
000000530099.jpg,SMALL,onnx_cuda,False,0,0,0,False,False,19,2
000000530146.jpg,SMALL,onnx_cuda,False,0,0,0,False,False,54,6
000000530162.jpg,SMALL,onnx_cuda,False,7,65,3,True,True,92,12
000000530457.jpg,SMALL,onnx_cuda,False,0,0,0,False,False,20,1
000000530466.jpg,SMALL,onnx_cuda,False,0,0,0,False,False,10,3
000000530470.jpg,SMALL,onnx_cuda,False,0,0,0,False,False,4,7
000000530624.jpg,SMALL,onnx_cuda,False,0,0,0,False,False,12,2
000000530820.jpg,SMALL,onnx_cuda,False,1,9,0,True,True,18,2
000000530836.jpg,SMALL,onnx_cuda,False,0,0,0,False,False,26,23
000000530854.jpg,SMALL,onnx_cuda,False,0,0,1,True,False,57,8
000000530975.jpg,SMALL,onnx_cuda,False,5,33,1,True,True,67,23
000000531036.jpg,SMALL,onnx_cuda,False,1,9,0,True,True,29,4
000000531134.jpg,SMALL,onnx_cuda,False,4,30,4,True,True,42,14
000000531135.jpg,SMALL,onnx_cuda,False,8,40,5,True,True,48,17
000000531495.jpg,SMALL,onnx_cuda,False,0,0,0,False,False,3,8
000000531707.jpg,SMALL,onnx_cuda,False,4,40,0,True,True,54,5
000000531771.jpg,SMALL,onnx_cuda,False,0,0,0,False,False,10,1
000000532058.jpg,SMALL,onnx_cuda,False,1,10,0,True,True,31,5
000000532071.jpg,SMALL,onnx_cuda,False,0,0,0,False,False,11,1
000000532129.jpg,SMALL,onnx_cuda,False,0,0,0,False,False,29,4
000000532481.jpg,SMALL,onnx_cuda,False,2,0,0,True,True,10,10
000000532493.jpg,SMALL,onnx_cuda,False,1,8,0,True,True,19,2
000000532530.jpg,SMALL,onnx_cuda,False,1,1,3,True,True,2,6
000000532575.jpg,SMALL,onnx_cuda,False,0,0,0,False,False,11,2
000000532690.jpg,SMALL,onnx_cuda,False,3,28,0,True,True,41,5
000000532761.jpg,SMALL,onnx_cuda,False,0,0,0,False,False,52,6
000000532855.jpg,SMALL,onnx_cuda,False,1,9,0,True,True,19,2
000000532901.jpg,SMALL,onnx_cuda,False,0,0,0,False,False,14,4
000000533145.jpg,SMALL,onnx_cuda,False,1,8,0,True,True,20,3
000000533206.jpg,SMALL,onnx_cuda,False,0,0,0,False,False,76,8
000000533493.jpg,SMALL,onnx_cuda,False,3,17,0,True,True,31,4
000000533536.jpg,SMALL,onnx_cuda,False,0,0,0,False,False,20,2
000000533816.jpg,SMALL,onnx_cuda,False,11,105,2,True,True,119,15
000000533855.jpg,SMALL,onnx_cuda,False,0,0,0,False,False,11,1
000000533958.jpg,SMALL,onnx_cuda,False,0,0,0,False,False,21,1
000000534041.jpg,SMALL,onnx_cuda,False,2,11,2,True,True,45,15
000000534270.jpg,SMALL,onnx_cuda,False,2,18,0,True,True,51,10
000000534394.jpg,SMALL,onnx_cuda,False,0,0,0,False,False,79,15
000000534601.jpg,SMALL,onnx_cuda,False,0,0,0,False,False,19,1
000000534605.jpg,SMALL,onnx_cuda,False,6,54,1,True,True,60,7
000000534639.jpg,SMALL,onnx_cuda,False,0,0,0,False,False,15,5
000000534664.jpg,SMALL,onnx_cuda,False,0,0,0,False,False,56,7
000000534673.jpg,SMALL,onnx_cuda,False,2,14,0,True,True,26,3
000000534827.jpg,SMALL,onnx_cuda,False,8,68,1,True,True,76,10
000000535094.jpg,SMALL,onnx_cuda,False,0,0,2,True,False,8,3
000000535156.jpg,SMALL,onnx_cuda,False,0,0,0,False,False,20,3
000000535253.jpg,SMALL,onnx_cuda,False,0,0,0,False,False,33,8
000000535306.jpg,SMALL,onnx_cuda,False,1,9,0,True,True,27,2
000000535523.jpg,SMALL,onnx_cuda,False,2,18,0,True,True,31,17
000000535578.jpg,SMALL,onnx_cuda,False,0,0,0,False,False,46,11
000000535608.jpg,SMALL,onnx_cuda,False,3,12,2,True,True,44,11
000000535858.jpg,SMALL,onnx_cuda,False,0,4,1,True,True,4,2
000000536038.jpg,SMALL,onnx_cuda,False,1,7,1,True,True,8,4
000000536073.jpg,SMALL,onnx_cuda,False,0,0,0,False,False,31,3
000000536343.jpg,SMALL,onnx_cuda,False,0,0,0,False,False,10,0
000000536947.jpg,SMALL,onnx_cuda,False,0,0,0,False,False,11,6
000000537053.jpg,SMALL,onnx_cuda,False,0,0,0,False,False,10,1
000000537153.jpg,SMALL,onnx_cuda,False,0,0,2,True,False,10,3
000000537241.jpg,SMALL,onnx_cuda,False,0,0,0,False,False,11,1
000000537270.jpg,SMALL,onnx_cuda,False,3,27,0,True,True,78,8
000000537355.jpg,SMALL,onnx_cuda,False,0,0,0,False,False,10,1
000000537506.jpg,SMALL,onnx_cuda,False,3,17,1,True,True,65,13
000000537672.jpg,SMALL,onnx_cuda,False,0,0,0,False,False,20,2
000000537802.jpg,SMALL,onnx_cuda,False,0,0,0,False,False,47,2
000000537812.jpg,SMALL,onnx_cuda,False,0,0,0,False,False,10,2
000000537827.jpg,SMALL,onnx_cuda,False,2,19,0,True,True,37,4
000000537964.jpg,SMALL,onnx_cuda,False,0,0,0,False,False,10,1
000000537991.jpg,SMALL,onnx_cuda,False,1,9,0,True,True,53,7
000000538067.jpg,SMALL,onnx_cuda,False,6,32,0,True,True,43,7
000000538236.jpg,SMALL,onnx_cuda,False,4,31,1,True,True,35,14
000000538364.jpg,SMALL,onnx_cuda,False,5,41,6,True,True,78,17
000000538458.jpg,SMALL,onnx_cuda,False,2,19,0,True,True,46,9
000000539143.jpg,SMALL,onnx_cuda,False,0,0,0,False,False,10,1
000000539445.jpg,SMALL,onnx_cuda,False,0,0,0,False,False,10,4
000000539883.jpg,SMALL,onnx_cuda,False,1,2,0,True,True,23,8
000000539962.jpg,SMALL,onnx_cuda,False,1,8,3,True,True,15,18
000000540280.jpg,SMALL,onnx_cuda,False,0,0,0,False,False,11,3
000000540414.jpg,SMALL,onnx_cuda,False,10,100,3,True,True,142,23
000000540466.jpg,SMALL,onnx_cuda,False,0,0,1,True,False,10,2
000000540502.jpg,SMALL,onnx_cuda,False,0,0,0,False,False,68,20
000000540928.jpg,SMALL,onnx_cuda,False,0,2,0,False,True,12,2
000000540932.jpg,SMALL,onnx_cuda,False,7,20,0,True,True,27,11
000000540962.jpg,SMALL,onnx_cuda,False,0,0,0,False,False,19,4
000000541055.jpg,SMALL,onnx_cuda,False,5,41,0,True,True,49,11
000000541123.jpg,SMALL,onnx_cuda,False,6,44,7,True,True,51,23
000000541291.jpg,SMALL,onnx_cuda,False,0,0,0,False,False,3,2
000000541634.jpg,SMALL,onnx_cuda,False,0,0,0,False,False,67,11
000000541664.jpg,SMALL,onnx_cuda,False,0,0,0,False,False,19,2
000000541773.jpg,SMALL,onnx_cuda,False,2,16,3,True,True,81,18
000000541952.jpg,SMALL,onnx_cuda,False,0,0,0,False,False,11,1
000000542073.jpg,SMALL,onnx_cuda,False,0,0,0,False,False,0,0
000000542089.jpg,SMALL,onnx_cuda,False,0,0,0,False,False,14,1
000000542127.jpg,SMALL,onnx_cuda,False,4,52,9,True,True,56,16
000000542423.jpg,SMALL,onnx_cuda,False,1,7,3,True,True,17,14
000000542625.jpg,SMALL,onnx_cuda,False,0,0,0,False,False,61,15
000000542776.jpg,SMALL,onnx_cuda,False,0,0,1,True,False,24,4
000000542856.jpg,SMALL,onnx_cuda,False,3,27,1,True,True,40,6
000000543043.jpg,SMALL,onnx_cuda,False,0,3,0,False,True,22,4
000000543047.jpg,SMALL,onnx_cuda,False,0,0,0,False,False,55,16
000000543300.jpg,SMALL,onnx_cuda,False,0,0,0,False,False,10,1
000000543528.jpg,SMALL,onnx_cuda,False,0,0,0,False,False,10,1
000000543581.jpg,SMALL,onnx_cuda,False,0,0,0,False,False,20,19
000000544052.jpg,SMALL,onnx_cuda,False,0,18,0,False,True,30,2
000000544306.jpg,SMALL,onnx_cuda,False,0,0,0,False,False,19,2
000000544444.jpg,SMALL,onnx_cuda,False,1,9,0,True,True,19,2
000000544519.jpg,SMALL,onnx_cuda,False,1,9,0,True,True,14,2
000000544565.jpg,SMALL,onnx_cuda,False,0,0,0,False,False,29,5
000000544605.jpg,SMALL,onnx_cuda,False,0,0,0,False,False,0,1
000000544811.jpg,SMALL,onnx_cuda,False,0,0,0,False,False,18,2
000000545007.jpg,SMALL,onnx_cuda,False,0,0,1,True,False,20,3
000000545100.jpg,SMALL,onnx_cuda,False,3,19,0,True,True,23,11
000000545129.jpg,SMALL,onnx_cuda,False,0,0,0,False,False,29,3
000000545219.jpg,SMALL,onnx_cuda,False,4,43,1,True,True,61,8
000000545407.jpg,SMALL,onnx_cuda,False,0,0,0,False,False,10,1
000000545594.jpg,SMALL,onnx_cuda,False,5,36,3,True,True,62,9
000000545730.jpg,SMALL,onnx_cuda,False,0,0,0,False,False,79,9
000000545826.jpg,SMALL,onnx_cuda,False,0,6,0,False,True,16,2
000000545958.jpg,SMALL,onnx_cuda,False,0,0,0,False,False,10,1
000000546011.jpg,SMALL,onnx_cuda,False,0,0,0,False,False,29,3
000000546219.jpg,SMALL,onnx_cuda,False,8,77,1,True,True,157,41
000000546325.jpg,SMALL,onnx_cuda,False,0,0,0,False,False,23,3
000000546475.jpg,SMALL,onnx_cuda,False,1,9,1,True,True,18,3
000000546556.jpg,SMALL,onnx_cuda,False,0,0,0,False,False,45,4
000000546626.jpg,SMALL,onnx_cuda,False,0,0,0,False,False,40,4
000000546659.jpg,SMALL,onnx_cuda,False,0,0,3,True,False,10,4
000000546717.jpg,SMALL,onnx_cuda,False,1,9,0,True,True,47,6
000000546823.jpg,SMALL,onnx_cuda,False,5,53,8,True,True,63,25
000000546826.jpg,SMALL,onnx_cuda,False,0,0,0,False,False,10,1
000000546829.jpg,SMALL,onnx_cuda,False,0,0,0,False,False,20,2
000000546964.jpg,SMALL,onnx_cuda,False,3,20,7,True,True,72,28
000000546976.jpg,SMALL,onnx_cuda,False,2,7,0,True,True,19,3
000000547144.jpg,SMALL,onnx_cuda,False,0,0,0,False,False,64,8
000000547336.jpg,SMALL,onnx_cuda,False,1,9,0,True,True,10,7
000000547383.jpg,SMALL,onnx_cuda,False,0,0,0,False,False,20,3
000000547502.jpg,SMALL,onnx_cuda,False,0,0,0,False,False,41,5
000000547519.jpg,SMALL,onnx_cuda,False,0,0,0,False,False,11,1
000000547816.jpg,SMALL,onnx_cuda,False,0,0,0,False,False,17,4
000000547854.jpg,SMALL,onnx_cuda,False,1,9,1,True,True,30,5
000000547886.jpg,SMALL,onnx_cuda,False,3,29,1,True,True,61,7
000000548246.jpg,SMALL,onnx_cuda,False,3,27,1,True,True,40,19
000000548267.jpg,SMALL,onnx_cuda,False,0,0,0,False,False,26,13
000000548339.jpg,SMALL,onnx_cuda,False,4,34,1,True,True,61,11
000000548506.jpg,SMALL,onnx_cuda,False,0,0,0,False,False,26,8
000000548524.jpg,SMALL,onnx_cuda,False,1,6,2,True,True,8,4
000000548555.jpg,SMALL,onnx_cuda,False,0,8,1,True,True,18,2
000000548780.jpg,SMALL,onnx_cuda,False,4,33,2,True,True,69,16
000000549055.jpg,SMALL,onnx_cuda,False,1,9,0,True,True,20,2
000000549136.jpg,SMALL,onnx_cuda,False,0,0,0,False,False,10,1
000000549167.jpg,SMALL,onnx_cuda,False,0,0,0,False,False,25,7
000000549220.jpg,SMALL,onnx_cuda,False,3,20,1,True,True,39,8
000000549390.jpg,SMALL,onnx_cuda,False,7,34,11,True,True,47,19
000000549674.jpg,SMALL,onnx_cuda,False,0,0,0,False,False,60,6
000000549738.jpg,SMALL,onnx_cuda,False,1,3,3,True,True,15,14
000000549930.jpg,SMALL,onnx_cuda,False,2,17,6,True,True,29,21
000000550084.jpg,SMALL,onnx_cuda,False,0,0,0,False,False,0,3
000000550322.jpg,SMALL,onnx_cuda,False,0,0,0,False,False,26,6
000000550349.jpg,SMALL,onnx_cuda,False,4,26,1,True,True,47,9
000000550426.jpg,SMALL,onnx_cuda,False,0,0,0,False,False,10,1
000000550471.jpg,SMALL,onnx_cuda,False,0,0,0,False,False,10,2
000000550691.jpg,SMALL,onnx_cuda,False,0,0,2,True,False,34,8
000000550714.jpg,SMALL,onnx_cuda,False,1,9,0,True,True,16,2
000000550797.jpg,SMALL,onnx_cuda,False,0,7,0,False,True,17,1
000000550939.jpg,SMALL,onnx_cuda,False,0,0,0,False,False,10,0
000000551215.jpg,SMALL,onnx_cuda,False,1,9,0,True,True,10,2
000000551304.jpg,SMALL,onnx_cuda,False,0,0,0,False,False,10,1
000000551350.jpg,SMALL,onnx_cuda,False,0,0,0,False,False,24,8
000000551439.jpg,SMALL,onnx_cuda,False,1,8,0,True,True,29,3
000000551660.jpg,SMALL,onnx_cuda,False,0,0,0,False,False,36,12
000000551780.jpg,SMALL,onnx_cuda,False,0,0,0,False,False,19,2
000000551794.jpg,SMALL,onnx_cuda,False,2,21,0,True,True,23,3
000000551804.jpg,SMALL,onnx_cuda,False,1,9,0,True,True,20,2
000000551815.jpg,SMALL,onnx_cuda,False,0,0,0,False,False,35,3
000000551820.jpg,SMALL,onnx_cuda,False,7,75,6,True,True,82,16
000000551822.jpg,SMALL,onnx_cuda,False,0,0,0,False,False,49,7
000000552371.jpg,SMALL,onnx_cuda,False,0,0,0,False,False,19,2
000000552612.jpg,SMALL,onnx_cuda,False,0,0,0,False,False,89,10
000000552775.jpg,SMALL,onnx_cuda,False,1,7,0,True,True,45,11
000000552842.jpg,SMALL,onnx_cuda,False,1,9,0,True,True,10,2
000000552883.jpg,SMALL,onnx_cuda,False,0,0,0,False,False,13,1
000000552902.jpg,SMALL,onnx_cuda,False,0,0,0,False,False,10,1
000000553094.jpg,SMALL,onnx_cuda,False,0,0,0,False,False,10,1
000000553221.jpg,SMALL,onnx_cuda,False,5,13,8,True,True,46,20
000000553339.jpg,SMALL,onnx_cuda,False,0,0,0,False,False,0,7
000000553511.jpg,SMALL,onnx_cuda,False,1,2,1,True,True,48,15
000000553664.jpg,SMALL,onnx_cuda,False,0,0,0,False,False,25,17
000000553669.jpg,SMALL,onnx_cuda,False,2,18,7,True,True,33,23
000000553731.jpg,SMALL,onnx_cuda,False,4,29,2,True,True,36,7
000000553776.jpg,SMALL,onnx_cuda,False,2,19,0,True,True,21,2
000000553788.jpg,SMALL,onnx_cuda,False,1,8,0,True,True,20,3
000000553990.jpg,SMALL,onnx_cuda,False,1,9,0,True,True,20,2
000000554002.jpg,SMALL,onnx_cuda,False,7,57,3,True,True,92,14
000000554156.jpg,SMALL,onnx_cuda,False,1,9,0,True,True,21,2
000000554266.jpg,SMALL,onnx_cuda,False,0,0,2,True,False,26,4
000000554291.jpg,SMALL,onnx_cuda,False,0,0,0,False,False,2,8
000000554328.jpg,SMALL,onnx_cuda,False,3,27,0,True,True,41,6
000000554579.jpg,SMALL,onnx_cuda,False,3,29,0,True,True,49,6
000000554595.jpg,SMALL,onnx_cuda,False,1,8,0,True,True,19,2
000000554735.jpg,SMALL,onnx_cuda,False,1,9,0,True,True,18,2
000000554838.jpg,SMALL,onnx_cuda,False,0,0,0,False,False,39,3
000000555005.jpg,SMALL,onnx_cuda,False,0,10,0,False,True,20,11
000000555009.jpg,SMALL,onnx_cuda,False,0,0,0,False,False,62,9
000000555012.jpg,SMALL,onnx_cuda,False,0,0,0,False,False,10,1
000000555050.jpg,SMALL,onnx_cuda,False,0,0,1,True,False,48,18
000000555412.jpg,SMALL,onnx_cuda,False,0,0,0,False,False,10,1
000000555597.jpg,SMALL,onnx_cuda,False,0,8,1,True,True,78,16
000000555705.jpg,SMALL,onnx_cuda,False,0,0,0,False,False,20,2
000000555972.jpg,SMALL,onnx_cuda,False,0,0,0,False,False,46,10
000000556000.jpg,SMALL,onnx_cuda,False,4,36,0,True,True,76,11
000000556158.jpg,SMALL,onnx_cuda,False,1,9,0,True,True,21,2
000000556193.jpg,SMALL,onnx_cuda,False,2,17,0,True,True,31,6
000000556498.jpg,SMALL,onnx_cuda,False,0,0,0,False,False,0,0
000000556765.jpg,SMALL,onnx_cuda,False,0,0,0,False,False,10,1
000000556873.jpg,SMALL,onnx_cuda,False,0,0,0,False,False,4,1
000000557172.jpg,SMALL,onnx_cuda,False,0,0,0,False,False,18,4
000000557258.jpg,SMALL,onnx_cuda,False,0,0,0,False,False,10,1
000000557501.jpg,SMALL,onnx_cuda,False,0,0,0,False,False,22,2
000000557672.jpg,SMALL,onnx_cuda,False,3,25,0,True,True,39,4
000000557884.jpg,SMALL,onnx_cuda,False,0,0,0,False,False,8,1
000000557916.jpg,SMALL,onnx_cuda,False,1,9,0,True,True,26,4
000000558073.jpg,SMALL,onnx_cuda,False,0,0,0,False,False,11,1
000000558114.jpg,SMALL,onnx_cuda,False,5,42,8,True,True,47,17
000000558213.jpg,SMALL,onnx_cuda,False,2,17,1,True,True,28,6
000000558421.jpg,SMALL,onnx_cuda,False,0,0,1,True,False,10,14
000000558558.jpg,SMALL,onnx_cuda,False,0,0,0,False,False,8,5
000000558854.jpg,SMALL,onnx_cuda,False,1,7,0,True,True,54,7
000000559099.jpg,SMALL,onnx_cuda,False,0,0,0,False,False,57,17
000000559160.jpg,SMALL,onnx_cuda,False,3,26,3,True,True,39,8
000000559348.jpg,SMALL,onnx_cuda,False,5,41,8,True,True,46,15
000000559513.jpg,SMALL,onnx_cuda,False,0,4,0,False,True,17,5
000000559543.jpg,SMALL,onnx_cuda,False,1,10,0,True,True,37,5
000000559547.jpg,SMALL,onnx_cuda,False,3,27,0,True,True,39,6
000000559707.jpg,SMALL,onnx_cuda,False,0,0,0,False,False,49,5
000000559842.jpg,SMALL,onnx_cuda,False,11,112,2,True,True,144,17
000000559956.jpg,SMALL,onnx_cuda,False,3,27,0,True,True,66,9
000000560011.jpg,SMALL,onnx_cuda,False,0,0,0,False,False,18,4
000000560178.jpg,SMALL,onnx_cuda,False,1,9,0,True,True,10,4
000000560256.jpg,SMALL,onnx_cuda,False,0,0,0,False,False,4,27
000000560266.jpg,SMALL,onnx_cuda,False,0,0,0,False,False,20,2
000000560279.jpg,SMALL,onnx_cuda,False,0,0,0,False,False,21,2
000000560312.jpg,SMALL,onnx_cuda,False,0,0,0,False,False,4,2
000000560371.jpg,SMALL,onnx_cuda,False,0,0,0,False,False,0,0
000000560474.jpg,SMALL,onnx_cuda,False,6,59,3,True,True,75,20
000000560880.jpg,SMALL,onnx_cuda,False,1,6,0,True,True,33,4
000000560911.jpg,SMALL,onnx_cuda,False,1,9,0,True,True,21,5
000000561009.jpg,SMALL,onnx_cuda,False,0,0,0,False,False,10,1
000000561223.jpg,SMALL,onnx_cuda,False,1,9,0,True,True,19,2
000000561256.jpg,SMALL,onnx_cuda,False,1,9,0,True,True,15,3
000000561335.jpg,SMALL,onnx_cuda,False,0,0,0,False,False,0,2
000000561366.jpg,SMALL,onnx_cuda,False,0,0,0,False,False,18,2
000000561465.jpg,SMALL,onnx_cuda,False,0,0,0,False,False,60,6
000000561679.jpg,SMALL,onnx_cuda,False,0,0,0,False,False,0,1
000000561889.jpg,SMALL,onnx_cuda,False,0,0,0,False,False,34,8
000000561958.jpg,SMALL,onnx_cuda,False,10,99,1,True,True,111,26
000000562059.jpg,SMALL,onnx_cuda,False,0,0,0,False,False,41,6
000000562121.jpg,SMALL,onnx_cuda,False,0,2,0,False,True,30,3
000000562197.jpg,SMALL,onnx_cuda,False,0,0,0,False,False,29,1
000000562207.jpg,SMALL,onnx_cuda,False,3,27,0,True,True,40,5
000000562229.jpg,SMALL,onnx_cuda,False,3,11,0,True,True,23,4
000000562243.jpg,SMALL,onnx_cuda,False,1,9,0,True,True,20,2
000000562443.jpg,SMALL,onnx_cuda,False,0,0,0,False,False,31,1
000000562448.jpg,SMALL,onnx_cuda,False,0,0,2,True,False,10,3
000000562561.jpg,SMALL,onnx_cuda,False,0,0,0,False,False,30,3
000000562581.jpg,SMALL,onnx_cuda,False,1,8,0,True,True,17,4
000000562818.jpg,SMALL,onnx_cuda,False,5,12,8,True,True,17,23
000000562843.jpg,SMALL,onnx_cuda,False,0,0,0,False,False,38,3
000000563267.jpg,SMALL,onnx_cuda,False,2,18,0,True,True,43,9
000000563281.jpg,SMALL,onnx_cuda,False,1,9,0,True,True,10,2
000000563349.jpg,SMALL,onnx_cuda,False,1,9,0,True,True,18,2
000000563470.jpg,SMALL,onnx_cuda,False,1,9,0,True,True,18,4
000000563603.jpg,SMALL,onnx_cuda,False,0,0,0,False,False,21,4
000000563604.jpg,SMALL,onnx_cuda,False,7,43,4,True,True,61,15
000000563648.jpg,SMALL,onnx_cuda,False,6,40,7,True,True,54,21
000000563653.jpg,SMALL,onnx_cuda,False,2,19,0,True,True,50,15
000000563702.jpg,SMALL,onnx_cuda,False,1,7,1,True,True,33,5
000000563758.jpg,SMALL,onnx_cuda,False,0,0,0,False,False,10,1
000000563882.jpg,SMALL,onnx_cuda,False,2,13,6,True,True,23,13
000000564023.jpg,SMALL,onnx_cuda,False,0,0,0,False,False,10,1
000000564091.jpg,SMALL,onnx_cuda,False,1,9,0,True,True,30,5
000000564127.jpg,SMALL,onnx_cuda,False,0,0,0,False,False,10,1
000000564133.jpg,SMALL,onnx_cuda,False,0,0,0,False,False,38,8
000000564280.jpg,SMALL,onnx_cuda,False,0,0,0,False,False,33,4
000000564336.jpg,SMALL,onnx_cuda,False,1,9,0,True,True,33,15
000000565012.jpg,SMALL,onnx_cuda,False,0,0,0,False,False,0,10
000000565045.jpg,SMALL,onnx_cuda,False,0,0,1,True,False,0,2
000000565153.jpg,SMALL,onnx_cuda,False,0,0,0,False,False,29,2
000000565391.jpg,SMALL,onnx_cuda,False,0,0,0,False,False,21,3
000000565469.jpg,SMALL,onnx_cuda,False,0,0,0,False,False,9,1
000000565563.jpg,SMALL,onnx_cuda,False,0,0,1,True,False,31,12
000000565597.jpg,SMALL,onnx_cuda,False,0,0,0,False,False,4,4
000000565607.jpg,SMALL,onnx_cuda,False,0,0,0,False,False,10,10
000000565624.jpg,SMALL,onnx_cuda,False,0,0,0,False,False,20,2
000000565776.jpg,SMALL,onnx_cuda,False,0,0,0,False,False,26,12
000000565778.jpg,SMALL,onnx_cuda,False,0,10,4,True,True,20,7
000000565853.jpg,SMALL,onnx_cuda,False,1,10,0,True,True,66,12
000000565877.jpg,SMALL,onnx_cuda,False,1,9,0,True,True,31,5
000000565962.jpg,SMALL,onnx_cuda,False,0,0,1,True,False,10,2
000000565989.jpg,SMALL,onnx_cuda,False,0,15,0,False,True,26,2
000000566042.jpg,SMALL,onnx_cuda,False,0,0,0,False,False,38,6
000000566282.jpg,SMALL,onnx_cuda,False,6,28,1,True,True,63,10
000000566436.jpg,SMALL,onnx_cuda,False,1,8,0,True,True,19,2
000000566524.jpg,SMALL,onnx_cuda,False,2,11,4,True,True,23,7
000000566758.jpg,SMALL,onnx_cuda,False,0,0,0,False,False,11,2
000000566923.jpg,SMALL,onnx_cuda,False,7,62,3,True,True,77,12
000000567011.jpg,SMALL,onnx_cuda,False,1,8,0,True,True,22,2
000000567197.jpg,SMALL,onnx_cuda,False,0,0,2,True,False,47,9
000000567432.jpg,SMALL,onnx_cuda,False,0,0,0,False,False,12,1
000000567640.jpg,SMALL,onnx_cuda,False,7,59,0,True,True,76,11
000000567740.jpg,SMALL,onnx_cuda,False,2,18,0,True,True,48,6
000000567825.jpg,SMALL,onnx_cuda,False,0,0,0,False,False,28,3
000000567886.jpg,SMALL,onnx_cuda,False,1,9,0,True,True,35,5
000000567898.jpg,SMALL,onnx_cuda,False,0,0,0,False,False,9,17
000000568147.jpg,SMALL,onnx_cuda,False,1,6,3,True,True,33,7
000000568195.jpg,SMALL,onnx_cuda,False,3,27,0,True,True,80,13
000000568213.jpg,SMALL,onnx_cuda,False,2,18,0,True,True,32,3
000000568290.jpg,SMALL,onnx_cuda,False,0,1,7,True,True,11,10
000000568439.jpg,SMALL,onnx_cuda,False,6,33,7,True,True,78,24
000000568584.jpg,SMALL,onnx_cuda,False,0,0,1,True,False,19,4
000000568690.jpg,SMALL,onnx_cuda,False,0,0,0,False,False,19,2
000000568710.jpg,SMALL,onnx_cuda,False,0,0,1,True,False,29,8
000000568814.jpg,SMALL,onnx_cuda,False,2,18,1,True,True,20,6
000000568981.jpg,SMALL,onnx_cuda,False,2,17,0,True,True,21,4
000000569030.jpg,SMALL,onnx_cuda,False,8,41,4,True,True,88,24
000000569059.jpg,SMALL,onnx_cuda,False,0,0,9,True,False,43,14
000000569273.jpg,SMALL,onnx_cuda,False,2,5,3,True,True,17,6
000000569565.jpg,SMALL,onnx_cuda,False,0,0,0,False,False,29,2
000000569700.jpg,SMALL,onnx_cuda,False,0,0,0,False,False,26,2
000000569825.jpg,SMALL,onnx_cuda,False,2,18,3,True,True,28,6
000000569917.jpg,SMALL,onnx_cuda,False,0,0,0,False,False,26,5
000000569972.jpg,SMALL,onnx_cuda,False,1,9,0,True,True,17,2
000000569976.jpg,SMALL,onnx_cuda,False,2,27,1,True,True,38,7
000000570169.jpg,SMALL,onnx_cuda,False,0,0,0,False,False,30,1
000000570448.jpg,SMALL,onnx_cuda,False,1,7,1,True,True,20,10
000000570456.jpg,SMALL,onnx_cuda,False,0,0,0,False,False,39,11
000000570471.jpg,SMALL,onnx_cuda,False,1,9,1,True,True,38,10
000000570539.jpg,SMALL,onnx_cuda,False,2,22,4,True,True,24,8
000000570664.jpg,SMALL,onnx_cuda,False,1,9,0,True,True,38,3
000000570688.jpg,SMALL,onnx_cuda,False,9,66,4,True,True,156,35
000000570736.jpg,SMALL,onnx_cuda,False,0,0,0,False,False,19,2
000000570756.jpg,SMALL,onnx_cuda,False,3,20,10,True,True,35,26
000000570782.jpg,SMALL,onnx_cuda,False,0,0,0,False,False,65,8
000000570834.jpg,SMALL,onnx_cuda,False,8,58,4,True,True,66,12
000000571008.jpg,SMALL,onnx_cuda,False,0,0,0,False,False,10,1
000000571264.jpg,SMALL,onnx_cuda,False,2,17,0,True,True,19,2
000000571313.jpg,SMALL,onnx_cuda,False,0,0,0,False,False,17,8
000000571598.jpg,SMALL,onnx_cuda,False,3,36,7,True,True,71,15
000000571718.jpg,SMALL,onnx_cuda,False,1,9,1,True,True,56,33
000000571804.jpg,SMALL,onnx_cuda,False,0,0,0,False,False,50,9
000000571857.jpg,SMALL,onnx_cuda,False,2,26,2,True,True,47,14
000000571893.jpg,SMALL,onnx_cuda,False,0,0,0,False,False,55,17
000000571943.jpg,SMALL,onnx_cuda,False,0,0,0,False,False,16,1
000000572303.jpg,SMALL,onnx_cuda,False,0,2,0,False,True,12,2
000000572388.jpg,SMALL,onnx_cuda,False,0,0,0,False,False,16,5
000000572408.jpg,SMALL,onnx_cuda,False,0,0,0,False,False,17,5
000000572462.jpg,SMALL,onnx_cuda,False,4,39,5,True,True,57,17
000000572517.jpg,SMALL,onnx_cuda,False,0,0,0,False,False,20,2
000000572555.jpg,SMALL,onnx_cuda,False,0,0,0,False,False,10,4
000000572620.jpg,SMALL,onnx_cuda,False,10,94,3,True,True,114,16
000000572678.jpg,SMALL,onnx_cuda,False,0,0,0,False,False,93,34
000000572900.jpg,SMALL,onnx_cuda,False,3,27,4,True,True,31,11
000000572956.jpg,SMALL,onnx_cuda,False,6,50,2,True,True,56,8
000000573008.jpg,SMALL,onnx_cuda,False,0,0,0,False,False,14,1
000000573094.jpg,SMALL,onnx_cuda,False,1,12,0,True,True,45,14
000000573258.jpg,SMALL,onnx_cuda,False,1,9,0,True,True,31,3
000000573391.jpg,SMALL,onnx_cuda,False,0,0,0,False,False,10,1
000000573626.jpg,SMALL,onnx_cuda,False,0,0,0,False,False,12,2
000000573943.jpg,SMALL,onnx_cuda,False,0,0,0,False,False,1,13
000000574297.jpg,SMALL,onnx_cuda,False,1,9,0,True,True,20,2
000000574315.jpg,SMALL,onnx_cuda,False,1,9,0,True,True,39,5
000000574425.jpg,SMALL,onnx_cuda,False,0,0,0,False,False,20,2
000000574520.jpg,SMALL,onnx_cuda,False,1,8,0,True,True,12,2
000000574702.jpg,SMALL,onnx_cuda,False,11,69,7,True,True,80,18
000000574810.jpg,SMALL,onnx_cuda,False,0,0,0,False,False,10,1
000000574823.jpg,SMALL,onnx_cuda,False,5,44,0,True,True,51,7
000000575081.jpg,SMALL,onnx_cuda,False,1,9,0,True,True,34,4
000000575187.jpg,SMALL,onnx_cuda,False,1,9,0,True,True,17,3
000000575205.jpg,SMALL,onnx_cuda,False,0,2,0,False,True,14,1
000000575243.jpg,SMALL,onnx_cuda,False,1,7,0,True,True,52,10
000000575357.jpg,SMALL,onnx_cuda,False,0,0,0,False,False,20,2
000000575372.jpg,SMALL,onnx_cuda,False,0,0,0,False,False,28,4
000000575500.jpg,SMALL,onnx_cuda,False,0,0,0,False,False,10,1
000000575815.jpg,SMALL,onnx_cuda,False,0,0,0,False,False,16,1
000000575970.jpg,SMALL,onnx_cuda,False,0,0,0,False,False,62,29
000000576031.jpg,SMALL,onnx_cuda,False,3,26,1,True,True,34,5
000000576052.jpg,SMALL,onnx_cuda,False,1,10,0,True,True,21,2
000000576566.jpg,SMALL,onnx_cuda,False,1,9,0,True,True,23,4
000000576654.jpg,SMALL,onnx_cuda,False,1,9,1,True,True,12,3
000000576955.jpg,SMALL,onnx_cuda,False,2,22,0,True,True,38,3
000000577149.jpg,SMALL,onnx_cuda,False,0,0,0,False,False,35,4
000000577182.jpg,SMALL,onnx_cuda,False,0,0,0,False,False,39,4
000000577539.jpg,SMALL,onnx_cuda,False,0,0,2,True,False,43,5
000000577584.jpg,SMALL,onnx_cuda,False,0,0,0,False,False,20,2
000000577735.jpg,SMALL,onnx_cuda,False,0,0,0,False,False,20,2
000000577862.jpg,SMALL,onnx_cuda,False,0,0,0,False,False,20,2
000000577864.jpg,SMALL,onnx_cuda,False,2,19,1,True,True,30,4
000000577932.jpg,SMALL,onnx_cuda,False,7,55,5,True,True,111,21
000000577959.jpg,SMALL,onnx_cuda,False,1,3,0,True,True,14,2
000000577976.jpg,SMALL,onnx_cuda,False,0,0,0,False,False,14,4
000000578093.jpg,SMALL,onnx_cuda,False,0,0,4,True,False,10,5
000000578236.jpg,SMALL,onnx_cuda,False,0,0,0,False,False,5,3
000000578489.jpg,SMALL,onnx_cuda,False,6,53,1,True,True,78,11
000000578500.jpg,SMALL,onnx_cuda,False,0,0,0,False,False,35,14
000000578545.jpg,SMALL,onnx_cuda,False,1,10,0,True,True,25,4
000000578792.jpg,SMALL,onnx_cuda,False,2,17,0,True,True,19,2
000000578871.jpg,SMALL,onnx_cuda,False,1,9,1,True,True,78,11
000000578922.jpg,SMALL,onnx_cuda,False,0,0,0,False,False,39,7
000000578967.jpg,SMALL,onnx_cuda,False,0,0,0,False,False,10,1
000000579070.jpg,SMALL,onnx_cuda,False,5,45,1,True,True,180,30
000000579091.jpg,SMALL,onnx_cuda,False,0,0,0,False,False,20,3
000000579158.jpg,SMALL,onnx_cuda,False,0,0,0,False,False,10,9
000000579307.jpg,SMALL,onnx_cuda,False,2,18,0,True,True,30,5
000000579321.jpg,SMALL,onnx_cuda,False,1,8,0,True,True,22,2
000000579635.jpg,SMALL,onnx_cuda,False,1,8,0,True,True,21,3
000000579655.jpg,SMALL,onnx_cuda,False,1,9,0,True,True,55,16
000000579818.jpg,SMALL,onnx_cuda,False,0,5,2,True,True,15,3
000000579893.jpg,SMALL,onnx_cuda,False,0,0,0,False,False,10,1
000000579900.jpg,SMALL,onnx_cuda,False,0,0,0,False,False,48,13
000000579902.jpg,SMALL,onnx_cuda,False,2,21,0,True,True,38,8
000000579970.jpg,SMALL,onnx_cuda,False,0,0,0,False,False,5,8
000000580197.jpg,SMALL,onnx_cuda,False,3,26,0,True,True,39,5
000000580294.jpg,SMALL,onnx_cuda,False,1,9,0,True,True,30,9
000000580410.jpg,SMALL,onnx_cuda,False,0,5,0,False,True,39,19
000000580418.jpg,SMALL,onnx_cuda,False,0,0,1,True,False,48,10
000000580757.jpg,SMALL,onnx_cuda,False,0,0,0,False,False,10,1
000000581062.jpg,SMALL,onnx_cuda,False,1,9,0,True,True,18,2
000000581100.jpg,SMALL,onnx_cuda,False,0,0,0,False,False,22,4
000000581206.jpg,SMALL,onnx_cuda,False,1,9,0,True,True,13,3
000000581317.jpg,SMALL,onnx_cuda,False,1,9,0,True,True,15,2
000000581357.jpg,SMALL,onnx_cuda,False,1,10,10,True,True,21,14
000000581482.jpg,SMALL,onnx_cuda,False,0,0,0,False,False,9,2
000000581615.jpg,SMALL,onnx_cuda,False,0,0,0,False,False,10,1
000000581781.jpg,SMALL,onnx_cuda,False,0,0,0,False,False,29,13
000000000139.jpg,MEDIUM,onnx_cuda,False,1,8,1,True,True,152,20
000000000285.jpg,MEDIUM,onnx_cuda,False,0,0,0,False,False,10,1
000000000632.jpg,MEDIUM,onnx_cuda,False,0,0,0,False,False,52,17
000000000724.jpg,MEDIUM,onnx_cuda,False,0,0,0,False,False,28,4
000000000776.jpg,MEDIUM,onnx_cuda,False,0,0,0,False,False,21,4
000000000785.jpg,MEDIUM,onnx_cuda,False,1,9,0,True,True,18,2
000000000802.jpg,MEDIUM,onnx_cuda,False,0,0,0,False,False,20,2
000000000872.jpg,MEDIUM,onnx_cuda,False,2,14,0,True,True,22,4
000000000885.jpg,MEDIUM,onnx_cuda,False,4,45,4,True,True,58,9
000000001000.jpg,MEDIUM,onnx_cuda,False,12,111,0,True,True,154,17
000000001268.jpg,MEDIUM,onnx_cuda,False,4,36,0,True,True,70,11
000000001296.jpg,MEDIUM,onnx_cuda,False,2,28,0,True,True,37,4
000000001353.jpg,MEDIUM,onnx_cuda,False,4,39,2,True,True,53,7
000000001425.jpg,MEDIUM,onnx_cuda,False,0,0,0,False,False,23,2
000000001490.jpg,MEDIUM,onnx_cuda,False,1,9,0,True,True,18,2
000000001503.jpg,MEDIUM,onnx_cuda,False,0,0,0,False,False,52,5
000000001532.jpg,MEDIUM,onnx_cuda,False,0,0,0,False,False,67,8
000000001584.jpg,MEDIUM,onnx_cuda,False,5,37,6,True,True,81,14
000000001675.jpg,MEDIUM,onnx_cuda,False,0,0,0,False,False,21,2
000000001761.jpg,MEDIUM,onnx_cuda,False,0,0,5,True,False,21,7
000000001818.jpg,MEDIUM,onnx_cuda,False,0,0,0,False,False,22,2
000000001993.jpg,MEDIUM,onnx_cuda,False,0,0,0,False,False,34,4
000000002006.jpg,MEDIUM,onnx_cuda,False,2,19,1,True,True,31,8
000000002149.jpg,MEDIUM,onnx_cuda,False,0,0,0,False,False,52,2
000000002153.jpg,MEDIUM,onnx_cuda,False,4,36,0,True,True,52,5
000000002157.jpg,MEDIUM,onnx_cuda,False,0,0,0,False,False,142,16
000000002261.jpg,MEDIUM,onnx_cuda,False,1,9,0,True,True,18,2
000000002299.jpg,MEDIUM,onnx_cuda,False,11,149,2,True,True,175,22
000000002431.jpg,MEDIUM,onnx_cuda,False,0,0,2,True,False,75,9
000000002473.jpg,MEDIUM,onnx_cuda,False,4,37,0,True,True,51,5
000000002532.jpg,MEDIUM,onnx_cuda,False,1,9,0,True,True,21,2
000000002587.jpg,MEDIUM,onnx_cuda,False,0,0,0,False,False,7,2
000000002592.jpg,MEDIUM,onnx_cuda,False,0,0,0,False,False,23,3
000000002685.jpg,MEDIUM,onnx_cuda,False,5,56,1,True,True,71,19
000000002923.jpg,MEDIUM,onnx_cuda,False,0,0,0,False,False,16,7
000000003156.jpg,MEDIUM,onnx_cuda,False,1,9,0,True,True,22,3
000000003255.jpg,MEDIUM,onnx_cuda,False,6,39,0,True,True,46,10
000000003501.jpg,MEDIUM,onnx_cuda,False,0,0,0,False,False,30,3
000000003553.jpg,MEDIUM,onnx_cuda,False,1,9,0,True,True,28,2
000000003661.jpg,MEDIUM,onnx_cuda,False,0,0,0,False,False,21,3
000000003845.jpg,MEDIUM,onnx_cuda,False,0,0,0,False,False,62,12
000000003934.jpg,MEDIUM,onnx_cuda,False,6,56,1,True,True,83,14
000000004134.jpg,MEDIUM,onnx_cuda,False,11,127,2,True,True,197,26
000000004395.jpg,MEDIUM,onnx_cuda,False,1,9,0,True,True,20,2
000000004495.jpg,MEDIUM,onnx_cuda,False,0,0,0,False,False,30,3
000000004765.jpg,MEDIUM,onnx_cuda,False,1,9,0,True,True,28,2
000000004795.jpg,MEDIUM,onnx_cuda,False,0,0,0,False,False,43,3
000000005001.jpg,MEDIUM,onnx_cuda,False,12,161,2,True,True,176,17
000000005037.jpg,MEDIUM,onnx_cuda,False,5,24,2,True,True,46,10
000000005060.jpg,MEDIUM,onnx_cuda,False,1,9,0,True,True,12,2
000000005193.jpg,MEDIUM,onnx_cuda,False,6,54,0,True,True,104,9
000000005477.jpg,MEDIUM,onnx_cuda,False,0,0,0,False,False,19,2
000000005503.jpg,MEDIUM,onnx_cuda,False,0,10,0,False,True,20,1
000000005529.jpg,MEDIUM,onnx_cuda,False,1,9,0,True,True,18,2
000000005586.jpg,MEDIUM,onnx_cuda,False,4,35,9,True,True,51,14
000000005600.jpg,MEDIUM,onnx_cuda,False,0,0,0,False,False,46,3
000000005992.jpg,MEDIUM,onnx_cuda,False,0,0,0,False,False,49,5
000000006012.jpg,MEDIUM,onnx_cuda,False,0,0,0,False,False,2,2
000000006040.jpg,MEDIUM,onnx_cuda,False,3,16,6,True,True,50,12
000000006213.jpg,MEDIUM,onnx_cuda,False,0,0,0,False,False,14,2
000000006460.jpg,MEDIUM,onnx_cuda,False,1,9,0,True,True,20,2
000000006471.jpg,MEDIUM,onnx_cuda,False,8,77,2,True,True,105,16
000000006614.jpg,MEDIUM,onnx_cuda,False,0,0,0,False,False,10,2
000000006723.jpg,MEDIUM,onnx_cuda,False,0,0,0,False,False,33,6
000000006763.jpg,MEDIUM,onnx_cuda,False,3,22,0,True,True,43,7
000000006771.jpg,MEDIUM,onnx_cuda,False,8,81,0,True,True,89,9
000000006818.jpg,MEDIUM,onnx_cuda,False,0,0,0,False,False,10,1
000000006894.jpg,MEDIUM,onnx_cuda,False,1,9,0,True,True,21,2
000000006954.jpg,MEDIUM,onnx_cuda,False,5,45,0,True,True,70,7
000000007088.jpg,MEDIUM,onnx_cuda,False,1,9,0,True,True,32,4
000000007108.jpg,MEDIUM,onnx_cuda,False,0,0,0,False,False,51,5
000000007278.jpg,MEDIUM,onnx_cuda,False,1,9,0,True,True,15,2
000000007281.jpg,MEDIUM,onnx_cuda,False,7,37,3,True,True,64,12
000000007386.jpg,MEDIUM,onnx_cuda,False,3,19,0,True,True,22,5
000000007511.jpg,MEDIUM,onnx_cuda,False,5,23,8,True,True,40,16
000000007574.jpg,MEDIUM,onnx_cuda,False,0,0,0,False,False,113,12
000000007784.jpg,MEDIUM,onnx_cuda,False,0,0,0,False,False,10,1
000000007795.jpg,MEDIUM,onnx_cuda,False,0,0,0,False,False,20,4
000000007816.jpg,MEDIUM,onnx_cuda,False,9,82,2,True,True,91,11
000000007818.jpg,MEDIUM,onnx_cuda,False,0,0,0,False,False,60,11
000000007888.jpg,MEDIUM,onnx_cuda,False,0,3,0,False,True,23,2
000000007977.jpg,MEDIUM,onnx_cuda,False,1,12,4,True,True,23,6
000000007991.jpg,MEDIUM,onnx_cuda,False,0,0,0,False,False,39,3
000000008021.jpg,MEDIUM,onnx_cuda,False,3,27,0,True,True,50,7
000000008211.jpg,MEDIUM,onnx_cuda,False,3,44,1,True,True,54,6
000000008277.jpg,MEDIUM,onnx_cuda,False,0,0,0,False,False,26,13
000000008532.jpg,MEDIUM,onnx_cuda,False,1,9,0,True,True,20,2
000000008629.jpg,MEDIUM,onnx_cuda,False,0,0,0,False,False,51,7
000000008690.jpg,MEDIUM,onnx_cuda,False,3,28,1,True,True,58,5
000000008762.jpg,MEDIUM,onnx_cuda,False,0,0,0,False,False,48,7
000000008844.jpg,MEDIUM,onnx_cuda,False,2,26,1,True,True,38,7
000000008899.jpg,MEDIUM,onnx_cuda,False,1,9,0,True,True,20,2
000000009378.jpg,MEDIUM,onnx_cuda,False,2,17,7,True,True,37,10
000000009400.jpg,MEDIUM,onnx_cuda,False,9,98,0,True,True,255,24
000000009448.jpg,MEDIUM,onnx_cuda,False,1,9,0,True,True,21,2
000000009483.jpg,MEDIUM,onnx_cuda,False,1,20,0,True,True,87,6
000000009590.jpg,MEDIUM,onnx_cuda,False,5,47,1,True,True,179,29
000000009769.jpg,MEDIUM,onnx_cuda,False,0,0,3,True,False,13,5
000000009772.jpg,MEDIUM,onnx_cuda,False,1,9,0,True,True,48,4
000000009891.jpg,MEDIUM,onnx_cuda,False,2,17,2,True,True,89,13
000000009914.jpg,MEDIUM,onnx_cuda,False,0,0,0,False,False,40,7
000000010092.jpg,MEDIUM,onnx_cuda,False,0,0,0,False,False,32,5
000000010363.jpg,MEDIUM,onnx_cuda,False,1,12,0,True,True,43,4
000000010583.jpg,MEDIUM,onnx_cuda,False,0,0,0,False,False,26,4
000000010707.jpg,MEDIUM,onnx_cuda,False,3,28,0,True,True,139,15
000000010764.jpg,MEDIUM,onnx_cuda,False,1,9,0,True,True,20,2
000000010977.jpg,MEDIUM,onnx_cuda,False,0,0,0,False,False,37,2
000000010995.jpg,MEDIUM,onnx_cuda,False,0,0,0,False,False,18,1
000000011051.jpg,MEDIUM,onnx_cuda,False,2,18,0,True,True,30,3
000000011122.jpg,MEDIUM,onnx_cuda,False,0,0,0,False,False,16,1
000000011149.jpg,MEDIUM,onnx_cuda,False,5,48,0,True,True,53,5
000000011197.jpg,MEDIUM,onnx_cuda,False,5,38,1,True,True,114,16
000000011511.jpg,MEDIUM,onnx_cuda,False,4,56,1,True,True,72,10
000000011615.jpg,MEDIUM,onnx_cuda,False,0,0,0,False,False,0,1
000000011699.jpg,MEDIUM,onnx_cuda,False,3,25,0,True,True,53,6
000000011760.jpg,MEDIUM,onnx_cuda,False,0,0,0,False,False,30,3
000000011813.jpg,MEDIUM,onnx_cuda,False,0,0,0,False,False,31,2
000000012062.jpg,MEDIUM,onnx_cuda,False,0,0,0,False,False,19,4
000000012120.jpg,MEDIUM,onnx_cuda,False,8,114,5,True,True,137,24
000000012280.jpg,MEDIUM,onnx_cuda,False,1,9,2,True,True,20,5
000000012576.jpg,MEDIUM,onnx_cuda,False,1,9,0,True,True,123,15
000000012639.jpg,MEDIUM,onnx_cuda,False,12,128,1,True,True,165,15
000000012667.jpg,MEDIUM,onnx_cuda,False,0,0,0,False,False,10,1
000000012670.jpg,MEDIUM,onnx_cuda,False,9,123,4,True,True,171,28
000000012748.jpg,MEDIUM,onnx_cuda,False,2,18,0,True,True,30,3
000000013004.jpg,MEDIUM,onnx_cuda,False,0,0,0,False,False,0,2
000000013177.jpg,MEDIUM,onnx_cuda,False,3,30,0,True,True,33,3
000000013201.jpg,MEDIUM,onnx_cuda,False,1,9,0,True,True,20,2
000000013291.jpg,MEDIUM,onnx_cuda,False,4,39,0,True,True,83,8
000000013348.jpg,MEDIUM,onnx_cuda,False,2,4,4,True,True,20,12
000000013546.jpg,MEDIUM,onnx_cuda,False,2,25,0,True,True,70,8
000000013597.jpg,MEDIUM,onnx_cuda,False,0,0,0,False,False,10,2
000000013659.jpg,MEDIUM,onnx_cuda,False,4,36,1,True,True,213,18
000000013729.jpg,MEDIUM,onnx_cuda,False,4,37,0,True,True,99,11
000000013774.jpg,MEDIUM,onnx_cuda,False,1,9,0,True,True,18,2
000000013923.jpg,MEDIUM,onnx_cuda,False,0,0,0,False,False,134,19
000000014007.jpg,MEDIUM,onnx_cuda,False,0,0,0,False,False,15,2
000000014038.jpg,MEDIUM,onnx_cuda,False,0,0,0,False,False,95,24
000000014226.jpg,MEDIUM,onnx_cuda,False,1,10,0,True,True,50,8
000000014380.jpg,MEDIUM,onnx_cuda,False,0,0,0,False,False,10,2
000000014439.jpg,MEDIUM,onnx_cuda,False,12,114,1,True,True,153,20
000000014473.jpg,MEDIUM,onnx_cuda,False,7,62,0,True,True,79,8
000000014831.jpg,MEDIUM,onnx_cuda,False,0,0,0,False,False,10,2
000000014888.jpg,MEDIUM,onnx_cuda,False,0,0,0,False,False,14,1
000000015079.jpg,MEDIUM,onnx_cuda,False,0,0,0,False,False,20,3
000000015254.jpg,MEDIUM,onnx_cuda,False,0,0,0,False,False,50,8
000000015272.jpg,MEDIUM,onnx_cuda,False,0,6,0,False,True,16,1
000000015278.jpg,MEDIUM,onnx_cuda,False,0,0,0,False,False,43,1
000000015335.jpg,MEDIUM,onnx_cuda,False,3,28,8,True,True,41,15
000000015338.jpg,MEDIUM,onnx_cuda,False,0,0,0,False,False,38,5
000000015440.jpg,MEDIUM,onnx_cuda,False,0,0,0,False,False,13,3
000000015497.jpg,MEDIUM,onnx_cuda,False,0,0,0,False,False,20,3
000000015517.jpg,MEDIUM,onnx_cuda,False,0,0,0,False,False,87,13
000000015597.jpg,MEDIUM,onnx_cuda,False,1,9,1,True,True,20,3
000000015660.jpg,MEDIUM,onnx_cuda,False,1,16,0,True,True,65,7
000000015746.jpg,MEDIUM,onnx_cuda,False,0,0,0,False,False,12,1
000000015751.jpg,MEDIUM,onnx_cuda,False,0,0,0,False,False,20,4
000000015956.jpg,MEDIUM,onnx_cuda,False,1,9,0,True,True,31,4
000000016010.jpg,MEDIUM,onnx_cuda,False,0,0,0,False,False,45,5
000000016228.jpg,MEDIUM,onnx_cuda,False,9,109,4,True,True,159,20
000000016249.jpg,MEDIUM,onnx_cuda,False,5,40,0,True,True,88,11
000000016439.jpg,MEDIUM,onnx_cuda,False,0,0,0,False,False,46,2
000000016451.jpg,MEDIUM,onnx_cuda,False,1,3,0,True,True,77,12
000000016502.jpg,MEDIUM,onnx_cuda,False,0,0,0,False,False,11,1
000000016598.jpg,MEDIUM,onnx_cuda,False,1,9,0,True,True,21,3
000000016958.jpg,MEDIUM,onnx_cuda,False,0,0,0,False,False,56,8
000000017029.jpg,MEDIUM,onnx_cuda,False,0,0,0,False,False,53,4
000000017031.jpg,MEDIUM,onnx_cuda,False,0,10,0,False,True,21,1
000000017115.jpg,MEDIUM,onnx_cuda,False,0,0,0,False,False,20,2
000000017178.jpg,MEDIUM,onnx_cuda,False,0,0,0,False,False,48,5
000000017182.jpg,MEDIUM,onnx_cuda,False,0,0,0,False,False,25,8
000000017207.jpg,MEDIUM,onnx_cuda,False,2,17,0,True,True,52,5
000000017379.jpg,MEDIUM,onnx_cuda,False,1,3,1,True,True,32,5
000000017436.jpg,MEDIUM,onnx_cuda,False,1,9,0,True,True,27,3
000000017627.jpg,MEDIUM,onnx_cuda,False,2,14,2,True,True,110,16
000000017714.jpg,MEDIUM,onnx_cuda,False,0,0,0,False,False,67,17
000000017899.jpg,MEDIUM,onnx_cuda,False,1,9,0,True,True,86,11
000000017905.jpg,MEDIUM,onnx_cuda,False,1,9,0,True,True,22,3
000000017959.jpg,MEDIUM,onnx_cuda,False,2,20,11,True,True,84,24
000000018150.jpg,MEDIUM,onnx_cuda,False,2,18,0,True,True,30,7
000000018193.jpg,MEDIUM,onnx_cuda,False,1,9,0,True,True,34,3
000000018380.jpg,MEDIUM,onnx_cuda,False,13,153,0,True,True,365,53
000000018491.jpg,MEDIUM,onnx_cuda,False,10,89,0,True,True,112,14
000000018519.jpg,MEDIUM,onnx_cuda,False,1,9,0,True,True,21,1
000000018575.jpg,MEDIUM,onnx_cuda,False,0,0,0,False,False,49,8
000000018737.jpg,MEDIUM,onnx_cuda,False,1,9,0,True,True,10,1
000000018770.jpg,MEDIUM,onnx_cuda,False,1,10,0,True,True,21,2
000000018833.jpg,MEDIUM,onnx_cuda,False,0,0,0,False,False,12,1
000000018837.jpg,MEDIUM,onnx_cuda,False,4,36,2,True,True,58,8
000000019042.jpg,MEDIUM,onnx_cuda,False,0,0,0,False,False,12,3
000000019109.jpg,MEDIUM,onnx_cuda,False,22,188,4,True,True,219,27
000000019221.jpg,MEDIUM,onnx_cuda,False,0,0,1,True,False,10,2
000000019402.jpg,MEDIUM,onnx_cuda,False,2,18,0,True,True,20,3
000000019432.jpg,MEDIUM,onnx_cuda,False,1,9,0,True,True,197,15
000000019742.jpg,MEDIUM,onnx_cuda,False,0,0,0,False,False,12,1
000000019786.jpg,MEDIUM,onnx_cuda,False,2,18,0,True,True,20,6
000000019924.jpg,MEDIUM,onnx_cuda,False,1,9,0,True,True,21,2
000000020059.jpg,MEDIUM,onnx_cuda,False,0,0,0,False,False,20,2
000000020107.jpg,MEDIUM,onnx_cuda,False,0,0,0,False,False,10,1
000000020247.jpg,MEDIUM,onnx_cuda,False,0,0,0,False,False,20,2
000000020333.jpg,MEDIUM,onnx_cuda,False,1,9,0,True,True,29,3
000000020553.jpg,MEDIUM,onnx_cuda,False,0,0,0,False,False,53,11
000000020571.jpg,MEDIUM,onnx_cuda,False,2,16,1,True,True,59,12
000000020992.jpg,MEDIUM,onnx_cuda,False,1,9,0,True,True,10,2
000000021167.jpg,MEDIUM,onnx_cuda,False,2,18,0,True,True,33,4
000000021465.jpg,MEDIUM,onnx_cuda,False,0,9,0,False,True,31,2
000000021503.jpg,MEDIUM,onnx_cuda,False,0,0,0,False,False,8,8
000000021604.jpg,MEDIUM,onnx_cuda,False,1,9,0,True,True,17,2
000000021839.jpg,MEDIUM,onnx_cuda,False,6,44,3,True,True,88,15
000000021879.jpg,MEDIUM,onnx_cuda,False,3,28,1,True,True,57,7
000000021903.jpg,MEDIUM,onnx_cuda,False,2,17,0,True,True,29,3
000000022192.jpg,MEDIUM,onnx_cuda,False,0,0,0,False,False,20,3
000000022371.jpg,MEDIUM,onnx_cuda,False,1,9,0,True,True,36,4
000000022396.jpg,MEDIUM,onnx_cuda,False,0,0,0,False,False,20,1
000000022479.jpg,MEDIUM,onnx_cuda,False,1,9,0,True,True,20,4
000000022589.jpg,MEDIUM,onnx_cuda,False,0,0,0,False,False,16,2
000000022623.jpg,MEDIUM,onnx_cuda,False,0,0,0,False,False,6,1
000000022705.jpg,MEDIUM,onnx_cuda,False,1,9,0,True,True,51,5
000000022755.jpg,MEDIUM,onnx_cuda,False,0,2,0,False,True,27,4
000000022892.jpg,MEDIUM,onnx_cuda,False,0,0,0,False,False,33,5
000000022935.jpg,MEDIUM,onnx_cuda,False,2,18,0,True,True,30,3
000000022969.jpg,MEDIUM,onnx_cuda,False,0,0,0,False,False,21,2
000000023023.jpg,MEDIUM,onnx_cuda,False,0,0,0,False,False,20,2
000000023034.jpg,MEDIUM,onnx_cuda,False,2,18,0,True,True,43,5
000000023126.jpg,MEDIUM,onnx_cuda,False,1,9,0,True,True,20,3
000000023230.jpg,MEDIUM,onnx_cuda,False,0,0,0,False,False,40,4
000000023272.jpg,MEDIUM,onnx_cuda,False,0,0,0,False,False,20,2
000000023359.jpg,MEDIUM,onnx_cuda,False,1,9,0,True,True,21,2
000000023666.jpg,MEDIUM,onnx_cuda,False,0,0,0,False,False,10,1
000000023751.jpg,MEDIUM,onnx_cuda,False,0,24,0,False,True,30,1
000000023781.jpg,MEDIUM,onnx_cuda,False,0,0,0,False,False,40,7
000000023899.jpg,MEDIUM,onnx_cuda,False,2,35,1,True,True,42,9
000000023937.jpg,MEDIUM,onnx_cuda,False,0,0,0,False,False,45,6
000000024021.jpg,MEDIUM,onnx_cuda,False,7,112,6,True,True,122,26
000000024027.jpg,MEDIUM,onnx_cuda,False,2,9,0,True,True,21,3
000000024144.jpg,MEDIUM,onnx_cuda,False,0,0,0,False,False,8,1
000000024243.jpg,MEDIUM,onnx_cuda,False,6,38,7,True,True,98,18
000000024567.jpg,MEDIUM,onnx_cuda,False,1,15,0,True,True,65,9
000000024610.jpg,MEDIUM,onnx_cuda,False,0,0,0,False,False,73,16
000000024919.jpg,MEDIUM,onnx_cuda,False,0,0,0,False,False,20,2
000000025057.jpg,MEDIUM,onnx_cuda,False,2,18,0,True,True,40,4
000000025096.jpg,MEDIUM,onnx_cuda,False,1,19,0,True,True,30,6
000000025139.jpg,MEDIUM,onnx_cuda,False,0,0,0,False,False,19,2
000000025181.jpg,MEDIUM,onnx_cuda,False,2,12,1,True,True,36,9
000000025228.jpg,MEDIUM,onnx_cuda,False,1,9,0,True,True,20,2
000000025386.jpg,MEDIUM,onnx_cuda,False,2,18,1,True,True,22,8
000000025393.jpg,MEDIUM,onnx_cuda,False,2,24,1,True,True,56,9
000000025394.jpg,MEDIUM,onnx_cuda,False,3,27,0,True,True,227,24
000000025424.jpg,MEDIUM,onnx_cuda,False,1,8,0,True,True,29,3
000000025560.jpg,MEDIUM,onnx_cuda,False,1,1,0,True,True,32,4
000000025593.jpg,MEDIUM,onnx_cuda,False,0,10,0,False,True,16,0
000000025603.jpg,MEDIUM,onnx_cuda,False,4,36,0,True,True,195,23
000000025986.jpg,MEDIUM,onnx_cuda,False,0,0,0,False,False,67,18
000000026204.jpg,MEDIUM,onnx_cuda,False,2,18,2,True,True,115,13
000000026465.jpg,MEDIUM,onnx_cuda,False,1,9,0,True,True,44,6
000000026564.jpg,MEDIUM,onnx_cuda,False,0,0,0,False,False,126,19
000000026690.jpg,MEDIUM,onnx_cuda,False,10,80,3,True,True,92,15
000000026926.jpg,MEDIUM,onnx_cuda,False,0,0,0,False,False,27,3
000000026941.jpg,MEDIUM,onnx_cuda,False,0,0,2,True,False,69,10
000000027186.jpg,MEDIUM,onnx_cuda,False,1,9,0,True,True,27,4
000000027620.jpg,MEDIUM,onnx_cuda,False,0,0,0,False,False,54,7
000000027696.jpg,MEDIUM,onnx_cuda,False,1,3,0,True,True,29,4
000000027768.jpg,MEDIUM,onnx_cuda,False,3,27,4,True,True,47,9
000000027932.jpg,MEDIUM,onnx_cuda,False,0,0,0,False,False,0,1
000000027972.jpg,MEDIUM,onnx_cuda,False,1,10,0,True,True,28,2
000000027982.jpg,MEDIUM,onnx_cuda,False,0,0,0,False,False,23,2
000000028285.jpg,MEDIUM,onnx_cuda,False,0,0,0,False,False,10,1
000000028449.jpg,MEDIUM,onnx_cuda,False,0,0,0,False,False,64,5
000000028452.jpg,MEDIUM,onnx_cuda,False,0,0,0,False,False,19,2
000000028809.jpg,MEDIUM,onnx_cuda,False,0,0,0,False,False,5,4
000000028993.jpg,MEDIUM,onnx_cuda,False,4,22,5,True,True,49,15
000000029187.jpg,MEDIUM,onnx_cuda,False,1,9,0,True,True,20,2
000000029393.jpg,MEDIUM,onnx_cuda,False,0,0,0,False,False,10,4
000000029397.jpg,MEDIUM,onnx_cuda,False,1,9,0,True,True,20,2
000000029596.jpg,MEDIUM,onnx_cuda,False,0,0,0,False,False,52,11
000000029640.jpg,MEDIUM,onnx_cuda,False,0,0,0,False,False,65,14
000000029675.jpg,MEDIUM,onnx_cuda,False,0,0,0,False,False,19,4
000000029984.jpg,MEDIUM,onnx_cuda,False,4,35,0,True,True,75,7
000000030213.jpg,MEDIUM,onnx_cuda,False,0,0,0,False,False,46,14
000000030494.jpg,MEDIUM,onnx_cuda,False,0,0,0,False,False,10,2
000000030504.jpg,MEDIUM,onnx_cuda,False,1,9,0,True,True,30,3
000000030675.jpg,MEDIUM,onnx_cuda,False,0,0,0,False,False,10,1
000000030785.jpg,MEDIUM,onnx_cuda,False,0,0,0,False,False,28,10
000000030828.jpg,MEDIUM,onnx_cuda,False,0,0,1,True,False,42,5
000000031050.jpg,MEDIUM,onnx_cuda,False,0,0,0,False,False,29,1
000000031093.jpg,MEDIUM,onnx_cuda,False,3,25,0,True,True,38,6
000000031118.jpg,MEDIUM,onnx_cuda,False,8,50,5,True,True,90,17
000000031217.jpg,MEDIUM,onnx_cuda,False,1,9,0,True,True,22,3
000000031248.jpg,MEDIUM,onnx_cuda,False,0,0,0,False,False,57,21
000000031269.jpg,MEDIUM,onnx_cuda,False,0,0,0,False,False,30,3
000000031296.jpg,MEDIUM,onnx_cuda,False,13,161,0,True,True,334,52
000000031322.jpg,MEDIUM,onnx_cuda,False,0,0,2,True,False,205,26
000000031620.jpg,MEDIUM,onnx_cuda,False,3,27,1,True,True,55,10
000000031735.jpg,MEDIUM,onnx_cuda,False,0,0,0,False,False,29,5
000000031749.jpg,MEDIUM,onnx_cuda,False,0,0,0,False,False,11,1
000000031817.jpg,MEDIUM,onnx_cuda,False,3,51,3,True,True,54,6
000000032038.jpg,MEDIUM,onnx_cuda,False,1,9,0,True,True,32,4
000000032081.jpg,MEDIUM,onnx_cuda,False,1,9,0,True,True,20,2
000000032285.jpg,MEDIUM,onnx_cuda,False,0,0,0,False,False,20,1
000000032334.jpg,MEDIUM,onnx_cuda,False,5,47,0,True,True,92,10
000000032570.jpg,MEDIUM,onnx_cuda,False,1,9,0,True,True,18,2
000000032610.jpg,MEDIUM,onnx_cuda,False,0,0,0,False,False,74,7
000000032735.jpg,MEDIUM,onnx_cuda,False,2,18,0,True,True,35,4
000000032811.jpg,MEDIUM,onnx_cuda,False,0,0,0,False,False,14,1
000000032817.jpg,MEDIUM,onnx_cuda,False,1,9,1,True,True,75,3
000000032861.jpg,MEDIUM,onnx_cuda,False,1,9,0,True,True,20,2
000000032887.jpg,MEDIUM,onnx_cuda,False,2,18,0,True,True,32,4
000000032901.jpg,MEDIUM,onnx_cuda,False,5,47,0,True,True,148,21
000000032941.jpg,MEDIUM,onnx_cuda,False,2,11,1,True,True,72,13
000000033005.jpg,MEDIUM,onnx_cuda,False,1,9,0,True,True,20,2
000000033104.jpg,MEDIUM,onnx_cuda,False,5,50,1,True,True,56,9
000000033109.jpg,MEDIUM,onnx_cuda,False,0,10,0,False,True,57,9
000000033114.jpg,MEDIUM,onnx_cuda,False,0,0,0,False,False,14,8
000000033221.jpg,MEDIUM,onnx_cuda,False,9,62,1,True,True,78,18
000000033368.jpg,MEDIUM,onnx_cuda,False,1,9,0,True,True,20,3
000000033638.jpg,MEDIUM,onnx_cuda,False,1,11,0,True,True,43,8
000000033707.jpg,MEDIUM,onnx_cuda,False,0,0,0,False,False,19,2
000000033759.jpg,MEDIUM,onnx_cuda,False,1,9,0,True,True,28,5
000000033854.jpg,MEDIUM,onnx_cuda,False,12,78,5,True,True,127,22
000000034071.jpg,MEDIUM,onnx_cuda,False,0,0,0,False,False,20,2
000000034139.jpg,MEDIUM,onnx_cuda,False,2,18,0,True,True,37,4
000000034205.jpg,MEDIUM,onnx_cuda,False,0,0,0,False,False,20,3
000000034257.jpg,MEDIUM,onnx_cuda,False,0,0,0,False,False,39,6
000000034417.jpg,MEDIUM,onnx_cuda,False,5,61,1,True,True,150,20
000000034452.jpg,MEDIUM,onnx_cuda,False,1,9,0,True,True,22,3
000000034760.jpg,MEDIUM,onnx_cuda,False,0,0,0,False,False,39,4
000000034873.jpg,MEDIUM,onnx_cuda,False,0,0,0,False,False,69,9
000000035062.jpg,MEDIUM,onnx_cuda,False,0,0,1,True,False,10,2
000000035197.jpg,MEDIUM,onnx_cuda,False,2,18,0,True,True,30,3
000000035279.jpg,MEDIUM,onnx_cuda,False,1,9,0,True,True,86,9
000000035326.jpg,MEDIUM,onnx_cuda,False,0,0,0,False,False,8,6
000000035682.jpg,MEDIUM,onnx_cuda,False,4,33,0,True,True,93,18
000000035770.jpg,MEDIUM,onnx_cuda,False,0,0,0,False,False,12,4
000000035963.jpg,MEDIUM,onnx_cuda,False,0,0,0,False,False,13,2
000000036494.jpg,MEDIUM,onnx_cuda,False,9,107,4,True,True,207,49
000000036539.jpg,MEDIUM,onnx_cuda,False,2,18,0,True,True,30,3
000000036660.jpg,MEDIUM,onnx_cuda,False,0,7,1,True,True,47,5
000000036678.jpg,MEDIUM,onnx_cuda,False,0,0,0,False,False,49,6
000000036844.jpg,MEDIUM,onnx_cuda,False,1,9,0,True,True,99,14
000000036861.jpg,MEDIUM,onnx_cuda,False,0,0,0,False,False,33,2
000000036936.jpg,MEDIUM,onnx_cuda,False,2,15,0,True,True,143,22
000000037670.jpg,MEDIUM,onnx_cuda,False,0,10,1,True,True,19,3
000000037689.jpg,MEDIUM,onnx_cuda,False,9,77,4,True,True,109,15
000000037740.jpg,MEDIUM,onnx_cuda,False,0,0,0,False,False,68,22
000000037751.jpg,MEDIUM,onnx_cuda,False,3,19,0,True,True,22,4
000000037777.jpg,MEDIUM,onnx_cuda,False,0,0,0,False,False,51,14
000000037988.jpg,MEDIUM,onnx_cuda,False,3,27,0,True,True,42,5
000000038048.jpg,MEDIUM,onnx_cuda,False,1,14,0,True,True,25,4
000000038070.jpg,MEDIUM,onnx_cuda,False,0,0,0,False,False,10,1
000000038118.jpg,MEDIUM,onnx_cuda,False,1,9,0,True,True,18,2
000000038210.jpg,MEDIUM,onnx_cuda,False,2,18,0,True,True,34,3
000000038576.jpg,MEDIUM,onnx_cuda,False,0,0,0,False,False,59,4
000000038678.jpg,MEDIUM,onnx_cuda,False,3,27,1,True,True,61,7
000000038825.jpg,MEDIUM,onnx_cuda,False,0,0,0,False,False,19,2
000000038829.jpg,MEDIUM,onnx_cuda,False,9,85,2,True,True,95,12
000000039405.jpg,MEDIUM,onnx_cuda,False,5,91,8,True,True,137,29
000000039477.jpg,MEDIUM,onnx_cuda,False,0,0,0,False,False,59,15
000000039480.jpg,MEDIUM,onnx_cuda,False,1,31,0,True,True,42,2
000000039484.jpg,MEDIUM,onnx_cuda,False,4,22,9,True,True,141,35
000000039551.jpg,MEDIUM,onnx_cuda,False,1,9,0,True,True,24,3
000000039670.jpg,MEDIUM,onnx_cuda,False,0,0,0,False,False,10,1
000000039769.jpg,MEDIUM,onnx_cuda,False,0,0,0,False,False,51,6
000000039785.jpg,MEDIUM,onnx_cuda,False,2,14,1,True,True,35,6
000000039914.jpg,MEDIUM,onnx_cuda,False,8,25,2,True,True,47,11
000000039951.jpg,MEDIUM,onnx_cuda,False,2,10,1,True,True,25,5
000000039956.jpg,MEDIUM,onnx_cuda,False,0,0,0,False,False,26,2
000000040036.jpg,MEDIUM,onnx_cuda,False,1,9,0,True,True,20,3
000000040083.jpg,MEDIUM,onnx_cuda,False,5,37,0,True,True,82,11
000000040471.jpg,MEDIUM,onnx_cuda,False,0,0,0,False,False,56,20
000000040757.jpg,MEDIUM,onnx_cuda,False,1,10,0,True,True,28,3
000000041488.jpg,MEDIUM,onnx_cuda,False,0,0,0,False,False,0,0
000000041633.jpg,MEDIUM,onnx_cuda,False,0,0,0,False,False,31,3
000000041635.jpg,MEDIUM,onnx_cuda,False,0,0,0,False,False,45,4
000000041872.jpg,MEDIUM,onnx_cuda,False,0,0,0,False,False,56,5
000000041888.jpg,MEDIUM,onnx_cuda,False,0,0,0,False,False,30,3
000000041990.jpg,MEDIUM,onnx_cuda,False,3,27,0,True,True,38,4
000000042070.jpg,MEDIUM,onnx_cuda,False,0,0,1,True,False,17,3
000000042102.jpg,MEDIUM,onnx_cuda,False,1,9,0,True,True,29,3
000000042178.jpg,MEDIUM,onnx_cuda,False,0,0,0,False,False,3,3
000000042276.jpg,MEDIUM,onnx_cuda,False,0,0,0,False,False,23,2
000000042296.jpg,MEDIUM,onnx_cuda,False,0,0,0,False,False,38,4
000000042528.jpg,MEDIUM,onnx_cuda,False,1,14,0,True,True,31,3
000000042563.jpg,MEDIUM,onnx_cuda,False,0,0,0,False,False,10,1
000000042628.jpg,MEDIUM,onnx_cuda,False,5,47,0,True,True,62,8
000000042888.jpg,MEDIUM,onnx_cuda,False,0,0,0,False,False,0,0
000000042889.jpg,MEDIUM,onnx_cuda,False,0,0,0,False,False,30,2
000000043314.jpg,MEDIUM,onnx_cuda,False,2,7,1,True,True,32,5
000000043435.jpg,MEDIUM,onnx_cuda,False,2,18,0,True,True,28,5
000000043581.jpg,MEDIUM,onnx_cuda,False,0,0,0,False,False,37,4
000000043737.jpg,MEDIUM,onnx_cuda,False,0,0,0,False,False,53,6
000000043816.jpg,MEDIUM,onnx_cuda,False,2,22,0,True,True,50,5
000000044068.jpg,MEDIUM,onnx_cuda,False,0,0,0,False,False,18,2
000000044195.jpg,MEDIUM,onnx_cuda,False,2,13,0,True,True,21,3
000000044260.jpg,MEDIUM,onnx_cuda,False,0,0,0,False,False,8,6
000000044279.jpg,MEDIUM,onnx_cuda,False,2,18,0,True,True,31,11
000000044590.jpg,MEDIUM,onnx_cuda,False,22,191,2,True,True,214,25
000000044652.jpg,MEDIUM,onnx_cuda,False,0,0,0,False,False,10,1
000000044699.jpg,MEDIUM,onnx_cuda,False,0,0,0,False,False,40,4
000000044877.jpg,MEDIUM,onnx_cuda,False,2,23,1,True,True,45,6
000000045070.jpg,MEDIUM,onnx_cuda,False,1,18,0,True,True,20,2
000000045090.jpg,MEDIUM,onnx_cuda,False,2,21,0,True,True,30,4
000000045229.jpg,MEDIUM,onnx_cuda,False,0,0,0,False,False,73,22
000000045472.jpg,MEDIUM,onnx_cuda,False,0,0,0,False,False,115,6
000000045550.jpg,MEDIUM,onnx_cuda,False,5,57,2,True,True,91,10
000000045596.jpg,MEDIUM,onnx_cuda,False,6,40,3,True,True,60,12
000000045728.jpg,MEDIUM,onnx_cuda,False,0,0,0,False,False,10,2
000000046031.jpg,MEDIUM,onnx_cuda,False,0,0,0,False,False,61,6
000000046048.jpg,MEDIUM,onnx_cuda,False,1,9,0,True,True,30,4
000000046252.jpg,MEDIUM,onnx_cuda,False,3,27,0,True,True,50,5
000000046378.jpg,MEDIUM,onnx_cuda,False,0,0,0,False,False,11,2
000000046463.jpg,MEDIUM,onnx_cuda,False,0,0,1,True,False,0,3
000000046497.jpg,MEDIUM,onnx_cuda,False,3,26,0,True,True,40,4
000000046804.jpg,MEDIUM,onnx_cuda,False,0,0,0,False,False,10,1
000000046872.jpg,MEDIUM,onnx_cuda,False,1,20,1,True,True,59,6
000000047010.jpg,MEDIUM,onnx_cuda,False,0,0,0,False,False,30,4
000000047112.jpg,MEDIUM,onnx_cuda,False,0,6,1,True,True,120,25
000000047121.jpg,MEDIUM,onnx_cuda,False,0,0,0,False,False,33,4
000000047571.jpg,MEDIUM,onnx_cuda,False,2,19,0,True,True,31,3
000000047585.jpg,MEDIUM,onnx_cuda,False,4,34,1,True,True,60,7
000000047740.jpg,MEDIUM,onnx_cuda,False,2,19,2,True,True,32,6
000000047769.jpg,MEDIUM,onnx_cuda,False,0,0,0,False,False,45,6
000000047801.jpg,MEDIUM,onnx_cuda,False,1,9,4,True,True,26,7
000000047819.jpg,MEDIUM,onnx_cuda,False,1,9,0,True,True,46,4
000000047828.jpg,MEDIUM,onnx_cuda,False,9,72,2,True,True,93,13
000000048153.jpg,MEDIUM,onnx_cuda,False,1,9,0,True,True,10,2
000000048396.jpg,MEDIUM,onnx_cuda,False,2,18,0,True,True,43,7
000000048504.jpg,MEDIUM,onnx_cuda,False,2,18,0,True,True,50,6
000000048555.jpg,MEDIUM,onnx_cuda,False,1,9,2,True,True,39,6
000000048564.jpg,MEDIUM,onnx_cuda,False,1,9,0,True,True,12,2
000000048924.jpg,MEDIUM,onnx_cuda,False,1,9,0,True,True,19,3
000000049060.jpg,MEDIUM,onnx_cuda,False,4,31,2,True,True,45,7
000000049091.jpg,MEDIUM,onnx_cuda,False,0,0,0,False,False,0,0
000000049259.jpg,MEDIUM,onnx_cuda,False,1,9,0,True,True,14,1
000000049269.jpg,MEDIUM,onnx_cuda,False,0,0,0,False,False,20,2
000000049759.jpg,MEDIUM,onnx_cuda,False,12,141,1,True,True,164,14
000000049761.jpg,MEDIUM,onnx_cuda,False,0,0,0,False,False,42,17
000000049810.jpg,MEDIUM,onnx_cuda,False,0,0,0,False,False,30,3
000000050006.jpg,MEDIUM,onnx_cuda,False,0,0,2,True,False,38,11
000000050145.jpg,MEDIUM,onnx_cuda,False,6,56,2,True,True,74,11
000000050149.jpg,MEDIUM,onnx_cuda,False,0,0,0,False,False,101,14
000000050165.jpg,MEDIUM,onnx_cuda,False,0,0,0,False,False,10,1
000000050326.jpg,MEDIUM,onnx_cuda,False,1,9,0,True,True,12,3
000000050331.jpg,MEDIUM,onnx_cuda,False,0,0,0,False,False,21,4
000000050380.jpg,MEDIUM,onnx_cuda,False,3,29,0,True,True,61,5
000000050638.jpg,MEDIUM,onnx_cuda,False,1,9,0,True,True,19,2
000000050679.jpg,MEDIUM,onnx_cuda,False,0,0,0,False,False,82,13
000000050811.jpg,MEDIUM,onnx_cuda,False,1,9,0,True,True,71,9
000000050828.jpg,MEDIUM,onnx_cuda,False,0,0,0,False,False,30,4
000000050844.jpg,MEDIUM,onnx_cuda,False,0,0,0,False,False,22,2
000000050896.jpg,MEDIUM,onnx_cuda,False,0,0,0,False,False,90,14
000000050943.jpg,MEDIUM,onnx_cuda,False,1,8,0,True,True,9,2
000000051008.jpg,MEDIUM,onnx_cuda,False,0,0,0,False,False,26,2
000000051309.jpg,MEDIUM,onnx_cuda,False,0,0,0,False,False,47,4
000000051314.jpg,MEDIUM,onnx_cuda,False,1,9,0,True,True,20,2
000000051326.jpg,MEDIUM,onnx_cuda,False,0,10,0,False,True,46,1
000000051598.jpg,MEDIUM,onnx_cuda,False,0,0,0,False,False,19,2
000000051610.jpg,MEDIUM,onnx_cuda,False,1,9,0,True,True,33,3
000000051712.jpg,MEDIUM,onnx_cuda,False,1,9,0,True,True,20,2
000000051738.jpg,MEDIUM,onnx_cuda,False,0,0,0,False,False,42,3
000000051938.jpg,MEDIUM,onnx_cuda,False,9,29,2,True,True,38,13
000000051961.jpg,MEDIUM,onnx_cuda,False,0,0,0,False,False,10,1
000000051976.jpg,MEDIUM,onnx_cuda,False,1,9,0,True,True,19,2
000000052007.jpg,MEDIUM,onnx_cuda,False,4,36,2,True,True,54,8
000000052017.jpg,MEDIUM,onnx_cuda,False,0,0,1,True,False,10,2
000000052412.jpg,MEDIUM,onnx_cuda,False,0,0,0,False,False,10,16
000000052413.jpg,MEDIUM,onnx_cuda,False,2,28,0,True,True,63,5
000000052462.jpg,MEDIUM,onnx_cuda,False,0,0,0,False,False,22,2
000000052507.jpg,MEDIUM,onnx_cuda,False,1,8,0,True,True,20,2
000000052565.jpg,MEDIUM,onnx_cuda,False,0,0,0,False,False,10,1
000000052591.jpg,MEDIUM,onnx_cuda,False,1,9,0,True,True,18,2
000000052891.jpg,MEDIUM,onnx_cuda,False,0,0,6,True,False,20,8
000000052996.jpg,MEDIUM,onnx_cuda,False,5,45,2,True,True,113,23
000000053505.jpg,MEDIUM,onnx_cuda,False,0,0,0,False,False,81,9
000000053529.jpg,MEDIUM,onnx_cuda,False,1,9,0,True,True,26,3
000000053624.jpg,MEDIUM,onnx_cuda,False,4,36,1,True,True,50,6
000000053626.jpg,MEDIUM,onnx_cuda,False,4,36,0,True,True,64,9
000000053909.jpg,MEDIUM,onnx_cuda,False,1,1,0,True,True,25,2
000000053994.jpg,MEDIUM,onnx_cuda,False,0,0,0,False,False,20,4
000000054123.jpg,MEDIUM,onnx_cuda,False,0,0,0,False,False,42,6
000000054164.jpg,MEDIUM,onnx_cuda,False,1,9,0,True,True,18,2
000000054592.jpg,MEDIUM,onnx_cuda,False,2,18,0,True,True,41,5
000000054593.jpg,MEDIUM,onnx_cuda,False,7,59,0,True,True,108,18
000000054605.jpg,MEDIUM,onnx_cuda,False,2,22,2,True,True,126,15
000000054628.jpg,MEDIUM,onnx_cuda,False,1,8,0,True,True,87,23
000000054654.jpg,MEDIUM,onnx_cuda,False,1,9,0,True,True,22,2
000000054931.jpg,MEDIUM,onnx_cuda,False,1,9,0,True,True,20,2
000000054967.jpg,MEDIUM,onnx_cuda,False,1,10,0,True,True,113,16
000000055002.jpg,MEDIUM,onnx_cuda,False,1,5,0,True,True,26,2
000000055022.jpg,MEDIUM,onnx_cuda,False,8,31,1,True,True,39,9
000000055072.jpg,MEDIUM,onnx_cuda,False,0,0,0,False,False,10,1
000000055150.jpg,MEDIUM,onnx_cuda,False,2,21,0,True,True,140,15
000000055167.jpg,MEDIUM,onnx_cuda,False,4,16,2,True,True,56,11
000000055299.jpg,MEDIUM,onnx_cuda,False,0,0,0,False,False,12,3
000000055528.jpg,MEDIUM,onnx_cuda,False,1,8,0,True,True,37,7
000000055950.jpg,MEDIUM,onnx_cuda,False,1,9,0,True,True,25,3
000000056127.jpg,MEDIUM,onnx_cuda,False,0,0,0,False,False,46,8
000000056288.jpg,MEDIUM,onnx_cuda,False,0,0,0,False,False,46,3
000000056344.jpg,MEDIUM,onnx_cuda,False,0,0,0,False,False,71,7
000000056350.jpg,MEDIUM,onnx_cuda,False,0,0,9,True,False,0,10
000000056545.jpg,MEDIUM,onnx_cuda,False,0,0,0,False,False,10,1
000000057027.jpg,MEDIUM,onnx_cuda,False,0,0,0,False,False,40,4
000000057149.jpg,MEDIUM,onnx_cuda,False,0,0,0,False,False,23,6
000000057150.jpg,MEDIUM,onnx_cuda,False,9,89,3,True,True,137,23
000000057232.jpg,MEDIUM,onnx_cuda,False,0,0,0,False,False,45,15
000000057238.jpg,MEDIUM,onnx_cuda,False,0,0,0,False,False,31,4
000000057244.jpg,MEDIUM,onnx_cuda,False,0,0,0,False,False,13,1
000000057597.jpg,MEDIUM,onnx_cuda,False,10,77,3,True,True,116,32
000000057672.jpg,MEDIUM,onnx_cuda,False,10,87,1,True,True,124,16
000000057725.jpg,MEDIUM,onnx_cuda,False,0,0,0,False,False,20,2
000000057760.jpg,MEDIUM,onnx_cuda,False,11,54,2,True,True,69,18
000000058029.jpg,MEDIUM,onnx_cuda,False,0,0,0,False,False,27,2
000000058111.jpg,MEDIUM,onnx_cuda,False,0,0,0,False,False,22,6
000000058350.jpg,MEDIUM,onnx_cuda,False,2,18,0,True,True,35,6
000000058384.jpg,MEDIUM,onnx_cuda,False,0,0,0,False,False,32,4
000000058393.jpg,MEDIUM,onnx_cuda,False,0,25,2,True,True,35,3
000000058539.jpg,MEDIUM,onnx_cuda,False,5,46,0,True,True,95,11
000000058636.jpg,MEDIUM,onnx_cuda,False,0,0,0,False,False,0,0
000000058655.jpg,MEDIUM,onnx_cuda,False,0,0,0,False,False,45,1
000000058705.jpg,MEDIUM,onnx_cuda,False,2,18,0,True,True,39,4
000000059044.jpg,MEDIUM,onnx_cuda,False,8,77,5,True,True,135,19
000000059386.jpg,MEDIUM,onnx_cuda,False,0,0,0,False,False,65,10
000000059598.jpg,MEDIUM,onnx_cuda,False,2,24,0,True,True,109,10
000000059635.jpg,MEDIUM,onnx_cuda,False,12,315,6,True,True,366,25
000000059920.jpg,MEDIUM,onnx_cuda,False,0,0,0,False,False,31,2
000000060052.jpg,MEDIUM,onnx_cuda,False,1,9,0,True,True,10,2
000000060090.jpg,MEDIUM,onnx_cuda,False,3,13,2,True,True,26,6
000000060102.jpg,MEDIUM,onnx_cuda,False,2,18,0,True,True,30,3
000000060347.jpg,MEDIUM,onnx_cuda,False,1,9,0,True,True,20,2
000000060363.jpg,MEDIUM,onnx_cuda,False,0,0,0,False,False,12,13
000000060449.jpg,MEDIUM,onnx_cuda,False,0,0,0,False,False,30,5
000000060507.jpg,MEDIUM,onnx_cuda,False,8,92,5,True,True,112,19
000000060770.jpg,MEDIUM,onnx_cuda,False,0,0,0,False,False,20,2
000000060823.jpg,MEDIUM,onnx_cuda,False,1,8,1,True,True,263,28
000000060835.jpg,MEDIUM,onnx_cuda,False,0,0,0,False,False,13,3
000000060855.jpg,MEDIUM,onnx_cuda,False,0,0,0,False,False,74,7
000000060886.jpg,MEDIUM,onnx_cuda,False,12,114,1,True,True,127,14
000000060899.jpg,MEDIUM,onnx_cuda,False,1,9,0,True,True,51,8
000000060932.jpg,MEDIUM,onnx_cuda,False,10,87,2,True,True,123,17
000000061108.jpg,MEDIUM,onnx_cuda,False,1,13,0,True,True,26,9
000000061171.jpg,MEDIUM,onnx_cuda,False,0,0,0,False,False,67,7
000000061268.jpg,MEDIUM,onnx_cuda,False,1,9,0,True,True,31,7
000000061333.jpg,MEDIUM,onnx_cuda,False,0,0,0,False,False,38,14
000000061418.jpg,MEDIUM,onnx_cuda,False,7,61,0,True,True,130,15
000000061471.jpg,MEDIUM,onnx_cuda,False,0,0,0,False,False,19,3
000000061584.jpg,MEDIUM,onnx_cuda,False,1,12,1,True,True,43,6
000000061658.jpg,MEDIUM,onnx_cuda,False,0,0,0,False,False,69,12
000000061747.jpg,MEDIUM,onnx_cuda,False,1,9,0,True,True,20,2
000000061960.jpg,MEDIUM,onnx_cuda,False,1,9,0,True,True,17,4
000000062025.jpg,MEDIUM,onnx_cuda,False,0,0,0,False,False,46,6
000000062353.jpg,MEDIUM,onnx_cuda,False,3,32,3,True,True,67,9
000000062355.jpg,MEDIUM,onnx_cuda,False,5,45,0,True,True,61,7
000000062554.jpg,MEDIUM,onnx_cuda,False,0,0,0,False,False,38,6
000000062692.jpg,MEDIUM,onnx_cuda,False,1,9,0,True,True,16,3
000000062808.jpg,MEDIUM,onnx_cuda,False,2,18,1,True,True,74,14
000000063047.jpg,MEDIUM,onnx_cuda,False,5,34,1,True,True,39,7
000000063154.jpg,MEDIUM,onnx_cuda,False,1,9,0,True,True,19,2
000000063552.jpg,MEDIUM,onnx_cuda,False,0,0,0,False,False,10,2
000000063602.jpg,MEDIUM,onnx_cuda,False,0,0,0,False,False,37,8
000000063740.jpg,MEDIUM,onnx_cuda,False,2,16,1,True,True,98,11
000000063965.jpg,MEDIUM,onnx_cuda,False,1,7,0,True,True,28,3
000000064084.jpg,MEDIUM,onnx_cuda,False,0,0,1,True,False,39,17
000000064359.jpg,MEDIUM,onnx_cuda,False,0,0,0,False,False,70,7
000000064462.jpg,MEDIUM,onnx_cuda,False,1,9,0,True,True,19,2
000000064495.jpg,MEDIUM,onnx_cuda,False,0,0,0,False,False,10,1
000000064499.jpg,MEDIUM,onnx_cuda,False,0,0,0,False,False,26,2
000000064523.jpg,MEDIUM,onnx_cuda,False,11,98,0,True,True,195,23
000000064574.jpg,MEDIUM,onnx_cuda,False,0,0,0,False,False,0,0
000000064718.jpg,MEDIUM,onnx_cuda,False,1,9,0,True,True,27,3
000000064868.jpg,MEDIUM,onnx_cuda,False,1,9,0,True,True,38,6
000000064898.jpg,MEDIUM,onnx_cuda,False,2,19,0,True,True,41,4
000000065074.jpg,MEDIUM,onnx_cuda,False,0,0,0,False,False,10,2
000000065288.jpg,MEDIUM,onnx_cuda,False,8,83,9,True,True,195,37
000000065350.jpg,MEDIUM,onnx_cuda,False,5,38,2,True,True,66,15
000000065455.jpg,MEDIUM,onnx_cuda,False,3,27,10,True,True,48,15
000000065485.jpg,MEDIUM,onnx_cuda,False,0,0,0,False,False,20,2
000000065736.jpg,MEDIUM,onnx_cuda,False,1,9,0,True,True,26,3
000000065798.jpg,MEDIUM,onnx_cuda,False,4,47,9,True,True,53,17
000000066038.jpg,MEDIUM,onnx_cuda,False,2,19,4,True,True,126,16
000000066135.jpg,MEDIUM,onnx_cuda,False,0,0,0,False,False,10,1
000000066231.jpg,MEDIUM,onnx_cuda,False,6,54,3,True,True,124,26
000000066523.jpg,MEDIUM,onnx_cuda,False,0,0,0,False,False,10,1
000000066561.jpg,MEDIUM,onnx_cuda,False,0,0,0,False,False,19,2
000000066635.jpg,MEDIUM,onnx_cuda,False,0,0,0,False,False,30,4
000000066706.jpg,MEDIUM,onnx_cuda,False,0,0,3,True,False,15,8
000000066771.jpg,MEDIUM,onnx_cuda,False,2,18,0,True,True,90,11
000000066817.jpg,MEDIUM,onnx_cuda,False,0,0,0,False,False,29,11
000000066841.jpg,MEDIUM,onnx_cuda,False,0,0,0,False,False,15,7
000000066886.jpg,MEDIUM,onnx_cuda,False,1,9,0,True,True,15,1
000000066926.jpg,MEDIUM,onnx_cuda,False,0,0,0,False,False,114,12
000000067180.jpg,MEDIUM,onnx_cuda,False,1,9,0,True,True,19,2
000000067213.jpg,MEDIUM,onnx_cuda,False,7,57,1,True,True,128,14
000000067310.jpg,MEDIUM,onnx_cuda,False,3,42,2,True,True,55,6
000000067315.jpg,MEDIUM,onnx_cuda,False,2,9,0,True,True,22,4
000000067406.jpg,MEDIUM,onnx_cuda,False,3,23,0,True,True,36,4
000000067534.jpg,MEDIUM,onnx_cuda,False,1,9,0,True,True,21,3
000000067616.jpg,MEDIUM,onnx_cuda,False,5,42,1,True,True,156,37
000000067896.jpg,MEDIUM,onnx_cuda,False,0,0,0,False,False,10,1
000000068078.jpg,MEDIUM,onnx_cuda,False,0,0,0,False,False,36,4
000000068093.jpg,MEDIUM,onnx_cuda,False,4,35,0,True,True,60,5
000000068286.jpg,MEDIUM,onnx_cuda,False,0,0,0,False,False,10,1
000000068387.jpg,MEDIUM,onnx_cuda,False,4,35,0,True,True,52,7
000000068409.jpg,MEDIUM,onnx_cuda,False,10,99,0,True,True,118,16
000000068628.jpg,MEDIUM,onnx_cuda,False,1,9,0,True,True,20,2
000000068765.jpg,MEDIUM,onnx_cuda,False,0,0,0,False,False,30,2
000000068833.jpg,MEDIUM,onnx_cuda,False,0,0,0,False,False,60,9
000000068933.jpg,MEDIUM,onnx_cuda,False,0,0,0,False,False,30,3
000000069106.jpg,MEDIUM,onnx_cuda,False,0,0,0,False,False,42,4
000000069138.jpg,MEDIUM,onnx_cuda,False,0,0,0,False,False,20,2
000000069213.jpg,MEDIUM,onnx_cuda,False,6,53,2,True,True,70,8
000000069224.jpg,MEDIUM,onnx_cuda,False,2,32,0,True,True,83,13
000000069356.jpg,MEDIUM,onnx_cuda,False,6,50,0,True,True,86,22
000000069795.jpg,MEDIUM,onnx_cuda,False,0,0,0,False,False,18,2
000000070048.jpg,MEDIUM,onnx_cuda,False,0,0,0,False,False,50,6
000000070158.jpg,MEDIUM,onnx_cuda,False,0,0,0,False,False,30,3
000000070229.jpg,MEDIUM,onnx_cuda,False,1,8,0,True,True,18,4
000000070254.jpg,MEDIUM,onnx_cuda,False,7,61,0,True,True,118,16
000000070739.jpg,MEDIUM,onnx_cuda,False,2,31,1,True,True,56,5
000000070774.jpg,MEDIUM,onnx_cuda,False,3,12,1,True,True,15,12
000000071226.jpg,MEDIUM,onnx_cuda,False,0,0,0,False,False,57,6
000000071451.jpg,MEDIUM,onnx_cuda,False,0,0,0,False,False,12,1
000000071711.jpg,MEDIUM,onnx_cuda,False,8,79,2,True,True,103,15
000000071756.jpg,MEDIUM,onnx_cuda,False,0,0,0,False,False,20,2
000000071877.jpg,MEDIUM,onnx_cuda,False,1,9,0,True,True,20,3
000000071938.jpg,MEDIUM,onnx_cuda,False,1,8,0,True,True,28,3
000000072281.jpg,MEDIUM,onnx_cuda,False,1,9,0,True,True,20,2
000000072795.jpg,MEDIUM,onnx_cuda,False,11,117,1,True,True,130,14
000000072813.jpg,MEDIUM,onnx_cuda,False,0,4,0,False,True,48,3
000000072852.jpg,MEDIUM,onnx_cuda,False,3,26,0,True,True,33,4
000000073118.jpg,MEDIUM,onnx_cuda,False,0,0,0,False,False,22,2
000000073153.jpg,MEDIUM,onnx_cuda,False,1,9,0,True,True,10,2
000000073326.jpg,MEDIUM,onnx_cuda,False,0,0,0,False,False,118,14
000000073533.jpg,MEDIUM,onnx_cuda,False,2,22,0,True,True,43,4
000000073702.jpg,MEDIUM,onnx_cuda,False,2,17,0,True,True,40,6
000000073946.jpg,MEDIUM,onnx_cuda,False,2,18,1,True,True,33,5
000000074058.jpg,MEDIUM,onnx_cuda,False,4,39,3,True,True,141,27
000000074092.jpg,MEDIUM,onnx_cuda,False,5,34,8,True,True,51,15
000000074200.jpg,MEDIUM,onnx_cuda,False,2,11,4,True,True,41,9
000000074209.jpg,MEDIUM,onnx_cuda,False,0,0,0,False,False,106,21
000000074256.jpg,MEDIUM,onnx_cuda,False,3,37,2,True,True,79,13
000000074457.jpg,MEDIUM,onnx_cuda,False,1,11,0,True,True,22,2
000000074646.jpg,MEDIUM,onnx_cuda,False,5,21,5,True,True,46,13
000000074733.jpg,MEDIUM,onnx_cuda,False,1,5,1,True,True,164,19
000000074860.jpg,MEDIUM,onnx_cuda,False,1,9,0,True,True,21,2
000000075393.jpg,MEDIUM,onnx_cuda,False,0,0,0,False,False,11,4
000000075456.jpg,MEDIUM,onnx_cuda,False,0,0,0,False,False,10,1
000000075612.jpg,MEDIUM,onnx_cuda,False,12,102,0,True,True,146,20
000000076211.jpg,MEDIUM,onnx_cuda,False,0,0,0,False,False,14,1
000000076261.jpg,MEDIUM,onnx_cuda,False,0,0,0,False,False,18,2
000000076416.jpg,MEDIUM,onnx_cuda,False,3,14,2,True,True,47,7
000000076417.jpg,MEDIUM,onnx_cuda,False,0,0,0,False,False,40,5
000000076468.jpg,MEDIUM,onnx_cuda,False,7,102,6,True,True,235,25
000000076547.jpg,MEDIUM,onnx_cuda,False,2,18,0,True,True,84,13
000000076625.jpg,MEDIUM,onnx_cuda,False,7,57,3,True,True,84,15
000000076731.jpg,MEDIUM,onnx_cuda,False,0,0,0,False,False,13,1
000000077396.jpg,MEDIUM,onnx_cuda,False,0,0,0,False,False,57,9
000000077460.jpg,MEDIUM,onnx_cuda,False,7,43,6,True,True,88,26
000000077595.jpg,MEDIUM,onnx_cuda,False,0,0,0,False,False,31,3
000000078032.jpg,MEDIUM,onnx_cuda,False,0,0,0,False,False,22,3
000000078170.jpg,MEDIUM,onnx_cuda,False,2,18,0,True,True,38,10
000000078266.jpg,MEDIUM,onnx_cuda,False,0,0,0,False,False,23,15
000000078404.jpg,MEDIUM,onnx_cuda,False,3,24,0,True,True,45,6
000000078420.jpg,MEDIUM,onnx_cuda,False,0,0,0,False,False,36,3
000000078426.jpg,MEDIUM,onnx_cuda,False,0,0,0,False,False,22,3
000000078565.jpg,MEDIUM,onnx_cuda,False,10,59,3,True,True,148,24
000000078748.jpg,MEDIUM,onnx_cuda,False,16,149,1,True,True,178,19
000000078823.jpg,MEDIUM,onnx_cuda,False,0,0,0,False,False,47,5
000000078843.jpg,MEDIUM,onnx_cuda,False,2,17,0,True,True,29,3
000000078915.jpg,MEDIUM,onnx_cuda,False,10,85,0,True,True,202,12
000000078959.jpg,MEDIUM,onnx_cuda,False,0,0,0,False,False,9,13
000000079014.jpg,MEDIUM,onnx_cuda,False,1,9,0,True,True,10,2
000000079031.jpg,MEDIUM,onnx_cuda,False,1,9,0,True,True,20,2
000000079034.jpg,MEDIUM,onnx_cuda,False,0,0,0,False,False,15,6
000000079144.jpg,MEDIUM,onnx_cuda,False,0,0,0,False,False,20,2
000000079188.jpg,MEDIUM,onnx_cuda,False,0,0,0,False,False,21,1
000000079229.jpg,MEDIUM,onnx_cuda,False,1,9,0,True,True,30,3
000000079408.jpg,MEDIUM,onnx_cuda,False,0,0,0,False,False,10,1
000000079565.jpg,MEDIUM,onnx_cuda,False,0,0,0,False,False,20,2
000000079588.jpg,MEDIUM,onnx_cuda,False,4,31,1,True,True,46,6
000000079651.jpg,MEDIUM,onnx_cuda,False,0,0,0,False,False,50,5
000000079837.jpg,MEDIUM,onnx_cuda,False,0,0,0,False,False,48,8
000000079969.jpg,MEDIUM,onnx_cuda,False,4,93,9,True,True,108,18
000000080022.jpg,MEDIUM,onnx_cuda,False,1,9,0,True,True,28,3
000000080057.jpg,MEDIUM,onnx_cuda,False,0,0,0,False,False,15,1
000000080153.jpg,MEDIUM,onnx_cuda,False,1,9,0,True,True,31,3
000000080273.jpg,MEDIUM,onnx_cuda,False,1,9,0,True,True,20,2
000000080274.jpg,MEDIUM,onnx_cuda,False,0,0,0,False,False,20,2
000000080340.jpg,MEDIUM,onnx_cuda,False,6,62,1,True,True,128,20
000000080413.jpg,MEDIUM,onnx_cuda,False,0,0,0,False,False,15,1
000000080659.jpg,MEDIUM,onnx_cuda,False,3,27,0,True,True,60,7
000000080666.jpg,MEDIUM,onnx_cuda,False,0,0,0,False,False,19,2
000000080671.jpg,MEDIUM,onnx_cuda,False,1,9,0,True,True,18,2
000000080932.jpg,MEDIUM,onnx_cuda,False,2,18,0,True,True,103,10
000000080949.jpg,MEDIUM,onnx_cuda,False,0,0,0,False,False,39,4
000000081061.jpg,MEDIUM,onnx_cuda,False,0,0,0,False,False,30,3
000000081394.jpg,MEDIUM,onnx_cuda,False,2,23,2,True,True,35,6
000000081594.jpg,MEDIUM,onnx_cuda,False,1,9,0,True,True,27,3
000000081738.jpg,MEDIUM,onnx_cuda,False,1,17,0,True,True,40,5
000000081766.jpg,MEDIUM,onnx_cuda,False,0,0,0,False,False,25,3
000000081988.jpg,MEDIUM,onnx_cuda,False,5,44,0,True,True,78,9
000000082085.jpg,MEDIUM,onnx_cuda,False,5,51,6,True,True,66,12
000000082180.jpg,MEDIUM,onnx_cuda,False,0,0,0,False,False,31,3
000000082688.jpg,MEDIUM,onnx_cuda,False,3,27,0,True,True,40,6
000000082696.jpg,MEDIUM,onnx_cuda,False,1,9,0,True,True,95,12
000000082715.jpg,MEDIUM,onnx_cuda,False,1,9,0,True,True,25,2
000000082765.jpg,MEDIUM,onnx_cuda,False,0,0,0,False,False,16,2
000000082807.jpg,MEDIUM,onnx_cuda,False,0,0,0,False,False,29,4
000000082812.jpg,MEDIUM,onnx_cuda,False,11,79,0,True,True,156,24
000000082821.jpg,MEDIUM,onnx_cuda,False,4,10,8,True,True,103,31
000000082846.jpg,MEDIUM,onnx_cuda,False,0,0,0,False,False,15,3
000000082986.jpg,MEDIUM,onnx_cuda,False,3,27,0,True,True,35,5
000000083113.jpg,MEDIUM,onnx_cuda,False,0,0,0,False,False,19,2
000000083172.jpg,MEDIUM,onnx_cuda,False,3,27,0,True,True,49,6
000000083531.jpg,MEDIUM,onnx_cuda,False,1,16,2,True,True,71,19
000000083540.jpg,MEDIUM,onnx_cuda,False,1,17,0,True,True,18,2
000000084031.jpg,MEDIUM,onnx_cuda,False,7,58,6,True,True,76,16
000000084170.jpg,MEDIUM,onnx_cuda,False,1,9,1,True,True,44,7
000000084241.jpg,MEDIUM,onnx_cuda,False,3,27,0,True,True,129,18
000000084270.jpg,MEDIUM,onnx_cuda,False,12,152,1,True,True,231,26
000000084362.jpg,MEDIUM,onnx_cuda,False,1,9,0,True,True,64,8
000000084431.jpg,MEDIUM,onnx_cuda,False,0,10,0,False,True,36,2
000000084477.jpg,MEDIUM,onnx_cuda,False,1,4,0,True,True,25,3
000000084492.jpg,MEDIUM,onnx_cuda,False,1,12,1,True,True,49,7
000000084650.jpg,MEDIUM,onnx_cuda,False,0,0,0,False,False,34,7
000000084664.jpg,MEDIUM,onnx_cuda,False,0,0,0,False,False,18,4
000000084674.jpg,MEDIUM,onnx_cuda,False,3,24,0,True,True,36,9
000000084752.jpg,MEDIUM,onnx_cuda,False,0,1,0,False,True,73,13
000000085089.jpg,MEDIUM,onnx_cuda,False,2,17,1,True,True,53,7
000000085157.jpg,MEDIUM,onnx_cuda,False,7,57,0,True,True,156,21
000000085195.jpg,MEDIUM,onnx_cuda,False,0,0,0,False,False,20,3
000000085329.jpg,MEDIUM,onnx_cuda,False,1,10,0,True,True,21,2
000000085376.jpg,MEDIUM,onnx_cuda,False,2,20,0,True,True,96,11
000000085478.jpg,MEDIUM,onnx_cuda,False,0,0,0,False,False,27,1
000000085576.jpg,MEDIUM,onnx_cuda,False,0,0,0,False,False,10,1
000000085665.jpg,MEDIUM,onnx_cuda,False,0,0,0,False,False,20,1
000000085682.jpg,MEDIUM,onnx_cuda,False,9,89,4,True,True,98,15
000000085772.jpg,MEDIUM,onnx_cuda,False,1,9,0,True,True,33,4
000000085823.jpg,MEDIUM,onnx_cuda,False,0,0,0,False,False,30,3
000000085911.jpg,MEDIUM,onnx_cuda,False,0,0,0,False,False,0,1
000000086220.jpg,MEDIUM,onnx_cuda,False,1,4,1,True,True,32,6
000000086483.jpg,MEDIUM,onnx_cuda,False,1,2,0,True,True,3,3
000000086582.jpg,MEDIUM,onnx_cuda,False,0,2,1,True,True,59,7
000000086755.jpg,MEDIUM,onnx_cuda,False,1,9,1,True,True,20,5
000000086956.jpg,MEDIUM,onnx_cuda,False,3,31,0,True,True,44,6
000000087038.jpg,MEDIUM,onnx_cuda,False,10,105,5,True,True,129,16
000000087144.jpg,MEDIUM,onnx_cuda,False,3,27,0,True,True,61,10
000000087244.jpg,MEDIUM,onnx_cuda,False,1,9,0,True,True,25,3
000000087470.jpg,MEDIUM,onnx_cuda,False,1,6,1,True,True,105,19
000000087476.jpg,MEDIUM,onnx_cuda,False,10,85,1,True,True,113,13
000000087742.jpg,MEDIUM,onnx_cuda,False,0,0,0,False,False,30,1
000000087875.jpg,MEDIUM,onnx_cuda,False,0,0,0,False,False,10,1
000000088040.jpg,MEDIUM,onnx_cuda,False,0,0,0,False,False,112,13
000000088218.jpg,MEDIUM,onnx_cuda,False,0,0,0,False,False,20,1
000000088250.jpg,MEDIUM,onnx_cuda,False,0,0,0,False,False,20,2
000000088265.jpg,MEDIUM,onnx_cuda,False,0,0,0,False,False,9,1
000000088269.jpg,MEDIUM,onnx_cuda,False,0,0,0,False,False,25,4
000000088345.jpg,MEDIUM,onnx_cuda,False,1,9,1,True,True,20,3
000000088432.jpg,MEDIUM,onnx_cuda,False,0,0,0,False,False,36,5
000000088462.jpg,MEDIUM,onnx_cuda,False,0,0,0,False,False,75,16
000000088485.jpg,MEDIUM,onnx_cuda,False,1,9,0,True,True,20,2
000000088848.jpg,MEDIUM,onnx_cuda,False,5,45,0,True,True,80,11
000000088951.jpg,MEDIUM,onnx_cuda,False,1,9,0,True,True,31,3
000000088970.jpg,MEDIUM,onnx_cuda,False,1,9,0,True,True,28,3
000000089045.jpg,MEDIUM,onnx_cuda,False,0,0,0,False,False,34,9
000000089078.jpg,MEDIUM,onnx_cuda,False,1,9,0,True,True,10,2
000000089271.jpg,MEDIUM,onnx_cuda,False,0,0,0,False,False,8,1
000000089296.jpg,MEDIUM,onnx_cuda,False,2,18,0,True,True,43,6
000000089556.jpg,MEDIUM,onnx_cuda,False,0,7,0,False,True,135,15
000000089648.jpg,MEDIUM,onnx_cuda,False,11,97,0,True,True,214,37
000000089670.jpg,MEDIUM,onnx_cuda,False,0,0,0,False,False,26,3
000000089697.jpg,MEDIUM,onnx_cuda,False,2,18,0,True,True,41,4
000000089761.jpg,MEDIUM,onnx_cuda,False,0,0,0,False,False,10,1
000000089880.jpg,MEDIUM,onnx_cuda,False,0,0,0,False,False,20,2
000000090003.jpg,MEDIUM,onnx_cuda,False,0,0,0,False,False,30,3
000000090062.jpg,MEDIUM,onnx_cuda,False,0,0,0,False,False,10,1
000000090108.jpg,MEDIUM,onnx_cuda,False,0,0,0,False,False,31,3
000000090155.jpg,MEDIUM,onnx_cuda,False,0,0,0,False,False,10,1
000000090208.jpg,MEDIUM,onnx_cuda,False,0,0,0,False,False,30,3
000000090284.jpg,MEDIUM,onnx_cuda,False,1,9,0,True,True,24,2
000000090631.jpg,MEDIUM,onnx_cuda,False,0,0,0,False,False,10,1
000000090891.jpg,MEDIUM,onnx_cuda,False,5,45,0,True,True,51,18
000000090956.jpg,MEDIUM,onnx_cuda,False,1,9,0,True,True,15,2
000000091406.jpg,MEDIUM,onnx_cuda,False,4,42,0,True,True,139,36
000000091495.jpg,MEDIUM,onnx_cuda,False,3,27,0,True,True,40,4
000000091500.jpg,MEDIUM,onnx_cuda,False,2,18,0,True,True,113,18
000000091615.jpg,MEDIUM,onnx_cuda,False,0,0,0,False,False,88,12
000000091619.jpg,MEDIUM,onnx_cuda,False,0,0,0,False,False,10,1
000000091654.jpg,MEDIUM,onnx_cuda,False,0,6,0,False,True,17,3
000000091779.jpg,MEDIUM,onnx_cuda,False,0,0,0,False,False,61,8
000000091921.jpg,MEDIUM,onnx_cuda,False,0,0,0,False,False,20,2
000000092053.jpg,MEDIUM,onnx_cuda,False,0,0,1,True,False,55,11
000000092091.jpg,MEDIUM,onnx_cuda,False,1,9,0,True,True,77,9
000000092124.jpg,MEDIUM,onnx_cuda,False,0,0,0,False,False,32,3
000000092177.jpg,MEDIUM,onnx_cuda,False,0,0,0,False,False,20,3
000000092416.jpg,MEDIUM,onnx_cuda,False,4,23,1,True,True,57,8
000000092660.jpg,MEDIUM,onnx_cuda,False,0,0,0,False,False,38,16
000000092839.jpg,MEDIUM,onnx_cuda,False,0,0,0,False,False,10,1
000000092939.jpg,MEDIUM,onnx_cuda,False,3,28,0,True,True,106,14
000000093154.jpg,MEDIUM,onnx_cuda,False,0,0,0,False,False,70,18
000000093261.jpg,MEDIUM,onnx_cuda,False,3,17,0,True,True,30,4
000000093353.jpg,MEDIUM,onnx_cuda,False,1,6,0,True,True,17,5
000000093437.jpg,MEDIUM,onnx_cuda,False,1,13,0,True,True,101,13
000000093717.jpg,MEDIUM,onnx_cuda,False,11,123,5,True,True,168,22
000000093965.jpg,MEDIUM,onnx_cuda,False,0,0,0,False,False,20,2
000000094157.jpg,MEDIUM,onnx_cuda,False,8,38,5,True,True,56,14
000000094185.jpg,MEDIUM,onnx_cuda,False,1,20,0,True,True,59,12
000000094326.jpg,MEDIUM,onnx_cuda,False,1,9,0,True,True,19,2
000000094336.jpg,MEDIUM,onnx_cuda,False,0,0,0,False,False,33,2
000000094614.jpg,MEDIUM,onnx_cuda,False,1,9,0,True,True,26,5
000000094751.jpg,MEDIUM,onnx_cuda,False,4,5,7,True,True,40,17
000000094852.jpg,MEDIUM,onnx_cuda,False,0,0,0,False,False,14,2
000000094871.jpg,MEDIUM,onnx_cuda,False,4,39,0,True,True,79,10
000000094944.jpg,MEDIUM,onnx_cuda,False,3,28,0,True,True,47,9
000000095069.jpg,MEDIUM,onnx_cuda,False,0,0,0,False,False,5,1
000000095155.jpg,MEDIUM,onnx_cuda,False,4,36,0,True,True,67,8
000000095707.jpg,MEDIUM,onnx_cuda,False,0,10,0,False,True,50,9
000000095786.jpg,MEDIUM,onnx_cuda,False,0,0,0,False,False,30,4
000000095843.jpg,MEDIUM,onnx_cuda,False,0,0,0,False,False,12,1
000000095862.jpg,MEDIUM,onnx_cuda,False,9,109,4,True,True,123,17
000000095899.jpg,MEDIUM,onnx_cuda,False,0,0,0,False,False,10,1
000000096001.jpg,MEDIUM,onnx_cuda,False,0,1,0,False,True,43,3
000000096427.jpg,MEDIUM,onnx_cuda,False,3,32,0,True,True,56,4
000000096493.jpg,MEDIUM,onnx_cuda,False,1,10,0,True,True,22,3
000000096549.jpg,MEDIUM,onnx_cuda,False,0,0,0,False,False,10,1
000000096825.jpg,MEDIUM,onnx_cuda,False,1,9,0,True,True,10,3
000000096960.jpg,MEDIUM,onnx_cuda,False,0,0,0,False,False,13,1
000000097022.jpg,MEDIUM,onnx_cuda,False,0,0,0,False,False,64,6
000000097230.jpg,MEDIUM,onnx_cuda,False,0,0,0,False,False,20,2
000000097278.jpg,MEDIUM,onnx_cuda,False,1,9,0,True,True,18,2
000000097337.jpg,MEDIUM,onnx_cuda,False,1,4,2,True,True,57,9
000000097585.jpg,MEDIUM,onnx_cuda,False,0,0,0,False,False,62,13
000000097679.jpg,MEDIUM,onnx_cuda,False,1,5,1,True,True,34,5
000000097924.jpg,MEDIUM,onnx_cuda,False,2,18,1,True,True,55,6
000000097988.jpg,MEDIUM,onnx_cuda,False,12,166,3,True,True,199,17
000000097994.jpg,MEDIUM,onnx_cuda,False,0,0,0,False,False,106,20
000000098018.jpg,MEDIUM,onnx_cuda,False,0,0,0,False,False,1,5
000000098261.jpg,MEDIUM,onnx_cuda,False,0,0,0,False,False,21,2
000000098287.jpg,MEDIUM,onnx_cuda,False,10,79,3,True,True,103,16
000000098392.jpg,MEDIUM,onnx_cuda,False,2,15,1,True,True,81,11
000000098497.jpg,MEDIUM,onnx_cuda,False,0,0,0,False,False,2,0
000000098520.jpg,MEDIUM,onnx_cuda,False,0,0,0,False,False,36,3
000000098633.jpg,MEDIUM,onnx_cuda,False,0,0,0,False,False,10,1
000000098716.jpg,MEDIUM,onnx_cuda,False,2,28,1,True,True,50,5
000000098839.jpg,MEDIUM,onnx_cuda,False,0,0,0,False,False,21,3
000000098853.jpg,MEDIUM,onnx_cuda,False,11,101,2,True,True,165,24
000000099024.jpg,MEDIUM,onnx_cuda,False,1,9,0,True,True,21,3
000000099039.jpg,MEDIUM,onnx_cuda,False,1,9,0,True,True,94,13
000000099053.jpg,MEDIUM,onnx_cuda,False,0,0,0,False,False,33,8
000000099054.jpg,MEDIUM,onnx_cuda,False,2,13,1,True,True,26,6
000000099114.jpg,MEDIUM,onnx_cuda,False,13,127,3,True,True,171,20
000000099182.jpg,MEDIUM,onnx_cuda,False,1,12,0,True,True,45,3
000000099242.jpg,MEDIUM,onnx_cuda,False,1,9,0,True,True,21,2
000000099428.jpg,MEDIUM,onnx_cuda,False,0,0,0,False,False,11,5
000000099810.jpg,MEDIUM,onnx_cuda,False,1,8,0,True,True,26,8
000000100238.jpg,MEDIUM,onnx_cuda,False,4,36,0,True,True,86,10
000000100274.jpg,MEDIUM,onnx_cuda,False,0,0,0,False,False,34,9
000000100283.jpg,MEDIUM,onnx_cuda,False,0,0,0,False,False,40,6
000000100428.jpg,MEDIUM,onnx_cuda,False,2,16,0,True,True,21,4
000000100489.jpg,MEDIUM,onnx_cuda,False,0,0,0,False,False,10,1
000000100510.jpg,MEDIUM,onnx_cuda,False,3,28,0,True,True,41,6
000000100582.jpg,MEDIUM,onnx_cuda,False,0,0,0,False,False,0,3
000000100624.jpg,MEDIUM,onnx_cuda,False,4,36,0,True,True,61,9
000000100723.jpg,MEDIUM,onnx_cuda,False,7,109,6,True,True,130,17
000000101022.jpg,MEDIUM,onnx_cuda,False,0,0,0,False,False,0,0
000000101068.jpg,MEDIUM,onnx_cuda,False,1,9,0,True,True,24,2
000000101420.jpg,MEDIUM,onnx_cuda,False,0,0,0,False,False,20,2
000000101762.jpg,MEDIUM,onnx_cuda,False,1,19,0,True,True,29,2
000000101780.jpg,MEDIUM,onnx_cuda,False,0,0,0,False,False,42,4
000000101787.jpg,MEDIUM,onnx_cuda,False,0,0,0,False,False,10,1
000000101884.jpg,MEDIUM,onnx_cuda,False,0,0,0,False,False,28,3
000000102331.jpg,MEDIUM,onnx_cuda,False,2,22,0,True,True,24,2
000000102356.jpg,MEDIUM,onnx_cuda,False,2,18,0,True,True,20,2
000000102411.jpg,MEDIUM,onnx_cuda,False,10,91,2,True,True,110,14
000000102644.jpg,MEDIUM,onnx_cuda,False,0,0,0,False,False,25,1
000000102707.jpg,MEDIUM,onnx_cuda,False,0,0,0,False,False,25,3
000000102805.jpg,MEDIUM,onnx_cuda,False,1,9,0,True,True,65,10
000000102820.jpg,MEDIUM,onnx_cuda,False,1,9,0,True,True,27,2
000000103548.jpg,MEDIUM,onnx_cuda,False,1,9,0,True,True,113,19
000000103585.jpg,MEDIUM,onnx_cuda,False,0,0,0,False,False,42,4
000000103723.jpg,MEDIUM,onnx_cuda,False,2,35,5,True,True,48,8
000000104119.jpg,MEDIUM,onnx_cuda,False,0,0,0,False,False,10,3
000000104198.jpg,MEDIUM,onnx_cuda,False,0,0,0,False,False,10,1
000000104424.jpg,MEDIUM,onnx_cuda,False,1,9,0,True,True,20,4
000000104455.jpg,MEDIUM,onnx_cuda,False,0,0,0,False,False,11,2
000000104572.jpg,MEDIUM,onnx_cuda,False,0,0,0,False,False,32,6
000000104603.jpg,MEDIUM,onnx_cuda,False,0,0,0,False,False,19,2
000000104612.jpg,MEDIUM,onnx_cuda,False,0,0,0,False,False,75,12
000000104619.jpg,MEDIUM,onnx_cuda,False,0,6,0,False,True,16,1
000000104666.jpg,MEDIUM,onnx_cuda,False,0,0,0,False,False,12,15
000000104669.jpg,MEDIUM,onnx_cuda,False,0,0,0,False,False,46,15
000000104782.jpg,MEDIUM,onnx_cuda,False,0,0,0,False,False,10,1
000000104803.jpg,MEDIUM,onnx_cuda,False,0,0,0,False,False,10,1
000000105014.jpg,MEDIUM,onnx_cuda,False,0,0,0,False,False,40,6
000000105249.jpg,MEDIUM,onnx_cuda,False,0,0,0,False,False,30,3
000000105264.jpg,MEDIUM,onnx_cuda,False,7,66,1,True,True,83,9
000000105335.jpg,MEDIUM,onnx_cuda,False,1,9,1,True,True,20,11
000000105455.jpg,MEDIUM,onnx_cuda,False,0,0,0,False,False,50,3
000000105912.jpg,MEDIUM,onnx_cuda,False,11,77,1,True,True,117,16
000000105923.jpg,MEDIUM,onnx_cuda,False,0,5,7,True,True,25,9
000000106048.jpg,MEDIUM,onnx_cuda,False,0,0,0,False,False,10,1
000000106235.jpg,MEDIUM,onnx_cuda,False,0,0,0,False,False,63,10
000000106266.jpg,MEDIUM,onnx_cuda,False,0,0,0,False,False,10,1
000000106281.jpg,MEDIUM,onnx_cuda,False,0,0,0,False,False,21,2
000000106330.jpg,MEDIUM,onnx_cuda,False,0,0,0,False,False,10,1
000000106389.jpg,MEDIUM,onnx_cuda,False,0,0,0,False,False,57,12
000000106563.jpg,MEDIUM,onnx_cuda,False,0,0,0,False,False,10,1
000000106757.jpg,MEDIUM,onnx_cuda,False,1,9,1,True,True,20,3
000000106881.jpg,MEDIUM,onnx_cuda,False,0,0,0,False,False,10,1
000000106912.jpg,MEDIUM,onnx_cuda,False,1,9,0,True,True,22,2
000000107087.jpg,MEDIUM,onnx_cuda,False,0,0,0,False,False,19,3
000000107094.jpg,MEDIUM,onnx_cuda,False,1,9,0,True,True,31,3
000000107226.jpg,MEDIUM,onnx_cuda,False,7,55,4,True,True,112,18
000000107339.jpg,MEDIUM,onnx_cuda,False,2,18,0,True,True,32,8
000000107554.jpg,MEDIUM,onnx_cuda,False,0,0,0,False,False,6,2
000000107851.jpg,MEDIUM,onnx_cuda,False,5,51,8,True,True,99,17
000000108026.jpg,MEDIUM,onnx_cuda,False,1,10,0,True,True,21,3
000000108244.jpg,MEDIUM,onnx_cuda,False,0,0,0,False,False,10,1
000000108253.jpg,MEDIUM,onnx_cuda,False,1,9,0,True,True,63,13
000000108440.jpg,MEDIUM,onnx_cuda,False,0,0,0,False,False,13,1
000000108495.jpg,MEDIUM,onnx_cuda,False,1,9,0,True,True,21,2
000000108503.jpg,MEDIUM,onnx_cuda,False,2,19,11,True,True,35,15
000000108864.jpg,MEDIUM,onnx_cuda,False,0,0,0,False,False,20,2
000000109055.jpg,MEDIUM,onnx_cuda,False,1,11,0,True,True,29,2
000000109118.jpg,MEDIUM,onnx_cuda,False,3,27,0,True,True,41,6
000000109313.jpg,MEDIUM,onnx_cuda,False,1,9,0,True,True,55,10
000000109441.jpg,MEDIUM,onnx_cuda,False,0,0,0,False,False,48,13
000000109798.jpg,MEDIUM,onnx_cuda,False,0,0,0,False,False,36,4
000000109827.jpg,MEDIUM,onnx_cuda,False,0,0,0,False,False,10,1
000000109900.jpg,MEDIUM,onnx_cuda,False,8,67,2,True,True,111,13
000000109916.jpg,MEDIUM,onnx_cuda,False,0,0,0,False,False,67,3
000000109976.jpg,MEDIUM,onnx_cuda,False,0,0,0,False,False,25,7
000000109992.jpg,MEDIUM,onnx_cuda,False,1,9,0,True,True,20,2
000000110042.jpg,MEDIUM,onnx_cuda,False,2,46,3,True,True,70,8
000000110211.jpg,MEDIUM,onnx_cuda,False,0,0,0,False,False,49,5
000000110282.jpg,MEDIUM,onnx_cuda,False,0,0,0,False,False,10,1
000000110359.jpg,MEDIUM,onnx_cuda,False,0,0,0,False,False,10,1
000000110449.jpg,MEDIUM,onnx_cuda,False,2,18,0,True,True,24,4
000000110638.jpg,MEDIUM,onnx_cuda,False,0,0,0,False,False,30,3
000000110721.jpg,MEDIUM,onnx_cuda,False,1,9,0,True,True,25,2
000000110784.jpg,MEDIUM,onnx_cuda,False,1,9,0,True,True,20,3
000000110884.jpg,MEDIUM,onnx_cuda,False,0,0,0,False,False,28,3
000000110972.jpg,MEDIUM,onnx_cuda,False,0,0,0,False,False,10,1
000000110999.jpg,MEDIUM,onnx_cuda,False,1,8,0,True,True,56,11
000000111036.jpg,MEDIUM,onnx_cuda,False,0,0,0,False,False,20,2
000000111086.jpg,MEDIUM,onnx_cuda,False,0,0,4,True,False,88,17
000000111179.jpg,MEDIUM,onnx_cuda,False,0,0,0,False,False,24,2
000000111207.jpg,MEDIUM,onnx_cuda,False,2,18,0,True,True,55,6
000000111609.jpg,MEDIUM,onnx_cuda,False,0,0,1,True,False,28,3
000000111951.jpg,MEDIUM,onnx_cuda,False,0,0,0,False,False,40,4
000000112110.jpg,MEDIUM,onnx_cuda,False,1,19,0,True,True,28,2
000000112298.jpg,MEDIUM,onnx_cuda,False,1,9,0,True,True,36,9
000000112378.jpg,MEDIUM,onnx_cuda,False,0,0,0,False,False,28,9
000000112626.jpg,MEDIUM,onnx_cuda,False,0,0,0,False,False,20,2
000000112634.jpg,MEDIUM,onnx_cuda,False,0,0,0,False,False,20,2
000000112798.jpg,MEDIUM,onnx_cuda,False,0,0,0,False,False,39,4
000000112997.jpg,MEDIUM,onnx_cuda,False,1,10,0,True,True,20,2
000000113051.jpg,MEDIUM,onnx_cuda,False,0,0,0,False,False,18,1
000000113235.jpg,MEDIUM,onnx_cuda,False,1,9,0,True,True,30,4
000000113354.jpg,MEDIUM,onnx_cuda,False,0,0,0,False,False,31,3
000000113403.jpg,MEDIUM,onnx_cuda,False,0,0,0,False,False,25,4
000000113589.jpg,MEDIUM,onnx_cuda,False,0,0,0,False,False,10,7
000000113720.jpg,MEDIUM,onnx_cuda,False,4,27,1,True,True,171,21
000000113867.jpg,MEDIUM,onnx_cuda,False,0,0,0,False,False,9,1
000000114049.jpg,MEDIUM,onnx_cuda,False,1,18,5,True,True,53,16
000000114770.jpg,MEDIUM,onnx_cuda,False,1,19,0,True,True,43,3
000000114871.jpg,MEDIUM,onnx_cuda,False,0,0,0,False,False,22,2
000000114884.jpg,MEDIUM,onnx_cuda,False,12,102,1,True,True,211,33
000000114907.jpg,MEDIUM,onnx_cuda,False,11,132,2,True,True,161,15
000000115118.jpg,MEDIUM,onnx_cuda,False,0,0,0,False,False,10,1
000000115245.jpg,MEDIUM,onnx_cuda,False,2,18,1,True,True,121,16
000000115870.jpg,MEDIUM,onnx_cuda,False,5,45,0,True,True,87,15
000000115885.jpg,MEDIUM,onnx_cuda,False,0,0,0,False,False,27,3
000000115898.jpg,MEDIUM,onnx_cuda,False,1,9,0,True,True,21,2
000000115946.jpg,MEDIUM,onnx_cuda,False,0,0,1,True,False,79,17
000000116068.jpg,MEDIUM,onnx_cuda,False,3,29,0,True,True,42,4
000000116206.jpg,MEDIUM,onnx_cuda,False,0,0,0,False,False,20,3
000000116208.jpg,MEDIUM,onnx_cuda,False,0,10,1,True,True,151,21
000000116362.jpg,MEDIUM,onnx_cuda,False,0,0,0,False,False,26,8
000000116439.jpg,MEDIUM,onnx_cuda,False,1,13,0,True,True,54,12
000000116479.jpg,MEDIUM,onnx_cuda,False,0,0,0,False,False,18,3
000000116589.jpg,MEDIUM,onnx_cuda,False,0,0,0,False,False,36,3
000000116825.jpg,MEDIUM,onnx_cuda,False,0,0,0,False,False,34,3
000000117197.jpg,MEDIUM,onnx_cuda,False,1,9,0,True,True,10,2
000000117374.jpg,MEDIUM,onnx_cuda,False,0,0,0,False,False,30,3
000000117425.jpg,MEDIUM,onnx_cuda,False,2,20,1,True,True,62,7
000000117492.jpg,MEDIUM,onnx_cuda,False,11,149,2,True,True,184,23
000000117525.jpg,MEDIUM,onnx_cuda,False,1,1,0,True,True,12,2
000000117645.jpg,MEDIUM,onnx_cuda,False,1,9,0,True,True,15,2
000000117719.jpg,MEDIUM,onnx_cuda,False,1,9,0,True,True,69,18
000000117744.jpg,MEDIUM,onnx_cuda,False,1,9,0,True,True,20,2
000000117908.jpg,MEDIUM,onnx_cuda,False,1,9,0,True,True,68,9
000000117914.jpg,MEDIUM,onnx_cuda,False,0,0,0,False,False,24,3
000000118209.jpg,MEDIUM,onnx_cuda,False,0,0,0,False,False,20,2
000000118367.jpg,MEDIUM,onnx_cuda,False,1,9,0,True,True,10,10
000000118405.jpg,MEDIUM,onnx_cuda,False,1,8,0,True,True,9,2
000000118515.jpg,MEDIUM,onnx_cuda,False,0,0,0,False,False,18,2
000000118594.jpg,MEDIUM,onnx_cuda,False,0,0,0,False,False,22,2
000000118921.jpg,MEDIUM,onnx_cuda,False,1,9,0,True,True,20,3
000000119038.jpg,MEDIUM,onnx_cuda,False,0,0,0,False,False,31,3
000000119088.jpg,MEDIUM,onnx_cuda,False,3,27,0,True,True,35,4
000000119233.jpg,MEDIUM,onnx_cuda,False,0,0,0,False,False,77,9
000000119365.jpg,MEDIUM,onnx_cuda,False,1,15,1,True,True,36,5
000000119445.jpg,MEDIUM,onnx_cuda,False,3,33,0,True,True,63,6
000000119452.jpg,MEDIUM,onnx_cuda,False,0,0,0,False,False,30,6
000000119516.jpg,MEDIUM,onnx_cuda,False,2,19,2,True,True,41,9
000000119641.jpg,MEDIUM,onnx_cuda,False,9,89,4,True,True,157,21
000000119677.jpg,MEDIUM,onnx_cuda,False,0,0,0,False,False,21,2
000000119828.jpg,MEDIUM,onnx_cuda,False,0,0,0,False,False,36,6
000000119911.jpg,MEDIUM,onnx_cuda,False,1,9,0,True,True,40,7
000000119995.jpg,MEDIUM,onnx_cuda,False,4,50,1,True,True,67,6
000000120420.jpg,MEDIUM,onnx_cuda,False,6,57,4,True,True,91,26
000000120572.jpg,MEDIUM,onnx_cuda,False,0,0,0,False,False,11,2
000000120584.jpg,MEDIUM,onnx_cuda,False,0,0,0,False,False,10,1
000000120777.jpg,MEDIUM,onnx_cuda,False,0,0,0,False,False,38,3
000000120853.jpg,MEDIUM,onnx_cuda,False,0,0,0,False,False,53,10
000000121031.jpg,MEDIUM,onnx_cuda,False,4,37,0,True,True,61,8
000000121153.jpg,MEDIUM,onnx_cuda,False,0,0,0,False,False,0,0
000000121242.jpg,MEDIUM,onnx_cuda,False,2,10,4,True,True,30,22
000000121417.jpg,MEDIUM,onnx_cuda,False,7,70,2,True,True,94,13
000000121497.jpg,MEDIUM,onnx_cuda,False,3,33,3,True,True,58,6
000000121506.jpg,MEDIUM,onnx_cuda,False,0,0,0,False,False,72,9
000000121586.jpg,MEDIUM,onnx_cuda,False,0,0,0,False,False,63,15
000000121591.jpg,MEDIUM,onnx_cuda,False,1,8,0,True,True,24,2
000000121673.jpg,MEDIUM,onnx_cuda,False,1,9,0,True,True,20,2
000000121744.jpg,MEDIUM,onnx_cuda,False,9,92,2,True,True,145,15
000000122046.jpg,MEDIUM,onnx_cuda,False,1,9,0,True,True,20,3
000000122166.jpg,MEDIUM,onnx_cuda,False,6,49,3,True,True,121,29
000000122217.jpg,MEDIUM,onnx_cuda,False,2,18,0,True,True,39,4
000000122606.jpg,MEDIUM,onnx_cuda,False,0,0,1,True,False,11,2
000000122672.jpg,MEDIUM,onnx_cuda,False,1,9,0,True,True,19,2
000000122745.jpg,MEDIUM,onnx_cuda,False,0,0,0,False,False,10,1
000000122927.jpg,MEDIUM,onnx_cuda,False,0,0,0,False,False,20,2
000000122962.jpg,MEDIUM,onnx_cuda,False,13,195,0,True,True,246,29
000000122969.jpg,MEDIUM,onnx_cuda,False,0,0,0,False,False,10,2
000000123131.jpg,MEDIUM,onnx_cuda,False,0,0,0,False,False,28,4
000000123213.jpg,MEDIUM,onnx_cuda,False,7,67,4,True,True,118,16
000000123321.jpg,MEDIUM,onnx_cuda,False,0,0,0,False,False,78,21
000000123480.jpg,MEDIUM,onnx_cuda,False,1,9,0,True,True,33,4
000000123585.jpg,MEDIUM,onnx_cuda,False,0,0,0,False,False,67,6
000000123633.jpg,MEDIUM,onnx_cuda,False,5,45,0,True,True,128,14
000000124277.jpg,MEDIUM,onnx_cuda,False,0,0,0,False,False,11,7
000000124442.jpg,MEDIUM,onnx_cuda,False,1,9,0,True,True,20,2
000000124636.jpg,MEDIUM,onnx_cuda,False,0,0,0,False,False,30,3
000000124659.jpg,MEDIUM,onnx_cuda,False,0,0,0,False,False,64,19
000000124798.jpg,MEDIUM,onnx_cuda,False,0,0,1,True,False,93,16
000000124975.jpg,MEDIUM,onnx_cuda,False,0,0,0,False,False,22,2
000000125062.jpg,MEDIUM,onnx_cuda,False,0,0,0,False,False,80,10
000000125072.jpg,MEDIUM,onnx_cuda,False,0,0,0,False,False,33,6
000000125129.jpg,MEDIUM,onnx_cuda,False,3,30,0,True,True,86,10
000000125211.jpg,MEDIUM,onnx_cuda,False,0,3,0,False,True,13,1
000000125245.jpg,MEDIUM,onnx_cuda,False,0,0,0,False,False,2,1
000000125257.jpg,MEDIUM,onnx_cuda,False,1,9,0,True,True,16,2
000000125405.jpg,MEDIUM,onnx_cuda,False,0,0,0,False,False,30,3
000000125472.jpg,MEDIUM,onnx_cuda,False,1,9,0,True,True,20,2
000000125572.jpg,MEDIUM,onnx_cuda,False,11,57,5,True,True,139,28
000000125778.jpg,MEDIUM,onnx_cuda,False,0,0,0,False,False,73,15
000000125806.jpg,MEDIUM,onnx_cuda,False,0,0,0,False,False,19,2
000000125850.jpg,MEDIUM,onnx_cuda,False,0,0,0,False,False,20,2
000000125936.jpg,MEDIUM,onnx_cuda,False,4,46,1,True,True,119,29
000000125952.jpg,MEDIUM,onnx_cuda,False,0,0,0,False,False,14,1
000000126107.jpg,MEDIUM,onnx_cuda,False,4,11,2,True,True,43,8
000000126110.jpg,MEDIUM,onnx_cuda,False,1,27,0,True,True,35,3
000000126137.jpg,MEDIUM,onnx_cuda,False,6,75,6,True,True,91,15
000000126216.jpg,MEDIUM,onnx_cuda,False,0,0,0,False,False,37,4
000000126226.jpg,MEDIUM,onnx_cuda,False,4,35,2,True,True,44,22
000000126592.jpg,MEDIUM,onnx_cuda,False,0,0,0,False,False,98,13
000000127092.jpg,MEDIUM,onnx_cuda,False,1,10,0,True,True,58,8
000000127135.jpg,MEDIUM,onnx_cuda,False,0,0,0,False,False,10,0
000000127182.jpg,MEDIUM,onnx_cuda,False,0,0,0,False,False,66,10
000000127263.jpg,MEDIUM,onnx_cuda,False,2,18,0,True,True,40,6
000000127270.jpg,MEDIUM,onnx_cuda,False,5,45,0,True,True,66,9
000000127394.jpg,MEDIUM,onnx_cuda,False,4,43,2,True,True,206,22
000000127476.jpg,MEDIUM,onnx_cuda,False,0,0,0,False,False,18,1
000000127494.jpg,MEDIUM,onnx_cuda,False,0,0,0,False,False,22,1
000000127517.jpg,MEDIUM,onnx_cuda,False,0,0,0,False,False,85,11
000000127530.jpg,MEDIUM,onnx_cuda,False,1,9,0,True,True,29,3
000000127624.jpg,MEDIUM,onnx_cuda,False,0,0,0,False,False,2,1
000000127660.jpg,MEDIUM,onnx_cuda,False,1,9,0,True,True,23,2
000000127955.jpg,MEDIUM,onnx_cuda,False,0,0,0,False,False,20,2
000000127987.jpg,MEDIUM,onnx_cuda,False,0,10,0,False,True,36,3
000000128051.jpg,MEDIUM,onnx_cuda,False,0,2,0,False,True,33,4
000000128112.jpg,MEDIUM,onnx_cuda,False,1,9,0,True,True,11,2
000000128148.jpg,MEDIUM,onnx_cuda,False,0,0,0,False,False,78,22
000000128372.jpg,MEDIUM,onnx_cuda,False,9,80,0,True,True,116,16
000000128476.jpg,MEDIUM,onnx_cuda,False,2,18,0,True,True,122,13
000000128598.jpg,MEDIUM,onnx_cuda,False,0,0,0,False,False,95,11
000000128654.jpg,MEDIUM,onnx_cuda,False,1,9,0,True,True,20,2
000000128658.jpg,MEDIUM,onnx_cuda,False,0,0,0,False,False,6,1
000000128675.jpg,MEDIUM,onnx_cuda,False,2,14,1,True,True,52,7
000000128699.jpg,MEDIUM,onnx_cuda,False,11,91,1,True,True,112,13
000000128748.jpg,MEDIUM,onnx_cuda,False,3,27,0,True,True,40,5
000000129054.jpg,MEDIUM,onnx_cuda,False,0,0,0,False,False,126,13
000000129062.jpg,MEDIUM,onnx_cuda,False,0,0,1,True,False,51,7
000000129113.jpg,MEDIUM,onnx_cuda,False,0,0,0,False,False,10,2
000000129135.jpg,MEDIUM,onnx_cuda,False,0,0,0,False,False,20,2
000000129322.jpg,MEDIUM,onnx_cuda,False,0,0,0,False,False,10,1
000000129416.jpg,MEDIUM,onnx_cuda,False,0,0,0,False,False,77,9
000000129492.jpg,MEDIUM,onnx_cuda,False,3,27,0,True,True,64,9
000000129756.jpg,MEDIUM,onnx_cuda,False,1,19,0,True,True,109,9
000000129812.jpg,MEDIUM,onnx_cuda,False,1,9,0,True,True,23,2
000000129945.jpg,MEDIUM,onnx_cuda,False,3,40,0,True,True,61,5
000000130386.jpg,MEDIUM,onnx_cuda,False,6,42,3,True,True,69,12
000000130465.jpg,MEDIUM,onnx_cuda,False,0,0,0,False,False,20,2
000000130566.jpg,MEDIUM,onnx_cuda,False,0,0,0,False,False,10,1
000000130579.jpg,MEDIUM,onnx_cuda,False,1,9,0,True,True,19,2
000000130586.jpg,MEDIUM,onnx_cuda,False,1,9,0,True,True,20,2
000000130599.jpg,MEDIUM,onnx_cuda,False,1,10,0,True,True,20,1
000000130613.jpg,MEDIUM,onnx_cuda,False,0,0,0,False,False,15,5
000000130699.jpg,MEDIUM,onnx_cuda,False,6,63,1,True,True,81,17
000000130826.jpg,MEDIUM,onnx_cuda,False,6,53,0,True,True,91,9
000000131131.jpg,MEDIUM,onnx_cuda,False,0,0,0,False,False,30,2
000000131138.jpg,MEDIUM,onnx_cuda,False,0,0,1,True,False,110,11
000000131273.jpg,MEDIUM,onnx_cuda,False,0,0,0,False,False,15,1
000000131379.jpg,MEDIUM,onnx_cuda,False,0,0,0,False,False,1,1
000000131386.jpg,MEDIUM,onnx_cuda,False,0,0,0,False,False,28,4
000000131431.jpg,MEDIUM,onnx_cuda,False,0,0,0,False,False,10,1
000000131444.jpg,MEDIUM,onnx_cuda,False,1,9,0,True,True,23,2
000000131556.jpg,MEDIUM,onnx_cuda,False,2,26,3,True,True,35,6
000000131938.jpg,MEDIUM,onnx_cuda,False,0,0,0,False,False,11,2
000000132116.jpg,MEDIUM,onnx_cuda,False,0,0,0,False,False,36,8
000000132329.jpg,MEDIUM,onnx_cuda,False,0,0,0,False,False,51,5
000000132375.jpg,MEDIUM,onnx_cuda,False,2,22,3,True,True,54,7
000000132408.jpg,MEDIUM,onnx_cuda,False,2,12,1,True,True,45,6
000000132544.jpg,MEDIUM,onnx_cuda,False,7,73,3,True,True,100,15
000000132587.jpg,MEDIUM,onnx_cuda,False,4,38,2,True,True,59,10
000000132622.jpg,MEDIUM,onnx_cuda,False,0,0,0,False,False,10,1
000000132703.jpg,MEDIUM,onnx_cuda,False,1,9,0,True,True,20,2
000000132796.jpg,MEDIUM,onnx_cuda,False,2,27,1,True,True,47,9
000000132931.jpg,MEDIUM,onnx_cuda,False,2,18,0,True,True,33,3
000000133000.jpg,MEDIUM,onnx_cuda,False,1,4,1,True,True,15,3
000000133087.jpg,MEDIUM,onnx_cuda,False,0,0,0,False,False,38,4
000000133233.jpg,MEDIUM,onnx_cuda,False,0,0,0,False,False,10,13
000000133244.jpg,MEDIUM,onnx_cuda,False,12,132,1,True,True,184,20
000000133343.jpg,MEDIUM,onnx_cuda,False,1,19,0,True,True,28,2
000000133418.jpg,MEDIUM,onnx_cuda,False,1,9,0,True,True,20,2
000000133567.jpg,MEDIUM,onnx_cuda,False,1,9,0,True,True,20,2
000000133631.jpg,MEDIUM,onnx_cuda,False,0,0,0,False,False,10,1
000000133645.jpg,MEDIUM,onnx_cuda,False,0,0,0,False,False,38,8
000000133778.jpg,MEDIUM,onnx_cuda,False,0,0,0,False,False,20,2
000000133819.jpg,MEDIUM,onnx_cuda,False,6,52,5,True,True,116,21
000000133969.jpg,MEDIUM,onnx_cuda,False,12,113,1,True,True,149,16
000000134034.jpg,MEDIUM,onnx_cuda,False,0,0,0,False,False,20,2
000000134096.jpg,MEDIUM,onnx_cuda,False,0,0,0,False,False,30,4
000000134112.jpg,MEDIUM,onnx_cuda,False,0,0,0,False,False,32,3
000000134322.jpg,MEDIUM,onnx_cuda,False,4,40,9,True,True,71,14
000000134689.jpg,MEDIUM,onnx_cuda,False,0,0,0,False,False,10,1
000000134722.jpg,MEDIUM,onnx_cuda,False,0,0,0,False,False,10,2
000000134856.jpg,MEDIUM,onnx_cuda,False,2,2,1,True,True,30,6
000000134882.jpg,MEDIUM,onnx_cuda,False,0,0,0,False,False,109,17
000000134886.jpg,MEDIUM,onnx_cuda,False,2,23,8,True,True,45,12
000000135410.jpg,MEDIUM,onnx_cuda,False,3,19,0,True,True,76,10
000000135561.jpg,MEDIUM,onnx_cuda,False,0,0,0,False,False,46,8
000000135604.jpg,MEDIUM,onnx_cuda,False,1,9,0,True,True,20,3
000000135670.jpg,MEDIUM,onnx_cuda,False,1,19,0,True,True,24,1
000000135673.jpg,MEDIUM,onnx_cuda,False,0,0,0,False,False,20,2
000000135872.jpg,MEDIUM,onnx_cuda,False,0,0,0,False,False,85,12
000000135890.jpg,MEDIUM,onnx_cuda,False,4,5,6,True,True,29,12
000000135902.jpg,MEDIUM,onnx_cuda,False,1,5,0,True,True,26,3
000000136033.jpg,MEDIUM,onnx_cuda,False,0,0,0,False,False,10,2
000000136334.jpg,MEDIUM,onnx_cuda,False,1,14,0,True,True,16,2
000000136355.jpg,MEDIUM,onnx_cuda,False,0,0,0,False,False,108,19
000000136466.jpg,MEDIUM,onnx_cuda,False,0,0,0,False,False,10,2
000000136600.jpg,MEDIUM,onnx_cuda,False,0,0,0,False,False,48,5
000000136633.jpg,MEDIUM,onnx_cuda,False,8,57,4,True,True,92,18
000000136715.jpg,MEDIUM,onnx_cuda,False,11,103,7,True,True,115,20
000000136772.jpg,MEDIUM,onnx_cuda,False,0,0,0,False,False,11,2
000000136915.jpg,MEDIUM,onnx_cuda,False,3,28,0,True,True,64,9
000000137106.jpg,MEDIUM,onnx_cuda,False,1,8,0,True,True,18,2
000000137246.jpg,MEDIUM,onnx_cuda,False,2,18,0,True,True,117,17
000000137294.jpg,MEDIUM,onnx_cuda,False,2,21,0,True,True,40,3
000000137576.jpg,MEDIUM,onnx_cuda,False,0,0,0,False,False,74,9
000000137727.jpg,MEDIUM,onnx_cuda,False,2,12,1,True,True,107,26
000000137950.jpg,MEDIUM,onnx_cuda,False,0,0,0,False,False,10,1
000000138115.jpg,MEDIUM,onnx_cuda,False,1,9,0,True,True,14,2
000000138241.jpg,MEDIUM,onnx_cuda,False,0,0,0,False,False,9,2
000000138492.jpg,MEDIUM,onnx_cuda,False,0,0,0,False,False,20,2
000000138550.jpg,MEDIUM,onnx_cuda,False,0,0,0,False,False,19,4
000000138639.jpg,MEDIUM,onnx_cuda,False,10,61,4,True,True,111,19
000000138819.jpg,MEDIUM,onnx_cuda,False,0,0,0,False,False,15,2
000000138856.jpg,MEDIUM,onnx_cuda,False,0,0,0,False,False,19,2
000000138954.jpg,MEDIUM,onnx_cuda,False,0,0,0,False,False,14,2
000000138979.jpg,MEDIUM,onnx_cuda,False,4,39,1,True,True,73,7
000000139077.jpg,MEDIUM,onnx_cuda,False,1,9,0,True,True,22,7
000000139099.jpg,MEDIUM,onnx_cuda,False,11,134,4,True,True,188,29
000000139260.jpg,MEDIUM,onnx_cuda,False,0,0,0,False,False,22,6
000000139684.jpg,MEDIUM,onnx_cuda,False,0,0,0,False,False,72,12
000000139871.jpg,MEDIUM,onnx_cuda,False,0,8,0,False,True,18,1
000000139872.jpg,MEDIUM,onnx_cuda,False,1,0,1,True,True,31,4
000000139883.jpg,MEDIUM,onnx_cuda,False,0,0,0,False,False,9,4
000000140076.jpg,MEDIUM,onnx_cuda,False,0,0,0,False,False,116,21
000000140203.jpg,MEDIUM,onnx_cuda,False,3,26,3,True,True,39,8
000000140270.jpg,MEDIUM,onnx_cuda,False,1,9,0,True,True,21,2
000000140286.jpg,MEDIUM,onnx_cuda,False,1,15,1,True,True,26,3
000000140420.jpg,MEDIUM,onnx_cuda,False,1,9,0,True,True,10,1
000000140439.jpg,MEDIUM,onnx_cuda,False,0,0,0,False,False,49,9
000000140556.jpg,MEDIUM,onnx_cuda,False,4,34,0,True,True,50,6
000000140583.jpg,MEDIUM,onnx_cuda,False,1,15,1,True,True,120,21
000000140640.jpg,MEDIUM,onnx_cuda,False,3,28,0,True,True,96,11
000000140658.jpg,MEDIUM,onnx_cuda,False,0,0,0,False,False,10,1
000000140840.jpg,MEDIUM,onnx_cuda,False,2,16,3,True,True,102,19
000000140929.jpg,MEDIUM,onnx_cuda,False,0,0,0,False,False,16,1
000000140987.jpg,MEDIUM,onnx_cuda,False,4,46,2,True,True,150,18
000000141328.jpg,MEDIUM,onnx_cuda,False,0,0,0,False,False,66,15
000000141597.jpg,MEDIUM,onnx_cuda,False,0,0,0,False,False,32,3
000000141671.jpg,MEDIUM,onnx_cuda,False,10,62,7,True,True,100,25
000000141821.jpg,MEDIUM,onnx_cuda,False,2,16,0,True,True,67,5
000000142092.jpg,MEDIUM,onnx_cuda,False,0,0,0,False,False,11,1
000000142238.jpg,MEDIUM,onnx_cuda,False,12,159,1,True,True,171,14
000000142324.jpg,MEDIUM,onnx_cuda,False,12,137,5,True,True,168,19
000000142472.jpg,MEDIUM,onnx_cuda,False,4,22,2,True,True,75,12
000000142585.jpg,MEDIUM,onnx_cuda,False,3,28,0,True,True,105,11
000000142620.jpg,MEDIUM,onnx_cuda,False,1,9,0,True,True,119,15
000000142790.jpg,MEDIUM,onnx_cuda,False,2,27,0,True,True,57,4
000000142971.jpg,MEDIUM,onnx_cuda,False,4,36,0,True,True,58,6
000000143068.jpg,MEDIUM,onnx_cuda,False,5,37,7,True,True,62,15
000000143556.jpg,MEDIUM,onnx_cuda,False,7,56,3,True,True,63,10
000000143572.jpg,MEDIUM,onnx_cuda,False,3,88,10,True,True,111,14
000000143931.jpg,MEDIUM,onnx_cuda,False,1,6,0,True,True,17,2
000000143961.jpg,MEDIUM,onnx_cuda,False,10,129,3,True,True,182,20
000000143998.jpg,MEDIUM,onnx_cuda,False,0,0,0,False,False,17,7
000000144003.jpg,MEDIUM,onnx_cuda,False,5,49,1,True,True,122,13
000000144114.jpg,MEDIUM,onnx_cuda,False,1,12,0,True,True,24,2
000000144300.jpg,MEDIUM,onnx_cuda,False,3,33,0,True,True,70,9
000000144333.jpg,MEDIUM,onnx_cuda,False,2,18,0,True,True,73,8
000000144706.jpg,MEDIUM,onnx_cuda,False,0,0,0,False,False,51,7
000000144784.jpg,MEDIUM,onnx_cuda,False,1,9,0,True,True,10,1
000000144798.jpg,MEDIUM,onnx_cuda,False,0,0,0,False,False,27,4
000000144932.jpg,MEDIUM,onnx_cuda,False,0,0,2,True,False,9,3
000000144984.jpg,MEDIUM,onnx_cuda,False,1,9,0,True,True,51,5
000000145020.jpg,MEDIUM,onnx_cuda,False,4,32,9,True,True,62,17
000000145591.jpg,MEDIUM,onnx_cuda,False,0,0,0,False,False,9,1
000000145597.jpg,MEDIUM,onnx_cuda,False,5,49,0,True,True,90,19
000000145620.jpg,MEDIUM,onnx_cuda,False,5,43,0,True,True,48,5
000000145665.jpg,MEDIUM,onnx_cuda,False,1,9,0,True,True,20,2
000000145781.jpg,MEDIUM,onnx_cuda,False,0,0,0,False,False,29,3
000000146155.jpg,MEDIUM,onnx_cuda,False,4,37,1,True,True,174,21
000000146358.jpg,MEDIUM,onnx_cuda,False,4,40,0,True,True,118,11
000000146363.jpg,MEDIUM,onnx_cuda,False,0,0,0,False,False,30,3
000000146457.jpg,MEDIUM,onnx_cuda,False,2,18,0,True,True,81,13
000000146489.jpg,MEDIUM,onnx_cuda,False,0,0,0,False,False,43,6
000000146498.jpg,MEDIUM,onnx_cuda,False,0,0,0,False,False,0,6
000000146667.jpg,MEDIUM,onnx_cuda,False,10,134,3,True,True,182,24
000000146825.jpg,MEDIUM,onnx_cuda,False,4,34,2,True,True,51,10
000000146831.jpg,MEDIUM,onnx_cuda,False,2,18,0,True,True,34,5
000000147205.jpg,MEDIUM,onnx_cuda,False,0,0,0,False,False,13,2
000000147223.jpg,MEDIUM,onnx_cuda,False,0,0,0,False,False,38,5
000000147338.jpg,MEDIUM,onnx_cuda,False,0,0,0,False,False,56,6
000000147415.jpg,MEDIUM,onnx_cuda,False,1,12,0,True,True,44,10
000000147498.jpg,MEDIUM,onnx_cuda,False,0,0,0,False,False,12,22
000000147518.jpg,MEDIUM,onnx_cuda,False,0,0,0,False,False,23,4
000000147725.jpg,MEDIUM,onnx_cuda,False,2,7,0,True,True,67,10
000000147729.jpg,MEDIUM,onnx_cuda,False,6,57,3,True,True,82,10
000000147740.jpg,MEDIUM,onnx_cuda,False,7,56,2,True,True,90,13
000000147745.jpg,MEDIUM,onnx_cuda,False,0,0,0,False,False,20,2
000000148508.jpg,MEDIUM,onnx_cuda,False,12,146,1,True,True,177,16
000000148620.jpg,MEDIUM,onnx_cuda,False,0,0,0,False,False,50,5
000000148662.jpg,MEDIUM,onnx_cuda,False,2,18,1,True,True,20,4
000000148707.jpg,MEDIUM,onnx_cuda,False,0,0,0,False,False,5,2
000000148719.jpg,MEDIUM,onnx_cuda,False,1,10,0,True,True,54,6
000000148730.jpg,MEDIUM,onnx_cuda,False,0,0,0,False,False,13,2
000000148739.jpg,MEDIUM,onnx_cuda,False,1,9,0,True,True,20,2
000000148783.jpg,MEDIUM,onnx_cuda,False,0,0,0,False,False,19,2
000000148957.jpg,MEDIUM,onnx_cuda,False,0,0,0,False,False,61,6
000000148999.jpg,MEDIUM,onnx_cuda,False,5,24,8,True,True,49,16
000000149222.jpg,MEDIUM,onnx_cuda,False,0,0,3,True,False,37,9
000000149375.jpg,MEDIUM,onnx_cuda,False,4,35,0,True,True,51,6
000000149406.jpg,MEDIUM,onnx_cuda,False,1,9,0,True,True,10,1
000000149568.jpg,MEDIUM,onnx_cuda,False,1,9,0,True,True,31,4
000000149622.jpg,MEDIUM,onnx_cuda,False,0,0,0,False,False,27,2
000000149770.jpg,MEDIUM,onnx_cuda,False,1,9,0,True,True,21,2
000000150224.jpg,MEDIUM,onnx_cuda,False,3,38,3,True,True,102,14
000000150265.jpg,MEDIUM,onnx_cuda,False,5,44,1,True,True,68,8
000000150417.jpg,MEDIUM,onnx_cuda,False,2,18,0,True,True,119,12
000000150638.jpg,MEDIUM,onnx_cuda,False,3,27,1,True,True,139,18
000000150649.jpg,MEDIUM,onnx_cuda,False,5,45,1,True,True,97,11
000000150726.jpg,MEDIUM,onnx_cuda,False,0,0,0,False,False,20,2
000000150930.jpg,MEDIUM,onnx_cuda,False,0,0,0,False,False,27,1
000000151000.jpg,MEDIUM,onnx_cuda,False,5,47,2,True,True,62,13
000000151051.jpg,MEDIUM,onnx_cuda,False,1,9,0,True,True,24,2
000000151480.jpg,MEDIUM,onnx_cuda,False,10,117,1,True,True,135,18
000000151516.jpg,MEDIUM,onnx_cuda,False,0,0,0,False,False,10,1
000000151629.jpg,MEDIUM,onnx_cuda,False,3,27,0,True,True,42,6
000000151657.jpg,MEDIUM,onnx_cuda,False,2,18,0,True,True,30,3
000000151662.jpg,MEDIUM,onnx_cuda,False,0,0,0,False,False,10,2
000000151820.jpg,MEDIUM,onnx_cuda,False,7,63,0,True,True,181,26
000000151857.jpg,MEDIUM,onnx_cuda,False,0,0,0,False,False,10,1
000000151938.jpg,MEDIUM,onnx_cuda,False,3,27,1,True,True,72,9
000000151962.jpg,MEDIUM,onnx_cuda,False,0,0,1,True,False,25,3
000000152120.jpg,MEDIUM,onnx_cuda,False,2,18,0,True,True,20,2
000000152214.jpg,MEDIUM,onnx_cuda,False,1,9,0,True,True,20,2
000000152465.jpg,MEDIUM,onnx_cuda,False,0,0,0,False,False,7,1
000000152686.jpg,MEDIUM,onnx_cuda,False,2,20,0,True,True,32,4
000000152740.jpg,MEDIUM,onnx_cuda,False,0,0,0,False,False,160,14
000000152771.jpg,MEDIUM,onnx_cuda,False,1,9,0,True,True,26,6
000000152870.jpg,MEDIUM,onnx_cuda,False,0,0,0,False,False,20,2
000000153011.jpg,MEDIUM,onnx_cuda,False,6,64,3,True,True,146,25
000000153217.jpg,MEDIUM,onnx_cuda,False,1,9,0,True,True,20,2
000000153229.jpg,MEDIUM,onnx_cuda,False,7,61,0,True,True,82,9
000000153299.jpg,MEDIUM,onnx_cuda,False,0,0,0,False,False,20,2
000000153343.jpg,MEDIUM,onnx_cuda,False,0,0,0,False,False,20,2
000000153510.jpg,MEDIUM,onnx_cuda,False,0,0,0,False,False,10,6
000000153527.jpg,MEDIUM,onnx_cuda,False,1,9,4,True,True,34,15
000000153529.jpg,MEDIUM,onnx_cuda,False,5,44,3,True,True,108,17
000000153568.jpg,MEDIUM,onnx_cuda,False,0,0,0,False,False,10,1
000000153632.jpg,MEDIUM,onnx_cuda,False,0,0,0,False,False,58,4
000000153669.jpg,MEDIUM,onnx_cuda,False,12,179,1,True,True,215,16
000000153782.jpg,MEDIUM,onnx_cuda,False,0,0,0,False,False,14,2
000000153797.jpg,MEDIUM,onnx_cuda,False,1,9,0,True,True,23,3
000000154000.jpg,MEDIUM,onnx_cuda,False,0,0,0,False,False,20,3
000000154004.jpg,MEDIUM,onnx_cuda,False,10,97,3,True,True,120,14
000000154087.jpg,MEDIUM,onnx_cuda,False,3,37,1,True,True,44,5
000000154213.jpg,MEDIUM,onnx_cuda,False,0,0,0,False,False,10,1
000000154339.jpg,MEDIUM,onnx_cuda,False,0,0,0,False,False,5,2
000000154358.jpg,MEDIUM,onnx_cuda,False,1,8,0,True,True,109,18
000000154425.jpg,MEDIUM,onnx_cuda,False,1,9,0,True,True,29,2
000000154431.jpg,MEDIUM,onnx_cuda,False,0,0,0,False,False,30,12
000000154644.jpg,MEDIUM,onnx_cuda,False,2,19,0,True,True,44,4
000000154705.jpg,MEDIUM,onnx_cuda,False,0,0,0,False,False,59,8
000000154718.jpg,MEDIUM,onnx_cuda,False,1,9,0,True,True,29,2
000000154947.jpg,MEDIUM,onnx_cuda,False,0,0,0,False,False,11,1
000000155051.jpg,MEDIUM,onnx_cuda,False,0,0,0,False,False,21,1
000000155145.jpg,MEDIUM,onnx_cuda,False,3,26,0,True,True,67,7
000000155154.jpg,MEDIUM,onnx_cuda,False,0,6,0,False,True,8,1
000000155179.jpg,MEDIUM,onnx_cuda,False,0,0,0,False,False,10,2
000000155291.jpg,MEDIUM,onnx_cuda,False,0,0,0,False,False,12,1
000000155341.jpg,MEDIUM,onnx_cuda,False,5,50,1,True,True,85,9
000000155443.jpg,MEDIUM,onnx_cuda,False,0,0,0,False,False,20,3
000000155451.jpg,MEDIUM,onnx_cuda,False,0,0,0,False,False,11,10
000000155571.jpg,MEDIUM,onnx_cuda,False,0,0,0,False,False,10,1
000000156071.jpg,MEDIUM,onnx_cuda,False,9,101,4,True,True,110,16
000000156076.jpg,MEDIUM,onnx_cuda,False,3,27,0,True,True,85,19
000000156278.jpg,MEDIUM,onnx_cuda,False,0,0,0,False,False,158,28
000000156292.jpg,MEDIUM,onnx_cuda,False,1,9,1,True,True,98,8
000000156372.jpg,MEDIUM,onnx_cuda,False,0,0,0,False,False,35,4
000000156643.jpg,MEDIUM,onnx_cuda,False,7,62,3,True,True,144,21
000000156924.jpg,MEDIUM,onnx_cuda,False,2,19,0,True,True,43,7
000000157046.jpg,MEDIUM,onnx_cuda,False,1,9,1,True,True,20,3
000000157098.jpg,MEDIUM,onnx_cuda,False,0,0,0,False,False,30,3
000000157124.jpg,MEDIUM,onnx_cuda,False,0,0,0,False,False,12,1
000000157138.jpg,MEDIUM,onnx_cuda,False,0,0,0,False,False,22,2
000000157213.jpg,MEDIUM,onnx_cuda,False,0,0,0,False,False,10,1
000000157365.jpg,MEDIUM,onnx_cuda,False,1,9,0,True,True,59,9
000000157390.jpg,MEDIUM,onnx_cuda,False,0,0,0,False,False,84,22
000000157418.jpg,MEDIUM,onnx_cuda,False,0,0,0,False,False,43,8
000000157601.jpg,MEDIUM,onnx_cuda,False,1,5,0,True,True,27,5
000000157756.jpg,MEDIUM,onnx_cuda,False,9,64,2,True,True,115,20
000000157767.jpg,MEDIUM,onnx_cuda,False,11,116,2,True,True,181,25
000000157807.jpg,MEDIUM,onnx_cuda,False,0,0,0,False,False,30,3
000000157847.jpg,MEDIUM,onnx_cuda,False,0,7,0,False,True,16,1
000000157928.jpg,MEDIUM,onnx_cuda,False,2,18,0,True,True,98,8
000000158227.jpg,MEDIUM,onnx_cuda,False,1,9,0,True,True,16,2
000000158548.jpg,MEDIUM,onnx_cuda,False,2,18,12,True,True,40,19
000000158660.jpg,MEDIUM,onnx_cuda,False,1,9,1,True,True,57,10
000000158744.jpg,MEDIUM,onnx_cuda,False,1,15,0,True,True,49,12
000000158945.jpg,MEDIUM,onnx_cuda,False,1,9,1,True,True,39,4
000000158956.jpg,MEDIUM,onnx_cuda,False,1,9,0,True,True,21,5
000000159112.jpg,MEDIUM,onnx_cuda,False,0,0,0,False,False,0,1
000000159282.jpg,MEDIUM,onnx_cuda,False,0,0,0,False,False,15,2
000000159311.jpg,MEDIUM,onnx_cuda,False,0,0,0,False,False,20,2
000000159399.jpg,MEDIUM,onnx_cuda,False,6,37,0,True,True,55,9
000000159458.jpg,MEDIUM,onnx_cuda,False,0,0,0,False,False,27,3
000000159684.jpg,MEDIUM,onnx_cuda,False,0,0,0,False,False,22,2
000000159791.jpg,MEDIUM,onnx_cuda,False,0,0,8,True,False,42,15
000000159977.jpg,MEDIUM,onnx_cuda,False,0,0,0,False,False,20,4
000000160012.jpg,MEDIUM,onnx_cuda,False,1,9,0,True,True,76,9
000000160556.jpg,MEDIUM,onnx_cuda,False,1,9,0,True,True,59,9
000000160666.jpg,MEDIUM,onnx_cuda,False,0,0,0,False,False,16,1
000000160728.jpg,MEDIUM,onnx_cuda,False,7,29,6,True,True,157,37
000000160772.jpg,MEDIUM,onnx_cuda,False,2,0,8,True,True,12,11
000000160864.jpg,MEDIUM,onnx_cuda,False,6,59,0,True,True,143,18
000000161008.jpg,MEDIUM,onnx_cuda,False,0,0,0,False,False,12,1
000000161032.jpg,MEDIUM,onnx_cuda,False,1,9,0,True,True,30,2
000000161044.jpg,MEDIUM,onnx_cuda,False,0,0,0,False,False,20,2
000000161128.jpg,MEDIUM,onnx_cuda,False,2,8,1,True,True,49,14
000000161397.jpg,MEDIUM,onnx_cuda,False,0,0,1,True,False,23,3
000000161609.jpg,MEDIUM,onnx_cuda,False,3,27,0,True,True,47,7
000000161642.jpg,MEDIUM,onnx_cuda,False,0,0,0,False,False,10,1
000000161781.jpg,MEDIUM,onnx_cuda,False,1,9,0,True,True,19,2
000000161799.jpg,MEDIUM,onnx_cuda,False,3,27,3,True,True,41,8
000000161820.jpg,MEDIUM,onnx_cuda,False,0,0,0,False,False,25,1
000000161861.jpg,MEDIUM,onnx_cuda,False,1,9,0,True,True,21,2
000000161875.jpg,MEDIUM,onnx_cuda,False,1,9,0,True,True,10,2
000000161879.jpg,MEDIUM,onnx_cuda,False,1,9,0,True,True,41,2
000000161925.jpg,MEDIUM,onnx_cuda,False,2,18,0,True,True,20,3
000000161978.jpg,MEDIUM,onnx_cuda,False,13,131,0,True,True,262,19
000000162035.jpg,MEDIUM,onnx_cuda,False,2,22,1,True,True,33,5
000000162092.jpg,MEDIUM,onnx_cuda,False,10,104,1,True,True,153,16
000000162130.jpg,MEDIUM,onnx_cuda,False,0,0,0,False,False,10,1
000000162366.jpg,MEDIUM,onnx_cuda,False,0,0,0,False,False,10,1
000000162415.jpg,MEDIUM,onnx_cuda,False,1,9,0,True,True,21,2
000000162543.jpg,MEDIUM,onnx_cuda,False,0,0,0,False,False,40,6
000000162581.jpg,MEDIUM,onnx_cuda,False,1,9,0,True,True,20,2
000000162732.jpg,MEDIUM,onnx_cuda,False,5,45,0,True,True,61,6
000000162858.jpg,MEDIUM,onnx_cuda,False,2,13,0,True,True,128,17
000000163057.jpg,MEDIUM,onnx_cuda,False,9,80,4,True,True,122,22
000000163117.jpg,MEDIUM,onnx_cuda,False,5,39,7,True,True,134,27
000000163118.jpg,MEDIUM,onnx_cuda,False,2,18,0,True,True,30,3
000000163155.jpg,MEDIUM,onnx_cuda,False,0,0,0,False,False,14,1
000000163257.jpg,MEDIUM,onnx_cuda,False,2,13,0,True,True,35,3
000000163258.jpg,MEDIUM,onnx_cuda,False,0,0,0,False,False,20,2
000000163290.jpg,MEDIUM,onnx_cuda,False,0,0,0,False,False,17,3
000000163314.jpg,MEDIUM,onnx_cuda,False,11,81,2,True,True,96,21
000000163562.jpg,MEDIUM,onnx_cuda,False,1,9,0,True,True,20,2
000000163611.jpg,MEDIUM,onnx_cuda,False,0,0,0,False,False,73,6
000000163640.jpg,MEDIUM,onnx_cuda,False,3,27,0,True,True,44,6
000000163682.jpg,MEDIUM,onnx_cuda,False,1,9,0,True,True,30,3
000000163746.jpg,MEDIUM,onnx_cuda,False,7,66,4,True,True,92,13
000000163951.jpg,MEDIUM,onnx_cuda,False,0,0,0,False,False,21,2
000000164115.jpg,MEDIUM,onnx_cuda,False,0,0,1,True,False,7,2
000000164363.jpg,MEDIUM,onnx_cuda,False,0,0,0,False,False,11,1
000000164602.jpg,MEDIUM,onnx_cuda,False,2,18,0,True,True,31,6
000000164637.jpg,MEDIUM,onnx_cuda,False,0,0,0,False,False,11,1
000000164883.jpg,MEDIUM,onnx_cuda,False,1,9,0,True,True,31,4
000000164885.jpg,MEDIUM,onnx_cuda,False,7,27,0,True,True,41,8
000000164969.jpg,MEDIUM,onnx_cuda,False,0,0,0,False,False,9,1
000000165039.jpg,MEDIUM,onnx_cuda,False,3,19,6,True,True,106,23
000000165257.jpg,MEDIUM,onnx_cuda,False,0,0,0,False,False,9,1
000000165336.jpg,MEDIUM,onnx_cuda,False,0,0,0,False,False,29,2
000000165351.jpg,MEDIUM,onnx_cuda,False,0,0,0,False,False,14,6
000000165500.jpg,MEDIUM,onnx_cuda,False,0,0,0,False,False,21,3
000000165518.jpg,MEDIUM,onnx_cuda,False,2,18,0,True,True,20,2
000000165681.jpg,MEDIUM,onnx_cuda,False,13,136,11,True,True,163,28
000000165713.jpg,MEDIUM,onnx_cuda,False,0,0,0,False,False,18,1
000000165831.jpg,MEDIUM,onnx_cuda,False,0,0,0,False,False,52,22
000000166165.jpg,MEDIUM,onnx_cuda,False,2,18,0,True,True,31,4
000000166166.jpg,MEDIUM,onnx_cuda,False,0,8,0,False,True,86,9
000000166259.jpg,MEDIUM,onnx_cuda,False,0,0,0,False,False,39,4
000000166277.jpg,MEDIUM,onnx_cuda,False,0,0,0,False,False,40,4
000000166287.jpg,MEDIUM,onnx_cuda,False,0,0,0,False,False,159,16
000000166391.jpg,MEDIUM,onnx_cuda,False,0,0,0,False,False,138,27
000000166426.jpg,MEDIUM,onnx_cuda,False,0,0,0,False,False,90,11
000000166478.jpg,MEDIUM,onnx_cuda,False,1,10,0,True,True,85,8
000000166509.jpg,MEDIUM,onnx_cuda,False,0,0,0,False,False,18,2
000000166521.jpg,MEDIUM,onnx_cuda,False,0,0,0,False,False,25,16
000000166563.jpg,MEDIUM,onnx_cuda,False,0,0,0,False,False,10,1
000000166642.jpg,MEDIUM,onnx_cuda,False,0,0,0,False,False,17,1
000000166664.jpg,MEDIUM,onnx_cuda,False,0,0,0,False,False,20,2
000000166747.jpg,MEDIUM,onnx_cuda,False,9,106,4,True,True,134,17
000000166768.jpg,MEDIUM,onnx_cuda,False,2,18,0,True,True,30,3
000000166918.jpg,MEDIUM,onnx_cuda,False,10,92,3,True,True,230,44
000000167067.jpg,MEDIUM,onnx_cuda,False,1,10,0,True,True,21,2
000000167122.jpg,MEDIUM,onnx_cuda,False,0,0,1,True,False,20,6
000000167128.jpg,MEDIUM,onnx_cuda,False,0,0,0,False,False,22,3
000000167159.jpg,MEDIUM,onnx_cuda,False,0,10,0,False,True,30,2
000000167240.jpg,MEDIUM,onnx_cuda,False,0,0,0,False,False,10,1
000000167353.jpg,MEDIUM,onnx_cuda,False,0,0,0,False,False,10,1
000000167486.jpg,MEDIUM,onnx_cuda,False,5,45,4,True,True,50,10
000000167540.jpg,MEDIUM,onnx_cuda,False,0,0,0,False,False,10,1
000000167572.jpg,MEDIUM,onnx_cuda,False,1,4,1,True,True,32,14
000000167898.jpg,MEDIUM,onnx_cuda,False,0,0,0,False,False,32,3
000000167902.jpg,MEDIUM,onnx_cuda,False,0,0,0,False,False,10,1
000000168330.jpg,MEDIUM,onnx_cuda,False,0,0,0,False,False,48,7
000000168337.jpg,MEDIUM,onnx_cuda,False,2,18,0,True,True,53,6
000000168458.jpg,MEDIUM,onnx_cuda,False,0,0,0,False,False,20,1
000000168593.jpg,MEDIUM,onnx_cuda,False,0,0,0,False,False,31,3
000000168619.jpg,MEDIUM,onnx_cuda,False,0,0,0,False,False,9,1
000000168883.jpg,MEDIUM,onnx_cuda,False,4,38,0,True,True,46,6
000000168974.jpg,MEDIUM,onnx_cuda,False,1,9,0,True,True,26,3
000000169076.jpg,MEDIUM,onnx_cuda,False,2,18,0,True,True,43,6
000000169169.jpg,MEDIUM,onnx_cuda,False,9,94,4,True,True,160,19
000000169356.jpg,MEDIUM,onnx_cuda,False,1,9,0,True,True,20,2
000000169996.jpg,MEDIUM,onnx_cuda,False,4,43,3,True,True,130,16
000000170099.jpg,MEDIUM,onnx_cuda,False,1,8,0,True,True,29,3
000000170116.jpg,MEDIUM,onnx_cuda,False,0,0,8,True,False,8,9
000000170191.jpg,MEDIUM,onnx_cuda,False,1,9,0,True,True,39,3
000000170278.jpg,MEDIUM,onnx_cuda,False,0,0,0,False,False,18,2
000000170474.jpg,MEDIUM,onnx_cuda,False,1,9,0,True,True,40,4
000000170545.jpg,MEDIUM,onnx_cuda,False,0,0,0,False,False,19,11
000000170595.jpg,MEDIUM,onnx_cuda,False,0,0,0,False,False,10,2
000000170613.jpg,MEDIUM,onnx_cuda,False,2,18,0,True,True,37,4
000000170670.jpg,MEDIUM,onnx_cuda,False,0,0,0,False,False,127,21
000000170739.jpg,MEDIUM,onnx_cuda,False,0,11,0,False,True,60,3
000000170893.jpg,MEDIUM,onnx_cuda,False,0,0,0,False,False,19,2
000000170955.jpg,MEDIUM,onnx_cuda,False,1,9,0,True,True,19,2
000000171050.jpg,MEDIUM,onnx_cuda,False,0,0,0,False,False,10,1
000000171190.jpg,MEDIUM,onnx_cuda,False,10,90,0,True,True,250,37
000000171298.jpg,MEDIUM,onnx_cuda,False,0,0,0,False,False,30,3
000000171382.jpg,MEDIUM,onnx_cuda,False,10,89,0,True,True,205,36
000000171611.jpg,MEDIUM,onnx_cuda,False,1,9,0,True,True,49,5
000000171740.jpg,MEDIUM,onnx_cuda,False,0,0,0,False,False,34,3
000000171757.jpg,MEDIUM,onnx_cuda,False,3,17,0,True,True,53,9
000000171788.jpg,MEDIUM,onnx_cuda,False,1,9,0,True,True,26,3
000000172083.jpg,MEDIUM,onnx_cuda,False,0,5,0,False,True,5,4
000000172330.jpg,MEDIUM,onnx_cuda,False,0,0,0,False,False,40,4
000000172396.jpg,MEDIUM,onnx_cuda,False,0,0,0,False,False,20,2
000000172547.jpg,MEDIUM,onnx_cuda,False,0,0,0,False,False,15,7
000000172571.jpg,MEDIUM,onnx_cuda,False,0,10,1,True,True,77,8
000000172595.jpg,MEDIUM,onnx_cuda,False,0,0,0,False,False,120,15
000000172617.jpg,MEDIUM,onnx_cuda,False,1,9,0,True,True,32,12
000000172648.jpg,MEDIUM,onnx_cuda,False,2,27,0,True,True,49,4
000000172649.jpg,MEDIUM,onnx_cuda,False,1,9,0,True,True,18,2
000000172856.jpg,MEDIUM,onnx_cuda,False,0,0,0,False,False,10,1
000000172877.jpg,MEDIUM,onnx_cuda,False,1,9,0,True,True,56,8
000000172935.jpg,MEDIUM,onnx_cuda,False,1,9,1,True,True,19,5
000000172946.jpg,MEDIUM,onnx_cuda,False,10,94,3,True,True,115,21
000000172977.jpg,MEDIUM,onnx_cuda,False,0,0,0,False,False,10,1
000000173004.jpg,MEDIUM,onnx_cuda,False,0,10,0,False,True,113,15
000000173008.jpg,MEDIUM,onnx_cuda,False,1,9,0,True,True,27,18
000000173033.jpg,MEDIUM,onnx_cuda,False,0,0,0,False,False,20,2
000000173044.jpg,MEDIUM,onnx_cuda,False,0,0,0,False,False,10,1
000000173057.jpg,MEDIUM,onnx_cuda,False,11,93,2,True,True,135,17
000000173091.jpg,MEDIUM,onnx_cuda,False,0,0,0,False,False,10,4
000000173183.jpg,MEDIUM,onnx_cuda,False,0,0,0,False,False,0,0
000000173302.jpg,MEDIUM,onnx_cuda,False,2,16,0,True,True,109,24
000000173371.jpg,MEDIUM,onnx_cuda,False,0,0,0,False,False,56,10
000000173383.jpg,MEDIUM,onnx_cuda,False,0,0,0,False,False,47,4
000000173799.jpg,MEDIUM,onnx_cuda,False,2,20,0,True,True,189,15
000000173830.jpg,MEDIUM,onnx_cuda,False,1,9,0,True,True,12,2
000000174004.jpg,MEDIUM,onnx_cuda,False,0,0,0,False,False,10,1
000000174018.jpg,MEDIUM,onnx_cuda,False,0,0,0,False,False,20,2
000000174123.jpg,MEDIUM,onnx_cuda,False,0,0,2,True,False,12,6
000000174231.jpg,MEDIUM,onnx_cuda,False,0,0,0,False,False,33,3
000000174371.jpg,MEDIUM,onnx_cuda,False,6,50,0,True,True,88,8
000000174482.jpg,MEDIUM,onnx_cuda,False,1,9,0,True,True,66,12
000000175251.jpg,MEDIUM,onnx_cuda,False,1,9,0,True,True,21,2
000000175364.jpg,MEDIUM,onnx_cuda,False,0,0,0,False,False,125,18
000000175387.jpg,MEDIUM,onnx_cuda,False,0,0,0,False,False,10,1
000000175438.jpg,MEDIUM,onnx_cuda,False,0,0,0,False,False,147,18
000000175443.jpg,MEDIUM,onnx_cuda,False,0,0,0,False,False,10,2
000000175535.jpg,MEDIUM,onnx_cuda,False,0,0,0,False,False,50,7
000000176037.jpg,MEDIUM,onnx_cuda,False,3,28,2,True,True,42,15
000000176232.jpg,MEDIUM,onnx_cuda,False,0,0,0,False,False,30,2
000000176446.jpg,MEDIUM,onnx_cuda,False,0,0,0,False,False,18,2
000000176606.jpg,MEDIUM,onnx_cuda,False,1,7,0,True,True,27,4
000000176634.jpg,MEDIUM,onnx_cuda,False,0,0,0,False,False,11,1
000000176701.jpg,MEDIUM,onnx_cuda,False,0,0,0,False,False,0,0
000000176778.jpg,MEDIUM,onnx_cuda,False,0,0,0,False,False,10,2
000000176799.jpg,MEDIUM,onnx_cuda,False,3,19,0,True,True,40,6
000000176847.jpg,MEDIUM,onnx_cuda,False,0,0,0,False,False,21,1
000000176857.jpg,MEDIUM,onnx_cuda,False,9,71,3,True,True,90,16
000000176901.jpg,MEDIUM,onnx_cuda,False,3,27,0,True,True,53,6
000000177015.jpg,MEDIUM,onnx_cuda,False,1,15,0,True,True,37,6
000000177065.jpg,MEDIUM,onnx_cuda,False,4,29,1,True,True,75,11
000000177213.jpg,MEDIUM,onnx_cuda,False,0,0,1,True,False,48,7
000000177357.jpg,MEDIUM,onnx_cuda,False,1,9,0,True,True,20,2
000000177383.jpg,MEDIUM,onnx_cuda,False,0,0,0,False,False,10,1
000000177489.jpg,MEDIUM,onnx_cuda,False,2,18,0,True,True,140,21
000000177539.jpg,MEDIUM,onnx_cuda,False,1,9,0,True,True,10,2
000000177714.jpg,MEDIUM,onnx_cuda,False,0,0,0,False,False,1,11
000000177861.jpg,MEDIUM,onnx_cuda,False,4,42,1,True,True,120,19
000000177893.jpg,MEDIUM,onnx_cuda,False,0,0,0,False,False,16,3
000000177934.jpg,MEDIUM,onnx_cuda,False,6,55,2,True,True,148,18
000000177935.jpg,MEDIUM,onnx_cuda,False,0,0,0,False,False,47,13
000000178028.jpg,MEDIUM,onnx_cuda,False,0,0,0,False,False,58,10
000000178469.jpg,MEDIUM,onnx_cuda,False,0,0,0,False,False,56,7
000000178618.jpg,MEDIUM,onnx_cuda,False,0,0,0,False,False,10,3
000000178744.jpg,MEDIUM,onnx_cuda,False,3,11,6,True,True,49,10
000000178982.jpg,MEDIUM,onnx_cuda,False,4,42,0,True,True,63,9
000000179112.jpg,MEDIUM,onnx_cuda,False,1,9,0,True,True,21,2
000000179141.jpg,MEDIUM,onnx_cuda,False,4,27,0,True,True,74,7
000000179174.jpg,MEDIUM,onnx_cuda,False,6,40,2,True,True,262,22
000000179214.jpg,MEDIUM,onnx_cuda,False,0,0,0,False,False,10,1
000000179265.jpg,MEDIUM,onnx_cuda,False,1,2,1,True,True,50,8
000000179285.jpg,MEDIUM,onnx_cuda,False,0,0,0,False,False,20,2
000000179392.jpg,MEDIUM,onnx_cuda,False,0,0,0,False,False,19,6
000000179487.jpg,MEDIUM,onnx_cuda,False,10,86,2,True,True,117,15
000000179642.jpg,MEDIUM,onnx_cuda,False,8,71,2,True,True,170,21
000000179653.jpg,MEDIUM,onnx_cuda,False,0,0,0,False,False,10,1
000000179765.jpg,MEDIUM,onnx_cuda,False,1,9,0,True,True,11,1
000000179898.jpg,MEDIUM,onnx_cuda,False,9,70,0,True,True,131,26
000000180011.jpg,MEDIUM,onnx_cuda,False,1,9,0,True,True,69,6
000000180101.jpg,MEDIUM,onnx_cuda,False,3,27,1,True,True,85,11
000000180135.jpg,MEDIUM,onnx_cuda,False,1,9,0,True,True,20,2
000000180188.jpg,MEDIUM,onnx_cuda,False,0,0,0,False,False,11,1
000000180296.jpg,MEDIUM,onnx_cuda,False,0,9,0,False,True,39,5
000000180383.jpg,MEDIUM,onnx_cuda,False,1,17,0,True,True,47,4
000000180487.jpg,MEDIUM,onnx_cuda,False,2,18,0,True,True,61,6
000000180560.jpg,MEDIUM,onnx_cuda,False,2,24,0,True,True,37,3
000000180751.jpg,MEDIUM,onnx_cuda,False,2,17,0,True,True,173,21
000000180792.jpg,MEDIUM,onnx_cuda,False,0,0,0,False,False,10,1
000000180798.jpg,MEDIUM,onnx_cuda,False,0,0,0,False,False,14,1
000000180878.jpg,MEDIUM,onnx_cuda,False,0,0,0,False,False,20,4
000000181303.jpg,MEDIUM,onnx_cuda,False,1,9,0,True,True,16,2
000000181421.jpg,MEDIUM,onnx_cuda,False,3,34,0,True,True,65,5
000000181499.jpg,MEDIUM,onnx_cuda,False,1,2,0,True,True,26,3
000000181542.jpg,MEDIUM,onnx_cuda,False,13,141,4,True,True,195,20
000000181666.jpg,MEDIUM,onnx_cuda,False,3,21,0,True,True,142,16
000000181753.jpg,MEDIUM,onnx_cuda,False,0,0,0,False,False,70,14
000000181796.jpg,MEDIUM,onnx_cuda,False,0,0,0,False,False,95,15
000000181816.jpg,MEDIUM,onnx_cuda,False,1,9,2,True,True,75,11
000000181859.jpg,MEDIUM,onnx_cuda,False,0,0,0,False,False,30,2
000000181969.jpg,MEDIUM,onnx_cuda,False,0,0,0,False,False,10,2
000000182021.jpg,MEDIUM,onnx_cuda,False,2,18,1,True,True,27,5
000000182155.jpg,MEDIUM,onnx_cuda,False,2,18,0,True,True,67,7
000000182162.jpg,MEDIUM,onnx_cuda,False,0,0,0,False,False,47,9
000000182202.jpg,MEDIUM,onnx_cuda,False,0,0,0,False,False,20,4
000000182417.jpg,MEDIUM,onnx_cuda,False,0,0,0,False,False,62,8
000000182441.jpg,MEDIUM,onnx_cuda,False,1,10,0,True,True,47,26
000000182611.jpg,MEDIUM,onnx_cuda,False,2,34,0,True,True,129,25
000000182805.jpg,MEDIUM,onnx_cuda,False,1,9,0,True,True,41,5
000000182923.jpg,MEDIUM,onnx_cuda,False,11,109,2,True,True,132,15
000000183049.jpg,MEDIUM,onnx_cuda,False,0,0,0,False,False,91,14
000000183104.jpg,MEDIUM,onnx_cuda,False,0,0,0,False,False,10,2
000000183127.jpg,MEDIUM,onnx_cuda,False,1,8,0,True,True,19,2
000000183246.jpg,MEDIUM,onnx_cuda,False,0,0,2,True,False,97,18
000000183391.jpg,MEDIUM,onnx_cuda,False,5,52,8,True,True,105,27
000000183437.jpg,MEDIUM,onnx_cuda,False,4,43,0,True,True,71,6
000000183500.jpg,MEDIUM,onnx_cuda,False,1,8,0,True,True,19,2
000000183648.jpg,MEDIUM,onnx_cuda,False,3,27,0,True,True,41,4
000000183675.jpg,MEDIUM,onnx_cuda,False,1,9,0,True,True,20,2
000000183709.jpg,MEDIUM,onnx_cuda,False,10,91,2,True,True,172,24
000000183716.jpg,MEDIUM,onnx_cuda,False,2,18,0,True,True,40,5
000000183965.jpg,MEDIUM,onnx_cuda,False,0,0,0,False,False,12,5
000000184321.jpg,MEDIUM,onnx_cuda,False,0,0,0,False,False,11,1
000000184324.jpg,MEDIUM,onnx_cuda,False,14,149,2,True,True,218,31
000000184338.jpg,MEDIUM,onnx_cuda,False,0,0,0,False,False,10,1
000000184384.jpg,MEDIUM,onnx_cuda,False,0,0,1,True,False,52,6
000000184400.jpg,MEDIUM,onnx_cuda,False,0,0,0,False,False,21,2
000000184611.jpg,MEDIUM,onnx_cuda,False,11,113,3,True,True,139,22
000000184762.jpg,MEDIUM,onnx_cuda,False,0,0,0,False,False,10,1
000000184791.jpg,MEDIUM,onnx_cuda,False,0,0,0,False,False,25,7
000000184978.jpg,MEDIUM,onnx_cuda,False,1,9,0,True,True,13,2
000000185157.jpg,MEDIUM,onnx_cuda,False,1,10,5,True,True,13,6
000000185250.jpg,MEDIUM,onnx_cuda,False,2,13,0,True,True,40,5
000000185292.jpg,MEDIUM,onnx_cuda,False,1,9,0,True,True,13,2
000000185409.jpg,MEDIUM,onnx_cuda,False,0,0,0,False,False,88,12
000000185472.jpg,MEDIUM,onnx_cuda,False,3,27,3,True,True,51,9
000000185473.jpg,MEDIUM,onnx_cuda,False,2,25,3,True,True,134,16
000000185599.jpg,MEDIUM,onnx_cuda,False,0,0,0,False,False,46,6
000000185802.jpg,MEDIUM,onnx_cuda,False,0,0,0,False,False,34,4
000000185890.jpg,MEDIUM,onnx_cuda,False,4,39,1,True,True,49,15
000000185950.jpg,MEDIUM,onnx_cuda,False,1,53,0,True,True,65,2
000000186042.jpg,MEDIUM,onnx_cuda,False,1,9,0,True,True,16,2
000000186282.jpg,MEDIUM,onnx_cuda,False,0,0,0,False,False,44,3
000000186296.jpg,MEDIUM,onnx_cuda,False,0,0,0,False,False,10,1
000000186345.jpg,MEDIUM,onnx_cuda,False,0,0,0,False,False,17,8
000000186422.jpg,MEDIUM,onnx_cuda,False,0,0,0,False,False,20,2
000000186449.jpg,MEDIUM,onnx_cuda,False,7,84,0,True,True,133,15
000000186624.jpg,MEDIUM,onnx_cuda,False,1,9,0,True,True,28,5
000000186632.jpg,MEDIUM,onnx_cuda,False,0,0,0,False,False,75,7
000000186637.jpg,MEDIUM,onnx_cuda,False,0,0,0,False,False,10,1
000000186873.jpg,MEDIUM,onnx_cuda,False,6,65,3,True,True,84,10
000000186929.jpg,MEDIUM,onnx_cuda,False,0,0,0,False,False,17,1
000000186938.jpg,MEDIUM,onnx_cuda,False,0,0,0,False,False,10,1
000000186980.jpg,MEDIUM,onnx_cuda,False,0,0,0,False,False,76,14
000000187055.jpg,MEDIUM,onnx_cuda,False,2,18,1,True,True,46,6
000000187144.jpg,MEDIUM,onnx_cuda,False,7,47,2,True,True,83,18
000000187236.jpg,MEDIUM,onnx_cuda,False,0,0,0,False,False,31,4
000000187243.jpg,MEDIUM,onnx_cuda,False,1,9,0,True,True,35,3
000000187249.jpg,MEDIUM,onnx_cuda,False,1,9,1,True,True,39,4
000000187271.jpg,MEDIUM,onnx_cuda,False,0,0,0,False,False,10,1
000000187362.jpg,MEDIUM,onnx_cuda,False,1,9,0,True,True,19,2
000000187513.jpg,MEDIUM,onnx_cuda,False,0,0,0,False,False,37,2
000000187585.jpg,MEDIUM,onnx_cuda,False,1,9,0,True,True,20,2
000000187734.jpg,MEDIUM,onnx_cuda,False,7,52,3,True,True,86,26
000000187745.jpg,MEDIUM,onnx_cuda,False,0,0,0,False,False,10,1
000000187990.jpg,MEDIUM,onnx_cuda,False,1,9,0,True,True,11,2
000000188296.jpg,MEDIUM,onnx_cuda,False,6,53,1,True,True,79,13
000000188439.jpg,MEDIUM,onnx_cuda,False,1,8,0,True,True,19,2
000000188465.jpg,MEDIUM,onnx_cuda,False,5,71,8,True,True,86,23
000000188592.jpg,MEDIUM,onnx_cuda,False,1,9,0,True,True,29,2
000000188689.jpg,MEDIUM,onnx_cuda,False,0,0,0,False,False,17,3
000000188906.jpg,MEDIUM,onnx_cuda,False,0,0,0,False,False,0,1
000000189078.jpg,MEDIUM,onnx_cuda,False,0,0,0,False,False,32,7
000000189213.jpg,MEDIUM,onnx_cuda,False,0,0,0,False,False,15,3
000000189226.jpg,MEDIUM,onnx_cuda,False,0,0,0,False,False,10,1
000000189310.jpg,MEDIUM,onnx_cuda,False,0,0,0,False,False,17,1
000000189436.jpg,MEDIUM,onnx_cuda,False,0,0,0,False,False,20,5
000000189451.jpg,MEDIUM,onnx_cuda,False,0,0,0,False,False,20,2
000000189475.jpg,MEDIUM,onnx_cuda,False,9,84,2,True,True,249,36
000000189698.jpg,MEDIUM,onnx_cuda,False,0,0,0,False,False,10,1
000000189752.jpg,MEDIUM,onnx_cuda,False,1,18,2,True,True,70,13
000000189775.jpg,MEDIUM,onnx_cuda,False,7,105,6,True,True,123,24
000000189806.jpg,MEDIUM,onnx_cuda,False,0,0,0,False,False,35,4
000000189820.jpg,MEDIUM,onnx_cuda,False,0,0,0,False,False,140,16
000000189828.jpg,MEDIUM,onnx_cuda,False,0,0,0,False,False,10,1
000000190007.jpg,MEDIUM,onnx_cuda,False,1,9,0,True,True,19,2
000000190140.jpg,MEDIUM,onnx_cuda,False,1,9,0,True,True,40,4
000000190236.jpg,MEDIUM,onnx_cuda,False,0,0,0,False,False,128,28
000000190307.jpg,MEDIUM,onnx_cuda,False,1,9,0,True,True,10,2
000000190637.jpg,MEDIUM,onnx_cuda,False,1,8,0,True,True,30,4
000000190648.jpg,MEDIUM,onnx_cuda,False,0,0,0,False,False,30,2
000000190676.jpg,MEDIUM,onnx_cuda,False,12,119,1,True,True,142,14
000000190753.jpg,MEDIUM,onnx_cuda,False,7,56,1,True,True,140,21
000000190756.jpg,MEDIUM,onnx_cuda,False,2,18,0,True,True,20,2
000000190841.jpg,MEDIUM,onnx_cuda,False,1,9,0,True,True,21,2
000000190853.jpg,MEDIUM,onnx_cuda,False,1,9,0,True,True,20,2
000000190923.jpg,MEDIUM,onnx_cuda,False,8,65,5,True,True,96,16
000000191013.jpg,MEDIUM,onnx_cuda,False,1,0,1,True,True,51,8
000000191288.jpg,MEDIUM,onnx_cuda,False,1,9,0,True,True,20,2
000000191471.jpg,MEDIUM,onnx_cuda,False,0,0,0,False,False,10,1
000000191580.jpg,MEDIUM,onnx_cuda,False,0,0,0,False,False,61,9
000000191614.jpg,MEDIUM,onnx_cuda,False,1,7,0,True,True,28,3
000000191672.jpg,MEDIUM,onnx_cuda,False,1,9,0,True,True,21,2
000000191761.jpg,MEDIUM,onnx_cuda,False,0,0,0,False,False,8,4
000000191845.jpg,MEDIUM,onnx_cuda,False,9,135,4,True,True,327,37
000000192047.jpg,MEDIUM,onnx_cuda,False,0,0,0,False,False,10,1
000000192191.jpg,MEDIUM,onnx_cuda,False,0,0,0,False,False,20,2
000000192607.jpg,MEDIUM,onnx_cuda,False,1,9,0,True,True,20,2
000000192670.jpg,MEDIUM,onnx_cuda,False,6,61,3,True,True,125,21
000000192699.jpg,MEDIUM,onnx_cuda,False,2,17,2,True,True,26,5
000000192716.jpg,MEDIUM,onnx_cuda,False,1,6,0,True,True,38,4
000000192871.jpg,MEDIUM,onnx_cuda,False,0,0,0,False,False,43,10
000000192904.jpg,MEDIUM,onnx_cuda,False,0,0,0,False,False,77,7
000000192964.jpg,MEDIUM,onnx_cuda,False,1,9,0,True,True,20,3
000000193162.jpg,MEDIUM,onnx_cuda,False,1,10,0,True,True,43,5
000000193181.jpg,MEDIUM,onnx_cuda,False,10,83,3,True,True,106,15
000000193245.jpg,MEDIUM,onnx_cuda,False,9,88,4,True,True,174,25
000000193348.jpg,MEDIUM,onnx_cuda,False,1,9,0,True,True,20,2
000000193429.jpg,MEDIUM,onnx_cuda,False,1,9,0,True,True,20,2
000000193494.jpg,MEDIUM,onnx_cuda,False,0,0,0,False,False,10,1
000000193674.jpg,MEDIUM,onnx_cuda,False,1,19,0,True,True,30,3
000000193717.jpg,MEDIUM,onnx_cuda,False,1,9,0,True,True,95,12
000000193743.jpg,MEDIUM,onnx_cuda,False,4,33,0,True,True,43,5
000000193884.jpg,MEDIUM,onnx_cuda,False,0,0,0,False,False,10,1
000000193926.jpg,MEDIUM,onnx_cuda,False,2,15,1,True,True,53,12
000000194216.jpg,MEDIUM,onnx_cuda,False,0,0,0,False,False,37,3
000000194471.jpg,MEDIUM,onnx_cuda,False,1,9,0,True,True,20,2
000000194506.jpg,MEDIUM,onnx_cuda,False,0,0,0,False,False,20,2
000000194716.jpg,MEDIUM,onnx_cuda,False,2,18,0,True,True,23,4
000000194724.jpg,MEDIUM,onnx_cuda,False,0,2,0,False,True,154,19
000000194746.jpg,MEDIUM,onnx_cuda,False,0,0,0,False,False,20,2
000000194832.jpg,MEDIUM,onnx_cuda,False,0,6,0,False,True,56,14
000000194875.jpg,MEDIUM,onnx_cuda,False,11,107,3,True,True,238,39
000000194940.jpg,MEDIUM,onnx_cuda,False,0,0,0,False,False,49,12
000000195045.jpg,MEDIUM,onnx_cuda,False,0,0,0,False,False,19,2
000000195165.jpg,MEDIUM,onnx_cuda,False,0,0,0,False,False,84,17
000000195754.jpg,MEDIUM,onnx_cuda,False,0,9,0,False,True,63,8
000000195842.jpg,MEDIUM,onnx_cuda,False,1,9,0,True,True,52,9
000000195918.jpg,MEDIUM,onnx_cuda,False,0,0,0,False,False,77,6
000000196009.jpg,MEDIUM,onnx_cuda,False,0,0,0,False,False,11,3
000000196141.jpg,MEDIUM,onnx_cuda,False,5,39,0,True,True,71,13
000000196185.jpg,MEDIUM,onnx_cuda,False,0,8,0,False,True,18,1
000000196442.jpg,MEDIUM,onnx_cuda,False,3,15,1,True,True,51,5
000000196754.jpg,MEDIUM,onnx_cuda,False,0,0,0,False,False,10,2
000000196759.jpg,MEDIUM,onnx_cuda,False,0,0,0,False,False,47,4
000000196843.jpg,MEDIUM,onnx_cuda,False,2,19,1,True,True,32,4
000000197004.jpg,MEDIUM,onnx_cuda,False,0,0,0,False,False,10,2
000000197022.jpg,MEDIUM,onnx_cuda,False,0,0,0,False,False,15,2
000000197388.jpg,MEDIUM,onnx_cuda,False,5,44,0,True,True,78,9
000000197528.jpg,MEDIUM,onnx_cuda,False,0,0,0,False,False,10,1
000000197658.jpg,MEDIUM,onnx_cuda,False,1,9,0,True,True,20,2
000000197796.jpg,MEDIUM,onnx_cuda,False,0,0,0,False,False,66,7
000000197870.jpg,MEDIUM,onnx_cuda,False,1,9,0,True,True,30,3
000000198489.jpg,MEDIUM,onnx_cuda,False,1,9,0,True,True,49,4
000000198510.jpg,MEDIUM,onnx_cuda,False,1,9,0,True,True,20,2
000000198641.jpg,MEDIUM,onnx_cuda,False,0,0,0,False,False,58,7
000000198805.jpg,MEDIUM,onnx_cuda,False,0,0,0,False,False,21,8
000000198915.jpg,MEDIUM,onnx_cuda,False,0,0,0,False,False,0,0
000000198928.jpg,MEDIUM,onnx_cuda,False,1,9,0,True,True,32,6
000000198960.jpg,MEDIUM,onnx_cuda,False,0,0,0,False,False,36,3
000000199055.jpg,MEDIUM,onnx_cuda,False,1,9,0,True,True,20,2
000000199236.jpg,MEDIUM,onnx_cuda,False,9,121,4,True,True,140,14
000000199310.jpg,MEDIUM,onnx_cuda,False,1,9,0,True,True,22,2
000000199395.jpg,MEDIUM,onnx_cuda,False,7,19,4,True,True,36,13
000000199442.jpg,MEDIUM,onnx_cuda,False,1,9,0,True,True,19,2
000000199551.jpg,MEDIUM,onnx_cuda,False,1,9,0,True,True,20,2
000000199681.jpg,MEDIUM,onnx_cuda,False,0,0,0,False,False,18,2
000000199771.jpg,MEDIUM,onnx_cuda,False,9,89,1,True,True,159,20
000000199977.jpg,MEDIUM,onnx_cuda,False,0,0,0,False,False,10,1
000000200152.jpg,MEDIUM,onnx_cuda,False,0,0,0,False,False,0,0
000000200162.jpg,MEDIUM,onnx_cuda,False,0,0,0,False,False,27,9
000000200252.jpg,MEDIUM,onnx_cuda,False,0,0,0,False,False,19,3
000000200421.jpg,MEDIUM,onnx_cuda,False,1,13,0,True,True,20,3
000000200667.jpg,MEDIUM,onnx_cuda,False,0,0,0,False,False,13,1
000000200839.jpg,MEDIUM,onnx_cuda,False,1,9,0,True,True,20,7
000000200961.jpg,MEDIUM,onnx_cuda,False,1,9,1,True,True,30,8
000000201025.jpg,MEDIUM,onnx_cuda,False,0,0,0,False,False,19,2
000000201072.jpg,MEDIUM,onnx_cuda,False,4,57,0,True,True,80,5
000000201148.jpg,MEDIUM,onnx_cuda,False,0,0,2,True,False,19,4
000000201418.jpg,MEDIUM,onnx_cuda,False,10,116,3,True,True,184,28
000000201426.jpg,MEDIUM,onnx_cuda,False,2,18,0,True,True,70,9
000000201646.jpg,MEDIUM,onnx_cuda,False,1,9,0,True,True,35,4
000000201676.jpg,MEDIUM,onnx_cuda,False,0,0,0,False,False,53,7
000000201775.jpg,MEDIUM,onnx_cuda,False,0,0,0,False,False,30,3
000000201934.jpg,MEDIUM,onnx_cuda,False,0,0,0,False,False,41,6
000000202001.jpg,MEDIUM,onnx_cuda,False,1,9,0,True,True,34,3
000000202228.jpg,MEDIUM,onnx_cuda,False,1,9,0,True,True,20,1
000000202339.jpg,MEDIUM,onnx_cuda,False,1,9,1,True,True,65,7
000000202445.jpg,MEDIUM,onnx_cuda,False,0,0,0,False,False,19,2
000000203095.jpg,MEDIUM,onnx_cuda,False,0,0,0,False,False,27,5
000000203294.jpg,MEDIUM,onnx_cuda,False,3,23,0,True,True,54,7
000000203317.jpg,MEDIUM,onnx_cuda,False,1,9,0,True,True,10,1
000000203389.jpg,MEDIUM,onnx_cuda,False,9,93,2,True,True,111,15
000000203488.jpg,MEDIUM,onnx_cuda,False,0,0,0,False,False,40,2
000000203546.jpg,MEDIUM,onnx_cuda,False,0,0,0,False,False,10,1
000000203580.jpg,MEDIUM,onnx_cuda,False,0,0,0,False,False,42,3
000000203629.jpg,MEDIUM,onnx_cuda,False,8,103,3,True,True,156,14
000000203639.jpg,MEDIUM,onnx_cuda,False,1,9,0,True,True,16,2
000000203864.jpg,MEDIUM,onnx_cuda,False,2,18,0,True,True,40,5
000000203931.jpg,MEDIUM,onnx_cuda,False,1,47,12,True,True,89,16
000000204186.jpg,MEDIUM,onnx_cuda,False,8,128,7,True,True,136,19
000000204329.jpg,MEDIUM,onnx_cuda,False,3,11,5,True,True,24,9
000000204871.jpg,MEDIUM,onnx_cuda,False,1,10,2,True,True,57,11
000000205105.jpg,MEDIUM,onnx_cuda,False,1,9,0,True,True,33,14
000000205282.jpg,MEDIUM,onnx_cuda,False,0,0,0,False,False,48,5
000000205289.jpg,MEDIUM,onnx_cuda,False,1,10,0,True,True,21,2
000000205324.jpg,MEDIUM,onnx_cuda,False,2,8,0,True,True,23,3
000000205333.jpg,MEDIUM,onnx_cuda,False,2,15,0,True,True,27,3
000000205401.jpg,MEDIUM,onnx_cuda,False,0,0,2,True,False,10,4
000000205514.jpg,MEDIUM,onnx_cuda,False,0,0,0,False,False,99,26
000000205542.jpg,MEDIUM,onnx_cuda,False,0,0,0,False,False,19,1
000000205647.jpg,MEDIUM,onnx_cuda,False,0,0,0,False,False,10,1
000000205776.jpg,MEDIUM,onnx_cuda,False,0,0,0,False,False,12,1
000000205834.jpg,MEDIUM,onnx_cuda,False,0,0,0,False,False,31,2
000000206025.jpg,MEDIUM,onnx_cuda,False,1,9,0,True,True,20,2
000000206027.jpg,MEDIUM,onnx_cuda,False,0,0,0,False,False,48,6
000000206135.jpg,MEDIUM,onnx_cuda,False,0,0,0,False,False,50,5
000000206218.jpg,MEDIUM,onnx_cuda,False,0,0,0,False,False,17,2
000000206271.jpg,MEDIUM,onnx_cuda,False,0,0,0,False,False,15,2
000000206411.jpg,MEDIUM,onnx_cuda,False,1,9,0,True,True,20,2
000000206487.jpg,MEDIUM,onnx_cuda,False,2,19,1,True,True,54,8
000000206579.jpg,MEDIUM,onnx_cuda,False,2,17,1,True,True,47,8
000000206831.jpg,MEDIUM,onnx_cuda,False,0,0,0,False,False,16,1
000000206838.jpg,MEDIUM,onnx_cuda,False,2,18,0,True,True,40,4
000000206994.jpg,MEDIUM,onnx_cuda,False,0,0,0,False,False,22,2
000000207306.jpg,MEDIUM,onnx_cuda,False,1,20,0,True,True,31,2
000000207538.jpg,MEDIUM,onnx_cuda,False,0,0,0,False,False,10,1
000000207585.jpg,MEDIUM,onnx_cuda,False,0,0,0,False,False,40,6
000000207728.jpg,MEDIUM,onnx_cuda,False,0,0,0,False,False,18,2
000000207844.jpg,MEDIUM,onnx_cuda,False,6,60,7,True,True,211,33
000000208208.jpg,MEDIUM,onnx_cuda,False,0,0,0,False,False,10,1
000000208363.jpg,MEDIUM,onnx_cuda,False,12,138,1,True,True,180,32
000000208423.jpg,MEDIUM,onnx_cuda,False,1,1,1,True,True,116,19
000000208901.jpg,MEDIUM,onnx_cuda,False,0,0,0,False,False,10,1
000000209142.jpg,MEDIUM,onnx_cuda,False,0,0,0,False,False,65,13
000000209222.jpg,MEDIUM,onnx_cuda,False,7,98,6,True,True,133,17
000000209530.jpg,MEDIUM,onnx_cuda,False,7,58,0,True,True,163,23
000000209613.jpg,MEDIUM,onnx_cuda,False,0,0,0,False,False,78,9
000000209747.jpg,MEDIUM,onnx_cuda,False,0,0,0,False,False,19,2
000000209753.jpg,MEDIUM,onnx_cuda,False,1,9,0,True,True,10,3
000000209757.jpg,MEDIUM,onnx_cuda,False,5,38,2,True,True,57,9
000000209829.jpg,MEDIUM,onnx_cuda,False,3,27,0,True,True,32,4
000000209972.jpg,MEDIUM,onnx_cuda,False,0,0,0,False,False,10,1
000000210030.jpg,MEDIUM,onnx_cuda,False,0,0,0,False,False,32,3
000000210032.jpg,MEDIUM,onnx_cuda,False,1,9,3,True,True,57,15
000000210099.jpg,MEDIUM,onnx_cuda,False,0,0,0,False,False,19,2
000000210230.jpg,MEDIUM,onnx_cuda,False,5,66,3,True,True,81,17
000000210273.jpg,MEDIUM,onnx_cuda,False,5,42,10,True,True,299,41
000000210299.jpg,MEDIUM,onnx_cuda,False,2,18,0,True,True,20,2
000000210388.jpg,MEDIUM,onnx_cuda,False,3,27,0,True,True,30,4
000000210394.jpg,MEDIUM,onnx_cuda,False,10,133,6,True,True,162,17
000000210502.jpg,MEDIUM,onnx_cuda,False,0,0,0,False,False,9,1
000000210520.jpg,MEDIUM,onnx_cuda,False,0,0,0,False,False,119,17
000000210708.jpg,MEDIUM,onnx_cuda,False,0,0,0,False,False,20,2
000000210789.jpg,MEDIUM,onnx_cuda,False,2,17,0,True,True,41,5
000000210855.jpg,MEDIUM,onnx_cuda,False,0,0,0,False,False,21,5
000000210915.jpg,MEDIUM,onnx_cuda,False,1,8,0,True,True,18,2
000000211042.jpg,MEDIUM,onnx_cuda,False,0,0,0,False,False,20,2
000000211069.jpg,MEDIUM,onnx_cuda,False,0,0,0,False,False,26,2
000000211120.jpg,MEDIUM,onnx_cuda,False,0,0,0,False,False,52,6
000000211674.jpg,MEDIUM,onnx_cuda,False,3,31,10,True,True,45,16
000000211825.jpg,MEDIUM,onnx_cuda,False,2,18,0,True,True,71,6
000000212072.jpg,MEDIUM,onnx_cuda,False,0,0,0,False,False,10,1
000000212166.jpg,MEDIUM,onnx_cuda,False,1,9,0,True,True,21,1
000000212226.jpg,MEDIUM,onnx_cuda,False,1,9,0,True,True,18,2
000000212453.jpg,MEDIUM,onnx_cuda,False,3,58,5,True,True,71,9
000000212559.jpg,MEDIUM,onnx_cuda,False,0,0,0,False,False,94,10
000000212573.jpg,MEDIUM,onnx_cuda,False,2,18,0,True,True,79,15
000000212800.jpg,MEDIUM,onnx_cuda,False,11,102,2,True,True,226,27
000000212895.jpg,MEDIUM,onnx_cuda,False,0,0,0,False,False,11,1
000000213033.jpg,MEDIUM,onnx_cuda,False,1,9,0,True,True,24,6
000000213035.jpg,MEDIUM,onnx_cuda,False,2,22,1,True,True,58,6
000000213086.jpg,MEDIUM,onnx_cuda,False,1,5,0,True,True,26,5
000000213171.jpg,MEDIUM,onnx_cuda,False,1,9,0,True,True,19,2
000000213224.jpg,MEDIUM,onnx_cuda,False,0,0,0,False,False,51,6
000000213255.jpg,MEDIUM,onnx_cuda,False,1,10,0,True,True,93,28
000000213422.jpg,MEDIUM,onnx_cuda,False,0,0,0,False,False,25,2
000000213445.jpg,MEDIUM,onnx_cuda,False,0,0,0,False,False,50,14
000000213547.jpg,MEDIUM,onnx_cuda,False,2,18,0,True,True,61,19
000000213593.jpg,MEDIUM,onnx_cuda,False,2,17,0,True,True,109,10
000000213605.jpg,MEDIUM,onnx_cuda,False,1,14,1,True,True,35,4
000000213816.jpg,MEDIUM,onnx_cuda,False,0,0,0,False,False,12,1
000000213830.jpg,MEDIUM,onnx_cuda,False,5,45,0,True,True,68,10
000000213935.jpg,MEDIUM,onnx_cuda,False,0,0,0,False,False,73,4
000000214192.jpg,MEDIUM,onnx_cuda,False,3,32,1,True,True,35,4
000000214200.jpg,MEDIUM,onnx_cuda,False,0,0,0,False,False,39,4
000000214205.jpg,MEDIUM,onnx_cuda,False,0,0,0,False,False,10,1
000000214224.jpg,MEDIUM,onnx_cuda,False,0,0,0,False,False,40,8
000000214539.jpg,MEDIUM,onnx_cuda,False,8,90,5,True,True,108,16
000000214703.jpg,MEDIUM,onnx_cuda,False,2,18,0,True,True,24,4
000000214720.jpg,MEDIUM,onnx_cuda,False,1,9,0,True,True,108,11
000000214753.jpg,MEDIUM,onnx_cuda,False,2,18,0,True,True,40,4
000000214869.jpg,MEDIUM,onnx_cuda,False,0,0,1,True,False,12,2
000000215072.jpg,MEDIUM,onnx_cuda,False,2,22,0,True,True,59,9
000000215114.jpg,MEDIUM,onnx_cuda,False,1,0,0,True,True,54,7
000000215245.jpg,MEDIUM,onnx_cuda,False,0,0,0,False,False,83,7
000000215259.jpg,MEDIUM,onnx_cuda,False,2,18,0,True,True,42,8
000000215644.jpg,MEDIUM,onnx_cuda,False,0,0,0,False,False,41,9
000000215723.jpg,MEDIUM,onnx_cuda,False,2,17,0,True,True,50,6
000000215778.jpg,MEDIUM,onnx_cuda,False,0,0,0,False,False,58,19
000000216277.jpg,MEDIUM,onnx_cuda,False,1,9,0,True,True,30,3
000000216296.jpg,MEDIUM,onnx_cuda,False,3,27,0,True,True,50,5
000000216419.jpg,MEDIUM,onnx_cuda,False,0,0,0,False,False,14,2
000000216497.jpg,MEDIUM,onnx_cuda,False,0,0,0,False,False,71,8
000000216516.jpg,MEDIUM,onnx_cuda,False,1,9,0,True,True,20,2
000000216636.jpg,MEDIUM,onnx_cuda,False,0,0,0,False,False,8,1
000000216739.jpg,MEDIUM,onnx_cuda,False,0,0,0,False,False,21,4
000000217060.jpg,MEDIUM,onnx_cuda,False,0,0,0,False,False,0,1
000000217219.jpg,MEDIUM,onnx_cuda,False,0,0,0,False,False,10,1
000000217285.jpg,MEDIUM,onnx_cuda,False,10,165,3,True,True,266,24
000000217400.jpg,MEDIUM,onnx_cuda,False,0,0,2,True,False,10,3
000000217425.jpg,MEDIUM,onnx_cuda,False,0,0,0,False,False,10,1
000000217614.jpg,MEDIUM,onnx_cuda,False,0,0,0,False,False,10,1
000000217753.jpg,MEDIUM,onnx_cuda,False,0,0,0,False,False,2,18
000000217872.jpg,MEDIUM,onnx_cuda,False,1,9,0,True,True,20,2
000000217948.jpg,MEDIUM,onnx_cuda,False,0,0,0,False,False,23,3
000000217957.jpg,MEDIUM,onnx_cuda,False,0,0,0,False,False,10,1
000000218091.jpg,MEDIUM,onnx_cuda,False,0,0,0,False,False,53,7
000000218249.jpg,MEDIUM,onnx_cuda,False,0,0,0,False,False,19,2
000000218362.jpg,MEDIUM,onnx_cuda,False,0,0,0,False,False,51,8
000000218424.jpg,MEDIUM,onnx_cuda,False,0,0,0,False,False,30,4
000000218439.jpg,MEDIUM,onnx_cuda,False,1,9,6,True,True,26,13
000000218997.jpg,MEDIUM,onnx_cuda,False,8,61,4,True,True,122,27
000000219271.jpg,MEDIUM,onnx_cuda,False,5,87,8,True,True,121,18
000000219283.jpg,MEDIUM,onnx_cuda,False,0,0,0,False,False,10,5
000000219440.jpg,MEDIUM,onnx_cuda,False,0,0,0,False,False,50,5
000000219485.jpg,MEDIUM,onnx_cuda,False,0,0,0,False,False,10,1
000000219578.jpg,MEDIUM,onnx_cuda,False,0,0,0,False,False,19,4
000000220310.jpg,MEDIUM,onnx_cuda,False,0,0,0,False,False,12,1
000000220584.jpg,MEDIUM,onnx_cuda,False,1,9,0,True,True,20,2
000000220732.jpg,MEDIUM,onnx_cuda,False,1,20,0,True,True,64,8
000000220764.jpg,MEDIUM,onnx_cuda,False,1,8,0,True,True,9,3
000000220858.jpg,MEDIUM,onnx_cuda,False,3,26,2,True,True,40,9
000000221017.jpg,MEDIUM,onnx_cuda,False,0,0,0,False,False,10,1
000000221155.jpg,MEDIUM,onnx_cuda,False,0,4,0,False,True,45,2
000000221213.jpg,MEDIUM,onnx_cuda,False,0,0,0,False,False,20,2
000000221281.jpg,MEDIUM,onnx_cuda,False,0,0,0,False,False,31,3
000000221291.jpg,MEDIUM,onnx_cuda,False,1,9,0,True,True,20,2
000000221502.jpg,MEDIUM,onnx_cuda,False,0,0,0,False,False,30,2
000000221693.jpg,MEDIUM,onnx_cuda,False,0,0,0,False,False,21,2
000000221708.jpg,MEDIUM,onnx_cuda,False,0,0,0,False,False,63,9
000000221754.jpg,MEDIUM,onnx_cuda,False,5,11,2,True,True,70,15
000000221872.jpg,MEDIUM,onnx_cuda,False,0,0,0,False,False,62,7
000000222094.jpg,MEDIUM,onnx_cuda,False,0,8,0,False,True,76,11
000000222118.jpg,MEDIUM,onnx_cuda,False,1,9,0,True,True,25,3
000000222235.jpg,MEDIUM,onnx_cuda,False,0,0,0,False,False,11,2
000000222299.jpg,MEDIUM,onnx_cuda,False,0,0,0,False,False,76,9
000000222317.jpg,MEDIUM,onnx_cuda,False,0,0,0,False,False,24,3
000000222455.jpg,MEDIUM,onnx_cuda,False,0,0,0,False,False,20,2
000000222458.jpg,MEDIUM,onnx_cuda,False,5,30,0,True,True,65,9
000000222559.jpg,MEDIUM,onnx_cuda,False,9,47,2,True,True,108,25
000000222735.jpg,MEDIUM,onnx_cuda,False,1,19,0,True,True,40,5
000000222825.jpg,MEDIUM,onnx_cuda,False,0,0,0,False,False,38,3
000000222863.jpg,MEDIUM,onnx_cuda,False,0,0,0,False,False,10,1
000000222991.jpg,MEDIUM,onnx_cuda,False,0,0,0,False,False,10,1
000000223090.jpg,MEDIUM,onnx_cuda,False,0,0,0,False,False,28,4
000000223130.jpg,MEDIUM,onnx_cuda,False,0,0,0,False,False,10,1
000000223182.jpg,MEDIUM,onnx_cuda,False,5,54,0,True,True,86,11
000000223188.jpg,MEDIUM,onnx_cuda,False,1,9,0,True,True,10,3
000000223738.jpg,MEDIUM,onnx_cuda,False,4,43,1,True,True,66,7
000000223747.jpg,MEDIUM,onnx_cuda,False,0,0,1,True,False,5,3
000000223789.jpg,MEDIUM,onnx_cuda,False,0,0,0,False,False,17,3
000000223955.jpg,MEDIUM,onnx_cuda,False,1,9,0,True,True,20,2
000000223959.jpg,MEDIUM,onnx_cuda,False,1,9,0,True,True,20,2
000000224051.jpg,MEDIUM,onnx_cuda,False,1,9,0,True,True,30,3
000000224093.jpg,MEDIUM,onnx_cuda,False,0,0,0,False,False,58,7
000000224119.jpg,MEDIUM,onnx_cuda,False,2,8,2,True,True,27,12
000000224200.jpg,MEDIUM,onnx_cuda,False,0,0,0,False,False,20,2
000000224222.jpg,MEDIUM,onnx_cuda,False,3,27,0,True,True,40,4
000000224337.jpg,MEDIUM,onnx_cuda,False,3,37,1,True,True,40,5
000000224664.jpg,MEDIUM,onnx_cuda,False,4,3,4,True,True,32,15
000000224675.jpg,MEDIUM,onnx_cuda,False,2,18,0,True,True,36,5
000000224724.jpg,MEDIUM,onnx_cuda,False,5,30,1,True,True,78,9
000000224807.jpg,MEDIUM,onnx_cuda,False,11,134,2,True,True,297,45
000000225184.jpg,MEDIUM,onnx_cuda,False,0,0,0,False,False,38,4
000000225405.jpg,MEDIUM,onnx_cuda,False,3,27,0,True,True,40,4
000000225532.jpg,MEDIUM,onnx_cuda,False,0,0,0,False,False,26,8
000000225670.jpg,MEDIUM,onnx_cuda,False,0,0,0,False,False,20,15
000000225757.jpg,MEDIUM,onnx_cuda,False,0,0,0,False,False,106,9
000000225946.jpg,MEDIUM,onnx_cuda,False,0,0,0,False,False,20,2
000000226058.jpg,MEDIUM,onnx_cuda,False,0,0,0,False,False,29,3
000000226111.jpg,MEDIUM,onnx_cuda,False,0,0,0,False,False,9,0
000000226130.jpg,MEDIUM,onnx_cuda,False,0,0,0,False,False,18,3
000000226147.jpg,MEDIUM,onnx_cuda,False,2,18,0,True,True,129,21
000000226154.jpg,MEDIUM,onnx_cuda,False,5,42,0,True,True,59,6
000000226171.jpg,MEDIUM,onnx_cuda,False,0,0,0,False,False,50,7
000000226408.jpg,MEDIUM,onnx_cuda,False,1,11,0,True,True,24,3
000000226417.jpg,MEDIUM,onnx_cuda,False,13,109,4,True,True,173,25
000000226592.jpg,MEDIUM,onnx_cuda,False,0,0,0,False,False,10,1
000000226662.jpg,MEDIUM,onnx_cuda,False,4,23,0,True,True,27,4
000000226802.jpg,MEDIUM,onnx_cuda,False,11,57,3,True,True,131,22
000000226883.jpg,MEDIUM,onnx_cuda,False,0,0,0,False,False,10,1
000000226903.jpg,MEDIUM,onnx_cuda,False,2,18,0,True,True,33,21
000000226984.jpg,MEDIUM,onnx_cuda,False,0,0,0,False,False,87,24
000000227044.jpg,MEDIUM,onnx_cuda,False,0,0,0,False,False,64,8
000000227187.jpg,MEDIUM,onnx_cuda,False,0,0,0,False,False,59,11
000000227399.jpg,MEDIUM,onnx_cuda,False,14,134,2,True,True,173,23
000000227478.jpg,MEDIUM,onnx_cuda,False,2,19,0,True,True,50,6
000000227482.jpg,MEDIUM,onnx_cuda,False,1,9,0,True,True,20,2
000000227491.jpg,MEDIUM,onnx_cuda,False,1,9,0,True,True,27,6
000000227511.jpg,MEDIUM,onnx_cuda,False,0,0,0,False,False,35,7
000000227686.jpg,MEDIUM,onnx_cuda,False,0,0,0,False,False,20,1
000000227765.jpg,MEDIUM,onnx_cuda,False,0,0,0,False,False,12,8
000000227898.jpg,MEDIUM,onnx_cuda,False,4,33,1,True,True,61,8
000000227985.jpg,MEDIUM,onnx_cuda,False,0,0,0,False,False,36,4
000000228144.jpg,MEDIUM,onnx_cuda,False,0,0,0,False,False,32,4
000000228214.jpg,MEDIUM,onnx_cuda,False,1,9,3,True,True,19,8
000000228436.jpg,MEDIUM,onnx_cuda,False,1,9,1,True,True,95,28
000000228771.jpg,MEDIUM,onnx_cuda,False,0,0,0,False,False,0,0
000000228942.jpg,MEDIUM,onnx_cuda,False,8,37,3,True,True,88,18
000000228981.jpg,MEDIUM,onnx_cuda,False,0,0,0,False,False,30,2
000000229111.jpg,MEDIUM,onnx_cuda,False,1,9,0,True,True,32,3
000000229216.jpg,MEDIUM,onnx_cuda,False,2,18,0,True,True,27,3
000000229221.jpg,MEDIUM,onnx_cuda,False,0,0,0,False,False,30,2
000000229311.jpg,MEDIUM,onnx_cuda,False,0,0,0,False,False,36,6
000000229358.jpg,MEDIUM,onnx_cuda,False,2,18,0,True,True,85,10
000000229553.jpg,MEDIUM,onnx_cuda,False,1,11,0,True,True,22,2
000000229601.jpg,MEDIUM,onnx_cuda,False,6,41,3,True,True,65,11
000000229659.jpg,MEDIUM,onnx_cuda,False,3,46,0,True,True,152,29
000000229747.jpg,MEDIUM,onnx_cuda,False,0,0,0,False,False,10,1
000000229753.jpg,MEDIUM,onnx_cuda,False,0,0,0,False,False,20,2
000000229849.jpg,MEDIUM,onnx_cuda,False,5,55,8,True,True,104,27
000000229858.jpg,MEDIUM,onnx_cuda,False,0,0,0,False,False,10,2
000000229948.jpg,MEDIUM,onnx_cuda,False,8,78,5,True,True,108,18
000000229997.jpg,MEDIUM,onnx_cuda,False,0,0,0,False,False,60,6
000000230008.jpg,MEDIUM,onnx_cuda,False,2,18,1,True,True,30,4
000000230166.jpg,MEDIUM,onnx_cuda,False,0,0,0,False,False,154,13
000000230362.jpg,MEDIUM,onnx_cuda,False,0,0,0,False,False,67,13
000000230450.jpg,MEDIUM,onnx_cuda,False,1,0,0,True,True,46,10
000000230819.jpg,MEDIUM,onnx_cuda,False,1,9,0,True,True,18,2
000000230983.jpg,MEDIUM,onnx_cuda,False,1,9,0,True,True,42,7
000000230993.jpg,MEDIUM,onnx_cuda,False,2,18,0,True,True,54,7
000000231088.jpg,MEDIUM,onnx_cuda,False,0,0,0,False,False,73,6
000000231097.jpg,MEDIUM,onnx_cuda,False,0,0,0,False,False,72,11
000000231125.jpg,MEDIUM,onnx_cuda,False,1,9,1,True,True,34,15
000000231169.jpg,MEDIUM,onnx_cuda,False,0,0,0,False,False,10,1
000000231237.jpg,MEDIUM,onnx_cuda,False,0,0,0,False,False,8,2
000000231339.jpg,MEDIUM,onnx_cuda,False,1,9,0,True,True,24,3
000000231508.jpg,MEDIUM,onnx_cuda,False,9,65,4,True,True,94,25
000000231527.jpg,MEDIUM,onnx_cuda,False,0,10,0,False,True,65,9
000000231549.jpg,MEDIUM,onnx_cuda,False,0,0,0,False,False,16,3
000000231580.jpg,MEDIUM,onnx_cuda,False,7,76,0,True,True,102,10
000000231747.jpg,MEDIUM,onnx_cuda,False,1,66,1,True,True,120,15
000000231822.jpg,MEDIUM,onnx_cuda,False,0,0,0,False,False,91,14
000000231831.jpg,MEDIUM,onnx_cuda,False,0,0,0,False,False,28,9
000000231879.jpg,MEDIUM,onnx_cuda,False,5,48,0,True,True,84,9
000000232088.jpg,MEDIUM,onnx_cuda,False,0,0,0,False,False,35,7
000000232244.jpg,MEDIUM,onnx_cuda,False,0,0,0,False,False,10,1
000000232348.jpg,MEDIUM,onnx_cuda,False,0,0,0,False,False,10,1
000000232489.jpg,MEDIUM,onnx_cuda,False,0,0,0,False,False,30,1
000000232538.jpg,MEDIUM,onnx_cuda,False,0,0,0,False,False,42,4
000000232563.jpg,MEDIUM,onnx_cuda,False,2,27,0,True,True,58,5
000000232646.jpg,MEDIUM,onnx_cuda,False,0,0,0,False,False,16,1
000000232649.jpg,MEDIUM,onnx_cuda,False,1,9,0,True,True,30,3
000000232684.jpg,MEDIUM,onnx_cuda,False,1,9,0,True,True,27,2
000000232692.jpg,MEDIUM,onnx_cuda,False,5,60,2,True,True,92,9
000000233033.jpg,MEDIUM,onnx_cuda,False,0,0,0,False,False,101,8
000000233139.jpg,MEDIUM,onnx_cuda,False,0,0,0,False,False,21,2
000000233238.jpg,MEDIUM,onnx_cuda,False,7,69,2,True,True,176,25
000000233370.jpg,MEDIUM,onnx_cuda,False,1,9,0,True,True,21,2
000000233567.jpg,MEDIUM,onnx_cuda,False,0,0,0,False,False,49,7
000000233727.jpg,MEDIUM,onnx_cuda,False,6,46,11,True,True,62,18
000000233771.jpg,MEDIUM,onnx_cuda,False,8,76,2,True,True,163,17
000000233825.jpg,MEDIUM,onnx_cuda,False,0,0,0,False,False,43,19
000000234366.jpg,MEDIUM,onnx_cuda,False,0,0,0,False,False,31,1
000000234413.jpg,MEDIUM,onnx_cuda,False,0,0,0,False,False,10,1
000000234526.jpg,MEDIUM,onnx_cuda,False,6,22,4,True,True,43,11
000000234607.jpg,MEDIUM,onnx_cuda,False,2,19,0,True,True,45,5
000000234660.jpg,MEDIUM,onnx_cuda,False,0,0,0,False,False,18,2
000000234757.jpg,MEDIUM,onnx_cuda,False,0,0,0,False,False,0,3
000000234779.jpg,MEDIUM,onnx_cuda,False,0,0,0,False,False,23,2
000000234807.jpg,MEDIUM,onnx_cuda,False,0,0,0,False,False,30,3
000000235057.jpg,MEDIUM,onnx_cuda,False,0,0,0,False,False,10,1
000000235064.jpg,MEDIUM,onnx_cuda,False,0,0,0,False,False,10,1
000000235241.jpg,MEDIUM,onnx_cuda,False,4,45,1,True,True,73,7
000000235252.jpg,MEDIUM,onnx_cuda,False,0,0,0,False,False,31,3
000000235399.jpg,MEDIUM,onnx_cuda,False,0,0,0,False,False,33,3
000000235778.jpg,MEDIUM,onnx_cuda,False,1,18,1,True,True,57,12
000000235784.jpg,MEDIUM,onnx_cuda,False,1,9,0,True,True,21,2
000000235836.jpg,MEDIUM,onnx_cuda,False,1,9,0,True,True,51,5
000000235857.jpg,MEDIUM,onnx_cuda,False,0,0,0,False,False,31,3
000000236166.jpg,MEDIUM,onnx_cuda,False,0,0,1,True,False,14,2
000000236308.jpg,MEDIUM,onnx_cuda,False,3,19,0,True,True,51,7
000000236412.jpg,MEDIUM,onnx_cuda,False,0,0,0,False,False,1,2
000000236426.jpg,MEDIUM,onnx_cuda,False,11,108,2,True,True,141,19
000000236592.jpg,MEDIUM,onnx_cuda,False,0,0,0,False,False,20,2
000000236599.jpg,MEDIUM,onnx_cuda,False,3,21,1,True,True,113,15
000000236690.jpg,MEDIUM,onnx_cuda,False,0,0,0,False,False,10,1
000000236721.jpg,MEDIUM,onnx_cuda,False,0,0,0,False,False,46,9
000000236730.jpg,MEDIUM,onnx_cuda,False,0,0,0,False,False,10,1
000000236784.jpg,MEDIUM,onnx_cuda,False,0,0,0,False,False,30,3
000000236845.jpg,MEDIUM,onnx_cuda,False,0,0,0,False,False,19,1
000000236914.jpg,MEDIUM,onnx_cuda,False,0,0,0,False,False,38,5
000000237071.jpg,MEDIUM,onnx_cuda,False,1,9,0,True,True,36,3
000000237118.jpg,MEDIUM,onnx_cuda,False,1,9,0,True,True,19,3
000000237316.jpg,MEDIUM,onnx_cuda,False,0,0,0,False,False,23,2
000000237517.jpg,MEDIUM,onnx_cuda,False,0,0,0,False,False,96,10
000000237864.jpg,MEDIUM,onnx_cuda,False,0,0,0,False,False,20,2
000000237928.jpg,MEDIUM,onnx_cuda,False,0,0,0,False,False,30,4
000000237984.jpg,MEDIUM,onnx_cuda,False,0,0,0,False,False,16,2
000000238013.jpg,MEDIUM,onnx_cuda,False,1,9,0,True,True,38,4
000000238039.jpg,MEDIUM,onnx_cuda,False,0,1,0,False,True,11,1
000000238410.jpg,MEDIUM,onnx_cuda,False,9,68,0,True,True,217,37
000000238866.jpg,MEDIUM,onnx_cuda,False,0,0,0,False,False,258,12
000000239041.jpg,MEDIUM,onnx_cuda,False,0,0,0,False,False,58,4
000000239274.jpg,MEDIUM,onnx_cuda,False,6,46,7,True,True,67,14
000000239318.jpg,MEDIUM,onnx_cuda,False,0,0,0,False,False,22,4
000000239347.jpg,MEDIUM,onnx_cuda,False,1,15,1,True,True,25,4
000000239537.jpg,MEDIUM,onnx_cuda,False,1,9,0,True,True,29,3
000000239627.jpg,MEDIUM,onnx_cuda,False,0,0,0,False,False,72,14
000000239717.jpg,MEDIUM,onnx_cuda,False,6,59,2,True,True,67,9
000000239773.jpg,MEDIUM,onnx_cuda,False,2,18,0,True,True,55,6
000000239843.jpg,MEDIUM,onnx_cuda,False,0,0,0,False,False,10,1
000000239857.jpg,MEDIUM,onnx_cuda,False,4,36,0,True,True,142,19
000000240023.jpg,MEDIUM,onnx_cuda,False,4,45,2,True,True,79,9
000000240049.jpg,MEDIUM,onnx_cuda,False,2,19,0,True,True,41,4
000000240250.jpg,MEDIUM,onnx_cuda,False,6,60,3,True,True,114,22
000000240754.jpg,MEDIUM,onnx_cuda,False,0,0,0,False,False,20,3
000000240767.jpg,MEDIUM,onnx_cuda,False,0,0,0,False,False,0,0
000000240940.jpg,MEDIUM,onnx_cuda,False,0,0,0,False,False,39,16
000000241297.jpg,MEDIUM,onnx_cuda,False,0,0,0,False,False,22,1
000000241319.jpg,MEDIUM,onnx_cuda,False,0,0,0,False,False,47,10
000000241326.jpg,MEDIUM,onnx_cuda,False,0,0,0,False,False,34,3
000000241602.jpg,MEDIUM,onnx_cuda,False,0,0,0,False,False,33,7
000000241668.jpg,MEDIUM,onnx_cuda,False,2,18,0,True,True,34,5
000000241677.jpg,MEDIUM,onnx_cuda,False,3,37,0,True,True,145,16
000000242060.jpg,MEDIUM,onnx_cuda,False,0,0,0,False,False,40,12
000000242287.jpg,MEDIUM,onnx_cuda,False,1,9,0,True,True,10,1
000000242411.jpg,MEDIUM,onnx_cuda,False,1,20,0,True,True,78,10
000000242678.jpg,MEDIUM,onnx_cuda,False,1,11,0,True,True,24,2
000000242724.jpg,MEDIUM,onnx_cuda,False,2,18,0,True,True,40,4
000000242934.jpg,MEDIUM,onnx_cuda,False,0,0,0,False,False,63,16
000000242946.jpg,MEDIUM,onnx_cuda,False,5,44,0,True,True,230,41
000000243034.jpg,MEDIUM,onnx_cuda,False,3,24,7,True,True,37,11
000000243075.jpg,MEDIUM,onnx_cuda,False,0,0,0,False,False,10,1
000000243148.jpg,MEDIUM,onnx_cuda,False,2,18,0,True,True,29,4
000000243199.jpg,MEDIUM,onnx_cuda,False,0,0,0,False,False,30,2
000000243204.jpg,MEDIUM,onnx_cuda,False,1,9,0,True,True,15,4
000000243344.jpg,MEDIUM,onnx_cuda,False,0,0,0,False,False,26,2
000000243495.jpg,MEDIUM,onnx_cuda,False,0,0,0,False,False,10,1
000000243626.jpg,MEDIUM,onnx_cuda,False,0,0,0,False,False,35,2
000000243867.jpg,MEDIUM,onnx_cuda,False,1,4,0,True,True,35,4
000000243989.jpg,MEDIUM,onnx_cuda,False,7,55,0,True,True,75,8
000000244019.jpg,MEDIUM,onnx_cuda,False,0,0,0,False,False,20,1
000000244099.jpg,MEDIUM,onnx_cuda,False,1,8,0,True,True,19,2
000000244181.jpg,MEDIUM,onnx_cuda,False,0,0,0,False,False,45,5
000000244379.jpg,MEDIUM,onnx_cuda,False,0,0,0,False,False,21,3
000000244411.jpg,MEDIUM,onnx_cuda,False,0,0,0,False,False,39,10
000000244496.jpg,MEDIUM,onnx_cuda,False,1,8,0,True,True,17,2
000000244592.jpg,MEDIUM,onnx_cuda,False,0,0,0,False,False,31,3
000000244750.jpg,MEDIUM,onnx_cuda,False,4,41,0,True,True,121,9
000000244833.jpg,MEDIUM,onnx_cuda,False,5,50,1,True,True,115,20
000000245026.jpg,MEDIUM,onnx_cuda,False,1,9,0,True,True,52,4
000000245102.jpg,MEDIUM,onnx_cuda,False,0,0,0,False,False,0,1
000000245173.jpg,MEDIUM,onnx_cuda,False,2,12,0,True,True,24,3
000000245311.jpg,MEDIUM,onnx_cuda,False,1,10,1,True,True,31,17
000000245320.jpg,MEDIUM,onnx_cuda,False,1,9,1,True,True,20,4
000000245448.jpg,MEDIUM,onnx_cuda,False,8,86,2,True,True,105,11
000000245513.jpg,MEDIUM,onnx_cuda,False,0,0,0,False,False,34,4
000000245576.jpg,MEDIUM,onnx_cuda,False,0,0,0,False,False,41,6
000000245651.jpg,MEDIUM,onnx_cuda,False,0,0,0,False,False,20,1
000000245764.jpg,MEDIUM,onnx_cuda,False,0,0,0,False,False,23,2
000000245915.jpg,MEDIUM,onnx_cuda,False,0,0,0,False,False,139,13
000000246308.jpg,MEDIUM,onnx_cuda,False,0,10,0,False,True,74,5
000000246436.jpg,MEDIUM,onnx_cuda,False,1,9,0,True,True,53,7
000000246454.jpg,MEDIUM,onnx_cuda,False,2,23,0,True,True,52,5
000000246522.jpg,MEDIUM,onnx_cuda,False,0,0,0,False,False,15,1
000000246883.jpg,MEDIUM,onnx_cuda,False,2,18,0,True,True,40,4
000000246963.jpg,MEDIUM,onnx_cuda,False,8,96,2,True,True,115,11
000000246968.jpg,MEDIUM,onnx_cuda,False,1,9,0,True,True,132,22
000000247806.jpg,MEDIUM,onnx_cuda,False,0,0,0,False,False,10,1
000000247838.jpg,MEDIUM,onnx_cuda,False,0,0,0,False,False,94,12
000000247917.jpg,MEDIUM,onnx_cuda,False,10,90,0,True,True,143,16
000000248111.jpg,MEDIUM,onnx_cuda,False,0,0,0,False,False,32,6
000000248112.jpg,MEDIUM,onnx_cuda,False,2,16,0,True,True,38,4
000000248284.jpg,MEDIUM,onnx_cuda,False,2,22,0,True,True,63,6
000000248314.jpg,MEDIUM,onnx_cuda,False,0,0,0,False,False,87,8
000000248334.jpg,MEDIUM,onnx_cuda,False,5,28,4,True,True,43,10
000000248400.jpg,MEDIUM,onnx_cuda,False,1,9,0,True,True,40,4
000000248616.jpg,MEDIUM,onnx_cuda,False,3,27,0,True,True,61,7
000000248631.jpg,MEDIUM,onnx_cuda,False,0,0,0,False,False,20,2
000000248752.jpg,MEDIUM,onnx_cuda,False,1,9,0,True,True,20,2
000000248810.jpg,MEDIUM,onnx_cuda,False,0,0,1,True,False,10,2
000000248980.jpg,MEDIUM,onnx_cuda,False,0,0,0,False,False,47,10
000000249025.jpg,MEDIUM,onnx_cuda,False,0,0,0,False,False,10,1
000000249129.jpg,MEDIUM,onnx_cuda,False,0,0,0,False,False,111,17
000000249180.jpg,MEDIUM,onnx_cuda,False,1,18,2,True,True,20,4
000000249219.jpg,MEDIUM,onnx_cuda,False,0,0,0,False,False,10,1
000000249550.jpg,MEDIUM,onnx_cuda,False,0,0,0,False,False,29,3
000000249643.jpg,MEDIUM,onnx_cuda,False,0,0,1,True,False,18,3
000000249786.jpg,MEDIUM,onnx_cuda,False,1,13,10,True,True,25,12
000000250127.jpg,MEDIUM,onnx_cuda,False,1,19,0,True,True,61,5
000000250137.jpg,MEDIUM,onnx_cuda,False,6,57,4,True,True,94,14
000000250205.jpg,MEDIUM,onnx_cuda,False,0,0,0,False,False,20,2
000000250282.jpg,MEDIUM,onnx_cuda,False,6,181,7,True,True,214,26
000000250619.jpg,MEDIUM,onnx_cuda,False,1,9,0,True,True,52,7
000000250758.jpg,MEDIUM,onnx_cuda,False,0,0,0,False,False,20,2
000000250766.jpg,MEDIUM,onnx_cuda,False,0,0,0,False,False,20,5
000000250901.jpg,MEDIUM,onnx_cuda,False,3,18,0,True,True,32,6
000000251065.jpg,MEDIUM,onnx_cuda,False,0,0,0,False,False,10,1
000000251119.jpg,MEDIUM,onnx_cuda,False,0,0,0,False,False,10,2
000000251140.jpg,MEDIUM,onnx_cuda,False,2,27,2,True,True,29,5
000000251537.jpg,MEDIUM,onnx_cuda,False,0,0,0,False,False,1,2
000000251572.jpg,MEDIUM,onnx_cuda,False,1,10,0,True,True,26,3
000000251824.jpg,MEDIUM,onnx_cuda,False,0,17,1,True,True,50,3
000000252216.jpg,MEDIUM,onnx_cuda,False,0,0,0,False,False,20,1
000000252219.jpg,MEDIUM,onnx_cuda,False,3,27,0,True,True,51,7
000000252294.jpg,MEDIUM,onnx_cuda,False,2,21,0,True,True,23,5
000000252332.jpg,MEDIUM,onnx_cuda,False,0,0,0,False,False,10,1
000000252507.jpg,MEDIUM,onnx_cuda,False,1,9,0,True,True,22,2
000000252559.jpg,MEDIUM,onnx_cuda,False,9,79,4,True,True,95,13
000000252701.jpg,MEDIUM,onnx_cuda,False,2,18,0,True,True,30,4
000000252716.jpg,MEDIUM,onnx_cuda,False,1,9,2,True,True,20,4
000000252776.jpg,MEDIUM,onnx_cuda,False,3,33,0,True,True,41,5
000000253002.jpg,MEDIUM,onnx_cuda,False,0,0,0,False,False,0,1
000000253386.jpg,MEDIUM,onnx_cuda,False,2,17,0,True,True,29,3
000000253433.jpg,MEDIUM,onnx_cuda,False,0,0,0,False,False,31,2
000000253452.jpg,MEDIUM,onnx_cuda,False,0,0,0,False,False,83,15
000000253695.jpg,MEDIUM,onnx_cuda,False,1,9,0,True,True,20,2
000000253742.jpg,MEDIUM,onnx_cuda,False,9,100,1,True,True,287,28
000000253819.jpg,MEDIUM,onnx_cuda,False,1,9,0,True,True,20,2
000000253835.jpg,MEDIUM,onnx_cuda,False,1,9,1,True,True,46,9
000000254016.jpg,MEDIUM,onnx_cuda,False,1,10,0,True,True,17,15
000000254368.jpg,MEDIUM,onnx_cuda,False,1,9,0,True,True,34,2
000000254516.jpg,MEDIUM,onnx_cuda,False,7,70,2,True,True,100,11
000000254814.jpg,MEDIUM,onnx_cuda,False,17,161,16,True,True,248,41
000000255165.jpg,MEDIUM,onnx_cuda,False,0,0,0,False,False,93,22
000000255401.jpg,MEDIUM,onnx_cuda,False,0,0,0,False,False,40,5
000000255483.jpg,MEDIUM,onnx_cuda,False,0,13,1,True,True,44,3
000000255536.jpg,MEDIUM,onnx_cuda,False,0,1,3,True,True,51,8
000000255664.jpg,MEDIUM,onnx_cuda,False,0,0,0,False,False,20,2
000000255718.jpg,MEDIUM,onnx_cuda,False,0,0,0,False,False,10,1
000000255747.jpg,MEDIUM,onnx_cuda,False,0,0,0,False,False,22,3
000000255749.jpg,MEDIUM,onnx_cuda,False,4,39,0,True,True,57,5
000000255824.jpg,MEDIUM,onnx_cuda,False,0,0,0,False,False,24,3
000000255912.jpg,MEDIUM,onnx_cuda,False,0,0,0,False,False,40,5
000000255917.jpg,MEDIUM,onnx_cuda,False,0,0,1,True,False,120,16
000000255965.jpg,MEDIUM,onnx_cuda,False,0,0,0,False,False,11,1
000000256192.jpg,MEDIUM,onnx_cuda,False,7,83,7,True,True,93,17
000000256195.jpg,MEDIUM,onnx_cuda,False,0,7,0,False,True,17,1
000000256407.jpg,MEDIUM,onnx_cuda,False,0,0,0,False,False,0,13
000000256518.jpg,MEDIUM,onnx_cuda,False,0,0,0,False,False,55,8
000000256775.jpg,MEDIUM,onnx_cuda,False,7,56,0,True,True,73,8
000000256868.jpg,MEDIUM,onnx_cuda,False,5,34,0,True,True,66,12
000000256916.jpg,MEDIUM,onnx_cuda,False,0,0,0,False,False,90,9
000000256941.jpg,MEDIUM,onnx_cuda,False,0,0,2,True,False,10,3
000000257084.jpg,MEDIUM,onnx_cuda,False,6,66,1,True,True,103,11
000000257169.jpg,MEDIUM,onnx_cuda,False,0,0,1,True,False,10,4
000000257370.jpg,MEDIUM,onnx_cuda,False,2,30,0,True,True,74,6
000000257478.jpg,MEDIUM,onnx_cuda,False,1,9,0,True,True,28,2
000000257566.jpg,MEDIUM,onnx_cuda,False,6,53,3,True,True,76,14
000000257624.jpg,MEDIUM,onnx_cuda,False,1,9,0,True,True,35,3
000000257865.jpg,MEDIUM,onnx_cuda,False,1,9,0,True,True,16,2
000000257896.jpg,MEDIUM,onnx_cuda,False,1,9,0,True,True,20,2
000000258388.jpg,MEDIUM,onnx_cuda,False,3,27,0,True,True,45,4
000000258541.jpg,MEDIUM,onnx_cuda,False,1,10,0,True,True,19,2
000000258793.jpg,MEDIUM,onnx_cuda,False,1,10,0,True,True,38,4
000000258883.jpg,MEDIUM,onnx_cuda,False,1,9,0,True,True,32,6
000000258911.jpg,MEDIUM,onnx_cuda,False,3,26,0,True,True,68,8
000000259097.jpg,MEDIUM,onnx_cuda,False,1,9,0,True,True,13,2
000000259382.jpg,MEDIUM,onnx_cuda,False,0,0,0,False,False,10,1
000000259571.jpg,MEDIUM,onnx_cuda,False,10,91,3,True,True,121,15
000000259597.jpg,MEDIUM,onnx_cuda,False,11,102,2,True,True,131,18
000000259625.jpg,MEDIUM,onnx_cuda,False,0,0,0,False,False,10,1
000000259640.jpg,MEDIUM,onnx_cuda,False,8,80,5,True,True,101,21
000000259690.jpg,MEDIUM,onnx_cuda,False,10,101,3,True,True,125,25
000000259830.jpg,MEDIUM,onnx_cuda,False,5,46,0,True,True,51,5
000000259854.jpg,MEDIUM,onnx_cuda,False,0,0,1,True,False,9,1
000000260105.jpg,MEDIUM,onnx_cuda,False,0,0,0,False,False,60,5
000000260106.jpg,MEDIUM,onnx_cuda,False,4,32,0,True,True,56,6
000000260261.jpg,MEDIUM,onnx_cuda,False,1,9,1,True,True,33,4
000000260266.jpg,MEDIUM,onnx_cuda,False,0,0,0,False,False,81,8
000000260470.jpg,MEDIUM,onnx_cuda,False,5,48,1,True,True,100,22
000000260657.jpg,MEDIUM,onnx_cuda,False,0,0,0,False,False,0,0
000000260925.jpg,MEDIUM,onnx_cuda,False,1,0,0,True,True,20,3
000000261036.jpg,MEDIUM,onnx_cuda,False,3,27,0,True,True,59,6
000000261061.jpg,MEDIUM,onnx_cuda,False,1,9,0,True,True,21,5
000000261097.jpg,MEDIUM,onnx_cuda,False,6,79,7,True,True,90,25
000000261116.jpg,MEDIUM,onnx_cuda,False,2,20,0,True,True,57,11
000000261161.jpg,MEDIUM,onnx_cuda,False,0,0,0,False,False,20,2
000000261318.jpg,MEDIUM,onnx_cuda,False,1,6,0,True,True,40,6
000000261535.jpg,MEDIUM,onnx_cuda,False,1,19,0,True,True,72,7
000000261706.jpg,MEDIUM,onnx_cuda,False,0,0,0,False,False,29,3
000000261712.jpg,MEDIUM,onnx_cuda,False,0,0,0,False,False,20,2
000000261732.jpg,MEDIUM,onnx_cuda,False,1,9,0,True,True,21,4
000000261796.jpg,MEDIUM,onnx_cuda,False,0,0,0,False,False,0,0
000000261888.jpg,MEDIUM,onnx_cuda,False,2,18,0,True,True,54,6
000000261982.jpg,MEDIUM,onnx_cuda,False,1,8,0,True,True,49,5
000000262048.jpg,MEDIUM,onnx_cuda,False,9,49,1,True,True,78,13
000000262227.jpg,MEDIUM,onnx_cuda,False,0,0,0,False,False,22,11
000000262440.jpg,MEDIUM,onnx_cuda,False,0,0,0,False,False,22,3
000000262487.jpg,MEDIUM,onnx_cuda,False,3,30,0,True,True,43,4
000000262587.jpg,MEDIUM,onnx_cuda,False,1,9,0,True,True,19,2
000000262631.jpg,MEDIUM,onnx_cuda,False,0,0,3,True,False,28,13
000000262682.jpg,MEDIUM,onnx_cuda,False,0,0,0,False,False,59,8
000000262895.jpg,MEDIUM,onnx_cuda,False,1,9,0,True,True,20,2
000000262938.jpg,MEDIUM,onnx_cuda,False,0,0,0,False,False,29,5
000000263068.jpg,MEDIUM,onnx_cuda,False,1,9,0,True,True,22,2
000000263299.jpg,MEDIUM,onnx_cuda,False,0,0,0,False,False,10,1
000000263403.jpg,MEDIUM,onnx_cuda,False,1,9,0,True,True,18,2
000000263425.jpg,MEDIUM,onnx_cuda,False,2,18,0,True,True,21,2
000000263463.jpg,MEDIUM,onnx_cuda,False,0,0,0,False,False,19,4
000000263474.jpg,MEDIUM,onnx_cuda,False,0,0,0,False,False,10,1
000000263594.jpg,MEDIUM,onnx_cuda,False,0,0,0,False,False,80,11
000000263644.jpg,MEDIUM,onnx_cuda,False,0,0,0,False,False,12,1
000000263679.jpg,MEDIUM,onnx_cuda,False,3,21,1,True,True,37,7
000000263796.jpg,MEDIUM,onnx_cuda,False,0,0,0,False,False,30,1
000000263860.jpg,MEDIUM,onnx_cuda,False,0,0,0,False,False,20,2
000000263966.jpg,MEDIUM,onnx_cuda,False,0,0,1,True,False,16,3
000000263969.jpg,MEDIUM,onnx_cuda,False,2,18,0,True,True,39,5
000000264335.jpg,MEDIUM,onnx_cuda,False,0,0,0,False,False,10,1
000000264441.jpg,MEDIUM,onnx_cuda,False,0,0,0,False,False,14,2
000000264535.jpg,MEDIUM,onnx_cuda,False,3,36,0,True,True,49,5
000000264968.jpg,MEDIUM,onnx_cuda,False,6,53,1,True,True,93,8
000000265108.jpg,MEDIUM,onnx_cuda,False,0,0,0,False,False,19,2
000000265518.jpg,MEDIUM,onnx_cuda,False,0,0,0,False,False,34,5
000000265777.jpg,MEDIUM,onnx_cuda,False,1,9,0,True,True,44,6
000000265816.jpg,MEDIUM,onnx_cuda,False,1,9,0,True,True,38,5
000000266082.jpg,MEDIUM,onnx_cuda,False,0,0,0,False,False,20,1
000000266206.jpg,MEDIUM,onnx_cuda,False,0,0,0,False,False,0,2
000000266400.jpg,MEDIUM,onnx_cuda,False,9,79,3,True,True,88,12
000000266409.jpg,MEDIUM,onnx_cuda,False,1,9,0,True,True,16,2
000000266768.jpg,MEDIUM,onnx_cuda,False,10,83,3,True,True,135,21
000000266892.jpg,MEDIUM,onnx_cuda,False,6,91,7,True,True,119,16
000000266981.jpg,MEDIUM,onnx_cuda,False,8,53,5,True,True,114,28
000000267169.jpg,MEDIUM,onnx_cuda,False,2,18,0,True,True,34,5
000000267191.jpg,MEDIUM,onnx_cuda,False,2,18,0,True,True,51,5
000000267300.jpg,MEDIUM,onnx_cuda,False,0,0,0,False,False,29,3
000000267351.jpg,MEDIUM,onnx_cuda,False,0,0,0,False,False,20,2
000000267434.jpg,MEDIUM,onnx_cuda,False,0,0,0,False,False,70,7
000000267537.jpg,MEDIUM,onnx_cuda,False,6,63,4,True,True,96,25
000000267670.jpg,MEDIUM,onnx_cuda,False,0,0,0,False,False,24,2
000000267903.jpg,MEDIUM,onnx_cuda,False,0,0,0,False,False,21,2
000000267933.jpg,MEDIUM,onnx_cuda,False,0,0,0,False,False,106,11
000000267940.jpg,MEDIUM,onnx_cuda,False,0,0,0,False,False,10,2
000000267946.jpg,MEDIUM,onnx_cuda,False,0,0,0,False,False,0,0
000000268000.jpg,MEDIUM,onnx_cuda,False,1,9,1,True,True,20,3
000000268375.jpg,MEDIUM,onnx_cuda,False,0,0,0,False,False,50,2
000000268378.jpg,MEDIUM,onnx_cuda,False,9,89,0,True,True,183,21
000000268729.jpg,MEDIUM,onnx_cuda,False,0,0,5,True,False,76,10
000000268831.jpg,MEDIUM,onnx_cuda,False,0,0,0,False,False,15,3
000000268996.jpg,MEDIUM,onnx_cuda,False,0,0,0,False,False,0,0
000000269113.jpg,MEDIUM,onnx_cuda,False,0,0,0,False,False,30,4
000000269121.jpg,MEDIUM,onnx_cuda,False,1,9,0,True,True,28,2
000000269196.jpg,MEDIUM,onnx_cuda,False,0,0,0,False,False,56,5
000000269314.jpg,MEDIUM,onnx_cuda,False,0,0,0,False,False,14,2
000000269316.jpg,MEDIUM,onnx_cuda,False,4,37,0,True,True,51,5
000000269632.jpg,MEDIUM,onnx_cuda,False,1,17,0,True,True,58,5
000000269682.jpg,MEDIUM,onnx_cuda,False,0,0,0,False,False,40,10
000000269866.jpg,MEDIUM,onnx_cuda,False,0,0,0,False,False,10,1
000000269932.jpg,MEDIUM,onnx_cuda,False,0,0,0,False,False,20,2
000000269942.jpg,MEDIUM,onnx_cuda,False,0,0,0,False,False,45,10
000000270066.jpg,MEDIUM,onnx_cuda,False,1,9,0,True,True,21,2
000000270122.jpg,MEDIUM,onnx_cuda,False,1,9,0,True,True,10,2
000000270244.jpg,MEDIUM,onnx_cuda,False,0,0,0,False,False,10,1
000000270297.jpg,MEDIUM,onnx_cuda,False,1,8,0,True,True,21,3
000000270386.jpg,MEDIUM,onnx_cuda,False,0,0,0,False,False,0,0
000000270402.jpg,MEDIUM,onnx_cuda,False,0,0,0,False,False,30,2
000000270474.jpg,MEDIUM,onnx_cuda,False,1,9,0,True,True,20,2
000000270677.jpg,MEDIUM,onnx_cuda,False,1,9,0,True,True,20,2
000000270705.jpg,MEDIUM,onnx_cuda,False,0,0,0,False,False,14,1
000000270883.jpg,MEDIUM,onnx_cuda,False,1,10,0,True,True,27,3
000000270908.jpg,MEDIUM,onnx_cuda,False,1,9,0,True,True,20,2
000000271116.jpg,MEDIUM,onnx_cuda,False,5,44,8,True,True,167,35
000000271402.jpg,MEDIUM,onnx_cuda,False,2,18,0,True,True,30,3
000000271457.jpg,MEDIUM,onnx_cuda,False,0,0,0,False,False,9,1
000000271471.jpg,MEDIUM,onnx_cuda,False,2,18,0,True,True,58,7
000000271728.jpg,MEDIUM,onnx_cuda,False,0,0,0,False,False,95,8
000000271997.jpg,MEDIUM,onnx_cuda,False,1,9,0,True,True,20,2
000000272049.jpg,MEDIUM,onnx_cuda,False,0,3,0,False,True,23,2
000000272136.jpg,MEDIUM,onnx_cuda,False,0,0,1,True,False,10,2
000000272148.jpg,MEDIUM,onnx_cuda,False,5,18,7,True,True,23,21
000000272212.jpg,MEDIUM,onnx_cuda,False,0,0,0,False,False,19,3
000000272364.jpg,MEDIUM,onnx_cuda,False,0,0,0,False,False,26,4
000000272416.jpg,MEDIUM,onnx_cuda,False,0,0,0,False,False,21,1
000000272566.jpg,MEDIUM,onnx_cuda,False,2,19,0,True,True,41,19
000000273132.jpg,MEDIUM,onnx_cuda,False,1,10,0,True,True,13,3
000000273198.jpg,MEDIUM,onnx_cuda,False,1,9,0,True,True,49,5
000000273232.jpg,MEDIUM,onnx_cuda,False,1,9,2,True,True,50,16
000000273420.jpg,MEDIUM,onnx_cuda,False,1,9,0,True,True,43,6
000000273493.jpg,MEDIUM,onnx_cuda,False,2,18,0,True,True,22,5
000000273551.jpg,MEDIUM,onnx_cuda,False,3,27,0,True,True,30,3
000000273617.jpg,MEDIUM,onnx_cuda,False,0,0,0,False,False,10,1
000000273642.jpg,MEDIUM,onnx_cuda,False,0,0,0,False,False,19,2
000000273711.jpg,MEDIUM,onnx_cuda,False,1,9,1,True,True,113,37
000000273712.jpg,MEDIUM,onnx_cuda,False,0,0,0,False,False,11,1
000000273715.jpg,MEDIUM,onnx_cuda,False,4,38,0,True,True,52,5
000000273760.jpg,MEDIUM,onnx_cuda,False,1,9,0,True,True,21,2
000000274066.jpg,MEDIUM,onnx_cuda,False,4,36,1,True,True,70,9
000000274219.jpg,MEDIUM,onnx_cuda,False,1,9,0,True,True,21,2
000000274272.jpg,MEDIUM,onnx_cuda,False,1,12,3,True,True,52,9
000000274411.jpg,MEDIUM,onnx_cuda,False,1,9,0,True,True,29,5
000000274460.jpg,MEDIUM,onnx_cuda,False,14,120,1,True,True,176,20
000000274687.jpg,MEDIUM,onnx_cuda,False,1,9,0,True,True,13,3
000000274708.jpg,MEDIUM,onnx_cuda,False,6,39,0,True,True,58,7
000000275058.jpg,MEDIUM,onnx_cuda,False,1,9,0,True,True,20,2
000000275198.jpg,MEDIUM,onnx_cuda,False,5,45,0,True,True,248,40
000000275392.jpg,MEDIUM,onnx_cuda,False,1,9,0,True,True,20,2
000000275727.jpg,MEDIUM,onnx_cuda,False,0,0,0,False,False,16,2
000000275749.jpg,MEDIUM,onnx_cuda,False,4,44,2,True,True,148,19
000000275791.jpg,MEDIUM,onnx_cuda,False,0,0,0,False,False,49,8
000000276018.jpg,MEDIUM,onnx_cuda,False,8,78,2,True,True,112,12
000000276024.jpg,MEDIUM,onnx_cuda,False,2,18,0,True,True,75,9
000000276055.jpg,MEDIUM,onnx_cuda,False,1,9,0,True,True,50,8
000000276284.jpg,MEDIUM,onnx_cuda,False,1,9,0,True,True,42,5
000000276285.jpg,MEDIUM,onnx_cuda,False,1,9,0,True,True,88,10
000000276434.jpg,MEDIUM,onnx_cuda,False,2,8,0,True,True,70,11
000000276707.jpg,MEDIUM,onnx_cuda,False,1,13,2,True,True,36,4
000000276720.jpg,MEDIUM,onnx_cuda,False,0,0,0,False,False,37,5
000000276804.jpg,MEDIUM,onnx_cuda,False,5,42,0,True,True,60,8
000000276921.jpg,MEDIUM,onnx_cuda,False,0,0,0,False,False,20,2
000000277005.jpg,MEDIUM,onnx_cuda,False,11,111,3,True,True,151,20
000000277020.jpg,MEDIUM,onnx_cuda,False,4,36,0,True,True,93,12
000000277051.jpg,MEDIUM,onnx_cuda,False,0,0,0,False,False,53,10
000000277197.jpg,MEDIUM,onnx_cuda,False,0,0,0,False,False,69,9
000000277584.jpg,MEDIUM,onnx_cuda,False,0,0,0,False,False,22,2
000000277689.jpg,MEDIUM,onnx_cuda,False,0,0,0,False,False,46,22
000000278006.jpg,MEDIUM,onnx_cuda,False,0,0,0,False,False,0,0
000000278353.jpg,MEDIUM,onnx_cuda,False,0,0,0,False,False,10,1
000000278463.jpg,MEDIUM,onnx_cuda,False,0,0,0,False,False,93,15
000000278705.jpg,MEDIUM,onnx_cuda,False,2,18,0,True,True,59,6
000000278749.jpg,MEDIUM,onnx_cuda,False,8,65,4,True,True,112,17
000000278848.jpg,MEDIUM,onnx_cuda,False,4,36,0,True,True,95,10
000000278973.jpg,MEDIUM,onnx_cuda,False,1,9,0,True,True,24,2
000000279145.jpg,MEDIUM,onnx_cuda,False,0,0,0,False,False,73,9
000000279278.jpg,MEDIUM,onnx_cuda,False,14,127,3,True,True,172,22
000000279541.jpg,MEDIUM,onnx_cuda,False,1,9,0,True,True,41,11
000000279714.jpg,MEDIUM,onnx_cuda,False,0,0,0,False,False,10,5
000000279730.jpg,MEDIUM,onnx_cuda,False,1,9,2,True,True,67,7
000000279769.jpg,MEDIUM,onnx_cuda,False,0,0,0,False,False,8,2
000000279774.jpg,MEDIUM,onnx_cuda,False,6,45,0,True,True,61,9
000000279887.jpg,MEDIUM,onnx_cuda,False,5,49,5,True,True,57,10
000000279927.jpg,MEDIUM,onnx_cuda,False,5,46,8,True,True,92,16
000000280325.jpg,MEDIUM,onnx_cuda,False,0,0,0,False,False,20,1
000000280710.jpg,MEDIUM,onnx_cuda,False,9,79,2,True,True,134,22
000000280779.jpg,MEDIUM,onnx_cuda,False,1,9,0,True,True,19,3
000000280891.jpg,MEDIUM,onnx_cuda,False,2,28,2,True,True,94,23
000000280918.jpg,MEDIUM,onnx_cuda,False,2,11,0,True,True,47,6
000000280930.jpg,MEDIUM,onnx_cuda,False,1,9,0,True,True,31,4
000000281032.jpg,MEDIUM,onnx_cuda,False,1,9,0,True,True,55,4
000000281179.jpg,MEDIUM,onnx_cuda,False,0,0,0,False,False,15,10
000000281409.jpg,MEDIUM,onnx_cuda,False,12,108,0,True,True,148,19
000000281414.jpg,MEDIUM,onnx_cuda,False,1,9,0,True,True,27,3
000000281447.jpg,MEDIUM,onnx_cuda,False,0,4,0,False,True,25,3
000000281687.jpg,MEDIUM,onnx_cuda,False,9,72,1,True,True,93,16
000000281693.jpg,MEDIUM,onnx_cuda,False,0,0,0,False,False,56,6
000000281754.jpg,MEDIUM,onnx_cuda,False,2,19,0,True,True,41,4
000000281759.jpg,MEDIUM,onnx_cuda,False,5,49,1,True,True,115,12
000000281929.jpg,MEDIUM,onnx_cuda,False,2,18,0,True,True,29,3
000000282037.jpg,MEDIUM,onnx_cuda,False,7,45,6,True,True,65,27
000000282046.jpg,MEDIUM,onnx_cuda,False,0,0,0,False,False,10,1
000000282296.jpg,MEDIUM,onnx_cuda,False,0,0,0,False,False,37,3
000000282298.jpg,MEDIUM,onnx_cuda,False,11,139,2,True,True,189,18
000000282912.jpg,MEDIUM,onnx_cuda,False,0,0,0,False,False,10,1
000000283037.jpg,MEDIUM,onnx_cuda,False,0,2,0,False,True,22,2
000000283038.jpg,MEDIUM,onnx_cuda,False,0,0,0,False,False,30,6
000000283070.jpg,MEDIUM,onnx_cuda,False,0,0,0,False,False,22,5
000000283113.jpg,MEDIUM,onnx_cuda,False,0,0,0,False,False,30,3
000000283268.jpg,MEDIUM,onnx_cuda,False,2,17,0,True,True,25,3
000000283318.jpg,MEDIUM,onnx_cuda,False,1,1,2,True,True,35,9
000000283412.jpg,MEDIUM,onnx_cuda,False,0,0,0,False,False,29,3
000000283520.jpg,MEDIUM,onnx_cuda,False,2,18,0,True,True,30,4
000000283717.jpg,MEDIUM,onnx_cuda,False,0,0,0,False,False,35,3
000000283785.jpg,MEDIUM,onnx_cuda,False,4,37,9,True,True,60,30
000000284106.jpg,MEDIUM,onnx_cuda,False,0,0,0,False,False,48,4
000000284279.jpg,MEDIUM,onnx_cuda,False,0,0,0,False,False,10,1
000000284282.jpg,MEDIUM,onnx_cuda,False,0,0,0,False,False,6,1
000000284296.jpg,MEDIUM,onnx_cuda,False,0,0,0,False,False,30,3
000000284445.jpg,MEDIUM,onnx_cuda,False,11,101,2,True,True,146,23
000000284623.jpg,MEDIUM,onnx_cuda,False,0,0,0,False,False,43,5
000000284698.jpg,MEDIUM,onnx_cuda,False,1,9,1,True,True,12,2
000000284725.jpg,MEDIUM,onnx_cuda,False,1,25,5,True,True,62,13
000000284743.jpg,MEDIUM,onnx_cuda,False,4,34,1,True,True,48,6
000000284762.jpg,MEDIUM,onnx_cuda,False,0,0,0,False,False,10,1
000000284764.jpg,MEDIUM,onnx_cuda,False,1,10,0,True,True,12,7
000000284991.jpg,MEDIUM,onnx_cuda,False,1,9,0,True,True,18,2
000000285047.jpg,MEDIUM,onnx_cuda,False,1,10,0,True,True,48,3
000000285349.jpg,MEDIUM,onnx_cuda,False,0,0,0,False,False,3,1
000000285788.jpg,MEDIUM,onnx_cuda,False,0,0,0,False,False,35,4
000000285894.jpg,MEDIUM,onnx_cuda,False,3,27,0,True,True,50,5
000000286182.jpg,MEDIUM,onnx_cuda,False,1,9,0,True,True,163,35
000000286422.jpg,MEDIUM,onnx_cuda,False,2,15,2,True,True,27,6
000000286458.jpg,MEDIUM,onnx_cuda,False,0,0,0,False,False,45,5
000000286503.jpg,MEDIUM,onnx_cuda,False,2,14,1,True,True,43,4
000000286507.jpg,MEDIUM,onnx_cuda,False,0,0,0,False,False,10,1
000000286523.jpg,MEDIUM,onnx_cuda,False,1,19,0,True,True,31,2
000000286553.jpg,MEDIUM,onnx_cuda,False,2,18,0,True,True,87,18
000000286660.jpg,MEDIUM,onnx_cuda,False,1,7,0,True,True,18,2
000000286708.jpg,MEDIUM,onnx_cuda,False,0,0,0,False,False,10,1
000000286849.jpg,MEDIUM,onnx_cuda,False,0,0,0,False,False,40,4
000000286907.jpg,MEDIUM,onnx_cuda,False,0,0,0,False,False,20,1
000000286908.jpg,MEDIUM,onnx_cuda,False,0,0,0,False,False,202,19
000000286994.jpg,MEDIUM,onnx_cuda,False,0,0,0,False,False,77,9
000000287291.jpg,MEDIUM,onnx_cuda,False,3,26,3,True,True,96,18
000000287347.jpg,MEDIUM,onnx_cuda,False,2,18,0,True,True,118,15
000000287527.jpg,MEDIUM,onnx_cuda,False,2,8,0,True,True,20,3
000000287545.jpg,MEDIUM,onnx_cuda,False,0,0,0,False,False,31,2
000000287649.jpg,MEDIUM,onnx_cuda,False,0,0,0,False,False,22,3
000000287667.jpg,MEDIUM,onnx_cuda,False,0,0,0,False,False,47,5
000000287714.jpg,MEDIUM,onnx_cuda,False,0,0,0,False,False,48,5
000000287874.jpg,MEDIUM,onnx_cuda,False,6,26,3,True,True,50,15
000000287959.jpg,MEDIUM,onnx_cuda,False,0,0,0,False,False,10,1
000000288042.jpg,MEDIUM,onnx_cuda,False,1,9,0,True,True,30,3
000000288062.jpg,MEDIUM,onnx_cuda,False,0,0,0,False,False,13,1
000000288391.jpg,MEDIUM,onnx_cuda,False,0,0,0,False,False,10,1
000000288430.jpg,MEDIUM,onnx_cuda,False,6,41,1,True,True,65,15
000000288584.jpg,MEDIUM,onnx_cuda,False,8,78,1,True,True,126,19
000000288685.jpg,MEDIUM,onnx_cuda,False,12,170,1,True,True,221,22
000000288762.jpg,MEDIUM,onnx_cuda,False,0,0,0,False,False,9,15
000000288862.jpg,MEDIUM,onnx_cuda,False,3,30,1,True,True,55,6
000000288882.jpg,MEDIUM,onnx_cuda,False,0,0,0,False,False,20,2
000000289059.jpg,MEDIUM,onnx_cuda,False,2,19,0,True,True,44,3
000000289222.jpg,MEDIUM,onnx_cuda,False,0,0,1,True,False,30,5
000000289229.jpg,MEDIUM,onnx_cuda,False,1,9,0,True,True,20,2
000000289343.jpg,MEDIUM,onnx_cuda,False,2,17,0,True,True,45,4
000000289393.jpg,MEDIUM,onnx_cuda,False,0,0,0,False,False,45,4
000000289415.jpg,MEDIUM,onnx_cuda,False,1,9,0,True,True,64,9
000000289417.jpg,MEDIUM,onnx_cuda,False,6,54,0,True,True,82,12
000000289516.jpg,MEDIUM,onnx_cuda,False,0,0,0,False,False,20,2
000000289586.jpg,MEDIUM,onnx_cuda,False,0,0,0,False,False,10,1
000000289594.jpg,MEDIUM,onnx_cuda,False,1,9,0,True,True,28,3
000000289659.jpg,MEDIUM,onnx_cuda,False,0,0,0,False,False,11,1
000000289702.jpg,MEDIUM,onnx_cuda,False,0,0,0,False,False,24,2
000000289741.jpg,MEDIUM,onnx_cuda,False,8,71,5,True,True,211,38
000000289938.jpg,MEDIUM,onnx_cuda,False,2,4,3,True,True,31,27
000000289960.jpg,MEDIUM,onnx_cuda,False,1,12,0,True,True,22,2
000000289992.jpg,MEDIUM,onnx_cuda,False,0,0,0,False,False,10,1
000000290081.jpg,MEDIUM,onnx_cuda,False,0,0,0,False,False,32,4
000000290163.jpg,MEDIUM,onnx_cuda,False,3,24,1,True,True,85,13
000000290179.jpg,MEDIUM,onnx_cuda,False,0,0,4,True,False,30,16
000000290248.jpg,MEDIUM,onnx_cuda,False,7,163,6,True,True,217,26
000000290293.jpg,MEDIUM,onnx_cuda,False,3,18,0,True,True,31,4
000000290592.jpg,MEDIUM,onnx_cuda,False,0,0,0,False,False,129,12
000000290619.jpg,MEDIUM,onnx_cuda,False,0,0,0,False,False,19,1
000000290768.jpg,MEDIUM,onnx_cuda,False,0,0,0,False,False,51,9
000000290771.jpg,MEDIUM,onnx_cuda,False,0,0,0,False,False,79,17
000000290833.jpg,MEDIUM,onnx_cuda,False,0,0,0,False,False,21,2
000000290843.jpg,MEDIUM,onnx_cuda,False,0,0,1,True,False,38,4
000000291490.jpg,MEDIUM,onnx_cuda,False,0,1,0,False,True,20,2
000000291551.jpg,MEDIUM,onnx_cuda,False,3,27,1,True,True,40,7
000000291619.jpg,MEDIUM,onnx_cuda,False,2,18,0,True,True,28,3
000000291634.jpg,MEDIUM,onnx_cuda,False,13,97,4,True,True,111,17
000000291664.jpg,MEDIUM,onnx_cuda,False,0,0,0,False,False,20,2
000000291791.jpg,MEDIUM,onnx_cuda,False,3,36,1,True,True,39,7
000000291861.jpg,MEDIUM,onnx_cuda,False,0,0,0,False,False,10,1
000000292005.jpg,MEDIUM,onnx_cuda,False,0,0,0,False,False,31,5
000000292024.jpg,MEDIUM,onnx_cuda,False,1,10,0,True,True,54,5
000000292060.jpg,MEDIUM,onnx_cuda,False,0,0,0,False,False,79,17
000000292082.jpg,MEDIUM,onnx_cuda,False,2,18,0,True,True,58,5
000000292155.jpg,MEDIUM,onnx_cuda,False,1,6,0,True,True,18,2
000000292225.jpg,MEDIUM,onnx_cuda,False,2,18,0,True,True,32,3
000000292236.jpg,MEDIUM,onnx_cuda,False,5,44,0,True,True,70,7
000000292330.jpg,MEDIUM,onnx_cuda,False,0,0,0,False,False,12,2
000000292415.jpg,MEDIUM,onnx_cuda,False,1,9,0,True,True,21,2
000000292446.jpg,MEDIUM,onnx_cuda,False,4,36,1,True,True,93,13
000000292456.jpg,MEDIUM,onnx_cuda,False,2,31,2,True,True,49,8
000000292488.jpg,MEDIUM,onnx_cuda,False,1,9,0,True,True,20,2
000000292908.jpg,MEDIUM,onnx_cuda,False,1,9,0,True,True,22,2
000000292997.jpg,MEDIUM,onnx_cuda,False,1,9,2,True,True,74,13
000000293044.jpg,MEDIUM,onnx_cuda,False,0,0,0,False,False,6,4
000000293071.jpg,MEDIUM,onnx_cuda,False,0,0,0,False,False,40,4
000000293200.jpg,MEDIUM,onnx_cuda,False,11,131,2,True,True,171,19
000000293245.jpg,MEDIUM,onnx_cuda,False,1,9,0,True,True,16,4
000000293300.jpg,MEDIUM,onnx_cuda,False,1,9,0,True,True,30,3
000000293324.jpg,MEDIUM,onnx_cuda,False,0,0,0,False,False,70,10
000000293390.jpg,MEDIUM,onnx_cuda,False,0,0,0,False,False,36,5
000000293474.jpg,MEDIUM,onnx_cuda,False,0,10,0,False,True,23,6
000000293625.jpg,MEDIUM,onnx_cuda,False,2,18,0,True,True,26,8
000000293794.jpg,MEDIUM,onnx_cuda,False,6,45,0,True,True,145,23
000000293804.jpg,MEDIUM,onnx_cuda,False,0,0,0,False,False,44,6
000000293858.jpg,MEDIUM,onnx_cuda,False,0,9,0,False,True,83,11
000000294162.jpg,MEDIUM,onnx_cuda,False,0,0,0,False,False,26,2
000000294163.jpg,MEDIUM,onnx_cuda,False,0,0,0,False,False,20,2
000000294350.jpg,MEDIUM,onnx_cuda,False,4,43,3,True,True,47,13
000000294695.jpg,MEDIUM,onnx_cuda,False,6,37,2,True,True,62,9
000000294783.jpg,MEDIUM,onnx_cuda,False,0,0,0,False,False,15,20
000000294831.jpg,MEDIUM,onnx_cuda,False,1,9,0,True,True,63,5
000000294855.jpg,MEDIUM,onnx_cuda,False,0,0,0,False,False,12,2
000000295138.jpg,MEDIUM,onnx_cuda,False,1,19,0,True,True,29,4
000000295231.jpg,MEDIUM,onnx_cuda,False,0,0,0,False,False,72,7
000000295316.jpg,MEDIUM,onnx_cuda,False,4,38,0,True,True,55,8
000000295420.jpg,MEDIUM,onnx_cuda,False,1,9,0,True,True,40,5
000000295478.jpg,MEDIUM,onnx_cuda,False,1,9,0,True,True,30,3
000000295713.jpg,MEDIUM,onnx_cuda,False,6,71,1,True,True,97,12
000000295797.jpg,MEDIUM,onnx_cuda,False,0,0,0,False,False,20,2
000000295809.jpg,MEDIUM,onnx_cuda,False,1,1,2,True,True,57,20
000000296222.jpg,MEDIUM,onnx_cuda,False,1,9,0,True,True,35,8
000000296224.jpg,MEDIUM,onnx_cuda,False,0,0,1,True,False,19,5
000000296231.jpg,MEDIUM,onnx_cuda,False,0,0,3,True,False,97,21
000000296284.jpg,MEDIUM,onnx_cuda,False,0,0,0,False,False,0,10
000000296317.jpg,MEDIUM,onnx_cuda,False,0,0,0,False,False,36,3
000000296634.jpg,MEDIUM,onnx_cuda,False,0,0,0,False,False,23,12
000000296649.jpg,MEDIUM,onnx_cuda,False,13,114,3,True,True,161,25
000000296657.jpg,MEDIUM,onnx_cuda,False,6,51,0,True,True,60,14
000000296969.jpg,MEDIUM,onnx_cuda,False,0,0,0,False,False,68,7
000000297022.jpg,MEDIUM,onnx_cuda,False,3,27,0,True,True,40,4
000000297084.jpg,MEDIUM,onnx_cuda,False,1,29,0,True,True,126,13
000000297085.jpg,MEDIUM,onnx_cuda,False,0,0,0,False,False,18,6
000000297147.jpg,MEDIUM,onnx_cuda,False,3,13,1,True,True,16,4
000000297343.jpg,MEDIUM,onnx_cuda,False,0,0,0,False,False,10,1
000000297353.jpg,MEDIUM,onnx_cuda,False,1,9,0,True,True,40,4
000000297396.jpg,MEDIUM,onnx_cuda,False,0,0,0,False,False,42,9
000000297427.jpg,MEDIUM,onnx_cuda,False,1,7,2,True,True,19,4
000000297562.jpg,MEDIUM,onnx_cuda,False,8,68,2,True,True,77,15
000000297578.jpg,MEDIUM,onnx_cuda,False,3,27,0,True,True,42,10
000000297595.jpg,MEDIUM,onnx_cuda,False,1,9,0,True,True,17,2
000000297681.jpg,MEDIUM,onnx_cuda,False,0,0,0,False,False,14,1
000000297698.jpg,MEDIUM,onnx_cuda,False,1,7,4,True,True,18,6
000000297830.jpg,MEDIUM,onnx_cuda,False,0,0,0,False,False,20,2
000000298251.jpg,MEDIUM,onnx_cuda,False,0,0,0,False,False,73,9
000000298396.jpg,MEDIUM,onnx_cuda,False,0,0,0,False,False,92,27
000000298697.jpg,MEDIUM,onnx_cuda,False,0,0,0,False,False,27,4
000000298738.jpg,MEDIUM,onnx_cuda,False,0,0,0,False,False,10,1
000000298904.jpg,MEDIUM,onnx_cuda,False,0,0,0,False,False,13,1
000000298994.jpg,MEDIUM,onnx_cuda,False,0,0,0,False,False,39,9
000000299355.jpg,MEDIUM,onnx_cuda,False,0,0,0,False,False,12,2
000000299553.jpg,MEDIUM,onnx_cuda,False,6,53,7,True,True,73,17
000000299609.jpg,MEDIUM,onnx_cuda,False,0,0,0,False,False,10,1
000000299720.jpg,MEDIUM,onnx_cuda,False,0,0,0,False,False,10,1
000000299887.jpg,MEDIUM,onnx_cuda,False,3,26,0,True,True,39,4
000000300039.jpg,MEDIUM,onnx_cuda,False,1,10,0,True,True,68,9
000000300155.jpg,MEDIUM,onnx_cuda,False,0,0,0,False,False,10,1
000000300233.jpg,MEDIUM,onnx_cuda,False,0,0,0,False,False,19,4
000000300276.jpg,MEDIUM,onnx_cuda,False,4,42,0,True,True,182,29
000000300341.jpg,MEDIUM,onnx_cuda,False,6,51,0,True,True,80,9
000000300659.jpg,MEDIUM,onnx_cuda,False,0,0,0,False,False,69,7
000000300842.jpg,MEDIUM,onnx_cuda,False,0,10,0,False,True,20,1
000000300913.jpg,MEDIUM,onnx_cuda,False,0,0,0,False,False,11,3
000000301061.jpg,MEDIUM,onnx_cuda,False,1,9,0,True,True,22,3
000000301135.jpg,MEDIUM,onnx_cuda,False,10,95,2,True,True,160,23
000000301376.jpg,MEDIUM,onnx_cuda,False,4,37,1,True,True,125,21
000000301421.jpg,MEDIUM,onnx_cuda,False,0,0,0,False,False,79,10
000000301563.jpg,MEDIUM,onnx_cuda,False,3,25,0,True,True,45,7
000000301718.jpg,MEDIUM,onnx_cuda,False,2,18,0,True,True,93,11
000000301867.jpg,MEDIUM,onnx_cuda,False,3,27,0,True,True,82,7
000000301981.jpg,MEDIUM,onnx_cuda,False,0,0,0,False,False,10,1
000000302030.jpg,MEDIUM,onnx_cuda,False,0,0,0,False,False,109,19
000000302107.jpg,MEDIUM,onnx_cuda,False,3,27,0,True,True,55,5
000000302165.jpg,MEDIUM,onnx_cuda,False,0,0,0,False,False,55,10
000000302452.jpg,MEDIUM,onnx_cuda,False,4,39,5,True,True,57,12
000000302536.jpg,MEDIUM,onnx_cuda,False,2,18,0,True,True,52,10
000000302760.jpg,MEDIUM,onnx_cuda,False,0,0,0,False,False,29,3
000000302882.jpg,MEDIUM,onnx_cuda,False,1,9,0,True,True,11,2
000000302990.jpg,MEDIUM,onnx_cuda,False,2,17,0,True,True,37,4
000000303305.jpg,MEDIUM,onnx_cuda,False,0,6,3,True,True,26,5
000000303499.jpg,MEDIUM,onnx_cuda,False,2,18,1,True,True,40,8
000000303566.jpg,MEDIUM,onnx_cuda,False,12,134,1,True,True,185,53
000000303653.jpg,MEDIUM,onnx_cuda,False,3,30,0,True,True,72,7
000000303713.jpg,MEDIUM,onnx_cuda,False,5,65,8,True,True,120,25
000000303818.jpg,MEDIUM,onnx_cuda,False,11,79,1,True,True,120,18
000000303863.jpg,MEDIUM,onnx_cuda,False,2,23,5,True,True,35,9
000000303893.jpg,MEDIUM,onnx_cuda,False,2,18,0,True,True,30,6
000000303908.jpg,MEDIUM,onnx_cuda,False,0,0,0,False,False,34,6
000000304180.jpg,MEDIUM,onnx_cuda,False,4,37,0,True,True,65,5
000000304291.jpg,MEDIUM,onnx_cuda,False,0,0,0,False,False,10,1
000000304365.jpg,MEDIUM,onnx_cuda,False,1,10,0,True,True,27,4
000000304396.jpg,MEDIUM,onnx_cuda,False,0,0,0,False,False,25,2
000000304404.jpg,MEDIUM,onnx_cuda,False,9,111,4,True,True,158,17
000000304545.jpg,MEDIUM,onnx_cuda,False,0,0,0,False,False,15,1
000000304560.jpg,MEDIUM,onnx_cuda,False,0,0,0,False,False,10,1
000000304812.jpg,MEDIUM,onnx_cuda,False,1,10,5,True,True,21,9
000000304817.jpg,MEDIUM,onnx_cuda,False,0,0,0,False,False,0,1
000000304984.jpg,MEDIUM,onnx_cuda,False,0,0,0,False,False,48,8
000000305309.jpg,MEDIUM,onnx_cuda,False,2,18,1,True,True,29,4
000000305317.jpg,MEDIUM,onnx_cuda,False,9,57,4,True,True,93,17
000000305343.jpg,MEDIUM,onnx_cuda,False,0,0,0,False,False,20,2
000000305609.jpg,MEDIUM,onnx_cuda,False,1,8,0,True,True,80,12
000000305695.jpg,MEDIUM,onnx_cuda,False,0,0,0,False,False,56,7
000000306136.jpg,MEDIUM,onnx_cuda,False,4,37,2,True,True,51,7
000000306139.jpg,MEDIUM,onnx_cuda,False,7,84,1,True,True,193,26
000000306437.jpg,MEDIUM,onnx_cuda,False,3,24,2,True,True,37,7
000000306582.jpg,MEDIUM,onnx_cuda,False,0,1,0,False,True,59,7
000000306700.jpg,MEDIUM,onnx_cuda,False,1,9,0,True,True,50,4
000000306733.jpg,MEDIUM,onnx_cuda,False,0,0,0,False,False,48,7
000000306893.jpg,MEDIUM,onnx_cuda,False,3,20,8,True,True,110,21
000000307074.jpg,MEDIUM,onnx_cuda,False,0,0,0,False,False,71,20
000000307145.jpg,MEDIUM,onnx_cuda,False,0,0,0,False,False,15,2
000000307172.jpg,MEDIUM,onnx_cuda,False,1,12,0,True,True,46,5
000000307598.jpg,MEDIUM,onnx_cuda,False,0,0,0,False,False,10,4
000000307658.jpg,MEDIUM,onnx_cuda,False,0,0,0,False,False,10,1
000000308165.jpg,MEDIUM,onnx_cuda,False,1,9,0,True,True,20,2
000000308193.jpg,MEDIUM,onnx_cuda,False,0,0,0,False,False,10,1
000000308328.jpg,MEDIUM,onnx_cuda,False,4,36,0,True,True,127,20
000000308391.jpg,MEDIUM,onnx_cuda,False,0,0,0,False,False,0,0
000000308394.jpg,MEDIUM,onnx_cuda,False,1,9,0,True,True,44,4
000000308430.jpg,MEDIUM,onnx_cuda,False,0,0,0,False,False,28,17
000000308466.jpg,MEDIUM,onnx_cuda,False,0,0,0,False,False,19,2
000000308476.jpg,MEDIUM,onnx_cuda,False,0,0,0,False,False,20,2
000000308531.jpg,MEDIUM,onnx_cuda,False,0,0,0,False,False,20,3
000000308545.jpg,MEDIUM,onnx_cuda,False,1,27,0,True,True,59,4
000000308587.jpg,MEDIUM,onnx_cuda,False,3,4,10,True,True,50,17
000000308631.jpg,MEDIUM,onnx_cuda,False,10,128,1,True,True,147,13
000000308753.jpg,MEDIUM,onnx_cuda,False,0,0,0,False,False,10,1
000000308793.jpg,MEDIUM,onnx_cuda,False,1,9,1,True,True,37,4
000000308799.jpg,MEDIUM,onnx_cuda,False,0,0,0,False,False,35,8
000000309173.jpg,MEDIUM,onnx_cuda,False,0,0,1,True,False,11,2
000000309391.jpg,MEDIUM,onnx_cuda,False,9,50,6,True,True,162,35
000000309452.jpg,MEDIUM,onnx_cuda,False,0,0,0,False,False,10,1
000000309467.jpg,MEDIUM,onnx_cuda,False,2,18,0,True,True,55,6
000000309484.jpg,MEDIUM,onnx_cuda,False,1,10,0,True,True,26,4
000000309495.jpg,MEDIUM,onnx_cuda,False,0,0,0,False,False,10,1
000000309655.jpg,MEDIUM,onnx_cuda,False,13,116,0,True,True,129,19
000000309678.jpg,MEDIUM,onnx_cuda,False,0,0,1,True,False,9,3
000000309938.jpg,MEDIUM,onnx_cuda,False,0,9,0,False,True,66,7
000000309964.jpg,MEDIUM,onnx_cuda,False,2,18,0,True,True,43,5
000000310072.jpg,MEDIUM,onnx_cuda,False,0,0,0,False,False,41,7
000000310200.jpg,MEDIUM,onnx_cuda,False,0,0,0,False,False,50,3
000000310622.jpg,MEDIUM,onnx_cuda,False,0,0,0,False,False,0,0
000000310862.jpg,MEDIUM,onnx_cuda,False,1,8,0,True,True,19,3
000000310980.jpg,MEDIUM,onnx_cuda,False,0,10,0,False,True,34,3
000000311002.jpg,MEDIUM,onnx_cuda,False,4,39,1,True,True,69,9
000000311081.jpg,MEDIUM,onnx_cuda,False,0,0,0,False,False,20,1
000000311180.jpg,MEDIUM,onnx_cuda,False,0,0,1,True,False,10,2
000000311190.jpg,MEDIUM,onnx_cuda,False,0,1,1,True,True,15,2
000000311295.jpg,MEDIUM,onnx_cuda,False,0,0,0,False,False,48,10
000000311303.jpg,MEDIUM,onnx_cuda,False,1,10,0,True,True,57,8
000000311392.jpg,MEDIUM,onnx_cuda,False,2,16,1,True,True,29,4
000000311394.jpg,MEDIUM,onnx_cuda,False,1,10,0,True,True,23,2
000000311518.jpg,MEDIUM,onnx_cuda,False,0,0,0,False,False,10,1
000000311789.jpg,MEDIUM,onnx_cuda,False,0,0,0,False,False,18,2
000000311883.jpg,MEDIUM,onnx_cuda,False,0,0,0,False,False,10,7
000000311909.jpg,MEDIUM,onnx_cuda,False,0,0,0,False,False,10,1
000000311928.jpg,MEDIUM,onnx_cuda,False,1,9,0,True,True,30,3
000000311950.jpg,MEDIUM,onnx_cuda,False,0,0,0,False,False,33,1
000000312192.jpg,MEDIUM,onnx_cuda,False,1,8,0,True,True,61,11
000000312213.jpg,MEDIUM,onnx_cuda,False,0,0,0,False,False,23,2
000000312237.jpg,MEDIUM,onnx_cuda,False,4,20,8,True,True,34,22
000000312263.jpg,MEDIUM,onnx_cuda,False,0,0,0,False,False,10,1
000000312278.jpg,MEDIUM,onnx_cuda,False,0,0,0,False,False,19,2
000000312340.jpg,MEDIUM,onnx_cuda,False,0,0,0,False,False,10,1
000000312406.jpg,MEDIUM,onnx_cuda,False,0,0,0,False,False,48,2
000000312421.jpg,MEDIUM,onnx_cuda,False,7,52,0,True,True,91,12
000000312489.jpg,MEDIUM,onnx_cuda,False,2,17,0,True,True,29,4
000000312549.jpg,MEDIUM,onnx_cuda,False,0,0,0,False,False,0,0
000000312552.jpg,MEDIUM,onnx_cuda,False,1,9,0,True,True,12,2
000000312586.jpg,MEDIUM,onnx_cuda,False,0,0,0,False,False,29,3
000000312720.jpg,MEDIUM,onnx_cuda,False,1,10,0,True,True,20,2
000000313034.jpg,MEDIUM,onnx_cuda,False,2,18,1,True,True,53,11
000000313130.jpg,MEDIUM,onnx_cuda,False,0,0,0,False,False,45,4
000000313182.jpg,MEDIUM,onnx_cuda,False,4,27,5,True,True,58,14
000000313454.jpg,MEDIUM,onnx_cuda,False,1,9,0,True,True,74,7
000000313562.jpg,MEDIUM,onnx_cuda,False,2,18,0,True,True,26,6
000000313588.jpg,MEDIUM,onnx_cuda,False,1,9,0,True,True,59,5
000000313783.jpg,MEDIUM,onnx_cuda,False,0,0,0,False,False,20,7
000000314034.jpg,MEDIUM,onnx_cuda,False,0,0,0,False,False,162,25
000000314177.jpg,MEDIUM,onnx_cuda,False,1,9,0,True,True,29,2
000000314182.jpg,MEDIUM,onnx_cuda,False,0,0,0,False,False,49,9
000000314251.jpg,MEDIUM,onnx_cuda,False,16,126,4,True,True,143,21
000000314264.jpg,MEDIUM,onnx_cuda,False,1,9,0,True,True,37,5
000000314294.jpg,MEDIUM,onnx_cuda,False,0,0,0,False,False,10,2
000000314541.jpg,MEDIUM,onnx_cuda,False,0,0,0,False,False,10,1
000000314709.jpg,MEDIUM,onnx_cuda,False,1,9,0,True,True,20,2
000000314914.jpg,MEDIUM,onnx_cuda,False,0,0,0,False,False,10,1
000000315001.jpg,MEDIUM,onnx_cuda,False,0,0,0,False,False,93,19
000000315187.jpg,MEDIUM,onnx_cuda,False,1,0,4,True,True,31,11
000000315219.jpg,MEDIUM,onnx_cuda,False,0,0,0,False,False,4,1
000000315257.jpg,MEDIUM,onnx_cuda,False,0,0,0,False,False,20,1
000000315450.jpg,MEDIUM,onnx_cuda,False,0,0,0,False,False,44,19
000000315492.jpg,MEDIUM,onnx_cuda,False,1,9,0,True,True,13,4
000000316015.jpg,MEDIUM,onnx_cuda,False,0,0,0,False,False,53,9
000000316054.jpg,MEDIUM,onnx_cuda,False,1,3,0,True,True,36,4
000000316404.jpg,MEDIUM,onnx_cuda,False,2,18,0,True,True,46,6
000000316666.jpg,MEDIUM,onnx_cuda,False,0,0,0,False,False,107,40
000000317024.jpg,MEDIUM,onnx_cuda,False,0,0,0,False,False,10,1
000000317433.jpg,MEDIUM,onnx_cuda,False,1,9,0,True,True,31,3
000000317999.jpg,MEDIUM,onnx_cuda,False,2,19,0,True,True,31,4
000000318080.jpg,MEDIUM,onnx_cuda,False,0,0,0,False,False,28,2
000000318114.jpg,MEDIUM,onnx_cuda,False,0,0,0,False,False,41,6
000000318138.jpg,MEDIUM,onnx_cuda,False,3,31,0,True,True,58,5
000000318238.jpg,MEDIUM,onnx_cuda,False,0,0,0,False,False,31,4
000000318455.jpg,MEDIUM,onnx_cuda,False,0,16,0,False,True,194,15
000000318908.jpg,MEDIUM,onnx_cuda,False,0,0,0,False,False,11,1
000000319100.jpg,MEDIUM,onnx_cuda,False,2,18,0,True,True,66,7
000000319184.jpg,MEDIUM,onnx_cuda,False,7,84,1,True,True,101,9
000000319369.jpg,MEDIUM,onnx_cuda,False,4,35,1,True,True,79,18
000000319534.jpg,MEDIUM,onnx_cuda,False,3,45,4,True,True,58,8
000000319607.jpg,MEDIUM,onnx_cuda,False,2,19,3,True,True,47,10
000000319617.jpg,MEDIUM,onnx_cuda,False,0,0,0,False,False,40,4
000000319696.jpg,MEDIUM,onnx_cuda,False,0,0,0,False,False,40,5
000000319721.jpg,MEDIUM,onnx_cuda,False,2,18,1,True,True,30,4
000000319935.jpg,MEDIUM,onnx_cuda,False,0,0,0,False,False,106,13
000000320232.jpg,MEDIUM,onnx_cuda,False,3,24,0,True,True,46,10
000000320425.jpg,MEDIUM,onnx_cuda,False,0,0,0,False,False,89,10
000000320490.jpg,MEDIUM,onnx_cuda,False,1,9,0,True,True,41,6
000000320554.jpg,MEDIUM,onnx_cuda,False,0,0,0,False,False,24,2
000000320632.jpg,MEDIUM,onnx_cuda,False,0,0,0,False,False,64,6
000000320642.jpg,MEDIUM,onnx_cuda,False,4,36,0,True,True,60,6
000000320664.jpg,MEDIUM,onnx_cuda,False,0,0,0,False,False,62,5
000000320696.jpg,MEDIUM,onnx_cuda,False,1,9,0,True,True,17,2
000000320706.jpg,MEDIUM,onnx_cuda,False,0,0,0,False,False,0,0
000000320743.jpg,MEDIUM,onnx_cuda,False,8,80,2,True,True,192,18
000000321118.jpg,MEDIUM,onnx_cuda,False,0,0,0,False,False,31,2
000000321214.jpg,MEDIUM,onnx_cuda,False,1,9,0,True,True,20,3
000000321333.jpg,MEDIUM,onnx_cuda,False,2,17,0,True,True,49,3
000000321557.jpg,MEDIUM,onnx_cuda,False,1,9,0,True,True,10,1
000000321790.jpg,MEDIUM,onnx_cuda,False,1,9,0,True,True,20,2
000000321887.jpg,MEDIUM,onnx_cuda,False,0,10,0,False,True,19,1
000000322163.jpg,MEDIUM,onnx_cuda,False,7,53,0,True,True,164,19
000000322211.jpg,MEDIUM,onnx_cuda,False,0,0,0,False,False,113,13
000000322352.jpg,MEDIUM,onnx_cuda,False,0,2,0,False,True,121,14
000000322429.jpg,MEDIUM,onnx_cuda,False,0,0,0,False,False,134,21
000000322574.jpg,MEDIUM,onnx_cuda,False,0,0,0,False,False,11,4
000000322610.jpg,MEDIUM,onnx_cuda,False,11,114,2,True,True,226,23
000000322724.jpg,MEDIUM,onnx_cuda,False,2,19,0,True,True,29,3
000000322829.jpg,MEDIUM,onnx_cuda,False,0,0,0,False,False,11,1
000000322844.jpg,MEDIUM,onnx_cuda,False,0,0,0,False,False,33,2
000000322864.jpg,MEDIUM,onnx_cuda,False,1,7,0,True,True,74,6
000000322895.jpg,MEDIUM,onnx_cuda,False,0,0,0,False,False,70,9
000000322944.jpg,MEDIUM,onnx_cuda,False,1,8,0,True,True,19,2
000000322959.jpg,MEDIUM,onnx_cuda,False,0,0,0,False,False,39,9
000000322968.jpg,MEDIUM,onnx_cuda,False,0,8,0,False,True,38,1
000000323151.jpg,MEDIUM,onnx_cuda,False,0,0,0,False,False,55,5
000000323202.jpg,MEDIUM,onnx_cuda,False,0,0,0,False,False,11,2
000000323263.jpg,MEDIUM,onnx_cuda,False,5,50,0,True,True,70,7
000000323355.jpg,MEDIUM,onnx_cuda,False,2,17,0,True,True,29,3
000000323496.jpg,MEDIUM,onnx_cuda,False,5,55,1,True,True,114,16
000000323571.jpg,MEDIUM,onnx_cuda,False,0,0,0,False,False,37,5
000000323709.jpg,MEDIUM,onnx_cuda,False,0,0,0,False,False,10,1
000000323751.jpg,MEDIUM,onnx_cuda,False,2,18,0,True,True,31,9
000000323799.jpg,MEDIUM,onnx_cuda,False,10,92,1,True,True,139,16
000000323828.jpg,MEDIUM,onnx_cuda,False,0,0,0,False,False,10,9
000000323895.jpg,MEDIUM,onnx_cuda,False,1,19,1,True,True,39,3
000000324158.jpg,MEDIUM,onnx_cuda,False,1,9,0,True,True,40,15
000000324258.jpg,MEDIUM,onnx_cuda,False,2,18,0,True,True,100,21
000000324614.jpg,MEDIUM,onnx_cuda,False,1,9,0,True,True,26,2
000000324715.jpg,MEDIUM,onnx_cuda,False,0,0,0,False,False,21,2
000000324818.jpg,MEDIUM,onnx_cuda,False,0,0,0,False,False,23,2
000000324927.jpg,MEDIUM,onnx_cuda,False,0,0,0,False,False,31,3
000000325031.jpg,MEDIUM,onnx_cuda,False,2,18,11,True,True,30,16
000000325114.jpg,MEDIUM,onnx_cuda,False,0,0,0,False,False,30,1
000000325306.jpg,MEDIUM,onnx_cuda,False,0,0,0,False,False,14,2
000000325347.jpg,MEDIUM,onnx_cuda,False,2,18,0,True,True,64,7
000000325483.jpg,MEDIUM,onnx_cuda,False,2,18,0,True,True,86,27
000000325527.jpg,MEDIUM,onnx_cuda,False,0,0,0,False,False,10,1
000000325838.jpg,MEDIUM,onnx_cuda,False,1,9,0,True,True,121,18
000000325991.jpg,MEDIUM,onnx_cuda,False,1,9,0,True,True,21,2
000000326082.jpg,MEDIUM,onnx_cuda,False,0,0,0,False,False,79,17
000000326128.jpg,MEDIUM,onnx_cuda,False,1,9,0,True,True,25,3
000000326174.jpg,MEDIUM,onnx_cuda,False,7,61,0,True,True,107,12
000000326248.jpg,MEDIUM,onnx_cuda,False,8,99,4,True,True,123,19
000000326462.jpg,MEDIUM,onnx_cuda,False,0,0,1,True,False,10,2
000000326541.jpg,MEDIUM,onnx_cuda,False,3,24,3,True,True,47,9
000000326542.jpg,MEDIUM,onnx_cuda,False,3,14,0,True,True,30,4
000000326627.jpg,MEDIUM,onnx_cuda,False,0,0,0,False,False,44,13
000000326970.jpg,MEDIUM,onnx_cuda,False,3,27,0,True,True,49,11
000000327306.jpg,MEDIUM,onnx_cuda,False,1,9,0,True,True,20,2
000000327592.jpg,MEDIUM,onnx_cuda,False,1,9,0,True,True,33,4
000000327601.jpg,MEDIUM,onnx_cuda,False,1,8,0,True,True,29,3
000000327605.jpg,MEDIUM,onnx_cuda,False,1,10,1,True,True,23,3
000000327617.jpg,MEDIUM,onnx_cuda,False,1,9,0,True,True,20,2
000000327701.jpg,MEDIUM,onnx_cuda,False,4,31,0,True,True,62,8
000000327769.jpg,MEDIUM,onnx_cuda,False,0,0,0,False,False,49,7
000000327780.jpg,MEDIUM,onnx_cuda,False,0,0,0,False,False,30,2
000000327890.jpg,MEDIUM,onnx_cuda,False,0,0,0,False,False,32,13
000000328030.jpg,MEDIUM,onnx_cuda,False,0,0,0,False,False,66,5
000000328117.jpg,MEDIUM,onnx_cuda,False,0,0,0,False,False,127,11
000000328238.jpg,MEDIUM,onnx_cuda,False,5,51,2,True,True,84,13
000000328286.jpg,MEDIUM,onnx_cuda,False,0,0,0,False,False,42,6
000000328337.jpg,MEDIUM,onnx_cuda,False,1,9,0,True,True,20,2
000000328430.jpg,MEDIUM,onnx_cuda,False,7,41,6,True,True,56,17
000000328601.jpg,MEDIUM,onnx_cuda,False,1,9,0,True,True,33,3
000000328683.jpg,MEDIUM,onnx_cuda,False,0,0,0,False,False,24,2
000000328959.jpg,MEDIUM,onnx_cuda,False,0,0,0,False,False,10,1
000000329041.jpg,MEDIUM,onnx_cuda,False,3,27,0,True,True,91,10
000000329080.jpg,MEDIUM,onnx_cuda,False,0,0,0,False,False,30,3
000000329219.jpg,MEDIUM,onnx_cuda,False,1,9,0,True,True,47,21
000000329319.jpg,MEDIUM,onnx_cuda,False,0,0,0,False,False,31,4
000000329323.jpg,MEDIUM,onnx_cuda,False,10,175,3,True,True,191,13
000000329447.jpg,MEDIUM,onnx_cuda,False,0,0,0,False,False,50,5
000000329455.jpg,MEDIUM,onnx_cuda,False,2,26,1,True,True,145,13
000000329456.jpg,MEDIUM,onnx_cuda,False,5,59,0,True,True,64,9
000000329542.jpg,MEDIUM,onnx_cuda,False,0,0,1,True,False,10,6
000000329614.jpg,MEDIUM,onnx_cuda,False,1,9,0,True,True,97,11
000000329827.jpg,MEDIUM,onnx_cuda,False,1,13,0,True,True,19,2
000000330369.jpg,MEDIUM,onnx_cuda,False,1,7,0,True,True,21,4
000000330396.jpg,MEDIUM,onnx_cuda,False,5,28,0,True,True,43,6
000000330554.jpg,MEDIUM,onnx_cuda,False,0,0,0,False,False,0,0
000000330790.jpg,MEDIUM,onnx_cuda,False,0,0,0,False,False,30,3
000000330818.jpg,MEDIUM,onnx_cuda,False,1,9,0,True,True,78,9
000000331075.jpg,MEDIUM,onnx_cuda,False,0,0,0,False,False,10,1
000000331280.jpg,MEDIUM,onnx_cuda,False,8,131,5,True,True,159,15
000000331317.jpg,MEDIUM,onnx_cuda,False,0,0,1,True,False,9,2
000000331352.jpg,MEDIUM,onnx_cuda,False,0,0,0,False,False,10,2
000000331569.jpg,MEDIUM,onnx_cuda,False,0,0,0,False,False,11,1
000000331604.jpg,MEDIUM,onnx_cuda,False,1,9,0,True,True,25,2
000000331799.jpg,MEDIUM,onnx_cuda,False,3,27,1,True,True,35,19
000000331817.jpg,MEDIUM,onnx_cuda,False,1,16,0,True,True,143,17
000000332318.jpg,MEDIUM,onnx_cuda,False,0,0,0,False,False,33,17
000000332351.jpg,MEDIUM,onnx_cuda,False,9,61,4,True,True,88,21
000000332455.jpg,MEDIUM,onnx_cuda,False,0,0,0,False,False,13,1
000000332570.jpg,MEDIUM,onnx_cuda,False,1,7,0,True,True,18,2
000000332845.jpg,MEDIUM,onnx_cuda,False,1,9,0,True,True,40,4
000000332901.jpg,MEDIUM,onnx_cuda,False,1,15,5,True,True,34,9
000000333069.jpg,MEDIUM,onnx_cuda,False,0,0,0,False,False,20,2
000000333237.jpg,MEDIUM,onnx_cuda,False,0,0,0,False,False,45,3
000000333402.jpg,MEDIUM,onnx_cuda,False,2,19,1,True,True,33,5
000000333697.jpg,MEDIUM,onnx_cuda,False,0,0,0,False,False,0,1
000000333745.jpg,MEDIUM,onnx_cuda,False,1,19,0,True,True,51,11
000000333772.jpg,MEDIUM,onnx_cuda,False,0,0,0,False,False,44,8
000000333956.jpg,MEDIUM,onnx_cuda,False,0,0,0,False,False,11,2
000000334006.jpg,MEDIUM,onnx_cuda,False,1,9,0,True,True,41,5
000000334309.jpg,MEDIUM,onnx_cuda,False,2,18,1,True,True,40,10
000000334371.jpg,MEDIUM,onnx_cuda,False,1,9,0,True,True,85,9
000000334399.jpg,MEDIUM,onnx_cuda,False,2,28,1,True,True,64,6
000000334417.jpg,MEDIUM,onnx_cuda,False,1,9,0,True,True,21,4
000000334483.jpg,MEDIUM,onnx_cuda,False,8,61,0,True,True,162,20
000000334521.jpg,MEDIUM,onnx_cuda,False,0,0,1,True,False,20,4
000000334530.jpg,MEDIUM,onnx_cuda,False,1,9,0,True,True,20,2
000000334555.jpg,MEDIUM,onnx_cuda,False,12,86,1,True,True,135,20
000000334719.jpg,MEDIUM,onnx_cuda,False,6,51,1,True,True,61,9
000000334767.jpg,MEDIUM,onnx_cuda,False,5,45,1,True,True,70,11
000000334977.jpg,MEDIUM,onnx_cuda,False,0,3,0,False,True,24,3
000000335081.jpg,MEDIUM,onnx_cuda,False,0,6,0,False,True,46,4
000000335177.jpg,MEDIUM,onnx_cuda,False,0,0,0,False,False,29,3
000000335328.jpg,MEDIUM,onnx_cuda,False,2,18,0,True,True,28,3
000000335427.jpg,MEDIUM,onnx_cuda,False,0,0,0,False,False,55,10
000000335450.jpg,MEDIUM,onnx_cuda,False,0,0,0,False,False,21,3
000000335529.jpg,MEDIUM,onnx_cuda,False,0,0,0,False,False,35,12
000000335658.jpg,MEDIUM,onnx_cuda,False,0,0,0,False,False,23,2
000000335800.jpg,MEDIUM,onnx_cuda,False,0,0,0,False,False,10,1
000000335954.jpg,MEDIUM,onnx_cuda,False,0,0,0,False,False,27,3
000000336053.jpg,MEDIUM,onnx_cuda,False,4,50,0,True,True,180,25
000000336209.jpg,MEDIUM,onnx_cuda,False,1,9,0,True,True,18,3
000000336232.jpg,MEDIUM,onnx_cuda,False,4,32,3,True,True,235,25
000000336265.jpg,MEDIUM,onnx_cuda,False,1,9,0,True,True,13,2
000000336309.jpg,MEDIUM,onnx_cuda,False,0,0,0,False,False,10,1
000000336356.jpg,MEDIUM,onnx_cuda,False,5,42,0,True,True,147,14
000000336587.jpg,MEDIUM,onnx_cuda,False,0,0,0,False,False,18,2
000000336628.jpg,MEDIUM,onnx_cuda,False,5,44,1,True,True,54,8
000000336658.jpg,MEDIUM,onnx_cuda,False,4,13,9,True,True,57,22
000000337055.jpg,MEDIUM,onnx_cuda,False,1,9,0,True,True,20,2
000000337498.jpg,MEDIUM,onnx_cuda,False,0,0,0,False,False,46,6
000000337987.jpg,MEDIUM,onnx_cuda,False,0,0,0,False,False,13,1
000000338191.jpg,MEDIUM,onnx_cuda,False,0,0,0,False,False,91,9
000000338219.jpg,MEDIUM,onnx_cuda,False,11,76,6,True,True,87,18
000000338304.jpg,MEDIUM,onnx_cuda,False,8,86,5,True,True,180,25
000000338325.jpg,MEDIUM,onnx_cuda,False,0,0,0,False,False,10,1
000000338428.jpg,MEDIUM,onnx_cuda,False,0,0,0,False,False,27,4
000000338532.jpg,MEDIUM,onnx_cuda,False,1,0,1,True,True,11,3
000000338560.jpg,MEDIUM,onnx_cuda,False,0,0,0,False,False,58,12
000000338624.jpg,MEDIUM,onnx_cuda,False,3,20,0,True,True,131,18
000000338625.jpg,MEDIUM,onnx_cuda,False,5,17,4,True,True,52,14
000000338718.jpg,MEDIUM,onnx_cuda,False,0,0,0,False,False,20,2
000000338901.jpg,MEDIUM,onnx_cuda,False,0,6,0,False,True,29,4
000000338905.jpg,MEDIUM,onnx_cuda,False,9,73,4,True,True,174,38
000000338986.jpg,MEDIUM,onnx_cuda,False,0,0,0,False,False,30,4
000000339442.jpg,MEDIUM,onnx_cuda,False,0,0,0,False,False,1,3
000000339823.jpg,MEDIUM,onnx_cuda,False,1,9,0,True,True,20,2
000000339870.jpg,MEDIUM,onnx_cuda,False,0,0,0,False,False,40,6
000000340015.jpg,MEDIUM,onnx_cuda,False,0,0,0,False,False,11,2
000000340175.jpg,MEDIUM,onnx_cuda,False,0,0,0,False,False,75,28
000000340272.jpg,MEDIUM,onnx_cuda,False,0,0,0,False,False,35,3
000000340451.jpg,MEDIUM,onnx_cuda,False,1,10,0,True,True,20,2
000000340697.jpg,MEDIUM,onnx_cuda,False,0,0,0,False,False,212,13
000000340894.jpg,MEDIUM,onnx_cuda,False,1,21,0,True,True,86,11
000000340930.jpg,MEDIUM,onnx_cuda,False,0,0,0,False,False,7,2
000000341058.jpg,MEDIUM,onnx_cuda,False,0,0,0,False,False,82,7
000000341094.jpg,MEDIUM,onnx_cuda,False,0,0,1,True,False,3,2
000000341196.jpg,MEDIUM,onnx_cuda,False,3,25,0,True,True,38,4
000000341469.jpg,MEDIUM,onnx_cuda,False,3,21,0,True,True,95,13
000000341681.jpg,MEDIUM,onnx_cuda,False,1,9,0,True,True,31,3
000000341719.jpg,MEDIUM,onnx_cuda,False,6,42,0,True,True,66,10
000000341828.jpg,MEDIUM,onnx_cuda,False,1,9,0,True,True,19,3
000000341921.jpg,MEDIUM,onnx_cuda,False,1,9,0,True,True,32,9
000000341973.jpg,MEDIUM,onnx_cuda,False,2,18,0,True,True,20,5
000000342006.jpg,MEDIUM,onnx_cuda,False,0,0,0,False,False,26,4
000000342128.jpg,MEDIUM,onnx_cuda,False,10,97,3,True,True,157,22
000000342186.jpg,MEDIUM,onnx_cuda,False,0,0,0,False,False,10,2
000000342295.jpg,MEDIUM,onnx_cuda,False,0,10,0,False,True,20,1
000000342367.jpg,MEDIUM,onnx_cuda,False,3,27,0,True,True,50,6
000000342397.jpg,MEDIUM,onnx_cuda,False,4,34,2,True,True,48,9
000000342971.jpg,MEDIUM,onnx_cuda,False,1,9,0,True,True,21,2
000000343076.jpg,MEDIUM,onnx_cuda,False,0,0,0,False,False,20,2
000000343149.jpg,MEDIUM,onnx_cuda,False,4,34,0,True,True,49,6
000000343218.jpg,MEDIUM,onnx_cuda,False,2,18,0,True,True,72,22
000000343315.jpg,MEDIUM,onnx_cuda,False,0,0,0,False,False,10,1
000000343453.jpg,MEDIUM,onnx_cuda,False,1,9,0,True,True,20,2
000000343466.jpg,MEDIUM,onnx_cuda,False,0,0,0,False,False,20,2
000000343496.jpg,MEDIUM,onnx_cuda,False,1,9,0,True,True,60,6
000000343524.jpg,MEDIUM,onnx_cuda,False,1,9,0,True,True,20,3
000000343561.jpg,MEDIUM,onnx_cuda,False,19,208,6,True,True,228,28
000000343706.jpg,MEDIUM,onnx_cuda,False,0,0,1,True,False,10,2
000000343803.jpg,MEDIUM,onnx_cuda,False,1,9,0,True,True,21,2
000000343934.jpg,MEDIUM,onnx_cuda,False,1,9,0,True,True,10,1
000000343937.jpg,MEDIUM,onnx_cuda,False,1,9,0,True,True,20,2
000000343976.jpg,MEDIUM,onnx_cuda,False,0,0,3,True,False,11,9
000000344029.jpg,MEDIUM,onnx_cuda,False,0,0,6,True,False,56,12
000000344059.jpg,MEDIUM,onnx_cuda,False,0,0,0,False,False,20,2
000000344100.jpg,MEDIUM,onnx_cuda,False,0,0,0,False,False,54,5
000000344268.jpg,MEDIUM,onnx_cuda,False,1,9,0,True,True,29,2
000000344611.jpg,MEDIUM,onnx_cuda,False,0,0,0,False,False,0,0
000000344614.jpg,MEDIUM,onnx_cuda,False,0,0,0,False,False,20,2
000000344621.jpg,MEDIUM,onnx_cuda,False,0,0,0,False,False,53,7
000000344795.jpg,MEDIUM,onnx_cuda,False,0,0,0,False,False,18,2
000000344816.jpg,MEDIUM,onnx_cuda,False,0,0,0,False,False,10,1
000000344888.jpg,MEDIUM,onnx_cuda,False,0,0,0,False,False,27,9
000000344909.jpg,MEDIUM,onnx_cuda,False,0,0,0,False,False,41,4
000000345027.jpg,MEDIUM,onnx_cuda,False,2,14,12,True,True,56,34
000000345252.jpg,MEDIUM,onnx_cuda,False,1,9,0,True,True,39,5
000000345261.jpg,MEDIUM,onnx_cuda,False,0,0,0,False,False,20,2
000000345356.jpg,MEDIUM,onnx_cuda,False,2,18,0,True,True,90,11
000000345361.jpg,MEDIUM,onnx_cuda,False,1,40,1,True,True,87,11
000000345385.jpg,MEDIUM,onnx_cuda,False,1,13,1,True,True,24,3
000000345397.jpg,MEDIUM,onnx_cuda,False,1,9,0,True,True,30,3
000000345466.jpg,MEDIUM,onnx_cuda,False,6,54,0,True,True,70,11
000000345469.jpg,MEDIUM,onnx_cuda,False,0,0,0,False,False,22,13
000000345941.jpg,MEDIUM,onnx_cuda,False,0,0,1,True,False,22,3
000000346232.jpg,MEDIUM,onnx_cuda,False,9,74,2,True,True,134,20
000000346638.jpg,MEDIUM,onnx_cuda,False,0,0,0,False,False,40,4
000000346703.jpg,MEDIUM,onnx_cuda,False,6,57,1,True,True,191,19
000000346707.jpg,MEDIUM,onnx_cuda,False,0,0,0,False,False,10,4
000000346905.jpg,MEDIUM,onnx_cuda,False,0,0,0,False,False,36,3
000000346968.jpg,MEDIUM,onnx_cuda,False,1,9,0,True,True,48,5
000000347163.jpg,MEDIUM,onnx_cuda,False,0,0,0,False,False,10,1
000000347174.jpg,MEDIUM,onnx_cuda,False,1,9,0,True,True,25,2
000000347254.jpg,MEDIUM,onnx_cuda,False,5,46,0,True,True,72,9
000000347265.jpg,MEDIUM,onnx_cuda,False,1,9,0,True,True,20,2
000000347335.jpg,MEDIUM,onnx_cuda,False,0,0,0,False,False,32,5
000000347370.jpg,MEDIUM,onnx_cuda,False,0,0,1,True,False,5,2
000000347456.jpg,MEDIUM,onnx_cuda,False,0,0,0,False,False,20,2
000000347544.jpg,MEDIUM,onnx_cuda,False,0,0,0,False,False,10,2
000000347664.jpg,MEDIUM,onnx_cuda,False,0,0,0,False,False,52,13
000000347693.jpg,MEDIUM,onnx_cuda,False,0,0,0,False,False,23,2
000000347930.jpg,MEDIUM,onnx_cuda,False,0,0,0,False,False,33,3
000000348012.jpg,MEDIUM,onnx_cuda,False,0,0,0,False,False,10,1
000000348045.jpg,MEDIUM,onnx_cuda,False,0,0,0,False,False,30,3
000000348216.jpg,MEDIUM,onnx_cuda,False,0,0,0,False,False,67,8
000000348243.jpg,MEDIUM,onnx_cuda,False,0,0,0,False,False,10,2
000000348481.jpg,MEDIUM,onnx_cuda,False,0,0,0,False,False,61,6
000000348488.jpg,MEDIUM,onnx_cuda,False,0,0,0,False,False,6,5
000000348708.jpg,MEDIUM,onnx_cuda,False,0,0,0,False,False,29,3
000000348881.jpg,MEDIUM,onnx_cuda,False,1,8,1,True,True,26,5
000000349152.jpg,MEDIUM,onnx_cuda,False,0,0,0,False,False,160,15
000000349184.jpg,MEDIUM,onnx_cuda,False,6,39,1,True,True,55,9
000000349302.jpg,MEDIUM,onnx_cuda,False,0,0,0,False,False,20,2
000000349480.jpg,MEDIUM,onnx_cuda,False,0,0,0,False,False,87,17
000000349594.jpg,MEDIUM,onnx_cuda,False,1,9,0,True,True,20,2
000000349678.jpg,MEDIUM,onnx_cuda,False,0,0,0,False,False,10,1
000000349837.jpg,MEDIUM,onnx_cuda,False,0,0,0,False,False,72,6
000000349860.jpg,MEDIUM,onnx_cuda,False,3,19,0,True,True,32,8
000000350002.jpg,MEDIUM,onnx_cuda,False,1,9,0,True,True,10,2
000000350003.jpg,MEDIUM,onnx_cuda,False,2,17,1,True,True,40,6
000000350019.jpg,MEDIUM,onnx_cuda,False,1,9,0,True,True,20,2
000000350023.jpg,MEDIUM,onnx_cuda,False,3,13,5,True,True,119,25
000000350054.jpg,MEDIUM,onnx_cuda,False,0,0,0,False,False,25,5
000000350122.jpg,MEDIUM,onnx_cuda,False,13,132,2,True,True,194,31
000000350148.jpg,MEDIUM,onnx_cuda,False,4,36,0,True,True,125,20
000000350388.jpg,MEDIUM,onnx_cuda,False,0,0,0,False,False,28,5
000000350405.jpg,MEDIUM,onnx_cuda,False,2,18,0,True,True,29,3
000000350488.jpg,MEDIUM,onnx_cuda,False,0,0,0,False,False,17,1
000000350607.jpg,MEDIUM,onnx_cuda,False,0,0,0,False,False,9,1
000000350679.jpg,MEDIUM,onnx_cuda,False,9,89,1,True,True,141,26
000000350833.jpg,MEDIUM,onnx_cuda,False,0,0,0,False,False,20,2
000000351096.jpg,MEDIUM,onnx_cuda,False,0,0,1,True,False,11,2
000000351331.jpg,MEDIUM,onnx_cuda,False,0,0,0,False,False,25,3
000000351362.jpg,MEDIUM,onnx_cuda,False,0,0,0,False,False,31,4
000000351530.jpg,MEDIUM,onnx_cuda,False,3,46,2,True,True,87,23
000000351559.jpg,MEDIUM,onnx_cuda,False,0,0,0,False,False,10,1
000000351589.jpg,MEDIUM,onnx_cuda,False,0,0,0,False,False,20,3
000000351609.jpg,MEDIUM,onnx_cuda,False,0,0,0,False,False,20,4
000000351810.jpg,MEDIUM,onnx_cuda,False,3,38,2,True,True,83,17
000000351823.jpg,MEDIUM,onnx_cuda,False,1,9,0,True,True,30,2
000000352491.jpg,MEDIUM,onnx_cuda,False,2,2,3,True,True,15,6
000000352582.jpg,MEDIUM,onnx_cuda,False,2,18,0,True,True,30,3
000000352584.jpg,MEDIUM,onnx_cuda,False,0,0,0,False,False,0,1
000000352618.jpg,MEDIUM,onnx_cuda,False,0,0,0,False,False,27,4
000000352684.jpg,MEDIUM,onnx_cuda,False,9,80,0,True,True,99,10
000000352760.jpg,MEDIUM,onnx_cuda,False,1,9,0,True,True,20,2
000000352900.jpg,MEDIUM,onnx_cuda,False,0,0,0,False,False,65,9
000000353027.jpg,MEDIUM,onnx_cuda,False,1,17,0,True,True,18,3
000000353051.jpg,MEDIUM,onnx_cuda,False,1,9,0,True,True,21,2
000000353096.jpg,MEDIUM,onnx_cuda,False,0,0,0,False,False,28,3
000000353180.jpg,MEDIUM,onnx_cuda,False,9,88,1,True,True,104,12
000000353518.jpg,MEDIUM,onnx_cuda,False,0,0,2,True,False,51,9
000000353970.jpg,MEDIUM,onnx_cuda,False,0,0,0,False,False,21,2
000000354072.jpg,MEDIUM,onnx_cuda,False,0,0,0,False,False,30,3
000000354307.jpg,MEDIUM,onnx_cuda,False,0,0,1,True,False,3,1
000000354547.jpg,MEDIUM,onnx_cuda,False,1,9,1,True,True,18,3
000000354753.jpg,MEDIUM,onnx_cuda,False,0,0,0,False,False,2,9
000000354829.jpg,MEDIUM,onnx_cuda,False,0,0,0,False,False,19,2
000000355169.jpg,MEDIUM,onnx_cuda,False,0,0,0,False,False,11,1
000000355240.jpg,MEDIUM,onnx_cuda,False,0,0,0,False,False,13,4
000000355257.jpg,MEDIUM,onnx_cuda,False,1,5,0,True,True,32,3
000000355325.jpg,MEDIUM,onnx_cuda,False,0,12,1,True,True,69,11
000000355610.jpg,MEDIUM,onnx_cuda,False,0,0,0,False,False,20,1
000000355677.jpg,MEDIUM,onnx_cuda,False,0,0,0,False,False,12,1
000000355817.jpg,MEDIUM,onnx_cuda,False,1,9,1,True,True,20,3
000000355905.jpg,MEDIUM,onnx_cuda,False,0,0,0,False,False,10,1
000000356094.jpg,MEDIUM,onnx_cuda,False,2,18,0,True,True,39,4
000000356125.jpg,MEDIUM,onnx_cuda,False,1,9,0,True,True,33,3
000000356169.jpg,MEDIUM,onnx_cuda,False,0,0,0,False,False,32,11
000000356248.jpg,MEDIUM,onnx_cuda,False,4,34,0,True,True,143,22
000000356261.jpg,MEDIUM,onnx_cuda,False,0,0,0,False,False,10,2
000000356347.jpg,MEDIUM,onnx_cuda,False,0,0,0,False,False,28,3
000000356387.jpg,MEDIUM,onnx_cuda,False,13,76,6,True,True,91,20
000000356424.jpg,MEDIUM,onnx_cuda,False,3,36,0,True,True,101,10
000000356427.jpg,MEDIUM,onnx_cuda,False,1,9,0,True,True,55,8
000000356428.jpg,MEDIUM,onnx_cuda,False,3,44,1,True,True,57,13
000000356432.jpg,MEDIUM,onnx_cuda,False,0,2,0,False,True,44,5
000000356498.jpg,MEDIUM,onnx_cuda,False,0,0,0,False,False,5,2
000000356505.jpg,MEDIUM,onnx_cuda,False,1,9,0,True,True,20,2
000000356531.jpg,MEDIUM,onnx_cuda,False,1,9,0,True,True,54,8
000000356612.jpg,MEDIUM,onnx_cuda,False,4,36,4,True,True,139,21
000000356968.jpg,MEDIUM,onnx_cuda,False,0,0,0,False,False,10,1
000000357060.jpg,MEDIUM,onnx_cuda,False,0,0,0,False,False,10,1
000000357081.jpg,MEDIUM,onnx_cuda,False,0,0,0,False,False,21,2
000000357238.jpg,MEDIUM,onnx_cuda,False,1,3,0,True,True,14,2
000000357430.jpg,MEDIUM,onnx_cuda,False,0,0,0,False,False,1,1
000000357459.jpg,MEDIUM,onnx_cuda,False,0,0,1,True,False,20,3
000000357501.jpg,MEDIUM,onnx_cuda,False,0,0,0,False,False,0,1
000000357567.jpg,MEDIUM,onnx_cuda,False,0,0,0,False,False,30,2
000000357737.jpg,MEDIUM,onnx_cuda,False,4,32,3,True,True,63,11
000000357742.jpg,MEDIUM,onnx_cuda,False,1,9,0,True,True,26,2
000000357748.jpg,MEDIUM,onnx_cuda,False,3,23,1,True,True,36,5
000000357816.jpg,MEDIUM,onnx_cuda,False,4,37,0,True,True,74,10
000000357888.jpg,MEDIUM,onnx_cuda,False,1,9,0,True,True,51,35
000000357903.jpg,MEDIUM,onnx_cuda,False,0,0,0,False,False,14,2
000000357941.jpg,MEDIUM,onnx_cuda,False,0,0,0,False,False,42,3
000000357978.jpg,MEDIUM,onnx_cuda,False,4,34,1,True,True,49,14
000000358195.jpg,MEDIUM,onnx_cuda,False,1,9,0,True,True,22,2
000000358427.jpg,MEDIUM,onnx_cuda,False,0,0,0,False,False,11,3
000000358525.jpg,MEDIUM,onnx_cuda,False,1,9,0,True,True,41,4
000000358923.jpg,MEDIUM,onnx_cuda,False,2,42,2,True,True,63,6
000000359135.jpg,MEDIUM,onnx_cuda,False,0,0,0,False,False,20,2
000000359219.jpg,MEDIUM,onnx_cuda,False,0,0,0,False,False,30,5
000000359540.jpg,MEDIUM,onnx_cuda,False,4,36,1,True,True,69,9
000000359677.jpg,MEDIUM,onnx_cuda,False,1,7,0,True,True,19,2
000000359781.jpg,MEDIUM,onnx_cuda,False,0,0,0,False,False,10,1
000000359833.jpg,MEDIUM,onnx_cuda,False,1,9,0,True,True,19,10
000000359855.jpg,MEDIUM,onnx_cuda,False,0,0,0,False,False,10,1
000000359937.jpg,MEDIUM,onnx_cuda,False,0,0,0,False,False,20,2
000000360097.jpg,MEDIUM,onnx_cuda,False,0,0,1,True,False,31,14
000000360137.jpg,MEDIUM,onnx_cuda,False,1,9,0,True,True,30,3
000000360325.jpg,MEDIUM,onnx_cuda,False,0,0,0,False,False,80,13
000000360393.jpg,MEDIUM,onnx_cuda,False,0,0,0,False,False,29,3
000000360564.jpg,MEDIUM,onnx_cuda,False,0,0,0,False,False,24,2
000000360661.jpg,MEDIUM,onnx_cuda,False,4,37,0,True,True,71,7
000000360943.jpg,MEDIUM,onnx_cuda,False,0,0,0,False,False,10,1
000000360951.jpg,MEDIUM,onnx_cuda,False,0,0,0,False,False,79,7
000000360960.jpg,MEDIUM,onnx_cuda,False,5,43,0,True,True,58,6
000000361103.jpg,MEDIUM,onnx_cuda,False,12,113,3,True,True,172,26
000000361142.jpg,MEDIUM,onnx_cuda,False,1,5,2,True,True,93,16
000000361147.jpg,MEDIUM,onnx_cuda,False,7,63,2,True,True,100,15
000000361180.jpg,MEDIUM,onnx_cuda,False,0,0,0,False,False,10,1
000000361238.jpg,MEDIUM,onnx_cuda,False,2,26,0,True,True,73,10
000000361268.jpg,MEDIUM,onnx_cuda,False,0,0,0,False,False,10,1
000000361506.jpg,MEDIUM,onnx_cuda,False,1,9,0,True,True,26,4
000000361551.jpg,MEDIUM,onnx_cuda,False,5,42,0,True,True,130,17
000000361571.jpg,MEDIUM,onnx_cuda,False,0,0,0,False,False,0,1
000000361586.jpg,MEDIUM,onnx_cuda,False,1,66,3,True,True,122,18
000000361621.jpg,MEDIUM,onnx_cuda,False,0,0,0,False,False,10,2
000000361730.jpg,MEDIUM,onnx_cuda,False,11,94,2,True,True,182,29
000000361919.jpg,MEDIUM,onnx_cuda,False,12,86,1,True,True,101,21
000000362434.jpg,MEDIUM,onnx_cuda,False,0,0,0,False,False,10,2
000000362520.jpg,MEDIUM,onnx_cuda,False,1,9,0,True,True,20,2
000000362682.jpg,MEDIUM,onnx_cuda,False,1,8,1,True,True,39,5
000000362716.jpg,MEDIUM,onnx_cuda,False,1,9,0,True,True,29,3
000000363072.jpg,MEDIUM,onnx_cuda,False,0,0,0,False,False,10,1
000000363188.jpg,MEDIUM,onnx_cuda,False,11,84,2,True,True,119,18
000000363207.jpg,MEDIUM,onnx_cuda,False,6,73,0,True,True,149,14
000000363461.jpg,MEDIUM,onnx_cuda,False,0,0,0,False,False,86,6
000000363666.jpg,MEDIUM,onnx_cuda,False,6,54,0,True,True,239,40
000000363784.jpg,MEDIUM,onnx_cuda,False,0,0,0,False,False,10,3
000000363840.jpg,MEDIUM,onnx_cuda,False,0,0,1,True,False,76,12
000000363875.jpg,MEDIUM,onnx_cuda,False,2,22,0,True,True,24,3
000000364102.jpg,MEDIUM,onnx_cuda,False,1,9,0,True,True,20,2
000000364126.jpg,MEDIUM,onnx_cuda,False,1,9,0,True,True,20,2
000000364166.jpg,MEDIUM,onnx_cuda,False,0,0,0,False,False,20,2
000000364297.jpg,MEDIUM,onnx_cuda,False,0,0,0,False,False,33,3
000000364322.jpg,MEDIUM,onnx_cuda,False,0,0,0,False,False,163,15
000000364557.jpg,MEDIUM,onnx_cuda,False,2,20,0,True,True,42,4
000000364587.jpg,MEDIUM,onnx_cuda,False,0,0,0,False,False,10,1
000000364636.jpg,MEDIUM,onnx_cuda,False,0,0,0,False,False,11,2
000000364884.jpg,MEDIUM,onnx_cuda,False,5,54,8,True,True,59,14
000000365095.jpg,MEDIUM,onnx_cuda,False,1,9,0,True,True,20,2
000000365098.jpg,MEDIUM,onnx_cuda,False,0,0,0,False,False,10,1
000000365207.jpg,MEDIUM,onnx_cuda,False,0,0,0,False,False,36,5
000000365208.jpg,MEDIUM,onnx_cuda,False,1,9,0,True,True,27,4
000000365385.jpg,MEDIUM,onnx_cuda,False,0,0,0,False,False,31,6
000000365387.jpg,MEDIUM,onnx_cuda,False,0,0,0,False,False,29,4
000000365521.jpg,MEDIUM,onnx_cuda,False,12,90,1,True,True,114,14
000000365642.jpg,MEDIUM,onnx_cuda,False,1,9,0,True,True,78,7
000000365655.jpg,MEDIUM,onnx_cuda,False,1,6,0,True,True,17,2
000000365745.jpg,MEDIUM,onnx_cuda,False,2,22,0,True,True,55,8
000000365766.jpg,MEDIUM,onnx_cuda,False,0,0,0,False,False,29,3
000000365886.jpg,MEDIUM,onnx_cuda,False,1,9,0,True,True,20,2
000000366141.jpg,MEDIUM,onnx_cuda,False,0,0,0,False,False,38,4
000000366178.jpg,MEDIUM,onnx_cuda,False,0,0,0,False,False,27,3
000000366199.jpg,MEDIUM,onnx_cuda,False,0,0,0,False,False,20,2
000000366225.jpg,MEDIUM,onnx_cuda,False,0,0,0,False,False,41,4
000000366611.jpg,MEDIUM,onnx_cuda,False,0,0,0,False,False,20,2
000000366711.jpg,MEDIUM,onnx_cuda,False,1,9,0,True,True,10,14
000000366884.jpg,MEDIUM,onnx_cuda,False,1,9,0,True,True,41,16
000000367082.jpg,MEDIUM,onnx_cuda,False,0,0,0,False,False,15,3
000000367095.jpg,MEDIUM,onnx_cuda,False,4,27,1,True,True,168,25
000000367195.jpg,MEDIUM,onnx_cuda,False,1,1,0,True,True,32,3
000000367228.jpg,MEDIUM,onnx_cuda,False,1,9,0,True,True,20,2
000000367386.jpg,MEDIUM,onnx_cuda,False,0,0,0,False,False,116,19
000000367569.jpg,MEDIUM,onnx_cuda,False,0,0,0,False,False,37,5
000000367680.jpg,MEDIUM,onnx_cuda,False,4,30,5,True,True,85,14
000000367818.jpg,MEDIUM,onnx_cuda,False,1,9,0,True,True,20,2
000000368038.jpg,MEDIUM,onnx_cuda,False,0,0,0,False,False,10,1
000000368212.jpg,MEDIUM,onnx_cuda,False,1,9,0,True,True,29,3
000000368294.jpg,MEDIUM,onnx_cuda,False,1,9,0,True,True,10,2
000000368335.jpg,MEDIUM,onnx_cuda,False,0,0,0,False,False,42,6
000000368456.jpg,MEDIUM,onnx_cuda,False,0,0,0,False,False,10,1
000000368684.jpg,MEDIUM,onnx_cuda,False,0,0,0,False,False,30,11
000000368752.jpg,MEDIUM,onnx_cuda,False,2,18,1,True,True,77,9
000000368900.jpg,MEDIUM,onnx_cuda,False,0,0,0,False,False,25,6
000000368940.jpg,MEDIUM,onnx_cuda,False,0,0,0,False,False,20,1
000000368961.jpg,MEDIUM,onnx_cuda,False,2,18,0,True,True,50,5
000000368982.jpg,MEDIUM,onnx_cuda,False,0,0,0,False,False,11,1
000000369037.jpg,MEDIUM,onnx_cuda,False,1,9,0,True,True,28,4
000000369081.jpg,MEDIUM,onnx_cuda,False,0,0,0,False,False,30,3
000000369310.jpg,MEDIUM,onnx_cuda,False,1,9,0,True,True,50,9
000000369323.jpg,MEDIUM,onnx_cuda,False,2,26,1,True,True,38,5
000000369370.jpg,MEDIUM,onnx_cuda,False,0,0,0,False,False,23,7
000000369442.jpg,MEDIUM,onnx_cuda,False,12,122,0,True,True,174,24
000000369503.jpg,MEDIUM,onnx_cuda,False,1,9,0,True,True,30,2
000000369541.jpg,MEDIUM,onnx_cuda,False,3,25,2,True,True,55,7
000000369675.jpg,MEDIUM,onnx_cuda,False,3,5,3,True,True,18,8
000000369751.jpg,MEDIUM,onnx_cuda,False,0,0,0,False,False,79,10
000000369757.jpg,MEDIUM,onnx_cuda,False,0,0,0,False,False,59,5
000000369771.jpg,MEDIUM,onnx_cuda,False,0,0,0,False,False,39,10
000000369812.jpg,MEDIUM,onnx_cuda,False,3,6,4,True,True,50,18
000000370042.jpg,MEDIUM,onnx_cuda,False,0,0,0,False,False,165,13
000000370208.jpg,MEDIUM,onnx_cuda,False,2,18,0,True,True,32,4
000000370270.jpg,MEDIUM,onnx_cuda,False,3,26,0,True,True,31,9
000000370375.jpg,MEDIUM,onnx_cuda,False,1,9,0,True,True,20,3
000000370478.jpg,MEDIUM,onnx_cuda,False,0,0,0,False,False,39,12
000000370486.jpg,MEDIUM,onnx_cuda,False,8,96,5,True,True,124,19
000000370677.jpg,MEDIUM,onnx_cuda,False,3,27,0,True,True,30,15
000000370711.jpg,MEDIUM,onnx_cuda,False,0,0,1,True,False,122,14
000000370813.jpg,MEDIUM,onnx_cuda,False,1,8,0,True,True,19,2
000000370818.jpg,MEDIUM,onnx_cuda,False,0,0,0,False,False,15,3
000000370900.jpg,MEDIUM,onnx_cuda,False,0,0,0,False,False,31,4
000000370999.jpg,MEDIUM,onnx_cuda,False,0,0,0,False,False,30,0
000000371042.jpg,MEDIUM,onnx_cuda,False,3,30,0,True,True,64,9
000000371472.jpg,MEDIUM,onnx_cuda,False,0,7,0,False,True,34,11
000000371529.jpg,MEDIUM,onnx_cuda,False,1,9,0,True,True,24,4
000000371552.jpg,MEDIUM,onnx_cuda,False,5,44,1,True,True,63,10
000000371677.jpg,MEDIUM,onnx_cuda,False,0,0,0,False,False,97,9
000000371699.jpg,MEDIUM,onnx_cuda,False,1,19,0,True,True,78,18
000000371749.jpg,MEDIUM,onnx_cuda,False,2,22,0,True,True,81,7
000000372203.jpg,MEDIUM,onnx_cuda,False,0,0,0,False,False,22,2
000000372260.jpg,MEDIUM,onnx_cuda,False,0,0,0,False,False,89,12
000000372307.jpg,MEDIUM,onnx_cuda,False,0,0,0,False,False,10,1
000000372317.jpg,MEDIUM,onnx_cuda,False,0,0,0,False,False,14,2
000000372349.jpg,MEDIUM,onnx_cuda,False,2,18,0,True,True,20,5
000000372466.jpg,MEDIUM,onnx_cuda,False,0,7,0,False,True,47,7
000000372577.jpg,MEDIUM,onnx_cuda,False,2,18,0,True,True,30,3
000000372718.jpg,MEDIUM,onnx_cuda,False,0,0,0,False,False,19,1
000000372819.jpg,MEDIUM,onnx_cuda,False,2,19,0,True,True,69,8
000000373315.jpg,MEDIUM,onnx_cuda,False,1,9,0,True,True,19,2
000000373353.jpg,MEDIUM,onnx_cuda,False,7,45,5,True,True,199,34
000000373382.jpg,MEDIUM,onnx_cuda,False,9,78,4,True,True,97,15
000000373705.jpg,MEDIUM,onnx_cuda,False,4,35,2,True,True,49,7
000000374052.jpg,MEDIUM,onnx_cuda,False,3,24,2,True,True,162,19
000000374083.jpg,MEDIUM,onnx_cuda,False,2,18,0,True,True,65,8
000000374369.jpg,MEDIUM,onnx_cuda,False,1,9,0,True,True,18,2
000000374545.jpg,MEDIUM,onnx_cuda,False,7,26,7,True,True,41,15
000000374551.jpg,MEDIUM,onnx_cuda,False,0,0,0,False,False,10,1
000000374727.jpg,MEDIUM,onnx_cuda,False,0,0,0,False,False,0,0
000000374982.jpg,MEDIUM,onnx_cuda,False,2,18,0,True,True,107,13
000000375015.jpg,MEDIUM,onnx_cuda,False,0,0,0,False,False,10,1
000000375078.jpg,MEDIUM,onnx_cuda,False,0,0,0,False,False,13,2
000000375278.jpg,MEDIUM,onnx_cuda,False,0,0,1,True,False,35,6
000000375430.jpg,MEDIUM,onnx_cuda,False,0,0,0,False,False,40,4
000000375469.jpg,MEDIUM,onnx_cuda,False,2,17,0,True,True,30,4
000000375493.jpg,MEDIUM,onnx_cuda,False,1,9,0,True,True,49,7
000000375763.jpg,MEDIUM,onnx_cuda,False,0,0,0,False,False,109,12
000000376093.jpg,MEDIUM,onnx_cuda,False,5,45,0,True,True,124,13
000000376112.jpg,MEDIUM,onnx_cuda,False,9,100,4,True,True,140,22
000000376206.jpg,MEDIUM,onnx_cuda,False,1,9,0,True,True,19,2
000000376264.jpg,MEDIUM,onnx_cuda,False,0,0,0,False,False,40,9
000000376278.jpg,MEDIUM,onnx_cuda,False,0,0,0,False,False,30,3
000000376284.jpg,MEDIUM,onnx_cuda,False,0,0,0,False,False,79,9
000000376307.jpg,MEDIUM,onnx_cuda,False,2,18,1,True,True,28,27
000000376310.jpg,MEDIUM,onnx_cuda,False,0,0,0,False,False,46,4
000000376322.jpg,MEDIUM,onnx_cuda,False,9,112,4,True,True,263,42
000000376365.jpg,MEDIUM,onnx_cuda,False,1,9,0,True,True,20,7
000000376442.jpg,MEDIUM,onnx_cuda,False,0,0,0,False,False,16,2
000000376478.jpg,MEDIUM,onnx_cuda,False,0,0,0,False,False,21,1
000000376625.jpg,MEDIUM,onnx_cuda,False,9,63,3,True,True,106,17
000000376856.jpg,MEDIUM,onnx_cuda,False,0,0,0,False,False,10,1
000000376900.jpg,MEDIUM,onnx_cuda,False,8,74,5,True,True,92,14
000000377000.jpg,MEDIUM,onnx_cuda,False,0,0,0,False,False,10,1
000000377113.jpg,MEDIUM,onnx_cuda,False,8,96,1,True,True,112,10
000000377239.jpg,MEDIUM,onnx_cuda,False,3,37,0,True,True,64,6
000000377368.jpg,MEDIUM,onnx_cuda,False,1,9,0,True,True,60,9
000000377393.jpg,MEDIUM,onnx_cuda,False,1,1,9,True,True,18,15
000000377486.jpg,MEDIUM,onnx_cuda,False,2,19,4,True,True,48,9
000000377497.jpg,MEDIUM,onnx_cuda,False,0,0,0,False,False,10,1
000000377575.jpg,MEDIUM,onnx_cuda,False,0,0,0,False,False,19,2
000000377588.jpg,MEDIUM,onnx_cuda,False,6,51,0,True,True,77,10
000000377635.jpg,MEDIUM,onnx_cuda,False,3,12,1,True,True,24,6
000000377670.jpg,MEDIUM,onnx_cuda,False,0,0,0,False,False,10,3
000000377723.jpg,MEDIUM,onnx_cuda,False,13,88,0,True,True,114,20
000000377814.jpg,MEDIUM,onnx_cuda,False,0,0,0,False,False,53,6
000000377882.jpg,MEDIUM,onnx_cuda,False,0,0,0,False,False,12,14
000000377946.jpg,MEDIUM,onnx_cuda,False,6,35,2,True,True,99,20
000000378099.jpg,MEDIUM,onnx_cuda,False,0,0,0,False,False,20,2
000000378116.jpg,MEDIUM,onnx_cuda,False,1,9,0,True,True,19,2
000000378139.jpg,MEDIUM,onnx_cuda,False,0,14,9,True,True,55,17
000000378244.jpg,MEDIUM,onnx_cuda,False,1,9,0,True,True,17,3
000000378284.jpg,MEDIUM,onnx_cuda,False,1,9,1,True,True,48,7
000000378453.jpg,MEDIUM,onnx_cuda,False,0,0,0,False,False,123,13
000000378454.jpg,MEDIUM,onnx_cuda,False,1,9,0,True,True,21,2
000000378515.jpg,MEDIUM,onnx_cuda,False,9,91,1,True,True,124,23
000000378605.jpg,MEDIUM,onnx_cuda,False,0,0,0,False,False,26,4
000000378673.jpg,MEDIUM,onnx_cuda,False,6,86,7,True,True,118,19
000000378873.jpg,MEDIUM,onnx_cuda,False,6,68,1,True,True,84,23
000000379332.jpg,MEDIUM,onnx_cuda,False,3,27,0,True,True,47,5
000000379441.jpg,MEDIUM,onnx_cuda,False,0,0,0,False,False,38,19
000000379453.jpg,MEDIUM,onnx_cuda,False,0,0,0,False,False,10,1
000000379476.jpg,MEDIUM,onnx_cuda,False,0,0,0,False,False,79,23
000000379533.jpg,MEDIUM,onnx_cuda,False,0,0,0,False,False,30,3
000000379800.jpg,MEDIUM,onnx_cuda,False,0,0,0,False,False,36,7
000000379842.jpg,MEDIUM,onnx_cuda,False,0,0,0,False,False,25,4
000000380203.jpg,MEDIUM,onnx_cuda,False,0,0,0,False,False,11,1
000000380706.jpg,MEDIUM,onnx_cuda,False,4,35,1,True,True,70,9
000000380711.jpg,MEDIUM,onnx_cuda,False,1,9,0,True,True,19,2
000000380913.jpg,MEDIUM,onnx_cuda,False,6,55,0,True,True,114,14
000000381360.jpg,MEDIUM,onnx_cuda,False,1,9,0,True,True,20,2
000000381587.jpg,MEDIUM,onnx_cuda,False,2,11,2,True,True,351,30
000000381639.jpg,MEDIUM,onnx_cuda,False,6,51,3,True,True,68,15
000000381971.jpg,MEDIUM,onnx_cuda,False,5,35,2,True,True,76,16
000000382009.jpg,MEDIUM,onnx_cuda,False,1,9,0,True,True,33,4
000000382030.jpg,MEDIUM,onnx_cuda,False,0,1,0,False,True,26,4
000000382088.jpg,MEDIUM,onnx_cuda,False,0,0,0,False,False,10,1
000000382111.jpg,MEDIUM,onnx_cuda,False,2,19,0,True,True,80,14
000000382122.jpg,MEDIUM,onnx_cuda,False,0,0,0,False,False,10,1
000000382125.jpg,MEDIUM,onnx_cuda,False,7,66,2,True,True,179,27
000000382696.jpg,MEDIUM,onnx_cuda,False,0,0,0,False,False,24,3
000000382734.jpg,MEDIUM,onnx_cuda,False,0,0,0,False,False,2,0
000000382743.jpg,MEDIUM,onnx_cuda,False,0,0,0,False,False,41,8
000000383289.jpg,MEDIUM,onnx_cuda,False,1,9,0,True,True,37,6
000000383337.jpg,MEDIUM,onnx_cuda,False,1,14,1,True,True,23,11
000000383339.jpg,MEDIUM,onnx_cuda,False,1,9,0,True,True,10,2
000000383384.jpg,MEDIUM,onnx_cuda,False,6,60,3,True,True,76,12
000000383386.jpg,MEDIUM,onnx_cuda,False,0,0,0,False,False,36,4
000000383443.jpg,MEDIUM,onnx_cuda,False,0,0,0,False,False,24,4
000000383606.jpg,MEDIUM,onnx_cuda,False,1,9,0,True,True,32,4
000000383621.jpg,MEDIUM,onnx_cuda,False,0,0,0,False,False,10,1
000000383676.jpg,MEDIUM,onnx_cuda,False,0,0,0,False,False,20,2
000000383838.jpg,MEDIUM,onnx_cuda,False,2,18,0,True,True,27,4
000000383842.jpg,MEDIUM,onnx_cuda,False,6,66,4,True,True,127,16
000000383921.jpg,MEDIUM,onnx_cuda,False,0,0,0,False,False,136,10
000000384136.jpg,MEDIUM,onnx_cuda,False,1,9,0,True,True,10,2
000000384350.jpg,MEDIUM,onnx_cuda,False,0,0,0,False,False,14,2
000000384468.jpg,MEDIUM,onnx_cuda,False,4,37,0,True,True,61,6
000000384513.jpg,MEDIUM,onnx_cuda,False,0,0,0,False,False,10,1
000000384527.jpg,MEDIUM,onnx_cuda,False,1,7,0,True,True,111,26
000000384616.jpg,MEDIUM,onnx_cuda,False,0,0,0,False,False,10,1
000000384651.jpg,MEDIUM,onnx_cuda,False,0,0,0,False,False,10,2
000000384661.jpg,MEDIUM,onnx_cuda,False,0,0,0,False,False,47,7
000000384666.jpg,MEDIUM,onnx_cuda,False,7,54,2,True,True,61,14
000000384670.jpg,MEDIUM,onnx_cuda,False,2,18,0,True,True,30,4
000000384808.jpg,MEDIUM,onnx_cuda,False,1,9,0,True,True,74,7
000000384850.jpg,MEDIUM,onnx_cuda,False,0,0,0,False,False,30,1
000000384949.jpg,MEDIUM,onnx_cuda,False,0,0,0,False,False,34,14
000000385029.jpg,MEDIUM,onnx_cuda,False,1,9,0,True,True,102,10
000000385190.jpg,MEDIUM,onnx_cuda,False,3,42,0,True,True,45,5
000000385205.jpg,MEDIUM,onnx_cuda,False,0,0,0,False,False,10,2
000000385719.jpg,MEDIUM,onnx_cuda,False,0,0,0,False,False,86,17
000000385997.jpg,MEDIUM,onnx_cuda,False,0,0,0,False,False,40,9
000000386134.jpg,MEDIUM,onnx_cuda,False,0,0,0,False,False,6,1
000000386210.jpg,MEDIUM,onnx_cuda,False,0,0,0,False,False,20,15
000000386277.jpg,MEDIUM,onnx_cuda,False,0,0,0,False,False,0,1
000000386352.jpg,MEDIUM,onnx_cuda,False,9,91,2,True,True,114,13
000000386457.jpg,MEDIUM,onnx_cuda,False,0,0,0,False,False,10,1
000000386879.jpg,MEDIUM,onnx_cuda,False,1,9,0,True,True,30,2
000000386912.jpg,MEDIUM,onnx_cuda,False,1,9,0,True,True,64,17
000000387098.jpg,MEDIUM,onnx_cuda,False,0,10,0,False,True,107,24
000000387148.jpg,MEDIUM,onnx_cuda,False,0,0,0,False,False,77,14
000000387383.jpg,MEDIUM,onnx_cuda,False,0,0,0,False,False,40,2
000000387387.jpg,MEDIUM,onnx_cuda,False,0,12,0,False,True,22,1
000000387916.jpg,MEDIUM,onnx_cuda,False,11,83,1,True,True,123,20
000000388056.jpg,MEDIUM,onnx_cuda,False,7,72,3,True,True,100,12
000000388215.jpg,MEDIUM,onnx_cuda,False,1,9,0,True,True,22,3
000000388258.jpg,MEDIUM,onnx_cuda,False,1,9,0,True,True,31,4
000000388846.jpg,MEDIUM,onnx_cuda,False,5,33,8,True,True,202,31
000000388903.jpg,MEDIUM,onnx_cuda,False,2,25,2,True,True,27,9
000000388927.jpg,MEDIUM,onnx_cuda,False,2,18,1,True,True,30,4
000000389109.jpg,MEDIUM,onnx_cuda,False,5,43,1,True,True,131,17
000000389197.jpg,MEDIUM,onnx_cuda,False,5,49,5,True,True,64,11
000000389315.jpg,MEDIUM,onnx_cuda,False,0,0,0,False,False,54,14
000000389316.jpg,MEDIUM,onnx_cuda,False,0,9,1,True,True,29,3
000000389381.jpg,MEDIUM,onnx_cuda,False,0,0,0,False,False,23,6
000000389451.jpg,MEDIUM,onnx_cuda,False,4,14,8,True,True,68,17
000000389532.jpg,MEDIUM,onnx_cuda,False,1,9,0,True,True,30,4
000000389566.jpg,MEDIUM,onnx_cuda,False,0,0,0,False,False,114,14
000000389684.jpg,MEDIUM,onnx_cuda,False,1,9,0,True,True,20,2
000000389804.jpg,MEDIUM,onnx_cuda,False,0,0,0,False,False,22,2
000000389812.jpg,MEDIUM,onnx_cuda,False,1,9,0,True,True,20,4
000000389933.jpg,MEDIUM,onnx_cuda,False,0,0,0,False,False,15,2
000000390246.jpg,MEDIUM,onnx_cuda,False,1,9,0,True,True,18,2
000000390301.jpg,MEDIUM,onnx_cuda,False,0,0,0,False,False,10,1
000000390555.jpg,MEDIUM,onnx_cuda,False,13,211,0,True,True,251,25
000000390826.jpg,MEDIUM,onnx_cuda,False,1,9,0,True,True,27,3
000000390902.jpg,MEDIUM,onnx_cuda,False,2,18,0,True,True,30,3
000000391140.jpg,MEDIUM,onnx_cuda,False,1,9,0,True,True,34,3
000000391144.jpg,MEDIUM,onnx_cuda,False,0,0,0,False,False,61,6
000000391290.jpg,MEDIUM,onnx_cuda,False,3,42,0,True,True,70,6
000000391375.jpg,MEDIUM,onnx_cuda,False,1,9,0,True,True,20,2
000000391648.jpg,MEDIUM,onnx_cuda,False,0,0,0,False,False,13,1
000000391722.jpg,MEDIUM,onnx_cuda,False,4,41,1,True,True,73,9
000000392228.jpg,MEDIUM,onnx_cuda,False,0,0,0,False,False,10,1
000000392481.jpg,MEDIUM,onnx_cuda,False,0,0,0,False,False,10,1
000000392722.jpg,MEDIUM,onnx_cuda,False,6,39,0,True,True,103,15
000000392818.jpg,MEDIUM,onnx_cuda,False,0,0,0,False,False,19,1
000000392933.jpg,MEDIUM,onnx_cuda,False,0,0,0,False,False,10,1
000000393014.jpg,MEDIUM,onnx_cuda,False,0,0,0,False,False,10,4
000000393056.jpg,MEDIUM,onnx_cuda,False,1,9,0,True,True,10,2
000000393093.jpg,MEDIUM,onnx_cuda,False,1,10,0,True,True,82,9
000000393115.jpg,MEDIUM,onnx_cuda,False,1,7,0,True,True,20,2
000000393226.jpg,MEDIUM,onnx_cuda,False,1,9,0,True,True,83,15
000000393282.jpg,MEDIUM,onnx_cuda,False,0,0,0,False,False,20,2
000000393469.jpg,MEDIUM,onnx_cuda,False,1,18,1,True,True,28,4
000000393569.jpg,MEDIUM,onnx_cuda,False,1,9,0,True,True,58,10
000000393838.jpg,MEDIUM,onnx_cuda,False,0,0,0,False,False,12,15
000000394199.jpg,MEDIUM,onnx_cuda,False,2,18,0,True,True,20,2
000000394206.jpg,MEDIUM,onnx_cuda,False,7,66,4,True,True,96,14
000000394275.jpg,MEDIUM,onnx_cuda,False,5,46,4,True,True,61,10
000000394328.jpg,MEDIUM,onnx_cuda,False,0,0,0,False,False,10,1
000000394510.jpg,MEDIUM,onnx_cuda,False,3,26,0,True,True,52,6
000000394559.jpg,MEDIUM,onnx_cuda,False,1,9,0,True,True,20,2
000000394611.jpg,MEDIUM,onnx_cuda,False,0,0,0,False,False,20,2
000000394677.jpg,MEDIUM,onnx_cuda,False,4,36,0,True,True,59,12
000000394940.jpg,MEDIUM,onnx_cuda,False,1,9,0,True,True,25,4
000000395180.jpg,MEDIUM,onnx_cuda,False,7,34,0,True,True,47,9
000000395343.jpg,MEDIUM,onnx_cuda,False,0,0,0,False,False,49,7
000000395388.jpg,MEDIUM,onnx_cuda,False,6,65,2,True,True,71,12
000000395575.jpg,MEDIUM,onnx_cuda,False,1,16,0,True,True,27,2
000000395633.jpg,MEDIUM,onnx_cuda,False,0,0,2,True,False,10,3
000000395701.jpg,MEDIUM,onnx_cuda,False,0,0,0,False,False,51,19
000000395801.jpg,MEDIUM,onnx_cuda,False,7,60,6,True,True,84,25
000000395903.jpg,MEDIUM,onnx_cuda,False,1,9,0,True,True,19,2
000000396200.jpg,MEDIUM,onnx_cuda,False,2,18,0,True,True,104,14
000000396205.jpg,MEDIUM,onnx_cuda,False,0,0,0,False,False,20,2
000000396274.jpg,MEDIUM,onnx_cuda,False,0,0,0,False,False,0,1
000000396338.jpg,MEDIUM,onnx_cuda,False,5,43,1,True,True,90,12
000000396518.jpg,MEDIUM,onnx_cuda,False,1,9,0,True,True,11,2
000000396526.jpg,MEDIUM,onnx_cuda,False,0,0,0,False,False,76,11
000000396568.jpg,MEDIUM,onnx_cuda,False,0,0,0,False,False,10,1
000000396580.jpg,MEDIUM,onnx_cuda,False,0,0,0,False,False,10,2
000000396729.jpg,MEDIUM,onnx_cuda,False,0,0,0,False,False,33,5
000000396863.jpg,MEDIUM,onnx_cuda,False,1,10,1,True,True,31,4
000000396903.jpg,MEDIUM,onnx_cuda,False,2,7,0,True,True,19,3
000000397133.jpg,MEDIUM,onnx_cuda,False,2,18,0,True,True,105,19
000000397279.jpg,MEDIUM,onnx_cuda,False,1,9,0,True,True,22,3
000000397303.jpg,MEDIUM,onnx_cuda,False,9,67,4,True,True,218,38
000000397327.jpg,MEDIUM,onnx_cuda,False,0,0,0,False,False,21,2
000000397351.jpg,MEDIUM,onnx_cuda,False,1,9,1,True,True,30,12
000000397354.jpg,MEDIUM,onnx_cuda,False,5,56,1,True,True,178,35
000000397639.jpg,MEDIUM,onnx_cuda,False,0,0,0,False,False,20,2
000000397681.jpg,MEDIUM,onnx_cuda,False,1,9,0,True,True,222,28
000000398028.jpg,MEDIUM,onnx_cuda,False,5,41,6,True,True,75,12
000000398203.jpg,MEDIUM,onnx_cuda,False,7,56,5,True,True,82,13
000000398237.jpg,MEDIUM,onnx_cuda,False,1,9,0,True,True,51,5
000000398377.jpg,MEDIUM,onnx_cuda,False,4,38,1,True,True,92,14
000000398438.jpg,MEDIUM,onnx_cuda,False,1,9,0,True,True,22,3
000000398652.jpg,MEDIUM,onnx_cuda,False,0,0,0,False,False,167,13
000000398742.jpg,MEDIUM,onnx_cuda,False,3,27,2,True,True,50,8
000000398810.jpg,MEDIUM,onnx_cuda,False,0,0,0,False,False,10,2
000000398905.jpg,MEDIUM,onnx_cuda,False,1,9,0,True,True,10,1
000000399205.jpg,MEDIUM,onnx_cuda,False,11,97,2,True,True,128,16
000000399296.jpg,MEDIUM,onnx_cuda,False,0,0,1,True,False,2,12
000000399462.jpg,MEDIUM,onnx_cuda,False,3,27,0,True,True,40,4
000000399560.jpg,MEDIUM,onnx_cuda,False,0,0,0,False,False,18,2
000000399655.jpg,MEDIUM,onnx_cuda,False,0,0,0,False,False,21,2
000000399764.jpg,MEDIUM,onnx_cuda,False,1,9,0,True,True,20,2
000000400044.jpg,MEDIUM,onnx_cuda,False,1,9,0,True,True,21,2
000000400082.jpg,MEDIUM,onnx_cuda,False,0,0,0,False,False,39,4
000000400161.jpg,MEDIUM,onnx_cuda,False,1,6,0,True,True,30,18
000000400367.jpg,MEDIUM,onnx_cuda,False,0,0,0,False,False,102,18
000000400573.jpg,MEDIUM,onnx_cuda,False,1,9,3,True,True,20,5
000000400794.jpg,MEDIUM,onnx_cuda,False,1,9,0,True,True,29,5
000000400803.jpg,MEDIUM,onnx_cuda,False,1,10,1,True,True,26,3
000000400815.jpg,MEDIUM,onnx_cuda,False,1,8,0,True,True,19,3
000000400922.jpg,MEDIUM,onnx_cuda,False,0,0,0,False,False,18,2
000000401244.jpg,MEDIUM,onnx_cuda,False,1,9,0,True,True,20,2
000000401250.jpg,MEDIUM,onnx_cuda,False,1,9,0,True,True,20,2
000000401446.jpg,MEDIUM,onnx_cuda,False,1,9,0,True,True,38,3
000000401862.jpg,MEDIUM,onnx_cuda,False,7,55,1,True,True,84,10
000000401991.jpg,MEDIUM,onnx_cuda,False,0,0,0,False,False,40,4
000000402096.jpg,MEDIUM,onnx_cuda,False,0,0,0,False,False,0,0
000000402118.jpg,MEDIUM,onnx_cuda,False,1,9,0,True,True,21,2
000000402334.jpg,MEDIUM,onnx_cuda,False,0,0,0,False,False,25,2
000000402346.jpg,MEDIUM,onnx_cuda,False,0,0,0,False,False,17,3
000000402433.jpg,MEDIUM,onnx_cuda,False,0,0,1,True,False,8,3
000000402473.jpg,MEDIUM,onnx_cuda,False,0,0,0,False,False,20,2
000000402519.jpg,MEDIUM,onnx_cuda,False,0,0,0,False,False,10,1
000000402615.jpg,MEDIUM,onnx_cuda,False,3,23,10,True,True,37,19
000000402720.jpg,MEDIUM,onnx_cuda,False,3,27,0,True,True,153,15
000000402765.jpg,MEDIUM,onnx_cuda,False,1,5,0,True,True,16,2
000000402774.jpg,MEDIUM,onnx_cuda,False,1,9,0,True,True,24,3
000000402783.jpg,MEDIUM,onnx_cuda,False,0,0,0,False,False,0,2
000000402992.jpg,MEDIUM,onnx_cuda,False,0,0,0,False,False,110,10
000000403122.jpg,MEDIUM,onnx_cuda,False,9,69,3,True,True,96,16
000000403353.jpg,MEDIUM,onnx_cuda,False,0,0,0,False,False,20,2
000000403385.jpg,MEDIUM,onnx_cuda,False,0,0,0,False,False,20,2
000000403565.jpg,MEDIUM,onnx_cuda,False,2,18,0,True,True,20,3
000000403584.jpg,MEDIUM,onnx_cuda,False,5,32,3,True,True,53,9
000000403817.jpg,MEDIUM,onnx_cuda,False,0,0,0,False,False,23,3
000000404128.jpg,MEDIUM,onnx_cuda,False,0,0,0,False,False,10,1
000000404191.jpg,MEDIUM,onnx_cuda,False,0,0,0,False,False,10,1
000000404249.jpg,MEDIUM,onnx_cuda,False,1,9,0,True,True,20,2
000000404479.jpg,MEDIUM,onnx_cuda,False,0,0,0,False,False,10,3
000000404484.jpg,MEDIUM,onnx_cuda,False,0,0,1,True,False,48,5
000000404534.jpg,MEDIUM,onnx_cuda,False,0,4,0,False,True,13,1
000000404568.jpg,MEDIUM,onnx_cuda,False,0,0,0,False,False,10,1
000000404601.jpg,MEDIUM,onnx_cuda,False,0,0,0,False,False,0,0
000000404678.jpg,MEDIUM,onnx_cuda,False,6,48,3,True,True,164,24
000000404805.jpg,MEDIUM,onnx_cuda,False,1,11,0,True,True,22,2
000000404839.jpg,MEDIUM,onnx_cuda,False,2,18,0,True,True,29,5
000000404922.jpg,MEDIUM,onnx_cuda,False,3,27,0,True,True,57,5
000000404923.jpg,MEDIUM,onnx_cuda,False,4,33,0,True,True,53,5
000000405195.jpg,MEDIUM,onnx_cuda,False,1,10,1,True,True,71,17
000000405205.jpg,MEDIUM,onnx_cuda,False,0,0,0,False,False,25,3
000000405249.jpg,MEDIUM,onnx_cuda,False,9,83,1,True,True,118,18
000000405279.jpg,MEDIUM,onnx_cuda,False,3,25,1,True,True,120,19
000000405306.jpg,MEDIUM,onnx_cuda,False,0,0,0,False,False,26,2
000000405432.jpg,MEDIUM,onnx_cuda,False,0,0,0,False,False,9,4
000000405691.jpg,MEDIUM,onnx_cuda,False,0,0,0,False,False,99,13
000000405970.jpg,MEDIUM,onnx_cuda,False,0,0,0,False,False,59,8
000000405972.jpg,MEDIUM,onnx_cuda,False,0,0,0,False,False,20,3
000000406129.jpg,MEDIUM,onnx_cuda,False,1,9,0,True,True,22,3
000000406417.jpg,MEDIUM,onnx_cuda,False,3,27,0,True,True,40,6
000000406570.jpg,MEDIUM,onnx_cuda,False,0,0,0,False,False,175,7
000000406611.jpg,MEDIUM,onnx_cuda,False,6,122,6,True,True,136,24
000000406997.jpg,MEDIUM,onnx_cuda,False,5,49,0,True,True,66,7
000000407002.jpg,MEDIUM,onnx_cuda,False,1,9,0,True,True,20,2
000000407083.jpg,MEDIUM,onnx_cuda,False,1,9,0,True,True,20,3
000000407298.jpg,MEDIUM,onnx_cuda,False,1,9,0,True,True,34,3
000000407403.jpg,MEDIUM,onnx_cuda,False,0,0,0,False,False,10,1
000000407518.jpg,MEDIUM,onnx_cuda,False,0,0,0,False,False,10,1
000000407524.jpg,MEDIUM,onnx_cuda,False,0,0,0,False,False,40,3
000000407574.jpg,MEDIUM,onnx_cuda,False,0,0,0,False,False,10,2
000000407614.jpg,MEDIUM,onnx_cuda,False,0,0,0,False,False,73,13
000000407646.jpg,MEDIUM,onnx_cuda,False,1,9,0,True,True,47,3
000000407650.jpg,MEDIUM,onnx_cuda,False,1,9,0,True,True,20,2
000000407825.jpg,MEDIUM,onnx_cuda,False,0,0,0,False,False,44,5
000000407868.jpg,MEDIUM,onnx_cuda,False,3,26,0,True,True,53,8
000000407943.jpg,MEDIUM,onnx_cuda,False,1,6,2,True,True,17,4
000000407960.jpg,MEDIUM,onnx_cuda,False,0,0,0,False,False,32,3
000000408112.jpg,MEDIUM,onnx_cuda,False,3,10,5,True,True,33,10
000000408120.jpg,MEDIUM,onnx_cuda,False,1,9,0,True,True,33,5
000000408696.jpg,MEDIUM,onnx_cuda,False,3,26,1,True,True,52,5
000000408774.jpg,MEDIUM,onnx_cuda,False,4,36,0,True,True,46,6
000000408830.jpg,MEDIUM,onnx_cuda,False,3,36,1,True,True,39,4
000000409198.jpg,MEDIUM,onnx_cuda,False,1,9,0,True,True,24,6
000000409211.jpg,MEDIUM,onnx_cuda,False,10,72,3,True,True,108,15
000000409268.jpg,MEDIUM,onnx_cuda,False,0,0,0,False,False,10,1
000000409358.jpg,MEDIUM,onnx_cuda,False,0,0,0,False,False,20,2
000000409424.jpg,MEDIUM,onnx_cuda,False,0,0,0,False,False,32,6
000000409475.jpg,MEDIUM,onnx_cuda,False,2,18,0,True,True,20,2
000000409542.jpg,MEDIUM,onnx_cuda,False,5,45,1,True,True,71,8
000000409630.jpg,MEDIUM,onnx_cuda,False,0,0,0,False,False,36,3
000000409867.jpg,MEDIUM,onnx_cuda,False,0,0,0,False,False,20,2
000000410221.jpg,MEDIUM,onnx_cuda,False,0,0,0,False,False,10,1
000000410428.jpg,MEDIUM,onnx_cuda,False,0,0,0,False,False,62,10
000000410456.jpg,MEDIUM,onnx_cuda,False,7,63,0,True,True,98,11
000000410487.jpg,MEDIUM,onnx_cuda,False,0,0,0,False,False,14,1
000000410496.jpg,MEDIUM,onnx_cuda,False,8,97,5,True,True,115,17
000000410510.jpg,MEDIUM,onnx_cuda,False,1,19,0,True,True,42,3
000000410612.jpg,MEDIUM,onnx_cuda,False,0,0,0,False,False,10,1
000000410650.jpg,MEDIUM,onnx_cuda,False,9,202,4,True,True,420,28
000000410712.jpg,MEDIUM,onnx_cuda,False,0,0,1,True,False,7,5
000000410735.jpg,MEDIUM,onnx_cuda,False,1,9,0,True,True,50,6
000000410878.jpg,MEDIUM,onnx_cuda,False,1,9,0,True,True,20,3
000000410880.jpg,MEDIUM,onnx_cuda,False,1,9,0,True,True,35,10
000000410934.jpg,MEDIUM,onnx_cuda,False,0,0,0,False,False,10,1
000000411530.jpg,MEDIUM,onnx_cuda,False,10,90,3,True,True,126,21
000000411665.jpg,MEDIUM,onnx_cuda,False,0,0,0,False,False,11,2
000000411754.jpg,MEDIUM,onnx_cuda,False,5,43,0,True,True,48,8
000000411774.jpg,MEDIUM,onnx_cuda,False,1,14,0,True,True,25,2
000000411817.jpg,MEDIUM,onnx_cuda,False,8,78,0,True,True,147,16
000000411938.jpg,MEDIUM,onnx_cuda,False,10,116,3,True,True,154,17
000000411953.jpg,MEDIUM,onnx_cuda,False,1,9,1,True,True,20,3
000000412240.jpg,MEDIUM,onnx_cuda,False,0,0,0,False,False,7,1
000000412286.jpg,MEDIUM,onnx_cuda,False,1,9,0,True,True,23,3
000000412362.jpg,MEDIUM,onnx_cuda,False,3,27,0,True,True,70,7
000000412531.jpg,MEDIUM,onnx_cuda,False,0,0,0,False,False,42,4
000000412887.jpg,MEDIUM,onnx_cuda,False,0,10,0,False,True,20,1
000000412894.jpg,MEDIUM,onnx_cuda,False,10,117,3,True,True,173,19
000000413247.jpg,MEDIUM,onnx_cuda,False,0,0,0,False,False,32,5
000000413395.jpg,MEDIUM,onnx_cuda,False,1,6,0,True,True,47,5
000000413404.jpg,MEDIUM,onnx_cuda,False,2,16,0,True,True,61,12
000000413552.jpg,MEDIUM,onnx_cuda,False,2,13,0,True,True,15,3
000000413689.jpg,MEDIUM,onnx_cuda,False,5,24,4,True,True,89,17
000000414034.jpg,MEDIUM,onnx_cuda,False,1,9,0,True,True,51,5
000000414133.jpg,MEDIUM,onnx_cuda,False,0,0,0,False,False,33,7
000000414170.jpg,MEDIUM,onnx_cuda,False,3,27,0,True,True,51,7
000000414261.jpg,MEDIUM,onnx_cuda,False,0,0,0,False,False,20,2
000000414340.jpg,MEDIUM,onnx_cuda,False,0,0,0,False,False,10,1
000000414385.jpg,MEDIUM,onnx_cuda,False,1,9,0,True,True,50,9
000000414510.jpg,MEDIUM,onnx_cuda,False,4,35,0,True,True,83,13
000000414638.jpg,MEDIUM,onnx_cuda,False,0,0,0,False,False,60,6
000000414673.jpg,MEDIUM,onnx_cuda,False,12,98,1,True,True,145,24
000000414676.jpg,MEDIUM,onnx_cuda,False,0,0,0,False,False,19,2
000000414795.jpg,MEDIUM,onnx_cuda,False,6,54,1,True,True,357,20
000000415194.jpg,MEDIUM,onnx_cuda,False,0,0,0,False,False,52,11
000000415238.jpg,MEDIUM,onnx_cuda,False,0,0,0,False,False,39,3
000000415536.jpg,MEDIUM,onnx_cuda,False,0,0,1,True,False,10,2
000000415716.jpg,MEDIUM,onnx_cuda,False,0,0,0,False,False,50,7
000000415727.jpg,MEDIUM,onnx_cuda,False,3,26,0,True,True,36,11
000000415741.jpg,MEDIUM,onnx_cuda,False,0,0,0,False,False,40,6
000000415748.jpg,MEDIUM,onnx_cuda,False,0,0,1,True,False,10,2
000000415882.jpg,MEDIUM,onnx_cuda,False,0,10,1,True,True,18,2
000000415990.jpg,MEDIUM,onnx_cuda,False,2,18,0,True,True,145,16
000000416104.jpg,MEDIUM,onnx_cuda,False,10,117,1,True,True,296,36
000000416170.jpg,MEDIUM,onnx_cuda,False,0,0,0,False,False,20,2
000000416256.jpg,MEDIUM,onnx_cuda,False,0,0,0,False,False,28,3
000000416269.jpg,MEDIUM,onnx_cuda,False,0,0,0,False,False,10,1
000000416330.jpg,MEDIUM,onnx_cuda,False,0,0,0,False,False,10,2
000000416343.jpg,MEDIUM,onnx_cuda,False,2,18,1,True,True,74,7
000000416451.jpg,MEDIUM,onnx_cuda,False,2,18,0,True,True,92,27
000000416534.jpg,MEDIUM,onnx_cuda,False,0,0,0,False,False,33,18
000000416745.jpg,MEDIUM,onnx_cuda,False,0,0,0,False,False,25,2
000000416758.jpg,MEDIUM,onnx_cuda,False,0,0,0,False,False,46,4
000000416837.jpg,MEDIUM,onnx_cuda,False,0,0,0,False,False,9,1
000000416885.jpg,MEDIUM,onnx_cuda,False,0,10,0,False,True,77,10
000000416991.jpg,MEDIUM,onnx_cuda,False,0,0,0,False,False,124,38
000000417043.jpg,MEDIUM,onnx_cuda,False,0,0,0,False,False,10,1
000000417085.jpg,MEDIUM,onnx_cuda,False,0,0,0,False,False,20,2
000000417249.jpg,MEDIUM,onnx_cuda,False,4,37,1,True,True,96,9
000000417285.jpg,MEDIUM,onnx_cuda,False,0,10,1,True,True,71,6
000000417465.jpg,MEDIUM,onnx_cuda,False,0,0,0,False,False,13,1
000000417608.jpg,MEDIUM,onnx_cuda,False,0,0,0,False,False,38,9
000000417632.jpg,MEDIUM,onnx_cuda,False,5,49,1,True,True,167,17
000000417779.jpg,MEDIUM,onnx_cuda,False,1,9,0,True,True,33,6
000000417876.jpg,MEDIUM,onnx_cuda,False,0,0,0,False,False,31,6
000000417911.jpg,MEDIUM,onnx_cuda,False,1,9,0,True,True,20,2
000000418062.jpg,MEDIUM,onnx_cuda,False,3,27,0,True,True,60,5
000000418281.jpg,MEDIUM,onnx_cuda,False,0,0,0,False,False,27,2
000000418696.jpg,MEDIUM,onnx_cuda,False,0,0,0,False,False,48,9
000000418959.jpg,MEDIUM,onnx_cuda,False,0,0,0,False,False,13,1
000000418961.jpg,MEDIUM,onnx_cuda,False,0,0,0,False,False,9,1
000000419096.jpg,MEDIUM,onnx_cuda,False,0,0,0,False,False,11,1
000000419098.jpg,MEDIUM,onnx_cuda,False,0,0,0,False,False,3,3
000000419201.jpg,MEDIUM,onnx_cuda,False,0,0,0,False,False,31,7
000000419312.jpg,MEDIUM,onnx_cuda,False,0,0,0,False,False,80,12
000000419379.jpg,MEDIUM,onnx_cuda,False,1,10,0,True,True,52,5
000000419408.jpg,MEDIUM,onnx_cuda,False,2,18,0,True,True,77,12
000000419601.jpg,MEDIUM,onnx_cuda,False,0,0,0,False,False,51,9
000000419653.jpg,MEDIUM,onnx_cuda,False,0,2,0,False,True,130,19
000000419882.jpg,MEDIUM,onnx_cuda,False,0,0,0,False,False,42,7
000000419974.jpg,MEDIUM,onnx_cuda,False,2,17,0,True,True,113,25
000000420069.jpg,MEDIUM,onnx_cuda,False,8,41,2,True,True,55,16
000000420230.jpg,MEDIUM,onnx_cuda,False,0,0,0,False,False,10,1
000000420281.jpg,MEDIUM,onnx_cuda,False,3,27,0,True,True,31,4
000000420472.jpg,MEDIUM,onnx_cuda,False,0,0,0,False,False,20,2
000000420840.jpg,MEDIUM,onnx_cuda,False,2,18,1,True,True,34,6
000000420916.jpg,MEDIUM,onnx_cuda,False,3,27,0,True,True,43,5
000000421060.jpg,MEDIUM,onnx_cuda,False,4,23,9,True,True,37,14
000000421455.jpg,MEDIUM,onnx_cuda,False,0,0,1,True,False,20,5
000000421757.jpg,MEDIUM,onnx_cuda,False,0,0,1,True,False,22,3
000000421834.jpg,MEDIUM,onnx_cuda,False,0,0,0,False,False,10,1
000000421923.jpg,MEDIUM,onnx_cuda,False,0,0,0,False,False,32,13
000000422670.jpg,MEDIUM,onnx_cuda,False,1,0,1,True,True,1,4
000000422706.jpg,MEDIUM,onnx_cuda,False,2,19,2,True,True,31,6
000000422836.jpg,MEDIUM,onnx_cuda,False,3,26,1,True,True,30,22
000000422886.jpg,MEDIUM,onnx_cuda,False,1,9,0,True,True,20,3
000000422998.jpg,MEDIUM,onnx_cuda,False,1,9,0,True,True,75,5
000000423104.jpg,MEDIUM,onnx_cuda,False,1,15,0,True,True,33,2
000000423123.jpg,MEDIUM,onnx_cuda,False,3,20,1,True,True,64,7
000000423229.jpg,MEDIUM,onnx_cuda,False,1,3,9,True,True,14,12
000000423506.jpg,MEDIUM,onnx_cuda,False,2,18,0,True,True,49,5
000000423519.jpg,MEDIUM,onnx_cuda,False,0,0,0,False,False,10,1
000000423617.jpg,MEDIUM,onnx_cuda,False,4,27,2,True,True,95,12
000000423798.jpg,MEDIUM,onnx_cuda,False,0,0,0,False,False,11,7
000000423944.jpg,MEDIUM,onnx_cuda,False,0,15,0,False,True,21,1
000000423971.jpg,MEDIUM,onnx_cuda,False,0,0,0,False,False,20,1
000000424135.jpg,MEDIUM,onnx_cuda,False,0,0,2,True,False,10,3
000000424162.jpg,MEDIUM,onnx_cuda,False,5,47,2,True,True,111,13
000000424349.jpg,MEDIUM,onnx_cuda,False,2,18,0,True,True,36,6
000000424521.jpg,MEDIUM,onnx_cuda,False,1,9,0,True,True,20,2
000000424545.jpg,MEDIUM,onnx_cuda,False,0,0,0,False,False,15,1
000000424551.jpg,MEDIUM,onnx_cuda,False,2,17,0,True,True,29,3
000000424642.jpg,MEDIUM,onnx_cuda,False,2,18,1,True,True,45,7
000000424721.jpg,MEDIUM,onnx_cuda,False,0,0,0,False,False,49,7
000000424776.jpg,MEDIUM,onnx_cuda,False,0,0,0,False,False,10,1
000000424975.jpg,MEDIUM,onnx_cuda,False,2,20,0,True,True,45,4
000000425221.jpg,MEDIUM,onnx_cuda,False,0,10,2,True,True,54,23
000000425226.jpg,MEDIUM,onnx_cuda,False,1,9,0,True,True,56,13
000000425227.jpg,MEDIUM,onnx_cuda,False,2,18,0,True,True,39,5
000000425361.jpg,MEDIUM,onnx_cuda,False,1,9,0,True,True,102,9
000000425390.jpg,MEDIUM,onnx_cuda,False,0,0,0,False,False,20,2
000000425702.jpg,MEDIUM,onnx_cuda,False,1,13,0,True,True,25,2
000000425906.jpg,MEDIUM,onnx_cuda,False,5,36,8,True,True,52,14
000000425925.jpg,MEDIUM,onnx_cuda,False,0,0,2,True,False,85,12
000000426166.jpg,MEDIUM,onnx_cuda,False,1,9,0,True,True,21,1
000000426203.jpg,MEDIUM,onnx_cuda,False,1,21,1,True,True,58,8
000000426241.jpg,MEDIUM,onnx_cuda,False,1,9,0,True,True,76,7
000000426253.jpg,MEDIUM,onnx_cuda,False,0,0,0,False,False,22,2
000000426268.jpg,MEDIUM,onnx_cuda,False,1,11,0,True,True,31,4
000000426297.jpg,MEDIUM,onnx_cuda,False,0,0,0,False,False,10,1
000000426329.jpg,MEDIUM,onnx_cuda,False,0,0,0,False,False,102,15
000000426372.jpg,MEDIUM,onnx_cuda,False,1,1,0,True,True,22,5
000000426376.jpg,MEDIUM,onnx_cuda,False,1,9,0,True,True,24,2
000000426795.jpg,MEDIUM,onnx_cuda,False,1,26,0,True,True,48,2
000000426836.jpg,MEDIUM,onnx_cuda,False,1,9,0,True,True,10,2
000000427034.jpg,MEDIUM,onnx_cuda,False,0,0,1,True,False,33,5
000000427055.jpg,MEDIUM,onnx_cuda,False,0,0,0,False,False,42,9
000000427077.jpg,MEDIUM,onnx_cuda,False,1,9,0,True,True,14,2
000000427160.jpg,MEDIUM,onnx_cuda,False,3,27,0,True,True,40,6
000000427256.jpg,MEDIUM,onnx_cuda,False,11,135,2,True,True,235,15
000000427338.jpg,MEDIUM,onnx_cuda,False,4,22,0,True,True,26,4
000000427500.jpg,MEDIUM,onnx_cuda,False,0,0,0,False,False,20,2
000000427649.jpg,MEDIUM,onnx_cuda,False,0,0,0,False,False,11,1
000000427655.jpg,MEDIUM,onnx_cuda,False,3,40,4,True,True,87,14
000000427997.jpg,MEDIUM,onnx_cuda,False,2,28,11,True,True,43,17
000000428111.jpg,MEDIUM,onnx_cuda,False,4,27,1,True,True,41,7
000000428218.jpg,MEDIUM,onnx_cuda,False,2,22,0,True,True,31,3
000000428280.jpg,MEDIUM,onnx_cuda,False,0,0,0,False,False,39,7
000000428454.jpg,MEDIUM,onnx_cuda,False,1,9,0,True,True,30,5
000000428562.jpg,MEDIUM,onnx_cuda,False,1,9,5,True,True,116,15
000000428867.jpg,MEDIUM,onnx_cuda,False,0,0,0,False,False,55,7
000000429011.jpg,MEDIUM,onnx_cuda,False,0,11,0,False,True,39,4
000000429109.jpg,MEDIUM,onnx_cuda,False,4,30,1,True,True,80,10
000000429281.jpg,MEDIUM,onnx_cuda,False,0,0,0,False,False,34,18
000000429530.jpg,MEDIUM,onnx_cuda,False,0,0,0,False,False,49,4
000000429598.jpg,MEDIUM,onnx_cuda,False,0,0,0,False,False,40,4
000000429623.jpg,MEDIUM,onnx_cuda,False,0,0,0,False,False,25,4
000000429690.jpg,MEDIUM,onnx_cuda,False,9,80,1,True,True,110,14
000000429718.jpg,MEDIUM,onnx_cuda,False,1,3,0,True,True,14,2
000000429761.jpg,MEDIUM,onnx_cuda,False,2,18,0,True,True,41,4
000000430048.jpg,MEDIUM,onnx_cuda,False,0,0,0,False,False,14,2
000000430056.jpg,MEDIUM,onnx_cuda,False,0,0,0,False,False,23,3
000000430073.jpg,MEDIUM,onnx_cuda,False,11,112,2,True,True,197,27
000000430286.jpg,MEDIUM,onnx_cuda,False,0,0,0,False,False,30,4
000000430377.jpg,MEDIUM,onnx_cuda,False,2,14,0,True,True,31,4
000000430871.jpg,MEDIUM,onnx_cuda,False,0,0,0,False,False,10,2
000000430875.jpg,MEDIUM,onnx_cuda,False,0,0,0,False,False,34,3
000000430961.jpg,MEDIUM,onnx_cuda,False,2,16,0,True,True,27,4
000000430973.jpg,MEDIUM,onnx_cuda,False,0,0,0,False,False,10,1
000000431140.jpg,MEDIUM,onnx_cuda,False,0,0,0,False,False,30,2
000000431545.jpg,MEDIUM,onnx_cuda,False,2,18,0,True,True,24,4
000000431568.jpg,MEDIUM,onnx_cuda,False,0,0,0,False,False,11,5
000000431693.jpg,MEDIUM,onnx_cuda,False,1,9,0,True,True,43,5
000000431727.jpg,MEDIUM,onnx_cuda,False,0,0,0,False,False,20,2
000000431848.jpg,MEDIUM,onnx_cuda,False,2,18,0,True,True,30,3
000000431876.jpg,MEDIUM,onnx_cuda,False,5,40,2,True,True,100,11
000000431896.jpg,MEDIUM,onnx_cuda,False,0,0,0,False,False,10,1
000000432085.jpg,MEDIUM,onnx_cuda,False,1,9,0,True,True,52,5
000000432468.jpg,MEDIUM,onnx_cuda,False,0,0,0,False,False,20,2
000000432553.jpg,MEDIUM,onnx_cuda,False,2,18,0,True,True,50,5
000000432898.jpg,MEDIUM,onnx_cuda,False,8,28,5,True,True,72,35
000000433103.jpg,MEDIUM,onnx_cuda,False,8,121,3,True,True,160,19
000000433134.jpg,MEDIUM,onnx_cuda,False,0,0,0,False,False,10,1
000000433192.jpg,MEDIUM,onnx_cuda,False,0,0,0,False,False,21,3
000000433204.jpg,MEDIUM,onnx_cuda,False,5,54,1,True,True,62,8
000000433243.jpg,MEDIUM,onnx_cuda,False,0,0,0,False,False,21,2
000000433374.jpg,MEDIUM,onnx_cuda,False,0,0,0,False,False,40,6
000000433515.jpg,MEDIUM,onnx_cuda,False,10,36,3,True,True,56,26
000000433774.jpg,MEDIUM,onnx_cuda,False,0,0,0,False,False,33,7
000000433915.jpg,MEDIUM,onnx_cuda,False,2,20,0,True,True,39,4
000000433980.jpg,MEDIUM,onnx_cuda,False,1,9,0,True,True,20,2
000000434204.jpg,MEDIUM,onnx_cuda,False,4,36,0,True,True,57,9
000000434230.jpg,MEDIUM,onnx_cuda,False,2,14,2,True,True,125,20
000000434247.jpg,MEDIUM,onnx_cuda,False,2,7,4,True,True,41,26
000000434297.jpg,MEDIUM,onnx_cuda,False,0,0,0,False,False,15,4
000000434459.jpg,MEDIUM,onnx_cuda,False,3,46,6,True,True,185,33
000000434479.jpg,MEDIUM,onnx_cuda,False,0,0,0,False,False,13,4
000000434548.jpg,MEDIUM,onnx_cuda,False,1,9,0,True,True,23,3
000000434996.jpg,MEDIUM,onnx_cuda,False,0,0,0,False,False,51,5
000000435003.jpg,MEDIUM,onnx_cuda,False,0,0,0,False,False,86,7
000000435081.jpg,MEDIUM,onnx_cuda,False,0,0,0,False,False,194,62
000000435205.jpg,MEDIUM,onnx_cuda,False,0,0,1,True,False,19,2
000000435206.jpg,MEDIUM,onnx_cuda,False,3,28,0,True,True,59,15
000000435208.jpg,MEDIUM,onnx_cuda,False,1,9,1,True,True,65,11
000000435299.jpg,MEDIUM,onnx_cuda,False,0,3,0,False,True,13,2
000000435880.jpg,MEDIUM,onnx_cuda,False,0,0,0,False,False,65,7
000000436315.jpg,MEDIUM,onnx_cuda,False,0,0,0,False,False,17,1
000000436551.jpg,MEDIUM,onnx_cuda,False,0,0,0,False,False,20,2
000000436617.jpg,MEDIUM,onnx_cuda,False,9,98,4,True,True,251,33
000000436738.jpg,MEDIUM,onnx_cuda,False,2,17,0,True,True,82,10
000000436883.jpg,MEDIUM,onnx_cuda,False,3,18,3,True,True,61,12
000000437110.jpg,MEDIUM,onnx_cuda,False,0,0,0,False,False,6,1
000000437205.jpg,MEDIUM,onnx_cuda,False,1,9,0,True,True,22,3
000000437239.jpg,MEDIUM,onnx_cuda,False,4,34,0,True,True,88,13
000000437331.jpg,MEDIUM,onnx_cuda,False,1,9,0,True,True,31,2
000000437351.jpg,MEDIUM,onnx_cuda,False,1,9,0,True,True,40,4
000000437392.jpg,MEDIUM,onnx_cuda,False,0,0,0,False,False,9,1
000000437514.jpg,MEDIUM,onnx_cuda,False,0,0,1,True,False,21,3
000000437898.jpg,MEDIUM,onnx_cuda,False,0,0,0,False,False,75,13
000000438017.jpg,MEDIUM,onnx_cuda,False,0,0,0,False,False,57,8
000000438226.jpg,MEDIUM,onnx_cuda,False,0,0,0,False,False,52,6
000000438269.jpg,MEDIUM,onnx_cuda,False,0,0,0,False,False,10,1
000000438304.jpg,MEDIUM,onnx_cuda,False,2,18,0,True,True,55,5
000000438774.jpg,MEDIUM,onnx_cuda,False,4,43,1,True,True,161,17
000000438862.jpg,MEDIUM,onnx_cuda,False,5,44,1,True,True,63,10
000000438876.jpg,MEDIUM,onnx_cuda,False,1,9,0,True,True,29,3
000000438907.jpg,MEDIUM,onnx_cuda,False,2,18,0,True,True,41,4
000000438955.jpg,MEDIUM,onnx_cuda,False,10,101,3,True,True,125,15
000000439180.jpg,MEDIUM,onnx_cuda,False,12,120,1,True,True,256,26
000000439290.jpg,MEDIUM,onnx_cuda,False,0,0,0,False,False,19,8
000000439426.jpg,MEDIUM,onnx_cuda,False,3,24,0,True,True,37,4
000000439522.jpg,MEDIUM,onnx_cuda,False,1,9,0,True,True,10,1
000000439525.jpg,MEDIUM,onnx_cuda,False,1,13,0,True,True,84,7
000000439593.jpg,MEDIUM,onnx_cuda,False,3,36,3,True,True,67,10
000000439623.jpg,MEDIUM,onnx_cuda,False,0,0,0,False,False,69,7
000000439715.jpg,MEDIUM,onnx_cuda,False,6,42,6,True,True,76,19
000000439773.jpg,MEDIUM,onnx_cuda,False,1,9,0,True,True,30,3
000000439854.jpg,MEDIUM,onnx_cuda,False,9,72,3,True,True,95,14
000000439994.jpg,MEDIUM,onnx_cuda,False,2,45,11,True,True,53,23
000000440171.jpg,MEDIUM,onnx_cuda,False,1,9,1,True,True,20,3
000000440184.jpg,MEDIUM,onnx_cuda,False,4,33,1,True,True,62,13
000000440336.jpg,MEDIUM,onnx_cuda,False,5,47,0,True,True,65,7
000000440475.jpg,MEDIUM,onnx_cuda,False,1,12,0,True,True,122,26
000000440507.jpg,MEDIUM,onnx_cuda,False,0,0,0,False,False,10,3
000000440508.jpg,MEDIUM,onnx_cuda,False,0,0,0,False,False,10,1
000000440617.jpg,MEDIUM,onnx_cuda,False,0,0,0,False,False,15,2
000000441247.jpg,MEDIUM,onnx_cuda,False,2,17,0,True,True,120,24
000000441286.jpg,MEDIUM,onnx_cuda,False,1,9,0,True,True,20,2
000000441442.jpg,MEDIUM,onnx_cuda,False,2,18,0,True,True,30,4
000000441468.jpg,MEDIUM,onnx_cuda,False,3,11,4,True,True,52,11
000000441491.jpg,MEDIUM,onnx_cuda,False,2,25,1,True,True,44,5
000000441543.jpg,MEDIUM,onnx_cuda,False,10,108,3,True,True,151,16
000000441553.jpg,MEDIUM,onnx_cuda,False,8,107,5,True,True,138,17
000000441586.jpg,MEDIUM,onnx_cuda,False,4,44,5,True,True,62,10
000000442009.jpg,MEDIUM,onnx_cuda,False,0,0,0,False,False,26,4
000000442161.jpg,MEDIUM,onnx_cuda,False,4,36,0,True,True,85,8
000000442306.jpg,MEDIUM,onnx_cuda,False,1,9,0,True,True,20,2
000000442323.jpg,MEDIUM,onnx_cuda,False,0,0,0,False,False,47,5
000000442456.jpg,MEDIUM,onnx_cuda,False,2,19,0,True,True,60,9
000000442463.jpg,MEDIUM,onnx_cuda,False,1,9,0,True,True,20,2
000000442480.jpg,MEDIUM,onnx_cuda,False,1,8,1,True,True,40,4
000000442661.jpg,MEDIUM,onnx_cuda,False,0,0,0,False,False,10,1
000000442746.jpg,MEDIUM,onnx_cuda,False,1,9,0,True,True,24,6
000000442822.jpg,MEDIUM,onnx_cuda,False,0,0,0,False,False,89,14
000000442836.jpg,MEDIUM,onnx_cuda,False,3,27,0,True,True,40,4
000000442993.jpg,MEDIUM,onnx_cuda,False,0,0,0,False,False,5,15
000000443303.jpg,MEDIUM,onnx_cuda,False,0,0,0,False,False,32,3
000000443426.jpg,MEDIUM,onnx_cuda,False,1,10,0,True,True,18,3
000000443498.jpg,MEDIUM,onnx_cuda,False,0,0,0,False,False,18,1
000000443844.jpg,MEDIUM,onnx_cuda,False,1,9,0,True,True,32,3
000000443969.jpg,MEDIUM,onnx_cuda,False,3,30,3,True,True,53,7
000000444142.jpg,MEDIUM,onnx_cuda,False,1,12,0,True,True,73,13
000000444275.jpg,MEDIUM,onnx_cuda,False,0,0,0,False,False,26,1
000000444879.jpg,MEDIUM,onnx_cuda,False,0,0,0,False,False,10,1
000000445248.jpg,MEDIUM,onnx_cuda,False,0,0,0,False,False,30,3
000000445365.jpg,MEDIUM,onnx_cuda,False,0,0,0,False,False,21,2
000000445439.jpg,MEDIUM,onnx_cuda,False,0,0,0,False,False,10,1
000000445602.jpg,MEDIUM,onnx_cuda,False,3,14,3,True,True,25,7
000000445658.jpg,MEDIUM,onnx_cuda,False,0,0,0,False,False,82,12
000000445675.jpg,MEDIUM,onnx_cuda,False,0,0,0,False,False,10,1
000000445722.jpg,MEDIUM,onnx_cuda,False,2,15,0,True,True,23,6
000000445792.jpg,MEDIUM,onnx_cuda,False,1,10,0,True,True,11,7
000000445834.jpg,MEDIUM,onnx_cuda,False,4,36,0,True,True,50,5
000000445846.jpg,MEDIUM,onnx_cuda,False,0,0,0,False,False,23,4
000000445999.jpg,MEDIUM,onnx_cuda,False,1,9,0,True,True,10,2
000000446005.jpg,MEDIUM,onnx_cuda,False,0,0,0,False,False,30,5
000000446117.jpg,MEDIUM,onnx_cuda,False,0,0,0,False,False,20,2
000000446206.jpg,MEDIUM,onnx_cuda,False,0,0,4,True,False,20,6
000000446207.jpg,MEDIUM,onnx_cuda,False,0,0,0,False,False,19,1
000000446522.jpg,MEDIUM,onnx_cuda,False,0,0,0,False,False,27,4
000000446574.jpg,MEDIUM,onnx_cuda,False,0,0,0,False,False,30,3
000000446651.jpg,MEDIUM,onnx_cuda,False,3,27,1,True,True,40,5
000000446703.jpg,MEDIUM,onnx_cuda,False,0,0,0,False,False,11,1
000000447088.jpg,MEDIUM,onnx_cuda,False,3,27,0,True,True,47,6
000000447169.jpg,MEDIUM,onnx_cuda,False,0,0,0,False,False,34,4
000000447187.jpg,MEDIUM,onnx_cuda,False,4,35,0,True,True,56,7
000000447200.jpg,MEDIUM,onnx_cuda,False,0,0,0,False,False,20,1
000000447313.jpg,MEDIUM,onnx_cuda,False,0,0,0,False,False,32,3
000000447314.jpg,MEDIUM,onnx_cuda,False,5,28,5,True,True,43,11
000000447342.jpg,MEDIUM,onnx_cuda,False,0,0,0,False,False,61,13
000000447465.jpg,MEDIUM,onnx_cuda,False,2,18,0,True,True,28,4
000000447522.jpg,MEDIUM,onnx_cuda,False,0,0,0,False,False,36,11
000000447611.jpg,MEDIUM,onnx_cuda,False,2,21,0,True,True,41,6
000000447789.jpg,MEDIUM,onnx_cuda,False,0,0,0,False,False,0,0
000000447917.jpg,MEDIUM,onnx_cuda,False,3,37,2,True,True,50,6
000000448076.jpg,MEDIUM,onnx_cuda,False,6,53,0,True,True,113,17
000000448256.jpg,MEDIUM,onnx_cuda,False,3,37,0,True,True,42,6
000000448263.jpg,MEDIUM,onnx_cuda,False,2,19,11,True,True,40,15
000000448365.jpg,MEDIUM,onnx_cuda,False,1,21,1,True,True,34,3
000000448410.jpg,MEDIUM,onnx_cuda,False,8,144,3,True,True,184,20
000000448448.jpg,MEDIUM,onnx_cuda,False,0,0,0,False,False,14,2
000000448810.jpg,MEDIUM,onnx_cuda,False,1,9,0,True,True,10,1
000000449190.jpg,MEDIUM,onnx_cuda,False,0,0,0,False,False,8,5
000000449198.jpg,MEDIUM,onnx_cuda,False,0,0,0,False,False,9,2
000000449312.jpg,MEDIUM,onnx_cuda,False,1,9,0,True,True,58,5
000000449406.jpg,MEDIUM,onnx_cuda,False,0,0,0,False,False,18,1
000000449432.jpg,MEDIUM,onnx_cuda,False,12,113,0,True,True,175,17
000000449579.jpg,MEDIUM,onnx_cuda,False,1,9,0,True,True,20,2
000000449603.jpg,MEDIUM,onnx_cuda,False,1,9,0,True,True,13,2
000000449661.jpg,MEDIUM,onnx_cuda,False,1,8,0,True,True,43,6
000000449909.jpg,MEDIUM,onnx_cuda,False,1,9,0,True,True,19,2
000000449996.jpg,MEDIUM,onnx_cuda,False,0,0,0,False,False,54,11
000000450075.jpg,MEDIUM,onnx_cuda,False,3,26,0,True,True,29,4
000000450100.jpg,MEDIUM,onnx_cuda,False,0,0,0,False,False,40,4
000000450202.jpg,MEDIUM,onnx_cuda,False,2,8,0,True,True,54,7
000000450303.jpg,MEDIUM,onnx_cuda,False,6,54,0,True,True,196,27
000000450399.jpg,MEDIUM,onnx_cuda,False,11,99,2,True,True,162,30
000000450439.jpg,MEDIUM,onnx_cuda,False,0,0,0,False,False,20,2
000000450488.jpg,MEDIUM,onnx_cuda,False,0,0,0,False,False,20,4
000000450559.jpg,MEDIUM,onnx_cuda,False,1,9,0,True,True,20,2
000000450686.jpg,MEDIUM,onnx_cuda,False,1,10,0,True,True,21,2
000000450758.jpg,MEDIUM,onnx_cuda,False,0,0,0,False,False,65,7
000000451043.jpg,MEDIUM,onnx_cuda,False,1,9,0,True,True,19,2
000000451084.jpg,MEDIUM,onnx_cuda,False,1,9,0,True,True,20,2
000000451090.jpg,MEDIUM,onnx_cuda,False,0,0,0,False,False,10,1
000000451144.jpg,MEDIUM,onnx_cuda,False,2,18,0,True,True,40,4
000000451150.jpg,MEDIUM,onnx_cuda,False,0,0,0,False,False,60,6
000000451155.jpg,MEDIUM,onnx_cuda,False,0,0,1,True,False,23,3
000000451308.jpg,MEDIUM,onnx_cuda,False,0,0,0,False,False,119,22
000000451435.jpg,MEDIUM,onnx_cuda,False,1,9,0,True,True,21,4
000000451571.jpg,MEDIUM,onnx_cuda,False,0,1,0,False,True,3,3
000000451693.jpg,MEDIUM,onnx_cuda,False,0,0,0,False,False,21,1
000000451714.jpg,MEDIUM,onnx_cuda,False,2,18,3,True,True,47,6
000000451879.jpg,MEDIUM,onnx_cuda,False,4,35,0,True,True,61,6
000000452084.jpg,MEDIUM,onnx_cuda,False,0,0,0,False,False,40,5
000000452122.jpg,MEDIUM,onnx_cuda,False,0,0,0,False,False,10,1
000000452321.jpg,MEDIUM,onnx_cuda,False,0,0,0,False,False,20,4
000000452515.jpg,MEDIUM,onnx_cuda,False,2,23,1,True,True,37,5
000000452784.jpg,MEDIUM,onnx_cuda,False,1,8,0,True,True,39,6
000000452793.jpg,MEDIUM,onnx_cuda,False,0,0,0,False,False,19,2
000000452891.jpg,MEDIUM,onnx_cuda,False,0,0,0,False,False,22,2
000000453001.jpg,MEDIUM,onnx_cuda,False,2,18,0,True,True,51,10
000000453040.jpg,MEDIUM,onnx_cuda,False,0,5,0,False,True,15,2
000000453166.jpg,MEDIUM,onnx_cuda,False,4,36,0,True,True,84,8
000000453302.jpg,MEDIUM,onnx_cuda,False,0,0,0,False,False,80,7
000000453341.jpg,MEDIUM,onnx_cuda,False,0,0,0,False,False,44,7
000000453584.jpg,MEDIUM,onnx_cuda,False,0,0,0,False,False,26,7
000000453634.jpg,MEDIUM,onnx_cuda,False,0,0,0,False,False,20,2
000000453708.jpg,MEDIUM,onnx_cuda,False,9,73,0,True,True,103,14
000000453722.jpg,MEDIUM,onnx_cuda,False,0,0,0,False,False,39,4
000000453841.jpg,MEDIUM,onnx_cuda,False,1,18,1,True,True,119,15
000000453860.jpg,MEDIUM,onnx_cuda,False,0,0,0,False,False,20,2
000000453981.jpg,MEDIUM,onnx_cuda,False,0,0,0,False,False,10,2
000000454067.jpg,MEDIUM,onnx_cuda,False,1,9,0,True,True,20,7
000000454404.jpg,MEDIUM,onnx_cuda,False,1,9,0,True,True,20,5
000000454661.jpg,MEDIUM,onnx_cuda,False,0,0,0,False,False,79,10
000000454750.jpg,MEDIUM,onnx_cuda,False,0,0,0,False,False,20,2
000000454798.jpg,MEDIUM,onnx_cuda,False,1,9,2,True,True,30,7
000000454978.jpg,MEDIUM,onnx_cuda,False,1,9,0,True,True,10,1
000000455085.jpg,MEDIUM,onnx_cuda,False,0,0,1,True,False,10,2
000000455157.jpg,MEDIUM,onnx_cuda,False,1,9,0,True,True,61,8
000000455219.jpg,MEDIUM,onnx_cuda,False,2,19,0,True,True,41,4
000000455267.jpg,MEDIUM,onnx_cuda,False,0,0,0,False,False,68,15
000000455301.jpg,MEDIUM,onnx_cuda,False,1,9,1,True,True,15,4
000000455352.jpg,MEDIUM,onnx_cuda,False,0,0,0,False,False,26,2
000000455448.jpg,MEDIUM,onnx_cuda,False,1,9,1,True,True,19,3
000000455555.jpg,MEDIUM,onnx_cuda,False,2,18,0,True,True,29,3
000000455597.jpg,MEDIUM,onnx_cuda,False,1,9,1,True,True,78,15
000000455624.jpg,MEDIUM,onnx_cuda,False,13,150,1,True,True,163,14
000000455716.jpg,MEDIUM,onnx_cuda,False,2,28,0,True,True,30,4
000000455872.jpg,MEDIUM,onnx_cuda,False,0,0,0,False,False,9,2
000000455937.jpg,MEDIUM,onnx_cuda,False,1,9,0,True,True,85,14
000000455981.jpg,MEDIUM,onnx_cuda,False,0,0,0,False,False,10,1
000000456015.jpg,MEDIUM,onnx_cuda,False,4,36,0,True,True,80,8
000000456143.jpg,MEDIUM,onnx_cuda,False,0,0,0,False,False,26,8
000000456292.jpg,MEDIUM,onnx_cuda,False,0,0,0,False,False,5,2
000000456303.jpg,MEDIUM,onnx_cuda,False,2,17,1,True,True,19,6
000000456394.jpg,MEDIUM,onnx_cuda,False,1,9,0,True,True,47,3
000000456496.jpg,MEDIUM,onnx_cuda,False,1,9,0,True,True,47,5
000000456559.jpg,MEDIUM,onnx_cuda,False,1,9,0,True,True,20,2
000000456662.jpg,MEDIUM,onnx_cuda,False,1,9,0,True,True,19,2
000000456865.jpg,MEDIUM,onnx_cuda,False,0,0,0,False,False,20,1
000000457078.jpg,MEDIUM,onnx_cuda,False,1,9,0,True,True,49,18
000000457262.jpg,MEDIUM,onnx_cuda,False,0,0,0,False,False,17,3
000000457559.jpg,MEDIUM,onnx_cuda,False,5,51,1,True,True,66,7
000000457848.jpg,MEDIUM,onnx_cuda,False,5,43,3,True,True,48,8
000000457884.jpg,MEDIUM,onnx_cuda,False,3,27,1,True,True,53,10
000000458045.jpg,MEDIUM,onnx_cuda,False,7,71,1,True,True,99,11
000000458054.jpg,MEDIUM,onnx_cuda,False,0,0,0,False,False,55,10
000000458109.jpg,MEDIUM,onnx_cuda,False,1,7,3,True,True,18,5
000000458223.jpg,MEDIUM,onnx_cuda,False,2,19,0,True,True,31,4
000000458255.jpg,MEDIUM,onnx_cuda,False,0,0,1,True,False,31,5
000000458325.jpg,MEDIUM,onnx_cuda,False,7,60,5,True,True,228,34
000000458410.jpg,MEDIUM,onnx_cuda,False,0,0,0,False,False,38,17
000000458663.jpg,MEDIUM,onnx_cuda,False,0,0,0,False,False,75,21
000000458702.jpg,MEDIUM,onnx_cuda,False,0,0,0,False,False,30,4
000000458755.jpg,MEDIUM,onnx_cuda,False,2,18,2,True,True,50,6
000000458768.jpg,MEDIUM,onnx_cuda,False,0,0,0,False,False,53,6
000000458790.jpg,MEDIUM,onnx_cuda,False,0,0,0,False,False,0,0
000000458992.jpg,MEDIUM,onnx_cuda,False,1,9,0,True,True,54,4
000000459153.jpg,MEDIUM,onnx_cuda,False,1,9,0,True,True,31,4
000000459195.jpg,MEDIUM,onnx_cuda,False,3,27,0,True,True,51,7
000000459272.jpg,MEDIUM,onnx_cuda,False,8,71,2,True,True,88,11
000000459396.jpg,MEDIUM,onnx_cuda,False,0,0,0,False,False,28,3
000000459437.jpg,MEDIUM,onnx_cuda,False,1,9,0,True,True,60,6
000000459467.jpg,MEDIUM,onnx_cuda,False,0,0,0,False,False,10,1
000000459500.jpg,MEDIUM,onnx_cuda,False,0,0,0,False,False,37,4
000000459634.jpg,MEDIUM,onnx_cuda,False,3,10,0,True,True,25,3
000000459662.jpg,MEDIUM,onnx_cuda,False,2,18,0,True,True,29,5
000000459757.jpg,MEDIUM,onnx_cuda,False,0,0,0,False,False,17,1
000000459809.jpg,MEDIUM,onnx_cuda,False,5,23,1,True,True,42,8
000000459887.jpg,MEDIUM,onnx_cuda,False,0,0,0,False,False,10,3
000000459954.jpg,MEDIUM,onnx_cuda,False,1,2,0,True,True,36,10
000000460147.jpg,MEDIUM,onnx_cuda,False,0,0,6,True,False,159,26
000000460160.jpg,MEDIUM,onnx_cuda,False,0,0,0,False,False,12,1
000000460229.jpg,MEDIUM,onnx_cuda,False,0,0,0,False,False,42,4
000000460333.jpg,MEDIUM,onnx_cuda,False,1,9,0,True,True,49,4
000000460347.jpg,MEDIUM,onnx_cuda,False,1,4,1,True,True,55,7
000000460379.jpg,MEDIUM,onnx_cuda,False,0,0,0,False,False,30,3
000000460494.jpg,MEDIUM,onnx_cuda,False,0,0,0,False,False,47,9
000000460682.jpg,MEDIUM,onnx_cuda,False,0,0,0,False,False,10,1
000000460683.jpg,MEDIUM,onnx_cuda,False,2,21,0,True,True,52,6
000000460841.jpg,MEDIUM,onnx_cuda,False,1,9,0,True,True,20,4
000000460927.jpg,MEDIUM,onnx_cuda,False,0,0,0,False,False,10,1
000000460929.jpg,MEDIUM,onnx_cuda,False,0,0,0,False,False,20,2
000000460967.jpg,MEDIUM,onnx_cuda,False,0,7,1,True,True,17,2
000000461009.jpg,MEDIUM,onnx_cuda,False,6,54,0,True,True,68,10
000000461036.jpg,MEDIUM,onnx_cuda,False,0,0,0,False,False,10,1
000000461275.jpg,MEDIUM,onnx_cuda,False,0,0,0,False,False,0,0
000000461405.jpg,MEDIUM,onnx_cuda,False,0,0,0,False,False,138,12
000000461573.jpg,MEDIUM,onnx_cuda,False,0,0,0,False,False,15,2
000000461751.jpg,MEDIUM,onnx_cuda,False,3,19,1,True,True,29,6
000000462031.jpg,MEDIUM,onnx_cuda,False,2,18,0,True,True,30,3
000000462371.jpg,MEDIUM,onnx_cuda,False,6,62,1,True,True,99,11
000000462576.jpg,MEDIUM,onnx_cuda,False,0,0,0,False,False,36,7
000000462614.jpg,MEDIUM,onnx_cuda,False,0,0,0,False,False,52,4
000000462629.jpg,MEDIUM,onnx_cuda,False,0,0,0,False,False,84,9
000000462643.jpg,MEDIUM,onnx_cuda,False,1,12,0,True,True,23,2
000000462728.jpg,MEDIUM,onnx_cuda,False,1,19,0,True,True,31,3
000000462756.jpg,MEDIUM,onnx_cuda,False,1,10,0,True,True,34,3
000000462904.jpg,MEDIUM,onnx_cuda,False,9,63,1,True,True,213,38
000000463037.jpg,MEDIUM,onnx_cuda,False,0,0,0,False,False,12,2
000000463174.jpg,MEDIUM,onnx_cuda,False,1,9,0,True,True,30,3
000000463199.jpg,MEDIUM,onnx_cuda,False,10,90,2,True,True,120,16
000000463283.jpg,MEDIUM,onnx_cuda,False,0,0,0,False,False,38,4
000000463522.jpg,MEDIUM,onnx_cuda,False,5,33,11,True,True,49,21
000000463527.jpg,MEDIUM,onnx_cuda,False,0,0,0,False,False,66,11
000000463542.jpg,MEDIUM,onnx_cuda,False,13,113,0,True,True,155,25
000000463618.jpg,MEDIUM,onnx_cuda,False,2,18,0,True,True,46,5
000000463647.jpg,MEDIUM,onnx_cuda,False,0,0,0,False,False,19,2
000000463690.jpg,MEDIUM,onnx_cuda,False,4,36,0,True,True,62,6
000000463730.jpg,MEDIUM,onnx_cuda,False,9,81,6,True,True,121,21
000000463802.jpg,MEDIUM,onnx_cuda,False,1,10,0,True,True,11,3
000000463842.jpg,MEDIUM,onnx_cuda,False,0,0,0,False,False,194,14
000000463849.jpg,MEDIUM,onnx_cuda,False,2,11,3,True,True,141,24
000000463918.jpg,MEDIUM,onnx_cuda,False,2,18,1,True,True,66,10
000000464089.jpg,MEDIUM,onnx_cuda,False,6,50,4,True,True,97,14
000000464144.jpg,MEDIUM,onnx_cuda,False,1,9,0,True,True,20,2
000000464251.jpg,MEDIUM,onnx_cuda,False,0,0,0,False,False,17,3
000000464358.jpg,MEDIUM,onnx_cuda,False,0,0,0,False,False,29,3
000000464476.jpg,MEDIUM,onnx_cuda,False,1,9,0,True,True,30,4
000000464522.jpg,MEDIUM,onnx_cuda,False,0,0,0,False,False,10,2
000000464689.jpg,MEDIUM,onnx_cuda,False,0,0,0,False,False,17,13
000000464786.jpg,MEDIUM,onnx_cuda,False,1,9,0,True,True,22,2
000000464824.jpg,MEDIUM,onnx_cuda,False,1,9,0,True,True,19,3
000000464872.jpg,MEDIUM,onnx_cuda,False,0,0,0,False,False,20,2
000000465129.jpg,MEDIUM,onnx_cuda,False,1,9,0,True,True,87,15
000000465179.jpg,MEDIUM,onnx_cuda,False,1,9,0,True,True,21,3
000000465180.jpg,MEDIUM,onnx_cuda,False,6,54,0,True,True,107,12
000000465430.jpg,MEDIUM,onnx_cuda,False,0,0,0,False,False,23,3
000000465549.jpg,MEDIUM,onnx_cuda,False,2,18,0,True,True,47,12
000000465585.jpg,MEDIUM,onnx_cuda,False,0,0,0,False,False,45,17
000000465675.jpg,MEDIUM,onnx_cuda,False,0,0,0,False,False,18,3
000000465718.jpg,MEDIUM,onnx_cuda,False,0,0,5,True,False,68,12
000000465806.jpg,MEDIUM,onnx_cuda,False,2,25,1,True,True,59,14
000000465822.jpg,MEDIUM,onnx_cuda,False,10,99,2,True,True,194,25
000000465836.jpg,MEDIUM,onnx_cuda,False,3,28,0,True,True,70,7
000000466085.jpg,MEDIUM,onnx_cuda,False,0,0,0,False,False,12,1
000000466125.jpg,MEDIUM,onnx_cuda,False,3,27,0,True,True,50,9
000000466156.jpg,MEDIUM,onnx_cuda,False,0,4,0,False,True,39,5
000000466256.jpg,MEDIUM,onnx_cuda,False,0,0,0,False,False,10,12
000000466339.jpg,MEDIUM,onnx_cuda,False,0,0,0,False,False,10,1
000000466416.jpg,MEDIUM,onnx_cuda,False,0,0,0,False,False,16,14
000000466567.jpg,MEDIUM,onnx_cuda,False,0,0,0,False,False,0,1
000000466602.jpg,MEDIUM,onnx_cuda,False,1,9,0,True,True,10,3
000000466835.jpg,MEDIUM,onnx_cuda,False,0,0,0,False,False,10,1
000000466986.jpg,MEDIUM,onnx_cuda,False,2,28,0,True,True,39,7
000000467176.jpg,MEDIUM,onnx_cuda,False,4,35,2,True,True,57,29
000000467315.jpg,MEDIUM,onnx_cuda,False,1,17,0,True,True,79,7
000000467511.jpg,MEDIUM,onnx_cuda,False,3,27,0,True,True,35,6
000000467776.jpg,MEDIUM,onnx_cuda,False,0,0,0,False,False,26,8
000000467848.jpg,MEDIUM,onnx_cuda,False,1,11,0,True,True,32,3
000000468124.jpg,MEDIUM,onnx_cuda,False,0,0,1,True,False,16,3
000000468233.jpg,MEDIUM,onnx_cuda,False,0,0,0,False,False,20,1
000000468245.jpg,MEDIUM,onnx_cuda,False,0,0,0,False,False,16,1
000000468332.jpg,MEDIUM,onnx_cuda,False,8,94,2,True,True,130,15
000000468501.jpg,MEDIUM,onnx_cuda,False,3,27,0,True,True,53,11
000000468505.jpg,MEDIUM,onnx_cuda,False,1,9,1,True,True,70,14
000000468577.jpg,MEDIUM,onnx_cuda,False,1,9,0,True,True,22,2
000000468632.jpg,MEDIUM,onnx_cuda,False,4,28,0,True,True,42,5
000000468925.jpg,MEDIUM,onnx_cuda,False,0,0,0,False,False,36,7
000000468954.jpg,MEDIUM,onnx_cuda,False,2,25,0,True,True,33,7
000000468965.jpg,MEDIUM,onnx_cuda,False,8,72,2,True,True,96,15
000000469067.jpg,MEDIUM,onnx_cuda,False,1,9,0,True,True,39,5
000000469174.jpg,MEDIUM,onnx_cuda,False,0,0,0,False,False,10,1
000000469192.jpg,MEDIUM,onnx_cuda,False,0,0,2,True,False,70,15
000000469246.jpg,MEDIUM,onnx_cuda,False,5,18,2,True,True,42,9
000000469652.jpg,MEDIUM,onnx_cuda,False,0,0,0,False,False,10,1
000000469828.jpg,MEDIUM,onnx_cuda,False,1,21,0,True,True,24,2
000000470121.jpg,MEDIUM,onnx_cuda,False,0,0,0,False,False,30,13
000000470173.jpg,MEDIUM,onnx_cuda,False,1,20,1,True,True,21,2
000000470773.jpg,MEDIUM,onnx_cuda,False,1,9,0,True,True,60,31
000000470779.jpg,MEDIUM,onnx_cuda,False,5,45,0,True,True,80,10
000000470924.jpg,MEDIUM,onnx_cuda,False,8,72,5,True,True,332,55
000000470952.jpg,MEDIUM,onnx_cuda,False,7,64,1,True,True,91,12
000000471023.jpg,MEDIUM,onnx_cuda,False,9,54,4,True,True,63,18
000000471087.jpg,MEDIUM,onnx_cuda,False,1,9,0,True,True,20,2
000000471450.jpg,MEDIUM,onnx_cuda,False,0,0,0,False,False,30,3
000000471567.jpg,MEDIUM,onnx_cuda,False,1,3,2,True,True,14,4
000000471756.jpg,MEDIUM,onnx_cuda,False,1,9,0,True,True,22,2
000000471789.jpg,MEDIUM,onnx_cuda,False,11,56,1,True,True,77,15
000000471869.jpg,MEDIUM,onnx_cuda,False,0,0,0,False,False,28,3
000000471893.jpg,MEDIUM,onnx_cuda,False,3,26,0,True,True,122,31
000000471991.jpg,MEDIUM,onnx_cuda,False,0,0,0,False,False,8,1
000000472030.jpg,MEDIUM,onnx_cuda,False,0,0,0,False,False,10,1
000000472046.jpg,MEDIUM,onnx_cuda,False,0,0,0,False,False,90,19
000000472298.jpg,MEDIUM,onnx_cuda,False,2,18,0,True,True,28,3
000000472375.jpg,MEDIUM,onnx_cuda,False,1,24,0,True,True,36,4
000000472623.jpg,MEDIUM,onnx_cuda,False,4,36,0,True,True,40,4
000000472678.jpg,MEDIUM,onnx_cuda,False,0,0,4,True,False,77,14
000000473015.jpg,MEDIUM,onnx_cuda,False,0,0,0,False,False,9,5
000000473118.jpg,MEDIUM,onnx_cuda,False,2,18,0,True,True,30,3
000000473121.jpg,MEDIUM,onnx_cuda,False,1,7,0,True,True,14,2
000000473219.jpg,MEDIUM,onnx_cuda,False,5,45,0,True,True,81,22
000000473237.jpg,MEDIUM,onnx_cuda,False,1,9,0,True,True,23,3
000000473406.jpg,MEDIUM,onnx_cuda,False,1,9,0,True,True,71,9
000000473821.jpg,MEDIUM,onnx_cuda,False,0,0,0,False,False,41,4
000000473869.jpg,MEDIUM,onnx_cuda,False,1,9,0,True,True,58,11
000000473974.jpg,MEDIUM,onnx_cuda,False,0,0,0,False,False,49,5
000000474021.jpg,MEDIUM,onnx_cuda,False,4,30,0,True,True,63,25
000000474028.jpg,MEDIUM,onnx_cuda,False,12,104,1,True,True,129,14
000000474039.jpg,MEDIUM,onnx_cuda,False,1,9,0,True,True,39,3
000000474078.jpg,MEDIUM,onnx_cuda,False,4,36,0,True,True,57,8
000000474095.jpg,MEDIUM,onnx_cuda,False,1,9,0,True,True,11,2
000000474164.jpg,MEDIUM,onnx_cuda,False,0,0,0,False,False,31,3
000000474167.jpg,MEDIUM,onnx_cuda,False,3,36,0,True,True,55,9
000000474170.jpg,MEDIUM,onnx_cuda,False,0,0,0,False,False,20,2
000000474293.jpg,MEDIUM,onnx_cuda,False,1,9,0,True,True,29,15
000000474344.jpg,MEDIUM,onnx_cuda,False,2,18,0,True,True,33,3
000000474452.jpg,MEDIUM,onnx_cuda,False,0,0,0,False,False,52,14
000000474786.jpg,MEDIUM,onnx_cuda,False,0,0,0,False,False,57,6
000000474854.jpg,MEDIUM,onnx_cuda,False,1,9,0,True,True,31,4
000000474881.jpg,MEDIUM,onnx_cuda,False,0,0,0,False,False,40,4
000000475064.jpg,MEDIUM,onnx_cuda,False,2,16,1,True,True,28,4
000000475150.jpg,MEDIUM,onnx_cuda,False,0,0,0,False,False,10,1
000000475191.jpg,MEDIUM,onnx_cuda,False,1,9,0,True,True,19,2
000000475223.jpg,MEDIUM,onnx_cuda,False,0,0,0,False,False,20,2
000000475365.jpg,MEDIUM,onnx_cuda,False,0,0,0,False,False,10,1
000000475387.jpg,MEDIUM,onnx_cuda,False,5,50,6,True,True,76,16
000000475484.jpg,MEDIUM,onnx_cuda,False,2,10,4,True,True,49,12
000000475572.jpg,MEDIUM,onnx_cuda,False,2,19,0,True,True,47,6
000000475678.jpg,MEDIUM,onnx_cuda,False,0,0,0,False,False,148,12
000000475732.jpg,MEDIUM,onnx_cuda,False,0,0,0,False,False,12,1
000000475779.jpg,MEDIUM,onnx_cuda,False,0,0,0,False,False,10,1
000000475904.jpg,MEDIUM,onnx_cuda,False,0,0,0,False,False,20,2
000000476119.jpg,MEDIUM,onnx_cuda,False,1,20,0,True,True,57,5
000000476215.jpg,MEDIUM,onnx_cuda,False,1,9,0,True,True,40,3
000000476258.jpg,MEDIUM,onnx_cuda,False,1,9,0,True,True,20,2
000000476415.jpg,MEDIUM,onnx_cuda,False,1,8,0,True,True,19,2
000000476491.jpg,MEDIUM,onnx_cuda,False,0,3,0,False,True,3,0
000000476514.jpg,MEDIUM,onnx_cuda,False,2,18,0,True,True,41,5
000000476704.jpg,MEDIUM,onnx_cuda,False,1,9,0,True,True,57,8
000000476770.jpg,MEDIUM,onnx_cuda,False,9,117,4,True,True,144,16
000000476787.jpg,MEDIUM,onnx_cuda,False,0,0,0,False,False,102,11
000000476810.jpg,MEDIUM,onnx_cuda,False,0,0,0,False,False,29,9
000000477118.jpg,MEDIUM,onnx_cuda,False,0,0,0,False,False,0,0
000000477227.jpg,MEDIUM,onnx_cuda,False,0,0,1,True,False,10,8
000000477288.jpg,MEDIUM,onnx_cuda,False,7,73,2,True,True,143,15
000000477441.jpg,MEDIUM,onnx_cuda,False,1,1,2,True,True,29,4
000000477623.jpg,MEDIUM,onnx_cuda,False,0,0,0,False,False,20,1
000000477689.jpg,MEDIUM,onnx_cuda,False,1,9,0,True,True,18,2
000000477805.jpg,MEDIUM,onnx_cuda,False,0,10,2,True,True,10,3
000000477955.jpg,MEDIUM,onnx_cuda,False,1,9,0,True,True,19,4
000000478136.jpg,MEDIUM,onnx_cuda,False,0,0,0,False,False,61,6
000000478286.jpg,MEDIUM,onnx_cuda,False,0,0,0,False,False,9,1
000000478393.jpg,MEDIUM,onnx_cuda,False,0,0,0,False,False,40,4
000000478420.jpg,MEDIUM,onnx_cuda,False,2,18,0,True,True,20,3
000000478474.jpg,MEDIUM,onnx_cuda,False,0,0,0,False,False,17,8
000000478721.jpg,MEDIUM,onnx_cuda,False,5,40,0,True,True,102,13
000000478862.jpg,MEDIUM,onnx_cuda,False,10,103,3,True,True,123,14
000000479030.jpg,MEDIUM,onnx_cuda,False,0,0,0,False,False,20,12
000000479099.jpg,MEDIUM,onnx_cuda,False,0,0,0,False,False,10,1
000000479126.jpg,MEDIUM,onnx_cuda,False,2,22,0,True,True,62,8
000000479155.jpg,MEDIUM,onnx_cuda,False,6,54,3,True,True,76,19
000000479248.jpg,MEDIUM,onnx_cuda,False,1,9,1,True,True,129,26
000000479448.jpg,MEDIUM,onnx_cuda,False,0,0,0,False,False,138,17
000000479596.jpg,MEDIUM,onnx_cuda,False,0,0,0,False,False,43,14
000000479732.jpg,MEDIUM,onnx_cuda,False,0,0,0,False,False,21,3
000000479912.jpg,MEDIUM,onnx_cuda,False,2,0,1,True,True,33,7
000000479953.jpg,MEDIUM,onnx_cuda,False,1,9,0,True,True,20,2
000000480021.jpg,MEDIUM,onnx_cuda,False,6,54,0,True,True,72,9
000000480122.jpg,MEDIUM,onnx_cuda,False,0,0,0,False,False,130,21
000000480212.jpg,MEDIUM,onnx_cuda,False,0,0,0,False,False,42,2
000000480275.jpg,MEDIUM,onnx_cuda,False,0,10,2,True,True,21,12
000000480842.jpg,MEDIUM,onnx_cuda,False,0,0,0,False,False,16,2
000000480936.jpg,MEDIUM,onnx_cuda,False,1,9,0,True,True,38,5
000000480944.jpg,MEDIUM,onnx_cuda,False,0,0,0,False,False,90,14
000000480985.jpg,MEDIUM,onnx_cuda,False,6,55,7,True,True,64,13
000000481159.jpg,MEDIUM,onnx_cuda,False,0,0,0,False,False,20,1
000000481386.jpg,MEDIUM,onnx_cuda,False,1,9,0,True,True,103,30
000000481390.jpg,MEDIUM,onnx_cuda,False,11,124,2,True,True,137,34
000000481404.jpg,MEDIUM,onnx_cuda,False,0,0,0,False,False,10,0
000000481413.jpg,MEDIUM,onnx_cuda,False,1,9,0,True,True,20,2
000000481480.jpg,MEDIUM,onnx_cuda,False,2,14,0,True,True,36,4
000000481567.jpg,MEDIUM,onnx_cuda,False,2,18,0,True,True,20,2
000000481573.jpg,MEDIUM,onnx_cuda,False,1,8,0,True,True,18,2
000000481582.jpg,MEDIUM,onnx_cuda,False,3,27,0,True,True,41,4
000000482100.jpg,MEDIUM,onnx_cuda,False,0,0,0,False,False,65,7
000000482275.jpg,MEDIUM,onnx_cuda,False,2,18,1,True,True,156,19
000000482319.jpg,MEDIUM,onnx_cuda,False,2,18,1,True,True,56,12
000000482436.jpg,MEDIUM,onnx_cuda,False,1,19,1,True,True,20,9
000000482477.jpg,MEDIUM,onnx_cuda,False,0,0,0,False,False,10,1
000000482487.jpg,MEDIUM,onnx_cuda,False,0,0,0,False,False,20,2
000000482585.jpg,MEDIUM,onnx_cuda,False,2,19,0,True,True,46,6
000000482719.jpg,MEDIUM,onnx_cuda,False,0,0,0,False,False,25,6
000000482735.jpg,MEDIUM,onnx_cuda,False,1,9,0,True,True,20,2
000000482800.jpg,MEDIUM,onnx_cuda,False,3,27,0,True,True,41,4
000000482917.jpg,MEDIUM,onnx_cuda,False,1,32,0,True,True,54,5
000000482970.jpg,MEDIUM,onnx_cuda,False,0,0,0,False,False,11,2
000000482978.jpg,MEDIUM,onnx_cuda,False,0,0,0,False,False,30,2
000000483050.jpg,MEDIUM,onnx_cuda,False,0,0,0,False,False,27,3
000000483531.jpg,MEDIUM,onnx_cuda,False,0,0,0,False,False,9,1
000000483667.jpg,MEDIUM,onnx_cuda,False,1,9,0,True,True,20,3
000000483999.jpg,MEDIUM,onnx_cuda,False,11,103,0,True,True,267,41
000000484029.jpg,MEDIUM,onnx_cuda,False,0,0,0,False,False,62,8
000000484296.jpg,MEDIUM,onnx_cuda,False,0,0,0,False,False,20,2
000000484351.jpg,MEDIUM,onnx_cuda,False,11,160,2,True,True,285,32
000000484404.jpg,MEDIUM,onnx_cuda,False,2,24,1,True,True,76,16
000000484415.jpg,MEDIUM,onnx_cuda,False,0,0,1,True,False,17,2
000000484760.jpg,MEDIUM,onnx_cuda,False,0,0,0,False,False,28,1
000000484893.jpg,MEDIUM,onnx_cuda,False,2,10,0,True,True,55,7
000000484978.jpg,MEDIUM,onnx_cuda,False,1,9,0,True,True,155,20
000000485027.jpg,MEDIUM,onnx_cuda,False,1,9,0,True,True,25,3
000000485071.jpg,MEDIUM,onnx_cuda,False,1,9,0,True,True,18,2
000000485130.jpg,MEDIUM,onnx_cuda,False,0,0,0,False,False,10,2
000000485237.jpg,MEDIUM,onnx_cuda,False,0,3,0,False,True,64,8
000000485424.jpg,MEDIUM,onnx_cuda,False,0,10,0,False,True,74,9
000000485480.jpg,MEDIUM,onnx_cuda,False,3,27,0,True,True,41,5
000000485802.jpg,MEDIUM,onnx_cuda,False,0,0,0,False,False,5,1
000000485844.jpg,MEDIUM,onnx_cuda,False,1,9,0,True,True,63,11
000000485895.jpg,MEDIUM,onnx_cuda,False,0,0,0,False,False,10,1
000000485972.jpg,MEDIUM,onnx_cuda,False,0,0,0,False,False,29,6
000000486040.jpg,MEDIUM,onnx_cuda,False,0,0,0,False,False,75,6
000000486046.jpg,MEDIUM,onnx_cuda,False,0,0,0,False,False,21,3
000000486104.jpg,MEDIUM,onnx_cuda,False,4,61,9,True,True,76,17
000000486112.jpg,MEDIUM,onnx_cuda,False,1,9,0,True,True,31,2
000000486438.jpg,MEDIUM,onnx_cuda,False,1,9,0,True,True,90,9
000000486479.jpg,MEDIUM,onnx_cuda,False,0,0,0,False,False,16,2
000000486573.jpg,MEDIUM,onnx_cuda,False,0,0,0,False,False,16,1
000000487583.jpg,MEDIUM,onnx_cuda,False,0,0,0,False,False,34,2
000000488075.jpg,MEDIUM,onnx_cuda,False,0,0,0,False,False,73,14
000000488166.jpg,MEDIUM,onnx_cuda,False,1,9,0,True,True,55,6
000000488251.jpg,MEDIUM,onnx_cuda,False,2,17,0,True,True,27,6
000000488270.jpg,MEDIUM,onnx_cuda,False,0,0,0,False,False,11,1
000000488385.jpg,MEDIUM,onnx_cuda,False,2,18,0,True,True,20,2
000000488592.jpg,MEDIUM,onnx_cuda,False,8,55,4,True,True,79,13
000000488664.jpg,MEDIUM,onnx_cuda,False,0,0,0,False,False,12,3
000000488673.jpg,MEDIUM,onnx_cuda,False,2,20,0,True,True,99,15
000000488710.jpg,MEDIUM,onnx_cuda,False,1,9,0,True,True,15,1
000000488736.jpg,MEDIUM,onnx_cuda,False,0,0,0,False,False,30,2
000000489014.jpg,MEDIUM,onnx_cuda,False,0,0,1,True,False,11,3
000000489046.jpg,MEDIUM,onnx_cuda,False,0,0,0,False,False,10,1
000000489091.jpg,MEDIUM,onnx_cuda,False,0,0,0,False,False,40,2
000000489305.jpg,MEDIUM,onnx_cuda,False,1,9,0,True,True,39,8
000000489339.jpg,MEDIUM,onnx_cuda,False,1,10,0,True,True,23,2
000000489611.jpg,MEDIUM,onnx_cuda,False,1,9,0,True,True,43,4
000000489764.jpg,MEDIUM,onnx_cuda,False,1,18,0,True,True,29,9
000000489842.jpg,MEDIUM,onnx_cuda,False,11,218,2,True,True,260,21
000000489924.jpg,MEDIUM,onnx_cuda,False,1,10,0,True,True,22,2
000000490125.jpg,MEDIUM,onnx_cuda,False,0,0,0,False,False,156,14
000000490171.jpg,MEDIUM,onnx_cuda,False,1,11,0,True,True,35,3
000000490413.jpg,MEDIUM,onnx_cuda,False,0,0,0,False,False,10,1
000000490470.jpg,MEDIUM,onnx_cuda,False,0,0,0,False,False,58,3
000000490515.jpg,MEDIUM,onnx_cuda,False,1,9,0,True,True,10,3
000000490936.jpg,MEDIUM,onnx_cuda,False,12,81,15,True,True,117,34
000000491008.jpg,MEDIUM,onnx_cuda,False,2,18,0,True,True,188,25
000000491071.jpg,MEDIUM,onnx_cuda,False,0,0,0,False,False,16,2
000000491090.jpg,MEDIUM,onnx_cuda,False,3,33,3,True,True,36,6
000000491130.jpg,MEDIUM,onnx_cuda,False,1,9,1,True,True,25,3
000000491213.jpg,MEDIUM,onnx_cuda,False,1,9,1,True,True,29,8
000000491216.jpg,MEDIUM,onnx_cuda,False,0,0,0,False,False,67,16
000000491366.jpg,MEDIUM,onnx_cuda,False,2,18,0,True,True,54,10
000000491464.jpg,MEDIUM,onnx_cuda,False,1,7,0,True,True,32,13
000000491470.jpg,MEDIUM,onnx_cuda,False,0,0,0,False,False,18,3
000000491497.jpg,MEDIUM,onnx_cuda,False,0,11,0,False,True,42,12
000000491613.jpg,MEDIUM,onnx_cuda,False,0,0,0,False,False,20,1
000000491683.jpg,MEDIUM,onnx_cuda,False,0,0,0,False,False,9,2
000000491725.jpg,MEDIUM,onnx_cuda,False,0,0,0,False,False,33,11
000000491757.jpg,MEDIUM,onnx_cuda,False,0,0,0,False,False,19,2
000000491867.jpg,MEDIUM,onnx_cuda,False,3,27,0,True,True,48,6
000000492077.jpg,MEDIUM,onnx_cuda,False,9,78,6,True,True,124,26
000000492110.jpg,MEDIUM,onnx_cuda,False,3,20,0,True,True,114,15
000000492282.jpg,MEDIUM,onnx_cuda,False,4,43,0,True,True,85,9
000000492284.jpg,MEDIUM,onnx_cuda,False,1,9,0,True,True,29,4
000000492362.jpg,MEDIUM,onnx_cuda,False,3,31,0,True,True,84,13
000000492758.jpg,MEDIUM,onnx_cuda,False,1,8,0,True,True,93,15
000000492878.jpg,MEDIUM,onnx_cuda,False,0,0,0,False,False,87,8
000000492905.jpg,MEDIUM,onnx_cuda,False,0,0,0,False,False,40,3
000000492937.jpg,MEDIUM,onnx_cuda,False,2,18,0,True,True,20,3
000000492968.jpg,MEDIUM,onnx_cuda,False,1,9,0,True,True,20,2
000000492992.jpg,MEDIUM,onnx_cuda,False,0,0,0,False,False,20,2
000000493019.jpg,MEDIUM,onnx_cuda,False,0,0,0,False,False,76,8
000000493284.jpg,MEDIUM,onnx_cuda,False,0,0,0,False,False,73,6
000000493286.jpg,MEDIUM,onnx_cuda,False,1,7,2,True,True,32,8
000000493334.jpg,MEDIUM,onnx_cuda,False,0,0,0,False,False,10,2
000000493442.jpg,MEDIUM,onnx_cuda,False,1,9,0,True,True,13,2
000000493566.jpg,MEDIUM,onnx_cuda,False,0,0,0,False,False,9,2
000000493613.jpg,MEDIUM,onnx_cuda,False,0,9,0,False,True,19,1
000000493772.jpg,MEDIUM,onnx_cuda,False,1,9,0,True,True,20,2
000000493799.jpg,MEDIUM,onnx_cuda,False,0,0,0,False,False,29,6
000000493864.jpg,MEDIUM,onnx_cuda,False,2,22,1,True,True,39,6
000000493905.jpg,MEDIUM,onnx_cuda,False,12,155,1,True,True,275,28
000000494188.jpg,MEDIUM,onnx_cuda,False,6,48,1,True,True,75,16
000000494427.jpg,MEDIUM,onnx_cuda,False,0,0,0,False,False,11,2
000000494634.jpg,MEDIUM,onnx_cuda,False,0,0,0,False,False,58,8
000000494759.jpg,MEDIUM,onnx_cuda,False,2,18,0,True,True,35,3
000000494863.jpg,MEDIUM,onnx_cuda,False,0,0,0,False,False,37,2
000000494869.jpg,MEDIUM,onnx_cuda,False,2,18,0,True,True,81,9
000000494913.jpg,MEDIUM,onnx_cuda,False,1,9,0,True,True,64,26
000000495054.jpg,MEDIUM,onnx_cuda,False,0,1,0,False,True,34,8
000000495146.jpg,MEDIUM,onnx_cuda,False,7,64,1,True,True,132,16
000000495448.jpg,MEDIUM,onnx_cuda,False,0,0,0,False,False,13,2
000000495732.jpg,MEDIUM,onnx_cuda,False,3,22,0,True,True,40,6
000000496409.jpg,MEDIUM,onnx_cuda,False,2,18,0,True,True,20,3
000000496571.jpg,MEDIUM,onnx_cuda,False,1,9,1,True,True,107,14
000000496597.jpg,MEDIUM,onnx_cuda,False,2,1,0,True,True,11,3
000000496722.jpg,MEDIUM,onnx_cuda,False,0,0,0,False,False,10,13
000000496854.jpg,MEDIUM,onnx_cuda,False,7,62,1,True,True,115,15
000000496954.jpg,MEDIUM,onnx_cuda,False,0,0,0,False,False,57,6
000000497344.jpg,MEDIUM,onnx_cuda,False,1,9,0,True,True,31,4
000000497568.jpg,MEDIUM,onnx_cuda,False,2,20,0,True,True,32,5
000000497599.jpg,MEDIUM,onnx_cuda,False,4,29,0,True,True,66,8
000000497628.jpg,MEDIUM,onnx_cuda,False,0,0,0,False,False,20,2
000000497867.jpg,MEDIUM,onnx_cuda,False,1,10,2,True,True,21,4
000000498032.jpg,MEDIUM,onnx_cuda,False,1,9,0,True,True,16,2
000000498286.jpg,MEDIUM,onnx_cuda,False,0,0,0,False,False,20,3
000000498463.jpg,MEDIUM,onnx_cuda,False,0,0,0,False,False,27,2
000000498709.jpg,MEDIUM,onnx_cuda,False,1,8,0,True,True,42,4
000000498747.jpg,MEDIUM,onnx_cuda,False,8,65,1,True,True,92,11
000000498807.jpg,MEDIUM,onnx_cuda,False,1,9,0,True,True,20,2
000000498857.jpg,MEDIUM,onnx_cuda,False,0,0,0,False,False,10,1
000000498919.jpg,MEDIUM,onnx_cuda,False,0,10,0,False,True,10,23
000000499031.jpg,MEDIUM,onnx_cuda,False,3,27,0,True,True,30,4
000000499109.jpg,MEDIUM,onnx_cuda,False,0,0,0,False,False,3,1
000000499181.jpg,MEDIUM,onnx_cuda,False,0,0,1,True,False,82,13
000000499266.jpg,MEDIUM,onnx_cuda,False,3,24,0,True,True,37,5
000000499313.jpg,MEDIUM,onnx_cuda,False,0,0,0,False,False,44,5
000000499622.jpg,MEDIUM,onnx_cuda,False,2,24,0,True,True,26,2
000000499768.jpg,MEDIUM,onnx_cuda,False,0,0,0,False,False,36,3
000000499775.jpg,MEDIUM,onnx_cuda,False,0,0,0,False,False,20,2
000000500049.jpg,MEDIUM,onnx_cuda,False,0,0,0,False,False,10,1
000000500211.jpg,MEDIUM,onnx_cuda,False,0,0,0,False,False,111,13
000000500257.jpg,MEDIUM,onnx_cuda,False,4,33,2,True,True,68,30
000000500270.jpg,MEDIUM,onnx_cuda,False,4,31,4,True,True,41,12
000000500423.jpg,MEDIUM,onnx_cuda,False,0,0,1,True,False,17,2
000000500464.jpg,MEDIUM,onnx_cuda,False,0,0,0,False,False,46,5
000000500477.jpg,MEDIUM,onnx_cuda,False,1,0,0,True,True,1,2
000000500478.jpg,MEDIUM,onnx_cuda,False,9,85,4,True,True,122,25
000000500565.jpg,MEDIUM,onnx_cuda,False,2,18,0,True,True,30,3
000000500613.jpg,MEDIUM,onnx_cuda,False,0,0,0,False,False,51,6
000000500663.jpg,MEDIUM,onnx_cuda,False,0,0,0,False,False,24,3
000000500716.jpg,MEDIUM,onnx_cuda,False,1,2,0,True,True,13,2
000000500826.jpg,MEDIUM,onnx_cuda,False,0,0,0,False,False,8,1
000000501005.jpg,MEDIUM,onnx_cuda,False,3,28,0,True,True,53,5
000000501023.jpg,MEDIUM,onnx_cuda,False,0,0,0,False,False,10,3
000000501243.jpg,MEDIUM,onnx_cuda,False,0,0,0,False,False,30,3
000000501368.jpg,MEDIUM,onnx_cuda,False,1,9,0,True,True,10,4
000000501523.jpg,MEDIUM,onnx_cuda,False,0,0,0,False,False,38,5
000000502136.jpg,MEDIUM,onnx_cuda,False,0,0,0,False,False,42,4
000000502168.jpg,MEDIUM,onnx_cuda,False,6,63,3,True,True,90,14
000000502229.jpg,MEDIUM,onnx_cuda,False,0,0,0,False,False,19,4
000000502336.jpg,MEDIUM,onnx_cuda,False,4,45,1,True,True,59,10
000000502347.jpg,MEDIUM,onnx_cuda,False,0,0,0,False,False,10,10
000000502599.jpg,MEDIUM,onnx_cuda,False,0,0,0,False,False,44,3
000000502732.jpg,MEDIUM,onnx_cuda,False,0,0,0,False,False,10,1
000000502737.jpg,MEDIUM,onnx_cuda,False,1,13,1,True,True,34,4
000000502910.jpg,MEDIUM,onnx_cuda,False,0,0,0,False,False,0,0
000000503755.jpg,MEDIUM,onnx_cuda,False,1,9,0,True,True,20,2
000000503823.jpg,MEDIUM,onnx_cuda,False,0,0,0,False,False,11,4
000000503841.jpg,MEDIUM,onnx_cuda,False,0,0,0,False,False,27,2
000000503855.jpg,MEDIUM,onnx_cuda,False,8,65,1,True,True,142,17
000000504000.jpg,MEDIUM,onnx_cuda,False,4,16,9,True,True,48,15
000000504074.jpg,MEDIUM,onnx_cuda,False,2,21,0,True,True,71,9
000000504389.jpg,MEDIUM,onnx_cuda,False,2,17,0,True,True,35,4
000000504415.jpg,MEDIUM,onnx_cuda,False,1,9,0,True,True,57,8
000000504439.jpg,MEDIUM,onnx_cuda,False,0,0,0,False,False,20,2
000000504580.jpg,MEDIUM,onnx_cuda,False,0,0,0,False,False,25,3
000000504589.jpg,MEDIUM,onnx_cuda,False,2,18,0,True,True,30,3
000000504635.jpg,MEDIUM,onnx_cuda,False,0,0,0,False,False,42,4
000000504711.jpg,MEDIUM,onnx_cuda,False,0,0,0,False,False,20,2
000000505169.jpg,MEDIUM,onnx_cuda,False,0,0,0,False,False,10,1
000000505451.jpg,MEDIUM,onnx_cuda,False,1,9,0,True,True,10,2
000000505565.jpg,MEDIUM,onnx_cuda,False,0,0,0,False,False,33,4
000000505573.jpg,MEDIUM,onnx_cuda,False,0,0,0,False,False,20,2
000000505638.jpg,MEDIUM,onnx_cuda,False,0,0,4,True,False,10,5
000000505789.jpg,MEDIUM,onnx_cuda,False,6,50,2,True,True,66,11
000000505942.jpg,MEDIUM,onnx_cuda,False,2,18,0,True,True,55,7
000000506004.jpg,MEDIUM,onnx_cuda,False,0,0,0,False,False,17,4
000000506178.jpg,MEDIUM,onnx_cuda,False,1,11,1,True,True,22,5
000000506279.jpg,MEDIUM,onnx_cuda,False,0,0,0,False,False,11,2
000000506310.jpg,MEDIUM,onnx_cuda,False,0,0,0,False,False,46,6
000000506454.jpg,MEDIUM,onnx_cuda,False,0,0,1,True,False,10,2
000000506656.jpg,MEDIUM,onnx_cuda,False,1,10,0,True,True,51,5
000000506707.jpg,MEDIUM,onnx_cuda,False,8,73,0,True,True,89,16
000000506933.jpg,MEDIUM,onnx_cuda,False,1,9,0,True,True,20,5
000000507015.jpg,MEDIUM,onnx_cuda,False,6,55,0,True,True,82,9
000000507037.jpg,MEDIUM,onnx_cuda,False,15,153,5,True,True,191,26
000000507042.jpg,MEDIUM,onnx_cuda,False,0,0,0,False,False,30,3
000000507081.jpg,MEDIUM,onnx_cuda,False,0,0,0,False,False,34,6
000000507223.jpg,MEDIUM,onnx_cuda,False,5,53,2,True,True,77,9
000000507235.jpg,MEDIUM,onnx_cuda,False,0,0,0,False,False,27,3
000000507473.jpg,MEDIUM,onnx_cuda,False,1,9,0,True,True,44,3
000000507575.jpg,MEDIUM,onnx_cuda,False,0,0,0,False,False,60,8
000000507667.jpg,MEDIUM,onnx_cuda,False,7,70,6,True,True,104,15
000000507797.jpg,MEDIUM,onnx_cuda,False,7,69,1,True,True,126,15
000000507893.jpg,MEDIUM,onnx_cuda,False,0,0,0,False,False,20,2
000000507975.jpg,MEDIUM,onnx_cuda,False,6,54,0,True,True,88,11
000000508101.jpg,MEDIUM,onnx_cuda,False,2,21,1,True,True,33,4
000000508312.jpg,MEDIUM,onnx_cuda,False,0,0,1,True,False,20,4
000000508370.jpg,MEDIUM,onnx_cuda,False,3,38,0,True,True,56,6
000000508482.jpg,MEDIUM,onnx_cuda,False,0,0,0,False,False,13,1
000000508586.jpg,MEDIUM,onnx_cuda,False,0,0,0,False,False,84,10
000000508602.jpg,MEDIUM,onnx_cuda,False,0,0,0,False,False,22,3
000000508639.jpg,MEDIUM,onnx_cuda,False,0,0,0,False,False,10,1
000000508730.jpg,MEDIUM,onnx_cuda,False,2,18,0,True,True,43,6
000000508917.jpg,MEDIUM,onnx_cuda,False,9,60,3,True,True,89,18
000000509008.jpg,MEDIUM,onnx_cuda,False,0,0,0,False,False,13,1
000000509014.jpg,MEDIUM,onnx_cuda,False,13,128,0,True,True,173,21
000000509131.jpg,MEDIUM,onnx_cuda,False,0,0,0,False,False,18,9
000000509258.jpg,MEDIUM,onnx_cuda,False,0,0,0,False,False,8,1
000000509260.jpg,MEDIUM,onnx_cuda,False,0,0,0,False,False,22,14
000000509403.jpg,MEDIUM,onnx_cuda,False,3,27,0,True,True,49,5
000000509451.jpg,MEDIUM,onnx_cuda,False,5,76,1,True,True,86,12
000000509656.jpg,MEDIUM,onnx_cuda,False,0,0,0,False,False,10,2
000000509699.jpg,MEDIUM,onnx_cuda,False,0,13,0,False,True,52,7
000000509719.jpg,MEDIUM,onnx_cuda,False,0,0,0,False,False,10,2
000000509735.jpg,MEDIUM,onnx_cuda,False,0,0,0,False,False,60,5
000000509824.jpg,MEDIUM,onnx_cuda,False,0,0,0,False,False,79,8
000000510095.jpg,MEDIUM,onnx_cuda,False,1,9,0,True,True,22,3
000000510329.jpg,MEDIUM,onnx_cuda,False,2,18,0,True,True,42,4
000000511076.jpg,MEDIUM,onnx_cuda,False,2,9,0,True,True,185,18
000000511321.jpg,MEDIUM,onnx_cuda,False,0,0,0,False,False,33,4
000000511384.jpg,MEDIUM,onnx_cuda,False,2,11,0,True,True,23,3
000000511398.jpg,MEDIUM,onnx_cuda,False,0,0,0,False,False,20,1
000000511453.jpg,MEDIUM,onnx_cuda,False,0,0,0,False,False,20,3
000000511599.jpg,MEDIUM,onnx_cuda,False,10,84,1,True,True,147,23
000000511647.jpg,MEDIUM,onnx_cuda,False,1,10,0,True,True,15,2
000000511760.jpg,MEDIUM,onnx_cuda,False,2,18,0,True,True,30,7
000000511999.jpg,MEDIUM,onnx_cuda,False,3,27,0,True,True,70,6
000000512194.jpg,MEDIUM,onnx_cuda,False,0,0,0,False,False,20,1
000000512248.jpg,MEDIUM,onnx_cuda,False,0,0,0,False,False,10,1
000000512330.jpg,MEDIUM,onnx_cuda,False,0,0,0,False,False,55,14
000000512403.jpg,MEDIUM,onnx_cuda,False,0,0,0,False,False,18,3
000000512476.jpg,MEDIUM,onnx_cuda,False,0,0,0,False,False,49,6
000000512564.jpg,MEDIUM,onnx_cuda,False,0,0,3,True,False,40,17
000000512648.jpg,MEDIUM,onnx_cuda,False,0,0,0,False,False,10,1
000000512657.jpg,MEDIUM,onnx_cuda,False,3,27,0,True,True,85,10
000000512776.jpg,MEDIUM,onnx_cuda,False,2,18,0,True,True,30,3
000000512836.jpg,MEDIUM,onnx_cuda,False,2,18,0,True,True,61,7
000000512929.jpg,MEDIUM,onnx_cuda,False,2,18,0,True,True,56,7
000000512985.jpg,MEDIUM,onnx_cuda,False,1,8,0,True,True,19,2
000000513041.jpg,MEDIUM,onnx_cuda,False,2,18,1,True,True,84,10
000000513181.jpg,MEDIUM,onnx_cuda,False,0,0,0,False,False,22,14
000000513283.jpg,MEDIUM,onnx_cuda,False,0,0,1,True,False,26,8
000000513484.jpg,MEDIUM,onnx_cuda,False,0,0,0,False,False,10,1
000000513524.jpg,MEDIUM,onnx_cuda,False,1,9,0,True,True,20,2
000000513567.jpg,MEDIUM,onnx_cuda,False,7,55,2,True,True,109,14
000000513580.jpg,MEDIUM,onnx_cuda,False,2,18,0,True,True,30,3
000000513688.jpg,MEDIUM,onnx_cuda,False,0,0,0,False,False,29,4
000000514376.jpg,MEDIUM,onnx_cuda,False,0,0,0,False,False,27,8
000000514508.jpg,MEDIUM,onnx_cuda,False,4,36,0,True,True,49,5
000000514540.jpg,MEDIUM,onnx_cuda,False,0,0,0,False,False,0,0
000000514586.jpg,MEDIUM,onnx_cuda,False,1,17,3,True,True,39,7
000000514797.jpg,MEDIUM,onnx_cuda,False,3,27,0,True,True,40,4
000000514914.jpg,MEDIUM,onnx_cuda,False,0,0,0,False,False,22,3
000000514979.jpg,MEDIUM,onnx_cuda,False,0,0,0,False,False,20,2
000000515025.jpg,MEDIUM,onnx_cuda,False,1,11,0,True,True,98,10
000000515077.jpg,MEDIUM,onnx_cuda,False,1,9,0,True,True,110,12
000000515266.jpg,MEDIUM,onnx_cuda,False,0,0,0,False,False,36,4
000000515350.jpg,MEDIUM,onnx_cuda,False,1,10,0,True,True,22,2
000000515445.jpg,MEDIUM,onnx_cuda,False,5,35,0,True,True,55,7
000000515577.jpg,MEDIUM,onnx_cuda,False,2,19,0,True,True,33,4
000000515579.jpg,MEDIUM,onnx_cuda,False,2,22,1,True,True,33,7
000000515828.jpg,MEDIUM,onnx_cuda,False,2,18,0,True,True,70,10
000000515982.jpg,MEDIUM,onnx_cuda,False,3,27,0,True,True,49,5
000000516038.jpg,MEDIUM,onnx_cuda,False,3,27,0,True,True,50,7
000000516143.jpg,MEDIUM,onnx_cuda,False,1,8,0,True,True,19,2
000000516173.jpg,MEDIUM,onnx_cuda,False,2,18,0,True,True,30,3
000000516316.jpg,MEDIUM,onnx_cuda,False,0,0,0,False,False,20,11
000000516318.jpg,MEDIUM,onnx_cuda,False,1,9,0,True,True,18,3
000000516601.jpg,MEDIUM,onnx_cuda,False,10,41,2,True,True,56,19
000000516677.jpg,MEDIUM,onnx_cuda,False,8,68,1,True,True,154,22
000000516708.jpg,MEDIUM,onnx_cuda,False,0,0,0,False,False,10,1
000000516804.jpg,MEDIUM,onnx_cuda,False,0,0,0,False,False,22,2
000000516871.jpg,MEDIUM,onnx_cuda,False,0,0,0,False,False,7,5
000000516916.jpg,MEDIUM,onnx_cuda,False,0,0,0,False,False,114,10
000000517056.jpg,MEDIUM,onnx_cuda,False,2,18,0,True,True,84,15
000000517069.jpg,MEDIUM,onnx_cuda,False,2,25,0,True,True,68,11
000000517523.jpg,MEDIUM,onnx_cuda,False,0,0,0,False,False,10,1
000000517687.jpg,MEDIUM,onnx_cuda,False,0,0,0,False,False,20,3
000000517832.jpg,MEDIUM,onnx_cuda,False,0,0,0,False,False,17,2
000000518213.jpg,MEDIUM,onnx_cuda,False,0,0,0,False,False,20,2
000000518326.jpg,MEDIUM,onnx_cuda,False,1,9,1,True,True,26,5
000000518770.jpg,MEDIUM,onnx_cuda,False,5,46,0,True,True,151,22
000000519039.jpg,MEDIUM,onnx_cuda,False,0,0,0,False,False,10,1
000000519208.jpg,MEDIUM,onnx_cuda,False,1,9,0,True,True,31,2
000000519338.jpg,MEDIUM,onnx_cuda,False,0,0,0,False,False,10,1
000000519491.jpg,MEDIUM,onnx_cuda,False,0,0,0,False,False,10,2
000000519522.jpg,MEDIUM,onnx_cuda,False,0,0,0,False,False,24,3
000000519569.jpg,MEDIUM,onnx_cuda,False,0,0,0,False,False,79,8
000000519611.jpg,MEDIUM,onnx_cuda,False,0,0,0,False,False,10,1
000000519688.jpg,MEDIUM,onnx_cuda,False,1,9,0,True,True,20,2
000000519764.jpg,MEDIUM,onnx_cuda,False,0,0,0,False,False,19,3
000000520009.jpg,MEDIUM,onnx_cuda,False,2,18,1,True,True,65,10
000000520077.jpg,MEDIUM,onnx_cuda,False,0,0,0,False,False,158,16
000000520264.jpg,MEDIUM,onnx_cuda,False,2,18,0,True,True,99,18
000000520301.jpg,MEDIUM,onnx_cuda,False,0,0,0,False,False,10,1
000000520324.jpg,MEDIUM,onnx_cuda,False,0,1,1,True,True,25,3
000000520531.jpg,MEDIUM,onnx_cuda,False,0,0,0,False,False,64,18
000000520659.jpg,MEDIUM,onnx_cuda,False,9,88,4,True,True,99,29
000000520707.jpg,MEDIUM,onnx_cuda,False,10,91,3,True,True,134,21
000000520832.jpg,MEDIUM,onnx_cuda,False,1,9,0,True,True,20,15
000000520871.jpg,MEDIUM,onnx_cuda,False,0,0,0,False,False,58,5
000000520910.jpg,MEDIUM,onnx_cuda,False,1,9,0,True,True,34,3
000000521052.jpg,MEDIUM,onnx_cuda,False,0,0,0,False,False,28,2
000000521141.jpg,MEDIUM,onnx_cuda,False,3,29,0,True,True,106,14
000000521231.jpg,MEDIUM,onnx_cuda,False,0,0,0,False,False,10,1
000000521259.jpg,MEDIUM,onnx_cuda,False,11,122,2,True,True,180,19
000000521282.jpg,MEDIUM,onnx_cuda,False,0,0,0,False,False,10,1
000000521405.jpg,MEDIUM,onnx_cuda,False,0,8,0,False,True,18,2
000000521509.jpg,MEDIUM,onnx_cuda,False,1,12,0,True,True,64,8
000000521540.jpg,MEDIUM,onnx_cuda,False,0,0,0,False,False,9,3
000000521601.jpg,MEDIUM,onnx_cuda,False,0,0,0,False,False,8,2
000000521717.jpg,MEDIUM,onnx_cuda,False,3,27,0,True,True,48,6
000000521719.jpg,MEDIUM,onnx_cuda,False,0,0,0,False,False,75,8
000000521819.jpg,MEDIUM,onnx_cuda,False,9,82,0,True,True,118,14
000000521956.jpg,MEDIUM,onnx_cuda,False,1,9,0,True,True,25,2
000000522007.jpg,MEDIUM,onnx_cuda,False,0,0,0,False,False,47,9
000000522156.jpg,MEDIUM,onnx_cuda,False,0,0,0,False,False,10,1
000000522393.jpg,MEDIUM,onnx_cuda,False,2,18,0,True,True,41,4
000000522638.jpg,MEDIUM,onnx_cuda,False,0,0,0,False,False,7,1
000000522713.jpg,MEDIUM,onnx_cuda,False,0,0,2,True,False,21,13
000000522751.jpg,MEDIUM,onnx_cuda,False,0,0,0,False,False,40,6
000000522889.jpg,MEDIUM,onnx_cuda,False,3,25,0,True,True,58,6
000000522940.jpg,MEDIUM,onnx_cuda,False,0,0,0,False,False,10,1
000000523033.jpg,MEDIUM,onnx_cuda,False,3,10,0,True,True,14,5
000000523100.jpg,MEDIUM,onnx_cuda,False,1,9,0,True,True,47,10
000000523175.jpg,MEDIUM,onnx_cuda,False,0,0,0,False,False,25,6
000000523194.jpg,MEDIUM,onnx_cuda,False,0,0,0,False,False,10,2
000000523229.jpg,MEDIUM,onnx_cuda,False,0,0,0,False,False,18,1
000000523241.jpg,MEDIUM,onnx_cuda,False,0,0,0,False,False,50,10
000000523782.jpg,MEDIUM,onnx_cuda,False,0,0,0,False,False,33,3
000000523807.jpg,MEDIUM,onnx_cuda,False,1,9,1,True,True,40,6
000000523811.jpg,MEDIUM,onnx_cuda,False,0,0,0,False,False,10,1
000000523957.jpg,MEDIUM,onnx_cuda,False,10,91,1,True,True,109,13
000000524108.jpg,MEDIUM,onnx_cuda,False,7,74,5,True,True,81,12
000000524280.jpg,MEDIUM,onnx_cuda,False,0,0,0,False,False,11,1
000000524456.jpg,MEDIUM,onnx_cuda,False,1,9,1,True,True,21,6
000000524742.jpg,MEDIUM,onnx_cuda,False,0,0,0,False,False,8,1
000000524850.jpg,MEDIUM,onnx_cuda,False,11,160,2,True,True,241,40
000000525083.jpg,MEDIUM,onnx_cuda,False,0,0,0,False,False,76,9
000000525155.jpg,MEDIUM,onnx_cuda,False,0,0,1,True,False,8,2
000000525247.jpg,MEDIUM,onnx_cuda,False,0,0,0,False,False,29,2
000000525286.jpg,MEDIUM,onnx_cuda,False,0,0,0,False,False,10,1
000000525322.jpg,MEDIUM,onnx_cuda,False,0,0,0,False,False,19,2
000000525600.jpg,MEDIUM,onnx_cuda,False,0,0,0,False,False,88,8
000000526103.jpg,MEDIUM,onnx_cuda,False,0,0,0,False,False,27,3
000000526197.jpg,MEDIUM,onnx_cuda,False,0,0,0,False,False,20,7
000000526256.jpg,MEDIUM,onnx_cuda,False,0,0,0,False,False,19,2
000000526392.jpg,MEDIUM,onnx_cuda,False,0,0,0,False,False,64,8
000000526706.jpg,MEDIUM,onnx_cuda,False,0,0,0,False,False,40,4
000000526728.jpg,MEDIUM,onnx_cuda,False,2,18,0,True,True,99,13
000000526751.jpg,MEDIUM,onnx_cuda,False,0,0,0,False,False,60,8
000000527029.jpg,MEDIUM,onnx_cuda,False,1,9,0,True,True,14,15
000000527215.jpg,MEDIUM,onnx_cuda,False,5,19,0,True,True,34,7
000000527220.jpg,MEDIUM,onnx_cuda,False,3,27,0,True,True,40,4
000000527427.jpg,MEDIUM,onnx_cuda,False,1,9,0,True,True,66,6
000000527528.jpg,MEDIUM,onnx_cuda,False,0,0,2,True,False,56,8
000000527616.jpg,MEDIUM,onnx_cuda,False,1,9,0,True,True,19,4
000000527695.jpg,MEDIUM,onnx_cuda,False,0,0,0,False,False,35,9
000000527750.jpg,MEDIUM,onnx_cuda,False,1,9,0,True,True,65,6
000000527784.jpg,MEDIUM,onnx_cuda,False,0,0,0,False,False,50,8
000000527960.jpg,MEDIUM,onnx_cuda,False,0,0,0,False,False,10,1
000000528314.jpg,MEDIUM,onnx_cuda,False,8,106,1,True,True,123,10
000000528399.jpg,MEDIUM,onnx_cuda,False,0,0,1,True,False,90,10
000000528524.jpg,MEDIUM,onnx_cuda,False,0,0,0,False,False,10,2
000000528578.jpg,MEDIUM,onnx_cuda,False,0,0,11,True,False,12,13
000000528705.jpg,MEDIUM,onnx_cuda,False,1,9,0,True,True,28,2
000000528862.jpg,MEDIUM,onnx_cuda,False,0,0,0,False,False,66,7
000000528977.jpg,MEDIUM,onnx_cuda,False,0,0,0,False,False,0,0
000000528980.jpg,MEDIUM,onnx_cuda,False,0,4,0,False,True,47,9
000000529105.jpg,MEDIUM,onnx_cuda,False,0,0,0,False,False,10,1
000000529122.jpg,MEDIUM,onnx_cuda,False,3,28,0,True,True,70,19
000000529148.jpg,MEDIUM,onnx_cuda,False,2,13,0,True,True,75,17
000000529528.jpg,MEDIUM,onnx_cuda,False,0,0,0,False,False,23,3
000000529568.jpg,MEDIUM,onnx_cuda,False,0,0,0,False,False,105,35
000000529762.jpg,MEDIUM,onnx_cuda,False,1,10,0,True,True,51,7
000000529939.jpg,MEDIUM,onnx_cuda,False,1,9,0,True,True,92,14
000000529966.jpg,MEDIUM,onnx_cuda,False,0,3,0,False,True,142,12
000000530052.jpg,MEDIUM,onnx_cuda,False,0,0,0,False,False,10,13
000000530061.jpg,MEDIUM,onnx_cuda,False,2,18,0,True,True,59,7
000000530099.jpg,MEDIUM,onnx_cuda,False,0,0,0,False,False,14,2
000000530146.jpg,MEDIUM,onnx_cuda,False,0,0,0,False,False,71,6
000000530162.jpg,MEDIUM,onnx_cuda,False,9,73,1,True,True,122,12
000000530457.jpg,MEDIUM,onnx_cuda,False,0,0,0,False,False,10,1
000000530466.jpg,MEDIUM,onnx_cuda,False,0,0,0,False,False,9,3
000000530470.jpg,MEDIUM,onnx_cuda,False,0,4,0,False,True,31,7
000000530624.jpg,MEDIUM,onnx_cuda,False,0,0,0,False,False,28,2
000000530820.jpg,MEDIUM,onnx_cuda,False,1,9,0,True,True,20,2
000000530836.jpg,MEDIUM,onnx_cuda,False,0,0,0,False,False,56,23
000000530854.jpg,MEDIUM,onnx_cuda,False,1,8,0,True,True,100,8
000000530975.jpg,MEDIUM,onnx_cuda,False,5,57,1,True,True,132,23
000000531036.jpg,MEDIUM,onnx_cuda,False,1,9,0,True,True,30,4
000000531134.jpg,MEDIUM,onnx_cuda,False,7,62,1,True,True,109,14
000000531135.jpg,MEDIUM,onnx_cuda,False,9,71,4,True,True,87,17
000000531495.jpg,MEDIUM,onnx_cuda,False,0,0,0,False,False,18,8
000000531707.jpg,MEDIUM,onnx_cuda,False,4,35,0,True,True,49,5
000000531771.jpg,MEDIUM,onnx_cuda,False,0,0,0,False,False,10,1
000000532058.jpg,MEDIUM,onnx_cuda,False,1,9,0,True,True,48,5
000000532071.jpg,MEDIUM,onnx_cuda,False,0,0,0,False,False,10,1
000000532129.jpg,MEDIUM,onnx_cuda,False,0,0,0,False,False,39,4
000000532481.jpg,MEDIUM,onnx_cuda,False,2,10,0,True,True,32,10
000000532493.jpg,MEDIUM,onnx_cuda,False,1,9,0,True,True,20,2
000000532530.jpg,MEDIUM,onnx_cuda,False,3,16,1,True,True,19,6
000000532575.jpg,MEDIUM,onnx_cuda,False,0,0,0,False,False,10,2
000000532690.jpg,MEDIUM,onnx_cuda,False,3,35,0,True,True,52,5
000000532761.jpg,MEDIUM,onnx_cuda,False,0,0,0,False,False,70,6
000000532855.jpg,MEDIUM,onnx_cuda,False,1,19,0,True,True,30,2
000000532901.jpg,MEDIUM,onnx_cuda,False,0,0,0,False,False,44,4
000000533145.jpg,MEDIUM,onnx_cuda,False,1,0,0,True,True,11,3
000000533206.jpg,MEDIUM,onnx_cuda,False,0,0,0,False,False,87,8
000000533493.jpg,MEDIUM,onnx_cuda,False,3,17,0,True,True,20,4
000000533536.jpg,MEDIUM,onnx_cuda,False,0,0,0,False,False,20,2
000000533816.jpg,MEDIUM,onnx_cuda,False,13,153,0,True,True,262,15
000000533855.jpg,MEDIUM,onnx_cuda,False,0,0,0,False,False,15,1
000000533958.jpg,MEDIUM,onnx_cuda,False,0,0,0,False,False,22,1
000000534041.jpg,MEDIUM,onnx_cuda,False,4,30,0,True,True,61,15
000000534270.jpg,MEDIUM,onnx_cuda,False,2,18,0,True,True,58,10
000000534394.jpg,MEDIUM,onnx_cuda,False,0,11,0,False,True,161,15
000000534601.jpg,MEDIUM,onnx_cuda,False,0,0,0,False,False,22,1
000000534605.jpg,MEDIUM,onnx_cuda,False,6,53,1,True,True,59,7
000000534639.jpg,MEDIUM,onnx_cuda,False,0,4,0,False,True,59,5
000000534664.jpg,MEDIUM,onnx_cuda,False,0,0,0,False,False,60,7
000000534673.jpg,MEDIUM,onnx_cuda,False,1,9,1,True,True,20,3
000000534827.jpg,MEDIUM,onnx_cuda,False,8,76,1,True,True,84,10
000000535094.jpg,MEDIUM,onnx_cuda,False,1,9,1,True,True,20,3
000000535156.jpg,MEDIUM,onnx_cuda,False,0,0,0,False,False,29,3
000000535253.jpg,MEDIUM,onnx_cuda,False,0,0,0,False,False,43,8
000000535306.jpg,MEDIUM,onnx_cuda,False,1,9,0,True,True,20,2
000000535523.jpg,MEDIUM,onnx_cuda,False,2,18,0,True,True,30,17
000000535578.jpg,MEDIUM,onnx_cuda,False,0,0,0,False,False,63,11
000000535608.jpg,MEDIUM,onnx_cuda,False,4,40,1,True,True,90,11
000000535858.jpg,MEDIUM,onnx_cuda,False,1,9,0,True,True,10,2
000000536038.jpg,MEDIUM,onnx_cuda,False,1,15,1,True,True,28,4
000000536073.jpg,MEDIUM,onnx_cuda,False,0,0,0,False,False,30,3
000000536343.jpg,MEDIUM,onnx_cuda,False,0,0,0,False,False,0,0
000000536947.jpg,MEDIUM,onnx_cuda,False,0,0,0,False,False,26,6
000000537053.jpg,MEDIUM,onnx_cuda,False,0,0,0,False,False,11,1
000000537153.jpg,MEDIUM,onnx_cuda,False,2,8,0,True,True,20,3
000000537241.jpg,MEDIUM,onnx_cuda,False,0,0,0,False,False,10,1
000000537270.jpg,MEDIUM,onnx_cuda,False,3,27,0,True,True,84,8
000000537355.jpg,MEDIUM,onnx_cuda,False,0,0,0,False,False,10,1
000000537506.jpg,MEDIUM,onnx_cuda,False,3,28,1,True,True,88,13
000000537672.jpg,MEDIUM,onnx_cuda,False,0,0,0,False,False,20,2
000000537802.jpg,MEDIUM,onnx_cuda,False,0,0,0,False,False,56,2
000000537812.jpg,MEDIUM,onnx_cuda,False,0,0,0,False,False,31,2
000000537827.jpg,MEDIUM,onnx_cuda,False,2,18,0,True,True,40,4
000000537964.jpg,MEDIUM,onnx_cuda,False,0,0,0,False,False,10,1
000000537991.jpg,MEDIUM,onnx_cuda,False,1,9,0,True,True,69,7
000000538067.jpg,MEDIUM,onnx_cuda,False,6,57,0,True,True,72,7
000000538236.jpg,MEDIUM,onnx_cuda,False,3,25,2,True,True,55,14
000000538364.jpg,MEDIUM,onnx_cuda,False,6,45,5,True,True,91,17
000000538458.jpg,MEDIUM,onnx_cuda,False,2,18,0,True,True,49,9
000000539143.jpg,MEDIUM,onnx_cuda,False,0,0,0,False,False,10,1
000000539445.jpg,MEDIUM,onnx_cuda,False,0,0,0,False,False,25,4
000000539883.jpg,MEDIUM,onnx_cuda,False,1,7,0,True,True,26,8
000000539962.jpg,MEDIUM,onnx_cuda,False,2,10,2,True,True,45,18
000000540280.jpg,MEDIUM,onnx_cuda,False,0,0,0,False,False,15,3
000000540414.jpg,MEDIUM,onnx_cuda,False,12,125,1,True,True,191,23
000000540466.jpg,MEDIUM,onnx_cuda,False,0,0,1,True,False,10,2
000000540502.jpg,MEDIUM,onnx_cuda,False,0,0,0,False,False,92,20
000000540928.jpg,MEDIUM,onnx_cuda,False,0,4,0,False,True,14,2
000000540932.jpg,MEDIUM,onnx_cuda,False,7,44,0,True,True,53,11
000000540962.jpg,MEDIUM,onnx_cuda,False,0,0,0,False,False,41,4
000000541055.jpg,MEDIUM,onnx_cuda,False,5,44,0,True,True,67,11
000000541123.jpg,MEDIUM,onnx_cuda,False,8,65,5,True,True,88,23
000000541291.jpg,MEDIUM,onnx_cuda,False,0,0,0,False,False,0,2
000000541634.jpg,MEDIUM,onnx_cuda,False,0,0,0,False,False,47,11
000000541664.jpg,MEDIUM,onnx_cuda,False,0,0,0,False,False,46,2
000000541773.jpg,MEDIUM,onnx_cuda,False,2,23,3,True,True,120,18
000000541952.jpg,MEDIUM,onnx_cuda,False,0,0,0,False,False,16,1
000000542073.jpg,MEDIUM,onnx_cuda,False,0,0,0,False,False,0,0
000000542089.jpg,MEDIUM,onnx_cuda,False,0,0,0,False,False,16,1
000000542127.jpg,MEDIUM,onnx_cuda,False,11,101,2,True,True,132,16
000000542423.jpg,MEDIUM,onnx_cuda,False,1,9,3,True,True,24,14
000000542625.jpg,MEDIUM,onnx_cuda,False,0,10,0,False,True,78,15
000000542776.jpg,MEDIUM,onnx_cuda,False,0,0,1,True,False,34,4
000000542856.jpg,MEDIUM,onnx_cuda,False,3,25,1,True,True,47,6
000000543043.jpg,MEDIUM,onnx_cuda,False,0,0,0,False,False,21,4
000000543047.jpg,MEDIUM,onnx_cuda,False,0,0,0,False,False,89,16
000000543300.jpg,MEDIUM,onnx_cuda,False,0,0,0,False,False,14,1
000000543528.jpg,MEDIUM,onnx_cuda,False,0,0,0,False,False,11,1
000000543581.jpg,MEDIUM,onnx_cuda,False,0,0,0,False,False,53,19
000000544052.jpg,MEDIUM,onnx_cuda,False,0,14,0,False,True,25,2
000000544306.jpg,MEDIUM,onnx_cuda,False,0,0,0,False,False,20,2
000000544444.jpg,MEDIUM,onnx_cuda,False,1,9,0,True,True,20,2
000000544519.jpg,MEDIUM,onnx_cuda,False,1,9,0,True,True,21,2
000000544565.jpg,MEDIUM,onnx_cuda,False,0,0,0,False,False,36,5
000000544605.jpg,MEDIUM,onnx_cuda,False,0,0,0,False,False,10,1
000000544811.jpg,MEDIUM,onnx_cuda,False,0,0,0,False,False,20,2
000000545007.jpg,MEDIUM,onnx_cuda,False,0,0,1,True,False,20,3
000000545100.jpg,MEDIUM,onnx_cuda,False,3,27,0,True,True,49,11
000000545129.jpg,MEDIUM,onnx_cuda,False,0,0,0,False,False,30,3
000000545219.jpg,MEDIUM,onnx_cuda,False,5,45,0,True,True,81,8
000000545407.jpg,MEDIUM,onnx_cuda,False,0,0,0,False,False,10,1
000000545594.jpg,MEDIUM,onnx_cuda,False,6,62,2,True,True,87,9
000000545730.jpg,MEDIUM,onnx_cuda,False,0,0,0,False,False,86,9
000000545826.jpg,MEDIUM,onnx_cuda,False,0,8,0,False,True,18,2
000000545958.jpg,MEDIUM,onnx_cuda,False,0,0,0,False,False,9,1
000000546011.jpg,MEDIUM,onnx_cuda,False,0,0,0,False,False,30,3
000000546219.jpg,MEDIUM,onnx_cuda,False,9,88,0,True,True,217,41
000000546325.jpg,MEDIUM,onnx_cuda,False,0,0,0,False,False,32,3
000000546475.jpg,MEDIUM,onnx_cuda,False,2,16,0,True,True,33,3
000000546556.jpg,MEDIUM,onnx_cuda,False,0,0,0,False,False,138,4
000000546626.jpg,MEDIUM,onnx_cuda,False,0,0,0,False,False,40,4
000000546659.jpg,MEDIUM,onnx_cuda,False,2,9,1,True,True,21,4
000000546717.jpg,MEDIUM,onnx_cuda,False,1,9,0,True,True,46,6
000000546823.jpg,MEDIUM,onnx_cuda,False,6,59,7,True,True,118,25
000000546826.jpg,MEDIUM,onnx_cuda,False,0,0,0,False,False,8,1
000000546829.jpg,MEDIUM,onnx_cuda,False,0,0,0,False,False,20,2
000000546964.jpg,MEDIUM,onnx_cuda,False,4,44,6,True,True,153,28
000000546976.jpg,MEDIUM,onnx_cuda,False,2,16,0,True,True,18,3
000000547144.jpg,MEDIUM,onnx_cuda,False,0,0,0,False,False,73,8
000000547336.jpg,MEDIUM,onnx_cuda,False,1,9,0,True,True,40,7
000000547383.jpg,MEDIUM,onnx_cuda,False,0,0,0,False,False,20,3
000000547502.jpg,MEDIUM,onnx_cuda,False,0,0,0,False,False,53,5
000000547519.jpg,MEDIUM,onnx_cuda,False,0,0,0,False,False,10,1
000000547816.jpg,MEDIUM,onnx_cuda,False,0,0,0,False,False,19,4
000000547854.jpg,MEDIUM,onnx_cuda,False,2,25,0,True,True,37,5
000000547886.jpg,MEDIUM,onnx_cuda,False,4,33,0,True,True,67,7
000000548246.jpg,MEDIUM,onnx_cuda,False,3,34,1,True,True,65,19
000000548267.jpg,MEDIUM,onnx_cuda,False,0,0,0,False,False,100,13
000000548339.jpg,MEDIUM,onnx_cuda,False,4,45,1,True,True,69,11
000000548506.jpg,MEDIUM,onnx_cuda,False,0,0,0,False,False,71,8
000000548524.jpg,MEDIUM,onnx_cuda,False,1,10,2,True,True,11,4
000000548555.jpg,MEDIUM,onnx_cuda,False,0,4,1,True,True,14,2
000000548780.jpg,MEDIUM,onnx_cuda,False,4,34,2,True,True,83,16
000000549055.jpg,MEDIUM,onnx_cuda,False,1,18,0,True,True,28,2
000000549136.jpg,MEDIUM,onnx_cuda,False,0,0,0,False,False,1,1
000000549167.jpg,MEDIUM,onnx_cuda,False,0,0,0,False,False,28,7
000000549220.jpg,MEDIUM,onnx_cuda,False,4,31,0,True,True,47,8
000000549390.jpg,MEDIUM,onnx_cuda,False,8,57,10,True,True,75,19
000000549674.jpg,MEDIUM,onnx_cuda,False,0,0,0,False,False,84,6
000000549738.jpg,MEDIUM,onnx_cuda,False,2,13,2,True,True,38,14
000000549930.jpg,MEDIUM,onnx_cuda,False,4,18,4,True,True,42,21
000000550084.jpg,MEDIUM,onnx_cuda,False,0,0,0,False,False,12,3
000000550322.jpg,MEDIUM,onnx_cuda,False,0,0,0,False,False,23,6
000000550349.jpg,MEDIUM,onnx_cuda,False,4,24,1,True,True,49,9
000000550426.jpg,MEDIUM,onnx_cuda,False,0,0,0,False,False,10,1
000000550471.jpg,MEDIUM,onnx_cuda,False,0,0,0,False,False,5,2
000000550691.jpg,MEDIUM,onnx_cuda,False,1,2,1,True,True,42,8
000000550714.jpg,MEDIUM,onnx_cuda,False,1,9,0,True,True,27,2
000000550797.jpg,MEDIUM,onnx_cuda,False,0,0,0,False,False,10,1
000000550939.jpg,MEDIUM,onnx_cuda,False,0,0,0,False,False,10,0
000000551215.jpg,MEDIUM,onnx_cuda,False,1,9,0,True,True,13,2
000000551304.jpg,MEDIUM,onnx_cuda,False,0,0,0,False,False,10,1
000000551350.jpg,MEDIUM,onnx_cuda,False,0,0,0,False,False,21,8
000000551439.jpg,MEDIUM,onnx_cuda,False,1,9,0,True,True,28,3
000000551660.jpg,MEDIUM,onnx_cuda,False,0,0,0,False,False,49,12
000000551780.jpg,MEDIUM,onnx_cuda,False,0,0,0,False,False,10,2
000000551794.jpg,MEDIUM,onnx_cuda,False,2,18,0,True,True,20,3
000000551804.jpg,MEDIUM,onnx_cuda,False,1,9,0,True,True,20,2
000000551815.jpg,MEDIUM,onnx_cuda,False,0,0,0,False,False,26,3
000000551820.jpg,MEDIUM,onnx_cuda,False,13,125,0,True,True,160,16
000000551822.jpg,MEDIUM,onnx_cuda,False,0,0,0,False,False,57,7
000000552371.jpg,MEDIUM,onnx_cuda,False,0,4,0,False,True,25,2
000000552612.jpg,MEDIUM,onnx_cuda,False,0,0,0,False,False,89,10
000000552775.jpg,MEDIUM,onnx_cuda,False,1,8,0,True,True,82,11
000000552842.jpg,MEDIUM,onnx_cuda,False,1,9,0,True,True,18,2
000000552883.jpg,MEDIUM,onnx_cuda,False,0,0,0,False,False,18,1
000000552902.jpg,MEDIUM,onnx_cuda,False,0,0,0,False,False,10,1
000000553094.jpg,MEDIUM,onnx_cuda,False,0,0,0,False,False,10,1
000000553221.jpg,MEDIUM,onnx_cuda,False,9,29,4,True,True,90,20
000000553339.jpg,MEDIUM,onnx_cuda,False,0,0,0,False,False,1,7
000000553511.jpg,MEDIUM,onnx_cuda,False,1,8,1,True,True,82,15
000000553664.jpg,MEDIUM,onnx_cuda,False,0,0,0,False,False,34,17
000000553669.jpg,MEDIUM,onnx_cuda,False,5,33,4,True,True,100,23
000000553731.jpg,MEDIUM,onnx_cuda,False,5,41,1,True,True,51,7
000000553776.jpg,MEDIUM,onnx_cuda,False,2,18,0,True,True,20,2
000000553788.jpg,MEDIUM,onnx_cuda,False,1,9,0,True,True,25,3
000000553990.jpg,MEDIUM,onnx_cuda,False,1,11,0,True,True,22,2
000000554002.jpg,MEDIUM,onnx_cuda,False,7,64,3,True,True,99,14
000000554156.jpg,MEDIUM,onnx_cuda,False,1,9,0,True,True,24,2
000000554266.jpg,MEDIUM,onnx_cuda,False,0,0,2,True,False,30,4
000000554291.jpg,MEDIUM,onnx_cuda,False,0,0,0,False,False,14,8
000000554328.jpg,MEDIUM,onnx_cuda,False,3,27,0,True,True,42,6
000000554579.jpg,MEDIUM,onnx_cuda,False,3,27,0,True,True,63,6
000000554595.jpg,MEDIUM,onnx_cuda,False,1,3,0,True,True,18,2
000000554735.jpg,MEDIUM,onnx_cuda,False,1,9,0,True,True,20,2
000000554838.jpg,MEDIUM,onnx_cuda,False,0,0,0,False,False,50,3
000000555005.jpg,MEDIUM,onnx_cuda,False,0,10,0,False,True,87,11
000000555009.jpg,MEDIUM,onnx_cuda,False,0,0,0,False,False,77,9
000000555012.jpg,MEDIUM,onnx_cuda,False,0,0,0,False,False,10,1
000000555050.jpg,MEDIUM,onnx_cuda,False,1,1,0,True,True,86,18
000000555412.jpg,MEDIUM,onnx_cuda,False,0,0,0,False,False,0,1
000000555597.jpg,MEDIUM,onnx_cuda,False,0,0,1,True,False,115,16
000000555705.jpg,MEDIUM,onnx_cuda,False,0,10,0,False,True,30,2
000000555972.jpg,MEDIUM,onnx_cuda,False,0,0,0,False,False,61,10
000000556000.jpg,MEDIUM,onnx_cuda,False,4,37,0,True,True,88,11
000000556158.jpg,MEDIUM,onnx_cuda,False,1,9,0,True,True,17,2
000000556193.jpg,MEDIUM,onnx_cuda,False,2,18,0,True,True,30,6
000000556498.jpg,MEDIUM,onnx_cuda,False,0,0,0,False,False,0,0
000000556765.jpg,MEDIUM,onnx_cuda,False,0,0,0,False,False,10,1
000000556873.jpg,MEDIUM,onnx_cuda,False,0,0,0,False,False,10,1
000000557172.jpg,MEDIUM,onnx_cuda,False,0,0,0,False,False,21,4
000000557258.jpg,MEDIUM,onnx_cuda,False,0,0,0,False,False,10,1
000000557501.jpg,MEDIUM,onnx_cuda,False,0,0,0,False,False,20,2
000000557672.jpg,MEDIUM,onnx_cuda,False,3,39,0,True,True,52,4
000000557884.jpg,MEDIUM,onnx_cuda,False,0,0,0,False,False,15,1
000000557916.jpg,MEDIUM,onnx_cuda,False,1,9,0,True,True,39,4
000000558073.jpg,MEDIUM,onnx_cuda,False,0,0,0,False,False,12,1
000000558114.jpg,MEDIUM,onnx_cuda,False,8,67,5,True,True,78,17
000000558213.jpg,MEDIUM,onnx_cuda,False,2,19,1,True,True,45,6
000000558421.jpg,MEDIUM,onnx_cuda,False,0,0,1,True,False,10,14
000000558558.jpg,MEDIUM,onnx_cuda,False,0,0,0,False,False,11,5
000000558854.jpg,MEDIUM,onnx_cuda,False,1,8,0,True,True,67,7
000000559099.jpg,MEDIUM,onnx_cuda,False,0,0,0,False,False,106,17
000000559160.jpg,MEDIUM,onnx_cuda,False,4,36,2,True,True,50,8
000000559348.jpg,MEDIUM,onnx_cuda,False,7,56,6,True,True,66,15
000000559513.jpg,MEDIUM,onnx_cuda,False,0,0,0,False,False,38,5
000000559543.jpg,MEDIUM,onnx_cuda,False,1,9,0,True,True,49,5
000000559547.jpg,MEDIUM,onnx_cuda,False,3,38,0,True,True,57,6
000000559707.jpg,MEDIUM,onnx_cuda,False,0,0,0,False,False,52,5
000000559842.jpg,MEDIUM,onnx_cuda,False,12,131,1,True,True,167,17
000000559956.jpg,MEDIUM,onnx_cuda,False,3,27,0,True,True,74,9
000000560011.jpg,MEDIUM,onnx_cuda,False,0,0,0,False,False,18,4
000000560178.jpg,MEDIUM,onnx_cuda,False,1,10,0,True,True,12,4
000000560256.jpg,MEDIUM,onnx_cuda,False,0,0,0,False,False,63,27
000000560266.jpg,MEDIUM,onnx_cuda,False,0,0,0,False,False,20,2
000000560279.jpg,MEDIUM,onnx_cuda,False,0,0,0,False,False,17,2
000000560312.jpg,MEDIUM,onnx_cuda,False,0,0,0,False,False,8,2
000000560371.jpg,MEDIUM,onnx_cuda,False,0,0,0,False,False,0,0
000000560474.jpg,MEDIUM,onnx_cuda,False,6,46,3,True,True,63,20
000000560880.jpg,MEDIUM,onnx_cuda,False,1,8,0,True,True,39,4
000000560911.jpg,MEDIUM,onnx_cuda,False,1,9,0,True,True,39,5
000000561009.jpg,MEDIUM,onnx_cuda,False,0,0,0,False,False,10,1
000000561223.jpg,MEDIUM,onnx_cuda,False,1,9,0,True,True,20,2
000000561256.jpg,MEDIUM,onnx_cuda,False,1,9,0,True,True,22,3
000000561335.jpg,MEDIUM,onnx_cuda,False,0,0,0,False,False,10,2
000000561366.jpg,MEDIUM,onnx_cuda,False,0,0,0,False,False,26,2
000000561465.jpg,MEDIUM,onnx_cuda,False,0,0,0,False,False,51,6
000000561679.jpg,MEDIUM,onnx_cuda,False,0,0,0,False,False,8,1
000000561889.jpg,MEDIUM,onnx_cuda,False,0,0,0,False,False,47,8
000000561958.jpg,MEDIUM,onnx_cuda,False,11,186,0,True,True,207,26
000000562059.jpg,MEDIUM,onnx_cuda,False,0,0,0,False,False,42,6
000000562121.jpg,MEDIUM,onnx_cuda,False,0,0,0,False,False,37,3
000000562197.jpg,MEDIUM,onnx_cuda,False,0,0,0,False,False,47,1
000000562207.jpg,MEDIUM,onnx_cuda,False,3,27,0,True,True,40,5
000000562229.jpg,MEDIUM,onnx_cuda,False,3,26,0,True,True,53,4
000000562243.jpg,MEDIUM,onnx_cuda,False,1,8,0,True,True,19,2
000000562443.jpg,MEDIUM,onnx_cuda,False,0,0,0,False,False,20,1
000000562448.jpg,MEDIUM,onnx_cuda,False,0,0,2,True,False,10,3
000000562561.jpg,MEDIUM,onnx_cuda,False,0,0,0,False,False,19,3
000000562581.jpg,MEDIUM,onnx_cuda,False,1,9,0,True,True,22,4
000000562818.jpg,MEDIUM,onnx_cuda,False,6,29,7,True,True,36,23
000000562843.jpg,MEDIUM,onnx_cuda,False,0,0,0,False,False,30,3
000000563267.jpg,MEDIUM,onnx_cuda,False,2,18,0,True,True,68,9
000000563281.jpg,MEDIUM,onnx_cuda,False,1,8,0,True,True,9,2
000000563349.jpg,MEDIUM,onnx_cuda,False,1,9,0,True,True,20,2
000000563470.jpg,MEDIUM,onnx_cuda,False,1,9,0,True,True,20,4
000000563603.jpg,MEDIUM,onnx_cuda,False,0,0,0,False,False,30,4
000000563604.jpg,MEDIUM,onnx_cuda,False,8,66,3,True,True,88,15
000000563648.jpg,MEDIUM,onnx_cuda,False,10,111,3,True,True,138,21
000000563653.jpg,MEDIUM,onnx_cuda,False,2,22,0,True,True,100,15
000000563702.jpg,MEDIUM,onnx_cuda,False,2,13,0,True,True,44,5
000000563758.jpg,MEDIUM,onnx_cuda,False,0,0,0,False,False,10,1
000000563882.jpg,MEDIUM,onnx_cuda,False,4,21,4,True,True,41,13
000000564023.jpg,MEDIUM,onnx_cuda,False,0,0,0,False,False,10,1
000000564091.jpg,MEDIUM,onnx_cuda,False,1,9,0,True,True,32,5
000000564127.jpg,MEDIUM,onnx_cuda,False,0,0,0,False,False,10,1
000000564133.jpg,MEDIUM,onnx_cuda,False,0,0,0,False,False,48,8
000000564280.jpg,MEDIUM,onnx_cuda,False,0,0,0,False,False,47,4
000000564336.jpg,MEDIUM,onnx_cuda,False,1,9,0,True,True,135,15
000000565012.jpg,MEDIUM,onnx_cuda,False,0,0,0,False,False,36,10
000000565045.jpg,MEDIUM,onnx_cuda,False,0,0,1,True,False,0,2
000000565153.jpg,MEDIUM,onnx_cuda,False,0,0,0,False,False,30,2
000000565391.jpg,MEDIUM,onnx_cuda,False,0,0,0,False,False,34,3
000000565469.jpg,MEDIUM,onnx_cuda,False,0,0,0,False,False,17,1
000000565563.jpg,MEDIUM,onnx_cuda,False,0,0,1,True,False,78,12
000000565597.jpg,MEDIUM,onnx_cuda,False,0,0,0,False,False,29,4
000000565607.jpg,MEDIUM,onnx_cuda,False,0,0,0,False,False,10,10
000000565624.jpg,MEDIUM,onnx_cuda,False,0,0,0,False,False,20,2
000000565776.jpg,MEDIUM,onnx_cuda,False,0,0,0,False,False,74,12
000000565778.jpg,MEDIUM,onnx_cuda,False,1,11,3,True,True,22,7
000000565853.jpg,MEDIUM,onnx_cuda,False,1,9,0,True,True,67,12
000000565877.jpg,MEDIUM,onnx_cuda,False,1,8,0,True,True,33,5
000000565962.jpg,MEDIUM,onnx_cuda,False,0,0,1,True,False,10,2
000000565989.jpg,MEDIUM,onnx_cuda,False,0,10,0,False,True,21,2
000000566042.jpg,MEDIUM,onnx_cuda,False,0,0,0,False,False,47,6
000000566282.jpg,MEDIUM,onnx_cuda,False,5,43,2,True,True,84,10
000000566436.jpg,MEDIUM,onnx_cuda,False,1,9,0,True,True,20,2
000000566524.jpg,MEDIUM,onnx_cuda,False,2,19,4,True,True,31,7
000000566758.jpg,MEDIUM,onnx_cuda,False,0,0,0,False,False,20,2
000000566923.jpg,MEDIUM,onnx_cuda,False,9,85,1,True,True,112,12
000000567011.jpg,MEDIUM,onnx_cuda,False,1,9,0,True,True,26,2
000000567197.jpg,MEDIUM,onnx_cuda,False,0,0,2,True,False,70,9
000000567432.jpg,MEDIUM,onnx_cuda,False,0,0,0,False,False,10,1
000000567640.jpg,MEDIUM,onnx_cuda,False,7,70,0,True,True,97,11
000000567740.jpg,MEDIUM,onnx_cuda,False,2,18,0,True,True,50,6
000000567825.jpg,MEDIUM,onnx_cuda,False,0,0,0,False,False,40,3
000000567886.jpg,MEDIUM,onnx_cuda,False,1,19,0,True,True,71,5
000000567898.jpg,MEDIUM,onnx_cuda,False,0,0,0,False,False,19,17
000000568147.jpg,MEDIUM,onnx_cuda,False,3,31,1,True,True,55,7
000000568195.jpg,MEDIUM,onnx_cuda,False,3,27,0,True,True,109,13
000000568213.jpg,MEDIUM,onnx_cuda,False,2,18,0,True,True,30,3
000000568290.jpg,MEDIUM,onnx_cuda,False,1,8,6,True,True,23,10
000000568439.jpg,MEDIUM,onnx_cuda,False,8,62,5,True,True,120,24
000000568584.jpg,MEDIUM,onnx_cuda,False,0,7,1,True,True,46,4
000000568690.jpg,MEDIUM,onnx_cuda,False,0,0,0,False,False,20,2
000000568710.jpg,MEDIUM,onnx_cuda,False,0,0,1,True,False,51,8
000000568814.jpg,MEDIUM,onnx_cuda,False,2,19,1,True,True,37,6
000000568981.jpg,MEDIUM,onnx_cuda,False,2,20,0,True,True,33,4
000000569030.jpg,MEDIUM,onnx_cuda,False,6,54,6,True,True,108,24
000000569059.jpg,MEDIUM,onnx_cuda,False,0,0,9,True,False,64,14
000000569273.jpg,MEDIUM,onnx_cuda,False,5,46,0,True,True,61,6
000000569565.jpg,MEDIUM,onnx_cuda,False,0,0,0,False,False,20,2
000000569700.jpg,MEDIUM,onnx_cuda,False,0,0,0,False,False,25,2
000000569825.jpg,MEDIUM,onnx_cuda,False,2,18,3,True,True,30,6
000000569917.jpg,MEDIUM,onnx_cuda,False,0,0,0,False,False,34,5
000000569972.jpg,MEDIUM,onnx_cuda,False,1,9,0,True,True,16,2
000000569976.jpg,MEDIUM,onnx_cuda,False,2,26,1,True,True,38,7
000000570169.jpg,MEDIUM,onnx_cuda,False,0,0,0,False,False,10,1
000000570448.jpg,MEDIUM,onnx_cuda,False,1,10,1,True,True,48,10
000000570456.jpg,MEDIUM,onnx_cuda,False,0,0,0,False,False,71,11
000000570471.jpg,MEDIUM,onnx_cuda,False,1,10,1,True,True,61,10
000000570539.jpg,MEDIUM,onnx_cuda,False,3,36,3,True,True,42,8
000000570664.jpg,MEDIUM,onnx_cuda,False,1,14,0,True,True,54,3
000000570688.jpg,MEDIUM,onnx_cuda,False,11,99,2,True,True,259,35
000000570736.jpg,MEDIUM,onnx_cuda,False,0,0,0,False,False,20,2
000000570756.jpg,MEDIUM,onnx_cuda,False,7,34,6,True,True,86,26
000000570782.jpg,MEDIUM,onnx_cuda,False,0,0,0,False,False,67,8
000000570834.jpg,MEDIUM,onnx_cuda,False,8,60,4,True,True,68,12
000000571008.jpg,MEDIUM,onnx_cuda,False,0,0,0,False,False,10,1
000000571264.jpg,MEDIUM,onnx_cuda,False,2,18,0,True,True,20,2
000000571313.jpg,MEDIUM,onnx_cuda,False,0,0,0,False,False,49,8
000000571598.jpg,MEDIUM,onnx_cuda,False,4,46,6,True,True,82,15
000000571718.jpg,MEDIUM,onnx_cuda,False,2,18,0,True,True,150,33
000000571804.jpg,MEDIUM,onnx_cuda,False,0,0,0,False,False,62,9
000000571857.jpg,MEDIUM,onnx_cuda,False,2,21,2,True,True,49,14
000000571893.jpg,MEDIUM,onnx_cuda,False,0,0,0,False,False,100,17
000000571943.jpg,MEDIUM,onnx_cuda,False,0,0,0,False,False,20,1
000000572303.jpg,MEDIUM,onnx_cuda,False,0,0,0,False,False,11,2
000000572388.jpg,MEDIUM,onnx_cuda,False,0,0,0,False,False,1,5
000000572408.jpg,MEDIUM,onnx_cuda,False,0,0,0,False,False,30,5
000000572462.jpg,MEDIUM,onnx_cuda,False,5,65,4,True,True,93,17
000000572517.jpg,MEDIUM,onnx_cuda,False,0,1,0,False,True,21,2
000000572555.jpg,MEDIUM,onnx_cuda,False,0,0,0,False,False,12,4
000000572620.jpg,MEDIUM,onnx_cuda,False,11,140,2,True,True,170,16
000000572678.jpg,MEDIUM,onnx_cuda,False,0,0,0,False,False,125,34
000000572900.jpg,MEDIUM,onnx_cuda,False,3,27,4,True,True,60,11
000000572956.jpg,MEDIUM,onnx_cuda,False,6,53,2,True,True,59,8
000000573008.jpg,MEDIUM,onnx_cuda,False,0,0,0,False,False,18,1
000000573094.jpg,MEDIUM,onnx_cuda,False,1,14,0,True,True,36,14
000000573258.jpg,MEDIUM,onnx_cuda,False,1,9,0,True,True,30,3
000000573391.jpg,MEDIUM,onnx_cuda,False,0,0,0,False,False,10,1
000000573626.jpg,MEDIUM,onnx_cuda,False,0,0,0,False,False,19,2
000000573943.jpg,MEDIUM,onnx_cuda,False,0,0,0,False,False,47,13
000000574297.jpg,MEDIUM,onnx_cuda,False,1,9,0,True,True,20,2
000000574315.jpg,MEDIUM,onnx_cuda,False,1,9,0,True,True,33,5
000000574425.jpg,MEDIUM,onnx_cuda,False,0,0,0,False,False,19,2
000000574520.jpg,MEDIUM,onnx_cuda,False,1,13,0,True,True,24,2
000000574702.jpg,MEDIUM,onnx_cuda,False,12,101,6,True,True,113,18
000000574810.jpg,MEDIUM,onnx_cuda,False,0,0,0,False,False,10,1
000000574823.jpg,MEDIUM,onnx_cuda,False,5,45,0,True,True,57,7
000000575081.jpg,MEDIUM,onnx_cuda,False,1,9,0,True,True,40,4
000000575187.jpg,MEDIUM,onnx_cuda,False,1,9,0,True,True,20,3
000000575205.jpg,MEDIUM,onnx_cuda,False,0,6,0,False,True,16,1
000000575243.jpg,MEDIUM,onnx_cuda,False,1,9,0,True,True,60,10
000000575357.jpg,MEDIUM,onnx_cuda,False,0,0,0,False,False,20,2
000000575372.jpg,MEDIUM,onnx_cuda,False,0,0,0,False,False,40,4
000000575500.jpg,MEDIUM,onnx_cuda,False,0,0,0,False,False,10,1
000000575815.jpg,MEDIUM,onnx_cuda,False,0,0,0,False,False,21,1
000000575970.jpg,MEDIUM,onnx_cuda,False,0,0,0,False,False,146,29
000000576031.jpg,MEDIUM,onnx_cuda,False,4,35,0,True,True,47,5
000000576052.jpg,MEDIUM,onnx_cuda,False,1,9,0,True,True,19,2
000000576566.jpg,MEDIUM,onnx_cuda,False,1,9,0,True,True,40,4
000000576654.jpg,MEDIUM,onnx_cuda,False,1,9,1,True,True,20,3
000000576955.jpg,MEDIUM,onnx_cuda,False,2,18,0,True,True,31,3
000000577149.jpg,MEDIUM,onnx_cuda,False,0,0,0,False,False,48,4
000000577182.jpg,MEDIUM,onnx_cuda,False,0,0,0,False,False,40,4
000000577539.jpg,MEDIUM,onnx_cuda,False,0,0,2,True,False,36,5
000000577584.jpg,MEDIUM,onnx_cuda,False,0,0,0,False,False,10,2
000000577735.jpg,MEDIUM,onnx_cuda,False,0,0,0,False,False,20,2
000000577862.jpg,MEDIUM,onnx_cuda,False,0,0,0,False,False,20,2
000000577864.jpg,MEDIUM,onnx_cuda,False,3,32,0,True,True,45,4
000000577932.jpg,MEDIUM,onnx_cuda,False,8,71,4,True,True,143,21
000000577959.jpg,MEDIUM,onnx_cuda,False,1,8,0,True,True,19,2
000000577976.jpg,MEDIUM,onnx_cuda,False,0,0,0,False,False,36,4
000000578093.jpg,MEDIUM,onnx_cuda,False,2,0,2,True,True,17,5
000000578236.jpg,MEDIUM,onnx_cuda,False,0,0,0,False,False,16,3
000000578489.jpg,MEDIUM,onnx_cuda,False,7,62,0,True,True,98,11
000000578500.jpg,MEDIUM,onnx_cuda,False,0,0,0,False,False,83,14
000000578545.jpg,MEDIUM,onnx_cuda,False,1,9,0,True,True,32,4
000000578792.jpg,MEDIUM,onnx_cuda,False,2,28,0,True,True,30,2
000000578871.jpg,MEDIUM,onnx_cuda,False,2,18,0,True,True,117,11
000000578922.jpg,MEDIUM,onnx_cuda,False,0,0,0,False,False,41,7
000000578967.jpg,MEDIUM,onnx_cuda,False,0,0,0,False,False,10,1
000000579070.jpg,MEDIUM,onnx_cuda,False,6,60,0,True,True,320,30
000000579091.jpg,MEDIUM,onnx_cuda,False,0,0,0,False,False,24,3
000000579158.jpg,MEDIUM,onnx_cuda,False,0,0,0,False,False,36,9
000000579307.jpg,MEDIUM,onnx_cuda,False,2,20,0,True,True,35,5
000000579321.jpg,MEDIUM,onnx_cuda,False,1,9,0,True,True,22,2
000000579635.jpg,MEDIUM,onnx_cuda,False,1,9,0,True,True,26,3
000000579655.jpg,MEDIUM,onnx_cuda,False,1,9,0,True,True,67,16
000000579818.jpg,MEDIUM,onnx_cuda,False,0,4,2,True,True,14,3
000000579893.jpg,MEDIUM,onnx_cuda,False,0,0,0,False,False,10,1
000000579900.jpg,MEDIUM,onnx_cuda,False,0,0,0,False,False,66,13
000000579902.jpg,MEDIUM,onnx_cuda,False,2,18,0,True,True,52,8
000000579970.jpg,MEDIUM,onnx_cuda,False,0,0,0,False,False,46,8
000000580197.jpg,MEDIUM,onnx_cuda,False,3,27,0,True,True,53,5
000000580294.jpg,MEDIUM,onnx_cuda,False,1,9,0,True,True,27,9
000000580410.jpg,MEDIUM,onnx_cuda,False,0,0,0,False,False,41,19
000000580418.jpg,MEDIUM,onnx_cuda,False,0,0,1,True,False,64,10
000000580757.jpg,MEDIUM,onnx_cuda,False,0,0,0,False,False,10,1
000000581062.jpg,MEDIUM,onnx_cuda,False,1,9,0,True,True,21,2
000000581100.jpg,MEDIUM,onnx_cuda,False,0,0,0,False,False,40,4
000000581206.jpg,MEDIUM,onnx_cuda,False,1,9,0,True,True,29,3
000000581317.jpg,MEDIUM,onnx_cuda,False,1,9,0,True,True,22,2
000000581357.jpg,MEDIUM,onnx_cuda,False,8,51,3,True,True,69,14
000000581482.jpg,MEDIUM,onnx_cuda,False,0,0,0,False,False,19,2
000000581615.jpg,MEDIUM,onnx_cuda,False,0,0,0,False,False,10,1
000000581781.jpg,MEDIUM,onnx_cuda,False,0,0,0,False,False,74,13
