14:29:04  INFO     Loaded 1500 frames from /data/kitti/images/val
14:29:04  INFO     Real inference mode: 1500 frames available
14:29:04  INFO     === RAMS Benchmark  run_id=rams_20260908_142904_118f3ccde03f ===
14:29:04  INFO     Policies: ['threshold', 'predictive', 'safety', 'adaptive', 'safety2', 'fixed_nano', 'fixed_small', 'fixed_medium']  |  Profiles: ['light']  |  N/block=200  |  blocks=10  |  simulate=False  |  frames=/data/kitti/images/val
14:29:04  INFO     
--- Block 1/10  Policy: fixed_small  Load: light (25%) ---
14:29:04  INFO     [RAMS] Starting resource monitor ...
14:29:04  INFO     [RAMS] Loading model tiers ...
[0;93m2026-09-08 14:29:05.117562754 [W:onnxruntime:Default, device_discovery.cc:164 DiscoverDevicesForPlatform] GPU device discovery failed: device_discovery.cc:89 ReadFileContents Failed to open file: "/sys/class/drm/card0/device/vendor"[m
14:29:05  INFO     [RAMS] YOLOv8-nano ready — ONNX (imgsz=320).
14:29:05  INFO     [RAMS] YOLOv8-small ready — ONNX (imgsz=416).
14:29:06  INFO     [RAMS] YOLOv8-medium ready — ONNX (imgsz=640).
14:29:06  INFO     [RAMS] Controller ready. Policy: fixed
14:29:12  INFO       [fixed_small / light] 20/200  tier=SMALL   latency=129.7 ms  R=0.472  target=0.25  dets=0  vru=False  backend=onnx
14:29:15  INFO       [fixed_small / light] 40/200  tier=SMALL   latency=128.2 ms  R=0.467  target=0.25  dets=1  vru=False  backend=onnx
14:29:17  INFO       [fixed_small / light] 60/200  tier=SMALL   latency=130.0 ms  R=0.549  target=0.25  dets=1  vru=False  backend=onnx
14:29:20  INFO       [fixed_small / light] 80/200  tier=SMALL   latency=130.2 ms  R=0.545  target=0.25  dets=3  vru=False  backend=onnx
14:29:23  INFO       [fixed_small / light] 100/200  tier=SMALL   latency=129.8 ms  R=0.546  target=0.25  dets=12  vru=False  backend=onnx
14:29:26  INFO       [fixed_small / light] 120/200  tier=SMALL   latency=131.0 ms  R=0.460  target=0.25  dets=4  vru=False  backend=onnx
14:29:29  INFO       [fixed_small / light] 140/200  tier=SMALL   latency=128.4 ms  R=0.476  target=0.25  dets=7  vru=False  backend=onnx
14:29:32  INFO       [fixed_small / light] 160/200  tier=SMALL   latency=128.2 ms  R=0.466  target=0.25  dets=2  vru=False  backend=onnx
14:29:34  INFO       [fixed_small / light] 180/200  tier=SMALL   latency=128.0 ms  R=0.455  target=0.25  dets=2  vru=False  backend=onnx
14:29:37  INFO       [fixed_small / light] 200/200  tier=SMALL   latency=128.5 ms  R=0.455  target=0.25  dets=8  vru=False  backend=onnx
14:29:37  INFO     [RAMS] Controller stopped.
14:29:37  INFO     
--- Block 1/10  Policy: fixed_nano  Load: light (25%) ---
14:29:37  INFO     [RAMS] Starting resource monitor ...
14:29:37  INFO     [RAMS] Loading model tiers ...
14:29:38  INFO     [RAMS] YOLOv8-nano ready — ONNX (imgsz=320).
14:29:38  INFO     [RAMS] YOLOv8-small ready — ONNX (imgsz=416).
14:29:39  INFO     [RAMS] YOLOv8-medium ready — ONNX (imgsz=640).
14:29:39  INFO     [RAMS] Controller ready. Policy: fixed
14:29:40  INFO     [RAMS] Tier switch: SMALL → NANO  (R=0.292)
14:29:41  INFO       [fixed_nano / light] 20/200  tier=NANO    latency=31.8 ms  R=0.512  target=0.25  dets=0  vru=False  backend=onnx
14:29:41  INFO       [fixed_nano / light] 40/200  tier=NANO    latency=32.2 ms  R=0.500  target=0.25  dets=1  vru=False  backend=onnx
14:29:42  INFO       [fixed_nano / light] 60/200  tier=NANO    latency=31.6 ms  R=0.519  target=0.25  dets=1  vru=False  backend=onnx
14:29:43  INFO       [fixed_nano / light] 80/200  tier=NANO    latency=31.9 ms  R=0.509  target=0.25  dets=2  vru=False  backend=onnx
14:29:44  INFO       [fixed_nano / light] 100/200  tier=NANO    latency=32.5 ms  R=0.447  target=0.25  dets=11  vru=False  backend=onnx
14:29:45  INFO       [fixed_nano / light] 120/200  tier=NANO    latency=31.4 ms  R=0.523  target=0.25  dets=3  vru=False  backend=onnx
14:29:46  INFO       [fixed_nano / light] 140/200  tier=NANO    latency=32.0 ms  R=0.449  target=0.25  dets=4  vru=False  backend=onnx
14:29:47  INFO       [fixed_nano / light] 160/200  tier=NANO    latency=31.2 ms  R=0.443  target=0.25  dets=0  vru=False  backend=onnx
14:29:48  INFO       [fixed_nano / light] 180/200  tier=NANO    latency=31.5 ms  R=0.446  target=0.25  dets=3  vru=False  backend=onnx
14:29:49  INFO       [fixed_nano / light] 200/200  tier=NANO    latency=31.6 ms  R=0.448  target=0.25  dets=6  vru=False  backend=onnx
14:29:49  INFO     [RAMS] Controller stopped.
14:29:49  INFO     
--- Block 1/10  Policy: threshold  Load: light (25%) ---
14:29:49  INFO     [RAMS] Starting resource monitor ...
14:29:49  INFO     [RAMS] Loading model tiers ...
14:29:49  INFO     [RAMS] YOLOv8-nano ready — ONNX (imgsz=320).
14:29:49  INFO     [RAMS] YOLOv8-small ready — ONNX (imgsz=416).
14:29:50  INFO     [RAMS] YOLOv8-medium ready — ONNX (imgsz=640).
14:29:50  INFO     [RAMS] Controller ready. Policy: threshold
14:29:54  INFO       [threshold / light] 20/200  tier=SMALL   latency=128.0 ms  R=0.473  target=0.25  dets=0  vru=False  backend=onnx
14:29:57  INFO       [threshold / light] 40/200  tier=SMALL   latency=128.2 ms  R=0.464  target=0.25  dets=1  vru=False  backend=onnx
14:29:59  INFO       [threshold / light] 60/200  tier=SMALL   latency=130.6 ms  R=0.554  target=0.25  dets=1  vru=False  backend=onnx
14:30:02  INFO       [threshold / light] 80/200  tier=SMALL   latency=134.0 ms  R=0.520  target=0.25  dets=3  vru=False  backend=onnx
14:30:05  INFO       [threshold / light] 100/200  tier=SMALL   latency=129.5 ms  R=0.528  target=0.25  dets=12  vru=False  backend=onnx
14:30:08  INFO       [threshold / light] 120/200  tier=SMALL   latency=130.7 ms  R=0.529  target=0.25  dets=4  vru=False  backend=onnx
14:30:11  INFO       [threshold / light] 140/200  tier=SMALL   latency=133.1 ms  R=0.470  target=0.25  dets=7  vru=False  backend=onnx
14:30:14  INFO       [threshold / light] 160/200  tier=SMALL   latency=129.2 ms  R=0.461  target=0.25  dets=2  vru=False  backend=onnx
14:30:17  INFO       [threshold / light] 180/200  tier=SMALL   latency=127.9 ms  R=0.477  target=0.25  dets=2  vru=False  backend=onnx
14:30:19  INFO       [threshold / light] 200/200  tier=SMALL   latency=129.0 ms  R=0.458  target=0.25  dets=8  vru=False  backend=onnx
14:30:20  INFO     [RAMS] Controller stopped.
14:30:20  INFO     
--- Block 1/10  Policy: predictive  Load: light (25%) ---
14:30:20  INFO     [RAMS] Starting resource monitor ...
14:30:20  INFO     [RAMS] Loading model tiers ...
14:30:20  INFO     [RAMS] YOLOv8-nano ready — ONNX (imgsz=320).
14:30:20  INFO     [RAMS] YOLOv8-small ready — ONNX (imgsz=416).
14:30:21  INFO     [RAMS] YOLOv8-medium ready — ONNX (imgsz=640).
14:30:21  INFO     [RAMS] Controller ready. Policy: predictive
14:30:25  INFO       [predictive / light] 20/200  tier=SMALL   latency=129.7 ms  R=0.532  target=0.25  dets=0  vru=False  backend=onnx
14:30:28  INFO       [predictive / light] 40/200  tier=SMALL   latency=128.1 ms  R=0.473  target=0.25  dets=1  vru=False  backend=onnx
14:30:30  INFO       [predictive / light] 60/200  tier=SMALL   latency=127.9 ms  R=0.458  target=0.25  dets=1  vru=False  backend=onnx
14:30:33  INFO       [predictive / light] 80/200  tier=SMALL   latency=127.7 ms  R=0.471  target=0.25  dets=3  vru=False  backend=onnx
14:30:36  INFO       [predictive / light] 100/200  tier=SMALL   latency=129.3 ms  R=0.561  target=0.25  dets=12  vru=False  backend=onnx
14:30:39  INFO       [predictive / light] 120/200  tier=SMALL   latency=128.9 ms  R=0.461  target=0.25  dets=4  vru=False  backend=onnx
14:30:42  INFO       [predictive / light] 140/200  tier=SMALL   latency=128.6 ms  R=0.458  target=0.25  dets=7  vru=False  backend=onnx
14:30:45  INFO       [predictive / light] 160/200  tier=SMALL   latency=129.5 ms  R=0.559  target=0.25  dets=2  vru=False  backend=onnx
14:30:48  INFO       [predictive / light] 180/200  tier=SMALL   latency=128.4 ms  R=0.520  target=0.25  dets=2  vru=False  backend=onnx
14:30:50  INFO       [predictive / light] 200/200  tier=SMALL   latency=128.2 ms  R=0.461  target=0.25  dets=8  vru=False  backend=onnx
14:30:50  INFO     [RAMS] Controller stopped.
14:30:51  INFO     
--- Block 1/10  Policy: adaptive  Load: light (25%) ---
14:30:51  INFO     [RAMS] Starting resource monitor ...
14:30:51  INFO     [RAMS] Loading model tiers ...
14:30:51  INFO     [RAMS] YOLOv8-nano ready — ONNX (imgsz=320).
14:30:51  INFO     [RAMS] YOLOv8-small ready — ONNX (imgsz=416).
14:30:52  INFO     [RAMS] YOLOv8-medium ready — ONNX (imgsz=640).
14:30:52  INFO     [RAMS] Controller ready. Policy: adaptive
14:30:53  INFO     [RAMS] Tier switch: SMALL → MEDIUM  (R=0.239)
14:30:54  INFO     [RAMS] Tier switch: MEDIUM → SMALL  (R=0.482)
14:30:57  INFO       [adaptive / light] 20/200  tier=SMALL   latency=127.2 ms  R=0.473  target=0.25  dets=0  vru=False  backend=onnx
14:31:00  INFO       [adaptive / light] 40/200  tier=SMALL   latency=127.7 ms  R=0.474  target=0.25  dets=1  vru=False  backend=onnx
14:31:02  INFO       [adaptive / light] 60/200  tier=SMALL   latency=128.0 ms  R=0.464  target=0.25  dets=1  vru=False  backend=onnx
14:31:05  INFO       [adaptive / light] 80/200  tier=SMALL   latency=128.8 ms  R=0.574  target=0.25  dets=3  vru=False  backend=onnx
14:31:08  INFO       [adaptive / light] 100/200  tier=SMALL   latency=131.6 ms  R=0.586  target=0.25  dets=12  vru=False  backend=onnx
14:31:11  INFO       [adaptive / light] 120/200  tier=SMALL   latency=131.2 ms  R=0.470  target=0.25  dets=4  vru=False  backend=onnx
14:31:14  INFO       [adaptive / light] 140/200  tier=SMALL   latency=129.0 ms  R=0.461  target=0.25  dets=7  vru=False  backend=onnx
14:31:17  INFO       [adaptive / light] 160/200  tier=SMALL   latency=128.5 ms  R=0.481  target=0.25  dets=2  vru=False  backend=onnx
14:31:20  INFO       [adaptive / light] 180/200  tier=SMALL   latency=127.8 ms  R=0.461  target=0.25  dets=2  vru=False  backend=onnx
14:31:22  INFO       [adaptive / light] 200/200  tier=SMALL   latency=128.4 ms  R=0.469  target=0.25  dets=8  vru=False  backend=onnx
14:31:22  INFO     [RAMS] Controller stopped.
14:31:23  INFO     
--- Block 1/10  Policy: fixed_medium  Load: light (25%) ---
14:31:23  INFO     [RAMS] Starting resource monitor ...
14:31:23  INFO     [RAMS] Loading model tiers ...
14:31:23  INFO     [RAMS] YOLOv8-nano ready — ONNX (imgsz=320).
14:31:23  INFO     [RAMS] YOLOv8-small ready — ONNX (imgsz=416).
14:31:24  INFO     [RAMS] YOLOv8-medium ready — ONNX (imgsz=640).
14:31:24  INFO     [RAMS] Controller ready. Policy: fixed
14:31:25  INFO     [RAMS] Tier switch: SMALL → MEDIUM  (R=0.241)
14:31:39  INFO       [fixed_medium / light] 20/200  tier=MEDIUM  latency=716.5 ms  R=0.476  target=0.25  dets=3  vru=False  backend=onnx
14:31:54  INFO       [fixed_medium / light] 40/200  tier=MEDIUM  latency=715.0 ms  R=0.473  target=0.25  dets=1  vru=False  backend=onnx
14:32:09  INFO       [fixed_medium / light] 60/200  tier=MEDIUM  latency=724.1 ms  R=0.544  target=0.25  dets=4  vru=False  backend=onnx
14:32:23  INFO       [fixed_medium / light] 80/200  tier=MEDIUM  latency=712.9 ms  R=0.475  target=0.25  dets=5  vru=False  backend=onnx
14:32:38  INFO       [fixed_medium / light] 100/200  tier=MEDIUM  latency=720.8 ms  R=0.475  target=0.25  dets=15  vru=False  backend=onnx
14:32:53  INFO       [fixed_medium / light] 120/200  tier=MEDIUM  latency=729.9 ms  R=0.592  target=0.25  dets=4  vru=False  backend=onnx
14:33:07  INFO       [fixed_medium / light] 140/200  tier=MEDIUM  latency=722.1 ms  R=0.477  target=0.25  dets=13  vru=False  backend=onnx
14:33:22  INFO       [fixed_medium / light] 160/200  tier=MEDIUM  latency=717.7 ms  R=0.483  target=0.25  dets=6  vru=False  backend=onnx
14:33:37  INFO       [fixed_medium / light] 180/200  tier=MEDIUM  latency=733.6 ms  R=0.545  target=0.25  dets=3  vru=False  backend=onnx
14:33:51  INFO       [fixed_medium / light] 200/200  tier=MEDIUM  latency=717.0 ms  R=0.476  target=0.25  dets=16  vru=False  backend=onnx
14:33:51  INFO     [RAMS] Controller stopped.
14:33:52  INFO     
--- Block 1/10  Policy: safety2  Load: light (25%) ---
14:33:52  INFO     [RAMS] Starting resource monitor ...
14:33:52  INFO     [RAMS] Loading model tiers ...
14:33:52  INFO     [RAMS] YOLOv8-nano ready — ONNX (imgsz=320).
14:33:52  INFO     [RAMS] YOLOv8-small ready — ONNX (imgsz=416).
14:33:53  INFO     [RAMS] YOLOv8-medium ready — ONNX (imgsz=640).
14:33:53  INFO     [RAMS] Controller ready. Policy: safety2
14:33:55  INFO     [RAMS] Tier switch: SMALL → MEDIUM  (R=0.471)
14:33:58  INFO     [RAMS] Tier switch: MEDIUM → SMALL  (R=0.539)
14:33:58  INFO       [safety2 / light] 20/200  tier=SMALL   latency=129.3 ms  R=0.587  target=0.25  dets=0  vru=False  backend=onnx
14:34:01  INFO     [RAMS] Tier switch: SMALL → MEDIUM  (R=0.618)
14:34:02  INFO       [safety2 / light] 40/200  tier=MEDIUM  latency=721.0 ms  R=0.618  target=0.25  dets=1  vru=False  backend=onnx
14:34:03  INFO     [RAMS] Tier switch: MEDIUM → SMALL  (R=0.473)
14:34:04  INFO     [RAMS] Tier switch: SMALL → MEDIUM  (R=0.473)
14:34:07  INFO     [RAMS] Tier switch: MEDIUM → SMALL  (R=0.485)
14:34:08  INFO       [safety2 / light] 60/200  tier=SMALL   latency=129.1 ms  R=0.461  target=0.25  dets=1  vru=False  backend=onnx
14:34:09  INFO     [RAMS] Tier switch: SMALL → MEDIUM  (R=0.464)
14:34:11  INFO     [RAMS] Tier switch: MEDIUM → SMALL  (R=0.473)
14:34:12  INFO       [safety2 / light] 80/200  tier=SMALL   latency=129.3 ms  R=0.473  target=0.25  dets=3  vru=False  backend=onnx
14:34:13  INFO     [RAMS] Tier switch: SMALL → MEDIUM  (R=0.450)
14:34:15  INFO     [RAMS] Tier switch: MEDIUM → SMALL  (R=0.470)
14:34:16  INFO     [RAMS] Tier switch: SMALL → MEDIUM  (R=0.471)
14:34:18  INFO     [RAMS] Tier switch: MEDIUM → SMALL  (R=0.535)
14:34:19  INFO     [RAMS] Tier switch: SMALL → MEDIUM  (R=0.551)
14:34:19  INFO       [safety2 / light] 100/200  tier=MEDIUM  latency=732.0 ms  R=0.551  target=0.25  dets=15  vru=False  backend=onnx
14:34:21  INFO     [RAMS] Tier switch: MEDIUM → SMALL  (R=0.539)
14:34:23  INFO     [RAMS] Tier switch: SMALL → MEDIUM  (R=0.535)
14:34:25  INFO     [RAMS] Tier switch: MEDIUM → SMALL  (R=0.494)
14:34:25  INFO       [safety2 / light] 120/200  tier=SMALL   latency=128.5 ms  R=0.470  target=0.25  dets=4  vru=False  backend=onnx
14:34:25  INFO     [RAMS] Tier switch: SMALL → MEDIUM  (R=0.544)
14:34:27  INFO     [RAMS] Tier switch: MEDIUM → SMALL  (R=0.478)
14:34:30  INFO       [safety2 / light] 140/200  tier=SMALL   latency=127.9 ms  R=0.462  target=0.25  dets=7  vru=False  backend=onnx
14:34:32  INFO     [RAMS] Tier switch: SMALL → MEDIUM  (R=0.474)
14:34:34  INFO       [safety2 / light] 160/200  tier=MEDIUM  latency=713.9 ms  R=0.483  target=0.25  dets=6  vru=False  backend=onnx
14:34:34  INFO     [RAMS] Tier switch: MEDIUM → SMALL  (R=0.478)
14:34:37  INFO     [RAMS] Tier switch: SMALL → MEDIUM  (R=0.460)
14:34:38  INFO       [safety2 / light] 180/200  tier=MEDIUM  latency=719.7 ms  R=0.470  target=0.25  dets=3  vru=False  backend=onnx
14:34:39  INFO     [RAMS] Tier switch: MEDIUM → SMALL  (R=0.480)
14:34:39  INFO     [RAMS] Tier switch: SMALL → MEDIUM  (R=0.476)
14:34:42  INFO     [RAMS] Tier switch: MEDIUM → SMALL  (R=0.602)
14:34:43  INFO     [RAMS] Tier switch: SMALL → MEDIUM  (R=0.530)
14:34:49  INFO     [RAMS] Tier switch: MEDIUM → SMALL  (R=0.473)
14:34:49  INFO       [safety2 / light] 200/200  tier=SMALL   latency=129.5 ms  R=0.470  target=0.25  dets=8  vru=False  backend=onnx
14:34:50  INFO     [RAMS] Controller stopped.
14:34:50  INFO     
--- Block 1/10  Policy: safety  Load: light (25%) ---
14:34:50  INFO     [RAMS] Starting resource monitor ...
14:34:50  INFO     [RAMS] Loading model tiers ...
14:34:50  INFO     [RAMS] YOLOv8-nano ready — ONNX (imgsz=320).
14:34:50  INFO     [RAMS] YOLOv8-small ready — ONNX (imgsz=416).
14:34:51  INFO     [RAMS] YOLOv8-medium ready — ONNX (imgsz=640).
14:34:51  INFO     [RAMS] Controller ready. Policy: safety
14:34:55  INFO       [safety / light] 20/200  tier=SMALL   latency=128.4 ms  R=0.457  target=0.25  dets=0  vru=False  backend=onnx
14:34:57  INFO       [safety / light] 40/200  tier=SMALL   latency=128.7 ms  R=0.485  target=0.25  dets=1  vru=False  backend=onnx
14:35:00  INFO       [safety / light] 60/200  tier=SMALL   latency=128.8 ms  R=0.533  target=0.25  dets=1  vru=False  backend=onnx
14:35:03  INFO       [safety / light] 80/200  tier=SMALL   latency=132.9 ms  R=0.529  target=0.25  dets=3  vru=False  backend=onnx
14:35:06  INFO       [safety / light] 100/200  tier=SMALL   latency=133.7 ms  R=0.530  target=0.25  dets=12  vru=False  backend=onnx
14:35:09  INFO       [safety / light] 120/200  tier=SMALL   latency=128.2 ms  R=0.470  target=0.25  dets=4  vru=False  backend=onnx
14:35:12  INFO       [safety / light] 140/200  tier=SMALL   latency=128.6 ms  R=0.477  target=0.25  dets=7  vru=False  backend=onnx
14:35:15  INFO       [safety / light] 160/200  tier=SMALL   latency=127.8 ms  R=0.487  target=0.25  dets=2  vru=False  backend=onnx
14:35:17  INFO       [safety / light] 180/200  tier=SMALL   latency=128.2 ms  R=0.536  target=0.25  dets=2  vru=False  backend=onnx
14:35:20  INFO       [safety / light] 200/200  tier=SMALL   latency=130.7 ms  R=0.475  target=0.25  dets=8  vru=False  backend=onnx
14:35:20  INFO     [RAMS] Controller stopped.
14:35:20  INFO     
--- Block 2/10  Policy: safety2  Load: light (25%) ---
14:35:20  INFO     [RAMS] Starting resource monitor ...
14:35:20  INFO     [RAMS] Loading model tiers ...
14:35:21  INFO     [RAMS] YOLOv8-nano ready — ONNX (imgsz=320).
14:35:21  INFO     [RAMS] YOLOv8-small ready — ONNX (imgsz=416).
14:35:22  INFO     [RAMS] YOLOv8-medium ready — ONNX (imgsz=640).
14:35:22  INFO     [RAMS] Controller ready. Policy: safety2
14:35:23  INFO     [RAMS] Tier switch: SMALL → MEDIUM  (R=0.646)
14:35:26  INFO     [RAMS] Tier switch: MEDIUM → SMALL  (R=0.545)
14:35:26  INFO     [RAMS] Tier switch: SMALL → MEDIUM  (R=0.528)
14:35:30  INFO     [RAMS] Tier switch: MEDIUM → SMALL  (R=0.473)
14:35:30  INFO       [safety2 / light] 20/200  tier=SMALL   latency=130.4 ms  R=0.461  target=0.25  dets=16  vru=False  backend=onnx
14:35:31  INFO     [RAMS] Tier switch: SMALL → MEDIUM  (R=0.473)
14:35:33  INFO     [RAMS] Tier switch: MEDIUM → SMALL  (R=0.479)
14:35:35  INFO     [RAMS] Tier switch: SMALL → MEDIUM  (R=0.478)
14:35:37  INFO       [safety2 / light] 40/200  tier=MEDIUM  latency=713.4 ms  R=0.481  target=0.25  dets=13  vru=False  backend=onnx
14:35:37  INFO     [RAMS] Tier switch: MEDIUM → SMALL  (R=0.470)
14:35:38  INFO     [RAMS] Tier switch: SMALL → MEDIUM  (R=0.473)
14:35:41  INFO     [RAMS] Tier switch: MEDIUM → SMALL  (R=0.475)
14:35:41  INFO     [RAMS] Tier switch: SMALL → MEDIUM  (R=0.456)
14:35:43  INFO       [safety2 / light] 60/200  tier=MEDIUM  latency=716.5 ms  R=0.476  target=0.25  dets=8  vru=False  backend=onnx
14:35:43  INFO     [RAMS] Tier switch: MEDIUM → SMALL  (R=0.476)
14:35:45  INFO     [RAMS] Tier switch: SMALL → MEDIUM  (R=0.634)
14:35:48  INFO     [RAMS] Tier switch: MEDIUM → SMALL  (R=0.536)
14:35:48  INFO       [safety2 / light] 80/200  tier=SMALL   latency=130.0 ms  R=0.520  target=0.25  dets=5  vru=False  backend=onnx
14:35:49  INFO     [RAMS] Tier switch: SMALL → MEDIUM  (R=0.523)
14:35:51  INFO     [RAMS] Tier switch: MEDIUM → SMALL  (R=0.478)
14:35:51  INFO     [RAMS] Tier switch: SMALL → MEDIUM  (R=0.535)
14:35:53  INFO     [RAMS] Tier switch: MEDIUM → SMALL  (R=0.481)
14:35:54  INFO       [safety2 / light] 100/200  tier=SMALL   latency=128.3 ms  R=0.469  target=0.25  dets=2  vru=False  backend=onnx
14:35:57  INFO       [safety2 / light] 120/200  tier=SMALL   latency=128.9 ms  R=0.456  target=0.25  dets=10  vru=False  backend=onnx
14:35:57  INFO     [RAMS] Tier switch: SMALL → MEDIUM  (R=0.456)
14:36:00  INFO     [RAMS] Tier switch: MEDIUM → SMALL  (R=0.479)
14:36:02  INFO       [safety2 / light] 140/200  tier=SMALL   latency=127.9 ms  R=0.461  target=0.25  dets=3  vru=False  backend=onnx
14:36:03  INFO     [RAMS] Tier switch: SMALL → MEDIUM  (R=0.504)
14:36:05  INFO     [RAMS] Tier switch: MEDIUM → SMALL  (R=0.483)
14:36:06  INFO       [safety2 / light] 160/200  tier=SMALL   latency=131.8 ms  R=0.524  target=0.25  dets=0  vru=False  backend=onnx
14:36:09  INFO       [safety2 / light] 180/200  tier=SMALL   latency=129.5 ms  R=0.545  target=0.25  dets=4  vru=True  backend=onnx
14:36:11  INFO     [RAMS] Tier switch: SMALL → MEDIUM  (R=0.537)
14:36:13  INFO     [RAMS] Tier switch: MEDIUM → SMALL  (R=0.473)
14:36:14  INFO     [RAMS] Tier switch: SMALL → MEDIUM  (R=0.475)
14:36:14  INFO       [safety2 / light] 200/200  tier=MEDIUM  latency=715.7 ms  R=0.475  target=0.25  dets=5  vru=False  backend=onnx
14:36:14  INFO     [RAMS] Controller stopped.
14:36:15  INFO     
--- Block 2/10  Policy: threshold  Load: light (25%) ---
14:36:15  INFO     [RAMS] Starting resource monitor ...
14:36:15  INFO     [RAMS] Loading model tiers ...
14:36:15  INFO     [RAMS] YOLOv8-nano ready — ONNX (imgsz=320).
14:36:15  INFO     [RAMS] YOLOv8-small ready — ONNX (imgsz=416).
14:36:16  INFO     [RAMS] YOLOv8-medium ready — ONNX (imgsz=640).
14:36:16  INFO     [RAMS] Controller ready. Policy: threshold
14:36:19  INFO       [threshold / light] 20/200  tier=SMALL   latency=129.8 ms  R=0.543  target=0.25  dets=16  vru=False  backend=onnx
14:36:22  INFO       [threshold / light] 40/200  tier=SMALL   latency=129.6 ms  R=0.470  target=0.25  dets=6  vru=False  backend=onnx
14:36:25  INFO       [threshold / light] 60/200  tier=SMALL   latency=129.7 ms  R=0.475  target=0.25  dets=6  vru=False  backend=onnx
14:36:28  INFO       [threshold / light] 80/200  tier=SMALL   latency=138.7 ms  R=0.537  target=0.25  dets=5  vru=False  backend=onnx
14:36:31  INFO       [threshold / light] 100/200  tier=SMALL   latency=129.8 ms  R=0.542  target=0.25  dets=2  vru=False  backend=onnx
14:36:34  INFO       [threshold / light] 120/200  tier=SMALL   latency=130.9 ms  R=0.538  target=0.25  dets=10  vru=False  backend=onnx
14:36:37  INFO       [threshold / light] 140/200  tier=SMALL   latency=129.4 ms  R=0.464  target=0.25  dets=3  vru=False  backend=onnx
14:36:40  INFO       [threshold / light] 160/200  tier=SMALL   latency=128.1 ms  R=0.544  target=0.25  dets=0  vru=False  backend=onnx
14:36:42  INFO       [threshold / light] 180/200  tier=SMALL   latency=129.6 ms  R=0.477  target=0.25  dets=4  vru=True  backend=onnx
14:36:45  INFO       [threshold / light] 200/200  tier=SMALL   latency=128.8 ms  R=0.475  target=0.25  dets=7  vru=False  backend=onnx
14:36:45  INFO     [RAMS] Controller stopped.
14:36:45  INFO     
--- Block 2/10  Policy: fixed_medium  Load: light (25%) ---
14:36:45  INFO     [RAMS] Starting resource monitor ...
14:36:45  INFO     [RAMS] Loading model tiers ...
14:36:46  INFO     [RAMS] YOLOv8-nano ready — ONNX (imgsz=320).
14:36:46  INFO     [RAMS] YOLOv8-small ready — ONNX (imgsz=416).
14:36:47  INFO     [RAMS] YOLOv8-medium ready — ONNX (imgsz=640).
14:36:47  INFO     [RAMS] Controller ready. Policy: fixed
14:36:48  INFO     [RAMS] Tier switch: SMALL → MEDIUM  (R=0.247)
14:37:02  INFO       [fixed_medium / light] 20/200  tier=MEDIUM  latency=725.8 ms  R=0.478  target=0.25  dets=21  vru=False  backend=onnx
14:37:17  INFO       [fixed_medium / light] 40/200  tier=MEDIUM  latency=722.0 ms  R=0.535  target=0.25  dets=13  vru=False  backend=onnx
14:37:32  INFO       [fixed_medium / light] 60/200  tier=MEDIUM  latency=716.2 ms  R=0.475  target=0.25  dets=8  vru=False  backend=onnx
14:37:46  INFO       [fixed_medium / light] 80/200  tier=MEDIUM  latency=719.8 ms  R=0.470  target=0.25  dets=8  vru=False  backend=onnx
14:38:01  INFO       [fixed_medium / light] 100/200  tier=MEDIUM  latency=723.2 ms  R=0.535  target=0.25  dets=2  vru=False  backend=onnx
14:38:16  INFO       [fixed_medium / light] 120/200  tier=MEDIUM  latency=716.0 ms  R=0.476  target=0.25  dets=10  vru=False  backend=onnx
14:38:30  INFO       [fixed_medium / light] 140/200  tier=MEDIUM  latency=713.5 ms  R=0.546  target=0.25  dets=8  vru=False  backend=onnx
14:38:45  INFO       [fixed_medium / light] 160/200  tier=MEDIUM  latency=722.2 ms  R=0.478  target=0.25  dets=6  vru=False  backend=onnx
14:38:59  INFO       [fixed_medium / light] 180/200  tier=MEDIUM  latency=723.7 ms  R=0.477  target=0.25  dets=4  vru=False  backend=onnx
14:39:14  INFO       [fixed_medium / light] 200/200  tier=MEDIUM  latency=718.5 ms  R=0.476  target=0.25  dets=5  vru=False  backend=onnx
14:39:14  INFO     [RAMS] Controller stopped.
14:39:14  INFO     
--- Block 2/10  Policy: fixed_small  Load: light (25%) ---
14:39:14  INFO     [RAMS] Starting resource monitor ...
14:39:14  INFO     [RAMS] Loading model tiers ...
14:39:14  INFO     [RAMS] YOLOv8-nano ready — ONNX (imgsz=320).
14:39:15  INFO     [RAMS] YOLOv8-small ready — ONNX (imgsz=416).
14:39:15  INFO     [RAMS] YOLOv8-medium ready — ONNX (imgsz=640).
14:39:15  INFO     [RAMS] Controller ready. Policy: fixed
14:39:19  INFO       [fixed_small / light] 20/200  tier=SMALL   latency=131.0 ms  R=0.467  target=0.25  dets=16  vru=False  backend=onnx
14:39:22  INFO       [fixed_small / light] 40/200  tier=SMALL   latency=130.0 ms  R=0.535  target=0.25  dets=6  vru=False  backend=onnx
14:39:25  INFO       [fixed_small / light] 60/200  tier=SMALL   latency=142.9 ms  R=0.517  target=0.25  dets=6  vru=False  backend=onnx
14:39:28  INFO       [fixed_small / light] 80/200  tier=SMALL   latency=139.1 ms  R=0.466  target=0.25  dets=5  vru=False  backend=onnx
14:39:31  INFO       [fixed_small / light] 100/200  tier=SMALL   latency=129.2 ms  R=0.476  target=0.25  dets=2  vru=False  backend=onnx
14:39:34  INFO       [fixed_small / light] 120/200  tier=SMALL   latency=131.9 ms  R=0.531  target=0.25  dets=10  vru=False  backend=onnx
14:39:36  INFO       [fixed_small / light] 140/200  tier=SMALL   latency=135.0 ms  R=0.464  target=0.25  dets=3  vru=False  backend=onnx
14:39:39  INFO       [fixed_small / light] 160/200  tier=SMALL   latency=128.5 ms  R=0.469  target=0.25  dets=0  vru=False  backend=onnx
14:39:42  INFO       [fixed_small / light] 180/200  tier=SMALL   latency=129.8 ms  R=0.529  target=0.25  dets=4  vru=True  backend=onnx
14:39:45  INFO       [fixed_small / light] 200/200  tier=SMALL   latency=130.3 ms  R=0.532  target=0.25  dets=7  vru=False  backend=onnx
14:39:45  INFO     [RAMS] Controller stopped.
14:39:45  INFO     
--- Block 2/10  Policy: safety  Load: light (25%) ---
14:39:45  INFO     [RAMS] Starting resource monitor ...
14:39:45  INFO     [RAMS] Loading model tiers ...
14:39:45  INFO     [RAMS] YOLOv8-nano ready — ONNX (imgsz=320).
14:39:46  INFO     [RAMS] YOLOv8-small ready — ONNX (imgsz=416).
14:39:46  INFO     [RAMS] YOLOv8-medium ready — ONNX (imgsz=640).
14:39:46  INFO     [RAMS] Controller ready. Policy: safety
14:39:50  INFO       [safety / light] 20/200  tier=SMALL   latency=130.5 ms  R=0.477  target=0.25  dets=16  vru=False  backend=onnx
14:39:53  INFO       [safety / light] 40/200  tier=SMALL   latency=128.7 ms  R=0.461  target=0.25  dets=6  vru=False  backend=onnx
14:39:56  INFO       [safety / light] 60/200  tier=SMALL   latency=128.4 ms  R=0.455  target=0.25  dets=6  vru=False  backend=onnx
14:39:59  INFO       [safety / light] 80/200  tier=SMALL   latency=128.8 ms  R=0.543  target=0.25  dets=5  vru=False  backend=onnx
14:40:02  INFO       [safety / light] 100/200  tier=SMALL   latency=128.7 ms  R=0.470  target=0.25  dets=2  vru=False  backend=onnx
14:40:04  INFO       [safety / light] 120/200  tier=SMALL   latency=130.8 ms  R=0.531  target=0.25  dets=10  vru=False  backend=onnx
14:40:07  INFO       [safety / light] 140/200  tier=SMALL   latency=129.5 ms  R=0.517  target=0.25  dets=3  vru=False  backend=onnx
14:40:10  INFO       [safety / light] 160/200  tier=SMALL   latency=127.8 ms  R=0.475  target=0.25  dets=0  vru=False  backend=onnx
14:40:13  INFO       [safety / light] 180/200  tier=SMALL   latency=128.9 ms  R=0.458  target=0.25  dets=4  vru=True  backend=onnx
14:40:16  INFO       [safety / light] 200/200  tier=SMALL   latency=129.0 ms  R=0.466  target=0.25  dets=7  vru=False  backend=onnx
14:40:16  INFO     [RAMS] Controller stopped.
14:40:16  INFO     
--- Block 2/10  Policy: adaptive  Load: light (25%) ---
14:40:16  INFO     [RAMS] Starting resource monitor ...
14:40:16  INFO     [RAMS] Loading model tiers ...
14:40:16  INFO     [RAMS] YOLOv8-nano ready — ONNX (imgsz=320).
14:40:16  INFO     [RAMS] YOLOv8-small ready — ONNX (imgsz=416).
14:40:17  INFO     [RAMS] YOLOv8-medium ready — ONNX (imgsz=640).
14:40:17  INFO     [RAMS] Controller ready. Policy: adaptive
14:40:18  INFO     [RAMS] Tier switch: SMALL → MEDIUM  (R=0.230)
14:40:20  INFO     [RAMS] Tier switch: MEDIUM → SMALL  (R=0.546)
14:40:22  INFO       [adaptive / light] 20/200  tier=SMALL   latency=130.3 ms  R=0.461  target=0.25  dets=16  vru=False  backend=onnx
14:40:25  INFO       [adaptive / light] 40/200  tier=SMALL   latency=137.1 ms  R=0.552  target=0.25  dets=6  vru=False  backend=onnx
14:40:28  INFO       [adaptive / light] 60/200  tier=SMALL   latency=129.4 ms  R=0.517  target=0.25  dets=6  vru=False  backend=onnx
14:40:31  INFO       [adaptive / light] 80/200  tier=SMALL   latency=137.2 ms  R=0.525  target=0.25  dets=5  vru=False  backend=onnx
14:40:34  INFO       [adaptive / light] 100/200  tier=SMALL   latency=128.9 ms  R=0.500  target=0.25  dets=2  vru=False  backend=onnx
14:40:37  INFO       [adaptive / light] 120/200  tier=SMALL   latency=132.4 ms  R=0.461  target=0.25  dets=10  vru=False  backend=onnx
14:40:39  INFO       [adaptive / light] 140/200  tier=SMALL   latency=128.8 ms  R=0.475  target=0.25  dets=3  vru=False  backend=onnx
14:40:42  INFO       [adaptive / light] 160/200  tier=SMALL   latency=128.5 ms  R=0.464  target=0.25  dets=0  vru=False  backend=onnx
14:40:45  INFO       [adaptive / light] 180/200  tier=SMALL   latency=129.4 ms  R=0.484  target=0.25  dets=4  vru=True  backend=onnx
14:40:48  INFO       [adaptive / light] 200/200  tier=SMALL   latency=132.4 ms  R=0.522  target=0.25  dets=7  vru=False  backend=onnx
14:40:48  INFO     [RAMS] Controller stopped.
14:40:48  INFO     
--- Block 2/10  Policy: fixed_nano  Load: light (25%) ---
14:40:48  INFO     [RAMS] Starting resource monitor ...
14:40:48  INFO     [RAMS] Loading model tiers ...
14:40:48  INFO     [RAMS] YOLOv8-nano ready — ONNX (imgsz=320).
14:40:49  INFO     [RAMS] YOLOv8-small ready — ONNX (imgsz=416).
14:40:49  INFO     [RAMS] YOLOv8-medium ready — ONNX (imgsz=640).
14:40:49  INFO     [RAMS] Controller ready. Policy: fixed
14:40:50  INFO     [RAMS] Tier switch: SMALL → NANO  (R=0.309)
14:40:51  INFO       [fixed_nano / light] 20/200  tier=NANO    latency=32.9 ms  R=0.521  target=0.25  dets=13  vru=False  backend=onnx
14:40:52  INFO       [fixed_nano / light] 40/200  tier=NANO    latency=31.6 ms  R=0.501  target=0.25  dets=4  vru=False  backend=onnx
14:40:53  INFO       [fixed_nano / light] 60/200  tier=NANO    latency=31.5 ms  R=0.446  target=0.25  dets=3  vru=False  backend=onnx
14:40:54  INFO       [fixed_nano / light] 80/200  tier=NANO    latency=32.2 ms  R=0.443  target=0.25  dets=5  vru=False  backend=onnx
14:40:55  INFO       [fixed_nano / light] 100/200  tier=NANO    latency=31.2 ms  R=0.447  target=0.25  dets=1  vru=False  backend=onnx
14:40:56  INFO       [fixed_nano / light] 120/200  tier=NANO    latency=31.5 ms  R=0.452  target=0.25  dets=4  vru=False  backend=onnx
14:40:57  INFO       [fixed_nano / light] 140/200  tier=NANO    latency=31.7 ms  R=0.452  target=0.25  dets=2  vru=False  backend=onnx
14:40:58  INFO       [fixed_nano / light] 160/200  tier=NANO    latency=31.1 ms  R=0.451  target=0.25  dets=0  vru=False  backend=onnx
14:40:58  INFO       [fixed_nano / light] 180/200  tier=NANO    latency=31.5 ms  R=0.450  target=0.25  dets=2  vru=False  backend=onnx
14:40:59  INFO       [fixed_nano / light] 200/200  tier=NANO    latency=32.2 ms  R=0.449  target=0.25  dets=6  vru=False  backend=onnx
14:41:00  INFO     [RAMS] Controller stopped.
14:41:00  INFO     
--- Block 2/10  Policy: predictive  Load: light (25%) ---
14:41:00  INFO     [RAMS] Starting resource monitor ...
14:41:00  INFO     [RAMS] Loading model tiers ...
14:41:00  INFO     [RAMS] YOLOv8-nano ready — ONNX (imgsz=320).
14:41:00  INFO     [RAMS] YOLOv8-small ready — ONNX (imgsz=416).
14:41:01  INFO     [RAMS] YOLOv8-medium ready — ONNX (imgsz=640).
14:41:01  INFO     [RAMS] Controller ready. Policy: predictive
14:41:02  INFO     [RAMS] Tier switch: SMALL → MEDIUM  (R=0.241)
14:41:02  INFO     [RAMS] Tier switch: MEDIUM → SMALL  (R=0.475)
14:41:05  INFO       [predictive / light] 20/200  tier=SMALL   latency=130.1 ms  R=0.467  target=0.25  dets=16  vru=False  backend=onnx
14:41:08  INFO       [predictive / light] 40/200  tier=SMALL   latency=131.2 ms  R=0.549  target=0.25  dets=6  vru=False  backend=onnx
14:41:11  INFO       [predictive / light] 60/200  tier=SMALL   latency=137.5 ms  R=0.527  target=0.25  dets=6  vru=False  backend=onnx
14:41:14  INFO       [predictive / light] 80/200  tier=SMALL   latency=128.7 ms  R=0.586  target=0.25  dets=5  vru=False  backend=onnx
14:41:17  INFO       [predictive / light] 100/200  tier=SMALL   latency=132.0 ms  R=0.458  target=0.25  dets=2  vru=False  backend=onnx
14:41:19  INFO       [predictive / light] 120/200  tier=SMALL   latency=128.5 ms  R=0.473  target=0.25  dets=10  vru=False  backend=onnx
14:41:22  INFO       [predictive / light] 140/200  tier=SMALL   latency=127.7 ms  R=0.473  target=0.25  dets=3  vru=False  backend=onnx
14:41:25  INFO       [predictive / light] 160/200  tier=SMALL   latency=131.0 ms  R=0.459  target=0.25  dets=0  vru=False  backend=onnx
14:41:28  INFO       [predictive / light] 180/200  tier=SMALL   latency=129.1 ms  R=0.477  target=0.25  dets=4  vru=True  backend=onnx
14:41:31  INFO       [predictive / light] 200/200  tier=SMALL   latency=134.1 ms  R=0.544  target=0.25  dets=7  vru=False  backend=onnx
14:41:31  INFO     [RAMS] Controller stopped.
14:41:31  INFO     
--- Block 3/10  Policy: threshold  Load: light (25%) ---
14:41:31  INFO     [RAMS] Starting resource monitor ...
14:41:31  INFO     [RAMS] Loading model tiers ...
14:41:31  INFO     [RAMS] YOLOv8-nano ready — ONNX (imgsz=320).
14:41:31  INFO     [RAMS] YOLOv8-small ready — ONNX (imgsz=416).
14:41:32  INFO     [RAMS] YOLOv8-medium ready — ONNX (imgsz=640).
14:41:32  INFO     [RAMS] Controller ready. Policy: threshold
14:41:36  INFO       [threshold / light] 20/200  tier=SMALL   latency=128.5 ms  R=0.464  target=0.25  dets=7  vru=False  backend=onnx
14:41:39  INFO       [threshold / light] 40/200  tier=SMALL   latency=128.8 ms  R=0.474  target=0.25  dets=9  vru=False  backend=onnx
14:41:42  INFO       [threshold / light] 60/200  tier=SMALL   latency=129.8 ms  R=0.567  target=0.25  dets=14  vru=False  backend=onnx
14:41:45  INFO       [threshold / light] 80/200  tier=SMALL   latency=132.9 ms  R=0.455  target=0.25  dets=15  vru=True  backend=onnx
14:41:47  INFO       [threshold / light] 100/200  tier=SMALL   latency=128.0 ms  R=0.461  target=0.25  dets=2  vru=False  backend=onnx
14:41:50  INFO       [threshold / light] 120/200  tier=SMALL   latency=128.6 ms  R=0.473  target=0.25  dets=5  vru=False  backend=onnx
14:41:53  INFO       [threshold / light] 140/200  tier=SMALL   latency=129.5 ms  R=0.559  target=0.25  dets=3  vru=True  backend=onnx
14:41:56  INFO       [threshold / light] 160/200  tier=SMALL   latency=128.7 ms  R=0.513  target=0.25  dets=2  vru=False  backend=onnx
14:41:59  INFO       [threshold / light] 180/200  tier=SMALL   latency=128.4 ms  R=0.519  target=0.25  dets=6  vru=False  backend=onnx
14:42:02  INFO       [threshold / light] 200/200  tier=SMALL   latency=134.1 ms  R=0.509  target=0.25  dets=5  vru=False  backend=onnx
14:42:02  INFO     [RAMS] Controller stopped.
14:42:02  INFO     
--- Block 3/10  Policy: adaptive  Load: light (25%) ---
14:42:02  INFO     [RAMS] Starting resource monitor ...
14:42:02  INFO     [RAMS] Loading model tiers ...
14:42:02  INFO     [RAMS] YOLOv8-nano ready — ONNX (imgsz=320).
14:42:02  INFO     [RAMS] YOLOv8-small ready — ONNX (imgsz=416).
14:42:03  INFO     [RAMS] YOLOv8-medium ready — ONNX (imgsz=640).
14:42:03  INFO     [RAMS] Controller ready. Policy: adaptive
14:42:04  INFO     [RAMS] Tier switch: SMALL → MEDIUM  (R=0.239)
14:42:06  INFO     [RAMS] Tier switch: MEDIUM → SMALL  (R=0.470)
14:42:08  INFO       [adaptive / light] 20/200  tier=SMALL   latency=129.1 ms  R=0.479  target=0.25  dets=7  vru=False  backend=onnx
14:42:11  INFO       [adaptive / light] 40/200  tier=SMALL   latency=128.3 ms  R=0.462  target=0.25  dets=9  vru=False  backend=onnx
14:42:14  INFO       [adaptive / light] 60/200  tier=SMALL   latency=130.8 ms  R=0.576  target=0.25  dets=14  vru=False  backend=onnx
14:42:17  INFO       [adaptive / light] 80/200  tier=SMALL   latency=145.0 ms  R=0.521  target=0.25  dets=15  vru=True  backend=onnx
14:42:20  INFO       [adaptive / light] 100/200  tier=SMALL   latency=131.1 ms  R=0.461  target=0.25  dets=2  vru=False  backend=onnx
14:42:22  INFO       [adaptive / light] 120/200  tier=SMALL   latency=130.2 ms  R=0.475  target=0.25  dets=5  vru=False  backend=onnx
14:42:25  INFO       [adaptive / light] 140/200  tier=SMALL   latency=128.1 ms  R=0.468  target=0.25  dets=3  vru=True  backend=onnx
14:42:28  INFO       [adaptive / light] 160/200  tier=SMALL   latency=128.3 ms  R=0.464  target=0.25  dets=2  vru=False  backend=onnx
14:42:31  INFO       [adaptive / light] 180/200  tier=SMALL   latency=128.6 ms  R=0.473  target=0.25  dets=6  vru=False  backend=onnx
14:42:34  INFO       [adaptive / light] 200/200  tier=SMALL   latency=128.5 ms  R=0.541  target=0.25  dets=5  vru=False  backend=onnx
14:42:34  INFO     [RAMS] Controller stopped.
14:42:34  INFO     
--- Block 3/10  Policy: predictive  Load: light (25%) ---
14:42:34  INFO     [RAMS] Starting resource monitor ...
14:42:34  INFO     [RAMS] Loading model tiers ...
14:42:34  INFO     [RAMS] YOLOv8-nano ready — ONNX (imgsz=320).
14:42:34  INFO     [RAMS] YOLOv8-small ready — ONNX (imgsz=416).
14:42:35  INFO     [RAMS] YOLOv8-medium ready — ONNX (imgsz=640).
14:42:35  INFO     [RAMS] Controller ready. Policy: predictive
14:42:39  INFO       [predictive / light] 20/200  tier=SMALL   latency=131.8 ms  R=0.539  target=0.25  dets=7  vru=False  backend=onnx
14:42:42  INFO       [predictive / light] 40/200  tier=SMALL   latency=129.6 ms  R=0.467  target=0.25  dets=9  vru=False  backend=onnx
14:42:45  INFO       [predictive / light] 60/200  tier=SMALL   latency=130.8 ms  R=0.487  target=0.25  dets=14  vru=False  backend=onnx
14:42:48  INFO       [predictive / light] 80/200  tier=SMALL   latency=136.1 ms  R=0.455  target=0.25  dets=15  vru=True  backend=onnx
14:42:51  INFO       [predictive / light] 100/200  tier=SMALL   latency=128.6 ms  R=0.452  target=0.25  dets=2  vru=False  backend=onnx
14:42:53  INFO       [predictive / light] 120/200  tier=SMALL   latency=129.2 ms  R=0.470  target=0.25  dets=5  vru=False  backend=onnx
14:42:56  INFO       [predictive / light] 140/200  tier=SMALL   latency=134.0 ms  R=0.533  target=0.25  dets=3  vru=True  backend=onnx
14:42:59  INFO       [predictive / light] 160/200  tier=SMALL   latency=129.5 ms  R=0.538  target=0.25  dets=2  vru=False  backend=onnx
14:43:02  INFO       [predictive / light] 180/200  tier=SMALL   latency=129.5 ms  R=0.527  target=0.25  dets=6  vru=False  backend=onnx
14:43:05  INFO       [predictive / light] 200/200  tier=SMALL   latency=129.2 ms  R=0.558  target=0.25  dets=5  vru=False  backend=onnx
14:43:05  INFO     [RAMS] Controller stopped.
14:43:05  INFO     
--- Block 3/10  Policy: fixed_medium  Load: light (25%) ---
14:43:05  INFO     [RAMS] Starting resource monitor ...
14:43:05  INFO     [RAMS] Loading model tiers ...
14:43:05  INFO     [RAMS] YOLOv8-nano ready — ONNX (imgsz=320).
14:43:05  INFO     [RAMS] YOLOv8-small ready — ONNX (imgsz=416).
14:43:06  INFO     [RAMS] YOLOv8-medium ready — ONNX (imgsz=640).
14:43:06  INFO     [RAMS] Controller ready. Policy: fixed
14:43:07  INFO     [RAMS] Tier switch: SMALL → MEDIUM  (R=0.249)
14:43:22  INFO       [fixed_medium / light] 20/200  tier=MEDIUM  latency=723.4 ms  R=0.546  target=0.25  dets=8  vru=False  backend=onnx
14:43:36  INFO       [fixed_medium / light] 40/200  tier=MEDIUM  latency=717.9 ms  R=0.480  target=0.25  dets=10  vru=True  backend=onnx
14:43:51  INFO       [fixed_medium / light] 60/200  tier=MEDIUM  latency=716.6 ms  R=0.470  target=0.25  dets=14  vru=False  backend=onnx
14:44:06  INFO       [fixed_medium / light] 80/200  tier=MEDIUM  latency=735.6 ms  R=0.535  target=0.25  dets=18  vru=True  backend=onnx
14:44:20  INFO       [fixed_medium / light] 100/200  tier=MEDIUM  latency=715.5 ms  R=0.470  target=0.25  dets=2  vru=False  backend=onnx
14:44:35  INFO       [fixed_medium / light] 120/200  tier=MEDIUM  latency=715.7 ms  R=0.467  target=0.25  dets=13  vru=False  backend=onnx
14:44:50  INFO       [fixed_medium / light] 140/200  tier=MEDIUM  latency=718.2 ms  R=0.535  target=0.25  dets=6  vru=True  backend=onnx
14:45:04  INFO       [fixed_medium / light] 160/200  tier=MEDIUM  latency=717.4 ms  R=0.475  target=0.25  dets=4  vru=False  backend=onnx
14:45:19  INFO       [fixed_medium / light] 180/200  tier=MEDIUM  latency=714.7 ms  R=0.480  target=0.25  dets=10  vru=False  backend=onnx
14:45:33  INFO       [fixed_medium / light] 200/200  tier=MEDIUM  latency=716.6 ms  R=0.606  target=0.25  dets=6  vru=True  backend=onnx
14:45:34  INFO     [RAMS] Controller stopped.
14:45:34  INFO     
--- Block 3/10  Policy: safety2  Load: light (25%) ---
14:45:34  INFO     [RAMS] Starting resource monitor ...
14:45:34  INFO     [RAMS] Loading model tiers ...
14:45:34  INFO     [RAMS] YOLOv8-nano ready — ONNX (imgsz=320).
14:45:34  INFO     [RAMS] YOLOv8-small ready — ONNX (imgsz=416).
14:45:35  INFO     [RAMS] YOLOv8-medium ready — ONNX (imgsz=640).
14:45:35  INFO     [RAMS] Controller ready. Policy: safety2
14:45:38  INFO     [RAMS] Tier switch: SMALL → MEDIUM  (R=0.475)
14:45:40  INFO     [RAMS] Tier switch: MEDIUM → SMALL  (R=0.473)
14:45:40  INFO       [safety2 / light] 20/200  tier=SMALL   latency=130.9 ms  R=0.473  target=0.25  dets=7  vru=False  backend=onnx
14:45:41  INFO     [RAMS] Tier switch: SMALL → MEDIUM  (R=0.468)
14:45:43  INFO     [RAMS] Tier switch: MEDIUM → SMALL  (R=0.477)
14:45:45  INFO     [RAMS] Tier switch: SMALL → MEDIUM  (R=0.558)
14:45:46  INFO       [safety2 / light] 40/200  tier=MEDIUM  latency=724.9 ms  R=0.477  target=0.25  dets=10  vru=True  backend=onnx
14:45:47  INFO     [RAMS] Tier switch: MEDIUM → SMALL  (R=0.483)
14:45:49  INFO     [RAMS] Tier switch: SMALL → MEDIUM  (R=0.572)
14:45:51  INFO     [RAMS] Tier switch: MEDIUM → SMALL  (R=0.540)
14:45:51  INFO       [safety2 / light] 60/200  tier=SMALL   latency=132.7 ms  R=0.546  target=0.25  dets=14  vru=False  backend=onnx
14:45:52  INFO     [RAMS] Tier switch: SMALL → MEDIUM  (R=0.528)
14:45:54  INFO     [RAMS] Tier switch: MEDIUM → SMALL  (R=0.533)
14:45:56  INFO     [RAMS] Tier switch: SMALL → MEDIUM  (R=0.456)
14:45:58  INFO     [RAMS] Tier switch: MEDIUM → SMALL  (R=0.568)
14:45:58  INFO       [safety2 / light] 80/200  tier=SMALL   latency=136.0 ms  R=0.568  target=0.25  dets=15  vru=True  backend=onnx
14:45:58  INFO     [RAMS] Tier switch: SMALL → MEDIUM  (R=0.465)
14:46:02  INFO     [RAMS] Tier switch: MEDIUM → SMALL  (R=0.465)
14:46:03  INFO     [RAMS] Tier switch: SMALL → MEDIUM  (R=0.458)
14:46:06  INFO     [RAMS] Tier switch: MEDIUM → SMALL  (R=0.470)
14:46:06  INFO       [safety2 / light] 100/200  tier=SMALL   latency=130.8 ms  R=0.453  target=0.25  dets=2  vru=False  backend=onnx
14:46:07  INFO     [RAMS] Tier switch: SMALL → MEDIUM  (R=0.504)
14:46:09  INFO     [RAMS] Tier switch: MEDIUM → SMALL  (R=0.479)
14:46:10  INFO     [RAMS] Tier switch: SMALL → MEDIUM  (R=0.557)
14:46:13  INFO       [safety2 / light] 120/200  tier=MEDIUM  latency=764.7 ms  R=0.608  target=0.25  dets=13  vru=False  backend=onnx
14:46:14  INFO     [RAMS] Tier switch: MEDIUM → SMALL  (R=0.542)
14:46:15  INFO     [RAMS] Tier switch: SMALL → MEDIUM  (R=0.538)
14:46:18  INFO     [RAMS] Tier switch: MEDIUM → SMALL  (R=0.473)
14:46:18  INFO       [safety2 / light] 140/200  tier=SMALL   latency=129.7 ms  R=0.456  target=0.25  dets=3  vru=True  backend=onnx
14:46:19  INFO     [RAMS] Tier switch: SMALL → MEDIUM  (R=0.481)
14:46:21  INFO     [RAMS] Tier switch: MEDIUM → SMALL  (R=0.470)
14:46:23  INFO       [safety2 / light] 160/200  tier=SMALL   latency=129.6 ms  R=0.470  target=0.25  dets=2  vru=False  backend=onnx
14:46:25  INFO     [RAMS] Tier switch: SMALL → MEDIUM  (R=0.458)
14:46:27  INFO     [RAMS] Tier switch: MEDIUM → SMALL  (R=0.561)
14:46:28  INFO       [safety2 / light] 180/200  tier=SMALL   latency=130.9 ms  R=0.468  target=0.25  dets=6  vru=False  backend=onnx
14:46:28  INFO     [RAMS] Tier switch: SMALL → MEDIUM  (R=0.456)
14:46:30  INFO     [RAMS] Tier switch: MEDIUM → SMALL  (R=0.481)
14:46:31  INFO     [RAMS] Tier switch: SMALL → MEDIUM  (R=0.482)
14:46:33  INFO     [RAMS] Tier switch: MEDIUM → SMALL  (R=0.530)
14:46:34  INFO       [safety2 / light] 200/200  tier=SMALL   latency=131.8 ms  R=0.540  target=0.25  dets=5  vru=False  backend=onnx
14:46:34  INFO     [RAMS] Controller stopped.
14:46:34  INFO     
--- Block 3/10  Policy: fixed_small  Load: light (25%) ---
14:46:34  INFO     [RAMS] Starting resource monitor ...
14:46:34  INFO     [RAMS] Loading model tiers ...
14:46:35  INFO     [RAMS] YOLOv8-nano ready — ONNX (imgsz=320).
14:46:35  INFO     [RAMS] YOLOv8-small ready — ONNX (imgsz=416).
14:46:36  INFO     [RAMS] YOLOv8-medium ready — ONNX (imgsz=640).
14:46:36  INFO     [RAMS] Controller ready. Policy: fixed
14:46:39  INFO       [fixed_small / light] 20/200  tier=SMALL   latency=128.3 ms  R=0.464  target=0.25  dets=7  vru=False  backend=onnx
14:46:42  INFO       [fixed_small / light] 40/200  tier=SMALL   latency=127.8 ms  R=0.466  target=0.25  dets=9  vru=False  backend=onnx
14:46:45  INFO       [fixed_small / light] 60/200  tier=SMALL   latency=129.2 ms  R=0.461  target=0.25  dets=14  vru=False  backend=onnx
14:46:48  INFO       [fixed_small / light] 80/200  tier=SMALL   latency=129.7 ms  R=0.452  target=0.25  dets=15  vru=True  backend=onnx
14:46:51  INFO       [fixed_small / light] 100/200  tier=SMALL   latency=128.1 ms  R=0.468  target=0.25  dets=2  vru=False  backend=onnx
14:46:54  INFO       [fixed_small / light] 120/200  tier=SMALL   latency=130.8 ms  R=0.551  target=0.25  dets=5  vru=False  backend=onnx
14:46:56  INFO       [fixed_small / light] 140/200  tier=SMALL   latency=131.7 ms  R=0.524  target=0.25  dets=3  vru=True  backend=onnx
14:46:59  INFO       [fixed_small / light] 160/200  tier=SMALL   latency=128.3 ms  R=0.475  target=0.25  dets=2  vru=False  backend=onnx
14:47:02  INFO       [fixed_small / light] 180/200  tier=SMALL   latency=128.5 ms  R=0.483  target=0.25  dets=6  vru=False  backend=onnx
14:47:05  INFO       [fixed_small / light] 200/200  tier=SMALL   latency=128.3 ms  R=0.548  target=0.25  dets=5  vru=False  backend=onnx
14:47:05  INFO     [RAMS] Controller stopped.
14:47:05  INFO     
--- Block 3/10  Policy: safety  Load: light (25%) ---
14:47:05  INFO     [RAMS] Starting resource monitor ...
14:47:05  INFO     [RAMS] Loading model tiers ...
14:47:05  INFO     [RAMS] YOLOv8-nano ready — ONNX (imgsz=320).
14:47:06  INFO     [RAMS] YOLOv8-small ready — ONNX (imgsz=416).
14:47:06  INFO     [RAMS] YOLOv8-medium ready — ONNX (imgsz=640).
14:47:06  INFO     [RAMS] Controller ready. Policy: safety
14:47:10  INFO       [safety / light] 20/200  tier=SMALL   latency=129.1 ms  R=0.476  target=0.25  dets=7  vru=False  backend=onnx
14:47:13  INFO       [safety / light] 40/200  tier=SMALL   latency=128.8 ms  R=0.541  target=0.25  dets=9  vru=False  backend=onnx
14:47:16  INFO       [safety / light] 60/200  tier=SMALL   latency=135.9 ms  R=0.545  target=0.25  dets=14  vru=False  backend=onnx
14:47:19  INFO       [safety / light] 80/200  tier=SMALL   latency=135.0 ms  R=0.538  target=0.25  dets=15  vru=True  backend=onnx
14:47:22  INFO       [safety / light] 100/200  tier=SMALL   latency=129.2 ms  R=0.475  target=0.25  dets=2  vru=False  backend=onnx
14:47:24  INFO       [safety / light] 120/200  tier=SMALL   latency=129.4 ms  R=0.458  target=0.25  dets=5  vru=False  backend=onnx
14:47:27  INFO       [safety / light] 140/200  tier=SMALL   latency=128.0 ms  R=0.476  target=0.25  dets=3  vru=True  backend=onnx
14:47:30  INFO       [safety / light] 160/200  tier=SMALL   latency=128.2 ms  R=0.490  target=0.25  dets=2  vru=False  backend=onnx
14:47:33  INFO       [safety / light] 180/200  tier=SMALL   latency=129.5 ms  R=0.546  target=0.25  dets=6  vru=False  backend=onnx
14:47:36  INFO       [safety / light] 200/200  tier=SMALL   latency=134.9 ms  R=0.497  target=0.25  dets=5  vru=False  backend=onnx
14:47:36  INFO     [RAMS] Controller stopped.
14:47:36  INFO     
--- Block 3/10  Policy: fixed_nano  Load: light (25%) ---
14:47:36  INFO     [RAMS] Starting resource monitor ...
14:47:36  INFO     [RAMS] Loading model tiers ...
14:47:36  INFO     [RAMS] YOLOv8-nano ready — ONNX (imgsz=320).
14:47:36  INFO     [RAMS] YOLOv8-small ready — ONNX (imgsz=416).
14:47:37  INFO     [RAMS] YOLOv8-medium ready — ONNX (imgsz=640).
14:47:37  INFO     [RAMS] Controller ready. Policy: fixed
14:47:38  INFO     [RAMS] Tier switch: SMALL → NANO  (R=0.336)
14:47:39  INFO       [fixed_nano / light] 20/200  tier=NANO    latency=32.1 ms  R=0.519  target=0.25  dets=5  vru=False  backend=onnx
14:47:40  INFO       [fixed_nano / light] 40/200  tier=NANO    latency=31.9 ms  R=0.515  target=0.25  dets=1  vru=False  backend=onnx
14:47:41  INFO       [fixed_nano / light] 60/200  tier=NANO    latency=32.4 ms  R=0.577  target=0.25  dets=9  vru=False  backend=onnx
14:47:42  INFO       [fixed_nano / light] 80/200  tier=NANO    latency=37.1 ms  R=0.494  target=0.25  dets=8  vru=False  backend=onnx
14:47:43  INFO       [fixed_nano / light] 100/200  tier=NANO    latency=31.0 ms  R=0.447  target=0.25  dets=0  vru=False  backend=onnx
14:47:44  INFO       [fixed_nano / light] 120/200  tier=NANO    latency=31.8 ms  R=0.452  target=0.25  dets=4  vru=False  backend=onnx
14:47:44  INFO       [fixed_nano / light] 140/200  tier=NANO    latency=31.2 ms  R=0.438  target=0.25  dets=2  vru=True  backend=onnx
14:47:45  INFO       [fixed_nano / light] 160/200  tier=NANO    latency=31.6 ms  R=0.449  target=0.25  dets=2  vru=False  backend=onnx
14:47:46  INFO       [fixed_nano / light] 180/200  tier=NANO    latency=31.6 ms  R=0.457  target=0.25  dets=5  vru=False  backend=onnx
14:47:47  INFO       [fixed_nano / light] 200/200  tier=NANO    latency=31.9 ms  R=0.460  target=0.25  dets=2  vru=False  backend=onnx
14:47:47  INFO     [RAMS] Controller stopped.
14:47:47  INFO     
--- Block 4/10  Policy: adaptive  Load: light (25%) ---
14:47:47  INFO     [RAMS] Starting resource monitor ...
14:47:47  INFO     [RAMS] Loading model tiers ...
14:47:48  INFO     [RAMS] YOLOv8-nano ready — ONNX (imgsz=320).
14:47:48  INFO     [RAMS] YOLOv8-small ready — ONNX (imgsz=416).
14:47:48  INFO     [RAMS] YOLOv8-medium ready — ONNX (imgsz=640).
14:47:48  INFO     [RAMS] Controller ready. Policy: adaptive
14:47:50  INFO     [RAMS] Tier switch: SMALL → MEDIUM  (R=0.241)
14:47:51  INFO     [RAMS] Tier switch: MEDIUM → SMALL  (R=0.478)
14:47:54  INFO       [adaptive / light] 20/200  tier=SMALL   latency=128.8 ms  R=0.479  target=0.25  dets=1  vru=False  backend=onnx
14:47:56  INFO       [adaptive / light] 40/200  tier=SMALL   latency=128.1 ms  R=0.453  target=0.25  dets=2  vru=False  backend=onnx
14:47:59  INFO       [adaptive / light] 60/200  tier=SMALL   latency=129.7 ms  R=0.631  target=0.25  dets=3  vru=False  backend=onnx
14:48:02  INFO       [adaptive / light] 80/200  tier=SMALL   latency=129.7 ms  R=0.538  target=0.25  dets=1  vru=False  backend=onnx
14:48:05  INFO       [adaptive / light] 100/200  tier=SMALL   latency=130.5 ms  R=0.488  target=0.25  dets=12  vru=False  backend=onnx
14:48:08  INFO       [adaptive / light] 120/200  tier=SMALL   latency=130.8 ms  R=0.466  target=0.25  dets=6  vru=False  backend=onnx
14:48:11  INFO       [adaptive / light] 140/200  tier=SMALL   latency=131.1 ms  R=0.461  target=0.25  dets=10  vru=False  backend=onnx
14:48:14  INFO       [adaptive / light] 160/200  tier=SMALL   latency=129.3 ms  R=0.473  target=0.25  dets=2  vru=False  backend=onnx
14:48:16  INFO       [adaptive / light] 180/200  tier=SMALL   latency=129.3 ms  R=0.453  target=0.25  dets=1  vru=True  backend=onnx
14:48:19  INFO       [adaptive / light] 200/200  tier=SMALL   latency=140.9 ms  R=0.599  target=0.25  dets=1  vru=True  backend=onnx
14:48:19  INFO     [RAMS] Controller stopped.
14:48:19  INFO     
--- Block 4/10  Policy: predictive  Load: light (25%) ---
14:48:19  INFO     [RAMS] Starting resource monitor ...
14:48:19  INFO     [RAMS] Loading model tiers ...
14:48:20  INFO     [RAMS] YOLOv8-nano ready — ONNX (imgsz=320).
14:48:20  INFO     [RAMS] YOLOv8-small ready — ONNX (imgsz=416).
14:48:21  INFO     [RAMS] YOLOv8-medium ready — ONNX (imgsz=640).
14:48:21  INFO     [RAMS] Controller ready. Policy: predictive
14:48:25  INFO       [predictive / light] 20/200  tier=SMALL   latency=129.6 ms  R=0.513  target=0.25  dets=1  vru=False  backend=onnx
14:48:27  INFO       [predictive / light] 40/200  tier=SMALL   latency=128.4 ms  R=0.456  target=0.25  dets=2  vru=False  backend=onnx
14:48:30  INFO       [predictive / light] 60/200  tier=SMALL   latency=128.5 ms  R=0.485  target=0.25  dets=3  vru=False  backend=onnx
14:48:33  INFO       [predictive / light] 80/200  tier=SMALL   latency=128.2 ms  R=0.468  target=0.25  dets=1  vru=False  backend=onnx
14:48:36  INFO       [predictive / light] 100/200  tier=SMALL   latency=131.2 ms  R=0.464  target=0.25  dets=12  vru=False  backend=onnx
14:48:39  INFO       [predictive / light] 120/200  tier=SMALL   latency=129.0 ms  R=0.483  target=0.25  dets=6  vru=False  backend=onnx
14:48:42  INFO       [predictive / light] 140/200  tier=SMALL   latency=131.7 ms  R=0.527  target=0.25  dets=10  vru=False  backend=onnx
14:48:45  INFO       [predictive / light] 160/200  tier=SMALL   latency=135.5 ms  R=0.542  target=0.25  dets=2  vru=False  backend=onnx
14:48:47  INFO       [predictive / light] 180/200  tier=SMALL   latency=128.7 ms  R=0.471  target=0.25  dets=1  vru=True  backend=onnx
14:48:50  INFO       [predictive / light] 200/200  tier=SMALL   latency=128.8 ms  R=0.465  target=0.25  dets=1  vru=True  backend=onnx
14:48:50  INFO     [RAMS] Controller stopped.
14:48:50  INFO     
--- Block 4/10  Policy: fixed_nano  Load: light (25%) ---
14:48:50  INFO     [RAMS] Starting resource monitor ...
14:48:50  INFO     [RAMS] Loading model tiers ...
14:48:51  INFO     [RAMS] YOLOv8-nano ready — ONNX (imgsz=320).
14:48:51  INFO     [RAMS] YOLOv8-small ready — ONNX (imgsz=416).
14:48:52  INFO     [RAMS] YOLOv8-medium ready — ONNX (imgsz=640).
14:48:52  INFO     [RAMS] Controller ready. Policy: fixed
14:48:53  INFO     [RAMS] Tier switch: SMALL → NANO  (R=0.247)
14:48:53  INFO       [fixed_nano / light] 20/200  tier=NANO    latency=33.2 ms  R=0.449  target=0.25  dets=0  vru=False  backend=onnx
14:48:54  INFO       [fixed_nano / light] 40/200  tier=NANO    latency=31.5 ms  R=0.447  target=0.25  dets=1  vru=False  backend=onnx
14:48:55  INFO       [fixed_nano / light] 60/200  tier=NANO    latency=31.6 ms  R=0.449  target=0.25  dets=2  vru=False  backend=onnx
14:48:56  INFO       [fixed_nano / light] 80/200  tier=NANO    latency=31.5 ms  R=0.438  target=0.25  dets=1  vru=False  backend=onnx
14:48:57  INFO       [fixed_nano / light] 100/200  tier=NANO    latency=32.6 ms  R=0.469  target=0.25  dets=9  vru=False  backend=onnx
14:48:58  INFO       [fixed_nano / light] 120/200  tier=NANO    latency=32.1 ms  R=0.525  target=0.25  dets=6  vru=False  backend=onnx
14:48:59  INFO       [fixed_nano / light] 140/200  tier=NANO    latency=32.9 ms  R=0.441  target=0.25  dets=6  vru=False  backend=onnx
14:49:00  INFO       [fixed_nano / light] 160/200  tier=NANO    latency=31.6 ms  R=0.452  target=0.25  dets=1  vru=False  backend=onnx
14:49:01  INFO       [fixed_nano / light] 180/200  tier=NANO    latency=31.6 ms  R=0.449  target=0.25  dets=2  vru=True  backend=onnx
14:49:01  INFO       [fixed_nano / light] 200/200  tier=NANO    latency=31.4 ms  R=0.457  target=0.25  dets=1  vru=True  backend=onnx
14:49:01  INFO     [RAMS] Controller stopped.
14:49:02  INFO     
--- Block 4/10  Policy: fixed_medium  Load: light (25%) ---
14:49:02  INFO     [RAMS] Starting resource monitor ...
14:49:02  INFO     [RAMS] Loading model tiers ...
14:49:02  INFO     [RAMS] YOLOv8-nano ready — ONNX (imgsz=320).
14:49:02  INFO     [RAMS] YOLOv8-small ready — ONNX (imgsz=416).
14:49:03  INFO     [RAMS] YOLOv8-medium ready — ONNX (imgsz=640).
14:49:03  INFO     [RAMS] Controller ready. Policy: fixed
14:49:04  INFO     [RAMS] Tier switch: SMALL → MEDIUM  (R=0.312)
14:49:18  INFO       [fixed_medium / light] 20/200  tier=MEDIUM  latency=711.5 ms  R=0.473  target=0.25  dets=2  vru=False  backend=onnx
14:49:33  INFO       [fixed_medium / light] 40/200  tier=MEDIUM  latency=713.3 ms  R=0.473  target=0.25  dets=4  vru=False  backend=onnx
14:49:48  INFO       [fixed_medium / light] 60/200  tier=MEDIUM  latency=724.1 ms  R=0.553  target=0.25  dets=6  vru=False  backend=onnx
14:50:02  INFO       [fixed_medium / light] 80/200  tier=MEDIUM  latency=713.9 ms  R=0.475  target=0.25  dets=4  vru=False  backend=onnx
14:50:17  INFO       [fixed_medium / light] 100/200  tier=MEDIUM  latency=720.7 ms  R=0.475  target=0.25  dets=17  vru=True  backend=onnx
14:50:32  INFO       [fixed_medium / light] 120/200  tier=MEDIUM  latency=730.0 ms  R=0.542  target=0.25  dets=8  vru=False  backend=onnx
14:50:46  INFO       [fixed_medium / light] 140/200  tier=MEDIUM  latency=715.1 ms  R=0.481  target=0.25  dets=10  vru=False  backend=onnx
14:51:01  INFO       [fixed_medium / light] 160/200  tier=MEDIUM  latency=715.9 ms  R=0.473  target=0.25  dets=3  vru=False  backend=onnx
14:51:16  INFO       [fixed_medium / light] 180/200  tier=MEDIUM  latency=744.4 ms  R=0.542  target=0.25  dets=16  vru=True  backend=onnx
14:51:30  INFO       [fixed_medium / light] 200/200  tier=MEDIUM  latency=718.1 ms  R=0.477  target=0.25  dets=9  vru=True  backend=onnx
14:51:30  INFO     [RAMS] Controller stopped.
14:51:30  INFO     
--- Block 4/10  Policy: fixed_small  Load: light (25%) ---
14:51:30  INFO     [RAMS] Starting resource monitor ...
14:51:30  INFO     [RAMS] Loading model tiers ...
14:51:31  INFO     [RAMS] YOLOv8-nano ready — ONNX (imgsz=320).
14:51:31  INFO     [RAMS] YOLOv8-small ready — ONNX (imgsz=416).
14:51:32  INFO     [RAMS] YOLOv8-medium ready — ONNX (imgsz=640).
14:51:32  INFO     [RAMS] Controller ready. Policy: fixed
14:51:35  INFO       [fixed_small / light] 20/200  tier=SMALL   latency=130.6 ms  R=0.526  target=0.25  dets=1  vru=False  backend=onnx
14:51:38  INFO       [fixed_small / light] 40/200  tier=SMALL   latency=137.0 ms  R=0.518  target=0.25  dets=2  vru=False  backend=onnx
14:51:41  INFO       [fixed_small / light] 60/200  tier=SMALL   latency=128.5 ms  R=0.481  target=0.25  dets=3  vru=False  backend=onnx
14:51:44  INFO       [fixed_small / light] 80/200  tier=SMALL   latency=128.4 ms  R=0.560  target=0.25  dets=1  vru=False  backend=onnx
14:51:47  INFO       [fixed_small / light] 100/200  tier=SMALL   latency=132.0 ms  R=0.465  target=0.25  dets=12  vru=False  backend=onnx
14:51:50  INFO       [fixed_small / light] 120/200  tier=SMALL   latency=128.3 ms  R=0.461  target=0.25  dets=6  vru=False  backend=onnx
14:51:53  INFO       [fixed_small / light] 140/200  tier=SMALL   latency=130.3 ms  R=0.468  target=0.25  dets=10  vru=False  backend=onnx
14:51:55  INFO       [fixed_small / light] 160/200  tier=SMALL   latency=144.6 ms  R=0.543  target=0.25  dets=2  vru=False  backend=onnx
14:51:58  INFO       [fixed_small / light] 180/200  tier=SMALL   latency=129.1 ms  R=0.522  target=0.25  dets=1  vru=True  backend=onnx
14:52:01  INFO       [fixed_small / light] 200/200  tier=SMALL   latency=130.1 ms  R=0.535  target=0.25  dets=1  vru=True  backend=onnx
14:52:01  INFO     [RAMS] Controller stopped.
14:52:01  INFO     
--- Block 4/10  Policy: safety2  Load: light (25%) ---
14:52:01  INFO     [RAMS] Starting resource monitor ...
14:52:01  INFO     [RAMS] Loading model tiers ...
14:52:02  INFO     [RAMS] YOLOv8-nano ready — ONNX (imgsz=320).
14:52:02  INFO     [RAMS] YOLOv8-small ready — ONNX (imgsz=416).
14:52:03  INFO     [RAMS] YOLOv8-medium ready — ONNX (imgsz=640).
14:52:03  INFO     [RAMS] Controller ready. Policy: safety2
14:52:04  INFO     [RAMS] Tier switch: SMALL → MEDIUM  (R=0.461)
14:52:06  INFO     [RAMS] Tier switch: MEDIUM → SMALL  (R=0.473)
14:52:06  INFO     [RAMS] Tier switch: SMALL → MEDIUM  (R=0.462)
14:52:09  INFO     [RAMS] Tier switch: MEDIUM → SMALL  (R=0.479)
14:52:09  INFO     [RAMS] Tier switch: SMALL → MEDIUM  (R=0.477)
14:52:12  INFO       [safety2 / light] 20/200  tier=MEDIUM  latency=710.8 ms  R=0.539  target=0.25  dets=2  vru=False  backend=onnx
14:52:12  INFO     [RAMS] Tier switch: MEDIUM → SMALL  (R=0.473)
14:52:12  INFO     [RAMS] Tier switch: SMALL → MEDIUM  (R=0.468)
14:52:14  INFO     [RAMS] Tier switch: MEDIUM → SMALL  (R=0.484)
14:52:16  INFO     [RAMS] Tier switch: SMALL → MEDIUM  (R=0.475)
14:52:18  INFO     [RAMS] Tier switch: MEDIUM → SMALL  (R=0.595)
14:52:18  INFO       [safety2 / light] 40/200  tier=SMALL   latency=132.4 ms  R=0.595  target=0.25  dets=2  vru=False  backend=onnx
14:52:19  INFO     [RAMS] Tier switch: SMALL → MEDIUM  (R=0.552)
14:52:21  INFO     [RAMS] Tier switch: MEDIUM → SMALL  (R=0.535)
14:52:22  INFO     [RAMS] Tier switch: SMALL → MEDIUM  (R=0.548)
14:52:24  INFO     [RAMS] Tier switch: MEDIUM → SMALL  (R=0.477)
14:52:24  INFO       [safety2 / light] 60/200  tier=SMALL   latency=128.6 ms  R=0.461  target=0.25  dets=3  vru=False  backend=onnx
14:52:26  INFO     [RAMS] Tier switch: SMALL → MEDIUM  (R=0.462)
14:52:28  INFO     [RAMS] Tier switch: MEDIUM → SMALL  (R=0.477)
14:52:28  INFO     [RAMS] Tier switch: SMALL → MEDIUM  (R=0.477)
14:52:30  INFO     [RAMS] Tier switch: MEDIUM → SMALL  (R=0.470)
14:52:31  INFO     [RAMS] Tier switch: SMALL → MEDIUM  (R=0.456)
14:52:32  INFO       [safety2 / light] 80/200  tier=MEDIUM  latency=714.9 ms  R=0.473  target=0.25  dets=4  vru=False  backend=onnx
14:52:33  INFO     [RAMS] Tier switch: MEDIUM → SMALL  (R=0.468)
14:52:35  INFO     [RAMS] Tier switch: SMALL → MEDIUM  (R=0.484)
14:52:37  INFO       [safety2 / light] 100/200  tier=MEDIUM  latency=716.7 ms  R=0.475  target=0.25  dets=17  vru=True  backend=onnx
14:52:37  INFO     [RAMS] Tier switch: MEDIUM → SMALL  (R=0.477)
14:52:38  INFO     [RAMS] Tier switch: SMALL → MEDIUM  (R=0.464)
14:52:40  INFO     [RAMS] Tier switch: MEDIUM → SMALL  (R=0.543)
14:52:42  INFO       [safety2 / light] 120/200  tier=SMALL   latency=129.7 ms  R=0.540  target=0.25  dets=6  vru=False  backend=onnx
14:52:43  INFO     [RAMS] Tier switch: SMALL → MEDIUM  (R=0.545)
14:52:46  INFO     [RAMS] Tier switch: MEDIUM → SMALL  (R=0.477)
14:52:46  INFO     [RAMS] Tier switch: SMALL → MEDIUM  (R=0.458)
14:52:47  INFO       [safety2 / light] 140/200  tier=MEDIUM  latency=726.7 ms  R=0.458  target=0.25  dets=10  vru=False  backend=onnx
14:52:51  INFO     [RAMS] Tier switch: MEDIUM → SMALL  (R=0.473)
14:52:51  INFO     [RAMS] Tier switch: SMALL → MEDIUM  (R=0.559)
14:52:53  INFO     [RAMS] Tier switch: MEDIUM → SMALL  (R=0.470)
14:52:55  INFO       [safety2 / light] 160/200  tier=SMALL   latency=128.2 ms  R=0.477  target=0.25  dets=2  vru=False  backend=onnx
14:52:57  INFO     [RAMS] Tier switch: SMALL → MEDIUM  (R=0.481)
14:52:59  INFO       [safety2 / light] 180/200  tier=MEDIUM  latency=711.7 ms  R=0.561  target=0.25  dets=16  vru=True  backend=onnx
14:52:59  INFO     [RAMS] Tier switch: MEDIUM → SMALL  (R=0.470)
14:53:01  INFO     [RAMS] Tier switch: SMALL → MEDIUM  (R=0.607)
14:53:07  INFO       [safety2 / light] 200/200  tier=MEDIUM  latency=713.9 ms  R=0.474  target=0.25  dets=9  vru=True  backend=onnx
14:53:07  INFO     [RAMS] Controller stopped.
14:53:07  INFO     
--- Block 4/10  Policy: safety  Load: light (25%) ---
14:53:07  INFO     [RAMS] Starting resource monitor ...
14:53:07  INFO     [RAMS] Loading model tiers ...
14:53:07  INFO     [RAMS] YOLOv8-nano ready — ONNX (imgsz=320).
14:53:07  INFO     [RAMS] YOLOv8-small ready — ONNX (imgsz=416).
14:53:08  INFO     [RAMS] YOLOv8-medium ready — ONNX (imgsz=640).
14:53:08  INFO     [RAMS] Controller ready. Policy: safety
14:53:12  INFO       [safety / light] 20/200  tier=SMALL   latency=128.2 ms  R=0.562  target=0.25  dets=1  vru=False  backend=onnx
14:53:15  INFO       [safety / light] 40/200  tier=SMALL   latency=129.2 ms  R=0.456  target=0.25  dets=2  vru=False  backend=onnx
14:53:18  INFO       [safety / light] 60/200  tier=SMALL   latency=128.3 ms  R=0.453  target=0.25  dets=3  vru=False  backend=onnx
14:53:21  INFO       [safety / light] 80/200  tier=SMALL   latency=127.1 ms  R=0.458  target=0.25  dets=1  vru=False  backend=onnx
14:53:23  INFO       [safety / light] 100/200  tier=SMALL   latency=130.6 ms  R=0.587  target=0.25  dets=12  vru=False  backend=onnx
14:53:26  INFO       [safety / light] 120/200  tier=SMALL   latency=132.1 ms  R=0.544  target=0.25  dets=6  vru=False  backend=onnx
14:53:29  INFO       [safety / light] 140/200  tier=SMALL   latency=129.2 ms  R=0.537  target=0.25  dets=10  vru=False  backend=onnx
14:53:32  INFO       [safety / light] 160/200  tier=SMALL   latency=129.7 ms  R=0.470  target=0.25  dets=2  vru=False  backend=onnx
14:53:35  INFO       [safety / light] 180/200  tier=SMALL   latency=128.0 ms  R=0.470  target=0.25  dets=1  vru=True  backend=onnx
14:53:38  INFO       [safety / light] 200/200  tier=SMALL   latency=128.1 ms  R=0.467  target=0.25  dets=1  vru=True  backend=onnx
14:53:38  INFO     [RAMS] Controller stopped.
14:53:38  INFO     
--- Block 4/10  Policy: threshold  Load: light (25%) ---
14:53:38  INFO     [RAMS] Starting resource monitor ...
14:53:38  INFO     [RAMS] Loading model tiers ...
14:53:38  INFO     [RAMS] YOLOv8-nano ready — ONNX (imgsz=320).
14:53:38  INFO     [RAMS] YOLOv8-small ready — ONNX (imgsz=416).
14:53:39  INFO     [RAMS] YOLOv8-medium ready — ONNX (imgsz=640).
14:53:39  INFO     [RAMS] Controller ready. Policy: threshold
14:53:43  INFO       [threshold / light] 20/200  tier=SMALL   latency=129.7 ms  R=0.473  target=0.25  dets=1  vru=False  backend=onnx
14:53:46  INFO       [threshold / light] 40/200  tier=SMALL   latency=132.3 ms  R=0.520  target=0.25  dets=2  vru=False  backend=onnx
14:53:49  INFO       [threshold / light] 60/200  tier=SMALL   latency=131.7 ms  R=0.537  target=0.25  dets=3  vru=False  backend=onnx
14:53:52  INFO       [threshold / light] 80/200  tier=SMALL   latency=129.1 ms  R=0.466  target=0.25  dets=1  vru=False  backend=onnx
14:53:54  INFO       [threshold / light] 100/200  tier=SMALL   latency=130.2 ms  R=0.473  target=0.25  dets=12  vru=False  backend=onnx
14:53:57  INFO       [threshold / light] 120/200  tier=SMALL   latency=128.4 ms  R=0.461  target=0.25  dets=6  vru=False  backend=onnx
14:54:00  INFO       [threshold / light] 140/200  tier=SMALL   latency=129.2 ms  R=0.531  target=0.25  dets=10  vru=False  backend=onnx
14:54:03  INFO       [threshold / light] 160/200  tier=SMALL   latency=129.0 ms  R=0.458  target=0.25  dets=2  vru=False  backend=onnx
14:54:06  INFO       [threshold / light] 180/200  tier=SMALL   latency=130.5 ms  R=0.524  target=0.25  dets=1  vru=True  backend=onnx
14:54:09  INFO       [threshold / light] 200/200  tier=SMALL   latency=128.6 ms  R=0.537  target=0.25  dets=1  vru=True  backend=onnx
14:54:09  INFO     [RAMS] Controller stopped.
14:54:09  INFO     
--- Block 5/10  Policy: safety  Load: light (25%) ---
14:54:09  INFO     [RAMS] Starting resource monitor ...
14:54:09  INFO     [RAMS] Loading model tiers ...
14:54:09  INFO     [RAMS] YOLOv8-nano ready — ONNX (imgsz=320).
14:54:09  INFO     [RAMS] YOLOv8-small ready — ONNX (imgsz=416).
14:54:10  INFO     [RAMS] YOLOv8-medium ready — ONNX (imgsz=640).
14:54:10  INFO     [RAMS] Controller ready. Policy: safety
14:54:14  INFO       [safety / light] 20/200  tier=SMALL   latency=133.6 ms  R=0.455  target=0.25  dets=11  vru=True  backend=onnx
14:54:17  INFO       [safety / light] 40/200  tier=SMALL   latency=130.4 ms  R=0.475  target=0.25  dets=15  vru=False  backend=onnx
14:54:20  INFO       [safety / light] 60/200  tier=SMALL   latency=128.5 ms  R=0.458  target=0.25  dets=2  vru=False  backend=onnx
14:54:23  INFO       [safety / light] 80/200  tier=SMALL   latency=129.2 ms  R=0.471  target=0.25  dets=10  vru=False  backend=onnx
14:54:25  INFO       [safety / light] 100/200  tier=SMALL   latency=128.9 ms  R=0.475  target=0.25  dets=10  vru=False  backend=onnx
14:54:28  INFO       [safety / light] 120/200  tier=SMALL   latency=131.2 ms  R=0.534  target=0.25  dets=4  vru=False  backend=onnx
14:54:31  INFO       [safety / light] 140/200  tier=SMALL   latency=129.4 ms  R=0.579  target=0.25  dets=9  vru=True  backend=onnx
14:54:34  INFO       [safety / light] 160/200  tier=SMALL   latency=129.3 ms  R=0.475  target=0.25  dets=1  vru=False  backend=onnx
14:54:37  INFO       [safety / light] 180/200  tier=SMALL   latency=129.5 ms  R=0.462  target=0.25  dets=2  vru=False  backend=onnx
14:54:40  INFO       [safety / light] 200/200  tier=SMALL   latency=128.6 ms  R=0.478  target=0.25  dets=1  vru=False  backend=onnx
14:54:40  INFO     [RAMS] Controller stopped.
14:54:40  INFO     
--- Block 5/10  Policy: fixed_nano  Load: light (25%) ---
14:54:40  INFO     [RAMS] Starting resource monitor ...
14:54:40  INFO     [RAMS] Loading model tiers ...
14:54:40  INFO     [RAMS] YOLOv8-nano ready — ONNX (imgsz=320).
14:54:40  INFO     [RAMS] YOLOv8-small ready — ONNX (imgsz=416).
14:54:41  INFO     [RAMS] YOLOv8-medium ready — ONNX (imgsz=640).
14:54:41  INFO     [RAMS] Controller ready. Policy: fixed
14:54:42  INFO     [RAMS] Tier switch: SMALL → NANO  (R=0.232)
14:54:43  INFO       [fixed_nano / light] 20/200  tier=NANO    latency=32.5 ms  R=0.443  target=0.25  dets=7  vru=False  backend=onnx
14:54:44  INFO       [fixed_nano / light] 40/200  tier=NANO    latency=32.5 ms  R=0.455  target=0.25  dets=10  vru=False  backend=onnx
14:54:45  INFO       [fixed_nano / light] 60/200  tier=NANO    latency=31.2 ms  R=0.452  target=0.25  dets=2  vru=False  backend=onnx
14:54:46  INFO       [fixed_nano / light] 80/200  tier=NANO    latency=31.8 ms  R=0.455  target=0.25  dets=6  vru=False  backend=onnx
14:54:46  INFO       [fixed_nano / light] 100/200  tier=NANO    latency=31.9 ms  R=0.448  target=0.25  dets=2  vru=False  backend=onnx
14:54:47  INFO       [fixed_nano / light] 120/200  tier=NANO    latency=31.8 ms  R=0.457  target=0.25  dets=2  vru=False  backend=onnx
14:54:48  INFO       [fixed_nano / light] 140/200  tier=NANO    latency=31.7 ms  R=0.566  target=0.25  dets=1  vru=False  backend=onnx
14:54:49  INFO       [fixed_nano / light] 160/200  tier=NANO    latency=31.8 ms  R=0.520  target=0.25  dets=0  vru=False  backend=onnx
14:54:50  INFO       [fixed_nano / light] 180/200  tier=NANO    latency=34.5 ms  R=0.614  target=0.25  dets=1  vru=False  backend=onnx
14:54:51  INFO       [fixed_nano / light] 200/200  tier=NANO    latency=32.2 ms  R=0.512  target=0.25  dets=1  vru=False  backend=onnx
14:54:51  INFO     [RAMS] Controller stopped.
14:54:51  INFO     
--- Block 5/10  Policy: fixed_medium  Load: light (25%) ---
14:54:51  INFO     [RAMS] Starting resource monitor ...
14:54:51  INFO     [RAMS] Loading model tiers ...
14:54:51  INFO     [RAMS] YOLOv8-nano ready — ONNX (imgsz=320).
14:54:52  INFO     [RAMS] YOLOv8-small ready — ONNX (imgsz=416).
14:54:52  INFO     [RAMS] YOLOv8-medium ready — ONNX (imgsz=640).
14:54:52  INFO     [RAMS] Controller ready. Policy: fixed
14:54:53  INFO     [RAMS] Tier switch: SMALL → MEDIUM  (R=0.301)
14:55:08  INFO       [fixed_medium / light] 20/200  tier=MEDIUM  latency=714.8 ms  R=0.473  target=0.25  dets=17  vru=True  backend=onnx
14:55:23  INFO       [fixed_medium / light] 40/200  tier=MEDIUM  latency=715.7 ms  R=0.475  target=0.25  dets=16  vru=False  backend=onnx
14:55:37  INFO       [fixed_medium / light] 60/200  tier=MEDIUM  latency=715.7 ms  R=0.545  target=0.25  dets=3  vru=True  backend=onnx
14:55:52  INFO       [fixed_medium / light] 80/200  tier=MEDIUM  latency=715.0 ms  R=0.559  target=0.25  dets=11  vru=False  backend=onnx
14:56:06  INFO       [fixed_medium / light] 100/200  tier=MEDIUM  latency=714.7 ms  R=0.475  target=0.25  dets=10  vru=True  backend=onnx
14:56:21  INFO       [fixed_medium / light] 120/200  tier=MEDIUM  latency=714.5 ms  R=0.527  target=0.25  dets=5  vru=False  backend=onnx
14:56:36  INFO       [fixed_medium / light] 140/200  tier=MEDIUM  latency=723.2 ms  R=0.474  target=0.25  dets=19  vru=True  backend=onnx
14:56:50  INFO       [fixed_medium / light] 160/200  tier=MEDIUM  latency=712.0 ms  R=0.468  target=0.25  dets=2  vru=False  backend=onnx
14:57:05  INFO       [fixed_medium / light] 180/200  tier=MEDIUM  latency=716.8 ms  R=0.480  target=0.25  dets=3  vru=False  backend=onnx
14:57:20  INFO       [fixed_medium / light] 200/200  tier=MEDIUM  latency=728.4 ms  R=0.475  target=0.25  dets=4  vru=False  backend=onnx
14:57:20  INFO     [RAMS] Controller stopped.
14:57:20  INFO     
--- Block 5/10  Policy: adaptive  Load: light (25%) ---
14:57:20  INFO     [RAMS] Starting resource monitor ...
14:57:20  INFO     [RAMS] Loading model tiers ...
14:57:20  INFO     [RAMS] YOLOv8-nano ready — ONNX (imgsz=320).
14:57:20  INFO     [RAMS] YOLOv8-small ready — ONNX (imgsz=416).
14:57:21  INFO     [RAMS] YOLOv8-medium ready — ONNX (imgsz=640).
14:57:21  INFO     [RAMS] Controller ready. Policy: adaptive
14:57:25  INFO       [adaptive / light] 20/200  tier=SMALL   latency=130.4 ms  R=0.538  target=0.25  dets=11  vru=True  backend=onnx
14:57:28  INFO       [adaptive / light] 40/200  tier=SMALL   latency=130.6 ms  R=0.465  target=0.25  dets=15  vru=False  backend=onnx
14:57:31  INFO       [adaptive / light] 60/200  tier=SMALL   latency=127.8 ms  R=0.469  target=0.25  dets=2  vru=False  backend=onnx
14:57:34  INFO       [adaptive / light] 80/200  tier=SMALL   latency=128.7 ms  R=0.476  target=0.25  dets=10  vru=False  backend=onnx
14:57:36  INFO       [adaptive / light] 100/200  tier=SMALL   latency=128.8 ms  R=0.537  target=0.25  dets=10  vru=False  backend=onnx
14:57:39  INFO       [adaptive / light] 120/200  tier=SMALL   latency=127.8 ms  R=0.473  target=0.25  dets=4  vru=False  backend=onnx
14:57:42  INFO       [adaptive / light] 140/200  tier=SMALL   latency=129.8 ms  R=0.529  target=0.25  dets=9  vru=True  backend=onnx
14:57:45  INFO       [adaptive / light] 160/200  tier=SMALL   latency=129.3 ms  R=0.517  target=0.25  dets=1  vru=False  backend=onnx
14:57:48  INFO       [adaptive / light] 180/200  tier=SMALL   latency=128.2 ms  R=0.461  target=0.25  dets=2  vru=False  backend=onnx
14:57:51  INFO       [adaptive / light] 200/200  tier=SMALL   latency=128.2 ms  R=0.455  target=0.25  dets=1  vru=False  backend=onnx
14:57:51  INFO     [RAMS] Controller stopped.
14:57:51  INFO     
--- Block 5/10  Policy: predictive  Load: light (25%) ---
14:57:51  INFO     [RAMS] Starting resource monitor ...
14:57:51  INFO     [RAMS] Loading model tiers ...
14:57:51  INFO     [RAMS] YOLOv8-nano ready — ONNX (imgsz=320).
14:57:51  INFO     [RAMS] YOLOv8-small ready — ONNX (imgsz=416).
14:57:52  INFO     [RAMS] YOLOv8-medium ready — ONNX (imgsz=640).
14:57:52  INFO     [RAMS] Controller ready. Policy: predictive
14:57:53  INFO     [RAMS] Tier switch: SMALL → MEDIUM  (R=0.241)
14:57:54  INFO     [RAMS] Tier switch: MEDIUM → SMALL  (R=0.470)
14:57:56  INFO       [predictive / light] 20/200  tier=SMALL   latency=129.5 ms  R=0.497  target=0.25  dets=11  vru=True  backend=onnx
14:57:59  INFO       [predictive / light] 40/200  tier=SMALL   latency=131.8 ms  R=0.464  target=0.25  dets=15  vru=False  backend=onnx
14:58:02  INFO       [predictive / light] 60/200  tier=SMALL   latency=129.3 ms  R=0.452  target=0.25  dets=2  vru=False  backend=onnx
14:58:05  INFO       [predictive / light] 80/200  tier=SMALL   latency=132.4 ms  R=0.540  target=0.25  dets=10  vru=False  backend=onnx
14:58:08  INFO       [predictive / light] 100/200  tier=SMALL   latency=129.1 ms  R=0.517  target=0.25  dets=10  vru=False  backend=onnx
14:58:11  INFO       [predictive / light] 120/200  tier=SMALL   latency=128.3 ms  R=0.461  target=0.25  dets=4  vru=False  backend=onnx
14:58:14  INFO       [predictive / light] 140/200  tier=SMALL   latency=128.4 ms  R=0.459  target=0.25  dets=9  vru=True  backend=onnx
14:58:16  INFO       [predictive / light] 160/200  tier=SMALL   latency=127.9 ms  R=0.458  target=0.25  dets=1  vru=False  backend=onnx
14:58:19  INFO       [predictive / light] 180/200  tier=SMALL   latency=128.4 ms  R=0.475  target=0.25  dets=2  vru=False  backend=onnx
14:58:22  INFO       [predictive / light] 200/200  tier=SMALL   latency=128.4 ms  R=0.467  target=0.25  dets=1  vru=False  backend=onnx
14:58:22  INFO     [RAMS] Controller stopped.
14:58:22  INFO     
--- Block 5/10  Policy: safety2  Load: light (25%) ---
14:58:22  INFO     [RAMS] Starting resource monitor ...
14:58:22  INFO     [RAMS] Loading model tiers ...
14:58:22  INFO     [RAMS] YOLOv8-nano ready — ONNX (imgsz=320).
14:58:23  INFO     [RAMS] YOLOv8-small ready — ONNX (imgsz=416).
14:58:23  INFO     [RAMS] YOLOv8-medium ready — ONNX (imgsz=640).
14:58:23  INFO     [RAMS] Controller ready. Policy: safety2
14:58:25  INFO     [RAMS] Tier switch: SMALL → MEDIUM  (R=0.612)
14:58:28  INFO     [RAMS] Tier switch: MEDIUM → SMALL  (R=0.604)
14:58:30  INFO       [safety2 / light] 20/200  tier=SMALL   latency=131.9 ms  R=0.521  target=0.25  dets=11  vru=True  backend=onnx
14:58:30  INFO     [RAMS] Tier switch: SMALL → MEDIUM  (R=0.525)
14:58:32  INFO     [RAMS] Tier switch: MEDIUM → SMALL  (R=0.552)
14:58:33  INFO     [RAMS] Tier switch: SMALL → MEDIUM  (R=0.461)
14:58:35  INFO     [RAMS] Tier switch: MEDIUM → SMALL  (R=0.486)
14:58:35  INFO     [RAMS] Tier switch: SMALL → MEDIUM  (R=0.464)
14:58:37  INFO     [RAMS] Tier switch: MEDIUM → SMALL  (R=0.473)
14:58:38  INFO       [safety2 / light] 40/200  tier=SMALL   latency=138.3 ms  R=0.468  target=0.25  dets=15  vru=False  backend=onnx
14:58:38  INFO     [RAMS] Tier switch: SMALL → MEDIUM  (R=0.473)
14:58:40  INFO     [RAMS] Tier switch: MEDIUM → SMALL  (R=0.571)
14:58:41  INFO     [RAMS] Tier switch: SMALL → MEDIUM  (R=0.465)
14:58:43  INFO     [RAMS] Tier switch: MEDIUM → SMALL  (R=0.559)
14:58:44  INFO       [safety2 / light] 60/200  tier=SMALL   latency=128.6 ms  R=0.461  target=0.25  dets=2  vru=False  backend=onnx
14:58:45  INFO     [RAMS] Tier switch: SMALL → MEDIUM  (R=0.479)
14:58:47  INFO     [RAMS] Tier switch: MEDIUM → SMALL  (R=0.545)
14:58:48  INFO     [RAMS] Tier switch: SMALL → MEDIUM  (R=0.530)
14:58:50  INFO     [RAMS] Tier switch: MEDIUM → SMALL  (R=0.545)
14:58:51  INFO       [safety2 / light] 80/200  tier=SMALL   latency=132.0 ms  R=0.540  target=0.25  dets=10  vru=False  backend=onnx
14:58:52  INFO     [RAMS] Tier switch: SMALL → MEDIUM  (R=0.523)
14:58:54  INFO     [RAMS] Tier switch: MEDIUM → SMALL  (R=0.475)
14:58:55  INFO       [safety2 / light] 100/200  tier=SMALL   latency=131.1 ms  R=0.461  target=0.25  dets=10  vru=False  backend=onnx
14:58:56  INFO     [RAMS] Tier switch: SMALL → MEDIUM  (R=0.468)
14:58:58  INFO     [RAMS] Tier switch: MEDIUM → SMALL  (R=0.475)
14:58:59  INFO     [RAMS] Tier switch: SMALL → MEDIUM  (R=0.470)
14:59:01  INFO     [RAMS] Tier switch: MEDIUM → SMALL  (R=0.473)
14:59:02  INFO       [safety2 / light] 120/200  tier=SMALL   latency=129.3 ms  R=0.453  target=0.25  dets=4  vru=False  backend=onnx
14:59:03  INFO     [RAMS] Tier switch: SMALL → MEDIUM  (R=0.481)
14:59:08  INFO     [RAMS] Tier switch: MEDIUM → SMALL  (R=0.541)
14:59:08  INFO     [RAMS] Tier switch: SMALL → MEDIUM  (R=0.528)
14:59:09  INFO       [safety2 / light] 140/200  tier=MEDIUM  latency=744.0 ms  R=0.528  target=0.25  dets=19  vru=True  backend=onnx
14:59:10  INFO     [RAMS] Tier switch: MEDIUM → SMALL  (R=0.551)
14:59:13  INFO       [safety2 / light] 160/200  tier=SMALL   latency=128.8 ms  R=0.521  target=0.25  dets=1  vru=False  backend=onnx
14:59:16  INFO       [safety2 / light] 180/200  tier=SMALL   latency=128.8 ms  R=0.482  target=0.25  dets=2  vru=False  backend=onnx
14:59:16  INFO     [RAMS] Tier switch: SMALL → MEDIUM  (R=0.473)
14:59:18  INFO     [RAMS] Tier switch: MEDIUM → SMALL  (R=0.479)
14:59:18  INFO     [RAMS] Tier switch: SMALL → MEDIUM  (R=0.470)
14:59:21  INFO     [RAMS] Tier switch: MEDIUM → SMALL  (R=0.477)
14:59:22  INFO     [RAMS] Tier switch: SMALL → MEDIUM  (R=0.461)
14:59:23  INFO       [safety2 / light] 200/200  tier=MEDIUM  latency=713.6 ms  R=0.474  target=0.25  dets=4  vru=False  backend=onnx
14:59:23  INFO     [RAMS] Controller stopped.
14:59:24  INFO     
--- Block 5/10  Policy: fixed_small  Load: light (25%) ---
14:59:24  INFO     [RAMS] Starting resource monitor ...
14:59:24  INFO     [RAMS] Loading model tiers ...
14:59:24  INFO     [RAMS] YOLOv8-nano ready — ONNX (imgsz=320).
14:59:24  INFO     [RAMS] YOLOv8-small ready — ONNX (imgsz=416).
14:59:25  INFO     [RAMS] YOLOv8-medium ready — ONNX (imgsz=640).
14:59:25  INFO     [RAMS] Controller ready. Policy: fixed
14:59:29  INFO       [fixed_small / light] 20/200  tier=SMALL   latency=129.8 ms  R=0.523  target=0.25  dets=11  vru=True  backend=onnx
14:59:31  INFO       [fixed_small / light] 40/200  tier=SMALL   latency=140.3 ms  R=0.568  target=0.25  dets=15  vru=False  backend=onnx
14:59:34  INFO       [fixed_small / light] 60/200  tier=SMALL   latency=129.1 ms  R=0.538  target=0.25  dets=2  vru=False  backend=onnx
14:59:37  INFO       [fixed_small / light] 80/200  tier=SMALL   latency=132.6 ms  R=0.473  target=0.25  dets=10  vru=False  backend=onnx
14:59:40  INFO       [fixed_small / light] 100/200  tier=SMALL   latency=129.4 ms  R=0.473  target=0.25  dets=10  vru=False  backend=onnx
14:59:43  INFO       [fixed_small / light] 120/200  tier=SMALL   latency=129.4 ms  R=0.461  target=0.25  dets=4  vru=False  backend=onnx
14:59:46  INFO       [fixed_small / light] 140/200  tier=SMALL   latency=129.1 ms  R=0.478  target=0.25  dets=9  vru=True  backend=onnx
14:59:49  INFO       [fixed_small / light] 160/200  tier=SMALL   latency=128.7 ms  R=0.535  target=0.25  dets=1  vru=False  backend=onnx
14:59:51  INFO       [fixed_small / light] 180/200  tier=SMALL   latency=130.7 ms  R=0.552  target=0.25  dets=2  vru=False  backend=onnx
14:59:54  INFO       [fixed_small / light] 200/200  tier=SMALL   latency=128.5 ms  R=0.539  target=0.25  dets=1  vru=False  backend=onnx
14:59:54  INFO     [RAMS] Controller stopped.
14:59:55  INFO     
--- Block 5/10  Policy: threshold  Load: light (25%) ---
14:59:55  INFO     [RAMS] Starting resource monitor ...
14:59:55  INFO     [RAMS] Loading model tiers ...
14:59:55  INFO     [RAMS] YOLOv8-nano ready — ONNX (imgsz=320).
14:59:55  INFO     [RAMS] YOLOv8-small ready — ONNX (imgsz=416).
14:59:56  INFO     [RAMS] YOLOv8-medium ready — ONNX (imgsz=640).
14:59:56  INFO     [RAMS] Controller ready. Policy: threshold
15:00:00  INFO       [threshold / light] 20/200  tier=SMALL   latency=132.5 ms  R=0.495  target=0.25  dets=11  vru=True  backend=onnx
15:00:02  INFO       [threshold / light] 40/200  tier=SMALL   latency=134.6 ms  R=0.484  target=0.25  dets=15  vru=False  backend=onnx
15:00:05  INFO       [threshold / light] 60/200  tier=SMALL   latency=128.9 ms  R=0.456  target=0.25  dets=2  vru=False  backend=onnx
15:00:08  INFO       [threshold / light] 80/200  tier=SMALL   latency=132.8 ms  R=0.470  target=0.25  dets=10  vru=False  backend=onnx
15:00:11  INFO       [threshold / light] 100/200  tier=SMALL   latency=128.7 ms  R=0.466  target=0.25  dets=10  vru=False  backend=onnx
15:00:14  INFO       [threshold / light] 120/200  tier=SMALL   latency=129.5 ms  R=0.544  target=0.25  dets=4  vru=False  backend=onnx
15:00:17  INFO       [threshold / light] 140/200  tier=SMALL   latency=129.5 ms  R=0.528  target=0.25  dets=9  vru=True  backend=onnx
15:00:20  INFO       [threshold / light] 160/200  tier=SMALL   latency=129.0 ms  R=0.488  target=0.25  dets=1  vru=False  backend=onnx
15:00:22  INFO       [threshold / light] 180/200  tier=SMALL   latency=129.7 ms  R=0.473  target=0.25  dets=2  vru=False  backend=onnx
15:00:25  INFO       [threshold / light] 200/200  tier=SMALL   latency=128.2 ms  R=0.461  target=0.25  dets=1  vru=False  backend=onnx
15:00:25  INFO     [RAMS] Controller stopped.
15:00:25  INFO     
--- Block 6/10  Policy: adaptive  Load: light (25%) ---
15:00:25  INFO     [RAMS] Starting resource monitor ...
15:00:25  INFO     [RAMS] Loading model tiers ...
15:00:26  INFO     [RAMS] YOLOv8-nano ready — ONNX (imgsz=320).
15:00:26  INFO     [RAMS] YOLOv8-small ready — ONNX (imgsz=416).
15:00:27  INFO     [RAMS] YOLOv8-medium ready — ONNX (imgsz=640).
15:00:27  INFO     [RAMS] Controller ready. Policy: adaptive
15:00:28  INFO     [RAMS] Tier switch: SMALL → MEDIUM  (R=0.241)
15:00:29  INFO     [RAMS] Tier switch: MEDIUM → SMALL  (R=0.475)
15:00:32  INFO       [adaptive / light] 20/200  tier=SMALL   latency=128.7 ms  R=0.482  target=0.25  dets=2  vru=False  backend=onnx
15:00:35  INFO       [adaptive / light] 40/200  tier=SMALL   latency=133.7 ms  R=0.539  target=0.25  dets=2  vru=False  backend=onnx
15:00:37  INFO       [adaptive / light] 60/200  tier=SMALL   latency=134.0 ms  R=0.518  target=0.25  dets=5  vru=False  backend=onnx
15:00:40  INFO       [adaptive / light] 80/200  tier=SMALL   latency=128.3 ms  R=0.473  target=0.25  dets=3  vru=True  backend=onnx
15:00:43  INFO       [adaptive / light] 100/200  tier=SMALL   latency=129.5 ms  R=0.456  target=0.25  dets=2  vru=False  backend=onnx
15:00:46  INFO       [adaptive / light] 120/200  tier=SMALL   latency=130.1 ms  R=0.470  target=0.25  dets=5  vru=False  backend=onnx
15:00:49  INFO       [adaptive / light] 140/200  tier=SMALL   latency=129.4 ms  R=0.477  target=0.25  dets=4  vru=False  backend=onnx
15:00:52  INFO       [adaptive / light] 160/200  tier=SMALL   latency=129.8 ms  R=0.459  target=0.25  dets=1  vru=False  backend=onnx
15:00:55  INFO       [adaptive / light] 180/200  tier=SMALL   latency=128.5 ms  R=0.566  target=0.25  dets=6  vru=False  backend=onnx
15:00:57  INFO       [adaptive / light] 200/200  tier=SMALL   latency=129.6 ms  R=0.525  target=0.25  dets=0  vru=False  backend=onnx
15:00:58  INFO     [RAMS] Controller stopped.
15:00:58  INFO     
--- Block 6/10  Policy: safety2  Load: light (25%) ---
15:00:58  INFO     [RAMS] Starting resource monitor ...
15:00:58  INFO     [RAMS] Loading model tiers ...
15:00:58  INFO     [RAMS] YOLOv8-nano ready — ONNX (imgsz=320).
15:00:58  INFO     [RAMS] YOLOv8-small ready — ONNX (imgsz=416).
15:00:59  INFO     [RAMS] YOLOv8-medium ready — ONNX (imgsz=640).
15:00:59  INFO     [RAMS] Controller ready. Policy: safety2
15:01:00  INFO     [RAMS] Tier switch: SMALL → MEDIUM  (R=0.542)
15:01:02  INFO     [RAMS] Tier switch: MEDIUM → SMALL  (R=0.473)
15:01:03  INFO     [RAMS] Tier switch: SMALL → MEDIUM  (R=0.475)
15:01:05  INFO     [RAMS] Tier switch: MEDIUM → SMALL  (R=0.561)
15:01:06  INFO       [safety2 / light] 20/200  tier=SMALL   latency=128.5 ms  R=0.466  target=0.25  dets=2  vru=False  backend=onnx
15:01:08  INFO     [RAMS] Tier switch: SMALL → MEDIUM  (R=0.458)
15:01:10  INFO     [RAMS] Tier switch: MEDIUM → SMALL  (R=0.470)
15:01:10  INFO     [RAMS] Tier switch: SMALL → MEDIUM  (R=0.470)
15:01:12  INFO     [RAMS] Tier switch: MEDIUM → SMALL  (R=0.474)
15:01:13  INFO       [safety2 / light] 40/200  tier=SMALL   latency=139.6 ms  R=0.474  target=0.25  dets=2  vru=False  backend=onnx
15:01:15  INFO       [safety2 / light] 60/200  tier=SMALL   latency=129.0 ms  R=0.470  target=0.25  dets=5  vru=False  backend=onnx
15:01:18  INFO       [safety2 / light] 80/200  tier=SMALL   latency=130.3 ms  R=0.545  target=0.25  dets=3  vru=True  backend=onnx
15:01:18  INFO     [RAMS] Tier switch: SMALL → MEDIUM  (R=0.530)
15:01:20  INFO     [RAMS] Tier switch: MEDIUM → SMALL  (R=0.543)
15:01:22  INFO     [RAMS] Tier switch: SMALL → MEDIUM  (R=0.527)
15:01:25  INFO       [safety2 / light] 100/200  tier=MEDIUM  latency=716.0 ms  R=0.477  target=0.25  dets=4  vru=True  backend=onnx
15:01:25  INFO     [RAMS] Tier switch: MEDIUM → SMALL  (R=0.475)
15:01:27  INFO       [safety2 / light] 120/200  tier=SMALL   latency=136.3 ms  R=0.462  target=0.25  dets=5  vru=False  backend=onnx
15:01:28  INFO     [RAMS] Tier switch: SMALL → MEDIUM  (R=0.470)
15:01:30  INFO     [RAMS] Tier switch: MEDIUM → SMALL  (R=0.475)
15:01:30  INFO     [RAMS] Tier switch: SMALL → MEDIUM  (R=0.450)
15:01:32  INFO     [RAMS] Tier switch: MEDIUM → SMALL  (R=0.477)
15:01:33  INFO     [RAMS] Tier switch: SMALL → MEDIUM  (R=0.477)
15:01:35  INFO     [RAMS] Tier switch: MEDIUM → SMALL  (R=0.468)
15:01:36  INFO       [safety2 / light] 140/200  tier=SMALL   latency=129.5 ms  R=0.535  target=0.25  dets=4  vru=False  backend=onnx
15:01:37  INFO     [RAMS] Tier switch: SMALL → MEDIUM  (R=0.474)
15:01:40  INFO     [RAMS] Tier switch: MEDIUM → SMALL  (R=0.559)
15:01:40  INFO     [RAMS] Tier switch: SMALL → MEDIUM  (R=0.540)
15:01:41  INFO       [safety2 / light] 160/200  tier=MEDIUM  latency=733.0 ms  R=0.540  target=0.25  dets=1  vru=False  backend=onnx
15:01:42  INFO     [RAMS] Tier switch: MEDIUM → SMALL  (R=0.545)
15:01:43  INFO     [RAMS] Tier switch: SMALL → MEDIUM  (R=0.557)
15:01:45  INFO     [RAMS] Tier switch: MEDIUM → SMALL  (R=0.555)
15:01:46  INFO     [RAMS] Tier switch: SMALL → MEDIUM  (R=0.458)
15:01:48  INFO     [RAMS] Tier switch: MEDIUM → SMALL  (R=0.470)
15:01:48  INFO       [safety2 / light] 180/200  tier=SMALL   latency=129.4 ms  R=0.482  target=0.25  dets=6  vru=False  backend=onnx
15:01:49  INFO     [RAMS] Tier switch: SMALL → MEDIUM  (R=0.539)
15:01:52  INFO     [RAMS] Tier switch: MEDIUM → SMALL  (R=0.477)
15:01:53  INFO     [RAMS] Tier switch: SMALL → MEDIUM  (R=0.467)
15:01:54  INFO       [safety2 / light] 200/200  tier=MEDIUM  latency=711.5 ms  R=0.562  target=0.25  dets=4  vru=False  backend=onnx
15:01:54  INFO     [RAMS] Controller stopped.
15:01:54  INFO     
--- Block 6/10  Policy: threshold  Load: light (25%) ---
15:01:54  INFO     [RAMS] Starting resource monitor ...
15:01:54  INFO     [RAMS] Loading model tiers ...
15:01:55  INFO     [RAMS] YOLOv8-nano ready — ONNX (imgsz=320).
15:01:55  INFO     [RAMS] YOLOv8-small ready — ONNX (imgsz=416).
15:01:56  INFO     [RAMS] YOLOv8-medium ready — ONNX (imgsz=640).
15:01:56  INFO     [RAMS] Controller ready. Policy: threshold
15:01:59  INFO       [threshold / light] 20/200  tier=SMALL   latency=128.0 ms  R=0.480  target=0.25  dets=2  vru=False  backend=onnx
15:02:02  INFO       [threshold / light] 40/200  tier=SMALL   latency=132.7 ms  R=0.518  target=0.25  dets=2  vru=False  backend=onnx
15:02:05  INFO       [threshold / light] 60/200  tier=SMALL   latency=130.6 ms  R=0.566  target=0.25  dets=5  vru=False  backend=onnx
15:02:08  INFO       [threshold / light] 80/200  tier=SMALL   latency=127.9 ms  R=0.461  target=0.25  dets=3  vru=True  backend=onnx
15:02:11  INFO       [threshold / light] 100/200  tier=SMALL   latency=129.4 ms  R=0.478  target=0.25  dets=2  vru=False  backend=onnx
15:02:14  INFO       [threshold / light] 120/200  tier=SMALL   latency=131.5 ms  R=0.538  target=0.25  dets=5  vru=False  backend=onnx
15:02:16  INFO       [threshold / light] 140/200  tier=SMALL   latency=130.6 ms  R=0.458  target=0.25  dets=4  vru=False  backend=onnx
15:02:19  INFO       [threshold / light] 160/200  tier=SMALL   latency=128.6 ms  R=0.464  target=0.25  dets=1  vru=False  backend=onnx
15:02:22  INFO       [threshold / light] 180/200  tier=SMALL   latency=131.8 ms  R=0.621  target=0.25  dets=6  vru=False  backend=onnx
15:02:25  INFO       [threshold / light] 200/200  tier=SMALL   latency=130.8 ms  R=0.520  target=0.25  dets=0  vru=False  backend=onnx
15:02:25  INFO     [RAMS] Controller stopped.
15:02:25  INFO     
--- Block 6/10  Policy: fixed_nano  Load: light (25%) ---
15:02:25  INFO     [RAMS] Starting resource monitor ...
15:02:25  INFO     [RAMS] Loading model tiers ...
15:02:25  INFO     [RAMS] YOLOv8-nano ready — ONNX (imgsz=320).
15:02:26  INFO     [RAMS] YOLOv8-small ready — ONNX (imgsz=416).
15:02:26  INFO     [RAMS] YOLOv8-medium ready — ONNX (imgsz=640).
15:02:26  INFO     [RAMS] Controller ready. Policy: fixed
15:02:27  INFO     [RAMS] Tier switch: SMALL → NANO  (R=0.311)
15:02:28  INFO       [fixed_nano / light] 20/200  tier=NANO    latency=32.8 ms  R=0.449  target=0.25  dets=1  vru=False  backend=onnx
15:02:29  INFO       [fixed_nano / light] 40/200  tier=NANO    latency=31.5 ms  R=0.446  target=0.25  dets=1  vru=False  backend=onnx
15:02:30  INFO       [fixed_nano / light] 60/200  tier=NANO    latency=32.9 ms  R=0.449  target=0.25  dets=4  vru=False  backend=onnx
15:02:31  INFO       [fixed_nano / light] 80/200  tier=NANO    latency=31.4 ms  R=0.444  target=0.25  dets=4  vru=True  backend=onnx
15:02:32  INFO       [fixed_nano / light] 100/200  tier=NANO    latency=32.2 ms  R=0.452  target=0.25  dets=3  vru=False  backend=onnx
15:02:33  INFO       [fixed_nano / light] 120/200  tier=NANO    latency=32.0 ms  R=0.447  target=0.25  dets=4  vru=False  backend=onnx
15:02:34  INFO       [fixed_nano / light] 140/200  tier=NANO    latency=31.7 ms  R=0.453  target=0.25  dets=3  vru=False  backend=onnx
15:02:35  INFO       [fixed_nano / light] 160/200  tier=NANO    latency=31.8 ms  R=0.496  target=0.25  dets=1  vru=False  backend=onnx
15:02:35  INFO       [fixed_nano / light] 180/200  tier=NANO    latency=34.0 ms  R=0.449  target=0.25  dets=6  vru=False  backend=onnx
15:02:36  INFO       [fixed_nano / light] 200/200  tier=NANO    latency=31.2 ms  R=0.441  target=0.25  dets=0  vru=False  backend=onnx
15:02:36  INFO     [RAMS] Controller stopped.
15:02:37  INFO     
--- Block 6/10  Policy: fixed_medium  Load: light (25%) ---
15:02:37  INFO     [RAMS] Starting resource monitor ...
15:02:37  INFO     [RAMS] Loading model tiers ...
15:02:37  INFO     [RAMS] YOLOv8-nano ready — ONNX (imgsz=320).
15:02:37  INFO     [RAMS] YOLOv8-small ready — ONNX (imgsz=416).
15:02:38  INFO     [RAMS] YOLOv8-medium ready — ONNX (imgsz=640).
15:02:38  INFO     [RAMS] Controller ready. Policy: fixed
15:02:39  INFO     [RAMS] Tier switch: SMALL → MEDIUM  (R=0.241)
15:02:53  INFO       [fixed_medium / light] 20/200  tier=MEDIUM  latency=717.3 ms  R=0.481  target=0.25  dets=3  vru=False  backend=onnx
15:03:08  INFO       [fixed_medium / light] 40/200  tier=MEDIUM  latency=728.4 ms  R=0.546  target=0.25  dets=4  vru=False  backend=onnx
15:03:23  INFO       [fixed_medium / light] 60/200  tier=MEDIUM  latency=717.3 ms  R=0.470  target=0.25  dets=7  vru=False  backend=onnx
15:03:37  INFO       [fixed_medium / light] 80/200  tier=MEDIUM  latency=710.3 ms  R=0.539  target=0.25  dets=6  vru=True  backend=onnx
15:03:52  INFO       [fixed_medium / light] 100/200  tier=MEDIUM  latency=722.1 ms  R=0.555  target=0.25  dets=4  vru=True  backend=onnx
15:04:06  INFO       [fixed_medium / light] 120/200  tier=MEDIUM  latency=712.9 ms  R=0.481  target=0.25  dets=10  vru=True  backend=onnx
15:04:21  INFO       [fixed_medium / light] 140/200  tier=MEDIUM  latency=713.7 ms  R=0.473  target=0.25  dets=5  vru=False  backend=onnx
15:04:36  INFO       [fixed_medium / light] 160/200  tier=MEDIUM  latency=725.6 ms  R=0.533  target=0.25  dets=1  vru=False  backend=onnx
15:04:51  INFO       [fixed_medium / light] 180/200  tier=MEDIUM  latency=714.7 ms  R=0.477  target=0.25  dets=10  vru=False  backend=onnx
15:05:05  INFO       [fixed_medium / light] 200/200  tier=MEDIUM  latency=724.5 ms  R=0.475  target=0.25  dets=4  vru=False  backend=onnx
15:05:05  INFO     [RAMS] Controller stopped.
15:05:05  INFO     
--- Block 6/10  Policy: fixed_small  Load: light (25%) ---
15:05:05  INFO     [RAMS] Starting resource monitor ...
15:05:05  INFO     [RAMS] Loading model tiers ...
15:05:06  INFO     [RAMS] YOLOv8-nano ready — ONNX (imgsz=320).
15:05:06  INFO     [RAMS] YOLOv8-small ready — ONNX (imgsz=416).
15:05:07  INFO     [RAMS] YOLOv8-medium ready — ONNX (imgsz=640).
15:05:07  INFO     [RAMS] Controller ready. Policy: fixed
15:05:10  INFO       [fixed_small / light] 20/200  tier=SMALL   latency=129.6 ms  R=0.470  target=0.25  dets=2  vru=False  backend=onnx
15:05:13  INFO       [fixed_small / light] 40/200  tier=SMALL   latency=129.2 ms  R=0.470  target=0.25  dets=2  vru=False  backend=onnx
15:05:16  INFO       [fixed_small / light] 60/200  tier=SMALL   latency=147.7 ms  R=0.522  target=0.25  dets=5  vru=False  backend=onnx
15:05:19  INFO       [fixed_small / light] 80/200  tier=SMALL   latency=130.5 ms  R=0.542  target=0.25  dets=3  vru=True  backend=onnx
15:05:22  INFO       [fixed_small / light] 100/200  tier=SMALL   latency=128.5 ms  R=0.475  target=0.25  dets=2  vru=False  backend=onnx
15:05:25  INFO       [fixed_small / light] 120/200  tier=SMALL   latency=128.3 ms  R=0.525  target=0.25  dets=5  vru=False  backend=onnx
15:05:28  INFO       [fixed_small / light] 140/200  tier=SMALL   latency=131.2 ms  R=0.475  target=0.25  dets=4  vru=False  backend=onnx
15:05:30  INFO       [fixed_small / light] 160/200  tier=SMALL   latency=129.6 ms  R=0.461  target=0.25  dets=1  vru=False  backend=onnx
15:05:33  INFO       [fixed_small / light] 180/200  tier=SMALL   latency=129.3 ms  R=0.468  target=0.25  dets=6  vru=False  backend=onnx
15:05:36  INFO       [fixed_small / light] 200/200  tier=SMALL   latency=131.7 ms  R=0.611  target=0.25  dets=0  vru=False  backend=onnx
15:05:36  INFO     [RAMS] Controller stopped.
15:05:36  INFO     
--- Block 6/10  Policy: safety  Load: light (25%) ---
15:05:36  INFO     [RAMS] Starting resource monitor ...
15:05:36  INFO     [RAMS] Loading model tiers ...
15:05:37  INFO     [RAMS] YOLOv8-nano ready — ONNX (imgsz=320).
15:05:37  INFO     [RAMS] YOLOv8-small ready — ONNX (imgsz=416).
15:05:38  INFO     [RAMS] YOLOv8-medium ready — ONNX (imgsz=640).
15:05:38  INFO     [RAMS] Controller ready. Policy: safety
15:05:41  INFO       [safety / light] 20/200  tier=SMALL   latency=128.7 ms  R=0.523  target=0.25  dets=2  vru=False  backend=onnx
15:05:44  INFO       [safety / light] 40/200  tier=SMALL   latency=127.8 ms  R=0.456  target=0.25  dets=2  vru=False  backend=onnx
15:05:47  INFO       [safety / light] 60/200  tier=SMALL   latency=128.3 ms  R=0.461  target=0.25  dets=5  vru=False  backend=onnx
15:05:50  INFO       [safety / light] 80/200  tier=SMALL   latency=128.3 ms  R=0.550  target=0.25  dets=3  vru=True  backend=onnx
15:05:53  INFO       [safety / light] 100/200  tier=SMALL   latency=129.9 ms  R=0.473  target=0.25  dets=2  vru=False  backend=onnx
15:05:56  INFO       [safety / light] 120/200  tier=SMALL   latency=128.7 ms  R=0.470  target=0.25  dets=5  vru=False  backend=onnx
15:05:58  INFO       [safety / light] 140/200  tier=SMALL   latency=129.7 ms  R=0.534  target=0.25  dets=4  vru=False  backend=onnx
15:06:01  INFO       [safety / light] 160/200  tier=SMALL   latency=129.8 ms  R=0.532  target=0.25  dets=1  vru=False  backend=onnx
15:06:04  INFO       [safety / light] 180/200  tier=SMALL   latency=128.2 ms  R=0.478  target=0.25  dets=6  vru=False  backend=onnx
15:06:07  INFO       [safety / light] 200/200  tier=SMALL   latency=127.8 ms  R=0.475  target=0.25  dets=0  vru=False  backend=onnx
15:06:07  INFO     [RAMS] Controller stopped.
15:06:07  INFO     
--- Block 6/10  Policy: predictive  Load: light (25%) ---
15:06:07  INFO     [RAMS] Starting resource monitor ...
15:06:07  INFO     [RAMS] Loading model tiers ...
15:06:07  INFO     [RAMS] YOLOv8-nano ready — ONNX (imgsz=320).
15:06:07  INFO     [RAMS] YOLOv8-small ready — ONNX (imgsz=416).
15:06:08  INFO     [RAMS] YOLOv8-medium ready — ONNX (imgsz=640).
15:06:08  INFO     [RAMS] Controller ready. Policy: predictive
15:06:09  INFO     [RAMS] Tier switch: SMALL → MEDIUM  (R=0.243)
15:06:10  INFO     [RAMS] Tier switch: MEDIUM → SMALL  (R=0.470)
15:06:13  INFO       [predictive / light] 20/200  tier=SMALL   latency=129.6 ms  R=0.459  target=0.25  dets=2  vru=False  backend=onnx
15:06:16  INFO       [predictive / light] 40/200  tier=SMALL   latency=128.4 ms  R=0.460  target=0.25  dets=2  vru=False  backend=onnx
15:06:18  INFO       [predictive / light] 60/200  tier=SMALL   latency=128.8 ms  R=0.461  target=0.25  dets=5  vru=False  backend=onnx
15:06:21  INFO       [predictive / light] 80/200  tier=SMALL   latency=130.2 ms  R=0.560  target=0.25  dets=3  vru=True  backend=onnx
15:06:24  INFO       [predictive / light] 100/200  tier=SMALL   latency=130.0 ms  R=0.535  target=0.25  dets=2  vru=False  backend=onnx
15:06:27  INFO       [predictive / light] 120/200  tier=SMALL   latency=130.1 ms  R=0.479  target=0.25  dets=5  vru=False  backend=onnx
15:06:30  INFO       [predictive / light] 140/200  tier=SMALL   latency=129.5 ms  R=0.549  target=0.25  dets=4  vru=False  backend=onnx
15:06:33  INFO       [predictive / light] 160/200  tier=SMALL   latency=129.5 ms  R=0.464  target=0.25  dets=1  vru=False  backend=onnx
15:06:36  INFO       [predictive / light] 180/200  tier=SMALL   latency=128.7 ms  R=0.481  target=0.25  dets=6  vru=False  backend=onnx
15:06:38  INFO       [predictive / light] 200/200  tier=SMALL   latency=129.1 ms  R=0.453  target=0.25  dets=0  vru=False  backend=onnx
15:06:38  INFO     [RAMS] Controller stopped.
15:06:39  INFO     
--- Block 7/10  Policy: adaptive  Load: light (25%) ---
15:06:39  INFO     [RAMS] Starting resource monitor ...
15:06:39  INFO     [RAMS] Loading model tiers ...
15:06:39  INFO     [RAMS] YOLOv8-nano ready — ONNX (imgsz=320).
15:06:39  INFO     [RAMS] YOLOv8-small ready — ONNX (imgsz=416).
15:06:40  INFO     [RAMS] YOLOv8-medium ready — ONNX (imgsz=640).
15:06:40  INFO     [RAMS] Controller ready. Policy: adaptive
15:06:44  INFO       [adaptive / light] 20/200  tier=SMALL   latency=129.8 ms  R=0.524  target=0.25  dets=1  vru=False  backend=onnx
15:06:46  INFO       [adaptive / light] 40/200  tier=SMALL   latency=128.0 ms  R=0.545  target=0.25  dets=6  vru=False  backend=onnx
15:06:49  INFO       [adaptive / light] 60/200  tier=SMALL   latency=128.3 ms  R=0.456  target=0.25  dets=3  vru=False  backend=onnx
15:06:52  INFO       [adaptive / light] 80/200  tier=SMALL   latency=128.3 ms  R=0.467  target=0.25  dets=4  vru=False  backend=onnx
15:06:55  INFO       [adaptive / light] 100/200  tier=SMALL   latency=129.2 ms  R=0.505  target=0.25  dets=9  vru=False  backend=onnx
15:06:58  INFO       [adaptive / light] 120/200  tier=SMALL   latency=128.0 ms  R=0.516  target=0.25  dets=2  vru=False  backend=onnx
15:07:01  INFO       [adaptive / light] 140/200  tier=SMALL   latency=128.0 ms  R=0.474  target=0.25  dets=7  vru=True  backend=onnx
15:07:03  INFO       [adaptive / light] 160/200  tier=SMALL   latency=131.6 ms  R=0.520  target=0.25  dets=0  vru=False  backend=onnx
15:07:06  INFO       [adaptive / light] 180/200  tier=SMALL   latency=137.8 ms  R=0.521  target=0.25  dets=4  vru=False  backend=onnx
15:07:09  INFO       [adaptive / light] 200/200  tier=SMALL   latency=128.7 ms  R=0.476  target=0.25  dets=8  vru=True  backend=onnx
15:07:09  INFO     [RAMS] Controller stopped.
15:07:09  INFO     
--- Block 7/10  Policy: fixed_nano  Load: light (25%) ---
15:07:09  INFO     [RAMS] Starting resource monitor ...
15:07:09  INFO     [RAMS] Loading model tiers ...
15:07:09  INFO     [RAMS] YOLOv8-nano ready — ONNX (imgsz=320).
15:07:10  INFO     [RAMS] YOLOv8-small ready — ONNX (imgsz=416).
15:07:10  INFO     [RAMS] YOLOv8-medium ready — ONNX (imgsz=640).
15:07:10  INFO     [RAMS] Controller ready. Policy: fixed
15:07:11  INFO     [RAMS] Tier switch: SMALL → NANO  (R=0.247)
15:07:12  INFO       [fixed_nano / light] 20/200  tier=NANO    latency=31.3 ms  R=0.448  target=0.25  dets=1  vru=False  backend=onnx
15:07:13  INFO       [fixed_nano / light] 40/200  tier=NANO    latency=31.6 ms  R=0.444  target=0.25  dets=0  vru=False  backend=onnx
15:07:14  INFO       [fixed_nano / light] 60/200  tier=NANO    latency=31.7 ms  R=0.453  target=0.25  dets=3  vru=False  backend=onnx
15:07:15  INFO       [fixed_nano / light] 80/200  tier=NANO    latency=31.9 ms  R=0.446  target=0.25  dets=3  vru=False  backend=onnx
15:07:16  INFO       [fixed_nano / light] 100/200  tier=NANO    latency=32.7 ms  R=0.453  target=0.25  dets=11  vru=False  backend=onnx
15:07:17  INFO       [fixed_nano / light] 120/200  tier=NANO    latency=31.3 ms  R=0.469  target=0.25  dets=1  vru=False  backend=onnx
15:07:18  INFO       [fixed_nano / light] 140/200  tier=NANO    latency=32.0 ms  R=0.494  target=0.25  dets=1  vru=False  backend=onnx
15:07:19  INFO       [fixed_nano / light] 160/200  tier=NANO    latency=31.4 ms  R=0.455  target=0.25  dets=0  vru=False  backend=onnx
15:07:19  INFO       [fixed_nano / light] 180/200  tier=NANO    latency=31.9 ms  R=0.444  target=0.25  dets=3  vru=False  backend=onnx
15:07:20  INFO       [fixed_nano / light] 200/200  tier=NANO    latency=31.6 ms  R=0.447  target=0.25  dets=5  vru=False  backend=onnx
15:07:20  INFO     [RAMS] Controller stopped.
15:07:21  INFO     
--- Block 7/10  Policy: fixed_medium  Load: light (25%) ---
15:07:21  INFO     [RAMS] Starting resource monitor ...
15:07:21  INFO     [RAMS] Loading model tiers ...
15:07:21  INFO     [RAMS] YOLOv8-nano ready — ONNX (imgsz=320).
15:07:21  INFO     [RAMS] YOLOv8-small ready — ONNX (imgsz=416).
15:07:22  INFO     [RAMS] YOLOv8-medium ready — ONNX (imgsz=640).
15:07:22  INFO     [RAMS] Controller ready. Policy: fixed
15:07:23  INFO     [RAMS] Tier switch: SMALL → MEDIUM  (R=0.243)
15:07:37  INFO       [fixed_medium / light] 20/200  tier=MEDIUM  latency=711.3 ms  R=0.487  target=0.25  dets=1  vru=False  backend=onnx
15:07:52  INFO       [fixed_medium / light] 40/200  tier=MEDIUM  latency=715.2 ms  R=0.515  target=0.25  dets=7  vru=False  backend=onnx
15:08:07  INFO       [fixed_medium / light] 60/200  tier=MEDIUM  latency=713.9 ms  R=0.472  target=0.25  dets=3  vru=False  backend=onnx
15:08:21  INFO       [fixed_medium / light] 80/200  tier=MEDIUM  latency=716.6 ms  R=0.477  target=0.25  dets=5  vru=True  backend=onnx
15:08:36  INFO       [fixed_medium / light] 100/200  tier=MEDIUM  latency=720.1 ms  R=0.475  target=0.25  dets=15  vru=False  backend=onnx
15:08:51  INFO       [fixed_medium / light] 120/200  tier=MEDIUM  latency=741.3 ms  R=0.541  target=0.25  dets=3  vru=True  backend=onnx
15:09:05  INFO       [fixed_medium / light] 140/200  tier=MEDIUM  latency=756.5 ms  R=0.484  target=0.25  dets=10  vru=True  backend=onnx
15:09:20  INFO       [fixed_medium / light] 160/200  tier=MEDIUM  latency=719.4 ms  R=0.471  target=0.25  dets=1  vru=False  backend=onnx
15:09:35  INFO       [fixed_medium / light] 180/200  tier=MEDIUM  latency=722.5 ms  R=0.540  target=0.25  dets=8  vru=False  backend=onnx
15:09:49  INFO       [fixed_medium / light] 200/200  tier=MEDIUM  latency=714.1 ms  R=0.475  target=0.25  dets=7  vru=True  backend=onnx
15:09:49  INFO     [RAMS] Controller stopped.
15:09:50  INFO     
--- Block 7/10  Policy: fixed_small  Load: light (25%) ---
15:09:50  INFO     [RAMS] Starting resource monitor ...
15:09:50  INFO     [RAMS] Loading model tiers ...
15:09:50  INFO     [RAMS] YOLOv8-nano ready — ONNX (imgsz=320).
15:09:50  INFO     [RAMS] YOLOv8-small ready — ONNX (imgsz=416).
15:09:51  INFO     [RAMS] YOLOv8-medium ready — ONNX (imgsz=640).
15:09:51  INFO     [RAMS] Controller ready. Policy: fixed
15:09:55  INFO       [fixed_small / light] 20/200  tier=SMALL   latency=130.5 ms  R=0.461  target=0.25  dets=1  vru=False  backend=onnx
15:09:57  INFO       [fixed_small / light] 40/200  tier=SMALL   latency=131.5 ms  R=0.548  target=0.25  dets=6  vru=False  backend=onnx
15:10:00  INFO       [fixed_small / light] 60/200  tier=SMALL   latency=135.0 ms  R=0.521  target=0.25  dets=3  vru=False  backend=onnx
15:10:03  INFO       [fixed_small / light] 80/200  tier=SMALL   latency=128.0 ms  R=0.461  target=0.25  dets=4  vru=False  backend=onnx
15:10:06  INFO       [fixed_small / light] 100/200  tier=SMALL   latency=129.1 ms  R=0.461  target=0.25  dets=9  vru=False  backend=onnx
15:10:09  INFO       [fixed_small / light] 120/200  tier=SMALL   latency=127.9 ms  R=0.458  target=0.25  dets=2  vru=False  backend=onnx
15:10:12  INFO       [fixed_small / light] 140/200  tier=SMALL   latency=128.4 ms  R=0.456  target=0.25  dets=7  vru=True  backend=onnx
15:10:14  INFO       [fixed_small / light] 160/200  tier=SMALL   latency=127.3 ms  R=0.473  target=0.25  dets=0  vru=False  backend=onnx
15:10:17  INFO       [fixed_small / light] 180/200  tier=SMALL   latency=130.6 ms  R=0.539  target=0.25  dets=4  vru=False  backend=onnx
15:10:20  INFO       [fixed_small / light] 200/200  tier=SMALL   latency=130.8 ms  R=0.575  target=0.25  dets=8  vru=True  backend=onnx
15:10:20  INFO     [RAMS] Controller stopped.
15:10:20  INFO     
--- Block 7/10  Policy: safety2  Load: light (25%) ---
15:10:20  INFO     [RAMS] Starting resource monitor ...
15:10:20  INFO     [RAMS] Loading model tiers ...
15:10:20  INFO     [RAMS] YOLOv8-nano ready — ONNX (imgsz=320).
15:10:21  INFO     [RAMS] YOLOv8-small ready — ONNX (imgsz=416).
15:10:21  INFO     [RAMS] YOLOv8-medium ready — ONNX (imgsz=640).
15:10:21  INFO     [RAMS] Controller ready. Policy: safety2
15:10:24  INFO     [RAMS] Tier switch: SMALL → MEDIUM  (R=0.461)
15:10:26  INFO     [RAMS] Tier switch: MEDIUM → SMALL  (R=0.561)
15:10:27  INFO       [safety2 / light] 20/200  tier=SMALL   latency=128.9 ms  R=0.534  target=0.25  dets=1  vru=False  backend=onnx
15:10:28  INFO     [RAMS] Tier switch: SMALL → MEDIUM  (R=0.461)
15:10:30  INFO     [RAMS] Tier switch: MEDIUM → SMALL  (R=0.473)
15:10:30  INFO     [RAMS] Tier switch: SMALL → MEDIUM  (R=0.462)
15:10:32  INFO     [RAMS] Tier switch: MEDIUM → SMALL  (R=0.479)
15:10:33  INFO       [safety2 / light] 40/200  tier=SMALL   latency=129.4 ms  R=0.479  target=0.25  dets=6  vru=False  backend=onnx
15:10:34  INFO     [RAMS] Tier switch: SMALL → MEDIUM  (R=0.456)
15:10:38  INFO     [RAMS] Tier switch: MEDIUM → SMALL  (R=0.588)
15:10:39  INFO     [RAMS] Tier switch: SMALL → MEDIUM  (R=0.528)
15:10:41  INFO       [safety2 / light] 60/200  tier=MEDIUM  latency=734.8 ms  R=0.536  target=0.25  dets=3  vru=False  backend=onnx
15:10:42  INFO     [RAMS] Tier switch: MEDIUM → SMALL  (R=0.527)
15:10:42  INFO     [RAMS] Tier switch: SMALL → MEDIUM  (R=0.517)
15:10:45  INFO     [RAMS] Tier switch: MEDIUM → SMALL  (R=0.475)
15:10:46  INFO     [RAMS] Tier switch: SMALL → MEDIUM  (R=0.479)
15:10:48  INFO     [RAMS] Tier switch: MEDIUM → SMALL  (R=0.475)
15:10:48  INFO     [RAMS] Tier switch: SMALL → MEDIUM  (R=0.464)
15:10:50  INFO       [safety2 / light] 80/200  tier=MEDIUM  latency=719.6 ms  R=0.479  target=0.25  dets=5  vru=True  backend=onnx
15:10:51  INFO     [RAMS] Tier switch: MEDIUM → SMALL  (R=0.474)
15:10:53  INFO     [RAMS] Tier switch: SMALL → MEDIUM  (R=0.461)
15:10:55  INFO     [RAMS] Tier switch: MEDIUM → SMALL  (R=0.553)
15:10:55  INFO       [safety2 / light] 100/200  tier=SMALL   latency=131.4 ms  R=0.553  target=0.25  dets=9  vru=False  backend=onnx
15:10:56  INFO     [RAMS] Tier switch: SMALL → MEDIUM  (R=0.464)
15:10:58  INFO     [RAMS] Tier switch: MEDIUM → SMALL  (R=0.475)
15:10:59  INFO     [RAMS] Tier switch: SMALL → MEDIUM  (R=0.526)
15:11:00  INFO       [safety2 / light] 120/200  tier=MEDIUM  latency=733.3 ms  R=0.526  target=0.25  dets=3  vru=True  backend=onnx
15:11:02  INFO     [RAMS] Tier switch: MEDIUM → SMALL  (R=0.581)
15:11:03  INFO     [RAMS] Tier switch: SMALL → MEDIUM  (R=0.637)
15:11:05  INFO     [RAMS] Tier switch: MEDIUM → SMALL  (R=0.535)
15:11:06  INFO     [RAMS] Tier switch: SMALL → MEDIUM  (R=0.477)
15:11:07  INFO       [safety2 / light] 140/200  tier=MEDIUM  latency=714.1 ms  R=0.477  target=0.25  dets=10  vru=True  backend=onnx
15:11:08  INFO     [RAMS] Tier switch: MEDIUM → SMALL  (R=0.469)
15:11:08  INFO     [RAMS] Tier switch: SMALL → MEDIUM  (R=0.461)
15:11:11  INFO     [RAMS] Tier switch: MEDIUM → SMALL  (R=0.473)
15:11:12  INFO       [safety2 / light] 160/200  tier=SMALL   latency=127.4 ms  R=0.477  target=0.25  dets=0  vru=False  backend=onnx
15:11:14  INFO     [RAMS] Tier switch: SMALL → MEDIUM  (R=0.522)
15:11:16  INFO     [RAMS] Tier switch: MEDIUM → SMALL  (R=0.477)
15:11:17  INFO       [safety2 / light] 180/200  tier=SMALL   latency=128.6 ms  R=0.504  target=0.25  dets=4  vru=False  backend=onnx
15:11:17  INFO     [RAMS] Tier switch: SMALL → MEDIUM  (R=0.473)
15:11:20  INFO     [RAMS] Tier switch: MEDIUM → SMALL  (R=0.468)
15:11:21  INFO     [RAMS] Tier switch: SMALL → MEDIUM  (R=0.518)
15:11:23  INFO       [safety2 / light] 200/200  tier=MEDIUM  latency=724.9 ms  R=0.540  target=0.25  dets=7  vru=True  backend=onnx
15:11:23  INFO     [RAMS] Controller stopped.
15:11:24  INFO     
--- Block 7/10  Policy: threshold  Load: light (25%) ---
15:11:24  INFO     [RAMS] Starting resource monitor ...
15:11:24  INFO     [RAMS] Loading model tiers ...
15:11:24  INFO     [RAMS] YOLOv8-nano ready — ONNX (imgsz=320).
15:11:24  INFO     [RAMS] YOLOv8-small ready — ONNX (imgsz=416).
15:11:25  INFO     [RAMS] YOLOv8-medium ready — ONNX (imgsz=640).
15:11:25  INFO     [RAMS] Controller ready. Policy: threshold
15:11:29  INFO       [threshold / light] 20/200  tier=SMALL   latency=128.3 ms  R=0.467  target=0.25  dets=1  vru=False  backend=onnx
15:11:31  INFO       [threshold / light] 40/200  tier=SMALL   latency=129.6 ms  R=0.484  target=0.25  dets=6  vru=False  backend=onnx
15:11:34  INFO       [threshold / light] 60/200  tier=SMALL   latency=130.0 ms  R=0.464  target=0.25  dets=3  vru=False  backend=onnx
15:11:37  INFO       [threshold / light] 80/200  tier=SMALL   latency=131.6 ms  R=0.481  target=0.25  dets=4  vru=False  backend=onnx
15:11:40  INFO       [threshold / light] 100/200  tier=SMALL   latency=132.1 ms  R=0.545  target=0.25  dets=9  vru=False  backend=onnx
15:11:43  INFO       [threshold / light] 120/200  tier=SMALL   latency=130.6 ms  R=0.539  target=0.25  dets=2  vru=False  backend=onnx
15:11:46  INFO       [threshold / light] 140/200  tier=SMALL   latency=131.1 ms  R=0.525  target=0.25  dets=7  vru=True  backend=onnx
15:11:49  INFO       [threshold / light] 160/200  tier=SMALL   latency=128.4 ms  R=0.517  target=0.25  dets=0  vru=False  backend=onnx
15:11:51  INFO       [threshold / light] 180/200  tier=SMALL   latency=128.2 ms  R=0.461  target=0.25  dets=4  vru=False  backend=onnx
15:11:54  INFO       [threshold / light] 200/200  tier=SMALL   latency=128.7 ms  R=0.477  target=0.25  dets=8  vru=True  backend=onnx
15:11:54  INFO     [RAMS] Controller stopped.
15:11:54  INFO     
--- Block 7/10  Policy: predictive  Load: light (25%) ---
15:11:54  INFO     [RAMS] Starting resource monitor ...
15:11:54  INFO     [RAMS] Loading model tiers ...
15:11:55  INFO     [RAMS] YOLOv8-nano ready — ONNX (imgsz=320).
15:11:55  INFO     [RAMS] YOLOv8-small ready — ONNX (imgsz=416).
15:11:56  INFO     [RAMS] YOLOv8-medium ready — ONNX (imgsz=640).
15:11:56  INFO     [RAMS] Controller ready. Policy: predictive
15:11:57  INFO     [RAMS] Tier switch: SMALL → MEDIUM  (R=0.239)
15:11:57  INFO     [RAMS] Tier switch: MEDIUM → SMALL  (R=0.473)
15:12:00  INFO       [predictive / light] 20/200  tier=SMALL   latency=128.3 ms  R=0.462  target=0.25  dets=1  vru=False  backend=onnx
15:12:03  INFO       [predictive / light] 40/200  tier=SMALL   latency=129.1 ms  R=0.479  target=0.25  dets=6  vru=False  backend=onnx
15:12:06  INFO       [predictive / light] 60/200  tier=SMALL   latency=129.2 ms  R=0.530  target=0.25  dets=3  vru=False  backend=onnx
15:12:09  INFO       [predictive / light] 80/200  tier=SMALL   latency=130.3 ms  R=0.529  target=0.25  dets=4  vru=False  backend=onnx
15:12:11  INFO       [predictive / light] 100/200  tier=SMALL   latency=129.6 ms  R=0.482  target=0.25  dets=9  vru=False  backend=onnx
15:12:14  INFO       [predictive / light] 120/200  tier=SMALL   latency=127.8 ms  R=0.467  target=0.25  dets=2  vru=False  backend=onnx
15:12:17  INFO       [predictive / light] 140/200  tier=SMALL   latency=128.3 ms  R=0.550  target=0.25  dets=7  vru=True  backend=onnx
15:12:20  INFO       [predictive / light] 160/200  tier=SMALL   latency=129.2 ms  R=0.462  target=0.25  dets=0  vru=False  backend=onnx
15:12:23  INFO       [predictive / light] 180/200  tier=SMALL   latency=127.7 ms  R=0.456  target=0.25  dets=4  vru=False  backend=onnx
15:12:26  INFO       [predictive / light] 200/200  tier=SMALL   latency=136.7 ms  R=0.462  target=0.25  dets=8  vru=True  backend=onnx
15:12:26  INFO     [RAMS] Controller stopped.
15:12:26  INFO     
--- Block 7/10  Policy: safety  Load: light (25%) ---
15:12:26  INFO     [RAMS] Starting resource monitor ...
15:12:26  INFO     [RAMS] Loading model tiers ...
15:12:26  INFO     [RAMS] YOLOv8-nano ready — ONNX (imgsz=320).
15:12:26  INFO     [RAMS] YOLOv8-small ready — ONNX (imgsz=416).
15:12:27  INFO     [RAMS] YOLOv8-medium ready — ONNX (imgsz=640).
15:12:27  INFO     [RAMS] Controller ready. Policy: safety
15:12:31  INFO       [safety / light] 20/200  tier=SMALL   latency=128.8 ms  R=0.527  target=0.25  dets=1  vru=False  backend=onnx
15:12:34  INFO       [safety / light] 40/200  tier=SMALL   latency=127.7 ms  R=0.459  target=0.25  dets=6  vru=False  backend=onnx
15:12:36  INFO       [safety / light] 60/200  tier=SMALL   latency=127.8 ms  R=0.453  target=0.25  dets=3  vru=False  backend=onnx
15:12:39  INFO       [safety / light] 80/200  tier=SMALL   latency=129.1 ms  R=0.477  target=0.25  dets=4  vru=False  backend=onnx
15:12:42  INFO       [safety / light] 100/200  tier=SMALL   latency=131.8 ms  R=0.539  target=0.25  dets=9  vru=False  backend=onnx
15:12:45  INFO       [safety / light] 120/200  tier=SMALL   latency=129.1 ms  R=0.459  target=0.25  dets=2  vru=False  backend=onnx
15:12:48  INFO       [safety / light] 140/200  tier=SMALL   latency=131.3 ms  R=0.541  target=0.25  dets=7  vru=True  backend=onnx
15:12:51  INFO       [safety / light] 160/200  tier=SMALL   latency=129.7 ms  R=0.537  target=0.25  dets=0  vru=False  backend=onnx
15:12:53  INFO       [safety / light] 180/200  tier=SMALL   latency=129.1 ms  R=0.505  target=0.25  dets=4  vru=False  backend=onnx
15:12:56  INFO       [safety / light] 200/200  tier=SMALL   latency=129.0 ms  R=0.462  target=0.25  dets=8  vru=True  backend=onnx
15:12:56  INFO     [RAMS] Controller stopped.
15:12:57  INFO     
--- Block 8/10  Policy: fixed_small  Load: light (25%) ---
15:12:57  INFO     [RAMS] Starting resource monitor ...
15:12:57  INFO     [RAMS] Loading model tiers ...
15:12:57  INFO     [RAMS] YOLOv8-nano ready — ONNX (imgsz=320).
15:12:57  INFO     [RAMS] YOLOv8-small ready — ONNX (imgsz=416).
15:12:58  INFO     [RAMS] YOLOv8-medium ready — ONNX (imgsz=640).
15:12:58  INFO     [RAMS] Controller ready. Policy: fixed
15:13:02  INFO       [fixed_small / light] 20/200  tier=SMALL   latency=127.9 ms  R=0.470  target=0.25  dets=1  vru=False  backend=onnx
15:13:04  INFO       [fixed_small / light] 40/200  tier=SMALL   latency=128.3 ms  R=0.472  target=0.25  dets=5  vru=False  backend=onnx
15:13:07  INFO       [fixed_small / light] 60/200  tier=SMALL   latency=128.4 ms  R=0.488  target=0.25  dets=8  vru=False  backend=onnx
15:13:10  INFO       [fixed_small / light] 80/200  tier=SMALL   latency=141.2 ms  R=0.590  target=0.25  dets=5  vru=False  backend=onnx
15:13:13  INFO       [fixed_small / light] 100/200  tier=SMALL   latency=131.6 ms  R=0.517  target=0.25  dets=9  vru=False  backend=onnx
15:13:16  INFO       [fixed_small / light] 120/200  tier=SMALL   latency=127.9 ms  R=0.474  target=0.25  dets=0  vru=False  backend=onnx
15:13:19  INFO       [fixed_small / light] 140/200  tier=SMALL   latency=128.8 ms  R=0.458  target=0.25  dets=1  vru=False  backend=onnx
15:13:21  INFO       [fixed_small / light] 160/200  tier=SMALL   latency=127.6 ms  R=0.466  target=0.25  dets=1  vru=False  backend=onnx
15:13:24  INFO       [fixed_small / light] 180/200  tier=SMALL   latency=128.5 ms  R=0.470  target=0.25  dets=3  vru=False  backend=onnx
15:13:27  INFO       [fixed_small / light] 200/200  tier=SMALL   latency=131.1 ms  R=0.556  target=0.25  dets=12  vru=False  backend=onnx
15:13:27  INFO     [RAMS] Controller stopped.
15:13:27  INFO     
--- Block 8/10  Policy: safety  Load: light (25%) ---
15:13:27  INFO     [RAMS] Starting resource monitor ...
15:13:27  INFO     [RAMS] Loading model tiers ...
15:13:27  INFO     [RAMS] YOLOv8-nano ready — ONNX (imgsz=320).
15:13:28  INFO     [RAMS] YOLOv8-small ready — ONNX (imgsz=416).
15:13:28  INFO     [RAMS] YOLOv8-medium ready — ONNX (imgsz=640).
15:13:28  INFO     [RAMS] Controller ready. Policy: safety
15:13:32  INFO       [safety / light] 20/200  tier=SMALL   latency=133.1 ms  R=0.536  target=0.25  dets=1  vru=False  backend=onnx
15:13:35  INFO       [safety / light] 40/200  tier=SMALL   latency=130.3 ms  R=0.525  target=0.25  dets=5  vru=False  backend=onnx
15:13:38  INFO       [safety / light] 60/200  tier=SMALL   latency=128.5 ms  R=0.549  target=0.25  dets=8  vru=False  backend=onnx
15:13:41  INFO       [safety / light] 80/200  tier=SMALL   latency=130.6 ms  R=0.473  target=0.25  dets=5  vru=False  backend=onnx
15:13:44  INFO       [safety / light] 100/200  tier=SMALL   latency=129.2 ms  R=0.473  target=0.25  dets=9  vru=False  backend=onnx
15:13:47  INFO       [safety / light] 120/200  tier=SMALL   latency=128.2 ms  R=0.475  target=0.25  dets=0  vru=False  backend=onnx
15:13:49  INFO       [safety / light] 140/200  tier=SMALL   latency=128.3 ms  R=0.456  target=0.25  dets=1  vru=False  backend=onnx
15:13:52  INFO       [safety / light] 160/200  tier=SMALL   latency=130.0 ms  R=0.564  target=0.25  dets=1  vru=False  backend=onnx
15:13:55  INFO       [safety / light] 180/200  tier=SMALL   latency=137.8 ms  R=0.546  target=0.25  dets=3  vru=False  backend=onnx
15:13:58  INFO       [safety / light] 200/200  tier=SMALL   latency=131.7 ms  R=0.583  target=0.25  dets=12  vru=False  backend=onnx
15:13:58  INFO     [RAMS] Controller stopped.
15:13:58  INFO     
--- Block 8/10  Policy: threshold  Load: light (25%) ---
15:13:58  INFO     [RAMS] Starting resource monitor ...
15:13:58  INFO     [RAMS] Loading model tiers ...
15:13:59  INFO     [RAMS] YOLOv8-nano ready — ONNX (imgsz=320).
15:13:59  INFO     [RAMS] YOLOv8-small ready — ONNX (imgsz=416).
15:13:59  INFO     [RAMS] YOLOv8-medium ready — ONNX (imgsz=640).
15:13:59  INFO     [RAMS] Controller ready. Policy: threshold
15:14:03  INFO       [threshold / light] 20/200  tier=SMALL   latency=128.4 ms  R=0.470  target=0.25  dets=1  vru=False  backend=onnx
15:14:06  INFO       [threshold / light] 40/200  tier=SMALL   latency=128.6 ms  R=0.481  target=0.25  dets=5  vru=False  backend=onnx
15:14:09  INFO       [threshold / light] 60/200  tier=SMALL   latency=142.3 ms  R=0.470  target=0.25  dets=8  vru=False  backend=onnx
15:14:12  INFO       [threshold / light] 80/200  tier=SMALL   latency=129.0 ms  R=0.459  target=0.25  dets=5  vru=False  backend=onnx
15:14:15  INFO       [threshold / light] 100/200  tier=SMALL   latency=130.1 ms  R=0.528  target=0.25  dets=9  vru=False  backend=onnx
15:14:18  INFO       [threshold / light] 120/200  tier=SMALL   latency=130.7 ms  R=0.538  target=0.25  dets=0  vru=False  backend=onnx
15:14:20  INFO       [threshold / light] 140/200  tier=SMALL   latency=129.0 ms  R=0.461  target=0.25  dets=1  vru=False  backend=onnx
15:14:23  INFO       [threshold / light] 160/200  tier=SMALL   latency=127.9 ms  R=0.470  target=0.25  dets=1  vru=False  backend=onnx
15:14:26  INFO       [threshold / light] 180/200  tier=SMALL   latency=127.7 ms  R=0.539  target=0.25  dets=3  vru=False  backend=onnx
15:14:29  INFO       [threshold / light] 200/200  tier=SMALL   latency=130.3 ms  R=0.459  target=0.25  dets=12  vru=False  backend=onnx
15:14:29  INFO     [RAMS] Controller stopped.
15:14:29  INFO     
--- Block 8/10  Policy: safety2  Load: light (25%) ---
15:14:29  INFO     [RAMS] Starting resource monitor ...
15:14:29  INFO     [RAMS] Loading model tiers ...
15:14:29  INFO     [RAMS] YOLOv8-nano ready — ONNX (imgsz=320).
15:14:29  INFO     [RAMS] YOLOv8-small ready — ONNX (imgsz=416).
15:14:30  INFO     [RAMS] YOLOv8-medium ready — ONNX (imgsz=640).
15:14:30  INFO     [RAMS] Controller ready. Policy: safety2
15:14:32  INFO     [RAMS] Tier switch: SMALL → MEDIUM  (R=0.464)
15:14:34  INFO     [RAMS] Tier switch: MEDIUM → SMALL  (R=0.467)
15:14:36  INFO       [safety2 / light] 20/200  tier=SMALL   latency=135.8 ms  R=0.524  target=0.25  dets=1  vru=False  backend=onnx
15:14:39  INFO       [safety2 / light] 40/200  tier=SMALL   latency=131.2 ms  R=0.529  target=0.25  dets=5  vru=False  backend=onnx
15:14:39  INFO     [RAMS] Tier switch: SMALL → MEDIUM  (R=0.527)
15:14:46  INFO     [RAMS] Tier switch: MEDIUM → SMALL  (R=0.558)
15:14:47  INFO       [safety2 / light] 60/200  tier=SMALL   latency=130.0 ms  R=0.471  target=0.25  dets=8  vru=False  backend=onnx
15:14:47  INFO     [RAMS] Tier switch: SMALL → MEDIUM  (R=0.459)
15:14:50  INFO     [RAMS] Tier switch: MEDIUM → SMALL  (R=0.473)
15:14:50  INFO     [RAMS] Tier switch: SMALL → MEDIUM  (R=0.482)
15:14:52  INFO     [RAMS] Tier switch: MEDIUM → SMALL  (R=0.479)
15:14:53  INFO     [RAMS] Tier switch: SMALL → MEDIUM  (R=0.459)
15:14:55  INFO     [RAMS] Tier switch: MEDIUM → SMALL  (R=0.467)
15:14:55  INFO       [safety2 / light] 80/200  tier=SMALL   latency=129.2 ms  R=0.533  target=0.25  dets=5  vru=False  backend=onnx
15:14:56  INFO     [RAMS] Tier switch: SMALL → MEDIUM  (R=0.458)
15:15:04  INFO     [RAMS] Tier switch: MEDIUM → SMALL  (R=0.471)
15:15:05  INFO       [safety2 / light] 100/200  tier=SMALL   latency=131.7 ms  R=0.453  target=0.25  dets=9  vru=False  backend=onnx
15:15:06  INFO     [RAMS] Tier switch: SMALL → MEDIUM  (R=0.458)
15:15:08  INFO     [RAMS] Tier switch: MEDIUM → SMALL  (R=0.475)
15:15:09  INFO       [safety2 / light] 120/200  tier=SMALL   latency=128.8 ms  R=0.471  target=0.25  dets=0  vru=False  backend=onnx
15:15:12  INFO     [RAMS] Tier switch: SMALL → MEDIUM  (R=0.475)
15:15:13  INFO       [safety2 / light] 140/200  tier=MEDIUM  latency=716.8 ms  R=0.475  target=0.25  dets=1  vru=False  backend=onnx
15:15:14  INFO     [RAMS] Tier switch: MEDIUM → SMALL  (R=0.487)
15:15:15  INFO     [RAMS] Tier switch: SMALL → MEDIUM  (R=0.522)
15:15:17  INFO     [RAMS] Tier switch: MEDIUM → SMALL  (R=0.484)
15:15:18  INFO       [safety2 / light] 160/200  tier=SMALL   latency=131.2 ms  R=0.536  target=0.25  dets=1  vru=False  backend=onnx
15:15:20  INFO     [RAMS] Tier switch: SMALL → MEDIUM  (R=0.532)
15:15:23  INFO     [RAMS] Tier switch: MEDIUM → SMALL  (R=0.537)
15:15:24  INFO       [safety2 / light] 180/200  tier=SMALL   latency=129.2 ms  R=0.522  target=0.25  dets=3  vru=False  backend=onnx
15:15:25  INFO     [RAMS] Tier switch: SMALL → MEDIUM  (R=0.473)
15:15:27  INFO     [RAMS] Tier switch: MEDIUM → SMALL  (R=0.510)
15:15:28  INFO     [RAMS] Tier switch: SMALL → MEDIUM  (R=0.477)
15:15:30  INFO     [RAMS] Tier switch: MEDIUM → SMALL  (R=0.561)
15:15:31  INFO     [RAMS] Tier switch: SMALL → MEDIUM  (R=0.473)
15:15:31  INFO       [safety2 / light] 200/200  tier=MEDIUM  latency=712.5 ms  R=0.473  target=0.25  dets=15  vru=False  backend=onnx
15:15:31  INFO     [RAMS] Controller stopped.
15:15:31  INFO     
--- Block 8/10  Policy: fixed_nano  Load: light (25%) ---
15:15:31  INFO     [RAMS] Starting resource monitor ...
15:15:31  INFO     [RAMS] Loading model tiers ...
15:15:32  INFO     [RAMS] YOLOv8-nano ready — ONNX (imgsz=320).
15:15:32  INFO     [RAMS] YOLOv8-small ready — ONNX (imgsz=416).
15:15:33  INFO     [RAMS] YOLOv8-medium ready — ONNX (imgsz=640).
15:15:33  INFO     [RAMS] Controller ready. Policy: fixed
15:15:34  INFO     [RAMS] Tier switch: SMALL → NANO  (R=0.247)
15:15:34  INFO       [fixed_nano / light] 20/200  tier=NANO    latency=32.6 ms  R=0.435  target=0.25  dets=0  vru=False  backend=onnx
15:15:35  INFO       [fixed_nano / light] 40/200  tier=NANO    latency=31.1 ms  R=0.449  target=0.25  dets=3  vru=False  backend=onnx
15:15:36  INFO       [fixed_nano / light] 60/200  tier=NANO    latency=31.7 ms  R=0.449  target=0.25  dets=2  vru=False  backend=onnx
15:15:37  INFO       [fixed_nano / light] 80/200  tier=NANO    latency=32.0 ms  R=0.468  target=0.25  dets=5  vru=False  backend=onnx
15:15:38  INFO       [fixed_nano / light] 100/200  tier=NANO    latency=32.5 ms  R=0.512  target=0.25  dets=6  vru=False  backend=onnx
15:15:39  INFO       [fixed_nano / light] 120/200  tier=NANO    latency=31.2 ms  R=0.452  target=0.25  dets=0  vru=False  backend=onnx
15:15:40  INFO       [fixed_nano / light] 140/200  tier=NANO    latency=32.9 ms  R=0.522  target=0.25  dets=1  vru=False  backend=onnx
15:15:41  INFO       [fixed_nano / light] 160/200  tier=NANO    latency=31.7 ms  R=0.502  target=0.25  dets=1  vru=False  backend=onnx
15:15:42  INFO       [fixed_nano / light] 180/200  tier=NANO    latency=44.1 ms  R=0.534  target=0.25  dets=2  vru=False  backend=onnx
15:15:43  INFO       [fixed_nano / light] 200/200  tier=NANO    latency=33.5 ms  R=0.511  target=0.25  dets=11  vru=False  backend=onnx
15:15:43  INFO     [RAMS] Controller stopped.
15:15:43  INFO     
--- Block 8/10  Policy: fixed_medium  Load: light (25%) ---
15:15:43  INFO     [RAMS] Starting resource monitor ...
15:15:43  INFO     [RAMS] Loading model tiers ...
15:15:43  INFO     [RAMS] YOLOv8-nano ready — ONNX (imgsz=320).
15:15:43  INFO     [RAMS] YOLOv8-small ready — ONNX (imgsz=416).
15:15:44  INFO     [RAMS] YOLOv8-medium ready — ONNX (imgsz=640).
15:15:44  INFO     [RAMS] Controller ready. Policy: fixed
15:15:45  INFO     [RAMS] Tier switch: SMALL → MEDIUM  (R=0.311)
15:15:59  INFO       [fixed_medium / light] 20/200  tier=MEDIUM  latency=713.8 ms  R=0.475  target=0.25  dets=4  vru=True  backend=onnx
15:16:14  INFO       [fixed_medium / light] 40/200  tier=MEDIUM  latency=720.9 ms  R=0.477  target=0.25  dets=8  vru=False  backend=onnx
15:16:29  INFO       [fixed_medium / light] 60/200  tier=MEDIUM  latency=718.2 ms  R=0.546  target=0.25  dets=11  vru=True  backend=onnx
15:16:43  INFO       [fixed_medium / light] 80/200  tier=MEDIUM  latency=713.4 ms  R=0.473  target=0.25  dets=6  vru=False  backend=onnx
15:16:58  INFO       [fixed_medium / light] 100/200  tier=MEDIUM  latency=716.5 ms  R=0.473  target=0.25  dets=10  vru=False  backend=onnx
15:17:13  INFO       [fixed_medium / light] 120/200  tier=MEDIUM  latency=712.2 ms  R=0.479  target=0.25  dets=3  vru=False  backend=onnx
15:17:27  INFO       [fixed_medium / light] 140/200  tier=MEDIUM  latency=725.0 ms  R=0.467  target=0.25  dets=1  vru=False  backend=onnx
15:17:42  INFO       [fixed_medium / light] 160/200  tier=MEDIUM  latency=714.9 ms  R=0.550  target=0.25  dets=4  vru=False  backend=onnx
15:17:57  INFO       [fixed_medium / light] 180/200  tier=MEDIUM  latency=724.2 ms  R=0.479  target=0.25  dets=5  vru=False  backend=onnx
15:18:11  INFO       [fixed_medium / light] 200/200  tier=MEDIUM  latency=734.0 ms  R=0.477  target=0.25  dets=15  vru=False  backend=onnx
15:18:11  INFO     [RAMS] Controller stopped.
15:18:11  INFO     
--- Block 8/10  Policy: predictive  Load: light (25%) ---
15:18:11  INFO     [RAMS] Starting resource monitor ...
15:18:11  INFO     [RAMS] Loading model tiers ...
15:18:12  INFO     [RAMS] YOLOv8-nano ready — ONNX (imgsz=320).
15:18:12  INFO     [RAMS] YOLOv8-small ready — ONNX (imgsz=416).
15:18:13  INFO     [RAMS] YOLOv8-medium ready — ONNX (imgsz=640).
15:18:13  INFO     [RAMS] Controller ready. Policy: predictive
15:18:16  INFO       [predictive / light] 20/200  tier=SMALL   latency=129.6 ms  R=0.527  target=0.25  dets=1  vru=False  backend=onnx
15:18:19  INFO       [predictive / light] 40/200  tier=SMALL   latency=128.9 ms  R=0.561  target=0.25  dets=5  vru=False  backend=onnx
15:18:22  INFO       [predictive / light] 60/200  tier=SMALL   latency=129.0 ms  R=0.467  target=0.25  dets=8  vru=False  backend=onnx
15:18:25  INFO       [predictive / light] 80/200  tier=SMALL   latency=129.0 ms  R=0.461  target=0.25  dets=5  vru=False  backend=onnx
15:18:28  INFO       [predictive / light] 100/200  tier=SMALL   latency=129.7 ms  R=0.477  target=0.25  dets=9  vru=False  backend=onnx
15:18:31  INFO       [predictive / light] 120/200  tier=SMALL   latency=127.9 ms  R=0.481  target=0.25  dets=0  vru=False  backend=onnx
15:18:34  INFO       [predictive / light] 140/200  tier=SMALL   latency=130.3 ms  R=0.539  target=0.25  dets=1  vru=False  backend=onnx
15:18:36  INFO       [predictive / light] 160/200  tier=SMALL   latency=129.6 ms  R=0.608  target=0.25  dets=1  vru=False  backend=onnx
15:18:39  INFO       [predictive / light] 180/200  tier=SMALL   latency=128.2 ms  R=0.477  target=0.25  dets=3  vru=False  backend=onnx
15:18:42  INFO       [predictive / light] 200/200  tier=SMALL   latency=129.9 ms  R=0.456  target=0.25  dets=12  vru=False  backend=onnx
15:18:42  INFO     [RAMS] Controller stopped.
15:18:42  INFO     
--- Block 8/10  Policy: adaptive  Load: light (25%) ---
15:18:42  INFO     [RAMS] Starting resource monitor ...
15:18:42  INFO     [RAMS] Loading model tiers ...
15:18:42  INFO     [RAMS] YOLOv8-nano ready — ONNX (imgsz=320).
15:18:43  INFO     [RAMS] YOLOv8-small ready — ONNX (imgsz=416).
15:18:43  INFO     [RAMS] YOLOv8-medium ready — ONNX (imgsz=640).
15:18:43  INFO     [RAMS] Controller ready. Policy: adaptive
15:18:44  INFO     [RAMS] Tier switch: SMALL → MEDIUM  (R=0.250)
15:18:46  INFO     [RAMS] Tier switch: MEDIUM → SMALL  (R=0.473)
15:18:48  INFO       [adaptive / light] 20/200  tier=SMALL   latency=128.9 ms  R=0.459  target=0.25  dets=1  vru=False  backend=onnx
15:18:51  INFO       [adaptive / light] 40/200  tier=SMALL   latency=129.7 ms  R=0.465  target=0.25  dets=5  vru=False  backend=onnx
15:18:54  INFO       [adaptive / light] 60/200  tier=SMALL   latency=152.4 ms  R=0.598  target=0.25  dets=8  vru=False  backend=onnx
15:18:57  INFO       [adaptive / light] 80/200  tier=SMALL   latency=132.4 ms  R=0.515  target=0.25  dets=5  vru=False  backend=onnx
15:19:00  INFO       [adaptive / light] 100/200  tier=SMALL   latency=135.5 ms  R=0.523  target=0.25  dets=9  vru=False  backend=onnx
15:19:03  INFO       [adaptive / light] 120/200  tier=SMALL   latency=127.9 ms  R=0.478  target=0.25  dets=0  vru=False  backend=onnx
15:19:06  INFO       [adaptive / light] 140/200  tier=SMALL   latency=128.0 ms  R=0.464  target=0.25  dets=1  vru=False  backend=onnx
15:19:09  INFO       [adaptive / light] 160/200  tier=SMALL   latency=128.2 ms  R=0.467  target=0.25  dets=1  vru=False  backend=onnx
15:19:11  INFO       [adaptive / light] 180/200  tier=SMALL   latency=128.9 ms  R=0.501  target=0.25  dets=3  vru=False  backend=onnx
15:19:14  INFO       [adaptive / light] 200/200  tier=SMALL   latency=131.0 ms  R=0.458  target=0.25  dets=12  vru=False  backend=onnx
15:19:14  INFO     [RAMS] Controller stopped.
15:19:14  INFO     
--- Block 9/10  Policy: fixed_medium  Load: light (25%) ---
15:19:14  INFO     [RAMS] Starting resource monitor ...
15:19:14  INFO     [RAMS] Loading model tiers ...
15:19:15  INFO     [RAMS] YOLOv8-nano ready — ONNX (imgsz=320).
15:19:15  INFO     [RAMS] YOLOv8-small ready — ONNX (imgsz=416).
15:19:16  INFO     [RAMS] YOLOv8-medium ready — ONNX (imgsz=640).
15:19:16  INFO     [RAMS] Controller ready. Policy: fixed
15:19:17  INFO     [RAMS] Tier switch: SMALL → MEDIUM  (R=0.312)
15:19:31  INFO       [fixed_medium / light] 20/200  tier=MEDIUM  latency=713.8 ms  R=0.469  target=0.25  dets=4  vru=False  backend=onnx
15:19:46  INFO       [fixed_medium / light] 40/200  tier=MEDIUM  latency=714.2 ms  R=0.572  target=0.25  dets=13  vru=False  backend=onnx
15:20:01  INFO       [fixed_medium / light] 60/200  tier=MEDIUM  latency=726.9 ms  R=0.580  target=0.25  dets=6  vru=False  backend=onnx
15:20:15  INFO       [fixed_medium / light] 80/200  tier=MEDIUM  latency=712.1 ms  R=0.474  target=0.25  dets=3  vru=False  backend=onnx
15:20:30  INFO       [fixed_medium / light] 100/200  tier=MEDIUM  latency=720.8 ms  R=0.471  target=0.25  dets=16  vru=False  backend=onnx
15:20:45  INFO       [fixed_medium / light] 120/200  tier=MEDIUM  latency=728.5 ms  R=0.540  target=0.25  dets=21  vru=False  backend=onnx
15:20:59  INFO       [fixed_medium / light] 140/200  tier=MEDIUM  latency=714.4 ms  R=0.562  target=0.25  dets=13  vru=False  backend=onnx
15:21:14  INFO       [fixed_medium / light] 160/200  tier=MEDIUM  latency=723.8 ms  R=0.484  target=0.25  dets=8  vru=False  backend=onnx
15:21:29  INFO       [fixed_medium / light] 180/200  tier=MEDIUM  latency=725.6 ms  R=0.539  target=0.25  dets=8  vru=False  backend=onnx
15:21:43  INFO       [fixed_medium / light] 200/200  tier=MEDIUM  latency=714.3 ms  R=0.479  target=0.25  dets=2  vru=False  backend=onnx
15:21:43  INFO     [RAMS] Controller stopped.
15:21:43  INFO     
--- Block 9/10  Policy: adaptive  Load: light (25%) ---
15:21:43  INFO     [RAMS] Starting resource monitor ...
15:21:43  INFO     [RAMS] Loading model tiers ...
15:21:44  INFO     [RAMS] YOLOv8-nano ready — ONNX (imgsz=320).
15:21:44  INFO     [RAMS] YOLOv8-small ready — ONNX (imgsz=416).
15:21:45  INFO     [RAMS] YOLOv8-medium ready — ONNX (imgsz=640).
15:21:45  INFO     [RAMS] Controller ready. Policy: adaptive
15:21:46  INFO     [RAMS] Tier switch: SMALL → MEDIUM  (R=0.246)
15:21:47  INFO     [RAMS] Tier switch: MEDIUM → SMALL  (R=0.603)
15:21:50  INFO       [adaptive / light] 20/200  tier=SMALL   latency=133.7 ms  R=0.528  target=0.25  dets=4  vru=False  backend=onnx
15:21:53  INFO       [adaptive / light] 40/200  tier=SMALL   latency=132.7 ms  R=0.619  target=0.25  dets=7  vru=False  backend=onnx
15:21:55  INFO       [adaptive / light] 60/200  tier=SMALL   latency=129.2 ms  R=0.464  target=0.25  dets=2  vru=False  backend=onnx
15:21:58  INFO       [adaptive / light] 80/200  tier=SMALL   latency=128.4 ms  R=0.464  target=0.25  dets=2  vru=False  backend=onnx
15:22:01  INFO       [adaptive / light] 100/200  tier=SMALL   latency=128.4 ms  R=0.469  target=0.25  dets=8  vru=False  backend=onnx
15:22:04  INFO       [adaptive / light] 120/200  tier=SMALL   latency=130.0 ms  R=0.469  target=0.25  dets=16  vru=False  backend=onnx
15:22:07  INFO       [adaptive / light] 140/200  tier=SMALL   latency=128.8 ms  R=0.459  target=0.25  dets=6  vru=False  backend=onnx
15:22:10  INFO       [adaptive / light] 160/200  tier=SMALL   latency=130.3 ms  R=0.625  target=0.25  dets=6  vru=False  backend=onnx
15:22:12  INFO       [adaptive / light] 180/200  tier=SMALL   latency=131.8 ms  R=0.535  target=0.25  dets=5  vru=False  backend=onnx
15:22:15  INFO       [adaptive / light] 200/200  tier=SMALL   latency=128.9 ms  R=0.462  target=0.25  dets=2  vru=False  backend=onnx
15:22:15  INFO     [RAMS] Controller stopped.
15:22:16  INFO     
--- Block 9/10  Policy: threshold  Load: light (25%) ---
15:22:16  INFO     [RAMS] Starting resource monitor ...
15:22:16  INFO     [RAMS] Loading model tiers ...
15:22:16  INFO     [RAMS] YOLOv8-nano ready — ONNX (imgsz=320).
15:22:16  INFO     [RAMS] YOLOv8-small ready — ONNX (imgsz=416).
15:22:17  INFO     [RAMS] YOLOv8-medium ready — ONNX (imgsz=640).
15:22:17  INFO     [RAMS] Controller ready. Policy: threshold
15:22:21  INFO       [threshold / light] 20/200  tier=SMALL   latency=129.0 ms  R=0.535  target=0.25  dets=4  vru=False  backend=onnx
15:22:23  INFO       [threshold / light] 40/200  tier=SMALL   latency=129.7 ms  R=0.461  target=0.25  dets=7  vru=False  backend=onnx
15:22:26  INFO       [threshold / light] 60/200  tier=SMALL   latency=128.1 ms  R=0.479  target=0.25  dets=2  vru=False  backend=onnx
15:22:29  INFO       [threshold / light] 80/200  tier=SMALL   latency=129.0 ms  R=0.464  target=0.25  dets=2  vru=False  backend=onnx
15:22:32  INFO       [threshold / light] 100/200  tier=SMALL   latency=131.0 ms  R=0.542  target=0.25  dets=8  vru=False  backend=onnx
15:22:35  INFO       [threshold / light] 120/200  tier=SMALL   latency=131.2 ms  R=0.525  target=0.25  dets=16  vru=False  backend=onnx
15:22:38  INFO       [threshold / light] 140/200  tier=SMALL   latency=134.8 ms  R=0.473  target=0.25  dets=6  vru=False  backend=onnx
15:22:40  INFO       [threshold / light] 160/200  tier=SMALL   latency=132.3 ms  R=0.464  target=0.25  dets=6  vru=False  backend=onnx
15:22:43  INFO       [threshold / light] 180/200  tier=SMALL   latency=129.2 ms  R=0.461  target=0.25  dets=5  vru=False  backend=onnx
15:22:46  INFO       [threshold / light] 200/200  tier=SMALL   latency=128.5 ms  R=0.473  target=0.25  dets=2  vru=False  backend=onnx
15:22:46  INFO     [RAMS] Controller stopped.
15:22:46  INFO     
--- Block 9/10  Policy: fixed_nano  Load: light (25%) ---
15:22:46  INFO     [RAMS] Starting resource monitor ...
15:22:46  INFO     [RAMS] Loading model tiers ...
15:22:47  INFO     [RAMS] YOLOv8-nano ready — ONNX (imgsz=320).
15:22:47  INFO     [RAMS] YOLOv8-small ready — ONNX (imgsz=416).
15:22:48  INFO     [RAMS] YOLOv8-medium ready — ONNX (imgsz=640).
15:22:48  INFO     [RAMS] Controller ready. Policy: fixed
15:22:49  INFO     [RAMS] Tier switch: SMALL → NANO  (R=0.257)
15:22:49  INFO       [fixed_nano / light] 20/200  tier=NANO    latency=32.0 ms  R=0.432  target=0.25  dets=3  vru=False  backend=onnx
15:22:50  INFO       [fixed_nano / light] 40/200  tier=NANO    latency=31.6 ms  R=0.468  target=0.25  dets=4  vru=False  backend=onnx
15:22:51  INFO       [fixed_nano / light] 60/200  tier=NANO    latency=31.1 ms  R=0.452  target=0.25  dets=0  vru=False  backend=onnx
15:22:52  INFO       [fixed_nano / light] 80/200  tier=NANO    latency=31.8 ms  R=0.534  target=0.25  dets=3  vru=False  backend=onnx
15:22:53  INFO       [fixed_nano / light] 100/200  tier=NANO    latency=32.4 ms  R=0.511  target=0.25  dets=6  vru=False  backend=onnx
15:22:54  INFO       [fixed_nano / light] 120/200  tier=NANO    latency=33.2 ms  R=0.536  target=0.25  dets=13  vru=False  backend=onnx
15:22:55  INFO       [fixed_nano / light] 140/200  tier=NANO    latency=31.8 ms  R=0.509  target=0.25  dets=4  vru=False  backend=onnx
15:22:56  INFO       [fixed_nano / light] 160/200  tier=NANO    latency=31.6 ms  R=0.514  target=0.25  dets=3  vru=False  backend=onnx
15:22:57  INFO       [fixed_nano / light] 180/200  tier=NANO    latency=31.8 ms  R=0.545  target=0.25  dets=5  vru=False  backend=onnx
15:22:58  INFO       [fixed_nano / light] 200/200  tier=NANO    latency=31.1 ms  R=0.588  target=0.25  dets=1  vru=False  backend=onnx
15:22:58  INFO     [RAMS] Controller stopped.
15:22:58  INFO     
--- Block 9/10  Policy: safety  Load: light (25%) ---
15:22:58  INFO     [RAMS] Starting resource monitor ...
15:22:58  INFO     [RAMS] Loading model tiers ...
15:22:58  INFO     [RAMS] YOLOv8-nano ready — ONNX (imgsz=320).
15:22:58  INFO     [RAMS] YOLOv8-small ready — ONNX (imgsz=416).
15:22:59  INFO     [RAMS] YOLOv8-medium ready — ONNX (imgsz=640).
15:22:59  INFO     [RAMS] Controller ready. Policy: safety
15:23:03  INFO       [safety / light] 20/200  tier=SMALL   latency=128.7 ms  R=0.496  target=0.25  dets=4  vru=False  backend=onnx
15:23:05  INFO       [safety / light] 40/200  tier=SMALL   latency=132.1 ms  R=0.464  target=0.25  dets=7  vru=False  backend=onnx
15:23:08  INFO       [safety / light] 60/200  tier=SMALL   latency=129.9 ms  R=0.473  target=0.25  dets=2  vru=False  backend=onnx
15:23:11  INFO       [safety / light] 80/200  tier=SMALL   latency=129.4 ms  R=0.468  target=0.25  dets=2  vru=False  backend=onnx
15:23:14  INFO       [safety / light] 100/200  tier=SMALL   latency=130.2 ms  R=0.542  target=0.25  dets=8  vru=False  backend=onnx
15:23:17  INFO       [safety / light] 120/200  tier=SMALL   latency=133.1 ms  R=0.535  target=0.25  dets=16  vru=False  backend=onnx
15:23:20  INFO       [safety / light] 140/200  tier=SMALL   latency=129.2 ms  R=0.462  target=0.25  dets=6  vru=False  backend=onnx
15:23:23  INFO       [safety / light] 160/200  tier=SMALL   latency=132.3 ms  R=0.482  target=0.25  dets=6  vru=False  backend=onnx
15:23:26  INFO       [safety / light] 180/200  tier=SMALL   latency=133.3 ms  R=0.459  target=0.25  dets=5  vru=False  backend=onnx
15:23:28  INFO       [safety / light] 200/200  tier=SMALL   latency=128.6 ms  R=0.458  target=0.25  dets=2  vru=False  backend=onnx
15:23:28  INFO     [RAMS] Controller stopped.
15:23:29  INFO     
--- Block 9/10  Policy: predictive  Load: light (25%) ---
15:23:29  INFO     [RAMS] Starting resource monitor ...
15:23:29  INFO     [RAMS] Loading model tiers ...
15:23:29  INFO     [RAMS] YOLOv8-nano ready — ONNX (imgsz=320).
15:23:29  INFO     [RAMS] YOLOv8-small ready — ONNX (imgsz=416).
15:23:30  INFO     [RAMS] YOLOv8-medium ready — ONNX (imgsz=640).
15:23:30  INFO     [RAMS] Controller ready. Policy: predictive
15:23:31  INFO     [RAMS] Tier switch: SMALL → MEDIUM  (R=0.241)
15:23:31  INFO     [RAMS] Tier switch: MEDIUM → SMALL  (R=0.478)
15:23:34  INFO       [predictive / light] 20/200  tier=SMALL   latency=128.9 ms  R=0.470  target=0.25  dets=4  vru=False  backend=onnx
15:23:37  INFO       [predictive / light] 40/200  tier=SMALL   latency=134.6 ms  R=0.536  target=0.25  dets=7  vru=False  backend=onnx
15:23:40  INFO       [predictive / light] 60/200  tier=SMALL   latency=129.8 ms  R=0.548  target=0.25  dets=2  vru=False  backend=onnx
15:23:43  INFO       [predictive / light] 80/200  tier=SMALL   latency=127.9 ms  R=0.481  target=0.25  dets=2  vru=False  backend=onnx
15:23:46  INFO       [predictive / light] 100/200  tier=SMALL   latency=135.0 ms  R=0.459  target=0.25  dets=8  vru=False  backend=onnx
15:23:48  INFO       [predictive / light] 120/200  tier=SMALL   latency=130.5 ms  R=0.456  target=0.25  dets=16  vru=False  backend=onnx
15:23:51  INFO       [predictive / light] 140/200  tier=SMALL   latency=128.5 ms  R=0.477  target=0.25  dets=6  vru=False  backend=onnx
15:23:54  INFO       [predictive / light] 160/200  tier=SMALL   latency=128.3 ms  R=0.479  target=0.25  dets=6  vru=False  backend=onnx
15:23:57  INFO       [predictive / light] 180/200  tier=SMALL   latency=129.9 ms  R=0.538  target=0.25  dets=5  vru=False  backend=onnx
15:24:00  INFO       [predictive / light] 200/200  tier=SMALL   latency=131.0 ms  R=0.531  target=0.25  dets=2  vru=False  backend=onnx
15:24:00  INFO     [RAMS] Controller stopped.
15:24:00  INFO     
--- Block 9/10  Policy: fixed_small  Load: light (25%) ---
15:24:00  INFO     [RAMS] Starting resource monitor ...
15:24:00  INFO     [RAMS] Loading model tiers ...
15:24:00  INFO     [RAMS] YOLOv8-nano ready — ONNX (imgsz=320).
15:24:00  INFO     [RAMS] YOLOv8-small ready — ONNX (imgsz=416).
15:24:01  INFO     [RAMS] YOLOv8-medium ready — ONNX (imgsz=640).
15:24:01  INFO     [RAMS] Controller ready. Policy: fixed
15:24:05  INFO       [fixed_small / light] 20/200  tier=SMALL   latency=128.4 ms  R=0.477  target=0.25  dets=4  vru=False  backend=onnx
15:24:08  INFO       [fixed_small / light] 40/200  tier=SMALL   latency=128.7 ms  R=0.472  target=0.25  dets=7  vru=False  backend=onnx
15:24:11  INFO       [fixed_small / light] 60/200  tier=SMALL   latency=128.2 ms  R=0.480  target=0.25  dets=2  vru=False  backend=onnx
15:24:14  INFO       [fixed_small / light] 80/200  tier=SMALL   latency=134.7 ms  R=0.458  target=0.25  dets=2  vru=False  backend=onnx
15:24:16  INFO       [fixed_small / light] 100/200  tier=SMALL   latency=129.3 ms  R=0.473  target=0.25  dets=8  vru=False  backend=onnx
15:24:19  INFO       [fixed_small / light] 120/200  tier=SMALL   latency=131.1 ms  R=0.532  target=0.25  dets=16  vru=False  backend=onnx
15:24:22  INFO       [fixed_small / light] 140/200  tier=SMALL   latency=129.5 ms  R=0.523  target=0.25  dets=6  vru=False  backend=onnx
15:24:25  INFO       [fixed_small / light] 160/200  tier=SMALL   latency=128.3 ms  R=0.461  target=0.25  dets=6  vru=False  backend=onnx
15:24:28  INFO       [fixed_small / light] 180/200  tier=SMALL   latency=128.4 ms  R=0.459  target=0.25  dets=5  vru=False  backend=onnx
15:24:31  INFO       [fixed_small / light] 200/200  tier=SMALL   latency=128.7 ms  R=0.535  target=0.25  dets=2  vru=False  backend=onnx
15:24:31  INFO     [RAMS] Controller stopped.
15:24:31  INFO     
--- Block 9/10  Policy: safety2  Load: light (25%) ---
15:24:31  INFO     [RAMS] Starting resource monitor ...
15:24:31  INFO     [RAMS] Loading model tiers ...
15:24:31  INFO     [RAMS] YOLOv8-nano ready — ONNX (imgsz=320).
15:24:31  INFO     [RAMS] YOLOv8-small ready — ONNX (imgsz=416).
15:24:32  INFO     [RAMS] YOLOv8-medium ready — ONNX (imgsz=640).
15:24:32  INFO     [RAMS] Controller ready. Policy: safety2
15:24:35  INFO     [RAMS] Tier switch: SMALL → MEDIUM  (R=0.473)
15:24:37  INFO     [RAMS] Tier switch: MEDIUM → SMALL  (R=0.468)
15:24:38  INFO       [safety2 / light] 20/200  tier=SMALL   latency=128.3 ms  R=0.543  target=0.25  dets=4  vru=False  backend=onnx
15:24:38  INFO     [RAMS] Tier switch: SMALL → MEDIUM  (R=0.465)
15:24:40  INFO     [RAMS] Tier switch: MEDIUM → SMALL  (R=0.551)
15:24:42  INFO       [safety2 / light] 40/200  tier=SMALL   latency=130.1 ms  R=0.528  target=0.25  dets=7  vru=False  backend=onnx
15:24:45  INFO     [RAMS] Tier switch: SMALL → MEDIUM  (R=0.543)
15:24:47  INFO       [safety2 / light] 60/200  tier=MEDIUM  latency=715.8 ms  R=0.473  target=0.25  dets=6  vru=False  backend=onnx
15:24:47  INFO     [RAMS] Tier switch: MEDIUM → SMALL  (R=0.467)
15:24:50  INFO     [RAMS] Tier switch: SMALL → MEDIUM  (R=0.504)
15:24:51  INFO       [safety2 / light] 80/200  tier=MEDIUM  latency=727.1 ms  R=0.469  target=0.25  dets=3  vru=False  backend=onnx
15:24:52  INFO     [RAMS] Tier switch: MEDIUM → SMALL  (R=0.471)
15:24:52  INFO     [RAMS] Tier switch: SMALL → MEDIUM  (R=0.467)
15:24:54  INFO     [RAMS] Tier switch: MEDIUM → SMALL  (R=0.474)
15:24:55  INFO     [RAMS] Tier switch: SMALL → MEDIUM  (R=0.472)
15:25:01  INFO     [RAMS] Tier switch: MEDIUM → SMALL  (R=0.534)
15:25:02  INFO       [safety2 / light] 100/200  tier=SMALL   latency=146.7 ms  R=0.524  target=0.25  dets=8  vru=False  backend=onnx
15:25:02  INFO     [RAMS] Tier switch: SMALL → MEDIUM  (R=0.540)
15:25:04  INFO     [RAMS] Tier switch: MEDIUM → SMALL  (R=0.569)
15:25:05  INFO     [RAMS] Tier switch: SMALL → MEDIUM  (R=0.539)
15:25:07  INFO     [RAMS] Tier switch: MEDIUM → SMALL  (R=0.539)
15:25:07  INFO     [RAMS] Tier switch: SMALL → MEDIUM  (R=0.465)
15:25:09  INFO     [RAMS] Tier switch: MEDIUM → SMALL  (R=0.478)
15:25:10  INFO       [safety2 / light] 120/200  tier=SMALL   latency=131.2 ms  R=0.471  target=0.25  dets=16  vru=False  backend=onnx
15:25:10  INFO     [RAMS] Tier switch: SMALL → MEDIUM  (R=0.474)
15:25:12  INFO     [RAMS] Tier switch: MEDIUM → SMALL  (R=0.471)
15:25:14  INFO     [RAMS] Tier switch: SMALL → MEDIUM  (R=0.467)
15:25:16  INFO       [safety2 / light] 140/200  tier=MEDIUM  latency=722.4 ms  R=0.479  target=0.25  dets=13  vru=False  backend=onnx
15:25:16  INFO     [RAMS] Tier switch: MEDIUM → SMALL  (R=0.474)
15:25:18  INFO     [RAMS] Tier switch: SMALL → MEDIUM  (R=0.462)
15:25:20  INFO     [RAMS] Tier switch: MEDIUM → SMALL  (R=0.476)
15:25:20  INFO     [RAMS] Tier switch: SMALL → MEDIUM  (R=0.467)
15:25:23  INFO       [safety2 / light] 160/200  tier=MEDIUM  latency=733.8 ms  R=0.479  target=0.25  dets=8  vru=False  backend=onnx
15:25:25  INFO     [RAMS] Tier switch: MEDIUM → SMALL  (R=0.538)
15:25:27  INFO     [RAMS] Tier switch: SMALL → MEDIUM  (R=0.596)
15:25:29  INFO     [RAMS] Tier switch: MEDIUM → SMALL  (R=0.482)
15:25:29  INFO       [safety2 / light] 180/200  tier=SMALL   latency=128.3 ms  R=0.466  target=0.25  dets=5  vru=False  backend=onnx
15:25:30  INFO     [RAMS] Tier switch: SMALL → MEDIUM  (R=0.458)
15:25:32  INFO     [RAMS] Tier switch: MEDIUM → SMALL  (R=0.475)
15:25:33  INFO     [RAMS] Tier switch: SMALL → MEDIUM  (R=0.453)
15:25:35  INFO     [RAMS] Tier switch: MEDIUM → SMALL  (R=0.477)
15:25:35  INFO       [safety2 / light] 200/200  tier=SMALL   latency=128.0 ms  R=0.458  target=0.25  dets=2  vru=False  backend=onnx
15:25:36  INFO     [RAMS] Controller stopped.
15:25:36  INFO     
--- Block 10/10  Policy: threshold  Load: light (25%) ---
15:25:36  INFO     [RAMS] Starting resource monitor ...
15:25:36  INFO     [RAMS] Loading model tiers ...
15:25:36  INFO     [RAMS] YOLOv8-nano ready — ONNX (imgsz=320).
15:25:36  INFO     [RAMS] YOLOv8-small ready — ONNX (imgsz=416).
15:25:37  INFO     [RAMS] YOLOv8-medium ready — ONNX (imgsz=640).
15:25:37  INFO     [RAMS] Controller ready. Policy: threshold
15:25:41  INFO       [threshold / light] 20/200  tier=SMALL   latency=131.0 ms  R=0.479  target=0.25  dets=10  vru=False  backend=onnx
15:25:43  INFO       [threshold / light] 40/200  tier=SMALL   latency=128.9 ms  R=0.461  target=0.25  dets=3  vru=False  backend=onnx
15:25:46  INFO       [threshold / light] 60/200  tier=SMALL   latency=129.4 ms  R=0.560  target=0.25  dets=0  vru=False  backend=onnx
15:25:49  INFO       [threshold / light] 80/200  tier=SMALL   latency=130.1 ms  R=0.519  target=0.25  dets=4  vru=True  backend=onnx
15:25:52  INFO       [threshold / light] 100/200  tier=SMALL   latency=128.9 ms  R=0.459  target=0.25  dets=7  vru=False  backend=onnx
15:25:55  INFO       [threshold / light] 120/200  tier=SMALL   latency=128.4 ms  R=0.477  target=0.25  dets=7  vru=False  backend=onnx
15:25:58  INFO       [threshold / light] 140/200  tier=SMALL   latency=128.4 ms  R=0.566  target=0.25  dets=9  vru=False  backend=onnx
15:26:01  INFO       [threshold / light] 160/200  tier=SMALL   latency=132.6 ms  R=0.459  target=0.25  dets=14  vru=False  backend=onnx
15:26:03  INFO       [threshold / light] 180/200  tier=SMALL   latency=130.7 ms  R=0.464  target=0.25  dets=15  vru=True  backend=onnx
15:26:06  INFO       [threshold / light] 200/200  tier=SMALL   latency=131.0 ms  R=0.537  target=0.25  dets=2  vru=False  backend=onnx
15:26:06  INFO     [RAMS] Controller stopped.
15:26:07  INFO     
--- Block 10/10  Policy: adaptive  Load: light (25%) ---
15:26:07  INFO     [RAMS] Starting resource monitor ...
15:26:07  INFO     [RAMS] Loading model tiers ...
15:26:07  INFO     [RAMS] YOLOv8-nano ready — ONNX (imgsz=320).
15:26:07  INFO     [RAMS] YOLOv8-small ready — ONNX (imgsz=416).
15:26:08  INFO     [RAMS] YOLOv8-medium ready — ONNX (imgsz=640).
15:26:08  INFO     [RAMS] Controller ready. Policy: adaptive
15:26:12  INFO       [adaptive / light] 20/200  tier=SMALL   latency=144.6 ms  R=0.515  target=0.25  dets=10  vru=False  backend=onnx
15:26:14  INFO       [adaptive / light] 40/200  tier=SMALL   latency=128.6 ms  R=0.475  target=0.25  dets=3  vru=False  backend=onnx
15:26:17  INFO       [adaptive / light] 60/200  tier=SMALL   latency=128.9 ms  R=0.472  target=0.25  dets=0  vru=False  backend=onnx
15:26:20  INFO       [adaptive / light] 80/200  tier=SMALL   latency=130.2 ms  R=0.475  target=0.25  dets=4  vru=True  backend=onnx
15:26:23  INFO       [adaptive / light] 100/200  tier=SMALL   latency=128.8 ms  R=0.466  target=0.25  dets=7  vru=False  backend=onnx
15:26:26  INFO       [adaptive / light] 120/200  tier=SMALL   latency=128.7 ms  R=0.535  target=0.25  dets=7  vru=False  backend=onnx
15:26:29  INFO       [adaptive / light] 140/200  tier=SMALL   latency=138.7 ms  R=0.545  target=0.25  dets=9  vru=False  backend=onnx
15:26:31  INFO       [adaptive / light] 160/200  tier=SMALL   latency=130.5 ms  R=0.529  target=0.25  dets=14  vru=False  backend=onnx
15:26:34  INFO       [adaptive / light] 180/200  tier=SMALL   latency=130.0 ms  R=0.461  target=0.25  dets=15  vru=True  backend=onnx
15:26:37  INFO       [adaptive / light] 200/200  tier=SMALL   latency=128.1 ms  R=0.465  target=0.25  dets=2  vru=False  backend=onnx
15:26:37  INFO     [RAMS] Controller stopped.
15:26:37  INFO     
--- Block 10/10  Policy: fixed_small  Load: light (25%) ---
15:26:37  INFO     [RAMS] Starting resource monitor ...
15:26:37  INFO     [RAMS] Loading model tiers ...
15:26:38  INFO     [RAMS] YOLOv8-nano ready — ONNX (imgsz=320).
15:26:38  INFO     [RAMS] YOLOv8-small ready — ONNX (imgsz=416).
15:26:39  INFO     [RAMS] YOLOv8-medium ready — ONNX (imgsz=640).
15:26:39  INFO     [RAMS] Controller ready. Policy: fixed
15:26:42  INFO       [fixed_small / light] 20/200  tier=SMALL   latency=128.4 ms  R=0.459  target=0.25  dets=10  vru=False  backend=onnx
15:26:45  INFO       [fixed_small / light] 40/200  tier=SMALL   latency=128.5 ms  R=0.475  target=0.25  dets=3  vru=False  backend=onnx
15:26:48  INFO       [fixed_small / light] 60/200  tier=SMALL   latency=128.1 ms  R=0.465  target=0.25  dets=0  vru=False  backend=onnx
15:26:51  INFO       [fixed_small / light] 80/200  tier=SMALL   latency=130.5 ms  R=0.581  target=0.25  dets=4  vru=True  backend=onnx
15:26:54  INFO       [fixed_small / light] 100/200  tier=SMALL   latency=129.9 ms  R=0.599  target=0.25  dets=7  vru=False  backend=onnx
15:26:57  INFO       [fixed_small / light] 120/200  tier=SMALL   latency=129.4 ms  R=0.461  target=0.25  dets=7  vru=False  backend=onnx
15:26:59  INFO       [fixed_small / light] 140/200  tier=SMALL   latency=128.1 ms  R=0.462  target=0.25  dets=9  vru=False  backend=onnx
15:27:02  INFO       [fixed_small / light] 160/200  tier=SMALL   latency=129.1 ms  R=0.459  target=0.25  dets=14  vru=False  backend=onnx
15:27:05  INFO       [fixed_small / light] 180/200  tier=SMALL   latency=130.3 ms  R=0.479  target=0.25  dets=15  vru=True  backend=onnx
15:27:08  INFO       [fixed_small / light] 200/200  tier=SMALL   latency=128.4 ms  R=0.481  target=0.25  dets=2  vru=False  backend=onnx
15:27:08  INFO     [RAMS] Controller stopped.
15:27:08  INFO     
--- Block 10/10  Policy: fixed_medium  Load: light (25%) ---
15:27:08  INFO     [RAMS] Starting resource monitor ...
15:27:08  INFO     [RAMS] Loading model tiers ...
15:27:08  INFO     [RAMS] YOLOv8-nano ready — ONNX (imgsz=320).
15:27:08  INFO     [RAMS] YOLOv8-small ready — ONNX (imgsz=416).
15:27:09  INFO     [RAMS] YOLOv8-medium ready — ONNX (imgsz=640).
15:27:09  INFO     [RAMS] Controller ready. Policy: fixed
15:27:10  INFO     [RAMS] Tier switch: SMALL → MEDIUM  (R=0.397)
15:27:25  INFO       [fixed_medium / light] 20/200  tier=MEDIUM  latency=713.8 ms  R=0.471  target=0.25  dets=10  vru=False  backend=onnx
15:27:40  INFO       [fixed_medium / light] 40/200  tier=MEDIUM  latency=713.2 ms  R=0.479  target=0.25  dets=8  vru=False  backend=onnx
15:27:54  INFO       [fixed_medium / light] 60/200  tier=MEDIUM  latency=737.3 ms  R=0.534  target=0.25  dets=6  vru=False  backend=onnx
15:28:09  INFO       [fixed_medium / light] 80/200  tier=MEDIUM  latency=715.8 ms  R=0.473  target=0.25  dets=4  vru=False  backend=onnx
15:28:23  INFO       [fixed_medium / light] 100/200  tier=MEDIUM  latency=712.5 ms  R=0.490  target=0.25  dets=5  vru=False  backend=onnx
15:28:38  INFO       [fixed_medium / light] 120/200  tier=MEDIUM  latency=721.7 ms  R=0.550  target=0.25  dets=8  vru=False  backend=onnx
15:28:53  INFO       [fixed_medium / light] 140/200  tier=MEDIUM  latency=715.8 ms  R=0.477  target=0.25  dets=10  vru=True  backend=onnx
15:29:07  INFO       [fixed_medium / light] 160/200  tier=MEDIUM  latency=719.8 ms  R=0.477  target=0.25  dets=14  vru=False  backend=onnx
15:29:22  INFO       [fixed_medium / light] 180/200  tier=MEDIUM  latency=749.7 ms  R=0.535  target=0.25  dets=18  vru=True  backend=onnx
15:29:37  INFO       [fixed_medium / light] 200/200  tier=MEDIUM  latency=713.6 ms  R=0.473  target=0.25  dets=2  vru=False  backend=onnx
15:29:37  INFO     [RAMS] Controller stopped.
15:29:37  INFO     
--- Block 10/10  Policy: fixed_nano  Load: light (25%) ---
15:29:37  INFO     [RAMS] Starting resource monitor ...
15:29:37  INFO     [RAMS] Loading model tiers ...
15:29:37  INFO     [RAMS] YOLOv8-nano ready — ONNX (imgsz=320).
15:29:37  INFO     [RAMS] YOLOv8-small ready — ONNX (imgsz=416).
15:29:38  INFO     [RAMS] YOLOv8-medium ready — ONNX (imgsz=640).
15:29:38  INFO     [RAMS] Controller ready. Policy: fixed
15:29:39  INFO     [RAMS] Tier switch: SMALL → NANO  (R=0.241)
15:29:40  INFO       [fixed_nano / light] 20/200  tier=NANO    latency=31.9 ms  R=0.465  target=0.25  dets=4  vru=False  backend=onnx
15:29:41  INFO       [fixed_nano / light] 40/200  tier=NANO    latency=36.4 ms  R=0.512  target=0.25  dets=2  vru=False  backend=onnx
15:29:42  INFO       [fixed_nano / light] 60/200  tier=NANO    latency=38.9 ms  R=0.520  target=0.25  dets=0  vru=False  backend=onnx
15:29:43  INFO       [fixed_nano / light] 80/200  tier=NANO    latency=32.0 ms  R=0.514  target=0.25  dets=2  vru=False  backend=onnx
15:29:44  INFO       [fixed_nano / light] 100/200  tier=NANO    latency=32.3 ms  R=0.520  target=0.25  dets=6  vru=False  backend=onnx
15:29:44  INFO       [fixed_nano / light] 120/200  tier=NANO    latency=32.2 ms  R=0.511  target=0.25  dets=5  vru=False  backend=onnx
15:29:45  INFO       [fixed_nano / light] 140/200  tier=NANO    latency=32.4 ms  R=0.525  target=0.25  dets=1  vru=False  backend=onnx
15:29:46  INFO       [fixed_nano / light] 160/200  tier=NANO    latency=32.7 ms  R=0.510  target=0.25  dets=9  vru=False  backend=onnx
15:29:47  INFO       [fixed_nano / light] 180/200  tier=NANO    latency=32.8 ms  R=0.500  target=0.25  dets=8  vru=False  backend=onnx
15:29:48  INFO       [fixed_nano / light] 200/200  tier=NANO    latency=31.1 ms  R=0.453  target=0.25  dets=0  vru=False  backend=onnx
15:29:48  INFO     [RAMS] Controller stopped.
15:29:48  INFO     
--- Block 10/10  Policy: safety2  Load: light (25%) ---
15:29:48  INFO     [RAMS] Starting resource monitor ...
15:29:48  INFO     [RAMS] Loading model tiers ...
15:29:48  INFO     [RAMS] YOLOv8-nano ready — ONNX (imgsz=320).
15:29:49  INFO     [RAMS] YOLOv8-small ready — ONNX (imgsz=416).
15:29:49  INFO     [RAMS] YOLOv8-medium ready — ONNX (imgsz=640).
15:29:49  INFO     [RAMS] Controller ready. Policy: safety2
15:29:53  INFO       [safety2 / light] 20/200  tier=SMALL   latency=135.6 ms  R=0.453  target=0.25  dets=10  vru=False  backend=onnx
15:29:54  INFO     [RAMS] Tier switch: SMALL → MEDIUM  (R=0.475)
15:29:56  INFO     [RAMS] Tier switch: MEDIUM → SMALL  (R=0.472)
15:29:58  INFO       [safety2 / light] 40/200  tier=SMALL   latency=128.4 ms  R=0.456  target=0.25  dets=3  vru=False  backend=onnx
15:29:59  INFO     [RAMS] Tier switch: SMALL → MEDIUM  (R=0.553)
15:30:01  INFO     [RAMS] Tier switch: MEDIUM → SMALL  (R=0.474)
15:30:02  INFO       [safety2 / light] 60/200  tier=SMALL   latency=129.9 ms  R=0.462  target=0.25  dets=0  vru=False  backend=onnx
15:30:05  INFO       [safety2 / light] 80/200  tier=SMALL   latency=129.1 ms  R=0.546  target=0.25  dets=4  vru=True  backend=onnx
15:30:07  INFO     [RAMS] Tier switch: SMALL → MEDIUM  (R=0.631)
15:30:09  INFO     [RAMS] Tier switch: MEDIUM → SMALL  (R=0.479)
15:30:10  INFO     [RAMS] Tier switch: SMALL → MEDIUM  (R=0.546)
15:30:11  INFO       [safety2 / light] 100/200  tier=MEDIUM  latency=714.0 ms  R=0.546  target=0.25  dets=5  vru=False  backend=onnx
15:30:12  INFO     [RAMS] Tier switch: MEDIUM → SMALL  (R=0.479)
15:30:14  INFO     [RAMS] Tier switch: SMALL → MEDIUM  (R=0.479)
15:30:16  INFO     [RAMS] Tier switch: MEDIUM → SMALL  (R=0.471)
15:30:16  INFO       [safety2 / light] 120/200  tier=SMALL   latency=131.0 ms  R=0.471  target=0.25  dets=7  vru=False  backend=onnx
15:30:17  INFO     [RAMS] Tier switch: SMALL → MEDIUM  (R=0.472)
15:30:19  INFO     [RAMS] Tier switch: MEDIUM → SMALL  (R=0.565)
15:30:21  INFO     [RAMS] Tier switch: SMALL → MEDIUM  (R=0.462)
15:30:22  INFO       [safety2 / light] 140/200  tier=MEDIUM  latency=713.9 ms  R=0.474  target=0.25  dets=10  vru=True  backend=onnx
15:30:23  INFO     [RAMS] Tier switch: MEDIUM → SMALL  (R=0.526)
15:30:25  INFO     [RAMS] Tier switch: SMALL → MEDIUM  (R=0.578)
15:30:27  INFO     [RAMS] Tier switch: MEDIUM → SMALL  (R=0.540)
15:30:27  INFO       [safety2 / light] 160/200  tier=SMALL   latency=140.1 ms  R=0.529  target=0.25  dets=14  vru=False  backend=onnx
15:30:28  INFO     [RAMS] Tier switch: SMALL → MEDIUM  (R=0.537)
15:30:30  INFO     [RAMS] Tier switch: MEDIUM → SMALL  (R=0.471)
15:30:32  INFO     [RAMS] Tier switch: SMALL → MEDIUM  (R=0.465)
15:30:34  INFO     [RAMS] Tier switch: MEDIUM → SMALL  (R=0.481)
15:30:34  INFO       [safety2 / light] 180/200  tier=SMALL   latency=133.2 ms  R=0.481  target=0.25  dets=15  vru=True  backend=onnx
15:30:34  INFO     [RAMS] Tier switch: SMALL → MEDIUM  (R=0.485)
15:30:38  INFO     [RAMS] Tier switch: MEDIUM → SMALL  (R=0.465)
15:30:39  INFO     [RAMS] Tier switch: SMALL → MEDIUM  (R=0.457)
15:30:41  INFO     [RAMS] Tier switch: MEDIUM → SMALL  (R=0.483)
15:30:42  INFO       [safety2 / light] 200/200  tier=SMALL   latency=128.4 ms  R=0.545  target=0.25  dets=2  vru=False  backend=onnx
15:30:42  INFO     [RAMS] Controller stopped.
15:30:42  INFO     
--- Block 10/10  Policy: safety  Load: light (25%) ---
15:30:42  INFO     [RAMS] Starting resource monitor ...
15:30:42  INFO     [RAMS] Loading model tiers ...
15:30:42  INFO     [RAMS] YOLOv8-nano ready — ONNX (imgsz=320).
15:30:43  INFO     [RAMS] YOLOv8-small ready — ONNX (imgsz=416).
15:30:43  INFO     [RAMS] YOLOv8-medium ready — ONNX (imgsz=640).
15:30:43  INFO     [RAMS] Controller ready. Policy: safety
15:30:47  INFO       [safety / light] 20/200  tier=SMALL   latency=131.2 ms  R=0.538  target=0.25  dets=10  vru=False  backend=onnx
15:30:50  INFO       [safety / light] 40/200  tier=SMALL   latency=140.1 ms  R=0.538  target=0.25  dets=3  vru=False  backend=onnx
15:30:53  INFO       [safety / light] 60/200  tier=SMALL   latency=128.3 ms  R=0.465  target=0.25  dets=0  vru=False  backend=onnx
15:30:56  INFO       [safety / light] 80/200  tier=SMALL   latency=129.4 ms  R=0.464  target=0.25  dets=4  vru=True  backend=onnx
15:30:59  INFO       [safety / light] 100/200  tier=SMALL   latency=129.7 ms  R=0.473  target=0.25  dets=7  vru=False  backend=onnx
15:31:02  INFO       [safety / light] 120/200  tier=SMALL   latency=128.2 ms  R=0.459  target=0.25  dets=7  vru=False  backend=onnx
15:31:04  INFO       [safety / light] 140/200  tier=SMALL   latency=128.0 ms  R=0.466  target=0.25  dets=9  vru=False  backend=onnx
15:31:07  INFO       [safety / light] 160/200  tier=SMALL   latency=133.7 ms  R=0.527  target=0.25  dets=14  vru=False  backend=onnx
15:31:10  INFO       [safety / light] 180/200  tier=SMALL   latency=130.6 ms  R=0.527  target=0.25  dets=15  vru=True  backend=onnx
15:31:13  INFO       [safety / light] 200/200  tier=SMALL   latency=128.7 ms  R=0.609  target=0.25  dets=2  vru=False  backend=onnx
15:31:13  INFO     [RAMS] Controller stopped.
15:31:13  INFO     
--- Block 10/10  Policy: predictive  Load: light (25%) ---
15:31:13  INFO     [RAMS] Starting resource monitor ...
15:31:13  INFO     [RAMS] Loading model tiers ...
15:31:13  INFO     [RAMS] YOLOv8-nano ready — ONNX (imgsz=320).
15:31:13  INFO     [RAMS] YOLOv8-small ready — ONNX (imgsz=416).
15:31:14  INFO     [RAMS] YOLOv8-medium ready — ONNX (imgsz=640).
15:31:14  INFO     [RAMS] Controller ready. Policy: predictive
15:31:15  INFO     [RAMS] Tier switch: SMALL → MEDIUM  (R=0.246)
15:31:16  INFO     [RAMS] Tier switch: MEDIUM → SMALL  (R=0.484)
15:31:19  INFO       [predictive / light] 20/200  tier=SMALL   latency=130.1 ms  R=0.462  target=0.25  dets=10  vru=False  backend=onnx
15:31:22  INFO       [predictive / light] 40/200  tier=SMALL   latency=128.3 ms  R=0.458  target=0.25  dets=3  vru=False  backend=onnx
15:31:24  INFO       [predictive / light] 60/200  tier=SMALL   latency=128.9 ms  R=0.465  target=0.25  dets=0  vru=False  backend=onnx
15:31:27  INFO       [predictive / light] 80/200  tier=SMALL   latency=128.6 ms  R=0.470  target=0.25  dets=4  vru=True  backend=onnx
15:31:30  INFO       [predictive / light] 100/200  tier=SMALL   latency=130.0 ms  R=0.538  target=0.25  dets=7  vru=False  backend=onnx
15:31:33  INFO       [predictive / light] 120/200  tier=SMALL   latency=135.7 ms  R=0.529  target=0.25  dets=7  vru=False  backend=onnx
15:31:36  INFO       [predictive / light] 140/200  tier=SMALL   latency=130.3 ms  R=0.476  target=0.25  dets=9  vru=False  backend=onnx
15:31:39  INFO       [predictive / light] 160/200  tier=SMALL   latency=130.7 ms  R=0.474  target=0.25  dets=14  vru=False  backend=onnx
15:31:42  INFO       [predictive / light] 180/200  tier=SMALL   latency=130.2 ms  R=0.462  target=0.25  dets=15  vru=True  backend=onnx
15:31:44  INFO       [predictive / light] 200/200  tier=SMALL   latency=127.9 ms  R=0.465  target=0.25  dets=2  vru=False  backend=onnx
15:31:45  INFO     [RAMS] Controller stopped.
15:31:46  INFO     Results -> /home/soren/rams_sep2026/corrected-20260908/results/full-20260908-v1/onnx/runtime1_light/rams_20260908_142904_118f3ccde03f.csv
15:31:46  INFO     Summary -> /home/soren/rams_sep2026/corrected-20260908/results/full-20260908-v1/onnx/runtime1_light/rams_20260908_142904_118f3ccde03f.json
15:31:46  INFO     Replay manifest -> /home/soren/rams_sep2026/corrected-20260908/results/full-20260908-v1/onnx/runtime1_light/rams_20260908_142904_118f3ccde03f_manifest.json

================================================================================
Policy         Profile        N   Mean ms    P95 ms    VRU%  Tiers
--------------------------------------------------------------------------------
adaptive       light       2000     134.4     136.9   25.9%  MEDIUM:14, SMALL:1986
fixed_medium   light       2000     720.2     735.5   33.3%  MEDIUM:2000
fixed_nano     light       2000      32.3      35.8   16.1%  NANO:2000
fixed_small    light       2000     130.0     134.8   25.9%  SMALL:2000
predictive     light       2000     131.9     135.5   25.9%  MEDIUM:6, SMALL:1994
safety         light       2000     130.2     135.5   25.9%  SMALL:2000
safety2        light       2000     276.4     727.2   27.6%  MEDIUM:493, SMALL:1507
threshold      light       2000     130.3     135.9   25.9%  SMALL:2000
================================================================================

Backends used: {'onnx'}
