{
  "host": "georgexu",
  "platform": "Windows-11-10.0.26200-SP0",
  "baseline": {
    "n": 299,
    "mean": 0.1969314381270903,
    "std": 0.030564108797453398,
    "p50": 0.1905,
    "p75": 0.21675000000000003,
    "p90": 0.23775,
    "p95": 0.2575,
    "max": 0.342,
    "cpu_mean": 5.390301003344481,
    "mem_mean": 62.60167224080268
  },
  "thresholds": {
    "lo_thresh": 0.3,
    "hi_thresh": 0.542,
    "gap": 0.242
  },
  "timestamp": "2026-04-23T19:20:26"
}