14:06:07  INFO     Loaded 1500 frames from /data/kitti/images/val
14:06:07  INFO     Real inference mode: 1500 frames available
14:06:07  INFO     === RAMS Benchmark  run_id=rams_20260909_140607_7b0aa8638130 ===
14:06:07  INFO     Policies: ['threshold', 'predictive', 'safety', 'adaptive', 'safety2', 'fixed_nano', 'fixed_small', 'fixed_medium']  |  Profiles: ['heavy']  |  N/block=200  |  blocks=10  |  simulate=False  |  frames=/data/kitti/images/val
14:06:07  INFO     
--- Block 1/10  Policy: fixed_small  Load: heavy (75%) ---
14:06:07  INFO     [RAMS] Starting resource monitor ...
14:06:08  INFO     [RAMS] Loading model tiers ...
WARNING ⚠️ Unable to automatically guess model task, assuming 'task=detect'. Explicitly define task for your model, i.e. 'task=detect', 'segment', 'classify', 'pose', 'obb' or 'semantic'.
Loading yolov8n.engine for TensorRT inference...
[09/09/2026-14:06:10] [TRT] [I] Loaded engine size: 7 MiB
[09/09/2026-14:06:10] [TRT] [I] [MemUsageChange] TensorRT-managed allocation in IExecutionContext creation: CPU +0, GPU +3, now: CPU 0, GPU 9 (MiB)
14:06:12  INFO     [RAMS] YOLOv8-nano ready — TensorRT yolov8n.engine (imgsz=320).
WARNING ⚠️ Unable to automatically guess model task, assuming 'task=detect'. Explicitly define task for your model, i.e. 'task=detect', 'segment', 'classify', 'pose', 'obb' or 'semantic'.
Loading yolov8s.engine for TensorRT inference...
[09/09/2026-14:06:12] [TRT] [I] The logger passed into createInferRuntime differs from one already provided for an existing builder, runtime, or refitter. Uses of the global logger, returned by nvinfer1::getLogger(), will return the existing value.
[09/09/2026-14:06:12] [TRT] [I] Loaded engine size: 23 MiB
[09/09/2026-14:06:12] [TRT] [I] [MemUsageChange] TensorRT-managed allocation in IExecutionContext creation: CPU +1, GPU +7, now: CPU 1, GPU 38 (MiB)
14:06:12  INFO     [RAMS] YOLOv8-small ready — TensorRT yolov8s.engine (imgsz=416).
WARNING ⚠️ Unable to automatically guess model task, assuming 'task=detect'. Explicitly define task for your model, i.e. 'task=detect', 'segment', 'classify', 'pose', 'obb' or 'semantic'.
Loading yolov8m.engine for TensorRT inference...
[09/09/2026-14:06:12] [TRT] [I] The logger passed into createInferRuntime differs from one already provided for an existing builder, runtime, or refitter. Uses of the global logger, returned by nvinfer1::getLogger(), will return the existing value.
[09/09/2026-14:06:12] [TRT] [I] Loaded engine size: 52 MiB
[09/09/2026-14:06:12] [TRT] [I] [MemUsageChange] TensorRT-managed allocation in IExecutionContext creation: CPU +0, GPU +29, now: CPU 1, GPU 117 (MiB)
14:06:12  INFO     [RAMS] YOLOv8-medium ready — TensorRT yolov8m.engine (imgsz=640).
14:06:12  INFO     [RAMS] Controller ready. Policy: fixed
14:06:14  INFO       [fixed_small / heavy] 20/200  tier=SMALL   latency=6.0 ms  R=0.719  target=0.75  dets=0  vru=False  backend=tensorrt
14:06:14  INFO       [fixed_small / heavy] 40/200  tier=SMALL   latency=8.2 ms  R=0.719  target=0.75  dets=1  vru=False  backend=tensorrt
14:06:14  INFO       [fixed_small / heavy] 60/200  tier=SMALL   latency=7.6 ms  R=0.707  target=0.75  dets=1  vru=False  backend=tensorrt
14:06:15  INFO       [fixed_small / heavy] 80/200  tier=SMALL   latency=8.6 ms  R=0.711  target=0.75  dets=3  vru=False  backend=tensorrt
14:06:15  INFO       [fixed_small / heavy] 100/200  tier=SMALL   latency=9.6 ms  R=0.720  target=0.75  dets=12  vru=False  backend=tensorrt
14:06:16  INFO       [fixed_small / heavy] 120/200  tier=SMALL   latency=8.1 ms  R=0.708  target=0.75  dets=4  vru=False  backend=tensorrt
14:06:16  INFO       [fixed_small / heavy] 140/200  tier=SMALL   latency=8.6 ms  R=0.709  target=0.75  dets=7  vru=False  backend=tensorrt
14:06:17  INFO       [fixed_small / heavy] 160/200  tier=SMALL   latency=7.5 ms  R=0.670  target=0.75  dets=2  vru=False  backend=tensorrt
14:06:17  INFO       [fixed_small / heavy] 180/200  tier=SMALL   latency=7.6 ms  R=0.712  target=0.75  dets=2  vru=False  backend=tensorrt
14:06:17  INFO       [fixed_small / heavy] 200/200  tier=SMALL   latency=8.9 ms  R=0.672  target=0.75  dets=8  vru=False  backend=tensorrt
14:06:18  INFO     [RAMS] Controller stopped.
14:06:18  INFO     
--- Block 1/10  Policy: fixed_nano  Load: heavy (75%) ---
14:06:18  INFO     [RAMS] Starting resource monitor ...
14:06:18  INFO     [RAMS] Loading model tiers ...
WARNING ⚠️ Unable to automatically guess model task, assuming 'task=detect'. Explicitly define task for your model, i.e. 'task=detect', 'segment', 'classify', 'pose', 'obb' or 'semantic'.
Loading yolov8n.engine for TensorRT inference...
[09/09/2026-14:06:18] [TRT] [I] Loaded engine size: 7 MiB
[09/09/2026-14:06:18] [TRT] [I] [MemUsageChange] TensorRT-managed allocation in IExecutionContext creation: CPU +0, GPU +3, now: CPU 0, GPU 9 (MiB)
14:06:18  INFO     [RAMS] YOLOv8-nano ready — TensorRT yolov8n.engine (imgsz=320).
WARNING ⚠️ Unable to automatically guess model task, assuming 'task=detect'. Explicitly define task for your model, i.e. 'task=detect', 'segment', 'classify', 'pose', 'obb' or 'semantic'.
Loading yolov8s.engine for TensorRT inference...
[09/09/2026-14:06:18] [TRT] [I] The logger passed into createInferRuntime differs from one already provided for an existing builder, runtime, or refitter. Uses of the global logger, returned by nvinfer1::getLogger(), will return the existing value.
[09/09/2026-14:06:18] [TRT] [I] Loaded engine size: 23 MiB
[09/09/2026-14:06:18] [TRT] [I] [MemUsageChange] TensorRT-managed allocation in IExecutionContext creation: CPU +1, GPU +7, now: CPU 1, GPU 38 (MiB)
14:06:18  INFO     [RAMS] YOLOv8-small ready — TensorRT yolov8s.engine (imgsz=416).
WARNING ⚠️ Unable to automatically guess model task, assuming 'task=detect'. Explicitly define task for your model, i.e. 'task=detect', 'segment', 'classify', 'pose', 'obb' or 'semantic'.
Loading yolov8m.engine for TensorRT inference...
[09/09/2026-14:06:18] [TRT] [I] The logger passed into createInferRuntime differs from one already provided for an existing builder, runtime, or refitter. Uses of the global logger, returned by nvinfer1::getLogger(), will return the existing value.
[09/09/2026-14:06:18] [TRT] [I] Loaded engine size: 52 MiB
[09/09/2026-14:06:18] [TRT] [I] [MemUsageChange] TensorRT-managed allocation in IExecutionContext creation: CPU +0, GPU +29, now: CPU 1, GPU 117 (MiB)
14:06:18  INFO     [RAMS] YOLOv8-medium ready — TensorRT yolov8m.engine (imgsz=640).
14:06:18  INFO     [RAMS] Controller ready. Policy: fixed
14:06:19  INFO     [RAMS] Tier switch: SMALL → NANO  (R=0.592)
14:06:19  INFO       [fixed_nano / heavy] 20/200  tier=NANO    latency=4.9 ms  R=0.661  target=0.75  dets=0  vru=False  backend=tensorrt
14:06:20  INFO       [fixed_nano / heavy] 40/200  tier=NANO    latency=5.9 ms  R=0.661  target=0.75  dets=1  vru=False  backend=tensorrt
14:06:20  INFO       [fixed_nano / heavy] 60/200  tier=NANO    latency=6.0 ms  R=0.703  target=0.75  dets=1  vru=False  backend=tensorrt
14:06:20  INFO       [fixed_nano / heavy] 80/200  tier=NANO    latency=6.1 ms  R=0.659  target=0.75  dets=2  vru=False  backend=tensorrt
14:06:21  INFO       [fixed_nano / heavy] 100/200  tier=NANO    latency=8.4 ms  R=0.661  target=0.75  dets=11  vru=False  backend=tensorrt
14:06:21  INFO       [fixed_nano / heavy] 120/200  tier=NANO    latency=6.3 ms  R=0.673  target=0.75  dets=3  vru=False  backend=tensorrt
14:06:22  INFO       [fixed_nano / heavy] 140/200  tier=NANO    latency=6.6 ms  R=0.660  target=0.75  dets=4  vru=False  backend=tensorrt
14:06:22  INFO       [fixed_nano / heavy] 160/200  tier=NANO    latency=4.8 ms  R=0.661  target=0.75  dets=0  vru=False  backend=tensorrt
14:06:22  INFO       [fixed_nano / heavy] 180/200  tier=NANO    latency=6.3 ms  R=0.650  target=0.75  dets=3  vru=False  backend=tensorrt
14:06:23  INFO       [fixed_nano / heavy] 200/200  tier=NANO    latency=6.9 ms  R=0.660  target=0.75  dets=6  vru=False  backend=tensorrt
14:06:23  INFO     [RAMS] Controller stopped.
14:06:23  INFO     
--- Block 1/10  Policy: threshold  Load: heavy (75%) ---
14:06:23  INFO     [RAMS] Starting resource monitor ...
14:06:23  INFO     [RAMS] Loading model tiers ...
WARNING ⚠️ Unable to automatically guess model task, assuming 'task=detect'. Explicitly define task for your model, i.e. 'task=detect', 'segment', 'classify', 'pose', 'obb' or 'semantic'.
Loading yolov8n.engine for TensorRT inference...
[09/09/2026-14:06:23] [TRT] [I] Loaded engine size: 7 MiB
[09/09/2026-14:06:23] [TRT] [I] [MemUsageChange] TensorRT-managed allocation in IExecutionContext creation: CPU +0, GPU +3, now: CPU 0, GPU 9 (MiB)
14:06:23  INFO     [RAMS] YOLOv8-nano ready — TensorRT yolov8n.engine (imgsz=320).
WARNING ⚠️ Unable to automatically guess model task, assuming 'task=detect'. Explicitly define task for your model, i.e. 'task=detect', 'segment', 'classify', 'pose', 'obb' or 'semantic'.
Loading yolov8s.engine for TensorRT inference...
[09/09/2026-14:06:23] [TRT] [I] The logger passed into createInferRuntime differs from one already provided for an existing builder, runtime, or refitter. Uses of the global logger, returned by nvinfer1::getLogger(), will return the existing value.
[09/09/2026-14:06:23] [TRT] [I] Loaded engine size: 23 MiB
[09/09/2026-14:06:23] [TRT] [I] [MemUsageChange] TensorRT-managed allocation in IExecutionContext creation: CPU +1, GPU +7, now: CPU 1, GPU 38 (MiB)
14:06:23  INFO     [RAMS] YOLOv8-small ready — TensorRT yolov8s.engine (imgsz=416).
WARNING ⚠️ Unable to automatically guess model task, assuming 'task=detect'. Explicitly define task for your model, i.e. 'task=detect', 'segment', 'classify', 'pose', 'obb' or 'semantic'.
Loading yolov8m.engine for TensorRT inference...
[09/09/2026-14:06:23] [TRT] [I] The logger passed into createInferRuntime differs from one already provided for an existing builder, runtime, or refitter. Uses of the global logger, returned by nvinfer1::getLogger(), will return the existing value.
[09/09/2026-14:06:23] [TRT] [I] Loaded engine size: 52 MiB
[09/09/2026-14:06:23] [TRT] [I] [MemUsageChange] TensorRT-managed allocation in IExecutionContext creation: CPU +0, GPU +29, now: CPU 1, GPU 117 (MiB)
14:06:23  INFO     [RAMS] YOLOv8-medium ready — TensorRT yolov8m.engine (imgsz=640).
14:06:23  INFO     [RAMS] Controller ready. Policy: threshold
14:06:24  INFO     [RAMS] Tier switch: SMALL → NANO  (R=0.616)
14:06:24  INFO       [threshold / heavy] 20/200  tier=NANO    latency=4.4 ms  R=0.660  target=0.75  dets=0  vru=False  backend=tensorrt
14:06:25  INFO       [threshold / heavy] 40/200  tier=NANO    latency=6.1 ms  R=0.660  target=0.75  dets=1  vru=False  backend=tensorrt
14:06:25  INFO       [threshold / heavy] 60/200  tier=NANO    latency=5.9 ms  R=0.657  target=0.75  dets=1  vru=False  backend=tensorrt
14:06:26  INFO       [threshold / heavy] 80/200  tier=NANO    latency=6.2 ms  R=0.659  target=0.75  dets=2  vru=False  backend=tensorrt
14:06:26  INFO       [threshold / heavy] 100/200  tier=NANO    latency=13.1 ms  R=0.674  target=0.75  dets=11  vru=False  backend=tensorrt
14:06:26  INFO       [threshold / heavy] 120/200  tier=NANO    latency=6.3 ms  R=0.662  target=0.75  dets=3  vru=False  backend=tensorrt
14:06:27  INFO       [threshold / heavy] 140/200  tier=NANO    latency=9.9 ms  R=0.661  target=0.75  dets=4  vru=False  backend=tensorrt
14:06:27  INFO       [threshold / heavy] 160/200  tier=NANO    latency=4.5 ms  R=0.666  target=0.75  dets=0  vru=False  backend=tensorrt
14:06:28  INFO       [threshold / heavy] 180/200  tier=NANO    latency=6.3 ms  R=0.661  target=0.75  dets=3  vru=False  backend=tensorrt
14:06:28  INFO       [threshold / heavy] 200/200  tier=NANO    latency=7.2 ms  R=0.667  target=0.75  dets=6  vru=False  backend=tensorrt
14:06:28  INFO     [RAMS] Controller stopped.
14:06:28  INFO     
--- Block 1/10  Policy: predictive  Load: heavy (75%) ---
14:06:28  INFO     [RAMS] Starting resource monitor ...
14:06:28  INFO     [RAMS] Loading model tiers ...
WARNING ⚠️ Unable to automatically guess model task, assuming 'task=detect'. Explicitly define task for your model, i.e. 'task=detect', 'segment', 'classify', 'pose', 'obb' or 'semantic'.
Loading yolov8n.engine for TensorRT inference...
[09/09/2026-14:06:28] [TRT] [I] Loaded engine size: 7 MiB
[09/09/2026-14:06:28] [TRT] [I] [MemUsageChange] TensorRT-managed allocation in IExecutionContext creation: CPU +0, GPU +3, now: CPU 0, GPU 9 (MiB)
14:06:28  INFO     [RAMS] YOLOv8-nano ready — TensorRT yolov8n.engine (imgsz=320).
WARNING ⚠️ Unable to automatically guess model task, assuming 'task=detect'. Explicitly define task for your model, i.e. 'task=detect', 'segment', 'classify', 'pose', 'obb' or 'semantic'.
Loading yolov8s.engine for TensorRT inference...
[09/09/2026-14:06:28] [TRT] [I] The logger passed into createInferRuntime differs from one already provided for an existing builder, runtime, or refitter. Uses of the global logger, returned by nvinfer1::getLogger(), will return the existing value.
[09/09/2026-14:06:28] [TRT] [I] Loaded engine size: 23 MiB
[09/09/2026-14:06:28] [TRT] [I] [MemUsageChange] TensorRT-managed allocation in IExecutionContext creation: CPU +1, GPU +7, now: CPU 1, GPU 38 (MiB)
14:06:28  INFO     [RAMS] YOLOv8-small ready — TensorRT yolov8s.engine (imgsz=416).
WARNING ⚠️ Unable to automatically guess model task, assuming 'task=detect'. Explicitly define task for your model, i.e. 'task=detect', 'segment', 'classify', 'pose', 'obb' or 'semantic'.
Loading yolov8m.engine for TensorRT inference...
[09/09/2026-14:06:28] [TRT] [I] The logger passed into createInferRuntime differs from one already provided for an existing builder, runtime, or refitter. Uses of the global logger, returned by nvinfer1::getLogger(), will return the existing value.
[09/09/2026-14:06:28] [TRT] [I] Loaded engine size: 52 MiB
[09/09/2026-14:06:28] [TRT] [I] [MemUsageChange] TensorRT-managed allocation in IExecutionContext creation: CPU +0, GPU +29, now: CPU 1, GPU 117 (MiB)
14:06:28  INFO     [RAMS] YOLOv8-medium ready — TensorRT yolov8m.engine (imgsz=640).
14:06:28  INFO     [RAMS] Controller ready. Policy: predictive
14:06:29  INFO     [RAMS] Tier switch: SMALL → NANO  (R=0.595)
14:06:30  INFO       [predictive / heavy] 20/200  tier=NANO    latency=4.3 ms  R=0.659  target=0.75  dets=0  vru=False  backend=tensorrt
14:06:30  INFO       [predictive / heavy] 40/200  tier=NANO    latency=6.1 ms  R=0.666  target=0.75  dets=1  vru=False  backend=tensorrt
14:06:31  INFO       [predictive / heavy] 60/200  tier=NANO    latency=5.8 ms  R=0.661  target=0.75  dets=1  vru=False  backend=tensorrt
14:06:31  INFO       [predictive / heavy] 80/200  tier=NANO    latency=6.6 ms  R=0.689  target=0.75  dets=2  vru=False  backend=tensorrt
14:06:31  INFO       [predictive / heavy] 100/200  tier=NANO    latency=7.8 ms  R=0.660  target=0.75  dets=11  vru=False  backend=tensorrt
14:06:32  INFO       [predictive / heavy] 120/200  tier=NANO    latency=6.7 ms  R=0.674  target=0.75  dets=3  vru=False  backend=tensorrt
14:06:32  INFO       [predictive / heavy] 140/200  tier=NANO    latency=7.5 ms  R=0.730  target=0.75  dets=4  vru=False  backend=tensorrt
14:06:32  INFO       [predictive / heavy] 160/200  tier=NANO    latency=4.8 ms  R=0.681  target=0.75  dets=0  vru=False  backend=tensorrt
14:06:33  INFO       [predictive / heavy] 180/200  tier=NANO    latency=12.8 ms  R=0.694  target=0.75  dets=3  vru=False  backend=tensorrt
14:06:33  INFO       [predictive / heavy] 200/200  tier=NANO    latency=7.1 ms  R=0.701  target=0.75  dets=6  vru=False  backend=tensorrt
14:06:33  INFO     [RAMS] Controller stopped.
14:06:33  INFO     
--- Block 1/10  Policy: adaptive  Load: heavy (75%) ---
14:06:33  INFO     [RAMS] Starting resource monitor ...
14:06:33  INFO     [RAMS] Loading model tiers ...
WARNING ⚠️ Unable to automatically guess model task, assuming 'task=detect'. Explicitly define task for your model, i.e. 'task=detect', 'segment', 'classify', 'pose', 'obb' or 'semantic'.
Loading yolov8n.engine for TensorRT inference...
[09/09/2026-14:06:33] [TRT] [I] Loaded engine size: 7 MiB
[09/09/2026-14:06:34] [TRT] [I] [MemUsageChange] TensorRT-managed allocation in IExecutionContext creation: CPU +0, GPU +3, now: CPU 0, GPU 9 (MiB)
14:06:34  INFO     [RAMS] YOLOv8-nano ready — TensorRT yolov8n.engine (imgsz=320).
WARNING ⚠️ Unable to automatically guess model task, assuming 'task=detect'. Explicitly define task for your model, i.e. 'task=detect', 'segment', 'classify', 'pose', 'obb' or 'semantic'.
Loading yolov8s.engine for TensorRT inference...
[09/09/2026-14:06:34] [TRT] [I] The logger passed into createInferRuntime differs from one already provided for an existing builder, runtime, or refitter. Uses of the global logger, returned by nvinfer1::getLogger(), will return the existing value.
[09/09/2026-14:06:34] [TRT] [I] Loaded engine size: 23 MiB
[09/09/2026-14:06:34] [TRT] [I] [MemUsageChange] TensorRT-managed allocation in IExecutionContext creation: CPU +1, GPU +7, now: CPU 1, GPU 38 (MiB)
14:06:34  INFO     [RAMS] YOLOv8-small ready — TensorRT yolov8s.engine (imgsz=416).
WARNING ⚠️ Unable to automatically guess model task, assuming 'task=detect'. Explicitly define task for your model, i.e. 'task=detect', 'segment', 'classify', 'pose', 'obb' or 'semantic'.
Loading yolov8m.engine for TensorRT inference...
[09/09/2026-14:06:34] [TRT] [I] The logger passed into createInferRuntime differs from one already provided for an existing builder, runtime, or refitter. Uses of the global logger, returned by nvinfer1::getLogger(), will return the existing value.
[09/09/2026-14:06:34] [TRT] [I] Loaded engine size: 52 MiB
[09/09/2026-14:06:34] [TRT] [I] [MemUsageChange] TensorRT-managed allocation in IExecutionContext creation: CPU +0, GPU +29, now: CPU 1, GPU 117 (MiB)
14:06:34  INFO     [RAMS] YOLOv8-medium ready — TensorRT yolov8m.engine (imgsz=640).
14:06:34  INFO     [RAMS] Controller ready. Policy: adaptive
14:06:35  INFO     [RAMS] Tier switch: SMALL → NANO  (R=0.653)
14:06:35  INFO       [adaptive / heavy] 20/200  tier=NANO    latency=5.2 ms  R=0.689  target=0.75  dets=0  vru=False  backend=tensorrt
14:06:36  INFO       [adaptive / heavy] 40/200  tier=NANO    latency=8.7 ms  R=0.706  target=0.75  dets=1  vru=False  backend=tensorrt
14:06:36  INFO       [adaptive / heavy] 60/200  tier=NANO    latency=6.9 ms  R=0.704  target=0.75  dets=1  vru=False  backend=tensorrt
14:06:37  INFO       [adaptive / heavy] 80/200  tier=NANO    latency=6.5 ms  R=0.690  target=0.75  dets=2  vru=False  backend=tensorrt
14:06:37  INFO       [adaptive / heavy] 100/200  tier=NANO    latency=15.8 ms  R=0.702  target=0.75  dets=11  vru=False  backend=tensorrt
14:06:38  INFO       [adaptive / heavy] 120/200  tier=NANO    latency=6.8 ms  R=0.687  target=0.75  dets=3  vru=False  backend=tensorrt
14:06:38  INFO       [adaptive / heavy] 140/200  tier=NANO    latency=6.9 ms  R=0.734  target=0.75  dets=4  vru=False  backend=tensorrt
14:06:38  INFO       [adaptive / heavy] 160/200  tier=NANO    latency=4.4 ms  R=0.662  target=0.75  dets=0  vru=False  backend=tensorrt
14:06:39  INFO       [adaptive / heavy] 180/200  tier=NANO    latency=6.3 ms  R=0.660  target=0.75  dets=3  vru=False  backend=tensorrt
14:06:39  INFO       [adaptive / heavy] 200/200  tier=NANO    latency=6.9 ms  R=0.655  target=0.75  dets=6  vru=False  backend=tensorrt
14:06:39  INFO     [RAMS] Controller stopped.
14:06:39  INFO     
--- Block 1/10  Policy: fixed_medium  Load: heavy (75%) ---
14:06:39  INFO     [RAMS] Starting resource monitor ...
14:06:39  INFO     [RAMS] Loading model tiers ...
WARNING ⚠️ Unable to automatically guess model task, assuming 'task=detect'. Explicitly define task for your model, i.e. 'task=detect', 'segment', 'classify', 'pose', 'obb' or 'semantic'.
Loading yolov8n.engine for TensorRT inference...
[09/09/2026-14:06:39] [TRT] [I] Loaded engine size: 7 MiB
[09/09/2026-14:06:39] [TRT] [I] [MemUsageChange] TensorRT-managed allocation in IExecutionContext creation: CPU +0, GPU +3, now: CPU 0, GPU 9 (MiB)
14:06:39  INFO     [RAMS] YOLOv8-nano ready — TensorRT yolov8n.engine (imgsz=320).
WARNING ⚠️ Unable to automatically guess model task, assuming 'task=detect'. Explicitly define task for your model, i.e. 'task=detect', 'segment', 'classify', 'pose', 'obb' or 'semantic'.
Loading yolov8s.engine for TensorRT inference...
[09/09/2026-14:06:39] [TRT] [I] The logger passed into createInferRuntime differs from one already provided for an existing builder, runtime, or refitter. Uses of the global logger, returned by nvinfer1::getLogger(), will return the existing value.
[09/09/2026-14:06:39] [TRT] [I] Loaded engine size: 23 MiB
[09/09/2026-14:06:39] [TRT] [I] [MemUsageChange] TensorRT-managed allocation in IExecutionContext creation: CPU +1, GPU +7, now: CPU 1, GPU 38 (MiB)
14:06:39  INFO     [RAMS] YOLOv8-small ready — TensorRT yolov8s.engine (imgsz=416).
WARNING ⚠️ Unable to automatically guess model task, assuming 'task=detect'. Explicitly define task for your model, i.e. 'task=detect', 'segment', 'classify', 'pose', 'obb' or 'semantic'.
Loading yolov8m.engine for TensorRT inference...
[09/09/2026-14:06:39] [TRT] [I] The logger passed into createInferRuntime differs from one already provided for an existing builder, runtime, or refitter. Uses of the global logger, returned by nvinfer1::getLogger(), will return the existing value.
[09/09/2026-14:06:39] [TRT] [I] Loaded engine size: 52 MiB
[09/09/2026-14:06:40] [TRT] [I] [MemUsageChange] TensorRT-managed allocation in IExecutionContext creation: CPU +0, GPU +29, now: CPU 1, GPU 117 (MiB)
14:06:40  INFO     [RAMS] YOLOv8-medium ready — TensorRT yolov8m.engine (imgsz=640).
14:06:40  INFO     [RAMS] Controller ready. Policy: fixed
14:06:41  INFO     [RAMS] Tier switch: SMALL → MEDIUM  (R=0.592)
14:06:41  INFO       [fixed_medium / heavy] 20/200  tier=MEDIUM  latency=13.9 ms  R=0.640  target=0.75  dets=3  vru=False  backend=tensorrt
14:06:42  INFO       [fixed_medium / heavy] 40/200  tier=MEDIUM  latency=13.3 ms  R=0.668  target=0.75  dets=1  vru=False  backend=tensorrt
14:06:42  INFO       [fixed_medium / heavy] 60/200  tier=MEDIUM  latency=14.0 ms  R=0.635  target=0.75  dets=4  vru=False  backend=tensorrt
14:06:43  INFO       [fixed_medium / heavy] 80/200  tier=MEDIUM  latency=14.1 ms  R=0.712  target=0.75  dets=5  vru=False  backend=tensorrt
14:06:43  INFO       [fixed_medium / heavy] 100/200  tier=MEDIUM  latency=16.3 ms  R=0.716  target=0.75  dets=16  vru=False  backend=tensorrt
14:06:44  INFO       [fixed_medium / heavy] 120/200  tier=MEDIUM  latency=19.5 ms  R=0.684  target=0.75  dets=4  vru=False  backend=tensorrt
14:06:45  INFO       [fixed_medium / heavy] 140/200  tier=MEDIUM  latency=15.8 ms  R=0.714  target=0.75  dets=13  vru=False  backend=tensorrt
14:06:45  INFO       [fixed_medium / heavy] 160/200  tier=MEDIUM  latency=15.3 ms  R=0.718  target=0.75  dets=6  vru=False  backend=tensorrt
14:06:46  INFO       [fixed_medium / heavy] 180/200  tier=MEDIUM  latency=13.8 ms  R=0.642  target=0.75  dets=3  vru=False  backend=tensorrt
14:06:46  INFO       [fixed_medium / heavy] 200/200  tier=MEDIUM  latency=16.5 ms  R=0.643  target=0.75  dets=16  vru=False  backend=tensorrt
14:06:46  INFO     [RAMS] Controller stopped.
14:06:46  INFO     
--- Block 1/10  Policy: safety2  Load: heavy (75%) ---
14:06:46  INFO     [RAMS] Starting resource monitor ...
14:06:46  INFO     [RAMS] Loading model tiers ...
WARNING ⚠️ Unable to automatically guess model task, assuming 'task=detect'. Explicitly define task for your model, i.e. 'task=detect', 'segment', 'classify', 'pose', 'obb' or 'semantic'.
Loading yolov8n.engine for TensorRT inference...
[09/09/2026-14:06:46] [TRT] [I] Loaded engine size: 7 MiB
[09/09/2026-14:06:47] [TRT] [I] [MemUsageChange] TensorRT-managed allocation in IExecutionContext creation: CPU +0, GPU +3, now: CPU 0, GPU 9 (MiB)
14:06:47  INFO     [RAMS] YOLOv8-nano ready — TensorRT yolov8n.engine (imgsz=320).
WARNING ⚠️ Unable to automatically guess model task, assuming 'task=detect'. Explicitly define task for your model, i.e. 'task=detect', 'segment', 'classify', 'pose', 'obb' or 'semantic'.
Loading yolov8s.engine for TensorRT inference...
[09/09/2026-14:06:47] [TRT] [I] The logger passed into createInferRuntime differs from one already provided for an existing builder, runtime, or refitter. Uses of the global logger, returned by nvinfer1::getLogger(), will return the existing value.
[09/09/2026-14:06:47] [TRT] [I] Loaded engine size: 23 MiB
[09/09/2026-14:06:47] [TRT] [I] [MemUsageChange] TensorRT-managed allocation in IExecutionContext creation: CPU +1, GPU +7, now: CPU 1, GPU 38 (MiB)
14:06:47  INFO     [RAMS] YOLOv8-small ready — TensorRT yolov8s.engine (imgsz=416).
WARNING ⚠️ Unable to automatically guess model task, assuming 'task=detect'. Explicitly define task for your model, i.e. 'task=detect', 'segment', 'classify', 'pose', 'obb' or 'semantic'.
Loading yolov8m.engine for TensorRT inference...
[09/09/2026-14:06:47] [TRT] [I] The logger passed into createInferRuntime differs from one already provided for an existing builder, runtime, or refitter. Uses of the global logger, returned by nvinfer1::getLogger(), will return the existing value.
[09/09/2026-14:06:47] [TRT] [I] Loaded engine size: 52 MiB
[09/09/2026-14:06:47] [TRT] [I] [MemUsageChange] TensorRT-managed allocation in IExecutionContext creation: CPU +0, GPU +29, now: CPU 1, GPU 117 (MiB)
14:06:47  INFO     [RAMS] YOLOv8-medium ready — TensorRT yolov8m.engine (imgsz=640).
14:06:47  INFO     [RAMS] Controller ready. Policy: safety2
14:06:48  INFO     [RAMS] Tier switch: SMALL → MEDIUM  (R=0.684)
14:06:48  INFO       [safety2 / heavy] 20/200  tier=MEDIUM  latency=17.9 ms  R=0.641  target=0.75  dets=3  vru=False  backend=tensorrt
14:06:48  INFO     [RAMS] Tier switch: MEDIUM → NANO  (R=0.713)
14:06:48  INFO     [RAMS] Tier switch: NANO → SMALL  (R=0.713)
14:06:49  INFO     [RAMS] Tier switch: SMALL → MEDIUM  (R=0.669)
14:06:49  INFO       [safety2 / heavy] 40/200  tier=MEDIUM  latency=16.6 ms  R=0.669  target=0.75  dets=1  vru=False  backend=tensorrt
14:06:49  INFO     [RAMS] Tier switch: MEDIUM → NANO  (R=0.715)
14:06:49  INFO       [safety2 / heavy] 60/200  tier=NANO    latency=6.1 ms  R=0.715  target=0.75  dets=1  vru=False  backend=tensorrt
14:06:49  INFO     [RAMS] Tier switch: NANO → MEDIUM  (R=0.661)
14:06:50  INFO       [safety2 / heavy] 80/200  tier=MEDIUM  latency=14.2 ms  R=0.686  target=0.75  dets=5  vru=False  backend=tensorrt
14:06:50  INFO       [safety2 / heavy] 100/200  tier=MEDIUM  latency=16.4 ms  R=0.651  target=0.75  dets=16  vru=False  backend=tensorrt
14:06:50  INFO     [RAMS] Tier switch: MEDIUM → NANO  (R=0.651)
14:06:51  INFO     [RAMS] Tier switch: NANO → SMALL  (R=0.668)
14:06:51  INFO     [RAMS] Tier switch: SMALL → MEDIUM  (R=0.667)
14:06:51  INFO       [safety2 / heavy] 120/200  tier=MEDIUM  latency=14.0 ms  R=0.723  target=0.75  dets=4  vru=False  backend=tensorrt
14:06:51  INFO     [RAMS] Tier switch: MEDIUM → SMALL  (R=0.628)
14:06:51  INFO       [safety2 / heavy] 140/200  tier=SMALL   latency=8.5 ms  R=0.671  target=0.75  dets=7  vru=False  backend=tensorrt
14:06:52  INFO     [RAMS] Tier switch: SMALL → MEDIUM  (R=0.672)
14:06:52  INFO       [safety2 / heavy] 160/200  tier=MEDIUM  latency=14.5 ms  R=0.666  target=0.75  dets=6  vru=False  backend=tensorrt
14:06:52  INFO     [RAMS] Tier switch: MEDIUM → SMALL  (R=0.718)
14:06:52  INFO     [RAMS] Tier switch: SMALL → MEDIUM  (R=0.718)
14:06:52  INFO       [safety2 / heavy] 180/200  tier=MEDIUM  latency=14.1 ms  R=0.719  target=0.75  dets=3  vru=False  backend=tensorrt
14:06:53  INFO       [safety2 / heavy] 200/200  tier=MEDIUM  latency=33.4 ms  R=0.679  target=0.75  dets=16  vru=False  backend=tensorrt
14:06:53  INFO     [RAMS] Controller stopped.
14:06:53  INFO     
--- Block 1/10  Policy: safety  Load: heavy (75%) ---
14:06:53  INFO     [RAMS] Starting resource monitor ...
14:06:53  INFO     [RAMS] Loading model tiers ...
WARNING ⚠️ Unable to automatically guess model task, assuming 'task=detect'. Explicitly define task for your model, i.e. 'task=detect', 'segment', 'classify', 'pose', 'obb' or 'semantic'.
Loading yolov8n.engine for TensorRT inference...
[09/09/2026-14:06:53] [TRT] [I] Loaded engine size: 7 MiB
[09/09/2026-14:06:53] [TRT] [I] [MemUsageChange] TensorRT-managed allocation in IExecutionContext creation: CPU +0, GPU +3, now: CPU 0, GPU 9 (MiB)
14:06:53  INFO     [RAMS] YOLOv8-nano ready — TensorRT yolov8n.engine (imgsz=320).
WARNING ⚠️ Unable to automatically guess model task, assuming 'task=detect'. Explicitly define task for your model, i.e. 'task=detect', 'segment', 'classify', 'pose', 'obb' or 'semantic'.
Loading yolov8s.engine for TensorRT inference...
[09/09/2026-14:06:53] [TRT] [I] The logger passed into createInferRuntime differs from one already provided for an existing builder, runtime, or refitter. Uses of the global logger, returned by nvinfer1::getLogger(), will return the existing value.
[09/09/2026-14:06:53] [TRT] [I] Loaded engine size: 23 MiB
[09/09/2026-14:06:53] [TRT] [I] [MemUsageChange] TensorRT-managed allocation in IExecutionContext creation: CPU +1, GPU +7, now: CPU 1, GPU 38 (MiB)
14:06:53  INFO     [RAMS] YOLOv8-small ready — TensorRT yolov8s.engine (imgsz=416).
WARNING ⚠️ Unable to automatically guess model task, assuming 'task=detect'. Explicitly define task for your model, i.e. 'task=detect', 'segment', 'classify', 'pose', 'obb' or 'semantic'.
Loading yolov8m.engine for TensorRT inference...
[09/09/2026-14:06:53] [TRT] [I] The logger passed into createInferRuntime differs from one already provided for an existing builder, runtime, or refitter. Uses of the global logger, returned by nvinfer1::getLogger(), will return the existing value.
[09/09/2026-14:06:53] [TRT] [I] Loaded engine size: 52 MiB
[09/09/2026-14:06:53] [TRT] [I] [MemUsageChange] TensorRT-managed allocation in IExecutionContext creation: CPU +0, GPU +29, now: CPU 1, GPU 117 (MiB)
14:06:53  INFO     [RAMS] YOLOv8-medium ready — TensorRT yolov8m.engine (imgsz=640).
14:06:53  INFO     [RAMS] Controller ready. Policy: safety
14:06:55  INFO       [safety / heavy] 20/200  tier=SMALL   latency=6.1 ms  R=0.674  target=0.75  dets=0  vru=False  backend=tensorrt
14:06:55  INFO       [safety / heavy] 40/200  tier=SMALL   latency=7.5 ms  R=0.702  target=0.75  dets=1  vru=False  backend=tensorrt
14:06:56  INFO       [safety / heavy] 60/200  tier=SMALL   latency=9.3 ms  R=0.696  target=0.75  dets=1  vru=False  backend=tensorrt
14:06:56  INFO       [safety / heavy] 80/200  tier=SMALL   latency=11.1 ms  R=0.719  target=0.75  dets=3  vru=False  backend=tensorrt
14:06:57  INFO       [safety / heavy] 100/200  tier=SMALL   latency=10.2 ms  R=0.702  target=0.75  dets=12  vru=False  backend=tensorrt
14:06:57  INFO       [safety / heavy] 120/200  tier=SMALL   latency=8.3 ms  R=0.715  target=0.75  dets=4  vru=False  backend=tensorrt
14:06:58  INFO       [safety / heavy] 140/200  tier=SMALL   latency=8.7 ms  R=0.713  target=0.75  dets=7  vru=False  backend=tensorrt
14:06:58  INFO       [safety / heavy] 160/200  tier=SMALL   latency=7.9 ms  R=0.704  target=0.75  dets=2  vru=False  backend=tensorrt
14:06:59  INFO       [safety / heavy] 180/200  tier=SMALL   latency=8.0 ms  R=0.709  target=0.75  dets=2  vru=False  backend=tensorrt
14:06:59  INFO       [safety / heavy] 200/200  tier=SMALL   latency=9.3 ms  R=0.755  target=0.75  dets=8  vru=False  backend=tensorrt
14:06:59  INFO     [RAMS] Controller stopped.
14:06:59  INFO     
--- Block 2/10  Policy: safety2  Load: heavy (75%) ---
14:06:59  INFO     [RAMS] Starting resource monitor ...
14:06:59  INFO     [RAMS] Loading model tiers ...
WARNING ⚠️ Unable to automatically guess model task, assuming 'task=detect'. Explicitly define task for your model, i.e. 'task=detect', 'segment', 'classify', 'pose', 'obb' or 'semantic'.
Loading yolov8n.engine for TensorRT inference...
[09/09/2026-14:06:59] [TRT] [I] Loaded engine size: 7 MiB
[09/09/2026-14:06:59] [TRT] [I] [MemUsageChange] TensorRT-managed allocation in IExecutionContext creation: CPU +0, GPU +3, now: CPU 0, GPU 9 (MiB)
14:06:59  INFO     [RAMS] YOLOv8-nano ready — TensorRT yolov8n.engine (imgsz=320).
WARNING ⚠️ Unable to automatically guess model task, assuming 'task=detect'. Explicitly define task for your model, i.e. 'task=detect', 'segment', 'classify', 'pose', 'obb' or 'semantic'.
Loading yolov8s.engine for TensorRT inference...
[09/09/2026-14:06:59] [TRT] [I] The logger passed into createInferRuntime differs from one already provided for an existing builder, runtime, or refitter. Uses of the global logger, returned by nvinfer1::getLogger(), will return the existing value.
[09/09/2026-14:06:59] [TRT] [I] Loaded engine size: 23 MiB
[09/09/2026-14:06:59] [TRT] [I] [MemUsageChange] TensorRT-managed allocation in IExecutionContext creation: CPU +1, GPU +7, now: CPU 1, GPU 38 (MiB)
14:06:59  INFO     [RAMS] YOLOv8-small ready — TensorRT yolov8s.engine (imgsz=416).
WARNING ⚠️ Unable to automatically guess model task, assuming 'task=detect'. Explicitly define task for your model, i.e. 'task=detect', 'segment', 'classify', 'pose', 'obb' or 'semantic'.
Loading yolov8m.engine for TensorRT inference...
[09/09/2026-14:06:59] [TRT] [I] The logger passed into createInferRuntime differs from one already provided for an existing builder, runtime, or refitter. Uses of the global logger, returned by nvinfer1::getLogger(), will return the existing value.
[09/09/2026-14:06:59] [TRT] [I] Loaded engine size: 52 MiB
[09/09/2026-14:07:00] [TRT] [I] [MemUsageChange] TensorRT-managed allocation in IExecutionContext creation: CPU +0, GPU +29, now: CPU 1, GPU 117 (MiB)
14:07:00  INFO     [RAMS] YOLOv8-medium ready — TensorRT yolov8m.engine (imgsz=640).
14:07:00  INFO     [RAMS] Controller ready. Policy: safety2
14:07:01  INFO     [RAMS] Tier switch: SMALL → NANO  (R=0.607)
14:07:01  INFO     [RAMS] Tier switch: NANO → SMALL  (R=0.607)
14:07:01  INFO     [RAMS] Tier switch: SMALL → MEDIUM  (R=0.607)
14:07:01  INFO       [safety2 / heavy] 20/200  tier=MEDIUM  latency=17.9 ms  R=0.713  target=0.75  dets=21  vru=False  backend=tensorrt
14:07:01  INFO     [RAMS] Tier switch: MEDIUM → NANO  (R=0.674)
14:07:01  INFO     [RAMS] Tier switch: NANO → SMALL  (R=0.674)
14:07:02  INFO     [RAMS] Tier switch: SMALL → MEDIUM  (R=0.657)
14:07:02  INFO       [safety2 / heavy] 40/200  tier=MEDIUM  latency=15.7 ms  R=0.712  target=0.75  dets=13  vru=False  backend=tensorrt
14:07:02  INFO     [RAMS] Tier switch: MEDIUM → NANO  (R=0.693)
14:07:02  INFO     [RAMS] Tier switch: NANO → MEDIUM  (R=0.693)
14:07:02  INFO       [safety2 / heavy] 60/200  tier=MEDIUM  latency=14.8 ms  R=0.723  target=0.75  dets=8  vru=False  backend=tensorrt
14:07:03  INFO     [RAMS] Tier switch: MEDIUM → NANO  (R=0.697)
14:07:03  INFO       [safety2 / heavy] 80/200  tier=NANO    latency=6.7 ms  R=0.689  target=0.75  dets=5  vru=False  backend=tensorrt
14:07:03  INFO     [RAMS] Tier switch: NANO → MEDIUM  (R=0.663)
14:07:03  INFO       [safety2 / heavy] 100/200  tier=MEDIUM  latency=13.6 ms  R=0.712  target=0.75  dets=2  vru=False  backend=tensorrt
14:07:03  INFO     [RAMS] Tier switch: MEDIUM → NANO  (R=0.717)
14:07:03  INFO     [RAMS] Tier switch: NANO → SMALL  (R=0.717)
14:07:04  INFO       [safety2 / heavy] 120/200  tier=SMALL   latency=10.5 ms  R=0.673  target=0.75  dets=10  vru=False  backend=tensorrt
14:07:04  INFO     [RAMS] Tier switch: SMALL → MEDIUM  (R=0.673)
14:07:04  INFO       [safety2 / heavy] 140/200  tier=MEDIUM  latency=14.7 ms  R=0.648  target=0.75  dets=8  vru=False  backend=tensorrt
14:07:04  INFO     [RAMS] Tier switch: MEDIUM → NANO  (R=0.697)
14:07:04  INFO     [RAMS] Tier switch: NANO → SMALL  (R=0.697)
14:07:04  INFO     [RAMS] Tier switch: SMALL → MEDIUM  (R=0.670)
14:07:05  INFO       [safety2 / heavy] 160/200  tier=MEDIUM  latency=14.4 ms  R=0.693  target=0.75  dets=6  vru=False  backend=tensorrt
14:07:05  INFO     [RAMS] Tier switch: MEDIUM → SMALL  (R=0.747)
14:07:05  INFO       [safety2 / heavy] 180/200  tier=SMALL   latency=8.3 ms  R=0.671  target=0.75  dets=4  vru=True  backend=tensorrt
14:07:05  INFO     [RAMS] Tier switch: SMALL → MEDIUM  (R=0.654)
14:07:06  INFO       [safety2 / heavy] 200/200  tier=MEDIUM  latency=14.2 ms  R=0.661  target=0.75  dets=5  vru=False  backend=tensorrt
14:07:06  INFO     [RAMS] Controller stopped.
14:07:06  INFO     
--- Block 2/10  Policy: threshold  Load: heavy (75%) ---
14:07:06  INFO     [RAMS] Starting resource monitor ...
14:07:06  INFO     [RAMS] Loading model tiers ...
WARNING ⚠️ Unable to automatically guess model task, assuming 'task=detect'. Explicitly define task for your model, i.e. 'task=detect', 'segment', 'classify', 'pose', 'obb' or 'semantic'.
Loading yolov8n.engine for TensorRT inference...
[09/09/2026-14:07:06] [TRT] [I] Loaded engine size: 7 MiB
[09/09/2026-14:07:06] [TRT] [I] [MemUsageChange] TensorRT-managed allocation in IExecutionContext creation: CPU +0, GPU +3, now: CPU 0, GPU 9 (MiB)
14:07:06  INFO     [RAMS] YOLOv8-nano ready — TensorRT yolov8n.engine (imgsz=320).
WARNING ⚠️ Unable to automatically guess model task, assuming 'task=detect'. Explicitly define task for your model, i.e. 'task=detect', 'segment', 'classify', 'pose', 'obb' or 'semantic'.
Loading yolov8s.engine for TensorRT inference...
[09/09/2026-14:07:06] [TRT] [I] The logger passed into createInferRuntime differs from one already provided for an existing builder, runtime, or refitter. Uses of the global logger, returned by nvinfer1::getLogger(), will return the existing value.
[09/09/2026-14:07:06] [TRT] [I] Loaded engine size: 23 MiB
[09/09/2026-14:07:06] [TRT] [I] [MemUsageChange] TensorRT-managed allocation in IExecutionContext creation: CPU +1, GPU +7, now: CPU 1, GPU 38 (MiB)
14:07:06  INFO     [RAMS] YOLOv8-small ready — TensorRT yolov8s.engine (imgsz=416).
WARNING ⚠️ Unable to automatically guess model task, assuming 'task=detect'. Explicitly define task for your model, i.e. 'task=detect', 'segment', 'classify', 'pose', 'obb' or 'semantic'.
Loading yolov8m.engine for TensorRT inference...
[09/09/2026-14:07:06] [TRT] [I] The logger passed into createInferRuntime differs from one already provided for an existing builder, runtime, or refitter. Uses of the global logger, returned by nvinfer1::getLogger(), will return the existing value.
[09/09/2026-14:07:06] [TRT] [I] Loaded engine size: 52 MiB
[09/09/2026-14:07:06] [TRT] [I] [MemUsageChange] TensorRT-managed allocation in IExecutionContext creation: CPU +0, GPU +29, now: CPU 1, GPU 117 (MiB)
14:07:06  INFO     [RAMS] YOLOv8-medium ready — TensorRT yolov8m.engine (imgsz=640).
14:07:06  INFO     [RAMS] Controller ready. Policy: threshold
14:07:07  INFO     [RAMS] Tier switch: SMALL → NANO  (R=0.595)
14:07:08  INFO       [threshold / heavy] 20/200  tier=NANO    latency=9.0 ms  R=0.659  target=0.75  dets=14  vru=False  backend=tensorrt
14:07:08  INFO       [threshold / heavy] 40/200  tier=NANO    latency=6.9 ms  R=0.664  target=0.75  dets=4  vru=False  backend=tensorrt
14:07:08  INFO       [threshold / heavy] 60/200  tier=NANO    latency=6.4 ms  R=0.666  target=0.75  dets=3  vru=False  backend=tensorrt
14:07:09  INFO       [threshold / heavy] 80/200  tier=NANO    latency=6.7 ms  R=0.660  target=0.75  dets=5  vru=False  backend=tensorrt
14:07:09  INFO       [threshold / heavy] 100/200  tier=NANO    latency=5.9 ms  R=0.727  target=0.75  dets=1  vru=False  backend=tensorrt
14:07:09  INFO       [threshold / heavy] 120/200  tier=NANO    latency=6.5 ms  R=0.662  target=0.75  dets=4  vru=False  backend=tensorrt
14:07:10  INFO       [threshold / heavy] 140/200  tier=NANO    latency=6.3 ms  R=0.662  target=0.75  dets=2  vru=False  backend=tensorrt
14:07:10  INFO       [threshold / heavy] 160/200  tier=NANO    latency=4.4 ms  R=0.662  target=0.75  dets=0  vru=False  backend=tensorrt
14:07:11  INFO       [threshold / heavy] 180/200  tier=NANO    latency=6.1 ms  R=0.662  target=0.75  dets=2  vru=False  backend=tensorrt
14:07:11  INFO       [threshold / heavy] 200/200  tier=NANO    latency=7.2 ms  R=0.663  target=0.75  dets=6  vru=False  backend=tensorrt
14:07:11  INFO     [RAMS] Controller stopped.
14:07:11  INFO     
--- Block 2/10  Policy: fixed_medium  Load: heavy (75%) ---
14:07:11  INFO     [RAMS] Starting resource monitor ...
14:07:11  INFO     [RAMS] Loading model tiers ...
WARNING ⚠️ Unable to automatically guess model task, assuming 'task=detect'. Explicitly define task for your model, i.e. 'task=detect', 'segment', 'classify', 'pose', 'obb' or 'semantic'.
Loading yolov8n.engine for TensorRT inference...
[09/09/2026-14:07:11] [TRT] [I] Loaded engine size: 7 MiB
[09/09/2026-14:07:11] [TRT] [I] [MemUsageChange] TensorRT-managed allocation in IExecutionContext creation: CPU +0, GPU +3, now: CPU 0, GPU 9 (MiB)
14:07:11  INFO     [RAMS] YOLOv8-nano ready — TensorRT yolov8n.engine (imgsz=320).
WARNING ⚠️ Unable to automatically guess model task, assuming 'task=detect'. Explicitly define task for your model, i.e. 'task=detect', 'segment', 'classify', 'pose', 'obb' or 'semantic'.
Loading yolov8s.engine for TensorRT inference...
[09/09/2026-14:07:11] [TRT] [I] The logger passed into createInferRuntime differs from one already provided for an existing builder, runtime, or refitter. Uses of the global logger, returned by nvinfer1::getLogger(), will return the existing value.
[09/09/2026-14:07:11] [TRT] [I] Loaded engine size: 23 MiB
[09/09/2026-14:07:11] [TRT] [I] [MemUsageChange] TensorRT-managed allocation in IExecutionContext creation: CPU +1, GPU +7, now: CPU 1, GPU 38 (MiB)
14:07:11  INFO     [RAMS] YOLOv8-small ready — TensorRT yolov8s.engine (imgsz=416).
WARNING ⚠️ Unable to automatically guess model task, assuming 'task=detect'. Explicitly define task for your model, i.e. 'task=detect', 'segment', 'classify', 'pose', 'obb' or 'semantic'.
Loading yolov8m.engine for TensorRT inference...
[09/09/2026-14:07:11] [TRT] [I] The logger passed into createInferRuntime differs from one already provided for an existing builder, runtime, or refitter. Uses of the global logger, returned by nvinfer1::getLogger(), will return the existing value.
[09/09/2026-14:07:11] [TRT] [I] Loaded engine size: 52 MiB
[09/09/2026-14:07:11] [TRT] [I] [MemUsageChange] TensorRT-managed allocation in IExecutionContext creation: CPU +0, GPU +29, now: CPU 1, GPU 117 (MiB)
14:07:11  INFO     [RAMS] YOLOv8-medium ready — TensorRT yolov8m.engine (imgsz=640).
14:07:11  INFO     [RAMS] Controller ready. Policy: fixed
14:07:12  INFO     [RAMS] Tier switch: SMALL → MEDIUM  (R=0.598)
14:07:13  INFO       [fixed_medium / heavy] 20/200  tier=MEDIUM  latency=21.0 ms  R=0.693  target=0.75  dets=21  vru=False  backend=tensorrt
14:07:14  INFO       [fixed_medium / heavy] 40/200  tier=MEDIUM  latency=15.7 ms  R=0.716  target=0.75  dets=13  vru=False  backend=tensorrt
14:07:14  INFO       [fixed_medium / heavy] 60/200  tier=MEDIUM  latency=14.9 ms  R=0.719  target=0.75  dets=8  vru=False  backend=tensorrt
14:07:15  INFO       [fixed_medium / heavy] 80/200  tier=MEDIUM  latency=16.0 ms  R=0.715  target=0.75  dets=8  vru=False  backend=tensorrt
14:07:15  INFO       [fixed_medium / heavy] 100/200  tier=MEDIUM  latency=17.3 ms  R=0.678  target=0.75  dets=2  vru=False  backend=tensorrt
14:07:16  INFO       [fixed_medium / heavy] 120/200  tier=MEDIUM  latency=21.2 ms  R=0.690  target=0.75  dets=10  vru=False  backend=tensorrt
14:07:16  INFO       [fixed_medium / heavy] 140/200  tier=MEDIUM  latency=19.6 ms  R=0.745  target=0.75  dets=8  vru=False  backend=tensorrt
14:07:17  INFO       [fixed_medium / heavy] 160/200  tier=MEDIUM  latency=17.5 ms  R=0.758  target=0.75  dets=6  vru=False  backend=tensorrt
14:07:18  INFO       [fixed_medium / heavy] 180/200  tier=MEDIUM  latency=14.6 ms  R=0.751  target=0.75  dets=4  vru=False  backend=tensorrt
14:07:18  INFO       [fixed_medium / heavy] 200/200  tier=MEDIUM  latency=31.1 ms  R=0.681  target=0.75  dets=5  vru=False  backend=tensorrt
14:07:19  INFO     [RAMS] Controller stopped.
14:07:19  INFO     
--- Block 2/10  Policy: fixed_small  Load: heavy (75%) ---
14:07:19  INFO     [RAMS] Starting resource monitor ...
14:07:19  INFO     [RAMS] Loading model tiers ...
WARNING ⚠️ Unable to automatically guess model task, assuming 'task=detect'. Explicitly define task for your model, i.e. 'task=detect', 'segment', 'classify', 'pose', 'obb' or 'semantic'.
Loading yolov8n.engine for TensorRT inference...
[09/09/2026-14:07:19] [TRT] [I] Loaded engine size: 7 MiB
[09/09/2026-14:07:19] [TRT] [I] [MemUsageChange] TensorRT-managed allocation in IExecutionContext creation: CPU +0, GPU +3, now: CPU 0, GPU 9 (MiB)
14:07:19  INFO     [RAMS] YOLOv8-nano ready — TensorRT yolov8n.engine (imgsz=320).
WARNING ⚠️ Unable to automatically guess model task, assuming 'task=detect'. Explicitly define task for your model, i.e. 'task=detect', 'segment', 'classify', 'pose', 'obb' or 'semantic'.
Loading yolov8s.engine for TensorRT inference...
[09/09/2026-14:07:19] [TRT] [I] The logger passed into createInferRuntime differs from one already provided for an existing builder, runtime, or refitter. Uses of the global logger, returned by nvinfer1::getLogger(), will return the existing value.
[09/09/2026-14:07:19] [TRT] [I] Loaded engine size: 23 MiB
[09/09/2026-14:07:19] [TRT] [I] [MemUsageChange] TensorRT-managed allocation in IExecutionContext creation: CPU +1, GPU +7, now: CPU 1, GPU 38 (MiB)
14:07:19  INFO     [RAMS] YOLOv8-small ready — TensorRT yolov8s.engine (imgsz=416).
WARNING ⚠️ Unable to automatically guess model task, assuming 'task=detect'. Explicitly define task for your model, i.e. 'task=detect', 'segment', 'classify', 'pose', 'obb' or 'semantic'.
Loading yolov8m.engine for TensorRT inference...
[09/09/2026-14:07:19] [TRT] [I] The logger passed into createInferRuntime differs from one already provided for an existing builder, runtime, or refitter. Uses of the global logger, returned by nvinfer1::getLogger(), will return the existing value.
[09/09/2026-14:07:19] [TRT] [I] Loaded engine size: 52 MiB
[09/09/2026-14:07:19] [TRT] [I] [MemUsageChange] TensorRT-managed allocation in IExecutionContext creation: CPU +0, GPU +29, now: CPU 1, GPU 117 (MiB)
14:07:19  INFO     [RAMS] YOLOv8-medium ready — TensorRT yolov8m.engine (imgsz=640).
14:07:19  INFO     [RAMS] Controller ready. Policy: fixed
14:07:20  INFO       [fixed_small / heavy] 20/200  tier=SMALL   latency=10.7 ms  R=0.683  target=0.75  dets=16  vru=False  backend=tensorrt
14:07:21  INFO       [fixed_small / heavy] 40/200  tier=SMALL   latency=9.9 ms  R=0.710  target=0.75  dets=6  vru=False  backend=tensorrt
14:07:21  INFO       [fixed_small / heavy] 60/200  tier=SMALL   latency=24.5 ms  R=0.712  target=0.75  dets=6  vru=False  backend=tensorrt
14:07:22  INFO       [fixed_small / heavy] 80/200  tier=SMALL   latency=8.1 ms  R=0.673  target=0.75  dets=5  vru=False  backend=tensorrt
14:07:22  INFO       [fixed_small / heavy] 100/200  tier=SMALL   latency=10.7 ms  R=0.669  target=0.75  dets=2  vru=False  backend=tensorrt
14:07:23  INFO       [fixed_small / heavy] 120/200  tier=SMALL   latency=9.0 ms  R=0.648  target=0.75  dets=10  vru=False  backend=tensorrt
14:07:23  INFO       [fixed_small / heavy] 140/200  tier=SMALL   latency=7.7 ms  R=0.689  target=0.75  dets=3  vru=False  backend=tensorrt
14:07:23  INFO       [fixed_small / heavy] 160/200  tier=SMALL   latency=5.8 ms  R=0.671  target=0.75  dets=0  vru=False  backend=tensorrt
14:07:24  INFO       [fixed_small / heavy] 180/200  tier=SMALL   latency=11.1 ms  R=0.670  target=0.75  dets=4  vru=True  backend=tensorrt
14:07:24  INFO       [fixed_small / heavy] 200/200  tier=SMALL   latency=8.4 ms  R=0.647  target=0.75  dets=7  vru=False  backend=tensorrt
14:07:24  INFO     [RAMS] Controller stopped.
14:07:25  INFO     
--- Block 2/10  Policy: safety  Load: heavy (75%) ---
14:07:25  INFO     [RAMS] Starting resource monitor ...
14:07:25  INFO     [RAMS] Loading model tiers ...
WARNING ⚠️ Unable to automatically guess model task, assuming 'task=detect'. Explicitly define task for your model, i.e. 'task=detect', 'segment', 'classify', 'pose', 'obb' or 'semantic'.
Loading yolov8n.engine for TensorRT inference...
[09/09/2026-14:07:25] [TRT] [I] Loaded engine size: 7 MiB
[09/09/2026-14:07:25] [TRT] [I] [MemUsageChange] TensorRT-managed allocation in IExecutionContext creation: CPU +0, GPU +3, now: CPU 0, GPU 9 (MiB)
14:07:25  INFO     [RAMS] YOLOv8-nano ready — TensorRT yolov8n.engine (imgsz=320).
WARNING ⚠️ Unable to automatically guess model task, assuming 'task=detect'. Explicitly define task for your model, i.e. 'task=detect', 'segment', 'classify', 'pose', 'obb' or 'semantic'.
Loading yolov8s.engine for TensorRT inference...
[09/09/2026-14:07:25] [TRT] [I] The logger passed into createInferRuntime differs from one already provided for an existing builder, runtime, or refitter. Uses of the global logger, returned by nvinfer1::getLogger(), will return the existing value.
[09/09/2026-14:07:25] [TRT] [I] Loaded engine size: 23 MiB
[09/09/2026-14:07:25] [TRT] [I] [MemUsageChange] TensorRT-managed allocation in IExecutionContext creation: CPU +1, GPU +7, now: CPU 1, GPU 38 (MiB)
14:07:25  INFO     [RAMS] YOLOv8-small ready — TensorRT yolov8s.engine (imgsz=416).
WARNING ⚠️ Unable to automatically guess model task, assuming 'task=detect'. Explicitly define task for your model, i.e. 'task=detect', 'segment', 'classify', 'pose', 'obb' or 'semantic'.
Loading yolov8m.engine for TensorRT inference...
[09/09/2026-14:07:25] [TRT] [I] The logger passed into createInferRuntime differs from one already provided for an existing builder, runtime, or refitter. Uses of the global logger, returned by nvinfer1::getLogger(), will return the existing value.
[09/09/2026-14:07:25] [TRT] [I] Loaded engine size: 52 MiB
[09/09/2026-14:07:25] [TRT] [I] [MemUsageChange] TensorRT-managed allocation in IExecutionContext creation: CPU +0, GPU +29, now: CPU 1, GPU 117 (MiB)
14:07:25  INFO     [RAMS] YOLOv8-medium ready — TensorRT yolov8m.engine (imgsz=640).
14:07:25  INFO     [RAMS] Controller ready. Policy: safety
14:07:26  INFO     [RAMS] Tier switch: SMALL → NANO  (R=0.591)
14:07:26  INFO     [RAMS] Tier switch: NANO → SMALL  (R=0.591)
14:07:26  INFO       [safety / heavy] 20/200  tier=SMALL   latency=10.4 ms  R=0.670  target=0.75  dets=16  vru=False  backend=tensorrt
14:07:27  INFO       [safety / heavy] 40/200  tier=SMALL   latency=8.3 ms  R=0.659  target=0.75  dets=6  vru=False  backend=tensorrt
14:07:27  INFO       [safety / heavy] 60/200  tier=SMALL   latency=11.8 ms  R=0.718  target=0.75  dets=6  vru=False  backend=tensorrt
14:07:27  INFO       [safety / heavy] 80/200  tier=SMALL   latency=8.3 ms  R=0.667  target=0.75  dets=5  vru=False  backend=tensorrt
14:07:28  INFO       [safety / heavy] 100/200  tier=SMALL   latency=7.4 ms  R=0.671  target=0.75  dets=2  vru=False  backend=tensorrt
14:07:28  INFO       [safety / heavy] 120/200  tier=SMALL   latency=9.2 ms  R=0.673  target=0.75  dets=10  vru=False  backend=tensorrt
14:07:29  INFO       [safety / heavy] 140/200  tier=SMALL   latency=7.6 ms  R=0.670  target=0.75  dets=3  vru=False  backend=tensorrt
14:07:29  INFO       [safety / heavy] 160/200  tier=SMALL   latency=5.8 ms  R=0.669  target=0.75  dets=0  vru=False  backend=tensorrt
14:07:30  INFO       [safety / heavy] 180/200  tier=SMALL   latency=7.9 ms  R=0.667  target=0.75  dets=4  vru=True  backend=tensorrt
14:07:30  INFO       [safety / heavy] 200/200  tier=SMALL   latency=8.6 ms  R=0.703  target=0.75  dets=7  vru=False  backend=tensorrt
14:07:30  INFO     [RAMS] Controller stopped.
14:07:30  INFO     
--- Block 2/10  Policy: adaptive  Load: heavy (75%) ---
14:07:30  INFO     [RAMS] Starting resource monitor ...
14:07:30  INFO     [RAMS] Loading model tiers ...
WARNING ⚠️ Unable to automatically guess model task, assuming 'task=detect'. Explicitly define task for your model, i.e. 'task=detect', 'segment', 'classify', 'pose', 'obb' or 'semantic'.
Loading yolov8n.engine for TensorRT inference...
[09/09/2026-14:07:30] [TRT] [I] Loaded engine size: 7 MiB
[09/09/2026-14:07:30] [TRT] [I] [MemUsageChange] TensorRT-managed allocation in IExecutionContext creation: CPU +0, GPU +3, now: CPU 0, GPU 9 (MiB)
14:07:30  INFO     [RAMS] YOLOv8-nano ready — TensorRT yolov8n.engine (imgsz=320).
WARNING ⚠️ Unable to automatically guess model task, assuming 'task=detect'. Explicitly define task for your model, i.e. 'task=detect', 'segment', 'classify', 'pose', 'obb' or 'semantic'.
Loading yolov8s.engine for TensorRT inference...
[09/09/2026-14:07:30] [TRT] [I] The logger passed into createInferRuntime differs from one already provided for an existing builder, runtime, or refitter. Uses of the global logger, returned by nvinfer1::getLogger(), will return the existing value.
[09/09/2026-14:07:30] [TRT] [I] Loaded engine size: 23 MiB
[09/09/2026-14:07:30] [TRT] [I] [MemUsageChange] TensorRT-managed allocation in IExecutionContext creation: CPU +1, GPU +7, now: CPU 1, GPU 38 (MiB)
14:07:30  INFO     [RAMS] YOLOv8-small ready — TensorRT yolov8s.engine (imgsz=416).
WARNING ⚠️ Unable to automatically guess model task, assuming 'task=detect'. Explicitly define task for your model, i.e. 'task=detect', 'segment', 'classify', 'pose', 'obb' or 'semantic'.
Loading yolov8m.engine for TensorRT inference...
[09/09/2026-14:07:30] [TRT] [I] The logger passed into createInferRuntime differs from one already provided for an existing builder, runtime, or refitter. Uses of the global logger, returned by nvinfer1::getLogger(), will return the existing value.
[09/09/2026-14:07:30] [TRT] [I] Loaded engine size: 52 MiB
[09/09/2026-14:07:30] [TRT] [I] [MemUsageChange] TensorRT-managed allocation in IExecutionContext creation: CPU +0, GPU +29, now: CPU 1, GPU 117 (MiB)
14:07:30  INFO     [RAMS] YOLOv8-medium ready — TensorRT yolov8m.engine (imgsz=640).
14:07:30  INFO     [RAMS] Controller ready. Policy: adaptive
14:07:31  INFO     [RAMS] Tier switch: SMALL → NANO  (R=0.589)
14:07:32  INFO       [adaptive / heavy] 20/200  tier=NANO    latency=12.1 ms  R=0.663  target=0.75  dets=14  vru=False  backend=tensorrt
14:07:32  INFO       [adaptive / heavy] 40/200  tier=NANO    latency=6.5 ms  R=0.654  target=0.75  dets=4  vru=False  backend=tensorrt
14:07:33  INFO       [adaptive / heavy] 60/200  tier=NANO    latency=6.3 ms  R=0.658  target=0.75  dets=3  vru=False  backend=tensorrt
14:07:33  INFO       [adaptive / heavy] 80/200  tier=NANO    latency=6.8 ms  R=0.698  target=0.75  dets=5  vru=False  backend=tensorrt
14:07:33  INFO       [adaptive / heavy] 100/200  tier=NANO    latency=5.8 ms  R=0.662  target=0.75  dets=1  vru=False  backend=tensorrt
14:07:34  INFO       [adaptive / heavy] 120/200  tier=NANO    latency=6.4 ms  R=0.667  target=0.75  dets=4  vru=False  backend=tensorrt
14:07:34  INFO       [adaptive / heavy] 140/200  tier=NANO    latency=6.1 ms  R=0.662  target=0.75  dets=2  vru=False  backend=tensorrt
14:07:35  INFO       [adaptive / heavy] 160/200  tier=NANO    latency=4.4 ms  R=0.662  target=0.75  dets=0  vru=False  backend=tensorrt
14:07:35  INFO       [adaptive / heavy] 180/200  tier=NANO    latency=6.5 ms  R=0.676  target=0.75  dets=2  vru=False  backend=tensorrt
14:07:35  INFO       [adaptive / heavy] 200/200  tier=NANO    latency=6.9 ms  R=0.661  target=0.75  dets=6  vru=False  backend=tensorrt
14:07:36  INFO     [RAMS] Controller stopped.
14:07:36  INFO     
--- Block 2/10  Policy: fixed_nano  Load: heavy (75%) ---
14:07:36  INFO     [RAMS] Starting resource monitor ...
14:07:36  INFO     [RAMS] Loading model tiers ...
WARNING ⚠️ Unable to automatically guess model task, assuming 'task=detect'. Explicitly define task for your model, i.e. 'task=detect', 'segment', 'classify', 'pose', 'obb' or 'semantic'.
Loading yolov8n.engine for TensorRT inference...
[09/09/2026-14:07:36] [TRT] [I] Loaded engine size: 7 MiB
[09/09/2026-14:07:36] [TRT] [I] [MemUsageChange] TensorRT-managed allocation in IExecutionContext creation: CPU +0, GPU +3, now: CPU 0, GPU 9 (MiB)
14:07:36  INFO     [RAMS] YOLOv8-nano ready — TensorRT yolov8n.engine (imgsz=320).
WARNING ⚠️ Unable to automatically guess model task, assuming 'task=detect'. Explicitly define task for your model, i.e. 'task=detect', 'segment', 'classify', 'pose', 'obb' or 'semantic'.
Loading yolov8s.engine for TensorRT inference...
[09/09/2026-14:07:36] [TRT] [I] The logger passed into createInferRuntime differs from one already provided for an existing builder, runtime, or refitter. Uses of the global logger, returned by nvinfer1::getLogger(), will return the existing value.
[09/09/2026-14:07:36] [TRT] [I] Loaded engine size: 23 MiB
[09/09/2026-14:07:36] [TRT] [I] [MemUsageChange] TensorRT-managed allocation in IExecutionContext creation: CPU +1, GPU +7, now: CPU 1, GPU 38 (MiB)
14:07:36  INFO     [RAMS] YOLOv8-small ready — TensorRT yolov8s.engine (imgsz=416).
WARNING ⚠️ Unable to automatically guess model task, assuming 'task=detect'. Explicitly define task for your model, i.e. 'task=detect', 'segment', 'classify', 'pose', 'obb' or 'semantic'.
Loading yolov8m.engine for TensorRT inference...
[09/09/2026-14:07:36] [TRT] [I] The logger passed into createInferRuntime differs from one already provided for an existing builder, runtime, or refitter. Uses of the global logger, returned by nvinfer1::getLogger(), will return the existing value.
[09/09/2026-14:07:36] [TRT] [I] Loaded engine size: 52 MiB
[09/09/2026-14:07:36] [TRT] [I] [MemUsageChange] TensorRT-managed allocation in IExecutionContext creation: CPU +0, GPU +29, now: CPU 1, GPU 117 (MiB)
14:07:36  INFO     [RAMS] YOLOv8-medium ready — TensorRT yolov8m.engine (imgsz=640).
14:07:36  INFO     [RAMS] Controller ready. Policy: fixed
14:07:37  INFO     [RAMS] Tier switch: SMALL → NANO  (R=0.645)
14:07:37  INFO       [fixed_nano / heavy] 20/200  tier=NANO    latency=9.1 ms  R=0.727  target=0.75  dets=14  vru=False  backend=tensorrt
14:07:38  INFO       [fixed_nano / heavy] 40/200  tier=NANO    latency=6.9 ms  R=0.692  target=0.75  dets=4  vru=False  backend=tensorrt
14:07:38  INFO       [fixed_nano / heavy] 60/200  tier=NANO    latency=6.7 ms  R=0.715  target=0.75  dets=3  vru=False  backend=tensorrt
14:07:38  INFO       [fixed_nano / heavy] 80/200  tier=NANO    latency=6.9 ms  R=0.709  target=0.75  dets=5  vru=False  backend=tensorrt
14:07:39  INFO       [fixed_nano / heavy] 100/200  tier=NANO    latency=7.5 ms  R=0.681  target=0.75  dets=1  vru=False  backend=tensorrt
14:07:39  INFO       [fixed_nano / heavy] 120/200  tier=NANO    latency=7.4 ms  R=0.713  target=0.75  dets=4  vru=False  backend=tensorrt
14:07:40  INFO       [fixed_nano / heavy] 140/200  tier=NANO    latency=6.7 ms  R=0.693  target=0.75  dets=2  vru=False  backend=tensorrt
14:07:40  INFO       [fixed_nano / heavy] 160/200  tier=NANO    latency=4.9 ms  R=0.703  target=0.75  dets=0  vru=False  backend=tensorrt
14:07:41  INFO       [fixed_nano / heavy] 180/200  tier=NANO    latency=6.7 ms  R=0.698  target=0.75  dets=2  vru=False  backend=tensorrt
14:07:41  INFO       [fixed_nano / heavy] 200/200  tier=NANO    latency=7.9 ms  R=0.708  target=0.75  dets=6  vru=False  backend=tensorrt
14:07:41  INFO     [RAMS] Controller stopped.
14:07:41  INFO     
--- Block 2/10  Policy: predictive  Load: heavy (75%) ---
14:07:41  INFO     [RAMS] Starting resource monitor ...
14:07:41  INFO     [RAMS] Loading model tiers ...
WARNING ⚠️ Unable to automatically guess model task, assuming 'task=detect'. Explicitly define task for your model, i.e. 'task=detect', 'segment', 'classify', 'pose', 'obb' or 'semantic'.
Loading yolov8n.engine for TensorRT inference...
[09/09/2026-14:07:41] [TRT] [I] Loaded engine size: 7 MiB
[09/09/2026-14:07:41] [TRT] [I] [MemUsageChange] TensorRT-managed allocation in IExecutionContext creation: CPU +0, GPU +3, now: CPU 0, GPU 9 (MiB)
14:07:41  INFO     [RAMS] YOLOv8-nano ready — TensorRT yolov8n.engine (imgsz=320).
WARNING ⚠️ Unable to automatically guess model task, assuming 'task=detect'. Explicitly define task for your model, i.e. 'task=detect', 'segment', 'classify', 'pose', 'obb' or 'semantic'.
Loading yolov8s.engine for TensorRT inference...
[09/09/2026-14:07:41] [TRT] [I] The logger passed into createInferRuntime differs from one already provided for an existing builder, runtime, or refitter. Uses of the global logger, returned by nvinfer1::getLogger(), will return the existing value.
[09/09/2026-14:07:41] [TRT] [I] Loaded engine size: 23 MiB
[09/09/2026-14:07:41] [TRT] [I] [MemUsageChange] TensorRT-managed allocation in IExecutionContext creation: CPU +1, GPU +7, now: CPU 1, GPU 38 (MiB)
14:07:41  INFO     [RAMS] YOLOv8-small ready — TensorRT yolov8s.engine (imgsz=416).
WARNING ⚠️ Unable to automatically guess model task, assuming 'task=detect'. Explicitly define task for your model, i.e. 'task=detect', 'segment', 'classify', 'pose', 'obb' or 'semantic'.
Loading yolov8m.engine for TensorRT inference...
[09/09/2026-14:07:41] [TRT] [I] The logger passed into createInferRuntime differs from one already provided for an existing builder, runtime, or refitter. Uses of the global logger, returned by nvinfer1::getLogger(), will return the existing value.
[09/09/2026-14:07:41] [TRT] [I] Loaded engine size: 52 MiB
[09/09/2026-14:07:41] [TRT] [I] [MemUsageChange] TensorRT-managed allocation in IExecutionContext creation: CPU +0, GPU +29, now: CPU 1, GPU 117 (MiB)
14:07:41  INFO     [RAMS] YOLOv8-medium ready — TensorRT yolov8m.engine (imgsz=640).
14:07:41  INFO     [RAMS] Controller ready. Policy: predictive
14:07:42  INFO     [RAMS] Tier switch: SMALL → NANO  (R=0.647)
14:07:43  INFO       [predictive / heavy] 20/200  tier=NANO    latency=9.2 ms  R=0.694  target=0.75  dets=14  vru=False  backend=tensorrt
14:07:43  INFO       [predictive / heavy] 40/200  tier=NANO    latency=6.5 ms  R=0.669  target=0.75  dets=4  vru=False  backend=tensorrt
14:07:44  INFO       [predictive / heavy] 60/200  tier=NANO    latency=6.3 ms  R=0.668  target=0.75  dets=3  vru=False  backend=tensorrt
14:07:44  INFO       [predictive / heavy] 80/200  tier=NANO    latency=6.7 ms  R=0.708  target=0.75  dets=5  vru=False  backend=tensorrt
14:07:44  INFO       [predictive / heavy] 100/200  tier=NANO    latency=6.3 ms  R=0.662  target=0.75  dets=1  vru=False  backend=tensorrt
14:07:45  INFO       [predictive / heavy] 120/200  tier=NANO    latency=6.4 ms  R=0.665  target=0.75  dets=4  vru=False  backend=tensorrt
14:07:45  INFO       [predictive / heavy] 140/200  tier=NANO    latency=6.2 ms  R=0.661  target=0.75  dets=2  vru=False  backend=tensorrt
14:07:46  INFO       [predictive / heavy] 160/200  tier=NANO    latency=4.4 ms  R=0.662  target=0.75  dets=0  vru=False  backend=tensorrt
14:07:46  INFO       [predictive / heavy] 180/200  tier=NANO    latency=6.8 ms  R=0.675  target=0.75  dets=2  vru=False  backend=tensorrt
14:07:46  INFO       [predictive / heavy] 200/200  tier=NANO    latency=7.0 ms  R=0.663  target=0.75  dets=6  vru=False  backend=tensorrt
14:07:47  INFO     [RAMS] Controller stopped.
14:07:47  INFO     
--- Block 3/10  Policy: threshold  Load: heavy (75%) ---
14:07:47  INFO     [RAMS] Starting resource monitor ...
14:07:47  INFO     [RAMS] Loading model tiers ...
WARNING ⚠️ Unable to automatically guess model task, assuming 'task=detect'. Explicitly define task for your model, i.e. 'task=detect', 'segment', 'classify', 'pose', 'obb' or 'semantic'.
Loading yolov8n.engine for TensorRT inference...
[09/09/2026-14:07:47] [TRT] [I] Loaded engine size: 7 MiB
[09/09/2026-14:07:47] [TRT] [I] [MemUsageChange] TensorRT-managed allocation in IExecutionContext creation: CPU +0, GPU +3, now: CPU 0, GPU 9 (MiB)
14:07:47  INFO     [RAMS] YOLOv8-nano ready — TensorRT yolov8n.engine (imgsz=320).
WARNING ⚠️ Unable to automatically guess model task, assuming 'task=detect'. Explicitly define task for your model, i.e. 'task=detect', 'segment', 'classify', 'pose', 'obb' or 'semantic'.
Loading yolov8s.engine for TensorRT inference...
[09/09/2026-14:07:47] [TRT] [I] The logger passed into createInferRuntime differs from one already provided for an existing builder, runtime, or refitter. Uses of the global logger, returned by nvinfer1::getLogger(), will return the existing value.
[09/09/2026-14:07:47] [TRT] [I] Loaded engine size: 23 MiB
[09/09/2026-14:07:47] [TRT] [I] [MemUsageChange] TensorRT-managed allocation in IExecutionContext creation: CPU +1, GPU +7, now: CPU 1, GPU 38 (MiB)
14:07:47  INFO     [RAMS] YOLOv8-small ready — TensorRT yolov8s.engine (imgsz=416).
WARNING ⚠️ Unable to automatically guess model task, assuming 'task=detect'. Explicitly define task for your model, i.e. 'task=detect', 'segment', 'classify', 'pose', 'obb' or 'semantic'.
Loading yolov8m.engine for TensorRT inference...
[09/09/2026-14:07:47] [TRT] [I] The logger passed into createInferRuntime differs from one already provided for an existing builder, runtime, or refitter. Uses of the global logger, returned by nvinfer1::getLogger(), will return the existing value.
[09/09/2026-14:07:47] [TRT] [I] Loaded engine size: 52 MiB
[09/09/2026-14:07:47] [TRT] [I] [MemUsageChange] TensorRT-managed allocation in IExecutionContext creation: CPU +0, GPU +29, now: CPU 1, GPU 117 (MiB)
14:07:47  INFO     [RAMS] YOLOv8-medium ready — TensorRT yolov8m.engine (imgsz=640).
14:07:47  INFO     [RAMS] Controller ready. Policy: threshold
14:07:48  INFO     [RAMS] Tier switch: SMALL → NANO  (R=0.592)
14:07:48  INFO       [threshold / heavy] 20/200  tier=NANO    latency=6.8 ms  R=0.650  target=0.75  dets=5  vru=False  backend=tensorrt
14:07:49  INFO       [threshold / heavy] 40/200  tier=NANO    latency=6.0 ms  R=0.662  target=0.75  dets=1  vru=False  backend=tensorrt
14:07:49  INFO       [threshold / heavy] 60/200  tier=NANO    latency=7.6 ms  R=0.698  target=0.75  dets=9  vru=False  backend=tensorrt
14:07:49  INFO       [threshold / heavy] 80/200  tier=NANO    latency=7.3 ms  R=0.645  target=0.75  dets=8  vru=False  backend=tensorrt
14:07:50  INFO       [threshold / heavy] 100/200  tier=NANO    latency=4.4 ms  R=0.652  target=0.75  dets=0  vru=False  backend=tensorrt
14:07:50  INFO       [threshold / heavy] 120/200  tier=NANO    latency=6.5 ms  R=0.651  target=0.75  dets=4  vru=False  backend=tensorrt
14:07:51  INFO       [threshold / heavy] 140/200  tier=NANO    latency=6.4 ms  R=0.661  target=0.75  dets=2  vru=True  backend=tensorrt
14:07:51  INFO       [threshold / heavy] 160/200  tier=NANO    latency=6.4 ms  R=0.657  target=0.75  dets=2  vru=False  backend=tensorrt
14:07:51  INFO       [threshold / heavy] 180/200  tier=NANO    latency=6.7 ms  R=0.664  target=0.75  dets=5  vru=False  backend=tensorrt
14:07:52  INFO       [threshold / heavy] 200/200  tier=NANO    latency=6.1 ms  R=0.659  target=0.75  dets=2  vru=False  backend=tensorrt
14:07:52  INFO     [RAMS] Controller stopped.
14:07:52  INFO     
--- Block 3/10  Policy: adaptive  Load: heavy (75%) ---
14:07:52  INFO     [RAMS] Starting resource monitor ...
14:07:52  INFO     [RAMS] Loading model tiers ...
WARNING ⚠️ Unable to automatically guess model task, assuming 'task=detect'. Explicitly define task for your model, i.e. 'task=detect', 'segment', 'classify', 'pose', 'obb' or 'semantic'.
Loading yolov8n.engine for TensorRT inference...
[09/09/2026-14:07:52] [TRT] [I] Loaded engine size: 7 MiB
[09/09/2026-14:07:52] [TRT] [I] [MemUsageChange] TensorRT-managed allocation in IExecutionContext creation: CPU +0, GPU +3, now: CPU 0, GPU 9 (MiB)
14:07:52  INFO     [RAMS] YOLOv8-nano ready — TensorRT yolov8n.engine (imgsz=320).
WARNING ⚠️ Unable to automatically guess model task, assuming 'task=detect'. Explicitly define task for your model, i.e. 'task=detect', 'segment', 'classify', 'pose', 'obb' or 'semantic'.
Loading yolov8s.engine for TensorRT inference...
[09/09/2026-14:07:52] [TRT] [I] The logger passed into createInferRuntime differs from one already provided for an existing builder, runtime, or refitter. Uses of the global logger, returned by nvinfer1::getLogger(), will return the existing value.
[09/09/2026-14:07:52] [TRT] [I] Loaded engine size: 23 MiB
[09/09/2026-14:07:52] [TRT] [I] [MemUsageChange] TensorRT-managed allocation in IExecutionContext creation: CPU +1, GPU +7, now: CPU 1, GPU 38 (MiB)
14:07:52  INFO     [RAMS] YOLOv8-small ready — TensorRT yolov8s.engine (imgsz=416).
WARNING ⚠️ Unable to automatically guess model task, assuming 'task=detect'. Explicitly define task for your model, i.e. 'task=detect', 'segment', 'classify', 'pose', 'obb' or 'semantic'.
Loading yolov8m.engine for TensorRT inference...
[09/09/2026-14:07:52] [TRT] [I] The logger passed into createInferRuntime differs from one already provided for an existing builder, runtime, or refitter. Uses of the global logger, returned by nvinfer1::getLogger(), will return the existing value.
[09/09/2026-14:07:52] [TRT] [I] Loaded engine size: 52 MiB
[09/09/2026-14:07:52] [TRT] [I] [MemUsageChange] TensorRT-managed allocation in IExecutionContext creation: CPU +0, GPU +29, now: CPU 1, GPU 117 (MiB)
14:07:52  INFO     [RAMS] YOLOv8-medium ready — TensorRT yolov8m.engine (imgsz=640).
14:07:52  INFO     [RAMS] Controller ready. Policy: adaptive
14:07:53  INFO     [RAMS] Tier switch: SMALL → NANO  (R=0.589)
14:07:54  INFO       [adaptive / heavy] 20/200  tier=NANO    latency=8.3 ms  R=0.660  target=0.75  dets=5  vru=False  backend=tensorrt
14:07:54  INFO       [adaptive / heavy] 40/200  tier=NANO    latency=6.9 ms  R=0.660  target=0.75  dets=1  vru=False  backend=tensorrt
14:07:54  INFO       [adaptive / heavy] 60/200  tier=NANO    latency=7.5 ms  R=0.661  target=0.75  dets=9  vru=False  backend=tensorrt
14:07:55  INFO       [adaptive / heavy] 80/200  tier=NANO    latency=7.4 ms  R=0.653  target=0.75  dets=8  vru=False  backend=tensorrt
14:07:55  INFO       [adaptive / heavy] 100/200  tier=NANO    latency=5.5 ms  R=0.702  target=0.75  dets=0  vru=False  backend=tensorrt
14:07:55  INFO       [adaptive / heavy] 120/200  tier=NANO    latency=6.6 ms  R=0.661  target=0.75  dets=4  vru=False  backend=tensorrt
14:07:56  INFO       [adaptive / heavy] 140/200  tier=NANO    latency=6.1 ms  R=0.660  target=0.75  dets=2  vru=True  backend=tensorrt
14:07:56  INFO       [adaptive / heavy] 160/200  tier=NANO    latency=6.2 ms  R=0.661  target=0.75  dets=2  vru=False  backend=tensorrt
14:07:57  INFO       [adaptive / heavy] 180/200  tier=NANO    latency=7.0 ms  R=0.661  target=0.75  dets=5  vru=False  backend=tensorrt
14:07:57  INFO       [adaptive / heavy] 200/200  tier=NANO    latency=12.8 ms  R=0.661  target=0.75  dets=2  vru=False  backend=tensorrt
14:07:57  INFO     [RAMS] Controller stopped.
14:07:57  INFO     
--- Block 3/10  Policy: predictive  Load: heavy (75%) ---
14:07:57  INFO     [RAMS] Starting resource monitor ...
14:07:57  INFO     [RAMS] Loading model tiers ...
WARNING ⚠️ Unable to automatically guess model task, assuming 'task=detect'. Explicitly define task for your model, i.e. 'task=detect', 'segment', 'classify', 'pose', 'obb' or 'semantic'.
Loading yolov8n.engine for TensorRT inference...
[09/09/2026-14:07:57] [TRT] [I] Loaded engine size: 7 MiB
[09/09/2026-14:07:57] [TRT] [I] [MemUsageChange] TensorRT-managed allocation in IExecutionContext creation: CPU +0, GPU +3, now: CPU 0, GPU 9 (MiB)
14:07:57  INFO     [RAMS] YOLOv8-nano ready — TensorRT yolov8n.engine (imgsz=320).
WARNING ⚠️ Unable to automatically guess model task, assuming 'task=detect'. Explicitly define task for your model, i.e. 'task=detect', 'segment', 'classify', 'pose', 'obb' or 'semantic'.
Loading yolov8s.engine for TensorRT inference...
[09/09/2026-14:07:57] [TRT] [I] The logger passed into createInferRuntime differs from one already provided for an existing builder, runtime, or refitter. Uses of the global logger, returned by nvinfer1::getLogger(), will return the existing value.
[09/09/2026-14:07:57] [TRT] [I] Loaded engine size: 23 MiB
[09/09/2026-14:07:57] [TRT] [I] [MemUsageChange] TensorRT-managed allocation in IExecutionContext creation: CPU +1, GPU +7, now: CPU 1, GPU 38 (MiB)
14:07:57  INFO     [RAMS] YOLOv8-small ready — TensorRT yolov8s.engine (imgsz=416).
WARNING ⚠️ Unable to automatically guess model task, assuming 'task=detect'. Explicitly define task for your model, i.e. 'task=detect', 'segment', 'classify', 'pose', 'obb' or 'semantic'.
Loading yolov8m.engine for TensorRT inference...
[09/09/2026-14:07:57] [TRT] [I] The logger passed into createInferRuntime differs from one already provided for an existing builder, runtime, or refitter. Uses of the global logger, returned by nvinfer1::getLogger(), will return the existing value.
[09/09/2026-14:07:57] [TRT] [I] Loaded engine size: 52 MiB
[09/09/2026-14:07:57] [TRT] [I] [MemUsageChange] TensorRT-managed allocation in IExecutionContext creation: CPU +0, GPU +29, now: CPU 1, GPU 117 (MiB)
14:07:57  INFO     [RAMS] YOLOv8-medium ready — TensorRT yolov8m.engine (imgsz=640).
14:07:57  INFO     [RAMS] Controller ready. Policy: predictive
14:07:58  INFO     [RAMS] Tier switch: SMALL → NANO  (R=0.646)
14:07:59  INFO       [predictive / heavy] 20/200  tier=NANO    latency=19.8 ms  R=0.703  target=0.75  dets=5  vru=False  backend=tensorrt
14:07:59  INFO       [predictive / heavy] 40/200  tier=NANO    latency=11.8 ms  R=0.691  target=0.75  dets=1  vru=False  backend=tensorrt
14:08:00  INFO       [predictive / heavy] 60/200  tier=NANO    latency=8.3 ms  R=0.703  target=0.75  dets=9  vru=False  backend=tensorrt
14:08:00  INFO       [predictive / heavy] 80/200  tier=NANO    latency=8.2 ms  R=0.701  target=0.75  dets=8  vru=False  backend=tensorrt
14:08:01  INFO       [predictive / heavy] 100/200  tier=NANO    latency=5.0 ms  R=0.732  target=0.75  dets=0  vru=False  backend=tensorrt
14:08:01  INFO       [predictive / heavy] 120/200  tier=NANO    latency=7.1 ms  R=0.710  target=0.75  dets=4  vru=False  backend=tensorrt
14:08:02  INFO       [predictive / heavy] 140/200  tier=NANO    latency=6.7 ms  R=0.697  target=0.75  dets=2  vru=True  backend=tensorrt
14:08:02  INFO       [predictive / heavy] 160/200  tier=NANO    latency=6.9 ms  R=0.708  target=0.75  dets=2  vru=False  backend=tensorrt
14:08:02  INFO       [predictive / heavy] 180/200  tier=NANO    latency=7.0 ms  R=0.698  target=0.75  dets=5  vru=False  backend=tensorrt
14:08:03  INFO       [predictive / heavy] 200/200  tier=NANO    latency=7.7 ms  R=0.686  target=0.75  dets=2  vru=False  backend=tensorrt
14:08:03  INFO     [RAMS] Controller stopped.
14:08:03  INFO     
--- Block 3/10  Policy: fixed_medium  Load: heavy (75%) ---
14:08:03  INFO     [RAMS] Starting resource monitor ...
14:08:03  INFO     [RAMS] Loading model tiers ...
WARNING ⚠️ Unable to automatically guess model task, assuming 'task=detect'. Explicitly define task for your model, i.e. 'task=detect', 'segment', 'classify', 'pose', 'obb' or 'semantic'.
Loading yolov8n.engine for TensorRT inference...
[09/09/2026-14:08:03] [TRT] [I] Loaded engine size: 7 MiB
[09/09/2026-14:08:03] [TRT] [I] [MemUsageChange] TensorRT-managed allocation in IExecutionContext creation: CPU +0, GPU +3, now: CPU 0, GPU 9 (MiB)
14:08:03  INFO     [RAMS] YOLOv8-nano ready — TensorRT yolov8n.engine (imgsz=320).
WARNING ⚠️ Unable to automatically guess model task, assuming 'task=detect'. Explicitly define task for your model, i.e. 'task=detect', 'segment', 'classify', 'pose', 'obb' or 'semantic'.
Loading yolov8s.engine for TensorRT inference...
[09/09/2026-14:08:03] [TRT] [I] The logger passed into createInferRuntime differs from one already provided for an existing builder, runtime, or refitter. Uses of the global logger, returned by nvinfer1::getLogger(), will return the existing value.
[09/09/2026-14:08:03] [TRT] [I] Loaded engine size: 23 MiB
[09/09/2026-14:08:03] [TRT] [I] [MemUsageChange] TensorRT-managed allocation in IExecutionContext creation: CPU +1, GPU +7, now: CPU 1, GPU 38 (MiB)
14:08:03  INFO     [RAMS] YOLOv8-small ready — TensorRT yolov8s.engine (imgsz=416).
WARNING ⚠️ Unable to automatically guess model task, assuming 'task=detect'. Explicitly define task for your model, i.e. 'task=detect', 'segment', 'classify', 'pose', 'obb' or 'semantic'.
Loading yolov8m.engine for TensorRT inference...
[09/09/2026-14:08:03] [TRT] [I] The logger passed into createInferRuntime differs from one already provided for an existing builder, runtime, or refitter. Uses of the global logger, returned by nvinfer1::getLogger(), will return the existing value.
[09/09/2026-14:08:03] [TRT] [I] Loaded engine size: 52 MiB
[09/09/2026-14:08:03] [TRT] [I] [MemUsageChange] TensorRT-managed allocation in IExecutionContext creation: CPU +0, GPU +29, now: CPU 1, GPU 117 (MiB)
14:08:03  INFO     [RAMS] YOLOv8-medium ready — TensorRT yolov8m.engine (imgsz=640).
14:08:03  INFO     [RAMS] Controller ready. Policy: fixed
14:08:04  INFO     [RAMS] Tier switch: SMALL → MEDIUM  (R=0.652)
14:08:05  INFO       [fixed_medium / heavy] 20/200  tier=MEDIUM  latency=14.8 ms  R=0.698  target=0.75  dets=8  vru=False  backend=tensorrt
14:08:06  INFO       [fixed_medium / heavy] 40/200  tier=MEDIUM  latency=15.3 ms  R=0.721  target=0.75  dets=10  vru=True  backend=tensorrt
14:08:06  INFO       [fixed_medium / heavy] 60/200  tier=MEDIUM  latency=17.0 ms  R=0.724  target=0.75  dets=14  vru=False  backend=tensorrt
14:08:07  INFO       [fixed_medium / heavy] 80/200  tier=MEDIUM  latency=16.9 ms  R=0.699  target=0.75  dets=18  vru=True  backend=tensorrt
14:08:07  INFO       [fixed_medium / heavy] 100/200  tier=MEDIUM  latency=13.5 ms  R=0.716  target=0.75  dets=2  vru=False  backend=tensorrt
14:08:08  INFO       [fixed_medium / heavy] 120/200  tier=MEDIUM  latency=19.0 ms  R=0.694  target=0.75  dets=13  vru=False  backend=tensorrt
14:08:08  INFO       [fixed_medium / heavy] 140/200  tier=MEDIUM  latency=14.3 ms  R=0.646  target=0.75  dets=6  vru=True  backend=tensorrt
14:08:09  INFO       [fixed_medium / heavy] 160/200  tier=MEDIUM  latency=14.0 ms  R=0.726  target=0.75  dets=4  vru=False  backend=tensorrt
14:08:10  INFO       [fixed_medium / heavy] 180/200  tier=MEDIUM  latency=15.1 ms  R=0.652  target=0.75  dets=10  vru=False  backend=tensorrt
14:08:10  INFO       [fixed_medium / heavy] 200/200  tier=MEDIUM  latency=14.5 ms  R=0.716  target=0.75  dets=6  vru=True  backend=tensorrt
14:08:10  INFO     [RAMS] Controller stopped.
14:08:10  INFO     
--- Block 3/10  Policy: safety2  Load: heavy (75%) ---
14:08:10  INFO     [RAMS] Starting resource monitor ...
14:08:10  INFO     [RAMS] Loading model tiers ...
WARNING ⚠️ Unable to automatically guess model task, assuming 'task=detect'. Explicitly define task for your model, i.e. 'task=detect', 'segment', 'classify', 'pose', 'obb' or 'semantic'.
Loading yolov8n.engine for TensorRT inference...
[09/09/2026-14:08:10] [TRT] [I] Loaded engine size: 7 MiB
[09/09/2026-14:08:10] [TRT] [I] [MemUsageChange] TensorRT-managed allocation in IExecutionContext creation: CPU +0, GPU +3, now: CPU 0, GPU 9 (MiB)
14:08:10  INFO     [RAMS] YOLOv8-nano ready — TensorRT yolov8n.engine (imgsz=320).
WARNING ⚠️ Unable to automatically guess model task, assuming 'task=detect'. Explicitly define task for your model, i.e. 'task=detect', 'segment', 'classify', 'pose', 'obb' or 'semantic'.
Loading yolov8s.engine for TensorRT inference...
[09/09/2026-14:08:10] [TRT] [I] The logger passed into createInferRuntime differs from one already provided for an existing builder, runtime, or refitter. Uses of the global logger, returned by nvinfer1::getLogger(), will return the existing value.
[09/09/2026-14:08:10] [TRT] [I] Loaded engine size: 23 MiB
[09/09/2026-14:08:10] [TRT] [I] [MemUsageChange] TensorRT-managed allocation in IExecutionContext creation: CPU +1, GPU +7, now: CPU 1, GPU 38 (MiB)
14:08:10  INFO     [RAMS] YOLOv8-small ready — TensorRT yolov8s.engine (imgsz=416).
WARNING ⚠️ Unable to automatically guess model task, assuming 'task=detect'. Explicitly define task for your model, i.e. 'task=detect', 'segment', 'classify', 'pose', 'obb' or 'semantic'.
Loading yolov8m.engine for TensorRT inference...
[09/09/2026-14:08:10] [TRT] [I] The logger passed into createInferRuntime differs from one already provided for an existing builder, runtime, or refitter. Uses of the global logger, returned by nvinfer1::getLogger(), will return the existing value.
[09/09/2026-14:08:11] [TRT] [I] Loaded engine size: 52 MiB
[09/09/2026-14:08:11] [TRT] [I] [MemUsageChange] TensorRT-managed allocation in IExecutionContext creation: CPU +0, GPU +29, now: CPU 1, GPU 117 (MiB)
14:08:11  INFO     [RAMS] YOLOv8-medium ready — TensorRT yolov8m.engine (imgsz=640).
14:08:11  INFO     [RAMS] Controller ready. Policy: safety2
14:08:12  INFO     [RAMS] Tier switch: SMALL → NANO  (R=0.588)
14:08:12  INFO     [RAMS] Tier switch: NANO → MEDIUM  (R=0.588)
14:08:12  INFO       [safety2 / heavy] 20/200  tier=MEDIUM  latency=17.2 ms  R=0.639  target=0.75  dets=8  vru=False  backend=tensorrt
14:08:13  INFO       [safety2 / heavy] 40/200  tier=MEDIUM  latency=15.1 ms  R=0.718  target=0.75  dets=10  vru=True  backend=tensorrt
14:08:13  INFO       [safety2 / heavy] 60/200  tier=MEDIUM  latency=15.8 ms  R=0.642  target=0.75  dets=14  vru=False  backend=tensorrt
14:08:14  INFO       [safety2 / heavy] 80/200  tier=MEDIUM  latency=16.7 ms  R=0.697  target=0.75  dets=18  vru=True  backend=tensorrt
14:08:14  INFO       [safety2 / heavy] 100/200  tier=MEDIUM  latency=13.6 ms  R=0.698  target=0.75  dets=2  vru=False  backend=tensorrt
14:08:15  INFO     [RAMS] Tier switch: MEDIUM → NANO  (R=0.719)
14:08:15  INFO     [RAMS] Tier switch: NANO → MEDIUM  (R=0.722)
14:08:15  INFO       [safety2 / heavy] 120/200  tier=MEDIUM  latency=21.8 ms  R=0.659  target=0.75  dets=13  vru=False  backend=tensorrt
14:08:15  INFO       [safety2 / heavy] 140/200  tier=MEDIUM  latency=17.8 ms  R=0.722  target=0.75  dets=6  vru=True  backend=tensorrt
14:08:16  INFO     [RAMS] Tier switch: MEDIUM → SMALL  (R=0.671)
14:08:16  INFO       [safety2 / heavy] 160/200  tier=SMALL   latency=7.8 ms  R=0.718  target=0.75  dets=2  vru=False  backend=tensorrt
14:08:16  INFO     [RAMS] Tier switch: SMALL → MEDIUM  (R=0.669)
14:08:16  INFO       [safety2 / heavy] 180/200  tier=MEDIUM  latency=15.3 ms  R=0.711  target=0.75  dets=10  vru=False  backend=tensorrt
14:08:17  INFO       [safety2 / heavy] 200/200  tier=MEDIUM  latency=17.8 ms  R=0.688  target=0.75  dets=6  vru=True  backend=tensorrt
14:08:17  INFO     [RAMS] Controller stopped.
14:08:17  INFO     
--- Block 3/10  Policy: fixed_small  Load: heavy (75%) ---
14:08:17  INFO     [RAMS] Starting resource monitor ...
14:08:17  INFO     [RAMS] Loading model tiers ...
WARNING ⚠️ Unable to automatically guess model task, assuming 'task=detect'. Explicitly define task for your model, i.e. 'task=detect', 'segment', 'classify', 'pose', 'obb' or 'semantic'.
Loading yolov8n.engine for TensorRT inference...
[09/09/2026-14:08:17] [TRT] [I] Loaded engine size: 7 MiB
[09/09/2026-14:08:17] [TRT] [I] [MemUsageChange] TensorRT-managed allocation in IExecutionContext creation: CPU +0, GPU +3, now: CPU 0, GPU 9 (MiB)
14:08:17  INFO     [RAMS] YOLOv8-nano ready — TensorRT yolov8n.engine (imgsz=320).
WARNING ⚠️ Unable to automatically guess model task, assuming 'task=detect'. Explicitly define task for your model, i.e. 'task=detect', 'segment', 'classify', 'pose', 'obb' or 'semantic'.
Loading yolov8s.engine for TensorRT inference...
[09/09/2026-14:08:17] [TRT] [I] The logger passed into createInferRuntime differs from one already provided for an existing builder, runtime, or refitter. Uses of the global logger, returned by nvinfer1::getLogger(), will return the existing value.
[09/09/2026-14:08:17] [TRT] [I] Loaded engine size: 23 MiB
[09/09/2026-14:08:17] [TRT] [I] [MemUsageChange] TensorRT-managed allocation in IExecutionContext creation: CPU +1, GPU +7, now: CPU 1, GPU 38 (MiB)
14:08:17  INFO     [RAMS] YOLOv8-small ready — TensorRT yolov8s.engine (imgsz=416).
WARNING ⚠️ Unable to automatically guess model task, assuming 'task=detect'. Explicitly define task for your model, i.e. 'task=detect', 'segment', 'classify', 'pose', 'obb' or 'semantic'.
Loading yolov8m.engine for TensorRT inference...
[09/09/2026-14:08:17] [TRT] [I] The logger passed into createInferRuntime differs from one already provided for an existing builder, runtime, or refitter. Uses of the global logger, returned by nvinfer1::getLogger(), will return the existing value.
[09/09/2026-14:08:17] [TRT] [I] Loaded engine size: 52 MiB
[09/09/2026-14:08:17] [TRT] [I] [MemUsageChange] TensorRT-managed allocation in IExecutionContext creation: CPU +0, GPU +29, now: CPU 1, GPU 117 (MiB)
14:08:17  INFO     [RAMS] YOLOv8-medium ready — TensorRT yolov8m.engine (imgsz=640).
14:08:17  INFO     [RAMS] Controller ready. Policy: fixed
14:08:19  INFO       [fixed_small / heavy] 20/200  tier=SMALL   latency=10.5 ms  R=0.666  target=0.75  dets=7  vru=False  backend=tensorrt
14:08:19  INFO       [fixed_small / heavy] 40/200  tier=SMALL   latency=9.8 ms  R=0.666  target=0.75  dets=9  vru=False  backend=tensorrt
14:08:20  INFO       [fixed_small / heavy] 60/200  tier=SMALL   latency=9.8 ms  R=0.668  target=0.75  dets=14  vru=False  backend=tensorrt
14:08:20  INFO       [fixed_small / heavy] 80/200  tier=SMALL   latency=10.7 ms  R=0.706  target=0.75  dets=15  vru=True  backend=tensorrt
14:08:21  INFO       [fixed_small / heavy] 100/200  tier=SMALL   latency=7.8 ms  R=0.697  target=0.75  dets=2  vru=False  backend=tensorrt
14:08:21  INFO       [fixed_small / heavy] 120/200  tier=SMALL   latency=8.4 ms  R=0.679  target=0.75  dets=5  vru=False  backend=tensorrt
14:08:22  INFO       [fixed_small / heavy] 140/200  tier=SMALL   latency=8.0 ms  R=0.694  target=0.75  dets=3  vru=True  backend=tensorrt
14:08:22  INFO       [fixed_small / heavy] 160/200  tier=SMALL   latency=8.4 ms  R=0.712  target=0.75  dets=2  vru=False  backend=tensorrt
14:08:22  INFO       [fixed_small / heavy] 180/200  tier=SMALL   latency=8.6 ms  R=0.696  target=0.75  dets=6  vru=False  backend=tensorrt
14:08:23  INFO       [fixed_small / heavy] 200/200  tier=SMALL   latency=8.5 ms  R=0.713  target=0.75  dets=5  vru=False  backend=tensorrt
14:08:23  INFO     [RAMS] Controller stopped.
14:08:23  INFO     
--- Block 3/10  Policy: safety  Load: heavy (75%) ---
14:08:23  INFO     [RAMS] Starting resource monitor ...
14:08:23  INFO     [RAMS] Loading model tiers ...
WARNING ⚠️ Unable to automatically guess model task, assuming 'task=detect'. Explicitly define task for your model, i.e. 'task=detect', 'segment', 'classify', 'pose', 'obb' or 'semantic'.
Loading yolov8n.engine for TensorRT inference...
[09/09/2026-14:08:23] [TRT] [I] Loaded engine size: 7 MiB
[09/09/2026-14:08:23] [TRT] [I] [MemUsageChange] TensorRT-managed allocation in IExecutionContext creation: CPU +0, GPU +3, now: CPU 0, GPU 9 (MiB)
14:08:23  INFO     [RAMS] YOLOv8-nano ready — TensorRT yolov8n.engine (imgsz=320).
WARNING ⚠️ Unable to automatically guess model task, assuming 'task=detect'. Explicitly define task for your model, i.e. 'task=detect', 'segment', 'classify', 'pose', 'obb' or 'semantic'.
Loading yolov8s.engine for TensorRT inference...
[09/09/2026-14:08:23] [TRT] [I] The logger passed into createInferRuntime differs from one already provided for an existing builder, runtime, or refitter. Uses of the global logger, returned by nvinfer1::getLogger(), will return the existing value.
[09/09/2026-14:08:23] [TRT] [I] Loaded engine size: 23 MiB
[09/09/2026-14:08:23] [TRT] [I] [MemUsageChange] TensorRT-managed allocation in IExecutionContext creation: CPU +1, GPU +7, now: CPU 1, GPU 38 (MiB)
14:08:23  INFO     [RAMS] YOLOv8-small ready — TensorRT yolov8s.engine (imgsz=416).
WARNING ⚠️ Unable to automatically guess model task, assuming 'task=detect'. Explicitly define task for your model, i.e. 'task=detect', 'segment', 'classify', 'pose', 'obb' or 'semantic'.
Loading yolov8m.engine for TensorRT inference...
[09/09/2026-14:08:23] [TRT] [I] The logger passed into createInferRuntime differs from one already provided for an existing builder, runtime, or refitter. Uses of the global logger, returned by nvinfer1::getLogger(), will return the existing value.
[09/09/2026-14:08:23] [TRT] [I] Loaded engine size: 52 MiB
[09/09/2026-14:08:23] [TRT] [I] [MemUsageChange] TensorRT-managed allocation in IExecutionContext creation: CPU +0, GPU +29, now: CPU 1, GPU 117 (MiB)
14:08:23  INFO     [RAMS] YOLOv8-medium ready — TensorRT yolov8m.engine (imgsz=640).
14:08:23  INFO     [RAMS] Controller ready. Policy: safety
14:08:24  INFO     [RAMS] Tier switch: SMALL → NANO  (R=0.654)
14:08:24  INFO     [RAMS] Tier switch: NANO → SMALL  (R=0.654)
14:08:25  INFO       [safety / heavy] 20/200  tier=SMALL   latency=11.0 ms  R=0.713  target=0.75  dets=7  vru=False  backend=tensorrt
14:08:26  INFO       [safety / heavy] 40/200  tier=SMALL   latency=13.1 ms  R=0.707  target=0.75  dets=9  vru=False  backend=tensorrt
14:08:26  INFO       [safety / heavy] 60/200  tier=SMALL   latency=12.4 ms  R=0.743  target=0.75  dets=14  vru=False  backend=tensorrt
14:08:26  INFO       [safety / heavy] 80/200  tier=SMALL   latency=10.1 ms  R=0.655  target=0.75  dets=15  vru=True  backend=tensorrt
14:08:27  INFO       [safety / heavy] 100/200  tier=SMALL   latency=7.6 ms  R=0.669  target=0.75  dets=2  vru=False  backend=tensorrt
14:08:27  INFO       [safety / heavy] 120/200  tier=SMALL   latency=8.2 ms  R=0.676  target=0.75  dets=5  vru=False  backend=tensorrt
14:08:28  INFO       [safety / heavy] 140/200  tier=SMALL   latency=7.7 ms  R=0.674  target=0.75  dets=3  vru=True  backend=tensorrt
14:08:28  INFO       [safety / heavy] 160/200  tier=SMALL   latency=7.8 ms  R=0.654  target=0.75  dets=2  vru=False  backend=tensorrt
14:08:29  INFO       [safety / heavy] 180/200  tier=SMALL   latency=8.4 ms  R=0.671  target=0.75  dets=6  vru=False  backend=tensorrt
14:08:29  INFO       [safety / heavy] 200/200  tier=SMALL   latency=11.1 ms  R=0.666  target=0.75  dets=5  vru=False  backend=tensorrt
14:08:29  INFO     [RAMS] Controller stopped.
14:08:29  INFO     
--- Block 3/10  Policy: fixed_nano  Load: heavy (75%) ---
14:08:29  INFO     [RAMS] Starting resource monitor ...
14:08:29  INFO     [RAMS] Loading model tiers ...
WARNING ⚠️ Unable to automatically guess model task, assuming 'task=detect'. Explicitly define task for your model, i.e. 'task=detect', 'segment', 'classify', 'pose', 'obb' or 'semantic'.
Loading yolov8n.engine for TensorRT inference...
[09/09/2026-14:08:29] [TRT] [I] Loaded engine size: 7 MiB
[09/09/2026-14:08:29] [TRT] [I] [MemUsageChange] TensorRT-managed allocation in IExecutionContext creation: CPU +0, GPU +3, now: CPU 0, GPU 9 (MiB)
14:08:29  INFO     [RAMS] YOLOv8-nano ready — TensorRT yolov8n.engine (imgsz=320).
WARNING ⚠️ Unable to automatically guess model task, assuming 'task=detect'. Explicitly define task for your model, i.e. 'task=detect', 'segment', 'classify', 'pose', 'obb' or 'semantic'.
Loading yolov8s.engine for TensorRT inference...
[09/09/2026-14:08:29] [TRT] [I] The logger passed into createInferRuntime differs from one already provided for an existing builder, runtime, or refitter. Uses of the global logger, returned by nvinfer1::getLogger(), will return the existing value.
[09/09/2026-14:08:29] [TRT] [I] Loaded engine size: 23 MiB
[09/09/2026-14:08:29] [TRT] [I] [MemUsageChange] TensorRT-managed allocation in IExecutionContext creation: CPU +1, GPU +7, now: CPU 1, GPU 38 (MiB)
14:08:29  INFO     [RAMS] YOLOv8-small ready — TensorRT yolov8s.engine (imgsz=416).
WARNING ⚠️ Unable to automatically guess model task, assuming 'task=detect'. Explicitly define task for your model, i.e. 'task=detect', 'segment', 'classify', 'pose', 'obb' or 'semantic'.
Loading yolov8m.engine for TensorRT inference...
[09/09/2026-14:08:29] [TRT] [I] The logger passed into createInferRuntime differs from one already provided for an existing builder, runtime, or refitter. Uses of the global logger, returned by nvinfer1::getLogger(), will return the existing value.
[09/09/2026-14:08:29] [TRT] [I] Loaded engine size: 52 MiB
[09/09/2026-14:08:29] [TRT] [I] [MemUsageChange] TensorRT-managed allocation in IExecutionContext creation: CPU +0, GPU +29, now: CPU 1, GPU 117 (MiB)
14:08:29  INFO     [RAMS] YOLOv8-medium ready — TensorRT yolov8m.engine (imgsz=640).
14:08:29  INFO     [RAMS] Controller ready. Policy: fixed
14:08:30  INFO     [RAMS] Tier switch: SMALL → NANO  (R=0.588)
14:08:31  INFO       [fixed_nano / heavy] 20/200  tier=NANO    latency=6.7 ms  R=0.662  target=0.75  dets=5  vru=False  backend=tensorrt
14:08:31  INFO       [fixed_nano / heavy] 40/200  tier=NANO    latency=5.9 ms  R=0.663  target=0.75  dets=1  vru=False  backend=tensorrt
14:08:32  INFO       [fixed_nano / heavy] 60/200  tier=NANO    latency=7.5 ms  R=0.653  target=0.75  dets=9  vru=False  backend=tensorrt
14:08:32  INFO       [fixed_nano / heavy] 80/200  tier=NANO    latency=7.9 ms  R=0.667  target=0.75  dets=8  vru=False  backend=tensorrt
14:08:32  INFO       [fixed_nano / heavy] 100/200  tier=NANO    latency=4.4 ms  R=0.663  target=0.75  dets=0  vru=False  backend=tensorrt
14:08:33  INFO       [fixed_nano / heavy] 120/200  tier=NANO    latency=6.5 ms  R=0.662  target=0.75  dets=4  vru=False  backend=tensorrt
14:08:33  INFO       [fixed_nano / heavy] 140/200  tier=NANO    latency=6.4 ms  R=0.702  target=0.75  dets=2  vru=True  backend=tensorrt
14:08:33  INFO       [fixed_nano / heavy] 160/200  tier=NANO    latency=6.0 ms  R=0.663  target=0.75  dets=2  vru=False  backend=tensorrt
14:08:34  INFO       [fixed_nano / heavy] 180/200  tier=NANO    latency=6.7 ms  R=0.661  target=0.75  dets=5  vru=False  backend=tensorrt
14:08:34  INFO       [fixed_nano / heavy] 200/200  tier=NANO    latency=6.2 ms  R=0.654  target=0.75  dets=2  vru=False  backend=tensorrt
14:08:34  INFO     [RAMS] Controller stopped.
14:08:34  INFO     
--- Block 4/10  Policy: adaptive  Load: heavy (75%) ---
14:08:34  INFO     [RAMS] Starting resource monitor ...
14:08:34  INFO     [RAMS] Loading model tiers ...
WARNING ⚠️ Unable to automatically guess model task, assuming 'task=detect'. Explicitly define task for your model, i.e. 'task=detect', 'segment', 'classify', 'pose', 'obb' or 'semantic'.
Loading yolov8n.engine for TensorRT inference...
[09/09/2026-14:08:34] [TRT] [I] Loaded engine size: 7 MiB
[09/09/2026-14:08:34] [TRT] [I] [MemUsageChange] TensorRT-managed allocation in IExecutionContext creation: CPU +0, GPU +3, now: CPU 0, GPU 9 (MiB)
14:08:34  INFO     [RAMS] YOLOv8-nano ready — TensorRT yolov8n.engine (imgsz=320).
WARNING ⚠️ Unable to automatically guess model task, assuming 'task=detect'. Explicitly define task for your model, i.e. 'task=detect', 'segment', 'classify', 'pose', 'obb' or 'semantic'.
Loading yolov8s.engine for TensorRT inference...
[09/09/2026-14:08:34] [TRT] [I] The logger passed into createInferRuntime differs from one already provided for an existing builder, runtime, or refitter. Uses of the global logger, returned by nvinfer1::getLogger(), will return the existing value.
[09/09/2026-14:08:34] [TRT] [I] Loaded engine size: 23 MiB
[09/09/2026-14:08:34] [TRT] [I] [MemUsageChange] TensorRT-managed allocation in IExecutionContext creation: CPU +1, GPU +7, now: CPU 1, GPU 38 (MiB)
14:08:35  INFO     [RAMS] YOLOv8-small ready — TensorRT yolov8s.engine (imgsz=416).
WARNING ⚠️ Unable to automatically guess model task, assuming 'task=detect'. Explicitly define task for your model, i.e. 'task=detect', 'segment', 'classify', 'pose', 'obb' or 'semantic'.
Loading yolov8m.engine for TensorRT inference...
[09/09/2026-14:08:35] [TRT] [I] The logger passed into createInferRuntime differs from one already provided for an existing builder, runtime, or refitter. Uses of the global logger, returned by nvinfer1::getLogger(), will return the existing value.
[09/09/2026-14:08:35] [TRT] [I] Loaded engine size: 52 MiB
[09/09/2026-14:08:35] [TRT] [I] [MemUsageChange] TensorRT-managed allocation in IExecutionContext creation: CPU +0, GPU +29, now: CPU 1, GPU 117 (MiB)
14:08:35  INFO     [RAMS] YOLOv8-medium ready — TensorRT yolov8m.engine (imgsz=640).
14:08:35  INFO     [RAMS] Controller ready. Policy: adaptive
14:08:36  INFO     [RAMS] Tier switch: SMALL → NANO  (R=0.588)
14:08:36  INFO       [adaptive / heavy] 20/200  tier=NANO    latency=4.6 ms  R=0.689  target=0.75  dets=0  vru=False  backend=tensorrt
14:08:36  INFO       [adaptive / heavy] 40/200  tier=NANO    latency=5.8 ms  R=0.660  target=0.75  dets=1  vru=False  backend=tensorrt
14:08:37  INFO       [adaptive / heavy] 60/200  tier=NANO    latency=6.1 ms  R=0.659  target=0.75  dets=2  vru=False  backend=tensorrt
14:08:37  INFO       [adaptive / heavy] 80/200  tier=NANO    latency=5.8 ms  R=0.656  target=0.75  dets=1  vru=False  backend=tensorrt
14:08:38  INFO       [adaptive / heavy] 100/200  tier=NANO    latency=7.6 ms  R=0.669  target=0.75  dets=9  vru=False  backend=tensorrt
14:08:38  INFO       [adaptive / heavy] 120/200  tier=NANO    latency=7.3 ms  R=0.692  target=0.75  dets=6  vru=False  backend=tensorrt
14:08:38  INFO       [adaptive / heavy] 140/200  tier=NANO    latency=10.2 ms  R=0.662  target=0.75  dets=6  vru=False  backend=tensorrt
14:08:39  INFO       [adaptive / heavy] 160/200  tier=NANO    latency=5.9 ms  R=0.654  target=0.75  dets=1  vru=False  backend=tensorrt
14:08:39  INFO       [adaptive / heavy] 180/200  tier=NANO    latency=6.2 ms  R=0.679  target=0.75  dets=2  vru=True  backend=tensorrt
14:08:39  INFO       [adaptive / heavy] 200/200  tier=NANO    latency=5.9 ms  R=0.662  target=0.75  dets=1  vru=True  backend=tensorrt
14:08:40  INFO     [RAMS] Controller stopped.
14:08:40  INFO     
--- Block 4/10  Policy: predictive  Load: heavy (75%) ---
14:08:40  INFO     [RAMS] Starting resource monitor ...
14:08:40  INFO     [RAMS] Loading model tiers ...
WARNING ⚠️ Unable to automatically guess model task, assuming 'task=detect'. Explicitly define task for your model, i.e. 'task=detect', 'segment', 'classify', 'pose', 'obb' or 'semantic'.
Loading yolov8n.engine for TensorRT inference...
[09/09/2026-14:08:40] [TRT] [I] Loaded engine size: 7 MiB
[09/09/2026-14:08:40] [TRT] [I] [MemUsageChange] TensorRT-managed allocation in IExecutionContext creation: CPU +0, GPU +3, now: CPU 0, GPU 9 (MiB)
14:08:40  INFO     [RAMS] YOLOv8-nano ready — TensorRT yolov8n.engine (imgsz=320).
WARNING ⚠️ Unable to automatically guess model task, assuming 'task=detect'. Explicitly define task for your model, i.e. 'task=detect', 'segment', 'classify', 'pose', 'obb' or 'semantic'.
Loading yolov8s.engine for TensorRT inference...
[09/09/2026-14:08:40] [TRT] [I] The logger passed into createInferRuntime differs from one already provided for an existing builder, runtime, or refitter. Uses of the global logger, returned by nvinfer1::getLogger(), will return the existing value.
[09/09/2026-14:08:40] [TRT] [I] Loaded engine size: 23 MiB
[09/09/2026-14:08:40] [TRT] [I] [MemUsageChange] TensorRT-managed allocation in IExecutionContext creation: CPU +1, GPU +7, now: CPU 1, GPU 38 (MiB)
14:08:40  INFO     [RAMS] YOLOv8-small ready — TensorRT yolov8s.engine (imgsz=416).
WARNING ⚠️ Unable to automatically guess model task, assuming 'task=detect'. Explicitly define task for your model, i.e. 'task=detect', 'segment', 'classify', 'pose', 'obb' or 'semantic'.
Loading yolov8m.engine for TensorRT inference...
[09/09/2026-14:08:40] [TRT] [I] The logger passed into createInferRuntime differs from one already provided for an existing builder, runtime, or refitter. Uses of the global logger, returned by nvinfer1::getLogger(), will return the existing value.
[09/09/2026-14:08:40] [TRT] [I] Loaded engine size: 52 MiB
[09/09/2026-14:08:40] [TRT] [I] [MemUsageChange] TensorRT-managed allocation in IExecutionContext creation: CPU +0, GPU +29, now: CPU 1, GPU 117 (MiB)
14:08:40  INFO     [RAMS] YOLOv8-medium ready — TensorRT yolov8m.engine (imgsz=640).
14:08:40  INFO     [RAMS] Controller ready. Policy: predictive
14:08:41  INFO     [RAMS] Tier switch: SMALL → NANO  (R=0.648)
14:08:41  INFO       [predictive / heavy] 20/200  tier=NANO    latency=4.7 ms  R=0.670  target=0.75  dets=0  vru=False  backend=tensorrt
14:08:42  INFO       [predictive / heavy] 40/200  tier=NANO    latency=8.2 ms  R=0.707  target=0.75  dets=1  vru=False  backend=tensorrt
14:08:42  INFO       [predictive / heavy] 60/200  tier=NANO    latency=6.5 ms  R=0.707  target=0.75  dets=2  vru=False  backend=tensorrt
14:08:43  INFO       [predictive / heavy] 80/200  tier=NANO    latency=14.9 ms  R=0.698  target=0.75  dets=1  vru=False  backend=tensorrt
14:08:43  INFO       [predictive / heavy] 100/200  tier=NANO    latency=8.3 ms  R=0.701  target=0.75  dets=9  vru=False  backend=tensorrt
14:08:43  INFO       [predictive / heavy] 120/200  tier=NANO    latency=7.5 ms  R=0.682  target=0.75  dets=6  vru=False  backend=tensorrt
14:08:44  INFO       [predictive / heavy] 140/200  tier=NANO    latency=7.5 ms  R=0.708  target=0.75  dets=6  vru=False  backend=tensorrt
14:08:44  INFO       [predictive / heavy] 160/200  tier=NANO    latency=18.5 ms  R=0.697  target=0.75  dets=1  vru=False  backend=tensorrt
14:08:45  INFO       [predictive / heavy] 180/200  tier=NANO    latency=6.4 ms  R=0.703  target=0.75  dets=2  vru=True  backend=tensorrt
14:08:45  INFO       [predictive / heavy] 200/200  tier=NANO    latency=6.4 ms  R=0.692  target=0.75  dets=1  vru=True  backend=tensorrt
14:08:45  INFO     [RAMS] Controller stopped.
14:08:46  INFO     
--- Block 4/10  Policy: fixed_nano  Load: heavy (75%) ---
14:08:46  INFO     [RAMS] Starting resource monitor ...
14:08:46  INFO     [RAMS] Loading model tiers ...
WARNING ⚠️ Unable to automatically guess model task, assuming 'task=detect'. Explicitly define task for your model, i.e. 'task=detect', 'segment', 'classify', 'pose', 'obb' or 'semantic'.
Loading yolov8n.engine for TensorRT inference...
[09/09/2026-14:08:46] [TRT] [I] Loaded engine size: 7 MiB
[09/09/2026-14:08:46] [TRT] [I] [MemUsageChange] TensorRT-managed allocation in IExecutionContext creation: CPU +0, GPU +3, now: CPU 0, GPU 9 (MiB)
14:08:46  INFO     [RAMS] YOLOv8-nano ready — TensorRT yolov8n.engine (imgsz=320).
WARNING ⚠️ Unable to automatically guess model task, assuming 'task=detect'. Explicitly define task for your model, i.e. 'task=detect', 'segment', 'classify', 'pose', 'obb' or 'semantic'.
Loading yolov8s.engine for TensorRT inference...
[09/09/2026-14:08:46] [TRT] [I] The logger passed into createInferRuntime differs from one already provided for an existing builder, runtime, or refitter. Uses of the global logger, returned by nvinfer1::getLogger(), will return the existing value.
[09/09/2026-14:08:46] [TRT] [I] Loaded engine size: 23 MiB
[09/09/2026-14:08:46] [TRT] [I] [MemUsageChange] TensorRT-managed allocation in IExecutionContext creation: CPU +1, GPU +7, now: CPU 1, GPU 38 (MiB)
14:08:46  INFO     [RAMS] YOLOv8-small ready — TensorRT yolov8s.engine (imgsz=416).
WARNING ⚠️ Unable to automatically guess model task, assuming 'task=detect'. Explicitly define task for your model, i.e. 'task=detect', 'segment', 'classify', 'pose', 'obb' or 'semantic'.
Loading yolov8m.engine for TensorRT inference...
[09/09/2026-14:08:46] [TRT] [I] The logger passed into createInferRuntime differs from one already provided for an existing builder, runtime, or refitter. Uses of the global logger, returned by nvinfer1::getLogger(), will return the existing value.
[09/09/2026-14:08:46] [TRT] [I] Loaded engine size: 52 MiB
[09/09/2026-14:08:46] [TRT] [I] [MemUsageChange] TensorRT-managed allocation in IExecutionContext creation: CPU +0, GPU +29, now: CPU 1, GPU 117 (MiB)
14:08:46  INFO     [RAMS] YOLOv8-medium ready — TensorRT yolov8m.engine (imgsz=640).
14:08:46  INFO     [RAMS] Controller ready. Policy: fixed
14:08:47  INFO     [RAMS] Tier switch: SMALL → NANO  (R=0.659)
14:08:47  INFO       [fixed_nano / heavy] 20/200  tier=NANO    latency=5.6 ms  R=0.704  target=0.75  dets=0  vru=False  backend=tensorrt
14:08:48  INFO       [fixed_nano / heavy] 40/200  tier=NANO    latency=13.4 ms  R=0.678  target=0.75  dets=1  vru=False  backend=tensorrt
14:08:48  INFO       [fixed_nano / heavy] 60/200  tier=NANO    latency=6.1 ms  R=0.656  target=0.75  dets=2  vru=False  backend=tensorrt
14:08:49  INFO       [fixed_nano / heavy] 80/200  tier=NANO    latency=5.8 ms  R=0.662  target=0.75  dets=1  vru=False  backend=tensorrt
14:08:49  INFO       [fixed_nano / heavy] 100/200  tier=NANO    latency=8.1 ms  R=0.693  target=0.75  dets=9  vru=False  backend=tensorrt
14:08:49  INFO       [fixed_nano / heavy] 120/200  tier=NANO    latency=7.1 ms  R=0.668  target=0.75  dets=6  vru=False  backend=tensorrt
14:08:50  INFO       [fixed_nano / heavy] 140/200  tier=NANO    latency=6.9 ms  R=0.663  target=0.75  dets=6  vru=False  backend=tensorrt
14:08:50  INFO       [fixed_nano / heavy] 160/200  tier=NANO    latency=6.0 ms  R=0.677  target=0.75  dets=1  vru=False  backend=tensorrt
14:08:50  INFO       [fixed_nano / heavy] 180/200  tier=NANO    latency=6.1 ms  R=0.654  target=0.75  dets=2  vru=True  backend=tensorrt
14:08:51  INFO       [fixed_nano / heavy] 200/200  tier=NANO    latency=5.9 ms  R=0.661  target=0.75  dets=1  vru=True  backend=tensorrt
14:08:51  INFO     [RAMS] Controller stopped.
14:08:51  INFO     
--- Block 4/10  Policy: fixed_medium  Load: heavy (75%) ---
14:08:51  INFO     [RAMS] Starting resource monitor ...
14:08:51  INFO     [RAMS] Loading model tiers ...
WARNING ⚠️ Unable to automatically guess model task, assuming 'task=detect'. Explicitly define task for your model, i.e. 'task=detect', 'segment', 'classify', 'pose', 'obb' or 'semantic'.
Loading yolov8n.engine for TensorRT inference...
[09/09/2026-14:08:51] [TRT] [I] Loaded engine size: 7 MiB
[09/09/2026-14:08:51] [TRT] [I] [MemUsageChange] TensorRT-managed allocation in IExecutionContext creation: CPU +0, GPU +3, now: CPU 0, GPU 9 (MiB)
14:08:51  INFO     [RAMS] YOLOv8-nano ready — TensorRT yolov8n.engine (imgsz=320).
WARNING ⚠️ Unable to automatically guess model task, assuming 'task=detect'. Explicitly define task for your model, i.e. 'task=detect', 'segment', 'classify', 'pose', 'obb' or 'semantic'.
Loading yolov8s.engine for TensorRT inference...
[09/09/2026-14:08:51] [TRT] [I] The logger passed into createInferRuntime differs from one already provided for an existing builder, runtime, or refitter. Uses of the global logger, returned by nvinfer1::getLogger(), will return the existing value.
[09/09/2026-14:08:51] [TRT] [I] Loaded engine size: 23 MiB
[09/09/2026-14:08:51] [TRT] [I] [MemUsageChange] TensorRT-managed allocation in IExecutionContext creation: CPU +1, GPU +7, now: CPU 1, GPU 38 (MiB)
14:08:51  INFO     [RAMS] YOLOv8-small ready — TensorRT yolov8s.engine (imgsz=416).
WARNING ⚠️ Unable to automatically guess model task, assuming 'task=detect'. Explicitly define task for your model, i.e. 'task=detect', 'segment', 'classify', 'pose', 'obb' or 'semantic'.
Loading yolov8m.engine for TensorRT inference...
[09/09/2026-14:08:51] [TRT] [I] The logger passed into createInferRuntime differs from one already provided for an existing builder, runtime, or refitter. Uses of the global logger, returned by nvinfer1::getLogger(), will return the existing value.
[09/09/2026-14:08:51] [TRT] [I] Loaded engine size: 52 MiB
[09/09/2026-14:08:51] [TRT] [I] [MemUsageChange] TensorRT-managed allocation in IExecutionContext creation: CPU +0, GPU +29, now: CPU 1, GPU 117 (MiB)
14:08:51  INFO     [RAMS] YOLOv8-medium ready — TensorRT yolov8m.engine (imgsz=640).
14:08:51  INFO     [RAMS] Controller ready. Policy: fixed
14:08:52  INFO     [RAMS] Tier switch: SMALL → MEDIUM  (R=0.591)
14:08:53  INFO       [fixed_medium / heavy] 20/200  tier=MEDIUM  latency=13.6 ms  R=0.717  target=0.75  dets=2  vru=False  backend=tensorrt
14:08:53  INFO       [fixed_medium / heavy] 40/200  tier=MEDIUM  latency=14.0 ms  R=0.682  target=0.75  dets=4  vru=False  backend=tensorrt
14:08:54  INFO       [fixed_medium / heavy] 60/200  tier=MEDIUM  latency=14.8 ms  R=0.723  target=0.75  dets=6  vru=False  backend=tensorrt
14:08:55  INFO       [fixed_medium / heavy] 80/200  tier=MEDIUM  latency=14.1 ms  R=0.708  target=0.75  dets=4  vru=False  backend=tensorrt
14:08:55  INFO       [fixed_medium / heavy] 100/200  tier=MEDIUM  latency=16.8 ms  R=0.735  target=0.75  dets=17  vru=True  backend=tensorrt
14:08:56  INFO       [fixed_medium / heavy] 120/200  tier=MEDIUM  latency=18.7 ms  R=0.723  target=0.75  dets=8  vru=False  backend=tensorrt
14:08:56  INFO       [fixed_medium / heavy] 140/200  tier=MEDIUM  latency=15.3 ms  R=0.689  target=0.75  dets=10  vru=False  backend=tensorrt
14:08:57  INFO       [fixed_medium / heavy] 160/200  tier=MEDIUM  latency=17.3 ms  R=0.663  target=0.75  dets=3  vru=False  backend=tensorrt
14:08:57  INFO       [fixed_medium / heavy] 180/200  tier=MEDIUM  latency=16.5 ms  R=0.658  target=0.75  dets=16  vru=True  backend=tensorrt
14:08:58  INFO       [fixed_medium / heavy] 200/200  tier=MEDIUM  latency=15.2 ms  R=0.727  target=0.75  dets=9  vru=True  backend=tensorrt
14:08:58  INFO     [RAMS] Controller stopped.
14:08:58  INFO     
--- Block 4/10  Policy: fixed_small  Load: heavy (75%) ---
14:08:58  INFO     [RAMS] Starting resource monitor ...
14:08:58  INFO     [RAMS] Loading model tiers ...
WARNING ⚠️ Unable to automatically guess model task, assuming 'task=detect'. Explicitly define task for your model, i.e. 'task=detect', 'segment', 'classify', 'pose', 'obb' or 'semantic'.
Loading yolov8n.engine for TensorRT inference...
[09/09/2026-14:08:58] [TRT] [I] Loaded engine size: 7 MiB
[09/09/2026-14:08:58] [TRT] [I] [MemUsageChange] TensorRT-managed allocation in IExecutionContext creation: CPU +0, GPU +3, now: CPU 0, GPU 9 (MiB)
14:08:58  INFO     [RAMS] YOLOv8-nano ready — TensorRT yolov8n.engine (imgsz=320).
WARNING ⚠️ Unable to automatically guess model task, assuming 'task=detect'. Explicitly define task for your model, i.e. 'task=detect', 'segment', 'classify', 'pose', 'obb' or 'semantic'.
Loading yolov8s.engine for TensorRT inference...
[09/09/2026-14:08:58] [TRT] [I] The logger passed into createInferRuntime differs from one already provided for an existing builder, runtime, or refitter. Uses of the global logger, returned by nvinfer1::getLogger(), will return the existing value.
[09/09/2026-14:08:58] [TRT] [I] Loaded engine size: 23 MiB
[09/09/2026-14:08:58] [TRT] [I] [MemUsageChange] TensorRT-managed allocation in IExecutionContext creation: CPU +1, GPU +7, now: CPU 1, GPU 38 (MiB)
14:08:58  INFO     [RAMS] YOLOv8-small ready — TensorRT yolov8s.engine (imgsz=416).
WARNING ⚠️ Unable to automatically guess model task, assuming 'task=detect'. Explicitly define task for your model, i.e. 'task=detect', 'segment', 'classify', 'pose', 'obb' or 'semantic'.
Loading yolov8m.engine for TensorRT inference...
[09/09/2026-14:08:58] [TRT] [I] The logger passed into createInferRuntime differs from one already provided for an existing builder, runtime, or refitter. Uses of the global logger, returned by nvinfer1::getLogger(), will return the existing value.
[09/09/2026-14:08:58] [TRT] [I] Loaded engine size: 52 MiB
[09/09/2026-14:08:58] [TRT] [I] [MemUsageChange] TensorRT-managed allocation in IExecutionContext creation: CPU +0, GPU +29, now: CPU 1, GPU 117 (MiB)
14:08:58  INFO     [RAMS] YOLOv8-medium ready — TensorRT yolov8m.engine (imgsz=640).
14:08:58  INFO     [RAMS] Controller ready. Policy: fixed
14:09:00  INFO       [fixed_small / heavy] 20/200  tier=SMALL   latency=7.3 ms  R=0.671  target=0.75  dets=1  vru=False  backend=tensorrt
14:09:00  INFO       [fixed_small / heavy] 40/200  tier=SMALL   latency=7.5 ms  R=0.661  target=0.75  dets=2  vru=False  backend=tensorrt
14:09:01  INFO       [fixed_small / heavy] 60/200  tier=SMALL   latency=7.6 ms  R=0.667  target=0.75  dets=3  vru=False  backend=tensorrt
14:09:01  INFO       [fixed_small / heavy] 80/200  tier=SMALL   latency=7.5 ms  R=0.719  target=0.75  dets=1  vru=False  backend=tensorrt
14:09:02  INFO       [fixed_small / heavy] 100/200  tier=SMALL   latency=9.7 ms  R=0.674  target=0.75  dets=12  vru=False  backend=tensorrt
14:09:02  INFO       [fixed_small / heavy] 120/200  tier=SMALL   latency=9.0 ms  R=0.666  target=0.75  dets=6  vru=False  backend=tensorrt
14:09:02  INFO       [fixed_small / heavy] 140/200  tier=SMALL   latency=9.1 ms  R=0.649  target=0.75  dets=10  vru=False  backend=tensorrt
14:09:03  INFO       [fixed_small / heavy] 160/200  tier=SMALL   latency=7.5 ms  R=0.671  target=0.75  dets=2  vru=False  backend=tensorrt
14:09:03  INFO       [fixed_small / heavy] 180/200  tier=SMALL   latency=8.1 ms  R=0.695  target=0.75  dets=1  vru=True  backend=tensorrt
14:09:04  INFO       [fixed_small / heavy] 200/200  tier=SMALL   latency=7.8 ms  R=0.722  target=0.75  dets=1  vru=True  backend=tensorrt
14:09:04  INFO     [RAMS] Controller stopped.
14:09:04  INFO     
--- Block 4/10  Policy: safety2  Load: heavy (75%) ---
14:09:04  INFO     [RAMS] Starting resource monitor ...
14:09:04  INFO     [RAMS] Loading model tiers ...
WARNING ⚠️ Unable to automatically guess model task, assuming 'task=detect'. Explicitly define task for your model, i.e. 'task=detect', 'segment', 'classify', 'pose', 'obb' or 'semantic'.
Loading yolov8n.engine for TensorRT inference...
[09/09/2026-14:09:04] [TRT] [I] Loaded engine size: 7 MiB
[09/09/2026-14:09:04] [TRT] [I] [MemUsageChange] TensorRT-managed allocation in IExecutionContext creation: CPU +0, GPU +3, now: CPU 0, GPU 9 (MiB)
14:09:04  INFO     [RAMS] YOLOv8-nano ready — TensorRT yolov8n.engine (imgsz=320).
WARNING ⚠️ Unable to automatically guess model task, assuming 'task=detect'. Explicitly define task for your model, i.e. 'task=detect', 'segment', 'classify', 'pose', 'obb' or 'semantic'.
Loading yolov8s.engine for TensorRT inference...
[09/09/2026-14:09:04] [TRT] [I] The logger passed into createInferRuntime differs from one already provided for an existing builder, runtime, or refitter. Uses of the global logger, returned by nvinfer1::getLogger(), will return the existing value.
[09/09/2026-14:09:04] [TRT] [I] Loaded engine size: 23 MiB
[09/09/2026-14:09:04] [TRT] [I] [MemUsageChange] TensorRT-managed allocation in IExecutionContext creation: CPU +1, GPU +7, now: CPU 1, GPU 38 (MiB)
14:09:04  INFO     [RAMS] YOLOv8-small ready — TensorRT yolov8s.engine (imgsz=416).
WARNING ⚠️ Unable to automatically guess model task, assuming 'task=detect'. Explicitly define task for your model, i.e. 'task=detect', 'segment', 'classify', 'pose', 'obb' or 'semantic'.
Loading yolov8m.engine for TensorRT inference...
[09/09/2026-14:09:04] [TRT] [I] The logger passed into createInferRuntime differs from one already provided for an existing builder, runtime, or refitter. Uses of the global logger, returned by nvinfer1::getLogger(), will return the existing value.
[09/09/2026-14:09:04] [TRT] [I] Loaded engine size: 52 MiB
[09/09/2026-14:09:04] [TRT] [I] [MemUsageChange] TensorRT-managed allocation in IExecutionContext creation: CPU +0, GPU +29, now: CPU 1, GPU 117 (MiB)
14:09:04  INFO     [RAMS] YOLOv8-medium ready — TensorRT yolov8m.engine (imgsz=640).
14:09:04  INFO     [RAMS] Controller ready. Policy: safety2
14:09:05  INFO     [RAMS] Tier switch: SMALL → MEDIUM  (R=0.708)
14:09:06  INFO       [safety2 / heavy] 20/200  tier=MEDIUM  latency=19.9 ms  R=0.681  target=0.75  dets=2  vru=False  backend=tensorrt
14:09:07  INFO       [safety2 / heavy] 40/200  tier=MEDIUM  latency=20.4 ms  R=0.748  target=0.75  dets=4  vru=False  backend=tensorrt
14:09:07  INFO     [RAMS] Tier switch: MEDIUM → NANO  (R=0.673)
14:09:07  INFO     [RAMS] Tier switch: NANO → MEDIUM  (R=0.673)
14:09:07  INFO       [safety2 / heavy] 60/200  tier=MEDIUM  latency=14.8 ms  R=0.688  target=0.75  dets=6  vru=False  backend=tensorrt
14:09:08  INFO       [safety2 / heavy] 80/200  tier=MEDIUM  latency=14.1 ms  R=0.715  target=0.75  dets=4  vru=False  backend=tensorrt
14:09:08  INFO     [RAMS] Tier switch: MEDIUM → NANO  (R=0.782)
14:09:08  INFO     [RAMS] Tier switch: NANO → SMALL  (R=0.782)
14:09:08  INFO     [RAMS] Tier switch: SMALL → MEDIUM  (R=0.703)
14:09:08  INFO       [safety2 / heavy] 100/200  tier=MEDIUM  latency=16.8 ms  R=0.703  target=0.75  dets=17  vru=True  backend=tensorrt
14:09:09  INFO     [RAMS] Tier switch: MEDIUM → SMALL  (R=0.799)
14:09:09  INFO       [safety2 / heavy] 120/200  tier=SMALL   latency=9.0 ms  R=0.799  target=0.75  dets=6  vru=False  backend=tensorrt
14:09:09  INFO     [RAMS] Tier switch: SMALL → MEDIUM  (R=0.694)
14:09:10  INFO       [safety2 / heavy] 140/200  tier=MEDIUM  latency=15.2 ms  R=0.670  target=0.75  dets=10  vru=False  backend=tensorrt
14:09:10  INFO       [safety2 / heavy] 160/200  tier=MEDIUM  latency=14.1 ms  R=0.722  target=0.75  dets=3  vru=False  backend=tensorrt
14:09:10  INFO     [RAMS] Tier switch: MEDIUM → NANO  (R=0.722)
14:09:10  INFO     [RAMS] Tier switch: NANO → SMALL  (R=0.659)
14:09:11  INFO     [RAMS] Tier switch: SMALL → MEDIUM  (R=0.666)
14:09:11  INFO       [safety2 / heavy] 180/200  tier=MEDIUM  latency=22.5 ms  R=0.666  target=0.75  dets=16  vru=True  backend=tensorrt
14:09:11  INFO       [safety2 / heavy] 200/200  tier=MEDIUM  latency=15.1 ms  R=0.709  target=0.75  dets=9  vru=True  backend=tensorrt
14:09:11  INFO     [RAMS] Controller stopped.
14:09:11  INFO     
--- Block 4/10  Policy: safety  Load: heavy (75%) ---
14:09:11  INFO     [RAMS] Starting resource monitor ...
14:09:11  INFO     [RAMS] Loading model tiers ...
WARNING ⚠️ Unable to automatically guess model task, assuming 'task=detect'. Explicitly define task for your model, i.e. 'task=detect', 'segment', 'classify', 'pose', 'obb' or 'semantic'.
Loading yolov8n.engine for TensorRT inference...
[09/09/2026-14:09:11] [TRT] [I] Loaded engine size: 7 MiB
[09/09/2026-14:09:11] [TRT] [I] [MemUsageChange] TensorRT-managed allocation in IExecutionContext creation: CPU +0, GPU +3, now: CPU 0, GPU 9 (MiB)
14:09:11  INFO     [RAMS] YOLOv8-nano ready — TensorRT yolov8n.engine (imgsz=320).
WARNING ⚠️ Unable to automatically guess model task, assuming 'task=detect'. Explicitly define task for your model, i.e. 'task=detect', 'segment', 'classify', 'pose', 'obb' or 'semantic'.
Loading yolov8s.engine for TensorRT inference...
[09/09/2026-14:09:11] [TRT] [I] The logger passed into createInferRuntime differs from one already provided for an existing builder, runtime, or refitter. Uses of the global logger, returned by nvinfer1::getLogger(), will return the existing value.
[09/09/2026-14:09:12] [TRT] [I] Loaded engine size: 23 MiB
[09/09/2026-14:09:12] [TRT] [I] [MemUsageChange] TensorRT-managed allocation in IExecutionContext creation: CPU +1, GPU +7, now: CPU 1, GPU 38 (MiB)
14:09:12  INFO     [RAMS] YOLOv8-small ready — TensorRT yolov8s.engine (imgsz=416).
WARNING ⚠️ Unable to automatically guess model task, assuming 'task=detect'. Explicitly define task for your model, i.e. 'task=detect', 'segment', 'classify', 'pose', 'obb' or 'semantic'.
Loading yolov8m.engine for TensorRT inference...
[09/09/2026-14:09:12] [TRT] [I] The logger passed into createInferRuntime differs from one already provided for an existing builder, runtime, or refitter. Uses of the global logger, returned by nvinfer1::getLogger(), will return the existing value.
[09/09/2026-14:09:12] [TRT] [I] Loaded engine size: 52 MiB
[09/09/2026-14:09:12] [TRT] [I] [MemUsageChange] TensorRT-managed allocation in IExecutionContext creation: CPU +0, GPU +29, now: CPU 1, GPU 117 (MiB)
14:09:12  INFO     [RAMS] YOLOv8-medium ready — TensorRT yolov8m.engine (imgsz=640).
14:09:12  INFO     [RAMS] Controller ready. Policy: safety
14:09:13  INFO       [safety / heavy] 20/200  tier=SMALL   latency=7.3 ms  R=0.696  target=0.75  dets=1  vru=False  backend=tensorrt
14:09:14  INFO       [safety / heavy] 40/200  tier=SMALL   latency=7.5 ms  R=0.671  target=0.75  dets=2  vru=False  backend=tensorrt
14:09:14  INFO       [safety / heavy] 60/200  tier=SMALL   latency=8.5 ms  R=0.673  target=0.75  dets=3  vru=False  backend=tensorrt
14:09:14  INFO       [safety / heavy] 80/200  tier=SMALL   latency=7.5 ms  R=0.669  target=0.75  dets=1  vru=False  backend=tensorrt
14:09:15  INFO       [safety / heavy] 100/200  tier=SMALL   latency=9.5 ms  R=0.650  target=0.75  dets=12  vru=False  backend=tensorrt
14:09:15  INFO       [safety / heavy] 120/200  tier=SMALL   latency=8.5 ms  R=0.673  target=0.75  dets=6  vru=False  backend=tensorrt
14:09:16  INFO       [safety / heavy] 140/200  tier=SMALL   latency=9.2 ms  R=0.669  target=0.75  dets=10  vru=False  backend=tensorrt
14:09:16  INFO       [safety / heavy] 160/200  tier=SMALL   latency=7.8 ms  R=0.652  target=0.75  dets=2  vru=False  backend=tensorrt
14:09:16  INFO       [safety / heavy] 180/200  tier=SMALL   latency=10.4 ms  R=0.647  target=0.75  dets=1  vru=True  backend=tensorrt
14:09:17  INFO       [safety / heavy] 200/200  tier=SMALL   latency=7.2 ms  R=0.665  target=0.75  dets=1  vru=True  backend=tensorrt
14:09:17  INFO     [RAMS] Controller stopped.
14:09:17  INFO     
--- Block 4/10  Policy: threshold  Load: heavy (75%) ---
14:09:17  INFO     [RAMS] Starting resource monitor ...
14:09:17  INFO     [RAMS] Loading model tiers ...
WARNING ⚠️ Unable to automatically guess model task, assuming 'task=detect'. Explicitly define task for your model, i.e. 'task=detect', 'segment', 'classify', 'pose', 'obb' or 'semantic'.
Loading yolov8n.engine for TensorRT inference...
[09/09/2026-14:09:17] [TRT] [I] Loaded engine size: 7 MiB
[09/09/2026-14:09:17] [TRT] [I] [MemUsageChange] TensorRT-managed allocation in IExecutionContext creation: CPU +0, GPU +3, now: CPU 0, GPU 9 (MiB)
14:09:17  INFO     [RAMS] YOLOv8-nano ready — TensorRT yolov8n.engine (imgsz=320).
WARNING ⚠️ Unable to automatically guess model task, assuming 'task=detect'. Explicitly define task for your model, i.e. 'task=detect', 'segment', 'classify', 'pose', 'obb' or 'semantic'.
Loading yolov8s.engine for TensorRT inference...
[09/09/2026-14:09:17] [TRT] [I] The logger passed into createInferRuntime differs from one already provided for an existing builder, runtime, or refitter. Uses of the global logger, returned by nvinfer1::getLogger(), will return the existing value.
[09/09/2026-14:09:17] [TRT] [I] Loaded engine size: 23 MiB
[09/09/2026-14:09:17] [TRT] [I] [MemUsageChange] TensorRT-managed allocation in IExecutionContext creation: CPU +1, GPU +7, now: CPU 1, GPU 38 (MiB)
14:09:17  INFO     [RAMS] YOLOv8-small ready — TensorRT yolov8s.engine (imgsz=416).
WARNING ⚠️ Unable to automatically guess model task, assuming 'task=detect'. Explicitly define task for your model, i.e. 'task=detect', 'segment', 'classify', 'pose', 'obb' or 'semantic'.
Loading yolov8m.engine for TensorRT inference...
[09/09/2026-14:09:17] [TRT] [I] The logger passed into createInferRuntime differs from one already provided for an existing builder, runtime, or refitter. Uses of the global logger, returned by nvinfer1::getLogger(), will return the existing value.
[09/09/2026-14:09:17] [TRT] [I] Loaded engine size: 52 MiB
[09/09/2026-14:09:17] [TRT] [I] [MemUsageChange] TensorRT-managed allocation in IExecutionContext creation: CPU +0, GPU +29, now: CPU 1, GPU 117 (MiB)
14:09:17  INFO     [RAMS] YOLOv8-medium ready — TensorRT yolov8m.engine (imgsz=640).
14:09:17  INFO     [RAMS] Controller ready. Policy: threshold
14:09:18  INFO     [RAMS] Tier switch: SMALL → NANO  (R=0.593)
14:09:19  INFO       [threshold / heavy] 20/200  tier=NANO    latency=4.4 ms  R=0.661  target=0.75  dets=0  vru=False  backend=tensorrt
14:09:19  INFO       [threshold / heavy] 40/200  tier=NANO    latency=6.4 ms  R=0.691  target=0.75  dets=1  vru=False  backend=tensorrt
14:09:19  INFO       [threshold / heavy] 60/200  tier=NANO    latency=6.1 ms  R=0.662  target=0.75  dets=2  vru=False  backend=tensorrt
14:09:20  INFO       [threshold / heavy] 80/200  tier=NANO    latency=5.9 ms  R=0.663  target=0.75  dets=1  vru=False  backend=tensorrt
14:09:20  INFO       [threshold / heavy] 100/200  tier=NANO    latency=7.4 ms  R=0.662  target=0.75  dets=9  vru=False  backend=tensorrt
14:09:21  INFO       [threshold / heavy] 120/200  tier=NANO    latency=6.9 ms  R=0.662  target=0.75  dets=6  vru=False  backend=tensorrt
14:09:21  INFO       [threshold / heavy] 140/200  tier=NANO    latency=8.7 ms  R=0.656  target=0.75  dets=6  vru=False  backend=tensorrt
14:09:21  INFO       [threshold / heavy] 160/200  tier=NANO    latency=6.0 ms  R=0.661  target=0.75  dets=1  vru=False  backend=tensorrt
14:09:22  INFO       [threshold / heavy] 180/200  tier=NANO    latency=6.1 ms  R=0.662  target=0.75  dets=2  vru=True  backend=tensorrt
14:09:22  INFO       [threshold / heavy] 200/200  tier=NANO    latency=6.0 ms  R=0.686  target=0.75  dets=1  vru=True  backend=tensorrt
14:09:22  INFO     [RAMS] Controller stopped.
14:09:22  INFO     
--- Block 5/10  Policy: safety  Load: heavy (75%) ---
14:09:22  INFO     [RAMS] Starting resource monitor ...
14:09:22  INFO     [RAMS] Loading model tiers ...
WARNING ⚠️ Unable to automatically guess model task, assuming 'task=detect'. Explicitly define task for your model, i.e. 'task=detect', 'segment', 'classify', 'pose', 'obb' or 'semantic'.
Loading yolov8n.engine for TensorRT inference...
[09/09/2026-14:09:22] [TRT] [I] Loaded engine size: 7 MiB
[09/09/2026-14:09:22] [TRT] [I] [MemUsageChange] TensorRT-managed allocation in IExecutionContext creation: CPU +0, GPU +3, now: CPU 0, GPU 9 (MiB)
14:09:22  INFO     [RAMS] YOLOv8-nano ready — TensorRT yolov8n.engine (imgsz=320).
WARNING ⚠️ Unable to automatically guess model task, assuming 'task=detect'. Explicitly define task for your model, i.e. 'task=detect', 'segment', 'classify', 'pose', 'obb' or 'semantic'.
Loading yolov8s.engine for TensorRT inference...
[09/09/2026-14:09:22] [TRT] [I] The logger passed into createInferRuntime differs from one already provided for an existing builder, runtime, or refitter. Uses of the global logger, returned by nvinfer1::getLogger(), will return the existing value.
[09/09/2026-14:09:22] [TRT] [I] Loaded engine size: 23 MiB
[09/09/2026-14:09:22] [TRT] [I] [MemUsageChange] TensorRT-managed allocation in IExecutionContext creation: CPU +1, GPU +7, now: CPU 1, GPU 38 (MiB)
14:09:22  INFO     [RAMS] YOLOv8-small ready — TensorRT yolov8s.engine (imgsz=416).
WARNING ⚠️ Unable to automatically guess model task, assuming 'task=detect'. Explicitly define task for your model, i.e. 'task=detect', 'segment', 'classify', 'pose', 'obb' or 'semantic'.
Loading yolov8m.engine for TensorRT inference...
[09/09/2026-14:09:22] [TRT] [I] The logger passed into createInferRuntime differs from one already provided for an existing builder, runtime, or refitter. Uses of the global logger, returned by nvinfer1::getLogger(), will return the existing value.
[09/09/2026-14:09:23] [TRT] [I] Loaded engine size: 52 MiB
[09/09/2026-14:09:23] [TRT] [I] [MemUsageChange] TensorRT-managed allocation in IExecutionContext creation: CPU +0, GPU +29, now: CPU 1, GPU 117 (MiB)
14:09:23  INFO     [RAMS] YOLOv8-medium ready — TensorRT yolov8m.engine (imgsz=640).
14:09:23  INFO     [RAMS] Controller ready. Policy: safety
14:09:24  INFO     [RAMS] Tier switch: SMALL → NANO  (R=0.592)
14:09:24  INFO     [RAMS] Tier switch: NANO → SMALL  (R=0.648)
14:09:24  INFO       [safety / heavy] 20/200  tier=SMALL   latency=12.1 ms  R=0.667  target=0.75  dets=11  vru=True  backend=tensorrt
14:09:24  INFO       [safety / heavy] 40/200  tier=SMALL   latency=10.2 ms  R=0.669  target=0.75  dets=15  vru=False  backend=tensorrt
14:09:25  INFO       [safety / heavy] 60/200  tier=SMALL   latency=7.7 ms  R=0.698  target=0.75  dets=2  vru=False  backend=tensorrt
14:09:25  INFO       [safety / heavy] 80/200  tier=SMALL   latency=9.4 ms  R=0.727  target=0.75  dets=10  vru=False  backend=tensorrt
14:09:26  INFO       [safety / heavy] 100/200  tier=SMALL   latency=12.8 ms  R=0.704  target=0.75  dets=10  vru=False  backend=tensorrt
14:09:26  INFO       [safety / heavy] 120/200  tier=SMALL   latency=8.8 ms  R=0.728  target=0.75  dets=4  vru=False  backend=tensorrt
14:09:27  INFO       [safety / heavy] 140/200  tier=SMALL   latency=9.2 ms  R=0.732  target=0.75  dets=8  vru=True  backend=tensorrt
14:09:27  INFO       [safety / heavy] 160/200  tier=SMALL   latency=8.4 ms  R=0.755  target=0.75  dets=1  vru=False  backend=tensorrt
14:09:27  INFO       [safety / heavy] 180/200  tier=SMALL   latency=11.5 ms  R=0.721  target=0.75  dets=2  vru=False  backend=tensorrt
14:09:28  INFO       [safety / heavy] 200/200  tier=SMALL   latency=16.5 ms  R=0.710  target=0.75  dets=1  vru=False  backend=tensorrt
14:09:28  INFO     [RAMS] Controller stopped.
14:09:28  INFO     
--- Block 5/10  Policy: fixed_nano  Load: heavy (75%) ---
14:09:28  INFO     [RAMS] Starting resource monitor ...
14:09:28  INFO     [RAMS] Loading model tiers ...
WARNING ⚠️ Unable to automatically guess model task, assuming 'task=detect'. Explicitly define task for your model, i.e. 'task=detect', 'segment', 'classify', 'pose', 'obb' or 'semantic'.
Loading yolov8n.engine for TensorRT inference...
[09/09/2026-14:09:28] [TRT] [I] Loaded engine size: 7 MiB
[09/09/2026-14:09:28] [TRT] [I] [MemUsageChange] TensorRT-managed allocation in IExecutionContext creation: CPU +0, GPU +3, now: CPU 0, GPU 9 (MiB)
14:09:28  INFO     [RAMS] YOLOv8-nano ready — TensorRT yolov8n.engine (imgsz=320).
WARNING ⚠️ Unable to automatically guess model task, assuming 'task=detect'. Explicitly define task for your model, i.e. 'task=detect', 'segment', 'classify', 'pose', 'obb' or 'semantic'.
Loading yolov8s.engine for TensorRT inference...
[09/09/2026-14:09:28] [TRT] [I] The logger passed into createInferRuntime differs from one already provided for an existing builder, runtime, or refitter. Uses of the global logger, returned by nvinfer1::getLogger(), will return the existing value.
[09/09/2026-14:09:28] [TRT] [I] Loaded engine size: 23 MiB
[09/09/2026-14:09:28] [TRT] [I] [MemUsageChange] TensorRT-managed allocation in IExecutionContext creation: CPU +1, GPU +7, now: CPU 1, GPU 38 (MiB)
14:09:28  INFO     [RAMS] YOLOv8-small ready — TensorRT yolov8s.engine (imgsz=416).
WARNING ⚠️ Unable to automatically guess model task, assuming 'task=detect'. Explicitly define task for your model, i.e. 'task=detect', 'segment', 'classify', 'pose', 'obb' or 'semantic'.
Loading yolov8m.engine for TensorRT inference...
[09/09/2026-14:09:28] [TRT] [I] The logger passed into createInferRuntime differs from one already provided for an existing builder, runtime, or refitter. Uses of the global logger, returned by nvinfer1::getLogger(), will return the existing value.
[09/09/2026-14:09:28] [TRT] [I] Loaded engine size: 52 MiB
[09/09/2026-14:09:28] [TRT] [I] [MemUsageChange] TensorRT-managed allocation in IExecutionContext creation: CPU +0, GPU +29, now: CPU 1, GPU 117 (MiB)
14:09:29  INFO     [RAMS] YOLOv8-medium ready — TensorRT yolov8m.engine (imgsz=640).
14:09:29  INFO     [RAMS] Controller ready. Policy: fixed
14:09:30  INFO     [RAMS] Tier switch: SMALL → NANO  (R=0.664)
14:09:30  INFO       [fixed_nano / heavy] 20/200  tier=NANO    latency=11.9 ms  R=0.701  target=0.75  dets=7  vru=False  backend=tensorrt
14:09:30  INFO       [fixed_nano / heavy] 40/200  tier=NANO    latency=8.2 ms  R=0.695  target=0.75  dets=10  vru=False  backend=tensorrt
14:09:31  INFO       [fixed_nano / heavy] 60/200  tier=NANO    latency=6.2 ms  R=0.704  target=0.75  dets=2  vru=False  backend=tensorrt
14:09:31  INFO       [fixed_nano / heavy] 80/200  tier=NANO    latency=7.3 ms  R=0.751  target=0.75  dets=6  vru=False  backend=tensorrt
14:09:32  INFO       [fixed_nano / heavy] 100/200  tier=NANO    latency=6.1 ms  R=0.663  target=0.75  dets=2  vru=False  backend=tensorrt
14:09:32  INFO       [fixed_nano / heavy] 120/200  tier=NANO    latency=8.6 ms  R=0.664  target=0.75  dets=2  vru=False  backend=tensorrt
14:09:32  INFO       [fixed_nano / heavy] 140/200  tier=NANO    latency=6.3 ms  R=0.654  target=0.75  dets=1  vru=False  backend=tensorrt
14:09:33  INFO       [fixed_nano / heavy] 160/200  tier=NANO    latency=4.4 ms  R=0.662  target=0.75  dets=0  vru=False  backend=tensorrt
14:09:33  INFO       [fixed_nano / heavy] 180/200  tier=NANO    latency=6.3 ms  R=0.661  target=0.75  dets=1  vru=False  backend=tensorrt
14:09:33  INFO       [fixed_nano / heavy] 200/200  tier=NANO    latency=5.8 ms  R=0.661  target=0.75  dets=1  vru=False  backend=tensorrt
14:09:34  INFO     [RAMS] Controller stopped.
14:09:34  INFO     
--- Block 5/10  Policy: fixed_medium  Load: heavy (75%) ---
14:09:34  INFO     [RAMS] Starting resource monitor ...
14:09:34  INFO     [RAMS] Loading model tiers ...
WARNING ⚠️ Unable to automatically guess model task, assuming 'task=detect'. Explicitly define task for your model, i.e. 'task=detect', 'segment', 'classify', 'pose', 'obb' or 'semantic'.
Loading yolov8n.engine for TensorRT inference...
[09/09/2026-14:09:34] [TRT] [I] Loaded engine size: 7 MiB
[09/09/2026-14:09:34] [TRT] [I] [MemUsageChange] TensorRT-managed allocation in IExecutionContext creation: CPU +0, GPU +3, now: CPU 0, GPU 9 (MiB)
14:09:34  INFO     [RAMS] YOLOv8-nano ready — TensorRT yolov8n.engine (imgsz=320).
WARNING ⚠️ Unable to automatically guess model task, assuming 'task=detect'. Explicitly define task for your model, i.e. 'task=detect', 'segment', 'classify', 'pose', 'obb' or 'semantic'.
Loading yolov8s.engine for TensorRT inference...
[09/09/2026-14:09:34] [TRT] [I] The logger passed into createInferRuntime differs from one already provided for an existing builder, runtime, or refitter. Uses of the global logger, returned by nvinfer1::getLogger(), will return the existing value.
[09/09/2026-14:09:34] [TRT] [I] Loaded engine size: 23 MiB
[09/09/2026-14:09:34] [TRT] [I] [MemUsageChange] TensorRT-managed allocation in IExecutionContext creation: CPU +1, GPU +7, now: CPU 1, GPU 38 (MiB)
14:09:34  INFO     [RAMS] YOLOv8-small ready — TensorRT yolov8s.engine (imgsz=416).
WARNING ⚠️ Unable to automatically guess model task, assuming 'task=detect'. Explicitly define task for your model, i.e. 'task=detect', 'segment', 'classify', 'pose', 'obb' or 'semantic'.
Loading yolov8m.engine for TensorRT inference...
[09/09/2026-14:09:34] [TRT] [I] The logger passed into createInferRuntime differs from one already provided for an existing builder, runtime, or refitter. Uses of the global logger, returned by nvinfer1::getLogger(), will return the existing value.
[09/09/2026-14:09:34] [TRT] [I] Loaded engine size: 52 MiB
[09/09/2026-14:09:34] [TRT] [I] [MemUsageChange] TensorRT-managed allocation in IExecutionContext creation: CPU +0, GPU +29, now: CPU 1, GPU 117 (MiB)
14:09:34  INFO     [RAMS] YOLOv8-medium ready — TensorRT yolov8m.engine (imgsz=640).
14:09:34  INFO     [RAMS] Controller ready. Policy: fixed
14:09:35  INFO     [RAMS] Tier switch: SMALL → MEDIUM  (R=0.595)
14:09:35  INFO       [fixed_medium / heavy] 20/200  tier=MEDIUM  latency=16.7 ms  R=0.715  target=0.75  dets=17  vru=True  backend=tensorrt
14:09:36  INFO       [fixed_medium / heavy] 40/200  tier=MEDIUM  latency=17.7 ms  R=0.760  target=0.75  dets=16  vru=False  backend=tensorrt
14:09:37  INFO       [fixed_medium / heavy] 60/200  tier=MEDIUM  latency=14.7 ms  R=0.720  target=0.75  dets=3  vru=True  backend=tensorrt
14:09:37  INFO       [fixed_medium / heavy] 80/200  tier=MEDIUM  latency=18.8 ms  R=0.637  target=0.75  dets=11  vru=False  backend=tensorrt
14:09:38  INFO       [fixed_medium / heavy] 100/200  tier=MEDIUM  latency=15.5 ms  R=0.701  target=0.75  dets=11  vru=True  backend=tensorrt
14:09:38  INFO       [fixed_medium / heavy] 120/200  tier=MEDIUM  latency=14.3 ms  R=0.719  target=0.75  dets=5  vru=False  backend=tensorrt
14:09:39  INFO       [fixed_medium / heavy] 140/200  tier=MEDIUM  latency=20.2 ms  R=0.674  target=0.75  dets=19  vru=True  backend=tensorrt
14:09:39  INFO       [fixed_medium / heavy] 160/200  tier=MEDIUM  latency=13.6 ms  R=0.724  target=0.75  dets=2  vru=False  backend=tensorrt
14:09:40  INFO       [fixed_medium / heavy] 180/200  tier=MEDIUM  latency=14.9 ms  R=0.693  target=0.75  dets=3  vru=False  backend=tensorrt
14:09:41  INFO       [fixed_medium / heavy] 200/200  tier=MEDIUM  latency=13.9 ms  R=0.711  target=0.75  dets=4  vru=False  backend=tensorrt
14:09:41  INFO     [RAMS] Controller stopped.
14:09:41  INFO     
--- Block 5/10  Policy: adaptive  Load: heavy (75%) ---
14:09:41  INFO     [RAMS] Starting resource monitor ...
14:09:41  INFO     [RAMS] Loading model tiers ...
WARNING ⚠️ Unable to automatically guess model task, assuming 'task=detect'. Explicitly define task for your model, i.e. 'task=detect', 'segment', 'classify', 'pose', 'obb' or 'semantic'.
Loading yolov8n.engine for TensorRT inference...
[09/09/2026-14:09:41] [TRT] [I] Loaded engine size: 7 MiB
[09/09/2026-14:09:41] [TRT] [I] [MemUsageChange] TensorRT-managed allocation in IExecutionContext creation: CPU +0, GPU +3, now: CPU 0, GPU 9 (MiB)
14:09:41  INFO     [RAMS] YOLOv8-nano ready — TensorRT yolov8n.engine (imgsz=320).
WARNING ⚠️ Unable to automatically guess model task, assuming 'task=detect'. Explicitly define task for your model, i.e. 'task=detect', 'segment', 'classify', 'pose', 'obb' or 'semantic'.
Loading yolov8s.engine for TensorRT inference...
[09/09/2026-14:09:41] [TRT] [I] The logger passed into createInferRuntime differs from one already provided for an existing builder, runtime, or refitter. Uses of the global logger, returned by nvinfer1::getLogger(), will return the existing value.
[09/09/2026-14:09:41] [TRT] [I] Loaded engine size: 23 MiB
[09/09/2026-14:09:41] [TRT] [I] [MemUsageChange] TensorRT-managed allocation in IExecutionContext creation: CPU +1, GPU +7, now: CPU 1, GPU 38 (MiB)
14:09:41  INFO     [RAMS] YOLOv8-small ready — TensorRT yolov8s.engine (imgsz=416).
WARNING ⚠️ Unable to automatically guess model task, assuming 'task=detect'. Explicitly define task for your model, i.e. 'task=detect', 'segment', 'classify', 'pose', 'obb' or 'semantic'.
Loading yolov8m.engine for TensorRT inference...
[09/09/2026-14:09:41] [TRT] [I] The logger passed into createInferRuntime differs from one already provided for an existing builder, runtime, or refitter. Uses of the global logger, returned by nvinfer1::getLogger(), will return the existing value.
[09/09/2026-14:09:41] [TRT] [I] Loaded engine size: 52 MiB
[09/09/2026-14:09:41] [TRT] [I] [MemUsageChange] TensorRT-managed allocation in IExecutionContext creation: CPU +0, GPU +29, now: CPU 1, GPU 117 (MiB)
14:09:41  INFO     [RAMS] YOLOv8-medium ready — TensorRT yolov8m.engine (imgsz=640).
14:09:41  INFO     [RAMS] Controller ready. Policy: adaptive
14:09:42  INFO     [RAMS] Tier switch: SMALL → NANO  (R=0.650)
14:09:42  INFO       [adaptive / heavy] 20/200  tier=NANO    latency=7.1 ms  R=0.664  target=0.75  dets=7  vru=False  backend=tensorrt
14:09:43  INFO       [adaptive / heavy] 40/200  tier=NANO    latency=9.0 ms  R=0.663  target=0.75  dets=10  vru=False  backend=tensorrt
14:09:43  INFO       [adaptive / heavy] 60/200  tier=NANO    latency=6.3 ms  R=0.665  target=0.75  dets=2  vru=False  backend=tensorrt
14:09:44  INFO       [adaptive / heavy] 80/200  tier=NANO    latency=6.9 ms  R=0.650  target=0.75  dets=6  vru=False  backend=tensorrt
14:09:44  INFO       [adaptive / heavy] 100/200  tier=NANO    latency=6.2 ms  R=0.659  target=0.75  dets=2  vru=False  backend=tensorrt
14:09:44  INFO       [adaptive / heavy] 120/200  tier=NANO    latency=6.2 ms  R=0.662  target=0.75  dets=2  vru=False  backend=tensorrt
14:09:45  INFO       [adaptive / heavy] 140/200  tier=NANO    latency=6.0 ms  R=0.661  target=0.75  dets=1  vru=False  backend=tensorrt
14:09:45  INFO       [adaptive / heavy] 160/200  tier=NANO    latency=4.4 ms  R=0.703  target=0.75  dets=0  vru=False  backend=tensorrt
14:09:45  INFO       [adaptive / heavy] 180/200  tier=NANO    latency=5.9 ms  R=0.659  target=0.75  dets=1  vru=False  backend=tensorrt
14:09:46  INFO       [adaptive / heavy] 200/200  tier=NANO    latency=5.8 ms  R=0.664  target=0.75  dets=1  vru=False  backend=tensorrt
14:09:46  INFO     [RAMS] Controller stopped.
14:09:46  INFO     
--- Block 5/10  Policy: predictive  Load: heavy (75%) ---
14:09:46  INFO     [RAMS] Starting resource monitor ...
14:09:46  INFO     [RAMS] Loading model tiers ...
WARNING ⚠️ Unable to automatically guess model task, assuming 'task=detect'. Explicitly define task for your model, i.e. 'task=detect', 'segment', 'classify', 'pose', 'obb' or 'semantic'.
Loading yolov8n.engine for TensorRT inference...
[09/09/2026-14:09:46] [TRT] [I] Loaded engine size: 7 MiB
[09/09/2026-14:09:46] [TRT] [I] [MemUsageChange] TensorRT-managed allocation in IExecutionContext creation: CPU +0, GPU +3, now: CPU 0, GPU 9 (MiB)
14:09:46  INFO     [RAMS] YOLOv8-nano ready — TensorRT yolov8n.engine (imgsz=320).
WARNING ⚠️ Unable to automatically guess model task, assuming 'task=detect'. Explicitly define task for your model, i.e. 'task=detect', 'segment', 'classify', 'pose', 'obb' or 'semantic'.
Loading yolov8s.engine for TensorRT inference...
[09/09/2026-14:09:46] [TRT] [I] The logger passed into createInferRuntime differs from one already provided for an existing builder, runtime, or refitter. Uses of the global logger, returned by nvinfer1::getLogger(), will return the existing value.
[09/09/2026-14:09:46] [TRT] [I] Loaded engine size: 23 MiB
[09/09/2026-14:09:46] [TRT] [I] [MemUsageChange] TensorRT-managed allocation in IExecutionContext creation: CPU +1, GPU +7, now: CPU 1, GPU 38 (MiB)
14:09:46  INFO     [RAMS] YOLOv8-small ready — TensorRT yolov8s.engine (imgsz=416).
WARNING ⚠️ Unable to automatically guess model task, assuming 'task=detect'. Explicitly define task for your model, i.e. 'task=detect', 'segment', 'classify', 'pose', 'obb' or 'semantic'.
Loading yolov8m.engine for TensorRT inference...
[09/09/2026-14:09:46] [TRT] [I] The logger passed into createInferRuntime differs from one already provided for an existing builder, runtime, or refitter. Uses of the global logger, returned by nvinfer1::getLogger(), will return the existing value.
[09/09/2026-14:09:46] [TRT] [I] Loaded engine size: 52 MiB
[09/09/2026-14:09:46] [TRT] [I] [MemUsageChange] TensorRT-managed allocation in IExecutionContext creation: CPU +0, GPU +29, now: CPU 1, GPU 117 (MiB)
14:09:46  INFO     [RAMS] YOLOv8-medium ready — TensorRT yolov8m.engine (imgsz=640).
14:09:46  INFO     [RAMS] Controller ready. Policy: predictive
14:09:47  INFO     [RAMS] Tier switch: SMALL → NANO  (R=0.651)
14:09:48  INFO       [predictive / heavy] 20/200  tier=NANO    latency=7.5 ms  R=0.704  target=0.75  dets=7  vru=False  backend=tensorrt
14:09:48  INFO       [predictive / heavy] 40/200  tier=NANO    latency=8.1 ms  R=0.727  target=0.75  dets=10  vru=False  backend=tensorrt
14:09:48  INFO       [predictive / heavy] 60/200  tier=NANO    latency=6.3 ms  R=0.720  target=0.75  dets=2  vru=False  backend=tensorrt
14:09:49  INFO       [predictive / heavy] 80/200  tier=NANO    latency=7.2 ms  R=0.693  target=0.75  dets=6  vru=False  backend=tensorrt
14:09:49  INFO       [predictive / heavy] 100/200  tier=NANO    latency=6.6 ms  R=0.707  target=0.75  dets=2  vru=False  backend=tensorrt
14:09:50  INFO       [predictive / heavy] 120/200  tier=NANO    latency=6.6 ms  R=0.689  target=0.75  dets=2  vru=False  backend=tensorrt
14:09:50  INFO       [predictive / heavy] 140/200  tier=NANO    latency=6.6 ms  R=0.751  target=0.75  dets=1  vru=False  backend=tensorrt
14:09:51  INFO       [predictive / heavy] 160/200  tier=NANO    latency=4.9 ms  R=0.698  target=0.75  dets=0  vru=False  backend=tensorrt
14:09:51  INFO       [predictive / heavy] 180/200  tier=NANO    latency=6.8 ms  R=0.697  target=0.75  dets=1  vru=False  backend=tensorrt
14:09:51  INFO       [predictive / heavy] 200/200  tier=NANO    latency=9.0 ms  R=0.702  target=0.75  dets=1  vru=False  backend=tensorrt
14:09:52  INFO     [RAMS] Controller stopped.
14:09:52  INFO     
--- Block 5/10  Policy: safety2  Load: heavy (75%) ---
14:09:52  INFO     [RAMS] Starting resource monitor ...
14:09:52  INFO     [RAMS] Loading model tiers ...
WARNING ⚠️ Unable to automatically guess model task, assuming 'task=detect'. Explicitly define task for your model, i.e. 'task=detect', 'segment', 'classify', 'pose', 'obb' or 'semantic'.
Loading yolov8n.engine for TensorRT inference...
[09/09/2026-14:09:52] [TRT] [I] Loaded engine size: 7 MiB
[09/09/2026-14:09:52] [TRT] [I] [MemUsageChange] TensorRT-managed allocation in IExecutionContext creation: CPU +0, GPU +3, now: CPU 0, GPU 9 (MiB)
14:09:52  INFO     [RAMS] YOLOv8-nano ready — TensorRT yolov8n.engine (imgsz=320).
WARNING ⚠️ Unable to automatically guess model task, assuming 'task=detect'. Explicitly define task for your model, i.e. 'task=detect', 'segment', 'classify', 'pose', 'obb' or 'semantic'.
Loading yolov8s.engine for TensorRT inference...
[09/09/2026-14:09:52] [TRT] [I] The logger passed into createInferRuntime differs from one already provided for an existing builder, runtime, or refitter. Uses of the global logger, returned by nvinfer1::getLogger(), will return the existing value.
[09/09/2026-14:09:52] [TRT] [I] Loaded engine size: 23 MiB
[09/09/2026-14:09:52] [TRT] [I] [MemUsageChange] TensorRT-managed allocation in IExecutionContext creation: CPU +1, GPU +7, now: CPU 1, GPU 38 (MiB)
14:09:52  INFO     [RAMS] YOLOv8-small ready — TensorRT yolov8s.engine (imgsz=416).
WARNING ⚠️ Unable to automatically guess model task, assuming 'task=detect'. Explicitly define task for your model, i.e. 'task=detect', 'segment', 'classify', 'pose', 'obb' or 'semantic'.
Loading yolov8m.engine for TensorRT inference...
[09/09/2026-14:09:52] [TRT] [I] The logger passed into createInferRuntime differs from one already provided for an existing builder, runtime, or refitter. Uses of the global logger, returned by nvinfer1::getLogger(), will return the existing value.
[09/09/2026-14:09:52] [TRT] [I] Loaded engine size: 52 MiB
[09/09/2026-14:09:52] [TRT] [I] [MemUsageChange] TensorRT-managed allocation in IExecutionContext creation: CPU +0, GPU +29, now: CPU 1, GPU 117 (MiB)
14:09:52  INFO     [RAMS] YOLOv8-medium ready — TensorRT yolov8m.engine (imgsz=640).
14:09:52  INFO     [RAMS] Controller ready. Policy: safety2
14:09:53  INFO     [RAMS] Tier switch: SMALL → NANO  (R=0.691)
14:09:53  INFO     [RAMS] Tier switch: NANO → MEDIUM  (R=0.691)
14:09:53  INFO       [safety2 / heavy] 20/200  tier=MEDIUM  latency=16.8 ms  R=0.637  target=0.75  dets=17  vru=True  backend=tensorrt
14:09:54  INFO       [safety2 / heavy] 40/200  tier=MEDIUM  latency=16.8 ms  R=0.758  target=0.75  dets=16  vru=False  backend=tensorrt
14:09:54  INFO     [RAMS] Tier switch: MEDIUM → NANO  (R=0.708)
14:09:54  INFO     [RAMS] Tier switch: NANO → MEDIUM  (R=0.661)
14:09:55  INFO       [safety2 / heavy] 60/200  tier=MEDIUM  latency=13.7 ms  R=0.650  target=0.75  dets=3  vru=True  backend=tensorrt
14:09:55  INFO       [safety2 / heavy] 80/200  tier=MEDIUM  latency=15.5 ms  R=0.683  target=0.75  dets=11  vru=False  backend=tensorrt
14:09:55  INFO     [RAMS] Tier switch: MEDIUM → NANO  (R=0.718)
14:09:55  INFO     [RAMS] Tier switch: NANO → MEDIUM  (R=0.718)
14:09:56  INFO       [safety2 / heavy] 100/200  tier=MEDIUM  latency=18.7 ms  R=0.650  target=0.75  dets=11  vru=True  backend=tensorrt
14:09:56  INFO     [RAMS] Tier switch: MEDIUM → NANO  (R=0.653)
14:09:56  INFO     [RAMS] Tier switch: NANO → MEDIUM  (R=0.651)
14:09:56  INFO       [safety2 / heavy] 120/200  tier=MEDIUM  latency=14.3 ms  R=0.718  target=0.75  dets=5  vru=False  backend=tensorrt
14:09:57  INFO     [RAMS] Tier switch: MEDIUM → SMALL  (R=0.635)
14:09:57  INFO     [RAMS] Tier switch: SMALL → MEDIUM  (R=0.635)
14:09:57  INFO       [safety2 / heavy] 140/200  tier=MEDIUM  latency=17.1 ms  R=0.715  target=0.75  dets=19  vru=True  backend=tensorrt
14:09:57  INFO     [RAMS] Tier switch: MEDIUM → NANO  (R=0.682)
14:09:57  INFO     [RAMS] Tier switch: NANO → SMALL  (R=0.722)
14:09:57  INFO       [safety2 / heavy] 160/200  tier=SMALL   latency=7.3 ms  R=0.672  target=0.75  dets=1  vru=False  backend=tensorrt
14:09:58  INFO       [safety2 / heavy] 180/200  tier=SMALL   latency=7.5 ms  R=0.656  target=0.75  dets=2  vru=False  backend=tensorrt
14:09:58  INFO     [RAMS] Tier switch: SMALL → MEDIUM  (R=0.647)
14:09:58  INFO       [safety2 / heavy] 200/200  tier=MEDIUM  latency=14.3 ms  R=0.701  target=0.75  dets=4  vru=False  backend=tensorrt
14:09:58  INFO     [RAMS] Controller stopped.
14:09:59  INFO     
--- Block 5/10  Policy: fixed_small  Load: heavy (75%) ---
14:09:59  INFO     [RAMS] Starting resource monitor ...
14:09:59  INFO     [RAMS] Loading model tiers ...
WARNING ⚠️ Unable to automatically guess model task, assuming 'task=detect'. Explicitly define task for your model, i.e. 'task=detect', 'segment', 'classify', 'pose', 'obb' or 'semantic'.
Loading yolov8n.engine for TensorRT inference...
[09/09/2026-14:09:59] [TRT] [I] Loaded engine size: 7 MiB
[09/09/2026-14:09:59] [TRT] [I] [MemUsageChange] TensorRT-managed allocation in IExecutionContext creation: CPU +0, GPU +3, now: CPU 0, GPU 9 (MiB)
14:09:59  INFO     [RAMS] YOLOv8-nano ready — TensorRT yolov8n.engine (imgsz=320).
WARNING ⚠️ Unable to automatically guess model task, assuming 'task=detect'. Explicitly define task for your model, i.e. 'task=detect', 'segment', 'classify', 'pose', 'obb' or 'semantic'.
Loading yolov8s.engine for TensorRT inference...
[09/09/2026-14:09:59] [TRT] [I] The logger passed into createInferRuntime differs from one already provided for an existing builder, runtime, or refitter. Uses of the global logger, returned by nvinfer1::getLogger(), will return the existing value.
[09/09/2026-14:09:59] [TRT] [I] Loaded engine size: 23 MiB
[09/09/2026-14:09:59] [TRT] [I] [MemUsageChange] TensorRT-managed allocation in IExecutionContext creation: CPU +1, GPU +7, now: CPU 1, GPU 38 (MiB)
14:09:59  INFO     [RAMS] YOLOv8-small ready — TensorRT yolov8s.engine (imgsz=416).
WARNING ⚠️ Unable to automatically guess model task, assuming 'task=detect'. Explicitly define task for your model, i.e. 'task=detect', 'segment', 'classify', 'pose', 'obb' or 'semantic'.
Loading yolov8m.engine for TensorRT inference...
[09/09/2026-14:09:59] [TRT] [I] The logger passed into createInferRuntime differs from one already provided for an existing builder, runtime, or refitter. Uses of the global logger, returned by nvinfer1::getLogger(), will return the existing value.
[09/09/2026-14:09:59] [TRT] [I] Loaded engine size: 52 MiB
[09/09/2026-14:09:59] [TRT] [I] [MemUsageChange] TensorRT-managed allocation in IExecutionContext creation: CPU +0, GPU +29, now: CPU 1, GPU 117 (MiB)
14:09:59  INFO     [RAMS] YOLOv8-medium ready — TensorRT yolov8m.engine (imgsz=640).
14:09:59  INFO     [RAMS] Controller ready. Policy: fixed
14:10:00  INFO       [fixed_small / heavy] 20/200  tier=SMALL   latency=9.6 ms  R=0.674  target=0.75  dets=11  vru=True  backend=tensorrt
14:10:01  INFO       [fixed_small / heavy] 40/200  tier=SMALL   latency=10.1 ms  R=0.664  target=0.75  dets=15  vru=False  backend=tensorrt
14:10:01  INFO       [fixed_small / heavy] 60/200  tier=SMALL   latency=8.0 ms  R=0.667  target=0.75  dets=2  vru=False  backend=tensorrt
14:10:01  INFO       [fixed_small / heavy] 80/200  tier=SMALL   latency=12.5 ms  R=0.670  target=0.75  dets=10  vru=False  backend=tensorrt
14:10:02  INFO       [fixed_small / heavy] 100/200  tier=SMALL   latency=9.1 ms  R=0.672  target=0.75  dets=10  vru=False  backend=tensorrt
14:10:02  INFO       [fixed_small / heavy] 120/200  tier=SMALL   latency=8.0 ms  R=0.672  target=0.75  dets=4  vru=False  backend=tensorrt
14:10:03  INFO       [fixed_small / heavy] 140/200  tier=SMALL   latency=8.7 ms  R=0.664  target=0.75  dets=8  vru=True  backend=tensorrt
14:10:03  INFO       [fixed_small / heavy] 160/200  tier=SMALL   latency=7.4 ms  R=0.649  target=0.75  dets=1  vru=False  backend=tensorrt
14:10:04  INFO       [fixed_small / heavy] 180/200  tier=SMALL   latency=7.5 ms  R=0.670  target=0.75  dets=2  vru=False  backend=tensorrt
14:10:04  INFO       [fixed_small / heavy] 200/200  tier=SMALL   latency=7.7 ms  R=0.648  target=0.75  dets=1  vru=False  backend=tensorrt
14:10:04  INFO     [RAMS] Controller stopped.
14:10:04  INFO     
--- Block 5/10  Policy: threshold  Load: heavy (75%) ---
14:10:04  INFO     [RAMS] Starting resource monitor ...
14:10:04  INFO     [RAMS] Loading model tiers ...
WARNING ⚠️ Unable to automatically guess model task, assuming 'task=detect'. Explicitly define task for your model, i.e. 'task=detect', 'segment', 'classify', 'pose', 'obb' or 'semantic'.
Loading yolov8n.engine for TensorRT inference...
[09/09/2026-14:10:04] [TRT] [I] Loaded engine size: 7 MiB
[09/09/2026-14:10:04] [TRT] [I] [MemUsageChange] TensorRT-managed allocation in IExecutionContext creation: CPU +0, GPU +3, now: CPU 0, GPU 9 (MiB)
14:10:04  INFO     [RAMS] YOLOv8-nano ready — TensorRT yolov8n.engine (imgsz=320).
WARNING ⚠️ Unable to automatically guess model task, assuming 'task=detect'. Explicitly define task for your model, i.e. 'task=detect', 'segment', 'classify', 'pose', 'obb' or 'semantic'.
Loading yolov8s.engine for TensorRT inference...
[09/09/2026-14:10:04] [TRT] [I] The logger passed into createInferRuntime differs from one already provided for an existing builder, runtime, or refitter. Uses of the global logger, returned by nvinfer1::getLogger(), will return the existing value.
[09/09/2026-14:10:04] [TRT] [I] Loaded engine size: 23 MiB
[09/09/2026-14:10:04] [TRT] [I] [MemUsageChange] TensorRT-managed allocation in IExecutionContext creation: CPU +1, GPU +7, now: CPU 1, GPU 38 (MiB)
14:10:04  INFO     [RAMS] YOLOv8-small ready — TensorRT yolov8s.engine (imgsz=416).
WARNING ⚠️ Unable to automatically guess model task, assuming 'task=detect'. Explicitly define task for your model, i.e. 'task=detect', 'segment', 'classify', 'pose', 'obb' or 'semantic'.
Loading yolov8m.engine for TensorRT inference...
[09/09/2026-14:10:04] [TRT] [I] The logger passed into createInferRuntime differs from one already provided for an existing builder, runtime, or refitter. Uses of the global logger, returned by nvinfer1::getLogger(), will return the existing value.
[09/09/2026-14:10:05] [TRT] [I] Loaded engine size: 52 MiB
[09/09/2026-14:10:05] [TRT] [I] [MemUsageChange] TensorRT-managed allocation in IExecutionContext creation: CPU +0, GPU +29, now: CPU 1, GPU 117 (MiB)
14:10:05  INFO     [RAMS] YOLOv8-medium ready — TensorRT yolov8m.engine (imgsz=640).
14:10:05  INFO     [RAMS] Controller ready. Policy: threshold
14:10:06  INFO     [RAMS] Tier switch: SMALL → NANO  (R=0.588)
14:10:06  INFO       [threshold / heavy] 20/200  tier=NANO    latency=8.8 ms  R=0.662  target=0.75  dets=7  vru=False  backend=tensorrt
14:10:06  INFO       [threshold / heavy] 40/200  tier=NANO    latency=7.8 ms  R=0.651  target=0.75  dets=10  vru=False  backend=tensorrt
14:10:07  INFO       [threshold / heavy] 60/200  tier=NANO    latency=6.1 ms  R=0.660  target=0.75  dets=2  vru=False  backend=tensorrt
14:10:07  INFO       [threshold / heavy] 80/200  tier=NANO    latency=7.1 ms  R=0.698  target=0.75  dets=6  vru=False  backend=tensorrt
14:10:07  INFO       [threshold / heavy] 100/200  tier=NANO    latency=6.1 ms  R=0.665  target=0.75  dets=2  vru=False  backend=tensorrt
14:10:08  INFO       [threshold / heavy] 120/200  tier=NANO    latency=9.9 ms  R=0.662  target=0.75  dets=2  vru=False  backend=tensorrt
14:10:08  INFO       [threshold / heavy] 140/200  tier=NANO    latency=6.4 ms  R=0.706  target=0.75  dets=1  vru=False  backend=tensorrt
14:10:09  INFO       [threshold / heavy] 160/200  tier=NANO    latency=4.7 ms  R=0.715  target=0.75  dets=0  vru=False  backend=tensorrt
14:10:09  INFO       [threshold / heavy] 180/200  tier=NANO    latency=6.6 ms  R=0.693  target=0.75  dets=1  vru=False  backend=tensorrt
14:10:09  INFO       [threshold / heavy] 200/200  tier=NANO    latency=6.5 ms  R=0.703  target=0.75  dets=1  vru=False  backend=tensorrt
14:10:10  INFO     [RAMS] Controller stopped.
14:10:10  INFO     
--- Block 6/10  Policy: adaptive  Load: heavy (75%) ---
14:10:10  INFO     [RAMS] Starting resource monitor ...
14:10:10  INFO     [RAMS] Loading model tiers ...
WARNING ⚠️ Unable to automatically guess model task, assuming 'task=detect'. Explicitly define task for your model, i.e. 'task=detect', 'segment', 'classify', 'pose', 'obb' or 'semantic'.
Loading yolov8n.engine for TensorRT inference...
[09/09/2026-14:10:10] [TRT] [I] Loaded engine size: 7 MiB
[09/09/2026-14:10:10] [TRT] [I] [MemUsageChange] TensorRT-managed allocation in IExecutionContext creation: CPU +0, GPU +3, now: CPU 0, GPU 9 (MiB)
14:10:10  INFO     [RAMS] YOLOv8-nano ready — TensorRT yolov8n.engine (imgsz=320).
WARNING ⚠️ Unable to automatically guess model task, assuming 'task=detect'. Explicitly define task for your model, i.e. 'task=detect', 'segment', 'classify', 'pose', 'obb' or 'semantic'.
Loading yolov8s.engine for TensorRT inference...
[09/09/2026-14:10:10] [TRT] [I] The logger passed into createInferRuntime differs from one already provided for an existing builder, runtime, or refitter. Uses of the global logger, returned by nvinfer1::getLogger(), will return the existing value.
[09/09/2026-14:10:10] [TRT] [I] Loaded engine size: 23 MiB
[09/09/2026-14:10:10] [TRT] [I] [MemUsageChange] TensorRT-managed allocation in IExecutionContext creation: CPU +1, GPU +7, now: CPU 1, GPU 38 (MiB)
14:10:10  INFO     [RAMS] YOLOv8-small ready — TensorRT yolov8s.engine (imgsz=416).
WARNING ⚠️ Unable to automatically guess model task, assuming 'task=detect'. Explicitly define task for your model, i.e. 'task=detect', 'segment', 'classify', 'pose', 'obb' or 'semantic'.
Loading yolov8m.engine for TensorRT inference...
[09/09/2026-14:10:10] [TRT] [I] The logger passed into createInferRuntime differs from one already provided for an existing builder, runtime, or refitter. Uses of the global logger, returned by nvinfer1::getLogger(), will return the existing value.
[09/09/2026-14:10:10] [TRT] [I] Loaded engine size: 52 MiB
[09/09/2026-14:10:10] [TRT] [I] [MemUsageChange] TensorRT-managed allocation in IExecutionContext creation: CPU +0, GPU +29, now: CPU 1, GPU 117 (MiB)
14:10:10  INFO     [RAMS] YOLOv8-medium ready — TensorRT yolov8m.engine (imgsz=640).
14:10:10  INFO     [RAMS] Controller ready. Policy: adaptive
14:10:11  INFO     [RAMS] Tier switch: SMALL → NANO  (R=0.653)
14:10:11  INFO       [adaptive / heavy] 20/200  tier=NANO    latency=6.6 ms  R=0.682  target=0.75  dets=1  vru=False  backend=tensorrt
14:10:12  INFO       [adaptive / heavy] 40/200  tier=NANO    latency=9.9 ms  R=0.695  target=0.75  dets=1  vru=False  backend=tensorrt
14:10:12  INFO       [adaptive / heavy] 60/200  tier=NANO    latency=7.1 ms  R=0.697  target=0.75  dets=4  vru=False  backend=tensorrt
14:10:13  INFO       [adaptive / heavy] 80/200  tier=NANO    latency=7.1 ms  R=0.705  target=0.75  dets=4  vru=True  backend=tensorrt
14:10:13  INFO       [adaptive / heavy] 100/200  tier=NANO    latency=7.4 ms  R=0.706  target=0.75  dets=3  vru=False  backend=tensorrt
14:10:13  INFO       [adaptive / heavy] 120/200  tier=NANO    latency=7.1 ms  R=0.704  target=0.75  dets=4  vru=False  backend=tensorrt
14:10:14  INFO       [adaptive / heavy] 140/200  tier=NANO    latency=6.7 ms  R=0.692  target=0.75  dets=3  vru=False  backend=tensorrt
14:10:14  INFO       [adaptive / heavy] 160/200  tier=NANO    latency=6.0 ms  R=0.738  target=0.75  dets=1  vru=False  backend=tensorrt
14:10:15  INFO       [adaptive / heavy] 180/200  tier=NANO    latency=9.6 ms  R=0.686  target=0.75  dets=6  vru=False  backend=tensorrt
14:10:15  INFO       [adaptive / heavy] 200/200  tier=NANO    latency=4.9 ms  R=0.662  target=0.75  dets=0  vru=False  backend=tensorrt
14:10:15  INFO     [RAMS] Controller stopped.
14:10:15  INFO     
--- Block 6/10  Policy: safety2  Load: heavy (75%) ---
14:10:15  INFO     [RAMS] Starting resource monitor ...
14:10:15  INFO     [RAMS] Loading model tiers ...
WARNING ⚠️ Unable to automatically guess model task, assuming 'task=detect'. Explicitly define task for your model, i.e. 'task=detect', 'segment', 'classify', 'pose', 'obb' or 'semantic'.
Loading yolov8n.engine for TensorRT inference...
[09/09/2026-14:10:15] [TRT] [I] Loaded engine size: 7 MiB
[09/09/2026-14:10:15] [TRT] [I] [MemUsageChange] TensorRT-managed allocation in IExecutionContext creation: CPU +0, GPU +3, now: CPU 0, GPU 9 (MiB)
14:10:15  INFO     [RAMS] YOLOv8-nano ready — TensorRT yolov8n.engine (imgsz=320).
WARNING ⚠️ Unable to automatically guess model task, assuming 'task=detect'. Explicitly define task for your model, i.e. 'task=detect', 'segment', 'classify', 'pose', 'obb' or 'semantic'.
Loading yolov8s.engine for TensorRT inference...
[09/09/2026-14:10:15] [TRT] [I] The logger passed into createInferRuntime differs from one already provided for an existing builder, runtime, or refitter. Uses of the global logger, returned by nvinfer1::getLogger(), will return the existing value.
[09/09/2026-14:10:15] [TRT] [I] Loaded engine size: 23 MiB
[09/09/2026-14:10:15] [TRT] [I] [MemUsageChange] TensorRT-managed allocation in IExecutionContext creation: CPU +1, GPU +7, now: CPU 1, GPU 38 (MiB)
14:10:15  INFO     [RAMS] YOLOv8-small ready — TensorRT yolov8s.engine (imgsz=416).
WARNING ⚠️ Unable to automatically guess model task, assuming 'task=detect'. Explicitly define task for your model, i.e. 'task=detect', 'segment', 'classify', 'pose', 'obb' or 'semantic'.
Loading yolov8m.engine for TensorRT inference...
[09/09/2026-14:10:15] [TRT] [I] The logger passed into createInferRuntime differs from one already provided for an existing builder, runtime, or refitter. Uses of the global logger, returned by nvinfer1::getLogger(), will return the existing value.
[09/09/2026-14:10:15] [TRT] [I] Loaded engine size: 52 MiB
[09/09/2026-14:10:15] [TRT] [I] [MemUsageChange] TensorRT-managed allocation in IExecutionContext creation: CPU +0, GPU +29, now: CPU 1, GPU 117 (MiB)
14:10:15  INFO     [RAMS] YOLOv8-medium ready — TensorRT yolov8m.engine (imgsz=640).
14:10:15  INFO     [RAMS] Controller ready. Policy: safety2
14:10:17  INFO     [RAMS] Tier switch: SMALL → MEDIUM  (R=0.594)
14:10:17  INFO       [safety2 / heavy] 20/200  tier=MEDIUM  latency=14.1 ms  R=0.726  target=0.75  dets=3  vru=False  backend=tensorrt
14:10:17  INFO     [RAMS] Tier switch: MEDIUM → NANO  (R=0.726)
14:10:17  INFO     [RAMS] Tier switch: NANO → MEDIUM  (R=0.661)
14:10:17  INFO       [safety2 / heavy] 40/200  tier=MEDIUM  latency=14.1 ms  R=0.670  target=0.75  dets=4  vru=False  backend=tensorrt
14:10:18  INFO     [RAMS] Tier switch: MEDIUM → NANO  (R=0.705)
14:10:18  INFO     [RAMS] Tier switch: NANO → SMALL  (R=0.705)
14:10:18  INFO       [safety2 / heavy] 60/200  tier=SMALL   latency=9.9 ms  R=0.644  target=0.75  dets=5  vru=False  backend=tensorrt
14:10:18  INFO       [safety2 / heavy] 80/200  tier=SMALL   latency=7.7 ms  R=0.672  target=0.75  dets=3  vru=True  backend=tensorrt
14:10:18  INFO     [RAMS] Tier switch: SMALL → MEDIUM  (R=0.672)
14:10:19  INFO     [RAMS] Tier switch: MEDIUM → NANO  (R=0.717)
14:10:19  INFO       [safety2 / heavy] 100/200  tier=NANO    latency=6.6 ms  R=0.717  target=0.75  dets=3  vru=False  backend=tensorrt
14:10:19  INFO     [RAMS] Tier switch: NANO → MEDIUM  (R=0.652)
14:10:19  INFO       [safety2 / heavy] 120/200  tier=MEDIUM  latency=15.3 ms  R=0.646  target=0.75  dets=10  vru=True  backend=tensorrt
14:10:20  INFO       [safety2 / heavy] 140/200  tier=MEDIUM  latency=14.3 ms  R=0.703  target=0.75  dets=5  vru=False  backend=tensorrt
14:10:20  INFO     [RAMS] Tier switch: MEDIUM → NANO  (R=0.717)
14:10:20  INFO     [RAMS] Tier switch: NANO → SMALL  (R=0.661)
14:10:20  INFO     [RAMS] Tier switch: SMALL → MEDIUM  (R=0.661)
14:10:20  INFO       [safety2 / heavy] 160/200  tier=MEDIUM  latency=13.4 ms  R=0.661  target=0.75  dets=1  vru=False  backend=tensorrt
14:10:21  INFO       [safety2 / heavy] 180/200  tier=MEDIUM  latency=21.4 ms  R=0.642  target=0.75  dets=10  vru=False  backend=tensorrt
14:10:21  INFO     [RAMS] Tier switch: MEDIUM → NANO  (R=0.716)
14:10:21  INFO     [RAMS] Tier switch: NANO → MEDIUM  (R=0.716)
14:10:22  INFO       [safety2 / heavy] 200/200  tier=MEDIUM  latency=14.1 ms  R=0.654  target=0.75  dets=4  vru=False  backend=tensorrt
14:10:22  INFO     [RAMS] Controller stopped.
14:10:22  INFO     
--- Block 6/10  Policy: threshold  Load: heavy (75%) ---
14:10:22  INFO     [RAMS] Starting resource monitor ...
14:10:22  INFO     [RAMS] Loading model tiers ...
WARNING ⚠️ Unable to automatically guess model task, assuming 'task=detect'. Explicitly define task for your model, i.e. 'task=detect', 'segment', 'classify', 'pose', 'obb' or 'semantic'.
Loading yolov8n.engine for TensorRT inference...
[09/09/2026-14:10:22] [TRT] [I] Loaded engine size: 7 MiB
[09/09/2026-14:10:22] [TRT] [I] [MemUsageChange] TensorRT-managed allocation in IExecutionContext creation: CPU +0, GPU +3, now: CPU 0, GPU 9 (MiB)
14:10:22  INFO     [RAMS] YOLOv8-nano ready — TensorRT yolov8n.engine (imgsz=320).
WARNING ⚠️ Unable to automatically guess model task, assuming 'task=detect'. Explicitly define task for your model, i.e. 'task=detect', 'segment', 'classify', 'pose', 'obb' or 'semantic'.
Loading yolov8s.engine for TensorRT inference...
[09/09/2026-14:10:22] [TRT] [I] The logger passed into createInferRuntime differs from one already provided for an existing builder, runtime, or refitter. Uses of the global logger, returned by nvinfer1::getLogger(), will return the existing value.
[09/09/2026-14:10:22] [TRT] [I] Loaded engine size: 23 MiB
[09/09/2026-14:10:22] [TRT] [I] [MemUsageChange] TensorRT-managed allocation in IExecutionContext creation: CPU +1, GPU +7, now: CPU 1, GPU 38 (MiB)
14:10:22  INFO     [RAMS] YOLOv8-small ready — TensorRT yolov8s.engine (imgsz=416).
WARNING ⚠️ Unable to automatically guess model task, assuming 'task=detect'. Explicitly define task for your model, i.e. 'task=detect', 'segment', 'classify', 'pose', 'obb' or 'semantic'.
Loading yolov8m.engine for TensorRT inference...
[09/09/2026-14:10:22] [TRT] [I] The logger passed into createInferRuntime differs from one already provided for an existing builder, runtime, or refitter. Uses of the global logger, returned by nvinfer1::getLogger(), will return the existing value.
[09/09/2026-14:10:22] [TRT] [I] Loaded engine size: 52 MiB
[09/09/2026-14:10:22] [TRT] [I] [MemUsageChange] TensorRT-managed allocation in IExecutionContext creation: CPU +0, GPU +29, now: CPU 1, GPU 117 (MiB)
14:10:22  INFO     [RAMS] YOLOv8-medium ready — TensorRT yolov8m.engine (imgsz=640).
14:10:22  INFO     [RAMS] Controller ready. Policy: threshold
14:10:23  INFO     [RAMS] Tier switch: SMALL → NANO  (R=0.594)
14:10:23  INFO       [threshold / heavy] 20/200  tier=NANO    latency=5.9 ms  R=0.661  target=0.75  dets=1  vru=False  backend=tensorrt
14:10:24  INFO       [threshold / heavy] 40/200  tier=NANO    latency=6.1 ms  R=0.662  target=0.75  dets=1  vru=False  backend=tensorrt
14:10:24  INFO       [threshold / heavy] 60/200  tier=NANO    latency=6.6 ms  R=0.709  target=0.75  dets=4  vru=False  backend=tensorrt
14:10:24  INFO       [threshold / heavy] 80/200  tier=NANO    latency=7.4 ms  R=0.662  target=0.75  dets=4  vru=True  backend=tensorrt
14:10:25  INFO       [threshold / heavy] 100/200  tier=NANO    latency=6.4 ms  R=0.667  target=0.75  dets=3  vru=False  backend=tensorrt
14:10:25  INFO       [threshold / heavy] 120/200  tier=NANO    latency=6.5 ms  R=0.651  target=0.75  dets=4  vru=False  backend=tensorrt
14:10:26  INFO       [threshold / heavy] 140/200  tier=NANO    latency=6.5 ms  R=0.663  target=0.75  dets=3  vru=False  backend=tensorrt
14:10:26  INFO       [threshold / heavy] 160/200  tier=NANO    latency=5.9 ms  R=0.659  target=0.75  dets=1  vru=False  backend=tensorrt
14:10:26  INFO       [threshold / heavy] 180/200  tier=NANO    latency=6.9 ms  R=0.666  target=0.75  dets=6  vru=False  backend=tensorrt
14:10:27  INFO       [threshold / heavy] 200/200  tier=NANO    latency=4.4 ms  R=0.661  target=0.75  dets=0  vru=False  backend=tensorrt
14:10:27  INFO     [RAMS] Controller stopped.
14:10:27  INFO     
--- Block 6/10  Policy: fixed_nano  Load: heavy (75%) ---
14:10:27  INFO     [RAMS] Starting resource monitor ...
14:10:27  INFO     [RAMS] Loading model tiers ...
WARNING ⚠️ Unable to automatically guess model task, assuming 'task=detect'. Explicitly define task for your model, i.e. 'task=detect', 'segment', 'classify', 'pose', 'obb' or 'semantic'.
Loading yolov8n.engine for TensorRT inference...
[09/09/2026-14:10:27] [TRT] [I] Loaded engine size: 7 MiB
[09/09/2026-14:10:27] [TRT] [I] [MemUsageChange] TensorRT-managed allocation in IExecutionContext creation: CPU +0, GPU +3, now: CPU 0, GPU 9 (MiB)
14:10:27  INFO     [RAMS] YOLOv8-nano ready — TensorRT yolov8n.engine (imgsz=320).
WARNING ⚠️ Unable to automatically guess model task, assuming 'task=detect'. Explicitly define task for your model, i.e. 'task=detect', 'segment', 'classify', 'pose', 'obb' or 'semantic'.
Loading yolov8s.engine for TensorRT inference...
[09/09/2026-14:10:27] [TRT] [I] The logger passed into createInferRuntime differs from one already provided for an existing builder, runtime, or refitter. Uses of the global logger, returned by nvinfer1::getLogger(), will return the existing value.
[09/09/2026-14:10:27] [TRT] [I] Loaded engine size: 23 MiB
[09/09/2026-14:10:27] [TRT] [I] [MemUsageChange] TensorRT-managed allocation in IExecutionContext creation: CPU +1, GPU +7, now: CPU 1, GPU 38 (MiB)
14:10:27  INFO     [RAMS] YOLOv8-small ready — TensorRT yolov8s.engine (imgsz=416).
WARNING ⚠️ Unable to automatically guess model task, assuming 'task=detect'. Explicitly define task for your model, i.e. 'task=detect', 'segment', 'classify', 'pose', 'obb' or 'semantic'.
Loading yolov8m.engine for TensorRT inference...
[09/09/2026-14:10:27] [TRT] [I] The logger passed into createInferRuntime differs from one already provided for an existing builder, runtime, or refitter. Uses of the global logger, returned by nvinfer1::getLogger(), will return the existing value.
[09/09/2026-14:10:27] [TRT] [I] Loaded engine size: 52 MiB
[09/09/2026-14:10:27] [TRT] [I] [MemUsageChange] TensorRT-managed allocation in IExecutionContext creation: CPU +0, GPU +29, now: CPU 1, GPU 117 (MiB)
14:10:27  INFO     [RAMS] YOLOv8-medium ready — TensorRT yolov8m.engine (imgsz=640).
14:10:27  INFO     [RAMS] Controller ready. Policy: fixed
14:10:28  INFO     [RAMS] Tier switch: SMALL → NANO  (R=0.636)
14:10:28  INFO       [fixed_nano / heavy] 20/200  tier=NANO    latency=5.9 ms  R=0.654  target=0.75  dets=1  vru=False  backend=tensorrt
14:10:29  INFO       [fixed_nano / heavy] 40/200  tier=NANO    latency=5.9 ms  R=0.661  target=0.75  dets=1  vru=False  backend=tensorrt
14:10:29  INFO       [fixed_nano / heavy] 60/200  tier=NANO    latency=6.6 ms  R=0.696  target=0.75  dets=4  vru=False  backend=tensorrt
14:10:30  INFO       [fixed_nano / heavy] 80/200  tier=NANO    latency=7.4 ms  R=0.663  target=0.75  dets=4  vru=True  backend=tensorrt
14:10:30  INFO       [fixed_nano / heavy] 100/200  tier=NANO    latency=6.8 ms  R=0.704  target=0.75  dets=3  vru=False  backend=tensorrt
14:10:30  INFO       [fixed_nano / heavy] 120/200  tier=NANO    latency=7.6 ms  R=0.690  target=0.75  dets=4  vru=False  backend=tensorrt
14:10:31  INFO       [fixed_nano / heavy] 140/200  tier=NANO    latency=6.6 ms  R=0.693  target=0.75  dets=3  vru=False  backend=tensorrt
14:10:31  INFO       [fixed_nano / heavy] 160/200  tier=NANO    latency=6.3 ms  R=0.696  target=0.75  dets=1  vru=False  backend=tensorrt
14:10:32  INFO       [fixed_nano / heavy] 180/200  tier=NANO    latency=7.2 ms  R=0.714  target=0.75  dets=6  vru=False  backend=tensorrt
14:10:32  INFO       [fixed_nano / heavy] 200/200  tier=NANO    latency=4.9 ms  R=0.737  target=0.75  dets=0  vru=False  backend=tensorrt
14:10:32  INFO     [RAMS] Controller stopped.
14:10:32  INFO     
--- Block 6/10  Policy: fixed_medium  Load: heavy (75%) ---
14:10:32  INFO     [RAMS] Starting resource monitor ...
14:10:32  INFO     [RAMS] Loading model tiers ...
WARNING ⚠️ Unable to automatically guess model task, assuming 'task=detect'. Explicitly define task for your model, i.e. 'task=detect', 'segment', 'classify', 'pose', 'obb' or 'semantic'.
Loading yolov8n.engine for TensorRT inference...
[09/09/2026-14:10:32] [TRT] [I] Loaded engine size: 7 MiB
[09/09/2026-14:10:32] [TRT] [I] [MemUsageChange] TensorRT-managed allocation in IExecutionContext creation: CPU +0, GPU +3, now: CPU 0, GPU 9 (MiB)
14:10:32  INFO     [RAMS] YOLOv8-nano ready — TensorRT yolov8n.engine (imgsz=320).
WARNING ⚠️ Unable to automatically guess model task, assuming 'task=detect'. Explicitly define task for your model, i.e. 'task=detect', 'segment', 'classify', 'pose', 'obb' or 'semantic'.
Loading yolov8s.engine for TensorRT inference...
[09/09/2026-14:10:32] [TRT] [I] The logger passed into createInferRuntime differs from one already provided for an existing builder, runtime, or refitter. Uses of the global logger, returned by nvinfer1::getLogger(), will return the existing value.
[09/09/2026-14:10:32] [TRT] [I] Loaded engine size: 23 MiB
[09/09/2026-14:10:33] [TRT] [I] [MemUsageChange] TensorRT-managed allocation in IExecutionContext creation: CPU +1, GPU +7, now: CPU 1, GPU 38 (MiB)
14:10:33  INFO     [RAMS] YOLOv8-small ready — TensorRT yolov8s.engine (imgsz=416).
WARNING ⚠️ Unable to automatically guess model task, assuming 'task=detect'. Explicitly define task for your model, i.e. 'task=detect', 'segment', 'classify', 'pose', 'obb' or 'semantic'.
Loading yolov8m.engine for TensorRT inference...
[09/09/2026-14:10:33] [TRT] [I] The logger passed into createInferRuntime differs from one already provided for an existing builder, runtime, or refitter. Uses of the global logger, returned by nvinfer1::getLogger(), will return the existing value.
[09/09/2026-14:10:33] [TRT] [I] Loaded engine size: 52 MiB
[09/09/2026-14:10:33] [TRT] [I] [MemUsageChange] TensorRT-managed allocation in IExecutionContext creation: CPU +0, GPU +29, now: CPU 1, GPU 117 (MiB)
14:10:33  INFO     [RAMS] YOLOv8-medium ready — TensorRT yolov8m.engine (imgsz=640).
14:10:33  INFO     [RAMS] Controller ready. Policy: fixed
14:10:34  INFO     [RAMS] Tier switch: SMALL → MEDIUM  (R=0.652)
14:10:34  INFO       [fixed_medium / heavy] 20/200  tier=MEDIUM  latency=16.4 ms  R=0.763  target=0.75  dets=3  vru=False  backend=tensorrt
14:10:35  INFO       [fixed_medium / heavy] 40/200  tier=MEDIUM  latency=15.8 ms  R=0.778  target=0.75  dets=4  vru=False  backend=tensorrt
14:10:36  INFO       [fixed_medium / heavy] 60/200  tier=MEDIUM  latency=20.1 ms  R=0.757  target=0.75  dets=7  vru=False  backend=tensorrt
14:10:36  INFO       [fixed_medium / heavy] 80/200  tier=MEDIUM  latency=14.5 ms  R=0.718  target=0.75  dets=6  vru=True  backend=tensorrt
14:10:37  INFO       [fixed_medium / heavy] 100/200  tier=MEDIUM  latency=14.3 ms  R=0.712  target=0.75  dets=4  vru=True  backend=tensorrt
14:10:38  INFO       [fixed_medium / heavy] 120/200  tier=MEDIUM  latency=15.5 ms  R=0.641  target=0.75  dets=10  vru=True  backend=tensorrt
14:10:38  INFO       [fixed_medium / heavy] 140/200  tier=MEDIUM  latency=15.3 ms  R=0.679  target=0.75  dets=5  vru=False  backend=tensorrt
14:10:39  INFO       [fixed_medium / heavy] 160/200  tier=MEDIUM  latency=13.5 ms  R=0.693  target=0.75  dets=1  vru=False  backend=tensorrt
14:10:39  INFO       [fixed_medium / heavy] 180/200  tier=MEDIUM  latency=15.3 ms  R=0.650  target=0.75  dets=10  vru=False  backend=tensorrt
14:10:40  INFO       [fixed_medium / heavy] 200/200  tier=MEDIUM  latency=15.0 ms  R=0.677  target=0.75  dets=4  vru=False  backend=tensorrt
14:10:40  INFO     [RAMS] Controller stopped.
14:10:40  INFO     
--- Block 6/10  Policy: fixed_small  Load: heavy (75%) ---
14:10:40  INFO     [RAMS] Starting resource monitor ...
14:10:40  INFO     [RAMS] Loading model tiers ...
WARNING ⚠️ Unable to automatically guess model task, assuming 'task=detect'. Explicitly define task for your model, i.e. 'task=detect', 'segment', 'classify', 'pose', 'obb' or 'semantic'.
Loading yolov8n.engine for TensorRT inference...
[09/09/2026-14:10:40] [TRT] [I] Loaded engine size: 7 MiB
[09/09/2026-14:10:40] [TRT] [I] [MemUsageChange] TensorRT-managed allocation in IExecutionContext creation: CPU +0, GPU +3, now: CPU 0, GPU 9 (MiB)
14:10:40  INFO     [RAMS] YOLOv8-nano ready — TensorRT yolov8n.engine (imgsz=320).
WARNING ⚠️ Unable to automatically guess model task, assuming 'task=detect'. Explicitly define task for your model, i.e. 'task=detect', 'segment', 'classify', 'pose', 'obb' or 'semantic'.
Loading yolov8s.engine for TensorRT inference...
[09/09/2026-14:10:40] [TRT] [I] The logger passed into createInferRuntime differs from one already provided for an existing builder, runtime, or refitter. Uses of the global logger, returned by nvinfer1::getLogger(), will return the existing value.
[09/09/2026-14:10:40] [TRT] [I] Loaded engine size: 23 MiB
[09/09/2026-14:10:40] [TRT] [I] [MemUsageChange] TensorRT-managed allocation in IExecutionContext creation: CPU +1, GPU +7, now: CPU 1, GPU 38 (MiB)
14:10:40  INFO     [RAMS] YOLOv8-small ready — TensorRT yolov8s.engine (imgsz=416).
WARNING ⚠️ Unable to automatically guess model task, assuming 'task=detect'. Explicitly define task for your model, i.e. 'task=detect', 'segment', 'classify', 'pose', 'obb' or 'semantic'.
Loading yolov8m.engine for TensorRT inference...
[09/09/2026-14:10:40] [TRT] [I] The logger passed into createInferRuntime differs from one already provided for an existing builder, runtime, or refitter. Uses of the global logger, returned by nvinfer1::getLogger(), will return the existing value.
[09/09/2026-14:10:40] [TRT] [I] Loaded engine size: 52 MiB
[09/09/2026-14:10:40] [TRT] [I] [MemUsageChange] TensorRT-managed allocation in IExecutionContext creation: CPU +0, GPU +29, now: CPU 1, GPU 117 (MiB)
14:10:40  INFO     [RAMS] YOLOv8-medium ready — TensorRT yolov8m.engine (imgsz=640).
14:10:40  INFO     [RAMS] Controller ready. Policy: fixed
14:10:42  INFO       [fixed_small / heavy] 20/200  tier=SMALL   latency=7.4 ms  R=0.650  target=0.75  dets=2  vru=False  backend=tensorrt
14:10:42  INFO       [fixed_small / heavy] 40/200  tier=SMALL   latency=7.5 ms  R=0.673  target=0.75  dets=2  vru=False  backend=tensorrt
14:10:43  INFO       [fixed_small / heavy] 60/200  tier=SMALL   latency=8.1 ms  R=0.671  target=0.75  dets=5  vru=False  backend=tensorrt
14:10:43  INFO       [fixed_small / heavy] 80/200  tier=SMALL   latency=8.0 ms  R=0.671  target=0.75  dets=3  vru=True  backend=tensorrt
14:10:43  INFO       [fixed_small / heavy] 100/200  tier=SMALL   latency=7.5 ms  R=0.661  target=0.75  dets=2  vru=False  backend=tensorrt
14:10:44  INFO       [fixed_small / heavy] 120/200  tier=SMALL   latency=8.1 ms  R=0.652  target=0.75  dets=5  vru=False  backend=tensorrt
14:10:44  INFO       [fixed_small / heavy] 140/200  tier=SMALL   latency=11.3 ms  R=0.655  target=0.75  dets=4  vru=False  backend=tensorrt
14:10:45  INFO       [fixed_small / heavy] 160/200  tier=SMALL   latency=7.5 ms  R=0.666  target=0.75  dets=1  vru=False  backend=tensorrt
14:10:45  INFO       [fixed_small / heavy] 180/200  tier=SMALL   latency=8.5 ms  R=0.708  target=0.75  dets=6  vru=False  backend=tensorrt
14:10:46  INFO       [fixed_small / heavy] 200/200  tier=SMALL   latency=5.8 ms  R=0.652  target=0.75  dets=0  vru=False  backend=tensorrt
14:10:46  INFO     [RAMS] Controller stopped.
14:10:46  INFO     
--- Block 6/10  Policy: safety  Load: heavy (75%) ---
14:10:46  INFO     [RAMS] Starting resource monitor ...
14:10:46  INFO     [RAMS] Loading model tiers ...
WARNING ⚠️ Unable to automatically guess model task, assuming 'task=detect'. Explicitly define task for your model, i.e. 'task=detect', 'segment', 'classify', 'pose', 'obb' or 'semantic'.
Loading yolov8n.engine for TensorRT inference...
[09/09/2026-14:10:46] [TRT] [I] Loaded engine size: 7 MiB
[09/09/2026-14:10:46] [TRT] [I] [MemUsageChange] TensorRT-managed allocation in IExecutionContext creation: CPU +0, GPU +3, now: CPU 0, GPU 9 (MiB)
14:10:46  INFO     [RAMS] YOLOv8-nano ready — TensorRT yolov8n.engine (imgsz=320).
WARNING ⚠️ Unable to automatically guess model task, assuming 'task=detect'. Explicitly define task for your model, i.e. 'task=detect', 'segment', 'classify', 'pose', 'obb' or 'semantic'.
Loading yolov8s.engine for TensorRT inference...
[09/09/2026-14:10:46] [TRT] [I] The logger passed into createInferRuntime differs from one already provided for an existing builder, runtime, or refitter. Uses of the global logger, returned by nvinfer1::getLogger(), will return the existing value.
[09/09/2026-14:10:46] [TRT] [I] Loaded engine size: 23 MiB
[09/09/2026-14:10:46] [TRT] [I] [MemUsageChange] TensorRT-managed allocation in IExecutionContext creation: CPU +1, GPU +7, now: CPU 1, GPU 38 (MiB)
14:10:46  INFO     [RAMS] YOLOv8-small ready — TensorRT yolov8s.engine (imgsz=416).
WARNING ⚠️ Unable to automatically guess model task, assuming 'task=detect'. Explicitly define task for your model, i.e. 'task=detect', 'segment', 'classify', 'pose', 'obb' or 'semantic'.
Loading yolov8m.engine for TensorRT inference...
[09/09/2026-14:10:46] [TRT] [I] The logger passed into createInferRuntime differs from one already provided for an existing builder, runtime, or refitter. Uses of the global logger, returned by nvinfer1::getLogger(), will return the existing value.
[09/09/2026-14:10:46] [TRT] [I] Loaded engine size: 52 MiB
[09/09/2026-14:10:46] [TRT] [I] [MemUsageChange] TensorRT-managed allocation in IExecutionContext creation: CPU +0, GPU +29, now: CPU 1, GPU 117 (MiB)
14:10:46  INFO     [RAMS] YOLOv8-medium ready — TensorRT yolov8m.engine (imgsz=640).
14:10:46  INFO     [RAMS] Controller ready. Policy: safety
14:10:47  INFO       [safety / heavy] 20/200  tier=SMALL   latency=9.4 ms  R=0.680  target=0.75  dets=2  vru=False  backend=tensorrt
14:10:48  INFO       [safety / heavy] 40/200  tier=SMALL   latency=7.5 ms  R=0.673  target=0.75  dets=2  vru=False  backend=tensorrt
14:10:48  INFO       [safety / heavy] 60/200  tier=SMALL   latency=8.1 ms  R=0.676  target=0.75  dets=5  vru=False  backend=tensorrt
14:10:49  INFO       [safety / heavy] 80/200  tier=SMALL   latency=7.9 ms  R=0.672  target=0.75  dets=3  vru=True  backend=tensorrt
14:10:49  INFO       [safety / heavy] 100/200  tier=SMALL   latency=7.9 ms  R=0.730  target=0.75  dets=2  vru=False  backend=tensorrt
14:10:50  INFO       [safety / heavy] 120/200  tier=SMALL   latency=8.1 ms  R=0.672  target=0.75  dets=5  vru=False  backend=tensorrt
14:10:50  INFO       [safety / heavy] 140/200  tier=SMALL   latency=7.9 ms  R=0.670  target=0.75  dets=4  vru=False  backend=tensorrt
14:10:50  INFO       [safety / heavy] 160/200  tier=SMALL   latency=7.5 ms  R=0.655  target=0.75  dets=1  vru=False  backend=tensorrt
14:10:51  INFO       [safety / heavy] 180/200  tier=SMALL   latency=8.4 ms  R=0.677  target=0.75  dets=6  vru=False  backend=tensorrt
14:10:51  INFO       [safety / heavy] 200/200  tier=SMALL   latency=6.1 ms  R=0.658  target=0.75  dets=0  vru=False  backend=tensorrt
14:10:51  INFO     [RAMS] Controller stopped.
14:10:52  INFO     
--- Block 6/10  Policy: predictive  Load: heavy (75%) ---
14:10:52  INFO     [RAMS] Starting resource monitor ...
14:10:52  INFO     [RAMS] Loading model tiers ...
WARNING ⚠️ Unable to automatically guess model task, assuming 'task=detect'. Explicitly define task for your model, i.e. 'task=detect', 'segment', 'classify', 'pose', 'obb' or 'semantic'.
Loading yolov8n.engine for TensorRT inference...
[09/09/2026-14:10:52] [TRT] [I] Loaded engine size: 7 MiB
[09/09/2026-14:10:52] [TRT] [I] [MemUsageChange] TensorRT-managed allocation in IExecutionContext creation: CPU +0, GPU +3, now: CPU 0, GPU 9 (MiB)
14:10:52  INFO     [RAMS] YOLOv8-nano ready — TensorRT yolov8n.engine (imgsz=320).
WARNING ⚠️ Unable to automatically guess model task, assuming 'task=detect'. Explicitly define task for your model, i.e. 'task=detect', 'segment', 'classify', 'pose', 'obb' or 'semantic'.
Loading yolov8s.engine for TensorRT inference...
[09/09/2026-14:10:52] [TRT] [I] The logger passed into createInferRuntime differs from one already provided for an existing builder, runtime, or refitter. Uses of the global logger, returned by nvinfer1::getLogger(), will return the existing value.
[09/09/2026-14:10:52] [TRT] [I] Loaded engine size: 23 MiB
[09/09/2026-14:10:52] [TRT] [I] [MemUsageChange] TensorRT-managed allocation in IExecutionContext creation: CPU +1, GPU +7, now: CPU 1, GPU 38 (MiB)
14:10:52  INFO     [RAMS] YOLOv8-small ready — TensorRT yolov8s.engine (imgsz=416).
WARNING ⚠️ Unable to automatically guess model task, assuming 'task=detect'. Explicitly define task for your model, i.e. 'task=detect', 'segment', 'classify', 'pose', 'obb' or 'semantic'.
Loading yolov8m.engine for TensorRT inference...
[09/09/2026-14:10:52] [TRT] [I] The logger passed into createInferRuntime differs from one already provided for an existing builder, runtime, or refitter. Uses of the global logger, returned by nvinfer1::getLogger(), will return the existing value.
[09/09/2026-14:10:52] [TRT] [I] Loaded engine size: 52 MiB
[09/09/2026-14:10:52] [TRT] [I] [MemUsageChange] TensorRT-managed allocation in IExecutionContext creation: CPU +0, GPU +29, now: CPU 1, GPU 117 (MiB)
14:10:52  INFO     [RAMS] YOLOv8-medium ready — TensorRT yolov8m.engine (imgsz=640).
14:10:52  INFO     [RAMS] Controller ready. Policy: predictive
14:10:53  INFO     [RAMS] Tier switch: SMALL → NANO  (R=0.650)
14:10:53  INFO       [predictive / heavy] 20/200  tier=NANO    latency=6.2 ms  R=0.738  target=0.75  dets=1  vru=False  backend=tensorrt
14:10:54  INFO       [predictive / heavy] 40/200  tier=NANO    latency=6.2 ms  R=0.722  target=0.75  dets=1  vru=False  backend=tensorrt
14:10:54  INFO       [predictive / heavy] 60/200  tier=NANO    latency=11.2 ms  R=0.697  target=0.75  dets=4  vru=False  backend=tensorrt
14:10:54  INFO       [predictive / heavy] 80/200  tier=NANO    latency=8.3 ms  R=0.694  target=0.75  dets=4  vru=True  backend=tensorrt
14:10:55  INFO       [predictive / heavy] 100/200  tier=NANO    latency=6.6 ms  R=0.697  target=0.75  dets=3  vru=False  backend=tensorrt
14:10:55  INFO       [predictive / heavy] 120/200  tier=NANO    latency=13.6 ms  R=0.714  target=0.75  dets=4  vru=False  backend=tensorrt
14:10:56  INFO       [predictive / heavy] 140/200  tier=NANO    latency=10.2 ms  R=0.696  target=0.75  dets=3  vru=False  backend=tensorrt
14:10:56  INFO       [predictive / heavy] 160/200  tier=NANO    latency=6.2 ms  R=0.725  target=0.75  dets=1  vru=False  backend=tensorrt
14:10:57  INFO       [predictive / heavy] 180/200  tier=NANO    latency=7.2 ms  R=0.711  target=0.75  dets=6  vru=False  backend=tensorrt
14:10:57  INFO       [predictive / heavy] 200/200  tier=NANO    latency=4.7 ms  R=0.692  target=0.75  dets=0  vru=False  backend=tensorrt
14:10:57  INFO     [RAMS] Controller stopped.
14:10:57  INFO     
--- Block 7/10  Policy: adaptive  Load: heavy (75%) ---
14:10:57  INFO     [RAMS] Starting resource monitor ...
14:10:57  INFO     [RAMS] Loading model tiers ...
WARNING ⚠️ Unable to automatically guess model task, assuming 'task=detect'. Explicitly define task for your model, i.e. 'task=detect', 'segment', 'classify', 'pose', 'obb' or 'semantic'.
Loading yolov8n.engine for TensorRT inference...
[09/09/2026-14:10:57] [TRT] [I] Loaded engine size: 7 MiB
[09/09/2026-14:10:57] [TRT] [I] [MemUsageChange] TensorRT-managed allocation in IExecutionContext creation: CPU +0, GPU +3, now: CPU 0, GPU 9 (MiB)
14:10:57  INFO     [RAMS] YOLOv8-nano ready — TensorRT yolov8n.engine (imgsz=320).
WARNING ⚠️ Unable to automatically guess model task, assuming 'task=detect'. Explicitly define task for your model, i.e. 'task=detect', 'segment', 'classify', 'pose', 'obb' or 'semantic'.
Loading yolov8s.engine for TensorRT inference...
[09/09/2026-14:10:57] [TRT] [I] The logger passed into createInferRuntime differs from one already provided for an existing builder, runtime, or refitter. Uses of the global logger, returned by nvinfer1::getLogger(), will return the existing value.
[09/09/2026-14:10:57] [TRT] [I] Loaded engine size: 23 MiB
[09/09/2026-14:10:57] [TRT] [I] [MemUsageChange] TensorRT-managed allocation in IExecutionContext creation: CPU +1, GPU +7, now: CPU 1, GPU 38 (MiB)
14:10:57  INFO     [RAMS] YOLOv8-small ready — TensorRT yolov8s.engine (imgsz=416).
WARNING ⚠️ Unable to automatically guess model task, assuming 'task=detect'. Explicitly define task for your model, i.e. 'task=detect', 'segment', 'classify', 'pose', 'obb' or 'semantic'.
Loading yolov8m.engine for TensorRT inference...
[09/09/2026-14:10:57] [TRT] [I] The logger passed into createInferRuntime differs from one already provided for an existing builder, runtime, or refitter. Uses of the global logger, returned by nvinfer1::getLogger(), will return the existing value.
[09/09/2026-14:10:57] [TRT] [I] Loaded engine size: 52 MiB
[09/09/2026-14:10:57] [TRT] [I] [MemUsageChange] TensorRT-managed allocation in IExecutionContext creation: CPU +0, GPU +29, now: CPU 1, GPU 117 (MiB)
14:10:57  INFO     [RAMS] YOLOv8-medium ready — TensorRT yolov8m.engine (imgsz=640).
14:10:57  INFO     [RAMS] Controller ready. Policy: adaptive
14:10:59  INFO     [RAMS] Tier switch: SMALL → NANO  (R=0.603)
14:10:59  INFO       [adaptive / heavy] 20/200  tier=NANO    latency=5.9 ms  R=0.662  target=0.75  dets=1  vru=False  backend=tensorrt
14:10:59  INFO       [adaptive / heavy] 40/200  tier=NANO    latency=4.5 ms  R=0.670  target=0.75  dets=0  vru=False  backend=tensorrt
14:11:00  INFO       [adaptive / heavy] 60/200  tier=NANO    latency=7.2 ms  R=0.664  target=0.75  dets=3  vru=False  backend=tensorrt
14:11:00  INFO       [adaptive / heavy] 80/200  tier=NANO    latency=6.3 ms  R=0.662  target=0.75  dets=3  vru=False  backend=tensorrt
14:11:00  INFO       [adaptive / heavy] 100/200  tier=NANO    latency=8.1 ms  R=0.662  target=0.75  dets=11  vru=False  backend=tensorrt
14:11:01  INFO       [adaptive / heavy] 120/200  tier=NANO    latency=6.0 ms  R=0.661  target=0.75  dets=1  vru=False  backend=tensorrt
14:11:01  INFO       [adaptive / heavy] 140/200  tier=NANO    latency=6.5 ms  R=0.713  target=0.75  dets=1  vru=False  backend=tensorrt
14:11:02  INFO       [adaptive / heavy] 160/200  tier=NANO    latency=4.5 ms  R=0.656  target=0.75  dets=0  vru=False  backend=tensorrt
14:11:02  INFO       [adaptive / heavy] 180/200  tier=NANO    latency=6.2 ms  R=0.656  target=0.75  dets=3  vru=False  backend=tensorrt
14:11:02  INFO       [adaptive / heavy] 200/200  tier=NANO    latency=6.8 ms  R=0.674  target=0.75  dets=5  vru=False  backend=tensorrt
14:11:02  INFO     [RAMS] Controller stopped.
14:11:03  INFO     
--- Block 7/10  Policy: fixed_nano  Load: heavy (75%) ---
14:11:03  INFO     [RAMS] Starting resource monitor ...
14:11:03  INFO     [RAMS] Loading model tiers ...
WARNING ⚠️ Unable to automatically guess model task, assuming 'task=detect'. Explicitly define task for your model, i.e. 'task=detect', 'segment', 'classify', 'pose', 'obb' or 'semantic'.
Loading yolov8n.engine for TensorRT inference...
[09/09/2026-14:11:03] [TRT] [I] Loaded engine size: 7 MiB
[09/09/2026-14:11:03] [TRT] [I] [MemUsageChange] TensorRT-managed allocation in IExecutionContext creation: CPU +0, GPU +3, now: CPU 0, GPU 9 (MiB)
14:11:03  INFO     [RAMS] YOLOv8-nano ready — TensorRT yolov8n.engine (imgsz=320).
WARNING ⚠️ Unable to automatically guess model task, assuming 'task=detect'. Explicitly define task for your model, i.e. 'task=detect', 'segment', 'classify', 'pose', 'obb' or 'semantic'.
Loading yolov8s.engine for TensorRT inference...
[09/09/2026-14:11:03] [TRT] [I] The logger passed into createInferRuntime differs from one already provided for an existing builder, runtime, or refitter. Uses of the global logger, returned by nvinfer1::getLogger(), will return the existing value.
[09/09/2026-14:11:03] [TRT] [I] Loaded engine size: 23 MiB
[09/09/2026-14:11:03] [TRT] [I] [MemUsageChange] TensorRT-managed allocation in IExecutionContext creation: CPU +1, GPU +7, now: CPU 1, GPU 38 (MiB)
14:11:03  INFO     [RAMS] YOLOv8-small ready — TensorRT yolov8s.engine (imgsz=416).
WARNING ⚠️ Unable to automatically guess model task, assuming 'task=detect'. Explicitly define task for your model, i.e. 'task=detect', 'segment', 'classify', 'pose', 'obb' or 'semantic'.
Loading yolov8m.engine for TensorRT inference...
[09/09/2026-14:11:03] [TRT] [I] The logger passed into createInferRuntime differs from one already provided for an existing builder, runtime, or refitter. Uses of the global logger, returned by nvinfer1::getLogger(), will return the existing value.
[09/09/2026-14:11:03] [TRT] [I] Loaded engine size: 52 MiB
[09/09/2026-14:11:03] [TRT] [I] [MemUsageChange] TensorRT-managed allocation in IExecutionContext creation: CPU +0, GPU +29, now: CPU 1, GPU 117 (MiB)
14:11:03  INFO     [RAMS] YOLOv8-medium ready — TensorRT yolov8m.engine (imgsz=640).
14:11:03  INFO     [RAMS] Controller ready. Policy: fixed
14:11:04  INFO     [RAMS] Tier switch: SMALL → NANO  (R=0.592)
14:11:04  INFO       [fixed_nano / heavy] 20/200  tier=NANO    latency=6.3 ms  R=0.701  target=0.75  dets=1  vru=False  backend=tensorrt
14:11:05  INFO       [fixed_nano / heavy] 40/200  tier=NANO    latency=4.5 ms  R=0.659  target=0.75  dets=0  vru=False  backend=tensorrt
14:11:05  INFO       [fixed_nano / heavy] 60/200  tier=NANO    latency=6.5 ms  R=0.663  target=0.75  dets=3  vru=False  backend=tensorrt
14:11:05  INFO       [fixed_nano / heavy] 80/200  tier=NANO    latency=6.5 ms  R=0.668  target=0.75  dets=3  vru=False  backend=tensorrt
14:11:06  INFO       [fixed_nano / heavy] 100/200  tier=NANO    latency=10.7 ms  R=0.662  target=0.75  dets=11  vru=False  backend=tensorrt
14:11:06  INFO       [fixed_nano / heavy] 120/200  tier=NANO    latency=6.4 ms  R=0.672  target=0.75  dets=1  vru=False  backend=tensorrt
14:11:06  INFO       [fixed_nano / heavy] 140/200  tier=NANO    latency=6.7 ms  R=0.662  target=0.75  dets=1  vru=False  backend=tensorrt
14:11:07  INFO       [fixed_nano / heavy] 160/200  tier=NANO    latency=4.5 ms  R=0.667  target=0.75  dets=0  vru=False  backend=tensorrt
14:11:07  INFO       [fixed_nano / heavy] 180/200  tier=NANO    latency=6.5 ms  R=0.698  target=0.75  dets=3  vru=False  backend=tensorrt
14:11:08  INFO       [fixed_nano / heavy] 200/200  tier=NANO    latency=6.7 ms  R=0.666  target=0.75  dets=5  vru=False  backend=tensorrt
14:11:08  INFO     [RAMS] Controller stopped.
14:11:08  INFO     
--- Block 7/10  Policy: fixed_medium  Load: heavy (75%) ---
14:11:08  INFO     [RAMS] Starting resource monitor ...
14:11:08  INFO     [RAMS] Loading model tiers ...
WARNING ⚠️ Unable to automatically guess model task, assuming 'task=detect'. Explicitly define task for your model, i.e. 'task=detect', 'segment', 'classify', 'pose', 'obb' or 'semantic'.
Loading yolov8n.engine for TensorRT inference...
[09/09/2026-14:11:08] [TRT] [I] Loaded engine size: 7 MiB
[09/09/2026-14:11:08] [TRT] [I] [MemUsageChange] TensorRT-managed allocation in IExecutionContext creation: CPU +0, GPU +3, now: CPU 0, GPU 9 (MiB)
14:11:08  INFO     [RAMS] YOLOv8-nano ready — TensorRT yolov8n.engine (imgsz=320).
WARNING ⚠️ Unable to automatically guess model task, assuming 'task=detect'. Explicitly define task for your model, i.e. 'task=detect', 'segment', 'classify', 'pose', 'obb' or 'semantic'.
Loading yolov8s.engine for TensorRT inference...
[09/09/2026-14:11:08] [TRT] [I] The logger passed into createInferRuntime differs from one already provided for an existing builder, runtime, or refitter. Uses of the global logger, returned by nvinfer1::getLogger(), will return the existing value.
[09/09/2026-14:11:08] [TRT] [I] Loaded engine size: 23 MiB
[09/09/2026-14:11:08] [TRT] [I] [MemUsageChange] TensorRT-managed allocation in IExecutionContext creation: CPU +1, GPU +7, now: CPU 1, GPU 38 (MiB)
14:11:08  INFO     [RAMS] YOLOv8-small ready — TensorRT yolov8s.engine (imgsz=416).
WARNING ⚠️ Unable to automatically guess model task, assuming 'task=detect'. Explicitly define task for your model, i.e. 'task=detect', 'segment', 'classify', 'pose', 'obb' or 'semantic'.
Loading yolov8m.engine for TensorRT inference...
[09/09/2026-14:11:08] [TRT] [I] The logger passed into createInferRuntime differs from one already provided for an existing builder, runtime, or refitter. Uses of the global logger, returned by nvinfer1::getLogger(), will return the existing value.
[09/09/2026-14:11:08] [TRT] [I] Loaded engine size: 52 MiB
[09/09/2026-14:11:08] [TRT] [I] [MemUsageChange] TensorRT-managed allocation in IExecutionContext creation: CPU +0, GPU +29, now: CPU 1, GPU 117 (MiB)
14:11:08  INFO     [RAMS] YOLOv8-medium ready — TensorRT yolov8m.engine (imgsz=640).
14:11:08  INFO     [RAMS] Controller ready. Policy: fixed
14:11:09  INFO     [RAMS] Tier switch: SMALL → MEDIUM  (R=0.594)
14:11:10  INFO       [fixed_medium / heavy] 20/200  tier=MEDIUM  latency=13.8 ms  R=0.657  target=0.75  dets=1  vru=False  backend=tensorrt
14:11:10  INFO       [fixed_medium / heavy] 40/200  tier=MEDIUM  latency=15.2 ms  R=0.750  target=0.75  dets=7  vru=False  backend=tensorrt
14:11:11  INFO       [fixed_medium / heavy] 60/200  tier=MEDIUM  latency=13.8 ms  R=0.668  target=0.75  dets=3  vru=False  backend=tensorrt
14:11:11  INFO       [fixed_medium / heavy] 80/200  tier=MEDIUM  latency=16.0 ms  R=0.637  target=0.75  dets=5  vru=True  backend=tensorrt
14:11:12  INFO       [fixed_medium / heavy] 100/200  tier=MEDIUM  latency=16.2 ms  R=0.718  target=0.75  dets=15  vru=False  backend=tensorrt
14:11:12  INFO       [fixed_medium / heavy] 120/200  tier=MEDIUM  latency=13.8 ms  R=0.713  target=0.75  dets=3  vru=True  backend=tensorrt
14:11:13  INFO       [fixed_medium / heavy] 140/200  tier=MEDIUM  latency=15.2 ms  R=0.678  target=0.75  dets=10  vru=True  backend=tensorrt
14:11:14  INFO       [fixed_medium / heavy] 160/200  tier=MEDIUM  latency=13.9 ms  R=0.741  target=0.75  dets=1  vru=False  backend=tensorrt
14:11:14  INFO       [fixed_medium / heavy] 180/200  tier=MEDIUM  latency=15.2 ms  R=0.757  target=0.75  dets=8  vru=False  backend=tensorrt
14:11:15  INFO       [fixed_medium / heavy] 200/200  tier=MEDIUM  latency=15.2 ms  R=0.692  target=0.75  dets=7  vru=True  backend=tensorrt
14:11:15  INFO     [RAMS] Controller stopped.
14:11:15  INFO     
--- Block 7/10  Policy: fixed_small  Load: heavy (75%) ---
14:11:15  INFO     [RAMS] Starting resource monitor ...
14:11:15  INFO     [RAMS] Loading model tiers ...
WARNING ⚠️ Unable to automatically guess model task, assuming 'task=detect'. Explicitly define task for your model, i.e. 'task=detect', 'segment', 'classify', 'pose', 'obb' or 'semantic'.
Loading yolov8n.engine for TensorRT inference...
[09/09/2026-14:11:15] [TRT] [I] Loaded engine size: 7 MiB
[09/09/2026-14:11:15] [TRT] [I] [MemUsageChange] TensorRT-managed allocation in IExecutionContext creation: CPU +0, GPU +3, now: CPU 0, GPU 9 (MiB)
14:11:15  INFO     [RAMS] YOLOv8-nano ready — TensorRT yolov8n.engine (imgsz=320).
WARNING ⚠️ Unable to automatically guess model task, assuming 'task=detect'. Explicitly define task for your model, i.e. 'task=detect', 'segment', 'classify', 'pose', 'obb' or 'semantic'.
Loading yolov8s.engine for TensorRT inference...
[09/09/2026-14:11:15] [TRT] [I] The logger passed into createInferRuntime differs from one already provided for an existing builder, runtime, or refitter. Uses of the global logger, returned by nvinfer1::getLogger(), will return the existing value.
[09/09/2026-14:11:15] [TRT] [I] Loaded engine size: 23 MiB
[09/09/2026-14:11:15] [TRT] [I] [MemUsageChange] TensorRT-managed allocation in IExecutionContext creation: CPU +1, GPU +7, now: CPU 1, GPU 38 (MiB)
14:11:15  INFO     [RAMS] YOLOv8-small ready — TensorRT yolov8s.engine (imgsz=416).
WARNING ⚠️ Unable to automatically guess model task, assuming 'task=detect'. Explicitly define task for your model, i.e. 'task=detect', 'segment', 'classify', 'pose', 'obb' or 'semantic'.
Loading yolov8m.engine for TensorRT inference...
[09/09/2026-14:11:15] [TRT] [I] The logger passed into createInferRuntime differs from one already provided for an existing builder, runtime, or refitter. Uses of the global logger, returned by nvinfer1::getLogger(), will return the existing value.
[09/09/2026-14:11:15] [TRT] [I] Loaded engine size: 52 MiB
[09/09/2026-14:11:16] [TRT] [I] [MemUsageChange] TensorRT-managed allocation in IExecutionContext creation: CPU +0, GPU +29, now: CPU 1, GPU 117 (MiB)
14:11:16  INFO     [RAMS] YOLOv8-medium ready — TensorRT yolov8m.engine (imgsz=640).
14:11:16  INFO     [RAMS] Controller ready. Policy: fixed
14:11:17  INFO       [fixed_small / heavy] 20/200  tier=SMALL   latency=7.9 ms  R=0.706  target=0.75  dets=1  vru=False  backend=tensorrt
14:11:17  INFO       [fixed_small / heavy] 40/200  tier=SMALL   latency=9.0 ms  R=0.714  target=0.75  dets=6  vru=False  backend=tensorrt
14:11:18  INFO       [fixed_small / heavy] 60/200  tier=SMALL   latency=8.3 ms  R=0.721  target=0.75  dets=3  vru=False  backend=tensorrt
14:11:18  INFO       [fixed_small / heavy] 80/200  tier=SMALL   latency=8.7 ms  R=0.718  target=0.75  dets=4  vru=False  backend=tensorrt
14:11:19  INFO       [fixed_small / heavy] 100/200  tier=SMALL   latency=12.1 ms  R=0.677  target=0.75  dets=9  vru=False  backend=tensorrt
14:11:19  INFO       [fixed_small / heavy] 120/200  tier=SMALL   latency=7.5 ms  R=0.679  target=0.75  dets=2  vru=False  backend=tensorrt
14:11:20  INFO       [fixed_small / heavy] 140/200  tier=SMALL   latency=8.6 ms  R=0.690  target=0.75  dets=7  vru=True  backend=tensorrt
14:11:20  INFO       [fixed_small / heavy] 160/200  tier=SMALL   latency=6.1 ms  R=0.669  target=0.75  dets=0  vru=False  backend=tensorrt
14:11:21  INFO       [fixed_small / heavy] 180/200  tier=SMALL   latency=8.4 ms  R=0.669  target=0.75  dets=4  vru=False  backend=tensorrt
14:11:21  INFO       [fixed_small / heavy] 200/200  tier=SMALL   latency=8.8 ms  R=0.671  target=0.75  dets=8  vru=True  backend=tensorrt
14:11:21  INFO     [RAMS] Controller stopped.
14:11:21  INFO     
--- Block 7/10  Policy: safety2  Load: heavy (75%) ---
14:11:21  INFO     [RAMS] Starting resource monitor ...
14:11:21  INFO     [RAMS] Loading model tiers ...
WARNING ⚠️ Unable to automatically guess model task, assuming 'task=detect'. Explicitly define task for your model, i.e. 'task=detect', 'segment', 'classify', 'pose', 'obb' or 'semantic'.
Loading yolov8n.engine for TensorRT inference...
[09/09/2026-14:11:21] [TRT] [I] Loaded engine size: 7 MiB
[09/09/2026-14:11:21] [TRT] [I] [MemUsageChange] TensorRT-managed allocation in IExecutionContext creation: CPU +0, GPU +3, now: CPU 0, GPU 9 (MiB)
14:11:21  INFO     [RAMS] YOLOv8-nano ready — TensorRT yolov8n.engine (imgsz=320).
WARNING ⚠️ Unable to automatically guess model task, assuming 'task=detect'. Explicitly define task for your model, i.e. 'task=detect', 'segment', 'classify', 'pose', 'obb' or 'semantic'.
Loading yolov8s.engine for TensorRT inference...
[09/09/2026-14:11:21] [TRT] [I] The logger passed into createInferRuntime differs from one already provided for an existing builder, runtime, or refitter. Uses of the global logger, returned by nvinfer1::getLogger(), will return the existing value.
[09/09/2026-14:11:21] [TRT] [I] Loaded engine size: 23 MiB
[09/09/2026-14:11:21] [TRT] [I] [MemUsageChange] TensorRT-managed allocation in IExecutionContext creation: CPU +1, GPU +7, now: CPU 1, GPU 38 (MiB)
14:11:21  INFO     [RAMS] YOLOv8-small ready — TensorRT yolov8s.engine (imgsz=416).
WARNING ⚠️ Unable to automatically guess model task, assuming 'task=detect'. Explicitly define task for your model, i.e. 'task=detect', 'segment', 'classify', 'pose', 'obb' or 'semantic'.
Loading yolov8m.engine for TensorRT inference...
[09/09/2026-14:11:21] [TRT] [I] The logger passed into createInferRuntime differs from one already provided for an existing builder, runtime, or refitter. Uses of the global logger, returned by nvinfer1::getLogger(), will return the existing value.
[09/09/2026-14:11:21] [TRT] [I] Loaded engine size: 52 MiB
[09/09/2026-14:11:21] [TRT] [I] [MemUsageChange] TensorRT-managed allocation in IExecutionContext creation: CPU +0, GPU +29, now: CPU 1, GPU 117 (MiB)
14:11:21  INFO     [RAMS] YOLOv8-medium ready — TensorRT yolov8m.engine (imgsz=640).
14:11:21  INFO     [RAMS] Controller ready. Policy: safety2
14:11:23  INFO     [RAMS] Tier switch: SMALL → NANO  (R=0.591)
14:11:23  INFO     [RAMS] Tier switch: NANO → MEDIUM  (R=0.660)
14:11:23  INFO       [safety2 / heavy] 20/200  tier=MEDIUM  latency=13.5 ms  R=0.675  target=0.75  dets=1  vru=False  backend=tensorrt
14:11:23  INFO     [RAMS] Tier switch: MEDIUM → SMALL  (R=0.758)
14:11:23  INFO     [RAMS] Tier switch: SMALL → MEDIUM  (R=0.758)
14:11:24  INFO       [safety2 / heavy] 40/200  tier=MEDIUM  latency=14.8 ms  R=0.709  target=0.75  dets=7  vru=False  backend=tensorrt
14:11:24  INFO     [RAMS] Tier switch: MEDIUM → NANO  (R=0.642)
14:11:24  INFO       [safety2 / heavy] 60/200  tier=NANO    latency=6.3 ms  R=0.661  target=0.75  dets=3  vru=False  backend=tensorrt
14:11:24  INFO     [RAMS] Tier switch: NANO → MEDIUM  (R=0.661)
14:11:25  INFO       [safety2 / heavy] 80/200  tier=MEDIUM  latency=14.2 ms  R=0.719  target=0.75  dets=5  vru=True  backend=tensorrt
14:11:25  INFO       [safety2 / heavy] 100/200  tier=MEDIUM  latency=16.7 ms  R=0.646  target=0.75  dets=15  vru=False  backend=tensorrt
14:11:26  INFO     [RAMS] Tier switch: MEDIUM → NANO  (R=0.647)
14:11:26  INFO     [RAMS] Tier switch: NANO → MEDIUM  (R=0.647)
14:11:26  INFO       [safety2 / heavy] 120/200  tier=MEDIUM  latency=19.0 ms  R=0.647  target=0.75  dets=3  vru=True  backend=tensorrt
14:11:26  INFO     [RAMS] Tier switch: MEDIUM → SMALL  (R=0.749)
14:11:26  INFO     [RAMS] Tier switch: SMALL → MEDIUM  (R=0.749)
14:11:26  INFO       [safety2 / heavy] 140/200  tier=MEDIUM  latency=15.3 ms  R=0.749  target=0.75  dets=10  vru=True  backend=tensorrt
14:11:27  INFO       [safety2 / heavy] 160/200  tier=MEDIUM  latency=13.5 ms  R=0.690  target=0.75  dets=1  vru=False  backend=tensorrt
14:11:27  INFO     [RAMS] Tier switch: MEDIUM → NANO  (R=0.716)
14:11:27  INFO     [RAMS] Tier switch: NANO → SMALL  (R=0.716)
14:11:27  INFO     [RAMS] Tier switch: SMALL → MEDIUM  (R=0.669)
14:11:27  INFO       [safety2 / heavy] 180/200  tier=MEDIUM  latency=14.9 ms  R=0.694  target=0.75  dets=8  vru=False  backend=tensorrt
14:11:28  INFO       [safety2 / heavy] 200/200  tier=MEDIUM  latency=17.8 ms  R=0.718  target=0.75  dets=7  vru=True  backend=tensorrt
14:11:28  INFO     [RAMS] Controller stopped.
14:11:28  INFO     
--- Block 7/10  Policy: threshold  Load: heavy (75%) ---
14:11:28  INFO     [RAMS] Starting resource monitor ...
14:11:28  INFO     [RAMS] Loading model tiers ...
WARNING ⚠️ Unable to automatically guess model task, assuming 'task=detect'. Explicitly define task for your model, i.e. 'task=detect', 'segment', 'classify', 'pose', 'obb' or 'semantic'.
Loading yolov8n.engine for TensorRT inference...
[09/09/2026-14:11:28] [TRT] [I] Loaded engine size: 7 MiB
[09/09/2026-14:11:28] [TRT] [I] [MemUsageChange] TensorRT-managed allocation in IExecutionContext creation: CPU +0, GPU +3, now: CPU 0, GPU 9 (MiB)
14:11:28  INFO     [RAMS] YOLOv8-nano ready — TensorRT yolov8n.engine (imgsz=320).
WARNING ⚠️ Unable to automatically guess model task, assuming 'task=detect'. Explicitly define task for your model, i.e. 'task=detect', 'segment', 'classify', 'pose', 'obb' or 'semantic'.
Loading yolov8s.engine for TensorRT inference...
[09/09/2026-14:11:28] [TRT] [I] The logger passed into createInferRuntime differs from one already provided for an existing builder, runtime, or refitter. Uses of the global logger, returned by nvinfer1::getLogger(), will return the existing value.
[09/09/2026-14:11:28] [TRT] [I] Loaded engine size: 23 MiB
[09/09/2026-14:11:28] [TRT] [I] [MemUsageChange] TensorRT-managed allocation in IExecutionContext creation: CPU +1, GPU +7, now: CPU 1, GPU 38 (MiB)
14:11:28  INFO     [RAMS] YOLOv8-small ready — TensorRT yolov8s.engine (imgsz=416).
WARNING ⚠️ Unable to automatically guess model task, assuming 'task=detect'. Explicitly define task for your model, i.e. 'task=detect', 'segment', 'classify', 'pose', 'obb' or 'semantic'.
Loading yolov8m.engine for TensorRT inference...
[09/09/2026-14:11:28] [TRT] [I] The logger passed into createInferRuntime differs from one already provided for an existing builder, runtime, or refitter. Uses of the global logger, returned by nvinfer1::getLogger(), will return the existing value.
[09/09/2026-14:11:28] [TRT] [I] Loaded engine size: 52 MiB
[09/09/2026-14:11:28] [TRT] [I] [MemUsageChange] TensorRT-managed allocation in IExecutionContext creation: CPU +0, GPU +29, now: CPU 1, GPU 117 (MiB)
14:11:28  INFO     [RAMS] YOLOv8-medium ready — TensorRT yolov8m.engine (imgsz=640).
14:11:28  INFO     [RAMS] Controller ready. Policy: threshold
14:11:29  INFO     [RAMS] Tier switch: SMALL → NANO  (R=0.610)
14:11:30  INFO       [threshold / heavy] 20/200  tier=NANO    latency=6.1 ms  R=0.652  target=0.75  dets=1  vru=False  backend=tensorrt
14:11:30  INFO       [threshold / heavy] 40/200  tier=NANO    latency=4.9 ms  R=0.665  target=0.75  dets=0  vru=False  backend=tensorrt
14:11:30  INFO       [threshold / heavy] 60/200  tier=NANO    latency=6.5 ms  R=0.661  target=0.75  dets=3  vru=False  backend=tensorrt
14:11:31  INFO       [threshold / heavy] 80/200  tier=NANO    latency=6.3 ms  R=0.662  target=0.75  dets=3  vru=False  backend=tensorrt
14:11:31  INFO       [threshold / heavy] 100/200  tier=NANO    latency=8.0 ms  R=0.720  target=0.75  dets=11  vru=False  backend=tensorrt
14:11:32  INFO       [threshold / heavy] 120/200  tier=NANO    latency=5.9 ms  R=0.661  target=0.75  dets=1  vru=False  backend=tensorrt
14:11:32  INFO       [threshold / heavy] 140/200  tier=NANO    latency=5.8 ms  R=0.661  target=0.75  dets=1  vru=False  backend=tensorrt
14:11:32  INFO       [threshold / heavy] 160/200  tier=NANO    latency=4.5 ms  R=0.663  target=0.75  dets=0  vru=False  backend=tensorrt
14:11:33  INFO       [threshold / heavy] 180/200  tier=NANO    latency=6.4 ms  R=0.662  target=0.75  dets=3  vru=False  backend=tensorrt
14:11:33  INFO       [threshold / heavy] 200/200  tier=NANO    latency=10.7 ms  R=0.651  target=0.75  dets=5  vru=False  backend=tensorrt
14:11:33  INFO     [RAMS] Controller stopped.
14:11:33  INFO     
--- Block 7/10  Policy: predictive  Load: heavy (75%) ---
14:11:33  INFO     [RAMS] Starting resource monitor ...
14:11:33  INFO     [RAMS] Loading model tiers ...
WARNING ⚠️ Unable to automatically guess model task, assuming 'task=detect'. Explicitly define task for your model, i.e. 'task=detect', 'segment', 'classify', 'pose', 'obb' or 'semantic'.
Loading yolov8n.engine for TensorRT inference...
[09/09/2026-14:11:33] [TRT] [I] Loaded engine size: 7 MiB
[09/09/2026-14:11:33] [TRT] [I] [MemUsageChange] TensorRT-managed allocation in IExecutionContext creation: CPU +0, GPU +3, now: CPU 0, GPU 9 (MiB)
14:11:33  INFO     [RAMS] YOLOv8-nano ready — TensorRT yolov8n.engine (imgsz=320).
WARNING ⚠️ Unable to automatically guess model task, assuming 'task=detect'. Explicitly define task for your model, i.e. 'task=detect', 'segment', 'classify', 'pose', 'obb' or 'semantic'.
Loading yolov8s.engine for TensorRT inference...
[09/09/2026-14:11:33] [TRT] [I] The logger passed into createInferRuntime differs from one already provided for an existing builder, runtime, or refitter. Uses of the global logger, returned by nvinfer1::getLogger(), will return the existing value.
[09/09/2026-14:11:33] [TRT] [I] Loaded engine size: 23 MiB
[09/09/2026-14:11:33] [TRT] [I] [MemUsageChange] TensorRT-managed allocation in IExecutionContext creation: CPU +1, GPU +7, now: CPU 1, GPU 38 (MiB)
14:11:33  INFO     [RAMS] YOLOv8-small ready — TensorRT yolov8s.engine (imgsz=416).
WARNING ⚠️ Unable to automatically guess model task, assuming 'task=detect'. Explicitly define task for your model, i.e. 'task=detect', 'segment', 'classify', 'pose', 'obb' or 'semantic'.
Loading yolov8m.engine for TensorRT inference...
[09/09/2026-14:11:33] [TRT] [I] The logger passed into createInferRuntime differs from one already provided for an existing builder, runtime, or refitter. Uses of the global logger, returned by nvinfer1::getLogger(), will return the existing value.
[09/09/2026-14:11:33] [TRT] [I] Loaded engine size: 52 MiB
[09/09/2026-14:11:33] [TRT] [I] [MemUsageChange] TensorRT-managed allocation in IExecutionContext creation: CPU +0, GPU +29, now: CPU 1, GPU 117 (MiB)
14:11:34  INFO     [RAMS] YOLOv8-medium ready — TensorRT yolov8m.engine (imgsz=640).
14:11:34  INFO     [RAMS] Controller ready. Policy: predictive
14:11:35  INFO     [RAMS] Tier switch: SMALL → NANO  (R=0.595)
14:11:35  INFO       [predictive / heavy] 20/200  tier=NANO    latency=6.4 ms  R=0.659  target=0.75  dets=1  vru=False  backend=tensorrt
14:11:35  INFO       [predictive / heavy] 40/200  tier=NANO    latency=5.0 ms  R=0.718  target=0.75  dets=0  vru=False  backend=tensorrt
14:11:36  INFO       [predictive / heavy] 60/200  tier=NANO    latency=6.8 ms  R=0.703  target=0.75  dets=3  vru=False  backend=tensorrt
14:11:36  INFO       [predictive / heavy] 80/200  tier=NANO    latency=7.1 ms  R=0.704  target=0.75  dets=3  vru=False  backend=tensorrt
14:11:37  INFO       [predictive / heavy] 100/200  tier=NANO    latency=8.2 ms  R=0.675  target=0.75  dets=11  vru=False  backend=tensorrt
14:11:37  INFO       [predictive / heavy] 120/200  tier=NANO    latency=6.6 ms  R=0.715  target=0.75  dets=1  vru=False  backend=tensorrt
14:11:37  INFO       [predictive / heavy] 140/200  tier=NANO    latency=6.3 ms  R=0.742  target=0.75  dets=1  vru=False  backend=tensorrt
14:11:38  INFO       [predictive / heavy] 160/200  tier=NANO    latency=4.7 ms  R=0.705  target=0.75  dets=0  vru=False  backend=tensorrt
14:11:38  INFO       [predictive / heavy] 180/200  tier=NANO    latency=6.6 ms  R=0.704  target=0.75  dets=3  vru=False  backend=tensorrt
14:11:38  INFO       [predictive / heavy] 200/200  tier=NANO    latency=7.1 ms  R=0.698  target=0.75  dets=5  vru=False  backend=tensorrt
14:11:39  INFO     [RAMS] Controller stopped.
14:11:39  INFO     
--- Block 7/10  Policy: safety  Load: heavy (75%) ---
14:11:39  INFO     [RAMS] Starting resource monitor ...
14:11:39  INFO     [RAMS] Loading model tiers ...
WARNING ⚠️ Unable to automatically guess model task, assuming 'task=detect'. Explicitly define task for your model, i.e. 'task=detect', 'segment', 'classify', 'pose', 'obb' or 'semantic'.
Loading yolov8n.engine for TensorRT inference...
[09/09/2026-14:11:39] [TRT] [I] Loaded engine size: 7 MiB
[09/09/2026-14:11:39] [TRT] [I] [MemUsageChange] TensorRT-managed allocation in IExecutionContext creation: CPU +0, GPU +3, now: CPU 0, GPU 9 (MiB)
14:11:39  INFO     [RAMS] YOLOv8-nano ready — TensorRT yolov8n.engine (imgsz=320).
WARNING ⚠️ Unable to automatically guess model task, assuming 'task=detect'. Explicitly define task for your model, i.e. 'task=detect', 'segment', 'classify', 'pose', 'obb' or 'semantic'.
Loading yolov8s.engine for TensorRT inference...
[09/09/2026-14:11:39] [TRT] [I] The logger passed into createInferRuntime differs from one already provided for an existing builder, runtime, or refitter. Uses of the global logger, returned by nvinfer1::getLogger(), will return the existing value.
[09/09/2026-14:11:39] [TRT] [I] Loaded engine size: 23 MiB
[09/09/2026-14:11:39] [TRT] [I] [MemUsageChange] TensorRT-managed allocation in IExecutionContext creation: CPU +1, GPU +7, now: CPU 1, GPU 38 (MiB)
14:11:39  INFO     [RAMS] YOLOv8-small ready — TensorRT yolov8s.engine (imgsz=416).
WARNING ⚠️ Unable to automatically guess model task, assuming 'task=detect'. Explicitly define task for your model, i.e. 'task=detect', 'segment', 'classify', 'pose', 'obb' or 'semantic'.
Loading yolov8m.engine for TensorRT inference...
[09/09/2026-14:11:39] [TRT] [I] The logger passed into createInferRuntime differs from one already provided for an existing builder, runtime, or refitter. Uses of the global logger, returned by nvinfer1::getLogger(), will return the existing value.
[09/09/2026-14:11:39] [TRT] [I] Loaded engine size: 52 MiB
[09/09/2026-14:11:39] [TRT] [I] [MemUsageChange] TensorRT-managed allocation in IExecutionContext creation: CPU +0, GPU +29, now: CPU 1, GPU 117 (MiB)
14:11:39  INFO     [RAMS] YOLOv8-medium ready — TensorRT yolov8m.engine (imgsz=640).
14:11:39  INFO     [RAMS] Controller ready. Policy: safety
14:11:40  INFO     [RAMS] Tier switch: SMALL → NANO  (R=0.679)
14:11:40  INFO     [RAMS] Tier switch: NANO → SMALL  (R=0.728)
14:11:41  INFO       [safety / heavy] 20/200  tier=SMALL   latency=7.7 ms  R=0.709  target=0.75  dets=1  vru=False  backend=tensorrt
14:11:41  INFO       [safety / heavy] 40/200  tier=SMALL   latency=13.9 ms  R=0.702  target=0.75  dets=6  vru=False  backend=tensorrt
14:11:41  INFO       [safety / heavy] 60/200  tier=SMALL   latency=8.3 ms  R=0.672  target=0.75  dets=3  vru=False  backend=tensorrt
14:11:42  INFO       [safety / heavy] 80/200  tier=SMALL   latency=8.2 ms  R=0.673  target=0.75  dets=4  vru=False  backend=tensorrt
14:11:42  INFO       [safety / heavy] 100/200  tier=SMALL   latency=10.4 ms  R=0.725  target=0.75  dets=9  vru=False  backend=tensorrt
14:11:43  INFO       [safety / heavy] 120/200  tier=SMALL   latency=7.8 ms  R=0.669  target=0.75  dets=2  vru=False  backend=tensorrt
14:11:43  INFO       [safety / heavy] 140/200  tier=SMALL   latency=8.8 ms  R=0.674  target=0.75  dets=7  vru=True  backend=tensorrt
14:11:44  INFO       [safety / heavy] 160/200  tier=SMALL   latency=5.8 ms  R=0.647  target=0.75  dets=0  vru=False  backend=tensorrt
14:11:44  INFO       [safety / heavy] 180/200  tier=SMALL   latency=7.9 ms  R=0.649  target=0.75  dets=4  vru=False  backend=tensorrt
14:11:44  INFO       [safety / heavy] 200/200  tier=SMALL   latency=8.8 ms  R=0.653  target=0.75  dets=8  vru=True  backend=tensorrt
14:11:45  INFO     [RAMS] Controller stopped.
14:11:45  INFO     
--- Block 8/10  Policy: fixed_small  Load: heavy (75%) ---
14:11:45  INFO     [RAMS] Starting resource monitor ...
14:11:45  INFO     [RAMS] Loading model tiers ...
WARNING ⚠️ Unable to automatically guess model task, assuming 'task=detect'. Explicitly define task for your model, i.e. 'task=detect', 'segment', 'classify', 'pose', 'obb' or 'semantic'.
Loading yolov8n.engine for TensorRT inference...
[09/09/2026-14:11:45] [TRT] [I] Loaded engine size: 7 MiB
[09/09/2026-14:11:45] [TRT] [I] [MemUsageChange] TensorRT-managed allocation in IExecutionContext creation: CPU +0, GPU +3, now: CPU 0, GPU 9 (MiB)
14:11:45  INFO     [RAMS] YOLOv8-nano ready — TensorRT yolov8n.engine (imgsz=320).
WARNING ⚠️ Unable to automatically guess model task, assuming 'task=detect'. Explicitly define task for your model, i.e. 'task=detect', 'segment', 'classify', 'pose', 'obb' or 'semantic'.
Loading yolov8s.engine for TensorRT inference...
[09/09/2026-14:11:45] [TRT] [I] The logger passed into createInferRuntime differs from one already provided for an existing builder, runtime, or refitter. Uses of the global logger, returned by nvinfer1::getLogger(), will return the existing value.
[09/09/2026-14:11:45] [TRT] [I] Loaded engine size: 23 MiB
[09/09/2026-14:11:45] [TRT] [I] [MemUsageChange] TensorRT-managed allocation in IExecutionContext creation: CPU +1, GPU +7, now: CPU 1, GPU 38 (MiB)
14:11:45  INFO     [RAMS] YOLOv8-small ready — TensorRT yolov8s.engine (imgsz=416).
WARNING ⚠️ Unable to automatically guess model task, assuming 'task=detect'. Explicitly define task for your model, i.e. 'task=detect', 'segment', 'classify', 'pose', 'obb' or 'semantic'.
Loading yolov8m.engine for TensorRT inference...
[09/09/2026-14:11:45] [TRT] [I] The logger passed into createInferRuntime differs from one already provided for an existing builder, runtime, or refitter. Uses of the global logger, returned by nvinfer1::getLogger(), will return the existing value.
[09/09/2026-14:11:45] [TRT] [I] Loaded engine size: 52 MiB
[09/09/2026-14:11:45] [TRT] [I] [MemUsageChange] TensorRT-managed allocation in IExecutionContext creation: CPU +0, GPU +29, now: CPU 1, GPU 117 (MiB)
14:11:45  INFO     [RAMS] YOLOv8-medium ready — TensorRT yolov8m.engine (imgsz=640).
14:11:45  INFO     [RAMS] Controller ready. Policy: fixed
14:11:46  INFO       [fixed_small / heavy] 20/200  tier=SMALL   latency=7.4 ms  R=0.701  target=0.75  dets=1  vru=False  backend=tensorrt
14:11:47  INFO       [fixed_small / heavy] 40/200  tier=SMALL   latency=8.5 ms  R=0.669  target=0.75  dets=5  vru=False  backend=tensorrt
14:11:47  INFO       [fixed_small / heavy] 60/200  tier=SMALL   latency=9.1 ms  R=0.663  target=0.75  dets=8  vru=False  backend=tensorrt
14:11:48  INFO       [fixed_small / heavy] 80/200  tier=SMALL   latency=11.2 ms  R=0.666  target=0.75  dets=5  vru=False  backend=tensorrt
14:11:48  INFO       [fixed_small / heavy] 100/200  tier=SMALL   latency=8.9 ms  R=0.655  target=0.75  dets=9  vru=False  backend=tensorrt
14:11:48  INFO       [fixed_small / heavy] 120/200  tier=SMALL   latency=5.8 ms  R=0.677  target=0.75  dets=0  vru=False  backend=tensorrt
14:11:49  INFO       [fixed_small / heavy] 140/200  tier=SMALL   latency=7.2 ms  R=0.664  target=0.75  dets=1  vru=False  backend=tensorrt
14:11:49  INFO       [fixed_small / heavy] 160/200  tier=SMALL   latency=8.3 ms  R=0.702  target=0.75  dets=1  vru=False  backend=tensorrt
14:11:50  INFO       [fixed_small / heavy] 180/200  tier=SMALL   latency=7.7 ms  R=0.660  target=0.75  dets=3  vru=False  backend=tensorrt
14:11:50  INFO       [fixed_small / heavy] 200/200  tier=SMALL   latency=9.6 ms  R=0.672  target=0.75  dets=12  vru=False  backend=tensorrt
14:11:50  INFO     [RAMS] Controller stopped.
14:11:50  INFO     
--- Block 8/10  Policy: safety  Load: heavy (75%) ---
14:11:50  INFO     [RAMS] Starting resource monitor ...
14:11:50  INFO     [RAMS] Loading model tiers ...
WARNING ⚠️ Unable to automatically guess model task, assuming 'task=detect'. Explicitly define task for your model, i.e. 'task=detect', 'segment', 'classify', 'pose', 'obb' or 'semantic'.
Loading yolov8n.engine for TensorRT inference...
[09/09/2026-14:11:50] [TRT] [I] Loaded engine size: 7 MiB
[09/09/2026-14:11:50] [TRT] [I] [MemUsageChange] TensorRT-managed allocation in IExecutionContext creation: CPU +0, GPU +3, now: CPU 0, GPU 9 (MiB)
14:11:50  INFO     [RAMS] YOLOv8-nano ready — TensorRT yolov8n.engine (imgsz=320).
WARNING ⚠️ Unable to automatically guess model task, assuming 'task=detect'. Explicitly define task for your model, i.e. 'task=detect', 'segment', 'classify', 'pose', 'obb' or 'semantic'.
Loading yolov8s.engine for TensorRT inference...
[09/09/2026-14:11:50] [TRT] [I] The logger passed into createInferRuntime differs from one already provided for an existing builder, runtime, or refitter. Uses of the global logger, returned by nvinfer1::getLogger(), will return the existing value.
[09/09/2026-14:11:50] [TRT] [I] Loaded engine size: 23 MiB
[09/09/2026-14:11:50] [TRT] [I] [MemUsageChange] TensorRT-managed allocation in IExecutionContext creation: CPU +1, GPU +7, now: CPU 1, GPU 38 (MiB)
14:11:50  INFO     [RAMS] YOLOv8-small ready — TensorRT yolov8s.engine (imgsz=416).
WARNING ⚠️ Unable to automatically guess model task, assuming 'task=detect'. Explicitly define task for your model, i.e. 'task=detect', 'segment', 'classify', 'pose', 'obb' or 'semantic'.
Loading yolov8m.engine for TensorRT inference...
[09/09/2026-14:11:50] [TRT] [I] The logger passed into createInferRuntime differs from one already provided for an existing builder, runtime, or refitter. Uses of the global logger, returned by nvinfer1::getLogger(), will return the existing value.
[09/09/2026-14:11:50] [TRT] [I] Loaded engine size: 52 MiB
[09/09/2026-14:11:50] [TRT] [I] [MemUsageChange] TensorRT-managed allocation in IExecutionContext creation: CPU +0, GPU +29, now: CPU 1, GPU 117 (MiB)
14:11:50  INFO     [RAMS] YOLOv8-medium ready — TensorRT yolov8m.engine (imgsz=640).
14:11:50  INFO     [RAMS] Controller ready. Policy: safety
14:11:52  INFO     [RAMS] Tier switch: SMALL → NANO  (R=0.592)
14:11:52  INFO     [RAMS] Tier switch: NANO → SMALL  (R=0.652)
14:11:52  INFO       [safety / heavy] 20/200  tier=SMALL   latency=7.3 ms  R=0.672  target=0.75  dets=1  vru=False  backend=tensorrt
14:11:52  INFO       [safety / heavy] 40/200  tier=SMALL   latency=8.1 ms  R=0.681  target=0.75  dets=5  vru=False  backend=tensorrt
14:11:53  INFO       [safety / heavy] 60/200  tier=SMALL   latency=8.7 ms  R=0.662  target=0.75  dets=8  vru=False  backend=tensorrt
14:11:53  INFO       [safety / heavy] 80/200  tier=SMALL   latency=9.2 ms  R=0.666  target=0.75  dets=5  vru=False  backend=tensorrt
14:11:54  INFO       [safety / heavy] 100/200  tier=SMALL   latency=9.3 ms  R=0.667  target=0.75  dets=9  vru=False  backend=tensorrt
14:11:54  INFO       [safety / heavy] 120/200  tier=SMALL   latency=5.8 ms  R=0.676  target=0.75  dets=0  vru=False  backend=tensorrt
14:11:54  INFO       [safety / heavy] 140/200  tier=SMALL   latency=7.3 ms  R=0.672  target=0.75  dets=1  vru=False  backend=tensorrt
14:11:55  INFO       [safety / heavy] 160/200  tier=SMALL   latency=7.2 ms  R=0.669  target=0.75  dets=1  vru=False  backend=tensorrt
14:11:55  INFO       [safety / heavy] 180/200  tier=SMALL   latency=7.8 ms  R=0.716  target=0.75  dets=3  vru=False  backend=tensorrt
14:11:56  INFO       [safety / heavy] 200/200  tier=SMALL   latency=13.5 ms  R=0.673  target=0.75  dets=12  vru=False  backend=tensorrt
14:11:56  INFO     [RAMS] Controller stopped.
14:11:56  INFO     
--- Block 8/10  Policy: threshold  Load: heavy (75%) ---
14:11:56  INFO     [RAMS] Starting resource monitor ...
14:11:56  INFO     [RAMS] Loading model tiers ...
WARNING ⚠️ Unable to automatically guess model task, assuming 'task=detect'. Explicitly define task for your model, i.e. 'task=detect', 'segment', 'classify', 'pose', 'obb' or 'semantic'.
Loading yolov8n.engine for TensorRT inference...
[09/09/2026-14:11:56] [TRT] [I] Loaded engine size: 7 MiB
[09/09/2026-14:11:56] [TRT] [I] [MemUsageChange] TensorRT-managed allocation in IExecutionContext creation: CPU +0, GPU +3, now: CPU 0, GPU 9 (MiB)
14:11:56  INFO     [RAMS] YOLOv8-nano ready — TensorRT yolov8n.engine (imgsz=320).
WARNING ⚠️ Unable to automatically guess model task, assuming 'task=detect'. Explicitly define task for your model, i.e. 'task=detect', 'segment', 'classify', 'pose', 'obb' or 'semantic'.
Loading yolov8s.engine for TensorRT inference...
[09/09/2026-14:11:56] [TRT] [I] The logger passed into createInferRuntime differs from one already provided for an existing builder, runtime, or refitter. Uses of the global logger, returned by nvinfer1::getLogger(), will return the existing value.
[09/09/2026-14:11:56] [TRT] [I] Loaded engine size: 23 MiB
[09/09/2026-14:11:56] [TRT] [I] [MemUsageChange] TensorRT-managed allocation in IExecutionContext creation: CPU +1, GPU +7, now: CPU 1, GPU 38 (MiB)
14:11:56  INFO     [RAMS] YOLOv8-small ready — TensorRT yolov8s.engine (imgsz=416).
WARNING ⚠️ Unable to automatically guess model task, assuming 'task=detect'. Explicitly define task for your model, i.e. 'task=detect', 'segment', 'classify', 'pose', 'obb' or 'semantic'.
Loading yolov8m.engine for TensorRT inference...
[09/09/2026-14:11:56] [TRT] [I] The logger passed into createInferRuntime differs from one already provided for an existing builder, runtime, or refitter. Uses of the global logger, returned by nvinfer1::getLogger(), will return the existing value.
[09/09/2026-14:11:56] [TRT] [I] Loaded engine size: 52 MiB
[09/09/2026-14:11:56] [TRT] [I] [MemUsageChange] TensorRT-managed allocation in IExecutionContext creation: CPU +0, GPU +29, now: CPU 1, GPU 117 (MiB)
14:11:56  INFO     [RAMS] YOLOv8-medium ready — TensorRT yolov8m.engine (imgsz=640).
14:11:56  INFO     [RAMS] Controller ready. Policy: threshold
14:11:57  INFO     [RAMS] Tier switch: SMALL → NANO  (R=0.645)
14:11:58  INFO       [threshold / heavy] 20/200  tier=NANO    latency=5.0 ms  R=0.696  target=0.75  dets=0  vru=False  backend=tensorrt
14:11:58  INFO       [threshold / heavy] 40/200  tier=NANO    latency=6.6 ms  R=0.672  target=0.75  dets=3  vru=False  backend=tensorrt
14:11:58  INFO       [threshold / heavy] 60/200  tier=NANO    latency=6.6 ms  R=0.707  target=0.75  dets=2  vru=False  backend=tensorrt
14:11:59  INFO       [threshold / heavy] 80/200  tier=NANO    latency=7.0 ms  R=0.705  target=0.75  dets=5  vru=False  backend=tensorrt
14:11:59  INFO       [threshold / heavy] 100/200  tier=NANO    latency=7.5 ms  R=0.745  target=0.75  dets=6  vru=False  backend=tensorrt
14:12:00  INFO       [threshold / heavy] 120/200  tier=NANO    latency=4.8 ms  R=0.697  target=0.75  dets=0  vru=False  backend=tensorrt
14:12:00  INFO       [threshold / heavy] 140/200  tier=NANO    latency=6.4 ms  R=0.705  target=0.75  dets=1  vru=False  backend=tensorrt
14:12:00  INFO       [threshold / heavy] 160/200  tier=NANO    latency=9.6 ms  R=0.709  target=0.75  dets=1  vru=False  backend=tensorrt
14:12:01  INFO       [threshold / heavy] 180/200  tier=NANO    latency=6.3 ms  R=0.702  target=0.75  dets=2  vru=False  backend=tensorrt
14:12:01  INFO       [threshold / heavy] 200/200  tier=NANO    latency=9.0 ms  R=0.697  target=0.75  dets=11  vru=False  backend=tensorrt
14:12:01  INFO     [RAMS] Controller stopped.
14:12:01  INFO     
--- Block 8/10  Policy: safety2  Load: heavy (75%) ---
14:12:01  INFO     [RAMS] Starting resource monitor ...
14:12:01  INFO     [RAMS] Loading model tiers ...
WARNING ⚠️ Unable to automatically guess model task, assuming 'task=detect'. Explicitly define task for your model, i.e. 'task=detect', 'segment', 'classify', 'pose', 'obb' or 'semantic'.
Loading yolov8n.engine for TensorRT inference...
[09/09/2026-14:12:01] [TRT] [I] Loaded engine size: 7 MiB
[09/09/2026-14:12:01] [TRT] [I] [MemUsageChange] TensorRT-managed allocation in IExecutionContext creation: CPU +0, GPU +3, now: CPU 0, GPU 9 (MiB)
14:12:01  INFO     [RAMS] YOLOv8-nano ready — TensorRT yolov8n.engine (imgsz=320).
WARNING ⚠️ Unable to automatically guess model task, assuming 'task=detect'. Explicitly define task for your model, i.e. 'task=detect', 'segment', 'classify', 'pose', 'obb' or 'semantic'.
Loading yolov8s.engine for TensorRT inference...
[09/09/2026-14:12:01] [TRT] [I] The logger passed into createInferRuntime differs from one already provided for an existing builder, runtime, or refitter. Uses of the global logger, returned by nvinfer1::getLogger(), will return the existing value.
[09/09/2026-14:12:01] [TRT] [I] Loaded engine size: 23 MiB
[09/09/2026-14:12:02] [TRT] [I] [MemUsageChange] TensorRT-managed allocation in IExecutionContext creation: CPU +1, GPU +7, now: CPU 1, GPU 38 (MiB)
14:12:02  INFO     [RAMS] YOLOv8-small ready — TensorRT yolov8s.engine (imgsz=416).
WARNING ⚠️ Unable to automatically guess model task, assuming 'task=detect'. Explicitly define task for your model, i.e. 'task=detect', 'segment', 'classify', 'pose', 'obb' or 'semantic'.
Loading yolov8m.engine for TensorRT inference...
[09/09/2026-14:12:02] [TRT] [I] The logger passed into createInferRuntime differs from one already provided for an existing builder, runtime, or refitter. Uses of the global logger, returned by nvinfer1::getLogger(), will return the existing value.
[09/09/2026-14:12:02] [TRT] [I] Loaded engine size: 52 MiB
[09/09/2026-14:12:02] [TRT] [I] [MemUsageChange] TensorRT-managed allocation in IExecutionContext creation: CPU +0, GPU +29, now: CPU 1, GPU 117 (MiB)
14:12:02  INFO     [RAMS] YOLOv8-medium ready — TensorRT yolov8m.engine (imgsz=640).
14:12:02  INFO     [RAMS] Controller ready. Policy: safety2
14:12:03  INFO     [RAMS] Tier switch: SMALL → NANO  (R=0.660)
14:12:03  INFO     [RAMS] Tier switch: NANO → MEDIUM  (R=0.629)
14:12:03  INFO       [safety2 / heavy] 20/200  tier=MEDIUM  latency=14.7 ms  R=0.753  target=0.75  dets=4  vru=True  backend=tensorrt
14:12:03  INFO     [RAMS] Tier switch: MEDIUM → SMALL  (R=0.645)
14:12:04  INFO       [safety2 / heavy] 40/200  tier=SMALL   latency=8.4 ms  R=0.677  target=0.75  dets=5  vru=False  backend=tensorrt
14:12:04  INFO     [RAMS] Tier switch: SMALL → MEDIUM  (R=0.673)
14:12:04  INFO       [safety2 / heavy] 60/200  tier=MEDIUM  latency=18.4 ms  R=0.710  target=0.75  dets=11  vru=True  backend=tensorrt
14:12:04  INFO     [RAMS] Tier switch: MEDIUM → NANO  (R=0.714)
14:12:04  INFO     [RAMS] Tier switch: NANO → MEDIUM  (R=0.714)
14:12:05  INFO       [safety2 / heavy] 80/200  tier=MEDIUM  latency=15.3 ms  R=0.714  target=0.75  dets=6  vru=False  backend=tensorrt
14:12:05  INFO       [safety2 / heavy] 100/200  tier=MEDIUM  latency=15.2 ms  R=0.725  target=0.75  dets=10  vru=False  backend=tensorrt
14:12:06  INFO       [safety2 / heavy] 120/200  tier=MEDIUM  latency=13.9 ms  R=0.713  target=0.75  dets=3  vru=False  backend=tensorrt
14:12:06  INFO       [safety2 / heavy] 140/200  tier=MEDIUM  latency=13.5 ms  R=0.663  target=0.75  dets=1  vru=False  backend=tensorrt
14:12:07  INFO     [RAMS] Tier switch: MEDIUM → NANO  (R=0.700)
14:12:07  INFO       [safety2 / heavy] 160/200  tier=NANO    latency=6.1 ms  R=0.701  target=0.75  dets=1  vru=False  backend=tensorrt
14:12:07  INFO     [RAMS] Tier switch: NANO → MEDIUM  (R=0.717)
14:12:08  INFO       [safety2 / heavy] 180/200  tier=MEDIUM  latency=14.2 ms  R=0.728  target=0.75  dets=5  vru=False  backend=tensorrt
14:12:08  INFO       [safety2 / heavy] 200/200  tier=MEDIUM  latency=25.6 ms  R=0.718  target=0.75  dets=16  vru=False  backend=tensorrt
14:12:08  INFO     [RAMS] Controller stopped.
14:12:08  INFO     
--- Block 8/10  Policy: fixed_nano  Load: heavy (75%) ---
14:12:08  INFO     [RAMS] Starting resource monitor ...
14:12:08  INFO     [RAMS] Loading model tiers ...
WARNING ⚠️ Unable to automatically guess model task, assuming 'task=detect'. Explicitly define task for your model, i.e. 'task=detect', 'segment', 'classify', 'pose', 'obb' or 'semantic'.
Loading yolov8n.engine for TensorRT inference...
[09/09/2026-14:12:08] [TRT] [I] Loaded engine size: 7 MiB
[09/09/2026-14:12:08] [TRT] [I] [MemUsageChange] TensorRT-managed allocation in IExecutionContext creation: CPU +0, GPU +3, now: CPU 0, GPU 9 (MiB)
14:12:08  INFO     [RAMS] YOLOv8-nano ready — TensorRT yolov8n.engine (imgsz=320).
WARNING ⚠️ Unable to automatically guess model task, assuming 'task=detect'. Explicitly define task for your model, i.e. 'task=detect', 'segment', 'classify', 'pose', 'obb' or 'semantic'.
Loading yolov8s.engine for TensorRT inference...
[09/09/2026-14:12:08] [TRT] [I] The logger passed into createInferRuntime differs from one already provided for an existing builder, runtime, or refitter. Uses of the global logger, returned by nvinfer1::getLogger(), will return the existing value.
[09/09/2026-14:12:08] [TRT] [I] Loaded engine size: 23 MiB
[09/09/2026-14:12:08] [TRT] [I] [MemUsageChange] TensorRT-managed allocation in IExecutionContext creation: CPU +1, GPU +7, now: CPU 1, GPU 38 (MiB)
14:12:08  INFO     [RAMS] YOLOv8-small ready — TensorRT yolov8s.engine (imgsz=416).
WARNING ⚠️ Unable to automatically guess model task, assuming 'task=detect'. Explicitly define task for your model, i.e. 'task=detect', 'segment', 'classify', 'pose', 'obb' or 'semantic'.
Loading yolov8m.engine for TensorRT inference...
[09/09/2026-14:12:08] [TRT] [I] The logger passed into createInferRuntime differs from one already provided for an existing builder, runtime, or refitter. Uses of the global logger, returned by nvinfer1::getLogger(), will return the existing value.
[09/09/2026-14:12:09] [TRT] [I] Loaded engine size: 52 MiB
[09/09/2026-14:12:09] [TRT] [I] [MemUsageChange] TensorRT-managed allocation in IExecutionContext creation: CPU +0, GPU +29, now: CPU 1, GPU 117 (MiB)
14:12:09  INFO     [RAMS] YOLOv8-medium ready — TensorRT yolov8m.engine (imgsz=640).
14:12:09  INFO     [RAMS] Controller ready. Policy: fixed
14:12:10  INFO     [RAMS] Tier switch: SMALL → NANO  (R=0.591)
14:12:10  INFO       [fixed_nano / heavy] 20/200  tier=NANO    latency=4.5 ms  R=0.667  target=0.75  dets=0  vru=False  backend=tensorrt
14:12:10  INFO       [fixed_nano / heavy] 40/200  tier=NANO    latency=7.9 ms  R=0.655  target=0.75  dets=3  vru=False  backend=tensorrt
14:12:11  INFO       [fixed_nano / heavy] 60/200  tier=NANO    latency=6.2 ms  R=0.659  target=0.75  dets=2  vru=False  backend=tensorrt
14:12:11  INFO       [fixed_nano / heavy] 80/200  tier=NANO    latency=10.0 ms  R=0.656  target=0.75  dets=5  vru=False  backend=tensorrt
14:12:11  INFO       [fixed_nano / heavy] 100/200  tier=NANO    latency=7.0 ms  R=0.661  target=0.75  dets=6  vru=False  backend=tensorrt
14:12:12  INFO       [fixed_nano / heavy] 120/200  tier=NANO    latency=4.4 ms  R=0.661  target=0.75  dets=0  vru=False  backend=tensorrt
14:12:12  INFO       [fixed_nano / heavy] 140/200  tier=NANO    latency=6.0 ms  R=0.710  target=0.75  dets=1  vru=False  backend=tensorrt
14:12:13  INFO       [fixed_nano / heavy] 160/200  tier=NANO    latency=6.0 ms  R=0.654  target=0.75  dets=1  vru=False  backend=tensorrt
14:12:13  INFO       [fixed_nano / heavy] 180/200  tier=NANO    latency=6.1 ms  R=0.661  target=0.75  dets=2  vru=False  backend=tensorrt
14:12:13  INFO       [fixed_nano / heavy] 200/200  tier=NANO    latency=7.9 ms  R=0.668  target=0.75  dets=11  vru=False  backend=tensorrt
14:12:14  INFO     [RAMS] Controller stopped.
14:12:14  INFO     
--- Block 8/10  Policy: fixed_medium  Load: heavy (75%) ---
14:12:14  INFO     [RAMS] Starting resource monitor ...
14:12:14  INFO     [RAMS] Loading model tiers ...
WARNING ⚠️ Unable to automatically guess model task, assuming 'task=detect'. Explicitly define task for your model, i.e. 'task=detect', 'segment', 'classify', 'pose', 'obb' or 'semantic'.
Loading yolov8n.engine for TensorRT inference...
[09/09/2026-14:12:14] [TRT] [I] Loaded engine size: 7 MiB
[09/09/2026-14:12:14] [TRT] [I] [MemUsageChange] TensorRT-managed allocation in IExecutionContext creation: CPU +0, GPU +3, now: CPU 0, GPU 9 (MiB)
14:12:14  INFO     [RAMS] YOLOv8-nano ready — TensorRT yolov8n.engine (imgsz=320).
WARNING ⚠️ Unable to automatically guess model task, assuming 'task=detect'. Explicitly define task for your model, i.e. 'task=detect', 'segment', 'classify', 'pose', 'obb' or 'semantic'.
Loading yolov8s.engine for TensorRT inference...
[09/09/2026-14:12:14] [TRT] [I] The logger passed into createInferRuntime differs from one already provided for an existing builder, runtime, or refitter. Uses of the global logger, returned by nvinfer1::getLogger(), will return the existing value.
[09/09/2026-14:12:14] [TRT] [I] Loaded engine size: 23 MiB
[09/09/2026-14:12:14] [TRT] [I] [MemUsageChange] TensorRT-managed allocation in IExecutionContext creation: CPU +1, GPU +7, now: CPU 1, GPU 38 (MiB)
14:12:14  INFO     [RAMS] YOLOv8-small ready — TensorRT yolov8s.engine (imgsz=416).
WARNING ⚠️ Unable to automatically guess model task, assuming 'task=detect'. Explicitly define task for your model, i.e. 'task=detect', 'segment', 'classify', 'pose', 'obb' or 'semantic'.
Loading yolov8m.engine for TensorRT inference...
[09/09/2026-14:12:14] [TRT] [I] The logger passed into createInferRuntime differs from one already provided for an existing builder, runtime, or refitter. Uses of the global logger, returned by nvinfer1::getLogger(), will return the existing value.
[09/09/2026-14:12:14] [TRT] [I] Loaded engine size: 52 MiB
[09/09/2026-14:12:14] [TRT] [I] [MemUsageChange] TensorRT-managed allocation in IExecutionContext creation: CPU +0, GPU +29, now: CPU 1, GPU 117 (MiB)
14:12:14  INFO     [RAMS] YOLOv8-medium ready — TensorRT yolov8m.engine (imgsz=640).
14:12:14  INFO     [RAMS] Controller ready. Policy: fixed
14:12:15  INFO     [RAMS] Tier switch: SMALL → MEDIUM  (R=0.594)
14:12:15  INFO       [fixed_medium / heavy] 20/200  tier=MEDIUM  latency=14.0 ms  R=0.635  target=0.75  dets=4  vru=True  backend=tensorrt
14:12:16  INFO       [fixed_medium / heavy] 40/200  tier=MEDIUM  latency=14.9 ms  R=0.635  target=0.75  dets=8  vru=False  backend=tensorrt
14:12:17  INFO       [fixed_medium / heavy] 60/200  tier=MEDIUM  latency=15.4 ms  R=0.642  target=0.75  dets=11  vru=True  backend=tensorrt
14:12:17  INFO       [fixed_medium / heavy] 80/200  tier=MEDIUM  latency=14.5 ms  R=0.719  target=0.75  dets=6  vru=False  backend=tensorrt
14:12:18  INFO       [fixed_medium / heavy] 100/200  tier=MEDIUM  latency=16.0 ms  R=0.719  target=0.75  dets=10  vru=False  backend=tensorrt
14:12:18  INFO       [fixed_medium / heavy] 120/200  tier=MEDIUM  latency=14.7 ms  R=0.681  target=0.75  dets=3  vru=False  backend=tensorrt
14:12:19  INFO       [fixed_medium / heavy] 140/200  tier=MEDIUM  latency=15.7 ms  R=0.737  target=0.75  dets=1  vru=False  backend=tensorrt
14:12:20  INFO       [fixed_medium / heavy] 160/200  tier=MEDIUM  latency=14.6 ms  R=0.683  target=0.75  dets=4  vru=False  backend=tensorrt
14:12:20  INFO       [fixed_medium / heavy] 180/200  tier=MEDIUM  latency=14.9 ms  R=0.696  target=0.75  dets=5  vru=False  backend=tensorrt
14:12:21  INFO       [fixed_medium / heavy] 200/200  tier=MEDIUM  latency=31.8 ms  R=0.675  target=0.75  dets=16  vru=False  backend=tensorrt
14:12:21  INFO     [RAMS] Controller stopped.
14:12:21  INFO     
--- Block 8/10  Policy: predictive  Load: heavy (75%) ---
14:12:21  INFO     [RAMS] Starting resource monitor ...
14:12:21  INFO     [RAMS] Loading model tiers ...
WARNING ⚠️ Unable to automatically guess model task, assuming 'task=detect'. Explicitly define task for your model, i.e. 'task=detect', 'segment', 'classify', 'pose', 'obb' or 'semantic'.
Loading yolov8n.engine for TensorRT inference...
[09/09/2026-14:12:21] [TRT] [I] Loaded engine size: 7 MiB
[09/09/2026-14:12:21] [TRT] [I] [MemUsageChange] TensorRT-managed allocation in IExecutionContext creation: CPU +0, GPU +3, now: CPU 0, GPU 9 (MiB)
14:12:21  INFO     [RAMS] YOLOv8-nano ready — TensorRT yolov8n.engine (imgsz=320).
WARNING ⚠️ Unable to automatically guess model task, assuming 'task=detect'. Explicitly define task for your model, i.e. 'task=detect', 'segment', 'classify', 'pose', 'obb' or 'semantic'.
Loading yolov8s.engine for TensorRT inference...
[09/09/2026-14:12:21] [TRT] [I] The logger passed into createInferRuntime differs from one already provided for an existing builder, runtime, or refitter. Uses of the global logger, returned by nvinfer1::getLogger(), will return the existing value.
[09/09/2026-14:12:22] [TRT] [I] Loaded engine size: 23 MiB
[09/09/2026-14:12:22] [TRT] [I] [MemUsageChange] TensorRT-managed allocation in IExecutionContext creation: CPU +1, GPU +7, now: CPU 1, GPU 38 (MiB)
14:12:22  INFO     [RAMS] YOLOv8-small ready — TensorRT yolov8s.engine (imgsz=416).
WARNING ⚠️ Unable to automatically guess model task, assuming 'task=detect'. Explicitly define task for your model, i.e. 'task=detect', 'segment', 'classify', 'pose', 'obb' or 'semantic'.
Loading yolov8m.engine for TensorRT inference...
[09/09/2026-14:12:22] [TRT] [I] The logger passed into createInferRuntime differs from one already provided for an existing builder, runtime, or refitter. Uses of the global logger, returned by nvinfer1::getLogger(), will return the existing value.
[09/09/2026-14:12:22] [TRT] [I] Loaded engine size: 52 MiB
[09/09/2026-14:12:22] [TRT] [I] [MemUsageChange] TensorRT-managed allocation in IExecutionContext creation: CPU +0, GPU +29, now: CPU 1, GPU 117 (MiB)
14:12:22  INFO     [RAMS] YOLOv8-medium ready — TensorRT yolov8m.engine (imgsz=640).
14:12:22  INFO     [RAMS] Controller ready. Policy: predictive
14:12:23  INFO     [RAMS] Tier switch: SMALL → NANO  (R=0.647)
14:12:23  INFO       [predictive / heavy] 20/200  tier=NANO    latency=5.0 ms  R=0.704  target=0.75  dets=0  vru=False  backend=tensorrt
14:12:24  INFO       [predictive / heavy] 40/200  tier=NANO    latency=6.7 ms  R=0.702  target=0.75  dets=3  vru=False  backend=tensorrt
14:12:24  INFO       [predictive / heavy] 60/200  tier=NANO    latency=6.2 ms  R=0.678  target=0.75  dets=2  vru=False  backend=tensorrt
14:12:24  INFO       [predictive / heavy] 80/200  tier=NANO    latency=7.1 ms  R=0.721  target=0.75  dets=5  vru=False  backend=tensorrt
14:12:25  INFO       [predictive / heavy] 100/200  tier=NANO    latency=6.9 ms  R=0.657  target=0.75  dets=6  vru=False  backend=tensorrt
14:12:25  INFO       [predictive / heavy] 120/200  tier=NANO    latency=4.4 ms  R=0.663  target=0.75  dets=0  vru=False  backend=tensorrt
14:12:25  INFO       [predictive / heavy] 140/200  tier=NANO    latency=5.9 ms  R=0.662  target=0.75  dets=1  vru=False  backend=tensorrt
14:12:26  INFO       [predictive / heavy] 160/200  tier=NANO    latency=6.2 ms  R=0.663  target=0.75  dets=1  vru=False  backend=tensorrt
14:12:26  INFO       [predictive / heavy] 180/200  tier=NANO    latency=8.6 ms  R=0.699  target=0.75  dets=2  vru=False  backend=tensorrt
14:12:27  INFO       [predictive / heavy] 200/200  tier=NANO    latency=8.5 ms  R=0.661  target=0.75  dets=11  vru=False  backend=tensorrt
14:12:27  INFO     [RAMS] Controller stopped.
14:12:27  INFO     
--- Block 8/10  Policy: adaptive  Load: heavy (75%) ---
14:12:27  INFO     [RAMS] Starting resource monitor ...
14:12:27  INFO     [RAMS] Loading model tiers ...
WARNING ⚠️ Unable to automatically guess model task, assuming 'task=detect'. Explicitly define task for your model, i.e. 'task=detect', 'segment', 'classify', 'pose', 'obb' or 'semantic'.
Loading yolov8n.engine for TensorRT inference...
[09/09/2026-14:12:27] [TRT] [I] Loaded engine size: 7 MiB
[09/09/2026-14:12:27] [TRT] [I] [MemUsageChange] TensorRT-managed allocation in IExecutionContext creation: CPU +0, GPU +3, now: CPU 0, GPU 9 (MiB)
14:12:27  INFO     [RAMS] YOLOv8-nano ready — TensorRT yolov8n.engine (imgsz=320).
WARNING ⚠️ Unable to automatically guess model task, assuming 'task=detect'. Explicitly define task for your model, i.e. 'task=detect', 'segment', 'classify', 'pose', 'obb' or 'semantic'.
Loading yolov8s.engine for TensorRT inference...
[09/09/2026-14:12:27] [TRT] [I] The logger passed into createInferRuntime differs from one already provided for an existing builder, runtime, or refitter. Uses of the global logger, returned by nvinfer1::getLogger(), will return the existing value.
[09/09/2026-14:12:27] [TRT] [I] Loaded engine size: 23 MiB
[09/09/2026-14:12:27] [TRT] [I] [MemUsageChange] TensorRT-managed allocation in IExecutionContext creation: CPU +1, GPU +7, now: CPU 1, GPU 38 (MiB)
14:12:27  INFO     [RAMS] YOLOv8-small ready — TensorRT yolov8s.engine (imgsz=416).
WARNING ⚠️ Unable to automatically guess model task, assuming 'task=detect'. Explicitly define task for your model, i.e. 'task=detect', 'segment', 'classify', 'pose', 'obb' or 'semantic'.
Loading yolov8m.engine for TensorRT inference...
[09/09/2026-14:12:27] [TRT] [I] The logger passed into createInferRuntime differs from one already provided for an existing builder, runtime, or refitter. Uses of the global logger, returned by nvinfer1::getLogger(), will return the existing value.
[09/09/2026-14:12:27] [TRT] [I] Loaded engine size: 52 MiB
[09/09/2026-14:12:27] [TRT] [I] [MemUsageChange] TensorRT-managed allocation in IExecutionContext creation: CPU +0, GPU +29, now: CPU 1, GPU 117 (MiB)
14:12:27  INFO     [RAMS] YOLOv8-medium ready — TensorRT yolov8m.engine (imgsz=640).
14:12:27  INFO     [RAMS] Controller ready. Policy: adaptive
14:12:28  INFO     [RAMS] Tier switch: SMALL → NANO  (R=0.592)
14:12:29  INFO       [adaptive / heavy] 20/200  tier=NANO    latency=4.6 ms  R=0.659  target=0.75  dets=0  vru=False  backend=tensorrt
14:12:29  INFO       [adaptive / heavy] 40/200  tier=NANO    latency=6.3 ms  R=0.662  target=0.75  dets=3  vru=False  backend=tensorrt
14:12:29  INFO       [adaptive / heavy] 60/200  tier=NANO    latency=6.2 ms  R=0.706  target=0.75  dets=2  vru=False  backend=tensorrt
14:12:30  INFO       [adaptive / heavy] 80/200  tier=NANO    latency=6.7 ms  R=0.667  target=0.75  dets=5  vru=False  backend=tensorrt
14:12:30  INFO       [adaptive / heavy] 100/200  tier=NANO    latency=6.9 ms  R=0.662  target=0.75  dets=6  vru=False  backend=tensorrt
14:12:30  INFO       [adaptive / heavy] 120/200  tier=NANO    latency=7.6 ms  R=0.659  target=0.75  dets=0  vru=False  backend=tensorrt
14:12:31  INFO       [adaptive / heavy] 140/200  tier=NANO    latency=5.9 ms  R=0.663  target=0.75  dets=1  vru=False  backend=tensorrt
14:12:31  INFO       [adaptive / heavy] 160/200  tier=NANO    latency=6.7 ms  R=0.663  target=0.75  dets=1  vru=False  backend=tensorrt
14:12:32  INFO       [adaptive / heavy] 180/200  tier=NANO    latency=6.1 ms  R=0.655  target=0.75  dets=2  vru=False  backend=tensorrt
14:12:32  INFO       [adaptive / heavy] 200/200  tier=NANO    latency=8.1 ms  R=0.662  target=0.75  dets=11  vru=False  backend=tensorrt
14:12:32  INFO     [RAMS] Controller stopped.
14:12:32  INFO     
--- Block 9/10  Policy: fixed_medium  Load: heavy (75%) ---
14:12:32  INFO     [RAMS] Starting resource monitor ...
14:12:32  INFO     [RAMS] Loading model tiers ...
WARNING ⚠️ Unable to automatically guess model task, assuming 'task=detect'. Explicitly define task for your model, i.e. 'task=detect', 'segment', 'classify', 'pose', 'obb' or 'semantic'.
Loading yolov8n.engine for TensorRT inference...
[09/09/2026-14:12:32] [TRT] [I] Loaded engine size: 7 MiB
[09/09/2026-14:12:32] [TRT] [I] [MemUsageChange] TensorRT-managed allocation in IExecutionContext creation: CPU +0, GPU +3, now: CPU 0, GPU 9 (MiB)
14:12:32  INFO     [RAMS] YOLOv8-nano ready — TensorRT yolov8n.engine (imgsz=320).
WARNING ⚠️ Unable to automatically guess model task, assuming 'task=detect'. Explicitly define task for your model, i.e. 'task=detect', 'segment', 'classify', 'pose', 'obb' or 'semantic'.
Loading yolov8s.engine for TensorRT inference...
[09/09/2026-14:12:32] [TRT] [I] The logger passed into createInferRuntime differs from one already provided for an existing builder, runtime, or refitter. Uses of the global logger, returned by nvinfer1::getLogger(), will return the existing value.
[09/09/2026-14:12:32] [TRT] [I] Loaded engine size: 23 MiB
[09/09/2026-14:12:32] [TRT] [I] [MemUsageChange] TensorRT-managed allocation in IExecutionContext creation: CPU +1, GPU +7, now: CPU 1, GPU 38 (MiB)
14:12:32  INFO     [RAMS] YOLOv8-small ready — TensorRT yolov8s.engine (imgsz=416).
WARNING ⚠️ Unable to automatically guess model task, assuming 'task=detect'. Explicitly define task for your model, i.e. 'task=detect', 'segment', 'classify', 'pose', 'obb' or 'semantic'.
Loading yolov8m.engine for TensorRT inference...
[09/09/2026-14:12:32] [TRT] [I] The logger passed into createInferRuntime differs from one already provided for an existing builder, runtime, or refitter. Uses of the global logger, returned by nvinfer1::getLogger(), will return the existing value.
[09/09/2026-14:12:32] [TRT] [I] Loaded engine size: 52 MiB
[09/09/2026-14:12:32] [TRT] [I] [MemUsageChange] TensorRT-managed allocation in IExecutionContext creation: CPU +0, GPU +29, now: CPU 1, GPU 117 (MiB)
14:12:32  INFO     [RAMS] YOLOv8-medium ready — TensorRT yolov8m.engine (imgsz=640).
14:12:32  INFO     [RAMS] Controller ready. Policy: fixed
14:12:33  INFO     [RAMS] Tier switch: SMALL → MEDIUM  (R=0.594)
14:12:34  INFO       [fixed_medium / heavy] 20/200  tier=MEDIUM  latency=13.9 ms  R=0.666  target=0.75  dets=4  vru=False  backend=tensorrt
14:12:35  INFO       [fixed_medium / heavy] 40/200  tier=MEDIUM  latency=16.1 ms  R=0.719  target=0.75  dets=13  vru=False  backend=tensorrt
14:12:35  INFO       [fixed_medium / heavy] 60/200  tier=MEDIUM  latency=15.8 ms  R=0.674  target=0.75  dets=6  vru=False  backend=tensorrt
14:12:36  INFO       [fixed_medium / heavy] 80/200  tier=MEDIUM  latency=13.8 ms  R=0.635  target=0.75  dets=3  vru=False  backend=tensorrt
14:12:36  INFO       [fixed_medium / heavy] 100/200  tier=MEDIUM  latency=16.4 ms  R=0.737  target=0.75  dets=16  vru=False  backend=tensorrt
14:12:37  INFO       [fixed_medium / heavy] 120/200  tier=MEDIUM  latency=20.3 ms  R=0.717  target=0.75  dets=21  vru=False  backend=tensorrt
14:12:37  INFO       [fixed_medium / heavy] 140/200  tier=MEDIUM  latency=15.7 ms  R=0.660  target=0.75  dets=13  vru=False  backend=tensorrt
14:12:38  INFO       [fixed_medium / heavy] 160/200  tier=MEDIUM  latency=14.9 ms  R=0.668  target=0.75  dets=8  vru=False  backend=tensorrt
14:12:39  INFO       [fixed_medium / heavy] 180/200  tier=MEDIUM  latency=15.9 ms  R=0.672  target=0.75  dets=8  vru=False  backend=tensorrt
14:12:39  INFO       [fixed_medium / heavy] 200/200  tier=MEDIUM  latency=13.6 ms  R=0.691  target=0.75  dets=2  vru=False  backend=tensorrt
14:12:39  INFO     [RAMS] Controller stopped.
14:12:39  INFO     
--- Block 9/10  Policy: adaptive  Load: heavy (75%) ---
14:12:39  INFO     [RAMS] Starting resource monitor ...
14:12:39  INFO     [RAMS] Loading model tiers ...
WARNING ⚠️ Unable to automatically guess model task, assuming 'task=detect'. Explicitly define task for your model, i.e. 'task=detect', 'segment', 'classify', 'pose', 'obb' or 'semantic'.
Loading yolov8n.engine for TensorRT inference...
[09/09/2026-14:12:39] [TRT] [I] Loaded engine size: 7 MiB
[09/09/2026-14:12:39] [TRT] [I] [MemUsageChange] TensorRT-managed allocation in IExecutionContext creation: CPU +0, GPU +3, now: CPU 0, GPU 9 (MiB)
14:12:39  INFO     [RAMS] YOLOv8-nano ready — TensorRT yolov8n.engine (imgsz=320).
WARNING ⚠️ Unable to automatically guess model task, assuming 'task=detect'. Explicitly define task for your model, i.e. 'task=detect', 'segment', 'classify', 'pose', 'obb' or 'semantic'.
Loading yolov8s.engine for TensorRT inference...
[09/09/2026-14:12:39] [TRT] [I] The logger passed into createInferRuntime differs from one already provided for an existing builder, runtime, or refitter. Uses of the global logger, returned by nvinfer1::getLogger(), will return the existing value.
[09/09/2026-14:12:39] [TRT] [I] Loaded engine size: 23 MiB
[09/09/2026-14:12:39] [TRT] [I] [MemUsageChange] TensorRT-managed allocation in IExecutionContext creation: CPU +1, GPU +7, now: CPU 1, GPU 38 (MiB)
14:12:39  INFO     [RAMS] YOLOv8-small ready — TensorRT yolov8s.engine (imgsz=416).
WARNING ⚠️ Unable to automatically guess model task, assuming 'task=detect'. Explicitly define task for your model, i.e. 'task=detect', 'segment', 'classify', 'pose', 'obb' or 'semantic'.
Loading yolov8m.engine for TensorRT inference...
[09/09/2026-14:12:39] [TRT] [I] The logger passed into createInferRuntime differs from one already provided for an existing builder, runtime, or refitter. Uses of the global logger, returned by nvinfer1::getLogger(), will return the existing value.
[09/09/2026-14:12:40] [TRT] [I] Loaded engine size: 52 MiB
[09/09/2026-14:12:40] [TRT] [I] [MemUsageChange] TensorRT-managed allocation in IExecutionContext creation: CPU +0, GPU +29, now: CPU 1, GPU 117 (MiB)
14:12:40  INFO     [RAMS] YOLOv8-medium ready — TensorRT yolov8m.engine (imgsz=640).
14:12:40  INFO     [RAMS] Controller ready. Policy: adaptive
14:12:41  INFO     [RAMS] Tier switch: SMALL → NANO  (R=0.651)
14:12:41  INFO       [adaptive / heavy] 20/200  tier=NANO    latency=6.9 ms  R=0.704  target=0.75  dets=3  vru=False  backend=tensorrt
14:12:42  INFO       [adaptive / heavy] 40/200  tier=NANO    latency=7.4 ms  R=0.703  target=0.75  dets=4  vru=False  backend=tensorrt
14:12:42  INFO       [adaptive / heavy] 60/200  tier=NANO    latency=5.4 ms  R=0.689  target=0.75  dets=0  vru=False  backend=tensorrt
14:12:42  INFO       [adaptive / heavy] 80/200  tier=NANO    latency=7.7 ms  R=0.701  target=0.75  dets=3  vru=False  backend=tensorrt
14:12:43  INFO       [adaptive / heavy] 100/200  tier=NANO    latency=7.3 ms  R=0.694  target=0.75  dets=6  vru=False  backend=tensorrt
14:12:43  INFO       [adaptive / heavy] 120/200  tier=NANO    latency=8.9 ms  R=0.707  target=0.75  dets=14  vru=False  backend=tensorrt
14:12:44  INFO       [adaptive / heavy] 140/200  tier=NANO    latency=7.0 ms  R=0.677  target=0.75  dets=4  vru=False  backend=tensorrt
14:12:44  INFO       [adaptive / heavy] 160/200  tier=NANO    latency=7.6 ms  R=0.695  target=0.75  dets=3  vru=False  backend=tensorrt
14:12:45  INFO       [adaptive / heavy] 180/200  tier=NANO    latency=7.9 ms  R=0.690  target=0.75  dets=5  vru=False  backend=tensorrt
14:12:45  INFO       [adaptive / heavy] 200/200  tier=NANO    latency=6.4 ms  R=0.705  target=0.75  dets=1  vru=False  backend=tensorrt
14:12:45  INFO     [RAMS] Controller stopped.
14:12:45  INFO     
--- Block 9/10  Policy: threshold  Load: heavy (75%) ---
14:12:45  INFO     [RAMS] Starting resource monitor ...
14:12:45  INFO     [RAMS] Loading model tiers ...
WARNING ⚠️ Unable to automatically guess model task, assuming 'task=detect'. Explicitly define task for your model, i.e. 'task=detect', 'segment', 'classify', 'pose', 'obb' or 'semantic'.
Loading yolov8n.engine for TensorRT inference...
[09/09/2026-14:12:45] [TRT] [I] Loaded engine size: 7 MiB
[09/09/2026-14:12:45] [TRT] [I] [MemUsageChange] TensorRT-managed allocation in IExecutionContext creation: CPU +0, GPU +3, now: CPU 0, GPU 9 (MiB)
14:12:45  INFO     [RAMS] YOLOv8-nano ready — TensorRT yolov8n.engine (imgsz=320).
WARNING ⚠️ Unable to automatically guess model task, assuming 'task=detect'. Explicitly define task for your model, i.e. 'task=detect', 'segment', 'classify', 'pose', 'obb' or 'semantic'.
Loading yolov8s.engine for TensorRT inference...
[09/09/2026-14:12:45] [TRT] [I] The logger passed into createInferRuntime differs from one already provided for an existing builder, runtime, or refitter. Uses of the global logger, returned by nvinfer1::getLogger(), will return the existing value.
[09/09/2026-14:12:45] [TRT] [I] Loaded engine size: 23 MiB
[09/09/2026-14:12:45] [TRT] [I] [MemUsageChange] TensorRT-managed allocation in IExecutionContext creation: CPU +1, GPU +7, now: CPU 1, GPU 38 (MiB)
14:12:45  INFO     [RAMS] YOLOv8-small ready — TensorRT yolov8s.engine (imgsz=416).
WARNING ⚠️ Unable to automatically guess model task, assuming 'task=detect'. Explicitly define task for your model, i.e. 'task=detect', 'segment', 'classify', 'pose', 'obb' or 'semantic'.
Loading yolov8m.engine for TensorRT inference...
[09/09/2026-14:12:45] [TRT] [I] The logger passed into createInferRuntime differs from one already provided for an existing builder, runtime, or refitter. Uses of the global logger, returned by nvinfer1::getLogger(), will return the existing value.
[09/09/2026-14:12:46] [TRT] [I] Loaded engine size: 52 MiB
[09/09/2026-14:12:46] [TRT] [I] [MemUsageChange] TensorRT-managed allocation in IExecutionContext creation: CPU +0, GPU +29, now: CPU 1, GPU 117 (MiB)
14:12:46  INFO     [RAMS] YOLOv8-medium ready — TensorRT yolov8m.engine (imgsz=640).
14:12:46  INFO     [RAMS] Controller ready. Policy: threshold
14:12:47  INFO     [RAMS] Tier switch: SMALL → NANO  (R=0.591)
14:12:47  INFO       [threshold / heavy] 20/200  tier=NANO    latency=6.6 ms  R=0.663  target=0.75  dets=3  vru=False  backend=tensorrt
14:12:47  INFO       [threshold / heavy] 40/200  tier=NANO    latency=6.7 ms  R=0.685  target=0.75  dets=4  vru=False  backend=tensorrt
14:12:48  INFO       [threshold / heavy] 60/200  tier=NANO    latency=4.7 ms  R=0.666  target=0.75  dets=0  vru=False  backend=tensorrt
14:12:48  INFO       [threshold / heavy] 80/200  tier=NANO    latency=6.3 ms  R=0.661  target=0.75  dets=3  vru=False  backend=tensorrt
14:12:49  INFO       [threshold / heavy] 100/200  tier=NANO    latency=6.9 ms  R=0.661  target=0.75  dets=6  vru=False  backend=tensorrt
14:12:49  INFO       [threshold / heavy] 120/200  tier=NANO    latency=8.6 ms  R=0.662  target=0.75  dets=14  vru=False  backend=tensorrt
14:12:49  INFO       [threshold / heavy] 140/200  tier=NANO    latency=6.7 ms  R=0.695  target=0.75  dets=4  vru=False  backend=tensorrt
14:12:50  INFO       [threshold / heavy] 160/200  tier=NANO    latency=6.3 ms  R=0.668  target=0.75  dets=3  vru=False  backend=tensorrt
14:12:50  INFO       [threshold / heavy] 180/200  tier=NANO    latency=7.7 ms  R=0.668  target=0.75  dets=5  vru=False  backend=tensorrt
14:12:50  INFO       [threshold / heavy] 200/200  tier=NANO    latency=5.9 ms  R=0.685  target=0.75  dets=1  vru=False  backend=tensorrt
14:12:51  INFO     [RAMS] Controller stopped.
14:12:51  INFO     
--- Block 9/10  Policy: fixed_nano  Load: heavy (75%) ---
14:12:51  INFO     [RAMS] Starting resource monitor ...
14:12:51  INFO     [RAMS] Loading model tiers ...
WARNING ⚠️ Unable to automatically guess model task, assuming 'task=detect'. Explicitly define task for your model, i.e. 'task=detect', 'segment', 'classify', 'pose', 'obb' or 'semantic'.
Loading yolov8n.engine for TensorRT inference...
[09/09/2026-14:12:51] [TRT] [I] Loaded engine size: 7 MiB
[09/09/2026-14:12:51] [TRT] [I] [MemUsageChange] TensorRT-managed allocation in IExecutionContext creation: CPU +0, GPU +3, now: CPU 0, GPU 9 (MiB)
14:12:51  INFO     [RAMS] YOLOv8-nano ready — TensorRT yolov8n.engine (imgsz=320).
WARNING ⚠️ Unable to automatically guess model task, assuming 'task=detect'. Explicitly define task for your model, i.e. 'task=detect', 'segment', 'classify', 'pose', 'obb' or 'semantic'.
Loading yolov8s.engine for TensorRT inference...
[09/09/2026-14:12:51] [TRT] [I] The logger passed into createInferRuntime differs from one already provided for an existing builder, runtime, or refitter. Uses of the global logger, returned by nvinfer1::getLogger(), will return the existing value.
[09/09/2026-14:12:51] [TRT] [I] Loaded engine size: 23 MiB
[09/09/2026-14:12:51] [TRT] [I] [MemUsageChange] TensorRT-managed allocation in IExecutionContext creation: CPU +1, GPU +7, now: CPU 1, GPU 38 (MiB)
14:12:51  INFO     [RAMS] YOLOv8-small ready — TensorRT yolov8s.engine (imgsz=416).
WARNING ⚠️ Unable to automatically guess model task, assuming 'task=detect'. Explicitly define task for your model, i.e. 'task=detect', 'segment', 'classify', 'pose', 'obb' or 'semantic'.
Loading yolov8m.engine for TensorRT inference...
[09/09/2026-14:12:51] [TRT] [I] The logger passed into createInferRuntime differs from one already provided for an existing builder, runtime, or refitter. Uses of the global logger, returned by nvinfer1::getLogger(), will return the existing value.
[09/09/2026-14:12:51] [TRT] [I] Loaded engine size: 52 MiB
[09/09/2026-14:12:51] [TRT] [I] [MemUsageChange] TensorRT-managed allocation in IExecutionContext creation: CPU +0, GPU +29, now: CPU 1, GPU 117 (MiB)
14:12:51  INFO     [RAMS] YOLOv8-medium ready — TensorRT yolov8m.engine (imgsz=640).
14:12:51  INFO     [RAMS] Controller ready. Policy: fixed
14:12:52  INFO     [RAMS] Tier switch: SMALL → NANO  (R=0.592)
14:12:52  INFO       [fixed_nano / heavy] 20/200  tier=NANO    latency=10.0 ms  R=0.662  target=0.75  dets=3  vru=False  backend=tensorrt
14:12:53  INFO       [fixed_nano / heavy] 40/200  tier=NANO    latency=7.5 ms  R=0.659  target=0.75  dets=4  vru=False  backend=tensorrt
14:12:53  INFO       [fixed_nano / heavy] 60/200  tier=NANO    latency=4.4 ms  R=0.654  target=0.75  dets=0  vru=False  backend=tensorrt
14:12:53  INFO       [fixed_nano / heavy] 80/200  tier=NANO    latency=6.4 ms  R=0.647  target=0.75  dets=3  vru=False  backend=tensorrt
14:12:54  INFO       [fixed_nano / heavy] 100/200  tier=NANO    latency=7.2 ms  R=0.663  target=0.75  dets=6  vru=False  backend=tensorrt
14:12:54  INFO       [fixed_nano / heavy] 120/200  tier=NANO    latency=8.5 ms  R=0.666  target=0.75  dets=14  vru=False  backend=tensorrt
14:12:54  INFO       [fixed_nano / heavy] 140/200  tier=NANO    latency=7.0 ms  R=0.656  target=0.75  dets=4  vru=False  backend=tensorrt
14:12:55  INFO       [fixed_nano / heavy] 160/200  tier=NANO    latency=6.6 ms  R=0.663  target=0.75  dets=3  vru=False  backend=tensorrt
14:12:55  INFO       [fixed_nano / heavy] 180/200  tier=NANO    latency=10.9 ms  R=0.667  target=0.75  dets=5  vru=False  backend=tensorrt
14:12:56  INFO       [fixed_nano / heavy] 200/200  tier=NANO    latency=9.2 ms  R=0.661  target=0.75  dets=1  vru=False  backend=tensorrt
14:12:56  INFO     [RAMS] Controller stopped.
14:12:56  INFO     
--- Block 9/10  Policy: safety  Load: heavy (75%) ---
14:12:56  INFO     [RAMS] Starting resource monitor ...
14:12:56  INFO     [RAMS] Loading model tiers ...
WARNING ⚠️ Unable to automatically guess model task, assuming 'task=detect'. Explicitly define task for your model, i.e. 'task=detect', 'segment', 'classify', 'pose', 'obb' or 'semantic'.
Loading yolov8n.engine for TensorRT inference...
[09/09/2026-14:12:56] [TRT] [I] Loaded engine size: 7 MiB
[09/09/2026-14:12:56] [TRT] [I] [MemUsageChange] TensorRT-managed allocation in IExecutionContext creation: CPU +0, GPU +3, now: CPU 0, GPU 9 (MiB)
14:12:56  INFO     [RAMS] YOLOv8-nano ready — TensorRT yolov8n.engine (imgsz=320).
WARNING ⚠️ Unable to automatically guess model task, assuming 'task=detect'. Explicitly define task for your model, i.e. 'task=detect', 'segment', 'classify', 'pose', 'obb' or 'semantic'.
Loading yolov8s.engine for TensorRT inference...
[09/09/2026-14:12:56] [TRT] [I] The logger passed into createInferRuntime differs from one already provided for an existing builder, runtime, or refitter. Uses of the global logger, returned by nvinfer1::getLogger(), will return the existing value.
[09/09/2026-14:12:56] [TRT] [I] Loaded engine size: 23 MiB
[09/09/2026-14:12:56] [TRT] [I] [MemUsageChange] TensorRT-managed allocation in IExecutionContext creation: CPU +1, GPU +7, now: CPU 1, GPU 38 (MiB)
14:12:56  INFO     [RAMS] YOLOv8-small ready — TensorRT yolov8s.engine (imgsz=416).
WARNING ⚠️ Unable to automatically guess model task, assuming 'task=detect'. Explicitly define task for your model, i.e. 'task=detect', 'segment', 'classify', 'pose', 'obb' or 'semantic'.
Loading yolov8m.engine for TensorRT inference...
[09/09/2026-14:12:56] [TRT] [I] The logger passed into createInferRuntime differs from one already provided for an existing builder, runtime, or refitter. Uses of the global logger, returned by nvinfer1::getLogger(), will return the existing value.
[09/09/2026-14:12:56] [TRT] [I] Loaded engine size: 52 MiB
[09/09/2026-14:12:56] [TRT] [I] [MemUsageChange] TensorRT-managed allocation in IExecutionContext creation: CPU +0, GPU +29, now: CPU 1, GPU 117 (MiB)
14:12:56  INFO     [RAMS] YOLOv8-medium ready — TensorRT yolov8m.engine (imgsz=640).
14:12:56  INFO     [RAMS] Controller ready. Policy: safety
14:12:58  INFO       [safety / heavy] 20/200  tier=SMALL   latency=12.4 ms  R=0.671  target=0.75  dets=4  vru=False  backend=tensorrt
14:12:58  INFO       [safety / heavy] 40/200  tier=SMALL   latency=9.6 ms  R=0.656  target=0.75  dets=7  vru=False  backend=tensorrt
14:12:58  INFO       [safety / heavy] 60/200  tier=SMALL   latency=7.7 ms  R=0.712  target=0.75  dets=2  vru=False  backend=tensorrt
14:12:59  INFO       [safety / heavy] 80/200  tier=SMALL   latency=7.6 ms  R=0.651  target=0.75  dets=2  vru=False  backend=tensorrt
14:12:59  INFO       [safety / heavy] 100/200  tier=SMALL   latency=9.0 ms  R=0.671  target=0.75  dets=8  vru=False  backend=tensorrt
14:13:00  INFO       [safety / heavy] 120/200  tier=SMALL   latency=10.3 ms  R=0.672  target=0.75  dets=16  vru=False  backend=tensorrt
14:13:00  INFO       [safety / heavy] 140/200  tier=SMALL   latency=8.3 ms  R=0.647  target=0.75  dets=6  vru=False  backend=tensorrt
14:13:00  INFO       [safety / heavy] 160/200  tier=SMALL   latency=8.4 ms  R=0.671  target=0.75  dets=6  vru=False  backend=tensorrt
14:13:01  INFO       [safety / heavy] 180/200  tier=SMALL   latency=8.1 ms  R=0.669  target=0.75  dets=5  vru=False  backend=tensorrt
14:13:01  INFO       [safety / heavy] 200/200  tier=SMALL   latency=7.7 ms  R=0.742  target=0.75  dets=2  vru=False  backend=tensorrt
14:13:01  INFO     [RAMS] Controller stopped.
14:13:02  INFO     
--- Block 9/10  Policy: predictive  Load: heavy (75%) ---
14:13:02  INFO     [RAMS] Starting resource monitor ...
14:13:02  INFO     [RAMS] Loading model tiers ...
WARNING ⚠️ Unable to automatically guess model task, assuming 'task=detect'. Explicitly define task for your model, i.e. 'task=detect', 'segment', 'classify', 'pose', 'obb' or 'semantic'.
Loading yolov8n.engine for TensorRT inference...
[09/09/2026-14:13:02] [TRT] [I] Loaded engine size: 7 MiB
[09/09/2026-14:13:02] [TRT] [I] [MemUsageChange] TensorRT-managed allocation in IExecutionContext creation: CPU +0, GPU +3, now: CPU 0, GPU 9 (MiB)
14:13:02  INFO     [RAMS] YOLOv8-nano ready — TensorRT yolov8n.engine (imgsz=320).
WARNING ⚠️ Unable to automatically guess model task, assuming 'task=detect'. Explicitly define task for your model, i.e. 'task=detect', 'segment', 'classify', 'pose', 'obb' or 'semantic'.
Loading yolov8s.engine for TensorRT inference...
[09/09/2026-14:13:02] [TRT] [I] The logger passed into createInferRuntime differs from one already provided for an existing builder, runtime, or refitter. Uses of the global logger, returned by nvinfer1::getLogger(), will return the existing value.
[09/09/2026-14:13:02] [TRT] [I] Loaded engine size: 23 MiB
[09/09/2026-14:13:02] [TRT] [I] [MemUsageChange] TensorRT-managed allocation in IExecutionContext creation: CPU +1, GPU +7, now: CPU 1, GPU 38 (MiB)
14:13:02  INFO     [RAMS] YOLOv8-small ready — TensorRT yolov8s.engine (imgsz=416).
WARNING ⚠️ Unable to automatically guess model task, assuming 'task=detect'. Explicitly define task for your model, i.e. 'task=detect', 'segment', 'classify', 'pose', 'obb' or 'semantic'.
Loading yolov8m.engine for TensorRT inference...
[09/09/2026-14:13:02] [TRT] [I] The logger passed into createInferRuntime differs from one already provided for an existing builder, runtime, or refitter. Uses of the global logger, returned by nvinfer1::getLogger(), will return the existing value.
[09/09/2026-14:13:02] [TRT] [I] Loaded engine size: 52 MiB
[09/09/2026-14:13:02] [TRT] [I] [MemUsageChange] TensorRT-managed allocation in IExecutionContext creation: CPU +0, GPU +29, now: CPU 1, GPU 117 (MiB)
14:13:02  INFO     [RAMS] YOLOv8-medium ready — TensorRT yolov8m.engine (imgsz=640).
14:13:02  INFO     [RAMS] Controller ready. Policy: predictive
14:13:03  INFO     [RAMS] Tier switch: SMALL → NANO  (R=0.646)
14:13:03  INFO       [predictive / heavy] 20/200  tier=NANO    latency=9.7 ms  R=0.704  target=0.75  dets=3  vru=False  backend=tensorrt
14:13:04  INFO       [predictive / heavy] 40/200  tier=NANO    latency=7.0 ms  R=0.711  target=0.75  dets=4  vru=False  backend=tensorrt
14:13:04  INFO       [predictive / heavy] 60/200  tier=NANO    latency=4.9 ms  R=0.731  target=0.75  dets=0  vru=False  backend=tensorrt
14:13:05  INFO       [predictive / heavy] 80/200  tier=NANO    latency=6.7 ms  R=0.701  target=0.75  dets=3  vru=False  backend=tensorrt
14:13:05  INFO       [predictive / heavy] 100/200  tier=NANO    latency=7.2 ms  R=0.688  target=0.75  dets=6  vru=False  backend=tensorrt
14:13:05  INFO       [predictive / heavy] 120/200  tier=NANO    latency=9.1 ms  R=0.702  target=0.75  dets=14  vru=False  backend=tensorrt
14:13:06  INFO       [predictive / heavy] 140/200  tier=NANO    latency=7.0 ms  R=0.678  target=0.75  dets=4  vru=False  backend=tensorrt
14:13:06  INFO       [predictive / heavy] 160/200  tier=NANO    latency=7.0 ms  R=0.733  target=0.75  dets=3  vru=False  backend=tensorrt
14:13:07  INFO       [predictive / heavy] 180/200  tier=NANO    latency=10.2 ms  R=0.699  target=0.75  dets=5  vru=False  backend=tensorrt
14:13:07  INFO       [predictive / heavy] 200/200  tier=NANO    latency=7.7 ms  R=0.692  target=0.75  dets=1  vru=False  backend=tensorrt
14:13:07  INFO     [RAMS] Controller stopped.
14:13:07  INFO     
--- Block 9/10  Policy: fixed_small  Load: heavy (75%) ---
14:13:07  INFO     [RAMS] Starting resource monitor ...
14:13:07  INFO     [RAMS] Loading model tiers ...
WARNING ⚠️ Unable to automatically guess model task, assuming 'task=detect'. Explicitly define task for your model, i.e. 'task=detect', 'segment', 'classify', 'pose', 'obb' or 'semantic'.
Loading yolov8n.engine for TensorRT inference...
[09/09/2026-14:13:07] [TRT] [I] Loaded engine size: 7 MiB
[09/09/2026-14:13:07] [TRT] [I] [MemUsageChange] TensorRT-managed allocation in IExecutionContext creation: CPU +0, GPU +3, now: CPU 0, GPU 9 (MiB)
14:13:07  INFO     [RAMS] YOLOv8-nano ready — TensorRT yolov8n.engine (imgsz=320).
WARNING ⚠️ Unable to automatically guess model task, assuming 'task=detect'. Explicitly define task for your model, i.e. 'task=detect', 'segment', 'classify', 'pose', 'obb' or 'semantic'.
Loading yolov8s.engine for TensorRT inference...
[09/09/2026-14:13:07] [TRT] [I] The logger passed into createInferRuntime differs from one already provided for an existing builder, runtime, or refitter. Uses of the global logger, returned by nvinfer1::getLogger(), will return the existing value.
[09/09/2026-14:13:07] [TRT] [I] Loaded engine size: 23 MiB
[09/09/2026-14:13:08] [TRT] [I] [MemUsageChange] TensorRT-managed allocation in IExecutionContext creation: CPU +1, GPU +7, now: CPU 1, GPU 38 (MiB)
14:13:08  INFO     [RAMS] YOLOv8-small ready — TensorRT yolov8s.engine (imgsz=416).
WARNING ⚠️ Unable to automatically guess model task, assuming 'task=detect'. Explicitly define task for your model, i.e. 'task=detect', 'segment', 'classify', 'pose', 'obb' or 'semantic'.
Loading yolov8m.engine for TensorRT inference...
[09/09/2026-14:13:08] [TRT] [I] The logger passed into createInferRuntime differs from one already provided for an existing builder, runtime, or refitter. Uses of the global logger, returned by nvinfer1::getLogger(), will return the existing value.
[09/09/2026-14:13:08] [TRT] [I] Loaded engine size: 52 MiB
[09/09/2026-14:13:08] [TRT] [I] [MemUsageChange] TensorRT-managed allocation in IExecutionContext creation: CPU +0, GPU +29, now: CPU 1, GPU 117 (MiB)
14:13:08  INFO     [RAMS] YOLOv8-medium ready — TensorRT yolov8m.engine (imgsz=640).
14:13:08  INFO     [RAMS] Controller ready. Policy: fixed
14:13:09  INFO       [fixed_small / heavy] 20/200  tier=SMALL   latency=8.3 ms  R=0.673  target=0.75  dets=4  vru=False  backend=tensorrt
14:13:10  INFO       [fixed_small / heavy] 40/200  tier=SMALL   latency=8.6 ms  R=0.671  target=0.75  dets=7  vru=False  backend=tensorrt
14:13:10  INFO       [fixed_small / heavy] 60/200  tier=SMALL   latency=7.5 ms  R=0.670  target=0.75  dets=2  vru=False  backend=tensorrt
14:13:10  INFO       [fixed_small / heavy] 80/200  tier=SMALL   latency=7.5 ms  R=0.714  target=0.75  dets=2  vru=False  backend=tensorrt
14:13:11  INFO       [fixed_small / heavy] 100/200  tier=SMALL   latency=8.9 ms  R=0.652  target=0.75  dets=8  vru=False  backend=tensorrt
14:13:11  INFO       [fixed_small / heavy] 120/200  tier=SMALL   latency=11.2 ms  R=0.671  target=0.75  dets=16  vru=False  backend=tensorrt
14:13:12  INFO       [fixed_small / heavy] 140/200  tier=SMALL   latency=8.4 ms  R=0.669  target=0.75  dets=6  vru=False  backend=tensorrt
14:13:12  INFO       [fixed_small / heavy] 160/200  tier=SMALL   latency=8.2 ms  R=0.671  target=0.75  dets=6  vru=False  backend=tensorrt
14:13:12  INFO       [fixed_small / heavy] 180/200  tier=SMALL   latency=8.1 ms  R=0.671  target=0.75  dets=5  vru=False  backend=tensorrt
14:13:13  INFO       [fixed_small / heavy] 200/200  tier=SMALL   latency=7.5 ms  R=0.671  target=0.75  dets=2  vru=False  backend=tensorrt
14:13:13  INFO     [RAMS] Controller stopped.
14:13:13  INFO     
--- Block 9/10  Policy: safety2  Load: heavy (75%) ---
14:13:13  INFO     [RAMS] Starting resource monitor ...
14:13:13  INFO     [RAMS] Loading model tiers ...
WARNING ⚠️ Unable to automatically guess model task, assuming 'task=detect'. Explicitly define task for your model, i.e. 'task=detect', 'segment', 'classify', 'pose', 'obb' or 'semantic'.
Loading yolov8n.engine for TensorRT inference...
[09/09/2026-14:13:13] [TRT] [I] Loaded engine size: 7 MiB
[09/09/2026-14:13:13] [TRT] [I] [MemUsageChange] TensorRT-managed allocation in IExecutionContext creation: CPU +0, GPU +3, now: CPU 0, GPU 9 (MiB)
14:13:13  INFO     [RAMS] YOLOv8-nano ready — TensorRT yolov8n.engine (imgsz=320).
WARNING ⚠️ Unable to automatically guess model task, assuming 'task=detect'. Explicitly define task for your model, i.e. 'task=detect', 'segment', 'classify', 'pose', 'obb' or 'semantic'.
Loading yolov8s.engine for TensorRT inference...
[09/09/2026-14:13:13] [TRT] [I] The logger passed into createInferRuntime differs from one already provided for an existing builder, runtime, or refitter. Uses of the global logger, returned by nvinfer1::getLogger(), will return the existing value.
[09/09/2026-14:13:13] [TRT] [I] Loaded engine size: 23 MiB
[09/09/2026-14:13:13] [TRT] [I] [MemUsageChange] TensorRT-managed allocation in IExecutionContext creation: CPU +1, GPU +7, now: CPU 1, GPU 38 (MiB)
14:13:13  INFO     [RAMS] YOLOv8-small ready — TensorRT yolov8s.engine (imgsz=416).
WARNING ⚠️ Unable to automatically guess model task, assuming 'task=detect'. Explicitly define task for your model, i.e. 'task=detect', 'segment', 'classify', 'pose', 'obb' or 'semantic'.
Loading yolov8m.engine for TensorRT inference...
[09/09/2026-14:13:13] [TRT] [I] The logger passed into createInferRuntime differs from one already provided for an existing builder, runtime, or refitter. Uses of the global logger, returned by nvinfer1::getLogger(), will return the existing value.
[09/09/2026-14:13:13] [TRT] [I] Loaded engine size: 52 MiB
[09/09/2026-14:13:13] [TRT] [I] [MemUsageChange] TensorRT-managed allocation in IExecutionContext creation: CPU +0, GPU +29, now: CPU 1, GPU 117 (MiB)
14:13:13  INFO     [RAMS] YOLOv8-medium ready — TensorRT yolov8m.engine (imgsz=640).
14:13:13  INFO     [RAMS] Controller ready. Policy: safety2
14:13:15  INFO     [RAMS] Tier switch: SMALL → MEDIUM  (R=0.673)
14:13:15  INFO       [safety2 / heavy] 20/200  tier=MEDIUM  latency=13.9 ms  R=0.666  target=0.75  dets=4  vru=False  backend=tensorrt
14:13:15  INFO     [RAMS] Tier switch: MEDIUM → SMALL  (R=0.745)
14:13:15  INFO       [safety2 / heavy] 40/200  tier=SMALL   latency=11.4 ms  R=0.686  target=0.75  dets=7  vru=False  backend=tensorrt
14:13:16  INFO     [RAMS] Tier switch: SMALL → MEDIUM  (R=0.671)
14:13:16  INFO       [safety2 / heavy] 60/200  tier=MEDIUM  latency=15.4 ms  R=0.671  target=0.75  dets=6  vru=False  backend=tensorrt
14:13:16  INFO     [RAMS] Tier switch: MEDIUM → SMALL  (R=0.741)
14:13:16  INFO     [RAMS] Tier switch: SMALL → MEDIUM  (R=0.732)
14:13:16  INFO       [safety2 / heavy] 80/200  tier=MEDIUM  latency=13.7 ms  R=0.732  target=0.75  dets=3  vru=False  backend=tensorrt
14:13:17  INFO       [safety2 / heavy] 100/200  tier=MEDIUM  latency=16.3 ms  R=0.650  target=0.75  dets=16  vru=False  backend=tensorrt
14:13:17  INFO     [RAMS] Tier switch: MEDIUM → NANO  (R=0.716)
14:13:17  INFO     [RAMS] Tier switch: NANO → MEDIUM  (R=0.688)
14:13:17  INFO       [safety2 / heavy] 120/200  tier=MEDIUM  latency=17.4 ms  R=0.697  target=0.75  dets=21  vru=False  backend=tensorrt
14:13:18  INFO     [RAMS] Tier switch: MEDIUM → NANO  (R=0.716)
14:13:18  INFO     [RAMS] Tier switch: NANO → SMALL  (R=0.716)
14:13:18  INFO     [RAMS] Tier switch: SMALL → MEDIUM  (R=0.716)
14:13:18  INFO       [safety2 / heavy] 140/200  tier=MEDIUM  latency=15.8 ms  R=0.647  target=0.75  dets=13  vru=False  backend=tensorrt
14:13:18  INFO     [RAMS] Tier switch: MEDIUM → NANO  (R=0.680)
14:13:18  INFO     [RAMS] Tier switch: NANO → MEDIUM  (R=0.649)
14:13:19  INFO       [safety2 / heavy] 160/200  tier=MEDIUM  latency=14.8 ms  R=0.649  target=0.75  dets=8  vru=False  backend=tensorrt
14:13:19  INFO     [RAMS] Tier switch: MEDIUM → NANO  (R=0.664)
14:13:19  INFO       [safety2 / heavy] 180/200  tier=NANO    latency=10.2 ms  R=0.664  target=0.75  dets=5  vru=False  backend=tensorrt
14:13:19  INFO     [RAMS] Tier switch: NANO → MEDIUM  (R=0.665)
14:13:20  INFO       [safety2 / heavy] 200/200  tier=MEDIUM  latency=13.6 ms  R=0.672  target=0.75  dets=2  vru=False  backend=tensorrt
14:13:20  INFO     [RAMS] Controller stopped.
14:13:20  INFO     
--- Block 10/10  Policy: threshold  Load: heavy (75%) ---
14:13:20  INFO     [RAMS] Starting resource monitor ...
14:13:20  INFO     [RAMS] Loading model tiers ...
WARNING ⚠️ Unable to automatically guess model task, assuming 'task=detect'. Explicitly define task for your model, i.e. 'task=detect', 'segment', 'classify', 'pose', 'obb' or 'semantic'.
Loading yolov8n.engine for TensorRT inference...
[09/09/2026-14:13:20] [TRT] [I] Loaded engine size: 7 MiB
[09/09/2026-14:13:20] [TRT] [I] [MemUsageChange] TensorRT-managed allocation in IExecutionContext creation: CPU +0, GPU +3, now: CPU 0, GPU 9 (MiB)
14:13:20  INFO     [RAMS] YOLOv8-nano ready — TensorRT yolov8n.engine (imgsz=320).
WARNING ⚠️ Unable to automatically guess model task, assuming 'task=detect'. Explicitly define task for your model, i.e. 'task=detect', 'segment', 'classify', 'pose', 'obb' or 'semantic'.
Loading yolov8s.engine for TensorRT inference...
[09/09/2026-14:13:20] [TRT] [I] The logger passed into createInferRuntime differs from one already provided for an existing builder, runtime, or refitter. Uses of the global logger, returned by nvinfer1::getLogger(), will return the existing value.
[09/09/2026-14:13:20] [TRT] [I] Loaded engine size: 23 MiB
[09/09/2026-14:13:20] [TRT] [I] [MemUsageChange] TensorRT-managed allocation in IExecutionContext creation: CPU +1, GPU +7, now: CPU 1, GPU 38 (MiB)
14:13:20  INFO     [RAMS] YOLOv8-small ready — TensorRT yolov8s.engine (imgsz=416).
WARNING ⚠️ Unable to automatically guess model task, assuming 'task=detect'. Explicitly define task for your model, i.e. 'task=detect', 'segment', 'classify', 'pose', 'obb' or 'semantic'.
Loading yolov8m.engine for TensorRT inference...
[09/09/2026-14:13:20] [TRT] [I] The logger passed into createInferRuntime differs from one already provided for an existing builder, runtime, or refitter. Uses of the global logger, returned by nvinfer1::getLogger(), will return the existing value.
[09/09/2026-14:13:20] [TRT] [I] Loaded engine size: 52 MiB
[09/09/2026-14:13:20] [TRT] [I] [MemUsageChange] TensorRT-managed allocation in IExecutionContext creation: CPU +0, GPU +29, now: CPU 1, GPU 117 (MiB)
14:13:20  INFO     [RAMS] YOLOv8-medium ready — TensorRT yolov8m.engine (imgsz=640).
14:13:20  INFO     [RAMS] Controller ready. Policy: threshold
14:13:21  INFO     [RAMS] Tier switch: SMALL → NANO  (R=0.589)
14:13:22  INFO       [threshold / heavy] 20/200  tier=NANO    latency=6.6 ms  R=0.663  target=0.75  dets=4  vru=False  backend=tensorrt
14:13:22  INFO       [threshold / heavy] 40/200  tier=NANO    latency=6.2 ms  R=0.662  target=0.75  dets=2  vru=False  backend=tensorrt
14:13:22  INFO       [threshold / heavy] 60/200  tier=NANO    latency=4.9 ms  R=0.696  target=0.75  dets=0  vru=False  backend=tensorrt
14:13:23  INFO       [threshold / heavy] 80/200  tier=NANO    latency=6.3 ms  R=0.663  target=0.75  dets=2  vru=False  backend=tensorrt
14:13:23  INFO       [threshold / heavy] 100/200  tier=NANO    latency=8.0 ms  R=0.703  target=0.75  dets=6  vru=False  backend=tensorrt
14:13:23  INFO       [threshold / heavy] 120/200  tier=NANO    latency=7.4 ms  R=0.738  target=0.75  dets=5  vru=False  backend=tensorrt
14:13:24  INFO       [threshold / heavy] 140/200  tier=NANO    latency=6.3 ms  R=0.692  target=0.75  dets=1  vru=False  backend=tensorrt
14:13:24  INFO       [threshold / heavy] 160/200  tier=NANO    latency=7.8 ms  R=0.696  target=0.75  dets=9  vru=False  backend=tensorrt
14:13:25  INFO       [threshold / heavy] 180/200  tier=NANO    latency=7.6 ms  R=0.692  target=0.75  dets=8  vru=False  backend=tensorrt
14:13:25  INFO       [threshold / heavy] 200/200  tier=NANO    latency=4.9 ms  R=0.692  target=0.75  dets=0  vru=False  backend=tensorrt
14:13:25  INFO     [RAMS] Controller stopped.
14:13:25  INFO     
--- Block 10/10  Policy: adaptive  Load: heavy (75%) ---
14:13:25  INFO     [RAMS] Starting resource monitor ...
14:13:25  INFO     [RAMS] Loading model tiers ...
WARNING ⚠️ Unable to automatically guess model task, assuming 'task=detect'. Explicitly define task for your model, i.e. 'task=detect', 'segment', 'classify', 'pose', 'obb' or 'semantic'.
Loading yolov8n.engine for TensorRT inference...
[09/09/2026-14:13:25] [TRT] [I] Loaded engine size: 7 MiB
[09/09/2026-14:13:25] [TRT] [I] [MemUsageChange] TensorRT-managed allocation in IExecutionContext creation: CPU +0, GPU +3, now: CPU 0, GPU 9 (MiB)
14:13:25  INFO     [RAMS] YOLOv8-nano ready — TensorRT yolov8n.engine (imgsz=320).
WARNING ⚠️ Unable to automatically guess model task, assuming 'task=detect'. Explicitly define task for your model, i.e. 'task=detect', 'segment', 'classify', 'pose', 'obb' or 'semantic'.
Loading yolov8s.engine for TensorRT inference...
[09/09/2026-14:13:25] [TRT] [I] The logger passed into createInferRuntime differs from one already provided for an existing builder, runtime, or refitter. Uses of the global logger, returned by nvinfer1::getLogger(), will return the existing value.
[09/09/2026-14:13:25] [TRT] [I] Loaded engine size: 23 MiB
[09/09/2026-14:13:26] [TRT] [I] [MemUsageChange] TensorRT-managed allocation in IExecutionContext creation: CPU +1, GPU +7, now: CPU 1, GPU 38 (MiB)
14:13:26  INFO     [RAMS] YOLOv8-small ready — TensorRT yolov8s.engine (imgsz=416).
WARNING ⚠️ Unable to automatically guess model task, assuming 'task=detect'. Explicitly define task for your model, i.e. 'task=detect', 'segment', 'classify', 'pose', 'obb' or 'semantic'.
Loading yolov8m.engine for TensorRT inference...
[09/09/2026-14:13:26] [TRT] [I] The logger passed into createInferRuntime differs from one already provided for an existing builder, runtime, or refitter. Uses of the global logger, returned by nvinfer1::getLogger(), will return the existing value.
[09/09/2026-14:13:26] [TRT] [I] Loaded engine size: 52 MiB
[09/09/2026-14:13:26] [TRT] [I] [MemUsageChange] TensorRT-managed allocation in IExecutionContext creation: CPU +0, GPU +29, now: CPU 1, GPU 117 (MiB)
14:13:26  INFO     [RAMS] YOLOv8-medium ready — TensorRT yolov8m.engine (imgsz=640).
14:13:26  INFO     [RAMS] Controller ready. Policy: adaptive
14:13:27  INFO     [RAMS] Tier switch: SMALL → NANO  (R=0.652)
14:13:27  INFO       [adaptive / heavy] 20/200  tier=NANO    latency=7.2 ms  R=0.676  target=0.75  dets=4  vru=False  backend=tensorrt
14:13:28  INFO       [adaptive / heavy] 40/200  tier=NANO    latency=7.1 ms  R=0.705  target=0.75  dets=2  vru=False  backend=tensorrt
14:13:28  INFO       [adaptive / heavy] 60/200  tier=NANO    latency=5.0 ms  R=0.699  target=0.75  dets=0  vru=False  backend=tensorrt
14:13:28  INFO       [adaptive / heavy] 80/200  tier=NANO    latency=7.0 ms  R=0.720  target=0.75  dets=2  vru=False  backend=tensorrt
14:13:29  INFO       [adaptive / heavy] 100/200  tier=NANO    latency=8.6 ms  R=0.693  target=0.75  dets=6  vru=False  backend=tensorrt
14:13:29  INFO       [adaptive / heavy] 120/200  tier=NANO    latency=7.1 ms  R=0.690  target=0.75  dets=5  vru=False  backend=tensorrt
14:13:30  INFO       [adaptive / heavy] 140/200  tier=NANO    latency=6.0 ms  R=0.666  target=0.75  dets=1  vru=False  backend=tensorrt
14:13:30  INFO       [adaptive / heavy] 160/200  tier=NANO    latency=7.5 ms  R=0.668  target=0.75  dets=9  vru=False  backend=tensorrt
14:13:30  INFO       [adaptive / heavy] 180/200  tier=NANO    latency=7.5 ms  R=0.684  target=0.75  dets=8  vru=False  backend=tensorrt
14:13:31  INFO       [adaptive / heavy] 200/200  tier=NANO    latency=4.5 ms  R=0.669  target=0.75  dets=0  vru=False  backend=tensorrt
14:13:31  INFO     [RAMS] Controller stopped.
14:13:31  INFO     
--- Block 10/10  Policy: fixed_small  Load: heavy (75%) ---
14:13:31  INFO     [RAMS] Starting resource monitor ...
14:13:31  INFO     [RAMS] Loading model tiers ...
WARNING ⚠️ Unable to automatically guess model task, assuming 'task=detect'. Explicitly define task for your model, i.e. 'task=detect', 'segment', 'classify', 'pose', 'obb' or 'semantic'.
Loading yolov8n.engine for TensorRT inference...
[09/09/2026-14:13:31] [TRT] [I] Loaded engine size: 7 MiB
[09/09/2026-14:13:31] [TRT] [I] [MemUsageChange] TensorRT-managed allocation in IExecutionContext creation: CPU +0, GPU +3, now: CPU 0, GPU 9 (MiB)
14:13:31  INFO     [RAMS] YOLOv8-nano ready — TensorRT yolov8n.engine (imgsz=320).
WARNING ⚠️ Unable to automatically guess model task, assuming 'task=detect'. Explicitly define task for your model, i.e. 'task=detect', 'segment', 'classify', 'pose', 'obb' or 'semantic'.
Loading yolov8s.engine for TensorRT inference...
[09/09/2026-14:13:31] [TRT] [I] The logger passed into createInferRuntime differs from one already provided for an existing builder, runtime, or refitter. Uses of the global logger, returned by nvinfer1::getLogger(), will return the existing value.
[09/09/2026-14:13:31] [TRT] [I] Loaded engine size: 23 MiB
[09/09/2026-14:13:31] [TRT] [I] [MemUsageChange] TensorRT-managed allocation in IExecutionContext creation: CPU +1, GPU +7, now: CPU 1, GPU 38 (MiB)
14:13:31  INFO     [RAMS] YOLOv8-small ready — TensorRT yolov8s.engine (imgsz=416).
WARNING ⚠️ Unable to automatically guess model task, assuming 'task=detect'. Explicitly define task for your model, i.e. 'task=detect', 'segment', 'classify', 'pose', 'obb' or 'semantic'.
Loading yolov8m.engine for TensorRT inference...
[09/09/2026-14:13:31] [TRT] [I] The logger passed into createInferRuntime differs from one already provided for an existing builder, runtime, or refitter. Uses of the global logger, returned by nvinfer1::getLogger(), will return the existing value.
[09/09/2026-14:13:31] [TRT] [I] Loaded engine size: 52 MiB
[09/09/2026-14:13:31] [TRT] [I] [MemUsageChange] TensorRT-managed allocation in IExecutionContext creation: CPU +0, GPU +29, now: CPU 1, GPU 117 (MiB)
14:13:31  INFO     [RAMS] YOLOv8-medium ready — TensorRT yolov8m.engine (imgsz=640).
14:13:31  INFO     [RAMS] Controller ready. Policy: fixed
14:13:33  INFO       [fixed_small / heavy] 20/200  tier=SMALL   latency=9.1 ms  R=0.672  target=0.75  dets=10  vru=False  backend=tensorrt
14:13:33  INFO       [fixed_small / heavy] 40/200  tier=SMALL   latency=7.7 ms  R=0.653  target=0.75  dets=3  vru=False  backend=tensorrt
14:13:34  INFO       [fixed_small / heavy] 60/200  tier=SMALL   latency=6.5 ms  R=0.677  target=0.75  dets=0  vru=False  backend=tensorrt
14:13:34  INFO       [fixed_small / heavy] 80/200  tier=SMALL   latency=7.9 ms  R=0.673  target=0.75  dets=4  vru=True  backend=tensorrt
14:13:34  INFO       [fixed_small / heavy] 100/200  tier=SMALL   latency=11.1 ms  R=0.726  target=0.75  dets=7  vru=False  backend=tensorrt
14:13:35  INFO       [fixed_small / heavy] 120/200  tier=SMALL   latency=8.5 ms  R=0.672  target=0.75  dets=7  vru=False  backend=tensorrt
14:13:35  INFO       [fixed_small / heavy] 140/200  tier=SMALL   latency=8.9 ms  R=0.671  target=0.75  dets=9  vru=False  backend=tensorrt
14:13:36  INFO       [fixed_small / heavy] 160/200  tier=SMALL   latency=11.9 ms  R=0.652  target=0.75  dets=14  vru=False  backend=tensorrt
14:13:36  INFO       [fixed_small / heavy] 180/200  tier=SMALL   latency=10.4 ms  R=0.666  target=0.75  dets=15  vru=True  backend=tensorrt
14:13:36  INFO       [fixed_small / heavy] 200/200  tier=SMALL   latency=7.6 ms  R=0.666  target=0.75  dets=2  vru=False  backend=tensorrt
14:13:37  INFO     [RAMS] Controller stopped.
14:13:37  INFO     
--- Block 10/10  Policy: fixed_medium  Load: heavy (75%) ---
14:13:37  INFO     [RAMS] Starting resource monitor ...
14:13:37  INFO     [RAMS] Loading model tiers ...
WARNING ⚠️ Unable to automatically guess model task, assuming 'task=detect'. Explicitly define task for your model, i.e. 'task=detect', 'segment', 'classify', 'pose', 'obb' or 'semantic'.
Loading yolov8n.engine for TensorRT inference...
[09/09/2026-14:13:37] [TRT] [I] Loaded engine size: 7 MiB
[09/09/2026-14:13:37] [TRT] [I] [MemUsageChange] TensorRT-managed allocation in IExecutionContext creation: CPU +0, GPU +3, now: CPU 0, GPU 9 (MiB)
14:13:37  INFO     [RAMS] YOLOv8-nano ready — TensorRT yolov8n.engine (imgsz=320).
WARNING ⚠️ Unable to automatically guess model task, assuming 'task=detect'. Explicitly define task for your model, i.e. 'task=detect', 'segment', 'classify', 'pose', 'obb' or 'semantic'.
Loading yolov8s.engine for TensorRT inference...
[09/09/2026-14:13:37] [TRT] [I] The logger passed into createInferRuntime differs from one already provided for an existing builder, runtime, or refitter. Uses of the global logger, returned by nvinfer1::getLogger(), will return the existing value.
[09/09/2026-14:13:37] [TRT] [I] Loaded engine size: 23 MiB
[09/09/2026-14:13:37] [TRT] [I] [MemUsageChange] TensorRT-managed allocation in IExecutionContext creation: CPU +1, GPU +7, now: CPU 1, GPU 38 (MiB)
14:13:37  INFO     [RAMS] YOLOv8-small ready — TensorRT yolov8s.engine (imgsz=416).
WARNING ⚠️ Unable to automatically guess model task, assuming 'task=detect'. Explicitly define task for your model, i.e. 'task=detect', 'segment', 'classify', 'pose', 'obb' or 'semantic'.
Loading yolov8m.engine for TensorRT inference...
[09/09/2026-14:13:37] [TRT] [I] The logger passed into createInferRuntime differs from one already provided for an existing builder, runtime, or refitter. Uses of the global logger, returned by nvinfer1::getLogger(), will return the existing value.
[09/09/2026-14:13:37] [TRT] [I] Loaded engine size: 52 MiB
[09/09/2026-14:13:37] [TRT] [I] [MemUsageChange] TensorRT-managed allocation in IExecutionContext creation: CPU +0, GPU +29, now: CPU 1, GPU 117 (MiB)
14:13:37  INFO     [RAMS] YOLOv8-medium ready — TensorRT yolov8m.engine (imgsz=640).
14:13:37  INFO     [RAMS] Controller ready. Policy: fixed
14:13:38  INFO     [RAMS] Tier switch: SMALL → MEDIUM  (R=0.591)
14:13:39  INFO       [fixed_medium / heavy] 20/200  tier=MEDIUM  latency=15.2 ms  R=0.638  target=0.75  dets=10  vru=False  backend=tensorrt
14:13:39  INFO       [fixed_medium / heavy] 40/200  tier=MEDIUM  latency=14.8 ms  R=0.666  target=0.75  dets=8  vru=False  backend=tensorrt
14:13:40  INFO       [fixed_medium / heavy] 60/200  tier=MEDIUM  latency=17.7 ms  R=0.641  target=0.75  dets=6  vru=False  backend=tensorrt
14:13:40  INFO       [fixed_medium / heavy] 80/200  tier=MEDIUM  latency=14.0 ms  R=0.643  target=0.75  dets=4  vru=False  backend=tensorrt
14:13:41  INFO       [fixed_medium / heavy] 100/200  tier=MEDIUM  latency=14.2 ms  R=0.711  target=0.75  dets=5  vru=False  backend=tensorrt
14:13:41  INFO       [fixed_medium / heavy] 120/200  tier=MEDIUM  latency=14.9 ms  R=0.751  target=0.75  dets=8  vru=False  backend=tensorrt
14:13:42  INFO       [fixed_medium / heavy] 140/200  tier=MEDIUM  latency=15.3 ms  R=0.723  target=0.75  dets=10  vru=True  backend=tensorrt
14:13:43  INFO       [fixed_medium / heavy] 160/200  tier=MEDIUM  latency=15.9 ms  R=0.696  target=0.75  dets=14  vru=False  backend=tensorrt
14:13:43  INFO       [fixed_medium / heavy] 180/200  tier=MEDIUM  latency=16.9 ms  R=0.726  target=0.75  dets=18  vru=True  backend=tensorrt
14:13:44  INFO       [fixed_medium / heavy] 200/200  tier=MEDIUM  latency=13.6 ms  R=0.664  target=0.75  dets=2  vru=False  backend=tensorrt
14:13:44  INFO     [RAMS] Controller stopped.
14:13:44  INFO     
--- Block 10/10  Policy: fixed_nano  Load: heavy (75%) ---
14:13:44  INFO     [RAMS] Starting resource monitor ...
14:13:44  INFO     [RAMS] Loading model tiers ...
WARNING ⚠️ Unable to automatically guess model task, assuming 'task=detect'. Explicitly define task for your model, i.e. 'task=detect', 'segment', 'classify', 'pose', 'obb' or 'semantic'.
Loading yolov8n.engine for TensorRT inference...
[09/09/2026-14:13:44] [TRT] [I] Loaded engine size: 7 MiB
[09/09/2026-14:13:44] [TRT] [I] [MemUsageChange] TensorRT-managed allocation in IExecutionContext creation: CPU +0, GPU +3, now: CPU 0, GPU 9 (MiB)
14:13:44  INFO     [RAMS] YOLOv8-nano ready — TensorRT yolov8n.engine (imgsz=320).
WARNING ⚠️ Unable to automatically guess model task, assuming 'task=detect'. Explicitly define task for your model, i.e. 'task=detect', 'segment', 'classify', 'pose', 'obb' or 'semantic'.
Loading yolov8s.engine for TensorRT inference...
[09/09/2026-14:13:44] [TRT] [I] The logger passed into createInferRuntime differs from one already provided for an existing builder, runtime, or refitter. Uses of the global logger, returned by nvinfer1::getLogger(), will return the existing value.
[09/09/2026-14:13:44] [TRT] [I] Loaded engine size: 23 MiB
[09/09/2026-14:13:44] [TRT] [I] [MemUsageChange] TensorRT-managed allocation in IExecutionContext creation: CPU +1, GPU +7, now: CPU 1, GPU 38 (MiB)
14:13:44  INFO     [RAMS] YOLOv8-small ready — TensorRT yolov8s.engine (imgsz=416).
WARNING ⚠️ Unable to automatically guess model task, assuming 'task=detect'. Explicitly define task for your model, i.e. 'task=detect', 'segment', 'classify', 'pose', 'obb' or 'semantic'.
Loading yolov8m.engine for TensorRT inference...
[09/09/2026-14:13:44] [TRT] [I] The logger passed into createInferRuntime differs from one already provided for an existing builder, runtime, or refitter. Uses of the global logger, returned by nvinfer1::getLogger(), will return the existing value.
[09/09/2026-14:13:44] [TRT] [I] Loaded engine size: 52 MiB
[09/09/2026-14:13:44] [TRT] [I] [MemUsageChange] TensorRT-managed allocation in IExecutionContext creation: CPU +0, GPU +29, now: CPU 1, GPU 117 (MiB)
14:13:44  INFO     [RAMS] YOLOv8-medium ready — TensorRT yolov8m.engine (imgsz=640).
14:13:44  INFO     [RAMS] Controller ready. Policy: fixed
14:13:45  INFO     [RAMS] Tier switch: SMALL → NANO  (R=0.663)
14:13:45  INFO       [fixed_nano / heavy] 20/200  tier=NANO    latency=6.9 ms  R=0.698  target=0.75  dets=4  vru=False  backend=tensorrt
14:13:46  INFO       [fixed_nano / heavy] 40/200  tier=NANO    latency=6.4 ms  R=0.691  target=0.75  dets=2  vru=False  backend=tensorrt
14:13:46  INFO       [fixed_nano / heavy] 60/200  tier=NANO    latency=5.2 ms  R=0.714  target=0.75  dets=0  vru=False  backend=tensorrt
14:13:47  INFO       [fixed_nano / heavy] 80/200  tier=NANO    latency=6.6 ms  R=0.732  target=0.75  dets=2  vru=False  backend=tensorrt
14:13:47  INFO       [fixed_nano / heavy] 100/200  tier=NANO    latency=7.7 ms  R=0.705  target=0.75  dets=6  vru=False  backend=tensorrt
14:13:48  INFO       [fixed_nano / heavy] 120/200  tier=NANO    latency=17.3 ms  R=0.699  target=0.75  dets=5  vru=False  backend=tensorrt
14:13:48  INFO       [fixed_nano / heavy] 140/200  tier=NANO    latency=7.6 ms  R=0.724  target=0.75  dets=1  vru=False  backend=tensorrt
14:13:48  INFO       [fixed_nano / heavy] 160/200  tier=NANO    latency=8.5 ms  R=0.728  target=0.75  dets=9  vru=False  backend=tensorrt
14:13:49  INFO       [fixed_nano / heavy] 180/200  tier=NANO    latency=8.2 ms  R=0.683  target=0.75  dets=8  vru=False  backend=tensorrt
14:13:49  INFO       [fixed_nano / heavy] 200/200  tier=NANO    latency=4.9 ms  R=0.699  target=0.75  dets=0  vru=False  backend=tensorrt
14:13:49  INFO     [RAMS] Controller stopped.
14:13:49  INFO     
--- Block 10/10  Policy: safety2  Load: heavy (75%) ---
14:13:49  INFO     [RAMS] Starting resource monitor ...
14:13:49  INFO     [RAMS] Loading model tiers ...
WARNING ⚠️ Unable to automatically guess model task, assuming 'task=detect'. Explicitly define task for your model, i.e. 'task=detect', 'segment', 'classify', 'pose', 'obb' or 'semantic'.
Loading yolov8n.engine for TensorRT inference...
[09/09/2026-14:13:49] [TRT] [I] Loaded engine size: 7 MiB
[09/09/2026-14:13:49] [TRT] [I] [MemUsageChange] TensorRT-managed allocation in IExecutionContext creation: CPU +0, GPU +3, now: CPU 0, GPU 9 (MiB)
14:13:49  INFO     [RAMS] YOLOv8-nano ready — TensorRT yolov8n.engine (imgsz=320).
WARNING ⚠️ Unable to automatically guess model task, assuming 'task=detect'. Explicitly define task for your model, i.e. 'task=detect', 'segment', 'classify', 'pose', 'obb' or 'semantic'.
Loading yolov8s.engine for TensorRT inference...
[09/09/2026-14:13:49] [TRT] [I] The logger passed into createInferRuntime differs from one already provided for an existing builder, runtime, or refitter. Uses of the global logger, returned by nvinfer1::getLogger(), will return the existing value.
[09/09/2026-14:13:50] [TRT] [I] Loaded engine size: 23 MiB
[09/09/2026-14:13:50] [TRT] [I] [MemUsageChange] TensorRT-managed allocation in IExecutionContext creation: CPU +1, GPU +7, now: CPU 1, GPU 38 (MiB)
14:13:50  INFO     [RAMS] YOLOv8-small ready — TensorRT yolov8s.engine (imgsz=416).
WARNING ⚠️ Unable to automatically guess model task, assuming 'task=detect'. Explicitly define task for your model, i.e. 'task=detect', 'segment', 'classify', 'pose', 'obb' or 'semantic'.
Loading yolov8m.engine for TensorRT inference...
[09/09/2026-14:13:50] [TRT] [I] The logger passed into createInferRuntime differs from one already provided for an existing builder, runtime, or refitter. Uses of the global logger, returned by nvinfer1::getLogger(), will return the existing value.
[09/09/2026-14:13:50] [TRT] [I] Loaded engine size: 52 MiB
[09/09/2026-14:13:50] [TRT] [I] [MemUsageChange] TensorRT-managed allocation in IExecutionContext creation: CPU +0, GPU +29, now: CPU 1, GPU 117 (MiB)
14:13:50  INFO     [RAMS] YOLOv8-medium ready — TensorRT yolov8m.engine (imgsz=640).
14:13:50  INFO     [RAMS] Controller ready. Policy: safety2
14:13:51  INFO       [safety2 / heavy] 20/200  tier=SMALL   latency=9.2 ms  R=0.671  target=0.75  dets=10  vru=False  backend=tensorrt
14:13:51  INFO     [RAMS] Tier switch: SMALL → MEDIUM  (R=0.671)
14:13:52  INFO       [safety2 / heavy] 40/200  tier=MEDIUM  latency=15.1 ms  R=0.636  target=0.75  dets=8  vru=False  backend=tensorrt
14:13:52  INFO     [RAMS] Tier switch: MEDIUM → NANO  (R=0.636)
14:13:52  INFO     [RAMS] Tier switch: NANO → SMALL  (R=0.686)
14:13:52  INFO     [RAMS] Tier switch: SMALL → MEDIUM  (R=0.673)
14:13:52  INFO       [safety2 / heavy] 60/200  tier=MEDIUM  latency=14.4 ms  R=0.713  target=0.75  dets=6  vru=False  backend=tensorrt
14:13:52  INFO     [RAMS] Tier switch: MEDIUM → NANO  (R=0.734)
14:13:52  INFO     [RAMS] Tier switch: NANO → SMALL  (R=0.661)
14:13:53  INFO       [safety2 / heavy] 80/200  tier=SMALL   latency=8.1 ms  R=0.673  target=0.75  dets=4  vru=True  backend=tensorrt
14:13:53  INFO     [RAMS] Tier switch: SMALL → MEDIUM  (R=0.652)
14:13:53  INFO       [safety2 / heavy] 100/200  tier=MEDIUM  latency=14.2 ms  R=0.682  target=0.75  dets=5  vru=False  backend=tensorrt
14:13:53  INFO     [RAMS] Tier switch: MEDIUM → SMALL  (R=0.757)
14:13:54  INFO     [RAMS] Tier switch: SMALL → MEDIUM  (R=0.674)
14:13:54  INFO       [safety2 / heavy] 120/200  tier=MEDIUM  latency=14.7 ms  R=0.670  target=0.75  dets=8  vru=False  backend=tensorrt
14:13:54  INFO     [RAMS] Tier switch: MEDIUM → NANO  (R=0.709)
14:13:54  INFO     [RAMS] Tier switch: NANO → MEDIUM  (R=0.706)
14:13:54  INFO       [safety2 / heavy] 140/200  tier=MEDIUM  latency=15.2 ms  R=0.706  target=0.75  dets=10  vru=True  backend=tensorrt
14:13:55  INFO       [safety2 / heavy] 160/200  tier=MEDIUM  latency=15.9 ms  R=0.675  target=0.75  dets=14  vru=False  backend=tensorrt
14:13:55  INFO       [safety2 / heavy] 180/200  tier=MEDIUM  latency=17.4 ms  R=0.638  target=0.75  dets=18  vru=True  backend=tensorrt
14:13:55  INFO     [RAMS] Tier switch: MEDIUM → NANO  (R=0.751)
14:13:56  INFO     [RAMS] Tier switch: NANO → SMALL  (R=0.638)
14:13:56  INFO     [RAMS] Tier switch: SMALL → MEDIUM  (R=0.667)
14:13:56  INFO       [safety2 / heavy] 200/200  tier=MEDIUM  latency=13.5 ms  R=0.727  target=0.75  dets=2  vru=False  backend=tensorrt
14:13:56  INFO     [RAMS] Controller stopped.
14:13:56  INFO     
--- Block 10/10  Policy: safety  Load: heavy (75%) ---
14:13:56  INFO     [RAMS] Starting resource monitor ...
14:13:56  INFO     [RAMS] Loading model tiers ...
WARNING ⚠️ Unable to automatically guess model task, assuming 'task=detect'. Explicitly define task for your model, i.e. 'task=detect', 'segment', 'classify', 'pose', 'obb' or 'semantic'.
Loading yolov8n.engine for TensorRT inference...
[09/09/2026-14:13:56] [TRT] [I] Loaded engine size: 7 MiB
[09/09/2026-14:13:56] [TRT] [I] [MemUsageChange] TensorRT-managed allocation in IExecutionContext creation: CPU +0, GPU +3, now: CPU 0, GPU 9 (MiB)
14:13:56  INFO     [RAMS] YOLOv8-nano ready — TensorRT yolov8n.engine (imgsz=320).
WARNING ⚠️ Unable to automatically guess model task, assuming 'task=detect'. Explicitly define task for your model, i.e. 'task=detect', 'segment', 'classify', 'pose', 'obb' or 'semantic'.
Loading yolov8s.engine for TensorRT inference...
[09/09/2026-14:13:56] [TRT] [I] The logger passed into createInferRuntime differs from one already provided for an existing builder, runtime, or refitter. Uses of the global logger, returned by nvinfer1::getLogger(), will return the existing value.
[09/09/2026-14:13:56] [TRT] [I] Loaded engine size: 23 MiB
[09/09/2026-14:13:56] [TRT] [I] [MemUsageChange] TensorRT-managed allocation in IExecutionContext creation: CPU +1, GPU +7, now: CPU 1, GPU 38 (MiB)
14:13:56  INFO     [RAMS] YOLOv8-small ready — TensorRT yolov8s.engine (imgsz=416).
WARNING ⚠️ Unable to automatically guess model task, assuming 'task=detect'. Explicitly define task for your model, i.e. 'task=detect', 'segment', 'classify', 'pose', 'obb' or 'semantic'.
Loading yolov8m.engine for TensorRT inference...
[09/09/2026-14:13:56] [TRT] [I] The logger passed into createInferRuntime differs from one already provided for an existing builder, runtime, or refitter. Uses of the global logger, returned by nvinfer1::getLogger(), will return the existing value.
[09/09/2026-14:13:56] [TRT] [I] Loaded engine size: 52 MiB
[09/09/2026-14:13:56] [TRT] [I] [MemUsageChange] TensorRT-managed allocation in IExecutionContext creation: CPU +0, GPU +29, now: CPU 1, GPU 117 (MiB)
14:13:56  INFO     [RAMS] YOLOv8-medium ready — TensorRT yolov8m.engine (imgsz=640).
14:13:56  INFO     [RAMS] Controller ready. Policy: safety
14:13:58  INFO       [safety / heavy] 20/200  tier=SMALL   latency=9.1 ms  R=0.664  target=0.75  dets=10  vru=False  backend=tensorrt
14:13:58  INFO       [safety / heavy] 40/200  tier=SMALL   latency=7.8 ms  R=0.660  target=0.75  dets=3  vru=False  backend=tensorrt
14:13:58  INFO       [safety / heavy] 60/200  tier=SMALL   latency=5.9 ms  R=0.681  target=0.75  dets=0  vru=False  backend=tensorrt
14:13:59  INFO       [safety / heavy] 80/200  tier=SMALL   latency=8.0 ms  R=0.672  target=0.75  dets=4  vru=True  backend=tensorrt
14:13:59  INFO       [safety / heavy] 100/200  tier=SMALL   latency=8.7 ms  R=0.713  target=0.75  dets=7  vru=False  backend=tensorrt
14:14:00  INFO       [safety / heavy] 120/200  tier=SMALL   latency=8.5 ms  R=0.671  target=0.75  dets=7  vru=False  backend=tensorrt
14:14:00  INFO       [safety / heavy] 140/200  tier=SMALL   latency=9.0 ms  R=0.672  target=0.75  dets=9  vru=False  backend=tensorrt
14:14:01  INFO       [safety / heavy] 160/200  tier=SMALL   latency=10.6 ms  R=0.672  target=0.75  dets=14  vru=False  backend=tensorrt
14:14:01  INFO       [safety / heavy] 180/200  tier=SMALL   latency=10.3 ms  R=0.669  target=0.75  dets=15  vru=True  backend=tensorrt
14:14:01  INFO       [safety / heavy] 200/200  tier=SMALL   latency=7.6 ms  R=0.671  target=0.75  dets=2  vru=False  backend=tensorrt
14:14:02  INFO     [RAMS] Controller stopped.
14:14:02  INFO     
--- Block 10/10  Policy: predictive  Load: heavy (75%) ---
14:14:02  INFO     [RAMS] Starting resource monitor ...
14:14:02  INFO     [RAMS] Loading model tiers ...
WARNING ⚠️ Unable to automatically guess model task, assuming 'task=detect'. Explicitly define task for your model, i.e. 'task=detect', 'segment', 'classify', 'pose', 'obb' or 'semantic'.
Loading yolov8n.engine for TensorRT inference...
[09/09/2026-14:14:02] [TRT] [I] Loaded engine size: 7 MiB
[09/09/2026-14:14:02] [TRT] [I] [MemUsageChange] TensorRT-managed allocation in IExecutionContext creation: CPU +0, GPU +3, now: CPU 0, GPU 9 (MiB)
14:14:02  INFO     [RAMS] YOLOv8-nano ready — TensorRT yolov8n.engine (imgsz=320).
WARNING ⚠️ Unable to automatically guess model task, assuming 'task=detect'. Explicitly define task for your model, i.e. 'task=detect', 'segment', 'classify', 'pose', 'obb' or 'semantic'.
Loading yolov8s.engine for TensorRT inference...
[09/09/2026-14:14:02] [TRT] [I] The logger passed into createInferRuntime differs from one already provided for an existing builder, runtime, or refitter. Uses of the global logger, returned by nvinfer1::getLogger(), will return the existing value.
[09/09/2026-14:14:02] [TRT] [I] Loaded engine size: 23 MiB
[09/09/2026-14:14:02] [TRT] [I] [MemUsageChange] TensorRT-managed allocation in IExecutionContext creation: CPU +1, GPU +7, now: CPU 1, GPU 38 (MiB)
14:14:02  INFO     [RAMS] YOLOv8-small ready — TensorRT yolov8s.engine (imgsz=416).
WARNING ⚠️ Unable to automatically guess model task, assuming 'task=detect'. Explicitly define task for your model, i.e. 'task=detect', 'segment', 'classify', 'pose', 'obb' or 'semantic'.
Loading yolov8m.engine for TensorRT inference...
[09/09/2026-14:14:02] [TRT] [I] The logger passed into createInferRuntime differs from one already provided for an existing builder, runtime, or refitter. Uses of the global logger, returned by nvinfer1::getLogger(), will return the existing value.
[09/09/2026-14:14:02] [TRT] [I] Loaded engine size: 52 MiB
[09/09/2026-14:14:02] [TRT] [I] [MemUsageChange] TensorRT-managed allocation in IExecutionContext creation: CPU +0, GPU +29, now: CPU 1, GPU 117 (MiB)
14:14:02  INFO     [RAMS] YOLOv8-medium ready — TensorRT yolov8m.engine (imgsz=640).
14:14:02  INFO     [RAMS] Controller ready. Policy: predictive
14:14:03  INFO     [RAMS] Tier switch: SMALL → NANO  (R=0.594)
14:14:03  INFO       [predictive / heavy] 20/200  tier=NANO    latency=7.0 ms  R=0.713  target=0.75  dets=4  vru=False  backend=tensorrt
14:14:04  INFO       [predictive / heavy] 40/200  tier=NANO    latency=6.2 ms  R=0.662  target=0.75  dets=2  vru=False  backend=tensorrt
14:14:04  INFO       [predictive / heavy] 60/200  tier=NANO    latency=4.5 ms  R=0.671  target=0.75  dets=0  vru=False  backend=tensorrt
14:14:04  INFO       [predictive / heavy] 80/200  tier=NANO    latency=6.4 ms  R=0.671  target=0.75  dets=2  vru=False  backend=tensorrt
14:14:05  INFO       [predictive / heavy] 100/200  tier=NANO    latency=7.0 ms  R=0.665  target=0.75  dets=6  vru=False  backend=tensorrt
14:14:05  INFO       [predictive / heavy] 120/200  tier=NANO    latency=6.8 ms  R=0.666  target=0.75  dets=5  vru=False  backend=tensorrt
14:14:06  INFO       [predictive / heavy] 140/200  tier=NANO    latency=5.9 ms  R=0.663  target=0.75  dets=1  vru=False  backend=tensorrt
14:14:06  INFO       [predictive / heavy] 160/200  tier=NANO    latency=8.0 ms  R=0.668  target=0.75  dets=9  vru=False  backend=tensorrt
14:14:06  INFO       [predictive / heavy] 180/200  tier=NANO    latency=8.0 ms  R=0.744  target=0.75  dets=8  vru=False  backend=tensorrt
14:14:07  INFO       [predictive / heavy] 200/200  tier=NANO    latency=4.8 ms  R=0.715  target=0.75  dets=0  vru=False  backend=tensorrt
14:14:07  INFO     [RAMS] Controller stopped.
14:14:08  INFO     Results -> /home/soren/rams_trt_labels_20260909/results/full-20260909-trtlabels-v3/tensorrt/runtime3_heavy/rams_20260909_140607_7b0aa8638130.csv
14:14:09  INFO     Summary -> /home/soren/rams_trt_labels_20260909/results/full-20260909-trtlabels-v3/tensorrt/runtime3_heavy/rams_20260909_140607_7b0aa8638130.json
14:14:09  INFO     Replay manifest -> /home/soren/rams_trt_labels_20260909/results/full-20260909-trtlabels-v3/tensorrt/runtime3_heavy/rams_20260909_140607_7b0aa8638130_manifest.json

================================================================================
Policy         Profile        N   Mean ms    P95 ms    VRU%  Tiers
--------------------------------------------------------------------------------
adaptive       heavy       2000       6.8       9.8   16.1%  NANO:2000
fixed_medium   heavy       2000      16.2      22.8   33.2%  MEDIUM:2000
fixed_nano     heavy       2000       6.8       9.5   16.1%  NANO:2000
fixed_small    heavy       2000       8.7      11.8   25.9%  SMALL:2000
predictive     heavy       2000       7.2      11.3   16.1%  NANO:2000
safety         heavy       2000       8.8      12.1   25.9%  NANO:18, SMALL:1982
safety2        heavy       2000      13.7      19.4   30.0%  MEDIUM:1445, NANO:205, SMALL:350
threshold      heavy       2000       6.6       8.8   16.4%  NANO:1980, SMALL:20
================================================================================

Backends used: {'tensorrt'}
