13:34:34  INFO     Loaded 1500 frames from /data/kitti/images/val
13:34:34  INFO     Real inference mode: 1500 frames available
13:34:34  INFO     === RAMS Benchmark  run_id=rams_20260909_133434_7b0aa8638130 ===
13:34:34  INFO     Policies: ['threshold', 'predictive', 'safety', 'adaptive', 'safety2', 'fixed_nano', 'fixed_small', 'fixed_medium']  |  Profiles: ['idle']  |  N/block=200  |  blocks=10  |  simulate=False  |  frames=/data/kitti/images/val
13:34:34  INFO     
--- Block 1/10  Policy: fixed_small  Load: idle (0%) ---
13:34:34  INFO     [RAMS] Starting resource monitor ...
13:34:35  INFO     [RAMS] Loading model tiers ...
WARNING ⚠️ Unable to automatically guess model task, assuming 'task=detect'. Explicitly define task for your model, i.e. 'task=detect', 'segment', 'classify', 'pose', 'obb' or 'semantic'.
Loading yolov8n.engine for TensorRT inference...
[09/09/2026-13:34:37] [TRT] [I] Loaded engine size: 7 MiB
[09/09/2026-13:34:37] [TRT] [I] [MemUsageChange] TensorRT-managed allocation in IExecutionContext creation: CPU +0, GPU +3, now: CPU 0, GPU 9 (MiB)
13:34:39  INFO     [RAMS] YOLOv8-nano ready — TensorRT yolov8n.engine (imgsz=320).
WARNING ⚠️ Unable to automatically guess model task, assuming 'task=detect'. Explicitly define task for your model, i.e. 'task=detect', 'segment', 'classify', 'pose', 'obb' or 'semantic'.
Loading yolov8s.engine for TensorRT inference...
[09/09/2026-13:34:39] [TRT] [I] The logger passed into createInferRuntime differs from one already provided for an existing builder, runtime, or refitter. Uses of the global logger, returned by nvinfer1::getLogger(), will return the existing value.
[09/09/2026-13:34:39] [TRT] [I] Loaded engine size: 23 MiB
[09/09/2026-13:34:39] [TRT] [I] [MemUsageChange] TensorRT-managed allocation in IExecutionContext creation: CPU +1, GPU +7, now: CPU 1, GPU 38 (MiB)
13:34:39  INFO     [RAMS] YOLOv8-small ready — TensorRT yolov8s.engine (imgsz=416).
WARNING ⚠️ Unable to automatically guess model task, assuming 'task=detect'. Explicitly define task for your model, i.e. 'task=detect', 'segment', 'classify', 'pose', 'obb' or 'semantic'.
Loading yolov8m.engine for TensorRT inference...
[09/09/2026-13:34:39] [TRT] [I] The logger passed into createInferRuntime differs from one already provided for an existing builder, runtime, or refitter. Uses of the global logger, returned by nvinfer1::getLogger(), will return the existing value.
[09/09/2026-13:34:39] [TRT] [I] Loaded engine size: 52 MiB
[09/09/2026-13:34:39] [TRT] [I] [MemUsageChange] TensorRT-managed allocation in IExecutionContext creation: CPU +0, GPU +29, now: CPU 1, GPU 117 (MiB)
13:34:39  INFO     [RAMS] YOLOv8-medium ready — TensorRT yolov8m.engine (imgsz=640).
13:34:39  INFO     [RAMS] Controller ready. Policy: fixed
13:34:40  INFO       [fixed_small / idle] 20/200  tier=SMALL   latency=6.2 ms  R=0.201  target=0.00  dets=0  vru=False  backend=tensorrt
13:34:41  INFO       [fixed_small / idle] 40/200  tier=SMALL   latency=8.0 ms  R=0.357  target=0.00  dets=1  vru=False  backend=tensorrt
13:34:41  INFO       [fixed_small / idle] 60/200  tier=SMALL   latency=7.8 ms  R=0.213  target=0.00  dets=1  vru=False  backend=tensorrt
13:34:42  INFO       [fixed_small / idle] 80/200  tier=SMALL   latency=8.4 ms  R=0.240  target=0.00  dets=3  vru=False  backend=tensorrt
13:34:42  INFO       [fixed_small / idle] 100/200  tier=SMALL   latency=10.0 ms  R=0.230  target=0.00  dets=12  vru=False  backend=tensorrt
13:34:42  INFO       [fixed_small / idle] 120/200  tier=SMALL   latency=8.1 ms  R=0.208  target=0.00  dets=4  vru=False  backend=tensorrt
13:34:43  INFO       [fixed_small / idle] 140/200  tier=SMALL   latency=8.8 ms  R=0.228  target=0.00  dets=7  vru=False  backend=tensorrt
13:34:43  INFO       [fixed_small / idle] 160/200  tier=SMALL   latency=8.0 ms  R=0.147  target=0.00  dets=2  vru=False  backend=tensorrt
13:34:44  INFO       [fixed_small / idle] 180/200  tier=SMALL   latency=7.7 ms  R=0.209  target=0.00  dets=2  vru=False  backend=tensorrt
13:34:44  INFO       [fixed_small / idle] 200/200  tier=SMALL   latency=8.9 ms  R=0.168  target=0.00  dets=8  vru=False  backend=tensorrt
13:34:44  INFO     [RAMS] Controller stopped.
13:34:44  INFO     
--- Block 1/10  Policy: fixed_nano  Load: idle (0%) ---
13:34:44  INFO     [RAMS] Starting resource monitor ...
13:34:44  INFO     [RAMS] Loading model tiers ...
WARNING ⚠️ Unable to automatically guess model task, assuming 'task=detect'. Explicitly define task for your model, i.e. 'task=detect', 'segment', 'classify', 'pose', 'obb' or 'semantic'.
Loading yolov8n.engine for TensorRT inference...
[09/09/2026-13:34:44] [TRT] [I] Loaded engine size: 7 MiB
[09/09/2026-13:34:44] [TRT] [I] [MemUsageChange] TensorRT-managed allocation in IExecutionContext creation: CPU +0, GPU +3, now: CPU 0, GPU 9 (MiB)
13:34:44  INFO     [RAMS] YOLOv8-nano ready — TensorRT yolov8n.engine (imgsz=320).
WARNING ⚠️ Unable to automatically guess model task, assuming 'task=detect'. Explicitly define task for your model, i.e. 'task=detect', 'segment', 'classify', 'pose', 'obb' or 'semantic'.
Loading yolov8s.engine for TensorRT inference...
[09/09/2026-13:34:44] [TRT] [I] The logger passed into createInferRuntime differs from one already provided for an existing builder, runtime, or refitter. Uses of the global logger, returned by nvinfer1::getLogger(), will return the existing value.
[09/09/2026-13:34:44] [TRT] [I] Loaded engine size: 23 MiB
[09/09/2026-13:34:44] [TRT] [I] [MemUsageChange] TensorRT-managed allocation in IExecutionContext creation: CPU +1, GPU +7, now: CPU 1, GPU 38 (MiB)
13:34:44  INFO     [RAMS] YOLOv8-small ready — TensorRT yolov8s.engine (imgsz=416).
WARNING ⚠️ Unable to automatically guess model task, assuming 'task=detect'. Explicitly define task for your model, i.e. 'task=detect', 'segment', 'classify', 'pose', 'obb' or 'semantic'.
Loading yolov8m.engine for TensorRT inference...
[09/09/2026-13:34:44] [TRT] [I] The logger passed into createInferRuntime differs from one already provided for an existing builder, runtime, or refitter. Uses of the global logger, returned by nvinfer1::getLogger(), will return the existing value.
[09/09/2026-13:34:44] [TRT] [I] Loaded engine size: 52 MiB
[09/09/2026-13:34:44] [TRT] [I] [MemUsageChange] TensorRT-managed allocation in IExecutionContext creation: CPU +0, GPU +29, now: CPU 1, GPU 117 (MiB)
13:34:45  INFO     [RAMS] YOLOv8-medium ready — TensorRT yolov8m.engine (imgsz=640).
13:34:45  INFO     [RAMS] Controller ready. Policy: fixed
13:34:46  INFO     [RAMS] Tier switch: SMALL → NANO  (R=0.073)
13:34:46  INFO       [fixed_nano / idle] 20/200  tier=NANO    latency=4.5 ms  R=0.143  target=0.00  dets=0  vru=False  backend=tensorrt
13:34:46  INFO       [fixed_nano / idle] 40/200  tier=NANO    latency=6.0 ms  R=0.143  target=0.00  dets=1  vru=False  backend=tensorrt
13:34:47  INFO       [fixed_nano / idle] 60/200  tier=NANO    latency=6.9 ms  R=0.140  target=0.00  dets=1  vru=False  backend=tensorrt
13:34:47  INFO       [fixed_nano / idle] 80/200  tier=NANO    latency=6.3 ms  R=0.148  target=0.00  dets=2  vru=False  backend=tensorrt
13:34:47  INFO       [fixed_nano / idle] 100/200  tier=NANO    latency=8.1 ms  R=0.129  target=0.00  dets=11  vru=False  backend=tensorrt
13:34:48  INFO       [fixed_nano / idle] 120/200  tier=NANO    latency=6.4 ms  R=0.247  target=0.00  dets=3  vru=False  backend=tensorrt
13:34:48  INFO       [fixed_nano / idle] 140/200  tier=NANO    latency=7.1 ms  R=0.162  target=0.00  dets=4  vru=False  backend=tensorrt
13:34:48  INFO       [fixed_nano / idle] 160/200  tier=NANO    latency=4.5 ms  R=0.137  target=0.00  dets=0  vru=False  backend=tensorrt
13:34:49  INFO       [fixed_nano / idle] 180/200  tier=NANO    latency=6.4 ms  R=0.148  target=0.00  dets=3  vru=False  backend=tensorrt
13:34:49  INFO       [fixed_nano / idle] 200/200  tier=NANO    latency=7.0 ms  R=0.153  target=0.00  dets=6  vru=False  backend=tensorrt
13:34:49  INFO     [RAMS] Controller stopped.
13:34:49  INFO     
--- Block 1/10  Policy: threshold  Load: idle (0%) ---
13:34:49  INFO     [RAMS] Starting resource monitor ...
13:34:49  INFO     [RAMS] Loading model tiers ...
WARNING ⚠️ Unable to automatically guess model task, assuming 'task=detect'. Explicitly define task for your model, i.e. 'task=detect', 'segment', 'classify', 'pose', 'obb' or 'semantic'.
Loading yolov8n.engine for TensorRT inference...
[09/09/2026-13:34:49] [TRT] [I] Loaded engine size: 7 MiB
[09/09/2026-13:34:49] [TRT] [I] [MemUsageChange] TensorRT-managed allocation in IExecutionContext creation: CPU +0, GPU +3, now: CPU 0, GPU 9 (MiB)
13:34:49  INFO     [RAMS] YOLOv8-nano ready — TensorRT yolov8n.engine (imgsz=320).
WARNING ⚠️ Unable to automatically guess model task, assuming 'task=detect'. Explicitly define task for your model, i.e. 'task=detect', 'segment', 'classify', 'pose', 'obb' or 'semantic'.
Loading yolov8s.engine for TensorRT inference...
[09/09/2026-13:34:49] [TRT] [I] The logger passed into createInferRuntime differs from one already provided for an existing builder, runtime, or refitter. Uses of the global logger, returned by nvinfer1::getLogger(), will return the existing value.
[09/09/2026-13:34:49] [TRT] [I] Loaded engine size: 23 MiB
[09/09/2026-13:34:49] [TRT] [I] [MemUsageChange] TensorRT-managed allocation in IExecutionContext creation: CPU +1, GPU +7, now: CPU 1, GPU 38 (MiB)
13:34:49  INFO     [RAMS] YOLOv8-small ready — TensorRT yolov8s.engine (imgsz=416).
WARNING ⚠️ Unable to automatically guess model task, assuming 'task=detect'. Explicitly define task for your model, i.e. 'task=detect', 'segment', 'classify', 'pose', 'obb' or 'semantic'.
Loading yolov8m.engine for TensorRT inference...
[09/09/2026-13:34:49] [TRT] [I] The logger passed into createInferRuntime differs from one already provided for an existing builder, runtime, or refitter. Uses of the global logger, returned by nvinfer1::getLogger(), will return the existing value.
[09/09/2026-13:34:49] [TRT] [I] Loaded engine size: 52 MiB
[09/09/2026-13:34:50] [TRT] [I] [MemUsageChange] TensorRT-managed allocation in IExecutionContext creation: CPU +0, GPU +29, now: CPU 1, GPU 117 (MiB)
13:34:50  INFO     [RAMS] YOLOv8-medium ready — TensorRT yolov8m.engine (imgsz=640).
13:34:50  INFO     [RAMS] Controller ready. Policy: threshold
13:34:51  INFO     [RAMS] Tier switch: SMALL → MEDIUM  (R=0.062)
13:34:51  INFO     [RAMS] Tier switch: MEDIUM → SMALL  (R=0.305)
13:34:51  INFO       [threshold / idle] 20/200  tier=SMALL   latency=5.9 ms  R=0.195  target=0.00  dets=0  vru=False  backend=tensorrt
13:34:51  INFO     [RAMS] Tier switch: SMALL → MEDIUM  (R=0.123)
13:34:51  INFO       [threshold / idle] 40/200  tier=MEDIUM  latency=13.5 ms  R=0.137  target=0.00  dets=1  vru=False  backend=tensorrt
13:34:51  INFO     [RAMS] Tier switch: MEDIUM → SMALL  (R=0.137)
13:34:52  INFO     [RAMS] Tier switch: SMALL → MEDIUM  (R=0.124)
13:34:52  INFO       [threshold / idle] 60/200  tier=MEDIUM  latency=15.1 ms  R=0.124  target=0.00  dets=4  vru=False  backend=tensorrt
13:34:52  INFO     [RAMS] Tier switch: MEDIUM → SMALL  (R=0.174)
13:34:52  INFO     [RAMS] Tier switch: SMALL → MEDIUM  (R=0.131)
13:34:52  INFO     [RAMS] Tier switch: MEDIUM → SMALL  (R=0.135)
13:34:52  INFO       [threshold / idle] 80/200  tier=SMALL   latency=7.8 ms  R=0.196  target=0.00  dets=3  vru=False  backend=tensorrt
13:34:53  INFO     [RAMS] Tier switch: SMALL → MEDIUM  (R=0.129)
13:34:53  INFO     [RAMS] Tier switch: MEDIUM → SMALL  (R=0.194)
13:34:53  INFO       [threshold / idle] 100/200  tier=SMALL   latency=9.8 ms  R=0.151  target=0.00  dets=12  vru=False  backend=tensorrt
13:34:53  INFO       [threshold / idle] 120/200  tier=SMALL   latency=8.0 ms  R=0.147  target=0.00  dets=4  vru=False  backend=tensorrt
13:34:54  INFO       [threshold / idle] 140/200  tier=SMALL   latency=8.7 ms  R=0.152  target=0.00  dets=7  vru=False  backend=tensorrt
13:34:54  INFO       [threshold / idle] 160/200  tier=SMALL   latency=7.6 ms  R=0.168  target=0.00  dets=2  vru=False  backend=tensorrt
13:34:54  INFO       [threshold / idle] 180/200  tier=SMALL   latency=7.5 ms  R=0.147  target=0.00  dets=2  vru=False  backend=tensorrt
13:34:55  INFO       [threshold / idle] 200/200  tier=SMALL   latency=8.9 ms  R=0.154  target=0.00  dets=8  vru=False  backend=tensorrt
13:34:55  INFO     [RAMS] Controller stopped.
13:34:55  INFO     
--- Block 1/10  Policy: predictive  Load: idle (0%) ---
13:34:55  INFO     [RAMS] Starting resource monitor ...
13:34:55  INFO     [RAMS] Loading model tiers ...
WARNING ⚠️ Unable to automatically guess model task, assuming 'task=detect'. Explicitly define task for your model, i.e. 'task=detect', 'segment', 'classify', 'pose', 'obb' or 'semantic'.
Loading yolov8n.engine for TensorRT inference...
[09/09/2026-13:34:55] [TRT] [I] Loaded engine size: 7 MiB
[09/09/2026-13:34:55] [TRT] [I] [MemUsageChange] TensorRT-managed allocation in IExecutionContext creation: CPU +0, GPU +3, now: CPU 0, GPU 9 (MiB)
13:34:55  INFO     [RAMS] YOLOv8-nano ready — TensorRT yolov8n.engine (imgsz=320).
WARNING ⚠️ Unable to automatically guess model task, assuming 'task=detect'. Explicitly define task for your model, i.e. 'task=detect', 'segment', 'classify', 'pose', 'obb' or 'semantic'.
Loading yolov8s.engine for TensorRT inference...
[09/09/2026-13:34:55] [TRT] [I] The logger passed into createInferRuntime differs from one already provided for an existing builder, runtime, or refitter. Uses of the global logger, returned by nvinfer1::getLogger(), will return the existing value.
[09/09/2026-13:34:55] [TRT] [I] Loaded engine size: 23 MiB
[09/09/2026-13:34:55] [TRT] [I] [MemUsageChange] TensorRT-managed allocation in IExecutionContext creation: CPU +1, GPU +7, now: CPU 1, GPU 38 (MiB)
13:34:55  INFO     [RAMS] YOLOv8-small ready — TensorRT yolov8s.engine (imgsz=416).
WARNING ⚠️ Unable to automatically guess model task, assuming 'task=detect'. Explicitly define task for your model, i.e. 'task=detect', 'segment', 'classify', 'pose', 'obb' or 'semantic'.
Loading yolov8m.engine for TensorRT inference...
[09/09/2026-13:34:55] [TRT] [I] The logger passed into createInferRuntime differs from one already provided for an existing builder, runtime, or refitter. Uses of the global logger, returned by nvinfer1::getLogger(), will return the existing value.
[09/09/2026-13:34:55] [TRT] [I] Loaded engine size: 52 MiB
[09/09/2026-13:34:55] [TRT] [I] [MemUsageChange] TensorRT-managed allocation in IExecutionContext creation: CPU +0, GPU +29, now: CPU 1, GPU 117 (MiB)
13:34:55  INFO     [RAMS] YOLOv8-medium ready — TensorRT yolov8m.engine (imgsz=640).
13:34:55  INFO     [RAMS] Controller ready. Policy: predictive
13:34:56  INFO     [RAMS] Tier switch: SMALL → MEDIUM  (R=0.074)
13:34:56  INFO     [RAMS] Tier switch: MEDIUM → SMALL  (R=0.154)
13:34:57  INFO       [predictive / idle] 20/200  tier=SMALL   latency=6.4 ms  R=0.152  target=0.00  dets=0  vru=False  backend=tensorrt
13:34:57  INFO       [predictive / idle] 40/200  tier=SMALL   latency=7.4 ms  R=0.151  target=0.00  dets=1  vru=False  backend=tensorrt
13:34:57  INFO       [predictive / idle] 60/200  tier=SMALL   latency=7.4 ms  R=0.147  target=0.00  dets=1  vru=False  backend=tensorrt
13:34:58  INFO       [predictive / idle] 80/200  tier=SMALL   latency=8.2 ms  R=0.161  target=0.00  dets=3  vru=False  backend=tensorrt
13:34:58  INFO       [predictive / idle] 100/200  tier=SMALL   latency=10.2 ms  R=0.301  target=0.00  dets=12  vru=False  backend=tensorrt
13:34:59  INFO       [predictive / idle] 120/200  tier=SMALL   latency=8.5 ms  R=0.308  target=0.00  dets=4  vru=False  backend=tensorrt
13:34:59  INFO       [predictive / idle] 140/200  tier=SMALL   latency=8.9 ms  R=0.209  target=0.00  dets=7  vru=False  backend=tensorrt
13:35:00  INFO       [predictive / idle] 160/200  tier=SMALL   latency=8.2 ms  R=0.207  target=0.00  dets=2  vru=False  backend=tensorrt
13:35:00  INFO       [predictive / idle] 180/200  tier=SMALL   latency=8.2 ms  R=0.266  target=0.00  dets=2  vru=False  backend=tensorrt
13:35:00  INFO       [predictive / idle] 200/200  tier=SMALL   latency=9.7 ms  R=0.212  target=0.00  dets=8  vru=False  backend=tensorrt
13:35:01  INFO     [RAMS] Controller stopped.
13:35:01  INFO     
--- Block 1/10  Policy: adaptive  Load: idle (0%) ---
13:35:01  INFO     [RAMS] Starting resource monitor ...
13:35:01  INFO     [RAMS] Loading model tiers ...
WARNING ⚠️ Unable to automatically guess model task, assuming 'task=detect'. Explicitly define task for your model, i.e. 'task=detect', 'segment', 'classify', 'pose', 'obb' or 'semantic'.
Loading yolov8n.engine for TensorRT inference...
[09/09/2026-13:35:01] [TRT] [I] Loaded engine size: 7 MiB
[09/09/2026-13:35:01] [TRT] [I] [MemUsageChange] TensorRT-managed allocation in IExecutionContext creation: CPU +0, GPU +3, now: CPU 0, GPU 9 (MiB)
13:35:01  INFO     [RAMS] YOLOv8-nano ready — TensorRT yolov8n.engine (imgsz=320).
WARNING ⚠️ Unable to automatically guess model task, assuming 'task=detect'. Explicitly define task for your model, i.e. 'task=detect', 'segment', 'classify', 'pose', 'obb' or 'semantic'.
Loading yolov8s.engine for TensorRT inference...
[09/09/2026-13:35:01] [TRT] [I] The logger passed into createInferRuntime differs from one already provided for an existing builder, runtime, or refitter. Uses of the global logger, returned by nvinfer1::getLogger(), will return the existing value.
[09/09/2026-13:35:01] [TRT] [I] Loaded engine size: 23 MiB
[09/09/2026-13:35:01] [TRT] [I] [MemUsageChange] TensorRT-managed allocation in IExecutionContext creation: CPU +1, GPU +7, now: CPU 1, GPU 38 (MiB)
13:35:01  INFO     [RAMS] YOLOv8-small ready — TensorRT yolov8s.engine (imgsz=416).
WARNING ⚠️ Unable to automatically guess model task, assuming 'task=detect'. Explicitly define task for your model, i.e. 'task=detect', 'segment', 'classify', 'pose', 'obb' or 'semantic'.
Loading yolov8m.engine for TensorRT inference...
[09/09/2026-13:35:01] [TRT] [I] The logger passed into createInferRuntime differs from one already provided for an existing builder, runtime, or refitter. Uses of the global logger, returned by nvinfer1::getLogger(), will return the existing value.
[09/09/2026-13:35:01] [TRT] [I] Loaded engine size: 52 MiB
[09/09/2026-13:35:01] [TRT] [I] [MemUsageChange] TensorRT-managed allocation in IExecutionContext creation: CPU +0, GPU +29, now: CPU 1, GPU 117 (MiB)
13:35:01  INFO     [RAMS] YOLOv8-medium ready — TensorRT yolov8m.engine (imgsz=640).
13:35:01  INFO     [RAMS] Controller ready. Policy: adaptive
13:35:02  INFO       [adaptive / idle] 20/200  tier=SMALL   latency=6.0 ms  R=0.218  target=0.00  dets=0  vru=False  backend=tensorrt
13:35:03  INFO       [adaptive / idle] 40/200  tier=SMALL   latency=8.3 ms  R=0.213  target=0.00  dets=1  vru=False  backend=tensorrt
13:35:03  INFO       [adaptive / idle] 60/200  tier=SMALL   latency=7.6 ms  R=0.218  target=0.00  dets=1  vru=False  backend=tensorrt
13:35:03  INFO       [adaptive / idle] 80/200  tier=SMALL   latency=7.9 ms  R=0.223  target=0.00  dets=3  vru=False  backend=tensorrt
13:35:04  INFO       [adaptive / idle] 100/200  tier=SMALL   latency=9.9 ms  R=0.217  target=0.00  dets=12  vru=False  backend=tensorrt
13:35:04  INFO       [adaptive / idle] 120/200  tier=SMALL   latency=8.2 ms  R=0.145  target=0.00  dets=4  vru=False  backend=tensorrt
13:35:05  INFO       [adaptive / idle] 140/200  tier=SMALL   latency=9.0 ms  R=0.310  target=0.00  dets=7  vru=False  backend=tensorrt
13:35:05  INFO       [adaptive / idle] 160/200  tier=SMALL   latency=7.7 ms  R=0.183  target=0.00  dets=2  vru=False  backend=tensorrt
13:35:06  INFO       [adaptive / idle] 180/200  tier=SMALL   latency=7.6 ms  R=0.144  target=0.00  dets=2  vru=False  backend=tensorrt
13:35:06  INFO       [adaptive / idle] 200/200  tier=SMALL   latency=9.0 ms  R=0.158  target=0.00  dets=8  vru=False  backend=tensorrt
13:35:06  INFO     [RAMS] Controller stopped.
13:35:06  INFO     
--- Block 1/10  Policy: fixed_medium  Load: idle (0%) ---
13:35:06  INFO     [RAMS] Starting resource monitor ...
13:35:06  INFO     [RAMS] Loading model tiers ...
WARNING ⚠️ Unable to automatically guess model task, assuming 'task=detect'. Explicitly define task for your model, i.e. 'task=detect', 'segment', 'classify', 'pose', 'obb' or 'semantic'.
Loading yolov8n.engine for TensorRT inference...
[09/09/2026-13:35:06] [TRT] [I] Loaded engine size: 7 MiB
[09/09/2026-13:35:06] [TRT] [I] [MemUsageChange] TensorRT-managed allocation in IExecutionContext creation: CPU +0, GPU +3, now: CPU 0, GPU 9 (MiB)
13:35:06  INFO     [RAMS] YOLOv8-nano ready — TensorRT yolov8n.engine (imgsz=320).
WARNING ⚠️ Unable to automatically guess model task, assuming 'task=detect'. Explicitly define task for your model, i.e. 'task=detect', 'segment', 'classify', 'pose', 'obb' or 'semantic'.
Loading yolov8s.engine for TensorRT inference...
[09/09/2026-13:35:06] [TRT] [I] The logger passed into createInferRuntime differs from one already provided for an existing builder, runtime, or refitter. Uses of the global logger, returned by nvinfer1::getLogger(), will return the existing value.
[09/09/2026-13:35:06] [TRT] [I] Loaded engine size: 23 MiB
[09/09/2026-13:35:06] [TRT] [I] [MemUsageChange] TensorRT-managed allocation in IExecutionContext creation: CPU +1, GPU +7, now: CPU 1, GPU 38 (MiB)
13:35:06  INFO     [RAMS] YOLOv8-small ready — TensorRT yolov8s.engine (imgsz=416).
WARNING ⚠️ Unable to automatically guess model task, assuming 'task=detect'. Explicitly define task for your model, i.e. 'task=detect', 'segment', 'classify', 'pose', 'obb' or 'semantic'.
Loading yolov8m.engine for TensorRT inference...
[09/09/2026-13:35:06] [TRT] [I] The logger passed into createInferRuntime differs from one already provided for an existing builder, runtime, or refitter. Uses of the global logger, returned by nvinfer1::getLogger(), will return the existing value.
[09/09/2026-13:35:06] [TRT] [I] Loaded engine size: 52 MiB
[09/09/2026-13:35:06] [TRT] [I] [MemUsageChange] TensorRT-managed allocation in IExecutionContext creation: CPU +0, GPU +29, now: CPU 1, GPU 117 (MiB)
13:35:06  INFO     [RAMS] YOLOv8-medium ready — TensorRT yolov8m.engine (imgsz=640).
13:35:06  INFO     [RAMS] Controller ready. Policy: fixed
13:35:07  INFO     [RAMS] Tier switch: SMALL → MEDIUM  (R=0.068)
13:35:08  INFO       [fixed_medium / idle] 20/200  tier=MEDIUM  latency=13.8 ms  R=0.156  target=0.00  dets=3  vru=False  backend=tensorrt
13:35:08  INFO       [fixed_medium / idle] 40/200  tier=MEDIUM  latency=13.4 ms  R=0.199  target=0.00  dets=1  vru=False  backend=tensorrt
13:35:09  INFO       [fixed_medium / idle] 60/200  tier=MEDIUM  latency=14.1 ms  R=0.132  target=0.00  dets=4  vru=False  backend=tensorrt
13:35:10  INFO       [fixed_medium / idle] 80/200  tier=MEDIUM  latency=14.3 ms  R=0.193  target=0.00  dets=5  vru=False  backend=tensorrt
13:35:10  INFO       [fixed_medium / idle] 100/200  tier=MEDIUM  latency=16.6 ms  R=0.191  target=0.00  dets=16  vru=False  backend=tensorrt
13:35:11  INFO       [fixed_medium / idle] 120/200  tier=MEDIUM  latency=15.6 ms  R=0.199  target=0.00  dets=4  vru=False  backend=tensorrt
13:35:11  INFO       [fixed_medium / idle] 140/200  tier=MEDIUM  latency=15.9 ms  R=0.194  target=0.00  dets=13  vru=False  backend=tensorrt
13:35:12  INFO       [fixed_medium / idle] 160/200  tier=MEDIUM  latency=14.5 ms  R=0.233  target=0.00  dets=6  vru=False  backend=tensorrt
13:35:12  INFO       [fixed_medium / idle] 180/200  tier=MEDIUM  latency=13.8 ms  R=0.188  target=0.00  dets=3  vru=False  backend=tensorrt
13:35:13  INFO       [fixed_medium / idle] 200/200  tier=MEDIUM  latency=16.6 ms  R=0.218  target=0.00  dets=16  vru=False  backend=tensorrt
13:35:13  INFO     [RAMS] Controller stopped.
13:35:13  INFO     
--- Block 1/10  Policy: safety2  Load: idle (0%) ---
13:35:13  INFO     [RAMS] Starting resource monitor ...
13:35:13  INFO     [RAMS] Loading model tiers ...
WARNING ⚠️ Unable to automatically guess model task, assuming 'task=detect'. Explicitly define task for your model, i.e. 'task=detect', 'segment', 'classify', 'pose', 'obb' or 'semantic'.
Loading yolov8n.engine for TensorRT inference...
[09/09/2026-13:35:13] [TRT] [I] Loaded engine size: 7 MiB
[09/09/2026-13:35:13] [TRT] [I] [MemUsageChange] TensorRT-managed allocation in IExecutionContext creation: CPU +0, GPU +3, now: CPU 0, GPU 9 (MiB)
13:35:13  INFO     [RAMS] YOLOv8-nano ready — TensorRT yolov8n.engine (imgsz=320).
WARNING ⚠️ Unable to automatically guess model task, assuming 'task=detect'. Explicitly define task for your model, i.e. 'task=detect', 'segment', 'classify', 'pose', 'obb' or 'semantic'.
Loading yolov8s.engine for TensorRT inference...
[09/09/2026-13:35:13] [TRT] [I] The logger passed into createInferRuntime differs from one already provided for an existing builder, runtime, or refitter. Uses of the global logger, returned by nvinfer1::getLogger(), will return the existing value.
[09/09/2026-13:35:13] [TRT] [I] Loaded engine size: 23 MiB
[09/09/2026-13:35:13] [TRT] [I] [MemUsageChange] TensorRT-managed allocation in IExecutionContext creation: CPU +1, GPU +7, now: CPU 1, GPU 38 (MiB)
13:35:13  INFO     [RAMS] YOLOv8-small ready — TensorRT yolov8s.engine (imgsz=416).
WARNING ⚠️ Unable to automatically guess model task, assuming 'task=detect'. Explicitly define task for your model, i.e. 'task=detect', 'segment', 'classify', 'pose', 'obb' or 'semantic'.
Loading yolov8m.engine for TensorRT inference...
[09/09/2026-13:35:13] [TRT] [I] The logger passed into createInferRuntime differs from one already provided for an existing builder, runtime, or refitter. Uses of the global logger, returned by nvinfer1::getLogger(), will return the existing value.
[09/09/2026-13:35:13] [TRT] [I] Loaded engine size: 52 MiB
[09/09/2026-13:35:13] [TRT] [I] [MemUsageChange] TensorRT-managed allocation in IExecutionContext creation: CPU +0, GPU +29, now: CPU 1, GPU 117 (MiB)
13:35:13  INFO     [RAMS] YOLOv8-medium ready — TensorRT yolov8m.engine (imgsz=640).
13:35:13  INFO     [RAMS] Controller ready. Policy: safety2
13:35:14  INFO     [RAMS] Tier switch: SMALL → MEDIUM  (R=0.074)
13:35:14  INFO     [RAMS] Tier switch: MEDIUM → SMALL  (R=0.196)
13:35:15  INFO     [RAMS] Tier switch: SMALL → MEDIUM  (R=0.128)
13:35:15  INFO       [safety2 / idle] 20/200  tier=MEDIUM  latency=14.0 ms  R=0.160  target=0.00  dets=3  vru=False  backend=tensorrt
13:35:15  INFO     [RAMS] Tier switch: MEDIUM → SMALL  (R=0.199)
13:35:15  INFO     [RAMS] Tier switch: SMALL → MEDIUM  (R=0.168)
13:35:15  INFO       [safety2 / idle] 40/200  tier=MEDIUM  latency=13.5 ms  R=0.168  target=0.00  dets=1  vru=False  backend=tensorrt
13:35:16  INFO     [RAMS] Tier switch: MEDIUM → SMALL  (R=0.171)
13:35:16  INFO       [safety2 / idle] 60/200  tier=SMALL   latency=7.8 ms  R=0.287  target=0.00  dets=1  vru=False  backend=tensorrt
13:35:16  INFO     [RAMS] Tier switch: SMALL → MEDIUM  (R=0.164)
13:35:16  INFO       [safety2 / idle] 80/200  tier=MEDIUM  latency=14.4 ms  R=0.190  target=0.00  dets=5  vru=False  backend=tensorrt
13:35:17  INFO       [safety2 / idle] 100/200  tier=MEDIUM  latency=16.9 ms  R=0.210  target=0.00  dets=16  vru=False  backend=tensorrt
13:35:17  INFO     [RAMS] Tier switch: MEDIUM → SMALL  (R=0.149)
13:35:17  INFO     [RAMS] Tier switch: SMALL → MEDIUM  (R=0.137)
13:35:17  INFO       [safety2 / idle] 120/200  tier=MEDIUM  latency=14.0 ms  R=0.169  target=0.00  dets=4  vru=False  backend=tensorrt
13:35:18  INFO     [RAMS] Tier switch: MEDIUM → SMALL  (R=0.135)
13:35:18  INFO       [safety2 / idle] 140/200  tier=SMALL   latency=8.7 ms  R=0.215  target=0.00  dets=7  vru=False  backend=tensorrt
13:35:18  INFO     [RAMS] Tier switch: SMALL → MEDIUM  (R=0.131)
13:35:18  INFO     [RAMS] Tier switch: MEDIUM → SMALL  (R=0.154)
13:35:18  INFO     [RAMS] Tier switch: SMALL → MEDIUM  (R=0.199)
13:35:18  INFO       [safety2 / idle] 160/200  tier=MEDIUM  latency=14.7 ms  R=0.199  target=0.00  dets=6  vru=False  backend=tensorrt
13:35:19  INFO     [RAMS] Tier switch: MEDIUM → SMALL  (R=0.194)
13:35:19  INFO     [RAMS] Tier switch: SMALL → MEDIUM  (R=0.240)
13:35:19  INFO       [safety2 / idle] 180/200  tier=MEDIUM  latency=13.8 ms  R=0.240  target=0.00  dets=3  vru=False  backend=tensorrt
13:35:19  INFO       [safety2 / idle] 200/200  tier=MEDIUM  latency=17.3 ms  R=0.358  target=0.00  dets=16  vru=False  backend=tensorrt
13:35:20  INFO     [RAMS] Controller stopped.
13:35:20  INFO     
--- Block 1/10  Policy: safety  Load: idle (0%) ---
13:35:20  INFO     [RAMS] Starting resource monitor ...
13:35:20  INFO     [RAMS] Loading model tiers ...
WARNING ⚠️ Unable to automatically guess model task, assuming 'task=detect'. Explicitly define task for your model, i.e. 'task=detect', 'segment', 'classify', 'pose', 'obb' or 'semantic'.
Loading yolov8n.engine for TensorRT inference...
[09/09/2026-13:35:20] [TRT] [I] Loaded engine size: 7 MiB
[09/09/2026-13:35:20] [TRT] [I] [MemUsageChange] TensorRT-managed allocation in IExecutionContext creation: CPU +0, GPU +3, now: CPU 0, GPU 9 (MiB)
13:35:20  INFO     [RAMS] YOLOv8-nano ready — TensorRT yolov8n.engine (imgsz=320).
WARNING ⚠️ Unable to automatically guess model task, assuming 'task=detect'. Explicitly define task for your model, i.e. 'task=detect', 'segment', 'classify', 'pose', 'obb' or 'semantic'.
Loading yolov8s.engine for TensorRT inference...
[09/09/2026-13:35:20] [TRT] [I] The logger passed into createInferRuntime differs from one already provided for an existing builder, runtime, or refitter. Uses of the global logger, returned by nvinfer1::getLogger(), will return the existing value.
[09/09/2026-13:35:20] [TRT] [I] Loaded engine size: 23 MiB
[09/09/2026-13:35:20] [TRT] [I] [MemUsageChange] TensorRT-managed allocation in IExecutionContext creation: CPU +1, GPU +7, now: CPU 1, GPU 38 (MiB)
13:35:20  INFO     [RAMS] YOLOv8-small ready — TensorRT yolov8s.engine (imgsz=416).
WARNING ⚠️ Unable to automatically guess model task, assuming 'task=detect'. Explicitly define task for your model, i.e. 'task=detect', 'segment', 'classify', 'pose', 'obb' or 'semantic'.
Loading yolov8m.engine for TensorRT inference...
[09/09/2026-13:35:20] [TRT] [I] The logger passed into createInferRuntime differs from one already provided for an existing builder, runtime, or refitter. Uses of the global logger, returned by nvinfer1::getLogger(), will return the existing value.
[09/09/2026-13:35:20] [TRT] [I] Loaded engine size: 52 MiB
[09/09/2026-13:35:20] [TRT] [I] [MemUsageChange] TensorRT-managed allocation in IExecutionContext creation: CPU +0, GPU +29, now: CPU 1, GPU 117 (MiB)
13:35:20  INFO     [RAMS] YOLOv8-medium ready — TensorRT yolov8m.engine (imgsz=640).
13:35:20  INFO     [RAMS] Controller ready. Policy: safety
13:35:21  INFO       [safety / idle] 20/200  tier=SMALL   latency=6.2 ms  R=0.280  target=0.00  dets=0  vru=False  backend=tensorrt
13:35:22  INFO       [safety / idle] 40/200  tier=SMALL   latency=7.8 ms  R=0.235  target=0.00  dets=1  vru=False  backend=tensorrt
13:35:22  INFO       [safety / idle] 60/200  tier=SMALL   latency=7.6 ms  R=0.223  target=0.00  dets=1  vru=False  backend=tensorrt
13:35:22  INFO       [safety / idle] 80/200  tier=SMALL   latency=8.2 ms  R=0.221  target=0.00  dets=3  vru=False  backend=tensorrt
13:35:23  INFO       [safety / idle] 100/200  tier=SMALL   latency=10.2 ms  R=0.309  target=0.00  dets=12  vru=False  backend=tensorrt
13:35:23  INFO       [safety / idle] 120/200  tier=SMALL   latency=8.5 ms  R=0.224  target=0.00  dets=4  vru=False  backend=tensorrt
13:35:24  INFO       [safety / idle] 140/200  tier=SMALL   latency=10.2 ms  R=0.240  target=0.00  dets=7  vru=False  backend=tensorrt
13:35:24  INFO       [safety / idle] 160/200  tier=SMALL   latency=8.1 ms  R=0.212  target=0.00  dets=2  vru=False  backend=tensorrt
13:35:24  INFO       [safety / idle] 180/200  tier=SMALL   latency=7.5 ms  R=0.223  target=0.00  dets=2  vru=False  backend=tensorrt
13:35:25  INFO       [safety / idle] 200/200  tier=SMALL   latency=8.9 ms  R=0.226  target=0.00  dets=8  vru=False  backend=tensorrt
13:35:25  INFO     [RAMS] Controller stopped.
13:35:25  INFO     
--- Block 2/10  Policy: safety2  Load: idle (0%) ---
13:35:25  INFO     [RAMS] Starting resource monitor ...
13:35:25  INFO     [RAMS] Loading model tiers ...
WARNING ⚠️ Unable to automatically guess model task, assuming 'task=detect'. Explicitly define task for your model, i.e. 'task=detect', 'segment', 'classify', 'pose', 'obb' or 'semantic'.
Loading yolov8n.engine for TensorRT inference...
[09/09/2026-13:35:25] [TRT] [I] Loaded engine size: 7 MiB
[09/09/2026-13:35:25] [TRT] [I] [MemUsageChange] TensorRT-managed allocation in IExecutionContext creation: CPU +0, GPU +3, now: CPU 0, GPU 9 (MiB)
13:35:25  INFO     [RAMS] YOLOv8-nano ready — TensorRT yolov8n.engine (imgsz=320).
WARNING ⚠️ Unable to automatically guess model task, assuming 'task=detect'. Explicitly define task for your model, i.e. 'task=detect', 'segment', 'classify', 'pose', 'obb' or 'semantic'.
Loading yolov8s.engine for TensorRT inference...
[09/09/2026-13:35:25] [TRT] [I] The logger passed into createInferRuntime differs from one already provided for an existing builder, runtime, or refitter. Uses of the global logger, returned by nvinfer1::getLogger(), will return the existing value.
[09/09/2026-13:35:25] [TRT] [I] Loaded engine size: 23 MiB
[09/09/2026-13:35:25] [TRT] [I] [MemUsageChange] TensorRT-managed allocation in IExecutionContext creation: CPU +1, GPU +7, now: CPU 1, GPU 38 (MiB)
13:35:25  INFO     [RAMS] YOLOv8-small ready — TensorRT yolov8s.engine (imgsz=416).
WARNING ⚠️ Unable to automatically guess model task, assuming 'task=detect'. Explicitly define task for your model, i.e. 'task=detect', 'segment', 'classify', 'pose', 'obb' or 'semantic'.
Loading yolov8m.engine for TensorRT inference...
[09/09/2026-13:35:25] [TRT] [I] The logger passed into createInferRuntime differs from one already provided for an existing builder, runtime, or refitter. Uses of the global logger, returned by nvinfer1::getLogger(), will return the existing value.
[09/09/2026-13:35:25] [TRT] [I] Loaded engine size: 52 MiB
[09/09/2026-13:35:25] [TRT] [I] [MemUsageChange] TensorRT-managed allocation in IExecutionContext creation: CPU +0, GPU +29, now: CPU 1, GPU 117 (MiB)
13:35:25  INFO     [RAMS] YOLOv8-medium ready — TensorRT yolov8m.engine (imgsz=640).
13:35:25  INFO     [RAMS] Controller ready. Policy: safety2
13:35:26  INFO     [RAMS] Tier switch: SMALL → MEDIUM  (R=0.074)
13:35:27  INFO       [safety2 / idle] 20/200  tier=MEDIUM  latency=17.9 ms  R=0.295  target=0.00  dets=21  vru=False  backend=tensorrt
13:35:27  INFO     [RAMS] Tier switch: MEDIUM → SMALL  (R=0.193)
13:35:27  INFO     [RAMS] Tier switch: SMALL → MEDIUM  (R=0.199)
13:35:27  INFO       [safety2 / idle] 40/200  tier=MEDIUM  latency=16.0 ms  R=0.199  target=0.00  dets=13  vru=False  backend=tensorrt
13:35:28  INFO       [safety2 / idle] 60/200  tier=MEDIUM  latency=15.4 ms  R=0.194  target=0.00  dets=8  vru=False  backend=tensorrt
13:35:28  INFO       [safety2 / idle] 80/200  tier=MEDIUM  latency=14.9 ms  R=0.145  target=0.00  dets=8  vru=False  backend=tensorrt
13:35:29  INFO     [RAMS] Tier switch: MEDIUM → SMALL  (R=0.199)
13:35:29  INFO       [safety2 / idle] 100/200  tier=SMALL   latency=7.7 ms  R=0.158  target=0.00  dets=2  vru=False  backend=tensorrt
13:35:29  INFO       [safety2 / idle] 120/200  tier=SMALL   latency=9.4 ms  R=0.153  target=0.00  dets=10  vru=False  backend=tensorrt
13:35:29  INFO     [RAMS] Tier switch: SMALL → MEDIUM  (R=0.140)
13:35:30  INFO       [safety2 / idle] 140/200  tier=MEDIUM  latency=14.9 ms  R=0.194  target=0.00  dets=8  vru=False  backend=tensorrt
13:35:30  INFO     [RAMS] Tier switch: MEDIUM → SMALL  (R=0.192)
13:35:30  INFO     [RAMS] Tier switch: SMALL → MEDIUM  (R=0.131)
13:35:30  INFO       [safety2 / idle] 160/200  tier=MEDIUM  latency=15.1 ms  R=0.188  target=0.00  dets=6  vru=False  backend=tensorrt
13:35:31  INFO     [RAMS] Tier switch: MEDIUM → SMALL  (R=0.157)
13:35:31  INFO       [safety2 / idle] 180/200  tier=SMALL   latency=8.0 ms  R=0.165  target=0.00  dets=4  vru=True  backend=tensorrt
13:35:31  INFO     [RAMS] Tier switch: SMALL → MEDIUM  (R=0.153)
13:35:31  INFO       [safety2 / idle] 200/200  tier=MEDIUM  latency=14.3 ms  R=0.182  target=0.00  dets=5  vru=False  backend=tensorrt
13:35:32  INFO     [RAMS] Controller stopped.
13:35:32  INFO     
--- Block 2/10  Policy: threshold  Load: idle (0%) ---
13:35:32  INFO     [RAMS] Starting resource monitor ...
13:35:32  INFO     [RAMS] Loading model tiers ...
WARNING ⚠️ Unable to automatically guess model task, assuming 'task=detect'. Explicitly define task for your model, i.e. 'task=detect', 'segment', 'classify', 'pose', 'obb' or 'semantic'.
Loading yolov8n.engine for TensorRT inference...
[09/09/2026-13:35:32] [TRT] [I] Loaded engine size: 7 MiB
[09/09/2026-13:35:32] [TRT] [I] [MemUsageChange] TensorRT-managed allocation in IExecutionContext creation: CPU +0, GPU +3, now: CPU 0, GPU 9 (MiB)
13:35:32  INFO     [RAMS] YOLOv8-nano ready — TensorRT yolov8n.engine (imgsz=320).
WARNING ⚠️ Unable to automatically guess model task, assuming 'task=detect'. Explicitly define task for your model, i.e. 'task=detect', 'segment', 'classify', 'pose', 'obb' or 'semantic'.
Loading yolov8s.engine for TensorRT inference...
[09/09/2026-13:35:32] [TRT] [I] The logger passed into createInferRuntime differs from one already provided for an existing builder, runtime, or refitter. Uses of the global logger, returned by nvinfer1::getLogger(), will return the existing value.
[09/09/2026-13:35:32] [TRT] [I] Loaded engine size: 23 MiB
[09/09/2026-13:35:32] [TRT] [I] [MemUsageChange] TensorRT-managed allocation in IExecutionContext creation: CPU +1, GPU +7, now: CPU 1, GPU 38 (MiB)
13:35:32  INFO     [RAMS] YOLOv8-small ready — TensorRT yolov8s.engine (imgsz=416).
WARNING ⚠️ Unable to automatically guess model task, assuming 'task=detect'. Explicitly define task for your model, i.e. 'task=detect', 'segment', 'classify', 'pose', 'obb' or 'semantic'.
Loading yolov8m.engine for TensorRT inference...
[09/09/2026-13:35:32] [TRT] [I] The logger passed into createInferRuntime differs from one already provided for an existing builder, runtime, or refitter. Uses of the global logger, returned by nvinfer1::getLogger(), will return the existing value.
[09/09/2026-13:35:32] [TRT] [I] Loaded engine size: 52 MiB
[09/09/2026-13:35:32] [TRT] [I] [MemUsageChange] TensorRT-managed allocation in IExecutionContext creation: CPU +0, GPU +29, now: CPU 1, GPU 117 (MiB)
13:35:32  INFO     [RAMS] YOLOv8-medium ready — TensorRT yolov8m.engine (imgsz=640).
13:35:32  INFO     [RAMS] Controller ready. Policy: threshold
13:35:33  INFO     [RAMS] Tier switch: SMALL → MEDIUM  (R=0.113)
13:35:33  INFO     [RAMS] Tier switch: MEDIUM → SMALL  (R=0.170)
13:35:33  INFO       [threshold / idle] 20/200  tier=SMALL   latency=10.6 ms  R=0.147  target=0.00  dets=16  vru=False  backend=tensorrt
13:35:34  INFO       [threshold / idle] 40/200  tier=SMALL   latency=8.6 ms  R=0.152  target=0.00  dets=6  vru=False  backend=tensorrt
13:35:34  INFO     [RAMS] Tier switch: SMALL → MEDIUM  (R=0.129)
13:35:34  INFO     [RAMS] Tier switch: MEDIUM → SMALL  (R=0.147)
13:35:34  INFO       [threshold / idle] 60/200  tier=SMALL   latency=9.8 ms  R=0.147  target=0.00  dets=6  vru=False  backend=tensorrt
13:35:34  INFO       [threshold / idle] 80/200  tier=SMALL   latency=8.3 ms  R=0.153  target=0.00  dets=5  vru=False  backend=tensorrt
13:35:35  INFO     [RAMS] Tier switch: SMALL → MEDIUM  (R=0.123)
13:35:35  INFO     [RAMS] Tier switch: MEDIUM → SMALL  (R=0.199)
13:35:35  INFO       [threshold / idle] 100/200  tier=SMALL   latency=7.7 ms  R=0.153  target=0.00  dets=2  vru=False  backend=tensorrt
13:35:35  INFO     [RAMS] Tier switch: SMALL → MEDIUM  (R=0.129)
13:35:35  INFO     [RAMS] Tier switch: MEDIUM → SMALL  (R=0.144)
13:35:35  INFO       [threshold / idle] 120/200  tier=SMALL   latency=10.4 ms  R=0.144  target=0.00  dets=10  vru=False  backend=tensorrt
13:35:36  INFO       [threshold / idle] 140/200  tier=SMALL   latency=7.9 ms  R=0.231  target=0.00  dets=3  vru=False  backend=tensorrt
13:35:36  INFO       [threshold / idle] 160/200  tier=SMALL   latency=6.0 ms  R=0.166  target=0.00  dets=0  vru=False  backend=tensorrt
13:35:37  INFO       [threshold / idle] 180/200  tier=SMALL   latency=8.0 ms  R=0.134  target=0.00  dets=4  vru=True  backend=tensorrt
13:35:37  INFO       [threshold / idle] 200/200  tier=SMALL   latency=8.8 ms  R=0.179  target=0.00  dets=7  vru=False  backend=tensorrt
13:35:37  INFO     [RAMS] Controller stopped.
13:35:37  INFO     
--- Block 2/10  Policy: fixed_medium  Load: idle (0%) ---
13:35:37  INFO     [RAMS] Starting resource monitor ...
13:35:37  INFO     [RAMS] Loading model tiers ...
WARNING ⚠️ Unable to automatically guess model task, assuming 'task=detect'. Explicitly define task for your model, i.e. 'task=detect', 'segment', 'classify', 'pose', 'obb' or 'semantic'.
Loading yolov8n.engine for TensorRT inference...
[09/09/2026-13:35:37] [TRT] [I] Loaded engine size: 7 MiB
[09/09/2026-13:35:37] [TRT] [I] [MemUsageChange] TensorRT-managed allocation in IExecutionContext creation: CPU +0, GPU +3, now: CPU 0, GPU 9 (MiB)
13:35:37  INFO     [RAMS] YOLOv8-nano ready — TensorRT yolov8n.engine (imgsz=320).
WARNING ⚠️ Unable to automatically guess model task, assuming 'task=detect'. Explicitly define task for your model, i.e. 'task=detect', 'segment', 'classify', 'pose', 'obb' or 'semantic'.
Loading yolov8s.engine for TensorRT inference...
[09/09/2026-13:35:37] [TRT] [I] The logger passed into createInferRuntime differs from one already provided for an existing builder, runtime, or refitter. Uses of the global logger, returned by nvinfer1::getLogger(), will return the existing value.
[09/09/2026-13:35:37] [TRT] [I] Loaded engine size: 23 MiB
[09/09/2026-13:35:37] [TRT] [I] [MemUsageChange] TensorRT-managed allocation in IExecutionContext creation: CPU +1, GPU +7, now: CPU 1, GPU 38 (MiB)
13:35:37  INFO     [RAMS] YOLOv8-small ready — TensorRT yolov8s.engine (imgsz=416).
WARNING ⚠️ Unable to automatically guess model task, assuming 'task=detect'. Explicitly define task for your model, i.e. 'task=detect', 'segment', 'classify', 'pose', 'obb' or 'semantic'.
Loading yolov8m.engine for TensorRT inference...
[09/09/2026-13:35:37] [TRT] [I] The logger passed into createInferRuntime differs from one already provided for an existing builder, runtime, or refitter. Uses of the global logger, returned by nvinfer1::getLogger(), will return the existing value.
[09/09/2026-13:35:37] [TRT] [I] Loaded engine size: 52 MiB
[09/09/2026-13:35:37] [TRT] [I] [MemUsageChange] TensorRT-managed allocation in IExecutionContext creation: CPU +0, GPU +29, now: CPU 1, GPU 117 (MiB)
13:35:37  INFO     [RAMS] YOLOv8-medium ready — TensorRT yolov8m.engine (imgsz=640).
13:35:37  INFO     [RAMS] Controller ready. Policy: fixed
13:35:38  INFO     [RAMS] Tier switch: SMALL → MEDIUM  (R=0.080)
13:35:39  INFO       [fixed_medium / idle] 20/200  tier=MEDIUM  latency=17.6 ms  R=0.199  target=0.00  dets=21  vru=False  backend=tensorrt
13:35:39  INFO       [fixed_medium / idle] 40/200  tier=MEDIUM  latency=15.9 ms  R=0.151  target=0.00  dets=13  vru=False  backend=tensorrt
13:35:40  INFO       [fixed_medium / idle] 60/200  tier=MEDIUM  latency=14.9 ms  R=0.199  target=0.00  dets=8  vru=False  backend=tensorrt
13:35:41  INFO       [fixed_medium / idle] 80/200  tier=MEDIUM  latency=15.2 ms  R=0.321  target=0.00  dets=8  vru=False  backend=tensorrt
13:35:41  INFO       [fixed_medium / idle] 100/200  tier=MEDIUM  latency=14.2 ms  R=0.275  target=0.00  dets=2  vru=False  backend=tensorrt
13:35:42  INFO       [fixed_medium / idle] 120/200  tier=MEDIUM  latency=16.3 ms  R=0.292  target=0.00  dets=10  vru=False  backend=tensorrt
13:35:42  INFO       [fixed_medium / idle] 140/200  tier=MEDIUM  latency=15.3 ms  R=0.183  target=0.00  dets=8  vru=False  backend=tensorrt
13:35:43  INFO       [fixed_medium / idle] 160/200  tier=MEDIUM  latency=15.6 ms  R=0.244  target=0.00  dets=6  vru=False  backend=tensorrt
13:35:43  INFO       [fixed_medium / idle] 180/200  tier=MEDIUM  latency=14.3 ms  R=0.258  target=0.00  dets=4  vru=False  backend=tensorrt
13:35:44  INFO       [fixed_medium / idle] 200/200  tier=MEDIUM  latency=14.6 ms  R=0.354  target=0.00  dets=5  vru=False  backend=tensorrt
13:35:44  INFO     [RAMS] Controller stopped.
13:35:44  INFO     
--- Block 2/10  Policy: fixed_small  Load: idle (0%) ---
13:35:44  INFO     [RAMS] Starting resource monitor ...
13:35:44  INFO     [RAMS] Loading model tiers ...
WARNING ⚠️ Unable to automatically guess model task, assuming 'task=detect'. Explicitly define task for your model, i.e. 'task=detect', 'segment', 'classify', 'pose', 'obb' or 'semantic'.
Loading yolov8n.engine for TensorRT inference...
[09/09/2026-13:35:44] [TRT] [I] Loaded engine size: 7 MiB
[09/09/2026-13:35:44] [TRT] [I] [MemUsageChange] TensorRT-managed allocation in IExecutionContext creation: CPU +0, GPU +3, now: CPU 0, GPU 9 (MiB)
13:35:44  INFO     [RAMS] YOLOv8-nano ready — TensorRT yolov8n.engine (imgsz=320).
WARNING ⚠️ Unable to automatically guess model task, assuming 'task=detect'. Explicitly define task for your model, i.e. 'task=detect', 'segment', 'classify', 'pose', 'obb' or 'semantic'.
Loading yolov8s.engine for TensorRT inference...
[09/09/2026-13:35:44] [TRT] [I] The logger passed into createInferRuntime differs from one already provided for an existing builder, runtime, or refitter. Uses of the global logger, returned by nvinfer1::getLogger(), will return the existing value.
[09/09/2026-13:35:44] [TRT] [I] Loaded engine size: 23 MiB
[09/09/2026-13:35:44] [TRT] [I] [MemUsageChange] TensorRT-managed allocation in IExecutionContext creation: CPU +1, GPU +7, now: CPU 1, GPU 38 (MiB)
13:35:44  INFO     [RAMS] YOLOv8-small ready — TensorRT yolov8s.engine (imgsz=416).
WARNING ⚠️ Unable to automatically guess model task, assuming 'task=detect'. Explicitly define task for your model, i.e. 'task=detect', 'segment', 'classify', 'pose', 'obb' or 'semantic'.
Loading yolov8m.engine for TensorRT inference...
[09/09/2026-13:35:44] [TRT] [I] The logger passed into createInferRuntime differs from one already provided for an existing builder, runtime, or refitter. Uses of the global logger, returned by nvinfer1::getLogger(), will return the existing value.
[09/09/2026-13:35:44] [TRT] [I] Loaded engine size: 52 MiB
[09/09/2026-13:35:44] [TRT] [I] [MemUsageChange] TensorRT-managed allocation in IExecutionContext creation: CPU +0, GPU +29, now: CPU 1, GPU 117 (MiB)
13:35:44  INFO     [RAMS] YOLOv8-medium ready — TensorRT yolov8m.engine (imgsz=640).
13:35:44  INFO     [RAMS] Controller ready. Policy: fixed
13:35:46  INFO       [fixed_small / idle] 20/200  tier=SMALL   latency=10.8 ms  R=0.212  target=0.00  dets=16  vru=False  backend=tensorrt
13:35:46  INFO       [fixed_small / idle] 40/200  tier=SMALL   latency=8.9 ms  R=0.183  target=0.00  dets=6  vru=False  backend=tensorrt
13:35:46  INFO       [fixed_small / idle] 60/200  tier=SMALL   latency=8.5 ms  R=0.147  target=0.00  dets=6  vru=False  backend=tensorrt
13:35:47  INFO       [fixed_small / idle] 80/200  tier=SMALL   latency=8.4 ms  R=0.157  target=0.00  dets=5  vru=False  backend=tensorrt
13:35:47  INFO       [fixed_small / idle] 100/200  tier=SMALL   latency=7.7 ms  R=0.124  target=0.00  dets=2  vru=False  backend=tensorrt
13:35:48  INFO       [fixed_small / idle] 120/200  tier=SMALL   latency=10.2 ms  R=0.153  target=0.00  dets=10  vru=False  backend=tensorrt
13:35:48  INFO       [fixed_small / idle] 140/200  tier=SMALL   latency=7.8 ms  R=0.163  target=0.00  dets=3  vru=False  backend=tensorrt
13:35:48  INFO       [fixed_small / idle] 160/200  tier=SMALL   latency=6.8 ms  R=0.151  target=0.00  dets=0  vru=False  backend=tensorrt
13:35:49  INFO       [fixed_small / idle] 180/200  tier=SMALL   latency=8.1 ms  R=0.153  target=0.00  dets=4  vru=True  backend=tensorrt
13:35:49  INFO       [fixed_small / idle] 200/200  tier=SMALL   latency=8.7 ms  R=0.154  target=0.00  dets=7  vru=False  backend=tensorrt
13:35:49  INFO     [RAMS] Controller stopped.
13:35:49  INFO     
--- Block 2/10  Policy: safety  Load: idle (0%) ---
13:35:49  INFO     [RAMS] Starting resource monitor ...
13:35:49  INFO     [RAMS] Loading model tiers ...
WARNING ⚠️ Unable to automatically guess model task, assuming 'task=detect'. Explicitly define task for your model, i.e. 'task=detect', 'segment', 'classify', 'pose', 'obb' or 'semantic'.
Loading yolov8n.engine for TensorRT inference...
[09/09/2026-13:35:49] [TRT] [I] Loaded engine size: 7 MiB
[09/09/2026-13:35:49] [TRT] [I] [MemUsageChange] TensorRT-managed allocation in IExecutionContext creation: CPU +0, GPU +3, now: CPU 0, GPU 9 (MiB)
13:35:49  INFO     [RAMS] YOLOv8-nano ready — TensorRT yolov8n.engine (imgsz=320).
WARNING ⚠️ Unable to automatically guess model task, assuming 'task=detect'. Explicitly define task for your model, i.e. 'task=detect', 'segment', 'classify', 'pose', 'obb' or 'semantic'.
Loading yolov8s.engine for TensorRT inference...
[09/09/2026-13:35:49] [TRT] [I] The logger passed into createInferRuntime differs from one already provided for an existing builder, runtime, or refitter. Uses of the global logger, returned by nvinfer1::getLogger(), will return the existing value.
[09/09/2026-13:35:49] [TRT] [I] Loaded engine size: 23 MiB
[09/09/2026-13:35:49] [TRT] [I] [MemUsageChange] TensorRT-managed allocation in IExecutionContext creation: CPU +1, GPU +7, now: CPU 1, GPU 38 (MiB)
13:35:50  INFO     [RAMS] YOLOv8-small ready — TensorRT yolov8s.engine (imgsz=416).
WARNING ⚠️ Unable to automatically guess model task, assuming 'task=detect'. Explicitly define task for your model, i.e. 'task=detect', 'segment', 'classify', 'pose', 'obb' or 'semantic'.
Loading yolov8m.engine for TensorRT inference...
[09/09/2026-13:35:50] [TRT] [I] The logger passed into createInferRuntime differs from one already provided for an existing builder, runtime, or refitter. Uses of the global logger, returned by nvinfer1::getLogger(), will return the existing value.
[09/09/2026-13:35:50] [TRT] [I] Loaded engine size: 52 MiB
[09/09/2026-13:35:50] [TRT] [I] [MemUsageChange] TensorRT-managed allocation in IExecutionContext creation: CPU +0, GPU +29, now: CPU 1, GPU 117 (MiB)
13:35:50  INFO     [RAMS] YOLOv8-medium ready — TensorRT yolov8m.engine (imgsz=640).
13:35:50  INFO     [RAMS] Controller ready. Policy: safety
13:35:51  INFO     [RAMS] Tier switch: SMALL → MEDIUM  (R=0.085)
13:35:51  INFO     [RAMS] Tier switch: MEDIUM → SMALL  (R=0.300)
13:35:51  INFO       [safety / idle] 20/200  tier=SMALL   latency=10.7 ms  R=0.158  target=0.00  dets=16  vru=False  backend=tensorrt
13:35:51  INFO       [safety / idle] 40/200  tier=SMALL   latency=8.5 ms  R=0.153  target=0.00  dets=6  vru=False  backend=tensorrt
13:35:52  INFO     [RAMS] Tier switch: SMALL → MEDIUM  (R=0.128)
13:35:52  INFO     [RAMS] Tier switch: MEDIUM → SMALL  (R=0.245)
13:35:52  INFO       [safety / idle] 60/200  tier=SMALL   latency=8.8 ms  R=0.149  target=0.00  dets=6  vru=False  backend=tensorrt
13:35:52  INFO     [RAMS] Tier switch: SMALL → MEDIUM  (R=0.122)
13:35:52  INFO     [RAMS] Tier switch: MEDIUM → SMALL  (R=0.138)
13:35:52  INFO       [safety / idle] 80/200  tier=SMALL   latency=8.2 ms  R=0.135  target=0.00  dets=5  vru=False  backend=tensorrt
13:35:53  INFO       [safety / idle] 100/200  tier=SMALL   latency=7.7 ms  R=0.240  target=0.00  dets=2  vru=False  backend=tensorrt
13:35:53  INFO       [safety / idle] 120/200  tier=SMALL   latency=9.3 ms  R=0.159  target=0.00  dets=10  vru=False  backend=tensorrt
13:35:54  INFO       [safety / idle] 140/200  tier=SMALL   latency=7.8 ms  R=0.147  target=0.00  dets=3  vru=False  backend=tensorrt
13:35:54  INFO       [safety / idle] 160/200  tier=SMALL   latency=5.9 ms  R=0.171  target=0.00  dets=0  vru=False  backend=tensorrt
13:35:54  INFO       [safety / idle] 180/200  tier=SMALL   latency=8.0 ms  R=0.153  target=0.00  dets=4  vru=True  backend=tensorrt
13:35:55  INFO       [safety / idle] 200/200  tier=SMALL   latency=8.7 ms  R=0.249  target=0.00  dets=7  vru=False  backend=tensorrt
13:35:55  INFO     [RAMS] Controller stopped.
13:35:55  INFO     
--- Block 2/10  Policy: adaptive  Load: idle (0%) ---
13:35:55  INFO     [RAMS] Starting resource monitor ...
13:35:55  INFO     [RAMS] Loading model tiers ...
WARNING ⚠️ Unable to automatically guess model task, assuming 'task=detect'. Explicitly define task for your model, i.e. 'task=detect', 'segment', 'classify', 'pose', 'obb' or 'semantic'.
Loading yolov8n.engine for TensorRT inference...
[09/09/2026-13:35:55] [TRT] [I] Loaded engine size: 7 MiB
[09/09/2026-13:35:55] [TRT] [I] [MemUsageChange] TensorRT-managed allocation in IExecutionContext creation: CPU +0, GPU +3, now: CPU 0, GPU 9 (MiB)
13:35:55  INFO     [RAMS] YOLOv8-nano ready — TensorRT yolov8n.engine (imgsz=320).
WARNING ⚠️ Unable to automatically guess model task, assuming 'task=detect'. Explicitly define task for your model, i.e. 'task=detect', 'segment', 'classify', 'pose', 'obb' or 'semantic'.
Loading yolov8s.engine for TensorRT inference...
[09/09/2026-13:35:55] [TRT] [I] The logger passed into createInferRuntime differs from one already provided for an existing builder, runtime, or refitter. Uses of the global logger, returned by nvinfer1::getLogger(), will return the existing value.
[09/09/2026-13:35:55] [TRT] [I] Loaded engine size: 23 MiB
[09/09/2026-13:35:55] [TRT] [I] [MemUsageChange] TensorRT-managed allocation in IExecutionContext creation: CPU +1, GPU +7, now: CPU 1, GPU 38 (MiB)
13:35:55  INFO     [RAMS] YOLOv8-small ready — TensorRT yolov8s.engine (imgsz=416).
WARNING ⚠️ Unable to automatically guess model task, assuming 'task=detect'. Explicitly define task for your model, i.e. 'task=detect', 'segment', 'classify', 'pose', 'obb' or 'semantic'.
Loading yolov8m.engine for TensorRT inference...
[09/09/2026-13:35:55] [TRT] [I] The logger passed into createInferRuntime differs from one already provided for an existing builder, runtime, or refitter. Uses of the global logger, returned by nvinfer1::getLogger(), will return the existing value.
[09/09/2026-13:35:55] [TRT] [I] Loaded engine size: 52 MiB
[09/09/2026-13:35:55] [TRT] [I] [MemUsageChange] TensorRT-managed allocation in IExecutionContext creation: CPU +0, GPU +29, now: CPU 1, GPU 117 (MiB)
13:35:55  INFO     [RAMS] YOLOv8-medium ready — TensorRT yolov8m.engine (imgsz=640).
13:35:55  INFO     [RAMS] Controller ready. Policy: adaptive
13:35:56  INFO     [RAMS] Tier switch: SMALL → MEDIUM  (R=0.080)
13:35:56  INFO     [RAMS] Tier switch: MEDIUM → SMALL  (R=0.192)
13:35:57  INFO       [adaptive / idle] 20/200  tier=SMALL   latency=10.5 ms  R=0.147  target=0.00  dets=16  vru=False  backend=tensorrt
13:35:57  INFO       [adaptive / idle] 40/200  tier=SMALL   latency=8.5 ms  R=0.145  target=0.00  dets=6  vru=False  backend=tensorrt
13:35:57  INFO       [adaptive / idle] 60/200  tier=SMALL   latency=8.8 ms  R=0.184  target=0.00  dets=6  vru=False  backend=tensorrt
13:35:58  INFO       [adaptive / idle] 80/200  tier=SMALL   latency=8.3 ms  R=0.179  target=0.00  dets=5  vru=False  backend=tensorrt
13:35:58  INFO       [adaptive / idle] 100/200  tier=SMALL   latency=7.6 ms  R=0.147  target=0.00  dets=2  vru=False  backend=tensorrt
13:35:59  INFO       [adaptive / idle] 120/200  tier=SMALL   latency=9.5 ms  R=0.191  target=0.00  dets=10  vru=False  backend=tensorrt
13:35:59  INFO       [adaptive / idle] 140/200  tier=SMALL   latency=7.8 ms  R=0.147  target=0.00  dets=3  vru=False  backend=tensorrt
13:36:00  INFO       [adaptive / idle] 160/200  tier=SMALL   latency=5.9 ms  R=0.153  target=0.00  dets=0  vru=False  backend=tensorrt
13:36:00  INFO       [adaptive / idle] 180/200  tier=SMALL   latency=8.3 ms  R=0.153  target=0.00  dets=4  vru=True  backend=tensorrt
13:36:00  INFO       [adaptive / idle] 200/200  tier=SMALL   latency=8.7 ms  R=0.145  target=0.00  dets=7  vru=False  backend=tensorrt
13:36:00  INFO     [RAMS] Controller stopped.
13:36:00  INFO     
--- Block 2/10  Policy: fixed_nano  Load: idle (0%) ---
13:36:00  INFO     [RAMS] Starting resource monitor ...
13:36:00  INFO     [RAMS] Loading model tiers ...
WARNING ⚠️ Unable to automatically guess model task, assuming 'task=detect'. Explicitly define task for your model, i.e. 'task=detect', 'segment', 'classify', 'pose', 'obb' or 'semantic'.
Loading yolov8n.engine for TensorRT inference...
[09/09/2026-13:36:00] [TRT] [I] Loaded engine size: 7 MiB
[09/09/2026-13:36:01] [TRT] [I] [MemUsageChange] TensorRT-managed allocation in IExecutionContext creation: CPU +0, GPU +3, now: CPU 0, GPU 9 (MiB)
13:36:01  INFO     [RAMS] YOLOv8-nano ready — TensorRT yolov8n.engine (imgsz=320).
WARNING ⚠️ Unable to automatically guess model task, assuming 'task=detect'. Explicitly define task for your model, i.e. 'task=detect', 'segment', 'classify', 'pose', 'obb' or 'semantic'.
Loading yolov8s.engine for TensorRT inference...
[09/09/2026-13:36:01] [TRT] [I] The logger passed into createInferRuntime differs from one already provided for an existing builder, runtime, or refitter. Uses of the global logger, returned by nvinfer1::getLogger(), will return the existing value.
[09/09/2026-13:36:01] [TRT] [I] Loaded engine size: 23 MiB
[09/09/2026-13:36:01] [TRT] [I] [MemUsageChange] TensorRT-managed allocation in IExecutionContext creation: CPU +1, GPU +7, now: CPU 1, GPU 38 (MiB)
13:36:01  INFO     [RAMS] YOLOv8-small ready — TensorRT yolov8s.engine (imgsz=416).
WARNING ⚠️ Unable to automatically guess model task, assuming 'task=detect'. Explicitly define task for your model, i.e. 'task=detect', 'segment', 'classify', 'pose', 'obb' or 'semantic'.
Loading yolov8m.engine for TensorRT inference...
[09/09/2026-13:36:01] [TRT] [I] The logger passed into createInferRuntime differs from one already provided for an existing builder, runtime, or refitter. Uses of the global logger, returned by nvinfer1::getLogger(), will return the existing value.
[09/09/2026-13:36:01] [TRT] [I] Loaded engine size: 52 MiB
[09/09/2026-13:36:01] [TRT] [I] [MemUsageChange] TensorRT-managed allocation in IExecutionContext creation: CPU +0, GPU +29, now: CPU 1, GPU 117 (MiB)
13:36:01  INFO     [RAMS] YOLOv8-medium ready — TensorRT yolov8m.engine (imgsz=640).
13:36:01  INFO     [RAMS] Controller ready. Policy: fixed
13:36:02  INFO     [RAMS] Tier switch: SMALL → NANO  (R=0.298)
13:36:02  INFO       [fixed_nano / idle] 20/200  tier=NANO    latency=9.2 ms  R=0.216  target=0.00  dets=14  vru=False  backend=tensorrt
13:36:02  INFO       [fixed_nano / idle] 40/200  tier=NANO    latency=7.1 ms  R=0.225  target=0.00  dets=4  vru=False  backend=tensorrt
13:36:03  INFO       [fixed_nano / idle] 60/200  tier=NANO    latency=6.7 ms  R=0.242  target=0.00  dets=3  vru=False  backend=tensorrt
13:36:03  INFO       [fixed_nano / idle] 80/200  tier=NANO    latency=7.1 ms  R=0.224  target=0.00  dets=5  vru=False  backend=tensorrt
13:36:04  INFO       [fixed_nano / idle] 100/200  tier=NANO    latency=6.2 ms  R=0.277  target=0.00  dets=1  vru=False  backend=tensorrt
13:36:04  INFO       [fixed_nano / idle] 120/200  tier=NANO    latency=7.0 ms  R=0.224  target=0.00  dets=4  vru=False  backend=tensorrt
13:36:04  INFO       [fixed_nano / idle] 140/200  tier=NANO    latency=6.6 ms  R=0.206  target=0.00  dets=2  vru=False  backend=tensorrt
13:36:05  INFO       [fixed_nano / idle] 160/200  tier=NANO    latency=4.8 ms  R=0.301  target=0.00  dets=0  vru=False  backend=tensorrt
13:36:05  INFO       [fixed_nano / idle] 180/200  tier=NANO    latency=6.8 ms  R=0.203  target=0.00  dets=2  vru=False  backend=tensorrt
13:36:05  INFO       [fixed_nano / idle] 200/200  tier=NANO    latency=7.2 ms  R=0.208  target=0.00  dets=6  vru=False  backend=tensorrt
13:36:06  INFO     [RAMS] Controller stopped.
13:36:06  INFO     
--- Block 2/10  Policy: predictive  Load: idle (0%) ---
13:36:06  INFO     [RAMS] Starting resource monitor ...
13:36:06  INFO     [RAMS] Loading model tiers ...
WARNING ⚠️ Unable to automatically guess model task, assuming 'task=detect'. Explicitly define task for your model, i.e. 'task=detect', 'segment', 'classify', 'pose', 'obb' or 'semantic'.
Loading yolov8n.engine for TensorRT inference...
[09/09/2026-13:36:06] [TRT] [I] Loaded engine size: 7 MiB
[09/09/2026-13:36:06] [TRT] [I] [MemUsageChange] TensorRT-managed allocation in IExecutionContext creation: CPU +0, GPU +3, now: CPU 0, GPU 9 (MiB)
13:36:06  INFO     [RAMS] YOLOv8-nano ready — TensorRT yolov8n.engine (imgsz=320).
WARNING ⚠️ Unable to automatically guess model task, assuming 'task=detect'. Explicitly define task for your model, i.e. 'task=detect', 'segment', 'classify', 'pose', 'obb' or 'semantic'.
Loading yolov8s.engine for TensorRT inference...
[09/09/2026-13:36:06] [TRT] [I] The logger passed into createInferRuntime differs from one already provided for an existing builder, runtime, or refitter. Uses of the global logger, returned by nvinfer1::getLogger(), will return the existing value.
[09/09/2026-13:36:06] [TRT] [I] Loaded engine size: 23 MiB
[09/09/2026-13:36:06] [TRT] [I] [MemUsageChange] TensorRT-managed allocation in IExecutionContext creation: CPU +1, GPU +7, now: CPU 1, GPU 38 (MiB)
13:36:06  INFO     [RAMS] YOLOv8-small ready — TensorRT yolov8s.engine (imgsz=416).
WARNING ⚠️ Unable to automatically guess model task, assuming 'task=detect'. Explicitly define task for your model, i.e. 'task=detect', 'segment', 'classify', 'pose', 'obb' or 'semantic'.
Loading yolov8m.engine for TensorRT inference...
[09/09/2026-13:36:06] [TRT] [I] The logger passed into createInferRuntime differs from one already provided for an existing builder, runtime, or refitter. Uses of the global logger, returned by nvinfer1::getLogger(), will return the existing value.
[09/09/2026-13:36:06] [TRT] [I] Loaded engine size: 52 MiB
[09/09/2026-13:36:06] [TRT] [I] [MemUsageChange] TensorRT-managed allocation in IExecutionContext creation: CPU +0, GPU +29, now: CPU 1, GPU 117 (MiB)
13:36:06  INFO     [RAMS] YOLOv8-medium ready — TensorRT yolov8m.engine (imgsz=640).
13:36:06  INFO     [RAMS] Controller ready. Policy: predictive
13:36:07  INFO       [predictive / idle] 20/200  tier=SMALL   latency=10.6 ms  R=0.201  target=0.00  dets=16  vru=False  backend=tensorrt
13:36:08  INFO       [predictive / idle] 40/200  tier=SMALL   latency=9.1 ms  R=0.153  target=0.00  dets=6  vru=False  backend=tensorrt
13:36:08  INFO       [predictive / idle] 60/200  tier=SMALL   latency=8.5 ms  R=0.156  target=0.00  dets=6  vru=False  backend=tensorrt
13:36:08  INFO     [RAMS] Tier switch: SMALL → MEDIUM  (R=0.129)
13:36:08  INFO     [RAMS] Tier switch: MEDIUM → SMALL  (R=0.143)
13:36:08  INFO       [predictive / idle] 80/200  tier=SMALL   latency=8.2 ms  R=0.179  target=0.00  dets=5  vru=False  backend=tensorrt
13:36:09  INFO       [predictive / idle] 100/200  tier=SMALL   latency=7.7 ms  R=0.133  target=0.00  dets=2  vru=False  backend=tensorrt
13:36:09  INFO       [predictive / idle] 120/200  tier=SMALL   latency=9.2 ms  R=0.154  target=0.00  dets=10  vru=False  backend=tensorrt
13:36:10  INFO       [predictive / idle] 140/200  tier=SMALL   latency=8.1 ms  R=0.158  target=0.00  dets=3  vru=False  backend=tensorrt
13:36:10  INFO       [predictive / idle] 160/200  tier=SMALL   latency=5.9 ms  R=0.147  target=0.00  dets=0  vru=False  backend=tensorrt
13:36:10  INFO     [RAMS] Tier switch: SMALL → MEDIUM  (R=0.120)
13:36:10  INFO     [RAMS] Tier switch: MEDIUM → SMALL  (R=0.147)
13:36:11  INFO       [predictive / idle] 180/200  tier=SMALL   latency=8.0 ms  R=0.134  target=0.00  dets=4  vru=True  backend=tensorrt
13:36:11  INFO       [predictive / idle] 200/200  tier=SMALL   latency=8.7 ms  R=0.157  target=0.00  dets=7  vru=False  backend=tensorrt
13:36:11  INFO     [RAMS] Controller stopped.
13:36:11  INFO     
--- Block 3/10  Policy: threshold  Load: idle (0%) ---
13:36:11  INFO     [RAMS] Starting resource monitor ...
13:36:11  INFO     [RAMS] Loading model tiers ...
WARNING ⚠️ Unable to automatically guess model task, assuming 'task=detect'. Explicitly define task for your model, i.e. 'task=detect', 'segment', 'classify', 'pose', 'obb' or 'semantic'.
Loading yolov8n.engine for TensorRT inference...
[09/09/2026-13:36:11] [TRT] [I] Loaded engine size: 7 MiB
[09/09/2026-13:36:11] [TRT] [I] [MemUsageChange] TensorRT-managed allocation in IExecutionContext creation: CPU +0, GPU +3, now: CPU 0, GPU 9 (MiB)
13:36:11  INFO     [RAMS] YOLOv8-nano ready — TensorRT yolov8n.engine (imgsz=320).
WARNING ⚠️ Unable to automatically guess model task, assuming 'task=detect'. Explicitly define task for your model, i.e. 'task=detect', 'segment', 'classify', 'pose', 'obb' or 'semantic'.
Loading yolov8s.engine for TensorRT inference...
[09/09/2026-13:36:11] [TRT] [I] The logger passed into createInferRuntime differs from one already provided for an existing builder, runtime, or refitter. Uses of the global logger, returned by nvinfer1::getLogger(), will return the existing value.
[09/09/2026-13:36:11] [TRT] [I] Loaded engine size: 23 MiB
[09/09/2026-13:36:11] [TRT] [I] [MemUsageChange] TensorRT-managed allocation in IExecutionContext creation: CPU +1, GPU +7, now: CPU 1, GPU 38 (MiB)
13:36:11  INFO     [RAMS] YOLOv8-small ready — TensorRT yolov8s.engine (imgsz=416).
WARNING ⚠️ Unable to automatically guess model task, assuming 'task=detect'. Explicitly define task for your model, i.e. 'task=detect', 'segment', 'classify', 'pose', 'obb' or 'semantic'.
Loading yolov8m.engine for TensorRT inference...
[09/09/2026-13:36:11] [TRT] [I] The logger passed into createInferRuntime differs from one already provided for an existing builder, runtime, or refitter. Uses of the global logger, returned by nvinfer1::getLogger(), will return the existing value.
[09/09/2026-13:36:11] [TRT] [I] Loaded engine size: 52 MiB
[09/09/2026-13:36:11] [TRT] [I] [MemUsageChange] TensorRT-managed allocation in IExecutionContext creation: CPU +0, GPU +29, now: CPU 1, GPU 117 (MiB)
13:36:11  INFO     [RAMS] YOLOv8-medium ready — TensorRT yolov8m.engine (imgsz=640).
13:36:11  INFO     [RAMS] Controller ready. Policy: threshold
13:36:12  INFO     [RAMS] Tier switch: SMALL → MEDIUM  (R=0.074)
13:36:12  INFO     [RAMS] Tier switch: MEDIUM → SMALL  (R=0.139)
13:36:13  INFO       [threshold / idle] 20/200  tier=SMALL   latency=8.8 ms  R=0.212  target=0.00  dets=7  vru=False  backend=tensorrt
13:36:13  INFO     [RAMS] Tier switch: SMALL → MEDIUM  (R=0.125)
13:36:13  INFO       [threshold / idle] 40/200  tier=MEDIUM  latency=15.3 ms  R=0.125  target=0.00  dets=10  vru=True  backend=tensorrt
13:36:13  INFO     [RAMS] Tier switch: MEDIUM → SMALL  (R=0.164)
13:36:14  INFO       [threshold / idle] 60/200  tier=SMALL   latency=10.1 ms  R=0.148  target=0.00  dets=14  vru=False  backend=tensorrt
13:36:14  INFO       [threshold / idle] 80/200  tier=SMALL   latency=10.3 ms  R=0.137  target=0.00  dets=15  vru=True  backend=tensorrt
13:36:14  INFO       [threshold / idle] 100/200  tier=SMALL   latency=7.7 ms  R=0.140  target=0.00  dets=2  vru=False  backend=tensorrt
13:36:15  INFO     [RAMS] Tier switch: SMALL → MEDIUM  (R=0.123)
13:36:15  INFO     [RAMS] Tier switch: MEDIUM → SMALL  (R=0.227)
13:36:15  INFO       [threshold / idle] 120/200  tier=SMALL   latency=8.2 ms  R=0.151  target=0.00  dets=5  vru=False  backend=tensorrt
13:36:15  INFO     [RAMS] Tier switch: SMALL → MEDIUM  (R=0.129)
13:36:15  INFO     [RAMS] Tier switch: MEDIUM → SMALL  (R=0.154)
13:36:15  INFO       [threshold / idle] 140/200  tier=SMALL   latency=7.9 ms  R=0.158  target=0.00  dets=3  vru=True  backend=tensorrt
13:36:16  INFO       [threshold / idle] 160/200  tier=SMALL   latency=7.7 ms  R=0.158  target=0.00  dets=2  vru=False  backend=tensorrt
13:36:16  INFO       [threshold / idle] 180/200  tier=SMALL   latency=8.5 ms  R=0.151  target=0.00  dets=6  vru=False  backend=tensorrt
13:36:17  INFO       [threshold / idle] 200/200  tier=SMALL   latency=8.2 ms  R=0.147  target=0.00  dets=5  vru=False  backend=tensorrt
13:36:17  INFO     [RAMS] Controller stopped.
13:36:17  INFO     
--- Block 3/10  Policy: adaptive  Load: idle (0%) ---
13:36:17  INFO     [RAMS] Starting resource monitor ...
13:36:17  INFO     [RAMS] Loading model tiers ...
WARNING ⚠️ Unable to automatically guess model task, assuming 'task=detect'. Explicitly define task for your model, i.e. 'task=detect', 'segment', 'classify', 'pose', 'obb' or 'semantic'.
Loading yolov8n.engine for TensorRT inference...
[09/09/2026-13:36:17] [TRT] [I] Loaded engine size: 7 MiB
[09/09/2026-13:36:17] [TRT] [I] [MemUsageChange] TensorRT-managed allocation in IExecutionContext creation: CPU +0, GPU +3, now: CPU 0, GPU 9 (MiB)
13:36:17  INFO     [RAMS] YOLOv8-nano ready — TensorRT yolov8n.engine (imgsz=320).
WARNING ⚠️ Unable to automatically guess model task, assuming 'task=detect'. Explicitly define task for your model, i.e. 'task=detect', 'segment', 'classify', 'pose', 'obb' or 'semantic'.
Loading yolov8s.engine for TensorRT inference...
[09/09/2026-13:36:17] [TRT] [I] The logger passed into createInferRuntime differs from one already provided for an existing builder, runtime, or refitter. Uses of the global logger, returned by nvinfer1::getLogger(), will return the existing value.
[09/09/2026-13:36:17] [TRT] [I] Loaded engine size: 23 MiB
[09/09/2026-13:36:17] [TRT] [I] [MemUsageChange] TensorRT-managed allocation in IExecutionContext creation: CPU +1, GPU +7, now: CPU 1, GPU 38 (MiB)
13:36:17  INFO     [RAMS] YOLOv8-small ready — TensorRT yolov8s.engine (imgsz=416).
WARNING ⚠️ Unable to automatically guess model task, assuming 'task=detect'. Explicitly define task for your model, i.e. 'task=detect', 'segment', 'classify', 'pose', 'obb' or 'semantic'.
Loading yolov8m.engine for TensorRT inference...
[09/09/2026-13:36:17] [TRT] [I] The logger passed into createInferRuntime differs from one already provided for an existing builder, runtime, or refitter. Uses of the global logger, returned by nvinfer1::getLogger(), will return the existing value.
[09/09/2026-13:36:17] [TRT] [I] Loaded engine size: 52 MiB
[09/09/2026-13:36:17] [TRT] [I] [MemUsageChange] TensorRT-managed allocation in IExecutionContext creation: CPU +0, GPU +29, now: CPU 1, GPU 117 (MiB)
13:36:17  INFO     [RAMS] YOLOv8-medium ready — TensorRT yolov8m.engine (imgsz=640).
13:36:17  INFO     [RAMS] Controller ready. Policy: adaptive
13:36:18  INFO     [RAMS] Tier switch: SMALL → MEDIUM  (R=0.080)
13:36:18  INFO     [RAMS] Tier switch: MEDIUM → SMALL  (R=0.171)
13:36:18  INFO       [adaptive / idle] 20/200  tier=SMALL   latency=8.7 ms  R=0.188  target=0.00  dets=7  vru=False  backend=tensorrt
13:36:19  INFO       [adaptive / idle] 40/200  tier=SMALL   latency=9.2 ms  R=0.173  target=0.00  dets=9  vru=False  backend=tensorrt
13:36:19  INFO       [adaptive / idle] 60/200  tier=SMALL   latency=10.1 ms  R=0.152  target=0.00  dets=14  vru=False  backend=tensorrt
13:36:20  INFO       [adaptive / idle] 80/200  tier=SMALL   latency=11.3 ms  R=0.120  target=0.00  dets=15  vru=True  backend=tensorrt
13:36:20  INFO     [RAMS] Tier switch: SMALL → MEDIUM  (R=0.120)
13:36:20  INFO     [RAMS] Tier switch: MEDIUM → SMALL  (R=0.217)
13:36:20  INFO       [adaptive / idle] 100/200  tier=SMALL   latency=7.6 ms  R=0.147  target=0.00  dets=2  vru=False  backend=tensorrt
13:36:21  INFO       [adaptive / idle] 120/200  tier=SMALL   latency=8.2 ms  R=0.153  target=0.00  dets=5  vru=False  backend=tensorrt
13:36:21  INFO       [adaptive / idle] 140/200  tier=SMALL   latency=7.9 ms  R=0.161  target=0.00  dets=3  vru=True  backend=tensorrt
13:36:21  INFO       [adaptive / idle] 160/200  tier=SMALL   latency=7.6 ms  R=0.127  target=0.00  dets=2  vru=False  backend=tensorrt
13:36:22  INFO       [adaptive / idle] 180/200  tier=SMALL   latency=8.5 ms  R=0.226  target=0.00  dets=6  vru=False  backend=tensorrt
13:36:22  INFO       [adaptive / idle] 200/200  tier=SMALL   latency=8.4 ms  R=0.142  target=0.00  dets=5  vru=False  backend=tensorrt
13:36:22  INFO     [RAMS] Controller stopped.
13:36:22  INFO     
--- Block 3/10  Policy: predictive  Load: idle (0%) ---
13:36:22  INFO     [RAMS] Starting resource monitor ...
13:36:22  INFO     [RAMS] Loading model tiers ...
WARNING ⚠️ Unable to automatically guess model task, assuming 'task=detect'. Explicitly define task for your model, i.e. 'task=detect', 'segment', 'classify', 'pose', 'obb' or 'semantic'.
Loading yolov8n.engine for TensorRT inference...
[09/09/2026-13:36:22] [TRT] [I] Loaded engine size: 7 MiB
[09/09/2026-13:36:22] [TRT] [I] [MemUsageChange] TensorRT-managed allocation in IExecutionContext creation: CPU +0, GPU +3, now: CPU 0, GPU 9 (MiB)
13:36:22  INFO     [RAMS] YOLOv8-nano ready — TensorRT yolov8n.engine (imgsz=320).
WARNING ⚠️ Unable to automatically guess model task, assuming 'task=detect'. Explicitly define task for your model, i.e. 'task=detect', 'segment', 'classify', 'pose', 'obb' or 'semantic'.
Loading yolov8s.engine for TensorRT inference...
[09/09/2026-13:36:22] [TRT] [I] The logger passed into createInferRuntime differs from one already provided for an existing builder, runtime, or refitter. Uses of the global logger, returned by nvinfer1::getLogger(), will return the existing value.
[09/09/2026-13:36:22] [TRT] [I] Loaded engine size: 23 MiB
[09/09/2026-13:36:22] [TRT] [I] [MemUsageChange] TensorRT-managed allocation in IExecutionContext creation: CPU +1, GPU +7, now: CPU 1, GPU 38 (MiB)
13:36:22  INFO     [RAMS] YOLOv8-small ready — TensorRT yolov8s.engine (imgsz=416).
WARNING ⚠️ Unable to automatically guess model task, assuming 'task=detect'. Explicitly define task for your model, i.e. 'task=detect', 'segment', 'classify', 'pose', 'obb' or 'semantic'.
Loading yolov8m.engine for TensorRT inference...
[09/09/2026-13:36:22] [TRT] [I] The logger passed into createInferRuntime differs from one already provided for an existing builder, runtime, or refitter. Uses of the global logger, returned by nvinfer1::getLogger(), will return the existing value.
[09/09/2026-13:36:22] [TRT] [I] Loaded engine size: 52 MiB
[09/09/2026-13:36:23] [TRT] [I] [MemUsageChange] TensorRT-managed allocation in IExecutionContext creation: CPU +0, GPU +29, now: CPU 1, GPU 117 (MiB)
13:36:23  INFO     [RAMS] YOLOv8-medium ready — TensorRT yolov8m.engine (imgsz=640).
13:36:23  INFO     [RAMS] Controller ready. Policy: predictive
13:36:24  INFO       [predictive / idle] 20/200  tier=SMALL   latency=9.2 ms  R=0.211  target=0.00  dets=7  vru=False  backend=tensorrt
13:36:24  INFO       [predictive / idle] 40/200  tier=SMALL   latency=9.7 ms  R=0.240  target=0.00  dets=9  vru=False  backend=tensorrt
13:36:25  INFO       [predictive / idle] 60/200  tier=SMALL   latency=10.5 ms  R=0.309  target=0.00  dets=14  vru=False  backend=tensorrt
13:36:25  INFO       [predictive / idle] 80/200  tier=SMALL   latency=10.8 ms  R=0.189  target=0.00  dets=15  vru=True  backend=tensorrt
13:36:26  INFO       [predictive / idle] 100/200  tier=SMALL   latency=7.9 ms  R=0.239  target=0.00  dets=2  vru=False  backend=tensorrt
13:36:26  INFO       [predictive / idle] 120/200  tier=SMALL   latency=8.7 ms  R=0.233  target=0.00  dets=5  vru=False  backend=tensorrt
13:36:26  INFO       [predictive / idle] 140/200  tier=SMALL   latency=8.2 ms  R=0.215  target=0.00  dets=3  vru=True  backend=tensorrt
13:36:27  INFO       [predictive / idle] 160/200  tier=SMALL   latency=8.5 ms  R=0.234  target=0.00  dets=2  vru=False  backend=tensorrt
13:36:27  INFO       [predictive / idle] 180/200  tier=SMALL   latency=8.8 ms  R=0.225  target=0.00  dets=6  vru=False  backend=tensorrt
13:36:28  INFO       [predictive / idle] 200/200  tier=SMALL   latency=8.7 ms  R=0.208  target=0.00  dets=5  vru=False  backend=tensorrt
13:36:28  INFO     [RAMS] Controller stopped.
13:36:28  INFO     
--- Block 3/10  Policy: fixed_medium  Load: idle (0%) ---
13:36:28  INFO     [RAMS] Starting resource monitor ...
13:36:28  INFO     [RAMS] Loading model tiers ...
WARNING ⚠️ Unable to automatically guess model task, assuming 'task=detect'. Explicitly define task for your model, i.e. 'task=detect', 'segment', 'classify', 'pose', 'obb' or 'semantic'.
Loading yolov8n.engine for TensorRT inference...
[09/09/2026-13:36:28] [TRT] [I] Loaded engine size: 7 MiB
[09/09/2026-13:36:28] [TRT] [I] [MemUsageChange] TensorRT-managed allocation in IExecutionContext creation: CPU +0, GPU +3, now: CPU 0, GPU 9 (MiB)
13:36:28  INFO     [RAMS] YOLOv8-nano ready — TensorRT yolov8n.engine (imgsz=320).
WARNING ⚠️ Unable to automatically guess model task, assuming 'task=detect'. Explicitly define task for your model, i.e. 'task=detect', 'segment', 'classify', 'pose', 'obb' or 'semantic'.
Loading yolov8s.engine for TensorRT inference...
[09/09/2026-13:36:28] [TRT] [I] The logger passed into createInferRuntime differs from one already provided for an existing builder, runtime, or refitter. Uses of the global logger, returned by nvinfer1::getLogger(), will return the existing value.
[09/09/2026-13:36:28] [TRT] [I] Loaded engine size: 23 MiB
[09/09/2026-13:36:28] [TRT] [I] [MemUsageChange] TensorRT-managed allocation in IExecutionContext creation: CPU +1, GPU +7, now: CPU 1, GPU 38 (MiB)
13:36:28  INFO     [RAMS] YOLOv8-small ready — TensorRT yolov8s.engine (imgsz=416).
WARNING ⚠️ Unable to automatically guess model task, assuming 'task=detect'. Explicitly define task for your model, i.e. 'task=detect', 'segment', 'classify', 'pose', 'obb' or 'semantic'.
Loading yolov8m.engine for TensorRT inference...
[09/09/2026-13:36:28] [TRT] [I] The logger passed into createInferRuntime differs from one already provided for an existing builder, runtime, or refitter. Uses of the global logger, returned by nvinfer1::getLogger(), will return the existing value.
[09/09/2026-13:36:28] [TRT] [I] Loaded engine size: 52 MiB
[09/09/2026-13:36:28] [TRT] [I] [MemUsageChange] TensorRT-managed allocation in IExecutionContext creation: CPU +0, GPU +29, now: CPU 1, GPU 117 (MiB)
13:36:28  INFO     [RAMS] YOLOv8-medium ready — TensorRT yolov8m.engine (imgsz=640).
13:36:28  INFO     [RAMS] Controller ready. Policy: fixed
13:36:29  INFO     [RAMS] Tier switch: SMALL → MEDIUM  (R=0.074)
13:36:30  INFO       [fixed_medium / idle] 20/200  tier=MEDIUM  latency=15.2 ms  R=0.131  target=0.00  dets=8  vru=False  backend=tensorrt
13:36:30  INFO       [fixed_medium / idle] 40/200  tier=MEDIUM  latency=15.6 ms  R=0.171  target=0.00  dets=10  vru=True  backend=tensorrt
13:36:31  INFO       [fixed_medium / idle] 60/200  tier=MEDIUM  latency=16.2 ms  R=0.128  target=0.00  dets=14  vru=False  backend=tensorrt
13:36:31  INFO       [fixed_medium / idle] 80/200  tier=MEDIUM  latency=17.4 ms  R=0.145  target=0.00  dets=18  vru=True  backend=tensorrt
13:36:32  INFO       [fixed_medium / idle] 100/200  tier=MEDIUM  latency=13.9 ms  R=0.249  target=0.00  dets=2  vru=False  backend=tensorrt
13:36:32  INFO       [fixed_medium / idle] 120/200  tier=MEDIUM  latency=16.2 ms  R=0.199  target=0.00  dets=13  vru=False  backend=tensorrt
13:36:33  INFO       [fixed_medium / idle] 140/200  tier=MEDIUM  latency=14.7 ms  R=0.206  target=0.00  dets=6  vru=True  backend=tensorrt
13:36:33  INFO       [fixed_medium / idle] 160/200  tier=MEDIUM  latency=14.3 ms  R=0.186  target=0.00  dets=4  vru=False  backend=tensorrt
13:36:34  INFO       [fixed_medium / idle] 180/200  tier=MEDIUM  latency=15.4 ms  R=0.203  target=0.00  dets=10  vru=False  backend=tensorrt
13:36:34  INFO       [fixed_medium / idle] 200/200  tier=MEDIUM  latency=15.9 ms  R=0.187  target=0.00  dets=6  vru=True  backend=tensorrt
13:36:35  INFO     [RAMS] Controller stopped.
13:36:35  INFO     
--- Block 3/10  Policy: safety2  Load: idle (0%) ---
13:36:35  INFO     [RAMS] Starting resource monitor ...
13:36:35  INFO     [RAMS] Loading model tiers ...
WARNING ⚠️ Unable to automatically guess model task, assuming 'task=detect'. Explicitly define task for your model, i.e. 'task=detect', 'segment', 'classify', 'pose', 'obb' or 'semantic'.
Loading yolov8n.engine for TensorRT inference...
[09/09/2026-13:36:35] [TRT] [I] Loaded engine size: 7 MiB
[09/09/2026-13:36:35] [TRT] [I] [MemUsageChange] TensorRT-managed allocation in IExecutionContext creation: CPU +0, GPU +3, now: CPU 0, GPU 9 (MiB)
13:36:35  INFO     [RAMS] YOLOv8-nano ready — TensorRT yolov8n.engine (imgsz=320).
WARNING ⚠️ Unable to automatically guess model task, assuming 'task=detect'. Explicitly define task for your model, i.e. 'task=detect', 'segment', 'classify', 'pose', 'obb' or 'semantic'.
Loading yolov8s.engine for TensorRT inference...
[09/09/2026-13:36:35] [TRT] [I] The logger passed into createInferRuntime differs from one already provided for an existing builder, runtime, or refitter. Uses of the global logger, returned by nvinfer1::getLogger(), will return the existing value.
[09/09/2026-13:36:35] [TRT] [I] Loaded engine size: 23 MiB
[09/09/2026-13:36:35] [TRT] [I] [MemUsageChange] TensorRT-managed allocation in IExecutionContext creation: CPU +1, GPU +7, now: CPU 1, GPU 38 (MiB)
13:36:35  INFO     [RAMS] YOLOv8-small ready — TensorRT yolov8s.engine (imgsz=416).
WARNING ⚠️ Unable to automatically guess model task, assuming 'task=detect'. Explicitly define task for your model, i.e. 'task=detect', 'segment', 'classify', 'pose', 'obb' or 'semantic'.
Loading yolov8m.engine for TensorRT inference...
[09/09/2026-13:36:35] [TRT] [I] The logger passed into createInferRuntime differs from one already provided for an existing builder, runtime, or refitter. Uses of the global logger, returned by nvinfer1::getLogger(), will return the existing value.
[09/09/2026-13:36:35] [TRT] [I] Loaded engine size: 52 MiB
[09/09/2026-13:36:35] [TRT] [I] [MemUsageChange] TensorRT-managed allocation in IExecutionContext creation: CPU +0, GPU +29, now: CPU 1, GPU 117 (MiB)
13:36:35  INFO     [RAMS] YOLOv8-medium ready — TensorRT yolov8m.engine (imgsz=640).
13:36:35  INFO     [RAMS] Controller ready. Policy: safety2
13:36:36  INFO     [RAMS] Tier switch: SMALL → MEDIUM  (R=0.068)
13:36:36  INFO     [RAMS] Tier switch: MEDIUM → SMALL  (R=0.178)
13:36:36  INFO     [RAMS] Tier switch: SMALL → MEDIUM  (R=0.124)
13:36:36  INFO       [safety2 / idle] 20/200  tier=MEDIUM  latency=15.3 ms  R=0.132  target=0.00  dets=8  vru=False  backend=tensorrt
13:36:37  INFO       [safety2 / idle] 40/200  tier=MEDIUM  latency=15.5 ms  R=0.170  target=0.00  dets=10  vru=True  backend=tensorrt
13:36:37  INFO       [safety2 / idle] 60/200  tier=MEDIUM  latency=16.2 ms  R=0.121  target=0.00  dets=14  vru=False  backend=tensorrt
13:36:38  INFO       [safety2 / idle] 80/200  tier=MEDIUM  latency=17.0 ms  R=0.194  target=0.00  dets=18  vru=True  backend=tensorrt
13:36:39  INFO       [safety2 / idle] 100/200  tier=MEDIUM  latency=13.7 ms  R=0.204  target=0.00  dets=2  vru=False  backend=tensorrt
13:36:39  INFO     [RAMS] Tier switch: MEDIUM → SMALL  (R=0.187)
13:36:39  INFO     [RAMS] Tier switch: SMALL → MEDIUM  (R=0.126)
13:36:39  INFO       [safety2 / idle] 120/200  tier=MEDIUM  latency=16.0 ms  R=0.126  target=0.00  dets=13  vru=False  backend=tensorrt
13:36:40  INFO       [safety2 / idle] 140/200  tier=MEDIUM  latency=14.5 ms  R=0.198  target=0.00  dets=6  vru=True  backend=tensorrt
13:36:40  INFO     [RAMS] Tier switch: MEDIUM → SMALL  (R=0.199)
13:36:40  INFO       [safety2 / idle] 160/200  tier=SMALL   latency=7.6 ms  R=0.151  target=0.00  dets=2  vru=False  backend=tensorrt
13:36:40  INFO     [RAMS] Tier switch: SMALL → MEDIUM  (R=0.145)
13:36:41  INFO       [safety2 / idle] 180/200  tier=MEDIUM  latency=16.2 ms  R=0.141  target=0.00  dets=10  vru=False  backend=tensorrt
13:36:41  INFO       [safety2 / idle] 200/200  tier=MEDIUM  latency=14.8 ms  R=0.122  target=0.00  dets=6  vru=True  backend=tensorrt
13:36:41  INFO     [RAMS] Controller stopped.
13:36:41  INFO     
--- Block 3/10  Policy: fixed_small  Load: idle (0%) ---
13:36:41  INFO     [RAMS] Starting resource monitor ...
13:36:41  INFO     [RAMS] Loading model tiers ...
WARNING ⚠️ Unable to automatically guess model task, assuming 'task=detect'. Explicitly define task for your model, i.e. 'task=detect', 'segment', 'classify', 'pose', 'obb' or 'semantic'.
Loading yolov8n.engine for TensorRT inference...
[09/09/2026-13:36:41] [TRT] [I] Loaded engine size: 7 MiB
[09/09/2026-13:36:41] [TRT] [I] [MemUsageChange] TensorRT-managed allocation in IExecutionContext creation: CPU +0, GPU +3, now: CPU 0, GPU 9 (MiB)
13:36:41  INFO     [RAMS] YOLOv8-nano ready — TensorRT yolov8n.engine (imgsz=320).
WARNING ⚠️ Unable to automatically guess model task, assuming 'task=detect'. Explicitly define task for your model, i.e. 'task=detect', 'segment', 'classify', 'pose', 'obb' or 'semantic'.
Loading yolov8s.engine for TensorRT inference...
[09/09/2026-13:36:41] [TRT] [I] The logger passed into createInferRuntime differs from one already provided for an existing builder, runtime, or refitter. Uses of the global logger, returned by nvinfer1::getLogger(), will return the existing value.
[09/09/2026-13:36:41] [TRT] [I] Loaded engine size: 23 MiB
[09/09/2026-13:36:41] [TRT] [I] [MemUsageChange] TensorRT-managed allocation in IExecutionContext creation: CPU +1, GPU +7, now: CPU 1, GPU 38 (MiB)
13:36:41  INFO     [RAMS] YOLOv8-small ready — TensorRT yolov8s.engine (imgsz=416).
WARNING ⚠️ Unable to automatically guess model task, assuming 'task=detect'. Explicitly define task for your model, i.e. 'task=detect', 'segment', 'classify', 'pose', 'obb' or 'semantic'.
Loading yolov8m.engine for TensorRT inference...
[09/09/2026-13:36:41] [TRT] [I] The logger passed into createInferRuntime differs from one already provided for an existing builder, runtime, or refitter. Uses of the global logger, returned by nvinfer1::getLogger(), will return the existing value.
[09/09/2026-13:36:41] [TRT] [I] Loaded engine size: 52 MiB
[09/09/2026-13:36:41] [TRT] [I] [MemUsageChange] TensorRT-managed allocation in IExecutionContext creation: CPU +0, GPU +29, now: CPU 1, GPU 117 (MiB)
13:36:41  INFO     [RAMS] YOLOv8-medium ready — TensorRT yolov8m.engine (imgsz=640).
13:36:41  INFO     [RAMS] Controller ready. Policy: fixed
13:36:43  INFO       [fixed_small / idle] 20/200  tier=SMALL   latency=8.8 ms  R=0.237  target=0.00  dets=7  vru=False  backend=tensorrt
13:36:43  INFO       [fixed_small / idle] 40/200  tier=SMALL   latency=9.0 ms  R=0.133  target=0.00  dets=9  vru=False  backend=tensorrt
13:36:44  INFO       [fixed_small / idle] 60/200  tier=SMALL   latency=10.5 ms  R=0.232  target=0.00  dets=14  vru=False  backend=tensorrt
13:36:44  INFO       [fixed_small / idle] 80/200  tier=SMALL   latency=10.6 ms  R=0.210  target=0.00  dets=15  vru=True  backend=tensorrt
13:36:44  INFO       [fixed_small / idle] 100/200  tier=SMALL   latency=7.9 ms  R=0.223  target=0.00  dets=2  vru=False  backend=tensorrt
13:36:45  INFO       [fixed_small / idle] 120/200  tier=SMALL   latency=10.0 ms  R=0.336  target=0.00  dets=5  vru=False  backend=tensorrt
13:36:45  INFO       [fixed_small / idle] 140/200  tier=SMALL   latency=8.1 ms  R=0.195  target=0.00  dets=3  vru=True  backend=tensorrt
13:36:46  INFO       [fixed_small / idle] 160/200  tier=SMALL   latency=8.4 ms  R=0.225  target=0.00  dets=2  vru=False  backend=tensorrt
13:36:46  INFO       [fixed_small / idle] 180/200  tier=SMALL   latency=8.8 ms  R=0.222  target=0.00  dets=6  vru=False  backend=tensorrt
13:36:47  INFO       [fixed_small / idle] 200/200  tier=SMALL   latency=8.8 ms  R=0.216  target=0.00  dets=5  vru=False  backend=tensorrt
13:36:47  INFO     [RAMS] Controller stopped.
13:36:47  INFO     
--- Block 3/10  Policy: safety  Load: idle (0%) ---
13:36:47  INFO     [RAMS] Starting resource monitor ...
13:36:47  INFO     [RAMS] Loading model tiers ...
WARNING ⚠️ Unable to automatically guess model task, assuming 'task=detect'. Explicitly define task for your model, i.e. 'task=detect', 'segment', 'classify', 'pose', 'obb' or 'semantic'.
Loading yolov8n.engine for TensorRT inference...
[09/09/2026-13:36:47] [TRT] [I] Loaded engine size: 7 MiB
[09/09/2026-13:36:47] [TRT] [I] [MemUsageChange] TensorRT-managed allocation in IExecutionContext creation: CPU +0, GPU +3, now: CPU 0, GPU 9 (MiB)
13:36:47  INFO     [RAMS] YOLOv8-nano ready — TensorRT yolov8n.engine (imgsz=320).
WARNING ⚠️ Unable to automatically guess model task, assuming 'task=detect'. Explicitly define task for your model, i.e. 'task=detect', 'segment', 'classify', 'pose', 'obb' or 'semantic'.
Loading yolov8s.engine for TensorRT inference...
[09/09/2026-13:36:47] [TRT] [I] The logger passed into createInferRuntime differs from one already provided for an existing builder, runtime, or refitter. Uses of the global logger, returned by nvinfer1::getLogger(), will return the existing value.
[09/09/2026-13:36:47] [TRT] [I] Loaded engine size: 23 MiB
[09/09/2026-13:36:47] [TRT] [I] [MemUsageChange] TensorRT-managed allocation in IExecutionContext creation: CPU +1, GPU +7, now: CPU 1, GPU 38 (MiB)
13:36:47  INFO     [RAMS] YOLOv8-small ready — TensorRT yolov8s.engine (imgsz=416).
WARNING ⚠️ Unable to automatically guess model task, assuming 'task=detect'. Explicitly define task for your model, i.e. 'task=detect', 'segment', 'classify', 'pose', 'obb' or 'semantic'.
Loading yolov8m.engine for TensorRT inference...
[09/09/2026-13:36:47] [TRT] [I] The logger passed into createInferRuntime differs from one already provided for an existing builder, runtime, or refitter. Uses of the global logger, returned by nvinfer1::getLogger(), will return the existing value.
[09/09/2026-13:36:47] [TRT] [I] Loaded engine size: 52 MiB
[09/09/2026-13:36:47] [TRT] [I] [MemUsageChange] TensorRT-managed allocation in IExecutionContext creation: CPU +0, GPU +29, now: CPU 1, GPU 117 (MiB)
13:36:47  INFO     [RAMS] YOLOv8-medium ready — TensorRT yolov8m.engine (imgsz=640).
13:36:47  INFO     [RAMS] Controller ready. Policy: safety
13:36:48  INFO       [safety / idle] 20/200  tier=SMALL   latency=8.9 ms  R=0.196  target=0.00  dets=7  vru=False  backend=tensorrt
13:36:49  INFO       [safety / idle] 40/200  tier=SMALL   latency=9.5 ms  R=0.296  target=0.00  dets=9  vru=False  backend=tensorrt
13:36:49  INFO       [safety / idle] 60/200  tier=SMALL   latency=10.8 ms  R=0.218  target=0.00  dets=14  vru=False  backend=tensorrt
13:36:50  INFO       [safety / idle] 80/200  tier=SMALL   latency=10.3 ms  R=0.147  target=0.00  dets=15  vru=True  backend=tensorrt
13:36:50  INFO       [safety / idle] 100/200  tier=SMALL   latency=7.7 ms  R=0.153  target=0.00  dets=2  vru=False  backend=tensorrt
13:36:50  INFO       [safety / idle] 120/200  tier=SMALL   latency=8.2 ms  R=0.153  target=0.00  dets=5  vru=False  backend=tensorrt
13:36:51  INFO     [RAMS] Tier switch: SMALL → MEDIUM  (R=0.127)
13:36:51  INFO     [RAMS] Tier switch: MEDIUM → SMALL  (R=0.217)
13:36:51  INFO       [safety / idle] 140/200  tier=SMALL   latency=7.9 ms  R=0.174  target=0.00  dets=3  vru=True  backend=tensorrt
13:36:51  INFO       [safety / idle] 160/200  tier=SMALL   latency=7.6 ms  R=0.145  target=0.00  dets=2  vru=False  backend=tensorrt
13:36:52  INFO       [safety / idle] 180/200  tier=SMALL   latency=8.4 ms  R=0.141  target=0.00  dets=6  vru=False  backend=tensorrt
13:36:52  INFO       [safety / idle] 200/200  tier=SMALL   latency=8.3 ms  R=0.158  target=0.00  dets=5  vru=False  backend=tensorrt
13:36:52  INFO     [RAMS] Controller stopped.
13:36:52  INFO     
--- Block 3/10  Policy: fixed_nano  Load: idle (0%) ---
13:36:52  INFO     [RAMS] Starting resource monitor ...
13:36:52  INFO     [RAMS] Loading model tiers ...
WARNING ⚠️ Unable to automatically guess model task, assuming 'task=detect'. Explicitly define task for your model, i.e. 'task=detect', 'segment', 'classify', 'pose', 'obb' or 'semantic'.
Loading yolov8n.engine for TensorRT inference...
[09/09/2026-13:36:52] [TRT] [I] Loaded engine size: 7 MiB
[09/09/2026-13:36:52] [TRT] [I] [MemUsageChange] TensorRT-managed allocation in IExecutionContext creation: CPU +0, GPU +3, now: CPU 0, GPU 9 (MiB)
13:36:52  INFO     [RAMS] YOLOv8-nano ready — TensorRT yolov8n.engine (imgsz=320).
WARNING ⚠️ Unable to automatically guess model task, assuming 'task=detect'. Explicitly define task for your model, i.e. 'task=detect', 'segment', 'classify', 'pose', 'obb' or 'semantic'.
Loading yolov8s.engine for TensorRT inference...
[09/09/2026-13:36:52] [TRT] [I] The logger passed into createInferRuntime differs from one already provided for an existing builder, runtime, or refitter. Uses of the global logger, returned by nvinfer1::getLogger(), will return the existing value.
[09/09/2026-13:36:52] [TRT] [I] Loaded engine size: 23 MiB
[09/09/2026-13:36:52] [TRT] [I] [MemUsageChange] TensorRT-managed allocation in IExecutionContext creation: CPU +1, GPU +7, now: CPU 1, GPU 38 (MiB)
13:36:52  INFO     [RAMS] YOLOv8-small ready — TensorRT yolov8s.engine (imgsz=416).
WARNING ⚠️ Unable to automatically guess model task, assuming 'task=detect'. Explicitly define task for your model, i.e. 'task=detect', 'segment', 'classify', 'pose', 'obb' or 'semantic'.
Loading yolov8m.engine for TensorRT inference...
[09/09/2026-13:36:52] [TRT] [I] The logger passed into createInferRuntime differs from one already provided for an existing builder, runtime, or refitter. Uses of the global logger, returned by nvinfer1::getLogger(), will return the existing value.
[09/09/2026-13:36:52] [TRT] [I] Loaded engine size: 52 MiB
[09/09/2026-13:36:52] [TRT] [I] [MemUsageChange] TensorRT-managed allocation in IExecutionContext creation: CPU +0, GPU +29, now: CPU 1, GPU 117 (MiB)
13:36:52  INFO     [RAMS] YOLOv8-medium ready — TensorRT yolov8m.engine (imgsz=640).
13:36:52  INFO     [RAMS] Controller ready. Policy: fixed
13:36:53  INFO     [RAMS] Tier switch: SMALL → NANO  (R=0.062)
13:36:54  INFO       [fixed_nano / idle] 20/200  tier=NANO    latency=6.9 ms  R=0.228  target=0.00  dets=5  vru=False  backend=tensorrt
13:36:54  INFO       [fixed_nano / idle] 40/200  tier=NANO    latency=6.0 ms  R=0.132  target=0.00  dets=1  vru=False  backend=tensorrt
13:36:55  INFO       [fixed_nano / idle] 60/200  tier=NANO    latency=7.8 ms  R=0.134  target=0.00  dets=9  vru=False  backend=tensorrt
13:36:55  INFO       [fixed_nano / idle] 80/200  tier=NANO    latency=9.0 ms  R=0.143  target=0.00  dets=8  vru=False  backend=tensorrt
13:36:55  INFO       [fixed_nano / idle] 100/200  tier=NANO    latency=4.5 ms  R=0.148  target=0.00  dets=0  vru=False  backend=tensorrt
13:36:56  INFO       [fixed_nano / idle] 120/200  tier=NANO    latency=7.5 ms  R=0.179  target=0.00  dets=4  vru=False  backend=tensorrt
13:36:56  INFO       [fixed_nano / idle] 140/200  tier=NANO    latency=6.3 ms  R=0.148  target=0.00  dets=2  vru=True  backend=tensorrt
13:36:56  INFO       [fixed_nano / idle] 160/200  tier=NANO    latency=6.3 ms  R=0.146  target=0.00  dets=2  vru=False  backend=tensorrt
13:36:57  INFO       [fixed_nano / idle] 180/200  tier=NANO    latency=6.9 ms  R=0.228  target=0.00  dets=5  vru=False  backend=tensorrt
13:36:57  INFO       [fixed_nano / idle] 200/200  tier=NANO    latency=6.3 ms  R=0.135  target=0.00  dets=2  vru=False  backend=tensorrt
13:36:57  INFO     [RAMS] Controller stopped.
13:36:57  INFO     
--- Block 4/10  Policy: adaptive  Load: idle (0%) ---
13:36:57  INFO     [RAMS] Starting resource monitor ...
13:36:57  INFO     [RAMS] Loading model tiers ...
WARNING ⚠️ Unable to automatically guess model task, assuming 'task=detect'. Explicitly define task for your model, i.e. 'task=detect', 'segment', 'classify', 'pose', 'obb' or 'semantic'.
Loading yolov8n.engine for TensorRT inference...
[09/09/2026-13:36:57] [TRT] [I] Loaded engine size: 7 MiB
[09/09/2026-13:36:57] [TRT] [I] [MemUsageChange] TensorRT-managed allocation in IExecutionContext creation: CPU +0, GPU +3, now: CPU 0, GPU 9 (MiB)
13:36:57  INFO     [RAMS] YOLOv8-nano ready — TensorRT yolov8n.engine (imgsz=320).
WARNING ⚠️ Unable to automatically guess model task, assuming 'task=detect'. Explicitly define task for your model, i.e. 'task=detect', 'segment', 'classify', 'pose', 'obb' or 'semantic'.
Loading yolov8s.engine for TensorRT inference...
[09/09/2026-13:36:57] [TRT] [I] The logger passed into createInferRuntime differs from one already provided for an existing builder, runtime, or refitter. Uses of the global logger, returned by nvinfer1::getLogger(), will return the existing value.
[09/09/2026-13:36:57] [TRT] [I] Loaded engine size: 23 MiB
[09/09/2026-13:36:57] [TRT] [I] [MemUsageChange] TensorRT-managed allocation in IExecutionContext creation: CPU +1, GPU +7, now: CPU 1, GPU 38 (MiB)
13:36:57  INFO     [RAMS] YOLOv8-small ready — TensorRT yolov8s.engine (imgsz=416).
WARNING ⚠️ Unable to automatically guess model task, assuming 'task=detect'. Explicitly define task for your model, i.e. 'task=detect', 'segment', 'classify', 'pose', 'obb' or 'semantic'.
Loading yolov8m.engine for TensorRT inference...
[09/09/2026-13:36:57] [TRT] [I] The logger passed into createInferRuntime differs from one already provided for an existing builder, runtime, or refitter. Uses of the global logger, returned by nvinfer1::getLogger(), will return the existing value.
[09/09/2026-13:36:57] [TRT] [I] Loaded engine size: 52 MiB
[09/09/2026-13:36:57] [TRT] [I] [MemUsageChange] TensorRT-managed allocation in IExecutionContext creation: CPU +0, GPU +29, now: CPU 1, GPU 117 (MiB)
13:36:57  INFO     [RAMS] YOLOv8-medium ready — TensorRT yolov8m.engine (imgsz=640).
13:36:57  INFO     [RAMS] Controller ready. Policy: adaptive
13:36:58  INFO     [RAMS] Tier switch: SMALL → MEDIUM  (R=0.062)
13:36:59  INFO     [RAMS] Tier switch: MEDIUM → SMALL  (R=0.291)
13:36:59  INFO       [adaptive / idle] 20/200  tier=SMALL   latency=8.2 ms  R=0.159  target=0.00  dets=1  vru=False  backend=tensorrt
13:36:59  INFO       [adaptive / idle] 40/200  tier=SMALL   latency=7.5 ms  R=0.147  target=0.00  dets=2  vru=False  backend=tensorrt
13:37:00  INFO       [adaptive / idle] 60/200  tier=SMALL   latency=7.9 ms  R=0.250  target=0.00  dets=3  vru=False  backend=tensorrt
13:37:00  INFO       [adaptive / idle] 80/200  tier=SMALL   latency=7.4 ms  R=0.153  target=0.00  dets=1  vru=False  backend=tensorrt
13:37:01  INFO       [adaptive / idle] 100/200  tier=SMALL   latency=10.2 ms  R=0.147  target=0.00  dets=12  vru=False  backend=tensorrt
13:37:01  INFO       [adaptive / idle] 120/200  tier=SMALL   latency=8.6 ms  R=0.142  target=0.00  dets=6  vru=False  backend=tensorrt
13:37:02  INFO       [adaptive / idle] 140/200  tier=SMALL   latency=9.2 ms  R=0.153  target=0.00  dets=10  vru=False  backend=tensorrt
13:37:02  INFO       [adaptive / idle] 160/200  tier=SMALL   latency=7.7 ms  R=0.153  target=0.00  dets=2  vru=False  backend=tensorrt
13:37:02  INFO       [adaptive / idle] 180/200  tier=SMALL   latency=7.4 ms  R=0.128  target=0.00  dets=1  vru=True  backend=tensorrt
13:37:03  INFO       [adaptive / idle] 200/200  tier=SMALL   latency=7.7 ms  R=0.249  target=0.00  dets=1  vru=True  backend=tensorrt
13:37:03  INFO     [RAMS] Controller stopped.
13:37:03  INFO     
--- Block 4/10  Policy: predictive  Load: idle (0%) ---
13:37:03  INFO     [RAMS] Starting resource monitor ...
13:37:03  INFO     [RAMS] Loading model tiers ...
WARNING ⚠️ Unable to automatically guess model task, assuming 'task=detect'. Explicitly define task for your model, i.e. 'task=detect', 'segment', 'classify', 'pose', 'obb' or 'semantic'.
Loading yolov8n.engine for TensorRT inference...
[09/09/2026-13:37:03] [TRT] [I] Loaded engine size: 7 MiB
[09/09/2026-13:37:03] [TRT] [I] [MemUsageChange] TensorRT-managed allocation in IExecutionContext creation: CPU +0, GPU +3, now: CPU 0, GPU 9 (MiB)
13:37:03  INFO     [RAMS] YOLOv8-nano ready — TensorRT yolov8n.engine (imgsz=320).
WARNING ⚠️ Unable to automatically guess model task, assuming 'task=detect'. Explicitly define task for your model, i.e. 'task=detect', 'segment', 'classify', 'pose', 'obb' or 'semantic'.
Loading yolov8s.engine for TensorRT inference...
[09/09/2026-13:37:03] [TRT] [I] The logger passed into createInferRuntime differs from one already provided for an existing builder, runtime, or refitter. Uses of the global logger, returned by nvinfer1::getLogger(), will return the existing value.
[09/09/2026-13:37:03] [TRT] [I] Loaded engine size: 23 MiB
[09/09/2026-13:37:03] [TRT] [I] [MemUsageChange] TensorRT-managed allocation in IExecutionContext creation: CPU +1, GPU +7, now: CPU 1, GPU 38 (MiB)
13:37:03  INFO     [RAMS] YOLOv8-small ready — TensorRT yolov8s.engine (imgsz=416).
WARNING ⚠️ Unable to automatically guess model task, assuming 'task=detect'. Explicitly define task for your model, i.e. 'task=detect', 'segment', 'classify', 'pose', 'obb' or 'semantic'.
Loading yolov8m.engine for TensorRT inference...
[09/09/2026-13:37:03] [TRT] [I] The logger passed into createInferRuntime differs from one already provided for an existing builder, runtime, or refitter. Uses of the global logger, returned by nvinfer1::getLogger(), will return the existing value.
[09/09/2026-13:37:03] [TRT] [I] Loaded engine size: 52 MiB
[09/09/2026-13:37:03] [TRT] [I] [MemUsageChange] TensorRT-managed allocation in IExecutionContext creation: CPU +0, GPU +29, now: CPU 1, GPU 117 (MiB)
13:37:03  INFO     [RAMS] YOLOv8-medium ready — TensorRT yolov8m.engine (imgsz=640).
13:37:03  INFO     [RAMS] Controller ready. Policy: predictive
13:37:04  INFO     [RAMS] Tier switch: SMALL → MEDIUM  (R=0.068)
13:37:04  INFO     [RAMS] Tier switch: MEDIUM → SMALL  (R=0.177)
13:37:05  INFO       [predictive / idle] 20/200  tier=SMALL   latency=7.9 ms  R=0.231  target=0.00  dets=1  vru=False  backend=tensorrt
13:37:05  INFO       [predictive / idle] 40/200  tier=SMALL   latency=8.0 ms  R=0.208  target=0.00  dets=2  vru=False  backend=tensorrt
13:37:06  INFO       [predictive / idle] 60/200  tier=SMALL   latency=8.1 ms  R=0.213  target=0.00  dets=3  vru=False  backend=tensorrt
13:37:06  INFO       [predictive / idle] 80/200  tier=SMALL   latency=7.7 ms  R=0.220  target=0.00  dets=1  vru=False  backend=tensorrt
13:37:06  INFO       [predictive / idle] 100/200  tier=SMALL   latency=10.1 ms  R=0.207  target=0.00  dets=12  vru=False  backend=tensorrt
13:37:07  INFO       [predictive / idle] 120/200  tier=SMALL   latency=8.8 ms  R=0.293  target=0.00  dets=6  vru=False  backend=tensorrt
13:37:07  INFO       [predictive / idle] 140/200  tier=SMALL   latency=9.6 ms  R=0.205  target=0.00  dets=10  vru=False  backend=tensorrt
13:37:08  INFO       [predictive / idle] 160/200  tier=SMALL   latency=7.9 ms  R=0.246  target=0.00  dets=2  vru=False  backend=tensorrt
13:37:08  INFO       [predictive / idle] 180/200  tier=SMALL   latency=7.8 ms  R=0.242  target=0.00  dets=1  vru=True  backend=tensorrt
13:37:08  INFO       [predictive / idle] 200/200  tier=SMALL   latency=7.9 ms  R=0.207  target=0.00  dets=1  vru=True  backend=tensorrt
13:37:09  INFO     [RAMS] Controller stopped.
13:37:09  INFO     
--- Block 4/10  Policy: fixed_nano  Load: idle (0%) ---
13:37:09  INFO     [RAMS] Starting resource monitor ...
13:37:09  INFO     [RAMS] Loading model tiers ...
WARNING ⚠️ Unable to automatically guess model task, assuming 'task=detect'. Explicitly define task for your model, i.e. 'task=detect', 'segment', 'classify', 'pose', 'obb' or 'semantic'.
Loading yolov8n.engine for TensorRT inference...
[09/09/2026-13:37:09] [TRT] [I] Loaded engine size: 7 MiB
[09/09/2026-13:37:09] [TRT] [I] [MemUsageChange] TensorRT-managed allocation in IExecutionContext creation: CPU +0, GPU +3, now: CPU 0, GPU 9 (MiB)
13:37:09  INFO     [RAMS] YOLOv8-nano ready — TensorRT yolov8n.engine (imgsz=320).
WARNING ⚠️ Unable to automatically guess model task, assuming 'task=detect'. Explicitly define task for your model, i.e. 'task=detect', 'segment', 'classify', 'pose', 'obb' or 'semantic'.
Loading yolov8s.engine for TensorRT inference...
[09/09/2026-13:37:09] [TRT] [I] The logger passed into createInferRuntime differs from one already provided for an existing builder, runtime, or refitter. Uses of the global logger, returned by nvinfer1::getLogger(), will return the existing value.
[09/09/2026-13:37:09] [TRT] [I] Loaded engine size: 23 MiB
[09/09/2026-13:37:09] [TRT] [I] [MemUsageChange] TensorRT-managed allocation in IExecutionContext creation: CPU +1, GPU +7, now: CPU 1, GPU 38 (MiB)
13:37:09  INFO     [RAMS] YOLOv8-small ready — TensorRT yolov8s.engine (imgsz=416).
WARNING ⚠️ Unable to automatically guess model task, assuming 'task=detect'. Explicitly define task for your model, i.e. 'task=detect', 'segment', 'classify', 'pose', 'obb' or 'semantic'.
Loading yolov8m.engine for TensorRT inference...
[09/09/2026-13:37:09] [TRT] [I] The logger passed into createInferRuntime differs from one already provided for an existing builder, runtime, or refitter. Uses of the global logger, returned by nvinfer1::getLogger(), will return the existing value.
[09/09/2026-13:37:09] [TRT] [I] Loaded engine size: 52 MiB
[09/09/2026-13:37:09] [TRT] [I] [MemUsageChange] TensorRT-managed allocation in IExecutionContext creation: CPU +0, GPU +29, now: CPU 1, GPU 117 (MiB)
13:37:09  INFO     [RAMS] YOLOv8-medium ready — TensorRT yolov8m.engine (imgsz=640).
13:37:09  INFO     [RAMS] Controller ready. Policy: fixed
13:37:10  INFO     [RAMS] Tier switch: SMALL → NANO  (R=0.141)
13:37:10  INFO       [fixed_nano / idle] 20/200  tier=NANO    latency=4.8 ms  R=0.201  target=0.00  dets=0  vru=False  backend=tensorrt
13:37:11  INFO       [fixed_nano / idle] 40/200  tier=NANO    latency=7.0 ms  R=0.153  target=0.00  dets=1  vru=False  backend=tensorrt
13:37:11  INFO       [fixed_nano / idle] 60/200  tier=NANO    latency=6.2 ms  R=0.154  target=0.00  dets=2  vru=False  backend=tensorrt
13:37:11  INFO       [fixed_nano / idle] 80/200  tier=NANO    latency=7.1 ms  R=0.137  target=0.00  dets=1  vru=False  backend=tensorrt
13:37:12  INFO       [fixed_nano / idle] 100/200  tier=NANO    latency=8.3 ms  R=0.137  target=0.00  dets=9  vru=False  backend=tensorrt
13:37:12  INFO       [fixed_nano / idle] 120/200  tier=NANO    latency=7.0 ms  R=0.137  target=0.00  dets=6  vru=False  backend=tensorrt
13:37:12  INFO       [fixed_nano / idle] 140/200  tier=NANO    latency=7.0 ms  R=0.141  target=0.00  dets=6  vru=False  backend=tensorrt
13:37:13  INFO       [fixed_nano / idle] 160/200  tier=NANO    latency=6.0 ms  R=0.215  target=0.00  dets=1  vru=False  backend=tensorrt
13:37:13  INFO       [fixed_nano / idle] 180/200  tier=NANO    latency=6.2 ms  R=0.141  target=0.00  dets=2  vru=True  backend=tensorrt
13:37:14  INFO       [fixed_nano / idle] 200/200  tier=NANO    latency=5.9 ms  R=0.146  target=0.00  dets=1  vru=True  backend=tensorrt
13:37:14  INFO     [RAMS] Controller stopped.
13:37:14  INFO     
--- Block 4/10  Policy: fixed_medium  Load: idle (0%) ---
13:37:14  INFO     [RAMS] Starting resource monitor ...
13:37:14  INFO     [RAMS] Loading model tiers ...
WARNING ⚠️ Unable to automatically guess model task, assuming 'task=detect'. Explicitly define task for your model, i.e. 'task=detect', 'segment', 'classify', 'pose', 'obb' or 'semantic'.
Loading yolov8n.engine for TensorRT inference...
[09/09/2026-13:37:14] [TRT] [I] Loaded engine size: 7 MiB
[09/09/2026-13:37:14] [TRT] [I] [MemUsageChange] TensorRT-managed allocation in IExecutionContext creation: CPU +0, GPU +3, now: CPU 0, GPU 9 (MiB)
13:37:14  INFO     [RAMS] YOLOv8-nano ready — TensorRT yolov8n.engine (imgsz=320).
WARNING ⚠️ Unable to automatically guess model task, assuming 'task=detect'. Explicitly define task for your model, i.e. 'task=detect', 'segment', 'classify', 'pose', 'obb' or 'semantic'.
Loading yolov8s.engine for TensorRT inference...
[09/09/2026-13:37:14] [TRT] [I] The logger passed into createInferRuntime differs from one already provided for an existing builder, runtime, or refitter. Uses of the global logger, returned by nvinfer1::getLogger(), will return the existing value.
[09/09/2026-13:37:14] [TRT] [I] Loaded engine size: 23 MiB
[09/09/2026-13:37:14] [TRT] [I] [MemUsageChange] TensorRT-managed allocation in IExecutionContext creation: CPU +1, GPU +7, now: CPU 1, GPU 38 (MiB)
13:37:14  INFO     [RAMS] YOLOv8-small ready — TensorRT yolov8s.engine (imgsz=416).
WARNING ⚠️ Unable to automatically guess model task, assuming 'task=detect'. Explicitly define task for your model, i.e. 'task=detect', 'segment', 'classify', 'pose', 'obb' or 'semantic'.
Loading yolov8m.engine for TensorRT inference...
[09/09/2026-13:37:14] [TRT] [I] The logger passed into createInferRuntime differs from one already provided for an existing builder, runtime, or refitter. Uses of the global logger, returned by nvinfer1::getLogger(), will return the existing value.
[09/09/2026-13:37:14] [TRT] [I] Loaded engine size: 52 MiB
[09/09/2026-13:37:14] [TRT] [I] [MemUsageChange] TensorRT-managed allocation in IExecutionContext creation: CPU +0, GPU +29, now: CPU 1, GPU 117 (MiB)
13:37:14  INFO     [RAMS] YOLOv8-medium ready — TensorRT yolov8m.engine (imgsz=640).
13:37:14  INFO     [RAMS] Controller ready. Policy: fixed
13:37:15  INFO     [RAMS] Tier switch: SMALL → MEDIUM  (R=0.068)
13:37:15  INFO       [fixed_medium / idle] 20/200  tier=MEDIUM  latency=13.8 ms  R=0.197  target=0.00  dets=2  vru=False  backend=tensorrt
13:37:16  INFO       [fixed_medium / idle] 40/200  tier=MEDIUM  latency=14.2 ms  R=0.192  target=0.00  dets=4  vru=False  backend=tensorrt
13:37:17  INFO       [fixed_medium / idle] 60/200  tier=MEDIUM  latency=14.4 ms  R=0.185  target=0.00  dets=6  vru=False  backend=tensorrt
13:37:17  INFO       [fixed_medium / idle] 80/200  tier=MEDIUM  latency=14.3 ms  R=0.194  target=0.00  dets=4  vru=False  backend=tensorrt
13:37:18  INFO       [fixed_medium / idle] 100/200  tier=MEDIUM  latency=16.9 ms  R=0.148  target=0.00  dets=17  vru=True  backend=tensorrt
13:37:18  INFO       [fixed_medium / idle] 120/200  tier=MEDIUM  latency=14.8 ms  R=0.194  target=0.00  dets=8  vru=False  backend=tensorrt
13:37:19  INFO       [fixed_medium / idle] 140/200  tier=MEDIUM  latency=15.8 ms  R=0.189  target=0.00  dets=10  vru=False  backend=tensorrt
13:37:19  INFO       [fixed_medium / idle] 160/200  tier=MEDIUM  latency=13.9 ms  R=0.199  target=0.00  dets=3  vru=False  backend=tensorrt
13:37:20  INFO       [fixed_medium / idle] 180/200  tier=MEDIUM  latency=16.5 ms  R=0.267  target=0.00  dets=16  vru=True  backend=tensorrt
13:37:20  INFO       [fixed_medium / idle] 200/200  tier=MEDIUM  latency=15.1 ms  R=0.199  target=0.00  dets=9  vru=True  backend=tensorrt
13:37:21  INFO     [RAMS] Controller stopped.
13:37:21  INFO     
--- Block 4/10  Policy: fixed_small  Load: idle (0%) ---
13:37:21  INFO     [RAMS] Starting resource monitor ...
13:37:21  INFO     [RAMS] Loading model tiers ...
WARNING ⚠️ Unable to automatically guess model task, assuming 'task=detect'. Explicitly define task for your model, i.e. 'task=detect', 'segment', 'classify', 'pose', 'obb' or 'semantic'.
Loading yolov8n.engine for TensorRT inference...
[09/09/2026-13:37:21] [TRT] [I] Loaded engine size: 7 MiB
[09/09/2026-13:37:21] [TRT] [I] [MemUsageChange] TensorRT-managed allocation in IExecutionContext creation: CPU +0, GPU +3, now: CPU 0, GPU 9 (MiB)
13:37:21  INFO     [RAMS] YOLOv8-nano ready — TensorRT yolov8n.engine (imgsz=320).
WARNING ⚠️ Unable to automatically guess model task, assuming 'task=detect'. Explicitly define task for your model, i.e. 'task=detect', 'segment', 'classify', 'pose', 'obb' or 'semantic'.
Loading yolov8s.engine for TensorRT inference...
[09/09/2026-13:37:21] [TRT] [I] The logger passed into createInferRuntime differs from one already provided for an existing builder, runtime, or refitter. Uses of the global logger, returned by nvinfer1::getLogger(), will return the existing value.
[09/09/2026-13:37:21] [TRT] [I] Loaded engine size: 23 MiB
[09/09/2026-13:37:21] [TRT] [I] [MemUsageChange] TensorRT-managed allocation in IExecutionContext creation: CPU +1, GPU +7, now: CPU 1, GPU 38 (MiB)
13:37:21  INFO     [RAMS] YOLOv8-small ready — TensorRT yolov8s.engine (imgsz=416).
WARNING ⚠️ Unable to automatically guess model task, assuming 'task=detect'. Explicitly define task for your model, i.e. 'task=detect', 'segment', 'classify', 'pose', 'obb' or 'semantic'.
Loading yolov8m.engine for TensorRT inference...
[09/09/2026-13:37:21] [TRT] [I] The logger passed into createInferRuntime differs from one already provided for an existing builder, runtime, or refitter. Uses of the global logger, returned by nvinfer1::getLogger(), will return the existing value.
[09/09/2026-13:37:21] [TRT] [I] Loaded engine size: 52 MiB
[09/09/2026-13:37:21] [TRT] [I] [MemUsageChange] TensorRT-managed allocation in IExecutionContext creation: CPU +0, GPU +29, now: CPU 1, GPU 117 (MiB)
13:37:21  INFO     [RAMS] YOLOv8-medium ready — TensorRT yolov8m.engine (imgsz=640).
13:37:21  INFO     [RAMS] Controller ready. Policy: fixed
13:37:22  INFO       [fixed_small / idle] 20/200  tier=SMALL   latency=7.5 ms  R=0.148  target=0.00  dets=1  vru=False  backend=tensorrt
13:37:23  INFO       [fixed_small / idle] 40/200  tier=SMALL   latency=7.8 ms  R=0.133  target=0.00  dets=2  vru=False  backend=tensorrt
13:37:23  INFO       [fixed_small / idle] 60/200  tier=SMALL   latency=7.8 ms  R=0.162  target=0.00  dets=3  vru=False  backend=tensorrt
13:37:23  INFO       [fixed_small / idle] 80/200  tier=SMALL   latency=7.5 ms  R=0.153  target=0.00  dets=1  vru=False  backend=tensorrt
13:37:24  INFO       [fixed_small / idle] 100/200  tier=SMALL   latency=9.8 ms  R=0.195  target=0.00  dets=12  vru=False  backend=tensorrt
13:37:24  INFO       [fixed_small / idle] 120/200  tier=SMALL   latency=8.5 ms  R=0.153  target=0.00  dets=6  vru=False  backend=tensorrt
13:37:25  INFO       [fixed_small / idle] 140/200  tier=SMALL   latency=9.4 ms  R=0.152  target=0.00  dets=10  vru=False  backend=tensorrt
13:37:25  INFO       [fixed_small / idle] 160/200  tier=SMALL   latency=7.7 ms  R=0.145  target=0.00  dets=2  vru=False  backend=tensorrt
13:37:25  INFO       [fixed_small / idle] 180/200  tier=SMALL   latency=7.7 ms  R=0.165  target=0.00  dets=1  vru=True  backend=tensorrt
13:37:26  INFO       [fixed_small / idle] 200/200  tier=SMALL   latency=8.0 ms  R=0.367  target=0.00  dets=1  vru=True  backend=tensorrt
13:37:26  INFO     [RAMS] Controller stopped.
13:37:26  INFO     
--- Block 4/10  Policy: safety2  Load: idle (0%) ---
13:37:26  INFO     [RAMS] Starting resource monitor ...
13:37:26  INFO     [RAMS] Loading model tiers ...
WARNING ⚠️ Unable to automatically guess model task, assuming 'task=detect'. Explicitly define task for your model, i.e. 'task=detect', 'segment', 'classify', 'pose', 'obb' or 'semantic'.
Loading yolov8n.engine for TensorRT inference...
[09/09/2026-13:37:26] [TRT] [I] Loaded engine size: 7 MiB
[09/09/2026-13:37:26] [TRT] [I] [MemUsageChange] TensorRT-managed allocation in IExecutionContext creation: CPU +0, GPU +3, now: CPU 0, GPU 9 (MiB)
13:37:26  INFO     [RAMS] YOLOv8-nano ready — TensorRT yolov8n.engine (imgsz=320).
WARNING ⚠️ Unable to automatically guess model task, assuming 'task=detect'. Explicitly define task for your model, i.e. 'task=detect', 'segment', 'classify', 'pose', 'obb' or 'semantic'.
Loading yolov8s.engine for TensorRT inference...
[09/09/2026-13:37:26] [TRT] [I] The logger passed into createInferRuntime differs from one already provided for an existing builder, runtime, or refitter. Uses of the global logger, returned by nvinfer1::getLogger(), will return the existing value.
[09/09/2026-13:37:26] [TRT] [I] Loaded engine size: 23 MiB
[09/09/2026-13:37:26] [TRT] [I] [MemUsageChange] TensorRT-managed allocation in IExecutionContext creation: CPU +1, GPU +7, now: CPU 1, GPU 38 (MiB)
13:37:26  INFO     [RAMS] YOLOv8-small ready — TensorRT yolov8s.engine (imgsz=416).
WARNING ⚠️ Unable to automatically guess model task, assuming 'task=detect'. Explicitly define task for your model, i.e. 'task=detect', 'segment', 'classify', 'pose', 'obb' or 'semantic'.
Loading yolov8m.engine for TensorRT inference...
[09/09/2026-13:37:26] [TRT] [I] The logger passed into createInferRuntime differs from one already provided for an existing builder, runtime, or refitter. Uses of the global logger, returned by nvinfer1::getLogger(), will return the existing value.
[09/09/2026-13:37:26] [TRT] [I] Loaded engine size: 52 MiB
[09/09/2026-13:37:26] [TRT] [I] [MemUsageChange] TensorRT-managed allocation in IExecutionContext creation: CPU +0, GPU +29, now: CPU 1, GPU 117 (MiB)
13:37:26  INFO     [RAMS] YOLOv8-medium ready — TensorRT yolov8m.engine (imgsz=640).
13:37:26  INFO     [RAMS] Controller ready. Policy: safety2
13:37:27  INFO     [RAMS] Tier switch: SMALL → MEDIUM  (R=0.209)
13:37:28  INFO       [safety2 / idle] 20/200  tier=MEDIUM  latency=13.9 ms  R=0.262  target=0.00  dets=2  vru=False  backend=tensorrt
13:37:28  INFO       [safety2 / idle] 40/200  tier=MEDIUM  latency=14.3 ms  R=0.196  target=0.00  dets=4  vru=False  backend=tensorrt
13:37:28  INFO     [RAMS] Tier switch: MEDIUM → SMALL  (R=0.196)
13:37:28  INFO     [RAMS] Tier switch: SMALL → MEDIUM  (R=0.184)
13:37:29  INFO       [safety2 / idle] 60/200  tier=MEDIUM  latency=15.2 ms  R=0.270  target=0.00  dets=6  vru=False  backend=tensorrt
13:37:29  INFO       [safety2 / idle] 80/200  tier=MEDIUM  latency=14.3 ms  R=0.204  target=0.00  dets=4  vru=False  backend=tensorrt
13:37:29  INFO     [RAMS] Tier switch: MEDIUM → SMALL  (R=0.264)
13:37:30  INFO     [RAMS] Tier switch: SMALL → MEDIUM  (R=0.201)
13:37:30  INFO       [safety2 / idle] 100/200  tier=MEDIUM  latency=17.0 ms  R=0.267  target=0.00  dets=17  vru=True  backend=tensorrt
13:37:30  INFO       [safety2 / idle] 120/200  tier=MEDIUM  latency=15.0 ms  R=0.228  target=0.00  dets=8  vru=False  backend=tensorrt
13:37:30  INFO     [RAMS] Tier switch: MEDIUM → SMALL  (R=0.246)
13:37:31  INFO     [RAMS] Tier switch: SMALL → MEDIUM  (R=0.206)
13:37:31  INFO       [safety2 / idle] 140/200  tier=MEDIUM  latency=15.7 ms  R=0.298  target=0.00  dets=10  vru=False  backend=tensorrt
13:37:31  INFO       [safety2 / idle] 160/200  tier=MEDIUM  latency=14.0 ms  R=0.185  target=0.00  dets=3  vru=False  backend=tensorrt
13:37:31  INFO     [RAMS] Tier switch: MEDIUM → SMALL  (R=0.199)
13:37:32  INFO     [RAMS] Tier switch: SMALL → MEDIUM  (R=0.235)
13:37:32  INFO       [safety2 / idle] 180/200  tier=MEDIUM  latency=16.6 ms  R=0.235  target=0.00  dets=16  vru=True  backend=tensorrt
13:37:32  INFO       [safety2 / idle] 200/200  tier=MEDIUM  latency=15.1 ms  R=0.173  target=0.00  dets=9  vru=True  backend=tensorrt
13:37:32  INFO     [RAMS] Controller stopped.
13:37:32  INFO     
--- Block 4/10  Policy: safety  Load: idle (0%) ---
13:37:32  INFO     [RAMS] Starting resource monitor ...
13:37:32  INFO     [RAMS] Loading model tiers ...
WARNING ⚠️ Unable to automatically guess model task, assuming 'task=detect'. Explicitly define task for your model, i.e. 'task=detect', 'segment', 'classify', 'pose', 'obb' or 'semantic'.
Loading yolov8n.engine for TensorRT inference...
[09/09/2026-13:37:32] [TRT] [I] Loaded engine size: 7 MiB
[09/09/2026-13:37:33] [TRT] [I] [MemUsageChange] TensorRT-managed allocation in IExecutionContext creation: CPU +0, GPU +3, now: CPU 0, GPU 9 (MiB)
13:37:33  INFO     [RAMS] YOLOv8-nano ready — TensorRT yolov8n.engine (imgsz=320).
WARNING ⚠️ Unable to automatically guess model task, assuming 'task=detect'. Explicitly define task for your model, i.e. 'task=detect', 'segment', 'classify', 'pose', 'obb' or 'semantic'.
Loading yolov8s.engine for TensorRT inference...
[09/09/2026-13:37:33] [TRT] [I] The logger passed into createInferRuntime differs from one already provided for an existing builder, runtime, or refitter. Uses of the global logger, returned by nvinfer1::getLogger(), will return the existing value.
[09/09/2026-13:37:33] [TRT] [I] Loaded engine size: 23 MiB
[09/09/2026-13:37:33] [TRT] [I] [MemUsageChange] TensorRT-managed allocation in IExecutionContext creation: CPU +1, GPU +7, now: CPU 1, GPU 38 (MiB)
13:37:33  INFO     [RAMS] YOLOv8-small ready — TensorRT yolov8s.engine (imgsz=416).
WARNING ⚠️ Unable to automatically guess model task, assuming 'task=detect'. Explicitly define task for your model, i.e. 'task=detect', 'segment', 'classify', 'pose', 'obb' or 'semantic'.
Loading yolov8m.engine for TensorRT inference...
[09/09/2026-13:37:33] [TRT] [I] The logger passed into createInferRuntime differs from one already provided for an existing builder, runtime, or refitter. Uses of the global logger, returned by nvinfer1::getLogger(), will return the existing value.
[09/09/2026-13:37:33] [TRT] [I] Loaded engine size: 52 MiB
[09/09/2026-13:37:33] [TRT] [I] [MemUsageChange] TensorRT-managed allocation in IExecutionContext creation: CPU +0, GPU +29, now: CPU 1, GPU 117 (MiB)
13:37:33  INFO     [RAMS] YOLOv8-medium ready — TensorRT yolov8m.engine (imgsz=640).
13:37:33  INFO     [RAMS] Controller ready. Policy: safety
13:37:34  INFO     [RAMS] Tier switch: SMALL → MEDIUM  (R=0.074)
13:37:34  INFO     [RAMS] Tier switch: MEDIUM → SMALL  (R=0.235)
13:37:34  INFO       [safety / idle] 20/200  tier=SMALL   latency=7.4 ms  R=0.151  target=0.00  dets=1  vru=False  backend=tensorrt
13:37:35  INFO       [safety / idle] 40/200  tier=SMALL   latency=7.6 ms  R=0.152  target=0.00  dets=2  vru=False  backend=tensorrt
13:37:35  INFO       [safety / idle] 60/200  tier=SMALL   latency=7.8 ms  R=0.139  target=0.00  dets=3  vru=False  backend=tensorrt
13:37:35  INFO       [safety / idle] 80/200  tier=SMALL   latency=7.4 ms  R=0.152  target=0.00  dets=1  vru=False  backend=tensorrt
13:37:36  INFO     [RAMS] Tier switch: SMALL → MEDIUM  (R=0.129)
13:37:36  INFO       [safety / idle] 100/200  tier=MEDIUM  latency=17.0 ms  R=0.129  target=0.00  dets=17  vru=True  backend=tensorrt
13:37:36  INFO     [RAMS] Tier switch: MEDIUM → SMALL  (R=0.237)
13:37:36  INFO       [safety / idle] 120/200  tier=SMALL   latency=8.4 ms  R=0.161  target=0.00  dets=6  vru=False  backend=tensorrt
13:37:36  INFO     [RAMS] Tier switch: SMALL → MEDIUM  (R=0.129)
13:37:36  INFO     [RAMS] Tier switch: MEDIUM → SMALL  (R=0.140)
13:37:37  INFO       [safety / idle] 140/200  tier=SMALL   latency=9.2 ms  R=0.145  target=0.00  dets=10  vru=False  backend=tensorrt
13:37:37  INFO       [safety / idle] 160/200  tier=SMALL   latency=7.5 ms  R=0.169  target=0.00  dets=2  vru=False  backend=tensorrt
13:37:37  INFO     [RAMS] Tier switch: SMALL → MEDIUM  (R=0.129)
13:37:37  INFO     [RAMS] Tier switch: MEDIUM → SMALL  (R=0.157)
13:37:37  INFO     [RAMS] Tier switch: SMALL → MEDIUM  (R=0.129)
13:37:38  INFO       [safety / idle] 180/200  tier=MEDIUM  latency=16.8 ms  R=0.129  target=0.00  dets=16  vru=True  backend=tensorrt
13:37:38  INFO     [RAMS] Tier switch: MEDIUM → SMALL  (R=0.156)
13:37:38  INFO       [safety / idle] 200/200  tier=SMALL   latency=7.7 ms  R=0.154  target=0.00  dets=1  vru=True  backend=tensorrt
13:37:38  INFO     [RAMS] Controller stopped.
13:37:38  INFO     
--- Block 4/10  Policy: threshold  Load: idle (0%) ---
13:37:38  INFO     [RAMS] Starting resource monitor ...
13:37:38  INFO     [RAMS] Loading model tiers ...
WARNING ⚠️ Unable to automatically guess model task, assuming 'task=detect'. Explicitly define task for your model, i.e. 'task=detect', 'segment', 'classify', 'pose', 'obb' or 'semantic'.
Loading yolov8n.engine for TensorRT inference...
[09/09/2026-13:37:38] [TRT] [I] Loaded engine size: 7 MiB
[09/09/2026-13:37:38] [TRT] [I] [MemUsageChange] TensorRT-managed allocation in IExecutionContext creation: CPU +0, GPU +3, now: CPU 0, GPU 9 (MiB)
13:37:38  INFO     [RAMS] YOLOv8-nano ready — TensorRT yolov8n.engine (imgsz=320).
WARNING ⚠️ Unable to automatically guess model task, assuming 'task=detect'. Explicitly define task for your model, i.e. 'task=detect', 'segment', 'classify', 'pose', 'obb' or 'semantic'.
Loading yolov8s.engine for TensorRT inference...
[09/09/2026-13:37:38] [TRT] [I] The logger passed into createInferRuntime differs from one already provided for an existing builder, runtime, or refitter. Uses of the global logger, returned by nvinfer1::getLogger(), will return the existing value.
[09/09/2026-13:37:38] [TRT] [I] Loaded engine size: 23 MiB
[09/09/2026-13:37:38] [TRT] [I] [MemUsageChange] TensorRT-managed allocation in IExecutionContext creation: CPU +1, GPU +7, now: CPU 1, GPU 38 (MiB)
13:37:38  INFO     [RAMS] YOLOv8-small ready — TensorRT yolov8s.engine (imgsz=416).
WARNING ⚠️ Unable to automatically guess model task, assuming 'task=detect'. Explicitly define task for your model, i.e. 'task=detect', 'segment', 'classify', 'pose', 'obb' or 'semantic'.
Loading yolov8m.engine for TensorRT inference...
[09/09/2026-13:37:38] [TRT] [I] The logger passed into createInferRuntime differs from one already provided for an existing builder, runtime, or refitter. Uses of the global logger, returned by nvinfer1::getLogger(), will return the existing value.
[09/09/2026-13:37:38] [TRT] [I] Loaded engine size: 52 MiB
[09/09/2026-13:37:38] [TRT] [I] [MemUsageChange] TensorRT-managed allocation in IExecutionContext creation: CPU +0, GPU +29, now: CPU 1, GPU 117 (MiB)
13:37:38  INFO     [RAMS] YOLOv8-medium ready — TensorRT yolov8m.engine (imgsz=640).
13:37:38  INFO     [RAMS] Controller ready. Policy: threshold
13:37:39  INFO     [RAMS] Tier switch: SMALL → MEDIUM  (R=0.068)
13:37:40  INFO     [RAMS] Tier switch: MEDIUM → SMALL  (R=0.199)
13:37:40  INFO       [threshold / idle] 20/200  tier=SMALL   latency=7.6 ms  R=0.229  target=0.00  dets=1  vru=False  backend=tensorrt
13:37:40  INFO       [threshold / idle] 40/200  tier=SMALL   latency=7.6 ms  R=0.147  target=0.00  dets=2  vru=False  backend=tensorrt
13:37:41  INFO       [threshold / idle] 60/200  tier=SMALL   latency=7.8 ms  R=0.139  target=0.00  dets=3  vru=False  backend=tensorrt
13:37:41  INFO       [threshold / idle] 80/200  tier=SMALL   latency=7.4 ms  R=0.154  target=0.00  dets=1  vru=False  backend=tensorrt
13:37:41  INFO       [threshold / idle] 100/200  tier=SMALL   latency=9.8 ms  R=0.133  target=0.00  dets=12  vru=False  backend=tensorrt
13:37:42  INFO       [threshold / idle] 120/200  tier=SMALL   latency=8.5 ms  R=0.219  target=0.00  dets=6  vru=False  backend=tensorrt
13:37:42  INFO     [RAMS] Tier switch: SMALL → MEDIUM  (R=0.123)
13:37:42  INFO       [threshold / idle] 140/200  tier=MEDIUM  latency=15.3 ms  R=0.122  target=0.00  dets=10  vru=False  backend=tensorrt
13:37:42  INFO     [RAMS] Tier switch: MEDIUM → SMALL  (R=0.191)
13:37:42  INFO     [RAMS] Tier switch: SMALL → MEDIUM  (R=0.113)
13:37:43  INFO     [RAMS] Tier switch: MEDIUM → SMALL  (R=0.147)
13:37:43  INFO       [threshold / idle] 160/200  tier=SMALL   latency=8.6 ms  R=0.147  target=0.00  dets=2  vru=False  backend=tensorrt
13:37:43  INFO       [threshold / idle] 180/200  tier=SMALL   latency=7.4 ms  R=0.156  target=0.00  dets=1  vru=True  backend=tensorrt
13:37:44  INFO       [threshold / idle] 200/200  tier=SMALL   latency=8.2 ms  R=0.138  target=0.00  dets=1  vru=True  backend=tensorrt
13:37:44  INFO     [RAMS] Controller stopped.
13:37:44  INFO     
--- Block 5/10  Policy: safety  Load: idle (0%) ---
13:37:44  INFO     [RAMS] Starting resource monitor ...
13:37:44  INFO     [RAMS] Loading model tiers ...
WARNING ⚠️ Unable to automatically guess model task, assuming 'task=detect'. Explicitly define task for your model, i.e. 'task=detect', 'segment', 'classify', 'pose', 'obb' or 'semantic'.
Loading yolov8n.engine for TensorRT inference...
[09/09/2026-13:37:44] [TRT] [I] Loaded engine size: 7 MiB
[09/09/2026-13:37:44] [TRT] [I] [MemUsageChange] TensorRT-managed allocation in IExecutionContext creation: CPU +0, GPU +3, now: CPU 0, GPU 9 (MiB)
13:37:44  INFO     [RAMS] YOLOv8-nano ready — TensorRT yolov8n.engine (imgsz=320).
WARNING ⚠️ Unable to automatically guess model task, assuming 'task=detect'. Explicitly define task for your model, i.e. 'task=detect', 'segment', 'classify', 'pose', 'obb' or 'semantic'.
Loading yolov8s.engine for TensorRT inference...
[09/09/2026-13:37:44] [TRT] [I] The logger passed into createInferRuntime differs from one already provided for an existing builder, runtime, or refitter. Uses of the global logger, returned by nvinfer1::getLogger(), will return the existing value.
[09/09/2026-13:37:44] [TRT] [I] Loaded engine size: 23 MiB
[09/09/2026-13:37:44] [TRT] [I] [MemUsageChange] TensorRT-managed allocation in IExecutionContext creation: CPU +1, GPU +7, now: CPU 1, GPU 38 (MiB)
13:37:44  INFO     [RAMS] YOLOv8-small ready — TensorRT yolov8s.engine (imgsz=416).
WARNING ⚠️ Unable to automatically guess model task, assuming 'task=detect'. Explicitly define task for your model, i.e. 'task=detect', 'segment', 'classify', 'pose', 'obb' or 'semantic'.
Loading yolov8m.engine for TensorRT inference...
[09/09/2026-13:37:44] [TRT] [I] The logger passed into createInferRuntime differs from one already provided for an existing builder, runtime, or refitter. Uses of the global logger, returned by nvinfer1::getLogger(), will return the existing value.
[09/09/2026-13:37:44] [TRT] [I] Loaded engine size: 52 MiB
[09/09/2026-13:37:44] [TRT] [I] [MemUsageChange] TensorRT-managed allocation in IExecutionContext creation: CPU +0, GPU +29, now: CPU 1, GPU 117 (MiB)
13:37:44  INFO     [RAMS] YOLOv8-medium ready — TensorRT yolov8m.engine (imgsz=640).
13:37:44  INFO     [RAMS] Controller ready. Policy: safety
13:37:45  INFO     [RAMS] Tier switch: SMALL → MEDIUM  (R=0.068)
13:37:45  INFO     [RAMS] Tier switch: MEDIUM → SMALL  (R=0.159)
13:37:45  INFO       [safety / idle] 20/200  tier=SMALL   latency=9.4 ms  R=0.139  target=0.00  dets=11  vru=True  backend=tensorrt
13:37:45  INFO     [RAMS] Tier switch: SMALL → MEDIUM  (R=0.130)
13:37:46  INFO     [RAMS] Tier switch: MEDIUM → SMALL  (R=0.137)
13:37:46  INFO       [safety / idle] 40/200  tier=SMALL   latency=10.9 ms  R=0.152  target=0.00  dets=15  vru=False  backend=tensorrt
13:37:46  INFO       [safety / idle] 60/200  tier=SMALL   latency=7.7 ms  R=0.173  target=0.00  dets=2  vru=False  backend=tensorrt
13:37:47  INFO       [safety / idle] 80/200  tier=SMALL   latency=9.7 ms  R=0.170  target=0.00  dets=10  vru=False  backend=tensorrt
13:37:47  INFO       [safety / idle] 100/200  tier=SMALL   latency=9.7 ms  R=0.343  target=0.00  dets=10  vru=False  backend=tensorrt
13:37:47  INFO       [safety / idle] 120/200  tier=SMALL   latency=8.2 ms  R=0.200  target=0.00  dets=4  vru=False  backend=tensorrt
13:37:48  INFO       [safety / idle] 140/200  tier=SMALL   latency=9.3 ms  R=0.219  target=0.00  dets=8  vru=True  backend=tensorrt
13:37:48  INFO       [safety / idle] 160/200  tier=SMALL   latency=7.7 ms  R=0.188  target=0.00  dets=1  vru=False  backend=tensorrt
13:37:49  INFO       [safety / idle] 180/200  tier=SMALL   latency=8.1 ms  R=0.373  target=0.00  dets=2  vru=False  backend=tensorrt
13:37:49  INFO       [safety / idle] 200/200  tier=SMALL   latency=7.7 ms  R=0.228  target=0.00  dets=1  vru=False  backend=tensorrt
13:37:49  INFO     [RAMS] Controller stopped.
13:37:49  INFO     
--- Block 5/10  Policy: fixed_nano  Load: idle (0%) ---
13:37:49  INFO     [RAMS] Starting resource monitor ...
13:37:49  INFO     [RAMS] Loading model tiers ...
WARNING ⚠️ Unable to automatically guess model task, assuming 'task=detect'. Explicitly define task for your model, i.e. 'task=detect', 'segment', 'classify', 'pose', 'obb' or 'semantic'.
Loading yolov8n.engine for TensorRT inference...
[09/09/2026-13:37:49] [TRT] [I] Loaded engine size: 7 MiB
[09/09/2026-13:37:49] [TRT] [I] [MemUsageChange] TensorRT-managed allocation in IExecutionContext creation: CPU +0, GPU +3, now: CPU 0, GPU 9 (MiB)
13:37:49  INFO     [RAMS] YOLOv8-nano ready — TensorRT yolov8n.engine (imgsz=320).
WARNING ⚠️ Unable to automatically guess model task, assuming 'task=detect'. Explicitly define task for your model, i.e. 'task=detect', 'segment', 'classify', 'pose', 'obb' or 'semantic'.
Loading yolov8s.engine for TensorRT inference...
[09/09/2026-13:37:49] [TRT] [I] The logger passed into createInferRuntime differs from one already provided for an existing builder, runtime, or refitter. Uses of the global logger, returned by nvinfer1::getLogger(), will return the existing value.
[09/09/2026-13:37:49] [TRT] [I] Loaded engine size: 23 MiB
[09/09/2026-13:37:49] [TRT] [I] [MemUsageChange] TensorRT-managed allocation in IExecutionContext creation: CPU +1, GPU +7, now: CPU 1, GPU 38 (MiB)
13:37:49  INFO     [RAMS] YOLOv8-small ready — TensorRT yolov8s.engine (imgsz=416).
WARNING ⚠️ Unable to automatically guess model task, assuming 'task=detect'. Explicitly define task for your model, i.e. 'task=detect', 'segment', 'classify', 'pose', 'obb' or 'semantic'.
Loading yolov8m.engine for TensorRT inference...
[09/09/2026-13:37:49] [TRT] [I] The logger passed into createInferRuntime differs from one already provided for an existing builder, runtime, or refitter. Uses of the global logger, returned by nvinfer1::getLogger(), will return the existing value.
[09/09/2026-13:37:50] [TRT] [I] Loaded engine size: 52 MiB
[09/09/2026-13:37:50] [TRT] [I] [MemUsageChange] TensorRT-managed allocation in IExecutionContext creation: CPU +0, GPU +29, now: CPU 1, GPU 117 (MiB)
13:37:50  INFO     [RAMS] YOLOv8-medium ready — TensorRT yolov8m.engine (imgsz=640).
13:37:50  INFO     [RAMS] Controller ready. Policy: fixed
13:37:51  INFO     [RAMS] Tier switch: SMALL → NANO  (R=0.128)
13:37:51  INFO       [fixed_nano / idle] 20/200  tier=NANO    latency=7.4 ms  R=0.205  target=0.00  dets=7  vru=False  backend=tensorrt
13:37:51  INFO       [fixed_nano / idle] 40/200  tier=NANO    latency=8.4 ms  R=0.212  target=0.00  dets=10  vru=False  backend=tensorrt
13:37:52  INFO       [fixed_nano / idle] 60/200  tier=NANO    latency=6.8 ms  R=0.222  target=0.00  dets=2  vru=False  backend=tensorrt
13:37:52  INFO       [fixed_nano / idle] 80/200  tier=NANO    latency=7.0 ms  R=0.210  target=0.00  dets=6  vru=False  backend=tensorrt
13:37:52  INFO       [fixed_nano / idle] 100/200  tier=NANO    latency=6.3 ms  R=0.224  target=0.00  dets=2  vru=False  backend=tensorrt
13:37:53  INFO       [fixed_nano / idle] 120/200  tier=NANO    latency=6.6 ms  R=0.230  target=0.00  dets=2  vru=False  backend=tensorrt
13:37:53  INFO       [fixed_nano / idle] 140/200  tier=NANO    latency=5.9 ms  R=0.143  target=0.00  dets=1  vru=False  backend=tensorrt
13:37:54  INFO       [fixed_nano / idle] 160/200  tier=NANO    latency=4.8 ms  R=0.135  target=0.00  dets=0  vru=False  backend=tensorrt
13:37:54  INFO       [fixed_nano / idle] 180/200  tier=NANO    latency=6.0 ms  R=0.148  target=0.00  dets=1  vru=False  backend=tensorrt
13:37:54  INFO       [fixed_nano / idle] 200/200  tier=NANO    latency=6.0 ms  R=0.137  target=0.00  dets=1  vru=False  backend=tensorrt
13:37:55  INFO     [RAMS] Controller stopped.
13:37:55  INFO     
--- Block 5/10  Policy: fixed_medium  Load: idle (0%) ---
13:37:55  INFO     [RAMS] Starting resource monitor ...
13:37:55  INFO     [RAMS] Loading model tiers ...
WARNING ⚠️ Unable to automatically guess model task, assuming 'task=detect'. Explicitly define task for your model, i.e. 'task=detect', 'segment', 'classify', 'pose', 'obb' or 'semantic'.
Loading yolov8n.engine for TensorRT inference...
[09/09/2026-13:37:55] [TRT] [I] Loaded engine size: 7 MiB
[09/09/2026-13:37:55] [TRT] [I] [MemUsageChange] TensorRT-managed allocation in IExecutionContext creation: CPU +0, GPU +3, now: CPU 0, GPU 9 (MiB)
13:37:55  INFO     [RAMS] YOLOv8-nano ready — TensorRT yolov8n.engine (imgsz=320).
WARNING ⚠️ Unable to automatically guess model task, assuming 'task=detect'. Explicitly define task for your model, i.e. 'task=detect', 'segment', 'classify', 'pose', 'obb' or 'semantic'.
Loading yolov8s.engine for TensorRT inference...
[09/09/2026-13:37:55] [TRT] [I] The logger passed into createInferRuntime differs from one already provided for an existing builder, runtime, or refitter. Uses of the global logger, returned by nvinfer1::getLogger(), will return the existing value.
[09/09/2026-13:37:55] [TRT] [I] Loaded engine size: 23 MiB
[09/09/2026-13:37:55] [TRT] [I] [MemUsageChange] TensorRT-managed allocation in IExecutionContext creation: CPU +1, GPU +7, now: CPU 1, GPU 38 (MiB)
13:37:55  INFO     [RAMS] YOLOv8-small ready — TensorRT yolov8s.engine (imgsz=416).
WARNING ⚠️ Unable to automatically guess model task, assuming 'task=detect'. Explicitly define task for your model, i.e. 'task=detect', 'segment', 'classify', 'pose', 'obb' or 'semantic'.
Loading yolov8m.engine for TensorRT inference...
[09/09/2026-13:37:55] [TRT] [I] The logger passed into createInferRuntime differs from one already provided for an existing builder, runtime, or refitter. Uses of the global logger, returned by nvinfer1::getLogger(), will return the existing value.
[09/09/2026-13:37:55] [TRT] [I] Loaded engine size: 52 MiB
[09/09/2026-13:37:55] [TRT] [I] [MemUsageChange] TensorRT-managed allocation in IExecutionContext creation: CPU +0, GPU +29, now: CPU 1, GPU 117 (MiB)
13:37:55  INFO     [RAMS] YOLOv8-medium ready — TensorRT yolov8m.engine (imgsz=640).
13:37:55  INFO     [RAMS] Controller ready. Policy: fixed
13:37:56  INFO     [RAMS] Tier switch: SMALL → MEDIUM  (R=0.145)
13:37:56  INFO       [fixed_medium / idle] 20/200  tier=MEDIUM  latency=16.8 ms  R=0.115  target=0.00  dets=17  vru=True  backend=tensorrt
13:37:57  INFO       [fixed_medium / idle] 40/200  tier=MEDIUM  latency=17.1 ms  R=0.273  target=0.00  dets=16  vru=False  backend=tensorrt
13:37:57  INFO       [fixed_medium / idle] 60/200  tier=MEDIUM  latency=13.9 ms  R=0.115  target=0.00  dets=3  vru=True  backend=tensorrt
13:37:58  INFO       [fixed_medium / idle] 80/200  tier=MEDIUM  latency=16.5 ms  R=0.181  target=0.00  dets=11  vru=False  backend=tensorrt
13:37:58  INFO       [fixed_medium / idle] 100/200  tier=MEDIUM  latency=15.5 ms  R=0.147  target=0.00  dets=11  vru=True  backend=tensorrt
13:37:59  INFO       [fixed_medium / idle] 120/200  tier=MEDIUM  latency=14.4 ms  R=0.191  target=0.00  dets=5  vru=False  backend=tensorrt
13:38:00  INFO       [fixed_medium / idle] 140/200  tier=MEDIUM  latency=17.2 ms  R=0.183  target=0.00  dets=19  vru=True  backend=tensorrt
13:38:00  INFO       [fixed_medium / idle] 160/200  tier=MEDIUM  latency=13.8 ms  R=0.155  target=0.00  dets=2  vru=False  backend=tensorrt
13:38:01  INFO       [fixed_medium / idle] 180/200  tier=MEDIUM  latency=13.9 ms  R=0.197  target=0.00  dets=3  vru=False  backend=tensorrt
13:38:01  INFO       [fixed_medium / idle] 200/200  tier=MEDIUM  latency=14.1 ms  R=0.199  target=0.00  dets=4  vru=False  backend=tensorrt
13:38:01  INFO     [RAMS] Controller stopped.
13:38:01  INFO     
--- Block 5/10  Policy: adaptive  Load: idle (0%) ---
13:38:01  INFO     [RAMS] Starting resource monitor ...
13:38:01  INFO     [RAMS] Loading model tiers ...
WARNING ⚠️ Unable to automatically guess model task, assuming 'task=detect'. Explicitly define task for your model, i.e. 'task=detect', 'segment', 'classify', 'pose', 'obb' or 'semantic'.
Loading yolov8n.engine for TensorRT inference...
[09/09/2026-13:38:01] [TRT] [I] Loaded engine size: 7 MiB
[09/09/2026-13:38:01] [TRT] [I] [MemUsageChange] TensorRT-managed allocation in IExecutionContext creation: CPU +0, GPU +3, now: CPU 0, GPU 9 (MiB)
13:38:01  INFO     [RAMS] YOLOv8-nano ready — TensorRT yolov8n.engine (imgsz=320).
WARNING ⚠️ Unable to automatically guess model task, assuming 'task=detect'. Explicitly define task for your model, i.e. 'task=detect', 'segment', 'classify', 'pose', 'obb' or 'semantic'.
Loading yolov8s.engine for TensorRT inference...
[09/09/2026-13:38:01] [TRT] [I] The logger passed into createInferRuntime differs from one already provided for an existing builder, runtime, or refitter. Uses of the global logger, returned by nvinfer1::getLogger(), will return the existing value.
[09/09/2026-13:38:01] [TRT] [I] Loaded engine size: 23 MiB
[09/09/2026-13:38:01] [TRT] [I] [MemUsageChange] TensorRT-managed allocation in IExecutionContext creation: CPU +1, GPU +7, now: CPU 1, GPU 38 (MiB)
13:38:01  INFO     [RAMS] YOLOv8-small ready — TensorRT yolov8s.engine (imgsz=416).
WARNING ⚠️ Unable to automatically guess model task, assuming 'task=detect'. Explicitly define task for your model, i.e. 'task=detect', 'segment', 'classify', 'pose', 'obb' or 'semantic'.
Loading yolov8m.engine for TensorRT inference...
[09/09/2026-13:38:01] [TRT] [I] The logger passed into createInferRuntime differs from one already provided for an existing builder, runtime, or refitter. Uses of the global logger, returned by nvinfer1::getLogger(), will return the existing value.
[09/09/2026-13:38:02] [TRT] [I] Loaded engine size: 52 MiB
[09/09/2026-13:38:02] [TRT] [I] [MemUsageChange] TensorRT-managed allocation in IExecutionContext creation: CPU +0, GPU +29, now: CPU 1, GPU 117 (MiB)
13:38:02  INFO     [RAMS] YOLOv8-medium ready — TensorRT yolov8m.engine (imgsz=640).
13:38:02  INFO     [RAMS] Controller ready. Policy: adaptive
13:38:03  INFO     [RAMS] Tier switch: SMALL → MEDIUM  (R=0.074)
13:38:03  INFO     [RAMS] Tier switch: MEDIUM → SMALL  (R=0.272)
13:38:03  INFO       [adaptive / idle] 20/200  tier=SMALL   latency=9.5 ms  R=0.174  target=0.00  dets=11  vru=True  backend=tensorrt
13:38:03  INFO       [adaptive / idle] 40/200  tier=SMALL   latency=10.3 ms  R=0.152  target=0.00  dets=15  vru=False  backend=tensorrt
13:38:04  INFO       [adaptive / idle] 60/200  tier=SMALL   latency=8.2 ms  R=0.257  target=0.00  dets=2  vru=False  backend=tensorrt
13:38:04  INFO       [adaptive / idle] 80/200  tier=SMALL   latency=9.4 ms  R=0.147  target=0.00  dets=10  vru=False  backend=tensorrt
13:38:05  INFO       [adaptive / idle] 100/200  tier=SMALL   latency=9.3 ms  R=0.129  target=0.00  dets=10  vru=False  backend=tensorrt
13:38:05  INFO       [adaptive / idle] 120/200  tier=SMALL   latency=8.1 ms  R=0.169  target=0.00  dets=4  vru=False  backend=tensorrt
13:38:06  INFO       [adaptive / idle] 140/200  tier=SMALL   latency=8.8 ms  R=0.145  target=0.00  dets=8  vru=True  backend=tensorrt
13:38:06  INFO       [adaptive / idle] 160/200  tier=SMALL   latency=7.4 ms  R=0.153  target=0.00  dets=1  vru=False  backend=tensorrt
13:38:06  INFO       [adaptive / idle] 180/200  tier=SMALL   latency=7.5 ms  R=0.153  target=0.00  dets=2  vru=False  backend=tensorrt
13:38:07  INFO       [adaptive / idle] 200/200  tier=SMALL   latency=7.5 ms  R=0.129  target=0.00  dets=1  vru=False  backend=tensorrt
13:38:07  INFO     [RAMS] Controller stopped.
13:38:07  INFO     
--- Block 5/10  Policy: predictive  Load: idle (0%) ---
13:38:07  INFO     [RAMS] Starting resource monitor ...
13:38:07  INFO     [RAMS] Loading model tiers ...
WARNING ⚠️ Unable to automatically guess model task, assuming 'task=detect'. Explicitly define task for your model, i.e. 'task=detect', 'segment', 'classify', 'pose', 'obb' or 'semantic'.
Loading yolov8n.engine for TensorRT inference...
[09/09/2026-13:38:07] [TRT] [I] Loaded engine size: 7 MiB
[09/09/2026-13:38:07] [TRT] [I] [MemUsageChange] TensorRT-managed allocation in IExecutionContext creation: CPU +0, GPU +3, now: CPU 0, GPU 9 (MiB)
13:38:07  INFO     [RAMS] YOLOv8-nano ready — TensorRT yolov8n.engine (imgsz=320).
WARNING ⚠️ Unable to automatically guess model task, assuming 'task=detect'. Explicitly define task for your model, i.e. 'task=detect', 'segment', 'classify', 'pose', 'obb' or 'semantic'.
Loading yolov8s.engine for TensorRT inference...
[09/09/2026-13:38:07] [TRT] [I] The logger passed into createInferRuntime differs from one already provided for an existing builder, runtime, or refitter. Uses of the global logger, returned by nvinfer1::getLogger(), will return the existing value.
[09/09/2026-13:38:07] [TRT] [I] Loaded engine size: 23 MiB
[09/09/2026-13:38:07] [TRT] [I] [MemUsageChange] TensorRT-managed allocation in IExecutionContext creation: CPU +1, GPU +7, now: CPU 1, GPU 38 (MiB)
13:38:07  INFO     [RAMS] YOLOv8-small ready — TensorRT yolov8s.engine (imgsz=416).
WARNING ⚠️ Unable to automatically guess model task, assuming 'task=detect'. Explicitly define task for your model, i.e. 'task=detect', 'segment', 'classify', 'pose', 'obb' or 'semantic'.
Loading yolov8m.engine for TensorRT inference...
[09/09/2026-13:38:07] [TRT] [I] The logger passed into createInferRuntime differs from one already provided for an existing builder, runtime, or refitter. Uses of the global logger, returned by nvinfer1::getLogger(), will return the existing value.
[09/09/2026-13:38:07] [TRT] [I] Loaded engine size: 52 MiB
[09/09/2026-13:38:07] [TRT] [I] [MemUsageChange] TensorRT-managed allocation in IExecutionContext creation: CPU +0, GPU +29, now: CPU 1, GPU 117 (MiB)
13:38:07  INFO     [RAMS] YOLOv8-medium ready — TensorRT yolov8m.engine (imgsz=640).
13:38:07  INFO     [RAMS] Controller ready. Policy: predictive
13:38:09  INFO       [predictive / idle] 20/200  tier=SMALL   latency=9.8 ms  R=0.195  target=0.00  dets=11  vru=True  backend=tensorrt
13:38:09  INFO       [predictive / idle] 40/200  tier=SMALL   latency=11.0 ms  R=0.203  target=0.00  dets=15  vru=False  backend=tensorrt
13:38:09  INFO       [predictive / idle] 60/200  tier=SMALL   latency=7.7 ms  R=0.257  target=0.00  dets=2  vru=False  backend=tensorrt
13:38:10  INFO       [predictive / idle] 80/200  tier=SMALL   latency=9.9 ms  R=0.270  target=0.00  dets=10  vru=False  backend=tensorrt
13:38:10  INFO       [predictive / idle] 100/200  tier=SMALL   latency=9.7 ms  R=0.234  target=0.00  dets=10  vru=False  backend=tensorrt
13:38:11  INFO       [predictive / idle] 120/200  tier=SMALL   latency=8.5 ms  R=0.212  target=0.00  dets=4  vru=False  backend=tensorrt
13:38:11  INFO       [predictive / idle] 140/200  tier=SMALL   latency=9.7 ms  R=0.237  target=0.00  dets=8  vru=True  backend=tensorrt
13:38:11  INFO       [predictive / idle] 160/200  tier=SMALL   latency=7.6 ms  R=0.208  target=0.00  dets=1  vru=False  backend=tensorrt
13:38:12  INFO       [predictive / idle] 180/200  tier=SMALL   latency=7.9 ms  R=0.280  target=0.00  dets=2  vru=False  backend=tensorrt
13:38:12  INFO       [predictive / idle] 200/200  tier=SMALL   latency=7.7 ms  R=0.243  target=0.00  dets=1  vru=False  backend=tensorrt
13:38:12  INFO     [RAMS] Controller stopped.
13:38:12  INFO     
--- Block 5/10  Policy: safety2  Load: idle (0%) ---
13:38:12  INFO     [RAMS] Starting resource monitor ...
13:38:12  INFO     [RAMS] Loading model tiers ...
WARNING ⚠️ Unable to automatically guess model task, assuming 'task=detect'. Explicitly define task for your model, i.e. 'task=detect', 'segment', 'classify', 'pose', 'obb' or 'semantic'.
Loading yolov8n.engine for TensorRT inference...
[09/09/2026-13:38:12] [TRT] [I] Loaded engine size: 7 MiB
[09/09/2026-13:38:12] [TRT] [I] [MemUsageChange] TensorRT-managed allocation in IExecutionContext creation: CPU +0, GPU +3, now: CPU 0, GPU 9 (MiB)
13:38:12  INFO     [RAMS] YOLOv8-nano ready — TensorRT yolov8n.engine (imgsz=320).
WARNING ⚠️ Unable to automatically guess model task, assuming 'task=detect'. Explicitly define task for your model, i.e. 'task=detect', 'segment', 'classify', 'pose', 'obb' or 'semantic'.
Loading yolov8s.engine for TensorRT inference...
[09/09/2026-13:38:12] [TRT] [I] The logger passed into createInferRuntime differs from one already provided for an existing builder, runtime, or refitter. Uses of the global logger, returned by nvinfer1::getLogger(), will return the existing value.
[09/09/2026-13:38:13] [TRT] [I] Loaded engine size: 23 MiB
[09/09/2026-13:38:13] [TRT] [I] [MemUsageChange] TensorRT-managed allocation in IExecutionContext creation: CPU +1, GPU +7, now: CPU 1, GPU 38 (MiB)
13:38:13  INFO     [RAMS] YOLOv8-small ready — TensorRT yolov8s.engine (imgsz=416).
WARNING ⚠️ Unable to automatically guess model task, assuming 'task=detect'. Explicitly define task for your model, i.e. 'task=detect', 'segment', 'classify', 'pose', 'obb' or 'semantic'.
Loading yolov8m.engine for TensorRT inference...
[09/09/2026-13:38:13] [TRT] [I] The logger passed into createInferRuntime differs from one already provided for an existing builder, runtime, or refitter. Uses of the global logger, returned by nvinfer1::getLogger(), will return the existing value.
[09/09/2026-13:38:13] [TRT] [I] Loaded engine size: 52 MiB
[09/09/2026-13:38:13] [TRT] [I] [MemUsageChange] TensorRT-managed allocation in IExecutionContext creation: CPU +0, GPU +29, now: CPU 1, GPU 117 (MiB)
13:38:13  INFO     [RAMS] YOLOv8-medium ready — TensorRT yolov8m.engine (imgsz=640).
13:38:13  INFO     [RAMS] Controller ready. Policy: safety2
13:38:14  INFO     [RAMS] Tier switch: SMALL → MEDIUM  (R=0.074)
13:38:14  INFO       [safety2 / idle] 20/200  tier=MEDIUM  latency=16.9 ms  R=0.202  target=0.00  dets=17  vru=True  backend=tensorrt
13:38:15  INFO       [safety2 / idle] 40/200  tier=MEDIUM  latency=17.2 ms  R=0.183  target=0.00  dets=16  vru=False  backend=tensorrt
13:38:15  INFO       [safety2 / idle] 60/200  tier=MEDIUM  latency=14.0 ms  R=0.199  target=0.00  dets=3  vru=True  backend=tensorrt
13:38:16  INFO       [safety2 / idle] 80/200  tier=MEDIUM  latency=15.6 ms  R=0.227  target=0.00  dets=11  vru=False  backend=tensorrt
13:38:16  INFO     [RAMS] Tier switch: MEDIUM → SMALL  (R=0.239)
13:38:16  INFO     [RAMS] Tier switch: SMALL → MEDIUM  (R=0.239)
13:38:16  INFO       [safety2 / idle] 100/200  tier=MEDIUM  latency=15.6 ms  R=0.199  target=0.00  dets=11  vru=True  backend=tensorrt
13:38:17  INFO     [RAMS] Tier switch: MEDIUM → SMALL  (R=0.199)
13:38:17  INFO     [RAMS] Tier switch: SMALL → MEDIUM  (R=0.151)
13:38:17  INFO       [safety2 / idle] 120/200  tier=MEDIUM  latency=14.7 ms  R=0.127  target=0.00  dets=5  vru=False  backend=tensorrt
13:38:17  INFO     [RAMS] Tier switch: MEDIUM → SMALL  (R=0.199)
13:38:17  INFO     [RAMS] Tier switch: SMALL → MEDIUM  (R=0.199)
13:38:17  INFO       [safety2 / idle] 140/200  tier=MEDIUM  latency=17.3 ms  R=0.193  target=0.00  dets=19  vru=True  backend=tensorrt
13:38:18  INFO     [RAMS] Tier switch: MEDIUM → SMALL  (R=0.157)
13:38:18  INFO       [safety2 / idle] 160/200  tier=SMALL   latency=7.5 ms  R=0.153  target=0.00  dets=1  vru=False  backend=tensorrt
13:38:18  INFO       [safety2 / idle] 180/200  tier=SMALL   latency=7.7 ms  R=0.147  target=0.00  dets=2  vru=False  backend=tensorrt
13:38:18  INFO     [RAMS] Tier switch: SMALL → MEDIUM  (R=0.152)
13:38:19  INFO       [safety2 / idle] 200/200  tier=MEDIUM  latency=14.2 ms  R=0.120  target=0.00  dets=4  vru=False  backend=tensorrt
13:38:19  INFO     [RAMS] Controller stopped.
13:38:19  INFO     
--- Block 5/10  Policy: fixed_small  Load: idle (0%) ---
13:38:19  INFO     [RAMS] Starting resource monitor ...
13:38:19  INFO     [RAMS] Loading model tiers ...
WARNING ⚠️ Unable to automatically guess model task, assuming 'task=detect'. Explicitly define task for your model, i.e. 'task=detect', 'segment', 'classify', 'pose', 'obb' or 'semantic'.
Loading yolov8n.engine for TensorRT inference...
[09/09/2026-13:38:19] [TRT] [I] Loaded engine size: 7 MiB
[09/09/2026-13:38:19] [TRT] [I] [MemUsageChange] TensorRT-managed allocation in IExecutionContext creation: CPU +0, GPU +3, now: CPU 0, GPU 9 (MiB)
13:38:19  INFO     [RAMS] YOLOv8-nano ready — TensorRT yolov8n.engine (imgsz=320).
WARNING ⚠️ Unable to automatically guess model task, assuming 'task=detect'. Explicitly define task for your model, i.e. 'task=detect', 'segment', 'classify', 'pose', 'obb' or 'semantic'.
Loading yolov8s.engine for TensorRT inference...
[09/09/2026-13:38:19] [TRT] [I] The logger passed into createInferRuntime differs from one already provided for an existing builder, runtime, or refitter. Uses of the global logger, returned by nvinfer1::getLogger(), will return the existing value.
[09/09/2026-13:38:19] [TRT] [I] Loaded engine size: 23 MiB
[09/09/2026-13:38:19] [TRT] [I] [MemUsageChange] TensorRT-managed allocation in IExecutionContext creation: CPU +1, GPU +7, now: CPU 1, GPU 38 (MiB)
13:38:19  INFO     [RAMS] YOLOv8-small ready — TensorRT yolov8s.engine (imgsz=416).
WARNING ⚠️ Unable to automatically guess model task, assuming 'task=detect'. Explicitly define task for your model, i.e. 'task=detect', 'segment', 'classify', 'pose', 'obb' or 'semantic'.
Loading yolov8m.engine for TensorRT inference...
[09/09/2026-13:38:19] [TRT] [I] The logger passed into createInferRuntime differs from one already provided for an existing builder, runtime, or refitter. Uses of the global logger, returned by nvinfer1::getLogger(), will return the existing value.
[09/09/2026-13:38:19] [TRT] [I] Loaded engine size: 52 MiB
[09/09/2026-13:38:19] [TRT] [I] [MemUsageChange] TensorRT-managed allocation in IExecutionContext creation: CPU +0, GPU +29, now: CPU 1, GPU 117 (MiB)
13:38:19  INFO     [RAMS] YOLOv8-medium ready — TensorRT yolov8m.engine (imgsz=640).
13:38:19  INFO     [RAMS] Controller ready. Policy: fixed
13:38:21  INFO       [fixed_small / idle] 20/200  tier=SMALL   latency=9.6 ms  R=0.120  target=0.00  dets=11  vru=True  backend=tensorrt
13:38:21  INFO       [fixed_small / idle] 40/200  tier=SMALL   latency=10.6 ms  R=0.151  target=0.00  dets=15  vru=False  backend=tensorrt
13:38:21  INFO       [fixed_small / idle] 60/200  tier=SMALL   latency=7.6 ms  R=0.145  target=0.00  dets=2  vru=False  backend=tensorrt
13:38:22  INFO       [fixed_small / idle] 80/200  tier=SMALL   latency=9.4 ms  R=0.210  target=0.00  dets=10  vru=False  backend=tensorrt
13:38:22  INFO       [fixed_small / idle] 100/200  tier=SMALL   latency=9.4 ms  R=0.145  target=0.00  dets=10  vru=False  backend=tensorrt
13:38:23  INFO       [fixed_small / idle] 120/200  tier=SMALL   latency=8.1 ms  R=0.152  target=0.00  dets=4  vru=False  backend=tensorrt
13:38:23  INFO       [fixed_small / idle] 140/200  tier=SMALL   latency=8.9 ms  R=0.163  target=0.00  dets=8  vru=True  backend=tensorrt
13:38:24  INFO       [fixed_small / idle] 160/200  tier=SMALL   latency=7.4 ms  R=0.147  target=0.00  dets=1  vru=False  backend=tensorrt
13:38:24  INFO       [fixed_small / idle] 180/200  tier=SMALL   latency=7.7 ms  R=0.153  target=0.00  dets=2  vru=False  backend=tensorrt
13:38:24  INFO       [fixed_small / idle] 200/200  tier=SMALL   latency=7.4 ms  R=0.139  target=0.00  dets=1  vru=False  backend=tensorrt
13:38:25  INFO     [RAMS] Controller stopped.
13:38:25  INFO     
--- Block 5/10  Policy: threshold  Load: idle (0%) ---
13:38:25  INFO     [RAMS] Starting resource monitor ...
13:38:25  INFO     [RAMS] Loading model tiers ...
WARNING ⚠️ Unable to automatically guess model task, assuming 'task=detect'. Explicitly define task for your model, i.e. 'task=detect', 'segment', 'classify', 'pose', 'obb' or 'semantic'.
Loading yolov8n.engine for TensorRT inference...
[09/09/2026-13:38:25] [TRT] [I] Loaded engine size: 7 MiB
[09/09/2026-13:38:25] [TRT] [I] [MemUsageChange] TensorRT-managed allocation in IExecutionContext creation: CPU +0, GPU +3, now: CPU 0, GPU 9 (MiB)
13:38:25  INFO     [RAMS] YOLOv8-nano ready — TensorRT yolov8n.engine (imgsz=320).
WARNING ⚠️ Unable to automatically guess model task, assuming 'task=detect'. Explicitly define task for your model, i.e. 'task=detect', 'segment', 'classify', 'pose', 'obb' or 'semantic'.
Loading yolov8s.engine for TensorRT inference...
[09/09/2026-13:38:25] [TRT] [I] The logger passed into createInferRuntime differs from one already provided for an existing builder, runtime, or refitter. Uses of the global logger, returned by nvinfer1::getLogger(), will return the existing value.
[09/09/2026-13:38:25] [TRT] [I] Loaded engine size: 23 MiB
[09/09/2026-13:38:25] [TRT] [I] [MemUsageChange] TensorRT-managed allocation in IExecutionContext creation: CPU +1, GPU +7, now: CPU 1, GPU 38 (MiB)
13:38:25  INFO     [RAMS] YOLOv8-small ready — TensorRT yolov8s.engine (imgsz=416).
WARNING ⚠️ Unable to automatically guess model task, assuming 'task=detect'. Explicitly define task for your model, i.e. 'task=detect', 'segment', 'classify', 'pose', 'obb' or 'semantic'.
Loading yolov8m.engine for TensorRT inference...
[09/09/2026-13:38:25] [TRT] [I] The logger passed into createInferRuntime differs from one already provided for an existing builder, runtime, or refitter. Uses of the global logger, returned by nvinfer1::getLogger(), will return the existing value.
[09/09/2026-13:38:25] [TRT] [I] Loaded engine size: 52 MiB
[09/09/2026-13:38:25] [TRT] [I] [MemUsageChange] TensorRT-managed allocation in IExecutionContext creation: CPU +0, GPU +29, now: CPU 1, GPU 117 (MiB)
13:38:25  INFO     [RAMS] YOLOv8-medium ready — TensorRT yolov8m.engine (imgsz=640).
13:38:25  INFO     [RAMS] Controller ready. Policy: threshold
13:38:26  INFO     [RAMS] Tier switch: SMALL → MEDIUM  (R=0.092)
13:38:26  INFO     [RAMS] Tier switch: MEDIUM → SMALL  (R=0.206)
13:38:26  INFO       [threshold / idle] 20/200  tier=SMALL   latency=9.5 ms  R=0.139  target=0.00  dets=11  vru=True  backend=tensorrt
13:38:26  INFO     [RAMS] Tier switch: SMALL → MEDIUM  (R=0.131)
13:38:26  INFO     [RAMS] Tier switch: MEDIUM → SMALL  (R=0.204)
13:38:27  INFO       [threshold / idle] 40/200  tier=SMALL   latency=10.3 ms  R=0.152  target=0.00  dets=15  vru=False  backend=tensorrt
13:38:27  INFO       [threshold / idle] 60/200  tier=SMALL   latency=7.7 ms  R=0.140  target=0.00  dets=2  vru=False  backend=tensorrt
13:38:27  INFO       [threshold / idle] 80/200  tier=SMALL   latency=9.3 ms  R=0.147  target=0.00  dets=10  vru=False  backend=tensorrt
13:38:28  INFO       [threshold / idle] 100/200  tier=SMALL   latency=9.6 ms  R=0.192  target=0.00  dets=10  vru=False  backend=tensorrt
13:38:28  INFO     [RAMS] Tier switch: SMALL → MEDIUM  (R=0.129)
13:38:28  INFO     [RAMS] Tier switch: MEDIUM → SMALL  (R=0.187)
13:38:28  INFO       [threshold / idle] 120/200  tier=SMALL   latency=8.0 ms  R=0.187  target=0.00  dets=4  vru=False  backend=tensorrt
13:38:29  INFO       [threshold / idle] 140/200  tier=SMALL   latency=9.8 ms  R=0.247  target=0.00  dets=8  vru=True  backend=tensorrt
13:38:29  INFO       [threshold / idle] 160/200  tier=SMALL   latency=7.6 ms  R=0.240  target=0.00  dets=1  vru=False  backend=tensorrt
13:38:30  INFO       [threshold / idle] 180/200  tier=SMALL   latency=7.9 ms  R=0.202  target=0.00  dets=2  vru=False  backend=tensorrt
13:38:30  INFO       [threshold / idle] 200/200  tier=SMALL   latency=7.7 ms  R=0.224  target=0.00  dets=1  vru=False  backend=tensorrt
13:38:30  INFO     [RAMS] Controller stopped.
13:38:30  INFO     
--- Block 6/10  Policy: adaptive  Load: idle (0%) ---
13:38:30  INFO     [RAMS] Starting resource monitor ...
13:38:30  INFO     [RAMS] Loading model tiers ...
WARNING ⚠️ Unable to automatically guess model task, assuming 'task=detect'. Explicitly define task for your model, i.e. 'task=detect', 'segment', 'classify', 'pose', 'obb' or 'semantic'.
Loading yolov8n.engine for TensorRT inference...
[09/09/2026-13:38:30] [TRT] [I] Loaded engine size: 7 MiB
[09/09/2026-13:38:30] [TRT] [I] [MemUsageChange] TensorRT-managed allocation in IExecutionContext creation: CPU +0, GPU +3, now: CPU 0, GPU 9 (MiB)
13:38:30  INFO     [RAMS] YOLOv8-nano ready — TensorRT yolov8n.engine (imgsz=320).
WARNING ⚠️ Unable to automatically guess model task, assuming 'task=detect'. Explicitly define task for your model, i.e. 'task=detect', 'segment', 'classify', 'pose', 'obb' or 'semantic'.
Loading yolov8s.engine for TensorRT inference...
[09/09/2026-13:38:30] [TRT] [I] The logger passed into createInferRuntime differs from one already provided for an existing builder, runtime, or refitter. Uses of the global logger, returned by nvinfer1::getLogger(), will return the existing value.
[09/09/2026-13:38:30] [TRT] [I] Loaded engine size: 23 MiB
[09/09/2026-13:38:30] [TRT] [I] [MemUsageChange] TensorRT-managed allocation in IExecutionContext creation: CPU +1, GPU +7, now: CPU 1, GPU 38 (MiB)
13:38:30  INFO     [RAMS] YOLOv8-small ready — TensorRT yolov8s.engine (imgsz=416).
WARNING ⚠️ Unable to automatically guess model task, assuming 'task=detect'. Explicitly define task for your model, i.e. 'task=detect', 'segment', 'classify', 'pose', 'obb' or 'semantic'.
Loading yolov8m.engine for TensorRT inference...
[09/09/2026-13:38:30] [TRT] [I] The logger passed into createInferRuntime differs from one already provided for an existing builder, runtime, or refitter. Uses of the global logger, returned by nvinfer1::getLogger(), will return the existing value.
[09/09/2026-13:38:30] [TRT] [I] Loaded engine size: 52 MiB
[09/09/2026-13:38:30] [TRT] [I] [MemUsageChange] TensorRT-managed allocation in IExecutionContext creation: CPU +0, GPU +29, now: CPU 1, GPU 117 (MiB)
13:38:30  INFO     [RAMS] YOLOv8-medium ready — TensorRT yolov8m.engine (imgsz=640).
13:38:30  INFO     [RAMS] Controller ready. Policy: adaptive
13:38:32  INFO       [adaptive / idle] 20/200  tier=SMALL   latency=8.0 ms  R=0.302  target=0.00  dets=2  vru=False  backend=tensorrt
13:38:32  INFO       [adaptive / idle] 40/200  tier=SMALL   latency=7.9 ms  R=0.231  target=0.00  dets=2  vru=False  backend=tensorrt
13:38:33  INFO       [adaptive / idle] 60/200  tier=SMALL   latency=8.6 ms  R=0.213  target=0.00  dets=5  vru=False  backend=tensorrt
13:38:33  INFO       [adaptive / idle] 80/200  tier=SMALL   latency=8.6 ms  R=0.220  target=0.00  dets=3  vru=True  backend=tensorrt
13:38:34  INFO       [adaptive / idle] 100/200  tier=SMALL   latency=7.9 ms  R=0.203  target=0.00  dets=2  vru=False  backend=tensorrt
13:38:34  INFO       [adaptive / idle] 120/200  tier=SMALL   latency=8.7 ms  R=0.225  target=0.00  dets=5  vru=False  backend=tensorrt
13:38:34  INFO       [adaptive / idle] 140/200  tier=SMALL   latency=8.4 ms  R=0.189  target=0.00  dets=4  vru=False  backend=tensorrt
13:38:35  INFO       [adaptive / idle] 160/200  tier=SMALL   latency=7.6 ms  R=0.241  target=0.00  dets=1  vru=False  backend=tensorrt
13:38:35  INFO       [adaptive / idle] 180/200  tier=SMALL   latency=8.4 ms  R=0.147  target=0.00  dets=6  vru=False  backend=tensorrt
13:38:36  INFO       [adaptive / idle] 200/200  tier=SMALL   latency=5.8 ms  R=0.158  target=0.00  dets=0  vru=False  backend=tensorrt
13:38:36  INFO     [RAMS] Controller stopped.
13:38:36  INFO     
--- Block 6/10  Policy: safety2  Load: idle (0%) ---
13:38:36  INFO     [RAMS] Starting resource monitor ...
13:38:36  INFO     [RAMS] Loading model tiers ...
WARNING ⚠️ Unable to automatically guess model task, assuming 'task=detect'. Explicitly define task for your model, i.e. 'task=detect', 'segment', 'classify', 'pose', 'obb' or 'semantic'.
Loading yolov8n.engine for TensorRT inference...
[09/09/2026-13:38:36] [TRT] [I] Loaded engine size: 7 MiB
[09/09/2026-13:38:36] [TRT] [I] [MemUsageChange] TensorRT-managed allocation in IExecutionContext creation: CPU +0, GPU +3, now: CPU 0, GPU 9 (MiB)
13:38:36  INFO     [RAMS] YOLOv8-nano ready — TensorRT yolov8n.engine (imgsz=320).
WARNING ⚠️ Unable to automatically guess model task, assuming 'task=detect'. Explicitly define task for your model, i.e. 'task=detect', 'segment', 'classify', 'pose', 'obb' or 'semantic'.
Loading yolov8s.engine for TensorRT inference...
[09/09/2026-13:38:36] [TRT] [I] The logger passed into createInferRuntime differs from one already provided for an existing builder, runtime, or refitter. Uses of the global logger, returned by nvinfer1::getLogger(), will return the existing value.
[09/09/2026-13:38:36] [TRT] [I] Loaded engine size: 23 MiB
[09/09/2026-13:38:36] [TRT] [I] [MemUsageChange] TensorRT-managed allocation in IExecutionContext creation: CPU +1, GPU +7, now: CPU 1, GPU 38 (MiB)
13:38:36  INFO     [RAMS] YOLOv8-small ready — TensorRT yolov8s.engine (imgsz=416).
WARNING ⚠️ Unable to automatically guess model task, assuming 'task=detect'. Explicitly define task for your model, i.e. 'task=detect', 'segment', 'classify', 'pose', 'obb' or 'semantic'.
Loading yolov8m.engine for TensorRT inference...
[09/09/2026-13:38:36] [TRT] [I] The logger passed into createInferRuntime differs from one already provided for an existing builder, runtime, or refitter. Uses of the global logger, returned by nvinfer1::getLogger(), will return the existing value.
[09/09/2026-13:38:36] [TRT] [I] Loaded engine size: 52 MiB
[09/09/2026-13:38:36] [TRT] [I] [MemUsageChange] TensorRT-managed allocation in IExecutionContext creation: CPU +0, GPU +29, now: CPU 1, GPU 117 (MiB)
13:38:36  INFO     [RAMS] YOLOv8-medium ready — TensorRT yolov8m.engine (imgsz=640).
13:38:36  INFO     [RAMS] Controller ready. Policy: safety2
13:38:37  INFO     [RAMS] Tier switch: SMALL → MEDIUM  (R=0.074)
13:38:38  INFO       [safety2 / idle] 20/200  tier=MEDIUM  latency=13.9 ms  R=0.199  target=0.00  dets=3  vru=False  backend=tensorrt
13:38:38  INFO     [RAMS] Tier switch: MEDIUM → SMALL  (R=0.199)
13:38:38  INFO     [RAMS] Tier switch: SMALL → MEDIUM  (R=0.128)
13:38:38  INFO       [safety2 / idle] 40/200  tier=MEDIUM  latency=14.1 ms  R=0.142  target=0.00  dets=4  vru=False  backend=tensorrt
13:38:38  INFO     [RAMS] Tier switch: MEDIUM → SMALL  (R=0.204)
13:38:39  INFO       [safety2 / idle] 60/200  tier=SMALL   latency=8.3 ms  R=0.203  target=0.00  dets=5  vru=False  backend=tensorrt
13:38:39  INFO       [safety2 / idle] 80/200  tier=SMALL   latency=8.1 ms  R=0.221  target=0.00  dets=3  vru=True  backend=tensorrt
13:38:39  INFO     [RAMS] Tier switch: SMALL → MEDIUM  (R=0.124)
13:38:39  INFO     [RAMS] Tier switch: MEDIUM → SMALL  (R=0.189)
13:38:39  INFO       [safety2 / idle] 100/200  tier=SMALL   latency=7.7 ms  R=0.189  target=0.00  dets=2  vru=False  backend=tensorrt
13:38:40  INFO       [safety2 / idle] 120/200  tier=SMALL   latency=8.3 ms  R=0.235  target=0.00  dets=5  vru=False  backend=tensorrt
13:38:40  INFO     [RAMS] Tier switch: SMALL → MEDIUM  (R=0.235)
13:38:40  INFO       [safety2 / idle] 140/200  tier=MEDIUM  latency=14.3 ms  R=0.191  target=0.00  dets=5  vru=False  backend=tensorrt
13:38:41  INFO     [RAMS] Tier switch: MEDIUM → SMALL  (R=0.133)
13:38:41  INFO     [RAMS] Tier switch: SMALL → MEDIUM  (R=0.130)
13:38:41  INFO       [safety2 / idle] 160/200  tier=MEDIUM  latency=13.5 ms  R=0.223  target=0.00  dets=1  vru=False  backend=tensorrt
13:38:41  INFO     [RAMS] Tier switch: MEDIUM → SMALL  (R=0.205)
13:38:41  INFO     [RAMS] Tier switch: SMALL → MEDIUM  (R=0.205)
13:38:41  INFO       [safety2 / idle] 180/200  tier=MEDIUM  latency=15.4 ms  R=0.199  target=0.00  dets=10  vru=False  backend=tensorrt
13:38:42  INFO       [safety2 / idle] 200/200  tier=MEDIUM  latency=14.1 ms  R=0.196  target=0.00  dets=4  vru=False  backend=tensorrt
13:38:42  INFO     [RAMS] Controller stopped.
13:38:42  INFO     
--- Block 6/10  Policy: threshold  Load: idle (0%) ---
13:38:42  INFO     [RAMS] Starting resource monitor ...
13:38:42  INFO     [RAMS] Loading model tiers ...
WARNING ⚠️ Unable to automatically guess model task, assuming 'task=detect'. Explicitly define task for your model, i.e. 'task=detect', 'segment', 'classify', 'pose', 'obb' or 'semantic'.
Loading yolov8n.engine for TensorRT inference...
[09/09/2026-13:38:42] [TRT] [I] Loaded engine size: 7 MiB
[09/09/2026-13:38:42] [TRT] [I] [MemUsageChange] TensorRT-managed allocation in IExecutionContext creation: CPU +0, GPU +3, now: CPU 0, GPU 9 (MiB)
13:38:42  INFO     [RAMS] YOLOv8-nano ready — TensorRT yolov8n.engine (imgsz=320).
WARNING ⚠️ Unable to automatically guess model task, assuming 'task=detect'. Explicitly define task for your model, i.e. 'task=detect', 'segment', 'classify', 'pose', 'obb' or 'semantic'.
Loading yolov8s.engine for TensorRT inference...
[09/09/2026-13:38:42] [TRT] [I] The logger passed into createInferRuntime differs from one already provided for an existing builder, runtime, or refitter. Uses of the global logger, returned by nvinfer1::getLogger(), will return the existing value.
[09/09/2026-13:38:42] [TRT] [I] Loaded engine size: 23 MiB
[09/09/2026-13:38:42] [TRT] [I] [MemUsageChange] TensorRT-managed allocation in IExecutionContext creation: CPU +1, GPU +7, now: CPU 1, GPU 38 (MiB)
13:38:42  INFO     [RAMS] YOLOv8-small ready — TensorRT yolov8s.engine (imgsz=416).
WARNING ⚠️ Unable to automatically guess model task, assuming 'task=detect'. Explicitly define task for your model, i.e. 'task=detect', 'segment', 'classify', 'pose', 'obb' or 'semantic'.
Loading yolov8m.engine for TensorRT inference...
[09/09/2026-13:38:42] [TRT] [I] The logger passed into createInferRuntime differs from one already provided for an existing builder, runtime, or refitter. Uses of the global logger, returned by nvinfer1::getLogger(), will return the existing value.
[09/09/2026-13:38:42] [TRT] [I] Loaded engine size: 52 MiB
[09/09/2026-13:38:42] [TRT] [I] [MemUsageChange] TensorRT-managed allocation in IExecutionContext creation: CPU +0, GPU +29, now: CPU 1, GPU 117 (MiB)
13:38:42  INFO     [RAMS] YOLOv8-medium ready — TensorRT yolov8m.engine (imgsz=640).
13:38:42  INFO     [RAMS] Controller ready. Policy: threshold
13:38:43  INFO     [RAMS] Tier switch: SMALL → MEDIUM  (R=0.068)
13:38:44  INFO     [RAMS] Tier switch: MEDIUM → SMALL  (R=0.195)
13:38:44  INFO       [threshold / idle] 20/200  tier=SMALL   latency=7.8 ms  R=0.238  target=0.00  dets=2  vru=False  backend=tensorrt
13:38:44  INFO       [threshold / idle] 40/200  tier=SMALL   latency=7.6 ms  R=0.153  target=0.00  dets=2  vru=False  backend=tensorrt
13:38:45  INFO     [RAMS] Tier switch: SMALL → MEDIUM  (R=0.129)
13:38:45  INFO     [RAMS] Tier switch: MEDIUM → SMALL  (R=0.137)
13:38:45  INFO       [threshold / idle] 60/200  tier=SMALL   latency=8.4 ms  R=0.137  target=0.00  dets=5  vru=False  backend=tensorrt
13:38:45  INFO       [threshold / idle] 80/200  tier=SMALL   latency=7.8 ms  R=0.164  target=0.00  dets=3  vru=True  backend=tensorrt
13:38:45  INFO     [RAMS] Tier switch: SMALL → MEDIUM  (R=0.129)
13:38:45  INFO       [threshold / idle] 100/200  tier=MEDIUM  latency=14.0 ms  R=0.145  target=0.00  dets=4  vru=True  backend=tensorrt
13:38:46  INFO     [RAMS] Tier switch: MEDIUM → SMALL  (R=0.145)
13:38:46  INFO       [threshold / idle] 120/200  tier=SMALL   latency=8.5 ms  R=0.214  target=0.00  dets=5  vru=False  backend=tensorrt
13:38:46  INFO       [threshold / idle] 140/200  tier=SMALL   latency=8.0 ms  R=0.179  target=0.00  dets=4  vru=False  backend=tensorrt
13:38:47  INFO       [threshold / idle] 160/200  tier=SMALL   latency=7.8 ms  R=0.171  target=0.00  dets=1  vru=False  backend=tensorrt
13:38:47  INFO       [threshold / idle] 180/200  tier=SMALL   latency=8.5 ms  R=0.156  target=0.00  dets=6  vru=False  backend=tensorrt
13:38:47  INFO     [RAMS] Tier switch: SMALL → MEDIUM  (R=0.127)
13:38:47  INFO     [RAMS] Tier switch: MEDIUM → SMALL  (R=0.137)
13:38:48  INFO       [threshold / idle] 200/200  tier=SMALL   latency=6.0 ms  R=0.175  target=0.00  dets=0  vru=False  backend=tensorrt
13:38:48  INFO     [RAMS] Controller stopped.
13:38:48  INFO     
--- Block 6/10  Policy: fixed_nano  Load: idle (0%) ---
13:38:48  INFO     [RAMS] Starting resource monitor ...
13:38:48  INFO     [RAMS] Loading model tiers ...
WARNING ⚠️ Unable to automatically guess model task, assuming 'task=detect'. Explicitly define task for your model, i.e. 'task=detect', 'segment', 'classify', 'pose', 'obb' or 'semantic'.
Loading yolov8n.engine for TensorRT inference...
[09/09/2026-13:38:48] [TRT] [I] Loaded engine size: 7 MiB
[09/09/2026-13:38:48] [TRT] [I] [MemUsageChange] TensorRT-managed allocation in IExecutionContext creation: CPU +0, GPU +3, now: CPU 0, GPU 9 (MiB)
13:38:48  INFO     [RAMS] YOLOv8-nano ready — TensorRT yolov8n.engine (imgsz=320).
WARNING ⚠️ Unable to automatically guess model task, assuming 'task=detect'. Explicitly define task for your model, i.e. 'task=detect', 'segment', 'classify', 'pose', 'obb' or 'semantic'.
Loading yolov8s.engine for TensorRT inference...
[09/09/2026-13:38:48] [TRT] [I] The logger passed into createInferRuntime differs from one already provided for an existing builder, runtime, or refitter. Uses of the global logger, returned by nvinfer1::getLogger(), will return the existing value.
[09/09/2026-13:38:48] [TRT] [I] Loaded engine size: 23 MiB
[09/09/2026-13:38:48] [TRT] [I] [MemUsageChange] TensorRT-managed allocation in IExecutionContext creation: CPU +1, GPU +7, now: CPU 1, GPU 38 (MiB)
13:38:48  INFO     [RAMS] YOLOv8-small ready — TensorRT yolov8s.engine (imgsz=416).
WARNING ⚠️ Unable to automatically guess model task, assuming 'task=detect'. Explicitly define task for your model, i.e. 'task=detect', 'segment', 'classify', 'pose', 'obb' or 'semantic'.
Loading yolov8m.engine for TensorRT inference...
[09/09/2026-13:38:48] [TRT] [I] The logger passed into createInferRuntime differs from one already provided for an existing builder, runtime, or refitter. Uses of the global logger, returned by nvinfer1::getLogger(), will return the existing value.
[09/09/2026-13:38:48] [TRT] [I] Loaded engine size: 52 MiB
[09/09/2026-13:38:48] [TRT] [I] [MemUsageChange] TensorRT-managed allocation in IExecutionContext creation: CPU +0, GPU +29, now: CPU 1, GPU 117 (MiB)
13:38:48  INFO     [RAMS] YOLOv8-medium ready — TensorRT yolov8m.engine (imgsz=640).
13:38:48  INFO     [RAMS] Controller ready. Policy: fixed
13:38:49  INFO     [RAMS] Tier switch: SMALL → NANO  (R=0.068)
13:38:49  INFO       [fixed_nano / idle] 20/200  tier=NANO    latency=6.0 ms  R=0.142  target=0.00  dets=1  vru=False  backend=tensorrt
13:38:50  INFO       [fixed_nano / idle] 40/200  tier=NANO    latency=6.6 ms  R=0.178  target=0.00  dets=1  vru=False  backend=tensorrt
13:38:50  INFO       [fixed_nano / idle] 60/200  tier=NANO    latency=7.5 ms  R=0.243  target=0.00  dets=4  vru=False  backend=tensorrt
13:38:50  INFO       [fixed_nano / idle] 80/200  tier=NANO    latency=6.9 ms  R=0.236  target=0.00  dets=4  vru=True  backend=tensorrt
13:38:51  INFO       [fixed_nano / idle] 100/200  tier=NANO    latency=7.9 ms  R=0.201  target=0.00  dets=3  vru=False  backend=tensorrt
13:38:51  INFO       [fixed_nano / idle] 120/200  tier=NANO    latency=6.9 ms  R=0.228  target=0.00  dets=4  vru=False  backend=tensorrt
13:38:52  INFO       [fixed_nano / idle] 140/200  tier=NANO    latency=7.2 ms  R=0.297  target=0.00  dets=3  vru=False  backend=tensorrt
13:38:52  INFO       [fixed_nano / idle] 160/200  tier=NANO    latency=6.4 ms  R=0.351  target=0.00  dets=1  vru=False  backend=tensorrt
13:38:52  INFO       [fixed_nano / idle] 180/200  tier=NANO    latency=7.4 ms  R=0.200  target=0.00  dets=6  vru=False  backend=tensorrt
13:38:53  INFO       [fixed_nano / idle] 200/200  tier=NANO    latency=4.7 ms  R=0.210  target=0.00  dets=0  vru=False  backend=tensorrt
13:38:53  INFO     [RAMS] Controller stopped.
13:38:53  INFO     
--- Block 6/10  Policy: fixed_medium  Load: idle (0%) ---
13:38:53  INFO     [RAMS] Starting resource monitor ...
13:38:53  INFO     [RAMS] Loading model tiers ...
WARNING ⚠️ Unable to automatically guess model task, assuming 'task=detect'. Explicitly define task for your model, i.e. 'task=detect', 'segment', 'classify', 'pose', 'obb' or 'semantic'.
Loading yolov8n.engine for TensorRT inference...
[09/09/2026-13:38:53] [TRT] [I] Loaded engine size: 7 MiB
[09/09/2026-13:38:53] [TRT] [I] [MemUsageChange] TensorRT-managed allocation in IExecutionContext creation: CPU +0, GPU +3, now: CPU 0, GPU 9 (MiB)
13:38:53  INFO     [RAMS] YOLOv8-nano ready — TensorRT yolov8n.engine (imgsz=320).
WARNING ⚠️ Unable to automatically guess model task, assuming 'task=detect'. Explicitly define task for your model, i.e. 'task=detect', 'segment', 'classify', 'pose', 'obb' or 'semantic'.
Loading yolov8s.engine for TensorRT inference...
[09/09/2026-13:38:53] [TRT] [I] The logger passed into createInferRuntime differs from one already provided for an existing builder, runtime, or refitter. Uses of the global logger, returned by nvinfer1::getLogger(), will return the existing value.
[09/09/2026-13:38:53] [TRT] [I] Loaded engine size: 23 MiB
[09/09/2026-13:38:53] [TRT] [I] [MemUsageChange] TensorRT-managed allocation in IExecutionContext creation: CPU +1, GPU +7, now: CPU 1, GPU 38 (MiB)
13:38:53  INFO     [RAMS] YOLOv8-small ready — TensorRT yolov8s.engine (imgsz=416).
WARNING ⚠️ Unable to automatically guess model task, assuming 'task=detect'. Explicitly define task for your model, i.e. 'task=detect', 'segment', 'classify', 'pose', 'obb' or 'semantic'.
Loading yolov8m.engine for TensorRT inference...
[09/09/2026-13:38:53] [TRT] [I] The logger passed into createInferRuntime differs from one already provided for an existing builder, runtime, or refitter. Uses of the global logger, returned by nvinfer1::getLogger(), will return the existing value.
[09/09/2026-13:38:53] [TRT] [I] Loaded engine size: 52 MiB
[09/09/2026-13:38:53] [TRT] [I] [MemUsageChange] TensorRT-managed allocation in IExecutionContext creation: CPU +0, GPU +29, now: CPU 1, GPU 117 (MiB)
13:38:53  INFO     [RAMS] YOLOv8-medium ready — TensorRT yolov8m.engine (imgsz=640).
13:38:53  INFO     [RAMS] Controller ready. Policy: fixed
13:38:54  INFO     [RAMS] Tier switch: SMALL → MEDIUM  (R=0.123)
13:38:55  INFO       [fixed_medium / idle] 20/200  tier=MEDIUM  latency=13.9 ms  R=0.172  target=0.00  dets=3  vru=False  backend=tensorrt
13:38:55  INFO       [fixed_medium / idle] 40/200  tier=MEDIUM  latency=14.3 ms  R=0.247  target=0.00  dets=4  vru=False  backend=tensorrt
13:38:56  INFO       [fixed_medium / idle] 60/200  tier=MEDIUM  latency=15.2 ms  R=0.212  target=0.00  dets=7  vru=False  backend=tensorrt
13:38:56  INFO       [fixed_medium / idle] 80/200  tier=MEDIUM  latency=14.7 ms  R=0.187  target=0.00  dets=6  vru=True  backend=tensorrt
13:38:57  INFO       [fixed_medium / idle] 100/200  tier=MEDIUM  latency=15.8 ms  R=0.199  target=0.00  dets=4  vru=True  backend=tensorrt
13:38:57  INFO       [fixed_medium / idle] 120/200  tier=MEDIUM  latency=15.4 ms  R=0.135  target=0.00  dets=10  vru=True  backend=tensorrt
13:38:58  INFO       [fixed_medium / idle] 140/200  tier=MEDIUM  latency=14.6 ms  R=0.139  target=0.00  dets=5  vru=False  backend=tensorrt
13:38:58  INFO       [fixed_medium / idle] 160/200  tier=MEDIUM  latency=13.4 ms  R=0.199  target=0.00  dets=1  vru=False  backend=tensorrt
13:38:59  INFO       [fixed_medium / idle] 180/200  tier=MEDIUM  latency=16.7 ms  R=0.178  target=0.00  dets=10  vru=False  backend=tensorrt
13:38:59  INFO       [fixed_medium / idle] 200/200  tier=MEDIUM  latency=14.1 ms  R=0.194  target=0.00  dets=4  vru=False  backend=tensorrt
13:39:00  INFO     [RAMS] Controller stopped.
13:39:00  INFO     
--- Block 6/10  Policy: fixed_small  Load: idle (0%) ---
13:39:00  INFO     [RAMS] Starting resource monitor ...
13:39:00  INFO     [RAMS] Loading model tiers ...
WARNING ⚠️ Unable to automatically guess model task, assuming 'task=detect'. Explicitly define task for your model, i.e. 'task=detect', 'segment', 'classify', 'pose', 'obb' or 'semantic'.
Loading yolov8n.engine for TensorRT inference...
[09/09/2026-13:39:00] [TRT] [I] Loaded engine size: 7 MiB
[09/09/2026-13:39:00] [TRT] [I] [MemUsageChange] TensorRT-managed allocation in IExecutionContext creation: CPU +0, GPU +3, now: CPU 0, GPU 9 (MiB)
13:39:00  INFO     [RAMS] YOLOv8-nano ready — TensorRT yolov8n.engine (imgsz=320).
WARNING ⚠️ Unable to automatically guess model task, assuming 'task=detect'. Explicitly define task for your model, i.e. 'task=detect', 'segment', 'classify', 'pose', 'obb' or 'semantic'.
Loading yolov8s.engine for TensorRT inference...
[09/09/2026-13:39:00] [TRT] [I] The logger passed into createInferRuntime differs from one already provided for an existing builder, runtime, or refitter. Uses of the global logger, returned by nvinfer1::getLogger(), will return the existing value.
[09/09/2026-13:39:00] [TRT] [I] Loaded engine size: 23 MiB
[09/09/2026-13:39:00] [TRT] [I] [MemUsageChange] TensorRT-managed allocation in IExecutionContext creation: CPU +1, GPU +7, now: CPU 1, GPU 38 (MiB)
13:39:00  INFO     [RAMS] YOLOv8-small ready — TensorRT yolov8s.engine (imgsz=416).
WARNING ⚠️ Unable to automatically guess model task, assuming 'task=detect'. Explicitly define task for your model, i.e. 'task=detect', 'segment', 'classify', 'pose', 'obb' or 'semantic'.
Loading yolov8m.engine for TensorRT inference...
[09/09/2026-13:39:00] [TRT] [I] The logger passed into createInferRuntime differs from one already provided for an existing builder, runtime, or refitter. Uses of the global logger, returned by nvinfer1::getLogger(), will return the existing value.
[09/09/2026-13:39:00] [TRT] [I] Loaded engine size: 52 MiB
[09/09/2026-13:39:00] [TRT] [I] [MemUsageChange] TensorRT-managed allocation in IExecutionContext creation: CPU +0, GPU +29, now: CPU 1, GPU 117 (MiB)
13:39:00  INFO     [RAMS] YOLOv8-medium ready — TensorRT yolov8m.engine (imgsz=640).
13:39:00  INFO     [RAMS] Controller ready. Policy: fixed
13:39:01  INFO       [fixed_small / idle] 20/200  tier=SMALL   latency=7.7 ms  R=0.147  target=0.00  dets=2  vru=False  backend=tensorrt
13:39:02  INFO       [fixed_small / idle] 40/200  tier=SMALL   latency=8.1 ms  R=0.159  target=0.00  dets=2  vru=False  backend=tensorrt
13:39:02  INFO       [fixed_small / idle] 60/200  tier=SMALL   latency=8.3 ms  R=0.151  target=0.00  dets=5  vru=False  backend=tensorrt
13:39:03  INFO       [fixed_small / idle] 80/200  tier=SMALL   latency=7.9 ms  R=0.142  target=0.00  dets=3  vru=True  backend=tensorrt
13:39:03  INFO       [fixed_small / idle] 100/200  tier=SMALL   latency=8.1 ms  R=0.179  target=0.00  dets=2  vru=False  backend=tensorrt
13:39:03  INFO       [fixed_small / idle] 120/200  tier=SMALL   latency=8.3 ms  R=0.153  target=0.00  dets=5  vru=False  backend=tensorrt
13:39:04  INFO       [fixed_small / idle] 140/200  tier=SMALL   latency=8.8 ms  R=0.147  target=0.00  dets=4  vru=False  backend=tensorrt
13:39:04  INFO       [fixed_small / idle] 160/200  tier=SMALL   latency=7.3 ms  R=0.153  target=0.00  dets=1  vru=False  backend=tensorrt
13:39:05  INFO       [fixed_small / idle] 180/200  tier=SMALL   latency=8.5 ms  R=0.147  target=0.00  dets=6  vru=False  backend=tensorrt
13:39:05  INFO       [fixed_small / idle] 200/200  tier=SMALL   latency=5.9 ms  R=0.142  target=0.00  dets=0  vru=False  backend=tensorrt
13:39:05  INFO     [RAMS] Controller stopped.
13:39:05  INFO     
--- Block 6/10  Policy: safety  Load: idle (0%) ---
13:39:05  INFO     [RAMS] Starting resource monitor ...
13:39:05  INFO     [RAMS] Loading model tiers ...
WARNING ⚠️ Unable to automatically guess model task, assuming 'task=detect'. Explicitly define task for your model, i.e. 'task=detect', 'segment', 'classify', 'pose', 'obb' or 'semantic'.
Loading yolov8n.engine for TensorRT inference...
[09/09/2026-13:39:05] [TRT] [I] Loaded engine size: 7 MiB
[09/09/2026-13:39:05] [TRT] [I] [MemUsageChange] TensorRT-managed allocation in IExecutionContext creation: CPU +0, GPU +3, now: CPU 0, GPU 9 (MiB)
13:39:05  INFO     [RAMS] YOLOv8-nano ready — TensorRT yolov8n.engine (imgsz=320).
WARNING ⚠️ Unable to automatically guess model task, assuming 'task=detect'. Explicitly define task for your model, i.e. 'task=detect', 'segment', 'classify', 'pose', 'obb' or 'semantic'.
Loading yolov8s.engine for TensorRT inference...
[09/09/2026-13:39:05] [TRT] [I] The logger passed into createInferRuntime differs from one already provided for an existing builder, runtime, or refitter. Uses of the global logger, returned by nvinfer1::getLogger(), will return the existing value.
[09/09/2026-13:39:05] [TRT] [I] Loaded engine size: 23 MiB
[09/09/2026-13:39:05] [TRT] [I] [MemUsageChange] TensorRT-managed allocation in IExecutionContext creation: CPU +1, GPU +7, now: CPU 1, GPU 38 (MiB)
13:39:05  INFO     [RAMS] YOLOv8-small ready — TensorRT yolov8s.engine (imgsz=416).
WARNING ⚠️ Unable to automatically guess model task, assuming 'task=detect'. Explicitly define task for your model, i.e. 'task=detect', 'segment', 'classify', 'pose', 'obb' or 'semantic'.
Loading yolov8m.engine for TensorRT inference...
[09/09/2026-13:39:05] [TRT] [I] The logger passed into createInferRuntime differs from one already provided for an existing builder, runtime, or refitter. Uses of the global logger, returned by nvinfer1::getLogger(), will return the existing value.
[09/09/2026-13:39:05] [TRT] [I] Loaded engine size: 52 MiB
[09/09/2026-13:39:05] [TRT] [I] [MemUsageChange] TensorRT-managed allocation in IExecutionContext creation: CPU +0, GPU +29, now: CPU 1, GPU 117 (MiB)
13:39:05  INFO     [RAMS] YOLOv8-medium ready — TensorRT yolov8m.engine (imgsz=640).
13:39:05  INFO     [RAMS] Controller ready. Policy: safety
13:39:06  INFO     [RAMS] Tier switch: SMALL → MEDIUM  (R=0.068)
13:39:07  INFO     [RAMS] Tier switch: MEDIUM → SMALL  (R=0.140)
13:39:07  INFO     [RAMS] Tier switch: SMALL → MEDIUM  (R=0.129)
13:39:07  INFO     [RAMS] Tier switch: MEDIUM → SMALL  (R=0.296)
13:39:07  INFO       [safety / idle] 20/200  tier=SMALL   latency=7.8 ms  R=0.296  target=0.00  dets=2  vru=False  backend=tensorrt
13:39:07  INFO       [safety / idle] 40/200  tier=SMALL   latency=7.6 ms  R=0.142  target=0.00  dets=2  vru=False  backend=tensorrt
13:39:08  INFO       [safety / idle] 60/200  tier=SMALL   latency=8.2 ms  R=0.153  target=0.00  dets=5  vru=False  backend=tensorrt
13:39:08  INFO       [safety / idle] 80/200  tier=SMALL   latency=7.9 ms  R=0.172  target=0.00  dets=3  vru=True  backend=tensorrt
13:39:08  INFO       [safety / idle] 100/200  tier=SMALL   latency=7.8 ms  R=0.153  target=0.00  dets=2  vru=False  backend=tensorrt
13:39:09  INFO       [safety / idle] 120/200  tier=SMALL   latency=8.4 ms  R=0.249  target=0.00  dets=5  vru=False  backend=tensorrt
13:39:09  INFO       [safety / idle] 140/200  tier=SMALL   latency=8.4 ms  R=0.147  target=0.00  dets=4  vru=False  backend=tensorrt
13:39:10  INFO       [safety / idle] 160/200  tier=SMALL   latency=7.4 ms  R=0.147  target=0.00  dets=1  vru=False  backend=tensorrt
13:39:10  INFO       [safety / idle] 180/200  tier=SMALL   latency=8.5 ms  R=0.129  target=0.00  dets=6  vru=False  backend=tensorrt
13:39:10  INFO     [RAMS] Tier switch: SMALL → MEDIUM  (R=0.129)
13:39:10  INFO     [RAMS] Tier switch: MEDIUM → SMALL  (R=0.140)
13:39:11  INFO       [safety / idle] 200/200  tier=SMALL   latency=5.9 ms  R=0.147  target=0.00  dets=0  vru=False  backend=tensorrt
13:39:11  INFO     [RAMS] Controller stopped.
13:39:11  INFO     
--- Block 6/10  Policy: predictive  Load: idle (0%) ---
13:39:11  INFO     [RAMS] Starting resource monitor ...
13:39:11  INFO     [RAMS] Loading model tiers ...
WARNING ⚠️ Unable to automatically guess model task, assuming 'task=detect'. Explicitly define task for your model, i.e. 'task=detect', 'segment', 'classify', 'pose', 'obb' or 'semantic'.
Loading yolov8n.engine for TensorRT inference...
[09/09/2026-13:39:11] [TRT] [I] Loaded engine size: 7 MiB
[09/09/2026-13:39:11] [TRT] [I] [MemUsageChange] TensorRT-managed allocation in IExecutionContext creation: CPU +0, GPU +3, now: CPU 0, GPU 9 (MiB)
13:39:11  INFO     [RAMS] YOLOv8-nano ready — TensorRT yolov8n.engine (imgsz=320).
WARNING ⚠️ Unable to automatically guess model task, assuming 'task=detect'. Explicitly define task for your model, i.e. 'task=detect', 'segment', 'classify', 'pose', 'obb' or 'semantic'.
Loading yolov8s.engine for TensorRT inference...
[09/09/2026-13:39:11] [TRT] [I] The logger passed into createInferRuntime differs from one already provided for an existing builder, runtime, or refitter. Uses of the global logger, returned by nvinfer1::getLogger(), will return the existing value.
[09/09/2026-13:39:11] [TRT] [I] Loaded engine size: 23 MiB
[09/09/2026-13:39:11] [TRT] [I] [MemUsageChange] TensorRT-managed allocation in IExecutionContext creation: CPU +1, GPU +7, now: CPU 1, GPU 38 (MiB)
13:39:11  INFO     [RAMS] YOLOv8-small ready — TensorRT yolov8s.engine (imgsz=416).
WARNING ⚠️ Unable to automatically guess model task, assuming 'task=detect'. Explicitly define task for your model, i.e. 'task=detect', 'segment', 'classify', 'pose', 'obb' or 'semantic'.
Loading yolov8m.engine for TensorRT inference...
[09/09/2026-13:39:11] [TRT] [I] The logger passed into createInferRuntime differs from one already provided for an existing builder, runtime, or refitter. Uses of the global logger, returned by nvinfer1::getLogger(), will return the existing value.
[09/09/2026-13:39:11] [TRT] [I] Loaded engine size: 52 MiB
[09/09/2026-13:39:11] [TRT] [I] [MemUsageChange] TensorRT-managed allocation in IExecutionContext creation: CPU +0, GPU +29, now: CPU 1, GPU 117 (MiB)
13:39:11  INFO     [RAMS] YOLOv8-medium ready — TensorRT yolov8m.engine (imgsz=640).
13:39:11  INFO     [RAMS] Controller ready. Policy: predictive
13:39:12  INFO       [predictive / idle] 20/200  tier=SMALL   latency=7.8 ms  R=0.235  target=0.00  dets=2  vru=False  backend=tensorrt
13:39:13  INFO       [predictive / idle] 40/200  tier=SMALL   latency=7.9 ms  R=0.217  target=0.00  dets=2  vru=False  backend=tensorrt
13:39:13  INFO       [predictive / idle] 60/200  tier=SMALL   latency=8.6 ms  R=0.241  target=0.00  dets=5  vru=False  backend=tensorrt
13:39:14  INFO       [predictive / idle] 80/200  tier=SMALL   latency=8.2 ms  R=0.327  target=0.00  dets=3  vru=True  backend=tensorrt
13:39:14  INFO       [predictive / idle] 100/200  tier=SMALL   latency=8.3 ms  R=0.291  target=0.00  dets=2  vru=False  backend=tensorrt
13:39:14  INFO       [predictive / idle] 120/200  tier=SMALL   latency=8.7 ms  R=0.234  target=0.00  dets=5  vru=False  backend=tensorrt
13:39:15  INFO       [predictive / idle] 140/200  tier=SMALL   latency=9.1 ms  R=0.278  target=0.00  dets=4  vru=False  backend=tensorrt
13:39:15  INFO       [predictive / idle] 160/200  tier=SMALL   latency=7.7 ms  R=0.220  target=0.00  dets=1  vru=False  backend=tensorrt
13:39:16  INFO       [predictive / idle] 180/200  tier=SMALL   latency=9.0 ms  R=0.246  target=0.00  dets=6  vru=False  backend=tensorrt
13:39:16  INFO       [predictive / idle] 200/200  tier=SMALL   latency=6.2 ms  R=0.223  target=0.00  dets=0  vru=False  backend=tensorrt
13:39:16  INFO     [RAMS] Controller stopped.
13:39:16  INFO     
--- Block 7/10  Policy: adaptive  Load: idle (0%) ---
13:39:16  INFO     [RAMS] Starting resource monitor ...
13:39:16  INFO     [RAMS] Loading model tiers ...
WARNING ⚠️ Unable to automatically guess model task, assuming 'task=detect'. Explicitly define task for your model, i.e. 'task=detect', 'segment', 'classify', 'pose', 'obb' or 'semantic'.
Loading yolov8n.engine for TensorRT inference...
[09/09/2026-13:39:16] [TRT] [I] Loaded engine size: 7 MiB
[09/09/2026-13:39:16] [TRT] [I] [MemUsageChange] TensorRT-managed allocation in IExecutionContext creation: CPU +0, GPU +3, now: CPU 0, GPU 9 (MiB)
13:39:16  INFO     [RAMS] YOLOv8-nano ready — TensorRT yolov8n.engine (imgsz=320).
WARNING ⚠️ Unable to automatically guess model task, assuming 'task=detect'. Explicitly define task for your model, i.e. 'task=detect', 'segment', 'classify', 'pose', 'obb' or 'semantic'.
Loading yolov8s.engine for TensorRT inference...
[09/09/2026-13:39:16] [TRT] [I] The logger passed into createInferRuntime differs from one already provided for an existing builder, runtime, or refitter. Uses of the global logger, returned by nvinfer1::getLogger(), will return the existing value.
[09/09/2026-13:39:16] [TRT] [I] Loaded engine size: 23 MiB
[09/09/2026-13:39:16] [TRT] [I] [MemUsageChange] TensorRT-managed allocation in IExecutionContext creation: CPU +1, GPU +7, now: CPU 1, GPU 38 (MiB)
13:39:16  INFO     [RAMS] YOLOv8-small ready — TensorRT yolov8s.engine (imgsz=416).
WARNING ⚠️ Unable to automatically guess model task, assuming 'task=detect'. Explicitly define task for your model, i.e. 'task=detect', 'segment', 'classify', 'pose', 'obb' or 'semantic'.
Loading yolov8m.engine for TensorRT inference...
[09/09/2026-13:39:16] [TRT] [I] The logger passed into createInferRuntime differs from one already provided for an existing builder, runtime, or refitter. Uses of the global logger, returned by nvinfer1::getLogger(), will return the existing value.
[09/09/2026-13:39:16] [TRT] [I] Loaded engine size: 52 MiB
[09/09/2026-13:39:16] [TRT] [I] [MemUsageChange] TensorRT-managed allocation in IExecutionContext creation: CPU +0, GPU +29, now: CPU 1, GPU 117 (MiB)
13:39:16  INFO     [RAMS] YOLOv8-medium ready — TensorRT yolov8m.engine (imgsz=640).
13:39:16  INFO     [RAMS] Controller ready. Policy: adaptive
13:39:17  INFO     [RAMS] Tier switch: SMALL → MEDIUM  (R=0.068)
13:39:18  INFO     [RAMS] Tier switch: MEDIUM → SMALL  (R=0.163)
13:39:18  INFO       [adaptive / idle] 20/200  tier=SMALL   latency=7.4 ms  R=0.237  target=0.00  dets=1  vru=False  backend=tensorrt
13:39:18  INFO       [adaptive / idle] 40/200  tier=SMALL   latency=8.4 ms  R=0.133  target=0.00  dets=6  vru=False  backend=tensorrt
13:39:19  INFO       [adaptive / idle] 60/200  tier=SMALL   latency=8.0 ms  R=0.164  target=0.00  dets=3  vru=False  backend=tensorrt
13:39:19  INFO       [adaptive / idle] 80/200  tier=SMALL   latency=8.3 ms  R=0.224  target=0.00  dets=4  vru=False  backend=tensorrt
13:39:20  INFO       [adaptive / idle] 100/200  tier=SMALL   latency=9.2 ms  R=0.217  target=0.00  dets=9  vru=False  backend=tensorrt
13:39:20  INFO       [adaptive / idle] 120/200  tier=SMALL   latency=7.7 ms  R=0.231  target=0.00  dets=2  vru=False  backend=tensorrt
13:39:20  INFO       [adaptive / idle] 140/200  tier=SMALL   latency=8.8 ms  R=0.220  target=0.00  dets=7  vru=True  backend=tensorrt
13:39:21  INFO       [adaptive / idle] 160/200  tier=SMALL   latency=6.0 ms  R=0.274  target=0.00  dets=0  vru=False  backend=tensorrt
13:39:21  INFO       [adaptive / idle] 180/200  tier=SMALL   latency=8.1 ms  R=0.207  target=0.00  dets=4  vru=False  backend=tensorrt
13:39:22  INFO       [adaptive / idle] 200/200  tier=SMALL   latency=9.0 ms  R=0.212  target=0.00  dets=8  vru=True  backend=tensorrt
13:39:22  INFO     [RAMS] Controller stopped.
13:39:22  INFO     
--- Block 7/10  Policy: fixed_nano  Load: idle (0%) ---
13:39:22  INFO     [RAMS] Starting resource monitor ...
13:39:22  INFO     [RAMS] Loading model tiers ...
WARNING ⚠️ Unable to automatically guess model task, assuming 'task=detect'. Explicitly define task for your model, i.e. 'task=detect', 'segment', 'classify', 'pose', 'obb' or 'semantic'.
Loading yolov8n.engine for TensorRT inference...
[09/09/2026-13:39:22] [TRT] [I] Loaded engine size: 7 MiB
[09/09/2026-13:39:22] [TRT] [I] [MemUsageChange] TensorRT-managed allocation in IExecutionContext creation: CPU +0, GPU +3, now: CPU 0, GPU 9 (MiB)
13:39:22  INFO     [RAMS] YOLOv8-nano ready — TensorRT yolov8n.engine (imgsz=320).
WARNING ⚠️ Unable to automatically guess model task, assuming 'task=detect'. Explicitly define task for your model, i.e. 'task=detect', 'segment', 'classify', 'pose', 'obb' or 'semantic'.
Loading yolov8s.engine for TensorRT inference...
[09/09/2026-13:39:22] [TRT] [I] The logger passed into createInferRuntime differs from one already provided for an existing builder, runtime, or refitter. Uses of the global logger, returned by nvinfer1::getLogger(), will return the existing value.
[09/09/2026-13:39:22] [TRT] [I] Loaded engine size: 23 MiB
[09/09/2026-13:39:22] [TRT] [I] [MemUsageChange] TensorRT-managed allocation in IExecutionContext creation: CPU +1, GPU +7, now: CPU 1, GPU 38 (MiB)
13:39:22  INFO     [RAMS] YOLOv8-small ready — TensorRT yolov8s.engine (imgsz=416).
WARNING ⚠️ Unable to automatically guess model task, assuming 'task=detect'. Explicitly define task for your model, i.e. 'task=detect', 'segment', 'classify', 'pose', 'obb' or 'semantic'.
Loading yolov8m.engine for TensorRT inference...
[09/09/2026-13:39:22] [TRT] [I] The logger passed into createInferRuntime differs from one already provided for an existing builder, runtime, or refitter. Uses of the global logger, returned by nvinfer1::getLogger(), will return the existing value.
[09/09/2026-13:39:22] [TRT] [I] Loaded engine size: 52 MiB
[09/09/2026-13:39:22] [TRT] [I] [MemUsageChange] TensorRT-managed allocation in IExecutionContext creation: CPU +0, GPU +29, now: CPU 1, GPU 117 (MiB)
13:39:22  INFO     [RAMS] YOLOv8-medium ready — TensorRT yolov8m.engine (imgsz=640).
13:39:22  INFO     [RAMS] Controller ready. Policy: fixed
13:39:23  INFO     [RAMS] Tier switch: SMALL → NANO  (R=0.145)
13:39:23  INFO       [fixed_nano / idle] 20/200  tier=NANO    latency=6.2 ms  R=0.204  target=0.00  dets=1  vru=False  backend=tensorrt
13:39:24  INFO       [fixed_nano / idle] 40/200  tier=NANO    latency=4.9 ms  R=0.218  target=0.00  dets=0  vru=False  backend=tensorrt
13:39:24  INFO       [fixed_nano / idle] 60/200  tier=NANO    latency=6.6 ms  R=0.224  target=0.00  dets=3  vru=False  backend=tensorrt
13:39:25  INFO       [fixed_nano / idle] 80/200  tier=NANO    latency=8.2 ms  R=0.212  target=0.00  dets=3  vru=False  backend=tensorrt
13:39:25  INFO       [fixed_nano / idle] 100/200  tier=NANO    latency=8.3 ms  R=0.352  target=0.00  dets=11  vru=False  backend=tensorrt
13:39:25  INFO       [fixed_nano / idle] 120/200  tier=NANO    latency=5.9 ms  R=0.263  target=0.00  dets=1  vru=False  backend=tensorrt
13:39:26  INFO       [fixed_nano / idle] 140/200  tier=NANO    latency=6.0 ms  R=0.256  target=0.00  dets=1  vru=False  backend=tensorrt
13:39:26  INFO       [fixed_nano / idle] 160/200  tier=NANO    latency=4.6 ms  R=0.290  target=0.00  dets=0  vru=False  backend=tensorrt
13:39:26  INFO       [fixed_nano / idle] 180/200  tier=NANO    latency=6.4 ms  R=0.259  target=0.00  dets=3  vru=False  backend=tensorrt
13:39:27  INFO       [fixed_nano / idle] 200/200  tier=NANO    latency=7.6 ms  R=0.259  target=0.00  dets=5  vru=False  backend=tensorrt
13:39:27  INFO     [RAMS] Controller stopped.
13:39:27  INFO     
--- Block 7/10  Policy: fixed_medium  Load: idle (0%) ---
13:39:27  INFO     [RAMS] Starting resource monitor ...
13:39:27  INFO     [RAMS] Loading model tiers ...
WARNING ⚠️ Unable to automatically guess model task, assuming 'task=detect'. Explicitly define task for your model, i.e. 'task=detect', 'segment', 'classify', 'pose', 'obb' or 'semantic'.
Loading yolov8n.engine for TensorRT inference...
[09/09/2026-13:39:27] [TRT] [I] Loaded engine size: 7 MiB
[09/09/2026-13:39:27] [TRT] [I] [MemUsageChange] TensorRT-managed allocation in IExecutionContext creation: CPU +0, GPU +3, now: CPU 0, GPU 9 (MiB)
13:39:27  INFO     [RAMS] YOLOv8-nano ready — TensorRT yolov8n.engine (imgsz=320).
WARNING ⚠️ Unable to automatically guess model task, assuming 'task=detect'. Explicitly define task for your model, i.e. 'task=detect', 'segment', 'classify', 'pose', 'obb' or 'semantic'.
Loading yolov8s.engine for TensorRT inference...
[09/09/2026-13:39:27] [TRT] [I] The logger passed into createInferRuntime differs from one already provided for an existing builder, runtime, or refitter. Uses of the global logger, returned by nvinfer1::getLogger(), will return the existing value.
[09/09/2026-13:39:27] [TRT] [I] Loaded engine size: 23 MiB
[09/09/2026-13:39:27] [TRT] [I] [MemUsageChange] TensorRT-managed allocation in IExecutionContext creation: CPU +1, GPU +7, now: CPU 1, GPU 38 (MiB)
13:39:27  INFO     [RAMS] YOLOv8-small ready — TensorRT yolov8s.engine (imgsz=416).
WARNING ⚠️ Unable to automatically guess model task, assuming 'task=detect'. Explicitly define task for your model, i.e. 'task=detect', 'segment', 'classify', 'pose', 'obb' or 'semantic'.
Loading yolov8m.engine for TensorRT inference...
[09/09/2026-13:39:27] [TRT] [I] The logger passed into createInferRuntime differs from one already provided for an existing builder, runtime, or refitter. Uses of the global logger, returned by nvinfer1::getLogger(), will return the existing value.
[09/09/2026-13:39:27] [TRT] [I] Loaded engine size: 52 MiB
[09/09/2026-13:39:27] [TRT] [I] [MemUsageChange] TensorRT-managed allocation in IExecutionContext creation: CPU +0, GPU +29, now: CPU 1, GPU 117 (MiB)
13:39:27  INFO     [RAMS] YOLOv8-medium ready — TensorRT yolov8m.engine (imgsz=640).
13:39:27  INFO     [RAMS] Controller ready. Policy: fixed
13:39:28  INFO     [RAMS] Tier switch: SMALL → MEDIUM  (R=0.074)
13:39:29  INFO       [fixed_medium / idle] 20/200  tier=MEDIUM  latency=14.0 ms  R=0.123  target=0.00  dets=1  vru=False  backend=tensorrt
13:39:29  INFO       [fixed_medium / idle] 40/200  tier=MEDIUM  latency=15.9 ms  R=0.157  target=0.00  dets=7  vru=False  backend=tensorrt
13:39:30  INFO       [fixed_medium / idle] 60/200  tier=MEDIUM  latency=14.0 ms  R=0.259  target=0.00  dets=3  vru=False  backend=tensorrt
13:39:30  INFO       [fixed_medium / idle] 80/200  tier=MEDIUM  latency=14.4 ms  R=0.169  target=0.00  dets=5  vru=True  backend=tensorrt
13:39:31  INFO       [fixed_medium / idle] 100/200  tier=MEDIUM  latency=16.5 ms  R=0.216  target=0.00  dets=15  vru=False  backend=tensorrt
13:39:31  INFO       [fixed_medium / idle] 120/200  tier=MEDIUM  latency=13.9 ms  R=0.182  target=0.00  dets=3  vru=True  backend=tensorrt
13:39:32  INFO       [fixed_medium / idle] 140/200  tier=MEDIUM  latency=16.4 ms  R=0.209  target=0.00  dets=10  vru=True  backend=tensorrt
13:39:33  INFO       [fixed_medium / idle] 160/200  tier=MEDIUM  latency=13.6 ms  R=0.259  target=0.00  dets=1  vru=False  backend=tensorrt
13:39:33  INFO       [fixed_medium / idle] 180/200  tier=MEDIUM  latency=15.4 ms  R=0.262  target=0.00  dets=8  vru=False  backend=tensorrt
13:39:34  INFO       [fixed_medium / idle] 200/200  tier=MEDIUM  latency=15.0 ms  R=0.283  target=0.00  dets=7  vru=True  backend=tensorrt
13:39:34  INFO     [RAMS] Controller stopped.
13:39:34  INFO     
--- Block 7/10  Policy: fixed_small  Load: idle (0%) ---
13:39:34  INFO     [RAMS] Starting resource monitor ...
13:39:34  INFO     [RAMS] Loading model tiers ...
WARNING ⚠️ Unable to automatically guess model task, assuming 'task=detect'. Explicitly define task for your model, i.e. 'task=detect', 'segment', 'classify', 'pose', 'obb' or 'semantic'.
Loading yolov8n.engine for TensorRT inference...
[09/09/2026-13:39:34] [TRT] [I] Loaded engine size: 7 MiB
[09/09/2026-13:39:34] [TRT] [I] [MemUsageChange] TensorRT-managed allocation in IExecutionContext creation: CPU +0, GPU +3, now: CPU 0, GPU 9 (MiB)
13:39:34  INFO     [RAMS] YOLOv8-nano ready — TensorRT yolov8n.engine (imgsz=320).
WARNING ⚠️ Unable to automatically guess model task, assuming 'task=detect'. Explicitly define task for your model, i.e. 'task=detect', 'segment', 'classify', 'pose', 'obb' or 'semantic'.
Loading yolov8s.engine for TensorRT inference...
[09/09/2026-13:39:34] [TRT] [I] The logger passed into createInferRuntime differs from one already provided for an existing builder, runtime, or refitter. Uses of the global logger, returned by nvinfer1::getLogger(), will return the existing value.
[09/09/2026-13:39:34] [TRT] [I] Loaded engine size: 23 MiB
[09/09/2026-13:39:34] [TRT] [I] [MemUsageChange] TensorRT-managed allocation in IExecutionContext creation: CPU +1, GPU +7, now: CPU 1, GPU 38 (MiB)
13:39:34  INFO     [RAMS] YOLOv8-small ready — TensorRT yolov8s.engine (imgsz=416).
WARNING ⚠️ Unable to automatically guess model task, assuming 'task=detect'. Explicitly define task for your model, i.e. 'task=detect', 'segment', 'classify', 'pose', 'obb' or 'semantic'.
Loading yolov8m.engine for TensorRT inference...
[09/09/2026-13:39:34] [TRT] [I] The logger passed into createInferRuntime differs from one already provided for an existing builder, runtime, or refitter. Uses of the global logger, returned by nvinfer1::getLogger(), will return the existing value.
[09/09/2026-13:39:34] [TRT] [I] Loaded engine size: 52 MiB
[09/09/2026-13:39:34] [TRT] [I] [MemUsageChange] TensorRT-managed allocation in IExecutionContext creation: CPU +0, GPU +29, now: CPU 1, GPU 117 (MiB)
13:39:34  INFO     [RAMS] YOLOv8-medium ready — TensorRT yolov8m.engine (imgsz=640).
13:39:34  INFO     [RAMS] Controller ready. Policy: fixed
13:39:35  INFO       [fixed_small / idle] 20/200  tier=SMALL   latency=7.6 ms  R=0.239  target=0.00  dets=1  vru=False  backend=tensorrt
13:39:36  INFO       [fixed_small / idle] 40/200  tier=SMALL   latency=8.7 ms  R=0.273  target=0.00  dets=6  vru=False  backend=tensorrt
13:39:36  INFO       [fixed_small / idle] 60/200  tier=SMALL   latency=8.2 ms  R=0.206  target=0.00  dets=3  vru=False  backend=tensorrt
13:39:37  INFO       [fixed_small / idle] 80/200  tier=SMALL   latency=8.3 ms  R=0.210  target=0.00  dets=4  vru=False  backend=tensorrt
13:39:37  INFO       [fixed_small / idle] 100/200  tier=SMALL   latency=9.4 ms  R=0.237  target=0.00  dets=9  vru=False  backend=tensorrt
13:39:37  INFO       [fixed_small / idle] 120/200  tier=SMALL   latency=7.7 ms  R=0.203  target=0.00  dets=2  vru=False  backend=tensorrt
13:39:38  INFO       [fixed_small / idle] 140/200  tier=SMALL   latency=8.8 ms  R=0.249  target=0.00  dets=7  vru=True  backend=tensorrt
13:39:38  INFO       [fixed_small / idle] 160/200  tier=SMALL   latency=6.0 ms  R=0.123  target=0.00  dets=0  vru=False  backend=tensorrt
13:39:39  INFO       [fixed_small / idle] 180/200  tier=SMALL   latency=8.3 ms  R=0.159  target=0.00  dets=4  vru=False  backend=tensorrt
13:39:39  INFO       [fixed_small / idle] 200/200  tier=SMALL   latency=8.9 ms  R=0.145  target=0.00  dets=8  vru=True  backend=tensorrt
13:39:39  INFO     [RAMS] Controller stopped.
13:39:39  INFO     
--- Block 7/10  Policy: safety2  Load: idle (0%) ---
13:39:39  INFO     [RAMS] Starting resource monitor ...
13:39:39  INFO     [RAMS] Loading model tiers ...
WARNING ⚠️ Unable to automatically guess model task, assuming 'task=detect'. Explicitly define task for your model, i.e. 'task=detect', 'segment', 'classify', 'pose', 'obb' or 'semantic'.
Loading yolov8n.engine for TensorRT inference...
[09/09/2026-13:39:39] [TRT] [I] Loaded engine size: 7 MiB
[09/09/2026-13:39:39] [TRT] [I] [MemUsageChange] TensorRT-managed allocation in IExecutionContext creation: CPU +0, GPU +3, now: CPU 0, GPU 9 (MiB)
13:39:39  INFO     [RAMS] YOLOv8-nano ready — TensorRT yolov8n.engine (imgsz=320).
WARNING ⚠️ Unable to automatically guess model task, assuming 'task=detect'. Explicitly define task for your model, i.e. 'task=detect', 'segment', 'classify', 'pose', 'obb' or 'semantic'.
Loading yolov8s.engine for TensorRT inference...
[09/09/2026-13:39:39] [TRT] [I] The logger passed into createInferRuntime differs from one already provided for an existing builder, runtime, or refitter. Uses of the global logger, returned by nvinfer1::getLogger(), will return the existing value.
[09/09/2026-13:39:39] [TRT] [I] Loaded engine size: 23 MiB
[09/09/2026-13:39:39] [TRT] [I] [MemUsageChange] TensorRT-managed allocation in IExecutionContext creation: CPU +1, GPU +7, now: CPU 1, GPU 38 (MiB)
13:39:39  INFO     [RAMS] YOLOv8-small ready — TensorRT yolov8s.engine (imgsz=416).
WARNING ⚠️ Unable to automatically guess model task, assuming 'task=detect'. Explicitly define task for your model, i.e. 'task=detect', 'segment', 'classify', 'pose', 'obb' or 'semantic'.
Loading yolov8m.engine for TensorRT inference...
[09/09/2026-13:39:39] [TRT] [I] The logger passed into createInferRuntime differs from one already provided for an existing builder, runtime, or refitter. Uses of the global logger, returned by nvinfer1::getLogger(), will return the existing value.
[09/09/2026-13:39:39] [TRT] [I] Loaded engine size: 52 MiB
[09/09/2026-13:39:40] [TRT] [I] [MemUsageChange] TensorRT-managed allocation in IExecutionContext creation: CPU +0, GPU +29, now: CPU 1, GPU 117 (MiB)
13:39:40  INFO     [RAMS] YOLOv8-medium ready — TensorRT yolov8m.engine (imgsz=640).
13:39:40  INFO     [RAMS] Controller ready. Policy: safety2
13:39:41  INFO     [RAMS] Tier switch: SMALL → MEDIUM  (R=0.080)
13:39:41  INFO     [RAMS] Tier switch: MEDIUM → SMALL  (R=0.136)
13:39:41  INFO     [RAMS] Tier switch: SMALL → MEDIUM  (R=0.147)
13:39:41  INFO       [safety2 / idle] 20/200  tier=MEDIUM  latency=13.5 ms  R=0.123  target=0.00  dets=1  vru=False  backend=tensorrt
13:39:42  INFO       [safety2 / idle] 40/200  tier=MEDIUM  latency=14.8 ms  R=0.188  target=0.00  dets=7  vru=False  backend=tensorrt
13:39:42  INFO     [RAMS] Tier switch: MEDIUM → SMALL  (R=0.179)
13:39:42  INFO     [RAMS] Tier switch: SMALL → MEDIUM  (R=0.137)
13:39:42  INFO       [safety2 / idle] 60/200  tier=MEDIUM  latency=14.0 ms  R=0.143  target=0.00  dets=3  vru=False  backend=tensorrt
13:39:43  INFO       [safety2 / idle] 80/200  tier=MEDIUM  latency=14.4 ms  R=0.200  target=0.00  dets=5  vru=True  backend=tensorrt
13:39:43  INFO       [safety2 / idle] 100/200  tier=MEDIUM  latency=16.5 ms  R=0.197  target=0.00  dets=15  vru=False  backend=tensorrt
13:39:44  INFO       [safety2 / idle] 120/200  tier=MEDIUM  latency=13.9 ms  R=0.120  target=0.00  dets=3  vru=True  backend=tensorrt
13:39:44  INFO       [safety2 / idle] 140/200  tier=MEDIUM  latency=15.5 ms  R=0.139  target=0.00  dets=10  vru=True  backend=tensorrt
13:39:45  INFO       [safety2 / idle] 160/200  tier=MEDIUM  latency=13.7 ms  R=0.185  target=0.00  dets=1  vru=False  backend=tensorrt
13:39:45  INFO     [RAMS] Tier switch: MEDIUM → SMALL  (R=0.209)
13:39:45  INFO     [RAMS] Tier switch: SMALL → MEDIUM  (R=0.129)
13:39:45  INFO       [safety2 / idle] 180/200  tier=MEDIUM  latency=14.9 ms  R=0.171  target=0.00  dets=8  vru=False  backend=tensorrt
13:39:46  INFO       [safety2 / idle] 200/200  tier=MEDIUM  latency=14.8 ms  R=0.205  target=0.00  dets=7  vru=True  backend=tensorrt
13:39:46  INFO     [RAMS] Controller stopped.
13:39:46  INFO     
--- Block 7/10  Policy: threshold  Load: idle (0%) ---
13:39:46  INFO     [RAMS] Starting resource monitor ...
13:39:46  INFO     [RAMS] Loading model tiers ...
WARNING ⚠️ Unable to automatically guess model task, assuming 'task=detect'. Explicitly define task for your model, i.e. 'task=detect', 'segment', 'classify', 'pose', 'obb' or 'semantic'.
Loading yolov8n.engine for TensorRT inference...
[09/09/2026-13:39:46] [TRT] [I] Loaded engine size: 7 MiB
[09/09/2026-13:39:46] [TRT] [I] [MemUsageChange] TensorRT-managed allocation in IExecutionContext creation: CPU +0, GPU +3, now: CPU 0, GPU 9 (MiB)
13:39:46  INFO     [RAMS] YOLOv8-nano ready — TensorRT yolov8n.engine (imgsz=320).
WARNING ⚠️ Unable to automatically guess model task, assuming 'task=detect'. Explicitly define task for your model, i.e. 'task=detect', 'segment', 'classify', 'pose', 'obb' or 'semantic'.
Loading yolov8s.engine for TensorRT inference...
[09/09/2026-13:39:46] [TRT] [I] The logger passed into createInferRuntime differs from one already provided for an existing builder, runtime, or refitter. Uses of the global logger, returned by nvinfer1::getLogger(), will return the existing value.
[09/09/2026-13:39:46] [TRT] [I] Loaded engine size: 23 MiB
[09/09/2026-13:39:46] [TRT] [I] [MemUsageChange] TensorRT-managed allocation in IExecutionContext creation: CPU +1, GPU +7, now: CPU 1, GPU 38 (MiB)
13:39:46  INFO     [RAMS] YOLOv8-small ready — TensorRT yolov8s.engine (imgsz=416).
WARNING ⚠️ Unable to automatically guess model task, assuming 'task=detect'. Explicitly define task for your model, i.e. 'task=detect', 'segment', 'classify', 'pose', 'obb' or 'semantic'.
Loading yolov8m.engine for TensorRT inference...
[09/09/2026-13:39:46] [TRT] [I] The logger passed into createInferRuntime differs from one already provided for an existing builder, runtime, or refitter. Uses of the global logger, returned by nvinfer1::getLogger(), will return the existing value.
[09/09/2026-13:39:46] [TRT] [I] Loaded engine size: 52 MiB
[09/09/2026-13:39:46] [TRT] [I] [MemUsageChange] TensorRT-managed allocation in IExecutionContext creation: CPU +0, GPU +29, now: CPU 1, GPU 117 (MiB)
13:39:46  INFO     [RAMS] YOLOv8-medium ready — TensorRT yolov8m.engine (imgsz=640).
13:39:46  INFO     [RAMS] Controller ready. Policy: threshold
13:39:47  INFO     [RAMS] Tier switch: SMALL → MEDIUM  (R=0.068)
13:39:47  INFO     [RAMS] Tier switch: MEDIUM → SMALL  (R=0.192)
13:39:48  INFO       [threshold / idle] 20/200  tier=SMALL   latency=7.4 ms  R=0.163  target=0.00  dets=1  vru=False  backend=tensorrt
13:39:48  INFO       [threshold / idle] 40/200  tier=SMALL   latency=8.6 ms  R=0.159  target=0.00  dets=6  vru=False  backend=tensorrt
13:39:48  INFO       [threshold / idle] 60/200  tier=SMALL   latency=7.8 ms  R=0.145  target=0.00  dets=3  vru=False  backend=tensorrt
13:39:49  INFO       [threshold / idle] 80/200  tier=SMALL   latency=8.4 ms  R=0.232  target=0.00  dets=4  vru=False  backend=tensorrt
13:39:49  INFO       [threshold / idle] 100/200  tier=SMALL   latency=9.0 ms  R=0.140  target=0.00  dets=9  vru=False  backend=tensorrt
13:39:50  INFO     [RAMS] Tier switch: SMALL → MEDIUM  (R=0.129)
13:39:50  INFO       [threshold / idle] 120/200  tier=MEDIUM  latency=13.8 ms  R=0.129  target=0.00  dets=3  vru=True  backend=tensorrt
13:39:50  INFO     [RAMS] Tier switch: MEDIUM → SMALL  (R=0.277)
13:39:50  INFO       [threshold / idle] 140/200  tier=SMALL   latency=8.7 ms  R=0.142  target=0.00  dets=7  vru=True  backend=tensorrt
13:39:51  INFO       [threshold / idle] 160/200  tier=SMALL   latency=6.0 ms  R=0.150  target=0.00  dets=0  vru=False  backend=tensorrt
13:39:51  INFO       [threshold / idle] 180/200  tier=SMALL   latency=8.1 ms  R=0.154  target=0.00  dets=4  vru=False  backend=tensorrt
13:39:51  INFO       [threshold / idle] 200/200  tier=SMALL   latency=8.9 ms  R=0.153  target=0.00  dets=8  vru=True  backend=tensorrt
13:39:52  INFO     [RAMS] Controller stopped.
13:39:52  INFO     
--- Block 7/10  Policy: predictive  Load: idle (0%) ---
13:39:52  INFO     [RAMS] Starting resource monitor ...
13:39:52  INFO     [RAMS] Loading model tiers ...
WARNING ⚠️ Unable to automatically guess model task, assuming 'task=detect'. Explicitly define task for your model, i.e. 'task=detect', 'segment', 'classify', 'pose', 'obb' or 'semantic'.
Loading yolov8n.engine for TensorRT inference...
[09/09/2026-13:39:52] [TRT] [I] Loaded engine size: 7 MiB
[09/09/2026-13:39:52] [TRT] [I] [MemUsageChange] TensorRT-managed allocation in IExecutionContext creation: CPU +0, GPU +3, now: CPU 0, GPU 9 (MiB)
13:39:52  INFO     [RAMS] YOLOv8-nano ready — TensorRT yolov8n.engine (imgsz=320).
WARNING ⚠️ Unable to automatically guess model task, assuming 'task=detect'. Explicitly define task for your model, i.e. 'task=detect', 'segment', 'classify', 'pose', 'obb' or 'semantic'.
Loading yolov8s.engine for TensorRT inference...
[09/09/2026-13:39:52] [TRT] [I] The logger passed into createInferRuntime differs from one already provided for an existing builder, runtime, or refitter. Uses of the global logger, returned by nvinfer1::getLogger(), will return the existing value.
[09/09/2026-13:39:52] [TRT] [I] Loaded engine size: 23 MiB
[09/09/2026-13:39:52] [TRT] [I] [MemUsageChange] TensorRT-managed allocation in IExecutionContext creation: CPU +1, GPU +7, now: CPU 1, GPU 38 (MiB)
13:39:52  INFO     [RAMS] YOLOv8-small ready — TensorRT yolov8s.engine (imgsz=416).
WARNING ⚠️ Unable to automatically guess model task, assuming 'task=detect'. Explicitly define task for your model, i.e. 'task=detect', 'segment', 'classify', 'pose', 'obb' or 'semantic'.
Loading yolov8m.engine for TensorRT inference...
[09/09/2026-13:39:52] [TRT] [I] The logger passed into createInferRuntime differs from one already provided for an existing builder, runtime, or refitter. Uses of the global logger, returned by nvinfer1::getLogger(), will return the existing value.
[09/09/2026-13:39:52] [TRT] [I] Loaded engine size: 52 MiB
[09/09/2026-13:39:52] [TRT] [I] [MemUsageChange] TensorRT-managed allocation in IExecutionContext creation: CPU +0, GPU +29, now: CPU 1, GPU 117 (MiB)
13:39:52  INFO     [RAMS] YOLOv8-medium ready — TensorRT yolov8m.engine (imgsz=640).
13:39:52  INFO     [RAMS] Controller ready. Policy: predictive
13:39:53  INFO     [RAMS] Tier switch: SMALL → MEDIUM  (R=0.068)
13:39:53  INFO     [RAMS] Tier switch: MEDIUM → SMALL  (R=0.351)
13:39:53  INFO       [predictive / idle] 20/200  tier=SMALL   latency=7.8 ms  R=0.270  target=0.00  dets=1  vru=False  backend=tensorrt
13:39:54  INFO       [predictive / idle] 40/200  tier=SMALL   latency=8.6 ms  R=0.217  target=0.00  dets=6  vru=False  backend=tensorrt
13:39:54  INFO       [predictive / idle] 60/200  tier=SMALL   latency=8.1 ms  R=0.228  target=0.00  dets=3  vru=False  backend=tensorrt
13:39:54  INFO       [predictive / idle] 80/200  tier=SMALL   latency=8.6 ms  R=0.242  target=0.00  dets=4  vru=False  backend=tensorrt
13:39:55  INFO       [predictive / idle] 100/200  tier=SMALL   latency=9.4 ms  R=0.218  target=0.00  dets=9  vru=False  backend=tensorrt
13:39:55  INFO       [predictive / idle] 120/200  tier=SMALL   latency=8.6 ms  R=0.232  target=0.00  dets=2  vru=False  backend=tensorrt
13:39:56  INFO       [predictive / idle] 140/200  tier=SMALL   latency=8.9 ms  R=0.241  target=0.00  dets=7  vru=True  backend=tensorrt
13:39:56  INFO       [predictive / idle] 160/200  tier=SMALL   latency=6.3 ms  R=0.222  target=0.00  dets=0  vru=False  backend=tensorrt
13:39:56  INFO       [predictive / idle] 180/200  tier=SMALL   latency=8.3 ms  R=0.247  target=0.00  dets=4  vru=False  backend=tensorrt
13:39:57  INFO       [predictive / idle] 200/200  tier=SMALL   latency=9.2 ms  R=0.299  target=0.00  dets=8  vru=True  backend=tensorrt
13:39:57  INFO     [RAMS] Controller stopped.
13:39:57  INFO     
--- Block 7/10  Policy: safety  Load: idle (0%) ---
13:39:57  INFO     [RAMS] Starting resource monitor ...
13:39:57  INFO     [RAMS] Loading model tiers ...
WARNING ⚠️ Unable to automatically guess model task, assuming 'task=detect'. Explicitly define task for your model, i.e. 'task=detect', 'segment', 'classify', 'pose', 'obb' or 'semantic'.
Loading yolov8n.engine for TensorRT inference...
[09/09/2026-13:39:57] [TRT] [I] Loaded engine size: 7 MiB
[09/09/2026-13:39:57] [TRT] [I] [MemUsageChange] TensorRT-managed allocation in IExecutionContext creation: CPU +0, GPU +3, now: CPU 0, GPU 9 (MiB)
13:39:57  INFO     [RAMS] YOLOv8-nano ready — TensorRT yolov8n.engine (imgsz=320).
WARNING ⚠️ Unable to automatically guess model task, assuming 'task=detect'. Explicitly define task for your model, i.e. 'task=detect', 'segment', 'classify', 'pose', 'obb' or 'semantic'.
Loading yolov8s.engine for TensorRT inference...
[09/09/2026-13:39:57] [TRT] [I] The logger passed into createInferRuntime differs from one already provided for an existing builder, runtime, or refitter. Uses of the global logger, returned by nvinfer1::getLogger(), will return the existing value.
[09/09/2026-13:39:57] [TRT] [I] Loaded engine size: 23 MiB
[09/09/2026-13:39:57] [TRT] [I] [MemUsageChange] TensorRT-managed allocation in IExecutionContext creation: CPU +1, GPU +7, now: CPU 1, GPU 38 (MiB)
13:39:57  INFO     [RAMS] YOLOv8-small ready — TensorRT yolov8s.engine (imgsz=416).
WARNING ⚠️ Unable to automatically guess model task, assuming 'task=detect'. Explicitly define task for your model, i.e. 'task=detect', 'segment', 'classify', 'pose', 'obb' or 'semantic'.
Loading yolov8m.engine for TensorRT inference...
[09/09/2026-13:39:57] [TRT] [I] The logger passed into createInferRuntime differs from one already provided for an existing builder, runtime, or refitter. Uses of the global logger, returned by nvinfer1::getLogger(), will return the existing value.
[09/09/2026-13:39:57] [TRT] [I] Loaded engine size: 52 MiB
[09/09/2026-13:39:57] [TRT] [I] [MemUsageChange] TensorRT-managed allocation in IExecutionContext creation: CPU +0, GPU +29, now: CPU 1, GPU 117 (MiB)
13:39:57  INFO     [RAMS] YOLOv8-medium ready — TensorRT yolov8m.engine (imgsz=640).
13:39:57  INFO     [RAMS] Controller ready. Policy: safety
13:39:59  INFO       [safety / idle] 20/200  tier=SMALL   latency=7.5 ms  R=0.185  target=0.00  dets=1  vru=False  backend=tensorrt
13:39:59  INFO       [safety / idle] 40/200  tier=SMALL   latency=8.4 ms  R=0.153  target=0.00  dets=6  vru=False  backend=tensorrt
13:39:59  INFO       [safety / idle] 60/200  tier=SMALL   latency=7.8 ms  R=0.151  target=0.00  dets=3  vru=False  backend=tensorrt
13:40:00  INFO       [safety / idle] 80/200  tier=SMALL   latency=8.0 ms  R=0.215  target=0.00  dets=4  vru=False  backend=tensorrt
13:40:00  INFO       [safety / idle] 100/200  tier=SMALL   latency=9.0 ms  R=0.159  target=0.00  dets=9  vru=False  backend=tensorrt
13:40:00  INFO     [RAMS] Tier switch: SMALL → MEDIUM  (R=0.128)
13:40:01  INFO     [RAMS] Tier switch: MEDIUM → SMALL  (R=0.132)
13:40:01  INFO       [safety / idle] 120/200  tier=SMALL   latency=8.0 ms  R=0.151  target=0.00  dets=2  vru=False  backend=tensorrt
13:40:01  INFO       [safety / idle] 140/200  tier=SMALL   latency=9.9 ms  R=0.159  target=0.00  dets=7  vru=True  backend=tensorrt
13:40:02  INFO       [safety / idle] 160/200  tier=SMALL   latency=5.9 ms  R=0.147  target=0.00  dets=0  vru=False  backend=tensorrt
13:40:02  INFO       [safety / idle] 180/200  tier=SMALL   latency=8.3 ms  R=0.153  target=0.00  dets=4  vru=False  backend=tensorrt
13:40:02  INFO       [safety / idle] 200/200  tier=SMALL   latency=9.0 ms  R=0.143  target=0.00  dets=8  vru=True  backend=tensorrt
13:40:03  INFO     [RAMS] Controller stopped.
13:40:03  INFO     
--- Block 8/10  Policy: fixed_small  Load: idle (0%) ---
13:40:03  INFO     [RAMS] Starting resource monitor ...
13:40:03  INFO     [RAMS] Loading model tiers ...
WARNING ⚠️ Unable to automatically guess model task, assuming 'task=detect'. Explicitly define task for your model, i.e. 'task=detect', 'segment', 'classify', 'pose', 'obb' or 'semantic'.
Loading yolov8n.engine for TensorRT inference...
[09/09/2026-13:40:03] [TRT] [I] Loaded engine size: 7 MiB
[09/09/2026-13:40:03] [TRT] [I] [MemUsageChange] TensorRT-managed allocation in IExecutionContext creation: CPU +0, GPU +3, now: CPU 0, GPU 9 (MiB)
13:40:03  INFO     [RAMS] YOLOv8-nano ready — TensorRT yolov8n.engine (imgsz=320).
WARNING ⚠️ Unable to automatically guess model task, assuming 'task=detect'. Explicitly define task for your model, i.e. 'task=detect', 'segment', 'classify', 'pose', 'obb' or 'semantic'.
Loading yolov8s.engine for TensorRT inference...
[09/09/2026-13:40:03] [TRT] [I] The logger passed into createInferRuntime differs from one already provided for an existing builder, runtime, or refitter. Uses of the global logger, returned by nvinfer1::getLogger(), will return the existing value.
[09/09/2026-13:40:03] [TRT] [I] Loaded engine size: 23 MiB
[09/09/2026-13:40:03] [TRT] [I] [MemUsageChange] TensorRT-managed allocation in IExecutionContext creation: CPU +1, GPU +7, now: CPU 1, GPU 38 (MiB)
13:40:03  INFO     [RAMS] YOLOv8-small ready — TensorRT yolov8s.engine (imgsz=416).
WARNING ⚠️ Unable to automatically guess model task, assuming 'task=detect'. Explicitly define task for your model, i.e. 'task=detect', 'segment', 'classify', 'pose', 'obb' or 'semantic'.
Loading yolov8m.engine for TensorRT inference...
[09/09/2026-13:40:03] [TRT] [I] The logger passed into createInferRuntime differs from one already provided for an existing builder, runtime, or refitter. Uses of the global logger, returned by nvinfer1::getLogger(), will return the existing value.
[09/09/2026-13:40:03] [TRT] [I] Loaded engine size: 52 MiB
[09/09/2026-13:40:03] [TRT] [I] [MemUsageChange] TensorRT-managed allocation in IExecutionContext creation: CPU +0, GPU +29, now: CPU 1, GPU 117 (MiB)
13:40:03  INFO     [RAMS] YOLOv8-medium ready — TensorRT yolov8m.engine (imgsz=640).
13:40:03  INFO     [RAMS] Controller ready. Policy: fixed
13:40:04  INFO       [fixed_small / idle] 20/200  tier=SMALL   latency=7.4 ms  R=0.152  target=0.00  dets=1  vru=False  backend=tensorrt
13:40:05  INFO       [fixed_small / idle] 40/200  tier=SMALL   latency=8.9 ms  R=0.153  target=0.00  dets=5  vru=False  backend=tensorrt
13:40:05  INFO       [fixed_small / idle] 60/200  tier=SMALL   latency=8.9 ms  R=0.148  target=0.00  dets=8  vru=False  backend=tensorrt
13:40:06  INFO       [fixed_small / idle] 80/200  tier=SMALL   latency=8.5 ms  R=0.152  target=0.00  dets=5  vru=False  backend=tensorrt
13:40:06  INFO       [fixed_small / idle] 100/200  tier=SMALL   latency=9.2 ms  R=0.123  target=0.00  dets=9  vru=False  backend=tensorrt
13:40:06  INFO       [fixed_small / idle] 120/200  tier=SMALL   latency=5.8 ms  R=0.152  target=0.00  dets=0  vru=False  backend=tensorrt
13:40:07  INFO       [fixed_small / idle] 140/200  tier=SMALL   latency=7.5 ms  R=0.156  target=0.00  dets=1  vru=False  backend=tensorrt
13:40:07  INFO       [fixed_small / idle] 160/200  tier=SMALL   latency=7.4 ms  R=0.145  target=0.00  dets=1  vru=False  backend=tensorrt
13:40:08  INFO       [fixed_small / idle] 180/200  tier=SMALL   latency=8.0 ms  R=0.137  target=0.00  dets=3  vru=False  backend=tensorrt
13:40:08  INFO       [fixed_small / idle] 200/200  tier=SMALL   latency=9.9 ms  R=0.157  target=0.00  dets=12  vru=False  backend=tensorrt
13:40:08  INFO     [RAMS] Controller stopped.
13:40:08  INFO     
--- Block 8/10  Policy: safety  Load: idle (0%) ---
13:40:08  INFO     [RAMS] Starting resource monitor ...
13:40:08  INFO     [RAMS] Loading model tiers ...
WARNING ⚠️ Unable to automatically guess model task, assuming 'task=detect'. Explicitly define task for your model, i.e. 'task=detect', 'segment', 'classify', 'pose', 'obb' or 'semantic'.
Loading yolov8n.engine for TensorRT inference...
[09/09/2026-13:40:08] [TRT] [I] Loaded engine size: 7 MiB
[09/09/2026-13:40:08] [TRT] [I] [MemUsageChange] TensorRT-managed allocation in IExecutionContext creation: CPU +0, GPU +3, now: CPU 0, GPU 9 (MiB)
13:40:08  INFO     [RAMS] YOLOv8-nano ready — TensorRT yolov8n.engine (imgsz=320).
WARNING ⚠️ Unable to automatically guess model task, assuming 'task=detect'. Explicitly define task for your model, i.e. 'task=detect', 'segment', 'classify', 'pose', 'obb' or 'semantic'.
Loading yolov8s.engine for TensorRT inference...
[09/09/2026-13:40:08] [TRT] [I] The logger passed into createInferRuntime differs from one already provided for an existing builder, runtime, or refitter. Uses of the global logger, returned by nvinfer1::getLogger(), will return the existing value.
[09/09/2026-13:40:08] [TRT] [I] Loaded engine size: 23 MiB
[09/09/2026-13:40:08] [TRT] [I] [MemUsageChange] TensorRT-managed allocation in IExecutionContext creation: CPU +1, GPU +7, now: CPU 1, GPU 38 (MiB)
13:40:08  INFO     [RAMS] YOLOv8-small ready — TensorRT yolov8s.engine (imgsz=416).
WARNING ⚠️ Unable to automatically guess model task, assuming 'task=detect'. Explicitly define task for your model, i.e. 'task=detect', 'segment', 'classify', 'pose', 'obb' or 'semantic'.
Loading yolov8m.engine for TensorRT inference...
[09/09/2026-13:40:08] [TRT] [I] The logger passed into createInferRuntime differs from one already provided for an existing builder, runtime, or refitter. Uses of the global logger, returned by nvinfer1::getLogger(), will return the existing value.
[09/09/2026-13:40:08] [TRT] [I] Loaded engine size: 52 MiB
[09/09/2026-13:40:08] [TRT] [I] [MemUsageChange] TensorRT-managed allocation in IExecutionContext creation: CPU +0, GPU +29, now: CPU 1, GPU 117 (MiB)
13:40:08  INFO     [RAMS] YOLOv8-medium ready — TensorRT yolov8m.engine (imgsz=640).
13:40:08  INFO     [RAMS] Controller ready. Policy: safety
13:40:09  INFO     [RAMS] Tier switch: SMALL → MEDIUM  (R=0.068)
13:40:10  INFO     [RAMS] Tier switch: MEDIUM → SMALL  (R=0.140)
13:40:10  INFO       [safety / idle] 20/200  tier=SMALL   latency=8.5 ms  R=0.140  target=0.00  dets=1  vru=False  backend=tensorrt
13:40:10  INFO       [safety / idle] 40/200  tier=SMALL   latency=8.2 ms  R=0.150  target=0.00  dets=5  vru=False  backend=tensorrt
13:40:11  INFO       [safety / idle] 60/200  tier=SMALL   latency=8.8 ms  R=0.152  target=0.00  dets=8  vru=False  backend=tensorrt
13:40:11  INFO       [safety / idle] 80/200  tier=SMALL   latency=8.3 ms  R=0.159  target=0.00  dets=5  vru=False  backend=tensorrt
13:40:11  INFO       [safety / idle] 100/200  tier=SMALL   latency=9.2 ms  R=0.147  target=0.00  dets=9  vru=False  backend=tensorrt
13:40:12  INFO       [safety / idle] 120/200  tier=SMALL   latency=6.0 ms  R=0.257  target=0.00  dets=0  vru=False  backend=tensorrt
13:40:12  INFO       [safety / idle] 140/200  tier=SMALL   latency=7.4 ms  R=0.151  target=0.00  dets=1  vru=False  backend=tensorrt
13:40:13  INFO       [safety / idle] 160/200  tier=SMALL   latency=7.3 ms  R=0.168  target=0.00  dets=1  vru=False  backend=tensorrt
13:40:13  INFO       [safety / idle] 180/200  tier=SMALL   latency=7.9 ms  R=0.151  target=0.00  dets=3  vru=False  backend=tensorrt
13:40:13  INFO       [safety / idle] 200/200  tier=SMALL   latency=9.6 ms  R=0.152  target=0.00  dets=12  vru=False  backend=tensorrt
13:40:14  INFO     [RAMS] Controller stopped.
13:40:14  INFO     
--- Block 8/10  Policy: threshold  Load: idle (0%) ---
13:40:14  INFO     [RAMS] Starting resource monitor ...
13:40:14  INFO     [RAMS] Loading model tiers ...
WARNING ⚠️ Unable to automatically guess model task, assuming 'task=detect'. Explicitly define task for your model, i.e. 'task=detect', 'segment', 'classify', 'pose', 'obb' or 'semantic'.
Loading yolov8n.engine for TensorRT inference...
[09/09/2026-13:40:14] [TRT] [I] Loaded engine size: 7 MiB
[09/09/2026-13:40:14] [TRT] [I] [MemUsageChange] TensorRT-managed allocation in IExecutionContext creation: CPU +0, GPU +3, now: CPU 0, GPU 9 (MiB)
13:40:14  INFO     [RAMS] YOLOv8-nano ready — TensorRT yolov8n.engine (imgsz=320).
WARNING ⚠️ Unable to automatically guess model task, assuming 'task=detect'. Explicitly define task for your model, i.e. 'task=detect', 'segment', 'classify', 'pose', 'obb' or 'semantic'.
Loading yolov8s.engine for TensorRT inference...
[09/09/2026-13:40:14] [TRT] [I] The logger passed into createInferRuntime differs from one already provided for an existing builder, runtime, or refitter. Uses of the global logger, returned by nvinfer1::getLogger(), will return the existing value.
[09/09/2026-13:40:14] [TRT] [I] Loaded engine size: 23 MiB
[09/09/2026-13:40:14] [TRT] [I] [MemUsageChange] TensorRT-managed allocation in IExecutionContext creation: CPU +1, GPU +7, now: CPU 1, GPU 38 (MiB)
13:40:14  INFO     [RAMS] YOLOv8-small ready — TensorRT yolov8s.engine (imgsz=416).
WARNING ⚠️ Unable to automatically guess model task, assuming 'task=detect'. Explicitly define task for your model, i.e. 'task=detect', 'segment', 'classify', 'pose', 'obb' or 'semantic'.
Loading yolov8m.engine for TensorRT inference...
[09/09/2026-13:40:14] [TRT] [I] The logger passed into createInferRuntime differs from one already provided for an existing builder, runtime, or refitter. Uses of the global logger, returned by nvinfer1::getLogger(), will return the existing value.
[09/09/2026-13:40:14] [TRT] [I] Loaded engine size: 52 MiB
[09/09/2026-13:40:14] [TRT] [I] [MemUsageChange] TensorRT-managed allocation in IExecutionContext creation: CPU +0, GPU +29, now: CPU 1, GPU 117 (MiB)
13:40:14  INFO     [RAMS] YOLOv8-medium ready — TensorRT yolov8m.engine (imgsz=640).
13:40:14  INFO     [RAMS] Controller ready. Policy: threshold
13:40:15  INFO       [threshold / idle] 20/200  tier=SMALL   latency=7.7 ms  R=0.207  target=0.00  dets=1  vru=False  backend=tensorrt
13:40:16  INFO       [threshold / idle] 40/200  tier=SMALL   latency=8.7 ms  R=0.243  target=0.00  dets=5  vru=False  backend=tensorrt
13:40:16  INFO       [threshold / idle] 60/200  tier=SMALL   latency=9.3 ms  R=0.244  target=0.00  dets=8  vru=False  backend=tensorrt
13:40:16  INFO       [threshold / idle] 80/200  tier=SMALL   latency=8.5 ms  R=0.224  target=0.00  dets=5  vru=False  backend=tensorrt
13:40:17  INFO       [threshold / idle] 100/200  tier=SMALL   latency=9.5 ms  R=0.232  target=0.00  dets=9  vru=False  backend=tensorrt
13:40:17  INFO       [threshold / idle] 120/200  tier=SMALL   latency=6.3 ms  R=0.219  target=0.00  dets=0  vru=False  backend=tensorrt
13:40:18  INFO       [threshold / idle] 140/200  tier=SMALL   latency=7.7 ms  R=0.228  target=0.00  dets=1  vru=False  backend=tensorrt
13:40:18  INFO       [threshold / idle] 160/200  tier=SMALL   latency=7.7 ms  R=0.218  target=0.00  dets=1  vru=False  backend=tensorrt
13:40:19  INFO       [threshold / idle] 180/200  tier=SMALL   latency=8.2 ms  R=0.221  target=0.00  dets=3  vru=False  backend=tensorrt
13:40:19  INFO       [threshold / idle] 200/200  tier=SMALL   latency=10.1 ms  R=0.262  target=0.00  dets=12  vru=False  backend=tensorrt
13:40:19  INFO     [RAMS] Controller stopped.
13:40:19  INFO     
--- Block 8/10  Policy: safety2  Load: idle (0%) ---
13:40:19  INFO     [RAMS] Starting resource monitor ...
13:40:19  INFO     [RAMS] Loading model tiers ...
WARNING ⚠️ Unable to automatically guess model task, assuming 'task=detect'. Explicitly define task for your model, i.e. 'task=detect', 'segment', 'classify', 'pose', 'obb' or 'semantic'.
Loading yolov8n.engine for TensorRT inference...
[09/09/2026-13:40:19] [TRT] [I] Loaded engine size: 7 MiB
[09/09/2026-13:40:19] [TRT] [I] [MemUsageChange] TensorRT-managed allocation in IExecutionContext creation: CPU +0, GPU +3, now: CPU 0, GPU 9 (MiB)
13:40:19  INFO     [RAMS] YOLOv8-nano ready — TensorRT yolov8n.engine (imgsz=320).
WARNING ⚠️ Unable to automatically guess model task, assuming 'task=detect'. Explicitly define task for your model, i.e. 'task=detect', 'segment', 'classify', 'pose', 'obb' or 'semantic'.
Loading yolov8s.engine for TensorRT inference...
[09/09/2026-13:40:19] [TRT] [I] The logger passed into createInferRuntime differs from one already provided for an existing builder, runtime, or refitter. Uses of the global logger, returned by nvinfer1::getLogger(), will return the existing value.
[09/09/2026-13:40:19] [TRT] [I] Loaded engine size: 23 MiB
[09/09/2026-13:40:19] [TRT] [I] [MemUsageChange] TensorRT-managed allocation in IExecutionContext creation: CPU +1, GPU +7, now: CPU 1, GPU 38 (MiB)
13:40:19  INFO     [RAMS] YOLOv8-small ready — TensorRT yolov8s.engine (imgsz=416).
WARNING ⚠️ Unable to automatically guess model task, assuming 'task=detect'. Explicitly define task for your model, i.e. 'task=detect', 'segment', 'classify', 'pose', 'obb' or 'semantic'.
Loading yolov8m.engine for TensorRT inference...
[09/09/2026-13:40:19] [TRT] [I] The logger passed into createInferRuntime differs from one already provided for an existing builder, runtime, or refitter. Uses of the global logger, returned by nvinfer1::getLogger(), will return the existing value.
[09/09/2026-13:40:19] [TRT] [I] Loaded engine size: 52 MiB
[09/09/2026-13:40:19] [TRT] [I] [MemUsageChange] TensorRT-managed allocation in IExecutionContext creation: CPU +0, GPU +29, now: CPU 1, GPU 117 (MiB)
13:40:19  INFO     [RAMS] YOLOv8-medium ready — TensorRT yolov8m.engine (imgsz=640).
13:40:19  INFO     [RAMS] Controller ready. Policy: safety2
13:40:20  INFO     [RAMS] Tier switch: SMALL → MEDIUM  (R=0.074)
13:40:21  INFO       [safety2 / idle] 20/200  tier=MEDIUM  latency=14.2 ms  R=0.308  target=0.00  dets=4  vru=True  backend=tensorrt
13:40:21  INFO     [RAMS] Tier switch: MEDIUM → SMALL  (R=0.163)
13:40:21  INFO       [safety2 / idle] 40/200  tier=SMALL   latency=8.3 ms  R=0.152  target=0.00  dets=5  vru=False  backend=tensorrt
13:40:21  INFO     [RAMS] Tier switch: SMALL → MEDIUM  (R=0.153)
13:40:22  INFO       [safety2 / idle] 60/200  tier=MEDIUM  latency=15.7 ms  R=0.291  target=0.00  dets=11  vru=True  backend=tensorrt
13:40:22  INFO       [safety2 / idle] 80/200  tier=MEDIUM  latency=14.5 ms  R=0.179  target=0.00  dets=6  vru=False  backend=tensorrt
13:40:23  INFO       [safety2 / idle] 100/200  tier=MEDIUM  latency=15.5 ms  R=0.188  target=0.00  dets=10  vru=False  backend=tensorrt
13:40:23  INFO       [safety2 / idle] 120/200  tier=MEDIUM  latency=13.8 ms  R=0.199  target=0.00  dets=3  vru=False  backend=tensorrt
13:40:24  INFO     [RAMS] Tier switch: MEDIUM → SMALL  (R=0.186)
13:40:24  INFO     [RAMS] Tier switch: SMALL → MEDIUM  (R=0.172)
13:40:24  INFO       [safety2 / idle] 140/200  tier=MEDIUM  latency=13.4 ms  R=0.172  target=0.00  dets=1  vru=False  backend=tensorrt
13:40:25  INFO       [safety2 / idle] 160/200  tier=MEDIUM  latency=14.0 ms  R=0.147  target=0.00  dets=4  vru=False  backend=tensorrt
13:40:25  INFO     [RAMS] Tier switch: MEDIUM → SMALL  (R=0.147)
13:40:25  INFO     [RAMS] Tier switch: SMALL → MEDIUM  (R=0.123)
13:40:25  INFO       [safety2 / idle] 180/200  tier=MEDIUM  latency=14.3 ms  R=0.188  target=0.00  dets=5  vru=False  backend=tensorrt
13:40:26  INFO       [safety2 / idle] 200/200  tier=MEDIUM  latency=16.6 ms  R=0.193  target=0.00  dets=16  vru=False  backend=tensorrt
13:40:26  INFO     [RAMS] Controller stopped.
13:40:26  INFO     
--- Block 8/10  Policy: fixed_nano  Load: idle (0%) ---
13:40:26  INFO     [RAMS] Starting resource monitor ...
13:40:26  INFO     [RAMS] Loading model tiers ...
WARNING ⚠️ Unable to automatically guess model task, assuming 'task=detect'. Explicitly define task for your model, i.e. 'task=detect', 'segment', 'classify', 'pose', 'obb' or 'semantic'.
Loading yolov8n.engine for TensorRT inference...
[09/09/2026-13:40:26] [TRT] [I] Loaded engine size: 7 MiB
[09/09/2026-13:40:26] [TRT] [I] [MemUsageChange] TensorRT-managed allocation in IExecutionContext creation: CPU +0, GPU +3, now: CPU 0, GPU 9 (MiB)
13:40:26  INFO     [RAMS] YOLOv8-nano ready — TensorRT yolov8n.engine (imgsz=320).
WARNING ⚠️ Unable to automatically guess model task, assuming 'task=detect'. Explicitly define task for your model, i.e. 'task=detect', 'segment', 'classify', 'pose', 'obb' or 'semantic'.
Loading yolov8s.engine for TensorRT inference...
[09/09/2026-13:40:26] [TRT] [I] The logger passed into createInferRuntime differs from one already provided for an existing builder, runtime, or refitter. Uses of the global logger, returned by nvinfer1::getLogger(), will return the existing value.
[09/09/2026-13:40:26] [TRT] [I] Loaded engine size: 23 MiB
[09/09/2026-13:40:26] [TRT] [I] [MemUsageChange] TensorRT-managed allocation in IExecutionContext creation: CPU +1, GPU +7, now: CPU 1, GPU 38 (MiB)
13:40:26  INFO     [RAMS] YOLOv8-small ready — TensorRT yolov8s.engine (imgsz=416).
WARNING ⚠️ Unable to automatically guess model task, assuming 'task=detect'. Explicitly define task for your model, i.e. 'task=detect', 'segment', 'classify', 'pose', 'obb' or 'semantic'.
Loading yolov8m.engine for TensorRT inference...
[09/09/2026-13:40:26] [TRT] [I] The logger passed into createInferRuntime differs from one already provided for an existing builder, runtime, or refitter. Uses of the global logger, returned by nvinfer1::getLogger(), will return the existing value.
[09/09/2026-13:40:26] [TRT] [I] Loaded engine size: 52 MiB
[09/09/2026-13:40:26] [TRT] [I] [MemUsageChange] TensorRT-managed allocation in IExecutionContext creation: CPU +0, GPU +29, now: CPU 1, GPU 117 (MiB)
13:40:26  INFO     [RAMS] YOLOv8-medium ready — TensorRT yolov8m.engine (imgsz=640).
13:40:26  INFO     [RAMS] Controller ready. Policy: fixed
13:40:27  INFO     [RAMS] Tier switch: SMALL → NANO  (R=0.074)
13:40:27  INFO       [fixed_nano / idle] 20/200  tier=NANO    latency=4.5 ms  R=0.137  target=0.00  dets=0  vru=False  backend=tensorrt
13:40:28  INFO       [fixed_nano / idle] 40/200  tier=NANO    latency=6.5 ms  R=0.135  target=0.00  dets=3  vru=False  backend=tensorrt
13:40:28  INFO       [fixed_nano / idle] 60/200  tier=NANO    latency=6.2 ms  R=0.177  target=0.00  dets=2  vru=False  backend=tensorrt
13:40:28  INFO       [fixed_nano / idle] 80/200  tier=NANO    latency=6.9 ms  R=0.142  target=0.00  dets=5  vru=False  backend=tensorrt
13:40:29  INFO       [fixed_nano / idle] 100/200  tier=NANO    latency=7.9 ms  R=0.143  target=0.00  dets=6  vru=False  backend=tensorrt
13:40:29  INFO       [fixed_nano / idle] 120/200  tier=NANO    latency=4.5 ms  R=0.143  target=0.00  dets=0  vru=False  backend=tensorrt
13:40:30  INFO       [fixed_nano / idle] 140/200  tier=NANO    latency=6.0 ms  R=0.137  target=0.00  dets=1  vru=False  backend=tensorrt
13:40:30  INFO       [fixed_nano / idle] 160/200  tier=NANO    latency=6.0 ms  R=0.238  target=0.00  dets=1  vru=False  backend=tensorrt
13:40:30  INFO       [fixed_nano / idle] 180/200  tier=NANO    latency=6.2 ms  R=0.144  target=0.00  dets=2  vru=False  backend=tensorrt
13:40:31  INFO       [fixed_nano / idle] 200/200  tier=NANO    latency=9.1 ms  R=0.138  target=0.00  dets=11  vru=False  backend=tensorrt
13:40:31  INFO     [RAMS] Controller stopped.
13:40:31  INFO     
--- Block 8/10  Policy: fixed_medium  Load: idle (0%) ---
13:40:31  INFO     [RAMS] Starting resource monitor ...
13:40:31  INFO     [RAMS] Loading model tiers ...
WARNING ⚠️ Unable to automatically guess model task, assuming 'task=detect'. Explicitly define task for your model, i.e. 'task=detect', 'segment', 'classify', 'pose', 'obb' or 'semantic'.
Loading yolov8n.engine for TensorRT inference...
[09/09/2026-13:40:31] [TRT] [I] Loaded engine size: 7 MiB
[09/09/2026-13:40:31] [TRT] [I] [MemUsageChange] TensorRT-managed allocation in IExecutionContext creation: CPU +0, GPU +3, now: CPU 0, GPU 9 (MiB)
13:40:31  INFO     [RAMS] YOLOv8-nano ready — TensorRT yolov8n.engine (imgsz=320).
WARNING ⚠️ Unable to automatically guess model task, assuming 'task=detect'. Explicitly define task for your model, i.e. 'task=detect', 'segment', 'classify', 'pose', 'obb' or 'semantic'.
Loading yolov8s.engine for TensorRT inference...
[09/09/2026-13:40:31] [TRT] [I] The logger passed into createInferRuntime differs from one already provided for an existing builder, runtime, or refitter. Uses of the global logger, returned by nvinfer1::getLogger(), will return the existing value.
[09/09/2026-13:40:31] [TRT] [I] Loaded engine size: 23 MiB
[09/09/2026-13:40:31] [TRT] [I] [MemUsageChange] TensorRT-managed allocation in IExecutionContext creation: CPU +1, GPU +7, now: CPU 1, GPU 38 (MiB)
13:40:31  INFO     [RAMS] YOLOv8-small ready — TensorRT yolov8s.engine (imgsz=416).
WARNING ⚠️ Unable to automatically guess model task, assuming 'task=detect'. Explicitly define task for your model, i.e. 'task=detect', 'segment', 'classify', 'pose', 'obb' or 'semantic'.
Loading yolov8m.engine for TensorRT inference...
[09/09/2026-13:40:31] [TRT] [I] The logger passed into createInferRuntime differs from one already provided for an existing builder, runtime, or refitter. Uses of the global logger, returned by nvinfer1::getLogger(), will return the existing value.
[09/09/2026-13:40:31] [TRT] [I] Loaded engine size: 52 MiB
[09/09/2026-13:40:31] [TRT] [I] [MemUsageChange] TensorRT-managed allocation in IExecutionContext creation: CPU +0, GPU +29, now: CPU 1, GPU 117 (MiB)
13:40:31  INFO     [RAMS] YOLOv8-medium ready — TensorRT yolov8m.engine (imgsz=640).
13:40:31  INFO     [RAMS] Controller ready. Policy: fixed
13:40:32  INFO     [RAMS] Tier switch: SMALL → MEDIUM  (R=0.074)
13:40:33  INFO       [fixed_medium / idle] 20/200  tier=MEDIUM  latency=14.2 ms  R=0.116  target=0.00  dets=4  vru=True  backend=tensorrt
13:40:33  INFO       [fixed_medium / idle] 40/200  tier=MEDIUM  latency=15.0 ms  R=0.158  target=0.00  dets=8  vru=False  backend=tensorrt
13:40:34  INFO       [fixed_medium / idle] 60/200  tier=MEDIUM  latency=15.5 ms  R=0.193  target=0.00  dets=11  vru=True  backend=tensorrt
13:40:34  INFO       [fixed_medium / idle] 80/200  tier=MEDIUM  latency=15.2 ms  R=0.209  target=0.00  dets=6  vru=False  backend=tensorrt
13:40:35  INFO       [fixed_medium / idle] 100/200  tier=MEDIUM  latency=15.3 ms  R=0.187  target=0.00  dets=10  vru=False  backend=tensorrt
13:40:35  INFO       [fixed_medium / idle] 120/200  tier=MEDIUM  latency=14.1 ms  R=0.259  target=0.00  dets=3  vru=False  backend=tensorrt
13:40:36  INFO       [fixed_medium / idle] 140/200  tier=MEDIUM  latency=14.0 ms  R=0.266  target=0.00  dets=1  vru=False  backend=tensorrt
13:40:36  INFO       [fixed_medium / idle] 160/200  tier=MEDIUM  latency=14.5 ms  R=0.257  target=0.00  dets=4  vru=False  backend=tensorrt
13:40:37  INFO       [fixed_medium / idle] 180/200  tier=MEDIUM  latency=14.7 ms  R=0.445  target=0.00  dets=5  vru=False  backend=tensorrt
13:40:38  INFO       [fixed_medium / idle] 200/200  tier=MEDIUM  latency=16.9 ms  R=0.291  target=0.00  dets=16  vru=False  backend=tensorrt
13:40:38  INFO     [RAMS] Controller stopped.
13:40:38  INFO     
--- Block 8/10  Policy: predictive  Load: idle (0%) ---
13:40:38  INFO     [RAMS] Starting resource monitor ...
13:40:38  INFO     [RAMS] Loading model tiers ...
WARNING ⚠️ Unable to automatically guess model task, assuming 'task=detect'. Explicitly define task for your model, i.e. 'task=detect', 'segment', 'classify', 'pose', 'obb' or 'semantic'.
Loading yolov8n.engine for TensorRT inference...
[09/09/2026-13:40:38] [TRT] [I] Loaded engine size: 7 MiB
[09/09/2026-13:40:38] [TRT] [I] [MemUsageChange] TensorRT-managed allocation in IExecutionContext creation: CPU +0, GPU +3, now: CPU 0, GPU 9 (MiB)
13:40:38  INFO     [RAMS] YOLOv8-nano ready — TensorRT yolov8n.engine (imgsz=320).
WARNING ⚠️ Unable to automatically guess model task, assuming 'task=detect'. Explicitly define task for your model, i.e. 'task=detect', 'segment', 'classify', 'pose', 'obb' or 'semantic'.
Loading yolov8s.engine for TensorRT inference...
[09/09/2026-13:40:38] [TRT] [I] The logger passed into createInferRuntime differs from one already provided for an existing builder, runtime, or refitter. Uses of the global logger, returned by nvinfer1::getLogger(), will return the existing value.
[09/09/2026-13:40:38] [TRT] [I] Loaded engine size: 23 MiB
[09/09/2026-13:40:38] [TRT] [I] [MemUsageChange] TensorRT-managed allocation in IExecutionContext creation: CPU +1, GPU +7, now: CPU 1, GPU 38 (MiB)
13:40:38  INFO     [RAMS] YOLOv8-small ready — TensorRT yolov8s.engine (imgsz=416).
WARNING ⚠️ Unable to automatically guess model task, assuming 'task=detect'. Explicitly define task for your model, i.e. 'task=detect', 'segment', 'classify', 'pose', 'obb' or 'semantic'.
Loading yolov8m.engine for TensorRT inference...
[09/09/2026-13:40:38] [TRT] [I] The logger passed into createInferRuntime differs from one already provided for an existing builder, runtime, or refitter. Uses of the global logger, returned by nvinfer1::getLogger(), will return the existing value.
[09/09/2026-13:40:38] [TRT] [I] Loaded engine size: 52 MiB
[09/09/2026-13:40:38] [TRT] [I] [MemUsageChange] TensorRT-managed allocation in IExecutionContext creation: CPU +0, GPU +29, now: CPU 1, GPU 117 (MiB)
13:40:38  INFO     [RAMS] YOLOv8-medium ready — TensorRT yolov8m.engine (imgsz=640).
13:40:38  INFO     [RAMS] Controller ready. Policy: predictive
13:40:39  INFO       [predictive / idle] 20/200  tier=SMALL   latency=7.6 ms  R=0.208  target=0.00  dets=1  vru=False  backend=tensorrt
13:40:40  INFO       [predictive / idle] 40/200  tier=SMALL   latency=8.5 ms  R=0.222  target=0.00  dets=5  vru=False  backend=tensorrt
13:40:40  INFO       [predictive / idle] 60/200  tier=SMALL   latency=9.0 ms  R=0.218  target=0.00  dets=8  vru=False  backend=tensorrt
13:40:41  INFO       [predictive / idle] 80/200  tier=SMALL   latency=8.7 ms  R=0.223  target=0.00  dets=5  vru=False  backend=tensorrt
13:40:41  INFO       [predictive / idle] 100/200  tier=SMALL   latency=9.5 ms  R=0.302  target=0.00  dets=9  vru=False  backend=tensorrt
13:40:41  INFO       [predictive / idle] 120/200  tier=SMALL   latency=5.9 ms  R=0.159  target=0.00  dets=0  vru=False  backend=tensorrt
13:40:42  INFO       [predictive / idle] 140/200  tier=SMALL   latency=8.1 ms  R=0.152  target=0.00  dets=1  vru=False  backend=tensorrt
13:40:42  INFO       [predictive / idle] 160/200  tier=SMALL   latency=7.4 ms  R=0.126  target=0.00  dets=1  vru=False  backend=tensorrt
13:40:42  INFO     [RAMS] Tier switch: SMALL → MEDIUM  (R=0.126)
13:40:42  INFO     [RAMS] Tier switch: MEDIUM → SMALL  (R=0.145)
13:40:43  INFO       [predictive / idle] 180/200  tier=SMALL   latency=7.7 ms  R=0.153  target=0.00  dets=3  vru=False  backend=tensorrt
13:40:43  INFO       [predictive / idle] 200/200  tier=SMALL   latency=9.7 ms  R=0.164  target=0.00  dets=12  vru=False  backend=tensorrt
13:40:43  INFO     [RAMS] Controller stopped.
13:40:43  INFO     
--- Block 8/10  Policy: adaptive  Load: idle (0%) ---
13:40:43  INFO     [RAMS] Starting resource monitor ...
13:40:43  INFO     [RAMS] Loading model tiers ...
WARNING ⚠️ Unable to automatically guess model task, assuming 'task=detect'. Explicitly define task for your model, i.e. 'task=detect', 'segment', 'classify', 'pose', 'obb' or 'semantic'.
Loading yolov8n.engine for TensorRT inference...
[09/09/2026-13:40:43] [TRT] [I] Loaded engine size: 7 MiB
[09/09/2026-13:40:43] [TRT] [I] [MemUsageChange] TensorRT-managed allocation in IExecutionContext creation: CPU +0, GPU +3, now: CPU 0, GPU 9 (MiB)
13:40:43  INFO     [RAMS] YOLOv8-nano ready — TensorRT yolov8n.engine (imgsz=320).
WARNING ⚠️ Unable to automatically guess model task, assuming 'task=detect'. Explicitly define task for your model, i.e. 'task=detect', 'segment', 'classify', 'pose', 'obb' or 'semantic'.
Loading yolov8s.engine for TensorRT inference...
[09/09/2026-13:40:43] [TRT] [I] The logger passed into createInferRuntime differs from one already provided for an existing builder, runtime, or refitter. Uses of the global logger, returned by nvinfer1::getLogger(), will return the existing value.
[09/09/2026-13:40:43] [TRT] [I] Loaded engine size: 23 MiB
[09/09/2026-13:40:43] [TRT] [I] [MemUsageChange] TensorRT-managed allocation in IExecutionContext creation: CPU +1, GPU +7, now: CPU 1, GPU 38 (MiB)
13:40:43  INFO     [RAMS] YOLOv8-small ready — TensorRT yolov8s.engine (imgsz=416).
WARNING ⚠️ Unable to automatically guess model task, assuming 'task=detect'. Explicitly define task for your model, i.e. 'task=detect', 'segment', 'classify', 'pose', 'obb' or 'semantic'.
Loading yolov8m.engine for TensorRT inference...
[09/09/2026-13:40:43] [TRT] [I] The logger passed into createInferRuntime differs from one already provided for an existing builder, runtime, or refitter. Uses of the global logger, returned by nvinfer1::getLogger(), will return the existing value.
[09/09/2026-13:40:43] [TRT] [I] Loaded engine size: 52 MiB
[09/09/2026-13:40:43] [TRT] [I] [MemUsageChange] TensorRT-managed allocation in IExecutionContext creation: CPU +0, GPU +29, now: CPU 1, GPU 117 (MiB)
13:40:43  INFO     [RAMS] YOLOv8-medium ready — TensorRT yolov8m.engine (imgsz=640).
13:40:43  INFO     [RAMS] Controller ready. Policy: adaptive
13:40:44  INFO     [RAMS] Tier switch: SMALL → MEDIUM  (R=0.068)
13:40:45  INFO     [RAMS] Tier switch: MEDIUM → SMALL  (R=0.173)
13:40:45  INFO       [adaptive / idle] 20/200  tier=SMALL   latency=7.5 ms  R=0.199  target=0.00  dets=1  vru=False  backend=tensorrt
13:40:45  INFO       [adaptive / idle] 40/200  tier=SMALL   latency=8.2 ms  R=0.157  target=0.00  dets=5  vru=False  backend=tensorrt
13:40:46  INFO       [adaptive / idle] 60/200  tier=SMALL   latency=8.8 ms  R=0.144  target=0.00  dets=8  vru=False  backend=tensorrt
13:40:46  INFO       [adaptive / idle] 80/200  tier=SMALL   latency=8.3 ms  R=0.158  target=0.00  dets=5  vru=False  backend=tensorrt
13:40:47  INFO       [adaptive / idle] 100/200  tier=SMALL   latency=9.2 ms  R=0.152  target=0.00  dets=9  vru=False  backend=tensorrt
13:40:47  INFO       [adaptive / idle] 120/200  tier=SMALL   latency=5.9 ms  R=0.243  target=0.00  dets=0  vru=False  backend=tensorrt
13:40:47  INFO       [adaptive / idle] 140/200  tier=SMALL   latency=7.3 ms  R=0.147  target=0.00  dets=1  vru=False  backend=tensorrt
13:40:48  INFO       [adaptive / idle] 160/200  tier=SMALL   latency=7.3 ms  R=0.120  target=0.00  dets=1  vru=False  backend=tensorrt
13:40:48  INFO       [adaptive / idle] 180/200  tier=SMALL   latency=8.5 ms  R=0.147  target=0.00  dets=3  vru=False  backend=tensorrt
13:40:49  INFO       [adaptive / idle] 200/200  tier=SMALL   latency=9.7 ms  R=0.145  target=0.00  dets=12  vru=False  backend=tensorrt
13:40:49  INFO     [RAMS] Controller stopped.
13:40:49  INFO     
--- Block 9/10  Policy: fixed_medium  Load: idle (0%) ---
13:40:49  INFO     [RAMS] Starting resource monitor ...
13:40:49  INFO     [RAMS] Loading model tiers ...
WARNING ⚠️ Unable to automatically guess model task, assuming 'task=detect'. Explicitly define task for your model, i.e. 'task=detect', 'segment', 'classify', 'pose', 'obb' or 'semantic'.
Loading yolov8n.engine for TensorRT inference...
[09/09/2026-13:40:49] [TRT] [I] Loaded engine size: 7 MiB
[09/09/2026-13:40:49] [TRT] [I] [MemUsageChange] TensorRT-managed allocation in IExecutionContext creation: CPU +0, GPU +3, now: CPU 0, GPU 9 (MiB)
13:40:49  INFO     [RAMS] YOLOv8-nano ready — TensorRT yolov8n.engine (imgsz=320).
WARNING ⚠️ Unable to automatically guess model task, assuming 'task=detect'. Explicitly define task for your model, i.e. 'task=detect', 'segment', 'classify', 'pose', 'obb' or 'semantic'.
Loading yolov8s.engine for TensorRT inference...
[09/09/2026-13:40:49] [TRT] [I] The logger passed into createInferRuntime differs from one already provided for an existing builder, runtime, or refitter. Uses of the global logger, returned by nvinfer1::getLogger(), will return the existing value.
[09/09/2026-13:40:49] [TRT] [I] Loaded engine size: 23 MiB
[09/09/2026-13:40:49] [TRT] [I] [MemUsageChange] TensorRT-managed allocation in IExecutionContext creation: CPU +1, GPU +7, now: CPU 1, GPU 38 (MiB)
13:40:49  INFO     [RAMS] YOLOv8-small ready — TensorRT yolov8s.engine (imgsz=416).
WARNING ⚠️ Unable to automatically guess model task, assuming 'task=detect'. Explicitly define task for your model, i.e. 'task=detect', 'segment', 'classify', 'pose', 'obb' or 'semantic'.
Loading yolov8m.engine for TensorRT inference...
[09/09/2026-13:40:49] [TRT] [I] The logger passed into createInferRuntime differs from one already provided for an existing builder, runtime, or refitter. Uses of the global logger, returned by nvinfer1::getLogger(), will return the existing value.
[09/09/2026-13:40:49] [TRT] [I] Loaded engine size: 52 MiB
[09/09/2026-13:40:49] [TRT] [I] [MemUsageChange] TensorRT-managed allocation in IExecutionContext creation: CPU +0, GPU +29, now: CPU 1, GPU 117 (MiB)
13:40:49  INFO     [RAMS] YOLOv8-medium ready — TensorRT yolov8m.engine (imgsz=640).
13:40:49  INFO     [RAMS] Controller ready. Policy: fixed
13:40:50  INFO     [RAMS] Tier switch: SMALL → MEDIUM  (R=0.142)
13:40:50  INFO       [fixed_medium / idle] 20/200  tier=MEDIUM  latency=14.0 ms  R=0.135  target=0.00  dets=4  vru=False  backend=tensorrt
13:40:51  INFO       [fixed_medium / idle] 40/200  tier=MEDIUM  latency=16.0 ms  R=0.248  target=0.00  dets=13  vru=False  backend=tensorrt
13:40:52  INFO       [fixed_medium / idle] 60/200  tier=MEDIUM  latency=14.4 ms  R=0.197  target=0.00  dets=6  vru=False  backend=tensorrt
13:40:52  INFO       [fixed_medium / idle] 80/200  tier=MEDIUM  latency=13.9 ms  R=0.195  target=0.00  dets=3  vru=False  backend=tensorrt
13:40:53  INFO       [fixed_medium / idle] 100/200  tier=MEDIUM  latency=16.6 ms  R=0.193  target=0.00  dets=16  vru=False  backend=tensorrt
13:40:53  INFO       [fixed_medium / idle] 120/200  tier=MEDIUM  latency=17.9 ms  R=0.198  target=0.00  dets=21  vru=False  backend=tensorrt
13:40:54  INFO       [fixed_medium / idle] 140/200  tier=MEDIUM  latency=16.0 ms  R=0.185  target=0.00  dets=13  vru=False  backend=tensorrt
13:40:54  INFO       [fixed_medium / idle] 160/200  tier=MEDIUM  latency=15.0 ms  R=0.203  target=0.00  dets=8  vru=False  backend=tensorrt
13:40:55  INFO       [fixed_medium / idle] 180/200  tier=MEDIUM  latency=15.8 ms  R=0.147  target=0.00  dets=8  vru=False  backend=tensorrt
13:40:55  INFO       [fixed_medium / idle] 200/200  tier=MEDIUM  latency=13.7 ms  R=0.139  target=0.00  dets=2  vru=False  backend=tensorrt
13:40:56  INFO     [RAMS] Controller stopped.
13:40:56  INFO     
--- Block 9/10  Policy: adaptive  Load: idle (0%) ---
13:40:56  INFO     [RAMS] Starting resource monitor ...
13:40:56  INFO     [RAMS] Loading model tiers ...
WARNING ⚠️ Unable to automatically guess model task, assuming 'task=detect'. Explicitly define task for your model, i.e. 'task=detect', 'segment', 'classify', 'pose', 'obb' or 'semantic'.
Loading yolov8n.engine for TensorRT inference...
[09/09/2026-13:40:56] [TRT] [I] Loaded engine size: 7 MiB
[09/09/2026-13:40:56] [TRT] [I] [MemUsageChange] TensorRT-managed allocation in IExecutionContext creation: CPU +0, GPU +3, now: CPU 0, GPU 9 (MiB)
13:40:56  INFO     [RAMS] YOLOv8-nano ready — TensorRT yolov8n.engine (imgsz=320).
WARNING ⚠️ Unable to automatically guess model task, assuming 'task=detect'. Explicitly define task for your model, i.e. 'task=detect', 'segment', 'classify', 'pose', 'obb' or 'semantic'.
Loading yolov8s.engine for TensorRT inference...
[09/09/2026-13:40:56] [TRT] [I] The logger passed into createInferRuntime differs from one already provided for an existing builder, runtime, or refitter. Uses of the global logger, returned by nvinfer1::getLogger(), will return the existing value.
[09/09/2026-13:40:56] [TRT] [I] Loaded engine size: 23 MiB
[09/09/2026-13:40:56] [TRT] [I] [MemUsageChange] TensorRT-managed allocation in IExecutionContext creation: CPU +1, GPU +7, now: CPU 1, GPU 38 (MiB)
13:40:56  INFO     [RAMS] YOLOv8-small ready — TensorRT yolov8s.engine (imgsz=416).
WARNING ⚠️ Unable to automatically guess model task, assuming 'task=detect'. Explicitly define task for your model, i.e. 'task=detect', 'segment', 'classify', 'pose', 'obb' or 'semantic'.
Loading yolov8m.engine for TensorRT inference...
[09/09/2026-13:40:56] [TRT] [I] The logger passed into createInferRuntime differs from one already provided for an existing builder, runtime, or refitter. Uses of the global logger, returned by nvinfer1::getLogger(), will return the existing value.
[09/09/2026-13:40:56] [TRT] [I] Loaded engine size: 52 MiB
[09/09/2026-13:40:56] [TRT] [I] [MemUsageChange] TensorRT-managed allocation in IExecutionContext creation: CPU +0, GPU +29, now: CPU 1, GPU 117 (MiB)
13:40:56  INFO     [RAMS] YOLOv8-medium ready — TensorRT yolov8m.engine (imgsz=640).
13:40:56  INFO     [RAMS] Controller ready. Policy: adaptive
13:40:57  INFO       [adaptive / idle] 20/200  tier=SMALL   latency=8.3 ms  R=0.219  target=0.00  dets=4  vru=False  backend=tensorrt
13:40:58  INFO       [adaptive / idle] 40/200  tier=SMALL   latency=9.1 ms  R=0.224  target=0.00  dets=7  vru=False  backend=tensorrt
13:40:58  INFO       [adaptive / idle] 60/200  tier=SMALL   latency=8.1 ms  R=0.220  target=0.00  dets=2  vru=False  backend=tensorrt
13:40:58  INFO       [adaptive / idle] 80/200  tier=SMALL   latency=8.7 ms  R=0.237  target=0.00  dets=2  vru=False  backend=tensorrt
13:40:59  INFO       [adaptive / idle] 100/200  tier=SMALL   latency=9.6 ms  R=0.305  target=0.00  dets=8  vru=False  backend=tensorrt
13:40:59  INFO       [adaptive / idle] 120/200  tier=SMALL   latency=10.9 ms  R=0.210  target=0.00  dets=16  vru=False  backend=tensorrt
13:41:00  INFO       [adaptive / idle] 140/200  tier=SMALL   latency=8.9 ms  R=0.198  target=0.00  dets=6  vru=False  backend=tensorrt
13:41:00  INFO       [adaptive / idle] 160/200  tier=SMALL   latency=8.7 ms  R=0.220  target=0.00  dets=6  vru=False  backend=tensorrt
13:41:01  INFO       [adaptive / idle] 180/200  tier=SMALL   latency=8.5 ms  R=0.213  target=0.00  dets=5  vru=False  backend=tensorrt
13:41:01  INFO       [adaptive / idle] 200/200  tier=SMALL   latency=8.0 ms  R=0.275  target=0.00  dets=2  vru=False  backend=tensorrt
13:41:01  INFO     [RAMS] Controller stopped.
13:41:01  INFO     
--- Block 9/10  Policy: threshold  Load: idle (0%) ---
13:41:01  INFO     [RAMS] Starting resource monitor ...
13:41:01  INFO     [RAMS] Loading model tiers ...
WARNING ⚠️ Unable to automatically guess model task, assuming 'task=detect'. Explicitly define task for your model, i.e. 'task=detect', 'segment', 'classify', 'pose', 'obb' or 'semantic'.
Loading yolov8n.engine for TensorRT inference...
[09/09/2026-13:41:01] [TRT] [I] Loaded engine size: 7 MiB
[09/09/2026-13:41:01] [TRT] [I] [MemUsageChange] TensorRT-managed allocation in IExecutionContext creation: CPU +0, GPU +3, now: CPU 0, GPU 9 (MiB)
13:41:01  INFO     [RAMS] YOLOv8-nano ready — TensorRT yolov8n.engine (imgsz=320).
WARNING ⚠️ Unable to automatically guess model task, assuming 'task=detect'. Explicitly define task for your model, i.e. 'task=detect', 'segment', 'classify', 'pose', 'obb' or 'semantic'.
Loading yolov8s.engine for TensorRT inference...
[09/09/2026-13:41:01] [TRT] [I] The logger passed into createInferRuntime differs from one already provided for an existing builder, runtime, or refitter. Uses of the global logger, returned by nvinfer1::getLogger(), will return the existing value.
[09/09/2026-13:41:01] [TRT] [I] Loaded engine size: 23 MiB
[09/09/2026-13:41:01] [TRT] [I] [MemUsageChange] TensorRT-managed allocation in IExecutionContext creation: CPU +1, GPU +7, now: CPU 1, GPU 38 (MiB)
13:41:01  INFO     [RAMS] YOLOv8-small ready — TensorRT yolov8s.engine (imgsz=416).
WARNING ⚠️ Unable to automatically guess model task, assuming 'task=detect'. Explicitly define task for your model, i.e. 'task=detect', 'segment', 'classify', 'pose', 'obb' or 'semantic'.
Loading yolov8m.engine for TensorRT inference...
[09/09/2026-13:41:01] [TRT] [I] The logger passed into createInferRuntime differs from one already provided for an existing builder, runtime, or refitter. Uses of the global logger, returned by nvinfer1::getLogger(), will return the existing value.
[09/09/2026-13:41:01] [TRT] [I] Loaded engine size: 52 MiB
[09/09/2026-13:41:01] [TRT] [I] [MemUsageChange] TensorRT-managed allocation in IExecutionContext creation: CPU +0, GPU +29, now: CPU 1, GPU 117 (MiB)
13:41:01  INFO     [RAMS] YOLOv8-medium ready — TensorRT yolov8m.engine (imgsz=640).
13:41:01  INFO     [RAMS] Controller ready. Policy: threshold
13:41:02  INFO     [RAMS] Tier switch: SMALL → MEDIUM  (R=0.080)
13:41:03  INFO     [RAMS] Tier switch: MEDIUM → SMALL  (R=0.175)
13:41:03  INFO       [threshold / idle] 20/200  tier=SMALL   latency=8.1 ms  R=0.199  target=0.00  dets=4  vru=False  backend=tensorrt
13:41:03  INFO       [threshold / idle] 40/200  tier=SMALL   latency=8.7 ms  R=0.151  target=0.00  dets=7  vru=False  backend=tensorrt
13:41:04  INFO       [threshold / idle] 60/200  tier=SMALL   latency=7.6 ms  R=0.136  target=0.00  dets=2  vru=False  backend=tensorrt
13:41:04  INFO       [threshold / idle] 80/200  tier=SMALL   latency=7.6 ms  R=0.163  target=0.00  dets=2  vru=False  backend=tensorrt
13:41:04  INFO       [threshold / idle] 100/200  tier=SMALL   latency=8.9 ms  R=0.147  target=0.00  dets=8  vru=False  backend=tensorrt
13:41:05  INFO     [RAMS] Tier switch: SMALL → MEDIUM  (R=0.127)
13:41:05  INFO     [RAMS] Tier switch: MEDIUM → SMALL  (R=0.150)
13:41:05  INFO       [threshold / idle] 120/200  tier=SMALL   latency=10.9 ms  R=0.150  target=0.00  dets=16  vru=False  backend=tensorrt
13:41:05  INFO       [threshold / idle] 140/200  tier=SMALL   latency=8.5 ms  R=0.145  target=0.00  dets=6  vru=False  backend=tensorrt
13:41:05  INFO     [RAMS] Tier switch: SMALL → MEDIUM  (R=0.130)
13:41:06  INFO     [RAMS] Tier switch: MEDIUM → SMALL  (R=0.141)
13:41:06  INFO       [threshold / idle] 160/200  tier=SMALL   latency=8.4 ms  R=0.152  target=0.00  dets=6  vru=False  backend=tensorrt
13:41:06  INFO       [threshold / idle] 180/200  tier=SMALL   latency=8.2 ms  R=0.131  target=0.00  dets=5  vru=False  backend=tensorrt
13:41:07  INFO       [threshold / idle] 200/200  tier=SMALL   latency=7.6 ms  R=0.158  target=0.00  dets=2  vru=False  backend=tensorrt
13:41:07  INFO     [RAMS] Controller stopped.
13:41:07  INFO     
--- Block 9/10  Policy: fixed_nano  Load: idle (0%) ---
13:41:07  INFO     [RAMS] Starting resource monitor ...
13:41:07  INFO     [RAMS] Loading model tiers ...
WARNING ⚠️ Unable to automatically guess model task, assuming 'task=detect'. Explicitly define task for your model, i.e. 'task=detect', 'segment', 'classify', 'pose', 'obb' or 'semantic'.
Loading yolov8n.engine for TensorRT inference...
[09/09/2026-13:41:07] [TRT] [I] Loaded engine size: 7 MiB
[09/09/2026-13:41:07] [TRT] [I] [MemUsageChange] TensorRT-managed allocation in IExecutionContext creation: CPU +0, GPU +3, now: CPU 0, GPU 9 (MiB)
13:41:07  INFO     [RAMS] YOLOv8-nano ready — TensorRT yolov8n.engine (imgsz=320).
WARNING ⚠️ Unable to automatically guess model task, assuming 'task=detect'. Explicitly define task for your model, i.e. 'task=detect', 'segment', 'classify', 'pose', 'obb' or 'semantic'.
Loading yolov8s.engine for TensorRT inference...
[09/09/2026-13:41:07] [TRT] [I] The logger passed into createInferRuntime differs from one already provided for an existing builder, runtime, or refitter. Uses of the global logger, returned by nvinfer1::getLogger(), will return the existing value.
[09/09/2026-13:41:07] [TRT] [I] Loaded engine size: 23 MiB
[09/09/2026-13:41:07] [TRT] [I] [MemUsageChange] TensorRT-managed allocation in IExecutionContext creation: CPU +1, GPU +7, now: CPU 1, GPU 38 (MiB)
13:41:07  INFO     [RAMS] YOLOv8-small ready — TensorRT yolov8s.engine (imgsz=416).
WARNING ⚠️ Unable to automatically guess model task, assuming 'task=detect'. Explicitly define task for your model, i.e. 'task=detect', 'segment', 'classify', 'pose', 'obb' or 'semantic'.
Loading yolov8m.engine for TensorRT inference...
[09/09/2026-13:41:07] [TRT] [I] The logger passed into createInferRuntime differs from one already provided for an existing builder, runtime, or refitter. Uses of the global logger, returned by nvinfer1::getLogger(), will return the existing value.
[09/09/2026-13:41:07] [TRT] [I] Loaded engine size: 52 MiB
[09/09/2026-13:41:07] [TRT] [I] [MemUsageChange] TensorRT-managed allocation in IExecutionContext creation: CPU +0, GPU +29, now: CPU 1, GPU 117 (MiB)
13:41:07  INFO     [RAMS] YOLOv8-medium ready — TensorRT yolov8m.engine (imgsz=640).
13:41:07  INFO     [RAMS] Controller ready. Policy: fixed
13:41:08  INFO     [RAMS] Tier switch: SMALL → NANO  (R=0.098)
13:41:08  INFO       [fixed_nano / idle] 20/200  tier=NANO    latency=6.4 ms  R=0.168  target=0.00  dets=3  vru=False  backend=tensorrt
13:41:09  INFO       [fixed_nano / idle] 40/200  tier=NANO    latency=6.7 ms  R=0.136  target=0.00  dets=4  vru=False  backend=tensorrt
13:41:09  INFO       [fixed_nano / idle] 60/200  tier=NANO    latency=4.5 ms  R=0.160  target=0.00  dets=0  vru=False  backend=tensorrt
13:41:09  INFO       [fixed_nano / idle] 80/200  tier=NANO    latency=6.3 ms  R=0.143  target=0.00  dets=3  vru=False  backend=tensorrt
13:41:10  INFO       [fixed_nano / idle] 100/200  tier=NANO    latency=7.0 ms  R=0.143  target=0.00  dets=6  vru=False  backend=tensorrt
13:41:10  INFO       [fixed_nano / idle] 120/200  tier=NANO    latency=8.7 ms  R=0.130  target=0.00  dets=14  vru=False  backend=tensorrt
13:41:11  INFO       [fixed_nano / idle] 140/200  tier=NANO    latency=6.8 ms  R=0.137  target=0.00  dets=4  vru=False  backend=tensorrt
13:41:11  INFO       [fixed_nano / idle] 160/200  tier=NANO    latency=6.5 ms  R=0.215  target=0.00  dets=3  vru=False  backend=tensorrt
13:41:11  INFO       [fixed_nano / idle] 180/200  tier=NANO    latency=6.9 ms  R=0.141  target=0.00  dets=5  vru=False  backend=tensorrt
13:41:12  INFO       [fixed_nano / idle] 200/200  tier=NANO    latency=6.0 ms  R=0.137  target=0.00  dets=1  vru=False  backend=tensorrt
13:41:12  INFO     [RAMS] Controller stopped.
13:41:12  INFO     
--- Block 9/10  Policy: safety  Load: idle (0%) ---
13:41:12  INFO     [RAMS] Starting resource monitor ...
13:41:12  INFO     [RAMS] Loading model tiers ...
WARNING ⚠️ Unable to automatically guess model task, assuming 'task=detect'. Explicitly define task for your model, i.e. 'task=detect', 'segment', 'classify', 'pose', 'obb' or 'semantic'.
Loading yolov8n.engine for TensorRT inference...
[09/09/2026-13:41:12] [TRT] [I] Loaded engine size: 7 MiB
[09/09/2026-13:41:12] [TRT] [I] [MemUsageChange] TensorRT-managed allocation in IExecutionContext creation: CPU +0, GPU +3, now: CPU 0, GPU 9 (MiB)
13:41:12  INFO     [RAMS] YOLOv8-nano ready — TensorRT yolov8n.engine (imgsz=320).
WARNING ⚠️ Unable to automatically guess model task, assuming 'task=detect'. Explicitly define task for your model, i.e. 'task=detect', 'segment', 'classify', 'pose', 'obb' or 'semantic'.
Loading yolov8s.engine for TensorRT inference...
[09/09/2026-13:41:12] [TRT] [I] The logger passed into createInferRuntime differs from one already provided for an existing builder, runtime, or refitter. Uses of the global logger, returned by nvinfer1::getLogger(), will return the existing value.
[09/09/2026-13:41:12] [TRT] [I] Loaded engine size: 23 MiB
[09/09/2026-13:41:12] [TRT] [I] [MemUsageChange] TensorRT-managed allocation in IExecutionContext creation: CPU +1, GPU +7, now: CPU 1, GPU 38 (MiB)
13:41:12  INFO     [RAMS] YOLOv8-small ready — TensorRT yolov8s.engine (imgsz=416).
WARNING ⚠️ Unable to automatically guess model task, assuming 'task=detect'. Explicitly define task for your model, i.e. 'task=detect', 'segment', 'classify', 'pose', 'obb' or 'semantic'.
Loading yolov8m.engine for TensorRT inference...
[09/09/2026-13:41:12] [TRT] [I] The logger passed into createInferRuntime differs from one already provided for an existing builder, runtime, or refitter. Uses of the global logger, returned by nvinfer1::getLogger(), will return the existing value.
[09/09/2026-13:41:12] [TRT] [I] Loaded engine size: 52 MiB
[09/09/2026-13:41:12] [TRT] [I] [MemUsageChange] TensorRT-managed allocation in IExecutionContext creation: CPU +0, GPU +29, now: CPU 1, GPU 117 (MiB)
13:41:12  INFO     [RAMS] YOLOv8-medium ready — TensorRT yolov8m.engine (imgsz=640).
13:41:12  INFO     [RAMS] Controller ready. Policy: safety
13:41:13  INFO     [RAMS] Tier switch: SMALL → MEDIUM  (R=0.068)
13:41:13  INFO     [RAMS] Tier switch: MEDIUM → SMALL  (R=0.142)
13:41:13  INFO       [safety / idle] 20/200  tier=SMALL   latency=8.0 ms  R=0.191  target=0.00  dets=4  vru=False  backend=tensorrt
13:41:14  INFO       [safety / idle] 40/200  tier=SMALL   latency=9.1 ms  R=0.145  target=0.00  dets=7  vru=False  backend=tensorrt
13:41:14  INFO       [safety / idle] 60/200  tier=SMALL   latency=7.7 ms  R=0.158  target=0.00  dets=2  vru=False  backend=tensorrt
13:41:15  INFO       [safety / idle] 80/200  tier=SMALL   latency=7.6 ms  R=0.149  target=0.00  dets=2  vru=False  backend=tensorrt
13:41:15  INFO     [RAMS] Tier switch: SMALL → MEDIUM  (R=0.123)
13:41:15  INFO     [RAMS] Tier switch: MEDIUM → SMALL  (R=0.239)
13:41:15  INFO       [safety / idle] 100/200  tier=SMALL   latency=8.8 ms  R=0.153  target=0.00  dets=8  vru=False  backend=tensorrt
13:41:15  INFO     [RAMS] Tier switch: SMALL → MEDIUM  (R=0.131)
13:41:15  INFO     [RAMS] Tier switch: MEDIUM → SMALL  (R=0.156)
13:41:16  INFO       [safety / idle] 120/200  tier=SMALL   latency=11.6 ms  R=0.199  target=0.00  dets=16  vru=False  backend=tensorrt
13:41:16  INFO       [safety / idle] 140/200  tier=SMALL   latency=8.5 ms  R=0.142  target=0.00  dets=6  vru=False  backend=tensorrt
13:41:16  INFO     [RAMS] Tier switch: SMALL → MEDIUM  (R=0.124)
13:41:16  INFO     [RAMS] Tier switch: MEDIUM → SMALL  (R=0.163)
13:41:16  INFO       [safety / idle] 160/200  tier=SMALL   latency=8.4 ms  R=0.148  target=0.00  dets=6  vru=False  backend=tensorrt
13:41:17  INFO     [RAMS] Tier switch: SMALL → MEDIUM  (R=0.125)
13:41:17  INFO     [RAMS] Tier switch: MEDIUM → SMALL  (R=0.148)
13:41:17  INFO       [safety / idle] 180/200  tier=SMALL   latency=8.6 ms  R=0.194  target=0.00  dets=5  vru=False  backend=tensorrt
13:41:17  INFO     [RAMS] Tier switch: SMALL → MEDIUM  (R=0.124)
13:41:17  INFO     [RAMS] Tier switch: MEDIUM → SMALL  (R=0.151)
13:41:17  INFO       [safety / idle] 200/200  tier=SMALL   latency=7.9 ms  R=0.194  target=0.00  dets=2  vru=False  backend=tensorrt
13:41:17  INFO     [RAMS] Controller stopped.
13:41:17  INFO     
--- Block 9/10  Policy: predictive  Load: idle (0%) ---
13:41:17  INFO     [RAMS] Starting resource monitor ...
13:41:17  INFO     [RAMS] Loading model tiers ...
WARNING ⚠️ Unable to automatically guess model task, assuming 'task=detect'. Explicitly define task for your model, i.e. 'task=detect', 'segment', 'classify', 'pose', 'obb' or 'semantic'.
Loading yolov8n.engine for TensorRT inference...
[09/09/2026-13:41:17] [TRT] [I] Loaded engine size: 7 MiB
[09/09/2026-13:41:17] [TRT] [I] [MemUsageChange] TensorRT-managed allocation in IExecutionContext creation: CPU +0, GPU +3, now: CPU 0, GPU 9 (MiB)
13:41:17  INFO     [RAMS] YOLOv8-nano ready — TensorRT yolov8n.engine (imgsz=320).
WARNING ⚠️ Unable to automatically guess model task, assuming 'task=detect'. Explicitly define task for your model, i.e. 'task=detect', 'segment', 'classify', 'pose', 'obb' or 'semantic'.
Loading yolov8s.engine for TensorRT inference...
[09/09/2026-13:41:17] [TRT] [I] The logger passed into createInferRuntime differs from one already provided for an existing builder, runtime, or refitter. Uses of the global logger, returned by nvinfer1::getLogger(), will return the existing value.
[09/09/2026-13:41:17] [TRT] [I] Loaded engine size: 23 MiB
[09/09/2026-13:41:17] [TRT] [I] [MemUsageChange] TensorRT-managed allocation in IExecutionContext creation: CPU +1, GPU +7, now: CPU 1, GPU 38 (MiB)
13:41:17  INFO     [RAMS] YOLOv8-small ready — TensorRT yolov8s.engine (imgsz=416).
WARNING ⚠️ Unable to automatically guess model task, assuming 'task=detect'. Explicitly define task for your model, i.e. 'task=detect', 'segment', 'classify', 'pose', 'obb' or 'semantic'.
Loading yolov8m.engine for TensorRT inference...
[09/09/2026-13:41:17] [TRT] [I] The logger passed into createInferRuntime differs from one already provided for an existing builder, runtime, or refitter. Uses of the global logger, returned by nvinfer1::getLogger(), will return the existing value.
[09/09/2026-13:41:18] [TRT] [I] Loaded engine size: 52 MiB
[09/09/2026-13:41:18] [TRT] [I] [MemUsageChange] TensorRT-managed allocation in IExecutionContext creation: CPU +0, GPU +29, now: CPU 1, GPU 117 (MiB)
13:41:18  INFO     [RAMS] YOLOv8-medium ready — TensorRT yolov8m.engine (imgsz=640).
13:41:18  INFO     [RAMS] Controller ready. Policy: predictive
13:41:19  INFO       [predictive / idle] 20/200  tier=SMALL   latency=8.6 ms  R=0.199  target=0.00  dets=4  vru=False  backend=tensorrt
13:41:19  INFO       [predictive / idle] 40/200  tier=SMALL   latency=9.2 ms  R=0.259  target=0.00  dets=7  vru=False  backend=tensorrt
13:41:20  INFO       [predictive / idle] 60/200  tier=SMALL   latency=8.3 ms  R=0.238  target=0.00  dets=2  vru=False  backend=tensorrt
13:41:20  INFO       [predictive / idle] 80/200  tier=SMALL   latency=8.0 ms  R=0.226  target=0.00  dets=2  vru=False  backend=tensorrt
13:41:21  INFO       [predictive / idle] 100/200  tier=SMALL   latency=9.2 ms  R=0.213  target=0.00  dets=8  vru=False  backend=tensorrt
13:41:21  INFO       [predictive / idle] 120/200  tier=SMALL   latency=11.1 ms  R=0.214  target=0.00  dets=16  vru=False  backend=tensorrt
13:41:22  INFO       [predictive / idle] 140/200  tier=SMALL   latency=8.6 ms  R=0.209  target=0.00  dets=6  vru=False  backend=tensorrt
13:41:22  INFO       [predictive / idle] 160/200  tier=SMALL   latency=9.4 ms  R=0.329  target=0.00  dets=6  vru=False  backend=tensorrt
13:41:22  INFO       [predictive / idle] 180/200  tier=SMALL   latency=8.5 ms  R=0.218  target=0.00  dets=5  vru=False  backend=tensorrt
13:41:23  INFO       [predictive / idle] 200/200  tier=SMALL   latency=8.0 ms  R=0.201  target=0.00  dets=2  vru=False  backend=tensorrt
13:41:23  INFO     [RAMS] Controller stopped.
13:41:23  INFO     
--- Block 9/10  Policy: fixed_small  Load: idle (0%) ---
13:41:23  INFO     [RAMS] Starting resource monitor ...
13:41:23  INFO     [RAMS] Loading model tiers ...
WARNING ⚠️ Unable to automatically guess model task, assuming 'task=detect'. Explicitly define task for your model, i.e. 'task=detect', 'segment', 'classify', 'pose', 'obb' or 'semantic'.
Loading yolov8n.engine for TensorRT inference...
[09/09/2026-13:41:23] [TRT] [I] Loaded engine size: 7 MiB
[09/09/2026-13:41:23] [TRT] [I] [MemUsageChange] TensorRT-managed allocation in IExecutionContext creation: CPU +0, GPU +3, now: CPU 0, GPU 9 (MiB)
13:41:23  INFO     [RAMS] YOLOv8-nano ready — TensorRT yolov8n.engine (imgsz=320).
WARNING ⚠️ Unable to automatically guess model task, assuming 'task=detect'. Explicitly define task for your model, i.e. 'task=detect', 'segment', 'classify', 'pose', 'obb' or 'semantic'.
Loading yolov8s.engine for TensorRT inference...
[09/09/2026-13:41:23] [TRT] [I] The logger passed into createInferRuntime differs from one already provided for an existing builder, runtime, or refitter. Uses of the global logger, returned by nvinfer1::getLogger(), will return the existing value.
[09/09/2026-13:41:23] [TRT] [I] Loaded engine size: 23 MiB
[09/09/2026-13:41:23] [TRT] [I] [MemUsageChange] TensorRT-managed allocation in IExecutionContext creation: CPU +1, GPU +7, now: CPU 1, GPU 38 (MiB)
13:41:23  INFO     [RAMS] YOLOv8-small ready — TensorRT yolov8s.engine (imgsz=416).
WARNING ⚠️ Unable to automatically guess model task, assuming 'task=detect'. Explicitly define task for your model, i.e. 'task=detect', 'segment', 'classify', 'pose', 'obb' or 'semantic'.
Loading yolov8m.engine for TensorRT inference...
[09/09/2026-13:41:23] [TRT] [I] The logger passed into createInferRuntime differs from one already provided for an existing builder, runtime, or refitter. Uses of the global logger, returned by nvinfer1::getLogger(), will return the existing value.
[09/09/2026-13:41:23] [TRT] [I] Loaded engine size: 52 MiB
[09/09/2026-13:41:23] [TRT] [I] [MemUsageChange] TensorRT-managed allocation in IExecutionContext creation: CPU +0, GPU +29, now: CPU 1, GPU 117 (MiB)
13:41:23  INFO     [RAMS] YOLOv8-medium ready — TensorRT yolov8m.engine (imgsz=640).
13:41:23  INFO     [RAMS] Controller ready. Policy: fixed
13:41:25  INFO       [fixed_small / idle] 20/200  tier=SMALL   latency=8.1 ms  R=0.145  target=0.00  dets=4  vru=False  backend=tensorrt
13:41:25  INFO       [fixed_small / idle] 40/200  tier=SMALL   latency=8.7 ms  R=0.141  target=0.00  dets=7  vru=False  backend=tensorrt
13:41:25  INFO       [fixed_small / idle] 60/200  tier=SMALL   latency=7.6 ms  R=0.150  target=0.00  dets=2  vru=False  backend=tensorrt
13:41:26  INFO       [fixed_small / idle] 80/200  tier=SMALL   latency=7.8 ms  R=0.217  target=0.00  dets=2  vru=False  backend=tensorrt
13:41:26  INFO       [fixed_small / idle] 100/200  tier=SMALL   latency=9.1 ms  R=0.147  target=0.00  dets=8  vru=False  backend=tensorrt
13:41:27  INFO       [fixed_small / idle] 120/200  tier=SMALL   latency=10.5 ms  R=0.155  target=0.00  dets=16  vru=False  backend=tensorrt
13:41:27  INFO       [fixed_small / idle] 140/200  tier=SMALL   latency=8.6 ms  R=0.146  target=0.00  dets=6  vru=False  backend=tensorrt
13:41:28  INFO       [fixed_small / idle] 160/200  tier=SMALL   latency=8.5 ms  R=0.142  target=0.00  dets=6  vru=False  backend=tensorrt
13:41:28  INFO       [fixed_small / idle] 180/200  tier=SMALL   latency=8.4 ms  R=0.231  target=0.00  dets=5  vru=False  backend=tensorrt
13:41:28  INFO       [fixed_small / idle] 200/200  tier=SMALL   latency=7.7 ms  R=0.137  target=0.00  dets=2  vru=False  backend=tensorrt
13:41:28  INFO     [RAMS] Controller stopped.
13:41:28  INFO     
--- Block 9/10  Policy: safety2  Load: idle (0%) ---
13:41:28  INFO     [RAMS] Starting resource monitor ...
13:41:28  INFO     [RAMS] Loading model tiers ...
WARNING ⚠️ Unable to automatically guess model task, assuming 'task=detect'. Explicitly define task for your model, i.e. 'task=detect', 'segment', 'classify', 'pose', 'obb' or 'semantic'.
Loading yolov8n.engine for TensorRT inference...
[09/09/2026-13:41:28] [TRT] [I] Loaded engine size: 7 MiB
[09/09/2026-13:41:28] [TRT] [I] [MemUsageChange] TensorRT-managed allocation in IExecutionContext creation: CPU +0, GPU +3, now: CPU 0, GPU 9 (MiB)
13:41:29  INFO     [RAMS] YOLOv8-nano ready — TensorRT yolov8n.engine (imgsz=320).
WARNING ⚠️ Unable to automatically guess model task, assuming 'task=detect'. Explicitly define task for your model, i.e. 'task=detect', 'segment', 'classify', 'pose', 'obb' or 'semantic'.
Loading yolov8s.engine for TensorRT inference...
[09/09/2026-13:41:29] [TRT] [I] The logger passed into createInferRuntime differs from one already provided for an existing builder, runtime, or refitter. Uses of the global logger, returned by nvinfer1::getLogger(), will return the existing value.
[09/09/2026-13:41:29] [TRT] [I] Loaded engine size: 23 MiB
[09/09/2026-13:41:29] [TRT] [I] [MemUsageChange] TensorRT-managed allocation in IExecutionContext creation: CPU +1, GPU +7, now: CPU 1, GPU 38 (MiB)
13:41:29  INFO     [RAMS] YOLOv8-small ready — TensorRT yolov8s.engine (imgsz=416).
WARNING ⚠️ Unable to automatically guess model task, assuming 'task=detect'. Explicitly define task for your model, i.e. 'task=detect', 'segment', 'classify', 'pose', 'obb' or 'semantic'.
Loading yolov8m.engine for TensorRT inference...
[09/09/2026-13:41:29] [TRT] [I] The logger passed into createInferRuntime differs from one already provided for an existing builder, runtime, or refitter. Uses of the global logger, returned by nvinfer1::getLogger(), will return the existing value.
[09/09/2026-13:41:29] [TRT] [I] Loaded engine size: 52 MiB
[09/09/2026-13:41:29] [TRT] [I] [MemUsageChange] TensorRT-managed allocation in IExecutionContext creation: CPU +0, GPU +29, now: CPU 1, GPU 117 (MiB)
13:41:29  INFO     [RAMS] YOLOv8-medium ready — TensorRT yolov8m.engine (imgsz=640).
13:41:29  INFO     [RAMS] Controller ready. Policy: safety2
13:41:30  INFO     [RAMS] Tier switch: SMALL → MEDIUM  (R=0.068)
13:41:30  INFO     [RAMS] Tier switch: MEDIUM → SMALL  (R=0.212)
13:41:30  INFO     [RAMS] Tier switch: SMALL → MEDIUM  (R=0.185)
13:41:30  INFO       [safety2 / idle] 20/200  tier=MEDIUM  latency=14.2 ms  R=0.128  target=0.00  dets=4  vru=False  backend=tensorrt
13:41:31  INFO     [RAMS] Tier switch: MEDIUM → SMALL  (R=0.178)
13:41:31  INFO       [safety2 / idle] 40/200  tier=SMALL   latency=9.6 ms  R=0.181  target=0.00  dets=7  vru=False  backend=tensorrt
13:41:31  INFO     [RAMS] Tier switch: SMALL → MEDIUM  (R=0.135)
13:41:31  INFO       [safety2 / idle] 60/200  tier=MEDIUM  latency=14.5 ms  R=0.134  target=0.00  dets=6  vru=False  backend=tensorrt
13:41:32  INFO     [RAMS] Tier switch: MEDIUM → SMALL  (R=0.199)
13:41:32  INFO     [RAMS] Tier switch: SMALL → MEDIUM  (R=0.179)
13:41:32  INFO       [safety2 / idle] 80/200  tier=MEDIUM  latency=13.8 ms  R=0.179  target=0.00  dets=3  vru=False  backend=tensorrt
13:41:32  INFO       [safety2 / idle] 100/200  tier=MEDIUM  latency=16.5 ms  R=0.186  target=0.00  dets=16  vru=False  backend=tensorrt
13:41:33  INFO       [safety2 / idle] 120/200  tier=MEDIUM  latency=17.6 ms  R=0.193  target=0.00  dets=21  vru=False  backend=tensorrt
13:41:33  INFO     [RAMS] Tier switch: MEDIUM → SMALL  (R=0.187)
13:41:33  INFO     [RAMS] Tier switch: SMALL → MEDIUM  (R=0.188)
13:41:33  INFO       [safety2 / idle] 140/200  tier=MEDIUM  latency=16.0 ms  R=0.188  target=0.00  dets=13  vru=False  backend=tensorrt
13:41:34  INFO     [RAMS] Tier switch: MEDIUM → SMALL  (R=0.193)
13:41:34  INFO     [RAMS] Tier switch: SMALL → MEDIUM  (R=0.193)
13:41:34  INFO       [safety2 / idle] 160/200  tier=MEDIUM  latency=14.9 ms  R=0.191  target=0.00  dets=8  vru=False  backend=tensorrt
13:41:34  INFO     [RAMS] Tier switch: MEDIUM → SMALL  (R=0.133)
13:41:34  INFO       [safety2 / idle] 180/200  tier=SMALL   latency=8.3 ms  R=0.176  target=0.00  dets=5  vru=False  backend=tensorrt
13:41:34  INFO     [RAMS] Tier switch: SMALL → MEDIUM  (R=0.152)
13:41:35  INFO       [safety2 / idle] 200/200  tier=MEDIUM  latency=13.6 ms  R=0.187  target=0.00  dets=2  vru=False  backend=tensorrt
13:41:35  INFO     [RAMS] Controller stopped.
13:41:35  INFO     
--- Block 10/10  Policy: threshold  Load: idle (0%) ---
13:41:35  INFO     [RAMS] Starting resource monitor ...
13:41:35  INFO     [RAMS] Loading model tiers ...
WARNING ⚠️ Unable to automatically guess model task, assuming 'task=detect'. Explicitly define task for your model, i.e. 'task=detect', 'segment', 'classify', 'pose', 'obb' or 'semantic'.
Loading yolov8n.engine for TensorRT inference...
[09/09/2026-13:41:35] [TRT] [I] Loaded engine size: 7 MiB
[09/09/2026-13:41:35] [TRT] [I] [MemUsageChange] TensorRT-managed allocation in IExecutionContext creation: CPU +0, GPU +3, now: CPU 0, GPU 9 (MiB)
13:41:35  INFO     [RAMS] YOLOv8-nano ready — TensorRT yolov8n.engine (imgsz=320).
WARNING ⚠️ Unable to automatically guess model task, assuming 'task=detect'. Explicitly define task for your model, i.e. 'task=detect', 'segment', 'classify', 'pose', 'obb' or 'semantic'.
Loading yolov8s.engine for TensorRT inference...
[09/09/2026-13:41:35] [TRT] [I] The logger passed into createInferRuntime differs from one already provided for an existing builder, runtime, or refitter. Uses of the global logger, returned by nvinfer1::getLogger(), will return the existing value.
[09/09/2026-13:41:35] [TRT] [I] Loaded engine size: 23 MiB
[09/09/2026-13:41:35] [TRT] [I] [MemUsageChange] TensorRT-managed allocation in IExecutionContext creation: CPU +1, GPU +7, now: CPU 1, GPU 38 (MiB)
13:41:35  INFO     [RAMS] YOLOv8-small ready — TensorRT yolov8s.engine (imgsz=416).
WARNING ⚠️ Unable to automatically guess model task, assuming 'task=detect'. Explicitly define task for your model, i.e. 'task=detect', 'segment', 'classify', 'pose', 'obb' or 'semantic'.
Loading yolov8m.engine for TensorRT inference...
[09/09/2026-13:41:35] [TRT] [I] The logger passed into createInferRuntime differs from one already provided for an existing builder, runtime, or refitter. Uses of the global logger, returned by nvinfer1::getLogger(), will return the existing value.
[09/09/2026-13:41:35] [TRT] [I] Loaded engine size: 52 MiB
[09/09/2026-13:41:35] [TRT] [I] [MemUsageChange] TensorRT-managed allocation in IExecutionContext creation: CPU +0, GPU +29, now: CPU 1, GPU 117 (MiB)
13:41:35  INFO     [RAMS] YOLOv8-medium ready — TensorRT yolov8m.engine (imgsz=640).
13:41:35  INFO     [RAMS] Controller ready. Policy: threshold
13:41:36  INFO     [RAMS] Tier switch: SMALL → MEDIUM  (R=0.068)
13:41:36  INFO     [RAMS] Tier switch: MEDIUM → SMALL  (R=0.133)
13:41:37  INFO       [threshold / idle] 20/200  tier=SMALL   latency=9.3 ms  R=0.142  target=0.00  dets=10  vru=False  backend=tensorrt
13:41:37  INFO       [threshold / idle] 40/200  tier=SMALL   latency=8.0 ms  R=0.264  target=0.00  dets=3  vru=False  backend=tensorrt
13:41:37  INFO       [threshold / idle] 60/200  tier=SMALL   latency=5.8 ms  R=0.144  target=0.00  dets=0  vru=False  backend=tensorrt
13:41:38  INFO       [threshold / idle] 80/200  tier=SMALL   latency=8.1 ms  R=0.147  target=0.00  dets=4  vru=True  backend=tensorrt
13:41:38  INFO       [threshold / idle] 100/200  tier=SMALL   latency=8.7 ms  R=0.150  target=0.00  dets=7  vru=False  backend=tensorrt
13:41:39  INFO       [threshold / idle] 120/200  tier=SMALL   latency=9.7 ms  R=0.147  target=0.00  dets=7  vru=False  backend=tensorrt
13:41:39  INFO       [threshold / idle] 140/200  tier=SMALL   latency=9.5 ms  R=0.321  target=0.00  dets=9  vru=False  backend=tensorrt
13:41:39  INFO       [threshold / idle] 160/200  tier=SMALL   latency=10.4 ms  R=0.226  target=0.00  dets=14  vru=False  backend=tensorrt
13:41:40  INFO       [threshold / idle] 180/200  tier=SMALL   latency=10.8 ms  R=0.212  target=0.00  dets=15  vru=True  backend=tensorrt
13:41:40  INFO       [threshold / idle] 200/200  tier=SMALL   latency=7.8 ms  R=0.235  target=0.00  dets=2  vru=False  backend=tensorrt
13:41:40  INFO     [RAMS] Controller stopped.
13:41:40  INFO     
--- Block 10/10  Policy: adaptive  Load: idle (0%) ---
13:41:40  INFO     [RAMS] Starting resource monitor ...
13:41:40  INFO     [RAMS] Loading model tiers ...
WARNING ⚠️ Unable to automatically guess model task, assuming 'task=detect'. Explicitly define task for your model, i.e. 'task=detect', 'segment', 'classify', 'pose', 'obb' or 'semantic'.
Loading yolov8n.engine for TensorRT inference...
[09/09/2026-13:41:40] [TRT] [I] Loaded engine size: 7 MiB
[09/09/2026-13:41:40] [TRT] [I] [MemUsageChange] TensorRT-managed allocation in IExecutionContext creation: CPU +0, GPU +3, now: CPU 0, GPU 9 (MiB)
13:41:40  INFO     [RAMS] YOLOv8-nano ready — TensorRT yolov8n.engine (imgsz=320).
WARNING ⚠️ Unable to automatically guess model task, assuming 'task=detect'. Explicitly define task for your model, i.e. 'task=detect', 'segment', 'classify', 'pose', 'obb' or 'semantic'.
Loading yolov8s.engine for TensorRT inference...
[09/09/2026-13:41:40] [TRT] [I] The logger passed into createInferRuntime differs from one already provided for an existing builder, runtime, or refitter. Uses of the global logger, returned by nvinfer1::getLogger(), will return the existing value.
[09/09/2026-13:41:41] [TRT] [I] Loaded engine size: 23 MiB
[09/09/2026-13:41:41] [TRT] [I] [MemUsageChange] TensorRT-managed allocation in IExecutionContext creation: CPU +1, GPU +7, now: CPU 1, GPU 38 (MiB)
13:41:41  INFO     [RAMS] YOLOv8-small ready — TensorRT yolov8s.engine (imgsz=416).
WARNING ⚠️ Unable to automatically guess model task, assuming 'task=detect'. Explicitly define task for your model, i.e. 'task=detect', 'segment', 'classify', 'pose', 'obb' or 'semantic'.
Loading yolov8m.engine for TensorRT inference...
[09/09/2026-13:41:41] [TRT] [I] The logger passed into createInferRuntime differs from one already provided for an existing builder, runtime, or refitter. Uses of the global logger, returned by nvinfer1::getLogger(), will return the existing value.
[09/09/2026-13:41:41] [TRT] [I] Loaded engine size: 52 MiB
[09/09/2026-13:41:41] [TRT] [I] [MemUsageChange] TensorRT-managed allocation in IExecutionContext creation: CPU +0, GPU +29, now: CPU 1, GPU 117 (MiB)
13:41:41  INFO     [RAMS] YOLOv8-medium ready — TensorRT yolov8m.engine (imgsz=640).
13:41:41  INFO     [RAMS] Controller ready. Policy: adaptive
13:41:42  INFO     [RAMS] Tier switch: SMALL → MEDIUM  (R=0.128)
13:41:42  INFO     [RAMS] Tier switch: MEDIUM → SMALL  (R=0.190)
13:41:42  INFO       [adaptive / idle] 20/200  tier=SMALL   latency=9.6 ms  R=0.241  target=0.00  dets=10  vru=False  backend=tensorrt
13:41:43  INFO       [adaptive / idle] 40/200  tier=SMALL   latency=8.0 ms  R=0.224  target=0.00  dets=3  vru=False  backend=tensorrt
13:41:43  INFO       [adaptive / idle] 60/200  tier=SMALL   latency=6.2 ms  R=0.306  target=0.00  dets=0  vru=False  backend=tensorrt
13:41:43  INFO       [adaptive / idle] 80/200  tier=SMALL   latency=8.6 ms  R=0.235  target=0.00  dets=4  vru=True  backend=tensorrt
13:41:44  INFO       [adaptive / idle] 100/200  tier=SMALL   latency=9.0 ms  R=0.207  target=0.00  dets=7  vru=False  backend=tensorrt
13:41:44  INFO       [adaptive / idle] 120/200  tier=SMALL   latency=8.7 ms  R=0.224  target=0.00  dets=7  vru=False  backend=tensorrt
13:41:45  INFO       [adaptive / idle] 140/200  tier=SMALL   latency=9.1 ms  R=0.197  target=0.00  dets=9  vru=False  backend=tensorrt
13:41:45  INFO       [adaptive / idle] 160/200  tier=SMALL   latency=10.2 ms  R=0.165  target=0.00  dets=14  vru=False  backend=tensorrt
13:41:45  INFO       [adaptive / idle] 180/200  tier=SMALL   latency=10.3 ms  R=0.161  target=0.00  dets=15  vru=True  backend=tensorrt
13:41:46  INFO       [adaptive / idle] 200/200  tier=SMALL   latency=9.1 ms  R=0.148  target=0.00  dets=2  vru=False  backend=tensorrt
13:41:46  INFO     [RAMS] Controller stopped.
13:41:46  INFO     
--- Block 10/10  Policy: fixed_small  Load: idle (0%) ---
13:41:46  INFO     [RAMS] Starting resource monitor ...
13:41:46  INFO     [RAMS] Loading model tiers ...
WARNING ⚠️ Unable to automatically guess model task, assuming 'task=detect'. Explicitly define task for your model, i.e. 'task=detect', 'segment', 'classify', 'pose', 'obb' or 'semantic'.
Loading yolov8n.engine for TensorRT inference...
[09/09/2026-13:41:46] [TRT] [I] Loaded engine size: 7 MiB
[09/09/2026-13:41:46] [TRT] [I] [MemUsageChange] TensorRT-managed allocation in IExecutionContext creation: CPU +0, GPU +3, now: CPU 0, GPU 9 (MiB)
13:41:46  INFO     [RAMS] YOLOv8-nano ready — TensorRT yolov8n.engine (imgsz=320).
WARNING ⚠️ Unable to automatically guess model task, assuming 'task=detect'. Explicitly define task for your model, i.e. 'task=detect', 'segment', 'classify', 'pose', 'obb' or 'semantic'.
Loading yolov8s.engine for TensorRT inference...
[09/09/2026-13:41:46] [TRT] [I] The logger passed into createInferRuntime differs from one already provided for an existing builder, runtime, or refitter. Uses of the global logger, returned by nvinfer1::getLogger(), will return the existing value.
[09/09/2026-13:41:46] [TRT] [I] Loaded engine size: 23 MiB
[09/09/2026-13:41:46] [TRT] [I] [MemUsageChange] TensorRT-managed allocation in IExecutionContext creation: CPU +1, GPU +7, now: CPU 1, GPU 38 (MiB)
13:41:46  INFO     [RAMS] YOLOv8-small ready — TensorRT yolov8s.engine (imgsz=416).
WARNING ⚠️ Unable to automatically guess model task, assuming 'task=detect'. Explicitly define task for your model, i.e. 'task=detect', 'segment', 'classify', 'pose', 'obb' or 'semantic'.
Loading yolov8m.engine for TensorRT inference...
[09/09/2026-13:41:46] [TRT] [I] The logger passed into createInferRuntime differs from one already provided for an existing builder, runtime, or refitter. Uses of the global logger, returned by nvinfer1::getLogger(), will return the existing value.
[09/09/2026-13:41:46] [TRT] [I] Loaded engine size: 52 MiB
[09/09/2026-13:41:46] [TRT] [I] [MemUsageChange] TensorRT-managed allocation in IExecutionContext creation: CPU +0, GPU +29, now: CPU 1, GPU 117 (MiB)
13:41:46  INFO     [RAMS] YOLOv8-medium ready — TensorRT yolov8m.engine (imgsz=640).
13:41:46  INFO     [RAMS] Controller ready. Policy: fixed
13:41:48  INFO       [fixed_small / idle] 20/200  tier=SMALL   latency=9.3 ms  R=0.147  target=0.00  dets=10  vru=False  backend=tensorrt
13:41:48  INFO       [fixed_small / idle] 40/200  tier=SMALL   latency=7.9 ms  R=0.159  target=0.00  dets=3  vru=False  backend=tensorrt
13:41:48  INFO       [fixed_small / idle] 60/200  tier=SMALL   latency=5.9 ms  R=0.153  target=0.00  dets=0  vru=False  backend=tensorrt
13:41:49  INFO       [fixed_small / idle] 80/200  tier=SMALL   latency=8.9 ms  R=0.142  target=0.00  dets=4  vru=True  backend=tensorrt
13:41:49  INFO       [fixed_small / idle] 100/200  tier=SMALL   latency=8.7 ms  R=0.135  target=0.00  dets=7  vru=False  backend=tensorrt
13:41:50  INFO       [fixed_small / idle] 120/200  tier=SMALL   latency=8.7 ms  R=0.152  target=0.00  dets=7  vru=False  backend=tensorrt
13:41:50  INFO       [fixed_small / idle] 140/200  tier=SMALL   latency=9.1 ms  R=0.153  target=0.00  dets=9  vru=False  backend=tensorrt
13:41:50  INFO       [fixed_small / idle] 160/200  tier=SMALL   latency=10.1 ms  R=0.148  target=0.00  dets=14  vru=False  backend=tensorrt
13:41:51  INFO       [fixed_small / idle] 180/200  tier=SMALL   latency=11.5 ms  R=0.152  target=0.00  dets=15  vru=True  backend=tensorrt
13:41:51  INFO       [fixed_small / idle] 200/200  tier=SMALL   latency=7.6 ms  R=0.159  target=0.00  dets=2  vru=False  backend=tensorrt
13:41:51  INFO     [RAMS] Controller stopped.
13:41:51  INFO     
--- Block 10/10  Policy: fixed_medium  Load: idle (0%) ---
13:41:51  INFO     [RAMS] Starting resource monitor ...
13:41:51  INFO     [RAMS] Loading model tiers ...
WARNING ⚠️ Unable to automatically guess model task, assuming 'task=detect'. Explicitly define task for your model, i.e. 'task=detect', 'segment', 'classify', 'pose', 'obb' or 'semantic'.
Loading yolov8n.engine for TensorRT inference...
[09/09/2026-13:41:51] [TRT] [I] Loaded engine size: 7 MiB
[09/09/2026-13:41:51] [TRT] [I] [MemUsageChange] TensorRT-managed allocation in IExecutionContext creation: CPU +0, GPU +3, now: CPU 0, GPU 9 (MiB)
13:41:51  INFO     [RAMS] YOLOv8-nano ready — TensorRT yolov8n.engine (imgsz=320).
WARNING ⚠️ Unable to automatically guess model task, assuming 'task=detect'. Explicitly define task for your model, i.e. 'task=detect', 'segment', 'classify', 'pose', 'obb' or 'semantic'.
Loading yolov8s.engine for TensorRT inference...
[09/09/2026-13:41:51] [TRT] [I] The logger passed into createInferRuntime differs from one already provided for an existing builder, runtime, or refitter. Uses of the global logger, returned by nvinfer1::getLogger(), will return the existing value.
[09/09/2026-13:41:51] [TRT] [I] Loaded engine size: 23 MiB
[09/09/2026-13:41:52] [TRT] [I] [MemUsageChange] TensorRT-managed allocation in IExecutionContext creation: CPU +1, GPU +7, now: CPU 1, GPU 38 (MiB)
13:41:52  INFO     [RAMS] YOLOv8-small ready — TensorRT yolov8s.engine (imgsz=416).
WARNING ⚠️ Unable to automatically guess model task, assuming 'task=detect'. Explicitly define task for your model, i.e. 'task=detect', 'segment', 'classify', 'pose', 'obb' or 'semantic'.
Loading yolov8m.engine for TensorRT inference...
[09/09/2026-13:41:52] [TRT] [I] The logger passed into createInferRuntime differs from one already provided for an existing builder, runtime, or refitter. Uses of the global logger, returned by nvinfer1::getLogger(), will return the existing value.
[09/09/2026-13:41:52] [TRT] [I] Loaded engine size: 52 MiB
[09/09/2026-13:41:52] [TRT] [I] [MemUsageChange] TensorRT-managed allocation in IExecutionContext creation: CPU +0, GPU +29, now: CPU 1, GPU 117 (MiB)
13:41:52  INFO     [RAMS] YOLOv8-medium ready — TensorRT yolov8m.engine (imgsz=640).
13:41:52  INFO     [RAMS] Controller ready. Policy: fixed
13:41:53  INFO     [RAMS] Tier switch: SMALL → MEDIUM  (R=0.068)
13:41:53  INFO       [fixed_medium / idle] 20/200  tier=MEDIUM  latency=15.4 ms  R=0.122  target=0.00  dets=10  vru=False  backend=tensorrt
13:41:54  INFO       [fixed_medium / idle] 40/200  tier=MEDIUM  latency=15.1 ms  R=0.179  target=0.00  dets=8  vru=False  backend=tensorrt
13:41:54  INFO       [fixed_medium / idle] 60/200  tier=MEDIUM  latency=14.5 ms  R=0.173  target=0.00  dets=6  vru=False  backend=tensorrt
13:41:55  INFO       [fixed_medium / idle] 80/200  tier=MEDIUM  latency=14.1 ms  R=0.193  target=0.00  dets=4  vru=False  backend=tensorrt
13:41:55  INFO       [fixed_medium / idle] 100/200  tier=MEDIUM  latency=14.3 ms  R=0.161  target=0.00  dets=5  vru=False  backend=tensorrt
13:41:56  INFO       [fixed_medium / idle] 120/200  tier=MEDIUM  latency=15.1 ms  R=0.176  target=0.00  dets=8  vru=False  backend=tensorrt
13:41:56  INFO       [fixed_medium / idle] 140/200  tier=MEDIUM  latency=15.9 ms  R=0.112  target=0.00  dets=10  vru=True  backend=tensorrt
13:41:57  INFO       [fixed_medium / idle] 160/200  tier=MEDIUM  latency=16.2 ms  R=0.278  target=0.00  dets=14  vru=False  backend=tensorrt
13:41:58  INFO       [fixed_medium / idle] 180/200  tier=MEDIUM  latency=16.9 ms  R=0.169  target=0.00  dets=18  vru=True  backend=tensorrt
13:41:58  INFO       [fixed_medium / idle] 200/200  tier=MEDIUM  latency=13.7 ms  R=0.197  target=0.00  dets=2  vru=False  backend=tensorrt
13:41:58  INFO     [RAMS] Controller stopped.
13:41:58  INFO     
--- Block 10/10  Policy: fixed_nano  Load: idle (0%) ---
13:41:58  INFO     [RAMS] Starting resource monitor ...
13:41:58  INFO     [RAMS] Loading model tiers ...
WARNING ⚠️ Unable to automatically guess model task, assuming 'task=detect'. Explicitly define task for your model, i.e. 'task=detect', 'segment', 'classify', 'pose', 'obb' or 'semantic'.
Loading yolov8n.engine for TensorRT inference...
[09/09/2026-13:41:58] [TRT] [I] Loaded engine size: 7 MiB
[09/09/2026-13:41:58] [TRT] [I] [MemUsageChange] TensorRT-managed allocation in IExecutionContext creation: CPU +0, GPU +3, now: CPU 0, GPU 9 (MiB)
13:41:58  INFO     [RAMS] YOLOv8-nano ready — TensorRT yolov8n.engine (imgsz=320).
WARNING ⚠️ Unable to automatically guess model task, assuming 'task=detect'. Explicitly define task for your model, i.e. 'task=detect', 'segment', 'classify', 'pose', 'obb' or 'semantic'.
Loading yolov8s.engine for TensorRT inference...
[09/09/2026-13:41:58] [TRT] [I] The logger passed into createInferRuntime differs from one already provided for an existing builder, runtime, or refitter. Uses of the global logger, returned by nvinfer1::getLogger(), will return the existing value.
[09/09/2026-13:41:58] [TRT] [I] Loaded engine size: 23 MiB
[09/09/2026-13:41:58] [TRT] [I] [MemUsageChange] TensorRT-managed allocation in IExecutionContext creation: CPU +1, GPU +7, now: CPU 1, GPU 38 (MiB)
13:41:58  INFO     [RAMS] YOLOv8-small ready — TensorRT yolov8s.engine (imgsz=416).
WARNING ⚠️ Unable to automatically guess model task, assuming 'task=detect'. Explicitly define task for your model, i.e. 'task=detect', 'segment', 'classify', 'pose', 'obb' or 'semantic'.
Loading yolov8m.engine for TensorRT inference...
[09/09/2026-13:41:58] [TRT] [I] The logger passed into createInferRuntime differs from one already provided for an existing builder, runtime, or refitter. Uses of the global logger, returned by nvinfer1::getLogger(), will return the existing value.
[09/09/2026-13:41:58] [TRT] [I] Loaded engine size: 52 MiB
[09/09/2026-13:41:58] [TRT] [I] [MemUsageChange] TensorRT-managed allocation in IExecutionContext creation: CPU +0, GPU +29, now: CPU 1, GPU 117 (MiB)
13:41:58  INFO     [RAMS] YOLOv8-medium ready — TensorRT yolov8m.engine (imgsz=640).
13:41:58  INFO     [RAMS] Controller ready. Policy: fixed
13:41:59  INFO     [RAMS] Tier switch: SMALL → NANO  (R=0.096)
13:42:00  INFO       [fixed_nano / idle] 20/200  tier=NANO    latency=7.8 ms  R=0.213  target=0.00  dets=4  vru=False  backend=tensorrt
13:42:00  INFO       [fixed_nano / idle] 40/200  tier=NANO    latency=6.5 ms  R=0.250  target=0.00  dets=2  vru=False  backend=tensorrt
13:42:01  INFO       [fixed_nano / idle] 60/200  tier=NANO    latency=5.2 ms  R=0.209  target=0.00  dets=0  vru=False  backend=tensorrt
13:42:01  INFO       [fixed_nano / idle] 80/200  tier=NANO    latency=7.0 ms  R=0.235  target=0.00  dets=2  vru=False  backend=tensorrt
13:42:01  INFO       [fixed_nano / idle] 100/200  tier=NANO    latency=7.9 ms  R=0.197  target=0.00  dets=6  vru=False  backend=tensorrt
13:42:02  INFO       [fixed_nano / idle] 120/200  tier=NANO    latency=8.2 ms  R=0.241  target=0.00  dets=5  vru=False  backend=tensorrt
13:42:02  INFO       [fixed_nano / idle] 140/200  tier=NANO    latency=6.3 ms  R=0.225  target=0.00  dets=1  vru=False  backend=tensorrt
13:42:03  INFO       [fixed_nano / idle] 160/200  tier=NANO    latency=8.0 ms  R=0.215  target=0.00  dets=9  vru=False  backend=tensorrt
13:42:03  INFO       [fixed_nano / idle] 180/200  tier=NANO    latency=8.0 ms  R=0.293  target=0.00  dets=8  vru=False  backend=tensorrt
13:42:03  INFO       [fixed_nano / idle] 200/200  tier=NANO    latency=5.2 ms  R=0.203  target=0.00  dets=0  vru=False  backend=tensorrt
13:42:03  INFO     [RAMS] Controller stopped.
13:42:03  INFO     
--- Block 10/10  Policy: safety2  Load: idle (0%) ---
13:42:03  INFO     [RAMS] Starting resource monitor ...
13:42:03  INFO     [RAMS] Loading model tiers ...
WARNING ⚠️ Unable to automatically guess model task, assuming 'task=detect'. Explicitly define task for your model, i.e. 'task=detect', 'segment', 'classify', 'pose', 'obb' or 'semantic'.
Loading yolov8n.engine for TensorRT inference...
[09/09/2026-13:42:04] [TRT] [I] Loaded engine size: 7 MiB
[09/09/2026-13:42:04] [TRT] [I] [MemUsageChange] TensorRT-managed allocation in IExecutionContext creation: CPU +0, GPU +3, now: CPU 0, GPU 9 (MiB)
13:42:04  INFO     [RAMS] YOLOv8-nano ready — TensorRT yolov8n.engine (imgsz=320).
WARNING ⚠️ Unable to automatically guess model task, assuming 'task=detect'. Explicitly define task for your model, i.e. 'task=detect', 'segment', 'classify', 'pose', 'obb' or 'semantic'.
Loading yolov8s.engine for TensorRT inference...
[09/09/2026-13:42:04] [TRT] [I] The logger passed into createInferRuntime differs from one already provided for an existing builder, runtime, or refitter. Uses of the global logger, returned by nvinfer1::getLogger(), will return the existing value.
[09/09/2026-13:42:04] [TRT] [I] Loaded engine size: 23 MiB
[09/09/2026-13:42:04] [TRT] [I] [MemUsageChange] TensorRT-managed allocation in IExecutionContext creation: CPU +1, GPU +7, now: CPU 1, GPU 38 (MiB)
13:42:04  INFO     [RAMS] YOLOv8-small ready — TensorRT yolov8s.engine (imgsz=416).
WARNING ⚠️ Unable to automatically guess model task, assuming 'task=detect'. Explicitly define task for your model, i.e. 'task=detect', 'segment', 'classify', 'pose', 'obb' or 'semantic'.
Loading yolov8m.engine for TensorRT inference...
[09/09/2026-13:42:04] [TRT] [I] The logger passed into createInferRuntime differs from one already provided for an existing builder, runtime, or refitter. Uses of the global logger, returned by nvinfer1::getLogger(), will return the existing value.
[09/09/2026-13:42:04] [TRT] [I] Loaded engine size: 52 MiB
[09/09/2026-13:42:04] [TRT] [I] [MemUsageChange] TensorRT-managed allocation in IExecutionContext creation: CPU +0, GPU +29, now: CPU 1, GPU 117 (MiB)
13:42:04  INFO     [RAMS] YOLOv8-medium ready — TensorRT yolov8m.engine (imgsz=640).
13:42:04  INFO     [RAMS] Controller ready. Policy: safety2
13:42:05  INFO       [safety2 / idle] 20/200  tier=SMALL   latency=9.5 ms  R=0.239  target=0.00  dets=10  vru=False  backend=tensorrt
13:42:05  INFO     [RAMS] Tier switch: SMALL → MEDIUM  (R=0.213)
13:42:06  INFO       [safety2 / idle] 40/200  tier=MEDIUM  latency=15.3 ms  R=0.193  target=0.00  dets=8  vru=False  backend=tensorrt
13:42:06  INFO     [RAMS] Tier switch: MEDIUM → SMALL  (R=0.193)
13:42:06  INFO     [RAMS] Tier switch: SMALL → MEDIUM  (R=0.130)
13:42:06  INFO       [safety2 / idle] 60/200  tier=MEDIUM  latency=14.8 ms  R=0.199  target=0.00  dets=6  vru=False  backend=tensorrt
13:42:06  INFO     [RAMS] Tier switch: MEDIUM → SMALL  (R=0.188)
13:42:07  INFO       [safety2 / idle] 80/200  tier=SMALL   latency=8.1 ms  R=0.139  target=0.00  dets=4  vru=True  backend=tensorrt
13:42:07  INFO     [RAMS] Tier switch: SMALL → MEDIUM  (R=0.147)
13:42:07  INFO       [safety2 / idle] 100/200  tier=MEDIUM  latency=14.5 ms  R=0.147  target=0.00  dets=5  vru=False  backend=tensorrt
13:42:07  INFO     [RAMS] Tier switch: MEDIUM → SMALL  (R=0.173)
13:42:07  INFO     [RAMS] Tier switch: SMALL → MEDIUM  (R=0.127)
13:42:08  INFO       [safety2 / idle] 120/200  tier=MEDIUM  latency=15.1 ms  R=0.123  target=0.00  dets=8  vru=False  backend=tensorrt
13:42:08  INFO       [safety2 / idle] 140/200  tier=MEDIUM  latency=15.4 ms  R=0.188  target=0.00  dets=10  vru=True  backend=tensorrt
13:42:09  INFO       [safety2 / idle] 160/200  tier=MEDIUM  latency=16.3 ms  R=0.169  target=0.00  dets=14  vru=False  backend=tensorrt
13:42:09  INFO       [safety2 / idle] 180/200  tier=MEDIUM  latency=17.4 ms  R=0.135  target=0.00  dets=18  vru=True  backend=tensorrt
13:42:10  INFO       [safety2 / idle] 200/200  tier=MEDIUM  latency=14.5 ms  R=0.191  target=0.00  dets=2  vru=False  backend=tensorrt
13:42:10  INFO     [RAMS] Controller stopped.
13:42:10  INFO     
--- Block 10/10  Policy: safety  Load: idle (0%) ---
13:42:10  INFO     [RAMS] Starting resource monitor ...
13:42:10  INFO     [RAMS] Loading model tiers ...
WARNING ⚠️ Unable to automatically guess model task, assuming 'task=detect'. Explicitly define task for your model, i.e. 'task=detect', 'segment', 'classify', 'pose', 'obb' or 'semantic'.
Loading yolov8n.engine for TensorRT inference...
[09/09/2026-13:42:10] [TRT] [I] Loaded engine size: 7 MiB
[09/09/2026-13:42:10] [TRT] [I] [MemUsageChange] TensorRT-managed allocation in IExecutionContext creation: CPU +0, GPU +3, now: CPU 0, GPU 9 (MiB)
13:42:10  INFO     [RAMS] YOLOv8-nano ready — TensorRT yolov8n.engine (imgsz=320).
WARNING ⚠️ Unable to automatically guess model task, assuming 'task=detect'. Explicitly define task for your model, i.e. 'task=detect', 'segment', 'classify', 'pose', 'obb' or 'semantic'.
Loading yolov8s.engine for TensorRT inference...
[09/09/2026-13:42:10] [TRT] [I] The logger passed into createInferRuntime differs from one already provided for an existing builder, runtime, or refitter. Uses of the global logger, returned by nvinfer1::getLogger(), will return the existing value.
[09/09/2026-13:42:10] [TRT] [I] Loaded engine size: 23 MiB
[09/09/2026-13:42:10] [TRT] [I] [MemUsageChange] TensorRT-managed allocation in IExecutionContext creation: CPU +1, GPU +7, now: CPU 1, GPU 38 (MiB)
13:42:10  INFO     [RAMS] YOLOv8-small ready — TensorRT yolov8s.engine (imgsz=416).
WARNING ⚠️ Unable to automatically guess model task, assuming 'task=detect'. Explicitly define task for your model, i.e. 'task=detect', 'segment', 'classify', 'pose', 'obb' or 'semantic'.
Loading yolov8m.engine for TensorRT inference...
[09/09/2026-13:42:10] [TRT] [I] The logger passed into createInferRuntime differs from one already provided for an existing builder, runtime, or refitter. Uses of the global logger, returned by nvinfer1::getLogger(), will return the existing value.
[09/09/2026-13:42:10] [TRT] [I] Loaded engine size: 52 MiB
[09/09/2026-13:42:10] [TRT] [I] [MemUsageChange] TensorRT-managed allocation in IExecutionContext creation: CPU +0, GPU +29, now: CPU 1, GPU 117 (MiB)
13:42:10  INFO     [RAMS] YOLOv8-medium ready — TensorRT yolov8m.engine (imgsz=640).
13:42:10  INFO     [RAMS] Controller ready. Policy: safety
13:42:11  INFO     [RAMS] Tier switch: SMALL → MEDIUM  (R=0.068)
13:42:11  INFO     [RAMS] Tier switch: MEDIUM → SMALL  (R=0.150)
13:42:12  INFO       [safety / idle] 20/200  tier=SMALL   latency=9.3 ms  R=0.140  target=0.00  dets=10  vru=False  backend=tensorrt
13:42:12  INFO       [safety / idle] 40/200  tier=SMALL   latency=7.8 ms  R=0.139  target=0.00  dets=3  vru=False  backend=tensorrt
13:42:13  INFO       [safety / idle] 60/200  tier=SMALL   latency=5.8 ms  R=0.169  target=0.00  dets=0  vru=False  backend=tensorrt
13:42:13  INFO     [RAMS] Tier switch: SMALL → MEDIUM  (R=0.129)
13:42:13  INFO     [RAMS] Tier switch: MEDIUM → SMALL  (R=0.191)
13:42:13  INFO       [safety / idle] 80/200  tier=SMALL   latency=8.2 ms  R=0.216  target=0.00  dets=4  vru=True  backend=tensorrt
13:42:13  INFO       [safety / idle] 100/200  tier=SMALL   latency=8.7 ms  R=0.137  target=0.00  dets=7  vru=False  backend=tensorrt
13:42:14  INFO       [safety / idle] 120/200  tier=SMALL   latency=8.7 ms  R=0.152  target=0.00  dets=7  vru=False  backend=tensorrt
13:42:14  INFO       [safety / idle] 140/200  tier=SMALL   latency=9.1 ms  R=0.152  target=0.00  dets=9  vru=False  backend=tensorrt
13:42:14  INFO     [RAMS] Tier switch: SMALL → MEDIUM  (R=0.118)
13:42:14  INFO     [RAMS] Tier switch: MEDIUM → SMALL  (R=0.174)
13:42:15  INFO     [RAMS] Tier switch: SMALL → MEDIUM  (R=0.127)
13:42:15  INFO       [safety / idle] 160/200  tier=MEDIUM  latency=16.2 ms  R=0.127  target=0.00  dets=14  vru=False  backend=tensorrt
13:42:15  INFO     [RAMS] Tier switch: MEDIUM → SMALL  (R=0.193)
13:42:15  INFO       [safety / idle] 180/200  tier=SMALL   latency=10.3 ms  R=0.159  target=0.00  dets=15  vru=True  backend=tensorrt
13:42:16  INFO       [safety / idle] 200/200  tier=SMALL   latency=7.9 ms  R=0.159  target=0.00  dets=2  vru=False  backend=tensorrt
13:42:16  INFO     [RAMS] Controller stopped.
13:42:16  INFO     
--- Block 10/10  Policy: predictive  Load: idle (0%) ---
13:42:16  INFO     [RAMS] Starting resource monitor ...
13:42:16  INFO     [RAMS] Loading model tiers ...
WARNING ⚠️ Unable to automatically guess model task, assuming 'task=detect'. Explicitly define task for your model, i.e. 'task=detect', 'segment', 'classify', 'pose', 'obb' or 'semantic'.
Loading yolov8n.engine for TensorRT inference...
[09/09/2026-13:42:16] [TRT] [I] Loaded engine size: 7 MiB
[09/09/2026-13:42:16] [TRT] [I] [MemUsageChange] TensorRT-managed allocation in IExecutionContext creation: CPU +0, GPU +3, now: CPU 0, GPU 9 (MiB)
13:42:16  INFO     [RAMS] YOLOv8-nano ready — TensorRT yolov8n.engine (imgsz=320).
WARNING ⚠️ Unable to automatically guess model task, assuming 'task=detect'. Explicitly define task for your model, i.e. 'task=detect', 'segment', 'classify', 'pose', 'obb' or 'semantic'.
Loading yolov8s.engine for TensorRT inference...
[09/09/2026-13:42:16] [TRT] [I] The logger passed into createInferRuntime differs from one already provided for an existing builder, runtime, or refitter. Uses of the global logger, returned by nvinfer1::getLogger(), will return the existing value.
[09/09/2026-13:42:16] [TRT] [I] Loaded engine size: 23 MiB
[09/09/2026-13:42:16] [TRT] [I] [MemUsageChange] TensorRT-managed allocation in IExecutionContext creation: CPU +1, GPU +7, now: CPU 1, GPU 38 (MiB)
13:42:16  INFO     [RAMS] YOLOv8-small ready — TensorRT yolov8s.engine (imgsz=416).
WARNING ⚠️ Unable to automatically guess model task, assuming 'task=detect'. Explicitly define task for your model, i.e. 'task=detect', 'segment', 'classify', 'pose', 'obb' or 'semantic'.
Loading yolov8m.engine for TensorRT inference...
[09/09/2026-13:42:16] [TRT] [I] The logger passed into createInferRuntime differs from one already provided for an existing builder, runtime, or refitter. Uses of the global logger, returned by nvinfer1::getLogger(), will return the existing value.
[09/09/2026-13:42:16] [TRT] [I] Loaded engine size: 52 MiB
[09/09/2026-13:42:16] [TRT] [I] [MemUsageChange] TensorRT-managed allocation in IExecutionContext creation: CPU +0, GPU +29, now: CPU 1, GPU 117 (MiB)
13:42:16  INFO     [RAMS] YOLOv8-medium ready — TensorRT yolov8m.engine (imgsz=640).
13:42:16  INFO     [RAMS] Controller ready. Policy: predictive
13:42:17  INFO       [predictive / idle] 20/200  tier=SMALL   latency=9.3 ms  R=0.152  target=0.00  dets=10  vru=False  backend=tensorrt
13:42:18  INFO       [predictive / idle] 40/200  tier=SMALL   latency=7.9 ms  R=0.147  target=0.00  dets=3  vru=False  backend=tensorrt
13:42:18  INFO       [predictive / idle] 60/200  tier=SMALL   latency=6.0 ms  R=0.153  target=0.00  dets=0  vru=False  backend=tensorrt
13:42:19  INFO       [predictive / idle] 80/200  tier=SMALL   latency=8.0 ms  R=0.148  target=0.00  dets=4  vru=True  backend=tensorrt
13:42:19  INFO       [predictive / idle] 100/200  tier=SMALL   latency=8.7 ms  R=0.262  target=0.00  dets=7  vru=False  backend=tensorrt
13:42:19  INFO       [predictive / idle] 120/200  tier=SMALL   latency=8.7 ms  R=0.158  target=0.00  dets=7  vru=False  backend=tensorrt
13:42:20  INFO       [predictive / idle] 140/200  tier=SMALL   latency=9.1 ms  R=0.144  target=0.00  dets=9  vru=False  backend=tensorrt
13:42:20  INFO       [predictive / idle] 160/200  tier=SMALL   latency=10.9 ms  R=0.143  target=0.00  dets=14  vru=False  backend=tensorrt
13:42:21  INFO       [predictive / idle] 180/200  tier=SMALL   latency=10.7 ms  R=0.178  target=0.00  dets=15  vru=True  backend=tensorrt
13:42:21  INFO       [predictive / idle] 200/200  tier=SMALL   latency=8.2 ms  R=0.339  target=0.00  dets=2  vru=False  backend=tensorrt
13:42:21  INFO     [RAMS] Controller stopped.
13:42:23  INFO     Results -> /home/soren/rams_trt_labels_20260909/results/full-20260909-trtlabels-v3/tensorrt/runtime1_idle/rams_20260909_133434_7b0aa8638130.csv
13:42:23  INFO     Summary -> /home/soren/rams_trt_labels_20260909/results/full-20260909-trtlabels-v3/tensorrt/runtime1_idle/rams_20260909_133434_7b0aa8638130.json
13:42:23  INFO     Replay manifest -> /home/soren/rams_trt_labels_20260909/results/full-20260909-trtlabels-v3/tensorrt/runtime1_idle/rams_20260909_133434_7b0aa8638130_manifest.json

================================================================================
Policy         Profile        N   Mean ms    P95 ms    VRU%  Tiers
--------------------------------------------------------------------------------
adaptive       idle        2000       8.6      10.6   26.1%  MEDIUM:68, SMALL:1932
fixed_medium   idle        2000      15.1      17.2   33.2%  MEDIUM:2000
fixed_nano     idle        2000       6.5       8.2   16.1%  NANO:2000
fixed_small    idle        2000       8.4      10.1   25.9%  SMALL:2000
predictive     idle        2000       8.6      10.4   25.9%  MEDIUM:23, SMALL:1977
safety         idle        2000       8.8      14.0   26.7%  MEDIUM:119, SMALL:1881
safety2        idle        2000      13.5      17.0   31.4%  MEDIUM:1530, SMALL:470
threshold      idle        2000       8.9      14.5   26.5%  MEDIUM:152, SMALL:1848
================================================================================

Backends used: {'tensorrt'}
