{
  "host": "Kushals-Spectre-x360-AW2002TU",
  "platform": "Windows-11-10.0.26220-SP0",
  "baseline": {
    "n": 298,
    "mean": 0.38842114093959734,
    "std": 0.15833912160405497,
    "p50": 0.361875,
    "p75": 0.46199999999999997,
    "p90": 0.627,
    "p95": 0.73725,
    "max": 0.86475,
    "cpu_mean": 36.224161073825506,
    "mem_mean": 46.69597315436241
  },
  "thresholds": {
    "lo_thresh": 0.677,
    "hi_thresh": 0.927,
    "gap": 0.25
  },
  "timestamp": "2026-04-23T17:20:40"
}