{
  "host": "Kushals-Spectre-x360-AW2002TU",
  "platform": "Windows-11-10.0.26220-SP0",
  "baseline": {
    "n": 298,
    "mean": 0.32438758389261746,
    "std": 0.1284733393986095,
    "p50": 0.295,
    "p75": 0.37224999999999997,
    "p90": 0.46275,
    "p95": 0.57625,
    "max": 0.8734999999999999,
    "cpu_mean": 27.229194630872485,
    "mem_mean": 48.06744966442953
  },
  "thresholds": {
    "lo_thresh": 0.513,
    "hi_thresh": 0.763,
    "gap": 0.25
  },
  "timestamp": "2026-04-23T17:26:26"
}