{
  "host": "Kushals-Spectre-x360-AW2002TU",
  "platform": "Windows-11-10.0.26220-SP0",
  "baseline": {
    "n": 286,
    "mean": 0.4796124125874126,
    "std": 0.1928851340159071,
    "p50": 0.43227499999999996,
    "p75": 0.6495000000000001,
    "p90": 0.807,
    "p95": 0.8087500000000001,
    "max": 0.8127500000000001,
    "cpu_mean": 49.27132867132867,
    "mem_mean": 57.13811188811189
  },
  "thresholds": {
    "lo_thresh": 0.75,
    "hi_thresh": 0.95,
    "gap": 0.2
  },
  "timestamp": "2026-04-23T17:14:02"
}