{
  "host": "Kushals-Spectre-x360-AW2002TU",
  "platform": "Windows-11-10.0.26220-SP0",
  "baseline": {
    "n": 297,
    "mean": 0.3275715488215488,
    "std": 0.13992667803763192,
    "p50": 0.29175,
    "p75": 0.38199999999999995,
    "p90": 0.5015000000000001,
    "p95": 0.614,
    "max": 0.8634999999999999,
    "cpu_mean": 28.678114478114477,
    "mem_mean": 44.994276094276096
  },
  "thresholds": {
    "lo_thresh": 0.552,
    "hi_thresh": 0.802,
    "gap": 0.25
  },
  "timestamp": "2026-04-23T17:17:52"
}