23:26:17  INFO     Loaded 1500 frames from /data/kitti/images/val
23:26:17  INFO     Real inference mode: 1500 frames available
23:26:17  INFO     === RAMS Benchmark  run_id=rams_20260908_232617_9f7850578d66 ===
23:26:17  INFO     Policies: ['threshold', 'predictive', 'safety', 'adaptive', 'safety2', 'fixed_nano', 'fixed_small', 'fixed_medium']  |  Profiles: ['burst']  |  N/block=200  |  blocks=10  |  simulate=False  |  frames=/data/kitti/images/val
23:26:17  INFO     
--- Block 1/10  Policy: fixed_small  Load: burst (100%) ---
23:26:17  INFO     [RAMS] Starting resource monitor ...
23:26:18  INFO     [RAMS] Loading model tiers ...
23:26:22  INFO     [RAMS] YOLOv8-nano ready — Ultralytics (imgsz=320).
23:26:23  INFO     [RAMS] YOLOv8-small ready — Ultralytics (imgsz=416).
23:26:23  INFO     [RAMS] YOLOv8-medium ready — Ultralytics (imgsz=640).
23:26:23  INFO     [RAMS] Controller ready. Policy: fixed
23:26:24  INFO       [fixed_small / burst] 20/200  tier=SMALL   latency=17.7 ms  R=0.727  target=0.85  dets=0  vru=False  backend=ultralytics
23:26:25  INFO       [fixed_small / burst] 40/200  tier=SMALL   latency=19.7 ms  R=0.178  target=0.00  dets=1  vru=False  backend=ultralytics
23:26:26  INFO       [fixed_small / burst] 60/200  tier=SMALL   latency=19.6 ms  R=0.154  target=0.00  dets=1  vru=False  backend=ultralytics
23:26:27  INFO       [fixed_small / burst] 80/200  tier=SMALL   latency=19.9 ms  R=0.141  target=0.00  dets=4  vru=False  backend=ultralytics
23:26:27  INFO       [fixed_small / burst] 100/200  tier=SMALL   latency=23.1 ms  R=0.148  target=0.00  dets=13  vru=True  backend=ultralytics
23:26:28  INFO       [fixed_small / burst] 120/200  tier=SMALL   latency=20.8 ms  R=0.752  target=0.85  dets=4  vru=False  backend=ultralytics
23:26:29  INFO       [fixed_small / burst] 140/200  tier=SMALL   latency=20.3 ms  R=0.134  target=0.00  dets=5  vru=False  backend=ultralytics
23:26:30  INFO       [fixed_small / burst] 160/200  tier=SMALL   latency=20.8 ms  R=0.124  target=0.00  dets=2  vru=False  backend=ultralytics
23:26:30  INFO       [fixed_small / burst] 180/200  tier=SMALL   latency=19.7 ms  R=0.158  target=0.00  dets=2  vru=False  backend=ultralytics
23:26:31  INFO       [fixed_small / burst] 200/200  tier=SMALL   latency=20.5 ms  R=0.152  target=0.00  dets=7  vru=False  backend=ultralytics
23:26:31  INFO     [RAMS] Controller stopped.
23:26:31  INFO     
--- Block 1/10  Policy: fixed_nano  Load: burst (100%) ---
23:26:31  INFO     [RAMS] Starting resource monitor ...
23:26:31  INFO     [RAMS] Loading model tiers ...
23:26:31  INFO     [RAMS] YOLOv8-nano ready — Ultralytics (imgsz=320).
23:26:32  INFO     [RAMS] YOLOv8-small ready — Ultralytics (imgsz=416).
23:26:32  INFO     [RAMS] YOLOv8-medium ready — Ultralytics (imgsz=640).
23:26:32  INFO     [RAMS] Controller ready. Policy: fixed
23:26:33  INFO     [RAMS] Tier switch: SMALL → NANO  (R=0.708)
23:26:33  INFO       [fixed_nano / burst] 20/200  tier=NANO    latency=17.2 ms  R=0.742  target=0.85  dets=0  vru=False  backend=ultralytics
23:26:34  INFO       [fixed_nano / burst] 40/200  tier=NANO    latency=20.0 ms  R=0.130  target=0.00  dets=1  vru=False  backend=ultralytics
23:26:35  INFO       [fixed_nano / burst] 60/200  tier=NANO    latency=19.1 ms  R=0.137  target=0.00  dets=1  vru=False  backend=ultralytics
23:26:35  INFO       [fixed_nano / burst] 80/200  tier=NANO    latency=19.1 ms  R=0.269  target=0.00  dets=1  vru=False  backend=ultralytics
23:26:36  INFO       [fixed_nano / burst] 100/200  tier=NANO    latency=22.5 ms  R=0.214  target=0.00  dets=12  vru=False  backend=ultralytics
23:26:37  INFO       [fixed_nano / burst] 120/200  tier=NANO    latency=19.5 ms  R=0.729  target=0.85  dets=4  vru=False  backend=ultralytics
23:26:38  INFO       [fixed_nano / burst] 140/200  tier=NANO    latency=20.3 ms  R=0.218  target=0.00  dets=4  vru=False  backend=ultralytics
23:26:38  INFO       [fixed_nano / burst] 160/200  tier=NANO    latency=17.6 ms  R=0.238  target=0.00  dets=0  vru=False  backend=ultralytics
23:26:39  INFO       [fixed_nano / burst] 180/200  tier=NANO    latency=20.5 ms  R=0.203  target=0.00  dets=3  vru=False  backend=ultralytics
23:26:40  INFO       [fixed_nano / burst] 200/200  tier=NANO    latency=20.1 ms  R=0.227  target=0.00  dets=6  vru=False  backend=ultralytics
23:26:40  INFO     [RAMS] Controller stopped.
23:26:40  INFO     
--- Block 1/10  Policy: threshold  Load: burst (100%) ---
23:26:40  INFO     [RAMS] Starting resource monitor ...
23:26:40  INFO     [RAMS] Loading model tiers ...
23:26:40  INFO     [RAMS] YOLOv8-nano ready — Ultralytics (imgsz=320).
23:26:40  INFO     [RAMS] YOLOv8-small ready — Ultralytics (imgsz=416).
23:26:41  INFO     [RAMS] YOLOv8-medium ready — Ultralytics (imgsz=640).
23:26:41  INFO     [RAMS] Controller ready. Policy: threshold
23:26:42  INFO     [RAMS] Tier switch: SMALL → NANO  (R=0.735)
23:26:42  INFO       [threshold / burst] 20/200  tier=NANO    latency=18.2 ms  R=0.726  target=0.85  dets=0  vru=False  backend=ultralytics
23:26:42  INFO     [RAMS] Tier switch: NANO → MEDIUM  (R=0.108)
23:26:43  INFO     [RAMS] Tier switch: MEDIUM → SMALL  (R=0.159)
23:26:43  INFO     [RAMS] Tier switch: SMALL → MEDIUM  (R=0.129)
23:26:43  INFO     [RAMS] Tier switch: MEDIUM → SMALL  (R=0.182)
23:26:43  INFO       [threshold / burst] 40/200  tier=SMALL   latency=20.4 ms  R=0.233  target=0.00  dets=1  vru=False  backend=ultralytics
23:26:44  INFO     [RAMS] Tier switch: SMALL → MEDIUM  (R=0.138)
23:26:44  INFO     [RAMS] Tier switch: MEDIUM → SMALL  (R=0.190)
23:26:44  INFO       [threshold / burst] 60/200  tier=SMALL   latency=20.6 ms  R=0.190  target=0.00  dets=1  vru=False  backend=ultralytics
23:26:44  INFO     [RAMS] Tier switch: SMALL → MEDIUM  (R=0.136)
23:26:44  INFO     [RAMS] Tier switch: MEDIUM → SMALL  (R=0.148)
23:26:45  INFO       [threshold / burst] 80/200  tier=SMALL   latency=19.9 ms  R=0.142  target=0.00  dets=4  vru=False  backend=ultralytics
23:26:45  INFO     [RAMS] Tier switch: SMALL → MEDIUM  (R=0.142)
23:26:45  INFO     [RAMS] Tier switch: MEDIUM → SMALL  (R=0.194)
23:26:45  INFO     [RAMS] Tier switch: SMALL → MEDIUM  (R=0.126)
23:26:45  INFO     [RAMS] Tier switch: MEDIUM → SMALL  (R=0.295)
23:26:45  INFO       [threshold / burst] 100/200  tier=SMALL   latency=22.5 ms  R=0.295  target=0.00  dets=13  vru=True  backend=ultralytics
23:26:46  INFO     [RAMS] Tier switch: SMALL → NANO  (R=0.721)
23:26:46  INFO       [threshold / burst] 120/200  tier=NANO    latency=20.3 ms  R=0.721  target=0.85  dets=4  vru=False  backend=ultralytics
23:26:46  INFO     [RAMS] Tier switch: NANO → MEDIUM  (R=0.143)
23:26:47  INFO     [RAMS] Tier switch: MEDIUM → SMALL  (R=0.152)
23:26:47  INFO       [threshold / burst] 140/200  tier=SMALL   latency=21.0 ms  R=0.142  target=0.00  dets=5  vru=False  backend=ultralytics
23:26:47  INFO     [RAMS] Tier switch: SMALL → MEDIUM  (R=0.142)
23:26:47  INFO     [RAMS] Tier switch: MEDIUM → SMALL  (R=0.190)
23:26:48  INFO       [threshold / burst] 160/200  tier=SMALL   latency=20.2 ms  R=0.144  target=0.00  dets=2  vru=False  backend=ultralytics
23:26:48  INFO     [RAMS] Tier switch: SMALL → MEDIUM  (R=0.144)
23:26:48  INFO     [RAMS] Tier switch: MEDIUM → SMALL  (R=0.198)
23:26:48  INFO     [RAMS] Tier switch: SMALL → MEDIUM  (R=0.136)
23:26:48  INFO     [RAMS] Tier switch: MEDIUM → SMALL  (R=0.240)
23:26:48  INFO       [threshold / burst] 180/200  tier=SMALL   latency=20.6 ms  R=0.240  target=0.00  dets=2  vru=False  backend=ultralytics
23:26:49  INFO     [RAMS] Tier switch: SMALL → MEDIUM  (R=0.143)
23:26:49  INFO     [RAMS] Tier switch: MEDIUM → SMALL  (R=0.148)
23:26:49  INFO       [threshold / burst] 200/200  tier=SMALL   latency=20.5 ms  R=0.222  target=0.00  dets=7  vru=False  backend=ultralytics
23:26:49  INFO     [RAMS] Controller stopped.
23:26:49  INFO     
--- Block 1/10  Policy: predictive  Load: burst (100%) ---
23:26:49  INFO     [RAMS] Starting resource monitor ...
23:26:49  INFO     [RAMS] Loading model tiers ...
23:26:50  INFO     [RAMS] YOLOv8-nano ready — Ultralytics (imgsz=320).
23:26:50  INFO     [RAMS] YOLOv8-small ready — Ultralytics (imgsz=416).
23:26:51  INFO     [RAMS] YOLOv8-medium ready — Ultralytics (imgsz=640).
23:26:51  INFO     [RAMS] Controller ready. Policy: predictive
23:26:51  INFO     [RAMS] Tier switch: SMALL → NANO  (R=0.703)
23:26:52  INFO       [predictive / burst] 20/200  tier=NANO    latency=17.2 ms  R=0.724  target=0.85  dets=0  vru=False  backend=ultralytics
23:26:52  INFO     [RAMS] Tier switch: NANO → SMALL  (R=0.067)
23:26:52  INFO     [RAMS] Tier switch: SMALL → MEDIUM  (R=0.139)
23:26:52  INFO     [RAMS] Tier switch: MEDIUM → SMALL  (R=0.149)
23:26:52  INFO       [predictive / burst] 40/200  tier=SMALL   latency=19.5 ms  R=0.131  target=0.00  dets=1  vru=False  backend=ultralytics
23:26:53  INFO     [RAMS] Tier switch: SMALL → MEDIUM  (R=0.136)
23:26:53  INFO     [RAMS] Tier switch: MEDIUM → SMALL  (R=0.150)
23:26:53  INFO       [predictive / burst] 60/200  tier=SMALL   latency=20.4 ms  R=0.162  target=0.00  dets=1  vru=False  backend=ultralytics
23:26:53  INFO     [RAMS] Tier switch: SMALL → MEDIUM  (R=0.136)
23:26:53  INFO     [RAMS] Tier switch: MEDIUM → SMALL  (R=0.228)
23:26:54  INFO       [predictive / burst] 80/200  tier=SMALL   latency=20.3 ms  R=0.133  target=0.00  dets=4  vru=False  backend=ultralytics
23:26:54  INFO     [RAMS] Tier switch: SMALL → MEDIUM  (R=0.133)
23:26:54  INFO     [RAMS] Tier switch: MEDIUM → SMALL  (R=0.149)
23:26:54  INFO     [RAMS] Tier switch: SMALL → MEDIUM  (R=0.126)
23:26:54  INFO     [RAMS] Tier switch: MEDIUM → SMALL  (R=0.193)
23:26:55  INFO       [predictive / burst] 100/200  tier=SMALL   latency=22.1 ms  R=0.162  target=0.00  dets=13  vru=True  backend=ultralytics
23:26:55  INFO     [RAMS] Tier switch: SMALL → NANO  (R=0.662)
23:26:55  INFO       [predictive / burst] 120/200  tier=NANO    latency=19.7 ms  R=0.750  target=0.85  dets=4  vru=False  backend=ultralytics
23:26:56  INFO     [RAMS] Tier switch: NANO → SMALL  (R=0.090)
23:26:56  INFO     [RAMS] Tier switch: SMALL → MEDIUM  (R=0.128)
23:26:56  INFO     [RAMS] Tier switch: MEDIUM → SMALL  (R=0.206)
23:26:56  INFO       [predictive / burst] 140/200  tier=SMALL   latency=21.1 ms  R=0.267  target=0.00  dets=5  vru=False  backend=ultralytics
23:26:57  INFO       [predictive / burst] 160/200  tier=SMALL   latency=19.9 ms  R=0.210  target=0.00  dets=2  vru=False  backend=ultralytics
23:26:58  INFO       [predictive / burst] 180/200  tier=SMALL   latency=20.0 ms  R=0.239  target=0.00  dets=2  vru=False  backend=ultralytics
23:26:58  INFO       [predictive / burst] 200/200  tier=SMALL   latency=22.2 ms  R=0.243  target=0.00  dets=7  vru=False  backend=ultralytics
23:26:58  INFO     [RAMS] Controller stopped.
23:26:58  INFO     
--- Block 1/10  Policy: adaptive  Load: burst (100%) ---
23:26:58  INFO     [RAMS] Starting resource monitor ...
23:26:58  INFO     [RAMS] Loading model tiers ...
23:26:59  INFO     [RAMS] YOLOv8-nano ready — Ultralytics (imgsz=320).
23:26:59  INFO     [RAMS] YOLOv8-small ready — Ultralytics (imgsz=416).
23:27:00  INFO     [RAMS] YOLOv8-medium ready — Ultralytics (imgsz=640).
23:27:00  INFO     [RAMS] Controller ready. Policy: adaptive
23:27:00  INFO     [RAMS] Tier switch: SMALL → NANO  (R=0.734)
23:27:01  INFO       [adaptive / burst] 20/200  tier=NANO    latency=18.7 ms  R=0.756  target=0.85  dets=0  vru=False  backend=ultralytics
23:27:01  INFO     [RAMS] Tier switch: NANO → SMALL  (R=0.157)
23:27:02  INFO       [adaptive / burst] 40/200  tier=SMALL   latency=20.6 ms  R=0.229  target=0.00  dets=1  vru=False  backend=ultralytics
23:27:02  INFO       [adaptive / burst] 60/200  tier=SMALL   latency=20.9 ms  R=0.169  target=0.00  dets=1  vru=False  backend=ultralytics
23:27:03  INFO       [adaptive / burst] 80/200  tier=SMALL   latency=20.0 ms  R=0.144  target=0.00  dets=4  vru=False  backend=ultralytics
23:27:04  INFO       [adaptive / burst] 100/200  tier=SMALL   latency=21.8 ms  R=0.147  target=0.00  dets=13  vru=True  backend=ultralytics
23:27:04  INFO     [RAMS] Tier switch: SMALL → NANO  (R=0.687)
23:27:05  INFO       [adaptive / burst] 120/200  tier=NANO    latency=22.6 ms  R=0.716  target=0.85  dets=4  vru=False  backend=ultralytics
23:27:05  INFO     [RAMS] Tier switch: NANO → SMALL  (R=0.062)
23:27:05  INFO     [RAMS] Tier switch: SMALL → MEDIUM  (R=0.062)
23:27:05  INFO     [RAMS] Tier switch: MEDIUM → SMALL  (R=0.220)
23:27:05  INFO       [adaptive / burst] 140/200  tier=SMALL   latency=20.3 ms  R=0.259  target=0.00  dets=5  vru=False  backend=ultralytics
23:27:06  INFO       [adaptive / burst] 160/200  tier=SMALL   latency=20.3 ms  R=0.151  target=0.00  dets=2  vru=False  backend=ultralytics
23:27:07  INFO       [adaptive / burst] 180/200  tier=SMALL   latency=20.6 ms  R=0.139  target=0.00  dets=2  vru=False  backend=ultralytics
23:27:07  INFO     [RAMS] Tier switch: SMALL → MEDIUM  (R=0.128)
23:27:07  INFO     [RAMS] Tier switch: MEDIUM → SMALL  (R=0.304)
23:27:07  INFO       [adaptive / burst] 200/200  tier=SMALL   latency=20.7 ms  R=0.304  target=0.00  dets=7  vru=False  backend=ultralytics
23:27:08  INFO     [RAMS] Controller stopped.
23:27:08  INFO     
--- Block 1/10  Policy: fixed_medium  Load: burst (100%) ---
23:27:08  INFO     [RAMS] Starting resource monitor ...
23:27:08  INFO     [RAMS] Loading model tiers ...
23:27:08  INFO     [RAMS] YOLOv8-nano ready — Ultralytics (imgsz=320).
23:27:08  INFO     [RAMS] YOLOv8-small ready — Ultralytics (imgsz=416).
23:27:09  INFO     [RAMS] YOLOv8-medium ready — Ultralytics (imgsz=640).
23:27:09  INFO     [RAMS] Controller ready. Policy: fixed
23:27:09  INFO     [RAMS] Tier switch: SMALL → MEDIUM  (R=0.703)
23:27:10  INFO       [fixed_medium / burst] 20/200  tier=MEDIUM  latency=24.7 ms  R=0.791  target=0.85  dets=3  vru=False  backend=ultralytics
23:27:11  INFO       [fixed_medium / burst] 40/200  tier=MEDIUM  latency=24.4 ms  R=0.232  target=0.00  dets=1  vru=False  backend=ultralytics
23:27:12  INFO       [fixed_medium / burst] 60/200  tier=MEDIUM  latency=25.6 ms  R=0.136  target=0.00  dets=6  vru=False  backend=ultralytics
23:27:12  INFO       [fixed_medium / burst] 80/200  tier=MEDIUM  latency=25.6 ms  R=0.176  target=0.00  dets=5  vru=False  backend=ultralytics
23:27:13  INFO       [fixed_medium / burst] 100/200  tier=MEDIUM  latency=27.4 ms  R=0.169  target=0.00  dets=16  vru=False  backend=ultralytics
23:27:14  INFO       [fixed_medium / burst] 120/200  tier=MEDIUM  latency=25.2 ms  R=0.743  target=0.85  dets=5  vru=False  backend=ultralytics
23:27:15  INFO       [fixed_medium / burst] 140/200  tier=MEDIUM  latency=27.6 ms  R=0.243  target=0.00  dets=14  vru=False  backend=ultralytics
23:27:16  INFO       [fixed_medium / burst] 160/200  tier=MEDIUM  latency=26.2 ms  R=0.128  target=0.00  dets=6  vru=False  backend=ultralytics
23:27:17  INFO       [fixed_medium / burst] 180/200  tier=MEDIUM  latency=24.7 ms  R=0.188  target=0.00  dets=3  vru=False  backend=ultralytics
23:27:17  INFO       [fixed_medium / burst] 200/200  tier=MEDIUM  latency=27.2 ms  R=0.273  target=0.00  dets=12  vru=False  backend=ultralytics
23:27:18  INFO     [RAMS] Controller stopped.
23:27:18  INFO     
--- Block 1/10  Policy: safety2  Load: burst (100%) ---
23:27:18  INFO     [RAMS] Starting resource monitor ...
23:27:18  INFO     [RAMS] Loading model tiers ...
23:27:18  INFO     [RAMS] YOLOv8-nano ready — Ultralytics (imgsz=320).
23:27:18  INFO     [RAMS] YOLOv8-small ready — Ultralytics (imgsz=416).
23:27:19  INFO     [RAMS] YOLOv8-medium ready — Ultralytics (imgsz=640).
23:27:19  INFO     [RAMS] Controller ready. Policy: safety2
23:27:20  INFO     [RAMS] Tier switch: SMALL → MEDIUM  (R=0.755)
23:27:20  INFO       [safety2 / burst] 20/200  tier=MEDIUM  latency=24.9 ms  R=0.757  target=0.85  dets=3  vru=False  backend=ultralytics
23:27:20  INFO     [RAMS] Tier switch: MEDIUM → SMALL  (R=0.198)
23:27:21  INFO     [RAMS] Tier switch: SMALL → MEDIUM  (R=0.215)
23:27:21  INFO       [safety2 / burst] 40/200  tier=MEDIUM  latency=25.8 ms  R=0.215  target=0.00  dets=1  vru=False  backend=ultralytics
23:27:22  INFO     [RAMS] Tier switch: MEDIUM → SMALL  (R=0.244)
23:27:22  INFO       [safety2 / burst] 60/200  tier=SMALL   latency=19.6 ms  R=0.244  target=0.00  dets=1  vru=False  backend=ultralytics
23:27:22  INFO     [RAMS] Tier switch: SMALL → MEDIUM  (R=0.196)
23:27:22  INFO       [safety2 / burst] 80/200  tier=MEDIUM  latency=27.0 ms  R=0.322  target=0.00  dets=5  vru=False  backend=ultralytics
23:27:23  INFO     [RAMS] Tier switch: MEDIUM → SMALL  (R=0.250)
23:27:23  INFO     [RAMS] Tier switch: SMALL → MEDIUM  (R=0.250)
23:27:23  INFO       [safety2 / burst] 100/200  tier=MEDIUM  latency=28.3 ms  R=0.251  target=0.00  dets=16  vru=False  backend=ultralytics
23:27:24  INFO     [RAMS] Tier switch: MEDIUM → SMALL  (R=0.770)
23:27:24  INFO     [RAMS] Tier switch: SMALL → MEDIUM  (R=0.721)
23:27:24  INFO       [safety2 / burst] 120/200  tier=MEDIUM  latency=25.2 ms  R=0.765  target=0.85  dets=5  vru=False  backend=ultralytics
23:27:24  INFO     [RAMS] Tier switch: MEDIUM → SMALL  (R=0.197)
23:27:25  INFO     [RAMS] Tier switch: SMALL → MEDIUM  (R=0.229)
23:27:25  INFO       [safety2 / burst] 140/200  tier=MEDIUM  latency=27.8 ms  R=0.200  target=0.00  dets=14  vru=False  backend=ultralytics
23:27:25  INFO     [RAMS] Tier switch: MEDIUM → SMALL  (R=0.190)
23:27:25  INFO     [RAMS] Tier switch: SMALL → MEDIUM  (R=0.126)
23:27:25  INFO     [RAMS] Tier switch: MEDIUM → SMALL  (R=0.283)
23:27:26  INFO     [RAMS] Tier switch: SMALL → MEDIUM  (R=0.140)
23:27:26  INFO       [safety2 / burst] 160/200  tier=MEDIUM  latency=26.5 ms  R=0.140  target=0.00  dets=6  vru=False  backend=ultralytics
23:27:26  INFO     [RAMS] Tier switch: MEDIUM → SMALL  (R=0.328)
23:27:26  INFO     [RAMS] Tier switch: SMALL → MEDIUM  (R=0.147)
23:27:27  INFO       [safety2 / burst] 180/200  tier=MEDIUM  latency=24.8 ms  R=0.147  target=0.00  dets=3  vru=False  backend=ultralytics
23:27:27  INFO       [safety2 / burst] 200/200  tier=MEDIUM  latency=28.1 ms  R=0.134  target=0.00  dets=12  vru=False  backend=ultralytics
23:27:27  INFO     [RAMS] Controller stopped.
23:27:28  INFO     
--- Block 1/10  Policy: safety  Load: burst (100%) ---
23:27:28  INFO     [RAMS] Starting resource monitor ...
23:27:28  INFO     [RAMS] Loading model tiers ...
23:27:28  INFO     [RAMS] YOLOv8-nano ready — Ultralytics (imgsz=320).
23:27:28  INFO     [RAMS] YOLOv8-small ready — Ultralytics (imgsz=416).
23:27:29  INFO     [RAMS] YOLOv8-medium ready — Ultralytics (imgsz=640).
23:27:29  INFO     [RAMS] Controller ready. Policy: safety
23:27:30  INFO       [safety / burst] 20/200  tier=SMALL   latency=17.8 ms  R=0.750  target=0.85  dets=0  vru=False  backend=ultralytics
23:27:30  INFO     [RAMS] Tier switch: SMALL → MEDIUM  (R=0.091)
23:27:30  INFO     [RAMS] Tier switch: MEDIUM → SMALL  (R=0.150)
23:27:30  INFO     [RAMS] Tier switch: SMALL → MEDIUM  (R=0.124)
23:27:30  INFO     [RAMS] Tier switch: MEDIUM → SMALL  (R=0.216)
23:27:31  INFO       [safety / burst] 40/200  tier=SMALL   latency=19.3 ms  R=0.146  target=0.00  dets=1  vru=False  backend=ultralytics
23:27:31  INFO     [RAMS] Tier switch: SMALL → MEDIUM  (R=0.139)
23:27:31  INFO     [RAMS] Tier switch: MEDIUM → SMALL  (R=0.150)
23:27:31  INFO     [RAMS] Tier switch: SMALL → MEDIUM  (R=0.138)
23:27:31  INFO     [RAMS] Tier switch: MEDIUM → SMALL  (R=0.160)
23:27:31  INFO       [safety / burst] 60/200  tier=SMALL   latency=19.3 ms  R=0.241  target=0.00  dets=1  vru=False  backend=ultralytics
23:27:32  INFO     [RAMS] Tier switch: SMALL → MEDIUM  (R=0.138)
23:27:32  INFO     [RAMS] Tier switch: MEDIUM → SMALL  (R=0.160)
23:27:32  INFO       [safety / burst] 80/200  tier=SMALL   latency=20.6 ms  R=0.164  target=0.00  dets=4  vru=False  backend=ultralytics
23:27:32  INFO     [RAMS] Tier switch: SMALL → MEDIUM  (R=0.142)
23:27:32  INFO     [RAMS] Tier switch: MEDIUM → SMALL  (R=0.228)
23:27:33  INFO       [safety / burst] 100/200  tier=SMALL   latency=21.8 ms  R=0.159  target=0.00  dets=13  vru=True  backend=ultralytics
23:27:34  INFO       [safety / burst] 120/200  tier=SMALL   latency=20.1 ms  R=0.729  target=0.85  dets=4  vru=False  backend=ultralytics
23:27:34  INFO     [RAMS] Tier switch: SMALL → MEDIUM  (R=0.097)
23:27:34  INFO     [RAMS] Tier switch: MEDIUM → SMALL  (R=0.224)
23:27:34  INFO       [safety / burst] 140/200  tier=SMALL   latency=21.1 ms  R=0.172  target=0.00  dets=5  vru=False  backend=ultralytics
23:27:35  INFO     [RAMS] Tier switch: SMALL → MEDIUM  (R=0.123)
23:27:35  INFO       [safety / burst] 160/200  tier=MEDIUM  latency=25.4 ms  R=0.147  target=0.00  dets=6  vru=False  backend=ultralytics
23:27:35  INFO     [RAMS] Tier switch: MEDIUM → SMALL  (R=0.170)
23:27:36  INFO     [RAMS] Tier switch: SMALL → MEDIUM  (R=0.143)
23:27:36  INFO     [RAMS] Tier switch: MEDIUM → SMALL  (R=0.170)
23:27:36  INFO       [safety / burst] 180/200  tier=SMALL   latency=20.2 ms  R=0.170  target=0.00  dets=2  vru=False  backend=ultralytics
23:27:36  INFO     [RAMS] Tier switch: SMALL → MEDIUM  (R=0.126)
23:27:36  INFO     [RAMS] Tier switch: MEDIUM → SMALL  (R=0.176)
23:27:37  INFO       [safety / burst] 200/200  tier=SMALL   latency=20.7 ms  R=0.199  target=0.00  dets=7  vru=False  backend=ultralytics
23:27:37  INFO     [RAMS] Controller stopped.
23:27:37  INFO     
--- Block 2/10  Policy: safety2  Load: burst (100%) ---
23:27:37  INFO     [RAMS] Starting resource monitor ...
23:27:37  INFO     [RAMS] Loading model tiers ...
23:27:37  INFO     [RAMS] YOLOv8-nano ready — Ultralytics (imgsz=320).
23:27:37  INFO     [RAMS] YOLOv8-small ready — Ultralytics (imgsz=416).
23:27:38  INFO     [RAMS] YOLOv8-medium ready — Ultralytics (imgsz=640).
23:27:38  INFO     [RAMS] Controller ready. Policy: safety2
23:27:38  INFO     [RAMS] Tier switch: SMALL → NANO  (R=0.714)
23:27:38  INFO     [RAMS] Tier switch: NANO → SMALL  (R=0.714)
23:27:39  INFO     [RAMS] Tier switch: SMALL → MEDIUM  (R=0.737)
23:27:39  INFO       [safety2 / burst] 20/200  tier=MEDIUM  latency=29.5 ms  R=0.810  target=0.85  dets=19  vru=False  backend=ultralytics
23:27:40  INFO       [safety2 / burst] 40/200  tier=MEDIUM  latency=28.0 ms  R=0.246  target=0.00  dets=12  vru=False  backend=ultralytics
23:27:41  INFO     [RAMS] Tier switch: MEDIUM → SMALL  (R=0.217)
23:27:41  INFO     [RAMS] Tier switch: SMALL → MEDIUM  (R=0.220)
23:27:41  INFO       [safety2 / burst] 60/200  tier=MEDIUM  latency=26.7 ms  R=0.269  target=0.00  dets=8  vru=False  backend=ultralytics
23:27:41  INFO     [RAMS] Tier switch: MEDIUM → SMALL  (R=0.301)
23:27:42  INFO     [RAMS] Tier switch: SMALL → MEDIUM  (R=0.215)
23:27:42  INFO       [safety2 / burst] 80/200  tier=MEDIUM  latency=28.1 ms  R=0.233  target=0.00  dets=8  vru=False  backend=ultralytics
23:27:43  INFO       [safety2 / burst] 100/200  tier=MEDIUM  latency=26.6 ms  R=0.398  target=0.00  dets=2  vru=False  backend=ultralytics
23:27:43  INFO     [RAMS] Tier switch: MEDIUM → NANO  (R=0.722)
23:27:43  INFO     [RAMS] Tier switch: NANO → SMALL  (R=0.734)
23:27:44  INFO       [safety2 / burst] 120/200  tier=SMALL   latency=21.9 ms  R=0.765  target=0.85  dets=8  vru=False  backend=ultralytics
23:27:44  INFO     [RAMS] Tier switch: SMALL → MEDIUM  (R=0.146)
23:27:44  INFO       [safety2 / burst] 140/200  tier=MEDIUM  latency=26.7 ms  R=0.313  target=0.00  dets=7  vru=False  backend=ultralytics
23:27:45  INFO       [safety2 / burst] 160/200  tier=MEDIUM  latency=26.4 ms  R=0.236  target=0.00  dets=6  vru=False  backend=ultralytics
23:27:46  INFO     [RAMS] Tier switch: MEDIUM → SMALL  (R=0.192)
23:27:46  INFO       [safety2 / burst] 180/200  tier=SMALL   latency=20.6 ms  R=0.160  target=0.00  dets=3  vru=False  backend=ultralytics
23:27:46  INFO     [RAMS] Tier switch: SMALL → MEDIUM  (R=0.144)
23:27:46  INFO     [RAMS] Tier switch: MEDIUM → SMALL  (R=0.203)
23:27:46  INFO     [RAMS] Tier switch: SMALL → MEDIUM  (R=0.155)
23:27:47  INFO       [safety2 / burst] 200/200  tier=MEDIUM  latency=25.4 ms  R=0.164  target=0.00  dets=5  vru=False  backend=ultralytics
23:27:47  INFO     [RAMS] Controller stopped.
23:27:47  INFO     
--- Block 2/10  Policy: threshold  Load: burst (100%) ---
23:27:47  INFO     [RAMS] Starting resource monitor ...
23:27:47  INFO     [RAMS] Loading model tiers ...
23:27:47  INFO     [RAMS] YOLOv8-nano ready — Ultralytics (imgsz=320).
23:27:47  INFO     [RAMS] YOLOv8-small ready — Ultralytics (imgsz=416).
23:27:48  INFO     [RAMS] YOLOv8-medium ready — Ultralytics (imgsz=640).
23:27:48  INFO     [RAMS] Controller ready. Policy: threshold
23:27:48  INFO     [RAMS] Tier switch: SMALL → NANO  (R=0.685)
23:27:49  INFO       [threshold / burst] 20/200  tier=NANO    latency=21.6 ms  R=0.727  target=0.85  dets=14  vru=False  backend=ultralytics
23:27:49  INFO     [RAMS] Tier switch: NANO → MEDIUM  (R=0.073)
23:27:49  INFO     [RAMS] Tier switch: MEDIUM → SMALL  (R=0.215)
23:27:50  INFO     [RAMS] Tier switch: SMALL → MEDIUM  (R=0.136)
23:27:50  INFO     [RAMS] Tier switch: MEDIUM → SMALL  (R=0.145)
23:27:50  INFO       [threshold / burst] 40/200  tier=SMALL   latency=20.4 ms  R=0.166  target=0.00  dets=6  vru=False  backend=ultralytics
23:27:50  INFO     [RAMS] Tier switch: SMALL → MEDIUM  (R=0.135)
23:27:50  INFO     [RAMS] Tier switch: MEDIUM → SMALL  (R=0.176)
23:27:50  INFO     [RAMS] Tier switch: SMALL → MEDIUM  (R=0.136)
23:27:50  INFO     [RAMS] Tier switch: MEDIUM → SMALL  (R=0.214)
23:27:51  INFO       [threshold / burst] 60/200  tier=SMALL   latency=20.7 ms  R=0.213  target=0.00  dets=6  vru=False  backend=ultralytics
23:27:51  INFO     [RAMS] Tier switch: SMALL → MEDIUM  (R=0.126)
23:27:51  INFO       [threshold / burst] 80/200  tier=MEDIUM  latency=26.0 ms  R=0.177  target=0.00  dets=8  vru=False  backend=ultralytics
23:27:51  INFO     [RAMS] Tier switch: MEDIUM → SMALL  (R=0.222)
23:27:52  INFO     [RAMS] Tier switch: SMALL → MEDIUM  (R=0.129)
23:27:52  INFO     [RAMS] Tier switch: MEDIUM → SMALL  (R=0.176)
23:27:52  INFO       [threshold / burst] 100/200  tier=SMALL   latency=19.7 ms  R=0.136  target=0.00  dets=2  vru=False  backend=ultralytics
23:27:52  INFO     [RAMS] Tier switch: SMALL → NANO  (R=0.662)
23:27:53  INFO       [threshold / burst] 120/200  tier=NANO    latency=21.7 ms  R=0.717  target=0.85  dets=4  vru=False  backend=ultralytics
23:27:53  INFO     [RAMS] Tier switch: NANO → MEDIUM  (R=0.102)
23:27:53  INFO     [RAMS] Tier switch: MEDIUM → SMALL  (R=0.191)
23:27:54  INFO       [threshold / burst] 140/200  tier=SMALL   latency=19.9 ms  R=0.153  target=0.00  dets=3  vru=False  backend=ultralytics
23:27:54  INFO     [RAMS] Tier switch: SMALL → MEDIUM  (R=0.140)
23:27:54  INFO       [threshold / burst] 160/200  tier=MEDIUM  latency=26.2 ms  R=0.132  target=0.00  dets=6  vru=False  backend=ultralytics
23:27:55  INFO     [RAMS] Tier switch: MEDIUM → SMALL  (R=0.225)
23:27:55  INFO     [RAMS] Tier switch: SMALL → MEDIUM  (R=0.136)
23:27:55  INFO       [threshold / burst] 180/200  tier=MEDIUM  latency=26.3 ms  R=0.136  target=0.00  dets=4  vru=False  backend=ultralytics
23:27:55  INFO     [RAMS] Tier switch: MEDIUM → SMALL  (R=0.156)
23:27:55  INFO     [RAMS] Tier switch: SMALL → MEDIUM  (R=0.144)
23:27:56  INFO     [RAMS] Tier switch: MEDIUM → SMALL  (R=0.159)
23:27:56  INFO     [RAMS] Tier switch: SMALL → MEDIUM  (R=0.137)
23:27:56  INFO       [threshold / burst] 200/200  tier=MEDIUM  latency=27.0 ms  R=0.136  target=0.00  dets=5  vru=False  backend=ultralytics
23:27:56  INFO     [RAMS] Controller stopped.
23:27:56  INFO     
--- Block 2/10  Policy: fixed_medium  Load: burst (100%) ---
23:27:56  INFO     [RAMS] Starting resource monitor ...
23:27:56  INFO     [RAMS] Loading model tiers ...
23:27:56  INFO     [RAMS] YOLOv8-nano ready — Ultralytics (imgsz=320).
23:27:57  INFO     [RAMS] YOLOv8-small ready — Ultralytics (imgsz=416).
23:27:57  INFO     [RAMS] YOLOv8-medium ready — Ultralytics (imgsz=640).
23:27:57  INFO     [RAMS] Controller ready. Policy: fixed
23:27:58  INFO     [RAMS] Tier switch: SMALL → MEDIUM  (R=0.756)
23:27:58  INFO       [fixed_medium / burst] 20/200  tier=MEDIUM  latency=28.5 ms  R=0.756  target=0.85  dets=19  vru=False  backend=ultralytics
23:27:59  INFO       [fixed_medium / burst] 40/200  tier=MEDIUM  latency=26.9 ms  R=0.186  target=0.00  dets=12  vru=False  backend=ultralytics
23:28:00  INFO       [fixed_medium / burst] 60/200  tier=MEDIUM  latency=26.4 ms  R=0.178  target=0.00  dets=8  vru=False  backend=ultralytics
23:28:01  INFO       [fixed_medium / burst] 80/200  tier=MEDIUM  latency=27.7 ms  R=0.245  target=0.00  dets=8  vru=False  backend=ultralytics
23:28:02  INFO       [fixed_medium / burst] 100/200  tier=MEDIUM  latency=26.2 ms  R=0.320  target=0.00  dets=2  vru=False  backend=ultralytics
23:28:03  INFO       [fixed_medium / burst] 120/200  tier=MEDIUM  latency=29.4 ms  R=0.776  target=0.85  dets=11  vru=False  backend=ultralytics
23:28:04  INFO       [fixed_medium / burst] 140/200  tier=MEDIUM  latency=27.6 ms  R=0.284  target=0.00  dets=7  vru=False  backend=ultralytics
23:28:05  INFO       [fixed_medium / burst] 160/200  tier=MEDIUM  latency=27.7 ms  R=0.243  target=0.00  dets=6  vru=False  backend=ultralytics
23:28:05  INFO       [fixed_medium / burst] 180/200  tier=MEDIUM  latency=25.8 ms  R=0.292  target=0.00  dets=4  vru=False  backend=ultralytics
23:28:06  INFO       [fixed_medium / burst] 200/200  tier=MEDIUM  latency=25.6 ms  R=0.261  target=0.00  dets=5  vru=False  backend=ultralytics
23:28:06  INFO     [RAMS] Controller stopped.
23:28:06  INFO     
--- Block 2/10  Policy: fixed_small  Load: burst (100%) ---
23:28:06  INFO     [RAMS] Starting resource monitor ...
23:28:06  INFO     [RAMS] Loading model tiers ...
23:28:07  INFO     [RAMS] YOLOv8-nano ready — Ultralytics (imgsz=320).
23:28:07  INFO     [RAMS] YOLOv8-small ready — Ultralytics (imgsz=416).
23:28:08  INFO     [RAMS] YOLOv8-medium ready — Ultralytics (imgsz=640).
23:28:08  INFO     [RAMS] Controller ready. Policy: fixed
23:28:09  INFO       [fixed_small / burst] 20/200  tier=SMALL   latency=22.2 ms  R=0.719  target=0.85  dets=16  vru=False  backend=ultralytics
23:28:09  INFO       [fixed_small / burst] 40/200  tier=SMALL   latency=20.6 ms  R=0.259  target=0.00  dets=6  vru=False  backend=ultralytics
23:28:10  INFO       [fixed_small / burst] 60/200  tier=SMALL   latency=21.7 ms  R=0.128  target=0.00  dets=6  vru=False  backend=ultralytics
23:28:11  INFO       [fixed_small / burst] 80/200  tier=SMALL   latency=20.5 ms  R=0.139  target=0.00  dets=6  vru=False  backend=ultralytics
23:28:11  INFO       [fixed_small / burst] 100/200  tier=SMALL   latency=19.9 ms  R=0.254  target=0.00  dets=2  vru=False  backend=ultralytics
23:28:12  INFO       [fixed_small / burst] 120/200  tier=SMALL   latency=24.3 ms  R=0.734  target=0.85  dets=8  vru=False  backend=ultralytics
23:28:13  INFO       [fixed_small / burst] 140/200  tier=SMALL   latency=19.7 ms  R=0.128  target=0.00  dets=3  vru=False  backend=ultralytics
23:28:14  INFO       [fixed_small / burst] 160/200  tier=SMALL   latency=18.1 ms  R=0.140  target=0.00  dets=0  vru=False  backend=ultralytics
23:28:15  INFO       [fixed_small / burst] 180/200  tier=SMALL   latency=19.9 ms  R=0.230  target=0.00  dets=3  vru=False  backend=ultralytics
23:28:15  INFO       [fixed_small / burst] 200/200  tier=SMALL   latency=20.3 ms  R=0.148  target=0.00  dets=5  vru=False  backend=ultralytics
23:28:15  INFO     [RAMS] Controller stopped.
23:28:15  INFO     
--- Block 2/10  Policy: safety  Load: burst (100%) ---
23:28:15  INFO     [RAMS] Starting resource monitor ...
23:28:15  INFO     [RAMS] Loading model tiers ...
23:28:15  INFO     [RAMS] YOLOv8-nano ready — Ultralytics (imgsz=320).
23:28:16  INFO     [RAMS] YOLOv8-small ready — Ultralytics (imgsz=416).
23:28:17  INFO     [RAMS] YOLOv8-medium ready — Ultralytics (imgsz=640).
23:28:17  INFO     [RAMS] Controller ready. Policy: safety
23:28:17  INFO     [RAMS] Tier switch: SMALL → NANO  (R=0.698)
23:28:17  INFO     [RAMS] Tier switch: NANO → SMALL  (R=0.727)
23:28:17  INFO       [safety / burst] 20/200  tier=SMALL   latency=26.3 ms  R=0.748  target=0.85  dets=16  vru=False  backend=ultralytics
23:28:18  INFO     [RAMS] Tier switch: SMALL → MEDIUM  (R=0.074)
23:28:18  INFO     [RAMS] Tier switch: MEDIUM → SMALL  (R=0.206)
23:28:18  INFO     [RAMS] Tier switch: SMALL → MEDIUM  (R=0.136)
23:28:18  INFO     [RAMS] Tier switch: MEDIUM → SMALL  (R=0.223)
23:28:18  INFO       [safety / burst] 40/200  tier=SMALL   latency=21.4 ms  R=0.147  target=0.00  dets=6  vru=False  backend=ultralytics
23:28:19  INFO     [RAMS] Tier switch: SMALL → MEDIUM  (R=0.131)
23:28:19  INFO       [safety / burst] 60/200  tier=MEDIUM  latency=26.0 ms  R=0.128  target=0.00  dets=8  vru=False  backend=ultralytics
23:28:19  INFO     [RAMS] Tier switch: MEDIUM → SMALL  (R=0.178)
23:28:20  INFO       [safety / burst] 80/200  tier=SMALL   latency=20.7 ms  R=0.132  target=0.00  dets=6  vru=False  backend=ultralytics
23:28:20  INFO     [RAMS] Tier switch: SMALL → MEDIUM  (R=0.132)
23:28:20  INFO     [RAMS] Tier switch: MEDIUM → SMALL  (R=0.176)
23:28:20  INFO       [safety / burst] 100/200  tier=SMALL   latency=19.9 ms  R=0.264  target=0.00  dets=2  vru=False  backend=ultralytics
23:28:21  INFO       [safety / burst] 120/200  tier=SMALL   latency=21.3 ms  R=0.735  target=0.85  dets=8  vru=False  backend=ultralytics
23:28:22  INFO       [safety / burst] 140/200  tier=SMALL   latency=21.7 ms  R=0.189  target=0.00  dets=3  vru=False  backend=ultralytics
23:28:23  INFO       [safety / burst] 160/200  tier=SMALL   latency=18.5 ms  R=0.270  target=0.00  dets=0  vru=False  backend=ultralytics
23:28:24  INFO       [safety / burst] 180/200  tier=SMALL   latency=20.8 ms  R=0.253  target=0.00  dets=3  vru=False  backend=ultralytics
23:28:24  INFO       [safety / burst] 200/200  tier=SMALL   latency=20.7 ms  R=0.220  target=0.00  dets=5  vru=False  backend=ultralytics
23:28:24  INFO     [RAMS] Controller stopped.
23:28:24  INFO     
--- Block 2/10  Policy: adaptive  Load: burst (100%) ---
23:28:24  INFO     [RAMS] Starting resource monitor ...
23:28:24  INFO     [RAMS] Loading model tiers ...
23:28:25  INFO     [RAMS] YOLOv8-nano ready — Ultralytics (imgsz=320).
23:28:25  INFO     [RAMS] YOLOv8-small ready — Ultralytics (imgsz=416).
23:28:26  INFO     [RAMS] YOLOv8-medium ready — Ultralytics (imgsz=640).
23:28:26  INFO     [RAMS] Controller ready. Policy: adaptive
23:28:26  INFO     [RAMS] Tier switch: SMALL → NANO  (R=0.763)
23:28:27  INFO       [adaptive / burst] 20/200  tier=NANO    latency=22.0 ms  R=0.748  target=0.85  dets=14  vru=False  backend=ultralytics
23:28:27  INFO     [RAMS] Tier switch: NANO → SMALL  (R=0.150)
23:28:28  INFO       [adaptive / burst] 40/200  tier=SMALL   latency=22.2 ms  R=0.166  target=0.00  dets=6  vru=False  backend=ultralytics
23:28:28  INFO     [RAMS] Tier switch: SMALL → MEDIUM  (R=0.131)
23:28:28  INFO       [adaptive / burst] 60/200  tier=MEDIUM  latency=25.9 ms  R=0.131  target=0.00  dets=8  vru=False  backend=ultralytics
23:28:28  INFO     [RAMS] Tier switch: MEDIUM → SMALL  (R=0.190)
23:28:29  INFO       [adaptive / burst] 80/200  tier=SMALL   latency=20.7 ms  R=0.154  target=0.00  dets=6  vru=False  backend=ultralytics
23:28:29  INFO     [RAMS] Tier switch: SMALL → MEDIUM  (R=0.128)
23:28:29  INFO     [RAMS] Tier switch: MEDIUM → SMALL  (R=0.318)
23:28:30  INFO       [adaptive / burst] 100/200  tier=SMALL   latency=19.8 ms  R=0.162  target=0.00  dets=2  vru=False  backend=ultralytics
23:28:30  INFO     [RAMS] Tier switch: SMALL → NANO  (R=0.657)
23:28:31  INFO       [adaptive / burst] 120/200  tier=NANO    latency=19.4 ms  R=0.753  target=0.85  dets=4  vru=False  backend=ultralytics
23:28:31  INFO     [RAMS] Tier switch: NANO → SMALL  (R=0.074)
23:28:31  INFO     [RAMS] Tier switch: SMALL → MEDIUM  (R=0.131)
23:28:31  INFO     [RAMS] Tier switch: MEDIUM → SMALL  (R=0.176)
23:28:31  INFO     [RAMS] Tier switch: SMALL → MEDIUM  (R=0.127)
23:28:31  INFO       [adaptive / burst] 140/200  tier=MEDIUM  latency=26.7 ms  R=0.127  target=0.00  dets=7  vru=False  backend=ultralytics
23:28:31  INFO     [RAMS] Tier switch: MEDIUM → SMALL  (R=0.228)
23:28:32  INFO       [adaptive / burst] 160/200  tier=SMALL   latency=17.9 ms  R=0.160  target=0.00  dets=0  vru=False  backend=ultralytics
23:28:32  INFO     [RAMS] Tier switch: SMALL → MEDIUM  (R=0.132)
23:28:32  INFO     [RAMS] Tier switch: MEDIUM → SMALL  (R=0.154)
23:28:33  INFO       [adaptive / burst] 180/200  tier=SMALL   latency=19.7 ms  R=0.156  target=0.00  dets=3  vru=False  backend=ultralytics
23:28:33  INFO       [adaptive / burst] 200/200  tier=SMALL   latency=21.9 ms  R=0.148  target=0.00  dets=5  vru=False  backend=ultralytics
23:28:34  INFO     [RAMS] Controller stopped.
23:28:34  INFO     
--- Block 2/10  Policy: fixed_nano  Load: burst (100%) ---
23:28:34  INFO     [RAMS] Starting resource monitor ...
23:28:34  INFO     [RAMS] Loading model tiers ...
23:28:34  INFO     [RAMS] YOLOv8-nano ready — Ultralytics (imgsz=320).
23:28:34  INFO     [RAMS] YOLOv8-small ready — Ultralytics (imgsz=416).
23:28:35  INFO     [RAMS] YOLOv8-medium ready — Ultralytics (imgsz=640).
23:28:35  INFO     [RAMS] Controller ready. Policy: fixed
23:28:35  INFO     [RAMS] Tier switch: SMALL → NANO  (R=0.703)
23:28:36  INFO       [fixed_nano / burst] 20/200  tier=NANO    latency=21.7 ms  R=0.725  target=0.85  dets=14  vru=False  backend=ultralytics
23:28:37  INFO       [fixed_nano / burst] 40/200  tier=NANO    latency=19.5 ms  R=0.141  target=0.00  dets=4  vru=False  backend=ultralytics
23:28:37  INFO       [fixed_nano / burst] 60/200  tier=NANO    latency=19.1 ms  R=0.148  target=0.00  dets=3  vru=False  backend=ultralytics
23:28:38  INFO       [fixed_nano / burst] 80/200  tier=NANO    latency=19.4 ms  R=0.136  target=0.00  dets=4  vru=False  backend=ultralytics
23:28:39  INFO       [fixed_nano / burst] 100/200  tier=NANO    latency=20.1 ms  R=0.234  target=0.00  dets=1  vru=False  backend=ultralytics
23:28:39  INFO       [fixed_nano / burst] 120/200  tier=NANO    latency=21.1 ms  R=0.735  target=0.85  dets=4  vru=False  backend=ultralytics
23:28:40  INFO       [fixed_nano / burst] 140/200  tier=NANO    latency=19.0 ms  R=0.145  target=0.00  dets=2  vru=False  backend=ultralytics
23:28:41  INFO       [fixed_nano / burst] 160/200  tier=NANO    latency=17.3 ms  R=0.144  target=0.00  dets=0  vru=False  backend=ultralytics
23:28:41  INFO       [fixed_nano / burst] 180/200  tier=NANO    latency=19.1 ms  R=0.261  target=0.00  dets=2  vru=False  backend=ultralytics
23:28:42  INFO       [fixed_nano / burst] 200/200  tier=NANO    latency=19.6 ms  R=0.147  target=0.00  dets=5  vru=False  backend=ultralytics
23:28:42  INFO     [RAMS] Controller stopped.
23:28:42  INFO     
--- Block 2/10  Policy: predictive  Load: burst (100%) ---
23:28:42  INFO     [RAMS] Starting resource monitor ...
23:28:42  INFO     [RAMS] Loading model tiers ...
23:28:42  INFO     [RAMS] YOLOv8-nano ready — Ultralytics (imgsz=320).
23:28:43  INFO     [RAMS] YOLOv8-small ready — Ultralytics (imgsz=416).
23:28:44  INFO     [RAMS] YOLOv8-medium ready — Ultralytics (imgsz=640).
23:28:44  INFO     [RAMS] Controller ready. Policy: predictive
23:28:44  INFO     [RAMS] Tier switch: SMALL → NANO  (R=0.750)
23:28:45  INFO       [predictive / burst] 20/200  tier=NANO    latency=22.4 ms  R=0.763  target=0.85  dets=14  vru=False  backend=ultralytics
23:28:45  INFO     [RAMS] Tier switch: NANO → SMALL  (R=0.164)
23:28:45  INFO       [predictive / burst] 40/200  tier=SMALL   latency=23.5 ms  R=0.272  target=0.00  dets=6  vru=False  backend=ultralytics
23:28:46  INFO       [predictive / burst] 60/200  tier=SMALL   latency=21.2 ms  R=0.243  target=0.00  dets=6  vru=False  backend=ultralytics
23:28:47  INFO       [predictive / burst] 80/200  tier=SMALL   latency=21.3 ms  R=0.209  target=0.00  dets=6  vru=False  backend=ultralytics
23:28:47  INFO       [predictive / burst] 100/200  tier=SMALL   latency=21.0 ms  R=0.260  target=0.00  dets=2  vru=False  backend=ultralytics
23:28:48  INFO     [RAMS] Tier switch: SMALL → NANO  (R=0.717)
23:28:48  INFO       [predictive / burst] 120/200  tier=NANO    latency=20.2 ms  R=0.743  target=0.85  dets=4  vru=False  backend=ultralytics
23:28:49  INFO     [RAMS] Tier switch: NANO → SMALL  (R=0.200)
23:28:49  INFO       [predictive / burst] 140/200  tier=SMALL   latency=19.8 ms  R=0.148  target=0.00  dets=3  vru=False  backend=ultralytics
23:28:49  INFO     [RAMS] Tier switch: SMALL → MEDIUM  (R=0.127)
23:28:49  INFO     [RAMS] Tier switch: MEDIUM → SMALL  (R=0.224)
23:28:50  INFO       [predictive / burst] 160/200  tier=SMALL   latency=18.0 ms  R=0.175  target=0.00  dets=0  vru=False  backend=ultralytics
23:28:51  INFO       [predictive / burst] 180/200  tier=SMALL   latency=21.0 ms  R=0.191  target=0.00  dets=3  vru=False  backend=ultralytics
23:28:51  INFO     [RAMS] Tier switch: SMALL → MEDIUM  (R=0.135)
23:28:51  INFO     [RAMS] Tier switch: MEDIUM → SMALL  (R=0.237)
23:28:51  INFO       [predictive / burst] 200/200  tier=SMALL   latency=20.3 ms  R=0.185  target=0.00  dets=5  vru=False  backend=ultralytics
23:28:51  INFO     [RAMS] Controller stopped.
23:28:51  INFO     
--- Block 3/10  Policy: threshold  Load: burst (100%) ---
23:28:51  INFO     [RAMS] Starting resource monitor ...
23:28:51  INFO     [RAMS] Loading model tiers ...
23:28:52  INFO     [RAMS] YOLOv8-nano ready — Ultralytics (imgsz=320).
23:28:52  INFO     [RAMS] YOLOv8-small ready — Ultralytics (imgsz=416).
23:28:53  INFO     [RAMS] YOLOv8-medium ready — Ultralytics (imgsz=640).
23:28:53  INFO     [RAMS] Controller ready. Policy: threshold
23:28:53  INFO     [RAMS] Tier switch: SMALL → NANO  (R=0.691)
23:28:54  INFO       [threshold / burst] 20/200  tier=NANO    latency=20.4 ms  R=0.754  target=0.85  dets=6  vru=False  backend=ultralytics
23:28:54  INFO     [RAMS] Tier switch: NANO → MEDIUM  (R=0.090)
23:28:54  INFO     [RAMS] Tier switch: MEDIUM → SMALL  (R=0.191)
23:28:54  INFO       [threshold / burst] 40/200  tier=SMALL   latency=21.7 ms  R=0.142  target=0.00  dets=6  vru=False  backend=ultralytics
23:28:54  INFO     [RAMS] Tier switch: SMALL → MEDIUM  (R=0.142)
23:28:55  INFO     [RAMS] Tier switch: MEDIUM → SMALL  (R=0.146)
23:28:55  INFO     [RAMS] Tier switch: SMALL → MEDIUM  (R=0.130)
23:28:55  INFO     [RAMS] Tier switch: MEDIUM → SMALL  (R=0.146)
23:28:55  INFO       [threshold / burst] 60/200  tier=SMALL   latency=21.9 ms  R=0.142  target=0.00  dets=13  vru=False  backend=ultralytics
23:28:55  INFO     [RAMS] Tier switch: SMALL → MEDIUM  (R=0.142)
23:28:55  INFO     [RAMS] Tier switch: MEDIUM → SMALL  (R=0.162)
23:28:56  INFO     [RAMS] Tier switch: SMALL → MEDIUM  (R=0.130)
23:28:56  INFO       [threshold / burst] 80/200  tier=MEDIUM  latency=28.5 ms  R=0.130  target=0.00  dets=18  vru=True  backend=ultralytics
23:28:56  INFO     [RAMS] Tier switch: MEDIUM → SMALL  (R=0.238)
23:28:56  INFO       [threshold / burst] 100/200  tier=SMALL   latency=19.9 ms  R=0.148  target=0.00  dets=2  vru=False  backend=ultralytics
23:28:57  INFO     [RAMS] Tier switch: SMALL → NANO  (R=0.704)
23:28:57  INFO       [threshold / burst] 120/200  tier=NANO    latency=19.6 ms  R=0.726  target=0.85  dets=4  vru=False  backend=ultralytics
23:28:58  INFO     [RAMS] Tier switch: NANO → MEDIUM  (R=0.074)
23:28:58  INFO     [RAMS] Tier switch: MEDIUM → SMALL  (R=0.190)
23:28:58  INFO       [threshold / burst] 140/200  tier=SMALL   latency=20.3 ms  R=0.164  target=0.00  dets=5  vru=True  backend=ultralytics
23:28:58  INFO     [RAMS] Tier switch: SMALL → MEDIUM  (R=0.137)
23:28:59  INFO     [RAMS] Tier switch: MEDIUM → SMALL  (R=0.304)
23:28:59  INFO     [RAMS] Tier switch: SMALL → MEDIUM  (R=0.132)
23:28:59  INFO     [RAMS] Tier switch: MEDIUM → SMALL  (R=0.164)
23:28:59  INFO       [threshold / burst] 160/200  tier=SMALL   latency=20.1 ms  R=0.228  target=0.00  dets=2  vru=False  backend=ultralytics
23:28:59  INFO     [RAMS] Tier switch: SMALL → MEDIUM  (R=0.143)
23:29:00  INFO     [RAMS] Tier switch: MEDIUM → SMALL  (R=0.308)
23:29:00  INFO       [threshold / burst] 180/200  tier=SMALL   latency=20.5 ms  R=0.196  target=0.00  dets=6  vru=False  backend=ultralytics
23:29:00  INFO     [RAMS] Tier switch: SMALL → MEDIUM  (R=0.132)
23:29:00  INFO       [threshold / burst] 200/200  tier=MEDIUM  latency=25.5 ms  R=0.211  target=0.00  dets=6  vru=True  backend=ultralytics
23:29:00  INFO     [RAMS] Controller stopped.
23:29:01  INFO     
--- Block 3/10  Policy: adaptive  Load: burst (100%) ---
23:29:01  INFO     [RAMS] Starting resource monitor ...
23:29:01  INFO     [RAMS] Loading model tiers ...
23:29:01  INFO     [RAMS] YOLOv8-nano ready — Ultralytics (imgsz=320).
23:29:01  INFO     [RAMS] YOLOv8-small ready — Ultralytics (imgsz=416).
23:29:02  INFO     [RAMS] YOLOv8-medium ready — Ultralytics (imgsz=640).
23:29:02  INFO     [RAMS] Controller ready. Policy: adaptive
23:29:02  INFO     [RAMS] Tier switch: SMALL → NANO  (R=0.710)
23:29:03  INFO       [adaptive / burst] 20/200  tier=NANO    latency=19.7 ms  R=0.729  target=0.85  dets=6  vru=False  backend=ultralytics
23:29:03  INFO     [RAMS] Tier switch: NANO → SMALL  (R=0.067)
23:29:03  INFO     [RAMS] Tier switch: SMALL → MEDIUM  (R=0.086)
23:29:03  INFO     [RAMS] Tier switch: MEDIUM → SMALL  (R=0.186)
23:29:04  INFO       [adaptive / burst] 40/200  tier=SMALL   latency=21.4 ms  R=0.143  target=0.00  dets=6  vru=False  backend=ultralytics
23:29:04  INFO       [adaptive / burst] 60/200  tier=SMALL   latency=23.3 ms  R=0.265  target=0.00  dets=13  vru=False  backend=ultralytics
23:29:05  INFO       [adaptive / burst] 80/200  tier=SMALL   latency=22.9 ms  R=0.190  target=0.00  dets=15  vru=True  backend=ultralytics
23:29:06  INFO       [adaptive / burst] 100/200  tier=SMALL   latency=20.4 ms  R=0.227  target=0.00  dets=2  vru=False  backend=ultralytics
23:29:06  INFO     [RAMS] Tier switch: SMALL → NANO  (R=0.724)
23:29:07  INFO       [adaptive / burst] 120/200  tier=NANO    latency=20.4 ms  R=0.761  target=0.85  dets=4  vru=False  backend=ultralytics
23:29:07  INFO     [RAMS] Tier switch: NANO → SMALL  (R=0.151)
23:29:07  INFO       [adaptive / burst] 140/200  tier=SMALL   latency=24.3 ms  R=0.231  target=0.00  dets=5  vru=True  backend=ultralytics
23:29:08  INFO       [adaptive / burst] 160/200  tier=SMALL   latency=20.0 ms  R=0.232  target=0.00  dets=2  vru=False  backend=ultralytics
23:29:09  INFO       [adaptive / burst] 180/200  tier=SMALL   latency=20.9 ms  R=0.200  target=0.00  dets=6  vru=False  backend=ultralytics
23:29:09  INFO       [adaptive / burst] 200/200  tier=SMALL   latency=21.2 ms  R=0.211  target=0.00  dets=4  vru=False  backend=ultralytics
23:29:09  INFO     [RAMS] Controller stopped.
23:29:09  INFO     
--- Block 3/10  Policy: predictive  Load: burst (100%) ---
23:29:09  INFO     [RAMS] Starting resource monitor ...
23:29:09  INFO     [RAMS] Loading model tiers ...
23:29:10  INFO     [RAMS] YOLOv8-nano ready — Ultralytics (imgsz=320).
23:29:10  INFO     [RAMS] YOLOv8-small ready — Ultralytics (imgsz=416).
23:29:11  INFO     [RAMS] YOLOv8-medium ready — Ultralytics (imgsz=640).
23:29:11  INFO     [RAMS] Controller ready. Policy: predictive
23:29:11  INFO     [RAMS] Tier switch: SMALL → NANO  (R=0.685)
23:29:12  INFO       [predictive / burst] 20/200  tier=NANO    latency=20.0 ms  R=0.720  target=0.85  dets=6  vru=False  backend=ultralytics
23:29:12  INFO     [RAMS] Tier switch: NANO → SMALL  (R=0.067)
23:29:13  INFO       [predictive / burst] 40/200  tier=SMALL   latency=21.7 ms  R=0.227  target=0.00  dets=6  vru=False  backend=ultralytics
23:29:13  INFO     [RAMS] Tier switch: SMALL → MEDIUM  (R=0.134)
23:29:13  INFO     [RAMS] Tier switch: MEDIUM → SMALL  (R=0.181)
23:29:13  INFO       [predictive / burst] 60/200  tier=SMALL   latency=23.1 ms  R=0.181  target=0.00  dets=13  vru=False  backend=ultralytics
23:29:14  INFO     [RAMS] Tier switch: SMALL → MEDIUM  (R=0.134)
23:29:14  INFO     [RAMS] Tier switch: MEDIUM → SMALL  (R=0.148)
23:29:14  INFO       [predictive / burst] 80/200  tier=SMALL   latency=23.7 ms  R=0.148  target=0.00  dets=15  vru=True  backend=ultralytics
23:29:14  INFO     [RAMS] Tier switch: SMALL → MEDIUM  (R=0.134)
23:29:14  INFO     [RAMS] Tier switch: MEDIUM → SMALL  (R=0.227)
23:29:15  INFO       [predictive / burst] 100/200  tier=SMALL   latency=19.6 ms  R=0.189  target=0.00  dets=2  vru=False  backend=ultralytics
23:29:15  INFO     [RAMS] Tier switch: SMALL → NANO  (R=0.669)
23:29:15  INFO       [predictive / burst] 120/200  tier=NANO    latency=20.5 ms  R=0.763  target=0.85  dets=4  vru=False  backend=ultralytics
23:29:16  INFO     [RAMS] Tier switch: NANO → SMALL  (R=0.067)
23:29:16  INFO     [RAMS] Tier switch: SMALL → MEDIUM  (R=0.136)
23:29:16  INFO     [RAMS] Tier switch: MEDIUM → SMALL  (R=0.151)
23:29:16  INFO     [RAMS] Tier switch: SMALL → MEDIUM  (R=0.137)
23:29:16  INFO       [predictive / burst] 140/200  tier=MEDIUM  latency=26.5 ms  R=0.137  target=0.00  dets=6  vru=True  backend=ultralytics
23:29:16  INFO     [RAMS] Tier switch: MEDIUM → SMALL  (R=0.167)
23:29:17  INFO     [RAMS] Tier switch: SMALL → MEDIUM  (R=0.133)
23:29:17  INFO     [RAMS] Tier switch: MEDIUM → SMALL  (R=0.169)
23:29:17  INFO       [predictive / burst] 160/200  tier=SMALL   latency=19.5 ms  R=0.169  target=0.00  dets=2  vru=False  backend=ultralytics
23:29:17  INFO     [RAMS] Tier switch: SMALL → MEDIUM  (R=0.130)
23:29:17  INFO     [RAMS] Tier switch: MEDIUM → SMALL  (R=0.156)
23:29:18  INFO       [predictive / burst] 180/200  tier=SMALL   latency=21.5 ms  R=0.168  target=0.00  dets=6  vru=False  backend=ultralytics
23:29:18  INFO     [RAMS] Tier switch: SMALL → MEDIUM  (R=0.137)
23:29:18  INFO     [RAMS] Tier switch: MEDIUM → SMALL  (R=0.172)
23:29:18  INFO       [predictive / burst] 200/200  tier=SMALL   latency=20.9 ms  R=0.172  target=0.00  dets=4  vru=False  backend=ultralytics
23:29:19  INFO     [RAMS] Controller stopped.
23:29:19  INFO     
--- Block 3/10  Policy: fixed_medium  Load: burst (100%) ---
23:29:19  INFO     [RAMS] Starting resource monitor ...
23:29:19  INFO     [RAMS] Loading model tiers ...
23:29:19  INFO     [RAMS] YOLOv8-nano ready — Ultralytics (imgsz=320).
23:29:19  INFO     [RAMS] YOLOv8-small ready — Ultralytics (imgsz=416).
23:29:20  INFO     [RAMS] YOLOv8-medium ready — Ultralytics (imgsz=640).
23:29:20  INFO     [RAMS] Controller ready. Policy: fixed
23:29:20  INFO     [RAMS] Tier switch: SMALL → MEDIUM  (R=0.691)
23:29:21  INFO       [fixed_medium / burst] 20/200  tier=MEDIUM  latency=26.1 ms  R=0.737  target=0.85  dets=7  vru=False  backend=ultralytics
23:29:22  INFO       [fixed_medium / burst] 40/200  tier=MEDIUM  latency=28.0 ms  R=0.134  target=0.00  dets=11  vru=True  backend=ultralytics
23:29:23  INFO       [fixed_medium / burst] 60/200  tier=MEDIUM  latency=28.6 ms  R=0.209  target=0.00  dets=14  vru=False  backend=ultralytics
23:29:24  INFO       [fixed_medium / burst] 80/200  tier=MEDIUM  latency=28.3 ms  R=0.141  target=0.00  dets=18  vru=True  backend=ultralytics
23:29:24  INFO       [fixed_medium / burst] 100/200  tier=MEDIUM  latency=25.4 ms  R=0.128  target=0.00  dets=2  vru=False  backend=ultralytics
23:29:25  INFO       [fixed_medium / burst] 120/200  tier=MEDIUM  latency=30.0 ms  R=0.845  target=0.85  dets=11  vru=False  backend=ultralytics
23:29:26  INFO       [fixed_medium / burst] 140/200  tier=MEDIUM  latency=28.1 ms  R=0.224  target=0.00  dets=6  vru=True  backend=ultralytics
23:29:27  INFO       [fixed_medium / burst] 160/200  tier=MEDIUM  latency=27.4 ms  R=0.253  target=0.00  dets=4  vru=False  backend=ultralytics
23:29:28  INFO       [fixed_medium / burst] 180/200  tier=MEDIUM  latency=28.7 ms  R=0.253  target=0.00  dets=10  vru=False  backend=ultralytics
23:29:29  INFO       [fixed_medium / burst] 200/200  tier=MEDIUM  latency=26.2 ms  R=0.237  target=0.00  dets=6  vru=True  backend=ultralytics
23:29:29  INFO     [RAMS] Controller stopped.
23:29:29  INFO     
--- Block 3/10  Policy: safety2  Load: burst (100%) ---
23:29:29  INFO     [RAMS] Starting resource monitor ...
23:29:29  INFO     [RAMS] Loading model tiers ...
23:29:29  INFO     [RAMS] YOLOv8-nano ready — Ultralytics (imgsz=320).
23:29:30  INFO     [RAMS] YOLOv8-small ready — Ultralytics (imgsz=416).
23:29:30  INFO     [RAMS] YOLOv8-medium ready — Ultralytics (imgsz=640).
23:29:30  INFO     [RAMS] Controller ready. Policy: safety2
23:29:31  INFO     [RAMS] Tier switch: SMALL → NANO  (R=0.712)
23:29:31  INFO     [RAMS] Tier switch: NANO → MEDIUM  (R=0.712)
23:29:31  INFO       [safety2 / burst] 20/200  tier=MEDIUM  latency=28.8 ms  R=0.755  target=0.85  dets=7  vru=False  backend=ultralytics
23:29:32  INFO     [RAMS] Tier switch: MEDIUM → SMALL  (R=0.217)
23:29:32  INFO     [RAMS] Tier switch: SMALL → MEDIUM  (R=0.141)
23:29:32  INFO       [safety2 / burst] 40/200  tier=MEDIUM  latency=26.8 ms  R=0.141  target=0.00  dets=11  vru=True  backend=ultralytics
23:29:33  INFO     [RAMS] Tier switch: MEDIUM → SMALL  (R=0.164)
23:29:33  INFO     [RAMS] Tier switch: SMALL → MEDIUM  (R=0.144)
23:29:33  INFO       [safety2 / burst] 60/200  tier=MEDIUM  latency=27.2 ms  R=0.224  target=0.00  dets=14  vru=False  backend=ultralytics
23:29:34  INFO       [safety2 / burst] 80/200  tier=MEDIUM  latency=28.2 ms  R=0.205  target=0.00  dets=18  vru=True  backend=ultralytics
23:29:35  INFO       [safety2 / burst] 100/200  tier=MEDIUM  latency=26.0 ms  R=0.156  target=0.00  dets=2  vru=False  backend=ultralytics
23:29:35  INFO     [RAMS] Tier switch: MEDIUM → SMALL  (R=0.704)
23:29:35  INFO     [RAMS] Tier switch: SMALL → MEDIUM  (R=0.704)
23:29:36  INFO     [RAMS] Tier switch: MEDIUM → NANO  (R=0.748)
23:29:36  INFO       [safety2 / burst] 120/200  tier=NANO    latency=20.6 ms  R=0.748  target=0.85  dets=4  vru=False  backend=ultralytics
23:29:36  INFO     [RAMS] Tier switch: NANO → MEDIUM  (R=0.067)
23:29:37  INFO       [safety2 / burst] 140/200  tier=MEDIUM  latency=26.0 ms  R=0.158  target=0.00  dets=6  vru=True  backend=ultralytics
23:29:37  INFO     [RAMS] Tier switch: MEDIUM → SMALL  (R=0.172)
23:29:37  INFO     [RAMS] Tier switch: SMALL → MEDIUM  (R=0.138)
23:29:37  INFO       [safety2 / burst] 160/200  tier=MEDIUM  latency=25.9 ms  R=0.135  target=0.00  dets=4  vru=False  backend=ultralytics
23:29:37  INFO     [RAMS] Tier switch: MEDIUM → SMALL  (R=0.300)
23:29:38  INFO     [RAMS] Tier switch: SMALL → MEDIUM  (R=0.190)
23:29:38  INFO       [safety2 / burst] 180/200  tier=MEDIUM  latency=27.1 ms  R=0.144  target=0.00  dets=10  vru=False  backend=ultralytics
23:29:39  INFO     [RAMS] Tier switch: MEDIUM → SMALL  (R=0.186)
23:29:39  INFO       [safety2 / burst] 200/200  tier=SMALL   latency=20.1 ms  R=0.133  target=0.00  dets=4  vru=False  backend=ultralytics
23:29:39  INFO     [RAMS] Controller stopped.
23:29:39  INFO     
--- Block 3/10  Policy: fixed_small  Load: burst (100%) ---
23:29:39  INFO     [RAMS] Starting resource monitor ...
23:29:39  INFO     [RAMS] Loading model tiers ...
23:29:39  INFO     [RAMS] YOLOv8-nano ready — Ultralytics (imgsz=320).
23:29:40  INFO     [RAMS] YOLOv8-small ready — Ultralytics (imgsz=416).
23:29:40  INFO     [RAMS] YOLOv8-medium ready — Ultralytics (imgsz=640).
23:29:40  INFO     [RAMS] Controller ready. Policy: fixed
23:29:41  INFO       [fixed_small / burst] 20/200  tier=SMALL   latency=20.8 ms  R=0.723  target=0.85  dets=7  vru=False  backend=ultralytics
23:29:42  INFO       [fixed_small / burst] 40/200  tier=SMALL   latency=20.4 ms  R=0.127  target=0.00  dets=6  vru=False  backend=ultralytics
23:29:43  INFO       [fixed_small / burst] 60/200  tier=SMALL   latency=22.0 ms  R=0.144  target=0.00  dets=13  vru=False  backend=ultralytics
23:29:43  INFO       [fixed_small / burst] 80/200  tier=SMALL   latency=22.5 ms  R=0.154  target=0.00  dets=15  vru=True  backend=ultralytics
23:29:44  INFO       [fixed_small / burst] 100/200  tier=SMALL   latency=20.8 ms  R=0.162  target=0.00  dets=2  vru=False  backend=ultralytics
23:29:45  INFO       [fixed_small / burst] 120/200  tier=SMALL   latency=23.8 ms  R=0.742  target=0.85  dets=6  vru=False  backend=ultralytics
23:29:46  INFO       [fixed_small / burst] 140/200  tier=SMALL   latency=20.3 ms  R=0.162  target=0.00  dets=5  vru=True  backend=ultralytics
23:29:46  INFO       [fixed_small / burst] 160/200  tier=SMALL   latency=21.1 ms  R=0.326  target=0.00  dets=2  vru=False  backend=ultralytics
23:29:47  INFO       [fixed_small / burst] 180/200  tier=SMALL   latency=20.9 ms  R=0.242  target=0.00  dets=6  vru=False  backend=ultralytics
23:29:48  INFO       [fixed_small / burst] 200/200  tier=SMALL   latency=20.9 ms  R=0.266  target=0.00  dets=4  vru=False  backend=ultralytics
23:29:48  INFO     [RAMS] Controller stopped.
23:29:48  INFO     
--- Block 3/10  Policy: safety  Load: burst (100%) ---
23:29:48  INFO     [RAMS] Starting resource monitor ...
23:29:48  INFO     [RAMS] Loading model tiers ...
23:29:48  INFO     [RAMS] YOLOv8-nano ready — Ultralytics (imgsz=320).
23:29:48  INFO     [RAMS] YOLOv8-small ready — Ultralytics (imgsz=416).
23:29:49  INFO     [RAMS] YOLOv8-medium ready — Ultralytics (imgsz=640).
23:29:49  INFO     [RAMS] Controller ready. Policy: safety
23:29:50  INFO     [RAMS] Tier switch: SMALL → NANO  (R=0.739)
23:29:50  INFO     [RAMS] Tier switch: NANO → SMALL  (R=0.739)
23:29:50  INFO       [safety / burst] 20/200  tier=SMALL   latency=41.5 ms  R=0.756  target=0.85  dets=7  vru=False  backend=ultralytics
23:29:51  INFO       [safety / burst] 40/200  tier=SMALL   latency=22.8 ms  R=0.232  target=0.00  dets=6  vru=False  backend=ultralytics
23:29:52  INFO       [safety / burst] 60/200  tier=SMALL   latency=22.4 ms  R=0.227  target=0.00  dets=13  vru=False  backend=ultralytics
23:29:52  INFO       [safety / burst] 80/200  tier=SMALL   latency=23.4 ms  R=0.188  target=0.00  dets=15  vru=True  backend=ultralytics
23:29:53  INFO     [RAMS] Tier switch: SMALL → MEDIUM  (R=0.141)
23:29:53  INFO     [RAMS] Tier switch: MEDIUM → SMALL  (R=0.159)
23:29:53  INFO       [safety / burst] 100/200  tier=SMALL   latency=19.6 ms  R=0.228  target=0.00  dets=2  vru=False  backend=ultralytics
23:29:54  INFO       [safety / burst] 120/200  tier=SMALL   latency=20.3 ms  R=0.718  target=0.85  dets=6  vru=False  backend=ultralytics
23:29:54  INFO     [RAMS] Tier switch: SMALL → MEDIUM  (R=0.097)
23:29:55  INFO     [RAMS] Tier switch: MEDIUM → SMALL  (R=0.210)
23:29:55  INFO     [RAMS] Tier switch: SMALL → MEDIUM  (R=0.140)
23:29:55  INFO     [RAMS] Tier switch: MEDIUM → SMALL  (R=0.158)
23:29:55  INFO       [safety / burst] 140/200  tier=SMALL   latency=20.3 ms  R=0.192  target=0.00  dets=5  vru=True  backend=ultralytics
23:29:55  INFO     [RAMS] Tier switch: SMALL → MEDIUM  (R=0.136)
23:29:55  INFO     [RAMS] Tier switch: MEDIUM → SMALL  (R=0.158)
23:29:56  INFO       [safety / burst] 160/200  tier=SMALL   latency=19.7 ms  R=0.153  target=0.00  dets=2  vru=False  backend=ultralytics
23:29:56  INFO     [RAMS] Tier switch: SMALL → MEDIUM  (R=0.142)
23:29:56  INFO     [RAMS] Tier switch: MEDIUM → SMALL  (R=0.147)
23:29:56  INFO       [safety / burst] 180/200  tier=SMALL   latency=21.6 ms  R=0.156  target=0.00  dets=6  vru=False  backend=ultralytics
23:29:57  INFO     [RAMS] Tier switch: SMALL → MEDIUM  (R=0.132)
23:29:57  INFO       [safety / burst] 200/200  tier=MEDIUM  latency=25.7 ms  R=0.123  target=0.00  dets=6  vru=True  backend=ultralytics
23:29:57  INFO     [RAMS] Controller stopped.
23:29:57  INFO     
--- Block 3/10  Policy: fixed_nano  Load: burst (100%) ---
23:29:57  INFO     [RAMS] Starting resource monitor ...
23:29:57  INFO     [RAMS] Loading model tiers ...
23:29:57  INFO     [RAMS] YOLOv8-nano ready — Ultralytics (imgsz=320).
23:29:58  INFO     [RAMS] YOLOv8-small ready — Ultralytics (imgsz=416).
23:29:59  INFO     [RAMS] YOLOv8-medium ready — Ultralytics (imgsz=640).
23:29:59  INFO     [RAMS] Controller ready. Policy: fixed
23:29:59  INFO     [RAMS] Tier switch: SMALL → NANO  (R=0.691)
23:29:59  INFO       [fixed_nano / burst] 20/200  tier=NANO    latency=20.1 ms  R=0.731  target=0.85  dets=6  vru=False  backend=ultralytics
23:30:00  INFO       [fixed_nano / burst] 40/200  tier=NANO    latency=18.6 ms  R=0.125  target=0.00  dets=1  vru=False  backend=ultralytics
23:30:01  INFO       [fixed_nano / burst] 60/200  tier=NANO    latency=20.6 ms  R=0.140  target=0.00  dets=9  vru=False  backend=ultralytics
23:30:02  INFO       [fixed_nano / burst] 80/200  tier=NANO    latency=20.2 ms  R=0.243  target=0.00  dets=8  vru=False  backend=ultralytics
23:30:02  INFO       [fixed_nano / burst] 100/200  tier=NANO    latency=17.2 ms  R=0.130  target=0.00  dets=0  vru=False  backend=ultralytics
23:30:03  INFO       [fixed_nano / burst] 120/200  tier=NANO    latency=19.3 ms  R=0.737  target=0.85  dets=4  vru=False  backend=ultralytics
23:30:04  INFO       [fixed_nano / burst] 140/200  tier=NANO    latency=19.3 ms  R=0.162  target=0.00  dets=4  vru=True  backend=ultralytics
23:30:04  INFO       [fixed_nano / burst] 160/200  tier=NANO    latency=19.7 ms  R=0.228  target=0.00  dets=3  vru=False  backend=ultralytics
23:30:05  INFO       [fixed_nano / burst] 180/200  tier=NANO    latency=19.3 ms  R=0.136  target=0.00  dets=4  vru=False  backend=ultralytics
23:30:06  INFO       [fixed_nano / burst] 200/200  tier=NANO    latency=19.0 ms  R=0.147  target=0.00  dets=2  vru=False  backend=ultralytics
23:30:06  INFO     [RAMS] Controller stopped.
23:30:06  INFO     
--- Block 4/10  Policy: adaptive  Load: burst (100%) ---
23:30:06  INFO     [RAMS] Starting resource monitor ...
23:30:06  INFO     [RAMS] Loading model tiers ...
23:30:06  INFO     [RAMS] YOLOv8-nano ready — Ultralytics (imgsz=320).
23:30:06  INFO     [RAMS] YOLOv8-small ready — Ultralytics (imgsz=416).
23:30:07  INFO     [RAMS] YOLOv8-medium ready — Ultralytics (imgsz=640).
23:30:07  INFO     [RAMS] Controller ready. Policy: adaptive
23:30:07  INFO     [RAMS] Tier switch: SMALL → NANO  (R=0.703)
23:30:08  INFO       [adaptive / burst] 20/200  tier=NANO    latency=17.8 ms  R=0.727  target=0.85  dets=0  vru=False  backend=ultralytics
23:30:08  INFO     [RAMS] Tier switch: NANO → SMALL  (R=0.127)
23:30:09  INFO       [adaptive / burst] 40/200  tier=SMALL   latency=20.9 ms  R=0.256  target=0.00  dets=2  vru=False  backend=ultralytics
23:30:10  INFO       [adaptive / burst] 60/200  tier=SMALL   latency=22.5 ms  R=0.223  target=0.00  dets=3  vru=False  backend=ultralytics
23:30:10  INFO       [adaptive / burst] 80/200  tier=SMALL   latency=20.1 ms  R=0.235  target=0.00  dets=2  vru=False  backend=ultralytics
23:30:11  INFO       [adaptive / burst] 100/200  tier=SMALL   latency=22.6 ms  R=0.231  target=0.00  dets=12  vru=False  backend=ultralytics
23:30:11  INFO     [RAMS] Tier switch: SMALL → NANO  (R=0.716)
23:30:12  INFO       [adaptive / burst] 120/200  tier=NANO    latency=20.9 ms  R=0.745  target=0.85  dets=6  vru=False  backend=ultralytics
23:30:12  INFO     [RAMS] Tier switch: NANO → SMALL  (R=0.128)
23:30:13  INFO       [adaptive / burst] 140/200  tier=SMALL   latency=21.5 ms  R=0.206  target=0.00  dets=8  vru=False  backend=ultralytics
23:30:14  INFO       [adaptive / burst] 160/200  tier=SMALL   latency=21.6 ms  R=0.268  target=0.00  dets=2  vru=False  backend=ultralytics
23:30:14  INFO       [adaptive / burst] 180/200  tier=SMALL   latency=19.6 ms  R=0.152  target=0.00  dets=1  vru=True  backend=ultralytics
23:30:15  INFO       [adaptive / burst] 200/200  tier=SMALL   latency=19.4 ms  R=0.158  target=0.00  dets=1  vru=True  backend=ultralytics
23:30:15  INFO     [RAMS] Controller stopped.
23:30:15  INFO     
--- Block 4/10  Policy: predictive  Load: burst (100%) ---
23:30:15  INFO     [RAMS] Starting resource monitor ...
23:30:15  INFO     [RAMS] Loading model tiers ...
23:30:15  INFO     [RAMS] YOLOv8-nano ready — Ultralytics (imgsz=320).
23:30:16  INFO     [RAMS] YOLOv8-small ready — Ultralytics (imgsz=416).
23:30:16  INFO     [RAMS] YOLOv8-medium ready — Ultralytics (imgsz=640).
23:30:16  INFO     [RAMS] Controller ready. Policy: predictive
23:30:17  INFO     [RAMS] Tier switch: SMALL → NANO  (R=0.704)
23:30:17  INFO       [predictive / burst] 20/200  tier=NANO    latency=17.2 ms  R=0.721  target=0.85  dets=0  vru=False  backend=ultralytics
23:30:18  INFO     [RAMS] Tier switch: NANO → SMALL  (R=0.091)
23:30:18  INFO     [RAMS] Tier switch: SMALL → MEDIUM  (R=0.123)
23:30:18  INFO       [predictive / burst] 40/200  tier=MEDIUM  latency=25.8 ms  R=0.131  target=0.00  dets=5  vru=False  backend=ultralytics
23:30:18  INFO     [RAMS] Tier switch: MEDIUM → SMALL  (R=0.204)
23:30:19  INFO       [predictive / burst] 60/200  tier=SMALL   latency=20.0 ms  R=0.130  target=0.00  dets=3  vru=False  backend=ultralytics
23:30:19  INFO     [RAMS] Tier switch: SMALL → MEDIUM  (R=0.130)
23:30:19  INFO     [RAMS] Tier switch: MEDIUM → SMALL  (R=0.173)
23:30:19  INFO     [RAMS] Tier switch: SMALL → MEDIUM  (R=0.130)
23:30:19  INFO     [RAMS] Tier switch: MEDIUM → SMALL  (R=0.171)
23:30:19  INFO     [RAMS] Tier switch: SMALL → MEDIUM  (R=0.130)
23:30:20  INFO     [RAMS] Tier switch: MEDIUM → SMALL  (R=0.317)
23:30:20  INFO       [predictive / burst] 80/200  tier=SMALL   latency=20.0 ms  R=0.176  target=0.00  dets=2  vru=False  backend=ultralytics
23:30:20  INFO     [RAMS] Tier switch: SMALL → MEDIUM  (R=0.128)
23:30:20  INFO     [RAMS] Tier switch: MEDIUM → SMALL  (R=0.160)
23:30:20  INFO       [predictive / burst] 100/200  tier=SMALL   latency=22.4 ms  R=0.160  target=0.00  dets=12  vru=False  backend=ultralytics
23:30:21  INFO     [RAMS] Tier switch: SMALL → NANO  (R=0.731)
23:30:21  INFO       [predictive / burst] 120/200  tier=NANO    latency=19.8 ms  R=0.721  target=0.85  dets=6  vru=False  backend=ultralytics
23:30:21  INFO     [RAMS] Tier switch: NANO → SMALL  (R=0.074)
23:30:22  INFO     [RAMS] Tier switch: SMALL → MEDIUM  (R=0.134)
23:30:22  INFO       [predictive / burst] 140/200  tier=MEDIUM  latency=26.9 ms  R=0.134  target=0.00  dets=10  vru=False  backend=ultralytics
23:30:22  INFO     [RAMS] Tier switch: MEDIUM → SMALL  (R=0.182)
23:30:22  INFO     [RAMS] Tier switch: SMALL → MEDIUM  (R=0.133)
23:30:23  INFO     [RAMS] Tier switch: MEDIUM → SMALL  (R=0.228)
23:30:23  INFO       [predictive / burst] 160/200  tier=SMALL   latency=19.8 ms  R=0.140  target=0.00  dets=2  vru=False  backend=ultralytics
23:30:23  INFO     [RAMS] Tier switch: SMALL → MEDIUM  (R=0.140)
23:30:23  INFO     [RAMS] Tier switch: MEDIUM → SMALL  (R=0.152)
23:30:23  INFO       [predictive / burst] 180/200  tier=SMALL   latency=20.8 ms  R=0.154  target=0.00  dets=1  vru=True  backend=ultralytics
23:30:24  INFO     [RAMS] Tier switch: SMALL → MEDIUM  (R=0.127)
23:30:24  INFO     [RAMS] Tier switch: MEDIUM → SMALL  (R=0.152)
23:30:24  INFO     [RAMS] Tier switch: SMALL → MEDIUM  (R=0.139)
23:30:24  INFO     [RAMS] Tier switch: MEDIUM → SMALL  (R=0.173)
23:30:24  INFO       [predictive / burst] 200/200  tier=SMALL   latency=20.5 ms  R=0.173  target=0.00  dets=1  vru=True  backend=ultralytics
23:30:24  INFO     [RAMS] Controller stopped.
23:30:24  INFO     
--- Block 4/10  Policy: fixed_nano  Load: burst (100%) ---
23:30:24  INFO     [RAMS] Starting resource monitor ...
23:30:24  INFO     [RAMS] Loading model tiers ...
23:30:25  INFO     [RAMS] YOLOv8-nano ready — Ultralytics (imgsz=320).
23:30:25  INFO     [RAMS] YOLOv8-small ready — Ultralytics (imgsz=416).
23:30:26  INFO     [RAMS] YOLOv8-medium ready — Ultralytics (imgsz=640).
23:30:26  INFO     [RAMS] Controller ready. Policy: fixed
23:30:26  INFO     [RAMS] Tier switch: SMALL → NANO  (R=0.704)
23:30:26  INFO       [fixed_nano / burst] 20/200  tier=NANO    latency=18.5 ms  R=0.729  target=0.85  dets=0  vru=False  backend=ultralytics
23:30:27  INFO       [fixed_nano / burst] 40/200  tier=NANO    latency=18.8 ms  R=0.130  target=0.00  dets=1  vru=False  backend=ultralytics
23:30:28  INFO       [fixed_nano / burst] 60/200  tier=NANO    latency=19.1 ms  R=0.160  target=0.00  dets=2  vru=False  backend=ultralytics
23:30:29  INFO       [fixed_nano / burst] 80/200  tier=NANO    latency=19.1 ms  R=0.149  target=0.00  dets=1  vru=False  backend=ultralytics
23:30:29  INFO       [fixed_nano / burst] 100/200  tier=NANO    latency=22.6 ms  R=0.258  target=0.00  dets=9  vru=False  backend=ultralytics
23:30:30  INFO       [fixed_nano / burst] 120/200  tier=NANO    latency=22.2 ms  R=0.743  target=0.85  dets=6  vru=False  backend=ultralytics
23:30:31  INFO       [fixed_nano / burst] 140/200  tier=NANO    latency=21.9 ms  R=0.201  target=0.00  dets=6  vru=False  backend=ultralytics
23:30:32  INFO       [fixed_nano / burst] 160/200  tier=NANO    latency=19.6 ms  R=0.250  target=0.00  dets=1  vru=False  backend=ultralytics
23:30:32  INFO       [fixed_nano / burst] 180/200  tier=NANO    latency=19.8 ms  R=0.231  target=0.00  dets=2  vru=True  backend=ultralytics
23:30:33  INFO       [fixed_nano / burst] 200/200  tier=NANO    latency=19.4 ms  R=0.232  target=0.00  dets=1  vru=True  backend=ultralytics
23:30:33  INFO     [RAMS] Controller stopped.
23:30:33  INFO     
--- Block 4/10  Policy: fixed_medium  Load: burst (100%) ---
23:30:33  INFO     [RAMS] Starting resource monitor ...
23:30:33  INFO     [RAMS] Loading model tiers ...
23:30:33  INFO     [RAMS] YOLOv8-nano ready — Ultralytics (imgsz=320).
23:30:34  INFO     [RAMS] YOLOv8-small ready — Ultralytics (imgsz=416).
23:30:35  INFO     [RAMS] YOLOv8-medium ready — Ultralytics (imgsz=640).
23:30:35  INFO     [RAMS] Controller ready. Policy: fixed
23:30:35  INFO     [RAMS] Tier switch: SMALL → MEDIUM  (R=0.710)
23:30:36  INFO       [fixed_medium / burst] 20/200  tier=MEDIUM  latency=26.4 ms  R=0.794  target=0.85  dets=2  vru=False  backend=ultralytics
23:30:37  INFO       [fixed_medium / burst] 40/200  tier=MEDIUM  latency=25.9 ms  R=0.156  target=0.00  dets=5  vru=False  backend=ultralytics
23:30:37  INFO       [fixed_medium / burst] 60/200  tier=MEDIUM  latency=26.6 ms  R=0.179  target=0.00  dets=6  vru=False  backend=ultralytics
23:30:38  INFO       [fixed_medium / burst] 80/200  tier=MEDIUM  latency=25.6 ms  R=0.219  target=0.00  dets=6  vru=False  backend=ultralytics
23:30:39  INFO       [fixed_medium / burst] 100/200  tier=MEDIUM  latency=27.8 ms  R=0.188  target=0.00  dets=17  vru=True  backend=ultralytics
23:30:40  INFO       [fixed_medium / burst] 120/200  tier=MEDIUM  latency=26.4 ms  R=0.821  target=0.85  dets=8  vru=False  backend=ultralytics
23:30:41  INFO       [fixed_medium / burst] 140/200  tier=MEDIUM  latency=26.4 ms  R=0.232  target=0.00  dets=10  vru=False  backend=ultralytics
23:30:42  INFO       [fixed_medium / burst] 160/200  tier=MEDIUM  latency=25.2 ms  R=0.310  target=0.00  dets=3  vru=False  backend=ultralytics
23:30:42  INFO       [fixed_medium / burst] 180/200  tier=MEDIUM  latency=27.6 ms  R=0.145  target=0.00  dets=16  vru=True  backend=ultralytics
23:30:43  INFO       [fixed_medium / burst] 200/200  tier=MEDIUM  latency=26.1 ms  R=0.210  target=0.00  dets=9  vru=True  backend=ultralytics
23:30:43  INFO     [RAMS] Controller stopped.
23:30:43  INFO     
--- Block 4/10  Policy: fixed_small  Load: burst (100%) ---
23:30:43  INFO     [RAMS] Starting resource monitor ...
23:30:43  INFO     [RAMS] Loading model tiers ...
23:30:44  INFO     [RAMS] YOLOv8-nano ready — Ultralytics (imgsz=320).
23:30:44  INFO     [RAMS] YOLOv8-small ready — Ultralytics (imgsz=416).
23:30:45  INFO     [RAMS] YOLOv8-medium ready — Ultralytics (imgsz=640).
23:30:45  INFO     [RAMS] Controller ready. Policy: fixed
23:30:46  INFO       [fixed_small / burst] 20/200  tier=SMALL   latency=20.0 ms  R=0.745  target=0.85  dets=1  vru=False  backend=ultralytics
23:30:46  INFO       [fixed_small / burst] 40/200  tier=SMALL   latency=20.7 ms  R=0.146  target=0.00  dets=2  vru=False  backend=ultralytics
23:30:47  INFO       [fixed_small / burst] 60/200  tier=SMALL   latency=20.1 ms  R=0.144  target=0.00  dets=3  vru=False  backend=ultralytics
23:30:48  INFO       [fixed_small / burst] 80/200  tier=SMALL   latency=19.8 ms  R=0.180  target=0.00  dets=2  vru=False  backend=ultralytics
23:30:48  INFO       [fixed_small / burst] 100/200  tier=SMALL   latency=21.6 ms  R=0.162  target=0.00  dets=12  vru=False  backend=ultralytics
23:30:49  INFO       [fixed_small / burst] 120/200  tier=SMALL   latency=20.5 ms  R=0.724  target=0.85  dets=6  vru=False  backend=ultralytics
23:30:50  INFO       [fixed_small / burst] 140/200  tier=SMALL   latency=22.4 ms  R=0.139  target=0.00  dets=8  vru=False  backend=ultralytics
23:30:51  INFO       [fixed_small / burst] 160/200  tier=SMALL   latency=20.5 ms  R=0.282  target=0.00  dets=2  vru=False  backend=ultralytics
23:30:51  INFO       [fixed_small / burst] 180/200  tier=SMALL   latency=20.2 ms  R=0.215  target=0.00  dets=1  vru=True  backend=ultralytics
23:30:52  INFO       [fixed_small / burst] 200/200  tier=SMALL   latency=20.9 ms  R=0.204  target=0.00  dets=1  vru=True  backend=ultralytics
23:30:52  INFO     [RAMS] Controller stopped.
23:30:52  INFO     
--- Block 4/10  Policy: safety2  Load: burst (100%) ---
23:30:52  INFO     [RAMS] Starting resource monitor ...
23:30:52  INFO     [RAMS] Loading model tiers ...
23:30:52  INFO     [RAMS] YOLOv8-nano ready — Ultralytics (imgsz=320).
23:30:53  INFO     [RAMS] YOLOv8-small ready — Ultralytics (imgsz=416).
23:30:54  INFO     [RAMS] YOLOv8-medium ready — Ultralytics (imgsz=640).
23:30:54  INFO     [RAMS] Controller ready. Policy: safety2
23:30:54  INFO     [RAMS] Tier switch: SMALL → MEDIUM  (R=0.730)
23:30:55  INFO       [safety2 / burst] 20/200  tier=MEDIUM  latency=28.5 ms  R=0.773  target=0.85  dets=2  vru=False  backend=ultralytics
23:30:56  INFO     [RAMS] Tier switch: MEDIUM → SMALL  (R=0.311)
23:30:56  INFO     [RAMS] Tier switch: SMALL → MEDIUM  (R=0.281)
23:30:56  INFO       [safety2 / burst] 40/200  tier=MEDIUM  latency=25.8 ms  R=0.245  target=0.00  dets=5  vru=False  backend=ultralytics
23:30:56  INFO     [RAMS] Tier switch: MEDIUM → SMALL  (R=0.187)
23:30:56  INFO     [RAMS] Tier switch: SMALL → MEDIUM  (R=0.187)
23:30:57  INFO       [safety2 / burst] 60/200  tier=MEDIUM  latency=26.7 ms  R=0.126  target=0.00  dets=6  vru=False  backend=ultralytics
23:30:57  INFO       [safety2 / burst] 80/200  tier=MEDIUM  latency=27.1 ms  R=0.195  target=0.00  dets=6  vru=False  backend=ultralytics
23:30:58  INFO     [RAMS] Tier switch: MEDIUM → SMALL  (R=0.277)
23:30:58  INFO     [RAMS] Tier switch: SMALL → MEDIUM  (R=0.144)
23:30:58  INFO       [safety2 / burst] 100/200  tier=MEDIUM  latency=29.1 ms  R=0.144  target=0.00  dets=17  vru=True  backend=ultralytics
23:30:59  INFO     [RAMS] Tier switch: MEDIUM → NANO  (R=0.800)
23:30:59  INFO       [safety2 / burst] 120/200  tier=NANO    latency=21.3 ms  R=0.800  target=0.85  dets=6  vru=False  backend=ultralytics
23:30:59  INFO     [RAMS] Tier switch: NANO → MEDIUM  (R=0.067)
23:31:00  INFO       [safety2 / burst] 140/200  tier=MEDIUM  latency=26.4 ms  R=0.234  target=0.00  dets=10  vru=False  backend=ultralytics
23:31:01  INFO     [RAMS] Tier switch: MEDIUM → SMALL  (R=0.171)
23:31:01  INFO       [safety2 / burst] 160/200  tier=SMALL   latency=19.7 ms  R=0.164  target=0.00  dets=2  vru=False  backend=ultralytics
23:31:01  INFO     [RAMS] Tier switch: SMALL → MEDIUM  (R=0.135)
23:31:02  INFO       [safety2 / burst] 180/200  tier=MEDIUM  latency=30.3 ms  R=0.176  target=0.00  dets=16  vru=True  backend=ultralytics
23:31:02  INFO       [safety2 / burst] 200/200  tier=MEDIUM  latency=27.4 ms  R=0.146  target=0.00  dets=9  vru=True  backend=ultralytics
23:31:02  INFO     [RAMS] Controller stopped.
23:31:02  INFO     
--- Block 4/10  Policy: safety  Load: burst (100%) ---
23:31:02  INFO     [RAMS] Starting resource monitor ...
23:31:02  INFO     [RAMS] Loading model tiers ...
23:31:03  INFO     [RAMS] YOLOv8-nano ready — Ultralytics (imgsz=320).
23:31:03  INFO     [RAMS] YOLOv8-small ready — Ultralytics (imgsz=416).
23:31:04  INFO     [RAMS] YOLOv8-medium ready — Ultralytics (imgsz=640).
23:31:04  INFO     [RAMS] Controller ready. Policy: safety
23:31:05  INFO       [safety / burst] 20/200  tier=SMALL   latency=20.0 ms  R=0.748  target=0.85  dets=1  vru=False  backend=ultralytics
23:31:05  INFO     [RAMS] Tier switch: SMALL → MEDIUM  (R=0.074)
23:31:05  INFO     [RAMS] Tier switch: MEDIUM → SMALL  (R=0.146)
23:31:05  INFO     [RAMS] Tier switch: SMALL → MEDIUM  (R=0.137)
23:31:05  INFO     [RAMS] Tier switch: MEDIUM → SMALL  (R=0.153)
23:31:05  INFO       [safety / burst] 40/200  tier=SMALL   latency=21.1 ms  R=0.119  target=0.00  dets=2  vru=False  backend=ultralytics
23:31:06  INFO     [RAMS] Tier switch: SMALL → MEDIUM  (R=0.119)
23:31:06  INFO     [RAMS] Tier switch: MEDIUM → SMALL  (R=0.208)
23:31:06  INFO       [safety / burst] 60/200  tier=SMALL   latency=20.0 ms  R=0.162  target=0.00  dets=3  vru=False  backend=ultralytics
23:31:07  INFO     [RAMS] Tier switch: SMALL → MEDIUM  (R=0.136)
23:31:07  INFO       [safety / burst] 80/200  tier=MEDIUM  latency=25.7 ms  R=0.183  target=0.00  dets=6  vru=False  backend=ultralytics
23:31:07  INFO     [RAMS] Tier switch: MEDIUM → SMALL  (R=0.205)
23:31:08  INFO     [RAMS] Tier switch: SMALL → MEDIUM  (R=0.144)
23:31:08  INFO       [safety / burst] 100/200  tier=MEDIUM  latency=28.1 ms  R=0.249  target=0.00  dets=17  vru=True  backend=ultralytics
23:31:08  INFO     [RAMS] Tier switch: MEDIUM → SMALL  (R=0.674)
23:31:08  INFO       [safety / burst] 120/200  tier=SMALL   latency=21.4 ms  R=0.741  target=0.85  dets=6  vru=False  backend=ultralytics
23:31:09  INFO     [RAMS] Tier switch: SMALL → MEDIUM  (R=0.097)
23:31:09  INFO     [RAMS] Tier switch: MEDIUM → SMALL  (R=0.222)
23:31:09  INFO     [RAMS] Tier switch: SMALL → MEDIUM  (R=0.141)
23:31:09  INFO     [RAMS] Tier switch: MEDIUM → SMALL  (R=0.210)
23:31:09  INFO       [safety / burst] 140/200  tier=SMALL   latency=21.0 ms  R=0.210  target=0.00  dets=8  vru=False  backend=ultralytics
23:31:10  INFO     [RAMS] Tier switch: SMALL → MEDIUM  (R=0.145)
23:31:10  INFO     [RAMS] Tier switch: MEDIUM → SMALL  (R=0.239)
23:31:10  INFO       [safety / burst] 160/200  tier=SMALL   latency=19.8 ms  R=0.239  target=0.00  dets=2  vru=False  backend=ultralytics
23:31:10  INFO     [RAMS] Tier switch: SMALL → MEDIUM  (R=0.134)
23:31:11  INFO     [RAMS] Tier switch: MEDIUM → SMALL  (R=0.247)
23:31:11  INFO       [safety / burst] 180/200  tier=SMALL   latency=19.6 ms  R=0.141  target=0.00  dets=1  vru=True  backend=ultralytics
23:31:11  INFO     [RAMS] Tier switch: SMALL → MEDIUM  (R=0.141)
23:31:11  INFO     [RAMS] Tier switch: MEDIUM → SMALL  (R=0.210)
23:31:11  INFO     [RAMS] Tier switch: SMALL → MEDIUM  (R=0.144)
23:31:11  INFO     [RAMS] Tier switch: MEDIUM → SMALL  (R=0.153)
23:31:12  INFO       [safety / burst] 200/200  tier=SMALL   latency=21.3 ms  R=0.226  target=0.00  dets=1  vru=True  backend=ultralytics
23:31:12  INFO     [RAMS] Controller stopped.
23:31:12  INFO     
--- Block 4/10  Policy: threshold  Load: burst (100%) ---
23:31:12  INFO     [RAMS] Starting resource monitor ...
23:31:12  INFO     [RAMS] Loading model tiers ...
23:31:12  INFO     [RAMS] YOLOv8-nano ready — Ultralytics (imgsz=320).
23:31:12  INFO     [RAMS] YOLOv8-small ready — Ultralytics (imgsz=416).
23:31:13  INFO     [RAMS] YOLOv8-medium ready — Ultralytics (imgsz=640).
23:31:13  INFO     [RAMS] Controller ready. Policy: threshold
23:31:13  INFO     [RAMS] Tier switch: SMALL → NANO  (R=0.745)
23:31:14  INFO       [threshold / burst] 20/200  tier=NANO    latency=18.1 ms  R=0.761  target=0.85  dets=0  vru=False  backend=ultralytics
23:31:14  INFO     [RAMS] Tier switch: NANO → SMALL  (R=0.156)
23:31:15  INFO       [threshold / burst] 40/200  tier=SMALL   latency=20.4 ms  R=0.243  target=0.00  dets=2  vru=False  backend=ultralytics
23:31:16  INFO       [threshold / burst] 60/200  tier=SMALL   latency=20.9 ms  R=0.216  target=0.00  dets=3  vru=False  backend=ultralytics
23:31:16  INFO       [threshold / burst] 80/200  tier=SMALL   latency=20.4 ms  R=0.215  target=0.00  dets=2  vru=False  backend=ultralytics
23:31:17  INFO       [threshold / burst] 100/200  tier=SMALL   latency=22.3 ms  R=0.226  target=0.00  dets=12  vru=False  backend=ultralytics
23:31:17  INFO     [RAMS] Tier switch: SMALL → NANO  (R=0.723)
23:31:18  INFO       [threshold / burst] 120/200  tier=NANO    latency=20.0 ms  R=0.725  target=0.85  dets=6  vru=False  backend=ultralytics
23:31:18  INFO     [RAMS] Tier switch: NANO → MEDIUM  (R=0.122)
23:31:18  INFO     [RAMS] Tier switch: MEDIUM → SMALL  (R=0.162)
23:31:18  INFO     [RAMS] Tier switch: SMALL → MEDIUM  (R=0.128)
23:31:19  INFO     [RAMS] Tier switch: MEDIUM → SMALL  (R=0.223)
23:31:19  INFO       [threshold / burst] 140/200  tier=SMALL   latency=20.9 ms  R=0.129  target=0.00  dets=8  vru=False  backend=ultralytics
23:31:19  INFO     [RAMS] Tier switch: SMALL → MEDIUM  (R=0.129)
23:31:19  INFO     [RAMS] Tier switch: MEDIUM → SMALL  (R=0.230)
23:31:19  INFO       [threshold / burst] 160/200  tier=SMALL   latency=20.0 ms  R=0.149  target=0.00  dets=2  vru=False  backend=ultralytics
23:31:20  INFO     [RAMS] Tier switch: SMALL → MEDIUM  (R=0.138)
23:31:20  INFO     [RAMS] Tier switch: MEDIUM → SMALL  (R=0.205)
23:31:20  INFO       [threshold / burst] 180/200  tier=SMALL   latency=19.7 ms  R=0.156  target=0.00  dets=1  vru=True  backend=ultralytics
23:31:21  INFO       [threshold / burst] 200/200  tier=SMALL   latency=19.5 ms  R=0.140  target=0.00  dets=1  vru=True  backend=ultralytics
23:31:21  INFO     [RAMS] Controller stopped.
23:31:21  INFO     
--- Block 5/10  Policy: safety  Load: burst (100%) ---
23:31:21  INFO     [RAMS] Starting resource monitor ...
23:31:21  INFO     [RAMS] Loading model tiers ...
23:31:21  INFO     [RAMS] YOLOv8-nano ready — Ultralytics (imgsz=320).
23:31:21  INFO     [RAMS] YOLOv8-small ready — Ultralytics (imgsz=416).
23:31:22  INFO     [RAMS] YOLOv8-medium ready — Ultralytics (imgsz=640).
23:31:22  INFO     [RAMS] Controller ready. Policy: safety
23:31:23  INFO     [RAMS] Tier switch: SMALL → NANO  (R=0.747)
23:31:23  INFO     [RAMS] Tier switch: NANO → SMALL  (R=0.699)
23:31:23  INFO       [safety / burst] 20/200  tier=SMALL   latency=24.9 ms  R=0.740  target=0.85  dets=11  vru=True  backend=ultralytics
23:31:23  INFO     [RAMS] Tier switch: SMALL → MEDIUM  (R=0.067)
23:31:24  INFO     [RAMS] Tier switch: MEDIUM → SMALL  (R=0.293)
23:31:24  INFO     [RAMS] Tier switch: SMALL → MEDIUM  (R=0.137)
23:31:24  INFO     [RAMS] Tier switch: MEDIUM → SMALL  (R=0.171)
23:31:24  INFO       [safety / burst] 40/200  tier=SMALL   latency=22.4 ms  R=0.175  target=0.00  dets=14  vru=False  backend=ultralytics
23:31:24  INFO     [RAMS] Tier switch: SMALL → MEDIUM  (R=0.136)
23:31:24  INFO     [RAMS] Tier switch: MEDIUM → SMALL  (R=0.155)
23:31:25  INFO     [RAMS] Tier switch: SMALL → MEDIUM  (R=0.145)
23:31:25  INFO     [RAMS] Tier switch: MEDIUM → SMALL  (R=0.173)
23:31:25  INFO       [safety / burst] 60/200  tier=SMALL   latency=19.8 ms  R=0.166  target=0.00  dets=2  vru=False  backend=ultralytics
23:31:25  INFO     [RAMS] Tier switch: SMALL → MEDIUM  (R=0.136)
23:31:25  INFO     [RAMS] Tier switch: MEDIUM → SMALL  (R=0.155)
23:31:25  INFO     [RAMS] Tier switch: SMALL → MEDIUM  (R=0.131)
23:31:25  INFO       [safety / burst] 80/200  tier=MEDIUM  latency=29.8 ms  R=0.131  target=0.00  dets=11  vru=False  backend=ultralytics
23:31:26  INFO     [RAMS] Tier switch: MEDIUM → SMALL  (R=0.270)
23:31:26  INFO     [RAMS] Tier switch: SMALL → MEDIUM  (R=0.128)
23:31:26  INFO     [RAMS] Tier switch: MEDIUM → SMALL  (R=0.224)
23:31:26  INFO       [safety / burst] 100/200  tier=SMALL   latency=20.6 ms  R=0.224  target=0.00  dets=7  vru=False  backend=ultralytics
23:31:27  INFO       [safety / burst] 120/200  tier=SMALL   latency=19.9 ms  R=0.749  target=0.85  dets=3  vru=False  backend=ultralytics
23:31:27  INFO     [RAMS] Tier switch: SMALL → MEDIUM  (R=0.097)
23:31:28  INFO     [RAMS] Tier switch: MEDIUM → SMALL  (R=0.191)
23:31:28  INFO     [RAMS] Tier switch: SMALL → MEDIUM  (R=0.143)
23:31:28  INFO     [RAMS] Tier switch: MEDIUM → SMALL  (R=0.150)
23:31:28  INFO       [safety / burst] 140/200  tier=SMALL   latency=21.0 ms  R=0.139  target=0.00  dets=9  vru=True  backend=ultralytics
23:31:28  INFO     [RAMS] Tier switch: SMALL → MEDIUM  (R=0.139)
23:31:28  INFO     [RAMS] Tier switch: MEDIUM → SMALL  (R=0.180)
23:31:29  INFO       [safety / burst] 160/200  tier=SMALL   latency=19.7 ms  R=0.151  target=0.00  dets=1  vru=False  backend=ultralytics
23:31:29  INFO       [safety / burst] 180/200  tier=SMALL   latency=19.6 ms  R=0.148  target=0.00  dets=2  vru=False  backend=ultralytics
23:31:30  INFO       [safety / burst] 200/200  tier=SMALL   latency=20.7 ms  R=0.170  target=0.00  dets=1  vru=False  backend=ultralytics
23:31:30  INFO     [RAMS] Controller stopped.
23:31:30  INFO     
--- Block 5/10  Policy: fixed_nano  Load: burst (100%) ---
23:31:30  INFO     [RAMS] Starting resource monitor ...
23:31:30  INFO     [RAMS] Loading model tiers ...
23:31:30  INFO     [RAMS] YOLOv8-nano ready — Ultralytics (imgsz=320).
23:31:31  INFO     [RAMS] YOLOv8-small ready — Ultralytics (imgsz=416).
23:31:32  INFO     [RAMS] YOLOv8-medium ready — Ultralytics (imgsz=640).
23:31:32  INFO     [RAMS] Controller ready. Policy: fixed
23:31:32  INFO     [RAMS] Tier switch: SMALL → NANO  (R=0.685)
23:31:32  INFO       [fixed_nano / burst] 20/200  tier=NANO    latency=23.9 ms  R=0.729  target=0.85  dets=7  vru=False  backend=ultralytics
23:31:33  INFO       [fixed_nano / burst] 40/200  tier=NANO    latency=23.2 ms  R=0.307  target=0.00  dets=11  vru=False  backend=ultralytics
23:31:34  INFO       [fixed_nano / burst] 60/200  tier=NANO    latency=19.6 ms  R=0.227  target=0.00  dets=2  vru=False  backend=ultralytics
23:31:35  INFO       [fixed_nano / burst] 80/200  tier=NANO    latency=21.7 ms  R=0.270  target=0.00  dets=6  vru=False  backend=ultralytics
23:31:35  INFO       [fixed_nano / burst] 100/200  tier=NANO    latency=21.0 ms  R=0.216  target=0.00  dets=3  vru=False  backend=ultralytics
23:31:36  INFO       [fixed_nano / burst] 120/200  tier=NANO    latency=31.3 ms  R=0.761  target=0.85  dets=2  vru=False  backend=ultralytics
23:31:37  INFO       [fixed_nano / burst] 140/200  tier=NANO    latency=20.7 ms  R=0.226  target=0.00  dets=1  vru=False  backend=ultralytics
23:31:38  INFO       [fixed_nano / burst] 160/200  tier=NANO    latency=17.6 ms  R=0.246  target=0.00  dets=0  vru=False  backend=ultralytics
23:31:38  INFO       [fixed_nano / burst] 180/200  tier=NANO    latency=20.3 ms  R=0.190  target=0.00  dets=1  vru=False  backend=ultralytics
23:31:39  INFO       [fixed_nano / burst] 200/200  tier=NANO    latency=18.7 ms  R=0.146  target=0.00  dets=1  vru=False  backend=ultralytics
23:31:39  INFO     [RAMS] Controller stopped.
23:31:39  INFO     
--- Block 5/10  Policy: fixed_medium  Load: burst (100%) ---
23:31:39  INFO     [RAMS] Starting resource monitor ...
23:31:39  INFO     [RAMS] Loading model tiers ...
23:31:39  INFO     [RAMS] YOLOv8-nano ready — Ultralytics (imgsz=320).
23:31:40  INFO     [RAMS] YOLOv8-small ready — Ultralytics (imgsz=416).
23:31:41  INFO     [RAMS] YOLOv8-medium ready — Ultralytics (imgsz=640).
23:31:41  INFO     [RAMS] Controller ready. Policy: fixed
23:31:41  INFO     [RAMS] Tier switch: SMALL → MEDIUM  (R=0.703)
23:31:42  INFO       [fixed_medium / burst] 20/200  tier=MEDIUM  latency=27.9 ms  R=0.798  target=0.85  dets=17  vru=True  backend=ultralytics
23:31:43  INFO       [fixed_medium / burst] 40/200  tier=MEDIUM  latency=27.8 ms  R=0.327  target=0.00  dets=16  vru=False  backend=ultralytics
23:31:43  INFO       [fixed_medium / burst] 60/200  tier=MEDIUM  latency=25.1 ms  R=0.136  target=0.00  dets=3  vru=True  backend=ultralytics
23:31:44  INFO       [fixed_medium / burst] 80/200  tier=MEDIUM  latency=26.8 ms  R=0.154  target=0.00  dets=11  vru=False  backend=ultralytics
23:31:45  INFO       [fixed_medium / burst] 100/200  tier=MEDIUM  latency=27.7 ms  R=0.156  target=0.00  dets=9  vru=True  backend=ultralytics
23:31:46  INFO       [fixed_medium / burst] 120/200  tier=MEDIUM  latency=29.0 ms  R=0.739  target=0.85  dets=5  vru=False  backend=ultralytics
23:31:47  INFO       [fixed_medium / burst] 140/200  tier=MEDIUM  latency=28.6 ms  R=0.163  target=0.00  dets=19  vru=True  backend=ultralytics
23:31:48  INFO       [fixed_medium / burst] 160/200  tier=MEDIUM  latency=25.1 ms  R=0.166  target=0.00  dets=2  vru=False  backend=ultralytics
23:31:48  INFO       [fixed_medium / burst] 180/200  tier=MEDIUM  latency=25.5 ms  R=0.176  target=0.00  dets=3  vru=False  backend=ultralytics
23:31:49  INFO       [fixed_medium / burst] 200/200  tier=MEDIUM  latency=26.6 ms  R=0.139  target=0.00  dets=5  vru=False  backend=ultralytics
23:31:49  INFO     [RAMS] Controller stopped.
23:31:49  INFO     
--- Block 5/10  Policy: adaptive  Load: burst (100%) ---
23:31:49  INFO     [RAMS] Starting resource monitor ...
23:31:49  INFO     [RAMS] Loading model tiers ...
23:31:50  INFO     [RAMS] YOLOv8-nano ready — Ultralytics (imgsz=320).
23:31:50  INFO     [RAMS] YOLOv8-small ready — Ultralytics (imgsz=416).
23:31:51  INFO     [RAMS] YOLOv8-medium ready — Ultralytics (imgsz=640).
23:31:51  INFO     [RAMS] Controller ready. Policy: adaptive
23:31:51  INFO     [RAMS] Tier switch: SMALL → NANO  (R=0.686)
23:31:52  INFO       [adaptive / burst] 20/200  tier=NANO    latency=20.9 ms  R=0.739  target=0.85  dets=7  vru=False  backend=ultralytics
23:31:52  INFO     [RAMS] Tier switch: NANO → SMALL  (R=0.085)
23:31:52  INFO     [RAMS] Tier switch: SMALL → MEDIUM  (R=0.091)
23:31:52  INFO     [RAMS] Tier switch: MEDIUM → SMALL  (R=0.164)
23:31:52  INFO     [RAMS] Tier switch: SMALL → MEDIUM  (R=0.123)
23:31:52  INFO     [RAMS] Tier switch: MEDIUM → SMALL  (R=0.159)
23:31:52  INFO       [adaptive / burst] 40/200  tier=SMALL   latency=22.3 ms  R=0.159  target=0.00  dets=14  vru=False  backend=ultralytics
23:31:53  INFO       [adaptive / burst] 60/200  tier=SMALL   latency=20.6 ms  R=0.162  target=0.00  dets=2  vru=False  backend=ultralytics
23:31:54  INFO       [adaptive / burst] 80/200  tier=SMALL   latency=21.5 ms  R=0.144  target=0.00  dets=10  vru=False  backend=ultralytics
23:31:54  INFO       [adaptive / burst] 100/200  tier=SMALL   latency=21.7 ms  R=0.265  target=0.00  dets=7  vru=False  backend=ultralytics
23:31:55  INFO     [RAMS] Tier switch: SMALL → NANO  (R=0.721)
23:31:55  INFO       [adaptive / burst] 120/200  tier=NANO    latency=20.8 ms  R=0.739  target=0.85  dets=2  vru=False  backend=ultralytics
23:31:56  INFO     [RAMS] Tier switch: NANO → SMALL  (R=0.278)
23:31:56  INFO       [adaptive / burst] 140/200  tier=SMALL   latency=22.4 ms  R=0.259  target=0.00  dets=9  vru=True  backend=ultralytics
23:31:57  INFO       [adaptive / burst] 160/200  tier=SMALL   latency=20.7 ms  R=0.241  target=0.00  dets=1  vru=False  backend=ultralytics
23:31:58  INFO       [adaptive / burst] 180/200  tier=SMALL   latency=23.2 ms  R=0.291  target=0.00  dets=2  vru=False  backend=ultralytics
23:31:58  INFO       [adaptive / burst] 200/200  tier=SMALL   latency=20.1 ms  R=0.192  target=0.00  dets=1  vru=False  backend=ultralytics
23:31:58  INFO     [RAMS] Controller stopped.
23:31:58  INFO     
--- Block 5/10  Policy: predictive  Load: burst (100%) ---
23:31:58  INFO     [RAMS] Starting resource monitor ...
23:31:58  INFO     [RAMS] Loading model tiers ...
23:31:59  INFO     [RAMS] YOLOv8-nano ready — Ultralytics (imgsz=320).
23:31:59  INFO     [RAMS] YOLOv8-small ready — Ultralytics (imgsz=416).
23:32:00  INFO     [RAMS] YOLOv8-medium ready — Ultralytics (imgsz=640).
23:32:00  INFO     [RAMS] Controller ready. Policy: predictive
23:32:00  INFO     [RAMS] Tier switch: SMALL → NANO  (R=0.746)
23:32:01  INFO       [predictive / burst] 20/200  tier=NANO    latency=20.1 ms  R=0.730  target=0.85  dets=7  vru=False  backend=ultralytics
23:32:01  INFO     [RAMS] Tier switch: NANO → SMALL  (R=0.090)
23:32:01  INFO     [RAMS] Tier switch: SMALL → MEDIUM  (R=0.138)
23:32:01  INFO     [RAMS] Tier switch: MEDIUM → SMALL  (R=0.149)
23:32:01  INFO     [RAMS] Tier switch: SMALL → MEDIUM  (R=0.132)
23:32:01  INFO     [RAMS] Tier switch: MEDIUM → SMALL  (R=0.175)
23:32:02  INFO       [predictive / burst] 40/200  tier=SMALL   latency=23.0 ms  R=0.175  target=0.00  dets=14  vru=False  backend=ultralytics
23:32:02  INFO     [RAMS] Tier switch: SMALL → MEDIUM  (R=0.123)
23:32:02  INFO       [predictive / burst] 60/200  tier=MEDIUM  latency=25.1 ms  R=0.149  target=0.00  dets=3  vru=True  backend=ultralytics
23:32:02  INFO     [RAMS] Tier switch: MEDIUM → SMALL  (R=0.149)
23:32:02  INFO     [RAMS] Tier switch: SMALL → MEDIUM  (R=0.128)
23:32:03  INFO     [RAMS] Tier switch: MEDIUM → SMALL  (R=0.289)
23:32:03  INFO       [predictive / burst] 80/200  tier=SMALL   latency=21.5 ms  R=0.151  target=0.00  dets=10  vru=False  backend=ultralytics
23:32:03  INFO     [RAMS] Tier switch: SMALL → MEDIUM  (R=0.142)
23:32:04  INFO     [RAMS] Tier switch: MEDIUM → SMALL  (R=0.180)
23:32:04  INFO       [predictive / burst] 100/200  tier=SMALL   latency=20.8 ms  R=0.244  target=0.00  dets=7  vru=False  backend=ultralytics
23:32:04  INFO     [RAMS] Tier switch: SMALL → NANO  (R=0.704)
23:32:04  INFO       [predictive / burst] 120/200  tier=NANO    latency=18.8 ms  R=0.728  target=0.85  dets=2  vru=False  backend=ultralytics
23:32:05  INFO     [RAMS] Tier switch: NANO → SMALL  (R=0.091)
23:32:05  INFO     [RAMS] Tier switch: SMALL → MEDIUM  (R=0.134)
23:32:05  INFO     [RAMS] Tier switch: MEDIUM → SMALL  (R=0.149)
23:32:05  INFO       [predictive / burst] 140/200  tier=SMALL   latency=21.1 ms  R=0.140  target=0.00  dets=9  vru=True  backend=ultralytics
23:32:05  INFO     [RAMS] Tier switch: SMALL → MEDIUM  (R=0.132)
23:32:06  INFO     [RAMS] Tier switch: MEDIUM → SMALL  (R=0.307)
23:32:06  INFO       [predictive / burst] 160/200  tier=SMALL   latency=19.6 ms  R=0.162  target=0.00  dets=1  vru=False  backend=ultralytics
23:32:06  INFO     [RAMS] Tier switch: SMALL → MEDIUM  (R=0.134)
23:32:06  INFO     [RAMS] Tier switch: MEDIUM → SMALL  (R=0.153)
23:32:07  INFO       [predictive / burst] 180/200  tier=SMALL   latency=19.9 ms  R=0.134  target=0.00  dets=2  vru=False  backend=ultralytics
23:32:07  INFO     [RAMS] Tier switch: SMALL → MEDIUM  (R=0.138)
23:32:07  INFO       [predictive / burst] 200/200  tier=MEDIUM  latency=26.8 ms  R=0.138  target=0.00  dets=5  vru=False  backend=ultralytics
23:32:08  INFO     [RAMS] Controller stopped.
23:32:08  INFO     
--- Block 5/10  Policy: safety2  Load: burst (100%) ---
23:32:08  INFO     [RAMS] Starting resource monitor ...
23:32:08  INFO     [RAMS] Loading model tiers ...
23:32:08  INFO     [RAMS] YOLOv8-nano ready — Ultralytics (imgsz=320).
23:32:08  INFO     [RAMS] YOLOv8-small ready — Ultralytics (imgsz=416).
23:32:09  INFO     [RAMS] YOLOv8-medium ready — Ultralytics (imgsz=640).
23:32:09  INFO     [RAMS] Controller ready. Policy: safety2
23:32:09  INFO     [RAMS] Tier switch: SMALL → NANO  (R=0.690)
23:32:09  INFO     [RAMS] Tier switch: NANO → MEDIUM  (R=0.729)
23:32:10  INFO       [safety2 / burst] 20/200  tier=MEDIUM  latency=27.9 ms  R=0.773  target=0.85  dets=17  vru=True  backend=ultralytics
23:32:11  INFO       [safety2 / burst] 40/200  tier=MEDIUM  latency=27.9 ms  R=0.210  target=0.00  dets=16  vru=False  backend=ultralytics
23:32:12  INFO       [safety2 / burst] 60/200  tier=MEDIUM  latency=25.4 ms  R=0.305  target=0.00  dets=3  vru=True  backend=ultralytics
23:32:12  INFO     [RAMS] Tier switch: MEDIUM → SMALL  (R=0.189)
23:32:12  INFO     [RAMS] Tier switch: SMALL → MEDIUM  (R=0.214)
23:32:12  INFO       [safety2 / burst] 80/200  tier=MEDIUM  latency=27.5 ms  R=0.158  target=0.00  dets=11  vru=False  backend=ultralytics
23:32:12  INFO     [RAMS] Tier switch: MEDIUM → SMALL  (R=0.162)
23:32:13  INFO     [RAMS] Tier switch: SMALL → MEDIUM  (R=0.144)
23:32:13  INFO       [safety2 / burst] 100/200  tier=MEDIUM  latency=26.4 ms  R=0.200  target=0.00  dets=9  vru=True  backend=ultralytics
23:32:13  INFO     [RAMS] Tier switch: MEDIUM → SMALL  (R=0.752)
23:32:14  INFO     [RAMS] Tier switch: SMALL → MEDIUM  (R=0.752)
23:32:14  INFO       [safety2 / burst] 120/200  tier=MEDIUM  latency=26.5 ms  R=0.755  target=0.85  dets=5  vru=False  backend=ultralytics
23:32:15  INFO     [RAMS] Tier switch: MEDIUM → SMALL  (R=0.304)
23:32:15  INFO     [RAMS] Tier switch: SMALL → MEDIUM  (R=0.186)
23:32:15  INFO       [safety2 / burst] 140/200  tier=MEDIUM  latency=28.1 ms  R=0.160  target=0.00  dets=19  vru=True  backend=ultralytics
23:32:15  INFO     [RAMS] Tier switch: MEDIUM → SMALL  (R=0.167)
23:32:16  INFO       [safety2 / burst] 160/200  tier=SMALL   latency=19.9 ms  R=0.281  target=0.00  dets=1  vru=False  backend=ultralytics
23:32:17  INFO       [safety2 / burst] 180/200  tier=SMALL   latency=22.7 ms  R=0.228  target=0.00  dets=2  vru=False  backend=ultralytics
23:32:17  INFO     [RAMS] Tier switch: SMALL → MEDIUM  (R=0.300)
23:32:17  INFO       [safety2 / burst] 200/200  tier=MEDIUM  latency=26.0 ms  R=0.296  target=0.00  dets=5  vru=False  backend=ultralytics
23:32:17  INFO     [RAMS] Controller stopped.
23:32:18  INFO     
--- Block 5/10  Policy: fixed_small  Load: burst (100%) ---
23:32:18  INFO     [RAMS] Starting resource monitor ...
23:32:18  INFO     [RAMS] Loading model tiers ...
23:32:18  INFO     [RAMS] YOLOv8-nano ready — Ultralytics (imgsz=320).
23:32:18  INFO     [RAMS] YOLOv8-small ready — Ultralytics (imgsz=416).
23:32:19  INFO     [RAMS] YOLOv8-medium ready — Ultralytics (imgsz=640).
23:32:19  INFO     [RAMS] Controller ready. Policy: fixed
23:32:20  INFO       [fixed_small / burst] 20/200  tier=SMALL   latency=21.9 ms  R=0.729  target=0.85  dets=11  vru=True  backend=ultralytics
23:32:21  INFO       [fixed_small / burst] 40/200  tier=SMALL   latency=23.1 ms  R=0.234  target=0.00  dets=14  vru=False  backend=ultralytics
23:32:21  INFO       [fixed_small / burst] 60/200  tier=SMALL   latency=21.0 ms  R=0.224  target=0.00  dets=2  vru=False  backend=ultralytics
23:32:22  INFO       [fixed_small / burst] 80/200  tier=SMALL   latency=21.3 ms  R=0.154  target=0.00  dets=10  vru=False  backend=ultralytics
23:32:23  INFO       [fixed_small / burst] 100/200  tier=SMALL   latency=20.7 ms  R=0.175  target=0.00  dets=7  vru=False  backend=ultralytics
23:32:24  INFO       [fixed_small / burst] 120/200  tier=SMALL   latency=24.7 ms  R=0.725  target=0.85  dets=3  vru=False  backend=ultralytics
23:32:24  INFO       [fixed_small / burst] 140/200  tier=SMALL   latency=21.1 ms  R=0.164  target=0.00  dets=9  vru=True  backend=ultralytics
23:32:25  INFO       [fixed_small / burst] 160/200  tier=SMALL   latency=19.5 ms  R=0.127  target=0.00  dets=1  vru=False  backend=ultralytics
23:32:26  INFO       [fixed_small / burst] 180/200  tier=SMALL   latency=20.8 ms  R=0.175  target=0.00  dets=2  vru=False  backend=ultralytics
23:32:26  INFO       [fixed_small / burst] 200/200  tier=SMALL   latency=19.6 ms  R=0.163  target=0.00  dets=1  vru=False  backend=ultralytics
23:32:27  INFO     [RAMS] Controller stopped.
23:32:27  INFO     
--- Block 5/10  Policy: threshold  Load: burst (100%) ---
23:32:27  INFO     [RAMS] Starting resource monitor ...
23:32:27  INFO     [RAMS] Loading model tiers ...
23:32:27  INFO     [RAMS] YOLOv8-nano ready — Ultralytics (imgsz=320).
23:32:27  INFO     [RAMS] YOLOv8-small ready — Ultralytics (imgsz=416).
23:32:28  INFO     [RAMS] YOLOv8-medium ready — Ultralytics (imgsz=640).
23:32:28  INFO     [RAMS] Controller ready. Policy: threshold
23:32:28  INFO     [RAMS] Tier switch: SMALL → NANO  (R=0.680)
23:32:29  INFO       [threshold / burst] 20/200  tier=NANO    latency=20.0 ms  R=0.737  target=0.85  dets=7  vru=False  backend=ultralytics
23:32:29  INFO     [RAMS] Tier switch: NANO → MEDIUM  (R=0.097)
23:32:30  INFO     [RAMS] Tier switch: MEDIUM → SMALL  (R=0.215)
23:32:30  INFO     [RAMS] Tier switch: SMALL → MEDIUM  (R=0.121)
23:32:30  INFO       [threshold / burst] 40/200  tier=MEDIUM  latency=27.9 ms  R=0.172  target=0.00  dets=16  vru=False  backend=ultralytics
23:32:30  INFO     [RAMS] Tier switch: MEDIUM → SMALL  (R=0.172)
23:32:30  INFO     [RAMS] Tier switch: SMALL → MEDIUM  (R=0.137)
23:32:30  INFO     [RAMS] Tier switch: MEDIUM → SMALL  (R=0.220)
23:32:31  INFO       [threshold / burst] 60/200  tier=SMALL   latency=20.0 ms  R=0.246  target=0.00  dets=2  vru=False  backend=ultralytics
23:32:31  INFO     [RAMS] Tier switch: SMALL → MEDIUM  (R=0.123)
23:32:31  INFO     [RAMS] Tier switch: MEDIUM → SMALL  (R=0.146)
23:32:31  INFO       [threshold / burst] 80/200  tier=SMALL   latency=21.3 ms  R=0.162  target=0.00  dets=10  vru=False  backend=ultralytics
23:32:32  INFO     [RAMS] Tier switch: SMALL → MEDIUM  (R=0.133)
23:32:32  INFO     [RAMS] Tier switch: MEDIUM → SMALL  (R=0.249)
23:32:32  INFO     [RAMS] Tier switch: SMALL → MEDIUM  (R=0.134)
23:32:32  INFO       [threshold / burst] 100/200  tier=MEDIUM  latency=26.3 ms  R=0.220  target=0.00  dets=9  vru=True  backend=ultralytics
23:32:32  INFO     [RAMS] Tier switch: MEDIUM → NANO  (R=0.662)
23:32:33  INFO       [threshold / burst] 120/200  tier=NANO    latency=19.0 ms  R=0.733  target=0.85  dets=2  vru=False  backend=ultralytics
23:32:33  INFO     [RAMS] Tier switch: NANO → MEDIUM  (R=0.062)
23:32:33  INFO     [RAMS] Tier switch: MEDIUM → SMALL  (R=0.150)
23:32:33  INFO     [RAMS] Tier switch: SMALL → MEDIUM  (R=0.134)
23:32:34  INFO     [RAMS] Tier switch: MEDIUM → SMALL  (R=0.255)
23:32:34  INFO       [threshold / burst] 140/200  tier=SMALL   latency=22.2 ms  R=0.159  target=0.00  dets=9  vru=True  backend=ultralytics
23:32:34  INFO     [RAMS] Tier switch: SMALL → MEDIUM  (R=0.123)
23:32:34  INFO     [RAMS] Tier switch: MEDIUM → SMALL  (R=0.199)
23:32:34  INFO     [RAMS] Tier switch: SMALL → MEDIUM  (R=0.139)
23:32:34  INFO     [RAMS] Tier switch: MEDIUM → SMALL  (R=0.166)
23:32:35  INFO       [threshold / burst] 160/200  tier=SMALL   latency=21.4 ms  R=0.145  target=0.00  dets=1  vru=False  backend=ultralytics
23:32:35  INFO     [RAMS] Tier switch: SMALL → MEDIUM  (R=0.143)
23:32:35  INFO     [RAMS] Tier switch: MEDIUM → SMALL  (R=0.202)
23:32:35  INFO       [threshold / burst] 180/200  tier=SMALL   latency=19.8 ms  R=0.137  target=0.00  dets=2  vru=False  backend=ultralytics
23:32:35  INFO     [RAMS] Tier switch: SMALL → MEDIUM  (R=0.137)
23:32:36  INFO     [RAMS] Tier switch: MEDIUM → SMALL  (R=0.186)
23:32:36  INFO       [threshold / burst] 200/200  tier=SMALL   latency=20.4 ms  R=0.153  target=0.00  dets=1  vru=False  backend=ultralytics
23:32:36  INFO     [RAMS] Controller stopped.
23:32:36  INFO     
--- Block 6/10  Policy: adaptive  Load: burst (100%) ---
23:32:36  INFO     [RAMS] Starting resource monitor ...
23:32:36  INFO     [RAMS] Loading model tiers ...
23:32:36  INFO     [RAMS] YOLOv8-nano ready — Ultralytics (imgsz=320).
23:32:37  INFO     [RAMS] YOLOv8-small ready — Ultralytics (imgsz=416).
23:32:38  INFO     [RAMS] YOLOv8-medium ready — Ultralytics (imgsz=640).
23:32:38  INFO     [RAMS] Controller ready. Policy: adaptive
23:32:38  INFO     [RAMS] Tier switch: SMALL → NANO  (R=0.750)
23:32:39  INFO       [adaptive / burst] 20/200  tier=NANO    latency=22.7 ms  R=0.763  target=0.85  dets=1  vru=False  backend=ultralytics
23:32:39  INFO     [RAMS] Tier switch: NANO → SMALL  (R=0.178)
23:32:39  INFO       [adaptive / burst] 40/200  tier=SMALL   latency=20.8 ms  R=0.247  target=0.00  dets=2  vru=False  backend=ultralytics
23:32:40  INFO       [adaptive / burst] 60/200  tier=SMALL   latency=20.8 ms  R=0.223  target=0.00  dets=4  vru=False  backend=ultralytics
23:32:41  INFO       [adaptive / burst] 80/200  tier=SMALL   latency=20.4 ms  R=0.215  target=0.00  dets=3  vru=True  backend=ultralytics
23:32:41  INFO       [adaptive / burst] 100/200  tier=SMALL   latency=20.5 ms  R=0.223  target=0.00  dets=2  vru=False  backend=ultralytics
23:32:42  INFO     [RAMS] Tier switch: SMALL → NANO  (R=0.728)
23:32:42  INFO       [adaptive / burst] 120/200  tier=NANO    latency=19.4 ms  R=0.746  target=0.85  dets=3  vru=False  backend=ultralytics
23:32:43  INFO     [RAMS] Tier switch: NANO → SMALL  (R=0.206)
23:32:43  INFO     [RAMS] Tier switch: SMALL → MEDIUM  (R=0.141)
23:32:43  INFO     [RAMS] Tier switch: MEDIUM → SMALL  (R=0.153)
23:32:43  INFO       [adaptive / burst] 140/200  tier=SMALL   latency=21.5 ms  R=0.154  target=0.00  dets=4  vru=False  backend=ultralytics
23:32:44  INFO     [RAMS] Tier switch: SMALL → MEDIUM  (R=0.135)
23:32:44  INFO     [RAMS] Tier switch: MEDIUM → SMALL  (R=0.227)
23:32:44  INFO       [adaptive / burst] 160/200  tier=SMALL   latency=19.5 ms  R=0.157  target=0.00  dets=1  vru=False  backend=ultralytics
23:32:44  INFO     [RAMS] Tier switch: SMALL → MEDIUM  (R=0.123)
23:32:45  INFO     [RAMS] Tier switch: MEDIUM → SMALL  (R=0.239)
23:32:45  INFO       [adaptive / burst] 180/200  tier=SMALL   latency=20.9 ms  R=0.239  target=0.00  dets=6  vru=False  backend=ultralytics
23:32:45  INFO     [RAMS] Tier switch: SMALL → MEDIUM  (R=0.132)
23:32:45  INFO     [RAMS] Tier switch: MEDIUM → SMALL  (R=0.162)
23:32:45  INFO       [adaptive / burst] 200/200  tier=SMALL   latency=19.7 ms  R=0.124  target=0.00  dets=1  vru=False  backend=ultralytics
23:32:45  INFO     [RAMS] Controller stopped.
23:32:45  INFO     
--- Block 6/10  Policy: safety2  Load: burst (100%) ---
23:32:45  INFO     [RAMS] Starting resource monitor ...
23:32:45  INFO     [RAMS] Loading model tiers ...
23:32:46  INFO     [RAMS] YOLOv8-nano ready — Ultralytics (imgsz=320).
23:32:46  INFO     [RAMS] YOLOv8-small ready — Ultralytics (imgsz=416).
23:32:47  INFO     [RAMS] YOLOv8-medium ready — Ultralytics (imgsz=640).
23:32:47  INFO     [RAMS] Controller ready. Policy: safety2
23:32:47  INFO     [RAMS] Tier switch: SMALL → MEDIUM  (R=0.687)
23:32:48  INFO     [RAMS] Tier switch: MEDIUM → SMALL  (R=0.731)
23:32:48  INFO       [safety2 / burst] 20/200  tier=SMALL   latency=20.0 ms  R=0.854  target=0.85  dets=2  vru=False  backend=ultralytics
23:32:48  INFO     [RAMS] Tier switch: SMALL → MEDIUM  (R=0.119)
23:32:48  INFO     [RAMS] Tier switch: MEDIUM → SMALL  (R=0.166)
23:32:48  INFO     [RAMS] Tier switch: SMALL → MEDIUM  (R=0.130)
23:32:49  INFO       [safety2 / burst] 40/200  tier=MEDIUM  latency=26.6 ms  R=0.126  target=0.00  dets=3  vru=False  backend=ultralytics
23:32:49  INFO     [RAMS] Tier switch: MEDIUM → SMALL  (R=0.194)
23:32:49  INFO       [safety2 / burst] 60/200  tier=SMALL   latency=21.6 ms  R=0.163  target=0.00  dets=4  vru=False  backend=ultralytics
23:32:49  INFO     [RAMS] Tier switch: SMALL → MEDIUM  (R=0.142)
23:32:50  INFO     [RAMS] Tier switch: MEDIUM → SMALL  (R=0.151)
23:32:50  INFO       [safety2 / burst] 80/200  tier=SMALL   latency=21.4 ms  R=0.156  target=0.00  dets=3  vru=True  backend=ultralytics
23:32:50  INFO     [RAMS] Tier switch: SMALL → MEDIUM  (R=0.179)
23:32:51  INFO     [RAMS] Tier switch: MEDIUM → SMALL  (R=0.203)
23:32:51  INFO     [RAMS] Tier switch: SMALL → MEDIUM  (R=0.242)
23:32:51  INFO       [safety2 / burst] 100/200  tier=MEDIUM  latency=25.5 ms  R=0.166  target=0.00  dets=4  vru=True  backend=ultralytics
23:32:51  INFO     [RAMS] Tier switch: MEDIUM → NANO  (R=0.749)
23:32:51  INFO     [RAMS] Tier switch: NANO → MEDIUM  (R=0.720)
23:32:52  INFO       [safety2 / burst] 120/200  tier=MEDIUM  latency=30.2 ms  R=0.804  target=0.85  dets=11  vru=True  backend=ultralytics
23:32:53  INFO     [RAMS] Tier switch: MEDIUM → SMALL  (R=0.281)
23:32:53  INFO       [safety2 / burst] 140/200  tier=SMALL   latency=21.8 ms  R=0.281  target=0.00  dets=4  vru=False  backend=ultralytics
23:32:53  INFO     [RAMS] Tier switch: SMALL → MEDIUM  (R=0.164)
23:32:53  INFO       [safety2 / burst] 160/200  tier=MEDIUM  latency=24.8 ms  R=0.233  target=0.00  dets=1  vru=False  backend=ultralytics
23:32:54  INFO     [RAMS] Tier switch: MEDIUM → SMALL  (R=0.248)
23:32:54  INFO     [RAMS] Tier switch: SMALL → MEDIUM  (R=0.248)
23:32:54  INFO       [safety2 / burst] 180/200  tier=MEDIUM  latency=27.8 ms  R=0.133  target=0.00  dets=10  vru=False  backend=ultralytics
23:32:54  INFO     [RAMS] Tier switch: MEDIUM → SMALL  (R=0.188)
23:32:54  INFO     [RAMS] Tier switch: SMALL → MEDIUM  (R=0.166)
23:32:55  INFO       [safety2 / burst] 200/200  tier=MEDIUM  latency=27.0 ms  R=0.231  target=0.00  dets=4  vru=False  backend=ultralytics
23:32:55  INFO     [RAMS] Controller stopped.
23:32:55  INFO     
--- Block 6/10  Policy: threshold  Load: burst (100%) ---
23:32:55  INFO     [RAMS] Starting resource monitor ...
23:32:55  INFO     [RAMS] Loading model tiers ...
23:32:55  INFO     [RAMS] YOLOv8-nano ready — Ultralytics (imgsz=320).
23:32:56  INFO     [RAMS] YOLOv8-small ready — Ultralytics (imgsz=416).
23:32:57  INFO     [RAMS] YOLOv8-medium ready — Ultralytics (imgsz=640).
23:32:57  INFO     [RAMS] Controller ready. Policy: threshold
23:32:57  INFO     [RAMS] Tier switch: SMALL → NANO  (R=0.686)
23:32:57  INFO       [threshold / burst] 20/200  tier=NANO    latency=19.3 ms  R=0.724  target=0.85  dets=1  vru=False  backend=ultralytics
23:32:58  INFO     [RAMS] Tier switch: NANO → MEDIUM  (R=0.088)
23:32:58  INFO     [RAMS] Tier switch: MEDIUM → SMALL  (R=0.188)
23:32:58  INFO       [threshold / burst] 40/200  tier=SMALL   latency=20.4 ms  R=0.282  target=0.00  dets=2  vru=False  backend=ultralytics
23:32:59  INFO       [threshold / burst] 60/200  tier=SMALL   latency=21.6 ms  R=0.220  target=0.00  dets=4  vru=False  backend=ultralytics
23:33:00  INFO       [threshold / burst] 80/200  tier=SMALL   latency=20.3 ms  R=0.365  target=0.00  dets=3  vru=True  backend=ultralytics
23:33:00  INFO       [threshold / burst] 100/200  tier=SMALL   latency=20.5 ms  R=0.232  target=0.00  dets=2  vru=False  backend=ultralytics
23:33:01  INFO     [RAMS] Tier switch: SMALL → NANO  (R=0.728)
23:33:01  INFO       [threshold / burst] 120/200  tier=NANO    latency=37.9 ms  R=0.750  target=0.85  dets=3  vru=False  backend=ultralytics
23:33:02  INFO     [RAMS] Tier switch: NANO → SMALL  (R=0.185)
23:33:02  INFO       [threshold / burst] 140/200  tier=SMALL   latency=21.0 ms  R=0.230  target=0.00  dets=4  vru=False  backend=ultralytics
23:33:03  INFO       [threshold / burst] 160/200  tier=SMALL   latency=20.6 ms  R=0.225  target=0.00  dets=1  vru=False  backend=ultralytics
23:33:03  INFO       [threshold / burst] 180/200  tier=SMALL   latency=20.5 ms  R=0.203  target=0.00  dets=6  vru=False  backend=ultralytics
23:33:04  INFO       [threshold / burst] 200/200  tier=SMALL   latency=19.6 ms  R=0.159  target=0.00  dets=1  vru=False  backend=ultralytics
23:33:04  INFO     [RAMS] Controller stopped.
23:33:04  INFO     
--- Block 6/10  Policy: fixed_nano  Load: burst (100%) ---
23:33:04  INFO     [RAMS] Starting resource monitor ...
23:33:04  INFO     [RAMS] Loading model tiers ...
23:33:04  INFO     [RAMS] YOLOv8-nano ready — Ultralytics (imgsz=320).
23:33:05  INFO     [RAMS] YOLOv8-small ready — Ultralytics (imgsz=416).
23:33:06  INFO     [RAMS] YOLOv8-medium ready — Ultralytics (imgsz=640).
23:33:06  INFO     [RAMS] Controller ready. Policy: fixed
23:33:06  INFO     [RAMS] Tier switch: SMALL → NANO  (R=0.692)
23:33:06  INFO       [fixed_nano / burst] 20/200  tier=NANO    latency=18.7 ms  R=0.729  target=0.85  dets=1  vru=False  backend=ultralytics
23:33:07  INFO       [fixed_nano / burst] 40/200  tier=NANO    latency=18.8 ms  R=0.141  target=0.00  dets=1  vru=False  backend=ultralytics
23:33:08  INFO       [fixed_nano / burst] 60/200  tier=NANO    latency=20.7 ms  R=0.161  target=0.00  dets=5  vru=False  backend=ultralytics
23:33:08  INFO       [fixed_nano / burst] 80/200  tier=NANO    latency=19.5 ms  R=0.153  target=0.00  dets=4  vru=True  backend=ultralytics
23:33:09  INFO       [fixed_nano / burst] 100/200  tier=NANO    latency=19.1 ms  R=0.148  target=0.00  dets=3  vru=False  backend=ultralytics
23:33:10  INFO       [fixed_nano / burst] 120/200  tier=NANO    latency=20.1 ms  R=0.733  target=0.85  dets=3  vru=False  backend=ultralytics
23:33:11  INFO       [fixed_nano / burst] 140/200  tier=NANO    latency=19.4 ms  R=0.156  target=0.00  dets=3  vru=False  backend=ultralytics
23:33:11  INFO       [fixed_nano / burst] 160/200  tier=NANO    latency=18.6 ms  R=0.139  target=0.00  dets=1  vru=False  backend=ultralytics
23:33:12  INFO       [fixed_nano / burst] 180/200  tier=NANO    latency=20.3 ms  R=0.153  target=0.00  dets=4  vru=False  backend=ultralytics
23:33:13  INFO       [fixed_nano / burst] 200/200  tier=NANO    latency=17.3 ms  R=0.182  target=0.00  dets=0  vru=False  backend=ultralytics
23:33:13  INFO     [RAMS] Controller stopped.
23:33:13  INFO     
--- Block 6/10  Policy: fixed_medium  Load: burst (100%) ---
23:33:13  INFO     [RAMS] Starting resource monitor ...
23:33:13  INFO     [RAMS] Loading model tiers ...
23:33:13  INFO     [RAMS] YOLOv8-nano ready — Ultralytics (imgsz=320).
23:33:13  INFO     [RAMS] YOLOv8-small ready — Ultralytics (imgsz=416).
23:33:14  INFO     [RAMS] YOLOv8-medium ready — Ultralytics (imgsz=640).
23:33:14  INFO     [RAMS] Controller ready. Policy: fixed
23:33:15  INFO     [RAMS] Tier switch: SMALL → MEDIUM  (R=0.744)
23:33:15  INFO       [fixed_medium / burst] 20/200  tier=MEDIUM  latency=25.3 ms  R=0.739  target=0.85  dets=3  vru=False  backend=ultralytics
23:33:16  INFO       [fixed_medium / burst] 40/200  tier=MEDIUM  latency=26.4 ms  R=0.188  target=0.00  dets=3  vru=False  backend=ultralytics
23:33:17  INFO       [fixed_medium / burst] 60/200  tier=MEDIUM  latency=26.1 ms  R=0.149  target=0.00  dets=7  vru=False  backend=ultralytics
23:33:18  INFO       [fixed_medium / burst] 80/200  tier=MEDIUM  latency=26.1 ms  R=0.147  target=0.00  dets=7  vru=True  backend=ultralytics
23:33:19  INFO       [fixed_medium / burst] 100/200  tier=MEDIUM  latency=26.7 ms  R=0.275  target=0.00  dets=4  vru=True  backend=ultralytics
23:33:20  INFO       [fixed_medium / burst] 120/200  tier=MEDIUM  latency=28.5 ms  R=0.825  target=0.85  dets=11  vru=True  backend=ultralytics
23:33:21  INFO       [fixed_medium / burst] 140/200  tier=MEDIUM  latency=26.1 ms  R=0.296  target=0.00  dets=4  vru=False  backend=ultralytics
23:33:22  INFO       [fixed_medium / burst] 160/200  tier=MEDIUM  latency=26.3 ms  R=0.320  target=0.00  dets=1  vru=False  backend=ultralytics
23:33:22  INFO       [fixed_medium / burst] 180/200  tier=MEDIUM  latency=27.1 ms  R=0.252  target=0.00  dets=10  vru=False  backend=ultralytics
23:33:23  INFO       [fixed_medium / burst] 200/200  tier=MEDIUM  latency=25.7 ms  R=0.220  target=0.00  dets=4  vru=False  backend=ultralytics
23:33:23  INFO     [RAMS] Controller stopped.
23:33:23  INFO     
--- Block 6/10  Policy: fixed_small  Load: burst (100%) ---
23:33:23  INFO     [RAMS] Starting resource monitor ...
23:33:23  INFO     [RAMS] Loading model tiers ...
23:33:24  INFO     [RAMS] YOLOv8-nano ready — Ultralytics (imgsz=320).
23:33:24  INFO     [RAMS] YOLOv8-small ready — Ultralytics (imgsz=416).
23:33:25  INFO     [RAMS] YOLOv8-medium ready — Ultralytics (imgsz=640).
23:33:25  INFO     [RAMS] Controller ready. Policy: fixed
23:33:26  INFO       [fixed_small / burst] 20/200  tier=SMALL   latency=20.9 ms  R=0.758  target=0.85  dets=2  vru=False  backend=ultralytics
23:33:26  INFO       [fixed_small / burst] 40/200  tier=SMALL   latency=20.4 ms  R=0.142  target=0.00  dets=2  vru=False  backend=ultralytics
23:33:27  INFO       [fixed_small / burst] 60/200  tier=SMALL   latency=20.1 ms  R=0.162  target=0.00  dets=4  vru=False  backend=ultralytics
23:33:28  INFO       [fixed_small / burst] 80/200  tier=SMALL   latency=20.2 ms  R=0.189  target=0.00  dets=3  vru=True  backend=ultralytics
23:33:28  INFO       [fixed_small / burst] 100/200  tier=SMALL   latency=19.8 ms  R=0.149  target=0.00  dets=2  vru=False  backend=ultralytics
23:33:29  INFO       [fixed_small / burst] 120/200  tier=SMALL   latency=20.4 ms  R=0.741  target=0.85  dets=6  vru=False  backend=ultralytics
23:33:30  INFO       [fixed_small / burst] 140/200  tier=SMALL   latency=20.8 ms  R=0.161  target=0.00  dets=4  vru=False  backend=ultralytics
23:33:31  INFO       [fixed_small / burst] 160/200  tier=SMALL   latency=19.6 ms  R=0.136  target=0.00  dets=1  vru=False  backend=ultralytics
23:33:32  INFO       [fixed_small / burst] 180/200  tier=SMALL   latency=20.6 ms  R=0.142  target=0.00  dets=6  vru=False  backend=ultralytics
23:33:32  INFO       [fixed_small / burst] 200/200  tier=SMALL   latency=20.6 ms  R=0.146  target=0.00  dets=1  vru=False  backend=ultralytics
23:33:32  INFO     [RAMS] Controller stopped.
23:33:32  INFO     
--- Block 6/10  Policy: safety  Load: burst (100%) ---
23:33:32  INFO     [RAMS] Starting resource monitor ...
23:33:32  INFO     [RAMS] Loading model tiers ...
23:33:32  INFO     [RAMS] YOLOv8-nano ready — Ultralytics (imgsz=320).
23:33:33  INFO     [RAMS] YOLOv8-small ready — Ultralytics (imgsz=416).
23:33:34  INFO     [RAMS] YOLOv8-medium ready — Ultralytics (imgsz=640).
23:33:34  INFO     [RAMS] Controller ready. Policy: safety
23:33:34  INFO       [safety / burst] 20/200  tier=SMALL   latency=19.5 ms  R=0.725  target=0.85  dets=2  vru=False  backend=ultralytics
23:33:35  INFO     [RAMS] Tier switch: SMALL → MEDIUM  (R=0.135)
23:33:35  INFO     [RAMS] Tier switch: MEDIUM → SMALL  (R=0.145)
23:33:35  INFO     [RAMS] Tier switch: SMALL → MEDIUM  (R=0.144)
23:33:35  INFO       [safety / burst] 40/200  tier=MEDIUM  latency=25.4 ms  R=0.130  target=0.00  dets=3  vru=False  backend=ultralytics
23:33:36  INFO     [RAMS] Tier switch: MEDIUM → SMALL  (R=0.312)
23:33:36  INFO     [RAMS] Tier switch: SMALL → MEDIUM  (R=0.138)
23:33:36  INFO       [safety / burst] 60/200  tier=MEDIUM  latency=25.9 ms  R=0.140  target=0.00  dets=7  vru=False  backend=ultralytics
23:33:36  INFO     [RAMS] Tier switch: MEDIUM → SMALL  (R=0.187)
23:33:37  INFO     [RAMS] Tier switch: SMALL → MEDIUM  (R=0.121)
23:33:37  INFO     [RAMS] Tier switch: MEDIUM → SMALL  (R=0.227)
23:33:37  INFO       [safety / burst] 80/200  tier=SMALL   latency=20.0 ms  R=0.152  target=0.00  dets=3  vru=True  backend=ultralytics
23:33:37  INFO     [RAMS] Tier switch: SMALL → MEDIUM  (R=0.140)
23:33:37  INFO     [RAMS] Tier switch: MEDIUM → SMALL  (R=0.217)
23:33:37  INFO       [safety / burst] 100/200  tier=SMALL   latency=19.7 ms  R=0.154  target=0.00  dets=2  vru=False  backend=ultralytics
23:33:38  INFO       [safety / burst] 120/200  tier=SMALL   latency=24.2 ms  R=0.735  target=0.85  dets=6  vru=False  backend=ultralytics
23:33:39  INFO     [RAMS] Tier switch: SMALL → MEDIUM  (R=0.074)
23:33:39  INFO     [RAMS] Tier switch: MEDIUM → SMALL  (R=0.165)
23:33:39  INFO     [RAMS] Tier switch: SMALL → MEDIUM  (R=0.139)
23:33:39  INFO     [RAMS] Tier switch: MEDIUM → SMALL  (R=0.153)
23:33:39  INFO       [safety / burst] 140/200  tier=SMALL   latency=20.2 ms  R=0.153  target=0.00  dets=4  vru=False  backend=ultralytics
23:33:39  INFO     [RAMS] Tier switch: SMALL → MEDIUM  (R=0.134)
23:33:40  INFO     [RAMS] Tier switch: MEDIUM → SMALL  (R=0.262)
23:33:40  INFO       [safety / burst] 160/200  tier=SMALL   latency=19.9 ms  R=0.146  target=0.00  dets=1  vru=False  backend=ultralytics
23:33:40  INFO     [RAMS] Tier switch: SMALL → MEDIUM  (R=0.136)
23:33:40  INFO     [RAMS] Tier switch: MEDIUM → SMALL  (R=0.219)
23:33:41  INFO       [safety / burst] 180/200  tier=SMALL   latency=23.4 ms  R=0.244  target=0.00  dets=6  vru=False  backend=ultralytics
23:33:41  INFO       [safety / burst] 200/200  tier=SMALL   latency=20.0 ms  R=0.235  target=0.00  dets=1  vru=False  backend=ultralytics
23:33:41  INFO     [RAMS] Controller stopped.
23:33:42  INFO     
--- Block 6/10  Policy: predictive  Load: burst (100%) ---
23:33:42  INFO     [RAMS] Starting resource monitor ...
23:33:42  INFO     [RAMS] Loading model tiers ...
23:33:42  INFO     [RAMS] YOLOv8-nano ready — Ultralytics (imgsz=320).
23:33:42  INFO     [RAMS] YOLOv8-small ready — Ultralytics (imgsz=416).
23:33:43  INFO     [RAMS] YOLOv8-medium ready — Ultralytics (imgsz=640).
23:33:43  INFO     [RAMS] Controller ready. Policy: predictive
23:33:43  INFO     [RAMS] Tier switch: SMALL → NANO  (R=0.757)
23:33:44  INFO       [predictive / burst] 20/200  tier=NANO    latency=42.8 ms  R=0.775  target=0.85  dets=1  vru=False  backend=ultralytics
23:33:44  INFO     [RAMS] Tier switch: NANO → SMALL  (R=0.155)
23:33:45  INFO       [predictive / burst] 40/200  tier=SMALL   latency=20.6 ms  R=0.205  target=0.00  dets=2  vru=False  backend=ultralytics
23:33:45  INFO       [predictive / burst] 60/200  tier=SMALL   latency=20.6 ms  R=0.258  target=0.00  dets=4  vru=False  backend=ultralytics
23:33:46  INFO       [predictive / burst] 80/200  tier=SMALL   latency=22.0 ms  R=0.201  target=0.00  dets=3  vru=True  backend=ultralytics
23:33:47  INFO       [predictive / burst] 100/200  tier=SMALL   latency=20.6 ms  R=0.158  target=0.00  dets=2  vru=False  backend=ultralytics
23:33:47  INFO     [RAMS] Tier switch: SMALL → NANO  (R=0.669)
23:33:47  INFO       [predictive / burst] 120/200  tier=NANO    latency=22.4 ms  R=0.721  target=0.85  dets=3  vru=False  backend=ultralytics
23:33:48  INFO     [RAMS] Tier switch: NANO → SMALL  (R=0.149)
23:33:48  INFO     [RAMS] Tier switch: SMALL → MEDIUM  (R=0.128)
23:33:48  INFO     [RAMS] Tier switch: MEDIUM → SMALL  (R=0.185)
23:33:48  INFO       [predictive / burst] 140/200  tier=SMALL   latency=20.1 ms  R=0.145  target=0.00  dets=4  vru=False  backend=ultralytics
23:33:49  INFO       [predictive / burst] 160/200  tier=SMALL   latency=19.7 ms  R=0.175  target=0.00  dets=1  vru=False  backend=ultralytics
23:33:49  INFO     [RAMS] Tier switch: SMALL → MEDIUM  (R=0.136)
23:33:49  INFO     [RAMS] Tier switch: MEDIUM → SMALL  (R=0.162)
23:33:49  INFO     [RAMS] Tier switch: SMALL → MEDIUM  (R=0.128)
23:33:49  INFO     [RAMS] Tier switch: MEDIUM → SMALL  (R=0.177)
23:33:50  INFO       [predictive / burst] 180/200  tier=SMALL   latency=20.6 ms  R=0.255  target=0.00  dets=6  vru=False  backend=ultralytics
23:33:50  INFO     [RAMS] Tier switch: SMALL → MEDIUM  (R=0.127)
23:33:50  INFO     [RAMS] Tier switch: MEDIUM → SMALL  (R=0.157)
23:33:50  INFO     [RAMS] Tier switch: SMALL → MEDIUM  (R=0.121)
23:33:50  INFO     [RAMS] Tier switch: MEDIUM → SMALL  (R=0.181)
23:33:50  INFO       [predictive / burst] 200/200  tier=SMALL   latency=19.5 ms  R=0.181  target=0.00  dets=1  vru=False  backend=ultralytics
23:33:51  INFO     [RAMS] Controller stopped.
23:33:51  INFO     
--- Block 7/10  Policy: adaptive  Load: burst (100%) ---
23:33:51  INFO     [RAMS] Starting resource monitor ...
23:33:51  INFO     [RAMS] Loading model tiers ...
23:33:51  INFO     [RAMS] YOLOv8-nano ready — Ultralytics (imgsz=320).
23:33:51  INFO     [RAMS] YOLOv8-small ready — Ultralytics (imgsz=416).
23:33:52  INFO     [RAMS] YOLOv8-medium ready — Ultralytics (imgsz=640).
23:33:52  INFO     [RAMS] Controller ready. Policy: adaptive
23:33:52  INFO     [RAMS] Tier switch: SMALL → NANO  (R=0.680)
23:33:53  INFO       [adaptive / burst] 20/200  tier=NANO    latency=18.8 ms  R=0.725  target=0.85  dets=1  vru=False  backend=ultralytics
23:33:53  INFO     [RAMS] Tier switch: NANO → SMALL  (R=0.062)
23:33:53  INFO     [RAMS] Tier switch: SMALL → MEDIUM  (R=0.091)
23:33:53  INFO     [RAMS] Tier switch: MEDIUM → SMALL  (R=0.170)
23:33:54  INFO       [adaptive / burst] 40/200  tier=SMALL   latency=20.7 ms  R=0.251  target=0.00  dets=6  vru=False  backend=ultralytics
23:33:54  INFO     [RAMS] Tier switch: SMALL → MEDIUM  (R=0.131)
23:33:54  INFO     [RAMS] Tier switch: MEDIUM → SMALL  (R=0.152)
23:33:54  INFO       [adaptive / burst] 60/200  tier=SMALL   latency=19.7 ms  R=0.133  target=0.00  dets=3  vru=False  backend=ultralytics
23:33:55  INFO       [adaptive / burst] 80/200  tier=SMALL   latency=20.3 ms  R=0.162  target=0.00  dets=5  vru=False  backend=ultralytics
23:33:56  INFO       [adaptive / burst] 100/200  tier=SMALL   latency=22.6 ms  R=0.139  target=0.00  dets=8  vru=False  backend=ultralytics
23:33:56  INFO     [RAMS] Tier switch: SMALL → NANO  (R=0.661)
23:33:56  INFO       [adaptive / burst] 120/200  tier=NANO    latency=18.6 ms  R=0.725  target=0.85  dets=1  vru=False  backend=ultralytics
23:33:57  INFO     [RAMS] Tier switch: NANO → SMALL  (R=0.139)
23:33:57  INFO     [RAMS] Tier switch: SMALL → MEDIUM  (R=0.102)
23:33:57  INFO     [RAMS] Tier switch: MEDIUM → SMALL  (R=0.193)
23:33:57  INFO       [adaptive / burst] 140/200  tier=SMALL   latency=20.1 ms  R=0.130  target=0.00  dets=4  vru=True  backend=ultralytics
23:33:58  INFO       [adaptive / burst] 160/200  tier=SMALL   latency=20.7 ms  R=0.159  target=0.00  dets=1  vru=False  backend=ultralytics
23:33:59  INFO       [adaptive / burst] 180/200  tier=SMALL   latency=20.2 ms  R=0.236  target=0.00  dets=4  vru=False  backend=ultralytics
23:33:59  INFO       [adaptive / burst] 200/200  tier=SMALL   latency=21.6 ms  R=0.140  target=0.00  dets=7  vru=True  backend=ultralytics
23:33:59  INFO     [RAMS] Controller stopped.
23:33:59  INFO     
--- Block 7/10  Policy: fixed_nano  Load: burst (100%) ---
23:33:59  INFO     [RAMS] Starting resource monitor ...
23:33:59  INFO     [RAMS] Loading model tiers ...
23:34:00  INFO     [RAMS] YOLOv8-nano ready — Ultralytics (imgsz=320).
23:34:00  INFO     [RAMS] YOLOv8-small ready — Ultralytics (imgsz=416).
23:34:01  INFO     [RAMS] YOLOv8-medium ready — Ultralytics (imgsz=640).
23:34:01  INFO     [RAMS] Controller ready. Policy: fixed
23:34:01  INFO     [RAMS] Tier switch: SMALL → NANO  (R=0.704)
23:34:02  INFO       [fixed_nano / burst] 20/200  tier=NANO    latency=20.4 ms  R=0.729  target=0.85  dets=1  vru=False  backend=ultralytics
23:34:02  INFO       [fixed_nano / burst] 40/200  tier=NANO    latency=17.5 ms  R=0.204  target=0.00  dets=0  vru=False  backend=ultralytics
23:34:03  INFO       [fixed_nano / burst] 60/200  tier=NANO    latency=20.4 ms  R=0.224  target=0.00  dets=3  vru=False  backend=ultralytics
23:34:04  INFO       [fixed_nano / burst] 80/200  tier=NANO    latency=20.0 ms  R=0.326  target=0.00  dets=3  vru=False  backend=ultralytics
23:34:04  INFO       [fixed_nano / burst] 100/200  tier=NANO    latency=22.5 ms  R=0.227  target=0.00  dets=12  vru=False  backend=ultralytics
23:34:05  INFO       [fixed_nano / burst] 120/200  tier=NANO    latency=19.0 ms  R=0.746  target=0.85  dets=1  vru=False  backend=ultralytics
23:34:06  INFO       [fixed_nano / burst] 140/200  tier=NANO    latency=20.7 ms  R=0.214  target=0.00  dets=2  vru=False  backend=ultralytics
23:34:07  INFO       [fixed_nano / burst] 160/200  tier=NANO    latency=17.8 ms  R=0.210  target=0.00  dets=0  vru=False  backend=ultralytics
23:34:07  INFO       [fixed_nano / burst] 180/200  tier=NANO    latency=19.3 ms  R=0.206  target=0.00  dets=3  vru=False  backend=ultralytics
23:34:08  INFO       [fixed_nano / burst] 200/200  tier=NANO    latency=19.6 ms  R=0.155  target=0.00  dets=5  vru=False  backend=ultralytics
23:34:08  INFO     [RAMS] Controller stopped.
23:34:08  INFO     
--- Block 7/10  Policy: fixed_medium  Load: burst (100%) ---
23:34:08  INFO     [RAMS] Starting resource monitor ...
23:34:08  INFO     [RAMS] Loading model tiers ...
23:34:09  INFO     [RAMS] YOLOv8-nano ready — Ultralytics (imgsz=320).
23:34:09  INFO     [RAMS] YOLOv8-small ready — Ultralytics (imgsz=416).
23:34:10  INFO     [RAMS] YOLOv8-medium ready — Ultralytics (imgsz=640).
23:34:10  INFO     [RAMS] Controller ready. Policy: fixed
23:34:10  INFO     [RAMS] Tier switch: SMALL → MEDIUM  (R=0.681)
23:34:11  INFO       [fixed_medium / burst] 20/200  tier=MEDIUM  latency=25.8 ms  R=0.760  target=0.85  dets=1  vru=False  backend=ultralytics
23:34:12  INFO       [fixed_medium / burst] 40/200  tier=MEDIUM  latency=26.0 ms  R=0.222  target=0.00  dets=6  vru=False  backend=ultralytics
23:34:13  INFO       [fixed_medium / burst] 60/200  tier=MEDIUM  latency=25.6 ms  R=0.142  target=0.00  dets=4  vru=True  backend=ultralytics
23:34:13  INFO       [fixed_medium / burst] 80/200  tier=MEDIUM  latency=25.7 ms  R=0.171  target=0.00  dets=5  vru=True  backend=ultralytics
23:34:14  INFO       [fixed_medium / burst] 100/200  tier=MEDIUM  latency=29.2 ms  R=0.177  target=0.00  dets=17  vru=False  backend=ultralytics
23:34:15  INFO       [fixed_medium / burst] 120/200  tier=MEDIUM  latency=25.3 ms  R=0.715  target=0.85  dets=3  vru=True  backend=ultralytics
23:34:16  INFO       [fixed_medium / burst] 140/200  tier=MEDIUM  latency=26.6 ms  R=0.171  target=0.00  dets=10  vru=True  backend=ultralytics
23:34:17  INFO       [fixed_medium / burst] 160/200  tier=MEDIUM  latency=25.2 ms  R=0.145  target=0.00  dets=1  vru=False  backend=ultralytics
23:34:18  INFO       [fixed_medium / burst] 180/200  tier=MEDIUM  latency=28.9 ms  R=0.183  target=0.00  dets=7  vru=False  backend=ultralytics
23:34:18  INFO       [fixed_medium / burst] 200/200  tier=MEDIUM  latency=26.0 ms  R=0.210  target=0.00  dets=7  vru=True  backend=ultralytics
23:34:18  INFO     [RAMS] Controller stopped.
23:34:19  INFO     
--- Block 7/10  Policy: fixed_small  Load: burst (100%) ---
23:34:19  INFO     [RAMS] Starting resource monitor ...
23:34:19  INFO     [RAMS] Loading model tiers ...
23:34:19  INFO     [RAMS] YOLOv8-nano ready — Ultralytics (imgsz=320).
23:34:19  INFO     [RAMS] YOLOv8-small ready — Ultralytics (imgsz=416).
23:34:20  INFO     [RAMS] YOLOv8-medium ready — Ultralytics (imgsz=640).
23:34:20  INFO     [RAMS] Controller ready. Policy: fixed
23:34:21  INFO       [fixed_small / burst] 20/200  tier=SMALL   latency=20.3 ms  R=0.725  target=0.85  dets=2  vru=False  backend=ultralytics
23:34:22  INFO       [fixed_small / burst] 40/200  tier=SMALL   latency=21.5 ms  R=0.144  target=0.00  dets=6  vru=False  backend=ultralytics
23:34:22  INFO       [fixed_small / burst] 60/200  tier=SMALL   latency=20.1 ms  R=0.132  target=0.00  dets=3  vru=False  backend=ultralytics
23:34:23  INFO       [fixed_small / burst] 80/200  tier=SMALL   latency=21.0 ms  R=0.159  target=0.00  dets=5  vru=False  backend=ultralytics
23:34:24  INFO       [fixed_small / burst] 100/200  tier=SMALL   latency=22.4 ms  R=0.263  target=0.00  dets=8  vru=False  backend=ultralytics
23:34:24  INFO       [fixed_small / burst] 120/200  tier=SMALL   latency=21.5 ms  R=0.744  target=0.85  dets=1  vru=False  backend=ultralytics
23:34:25  INFO       [fixed_small / burst] 140/200  tier=SMALL   latency=22.4 ms  R=0.258  target=0.00  dets=4  vru=True  backend=ultralytics
23:34:26  INFO       [fixed_small / burst] 160/200  tier=SMALL   latency=20.2 ms  R=0.227  target=0.00  dets=1  vru=False  backend=ultralytics
23:34:27  INFO       [fixed_small / burst] 180/200  tier=SMALL   latency=22.1 ms  R=0.314  target=0.00  dets=4  vru=False  backend=ultralytics
23:34:27  INFO       [fixed_small / burst] 200/200  tier=SMALL   latency=21.5 ms  R=0.203  target=0.00  dets=7  vru=True  backend=ultralytics
23:34:28  INFO     [RAMS] Controller stopped.
23:34:28  INFO     
--- Block 7/10  Policy: safety2  Load: burst (100%) ---
23:34:28  INFO     [RAMS] Starting resource monitor ...
23:34:28  INFO     [RAMS] Loading model tiers ...
23:34:28  INFO     [RAMS] YOLOv8-nano ready — Ultralytics (imgsz=320).
23:34:28  INFO     [RAMS] YOLOv8-small ready — Ultralytics (imgsz=416).
23:34:29  INFO     [RAMS] YOLOv8-medium ready — Ultralytics (imgsz=640).
23:34:29  INFO     [RAMS] Controller ready. Policy: safety2
23:34:29  INFO     [RAMS] Tier switch: SMALL → NANO  (R=0.697)
23:34:29  INFO     [RAMS] Tier switch: NANO → MEDIUM  (R=0.739)
23:34:30  INFO       [safety2 / burst] 20/200  tier=MEDIUM  latency=24.5 ms  R=0.807  target=0.85  dets=1  vru=False  backend=ultralytics
23:34:31  INFO       [safety2 / burst] 40/200  tier=MEDIUM  latency=26.2 ms  R=0.196  target=0.00  dets=6  vru=False  backend=ultralytics
23:34:31  INFO     [RAMS] Tier switch: MEDIUM → SMALL  (R=0.156)
23:34:31  INFO     [RAMS] Tier switch: SMALL → MEDIUM  (R=0.156)
23:34:32  INFO       [safety2 / burst] 60/200  tier=MEDIUM  latency=27.8 ms  R=0.200  target=0.00  dets=4  vru=True  backend=ultralytics
23:34:32  INFO       [safety2 / burst] 80/200  tier=MEDIUM  latency=25.5 ms  R=0.190  target=0.00  dets=5  vru=True  backend=ultralytics
23:34:33  INFO     [RAMS] Tier switch: MEDIUM → SMALL  (R=0.154)
23:34:33  INFO     [RAMS] Tier switch: SMALL → MEDIUM  (R=0.168)
23:34:33  INFO       [safety2 / burst] 100/200  tier=MEDIUM  latency=28.0 ms  R=0.141  target=0.00  dets=17  vru=False  backend=ultralytics
23:34:34  INFO     [RAMS] Tier switch: MEDIUM → NANO  (R=0.722)
23:34:34  INFO     [RAMS] Tier switch: NANO → MEDIUM  (R=0.741)
23:34:34  INFO       [safety2 / burst] 120/200  tier=MEDIUM  latency=26.2 ms  R=0.731  target=0.85  dets=3  vru=True  backend=ultralytics
23:34:35  INFO       [safety2 / burst] 140/200  tier=MEDIUM  latency=26.7 ms  R=0.186  target=0.00  dets=10  vru=True  backend=ultralytics
23:34:35  INFO     [RAMS] Tier switch: MEDIUM → SMALL  (R=0.230)
23:34:35  INFO     [RAMS] Tier switch: SMALL → MEDIUM  (R=0.230)
23:34:36  INFO     [RAMS] Tier switch: MEDIUM → SMALL  (R=0.159)
23:34:36  INFO       [safety2 / burst] 160/200  tier=SMALL   latency=19.8 ms  R=0.159  target=0.00  dets=1  vru=False  backend=ultralytics
23:34:36  INFO     [RAMS] Tier switch: SMALL → MEDIUM  (R=0.152)
23:34:37  INFO       [safety2 / burst] 180/200  tier=MEDIUM  latency=25.8 ms  R=0.225  target=0.00  dets=7  vru=False  backend=ultralytics
23:34:37  INFO     [RAMS] Tier switch: MEDIUM → SMALL  (R=0.150)
23:34:37  INFO     [RAMS] Tier switch: SMALL → MEDIUM  (R=0.165)
23:34:37  INFO       [safety2 / burst] 200/200  tier=MEDIUM  latency=26.0 ms  R=0.170  target=0.00  dets=7  vru=True  backend=ultralytics
23:34:38  INFO     [RAMS] Controller stopped.
23:34:38  INFO     
--- Block 7/10  Policy: threshold  Load: burst (100%) ---
23:34:38  INFO     [RAMS] Starting resource monitor ...
23:34:38  INFO     [RAMS] Loading model tiers ...
23:34:38  INFO     [RAMS] YOLOv8-nano ready — Ultralytics (imgsz=320).
23:34:38  INFO     [RAMS] YOLOv8-small ready — Ultralytics (imgsz=416).
23:34:39  INFO     [RAMS] YOLOv8-medium ready — Ultralytics (imgsz=640).
23:34:39  INFO     [RAMS] Controller ready. Policy: threshold
23:34:39  INFO     [RAMS] Tier switch: SMALL → NANO  (R=0.692)
23:34:40  INFO       [threshold / burst] 20/200  tier=NANO    latency=18.9 ms  R=0.740  target=0.85  dets=1  vru=False  backend=ultralytics
23:34:40  INFO     [RAMS] Tier switch: NANO → MEDIUM  (R=0.097)
23:34:40  INFO     [RAMS] Tier switch: MEDIUM → SMALL  (R=0.146)
23:34:40  INFO     [RAMS] Tier switch: SMALL → MEDIUM  (R=0.134)
23:34:41  INFO       [threshold / burst] 40/200  tier=MEDIUM  latency=26.3 ms  R=0.133  target=0.00  dets=6  vru=False  backend=ultralytics
23:34:41  INFO     [RAMS] Tier switch: MEDIUM → SMALL  (R=0.167)
23:34:41  INFO     [RAMS] Tier switch: SMALL → MEDIUM  (R=0.131)
23:34:41  INFO     [RAMS] Tier switch: MEDIUM → SMALL  (R=0.165)
23:34:41  INFO       [threshold / burst] 60/200  tier=SMALL   latency=19.7 ms  R=0.227  target=0.00  dets=3  vru=False  backend=ultralytics
23:34:42  INFO     [RAMS] Tier switch: SMALL → MEDIUM  (R=0.136)
23:34:42  INFO       [threshold / burst] 80/200  tier=MEDIUM  latency=25.8 ms  R=0.175  target=0.00  dets=5  vru=True  backend=ultralytics
23:34:42  INFO     [RAMS] Tier switch: MEDIUM → SMALL  (R=0.192)
23:34:43  INFO     [RAMS] Tier switch: SMALL → MEDIUM  (R=0.139)
23:34:43  INFO       [threshold / burst] 100/200  tier=MEDIUM  latency=27.8 ms  R=0.237  target=0.00  dets=17  vru=False  backend=ultralytics
23:34:43  INFO     [RAMS] Tier switch: MEDIUM → NANO  (R=0.662)
23:34:44  INFO       [threshold / burst] 120/200  tier=NANO    latency=27.7 ms  R=0.729  target=0.85  dets=1  vru=False  backend=ultralytics
23:34:44  INFO     [RAMS] Tier switch: NANO → MEDIUM  (R=0.119)
23:34:44  INFO     [RAMS] Tier switch: MEDIUM → SMALL  (R=0.176)
23:34:45  INFO       [threshold / burst] 140/200  tier=SMALL   latency=20.8 ms  R=0.312  target=0.00  dets=4  vru=True  backend=ultralytics
23:34:45  INFO       [threshold / burst] 160/200  tier=SMALL   latency=20.9 ms  R=0.225  target=0.00  dets=1  vru=False  backend=ultralytics
23:34:46  INFO       [threshold / burst] 180/200  tier=SMALL   latency=20.7 ms  R=0.203  target=0.00  dets=4  vru=False  backend=ultralytics
23:34:47  INFO       [threshold / burst] 200/200  tier=SMALL   latency=21.5 ms  R=0.258  target=0.00  dets=7  vru=True  backend=ultralytics
23:34:47  INFO     [RAMS] Controller stopped.
23:34:47  INFO     
--- Block 7/10  Policy: predictive  Load: burst (100%) ---
23:34:47  INFO     [RAMS] Starting resource monitor ...
23:34:47  INFO     [RAMS] Loading model tiers ...
23:34:47  INFO     [RAMS] YOLOv8-nano ready — Ultralytics (imgsz=320).
23:34:47  INFO     [RAMS] YOLOv8-small ready — Ultralytics (imgsz=416).
23:34:48  INFO     [RAMS] YOLOv8-medium ready — Ultralytics (imgsz=640).
23:34:48  INFO     [RAMS] Controller ready. Policy: predictive
23:34:48  INFO     [RAMS] Tier switch: SMALL → NANO  (R=0.751)
23:34:49  INFO       [predictive / burst] 20/200  tier=NANO    latency=22.6 ms  R=0.748  target=0.85  dets=1  vru=False  backend=ultralytics
23:34:49  INFO     [RAMS] Tier switch: NANO → SMALL  (R=0.128)
23:34:50  INFO       [predictive / burst] 40/200  tier=SMALL   latency=20.8 ms  R=0.236  target=0.00  dets=6  vru=False  backend=ultralytics
23:34:50  INFO       [predictive / burst] 60/200  tier=SMALL   latency=19.9 ms  R=0.134  target=0.00  dets=3  vru=False  backend=ultralytics
23:34:51  INFO     [RAMS] Tier switch: SMALL → MEDIUM  (R=0.134)
23:34:51  INFO     [RAMS] Tier switch: MEDIUM → SMALL  (R=0.227)
23:34:51  INFO     [RAMS] Tier switch: SMALL → MEDIUM  (R=0.131)
23:34:51  INFO     [RAMS] Tier switch: MEDIUM → SMALL  (R=0.158)
23:34:51  INFO       [predictive / burst] 80/200  tier=SMALL   latency=20.2 ms  R=0.153  target=0.00  dets=5  vru=False  backend=ultralytics
23:34:52  INFO     [RAMS] Tier switch: SMALL → MEDIUM  (R=0.136)
23:34:52  INFO     [RAMS] Tier switch: MEDIUM → SMALL  (R=0.221)
23:34:52  INFO       [predictive / burst] 100/200  tier=SMALL   latency=21.8 ms  R=0.169  target=0.00  dets=8  vru=False  backend=ultralytics
23:34:52  INFO     [RAMS] Tier switch: SMALL → NANO  (R=0.656)
23:34:53  INFO       [predictive / burst] 120/200  tier=NANO    latency=19.0 ms  R=0.734  target=0.85  dets=1  vru=False  backend=ultralytics
23:34:53  INFO     [RAMS] Tier switch: NANO → SMALL  (R=0.090)
23:34:53  INFO     [RAMS] Tier switch: SMALL → MEDIUM  (R=0.128)
23:34:53  INFO     [RAMS] Tier switch: MEDIUM → SMALL  (R=0.169)
23:34:54  INFO       [predictive / burst] 140/200  tier=SMALL   latency=21.2 ms  R=0.138  target=0.00  dets=4  vru=True  backend=ultralytics
23:34:54  INFO     [RAMS] Tier switch: SMALL → MEDIUM  (R=0.138)
23:34:54  INFO     [RAMS] Tier switch: MEDIUM → SMALL  (R=0.229)
23:34:54  INFO       [predictive / burst] 160/200  tier=SMALL   latency=20.8 ms  R=0.156  target=0.00  dets=1  vru=False  backend=ultralytics
23:34:54  INFO     [RAMS] Tier switch: SMALL → MEDIUM  (R=0.132)
23:34:54  INFO     [RAMS] Tier switch: MEDIUM → SMALL  (R=0.168)
23:34:55  INFO     [RAMS] Tier switch: SMALL → MEDIUM  (R=0.128)
23:34:55  INFO     [RAMS] Tier switch: MEDIUM → SMALL  (R=0.239)
23:34:55  INFO       [predictive / burst] 180/200  tier=SMALL   latency=21.5 ms  R=0.142  target=0.00  dets=4  vru=False  backend=ultralytics
23:34:55  INFO     [RAMS] Tier switch: SMALL → MEDIUM  (R=0.127)
23:34:55  INFO     [RAMS] Tier switch: MEDIUM → SMALL  (R=0.190)
23:34:56  INFO     [RAMS] Tier switch: SMALL → MEDIUM  (R=0.132)
23:34:56  INFO       [predictive / burst] 200/200  tier=MEDIUM  latency=26.4 ms  R=0.132  target=0.00  dets=7  vru=True  backend=ultralytics
23:34:56  INFO     [RAMS] Controller stopped.
23:34:56  INFO     
--- Block 7/10  Policy: safety  Load: burst (100%) ---
23:34:56  INFO     [RAMS] Starting resource monitor ...
23:34:56  INFO     [RAMS] Loading model tiers ...
23:34:56  INFO     [RAMS] YOLOv8-nano ready — Ultralytics (imgsz=320).
23:34:56  INFO     [RAMS] YOLOv8-small ready — Ultralytics (imgsz=416).
23:34:57  INFO     [RAMS] YOLOv8-medium ready — Ultralytics (imgsz=640).
23:34:57  INFO     [RAMS] Controller ready. Policy: safety
23:34:58  INFO     [RAMS] Tier switch: SMALL → NANO  (R=0.692)
23:34:58  INFO     [RAMS] Tier switch: NANO → SMALL  (R=0.733)
23:34:58  INFO       [safety / burst] 20/200  tier=SMALL   latency=19.8 ms  R=0.736  target=0.85  dets=2  vru=False  backend=ultralytics
23:34:58  INFO     [RAMS] Tier switch: SMALL → MEDIUM  (R=0.085)
23:34:59  INFO     [RAMS] Tier switch: MEDIUM → SMALL  (R=0.209)
23:34:59  INFO     [RAMS] Tier switch: SMALL → MEDIUM  (R=0.134)
23:34:59  INFO     [RAMS] Tier switch: MEDIUM → SMALL  (R=0.155)
23:34:59  INFO       [safety / burst] 40/200  tier=SMALL   latency=20.8 ms  R=0.150  target=0.00  dets=6  vru=False  backend=ultralytics
23:34:59  INFO     [RAMS] Tier switch: SMALL → MEDIUM  (R=0.134)
23:35:00  INFO     [RAMS] Tier switch: MEDIUM → SMALL  (R=0.226)
23:35:00  INFO       [safety / burst] 60/200  tier=SMALL   latency=20.1 ms  R=0.229  target=0.00  dets=3  vru=False  backend=ultralytics
23:35:00  INFO     [RAMS] Tier switch: SMALL → MEDIUM  (R=0.127)
23:35:00  INFO     [RAMS] Tier switch: MEDIUM → SMALL  (R=0.150)
23:35:00  INFO     [RAMS] Tier switch: SMALL → MEDIUM  (R=0.139)
23:35:01  INFO       [safety / burst] 80/200  tier=MEDIUM  latency=25.3 ms  R=0.162  target=0.00  dets=5  vru=True  backend=ultralytics
23:35:01  INFO     [RAMS] Tier switch: MEDIUM → SMALL  (R=0.162)
23:35:01  INFO       [safety / burst] 100/200  tier=SMALL   latency=21.7 ms  R=0.154  target=0.00  dets=8  vru=False  backend=ultralytics
23:35:02  INFO       [safety / burst] 120/200  tier=SMALL   latency=22.7 ms  R=0.719  target=0.85  dets=1  vru=False  backend=ultralytics
23:35:02  INFO     [RAMS] Tier switch: SMALL → MEDIUM  (R=0.067)
23:35:02  INFO     [RAMS] Tier switch: MEDIUM → SMALL  (R=0.236)
23:35:03  INFO     [RAMS] Tier switch: SMALL → MEDIUM  (R=0.141)
23:35:03  INFO     [RAMS] Tier switch: MEDIUM → SMALL  (R=0.257)
23:35:03  INFO       [safety / burst] 140/200  tier=SMALL   latency=21.6 ms  R=0.151  target=0.00  dets=4  vru=True  backend=ultralytics
23:35:03  INFO     [RAMS] Tier switch: SMALL → MEDIUM  (R=0.140)
23:35:04  INFO     [RAMS] Tier switch: MEDIUM → SMALL  (R=0.219)
23:35:04  INFO       [safety / burst] 160/200  tier=SMALL   latency=19.9 ms  R=0.218  target=0.00  dets=1  vru=False  backend=ultralytics
23:35:04  INFO     [RAMS] Tier switch: SMALL → MEDIUM  (R=0.143)
23:35:04  INFO       [safety / burst] 180/200  tier=MEDIUM  latency=25.9 ms  R=0.132  target=0.00  dets=7  vru=False  backend=ultralytics
23:35:04  INFO     [RAMS] Tier switch: MEDIUM → SMALL  (R=0.156)
23:35:05  INFO     [RAMS] Tier switch: SMALL → MEDIUM  (R=0.143)
23:35:05  INFO       [safety / burst] 200/200  tier=MEDIUM  latency=25.9 ms  R=0.136  target=0.00  dets=7  vru=True  backend=ultralytics
23:35:05  INFO     [RAMS] Controller stopped.
23:35:05  INFO     
--- Block 8/10  Policy: fixed_small  Load: burst (100%) ---
23:35:05  INFO     [RAMS] Starting resource monitor ...
23:35:05  INFO     [RAMS] Loading model tiers ...
23:35:05  INFO     [RAMS] YOLOv8-nano ready — Ultralytics (imgsz=320).
23:35:06  INFO     [RAMS] YOLOv8-small ready — Ultralytics (imgsz=416).
23:35:07  INFO     [RAMS] YOLOv8-medium ready — Ultralytics (imgsz=640).
23:35:07  INFO     [RAMS] Controller ready. Policy: fixed
23:35:07  INFO       [fixed_small / burst] 20/200  tier=SMALL   latency=21.9 ms  R=0.747  target=0.85  dets=2  vru=False  backend=ultralytics
23:35:08  INFO       [fixed_small / burst] 40/200  tier=SMALL   latency=21.2 ms  R=0.271  target=0.00  dets=5  vru=False  backend=ultralytics
23:35:09  INFO       [fixed_small / burst] 60/200  tier=SMALL   latency=21.1 ms  R=0.246  target=0.00  dets=5  vru=False  backend=ultralytics
23:35:10  INFO       [fixed_small / burst] 80/200  tier=SMALL   latency=20.9 ms  R=0.301  target=0.00  dets=5  vru=False  backend=ultralytics
23:35:10  INFO       [fixed_small / burst] 100/200  tier=SMALL   latency=22.1 ms  R=0.249  target=0.00  dets=10  vru=False  backend=ultralytics
23:35:11  INFO       [fixed_small / burst] 120/200  tier=SMALL   latency=21.9 ms  R=0.761  target=0.85  dets=0  vru=False  backend=ultralytics
23:35:12  INFO       [fixed_small / burst] 140/200  tier=SMALL   latency=19.7 ms  R=0.154  target=0.00  dets=1  vru=False  backend=ultralytics
23:35:13  INFO       [fixed_small / burst] 160/200  tier=SMALL   latency=19.9 ms  R=0.134  target=0.00  dets=1  vru=False  backend=ultralytics
23:35:14  INFO       [fixed_small / burst] 180/200  tier=SMALL   latency=22.2 ms  R=0.143  target=0.00  dets=4  vru=False  backend=ultralytics
23:35:14  INFO       [fixed_small / burst] 200/200  tier=SMALL   latency=22.0 ms  R=0.139  target=0.00  dets=13  vru=True  backend=ultralytics
23:35:14  INFO     [RAMS] Controller stopped.
23:35:14  INFO     
--- Block 8/10  Policy: safety  Load: burst (100%) ---
23:35:14  INFO     [RAMS] Starting resource monitor ...
23:35:14  INFO     [RAMS] Loading model tiers ...
23:35:15  INFO     [RAMS] YOLOv8-nano ready — Ultralytics (imgsz=320).
23:35:15  INFO     [RAMS] YOLOv8-small ready — Ultralytics (imgsz=416).
23:35:16  INFO     [RAMS] YOLOv8-medium ready — Ultralytics (imgsz=640).
23:35:16  INFO     [RAMS] Controller ready. Policy: safety
23:35:16  INFO     [RAMS] Tier switch: SMALL → NANO  (R=0.687)
23:35:16  INFO     [RAMS] Tier switch: NANO → SMALL  (R=0.725)
23:35:17  INFO       [safety / burst] 20/200  tier=SMALL   latency=23.5 ms  R=0.754  target=0.85  dets=2  vru=False  backend=ultralytics
23:35:17  INFO     [RAMS] Tier switch: SMALL → MEDIUM  (R=0.067)
23:35:17  INFO     [RAMS] Tier switch: MEDIUM → SMALL  (R=0.218)
23:35:17  INFO     [RAMS] Tier switch: SMALL → MEDIUM  (R=0.132)
23:35:17  INFO     [RAMS] Tier switch: MEDIUM → SMALL  (R=0.146)
23:35:18  INFO       [safety / burst] 40/200  tier=SMALL   latency=23.5 ms  R=0.166  target=0.00  dets=5  vru=False  backend=ultralytics
23:35:18  INFO     [RAMS] Tier switch: SMALL → MEDIUM  (R=0.135)
23:35:18  INFO     [RAMS] Tier switch: MEDIUM → SMALL  (R=0.224)
23:35:18  INFO       [safety / burst] 60/200  tier=SMALL   latency=22.0 ms  R=0.151  target=0.00  dets=5  vru=False  backend=ultralytics
23:35:18  INFO     [RAMS] Tier switch: SMALL → MEDIUM  (R=0.137)
23:35:19  INFO     [RAMS] Tier switch: MEDIUM → SMALL  (R=0.292)
23:35:19  INFO     [RAMS] Tier switch: SMALL → MEDIUM  (R=0.139)
23:35:19  INFO       [safety / burst] 80/200  tier=MEDIUM  latency=26.8 ms  R=0.152  target=0.00  dets=6  vru=False  backend=ultralytics
23:35:19  INFO     [RAMS] Tier switch: MEDIUM → SMALL  (R=0.218)
23:35:20  INFO       [safety / burst] 100/200  tier=SMALL   latency=22.2 ms  R=0.226  target=0.00  dets=10  vru=False  backend=ultralytics
23:35:21  INFO       [safety / burst] 120/200  tier=SMALL   latency=19.2 ms  R=0.753  target=0.85  dets=0  vru=False  backend=ultralytics
23:35:21  INFO     [RAMS] Tier switch: SMALL → MEDIUM  (R=0.074)
23:35:21  INFO     [RAMS] Tier switch: MEDIUM → SMALL  (R=0.224)
23:35:21  INFO     [RAMS] Tier switch: SMALL → MEDIUM  (R=0.140)
23:35:21  INFO     [RAMS] Tier switch: MEDIUM → SMALL  (R=0.152)
23:35:22  INFO       [safety / burst] 140/200  tier=SMALL   latency=19.7 ms  R=0.158  target=0.00  dets=1  vru=False  backend=ultralytics
23:35:22  INFO     [RAMS] Tier switch: SMALL → MEDIUM  (R=0.142)
23:35:22  INFO     [RAMS] Tier switch: MEDIUM → SMALL  (R=0.169)
23:35:22  INFO     [RAMS] Tier switch: SMALL → MEDIUM  (R=0.137)
23:35:22  INFO       [safety / burst] 160/200  tier=MEDIUM  latency=25.8 ms  R=0.163  target=0.00  dets=6  vru=False  backend=ultralytics
23:35:22  INFO     [RAMS] Tier switch: MEDIUM → SMALL  (R=0.196)
23:35:23  INFO       [safety / burst] 180/200  tier=SMALL   latency=21.2 ms  R=0.161  target=0.00  dets=4  vru=False  backend=ultralytics
23:35:24  INFO       [safety / burst] 200/200  tier=SMALL   latency=22.1 ms  R=0.144  target=0.00  dets=13  vru=True  backend=ultralytics
23:35:24  INFO     [RAMS] Controller stopped.
23:35:24  INFO     
--- Block 8/10  Policy: threshold  Load: burst (100%) ---
23:35:24  INFO     [RAMS] Starting resource monitor ...
23:35:24  INFO     [RAMS] Loading model tiers ...
23:35:24  INFO     [RAMS] YOLOv8-nano ready — Ultralytics (imgsz=320).
23:35:24  INFO     [RAMS] YOLOv8-small ready — Ultralytics (imgsz=416).
23:35:25  INFO     [RAMS] YOLOv8-medium ready — Ultralytics (imgsz=640).
23:35:25  INFO     [RAMS] Controller ready. Policy: threshold
23:35:25  INFO     [RAMS] Tier switch: SMALL → NANO  (R=0.685)
23:35:26  INFO       [threshold / burst] 20/200  tier=NANO    latency=17.3 ms  R=0.721  target=0.85  dets=0  vru=False  backend=ultralytics
23:35:26  INFO     [RAMS] Tier switch: NANO → MEDIUM  (R=0.102)
23:35:26  INFO     [RAMS] Tier switch: MEDIUM → SMALL  (R=0.245)
23:35:27  INFO     [RAMS] Tier switch: SMALL → MEDIUM  (R=0.136)
23:35:27  INFO     [RAMS] Tier switch: MEDIUM → SMALL  (R=0.152)
23:35:27  INFO       [threshold / burst] 40/200  tier=SMALL   latency=22.5 ms  R=0.201  target=0.00  dets=5  vru=False  backend=ultralytics
23:35:27  INFO       [threshold / burst] 60/200  tier=SMALL   latency=20.8 ms  R=0.210  target=0.00  dets=5  vru=False  backend=ultralytics
23:35:28  INFO       [threshold / burst] 80/200  tier=SMALL   latency=22.1 ms  R=0.263  target=0.00  dets=5  vru=False  backend=ultralytics
23:35:29  INFO       [threshold / burst] 100/200  tier=SMALL   latency=23.1 ms  R=0.264  target=0.00  dets=10  vru=False  backend=ultralytics
23:35:29  INFO     [RAMS] Tier switch: SMALL → NANO  (R=0.716)
23:35:30  INFO       [threshold / burst] 120/200  tier=NANO    latency=17.9 ms  R=0.763  target=0.85  dets=0  vru=False  backend=ultralytics
23:35:30  INFO     [RAMS] Tier switch: NANO → SMALL  (R=0.156)
23:35:31  INFO       [threshold / burst] 140/200  tier=SMALL   latency=22.7 ms  R=0.213  target=0.00  dets=1  vru=False  backend=ultralytics
23:35:31  INFO       [threshold / burst] 160/200  tier=SMALL   latency=20.6 ms  R=0.240  target=0.00  dets=1  vru=False  backend=ultralytics
23:35:32  INFO       [threshold / burst] 180/200  tier=SMALL   latency=20.7 ms  R=0.207  target=0.00  dets=4  vru=False  backend=ultralytics
23:35:33  INFO       [threshold / burst] 200/200  tier=SMALL   latency=23.6 ms  R=0.238  target=0.00  dets=13  vru=True  backend=ultralytics
23:35:33  INFO     [RAMS] Controller stopped.
23:35:33  INFO     
--- Block 8/10  Policy: safety2  Load: burst (100%) ---
23:35:33  INFO     [RAMS] Starting resource monitor ...
23:35:33  INFO     [RAMS] Loading model tiers ...
23:35:33  INFO     [RAMS] YOLOv8-nano ready — Ultralytics (imgsz=320).
23:35:33  INFO     [RAMS] YOLOv8-small ready — Ultralytics (imgsz=416).
23:35:34  INFO     [RAMS] YOLOv8-medium ready — Ultralytics (imgsz=640).
23:35:34  INFO     [RAMS] Controller ready. Policy: safety2
23:35:34  INFO     [RAMS] Tier switch: SMALL → NANO  (R=0.687)
23:35:34  INFO     [RAMS] Tier switch: NANO → MEDIUM  (R=0.719)
23:35:35  INFO       [safety2 / burst] 20/200  tier=MEDIUM  latency=25.2 ms  R=0.765  target=0.85  dets=4  vru=True  backend=ultralytics
23:35:36  INFO     [RAMS] Tier switch: MEDIUM → SMALL  (R=0.177)
23:35:36  INFO     [RAMS] Tier switch: SMALL → MEDIUM  (R=0.140)
23:35:36  INFO       [safety2 / burst] 40/200  tier=MEDIUM  latency=27.8 ms  R=0.159  target=0.00  dets=8  vru=False  backend=ultralytics
23:35:36  INFO     [RAMS] Tier switch: MEDIUM → SMALL  (R=0.159)
23:35:36  INFO     [RAMS] Tier switch: SMALL → MEDIUM  (R=0.157)
23:35:37  INFO       [safety2 / burst] 60/200  tier=MEDIUM  latency=27.2 ms  R=0.297  target=0.00  dets=11  vru=True  backend=ultralytics
23:35:37  INFO     [RAMS] Tier switch: MEDIUM → SMALL  (R=0.196)
23:35:37  INFO       [safety2 / burst] 80/200  tier=SMALL   latency=20.5 ms  R=0.196  target=0.00  dets=5  vru=False  backend=ultralytics
23:35:38  INFO     [RAMS] Tier switch: SMALL → MEDIUM  (R=0.139)
23:35:38  INFO       [safety2 / burst] 100/200  tier=MEDIUM  latency=26.4 ms  R=0.242  target=0.00  dets=10  vru=False  backend=ultralytics
23:35:38  INFO     [RAMS] Tier switch: MEDIUM → SMALL  (R=0.668)
23:35:39  INFO     [RAMS] Tier switch: SMALL → MEDIUM  (R=0.737)
23:35:39  INFO       [safety2 / burst] 120/200  tier=MEDIUM  latency=26.2 ms  R=0.746  target=0.85  dets=3  vru=False  backend=ultralytics
23:35:40  INFO     [RAMS] Tier switch: MEDIUM → SMALL  (R=0.225)
23:35:40  INFO     [RAMS] Tier switch: SMALL → MEDIUM  (R=0.130)
23:35:40  INFO     [RAMS] Tier switch: MEDIUM → SMALL  (R=0.149)
23:35:40  INFO     [RAMS] Tier switch: SMALL → MEDIUM  (R=0.164)
23:35:40  INFO       [safety2 / burst] 140/200  tier=MEDIUM  latency=24.7 ms  R=0.164  target=0.00  dets=1  vru=False  backend=ultralytics
23:35:41  INFO     [RAMS] Tier switch: MEDIUM → SMALL  (R=0.260)
23:35:41  INFO       [safety2 / burst] 160/200  tier=SMALL   latency=20.7 ms  R=0.260  target=0.00  dets=1  vru=False  backend=ultralytics
23:35:41  INFO     [RAMS] Tier switch: SMALL → MEDIUM  (R=0.143)
23:35:42  INFO       [safety2 / burst] 180/200  tier=MEDIUM  latency=25.3 ms  R=0.206  target=0.00  dets=5  vru=False  backend=ultralytics
23:35:42  INFO       [safety2 / burst] 200/200  tier=MEDIUM  latency=28.9 ms  R=0.199  target=0.00  dets=16  vru=False  backend=ultralytics
23:35:43  INFO     [RAMS] Controller stopped.
23:35:43  INFO     
--- Block 8/10  Policy: fixed_nano  Load: burst (100%) ---
23:35:43  INFO     [RAMS] Starting resource monitor ...
23:35:43  INFO     [RAMS] Loading model tiers ...
23:35:43  INFO     [RAMS] YOLOv8-nano ready — Ultralytics (imgsz=320).
23:35:43  INFO     [RAMS] YOLOv8-small ready — Ultralytics (imgsz=416).
23:35:44  INFO     [RAMS] YOLOv8-medium ready — Ultralytics (imgsz=640).
23:35:44  INFO     [RAMS] Controller ready. Policy: fixed
23:35:44  INFO     [RAMS] Tier switch: SMALL → NANO  (R=0.704)
23:35:45  INFO       [fixed_nano / burst] 20/200  tier=NANO    latency=17.5 ms  R=0.720  target=0.85  dets=0  vru=False  backend=ultralytics
23:35:46  INFO       [fixed_nano / burst] 40/200  tier=NANO    latency=19.4 ms  R=0.248  target=0.00  dets=3  vru=False  backend=ultralytics
23:35:46  INFO       [fixed_nano / burst] 60/200  tier=NANO    latency=19.3 ms  R=0.148  target=0.00  dets=2  vru=False  backend=ultralytics
23:35:47  INFO       [fixed_nano / burst] 80/200  tier=NANO    latency=21.1 ms  R=0.142  target=0.00  dets=5  vru=False  backend=ultralytics
23:35:48  INFO       [fixed_nano / burst] 100/200  tier=NANO    latency=20.8 ms  R=0.279  target=0.00  dets=7  vru=False  backend=ultralytics
23:35:49  INFO       [fixed_nano / burst] 120/200  tier=NANO    latency=18.1 ms  R=0.739  target=0.85  dets=0  vru=False  backend=ultralytics
23:35:50  INFO       [fixed_nano / burst] 140/200  tier=NANO    latency=19.5 ms  R=0.329  target=0.00  dets=1  vru=False  backend=ultralytics
23:35:50  INFO       [fixed_nano / burst] 160/200  tier=NANO    latency=19.6 ms  R=0.213  target=0.00  dets=1  vru=False  backend=ultralytics
23:35:51  INFO       [fixed_nano / burst] 180/200  tier=NANO    latency=19.5 ms  R=0.217  target=0.00  dets=1  vru=False  backend=ultralytics
23:35:52  INFO       [fixed_nano / burst] 200/200  tier=NANO    latency=21.7 ms  R=0.230  target=0.00  dets=12  vru=False  backend=ultralytics
23:35:52  INFO     [RAMS] Controller stopped.
23:35:52  INFO     
--- Block 8/10  Policy: fixed_medium  Load: burst (100%) ---
23:35:52  INFO     [RAMS] Starting resource monitor ...
23:35:52  INFO     [RAMS] Loading model tiers ...
23:35:52  INFO     [RAMS] YOLOv8-nano ready — Ultralytics (imgsz=320).
23:35:52  INFO     [RAMS] YOLOv8-small ready — Ultralytics (imgsz=416).
23:35:53  INFO     [RAMS] YOLOv8-medium ready — Ultralytics (imgsz=640).
23:35:53  INFO     [RAMS] Controller ready. Policy: fixed
23:35:53  INFO     [RAMS] Tier switch: SMALL → MEDIUM  (R=0.758)
23:35:54  INFO       [fixed_medium / burst] 20/200  tier=MEDIUM  latency=25.7 ms  R=0.725  target=0.85  dets=4  vru=True  backend=ultralytics
23:35:55  INFO       [fixed_medium / burst] 40/200  tier=MEDIUM  latency=26.3 ms  R=0.139  target=0.00  dets=8  vru=False  backend=ultralytics
23:35:56  INFO       [fixed_medium / burst] 60/200  tier=MEDIUM  latency=26.8 ms  R=0.211  target=0.00  dets=11  vru=True  backend=ultralytics
23:35:57  INFO       [fixed_medium / burst] 80/200  tier=MEDIUM  latency=27.2 ms  R=0.290  target=0.00  dets=6  vru=False  backend=ultralytics
23:35:58  INFO       [fixed_medium / burst] 100/200  tier=MEDIUM  latency=27.8 ms  R=0.128  target=0.00  dets=10  vru=False  backend=ultralytics
23:35:59  INFO       [fixed_medium / burst] 120/200  tier=MEDIUM  latency=28.4 ms  R=0.767  target=0.85  dets=3  vru=False  backend=ultralytics
23:36:00  INFO       [fixed_medium / burst] 140/200  tier=MEDIUM  latency=24.8 ms  R=0.157  target=0.00  dets=1  vru=False  backend=ultralytics
23:36:00  INFO       [fixed_medium / burst] 160/200  tier=MEDIUM  latency=27.8 ms  R=0.204  target=0.00  dets=6  vru=False  backend=ultralytics
23:36:01  INFO       [fixed_medium / burst] 180/200  tier=MEDIUM  latency=25.6 ms  R=0.193  target=0.00  dets=5  vru=False  backend=ultralytics
23:36:02  INFO       [fixed_medium / burst] 200/200  tier=MEDIUM  latency=28.5 ms  R=0.217  target=0.00  dets=16  vru=False  backend=ultralytics
23:36:02  INFO     [RAMS] Controller stopped.
23:36:02  INFO     
--- Block 8/10  Policy: predictive  Load: burst (100%) ---
23:36:02  INFO     [RAMS] Starting resource monitor ...
23:36:02  INFO     [RAMS] Loading model tiers ...
23:36:02  INFO     [RAMS] YOLOv8-nano ready — Ultralytics (imgsz=320).
23:36:03  INFO     [RAMS] YOLOv8-small ready — Ultralytics (imgsz=416).
23:36:03  INFO     [RAMS] YOLOv8-medium ready — Ultralytics (imgsz=640).
23:36:03  INFO     [RAMS] Controller ready. Policy: predictive
23:36:04  INFO     [RAMS] Tier switch: SMALL → NANO  (R=0.692)
23:36:04  INFO       [predictive / burst] 20/200  tier=NANO    latency=17.5 ms  R=0.736  target=0.85  dets=0  vru=False  backend=ultralytics
23:36:05  INFO     [RAMS] Tier switch: NANO → SMALL  (R=0.062)
23:36:05  INFO     [RAMS] Tier switch: SMALL → MEDIUM  (R=0.128)
23:36:05  INFO       [predictive / burst] 40/200  tier=MEDIUM  latency=26.2 ms  R=0.128  target=0.00  dets=8  vru=False  backend=ultralytics
23:36:05  INFO     [RAMS] Tier switch: MEDIUM → SMALL  (R=0.194)
23:36:06  INFO       [predictive / burst] 60/200  tier=SMALL   latency=20.8 ms  R=0.176  target=0.00  dets=5  vru=False  backend=ultralytics
23:36:06  INFO     [RAMS] Tier switch: SMALL → MEDIUM  (R=0.131)
23:36:06  INFO     [RAMS] Tier switch: MEDIUM → SMALL  (R=0.161)
23:36:06  INFO     [RAMS] Tier switch: SMALL → MEDIUM  (R=0.136)
23:36:06  INFO     [RAMS] Tier switch: MEDIUM → SMALL  (R=0.150)
23:36:06  INFO     [RAMS] Tier switch: SMALL → MEDIUM  (R=0.121)
23:36:06  INFO     [RAMS] Tier switch: MEDIUM → SMALL  (R=0.215)
23:36:07  INFO       [predictive / burst] 80/200  tier=SMALL   latency=20.6 ms  R=0.150  target=0.00  dets=5  vru=False  backend=ultralytics
23:36:07  INFO     [RAMS] Tier switch: SMALL → MEDIUM  (R=0.138)
23:36:07  INFO       [predictive / burst] 100/200  tier=MEDIUM  latency=28.1 ms  R=0.133  target=0.00  dets=10  vru=False  backend=ultralytics
23:36:07  INFO     [RAMS] Tier switch: MEDIUM → SMALL  (R=0.657)
23:36:08  INFO     [RAMS] Tier switch: SMALL → NANO  (R=0.697)
23:36:08  INFO       [predictive / burst] 120/200  tier=NANO    latency=20.8 ms  R=0.729  target=0.85  dets=0  vru=False  backend=ultralytics
23:36:08  INFO     [RAMS] Tier switch: NANO → SMALL  (R=0.085)
23:36:09  INFO       [predictive / burst] 140/200  tier=SMALL   latency=19.6 ms  R=0.144  target=0.00  dets=1  vru=False  backend=ultralytics
23:36:09  INFO     [RAMS] Tier switch: SMALL → MEDIUM  (R=0.134)
23:36:09  INFO     [RAMS] Tier switch: MEDIUM → SMALL  (R=0.182)
23:36:10  INFO       [predictive / burst] 160/200  tier=SMALL   latency=20.3 ms  R=0.302  target=0.00  dets=1  vru=False  backend=ultralytics
23:36:10  INFO       [predictive / burst] 180/200  tier=SMALL   latency=21.4 ms  R=0.220  target=0.00  dets=4  vru=False  backend=ultralytics
23:36:11  INFO       [predictive / burst] 200/200  tier=SMALL   latency=23.5 ms  R=0.230  target=0.00  dets=13  vru=True  backend=ultralytics
23:36:11  INFO     [RAMS] Controller stopped.
23:36:11  INFO     
--- Block 8/10  Policy: adaptive  Load: burst (100%) ---
23:36:11  INFO     [RAMS] Starting resource monitor ...
23:36:11  INFO     [RAMS] Loading model tiers ...
23:36:11  INFO     [RAMS] YOLOv8-nano ready — Ultralytics (imgsz=320).
23:36:12  INFO     [RAMS] YOLOv8-small ready — Ultralytics (imgsz=416).
23:36:12  INFO     [RAMS] YOLOv8-medium ready — Ultralytics (imgsz=640).
23:36:12  INFO     [RAMS] Controller ready. Policy: adaptive
23:36:13  INFO     [RAMS] Tier switch: SMALL → NANO  (R=0.757)
23:36:13  INFO       [adaptive / burst] 20/200  tier=NANO    latency=17.9 ms  R=0.760  target=0.85  dets=0  vru=False  backend=ultralytics
23:36:14  INFO     [RAMS] Tier switch: NANO → SMALL  (R=0.176)
23:36:14  INFO       [adaptive / burst] 40/200  tier=SMALL   latency=21.0 ms  R=0.239  target=0.00  dets=5  vru=False  backend=ultralytics
23:36:15  INFO       [adaptive / burst] 60/200  tier=SMALL   latency=20.7 ms  R=0.215  target=0.00  dets=5  vru=False  backend=ultralytics
23:36:16  INFO       [adaptive / burst] 80/200  tier=SMALL   latency=20.6 ms  R=0.160  target=0.00  dets=5  vru=False  backend=ultralytics
23:36:16  INFO     [RAMS] Tier switch: SMALL → MEDIUM  (R=0.137)
23:36:16  INFO       [adaptive / burst] 100/200  tier=MEDIUM  latency=26.7 ms  R=0.134  target=0.00  dets=10  vru=False  backend=ultralytics
23:36:16  INFO     [RAMS] Tier switch: MEDIUM → SMALL  (R=0.662)
23:36:17  INFO     [RAMS] Tier switch: SMALL → NANO  (R=0.662)
23:36:17  INFO       [adaptive / burst] 120/200  tier=NANO    latency=17.2 ms  R=0.739  target=0.85  dets=0  vru=False  backend=ultralytics
23:36:17  INFO     [RAMS] Tier switch: NANO → SMALL  (R=0.067)
23:36:17  INFO     [RAMS] Tier switch: SMALL → MEDIUM  (R=0.097)
23:36:18  INFO     [RAMS] Tier switch: MEDIUM → SMALL  (R=0.148)
23:36:18  INFO       [adaptive / burst] 140/200  tier=SMALL   latency=19.6 ms  R=0.170  target=0.00  dets=1  vru=False  backend=ultralytics
23:36:19  INFO     [RAMS] Tier switch: SMALL → MEDIUM  (R=0.141)
23:36:19  INFO       [adaptive / burst] 160/200  tier=MEDIUM  latency=26.6 ms  R=0.141  target=0.00  dets=6  vru=False  backend=ultralytics
23:36:19  INFO     [RAMS] Tier switch: MEDIUM → SMALL  (R=0.235)
23:36:19  INFO       [adaptive / burst] 180/200  tier=SMALL   latency=20.3 ms  R=0.144  target=0.00  dets=4  vru=False  backend=ultralytics
23:36:20  INFO       [adaptive / burst] 200/200  tier=SMALL   latency=22.1 ms  R=0.236  target=0.00  dets=13  vru=True  backend=ultralytics
23:36:20  INFO     [RAMS] Controller stopped.
23:36:20  INFO     
--- Block 9/10  Policy: fixed_medium  Load: burst (100%) ---
23:36:20  INFO     [RAMS] Starting resource monitor ...
23:36:20  INFO     [RAMS] Loading model tiers ...
23:36:20  INFO     [RAMS] YOLOv8-nano ready — Ultralytics (imgsz=320).
23:36:21  INFO     [RAMS] YOLOv8-small ready — Ultralytics (imgsz=416).
23:36:22  INFO     [RAMS] YOLOv8-medium ready — Ultralytics (imgsz=640).
23:36:22  INFO     [RAMS] Controller ready. Policy: fixed
23:36:22  INFO     [RAMS] Tier switch: SMALL → MEDIUM  (R=0.727)
23:36:23  INFO       [fixed_medium / burst] 20/200  tier=MEDIUM  latency=25.2 ms  R=0.791  target=0.85  dets=5  vru=False  backend=ultralytics
23:36:24  INFO       [fixed_medium / burst] 40/200  tier=MEDIUM  latency=27.3 ms  R=0.209  target=0.00  dets=14  vru=False  backend=ultralytics
23:36:24  INFO       [fixed_medium / burst] 60/200  tier=MEDIUM  latency=25.7 ms  R=0.190  target=0.00  dets=6  vru=False  backend=ultralytics
23:36:25  INFO       [fixed_medium / burst] 80/200  tier=MEDIUM  latency=26.1 ms  R=0.128  target=0.00  dets=3  vru=False  backend=ultralytics
23:36:26  INFO       [fixed_medium / burst] 100/200  tier=MEDIUM  latency=28.0 ms  R=0.194  target=0.00  dets=12  vru=False  backend=ultralytics
23:36:27  INFO       [fixed_medium / burst] 120/200  tier=MEDIUM  latency=28.2 ms  R=0.816  target=0.85  dets=19  vru=False  backend=ultralytics
23:36:28  INFO       [fixed_medium / burst] 140/200  tier=MEDIUM  latency=27.1 ms  R=0.198  target=0.00  dets=12  vru=False  backend=ultralytics
23:36:29  INFO       [fixed_medium / burst] 160/200  tier=MEDIUM  latency=26.2 ms  R=0.150  target=0.00  dets=8  vru=False  backend=ultralytics
23:36:29  INFO       [fixed_medium / burst] 180/200  tier=MEDIUM  latency=26.0 ms  R=0.237  target=0.00  dets=8  vru=False  backend=ultralytics
23:36:30  INFO       [fixed_medium / burst] 200/200  tier=MEDIUM  latency=24.8 ms  R=0.183  target=0.00  dets=2  vru=False  backend=ultralytics
23:36:30  INFO     [RAMS] Controller stopped.
23:36:30  INFO     
--- Block 9/10  Policy: adaptive  Load: burst (100%) ---
23:36:30  INFO     [RAMS] Starting resource monitor ...
23:36:30  INFO     [RAMS] Loading model tiers ...
23:36:30  INFO     [RAMS] YOLOv8-nano ready — Ultralytics (imgsz=320).
23:36:31  INFO     [RAMS] YOLOv8-small ready — Ultralytics (imgsz=416).
23:36:32  INFO     [RAMS] YOLOv8-medium ready — Ultralytics (imgsz=640).
23:36:32  INFO     [RAMS] Controller ready. Policy: adaptive
23:36:32  INFO     [RAMS] Tier switch: SMALL → NANO  (R=0.762)
23:36:33  INFO       [adaptive / burst] 20/200  tier=NANO    latency=20.1 ms  R=0.760  target=0.85  dets=4  vru=False  backend=ultralytics
23:36:33  INFO     [RAMS] Tier switch: NANO → SMALL  (R=0.145)
23:36:34  INFO       [adaptive / burst] 40/200  tier=SMALL   latency=21.3 ms  R=0.201  target=0.00  dets=5  vru=False  backend=ultralytics
23:36:34  INFO       [adaptive / burst] 60/200  tier=SMALL   latency=20.5 ms  R=0.226  target=0.00  dets=2  vru=False  backend=ultralytics
23:36:35  INFO       [adaptive / burst] 80/200  tier=SMALL   latency=20.6 ms  R=0.244  target=0.00  dets=2  vru=False  backend=ultralytics
23:36:36  INFO       [adaptive / burst] 100/200  tier=SMALL   latency=21.3 ms  R=0.303  target=0.00  dets=7  vru=False  backend=ultralytics
23:36:36  INFO     [RAMS] Tier switch: SMALL → NANO  (R=0.717)
23:36:37  INFO       [adaptive / burst] 120/200  tier=NANO    latency=24.8 ms  R=0.741  target=0.85  dets=14  vru=False  backend=ultralytics
23:36:37  INFO     [RAMS] Tier switch: NANO → SMALL  (R=0.079)
23:36:37  INFO     [RAMS] Tier switch: SMALL → MEDIUM  (R=0.115)
23:36:37  INFO     [RAMS] Tier switch: MEDIUM → SMALL  (R=0.221)
23:36:37  INFO       [adaptive / burst] 140/200  tier=SMALL   latency=21.6 ms  R=0.151  target=0.00  dets=6  vru=False  backend=ultralytics
23:36:38  INFO     [RAMS] Tier switch: SMALL → MEDIUM  (R=0.134)
23:36:38  INFO     [RAMS] Tier switch: MEDIUM → SMALL  (R=0.230)
23:36:38  INFO     [RAMS] Tier switch: SMALL → MEDIUM  (R=0.128)
23:36:38  INFO     [RAMS] Tier switch: MEDIUM → SMALL  (R=0.158)
23:36:38  INFO       [adaptive / burst] 160/200  tier=SMALL   latency=20.9 ms  R=0.167  target=0.00  dets=6  vru=False  backend=ultralytics
23:36:39  INFO     [RAMS] Tier switch: SMALL → MEDIUM  (R=0.127)
23:36:39  INFO     [RAMS] Tier switch: MEDIUM → SMALL  (R=0.243)
23:36:39  INFO       [adaptive / burst] 180/200  tier=SMALL   latency=21.6 ms  R=0.137  target=0.00  dets=6  vru=False  backend=ultralytics
23:36:40  INFO       [adaptive / burst] 200/200  tier=SMALL   latency=19.8 ms  R=0.155  target=0.00  dets=2  vru=False  backend=ultralytics
23:36:40  INFO     [RAMS] Controller stopped.
23:36:40  INFO     
--- Block 9/10  Policy: threshold  Load: burst (100%) ---
23:36:40  INFO     [RAMS] Starting resource monitor ...
23:36:40  INFO     [RAMS] Loading model tiers ...
23:36:40  INFO     [RAMS] YOLOv8-nano ready — Ultralytics (imgsz=320).
23:36:40  INFO     [RAMS] YOLOv8-small ready — Ultralytics (imgsz=416).
23:36:41  INFO     [RAMS] YOLOv8-medium ready — Ultralytics (imgsz=640).
23:36:41  INFO     [RAMS] Controller ready. Policy: threshold
23:36:41  INFO     [RAMS] Tier switch: SMALL → NANO  (R=0.687)
23:36:42  INFO       [threshold / burst] 20/200  tier=NANO    latency=23.3 ms  R=0.734  target=0.85  dets=4  vru=False  backend=ultralytics
23:36:42  INFO     [RAMS] Tier switch: NANO → MEDIUM  (R=0.085)
23:36:42  INFO     [RAMS] Tier switch: MEDIUM → SMALL  (R=0.179)
23:36:42  INFO     [RAMS] Tier switch: SMALL → MEDIUM  (R=0.123)
23:36:43  INFO       [threshold / burst] 40/200  tier=MEDIUM  latency=27.7 ms  R=0.303  target=0.00  dets=14  vru=False  backend=ultralytics
23:36:43  INFO     [RAMS] Tier switch: MEDIUM → SMALL  (R=0.163)
23:36:43  INFO     [RAMS] Tier switch: SMALL → MEDIUM  (R=0.135)
23:36:43  INFO     [RAMS] Tier switch: MEDIUM → SMALL  (R=0.164)
23:36:44  INFO       [threshold / burst] 60/200  tier=SMALL   latency=20.1 ms  R=0.164  target=0.00  dets=2  vru=False  backend=ultralytics
23:36:44  INFO       [threshold / burst] 80/200  tier=SMALL   latency=20.0 ms  R=0.169  target=0.00  dets=2  vru=False  backend=ultralytics
23:36:44  INFO     [RAMS] Tier switch: SMALL → MEDIUM  (R=0.144)
23:36:45  INFO     [RAMS] Tier switch: MEDIUM → SMALL  (R=0.188)
23:36:45  INFO     [RAMS] Tier switch: SMALL → MEDIUM  (R=0.128)
23:36:45  INFO     [RAMS] Tier switch: MEDIUM → SMALL  (R=0.229)
23:36:45  INFO       [threshold / burst] 100/200  tier=SMALL   latency=20.8 ms  R=0.229  target=0.00  dets=7  vru=False  backend=ultralytics
23:36:45  INFO     [RAMS] Tier switch: SMALL → NANO  (R=0.680)
23:36:46  INFO       [threshold / burst] 120/200  tier=NANO    latency=22.8 ms  R=0.740  target=0.85  dets=14  vru=False  backend=ultralytics
23:36:46  INFO     [RAMS] Tier switch: NANO → MEDIUM  (R=0.112)
23:36:46  INFO     [RAMS] Tier switch: MEDIUM → SMALL  (R=0.153)
23:36:46  INFO     [RAMS] Tier switch: SMALL → MEDIUM  (R=0.143)
23:36:46  INFO     [RAMS] Tier switch: MEDIUM → SMALL  (R=0.147)
23:36:47  INFO     [RAMS] Tier switch: SMALL → MEDIUM  (R=0.141)
23:36:47  INFO       [threshold / burst] 140/200  tier=MEDIUM  latency=27.3 ms  R=0.185  target=0.00  dets=12  vru=False  backend=ultralytics
23:36:47  INFO     [RAMS] Tier switch: MEDIUM → SMALL  (R=0.293)
23:36:47  INFO       [threshold / burst] 160/200  tier=SMALL   latency=20.6 ms  R=0.142  target=0.00  dets=6  vru=False  backend=ultralytics
23:36:47  INFO     [RAMS] Tier switch: SMALL → MEDIUM  (R=0.142)
23:36:48  INFO     [RAMS] Tier switch: MEDIUM → SMALL  (R=0.248)
23:36:48  INFO     [RAMS] Tier switch: SMALL → MEDIUM  (R=0.134)
23:36:48  INFO     [RAMS] Tier switch: MEDIUM → SMALL  (R=0.171)
23:36:48  INFO       [threshold / burst] 180/200  tier=SMALL   latency=20.6 ms  R=0.166  target=0.00  dets=6  vru=False  backend=ultralytics
23:36:48  INFO     [RAMS] Tier switch: SMALL → MEDIUM  (R=0.143)
23:36:49  INFO     [RAMS] Tier switch: MEDIUM → SMALL  (R=0.235)
23:36:49  INFO       [threshold / burst] 200/200  tier=SMALL   latency=20.2 ms  R=0.224  target=0.00  dets=2  vru=False  backend=ultralytics
23:36:49  INFO     [RAMS] Controller stopped.
23:36:49  INFO     
--- Block 9/10  Policy: fixed_nano  Load: burst (100%) ---
23:36:49  INFO     [RAMS] Starting resource monitor ...
23:36:49  INFO     [RAMS] Loading model tiers ...
23:36:49  INFO     [RAMS] YOLOv8-nano ready — Ultralytics (imgsz=320).
23:36:50  INFO     [RAMS] YOLOv8-small ready — Ultralytics (imgsz=416).
23:36:50  INFO     [RAMS] YOLOv8-medium ready — Ultralytics (imgsz=640).
23:36:50  INFO     [RAMS] Controller ready. Policy: fixed
23:36:51  INFO     [RAMS] Tier switch: SMALL → NANO  (R=0.685)
23:36:51  INFO       [fixed_nano / burst] 20/200  tier=NANO    latency=19.5 ms  R=0.715  target=0.85  dets=4  vru=False  backend=ultralytics
23:36:52  INFO       [fixed_nano / burst] 40/200  tier=NANO    latency=21.2 ms  R=0.281  target=0.00  dets=4  vru=False  backend=ultralytics
23:36:53  INFO       [fixed_nano / burst] 60/200  tier=NANO    latency=18.8 ms  R=0.211  target=0.00  dets=0  vru=False  backend=ultralytics
23:36:53  INFO       [fixed_nano / burst] 80/200  tier=NANO    latency=21.7 ms  R=0.192  target=0.00  dets=3  vru=False  backend=ultralytics
23:36:54  INFO       [fixed_nano / burst] 100/200  tier=NANO    latency=21.0 ms  R=0.213  target=0.00  dets=6  vru=False  backend=ultralytics
23:36:55  INFO       [fixed_nano / burst] 120/200  tier=NANO    latency=24.4 ms  R=0.742  target=0.85  dets=14  vru=False  backend=ultralytics
23:36:56  INFO       [fixed_nano / burst] 140/200  tier=NANO    latency=20.2 ms  R=0.308  target=0.00  dets=4  vru=False  backend=ultralytics
23:36:56  INFO       [fixed_nano / burst] 160/200  tier=NANO    latency=20.0 ms  R=0.229  target=0.00  dets=3  vru=False  backend=ultralytics
23:36:57  INFO       [fixed_nano / burst] 180/200  tier=NANO    latency=20.2 ms  R=0.206  target=0.00  dets=4  vru=False  backend=ultralytics
23:36:58  INFO       [fixed_nano / burst] 200/200  tier=NANO    latency=20.3 ms  R=0.163  target=0.00  dets=1  vru=False  backend=ultralytics
23:36:58  INFO     [RAMS] Controller stopped.
23:36:58  INFO     
--- Block 9/10  Policy: safety  Load: burst (100%) ---
23:36:58  INFO     [RAMS] Starting resource monitor ...
23:36:58  INFO     [RAMS] Loading model tiers ...
23:36:58  INFO     [RAMS] YOLOv8-nano ready — Ultralytics (imgsz=320).
23:36:58  INFO     [RAMS] YOLOv8-small ready — Ultralytics (imgsz=416).
23:36:59  INFO     [RAMS] YOLOv8-medium ready — Ultralytics (imgsz=640).
23:36:59  INFO     [RAMS] Controller ready. Policy: safety
23:37:00  INFO       [safety / burst] 20/200  tier=SMALL   latency=20.3 ms  R=0.739  target=0.85  dets=4  vru=False  backend=ultralytics
23:37:00  INFO     [RAMS] Tier switch: SMALL → MEDIUM  (R=0.079)
23:37:00  INFO     [RAMS] Tier switch: MEDIUM → SMALL  (R=0.224)
23:37:01  INFO       [safety / burst] 40/200  tier=SMALL   latency=21.0 ms  R=0.173  target=0.00  dets=5  vru=False  backend=ultralytics
23:37:01  INFO     [RAMS] Tier switch: SMALL → MEDIUM  (R=0.132)
23:37:01  INFO     [RAMS] Tier switch: MEDIUM → SMALL  (R=0.175)
23:37:01  INFO     [RAMS] Tier switch: SMALL → MEDIUM  (R=0.141)
23:37:02  INFO       [safety / burst] 60/200  tier=MEDIUM  latency=27.0 ms  R=0.192  target=0.00  dets=6  vru=False  backend=ultralytics
23:37:02  INFO     [RAMS] Tier switch: MEDIUM → SMALL  (R=0.192)
23:37:02  INFO     [RAMS] Tier switch: SMALL → MEDIUM  (R=0.137)
23:37:02  INFO     [RAMS] Tier switch: MEDIUM → SMALL  (R=0.241)
23:37:02  INFO       [safety / burst] 80/200  tier=SMALL   latency=19.7 ms  R=0.241  target=0.00  dets=2  vru=False  backend=ultralytics
23:37:02  INFO     [RAMS] Tier switch: SMALL → MEDIUM  (R=0.142)
23:37:03  INFO     [RAMS] Tier switch: MEDIUM → SMALL  (R=0.246)
23:37:03  INFO       [safety / burst] 100/200  tier=SMALL   latency=20.9 ms  R=0.149  target=0.00  dets=7  vru=False  backend=ultralytics
23:37:04  INFO       [safety / burst] 120/200  tier=SMALL   latency=22.7 ms  R=0.733  target=0.85  dets=16  vru=False  backend=ultralytics
23:37:04  INFO     [RAMS] Tier switch: SMALL → MEDIUM  (R=0.086)
23:37:04  INFO     [RAMS] Tier switch: MEDIUM → SMALL  (R=0.165)
23:37:05  INFO     [RAMS] Tier switch: SMALL → MEDIUM  (R=0.137)
23:37:05  INFO     [RAMS] Tier switch: MEDIUM → SMALL  (R=0.304)
23:37:05  INFO       [safety / burst] 140/200  tier=SMALL   latency=20.8 ms  R=0.160  target=0.00  dets=6  vru=False  backend=ultralytics
23:37:05  INFO     [RAMS] Tier switch: SMALL → MEDIUM  (R=0.123)
23:37:06  INFO       [safety / burst] 160/200  tier=MEDIUM  latency=26.2 ms  R=0.142  target=0.00  dets=8  vru=False  backend=ultralytics
23:37:06  INFO     [RAMS] Tier switch: MEDIUM → SMALL  (R=0.176)
23:37:06  INFO       [safety / burst] 180/200  tier=SMALL   latency=21.1 ms  R=0.143  target=0.00  dets=6  vru=False  backend=ultralytics
23:37:06  INFO     [RAMS] Tier switch: SMALL → MEDIUM  (R=0.143)
23:37:06  INFO     [RAMS] Tier switch: MEDIUM → SMALL  (R=0.180)
23:37:07  INFO     [RAMS] Tier switch: SMALL → MEDIUM  (R=0.130)
23:37:07  INFO     [RAMS] Tier switch: MEDIUM → SMALL  (R=0.245)
23:37:07  INFO       [safety / burst] 200/200  tier=SMALL   latency=20.0 ms  R=0.211  target=0.00  dets=2  vru=False  backend=ultralytics
23:37:07  INFO     [RAMS] Controller stopped.
23:37:07  INFO     
--- Block 9/10  Policy: predictive  Load: burst (100%) ---
23:37:07  INFO     [RAMS] Starting resource monitor ...
23:37:07  INFO     [RAMS] Loading model tiers ...
23:37:07  INFO     [RAMS] YOLOv8-nano ready — Ultralytics (imgsz=320).
23:37:08  INFO     [RAMS] YOLOv8-small ready — Ultralytics (imgsz=416).
23:37:08  INFO     [RAMS] YOLOv8-medium ready — Ultralytics (imgsz=640).
23:37:08  INFO     [RAMS] Controller ready. Policy: predictive
23:37:09  INFO     [RAMS] Tier switch: SMALL → NANO  (R=0.687)
23:37:09  INFO       [predictive / burst] 20/200  tier=NANO    latency=19.1 ms  R=0.719  target=0.85  dets=4  vru=False  backend=ultralytics
23:37:09  INFO     [RAMS] Tier switch: NANO → SMALL  (R=0.074)
23:37:10  INFO     [RAMS] Tier switch: SMALL → MEDIUM  (R=0.132)
23:37:10  INFO       [predictive / burst] 40/200  tier=MEDIUM  latency=28.7 ms  R=0.132  target=0.00  dets=14  vru=False  backend=ultralytics
23:37:10  INFO     [RAMS] Tier switch: MEDIUM → SMALL  (R=0.173)
23:37:10  INFO     [RAMS] Tier switch: SMALL → MEDIUM  (R=0.127)
23:37:11  INFO     [RAMS] Tier switch: MEDIUM → SMALL  (R=0.149)
23:37:11  INFO       [predictive / burst] 60/200  tier=SMALL   latency=20.2 ms  R=0.238  target=0.00  dets=2  vru=False  backend=ultralytics
23:37:11  INFO       [predictive / burst] 80/200  tier=SMALL   latency=20.9 ms  R=0.157  target=0.00  dets=2  vru=False  backend=ultralytics
23:37:12  INFO     [RAMS] Tier switch: SMALL → MEDIUM  (R=0.130)
23:37:12  INFO       [predictive / burst] 100/200  tier=MEDIUM  latency=27.7 ms  R=0.130  target=0.00  dets=12  vru=False  backend=ultralytics
23:37:12  INFO     [RAMS] Tier switch: MEDIUM → SMALL  (R=0.657)
23:37:12  INFO     [RAMS] Tier switch: SMALL → NANO  (R=0.669)
23:37:13  INFO       [predictive / burst] 120/200  tier=NANO    latency=23.0 ms  R=0.750  target=0.85  dets=14  vru=False  backend=ultralytics
23:37:13  INFO     [RAMS] Tier switch: NANO → SMALL  (R=0.172)
23:37:14  INFO       [predictive / burst] 140/200  tier=SMALL   latency=21.0 ms  R=0.233  target=0.00  dets=6  vru=False  backend=ultralytics
23:37:15  INFO       [predictive / burst] 160/200  tier=SMALL   latency=20.9 ms  R=0.258  target=0.00  dets=6  vru=False  backend=ultralytics
23:37:15  INFO       [predictive / burst] 180/200  tier=SMALL   latency=22.1 ms  R=0.242  target=0.00  dets=6  vru=False  backend=ultralytics
23:37:16  INFO       [predictive / burst] 200/200  tier=SMALL   latency=20.3 ms  R=0.233  target=0.00  dets=2  vru=False  backend=ultralytics
23:37:16  INFO     [RAMS] Controller stopped.
23:37:16  INFO     
--- Block 9/10  Policy: fixed_small  Load: burst (100%) ---
23:37:16  INFO     [RAMS] Starting resource monitor ...
23:37:16  INFO     [RAMS] Loading model tiers ...
23:37:16  INFO     [RAMS] YOLOv8-nano ready — Ultralytics (imgsz=320).
23:37:17  INFO     [RAMS] YOLOv8-small ready — Ultralytics (imgsz=416).
23:37:18  INFO     [RAMS] YOLOv8-medium ready — Ultralytics (imgsz=640).
23:37:18  INFO     [RAMS] Controller ready. Policy: fixed
23:37:19  INFO       [fixed_small / burst] 20/200  tier=SMALL   latency=36.2 ms  R=0.733  target=0.85  dets=4  vru=False  backend=ultralytics
23:37:20  INFO       [fixed_small / burst] 40/200  tier=SMALL   latency=20.5 ms  R=0.133  target=0.00  dets=5  vru=False  backend=ultralytics
23:37:20  INFO       [fixed_small / burst] 60/200  tier=SMALL   latency=19.6 ms  R=0.132  target=0.00  dets=2  vru=False  backend=ultralytics
23:37:21  INFO       [fixed_small / burst] 80/200  tier=SMALL   latency=19.7 ms  R=0.181  target=0.00  dets=2  vru=False  backend=ultralytics
23:37:22  INFO       [fixed_small / burst] 100/200  tier=SMALL   latency=20.6 ms  R=0.141  target=0.00  dets=7  vru=False  backend=ultralytics
23:37:22  INFO       [fixed_small / burst] 120/200  tier=SMALL   latency=23.2 ms  R=0.735  target=0.85  dets=16  vru=False  backend=ultralytics
23:37:23  INFO       [fixed_small / burst] 140/200  tier=SMALL   latency=20.6 ms  R=0.154  target=0.00  dets=6  vru=False  backend=ultralytics
23:37:24  INFO       [fixed_small / burst] 160/200  tier=SMALL   latency=20.7 ms  R=0.171  target=0.00  dets=6  vru=False  backend=ultralytics
23:37:25  INFO       [fixed_small / burst] 180/200  tier=SMALL   latency=20.4 ms  R=0.159  target=0.00  dets=6  vru=False  backend=ultralytics
23:37:25  INFO       [fixed_small / burst] 200/200  tier=SMALL   latency=19.5 ms  R=0.134  target=0.00  dets=2  vru=False  backend=ultralytics
23:37:25  INFO     [RAMS] Controller stopped.
23:37:25  INFO     
--- Block 9/10  Policy: safety2  Load: burst (100%) ---
23:37:25  INFO     [RAMS] Starting resource monitor ...
23:37:25  INFO     [RAMS] Loading model tiers ...
23:37:26  INFO     [RAMS] YOLOv8-nano ready — Ultralytics (imgsz=320).
23:37:26  INFO     [RAMS] YOLOv8-small ready — Ultralytics (imgsz=416).
23:37:27  INFO     [RAMS] YOLOv8-medium ready — Ultralytics (imgsz=640).
23:37:27  INFO     [RAMS] Controller ready. Policy: safety2
23:37:27  INFO     [RAMS] Tier switch: SMALL → MEDIUM  (R=0.738)
23:37:28  INFO       [safety2 / burst] 20/200  tier=MEDIUM  latency=29.7 ms  R=0.741  target=0.85  dets=5  vru=False  backend=ultralytics
23:37:28  INFO     [RAMS] Tier switch: MEDIUM → SMALL  (R=0.219)
23:37:28  INFO     [RAMS] Tier switch: SMALL → MEDIUM  (R=0.128)
23:37:28  INFO     [RAMS] Tier switch: MEDIUM → SMALL  (R=0.214)
23:37:29  INFO       [safety2 / burst] 40/200  tier=SMALL   latency=20.5 ms  R=0.214  target=0.00  dets=5  vru=False  backend=ultralytics
23:37:29  INFO     [RAMS] Tier switch: SMALL → MEDIUM  (R=0.138)
23:37:29  INFO     [RAMS] Tier switch: MEDIUM → SMALL  (R=0.169)
23:37:29  INFO     [RAMS] Tier switch: SMALL → MEDIUM  (R=0.150)
23:37:29  INFO       [safety2 / burst] 60/200  tier=MEDIUM  latency=25.8 ms  R=0.134  target=0.00  dets=6  vru=False  backend=ultralytics
23:37:30  INFO     [RAMS] Tier switch: MEDIUM → SMALL  (R=0.261)
23:37:30  INFO     [RAMS] Tier switch: SMALL → MEDIUM  (R=0.164)
23:37:30  INFO       [safety2 / burst] 80/200  tier=MEDIUM  latency=26.5 ms  R=0.164  target=0.00  dets=3  vru=False  backend=ultralytics
23:37:31  INFO       [safety2 / burst] 100/200  tier=MEDIUM  latency=27.4 ms  R=0.252  target=0.00  dets=12  vru=False  backend=ultralytics
23:37:31  INFO     [RAMS] Tier switch: MEDIUM → NANO  (R=0.667)
23:37:31  INFO     [RAMS] Tier switch: NANO → SMALL  (R=0.774)
23:37:31  INFO     [RAMS] Tier switch: SMALL → MEDIUM  (R=0.774)
23:37:32  INFO       [safety2 / burst] 120/200  tier=MEDIUM  latency=29.5 ms  R=0.757  target=0.85  dets=19  vru=False  backend=ultralytics
23:37:33  INFO     [RAMS] Tier switch: MEDIUM → SMALL  (R=0.151)
23:37:33  INFO     [RAMS] Tier switch: SMALL → MEDIUM  (R=0.151)
23:37:33  INFO       [safety2 / burst] 140/200  tier=MEDIUM  latency=27.4 ms  R=0.157  target=0.00  dets=12  vru=False  backend=ultralytics
23:37:34  INFO       [safety2 / burst] 160/200  tier=MEDIUM  latency=26.2 ms  R=0.172  target=0.00  dets=8  vru=False  backend=ultralytics
23:37:34  INFO     [RAMS] Tier switch: MEDIUM → SMALL  (R=0.226)
23:37:34  INFO     [RAMS] Tier switch: SMALL → MEDIUM  (R=0.170)
23:37:34  INFO       [safety2 / burst] 180/200  tier=MEDIUM  latency=27.1 ms  R=0.225  target=0.00  dets=8  vru=False  backend=ultralytics
23:37:35  INFO       [safety2 / burst] 200/200  tier=MEDIUM  latency=25.5 ms  R=0.270  target=0.00  dets=2  vru=False  backend=ultralytics
23:37:35  INFO     [RAMS] Controller stopped.
23:37:35  INFO     
--- Block 10/10  Policy: threshold  Load: burst (100%) ---
23:37:35  INFO     [RAMS] Starting resource monitor ...
23:37:35  INFO     [RAMS] Loading model tiers ...
23:37:35  INFO     [RAMS] YOLOv8-nano ready — Ultralytics (imgsz=320).
23:37:36  INFO     [RAMS] YOLOv8-small ready — Ultralytics (imgsz=416).
23:37:37  INFO     [RAMS] YOLOv8-medium ready — Ultralytics (imgsz=640).
23:37:37  INFO     [RAMS] Controller ready. Policy: threshold
23:37:37  INFO     [RAMS] Tier switch: SMALL → NANO  (R=0.740)
23:37:37  INFO       [threshold / burst] 20/200  tier=NANO    latency=19.9 ms  R=0.739  target=0.85  dets=4  vru=False  backend=ultralytics
23:37:38  INFO     [RAMS] Tier switch: NANO → SMALL  (R=0.301)
23:37:38  INFO       [threshold / burst] 40/200  tier=SMALL   latency=21.1 ms  R=0.226  target=0.00  dets=3  vru=False  backend=ultralytics
23:37:39  INFO       [threshold / burst] 60/200  tier=SMALL   latency=18.6 ms  R=0.256  target=0.00  dets=0  vru=False  backend=ultralytics
23:37:40  INFO       [threshold / burst] 80/200  tier=SMALL   latency=20.7 ms  R=0.217  target=0.00  dets=3  vru=False  backend=ultralytics
23:37:40  INFO       [threshold / burst] 100/200  tier=SMALL   latency=20.7 ms  R=0.144  target=0.00  dets=5  vru=False  backend=ultralytics
23:37:41  INFO     [RAMS] Tier switch: SMALL → NANO  (R=0.664)
23:37:41  INFO       [threshold / burst] 120/200  tier=NANO    latency=20.2 ms  R=0.723  target=0.85  dets=6  vru=False  backend=ultralytics
23:37:41  INFO     [RAMS] Tier switch: NANO → MEDIUM  (R=0.097)
23:37:42  INFO     [RAMS] Tier switch: MEDIUM → SMALL  (R=0.329)
23:37:42  INFO     [RAMS] Tier switch: SMALL → MEDIUM  (R=0.135)
23:37:42  INFO     [RAMS] Tier switch: MEDIUM → SMALL  (R=0.204)
23:37:42  INFO       [threshold / burst] 140/200  tier=SMALL   latency=20.9 ms  R=0.204  target=0.00  dets=6  vru=False  backend=ultralytics
23:37:43  INFO       [threshold / burst] 160/200  tier=SMALL   latency=22.7 ms  R=0.232  target=0.00  dets=13  vru=False  backend=ultralytics
23:37:43  INFO     [RAMS] Tier switch: SMALL → MEDIUM  (R=0.143)
23:37:43  INFO     [RAMS] Tier switch: MEDIUM → SMALL  (R=0.194)
23:37:43  INFO     [RAMS] Tier switch: SMALL → MEDIUM  (R=0.139)
23:37:44  INFO       [threshold / burst] 180/200  tier=MEDIUM  latency=28.3 ms  R=0.146  target=0.00  dets=18  vru=True  backend=ultralytics
23:37:44  INFO     [RAMS] Tier switch: MEDIUM → SMALL  (R=0.176)
23:37:44  INFO     [RAMS] Tier switch: SMALL → MEDIUM  (R=0.128)
23:37:44  INFO     [RAMS] Tier switch: MEDIUM → SMALL  (R=0.227)
23:37:44  INFO     [RAMS] Tier switch: SMALL → MEDIUM  (R=0.144)
23:37:44  INFO     [RAMS] Tier switch: MEDIUM → SMALL  (R=0.184)
23:37:44  INFO       [threshold / burst] 200/200  tier=SMALL   latency=19.9 ms  R=0.239  target=0.00  dets=2  vru=False  backend=ultralytics
23:37:44  INFO     [RAMS] Controller stopped.
23:37:44  INFO     
--- Block 10/10  Policy: adaptive  Load: burst (100%) ---
23:37:44  INFO     [RAMS] Starting resource monitor ...
23:37:44  INFO     [RAMS] Loading model tiers ...
23:37:45  INFO     [RAMS] YOLOv8-nano ready — Ultralytics (imgsz=320).
23:37:45  INFO     [RAMS] YOLOv8-small ready — Ultralytics (imgsz=416).
23:37:46  INFO     [RAMS] YOLOv8-medium ready — Ultralytics (imgsz=640).
23:37:46  INFO     [RAMS] Controller ready. Policy: adaptive
23:37:46  INFO     [RAMS] Tier switch: SMALL → NANO  (R=0.686)
23:37:47  INFO       [adaptive / burst] 20/200  tier=NANO    latency=19.4 ms  R=0.721  target=0.85  dets=4  vru=False  backend=ultralytics
23:37:47  INFO     [RAMS] Tier switch: NANO → SMALL  (R=0.160)
23:37:47  INFO     [RAMS] Tier switch: SMALL → MEDIUM  (R=0.106)
23:37:47  INFO     [RAMS] Tier switch: MEDIUM → SMALL  (R=0.163)
23:37:47  INFO     [RAMS] Tier switch: SMALL → MEDIUM  (R=0.136)
23:37:47  INFO     [RAMS] Tier switch: MEDIUM → SMALL  (R=0.209)
23:37:47  INFO       [adaptive / burst] 40/200  tier=SMALL   latency=20.0 ms  R=0.163  target=0.00  dets=3  vru=False  backend=ultralytics
23:37:48  INFO       [adaptive / burst] 60/200  tier=SMALL   latency=19.3 ms  R=0.160  target=0.00  dets=0  vru=False  backend=ultralytics
23:37:49  INFO       [adaptive / burst] 80/200  tier=SMALL   latency=20.2 ms  R=0.214  target=0.00  dets=3  vru=False  backend=ultralytics
23:37:49  INFO       [adaptive / burst] 100/200  tier=SMALL   latency=20.5 ms  R=0.158  target=0.00  dets=5  vru=False  backend=ultralytics
23:37:50  INFO     [RAMS] Tier switch: SMALL → NANO  (R=0.709)
23:37:50  INFO       [adaptive / burst] 120/200  tier=NANO    latency=23.3 ms  R=0.732  target=0.85  dets=6  vru=False  backend=ultralytics
23:37:51  INFO     [RAMS] Tier switch: NANO → SMALL  (R=0.067)
23:37:51  INFO     [RAMS] Tier switch: SMALL → MEDIUM  (R=0.067)
23:37:51  INFO     [RAMS] Tier switch: MEDIUM → SMALL  (R=0.258)
23:37:51  INFO     [RAMS] Tier switch: SMALL → MEDIUM  (R=0.138)
23:37:51  INFO       [adaptive / burst] 140/200  tier=MEDIUM  latency=27.6 ms  R=0.138  target=0.00  dets=11  vru=True  backend=ultralytics
23:37:51  INFO     [RAMS] Tier switch: MEDIUM → SMALL  (R=0.188)
23:37:52  INFO       [adaptive / burst] 160/200  tier=SMALL   latency=23.9 ms  R=0.161  target=0.00  dets=13  vru=False  backend=ultralytics
23:37:52  INFO     [RAMS] Tier switch: SMALL → MEDIUM  (R=0.131)
23:37:52  INFO     [RAMS] Tier switch: MEDIUM → SMALL  (R=0.165)
23:37:53  INFO       [adaptive / burst] 180/200  tier=SMALL   latency=23.5 ms  R=0.140  target=0.00  dets=15  vru=True  backend=ultralytics
23:37:53  INFO       [adaptive / burst] 200/200  tier=SMALL   latency=19.8 ms  R=0.159  target=0.00  dets=2  vru=False  backend=ultralytics
23:37:53  INFO     [RAMS] Controller stopped.
23:37:53  INFO     
--- Block 10/10  Policy: fixed_small  Load: burst (100%) ---
23:37:53  INFO     [RAMS] Starting resource monitor ...
23:37:53  INFO     [RAMS] Loading model tiers ...
23:37:54  INFO     [RAMS] YOLOv8-nano ready — Ultralytics (imgsz=320).
23:37:54  INFO     [RAMS] YOLOv8-small ready — Ultralytics (imgsz=416).
23:37:55  INFO     [RAMS] YOLOv8-medium ready — Ultralytics (imgsz=640).
23:37:55  INFO     [RAMS] Controller ready. Policy: fixed
23:37:56  INFO       [fixed_small / burst] 20/200  tier=SMALL   latency=24.1 ms  R=0.750  target=0.85  dets=8  vru=False  backend=ultralytics
23:37:57  INFO       [fixed_small / burst] 40/200  tier=SMALL   latency=23.4 ms  R=0.229  target=0.00  dets=3  vru=False  backend=ultralytics
23:37:57  INFO       [fixed_small / burst] 60/200  tier=SMALL   latency=18.4 ms  R=0.241  target=0.00  dets=0  vru=False  backend=ultralytics
23:37:58  INFO       [fixed_small / burst] 80/200  tier=SMALL   latency=20.3 ms  R=0.204  target=0.00  dets=3  vru=False  backend=ultralytics
23:37:59  INFO       [fixed_small / burst] 100/200  tier=SMALL   latency=25.4 ms  R=0.219  target=0.00  dets=5  vru=False  backend=ultralytics
23:38:00  INFO       [fixed_small / burst] 120/200  tier=SMALL   latency=27.3 ms  R=0.734  target=0.85  dets=7  vru=False  backend=ultralytics
23:38:01  INFO       [fixed_small / burst] 140/200  tier=SMALL   latency=20.9 ms  R=0.221  target=0.00  dets=6  vru=False  backend=ultralytics
23:38:01  INFO       [fixed_small / burst] 160/200  tier=SMALL   latency=22.1 ms  R=0.223  target=0.00  dets=13  vru=False  backend=ultralytics
23:38:02  INFO       [fixed_small / burst] 180/200  tier=SMALL   latency=22.8 ms  R=0.144  target=0.00  dets=15  vru=True  backend=ultralytics
23:38:03  INFO       [fixed_small / burst] 200/200  tier=SMALL   latency=20.1 ms  R=0.155  target=0.00  dets=2  vru=False  backend=ultralytics
23:38:03  INFO     [RAMS] Controller stopped.
23:38:03  INFO     
--- Block 10/10  Policy: fixed_medium  Load: burst (100%) ---
23:38:03  INFO     [RAMS] Starting resource monitor ...
23:38:03  INFO     [RAMS] Loading model tiers ...
23:38:03  INFO     [RAMS] YOLOv8-nano ready — Ultralytics (imgsz=320).
23:38:03  INFO     [RAMS] YOLOv8-small ready — Ultralytics (imgsz=416).
23:38:04  INFO     [RAMS] YOLOv8-medium ready — Ultralytics (imgsz=640).
23:38:04  INFO     [RAMS] Controller ready. Policy: fixed
23:38:04  INFO     [RAMS] Tier switch: SMALL → MEDIUM  (R=0.697)
23:38:05  INFO       [fixed_medium / burst] 20/200  tier=MEDIUM  latency=26.8 ms  R=0.766  target=0.85  dets=11  vru=False  backend=ultralytics
23:38:06  INFO       [fixed_medium / burst] 40/200  tier=MEDIUM  latency=26.8 ms  R=0.182  target=0.00  dets=7  vru=False  backend=ultralytics
23:38:07  INFO       [fixed_medium / burst] 60/200  tier=MEDIUM  latency=26.8 ms  R=0.238  target=0.00  dets=6  vru=False  backend=ultralytics
23:38:08  INFO       [fixed_medium / burst] 80/200  tier=MEDIUM  latency=25.9 ms  R=0.280  target=0.00  dets=4  vru=False  backend=ultralytics
23:38:09  INFO       [fixed_medium / burst] 100/200  tier=MEDIUM  latency=25.7 ms  R=0.191  target=0.00  dets=5  vru=False  backend=ultralytics
23:38:10  INFO       [fixed_medium / burst] 120/200  tier=MEDIUM  latency=26.1 ms  R=0.791  target=0.85  dets=7  vru=False  backend=ultralytics
23:38:11  INFO       [fixed_medium / burst] 140/200  tier=MEDIUM  latency=27.0 ms  R=0.221  target=0.00  dets=11  vru=True  backend=ultralytics
23:38:11  INFO       [fixed_medium / burst] 160/200  tier=MEDIUM  latency=28.5 ms  R=0.212  target=0.00  dets=14  vru=False  backend=ultralytics
23:38:12  INFO       [fixed_medium / burst] 180/200  tier=MEDIUM  latency=29.8 ms  R=0.212  target=0.00  dets=18  vru=True  backend=ultralytics
23:38:13  INFO       [fixed_medium / burst] 200/200  tier=MEDIUM  latency=25.4 ms  R=0.162  target=0.00  dets=2  vru=False  backend=ultralytics
23:38:13  INFO     [RAMS] Controller stopped.
23:38:13  INFO     
--- Block 10/10  Policy: fixed_nano  Load: burst (100%) ---
23:38:13  INFO     [RAMS] Starting resource monitor ...
23:38:13  INFO     [RAMS] Loading model tiers ...
23:38:13  INFO     [RAMS] YOLOv8-nano ready — Ultralytics (imgsz=320).
23:38:14  INFO     [RAMS] YOLOv8-small ready — Ultralytics (imgsz=416).
23:38:14  INFO     [RAMS] YOLOv8-medium ready — Ultralytics (imgsz=640).
23:38:14  INFO     [RAMS] Controller ready. Policy: fixed
23:38:15  INFO     [RAMS] Tier switch: SMALL → NANO  (R=0.680)
23:38:15  INFO       [fixed_nano / burst] 20/200  tier=NANO    latency=19.6 ms  R=0.746  target=0.85  dets=4  vru=False  backend=ultralytics
23:38:16  INFO       [fixed_nano / burst] 40/200  tier=NANO    latency=19.2 ms  R=0.127  target=0.00  dets=2  vru=False  backend=ultralytics
23:38:17  INFO       [fixed_nano / burst] 60/200  tier=NANO    latency=17.9 ms  R=0.304  target=0.00  dets=0  vru=False  backend=ultralytics
23:38:17  INFO       [fixed_nano / burst] 80/200  tier=NANO    latency=20.8 ms  R=0.203  target=0.00  dets=2  vru=False  backend=ultralytics
23:38:18  INFO       [fixed_nano / burst] 100/200  tier=NANO    latency=20.1 ms  R=0.244  target=0.00  dets=5  vru=False  backend=ultralytics
23:38:19  INFO       [fixed_nano / burst] 120/200  tier=NANO    latency=21.6 ms  R=0.748  target=0.85  dets=6  vru=False  backend=ultralytics
23:38:20  INFO       [fixed_nano / burst] 140/200  tier=NANO    latency=20.7 ms  R=0.235  target=0.00  dets=1  vru=False  backend=ultralytics
23:38:21  INFO       [fixed_nano / burst] 160/200  tier=NANO    latency=21.5 ms  R=0.222  target=0.00  dets=9  vru=False  backend=ultralytics
23:38:21  INFO       [fixed_nano / burst] 180/200  tier=NANO    latency=22.1 ms  R=0.223  target=0.00  dets=8  vru=False  backend=ultralytics
23:38:22  INFO       [fixed_nano / burst] 200/200  tier=NANO    latency=17.9 ms  R=0.205  target=0.00  dets=0  vru=False  backend=ultralytics
23:38:22  INFO     [RAMS] Controller stopped.
23:38:22  INFO     
--- Block 10/10  Policy: safety2  Load: burst (100%) ---
23:38:22  INFO     [RAMS] Starting resource monitor ...
23:38:22  INFO     [RAMS] Loading model tiers ...
23:38:22  INFO     [RAMS] YOLOv8-nano ready — Ultralytics (imgsz=320).
23:38:23  INFO     [RAMS] YOLOv8-small ready — Ultralytics (imgsz=416).
23:38:23  INFO     [RAMS] YOLOv8-medium ready — Ultralytics (imgsz=640).
23:38:23  INFO     [RAMS] Controller ready. Policy: safety2
23:38:24  INFO     [RAMS] Tier switch: SMALL → NANO  (R=0.686)
23:38:24  INFO     [RAMS] Tier switch: NANO → SMALL  (R=0.759)
23:38:24  INFO       [safety2 / burst] 20/200  tier=SMALL   latency=20.9 ms  R=0.751  target=0.85  dets=8  vru=False  backend=ultralytics
23:38:25  INFO     [RAMS] Tier switch: SMALL → MEDIUM  (R=0.074)
23:38:25  INFO       [safety2 / burst] 40/200  tier=MEDIUM  latency=25.9 ms  R=0.190  target=0.00  dets=7  vru=False  backend=ultralytics
23:38:26  INFO       [safety2 / burst] 60/200  tier=MEDIUM  latency=25.9 ms  R=0.166  target=0.00  dets=6  vru=False  backend=ultralytics
23:38:26  INFO     [RAMS] Tier switch: MEDIUM → SMALL  (R=0.164)
23:38:27  INFO     [RAMS] Tier switch: SMALL → MEDIUM  (R=0.128)
23:38:27  INFO       [safety2 / burst] 80/200  tier=MEDIUM  latency=26.6 ms  R=0.137  target=0.00  dets=4  vru=False  backend=ultralytics
23:38:27  INFO     [RAMS] Tier switch: MEDIUM → SMALL  (R=0.159)
23:38:27  INFO     [RAMS] Tier switch: SMALL → MEDIUM  (R=0.135)
23:38:27  INFO       [safety2 / burst] 100/200  tier=MEDIUM  latency=25.5 ms  R=0.226  target=0.00  dets=5  vru=False  backend=ultralytics
23:38:28  INFO     [RAMS] Tier switch: MEDIUM → SMALL  (R=0.687)
23:38:28  INFO     [RAMS] Tier switch: SMALL → MEDIUM  (R=0.719)
23:38:28  INFO       [safety2 / burst] 120/200  tier=MEDIUM  latency=26.0 ms  R=0.703  target=0.85  dets=7  vru=False  backend=ultralytics
23:38:29  INFO     [RAMS] Tier switch: MEDIUM → SMALL  (R=0.261)
23:38:29  INFO     [RAMS] Tier switch: SMALL → MEDIUM  (R=0.145)
23:38:29  INFO       [safety2 / burst] 140/200  tier=MEDIUM  latency=27.0 ms  R=0.145  target=0.00  dets=11  vru=True  backend=ultralytics
23:38:30  INFO     [RAMS] Tier switch: MEDIUM → SMALL  (R=0.228)
23:38:30  INFO     [RAMS] Tier switch: SMALL → MEDIUM  (R=0.187)
23:38:30  INFO       [safety2 / burst] 160/200  tier=MEDIUM  latency=27.5 ms  R=0.255  target=0.00  dets=14  vru=False  backend=ultralytics
23:38:31  INFO       [safety2 / burst] 180/200  tier=MEDIUM  latency=28.4 ms  R=0.177  target=0.00  dets=18  vru=True  backend=ultralytics
23:38:32  INFO       [safety2 / burst] 200/200  tier=MEDIUM  latency=25.1 ms  R=0.125  target=0.00  dets=2  vru=False  backend=ultralytics
23:38:32  INFO     [RAMS] Controller stopped.
23:38:32  INFO     
--- Block 10/10  Policy: safety  Load: burst (100%) ---
23:38:32  INFO     [RAMS] Starting resource monitor ...
23:38:32  INFO     [RAMS] Loading model tiers ...
23:38:32  INFO     [RAMS] YOLOv8-nano ready — Ultralytics (imgsz=320).
23:38:32  INFO     [RAMS] YOLOv8-small ready — Ultralytics (imgsz=416).
23:38:33  INFO     [RAMS] YOLOv8-medium ready — Ultralytics (imgsz=640).
23:38:33  INFO     [RAMS] Controller ready. Policy: safety
23:38:33  INFO     [RAMS] Tier switch: SMALL → NANO  (R=0.687)
23:38:34  INFO     [RAMS] Tier switch: NANO → SMALL  (R=0.711)
23:38:34  INFO       [safety / burst] 20/200  tier=SMALL   latency=24.2 ms  R=0.711  target=0.85  dets=8  vru=False  backend=ultralytics
23:38:34  INFO     [RAMS] Tier switch: SMALL → MEDIUM  (R=0.062)
23:38:35  INFO     [RAMS] Tier switch: MEDIUM → SMALL  (R=0.160)
23:38:35  INFO     [RAMS] Tier switch: SMALL → MEDIUM  (R=0.141)
23:38:35  INFO     [RAMS] Tier switch: MEDIUM → SMALL  (R=0.229)
23:38:35  INFO       [safety / burst] 40/200  tier=SMALL   latency=20.5 ms  R=0.177  target=0.00  dets=3  vru=False  backend=ultralytics
23:38:35  INFO     [RAMS] Tier switch: SMALL → MEDIUM  (R=0.130)
23:38:35  INFO     [RAMS] Tier switch: MEDIUM → SMALL  (R=0.245)
23:38:36  INFO       [safety / burst] 60/200  tier=SMALL   latency=18.0 ms  R=0.157  target=0.00  dets=0  vru=False  backend=ultralytics
23:38:36  INFO     [RAMS] Tier switch: SMALL → MEDIUM  (R=0.134)
23:38:36  INFO     [RAMS] Tier switch: MEDIUM → SMALL  (R=0.163)
23:38:36  INFO       [safety / burst] 80/200  tier=SMALL   latency=20.4 ms  R=0.142  target=0.00  dets=3  vru=False  backend=ultralytics
23:38:36  INFO     [RAMS] Tier switch: SMALL → MEDIUM  (R=0.142)
23:38:37  INFO     [RAMS] Tier switch: MEDIUM → SMALL  (R=0.153)
23:38:37  INFO     [RAMS] Tier switch: SMALL → MEDIUM  (R=0.142)
23:38:37  INFO     [RAMS] Tier switch: MEDIUM → SMALL  (R=0.229)
23:38:37  INFO       [safety / burst] 100/200  tier=SMALL   latency=20.4 ms  R=0.220  target=0.00  dets=5  vru=False  backend=ultralytics
23:38:38  INFO       [safety / burst] 120/200  tier=SMALL   latency=22.3 ms  R=0.734  target=0.85  dets=7  vru=False  backend=ultralytics
23:38:39  INFO       [safety / burst] 140/200  tier=SMALL   latency=21.6 ms  R=0.304  target=0.00  dets=6  vru=False  backend=ultralytics
23:38:40  INFO       [safety / burst] 160/200  tier=SMALL   latency=23.1 ms  R=0.232  target=0.00  dets=13  vru=False  backend=ultralytics
23:38:40  INFO       [safety / burst] 180/200  tier=SMALL   latency=22.8 ms  R=0.253  target=0.00  dets=15  vru=True  backend=ultralytics
23:38:41  INFO       [safety / burst] 200/200  tier=SMALL   latency=21.5 ms  R=0.274  target=0.00  dets=2  vru=False  backend=ultralytics
23:38:41  INFO     [RAMS] Controller stopped.
23:38:41  INFO     
--- Block 10/10  Policy: predictive  Load: burst (100%) ---
23:38:41  INFO     [RAMS] Starting resource monitor ...
23:38:41  INFO     [RAMS] Loading model tiers ...
23:38:41  INFO     [RAMS] YOLOv8-nano ready — Ultralytics (imgsz=320).
23:38:42  INFO     [RAMS] YOLOv8-small ready — Ultralytics (imgsz=416).
23:38:42  INFO     [RAMS] YOLOv8-medium ready — Ultralytics (imgsz=640).
23:38:42  INFO     [RAMS] Controller ready. Policy: predictive
23:38:43  INFO     [RAMS] Tier switch: SMALL → NANO  (R=0.758)
23:38:43  INFO       [predictive / burst] 20/200  tier=NANO    latency=27.8 ms  R=0.735  target=0.85  dets=4  vru=False  backend=ultralytics
23:38:44  INFO     [RAMS] Tier switch: NANO → SMALL  (R=0.134)
23:38:44  INFO     [RAMS] Tier switch: SMALL → MEDIUM  (R=0.123)
23:38:44  INFO     [RAMS] Tier switch: MEDIUM → SMALL  (R=0.149)
23:38:44  INFO       [predictive / burst] 40/200  tier=SMALL   latency=20.0 ms  R=0.149  target=0.00  dets=3  vru=False  backend=ultralytics
23:38:44  INFO     [RAMS] Tier switch: SMALL → MEDIUM  (R=0.144)
23:38:44  INFO     [RAMS] Tier switch: MEDIUM → SMALL  (R=0.162)
23:38:45  INFO     [RAMS] Tier switch: SMALL → MEDIUM  (R=0.137)
23:38:45  INFO     [RAMS] Tier switch: MEDIUM → SMALL  (R=0.222)
23:38:45  INFO       [predictive / burst] 60/200  tier=SMALL   latency=18.2 ms  R=0.222  target=0.00  dets=0  vru=False  backend=ultralytics
23:38:45  INFO     [RAMS] Tier switch: SMALL → MEDIUM  (R=0.136)
23:38:45  INFO     [RAMS] Tier switch: MEDIUM → SMALL  (R=0.196)
23:38:46  INFO       [predictive / burst] 80/200  tier=SMALL   latency=19.8 ms  R=0.159  target=0.00  dets=3  vru=False  backend=ultralytics
23:38:46  INFO     [RAMS] Tier switch: SMALL → MEDIUM  (R=0.134)
23:38:46  INFO     [RAMS] Tier switch: MEDIUM → SMALL  (R=0.302)
23:38:46  INFO       [predictive / burst] 100/200  tier=SMALL   latency=20.3 ms  R=0.162  target=0.00  dets=5  vru=False  backend=ultralytics
23:38:46  INFO     [RAMS] Tier switch: SMALL → NANO  (R=0.687)
23:38:47  INFO       [predictive / burst] 120/200  tier=NANO    latency=20.4 ms  R=0.719  target=0.85  dets=6  vru=False  backend=ultralytics
23:38:47  INFO     [RAMS] Tier switch: NANO → SMALL  (R=0.074)
23:38:48  INFO     [RAMS] Tier switch: SMALL → MEDIUM  (R=0.123)
23:38:48  INFO     [RAMS] Tier switch: MEDIUM → SMALL  (R=0.209)
23:38:48  INFO       [predictive / burst] 140/200  tier=SMALL   latency=20.6 ms  R=0.157  target=0.00  dets=6  vru=False  backend=ultralytics
23:38:48  INFO     [RAMS] Tier switch: SMALL → MEDIUM  (R=0.127)
23:38:48  INFO     [RAMS] Tier switch: MEDIUM → SMALL  (R=0.193)
23:38:49  INFO       [predictive / burst] 160/200  tier=SMALL   latency=21.7 ms  R=0.144  target=0.00  dets=13  vru=False  backend=ultralytics
23:38:49  INFO     [RAMS] Tier switch: SMALL → MEDIUM  (R=0.137)
23:38:49  INFO     [RAMS] Tier switch: MEDIUM → SMALL  (R=0.246)
23:38:49  INFO     [RAMS] Tier switch: SMALL → MEDIUM  (R=0.138)
23:38:49  INFO       [predictive / burst] 180/200  tier=MEDIUM  latency=27.9 ms  R=0.137  target=0.00  dets=18  vru=True  backend=ultralytics
23:38:49  INFO     [RAMS] Tier switch: MEDIUM → SMALL  (R=0.189)
23:38:50  INFO       [predictive / burst] 200/200  tier=SMALL   latency=19.7 ms  R=0.168  target=0.00  dets=2  vru=False  backend=ultralytics
23:38:50  INFO     [RAMS] Controller stopped.
23:38:52  INFO     Results -> /home/soren/rams_sep2026/corrected-20260908/results/full-20260908-v1/pytorch/runtime4_burst/rams_20260908_232617_9f7850578d66.csv
23:38:52  INFO     Summary -> /home/soren/rams_sep2026/corrected-20260908/results/full-20260908-v1/pytorch/runtime4_burst/rams_20260908_232617_9f7850578d66.json
23:38:52  INFO     Replay manifest -> /home/soren/rams_sep2026/corrected-20260908/results/full-20260908-v1/pytorch/runtime4_burst/rams_20260908_232617_9f7850578d66_manifest.json

================================================================================
Policy         Profile        N   Mean ms    P95 ms    VRU%  Tiers
--------------------------------------------------------------------------------
adaptive       burst       2000      21.3      26.3   23.2%  MEDIUM:91, NANO:395, SMALL:1514
fixed_medium   burst       2000      27.0      29.9   33.1%  MEDIUM:2000
fixed_nano     burst       2000      20.2      22.8   15.4%  NANO:2000
fixed_small    burst       2000      21.2      23.5   24.4%  SMALL:2000
predictive     burst       2000      21.4      27.0   24.0%  MEDIUM:224, NANO:397, SMALL:1379
safety         burst       2000      22.1      27.5   26.6%  MEDIUM:417, NANO:21, SMALL:1562
safety2        burst       2000      25.4      29.2   30.4%  MEDIUM:1470, NANO:44, SMALL:486
threshold      burst       2000      22.1      27.7   24.9%  MEDIUM:392, NANO:402, SMALL:1206
================================================================================

Backends used: {'ultralytics'}
