14:22:35  INFO     Loaded 1500 frames from /data/kitti/images/val
14:22:35  INFO     Real inference mode: 1500 frames available
14:22:35  INFO     === RAMS Benchmark  run_id=rams_20260909_142235_7b0aa8638130 ===
14:22:35  INFO     Policies: ['threshold', 'predictive', 'safety', 'adaptive', 'safety2', 'fixed_nano', 'fixed_small', 'fixed_medium']  |  Profiles: ['burst']  |  N/block=200  |  blocks=10  |  simulate=False  |  frames=/data/kitti/images/val
14:22:35  INFO     
--- Block 1/10  Policy: fixed_small  Load: burst (100%) ---
14:22:35  INFO     [RAMS] Starting resource monitor ...
14:22:35  INFO     [RAMS] Loading model tiers ...
WARNING ⚠️ Unable to automatically guess model task, assuming 'task=detect'. Explicitly define task for your model, i.e. 'task=detect', 'segment', 'classify', 'pose', 'obb' or 'semantic'.
Loading yolov8n.engine for TensorRT inference...
[09/09/2026-14:22:38] [TRT] [I] Loaded engine size: 7 MiB
[09/09/2026-14:22:38] [TRT] [I] [MemUsageChange] TensorRT-managed allocation in IExecutionContext creation: CPU +0, GPU +3, now: CPU 0, GPU 9 (MiB)
14:22:39  INFO     [RAMS] YOLOv8-nano ready — TensorRT yolov8n.engine (imgsz=320).
WARNING ⚠️ Unable to automatically guess model task, assuming 'task=detect'. Explicitly define task for your model, i.e. 'task=detect', 'segment', 'classify', 'pose', 'obb' or 'semantic'.
Loading yolov8s.engine for TensorRT inference...
[09/09/2026-14:22:39] [TRT] [I] The logger passed into createInferRuntime differs from one already provided for an existing builder, runtime, or refitter. Uses of the global logger, returned by nvinfer1::getLogger(), will return the existing value.
[09/09/2026-14:22:39] [TRT] [I] Loaded engine size: 23 MiB
[09/09/2026-14:22:39] [TRT] [I] [MemUsageChange] TensorRT-managed allocation in IExecutionContext creation: CPU +1, GPU +7, now: CPU 1, GPU 38 (MiB)
14:22:39  INFO     [RAMS] YOLOv8-small ready — TensorRT yolov8s.engine (imgsz=416).
WARNING ⚠️ Unable to automatically guess model task, assuming 'task=detect'. Explicitly define task for your model, i.e. 'task=detect', 'segment', 'classify', 'pose', 'obb' or 'semantic'.
Loading yolov8m.engine for TensorRT inference...
[09/09/2026-14:22:39] [TRT] [I] The logger passed into createInferRuntime differs from one already provided for an existing builder, runtime, or refitter. Uses of the global logger, returned by nvinfer1::getLogger(), will return the existing value.
[09/09/2026-14:22:39] [TRT] [I] Loaded engine size: 52 MiB
[09/09/2026-14:22:39] [TRT] [I] [MemUsageChange] TensorRT-managed allocation in IExecutionContext creation: CPU +0, GPU +29, now: CPU 1, GPU 117 (MiB)
14:22:39  INFO     [RAMS] YOLOv8-medium ready — TensorRT yolov8m.engine (imgsz=640).
14:22:39  INFO     [RAMS] Controller ready. Policy: fixed
14:22:40  INFO       [fixed_small / burst] 20/200  tier=SMALL   latency=6.0 ms  R=0.736  target=0.85  dets=0  vru=False  backend=tensorrt
14:22:41  INFO       [fixed_small / burst] 40/200  tier=SMALL   latency=8.2 ms  R=0.151  target=0.00  dets=1  vru=False  backend=tensorrt
14:22:41  INFO       [fixed_small / burst] 60/200  tier=SMALL   latency=7.5 ms  R=0.148  target=0.00  dets=1  vru=False  backend=tensorrt
14:22:42  INFO       [fixed_small / burst] 80/200  tier=SMALL   latency=7.9 ms  R=0.149  target=0.00  dets=3  vru=False  backend=tensorrt
14:22:42  INFO       [fixed_small / burst] 100/200  tier=SMALL   latency=9.8 ms  R=0.151  target=0.00  dets=12  vru=False  backend=tensorrt
14:22:43  INFO       [fixed_small / burst] 120/200  tier=SMALL   latency=8.1 ms  R=0.745  target=0.85  dets=4  vru=False  backend=tensorrt
14:22:43  INFO       [fixed_small / burst] 140/200  tier=SMALL   latency=8.8 ms  R=0.158  target=0.00  dets=7  vru=False  backend=tensorrt
14:22:44  INFO       [fixed_small / burst] 160/200  tier=SMALL   latency=7.7 ms  R=0.148  target=0.00  dets=2  vru=False  backend=tensorrt
14:22:44  INFO       [fixed_small / burst] 180/200  tier=SMALL   latency=7.7 ms  R=0.170  target=0.00  dets=2  vru=False  backend=tensorrt
14:22:44  INFO       [fixed_small / burst] 200/200  tier=SMALL   latency=9.0 ms  R=0.147  target=0.00  dets=8  vru=False  backend=tensorrt
14:22:45  INFO     [RAMS] Controller stopped.
14:22:45  INFO     
--- Block 1/10  Policy: fixed_nano  Load: burst (100%) ---
14:22:45  INFO     [RAMS] Starting resource monitor ...
14:22:45  INFO     [RAMS] Loading model tiers ...
WARNING ⚠️ Unable to automatically guess model task, assuming 'task=detect'. Explicitly define task for your model, i.e. 'task=detect', 'segment', 'classify', 'pose', 'obb' or 'semantic'.
Loading yolov8n.engine for TensorRT inference...
[09/09/2026-14:22:45] [TRT] [I] Loaded engine size: 7 MiB
[09/09/2026-14:22:45] [TRT] [I] [MemUsageChange] TensorRT-managed allocation in IExecutionContext creation: CPU +0, GPU +3, now: CPU 0, GPU 9 (MiB)
14:22:45  INFO     [RAMS] YOLOv8-nano ready — TensorRT yolov8n.engine (imgsz=320).
WARNING ⚠️ Unable to automatically guess model task, assuming 'task=detect'. Explicitly define task for your model, i.e. 'task=detect', 'segment', 'classify', 'pose', 'obb' or 'semantic'.
Loading yolov8s.engine for TensorRT inference...
[09/09/2026-14:22:45] [TRT] [I] The logger passed into createInferRuntime differs from one already provided for an existing builder, runtime, or refitter. Uses of the global logger, returned by nvinfer1::getLogger(), will return the existing value.
[09/09/2026-14:22:45] [TRT] [I] Loaded engine size: 23 MiB
[09/09/2026-14:22:45] [TRT] [I] [MemUsageChange] TensorRT-managed allocation in IExecutionContext creation: CPU +1, GPU +7, now: CPU 1, GPU 38 (MiB)
14:22:45  INFO     [RAMS] YOLOv8-small ready — TensorRT yolov8s.engine (imgsz=416).
WARNING ⚠️ Unable to automatically guess model task, assuming 'task=detect'. Explicitly define task for your model, i.e. 'task=detect', 'segment', 'classify', 'pose', 'obb' or 'semantic'.
Loading yolov8m.engine for TensorRT inference...
[09/09/2026-14:22:45] [TRT] [I] The logger passed into createInferRuntime differs from one already provided for an existing builder, runtime, or refitter. Uses of the global logger, returned by nvinfer1::getLogger(), will return the existing value.
[09/09/2026-14:22:45] [TRT] [I] Loaded engine size: 52 MiB
[09/09/2026-14:22:45] [TRT] [I] [MemUsageChange] TensorRT-managed allocation in IExecutionContext creation: CPU +0, GPU +29, now: CPU 1, GPU 117 (MiB)
14:22:45  INFO     [RAMS] YOLOv8-medium ready — TensorRT yolov8m.engine (imgsz=640).
14:22:45  INFO     [RAMS] Controller ready. Policy: fixed
14:22:45  INFO     [RAMS] Tier switch: SMALL → NANO  (R=0.699)
14:22:45  INFO       [fixed_nano / burst] 20/200  tier=NANO    latency=4.6 ms  R=0.704  target=0.85  dets=0  vru=False  backend=tensorrt
14:22:46  INFO       [fixed_nano / burst] 40/200  tier=NANO    latency=6.2 ms  R=0.143  target=0.00  dets=1  vru=False  backend=tensorrt
14:22:46  INFO       [fixed_nano / burst] 60/200  tier=NANO    latency=6.3 ms  R=0.158  target=0.00  dets=1  vru=False  backend=tensorrt
14:22:47  INFO       [fixed_nano / burst] 80/200  tier=NANO    latency=6.4 ms  R=0.246  target=0.00  dets=2  vru=False  backend=tensorrt
14:22:47  INFO       [fixed_nano / burst] 100/200  tier=NANO    latency=8.3 ms  R=0.143  target=0.00  dets=11  vru=False  backend=tensorrt
14:22:48  INFO       [fixed_nano / burst] 120/200  tier=NANO    latency=21.3 ms  R=0.744  target=0.85  dets=3  vru=False  backend=tensorrt
14:22:48  INFO       [fixed_nano / burst] 140/200  tier=NANO    latency=7.1 ms  R=0.232  target=0.00  dets=4  vru=False  backend=tensorrt
14:22:49  INFO       [fixed_nano / burst] 160/200  tier=NANO    latency=4.8 ms  R=0.230  target=0.00  dets=0  vru=False  backend=tensorrt
14:22:49  INFO       [fixed_nano / burst] 180/200  tier=NANO    latency=7.8 ms  R=0.220  target=0.00  dets=3  vru=False  backend=tensorrt
14:22:50  INFO       [fixed_nano / burst] 200/200  tier=NANO    latency=7.6 ms  R=0.235  target=0.00  dets=6  vru=False  backend=tensorrt
14:22:50  INFO     [RAMS] Controller stopped.
14:22:50  INFO     
--- Block 1/10  Policy: threshold  Load: burst (100%) ---
14:22:50  INFO     [RAMS] Starting resource monitor ...
14:22:50  INFO     [RAMS] Loading model tiers ...
WARNING ⚠️ Unable to automatically guess model task, assuming 'task=detect'. Explicitly define task for your model, i.e. 'task=detect', 'segment', 'classify', 'pose', 'obb' or 'semantic'.
Loading yolov8n.engine for TensorRT inference...
[09/09/2026-14:22:50] [TRT] [I] Loaded engine size: 7 MiB
[09/09/2026-14:22:50] [TRT] [I] [MemUsageChange] TensorRT-managed allocation in IExecutionContext creation: CPU +0, GPU +3, now: CPU 0, GPU 9 (MiB)
14:22:50  INFO     [RAMS] YOLOv8-nano ready — TensorRT yolov8n.engine (imgsz=320).
WARNING ⚠️ Unable to automatically guess model task, assuming 'task=detect'. Explicitly define task for your model, i.e. 'task=detect', 'segment', 'classify', 'pose', 'obb' or 'semantic'.
Loading yolov8s.engine for TensorRT inference...
[09/09/2026-14:22:50] [TRT] [I] The logger passed into createInferRuntime differs from one already provided for an existing builder, runtime, or refitter. Uses of the global logger, returned by nvinfer1::getLogger(), will return the existing value.
[09/09/2026-14:22:50] [TRT] [I] Loaded engine size: 23 MiB
[09/09/2026-14:22:50] [TRT] [I] [MemUsageChange] TensorRT-managed allocation in IExecutionContext creation: CPU +1, GPU +7, now: CPU 1, GPU 38 (MiB)
14:22:50  INFO     [RAMS] YOLOv8-small ready — TensorRT yolov8s.engine (imgsz=416).
WARNING ⚠️ Unable to automatically guess model task, assuming 'task=detect'. Explicitly define task for your model, i.e. 'task=detect', 'segment', 'classify', 'pose', 'obb' or 'semantic'.
Loading yolov8m.engine for TensorRT inference...
[09/09/2026-14:22:50] [TRT] [I] The logger passed into createInferRuntime differs from one already provided for an existing builder, runtime, or refitter. Uses of the global logger, returned by nvinfer1::getLogger(), will return the existing value.
[09/09/2026-14:22:50] [TRT] [I] Loaded engine size: 52 MiB
[09/09/2026-14:22:50] [TRT] [I] [MemUsageChange] TensorRT-managed allocation in IExecutionContext creation: CPU +0, GPU +29, now: CPU 1, GPU 117 (MiB)
14:22:50  INFO     [RAMS] YOLOv8-medium ready — TensorRT yolov8m.engine (imgsz=640).
14:22:50  INFO     [RAMS] Controller ready. Policy: threshold
14:22:50  INFO     [RAMS] Tier switch: SMALL → NANO  (R=0.752)
14:22:51  INFO       [threshold / burst] 20/200  tier=NANO    latency=5.0 ms  R=0.758  target=0.85  dets=0  vru=False  backend=tensorrt
14:22:51  INFO     [RAMS] Tier switch: NANO → SMALL  (R=0.169)
14:22:51  INFO       [threshold / burst] 40/200  tier=SMALL   latency=7.8 ms  R=0.201  target=0.00  dets=1  vru=False  backend=tensorrt
14:22:52  INFO       [threshold / burst] 60/200  tier=SMALL   latency=7.8 ms  R=0.286  target=0.00  dets=1  vru=False  backend=tensorrt
14:22:52  INFO       [threshold / burst] 80/200  tier=SMALL   latency=8.5 ms  R=0.219  target=0.00  dets=3  vru=False  backend=tensorrt
14:22:53  INFO       [threshold / burst] 100/200  tier=SMALL   latency=10.7 ms  R=0.211  target=0.00  dets=12  vru=False  backend=tensorrt
14:22:53  INFO     [RAMS] Tier switch: SMALL → NANO  (R=0.730)
14:22:53  INFO       [threshold / burst] 120/200  tier=NANO    latency=7.9 ms  R=0.746  target=0.85  dets=3  vru=False  backend=tensorrt
14:22:54  INFO     [RAMS] Tier switch: NANO → SMALL  (R=0.158)
14:22:54  INFO     [RAMS] Tier switch: SMALL → MEDIUM  (R=0.122)
14:22:54  INFO     [RAMS] Tier switch: MEDIUM → SMALL  (R=0.232)
14:22:54  INFO       [threshold / burst] 140/200  tier=SMALL   latency=8.8 ms  R=0.153  target=0.00  dets=7  vru=False  backend=tensorrt
14:22:54  INFO       [threshold / burst] 160/200  tier=SMALL   latency=8.6 ms  R=0.158  target=0.00  dets=2  vru=False  backend=tensorrt
14:22:55  INFO       [threshold / burst] 180/200  tier=SMALL   latency=7.8 ms  R=0.154  target=0.00  dets=2  vru=False  backend=tensorrt
14:22:55  INFO       [threshold / burst] 200/200  tier=SMALL   latency=9.1 ms  R=0.148  target=0.00  dets=8  vru=False  backend=tensorrt
14:22:55  INFO     [RAMS] Controller stopped.
14:22:56  INFO     
--- Block 1/10  Policy: predictive  Load: burst (100%) ---
14:22:56  INFO     [RAMS] Starting resource monitor ...
14:22:56  INFO     [RAMS] Loading model tiers ...
WARNING ⚠️ Unable to automatically guess model task, assuming 'task=detect'. Explicitly define task for your model, i.e. 'task=detect', 'segment', 'classify', 'pose', 'obb' or 'semantic'.
Loading yolov8n.engine for TensorRT inference...
[09/09/2026-14:22:56] [TRT] [I] Loaded engine size: 7 MiB
[09/09/2026-14:22:56] [TRT] [I] [MemUsageChange] TensorRT-managed allocation in IExecutionContext creation: CPU +0, GPU +3, now: CPU 0, GPU 9 (MiB)
14:22:56  INFO     [RAMS] YOLOv8-nano ready — TensorRT yolov8n.engine (imgsz=320).
WARNING ⚠️ Unable to automatically guess model task, assuming 'task=detect'. Explicitly define task for your model, i.e. 'task=detect', 'segment', 'classify', 'pose', 'obb' or 'semantic'.
Loading yolov8s.engine for TensorRT inference...
[09/09/2026-14:22:56] [TRT] [I] The logger passed into createInferRuntime differs from one already provided for an existing builder, runtime, or refitter. Uses of the global logger, returned by nvinfer1::getLogger(), will return the existing value.
[09/09/2026-14:22:56] [TRT] [I] Loaded engine size: 23 MiB
[09/09/2026-14:22:56] [TRT] [I] [MemUsageChange] TensorRT-managed allocation in IExecutionContext creation: CPU +1, GPU +7, now: CPU 1, GPU 38 (MiB)
14:22:56  INFO     [RAMS] YOLOv8-small ready — TensorRT yolov8s.engine (imgsz=416).
WARNING ⚠️ Unable to automatically guess model task, assuming 'task=detect'. Explicitly define task for your model, i.e. 'task=detect', 'segment', 'classify', 'pose', 'obb' or 'semantic'.
Loading yolov8m.engine for TensorRT inference...
[09/09/2026-14:22:56] [TRT] [I] The logger passed into createInferRuntime differs from one already provided for an existing builder, runtime, or refitter. Uses of the global logger, returned by nvinfer1::getLogger(), will return the existing value.
[09/09/2026-14:22:56] [TRT] [I] Loaded engine size: 52 MiB
[09/09/2026-14:22:56] [TRT] [I] [MemUsageChange] TensorRT-managed allocation in IExecutionContext creation: CPU +0, GPU +29, now: CPU 1, GPU 117 (MiB)
14:22:56  INFO     [RAMS] YOLOv8-medium ready — TensorRT yolov8m.engine (imgsz=640).
14:22:56  INFO     [RAMS] Controller ready. Policy: predictive
14:22:56  INFO     [RAMS] Tier switch: SMALL → NANO  (R=0.694)
14:22:56  INFO       [predictive / burst] 20/200  tier=NANO    latency=4.6 ms  R=0.732  target=0.85  dets=0  vru=False  backend=tensorrt
14:22:57  INFO     [RAMS] Tier switch: NANO → SMALL  (R=0.086)
14:22:57  INFO       [predictive / burst] 40/200  tier=SMALL   latency=7.5 ms  R=0.161  target=0.00  dets=1  vru=False  backend=tensorrt
14:22:57  INFO       [predictive / burst] 60/200  tier=SMALL   latency=7.5 ms  R=0.158  target=0.00  dets=1  vru=False  backend=tensorrt
14:22:58  INFO     [RAMS] Tier switch: SMALL → MEDIUM  (R=0.121)
14:22:58  INFO     [RAMS] Tier switch: MEDIUM → SMALL  (R=0.231)
14:22:58  INFO       [predictive / burst] 80/200  tier=SMALL   latency=8.0 ms  R=0.231  target=0.00  dets=3  vru=False  backend=tensorrt
14:22:58  INFO       [predictive / burst] 100/200  tier=SMALL   latency=10.0 ms  R=0.165  target=0.00  dets=12  vru=False  backend=tensorrt
14:22:58  INFO     [RAMS] Tier switch: SMALL → NANO  (R=0.663)
14:22:59  INFO       [predictive / burst] 120/200  tier=NANO    latency=10.1 ms  R=0.730  target=0.85  dets=3  vru=False  backend=tensorrt
14:22:59  INFO     [RAMS] Tier switch: NANO → SMALL  (R=0.069)
14:22:59  INFO       [predictive / burst] 140/200  tier=SMALL   latency=8.8 ms  R=0.139  target=0.00  dets=7  vru=False  backend=tensorrt
14:23:00  INFO       [predictive / burst] 160/200  tier=SMALL   latency=7.9 ms  R=0.150  target=0.00  dets=2  vru=False  backend=tensorrt
14:23:00  INFO     [RAMS] Tier switch: SMALL → MEDIUM  (R=0.122)
14:23:00  INFO     [RAMS] Tier switch: MEDIUM → SMALL  (R=0.147)
14:23:00  INFO       [predictive / burst] 180/200  tier=SMALL   latency=7.7 ms  R=0.147  target=0.00  dets=2  vru=False  backend=tensorrt
14:23:01  INFO       [predictive / burst] 200/200  tier=SMALL   latency=9.4 ms  R=0.159  target=0.00  dets=8  vru=False  backend=tensorrt
14:23:01  INFO     [RAMS] Controller stopped.
14:23:01  INFO     
--- Block 1/10  Policy: adaptive  Load: burst (100%) ---
14:23:01  INFO     [RAMS] Starting resource monitor ...
14:23:01  INFO     [RAMS] Loading model tiers ...
WARNING ⚠️ Unable to automatically guess model task, assuming 'task=detect'. Explicitly define task for your model, i.e. 'task=detect', 'segment', 'classify', 'pose', 'obb' or 'semantic'.
Loading yolov8n.engine for TensorRT inference...
[09/09/2026-14:23:01] [TRT] [I] Loaded engine size: 7 MiB
[09/09/2026-14:23:01] [TRT] [I] [MemUsageChange] TensorRT-managed allocation in IExecutionContext creation: CPU +0, GPU +3, now: CPU 0, GPU 9 (MiB)
14:23:01  INFO     [RAMS] YOLOv8-nano ready — TensorRT yolov8n.engine (imgsz=320).
WARNING ⚠️ Unable to automatically guess model task, assuming 'task=detect'. Explicitly define task for your model, i.e. 'task=detect', 'segment', 'classify', 'pose', 'obb' or 'semantic'.
Loading yolov8s.engine for TensorRT inference...
[09/09/2026-14:23:01] [TRT] [I] The logger passed into createInferRuntime differs from one already provided for an existing builder, runtime, or refitter. Uses of the global logger, returned by nvinfer1::getLogger(), will return the existing value.
[09/09/2026-14:23:01] [TRT] [I] Loaded engine size: 23 MiB
[09/09/2026-14:23:01] [TRT] [I] [MemUsageChange] TensorRT-managed allocation in IExecutionContext creation: CPU +1, GPU +7, now: CPU 1, GPU 38 (MiB)
14:23:01  INFO     [RAMS] YOLOv8-small ready — TensorRT yolov8s.engine (imgsz=416).
WARNING ⚠️ Unable to automatically guess model task, assuming 'task=detect'. Explicitly define task for your model, i.e. 'task=detect', 'segment', 'classify', 'pose', 'obb' or 'semantic'.
Loading yolov8m.engine for TensorRT inference...
[09/09/2026-14:23:01] [TRT] [I] The logger passed into createInferRuntime differs from one already provided for an existing builder, runtime, or refitter. Uses of the global logger, returned by nvinfer1::getLogger(), will return the existing value.
[09/09/2026-14:23:01] [TRT] [I] Loaded engine size: 52 MiB
[09/09/2026-14:23:01] [TRT] [I] [MemUsageChange] TensorRT-managed allocation in IExecutionContext creation: CPU +0, GPU +29, now: CPU 1, GPU 117 (MiB)
14:23:01  INFO     [RAMS] YOLOv8-medium ready — TensorRT yolov8m.engine (imgsz=640).
14:23:01  INFO     [RAMS] Controller ready. Policy: adaptive
14:23:01  INFO     [RAMS] Tier switch: SMALL → NANO  (R=0.692)
14:23:02  INFO       [adaptive / burst] 20/200  tier=NANO    latency=5.0 ms  R=0.744  target=0.85  dets=0  vru=False  backend=tensorrt
14:23:02  INFO     [RAMS] Tier switch: NANO → SMALL  (R=0.069)
14:23:02  INFO     [RAMS] Tier switch: SMALL → MEDIUM  (R=0.069)
14:23:02  INFO     [RAMS] Tier switch: MEDIUM → SMALL  (R=0.152)
14:23:02  INFO       [adaptive / burst] 40/200  tier=SMALL   latency=7.7 ms  R=0.216  target=0.00  dets=1  vru=False  backend=tensorrt
14:23:03  INFO       [adaptive / burst] 60/200  tier=SMALL   latency=7.8 ms  R=0.222  target=0.00  dets=1  vru=False  backend=tensorrt
14:23:03  INFO       [adaptive / burst] 80/200  tier=SMALL   latency=8.0 ms  R=0.134  target=0.00  dets=3  vru=False  backend=tensorrt
14:23:04  INFO       [adaptive / burst] 100/200  tier=SMALL   latency=9.8 ms  R=0.153  target=0.00  dets=12  vru=False  backend=tensorrt
14:23:04  INFO     [RAMS] Tier switch: SMALL → NANO  (R=0.680)
14:23:04  INFO       [adaptive / burst] 120/200  tier=NANO    latency=6.5 ms  R=0.738  target=0.85  dets=3  vru=False  backend=tensorrt
14:23:04  INFO     [RAMS] Tier switch: NANO → SMALL  (R=0.063)
14:23:04  INFO     [RAMS] Tier switch: SMALL → MEDIUM  (R=0.063)
14:23:05  INFO     [RAMS] Tier switch: MEDIUM → SMALL  (R=0.190)
14:23:05  INFO       [adaptive / burst] 140/200  tier=SMALL   latency=8.8 ms  R=0.158  target=0.00  dets=7  vru=False  backend=tensorrt
14:23:05  INFO       [adaptive / burst] 160/200  tier=SMALL   latency=7.7 ms  R=0.153  target=0.00  dets=2  vru=False  backend=tensorrt
14:23:06  INFO       [adaptive / burst] 180/200  tier=SMALL   latency=7.8 ms  R=0.237  target=0.00  dets=2  vru=False  backend=tensorrt
14:23:06  INFO       [adaptive / burst] 200/200  tier=SMALL   latency=9.1 ms  R=0.136  target=0.00  dets=8  vru=False  backend=tensorrt
14:23:06  INFO     [RAMS] Controller stopped.
14:23:06  INFO     
--- Block 1/10  Policy: fixed_medium  Load: burst (100%) ---
14:23:06  INFO     [RAMS] Starting resource monitor ...
14:23:06  INFO     [RAMS] Loading model tiers ...
WARNING ⚠️ Unable to automatically guess model task, assuming 'task=detect'. Explicitly define task for your model, i.e. 'task=detect', 'segment', 'classify', 'pose', 'obb' or 'semantic'.
Loading yolov8n.engine for TensorRT inference...
[09/09/2026-14:23:06] [TRT] [I] Loaded engine size: 7 MiB
[09/09/2026-14:23:06] [TRT] [I] [MemUsageChange] TensorRT-managed allocation in IExecutionContext creation: CPU +0, GPU +3, now: CPU 0, GPU 9 (MiB)
14:23:06  INFO     [RAMS] YOLOv8-nano ready — TensorRT yolov8n.engine (imgsz=320).
WARNING ⚠️ Unable to automatically guess model task, assuming 'task=detect'. Explicitly define task for your model, i.e. 'task=detect', 'segment', 'classify', 'pose', 'obb' or 'semantic'.
Loading yolov8s.engine for TensorRT inference...
[09/09/2026-14:23:06] [TRT] [I] The logger passed into createInferRuntime differs from one already provided for an existing builder, runtime, or refitter. Uses of the global logger, returned by nvinfer1::getLogger(), will return the existing value.
[09/09/2026-14:23:06] [TRT] [I] Loaded engine size: 23 MiB
[09/09/2026-14:23:06] [TRT] [I] [MemUsageChange] TensorRT-managed allocation in IExecutionContext creation: CPU +1, GPU +7, now: CPU 1, GPU 38 (MiB)
14:23:06  INFO     [RAMS] YOLOv8-small ready — TensorRT yolov8s.engine (imgsz=416).
WARNING ⚠️ Unable to automatically guess model task, assuming 'task=detect'. Explicitly define task for your model, i.e. 'task=detect', 'segment', 'classify', 'pose', 'obb' or 'semantic'.
Loading yolov8m.engine for TensorRT inference...
[09/09/2026-14:23:06] [TRT] [I] The logger passed into createInferRuntime differs from one already provided for an existing builder, runtime, or refitter. Uses of the global logger, returned by nvinfer1::getLogger(), will return the existing value.
[09/09/2026-14:23:06] [TRT] [I] Loaded engine size: 52 MiB
[09/09/2026-14:23:06] [TRT] [I] [MemUsageChange] TensorRT-managed allocation in IExecutionContext creation: CPU +0, GPU +29, now: CPU 1, GPU 117 (MiB)
14:23:06  INFO     [RAMS] YOLOv8-medium ready — TensorRT yolov8m.engine (imgsz=640).
14:23:06  INFO     [RAMS] Controller ready. Policy: fixed
14:23:07  INFO     [RAMS] Tier switch: SMALL → MEDIUM  (R=0.716)
14:23:07  INFO       [fixed_medium / burst] 20/200  tier=MEDIUM  latency=22.7 ms  R=0.782  target=0.85  dets=3  vru=False  backend=tensorrt
14:23:08  INFO       [fixed_medium / burst] 40/200  tier=MEDIUM  latency=13.5 ms  R=0.162  target=0.00  dets=1  vru=False  backend=tensorrt
14:23:09  INFO       [fixed_medium / burst] 60/200  tier=MEDIUM  latency=14.3 ms  R=0.198  target=0.00  dets=4  vru=False  backend=tensorrt
14:23:09  INFO       [fixed_medium / burst] 80/200  tier=MEDIUM  latency=14.7 ms  R=0.267  target=0.00  dets=5  vru=False  backend=tensorrt
14:23:10  INFO       [fixed_medium / burst] 100/200  tier=MEDIUM  latency=17.1 ms  R=0.369  target=0.00  dets=16  vru=False  backend=tensorrt
14:23:11  INFO       [fixed_medium / burst] 120/200  tier=MEDIUM  latency=21.1 ms  R=0.743  target=0.85  dets=4  vru=False  backend=tensorrt
14:23:11  INFO       [fixed_medium / burst] 140/200  tier=MEDIUM  latency=16.4 ms  R=0.213  target=0.00  dets=13  vru=False  backend=tensorrt
14:23:12  INFO       [fixed_medium / burst] 160/200  tier=MEDIUM  latency=14.8 ms  R=0.256  target=0.00  dets=6  vru=False  backend=tensorrt
14:23:12  INFO       [fixed_medium / burst] 180/200  tier=MEDIUM  latency=14.4 ms  R=0.208  target=0.00  dets=3  vru=False  backend=tensorrt
14:23:13  INFO       [fixed_medium / burst] 200/200  tier=MEDIUM  latency=16.9 ms  R=0.200  target=0.00  dets=16  vru=False  backend=tensorrt
14:23:13  INFO     [RAMS] Controller stopped.
14:23:13  INFO     
--- Block 1/10  Policy: safety2  Load: burst (100%) ---
14:23:13  INFO     [RAMS] Starting resource monitor ...
14:23:13  INFO     [RAMS] Loading model tiers ...
WARNING ⚠️ Unable to automatically guess model task, assuming 'task=detect'. Explicitly define task for your model, i.e. 'task=detect', 'segment', 'classify', 'pose', 'obb' or 'semantic'.
Loading yolov8n.engine for TensorRT inference...
[09/09/2026-14:23:13] [TRT] [I] Loaded engine size: 7 MiB
[09/09/2026-14:23:13] [TRT] [I] [MemUsageChange] TensorRT-managed allocation in IExecutionContext creation: CPU +0, GPU +3, now: CPU 0, GPU 9 (MiB)
14:23:13  INFO     [RAMS] YOLOv8-nano ready — TensorRT yolov8n.engine (imgsz=320).
WARNING ⚠️ Unable to automatically guess model task, assuming 'task=detect'. Explicitly define task for your model, i.e. 'task=detect', 'segment', 'classify', 'pose', 'obb' or 'semantic'.
Loading yolov8s.engine for TensorRT inference...
[09/09/2026-14:23:13] [TRT] [I] The logger passed into createInferRuntime differs from one already provided for an existing builder, runtime, or refitter. Uses of the global logger, returned by nvinfer1::getLogger(), will return the existing value.
[09/09/2026-14:23:13] [TRT] [I] Loaded engine size: 23 MiB
[09/09/2026-14:23:13] [TRT] [I] [MemUsageChange] TensorRT-managed allocation in IExecutionContext creation: CPU +1, GPU +7, now: CPU 1, GPU 38 (MiB)
14:23:13  INFO     [RAMS] YOLOv8-small ready — TensorRT yolov8s.engine (imgsz=416).
WARNING ⚠️ Unable to automatically guess model task, assuming 'task=detect'. Explicitly define task for your model, i.e. 'task=detect', 'segment', 'classify', 'pose', 'obb' or 'semantic'.
Loading yolov8m.engine for TensorRT inference...
[09/09/2026-14:23:13] [TRT] [I] The logger passed into createInferRuntime differs from one already provided for an existing builder, runtime, or refitter. Uses of the global logger, returned by nvinfer1::getLogger(), will return the existing value.
[09/09/2026-14:23:13] [TRT] [I] Loaded engine size: 52 MiB
[09/09/2026-14:23:13] [TRT] [I] [MemUsageChange] TensorRT-managed allocation in IExecutionContext creation: CPU +0, GPU +29, now: CPU 1, GPU 117 (MiB)
14:23:13  INFO     [RAMS] YOLOv8-medium ready — TensorRT yolov8m.engine (imgsz=640).
14:23:13  INFO     [RAMS] Controller ready. Policy: safety2
14:23:14  INFO     [RAMS] Tier switch: SMALL → MEDIUM  (R=0.732)
14:23:14  INFO       [safety2 / burst] 20/200  tier=MEDIUM  latency=17.6 ms  R=0.765  target=0.85  dets=3  vru=False  backend=tensorrt
14:23:14  INFO     [RAMS] Tier switch: MEDIUM → SMALL  (R=0.141)
14:23:15  INFO     [RAMS] Tier switch: SMALL → MEDIUM  (R=0.243)
14:23:15  INFO       [safety2 / burst] 40/200  tier=MEDIUM  latency=14.2 ms  R=0.243  target=0.00  dets=1  vru=False  backend=tensorrt
14:23:15  INFO     [RAMS] Tier switch: MEDIUM → SMALL  (R=0.145)
14:23:15  INFO       [safety2 / burst] 60/200  tier=SMALL   latency=7.5 ms  R=0.145  target=0.00  dets=1  vru=False  backend=tensorrt
14:23:16  INFO     [RAMS] Tier switch: SMALL → MEDIUM  (R=0.164)
14:23:16  INFO       [safety2 / burst] 80/200  tier=MEDIUM  latency=14.6 ms  R=0.255  target=0.00  dets=5  vru=False  backend=tensorrt
14:23:16  INFO       [safety2 / burst] 100/200  tier=MEDIUM  latency=16.7 ms  R=0.192  target=0.00  dets=16  vru=False  backend=tensorrt
14:23:17  INFO     [RAMS] Tier switch: MEDIUM → SMALL  (R=0.704)
14:23:17  INFO     [RAMS] Tier switch: SMALL → MEDIUM  (R=0.716)
14:23:17  INFO       [safety2 / burst] 120/200  tier=MEDIUM  latency=15.6 ms  R=0.787  target=0.85  dets=4  vru=False  backend=tensorrt
14:23:18  INFO     [RAMS] Tier switch: MEDIUM → SMALL  (R=0.133)
14:23:18  INFO       [safety2 / burst] 140/200  tier=SMALL   latency=8.9 ms  R=0.170  target=0.00  dets=7  vru=False  backend=tensorrt
14:23:18  INFO     [RAMS] Tier switch: SMALL → MEDIUM  (R=0.159)
14:23:18  INFO       [safety2 / burst] 160/200  tier=MEDIUM  latency=14.6 ms  R=0.133  target=0.00  dets=6  vru=False  backend=tensorrt
14:23:19  INFO     [RAMS] Tier switch: MEDIUM → SMALL  (R=0.191)
14:23:19  INFO     [RAMS] Tier switch: SMALL → MEDIUM  (R=0.219)
14:23:19  INFO       [safety2 / burst] 180/200  tier=MEDIUM  latency=14.1 ms  R=0.219  target=0.00  dets=3  vru=False  backend=tensorrt
14:23:19  INFO       [safety2 / burst] 200/200  tier=MEDIUM  latency=16.8 ms  R=0.149  target=0.00  dets=16  vru=False  backend=tensorrt
14:23:19  INFO     [RAMS] Controller stopped.
14:23:19  INFO     
--- Block 1/10  Policy: safety  Load: burst (100%) ---
14:23:19  INFO     [RAMS] Starting resource monitor ...
14:23:19  INFO     [RAMS] Loading model tiers ...
WARNING ⚠️ Unable to automatically guess model task, assuming 'task=detect'. Explicitly define task for your model, i.e. 'task=detect', 'segment', 'classify', 'pose', 'obb' or 'semantic'.
Loading yolov8n.engine for TensorRT inference...
[09/09/2026-14:23:19] [TRT] [I] Loaded engine size: 7 MiB
[09/09/2026-14:23:19] [TRT] [I] [MemUsageChange] TensorRT-managed allocation in IExecutionContext creation: CPU +0, GPU +3, now: CPU 0, GPU 9 (MiB)
14:23:20  INFO     [RAMS] YOLOv8-nano ready — TensorRT yolov8n.engine (imgsz=320).
WARNING ⚠️ Unable to automatically guess model task, assuming 'task=detect'. Explicitly define task for your model, i.e. 'task=detect', 'segment', 'classify', 'pose', 'obb' or 'semantic'.
Loading yolov8s.engine for TensorRT inference...
[09/09/2026-14:23:20] [TRT] [I] The logger passed into createInferRuntime differs from one already provided for an existing builder, runtime, or refitter. Uses of the global logger, returned by nvinfer1::getLogger(), will return the existing value.
[09/09/2026-14:23:20] [TRT] [I] Loaded engine size: 23 MiB
[09/09/2026-14:23:20] [TRT] [I] [MemUsageChange] TensorRT-managed allocation in IExecutionContext creation: CPU +1, GPU +7, now: CPU 1, GPU 38 (MiB)
14:23:20  INFO     [RAMS] YOLOv8-small ready — TensorRT yolov8s.engine (imgsz=416).
WARNING ⚠️ Unable to automatically guess model task, assuming 'task=detect'. Explicitly define task for your model, i.e. 'task=detect', 'segment', 'classify', 'pose', 'obb' or 'semantic'.
Loading yolov8m.engine for TensorRT inference...
[09/09/2026-14:23:20] [TRT] [I] The logger passed into createInferRuntime differs from one already provided for an existing builder, runtime, or refitter. Uses of the global logger, returned by nvinfer1::getLogger(), will return the existing value.
[09/09/2026-14:23:20] [TRT] [I] Loaded engine size: 52 MiB
[09/09/2026-14:23:20] [TRT] [I] [MemUsageChange] TensorRT-managed allocation in IExecutionContext creation: CPU +0, GPU +29, now: CPU 1, GPU 117 (MiB)
14:23:20  INFO     [RAMS] YOLOv8-medium ready — TensorRT yolov8m.engine (imgsz=640).
14:23:20  INFO     [RAMS] Controller ready. Policy: safety
14:23:20  INFO       [safety / burst] 20/200  tier=SMALL   latency=5.9 ms  R=0.742  target=0.85  dets=0  vru=False  backend=tensorrt
14:23:21  INFO     [RAMS] Tier switch: SMALL → MEDIUM  (R=0.092)
14:23:21  INFO     [RAMS] Tier switch: MEDIUM → SMALL  (R=0.227)
14:23:21  INFO       [safety / burst] 40/200  tier=SMALL   latency=7.7 ms  R=0.165  target=0.00  dets=1  vru=False  backend=tensorrt
14:23:21  INFO       [safety / burst] 60/200  tier=SMALL   latency=7.4 ms  R=0.158  target=0.00  dets=1  vru=False  backend=tensorrt
14:23:22  INFO       [safety / burst] 80/200  tier=SMALL   latency=7.9 ms  R=0.209  target=0.00  dets=3  vru=False  backend=tensorrt
14:23:22  INFO       [safety / burst] 100/200  tier=SMALL   latency=9.8 ms  R=0.156  target=0.00  dets=12  vru=False  backend=tensorrt
14:23:23  INFO       [safety / burst] 120/200  tier=SMALL   latency=8.5 ms  R=0.737  target=0.85  dets=4  vru=False  backend=tensorrt
14:23:23  INFO     [RAMS] Tier switch: SMALL → MEDIUM  (R=0.069)
14:23:23  INFO     [RAMS] Tier switch: MEDIUM → SMALL  (R=0.132)
14:23:24  INFO       [safety / burst] 140/200  tier=SMALL   latency=8.8 ms  R=0.126  target=0.00  dets=7  vru=False  backend=tensorrt
14:23:24  INFO     [RAMS] Tier switch: SMALL → MEDIUM  (R=0.126)
14:23:24  INFO     [RAMS] Tier switch: MEDIUM → SMALL  (R=0.189)
14:23:24  INFO       [safety / burst] 160/200  tier=SMALL   latency=8.2 ms  R=0.148  target=0.00  dets=2  vru=False  backend=tensorrt
14:23:24  INFO       [safety / burst] 180/200  tier=SMALL   latency=7.6 ms  R=0.147  target=0.00  dets=2  vru=False  backend=tensorrt
14:23:25  INFO       [safety / burst] 200/200  tier=SMALL   latency=9.1 ms  R=0.193  target=0.00  dets=8  vru=False  backend=tensorrt
14:23:25  INFO     [RAMS] Controller stopped.
14:23:25  INFO     
--- Block 2/10  Policy: safety2  Load: burst (100%) ---
14:23:25  INFO     [RAMS] Starting resource monitor ...
14:23:25  INFO     [RAMS] Loading model tiers ...
WARNING ⚠️ Unable to automatically guess model task, assuming 'task=detect'. Explicitly define task for your model, i.e. 'task=detect', 'segment', 'classify', 'pose', 'obb' or 'semantic'.
Loading yolov8n.engine for TensorRT inference...
[09/09/2026-14:23:25] [TRT] [I] Loaded engine size: 7 MiB
[09/09/2026-14:23:25] [TRT] [I] [MemUsageChange] TensorRT-managed allocation in IExecutionContext creation: CPU +0, GPU +3, now: CPU 0, GPU 9 (MiB)
14:23:25  INFO     [RAMS] YOLOv8-nano ready — TensorRT yolov8n.engine (imgsz=320).
WARNING ⚠️ Unable to automatically guess model task, assuming 'task=detect'. Explicitly define task for your model, i.e. 'task=detect', 'segment', 'classify', 'pose', 'obb' or 'semantic'.
Loading yolov8s.engine for TensorRT inference...
[09/09/2026-14:23:25] [TRT] [I] The logger passed into createInferRuntime differs from one already provided for an existing builder, runtime, or refitter. Uses of the global logger, returned by nvinfer1::getLogger(), will return the existing value.
[09/09/2026-14:23:25] [TRT] [I] Loaded engine size: 23 MiB
[09/09/2026-14:23:25] [TRT] [I] [MemUsageChange] TensorRT-managed allocation in IExecutionContext creation: CPU +1, GPU +7, now: CPU 1, GPU 38 (MiB)
14:23:25  INFO     [RAMS] YOLOv8-small ready — TensorRT yolov8s.engine (imgsz=416).
WARNING ⚠️ Unable to automatically guess model task, assuming 'task=detect'. Explicitly define task for your model, i.e. 'task=detect', 'segment', 'classify', 'pose', 'obb' or 'semantic'.
Loading yolov8m.engine for TensorRT inference...
[09/09/2026-14:23:25] [TRT] [I] The logger passed into createInferRuntime differs from one already provided for an existing builder, runtime, or refitter. Uses of the global logger, returned by nvinfer1::getLogger(), will return the existing value.
[09/09/2026-14:23:25] [TRT] [I] Loaded engine size: 52 MiB
[09/09/2026-14:23:25] [TRT] [I] [MemUsageChange] TensorRT-managed allocation in IExecutionContext creation: CPU +0, GPU +29, now: CPU 1, GPU 117 (MiB)
14:23:25  INFO     [RAMS] YOLOv8-medium ready — TensorRT yolov8m.engine (imgsz=640).
14:23:25  INFO     [RAMS] Controller ready. Policy: safety2
14:23:26  INFO     [RAMS] Tier switch: SMALL → NANO  (R=0.688)
14:23:26  INFO     [RAMS] Tier switch: NANO → SMALL  (R=0.688)
14:23:26  INFO     [RAMS] Tier switch: SMALL → MEDIUM  (R=0.727)
14:23:26  INFO       [safety2 / burst] 20/200  tier=MEDIUM  latency=17.8 ms  R=0.709  target=0.85  dets=21  vru=False  backend=tensorrt
14:23:26  INFO     [RAMS] Tier switch: MEDIUM → SMALL  (R=0.194)
14:23:27  INFO     [RAMS] Tier switch: SMALL → MEDIUM  (R=0.149)
14:23:27  INFO       [safety2 / burst] 40/200  tier=MEDIUM  latency=16.4 ms  R=0.136  target=0.00  dets=13  vru=False  backend=tensorrt
14:23:27  INFO       [safety2 / burst] 60/200  tier=MEDIUM  latency=15.1 ms  R=0.197  target=0.00  dets=8  vru=False  backend=tensorrt
14:23:28  INFO     [RAMS] Tier switch: MEDIUM → SMALL  (R=0.199)
14:23:28  INFO       [safety2 / burst] 80/200  tier=SMALL   latency=8.3 ms  R=0.301  target=0.00  dets=5  vru=False  backend=tensorrt
14:23:28  INFO     [RAMS] Tier switch: SMALL → MEDIUM  (R=0.157)
14:23:28  INFO       [safety2 / burst] 100/200  tier=MEDIUM  latency=14.1 ms  R=0.155  target=0.00  dets=2  vru=False  backend=tensorrt
14:23:29  INFO     [RAMS] Tier switch: MEDIUM → NANO  (R=0.687)
14:23:29  INFO     [RAMS] Tier switch: NANO → SMALL  (R=0.687)
14:23:29  INFO       [safety2 / burst] 120/200  tier=SMALL   latency=10.1 ms  R=0.741  target=0.85  dets=10  vru=False  backend=tensorrt
14:23:29  INFO     [RAMS] Tier switch: SMALL → MEDIUM  (R=0.063)
14:23:30  INFO       [safety2 / burst] 140/200  tier=MEDIUM  latency=15.6 ms  R=0.203  target=0.00  dets=8  vru=False  backend=tensorrt
14:23:30  INFO     [RAMS] Tier switch: MEDIUM → SMALL  (R=0.203)
14:23:30  INFO     [RAMS] Tier switch: SMALL → MEDIUM  (R=0.148)
14:23:30  INFO       [safety2 / burst] 160/200  tier=MEDIUM  latency=15.0 ms  R=0.183  target=0.00  dets=6  vru=False  backend=tensorrt
14:23:30  INFO     [RAMS] Tier switch: MEDIUM → SMALL  (R=0.193)
14:23:31  INFO       [safety2 / burst] 180/200  tier=SMALL   latency=10.3 ms  R=0.272  target=0.00  dets=4  vru=True  backend=tensorrt
14:23:31  INFO     [RAMS] Tier switch: SMALL → MEDIUM  (R=0.231)
14:23:31  INFO       [safety2 / burst] 200/200  tier=MEDIUM  latency=14.7 ms  R=0.260  target=0.00  dets=5  vru=False  backend=tensorrt
14:23:31  INFO     [RAMS] Controller stopped.
14:23:31  INFO     
--- Block 2/10  Policy: threshold  Load: burst (100%) ---
14:23:31  INFO     [RAMS] Starting resource monitor ...
14:23:31  INFO     [RAMS] Loading model tiers ...
WARNING ⚠️ Unable to automatically guess model task, assuming 'task=detect'. Explicitly define task for your model, i.e. 'task=detect', 'segment', 'classify', 'pose', 'obb' or 'semantic'.
Loading yolov8n.engine for TensorRT inference...
[09/09/2026-14:23:31] [TRT] [I] Loaded engine size: 7 MiB
[09/09/2026-14:23:31] [TRT] [I] [MemUsageChange] TensorRT-managed allocation in IExecutionContext creation: CPU +0, GPU +3, now: CPU 0, GPU 9 (MiB)
14:23:31  INFO     [RAMS] YOLOv8-nano ready — TensorRT yolov8n.engine (imgsz=320).
WARNING ⚠️ Unable to automatically guess model task, assuming 'task=detect'. Explicitly define task for your model, i.e. 'task=detect', 'segment', 'classify', 'pose', 'obb' or 'semantic'.
Loading yolov8s.engine for TensorRT inference...
[09/09/2026-14:23:31] [TRT] [I] The logger passed into createInferRuntime differs from one already provided for an existing builder, runtime, or refitter. Uses of the global logger, returned by nvinfer1::getLogger(), will return the existing value.
[09/09/2026-14:23:31] [TRT] [I] Loaded engine size: 23 MiB
[09/09/2026-14:23:31] [TRT] [I] [MemUsageChange] TensorRT-managed allocation in IExecutionContext creation: CPU +1, GPU +7, now: CPU 1, GPU 38 (MiB)
14:23:31  INFO     [RAMS] YOLOv8-small ready — TensorRT yolov8s.engine (imgsz=416).
WARNING ⚠️ Unable to automatically guess model task, assuming 'task=detect'. Explicitly define task for your model, i.e. 'task=detect', 'segment', 'classify', 'pose', 'obb' or 'semantic'.
Loading yolov8m.engine for TensorRT inference...
[09/09/2026-14:23:31] [TRT] [I] The logger passed into createInferRuntime differs from one already provided for an existing builder, runtime, or refitter. Uses of the global logger, returned by nvinfer1::getLogger(), will return the existing value.
[09/09/2026-14:23:32] [TRT] [I] Loaded engine size: 52 MiB
[09/09/2026-14:23:32] [TRT] [I] [MemUsageChange] TensorRT-managed allocation in IExecutionContext creation: CPU +0, GPU +29, now: CPU 1, GPU 117 (MiB)
14:23:32  INFO     [RAMS] YOLOv8-medium ready — TensorRT yolov8m.engine (imgsz=640).
14:23:32  INFO     [RAMS] Controller ready. Policy: threshold
14:23:32  INFO     [RAMS] Tier switch: SMALL → NANO  (R=0.758)
14:23:32  INFO       [threshold / burst] 20/200  tier=NANO    latency=9.6 ms  R=0.757  target=0.85  dets=14  vru=False  backend=tensorrt
14:23:32  INFO     [RAMS] Tier switch: NANO → SMALL  (R=0.186)
14:23:33  INFO       [threshold / burst] 40/200  tier=SMALL   latency=9.0 ms  R=0.304  target=0.00  dets=6  vru=False  backend=tensorrt
14:23:33  INFO       [threshold / burst] 60/200  tier=SMALL   latency=8.8 ms  R=0.197  target=0.00  dets=6  vru=False  backend=tensorrt
14:23:34  INFO       [threshold / burst] 80/200  tier=SMALL   latency=8.6 ms  R=0.225  target=0.00  dets=5  vru=False  backend=tensorrt
14:23:34  INFO       [threshold / burst] 100/200  tier=SMALL   latency=7.9 ms  R=0.221  target=0.00  dets=2  vru=False  backend=tensorrt
14:23:34  INFO     [RAMS] Tier switch: SMALL → NANO  (R=0.712)
14:23:35  INFO       [threshold / burst] 120/200  tier=NANO    latency=12.8 ms  R=0.751  target=0.85  dets=4  vru=False  backend=tensorrt
14:23:35  INFO     [RAMS] Tier switch: NANO → SMALL  (R=0.190)
14:23:35  INFO       [threshold / burst] 140/200  tier=SMALL   latency=8.7 ms  R=0.213  target=0.00  dets=3  vru=False  backend=tensorrt
14:23:36  INFO       [threshold / burst] 160/200  tier=SMALL   latency=6.2 ms  R=0.304  target=0.00  dets=0  vru=False  backend=tensorrt
14:23:36  INFO       [threshold / burst] 180/200  tier=SMALL   latency=8.5 ms  R=0.258  target=0.00  dets=4  vru=True  backend=tensorrt
14:23:37  INFO       [threshold / burst] 200/200  tier=SMALL   latency=8.8 ms  R=0.163  target=0.00  dets=7  vru=False  backend=tensorrt
14:23:37  INFO     [RAMS] Controller stopped.
14:23:37  INFO     
--- Block 2/10  Policy: fixed_medium  Load: burst (100%) ---
14:23:37  INFO     [RAMS] Starting resource monitor ...
14:23:37  INFO     [RAMS] Loading model tiers ...
WARNING ⚠️ Unable to automatically guess model task, assuming 'task=detect'. Explicitly define task for your model, i.e. 'task=detect', 'segment', 'classify', 'pose', 'obb' or 'semantic'.
Loading yolov8n.engine for TensorRT inference...
[09/09/2026-14:23:37] [TRT] [I] Loaded engine size: 7 MiB
[09/09/2026-14:23:37] [TRT] [I] [MemUsageChange] TensorRT-managed allocation in IExecutionContext creation: CPU +0, GPU +3, now: CPU 0, GPU 9 (MiB)
14:23:37  INFO     [RAMS] YOLOv8-nano ready — TensorRT yolov8n.engine (imgsz=320).
WARNING ⚠️ Unable to automatically guess model task, assuming 'task=detect'. Explicitly define task for your model, i.e. 'task=detect', 'segment', 'classify', 'pose', 'obb' or 'semantic'.
Loading yolov8s.engine for TensorRT inference...
[09/09/2026-14:23:37] [TRT] [I] The logger passed into createInferRuntime differs from one already provided for an existing builder, runtime, or refitter. Uses of the global logger, returned by nvinfer1::getLogger(), will return the existing value.
[09/09/2026-14:23:37] [TRT] [I] Loaded engine size: 23 MiB
[09/09/2026-14:23:37] [TRT] [I] [MemUsageChange] TensorRT-managed allocation in IExecutionContext creation: CPU +1, GPU +7, now: CPU 1, GPU 38 (MiB)
14:23:37  INFO     [RAMS] YOLOv8-small ready — TensorRT yolov8s.engine (imgsz=416).
WARNING ⚠️ Unable to automatically guess model task, assuming 'task=detect'. Explicitly define task for your model, i.e. 'task=detect', 'segment', 'classify', 'pose', 'obb' or 'semantic'.
Loading yolov8m.engine for TensorRT inference...
[09/09/2026-14:23:37] [TRT] [I] The logger passed into createInferRuntime differs from one already provided for an existing builder, runtime, or refitter. Uses of the global logger, returned by nvinfer1::getLogger(), will return the existing value.
[09/09/2026-14:23:37] [TRT] [I] Loaded engine size: 52 MiB
[09/09/2026-14:23:37] [TRT] [I] [MemUsageChange] TensorRT-managed allocation in IExecutionContext creation: CPU +0, GPU +29, now: CPU 1, GPU 117 (MiB)
14:23:37  INFO     [RAMS] YOLOv8-medium ready — TensorRT yolov8m.engine (imgsz=640).
14:23:37  INFO     [RAMS] Controller ready. Policy: fixed
14:23:37  INFO     [RAMS] Tier switch: SMALL → MEDIUM  (R=0.687)
14:23:38  INFO       [fixed_medium / burst] 20/200  tier=MEDIUM  latency=19.5 ms  R=0.754  target=0.85  dets=21  vru=False  backend=tensorrt
14:23:39  INFO       [fixed_medium / burst] 40/200  tier=MEDIUM  latency=16.4 ms  R=0.184  target=0.00  dets=13  vru=False  backend=tensorrt
14:23:39  INFO       [fixed_medium / burst] 60/200  tier=MEDIUM  latency=15.1 ms  R=0.136  target=0.00  dets=8  vru=False  backend=tensorrt
14:23:40  INFO       [fixed_medium / burst] 80/200  tier=MEDIUM  latency=15.6 ms  R=0.194  target=0.00  dets=8  vru=False  backend=tensorrt
14:23:40  INFO       [fixed_medium / burst] 100/200  tier=MEDIUM  latency=13.7 ms  R=0.133  target=0.00  dets=2  vru=False  backend=tensorrt
14:23:41  INFO       [fixed_medium / burst] 120/200  tier=MEDIUM  latency=15.8 ms  R=0.709  target=0.85  dets=10  vru=False  backend=tensorrt
14:23:42  INFO       [fixed_medium / burst] 140/200  tier=MEDIUM  latency=15.1 ms  R=0.285  target=0.00  dets=8  vru=False  backend=tensorrt
14:23:42  INFO       [fixed_medium / burst] 160/200  tier=MEDIUM  latency=15.7 ms  R=0.189  target=0.00  dets=6  vru=False  backend=tensorrt
14:23:43  INFO       [fixed_medium / burst] 180/200  tier=MEDIUM  latency=14.2 ms  R=0.205  target=0.00  dets=4  vru=False  backend=tensorrt
14:23:43  INFO       [fixed_medium / burst] 200/200  tier=MEDIUM  latency=14.4 ms  R=0.198  target=0.00  dets=5  vru=False  backend=tensorrt
14:23:44  INFO     [RAMS] Controller stopped.
14:23:44  INFO     
--- Block 2/10  Policy: fixed_small  Load: burst (100%) ---
14:23:44  INFO     [RAMS] Starting resource monitor ...
14:23:44  INFO     [RAMS] Loading model tiers ...
WARNING ⚠️ Unable to automatically guess model task, assuming 'task=detect'. Explicitly define task for your model, i.e. 'task=detect', 'segment', 'classify', 'pose', 'obb' or 'semantic'.
Loading yolov8n.engine for TensorRT inference...
[09/09/2026-14:23:44] [TRT] [I] Loaded engine size: 7 MiB
[09/09/2026-14:23:44] [TRT] [I] [MemUsageChange] TensorRT-managed allocation in IExecutionContext creation: CPU +0, GPU +3, now: CPU 0, GPU 9 (MiB)
14:23:44  INFO     [RAMS] YOLOv8-nano ready — TensorRT yolov8n.engine (imgsz=320).
WARNING ⚠️ Unable to automatically guess model task, assuming 'task=detect'. Explicitly define task for your model, i.e. 'task=detect', 'segment', 'classify', 'pose', 'obb' or 'semantic'.
Loading yolov8s.engine for TensorRT inference...
[09/09/2026-14:23:44] [TRT] [I] The logger passed into createInferRuntime differs from one already provided for an existing builder, runtime, or refitter. Uses of the global logger, returned by nvinfer1::getLogger(), will return the existing value.
[09/09/2026-14:23:44] [TRT] [I] Loaded engine size: 23 MiB
[09/09/2026-14:23:44] [TRT] [I] [MemUsageChange] TensorRT-managed allocation in IExecutionContext creation: CPU +1, GPU +7, now: CPU 1, GPU 38 (MiB)
14:23:44  INFO     [RAMS] YOLOv8-small ready — TensorRT yolov8s.engine (imgsz=416).
WARNING ⚠️ Unable to automatically guess model task, assuming 'task=detect'. Explicitly define task for your model, i.e. 'task=detect', 'segment', 'classify', 'pose', 'obb' or 'semantic'.
Loading yolov8m.engine for TensorRT inference...
[09/09/2026-14:23:44] [TRT] [I] The logger passed into createInferRuntime differs from one already provided for an existing builder, runtime, or refitter. Uses of the global logger, returned by nvinfer1::getLogger(), will return the existing value.
[09/09/2026-14:23:44] [TRT] [I] Loaded engine size: 52 MiB
[09/09/2026-14:23:44] [TRT] [I] [MemUsageChange] TensorRT-managed allocation in IExecutionContext creation: CPU +0, GPU +29, now: CPU 1, GPU 117 (MiB)
14:23:44  INFO     [RAMS] YOLOv8-medium ready — TensorRT yolov8m.engine (imgsz=640).
14:23:44  INFO     [RAMS] Controller ready. Policy: fixed
14:23:44  INFO       [fixed_small / burst] 20/200  tier=SMALL   latency=10.8 ms  R=0.737  target=0.85  dets=16  vru=False  backend=tensorrt
14:23:45  INFO       [fixed_small / burst] 40/200  tier=SMALL   latency=8.5 ms  R=0.148  target=0.00  dets=6  vru=False  backend=tensorrt
14:23:46  INFO       [fixed_small / burst] 60/200  tier=SMALL   latency=8.7 ms  R=0.151  target=0.00  dets=6  vru=False  backend=tensorrt
14:23:46  INFO       [fixed_small / burst] 80/200  tier=SMALL   latency=8.5 ms  R=0.164  target=0.00  dets=5  vru=False  backend=tensorrt
14:23:46  INFO       [fixed_small / burst] 100/200  tier=SMALL   latency=7.6 ms  R=0.164  target=0.00  dets=2  vru=False  backend=tensorrt
14:23:47  INFO       [fixed_small / burst] 120/200  tier=SMALL   latency=9.5 ms  R=0.744  target=0.85  dets=10  vru=False  backend=tensorrt
14:23:48  INFO       [fixed_small / burst] 140/200  tier=SMALL   latency=8.0 ms  R=0.153  target=0.00  dets=3  vru=False  backend=tensorrt
14:23:48  INFO       [fixed_small / burst] 160/200  tier=SMALL   latency=5.8 ms  R=0.153  target=0.00  dets=0  vru=False  backend=tensorrt
14:23:48  INFO       [fixed_small / burst] 180/200  tier=SMALL   latency=8.1 ms  R=0.153  target=0.00  dets=4  vru=True  backend=tensorrt
14:23:49  INFO       [fixed_small / burst] 200/200  tier=SMALL   latency=9.8 ms  R=0.243  target=0.00  dets=7  vru=False  backend=tensorrt
14:23:49  INFO     [RAMS] Controller stopped.
14:23:49  INFO     
--- Block 2/10  Policy: safety  Load: burst (100%) ---
14:23:49  INFO     [RAMS] Starting resource monitor ...
14:23:49  INFO     [RAMS] Loading model tiers ...
WARNING ⚠️ Unable to automatically guess model task, assuming 'task=detect'. Explicitly define task for your model, i.e. 'task=detect', 'segment', 'classify', 'pose', 'obb' or 'semantic'.
Loading yolov8n.engine for TensorRT inference...
[09/09/2026-14:23:49] [TRT] [I] Loaded engine size: 7 MiB
[09/09/2026-14:23:49] [TRT] [I] [MemUsageChange] TensorRT-managed allocation in IExecutionContext creation: CPU +0, GPU +3, now: CPU 0, GPU 9 (MiB)
14:23:49  INFO     [RAMS] YOLOv8-nano ready — TensorRT yolov8n.engine (imgsz=320).
WARNING ⚠️ Unable to automatically guess model task, assuming 'task=detect'. Explicitly define task for your model, i.e. 'task=detect', 'segment', 'classify', 'pose', 'obb' or 'semantic'.
Loading yolov8s.engine for TensorRT inference...
[09/09/2026-14:23:49] [TRT] [I] The logger passed into createInferRuntime differs from one already provided for an existing builder, runtime, or refitter. Uses of the global logger, returned by nvinfer1::getLogger(), will return the existing value.
[09/09/2026-14:23:49] [TRT] [I] Loaded engine size: 23 MiB
[09/09/2026-14:23:49] [TRT] [I] [MemUsageChange] TensorRT-managed allocation in IExecutionContext creation: CPU +1, GPU +7, now: CPU 1, GPU 38 (MiB)
14:23:49  INFO     [RAMS] YOLOv8-small ready — TensorRT yolov8s.engine (imgsz=416).
WARNING ⚠️ Unable to automatically guess model task, assuming 'task=detect'. Explicitly define task for your model, i.e. 'task=detect', 'segment', 'classify', 'pose', 'obb' or 'semantic'.
Loading yolov8m.engine for TensorRT inference...
[09/09/2026-14:23:49] [TRT] [I] The logger passed into createInferRuntime differs from one already provided for an existing builder, runtime, or refitter. Uses of the global logger, returned by nvinfer1::getLogger(), will return the existing value.
[09/09/2026-14:23:49] [TRT] [I] Loaded engine size: 52 MiB
[09/09/2026-14:23:49] [TRT] [I] [MemUsageChange] TensorRT-managed allocation in IExecutionContext creation: CPU +0, GPU +29, now: CPU 1, GPU 117 (MiB)
14:23:49  INFO     [RAMS] YOLOv8-medium ready — TensorRT yolov8m.engine (imgsz=640).
14:23:49  INFO     [RAMS] Controller ready. Policy: safety
14:23:50  INFO     [RAMS] Tier switch: SMALL → NANO  (R=0.692)
14:23:50  INFO     [RAMS] Tier switch: NANO → SMALL  (R=0.692)
14:23:50  INFO       [safety / burst] 20/200  tier=SMALL   latency=10.8 ms  R=0.746  target=0.85  dets=16  vru=False  backend=tensorrt
14:23:50  INFO     [RAMS] Tier switch: SMALL → MEDIUM  (R=0.109)
14:23:50  INFO     [RAMS] Tier switch: MEDIUM → SMALL  (R=0.160)
14:23:50  INFO     [RAMS] Tier switch: SMALL → MEDIUM  (R=0.127)
14:23:51  INFO       [safety / burst] 40/200  tier=MEDIUM  latency=16.1 ms  R=0.150  target=0.00  dets=13  vru=False  backend=tensorrt
14:23:51  INFO     [RAMS] Tier switch: MEDIUM → SMALL  (R=0.150)
14:23:51  INFO       [safety / burst] 60/200  tier=SMALL   latency=8.6 ms  R=0.172  target=0.00  dets=6  vru=False  backend=tensorrt
14:23:51  INFO       [safety / burst] 80/200  tier=SMALL   latency=8.7 ms  R=0.188  target=0.00  dets=5  vru=False  backend=tensorrt
14:23:52  INFO       [safety / burst] 100/200  tier=SMALL   latency=8.3 ms  R=0.260  target=0.00  dets=2  vru=False  backend=tensorrt
14:23:53  INFO       [safety / burst] 120/200  tier=SMALL   latency=9.7 ms  R=0.766  target=0.85  dets=10  vru=False  backend=tensorrt
14:23:53  INFO       [safety / burst] 140/200  tier=SMALL   latency=8.2 ms  R=0.322  target=0.00  dets=3  vru=False  backend=tensorrt
14:23:54  INFO       [safety / burst] 160/200  tier=SMALL   latency=6.6 ms  R=0.271  target=0.00  dets=0  vru=False  backend=tensorrt
14:23:54  INFO       [safety / burst] 180/200  tier=SMALL   latency=8.6 ms  R=0.232  target=0.00  dets=4  vru=True  backend=tensorrt
14:23:54  INFO       [safety / burst] 200/200  tier=SMALL   latency=8.9 ms  R=0.213  target=0.00  dets=7  vru=False  backend=tensorrt
14:23:55  INFO     [RAMS] Controller stopped.
14:23:55  INFO     
--- Block 2/10  Policy: adaptive  Load: burst (100%) ---
14:23:55  INFO     [RAMS] Starting resource monitor ...
14:23:55  INFO     [RAMS] Loading model tiers ...
WARNING ⚠️ Unable to automatically guess model task, assuming 'task=detect'. Explicitly define task for your model, i.e. 'task=detect', 'segment', 'classify', 'pose', 'obb' or 'semantic'.
Loading yolov8n.engine for TensorRT inference...
[09/09/2026-14:23:55] [TRT] [I] Loaded engine size: 7 MiB
[09/09/2026-14:23:55] [TRT] [I] [MemUsageChange] TensorRT-managed allocation in IExecutionContext creation: CPU +0, GPU +3, now: CPU 0, GPU 9 (MiB)
14:23:55  INFO     [RAMS] YOLOv8-nano ready — TensorRT yolov8n.engine (imgsz=320).
WARNING ⚠️ Unable to automatically guess model task, assuming 'task=detect'. Explicitly define task for your model, i.e. 'task=detect', 'segment', 'classify', 'pose', 'obb' or 'semantic'.
Loading yolov8s.engine for TensorRT inference...
[09/09/2026-14:23:55] [TRT] [I] The logger passed into createInferRuntime differs from one already provided for an existing builder, runtime, or refitter. Uses of the global logger, returned by nvinfer1::getLogger(), will return the existing value.
[09/09/2026-14:23:55] [TRT] [I] Loaded engine size: 23 MiB
[09/09/2026-14:23:55] [TRT] [I] [MemUsageChange] TensorRT-managed allocation in IExecutionContext creation: CPU +1, GPU +7, now: CPU 1, GPU 38 (MiB)
14:23:55  INFO     [RAMS] YOLOv8-small ready — TensorRT yolov8s.engine (imgsz=416).
WARNING ⚠️ Unable to automatically guess model task, assuming 'task=detect'. Explicitly define task for your model, i.e. 'task=detect', 'segment', 'classify', 'pose', 'obb' or 'semantic'.
Loading yolov8m.engine for TensorRT inference...
[09/09/2026-14:23:55] [TRT] [I] The logger passed into createInferRuntime differs from one already provided for an existing builder, runtime, or refitter. Uses of the global logger, returned by nvinfer1::getLogger(), will return the existing value.
[09/09/2026-14:23:55] [TRT] [I] Loaded engine size: 52 MiB
[09/09/2026-14:23:55] [TRT] [I] [MemUsageChange] TensorRT-managed allocation in IExecutionContext creation: CPU +0, GPU +29, now: CPU 1, GPU 117 (MiB)
14:23:55  INFO     [RAMS] YOLOv8-medium ready — TensorRT yolov8m.engine (imgsz=640).
14:23:55  INFO     [RAMS] Controller ready. Policy: adaptive
14:23:55  INFO     [RAMS] Tier switch: SMALL → NANO  (R=0.759)
14:23:56  INFO       [adaptive / burst] 20/200  tier=NANO    latency=9.2 ms  R=0.755  target=0.85  dets=14  vru=False  backend=tensorrt
14:23:56  INFO     [RAMS] Tier switch: NANO → SMALL  (R=0.244)
14:23:56  INFO       [adaptive / burst] 40/200  tier=SMALL   latency=9.0 ms  R=0.233  target=0.00  dets=6  vru=False  backend=tensorrt
14:23:57  INFO       [adaptive / burst] 60/200  tier=SMALL   latency=8.9 ms  R=0.245  target=0.00  dets=6  vru=False  backend=tensorrt
14:23:57  INFO       [adaptive / burst] 80/200  tier=SMALL   latency=8.7 ms  R=0.241  target=0.00  dets=5  vru=False  backend=tensorrt
14:23:57  INFO       [adaptive / burst] 100/200  tier=SMALL   latency=7.7 ms  R=0.171  target=0.00  dets=2  vru=False  backend=tensorrt
14:23:58  INFO     [RAMS] Tier switch: SMALL → NANO  (R=0.752)
14:23:58  INFO       [adaptive / burst] 120/200  tier=NANO    latency=7.3 ms  R=0.731  target=0.85  dets=4  vru=False  backend=tensorrt
14:23:58  INFO     [RAMS] Tier switch: NANO → SMALL  (R=0.069)
14:23:58  INFO     [RAMS] Tier switch: SMALL → MEDIUM  (R=0.092)
14:23:59  INFO     [RAMS] Tier switch: MEDIUM → SMALL  (R=0.142)
14:23:59  INFO       [adaptive / burst] 140/200  tier=SMALL   latency=8.2 ms  R=0.256  target=0.00  dets=3  vru=False  backend=tensorrt
14:23:59  INFO       [adaptive / burst] 160/200  tier=SMALL   latency=6.0 ms  R=0.148  target=0.00  dets=0  vru=False  backend=tensorrt
14:24:00  INFO       [adaptive / burst] 180/200  tier=SMALL   latency=8.1 ms  R=0.147  target=0.00  dets=4  vru=True  backend=tensorrt
14:24:00  INFO       [adaptive / burst] 200/200  tier=SMALL   latency=8.8 ms  R=0.158  target=0.00  dets=7  vru=False  backend=tensorrt
14:24:00  INFO     [RAMS] Controller stopped.
14:24:00  INFO     
--- Block 2/10  Policy: fixed_nano  Load: burst (100%) ---
14:24:00  INFO     [RAMS] Starting resource monitor ...
14:24:00  INFO     [RAMS] Loading model tiers ...
WARNING ⚠️ Unable to automatically guess model task, assuming 'task=detect'. Explicitly define task for your model, i.e. 'task=detect', 'segment', 'classify', 'pose', 'obb' or 'semantic'.
Loading yolov8n.engine for TensorRT inference...
[09/09/2026-14:24:00] [TRT] [I] Loaded engine size: 7 MiB
[09/09/2026-14:24:00] [TRT] [I] [MemUsageChange] TensorRT-managed allocation in IExecutionContext creation: CPU +0, GPU +3, now: CPU 0, GPU 9 (MiB)
14:24:00  INFO     [RAMS] YOLOv8-nano ready — TensorRT yolov8n.engine (imgsz=320).
WARNING ⚠️ Unable to automatically guess model task, assuming 'task=detect'. Explicitly define task for your model, i.e. 'task=detect', 'segment', 'classify', 'pose', 'obb' or 'semantic'.
Loading yolov8s.engine for TensorRT inference...
[09/09/2026-14:24:00] [TRT] [I] The logger passed into createInferRuntime differs from one already provided for an existing builder, runtime, or refitter. Uses of the global logger, returned by nvinfer1::getLogger(), will return the existing value.
[09/09/2026-14:24:00] [TRT] [I] Loaded engine size: 23 MiB
[09/09/2026-14:24:00] [TRT] [I] [MemUsageChange] TensorRT-managed allocation in IExecutionContext creation: CPU +1, GPU +7, now: CPU 1, GPU 38 (MiB)
14:24:00  INFO     [RAMS] YOLOv8-small ready — TensorRT yolov8s.engine (imgsz=416).
WARNING ⚠️ Unable to automatically guess model task, assuming 'task=detect'. Explicitly define task for your model, i.e. 'task=detect', 'segment', 'classify', 'pose', 'obb' or 'semantic'.
Loading yolov8m.engine for TensorRT inference...
[09/09/2026-14:24:00] [TRT] [I] The logger passed into createInferRuntime differs from one already provided for an existing builder, runtime, or refitter. Uses of the global logger, returned by nvinfer1::getLogger(), will return the existing value.
[09/09/2026-14:24:00] [TRT] [I] Loaded engine size: 52 MiB
[09/09/2026-14:24:00] [TRT] [I] [MemUsageChange] TensorRT-managed allocation in IExecutionContext creation: CPU +0, GPU +29, now: CPU 1, GPU 117 (MiB)
14:24:00  INFO     [RAMS] YOLOv8-medium ready — TensorRT yolov8m.engine (imgsz=640).
14:24:00  INFO     [RAMS] Controller ready. Policy: fixed
14:24:01  INFO     [RAMS] Tier switch: SMALL → NANO  (R=0.694)
14:24:01  INFO       [fixed_nano / burst] 20/200  tier=NANO    latency=9.0 ms  R=0.732  target=0.85  dets=14  vru=False  backend=tensorrt
14:24:02  INFO       [fixed_nano / burst] 40/200  tier=NANO    latency=6.8 ms  R=0.132  target=0.00  dets=4  vru=False  backend=tensorrt
14:24:02  INFO       [fixed_nano / burst] 60/200  tier=NANO    latency=7.5 ms  R=0.144  target=0.00  dets=3  vru=False  backend=tensorrt
14:24:02  INFO       [fixed_nano / burst] 80/200  tier=NANO    latency=7.1 ms  R=0.152  target=0.00  dets=5  vru=False  backend=tensorrt
14:24:03  INFO       [fixed_nano / burst] 100/200  tier=NANO    latency=7.1 ms  R=0.220  target=0.00  dets=1  vru=False  backend=tensorrt
14:24:03  INFO       [fixed_nano / burst] 120/200  tier=NANO    latency=6.7 ms  R=0.718  target=0.85  dets=4  vru=False  backend=tensorrt
14:24:04  INFO       [fixed_nano / burst] 140/200  tier=NANO    latency=6.6 ms  R=0.169  target=0.00  dets=2  vru=False  backend=tensorrt
14:24:04  INFO       [fixed_nano / burst] 160/200  tier=NANO    latency=5.1 ms  R=0.143  target=0.00  dets=0  vru=False  backend=tensorrt
14:24:05  INFO       [fixed_nano / burst] 180/200  tier=NANO    latency=7.3 ms  R=0.146  target=0.00  dets=2  vru=False  backend=tensorrt
14:24:05  INFO       [fixed_nano / burst] 200/200  tier=NANO    latency=7.2 ms  R=0.131  target=0.00  dets=6  vru=False  backend=tensorrt
14:24:05  INFO     [RAMS] Controller stopped.
14:24:05  INFO     
--- Block 2/10  Policy: predictive  Load: burst (100%) ---
14:24:05  INFO     [RAMS] Starting resource monitor ...
14:24:05  INFO     [RAMS] Loading model tiers ...
WARNING ⚠️ Unable to automatically guess model task, assuming 'task=detect'. Explicitly define task for your model, i.e. 'task=detect', 'segment', 'classify', 'pose', 'obb' or 'semantic'.
Loading yolov8n.engine for TensorRT inference...
[09/09/2026-14:24:05] [TRT] [I] Loaded engine size: 7 MiB
[09/09/2026-14:24:05] [TRT] [I] [MemUsageChange] TensorRT-managed allocation in IExecutionContext creation: CPU +0, GPU +3, now: CPU 0, GPU 9 (MiB)
14:24:05  INFO     [RAMS] YOLOv8-nano ready — TensorRT yolov8n.engine (imgsz=320).
WARNING ⚠️ Unable to automatically guess model task, assuming 'task=detect'. Explicitly define task for your model, i.e. 'task=detect', 'segment', 'classify', 'pose', 'obb' or 'semantic'.
Loading yolov8s.engine for TensorRT inference...
[09/09/2026-14:24:05] [TRT] [I] The logger passed into createInferRuntime differs from one already provided for an existing builder, runtime, or refitter. Uses of the global logger, returned by nvinfer1::getLogger(), will return the existing value.
[09/09/2026-14:24:05] [TRT] [I] Loaded engine size: 23 MiB
[09/09/2026-14:24:05] [TRT] [I] [MemUsageChange] TensorRT-managed allocation in IExecutionContext creation: CPU +1, GPU +7, now: CPU 1, GPU 38 (MiB)
14:24:05  INFO     [RAMS] YOLOv8-small ready — TensorRT yolov8s.engine (imgsz=416).
WARNING ⚠️ Unable to automatically guess model task, assuming 'task=detect'. Explicitly define task for your model, i.e. 'task=detect', 'segment', 'classify', 'pose', 'obb' or 'semantic'.
Loading yolov8m.engine for TensorRT inference...
[09/09/2026-14:24:05] [TRT] [I] The logger passed into createInferRuntime differs from one already provided for an existing builder, runtime, or refitter. Uses of the global logger, returned by nvinfer1::getLogger(), will return the existing value.
[09/09/2026-14:24:05] [TRT] [I] Loaded engine size: 52 MiB
[09/09/2026-14:24:05] [TRT] [I] [MemUsageChange] TensorRT-managed allocation in IExecutionContext creation: CPU +0, GPU +29, now: CPU 1, GPU 117 (MiB)
14:24:05  INFO     [RAMS] YOLOv8-medium ready — TensorRT yolov8m.engine (imgsz=640).
14:24:05  INFO     [RAMS] Controller ready. Policy: predictive
14:24:06  INFO     [RAMS] Tier switch: SMALL → NANO  (R=0.692)
14:24:06  INFO       [predictive / burst] 20/200  tier=NANO    latency=8.9 ms  R=0.726  target=0.85  dets=14  vru=False  backend=tensorrt
14:24:06  INFO     [RAMS] Tier switch: NANO → SMALL  (R=0.069)
14:24:07  INFO       [predictive / burst] 40/200  tier=SMALL   latency=8.5 ms  R=0.125  target=0.00  dets=6  vru=False  backend=tensorrt
14:24:07  INFO     [RAMS] Tier switch: SMALL → MEDIUM  (R=0.125)
14:24:07  INFO     [RAMS] Tier switch: MEDIUM → SMALL  (R=0.200)
14:24:07  INFO       [predictive / burst] 60/200  tier=SMALL   latency=8.5 ms  R=0.153  target=0.00  dets=6  vru=False  backend=tensorrt
14:24:07  INFO       [predictive / burst] 80/200  tier=SMALL   latency=8.3 ms  R=0.177  target=0.00  dets=5  vru=False  backend=tensorrt
14:24:08  INFO       [predictive / burst] 100/200  tier=SMALL   latency=7.8 ms  R=0.183  target=0.00  dets=2  vru=False  backend=tensorrt
14:24:08  INFO     [RAMS] Tier switch: SMALL → NANO  (R=0.669)
14:24:09  INFO       [predictive / burst] 120/200  tier=NANO    latency=6.7 ms  R=0.732  target=0.85  dets=4  vru=False  backend=tensorrt
14:24:09  INFO     [RAMS] Tier switch: NANO → SMALL  (R=0.069)
14:24:09  INFO       [predictive / burst] 140/200  tier=SMALL   latency=8.0 ms  R=0.148  target=0.00  dets=3  vru=False  backend=tensorrt
14:24:10  INFO     [RAMS] Tier switch: SMALL → MEDIUM  (R=0.127)
14:24:10  INFO       [predictive / burst] 160/200  tier=MEDIUM  latency=14.7 ms  R=0.127  target=0.00  dets=6  vru=False  backend=tensorrt
14:24:10  INFO     [RAMS] Tier switch: MEDIUM → SMALL  (R=0.147)
14:24:10  INFO     [RAMS] Tier switch: SMALL → MEDIUM  (R=0.128)
14:24:10  INFO     [RAMS] Tier switch: MEDIUM → SMALL  (R=0.221)
14:24:10  INFO       [predictive / burst] 180/200  tier=SMALL   latency=8.1 ms  R=0.165  target=0.00  dets=4  vru=True  backend=tensorrt
14:24:10  INFO       [predictive / burst] 200/200  tier=SMALL   latency=8.7 ms  R=0.153  target=0.00  dets=7  vru=False  backend=tensorrt
14:24:11  INFO     [RAMS] Controller stopped.
14:24:11  INFO     
--- Block 3/10  Policy: threshold  Load: burst (100%) ---
14:24:11  INFO     [RAMS] Starting resource monitor ...
14:24:11  INFO     [RAMS] Loading model tiers ...
WARNING ⚠️ Unable to automatically guess model task, assuming 'task=detect'. Explicitly define task for your model, i.e. 'task=detect', 'segment', 'classify', 'pose', 'obb' or 'semantic'.
Loading yolov8n.engine for TensorRT inference...
[09/09/2026-14:24:11] [TRT] [I] Loaded engine size: 7 MiB
[09/09/2026-14:24:11] [TRT] [I] [MemUsageChange] TensorRT-managed allocation in IExecutionContext creation: CPU +0, GPU +3, now: CPU 0, GPU 9 (MiB)
14:24:11  INFO     [RAMS] YOLOv8-nano ready — TensorRT yolov8n.engine (imgsz=320).
WARNING ⚠️ Unable to automatically guess model task, assuming 'task=detect'. Explicitly define task for your model, i.e. 'task=detect', 'segment', 'classify', 'pose', 'obb' or 'semantic'.
Loading yolov8s.engine for TensorRT inference...
[09/09/2026-14:24:11] [TRT] [I] The logger passed into createInferRuntime differs from one already provided for an existing builder, runtime, or refitter. Uses of the global logger, returned by nvinfer1::getLogger(), will return the existing value.
[09/09/2026-14:24:11] [TRT] [I] Loaded engine size: 23 MiB
[09/09/2026-14:24:11] [TRT] [I] [MemUsageChange] TensorRT-managed allocation in IExecutionContext creation: CPU +1, GPU +7, now: CPU 1, GPU 38 (MiB)
14:24:11  INFO     [RAMS] YOLOv8-small ready — TensorRT yolov8s.engine (imgsz=416).
WARNING ⚠️ Unable to automatically guess model task, assuming 'task=detect'. Explicitly define task for your model, i.e. 'task=detect', 'segment', 'classify', 'pose', 'obb' or 'semantic'.
Loading yolov8m.engine for TensorRT inference...
[09/09/2026-14:24:11] [TRT] [I] The logger passed into createInferRuntime differs from one already provided for an existing builder, runtime, or refitter. Uses of the global logger, returned by nvinfer1::getLogger(), will return the existing value.
[09/09/2026-14:24:11] [TRT] [I] Loaded engine size: 52 MiB
[09/09/2026-14:24:11] [TRT] [I] [MemUsageChange] TensorRT-managed allocation in IExecutionContext creation: CPU +0, GPU +29, now: CPU 1, GPU 117 (MiB)
14:24:11  INFO     [RAMS] YOLOv8-medium ready — TensorRT yolov8m.engine (imgsz=640).
14:24:11  INFO     [RAMS] Controller ready. Policy: threshold
14:24:11  INFO     [RAMS] Tier switch: SMALL → NANO  (R=0.693)
14:24:11  INFO       [threshold / burst] 20/200  tier=NANO    latency=10.2 ms  R=0.733  target=0.85  dets=5  vru=False  backend=tensorrt
14:24:12  INFO     [RAMS] Tier switch: NANO → MEDIUM  (R=0.069)
14:24:12  INFO     [RAMS] Tier switch: MEDIUM → SMALL  (R=0.236)
14:24:12  INFO       [threshold / burst] 40/200  tier=SMALL   latency=9.3 ms  R=0.170  target=0.00  dets=9  vru=False  backend=tensorrt
14:24:12  INFO       [threshold / burst] 60/200  tier=SMALL   latency=10.3 ms  R=0.148  target=0.00  dets=14  vru=False  backend=tensorrt
14:24:13  INFO       [threshold / burst] 80/200  tier=SMALL   latency=11.1 ms  R=0.281  target=0.00  dets=15  vru=True  backend=tensorrt
14:24:13  INFO       [threshold / burst] 100/200  tier=SMALL   latency=7.9 ms  R=0.233  target=0.00  dets=2  vru=False  backend=tensorrt
14:24:14  INFO     [RAMS] Tier switch: SMALL → NANO  (R=0.717)
14:24:14  INFO       [threshold / burst] 120/200  tier=NANO    latency=7.4 ms  R=0.748  target=0.85  dets=4  vru=False  backend=tensorrt
14:24:14  INFO     [RAMS] Tier switch: NANO → SMALL  (R=0.140)
14:24:15  INFO       [threshold / burst] 140/200  tier=SMALL   latency=8.3 ms  R=0.200  target=0.00  dets=3  vru=True  backend=tensorrt
14:24:15  INFO       [threshold / burst] 160/200  tier=SMALL   latency=7.9 ms  R=0.235  target=0.00  dets=2  vru=False  backend=tensorrt
14:24:15  INFO       [threshold / burst] 180/200  tier=SMALL   latency=8.8 ms  R=0.213  target=0.00  dets=6  vru=False  backend=tensorrt
14:24:16  INFO       [threshold / burst] 200/200  tier=SMALL   latency=8.8 ms  R=0.262  target=0.00  dets=5  vru=False  backend=tensorrt
14:24:16  INFO     [RAMS] Controller stopped.
14:24:16  INFO     
--- Block 3/10  Policy: adaptive  Load: burst (100%) ---
14:24:16  INFO     [RAMS] Starting resource monitor ...
14:24:16  INFO     [RAMS] Loading model tiers ...
WARNING ⚠️ Unable to automatically guess model task, assuming 'task=detect'. Explicitly define task for your model, i.e. 'task=detect', 'segment', 'classify', 'pose', 'obb' or 'semantic'.
Loading yolov8n.engine for TensorRT inference...
[09/09/2026-14:24:16] [TRT] [I] Loaded engine size: 7 MiB
[09/09/2026-14:24:16] [TRT] [I] [MemUsageChange] TensorRT-managed allocation in IExecutionContext creation: CPU +0, GPU +3, now: CPU 0, GPU 9 (MiB)
14:24:16  INFO     [RAMS] YOLOv8-nano ready — TensorRT yolov8n.engine (imgsz=320).
WARNING ⚠️ Unable to automatically guess model task, assuming 'task=detect'. Explicitly define task for your model, i.e. 'task=detect', 'segment', 'classify', 'pose', 'obb' or 'semantic'.
Loading yolov8s.engine for TensorRT inference...
[09/09/2026-14:24:16] [TRT] [I] The logger passed into createInferRuntime differs from one already provided for an existing builder, runtime, or refitter. Uses of the global logger, returned by nvinfer1::getLogger(), will return the existing value.
[09/09/2026-14:24:16] [TRT] [I] Loaded engine size: 23 MiB
[09/09/2026-14:24:16] [TRT] [I] [MemUsageChange] TensorRT-managed allocation in IExecutionContext creation: CPU +1, GPU +7, now: CPU 1, GPU 38 (MiB)
14:24:16  INFO     [RAMS] YOLOv8-small ready — TensorRT yolov8s.engine (imgsz=416).
WARNING ⚠️ Unable to automatically guess model task, assuming 'task=detect'. Explicitly define task for your model, i.e. 'task=detect', 'segment', 'classify', 'pose', 'obb' or 'semantic'.
Loading yolov8m.engine for TensorRT inference...
[09/09/2026-14:24:16] [TRT] [I] The logger passed into createInferRuntime differs from one already provided for an existing builder, runtime, or refitter. Uses of the global logger, returned by nvinfer1::getLogger(), will return the existing value.
[09/09/2026-14:24:16] [TRT] [I] Loaded engine size: 52 MiB
[09/09/2026-14:24:16] [TRT] [I] [MemUsageChange] TensorRT-managed allocation in IExecutionContext creation: CPU +0, GPU +29, now: CPU 1, GPU 117 (MiB)
14:24:16  INFO     [RAMS] YOLOv8-medium ready — TensorRT yolov8m.engine (imgsz=640).
14:24:16  INFO     [RAMS] Controller ready. Policy: adaptive
14:24:17  INFO     [RAMS] Tier switch: SMALL → NANO  (R=0.753)
14:24:17  INFO       [adaptive / burst] 20/200  tier=NANO    latency=7.6 ms  R=0.743  target=0.85  dets=5  vru=False  backend=tensorrt
14:24:17  INFO     [RAMS] Tier switch: NANO → SMALL  (R=0.135)
14:24:18  INFO       [adaptive / burst] 40/200  tier=SMALL   latency=9.5 ms  R=0.214  target=0.00  dets=9  vru=False  backend=tensorrt
14:24:18  INFO       [adaptive / burst] 60/200  tier=SMALL   latency=10.7 ms  R=0.262  target=0.00  dets=14  vru=False  backend=tensorrt
14:24:18  INFO       [adaptive / burst] 80/200  tier=SMALL   latency=10.5 ms  R=0.217  target=0.00  dets=15  vru=True  backend=tensorrt
14:24:19  INFO       [adaptive / burst] 100/200  tier=SMALL   latency=7.8 ms  R=0.249  target=0.00  dets=2  vru=False  backend=tensorrt
14:24:19  INFO     [RAMS] Tier switch: SMALL → NANO  (R=0.659)
14:24:19  INFO       [adaptive / burst] 120/200  tier=NANO    latency=7.6 ms  R=0.732  target=0.85  dets=4  vru=False  backend=tensorrt
14:24:20  INFO     [RAMS] Tier switch: NANO → SMALL  (R=0.069)
14:24:20  INFO       [adaptive / burst] 140/200  tier=SMALL   latency=7.9 ms  R=0.159  target=0.00  dets=3  vru=True  backend=tensorrt
14:24:20  INFO       [adaptive / burst] 160/200  tier=SMALL   latency=7.7 ms  R=0.148  target=0.00  dets=2  vru=False  backend=tensorrt
14:24:21  INFO       [adaptive / burst] 180/200  tier=SMALL   latency=8.5 ms  R=0.221  target=0.00  dets=6  vru=False  backend=tensorrt
14:24:21  INFO       [adaptive / burst] 200/200  tier=SMALL   latency=9.3 ms  R=0.142  target=0.00  dets=5  vru=False  backend=tensorrt
14:24:21  INFO     [RAMS] Controller stopped.
14:24:21  INFO     
--- Block 3/10  Policy: predictive  Load: burst (100%) ---
14:24:21  INFO     [RAMS] Starting resource monitor ...
14:24:21  INFO     [RAMS] Loading model tiers ...
WARNING ⚠️ Unable to automatically guess model task, assuming 'task=detect'. Explicitly define task for your model, i.e. 'task=detect', 'segment', 'classify', 'pose', 'obb' or 'semantic'.
Loading yolov8n.engine for TensorRT inference...
[09/09/2026-14:24:22] [TRT] [I] Loaded engine size: 7 MiB
[09/09/2026-14:24:22] [TRT] [I] [MemUsageChange] TensorRT-managed allocation in IExecutionContext creation: CPU +0, GPU +3, now: CPU 0, GPU 9 (MiB)
14:24:22  INFO     [RAMS] YOLOv8-nano ready — TensorRT yolov8n.engine (imgsz=320).
WARNING ⚠️ Unable to automatically guess model task, assuming 'task=detect'. Explicitly define task for your model, i.e. 'task=detect', 'segment', 'classify', 'pose', 'obb' or 'semantic'.
Loading yolov8s.engine for TensorRT inference...
[09/09/2026-14:24:22] [TRT] [I] The logger passed into createInferRuntime differs from one already provided for an existing builder, runtime, or refitter. Uses of the global logger, returned by nvinfer1::getLogger(), will return the existing value.
[09/09/2026-14:24:22] [TRT] [I] Loaded engine size: 23 MiB
[09/09/2026-14:24:22] [TRT] [I] [MemUsageChange] TensorRT-managed allocation in IExecutionContext creation: CPU +1, GPU +7, now: CPU 1, GPU 38 (MiB)
14:24:22  INFO     [RAMS] YOLOv8-small ready — TensorRT yolov8s.engine (imgsz=416).
WARNING ⚠️ Unable to automatically guess model task, assuming 'task=detect'. Explicitly define task for your model, i.e. 'task=detect', 'segment', 'classify', 'pose', 'obb' or 'semantic'.
Loading yolov8m.engine for TensorRT inference...
[09/09/2026-14:24:22] [TRT] [I] The logger passed into createInferRuntime differs from one already provided for an existing builder, runtime, or refitter. Uses of the global logger, returned by nvinfer1::getLogger(), will return the existing value.
[09/09/2026-14:24:22] [TRT] [I] Loaded engine size: 52 MiB
[09/09/2026-14:24:22] [TRT] [I] [MemUsageChange] TensorRT-managed allocation in IExecutionContext creation: CPU +0, GPU +29, now: CPU 1, GPU 117 (MiB)
14:24:22  INFO     [RAMS] YOLOv8-medium ready — TensorRT yolov8m.engine (imgsz=640).
14:24:22  INFO     [RAMS] Controller ready. Policy: predictive
14:24:22  INFO     [RAMS] Tier switch: SMALL → NANO  (R=0.699)
14:24:22  INFO       [predictive / burst] 20/200  tier=NANO    latency=7.0 ms  R=0.730  target=0.85  dets=5  vru=False  backend=tensorrt
14:24:23  INFO     [RAMS] Tier switch: NANO → SMALL  (R=0.069)
14:24:23  INFO     [RAMS] Tier switch: SMALL → MEDIUM  (R=0.115)
14:24:23  INFO     [RAMS] Tier switch: MEDIUM → SMALL  (R=0.151)
14:24:23  INFO       [predictive / burst] 40/200  tier=SMALL   latency=9.2 ms  R=0.162  target=0.00  dets=9  vru=False  backend=tensorrt
14:24:23  INFO       [predictive / burst] 60/200  tier=SMALL   latency=10.2 ms  R=0.153  target=0.00  dets=14  vru=False  backend=tensorrt
14:24:24  INFO       [predictive / burst] 80/200  tier=SMALL   latency=10.8 ms  R=0.153  target=0.00  dets=15  vru=True  backend=tensorrt
14:24:24  INFO       [predictive / burst] 100/200  tier=SMALL   latency=7.6 ms  R=0.159  target=0.00  dets=2  vru=False  backend=tensorrt
14:24:24  INFO     [RAMS] Tier switch: SMALL → NANO  (R=0.664)
14:24:25  INFO       [predictive / burst] 120/200  tier=NANO    latency=7.1 ms  R=0.728  target=0.85  dets=4  vru=False  backend=tensorrt
14:24:25  INFO     [RAMS] Tier switch: NANO → SMALL  (R=0.081)
14:24:25  INFO     [RAMS] Tier switch: SMALL → MEDIUM  (R=0.081)
14:24:25  INFO     [RAMS] Tier switch: MEDIUM → SMALL  (R=0.140)
14:24:25  INFO       [predictive / burst] 140/200  tier=SMALL   latency=8.7 ms  R=0.135  target=0.00  dets=3  vru=True  backend=tensorrt
14:24:26  INFO       [predictive / burst] 160/200  tier=SMALL   latency=7.8 ms  R=0.247  target=0.00  dets=2  vru=False  backend=tensorrt
14:24:26  INFO       [predictive / burst] 180/200  tier=SMALL   latency=8.6 ms  R=0.148  target=0.00  dets=6  vru=False  backend=tensorrt
14:24:27  INFO       [predictive / burst] 200/200  tier=SMALL   latency=8.4 ms  R=0.158  target=0.00  dets=5  vru=False  backend=tensorrt
14:24:27  INFO     [RAMS] Controller stopped.
14:24:27  INFO     
--- Block 3/10  Policy: fixed_medium  Load: burst (100%) ---
14:24:27  INFO     [RAMS] Starting resource monitor ...
14:24:27  INFO     [RAMS] Loading model tiers ...
WARNING ⚠️ Unable to automatically guess model task, assuming 'task=detect'. Explicitly define task for your model, i.e. 'task=detect', 'segment', 'classify', 'pose', 'obb' or 'semantic'.
Loading yolov8n.engine for TensorRT inference...
[09/09/2026-14:24:27] [TRT] [I] Loaded engine size: 7 MiB
[09/09/2026-14:24:27] [TRT] [I] [MemUsageChange] TensorRT-managed allocation in IExecutionContext creation: CPU +0, GPU +3, now: CPU 0, GPU 9 (MiB)
14:24:27  INFO     [RAMS] YOLOv8-nano ready — TensorRT yolov8n.engine (imgsz=320).
WARNING ⚠️ Unable to automatically guess model task, assuming 'task=detect'. Explicitly define task for your model, i.e. 'task=detect', 'segment', 'classify', 'pose', 'obb' or 'semantic'.
Loading yolov8s.engine for TensorRT inference...
[09/09/2026-14:24:27] [TRT] [I] The logger passed into createInferRuntime differs from one already provided for an existing builder, runtime, or refitter. Uses of the global logger, returned by nvinfer1::getLogger(), will return the existing value.
[09/09/2026-14:24:27] [TRT] [I] Loaded engine size: 23 MiB
[09/09/2026-14:24:27] [TRT] [I] [MemUsageChange] TensorRT-managed allocation in IExecutionContext creation: CPU +1, GPU +7, now: CPU 1, GPU 38 (MiB)
14:24:27  INFO     [RAMS] YOLOv8-small ready — TensorRT yolov8s.engine (imgsz=416).
WARNING ⚠️ Unable to automatically guess model task, assuming 'task=detect'. Explicitly define task for your model, i.e. 'task=detect', 'segment', 'classify', 'pose', 'obb' or 'semantic'.
Loading yolov8m.engine for TensorRT inference...
[09/09/2026-14:24:27] [TRT] [I] The logger passed into createInferRuntime differs from one already provided for an existing builder, runtime, or refitter. Uses of the global logger, returned by nvinfer1::getLogger(), will return the existing value.
[09/09/2026-14:24:27] [TRT] [I] Loaded engine size: 52 MiB
[09/09/2026-14:24:27] [TRT] [I] [MemUsageChange] TensorRT-managed allocation in IExecutionContext creation: CPU +0, GPU +29, now: CPU 1, GPU 117 (MiB)
14:24:27  INFO     [RAMS] YOLOv8-medium ready — TensorRT yolov8m.engine (imgsz=640).
14:24:27  INFO     [RAMS] Controller ready. Policy: fixed
14:24:27  INFO     [RAMS] Tier switch: SMALL → MEDIUM  (R=0.688)
14:24:28  INFO       [fixed_medium / burst] 20/200  tier=MEDIUM  latency=19.0 ms  R=0.773  target=0.85  dets=8  vru=False  backend=tensorrt
14:24:29  INFO       [fixed_medium / burst] 40/200  tier=MEDIUM  latency=15.6 ms  R=0.143  target=0.00  dets=10  vru=True  backend=tensorrt
14:24:29  INFO       [fixed_medium / burst] 60/200  tier=MEDIUM  latency=16.5 ms  R=0.163  target=0.00  dets=14  vru=False  backend=tensorrt
14:24:30  INFO       [fixed_medium / burst] 80/200  tier=MEDIUM  latency=17.4 ms  R=0.178  target=0.00  dets=18  vru=True  backend=tensorrt
14:24:30  INFO       [fixed_medium / burst] 100/200  tier=MEDIUM  latency=13.9 ms  R=0.117  target=0.00  dets=2  vru=False  backend=tensorrt
14:24:31  INFO       [fixed_medium / burst] 120/200  tier=MEDIUM  latency=16.3 ms  R=0.790  target=0.85  dets=13  vru=False  backend=tensorrt
14:24:32  INFO       [fixed_medium / burst] 140/200  tier=MEDIUM  latency=15.1 ms  R=0.160  target=0.00  dets=6  vru=True  backend=tensorrt
14:24:32  INFO       [fixed_medium / burst] 160/200  tier=MEDIUM  latency=15.4 ms  R=0.193  target=0.00  dets=4  vru=False  backend=tensorrt
14:24:33  INFO       [fixed_medium / burst] 180/200  tier=MEDIUM  latency=15.8 ms  R=0.284  target=0.00  dets=10  vru=False  backend=tensorrt
14:24:33  INFO       [fixed_medium / burst] 200/200  tier=MEDIUM  latency=14.7 ms  R=0.175  target=0.00  dets=6  vru=True  backend=tensorrt
14:24:34  INFO     [RAMS] Controller stopped.
14:24:34  INFO     
--- Block 3/10  Policy: safety2  Load: burst (100%) ---
14:24:34  INFO     [RAMS] Starting resource monitor ...
14:24:34  INFO     [RAMS] Loading model tiers ...
WARNING ⚠️ Unable to automatically guess model task, assuming 'task=detect'. Explicitly define task for your model, i.e. 'task=detect', 'segment', 'classify', 'pose', 'obb' or 'semantic'.
Loading yolov8n.engine for TensorRT inference...
[09/09/2026-14:24:34] [TRT] [I] Loaded engine size: 7 MiB
[09/09/2026-14:24:34] [TRT] [I] [MemUsageChange] TensorRT-managed allocation in IExecutionContext creation: CPU +0, GPU +3, now: CPU 0, GPU 9 (MiB)
14:24:34  INFO     [RAMS] YOLOv8-nano ready — TensorRT yolov8n.engine (imgsz=320).
WARNING ⚠️ Unable to automatically guess model task, assuming 'task=detect'. Explicitly define task for your model, i.e. 'task=detect', 'segment', 'classify', 'pose', 'obb' or 'semantic'.
Loading yolov8s.engine for TensorRT inference...
[09/09/2026-14:24:34] [TRT] [I] The logger passed into createInferRuntime differs from one already provided for an existing builder, runtime, or refitter. Uses of the global logger, returned by nvinfer1::getLogger(), will return the existing value.
[09/09/2026-14:24:34] [TRT] [I] Loaded engine size: 23 MiB
[09/09/2026-14:24:34] [TRT] [I] [MemUsageChange] TensorRT-managed allocation in IExecutionContext creation: CPU +1, GPU +7, now: CPU 1, GPU 38 (MiB)
14:24:34  INFO     [RAMS] YOLOv8-small ready — TensorRT yolov8s.engine (imgsz=416).
WARNING ⚠️ Unable to automatically guess model task, assuming 'task=detect'. Explicitly define task for your model, i.e. 'task=detect', 'segment', 'classify', 'pose', 'obb' or 'semantic'.
Loading yolov8m.engine for TensorRT inference...
[09/09/2026-14:24:34] [TRT] [I] The logger passed into createInferRuntime differs from one already provided for an existing builder, runtime, or refitter. Uses of the global logger, returned by nvinfer1::getLogger(), will return the existing value.
[09/09/2026-14:24:34] [TRT] [I] Loaded engine size: 52 MiB
[09/09/2026-14:24:34] [TRT] [I] [MemUsageChange] TensorRT-managed allocation in IExecutionContext creation: CPU +0, GPU +29, now: CPU 1, GPU 117 (MiB)
14:24:34  INFO     [RAMS] YOLOv8-medium ready — TensorRT yolov8m.engine (imgsz=640).
14:24:34  INFO     [RAMS] Controller ready. Policy: safety2
14:24:34  INFO     [RAMS] Tier switch: SMALL → NANO  (R=0.751)
14:24:34  INFO     [RAMS] Tier switch: NANO → MEDIUM  (R=0.728)
14:24:35  INFO       [safety2 / burst] 20/200  tier=MEDIUM  latency=22.7 ms  R=0.766  target=0.85  dets=8  vru=False  backend=tensorrt
14:24:35  INFO       [safety2 / burst] 40/200  tier=MEDIUM  latency=15.8 ms  R=0.227  target=0.00  dets=10  vru=True  backend=tensorrt
14:24:36  INFO       [safety2 / burst] 60/200  tier=MEDIUM  latency=17.0 ms  R=0.253  target=0.00  dets=14  vru=False  backend=tensorrt
14:24:37  INFO       [safety2 / burst] 80/200  tier=MEDIUM  latency=17.7 ms  R=0.260  target=0.00  dets=18  vru=True  backend=tensorrt
14:24:37  INFO       [safety2 / burst] 100/200  tier=MEDIUM  latency=14.1 ms  R=0.271  target=0.00  dets=2  vru=False  backend=tensorrt
14:24:38  INFO       [safety2 / burst] 120/200  tier=MEDIUM  latency=19.6 ms  R=0.783  target=0.85  dets=13  vru=False  backend=tensorrt
14:24:38  INFO     [RAMS] Tier switch: MEDIUM → SMALL  (R=0.140)
14:24:39  INFO     [RAMS] Tier switch: SMALL → MEDIUM  (R=0.240)
14:24:39  INFO       [safety2 / burst] 140/200  tier=MEDIUM  latency=16.7 ms  R=0.259  target=0.00  dets=6  vru=True  backend=tensorrt
14:24:39  INFO     [RAMS] Tier switch: MEDIUM → SMALL  (R=0.241)
14:24:39  INFO       [safety2 / burst] 160/200  tier=SMALL   latency=8.0 ms  R=0.227  target=0.00  dets=2  vru=False  backend=tensorrt
14:24:39  INFO     [RAMS] Tier switch: SMALL → MEDIUM  (R=0.229)
14:24:40  INFO       [safety2 / burst] 180/200  tier=MEDIUM  latency=16.2 ms  R=0.184  target=0.00  dets=10  vru=False  backend=tensorrt
14:24:40  INFO       [safety2 / burst] 200/200  tier=MEDIUM  latency=14.8 ms  R=0.131  target=0.00  dets=6  vru=True  backend=tensorrt
14:24:41  INFO     [RAMS] Controller stopped.
14:24:41  INFO     
--- Block 3/10  Policy: fixed_small  Load: burst (100%) ---
14:24:41  INFO     [RAMS] Starting resource monitor ...
14:24:41  INFO     [RAMS] Loading model tiers ...
WARNING ⚠️ Unable to automatically guess model task, assuming 'task=detect'. Explicitly define task for your model, i.e. 'task=detect', 'segment', 'classify', 'pose', 'obb' or 'semantic'.
Loading yolov8n.engine for TensorRT inference...
[09/09/2026-14:24:41] [TRT] [I] Loaded engine size: 7 MiB
[09/09/2026-14:24:41] [TRT] [I] [MemUsageChange] TensorRT-managed allocation in IExecutionContext creation: CPU +0, GPU +3, now: CPU 0, GPU 9 (MiB)
14:24:41  INFO     [RAMS] YOLOv8-nano ready — TensorRT yolov8n.engine (imgsz=320).
WARNING ⚠️ Unable to automatically guess model task, assuming 'task=detect'. Explicitly define task for your model, i.e. 'task=detect', 'segment', 'classify', 'pose', 'obb' or 'semantic'.
Loading yolov8s.engine for TensorRT inference...
[09/09/2026-14:24:41] [TRT] [I] The logger passed into createInferRuntime differs from one already provided for an existing builder, runtime, or refitter. Uses of the global logger, returned by nvinfer1::getLogger(), will return the existing value.
[09/09/2026-14:24:41] [TRT] [I] Loaded engine size: 23 MiB
[09/09/2026-14:24:41] [TRT] [I] [MemUsageChange] TensorRT-managed allocation in IExecutionContext creation: CPU +1, GPU +7, now: CPU 1, GPU 38 (MiB)
14:24:41  INFO     [RAMS] YOLOv8-small ready — TensorRT yolov8s.engine (imgsz=416).
WARNING ⚠️ Unable to automatically guess model task, assuming 'task=detect'. Explicitly define task for your model, i.e. 'task=detect', 'segment', 'classify', 'pose', 'obb' or 'semantic'.
Loading yolov8m.engine for TensorRT inference...
[09/09/2026-14:24:41] [TRT] [I] The logger passed into createInferRuntime differs from one already provided for an existing builder, runtime, or refitter. Uses of the global logger, returned by nvinfer1::getLogger(), will return the existing value.
[09/09/2026-14:24:41] [TRT] [I] Loaded engine size: 52 MiB
[09/09/2026-14:24:41] [TRT] [I] [MemUsageChange] TensorRT-managed allocation in IExecutionContext creation: CPU +0, GPU +29, now: CPU 1, GPU 117 (MiB)
14:24:41  INFO     [RAMS] YOLOv8-medium ready — TensorRT yolov8m.engine (imgsz=640).
14:24:41  INFO     [RAMS] Controller ready. Policy: fixed
14:24:41  INFO       [fixed_small / burst] 20/200  tier=SMALL   latency=9.0 ms  R=0.724  target=0.85  dets=7  vru=False  backend=tensorrt
14:24:42  INFO       [fixed_small / burst] 40/200  tier=SMALL   latency=9.3 ms  R=0.153  target=0.00  dets=9  vru=False  backend=tensorrt
14:24:42  INFO       [fixed_small / burst] 60/200  tier=SMALL   latency=10.2 ms  R=0.124  target=0.00  dets=14  vru=False  backend=tensorrt
14:24:43  INFO       [fixed_small / burst] 80/200  tier=SMALL   latency=10.6 ms  R=0.229  target=0.00  dets=15  vru=True  backend=tensorrt
14:24:43  INFO       [fixed_small / burst] 100/200  tier=SMALL   latency=8.0 ms  R=0.124  target=0.00  dets=2  vru=False  backend=tensorrt
14:24:44  INFO       [fixed_small / burst] 120/200  tier=SMALL   latency=8.8 ms  R=0.744  target=0.85  dets=5  vru=False  backend=tensorrt
14:24:45  INFO       [fixed_small / burst] 140/200  tier=SMALL   latency=7.9 ms  R=0.148  target=0.00  dets=3  vru=True  backend=tensorrt
14:24:45  INFO       [fixed_small / burst] 160/200  tier=SMALL   latency=7.7 ms  R=0.154  target=0.00  dets=2  vru=False  backend=tensorrt
14:24:45  INFO       [fixed_small / burst] 180/200  tier=SMALL   latency=8.5 ms  R=0.146  target=0.00  dets=6  vru=False  backend=tensorrt
14:24:46  INFO       [fixed_small / burst] 200/200  tier=SMALL   latency=9.1 ms  R=0.153  target=0.00  dets=5  vru=False  backend=tensorrt
14:24:46  INFO     [RAMS] Controller stopped.
14:24:46  INFO     
--- Block 3/10  Policy: safety  Load: burst (100%) ---
14:24:46  INFO     [RAMS] Starting resource monitor ...
14:24:46  INFO     [RAMS] Loading model tiers ...
WARNING ⚠️ Unable to automatically guess model task, assuming 'task=detect'. Explicitly define task for your model, i.e. 'task=detect', 'segment', 'classify', 'pose', 'obb' or 'semantic'.
Loading yolov8n.engine for TensorRT inference...
[09/09/2026-14:24:46] [TRT] [I] Loaded engine size: 7 MiB
[09/09/2026-14:24:46] [TRT] [I] [MemUsageChange] TensorRT-managed allocation in IExecutionContext creation: CPU +0, GPU +3, now: CPU 0, GPU 9 (MiB)
14:24:46  INFO     [RAMS] YOLOv8-nano ready — TensorRT yolov8n.engine (imgsz=320).
WARNING ⚠️ Unable to automatically guess model task, assuming 'task=detect'. Explicitly define task for your model, i.e. 'task=detect', 'segment', 'classify', 'pose', 'obb' or 'semantic'.
Loading yolov8s.engine for TensorRT inference...
[09/09/2026-14:24:46] [TRT] [I] The logger passed into createInferRuntime differs from one already provided for an existing builder, runtime, or refitter. Uses of the global logger, returned by nvinfer1::getLogger(), will return the existing value.
[09/09/2026-14:24:46] [TRT] [I] Loaded engine size: 23 MiB
[09/09/2026-14:24:46] [TRT] [I] [MemUsageChange] TensorRT-managed allocation in IExecutionContext creation: CPU +1, GPU +7, now: CPU 1, GPU 38 (MiB)
14:24:46  INFO     [RAMS] YOLOv8-small ready — TensorRT yolov8s.engine (imgsz=416).
WARNING ⚠️ Unable to automatically guess model task, assuming 'task=detect'. Explicitly define task for your model, i.e. 'task=detect', 'segment', 'classify', 'pose', 'obb' or 'semantic'.
Loading yolov8m.engine for TensorRT inference...
[09/09/2026-14:24:46] [TRT] [I] The logger passed into createInferRuntime differs from one already provided for an existing builder, runtime, or refitter. Uses of the global logger, returned by nvinfer1::getLogger(), will return the existing value.
[09/09/2026-14:24:46] [TRT] [I] Loaded engine size: 52 MiB
[09/09/2026-14:24:46] [TRT] [I] [MemUsageChange] TensorRT-managed allocation in IExecutionContext creation: CPU +0, GPU +29, now: CPU 1, GPU 117 (MiB)
14:24:46  INFO     [RAMS] YOLOv8-medium ready — TensorRT yolov8m.engine (imgsz=640).
14:24:46  INFO     [RAMS] Controller ready. Policy: safety
14:24:46  INFO     [RAMS] Tier switch: SMALL → NANO  (R=0.692)
14:24:46  INFO     [RAMS] Tier switch: NANO → SMALL  (R=0.692)
14:24:47  INFO       [safety / burst] 20/200  tier=SMALL   latency=9.2 ms  R=0.762  target=0.85  dets=7  vru=False  backend=tensorrt
14:24:47  INFO     [RAMS] Tier switch: SMALL → MEDIUM  (R=0.087)
14:24:47  INFO     [RAMS] Tier switch: MEDIUM → SMALL  (R=0.175)
14:24:47  INFO       [safety / burst] 40/200  tier=SMALL   latency=9.2 ms  R=0.153  target=0.00  dets=9  vru=False  backend=tensorrt
14:24:48  INFO       [safety / burst] 60/200  tier=SMALL   latency=10.4 ms  R=0.159  target=0.00  dets=14  vru=False  backend=tensorrt
14:24:48  INFO       [safety / burst] 80/200  tier=SMALL   latency=10.5 ms  R=0.158  target=0.00  dets=15  vru=True  backend=tensorrt
14:24:49  INFO       [safety / burst] 100/200  tier=SMALL   latency=8.6 ms  R=0.179  target=0.00  dets=2  vru=False  backend=tensorrt
14:24:49  INFO       [safety / burst] 120/200  tier=SMALL   latency=8.4 ms  R=0.742  target=0.85  dets=5  vru=False  backend=tensorrt
14:24:50  INFO     [RAMS] Tier switch: SMALL → MEDIUM  (R=0.075)
14:24:50  INFO     [RAMS] Tier switch: MEDIUM → SMALL  (R=0.136)
14:24:50  INFO       [safety / burst] 140/200  tier=SMALL   latency=8.0 ms  R=0.189  target=0.00  dets=3  vru=True  backend=tensorrt
14:24:50  INFO       [safety / burst] 160/200  tier=SMALL   latency=7.7 ms  R=0.158  target=0.00  dets=2  vru=False  backend=tensorrt
14:24:51  INFO       [safety / burst] 180/200  tier=SMALL   latency=8.6 ms  R=0.231  target=0.00  dets=6  vru=False  backend=tensorrt
14:24:51  INFO       [safety / burst] 200/200  tier=SMALL   latency=8.4 ms  R=0.159  target=0.00  dets=5  vru=False  backend=tensorrt
14:24:51  INFO     [RAMS] Controller stopped.
14:24:51  INFO     
--- Block 3/10  Policy: fixed_nano  Load: burst (100%) ---
14:24:51  INFO     [RAMS] Starting resource monitor ...
14:24:51  INFO     [RAMS] Loading model tiers ...
WARNING ⚠️ Unable to automatically guess model task, assuming 'task=detect'. Explicitly define task for your model, i.e. 'task=detect', 'segment', 'classify', 'pose', 'obb' or 'semantic'.
Loading yolov8n.engine for TensorRT inference...
[09/09/2026-14:24:51] [TRT] [I] Loaded engine size: 7 MiB
[09/09/2026-14:24:51] [TRT] [I] [MemUsageChange] TensorRT-managed allocation in IExecutionContext creation: CPU +0, GPU +3, now: CPU 0, GPU 9 (MiB)
14:24:51  INFO     [RAMS] YOLOv8-nano ready — TensorRT yolov8n.engine (imgsz=320).
WARNING ⚠️ Unable to automatically guess model task, assuming 'task=detect'. Explicitly define task for your model, i.e. 'task=detect', 'segment', 'classify', 'pose', 'obb' or 'semantic'.
Loading yolov8s.engine for TensorRT inference...
[09/09/2026-14:24:51] [TRT] [I] The logger passed into createInferRuntime differs from one already provided for an existing builder, runtime, or refitter. Uses of the global logger, returned by nvinfer1::getLogger(), will return the existing value.
[09/09/2026-14:24:52] [TRT] [I] Loaded engine size: 23 MiB
[09/09/2026-14:24:52] [TRT] [I] [MemUsageChange] TensorRT-managed allocation in IExecutionContext creation: CPU +1, GPU +7, now: CPU 1, GPU 38 (MiB)
14:24:52  INFO     [RAMS] YOLOv8-small ready — TensorRT yolov8s.engine (imgsz=416).
WARNING ⚠️ Unable to automatically guess model task, assuming 'task=detect'. Explicitly define task for your model, i.e. 'task=detect', 'segment', 'classify', 'pose', 'obb' or 'semantic'.
Loading yolov8m.engine for TensorRT inference...
[09/09/2026-14:24:52] [TRT] [I] The logger passed into createInferRuntime differs from one already provided for an existing builder, runtime, or refitter. Uses of the global logger, returned by nvinfer1::getLogger(), will return the existing value.
[09/09/2026-14:24:52] [TRT] [I] Loaded engine size: 52 MiB
[09/09/2026-14:24:52] [TRT] [I] [MemUsageChange] TensorRT-managed allocation in IExecutionContext creation: CPU +0, GPU +29, now: CPU 1, GPU 117 (MiB)
14:24:52  INFO     [RAMS] YOLOv8-medium ready — TensorRT yolov8m.engine (imgsz=640).
14:24:52  INFO     [RAMS] Controller ready. Policy: fixed
14:24:52  INFO     [RAMS] Tier switch: SMALL → NANO  (R=0.734)
14:24:52  INFO       [fixed_nano / burst] 20/200  tier=NANO    latency=7.2 ms  R=0.733  target=0.85  dets=5  vru=False  backend=tensorrt
14:24:53  INFO       [fixed_nano / burst] 40/200  tier=NANO    latency=6.4 ms  R=0.150  target=0.00  dets=1  vru=False  backend=tensorrt
14:24:53  INFO       [fixed_nano / burst] 60/200  tier=NANO    latency=7.9 ms  R=0.144  target=0.00  dets=9  vru=False  backend=tensorrt
14:24:54  INFO       [fixed_nano / burst] 80/200  tier=NANO    latency=7.6 ms  R=0.134  target=0.00  dets=8  vru=False  backend=tensorrt
14:24:54  INFO       [fixed_nano / burst] 100/200  tier=NANO    latency=4.7 ms  R=0.141  target=0.00  dets=0  vru=False  backend=tensorrt
14:24:55  INFO       [fixed_nano / burst] 120/200  tier=NANO    latency=6.8 ms  R=0.732  target=0.85  dets=4  vru=False  backend=tensorrt
14:24:55  INFO       [fixed_nano / burst] 140/200  tier=NANO    latency=6.6 ms  R=0.233  target=0.00  dets=2  vru=True  backend=tensorrt
14:24:56  INFO       [fixed_nano / burst] 160/200  tier=NANO    latency=6.8 ms  R=0.285  target=0.00  dets=2  vru=False  backend=tensorrt
14:24:56  INFO       [fixed_nano / burst] 180/200  tier=NANO    latency=7.3 ms  R=0.228  target=0.00  dets=5  vru=False  backend=tensorrt
14:24:56  INFO       [fixed_nano / burst] 200/200  tier=NANO    latency=6.6 ms  R=0.207  target=0.00  dets=2  vru=False  backend=tensorrt
14:24:56  INFO     [RAMS] Controller stopped.
14:24:57  INFO     
--- Block 4/10  Policy: adaptive  Load: burst (100%) ---
14:24:57  INFO     [RAMS] Starting resource monitor ...
14:24:57  INFO     [RAMS] Loading model tiers ...
WARNING ⚠️ Unable to automatically guess model task, assuming 'task=detect'. Explicitly define task for your model, i.e. 'task=detect', 'segment', 'classify', 'pose', 'obb' or 'semantic'.
Loading yolov8n.engine for TensorRT inference...
[09/09/2026-14:24:57] [TRT] [I] Loaded engine size: 7 MiB
[09/09/2026-14:24:57] [TRT] [I] [MemUsageChange] TensorRT-managed allocation in IExecutionContext creation: CPU +0, GPU +3, now: CPU 0, GPU 9 (MiB)
14:24:57  INFO     [RAMS] YOLOv8-nano ready — TensorRT yolov8n.engine (imgsz=320).
WARNING ⚠️ Unable to automatically guess model task, assuming 'task=detect'. Explicitly define task for your model, i.e. 'task=detect', 'segment', 'classify', 'pose', 'obb' or 'semantic'.
Loading yolov8s.engine for TensorRT inference...
[09/09/2026-14:24:57] [TRT] [I] The logger passed into createInferRuntime differs from one already provided for an existing builder, runtime, or refitter. Uses of the global logger, returned by nvinfer1::getLogger(), will return the existing value.
[09/09/2026-14:24:57] [TRT] [I] Loaded engine size: 23 MiB
[09/09/2026-14:24:57] [TRT] [I] [MemUsageChange] TensorRT-managed allocation in IExecutionContext creation: CPU +1, GPU +7, now: CPU 1, GPU 38 (MiB)
14:24:57  INFO     [RAMS] YOLOv8-small ready — TensorRT yolov8s.engine (imgsz=416).
WARNING ⚠️ Unable to automatically guess model task, assuming 'task=detect'. Explicitly define task for your model, i.e. 'task=detect', 'segment', 'classify', 'pose', 'obb' or 'semantic'.
Loading yolov8m.engine for TensorRT inference...
[09/09/2026-14:24:57] [TRT] [I] The logger passed into createInferRuntime differs from one already provided for an existing builder, runtime, or refitter. Uses of the global logger, returned by nvinfer1::getLogger(), will return the existing value.
[09/09/2026-14:24:57] [TRT] [I] Loaded engine size: 52 MiB
[09/09/2026-14:24:57] [TRT] [I] [MemUsageChange] TensorRT-managed allocation in IExecutionContext creation: CPU +0, GPU +29, now: CPU 1, GPU 117 (MiB)
14:24:57  INFO     [RAMS] YOLOv8-medium ready — TensorRT yolov8m.engine (imgsz=640).
14:24:57  INFO     [RAMS] Controller ready. Policy: adaptive
14:24:57  INFO     [RAMS] Tier switch: SMALL → NANO  (R=0.758)
14:24:58  INFO       [adaptive / burst] 20/200  tier=NANO    latency=18.5 ms  R=0.735  target=0.85  dets=0  vru=False  backend=tensorrt
14:24:58  INFO     [RAMS] Tier switch: NANO → SMALL  (R=0.151)
14:24:58  INFO       [adaptive / burst] 40/200  tier=SMALL   latency=8.1 ms  R=0.244  target=0.00  dets=2  vru=False  backend=tensorrt
14:24:59  INFO       [adaptive / burst] 60/200  tier=SMALL   latency=8.9 ms  R=0.220  target=0.00  dets=3  vru=False  backend=tensorrt
14:24:59  INFO       [adaptive / burst] 80/200  tier=SMALL   latency=8.0 ms  R=0.247  target=0.00  dets=1  vru=False  backend=tensorrt
14:24:59  INFO       [adaptive / burst] 100/200  tier=SMALL   latency=10.4 ms  R=0.198  target=0.00  dets=12  vru=False  backend=tensorrt
14:25:00  INFO     [RAMS] Tier switch: SMALL → NANO  (R=0.723)
14:25:00  INFO       [adaptive / burst] 120/200  tier=NANO    latency=7.8 ms  R=0.757  target=0.85  dets=6  vru=False  backend=tensorrt
14:25:00  INFO     [RAMS] Tier switch: NANO → SMALL  (R=0.134)
14:25:01  INFO       [adaptive / burst] 140/200  tier=SMALL   latency=9.8 ms  R=0.225  target=0.00  dets=10  vru=False  backend=tensorrt
14:25:01  INFO       [adaptive / burst] 160/200  tier=SMALL   latency=7.8 ms  R=0.244  target=0.00  dets=2  vru=False  backend=tensorrt
14:25:02  INFO       [adaptive / burst] 180/200  tier=SMALL   latency=7.4 ms  R=0.156  target=0.00  dets=1  vru=True  backend=tensorrt
14:25:02  INFO       [adaptive / burst] 200/200  tier=SMALL   latency=8.6 ms  R=0.216  target=0.00  dets=1  vru=True  backend=tensorrt
14:25:02  INFO     [RAMS] Controller stopped.
14:25:02  INFO     
--- Block 4/10  Policy: predictive  Load: burst (100%) ---
14:25:02  INFO     [RAMS] Starting resource monitor ...
14:25:02  INFO     [RAMS] Loading model tiers ...
WARNING ⚠️ Unable to automatically guess model task, assuming 'task=detect'. Explicitly define task for your model, i.e. 'task=detect', 'segment', 'classify', 'pose', 'obb' or 'semantic'.
Loading yolov8n.engine for TensorRT inference...
[09/09/2026-14:25:02] [TRT] [I] Loaded engine size: 7 MiB
[09/09/2026-14:25:02] [TRT] [I] [MemUsageChange] TensorRT-managed allocation in IExecutionContext creation: CPU +0, GPU +3, now: CPU 0, GPU 9 (MiB)
14:25:02  INFO     [RAMS] YOLOv8-nano ready — TensorRT yolov8n.engine (imgsz=320).
WARNING ⚠️ Unable to automatically guess model task, assuming 'task=detect'. Explicitly define task for your model, i.e. 'task=detect', 'segment', 'classify', 'pose', 'obb' or 'semantic'.
Loading yolov8s.engine for TensorRT inference...
[09/09/2026-14:25:02] [TRT] [I] The logger passed into createInferRuntime differs from one already provided for an existing builder, runtime, or refitter. Uses of the global logger, returned by nvinfer1::getLogger(), will return the existing value.
[09/09/2026-14:25:02] [TRT] [I] Loaded engine size: 23 MiB
[09/09/2026-14:25:02] [TRT] [I] [MemUsageChange] TensorRT-managed allocation in IExecutionContext creation: CPU +1, GPU +7, now: CPU 1, GPU 38 (MiB)
14:25:02  INFO     [RAMS] YOLOv8-small ready — TensorRT yolov8s.engine (imgsz=416).
WARNING ⚠️ Unable to automatically guess model task, assuming 'task=detect'. Explicitly define task for your model, i.e. 'task=detect', 'segment', 'classify', 'pose', 'obb' or 'semantic'.
Loading yolov8m.engine for TensorRT inference...
[09/09/2026-14:25:02] [TRT] [I] The logger passed into createInferRuntime differs from one already provided for an existing builder, runtime, or refitter. Uses of the global logger, returned by nvinfer1::getLogger(), will return the existing value.
[09/09/2026-14:25:02] [TRT] [I] Loaded engine size: 52 MiB
[09/09/2026-14:25:02] [TRT] [I] [MemUsageChange] TensorRT-managed allocation in IExecutionContext creation: CPU +0, GPU +29, now: CPU 1, GPU 117 (MiB)
14:25:02  INFO     [RAMS] YOLOv8-medium ready — TensorRT yolov8m.engine (imgsz=640).
14:25:02  INFO     [RAMS] Controller ready. Policy: predictive
14:25:03  INFO     [RAMS] Tier switch: SMALL → NANO  (R=0.699)
14:25:03  INFO       [predictive / burst] 20/200  tier=NANO    latency=5.3 ms  R=0.752  target=0.85  dets=0  vru=False  backend=tensorrt
14:25:03  INFO     [RAMS] Tier switch: NANO → SMALL  (R=0.075)
14:25:04  INFO       [predictive / burst] 40/200  tier=SMALL   latency=7.7 ms  R=0.127  target=0.00  dets=2  vru=False  backend=tensorrt
14:25:04  INFO     [RAMS] Tier switch: SMALL → MEDIUM  (R=0.127)
14:25:04  INFO     [RAMS] Tier switch: MEDIUM → SMALL  (R=0.269)
14:25:04  INFO       [predictive / burst] 60/200  tier=SMALL   latency=8.6 ms  R=0.156  target=0.00  dets=3  vru=False  backend=tensorrt
14:25:04  INFO       [predictive / burst] 80/200  tier=SMALL   latency=7.6 ms  R=0.143  target=0.00  dets=1  vru=False  backend=tensorrt
14:25:05  INFO       [predictive / burst] 100/200  tier=SMALL   latency=10.0 ms  R=0.182  target=0.00  dets=12  vru=False  backend=tensorrt
14:25:05  INFO     [RAMS] Tier switch: SMALL → NANO  (R=0.725)
14:25:05  INFO       [predictive / burst] 120/200  tier=NANO    latency=7.4 ms  R=0.732  target=0.85  dets=6  vru=False  backend=tensorrt
14:25:06  INFO     [RAMS] Tier switch: NANO → SMALL  (R=0.069)
14:25:06  INFO       [predictive / burst] 140/200  tier=SMALL   latency=9.6 ms  R=0.148  target=0.00  dets=10  vru=False  backend=tensorrt
14:25:06  INFO       [predictive / burst] 160/200  tier=SMALL   latency=7.8 ms  R=0.162  target=0.00  dets=2  vru=False  backend=tensorrt
14:25:07  INFO       [predictive / burst] 180/200  tier=SMALL   latency=7.5 ms  R=0.157  target=0.00  dets=1  vru=True  backend=tensorrt
14:25:07  INFO       [predictive / burst] 200/200  tier=SMALL   latency=7.4 ms  R=0.162  target=0.00  dets=1  vru=True  backend=tensorrt
14:25:07  INFO     [RAMS] Controller stopped.
14:25:07  INFO     
--- Block 4/10  Policy: fixed_nano  Load: burst (100%) ---
14:25:07  INFO     [RAMS] Starting resource monitor ...
14:25:07  INFO     [RAMS] Loading model tiers ...
WARNING ⚠️ Unable to automatically guess model task, assuming 'task=detect'. Explicitly define task for your model, i.e. 'task=detect', 'segment', 'classify', 'pose', 'obb' or 'semantic'.
Loading yolov8n.engine for TensorRT inference...
[09/09/2026-14:25:07] [TRT] [I] Loaded engine size: 7 MiB
[09/09/2026-14:25:07] [TRT] [I] [MemUsageChange] TensorRT-managed allocation in IExecutionContext creation: CPU +0, GPU +3, now: CPU 0, GPU 9 (MiB)
14:25:07  INFO     [RAMS] YOLOv8-nano ready — TensorRT yolov8n.engine (imgsz=320).
WARNING ⚠️ Unable to automatically guess model task, assuming 'task=detect'. Explicitly define task for your model, i.e. 'task=detect', 'segment', 'classify', 'pose', 'obb' or 'semantic'.
Loading yolov8s.engine for TensorRT inference...
[09/09/2026-14:25:07] [TRT] [I] The logger passed into createInferRuntime differs from one already provided for an existing builder, runtime, or refitter. Uses of the global logger, returned by nvinfer1::getLogger(), will return the existing value.
[09/09/2026-14:25:07] [TRT] [I] Loaded engine size: 23 MiB
[09/09/2026-14:25:08] [TRT] [I] [MemUsageChange] TensorRT-managed allocation in IExecutionContext creation: CPU +1, GPU +7, now: CPU 1, GPU 38 (MiB)
14:25:08  INFO     [RAMS] YOLOv8-small ready — TensorRT yolov8s.engine (imgsz=416).
WARNING ⚠️ Unable to automatically guess model task, assuming 'task=detect'. Explicitly define task for your model, i.e. 'task=detect', 'segment', 'classify', 'pose', 'obb' or 'semantic'.
Loading yolov8m.engine for TensorRT inference...
[09/09/2026-14:25:08] [TRT] [I] The logger passed into createInferRuntime differs from one already provided for an existing builder, runtime, or refitter. Uses of the global logger, returned by nvinfer1::getLogger(), will return the existing value.
[09/09/2026-14:25:08] [TRT] [I] Loaded engine size: 52 MiB
[09/09/2026-14:25:08] [TRT] [I] [MemUsageChange] TensorRT-managed allocation in IExecutionContext creation: CPU +0, GPU +29, now: CPU 1, GPU 117 (MiB)
14:25:08  INFO     [RAMS] YOLOv8-medium ready — TensorRT yolov8m.engine (imgsz=640).
14:25:08  INFO     [RAMS] Controller ready. Policy: fixed
14:25:08  INFO     [RAMS] Tier switch: SMALL → NANO  (R=0.727)
14:25:08  INFO       [fixed_nano / burst] 20/200  tier=NANO    latency=4.6 ms  R=0.732  target=0.85  dets=0  vru=False  backend=tensorrt
14:25:09  INFO       [fixed_nano / burst] 40/200  tier=NANO    latency=6.4 ms  R=0.213  target=0.00  dets=1  vru=False  backend=tensorrt
14:25:09  INFO       [fixed_nano / burst] 60/200  tier=NANO    latency=6.4 ms  R=0.143  target=0.00  dets=2  vru=False  backend=tensorrt
14:25:10  INFO       [fixed_nano / burst] 80/200  tier=NANO    latency=6.6 ms  R=0.132  target=0.00  dets=1  vru=False  backend=tensorrt
14:25:10  INFO       [fixed_nano / burst] 100/200  tier=NANO    latency=7.9 ms  R=0.170  target=0.00  dets=9  vru=False  backend=tensorrt
14:25:11  INFO       [fixed_nano / burst] 120/200  tier=NANO    latency=7.4 ms  R=0.733  target=0.85  dets=6  vru=False  backend=tensorrt
14:25:11  INFO       [fixed_nano / burst] 140/200  tier=NANO    latency=7.2 ms  R=0.144  target=0.00  dets=6  vru=False  backend=tensorrt
14:25:11  INFO       [fixed_nano / burst] 160/200  tier=NANO    latency=6.6 ms  R=0.141  target=0.00  dets=1  vru=False  backend=tensorrt
14:25:12  INFO       [fixed_nano / burst] 180/200  tier=NANO    latency=6.4 ms  R=0.222  target=0.00  dets=2  vru=True  backend=tensorrt
14:25:12  INFO       [fixed_nano / burst] 200/200  tier=NANO    latency=6.1 ms  R=0.133  target=0.00  dets=1  vru=True  backend=tensorrt
14:25:12  INFO     [RAMS] Controller stopped.
14:25:12  INFO     
--- Block 4/10  Policy: fixed_medium  Load: burst (100%) ---
14:25:12  INFO     [RAMS] Starting resource monitor ...
14:25:12  INFO     [RAMS] Loading model tiers ...
WARNING ⚠️ Unable to automatically guess model task, assuming 'task=detect'. Explicitly define task for your model, i.e. 'task=detect', 'segment', 'classify', 'pose', 'obb' or 'semantic'.
Loading yolov8n.engine for TensorRT inference...
[09/09/2026-14:25:12] [TRT] [I] Loaded engine size: 7 MiB
[09/09/2026-14:25:12] [TRT] [I] [MemUsageChange] TensorRT-managed allocation in IExecutionContext creation: CPU +0, GPU +3, now: CPU 0, GPU 9 (MiB)
14:25:12  INFO     [RAMS] YOLOv8-nano ready — TensorRT yolov8n.engine (imgsz=320).
WARNING ⚠️ Unable to automatically guess model task, assuming 'task=detect'. Explicitly define task for your model, i.e. 'task=detect', 'segment', 'classify', 'pose', 'obb' or 'semantic'.
Loading yolov8s.engine for TensorRT inference...
[09/09/2026-14:25:12] [TRT] [I] The logger passed into createInferRuntime differs from one already provided for an existing builder, runtime, or refitter. Uses of the global logger, returned by nvinfer1::getLogger(), will return the existing value.
[09/09/2026-14:25:12] [TRT] [I] Loaded engine size: 23 MiB
[09/09/2026-14:25:12] [TRT] [I] [MemUsageChange] TensorRT-managed allocation in IExecutionContext creation: CPU +1, GPU +7, now: CPU 1, GPU 38 (MiB)
14:25:12  INFO     [RAMS] YOLOv8-small ready — TensorRT yolov8s.engine (imgsz=416).
WARNING ⚠️ Unable to automatically guess model task, assuming 'task=detect'. Explicitly define task for your model, i.e. 'task=detect', 'segment', 'classify', 'pose', 'obb' or 'semantic'.
Loading yolov8m.engine for TensorRT inference...
[09/09/2026-14:25:12] [TRT] [I] The logger passed into createInferRuntime differs from one already provided for an existing builder, runtime, or refitter. Uses of the global logger, returned by nvinfer1::getLogger(), will return the existing value.
[09/09/2026-14:25:12] [TRT] [I] Loaded engine size: 52 MiB
[09/09/2026-14:25:13] [TRT] [I] [MemUsageChange] TensorRT-managed allocation in IExecutionContext creation: CPU +0, GPU +29, now: CPU 1, GPU 117 (MiB)
14:25:13  INFO     [RAMS] YOLOv8-medium ready — TensorRT yolov8m.engine (imgsz=640).
14:25:13  INFO     [RAMS] Controller ready. Policy: fixed
14:25:13  INFO     [RAMS] Tier switch: SMALL → MEDIUM  (R=0.706)
14:25:13  INFO       [fixed_medium / burst] 20/200  tier=MEDIUM  latency=17.1 ms  R=0.776  target=0.85  dets=2  vru=False  backend=tensorrt
14:25:14  INFO       [fixed_medium / burst] 40/200  tier=MEDIUM  latency=14.2 ms  R=0.163  target=0.00  dets=4  vru=False  backend=tensorrt
14:25:15  INFO       [fixed_medium / burst] 60/200  tier=MEDIUM  latency=14.9 ms  R=0.188  target=0.00  dets=6  vru=False  backend=tensorrt
14:25:15  INFO       [fixed_medium / burst] 80/200  tier=MEDIUM  latency=14.2 ms  R=0.159  target=0.00  dets=4  vru=False  backend=tensorrt
14:25:16  INFO       [fixed_medium / burst] 100/200  tier=MEDIUM  latency=18.0 ms  R=0.204  target=0.00  dets=17  vru=True  backend=tensorrt
14:25:17  INFO       [fixed_medium / burst] 120/200  tier=MEDIUM  latency=15.3 ms  R=0.730  target=0.85  dets=8  vru=False  backend=tensorrt
14:25:17  INFO       [fixed_medium / burst] 140/200  tier=MEDIUM  latency=15.7 ms  R=0.265  target=0.00  dets=10  vru=False  backend=tensorrt
14:25:18  INFO       [fixed_medium / burst] 160/200  tier=MEDIUM  latency=14.6 ms  R=0.286  target=0.00  dets=3  vru=False  backend=tensorrt
14:25:18  INFO       [fixed_medium / burst] 180/200  tier=MEDIUM  latency=18.3 ms  R=0.191  target=0.00  dets=16  vru=True  backend=tensorrt
14:25:19  INFO       [fixed_medium / burst] 200/200  tier=MEDIUM  latency=15.6 ms  R=0.270  target=0.00  dets=9  vru=True  backend=tensorrt
14:25:19  INFO     [RAMS] Controller stopped.
14:25:19  INFO     
--- Block 4/10  Policy: fixed_small  Load: burst (100%) ---
14:25:19  INFO     [RAMS] Starting resource monitor ...
14:25:19  INFO     [RAMS] Loading model tiers ...
WARNING ⚠️ Unable to automatically guess model task, assuming 'task=detect'. Explicitly define task for your model, i.e. 'task=detect', 'segment', 'classify', 'pose', 'obb' or 'semantic'.
Loading yolov8n.engine for TensorRT inference...
[09/09/2026-14:25:19] [TRT] [I] Loaded engine size: 7 MiB
[09/09/2026-14:25:19] [TRT] [I] [MemUsageChange] TensorRT-managed allocation in IExecutionContext creation: CPU +0, GPU +3, now: CPU 0, GPU 9 (MiB)
14:25:19  INFO     [RAMS] YOLOv8-nano ready — TensorRT yolov8n.engine (imgsz=320).
WARNING ⚠️ Unable to automatically guess model task, assuming 'task=detect'. Explicitly define task for your model, i.e. 'task=detect', 'segment', 'classify', 'pose', 'obb' or 'semantic'.
Loading yolov8s.engine for TensorRT inference...
[09/09/2026-14:25:19] [TRT] [I] The logger passed into createInferRuntime differs from one already provided for an existing builder, runtime, or refitter. Uses of the global logger, returned by nvinfer1::getLogger(), will return the existing value.
[09/09/2026-14:25:19] [TRT] [I] Loaded engine size: 23 MiB
[09/09/2026-14:25:19] [TRT] [I] [MemUsageChange] TensorRT-managed allocation in IExecutionContext creation: CPU +1, GPU +7, now: CPU 1, GPU 38 (MiB)
14:25:19  INFO     [RAMS] YOLOv8-small ready — TensorRT yolov8s.engine (imgsz=416).
WARNING ⚠️ Unable to automatically guess model task, assuming 'task=detect'. Explicitly define task for your model, i.e. 'task=detect', 'segment', 'classify', 'pose', 'obb' or 'semantic'.
Loading yolov8m.engine for TensorRT inference...
[09/09/2026-14:25:19] [TRT] [I] The logger passed into createInferRuntime differs from one already provided for an existing builder, runtime, or refitter. Uses of the global logger, returned by nvinfer1::getLogger(), will return the existing value.
[09/09/2026-14:25:19] [TRT] [I] Loaded engine size: 52 MiB
[09/09/2026-14:25:19] [TRT] [I] [MemUsageChange] TensorRT-managed allocation in IExecutionContext creation: CPU +0, GPU +29, now: CPU 1, GPU 117 (MiB)
14:25:19  INFO     [RAMS] YOLOv8-medium ready — TensorRT yolov8m.engine (imgsz=640).
14:25:19  INFO     [RAMS] Controller ready. Policy: fixed
14:25:20  INFO       [fixed_small / burst] 20/200  tier=SMALL   latency=7.8 ms  R=0.750  target=0.85  dets=1  vru=False  backend=tensorrt
14:25:21  INFO       [fixed_small / burst] 40/200  tier=SMALL   latency=7.9 ms  R=0.203  target=0.00  dets=2  vru=False  backend=tensorrt
14:25:21  INFO       [fixed_small / burst] 60/200  tier=SMALL   latency=9.3 ms  R=0.233  target=0.00  dets=3  vru=False  backend=tensorrt
14:25:22  INFO       [fixed_small / burst] 80/200  tier=SMALL   latency=8.4 ms  R=0.213  target=0.00  dets=1  vru=False  backend=tensorrt
14:25:22  INFO       [fixed_small / burst] 100/200  tier=SMALL   latency=10.0 ms  R=0.231  target=0.00  dets=12  vru=False  backend=tensorrt
14:25:23  INFO       [fixed_small / burst] 120/200  tier=SMALL   latency=8.5 ms  R=0.726  target=0.85  dets=6  vru=False  backend=tensorrt
14:25:23  INFO       [fixed_small / burst] 140/200  tier=SMALL   latency=9.6 ms  R=0.169  target=0.00  dets=10  vru=False  backend=tensorrt
14:25:24  INFO       [fixed_small / burst] 160/200  tier=SMALL   latency=7.7 ms  R=0.148  target=0.00  dets=2  vru=False  backend=tensorrt
14:25:24  INFO       [fixed_small / burst] 180/200  tier=SMALL   latency=7.4 ms  R=0.139  target=0.00  dets=1  vru=True  backend=tensorrt
14:25:25  INFO       [fixed_small / burst] 200/200  tier=SMALL   latency=7.4 ms  R=0.153  target=0.00  dets=1  vru=True  backend=tensorrt
14:25:25  INFO     [RAMS] Controller stopped.
14:25:25  INFO     
--- Block 4/10  Policy: safety2  Load: burst (100%) ---
14:25:25  INFO     [RAMS] Starting resource monitor ...
14:25:25  INFO     [RAMS] Loading model tiers ...
WARNING ⚠️ Unable to automatically guess model task, assuming 'task=detect'. Explicitly define task for your model, i.e. 'task=detect', 'segment', 'classify', 'pose', 'obb' or 'semantic'.
Loading yolov8n.engine for TensorRT inference...
[09/09/2026-14:25:25] [TRT] [I] Loaded engine size: 7 MiB
[09/09/2026-14:25:25] [TRT] [I] [MemUsageChange] TensorRT-managed allocation in IExecutionContext creation: CPU +0, GPU +3, now: CPU 0, GPU 9 (MiB)
14:25:25  INFO     [RAMS] YOLOv8-nano ready — TensorRT yolov8n.engine (imgsz=320).
WARNING ⚠️ Unable to automatically guess model task, assuming 'task=detect'. Explicitly define task for your model, i.e. 'task=detect', 'segment', 'classify', 'pose', 'obb' or 'semantic'.
Loading yolov8s.engine for TensorRT inference...
[09/09/2026-14:25:25] [TRT] [I] The logger passed into createInferRuntime differs from one already provided for an existing builder, runtime, or refitter. Uses of the global logger, returned by nvinfer1::getLogger(), will return the existing value.
[09/09/2026-14:25:25] [TRT] [I] Loaded engine size: 23 MiB
[09/09/2026-14:25:25] [TRT] [I] [MemUsageChange] TensorRT-managed allocation in IExecutionContext creation: CPU +1, GPU +7, now: CPU 1, GPU 38 (MiB)
14:25:25  INFO     [RAMS] YOLOv8-small ready — TensorRT yolov8s.engine (imgsz=416).
WARNING ⚠️ Unable to automatically guess model task, assuming 'task=detect'. Explicitly define task for your model, i.e. 'task=detect', 'segment', 'classify', 'pose', 'obb' or 'semantic'.
Loading yolov8m.engine for TensorRT inference...
[09/09/2026-14:25:25] [TRT] [I] The logger passed into createInferRuntime differs from one already provided for an existing builder, runtime, or refitter. Uses of the global logger, returned by nvinfer1::getLogger(), will return the existing value.
[09/09/2026-14:25:25] [TRT] [I] Loaded engine size: 52 MiB
[09/09/2026-14:25:25] [TRT] [I] [MemUsageChange] TensorRT-managed allocation in IExecutionContext creation: CPU +0, GPU +29, now: CPU 1, GPU 117 (MiB)
14:25:25  INFO     [RAMS] YOLOv8-medium ready — TensorRT yolov8m.engine (imgsz=640).
14:25:25  INFO     [RAMS] Controller ready. Policy: safety2
14:25:25  INFO     [RAMS] Tier switch: SMALL → MEDIUM  (R=0.704)
14:25:26  INFO       [safety2 / burst] 20/200  tier=MEDIUM  latency=13.9 ms  R=0.788  target=0.85  dets=2  vru=False  backend=tensorrt
14:25:26  INFO       [safety2 / burst] 40/200  tier=MEDIUM  latency=14.3 ms  R=0.153  target=0.00  dets=4  vru=False  backend=tensorrt
14:25:26  INFO     [RAMS] Tier switch: MEDIUM → SMALL  (R=0.189)
14:25:27  INFO     [RAMS] Tier switch: SMALL → MEDIUM  (R=0.189)
14:25:27  INFO       [safety2 / burst] 60/200  tier=MEDIUM  latency=14.8 ms  R=0.194  target=0.00  dets=6  vru=False  backend=tensorrt
14:25:28  INFO       [safety2 / burst] 80/200  tier=MEDIUM  latency=14.2 ms  R=0.178  target=0.00  dets=4  vru=False  backend=tensorrt
14:25:28  INFO     [RAMS] Tier switch: MEDIUM → SMALL  (R=0.161)
14:25:28  INFO     [RAMS] Tier switch: SMALL → MEDIUM  (R=0.234)
14:25:28  INFO       [safety2 / burst] 100/200  tier=MEDIUM  latency=17.0 ms  R=0.160  target=0.00  dets=17  vru=True  backend=tensorrt
14:25:29  INFO       [safety2 / burst] 120/200  tier=MEDIUM  latency=18.2 ms  R=0.729  target=0.85  dets=8  vru=False  backend=tensorrt
14:25:29  INFO     [RAMS] Tier switch: MEDIUM → SMALL  (R=0.199)
14:25:29  INFO     [RAMS] Tier switch: SMALL → MEDIUM  (R=0.199)
14:25:29  INFO       [safety2 / burst] 140/200  tier=MEDIUM  latency=15.5 ms  R=0.189  target=0.00  dets=10  vru=False  backend=tensorrt
14:25:30  INFO       [safety2 / burst] 160/200  tier=MEDIUM  latency=14.2 ms  R=0.193  target=0.00  dets=3  vru=False  backend=tensorrt
14:25:30  INFO     [RAMS] Tier switch: MEDIUM → SMALL  (R=0.146)
14:25:30  INFO     [RAMS] Tier switch: SMALL → MEDIUM  (R=0.149)
14:25:31  INFO       [safety2 / burst] 180/200  tier=MEDIUM  latency=16.7 ms  R=0.149  target=0.00  dets=16  vru=True  backend=tensorrt
14:25:31  INFO       [safety2 / burst] 200/200  tier=MEDIUM  latency=15.3 ms  R=0.157  target=0.00  dets=9  vru=True  backend=tensorrt
14:25:31  INFO     [RAMS] Controller stopped.
14:25:31  INFO     
--- Block 4/10  Policy: safety  Load: burst (100%) ---
14:25:31  INFO     [RAMS] Starting resource monitor ...
14:25:31  INFO     [RAMS] Loading model tiers ...
WARNING ⚠️ Unable to automatically guess model task, assuming 'task=detect'. Explicitly define task for your model, i.e. 'task=detect', 'segment', 'classify', 'pose', 'obb' or 'semantic'.
Loading yolov8n.engine for TensorRT inference...
[09/09/2026-14:25:31] [TRT] [I] Loaded engine size: 7 MiB
[09/09/2026-14:25:31] [TRT] [I] [MemUsageChange] TensorRT-managed allocation in IExecutionContext creation: CPU +0, GPU +3, now: CPU 0, GPU 9 (MiB)
14:25:31  INFO     [RAMS] YOLOv8-nano ready — TensorRT yolov8n.engine (imgsz=320).
WARNING ⚠️ Unable to automatically guess model task, assuming 'task=detect'. Explicitly define task for your model, i.e. 'task=detect', 'segment', 'classify', 'pose', 'obb' or 'semantic'.
Loading yolov8s.engine for TensorRT inference...
[09/09/2026-14:25:31] [TRT] [I] The logger passed into createInferRuntime differs from one already provided for an existing builder, runtime, or refitter. Uses of the global logger, returned by nvinfer1::getLogger(), will return the existing value.
[09/09/2026-14:25:31] [TRT] [I] Loaded engine size: 23 MiB
[09/09/2026-14:25:31] [TRT] [I] [MemUsageChange] TensorRT-managed allocation in IExecutionContext creation: CPU +1, GPU +7, now: CPU 1, GPU 38 (MiB)
14:25:31  INFO     [RAMS] YOLOv8-small ready — TensorRT yolov8s.engine (imgsz=416).
WARNING ⚠️ Unable to automatically guess model task, assuming 'task=detect'. Explicitly define task for your model, i.e. 'task=detect', 'segment', 'classify', 'pose', 'obb' or 'semantic'.
Loading yolov8m.engine for TensorRT inference...
[09/09/2026-14:25:31] [TRT] [I] The logger passed into createInferRuntime differs from one already provided for an existing builder, runtime, or refitter. Uses of the global logger, returned by nvinfer1::getLogger(), will return the existing value.
[09/09/2026-14:25:31] [TRT] [I] Loaded engine size: 52 MiB
[09/09/2026-14:25:31] [TRT] [I] [MemUsageChange] TensorRT-managed allocation in IExecutionContext creation: CPU +0, GPU +29, now: CPU 1, GPU 117 (MiB)
14:25:31  INFO     [RAMS] YOLOv8-medium ready — TensorRT yolov8m.engine (imgsz=640).
14:25:31  INFO     [RAMS] Controller ready. Policy: safety
14:25:32  INFO       [safety / burst] 20/200  tier=SMALL   latency=7.6 ms  R=0.742  target=0.85  dets=1  vru=False  backend=tensorrt
14:25:32  INFO     [RAMS] Tier switch: SMALL → MEDIUM  (R=0.081)
14:25:32  INFO     [RAMS] Tier switch: MEDIUM → SMALL  (R=0.231)
14:25:33  INFO       [safety / burst] 40/200  tier=SMALL   latency=8.4 ms  R=0.129  target=0.00  dets=2  vru=False  backend=tensorrt
14:25:33  INFO     [RAMS] Tier switch: SMALL → MEDIUM  (R=0.129)
14:25:33  INFO     [RAMS] Tier switch: MEDIUM → SMALL  (R=0.238)
14:25:33  INFO       [safety / burst] 60/200  tier=SMALL   latency=8.0 ms  R=0.153  target=0.00  dets=3  vru=False  backend=tensorrt
14:25:34  INFO       [safety / burst] 80/200  tier=SMALL   latency=7.5 ms  R=0.159  target=0.00  dets=1  vru=False  backend=tensorrt
14:25:34  INFO       [safety / burst] 100/200  tier=SMALL   latency=10.1 ms  R=0.195  target=0.00  dets=12  vru=False  backend=tensorrt
14:25:35  INFO       [safety / burst] 120/200  tier=SMALL   latency=8.7 ms  R=0.737  target=0.85  dets=6  vru=False  backend=tensorrt
14:25:35  INFO     [RAMS] Tier switch: SMALL → MEDIUM  (R=0.128)
14:25:35  INFO     [RAMS] Tier switch: MEDIUM → SMALL  (R=0.215)
14:25:35  INFO       [safety / burst] 140/200  tier=SMALL   latency=9.4 ms  R=0.158  target=0.00  dets=10  vru=False  backend=tensorrt
14:25:36  INFO       [safety / burst] 160/200  tier=SMALL   latency=7.7 ms  R=0.140  target=0.00  dets=2  vru=False  backend=tensorrt
14:25:36  INFO       [safety / burst] 180/200  tier=SMALL   latency=7.5 ms  R=0.175  target=0.00  dets=1  vru=True  backend=tensorrt
14:25:36  INFO     [RAMS] Tier switch: SMALL → MEDIUM  (R=0.125)
14:25:37  INFO       [safety / burst] 200/200  tier=MEDIUM  latency=16.5 ms  R=0.125  target=0.00  dets=9  vru=True  backend=tensorrt
14:25:37  INFO     [RAMS] Controller stopped.
14:25:37  INFO     
--- Block 4/10  Policy: threshold  Load: burst (100%) ---
14:25:37  INFO     [RAMS] Starting resource monitor ...
14:25:37  INFO     [RAMS] Loading model tiers ...
WARNING ⚠️ Unable to automatically guess model task, assuming 'task=detect'. Explicitly define task for your model, i.e. 'task=detect', 'segment', 'classify', 'pose', 'obb' or 'semantic'.
Loading yolov8n.engine for TensorRT inference...
[09/09/2026-14:25:37] [TRT] [I] Loaded engine size: 7 MiB
[09/09/2026-14:25:37] [TRT] [I] [MemUsageChange] TensorRT-managed allocation in IExecutionContext creation: CPU +0, GPU +3, now: CPU 0, GPU 9 (MiB)
14:25:37  INFO     [RAMS] YOLOv8-nano ready — TensorRT yolov8n.engine (imgsz=320).
WARNING ⚠️ Unable to automatically guess model task, assuming 'task=detect'. Explicitly define task for your model, i.e. 'task=detect', 'segment', 'classify', 'pose', 'obb' or 'semantic'.
Loading yolov8s.engine for TensorRT inference...
[09/09/2026-14:25:37] [TRT] [I] The logger passed into createInferRuntime differs from one already provided for an existing builder, runtime, or refitter. Uses of the global logger, returned by nvinfer1::getLogger(), will return the existing value.
[09/09/2026-14:25:37] [TRT] [I] Loaded engine size: 23 MiB
[09/09/2026-14:25:37] [TRT] [I] [MemUsageChange] TensorRT-managed allocation in IExecutionContext creation: CPU +1, GPU +7, now: CPU 1, GPU 38 (MiB)
14:25:37  INFO     [RAMS] YOLOv8-small ready — TensorRT yolov8s.engine (imgsz=416).
WARNING ⚠️ Unable to automatically guess model task, assuming 'task=detect'. Explicitly define task for your model, i.e. 'task=detect', 'segment', 'classify', 'pose', 'obb' or 'semantic'.
Loading yolov8m.engine for TensorRT inference...
[09/09/2026-14:25:37] [TRT] [I] The logger passed into createInferRuntime differs from one already provided for an existing builder, runtime, or refitter. Uses of the global logger, returned by nvinfer1::getLogger(), will return the existing value.
[09/09/2026-14:25:37] [TRT] [I] Loaded engine size: 52 MiB
[09/09/2026-14:25:37] [TRT] [I] [MemUsageChange] TensorRT-managed allocation in IExecutionContext creation: CPU +0, GPU +29, now: CPU 1, GPU 117 (MiB)
14:25:37  INFO     [RAMS] YOLOv8-medium ready — TensorRT yolov8m.engine (imgsz=640).
14:25:37  INFO     [RAMS] Controller ready. Policy: threshold
14:25:37  INFO     [RAMS] Tier switch: SMALL → NANO  (R=0.692)
14:25:38  INFO       [threshold / burst] 20/200  tier=NANO    latency=6.3 ms  R=0.728  target=0.85  dets=0  vru=False  backend=tensorrt
14:25:38  INFO     [RAMS] Tier switch: NANO → MEDIUM  (R=0.128)
14:25:38  INFO     [RAMS] Tier switch: MEDIUM → SMALL  (R=0.279)
14:25:38  INFO       [threshold / burst] 40/200  tier=SMALL   latency=7.9 ms  R=0.283  target=0.00  dets=2  vru=False  backend=tensorrt
14:25:39  INFO       [threshold / burst] 60/200  tier=SMALL   latency=8.3 ms  R=0.213  target=0.00  dets=3  vru=False  backend=tensorrt
14:25:39  INFO       [threshold / burst] 80/200  tier=SMALL   latency=8.1 ms  R=0.246  target=0.00  dets=1  vru=False  backend=tensorrt
14:25:39  INFO       [threshold / burst] 100/200  tier=SMALL   latency=10.7 ms  R=0.315  target=0.00  dets=12  vru=False  backend=tensorrt
14:25:40  INFO     [RAMS] Tier switch: SMALL → NANO  (R=0.718)
14:25:40  INFO       [threshold / burst] 120/200  tier=NANO    latency=11.7 ms  R=0.741  target=0.85  dets=6  vru=False  backend=tensorrt
14:25:40  INFO     [RAMS] Tier switch: NANO → SMALL  (R=0.151)
14:25:41  INFO       [threshold / burst] 140/200  tier=SMALL   latency=10.2 ms  R=0.208  target=0.00  dets=10  vru=False  backend=tensorrt
14:25:41  INFO       [threshold / burst] 160/200  tier=SMALL   latency=8.1 ms  R=0.240  target=0.00  dets=2  vru=False  backend=tensorrt
14:25:42  INFO       [threshold / burst] 180/200  tier=SMALL   latency=8.5 ms  R=0.222  target=0.00  dets=1  vru=True  backend=tensorrt
14:25:42  INFO       [threshold / burst] 200/200  tier=SMALL   latency=7.9 ms  R=0.216  target=0.00  dets=1  vru=True  backend=tensorrt
14:25:42  INFO     [RAMS] Controller stopped.
14:25:42  INFO     
--- Block 5/10  Policy: safety  Load: burst (100%) ---
14:25:42  INFO     [RAMS] Starting resource monitor ...
14:25:42  INFO     [RAMS] Loading model tiers ...
WARNING ⚠️ Unable to automatically guess model task, assuming 'task=detect'. Explicitly define task for your model, i.e. 'task=detect', 'segment', 'classify', 'pose', 'obb' or 'semantic'.
Loading yolov8n.engine for TensorRT inference...
[09/09/2026-14:25:42] [TRT] [I] Loaded engine size: 7 MiB
[09/09/2026-14:25:42] [TRT] [I] [MemUsageChange] TensorRT-managed allocation in IExecutionContext creation: CPU +0, GPU +3, now: CPU 0, GPU 9 (MiB)
14:25:42  INFO     [RAMS] YOLOv8-nano ready — TensorRT yolov8n.engine (imgsz=320).
WARNING ⚠️ Unable to automatically guess model task, assuming 'task=detect'. Explicitly define task for your model, i.e. 'task=detect', 'segment', 'classify', 'pose', 'obb' or 'semantic'.
Loading yolov8s.engine for TensorRT inference...
[09/09/2026-14:25:42] [TRT] [I] The logger passed into createInferRuntime differs from one already provided for an existing builder, runtime, or refitter. Uses of the global logger, returned by nvinfer1::getLogger(), will return the existing value.
[09/09/2026-14:25:42] [TRT] [I] Loaded engine size: 23 MiB
[09/09/2026-14:25:42] [TRT] [I] [MemUsageChange] TensorRT-managed allocation in IExecutionContext creation: CPU +1, GPU +7, now: CPU 1, GPU 38 (MiB)
14:25:42  INFO     [RAMS] YOLOv8-small ready — TensorRT yolov8s.engine (imgsz=416).
WARNING ⚠️ Unable to automatically guess model task, assuming 'task=detect'. Explicitly define task for your model, i.e. 'task=detect', 'segment', 'classify', 'pose', 'obb' or 'semantic'.
Loading yolov8m.engine for TensorRT inference...
[09/09/2026-14:25:42] [TRT] [I] The logger passed into createInferRuntime differs from one already provided for an existing builder, runtime, or refitter. Uses of the global logger, returned by nvinfer1::getLogger(), will return the existing value.
[09/09/2026-14:25:42] [TRT] [I] Loaded engine size: 52 MiB
[09/09/2026-14:25:42] [TRT] [I] [MemUsageChange] TensorRT-managed allocation in IExecutionContext creation: CPU +0, GPU +29, now: CPU 1, GPU 117 (MiB)
14:25:42  INFO     [RAMS] YOLOv8-medium ready — TensorRT yolov8m.engine (imgsz=640).
14:25:42  INFO     [RAMS] Controller ready. Policy: safety
14:25:43  INFO     [RAMS] Tier switch: SMALL → NANO  (R=0.756)
14:25:43  INFO     [RAMS] Tier switch: NANO → SMALL  (R=0.756)
14:25:43  INFO       [safety / burst] 20/200  tier=SMALL   latency=12.5 ms  R=0.759  target=0.85  dets=11  vru=True  backend=tensorrt
14:25:43  INFO     [RAMS] Tier switch: SMALL → MEDIUM  (R=0.129)
14:25:43  INFO     [RAMS] Tier switch: MEDIUM → SMALL  (R=0.192)
14:25:44  INFO       [safety / burst] 40/200  tier=SMALL   latency=12.2 ms  R=0.224  target=0.00  dets=15  vru=False  backend=tensorrt
14:25:44  INFO       [safety / burst] 60/200  tier=SMALL   latency=8.0 ms  R=0.146  target=0.00  dets=2  vru=False  backend=tensorrt
14:25:45  INFO       [safety / burst] 80/200  tier=SMALL   latency=11.0 ms  R=0.158  target=0.00  dets=10  vru=False  backend=tensorrt
14:25:45  INFO       [safety / burst] 100/200  tier=SMALL   latency=9.5 ms  R=0.170  target=0.00  dets=10  vru=False  backend=tensorrt
14:25:46  INFO       [safety / burst] 120/200  tier=SMALL   latency=8.2 ms  R=0.738  target=0.85  dets=4  vru=False  backend=tensorrt
14:25:46  INFO     [RAMS] Tier switch: SMALL → MEDIUM  (R=0.098)
14:25:46  INFO     [RAMS] Tier switch: MEDIUM → SMALL  (R=0.160)
14:25:46  INFO       [safety / burst] 140/200  tier=SMALL   latency=10.3 ms  R=0.132  target=0.00  dets=8  vru=True  backend=tensorrt
14:25:46  INFO     [RAMS] Tier switch: SMALL → MEDIUM  (R=0.120)
14:25:47  INFO     [RAMS] Tier switch: MEDIUM → SMALL  (R=0.162)
14:25:47  INFO       [safety / burst] 160/200  tier=SMALL   latency=7.8 ms  R=0.153  target=0.00  dets=1  vru=False  backend=tensorrt
14:25:47  INFO       [safety / burst] 180/200  tier=SMALL   latency=7.7 ms  R=0.148  target=0.00  dets=2  vru=False  backend=tensorrt
14:25:48  INFO       [safety / burst] 200/200  tier=SMALL   latency=8.0 ms  R=0.154  target=0.00  dets=1  vru=False  backend=tensorrt
14:25:48  INFO     [RAMS] Controller stopped.
14:25:48  INFO     
--- Block 5/10  Policy: fixed_nano  Load: burst (100%) ---
14:25:48  INFO     [RAMS] Starting resource monitor ...
14:25:48  INFO     [RAMS] Loading model tiers ...
WARNING ⚠️ Unable to automatically guess model task, assuming 'task=detect'. Explicitly define task for your model, i.e. 'task=detect', 'segment', 'classify', 'pose', 'obb' or 'semantic'.
Loading yolov8n.engine for TensorRT inference...
[09/09/2026-14:25:48] [TRT] [I] Loaded engine size: 7 MiB
[09/09/2026-14:25:48] [TRT] [I] [MemUsageChange] TensorRT-managed allocation in IExecutionContext creation: CPU +0, GPU +3, now: CPU 0, GPU 9 (MiB)
14:25:48  INFO     [RAMS] YOLOv8-nano ready — TensorRT yolov8n.engine (imgsz=320).
WARNING ⚠️ Unable to automatically guess model task, assuming 'task=detect'. Explicitly define task for your model, i.e. 'task=detect', 'segment', 'classify', 'pose', 'obb' or 'semantic'.
Loading yolov8s.engine for TensorRT inference...
[09/09/2026-14:25:48] [TRT] [I] The logger passed into createInferRuntime differs from one already provided for an existing builder, runtime, or refitter. Uses of the global logger, returned by nvinfer1::getLogger(), will return the existing value.
[09/09/2026-14:25:48] [TRT] [I] Loaded engine size: 23 MiB
[09/09/2026-14:25:48] [TRT] [I] [MemUsageChange] TensorRT-managed allocation in IExecutionContext creation: CPU +1, GPU +7, now: CPU 1, GPU 38 (MiB)
14:25:48  INFO     [RAMS] YOLOv8-small ready — TensorRT yolov8s.engine (imgsz=416).
WARNING ⚠️ Unable to automatically guess model task, assuming 'task=detect'. Explicitly define task for your model, i.e. 'task=detect', 'segment', 'classify', 'pose', 'obb' or 'semantic'.
Loading yolov8m.engine for TensorRT inference...
[09/09/2026-14:25:48] [TRT] [I] The logger passed into createInferRuntime differs from one already provided for an existing builder, runtime, or refitter. Uses of the global logger, returned by nvinfer1::getLogger(), will return the existing value.
[09/09/2026-14:25:48] [TRT] [I] Loaded engine size: 52 MiB
[09/09/2026-14:25:48] [TRT] [I] [MemUsageChange] TensorRT-managed allocation in IExecutionContext creation: CPU +0, GPU +29, now: CPU 1, GPU 117 (MiB)
14:25:48  INFO     [RAMS] YOLOv8-medium ready — TensorRT yolov8m.engine (imgsz=640).
14:25:48  INFO     [RAMS] Controller ready. Policy: fixed
14:25:48  INFO     [RAMS] Tier switch: SMALL → NANO  (R=0.694)
14:25:49  INFO       [fixed_nano / burst] 20/200  tier=NANO    latency=7.6 ms  R=0.715  target=0.85  dets=7  vru=False  backend=tensorrt
14:25:49  INFO       [fixed_nano / burst] 40/200  tier=NANO    latency=8.1 ms  R=0.148  target=0.00  dets=10  vru=False  backend=tensorrt
14:25:50  INFO       [fixed_nano / burst] 60/200  tier=NANO    latency=6.3 ms  R=0.169  target=0.00  dets=2  vru=False  backend=tensorrt
14:25:50  INFO       [fixed_nano / burst] 80/200  tier=NANO    latency=7.5 ms  R=0.155  target=0.00  dets=6  vru=False  backend=tensorrt
14:25:50  INFO       [fixed_nano / burst] 100/200  tier=NANO    latency=7.3 ms  R=0.143  target=0.00  dets=2  vru=False  backend=tensorrt
14:25:51  INFO       [fixed_nano / burst] 120/200  tier=NANO    latency=7.5 ms  R=0.728  target=0.85  dets=2  vru=False  backend=tensorrt
14:25:52  INFO       [fixed_nano / burst] 140/200  tier=NANO    latency=6.7 ms  R=0.143  target=0.00  dets=1  vru=False  backend=tensorrt
14:25:52  INFO       [fixed_nano / burst] 160/200  tier=NANO    latency=4.6 ms  R=0.232  target=0.00  dets=0  vru=False  backend=tensorrt
14:25:52  INFO       [fixed_nano / burst] 180/200  tier=NANO    latency=6.0 ms  R=0.144  target=0.00  dets=1  vru=False  backend=tensorrt
14:25:53  INFO       [fixed_nano / burst] 200/200  tier=NANO    latency=6.1 ms  R=0.172  target=0.00  dets=1  vru=False  backend=tensorrt
14:25:53  INFO     [RAMS] Controller stopped.
14:25:53  INFO     
--- Block 5/10  Policy: fixed_medium  Load: burst (100%) ---
14:25:53  INFO     [RAMS] Starting resource monitor ...
14:25:53  INFO     [RAMS] Loading model tiers ...
WARNING ⚠️ Unable to automatically guess model task, assuming 'task=detect'. Explicitly define task for your model, i.e. 'task=detect', 'segment', 'classify', 'pose', 'obb' or 'semantic'.
Loading yolov8n.engine for TensorRT inference...
[09/09/2026-14:25:53] [TRT] [I] Loaded engine size: 7 MiB
[09/09/2026-14:25:53] [TRT] [I] [MemUsageChange] TensorRT-managed allocation in IExecutionContext creation: CPU +0, GPU +3, now: CPU 0, GPU 9 (MiB)
14:25:53  INFO     [RAMS] YOLOv8-nano ready — TensorRT yolov8n.engine (imgsz=320).
WARNING ⚠️ Unable to automatically guess model task, assuming 'task=detect'. Explicitly define task for your model, i.e. 'task=detect', 'segment', 'classify', 'pose', 'obb' or 'semantic'.
Loading yolov8s.engine for TensorRT inference...
[09/09/2026-14:25:53] [TRT] [I] The logger passed into createInferRuntime differs from one already provided for an existing builder, runtime, or refitter. Uses of the global logger, returned by nvinfer1::getLogger(), will return the existing value.
[09/09/2026-14:25:53] [TRT] [I] Loaded engine size: 23 MiB
[09/09/2026-14:25:53] [TRT] [I] [MemUsageChange] TensorRT-managed allocation in IExecutionContext creation: CPU +1, GPU +7, now: CPU 1, GPU 38 (MiB)
14:25:53  INFO     [RAMS] YOLOv8-small ready — TensorRT yolov8s.engine (imgsz=416).
WARNING ⚠️ Unable to automatically guess model task, assuming 'task=detect'. Explicitly define task for your model, i.e. 'task=detect', 'segment', 'classify', 'pose', 'obb' or 'semantic'.
Loading yolov8m.engine for TensorRT inference...
[09/09/2026-14:25:53] [TRT] [I] The logger passed into createInferRuntime differs from one already provided for an existing builder, runtime, or refitter. Uses of the global logger, returned by nvinfer1::getLogger(), will return the existing value.
[09/09/2026-14:25:53] [TRT] [I] Loaded engine size: 52 MiB
[09/09/2026-14:25:53] [TRT] [I] [MemUsageChange] TensorRT-managed allocation in IExecutionContext creation: CPU +0, GPU +29, now: CPU 1, GPU 117 (MiB)
14:25:53  INFO     [RAMS] YOLOv8-medium ready — TensorRT yolov8m.engine (imgsz=640).
14:25:53  INFO     [RAMS] Controller ready. Policy: fixed
14:25:53  INFO     [RAMS] Tier switch: SMALL → MEDIUM  (R=0.693)
14:25:54  INFO       [fixed_medium / burst] 20/200  tier=MEDIUM  latency=17.0 ms  R=0.796  target=0.85  dets=17  vru=True  backend=tensorrt
14:25:55  INFO       [fixed_medium / burst] 40/200  tier=MEDIUM  latency=16.6 ms  R=0.194  target=0.00  dets=16  vru=False  backend=tensorrt
14:25:55  INFO       [fixed_medium / burst] 60/200  tier=MEDIUM  latency=13.9 ms  R=0.208  target=0.00  dets=3  vru=True  backend=tensorrt
14:25:56  INFO       [fixed_medium / burst] 80/200  tier=MEDIUM  latency=16.1 ms  R=0.208  target=0.00  dets=11  vru=False  backend=tensorrt
14:25:56  INFO       [fixed_medium / burst] 100/200  tier=MEDIUM  latency=15.6 ms  R=0.194  target=0.00  dets=11  vru=True  backend=tensorrt
14:25:57  INFO       [fixed_medium / burst] 120/200  tier=MEDIUM  latency=17.6 ms  R=0.738  target=0.85  dets=5  vru=False  backend=tensorrt
14:25:58  INFO       [fixed_medium / burst] 140/200  tier=MEDIUM  latency=17.6 ms  R=0.276  target=0.00  dets=19  vru=True  backend=tensorrt
14:25:58  INFO       [fixed_medium / burst] 160/200  tier=MEDIUM  latency=14.1 ms  R=0.199  target=0.00  dets=2  vru=False  backend=tensorrt
14:25:59  INFO       [fixed_medium / burst] 180/200  tier=MEDIUM  latency=15.3 ms  R=0.289  target=0.00  dets=3  vru=False  backend=tensorrt
14:26:00  INFO       [fixed_medium / burst] 200/200  tier=MEDIUM  latency=14.3 ms  R=0.270  target=0.00  dets=4  vru=False  backend=tensorrt
14:26:00  INFO     [RAMS] Controller stopped.
14:26:00  INFO     
--- Block 5/10  Policy: adaptive  Load: burst (100%) ---
14:26:00  INFO     [RAMS] Starting resource monitor ...
14:26:00  INFO     [RAMS] Loading model tiers ...
WARNING ⚠️ Unable to automatically guess model task, assuming 'task=detect'. Explicitly define task for your model, i.e. 'task=detect', 'segment', 'classify', 'pose', 'obb' or 'semantic'.
Loading yolov8n.engine for TensorRT inference...
[09/09/2026-14:26:00] [TRT] [I] Loaded engine size: 7 MiB
[09/09/2026-14:26:00] [TRT] [I] [MemUsageChange] TensorRT-managed allocation in IExecutionContext creation: CPU +0, GPU +3, now: CPU 0, GPU 9 (MiB)
14:26:00  INFO     [RAMS] YOLOv8-nano ready — TensorRT yolov8n.engine (imgsz=320).
WARNING ⚠️ Unable to automatically guess model task, assuming 'task=detect'. Explicitly define task for your model, i.e. 'task=detect', 'segment', 'classify', 'pose', 'obb' or 'semantic'.
Loading yolov8s.engine for TensorRT inference...
[09/09/2026-14:26:00] [TRT] [I] The logger passed into createInferRuntime differs from one already provided for an existing builder, runtime, or refitter. Uses of the global logger, returned by nvinfer1::getLogger(), will return the existing value.
[09/09/2026-14:26:00] [TRT] [I] Loaded engine size: 23 MiB
[09/09/2026-14:26:00] [TRT] [I] [MemUsageChange] TensorRT-managed allocation in IExecutionContext creation: CPU +1, GPU +7, now: CPU 1, GPU 38 (MiB)
14:26:00  INFO     [RAMS] YOLOv8-small ready — TensorRT yolov8s.engine (imgsz=416).
WARNING ⚠️ Unable to automatically guess model task, assuming 'task=detect'. Explicitly define task for your model, i.e. 'task=detect', 'segment', 'classify', 'pose', 'obb' or 'semantic'.
Loading yolov8m.engine for TensorRT inference...
[09/09/2026-14:26:00] [TRT] [I] The logger passed into createInferRuntime differs from one already provided for an existing builder, runtime, or refitter. Uses of the global logger, returned by nvinfer1::getLogger(), will return the existing value.
[09/09/2026-14:26:00] [TRT] [I] Loaded engine size: 52 MiB
[09/09/2026-14:26:00] [TRT] [I] [MemUsageChange] TensorRT-managed allocation in IExecutionContext creation: CPU +0, GPU +29, now: CPU 1, GPU 117 (MiB)
14:26:00  INFO     [RAMS] YOLOv8-medium ready — TensorRT yolov8m.engine (imgsz=640).
14:26:00  INFO     [RAMS] Controller ready. Policy: adaptive
14:26:00  INFO     [RAMS] Tier switch: SMALL → NANO  (R=0.752)
14:26:01  INFO       [adaptive / burst] 20/200  tier=NANO    latency=7.9 ms  R=0.739  target=0.85  dets=7  vru=False  backend=tensorrt
14:26:01  INFO     [RAMS] Tier switch: NANO → SMALL  (R=0.305)
14:26:01  INFO       [adaptive / burst] 40/200  tier=SMALL   latency=10.9 ms  R=0.259  target=0.00  dets=15  vru=False  backend=tensorrt
14:26:02  INFO       [adaptive / burst] 60/200  tier=SMALL   latency=8.0 ms  R=0.285  target=0.00  dets=2  vru=False  backend=tensorrt
14:26:02  INFO       [adaptive / burst] 80/200  tier=SMALL   latency=9.8 ms  R=0.213  target=0.00  dets=10  vru=False  backend=tensorrt
14:26:03  INFO       [adaptive / burst] 100/200  tier=SMALL   latency=9.6 ms  R=0.251  target=0.00  dets=10  vru=False  backend=tensorrt
14:26:03  INFO     [RAMS] Tier switch: SMALL → NANO  (R=0.764)
14:26:03  INFO       [adaptive / burst] 120/200  tier=NANO    latency=6.9 ms  R=0.737  target=0.85  dets=2  vru=False  backend=tensorrt
14:26:03  INFO     [RAMS] Tier switch: NANO → SMALL  (R=0.146)
14:26:04  INFO       [adaptive / burst] 140/200  tier=SMALL   latency=9.4 ms  R=0.351  target=0.00  dets=8  vru=True  backend=tensorrt
14:26:04  INFO       [adaptive / burst] 160/200  tier=SMALL   latency=7.8 ms  R=0.229  target=0.00  dets=1  vru=False  backend=tensorrt
14:26:05  INFO       [adaptive / burst] 180/200  tier=SMALL   latency=7.9 ms  R=0.272  target=0.00  dets=2  vru=False  backend=tensorrt
14:26:05  INFO       [adaptive / burst] 200/200  tier=SMALL   latency=7.5 ms  R=0.227  target=0.00  dets=1  vru=False  backend=tensorrt
14:26:05  INFO     [RAMS] Controller stopped.
14:26:05  INFO     
--- Block 5/10  Policy: predictive  Load: burst (100%) ---
14:26:05  INFO     [RAMS] Starting resource monitor ...
14:26:05  INFO     [RAMS] Loading model tiers ...
WARNING ⚠️ Unable to automatically guess model task, assuming 'task=detect'. Explicitly define task for your model, i.e. 'task=detect', 'segment', 'classify', 'pose', 'obb' or 'semantic'.
Loading yolov8n.engine for TensorRT inference...
[09/09/2026-14:26:05] [TRT] [I] Loaded engine size: 7 MiB
[09/09/2026-14:26:05] [TRT] [I] [MemUsageChange] TensorRT-managed allocation in IExecutionContext creation: CPU +0, GPU +3, now: CPU 0, GPU 9 (MiB)
14:26:05  INFO     [RAMS] YOLOv8-nano ready — TensorRT yolov8n.engine (imgsz=320).
WARNING ⚠️ Unable to automatically guess model task, assuming 'task=detect'. Explicitly define task for your model, i.e. 'task=detect', 'segment', 'classify', 'pose', 'obb' or 'semantic'.
Loading yolov8s.engine for TensorRT inference...
[09/09/2026-14:26:05] [TRT] [I] The logger passed into createInferRuntime differs from one already provided for an existing builder, runtime, or refitter. Uses of the global logger, returned by nvinfer1::getLogger(), will return the existing value.
[09/09/2026-14:26:05] [TRT] [I] Loaded engine size: 23 MiB
[09/09/2026-14:26:05] [TRT] [I] [MemUsageChange] TensorRT-managed allocation in IExecutionContext creation: CPU +1, GPU +7, now: CPU 1, GPU 38 (MiB)
14:26:05  INFO     [RAMS] YOLOv8-small ready — TensorRT yolov8s.engine (imgsz=416).
WARNING ⚠️ Unable to automatically guess model task, assuming 'task=detect'. Explicitly define task for your model, i.e. 'task=detect', 'segment', 'classify', 'pose', 'obb' or 'semantic'.
Loading yolov8m.engine for TensorRT inference...
[09/09/2026-14:26:05] [TRT] [I] The logger passed into createInferRuntime differs from one already provided for an existing builder, runtime, or refitter. Uses of the global logger, returned by nvinfer1::getLogger(), will return the existing value.
[09/09/2026-14:26:05] [TRT] [I] Loaded engine size: 52 MiB
[09/09/2026-14:26:05] [TRT] [I] [MemUsageChange] TensorRT-managed allocation in IExecutionContext creation: CPU +0, GPU +29, now: CPU 1, GPU 117 (MiB)
14:26:05  INFO     [RAMS] YOLOv8-medium ready — TensorRT yolov8m.engine (imgsz=640).
14:26:05  INFO     [RAMS] Controller ready. Policy: predictive
14:26:06  INFO     [RAMS] Tier switch: SMALL → NANO  (R=0.693)
14:26:06  INFO       [predictive / burst] 20/200  tier=NANO    latency=7.5 ms  R=0.732  target=0.85  dets=7  vru=False  backend=tensorrt
14:26:06  INFO     [RAMS] Tier switch: NANO → SMALL  (R=0.075)
14:26:06  INFO     [RAMS] Tier switch: SMALL → MEDIUM  (R=0.098)
14:26:07  INFO     [RAMS] Tier switch: MEDIUM → SMALL  (R=0.147)
14:26:07  INFO       [predictive / burst] 40/200  tier=SMALL   latency=10.8 ms  R=0.140  target=0.00  dets=15  vru=False  backend=tensorrt
14:26:07  INFO       [predictive / burst] 60/200  tier=SMALL   latency=7.6 ms  R=0.148  target=0.00  dets=2  vru=False  backend=tensorrt
14:26:08  INFO       [predictive / burst] 80/200  tier=SMALL   latency=9.5 ms  R=0.131  target=0.00  dets=10  vru=False  backend=tensorrt
14:26:08  INFO       [predictive / burst] 100/200  tier=SMALL   latency=9.8 ms  R=0.186  target=0.00  dets=10  vru=False  backend=tensorrt
14:26:08  INFO     [RAMS] Tier switch: SMALL → NANO  (R=0.660)
14:26:09  INFO       [predictive / burst] 120/200  tier=NANO    latency=6.4 ms  R=0.732  target=0.85  dets=2  vru=False  backend=tensorrt
14:26:09  INFO     [RAMS] Tier switch: NANO → SMALL  (R=0.171)
14:26:09  INFO       [predictive / burst] 140/200  tier=SMALL   latency=9.0 ms  R=0.154  target=0.00  dets=8  vru=True  backend=tensorrt
14:26:10  INFO       [predictive / burst] 160/200  tier=SMALL   latency=7.8 ms  R=0.175  target=0.00  dets=1  vru=False  backend=tensorrt
14:26:10  INFO       [predictive / burst] 180/200  tier=SMALL   latency=7.8 ms  R=0.160  target=0.00  dets=2  vru=False  backend=tensorrt
14:26:10  INFO       [predictive / burst] 200/200  tier=SMALL   latency=7.4 ms  R=0.154  target=0.00  dets=1  vru=False  backend=tensorrt
14:26:11  INFO     [RAMS] Controller stopped.
14:26:11  INFO     
--- Block 5/10  Policy: safety2  Load: burst (100%) ---
14:26:11  INFO     [RAMS] Starting resource monitor ...
14:26:11  INFO     [RAMS] Loading model tiers ...
WARNING ⚠️ Unable to automatically guess model task, assuming 'task=detect'. Explicitly define task for your model, i.e. 'task=detect', 'segment', 'classify', 'pose', 'obb' or 'semantic'.
Loading yolov8n.engine for TensorRT inference...
[09/09/2026-14:26:11] [TRT] [I] Loaded engine size: 7 MiB
[09/09/2026-14:26:11] [TRT] [I] [MemUsageChange] TensorRT-managed allocation in IExecutionContext creation: CPU +0, GPU +3, now: CPU 0, GPU 9 (MiB)
14:26:11  INFO     [RAMS] YOLOv8-nano ready — TensorRT yolov8n.engine (imgsz=320).
WARNING ⚠️ Unable to automatically guess model task, assuming 'task=detect'. Explicitly define task for your model, i.e. 'task=detect', 'segment', 'classify', 'pose', 'obb' or 'semantic'.
Loading yolov8s.engine for TensorRT inference...
[09/09/2026-14:26:11] [TRT] [I] The logger passed into createInferRuntime differs from one already provided for an existing builder, runtime, or refitter. Uses of the global logger, returned by nvinfer1::getLogger(), will return the existing value.
[09/09/2026-14:26:11] [TRT] [I] Loaded engine size: 23 MiB
[09/09/2026-14:26:11] [TRT] [I] [MemUsageChange] TensorRT-managed allocation in IExecutionContext creation: CPU +1, GPU +7, now: CPU 1, GPU 38 (MiB)
14:26:11  INFO     [RAMS] YOLOv8-small ready — TensorRT yolov8s.engine (imgsz=416).
WARNING ⚠️ Unable to automatically guess model task, assuming 'task=detect'. Explicitly define task for your model, i.e. 'task=detect', 'segment', 'classify', 'pose', 'obb' or 'semantic'.
Loading yolov8m.engine for TensorRT inference...
[09/09/2026-14:26:11] [TRT] [I] The logger passed into createInferRuntime differs from one already provided for an existing builder, runtime, or refitter. Uses of the global logger, returned by nvinfer1::getLogger(), will return the existing value.
[09/09/2026-14:26:11] [TRT] [I] Loaded engine size: 52 MiB
[09/09/2026-14:26:11] [TRT] [I] [MemUsageChange] TensorRT-managed allocation in IExecutionContext creation: CPU +0, GPU +29, now: CPU 1, GPU 117 (MiB)
14:26:11  INFO     [RAMS] YOLOv8-medium ready — TensorRT yolov8m.engine (imgsz=640).
14:26:11  INFO     [RAMS] Controller ready. Policy: safety2
14:26:11  INFO     [RAMS] Tier switch: SMALL → NANO  (R=0.699)
14:26:11  INFO     [RAMS] Tier switch: NANO → MEDIUM  (R=0.705)
14:26:12  INFO       [safety2 / burst] 20/200  tier=MEDIUM  latency=17.0 ms  R=0.707  target=0.85  dets=17  vru=True  backend=tensorrt
14:26:12  INFO       [safety2 / burst] 40/200  tier=MEDIUM  latency=16.9 ms  R=0.145  target=0.00  dets=16  vru=False  backend=tensorrt
14:26:13  INFO     [RAMS] Tier switch: MEDIUM → SMALL  (R=0.152)
14:26:13  INFO     [RAMS] Tier switch: SMALL → MEDIUM  (R=0.152)
14:26:13  INFO       [safety2 / burst] 60/200  tier=MEDIUM  latency=14.3 ms  R=0.249  target=0.00  dets=3  vru=True  backend=tensorrt
14:26:13  INFO       [safety2 / burst] 80/200  tier=MEDIUM  latency=15.8 ms  R=0.150  target=0.00  dets=11  vru=False  backend=tensorrt
14:26:13  INFO     [RAMS] Tier switch: MEDIUM → SMALL  (R=0.193)
14:26:14  INFO     [RAMS] Tier switch: SMALL → MEDIUM  (R=0.199)
14:26:14  INFO       [safety2 / burst] 100/200  tier=MEDIUM  latency=15.8 ms  R=0.233  target=0.00  dets=11  vru=True  backend=tensorrt
14:26:14  INFO     [RAMS] Tier switch: MEDIUM → SMALL  (R=0.664)
14:26:14  INFO     [RAMS] Tier switch: SMALL → MEDIUM  (R=0.699)
14:26:15  INFO       [safety2 / burst] 120/200  tier=MEDIUM  latency=14.4 ms  R=0.784  target=0.85  dets=5  vru=False  backend=tensorrt
14:26:15  INFO     [RAMS] Tier switch: MEDIUM → SMALL  (R=0.206)
14:26:15  INFO     [RAMS] Tier switch: SMALL → MEDIUM  (R=0.195)
14:26:15  INFO       [safety2 / burst] 140/200  tier=MEDIUM  latency=17.6 ms  R=0.205  target=0.00  dets=19  vru=True  backend=tensorrt
14:26:16  INFO     [RAMS] Tier switch: MEDIUM → SMALL  (R=0.194)
14:26:16  INFO       [safety2 / burst] 160/200  tier=SMALL   latency=7.5 ms  R=0.231  target=0.00  dets=1  vru=False  backend=tensorrt
14:26:16  INFO       [safety2 / burst] 180/200  tier=SMALL   latency=7.9 ms  R=0.150  target=0.00  dets=2  vru=False  backend=tensorrt
14:26:16  INFO     [RAMS] Tier switch: SMALL → MEDIUM  (R=0.159)
14:26:17  INFO       [safety2 / burst] 200/200  tier=MEDIUM  latency=14.4 ms  R=0.276  target=0.00  dets=4  vru=False  backend=tensorrt
14:26:17  INFO     [RAMS] Controller stopped.
14:26:17  INFO     
--- Block 5/10  Policy: fixed_small  Load: burst (100%) ---
14:26:17  INFO     [RAMS] Starting resource monitor ...
14:26:17  INFO     [RAMS] Loading model tiers ...
WARNING ⚠️ Unable to automatically guess model task, assuming 'task=detect'. Explicitly define task for your model, i.e. 'task=detect', 'segment', 'classify', 'pose', 'obb' or 'semantic'.
Loading yolov8n.engine for TensorRT inference...
[09/09/2026-14:26:17] [TRT] [I] Loaded engine size: 7 MiB
[09/09/2026-14:26:17] [TRT] [I] [MemUsageChange] TensorRT-managed allocation in IExecutionContext creation: CPU +0, GPU +3, now: CPU 0, GPU 9 (MiB)
14:26:17  INFO     [RAMS] YOLOv8-nano ready — TensorRT yolov8n.engine (imgsz=320).
WARNING ⚠️ Unable to automatically guess model task, assuming 'task=detect'. Explicitly define task for your model, i.e. 'task=detect', 'segment', 'classify', 'pose', 'obb' or 'semantic'.
Loading yolov8s.engine for TensorRT inference...
[09/09/2026-14:26:17] [TRT] [I] The logger passed into createInferRuntime differs from one already provided for an existing builder, runtime, or refitter. Uses of the global logger, returned by nvinfer1::getLogger(), will return the existing value.
[09/09/2026-14:26:17] [TRT] [I] Loaded engine size: 23 MiB
[09/09/2026-14:26:17] [TRT] [I] [MemUsageChange] TensorRT-managed allocation in IExecutionContext creation: CPU +1, GPU +7, now: CPU 1, GPU 38 (MiB)
14:26:17  INFO     [RAMS] YOLOv8-small ready — TensorRT yolov8s.engine (imgsz=416).
WARNING ⚠️ Unable to automatically guess model task, assuming 'task=detect'. Explicitly define task for your model, i.e. 'task=detect', 'segment', 'classify', 'pose', 'obb' or 'semantic'.
Loading yolov8m.engine for TensorRT inference...
[09/09/2026-14:26:17] [TRT] [I] The logger passed into createInferRuntime differs from one already provided for an existing builder, runtime, or refitter. Uses of the global logger, returned by nvinfer1::getLogger(), will return the existing value.
[09/09/2026-14:26:17] [TRT] [I] Loaded engine size: 52 MiB
[09/09/2026-14:26:17] [TRT] [I] [MemUsageChange] TensorRT-managed allocation in IExecutionContext creation: CPU +0, GPU +29, now: CPU 1, GPU 117 (MiB)
14:26:17  INFO     [RAMS] YOLOv8-medium ready — TensorRT yolov8m.engine (imgsz=640).
14:26:17  INFO     [RAMS] Controller ready. Policy: fixed
14:26:18  INFO       [fixed_small / burst] 20/200  tier=SMALL   latency=10.0 ms  R=0.748  target=0.85  dets=11  vru=True  backend=tensorrt
14:26:18  INFO       [fixed_small / burst] 40/200  tier=SMALL   latency=10.6 ms  R=0.144  target=0.00  dets=15  vru=False  backend=tensorrt
14:26:19  INFO       [fixed_small / burst] 60/200  tier=SMALL   latency=7.9 ms  R=0.197  target=0.00  dets=2  vru=False  backend=tensorrt
14:26:19  INFO       [fixed_small / burst] 80/200  tier=SMALL   latency=9.5 ms  R=0.159  target=0.00  dets=10  vru=False  backend=tensorrt
14:26:20  INFO       [fixed_small / burst] 100/200  tier=SMALL   latency=9.4 ms  R=0.134  target=0.00  dets=10  vru=False  backend=tensorrt
14:26:20  INFO       [fixed_small / burst] 120/200  tier=SMALL   latency=8.5 ms  R=0.748  target=0.85  dets=4  vru=False  backend=tensorrt
14:26:21  INFO       [fixed_small / burst] 140/200  tier=SMALL   latency=10.6 ms  R=0.290  target=0.00  dets=8  vru=True  backend=tensorrt
14:26:21  INFO       [fixed_small / burst] 160/200  tier=SMALL   latency=7.7 ms  R=0.206  target=0.00  dets=1  vru=False  backend=tensorrt
14:26:22  INFO       [fixed_small / burst] 180/200  tier=SMALL   latency=8.3 ms  R=0.245  target=0.00  dets=2  vru=False  backend=tensorrt
14:26:22  INFO       [fixed_small / burst] 200/200  tier=SMALL   latency=8.0 ms  R=0.231  target=0.00  dets=1  vru=False  backend=tensorrt
14:26:22  INFO     [RAMS] Controller stopped.
14:26:22  INFO     
--- Block 5/10  Policy: threshold  Load: burst (100%) ---
14:26:22  INFO     [RAMS] Starting resource monitor ...
14:26:22  INFO     [RAMS] Loading model tiers ...
WARNING ⚠️ Unable to automatically guess model task, assuming 'task=detect'. Explicitly define task for your model, i.e. 'task=detect', 'segment', 'classify', 'pose', 'obb' or 'semantic'.
Loading yolov8n.engine for TensorRT inference...
[09/09/2026-14:26:22] [TRT] [I] Loaded engine size: 7 MiB
[09/09/2026-14:26:22] [TRT] [I] [MemUsageChange] TensorRT-managed allocation in IExecutionContext creation: CPU +0, GPU +3, now: CPU 0, GPU 9 (MiB)
14:26:22  INFO     [RAMS] YOLOv8-nano ready — TensorRT yolov8n.engine (imgsz=320).
WARNING ⚠️ Unable to automatically guess model task, assuming 'task=detect'. Explicitly define task for your model, i.e. 'task=detect', 'segment', 'classify', 'pose', 'obb' or 'semantic'.
Loading yolov8s.engine for TensorRT inference...
[09/09/2026-14:26:22] [TRT] [I] The logger passed into createInferRuntime differs from one already provided for an existing builder, runtime, or refitter. Uses of the global logger, returned by nvinfer1::getLogger(), will return the existing value.
[09/09/2026-14:26:22] [TRT] [I] Loaded engine size: 23 MiB
[09/09/2026-14:26:22] [TRT] [I] [MemUsageChange] TensorRT-managed allocation in IExecutionContext creation: CPU +1, GPU +7, now: CPU 1, GPU 38 (MiB)
14:26:22  INFO     [RAMS] YOLOv8-small ready — TensorRT yolov8s.engine (imgsz=416).
WARNING ⚠️ Unable to automatically guess model task, assuming 'task=detect'. Explicitly define task for your model, i.e. 'task=detect', 'segment', 'classify', 'pose', 'obb' or 'semantic'.
Loading yolov8m.engine for TensorRT inference...
[09/09/2026-14:26:22] [TRT] [I] The logger passed into createInferRuntime differs from one already provided for an existing builder, runtime, or refitter. Uses of the global logger, returned by nvinfer1::getLogger(), will return the existing value.
[09/09/2026-14:26:23] [TRT] [I] Loaded engine size: 52 MiB
[09/09/2026-14:26:23] [TRT] [I] [MemUsageChange] TensorRT-managed allocation in IExecutionContext creation: CPU +0, GPU +29, now: CPU 1, GPU 117 (MiB)
14:26:23  INFO     [RAMS] YOLOv8-medium ready — TensorRT yolov8m.engine (imgsz=640).
14:26:23  INFO     [RAMS] Controller ready. Policy: threshold
14:26:23  INFO     [RAMS] Tier switch: SMALL → NANO  (R=0.758)
14:26:23  INFO       [threshold / burst] 20/200  tier=NANO    latency=7.9 ms  R=0.751  target=0.85  dets=7  vru=False  backend=tensorrt
14:26:23  INFO     [RAMS] Tier switch: NANO → SMALL  (R=0.134)
14:26:24  INFO       [threshold / burst] 40/200  tier=SMALL   latency=11.0 ms  R=0.251  target=0.00  dets=15  vru=False  backend=tensorrt
14:26:24  INFO       [threshold / burst] 60/200  tier=SMALL   latency=8.0 ms  R=0.224  target=0.00  dets=2  vru=False  backend=tensorrt
14:26:25  INFO       [threshold / burst] 80/200  tier=SMALL   latency=9.7 ms  R=0.211  target=0.00  dets=10  vru=False  backend=tensorrt
14:26:25  INFO       [threshold / burst] 100/200  tier=SMALL   latency=9.7 ms  R=0.215  target=0.00  dets=10  vru=False  backend=tensorrt
14:26:25  INFO     [RAMS] Tier switch: SMALL → NANO  (R=0.718)
14:26:26  INFO       [threshold / burst] 120/200  tier=NANO    latency=8.1 ms  R=0.751  target=0.85  dets=2  vru=False  backend=tensorrt
14:26:26  INFO     [RAMS] Tier switch: NANO → SMALL  (R=0.233)
14:26:26  INFO       [threshold / burst] 140/200  tier=SMALL   latency=9.0 ms  R=0.160  target=0.00  dets=8  vru=True  backend=tensorrt
14:26:27  INFO       [threshold / burst] 160/200  tier=SMALL   latency=7.5 ms  R=0.142  target=0.00  dets=1  vru=False  backend=tensorrt
14:26:27  INFO       [threshold / burst] 180/200  tier=SMALL   latency=7.7 ms  R=0.159  target=0.00  dets=2  vru=False  backend=tensorrt
14:26:28  INFO       [threshold / burst] 200/200  tier=SMALL   latency=8.3 ms  R=0.156  target=0.00  dets=1  vru=False  backend=tensorrt
14:26:28  INFO     [RAMS] Controller stopped.
14:26:28  INFO     
--- Block 6/10  Policy: adaptive  Load: burst (100%) ---
14:26:28  INFO     [RAMS] Starting resource monitor ...
14:26:28  INFO     [RAMS] Loading model tiers ...
WARNING ⚠️ Unable to automatically guess model task, assuming 'task=detect'. Explicitly define task for your model, i.e. 'task=detect', 'segment', 'classify', 'pose', 'obb' or 'semantic'.
Loading yolov8n.engine for TensorRT inference...
[09/09/2026-14:26:28] [TRT] [I] Loaded engine size: 7 MiB
[09/09/2026-14:26:28] [TRT] [I] [MemUsageChange] TensorRT-managed allocation in IExecutionContext creation: CPU +0, GPU +3, now: CPU 0, GPU 9 (MiB)
14:26:28  INFO     [RAMS] YOLOv8-nano ready — TensorRT yolov8n.engine (imgsz=320).
WARNING ⚠️ Unable to automatically guess model task, assuming 'task=detect'. Explicitly define task for your model, i.e. 'task=detect', 'segment', 'classify', 'pose', 'obb' or 'semantic'.
Loading yolov8s.engine for TensorRT inference...
[09/09/2026-14:26:28] [TRT] [I] The logger passed into createInferRuntime differs from one already provided for an existing builder, runtime, or refitter. Uses of the global logger, returned by nvinfer1::getLogger(), will return the existing value.
[09/09/2026-14:26:28] [TRT] [I] Loaded engine size: 23 MiB
[09/09/2026-14:26:28] [TRT] [I] [MemUsageChange] TensorRT-managed allocation in IExecutionContext creation: CPU +1, GPU +7, now: CPU 1, GPU 38 (MiB)
14:26:28  INFO     [RAMS] YOLOv8-small ready — TensorRT yolov8s.engine (imgsz=416).
WARNING ⚠️ Unable to automatically guess model task, assuming 'task=detect'. Explicitly define task for your model, i.e. 'task=detect', 'segment', 'classify', 'pose', 'obb' or 'semantic'.
Loading yolov8m.engine for TensorRT inference...
[09/09/2026-14:26:28] [TRT] [I] The logger passed into createInferRuntime differs from one already provided for an existing builder, runtime, or refitter. Uses of the global logger, returned by nvinfer1::getLogger(), will return the existing value.
[09/09/2026-14:26:28] [TRT] [I] Loaded engine size: 52 MiB
[09/09/2026-14:26:28] [TRT] [I] [MemUsageChange] TensorRT-managed allocation in IExecutionContext creation: CPU +0, GPU +29, now: CPU 1, GPU 117 (MiB)
14:26:28  INFO     [RAMS] YOLOv8-medium ready — TensorRT yolov8m.engine (imgsz=640).
14:26:28  INFO     [RAMS] Controller ready. Policy: adaptive
14:26:28  INFO     [RAMS] Tier switch: SMALL → NANO  (R=0.694)
14:26:29  INFO       [adaptive / burst] 20/200  tier=NANO    latency=6.3 ms  R=0.726  target=0.85  dets=1  vru=False  backend=tensorrt
14:26:29  INFO     [RAMS] Tier switch: NANO → SMALL  (R=0.081)
14:26:29  INFO     [RAMS] Tier switch: SMALL → MEDIUM  (R=0.081)
14:26:29  INFO     [RAMS] Tier switch: MEDIUM → SMALL  (R=0.230)
14:26:29  INFO       [adaptive / burst] 40/200  tier=SMALL   latency=7.8 ms  R=0.158  target=0.00  dets=2  vru=False  backend=tensorrt
14:26:30  INFO       [adaptive / burst] 60/200  tier=SMALL   latency=8.4 ms  R=0.131  target=0.00  dets=5  vru=False  backend=tensorrt
14:26:30  INFO       [adaptive / burst] 80/200  tier=SMALL   latency=7.9 ms  R=0.170  target=0.00  dets=3  vru=True  backend=tensorrt
14:26:30  INFO       [adaptive / burst] 100/200  tier=SMALL   latency=7.7 ms  R=0.136  target=0.00  dets=2  vru=False  backend=tensorrt
14:26:31  INFO     [RAMS] Tier switch: SMALL → NANO  (R=0.687)
14:26:31  INFO       [adaptive / burst] 120/200  tier=NANO    latency=6.7 ms  R=0.732  target=0.85  dets=4  vru=False  backend=tensorrt
14:26:31  INFO     [RAMS] Tier switch: NANO → SMALL  (R=0.086)
14:26:31  INFO     [RAMS] Tier switch: SMALL → MEDIUM  (R=0.098)
14:26:31  INFO     [RAMS] Tier switch: MEDIUM → SMALL  (R=0.140)
14:26:32  INFO       [adaptive / burst] 140/200  tier=SMALL   latency=9.1 ms  R=0.159  target=0.00  dets=4  vru=False  backend=tensorrt
14:26:32  INFO       [adaptive / burst] 160/200  tier=SMALL   latency=7.5 ms  R=0.152  target=0.00  dets=1  vru=False  backend=tensorrt
14:26:33  INFO       [adaptive / burst] 180/200  tier=SMALL   latency=8.5 ms  R=0.146  target=0.00  dets=6  vru=False  backend=tensorrt
14:26:33  INFO       [adaptive / burst] 200/200  tier=SMALL   latency=5.9 ms  R=0.246  target=0.00  dets=0  vru=False  backend=tensorrt
14:26:33  INFO     [RAMS] Controller stopped.
14:26:33  INFO     
--- Block 6/10  Policy: safety2  Load: burst (100%) ---
14:26:33  INFO     [RAMS] Starting resource monitor ...
14:26:33  INFO     [RAMS] Loading model tiers ...
WARNING ⚠️ Unable to automatically guess model task, assuming 'task=detect'. Explicitly define task for your model, i.e. 'task=detect', 'segment', 'classify', 'pose', 'obb' or 'semantic'.
Loading yolov8n.engine for TensorRT inference...
[09/09/2026-14:26:33] [TRT] [I] Loaded engine size: 7 MiB
[09/09/2026-14:26:33] [TRT] [I] [MemUsageChange] TensorRT-managed allocation in IExecutionContext creation: CPU +0, GPU +3, now: CPU 0, GPU 9 (MiB)
14:26:33  INFO     [RAMS] YOLOv8-nano ready — TensorRT yolov8n.engine (imgsz=320).
WARNING ⚠️ Unable to automatically guess model task, assuming 'task=detect'. Explicitly define task for your model, i.e. 'task=detect', 'segment', 'classify', 'pose', 'obb' or 'semantic'.
Loading yolov8s.engine for TensorRT inference...
[09/09/2026-14:26:33] [TRT] [I] The logger passed into createInferRuntime differs from one already provided for an existing builder, runtime, or refitter. Uses of the global logger, returned by nvinfer1::getLogger(), will return the existing value.
[09/09/2026-14:26:33] [TRT] [I] Loaded engine size: 23 MiB
[09/09/2026-14:26:33] [TRT] [I] [MemUsageChange] TensorRT-managed allocation in IExecutionContext creation: CPU +1, GPU +7, now: CPU 1, GPU 38 (MiB)
14:26:33  INFO     [RAMS] YOLOv8-small ready — TensorRT yolov8s.engine (imgsz=416).
WARNING ⚠️ Unable to automatically guess model task, assuming 'task=detect'. Explicitly define task for your model, i.e. 'task=detect', 'segment', 'classify', 'pose', 'obb' or 'semantic'.
Loading yolov8m.engine for TensorRT inference...
[09/09/2026-14:26:33] [TRT] [I] The logger passed into createInferRuntime differs from one already provided for an existing builder, runtime, or refitter. Uses of the global logger, returned by nvinfer1::getLogger(), will return the existing value.
[09/09/2026-14:26:33] [TRT] [I] Loaded engine size: 52 MiB
[09/09/2026-14:26:33] [TRT] [I] [MemUsageChange] TensorRT-managed allocation in IExecutionContext creation: CPU +0, GPU +29, now: CPU 1, GPU 117 (MiB)
14:26:33  INFO     [RAMS] YOLOv8-medium ready — TensorRT yolov8m.engine (imgsz=640).
14:26:33  INFO     [RAMS] Controller ready. Policy: safety2
14:26:34  INFO     [RAMS] Tier switch: SMALL → MEDIUM  (R=0.692)
14:26:34  INFO       [safety2 / burst] 20/200  tier=MEDIUM  latency=14.0 ms  R=0.776  target=0.85  dets=3  vru=False  backend=tensorrt
14:26:35  INFO     [RAMS] Tier switch: MEDIUM → SMALL  (R=0.199)
14:26:35  INFO     [RAMS] Tier switch: SMALL → MEDIUM  (R=0.205)
14:26:35  INFO       [safety2 / burst] 40/200  tier=MEDIUM  latency=15.1 ms  R=0.199  target=0.00  dets=4  vru=False  backend=tensorrt
14:26:35  INFO     [RAMS] Tier switch: MEDIUM → SMALL  (R=0.194)
14:26:35  INFO       [safety2 / burst] 60/200  tier=SMALL   latency=9.3 ms  R=0.194  target=0.00  dets=5  vru=False  backend=tensorrt
14:26:36  INFO       [safety2 / burst] 80/200  tier=SMALL   latency=7.9 ms  R=0.153  target=0.00  dets=3  vru=True  backend=tensorrt
14:26:36  INFO     [RAMS] Tier switch: SMALL → MEDIUM  (R=0.158)
14:26:36  INFO       [safety2 / burst] 100/200  tier=MEDIUM  latency=14.2 ms  R=0.174  target=0.00  dets=4  vru=True  backend=tensorrt
14:26:37  INFO     [RAMS] Tier switch: MEDIUM → SMALL  (R=0.682)
14:26:37  INFO       [safety2 / burst] 120/200  tier=SMALL   latency=9.3 ms  R=0.759  target=0.85  dets=5  vru=False  backend=tensorrt
14:26:37  INFO     [RAMS] Tier switch: SMALL → MEDIUM  (R=0.069)
14:26:38  INFO       [safety2 / burst] 140/200  tier=MEDIUM  latency=15.0 ms  R=0.197  target=0.00  dets=5  vru=False  backend=tensorrt
14:26:38  INFO     [RAMS] Tier switch: MEDIUM → SMALL  (R=0.216)
14:26:38  INFO     [RAMS] Tier switch: SMALL → MEDIUM  (R=0.183)
14:26:38  INFO       [safety2 / burst] 160/200  tier=MEDIUM  latency=13.5 ms  R=0.210  target=0.00  dets=1  vru=False  backend=tensorrt
14:26:38  INFO     [RAMS] Tier switch: MEDIUM → SMALL  (R=0.189)
14:26:39  INFO     [RAMS] Tier switch: SMALL → MEDIUM  (R=0.189)
14:26:39  INFO       [safety2 / burst] 180/200  tier=MEDIUM  latency=15.4 ms  R=0.195  target=0.00  dets=10  vru=False  backend=tensorrt
14:26:39  INFO       [safety2 / burst] 200/200  tier=MEDIUM  latency=14.1 ms  R=0.199  target=0.00  dets=4  vru=False  backend=tensorrt
14:26:39  INFO     [RAMS] Controller stopped.
14:26:39  INFO     
--- Block 6/10  Policy: threshold  Load: burst (100%) ---
14:26:39  INFO     [RAMS] Starting resource monitor ...
14:26:39  INFO     [RAMS] Loading model tiers ...
WARNING ⚠️ Unable to automatically guess model task, assuming 'task=detect'. Explicitly define task for your model, i.e. 'task=detect', 'segment', 'classify', 'pose', 'obb' or 'semantic'.
Loading yolov8n.engine for TensorRT inference...
[09/09/2026-14:26:39] [TRT] [I] Loaded engine size: 7 MiB
[09/09/2026-14:26:39] [TRT] [I] [MemUsageChange] TensorRT-managed allocation in IExecutionContext creation: CPU +0, GPU +3, now: CPU 0, GPU 9 (MiB)
14:26:39  INFO     [RAMS] YOLOv8-nano ready — TensorRT yolov8n.engine (imgsz=320).
WARNING ⚠️ Unable to automatically guess model task, assuming 'task=detect'. Explicitly define task for your model, i.e. 'task=detect', 'segment', 'classify', 'pose', 'obb' or 'semantic'.
Loading yolov8s.engine for TensorRT inference...
[09/09/2026-14:26:39] [TRT] [I] The logger passed into createInferRuntime differs from one already provided for an existing builder, runtime, or refitter. Uses of the global logger, returned by nvinfer1::getLogger(), will return the existing value.
[09/09/2026-14:26:39] [TRT] [I] Loaded engine size: 23 MiB
[09/09/2026-14:26:40] [TRT] [I] [MemUsageChange] TensorRT-managed allocation in IExecutionContext creation: CPU +1, GPU +7, now: CPU 1, GPU 38 (MiB)
14:26:40  INFO     [RAMS] YOLOv8-small ready — TensorRT yolov8s.engine (imgsz=416).
WARNING ⚠️ Unable to automatically guess model task, assuming 'task=detect'. Explicitly define task for your model, i.e. 'task=detect', 'segment', 'classify', 'pose', 'obb' or 'semantic'.
Loading yolov8m.engine for TensorRT inference...
[09/09/2026-14:26:40] [TRT] [I] The logger passed into createInferRuntime differs from one already provided for an existing builder, runtime, or refitter. Uses of the global logger, returned by nvinfer1::getLogger(), will return the existing value.
[09/09/2026-14:26:40] [TRT] [I] Loaded engine size: 52 MiB
[09/09/2026-14:26:40] [TRT] [I] [MemUsageChange] TensorRT-managed allocation in IExecutionContext creation: CPU +0, GPU +29, now: CPU 1, GPU 117 (MiB)
14:26:40  INFO     [RAMS] YOLOv8-medium ready — TensorRT yolov8m.engine (imgsz=640).
14:26:40  INFO     [RAMS] Controller ready. Policy: threshold
14:26:40  INFO     [RAMS] Tier switch: SMALL → NANO  (R=0.734)
14:26:40  INFO       [threshold / burst] 20/200  tier=NANO    latency=6.2 ms  R=0.732  target=0.85  dets=1  vru=False  backend=tensorrt
14:26:41  INFO     [RAMS] Tier switch: NANO → MEDIUM  (R=0.069)
14:26:41  INFO     [RAMS] Tier switch: MEDIUM → SMALL  (R=0.194)
14:26:41  INFO       [threshold / burst] 40/200  tier=SMALL   latency=7.8 ms  R=0.221  target=0.00  dets=2  vru=False  backend=tensorrt
14:26:41  INFO       [threshold / burst] 60/200  tier=SMALL   latency=8.6 ms  R=0.157  target=0.00  dets=5  vru=False  backend=tensorrt
14:26:42  INFO       [threshold / burst] 80/200  tier=SMALL   latency=8.6 ms  R=0.241  target=0.00  dets=3  vru=True  backend=tensorrt
14:26:42  INFO       [threshold / burst] 100/200  tier=SMALL   latency=8.1 ms  R=0.240  target=0.00  dets=2  vru=False  backend=tensorrt
14:26:42  INFO     [RAMS] Tier switch: SMALL → NANO  (R=0.717)
14:26:43  INFO       [threshold / burst] 120/200  tier=NANO    latency=10.1 ms  R=0.743  target=0.85  dets=4  vru=False  backend=tensorrt
14:26:43  INFO     [RAMS] Tier switch: NANO → SMALL  (R=0.163)
14:26:43  INFO       [threshold / burst] 140/200  tier=SMALL   latency=9.5 ms  R=0.210  target=0.00  dets=4  vru=False  backend=tensorrt
14:26:44  INFO       [threshold / burst] 160/200  tier=SMALL   latency=8.2 ms  R=0.314  target=0.00  dets=1  vru=False  backend=tensorrt
14:26:44  INFO       [threshold / burst] 180/200  tier=SMALL   latency=9.1 ms  R=0.236  target=0.00  dets=6  vru=False  backend=tensorrt
14:26:45  INFO       [threshold / burst] 200/200  tier=SMALL   latency=6.4 ms  R=0.214  target=0.00  dets=0  vru=False  backend=tensorrt
14:26:45  INFO     [RAMS] Controller stopped.
14:26:45  INFO     
--- Block 6/10  Policy: fixed_nano  Load: burst (100%) ---
14:26:45  INFO     [RAMS] Starting resource monitor ...
14:26:45  INFO     [RAMS] Loading model tiers ...
WARNING ⚠️ Unable to automatically guess model task, assuming 'task=detect'. Explicitly define task for your model, i.e. 'task=detect', 'segment', 'classify', 'pose', 'obb' or 'semantic'.
Loading yolov8n.engine for TensorRT inference...
[09/09/2026-14:26:45] [TRT] [I] Loaded engine size: 7 MiB
[09/09/2026-14:26:45] [TRT] [I] [MemUsageChange] TensorRT-managed allocation in IExecutionContext creation: CPU +0, GPU +3, now: CPU 0, GPU 9 (MiB)
14:26:45  INFO     [RAMS] YOLOv8-nano ready — TensorRT yolov8n.engine (imgsz=320).
WARNING ⚠️ Unable to automatically guess model task, assuming 'task=detect'. Explicitly define task for your model, i.e. 'task=detect', 'segment', 'classify', 'pose', 'obb' or 'semantic'.
Loading yolov8s.engine for TensorRT inference...
[09/09/2026-14:26:45] [TRT] [I] The logger passed into createInferRuntime differs from one already provided for an existing builder, runtime, or refitter. Uses of the global logger, returned by nvinfer1::getLogger(), will return the existing value.
[09/09/2026-14:26:45] [TRT] [I] Loaded engine size: 23 MiB
[09/09/2026-14:26:45] [TRT] [I] [MemUsageChange] TensorRT-managed allocation in IExecutionContext creation: CPU +1, GPU +7, now: CPU 1, GPU 38 (MiB)
14:26:45  INFO     [RAMS] YOLOv8-small ready — TensorRT yolov8s.engine (imgsz=416).
WARNING ⚠️ Unable to automatically guess model task, assuming 'task=detect'. Explicitly define task for your model, i.e. 'task=detect', 'segment', 'classify', 'pose', 'obb' or 'semantic'.
Loading yolov8m.engine for TensorRT inference...
[09/09/2026-14:26:45] [TRT] [I] The logger passed into createInferRuntime differs from one already provided for an existing builder, runtime, or refitter. Uses of the global logger, returned by nvinfer1::getLogger(), will return the existing value.
[09/09/2026-14:26:45] [TRT] [I] Loaded engine size: 52 MiB
[09/09/2026-14:26:45] [TRT] [I] [MemUsageChange] TensorRT-managed allocation in IExecutionContext creation: CPU +0, GPU +29, now: CPU 1, GPU 117 (MiB)
14:26:45  INFO     [RAMS] YOLOv8-medium ready — TensorRT yolov8m.engine (imgsz=640).
14:26:45  INFO     [RAMS] Controller ready. Policy: fixed
14:26:45  INFO     [RAMS] Tier switch: SMALL → NANO  (R=0.764)
14:26:46  INFO       [fixed_nano / burst] 20/200  tier=NANO    latency=6.8 ms  R=0.732  target=0.85  dets=1  vru=False  backend=tensorrt
14:26:46  INFO       [fixed_nano / burst] 40/200  tier=NANO    latency=6.5 ms  R=0.240  target=0.00  dets=1  vru=False  backend=tensorrt
14:26:47  INFO       [fixed_nano / burst] 60/200  tier=NANO    latency=7.4 ms  R=0.202  target=0.00  dets=4  vru=False  backend=tensorrt
14:26:47  INFO       [fixed_nano / burst] 80/200  tier=NANO    latency=6.9 ms  R=0.214  target=0.00  dets=4  vru=True  backend=tensorrt
14:26:47  INFO       [fixed_nano / burst] 100/200  tier=NANO    latency=6.7 ms  R=0.202  target=0.00  dets=3  vru=False  backend=tensorrt
14:26:48  INFO       [fixed_nano / burst] 120/200  tier=NANO    latency=7.2 ms  R=0.732  target=0.85  dets=4  vru=False  backend=tensorrt
14:26:49  INFO       [fixed_nano / burst] 140/200  tier=NANO    latency=6.6 ms  R=0.154  target=0.00  dets=3  vru=False  backend=tensorrt
14:26:49  INFO       [fixed_nano / burst] 160/200  tier=NANO    latency=6.2 ms  R=0.151  target=0.00  dets=1  vru=False  backend=tensorrt
14:26:49  INFO       [fixed_nano / burst] 180/200  tier=NANO    latency=7.2 ms  R=0.144  target=0.00  dets=6  vru=False  backend=tensorrt
14:26:50  INFO       [fixed_nano / burst] 200/200  tier=NANO    latency=4.6 ms  R=0.128  target=0.00  dets=0  vru=False  backend=tensorrt
14:26:50  INFO     [RAMS] Controller stopped.
14:26:50  INFO     
--- Block 6/10  Policy: fixed_medium  Load: burst (100%) ---
14:26:50  INFO     [RAMS] Starting resource monitor ...
14:26:50  INFO     [RAMS] Loading model tiers ...
WARNING ⚠️ Unable to automatically guess model task, assuming 'task=detect'. Explicitly define task for your model, i.e. 'task=detect', 'segment', 'classify', 'pose', 'obb' or 'semantic'.
Loading yolov8n.engine for TensorRT inference...
[09/09/2026-14:26:50] [TRT] [I] Loaded engine size: 7 MiB
[09/09/2026-14:26:50] [TRT] [I] [MemUsageChange] TensorRT-managed allocation in IExecutionContext creation: CPU +0, GPU +3, now: CPU 0, GPU 9 (MiB)
14:26:50  INFO     [RAMS] YOLOv8-nano ready — TensorRT yolov8n.engine (imgsz=320).
WARNING ⚠️ Unable to automatically guess model task, assuming 'task=detect'. Explicitly define task for your model, i.e. 'task=detect', 'segment', 'classify', 'pose', 'obb' or 'semantic'.
Loading yolov8s.engine for TensorRT inference...
[09/09/2026-14:26:50] [TRT] [I] The logger passed into createInferRuntime differs from one already provided for an existing builder, runtime, or refitter. Uses of the global logger, returned by nvinfer1::getLogger(), will return the existing value.
[09/09/2026-14:26:50] [TRT] [I] Loaded engine size: 23 MiB
[09/09/2026-14:26:50] [TRT] [I] [MemUsageChange] TensorRT-managed allocation in IExecutionContext creation: CPU +1, GPU +7, now: CPU 1, GPU 38 (MiB)
14:26:50  INFO     [RAMS] YOLOv8-small ready — TensorRT yolov8s.engine (imgsz=416).
WARNING ⚠️ Unable to automatically guess model task, assuming 'task=detect'. Explicitly define task for your model, i.e. 'task=detect', 'segment', 'classify', 'pose', 'obb' or 'semantic'.
Loading yolov8m.engine for TensorRT inference...
[09/09/2026-14:26:50] [TRT] [I] The logger passed into createInferRuntime differs from one already provided for an existing builder, runtime, or refitter. Uses of the global logger, returned by nvinfer1::getLogger(), will return the existing value.
[09/09/2026-14:26:50] [TRT] [I] Loaded engine size: 52 MiB
[09/09/2026-14:26:50] [TRT] [I] [MemUsageChange] TensorRT-managed allocation in IExecutionContext creation: CPU +0, GPU +29, now: CPU 1, GPU 117 (MiB)
14:26:50  INFO     [RAMS] YOLOv8-medium ready — TensorRT yolov8m.engine (imgsz=640).
14:26:50  INFO     [RAMS] Controller ready. Policy: fixed
14:26:50  INFO     [RAMS] Tier switch: SMALL → MEDIUM  (R=0.687)
14:26:51  INFO       [fixed_medium / burst] 20/200  tier=MEDIUM  latency=15.3 ms  R=0.754  target=0.85  dets=3  vru=False  backend=tensorrt
14:26:52  INFO       [fixed_medium / burst] 40/200  tier=MEDIUM  latency=14.2 ms  R=0.199  target=0.00  dets=4  vru=False  backend=tensorrt
14:26:52  INFO       [fixed_medium / burst] 60/200  tier=MEDIUM  latency=14.8 ms  R=0.125  target=0.00  dets=7  vru=False  backend=tensorrt
14:26:53  INFO       [fixed_medium / burst] 80/200  tier=MEDIUM  latency=14.6 ms  R=0.194  target=0.00  dets=6  vru=True  backend=tensorrt
14:26:53  INFO       [fixed_medium / burst] 100/200  tier=MEDIUM  latency=14.2 ms  R=0.163  target=0.00  dets=4  vru=True  backend=tensorrt
14:26:54  INFO       [fixed_medium / burst] 120/200  tier=MEDIUM  latency=15.6 ms  R=0.789  target=0.85  dets=10  vru=True  backend=tensorrt
14:26:55  INFO       [fixed_medium / burst] 140/200  tier=MEDIUM  latency=15.2 ms  R=0.188  target=0.00  dets=5  vru=False  backend=tensorrt
14:26:55  INFO       [fixed_medium / burst] 160/200  tier=MEDIUM  latency=13.5 ms  R=0.194  target=0.00  dets=1  vru=False  backend=tensorrt
14:26:56  INFO       [fixed_medium / burst] 180/200  tier=MEDIUM  latency=16.3 ms  R=0.274  target=0.00  dets=10  vru=False  backend=tensorrt
14:26:56  INFO       [fixed_medium / burst] 200/200  tier=MEDIUM  latency=14.2 ms  R=0.193  target=0.00  dets=4  vru=False  backend=tensorrt
14:26:57  INFO     [RAMS] Controller stopped.
14:26:57  INFO     
--- Block 6/10  Policy: fixed_small  Load: burst (100%) ---
14:26:57  INFO     [RAMS] Starting resource monitor ...
14:26:57  INFO     [RAMS] Loading model tiers ...
WARNING ⚠️ Unable to automatically guess model task, assuming 'task=detect'. Explicitly define task for your model, i.e. 'task=detect', 'segment', 'classify', 'pose', 'obb' or 'semantic'.
Loading yolov8n.engine for TensorRT inference...
[09/09/2026-14:26:57] [TRT] [I] Loaded engine size: 7 MiB
[09/09/2026-14:26:57] [TRT] [I] [MemUsageChange] TensorRT-managed allocation in IExecutionContext creation: CPU +0, GPU +3, now: CPU 0, GPU 9 (MiB)
14:26:57  INFO     [RAMS] YOLOv8-nano ready — TensorRT yolov8n.engine (imgsz=320).
WARNING ⚠️ Unable to automatically guess model task, assuming 'task=detect'. Explicitly define task for your model, i.e. 'task=detect', 'segment', 'classify', 'pose', 'obb' or 'semantic'.
Loading yolov8s.engine for TensorRT inference...
[09/09/2026-14:26:57] [TRT] [I] The logger passed into createInferRuntime differs from one already provided for an existing builder, runtime, or refitter. Uses of the global logger, returned by nvinfer1::getLogger(), will return the existing value.
[09/09/2026-14:26:57] [TRT] [I] Loaded engine size: 23 MiB
[09/09/2026-14:26:57] [TRT] [I] [MemUsageChange] TensorRT-managed allocation in IExecutionContext creation: CPU +1, GPU +7, now: CPU 1, GPU 38 (MiB)
14:26:57  INFO     [RAMS] YOLOv8-small ready — TensorRT yolov8s.engine (imgsz=416).
WARNING ⚠️ Unable to automatically guess model task, assuming 'task=detect'. Explicitly define task for your model, i.e. 'task=detect', 'segment', 'classify', 'pose', 'obb' or 'semantic'.
Loading yolov8m.engine for TensorRT inference...
[09/09/2026-14:26:57] [TRT] [I] The logger passed into createInferRuntime differs from one already provided for an existing builder, runtime, or refitter. Uses of the global logger, returned by nvinfer1::getLogger(), will return the existing value.
[09/09/2026-14:26:57] [TRT] [I] Loaded engine size: 52 MiB
[09/09/2026-14:26:57] [TRT] [I] [MemUsageChange] TensorRT-managed allocation in IExecutionContext creation: CPU +0, GPU +29, now: CPU 1, GPU 117 (MiB)
14:26:57  INFO     [RAMS] YOLOv8-medium ready — TensorRT yolov8m.engine (imgsz=640).
14:26:57  INFO     [RAMS] Controller ready. Policy: fixed
14:26:57  INFO       [fixed_small / burst] 20/200  tier=SMALL   latency=7.7 ms  R=0.737  target=0.85  dets=2  vru=False  backend=tensorrt
14:26:58  INFO       [fixed_small / burst] 40/200  tier=SMALL   latency=7.8 ms  R=0.154  target=0.00  dets=2  vru=False  backend=tensorrt
14:26:58  INFO       [fixed_small / burst] 60/200  tier=SMALL   latency=8.3 ms  R=0.153  target=0.00  dets=5  vru=False  backend=tensorrt
14:26:59  INFO       [fixed_small / burst] 80/200  tier=SMALL   latency=8.1 ms  R=0.203  target=0.00  dets=3  vru=True  backend=tensorrt
14:26:59  INFO       [fixed_small / burst] 100/200  tier=SMALL   latency=7.6 ms  R=0.148  target=0.00  dets=2  vru=False  backend=tensorrt
14:27:00  INFO       [fixed_small / burst] 120/200  tier=SMALL   latency=9.1 ms  R=0.740  target=0.85  dets=5  vru=False  backend=tensorrt
14:27:01  INFO       [fixed_small / burst] 140/200  tier=SMALL   latency=8.1 ms  R=0.120  target=0.00  dets=4  vru=False  backend=tensorrt
14:27:01  INFO       [fixed_small / burst] 160/200  tier=SMALL   latency=7.6 ms  R=0.212  target=0.00  dets=1  vru=False  backend=tensorrt
14:27:01  INFO       [fixed_small / burst] 180/200  tier=SMALL   latency=8.5 ms  R=0.163  target=0.00  dets=6  vru=False  backend=tensorrt
14:27:02  INFO       [fixed_small / burst] 200/200  tier=SMALL   latency=6.6 ms  R=0.154  target=0.00  dets=0  vru=False  backend=tensorrt
14:27:02  INFO     [RAMS] Controller stopped.
14:27:02  INFO     
--- Block 6/10  Policy: safety  Load: burst (100%) ---
14:27:02  INFO     [RAMS] Starting resource monitor ...
14:27:02  INFO     [RAMS] Loading model tiers ...
WARNING ⚠️ Unable to automatically guess model task, assuming 'task=detect'. Explicitly define task for your model, i.e. 'task=detect', 'segment', 'classify', 'pose', 'obb' or 'semantic'.
Loading yolov8n.engine for TensorRT inference...
[09/09/2026-14:27:02] [TRT] [I] Loaded engine size: 7 MiB
[09/09/2026-14:27:02] [TRT] [I] [MemUsageChange] TensorRT-managed allocation in IExecutionContext creation: CPU +0, GPU +3, now: CPU 0, GPU 9 (MiB)
14:27:02  INFO     [RAMS] YOLOv8-nano ready — TensorRT yolov8n.engine (imgsz=320).
WARNING ⚠️ Unable to automatically guess model task, assuming 'task=detect'. Explicitly define task for your model, i.e. 'task=detect', 'segment', 'classify', 'pose', 'obb' or 'semantic'.
Loading yolov8s.engine for TensorRT inference...
[09/09/2026-14:27:02] [TRT] [I] The logger passed into createInferRuntime differs from one already provided for an existing builder, runtime, or refitter. Uses of the global logger, returned by nvinfer1::getLogger(), will return the existing value.
[09/09/2026-14:27:02] [TRT] [I] Loaded engine size: 23 MiB
[09/09/2026-14:27:02] [TRT] [I] [MemUsageChange] TensorRT-managed allocation in IExecutionContext creation: CPU +1, GPU +7, now: CPU 1, GPU 38 (MiB)
14:27:02  INFO     [RAMS] YOLOv8-small ready — TensorRT yolov8s.engine (imgsz=416).
WARNING ⚠️ Unable to automatically guess model task, assuming 'task=detect'. Explicitly define task for your model, i.e. 'task=detect', 'segment', 'classify', 'pose', 'obb' or 'semantic'.
Loading yolov8m.engine for TensorRT inference...
[09/09/2026-14:27:02] [TRT] [I] The logger passed into createInferRuntime differs from one already provided for an existing builder, runtime, or refitter. Uses of the global logger, returned by nvinfer1::getLogger(), will return the existing value.
[09/09/2026-14:27:02] [TRT] [I] Loaded engine size: 52 MiB
[09/09/2026-14:27:02] [TRT] [I] [MemUsageChange] TensorRT-managed allocation in IExecutionContext creation: CPU +0, GPU +29, now: CPU 1, GPU 117 (MiB)
14:27:02  INFO     [RAMS] YOLOv8-medium ready — TensorRT yolov8m.engine (imgsz=640).
14:27:02  INFO     [RAMS] Controller ready. Policy: safety
14:27:03  INFO       [safety / burst] 20/200  tier=SMALL   latency=8.1 ms  R=0.760  target=0.85  dets=2  vru=False  backend=tensorrt
14:27:04  INFO       [safety / burst] 40/200  tier=SMALL   latency=8.1 ms  R=0.228  target=0.00  dets=2  vru=False  backend=tensorrt
14:27:04  INFO       [safety / burst] 60/200  tier=SMALL   latency=8.8 ms  R=0.301  target=0.00  dets=5  vru=False  backend=tensorrt
14:27:04  INFO       [safety / burst] 80/200  tier=SMALL   latency=8.6 ms  R=0.230  target=0.00  dets=3  vru=True  backend=tensorrt
14:27:05  INFO       [safety / burst] 100/200  tier=SMALL   latency=8.3 ms  R=0.246  target=0.00  dets=2  vru=False  backend=tensorrt
14:27:05  INFO       [safety / burst] 120/200  tier=SMALL   latency=9.7 ms  R=0.750  target=0.85  dets=5  vru=False  backend=tensorrt
14:27:06  INFO       [safety / burst] 140/200  tier=SMALL   latency=8.5 ms  R=0.236  target=0.00  dets=4  vru=False  backend=tensorrt
14:27:06  INFO       [safety / burst] 160/200  tier=SMALL   latency=7.8 ms  R=0.222  target=0.00  dets=1  vru=False  backend=tensorrt
14:27:07  INFO       [safety / burst] 180/200  tier=SMALL   latency=8.9 ms  R=0.243  target=0.00  dets=6  vru=False  backend=tensorrt
14:27:07  INFO       [safety / burst] 200/200  tier=SMALL   latency=6.4 ms  R=0.236  target=0.00  dets=0  vru=False  backend=tensorrt
14:27:07  INFO     [RAMS] Controller stopped.
14:27:08  INFO     
--- Block 6/10  Policy: predictive  Load: burst (100%) ---
14:27:08  INFO     [RAMS] Starting resource monitor ...
14:27:08  INFO     [RAMS] Loading model tiers ...
WARNING ⚠️ Unable to automatically guess model task, assuming 'task=detect'. Explicitly define task for your model, i.e. 'task=detect', 'segment', 'classify', 'pose', 'obb' or 'semantic'.
Loading yolov8n.engine for TensorRT inference...
[09/09/2026-14:27:08] [TRT] [I] Loaded engine size: 7 MiB
[09/09/2026-14:27:08] [TRT] [I] [MemUsageChange] TensorRT-managed allocation in IExecutionContext creation: CPU +0, GPU +3, now: CPU 0, GPU 9 (MiB)
14:27:08  INFO     [RAMS] YOLOv8-nano ready — TensorRT yolov8n.engine (imgsz=320).
WARNING ⚠️ Unable to automatically guess model task, assuming 'task=detect'. Explicitly define task for your model, i.e. 'task=detect', 'segment', 'classify', 'pose', 'obb' or 'semantic'.
Loading yolov8s.engine for TensorRT inference...
[09/09/2026-14:27:08] [TRT] [I] The logger passed into createInferRuntime differs from one already provided for an existing builder, runtime, or refitter. Uses of the global logger, returned by nvinfer1::getLogger(), will return the existing value.
[09/09/2026-14:27:08] [TRT] [I] Loaded engine size: 23 MiB
[09/09/2026-14:27:08] [TRT] [I] [MemUsageChange] TensorRT-managed allocation in IExecutionContext creation: CPU +1, GPU +7, now: CPU 1, GPU 38 (MiB)
14:27:08  INFO     [RAMS] YOLOv8-small ready — TensorRT yolov8s.engine (imgsz=416).
WARNING ⚠️ Unable to automatically guess model task, assuming 'task=detect'. Explicitly define task for your model, i.e. 'task=detect', 'segment', 'classify', 'pose', 'obb' or 'semantic'.
Loading yolov8m.engine for TensorRT inference...
[09/09/2026-14:27:08] [TRT] [I] The logger passed into createInferRuntime differs from one already provided for an existing builder, runtime, or refitter. Uses of the global logger, returned by nvinfer1::getLogger(), will return the existing value.
[09/09/2026-14:27:08] [TRT] [I] Loaded engine size: 52 MiB
[09/09/2026-14:27:08] [TRT] [I] [MemUsageChange] TensorRT-managed allocation in IExecutionContext creation: CPU +0, GPU +29, now: CPU 1, GPU 117 (MiB)
14:27:08  INFO     [RAMS] YOLOv8-medium ready — TensorRT yolov8m.engine (imgsz=640).
14:27:08  INFO     [RAMS] Controller ready. Policy: predictive
14:27:08  INFO     [RAMS] Tier switch: SMALL → NANO  (R=0.765)
14:27:08  INFO       [predictive / burst] 20/200  tier=NANO    latency=6.3 ms  R=0.746  target=0.85  dets=1  vru=False  backend=tensorrt
14:27:09  INFO     [RAMS] Tier switch: NANO → SMALL  (R=0.141)
14:27:09  INFO       [predictive / burst] 40/200  tier=SMALL   latency=7.9 ms  R=0.262  target=0.00  dets=2  vru=False  backend=tensorrt
14:27:09  INFO       [predictive / burst] 60/200  tier=SMALL   latency=9.2 ms  R=0.148  target=0.00  dets=5  vru=False  backend=tensorrt
14:27:10  INFO     [RAMS] Tier switch: SMALL → MEDIUM  (R=0.123)
14:27:10  INFO     [RAMS] Tier switch: MEDIUM → SMALL  (R=0.140)
14:27:10  INFO       [predictive / burst] 80/200  tier=SMALL   latency=8.7 ms  R=0.142  target=0.00  dets=3  vru=True  backend=tensorrt
14:27:10  INFO       [predictive / burst] 100/200  tier=SMALL   latency=7.8 ms  R=0.145  target=0.00  dets=2  vru=False  backend=tensorrt
14:27:11  INFO     [RAMS] Tier switch: SMALL → NANO  (R=0.699)
14:27:11  INFO       [predictive / burst] 120/200  tier=NANO    latency=10.0 ms  R=0.730  target=0.85  dets=4  vru=False  backend=tensorrt
14:27:11  INFO     [RAMS] Tier switch: NANO → SMALL  (R=0.075)
14:27:11  INFO       [predictive / burst] 140/200  tier=SMALL   latency=8.2 ms  R=0.138  target=0.00  dets=4  vru=False  backend=tensorrt
14:27:12  INFO       [predictive / burst] 160/200  tier=SMALL   latency=7.8 ms  R=0.159  target=0.00  dets=1  vru=False  backend=tensorrt
14:27:12  INFO       [predictive / burst] 180/200  tier=SMALL   latency=8.8 ms  R=0.159  target=0.00  dets=6  vru=False  backend=tensorrt
14:27:13  INFO       [predictive / burst] 200/200  tier=SMALL   latency=5.9 ms  R=0.170  target=0.00  dets=0  vru=False  backend=tensorrt
14:27:13  INFO     [RAMS] Controller stopped.
14:27:13  INFO     
--- Block 7/10  Policy: adaptive  Load: burst (100%) ---
14:27:13  INFO     [RAMS] Starting resource monitor ...
14:27:13  INFO     [RAMS] Loading model tiers ...
WARNING ⚠️ Unable to automatically guess model task, assuming 'task=detect'. Explicitly define task for your model, i.e. 'task=detect', 'segment', 'classify', 'pose', 'obb' or 'semantic'.
Loading yolov8n.engine for TensorRT inference...
[09/09/2026-14:27:13] [TRT] [I] Loaded engine size: 7 MiB
[09/09/2026-14:27:13] [TRT] [I] [MemUsageChange] TensorRT-managed allocation in IExecutionContext creation: CPU +0, GPU +3, now: CPU 0, GPU 9 (MiB)
14:27:13  INFO     [RAMS] YOLOv8-nano ready — TensorRT yolov8n.engine (imgsz=320).
WARNING ⚠️ Unable to automatically guess model task, assuming 'task=detect'. Explicitly define task for your model, i.e. 'task=detect', 'segment', 'classify', 'pose', 'obb' or 'semantic'.
Loading yolov8s.engine for TensorRT inference...
[09/09/2026-14:27:13] [TRT] [I] The logger passed into createInferRuntime differs from one already provided for an existing builder, runtime, or refitter. Uses of the global logger, returned by nvinfer1::getLogger(), will return the existing value.
[09/09/2026-14:27:13] [TRT] [I] Loaded engine size: 23 MiB
[09/09/2026-14:27:13] [TRT] [I] [MemUsageChange] TensorRT-managed allocation in IExecutionContext creation: CPU +1, GPU +7, now: CPU 1, GPU 38 (MiB)
14:27:13  INFO     [RAMS] YOLOv8-small ready — TensorRT yolov8s.engine (imgsz=416).
WARNING ⚠️ Unable to automatically guess model task, assuming 'task=detect'. Explicitly define task for your model, i.e. 'task=detect', 'segment', 'classify', 'pose', 'obb' or 'semantic'.
Loading yolov8m.engine for TensorRT inference...
[09/09/2026-14:27:13] [TRT] [I] The logger passed into createInferRuntime differs from one already provided for an existing builder, runtime, or refitter. Uses of the global logger, returned by nvinfer1::getLogger(), will return the existing value.
[09/09/2026-14:27:13] [TRT] [I] Loaded engine size: 52 MiB
[09/09/2026-14:27:13] [TRT] [I] [MemUsageChange] TensorRT-managed allocation in IExecutionContext creation: CPU +0, GPU +29, now: CPU 1, GPU 117 (MiB)
14:27:13  INFO     [RAMS] YOLOv8-medium ready — TensorRT yolov8m.engine (imgsz=640).
14:27:13  INFO     [RAMS] Controller ready. Policy: adaptive
14:27:13  INFO     [RAMS] Tier switch: SMALL → NANO  (R=0.705)
14:27:14  INFO       [adaptive / burst] 20/200  tier=NANO    latency=6.2 ms  R=0.730  target=0.85  dets=1  vru=False  backend=tensorrt
14:27:14  INFO     [RAMS] Tier switch: NANO → SMALL  (R=0.069)
14:27:14  INFO     [RAMS] Tier switch: SMALL → MEDIUM  (R=0.069)
14:27:14  INFO     [RAMS] Tier switch: MEDIUM → SMALL  (R=0.224)
14:27:14  INFO       [adaptive / burst] 40/200  tier=SMALL   latency=8.6 ms  R=0.156  target=0.00  dets=6  vru=False  backend=tensorrt
14:27:15  INFO       [adaptive / burst] 60/200  tier=SMALL   latency=7.9 ms  R=0.158  target=0.00  dets=3  vru=False  backend=tensorrt
14:27:15  INFO       [adaptive / burst] 80/200  tier=SMALL   latency=8.2 ms  R=0.159  target=0.00  dets=4  vru=False  backend=tensorrt
14:27:15  INFO       [adaptive / burst] 100/200  tier=SMALL   latency=9.2 ms  R=0.148  target=0.00  dets=9  vru=False  backend=tensorrt
14:27:16  INFO     [RAMS] Tier switch: SMALL → NANO  (R=0.663)
14:27:16  INFO       [adaptive / burst] 120/200  tier=NANO    latency=9.3 ms  R=0.711  target=0.85  dets=1  vru=False  backend=tensorrt
14:27:16  INFO     [RAMS] Tier switch: NANO → SMALL  (R=0.063)
14:27:16  INFO     [RAMS] Tier switch: SMALL → MEDIUM  (R=0.063)
14:27:17  INFO     [RAMS] Tier switch: MEDIUM → SMALL  (R=0.184)
14:27:17  INFO       [adaptive / burst] 140/200  tier=SMALL   latency=8.8 ms  R=0.147  target=0.00  dets=7  vru=True  backend=tensorrt
14:27:17  INFO       [adaptive / burst] 160/200  tier=SMALL   latency=6.5 ms  R=0.170  target=0.00  dets=0  vru=False  backend=tensorrt
14:27:18  INFO       [adaptive / burst] 180/200  tier=SMALL   latency=8.3 ms  R=0.150  target=0.00  dets=4  vru=False  backend=tensorrt
14:27:18  INFO       [adaptive / burst] 200/200  tier=SMALL   latency=9.4 ms  R=0.161  target=0.00  dets=8  vru=True  backend=tensorrt
14:27:18  INFO     [RAMS] Controller stopped.
14:27:18  INFO     
--- Block 7/10  Policy: fixed_nano  Load: burst (100%) ---
14:27:18  INFO     [RAMS] Starting resource monitor ...
14:27:18  INFO     [RAMS] Loading model tiers ...
WARNING ⚠️ Unable to automatically guess model task, assuming 'task=detect'. Explicitly define task for your model, i.e. 'task=detect', 'segment', 'classify', 'pose', 'obb' or 'semantic'.
Loading yolov8n.engine for TensorRT inference...
[09/09/2026-14:27:18] [TRT] [I] Loaded engine size: 7 MiB
[09/09/2026-14:27:18] [TRT] [I] [MemUsageChange] TensorRT-managed allocation in IExecutionContext creation: CPU +0, GPU +3, now: CPU 0, GPU 9 (MiB)
14:27:18  INFO     [RAMS] YOLOv8-nano ready — TensorRT yolov8n.engine (imgsz=320).
WARNING ⚠️ Unable to automatically guess model task, assuming 'task=detect'. Explicitly define task for your model, i.e. 'task=detect', 'segment', 'classify', 'pose', 'obb' or 'semantic'.
Loading yolov8s.engine for TensorRT inference...
[09/09/2026-14:27:18] [TRT] [I] The logger passed into createInferRuntime differs from one already provided for an existing builder, runtime, or refitter. Uses of the global logger, returned by nvinfer1::getLogger(), will return the existing value.
[09/09/2026-14:27:18] [TRT] [I] Loaded engine size: 23 MiB
[09/09/2026-14:27:18] [TRT] [I] [MemUsageChange] TensorRT-managed allocation in IExecutionContext creation: CPU +1, GPU +7, now: CPU 1, GPU 38 (MiB)
14:27:18  INFO     [RAMS] YOLOv8-small ready — TensorRT yolov8s.engine (imgsz=416).
WARNING ⚠️ Unable to automatically guess model task, assuming 'task=detect'. Explicitly define task for your model, i.e. 'task=detect', 'segment', 'classify', 'pose', 'obb' or 'semantic'.
Loading yolov8m.engine for TensorRT inference...
[09/09/2026-14:27:18] [TRT] [I] The logger passed into createInferRuntime differs from one already provided for an existing builder, runtime, or refitter. Uses of the global logger, returned by nvinfer1::getLogger(), will return the existing value.
[09/09/2026-14:27:18] [TRT] [I] Loaded engine size: 52 MiB
[09/09/2026-14:27:18] [TRT] [I] [MemUsageChange] TensorRT-managed allocation in IExecutionContext creation: CPU +0, GPU +29, now: CPU 1, GPU 117 (MiB)
14:27:18  INFO     [RAMS] YOLOv8-medium ready — TensorRT yolov8m.engine (imgsz=640).
14:27:18  INFO     [RAMS] Controller ready. Policy: fixed
14:27:19  INFO     [RAMS] Tier switch: SMALL → NANO  (R=0.694)
14:27:19  INFO       [fixed_nano / burst] 20/200  tier=NANO    latency=6.4 ms  R=0.732  target=0.85  dets=1  vru=False  backend=tensorrt
14:27:20  INFO       [fixed_nano / burst] 40/200  tier=NANO    latency=4.5 ms  R=0.137  target=0.00  dets=0  vru=False  backend=tensorrt
14:27:20  INFO       [fixed_nano / burst] 60/200  tier=NANO    latency=6.6 ms  R=0.143  target=0.00  dets=3  vru=False  backend=tensorrt
14:27:20  INFO       [fixed_nano / burst] 80/200  tier=NANO    latency=6.5 ms  R=0.142  target=0.00  dets=3  vru=False  backend=tensorrt
14:27:21  INFO       [fixed_nano / burst] 100/200  tier=NANO    latency=8.6 ms  R=0.136  target=0.00  dets=11  vru=False  backend=tensorrt
14:27:21  INFO       [fixed_nano / burst] 120/200  tier=NANO    latency=6.1 ms  R=0.730  target=0.85  dets=1  vru=False  backend=tensorrt
14:27:22  INFO       [fixed_nano / burst] 140/200  tier=NANO    latency=6.0 ms  R=0.237  target=0.00  dets=1  vru=False  backend=tensorrt
14:27:22  INFO       [fixed_nano / burst] 160/200  tier=NANO    latency=4.5 ms  R=0.142  target=0.00  dets=0  vru=False  backend=tensorrt
14:27:23  INFO       [fixed_nano / burst] 180/200  tier=NANO    latency=6.5 ms  R=0.138  target=0.00  dets=3  vru=False  backend=tensorrt
14:27:23  INFO       [fixed_nano / burst] 200/200  tier=NANO    latency=7.0 ms  R=0.150  target=0.00  dets=5  vru=False  backend=tensorrt
14:27:23  INFO     [RAMS] Controller stopped.
14:27:23  INFO     
--- Block 7/10  Policy: fixed_medium  Load: burst (100%) ---
14:27:23  INFO     [RAMS] Starting resource monitor ...
14:27:23  INFO     [RAMS] Loading model tiers ...
WARNING ⚠️ Unable to automatically guess model task, assuming 'task=detect'. Explicitly define task for your model, i.e. 'task=detect', 'segment', 'classify', 'pose', 'obb' or 'semantic'.
Loading yolov8n.engine for TensorRT inference...
[09/09/2026-14:27:23] [TRT] [I] Loaded engine size: 7 MiB
[09/09/2026-14:27:23] [TRT] [I] [MemUsageChange] TensorRT-managed allocation in IExecutionContext creation: CPU +0, GPU +3, now: CPU 0, GPU 9 (MiB)
14:27:23  INFO     [RAMS] YOLOv8-nano ready — TensorRT yolov8n.engine (imgsz=320).
WARNING ⚠️ Unable to automatically guess model task, assuming 'task=detect'. Explicitly define task for your model, i.e. 'task=detect', 'segment', 'classify', 'pose', 'obb' or 'semantic'.
Loading yolov8s.engine for TensorRT inference...
[09/09/2026-14:27:23] [TRT] [I] The logger passed into createInferRuntime differs from one already provided for an existing builder, runtime, or refitter. Uses of the global logger, returned by nvinfer1::getLogger(), will return the existing value.
[09/09/2026-14:27:23] [TRT] [I] Loaded engine size: 23 MiB
[09/09/2026-14:27:23] [TRT] [I] [MemUsageChange] TensorRT-managed allocation in IExecutionContext creation: CPU +1, GPU +7, now: CPU 1, GPU 38 (MiB)
14:27:23  INFO     [RAMS] YOLOv8-small ready — TensorRT yolov8s.engine (imgsz=416).
WARNING ⚠️ Unable to automatically guess model task, assuming 'task=detect'. Explicitly define task for your model, i.e. 'task=detect', 'segment', 'classify', 'pose', 'obb' or 'semantic'.
Loading yolov8m.engine for TensorRT inference...
[09/09/2026-14:27:23] [TRT] [I] The logger passed into createInferRuntime differs from one already provided for an existing builder, runtime, or refitter. Uses of the global logger, returned by nvinfer1::getLogger(), will return the existing value.
[09/09/2026-14:27:23] [TRT] [I] Loaded engine size: 52 MiB
[09/09/2026-14:27:23] [TRT] [I] [MemUsageChange] TensorRT-managed allocation in IExecutionContext creation: CPU +0, GPU +29, now: CPU 1, GPU 117 (MiB)
14:27:23  INFO     [RAMS] YOLOv8-medium ready — TensorRT yolov8m.engine (imgsz=640).
14:27:23  INFO     [RAMS] Controller ready. Policy: fixed
14:27:24  INFO     [RAMS] Tier switch: SMALL → MEDIUM  (R=0.692)
14:27:24  INFO       [fixed_medium / burst] 20/200  tier=MEDIUM  latency=14.5 ms  R=0.810  target=0.85  dets=1  vru=False  backend=tensorrt
14:27:25  INFO       [fixed_medium / burst] 40/200  tier=MEDIUM  latency=15.3 ms  R=0.184  target=0.00  dets=7  vru=False  backend=tensorrt
14:27:26  INFO       [fixed_medium / burst] 60/200  tier=MEDIUM  latency=14.6 ms  R=0.269  target=0.00  dets=3  vru=False  backend=tensorrt
14:27:26  INFO       [fixed_medium / burst] 80/200  tier=MEDIUM  latency=14.8 ms  R=0.298  target=0.00  dets=5  vru=True  backend=tensorrt
14:27:27  INFO       [fixed_medium / burst] 100/200  tier=MEDIUM  latency=17.7 ms  R=0.189  target=0.00  dets=15  vru=False  backend=tensorrt
14:27:28  INFO       [fixed_medium / burst] 120/200  tier=MEDIUM  latency=14.2 ms  R=0.799  target=0.85  dets=3  vru=True  backend=tensorrt
14:27:28  INFO       [fixed_medium / burst] 140/200  tier=MEDIUM  latency=15.6 ms  R=0.288  target=0.00  dets=10  vru=True  backend=tensorrt
14:27:29  INFO       [fixed_medium / burst] 160/200  tier=MEDIUM  latency=13.7 ms  R=0.273  target=0.00  dets=1  vru=False  backend=tensorrt
14:27:30  INFO       [fixed_medium / burst] 180/200  tier=MEDIUM  latency=15.5 ms  R=0.264  target=0.00  dets=8  vru=False  backend=tensorrt
14:27:30  INFO       [fixed_medium / burst] 200/200  tier=MEDIUM  latency=15.0 ms  R=0.198  target=0.00  dets=7  vru=True  backend=tensorrt
14:27:30  INFO     [RAMS] Controller stopped.
14:27:30  INFO     
--- Block 7/10  Policy: fixed_small  Load: burst (100%) ---
14:27:30  INFO     [RAMS] Starting resource monitor ...
14:27:30  INFO     [RAMS] Loading model tiers ...
WARNING ⚠️ Unable to automatically guess model task, assuming 'task=detect'. Explicitly define task for your model, i.e. 'task=detect', 'segment', 'classify', 'pose', 'obb' or 'semantic'.
Loading yolov8n.engine for TensorRT inference...
[09/09/2026-14:27:30] [TRT] [I] Loaded engine size: 7 MiB
[09/09/2026-14:27:30] [TRT] [I] [MemUsageChange] TensorRT-managed allocation in IExecutionContext creation: CPU +0, GPU +3, now: CPU 0, GPU 9 (MiB)
14:27:30  INFO     [RAMS] YOLOv8-nano ready — TensorRT yolov8n.engine (imgsz=320).
WARNING ⚠️ Unable to automatically guess model task, assuming 'task=detect'. Explicitly define task for your model, i.e. 'task=detect', 'segment', 'classify', 'pose', 'obb' or 'semantic'.
Loading yolov8s.engine for TensorRT inference...
[09/09/2026-14:27:30] [TRT] [I] The logger passed into createInferRuntime differs from one already provided for an existing builder, runtime, or refitter. Uses of the global logger, returned by nvinfer1::getLogger(), will return the existing value.
[09/09/2026-14:27:30] [TRT] [I] Loaded engine size: 23 MiB
[09/09/2026-14:27:30] [TRT] [I] [MemUsageChange] TensorRT-managed allocation in IExecutionContext creation: CPU +1, GPU +7, now: CPU 1, GPU 38 (MiB)
14:27:30  INFO     [RAMS] YOLOv8-small ready — TensorRT yolov8s.engine (imgsz=416).
WARNING ⚠️ Unable to automatically guess model task, assuming 'task=detect'. Explicitly define task for your model, i.e. 'task=detect', 'segment', 'classify', 'pose', 'obb' or 'semantic'.
Loading yolov8m.engine for TensorRT inference...
[09/09/2026-14:27:30] [TRT] [I] The logger passed into createInferRuntime differs from one already provided for an existing builder, runtime, or refitter. Uses of the global logger, returned by nvinfer1::getLogger(), will return the existing value.
[09/09/2026-14:27:30] [TRT] [I] Loaded engine size: 52 MiB
[09/09/2026-14:27:30] [TRT] [I] [MemUsageChange] TensorRT-managed allocation in IExecutionContext creation: CPU +0, GPU +29, now: CPU 1, GPU 117 (MiB)
14:27:30  INFO     [RAMS] YOLOv8-medium ready — TensorRT yolov8m.engine (imgsz=640).
14:27:30  INFO     [RAMS] Controller ready. Policy: fixed
14:27:31  INFO       [fixed_small / burst] 20/200  tier=SMALL   latency=7.4 ms  R=0.724  target=0.85  dets=1  vru=False  backend=tensorrt
14:27:32  INFO       [fixed_small / burst] 40/200  tier=SMALL   latency=8.4 ms  R=0.131  target=0.00  dets=6  vru=False  backend=tensorrt
14:27:32  INFO       [fixed_small / burst] 60/200  tier=SMALL   latency=7.9 ms  R=0.123  target=0.00  dets=3  vru=False  backend=tensorrt
14:27:33  INFO       [fixed_small / burst] 80/200  tier=SMALL   latency=8.1 ms  R=0.149  target=0.00  dets=4  vru=False  backend=tensorrt
14:27:33  INFO       [fixed_small / burst] 100/200  tier=SMALL   latency=9.2 ms  R=0.229  target=0.00  dets=9  vru=False  backend=tensorrt
14:27:34  INFO       [fixed_small / burst] 120/200  tier=SMALL   latency=8.0 ms  R=0.741  target=0.85  dets=2  vru=False  backend=tensorrt
14:27:34  INFO       [fixed_small / burst] 140/200  tier=SMALL   latency=8.8 ms  R=0.154  target=0.00  dets=7  vru=True  backend=tensorrt
14:27:35  INFO       [fixed_small / burst] 160/200  tier=SMALL   latency=5.9 ms  R=0.154  target=0.00  dets=0  vru=False  backend=tensorrt
14:27:35  INFO       [fixed_small / burst] 180/200  tier=SMALL   latency=8.2 ms  R=0.173  target=0.00  dets=4  vru=False  backend=tensorrt
14:27:35  INFO       [fixed_small / burst] 200/200  tier=SMALL   latency=9.0 ms  R=0.154  target=0.00  dets=8  vru=True  backend=tensorrt
14:27:36  INFO     [RAMS] Controller stopped.
14:27:36  INFO     
--- Block 7/10  Policy: safety2  Load: burst (100%) ---
14:27:36  INFO     [RAMS] Starting resource monitor ...
14:27:36  INFO     [RAMS] Loading model tiers ...
WARNING ⚠️ Unable to automatically guess model task, assuming 'task=detect'. Explicitly define task for your model, i.e. 'task=detect', 'segment', 'classify', 'pose', 'obb' or 'semantic'.
Loading yolov8n.engine for TensorRT inference...
[09/09/2026-14:27:36] [TRT] [I] Loaded engine size: 7 MiB
[09/09/2026-14:27:36] [TRT] [I] [MemUsageChange] TensorRT-managed allocation in IExecutionContext creation: CPU +0, GPU +3, now: CPU 0, GPU 9 (MiB)
14:27:36  INFO     [RAMS] YOLOv8-nano ready — TensorRT yolov8n.engine (imgsz=320).
WARNING ⚠️ Unable to automatically guess model task, assuming 'task=detect'. Explicitly define task for your model, i.e. 'task=detect', 'segment', 'classify', 'pose', 'obb' or 'semantic'.
Loading yolov8s.engine for TensorRT inference...
[09/09/2026-14:27:36] [TRT] [I] The logger passed into createInferRuntime differs from one already provided for an existing builder, runtime, or refitter. Uses of the global logger, returned by nvinfer1::getLogger(), will return the existing value.
[09/09/2026-14:27:36] [TRT] [I] Loaded engine size: 23 MiB
[09/09/2026-14:27:36] [TRT] [I] [MemUsageChange] TensorRT-managed allocation in IExecutionContext creation: CPU +1, GPU +7, now: CPU 1, GPU 38 (MiB)
14:27:36  INFO     [RAMS] YOLOv8-small ready — TensorRT yolov8s.engine (imgsz=416).
WARNING ⚠️ Unable to automatically guess model task, assuming 'task=detect'. Explicitly define task for your model, i.e. 'task=detect', 'segment', 'classify', 'pose', 'obb' or 'semantic'.
Loading yolov8m.engine for TensorRT inference...
[09/09/2026-14:27:36] [TRT] [I] The logger passed into createInferRuntime differs from one already provided for an existing builder, runtime, or refitter. Uses of the global logger, returned by nvinfer1::getLogger(), will return the existing value.
[09/09/2026-14:27:36] [TRT] [I] Loaded engine size: 52 MiB
[09/09/2026-14:27:36] [TRT] [I] [MemUsageChange] TensorRT-managed allocation in IExecutionContext creation: CPU +0, GPU +29, now: CPU 1, GPU 117 (MiB)
14:27:36  INFO     [RAMS] YOLOv8-medium ready — TensorRT yolov8m.engine (imgsz=640).
14:27:36  INFO     [RAMS] Controller ready. Policy: safety2
14:27:36  INFO     [RAMS] Tier switch: SMALL → NANO  (R=0.699)
14:27:36  INFO     [RAMS] Tier switch: NANO → MEDIUM  (R=0.733)
14:27:37  INFO       [safety2 / burst] 20/200  tier=MEDIUM  latency=13.6 ms  R=0.788  target=0.85  dets=1  vru=False  backend=tensorrt
14:27:37  INFO       [safety2 / burst] 40/200  tier=MEDIUM  latency=14.8 ms  R=0.144  target=0.00  dets=7  vru=False  backend=tensorrt
14:27:38  INFO     [RAMS] Tier switch: MEDIUM → SMALL  (R=0.174)
14:27:38  INFO     [RAMS] Tier switch: SMALL → MEDIUM  (R=0.147)
14:27:38  INFO       [safety2 / burst] 60/200  tier=MEDIUM  latency=13.9 ms  R=0.137  target=0.00  dets=3  vru=False  backend=tensorrt
14:27:38  INFO       [safety2 / burst] 80/200  tier=MEDIUM  latency=14.4 ms  R=0.205  target=0.00  dets=5  vru=True  backend=tensorrt
14:27:39  INFO       [safety2 / burst] 100/200  tier=MEDIUM  latency=16.6 ms  R=0.228  target=0.00  dets=15  vru=False  backend=tensorrt
14:27:39  INFO     [RAMS] Tier switch: MEDIUM → NANO  (R=0.765)
14:27:40  INFO     [RAMS] Tier switch: NANO → MEDIUM  (R=0.732)
14:27:40  INFO       [safety2 / burst] 120/200  tier=MEDIUM  latency=14.1 ms  R=0.732  target=0.85  dets=3  vru=True  backend=tensorrt
14:27:40  INFO       [safety2 / burst] 140/200  tier=MEDIUM  latency=15.6 ms  R=0.133  target=0.00  dets=10  vru=True  backend=tensorrt
14:27:41  INFO     [RAMS] Tier switch: MEDIUM → SMALL  (R=0.172)
14:27:41  INFO       [safety2 / burst] 160/200  tier=SMALL   latency=6.0 ms  R=0.152  target=0.00  dets=0  vru=False  backend=tensorrt
14:27:41  INFO     [RAMS] Tier switch: SMALL → MEDIUM  (R=0.158)
14:27:41  INFO       [safety2 / burst] 180/200  tier=MEDIUM  latency=15.2 ms  R=0.125  target=0.00  dets=8  vru=False  backend=tensorrt
14:27:42  INFO       [safety2 / burst] 200/200  tier=MEDIUM  latency=16.0 ms  R=0.118  target=0.00  dets=7  vru=True  backend=tensorrt
14:27:42  INFO     [RAMS] Controller stopped.
14:27:42  INFO     
--- Block 7/10  Policy: threshold  Load: burst (100%) ---
14:27:42  INFO     [RAMS] Starting resource monitor ...
14:27:42  INFO     [RAMS] Loading model tiers ...
WARNING ⚠️ Unable to automatically guess model task, assuming 'task=detect'. Explicitly define task for your model, i.e. 'task=detect', 'segment', 'classify', 'pose', 'obb' or 'semantic'.
Loading yolov8n.engine for TensorRT inference...
[09/09/2026-14:27:42] [TRT] [I] Loaded engine size: 7 MiB
[09/09/2026-14:27:42] [TRT] [I] [MemUsageChange] TensorRT-managed allocation in IExecutionContext creation: CPU +0, GPU +3, now: CPU 0, GPU 9 (MiB)
14:27:42  INFO     [RAMS] YOLOv8-nano ready — TensorRT yolov8n.engine (imgsz=320).
WARNING ⚠️ Unable to automatically guess model task, assuming 'task=detect'. Explicitly define task for your model, i.e. 'task=detect', 'segment', 'classify', 'pose', 'obb' or 'semantic'.
Loading yolov8s.engine for TensorRT inference...
[09/09/2026-14:27:42] [TRT] [I] The logger passed into createInferRuntime differs from one already provided for an existing builder, runtime, or refitter. Uses of the global logger, returned by nvinfer1::getLogger(), will return the existing value.
[09/09/2026-14:27:42] [TRT] [I] Loaded engine size: 23 MiB
[09/09/2026-14:27:42] [TRT] [I] [MemUsageChange] TensorRT-managed allocation in IExecutionContext creation: CPU +1, GPU +7, now: CPU 1, GPU 38 (MiB)
14:27:42  INFO     [RAMS] YOLOv8-small ready — TensorRT yolov8s.engine (imgsz=416).
WARNING ⚠️ Unable to automatically guess model task, assuming 'task=detect'. Explicitly define task for your model, i.e. 'task=detect', 'segment', 'classify', 'pose', 'obb' or 'semantic'.
Loading yolov8m.engine for TensorRT inference...
[09/09/2026-14:27:42] [TRT] [I] The logger passed into createInferRuntime differs from one already provided for an existing builder, runtime, or refitter. Uses of the global logger, returned by nvinfer1::getLogger(), will return the existing value.
[09/09/2026-14:27:42] [TRT] [I] Loaded engine size: 52 MiB
[09/09/2026-14:27:42] [TRT] [I] [MemUsageChange] TensorRT-managed allocation in IExecutionContext creation: CPU +0, GPU +29, now: CPU 1, GPU 117 (MiB)
14:27:42  INFO     [RAMS] YOLOv8-medium ready — TensorRT yolov8m.engine (imgsz=640).
14:27:42  INFO     [RAMS] Controller ready. Policy: threshold
14:27:43  INFO     [RAMS] Tier switch: SMALL → NANO  (R=0.693)
14:27:43  INFO       [threshold / burst] 20/200  tier=NANO    latency=6.7 ms  R=0.735  target=0.85  dets=1  vru=False  backend=tensorrt
14:27:43  INFO     [RAMS] Tier switch: NANO → MEDIUM  (R=0.069)
14:27:43  INFO     [RAMS] Tier switch: MEDIUM → SMALL  (R=0.132)
14:27:44  INFO       [threshold / burst] 40/200  tier=SMALL   latency=8.7 ms  R=0.148  target=0.00  dets=6  vru=False  backend=tensorrt
14:27:44  INFO       [threshold / burst] 60/200  tier=SMALL   latency=8.0 ms  R=0.245  target=0.00  dets=3  vru=False  backend=tensorrt
14:27:44  INFO       [threshold / burst] 80/200  tier=SMALL   latency=8.1 ms  R=0.147  target=0.00  dets=4  vru=False  backend=tensorrt
14:27:45  INFO       [threshold / burst] 100/200  tier=SMALL   latency=9.1 ms  R=0.154  target=0.00  dets=9  vru=False  backend=tensorrt
14:27:45  INFO     [RAMS] Tier switch: SMALL → NANO  (R=0.704)
14:27:45  INFO       [threshold / burst] 120/200  tier=NANO    latency=6.5 ms  R=0.753  target=0.85  dets=1  vru=False  backend=tensorrt
14:27:46  INFO     [RAMS] Tier switch: NANO → SMALL  (R=0.186)
14:27:46  INFO       [threshold / burst] 140/200  tier=SMALL   latency=9.9 ms  R=0.305  target=0.00  dets=7  vru=True  backend=tensorrt
14:27:46  INFO       [threshold / burst] 160/200  tier=SMALL   latency=6.1 ms  R=0.219  target=0.00  dets=0  vru=False  backend=tensorrt
14:27:47  INFO       [threshold / burst] 180/200  tier=SMALL   latency=8.3 ms  R=0.234  target=0.00  dets=4  vru=False  backend=tensorrt
14:27:47  INFO       [threshold / burst] 200/200  tier=SMALL   latency=9.5 ms  R=0.230  target=0.00  dets=8  vru=True  backend=tensorrt
14:27:47  INFO     [RAMS] Controller stopped.
14:27:47  INFO     
--- Block 7/10  Policy: predictive  Load: burst (100%) ---
14:27:47  INFO     [RAMS] Starting resource monitor ...
14:27:47  INFO     [RAMS] Loading model tiers ...
WARNING ⚠️ Unable to automatically guess model task, assuming 'task=detect'. Explicitly define task for your model, i.e. 'task=detect', 'segment', 'classify', 'pose', 'obb' or 'semantic'.
Loading yolov8n.engine for TensorRT inference...
[09/09/2026-14:27:47] [TRT] [I] Loaded engine size: 7 MiB
[09/09/2026-14:27:47] [TRT] [I] [MemUsageChange] TensorRT-managed allocation in IExecutionContext creation: CPU +0, GPU +3, now: CPU 0, GPU 9 (MiB)
14:27:47  INFO     [RAMS] YOLOv8-nano ready — TensorRT yolov8n.engine (imgsz=320).
WARNING ⚠️ Unable to automatically guess model task, assuming 'task=detect'. Explicitly define task for your model, i.e. 'task=detect', 'segment', 'classify', 'pose', 'obb' or 'semantic'.
Loading yolov8s.engine for TensorRT inference...
[09/09/2026-14:27:47] [TRT] [I] The logger passed into createInferRuntime differs from one already provided for an existing builder, runtime, or refitter. Uses of the global logger, returned by nvinfer1::getLogger(), will return the existing value.
[09/09/2026-14:27:48] [TRT] [I] Loaded engine size: 23 MiB
[09/09/2026-14:27:48] [TRT] [I] [MemUsageChange] TensorRT-managed allocation in IExecutionContext creation: CPU +1, GPU +7, now: CPU 1, GPU 38 (MiB)
14:27:48  INFO     [RAMS] YOLOv8-small ready — TensorRT yolov8s.engine (imgsz=416).
WARNING ⚠️ Unable to automatically guess model task, assuming 'task=detect'. Explicitly define task for your model, i.e. 'task=detect', 'segment', 'classify', 'pose', 'obb' or 'semantic'.
Loading yolov8m.engine for TensorRT inference...
[09/09/2026-14:27:48] [TRT] [I] The logger passed into createInferRuntime differs from one already provided for an existing builder, runtime, or refitter. Uses of the global logger, returned by nvinfer1::getLogger(), will return the existing value.
[09/09/2026-14:27:48] [TRT] [I] Loaded engine size: 52 MiB
[09/09/2026-14:27:48] [TRT] [I] [MemUsageChange] TensorRT-managed allocation in IExecutionContext creation: CPU +0, GPU +29, now: CPU 1, GPU 117 (MiB)
14:27:48  INFO     [RAMS] YOLOv8-medium ready — TensorRT yolov8m.engine (imgsz=640).
14:27:48  INFO     [RAMS] Controller ready. Policy: predictive
14:27:48  INFO     [RAMS] Tier switch: SMALL → NANO  (R=0.764)
14:27:48  INFO       [predictive / burst] 20/200  tier=NANO    latency=8.6 ms  R=0.745  target=0.85  dets=1  vru=False  backend=tensorrt
14:27:49  INFO     [RAMS] Tier switch: NANO → SMALL  (R=0.153)
14:27:49  INFO       [predictive / burst] 40/200  tier=SMALL   latency=8.8 ms  R=0.286  target=0.00  dets=6  vru=False  backend=tensorrt
14:27:49  INFO       [predictive / burst] 60/200  tier=SMALL   latency=8.2 ms  R=0.220  target=0.00  dets=3  vru=False  backend=tensorrt
14:27:50  INFO       [predictive / burst] 80/200  tier=SMALL   latency=9.2 ms  R=0.314  target=0.00  dets=4  vru=False  backend=tensorrt
14:27:50  INFO       [predictive / burst] 100/200  tier=SMALL   latency=9.9 ms  R=0.240  target=0.00  dets=9  vru=False  backend=tensorrt
14:27:51  INFO     [RAMS] Tier switch: SMALL → NANO  (R=0.723)
14:27:51  INFO       [predictive / burst] 120/200  tier=NANO    latency=6.4 ms  R=0.765  target=0.85  dets=1  vru=False  backend=tensorrt
14:27:51  INFO     [RAMS] Tier switch: NANO → SMALL  (R=0.164)
14:27:52  INFO       [predictive / burst] 140/200  tier=SMALL   latency=8.9 ms  R=0.148  target=0.00  dets=7  vru=True  backend=tensorrt
14:27:52  INFO       [predictive / burst] 160/200  tier=SMALL   latency=6.1 ms  R=0.160  target=0.00  dets=0  vru=False  backend=tensorrt
14:27:52  INFO       [predictive / burst] 180/200  tier=SMALL   latency=8.1 ms  R=0.159  target=0.00  dets=4  vru=False  backend=tensorrt
14:27:53  INFO       [predictive / burst] 200/200  tier=SMALL   latency=9.1 ms  R=0.134  target=0.00  dets=8  vru=True  backend=tensorrt
14:27:53  INFO     [RAMS] Controller stopped.
14:27:53  INFO     
--- Block 7/10  Policy: safety  Load: burst (100%) ---
14:27:53  INFO     [RAMS] Starting resource monitor ...
14:27:53  INFO     [RAMS] Loading model tiers ...
WARNING ⚠️ Unable to automatically guess model task, assuming 'task=detect'. Explicitly define task for your model, i.e. 'task=detect', 'segment', 'classify', 'pose', 'obb' or 'semantic'.
Loading yolov8n.engine for TensorRT inference...
[09/09/2026-14:27:53] [TRT] [I] Loaded engine size: 7 MiB
[09/09/2026-14:27:53] [TRT] [I] [MemUsageChange] TensorRT-managed allocation in IExecutionContext creation: CPU +0, GPU +3, now: CPU 0, GPU 9 (MiB)
14:27:53  INFO     [RAMS] YOLOv8-nano ready — TensorRT yolov8n.engine (imgsz=320).
WARNING ⚠️ Unable to automatically guess model task, assuming 'task=detect'. Explicitly define task for your model, i.e. 'task=detect', 'segment', 'classify', 'pose', 'obb' or 'semantic'.
Loading yolov8s.engine for TensorRT inference...
[09/09/2026-14:27:53] [TRT] [I] The logger passed into createInferRuntime differs from one already provided for an existing builder, runtime, or refitter. Uses of the global logger, returned by nvinfer1::getLogger(), will return the existing value.
[09/09/2026-14:27:53] [TRT] [I] Loaded engine size: 23 MiB
[09/09/2026-14:27:53] [TRT] [I] [MemUsageChange] TensorRT-managed allocation in IExecutionContext creation: CPU +1, GPU +7, now: CPU 1, GPU 38 (MiB)
14:27:53  INFO     [RAMS] YOLOv8-small ready — TensorRT yolov8s.engine (imgsz=416).
WARNING ⚠️ Unable to automatically guess model task, assuming 'task=detect'. Explicitly define task for your model, i.e. 'task=detect', 'segment', 'classify', 'pose', 'obb' or 'semantic'.
Loading yolov8m.engine for TensorRT inference...
[09/09/2026-14:27:53] [TRT] [I] The logger passed into createInferRuntime differs from one already provided for an existing builder, runtime, or refitter. Uses of the global logger, returned by nvinfer1::getLogger(), will return the existing value.
[09/09/2026-14:27:53] [TRT] [I] Loaded engine size: 52 MiB
[09/09/2026-14:27:53] [TRT] [I] [MemUsageChange] TensorRT-managed allocation in IExecutionContext creation: CPU +0, GPU +29, now: CPU 1, GPU 117 (MiB)
14:27:53  INFO     [RAMS] YOLOv8-medium ready — TensorRT yolov8m.engine (imgsz=640).
14:27:53  INFO     [RAMS] Controller ready. Policy: safety
14:27:54  INFO     [RAMS] Tier switch: SMALL → NANO  (R=0.696)
14:27:54  INFO     [RAMS] Tier switch: NANO → SMALL  (R=0.732)
14:27:54  INFO       [safety / burst] 20/200  tier=SMALL   latency=8.3 ms  R=0.726  target=0.85  dets=1  vru=False  backend=tensorrt
14:27:54  INFO     [RAMS] Tier switch: SMALL → MEDIUM  (R=0.081)
14:27:54  INFO     [RAMS] Tier switch: MEDIUM → SMALL  (R=0.194)
14:27:55  INFO       [safety / burst] 40/200  tier=SMALL   latency=8.6 ms  R=0.148  target=0.00  dets=6  vru=False  backend=tensorrt
14:27:55  INFO     [RAMS] Tier switch: SMALL → MEDIUM  (R=0.129)
14:27:55  INFO     [RAMS] Tier switch: MEDIUM → SMALL  (R=0.204)
14:27:55  INFO       [safety / burst] 60/200  tier=SMALL   latency=7.9 ms  R=0.173  target=0.00  dets=3  vru=False  backend=tensorrt
14:27:55  INFO       [safety / burst] 80/200  tier=SMALL   latency=8.1 ms  R=0.184  target=0.00  dets=4  vru=False  backend=tensorrt
14:27:56  INFO       [safety / burst] 100/200  tier=SMALL   latency=9.5 ms  R=0.147  target=0.00  dets=9  vru=False  backend=tensorrt
14:27:56  INFO       [safety / burst] 120/200  tier=SMALL   latency=7.7 ms  R=0.724  target=0.85  dets=2  vru=False  backend=tensorrt
14:27:57  INFO     [RAMS] Tier switch: SMALL → MEDIUM  (R=0.063)
14:27:57  INFO     [RAMS] Tier switch: MEDIUM → SMALL  (R=0.235)
14:27:57  INFO       [safety / burst] 140/200  tier=SMALL   latency=8.8 ms  R=0.210  target=0.00  dets=7  vru=True  backend=tensorrt
14:27:58  INFO       [safety / burst] 160/200  tier=SMALL   latency=5.9 ms  R=0.164  target=0.00  dets=0  vru=False  backend=tensorrt
14:27:58  INFO       [safety / burst] 180/200  tier=SMALL   latency=8.3 ms  R=0.217  target=0.00  dets=4  vru=False  backend=tensorrt
14:27:58  INFO       [safety / burst] 200/200  tier=SMALL   latency=9.0 ms  R=0.148  target=0.00  dets=8  vru=True  backend=tensorrt
14:27:58  INFO     [RAMS] Controller stopped.
14:27:59  INFO     
--- Block 8/10  Policy: fixed_small  Load: burst (100%) ---
14:27:59  INFO     [RAMS] Starting resource monitor ...
14:27:59  INFO     [RAMS] Loading model tiers ...
WARNING ⚠️ Unable to automatically guess model task, assuming 'task=detect'. Explicitly define task for your model, i.e. 'task=detect', 'segment', 'classify', 'pose', 'obb' or 'semantic'.
Loading yolov8n.engine for TensorRT inference...
[09/09/2026-14:27:59] [TRT] [I] Loaded engine size: 7 MiB
[09/09/2026-14:27:59] [TRT] [I] [MemUsageChange] TensorRT-managed allocation in IExecutionContext creation: CPU +0, GPU +3, now: CPU 0, GPU 9 (MiB)
14:27:59  INFO     [RAMS] YOLOv8-nano ready — TensorRT yolov8n.engine (imgsz=320).
WARNING ⚠️ Unable to automatically guess model task, assuming 'task=detect'. Explicitly define task for your model, i.e. 'task=detect', 'segment', 'classify', 'pose', 'obb' or 'semantic'.
Loading yolov8s.engine for TensorRT inference...
[09/09/2026-14:27:59] [TRT] [I] The logger passed into createInferRuntime differs from one already provided for an existing builder, runtime, or refitter. Uses of the global logger, returned by nvinfer1::getLogger(), will return the existing value.
[09/09/2026-14:27:59] [TRT] [I] Loaded engine size: 23 MiB
[09/09/2026-14:27:59] [TRT] [I] [MemUsageChange] TensorRT-managed allocation in IExecutionContext creation: CPU +1, GPU +7, now: CPU 1, GPU 38 (MiB)
14:27:59  INFO     [RAMS] YOLOv8-small ready — TensorRT yolov8s.engine (imgsz=416).
WARNING ⚠️ Unable to automatically guess model task, assuming 'task=detect'. Explicitly define task for your model, i.e. 'task=detect', 'segment', 'classify', 'pose', 'obb' or 'semantic'.
Loading yolov8m.engine for TensorRT inference...
[09/09/2026-14:27:59] [TRT] [I] The logger passed into createInferRuntime differs from one already provided for an existing builder, runtime, or refitter. Uses of the global logger, returned by nvinfer1::getLogger(), will return the existing value.
[09/09/2026-14:27:59] [TRT] [I] Loaded engine size: 52 MiB
[09/09/2026-14:27:59] [TRT] [I] [MemUsageChange] TensorRT-managed allocation in IExecutionContext creation: CPU +0, GPU +29, now: CPU 1, GPU 117 (MiB)
14:27:59  INFO     [RAMS] YOLOv8-medium ready — TensorRT yolov8m.engine (imgsz=640).
14:27:59  INFO     [RAMS] Controller ready. Policy: fixed
14:27:59  INFO       [fixed_small / burst] 20/200  tier=SMALL   latency=7.6 ms  R=0.739  target=0.85  dets=1  vru=False  backend=tensorrt
14:28:00  INFO       [fixed_small / burst] 40/200  tier=SMALL   latency=8.5 ms  R=0.230  target=0.00  dets=5  vru=False  backend=tensorrt
14:28:00  INFO       [fixed_small / burst] 60/200  tier=SMALL   latency=9.1 ms  R=0.149  target=0.00  dets=8  vru=False  backend=tensorrt
14:28:01  INFO       [fixed_small / burst] 80/200  tier=SMALL   latency=10.0 ms  R=0.142  target=0.00  dets=5  vru=False  backend=tensorrt
14:28:01  INFO       [fixed_small / burst] 100/200  tier=SMALL   latency=9.5 ms  R=0.154  target=0.00  dets=9  vru=False  backend=tensorrt
14:28:02  INFO       [fixed_small / burst] 120/200  tier=SMALL   latency=6.5 ms  R=0.742  target=0.85  dets=0  vru=False  backend=tensorrt
14:28:03  INFO       [fixed_small / burst] 140/200  tier=SMALL   latency=7.4 ms  R=0.163  target=0.00  dets=1  vru=False  backend=tensorrt
14:28:03  INFO       [fixed_small / burst] 160/200  tier=SMALL   latency=7.5 ms  R=0.200  target=0.00  dets=1  vru=False  backend=tensorrt
14:28:03  INFO       [fixed_small / burst] 180/200  tier=SMALL   latency=7.8 ms  R=0.154  target=0.00  dets=3  vru=False  backend=tensorrt
14:28:04  INFO       [fixed_small / burst] 200/200  tier=SMALL   latency=9.8 ms  R=0.148  target=0.00  dets=12  vru=False  backend=tensorrt
14:28:04  INFO     [RAMS] Controller stopped.
14:28:04  INFO     
--- Block 8/10  Policy: safety  Load: burst (100%) ---
14:28:04  INFO     [RAMS] Starting resource monitor ...
14:28:04  INFO     [RAMS] Loading model tiers ...
WARNING ⚠️ Unable to automatically guess model task, assuming 'task=detect'. Explicitly define task for your model, i.e. 'task=detect', 'segment', 'classify', 'pose', 'obb' or 'semantic'.
Loading yolov8n.engine for TensorRT inference...
[09/09/2026-14:28:04] [TRT] [I] Loaded engine size: 7 MiB
[09/09/2026-14:28:04] [TRT] [I] [MemUsageChange] TensorRT-managed allocation in IExecutionContext creation: CPU +0, GPU +3, now: CPU 0, GPU 9 (MiB)
14:28:04  INFO     [RAMS] YOLOv8-nano ready — TensorRT yolov8n.engine (imgsz=320).
WARNING ⚠️ Unable to automatically guess model task, assuming 'task=detect'. Explicitly define task for your model, i.e. 'task=detect', 'segment', 'classify', 'pose', 'obb' or 'semantic'.
Loading yolov8s.engine for TensorRT inference...
[09/09/2026-14:28:04] [TRT] [I] The logger passed into createInferRuntime differs from one already provided for an existing builder, runtime, or refitter. Uses of the global logger, returned by nvinfer1::getLogger(), will return the existing value.
[09/09/2026-14:28:04] [TRT] [I] Loaded engine size: 23 MiB
[09/09/2026-14:28:04] [TRT] [I] [MemUsageChange] TensorRT-managed allocation in IExecutionContext creation: CPU +1, GPU +7, now: CPU 1, GPU 38 (MiB)
14:28:04  INFO     [RAMS] YOLOv8-small ready — TensorRT yolov8s.engine (imgsz=416).
WARNING ⚠️ Unable to automatically guess model task, assuming 'task=detect'. Explicitly define task for your model, i.e. 'task=detect', 'segment', 'classify', 'pose', 'obb' or 'semantic'.
Loading yolov8m.engine for TensorRT inference...
[09/09/2026-14:28:04] [TRT] [I] The logger passed into createInferRuntime differs from one already provided for an existing builder, runtime, or refitter. Uses of the global logger, returned by nvinfer1::getLogger(), will return the existing value.
[09/09/2026-14:28:04] [TRT] [I] Loaded engine size: 52 MiB
[09/09/2026-14:28:04] [TRT] [I] [MemUsageChange] TensorRT-managed allocation in IExecutionContext creation: CPU +0, GPU +29, now: CPU 1, GPU 117 (MiB)
14:28:04  INFO     [RAMS] YOLOv8-medium ready — TensorRT yolov8m.engine (imgsz=640).
14:28:04  INFO     [RAMS] Controller ready. Policy: safety
14:28:04  INFO     [RAMS] Tier switch: SMALL → NANO  (R=0.694)
14:28:04  INFO     [RAMS] Tier switch: NANO → SMALL  (R=0.718)
14:28:05  INFO       [safety / burst] 20/200  tier=SMALL   latency=7.5 ms  R=0.742  target=0.85  dets=1  vru=False  backend=tensorrt
14:28:05  INFO     [RAMS] Tier switch: SMALL → MEDIUM  (R=0.128)
14:28:05  INFO     [RAMS] Tier switch: MEDIUM → SMALL  (R=0.146)
14:28:05  INFO       [safety / burst] 40/200  tier=SMALL   latency=8.5 ms  R=0.148  target=0.00  dets=5  vru=False  backend=tensorrt
14:28:06  INFO       [safety / burst] 60/200  tier=SMALL   latency=9.2 ms  R=0.147  target=0.00  dets=8  vru=False  backend=tensorrt
14:28:06  INFO       [safety / burst] 80/200  tier=SMALL   latency=8.3 ms  R=0.148  target=0.00  dets=5  vru=False  backend=tensorrt
14:28:07  INFO       [safety / burst] 100/200  tier=SMALL   latency=9.9 ms  R=0.238  target=0.00  dets=9  vru=False  backend=tensorrt
14:28:07  INFO       [safety / burst] 120/200  tier=SMALL   latency=7.1 ms  R=0.760  target=0.85  dets=0  vru=False  backend=tensorrt
14:28:08  INFO     [RAMS] Tier switch: SMALL → MEDIUM  (R=0.123)
14:28:08  INFO     [RAMS] Tier switch: MEDIUM → SMALL  (R=0.205)
14:28:08  INFO       [safety / burst] 140/200  tier=SMALL   latency=7.8 ms  R=0.296  target=0.00  dets=1  vru=False  backend=tensorrt
14:28:08  INFO       [safety / burst] 160/200  tier=SMALL   latency=8.1 ms  R=0.211  target=0.00  dets=1  vru=False  backend=tensorrt
14:28:09  INFO       [safety / burst] 180/200  tier=SMALL   latency=9.0 ms  R=0.223  target=0.00  dets=3  vru=False  backend=tensorrt
14:28:09  INFO       [safety / burst] 200/200  tier=SMALL   latency=10.2 ms  R=0.201  target=0.00  dets=12  vru=False  backend=tensorrt
14:28:09  INFO     [RAMS] Controller stopped.
14:28:09  INFO     
--- Block 8/10  Policy: threshold  Load: burst (100%) ---
14:28:09  INFO     [RAMS] Starting resource monitor ...
14:28:09  INFO     [RAMS] Loading model tiers ...
WARNING ⚠️ Unable to automatically guess model task, assuming 'task=detect'. Explicitly define task for your model, i.e. 'task=detect', 'segment', 'classify', 'pose', 'obb' or 'semantic'.
Loading yolov8n.engine for TensorRT inference...
[09/09/2026-14:28:09] [TRT] [I] Loaded engine size: 7 MiB
[09/09/2026-14:28:09] [TRT] [I] [MemUsageChange] TensorRT-managed allocation in IExecutionContext creation: CPU +0, GPU +3, now: CPU 0, GPU 9 (MiB)
14:28:09  INFO     [RAMS] YOLOv8-nano ready — TensorRT yolov8n.engine (imgsz=320).
WARNING ⚠️ Unable to automatically guess model task, assuming 'task=detect'. Explicitly define task for your model, i.e. 'task=detect', 'segment', 'classify', 'pose', 'obb' or 'semantic'.
Loading yolov8s.engine for TensorRT inference...
[09/09/2026-14:28:09] [TRT] [I] The logger passed into createInferRuntime differs from one already provided for an existing builder, runtime, or refitter. Uses of the global logger, returned by nvinfer1::getLogger(), will return the existing value.
[09/09/2026-14:28:09] [TRT] [I] Loaded engine size: 23 MiB
[09/09/2026-14:28:10] [TRT] [I] [MemUsageChange] TensorRT-managed allocation in IExecutionContext creation: CPU +1, GPU +7, now: CPU 1, GPU 38 (MiB)
14:28:10  INFO     [RAMS] YOLOv8-small ready — TensorRT yolov8s.engine (imgsz=416).
WARNING ⚠️ Unable to automatically guess model task, assuming 'task=detect'. Explicitly define task for your model, i.e. 'task=detect', 'segment', 'classify', 'pose', 'obb' or 'semantic'.
Loading yolov8m.engine for TensorRT inference...
[09/09/2026-14:28:10] [TRT] [I] The logger passed into createInferRuntime differs from one already provided for an existing builder, runtime, or refitter. Uses of the global logger, returned by nvinfer1::getLogger(), will return the existing value.
[09/09/2026-14:28:10] [TRT] [I] Loaded engine size: 52 MiB
[09/09/2026-14:28:10] [TRT] [I] [MemUsageChange] TensorRT-managed allocation in IExecutionContext creation: CPU +0, GPU +29, now: CPU 1, GPU 117 (MiB)
14:28:10  INFO     [RAMS] YOLOv8-medium ready — TensorRT yolov8m.engine (imgsz=640).
14:28:10  INFO     [RAMS] Controller ready. Policy: threshold
14:28:10  INFO     [RAMS] Tier switch: SMALL → NANO  (R=0.764)
14:28:10  INFO       [threshold / burst] 20/200  tier=NANO    latency=4.8 ms  R=0.739  target=0.85  dets=0  vru=False  backend=tensorrt
14:28:11  INFO     [RAMS] Tier switch: NANO → SMALL  (R=0.147)
14:28:11  INFO       [threshold / burst] 40/200  tier=SMALL   latency=9.0 ms  R=0.225  target=0.00  dets=5  vru=False  backend=tensorrt
14:28:11  INFO       [threshold / burst] 60/200  tier=SMALL   latency=9.6 ms  R=0.259  target=0.00  dets=8  vru=False  backend=tensorrt
14:28:12  INFO       [threshold / burst] 80/200  tier=SMALL   latency=8.7 ms  R=0.238  target=0.00  dets=5  vru=False  backend=tensorrt
14:28:12  INFO       [threshold / burst] 100/200  tier=SMALL   latency=9.6 ms  R=0.225  target=0.00  dets=9  vru=False  backend=tensorrt
14:28:12  INFO     [RAMS] Tier switch: SMALL → NANO  (R=0.718)
14:28:13  INFO       [threshold / burst] 120/200  tier=NANO    latency=7.3 ms  R=0.732  target=0.85  dets=0  vru=False  backend=tensorrt
14:28:13  INFO     [RAMS] Tier switch: NANO → MEDIUM  (R=0.069)
14:28:13  INFO     [RAMS] Tier switch: MEDIUM → SMALL  (R=0.159)
14:28:13  INFO       [threshold / burst] 140/200  tier=SMALL   latency=7.5 ms  R=0.159  target=0.00  dets=1  vru=False  backend=tensorrt
14:28:14  INFO     [RAMS] Tier switch: SMALL → MEDIUM  (R=0.128)
14:28:14  INFO     [RAMS] Tier switch: MEDIUM → SMALL  (R=0.203)
14:28:14  INFO       [threshold / burst] 160/200  tier=SMALL   latency=7.6 ms  R=0.223  target=0.00  dets=1  vru=False  backend=tensorrt
14:28:14  INFO       [threshold / burst] 180/200  tier=SMALL   latency=8.0 ms  R=0.153  target=0.00  dets=3  vru=False  backend=tensorrt
14:28:15  INFO       [threshold / burst] 200/200  tier=SMALL   latency=9.8 ms  R=0.139  target=0.00  dets=12  vru=False  backend=tensorrt
14:28:15  INFO     [RAMS] Controller stopped.
14:28:15  INFO     
--- Block 8/10  Policy: safety2  Load: burst (100%) ---
14:28:15  INFO     [RAMS] Starting resource monitor ...
14:28:15  INFO     [RAMS] Loading model tiers ...
WARNING ⚠️ Unable to automatically guess model task, assuming 'task=detect'. Explicitly define task for your model, i.e. 'task=detect', 'segment', 'classify', 'pose', 'obb' or 'semantic'.
Loading yolov8n.engine for TensorRT inference...
[09/09/2026-14:28:15] [TRT] [I] Loaded engine size: 7 MiB
[09/09/2026-14:28:15] [TRT] [I] [MemUsageChange] TensorRT-managed allocation in IExecutionContext creation: CPU +0, GPU +3, now: CPU 0, GPU 9 (MiB)
14:28:15  INFO     [RAMS] YOLOv8-nano ready — TensorRT yolov8n.engine (imgsz=320).
WARNING ⚠️ Unable to automatically guess model task, assuming 'task=detect'. Explicitly define task for your model, i.e. 'task=detect', 'segment', 'classify', 'pose', 'obb' or 'semantic'.
Loading yolov8s.engine for TensorRT inference...
[09/09/2026-14:28:15] [TRT] [I] The logger passed into createInferRuntime differs from one already provided for an existing builder, runtime, or refitter. Uses of the global logger, returned by nvinfer1::getLogger(), will return the existing value.
[09/09/2026-14:28:15] [TRT] [I] Loaded engine size: 23 MiB
[09/09/2026-14:28:15] [TRT] [I] [MemUsageChange] TensorRT-managed allocation in IExecutionContext creation: CPU +1, GPU +7, now: CPU 1, GPU 38 (MiB)
14:28:15  INFO     [RAMS] YOLOv8-small ready — TensorRT yolov8s.engine (imgsz=416).
WARNING ⚠️ Unable to automatically guess model task, assuming 'task=detect'. Explicitly define task for your model, i.e. 'task=detect', 'segment', 'classify', 'pose', 'obb' or 'semantic'.
Loading yolov8m.engine for TensorRT inference...
[09/09/2026-14:28:15] [TRT] [I] The logger passed into createInferRuntime differs from one already provided for an existing builder, runtime, or refitter. Uses of the global logger, returned by nvinfer1::getLogger(), will return the existing value.
[09/09/2026-14:28:15] [TRT] [I] Loaded engine size: 52 MiB
[09/09/2026-14:28:15] [TRT] [I] [MemUsageChange] TensorRT-managed allocation in IExecutionContext creation: CPU +0, GPU +29, now: CPU 1, GPU 117 (MiB)
14:28:15  INFO     [RAMS] YOLOv8-medium ready — TensorRT yolov8m.engine (imgsz=640).
14:28:15  INFO     [RAMS] Controller ready. Policy: safety2
14:28:15  INFO     [RAMS] Tier switch: SMALL → NANO  (R=0.693)
14:28:16  INFO     [RAMS] Tier switch: NANO → MEDIUM  (R=0.711)
14:28:16  INFO       [safety2 / burst] 20/200  tier=MEDIUM  latency=14.4 ms  R=0.802  target=0.85  dets=4  vru=True  backend=tensorrt
14:28:16  INFO     [RAMS] Tier switch: MEDIUM → SMALL  (R=0.199)
14:28:17  INFO       [safety2 / burst] 40/200  tier=SMALL   latency=8.4 ms  R=0.158  target=0.00  dets=5  vru=False  backend=tensorrt
14:28:17  INFO     [RAMS] Tier switch: SMALL → MEDIUM  (R=0.158)
14:28:17  INFO       [safety2 / burst] 60/200  tier=MEDIUM  latency=15.8 ms  R=0.197  target=0.00  dets=11  vru=True  backend=tensorrt
14:28:18  INFO       [safety2 / burst] 80/200  tier=MEDIUM  latency=14.7 ms  R=0.200  target=0.00  dets=6  vru=False  backend=tensorrt
14:28:18  INFO       [safety2 / burst] 100/200  tier=MEDIUM  latency=15.5 ms  R=0.127  target=0.00  dets=10  vru=False  backend=tensorrt
14:28:19  INFO     [RAMS] Tier switch: MEDIUM → NANO  (R=0.763)
14:28:19  INFO     [RAMS] Tier switch: NANO → MEDIUM  (R=0.766)
14:28:19  INFO       [safety2 / burst] 120/200  tier=MEDIUM  latency=14.1 ms  R=0.800  target=0.85  dets=3  vru=False  backend=tensorrt
14:28:19  INFO     [RAMS] Tier switch: MEDIUM → SMALL  (R=0.159)
14:28:20  INFO     [RAMS] Tier switch: SMALL → MEDIUM  (R=0.157)
14:28:20  INFO       [safety2 / burst] 140/200  tier=MEDIUM  latency=13.5 ms  R=0.157  target=0.00  dets=1  vru=False  backend=tensorrt
14:28:20  INFO     [RAMS] Tier switch: MEDIUM → SMALL  (R=0.132)
14:28:20  INFO       [safety2 / burst] 160/200  tier=SMALL   latency=7.5 ms  R=0.133  target=0.00  dets=1  vru=False  backend=tensorrt
14:28:20  INFO     [RAMS] Tier switch: SMALL → MEDIUM  (R=0.152)
14:28:21  INFO       [safety2 / burst] 180/200  tier=MEDIUM  latency=14.4 ms  R=0.135  target=0.00  dets=5  vru=False  backend=tensorrt
14:28:21  INFO       [safety2 / burst] 200/200  tier=MEDIUM  latency=16.8 ms  R=0.116  target=0.00  dets=16  vru=False  backend=tensorrt
14:28:21  INFO     [RAMS] Controller stopped.
14:28:21  INFO     
--- Block 8/10  Policy: fixed_nano  Load: burst (100%) ---
14:28:21  INFO     [RAMS] Starting resource monitor ...
14:28:21  INFO     [RAMS] Loading model tiers ...
WARNING ⚠️ Unable to automatically guess model task, assuming 'task=detect'. Explicitly define task for your model, i.e. 'task=detect', 'segment', 'classify', 'pose', 'obb' or 'semantic'.
Loading yolov8n.engine for TensorRT inference...
[09/09/2026-14:28:21] [TRT] [I] Loaded engine size: 7 MiB
[09/09/2026-14:28:21] [TRT] [I] [MemUsageChange] TensorRT-managed allocation in IExecutionContext creation: CPU +0, GPU +3, now: CPU 0, GPU 9 (MiB)
14:28:21  INFO     [RAMS] YOLOv8-nano ready — TensorRT yolov8n.engine (imgsz=320).
WARNING ⚠️ Unable to automatically guess model task, assuming 'task=detect'. Explicitly define task for your model, i.e. 'task=detect', 'segment', 'classify', 'pose', 'obb' or 'semantic'.
Loading yolov8s.engine for TensorRT inference...
[09/09/2026-14:28:21] [TRT] [I] The logger passed into createInferRuntime differs from one already provided for an existing builder, runtime, or refitter. Uses of the global logger, returned by nvinfer1::getLogger(), will return the existing value.
[09/09/2026-14:28:21] [TRT] [I] Loaded engine size: 23 MiB
[09/09/2026-14:28:22] [TRT] [I] [MemUsageChange] TensorRT-managed allocation in IExecutionContext creation: CPU +1, GPU +7, now: CPU 1, GPU 38 (MiB)
14:28:22  INFO     [RAMS] YOLOv8-small ready — TensorRT yolov8s.engine (imgsz=416).
WARNING ⚠️ Unable to automatically guess model task, assuming 'task=detect'. Explicitly define task for your model, i.e. 'task=detect', 'segment', 'classify', 'pose', 'obb' or 'semantic'.
Loading yolov8m.engine for TensorRT inference...
[09/09/2026-14:28:22] [TRT] [I] The logger passed into createInferRuntime differs from one already provided for an existing builder, runtime, or refitter. Uses of the global logger, returned by nvinfer1::getLogger(), will return the existing value.
[09/09/2026-14:28:22] [TRT] [I] Loaded engine size: 52 MiB
[09/09/2026-14:28:22] [TRT] [I] [MemUsageChange] TensorRT-managed allocation in IExecutionContext creation: CPU +0, GPU +29, now: CPU 1, GPU 117 (MiB)
14:28:22  INFO     [RAMS] YOLOv8-medium ready — TensorRT yolov8m.engine (imgsz=640).
14:28:22  INFO     [RAMS] Controller ready. Policy: fixed
14:28:22  INFO     [RAMS] Tier switch: SMALL → NANO  (R=0.687)
14:28:22  INFO       [fixed_nano / burst] 20/200  tier=NANO    latency=4.6 ms  R=0.734  target=0.85  dets=0  vru=False  backend=tensorrt
14:28:23  INFO       [fixed_nano / burst] 40/200  tier=NANO    latency=6.5 ms  R=0.149  target=0.00  dets=3  vru=False  backend=tensorrt
14:28:23  INFO       [fixed_nano / burst] 60/200  tier=NANO    latency=6.4 ms  R=0.157  target=0.00  dets=2  vru=False  backend=tensorrt
14:28:24  INFO       [fixed_nano / burst] 80/200  tier=NANO    latency=6.9 ms  R=0.139  target=0.00  dets=5  vru=False  backend=tensorrt
14:28:24  INFO       [fixed_nano / burst] 100/200  tier=NANO    latency=7.4 ms  R=0.267  target=0.00  dets=6  vru=False  backend=tensorrt
14:28:25  INFO       [fixed_nano / burst] 120/200  tier=NANO    latency=4.5 ms  R=0.732  target=0.85  dets=0  vru=False  backend=tensorrt
14:28:25  INFO       [fixed_nano / burst] 140/200  tier=NANO    latency=6.1 ms  R=0.163  target=0.00  dets=1  vru=False  backend=tensorrt
14:28:25  INFO       [fixed_nano / burst] 160/200  tier=NANO    latency=6.1 ms  R=0.144  target=0.00  dets=1  vru=False  backend=tensorrt
14:28:26  INFO       [fixed_nano / burst] 180/200  tier=NANO    latency=6.7 ms  R=0.142  target=0.00  dets=2  vru=False  backend=tensorrt
14:28:26  INFO       [fixed_nano / burst] 200/200  tier=NANO    latency=9.4 ms  R=0.139  target=0.00  dets=11  vru=False  backend=tensorrt
14:28:26  INFO     [RAMS] Controller stopped.
14:28:26  INFO     
--- Block 8/10  Policy: fixed_medium  Load: burst (100%) ---
14:28:26  INFO     [RAMS] Starting resource monitor ...
14:28:26  INFO     [RAMS] Loading model tiers ...
WARNING ⚠️ Unable to automatically guess model task, assuming 'task=detect'. Explicitly define task for your model, i.e. 'task=detect', 'segment', 'classify', 'pose', 'obb' or 'semantic'.
Loading yolov8n.engine for TensorRT inference...
[09/09/2026-14:28:26] [TRT] [I] Loaded engine size: 7 MiB
[09/09/2026-14:28:26] [TRT] [I] [MemUsageChange] TensorRT-managed allocation in IExecutionContext creation: CPU +0, GPU +3, now: CPU 0, GPU 9 (MiB)
14:28:26  INFO     [RAMS] YOLOv8-nano ready — TensorRT yolov8n.engine (imgsz=320).
WARNING ⚠️ Unable to automatically guess model task, assuming 'task=detect'. Explicitly define task for your model, i.e. 'task=detect', 'segment', 'classify', 'pose', 'obb' or 'semantic'.
Loading yolov8s.engine for TensorRT inference...
[09/09/2026-14:28:26] [TRT] [I] The logger passed into createInferRuntime differs from one already provided for an existing builder, runtime, or refitter. Uses of the global logger, returned by nvinfer1::getLogger(), will return the existing value.
[09/09/2026-14:28:26] [TRT] [I] Loaded engine size: 23 MiB
[09/09/2026-14:28:26] [TRT] [I] [MemUsageChange] TensorRT-managed allocation in IExecutionContext creation: CPU +1, GPU +7, now: CPU 1, GPU 38 (MiB)
14:28:27  INFO     [RAMS] YOLOv8-small ready — TensorRT yolov8s.engine (imgsz=416).
WARNING ⚠️ Unable to automatically guess model task, assuming 'task=detect'. Explicitly define task for your model, i.e. 'task=detect', 'segment', 'classify', 'pose', 'obb' or 'semantic'.
Loading yolov8m.engine for TensorRT inference...
[09/09/2026-14:28:27] [TRT] [I] The logger passed into createInferRuntime differs from one already provided for an existing builder, runtime, or refitter. Uses of the global logger, returned by nvinfer1::getLogger(), will return the existing value.
[09/09/2026-14:28:27] [TRT] [I] Loaded engine size: 52 MiB
[09/09/2026-14:28:27] [TRT] [I] [MemUsageChange] TensorRT-managed allocation in IExecutionContext creation: CPU +0, GPU +29, now: CPU 1, GPU 117 (MiB)
14:28:27  INFO     [RAMS] YOLOv8-medium ready — TensorRT yolov8m.engine (imgsz=640).
14:28:27  INFO     [RAMS] Controller ready. Policy: fixed
14:28:27  INFO     [RAMS] Tier switch: SMALL → MEDIUM  (R=0.693)
14:28:27  INFO       [fixed_medium / burst] 20/200  tier=MEDIUM  latency=15.7 ms  R=0.710  target=0.85  dets=4  vru=True  backend=tensorrt
14:28:28  INFO       [fixed_medium / burst] 40/200  tier=MEDIUM  latency=15.8 ms  R=0.226  target=0.00  dets=8  vru=False  backend=tensorrt
14:28:29  INFO       [fixed_medium / burst] 60/200  tier=MEDIUM  latency=16.0 ms  R=0.270  target=0.00  dets=11  vru=True  backend=tensorrt
14:28:29  INFO       [fixed_medium / burst] 80/200  tier=MEDIUM  latency=16.3 ms  R=0.225  target=0.00  dets=6  vru=False  backend=tensorrt
14:28:30  INFO       [fixed_medium / burst] 100/200  tier=MEDIUM  latency=16.3 ms  R=0.205  target=0.00  dets=10  vru=False  backend=tensorrt
14:28:31  INFO       [fixed_medium / burst] 120/200  tier=MEDIUM  latency=31.0 ms  R=0.771  target=0.85  dets=3  vru=False  backend=tensorrt
14:28:31  INFO       [fixed_medium / burst] 140/200  tier=MEDIUM  latency=13.8 ms  R=0.247  target=0.00  dets=1  vru=False  backend=tensorrt
14:28:32  INFO       [fixed_medium / burst] 160/200  tier=MEDIUM  latency=14.5 ms  R=0.275  target=0.00  dets=4  vru=False  backend=tensorrt
14:28:33  INFO       [fixed_medium / burst] 180/200  tier=MEDIUM  latency=14.7 ms  R=0.295  target=0.00  dets=5  vru=False  backend=tensorrt
14:28:33  INFO       [fixed_medium / burst] 200/200  tier=MEDIUM  latency=17.0 ms  R=0.252  target=0.00  dets=16  vru=False  backend=tensorrt
14:28:33  INFO     [RAMS] Controller stopped.
14:28:33  INFO     
--- Block 8/10  Policy: predictive  Load: burst (100%) ---
14:28:33  INFO     [RAMS] Starting resource monitor ...
14:28:33  INFO     [RAMS] Loading model tiers ...
WARNING ⚠️ Unable to automatically guess model task, assuming 'task=detect'. Explicitly define task for your model, i.e. 'task=detect', 'segment', 'classify', 'pose', 'obb' or 'semantic'.
Loading yolov8n.engine for TensorRT inference...
[09/09/2026-14:28:33] [TRT] [I] Loaded engine size: 7 MiB
[09/09/2026-14:28:33] [TRT] [I] [MemUsageChange] TensorRT-managed allocation in IExecutionContext creation: CPU +0, GPU +3, now: CPU 0, GPU 9 (MiB)
14:28:33  INFO     [RAMS] YOLOv8-nano ready — TensorRT yolov8n.engine (imgsz=320).
WARNING ⚠️ Unable to automatically guess model task, assuming 'task=detect'. Explicitly define task for your model, i.e. 'task=detect', 'segment', 'classify', 'pose', 'obb' or 'semantic'.
Loading yolov8s.engine for TensorRT inference...
[09/09/2026-14:28:33] [TRT] [I] The logger passed into createInferRuntime differs from one already provided for an existing builder, runtime, or refitter. Uses of the global logger, returned by nvinfer1::getLogger(), will return the existing value.
[09/09/2026-14:28:33] [TRT] [I] Loaded engine size: 23 MiB
[09/09/2026-14:28:33] [TRT] [I] [MemUsageChange] TensorRT-managed allocation in IExecutionContext creation: CPU +1, GPU +7, now: CPU 1, GPU 38 (MiB)
14:28:33  INFO     [RAMS] YOLOv8-small ready — TensorRT yolov8s.engine (imgsz=416).
WARNING ⚠️ Unable to automatically guess model task, assuming 'task=detect'. Explicitly define task for your model, i.e. 'task=detect', 'segment', 'classify', 'pose', 'obb' or 'semantic'.
Loading yolov8m.engine for TensorRT inference...
[09/09/2026-14:28:33] [TRT] [I] The logger passed into createInferRuntime differs from one already provided for an existing builder, runtime, or refitter. Uses of the global logger, returned by nvinfer1::getLogger(), will return the existing value.
[09/09/2026-14:28:33] [TRT] [I] Loaded engine size: 52 MiB
[09/09/2026-14:28:33] [TRT] [I] [MemUsageChange] TensorRT-managed allocation in IExecutionContext creation: CPU +0, GPU +29, now: CPU 1, GPU 117 (MiB)
14:28:34  INFO     [RAMS] YOLOv8-medium ready — TensorRT yolov8m.engine (imgsz=640).
14:28:34  INFO     [RAMS] Controller ready. Policy: predictive
14:28:34  INFO     [RAMS] Tier switch: SMALL → NANO  (R=0.731)
14:28:34  INFO       [predictive / burst] 20/200  tier=NANO    latency=4.6 ms  R=0.732  target=0.85  dets=0  vru=False  backend=tensorrt
14:28:34  INFO     [RAMS] Tier switch: NANO → SMALL  (R=0.075)
14:28:34  INFO     [RAMS] Tier switch: SMALL → MEDIUM  (R=0.098)
14:28:35  INFO     [RAMS] Tier switch: MEDIUM → SMALL  (R=0.156)
14:28:35  INFO       [predictive / burst] 40/200  tier=SMALL   latency=8.5 ms  R=0.159  target=0.00  dets=5  vru=False  backend=tensorrt
14:28:35  INFO       [predictive / burst] 60/200  tier=SMALL   latency=8.9 ms  R=0.160  target=0.00  dets=8  vru=False  backend=tensorrt
14:28:36  INFO       [predictive / burst] 80/200  tier=SMALL   latency=8.5 ms  R=0.154  target=0.00  dets=5  vru=False  backend=tensorrt
14:28:36  INFO       [predictive / burst] 100/200  tier=SMALL   latency=9.3 ms  R=0.169  target=0.00  dets=9  vru=False  backend=tensorrt
14:28:36  INFO     [RAMS] Tier switch: SMALL → NANO  (R=0.725)
14:28:37  INFO       [predictive / burst] 120/200  tier=NANO    latency=4.6 ms  R=0.732  target=0.85  dets=0  vru=False  backend=tensorrt
14:28:37  INFO     [RAMS] Tier switch: NANO → SMALL  (R=0.075)
14:28:37  INFO       [predictive / burst] 140/200  tier=SMALL   latency=7.4 ms  R=0.154  target=0.00  dets=1  vru=False  backend=tensorrt
14:28:38  INFO       [predictive / burst] 160/200  tier=SMALL   latency=7.4 ms  R=0.146  target=0.00  dets=1  vru=False  backend=tensorrt
14:28:38  INFO       [predictive / burst] 180/200  tier=SMALL   latency=8.0 ms  R=0.175  target=0.00  dets=3  vru=False  backend=tensorrt
14:28:38  INFO       [predictive / burst] 200/200  tier=SMALL   latency=9.9 ms  R=0.154  target=0.00  dets=12  vru=False  backend=tensorrt
14:28:39  INFO     [RAMS] Controller stopped.
14:28:39  INFO     
--- Block 8/10  Policy: adaptive  Load: burst (100%) ---
14:28:39  INFO     [RAMS] Starting resource monitor ...
14:28:39  INFO     [RAMS] Loading model tiers ...
WARNING ⚠️ Unable to automatically guess model task, assuming 'task=detect'. Explicitly define task for your model, i.e. 'task=detect', 'segment', 'classify', 'pose', 'obb' or 'semantic'.
Loading yolov8n.engine for TensorRT inference...
[09/09/2026-14:28:39] [TRT] [I] Loaded engine size: 7 MiB
[09/09/2026-14:28:39] [TRT] [I] [MemUsageChange] TensorRT-managed allocation in IExecutionContext creation: CPU +0, GPU +3, now: CPU 0, GPU 9 (MiB)
14:28:39  INFO     [RAMS] YOLOv8-nano ready — TensorRT yolov8n.engine (imgsz=320).
WARNING ⚠️ Unable to automatically guess model task, assuming 'task=detect'. Explicitly define task for your model, i.e. 'task=detect', 'segment', 'classify', 'pose', 'obb' or 'semantic'.
Loading yolov8s.engine for TensorRT inference...
[09/09/2026-14:28:39] [TRT] [I] The logger passed into createInferRuntime differs from one already provided for an existing builder, runtime, or refitter. Uses of the global logger, returned by nvinfer1::getLogger(), will return the existing value.
[09/09/2026-14:28:39] [TRT] [I] Loaded engine size: 23 MiB
[09/09/2026-14:28:39] [TRT] [I] [MemUsageChange] TensorRT-managed allocation in IExecutionContext creation: CPU +1, GPU +7, now: CPU 1, GPU 38 (MiB)
14:28:39  INFO     [RAMS] YOLOv8-small ready — TensorRT yolov8s.engine (imgsz=416).
WARNING ⚠️ Unable to automatically guess model task, assuming 'task=detect'. Explicitly define task for your model, i.e. 'task=detect', 'segment', 'classify', 'pose', 'obb' or 'semantic'.
Loading yolov8m.engine for TensorRT inference...
[09/09/2026-14:28:39] [TRT] [I] The logger passed into createInferRuntime differs from one already provided for an existing builder, runtime, or refitter. Uses of the global logger, returned by nvinfer1::getLogger(), will return the existing value.
[09/09/2026-14:28:39] [TRT] [I] Loaded engine size: 52 MiB
[09/09/2026-14:28:39] [TRT] [I] [MemUsageChange] TensorRT-managed allocation in IExecutionContext creation: CPU +0, GPU +29, now: CPU 1, GPU 117 (MiB)
14:28:39  INFO     [RAMS] YOLOv8-medium ready — TensorRT yolov8m.engine (imgsz=640).
14:28:39  INFO     [RAMS] Controller ready. Policy: adaptive
14:28:39  INFO     [RAMS] Tier switch: SMALL → NANO  (R=0.705)
14:28:39  INFO       [adaptive / burst] 20/200  tier=NANO    latency=4.6 ms  R=0.720  target=0.85  dets=0  vru=False  backend=tensorrt
14:28:40  INFO     [RAMS] Tier switch: NANO → SMALL  (R=0.123)
14:28:40  INFO     [RAMS] Tier switch: SMALL → MEDIUM  (R=0.069)
14:28:40  INFO     [RAMS] Tier switch: MEDIUM → SMALL  (R=0.138)
14:28:40  INFO       [adaptive / burst] 40/200  tier=SMALL   latency=8.5 ms  R=0.142  target=0.00  dets=5  vru=False  backend=tensorrt
14:28:41  INFO       [adaptive / burst] 60/200  tier=SMALL   latency=9.1 ms  R=0.148  target=0.00  dets=8  vru=False  backend=tensorrt
14:28:41  INFO       [adaptive / burst] 80/200  tier=SMALL   latency=8.5 ms  R=0.236  target=0.00  dets=5  vru=False  backend=tensorrt
14:28:41  INFO       [adaptive / burst] 100/200  tier=SMALL   latency=9.2 ms  R=0.148  target=0.00  dets=9  vru=False  backend=tensorrt
14:28:42  INFO     [RAMS] Tier switch: SMALL → NANO  (R=0.659)
14:28:42  INFO       [adaptive / burst] 120/200  tier=NANO    latency=6.2 ms  R=0.744  target=0.85  dets=0  vru=False  backend=tensorrt
14:28:42  INFO     [RAMS] Tier switch: NANO → SMALL  (R=0.063)
14:28:42  INFO     [RAMS] Tier switch: SMALL → MEDIUM  (R=0.063)
14:28:42  INFO     [RAMS] Tier switch: MEDIUM → SMALL  (R=0.165)
14:28:43  INFO       [adaptive / burst] 140/200  tier=SMALL   latency=7.5 ms  R=0.162  target=0.00  dets=1  vru=False  backend=tensorrt
14:28:43  INFO       [adaptive / burst] 160/200  tier=SMALL   latency=7.4 ms  R=0.171  target=0.00  dets=1  vru=False  backend=tensorrt
14:28:43  INFO       [adaptive / burst] 180/200  tier=SMALL   latency=7.9 ms  R=0.134  target=0.00  dets=3  vru=False  backend=tensorrt
14:28:44  INFO       [adaptive / burst] 200/200  tier=SMALL   latency=10.0 ms  R=0.146  target=0.00  dets=12  vru=False  backend=tensorrt
14:28:44  INFO     [RAMS] Controller stopped.
14:28:44  INFO     
--- Block 9/10  Policy: fixed_medium  Load: burst (100%) ---
14:28:44  INFO     [RAMS] Starting resource monitor ...
14:28:44  INFO     [RAMS] Loading model tiers ...
WARNING ⚠️ Unable to automatically guess model task, assuming 'task=detect'. Explicitly define task for your model, i.e. 'task=detect', 'segment', 'classify', 'pose', 'obb' or 'semantic'.
Loading yolov8n.engine for TensorRT inference...
[09/09/2026-14:28:44] [TRT] [I] Loaded engine size: 7 MiB
[09/09/2026-14:28:44] [TRT] [I] [MemUsageChange] TensorRT-managed allocation in IExecutionContext creation: CPU +0, GPU +3, now: CPU 0, GPU 9 (MiB)
14:28:44  INFO     [RAMS] YOLOv8-nano ready — TensorRT yolov8n.engine (imgsz=320).
WARNING ⚠️ Unable to automatically guess model task, assuming 'task=detect'. Explicitly define task for your model, i.e. 'task=detect', 'segment', 'classify', 'pose', 'obb' or 'semantic'.
Loading yolov8s.engine for TensorRT inference...
[09/09/2026-14:28:44] [TRT] [I] The logger passed into createInferRuntime differs from one already provided for an existing builder, runtime, or refitter. Uses of the global logger, returned by nvinfer1::getLogger(), will return the existing value.
[09/09/2026-14:28:44] [TRT] [I] Loaded engine size: 23 MiB
[09/09/2026-14:28:44] [TRT] [I] [MemUsageChange] TensorRT-managed allocation in IExecutionContext creation: CPU +1, GPU +7, now: CPU 1, GPU 38 (MiB)
14:28:44  INFO     [RAMS] YOLOv8-small ready — TensorRT yolov8s.engine (imgsz=416).
WARNING ⚠️ Unable to automatically guess model task, assuming 'task=detect'. Explicitly define task for your model, i.e. 'task=detect', 'segment', 'classify', 'pose', 'obb' or 'semantic'.
Loading yolov8m.engine for TensorRT inference...
[09/09/2026-14:28:44] [TRT] [I] The logger passed into createInferRuntime differs from one already provided for an existing builder, runtime, or refitter. Uses of the global logger, returned by nvinfer1::getLogger(), will return the existing value.
[09/09/2026-14:28:44] [TRT] [I] Loaded engine size: 52 MiB
[09/09/2026-14:28:44] [TRT] [I] [MemUsageChange] TensorRT-managed allocation in IExecutionContext creation: CPU +0, GPU +29, now: CPU 1, GPU 117 (MiB)
14:28:44  INFO     [RAMS] YOLOv8-medium ready — TensorRT yolov8m.engine (imgsz=640).
14:28:44  INFO     [RAMS] Controller ready. Policy: fixed
14:28:44  INFO     [RAMS] Tier switch: SMALL → MEDIUM  (R=0.694)
14:28:45  INFO       [fixed_medium / burst] 20/200  tier=MEDIUM  latency=17.7 ms  R=0.743  target=0.85  dets=4  vru=False  backend=tensorrt
14:28:46  INFO       [fixed_medium / burst] 40/200  tier=MEDIUM  latency=16.1 ms  R=0.129  target=0.00  dets=13  vru=False  backend=tensorrt
14:28:46  INFO       [fixed_medium / burst] 60/200  tier=MEDIUM  latency=14.6 ms  R=0.123  target=0.00  dets=6  vru=False  backend=tensorrt
14:28:47  INFO       [fixed_medium / burst] 80/200  tier=MEDIUM  latency=15.2 ms  R=0.193  target=0.00  dets=3  vru=False  backend=tensorrt
14:28:47  INFO       [fixed_medium / burst] 100/200  tier=MEDIUM  latency=16.8 ms  R=0.133  target=0.00  dets=16  vru=False  backend=tensorrt
14:28:48  INFO       [fixed_medium / burst] 120/200  tier=MEDIUM  latency=19.1 ms  R=0.741  target=0.85  dets=21  vru=False  backend=tensorrt
14:28:49  INFO       [fixed_medium / burst] 140/200  tier=MEDIUM  latency=16.2 ms  R=0.293  target=0.00  dets=13  vru=False  backend=tensorrt
14:28:50  INFO       [fixed_medium / burst] 160/200  tier=MEDIUM  latency=15.6 ms  R=0.291  target=0.00  dets=8  vru=False  backend=tensorrt
14:28:50  INFO       [fixed_medium / burst] 180/200  tier=MEDIUM  latency=15.4 ms  R=0.223  target=0.00  dets=8  vru=False  backend=tensorrt
14:28:51  INFO       [fixed_medium / burst] 200/200  tier=MEDIUM  latency=14.1 ms  R=0.245  target=0.00  dets=2  vru=False  backend=tensorrt
14:28:51  INFO     [RAMS] Controller stopped.
14:28:51  INFO     
--- Block 9/10  Policy: adaptive  Load: burst (100%) ---
14:28:51  INFO     [RAMS] Starting resource monitor ...
14:28:51  INFO     [RAMS] Loading model tiers ...
WARNING ⚠️ Unable to automatically guess model task, assuming 'task=detect'. Explicitly define task for your model, i.e. 'task=detect', 'segment', 'classify', 'pose', 'obb' or 'semantic'.
Loading yolov8n.engine for TensorRT inference...
[09/09/2026-14:28:51] [TRT] [I] Loaded engine size: 7 MiB
[09/09/2026-14:28:51] [TRT] [I] [MemUsageChange] TensorRT-managed allocation in IExecutionContext creation: CPU +0, GPU +3, now: CPU 0, GPU 9 (MiB)
14:28:51  INFO     [RAMS] YOLOv8-nano ready — TensorRT yolov8n.engine (imgsz=320).
WARNING ⚠️ Unable to automatically guess model task, assuming 'task=detect'. Explicitly define task for your model, i.e. 'task=detect', 'segment', 'classify', 'pose', 'obb' or 'semantic'.
Loading yolov8s.engine for TensorRT inference...
[09/09/2026-14:28:51] [TRT] [I] The logger passed into createInferRuntime differs from one already provided for an existing builder, runtime, or refitter. Uses of the global logger, returned by nvinfer1::getLogger(), will return the existing value.
[09/09/2026-14:28:51] [TRT] [I] Loaded engine size: 23 MiB
[09/09/2026-14:28:51] [TRT] [I] [MemUsageChange] TensorRT-managed allocation in IExecutionContext creation: CPU +1, GPU +7, now: CPU 1, GPU 38 (MiB)
14:28:51  INFO     [RAMS] YOLOv8-small ready — TensorRT yolov8s.engine (imgsz=416).
WARNING ⚠️ Unable to automatically guess model task, assuming 'task=detect'. Explicitly define task for your model, i.e. 'task=detect', 'segment', 'classify', 'pose', 'obb' or 'semantic'.
Loading yolov8m.engine for TensorRT inference...
[09/09/2026-14:28:51] [TRT] [I] The logger passed into createInferRuntime differs from one already provided for an existing builder, runtime, or refitter. Uses of the global logger, returned by nvinfer1::getLogger(), will return the existing value.
[09/09/2026-14:28:51] [TRT] [I] Loaded engine size: 52 MiB
[09/09/2026-14:28:51] [TRT] [I] [MemUsageChange] TensorRT-managed allocation in IExecutionContext creation: CPU +0, GPU +29, now: CPU 1, GPU 117 (MiB)
14:28:51  INFO     [RAMS] YOLOv8-medium ready — TensorRT yolov8m.engine (imgsz=640).
14:28:51  INFO     [RAMS] Controller ready. Policy: adaptive
14:28:51  INFO     [RAMS] Tier switch: SMALL → NANO  (R=0.758)
14:28:52  INFO       [adaptive / burst] 20/200  tier=NANO    latency=6.9 ms  R=0.751  target=0.85  dets=3  vru=False  backend=tensorrt
14:28:52  INFO     [RAMS] Tier switch: NANO → SMALL  (R=0.151)
14:28:52  INFO       [adaptive / burst] 40/200  tier=SMALL   latency=9.0 ms  R=0.218  target=0.00  dets=7  vru=False  backend=tensorrt
14:28:53  INFO       [adaptive / burst] 60/200  tier=SMALL   latency=8.3 ms  R=0.238  target=0.00  dets=2  vru=False  backend=tensorrt
14:28:53  INFO       [adaptive / burst] 80/200  tier=SMALL   latency=7.9 ms  R=0.227  target=0.00  dets=2  vru=False  backend=tensorrt
14:28:54  INFO       [adaptive / burst] 100/200  tier=SMALL   latency=9.3 ms  R=0.221  target=0.00  dets=8  vru=False  backend=tensorrt
14:28:54  INFO     [RAMS] Tier switch: SMALL → NANO  (R=0.724)
14:28:54  INFO       [adaptive / burst] 120/200  tier=NANO    latency=10.4 ms  R=0.739  target=0.85  dets=14  vru=False  backend=tensorrt
14:28:54  INFO     [RAMS] Tier switch: NANO → SMALL  (R=0.135)
14:28:55  INFO       [adaptive / burst] 140/200  tier=SMALL   latency=8.6 ms  R=0.223  target=0.00  dets=6  vru=False  backend=tensorrt
14:28:55  INFO       [adaptive / burst] 160/200  tier=SMALL   latency=8.5 ms  R=0.207  target=0.00  dets=6  vru=False  backend=tensorrt
14:28:56  INFO       [adaptive / burst] 180/200  tier=SMALL   latency=8.4 ms  R=0.148  target=0.00  dets=5  vru=False  backend=tensorrt
14:28:56  INFO       [adaptive / burst] 200/200  tier=SMALL   latency=7.8 ms  R=0.172  target=0.00  dets=2  vru=False  backend=tensorrt
14:28:56  INFO     [RAMS] Controller stopped.
14:28:56  INFO     
--- Block 9/10  Policy: threshold  Load: burst (100%) ---
14:28:56  INFO     [RAMS] Starting resource monitor ...
14:28:56  INFO     [RAMS] Loading model tiers ...
WARNING ⚠️ Unable to automatically guess model task, assuming 'task=detect'. Explicitly define task for your model, i.e. 'task=detect', 'segment', 'classify', 'pose', 'obb' or 'semantic'.
Loading yolov8n.engine for TensorRT inference...
[09/09/2026-14:28:56] [TRT] [I] Loaded engine size: 7 MiB
[09/09/2026-14:28:56] [TRT] [I] [MemUsageChange] TensorRT-managed allocation in IExecutionContext creation: CPU +0, GPU +3, now: CPU 0, GPU 9 (MiB)
14:28:56  INFO     [RAMS] YOLOv8-nano ready — TensorRT yolov8n.engine (imgsz=320).
WARNING ⚠️ Unable to automatically guess model task, assuming 'task=detect'. Explicitly define task for your model, i.e. 'task=detect', 'segment', 'classify', 'pose', 'obb' or 'semantic'.
Loading yolov8s.engine for TensorRT inference...
[09/09/2026-14:28:56] [TRT] [I] The logger passed into createInferRuntime differs from one already provided for an existing builder, runtime, or refitter. Uses of the global logger, returned by nvinfer1::getLogger(), will return the existing value.
[09/09/2026-14:28:56] [TRT] [I] Loaded engine size: 23 MiB
[09/09/2026-14:28:56] [TRT] [I] [MemUsageChange] TensorRT-managed allocation in IExecutionContext creation: CPU +1, GPU +7, now: CPU 1, GPU 38 (MiB)
14:28:56  INFO     [RAMS] YOLOv8-small ready — TensorRT yolov8s.engine (imgsz=416).
WARNING ⚠️ Unable to automatically guess model task, assuming 'task=detect'. Explicitly define task for your model, i.e. 'task=detect', 'segment', 'classify', 'pose', 'obb' or 'semantic'.
Loading yolov8m.engine for TensorRT inference...
[09/09/2026-14:28:56] [TRT] [I] The logger passed into createInferRuntime differs from one already provided for an existing builder, runtime, or refitter. Uses of the global logger, returned by nvinfer1::getLogger(), will return the existing value.
[09/09/2026-14:28:56] [TRT] [I] Loaded engine size: 52 MiB
[09/09/2026-14:28:56] [TRT] [I] [MemUsageChange] TensorRT-managed allocation in IExecutionContext creation: CPU +0, GPU +29, now: CPU 1, GPU 117 (MiB)
14:28:56  INFO     [RAMS] YOLOv8-medium ready — TensorRT yolov8m.engine (imgsz=640).
14:28:56  INFO     [RAMS] Controller ready. Policy: threshold
14:28:57  INFO     [RAMS] Tier switch: SMALL → NANO  (R=0.699)
14:28:57  INFO       [threshold / burst] 20/200  tier=NANO    latency=6.8 ms  R=0.720  target=0.85  dets=3  vru=False  backend=tensorrt
14:28:57  INFO     [RAMS] Tier switch: NANO → MEDIUM  (R=0.069)
14:28:58  INFO     [RAMS] Tier switch: MEDIUM → SMALL  (R=0.132)
14:28:58  INFO     [RAMS] Tier switch: SMALL → MEDIUM  (R=0.123)
14:28:58  INFO     [RAMS] Tier switch: MEDIUM → SMALL  (R=0.146)
14:28:58  INFO       [threshold / burst] 40/200  tier=SMALL   latency=8.9 ms  R=0.186  target=0.00  dets=7  vru=False  backend=tensorrt
14:28:58  INFO       [threshold / burst] 60/200  tier=SMALL   latency=8.0 ms  R=0.148  target=0.00  dets=2  vru=False  backend=tensorrt
14:28:59  INFO       [threshold / burst] 80/200  tier=SMALL   latency=7.8 ms  R=0.140  target=0.00  dets=2  vru=False  backend=tensorrt
14:28:59  INFO       [threshold / burst] 100/200  tier=SMALL   latency=9.0 ms  R=0.147  target=0.00  dets=8  vru=False  backend=tensorrt
14:28:59  INFO     [RAMS] Tier switch: SMALL → NANO  (R=0.676)
14:29:00  INFO       [threshold / burst] 120/200  tier=NANO    latency=9.2 ms  R=0.732  target=0.85  dets=14  vru=False  backend=tensorrt
14:29:00  INFO     [RAMS] Tier switch: NANO → SMALL  (R=0.189)
14:29:00  INFO       [threshold / burst] 140/200  tier=SMALL   latency=8.5 ms  R=0.149  target=0.00  dets=6  vru=False  backend=tensorrt
14:29:01  INFO       [threshold / burst] 160/200  tier=SMALL   latency=8.5 ms  R=0.132  target=0.00  dets=6  vru=False  backend=tensorrt
14:29:01  INFO       [threshold / burst] 180/200  tier=SMALL   latency=9.2 ms  R=0.179  target=0.00  dets=5  vru=False  backend=tensorrt
14:29:02  INFO       [threshold / burst] 200/200  tier=SMALL   latency=7.6 ms  R=0.148  target=0.00  dets=2  vru=False  backend=tensorrt
14:29:02  INFO     [RAMS] Controller stopped.
14:29:02  INFO     
--- Block 9/10  Policy: fixed_nano  Load: burst (100%) ---
14:29:02  INFO     [RAMS] Starting resource monitor ...
14:29:02  INFO     [RAMS] Loading model tiers ...
WARNING ⚠️ Unable to automatically guess model task, assuming 'task=detect'. Explicitly define task for your model, i.e. 'task=detect', 'segment', 'classify', 'pose', 'obb' or 'semantic'.
Loading yolov8n.engine for TensorRT inference...
[09/09/2026-14:29:02] [TRT] [I] Loaded engine size: 7 MiB
[09/09/2026-14:29:02] [TRT] [I] [MemUsageChange] TensorRT-managed allocation in IExecutionContext creation: CPU +0, GPU +3, now: CPU 0, GPU 9 (MiB)
14:29:02  INFO     [RAMS] YOLOv8-nano ready — TensorRT yolov8n.engine (imgsz=320).
WARNING ⚠️ Unable to automatically guess model task, assuming 'task=detect'. Explicitly define task for your model, i.e. 'task=detect', 'segment', 'classify', 'pose', 'obb' or 'semantic'.
Loading yolov8s.engine for TensorRT inference...
[09/09/2026-14:29:02] [TRT] [I] The logger passed into createInferRuntime differs from one already provided for an existing builder, runtime, or refitter. Uses of the global logger, returned by nvinfer1::getLogger(), will return the existing value.
[09/09/2026-14:29:02] [TRT] [I] Loaded engine size: 23 MiB
[09/09/2026-14:29:02] [TRT] [I] [MemUsageChange] TensorRT-managed allocation in IExecutionContext creation: CPU +1, GPU +7, now: CPU 1, GPU 38 (MiB)
14:29:02  INFO     [RAMS] YOLOv8-small ready — TensorRT yolov8s.engine (imgsz=416).
WARNING ⚠️ Unable to automatically guess model task, assuming 'task=detect'. Explicitly define task for your model, i.e. 'task=detect', 'segment', 'classify', 'pose', 'obb' or 'semantic'.
Loading yolov8m.engine for TensorRT inference...
[09/09/2026-14:29:02] [TRT] [I] The logger passed into createInferRuntime differs from one already provided for an existing builder, runtime, or refitter. Uses of the global logger, returned by nvinfer1::getLogger(), will return the existing value.
[09/09/2026-14:29:02] [TRT] [I] Loaded engine size: 52 MiB
[09/09/2026-14:29:02] [TRT] [I] [MemUsageChange] TensorRT-managed allocation in IExecutionContext creation: CPU +0, GPU +29, now: CPU 1, GPU 117 (MiB)
14:29:02  INFO     [RAMS] YOLOv8-medium ready — TensorRT yolov8m.engine (imgsz=640).
14:29:02  INFO     [RAMS] Controller ready. Policy: fixed
14:29:02  INFO     [RAMS] Tier switch: SMALL → NANO  (R=0.699)
14:29:02  INFO       [fixed_nano / burst] 20/200  tier=NANO    latency=6.6 ms  R=0.732  target=0.85  dets=3  vru=False  backend=tensorrt
14:29:03  INFO       [fixed_nano / burst] 40/200  tier=NANO    latency=6.9 ms  R=0.175  target=0.00  dets=4  vru=False  backend=tensorrt
14:29:03  INFO       [fixed_nano / burst] 60/200  tier=NANO    latency=4.6 ms  R=0.144  target=0.00  dets=0  vru=False  backend=tensorrt
14:29:04  INFO       [fixed_nano / burst] 80/200  tier=NANO    latency=6.6 ms  R=0.147  target=0.00  dets=3  vru=False  backend=tensorrt
14:29:04  INFO       [fixed_nano / burst] 100/200  tier=NANO    latency=7.2 ms  R=0.147  target=0.00  dets=6  vru=False  backend=tensorrt
14:29:05  INFO       [fixed_nano / burst] 120/200  tier=NANO    latency=9.0 ms  R=0.727  target=0.85  dets=14  vru=False  backend=tensorrt
14:29:05  INFO       [fixed_nano / burst] 140/200  tier=NANO    latency=6.7 ms  R=0.150  target=0.00  dets=4  vru=False  backend=tensorrt
14:29:06  INFO       [fixed_nano / burst] 160/200  tier=NANO    latency=6.5 ms  R=0.144  target=0.00  dets=3  vru=False  backend=tensorrt
14:29:06  INFO       [fixed_nano / burst] 180/200  tier=NANO    latency=6.9 ms  R=0.148  target=0.00  dets=5  vru=False  backend=tensorrt
14:29:07  INFO       [fixed_nano / burst] 200/200  tier=NANO    latency=6.1 ms  R=0.148  target=0.00  dets=1  vru=False  backend=tensorrt
14:29:07  INFO     [RAMS] Controller stopped.
14:29:07  INFO     
--- Block 9/10  Policy: safety  Load: burst (100%) ---
14:29:07  INFO     [RAMS] Starting resource monitor ...
14:29:07  INFO     [RAMS] Loading model tiers ...
WARNING ⚠️ Unable to automatically guess model task, assuming 'task=detect'. Explicitly define task for your model, i.e. 'task=detect', 'segment', 'classify', 'pose', 'obb' or 'semantic'.
Loading yolov8n.engine for TensorRT inference...
[09/09/2026-14:29:07] [TRT] [I] Loaded engine size: 7 MiB
[09/09/2026-14:29:07] [TRT] [I] [MemUsageChange] TensorRT-managed allocation in IExecutionContext creation: CPU +0, GPU +3, now: CPU 0, GPU 9 (MiB)
14:29:07  INFO     [RAMS] YOLOv8-nano ready — TensorRT yolov8n.engine (imgsz=320).
WARNING ⚠️ Unable to automatically guess model task, assuming 'task=detect'. Explicitly define task for your model, i.e. 'task=detect', 'segment', 'classify', 'pose', 'obb' or 'semantic'.
Loading yolov8s.engine for TensorRT inference...
[09/09/2026-14:29:07] [TRT] [I] The logger passed into createInferRuntime differs from one already provided for an existing builder, runtime, or refitter. Uses of the global logger, returned by nvinfer1::getLogger(), will return the existing value.
[09/09/2026-14:29:07] [TRT] [I] Loaded engine size: 23 MiB
[09/09/2026-14:29:07] [TRT] [I] [MemUsageChange] TensorRT-managed allocation in IExecutionContext creation: CPU +1, GPU +7, now: CPU 1, GPU 38 (MiB)
14:29:07  INFO     [RAMS] YOLOv8-small ready — TensorRT yolov8s.engine (imgsz=416).
WARNING ⚠️ Unable to automatically guess model task, assuming 'task=detect'. Explicitly define task for your model, i.e. 'task=detect', 'segment', 'classify', 'pose', 'obb' or 'semantic'.
Loading yolov8m.engine for TensorRT inference...
[09/09/2026-14:29:07] [TRT] [I] The logger passed into createInferRuntime differs from one already provided for an existing builder, runtime, or refitter. Uses of the global logger, returned by nvinfer1::getLogger(), will return the existing value.
[09/09/2026-14:29:07] [TRT] [I] Loaded engine size: 52 MiB
[09/09/2026-14:29:07] [TRT] [I] [MemUsageChange] TensorRT-managed allocation in IExecutionContext creation: CPU +0, GPU +29, now: CPU 1, GPU 117 (MiB)
14:29:07  INFO     [RAMS] YOLOv8-medium ready — TensorRT yolov8m.engine (imgsz=640).
14:29:07  INFO     [RAMS] Controller ready. Policy: safety
14:29:08  INFO       [safety / burst] 20/200  tier=SMALL   latency=8.1 ms  R=0.738  target=0.85  dets=4  vru=False  backend=tensorrt
14:29:08  INFO     [RAMS] Tier switch: SMALL → MEDIUM  (R=0.069)
14:29:08  INFO     [RAMS] Tier switch: MEDIUM → SMALL  (R=0.201)
14:29:08  INFO       [safety / burst] 40/200  tier=SMALL   latency=8.8 ms  R=0.148  target=0.00  dets=7  vru=False  backend=tensorrt
14:29:09  INFO       [safety / burst] 60/200  tier=SMALL   latency=7.7 ms  R=0.159  target=0.00  dets=2  vru=False  backend=tensorrt
14:29:09  INFO       [safety / burst] 80/200  tier=SMALL   latency=7.7 ms  R=0.135  target=0.00  dets=2  vru=False  backend=tensorrt
14:29:09  INFO     [RAMS] Tier switch: SMALL → MEDIUM  (R=0.124)
14:29:10  INFO     [RAMS] Tier switch: MEDIUM → SMALL  (R=0.159)
14:29:10  INFO       [safety / burst] 100/200  tier=SMALL   latency=9.1 ms  R=0.159  target=0.00  dets=8  vru=False  backend=tensorrt
14:29:10  INFO       [safety / burst] 120/200  tier=SMALL   latency=10.7 ms  R=0.737  target=0.85  dets=16  vru=False  backend=tensorrt
14:29:11  INFO       [safety / burst] 140/200  tier=SMALL   latency=9.1 ms  R=0.288  target=0.00  dets=6  vru=False  backend=tensorrt
14:29:11  INFO       [safety / burst] 160/200  tier=SMALL   latency=8.8 ms  R=0.225  target=0.00  dets=6  vru=False  backend=tensorrt
14:29:12  INFO       [safety / burst] 180/200  tier=SMALL   latency=8.7 ms  R=0.222  target=0.00  dets=5  vru=False  backend=tensorrt
14:29:12  INFO       [safety / burst] 200/200  tier=SMALL   latency=8.0 ms  R=0.280  target=0.00  dets=2  vru=False  backend=tensorrt
14:29:12  INFO     [RAMS] Controller stopped.
14:29:12  INFO     
--- Block 9/10  Policy: predictive  Load: burst (100%) ---
14:29:12  INFO     [RAMS] Starting resource monitor ...
14:29:12  INFO     [RAMS] Loading model tiers ...
WARNING ⚠️ Unable to automatically guess model task, assuming 'task=detect'. Explicitly define task for your model, i.e. 'task=detect', 'segment', 'classify', 'pose', 'obb' or 'semantic'.
Loading yolov8n.engine for TensorRT inference...
[09/09/2026-14:29:12] [TRT] [I] Loaded engine size: 7 MiB
[09/09/2026-14:29:12] [TRT] [I] [MemUsageChange] TensorRT-managed allocation in IExecutionContext creation: CPU +0, GPU +3, now: CPU 0, GPU 9 (MiB)
14:29:12  INFO     [RAMS] YOLOv8-nano ready — TensorRT yolov8n.engine (imgsz=320).
WARNING ⚠️ Unable to automatically guess model task, assuming 'task=detect'. Explicitly define task for your model, i.e. 'task=detect', 'segment', 'classify', 'pose', 'obb' or 'semantic'.
Loading yolov8s.engine for TensorRT inference...
[09/09/2026-14:29:12] [TRT] [I] The logger passed into createInferRuntime differs from one already provided for an existing builder, runtime, or refitter. Uses of the global logger, returned by nvinfer1::getLogger(), will return the existing value.
[09/09/2026-14:29:12] [TRT] [I] Loaded engine size: 23 MiB
[09/09/2026-14:29:12] [TRT] [I] [MemUsageChange] TensorRT-managed allocation in IExecutionContext creation: CPU +1, GPU +7, now: CPU 1, GPU 38 (MiB)
14:29:12  INFO     [RAMS] YOLOv8-small ready — TensorRT yolov8s.engine (imgsz=416).
WARNING ⚠️ Unable to automatically guess model task, assuming 'task=detect'. Explicitly define task for your model, i.e. 'task=detect', 'segment', 'classify', 'pose', 'obb' or 'semantic'.
Loading yolov8m.engine for TensorRT inference...
[09/09/2026-14:29:12] [TRT] [I] The logger passed into createInferRuntime differs from one already provided for an existing builder, runtime, or refitter. Uses of the global logger, returned by nvinfer1::getLogger(), will return the existing value.
[09/09/2026-14:29:12] [TRT] [I] Loaded engine size: 52 MiB
[09/09/2026-14:29:12] [TRT] [I] [MemUsageChange] TensorRT-managed allocation in IExecutionContext creation: CPU +0, GPU +29, now: CPU 1, GPU 117 (MiB)
14:29:12  INFO     [RAMS] YOLOv8-medium ready — TensorRT yolov8m.engine (imgsz=640).
14:29:12  INFO     [RAMS] Controller ready. Policy: predictive
14:29:13  INFO     [RAMS] Tier switch: SMALL → NANO  (R=0.758)
14:29:13  INFO       [predictive / burst] 20/200  tier=NANO    latency=11.6 ms  R=0.751  target=0.85  dets=3  vru=False  backend=tensorrt
14:29:13  INFO     [RAMS] Tier switch: NANO → SMALL  (R=0.135)
14:29:14  INFO       [predictive / burst] 40/200  tier=SMALL   latency=9.0 ms  R=0.236  target=0.00  dets=7  vru=False  backend=tensorrt
14:29:14  INFO       [predictive / burst] 60/200  tier=SMALL   latency=8.0 ms  R=0.229  target=0.00  dets=2  vru=False  backend=tensorrt
14:29:15  INFO       [predictive / burst] 80/200  tier=SMALL   latency=8.0 ms  R=0.213  target=0.00  dets=2  vru=False  backend=tensorrt
14:29:15  INFO       [predictive / burst] 100/200  tier=SMALL   latency=9.8 ms  R=0.313  target=0.00  dets=8  vru=False  backend=tensorrt
14:29:15  INFO     [RAMS] Tier switch: SMALL → NANO  (R=0.719)
14:29:16  INFO       [predictive / burst] 120/200  tier=NANO    latency=9.3 ms  R=0.746  target=0.85  dets=14  vru=False  backend=tensorrt
14:29:16  INFO     [RAMS] Tier switch: NANO → SMALL  (R=0.274)
14:29:16  INFO       [predictive / burst] 140/200  tier=SMALL   latency=8.6 ms  R=0.244  target=0.00  dets=6  vru=False  backend=tensorrt
14:29:17  INFO       [predictive / burst] 160/200  tier=SMALL   latency=8.6 ms  R=0.147  target=0.00  dets=6  vru=False  backend=tensorrt
14:29:17  INFO       [predictive / burst] 180/200  tier=SMALL   latency=8.4 ms  R=0.159  target=0.00  dets=5  vru=False  backend=tensorrt
14:29:18  INFO       [predictive / burst] 200/200  tier=SMALL   latency=7.7 ms  R=0.154  target=0.00  dets=2  vru=False  backend=tensorrt
14:29:18  INFO     [RAMS] Controller stopped.
14:29:18  INFO     
--- Block 9/10  Policy: fixed_small  Load: burst (100%) ---
14:29:18  INFO     [RAMS] Starting resource monitor ...
14:29:18  INFO     [RAMS] Loading model tiers ...
WARNING ⚠️ Unable to automatically guess model task, assuming 'task=detect'. Explicitly define task for your model, i.e. 'task=detect', 'segment', 'classify', 'pose', 'obb' or 'semantic'.
Loading yolov8n.engine for TensorRT inference...
[09/09/2026-14:29:18] [TRT] [I] Loaded engine size: 7 MiB
[09/09/2026-14:29:18] [TRT] [I] [MemUsageChange] TensorRT-managed allocation in IExecutionContext creation: CPU +0, GPU +3, now: CPU 0, GPU 9 (MiB)
14:29:18  INFO     [RAMS] YOLOv8-nano ready — TensorRT yolov8n.engine (imgsz=320).
WARNING ⚠️ Unable to automatically guess model task, assuming 'task=detect'. Explicitly define task for your model, i.e. 'task=detect', 'segment', 'classify', 'pose', 'obb' or 'semantic'.
Loading yolov8s.engine for TensorRT inference...
[09/09/2026-14:29:18] [TRT] [I] The logger passed into createInferRuntime differs from one already provided for an existing builder, runtime, or refitter. Uses of the global logger, returned by nvinfer1::getLogger(), will return the existing value.
[09/09/2026-14:29:18] [TRT] [I] Loaded engine size: 23 MiB
[09/09/2026-14:29:18] [TRT] [I] [MemUsageChange] TensorRT-managed allocation in IExecutionContext creation: CPU +1, GPU +7, now: CPU 1, GPU 38 (MiB)
14:29:18  INFO     [RAMS] YOLOv8-small ready — TensorRT yolov8s.engine (imgsz=416).
WARNING ⚠️ Unable to automatically guess model task, assuming 'task=detect'. Explicitly define task for your model, i.e. 'task=detect', 'segment', 'classify', 'pose', 'obb' or 'semantic'.
Loading yolov8m.engine for TensorRT inference...
[09/09/2026-14:29:18] [TRT] [I] The logger passed into createInferRuntime differs from one already provided for an existing builder, runtime, or refitter. Uses of the global logger, returned by nvinfer1::getLogger(), will return the existing value.
[09/09/2026-14:29:18] [TRT] [I] Loaded engine size: 52 MiB
[09/09/2026-14:29:18] [TRT] [I] [MemUsageChange] TensorRT-managed allocation in IExecutionContext creation: CPU +0, GPU +29, now: CPU 1, GPU 117 (MiB)
14:29:18  INFO     [RAMS] YOLOv8-medium ready — TensorRT yolov8m.engine (imgsz=640).
14:29:18  INFO     [RAMS] Controller ready. Policy: fixed
14:29:19  INFO       [fixed_small / burst] 20/200  tier=SMALL   latency=9.9 ms  R=0.742  target=0.85  dets=4  vru=False  backend=tensorrt
14:29:19  INFO       [fixed_small / burst] 40/200  tier=SMALL   latency=8.8 ms  R=0.159  target=0.00  dets=7  vru=False  backend=tensorrt
14:29:20  INFO       [fixed_small / burst] 60/200  tier=SMALL   latency=7.6 ms  R=0.148  target=0.00  dets=2  vru=False  backend=tensorrt
14:29:20  INFO       [fixed_small / burst] 80/200  tier=SMALL   latency=7.7 ms  R=0.159  target=0.00  dets=2  vru=False  backend=tensorrt
14:29:21  INFO       [fixed_small / burst] 100/200  tier=SMALL   latency=9.0 ms  R=0.154  target=0.00  dets=8  vru=False  backend=tensorrt
14:29:21  INFO       [fixed_small / burst] 120/200  tier=SMALL   latency=10.7 ms  R=0.738  target=0.85  dets=16  vru=False  backend=tensorrt
14:29:22  INFO       [fixed_small / burst] 140/200  tier=SMALL   latency=8.6 ms  R=0.154  target=0.00  dets=6  vru=False  backend=tensorrt
14:29:22  INFO       [fixed_small / burst] 160/200  tier=SMALL   latency=8.5 ms  R=0.152  target=0.00  dets=6  vru=False  backend=tensorrt
14:29:23  INFO       [fixed_small / burst] 180/200  tier=SMALL   latency=8.4 ms  R=0.152  target=0.00  dets=5  vru=False  backend=tensorrt
14:29:23  INFO       [fixed_small / burst] 200/200  tier=SMALL   latency=7.7 ms  R=0.228  target=0.00  dets=2  vru=False  backend=tensorrt
14:29:23  INFO     [RAMS] Controller stopped.
14:29:23  INFO     
--- Block 9/10  Policy: safety2  Load: burst (100%) ---
14:29:23  INFO     [RAMS] Starting resource monitor ...
14:29:23  INFO     [RAMS] Loading model tiers ...
WARNING ⚠️ Unable to automatically guess model task, assuming 'task=detect'. Explicitly define task for your model, i.e. 'task=detect', 'segment', 'classify', 'pose', 'obb' or 'semantic'.
Loading yolov8n.engine for TensorRT inference...
[09/09/2026-14:29:23] [TRT] [I] Loaded engine size: 7 MiB
[09/09/2026-14:29:23] [TRT] [I] [MemUsageChange] TensorRT-managed allocation in IExecutionContext creation: CPU +0, GPU +3, now: CPU 0, GPU 9 (MiB)
14:29:23  INFO     [RAMS] YOLOv8-nano ready — TensorRT yolov8n.engine (imgsz=320).
WARNING ⚠️ Unable to automatically guess model task, assuming 'task=detect'. Explicitly define task for your model, i.e. 'task=detect', 'segment', 'classify', 'pose', 'obb' or 'semantic'.
Loading yolov8s.engine for TensorRT inference...
[09/09/2026-14:29:23] [TRT] [I] The logger passed into createInferRuntime differs from one already provided for an existing builder, runtime, or refitter. Uses of the global logger, returned by nvinfer1::getLogger(), will return the existing value.
[09/09/2026-14:29:23] [TRT] [I] Loaded engine size: 23 MiB
[09/09/2026-14:29:23] [TRT] [I] [MemUsageChange] TensorRT-managed allocation in IExecutionContext creation: CPU +1, GPU +7, now: CPU 1, GPU 38 (MiB)
14:29:23  INFO     [RAMS] YOLOv8-small ready — TensorRT yolov8s.engine (imgsz=416).
WARNING ⚠️ Unable to automatically guess model task, assuming 'task=detect'. Explicitly define task for your model, i.e. 'task=detect', 'segment', 'classify', 'pose', 'obb' or 'semantic'.
Loading yolov8m.engine for TensorRT inference...
[09/09/2026-14:29:23] [TRT] [I] The logger passed into createInferRuntime differs from one already provided for an existing builder, runtime, or refitter. Uses of the global logger, returned by nvinfer1::getLogger(), will return the existing value.
[09/09/2026-14:29:24] [TRT] [I] Loaded engine size: 52 MiB
[09/09/2026-14:29:24] [TRT] [I] [MemUsageChange] TensorRT-managed allocation in IExecutionContext creation: CPU +0, GPU +29, now: CPU 1, GPU 117 (MiB)
14:29:24  INFO     [RAMS] YOLOv8-medium ready — TensorRT yolov8m.engine (imgsz=640).
14:29:24  INFO     [RAMS] Controller ready. Policy: safety2
14:29:24  INFO     [RAMS] Tier switch: SMALL → MEDIUM  (R=0.737)
14:29:24  INFO       [safety2 / burst] 20/200  tier=MEDIUM  latency=14.3 ms  R=0.705  target=0.85  dets=4  vru=False  backend=tensorrt
14:29:25  INFO     [RAMS] Tier switch: MEDIUM → SMALL  (R=0.149)
14:29:25  INFO     [RAMS] Tier switch: SMALL → MEDIUM  (R=0.118)
14:29:25  INFO     [RAMS] Tier switch: MEDIUM → SMALL  (R=0.152)
14:29:25  INFO       [safety2 / burst] 40/200  tier=SMALL   latency=9.0 ms  R=0.243  target=0.00  dets=7  vru=False  backend=tensorrt
14:29:25  INFO     [RAMS] Tier switch: SMALL → MEDIUM  (R=0.130)
14:29:25  INFO       [safety2 / burst] 60/200  tier=MEDIUM  latency=14.7 ms  R=0.124  target=0.00  dets=6  vru=False  backend=tensorrt
14:29:26  INFO     [RAMS] Tier switch: MEDIUM → SMALL  (R=0.179)
14:29:26  INFO     [RAMS] Tier switch: SMALL → MEDIUM  (R=0.119)
14:29:26  INFO     [RAMS] Tier switch: MEDIUM → SMALL  (R=0.140)
14:29:26  INFO     [RAMS] Tier switch: SMALL → MEDIUM  (R=0.123)
14:29:26  INFO       [safety2 / burst] 80/200  tier=MEDIUM  latency=14.4 ms  R=0.154  target=0.00  dets=3  vru=False  backend=tensorrt
14:29:26  INFO       [safety2 / burst] 100/200  tier=MEDIUM  latency=16.9 ms  R=0.151  target=0.00  dets=16  vru=False  backend=tensorrt
14:29:27  INFO       [safety2 / burst] 120/200  tier=MEDIUM  latency=17.9 ms  R=0.789  target=0.85  dets=21  vru=False  backend=tensorrt
14:29:28  INFO     [RAMS] Tier switch: MEDIUM → SMALL  (R=0.193)
14:29:28  INFO     [RAMS] Tier switch: SMALL → MEDIUM  (R=0.160)
14:29:28  INFO       [safety2 / burst] 140/200  tier=MEDIUM  latency=17.2 ms  R=0.160  target=0.00  dets=13  vru=False  backend=tensorrt
14:29:28  INFO     [RAMS] Tier switch: MEDIUM → SMALL  (R=0.171)
14:29:28  INFO     [RAMS] Tier switch: SMALL → MEDIUM  (R=0.171)
14:29:28  INFO       [safety2 / burst] 160/200  tier=MEDIUM  latency=15.1 ms  R=0.149  target=0.00  dets=8  vru=False  backend=tensorrt
14:29:29  INFO     [RAMS] Tier switch: MEDIUM → SMALL  (R=0.295)
14:29:29  INFO       [safety2 / burst] 180/200  tier=SMALL   latency=8.4 ms  R=0.295  target=0.00  dets=5  vru=False  backend=tensorrt
14:29:29  INFO     [RAMS] Tier switch: SMALL → MEDIUM  (R=0.175)
14:29:30  INFO       [safety2 / burst] 200/200  tier=MEDIUM  latency=13.9 ms  R=0.176  target=0.00  dets=2  vru=False  backend=tensorrt
14:29:30  INFO     [RAMS] Controller stopped.
14:29:30  INFO     
--- Block 10/10  Policy: threshold  Load: burst (100%) ---
14:29:30  INFO     [RAMS] Starting resource monitor ...
14:29:30  INFO     [RAMS] Loading model tiers ...
WARNING ⚠️ Unable to automatically guess model task, assuming 'task=detect'. Explicitly define task for your model, i.e. 'task=detect', 'segment', 'classify', 'pose', 'obb' or 'semantic'.
Loading yolov8n.engine for TensorRT inference...
[09/09/2026-14:29:30] [TRT] [I] Loaded engine size: 7 MiB
[09/09/2026-14:29:30] [TRT] [I] [MemUsageChange] TensorRT-managed allocation in IExecutionContext creation: CPU +0, GPU +3, now: CPU 0, GPU 9 (MiB)
14:29:30  INFO     [RAMS] YOLOv8-nano ready — TensorRT yolov8n.engine (imgsz=320).
WARNING ⚠️ Unable to automatically guess model task, assuming 'task=detect'. Explicitly define task for your model, i.e. 'task=detect', 'segment', 'classify', 'pose', 'obb' or 'semantic'.
Loading yolov8s.engine for TensorRT inference...
[09/09/2026-14:29:30] [TRT] [I] The logger passed into createInferRuntime differs from one already provided for an existing builder, runtime, or refitter. Uses of the global logger, returned by nvinfer1::getLogger(), will return the existing value.
[09/09/2026-14:29:30] [TRT] [I] Loaded engine size: 23 MiB
[09/09/2026-14:29:30] [TRT] [I] [MemUsageChange] TensorRT-managed allocation in IExecutionContext creation: CPU +1, GPU +7, now: CPU 1, GPU 38 (MiB)
14:29:30  INFO     [RAMS] YOLOv8-small ready — TensorRT yolov8s.engine (imgsz=416).
WARNING ⚠️ Unable to automatically guess model task, assuming 'task=detect'. Explicitly define task for your model, i.e. 'task=detect', 'segment', 'classify', 'pose', 'obb' or 'semantic'.
Loading yolov8m.engine for TensorRT inference...
[09/09/2026-14:29:30] [TRT] [I] The logger passed into createInferRuntime differs from one already provided for an existing builder, runtime, or refitter. Uses of the global logger, returned by nvinfer1::getLogger(), will return the existing value.
[09/09/2026-14:29:30] [TRT] [I] Loaded engine size: 52 MiB
[09/09/2026-14:29:30] [TRT] [I] [MemUsageChange] TensorRT-managed allocation in IExecutionContext creation: CPU +0, GPU +29, now: CPU 1, GPU 117 (MiB)
14:29:30  INFO     [RAMS] YOLOv8-medium ready — TensorRT yolov8m.engine (imgsz=640).
14:29:30  INFO     [RAMS] Controller ready. Policy: threshold
14:29:30  INFO     [RAMS] Tier switch: SMALL → NANO  (R=0.728)
14:29:30  INFO       [threshold / burst] 20/200  tier=NANO    latency=6.9 ms  R=0.732  target=0.85  dets=4  vru=False  backend=tensorrt
14:29:31  INFO     [RAMS] Tier switch: NANO → MEDIUM  (R=0.069)
14:29:31  INFO     [RAMS] Tier switch: MEDIUM → SMALL  (R=0.151)
14:29:31  INFO       [threshold / burst] 40/200  tier=SMALL   latency=8.7 ms  R=0.186  target=0.00  dets=3  vru=False  backend=tensorrt
14:29:32  INFO       [threshold / burst] 60/200  tier=SMALL   latency=6.5 ms  R=0.144  target=0.00  dets=0  vru=False  backend=tensorrt
14:29:32  INFO       [threshold / burst] 80/200  tier=SMALL   latency=8.9 ms  R=0.384  target=0.00  dets=4  vru=True  backend=tensorrt
14:29:32  INFO       [threshold / burst] 100/200  tier=SMALL   latency=9.1 ms  R=0.240  target=0.00  dets=7  vru=False  backend=tensorrt
14:29:33  INFO     [RAMS] Tier switch: SMALL → NANO  (R=0.729)
14:29:33  INFO       [threshold / burst] 120/200  tier=NANO    latency=9.2 ms  R=0.750  target=0.85  dets=5  vru=False  backend=tensorrt
14:29:33  INFO     [RAMS] Tier switch: NANO → SMALL  (R=0.146)
14:29:34  INFO       [threshold / burst] 140/200  tier=SMALL   latency=9.7 ms  R=0.212  target=0.00  dets=9  vru=False  backend=tensorrt
14:29:34  INFO       [threshold / burst] 160/200  tier=SMALL   latency=10.6 ms  R=0.243  target=0.00  dets=14  vru=False  backend=tensorrt
14:29:35  INFO       [threshold / burst] 180/200  tier=SMALL   latency=12.0 ms  R=0.207  target=0.00  dets=15  vru=True  backend=tensorrt
14:29:35  INFO       [threshold / burst] 200/200  tier=SMALL   latency=8.3 ms  R=0.326  target=0.00  dets=2  vru=False  backend=tensorrt
14:29:35  INFO     [RAMS] Controller stopped.
14:29:35  INFO     
--- Block 10/10  Policy: adaptive  Load: burst (100%) ---
14:29:35  INFO     [RAMS] Starting resource monitor ...
14:29:35  INFO     [RAMS] Loading model tiers ...
WARNING ⚠️ Unable to automatically guess model task, assuming 'task=detect'. Explicitly define task for your model, i.e. 'task=detect', 'segment', 'classify', 'pose', 'obb' or 'semantic'.
Loading yolov8n.engine for TensorRT inference...
[09/09/2026-14:29:35] [TRT] [I] Loaded engine size: 7 MiB
[09/09/2026-14:29:35] [TRT] [I] [MemUsageChange] TensorRT-managed allocation in IExecutionContext creation: CPU +0, GPU +3, now: CPU 0, GPU 9 (MiB)
14:29:35  INFO     [RAMS] YOLOv8-nano ready — TensorRT yolov8n.engine (imgsz=320).
WARNING ⚠️ Unable to automatically guess model task, assuming 'task=detect'. Explicitly define task for your model, i.e. 'task=detect', 'segment', 'classify', 'pose', 'obb' or 'semantic'.
Loading yolov8s.engine for TensorRT inference...
[09/09/2026-14:29:35] [TRT] [I] The logger passed into createInferRuntime differs from one already provided for an existing builder, runtime, or refitter. Uses of the global logger, returned by nvinfer1::getLogger(), will return the existing value.
[09/09/2026-14:29:35] [TRT] [I] Loaded engine size: 23 MiB
[09/09/2026-14:29:35] [TRT] [I] [MemUsageChange] TensorRT-managed allocation in IExecutionContext creation: CPU +1, GPU +7, now: CPU 1, GPU 38 (MiB)
14:29:35  INFO     [RAMS] YOLOv8-small ready — TensorRT yolov8s.engine (imgsz=416).
WARNING ⚠️ Unable to automatically guess model task, assuming 'task=detect'. Explicitly define task for your model, i.e. 'task=detect', 'segment', 'classify', 'pose', 'obb' or 'semantic'.
Loading yolov8m.engine for TensorRT inference...
[09/09/2026-14:29:35] [TRT] [I] The logger passed into createInferRuntime differs from one already provided for an existing builder, runtime, or refitter. Uses of the global logger, returned by nvinfer1::getLogger(), will return the existing value.
[09/09/2026-14:29:35] [TRT] [I] Loaded engine size: 52 MiB
[09/09/2026-14:29:35] [TRT] [I] [MemUsageChange] TensorRT-managed allocation in IExecutionContext creation: CPU +0, GPU +29, now: CPU 1, GPU 117 (MiB)
14:29:35  INFO     [RAMS] YOLOv8-medium ready — TensorRT yolov8m.engine (imgsz=640).
14:29:35  INFO     [RAMS] Controller ready. Policy: adaptive
14:29:36  INFO     [RAMS] Tier switch: SMALL → NANO  (R=0.764)
14:29:36  INFO       [adaptive / burst] 20/200  tier=NANO    latency=7.4 ms  R=0.765  target=0.85  dets=4  vru=False  backend=tensorrt
14:29:36  INFO     [RAMS] Tier switch: NANO → SMALL  (R=0.152)
14:29:37  INFO       [adaptive / burst] 40/200  tier=SMALL   latency=8.1 ms  R=0.197  target=0.00  dets=3  vru=False  backend=tensorrt
14:29:37  INFO       [adaptive / burst] 60/200  tier=SMALL   latency=6.2 ms  R=0.218  target=0.00  dets=0  vru=False  backend=tensorrt
14:29:38  INFO       [adaptive / burst] 80/200  tier=SMALL   latency=8.7 ms  R=0.209  target=0.00  dets=4  vru=True  backend=tensorrt
14:29:38  INFO       [adaptive / burst] 100/200  tier=SMALL   latency=9.0 ms  R=0.214  target=0.00  dets=7  vru=False  backend=tensorrt
14:29:38  INFO     [RAMS] Tier switch: SMALL → NANO  (R=0.665)
14:29:39  INFO       [adaptive / burst] 120/200  tier=NANO    latency=7.0 ms  R=0.728  target=0.85  dets=5  vru=False  backend=tensorrt
14:29:39  INFO     [RAMS] Tier switch: NANO → SMALL  (R=0.075)
14:29:39  INFO     [RAMS] Tier switch: SMALL → MEDIUM  (R=0.075)
14:29:39  INFO     [RAMS] Tier switch: MEDIUM → SMALL  (R=0.136)
14:29:39  INFO       [adaptive / burst] 140/200  tier=SMALL   latency=9.2 ms  R=0.152  target=0.00  dets=9  vru=False  backend=tensorrt
14:29:40  INFO       [adaptive / burst] 160/200  tier=SMALL   latency=10.2 ms  R=0.141  target=0.00  dets=14  vru=False  backend=tensorrt
14:29:40  INFO       [adaptive / burst] 180/200  tier=SMALL   latency=10.6 ms  R=0.227  target=0.00  dets=15  vru=True  backend=tensorrt
14:29:40  INFO       [adaptive / burst] 200/200  tier=SMALL   latency=8.8 ms  R=0.154  target=0.00  dets=2  vru=False  backend=tensorrt
14:29:41  INFO     [RAMS] Controller stopped.
14:29:41  INFO     
--- Block 10/10  Policy: fixed_small  Load: burst (100%) ---
14:29:41  INFO     [RAMS] Starting resource monitor ...
14:29:41  INFO     [RAMS] Loading model tiers ...
WARNING ⚠️ Unable to automatically guess model task, assuming 'task=detect'. Explicitly define task for your model, i.e. 'task=detect', 'segment', 'classify', 'pose', 'obb' or 'semantic'.
Loading yolov8n.engine for TensorRT inference...
[09/09/2026-14:29:41] [TRT] [I] Loaded engine size: 7 MiB
[09/09/2026-14:29:41] [TRT] [I] [MemUsageChange] TensorRT-managed allocation in IExecutionContext creation: CPU +0, GPU +3, now: CPU 0, GPU 9 (MiB)
14:29:41  INFO     [RAMS] YOLOv8-nano ready — TensorRT yolov8n.engine (imgsz=320).
WARNING ⚠️ Unable to automatically guess model task, assuming 'task=detect'. Explicitly define task for your model, i.e. 'task=detect', 'segment', 'classify', 'pose', 'obb' or 'semantic'.
Loading yolov8s.engine for TensorRT inference...
[09/09/2026-14:29:41] [TRT] [I] The logger passed into createInferRuntime differs from one already provided for an existing builder, runtime, or refitter. Uses of the global logger, returned by nvinfer1::getLogger(), will return the existing value.
[09/09/2026-14:29:41] [TRT] [I] Loaded engine size: 23 MiB
[09/09/2026-14:29:41] [TRT] [I] [MemUsageChange] TensorRT-managed allocation in IExecutionContext creation: CPU +1, GPU +7, now: CPU 1, GPU 38 (MiB)
14:29:41  INFO     [RAMS] YOLOv8-small ready — TensorRT yolov8s.engine (imgsz=416).
WARNING ⚠️ Unable to automatically guess model task, assuming 'task=detect'. Explicitly define task for your model, i.e. 'task=detect', 'segment', 'classify', 'pose', 'obb' or 'semantic'.
Loading yolov8m.engine for TensorRT inference...
[09/09/2026-14:29:41] [TRT] [I] The logger passed into createInferRuntime differs from one already provided for an existing builder, runtime, or refitter. Uses of the global logger, returned by nvinfer1::getLogger(), will return the existing value.
[09/09/2026-14:29:41] [TRT] [I] Loaded engine size: 52 MiB
[09/09/2026-14:29:41] [TRT] [I] [MemUsageChange] TensorRT-managed allocation in IExecutionContext creation: CPU +0, GPU +29, now: CPU 1, GPU 117 (MiB)
14:29:41  INFO     [RAMS] YOLOv8-medium ready — TensorRT yolov8m.engine (imgsz=640).
14:29:41  INFO     [RAMS] Controller ready. Policy: fixed
14:29:41  INFO       [fixed_small / burst] 20/200  tier=SMALL   latency=9.5 ms  R=0.746  target=0.85  dets=10  vru=False  backend=tensorrt
14:29:42  INFO       [fixed_small / burst] 40/200  tier=SMALL   latency=7.9 ms  R=0.179  target=0.00  dets=3  vru=False  backend=tensorrt
14:29:43  INFO       [fixed_small / burst] 60/200  tier=SMALL   latency=5.8 ms  R=0.136  target=0.00  dets=0  vru=False  backend=tensorrt
14:29:43  INFO       [fixed_small / burst] 80/200  tier=SMALL   latency=8.5 ms  R=0.148  target=0.00  dets=4  vru=True  backend=tensorrt
14:29:43  INFO       [fixed_small / burst] 100/200  tier=SMALL   latency=8.7 ms  R=0.130  target=0.00  dets=7  vru=False  backend=tensorrt
14:29:44  INFO       [fixed_small / burst] 120/200  tier=SMALL   latency=9.3 ms  R=0.742  target=0.85  dets=7  vru=False  backend=tensorrt
14:29:45  INFO       [fixed_small / burst] 140/200  tier=SMALL   latency=9.2 ms  R=0.157  target=0.00  dets=9  vru=False  backend=tensorrt
14:29:45  INFO       [fixed_small / burst] 160/200  tier=SMALL   latency=10.5 ms  R=0.247  target=0.00  dets=14  vru=False  backend=tensorrt
14:29:45  INFO       [fixed_small / burst] 180/200  tier=SMALL   latency=10.5 ms  R=0.164  target=0.00  dets=15  vru=True  backend=tensorrt
14:29:46  INFO       [fixed_small / burst] 200/200  tier=SMALL   latency=7.8 ms  R=0.159  target=0.00  dets=2  vru=False  backend=tensorrt
14:29:46  INFO     [RAMS] Controller stopped.
14:29:46  INFO     
--- Block 10/10  Policy: fixed_medium  Load: burst (100%) ---
14:29:46  INFO     [RAMS] Starting resource monitor ...
14:29:46  INFO     [RAMS] Loading model tiers ...
WARNING ⚠️ Unable to automatically guess model task, assuming 'task=detect'. Explicitly define task for your model, i.e. 'task=detect', 'segment', 'classify', 'pose', 'obb' or 'semantic'.
Loading yolov8n.engine for TensorRT inference...
[09/09/2026-14:29:46] [TRT] [I] Loaded engine size: 7 MiB
[09/09/2026-14:29:46] [TRT] [I] [MemUsageChange] TensorRT-managed allocation in IExecutionContext creation: CPU +0, GPU +3, now: CPU 0, GPU 9 (MiB)
14:29:46  INFO     [RAMS] YOLOv8-nano ready — TensorRT yolov8n.engine (imgsz=320).
WARNING ⚠️ Unable to automatically guess model task, assuming 'task=detect'. Explicitly define task for your model, i.e. 'task=detect', 'segment', 'classify', 'pose', 'obb' or 'semantic'.
Loading yolov8s.engine for TensorRT inference...
[09/09/2026-14:29:46] [TRT] [I] The logger passed into createInferRuntime differs from one already provided for an existing builder, runtime, or refitter. Uses of the global logger, returned by nvinfer1::getLogger(), will return the existing value.
[09/09/2026-14:29:46] [TRT] [I] Loaded engine size: 23 MiB
[09/09/2026-14:29:46] [TRT] [I] [MemUsageChange] TensorRT-managed allocation in IExecutionContext creation: CPU +1, GPU +7, now: CPU 1, GPU 38 (MiB)
14:29:46  INFO     [RAMS] YOLOv8-small ready — TensorRT yolov8s.engine (imgsz=416).
WARNING ⚠️ Unable to automatically guess model task, assuming 'task=detect'. Explicitly define task for your model, i.e. 'task=detect', 'segment', 'classify', 'pose', 'obb' or 'semantic'.
Loading yolov8m.engine for TensorRT inference...
[09/09/2026-14:29:46] [TRT] [I] The logger passed into createInferRuntime differs from one already provided for an existing builder, runtime, or refitter. Uses of the global logger, returned by nvinfer1::getLogger(), will return the existing value.
[09/09/2026-14:29:46] [TRT] [I] Loaded engine size: 52 MiB
[09/09/2026-14:29:46] [TRT] [I] [MemUsageChange] TensorRT-managed allocation in IExecutionContext creation: CPU +0, GPU +29, now: CPU 1, GPU 117 (MiB)
14:29:46  INFO     [RAMS] YOLOv8-medium ready — TensorRT yolov8m.engine (imgsz=640).
14:29:46  INFO     [RAMS] Controller ready. Policy: fixed
14:29:46  INFO     [RAMS] Tier switch: SMALL → MEDIUM  (R=0.694)
14:29:47  INFO       [fixed_medium / burst] 20/200  tier=MEDIUM  latency=17.6 ms  R=0.719  target=0.85  dets=10  vru=False  backend=tensorrt
14:29:48  INFO       [fixed_medium / burst] 40/200  tier=MEDIUM  latency=15.5 ms  R=0.191  target=0.00  dets=8  vru=False  backend=tensorrt
14:29:48  INFO       [fixed_medium / burst] 60/200  tier=MEDIUM  latency=14.6 ms  R=0.141  target=0.00  dets=6  vru=False  backend=tensorrt
14:29:49  INFO       [fixed_medium / burst] 80/200  tier=MEDIUM  latency=14.5 ms  R=0.144  target=0.00  dets=4  vru=False  backend=tensorrt
14:29:49  INFO       [fixed_medium / burst] 100/200  tier=MEDIUM  latency=14.5 ms  R=0.200  target=0.00  dets=5  vru=False  backend=tensorrt
14:29:50  INFO       [fixed_medium / burst] 120/200  tier=MEDIUM  latency=15.2 ms  R=0.749  target=0.85  dets=8  vru=False  backend=tensorrt
14:29:51  INFO       [fixed_medium / burst] 140/200  tier=MEDIUM  latency=15.7 ms  R=0.290  target=0.00  dets=10  vru=True  backend=tensorrt
14:29:52  INFO       [fixed_medium / burst] 160/200  tier=MEDIUM  latency=16.3 ms  R=0.193  target=0.00  dets=14  vru=False  backend=tensorrt
14:29:52  INFO       [fixed_medium / burst] 180/200  tier=MEDIUM  latency=17.3 ms  R=0.256  target=0.00  dets=18  vru=True  backend=tensorrt
14:29:53  INFO       [fixed_medium / burst] 200/200  tier=MEDIUM  latency=13.8 ms  R=0.208  target=0.00  dets=2  vru=False  backend=tensorrt
14:29:53  INFO     [RAMS] Controller stopped.
14:29:53  INFO     
--- Block 10/10  Policy: fixed_nano  Load: burst (100%) ---
14:29:53  INFO     [RAMS] Starting resource monitor ...
14:29:53  INFO     [RAMS] Loading model tiers ...
WARNING ⚠️ Unable to automatically guess model task, assuming 'task=detect'. Explicitly define task for your model, i.e. 'task=detect', 'segment', 'classify', 'pose', 'obb' or 'semantic'.
Loading yolov8n.engine for TensorRT inference...
[09/09/2026-14:29:53] [TRT] [I] Loaded engine size: 7 MiB
[09/09/2026-14:29:53] [TRT] [I] [MemUsageChange] TensorRT-managed allocation in IExecutionContext creation: CPU +0, GPU +3, now: CPU 0, GPU 9 (MiB)
14:29:53  INFO     [RAMS] YOLOv8-nano ready — TensorRT yolov8n.engine (imgsz=320).
WARNING ⚠️ Unable to automatically guess model task, assuming 'task=detect'. Explicitly define task for your model, i.e. 'task=detect', 'segment', 'classify', 'pose', 'obb' or 'semantic'.
Loading yolov8s.engine for TensorRT inference...
[09/09/2026-14:29:53] [TRT] [I] The logger passed into createInferRuntime differs from one already provided for an existing builder, runtime, or refitter. Uses of the global logger, returned by nvinfer1::getLogger(), will return the existing value.
[09/09/2026-14:29:53] [TRT] [I] Loaded engine size: 23 MiB
[09/09/2026-14:29:53] [TRT] [I] [MemUsageChange] TensorRT-managed allocation in IExecutionContext creation: CPU +1, GPU +7, now: CPU 1, GPU 38 (MiB)
14:29:53  INFO     [RAMS] YOLOv8-small ready — TensorRT yolov8s.engine (imgsz=416).
WARNING ⚠️ Unable to automatically guess model task, assuming 'task=detect'. Explicitly define task for your model, i.e. 'task=detect', 'segment', 'classify', 'pose', 'obb' or 'semantic'.
Loading yolov8m.engine for TensorRT inference...
[09/09/2026-14:29:53] [TRT] [I] The logger passed into createInferRuntime differs from one already provided for an existing builder, runtime, or refitter. Uses of the global logger, returned by nvinfer1::getLogger(), will return the existing value.
[09/09/2026-14:29:53] [TRT] [I] Loaded engine size: 52 MiB
[09/09/2026-14:29:53] [TRT] [I] [MemUsageChange] TensorRT-managed allocation in IExecutionContext creation: CPU +0, GPU +29, now: CPU 1, GPU 117 (MiB)
14:29:53  INFO     [RAMS] YOLOv8-medium ready — TensorRT yolov8m.engine (imgsz=640).
14:29:53  INFO     [RAMS] Controller ready. Policy: fixed
14:29:53  INFO     [RAMS] Tier switch: SMALL → NANO  (R=0.763)
14:29:54  INFO       [fixed_nano / burst] 20/200  tier=NANO    latency=7.2 ms  R=0.742  target=0.85  dets=4  vru=False  backend=tensorrt
14:29:54  INFO       [fixed_nano / burst] 40/200  tier=NANO    latency=6.6 ms  R=0.209  target=0.00  dets=2  vru=False  backend=tensorrt
14:29:55  INFO       [fixed_nano / burst] 60/200  tier=NANO    latency=4.8 ms  R=0.209  target=0.00  dets=0  vru=False  backend=tensorrt
14:29:55  INFO       [fixed_nano / burst] 80/200  tier=NANO    latency=6.8 ms  R=0.286  target=0.00  dets=2  vru=False  backend=tensorrt
14:29:55  INFO       [fixed_nano / burst] 100/200  tier=NANO    latency=7.8 ms  R=0.215  target=0.00  dets=6  vru=False  backend=tensorrt
14:29:56  INFO       [fixed_nano / burst] 120/200  tier=NANO    latency=10.7 ms  R=0.761  target=0.85  dets=5  vru=False  backend=tensorrt
14:29:57  INFO       [fixed_nano / burst] 140/200  tier=NANO    latency=6.4 ms  R=0.238  target=0.00  dets=1  vru=False  backend=tensorrt
14:29:57  INFO       [fixed_nano / burst] 160/200  tier=NANO    latency=8.1 ms  R=0.322  target=0.00  dets=9  vru=False  backend=tensorrt
14:29:57  INFO       [fixed_nano / burst] 180/200  tier=NANO    latency=7.9 ms  R=0.213  target=0.00  dets=8  vru=False  backend=tensorrt
14:29:58  INFO       [fixed_nano / burst] 200/200  tier=NANO    latency=4.8 ms  R=0.250  target=0.00  dets=0  vru=False  backend=tensorrt
14:29:58  INFO     [RAMS] Controller stopped.
14:29:58  INFO     
--- Block 10/10  Policy: safety2  Load: burst (100%) ---
14:29:58  INFO     [RAMS] Starting resource monitor ...
14:29:58  INFO     [RAMS] Loading model tiers ...
WARNING ⚠️ Unable to automatically guess model task, assuming 'task=detect'. Explicitly define task for your model, i.e. 'task=detect', 'segment', 'classify', 'pose', 'obb' or 'semantic'.
Loading yolov8n.engine for TensorRT inference...
[09/09/2026-14:29:58] [TRT] [I] Loaded engine size: 7 MiB
[09/09/2026-14:29:58] [TRT] [I] [MemUsageChange] TensorRT-managed allocation in IExecutionContext creation: CPU +0, GPU +3, now: CPU 0, GPU 9 (MiB)
14:29:58  INFO     [RAMS] YOLOv8-nano ready — TensorRT yolov8n.engine (imgsz=320).
WARNING ⚠️ Unable to automatically guess model task, assuming 'task=detect'. Explicitly define task for your model, i.e. 'task=detect', 'segment', 'classify', 'pose', 'obb' or 'semantic'.
Loading yolov8s.engine for TensorRT inference...
[09/09/2026-14:29:58] [TRT] [I] The logger passed into createInferRuntime differs from one already provided for an existing builder, runtime, or refitter. Uses of the global logger, returned by nvinfer1::getLogger(), will return the existing value.
[09/09/2026-14:29:58] [TRT] [I] Loaded engine size: 23 MiB
[09/09/2026-14:29:58] [TRT] [I] [MemUsageChange] TensorRT-managed allocation in IExecutionContext creation: CPU +1, GPU +7, now: CPU 1, GPU 38 (MiB)
14:29:58  INFO     [RAMS] YOLOv8-small ready — TensorRT yolov8s.engine (imgsz=416).
WARNING ⚠️ Unable to automatically guess model task, assuming 'task=detect'. Explicitly define task for your model, i.e. 'task=detect', 'segment', 'classify', 'pose', 'obb' or 'semantic'.
Loading yolov8m.engine for TensorRT inference...
[09/09/2026-14:29:58] [TRT] [I] The logger passed into createInferRuntime differs from one already provided for an existing builder, runtime, or refitter. Uses of the global logger, returned by nvinfer1::getLogger(), will return the existing value.
[09/09/2026-14:29:58] [TRT] [I] Loaded engine size: 52 MiB
[09/09/2026-14:29:58] [TRT] [I] [MemUsageChange] TensorRT-managed allocation in IExecutionContext creation: CPU +0, GPU +29, now: CPU 1, GPU 117 (MiB)
14:29:58  INFO     [RAMS] YOLOv8-medium ready — TensorRT yolov8m.engine (imgsz=640).
14:29:58  INFO     [RAMS] Controller ready. Policy: safety2
14:29:59  INFO       [safety2 / burst] 20/200  tier=SMALL   latency=9.4 ms  R=0.730  target=0.85  dets=10  vru=False  backend=tensorrt
14:29:59  INFO     [RAMS] Tier switch: SMALL → MEDIUM  (R=0.158)
14:30:00  INFO       [safety2 / burst] 40/200  tier=MEDIUM  latency=15.8 ms  R=0.212  target=0.00  dets=8  vru=False  backend=tensorrt
14:30:00  INFO     [RAMS] Tier switch: MEDIUM → SMALL  (R=0.226)
14:30:00  INFO     [RAMS] Tier switch: SMALL → MEDIUM  (R=0.226)
14:30:00  INFO       [safety2 / burst] 60/200  tier=MEDIUM  latency=14.7 ms  R=0.284  target=0.00  dets=6  vru=False  backend=tensorrt
14:30:01  INFO     [RAMS] Tier switch: MEDIUM → SMALL  (R=0.188)
14:30:01  INFO       [safety2 / burst] 80/200  tier=SMALL   latency=8.1 ms  R=0.199  target=0.00  dets=4  vru=True  backend=tensorrt
14:30:01  INFO     [RAMS] Tier switch: SMALL → MEDIUM  (R=0.149)
14:30:01  INFO       [safety2 / burst] 100/200  tier=MEDIUM  latency=14.5 ms  R=0.162  target=0.00  dets=5  vru=False  backend=tensorrt
14:30:01  INFO     [RAMS] Tier switch: MEDIUM → SMALL  (R=0.700)
14:30:02  INFO     [RAMS] Tier switch: SMALL → MEDIUM  (R=0.722)
14:30:02  INFO       [safety2 / burst] 120/200  tier=MEDIUM  latency=15.0 ms  R=0.713  target=0.85  dets=8  vru=False  backend=tensorrt
14:30:02  INFO     [RAMS] Tier switch: MEDIUM → SMALL  (R=0.152)
14:30:02  INFO     [RAMS] Tier switch: SMALL → MEDIUM  (R=0.126)
14:30:02  INFO     [RAMS] Tier switch: MEDIUM → SMALL  (R=0.148)
14:30:02  INFO     [RAMS] Tier switch: SMALL → MEDIUM  (R=0.148)
14:30:02  INFO       [safety2 / burst] 140/200  tier=MEDIUM  latency=15.8 ms  R=0.204  target=0.00  dets=10  vru=True  backend=tensorrt
14:30:03  INFO       [safety2 / burst] 160/200  tier=MEDIUM  latency=16.4 ms  R=0.214  target=0.00  dets=14  vru=False  backend=tensorrt
14:30:04  INFO       [safety2 / burst] 180/200  tier=MEDIUM  latency=17.2 ms  R=0.136  target=0.00  dets=18  vru=True  backend=tensorrt
14:30:04  INFO     [RAMS] Tier switch: MEDIUM → SMALL  (R=0.141)
14:30:04  INFO     [RAMS] Tier switch: SMALL → MEDIUM  (R=0.141)
14:30:04  INFO       [safety2 / burst] 200/200  tier=MEDIUM  latency=14.6 ms  R=0.215  target=0.00  dets=2  vru=False  backend=tensorrt
14:30:04  INFO     [RAMS] Controller stopped.
14:30:04  INFO     
--- Block 10/10  Policy: safety  Load: burst (100%) ---
14:30:04  INFO     [RAMS] Starting resource monitor ...
14:30:04  INFO     [RAMS] Loading model tiers ...
WARNING ⚠️ Unable to automatically guess model task, assuming 'task=detect'. Explicitly define task for your model, i.e. 'task=detect', 'segment', 'classify', 'pose', 'obb' or 'semantic'.
Loading yolov8n.engine for TensorRT inference...
[09/09/2026-14:30:04] [TRT] [I] Loaded engine size: 7 MiB
[09/09/2026-14:30:04] [TRT] [I] [MemUsageChange] TensorRT-managed allocation in IExecutionContext creation: CPU +0, GPU +3, now: CPU 0, GPU 9 (MiB)
14:30:04  INFO     [RAMS] YOLOv8-nano ready — TensorRT yolov8n.engine (imgsz=320).
WARNING ⚠️ Unable to automatically guess model task, assuming 'task=detect'. Explicitly define task for your model, i.e. 'task=detect', 'segment', 'classify', 'pose', 'obb' or 'semantic'.
Loading yolov8s.engine for TensorRT inference...
[09/09/2026-14:30:04] [TRT] [I] The logger passed into createInferRuntime differs from one already provided for an existing builder, runtime, or refitter. Uses of the global logger, returned by nvinfer1::getLogger(), will return the existing value.
[09/09/2026-14:30:04] [TRT] [I] Loaded engine size: 23 MiB
[09/09/2026-14:30:04] [TRT] [I] [MemUsageChange] TensorRT-managed allocation in IExecutionContext creation: CPU +1, GPU +7, now: CPU 1, GPU 38 (MiB)
14:30:04  INFO     [RAMS] YOLOv8-small ready — TensorRT yolov8s.engine (imgsz=416).
WARNING ⚠️ Unable to automatically guess model task, assuming 'task=detect'. Explicitly define task for your model, i.e. 'task=detect', 'segment', 'classify', 'pose', 'obb' or 'semantic'.
Loading yolov8m.engine for TensorRT inference...
[09/09/2026-14:30:04] [TRT] [I] The logger passed into createInferRuntime differs from one already provided for an existing builder, runtime, or refitter. Uses of the global logger, returned by nvinfer1::getLogger(), will return the existing value.
[09/09/2026-14:30:04] [TRT] [I] Loaded engine size: 52 MiB
[09/09/2026-14:30:04] [TRT] [I] [MemUsageChange] TensorRT-managed allocation in IExecutionContext creation: CPU +0, GPU +29, now: CPU 1, GPU 117 (MiB)
14:30:05  INFO     [RAMS] YOLOv8-medium ready — TensorRT yolov8m.engine (imgsz=640).
14:30:05  INFO     [RAMS] Controller ready. Policy: safety
14:30:05  INFO       [safety / burst] 20/200  tier=SMALL   latency=9.7 ms  R=0.745  target=0.85  dets=10  vru=False  backend=tensorrt
14:30:05  INFO     [RAMS] Tier switch: SMALL → MEDIUM  (R=0.104)
14:30:06  INFO     [RAMS] Tier switch: MEDIUM → SMALL  (R=0.186)
14:30:06  INFO     [RAMS] Tier switch: SMALL → MEDIUM  (R=0.130)
14:30:06  INFO     [RAMS] Tier switch: MEDIUM → SMALL  (R=0.147)
14:30:06  INFO       [safety / burst] 40/200  tier=SMALL   latency=8.0 ms  R=0.199  target=0.00  dets=3  vru=False  backend=tensorrt
14:30:06  INFO       [safety / burst] 60/200  tier=SMALL   latency=5.9 ms  R=0.154  target=0.00  dets=0  vru=False  backend=tensorrt
14:30:07  INFO     [RAMS] Tier switch: SMALL → MEDIUM  (R=0.126)
14:30:07  INFO     [RAMS] Tier switch: MEDIUM → SMALL  (R=0.189)
14:30:07  INFO       [safety / burst] 80/200  tier=SMALL   latency=8.3 ms  R=0.189  target=0.00  dets=4  vru=True  backend=tensorrt
14:30:07  INFO       [safety / burst] 100/200  tier=SMALL   latency=8.8 ms  R=0.211  target=0.00  dets=7  vru=False  backend=tensorrt
14:30:08  INFO       [safety / burst] 120/200  tier=SMALL   latency=8.8 ms  R=0.720  target=0.85  dets=7  vru=False  backend=tensorrt
14:30:08  INFO     [RAMS] Tier switch: SMALL → MEDIUM  (R=0.111)
14:30:08  INFO     [RAMS] Tier switch: MEDIUM → SMALL  (R=0.180)
14:30:08  INFO       [safety / burst] 140/200  tier=SMALL   latency=9.2 ms  R=0.164  target=0.00  dets=9  vru=False  backend=tensorrt
14:30:09  INFO       [safety / burst] 160/200  tier=SMALL   latency=10.3 ms  R=0.156  target=0.00  dets=14  vru=False  backend=tensorrt
14:30:09  INFO       [safety / burst] 180/200  tier=SMALL   latency=10.6 ms  R=0.150  target=0.00  dets=15  vru=True  backend=tensorrt
14:30:10  INFO     [RAMS] Tier switch: SMALL → MEDIUM  (R=0.126)
14:30:10  INFO       [safety / burst] 200/200  tier=MEDIUM  latency=13.7 ms  R=0.152  target=0.00  dets=2  vru=False  backend=tensorrt
14:30:10  INFO     [RAMS] Controller stopped.
14:30:10  INFO     
--- Block 10/10  Policy: predictive  Load: burst (100%) ---
14:30:10  INFO     [RAMS] Starting resource monitor ...
14:30:10  INFO     [RAMS] Loading model tiers ...
WARNING ⚠️ Unable to automatically guess model task, assuming 'task=detect'. Explicitly define task for your model, i.e. 'task=detect', 'segment', 'classify', 'pose', 'obb' or 'semantic'.
Loading yolov8n.engine for TensorRT inference...
[09/09/2026-14:30:10] [TRT] [I] Loaded engine size: 7 MiB
[09/09/2026-14:30:10] [TRT] [I] [MemUsageChange] TensorRT-managed allocation in IExecutionContext creation: CPU +0, GPU +3, now: CPU 0, GPU 9 (MiB)
14:30:10  INFO     [RAMS] YOLOv8-nano ready — TensorRT yolov8n.engine (imgsz=320).
WARNING ⚠️ Unable to automatically guess model task, assuming 'task=detect'. Explicitly define task for your model, i.e. 'task=detect', 'segment', 'classify', 'pose', 'obb' or 'semantic'.
Loading yolov8s.engine for TensorRT inference...
[09/09/2026-14:30:10] [TRT] [I] The logger passed into createInferRuntime differs from one already provided for an existing builder, runtime, or refitter. Uses of the global logger, returned by nvinfer1::getLogger(), will return the existing value.
[09/09/2026-14:30:10] [TRT] [I] Loaded engine size: 23 MiB
[09/09/2026-14:30:10] [TRT] [I] [MemUsageChange] TensorRT-managed allocation in IExecutionContext creation: CPU +1, GPU +7, now: CPU 1, GPU 38 (MiB)
14:30:10  INFO     [RAMS] YOLOv8-small ready — TensorRT yolov8s.engine (imgsz=416).
WARNING ⚠️ Unable to automatically guess model task, assuming 'task=detect'. Explicitly define task for your model, i.e. 'task=detect', 'segment', 'classify', 'pose', 'obb' or 'semantic'.
Loading yolov8m.engine for TensorRT inference...
[09/09/2026-14:30:10] [TRT] [I] The logger passed into createInferRuntime differs from one already provided for an existing builder, runtime, or refitter. Uses of the global logger, returned by nvinfer1::getLogger(), will return the existing value.
[09/09/2026-14:30:10] [TRT] [I] Loaded engine size: 52 MiB
[09/09/2026-14:30:10] [TRT] [I] [MemUsageChange] TensorRT-managed allocation in IExecutionContext creation: CPU +0, GPU +29, now: CPU 1, GPU 117 (MiB)
14:30:10  INFO     [RAMS] YOLOv8-medium ready — TensorRT yolov8m.engine (imgsz=640).
14:30:10  INFO     [RAMS] Controller ready. Policy: predictive
14:30:10  INFO     [RAMS] Tier switch: SMALL → NANO  (R=0.699)
14:30:11  INFO       [predictive / burst] 20/200  tier=NANO    latency=8.8 ms  R=0.732  target=0.85  dets=4  vru=False  backend=tensorrt
14:30:11  INFO     [RAMS] Tier switch: NANO → SMALL  (R=0.063)
14:30:11  INFO       [predictive / burst] 40/200  tier=SMALL   latency=8.0 ms  R=0.154  target=0.00  dets=3  vru=False  backend=tensorrt
14:30:12  INFO       [predictive / burst] 60/200  tier=SMALL   latency=5.9 ms  R=0.142  target=0.00  dets=0  vru=False  backend=tensorrt
14:30:12  INFO       [predictive / burst] 80/200  tier=SMALL   latency=8.1 ms  R=0.238  target=0.00  dets=4  vru=True  backend=tensorrt
14:30:12  INFO       [predictive / burst] 100/200  tier=SMALL   latency=8.7 ms  R=0.153  target=0.00  dets=7  vru=False  backend=tensorrt
14:30:13  INFO     [RAMS] Tier switch: SMALL → NANO  (R=0.688)
14:30:13  INFO       [predictive / burst] 120/200  tier=NANO    latency=7.0 ms  R=0.748  target=0.85  dets=5  vru=False  backend=tensorrt
14:30:13  INFO     [RAMS] Tier switch: NANO → SMALL  (R=0.075)
14:30:14  INFO       [predictive / burst] 140/200  tier=SMALL   latency=9.1 ms  R=0.153  target=0.00  dets=9  vru=False  backend=tensorrt
14:30:14  INFO       [predictive / burst] 160/200  tier=SMALL   latency=10.5 ms  R=0.231  target=0.00  dets=14  vru=False  backend=tensorrt
14:30:15  INFO       [predictive / burst] 180/200  tier=SMALL   latency=11.0 ms  R=0.295  target=0.00  dets=15  vru=True  backend=tensorrt
14:30:15  INFO       [predictive / burst] 200/200  tier=SMALL   latency=8.3 ms  R=0.242  target=0.00  dets=2  vru=False  backend=tensorrt
14:30:15  INFO     [RAMS] Controller stopped.
14:30:17  INFO     Results -> /home/soren/rams_trt_labels_20260909/results/full-20260909-trtlabels-v3/tensorrt/runtime4_burst/rams_20260909_142235_7b0aa8638130.csv
14:30:17  INFO     Summary -> /home/soren/rams_trt_labels_20260909/results/full-20260909-trtlabels-v3/tensorrt/runtime4_burst/rams_20260909_142235_7b0aa8638130.json
14:30:17  INFO     Replay manifest -> /home/soren/rams_trt_labels_20260909/results/full-20260909-trtlabels-v3/tensorrt/runtime4_burst/rams_20260909_142235_7b0aa8638130_manifest.json

================================================================================
Policy         Profile        N   Mean ms    P95 ms    VRU%  Tiers
--------------------------------------------------------------------------------
adaptive       burst       2000       8.6      10.9   24.6%  MEDIUM:40, NANO:385, SMALL:1575
fixed_medium   burst       2000      15.7      18.2   33.2%  MEDIUM:2000
fixed_nano     burst       2000       6.8       8.7   16.1%  NANO:2000
fixed_small    burst       2000       8.6      10.5   25.9%  SMALL:2000
predictive     burst       2000       8.5      10.8   24.2%  MEDIUM:21, NANO:378, SMALL:1601
safety         burst       2000       9.2      14.6   26.2%  MEDIUM:133, NANO:18, SMALL:1849
safety2        burst       2000      13.6      17.7   30.9%  MEDIUM:1429, NANO:39, SMALL:532
threshold      burst       2000       8.8      12.7   24.5%  MEDIUM:52, NANO:402, SMALL:1546
================================================================================

Backends used: {'tensorrt'}
