22:09:29  INFO     Loaded 1500 frames from /data/kitti/images/val
22:09:29  INFO     Real inference mode: 1500 frames available
22:09:29  INFO     === RAMS Benchmark  run_id=rams_20260908_220929_9f7850578d66 ===
22:09:29  INFO     Policies: ['threshold', 'predictive', 'safety', 'adaptive', 'safety2', 'fixed_nano', 'fixed_small', 'fixed_medium']  |  Profiles: ['idle']  |  N/block=200  |  blocks=10  |  simulate=False  |  frames=/data/kitti/images/val
22:09:29  INFO     
--- Block 1/10  Policy: fixed_small  Load: idle (0%) ---
22:09:29  INFO     [RAMS] Starting resource monitor ...
22:09:29  INFO     [RAMS] Loading model tiers ...
22:09:34  INFO     [RAMS] YOLOv8-nano ready — Ultralytics (imgsz=320).
22:09:34  INFO     [RAMS] YOLOv8-small ready — Ultralytics (imgsz=416).
22:09:35  INFO     [RAMS] YOLOv8-medium ready — Ultralytics (imgsz=640).
22:09:35  INFO     [RAMS] Controller ready. Policy: fixed
22:09:37  INFO       [fixed_small / idle] 20/200  tier=SMALL   latency=18.0 ms  R=0.222  target=0.00  dets=0  vru=False  backend=ultralytics
22:09:37  INFO       [fixed_small / idle] 40/200  tier=SMALL   latency=19.9 ms  R=0.214  target=0.00  dets=1  vru=False  backend=ultralytics
22:09:38  INFO       [fixed_small / idle] 60/200  tier=SMALL   latency=20.8 ms  R=0.222  target=0.00  dets=1  vru=False  backend=ultralytics
22:09:39  INFO       [fixed_small / idle] 80/200  tier=SMALL   latency=20.0 ms  R=0.224  target=0.00  dets=4  vru=False  backend=ultralytics
22:09:39  INFO       [fixed_small / idle] 100/200  tier=SMALL   latency=22.6 ms  R=0.157  target=0.00  dets=13  vru=True  backend=ultralytics
22:09:40  INFO       [fixed_small / idle] 120/200  tier=SMALL   latency=20.0 ms  R=0.151  target=0.00  dets=4  vru=False  backend=ultralytics
22:09:41  INFO       [fixed_small / idle] 140/200  tier=SMALL   latency=20.8 ms  R=0.147  target=0.00  dets=5  vru=False  backend=ultralytics
22:09:41  INFO       [fixed_small / idle] 160/200  tier=SMALL   latency=19.3 ms  R=0.159  target=0.00  dets=2  vru=False  backend=ultralytics
22:09:42  INFO       [fixed_small / idle] 180/200  tier=SMALL   latency=20.0 ms  R=0.151  target=0.00  dets=2  vru=False  backend=ultralytics
22:09:43  INFO       [fixed_small / idle] 200/200  tier=SMALL   latency=20.1 ms  R=0.146  target=0.00  dets=7  vru=False  backend=ultralytics
22:09:43  INFO     [RAMS] Controller stopped.
22:09:43  INFO     
--- Block 1/10  Policy: fixed_nano  Load: idle (0%) ---
22:09:43  INFO     [RAMS] Starting resource monitor ...
22:09:43  INFO     [RAMS] Loading model tiers ...
22:09:43  INFO     [RAMS] YOLOv8-nano ready — Ultralytics (imgsz=320).
22:09:43  INFO     [RAMS] YOLOv8-small ready — Ultralytics (imgsz=416).
22:09:44  INFO     [RAMS] YOLOv8-medium ready — Ultralytics (imgsz=640).
22:09:44  INFO     [RAMS] Controller ready. Policy: fixed
22:09:45  INFO     [RAMS] Tier switch: SMALL → NANO  (R=0.066)
22:09:46  INFO       [fixed_nano / idle] 20/200  tier=NANO    latency=16.9 ms  R=0.147  target=0.00  dets=0  vru=False  backend=ultralytics
22:09:46  INFO       [fixed_nano / idle] 40/200  tier=NANO    latency=18.4 ms  R=0.151  target=0.00  dets=1  vru=False  backend=ultralytics
22:09:47  INFO       [fixed_nano / idle] 60/200  tier=NANO    latency=18.4 ms  R=0.137  target=0.00  dets=1  vru=False  backend=ultralytics
22:09:48  INFO       [fixed_nano / idle] 80/200  tier=NANO    latency=18.3 ms  R=0.157  target=0.00  dets=1  vru=False  backend=ultralytics
22:09:48  INFO       [fixed_nano / idle] 100/200  tier=NANO    latency=20.8 ms  R=0.143  target=0.00  dets=12  vru=False  backend=ultralytics
22:09:49  INFO       [fixed_nano / idle] 120/200  tier=NANO    latency=19.0 ms  R=0.130  target=0.00  dets=4  vru=False  backend=ultralytics
22:09:49  INFO       [fixed_nano / idle] 140/200  tier=NANO    latency=19.0 ms  R=0.129  target=0.00  dets=4  vru=False  backend=ultralytics
22:09:50  INFO       [fixed_nano / idle] 160/200  tier=NANO    latency=18.6 ms  R=0.142  target=0.00  dets=0  vru=False  backend=ultralytics
22:09:51  INFO       [fixed_nano / idle] 180/200  tier=NANO    latency=18.9 ms  R=0.152  target=0.00  dets=3  vru=False  backend=ultralytics
22:09:51  INFO       [fixed_nano / idle] 200/200  tier=NANO    latency=19.4 ms  R=0.137  target=0.00  dets=6  vru=False  backend=ultralytics
22:09:51  INFO     [RAMS] Controller stopped.
22:09:51  INFO     
--- Block 1/10  Policy: threshold  Load: idle (0%) ---
22:09:51  INFO     [RAMS] Starting resource monitor ...
22:09:51  INFO     [RAMS] Loading model tiers ...
22:09:52  INFO     [RAMS] YOLOv8-nano ready — Ultralytics (imgsz=320).
22:09:52  INFO     [RAMS] YOLOv8-small ready — Ultralytics (imgsz=416).
22:09:53  INFO     [RAMS] YOLOv8-medium ready — Ultralytics (imgsz=640).
22:09:53  INFO     [RAMS] Controller ready. Policy: threshold
22:09:54  INFO     [RAMS] Tier switch: SMALL → MEDIUM  (R=0.078)
22:09:54  INFO     [RAMS] Tier switch: MEDIUM → SMALL  (R=0.291)
22:09:54  INFO       [threshold / idle] 20/200  tier=SMALL   latency=18.3 ms  R=0.243  target=0.00  dets=0  vru=False  backend=ultralytics
22:09:55  INFO       [threshold / idle] 40/200  tier=SMALL   latency=19.7 ms  R=0.350  target=0.00  dets=1  vru=False  backend=ultralytics
22:09:56  INFO       [threshold / idle] 60/200  tier=SMALL   latency=21.0 ms  R=0.206  target=0.00  dets=1  vru=False  backend=ultralytics
22:09:56  INFO       [threshold / idle] 80/200  tier=SMALL   latency=20.4 ms  R=0.234  target=0.00  dets=4  vru=False  backend=ultralytics
22:09:57  INFO       [threshold / idle] 100/200  tier=SMALL   latency=22.2 ms  R=0.303  target=0.00  dets=13  vru=True  backend=ultralytics
22:09:58  INFO       [threshold / idle] 120/200  tier=SMALL   latency=22.0 ms  R=0.225  target=0.00  dets=4  vru=False  backend=ultralytics
22:09:59  INFO       [threshold / idle] 140/200  tier=SMALL   latency=21.4 ms  R=0.194  target=0.00  dets=5  vru=False  backend=ultralytics
22:09:59  INFO       [threshold / idle] 160/200  tier=SMALL   latency=20.1 ms  R=0.276  target=0.00  dets=2  vru=False  backend=ultralytics
22:10:00  INFO       [threshold / idle] 180/200  tier=SMALL   latency=21.7 ms  R=0.226  target=0.00  dets=2  vru=False  backend=ultralytics
22:10:00  INFO     [RAMS] Tier switch: SMALL → MEDIUM  (R=0.139)
22:10:00  INFO     [RAMS] Tier switch: MEDIUM → SMALL  (R=0.163)
22:10:01  INFO     [RAMS] Tier switch: SMALL → MEDIUM  (R=0.127)
22:10:01  INFO       [threshold / idle] 200/200  tier=MEDIUM  latency=26.9 ms  R=0.158  target=0.00  dets=12  vru=False  backend=ultralytics
22:10:01  INFO     [RAMS] Controller stopped.
22:10:01  INFO     
--- Block 1/10  Policy: predictive  Load: idle (0%) ---
22:10:01  INFO     [RAMS] Starting resource monitor ...
22:10:01  INFO     [RAMS] Loading model tiers ...
22:10:01  INFO     [RAMS] YOLOv8-nano ready — Ultralytics (imgsz=320).
22:10:01  INFO     [RAMS] YOLOv8-small ready — Ultralytics (imgsz=416).
22:10:02  INFO     [RAMS] YOLOv8-medium ready — Ultralytics (imgsz=640).
22:10:02  INFO     [RAMS] Controller ready. Policy: predictive
22:10:03  INFO     [RAMS] Tier switch: SMALL → MEDIUM  (R=0.090)
22:10:03  INFO     [RAMS] Tier switch: MEDIUM → SMALL  (R=0.251)
22:10:04  INFO     [RAMS] Tier switch: SMALL → MEDIUM  (R=0.141)
22:10:04  INFO     [RAMS] Tier switch: MEDIUM → SMALL  (R=0.162)
22:10:04  INFO       [predictive / idle] 20/200  tier=SMALL   latency=17.8 ms  R=0.162  target=0.00  dets=0  vru=False  backend=ultralytics
22:10:04  INFO     [RAMS] Tier switch: SMALL → MEDIUM  (R=0.138)
22:10:04  INFO     [RAMS] Tier switch: MEDIUM → SMALL  (R=0.151)
22:10:04  INFO     [RAMS] Tier switch: SMALL → MEDIUM  (R=0.127)
22:10:05  INFO       [predictive / idle] 40/200  tier=MEDIUM  latency=25.8 ms  R=0.127  target=0.00  dets=1  vru=False  backend=ultralytics
22:10:05  INFO     [RAMS] Tier switch: MEDIUM → SMALL  (R=0.214)
22:10:05  INFO       [predictive / idle] 60/200  tier=SMALL   latency=19.9 ms  R=0.271  target=0.00  dets=1  vru=False  backend=ultralytics
22:10:06  INFO     [RAMS] Tier switch: SMALL → MEDIUM  (R=0.128)
22:10:06  INFO       [predictive / idle] 80/200  tier=MEDIUM  latency=25.2 ms  R=0.145  target=0.00  dets=5  vru=False  backend=ultralytics
22:10:06  INFO     [RAMS] Tier switch: MEDIUM → SMALL  (R=0.155)
22:10:06  INFO     [RAMS] Tier switch: SMALL → MEDIUM  (R=0.141)
22:10:06  INFO     [RAMS] Tier switch: MEDIUM → SMALL  (R=0.246)
22:10:06  INFO     [RAMS] Tier switch: SMALL → MEDIUM  (R=0.130)
22:10:07  INFO     [RAMS] Tier switch: MEDIUM → SMALL  (R=0.158)
22:10:07  INFO       [predictive / idle] 100/200  tier=SMALL   latency=21.9 ms  R=0.158  target=0.00  dets=13  vru=True  backend=ultralytics
22:10:07  INFO     [RAMS] Tier switch: SMALL → MEDIUM  (R=0.122)
22:10:07  INFO     [RAMS] Tier switch: MEDIUM → SMALL  (R=0.168)
22:10:07  INFO       [predictive / idle] 120/200  tier=SMALL   latency=20.4 ms  R=0.143  target=0.00  dets=4  vru=False  backend=ultralytics
22:10:08  INFO     [RAMS] Tier switch: SMALL → MEDIUM  (R=0.134)
22:10:08  INFO     [RAMS] Tier switch: MEDIUM → SMALL  (R=0.222)
22:10:08  INFO       [predictive / idle] 140/200  tier=SMALL   latency=20.0 ms  R=0.158  target=0.00  dets=5  vru=False  backend=ultralytics
22:10:08  INFO     [RAMS] Tier switch: SMALL → MEDIUM  (R=0.137)
22:10:08  INFO     [RAMS] Tier switch: MEDIUM → SMALL  (R=0.151)
22:10:09  INFO       [predictive / idle] 160/200  tier=SMALL   latency=20.5 ms  R=0.171  target=0.00  dets=2  vru=False  backend=ultralytics
22:10:09  INFO     [RAMS] Tier switch: SMALL → MEDIUM  (R=0.133)
22:10:09  INFO     [RAMS] Tier switch: MEDIUM → SMALL  (R=0.234)
22:10:09  INFO       [predictive / idle] 180/200  tier=SMALL   latency=19.5 ms  R=0.148  target=0.00  dets=2  vru=False  backend=ultralytics
22:10:09  INFO     [RAMS] Tier switch: SMALL → MEDIUM  (R=0.127)
22:10:10  INFO     [RAMS] Tier switch: MEDIUM → SMALL  (R=0.180)
22:10:10  INFO       [predictive / idle] 200/200  tier=SMALL   latency=20.4 ms  R=0.146  target=0.00  dets=7  vru=False  backend=ultralytics
22:10:10  INFO     [RAMS] Controller stopped.
22:10:10  INFO     
--- Block 1/10  Policy: adaptive  Load: idle (0%) ---
22:10:10  INFO     [RAMS] Starting resource monitor ...
22:10:10  INFO     [RAMS] Loading model tiers ...
22:10:10  INFO     [RAMS] YOLOv8-nano ready — Ultralytics (imgsz=320).
22:10:11  INFO     [RAMS] YOLOv8-small ready — Ultralytics (imgsz=416).
22:10:11  INFO     [RAMS] YOLOv8-medium ready — Ultralytics (imgsz=640).
22:10:11  INFO     [RAMS] Controller ready. Policy: adaptive
22:10:12  INFO     [RAMS] Tier switch: SMALL → MEDIUM  (R=0.066)
22:10:13  INFO     [RAMS] Tier switch: MEDIUM → SMALL  (R=0.192)
22:10:13  INFO       [adaptive / idle] 20/200  tier=SMALL   latency=18.7 ms  R=0.157  target=0.00  dets=0  vru=False  backend=ultralytics
22:10:14  INFO       [adaptive / idle] 40/200  tier=SMALL   latency=19.2 ms  R=0.135  target=0.00  dets=1  vru=False  backend=ultralytics
22:10:14  INFO       [adaptive / idle] 60/200  tier=SMALL   latency=19.2 ms  R=0.153  target=0.00  dets=1  vru=False  backend=ultralytics
22:10:15  INFO       [adaptive / idle] 80/200  tier=SMALL   latency=21.5 ms  R=0.137  target=0.00  dets=4  vru=False  backend=ultralytics
22:10:16  INFO       [adaptive / idle] 100/200  tier=SMALL   latency=23.2 ms  R=0.269  target=0.00  dets=13  vru=True  backend=ultralytics
22:10:16  INFO       [adaptive / idle] 120/200  tier=SMALL   latency=20.2 ms  R=0.215  target=0.00  dets=4  vru=False  backend=ultralytics
22:10:17  INFO       [adaptive / idle] 140/200  tier=SMALL   latency=23.2 ms  R=0.199  target=0.00  dets=5  vru=False  backend=ultralytics
22:10:18  INFO       [adaptive / idle] 160/200  tier=SMALL   latency=20.8 ms  R=0.239  target=0.00  dets=2  vru=False  backend=ultralytics
22:10:18  INFO       [adaptive / idle] 180/200  tier=SMALL   latency=19.9 ms  R=0.219  target=0.00  dets=2  vru=False  backend=ultralytics
22:10:19  INFO       [adaptive / idle] 200/200  tier=SMALL   latency=22.8 ms  R=0.214  target=0.00  dets=7  vru=False  backend=ultralytics
22:10:19  INFO     [RAMS] Controller stopped.
22:10:19  INFO     
--- Block 1/10  Policy: fixed_medium  Load: idle (0%) ---
22:10:19  INFO     [RAMS] Starting resource monitor ...
22:10:19  INFO     [RAMS] Loading model tiers ...
22:10:19  INFO     [RAMS] YOLOv8-nano ready — Ultralytics (imgsz=320).
22:10:20  INFO     [RAMS] YOLOv8-small ready — Ultralytics (imgsz=416).
22:10:21  INFO     [RAMS] YOLOv8-medium ready — Ultralytics (imgsz=640).
22:10:21  INFO     [RAMS] Controller ready. Policy: fixed
22:10:22  INFO     [RAMS] Tier switch: SMALL → MEDIUM  (R=0.061)
22:10:22  INFO       [fixed_medium / idle] 20/200  tier=MEDIUM  latency=24.8 ms  R=0.185  target=0.00  dets=3  vru=False  backend=ultralytics
22:10:23  INFO       [fixed_medium / idle] 40/200  tier=MEDIUM  latency=26.1 ms  R=0.195  target=0.00  dets=1  vru=False  backend=ultralytics
22:10:24  INFO       [fixed_medium / idle] 60/200  tier=MEDIUM  latency=25.3 ms  R=0.125  target=0.00  dets=6  vru=False  backend=ultralytics
22:10:25  INFO       [fixed_medium / idle] 80/200  tier=MEDIUM  latency=24.9 ms  R=0.122  target=0.00  dets=5  vru=False  backend=ultralytics
22:10:25  INFO       [fixed_medium / idle] 100/200  tier=MEDIUM  latency=27.8 ms  R=0.225  target=0.00  dets=16  vru=False  backend=ultralytics
22:10:26  INFO       [fixed_medium / idle] 120/200  tier=MEDIUM  latency=26.6 ms  R=0.215  target=0.00  dets=5  vru=False  backend=ultralytics
22:10:27  INFO       [fixed_medium / idle] 140/200  tier=MEDIUM  latency=27.1 ms  R=0.203  target=0.00  dets=14  vru=False  backend=ultralytics
22:10:28  INFO       [fixed_medium / idle] 160/200  tier=MEDIUM  latency=25.1 ms  R=0.151  target=0.00  dets=6  vru=False  backend=ultralytics
22:10:28  INFO       [fixed_medium / idle] 180/200  tier=MEDIUM  latency=25.7 ms  R=0.132  target=0.00  dets=3  vru=False  backend=ultralytics
22:10:29  INFO       [fixed_medium / idle] 200/200  tier=MEDIUM  latency=26.7 ms  R=0.222  target=0.00  dets=12  vru=False  backend=ultralytics
22:10:29  INFO     [RAMS] Controller stopped.
22:10:29  INFO     
--- Block 1/10  Policy: safety2  Load: idle (0%) ---
22:10:29  INFO     [RAMS] Starting resource monitor ...
22:10:29  INFO     [RAMS] Loading model tiers ...
22:10:30  INFO     [RAMS] YOLOv8-nano ready — Ultralytics (imgsz=320).
22:10:30  INFO     [RAMS] YOLOv8-small ready — Ultralytics (imgsz=416).
22:10:31  INFO     [RAMS] YOLOv8-medium ready — Ultralytics (imgsz=640).
22:10:31  INFO     [RAMS] Controller ready. Policy: safety2
22:10:32  INFO     [RAMS] Tier switch: SMALL → MEDIUM  (R=0.066)
22:10:32  INFO     [RAMS] Tier switch: MEDIUM → SMALL  (R=0.149)
22:10:32  INFO     [RAMS] Tier switch: SMALL → MEDIUM  (R=0.131)
22:10:32  INFO       [safety2 / idle] 20/200  tier=MEDIUM  latency=26.1 ms  R=0.260  target=0.00  dets=3  vru=False  backend=ultralytics
22:10:33  INFO       [safety2 / idle] 40/200  tier=MEDIUM  latency=25.1 ms  R=0.179  target=0.00  dets=1  vru=False  backend=ultralytics
22:10:34  INFO     [RAMS] Tier switch: MEDIUM → SMALL  (R=0.192)
22:10:34  INFO       [safety2 / idle] 60/200  tier=SMALL   latency=19.2 ms  R=0.221  target=0.00  dets=1  vru=False  backend=ultralytics
22:10:34  INFO     [RAMS] Tier switch: SMALL → MEDIUM  (R=0.226)
22:10:35  INFO       [safety2 / idle] 80/200  tier=MEDIUM  latency=25.1 ms  R=0.129  target=0.00  dets=5  vru=False  backend=ultralytics
22:10:35  INFO     [RAMS] Tier switch: MEDIUM → SMALL  (R=0.289)
22:10:35  INFO     [RAMS] Tier switch: SMALL → MEDIUM  (R=0.146)
22:10:35  INFO       [safety2 / idle] 100/200  tier=MEDIUM  latency=28.8 ms  R=0.146  target=0.00  dets=16  vru=False  backend=ultralytics
22:10:36  INFO       [safety2 / idle] 120/200  tier=MEDIUM  latency=27.0 ms  R=0.146  target=0.00  dets=5  vru=False  backend=ultralytics
22:10:37  INFO     [RAMS] Tier switch: MEDIUM → SMALL  (R=0.340)
22:10:37  INFO       [safety2 / idle] 140/200  tier=SMALL   latency=20.2 ms  R=0.223  target=0.00  dets=5  vru=False  backend=ultralytics
22:10:37  INFO     [RAMS] Tier switch: SMALL → MEDIUM  (R=0.228)
22:10:38  INFO       [safety2 / idle] 160/200  tier=MEDIUM  latency=26.1 ms  R=0.241  target=0.00  dets=6  vru=False  backend=ultralytics
22:10:38  INFO     [RAMS] Tier switch: MEDIUM → SMALL  (R=0.344)
22:10:38  INFO     [RAMS] Tier switch: SMALL → MEDIUM  (R=0.317)
22:10:38  INFO       [safety2 / idle] 180/200  tier=MEDIUM  latency=26.4 ms  R=0.317  target=0.00  dets=3  vru=False  backend=ultralytics
22:10:39  INFO       [safety2 / idle] 200/200  tier=MEDIUM  latency=28.8 ms  R=0.329  target=0.00  dets=12  vru=False  backend=ultralytics
22:10:39  INFO     [RAMS] Controller stopped.
22:10:39  INFO     
--- Block 1/10  Policy: safety  Load: idle (0%) ---
22:10:39  INFO     [RAMS] Starting resource monitor ...
22:10:39  INFO     [RAMS] Loading model tiers ...
22:10:39  INFO     [RAMS] YOLOv8-nano ready — Ultralytics (imgsz=320).
22:10:40  INFO     [RAMS] YOLOv8-small ready — Ultralytics (imgsz=416).
22:10:41  INFO     [RAMS] YOLOv8-medium ready — Ultralytics (imgsz=640).
22:10:41  INFO     [RAMS] Controller ready. Policy: safety
22:10:42  INFO     [RAMS] Tier switch: SMALL → MEDIUM  (R=0.133)
22:10:42  INFO     [RAMS] Tier switch: MEDIUM → SMALL  (R=0.240)
22:10:42  INFO     [RAMS] Tier switch: SMALL → MEDIUM  (R=0.141)
22:10:42  INFO       [safety / idle] 20/200  tier=MEDIUM  latency=26.2 ms  R=0.141  target=0.00  dets=3  vru=False  backend=ultralytics
22:10:43  INFO     [RAMS] Tier switch: MEDIUM → SMALL  (R=0.170)
22:10:43  INFO       [safety / idle] 40/200  tier=SMALL   latency=20.2 ms  R=0.162  target=0.00  dets=1  vru=False  backend=ultralytics
22:10:43  INFO     [RAMS] Tier switch: SMALL → MEDIUM  (R=0.134)
22:10:43  INFO     [RAMS] Tier switch: MEDIUM → SMALL  (R=0.195)
22:10:44  INFO       [safety / idle] 60/200  tier=SMALL   latency=19.8 ms  R=0.158  target=0.00  dets=1  vru=False  backend=ultralytics
22:10:44  INFO     [RAMS] Tier switch: SMALL → MEDIUM  (R=0.127)
22:10:44  INFO     [RAMS] Tier switch: MEDIUM → SMALL  (R=0.156)
22:10:44  INFO       [safety / idle] 80/200  tier=SMALL   latency=19.7 ms  R=0.148  target=0.00  dets=4  vru=False  backend=ultralytics
22:10:45  INFO     [RAMS] Tier switch: SMALL → MEDIUM  (R=0.126)
22:10:45  INFO     [RAMS] Tier switch: MEDIUM → SMALL  (R=0.216)
22:10:45  INFO     [RAMS] Tier switch: SMALL → MEDIUM  (R=0.124)
22:10:45  INFO     [RAMS] Tier switch: MEDIUM → SMALL  (R=0.155)
22:10:45  INFO       [safety / idle] 100/200  tier=SMALL   latency=22.4 ms  R=0.166  target=0.00  dets=13  vru=True  backend=ultralytics
22:10:46  INFO     [RAMS] Tier switch: SMALL → MEDIUM  (R=0.126)
22:10:46  INFO       [safety / idle] 120/200  tier=MEDIUM  latency=25.2 ms  R=0.130  target=0.00  dets=5  vru=False  backend=ultralytics
22:10:46  INFO     [RAMS] Tier switch: MEDIUM → SMALL  (R=0.201)
22:10:46  INFO     [RAMS] Tier switch: SMALL → MEDIUM  (R=0.144)
22:10:47  INFO       [safety / idle] 140/200  tier=MEDIUM  latency=28.2 ms  R=0.176  target=0.00  dets=14  vru=False  backend=ultralytics
22:10:47  INFO     [RAMS] Tier switch: MEDIUM → SMALL  (R=0.207)
22:10:47  INFO     [RAMS] Tier switch: SMALL → MEDIUM  (R=0.133)
22:10:47  INFO     [RAMS] Tier switch: MEDIUM → SMALL  (R=0.151)
22:10:47  INFO       [safety / idle] 160/200  tier=SMALL   latency=19.8 ms  R=0.247  target=0.00  dets=2  vru=False  backend=ultralytics
22:10:47  INFO     [RAMS] Tier switch: SMALL → MEDIUM  (R=0.133)
22:10:48  INFO     [RAMS] Tier switch: MEDIUM → SMALL  (R=0.149)
22:10:48  INFO       [safety / idle] 180/200  tier=SMALL   latency=19.5 ms  R=0.208  target=0.00  dets=2  vru=False  backend=ultralytics
22:10:48  INFO     [RAMS] Tier switch: SMALL → MEDIUM  (R=0.136)
22:10:48  INFO     [RAMS] Tier switch: MEDIUM → SMALL  (R=0.225)
22:10:49  INFO       [safety / idle] 200/200  tier=SMALL   latency=20.7 ms  R=0.151  target=0.00  dets=7  vru=False  backend=ultralytics
22:10:49  INFO     [RAMS] Controller stopped.
22:10:49  INFO     
--- Block 2/10  Policy: safety2  Load: idle (0%) ---
22:10:49  INFO     [RAMS] Starting resource monitor ...
22:10:49  INFO     [RAMS] Loading model tiers ...
22:10:49  INFO     [RAMS] YOLOv8-nano ready — Ultralytics (imgsz=320).
22:10:49  INFO     [RAMS] YOLOv8-small ready — Ultralytics (imgsz=416).
22:10:50  INFO     [RAMS] YOLOv8-medium ready — Ultralytics (imgsz=640).
22:10:50  INFO     [RAMS] Controller ready. Policy: safety2
22:10:51  INFO     [RAMS] Tier switch: SMALL → MEDIUM  (R=0.078)
22:10:52  INFO       [safety2 / idle] 20/200  tier=MEDIUM  latency=27.9 ms  R=0.185  target=0.00  dets=19  vru=False  backend=ultralytics
22:10:52  INFO     [RAMS] Tier switch: MEDIUM → SMALL  (R=0.312)
22:10:52  INFO     [RAMS] Tier switch: SMALL → MEDIUM  (R=0.141)
22:10:53  INFO       [safety2 / idle] 40/200  tier=MEDIUM  latency=26.4 ms  R=0.132  target=0.00  dets=12  vru=False  backend=ultralytics
22:10:53  INFO     [RAMS] Tier switch: MEDIUM → SMALL  (R=0.158)
22:10:53  INFO     [RAMS] Tier switch: SMALL → MEDIUM  (R=0.231)
22:10:53  INFO       [safety2 / idle] 60/200  tier=MEDIUM  latency=25.7 ms  R=0.154  target=0.00  dets=8  vru=False  backend=ultralytics
22:10:54  INFO       [safety2 / idle] 80/200  tier=MEDIUM  latency=26.7 ms  R=0.234  target=0.00  dets=8  vru=False  backend=ultralytics
22:10:55  INFO       [safety2 / idle] 100/200  tier=MEDIUM  latency=24.5 ms  R=0.197  target=0.00  dets=2  vru=False  backend=ultralytics
22:10:56  INFO       [safety2 / idle] 120/200  tier=MEDIUM  latency=26.4 ms  R=0.170  target=0.00  dets=11  vru=False  backend=ultralytics
22:10:56  INFO     [RAMS] Tier switch: MEDIUM → SMALL  (R=0.147)
22:10:56  INFO     [RAMS] Tier switch: SMALL → MEDIUM  (R=0.147)
22:10:56  INFO       [safety2 / idle] 140/200  tier=MEDIUM  latency=26.7 ms  R=0.236  target=0.00  dets=7  vru=False  backend=ultralytics
22:10:57  INFO       [safety2 / idle] 160/200  tier=MEDIUM  latency=26.5 ms  R=0.208  target=0.00  dets=6  vru=False  backend=ultralytics
22:10:57  INFO     [RAMS] Tier switch: MEDIUM → SMALL  (R=0.208)
22:10:58  INFO       [safety2 / idle] 180/200  tier=SMALL   latency=20.7 ms  R=0.217  target=0.00  dets=3  vru=False  backend=ultralytics
22:10:58  INFO     [RAMS] Tier switch: SMALL → MEDIUM  (R=0.218)
22:10:59  INFO       [safety2 / idle] 200/200  tier=MEDIUM  latency=26.0 ms  R=0.234  target=0.00  dets=5  vru=False  backend=ultralytics
22:10:59  INFO     [RAMS] Controller stopped.
22:10:59  INFO     
--- Block 2/10  Policy: threshold  Load: idle (0%) ---
22:10:59  INFO     [RAMS] Starting resource monitor ...
22:10:59  INFO     [RAMS] Loading model tiers ...
22:10:59  INFO     [RAMS] YOLOv8-nano ready — Ultralytics (imgsz=320).
22:10:59  INFO     [RAMS] YOLOv8-small ready — Ultralytics (imgsz=416).
22:11:00  INFO     [RAMS] YOLOv8-medium ready — Ultralytics (imgsz=640).
22:11:00  INFO     [RAMS] Controller ready. Policy: threshold
22:11:01  INFO     [RAMS] Tier switch: SMALL → MEDIUM  (R=0.133)
22:11:01  INFO     [RAMS] Tier switch: MEDIUM → SMALL  (R=0.290)
22:11:02  INFO       [threshold / idle] 20/200  tier=SMALL   latency=23.2 ms  R=0.215  target=0.00  dets=16  vru=False  backend=ultralytics
22:11:02  INFO       [threshold / idle] 40/200  tier=SMALL   latency=20.8 ms  R=0.212  target=0.00  dets=6  vru=False  backend=ultralytics
22:11:03  INFO       [threshold / idle] 60/200  tier=SMALL   latency=22.0 ms  R=0.166  target=0.00  dets=6  vru=False  backend=ultralytics
22:11:03  INFO     [RAMS] Tier switch: SMALL → MEDIUM  (R=0.131)
22:11:04  INFO     [RAMS] Tier switch: MEDIUM → SMALL  (R=0.211)
22:11:04  INFO       [threshold / idle] 80/200  tier=SMALL   latency=20.5 ms  R=0.211  target=0.00  dets=6  vru=False  backend=ultralytics
22:11:04  INFO     [RAMS] Tier switch: SMALL → MEDIUM  (R=0.137)
22:11:04  INFO     [RAMS] Tier switch: MEDIUM → SMALL  (R=0.213)
22:11:04  INFO       [threshold / idle] 100/200  tier=SMALL   latency=19.7 ms  R=0.158  target=0.00  dets=2  vru=False  backend=ultralytics
22:11:05  INFO     [RAMS] Tier switch: SMALL → MEDIUM  (R=0.140)
22:11:05  INFO     [RAMS] Tier switch: MEDIUM → SMALL  (R=0.167)
22:11:05  INFO       [threshold / idle] 120/200  tier=SMALL   latency=20.7 ms  R=0.150  target=0.00  dets=8  vru=False  backend=ultralytics
22:11:06  INFO     [RAMS] Tier switch: SMALL → MEDIUM  (R=0.127)
22:11:06  INFO       [threshold / idle] 140/200  tier=MEDIUM  latency=25.6 ms  R=0.143  target=0.00  dets=7  vru=False  backend=ultralytics
22:11:06  INFO     [RAMS] Tier switch: MEDIUM → SMALL  (R=0.165)
22:11:06  INFO     [RAMS] Tier switch: SMALL → MEDIUM  (R=0.137)
22:11:06  INFO     [RAMS] Tier switch: MEDIUM → SMALL  (R=0.161)
22:11:06  INFO     [RAMS] Tier switch: SMALL → MEDIUM  (R=0.134)
22:11:06  INFO       [threshold / idle] 160/200  tier=MEDIUM  latency=25.3 ms  R=0.134  target=0.00  dets=6  vru=False  backend=ultralytics
22:11:07  INFO     [RAMS] Tier switch: MEDIUM → SMALL  (R=0.179)
22:11:07  INFO     [RAMS] Tier switch: SMALL → MEDIUM  (R=0.139)
22:11:07  INFO     [RAMS] Tier switch: MEDIUM → SMALL  (R=0.208)
22:11:07  INFO       [threshold / idle] 180/200  tier=SMALL   latency=20.4 ms  R=0.208  target=0.00  dets=3  vru=False  backend=ultralytics
22:11:08  INFO     [RAMS] Tier switch: SMALL → MEDIUM  (R=0.124)
22:11:08  INFO     [RAMS] Tier switch: MEDIUM → SMALL  (R=0.176)
22:11:08  INFO     [RAMS] Tier switch: SMALL → MEDIUM  (R=0.136)
22:11:08  INFO       [threshold / idle] 200/200  tier=MEDIUM  latency=25.2 ms  R=0.168  target=0.00  dets=5  vru=False  backend=ultralytics
22:11:08  INFO     [RAMS] Controller stopped.
22:11:08  INFO     
--- Block 2/10  Policy: fixed_medium  Load: idle (0%) ---
22:11:08  INFO     [RAMS] Starting resource monitor ...
22:11:08  INFO     [RAMS] Loading model tiers ...
22:11:08  INFO     [RAMS] YOLOv8-nano ready — Ultralytics (imgsz=320).
22:11:09  INFO     [RAMS] YOLOv8-small ready — Ultralytics (imgsz=416).
22:11:09  INFO     [RAMS] YOLOv8-medium ready — Ultralytics (imgsz=640).
22:11:09  INFO     [RAMS] Controller ready. Policy: fixed
22:11:10  INFO     [RAMS] Tier switch: SMALL → MEDIUM  (R=0.144)
22:11:11  INFO       [fixed_medium / idle] 20/200  tier=MEDIUM  latency=28.0 ms  R=0.210  target=0.00  dets=19  vru=False  backend=ultralytics
22:11:12  INFO       [fixed_medium / idle] 40/200  tier=MEDIUM  latency=27.5 ms  R=0.161  target=0.00  dets=12  vru=False  backend=ultralytics
22:11:13  INFO       [fixed_medium / idle] 60/200  tier=MEDIUM  latency=25.5 ms  R=0.170  target=0.00  dets=8  vru=False  backend=ultralytics
22:11:13  INFO       [fixed_medium / idle] 80/200  tier=MEDIUM  latency=25.7 ms  R=0.173  target=0.00  dets=8  vru=False  backend=ultralytics
22:11:14  INFO       [fixed_medium / idle] 100/200  tier=MEDIUM  latency=26.4 ms  R=0.194  target=0.00  dets=2  vru=False  backend=ultralytics
22:11:15  INFO       [fixed_medium / idle] 120/200  tier=MEDIUM  latency=26.2 ms  R=0.201  target=0.00  dets=11  vru=False  backend=ultralytics
22:11:16  INFO       [fixed_medium / idle] 140/200  tier=MEDIUM  latency=25.5 ms  R=0.235  target=0.00  dets=7  vru=False  backend=ultralytics
22:11:16  INFO       [fixed_medium / idle] 160/200  tier=MEDIUM  latency=25.3 ms  R=0.175  target=0.00  dets=6  vru=False  backend=ultralytics
22:11:17  INFO       [fixed_medium / idle] 180/200  tier=MEDIUM  latency=25.3 ms  R=0.133  target=0.00  dets=4  vru=False  backend=ultralytics
22:11:18  INFO       [fixed_medium / idle] 200/200  tier=MEDIUM  latency=24.9 ms  R=0.166  target=0.00  dets=5  vru=False  backend=ultralytics
22:11:18  INFO     [RAMS] Controller stopped.
22:11:18  INFO     
--- Block 2/10  Policy: fixed_small  Load: idle (0%) ---
22:11:18  INFO     [RAMS] Starting resource monitor ...
22:11:18  INFO     [RAMS] Loading model tiers ...
22:11:18  INFO     [RAMS] YOLOv8-nano ready — Ultralytics (imgsz=320).
22:11:19  INFO     [RAMS] YOLOv8-small ready — Ultralytics (imgsz=416).
22:11:19  INFO     [RAMS] YOLOv8-medium ready — Ultralytics (imgsz=640).
22:11:19  INFO     [RAMS] Controller ready. Policy: fixed
22:11:21  INFO       [fixed_small / idle] 20/200  tier=SMALL   latency=23.0 ms  R=0.213  target=0.00  dets=16  vru=False  backend=ultralytics
22:11:22  INFO       [fixed_small / idle] 40/200  tier=SMALL   latency=20.8 ms  R=0.232  target=0.00  dets=6  vru=False  backend=ultralytics
22:11:22  INFO       [fixed_small / idle] 60/200  tier=SMALL   latency=22.1 ms  R=0.212  target=0.00  dets=6  vru=False  backend=ultralytics
22:11:23  INFO       [fixed_small / idle] 80/200  tier=SMALL   latency=21.7 ms  R=0.202  target=0.00  dets=6  vru=False  backend=ultralytics
22:11:24  INFO       [fixed_small / idle] 100/200  tier=SMALL   latency=19.5 ms  R=0.179  target=0.00  dets=2  vru=False  backend=ultralytics
22:11:24  INFO       [fixed_small / idle] 120/200  tier=SMALL   latency=21.6 ms  R=0.138  target=0.00  dets=8  vru=False  backend=ultralytics
22:11:25  INFO       [fixed_small / idle] 140/200  tier=SMALL   latency=20.0 ms  R=0.147  target=0.00  dets=3  vru=False  backend=ultralytics
22:11:26  INFO       [fixed_small / idle] 160/200  tier=SMALL   latency=17.9 ms  R=0.135  target=0.00  dets=0  vru=False  backend=ultralytics
22:11:26  INFO       [fixed_small / idle] 180/200  tier=SMALL   latency=19.7 ms  R=0.172  target=0.00  dets=3  vru=False  backend=ultralytics
22:11:27  INFO       [fixed_small / idle] 200/200  tier=SMALL   latency=21.0 ms  R=0.157  target=0.00  dets=5  vru=False  backend=ultralytics
22:11:27  INFO     [RAMS] Controller stopped.
22:11:27  INFO     
--- Block 2/10  Policy: safety  Load: idle (0%) ---
22:11:27  INFO     [RAMS] Starting resource monitor ...
22:11:27  INFO     [RAMS] Loading model tiers ...
22:11:27  INFO     [RAMS] YOLOv8-nano ready — Ultralytics (imgsz=320).
22:11:28  INFO     [RAMS] YOLOv8-small ready — Ultralytics (imgsz=416).
22:11:28  INFO     [RAMS] YOLOv8-medium ready — Ultralytics (imgsz=640).
22:11:28  INFO     [RAMS] Controller ready. Policy: safety
22:11:30  INFO     [RAMS] Tier switch: SMALL → MEDIUM  (R=0.061)
22:11:30  INFO     [RAMS] Tier switch: MEDIUM → SMALL  (R=0.154)
22:11:30  INFO     [RAMS] Tier switch: SMALL → MEDIUM  (R=0.121)
22:11:30  INFO     [RAMS] Tier switch: MEDIUM → SMALL  (R=0.207)
22:11:30  INFO       [safety / idle] 20/200  tier=SMALL   latency=25.1 ms  R=0.207  target=0.00  dets=16  vru=False  backend=ultralytics
22:11:30  INFO     [RAMS] Tier switch: SMALL → MEDIUM  (R=0.138)
22:11:31  INFO     [RAMS] Tier switch: MEDIUM → SMALL  (R=0.161)
22:11:31  INFO     [RAMS] Tier switch: SMALL → MEDIUM  (R=0.122)
22:11:31  INFO       [safety / idle] 40/200  tier=MEDIUM  latency=27.4 ms  R=0.131  target=0.00  dets=12  vru=False  backend=ultralytics
22:11:31  INFO     [RAMS] Tier switch: MEDIUM → SMALL  (R=0.163)
22:11:31  INFO     [RAMS] Tier switch: SMALL → MEDIUM  (R=0.128)
22:11:31  INFO     [RAMS] Tier switch: MEDIUM → SMALL  (R=0.207)
22:11:32  INFO     [RAMS] Tier switch: SMALL → MEDIUM  (R=0.136)
22:11:32  INFO       [safety / idle] 60/200  tier=MEDIUM  latency=26.7 ms  R=0.136  target=0.00  dets=8  vru=False  backend=ultralytics
22:11:32  INFO     [RAMS] Tier switch: MEDIUM → SMALL  (R=0.157)
22:11:32  INFO     [RAMS] Tier switch: SMALL → MEDIUM  (R=0.144)
22:11:32  INFO     [RAMS] Tier switch: MEDIUM → SMALL  (R=0.216)
22:11:32  INFO       [safety / idle] 80/200  tier=SMALL   latency=20.5 ms  R=0.172  target=0.00  dets=6  vru=False  backend=ultralytics
22:11:33  INFO     [RAMS] Tier switch: SMALL → MEDIUM  (R=0.141)
22:11:33  INFO     [RAMS] Tier switch: MEDIUM → SMALL  (R=0.208)
22:11:33  INFO       [safety / idle] 100/200  tier=SMALL   latency=19.3 ms  R=0.155  target=0.00  dets=2  vru=False  backend=ultralytics
22:11:33  INFO     [RAMS] Tier switch: SMALL → MEDIUM  (R=0.139)
22:11:33  INFO     [RAMS] Tier switch: MEDIUM → SMALL  (R=0.147)
22:11:34  INFO       [safety / idle] 120/200  tier=SMALL   latency=21.0 ms  R=0.136  target=0.00  dets=8  vru=False  backend=ultralytics
22:11:34  INFO     [RAMS] Tier switch: SMALL → MEDIUM  (R=0.136)
22:11:34  INFO     [RAMS] Tier switch: MEDIUM → SMALL  (R=0.199)
22:11:34  INFO       [safety / idle] 140/200  tier=SMALL   latency=19.7 ms  R=0.220  target=0.00  dets=3  vru=False  backend=ultralytics
22:11:35  INFO     [RAMS] Tier switch: SMALL → MEDIUM  (R=0.144)
22:11:35  INFO     [RAMS] Tier switch: MEDIUM → SMALL  (R=0.214)
22:11:35  INFO       [safety / idle] 160/200  tier=SMALL   latency=17.6 ms  R=0.226  target=0.00  dets=0  vru=False  backend=ultralytics
22:11:36  INFO       [safety / idle] 180/200  tier=SMALL   latency=19.5 ms  R=0.151  target=0.00  dets=3  vru=False  backend=ultralytics
22:11:36  INFO     [RAMS] Tier switch: SMALL → MEDIUM  (R=0.122)
22:11:36  INFO     [RAMS] Tier switch: MEDIUM → SMALL  (R=0.147)
22:11:36  INFO     [RAMS] Tier switch: SMALL → MEDIUM  (R=0.129)
22:11:36  INFO     [RAMS] Tier switch: MEDIUM → SMALL  (R=0.225)
22:11:36  INFO       [safety / idle] 200/200  tier=SMALL   latency=20.1 ms  R=0.225  target=0.00  dets=5  vru=False  backend=ultralytics
22:11:36  INFO     [RAMS] Controller stopped.
22:11:36  INFO     
--- Block 2/10  Policy: adaptive  Load: idle (0%) ---
22:11:36  INFO     [RAMS] Starting resource monitor ...
22:11:36  INFO     [RAMS] Loading model tiers ...
22:11:37  INFO     [RAMS] YOLOv8-nano ready — Ultralytics (imgsz=320).
22:11:37  INFO     [RAMS] YOLOv8-small ready — Ultralytics (imgsz=416).
22:11:38  INFO     [RAMS] YOLOv8-medium ready — Ultralytics (imgsz=640).
22:11:38  INFO     [RAMS] Controller ready. Policy: adaptive
22:11:39  INFO     [RAMS] Tier switch: SMALL → MEDIUM  (R=0.061)
22:11:39  INFO     [RAMS] Tier switch: MEDIUM → SMALL  (R=0.218)
22:11:40  INFO       [adaptive / idle] 20/200  tier=SMALL   latency=23.5 ms  R=0.297  target=0.00  dets=16  vru=False  backend=ultralytics
22:11:40  INFO       [adaptive / idle] 40/200  tier=SMALL   latency=21.1 ms  R=0.259  target=0.00  dets=6  vru=False  backend=ultralytics
22:11:41  INFO       [adaptive / idle] 60/200  tier=SMALL   latency=20.8 ms  R=0.334  target=0.00  dets=6  vru=False  backend=ultralytics
22:11:42  INFO       [adaptive / idle] 80/200  tier=SMALL   latency=21.2 ms  R=0.199  target=0.00  dets=6  vru=False  backend=ultralytics
22:11:42  INFO       [adaptive / idle] 100/200  tier=SMALL   latency=20.0 ms  R=0.214  target=0.00  dets=2  vru=False  backend=ultralytics
22:11:43  INFO       [adaptive / idle] 120/200  tier=SMALL   latency=21.4 ms  R=0.230  target=0.00  dets=8  vru=False  backend=ultralytics
22:11:44  INFO       [adaptive / idle] 140/200  tier=SMALL   latency=19.9 ms  R=0.205  target=0.00  dets=3  vru=False  backend=ultralytics
22:11:44  INFO       [adaptive / idle] 160/200  tier=SMALL   latency=18.6 ms  R=0.229  target=0.00  dets=0  vru=False  backend=ultralytics
22:11:45  INFO       [adaptive / idle] 180/200  tier=SMALL   latency=20.8 ms  R=0.200  target=0.00  dets=3  vru=False  backend=ultralytics
22:11:46  INFO       [adaptive / idle] 200/200  tier=SMALL   latency=20.1 ms  R=0.144  target=0.00  dets=5  vru=False  backend=ultralytics
22:11:46  INFO     [RAMS] Controller stopped.
22:11:46  INFO     
--- Block 2/10  Policy: fixed_nano  Load: idle (0%) ---
22:11:46  INFO     [RAMS] Starting resource monitor ...
22:11:46  INFO     [RAMS] Loading model tiers ...
22:11:46  INFO     [RAMS] YOLOv8-nano ready — Ultralytics (imgsz=320).
22:11:46  INFO     [RAMS] YOLOv8-small ready — Ultralytics (imgsz=416).
22:11:47  INFO     [RAMS] YOLOv8-medium ready — Ultralytics (imgsz=640).
22:11:47  INFO     [RAMS] Controller ready. Policy: fixed
22:11:48  INFO     [RAMS] Tier switch: SMALL → NANO  (R=0.061)
22:11:49  INFO       [fixed_nano / idle] 20/200  tier=NANO    latency=21.2 ms  R=0.129  target=0.00  dets=14  vru=False  backend=ultralytics
22:11:49  INFO       [fixed_nano / idle] 40/200  tier=NANO    latency=19.3 ms  R=0.171  target=0.00  dets=4  vru=False  backend=ultralytics
22:11:50  INFO       [fixed_nano / idle] 60/200  tier=NANO    latency=19.0 ms  R=0.137  target=0.00  dets=3  vru=False  backend=ultralytics
22:11:51  INFO       [fixed_nano / idle] 80/200  tier=NANO    latency=19.2 ms  R=0.144  target=0.00  dets=4  vru=False  backend=ultralytics
22:11:51  INFO       [fixed_nano / idle] 100/200  tier=NANO    latency=19.7 ms  R=0.202  target=0.00  dets=1  vru=False  backend=ultralytics
22:11:52  INFO       [fixed_nano / idle] 120/200  tier=NANO    latency=19.2 ms  R=0.139  target=0.00  dets=4  vru=False  backend=ultralytics
22:11:53  INFO       [fixed_nano / idle] 140/200  tier=NANO    latency=18.8 ms  R=0.151  target=0.00  dets=2  vru=False  backend=ultralytics
22:11:53  INFO       [fixed_nano / idle] 160/200  tier=NANO    latency=18.9 ms  R=0.137  target=0.00  dets=0  vru=False  backend=ultralytics
22:11:54  INFO       [fixed_nano / idle] 180/200  tier=NANO    latency=18.8 ms  R=0.143  target=0.00  dets=2  vru=False  backend=ultralytics
22:11:54  INFO       [fixed_nano / idle] 200/200  tier=NANO    latency=19.4 ms  R=0.138  target=0.00  dets=5  vru=False  backend=ultralytics
22:11:55  INFO     [RAMS] Controller stopped.
22:11:55  INFO     
--- Block 2/10  Policy: predictive  Load: idle (0%) ---
22:11:55  INFO     [RAMS] Starting resource monitor ...
22:11:55  INFO     [RAMS] Loading model tiers ...
22:11:55  INFO     [RAMS] YOLOv8-nano ready — Ultralytics (imgsz=320).
22:11:55  INFO     [RAMS] YOLOv8-small ready — Ultralytics (imgsz=416).
22:11:56  INFO     [RAMS] YOLOv8-medium ready — Ultralytics (imgsz=640).
22:11:56  INFO     [RAMS] Controller ready. Policy: predictive
22:11:57  INFO     [RAMS] Tier switch: SMALL → MEDIUM  (R=0.066)
22:11:57  INFO     [RAMS] Tier switch: MEDIUM → SMALL  (R=0.230)
22:11:58  INFO       [predictive / idle] 20/200  tier=SMALL   latency=22.4 ms  R=0.147  target=0.00  dets=16  vru=False  backend=ultralytics
22:11:58  INFO     [RAMS] Tier switch: SMALL → MEDIUM  (R=0.129)
22:11:58  INFO     [RAMS] Tier switch: MEDIUM → SMALL  (R=0.303)
22:11:58  INFO       [predictive / idle] 40/200  tier=SMALL   latency=20.4 ms  R=0.302  target=0.00  dets=6  vru=False  backend=ultralytics
22:11:59  INFO     [RAMS] Tier switch: SMALL → MEDIUM  (R=0.135)
22:11:59  INFO     [RAMS] Tier switch: MEDIUM → SMALL  (R=0.221)
22:11:59  INFO       [predictive / idle] 60/200  tier=SMALL   latency=20.6 ms  R=0.221  target=0.00  dets=6  vru=False  backend=ultralytics
22:12:00  INFO     [RAMS] Tier switch: SMALL → MEDIUM  (R=0.138)
22:12:00  INFO       [predictive / idle] 80/200  tier=MEDIUM  latency=27.4 ms  R=0.138  target=0.00  dets=8  vru=False  backend=ultralytics
22:12:00  INFO     [RAMS] Tier switch: MEDIUM → SMALL  (R=0.163)
22:12:00  INFO     [RAMS] Tier switch: SMALL → MEDIUM  (R=0.133)
22:12:00  INFO     [RAMS] Tier switch: MEDIUM → SMALL  (R=0.247)
22:12:00  INFO       [predictive / idle] 100/200  tier=SMALL   latency=20.2 ms  R=0.247  target=0.00  dets=2  vru=False  backend=ultralytics
22:12:01  INFO       [predictive / idle] 120/200  tier=SMALL   latency=21.1 ms  R=0.223  target=0.00  dets=8  vru=False  backend=ultralytics
22:12:02  INFO       [predictive / idle] 140/200  tier=SMALL   latency=21.3 ms  R=0.231  target=0.00  dets=3  vru=False  backend=ultralytics
22:12:02  INFO       [predictive / idle] 160/200  tier=SMALL   latency=18.4 ms  R=0.264  target=0.00  dets=0  vru=False  backend=ultralytics
22:12:03  INFO       [predictive / idle] 180/200  tier=SMALL   latency=20.9 ms  R=0.239  target=0.00  dets=3  vru=False  backend=ultralytics
22:12:04  INFO       [predictive / idle] 200/200  tier=SMALL   latency=22.3 ms  R=0.215  target=0.00  dets=5  vru=False  backend=ultralytics
22:12:04  INFO     [RAMS] Controller stopped.
22:12:04  INFO     
--- Block 3/10  Policy: threshold  Load: idle (0%) ---
22:12:04  INFO     [RAMS] Starting resource monitor ...
22:12:04  INFO     [RAMS] Loading model tiers ...
22:12:04  INFO     [RAMS] YOLOv8-nano ready — Ultralytics (imgsz=320).
22:12:04  INFO     [RAMS] YOLOv8-small ready — Ultralytics (imgsz=416).
22:12:05  INFO     [RAMS] YOLOv8-medium ready — Ultralytics (imgsz=640).
22:12:05  INFO     [RAMS] Controller ready. Policy: threshold
22:12:06  INFO     [RAMS] Tier switch: SMALL → MEDIUM  (R=0.121)
22:12:06  INFO     [RAMS] Tier switch: MEDIUM → SMALL  (R=0.293)
22:12:07  INFO     [RAMS] Tier switch: SMALL → MEDIUM  (R=0.141)
22:12:07  INFO     [RAMS] Tier switch: MEDIUM → SMALL  (R=0.194)
22:12:07  INFO       [threshold / idle] 20/200  tier=SMALL   latency=20.8 ms  R=0.194  target=0.00  dets=7  vru=False  backend=ultralytics
22:12:07  INFO     [RAMS] Tier switch: SMALL → MEDIUM  (R=0.145)
22:12:07  INFO     [RAMS] Tier switch: MEDIUM → SMALL  (R=0.174)
22:12:07  INFO       [threshold / idle] 40/200  tier=SMALL   latency=21.2 ms  R=0.164  target=0.00  dets=6  vru=False  backend=ultralytics
22:12:08  INFO     [RAMS] Tier switch: SMALL → MEDIUM  (R=0.131)
22:12:08  INFO     [RAMS] Tier switch: MEDIUM → SMALL  (R=0.151)
22:12:08  INFO       [threshold / idle] 60/200  tier=SMALL   latency=22.2 ms  R=0.149  target=0.00  dets=13  vru=False  backend=ultralytics
22:12:08  INFO     [RAMS] Tier switch: SMALL → MEDIUM  (R=0.132)
22:12:08  INFO     [RAMS] Tier switch: MEDIUM → SMALL  (R=0.211)
22:12:09  INFO     [RAMS] Tier switch: SMALL → MEDIUM  (R=0.136)
22:12:09  INFO       [threshold / idle] 80/200  tier=MEDIUM  latency=27.5 ms  R=0.135  target=0.00  dets=18  vru=True  backend=ultralytics
22:12:09  INFO     [RAMS] Tier switch: MEDIUM → SMALL  (R=0.148)
22:12:09  INFO     [RAMS] Tier switch: SMALL → MEDIUM  (R=0.144)
22:12:09  INFO     [RAMS] Tier switch: MEDIUM → SMALL  (R=0.204)
22:12:09  INFO     [RAMS] Tier switch: SMALL → MEDIUM  (R=0.138)
22:12:10  INFO       [threshold / idle] 100/200  tier=MEDIUM  latency=24.4 ms  R=0.141  target=0.00  dets=2  vru=False  backend=ultralytics
22:12:10  INFO     [RAMS] Tier switch: MEDIUM → SMALL  (R=0.227)
22:12:10  INFO     [RAMS] Tier switch: SMALL → MEDIUM  (R=0.130)
22:12:10  INFO     [RAMS] Tier switch: MEDIUM → SMALL  (R=0.154)
22:12:10  INFO       [threshold / idle] 120/200  tier=SMALL   latency=23.3 ms  R=0.151  target=0.00  dets=6  vru=False  backend=ultralytics
22:12:11  INFO     [RAMS] Tier switch: SMALL → MEDIUM  (R=0.142)
22:12:11  INFO       [threshold / idle] 140/200  tier=MEDIUM  latency=25.3 ms  R=0.132  target=0.00  dets=6  vru=True  backend=ultralytics
22:12:11  INFO     [RAMS] Tier switch: MEDIUM → SMALL  (R=0.173)
22:12:12  INFO       [threshold / idle] 160/200  tier=SMALL   latency=19.4 ms  R=0.168  target=0.00  dets=2  vru=False  backend=ultralytics
22:12:12  INFO     [RAMS] Tier switch: SMALL → MEDIUM  (R=0.134)
22:12:12  INFO     [RAMS] Tier switch: MEDIUM → SMALL  (R=0.207)
22:12:12  INFO       [threshold / idle] 180/200  tier=SMALL   latency=20.4 ms  R=0.260  target=0.00  dets=6  vru=False  backend=ultralytics
22:12:13  INFO     [RAMS] Tier switch: SMALL → MEDIUM  (R=0.135)
22:12:13  INFO     [RAMS] Tier switch: MEDIUM → SMALL  (R=0.151)
22:12:13  INFO       [threshold / idle] 200/200  tier=SMALL   latency=21.4 ms  R=0.158  target=0.00  dets=4  vru=False  backend=ultralytics
22:12:13  INFO     [RAMS] Controller stopped.
22:12:13  INFO     
--- Block 3/10  Policy: adaptive  Load: idle (0%) ---
22:12:13  INFO     [RAMS] Starting resource monitor ...
22:12:13  INFO     [RAMS] Loading model tiers ...
22:12:13  INFO     [RAMS] YOLOv8-nano ready — Ultralytics (imgsz=320).
22:12:14  INFO     [RAMS] YOLOv8-small ready — Ultralytics (imgsz=416).
22:12:14  INFO     [RAMS] YOLOv8-medium ready — Ultralytics (imgsz=640).
22:12:14  INFO     [RAMS] Controller ready. Policy: adaptive
22:12:15  INFO     [RAMS] Tier switch: SMALL → MEDIUM  (R=0.067)
22:12:16  INFO     [RAMS] Tier switch: MEDIUM → SMALL  (R=0.213)
22:12:16  INFO     [RAMS] Tier switch: SMALL → MEDIUM  (R=0.122)
22:12:16  INFO     [RAMS] Tier switch: MEDIUM → SMALL  (R=0.219)
22:12:16  INFO       [adaptive / idle] 20/200  tier=SMALL   latency=21.2 ms  R=0.148  target=0.00  dets=7  vru=False  backend=ultralytics
22:12:17  INFO       [adaptive / idle] 40/200  tier=SMALL   latency=20.9 ms  R=0.152  target=0.00  dets=6  vru=False  backend=ultralytics
22:12:17  INFO       [adaptive / idle] 60/200  tier=SMALL   latency=21.9 ms  R=0.137  target=0.00  dets=13  vru=False  backend=ultralytics
22:12:18  INFO     [RAMS] Tier switch: SMALL → MEDIUM  (R=0.127)
22:12:18  INFO       [adaptive / idle] 80/200  tier=MEDIUM  latency=28.5 ms  R=0.184  target=0.00  dets=18  vru=True  backend=ultralytics
22:12:18  INFO     [RAMS] Tier switch: MEDIUM → SMALL  (R=0.184)
22:12:19  INFO     [RAMS] Tier switch: SMALL → MEDIUM  (R=0.132)
22:12:19  INFO       [adaptive / idle] 100/200  tier=MEDIUM  latency=25.4 ms  R=0.132  target=0.00  dets=2  vru=False  backend=ultralytics
22:12:19  INFO     [RAMS] Tier switch: MEDIUM → SMALL  (R=0.180)
22:12:20  INFO       [adaptive / idle] 120/200  tier=SMALL   latency=20.4 ms  R=0.187  target=0.00  dets=6  vru=False  backend=ultralytics
22:12:20  INFO       [adaptive / idle] 140/200  tier=SMALL   latency=20.5 ms  R=0.163  target=0.00  dets=5  vru=True  backend=ultralytics
22:12:21  INFO     [RAMS] Tier switch: SMALL → MEDIUM  (R=0.135)
22:12:21  INFO     [RAMS] Tier switch: MEDIUM → SMALL  (R=0.151)
22:12:21  INFO     [RAMS] Tier switch: SMALL → MEDIUM  (R=0.132)
22:12:21  INFO       [adaptive / idle] 160/200  tier=MEDIUM  latency=25.1 ms  R=0.132  target=0.00  dets=4  vru=False  backend=ultralytics
22:12:21  INFO     [RAMS] Tier switch: MEDIUM → SMALL  (R=0.192)
22:12:22  INFO       [adaptive / idle] 180/200  tier=SMALL   latency=21.6 ms  R=0.187  target=0.00  dets=6  vru=False  backend=ultralytics
22:12:22  INFO       [adaptive / idle] 200/200  tier=SMALL   latency=22.3 ms  R=0.216  target=0.00  dets=4  vru=False  backend=ultralytics
22:12:22  INFO     [RAMS] Controller stopped.
22:12:22  INFO     
--- Block 3/10  Policy: predictive  Load: idle (0%) ---
22:12:22  INFO     [RAMS] Starting resource monitor ...
22:12:22  INFO     [RAMS] Loading model tiers ...
22:12:23  INFO     [RAMS] YOLOv8-nano ready — Ultralytics (imgsz=320).
22:12:23  INFO     [RAMS] YOLOv8-small ready — Ultralytics (imgsz=416).
22:12:24  INFO     [RAMS] YOLOv8-medium ready — Ultralytics (imgsz=640).
22:12:24  INFO     [RAMS] Controller ready. Policy: predictive
22:12:26  INFO       [predictive / idle] 20/200  tier=SMALL   latency=21.0 ms  R=0.217  target=0.00  dets=7  vru=False  backend=ultralytics
22:12:26  INFO       [predictive / idle] 40/200  tier=SMALL   latency=21.8 ms  R=0.226  target=0.00  dets=6  vru=False  backend=ultralytics
22:12:27  INFO       [predictive / idle] 60/200  tier=SMALL   latency=21.7 ms  R=0.209  target=0.00  dets=13  vru=False  backend=ultralytics
22:12:28  INFO       [predictive / idle] 80/200  tier=SMALL   latency=22.3 ms  R=0.146  target=0.00  dets=15  vru=True  backend=ultralytics
22:12:28  INFO     [RAMS] Tier switch: SMALL → MEDIUM  (R=0.139)
22:12:28  INFO     [RAMS] Tier switch: MEDIUM → SMALL  (R=0.181)
22:12:28  INFO       [predictive / idle] 100/200  tier=SMALL   latency=21.0 ms  R=0.181  target=0.00  dets=2  vru=False  backend=ultralytics
22:12:29  INFO     [RAMS] Tier switch: SMALL → MEDIUM  (R=0.137)
22:12:29  INFO       [predictive / idle] 120/200  tier=MEDIUM  latency=26.4 ms  R=0.154  target=0.00  dets=11  vru=False  backend=ultralytics
22:12:29  INFO     [RAMS] Tier switch: MEDIUM → SMALL  (R=0.154)
22:12:29  INFO     [RAMS] Tier switch: SMALL → MEDIUM  (R=0.133)
22:12:29  INFO     [RAMS] Tier switch: MEDIUM → SMALL  (R=0.288)
22:12:30  INFO       [predictive / idle] 140/200  tier=SMALL   latency=21.3 ms  R=0.160  target=0.00  dets=5  vru=True  backend=ultralytics
22:12:30  INFO     [RAMS] Tier switch: SMALL → MEDIUM  (R=0.136)
22:12:30  INFO     [RAMS] Tier switch: MEDIUM → SMALL  (R=0.226)
22:12:30  INFO       [predictive / idle] 160/200  tier=SMALL   latency=19.8 ms  R=0.157  target=0.00  dets=2  vru=False  backend=ultralytics
22:12:31  INFO     [RAMS] Tier switch: SMALL → MEDIUM  (R=0.135)
22:12:31  INFO       [predictive / idle] 180/200  tier=MEDIUM  latency=26.1 ms  R=0.127  target=0.00  dets=10  vru=False  backend=ultralytics
22:12:31  INFO     [RAMS] Tier switch: MEDIUM → SMALL  (R=0.184)
22:12:32  INFO       [predictive / idle] 200/200  tier=SMALL   latency=19.9 ms  R=0.163  target=0.00  dets=4  vru=False  backend=ultralytics
22:12:32  INFO     [RAMS] Controller stopped.
22:12:32  INFO     
--- Block 3/10  Policy: fixed_medium  Load: idle (0%) ---
22:12:32  INFO     [RAMS] Starting resource monitor ...
22:12:32  INFO     [RAMS] Loading model tiers ...
22:12:32  INFO     [RAMS] YOLOv8-nano ready — Ultralytics (imgsz=320).
22:12:32  INFO     [RAMS] YOLOv8-small ready — Ultralytics (imgsz=416).
22:12:33  INFO     [RAMS] YOLOv8-medium ready — Ultralytics (imgsz=640).
22:12:33  INFO     [RAMS] Controller ready. Policy: fixed
22:12:34  INFO     [RAMS] Tier switch: SMALL → MEDIUM  (R=0.079)
22:12:35  INFO       [fixed_medium / idle] 20/200  tier=MEDIUM  latency=25.7 ms  R=0.211  target=0.00  dets=7  vru=False  backend=ultralytics
22:12:36  INFO       [fixed_medium / idle] 40/200  tier=MEDIUM  latency=26.7 ms  R=0.242  target=0.00  dets=11  vru=True  backend=ultralytics
22:12:36  INFO       [fixed_medium / idle] 60/200  tier=MEDIUM  latency=28.6 ms  R=0.313  target=0.00  dets=14  vru=False  backend=ultralytics
22:12:37  INFO       [fixed_medium / idle] 80/200  tier=MEDIUM  latency=28.2 ms  R=0.193  target=0.00  dets=18  vru=True  backend=ultralytics
22:12:38  INFO       [fixed_medium / idle] 100/200  tier=MEDIUM  latency=25.0 ms  R=0.191  target=0.00  dets=2  vru=False  backend=ultralytics
22:12:39  INFO       [fixed_medium / idle] 120/200  tier=MEDIUM  latency=26.6 ms  R=0.223  target=0.00  dets=11  vru=False  backend=ultralytics
22:12:40  INFO       [fixed_medium / idle] 140/200  tier=MEDIUM  latency=25.4 ms  R=0.152  target=0.00  dets=6  vru=True  backend=ultralytics
22:12:40  INFO       [fixed_medium / idle] 160/200  tier=MEDIUM  latency=26.4 ms  R=0.188  target=0.00  dets=4  vru=False  backend=ultralytics
22:12:41  INFO       [fixed_medium / idle] 180/200  tier=MEDIUM  latency=26.4 ms  R=0.170  target=0.00  dets=10  vru=False  backend=ultralytics
22:12:42  INFO       [fixed_medium / idle] 200/200  tier=MEDIUM  latency=25.5 ms  R=0.177  target=0.00  dets=6  vru=True  backend=ultralytics
22:12:42  INFO     [RAMS] Controller stopped.
22:12:42  INFO     
--- Block 3/10  Policy: safety2  Load: idle (0%) ---
22:12:42  INFO     [RAMS] Starting resource monitor ...
22:12:42  INFO     [RAMS] Loading model tiers ...
22:12:42  INFO     [RAMS] YOLOv8-nano ready — Ultralytics (imgsz=320).
22:12:42  INFO     [RAMS] YOLOv8-small ready — Ultralytics (imgsz=416).
22:12:43  INFO     [RAMS] YOLOv8-medium ready — Ultralytics (imgsz=640).
22:12:43  INFO     [RAMS] Controller ready. Policy: safety2
22:12:44  INFO     [RAMS] Tier switch: SMALL → MEDIUM  (R=0.143)
22:12:44  INFO     [RAMS] Tier switch: MEDIUM → SMALL  (R=0.293)
22:12:45  INFO     [RAMS] Tier switch: SMALL → MEDIUM  (R=0.240)
22:12:45  INFO       [safety2 / idle] 20/200  tier=MEDIUM  latency=28.2 ms  R=0.212  target=0.00  dets=7  vru=False  backend=ultralytics
22:12:45  INFO     [RAMS] Tier switch: MEDIUM → SMALL  (R=0.308)
22:12:46  INFO     [RAMS] Tier switch: SMALL → MEDIUM  (R=0.236)
22:12:46  INFO       [safety2 / idle] 40/200  tier=MEDIUM  latency=27.3 ms  R=0.265  target=0.00  dets=11  vru=True  backend=ultralytics
22:12:46  INFO     [RAMS] Tier switch: MEDIUM → SMALL  (R=0.261)
22:12:46  INFO     [RAMS] Tier switch: SMALL → MEDIUM  (R=0.183)
22:12:46  INFO       [safety2 / idle] 60/200  tier=MEDIUM  latency=28.8 ms  R=0.277  target=0.00  dets=14  vru=False  backend=ultralytics
22:12:47  INFO       [safety2 / idle] 80/200  tier=MEDIUM  latency=30.4 ms  R=0.238  target=0.00  dets=18  vru=True  backend=ultralytics
22:12:48  INFO       [safety2 / idle] 100/200  tier=MEDIUM  latency=24.8 ms  R=0.235  target=0.00  dets=2  vru=False  backend=ultralytics
22:12:48  INFO     [RAMS] Tier switch: MEDIUM → SMALL  (R=0.280)
22:12:49  INFO     [RAMS] Tier switch: SMALL → MEDIUM  (R=0.129)
22:12:49  INFO       [safety2 / idle] 120/200  tier=MEDIUM  latency=26.4 ms  R=0.137  target=0.00  dets=11  vru=False  backend=ultralytics
22:12:50  INFO       [safety2 / idle] 140/200  tier=MEDIUM  latency=25.5 ms  R=0.212  target=0.00  dets=6  vru=True  backend=ultralytics
22:12:50  INFO     [RAMS] Tier switch: MEDIUM → SMALL  (R=0.153)
22:12:50  INFO     [RAMS] Tier switch: SMALL → MEDIUM  (R=0.143)
22:12:50  INFO     [RAMS] Tier switch: MEDIUM → SMALL  (R=0.161)
22:12:50  INFO       [safety2 / idle] 160/200  tier=SMALL   latency=21.1 ms  R=0.234  target=0.00  dets=2  vru=False  backend=ultralytics
22:12:51  INFO     [RAMS] Tier switch: SMALL → MEDIUM  (R=0.150)
22:12:51  INFO       [safety2 / idle] 180/200  tier=MEDIUM  latency=26.3 ms  R=0.188  target=0.00  dets=10  vru=False  backend=ultralytics
22:12:52  INFO     [RAMS] Tier switch: MEDIUM → SMALL  (R=0.156)
22:12:52  INFO       [safety2 / idle] 200/200  tier=SMALL   latency=20.2 ms  R=0.226  target=0.00  dets=4  vru=False  backend=ultralytics
22:12:52  INFO     [RAMS] Controller stopped.
22:12:52  INFO     
--- Block 3/10  Policy: fixed_small  Load: idle (0%) ---
22:12:52  INFO     [RAMS] Starting resource monitor ...
22:12:52  INFO     [RAMS] Loading model tiers ...
22:12:52  INFO     [RAMS] YOLOv8-nano ready — Ultralytics (imgsz=320).
22:12:52  INFO     [RAMS] YOLOv8-small ready — Ultralytics (imgsz=416).
22:12:53  INFO     [RAMS] YOLOv8-medium ready — Ultralytics (imgsz=640).
22:12:53  INFO     [RAMS] Controller ready. Policy: fixed
22:12:55  INFO       [fixed_small / idle] 20/200  tier=SMALL   latency=20.4 ms  R=0.137  target=0.00  dets=7  vru=False  backend=ultralytics
22:12:55  INFO       [fixed_small / idle] 40/200  tier=SMALL   latency=20.3 ms  R=0.230  target=0.00  dets=6  vru=False  backend=ultralytics
22:12:56  INFO       [fixed_small / idle] 60/200  tier=SMALL   latency=21.8 ms  R=0.131  target=0.00  dets=13  vru=False  backend=ultralytics
22:12:57  INFO       [fixed_small / idle] 80/200  tier=SMALL   latency=23.6 ms  R=0.159  target=0.00  dets=15  vru=True  backend=ultralytics
22:12:57  INFO       [fixed_small / idle] 100/200  tier=SMALL   latency=19.6 ms  R=0.234  target=0.00  dets=2  vru=False  backend=ultralytics
22:12:58  INFO       [fixed_small / idle] 120/200  tier=SMALL   latency=21.5 ms  R=0.151  target=0.00  dets=6  vru=False  backend=ultralytics
22:12:59  INFO       [fixed_small / idle] 140/200  tier=SMALL   latency=20.0 ms  R=0.181  target=0.00  dets=5  vru=True  backend=ultralytics
22:12:59  INFO       [fixed_small / idle] 160/200  tier=SMALL   latency=20.6 ms  R=0.169  target=0.00  dets=2  vru=False  backend=ultralytics
22:13:00  INFO       [fixed_small / idle] 180/200  tier=SMALL   latency=20.3 ms  R=0.167  target=0.00  dets=6  vru=False  backend=ultralytics
22:13:01  INFO       [fixed_small / idle] 200/200  tier=SMALL   latency=20.9 ms  R=0.130  target=0.00  dets=4  vru=False  backend=ultralytics
22:13:01  INFO     [RAMS] Controller stopped.
22:13:01  INFO     
--- Block 3/10  Policy: safety  Load: idle (0%) ---
22:13:01  INFO     [RAMS] Starting resource monitor ...
22:13:01  INFO     [RAMS] Loading model tiers ...
22:13:01  INFO     [RAMS] YOLOv8-nano ready — Ultralytics (imgsz=320).
22:13:01  INFO     [RAMS] YOLOv8-small ready — Ultralytics (imgsz=416).
22:13:02  INFO     [RAMS] YOLOv8-medium ready — Ultralytics (imgsz=640).
22:13:02  INFO     [RAMS] Controller ready. Policy: safety
22:13:03  INFO     [RAMS] Tier switch: SMALL → MEDIUM  (R=0.073)
22:13:03  INFO     [RAMS] Tier switch: MEDIUM → SMALL  (R=0.339)
22:13:04  INFO       [safety / idle] 20/200  tier=SMALL   latency=23.2 ms  R=0.347  target=0.00  dets=7  vru=False  backend=ultralytics
22:13:04  INFO       [safety / idle] 40/200  tier=SMALL   latency=21.7 ms  R=0.303  target=0.00  dets=6  vru=False  backend=ultralytics
22:13:05  INFO       [safety / idle] 60/200  tier=SMALL   latency=22.3 ms  R=0.216  target=0.00  dets=13  vru=False  backend=ultralytics
22:13:06  INFO       [safety / idle] 80/200  tier=SMALL   latency=23.8 ms  R=0.231  target=0.00  dets=15  vru=True  backend=ultralytics
22:13:06  INFO       [safety / idle] 100/200  tier=SMALL   latency=20.5 ms  R=0.323  target=0.00  dets=2  vru=False  backend=ultralytics
22:13:07  INFO       [safety / idle] 120/200  tier=SMALL   latency=20.9 ms  R=0.204  target=0.00  dets=6  vru=False  backend=ultralytics
22:13:08  INFO       [safety / idle] 140/200  tier=SMALL   latency=21.2 ms  R=0.223  target=0.00  dets=5  vru=True  backend=ultralytics
22:13:08  INFO       [safety / idle] 160/200  tier=SMALL   latency=21.1 ms  R=0.327  target=0.00  dets=2  vru=False  backend=ultralytics
22:13:09  INFO       [safety / idle] 180/200  tier=SMALL   latency=20.9 ms  R=0.202  target=0.00  dets=6  vru=False  backend=ultralytics
22:13:10  INFO       [safety / idle] 200/200  tier=SMALL   latency=20.1 ms  R=0.138  target=0.00  dets=4  vru=False  backend=ultralytics
22:13:10  INFO     [RAMS] Controller stopped.
22:13:10  INFO     
--- Block 3/10  Policy: fixed_nano  Load: idle (0%) ---
22:13:10  INFO     [RAMS] Starting resource monitor ...
22:13:10  INFO     [RAMS] Loading model tiers ...
22:13:10  INFO     [RAMS] YOLOv8-nano ready — Ultralytics (imgsz=320).
22:13:11  INFO     [RAMS] YOLOv8-small ready — Ultralytics (imgsz=416).
22:13:11  INFO     [RAMS] YOLOv8-medium ready — Ultralytics (imgsz=640).
22:13:11  INFO     [RAMS] Controller ready. Policy: fixed
22:13:12  INFO     [RAMS] Tier switch: SMALL → NANO  (R=0.159)
22:13:13  INFO       [fixed_nano / idle] 20/200  tier=NANO    latency=19.9 ms  R=0.155  target=0.00  dets=6  vru=False  backend=ultralytics
22:13:14  INFO       [fixed_nano / idle] 40/200  tier=NANO    latency=18.6 ms  R=0.162  target=0.00  dets=1  vru=False  backend=ultralytics
22:13:14  INFO       [fixed_nano / idle] 60/200  tier=NANO    latency=21.5 ms  R=0.154  target=0.00  dets=9  vru=False  backend=ultralytics
22:13:15  INFO       [fixed_nano / idle] 80/200  tier=NANO    latency=20.1 ms  R=0.135  target=0.00  dets=8  vru=False  backend=ultralytics
22:13:16  INFO       [fixed_nano / idle] 100/200  tier=NANO    latency=18.6 ms  R=0.136  target=0.00  dets=0  vru=False  backend=ultralytics
22:13:16  INFO       [fixed_nano / idle] 120/200  tier=NANO    latency=19.5 ms  R=0.140  target=0.00  dets=4  vru=False  backend=ultralytics
22:13:17  INFO       [fixed_nano / idle] 140/200  tier=NANO    latency=19.7 ms  R=0.145  target=0.00  dets=4  vru=True  backend=ultralytics
22:13:17  INFO       [fixed_nano / idle] 160/200  tier=NANO    latency=19.5 ms  R=0.236  target=0.00  dets=3  vru=False  backend=ultralytics
22:13:18  INFO       [fixed_nano / idle] 180/200  tier=NANO    latency=19.3 ms  R=0.133  target=0.00  dets=4  vru=False  backend=ultralytics
22:13:19  INFO       [fixed_nano / idle] 200/200  tier=NANO    latency=18.9 ms  R=0.143  target=0.00  dets=2  vru=False  backend=ultralytics
22:13:19  INFO     [RAMS] Controller stopped.
22:13:19  INFO     
--- Block 4/10  Policy: adaptive  Load: idle (0%) ---
22:13:19  INFO     [RAMS] Starting resource monitor ...
22:13:19  INFO     [RAMS] Loading model tiers ...
22:13:19  INFO     [RAMS] YOLOv8-nano ready — Ultralytics (imgsz=320).
22:13:19  INFO     [RAMS] YOLOv8-small ready — Ultralytics (imgsz=416).
22:13:20  INFO     [RAMS] YOLOv8-medium ready — Ultralytics (imgsz=640).
22:13:20  INFO     [RAMS] Controller ready. Policy: adaptive
22:13:21  INFO     [RAMS] Tier switch: SMALL → MEDIUM  (R=0.090)
22:13:21  INFO     [RAMS] Tier switch: MEDIUM → SMALL  (R=0.231)
22:13:22  INFO     [RAMS] Tier switch: SMALL → MEDIUM  (R=0.131)
22:13:22  INFO       [adaptive / idle] 20/200  tier=MEDIUM  latency=25.1 ms  R=0.131  target=0.00  dets=2  vru=False  backend=ultralytics
22:13:22  INFO     [RAMS] Tier switch: MEDIUM → SMALL  (R=0.198)
22:13:23  INFO       [adaptive / idle] 40/200  tier=SMALL   latency=19.5 ms  R=0.163  target=0.00  dets=2  vru=False  backend=ultralytics
22:13:23  INFO     [RAMS] Tier switch: SMALL → MEDIUM  (R=0.137)
22:13:23  INFO     [RAMS] Tier switch: MEDIUM → SMALL  (R=0.166)
22:13:23  INFO     [RAMS] Tier switch: SMALL → MEDIUM  (R=0.131)
22:13:23  INFO     [RAMS] Tier switch: MEDIUM → SMALL  (R=0.163)
22:13:23  INFO       [adaptive / idle] 60/200  tier=SMALL   latency=20.0 ms  R=0.163  target=0.00  dets=3  vru=False  backend=ultralytics
22:13:24  INFO     [RAMS] Tier switch: SMALL → MEDIUM  (R=0.124)
22:13:24  INFO       [adaptive / idle] 80/200  tier=MEDIUM  latency=26.9 ms  R=0.124  target=0.00  dets=6  vru=False  backend=ultralytics
22:13:24  INFO     [RAMS] Tier switch: MEDIUM → SMALL  (R=0.197)
22:13:25  INFO       [adaptive / idle] 100/200  tier=SMALL   latency=23.6 ms  R=0.199  target=0.00  dets=12  vru=False  backend=ultralytics
22:13:25  INFO       [adaptive / idle] 120/200  tier=SMALL   latency=20.9 ms  R=0.220  target=0.00  dets=6  vru=False  backend=ultralytics
22:13:26  INFO       [adaptive / idle] 140/200  tier=SMALL   latency=21.7 ms  R=0.215  target=0.00  dets=8  vru=False  backend=ultralytics
22:13:27  INFO       [adaptive / idle] 160/200  tier=SMALL   latency=20.7 ms  R=0.272  target=0.00  dets=2  vru=False  backend=ultralytics
22:13:27  INFO       [adaptive / idle] 180/200  tier=SMALL   latency=21.0 ms  R=0.223  target=0.00  dets=1  vru=True  backend=ultralytics
22:13:28  INFO       [adaptive / idle] 200/200  tier=SMALL   latency=19.9 ms  R=0.257  target=0.00  dets=1  vru=True  backend=ultralytics
22:13:28  INFO     [RAMS] Controller stopped.
22:13:28  INFO     
--- Block 4/10  Policy: predictive  Load: idle (0%) ---
22:13:28  INFO     [RAMS] Starting resource monitor ...
22:13:28  INFO     [RAMS] Loading model tiers ...
22:13:28  INFO     [RAMS] YOLOv8-nano ready — Ultralytics (imgsz=320).
22:13:29  INFO     [RAMS] YOLOv8-small ready — Ultralytics (imgsz=416).
22:13:29  INFO     [RAMS] YOLOv8-medium ready — Ultralytics (imgsz=640).
22:13:29  INFO     [RAMS] Controller ready. Policy: predictive
22:13:31  INFO     [RAMS] Tier switch: SMALL → MEDIUM  (R=0.136)
22:13:31  INFO     [RAMS] Tier switch: MEDIUM → SMALL  (R=0.148)
22:13:31  INFO       [predictive / idle] 20/200  tier=SMALL   latency=19.3 ms  R=0.189  target=0.00  dets=1  vru=False  backend=ultralytics
22:13:31  INFO     [RAMS] Tier switch: SMALL → MEDIUM  (R=0.133)
22:13:31  INFO     [RAMS] Tier switch: MEDIUM → SMALL  (R=0.159)
22:13:32  INFO     [RAMS] Tier switch: SMALL → MEDIUM  (R=0.132)
22:13:32  INFO       [predictive / idle] 40/200  tier=MEDIUM  latency=25.1 ms  R=0.139  target=0.00  dets=5  vru=False  backend=ultralytics
22:13:32  INFO     [RAMS] Tier switch: MEDIUM → SMALL  (R=0.169)
22:13:32  INFO     [RAMS] Tier switch: SMALL → MEDIUM  (R=0.143)
22:13:32  INFO     [RAMS] Tier switch: MEDIUM → SMALL  (R=0.150)
22:13:32  INFO       [predictive / idle] 60/200  tier=SMALL   latency=20.0 ms  R=0.204  target=0.00  dets=3  vru=False  backend=ultralytics
22:13:33  INFO     [RAMS] Tier switch: SMALL → MEDIUM  (R=0.133)
22:13:33  INFO     [RAMS] Tier switch: MEDIUM → SMALL  (R=0.169)
22:13:33  INFO       [predictive / idle] 80/200  tier=SMALL   latency=20.6 ms  R=0.165  target=0.00  dets=2  vru=False  backend=ultralytics
22:13:33  INFO     [RAMS] Tier switch: SMALL → MEDIUM  (R=0.139)
22:13:33  INFO     [RAMS] Tier switch: MEDIUM → SMALL  (R=0.203)
22:13:34  INFO       [predictive / idle] 100/200  tier=SMALL   latency=21.5 ms  R=0.146  target=0.00  dets=12  vru=False  backend=ultralytics
22:13:34  INFO     [RAMS] Tier switch: SMALL → MEDIUM  (R=0.138)
22:13:34  INFO     [RAMS] Tier switch: MEDIUM → SMALL  (R=0.153)
22:13:34  INFO     [RAMS] Tier switch: SMALL → MEDIUM  (R=0.139)
22:13:34  INFO     [RAMS] Tier switch: MEDIUM → SMALL  (R=0.185)
22:13:34  INFO       [predictive / idle] 120/200  tier=SMALL   latency=20.5 ms  R=0.231  target=0.00  dets=6  vru=False  backend=ultralytics
22:13:35  INFO     [RAMS] Tier switch: SMALL → MEDIUM  (R=0.136)
22:13:35  INFO     [RAMS] Tier switch: MEDIUM → SMALL  (R=0.150)
22:13:35  INFO       [predictive / idle] 140/200  tier=SMALL   latency=20.8 ms  R=0.127  target=0.00  dets=8  vru=False  backend=ultralytics
22:13:35  INFO     [RAMS] Tier switch: SMALL → MEDIUM  (R=0.127)
22:13:35  INFO     [RAMS] Tier switch: MEDIUM → SMALL  (R=0.266)
22:13:36  INFO       [predictive / idle] 160/200  tier=SMALL   latency=20.6 ms  R=0.164  target=0.00  dets=2  vru=False  backend=ultralytics
22:13:36  INFO     [RAMS] Tier switch: SMALL → MEDIUM  (R=0.132)
22:13:36  INFO     [RAMS] Tier switch: MEDIUM → SMALL  (R=0.155)
22:13:36  INFO       [predictive / idle] 180/200  tier=SMALL   latency=19.4 ms  R=0.175  target=0.00  dets=1  vru=True  backend=ultralytics
22:13:37  INFO       [predictive / idle] 200/200  tier=SMALL   latency=19.3 ms  R=0.145  target=0.00  dets=1  vru=True  backend=ultralytics
22:13:37  INFO     [RAMS] Controller stopped.
22:13:37  INFO     
--- Block 4/10  Policy: fixed_nano  Load: idle (0%) ---
22:13:37  INFO     [RAMS] Starting resource monitor ...
22:13:37  INFO     [RAMS] Loading model tiers ...
22:13:37  INFO     [RAMS] YOLOv8-nano ready — Ultralytics (imgsz=320).
22:13:38  INFO     [RAMS] YOLOv8-small ready — Ultralytics (imgsz=416).
22:13:39  INFO     [RAMS] YOLOv8-medium ready — Ultralytics (imgsz=640).
22:13:39  INFO     [RAMS] Controller ready. Policy: fixed
22:13:40  INFO     [RAMS] Tier switch: SMALL → NANO  (R=0.067)
22:13:40  INFO       [fixed_nano / idle] 20/200  tier=NANO    latency=18.6 ms  R=0.155  target=0.00  dets=0  vru=False  backend=ultralytics
22:13:41  INFO       [fixed_nano / idle] 40/200  tier=NANO    latency=18.6 ms  R=0.140  target=0.00  dets=1  vru=False  backend=ultralytics
22:13:41  INFO       [fixed_nano / idle] 60/200  tier=NANO    latency=19.2 ms  R=0.140  target=0.00  dets=2  vru=False  backend=ultralytics
22:13:42  INFO       [fixed_nano / idle] 80/200  tier=NANO    latency=18.8 ms  R=0.145  target=0.00  dets=1  vru=False  backend=ultralytics
22:13:43  INFO       [fixed_nano / idle] 100/200  tier=NANO    latency=20.3 ms  R=0.157  target=0.00  dets=9  vru=False  backend=ultralytics
22:13:43  INFO       [fixed_nano / idle] 120/200  tier=NANO    latency=19.9 ms  R=0.226  target=0.00  dets=6  vru=False  backend=ultralytics
22:13:44  INFO       [fixed_nano / idle] 140/200  tier=NANO    latency=19.6 ms  R=0.146  target=0.00  dets=6  vru=False  backend=ultralytics
22:13:45  INFO       [fixed_nano / idle] 160/200  tier=NANO    latency=19.3 ms  R=0.144  target=0.00  dets=1  vru=False  backend=ultralytics
22:13:45  INFO       [fixed_nano / idle] 180/200  tier=NANO    latency=18.8 ms  R=0.139  target=0.00  dets=2  vru=True  backend=ultralytics
22:13:46  INFO       [fixed_nano / idle] 200/200  tier=NANO    latency=19.3 ms  R=0.270  target=0.00  dets=1  vru=True  backend=ultralytics
22:13:46  INFO     [RAMS] Controller stopped.
22:13:46  INFO     
--- Block 4/10  Policy: fixed_medium  Load: idle (0%) ---
22:13:46  INFO     [RAMS] Starting resource monitor ...
22:13:46  INFO     [RAMS] Loading model tiers ...
22:13:46  INFO     [RAMS] YOLOv8-nano ready — Ultralytics (imgsz=320).
22:13:47  INFO     [RAMS] YOLOv8-small ready — Ultralytics (imgsz=416).
22:13:47  INFO     [RAMS] YOLOv8-medium ready — Ultralytics (imgsz=640).
22:13:47  INFO     [RAMS] Controller ready. Policy: fixed
22:13:48  INFO     [RAMS] Tier switch: SMALL → MEDIUM  (R=0.211)
22:13:49  INFO       [fixed_medium / idle] 20/200  tier=MEDIUM  latency=25.3 ms  R=0.281  target=0.00  dets=2  vru=False  backend=ultralytics
22:13:50  INFO       [fixed_medium / idle] 40/200  tier=MEDIUM  latency=25.7 ms  R=0.227  target=0.00  dets=5  vru=False  backend=ultralytics
22:13:51  INFO       [fixed_medium / idle] 60/200  tier=MEDIUM  latency=25.8 ms  R=0.224  target=0.00  dets=6  vru=False  backend=ultralytics
22:13:51  INFO       [fixed_medium / idle] 80/200  tier=MEDIUM  latency=26.5 ms  R=0.301  target=0.00  dets=6  vru=False  backend=ultralytics
22:13:52  INFO       [fixed_medium / idle] 100/200  tier=MEDIUM  latency=27.5 ms  R=0.228  target=0.00  dets=17  vru=True  backend=ultralytics
22:13:53  INFO       [fixed_medium / idle] 120/200  tier=MEDIUM  latency=25.7 ms  R=0.232  target=0.00  dets=8  vru=False  backend=ultralytics
22:13:54  INFO       [fixed_medium / idle] 140/200  tier=MEDIUM  latency=27.9 ms  R=0.174  target=0.00  dets=10  vru=False  backend=ultralytics
22:13:55  INFO       [fixed_medium / idle] 160/200  tier=MEDIUM  latency=25.7 ms  R=0.127  target=0.00  dets=3  vru=False  backend=ultralytics
22:13:55  INFO       [fixed_medium / idle] 180/200  tier=MEDIUM  latency=29.5 ms  R=0.180  target=0.00  dets=16  vru=True  backend=ultralytics
22:13:56  INFO       [fixed_medium / idle] 200/200  tier=MEDIUM  latency=27.4 ms  R=0.127  target=0.00  dets=9  vru=True  backend=ultralytics
22:13:56  INFO     [RAMS] Controller stopped.
22:13:56  INFO     
--- Block 4/10  Policy: fixed_small  Load: idle (0%) ---
22:13:56  INFO     [RAMS] Starting resource monitor ...
22:13:56  INFO     [RAMS] Loading model tiers ...
22:13:56  INFO     [RAMS] YOLOv8-nano ready — Ultralytics (imgsz=320).
22:13:57  INFO     [RAMS] YOLOv8-small ready — Ultralytics (imgsz=416).
22:13:58  INFO     [RAMS] YOLOv8-medium ready — Ultralytics (imgsz=640).
22:13:58  INFO     [RAMS] Controller ready. Policy: fixed
22:13:59  INFO       [fixed_small / idle] 20/200  tier=SMALL   latency=19.4 ms  R=0.209  target=0.00  dets=1  vru=False  backend=ultralytics
22:14:00  INFO       [fixed_small / idle] 40/200  tier=SMALL   latency=19.8 ms  R=0.172  target=0.00  dets=2  vru=False  backend=ultralytics
22:14:01  INFO       [fixed_small / idle] 60/200  tier=SMALL   latency=20.9 ms  R=0.152  target=0.00  dets=3  vru=False  backend=ultralytics
22:14:01  INFO       [fixed_small / idle] 80/200  tier=SMALL   latency=19.6 ms  R=0.276  target=0.00  dets=2  vru=False  backend=ultralytics
22:14:02  INFO       [fixed_small / idle] 100/200  tier=SMALL   latency=22.9 ms  R=0.141  target=0.00  dets=12  vru=False  backend=ultralytics
22:14:03  INFO       [fixed_small / idle] 120/200  tier=SMALL   latency=20.4 ms  R=0.161  target=0.00  dets=6  vru=False  backend=ultralytics
22:14:03  INFO       [fixed_small / idle] 140/200  tier=SMALL   latency=22.6 ms  R=0.252  target=0.00  dets=8  vru=False  backend=ultralytics
22:14:04  INFO       [fixed_small / idle] 160/200  tier=SMALL   latency=20.3 ms  R=0.163  target=0.00  dets=2  vru=False  backend=ultralytics
22:14:05  INFO       [fixed_small / idle] 180/200  tier=SMALL   latency=19.4 ms  R=0.175  target=0.00  dets=1  vru=True  backend=ultralytics
22:14:05  INFO       [fixed_small / idle] 200/200  tier=SMALL   latency=19.7 ms  R=0.154  target=0.00  dets=1  vru=True  backend=ultralytics
22:14:05  INFO     [RAMS] Controller stopped.
22:14:05  INFO     
--- Block 4/10  Policy: safety2  Load: idle (0%) ---
22:14:05  INFO     [RAMS] Starting resource monitor ...
22:14:05  INFO     [RAMS] Loading model tiers ...
22:14:06  INFO     [RAMS] YOLOv8-nano ready — Ultralytics (imgsz=320).
22:14:06  INFO     [RAMS] YOLOv8-small ready — Ultralytics (imgsz=416).
22:14:07  INFO     [RAMS] YOLOv8-medium ready — Ultralytics (imgsz=640).
22:14:07  INFO     [RAMS] Controller ready. Policy: safety2
22:14:08  INFO     [RAMS] Tier switch: SMALL → MEDIUM  (R=0.132)
22:14:08  INFO     [RAMS] Tier switch: MEDIUM → SMALL  (R=0.224)
22:14:08  INFO     [RAMS] Tier switch: SMALL → MEDIUM  (R=0.250)
22:14:09  INFO       [safety2 / idle] 20/200  tier=MEDIUM  latency=25.3 ms  R=0.221  target=0.00  dets=2  vru=False  backend=ultralytics
22:14:09  INFO     [RAMS] Tier switch: MEDIUM → SMALL  (R=0.217)
22:14:09  INFO     [RAMS] Tier switch: SMALL → MEDIUM  (R=0.217)
22:14:09  INFO       [safety2 / idle] 40/200  tier=MEDIUM  latency=30.6 ms  R=0.223  target=0.00  dets=5  vru=False  backend=ultralytics
22:14:10  INFO     [RAMS] Tier switch: MEDIUM → SMALL  (R=0.269)
22:14:10  INFO     [RAMS] Tier switch: SMALL → MEDIUM  (R=0.213)
22:14:10  INFO       [safety2 / idle] 60/200  tier=MEDIUM  latency=27.4 ms  R=0.283  target=0.00  dets=6  vru=False  backend=ultralytics
22:14:11  INFO       [safety2 / idle] 80/200  tier=MEDIUM  latency=27.4 ms  R=0.267  target=0.00  dets=6  vru=False  backend=ultralytics
22:14:11  INFO     [RAMS] Tier switch: MEDIUM → SMALL  (R=0.198)
22:14:11  INFO     [RAMS] Tier switch: SMALL → MEDIUM  (R=0.310)
22:14:12  INFO       [safety2 / idle] 100/200  tier=MEDIUM  latency=29.6 ms  R=0.223  target=0.00  dets=17  vru=True  backend=ultralytics
22:14:12  INFO     [RAMS] Tier switch: MEDIUM → SMALL  (R=0.266)
22:14:12  INFO       [safety2 / idle] 120/200  tier=SMALL   latency=21.1 ms  R=0.266  target=0.00  dets=6  vru=False  backend=ultralytics
22:14:13  INFO     [RAMS] Tier switch: SMALL → MEDIUM  (R=0.157)
22:14:13  INFO       [safety2 / idle] 140/200  tier=MEDIUM  latency=26.3 ms  R=0.187  target=0.00  dets=10  vru=False  backend=ultralytics
22:14:14  INFO     [RAMS] Tier switch: MEDIUM → SMALL  (R=0.166)
22:14:14  INFO       [safety2 / idle] 160/200  tier=SMALL   latency=19.6 ms  R=0.127  target=0.00  dets=2  vru=False  backend=ultralytics
22:14:14  INFO     [RAMS] Tier switch: SMALL → MEDIUM  (R=0.127)
22:14:14  INFO     [RAMS] Tier switch: MEDIUM → SMALL  (R=0.223)
22:14:14  INFO     [RAMS] Tier switch: SMALL → MEDIUM  (R=0.132)
22:14:15  INFO       [safety2 / idle] 180/200  tier=MEDIUM  latency=27.6 ms  R=0.157  target=0.00  dets=16  vru=True  backend=ultralytics
22:14:15  INFO       [safety2 / idle] 200/200  tier=MEDIUM  latency=28.0 ms  R=0.182  target=0.00  dets=9  vru=True  backend=ultralytics
22:14:15  INFO     [RAMS] Controller stopped.
22:14:15  INFO     
--- Block 4/10  Policy: safety  Load: idle (0%) ---
22:14:15  INFO     [RAMS] Starting resource monitor ...
22:14:15  INFO     [RAMS] Loading model tiers ...
22:14:16  INFO     [RAMS] YOLOv8-nano ready — Ultralytics (imgsz=320).
22:14:16  INFO     [RAMS] YOLOv8-small ready — Ultralytics (imgsz=416).
22:14:17  INFO     [RAMS] YOLOv8-medium ready — Ultralytics (imgsz=640).
22:14:17  INFO     [RAMS] Controller ready. Policy: safety
22:14:18  INFO     [RAMS] Tier switch: SMALL → MEDIUM  (R=0.079)
22:14:18  INFO     [RAMS] Tier switch: MEDIUM → SMALL  (R=0.202)
22:14:18  INFO     [RAMS] Tier switch: SMALL → MEDIUM  (R=0.129)
22:14:18  INFO     [RAMS] Tier switch: MEDIUM → SMALL  (R=0.159)
22:14:18  INFO       [safety / idle] 20/200  tier=SMALL   latency=19.7 ms  R=0.136  target=0.00  dets=1  vru=False  backend=ultralytics
22:14:18  INFO     [RAMS] Tier switch: SMALL → MEDIUM  (R=0.136)
22:14:18  INFO     [RAMS] Tier switch: MEDIUM → SMALL  (R=0.209)
22:14:19  INFO     [RAMS] Tier switch: SMALL → MEDIUM  (R=0.120)
22:14:19  INFO     [RAMS] Tier switch: MEDIUM → SMALL  (R=0.145)
22:14:19  INFO       [safety / idle] 40/200  tier=SMALL   latency=20.0 ms  R=0.138  target=0.00  dets=2  vru=False  backend=ultralytics
22:14:19  INFO     [RAMS] Tier switch: SMALL → MEDIUM  (R=0.138)
22:14:19  INFO     [RAMS] Tier switch: MEDIUM → SMALL  (R=0.200)
22:14:20  INFO       [safety / idle] 60/200  tier=SMALL   latency=19.7 ms  R=0.152  target=0.00  dets=3  vru=False  backend=ultralytics
22:14:20  INFO     [RAMS] Tier switch: SMALL → MEDIUM  (R=0.134)
22:14:20  INFO     [RAMS] Tier switch: MEDIUM → SMALL  (R=0.155)
22:14:20  INFO       [safety / idle] 80/200  tier=SMALL   latency=19.7 ms  R=0.245  target=0.00  dets=2  vru=False  backend=ultralytics
22:14:21  INFO     [RAMS] Tier switch: SMALL → MEDIUM  (R=0.138)
22:14:21  INFO     [RAMS] Tier switch: MEDIUM → SMALL  (R=0.185)
22:14:21  INFO     [RAMS] Tier switch: SMALL → MEDIUM  (R=0.138)
22:14:21  INFO       [safety / idle] 100/200  tier=MEDIUM  latency=29.1 ms  R=0.127  target=0.00  dets=17  vru=True  backend=ultralytics
22:14:21  INFO     [RAMS] Tier switch: MEDIUM → SMALL  (R=0.184)
22:14:22  INFO     [RAMS] Tier switch: SMALL → MEDIUM  (R=0.127)
22:14:22  INFO     [RAMS] Tier switch: MEDIUM → SMALL  (R=0.166)
22:14:22  INFO       [safety / idle] 120/200  tier=SMALL   latency=21.6 ms  R=0.166  target=0.00  dets=6  vru=False  backend=ultralytics
22:14:22  INFO     [RAMS] Tier switch: SMALL → MEDIUM  (R=0.128)
22:14:22  INFO     [RAMS] Tier switch: MEDIUM → SMALL  (R=0.227)
22:14:23  INFO       [safety / idle] 140/200  tier=SMALL   latency=20.7 ms  R=0.199  target=0.00  dets=8  vru=False  backend=ultralytics
22:14:23  INFO     [RAMS] Tier switch: SMALL → MEDIUM  (R=0.132)
22:14:23  INFO     [RAMS] Tier switch: MEDIUM → SMALL  (R=0.196)
22:14:23  INFO     [RAMS] Tier switch: SMALL → MEDIUM  (R=0.131)
22:14:23  INFO     [RAMS] Tier switch: MEDIUM → SMALL  (R=0.197)
22:14:23  INFO       [safety / idle] 160/200  tier=SMALL   latency=20.9 ms  R=0.197  target=0.00  dets=2  vru=False  backend=ultralytics
22:14:23  INFO     [RAMS] Tier switch: SMALL → MEDIUM  (R=0.144)
22:14:23  INFO     [RAMS] Tier switch: MEDIUM → SMALL  (R=0.277)
22:14:24  INFO     [RAMS] Tier switch: SMALL → MEDIUM  (R=0.129)
22:14:24  INFO     [RAMS] Tier switch: MEDIUM → SMALL  (R=0.184)
22:14:24  INFO     [RAMS] Tier switch: SMALL → MEDIUM  (R=0.129)
22:14:24  INFO       [safety / idle] 180/200  tier=MEDIUM  latency=27.9 ms  R=0.129  target=0.00  dets=16  vru=True  backend=ultralytics
22:14:24  INFO     [RAMS] Tier switch: MEDIUM → SMALL  (R=0.152)
22:14:24  INFO     [RAMS] Tier switch: SMALL → MEDIUM  (R=0.131)
22:14:24  INFO     [RAMS] Tier switch: MEDIUM → SMALL  (R=0.284)
22:14:25  INFO     [RAMS] Tier switch: SMALL → MEDIUM  (R=0.144)
22:14:25  INFO     [RAMS] Tier switch: MEDIUM → SMALL  (R=0.162)
22:14:25  INFO       [safety / idle] 200/200  tier=SMALL   latency=20.8 ms  R=0.162  target=0.00  dets=1  vru=True  backend=ultralytics
22:14:25  INFO     [RAMS] Controller stopped.
22:14:25  INFO     
--- Block 4/10  Policy: threshold  Load: idle (0%) ---
22:14:25  INFO     [RAMS] Starting resource monitor ...
22:14:25  INFO     [RAMS] Loading model tiers ...
22:14:25  INFO     [RAMS] YOLOv8-nano ready — Ultralytics (imgsz=320).
22:14:25  INFO     [RAMS] YOLOv8-small ready — Ultralytics (imgsz=416).
22:14:26  INFO     [RAMS] YOLOv8-medium ready — Ultralytics (imgsz=640).
22:14:26  INFO     [RAMS] Controller ready. Policy: threshold
22:14:27  INFO     [RAMS] Tier switch: SMALL → MEDIUM  (R=0.079)
22:14:27  INFO     [RAMS] Tier switch: MEDIUM → SMALL  (R=0.160)
22:14:28  INFO       [threshold / idle] 20/200  tier=SMALL   latency=19.9 ms  R=0.201  target=0.00  dets=1  vru=False  backend=ultralytics
22:14:28  INFO       [threshold / idle] 40/200  tier=SMALL   latency=20.1 ms  R=0.302  target=0.00  dets=2  vru=False  backend=ultralytics
22:14:29  INFO       [threshold / idle] 60/200  tier=SMALL   latency=20.3 ms  R=0.234  target=0.00  dets=3  vru=False  backend=ultralytics
22:14:30  INFO       [threshold / idle] 80/200  tier=SMALL   latency=20.4 ms  R=0.238  target=0.00  dets=2  vru=False  backend=ultralytics
22:14:30  INFO       [threshold / idle] 100/200  tier=SMALL   latency=22.4 ms  R=0.295  target=0.00  dets=12  vru=False  backend=ultralytics
22:14:31  INFO       [threshold / idle] 120/200  tier=SMALL   latency=22.4 ms  R=0.219  target=0.00  dets=6  vru=False  backend=ultralytics
22:14:32  INFO       [threshold / idle] 140/200  tier=SMALL   latency=21.5 ms  R=0.210  target=0.00  dets=8  vru=False  backend=ultralytics
22:14:32  INFO       [threshold / idle] 160/200  tier=SMALL   latency=20.4 ms  R=0.282  target=0.00  dets=2  vru=False  backend=ultralytics
22:14:33  INFO       [threshold / idle] 180/200  tier=SMALL   latency=21.1 ms  R=0.242  target=0.00  dets=1  vru=True  backend=ultralytics
22:14:34  INFO       [threshold / idle] 200/200  tier=SMALL   latency=19.2 ms  R=0.153  target=0.00  dets=1  vru=True  backend=ultralytics
22:14:34  INFO     [RAMS] Controller stopped.
22:14:34  INFO     
--- Block 5/10  Policy: safety  Load: idle (0%) ---
22:14:34  INFO     [RAMS] Starting resource monitor ...
22:14:34  INFO     [RAMS] Loading model tiers ...
22:14:34  INFO     [RAMS] YOLOv8-nano ready — Ultralytics (imgsz=320).
22:14:34  INFO     [RAMS] YOLOv8-small ready — Ultralytics (imgsz=416).
22:14:35  INFO     [RAMS] YOLOv8-medium ready — Ultralytics (imgsz=640).
22:14:35  INFO     [RAMS] Controller ready. Policy: safety
22:14:36  INFO     [RAMS] Tier switch: SMALL → MEDIUM  (R=0.079)
22:14:36  INFO     [RAMS] Tier switch: MEDIUM → SMALL  (R=0.203)
22:14:37  INFO     [RAMS] Tier switch: SMALL → MEDIUM  (R=0.134)
22:14:37  INFO       [safety / idle] 20/200  tier=MEDIUM  latency=28.9 ms  R=0.127  target=0.00  dets=17  vru=True  backend=ultralytics
22:14:37  INFO     [RAMS] Tier switch: MEDIUM → SMALL  (R=0.160)
22:14:38  INFO       [safety / idle] 40/200  tier=SMALL   latency=22.0 ms  R=0.158  target=0.00  dets=14  vru=False  backend=ultralytics
22:14:38  INFO     [RAMS] Tier switch: SMALL → MEDIUM  (R=0.129)
22:14:38  INFO     [RAMS] Tier switch: MEDIUM → SMALL  (R=0.188)
22:14:38  INFO       [safety / idle] 60/200  tier=SMALL   latency=19.5 ms  R=0.134  target=0.00  dets=2  vru=False  backend=ultralytics
22:14:38  INFO     [RAMS] Tier switch: SMALL → MEDIUM  (R=0.134)
22:14:38  INFO     [RAMS] Tier switch: MEDIUM → SMALL  (R=0.225)
22:14:39  INFO     [RAMS] Tier switch: SMALL → MEDIUM  (R=0.141)
22:14:39  INFO     [RAMS] Tier switch: MEDIUM → SMALL  (R=0.240)
22:14:39  INFO       [safety / idle] 80/200  tier=SMALL   latency=21.2 ms  R=0.141  target=0.00  dets=10  vru=False  backend=ultralytics
22:14:39  INFO     [RAMS] Tier switch: SMALL → MEDIUM  (R=0.141)
22:14:39  INFO     [RAMS] Tier switch: MEDIUM → SMALL  (R=0.168)
22:14:40  INFO     [RAMS] Tier switch: SMALL → MEDIUM  (R=0.129)
22:14:40  INFO       [safety / idle] 100/200  tier=MEDIUM  latency=27.2 ms  R=0.129  target=0.00  dets=9  vru=True  backend=ultralytics
22:14:40  INFO     [RAMS] Tier switch: MEDIUM → SMALL  (R=0.218)
22:14:40  INFO     [RAMS] Tier switch: SMALL → MEDIUM  (R=0.138)
22:14:40  INFO     [RAMS] Tier switch: MEDIUM → SMALL  (R=0.186)
22:14:40  INFO       [safety / idle] 120/200  tier=SMALL   latency=21.6 ms  R=0.186  target=0.00  dets=3  vru=False  backend=ultralytics
22:14:41  INFO     [RAMS] Tier switch: SMALL → MEDIUM  (R=0.132)
22:14:41  INFO       [safety / idle] 140/200  tier=MEDIUM  latency=29.0 ms  R=0.144  target=0.00  dets=19  vru=True  backend=ultralytics
22:14:41  INFO     [RAMS] Tier switch: MEDIUM → SMALL  (R=0.150)
22:14:42  INFO     [RAMS] Tier switch: SMALL → MEDIUM  (R=0.141)
22:14:42  INFO       [safety / idle] 160/200  tier=MEDIUM  latency=24.6 ms  R=0.173  target=0.00  dets=2  vru=False  backend=ultralytics
22:14:42  INFO     [RAMS] Tier switch: MEDIUM → SMALL  (R=0.178)
22:14:42  INFO     [RAMS] Tier switch: SMALL → MEDIUM  (R=0.131)
22:14:42  INFO       [safety / idle] 180/200  tier=MEDIUM  latency=24.9 ms  R=0.238  target=0.00  dets=3  vru=False  backend=ultralytics
22:14:42  INFO     [RAMS] Tier switch: MEDIUM → SMALL  (R=0.192)
22:14:43  INFO     [RAMS] Tier switch: SMALL → MEDIUM  (R=0.143)
22:14:43  INFO     [RAMS] Tier switch: MEDIUM → SMALL  (R=0.165)
22:14:43  INFO       [safety / idle] 200/200  tier=SMALL   latency=19.2 ms  R=0.148  target=0.00  dets=1  vru=False  backend=ultralytics
22:14:43  INFO     [RAMS] Controller stopped.
22:14:43  INFO     
--- Block 5/10  Policy: fixed_nano  Load: idle (0%) ---
22:14:43  INFO     [RAMS] Starting resource monitor ...
22:14:43  INFO     [RAMS] Loading model tiers ...
22:14:43  INFO     [RAMS] YOLOv8-nano ready — Ultralytics (imgsz=320).
22:14:44  INFO     [RAMS] YOLOv8-small ready — Ultralytics (imgsz=416).
22:14:45  INFO     [RAMS] YOLOv8-medium ready — Ultralytics (imgsz=640).
22:14:45  INFO     [RAMS] Controller ready. Policy: fixed
22:14:46  INFO     [RAMS] Tier switch: SMALL → NANO  (R=0.067)
22:14:46  INFO       [fixed_nano / idle] 20/200  tier=NANO    latency=21.2 ms  R=0.139  target=0.00  dets=7  vru=False  backend=ultralytics
22:14:47  INFO       [fixed_nano / idle] 40/200  tier=NANO    latency=20.7 ms  R=0.133  target=0.00  dets=11  vru=False  backend=ultralytics
22:14:48  INFO       [fixed_nano / idle] 60/200  tier=NANO    latency=18.8 ms  R=0.145  target=0.00  dets=2  vru=False  backend=ultralytics
22:14:48  INFO       [fixed_nano / idle] 80/200  tier=NANO    latency=19.7 ms  R=0.146  target=0.00  dets=6  vru=False  backend=ultralytics
22:14:49  INFO       [fixed_nano / idle] 100/200  tier=NANO    latency=19.9 ms  R=0.146  target=0.00  dets=3  vru=False  backend=ultralytics
22:14:49  INFO       [fixed_nano / idle] 120/200  tier=NANO    latency=19.7 ms  R=0.349  target=0.00  dets=2  vru=False  backend=ultralytics
22:14:50  INFO       [fixed_nano / idle] 140/200  tier=NANO    latency=19.1 ms  R=0.200  target=0.00  dets=1  vru=False  backend=ultralytics
22:14:51  INFO       [fixed_nano / idle] 160/200  tier=NANO    latency=17.8 ms  R=0.268  target=0.00  dets=0  vru=False  backend=ultralytics
22:14:51  INFO       [fixed_nano / idle] 180/200  tier=NANO    latency=19.3 ms  R=0.289  target=0.00  dets=1  vru=False  backend=ultralytics
22:14:52  INFO       [fixed_nano / idle] 200/200  tier=NANO    latency=19.4 ms  R=0.200  target=0.00  dets=1  vru=False  backend=ultralytics
22:14:52  INFO     [RAMS] Controller stopped.
22:14:52  INFO     
--- Block 5/10  Policy: fixed_medium  Load: idle (0%) ---
22:14:52  INFO     [RAMS] Starting resource monitor ...
22:14:52  INFO     [RAMS] Loading model tiers ...
22:14:52  INFO     [RAMS] YOLOv8-nano ready — Ultralytics (imgsz=320).
22:14:53  INFO     [RAMS] YOLOv8-small ready — Ultralytics (imgsz=416).
22:14:53  INFO     [RAMS] YOLOv8-medium ready — Ultralytics (imgsz=640).
22:14:53  INFO     [RAMS] Controller ready. Policy: fixed
22:14:55  INFO     [RAMS] Tier switch: SMALL → MEDIUM  (R=0.143)
22:14:55  INFO       [fixed_medium / idle] 20/200  tier=MEDIUM  latency=27.8 ms  R=0.166  target=0.00  dets=17  vru=True  backend=ultralytics
22:14:56  INFO       [fixed_medium / idle] 40/200  tier=MEDIUM  latency=27.6 ms  R=0.204  target=0.00  dets=16  vru=False  backend=ultralytics
22:14:57  INFO       [fixed_medium / idle] 60/200  tier=MEDIUM  latency=24.8 ms  R=0.162  target=0.00  dets=3  vru=True  backend=ultralytics
22:14:58  INFO       [fixed_medium / idle] 80/200  tier=MEDIUM  latency=27.8 ms  R=0.138  target=0.00  dets=11  vru=False  backend=ultralytics
22:14:58  INFO       [fixed_medium / idle] 100/200  tier=MEDIUM  latency=26.9 ms  R=0.141  target=0.00  dets=9  vru=True  backend=ultralytics
22:14:59  INFO       [fixed_medium / idle] 120/200  tier=MEDIUM  latency=25.3 ms  R=0.175  target=0.00  dets=5  vru=False  backend=ultralytics
22:15:00  INFO       [fixed_medium / idle] 140/200  tier=MEDIUM  latency=28.4 ms  R=0.209  target=0.00  dets=19  vru=True  backend=ultralytics
22:15:01  INFO       [fixed_medium / idle] 160/200  tier=MEDIUM  latency=24.6 ms  R=0.167  target=0.00  dets=2  vru=False  backend=ultralytics
22:15:01  INFO       [fixed_medium / idle] 180/200  tier=MEDIUM  latency=25.0 ms  R=0.296  target=0.00  dets=3  vru=False  backend=ultralytics
22:15:02  INFO       [fixed_medium / idle] 200/200  tier=MEDIUM  latency=25.4 ms  R=0.223  target=0.00  dets=5  vru=False  backend=ultralytics
22:15:02  INFO     [RAMS] Controller stopped.
22:15:02  INFO     
--- Block 5/10  Policy: adaptive  Load: idle (0%) ---
22:15:02  INFO     [RAMS] Starting resource monitor ...
22:15:02  INFO     [RAMS] Loading model tiers ...
22:15:03  INFO     [RAMS] YOLOv8-nano ready — Ultralytics (imgsz=320).
22:15:03  INFO     [RAMS] YOLOv8-small ready — Ultralytics (imgsz=416).
22:15:04  INFO     [RAMS] YOLOv8-medium ready — Ultralytics (imgsz=640).
22:15:04  INFO     [RAMS] Controller ready. Policy: adaptive
22:15:05  INFO     [RAMS] Tier switch: SMALL → MEDIUM  (R=0.073)
22:15:05  INFO     [RAMS] Tier switch: MEDIUM → SMALL  (R=0.216)
22:15:05  INFO       [adaptive / idle] 20/200  tier=SMALL   latency=23.1 ms  R=0.150  target=0.00  dets=11  vru=True  backend=ultralytics
22:15:06  INFO       [adaptive / idle] 40/200  tier=SMALL   latency=22.0 ms  R=0.150  target=0.00  dets=14  vru=False  backend=ultralytics
22:15:06  INFO     [RAMS] Tier switch: SMALL → MEDIUM  (R=0.138)
22:15:06  INFO     [RAMS] Tier switch: MEDIUM → SMALL  (R=0.156)
22:15:07  INFO       [adaptive / idle] 60/200  tier=SMALL   latency=19.5 ms  R=0.131  target=0.00  dets=2  vru=False  backend=ultralytics
22:15:07  INFO     [RAMS] Tier switch: SMALL → MEDIUM  (R=0.143)
22:15:07  INFO     [RAMS] Tier switch: MEDIUM → SMALL  (R=0.176)
22:15:07  INFO     [RAMS] Tier switch: SMALL → MEDIUM  (R=0.129)
22:15:07  INFO     [RAMS] Tier switch: MEDIUM → SMALL  (R=0.158)
22:15:07  INFO       [adaptive / idle] 80/200  tier=SMALL   latency=21.4 ms  R=0.310  target=0.00  dets=10  vru=False  backend=ultralytics
22:15:08  INFO     [RAMS] Tier switch: SMALL → MEDIUM  (R=0.140)
22:15:08  INFO     [RAMS] Tier switch: MEDIUM → SMALL  (R=0.168)
22:15:08  INFO       [adaptive / idle] 100/200  tier=SMALL   latency=21.7 ms  R=0.138  target=0.00  dets=7  vru=False  backend=ultralytics
22:15:08  INFO     [RAMS] Tier switch: SMALL → MEDIUM  (R=0.136)
22:15:08  INFO     [RAMS] Tier switch: MEDIUM → SMALL  (R=0.164)
22:15:09  INFO       [adaptive / idle] 120/200  tier=SMALL   latency=19.7 ms  R=0.155  target=0.00  dets=3  vru=False  backend=ultralytics
22:15:09  INFO       [adaptive / idle] 140/200  tier=SMALL   latency=21.2 ms  R=0.258  target=0.00  dets=9  vru=True  backend=ultralytics
22:15:10  INFO       [adaptive / idle] 160/200  tier=SMALL   latency=19.7 ms  R=0.241  target=0.00  dets=1  vru=False  backend=ultralytics
22:15:11  INFO       [adaptive / idle] 180/200  tier=SMALL   latency=20.4 ms  R=0.210  target=0.00  dets=2  vru=False  backend=ultralytics
22:15:11  INFO       [adaptive / idle] 200/200  tier=SMALL   latency=20.3 ms  R=0.339  target=0.00  dets=1  vru=False  backend=ultralytics
22:15:12  INFO     [RAMS] Controller stopped.
22:15:12  INFO     
--- Block 5/10  Policy: predictive  Load: idle (0%) ---
22:15:12  INFO     [RAMS] Starting resource monitor ...
22:15:12  INFO     [RAMS] Loading model tiers ...
22:15:12  INFO     [RAMS] YOLOv8-nano ready — Ultralytics (imgsz=320).
22:15:12  INFO     [RAMS] YOLOv8-small ready — Ultralytics (imgsz=416).
22:15:13  INFO     [RAMS] YOLOv8-medium ready — Ultralytics (imgsz=640).
22:15:13  INFO     [RAMS] Controller ready. Policy: predictive
22:15:14  INFO     [RAMS] Tier switch: SMALL → MEDIUM  (R=0.127)
22:15:14  INFO     [RAMS] Tier switch: MEDIUM → SMALL  (R=0.213)
22:15:15  INFO       [predictive / idle] 20/200  tier=SMALL   latency=23.0 ms  R=0.234  target=0.00  dets=11  vru=True  backend=ultralytics
22:15:15  INFO       [predictive / idle] 40/200  tier=SMALL   latency=22.5 ms  R=0.203  target=0.00  dets=14  vru=False  backend=ultralytics
22:15:16  INFO       [predictive / idle] 60/200  tier=SMALL   latency=20.7 ms  R=0.168  target=0.00  dets=2  vru=False  backend=ultralytics
22:15:16  INFO     [RAMS] Tier switch: SMALL → MEDIUM  (R=0.139)
22:15:16  INFO     [RAMS] Tier switch: MEDIUM → SMALL  (R=0.153)
22:15:17  INFO       [predictive / idle] 80/200  tier=SMALL   latency=22.8 ms  R=0.138  target=0.00  dets=10  vru=False  backend=ultralytics
22:15:17  INFO     [RAMS] Tier switch: SMALL → MEDIUM  (R=0.133)
22:15:17  INFO     [RAMS] Tier switch: MEDIUM → SMALL  (R=0.167)
22:15:17  INFO       [predictive / idle] 100/200  tier=SMALL   latency=21.6 ms  R=0.143  target=0.00  dets=7  vru=False  backend=ultralytics
22:15:17  INFO     [RAMS] Tier switch: SMALL → MEDIUM  (R=0.127)
22:15:17  INFO     [RAMS] Tier switch: MEDIUM → SMALL  (R=0.230)
22:15:18  INFO     [RAMS] Tier switch: SMALL → MEDIUM  (R=0.124)
22:15:18  INFO     [RAMS] Tier switch: MEDIUM → SMALL  (R=0.198)
22:15:18  INFO     [RAMS] Tier switch: SMALL → MEDIUM  (R=0.122)
22:15:18  INFO     [RAMS] Tier switch: MEDIUM → SMALL  (R=0.169)
22:15:18  INFO       [predictive / idle] 120/200  tier=SMALL   latency=20.7 ms  R=0.169  target=0.00  dets=3  vru=False  backend=ultralytics
22:15:18  INFO     [RAMS] Tier switch: SMALL → MEDIUM  (R=0.139)
22:15:18  INFO     [RAMS] Tier switch: MEDIUM → SMALL  (R=0.149)
22:15:19  INFO       [predictive / idle] 140/200  tier=SMALL   latency=21.0 ms  R=0.136  target=0.00  dets=9  vru=True  backend=ultralytics
22:15:19  INFO     [RAMS] Tier switch: SMALL → MEDIUM  (R=0.136)
22:15:19  INFO     [RAMS] Tier switch: MEDIUM → SMALL  (R=0.160)
22:15:19  INFO     [RAMS] Tier switch: SMALL → MEDIUM  (R=0.141)
22:15:19  INFO     [RAMS] Tier switch: MEDIUM → SMALL  (R=0.154)
22:15:19  INFO       [predictive / idle] 160/200  tier=SMALL   latency=21.1 ms  R=0.147  target=0.00  dets=1  vru=False  backend=ultralytics
22:15:20  INFO       [predictive / idle] 180/200  tier=SMALL   latency=20.2 ms  R=0.148  target=0.00  dets=2  vru=False  backend=ultralytics
22:15:20  INFO     [RAMS] Tier switch: SMALL → MEDIUM  (R=0.122)
22:15:20  INFO     [RAMS] Tier switch: MEDIUM → SMALL  (R=0.165)
22:15:21  INFO       [predictive / idle] 200/200  tier=SMALL   latency=20.5 ms  R=0.137  target=0.00  dets=1  vru=False  backend=ultralytics
22:15:21  INFO     [RAMS] Controller stopped.
22:15:21  INFO     
--- Block 5/10  Policy: safety2  Load: idle (0%) ---
22:15:21  INFO     [RAMS] Starting resource monitor ...
22:15:21  INFO     [RAMS] Loading model tiers ...
22:15:21  INFO     [RAMS] YOLOv8-nano ready — Ultralytics (imgsz=320).
22:15:21  INFO     [RAMS] YOLOv8-small ready — Ultralytics (imgsz=416).
22:15:22  INFO     [RAMS] YOLOv8-medium ready — Ultralytics (imgsz=640).
22:15:22  INFO     [RAMS] Controller ready. Policy: safety2
22:15:23  INFO     [RAMS] Tier switch: SMALL → MEDIUM  (R=0.067)
22:15:24  INFO       [safety2 / idle] 20/200  tier=MEDIUM  latency=27.5 ms  R=0.199  target=0.00  dets=17  vru=True  backend=ultralytics
22:15:25  INFO       [safety2 / idle] 40/200  tier=MEDIUM  latency=27.6 ms  R=0.254  target=0.00  dets=16  vru=False  backend=ultralytics
22:15:25  INFO       [safety2 / idle] 60/200  tier=MEDIUM  latency=26.1 ms  R=0.197  target=0.00  dets=3  vru=True  backend=ultralytics
22:15:26  INFO     [RAMS] Tier switch: MEDIUM → SMALL  (R=0.147)
22:15:26  INFO     [RAMS] Tier switch: SMALL → MEDIUM  (R=0.147)
22:15:26  INFO       [safety2 / idle] 80/200  tier=MEDIUM  latency=26.6 ms  R=0.185  target=0.00  dets=11  vru=False  backend=ultralytics
22:15:26  INFO     [RAMS] Tier switch: MEDIUM → SMALL  (R=0.185)
22:15:26  INFO     [RAMS] Tier switch: SMALL → MEDIUM  (R=0.127)
22:15:27  INFO       [safety2 / idle] 100/200  tier=MEDIUM  latency=27.2 ms  R=0.127  target=0.00  dets=9  vru=True  backend=ultralytics
22:15:27  INFO     [RAMS] Tier switch: MEDIUM → SMALL  (R=0.175)
22:15:27  INFO     [RAMS] Tier switch: SMALL → MEDIUM  (R=0.225)
22:15:28  INFO       [safety2 / idle] 120/200  tier=MEDIUM  latency=25.3 ms  R=0.141  target=0.00  dets=5  vru=False  backend=ultralytics
22:15:28  INFO       [safety2 / idle] 140/200  tier=MEDIUM  latency=28.5 ms  R=0.306  target=0.00  dets=19  vru=True  backend=ultralytics
22:15:29  INFO     [RAMS] Tier switch: MEDIUM → SMALL  (R=0.246)
22:15:29  INFO     [RAMS] Tier switch: SMALL → MEDIUM  (R=0.129)
22:15:29  INFO       [safety2 / idle] 160/200  tier=MEDIUM  latency=24.4 ms  R=0.151  target=0.00  dets=2  vru=False  backend=ultralytics
22:15:29  INFO     [RAMS] Tier switch: MEDIUM → SMALL  (R=0.151)
22:15:30  INFO     [RAMS] Tier switch: SMALL → MEDIUM  (R=0.137)
22:15:30  INFO     [RAMS] Tier switch: MEDIUM → SMALL  (R=0.217)
22:15:30  INFO       [safety2 / idle] 180/200  tier=SMALL   latency=19.4 ms  R=0.136  target=0.00  dets=2  vru=False  backend=ultralytics
22:15:30  INFO     [RAMS] Tier switch: SMALL → MEDIUM  (R=0.136)
22:15:31  INFO     [RAMS] Tier switch: MEDIUM → SMALL  (R=0.237)
22:15:31  INFO       [safety2 / idle] 200/200  tier=SMALL   latency=20.3 ms  R=0.237  target=0.00  dets=1  vru=False  backend=ultralytics
22:15:31  INFO     [RAMS] Controller stopped.
22:15:31  INFO     
--- Block 5/10  Policy: fixed_small  Load: idle (0%) ---
22:15:31  INFO     [RAMS] Starting resource monitor ...
22:15:31  INFO     [RAMS] Loading model tiers ...
22:15:31  INFO     [RAMS] YOLOv8-nano ready — Ultralytics (imgsz=320).
22:15:32  INFO     [RAMS] YOLOv8-small ready — Ultralytics (imgsz=416).
22:15:32  INFO     [RAMS] YOLOv8-medium ready — Ultralytics (imgsz=640).
22:15:32  INFO     [RAMS] Controller ready. Policy: fixed
22:15:34  INFO       [fixed_small / idle] 20/200  tier=SMALL   latency=22.2 ms  R=0.212  target=0.00  dets=11  vru=True  backend=ultralytics
22:15:35  INFO       [fixed_small / idle] 40/200  tier=SMALL   latency=22.9 ms  R=0.222  target=0.00  dets=14  vru=False  backend=ultralytics
22:15:35  INFO       [fixed_small / idle] 60/200  tier=SMALL   latency=22.1 ms  R=0.211  target=0.00  dets=2  vru=False  backend=ultralytics
22:15:36  INFO       [fixed_small / idle] 80/200  tier=SMALL   latency=22.3 ms  R=0.192  target=0.00  dets=10  vru=False  backend=ultralytics
22:15:37  INFO       [fixed_small / idle] 100/200  tier=SMALL   latency=21.7 ms  R=0.181  target=0.00  dets=7  vru=False  backend=ultralytics
22:15:37  INFO       [fixed_small / idle] 120/200  tier=SMALL   latency=21.5 ms  R=0.150  target=0.00  dets=3  vru=False  backend=ultralytics
22:15:38  INFO       [fixed_small / idle] 140/200  tier=SMALL   latency=20.9 ms  R=0.156  target=0.00  dets=9  vru=True  backend=ultralytics
22:15:39  INFO       [fixed_small / idle] 160/200  tier=SMALL   latency=19.4 ms  R=0.138  target=0.00  dets=1  vru=False  backend=ultralytics
22:15:39  INFO       [fixed_small / idle] 180/200  tier=SMALL   latency=19.7 ms  R=0.157  target=0.00  dets=2  vru=False  backend=ultralytics
22:15:40  INFO       [fixed_small / idle] 200/200  tier=SMALL   latency=19.3 ms  R=0.156  target=0.00  dets=1  vru=False  backend=ultralytics
22:15:40  INFO     [RAMS] Controller stopped.
22:15:40  INFO     
--- Block 5/10  Policy: threshold  Load: idle (0%) ---
22:15:40  INFO     [RAMS] Starting resource monitor ...
22:15:40  INFO     [RAMS] Loading model tiers ...
22:15:40  INFO     [RAMS] YOLOv8-nano ready — Ultralytics (imgsz=320).
22:15:41  INFO     [RAMS] YOLOv8-small ready — Ultralytics (imgsz=416).
22:15:41  INFO     [RAMS] YOLOv8-medium ready — Ultralytics (imgsz=640).
22:15:41  INFO     [RAMS] Controller ready. Policy: threshold
22:15:43  INFO     [RAMS] Tier switch: SMALL → MEDIUM  (R=0.135)
22:15:43  INFO       [threshold / idle] 20/200  tier=MEDIUM  latency=27.6 ms  R=0.136  target=0.00  dets=17  vru=True  backend=ultralytics
22:15:43  INFO     [RAMS] Tier switch: MEDIUM → SMALL  (R=0.149)
22:15:44  INFO       [threshold / idle] 40/200  tier=SMALL   latency=22.2 ms  R=0.122  target=0.00  dets=14  vru=False  backend=ultralytics
22:15:44  INFO     [RAMS] Tier switch: SMALL → MEDIUM  (R=0.122)
22:15:44  INFO     [RAMS] Tier switch: MEDIUM → SMALL  (R=0.162)
22:15:44  INFO     [RAMS] Tier switch: SMALL → MEDIUM  (R=0.138)
22:15:45  INFO       [threshold / idle] 60/200  tier=MEDIUM  latency=25.3 ms  R=0.224  target=0.00  dets=3  vru=True  backend=ultralytics
22:15:45  INFO     [RAMS] Tier switch: MEDIUM → SMALL  (R=0.244)
22:15:45  INFO     [RAMS] Tier switch: SMALL → MEDIUM  (R=0.143)
22:15:45  INFO     [RAMS] Tier switch: MEDIUM → SMALL  (R=0.187)
22:15:45  INFO       [threshold / idle] 80/200  tier=SMALL   latency=21.1 ms  R=0.156  target=0.00  dets=10  vru=False  backend=ultralytics
22:15:45  INFO     [RAMS] Tier switch: SMALL → MEDIUM  (R=0.143)
22:15:46  INFO     [RAMS] Tier switch: MEDIUM → SMALL  (R=0.279)
22:15:46  INFO       [threshold / idle] 100/200  tier=SMALL   latency=20.6 ms  R=0.147  target=0.00  dets=7  vru=False  backend=ultralytics
22:15:46  INFO     [RAMS] Tier switch: SMALL → MEDIUM  (R=0.139)
22:15:46  INFO     [RAMS] Tier switch: MEDIUM → SMALL  (R=0.276)
22:15:47  INFO       [threshold / idle] 120/200  tier=SMALL   latency=20.1 ms  R=0.166  target=0.00  dets=3  vru=False  backend=ultralytics
22:15:47  INFO     [RAMS] Tier switch: SMALL → MEDIUM  (R=0.127)
22:15:47  INFO     [RAMS] Tier switch: MEDIUM → SMALL  (R=0.184)
22:15:47  INFO       [threshold / idle] 140/200  tier=SMALL   latency=21.0 ms  R=0.156  target=0.00  dets=9  vru=True  backend=ultralytics
22:15:48  INFO     [RAMS] Tier switch: SMALL → MEDIUM  (R=0.135)
22:15:48  INFO       [threshold / idle] 160/200  tier=MEDIUM  latency=24.6 ms  R=0.196  target=0.00  dets=2  vru=False  backend=ultralytics
22:15:48  INFO     [RAMS] Tier switch: MEDIUM → SMALL  (R=0.206)
22:15:48  INFO     [RAMS] Tier switch: SMALL → MEDIUM  (R=0.133)
22:15:48  INFO     [RAMS] Tier switch: MEDIUM → SMALL  (R=0.217)
22:15:49  INFO     [RAMS] Tier switch: SMALL → MEDIUM  (R=0.141)
22:15:49  INFO       [threshold / idle] 180/200  tier=MEDIUM  latency=24.8 ms  R=0.129  target=0.00  dets=3  vru=False  backend=ultralytics
22:15:49  INFO     [RAMS] Tier switch: MEDIUM → SMALL  (R=0.228)
22:15:49  INFO     [RAMS] Tier switch: SMALL → MEDIUM  (R=0.142)
22:15:49  INFO     [RAMS] Tier switch: MEDIUM → SMALL  (R=0.223)
22:15:49  INFO       [threshold / idle] 200/200  tier=SMALL   latency=19.7 ms  R=0.223  target=0.00  dets=1  vru=False  backend=ultralytics
22:15:50  INFO     [RAMS] Controller stopped.
22:15:50  INFO     
--- Block 6/10  Policy: adaptive  Load: idle (0%) ---
22:15:50  INFO     [RAMS] Starting resource monitor ...
22:15:50  INFO     [RAMS] Loading model tiers ...
22:15:50  INFO     [RAMS] YOLOv8-nano ready — Ultralytics (imgsz=320).
22:15:50  INFO     [RAMS] YOLOv8-small ready — Ultralytics (imgsz=416).
22:15:51  INFO     [RAMS] YOLOv8-medium ready — Ultralytics (imgsz=640).
22:15:51  INFO     [RAMS] Controller ready. Policy: adaptive
22:15:52  INFO     [RAMS] Tier switch: SMALL → MEDIUM  (R=0.067)
22:15:52  INFO     [RAMS] Tier switch: MEDIUM → SMALL  (R=0.242)
22:15:53  INFO       [adaptive / idle] 20/200  tier=SMALL   latency=20.7 ms  R=0.409  target=0.00  dets=2  vru=False  backend=ultralytics
22:15:53  INFO       [adaptive / idle] 40/200  tier=SMALL   latency=20.2 ms  R=0.214  target=0.00  dets=2  vru=False  backend=ultralytics
22:15:54  INFO       [adaptive / idle] 60/200  tier=SMALL   latency=21.6 ms  R=0.240  target=0.00  dets=4  vru=False  backend=ultralytics
22:15:55  INFO       [adaptive / idle] 80/200  tier=SMALL   latency=20.4 ms  R=0.291  target=0.00  dets=3  vru=True  backend=ultralytics
22:15:55  INFO       [adaptive / idle] 100/200  tier=SMALL   latency=20.2 ms  R=0.208  target=0.00  dets=2  vru=False  backend=ultralytics
22:15:56  INFO       [adaptive / idle] 120/200  tier=SMALL   latency=22.0 ms  R=0.218  target=0.00  dets=6  vru=False  backend=ultralytics
22:15:57  INFO       [adaptive / idle] 140/200  tier=SMALL   latency=23.1 ms  R=0.284  target=0.00  dets=4  vru=False  backend=ultralytics
22:15:57  INFO       [adaptive / idle] 160/200  tier=SMALL   latency=19.7 ms  R=0.207  target=0.00  dets=1  vru=False  backend=ultralytics
22:15:58  INFO       [adaptive / idle] 180/200  tier=SMALL   latency=21.2 ms  R=0.248  target=0.00  dets=6  vru=False  backend=ultralytics
22:15:59  INFO       [adaptive / idle] 200/200  tier=SMALL   latency=21.1 ms  R=0.206  target=0.00  dets=1  vru=False  backend=ultralytics
22:15:59  INFO     [RAMS] Controller stopped.
22:15:59  INFO     
--- Block 6/10  Policy: safety2  Load: idle (0%) ---
22:15:59  INFO     [RAMS] Starting resource monitor ...
22:15:59  INFO     [RAMS] Loading model tiers ...
22:15:59  INFO     [RAMS] YOLOv8-nano ready — Ultralytics (imgsz=320).
22:15:59  INFO     [RAMS] YOLOv8-small ready — Ultralytics (imgsz=416).
22:16:00  INFO     [RAMS] YOLOv8-medium ready — Ultralytics (imgsz=640).
22:16:00  INFO     [RAMS] Controller ready. Policy: safety2
22:16:01  INFO     [RAMS] Tier switch: SMALL → MEDIUM  (R=0.073)
22:16:02  INFO     [RAMS] Tier switch: MEDIUM → SMALL  (R=0.240)
22:16:02  INFO       [safety2 / idle] 20/200  tier=SMALL   latency=19.6 ms  R=0.150  target=0.00  dets=2  vru=False  backend=ultralytics
22:16:02  INFO     [RAMS] Tier switch: SMALL → MEDIUM  (R=0.133)
22:16:03  INFO       [safety2 / idle] 40/200  tier=MEDIUM  latency=25.1 ms  R=0.190  target=0.00  dets=3  vru=False  backend=ultralytics
22:16:03  INFO     [RAMS] Tier switch: MEDIUM → SMALL  (R=0.174)
22:16:03  INFO     [RAMS] Tier switch: SMALL → MEDIUM  (R=0.131)
22:16:03  INFO       [safety2 / idle] 60/200  tier=MEDIUM  latency=25.5 ms  R=0.151  target=0.00  dets=7  vru=False  backend=ultralytics
22:16:03  INFO     [RAMS] Tier switch: MEDIUM → SMALL  (R=0.151)
22:16:04  INFO       [safety2 / idle] 80/200  tier=SMALL   latency=19.9 ms  R=0.145  target=0.00  dets=3  vru=True  backend=ultralytics
22:16:04  INFO     [RAMS] Tier switch: SMALL → MEDIUM  (R=0.129)
22:16:04  INFO     [RAMS] Tier switch: MEDIUM → SMALL  (R=0.213)
22:16:05  INFO     [RAMS] Tier switch: SMALL → MEDIUM  (R=0.192)
22:16:05  INFO       [safety2 / idle] 100/200  tier=MEDIUM  latency=25.1 ms  R=0.135  target=0.00  dets=4  vru=True  backend=ultralytics
22:16:05  INFO     [RAMS] Tier switch: MEDIUM → SMALL  (R=0.157)
22:16:05  INFO       [safety2 / idle] 120/200  tier=SMALL   latency=20.4 ms  R=0.168  target=0.00  dets=6  vru=False  backend=ultralytics
22:16:05  INFO     [RAMS] Tier switch: SMALL → MEDIUM  (R=0.178)
22:16:06  INFO       [safety2 / idle] 140/200  tier=MEDIUM  latency=25.0 ms  R=0.183  target=0.00  dets=4  vru=False  backend=ultralytics
22:16:06  INFO     [RAMS] Tier switch: MEDIUM → SMALL  (R=0.183)
22:16:06  INFO     [RAMS] Tier switch: SMALL → MEDIUM  (R=0.129)
22:16:07  INFO     [RAMS] Tier switch: MEDIUM → SMALL  (R=0.247)
22:16:07  INFO     [RAMS] Tier switch: SMALL → MEDIUM  (R=0.247)
22:16:07  INFO       [safety2 / idle] 160/200  tier=MEDIUM  latency=24.5 ms  R=0.181  target=0.00  dets=1  vru=False  backend=ultralytics
22:16:08  INFO       [safety2 / idle] 180/200  tier=MEDIUM  latency=26.3 ms  R=0.246  target=0.00  dets=10  vru=False  backend=ultralytics
22:16:08  INFO     [RAMS] Tier switch: MEDIUM → SMALL  (R=0.171)
22:16:08  INFO     [RAMS] Tier switch: SMALL → MEDIUM  (R=0.128)
22:16:08  INFO       [safety2 / idle] 200/200  tier=MEDIUM  latency=27.1 ms  R=0.205  target=0.00  dets=4  vru=False  backend=ultralytics
22:16:09  INFO     [RAMS] Controller stopped.
22:16:09  INFO     
--- Block 6/10  Policy: threshold  Load: idle (0%) ---
22:16:09  INFO     [RAMS] Starting resource monitor ...
22:16:09  INFO     [RAMS] Loading model tiers ...
22:16:09  INFO     [RAMS] YOLOv8-nano ready — Ultralytics (imgsz=320).
22:16:09  INFO     [RAMS] YOLOv8-small ready — Ultralytics (imgsz=416).
22:16:10  INFO     [RAMS] YOLOv8-medium ready — Ultralytics (imgsz=640).
22:16:10  INFO     [RAMS] Controller ready. Policy: threshold
22:16:11  INFO     [RAMS] Tier switch: SMALL → MEDIUM  (R=0.067)
22:16:11  INFO     [RAMS] Tier switch: MEDIUM → SMALL  (R=0.165)
22:16:11  INFO     [RAMS] Tier switch: SMALL → MEDIUM  (R=0.143)
22:16:12  INFO     [RAMS] Tier switch: MEDIUM → SMALL  (R=0.205)
22:16:12  INFO       [threshold / idle] 20/200  tier=SMALL   latency=21.2 ms  R=0.205  target=0.00  dets=2  vru=False  backend=ultralytics
22:16:12  INFO     [RAMS] Tier switch: SMALL → MEDIUM  (R=0.129)
22:16:12  INFO     [RAMS] Tier switch: MEDIUM → SMALL  (R=0.146)
22:16:12  INFO     [RAMS] Tier switch: SMALL → MEDIUM  (R=0.139)
22:16:12  INFO       [threshold / idle] 40/200  tier=MEDIUM  latency=24.6 ms  R=0.140  target=0.00  dets=3  vru=False  backend=ultralytics
22:16:12  INFO     [RAMS] Tier switch: MEDIUM → SMALL  (R=0.217)
22:16:13  INFO     [RAMS] Tier switch: SMALL → MEDIUM  (R=0.125)
22:16:13  INFO     [RAMS] Tier switch: MEDIUM → SMALL  (R=0.180)
22:16:13  INFO       [threshold / idle] 60/200  tier=SMALL   latency=20.2 ms  R=0.179  target=0.00  dets=4  vru=False  backend=ultralytics
22:16:13  INFO     [RAMS] Tier switch: SMALL → MEDIUM  (R=0.134)
22:16:13  INFO     [RAMS] Tier switch: MEDIUM → SMALL  (R=0.200)
22:16:14  INFO       [threshold / idle] 80/200  tier=SMALL   latency=20.5 ms  R=0.295  target=0.00  dets=3  vru=True  backend=ultralytics
22:16:14  INFO       [threshold / idle] 100/200  tier=SMALL   latency=21.1 ms  R=0.201  target=0.00  dets=2  vru=False  backend=ultralytics
22:16:15  INFO       [threshold / idle] 120/200  tier=SMALL   latency=20.9 ms  R=0.219  target=0.00  dets=6  vru=False  backend=ultralytics
22:16:16  INFO       [threshold / idle] 140/200  tier=SMALL   latency=21.9 ms  R=0.274  target=0.00  dets=4  vru=False  backend=ultralytics
22:16:16  INFO       [threshold / idle] 160/200  tier=SMALL   latency=20.0 ms  R=0.202  target=0.00  dets=1  vru=False  backend=ultralytics
22:16:17  INFO       [threshold / idle] 180/200  tier=SMALL   latency=21.1 ms  R=0.210  target=0.00  dets=6  vru=False  backend=ultralytics
22:16:18  INFO       [threshold / idle] 200/200  tier=SMALL   latency=20.5 ms  R=0.231  target=0.00  dets=1  vru=False  backend=ultralytics
22:16:18  INFO     [RAMS] Controller stopped.
22:16:18  INFO     
--- Block 6/10  Policy: fixed_nano  Load: idle (0%) ---
22:16:18  INFO     [RAMS] Starting resource monitor ...
22:16:18  INFO     [RAMS] Loading model tiers ...
22:16:18  INFO     [RAMS] YOLOv8-nano ready — Ultralytics (imgsz=320).
22:16:19  INFO     [RAMS] YOLOv8-small ready — Ultralytics (imgsz=416).
22:16:19  INFO     [RAMS] YOLOv8-medium ready — Ultralytics (imgsz=640).
22:16:19  INFO     [RAMS] Controller ready. Policy: fixed
22:16:20  INFO     [RAMS] Tier switch: SMALL → NANO  (R=0.073)
22:16:21  INFO       [fixed_nano / idle] 20/200  tier=NANO    latency=18.9 ms  R=0.146  target=0.00  dets=1  vru=False  backend=ultralytics
22:16:22  INFO       [fixed_nano / idle] 40/200  tier=NANO    latency=19.0 ms  R=0.158  target=0.00  dets=1  vru=False  backend=ultralytics
22:16:22  INFO       [fixed_nano / idle] 60/200  tier=NANO    latency=19.6 ms  R=0.133  target=0.00  dets=5  vru=False  backend=ultralytics
22:16:23  INFO       [fixed_nano / idle] 80/200  tier=NANO    latency=19.4 ms  R=0.134  target=0.00  dets=4  vru=True  backend=ultralytics
22:16:24  INFO       [fixed_nano / idle] 100/200  tier=NANO    latency=19.2 ms  R=0.225  target=0.00  dets=3  vru=False  backend=ultralytics
22:16:24  INFO       [fixed_nano / idle] 120/200  tier=NANO    latency=19.1 ms  R=0.129  target=0.00  dets=3  vru=False  backend=ultralytics
22:16:25  INFO       [fixed_nano / idle] 140/200  tier=NANO    latency=19.2 ms  R=0.158  target=0.00  dets=3  vru=False  backend=ultralytics
22:16:25  INFO       [fixed_nano / idle] 160/200  tier=NANO    latency=19.9 ms  R=0.147  target=0.00  dets=1  vru=False  backend=ultralytics
22:16:26  INFO       [fixed_nano / idle] 180/200  tier=NANO    latency=19.4 ms  R=0.135  target=0.00  dets=4  vru=False  backend=ultralytics
22:16:27  INFO       [fixed_nano / idle] 200/200  tier=NANO    latency=18.2 ms  R=0.131  target=0.00  dets=0  vru=False  backend=ultralytics
22:16:27  INFO     [RAMS] Controller stopped.
22:16:27  INFO     
--- Block 6/10  Policy: fixed_medium  Load: idle (0%) ---
22:16:27  INFO     [RAMS] Starting resource monitor ...
22:16:27  INFO     [RAMS] Loading model tiers ...
22:16:27  INFO     [RAMS] YOLOv8-nano ready — Ultralytics (imgsz=320).
22:16:27  INFO     [RAMS] YOLOv8-small ready — Ultralytics (imgsz=416).
22:16:28  INFO     [RAMS] YOLOv8-medium ready — Ultralytics (imgsz=640).
22:16:28  INFO     [RAMS] Controller ready. Policy: fixed
22:16:29  INFO     [RAMS] Tier switch: SMALL → MEDIUM  (R=0.073)
22:16:30  INFO       [fixed_medium / idle] 20/200  tier=MEDIUM  latency=25.0 ms  R=0.199  target=0.00  dets=3  vru=False  backend=ultralytics
22:16:31  INFO       [fixed_medium / idle] 40/200  tier=MEDIUM  latency=25.3 ms  R=0.312  target=0.00  dets=3  vru=False  backend=ultralytics
22:16:31  INFO       [fixed_medium / idle] 60/200  tier=MEDIUM  latency=25.5 ms  R=0.164  target=0.00  dets=7  vru=False  backend=ultralytics
22:16:32  INFO       [fixed_medium / idle] 80/200  tier=MEDIUM  latency=25.4 ms  R=0.199  target=0.00  dets=7  vru=True  backend=ultralytics
22:16:33  INFO       [fixed_medium / idle] 100/200  tier=MEDIUM  latency=26.1 ms  R=0.133  target=0.00  dets=4  vru=True  backend=ultralytics
22:16:34  INFO       [fixed_medium / idle] 120/200  tier=MEDIUM  latency=26.5 ms  R=0.145  target=0.00  dets=11  vru=True  backend=ultralytics
22:16:34  INFO       [fixed_medium / idle] 140/200  tier=MEDIUM  latency=27.8 ms  R=0.219  target=0.00  dets=4  vru=False  backend=ultralytics
22:16:35  INFO       [fixed_medium / idle] 160/200  tier=MEDIUM  latency=26.2 ms  R=0.280  target=0.00  dets=1  vru=False  backend=ultralytics
22:16:36  INFO       [fixed_medium / idle] 180/200  tier=MEDIUM  latency=26.8 ms  R=0.205  target=0.00  dets=10  vru=False  backend=ultralytics
22:16:37  INFO       [fixed_medium / idle] 200/200  tier=MEDIUM  latency=26.7 ms  R=0.315  target=0.00  dets=4  vru=False  backend=ultralytics
22:16:37  INFO     [RAMS] Controller stopped.
22:16:37  INFO     
--- Block 6/10  Policy: fixed_small  Load: idle (0%) ---
22:16:37  INFO     [RAMS] Starting resource monitor ...
22:16:37  INFO     [RAMS] Loading model tiers ...
22:16:37  INFO     [RAMS] YOLOv8-nano ready — Ultralytics (imgsz=320).
22:16:38  INFO     [RAMS] YOLOv8-small ready — Ultralytics (imgsz=416).
22:16:38  INFO     [RAMS] YOLOv8-medium ready — Ultralytics (imgsz=640).
22:16:38  INFO     [RAMS] Controller ready. Policy: fixed
22:16:40  INFO       [fixed_small / idle] 20/200  tier=SMALL   latency=20.1 ms  R=0.232  target=0.00  dets=2  vru=False  backend=ultralytics
22:16:41  INFO       [fixed_small / idle] 40/200  tier=SMALL   latency=19.7 ms  R=0.150  target=0.00  dets=2  vru=False  backend=ultralytics
22:16:41  INFO       [fixed_small / idle] 60/200  tier=SMALL   latency=19.7 ms  R=0.150  target=0.00  dets=4  vru=False  backend=ultralytics
22:16:42  INFO       [fixed_small / idle] 80/200  tier=SMALL   latency=19.9 ms  R=0.132  target=0.00  dets=3  vru=True  backend=ultralytics
22:16:43  INFO       [fixed_small / idle] 100/200  tier=SMALL   latency=19.6 ms  R=0.228  target=0.00  dets=2  vru=False  backend=ultralytics
22:16:43  INFO       [fixed_small / idle] 120/200  tier=SMALL   latency=20.3 ms  R=0.157  target=0.00  dets=6  vru=False  backend=ultralytics
22:16:44  INFO       [fixed_small / idle] 140/200  tier=SMALL   latency=20.0 ms  R=0.141  target=0.00  dets=4  vru=False  backend=ultralytics
22:16:45  INFO       [fixed_small / idle] 160/200  tier=SMALL   latency=19.6 ms  R=0.235  target=0.00  dets=1  vru=False  backend=ultralytics
22:16:45  INFO       [fixed_small / idle] 180/200  tier=SMALL   latency=20.3 ms  R=0.129  target=0.00  dets=6  vru=False  backend=ultralytics
22:16:46  INFO       [fixed_small / idle] 200/200  tier=SMALL   latency=19.2 ms  R=0.168  target=0.00  dets=1  vru=False  backend=ultralytics
22:16:46  INFO     [RAMS] Controller stopped.
22:16:46  INFO     
--- Block 6/10  Policy: safety  Load: idle (0%) ---
22:16:46  INFO     [RAMS] Starting resource monitor ...
22:16:46  INFO     [RAMS] Loading model tiers ...
22:16:46  INFO     [RAMS] YOLOv8-nano ready — Ultralytics (imgsz=320).
22:16:47  INFO     [RAMS] YOLOv8-small ready — Ultralytics (imgsz=416).
22:16:47  INFO     [RAMS] YOLOv8-medium ready — Ultralytics (imgsz=640).
22:16:47  INFO     [RAMS] Controller ready. Policy: safety
22:16:48  INFO     [RAMS] Tier switch: SMALL → MEDIUM  (R=0.073)
22:16:49  INFO     [RAMS] Tier switch: MEDIUM → SMALL  (R=0.153)
22:16:49  INFO     [RAMS] Tier switch: SMALL → MEDIUM  (R=0.137)
22:16:49  INFO       [safety / idle] 20/200  tier=MEDIUM  latency=26.2 ms  R=0.125  target=0.00  dets=3  vru=False  backend=ultralytics
22:16:49  INFO     [RAMS] Tier switch: MEDIUM → SMALL  (R=0.185)
22:16:50  INFO       [safety / idle] 40/200  tier=SMALL   latency=19.4 ms  R=0.152  target=0.00  dets=2  vru=False  backend=ultralytics
22:16:50  INFO     [RAMS] Tier switch: SMALL → MEDIUM  (R=0.126)
22:16:50  INFO     [RAMS] Tier switch: MEDIUM → SMALL  (R=0.185)
22:16:50  INFO     [RAMS] Tier switch: SMALL → MEDIUM  (R=0.127)
22:16:50  INFO       [safety / idle] 60/200  tier=MEDIUM  latency=25.7 ms  R=0.175  target=0.00  dets=7  vru=False  backend=ultralytics
22:16:50  INFO     [RAMS] Tier switch: MEDIUM → SMALL  (R=0.152)
22:16:51  INFO     [RAMS] Tier switch: SMALL → MEDIUM  (R=0.142)
22:16:51  INFO       [safety / idle] 80/200  tier=MEDIUM  latency=25.7 ms  R=0.208  target=0.00  dets=7  vru=True  backend=ultralytics
22:16:51  INFO     [RAMS] Tier switch: MEDIUM → SMALL  (R=0.221)
22:16:51  INFO     [RAMS] Tier switch: SMALL → MEDIUM  (R=0.145)
22:16:51  INFO     [RAMS] Tier switch: MEDIUM → SMALL  (R=0.157)
22:16:52  INFO       [safety / idle] 100/200  tier=SMALL   latency=19.6 ms  R=0.135  target=0.00  dets=2  vru=False  backend=ultralytics
22:16:52  INFO     [RAMS] Tier switch: SMALL → MEDIUM  (R=0.135)
22:16:52  INFO     [RAMS] Tier switch: MEDIUM → SMALL  (R=0.157)
22:16:52  INFO       [safety / idle] 120/200  tier=SMALL   latency=21.8 ms  R=0.148  target=0.00  dets=6  vru=False  backend=ultralytics
22:16:53  INFO     [RAMS] Tier switch: SMALL → MEDIUM  (R=0.122)
22:16:53  INFO       [safety / idle] 140/200  tier=MEDIUM  latency=25.9 ms  R=0.127  target=0.00  dets=4  vru=False  backend=ultralytics
22:16:53  INFO     [RAMS] Tier switch: MEDIUM → SMALL  (R=0.158)
22:16:54  INFO       [safety / idle] 160/200  tier=SMALL   latency=19.3 ms  R=0.127  target=0.00  dets=1  vru=False  backend=ultralytics
22:16:54  INFO     [RAMS] Tier switch: SMALL → MEDIUM  (R=0.127)
22:16:54  INFO     [RAMS] Tier switch: MEDIUM → SMALL  (R=0.150)
22:16:54  INFO     [RAMS] Tier switch: SMALL → MEDIUM  (R=0.125)
22:16:54  INFO     [RAMS] Tier switch: MEDIUM → SMALL  (R=0.156)
22:16:55  INFO       [safety / idle] 180/200  tier=SMALL   latency=20.5 ms  R=0.209  target=0.00  dets=6  vru=False  backend=ultralytics
22:16:55  INFO     [RAMS] Tier switch: SMALL → MEDIUM  (R=0.138)
22:16:55  INFO     [RAMS] Tier switch: MEDIUM → SMALL  (R=0.166)
22:16:55  INFO       [safety / idle] 200/200  tier=SMALL   latency=19.8 ms  R=0.205  target=0.00  dets=1  vru=False  backend=ultralytics
22:16:55  INFO     [RAMS] Controller stopped.
22:16:55  INFO     
--- Block 6/10  Policy: predictive  Load: idle (0%) ---
22:16:55  INFO     [RAMS] Starting resource monitor ...
22:16:55  INFO     [RAMS] Loading model tiers ...
22:16:55  INFO     [RAMS] YOLOv8-nano ready — Ultralytics (imgsz=320).
22:16:56  INFO     [RAMS] YOLOv8-small ready — Ultralytics (imgsz=416).
22:16:57  INFO     [RAMS] YOLOv8-medium ready — Ultralytics (imgsz=640).
22:16:57  INFO     [RAMS] Controller ready. Policy: predictive
22:16:58  INFO       [predictive / idle] 20/200  tier=SMALL   latency=20.1 ms  R=0.202  target=0.00  dets=2  vru=False  backend=ultralytics
22:16:59  INFO       [predictive / idle] 40/200  tier=SMALL   latency=20.0 ms  R=0.230  target=0.00  dets=2  vru=False  backend=ultralytics
22:17:00  INFO       [predictive / idle] 60/200  tier=SMALL   latency=20.3 ms  R=0.270  target=0.00  dets=4  vru=False  backend=ultralytics
22:17:00  INFO       [predictive / idle] 80/200  tier=SMALL   latency=20.2 ms  R=0.223  target=0.00  dets=3  vru=True  backend=ultralytics
22:17:01  INFO       [predictive / idle] 100/200  tier=SMALL   latency=20.8 ms  R=0.201  target=0.00  dets=2  vru=False  backend=ultralytics
22:17:01  INFO     [RAMS] Tier switch: SMALL → MEDIUM  (R=0.127)
22:17:01  INFO     [RAMS] Tier switch: MEDIUM → SMALL  (R=0.216)
22:17:02  INFO       [predictive / idle] 120/200  tier=SMALL   latency=20.4 ms  R=0.216  target=0.00  dets=6  vru=False  backend=ultralytics
22:17:02  INFO     [RAMS] Tier switch: SMALL → MEDIUM  (R=0.141)
22:17:02  INFO     [RAMS] Tier switch: MEDIUM → SMALL  (R=0.179)
22:17:02  INFO       [predictive / idle] 140/200  tier=SMALL   latency=19.9 ms  R=0.154  target=0.00  dets=4  vru=False  backend=ultralytics
22:17:03  INFO     [RAMS] Tier switch: SMALL → MEDIUM  (R=0.133)
22:17:03  INFO       [predictive / idle] 160/200  tier=MEDIUM  latency=24.8 ms  R=0.133  target=0.00  dets=1  vru=False  backend=ultralytics
22:17:03  INFO     [RAMS] Tier switch: MEDIUM → SMALL  (R=0.160)
22:17:03  INFO     [RAMS] Tier switch: SMALL → MEDIUM  (R=0.126)
22:17:03  INFO     [RAMS] Tier switch: MEDIUM → SMALL  (R=0.236)
22:17:04  INFO       [predictive / idle] 180/200  tier=SMALL   latency=21.8 ms  R=0.236  target=0.00  dets=6  vru=False  backend=ultralytics
22:17:04  INFO     [RAMS] Tier switch: SMALL → MEDIUM  (R=0.137)
22:17:04  INFO     [RAMS] Tier switch: MEDIUM → SMALL  (R=0.147)
22:17:04  INFO     [RAMS] Tier switch: SMALL → MEDIUM  (R=0.139)
22:17:04  INFO       [predictive / idle] 200/200  tier=MEDIUM  latency=26.0 ms  R=0.127  target=0.00  dets=4  vru=False  backend=ultralytics
22:17:04  INFO     [RAMS] Controller stopped.
22:17:04  INFO     
--- Block 7/10  Policy: adaptive  Load: idle (0%) ---
22:17:04  INFO     [RAMS] Starting resource monitor ...
22:17:04  INFO     [RAMS] Loading model tiers ...
22:17:05  INFO     [RAMS] YOLOv8-nano ready — Ultralytics (imgsz=320).
22:17:05  INFO     [RAMS] YOLOv8-small ready — Ultralytics (imgsz=416).
22:17:06  INFO     [RAMS] YOLOv8-medium ready — Ultralytics (imgsz=640).
22:17:06  INFO     [RAMS] Controller ready. Policy: adaptive
22:17:07  INFO     [RAMS] Tier switch: SMALL → MEDIUM  (R=0.067)
22:17:07  INFO     [RAMS] Tier switch: MEDIUM → SMALL  (R=0.211)
22:17:08  INFO       [adaptive / idle] 20/200  tier=SMALL   latency=19.6 ms  R=0.168  target=0.00  dets=2  vru=False  backend=ultralytics
22:17:08  INFO       [adaptive / idle] 40/200  tier=SMALL   latency=20.5 ms  R=0.140  target=0.00  dets=6  vru=False  backend=ultralytics
22:17:09  INFO     [RAMS] Tier switch: SMALL → MEDIUM  (R=0.131)
22:17:09  INFO       [adaptive / idle] 60/200  tier=MEDIUM  latency=26.4 ms  R=0.131  target=0.00  dets=4  vru=True  backend=ultralytics
22:17:09  INFO     [RAMS] Tier switch: MEDIUM → SMALL  (R=0.177)
22:17:10  INFO       [adaptive / idle] 80/200  tier=SMALL   latency=21.4 ms  R=0.139  target=0.00  dets=5  vru=False  backend=ultralytics
22:17:10  INFO     [RAMS] Tier switch: SMALL → MEDIUM  (R=0.136)
22:17:10  INFO     [RAMS] Tier switch: MEDIUM → SMALL  (R=0.214)
22:17:10  INFO       [adaptive / idle] 100/200  tier=SMALL   latency=21.1 ms  R=0.214  target=0.00  dets=8  vru=False  backend=ultralytics
22:17:11  INFO       [adaptive / idle] 120/200  tier=SMALL   latency=19.4 ms  R=0.135  target=0.00  dets=1  vru=False  backend=ultralytics
22:17:12  INFO       [adaptive / idle] 140/200  tier=SMALL   latency=20.7 ms  R=0.155  target=0.00  dets=4  vru=True  backend=ultralytics
22:17:12  INFO       [adaptive / idle] 160/200  tier=SMALL   latency=19.4 ms  R=0.135  target=0.00  dets=1  vru=False  backend=ultralytics
22:17:12  INFO     [RAMS] Tier switch: SMALL → MEDIUM  (R=0.124)
22:17:13  INFO     [RAMS] Tier switch: MEDIUM → SMALL  (R=0.221)
22:17:13  INFO       [adaptive / idle] 180/200  tier=SMALL   latency=20.4 ms  R=0.155  target=0.00  dets=4  vru=False  backend=ultralytics
22:17:14  INFO       [adaptive / idle] 200/200  tier=SMALL   latency=21.7 ms  R=0.137  target=0.00  dets=7  vru=True  backend=ultralytics
22:17:14  INFO     [RAMS] Controller stopped.
22:17:14  INFO     
--- Block 7/10  Policy: fixed_nano  Load: idle (0%) ---
22:17:14  INFO     [RAMS] Starting resource monitor ...
22:17:14  INFO     [RAMS] Loading model tiers ...
22:17:14  INFO     [RAMS] YOLOv8-nano ready — Ultralytics (imgsz=320).
22:17:14  INFO     [RAMS] YOLOv8-small ready — Ultralytics (imgsz=416).
22:17:15  INFO     [RAMS] YOLOv8-medium ready — Ultralytics (imgsz=640).
22:17:15  INFO     [RAMS] Controller ready. Policy: fixed
22:17:16  INFO     [RAMS] Tier switch: SMALL → NANO  (R=0.125)
22:17:17  INFO       [fixed_nano / idle] 20/200  tier=NANO    latency=19.6 ms  R=0.204  target=0.00  dets=1  vru=False  backend=ultralytics
22:17:17  INFO       [fixed_nano / idle] 40/200  tier=NANO    latency=18.6 ms  R=0.215  target=0.00  dets=0  vru=False  backend=ultralytics
22:17:18  INFO       [fixed_nano / idle] 60/200  tier=NANO    latency=20.8 ms  R=0.229  target=0.00  dets=3  vru=False  backend=ultralytics
22:17:19  INFO       [fixed_nano / idle] 80/200  tier=NANO    latency=20.1 ms  R=0.230  target=0.00  dets=3  vru=False  backend=ultralytics
22:17:19  INFO       [fixed_nano / idle] 100/200  tier=NANO    latency=23.0 ms  R=0.218  target=0.00  dets=12  vru=False  backend=ultralytics
22:17:20  INFO       [fixed_nano / idle] 120/200  tier=NANO    latency=19.1 ms  R=0.211  target=0.00  dets=1  vru=False  backend=ultralytics
22:17:21  INFO       [fixed_nano / idle] 140/200  tier=NANO    latency=21.0 ms  R=0.229  target=0.00  dets=2  vru=False  backend=ultralytics
22:17:21  INFO       [fixed_nano / idle] 160/200  tier=NANO    latency=17.8 ms  R=0.183  target=0.00  dets=0  vru=False  backend=ultralytics
22:17:22  INFO       [fixed_nano / idle] 180/200  tier=NANO    latency=19.2 ms  R=0.227  target=0.00  dets=3  vru=False  backend=ultralytics
22:17:23  INFO       [fixed_nano / idle] 200/200  tier=NANO    latency=19.5 ms  R=0.145  target=0.00  dets=5  vru=False  backend=ultralytics
22:17:23  INFO     [RAMS] Controller stopped.
22:17:23  INFO     
--- Block 7/10  Policy: fixed_medium  Load: idle (0%) ---
22:17:23  INFO     [RAMS] Starting resource monitor ...
22:17:23  INFO     [RAMS] Loading model tiers ...
22:17:23  INFO     [RAMS] YOLOv8-nano ready — Ultralytics (imgsz=320).
22:17:23  INFO     [RAMS] YOLOv8-small ready — Ultralytics (imgsz=416).
22:17:24  INFO     [RAMS] YOLOv8-medium ready — Ultralytics (imgsz=640).
22:17:24  INFO     [RAMS] Controller ready. Policy: fixed
22:17:25  INFO     [RAMS] Tier switch: SMALL → MEDIUM  (R=0.067)
22:17:26  INFO       [fixed_medium / idle] 20/200  tier=MEDIUM  latency=24.6 ms  R=0.144  target=0.00  dets=1  vru=False  backend=ultralytics
22:17:27  INFO       [fixed_medium / idle] 40/200  tier=MEDIUM  latency=25.6 ms  R=0.261  target=0.00  dets=6  vru=False  backend=ultralytics
22:17:27  INFO       [fixed_medium / idle] 60/200  tier=MEDIUM  latency=26.7 ms  R=0.157  target=0.00  dets=4  vru=True  backend=ultralytics
22:17:28  INFO       [fixed_medium / idle] 80/200  tier=MEDIUM  latency=25.3 ms  R=0.170  target=0.00  dets=5  vru=True  backend=ultralytics
22:17:29  INFO       [fixed_medium / idle] 100/200  tier=MEDIUM  latency=27.7 ms  R=0.203  target=0.00  dets=17  vru=False  backend=ultralytics
22:17:30  INFO       [fixed_medium / idle] 120/200  tier=MEDIUM  latency=25.1 ms  R=0.212  target=0.00  dets=3  vru=True  backend=ultralytics
22:17:30  INFO       [fixed_medium / idle] 140/200  tier=MEDIUM  latency=29.0 ms  R=0.214  target=0.00  dets=10  vru=True  backend=ultralytics
22:17:31  INFO       [fixed_medium / idle] 160/200  tier=MEDIUM  latency=24.4 ms  R=0.145  target=0.00  dets=1  vru=False  backend=ultralytics
22:17:32  INFO       [fixed_medium / idle] 180/200  tier=MEDIUM  latency=25.8 ms  R=0.152  target=0.00  dets=7  vru=False  backend=ultralytics
22:17:33  INFO       [fixed_medium / idle] 200/200  tier=MEDIUM  latency=26.9 ms  R=0.141  target=0.00  dets=7  vru=True  backend=ultralytics
22:17:33  INFO     [RAMS] Controller stopped.
22:17:33  INFO     
--- Block 7/10  Policy: fixed_small  Load: idle (0%) ---
22:17:33  INFO     [RAMS] Starting resource monitor ...
22:17:33  INFO     [RAMS] Loading model tiers ...
22:17:33  INFO     [RAMS] YOLOv8-nano ready — Ultralytics (imgsz=320).
22:17:33  INFO     [RAMS] YOLOv8-small ready — Ultralytics (imgsz=416).
22:17:34  INFO     [RAMS] YOLOv8-medium ready — Ultralytics (imgsz=640).
22:17:34  INFO     [RAMS] Controller ready. Policy: fixed
22:17:36  INFO       [fixed_small / idle] 20/200  tier=SMALL   latency=19.6 ms  R=0.130  target=0.00  dets=2  vru=False  backend=ultralytics
22:17:36  INFO       [fixed_small / idle] 40/200  tier=SMALL   latency=20.9 ms  R=0.137  target=0.00  dets=6  vru=False  backend=ultralytics
22:17:37  INFO       [fixed_small / idle] 60/200  tier=SMALL   latency=20.4 ms  R=0.168  target=0.00  dets=3  vru=False  backend=ultralytics
22:17:38  INFO       [fixed_small / idle] 80/200  tier=SMALL   latency=22.0 ms  R=0.254  target=0.00  dets=5  vru=False  backend=ultralytics
22:17:38  INFO       [fixed_small / idle] 100/200  tier=SMALL   latency=21.5 ms  R=0.202  target=0.00  dets=8  vru=False  backend=ultralytics
22:17:39  INFO       [fixed_small / idle] 120/200  tier=SMALL   latency=20.1 ms  R=0.209  target=0.00  dets=1  vru=False  backend=ultralytics
22:17:40  INFO       [fixed_small / idle] 140/200  tier=SMALL   latency=21.7 ms  R=0.220  target=0.00  dets=4  vru=True  backend=ultralytics
22:17:40  INFO       [fixed_small / idle] 160/200  tier=SMALL   latency=20.3 ms  R=0.230  target=0.00  dets=1  vru=False  backend=ultralytics
22:17:41  INFO       [fixed_small / idle] 180/200  tier=SMALL   latency=20.3 ms  R=0.222  target=0.00  dets=4  vru=False  backend=ultralytics
22:17:42  INFO       [fixed_small / idle] 200/200  tier=SMALL   latency=23.0 ms  R=0.266  target=0.00  dets=7  vru=True  backend=ultralytics
22:17:42  INFO     [RAMS] Controller stopped.
22:17:42  INFO     
--- Block 7/10  Policy: safety2  Load: idle (0%) ---
22:17:42  INFO     [RAMS] Starting resource monitor ...
22:17:42  INFO     [RAMS] Loading model tiers ...
22:17:42  INFO     [RAMS] YOLOv8-nano ready — Ultralytics (imgsz=320).
22:17:42  INFO     [RAMS] YOLOv8-small ready — Ultralytics (imgsz=416).
22:17:43  INFO     [RAMS] YOLOv8-medium ready — Ultralytics (imgsz=640).
22:17:43  INFO     [RAMS] Controller ready. Policy: safety2
22:17:44  INFO     [RAMS] Tier switch: SMALL → MEDIUM  (R=0.067)
22:17:44  INFO     [RAMS] Tier switch: MEDIUM → SMALL  (R=0.267)
22:17:45  INFO     [RAMS] Tier switch: SMALL → MEDIUM  (R=0.267)
22:17:45  INFO       [safety2 / idle] 20/200  tier=MEDIUM  latency=24.3 ms  R=0.220  target=0.00  dets=1  vru=False  backend=ultralytics
22:17:46  INFO       [safety2 / idle] 40/200  tier=MEDIUM  latency=26.4 ms  R=0.199  target=0.00  dets=6  vru=False  backend=ultralytics
22:17:46  INFO     [RAMS] Tier switch: MEDIUM → SMALL  (R=0.194)
22:17:46  INFO     [RAMS] Tier switch: SMALL → MEDIUM  (R=0.161)
22:17:46  INFO       [safety2 / idle] 60/200  tier=MEDIUM  latency=25.0 ms  R=0.172  target=0.00  dets=4  vru=True  backend=ultralytics
22:17:47  INFO       [safety2 / idle] 80/200  tier=MEDIUM  latency=25.1 ms  R=0.176  target=0.00  dets=5  vru=True  backend=ultralytics
22:17:48  INFO     [RAMS] Tier switch: MEDIUM → SMALL  (R=0.165)
22:17:48  INFO     [RAMS] Tier switch: SMALL → MEDIUM  (R=0.160)
22:17:48  INFO       [safety2 / idle] 100/200  tier=MEDIUM  latency=27.8 ms  R=0.179  target=0.00  dets=17  vru=False  backend=ultralytics
22:17:48  INFO     [RAMS] Tier switch: MEDIUM → SMALL  (R=0.195)
22:17:49  INFO     [RAMS] Tier switch: SMALL → MEDIUM  (R=0.182)
22:17:49  INFO       [safety2 / idle] 120/200  tier=MEDIUM  latency=26.0 ms  R=0.182  target=0.00  dets=3  vru=True  backend=ultralytics
22:17:49  INFO     [RAMS] Tier switch: MEDIUM → SMALL  (R=0.209)
22:17:49  INFO     [RAMS] Tier switch: SMALL → MEDIUM  (R=0.159)
22:17:49  INFO       [safety2 / idle] 140/200  tier=MEDIUM  latency=26.3 ms  R=0.159  target=0.00  dets=10  vru=True  backend=ultralytics
22:17:50  INFO       [safety2 / idle] 160/200  tier=MEDIUM  latency=24.8 ms  R=0.183  target=0.00  dets=1  vru=False  backend=ultralytics
22:17:50  INFO     [RAMS] Tier switch: MEDIUM → SMALL  (R=0.183)
22:17:50  INFO     [RAMS] Tier switch: SMALL → MEDIUM  (R=0.142)
22:17:51  INFO     [RAMS] Tier switch: MEDIUM → SMALL  (R=0.200)
22:17:51  INFO     [RAMS] Tier switch: SMALL → MEDIUM  (R=0.200)
22:17:51  INFO       [safety2 / idle] 180/200  tier=MEDIUM  latency=26.5 ms  R=0.137  target=0.00  dets=7  vru=False  backend=ultralytics
22:17:52  INFO       [safety2 / idle] 200/200  tier=MEDIUM  latency=25.6 ms  R=0.127  target=0.00  dets=7  vru=True  backend=ultralytics
22:17:52  INFO     [RAMS] Controller stopped.
22:17:52  INFO     
--- Block 7/10  Policy: threshold  Load: idle (0%) ---
22:17:52  INFO     [RAMS] Starting resource monitor ...
22:17:52  INFO     [RAMS] Loading model tiers ...
22:17:52  INFO     [RAMS] YOLOv8-nano ready — Ultralytics (imgsz=320).
22:17:53  INFO     [RAMS] YOLOv8-small ready — Ultralytics (imgsz=416).
22:17:53  INFO     [RAMS] YOLOv8-medium ready — Ultralytics (imgsz=640).
22:17:53  INFO     [RAMS] Controller ready. Policy: threshold
22:17:55  INFO     [RAMS] Tier switch: SMALL → MEDIUM  (R=0.141)
22:17:55  INFO     [RAMS] Tier switch: MEDIUM → SMALL  (R=0.196)
22:17:55  INFO       [threshold / idle] 20/200  tier=SMALL   latency=19.8 ms  R=0.201  target=0.00  dets=2  vru=False  backend=ultralytics
22:17:55  INFO     [RAMS] Tier switch: SMALL → MEDIUM  (R=0.135)
22:17:56  INFO     [RAMS] Tier switch: MEDIUM → SMALL  (R=0.218)
22:17:56  INFO     [RAMS] Tier switch: SMALL → MEDIUM  (R=0.135)
22:17:56  INFO       [threshold / idle] 40/200  tier=MEDIUM  latency=25.8 ms  R=0.135  target=0.00  dets=6  vru=False  backend=ultralytics
22:17:56  INFO     [RAMS] Tier switch: MEDIUM → SMALL  (R=0.158)
22:17:56  INFO     [RAMS] Tier switch: SMALL → MEDIUM  (R=0.137)
22:17:56  INFO     [RAMS] Tier switch: MEDIUM → SMALL  (R=0.153)
22:17:56  INFO       [threshold / idle] 60/200  tier=SMALL   latency=20.9 ms  R=0.124  target=0.00  dets=3  vru=False  backend=ultralytics
22:17:56  INFO     [RAMS] Tier switch: SMALL → MEDIUM  (R=0.125)
22:17:57  INFO     [RAMS] Tier switch: MEDIUM → SMALL  (R=0.200)
22:17:57  INFO       [threshold / idle] 80/200  tier=SMALL   latency=20.1 ms  R=0.147  target=0.00  dets=5  vru=False  backend=ultralytics
22:17:57  INFO     [RAMS] Tier switch: SMALL → MEDIUM  (R=0.129)
22:17:57  INFO     [RAMS] Tier switch: MEDIUM → SMALL  (R=0.203)
22:17:58  INFO     [RAMS] Tier switch: SMALL → MEDIUM  (R=0.135)
22:17:58  INFO       [threshold / idle] 100/200  tier=MEDIUM  latency=27.9 ms  R=0.152  target=0.00  dets=17  vru=False  backend=ultralytics
22:17:58  INFO     [RAMS] Tier switch: MEDIUM → SMALL  (R=0.161)
22:17:58  INFO     [RAMS] Tier switch: SMALL → MEDIUM  (R=0.140)
22:17:58  INFO     [RAMS] Tier switch: MEDIUM → SMALL  (R=0.266)
22:17:59  INFO       [threshold / idle] 120/200  tier=SMALL   latency=20.3 ms  R=0.376  target=0.00  dets=1  vru=False  backend=ultralytics
22:17:59  INFO       [threshold / idle] 140/200  tier=SMALL   latency=20.8 ms  R=0.231  target=0.00  dets=4  vru=True  backend=ultralytics
22:18:00  INFO       [threshold / idle] 160/200  tier=SMALL   latency=21.6 ms  R=0.231  target=0.00  dets=1  vru=False  backend=ultralytics
22:18:01  INFO       [threshold / idle] 180/200  tier=SMALL   latency=20.7 ms  R=0.288  target=0.00  dets=4  vru=False  backend=ultralytics
22:18:01  INFO       [threshold / idle] 200/200  tier=SMALL   latency=21.5 ms  R=0.217  target=0.00  dets=7  vru=True  backend=ultralytics
22:18:01  INFO     [RAMS] Controller stopped.
22:18:01  INFO     
--- Block 7/10  Policy: predictive  Load: idle (0%) ---
22:18:01  INFO     [RAMS] Starting resource monitor ...
22:18:01  INFO     [RAMS] Loading model tiers ...
22:18:02  INFO     [RAMS] YOLOv8-nano ready — Ultralytics (imgsz=320).
22:18:02  INFO     [RAMS] YOLOv8-small ready — Ultralytics (imgsz=416).
22:18:03  INFO     [RAMS] YOLOv8-medium ready — Ultralytics (imgsz=640).
22:18:03  INFO     [RAMS] Controller ready. Policy: predictive
22:18:04  INFO     [RAMS] Tier switch: SMALL → MEDIUM  (R=0.138)
22:18:04  INFO     [RAMS] Tier switch: MEDIUM → SMALL  (R=0.190)
22:18:04  INFO       [predictive / idle] 20/200  tier=SMALL   latency=19.8 ms  R=0.164  target=0.00  dets=2  vru=False  backend=ultralytics
22:18:04  INFO     [RAMS] Tier switch: SMALL → MEDIUM  (R=0.134)
22:18:05  INFO     [RAMS] Tier switch: MEDIUM → SMALL  (R=0.234)
22:18:05  INFO       [predictive / idle] 40/200  tier=SMALL   latency=20.7 ms  R=0.138  target=0.00  dets=6  vru=False  backend=ultralytics
22:18:05  INFO     [RAMS] Tier switch: SMALL → MEDIUM  (R=0.138)
22:18:05  INFO     [RAMS] Tier switch: MEDIUM → SMALL  (R=0.183)
22:18:06  INFO       [predictive / idle] 60/200  tier=SMALL   latency=19.9 ms  R=0.151  target=0.00  dets=3  vru=False  backend=ultralytics
22:18:06  INFO     [RAMS] Tier switch: SMALL → MEDIUM  (R=0.137)
22:18:06  INFO       [predictive / idle] 80/200  tier=MEDIUM  latency=25.6 ms  R=0.164  target=0.00  dets=5  vru=True  backend=ultralytics
22:18:06  INFO     [RAMS] Tier switch: MEDIUM → SMALL  (R=0.164)
22:18:07  INFO       [predictive / idle] 100/200  tier=SMALL   latency=21.6 ms  R=0.168  target=0.00  dets=8  vru=False  backend=ultralytics
22:18:07  INFO     [RAMS] Tier switch: SMALL → MEDIUM  (R=0.124)
22:18:07  INFO     [RAMS] Tier switch: MEDIUM → SMALL  (R=0.198)
22:18:08  INFO       [predictive / idle] 120/200  tier=SMALL   latency=19.8 ms  R=0.137  target=0.00  dets=1  vru=False  backend=ultralytics
22:18:08  INFO     [RAMS] Tier switch: SMALL → MEDIUM  (R=0.139)
22:18:08  INFO     [RAMS] Tier switch: MEDIUM → SMALL  (R=0.159)
22:18:08  INFO       [predictive / idle] 140/200  tier=SMALL   latency=21.4 ms  R=0.159  target=0.00  dets=4  vru=True  backend=ultralytics
22:18:09  INFO       [predictive / idle] 160/200  tier=SMALL   latency=19.5 ms  R=0.164  target=0.00  dets=1  vru=False  backend=ultralytics
22:18:10  INFO     [RAMS] Tier switch: SMALL → MEDIUM  (R=0.134)
22:18:10  INFO       [predictive / idle] 180/200  tier=MEDIUM  latency=27.1 ms  R=0.134  target=0.00  dets=7  vru=False  backend=ultralytics
22:18:10  INFO     [RAMS] Tier switch: MEDIUM → SMALL  (R=0.152)
22:18:10  INFO     [RAMS] Tier switch: SMALL → MEDIUM  (R=0.137)
22:18:10  INFO       [predictive / idle] 200/200  tier=MEDIUM  latency=27.3 ms  R=0.137  target=0.00  dets=7  vru=True  backend=ultralytics
22:18:11  INFO     [RAMS] Controller stopped.
22:18:11  INFO     
--- Block 7/10  Policy: safety  Load: idle (0%) ---
22:18:11  INFO     [RAMS] Starting resource monitor ...
22:18:11  INFO     [RAMS] Loading model tiers ...
22:18:11  INFO     [RAMS] YOLOv8-nano ready — Ultralytics (imgsz=320).
22:18:11  INFO     [RAMS] YOLOv8-small ready — Ultralytics (imgsz=416).
22:18:12  INFO     [RAMS] YOLOv8-medium ready — Ultralytics (imgsz=640).
22:18:12  INFO     [RAMS] Controller ready. Policy: safety
22:18:13  INFO     [RAMS] Tier switch: SMALL → MEDIUM  (R=0.084)
22:18:13  INFO     [RAMS] Tier switch: MEDIUM → SMALL  (R=0.206)
22:18:14  INFO       [safety / idle] 20/200  tier=SMALL   latency=19.8 ms  R=0.223  target=0.00  dets=2  vru=False  backend=ultralytics
22:18:14  INFO     [RAMS] Tier switch: SMALL → MEDIUM  (R=0.144)
22:18:14  INFO     [RAMS] Tier switch: MEDIUM → SMALL  (R=0.167)
22:18:14  INFO     [RAMS] Tier switch: SMALL → MEDIUM  (R=0.142)
22:18:14  INFO     [RAMS] Tier switch: MEDIUM → SMALL  (R=0.196)
22:18:14  INFO       [safety / idle] 40/200  tier=SMALL   latency=20.4 ms  R=0.218  target=0.00  dets=6  vru=False  backend=ultralytics
22:18:15  INFO     [RAMS] Tier switch: SMALL → MEDIUM  (R=0.130)
22:18:15  INFO     [RAMS] Tier switch: MEDIUM → SMALL  (R=0.228)
22:18:15  INFO       [safety / idle] 60/200  tier=SMALL   latency=20.1 ms  R=0.148  target=0.00  dets=3  vru=False  backend=ultralytics
22:18:15  INFO     [RAMS] Tier switch: SMALL → MEDIUM  (R=0.140)
22:18:15  INFO     [RAMS] Tier switch: MEDIUM → SMALL  (R=0.177)
22:18:16  INFO       [safety / idle] 80/200  tier=SMALL   latency=20.3 ms  R=0.148  target=0.00  dets=5  vru=False  backend=ultralytics
22:18:16  INFO     [RAMS] Tier switch: SMALL → MEDIUM  (R=0.136)
22:18:16  INFO     [RAMS] Tier switch: MEDIUM → SMALL  (R=0.186)
22:18:16  INFO     [RAMS] Tier switch: SMALL → MEDIUM  (R=0.122)
22:18:16  INFO       [safety / idle] 100/200  tier=MEDIUM  latency=28.0 ms  R=0.146  target=0.00  dets=17  vru=False  backend=ultralytics
22:18:16  INFO     [RAMS] Tier switch: MEDIUM → SMALL  (R=0.210)
22:18:17  INFO     [RAMS] Tier switch: SMALL → MEDIUM  (R=0.140)
22:18:17  INFO       [safety / idle] 120/200  tier=MEDIUM  latency=24.9 ms  R=0.154  target=0.00  dets=3  vru=True  backend=ultralytics
22:18:17  INFO     [RAMS] Tier switch: MEDIUM → SMALL  (R=0.195)
22:18:18  INFO     [RAMS] Tier switch: SMALL → MEDIUM  (R=0.138)
22:18:18  INFO       [safety / idle] 140/200  tier=MEDIUM  latency=27.7 ms  R=0.138  target=0.00  dets=10  vru=True  backend=ultralytics
22:18:18  INFO     [RAMS] Tier switch: MEDIUM → SMALL  (R=0.171)
22:18:18  INFO     [RAMS] Tier switch: SMALL → MEDIUM  (R=0.138)
22:18:18  INFO     [RAMS] Tier switch: MEDIUM → SMALL  (R=0.174)
22:18:18  INFO     [RAMS] Tier switch: SMALL → MEDIUM  (R=0.142)
22:18:18  INFO       [safety / idle] 160/200  tier=MEDIUM  latency=25.0 ms  R=0.142  target=0.00  dets=1  vru=False  backend=ultralytics
22:18:19  INFO     [RAMS] Tier switch: MEDIUM → SMALL  (R=0.225)
22:18:19  INFO     [RAMS] Tier switch: SMALL → MEDIUM  (R=0.138)
22:18:19  INFO       [safety / idle] 180/200  tier=MEDIUM  latency=26.6 ms  R=0.211  target=0.00  dets=7  vru=False  backend=ultralytics
22:18:19  INFO     [RAMS] Tier switch: MEDIUM → SMALL  (R=0.211)
22:18:20  INFO       [safety / idle] 200/200  tier=SMALL   latency=21.7 ms  R=0.223  target=0.00  dets=7  vru=True  backend=ultralytics
22:18:20  INFO     [RAMS] Controller stopped.
22:18:20  INFO     
--- Block 8/10  Policy: fixed_small  Load: idle (0%) ---
22:18:20  INFO     [RAMS] Starting resource monitor ...
22:18:20  INFO     [RAMS] Loading model tiers ...
22:18:20  INFO     [RAMS] YOLOv8-nano ready — Ultralytics (imgsz=320).
22:18:20  INFO     [RAMS] YOLOv8-small ready — Ultralytics (imgsz=416).
22:18:21  INFO     [RAMS] YOLOv8-medium ready — Ultralytics (imgsz=640).
22:18:21  INFO     [RAMS] Controller ready. Policy: fixed
22:18:23  INFO       [fixed_small / idle] 20/200  tier=SMALL   latency=20.2 ms  R=0.223  target=0.00  dets=2  vru=False  backend=ultralytics
22:18:24  INFO       [fixed_small / idle] 40/200  tier=SMALL   latency=22.4 ms  R=0.222  target=0.00  dets=5  vru=False  backend=ultralytics
22:18:24  INFO       [fixed_small / idle] 60/200  tier=SMALL   latency=21.2 ms  R=0.223  target=0.00  dets=5  vru=False  backend=ultralytics
22:18:25  INFO       [fixed_small / idle] 80/200  tier=SMALL   latency=21.3 ms  R=0.215  target=0.00  dets=5  vru=False  backend=ultralytics
22:18:26  INFO       [fixed_small / idle] 100/200  tier=SMALL   latency=23.0 ms  R=0.135  target=0.00  dets=10  vru=False  backend=ultralytics
22:18:26  INFO       [fixed_small / idle] 120/200  tier=SMALL   latency=17.9 ms  R=0.151  target=0.00  dets=0  vru=False  backend=ultralytics
22:18:27  INFO       [fixed_small / idle] 140/200  tier=SMALL   latency=19.3 ms  R=0.148  target=0.00  dets=1  vru=False  backend=ultralytics
22:18:28  INFO       [fixed_small / idle] 160/200  tier=SMALL   latency=20.1 ms  R=0.139  target=0.00  dets=1  vru=False  backend=ultralytics
22:18:28  INFO       [fixed_small / idle] 180/200  tier=SMALL   latency=20.1 ms  R=0.144  target=0.00  dets=4  vru=False  backend=ultralytics
22:18:29  INFO       [fixed_small / idle] 200/200  tier=SMALL   latency=22.9 ms  R=0.184  target=0.00  dets=13  vru=True  backend=ultralytics
22:18:29  INFO     [RAMS] Controller stopped.
22:18:29  INFO     
--- Block 8/10  Policy: safety  Load: idle (0%) ---
22:18:29  INFO     [RAMS] Starting resource monitor ...
22:18:29  INFO     [RAMS] Loading model tiers ...
22:18:29  INFO     [RAMS] YOLOv8-nano ready — Ultralytics (imgsz=320).
22:18:29  INFO     [RAMS] YOLOv8-small ready — Ultralytics (imgsz=416).
22:18:30  INFO     [RAMS] YOLOv8-medium ready — Ultralytics (imgsz=640).
22:18:30  INFO     [RAMS] Controller ready. Policy: safety
22:18:31  INFO     [RAMS] Tier switch: SMALL → MEDIUM  (R=0.090)
22:18:32  INFO     [RAMS] Tier switch: MEDIUM → SMALL  (R=0.300)
22:18:32  INFO     [RAMS] Tier switch: SMALL → MEDIUM  (R=0.130)
22:18:32  INFO     [RAMS] Tier switch: MEDIUM → SMALL  (R=0.193)
22:18:32  INFO       [safety / idle] 20/200  tier=SMALL   latency=19.5 ms  R=0.134  target=0.00  dets=2  vru=False  backend=ultralytics
22:18:32  INFO     [RAMS] Tier switch: SMALL → MEDIUM  (R=0.134)
22:18:32  INFO     [RAMS] Tier switch: MEDIUM → SMALL  (R=0.156)
22:18:32  INFO     [RAMS] Tier switch: SMALL → MEDIUM  (R=0.126)
22:18:32  INFO     [RAMS] Tier switch: MEDIUM → SMALL  (R=0.220)
22:18:33  INFO       [safety / idle] 40/200  tier=SMALL   latency=20.2 ms  R=0.252  target=0.00  dets=5  vru=False  backend=ultralytics
22:18:33  INFO     [RAMS] Tier switch: SMALL → MEDIUM  (R=0.142)
22:18:33  INFO     [RAMS] Tier switch: MEDIUM → SMALL  (R=0.210)
22:18:33  INFO       [safety / idle] 60/200  tier=SMALL   latency=20.2 ms  R=0.210  target=0.00  dets=5  vru=False  backend=ultralytics
22:18:34  INFO     [RAMS] Tier switch: SMALL → MEDIUM  (R=0.145)
22:18:34  INFO     [RAMS] Tier switch: MEDIUM → SMALL  (R=0.173)
22:18:34  INFO       [safety / idle] 80/200  tier=SMALL   latency=20.1 ms  R=0.188  target=0.00  dets=5  vru=False  backend=ultralytics
22:18:34  INFO     [RAMS] Tier switch: SMALL → MEDIUM  (R=0.140)
22:18:34  INFO     [RAMS] Tier switch: MEDIUM → SMALL  (R=0.224)
22:18:35  INFO     [RAMS] Tier switch: SMALL → MEDIUM  (R=0.138)
22:18:35  INFO     [RAMS] Tier switch: MEDIUM → SMALL  (R=0.269)
22:18:35  INFO       [safety / idle] 100/200  tier=SMALL   latency=21.4 ms  R=0.207  target=0.00  dets=10  vru=False  backend=ultralytics
22:18:35  INFO     [RAMS] Tier switch: SMALL → MEDIUM  (R=0.144)
22:18:35  INFO     [RAMS] Tier switch: MEDIUM → SMALL  (R=0.170)
22:18:35  INFO       [safety / idle] 120/200  tier=SMALL   latency=17.7 ms  R=0.210  target=0.00  dets=0  vru=False  backend=ultralytics
22:18:36  INFO     [RAMS] Tier switch: SMALL → MEDIUM  (R=0.140)
22:18:36  INFO     [RAMS] Tier switch: MEDIUM → SMALL  (R=0.212)
22:18:36  INFO     [RAMS] Tier switch: SMALL → MEDIUM  (R=0.138)
22:18:36  INFO       [safety / idle] 140/200  tier=MEDIUM  latency=24.3 ms  R=0.179  target=0.00  dets=1  vru=False  backend=ultralytics
22:18:36  INFO     [RAMS] Tier switch: MEDIUM → SMALL  (R=0.179)
22:18:36  INFO     [RAMS] Tier switch: SMALL → MEDIUM  (R=0.130)
22:18:36  INFO     [RAMS] Tier switch: MEDIUM → SMALL  (R=0.217)
22:18:37  INFO     [RAMS] Tier switch: SMALL → MEDIUM  (R=0.128)
22:18:37  INFO       [safety / idle] 160/200  tier=MEDIUM  latency=25.6 ms  R=0.187  target=0.00  dets=6  vru=False  backend=ultralytics
22:18:37  INFO     [RAMS] Tier switch: MEDIUM → SMALL  (R=0.187)
22:18:37  INFO     [RAMS] Tier switch: SMALL → MEDIUM  (R=0.128)
22:18:37  INFO     [RAMS] Tier switch: MEDIUM → SMALL  (R=0.200)
22:18:37  INFO       [safety / idle] 180/200  tier=SMALL   latency=20.8 ms  R=0.161  target=0.00  dets=4  vru=False  backend=ultralytics
22:18:38  INFO     [RAMS] Tier switch: SMALL → MEDIUM  (R=0.130)
22:18:38  INFO     [RAMS] Tier switch: MEDIUM → SMALL  (R=0.215)
22:18:38  INFO       [safety / idle] 200/200  tier=SMALL   latency=21.9 ms  R=0.156  target=0.00  dets=13  vru=True  backend=ultralytics
22:18:38  INFO     [RAMS] Controller stopped.
22:18:38  INFO     
--- Block 8/10  Policy: threshold  Load: idle (0%) ---
22:18:38  INFO     [RAMS] Starting resource monitor ...
22:18:38  INFO     [RAMS] Loading model tiers ...
22:18:38  INFO     [RAMS] YOLOv8-nano ready — Ultralytics (imgsz=320).
22:18:39  INFO     [RAMS] YOLOv8-small ready — Ultralytics (imgsz=416).
22:18:40  INFO     [RAMS] YOLOv8-medium ready — Ultralytics (imgsz=640).
22:18:40  INFO     [RAMS] Controller ready. Policy: threshold
22:18:41  INFO     [RAMS] Tier switch: SMALL → MEDIUM  (R=0.126)
22:18:41  INFO     [RAMS] Tier switch: MEDIUM → SMALL  (R=0.218)
22:18:41  INFO       [threshold / idle] 20/200  tier=SMALL   latency=20.6 ms  R=0.227  target=0.00  dets=2  vru=False  backend=ultralytics
22:18:42  INFO       [threshold / idle] 40/200  tier=SMALL   latency=21.2 ms  R=0.209  target=0.00  dets=5  vru=False  backend=ultralytics
22:18:43  INFO       [threshold / idle] 60/200  tier=SMALL   latency=21.1 ms  R=0.226  target=0.00  dets=5  vru=False  backend=ultralytics
22:18:44  INFO       [threshold / idle] 80/200  tier=SMALL   latency=25.6 ms  R=0.198  target=0.00  dets=5  vru=False  backend=ultralytics
22:18:44  INFO       [threshold / idle] 100/200  tier=SMALL   latency=23.8 ms  R=0.224  target=0.00  dets=10  vru=False  backend=ultralytics
22:18:45  INFO       [threshold / idle] 120/200  tier=SMALL   latency=18.8 ms  R=0.218  target=0.00  dets=0  vru=False  backend=ultralytics
22:18:46  INFO       [threshold / idle] 140/200  tier=SMALL   latency=21.0 ms  R=0.205  target=0.00  dets=1  vru=False  backend=ultralytics
22:18:46  INFO     [RAMS] Tier switch: SMALL → MEDIUM  (R=0.134)
22:18:46  INFO       [threshold / idle] 160/200  tier=MEDIUM  latency=25.9 ms  R=0.134  target=0.00  dets=6  vru=False  backend=ultralytics
22:18:46  INFO     [RAMS] Tier switch: MEDIUM → SMALL  (R=0.177)
22:18:46  INFO     [RAMS] Tier switch: SMALL → MEDIUM  (R=0.122)
22:18:47  INFO     [RAMS] Tier switch: MEDIUM → SMALL  (R=0.298)
22:18:47  INFO       [threshold / idle] 180/200  tier=SMALL   latency=20.1 ms  R=0.142  target=0.00  dets=4  vru=False  backend=ultralytics
22:18:47  INFO     [RAMS] Tier switch: SMALL → MEDIUM  (R=0.143)
22:18:47  INFO     [RAMS] Tier switch: MEDIUM → SMALL  (R=0.214)
22:18:47  INFO     [RAMS] Tier switch: SMALL → MEDIUM  (R=0.134)
22:18:48  INFO       [threshold / idle] 200/200  tier=MEDIUM  latency=28.0 ms  R=0.270  target=0.00  dets=16  vru=False  backend=ultralytics
22:18:48  INFO     [RAMS] Controller stopped.
22:18:48  INFO     
--- Block 8/10  Policy: safety2  Load: idle (0%) ---
22:18:48  INFO     [RAMS] Starting resource monitor ...
22:18:48  INFO     [RAMS] Loading model tiers ...
22:18:48  INFO     [RAMS] YOLOv8-nano ready — Ultralytics (imgsz=320).
22:18:48  INFO     [RAMS] YOLOv8-small ready — Ultralytics (imgsz=416).
22:18:49  INFO     [RAMS] YOLOv8-medium ready — Ultralytics (imgsz=640).
22:18:49  INFO     [RAMS] Controller ready. Policy: safety2
22:18:50  INFO     [RAMS] Tier switch: SMALL → MEDIUM  (R=0.073)
22:18:50  INFO     [RAMS] Tier switch: MEDIUM → SMALL  (R=0.146)
22:18:50  INFO     [RAMS] Tier switch: SMALL → MEDIUM  (R=0.132)
22:18:51  INFO       [safety2 / idle] 20/200  tier=MEDIUM  latency=25.5 ms  R=0.178  target=0.00  dets=4  vru=True  backend=ultralytics
22:18:51  INFO     [RAMS] Tier switch: MEDIUM → SMALL  (R=0.178)
22:18:51  INFO     [RAMS] Tier switch: SMALL → MEDIUM  (R=0.141)
22:18:51  INFO     [RAMS] Tier switch: MEDIUM → SMALL  (R=0.221)
22:18:51  INFO     [RAMS] Tier switch: SMALL → MEDIUM  (R=0.141)
22:18:52  INFO       [safety2 / idle] 40/200  tier=MEDIUM  latency=26.6 ms  R=0.146  target=0.00  dets=8  vru=False  backend=ultralytics
22:18:52  INFO     [RAMS] Tier switch: MEDIUM → SMALL  (R=0.146)
22:18:52  INFO     [RAMS] Tier switch: SMALL → MEDIUM  (R=0.139)
22:18:52  INFO       [safety2 / idle] 60/200  tier=MEDIUM  latency=26.5 ms  R=0.226  target=0.00  dets=11  vru=True  backend=ultralytics
22:18:53  INFO       [safety2 / idle] 80/200  tier=MEDIUM  latency=26.2 ms  R=0.138  target=0.00  dets=6  vru=False  backend=ultralytics
22:18:53  INFO     [RAMS] Tier switch: MEDIUM → SMALL  (R=0.221)
22:18:53  INFO     [RAMS] Tier switch: SMALL → MEDIUM  (R=0.221)
22:18:54  INFO       [safety2 / idle] 100/200  tier=MEDIUM  latency=27.7 ms  R=0.195  target=0.00  dets=10  vru=False  backend=ultralytics
22:18:54  INFO     [RAMS] Tier switch: MEDIUM → SMALL  (R=0.167)
22:18:54  INFO     [RAMS] Tier switch: SMALL → MEDIUM  (R=0.143)
22:18:55  INFO       [safety2 / idle] 120/200  tier=MEDIUM  latency=25.3 ms  R=0.297  target=0.00  dets=3  vru=False  backend=ultralytics
22:18:55  INFO     [RAMS] Tier switch: MEDIUM → SMALL  (R=0.159)
22:18:55  INFO     [RAMS] Tier switch: SMALL → MEDIUM  (R=0.139)
22:18:55  INFO     [RAMS] Tier switch: MEDIUM → SMALL  (R=0.155)
22:18:55  INFO     [RAMS] Tier switch: SMALL → MEDIUM  (R=0.227)
22:18:55  INFO       [safety2 / idle] 140/200  tier=MEDIUM  latency=24.8 ms  R=0.227  target=0.00  dets=1  vru=False  backend=ultralytics
22:18:56  INFO     [RAMS] Tier switch: MEDIUM → SMALL  (R=0.164)
22:18:56  INFO       [safety2 / idle] 160/200  tier=SMALL   latency=19.6 ms  R=0.267  target=0.00  dets=1  vru=False  backend=ultralytics
22:18:56  INFO     [RAMS] Tier switch: SMALL → MEDIUM  (R=0.153)
22:18:57  INFO       [safety2 / idle] 180/200  tier=MEDIUM  latency=25.6 ms  R=0.132  target=0.00  dets=5  vru=False  backend=ultralytics
22:18:58  INFO     [RAMS] Tier switch: MEDIUM → SMALL  (R=0.185)
22:18:58  INFO     [RAMS] Tier switch: SMALL → MEDIUM  (R=0.313)
22:18:58  INFO       [safety2 / idle] 200/200  tier=MEDIUM  latency=28.0 ms  R=0.313  target=0.00  dets=16  vru=False  backend=ultralytics
22:18:58  INFO     [RAMS] Controller stopped.
22:18:58  INFO     
--- Block 8/10  Policy: fixed_nano  Load: idle (0%) ---
22:18:58  INFO     [RAMS] Starting resource monitor ...
22:18:58  INFO     [RAMS] Loading model tiers ...
22:18:58  INFO     [RAMS] YOLOv8-nano ready — Ultralytics (imgsz=320).
22:18:58  INFO     [RAMS] YOLOv8-small ready — Ultralytics (imgsz=416).
22:18:59  INFO     [RAMS] YOLOv8-medium ready — Ultralytics (imgsz=640).
22:18:59  INFO     [RAMS] Controller ready. Policy: fixed
22:19:00  INFO     [RAMS] Tier switch: SMALL → NANO  (R=0.073)
22:19:01  INFO       [fixed_nano / idle] 20/200  tier=NANO    latency=18.5 ms  R=0.203  target=0.00  dets=0  vru=False  backend=ultralytics
22:19:01  INFO       [fixed_nano / idle] 40/200  tier=NANO    latency=19.5 ms  R=0.197  target=0.00  dets=3  vru=False  backend=ultralytics
22:19:02  INFO       [fixed_nano / idle] 60/200  tier=NANO    latency=19.5 ms  R=0.213  target=0.00  dets=2  vru=False  backend=ultralytics
22:19:03  INFO       [fixed_nano / idle] 80/200  tier=NANO    latency=20.8 ms  R=0.329  target=0.00  dets=5  vru=False  backend=ultralytics
22:19:03  INFO       [fixed_nano / idle] 100/200  tier=NANO    latency=20.8 ms  R=0.250  target=0.00  dets=7  vru=False  backend=ultralytics
22:19:04  INFO       [fixed_nano / idle] 120/200  tier=NANO    latency=18.6 ms  R=0.208  target=0.00  dets=0  vru=False  backend=ultralytics
22:19:05  INFO       [fixed_nano / idle] 140/200  tier=NANO    latency=20.7 ms  R=0.244  target=0.00  dets=1  vru=False  backend=ultralytics
22:19:05  INFO       [fixed_nano / idle] 160/200  tier=NANO    latency=19.8 ms  R=0.219  target=0.00  dets=1  vru=False  backend=ultralytics
22:19:06  INFO       [fixed_nano / idle] 180/200  tier=NANO    latency=19.6 ms  R=0.243  target=0.00  dets=1  vru=False  backend=ultralytics
22:19:07  INFO       [fixed_nano / idle] 200/200  tier=NANO    latency=22.2 ms  R=0.236  target=0.00  dets=12  vru=False  backend=ultralytics
22:19:07  INFO     [RAMS] Controller stopped.
22:19:07  INFO     
--- Block 8/10  Policy: fixed_medium  Load: idle (0%) ---
22:19:07  INFO     [RAMS] Starting resource monitor ...
22:19:07  INFO     [RAMS] Loading model tiers ...
22:19:07  INFO     [RAMS] YOLOv8-nano ready — Ultralytics (imgsz=320).
22:19:07  INFO     [RAMS] YOLOv8-small ready — Ultralytics (imgsz=416).
22:19:08  INFO     [RAMS] YOLOv8-medium ready — Ultralytics (imgsz=640).
22:19:08  INFO     [RAMS] Controller ready. Policy: fixed
22:19:09  INFO     [RAMS] Tier switch: SMALL → MEDIUM  (R=0.073)
22:19:10  INFO       [fixed_medium / idle] 20/200  tier=MEDIUM  latency=25.1 ms  R=0.214  target=0.00  dets=4  vru=True  backend=ultralytics
22:19:11  INFO       [fixed_medium / idle] 40/200  tier=MEDIUM  latency=26.8 ms  R=0.220  target=0.00  dets=8  vru=False  backend=ultralytics
22:19:11  INFO       [fixed_medium / idle] 60/200  tier=MEDIUM  latency=27.9 ms  R=0.197  target=0.00  dets=11  vru=True  backend=ultralytics
22:19:12  INFO       [fixed_medium / idle] 80/200  tier=MEDIUM  latency=25.5 ms  R=0.227  target=0.00  dets=6  vru=False  backend=ultralytics
22:19:13  INFO       [fixed_medium / idle] 100/200  tier=MEDIUM  latency=26.4 ms  R=0.172  target=0.00  dets=10  vru=False  backend=ultralytics
22:19:14  INFO       [fixed_medium / idle] 120/200  tier=MEDIUM  latency=25.3 ms  R=0.149  target=0.00  dets=3  vru=False  backend=ultralytics
22:19:14  INFO       [fixed_medium / idle] 140/200  tier=MEDIUM  latency=25.2 ms  R=0.209  target=0.00  dets=1  vru=False  backend=ultralytics
22:19:15  INFO       [fixed_medium / idle] 160/200  tier=MEDIUM  latency=27.0 ms  R=0.195  target=0.00  dets=6  vru=False  backend=ultralytics
22:19:16  INFO       [fixed_medium / idle] 180/200  tier=MEDIUM  latency=26.0 ms  R=0.136  target=0.00  dets=5  vru=False  backend=ultralytics
22:19:17  INFO       [fixed_medium / idle] 200/200  tier=MEDIUM  latency=27.7 ms  R=0.211  target=0.00  dets=16  vru=False  backend=ultralytics
22:19:17  INFO     [RAMS] Controller stopped.
22:19:17  INFO     
--- Block 8/10  Policy: predictive  Load: idle (0%) ---
22:19:17  INFO     [RAMS] Starting resource monitor ...
22:19:17  INFO     [RAMS] Loading model tiers ...
22:19:17  INFO     [RAMS] YOLOv8-nano ready — Ultralytics (imgsz=320).
22:19:17  INFO     [RAMS] YOLOv8-small ready — Ultralytics (imgsz=416).
22:19:18  INFO     [RAMS] YOLOv8-medium ready — Ultralytics (imgsz=640).
22:19:18  INFO     [RAMS] Controller ready. Policy: predictive
22:19:19  INFO     [RAMS] Tier switch: SMALL → MEDIUM  (R=0.067)
22:19:19  INFO     [RAMS] Tier switch: MEDIUM → SMALL  (R=0.236)
22:19:20  INFO       [predictive / idle] 20/200  tier=SMALL   latency=20.3 ms  R=0.133  target=0.00  dets=2  vru=False  backend=ultralytics
22:19:20  INFO     [RAMS] Tier switch: SMALL → MEDIUM  (R=0.133)
22:19:20  INFO     [RAMS] Tier switch: MEDIUM → SMALL  (R=0.162)
22:19:20  INFO     [RAMS] Tier switch: SMALL → MEDIUM  (R=0.129)
22:19:20  INFO     [RAMS] Tier switch: MEDIUM → SMALL  (R=0.178)
22:19:20  INFO     [RAMS] Tier switch: SMALL → MEDIUM  (R=0.133)
22:19:20  INFO     [RAMS] Tier switch: MEDIUM → SMALL  (R=0.159)
22:19:21  INFO       [predictive / idle] 40/200  tier=SMALL   latency=20.3 ms  R=0.232  target=0.00  dets=5  vru=False  backend=ultralytics
22:19:21  INFO       [predictive / idle] 60/200  tier=SMALL   latency=20.3 ms  R=0.144  target=0.00  dets=5  vru=False  backend=ultralytics
22:19:21  INFO     [RAMS] Tier switch: SMALL → MEDIUM  (R=0.130)
22:19:22  INFO     [RAMS] Tier switch: MEDIUM → SMALL  (R=0.160)
22:19:22  INFO       [predictive / idle] 80/200  tier=SMALL   latency=21.2 ms  R=0.154  target=0.00  dets=5  vru=False  backend=ultralytics
22:19:22  INFO     [RAMS] Tier switch: SMALL → MEDIUM  (R=0.133)
22:19:22  INFO     [RAMS] Tier switch: MEDIUM → SMALL  (R=0.174)
22:19:23  INFO       [predictive / idle] 100/200  tier=SMALL   latency=22.3 ms  R=0.374  target=0.00  dets=10  vru=False  backend=ultralytics
22:19:23  INFO       [predictive / idle] 120/200  tier=SMALL   latency=18.7 ms  R=0.211  target=0.00  dets=0  vru=False  backend=ultralytics
22:19:24  INFO       [predictive / idle] 140/200  tier=SMALL   latency=20.0 ms  R=0.201  target=0.00  dets=1  vru=False  backend=ultralytics
22:19:25  INFO       [predictive / idle] 160/200  tier=SMALL   latency=19.8 ms  R=0.303  target=0.00  dets=1  vru=False  backend=ultralytics
22:19:25  INFO       [predictive / idle] 180/200  tier=SMALL   latency=20.4 ms  R=0.226  target=0.00  dets=4  vru=False  backend=ultralytics
22:19:26  INFO       [predictive / idle] 200/200  tier=SMALL   latency=23.9 ms  R=0.229  target=0.00  dets=13  vru=True  backend=ultralytics
22:19:26  INFO     [RAMS] Controller stopped.
22:19:26  INFO     
--- Block 8/10  Policy: adaptive  Load: idle (0%) ---
22:19:26  INFO     [RAMS] Starting resource monitor ...
22:19:26  INFO     [RAMS] Loading model tiers ...
22:19:26  INFO     [RAMS] YOLOv8-nano ready — Ultralytics (imgsz=320).
22:19:27  INFO     [RAMS] YOLOv8-small ready — Ultralytics (imgsz=416).
22:19:28  INFO     [RAMS] YOLOv8-medium ready — Ultralytics (imgsz=640).
22:19:28  INFO     [RAMS] Controller ready. Policy: adaptive
22:19:29  INFO     [RAMS] Tier switch: SMALL → MEDIUM  (R=0.109)
22:19:29  INFO     [RAMS] Tier switch: MEDIUM → SMALL  (R=0.225)
22:19:29  INFO       [adaptive / idle] 20/200  tier=SMALL   latency=19.5 ms  R=0.127  target=0.00  dets=2  vru=False  backend=ultralytics
22:19:29  INFO     [RAMS] Tier switch: SMALL → MEDIUM  (R=0.127)
22:19:30  INFO     [RAMS] Tier switch: MEDIUM → SMALL  (R=0.269)
22:19:30  INFO       [adaptive / idle] 40/200  tier=SMALL   latency=20.3 ms  R=0.126  target=0.00  dets=5  vru=False  backend=ultralytics
22:19:30  INFO     [RAMS] Tier switch: SMALL → MEDIUM  (R=0.131)
22:19:31  INFO     [RAMS] Tier switch: MEDIUM → SMALL  (R=0.191)
22:19:31  INFO       [adaptive / idle] 60/200  tier=SMALL   latency=20.2 ms  R=0.155  target=0.00  dets=5  vru=False  backend=ultralytics
22:19:31  INFO       [adaptive / idle] 80/200  tier=SMALL   latency=20.1 ms  R=0.137  target=0.00  dets=5  vru=False  backend=ultralytics
22:19:32  INFO       [adaptive / idle] 100/200  tier=SMALL   latency=21.2 ms  R=0.140  target=0.00  dets=10  vru=False  backend=ultralytics
22:19:32  INFO     [RAMS] Tier switch: SMALL → MEDIUM  (R=0.123)
22:19:32  INFO     [RAMS] Tier switch: MEDIUM → SMALL  (R=0.179)
22:19:33  INFO       [adaptive / idle] 120/200  tier=SMALL   latency=17.9 ms  R=0.150  target=0.00  dets=0  vru=False  backend=ultralytics
22:19:33  INFO       [adaptive / idle] 140/200  tier=SMALL   latency=19.3 ms  R=0.150  target=0.00  dets=1  vru=False  backend=ultralytics
22:19:34  INFO     [RAMS] Tier switch: SMALL → MEDIUM  (R=0.137)
22:19:34  INFO     [RAMS] Tier switch: MEDIUM → SMALL  (R=0.150)
22:19:34  INFO       [adaptive / idle] 160/200  tier=SMALL   latency=19.2 ms  R=0.150  target=0.00  dets=1  vru=False  backend=ultralytics
22:19:34  INFO     [RAMS] Tier switch: SMALL → MEDIUM  (R=0.124)
22:19:35  INFO     [RAMS] Tier switch: MEDIUM → SMALL  (R=0.216)
22:19:35  INFO       [adaptive / idle] 180/200  tier=SMALL   latency=20.0 ms  R=0.118  target=0.00  dets=4  vru=False  backend=ultralytics
22:19:35  INFO     [RAMS] Tier switch: SMALL → MEDIUM  (R=0.136)
22:19:35  INFO     [RAMS] Tier switch: MEDIUM → SMALL  (R=0.190)
22:19:35  INFO       [adaptive / idle] 200/200  tier=SMALL   latency=21.8 ms  R=0.190  target=0.00  dets=13  vru=True  backend=ultralytics
22:19:36  INFO     [RAMS] Controller stopped.
22:19:36  INFO     
--- Block 9/10  Policy: fixed_medium  Load: idle (0%) ---
22:19:36  INFO     [RAMS] Starting resource monitor ...
22:19:36  INFO     [RAMS] Loading model tiers ...
22:19:36  INFO     [RAMS] YOLOv8-nano ready — Ultralytics (imgsz=320).
22:19:36  INFO     [RAMS] YOLOv8-small ready — Ultralytics (imgsz=416).
22:19:37  INFO     [RAMS] YOLOv8-medium ready — Ultralytics (imgsz=640).
22:19:37  INFO     [RAMS] Controller ready. Policy: fixed
22:19:38  INFO     [RAMS] Tier switch: SMALL → MEDIUM  (R=0.067)
22:19:39  INFO       [fixed_medium / idle] 20/200  tier=MEDIUM  latency=25.7 ms  R=0.141  target=0.00  dets=5  vru=False  backend=ultralytics
22:19:39  INFO       [fixed_medium / idle] 40/200  tier=MEDIUM  latency=27.2 ms  R=0.163  target=0.00  dets=14  vru=False  backend=ultralytics
22:19:40  INFO       [fixed_medium / idle] 60/200  tier=MEDIUM  latency=25.7 ms  R=0.141  target=0.00  dets=6  vru=False  backend=ultralytics
22:19:41  INFO       [fixed_medium / idle] 80/200  tier=MEDIUM  latency=26.0 ms  R=0.163  target=0.00  dets=3  vru=False  backend=ultralytics
22:19:42  INFO       [fixed_medium / idle] 100/200  tier=MEDIUM  latency=28.4 ms  R=0.135  target=0.00  dets=12  vru=False  backend=ultralytics
22:19:43  INFO       [fixed_medium / idle] 120/200  tier=MEDIUM  latency=28.8 ms  R=0.299  target=0.00  dets=19  vru=False  backend=ultralytics
22:19:43  INFO       [fixed_medium / idle] 140/200  tier=MEDIUM  latency=27.7 ms  R=0.238  target=0.00  dets=12  vru=False  backend=ultralytics
22:19:44  INFO       [fixed_medium / idle] 160/200  tier=MEDIUM  latency=26.5 ms  R=0.223  target=0.00  dets=8  vru=False  backend=ultralytics
22:19:45  INFO       [fixed_medium / idle] 180/200  tier=MEDIUM  latency=26.6 ms  R=0.232  target=0.00  dets=8  vru=False  backend=ultralytics
22:19:46  INFO       [fixed_medium / idle] 200/200  tier=MEDIUM  latency=25.6 ms  R=0.245  target=0.00  dets=2  vru=False  backend=ultralytics
22:19:46  INFO     [RAMS] Controller stopped.
22:19:46  INFO     
--- Block 9/10  Policy: adaptive  Load: idle (0%) ---
22:19:46  INFO     [RAMS] Starting resource monitor ...
22:19:46  INFO     [RAMS] Loading model tiers ...
22:19:46  INFO     [RAMS] YOLOv8-nano ready — Ultralytics (imgsz=320).
22:19:46  INFO     [RAMS] YOLOv8-small ready — Ultralytics (imgsz=416).
22:19:47  INFO     [RAMS] YOLOv8-medium ready — Ultralytics (imgsz=640).
22:19:47  INFO     [RAMS] Controller ready. Policy: adaptive
22:19:48  INFO     [RAMS] Tier switch: SMALL → MEDIUM  (R=0.139)
22:19:48  INFO     [RAMS] Tier switch: MEDIUM → SMALL  (R=0.207)
22:19:49  INFO       [adaptive / idle] 20/200  tier=SMALL   latency=20.5 ms  R=0.216  target=0.00  dets=4  vru=False  backend=ultralytics
22:19:50  INFO       [adaptive / idle] 40/200  tier=SMALL   latency=20.4 ms  R=0.158  target=0.00  dets=5  vru=False  backend=ultralytics
22:19:50  INFO     [RAMS] Tier switch: SMALL → MEDIUM  (R=0.129)
22:19:50  INFO       [adaptive / idle] 60/200  tier=MEDIUM  latency=26.1 ms  R=0.127  target=0.00  dets=6  vru=False  backend=ultralytics
22:19:50  INFO     [RAMS] Tier switch: MEDIUM → SMALL  (R=0.239)
22:19:51  INFO       [adaptive / idle] 80/200  tier=SMALL   latency=19.8 ms  R=0.161  target=0.00  dets=2  vru=False  backend=ultralytics
22:19:51  INFO     [RAMS] Tier switch: SMALL → MEDIUM  (R=0.131)
22:19:51  INFO     [RAMS] Tier switch: MEDIUM → SMALL  (R=0.184)
22:19:52  INFO       [adaptive / idle] 100/200  tier=SMALL   latency=22.1 ms  R=0.168  target=0.00  dets=7  vru=False  backend=ultralytics
22:19:52  INFO       [adaptive / idle] 120/200  tier=SMALL   latency=22.5 ms  R=0.192  target=0.00  dets=16  vru=False  backend=ultralytics
22:19:53  INFO       [adaptive / idle] 140/200  tier=SMALL   latency=22.1 ms  R=0.135  target=0.00  dets=6  vru=False  backend=ultralytics
22:19:53  INFO     [RAMS] Tier switch: SMALL → MEDIUM  (R=0.129)
22:19:53  INFO     [RAMS] Tier switch: MEDIUM → SMALL  (R=0.165)
22:19:53  INFO     [RAMS] Tier switch: SMALL → MEDIUM  (R=0.129)
22:19:54  INFO       [adaptive / idle] 160/200  tier=MEDIUM  latency=26.6 ms  R=0.131  target=0.00  dets=8  vru=False  backend=ultralytics
22:19:54  INFO     [RAMS] Tier switch: MEDIUM → SMALL  (R=0.331)
22:19:54  INFO       [adaptive / idle] 180/200  tier=SMALL   latency=20.4 ms  R=0.149  target=0.00  dets=6  vru=False  backend=ultralytics
22:19:55  INFO     [RAMS] Tier switch: SMALL → MEDIUM  (R=0.125)
22:19:55  INFO     [RAMS] Tier switch: MEDIUM → SMALL  (R=0.234)
22:19:55  INFO       [adaptive / idle] 200/200  tier=SMALL   latency=19.8 ms  R=0.159  target=0.00  dets=2  vru=False  backend=ultralytics
22:19:55  INFO     [RAMS] Controller stopped.
22:19:55  INFO     
--- Block 9/10  Policy: threshold  Load: idle (0%) ---
22:19:55  INFO     [RAMS] Starting resource monitor ...
22:19:55  INFO     [RAMS] Loading model tiers ...
22:19:55  INFO     [RAMS] YOLOv8-nano ready — Ultralytics (imgsz=320).
22:19:56  INFO     [RAMS] YOLOv8-small ready — Ultralytics (imgsz=416).
22:19:56  INFO     [RAMS] YOLOv8-medium ready — Ultralytics (imgsz=640).
22:19:56  INFO     [RAMS] Controller ready. Policy: threshold
22:19:57  INFO     [RAMS] Tier switch: SMALL → MEDIUM  (R=0.067)
22:19:58  INFO     [RAMS] Tier switch: MEDIUM → SMALL  (R=0.244)
22:19:58  INFO     [RAMS] Tier switch: SMALL → MEDIUM  (R=0.129)
22:19:58  INFO     [RAMS] Tier switch: MEDIUM → SMALL  (R=0.148)
22:19:58  INFO       [threshold / idle] 20/200  tier=SMALL   latency=21.5 ms  R=0.202  target=0.00  dets=4  vru=False  backend=ultralytics
22:19:59  INFO     [RAMS] Tier switch: SMALL → MEDIUM  (R=0.129)
22:19:59  INFO     [RAMS] Tier switch: MEDIUM → SMALL  (R=0.166)
22:19:59  INFO       [threshold / idle] 40/200  tier=SMALL   latency=20.2 ms  R=0.166  target=0.00  dets=5  vru=False  backend=ultralytics
22:19:59  INFO     [RAMS] Tier switch: SMALL → MEDIUM  (R=0.129)
22:19:59  INFO     [RAMS] Tier switch: MEDIUM → SMALL  (R=0.213)
22:19:59  INFO       [threshold / idle] 60/200  tier=SMALL   latency=19.7 ms  R=0.136  target=0.00  dets=2  vru=False  backend=ultralytics
22:19:59  INFO     [RAMS] Tier switch: SMALL → MEDIUM  (R=0.136)
22:20:00  INFO     [RAMS] Tier switch: MEDIUM → SMALL  (R=0.240)
22:20:00  INFO     [RAMS] Tier switch: SMALL → MEDIUM  (R=0.139)
22:20:00  INFO     [RAMS] Tier switch: MEDIUM → SMALL  (R=0.173)
22:20:00  INFO       [threshold / idle] 80/200  tier=SMALL   latency=21.3 ms  R=0.173  target=0.00  dets=2  vru=False  backend=ultralytics
22:20:00  INFO     [RAMS] Tier switch: SMALL → MEDIUM  (R=0.143)
22:20:01  INFO     [RAMS] Tier switch: MEDIUM → SMALL  (R=0.163)
22:20:01  INFO       [threshold / idle] 100/200  tier=SMALL   latency=21.2 ms  R=0.152  target=0.00  dets=7  vru=False  backend=ultralytics
22:20:01  INFO     [RAMS] Tier switch: SMALL → MEDIUM  (R=0.134)
22:20:01  INFO     [RAMS] Tier switch: MEDIUM → SMALL  (R=0.171)
22:20:02  INFO       [threshold / idle] 120/200  tier=SMALL   latency=25.5 ms  R=0.171  target=0.00  dets=16  vru=False  backend=ultralytics
22:20:02  INFO     [RAMS] Tier switch: SMALL → MEDIUM  (R=0.133)
22:20:02  INFO     [RAMS] Tier switch: MEDIUM → SMALL  (R=0.172)
22:20:02  INFO       [threshold / idle] 140/200  tier=SMALL   latency=20.5 ms  R=0.201  target=0.00  dets=6  vru=False  backend=ultralytics
22:20:03  INFO     [RAMS] Tier switch: SMALL → MEDIUM  (R=0.136)
22:20:03  INFO     [RAMS] Tier switch: MEDIUM → SMALL  (R=0.173)
22:20:03  INFO       [threshold / idle] 160/200  tier=SMALL   latency=20.4 ms  R=0.142  target=0.00  dets=6  vru=False  backend=ultralytics
22:20:03  INFO     [RAMS] Tier switch: SMALL → MEDIUM  (R=0.142)
22:20:03  INFO     [RAMS] Tier switch: MEDIUM → SMALL  (R=0.174)
22:20:04  INFO       [threshold / idle] 180/200  tier=SMALL   latency=22.1 ms  R=0.157  target=0.00  dets=6  vru=False  backend=ultralytics
22:20:04  INFO     [RAMS] Tier switch: SMALL → MEDIUM  (R=0.137)
22:20:04  INFO     [RAMS] Tier switch: MEDIUM → SMALL  (R=0.231)
22:20:04  INFO     [RAMS] Tier switch: SMALL → MEDIUM  (R=0.144)
22:20:04  INFO       [threshold / idle] 200/200  tier=MEDIUM  latency=26.2 ms  R=0.144  target=0.00  dets=2  vru=False  backend=ultralytics
22:20:04  INFO     [RAMS] Controller stopped.
22:20:04  INFO     
--- Block 9/10  Policy: fixed_nano  Load: idle (0%) ---
22:20:04  INFO     [RAMS] Starting resource monitor ...
22:20:04  INFO     [RAMS] Loading model tiers ...
22:20:05  INFO     [RAMS] YOLOv8-nano ready — Ultralytics (imgsz=320).
22:20:05  INFO     [RAMS] YOLOv8-small ready — Ultralytics (imgsz=416).
22:20:06  INFO     [RAMS] YOLOv8-medium ready — Ultralytics (imgsz=640).
22:20:06  INFO     [RAMS] Controller ready. Policy: fixed
22:20:07  INFO     [RAMS] Tier switch: SMALL → NANO  (R=0.139)
22:20:07  INFO       [fixed_nano / idle] 20/200  tier=NANO    latency=19.7 ms  R=0.205  target=0.00  dets=4  vru=False  backend=ultralytics
22:20:08  INFO       [fixed_nano / idle] 40/200  tier=NANO    latency=21.9 ms  R=0.207  target=0.00  dets=4  vru=False  backend=ultralytics
22:20:09  INFO       [fixed_nano / idle] 60/200  tier=NANO    latency=18.3 ms  R=0.294  target=0.00  dets=0  vru=False  backend=ultralytics
22:20:09  INFO       [fixed_nano / idle] 80/200  tier=NANO    latency=19.6 ms  R=0.206  target=0.00  dets=3  vru=False  backend=ultralytics
22:20:10  INFO       [fixed_nano / idle] 100/200  tier=NANO    latency=19.7 ms  R=0.206  target=0.00  dets=6  vru=False  backend=ultralytics
22:20:11  INFO       [fixed_nano / idle] 120/200  tier=NANO    latency=23.0 ms  R=0.149  target=0.00  dets=14  vru=False  backend=ultralytics
22:20:11  INFO       [fixed_nano / idle] 140/200  tier=NANO    latency=19.4 ms  R=0.135  target=0.00  dets=4  vru=False  backend=ultralytics
22:20:12  INFO       [fixed_nano / idle] 160/200  tier=NANO    latency=19.2 ms  R=0.147  target=0.00  dets=3  vru=False  backend=ultralytics
22:20:12  INFO       [fixed_nano / idle] 180/200  tier=NANO    latency=19.2 ms  R=0.136  target=0.00  dets=4  vru=False  backend=ultralytics
22:20:13  INFO       [fixed_nano / idle] 200/200  tier=NANO    latency=18.7 ms  R=0.147  target=0.00  dets=1  vru=False  backend=ultralytics
22:20:13  INFO     [RAMS] Controller stopped.
22:20:13  INFO     
--- Block 9/10  Policy: safety  Load: idle (0%) ---
22:20:13  INFO     [RAMS] Starting resource monitor ...
22:20:13  INFO     [RAMS] Loading model tiers ...
22:20:14  INFO     [RAMS] YOLOv8-nano ready — Ultralytics (imgsz=320).
22:20:14  INFO     [RAMS] YOLOv8-small ready — Ultralytics (imgsz=416).
22:20:15  INFO     [RAMS] YOLOv8-medium ready — Ultralytics (imgsz=640).
22:20:15  INFO     [RAMS] Controller ready. Policy: safety
22:20:16  INFO     [RAMS] Tier switch: SMALL → MEDIUM  (R=0.067)
22:20:16  INFO     [RAMS] Tier switch: MEDIUM → SMALL  (R=0.181)
22:20:16  INFO     [RAMS] Tier switch: SMALL → MEDIUM  (R=0.135)
22:20:17  INFO     [RAMS] Tier switch: MEDIUM → SMALL  (R=0.149)
22:20:17  INFO       [safety / idle] 20/200  tier=SMALL   latency=20.7 ms  R=0.136  target=0.00  dets=4  vru=False  backend=ultralytics
22:20:17  INFO     [RAMS] Tier switch: SMALL → MEDIUM  (R=0.136)
22:20:17  INFO     [RAMS] Tier switch: MEDIUM → SMALL  (R=0.170)
22:20:17  INFO     [RAMS] Tier switch: SMALL → MEDIUM  (R=0.133)
22:20:17  INFO     [RAMS] Tier switch: MEDIUM → SMALL  (R=0.191)
22:20:17  INFO     [RAMS] Tier switch: SMALL → MEDIUM  (R=0.127)
22:20:17  INFO       [safety / idle] 40/200  tier=MEDIUM  latency=27.4 ms  R=0.127  target=0.00  dets=14  vru=False  backend=ultralytics
22:20:17  INFO     [RAMS] Tier switch: MEDIUM → SMALL  (R=0.149)
22:20:18  INFO     [RAMS] Tier switch: SMALL → MEDIUM  (R=0.141)
22:20:18  INFO       [safety / idle] 60/200  tier=MEDIUM  latency=25.9 ms  R=0.127  target=0.00  dets=6  vru=False  backend=ultralytics
22:20:18  INFO     [RAMS] Tier switch: MEDIUM → SMALL  (R=0.211)
22:20:19  INFO     [RAMS] Tier switch: SMALL → MEDIUM  (R=0.143)
22:20:19  INFO     [RAMS] Tier switch: MEDIUM → SMALL  (R=0.203)
22:20:19  INFO       [safety / idle] 80/200  tier=SMALL   latency=19.8 ms  R=0.203  target=0.00  dets=2  vru=False  backend=ultralytics
22:20:19  INFO     [RAMS] Tier switch: SMALL → MEDIUM  (R=0.139)
22:20:19  INFO     [RAMS] Tier switch: MEDIUM → SMALL  (R=0.148)
22:20:19  INFO     [RAMS] Tier switch: SMALL → MEDIUM  (R=0.131)
22:20:19  INFO       [safety / idle] 100/200  tier=MEDIUM  latency=26.8 ms  R=0.183  target=0.00  dets=12  vru=False  backend=ultralytics
22:20:19  INFO     [RAMS] Tier switch: MEDIUM → SMALL  (R=0.183)
22:20:20  INFO     [RAMS] Tier switch: SMALL → MEDIUM  (R=0.127)
22:20:20  INFO     [RAMS] Tier switch: MEDIUM → SMALL  (R=0.289)
22:20:20  INFO     [RAMS] Tier switch: SMALL → MEDIUM  (R=0.127)
22:20:20  INFO       [safety / idle] 120/200  tier=MEDIUM  latency=28.3 ms  R=0.160  target=0.00  dets=19  vru=False  backend=ultralytics
22:20:20  INFO     [RAMS] Tier switch: MEDIUM → SMALL  (R=0.206)
22:20:21  INFO     [RAMS] Tier switch: SMALL → MEDIUM  (R=0.143)
22:20:21  INFO     [RAMS] Tier switch: MEDIUM → SMALL  (R=0.201)
22:20:21  INFO       [safety / idle] 140/200  tier=SMALL   latency=20.5 ms  R=0.201  target=0.00  dets=6  vru=False  backend=ultralytics
22:20:21  INFO     [RAMS] Tier switch: SMALL → MEDIUM  (R=0.145)
22:20:21  INFO     [RAMS] Tier switch: MEDIUM → SMALL  (R=0.168)
22:20:21  INFO       [safety / idle] 160/200  tier=SMALL   latency=20.7 ms  R=0.158  target=0.00  dets=6  vru=False  backend=ultralytics
22:20:22  INFO     [RAMS] Tier switch: SMALL → MEDIUM  (R=0.139)
22:20:22  INFO     [RAMS] Tier switch: MEDIUM → SMALL  (R=0.193)
22:20:22  INFO       [safety / idle] 180/200  tier=SMALL   latency=20.6 ms  R=0.163  target=0.00  dets=6  vru=False  backend=ultralytics
22:20:22  INFO     [RAMS] Tier switch: SMALL → MEDIUM  (R=0.135)
22:20:23  INFO     [RAMS] Tier switch: MEDIUM → SMALL  (R=0.182)
22:20:23  INFO       [safety / idle] 200/200  tier=SMALL   latency=19.7 ms  R=0.157  target=0.00  dets=2  vru=False  backend=ultralytics
22:20:23  INFO     [RAMS] Controller stopped.
22:20:23  INFO     
--- Block 9/10  Policy: predictive  Load: idle (0%) ---
22:20:23  INFO     [RAMS] Starting resource monitor ...
22:20:23  INFO     [RAMS] Loading model tiers ...
22:20:23  INFO     [RAMS] YOLOv8-nano ready — Ultralytics (imgsz=320).
22:20:24  INFO     [RAMS] YOLOv8-small ready — Ultralytics (imgsz=416).
22:20:24  INFO     [RAMS] YOLOv8-medium ready — Ultralytics (imgsz=640).
22:20:24  INFO     [RAMS] Controller ready. Policy: predictive
22:20:25  INFO     [RAMS] Tier switch: SMALL → MEDIUM  (R=0.096)
22:20:25  INFO     [RAMS] Tier switch: MEDIUM → SMALL  (R=0.263)
22:20:26  INFO       [predictive / idle] 20/200  tier=SMALL   latency=20.7 ms  R=0.265  target=0.00  dets=4  vru=False  backend=ultralytics
22:20:27  INFO       [predictive / idle] 40/200  tier=SMALL   latency=21.3 ms  R=0.265  target=0.00  dets=5  vru=False  backend=ultralytics
22:20:27  INFO       [predictive / idle] 60/200  tier=SMALL   latency=20.6 ms  R=0.230  target=0.00  dets=2  vru=False  backend=ultralytics
22:20:28  INFO       [predictive / idle] 80/200  tier=SMALL   latency=21.2 ms  R=0.233  target=0.00  dets=2  vru=False  backend=ultralytics
22:20:29  INFO       [predictive / idle] 100/200  tier=SMALL   latency=21.5 ms  R=0.267  target=0.00  dets=7  vru=False  backend=ultralytics
22:20:29  INFO       [predictive / idle] 120/200  tier=SMALL   latency=22.9 ms  R=0.217  target=0.00  dets=16  vru=False  backend=ultralytics
22:20:30  INFO       [predictive / idle] 140/200  tier=SMALL   latency=22.1 ms  R=0.226  target=0.00  dets=6  vru=False  backend=ultralytics
22:20:31  INFO       [predictive / idle] 160/200  tier=SMALL   latency=21.2 ms  R=0.255  target=0.00  dets=6  vru=False  backend=ultralytics
22:20:31  INFO       [predictive / idle] 180/200  tier=SMALL   latency=20.6 ms  R=0.168  target=0.00  dets=6  vru=False  backend=ultralytics
22:20:32  INFO     [RAMS] Tier switch: SMALL → MEDIUM  (R=0.129)
22:20:32  INFO       [predictive / idle] 200/200  tier=MEDIUM  latency=25.0 ms  R=0.134  target=0.00  dets=2  vru=False  backend=ultralytics
22:20:32  INFO     [RAMS] Controller stopped.
22:20:32  INFO     
--- Block 9/10  Policy: fixed_small  Load: idle (0%) ---
22:20:32  INFO     [RAMS] Starting resource monitor ...
22:20:32  INFO     [RAMS] Loading model tiers ...
22:20:32  INFO     [RAMS] YOLOv8-nano ready — Ultralytics (imgsz=320).
22:20:33  INFO     [RAMS] YOLOv8-small ready — Ultralytics (imgsz=416).
22:20:34  INFO     [RAMS] YOLOv8-medium ready — Ultralytics (imgsz=640).
22:20:34  INFO     [RAMS] Controller ready. Policy: fixed
22:20:35  INFO       [fixed_small / idle] 20/200  tier=SMALL   latency=20.4 ms  R=0.163  target=0.00  dets=4  vru=False  backend=ultralytics
22:20:36  INFO       [fixed_small / idle] 40/200  tier=SMALL   latency=21.6 ms  R=0.134  target=0.00  dets=5  vru=False  backend=ultralytics
22:20:37  INFO       [fixed_small / idle] 60/200  tier=SMALL   latency=19.8 ms  R=0.132  target=0.00  dets=2  vru=False  backend=ultralytics
22:20:37  INFO       [fixed_small / idle] 80/200  tier=SMALL   latency=20.4 ms  R=0.139  target=0.00  dets=2  vru=False  backend=ultralytics
22:20:38  INFO       [fixed_small / idle] 100/200  tier=SMALL   latency=20.6 ms  R=0.141  target=0.00  dets=7  vru=False  backend=ultralytics
22:20:38  INFO       [fixed_small / idle] 120/200  tier=SMALL   latency=22.4 ms  R=0.141  target=0.00  dets=16  vru=False  backend=ultralytics
22:20:39  INFO       [fixed_small / idle] 140/200  tier=SMALL   latency=22.0 ms  R=0.137  target=0.00  dets=6  vru=False  backend=ultralytics
22:20:40  INFO       [fixed_small / idle] 160/200  tier=SMALL   latency=20.5 ms  R=0.147  target=0.00  dets=6  vru=False  backend=ultralytics
22:20:40  INFO       [fixed_small / idle] 180/200  tier=SMALL   latency=21.4 ms  R=0.126  target=0.00  dets=6  vru=False  backend=ultralytics
22:20:41  INFO       [fixed_small / idle] 200/200  tier=SMALL   latency=19.5 ms  R=0.134  target=0.00  dets=2  vru=False  backend=ultralytics
22:20:41  INFO     [RAMS] Controller stopped.
22:20:41  INFO     
--- Block 9/10  Policy: safety2  Load: idle (0%) ---
22:20:41  INFO     [RAMS] Starting resource monitor ...
22:20:41  INFO     [RAMS] Loading model tiers ...
22:20:41  INFO     [RAMS] YOLOv8-nano ready — Ultralytics (imgsz=320).
22:20:42  INFO     [RAMS] YOLOv8-small ready — Ultralytics (imgsz=416).
22:20:43  INFO     [RAMS] YOLOv8-medium ready — Ultralytics (imgsz=640).
22:20:43  INFO     [RAMS] Controller ready. Policy: safety2
22:20:44  INFO     [RAMS] Tier switch: SMALL → MEDIUM  (R=0.126)
22:20:44  INFO     [RAMS] Tier switch: MEDIUM → SMALL  (R=0.172)
22:20:44  INFO     [RAMS] Tier switch: SMALL → MEDIUM  (R=0.143)
22:20:44  INFO       [safety2 / idle] 20/200  tier=MEDIUM  latency=25.5 ms  R=0.216  target=0.00  dets=5  vru=False  backend=ultralytics
22:20:45  INFO     [RAMS] Tier switch: MEDIUM → SMALL  (R=0.317)
22:20:45  INFO     [RAMS] Tier switch: SMALL → MEDIUM  (R=0.139)
22:20:45  INFO       [safety2 / idle] 40/200  tier=MEDIUM  latency=27.2 ms  R=0.134  target=0.00  dets=14  vru=False  backend=ultralytics
22:20:45  INFO     [RAMS] Tier switch: MEDIUM → SMALL  (R=0.198)
22:20:46  INFO     [RAMS] Tier switch: SMALL → MEDIUM  (R=0.237)
22:20:46  INFO       [safety2 / idle] 60/200  tier=MEDIUM  latency=26.0 ms  R=0.133  target=0.00  dets=6  vru=False  backend=ultralytics
22:20:46  INFO     [RAMS] Tier switch: MEDIUM → SMALL  (R=0.184)
22:20:46  INFO     [RAMS] Tier switch: SMALL → MEDIUM  (R=0.195)
22:20:46  INFO       [safety2 / idle] 80/200  tier=MEDIUM  latency=26.4 ms  R=0.195  target=0.00  dets=3  vru=False  backend=ultralytics
22:20:47  INFO       [safety2 / idle] 100/200  tier=MEDIUM  latency=28.5 ms  R=0.303  target=0.00  dets=12  vru=False  backend=ultralytics
22:20:47  INFO     [RAMS] Tier switch: MEDIUM → SMALL  (R=0.284)
22:20:48  INFO     [RAMS] Tier switch: SMALL → MEDIUM  (R=0.310)
22:20:48  INFO       [safety2 / idle] 120/200  tier=MEDIUM  latency=29.0 ms  R=0.270  target=0.00  dets=19  vru=False  backend=ultralytics
22:20:48  INFO     [RAMS] Tier switch: MEDIUM → SMALL  (R=0.282)
22:20:49  INFO     [RAMS] Tier switch: SMALL → MEDIUM  (R=0.345)
22:20:49  INFO       [safety2 / idle] 140/200  tier=MEDIUM  latency=28.5 ms  R=0.223  target=0.00  dets=12  vru=False  backend=ultralytics
22:20:50  INFO       [safety2 / idle] 160/200  tier=MEDIUM  latency=28.0 ms  R=0.226  target=0.00  dets=8  vru=False  backend=ultralytics
22:20:50  INFO     [RAMS] Tier switch: MEDIUM → SMALL  (R=0.264)
22:20:50  INFO     [RAMS] Tier switch: SMALL → MEDIUM  (R=0.183)
22:20:50  INFO       [safety2 / idle] 180/200  tier=MEDIUM  latency=26.8 ms  R=0.195  target=0.00  dets=8  vru=False  backend=ultralytics
22:20:51  INFO       [safety2 / idle] 200/200  tier=MEDIUM  latency=25.5 ms  R=0.246  target=0.00  dets=2  vru=False  backend=ultralytics
22:20:51  INFO     [RAMS] Controller stopped.
22:20:51  INFO     
--- Block 10/10  Policy: threshold  Load: idle (0%) ---
22:20:51  INFO     [RAMS] Starting resource monitor ...
22:20:51  INFO     [RAMS] Loading model tiers ...
22:20:51  INFO     [RAMS] YOLOv8-nano ready — Ultralytics (imgsz=320).
22:20:52  INFO     [RAMS] YOLOv8-small ready — Ultralytics (imgsz=416).
22:20:52  INFO     [RAMS] YOLOv8-medium ready — Ultralytics (imgsz=640).
22:20:52  INFO     [RAMS] Controller ready. Policy: threshold
22:20:54  INFO     [RAMS] Tier switch: SMALL → MEDIUM  (R=0.067)
22:20:54  INFO     [RAMS] Tier switch: MEDIUM → SMALL  (R=0.251)
22:20:54  INFO     [RAMS] Tier switch: SMALL → MEDIUM  (R=0.139)
22:20:54  INFO     [RAMS] Tier switch: MEDIUM → SMALL  (R=0.150)
22:20:54  INFO       [threshold / idle] 20/200  tier=SMALL   latency=21.6 ms  R=0.184  target=0.00  dets=8  vru=False  backend=ultralytics
22:20:54  INFO     [RAMS] Tier switch: SMALL → MEDIUM  (R=0.131)
22:20:55  INFO     [RAMS] Tier switch: MEDIUM → SMALL  (R=0.158)
22:20:55  INFO       [threshold / idle] 40/200  tier=SMALL   latency=19.9 ms  R=0.129  target=0.00  dets=3  vru=False  backend=ultralytics
22:20:55  INFO     [RAMS] Tier switch: SMALL → MEDIUM  (R=0.129)
22:20:55  INFO     [RAMS] Tier switch: MEDIUM → SMALL  (R=0.175)
22:20:55  INFO     [RAMS] Tier switch: SMALL → MEDIUM  (R=0.129)
22:20:55  INFO     [RAMS] Tier switch: MEDIUM → SMALL  (R=0.225)
22:20:56  INFO       [threshold / idle] 60/200  tier=SMALL   latency=20.1 ms  R=0.155  target=0.00  dets=0  vru=False  backend=ultralytics
22:20:56  INFO     [RAMS] Tier switch: SMALL → MEDIUM  (R=0.135)
22:20:56  INFO     [RAMS] Tier switch: MEDIUM → SMALL  (R=0.160)
22:20:56  INFO       [threshold / idle] 80/200  tier=SMALL   latency=20.0 ms  R=0.133  target=0.00  dets=3  vru=False  backend=ultralytics
22:20:56  INFO     [RAMS] Tier switch: SMALL → MEDIUM  (R=0.133)
22:20:56  INFO     [RAMS] Tier switch: MEDIUM → SMALL  (R=0.146)
22:20:57  INFO       [threshold / idle] 100/200  tier=SMALL   latency=20.7 ms  R=0.159  target=0.00  dets=5  vru=False  backend=ultralytics
22:20:57  INFO     [RAMS] Tier switch: SMALL → MEDIUM  (R=0.133)
22:20:57  INFO     [RAMS] Tier switch: MEDIUM → SMALL  (R=0.214)
22:20:58  INFO       [threshold / idle] 120/200  tier=SMALL   latency=22.6 ms  R=0.177  target=0.00  dets=7  vru=False  backend=ultralytics
22:20:58  INFO     [RAMS] Tier switch: SMALL → MEDIUM  (R=0.127)
22:20:58  INFO     [RAMS] Tier switch: MEDIUM → SMALL  (R=0.147)
22:20:58  INFO     [RAMS] Tier switch: SMALL → MEDIUM  (R=0.128)
22:20:58  INFO       [threshold / idle] 140/200  tier=MEDIUM  latency=26.4 ms  R=0.153  target=0.00  dets=11  vru=True  backend=ultralytics
22:20:58  INFO     [RAMS] Tier switch: MEDIUM → SMALL  (R=0.225)
22:20:59  INFO     [RAMS] Tier switch: SMALL → MEDIUM  (R=0.129)
22:20:59  INFO     [RAMS] Tier switch: MEDIUM → SMALL  (R=0.177)
22:20:59  INFO     [RAMS] Tier switch: SMALL → MEDIUM  (R=0.130)
22:20:59  INFO       [threshold / idle] 160/200  tier=MEDIUM  latency=27.3 ms  R=0.147  target=0.00  dets=14  vru=False  backend=ultralytics
22:20:59  INFO     [RAMS] Tier switch: MEDIUM → SMALL  (R=0.147)
22:20:59  INFO     [RAMS] Tier switch: SMALL → MEDIUM  (R=0.125)
22:20:59  INFO     [RAMS] Tier switch: MEDIUM → SMALL  (R=0.155)
22:21:00  INFO       [threshold / idle] 180/200  tier=SMALL   latency=22.3 ms  R=0.228  target=0.00  dets=15  vru=True  backend=ultralytics
22:21:00  INFO     [RAMS] Tier switch: SMALL → MEDIUM  (R=0.139)
22:21:00  INFO     [RAMS] Tier switch: MEDIUM → SMALL  (R=0.203)
22:21:00  INFO       [threshold / idle] 200/200  tier=SMALL   latency=19.6 ms  R=0.152  target=0.00  dets=2  vru=False  backend=ultralytics
22:21:00  INFO     [RAMS] Controller stopped.
22:21:00  INFO     
--- Block 10/10  Policy: adaptive  Load: idle (0%) ---
22:21:01  INFO     [RAMS] Starting resource monitor ...
22:21:01  INFO     [RAMS] Loading model tiers ...
22:21:01  INFO     [RAMS] YOLOv8-nano ready — Ultralytics (imgsz=320).
22:21:01  INFO     [RAMS] YOLOv8-small ready — Ultralytics (imgsz=416).
22:21:02  INFO     [RAMS] YOLOv8-medium ready — Ultralytics (imgsz=640).
22:21:02  INFO     [RAMS] Controller ready. Policy: adaptive
22:21:03  INFO     [RAMS] Tier switch: SMALL → MEDIUM  (R=0.067)
22:21:03  INFO     [RAMS] Tier switch: MEDIUM → SMALL  (R=0.218)
22:21:04  INFO       [adaptive / idle] 20/200  tier=SMALL   latency=22.3 ms  R=0.231  target=0.00  dets=8  vru=False  backend=ultralytics
22:21:04  INFO     [RAMS] Tier switch: SMALL → MEDIUM  (R=0.129)
22:21:04  INFO     [RAMS] Tier switch: MEDIUM → SMALL  (R=0.217)
22:21:04  INFO       [adaptive / idle] 40/200  tier=SMALL   latency=20.2 ms  R=0.217  target=0.00  dets=3  vru=False  backend=ultralytics
22:21:05  INFO       [adaptive / idle] 60/200  tier=SMALL   latency=18.1 ms  R=0.144  target=0.00  dets=0  vru=False  backend=ultralytics
22:21:06  INFO       [adaptive / idle] 80/200  tier=SMALL   latency=19.9 ms  R=0.169  target=0.00  dets=3  vru=False  backend=ultralytics
22:21:06  INFO     [RAMS] Tier switch: SMALL → MEDIUM  (R=0.127)
22:21:06  INFO       [adaptive / idle] 100/200  tier=MEDIUM  latency=26.4 ms  R=0.127  target=0.00  dets=5  vru=False  backend=ultralytics
22:21:06  INFO     [RAMS] Tier switch: MEDIUM → SMALL  (R=0.179)
22:21:07  INFO       [adaptive / idle] 120/200  tier=SMALL   latency=21.1 ms  R=0.168  target=0.00  dets=7  vru=False  backend=ultralytics
22:21:08  INFO       [adaptive / idle] 140/200  tier=SMALL   latency=21.3 ms  R=0.304  target=0.00  dets=6  vru=False  backend=ultralytics
22:21:08  INFO       [adaptive / idle] 160/200  tier=SMALL   latency=23.0 ms  R=0.214  target=0.00  dets=13  vru=False  backend=ultralytics
22:21:09  INFO       [adaptive / idle] 180/200  tier=SMALL   latency=24.3 ms  R=0.227  target=0.00  dets=15  vru=True  backend=ultralytics
22:21:10  INFO       [adaptive / idle] 200/200  tier=SMALL   latency=20.3 ms  R=0.244  target=0.00  dets=2  vru=False  backend=ultralytics
22:21:10  INFO     [RAMS] Controller stopped.
22:21:10  INFO     
--- Block 10/10  Policy: fixed_small  Load: idle (0%) ---
22:21:10  INFO     [RAMS] Starting resource monitor ...
22:21:10  INFO     [RAMS] Loading model tiers ...
22:21:10  INFO     [RAMS] YOLOv8-nano ready — Ultralytics (imgsz=320).
22:21:10  INFO     [RAMS] YOLOv8-small ready — Ultralytics (imgsz=416).
22:21:11  INFO     [RAMS] YOLOv8-medium ready — Ultralytics (imgsz=640).
22:21:11  INFO     [RAMS] Controller ready. Policy: fixed
22:21:13  INFO       [fixed_small / idle] 20/200  tier=SMALL   latency=21.4 ms  R=0.210  target=0.00  dets=8  vru=False  backend=ultralytics
22:21:14  INFO       [fixed_small / idle] 40/200  tier=SMALL   latency=20.6 ms  R=0.190  target=0.00  dets=3  vru=False  backend=ultralytics
22:21:14  INFO       [fixed_small / idle] 60/200  tier=SMALL   latency=18.9 ms  R=0.156  target=0.00  dets=0  vru=False  backend=ultralytics
22:21:15  INFO       [fixed_small / idle] 80/200  tier=SMALL   latency=20.0 ms  R=0.145  target=0.00  dets=3  vru=False  backend=ultralytics
22:21:16  INFO       [fixed_small / idle] 100/200  tier=SMALL   latency=23.7 ms  R=0.153  target=0.00  dets=5  vru=False  backend=ultralytics
22:21:16  INFO       [fixed_small / idle] 120/200  tier=SMALL   latency=21.0 ms  R=0.122  target=0.00  dets=7  vru=False  backend=ultralytics
22:21:17  INFO       [fixed_small / idle] 140/200  tier=SMALL   latency=20.7 ms  R=0.122  target=0.00  dets=6  vru=False  backend=ultralytics
22:21:18  INFO       [fixed_small / idle] 160/200  tier=SMALL   latency=21.9 ms  R=0.162  target=0.00  dets=13  vru=False  backend=ultralytics
22:21:18  INFO       [fixed_small / idle] 180/200  tier=SMALL   latency=22.4 ms  R=0.128  target=0.00  dets=15  vru=True  backend=ultralytics
22:21:19  INFO       [fixed_small / idle] 200/200  tier=SMALL   latency=21.1 ms  R=0.139  target=0.00  dets=2  vru=False  backend=ultralytics
22:21:19  INFO     [RAMS] Controller stopped.
22:21:19  INFO     
--- Block 10/10  Policy: fixed_medium  Load: idle (0%) ---
22:21:19  INFO     [RAMS] Starting resource monitor ...
22:21:19  INFO     [RAMS] Loading model tiers ...
22:21:19  INFO     [RAMS] YOLOv8-nano ready — Ultralytics (imgsz=320).
22:21:19  INFO     [RAMS] YOLOv8-small ready — Ultralytics (imgsz=416).
22:21:20  INFO     [RAMS] YOLOv8-medium ready — Ultralytics (imgsz=640).
22:21:20  INFO     [RAMS] Controller ready. Policy: fixed
22:21:21  INFO     [RAMS] Tier switch: SMALL → MEDIUM  (R=0.079)
22:21:22  INFO       [fixed_medium / idle] 20/200  tier=MEDIUM  latency=28.2 ms  R=0.187  target=0.00  dets=11  vru=False  backend=ultralytics
22:21:23  INFO       [fixed_medium / idle] 40/200  tier=MEDIUM  latency=25.8 ms  R=0.182  target=0.00  dets=7  vru=False  backend=ultralytics
22:21:24  INFO       [fixed_medium / idle] 60/200  tier=MEDIUM  latency=26.1 ms  R=0.206  target=0.00  dets=6  vru=False  backend=ultralytics
22:21:24  INFO       [fixed_medium / idle] 80/200  tier=MEDIUM  latency=25.3 ms  R=0.124  target=0.00  dets=4  vru=False  backend=ultralytics
22:21:25  INFO       [fixed_medium / idle] 100/200  tier=MEDIUM  latency=26.4 ms  R=0.144  target=0.00  dets=5  vru=False  backend=ultralytics
22:21:26  INFO       [fixed_medium / idle] 120/200  tier=MEDIUM  latency=25.7 ms  R=0.189  target=0.00  dets=7  vru=False  backend=ultralytics
22:21:27  INFO       [fixed_medium / idle] 140/200  tier=MEDIUM  latency=27.0 ms  R=0.218  target=0.00  dets=11  vru=True  backend=ultralytics
22:21:28  INFO       [fixed_medium / idle] 160/200  tier=MEDIUM  latency=27.2 ms  R=0.133  target=0.00  dets=14  vru=False  backend=ultralytics
22:21:28  INFO       [fixed_medium / idle] 180/200  tier=MEDIUM  latency=29.2 ms  R=0.167  target=0.00  dets=18  vru=True  backend=ultralytics
22:21:29  INFO       [fixed_medium / idle] 200/200  tier=MEDIUM  latency=26.6 ms  R=0.282  target=0.00  dets=2  vru=False  backend=ultralytics
22:21:29  INFO     [RAMS] Controller stopped.
22:21:29  INFO     
--- Block 10/10  Policy: fixed_nano  Load: idle (0%) ---
22:21:29  INFO     [RAMS] Starting resource monitor ...
22:21:29  INFO     [RAMS] Loading model tiers ...
22:21:29  INFO     [RAMS] YOLOv8-nano ready — Ultralytics (imgsz=320).
22:21:30  INFO     [RAMS] YOLOv8-small ready — Ultralytics (imgsz=416).
22:21:30  INFO     [RAMS] YOLOv8-medium ready — Ultralytics (imgsz=640).
22:21:30  INFO     [RAMS] Controller ready. Policy: fixed
22:21:32  INFO     [RAMS] Tier switch: SMALL → NANO  (R=0.138)
22:21:32  INFO       [fixed_nano / idle] 20/200  tier=NANO    latency=20.1 ms  R=0.193  target=0.00  dets=4  vru=False  backend=ultralytics
22:21:33  INFO       [fixed_nano / idle] 40/200  tier=NANO    latency=21.3 ms  R=0.206  target=0.00  dets=2  vru=False  backend=ultralytics
22:21:33  INFO       [fixed_nano / idle] 60/200  tier=NANO    latency=18.0 ms  R=0.202  target=0.00  dets=0  vru=False  backend=ultralytics
22:21:34  INFO       [fixed_nano / idle] 80/200  tier=NANO    latency=19.4 ms  R=0.182  target=0.00  dets=2  vru=False  backend=ultralytics
22:21:35  INFO       [fixed_nano / idle] 100/200  tier=NANO    latency=20.8 ms  R=0.221  target=0.00  dets=5  vru=False  backend=ultralytics
22:21:35  INFO       [fixed_nano / idle] 120/200  tier=NANO    latency=19.7 ms  R=0.140  target=0.00  dets=6  vru=False  backend=ultralytics
22:21:36  INFO       [fixed_nano / idle] 140/200  tier=NANO    latency=18.6 ms  R=0.160  target=0.00  dets=1  vru=False  backend=ultralytics
22:21:37  INFO       [fixed_nano / idle] 160/200  tier=NANO    latency=23.3 ms  R=0.140  target=0.00  dets=9  vru=False  backend=ultralytics
22:21:37  INFO       [fixed_nano / idle] 180/200  tier=NANO    latency=20.2 ms  R=0.136  target=0.00  dets=8  vru=False  backend=ultralytics
22:21:38  INFO       [fixed_nano / idle] 200/200  tier=NANO    latency=17.2 ms  R=0.160  target=0.00  dets=0  vru=False  backend=ultralytics
22:21:38  INFO     [RAMS] Controller stopped.
22:21:38  INFO     
--- Block 10/10  Policy: safety2  Load: idle (0%) ---
22:21:38  INFO     [RAMS] Starting resource monitor ...
22:21:38  INFO     [RAMS] Loading model tiers ...
22:21:38  INFO     [RAMS] YOLOv8-nano ready — Ultralytics (imgsz=320).
22:21:39  INFO     [RAMS] YOLOv8-small ready — Ultralytics (imgsz=416).
22:21:39  INFO     [RAMS] YOLOv8-medium ready — Ultralytics (imgsz=640).
22:21:39  INFO     [RAMS] Controller ready. Policy: safety2
22:21:40  INFO     [RAMS] Tier switch: SMALL → MEDIUM  (R=0.073)
22:21:41  INFO       [safety2 / idle] 20/200  tier=MEDIUM  latency=26.5 ms  R=0.143  target=0.00  dets=11  vru=False  backend=ultralytics
22:21:42  INFO       [safety2 / idle] 40/200  tier=MEDIUM  latency=26.8 ms  R=0.242  target=0.00  dets=7  vru=False  backend=ultralytics
22:21:43  INFO       [safety2 / idle] 60/200  tier=MEDIUM  latency=27.1 ms  R=0.223  target=0.00  dets=6  vru=False  backend=ultralytics
22:21:43  INFO     [RAMS] Tier switch: MEDIUM → SMALL  (R=0.223)
22:21:43  INFO     [RAMS] Tier switch: SMALL → MEDIUM  (R=0.141)
22:21:43  INFO     [RAMS] Tier switch: MEDIUM → SMALL  (R=0.186)
22:21:43  INFO       [safety2 / idle] 80/200  tier=SMALL   latency=20.0 ms  R=0.218  target=0.00  dets=3  vru=False  backend=ultralytics
22:21:44  INFO     [RAMS] Tier switch: SMALL → MEDIUM  (R=0.132)
22:21:44  INFO       [safety2 / idle] 100/200  tier=MEDIUM  latency=26.1 ms  R=0.207  target=0.00  dets=5  vru=False  backend=ultralytics
22:21:44  INFO     [RAMS] Tier switch: MEDIUM → SMALL  (R=0.167)
22:21:44  INFO     [RAMS] Tier switch: SMALL → MEDIUM  (R=0.144)
22:21:45  INFO       [safety2 / idle] 120/200  tier=MEDIUM  latency=25.6 ms  R=0.181  target=0.00  dets=7  vru=False  backend=ultralytics
22:21:45  INFO     [RAMS] Tier switch: MEDIUM → SMALL  (R=0.240)
22:21:45  INFO     [RAMS] Tier switch: SMALL → MEDIUM  (R=0.154)
22:21:45  INFO       [safety2 / idle] 140/200  tier=MEDIUM  latency=26.3 ms  R=0.154  target=0.00  dets=11  vru=True  backend=ultralytics
22:21:46  INFO     [RAMS] Tier switch: MEDIUM → SMALL  (R=0.191)
22:21:46  INFO     [RAMS] Tier switch: SMALL → MEDIUM  (R=0.132)
22:21:46  INFO       [safety2 / idle] 160/200  tier=MEDIUM  latency=26.9 ms  R=0.203  target=0.00  dets=14  vru=False  backend=ultralytics
22:21:47  INFO       [safety2 / idle] 180/200  tier=MEDIUM  latency=30.4 ms  R=0.168  target=0.00  dets=18  vru=True  backend=ultralytics
22:21:48  INFO       [safety2 / idle] 200/200  tier=MEDIUM  latency=25.6 ms  R=0.183  target=0.00  dets=2  vru=False  backend=ultralytics
22:21:48  INFO     [RAMS] Controller stopped.
22:21:48  INFO     
--- Block 10/10  Policy: safety  Load: idle (0%) ---
22:21:48  INFO     [RAMS] Starting resource monitor ...
22:21:48  INFO     [RAMS] Loading model tiers ...
22:21:48  INFO     [RAMS] YOLOv8-nano ready — Ultralytics (imgsz=320).
22:21:48  INFO     [RAMS] YOLOv8-small ready — Ultralytics (imgsz=416).
22:21:49  INFO     [RAMS] YOLOv8-medium ready — Ultralytics (imgsz=640).
22:21:49  INFO     [RAMS] Controller ready. Policy: safety
22:21:51  INFO       [safety / idle] 20/200  tier=SMALL   latency=21.2 ms  R=0.254  target=0.00  dets=8  vru=False  backend=ultralytics
22:21:52  INFO       [safety / idle] 40/200  tier=SMALL   latency=20.6 ms  R=0.306  target=0.00  dets=3  vru=False  backend=ultralytics
22:21:52  INFO       [safety / idle] 60/200  tier=SMALL   latency=18.4 ms  R=0.194  target=0.00  dets=0  vru=False  backend=ultralytics
22:21:53  INFO       [safety / idle] 80/200  tier=SMALL   latency=20.4 ms  R=0.215  target=0.00  dets=3  vru=False  backend=ultralytics
22:21:54  INFO       [safety / idle] 100/200  tier=SMALL   latency=21.9 ms  R=0.292  target=0.00  dets=5  vru=False  backend=ultralytics
22:21:54  INFO       [safety / idle] 120/200  tier=SMALL   latency=21.4 ms  R=0.225  target=0.00  dets=7  vru=False  backend=ultralytics
22:21:55  INFO       [safety / idle] 140/200  tier=SMALL   latency=21.7 ms  R=0.195  target=0.00  dets=6  vru=False  backend=ultralytics
22:21:56  INFO     [RAMS] Tier switch: SMALL → MEDIUM  (R=0.135)
22:21:56  INFO     [RAMS] Tier switch: MEDIUM → SMALL  (R=0.182)
22:21:56  INFO       [safety / idle] 160/200  tier=SMALL   latency=22.0 ms  R=0.182  target=0.00  dets=13  vru=False  backend=ultralytics
22:21:56  INFO       [safety / idle] 180/200  tier=SMALL   latency=23.6 ms  R=0.147  target=0.00  dets=15  vru=True  backend=ultralytics
22:21:57  INFO     [RAMS] Tier switch: SMALL → MEDIUM  (R=0.128)
22:21:57  INFO     [RAMS] Tier switch: MEDIUM → SMALL  (R=0.322)
22:21:57  INFO       [safety / idle] 200/200  tier=SMALL   latency=19.5 ms  R=0.128  target=0.00  dets=2  vru=False  backend=ultralytics
22:21:57  INFO     [RAMS] Controller stopped.
22:21:57  INFO     
--- Block 10/10  Policy: predictive  Load: idle (0%) ---
22:21:57  INFO     [RAMS] Starting resource monitor ...
22:21:57  INFO     [RAMS] Loading model tiers ...
22:21:57  INFO     [RAMS] YOLOv8-nano ready — Ultralytics (imgsz=320).
22:21:58  INFO     [RAMS] YOLOv8-small ready — Ultralytics (imgsz=416).
22:21:59  INFO     [RAMS] YOLOv8-medium ready — Ultralytics (imgsz=640).
22:21:59  INFO     [RAMS] Controller ready. Policy: predictive
22:22:00  INFO     [RAMS] Tier switch: SMALL → MEDIUM  (R=0.084)
22:22:00  INFO     [RAMS] Tier switch: MEDIUM → SMALL  (R=0.210)
22:22:00  INFO       [predictive / idle] 20/200  tier=SMALL   latency=20.9 ms  R=0.158  target=0.00  dets=8  vru=False  backend=ultralytics
22:22:00  INFO     [RAMS] Tier switch: SMALL → MEDIUM  (R=0.128)
22:22:01  INFO     [RAMS] Tier switch: MEDIUM → SMALL  (R=0.155)
22:22:01  INFO       [predictive / idle] 40/200  tier=SMALL   latency=20.0 ms  R=0.161  target=0.00  dets=3  vru=False  backend=ultralytics
22:22:01  INFO     [RAMS] Tier switch: SMALL → MEDIUM  (R=0.126)
22:22:01  INFO     [RAMS] Tier switch: MEDIUM → SMALL  (R=0.172)
22:22:02  INFO     [RAMS] Tier switch: SMALL → MEDIUM  (R=0.136)
22:22:02  INFO     [RAMS] Tier switch: MEDIUM → SMALL  (R=0.163)
22:22:02  INFO       [predictive / idle] 60/200  tier=SMALL   latency=18.4 ms  R=0.163  target=0.00  dets=0  vru=False  backend=ultralytics
22:22:02  INFO       [predictive / idle] 80/200  tier=SMALL   latency=21.2 ms  R=0.150  target=0.00  dets=3  vru=False  backend=ultralytics
22:22:02  INFO     [RAMS] Tier switch: SMALL → MEDIUM  (R=0.138)
22:22:02  INFO     [RAMS] Tier switch: MEDIUM → SMALL  (R=0.161)
22:22:03  INFO       [predictive / idle] 100/200  tier=SMALL   latency=20.3 ms  R=0.146  target=0.00  dets=5  vru=False  backend=ultralytics
22:22:04  INFO     [RAMS] Tier switch: SMALL → MEDIUM  (R=0.133)
22:22:04  INFO       [predictive / idle] 120/200  tier=MEDIUM  latency=26.2 ms  R=0.139  target=0.00  dets=7  vru=False  backend=ultralytics
22:22:04  INFO     [RAMS] Tier switch: MEDIUM → SMALL  (R=0.273)
22:22:04  INFO     [RAMS] Tier switch: SMALL → MEDIUM  (R=0.138)
22:22:04  INFO     [RAMS] Tier switch: MEDIUM → SMALL  (R=0.185)
22:22:04  INFO       [predictive / idle] 140/200  tier=SMALL   latency=20.5 ms  R=0.130  target=0.00  dets=6  vru=False  backend=ultralytics
22:22:04  INFO     [RAMS] Tier switch: SMALL → MEDIUM  (R=0.130)
22:22:05  INFO     [RAMS] Tier switch: MEDIUM → SMALL  (R=0.174)
22:22:05  INFO       [predictive / idle] 160/200  tier=SMALL   latency=21.9 ms  R=0.183  target=0.00  dets=13  vru=False  backend=ultralytics
22:22:06  INFO     [RAMS] Tier switch: SMALL → MEDIUM  (R=0.130)
22:22:06  INFO     [RAMS] Tier switch: MEDIUM → SMALL  (R=0.205)
22:22:06  INFO       [predictive / idle] 180/200  tier=SMALL   latency=22.7 ms  R=0.251  target=0.00  dets=15  vru=True  backend=ultralytics
22:22:06  INFO     [RAMS] Tier switch: SMALL → MEDIUM  (R=0.138)
22:22:06  INFO     [RAMS] Tier switch: MEDIUM → SMALL  (R=0.195)
22:22:06  INFO       [predictive / idle] 200/200  tier=SMALL   latency=20.7 ms  R=0.195  target=0.00  dets=2  vru=False  backend=ultralytics
22:22:06  INFO     [RAMS] Controller stopped.
22:22:08  INFO     Results -> /home/soren/rams_sep2026/corrected-20260908/results/full-20260908-v1/pytorch/runtime1_idle/rams_20260908_220929_9f7850578d66.csv
22:22:08  INFO     Summary -> /home/soren/rams_sep2026/corrected-20260908/results/full-20260908-v1/pytorch/runtime1_idle/rams_20260908_220929_9f7850578d66.json
22:22:08  INFO     Replay manifest -> /home/soren/rams_sep2026/corrected-20260908/results/full-20260908-v1/pytorch/runtime1_idle/rams_20260908_220929_9f7850578d66_manifest.json

================================================================================
Policy         Profile        N   Mean ms    P95 ms    VRU%  Tiers
--------------------------------------------------------------------------------
adaptive       idle        2000      21.2      26.2   24.9%  MEDIUM:176, SMALL:1824
fixed_medium   idle        2000      26.4      29.0   33.1%  MEDIUM:2000
fixed_nano     idle        2000      19.6      21.5   15.4%  NANO:2000
fixed_small    idle        2000      20.7      22.5   24.4%  SMALL:2000
predictive     idle        2000      21.5      26.8   25.8%  MEDIUM:265, SMALL:1735
safety         idle        2000      22.1      27.4   26.5%  MEDIUM:533, SMALL:1467
safety2        idle        2000      25.1      28.6   31.1%  MEDIUM:1533, SMALL:467
threshold      idle        2000      22.0      27.4   26.4%  MEDIUM:389, SMALL:1611
================================================================================

Backends used: {'ultralytics'}
