15:31:47  INFO     Loaded 1500 frames from /data/kitti/images/val
15:31:47  INFO     Real inference mode: 1500 frames available
15:31:47  INFO     === RAMS Benchmark  run_id=rams_20260908_153147_118f3ccde03f ===
15:31:47  INFO     Policies: ['threshold', 'predictive', 'safety', 'adaptive', 'safety2', 'fixed_nano', 'fixed_small', 'fixed_medium']  |  Profiles: ['moderate']  |  N/block=200  |  blocks=10  |  simulate=False  |  frames=/data/kitti/images/val
15:31:47  INFO     
--- Block 1/10  Policy: fixed_small  Load: moderate (50%) ---
15:31:47  INFO     [RAMS] Starting resource monitor ...
15:31:47  INFO     [RAMS] Loading model tiers ...
[0;93m2026-09-08 15:31:48.075332540 [W:onnxruntime:Default, device_discovery.cc:164 DiscoverDevicesForPlatform] GPU device discovery failed: device_discovery.cc:89 ReadFileContents Failed to open file: "/sys/class/drm/card0/device/vendor"[m
15:31:48  INFO     [RAMS] YOLOv8-nano ready — ONNX (imgsz=320).
15:31:48  INFO     [RAMS] YOLOv8-small ready — ONNX (imgsz=416).
15:31:49  INFO     [RAMS] YOLOv8-medium ready — ONNX (imgsz=640).
15:31:49  INFO     [RAMS] Controller ready. Policy: fixed
15:31:55  INFO       [fixed_small / moderate] 20/200  tier=SMALL   latency=129.7 ms  R=0.672  target=0.50  dets=0  vru=False  backend=onnx
15:31:58  INFO       [fixed_small / moderate] 40/200  tier=SMALL   latency=127.7 ms  R=0.617  target=0.50  dets=1  vru=False  backend=onnx
15:32:02  INFO       [fixed_small / moderate] 60/200  tier=SMALL   latency=127.3 ms  R=0.628  target=0.50  dets=1  vru=False  backend=onnx
15:32:05  INFO       [fixed_small / moderate] 80/200  tier=SMALL   latency=131.9 ms  R=0.606  target=0.50  dets=3  vru=False  backend=onnx
15:32:08  INFO       [fixed_small / moderate] 100/200  tier=SMALL   latency=134.0 ms  R=0.616  target=0.50  dets=12  vru=False  backend=onnx
15:32:11  INFO       [fixed_small / moderate] 120/200  tier=SMALL   latency=131.9 ms  R=0.610  target=0.50  dets=4  vru=False  backend=onnx
15:32:14  INFO       [fixed_small / moderate] 140/200  tier=SMALL   latency=184.9 ms  R=0.712  target=0.50  dets=7  vru=False  backend=onnx
15:32:17  INFO       [fixed_small / moderate] 160/200  tier=SMALL   latency=174.3 ms  R=0.672  target=0.50  dets=2  vru=False  backend=onnx
15:32:21  INFO       [fixed_small / moderate] 180/200  tier=SMALL   latency=128.4 ms  R=0.613  target=0.50  dets=2  vru=False  backend=onnx
15:32:24  INFO       [fixed_small / moderate] 200/200  tier=SMALL   latency=147.9 ms  R=0.611  target=0.50  dets=8  vru=False  backend=onnx
15:32:24  INFO     [RAMS] Controller stopped.
15:32:24  INFO     
--- Block 1/10  Policy: fixed_nano  Load: moderate (50%) ---
15:32:24  INFO     [RAMS] Starting resource monitor ...
15:32:24  INFO     [RAMS] Loading model tiers ...
15:32:24  INFO     [RAMS] YOLOv8-nano ready — ONNX (imgsz=320).
15:32:24  INFO     [RAMS] YOLOv8-small ready — ONNX (imgsz=416).
15:32:25  INFO     [RAMS] YOLOv8-medium ready — ONNX (imgsz=640).
15:32:25  INFO     [RAMS] Controller ready. Policy: fixed
15:32:26  INFO     [RAMS] Tier switch: SMALL → NANO  (R=0.426)
15:32:27  INFO       [fixed_nano / moderate] 20/200  tier=NANO    latency=37.5 ms  R=0.629  target=0.50  dets=0  vru=False  backend=onnx
15:32:28  INFO       [fixed_nano / moderate] 40/200  tier=NANO    latency=31.1 ms  R=0.606  target=0.50  dets=1  vru=False  backend=onnx
15:32:29  INFO       [fixed_nano / moderate] 60/200  tier=NANO    latency=38.8 ms  R=0.617  target=0.50  dets=1  vru=False  backend=onnx
15:32:30  INFO       [fixed_nano / moderate] 80/200  tier=NANO    latency=31.0 ms  R=0.623  target=0.50  dets=2  vru=False  backend=onnx
15:32:31  INFO       [fixed_nano / moderate] 100/200  tier=NANO    latency=34.4 ms  R=0.628  target=0.50  dets=11  vru=False  backend=onnx
15:32:32  INFO       [fixed_nano / moderate] 120/200  tier=NANO    latency=37.9 ms  R=0.629  target=0.50  dets=3  vru=False  backend=onnx
15:32:33  INFO       [fixed_nano / moderate] 140/200  tier=NANO    latency=45.7 ms  R=0.648  target=0.50  dets=4  vru=False  backend=onnx
15:32:34  INFO       [fixed_nano / moderate] 160/200  tier=NANO    latency=35.4 ms  R=0.681  target=0.50  dets=0  vru=False  backend=onnx
15:32:35  INFO       [fixed_nano / moderate] 180/200  tier=NANO    latency=46.8 ms  R=0.662  target=0.50  dets=3  vru=False  backend=onnx
15:32:36  INFO       [fixed_nano / moderate] 200/200  tier=NANO    latency=35.5 ms  R=0.660  target=0.50  dets=6  vru=False  backend=onnx
15:32:36  INFO     [RAMS] Controller stopped.
15:32:36  INFO     
--- Block 1/10  Policy: threshold  Load: moderate (50%) ---
15:32:36  INFO     [RAMS] Starting resource monitor ...
15:32:36  INFO     [RAMS] Loading model tiers ...
15:32:37  INFO     [RAMS] YOLOv8-nano ready — ONNX (imgsz=320).
15:32:37  INFO     [RAMS] YOLOv8-small ready — ONNX (imgsz=416).
15:32:38  INFO     [RAMS] YOLOv8-medium ready — ONNX (imgsz=640).
15:32:38  INFO     [RAMS] Controller ready. Policy: threshold
15:32:39  INFO     [RAMS] Tier switch: SMALL → NANO  (R=0.659)
15:32:40  INFO       [threshold / moderate] 20/200  tier=NANO    latency=31.1 ms  R=0.646  target=0.50  dets=0  vru=False  backend=onnx
15:32:41  INFO     [RAMS] Tier switch: NANO → SMALL  (R=0.598)
15:32:41  INFO     [RAMS] Tier switch: SMALL → NANO  (R=0.617)
15:32:41  INFO     [RAMS] Tier switch: NANO → SMALL  (R=0.601)
15:32:42  INFO       [threshold / moderate] 40/200  tier=SMALL   latency=129.0 ms  R=0.613  target=0.50  dets=1  vru=False  backend=onnx
15:32:42  INFO     [RAMS] Tier switch: SMALL → NANO  (R=0.682)
15:32:42  INFO     [RAMS] Tier switch: NANO → SMALL  (R=0.601)
15:32:43  INFO     [RAMS] Tier switch: SMALL → NANO  (R=0.619)
15:32:43  INFO       [threshold / moderate] 60/200  tier=NANO    latency=32.7 ms  R=0.612  target=0.50  dets=1  vru=False  backend=onnx
15:32:44  INFO     [RAMS] Tier switch: NANO → SMALL  (R=0.595)
15:32:44  INFO     [RAMS] Tier switch: SMALL → NANO  (R=0.623)
15:32:44  INFO     [RAMS] Tier switch: NANO → SMALL  (R=0.597)
15:32:45  INFO       [threshold / moderate] 80/200  tier=SMALL   latency=134.6 ms  R=0.606  target=0.50  dets=3  vru=False  backend=onnx
15:32:45  INFO     [RAMS] Tier switch: SMALL → NANO  (R=0.627)
15:32:45  INFO     [RAMS] Tier switch: NANO → SMALL  (R=0.597)
15:32:46  INFO     [RAMS] Tier switch: SMALL → NANO  (R=0.613)
15:32:46  INFO       [threshold / moderate] 100/200  tier=NANO    latency=36.8 ms  R=0.601  target=0.50  dets=11  vru=False  backend=onnx
15:32:46  INFO     [RAMS] Tier switch: NANO → SMALL  (R=0.606)
15:32:47  INFO     [RAMS] Tier switch: SMALL → NANO  (R=0.634)
15:32:47  INFO     [RAMS] Tier switch: NANO → SMALL  (R=0.597)
15:32:48  INFO     [RAMS] Tier switch: SMALL → NANO  (R=0.630)
15:32:48  INFO       [threshold / moderate] 120/200  tier=NANO    latency=42.1 ms  R=0.613  target=0.50  dets=3  vru=False  backend=onnx
15:32:48  INFO     [RAMS] Tier switch: NANO → SMALL  (R=0.594)
15:32:49  INFO     [RAMS] Tier switch: SMALL → NANO  (R=0.622)
15:32:49  INFO       [threshold / moderate] 140/200  tier=NANO    latency=32.2 ms  R=0.598  target=0.50  dets=4  vru=False  backend=onnx
15:32:49  INFO     [RAMS] Tier switch: NANO → SMALL  (R=0.602)
15:32:50  INFO     [RAMS] Tier switch: SMALL → NANO  (R=0.611)
15:32:50  INFO       [threshold / moderate] 160/200  tier=NANO    latency=33.3 ms  R=0.605  target=0.50  dets=0  vru=False  backend=onnx
15:32:51  INFO     [RAMS] Tier switch: NANO → SMALL  (R=0.605)
15:32:51  INFO     [RAMS] Tier switch: SMALL → NANO  (R=0.640)
15:32:51  INFO     [RAMS] Tier switch: NANO → SMALL  (R=0.606)
15:32:52  INFO     [RAMS] Tier switch: SMALL → NANO  (R=0.611)
15:32:52  INFO       [threshold / moderate] 180/200  tier=NANO    latency=37.6 ms  R=0.598  target=0.50  dets=3  vru=False  backend=onnx
15:32:52  INFO     [RAMS] Tier switch: NANO → SMALL  (R=0.603)
15:32:53  INFO     [RAMS] Tier switch: SMALL → NANO  (R=0.623)
15:32:53  INFO     [RAMS] Tier switch: NANO → SMALL  (R=0.600)
15:32:54  INFO     [RAMS] Tier switch: SMALL → NANO  (R=0.622)
15:32:54  INFO       [threshold / moderate] 200/200  tier=NANO    latency=31.4 ms  R=0.612  target=0.50  dets=6  vru=False  backend=onnx
15:32:54  INFO     [RAMS] Controller stopped.
15:32:54  INFO     
--- Block 1/10  Policy: predictive  Load: moderate (50%) ---
15:32:54  INFO     [RAMS] Starting resource monitor ...
15:32:54  INFO     [RAMS] Loading model tiers ...
15:32:55  INFO     [RAMS] YOLOv8-nano ready — ONNX (imgsz=320).
15:32:55  INFO     [RAMS] YOLOv8-small ready — ONNX (imgsz=416).
15:32:56  INFO     [RAMS] YOLOv8-medium ready — ONNX (imgsz=640).
15:32:56  INFO     [RAMS] Controller ready. Policy: predictive
15:32:57  INFO     [RAMS] Tier switch: SMALL → NANO  (R=0.676)
15:32:58  INFO       [predictive / moderate] 20/200  tier=NANO    latency=35.3 ms  R=0.646  target=0.50  dets=0  vru=False  backend=onnx
15:32:59  INFO       [predictive / moderate] 40/200  tier=NANO    latency=35.9 ms  R=0.653  target=0.50  dets=1  vru=False  backend=onnx
15:33:00  INFO       [predictive / moderate] 60/200  tier=NANO    latency=40.8 ms  R=0.676  target=0.50  dets=1  vru=False  backend=onnx
15:33:02  INFO       [predictive / moderate] 80/200  tier=NANO    latency=45.8 ms  R=0.655  target=0.50  dets=2  vru=False  backend=onnx
15:33:03  INFO     [RAMS] Tier switch: NANO → SMALL  (R=0.593)
15:33:03  INFO       [predictive / moderate] 100/200  tier=SMALL   latency=164.1 ms  R=0.593  target=0.50  dets=12  vru=False  backend=onnx
15:33:03  INFO     [RAMS] Tier switch: SMALL → NANO  (R=0.623)
15:33:03  INFO     [RAMS] Tier switch: NANO → SMALL  (R=0.593)
15:33:03  INFO     [RAMS] Tier switch: SMALL → NANO  (R=0.615)
15:33:03  INFO     [RAMS] Tier switch: NANO → SMALL  (R=0.601)
15:33:03  INFO     [RAMS] Tier switch: SMALL → NANO  (R=0.623)
15:33:04  INFO     [RAMS] Tier switch: NANO → SMALL  (R=0.600)
15:33:04  INFO     [RAMS] Tier switch: SMALL → NANO  (R=0.613)
15:33:04  INFO       [predictive / moderate] 120/200  tier=NANO    latency=31.5 ms  R=0.607  target=0.50  dets=3  vru=False  backend=onnx
15:33:04  INFO     [RAMS] Tier switch: NANO → SMALL  (R=0.591)
15:33:05  INFO     [RAMS] Tier switch: SMALL → NANO  (R=0.611)
15:33:05  INFO     [RAMS] Tier switch: NANO → SMALL  (R=0.598)
15:33:05  INFO     [RAMS] Tier switch: SMALL → NANO  (R=0.624)
15:33:05  INFO       [predictive / moderate] 140/200  tier=NANO    latency=38.4 ms  R=0.624  target=0.50  dets=4  vru=False  backend=onnx
15:33:05  INFO     [RAMS] Tier switch: NANO → SMALL  (R=0.594)
15:33:06  INFO     [RAMS] Tier switch: SMALL → NANO  (R=0.620)
15:33:06  INFO     [RAMS] Tier switch: NANO → SMALL  (R=0.591)
15:33:06  INFO     [RAMS] Tier switch: SMALL → NANO  (R=0.623)
15:33:07  INFO       [predictive / moderate] 160/200  tier=NANO    latency=41.1 ms  R=0.593  target=0.50  dets=0  vru=False  backend=onnx
15:33:07  INFO     [RAMS] Tier switch: NANO → SMALL  (R=0.593)
15:33:07  INFO     [RAMS] Tier switch: SMALL → NANO  (R=0.617)
15:33:07  INFO     [RAMS] Tier switch: NANO → SMALL  (R=0.598)
15:33:07  INFO     [RAMS] Tier switch: SMALL → NANO  (R=0.617)
15:33:07  INFO     [RAMS] Tier switch: NANO → SMALL  (R=0.602)
15:33:08  INFO     [RAMS] Tier switch: SMALL → NANO  (R=0.622)
15:33:08  INFO       [predictive / moderate] 180/200  tier=NANO    latency=43.3 ms  R=0.634  target=0.50  dets=3  vru=False  backend=onnx
15:33:08  INFO     [RAMS] Tier switch: NANO → SMALL  (R=0.595)
15:33:08  INFO     [RAMS] Tier switch: SMALL → NANO  (R=0.623)
15:33:08  INFO     [RAMS] Tier switch: NANO → SMALL  (R=0.581)
15:33:09  INFO     [RAMS] Tier switch: SMALL → NANO  (R=0.609)
15:33:09  INFO       [predictive / moderate] 200/200  tier=NANO    latency=40.9 ms  R=0.628  target=0.50  dets=6  vru=False  backend=onnx
15:33:09  INFO     [RAMS] Controller stopped.
15:33:09  INFO     
--- Block 1/10  Policy: adaptive  Load: moderate (50%) ---
15:33:09  INFO     [RAMS] Starting resource monitor ...
15:33:09  INFO     [RAMS] Loading model tiers ...
15:33:09  INFO     [RAMS] YOLOv8-nano ready — ONNX (imgsz=320).
15:33:10  INFO     [RAMS] YOLOv8-small ready — ONNX (imgsz=416).
15:33:10  INFO     [RAMS] YOLOv8-medium ready — ONNX (imgsz=640).
15:33:10  INFO     [RAMS] Controller ready. Policy: adaptive
15:33:13  INFO     [RAMS] Tier switch: SMALL → NANO  (R=0.676)
15:33:13  INFO     [RAMS] Tier switch: NANO → SMALL  (R=0.603)
15:33:14  INFO     [RAMS] Tier switch: SMALL → NANO  (R=0.613)
15:33:14  INFO       [adaptive / moderate] 20/200  tier=NANO    latency=31.3 ms  R=0.613  target=0.50  dets=0  vru=False  backend=onnx
15:33:14  INFO     [RAMS] Tier switch: NANO → SMALL  (R=0.598)
15:33:14  INFO     [RAMS] Tier switch: SMALL → NANO  (R=0.705)
15:33:15  INFO       [adaptive / moderate] 40/200  tier=NANO    latency=31.5 ms  R=0.599  target=0.50  dets=1  vru=False  backend=onnx
15:33:15  INFO     [RAMS] Tier switch: NANO → SMALL  (R=0.601)
15:33:15  INFO     [RAMS] Tier switch: SMALL → NANO  (R=0.617)
15:33:15  INFO     [RAMS] Tier switch: NANO → SMALL  (R=0.598)
15:33:15  INFO     [RAMS] Tier switch: SMALL → NANO  (R=0.622)
15:33:16  INFO     [RAMS] Tier switch: NANO → SMALL  (R=0.597)
15:33:16  INFO     [RAMS] Tier switch: SMALL → NANO  (R=0.688)
15:33:16  INFO       [adaptive / moderate] 60/200  tier=NANO    latency=37.2 ms  R=0.689  target=0.50  dets=1  vru=False  backend=onnx
15:33:17  INFO       [adaptive / moderate] 80/200  tier=NANO    latency=37.0 ms  R=0.648  target=0.50  dets=2  vru=False  backend=onnx
15:33:18  INFO       [adaptive / moderate] 100/200  tier=NANO    latency=39.4 ms  R=0.649  target=0.50  dets=11  vru=False  backend=onnx
15:33:19  INFO       [adaptive / moderate] 120/200  tier=NANO    latency=52.0 ms  R=0.689  target=0.50  dets=3  vru=False  backend=onnx
15:33:20  INFO       [adaptive / moderate] 140/200  tier=NANO    latency=40.2 ms  R=0.648  target=0.50  dets=4  vru=False  backend=onnx
15:33:22  INFO       [adaptive / moderate] 160/200  tier=NANO    latency=35.5 ms  R=0.652  target=0.50  dets=0  vru=False  backend=onnx
15:33:23  INFO       [adaptive / moderate] 180/200  tier=NANO    latency=42.8 ms  R=0.637  target=0.50  dets=3  vru=False  backend=onnx
15:33:24  INFO       [adaptive / moderate] 200/200  tier=NANO    latency=31.6 ms  R=0.594  target=0.50  dets=6  vru=False  backend=onnx
15:33:24  INFO     [RAMS] Controller stopped.
15:33:24  INFO     
--- Block 1/10  Policy: fixed_medium  Load: moderate (50%) ---
15:33:24  INFO     [RAMS] Starting resource monitor ...
15:33:24  INFO     [RAMS] Loading model tiers ...
15:33:24  INFO     [RAMS] YOLOv8-nano ready — ONNX (imgsz=320).
15:33:24  INFO     [RAMS] YOLOv8-small ready — ONNX (imgsz=416).
15:33:25  INFO     [RAMS] YOLOv8-medium ready — ONNX (imgsz=640).
15:33:25  INFO     [RAMS] Controller ready. Policy: fixed
15:33:26  INFO     [RAMS] Tier switch: SMALL → MEDIUM  (R=0.429)
15:33:42  INFO       [fixed_medium / moderate] 20/200  tier=MEDIUM  latency=742.2 ms  R=0.678  target=0.50  dets=3  vru=False  backend=onnx
15:33:58  INFO       [fixed_medium / moderate] 40/200  tier=MEDIUM  latency=773.0 ms  R=0.634  target=0.50  dets=1  vru=False  backend=onnx
15:34:14  INFO       [fixed_medium / moderate] 60/200  tier=MEDIUM  latency=732.8 ms  R=0.668  target=0.50  dets=4  vru=False  backend=onnx
15:34:29  INFO       [fixed_medium / moderate] 80/200  tier=MEDIUM  latency=742.8 ms  R=0.678  target=0.50  dets=5  vru=False  backend=onnx
15:34:44  INFO       [fixed_medium / moderate] 100/200  tier=MEDIUM  latency=722.0 ms  R=0.629  target=0.50  dets=15  vru=False  backend=onnx
15:35:01  INFO       [fixed_medium / moderate] 120/200  tier=MEDIUM  latency=788.9 ms  R=0.615  target=0.50  dets=4  vru=False  backend=onnx
15:35:17  INFO       [fixed_medium / moderate] 140/200  tier=MEDIUM  latency=892.3 ms  R=0.629  target=0.50  dets=13  vru=False  backend=onnx
15:35:33  INFO       [fixed_medium / moderate] 160/200  tier=MEDIUM  latency=755.8 ms  R=0.731  target=0.50  dets=6  vru=False  backend=onnx
15:35:48  INFO       [fixed_medium / moderate] 180/200  tier=MEDIUM  latency=716.5 ms  R=0.631  target=0.50  dets=3  vru=False  backend=onnx
15:36:04  INFO       [fixed_medium / moderate] 200/200  tier=MEDIUM  latency=748.4 ms  R=0.629  target=0.50  dets=16  vru=False  backend=onnx
15:36:05  INFO     [RAMS] Controller stopped.
15:36:05  INFO     
--- Block 1/10  Policy: safety2  Load: moderate (50%) ---
15:36:05  INFO     [RAMS] Starting resource monitor ...
15:36:05  INFO     [RAMS] Loading model tiers ...
15:36:05  INFO     [RAMS] YOLOv8-nano ready — ONNX (imgsz=320).
15:36:05  INFO     [RAMS] YOLOv8-small ready — ONNX (imgsz=416).
15:36:06  INFO     [RAMS] YOLOv8-medium ready — ONNX (imgsz=640).
15:36:06  INFO     [RAMS] Controller ready. Policy: safety2
15:36:08  INFO     [RAMS] Tier switch: SMALL → NANO  (R=0.629)
15:36:08  INFO     [RAMS] Tier switch: NANO → SMALL  (R=0.597)
15:36:08  INFO     [RAMS] Tier switch: SMALL → MEDIUM  (R=0.628)
15:36:10  INFO     [RAMS] Tier switch: MEDIUM → NANO  (R=0.622)
15:36:10  INFO     [RAMS] Tier switch: NANO → SMALL  (R=0.622)
15:36:11  INFO       [safety2 / moderate] 20/200  tier=SMALL   latency=152.7 ms  R=0.606  target=0.50  dets=0  vru=False  backend=onnx
15:36:11  INFO     [RAMS] Tier switch: SMALL → NANO  (R=0.629)
15:36:11  INFO     [RAMS] Tier switch: NANO → SMALL  (R=0.629)
15:36:12  INFO     [RAMS] Tier switch: SMALL → NANO  (R=0.624)
15:36:12  INFO     [RAMS] Tier switch: NANO → SMALL  (R=0.603)
15:36:12  INFO     [RAMS] Tier switch: SMALL → NANO  (R=0.652)
15:36:12  INFO     [RAMS] Tier switch: NANO → SMALL  (R=0.693)
15:36:13  INFO     [RAMS] Tier switch: SMALL → NANO  (R=0.676)
15:36:13  INFO     [RAMS] Tier switch: NANO → MEDIUM  (R=0.676)
15:36:14  INFO       [safety2 / moderate] 40/200  tier=MEDIUM  latency=861.6 ms  R=0.676  target=0.50  dets=1  vru=False  backend=onnx
15:36:15  INFO     [RAMS] Tier switch: MEDIUM → NANO  (R=0.684)
15:36:16  INFO     [RAMS] Tier switch: NANO → SMALL  (R=0.654)
15:36:16  INFO     [RAMS] Tier switch: SMALL → MEDIUM  (R=0.672)
15:36:18  INFO     [RAMS] Tier switch: MEDIUM → NANO  (R=0.678)
15:36:18  INFO     [RAMS] Tier switch: NANO → SMALL  (R=0.659)
15:36:18  INFO     [RAMS] Tier switch: SMALL → NANO  (R=0.684)
15:36:19  INFO       [safety2 / moderate] 60/200  tier=NANO    latency=35.1 ms  R=0.648  target=0.50  dets=1  vru=False  backend=onnx
15:36:19  INFO     [RAMS] Tier switch: NANO → SMALL  (R=0.605)
15:36:19  INFO     [RAMS] Tier switch: SMALL → MEDIUM  (R=0.629)
15:36:22  INFO     [RAMS] Tier switch: MEDIUM → NANO  (R=0.629)
15:36:22  INFO     [RAMS] Tier switch: NANO → SMALL  (R=0.598)
15:36:23  INFO       [safety2 / moderate] 80/200  tier=SMALL   latency=155.3 ms  R=0.617  target=0.50  dets=3  vru=False  backend=onnx
15:36:23  INFO     [RAMS] Tier switch: SMALL → NANO  (R=0.612)
15:36:23  INFO     [RAMS] Tier switch: NANO → MEDIUM  (R=0.585)
15:36:25  INFO     [RAMS] Tier switch: MEDIUM → NANO  (R=0.664)
15:36:25  INFO     [RAMS] Tier switch: NANO → SMALL  (R=0.591)
15:36:26  INFO     [RAMS] Tier switch: SMALL → MEDIUM  (R=0.614)
15:36:27  INFO     [RAMS] Tier switch: MEDIUM → NANO  (R=0.624)
15:36:28  INFO     [RAMS] Tier switch: NANO → SMALL  (R=0.594)
15:36:28  INFO     [RAMS] Tier switch: SMALL → MEDIUM  (R=0.617)
15:36:29  INFO       [safety2 / moderate] 100/200  tier=MEDIUM  latency=763.4 ms  R=0.617  target=0.50  dets=15  vru=False  backend=onnx
15:36:29  INFO     [RAMS] Tier switch: MEDIUM → NANO  (R=0.629)
15:36:29  INFO     [RAMS] Tier switch: NANO → SMALL  (R=0.594)
15:36:30  INFO     [RAMS] Tier switch: SMALL → NANO  (R=0.624)
15:36:30  INFO     [RAMS] Tier switch: NANO → SMALL  (R=0.664)
15:36:31  INFO     [RAMS] Tier switch: SMALL → MEDIUM  (R=0.624)
15:36:33  INFO     [RAMS] Tier switch: MEDIUM → SMALL  (R=0.626)
15:36:33  INFO       [safety2 / moderate] 120/200  tier=SMALL   latency=150.2 ms  R=0.605  target=0.50  dets=4  vru=False  backend=onnx
15:36:34  INFO     [RAMS] Tier switch: SMALL → MEDIUM  (R=0.664)
15:36:35  INFO     [RAMS] Tier switch: MEDIUM → NANO  (R=0.665)
15:36:36  INFO       [safety2 / moderate] 140/200  tier=NANO    latency=45.7 ms  R=0.652  target=0.50  dets=4  vru=False  backend=onnx
15:36:37  INFO     [RAMS] Tier switch: NANO → MEDIUM  (R=0.653)
15:36:39  INFO       [safety2 / moderate] 160/200  tier=MEDIUM  latency=739.4 ms  R=0.690  target=0.50  dets=6  vru=False  backend=onnx
15:36:39  INFO     [RAMS] Tier switch: MEDIUM → NANO  (R=0.697)
15:36:40  INFO     [RAMS] Tier switch: NANO → SMALL  (R=0.665)
15:36:41  INFO     [RAMS] Tier switch: SMALL → MEDIUM  (R=0.606)
15:36:42  INFO       [safety2 / moderate] 180/200  tier=MEDIUM  latency=746.7 ms  R=0.627  target=0.50  dets=3  vru=False  backend=onnx
15:36:42  INFO     [RAMS] Tier switch: MEDIUM → NANO  (R=0.629)
15:36:42  INFO     [RAMS] Tier switch: NANO → SMALL  (R=0.597)
15:36:43  INFO     [RAMS] Tier switch: SMALL → MEDIUM  (R=0.609)
15:36:44  INFO     [RAMS] Tier switch: MEDIUM → NANO  (R=0.631)
15:36:44  INFO     [RAMS] Tier switch: NANO → MEDIUM  (R=0.607)
15:36:51  INFO     [RAMS] Tier switch: MEDIUM → NANO  (R=0.629)
15:36:51  INFO       [safety2 / moderate] 200/200  tier=NANO    latency=36.4 ms  R=0.629  target=0.50  dets=6  vru=False  backend=onnx
15:36:51  INFO     [RAMS] Controller stopped.
15:36:51  INFO     
--- Block 1/10  Policy: safety  Load: moderate (50%) ---
15:36:51  INFO     [RAMS] Starting resource monitor ...
15:36:51  INFO     [RAMS] Loading model tiers ...
15:36:51  INFO     [RAMS] YOLOv8-nano ready — ONNX (imgsz=320).
15:36:51  INFO     [RAMS] YOLOv8-small ready — ONNX (imgsz=416).
15:36:52  INFO     [RAMS] YOLOv8-medium ready — ONNX (imgsz=640).
15:36:52  INFO     [RAMS] Controller ready. Policy: safety
15:36:54  INFO     [RAMS] Tier switch: SMALL → NANO  (R=0.628)
15:36:54  INFO     [RAMS] Tier switch: NANO → SMALL  (R=0.616)
15:36:55  INFO     [RAMS] Tier switch: SMALL → NANO  (R=0.676)
15:36:55  INFO       [safety / moderate] 20/200  tier=NANO    latency=35.8 ms  R=0.595  target=0.50  dets=0  vru=False  backend=onnx
15:36:55  INFO     [RAMS] Tier switch: NANO → SMALL  (R=0.607)
15:36:56  INFO     [RAMS] Tier switch: SMALL → NANO  (R=0.665)
15:36:57  INFO     [RAMS] Tier switch: NANO → SMALL  (R=0.641)
15:36:58  INFO       [safety / moderate] 40/200  tier=SMALL   latency=131.2 ms  R=0.666  target=0.50  dets=1  vru=False  backend=onnx
15:36:58  INFO     [RAMS] Tier switch: SMALL → NANO  (R=0.671)
15:36:59  INFO     [RAMS] Tier switch: NANO → SMALL  (R=0.678)
15:37:01  INFO       [safety / moderate] 60/200  tier=SMALL   latency=165.2 ms  R=0.652  target=0.50  dets=1  vru=False  backend=onnx
15:37:01  INFO     [RAMS] Tier switch: SMALL → NANO  (R=0.665)
15:37:01  INFO     [RAMS] Tier switch: NANO → SMALL  (R=0.647)
15:37:02  INFO     [RAMS] Tier switch: SMALL → NANO  (R=0.677)
15:37:02  INFO       [safety / moderate] 80/200  tier=NANO    latency=37.6 ms  R=0.696  target=0.50  dets=2  vru=False  backend=onnx
15:37:02  INFO     [RAMS] Tier switch: NANO → SMALL  (R=0.623)
15:37:05  INFO       [safety / moderate] 100/200  tier=SMALL   latency=131.2 ms  R=0.612  target=0.50  dets=12  vru=False  backend=onnx
15:37:08  INFO       [safety / moderate] 120/200  tier=SMALL   latency=128.6 ms  R=0.622  target=0.50  dets=4  vru=False  backend=onnx
15:37:09  INFO     [RAMS] Tier switch: SMALL → NANO  (R=0.616)
15:37:09  INFO     [RAMS] Tier switch: NANO → SMALL  (R=0.594)
15:37:10  INFO       [safety / moderate] 140/200  tier=SMALL   latency=149.6 ms  R=0.646  target=0.50  dets=7  vru=False  backend=onnx
15:37:11  INFO     [RAMS] Tier switch: SMALL → NANO  (R=0.619)
15:37:11  INFO     [RAMS] Tier switch: NANO → SMALL  (R=0.601)
15:37:12  INFO       [safety / moderate] 160/200  tier=SMALL   latency=130.8 ms  R=0.623  target=0.50  dets=2  vru=False  backend=onnx
15:37:13  INFO     [RAMS] Tier switch: SMALL → NANO  (R=0.654)
15:37:13  INFO     [RAMS] Tier switch: NANO → SMALL  (R=0.593)
15:37:15  INFO       [safety / moderate] 180/200  tier=SMALL   latency=138.1 ms  R=0.612  target=0.50  dets=2  vru=False  backend=onnx
15:37:18  INFO       [safety / moderate] 200/200  tier=SMALL   latency=144.4 ms  R=0.682  target=0.50  dets=8  vru=False  backend=onnx
15:37:18  INFO     [RAMS] Controller stopped.
15:37:18  INFO     
--- Block 2/10  Policy: safety2  Load: moderate (50%) ---
15:37:18  INFO     [RAMS] Starting resource monitor ...
15:37:18  INFO     [RAMS] Loading model tiers ...
15:37:18  INFO     [RAMS] YOLOv8-nano ready — ONNX (imgsz=320).
15:37:19  INFO     [RAMS] YOLOv8-small ready — ONNX (imgsz=416).
15:37:20  INFO     [RAMS] YOLOv8-medium ready — ONNX (imgsz=640).
15:37:20  INFO     [RAMS] Controller ready. Policy: safety2
15:37:21  INFO     [RAMS] Tier switch: SMALL → MEDIUM  (R=0.658)
15:37:23  INFO     [RAMS] Tier switch: MEDIUM → NANO  (R=0.696)
15:37:23  INFO     [RAMS] Tier switch: NANO → MEDIUM  (R=0.713)
15:37:25  INFO     [RAMS] Tier switch: MEDIUM → SMALL  (R=0.629)
15:37:26  INFO     [RAMS] Tier switch: SMALL → MEDIUM  (R=0.600)
15:37:28  INFO     [RAMS] Tier switch: MEDIUM → SMALL  (R=0.629)
15:37:28  INFO     [RAMS] Tier switch: SMALL → NANO  (R=0.631)
15:37:28  INFO       [safety2 / moderate] 20/200  tier=NANO    latency=49.4 ms  R=0.631  target=0.50  dets=13  vru=False  backend=onnx
15:37:29  INFO     [RAMS] Tier switch: NANO → MEDIUM  (R=0.591)
15:37:31  INFO     [RAMS] Tier switch: MEDIUM → NANO  (R=0.617)
15:37:31  INFO     [RAMS] Tier switch: NANO → SMALL  (R=0.605)
15:37:31  INFO     [RAMS] Tier switch: SMALL → NANO  (R=0.613)
15:37:32  INFO     [RAMS] Tier switch: NANO → SMALL  (R=0.598)
15:37:32  INFO     [RAMS] Tier switch: SMALL → MEDIUM  (R=0.603)
15:37:34  INFO       [safety2 / moderate] 40/200  tier=MEDIUM  latency=730.6 ms  R=0.640  target=0.50  dets=13  vru=False  backend=onnx
15:37:34  INFO     [RAMS] Tier switch: MEDIUM → NANO  (R=0.629)
15:37:35  INFO     [RAMS] Tier switch: NANO → SMALL  (R=0.594)
15:37:35  INFO     [RAMS] Tier switch: SMALL → NANO  (R=0.631)
15:37:35  INFO     [RAMS] Tier switch: NANO → MEDIUM  (R=0.631)
15:37:40  INFO     [RAMS] Tier switch: MEDIUM → NANO  (R=0.671)
15:37:40  INFO     [RAMS] Tier switch: NANO → MEDIUM  (R=0.659)
15:37:42  INFO       [safety2 / moderate] 60/200  tier=MEDIUM  latency=932.6 ms  R=0.693  target=0.50  dets=8  vru=False  backend=onnx
15:37:42  INFO     [RAMS] Tier switch: MEDIUM → NANO  (R=0.671)
15:37:43  INFO     [RAMS] Tier switch: NANO → MEDIUM  (R=0.696)
15:37:46  INFO     [RAMS] Tier switch: MEDIUM → NANO  (R=0.685)
15:37:46  INFO       [safety2 / moderate] 80/200  tier=NANO    latency=37.0 ms  R=0.685  target=0.50  dets=5  vru=False  backend=onnx
15:37:46  INFO     [RAMS] Tier switch: NANO → MEDIUM  (R=0.659)
15:37:48  INFO     [RAMS] Tier switch: MEDIUM → NANO  (R=0.627)
15:37:48  INFO     [RAMS] Tier switch: NANO → SMALL  (R=0.597)
15:37:49  INFO     [RAMS] Tier switch: SMALL → MEDIUM  (R=0.613)
15:37:49  INFO     [RAMS] Tier switch: MEDIUM → NANO  (R=0.622)
15:37:50  INFO     [RAMS] Tier switch: NANO → SMALL  (R=0.598)
15:37:50  INFO       [safety2 / moderate] 100/200  tier=SMALL   latency=140.8 ms  R=0.609  target=0.50  dets=2  vru=False  backend=onnx
15:37:51  INFO     [RAMS] Tier switch: SMALL → NANO  (R=0.629)
15:37:52  INFO     [RAMS] Tier switch: NANO → SMALL  (R=0.587)
15:37:53  INFO       [safety2 / moderate] 120/200  tier=SMALL   latency=149.6 ms  R=0.634  target=0.50  dets=10  vru=False  backend=onnx
15:37:53  INFO     [RAMS] Tier switch: SMALL → NANO  (R=0.619)
15:37:53  INFO     [RAMS] Tier switch: NANO → MEDIUM  (R=0.589)
15:37:55  INFO     [RAMS] Tier switch: MEDIUM → NANO  (R=0.683)
15:37:56  INFO     [RAMS] Tier switch: NANO → SMALL  (R=0.607)
15:37:56  INFO       [safety2 / moderate] 140/200  tier=SMALL   latency=129.2 ms  R=0.679  target=0.50  dets=3  vru=False  backend=onnx
15:37:57  INFO     [RAMS] Tier switch: SMALL → MEDIUM  (R=0.624)
15:38:00  INFO     [RAMS] Tier switch: MEDIUM → NANO  (R=0.631)
15:38:00  INFO     [RAMS] Tier switch: NANO → SMALL  (R=0.600)
15:38:00  INFO     [RAMS] Tier switch: SMALL → NANO  (R=0.621)
15:38:01  INFO       [safety2 / moderate] 160/200  tier=NANO    latency=31.0 ms  R=0.609  target=0.50  dets=0  vru=False  backend=onnx
15:38:01  INFO     [RAMS] Tier switch: NANO → SMALL  (R=0.603)
15:38:01  INFO     [RAMS] Tier switch: SMALL → NANO  (R=0.702)
15:38:02  INFO     [RAMS] Tier switch: NANO → SMALL  (R=0.658)
15:38:03  INFO       [safety2 / moderate] 180/200  tier=SMALL   latency=130.0 ms  R=0.654  target=0.50  dets=4  vru=True  backend=onnx
15:38:04  INFO     [RAMS] Tier switch: SMALL → NANO  (R=0.659)
15:38:04  INFO     [RAMS] Tier switch: NANO → SMALL  (R=0.665)
15:38:04  INFO     [RAMS] Tier switch: SMALL → MEDIUM  (R=0.672)
15:38:06  INFO     [RAMS] Tier switch: MEDIUM → NANO  (R=0.707)
15:38:07  INFO       [safety2 / moderate] 200/200  tier=NANO    latency=42.2 ms  R=0.664  target=0.50  dets=6  vru=False  backend=onnx
15:38:07  INFO     [RAMS] Controller stopped.
15:38:07  INFO     
--- Block 2/10  Policy: threshold  Load: moderate (50%) ---
15:38:07  INFO     [RAMS] Starting resource monitor ...
15:38:07  INFO     [RAMS] Loading model tiers ...
15:38:07  INFO     [RAMS] YOLOv8-nano ready — ONNX (imgsz=320).
15:38:07  INFO     [RAMS] YOLOv8-small ready — ONNX (imgsz=416).
15:38:08  INFO     [RAMS] YOLOv8-medium ready — ONNX (imgsz=640).
15:38:08  INFO     [RAMS] Controller ready. Policy: threshold
15:38:10  INFO     [RAMS] Tier switch: SMALL → NANO  (R=0.622)
15:38:10  INFO     [RAMS] Tier switch: NANO → SMALL  (R=0.598)
15:38:11  INFO     [RAMS] Tier switch: SMALL → NANO  (R=0.615)
15:38:11  INFO     [RAMS] Tier switch: NANO → SMALL  (R=0.600)
15:38:11  INFO       [threshold / moderate] 20/200  tier=SMALL   latency=156.7 ms  R=0.600  target=0.50  dets=16  vru=False  backend=onnx
15:38:11  INFO     [RAMS] Tier switch: SMALL → NANO  (R=0.607)
15:38:12  INFO     [RAMS] Tier switch: NANO → SMALL  (R=0.605)
15:38:12  INFO     [RAMS] Tier switch: SMALL → NANO  (R=0.610)
15:38:13  INFO       [threshold / moderate] 40/200  tier=NANO    latency=38.5 ms  R=0.610  target=0.50  dets=4  vru=False  backend=onnx
15:38:13  INFO     [RAMS] Tier switch: NANO → SMALL  (R=0.603)
15:38:13  INFO     [RAMS] Tier switch: SMALL → NANO  (R=0.645)
15:38:13  INFO     [RAMS] Tier switch: NANO → SMALL  (R=0.591)
15:38:14  INFO     [RAMS] Tier switch: SMALL → NANO  (R=0.658)
15:38:14  INFO     [RAMS] Tier switch: NANO → SMALL  (R=0.606)
15:38:15  INFO       [threshold / moderate] 60/200  tier=SMALL   latency=132.1 ms  R=0.617  target=0.50  dets=6  vru=False  backend=onnx
15:38:15  INFO     [RAMS] Tier switch: SMALL → NANO  (R=0.623)
15:38:16  INFO     [RAMS] Tier switch: NANO → SMALL  (R=0.601)
15:38:16  INFO       [threshold / moderate] 80/200  tier=SMALL   latency=157.8 ms  R=0.601  target=0.50  dets=5  vru=False  backend=onnx
15:38:16  INFO     [RAMS] Tier switch: SMALL → NANO  (R=0.640)
15:38:16  INFO     [RAMS] Tier switch: NANO → SMALL  (R=0.600)
15:38:17  INFO     [RAMS] Tier switch: SMALL → NANO  (R=0.615)
15:38:18  INFO       [threshold / moderate] 100/200  tier=NANO    latency=34.7 ms  R=0.612  target=0.50  dets=1  vru=False  backend=onnx
15:38:18  INFO     [RAMS] Tier switch: NANO → SMALL  (R=0.600)
15:38:18  INFO     [RAMS] Tier switch: SMALL → NANO  (R=0.636)
15:38:19  INFO     [RAMS] Tier switch: NANO → SMALL  (R=0.598)
15:38:19  INFO       [threshold / moderate] 120/200  tier=SMALL   latency=136.5 ms  R=0.616  target=0.50  dets=10  vru=False  backend=onnx
15:38:19  INFO     [RAMS] Tier switch: SMALL → NANO  (R=0.665)
15:38:20  INFO     [RAMS] Tier switch: NANO → SMALL  (R=0.597)
15:38:20  INFO     [RAMS] Tier switch: SMALL → NANO  (R=0.646)
15:38:20  INFO       [threshold / moderate] 140/200  tier=NANO    latency=31.5 ms  R=0.645  target=0.50  dets=2  vru=False  backend=onnx
15:38:21  INFO     [RAMS] Tier switch: NANO → SMALL  (R=0.603)
15:38:21  INFO     [RAMS] Tier switch: SMALL → NANO  (R=0.633)
15:38:22  INFO       [threshold / moderate] 160/200  tier=NANO    latency=30.9 ms  R=0.598  target=0.50  dets=0  vru=False  backend=onnx
15:38:22  INFO     [RAMS] Tier switch: NANO → SMALL  (R=0.602)
15:38:23  INFO     [RAMS] Tier switch: SMALL → NANO  (R=0.609)
15:38:23  INFO     [RAMS] Tier switch: NANO → SMALL  (R=0.597)
15:38:23  INFO     [RAMS] Tier switch: SMALL → NANO  (R=0.700)
15:38:24  INFO       [threshold / moderate] 180/200  tier=NANO    latency=51.4 ms  R=0.689  target=0.50  dets=2  vru=False  backend=onnx
15:38:25  INFO       [threshold / moderate] 200/200  tier=NANO    latency=34.4 ms  R=0.664  target=0.50  dets=6  vru=False  backend=onnx
15:38:25  INFO     [RAMS] Controller stopped.
15:38:25  INFO     
--- Block 2/10  Policy: fixed_medium  Load: moderate (50%) ---
15:38:25  INFO     [RAMS] Starting resource monitor ...
15:38:25  INFO     [RAMS] Loading model tiers ...
15:38:25  INFO     [RAMS] YOLOv8-nano ready — ONNX (imgsz=320).
15:38:25  INFO     [RAMS] YOLOv8-small ready — ONNX (imgsz=416).
15:38:26  INFO     [RAMS] YOLOv8-medium ready — ONNX (imgsz=640).
15:38:26  INFO     [RAMS] Controller ready. Policy: fixed
15:38:27  INFO     [RAMS] Tier switch: SMALL → MEDIUM  (R=0.499)
15:38:43  INFO       [fixed_medium / moderate] 20/200  tier=MEDIUM  latency=731.8 ms  R=0.624  target=0.50  dets=21  vru=False  backend=onnx
15:38:59  INFO       [fixed_medium / moderate] 40/200  tier=MEDIUM  latency=767.1 ms  R=0.640  target=0.50  dets=13  vru=False  backend=onnx
15:39:15  INFO       [fixed_medium / moderate] 60/200  tier=MEDIUM  latency=726.5 ms  R=0.617  target=0.50  dets=8  vru=False  backend=onnx
15:39:30  INFO       [fixed_medium / moderate] 80/200  tier=MEDIUM  latency=896.1 ms  R=0.700  target=0.50  dets=8  vru=False  backend=onnx
15:39:46  INFO       [fixed_medium / moderate] 100/200  tier=MEDIUM  latency=710.6 ms  R=0.648  target=0.50  dets=2  vru=False  backend=onnx
15:40:02  INFO       [fixed_medium / moderate] 120/200  tier=MEDIUM  latency=715.0 ms  R=0.629  target=0.50  dets=10  vru=False  backend=onnx
15:40:19  INFO       [fixed_medium / moderate] 140/200  tier=MEDIUM  latency=904.8 ms  R=0.667  target=0.50  dets=8  vru=False  backend=onnx
15:40:34  INFO       [fixed_medium / moderate] 160/200  tier=MEDIUM  latency=751.1 ms  R=0.634  target=0.50  dets=6  vru=False  backend=onnx
15:40:50  INFO       [fixed_medium / moderate] 180/200  tier=MEDIUM  latency=806.2 ms  R=0.622  target=0.50  dets=4  vru=False  backend=onnx
15:41:06  INFO       [fixed_medium / moderate] 200/200  tier=MEDIUM  latency=721.3 ms  R=0.628  target=0.50  dets=5  vru=False  backend=onnx
15:41:06  INFO     [RAMS] Controller stopped.
15:41:06  INFO     
--- Block 2/10  Policy: fixed_small  Load: moderate (50%) ---
15:41:06  INFO     [RAMS] Starting resource monitor ...
15:41:06  INFO     [RAMS] Loading model tiers ...
15:41:06  INFO     [RAMS] YOLOv8-nano ready — ONNX (imgsz=320).
15:41:06  INFO     [RAMS] YOLOv8-small ready — ONNX (imgsz=416).
15:41:07  INFO     [RAMS] YOLOv8-medium ready — ONNX (imgsz=640).
15:41:07  INFO     [RAMS] Controller ready. Policy: fixed
15:41:11  INFO       [fixed_small / moderate] 20/200  tier=SMALL   latency=130.0 ms  R=0.616  target=0.50  dets=16  vru=False  backend=onnx
15:41:14  INFO       [fixed_small / moderate] 40/200  tier=SMALL   latency=135.9 ms  R=0.610  target=0.50  dets=6  vru=False  backend=onnx
15:41:17  INFO       [fixed_small / moderate] 60/200  tier=SMALL   latency=152.2 ms  R=0.626  target=0.50  dets=6  vru=False  backend=onnx
15:41:21  INFO       [fixed_small / moderate] 80/200  tier=SMALL   latency=168.7 ms  R=0.690  target=0.50  dets=5  vru=False  backend=onnx
15:41:24  INFO       [fixed_small / moderate] 100/200  tier=SMALL   latency=141.8 ms  R=0.667  target=0.50  dets=2  vru=False  backend=onnx
15:41:27  INFO       [fixed_small / moderate] 120/200  tier=SMALL   latency=129.3 ms  R=0.610  target=0.50  dets=10  vru=False  backend=onnx
15:41:30  INFO       [fixed_small / moderate] 140/200  tier=SMALL   latency=140.7 ms  R=0.628  target=0.50  dets=3  vru=False  backend=onnx
15:41:33  INFO       [fixed_small / moderate] 160/200  tier=SMALL   latency=161.4 ms  R=0.620  target=0.50  dets=0  vru=False  backend=onnx
15:41:36  INFO       [fixed_small / moderate] 180/200  tier=SMALL   latency=145.8 ms  R=0.612  target=0.50  dets=4  vru=True  backend=onnx
15:41:39  INFO       [fixed_small / moderate] 200/200  tier=SMALL   latency=164.9 ms  R=0.610  target=0.50  dets=7  vru=False  backend=onnx
15:41:40  INFO     [RAMS] Controller stopped.
15:41:40  INFO     
--- Block 2/10  Policy: safety  Load: moderate (50%) ---
15:41:40  INFO     [RAMS] Starting resource monitor ...
15:41:40  INFO     [RAMS] Loading model tiers ...
15:41:40  INFO     [RAMS] YOLOv8-nano ready — ONNX (imgsz=320).
15:41:40  INFO     [RAMS] YOLOv8-small ready — ONNX (imgsz=416).
15:41:41  INFO     [RAMS] YOLOv8-medium ready — ONNX (imgsz=640).
15:41:41  INFO     [RAMS] Controller ready. Policy: safety
15:41:46  INFO       [safety / moderate] 20/200  tier=SMALL   latency=209.1 ms  R=0.689  target=0.50  dets=16  vru=False  backend=onnx
15:41:49  INFO       [safety / moderate] 40/200  tier=SMALL   latency=131.6 ms  R=0.609  target=0.50  dets=6  vru=False  backend=onnx
15:41:49  INFO     [RAMS] Tier switch: SMALL → NANO  (R=0.607)
15:41:50  INFO     [RAMS] Tier switch: NANO → SMALL  (R=0.655)
15:41:51  INFO       [safety / moderate] 60/200  tier=SMALL   latency=134.7 ms  R=0.622  target=0.50  dets=6  vru=False  backend=onnx
15:41:51  INFO     [RAMS] Tier switch: SMALL → NANO  (R=0.627)
15:41:52  INFO     [RAMS] Tier switch: NANO → SMALL  (R=0.602)
15:41:52  INFO     [RAMS] Tier switch: SMALL → NANO  (R=0.610)
15:41:52  INFO     [RAMS] Tier switch: NANO → SMALL  (R=0.598)
15:41:53  INFO       [safety / moderate] 80/200  tier=SMALL   latency=149.4 ms  R=0.612  target=0.50  dets=5  vru=False  backend=onnx
15:41:53  INFO     [RAMS] Tier switch: SMALL → NANO  (R=0.624)
15:41:54  INFO     [RAMS] Tier switch: NANO → SMALL  (R=0.607)
15:41:56  INFO       [safety / moderate] 100/200  tier=SMALL   latency=157.8 ms  R=0.672  target=0.50  dets=2  vru=False  backend=onnx
15:41:57  INFO     [RAMS] Tier switch: SMALL → NANO  (R=0.616)
15:41:57  INFO     [RAMS] Tier switch: NANO → SMALL  (R=0.595)
15:41:58  INFO       [safety / moderate] 120/200  tier=SMALL   latency=136.6 ms  R=0.613  target=0.50  dets=10  vru=False  backend=onnx
15:41:58  INFO     [RAMS] Tier switch: SMALL → NANO  (R=0.612)
15:41:59  INFO     [RAMS] Tier switch: NANO → SMALL  (R=0.660)
15:42:00  INFO     [RAMS] Tier switch: SMALL → NANO  (R=0.677)
15:42:00  INFO     [RAMS] Tier switch: NANO → SMALL  (R=0.605)
15:42:01  INFO       [safety / moderate] 140/200  tier=SMALL   latency=156.8 ms  R=0.683  target=0.50  dets=3  vru=False  backend=onnx
15:42:03  INFO     [RAMS] Tier switch: SMALL → NANO  (R=0.671)
15:42:03  INFO       [safety / moderate] 160/200  tier=NANO    latency=44.4 ms  R=0.653  target=0.50  dets=0  vru=False  backend=onnx
15:42:04  INFO     [RAMS] Tier switch: NANO → SMALL  (R=0.660)
15:42:05  INFO       [safety / moderate] 180/200  tier=SMALL   latency=130.2 ms  R=0.676  target=0.50  dets=4  vru=True  backend=onnx
15:42:06  INFO     [RAMS] Tier switch: SMALL → NANO  (R=0.662)
15:42:06  INFO     [RAMS] Tier switch: NANO → SMALL  (R=0.642)
15:42:08  INFO     [RAMS] Tier switch: SMALL → NANO  (R=0.662)
15:42:08  INFO       [safety / moderate] 200/200  tier=NANO    latency=45.3 ms  R=0.659  target=0.50  dets=6  vru=False  backend=onnx
15:42:08  INFO     [RAMS] Controller stopped.
15:42:08  INFO     
--- Block 2/10  Policy: adaptive  Load: moderate (50%) ---
15:42:08  INFO     [RAMS] Starting resource monitor ...
15:42:08  INFO     [RAMS] Loading model tiers ...
15:42:08  INFO     [RAMS] YOLOv8-nano ready — ONNX (imgsz=320).
15:42:08  INFO     [RAMS] YOLOv8-small ready — ONNX (imgsz=416).
15:42:09  INFO     [RAMS] YOLOv8-medium ready — ONNX (imgsz=640).
15:42:09  INFO     [RAMS] Controller ready. Policy: adaptive
15:42:12  INFO     [RAMS] Tier switch: SMALL → NANO  (R=0.653)
15:42:12  INFO     [RAMS] Tier switch: NANO → SMALL  (R=0.597)
15:42:12  INFO     [RAMS] Tier switch: SMALL → NANO  (R=0.622)
15:42:12  INFO     [RAMS] Tier switch: NANO → SMALL  (R=0.595)
15:42:12  INFO     [RAMS] Tier switch: SMALL → NANO  (R=0.630)
15:42:12  INFO       [adaptive / moderate] 20/200  tier=NANO    latency=33.3 ms  R=0.630  target=0.50  dets=13  vru=False  backend=onnx
15:42:13  INFO     [RAMS] Tier switch: NANO → SMALL  (R=0.591)
15:42:13  INFO     [RAMS] Tier switch: SMALL → NANO  (R=0.617)
15:42:13  INFO       [adaptive / moderate] 40/200  tier=NANO    latency=37.5 ms  R=0.617  target=0.50  dets=4  vru=False  backend=onnx
15:42:13  INFO     [RAMS] Tier switch: NANO → SMALL  (R=0.594)
15:42:14  INFO     [RAMS] Tier switch: SMALL → NANO  (R=0.621)
15:42:14  INFO     [RAMS] Tier switch: NANO → SMALL  (R=0.600)
15:42:14  INFO     [RAMS] Tier switch: SMALL → NANO  (R=0.620)
15:42:14  INFO     [RAMS] Tier switch: NANO → SMALL  (R=0.593)
15:42:14  INFO     [RAMS] Tier switch: SMALL → NANO  (R=0.627)
15:42:14  INFO     [RAMS] Tier switch: NANO → SMALL  (R=0.588)
15:42:15  INFO     [RAMS] Tier switch: SMALL → NANO  (R=0.648)
15:42:15  INFO       [adaptive / moderate] 60/200  tier=NANO    latency=36.7 ms  R=0.603  target=0.50  dets=3  vru=False  backend=onnx
15:42:15  INFO     [RAMS] Tier switch: NANO → SMALL  (R=0.601)
15:42:16  INFO     [RAMS] Tier switch: SMALL → NANO  (R=0.662)
15:42:16  INFO       [adaptive / moderate] 80/200  tier=NANO    latency=36.0 ms  R=0.607  target=0.50  dets=5  vru=False  backend=onnx
15:42:16  INFO     [RAMS] Tier switch: NANO → SMALL  (R=0.602)
15:42:17  INFO     [RAMS] Tier switch: SMALL → NANO  (R=0.665)
15:42:17  INFO     [RAMS] Tier switch: NANO → SMALL  (R=0.591)
15:42:17  INFO     [RAMS] Tier switch: SMALL → NANO  (R=0.651)
15:42:17  INFO       [adaptive / moderate] 100/200  tier=NANO    latency=32.4 ms  R=0.607  target=0.50  dets=1  vru=False  backend=onnx
15:42:17  INFO     [RAMS] Tier switch: NANO → SMALL  (R=0.591)
15:42:18  INFO     [RAMS] Tier switch: SMALL → NANO  (R=0.653)
15:42:18  INFO     [RAMS] Tier switch: NANO → SMALL  (R=0.594)
15:42:18  INFO     [RAMS] Tier switch: SMALL → NANO  (R=0.619)
15:42:18  INFO       [adaptive / moderate] 120/200  tier=NANO    latency=50.1 ms  R=0.604  target=0.50  dets=4  vru=False  backend=onnx
15:42:19  INFO     [RAMS] Tier switch: NANO → SMALL  (R=0.591)
15:42:19  INFO     [RAMS] Tier switch: SMALL → NANO  (R=0.630)
15:42:19  INFO     [RAMS] Tier switch: NANO → SMALL  (R=0.603)
15:42:20  INFO     [RAMS] Tier switch: SMALL → NANO  (R=0.644)
15:42:20  INFO       [adaptive / moderate] 140/200  tier=NANO    latency=38.5 ms  R=0.592  target=0.50  dets=2  vru=False  backend=onnx
15:42:20  INFO     [RAMS] Tier switch: NANO → SMALL  (R=0.595)
15:42:20  INFO     [RAMS] Tier switch: SMALL → NANO  (R=0.626)
15:42:20  INFO     [RAMS] Tier switch: NANO → SMALL  (R=0.591)
15:42:21  INFO     [RAMS] Tier switch: SMALL → NANO  (R=0.676)
15:42:21  INFO       [adaptive / moderate] 160/200  tier=NANO    latency=35.2 ms  R=0.617  target=0.50  dets=0  vru=False  backend=onnx
15:42:21  INFO     [RAMS] Tier switch: NANO → SMALL  (R=0.594)
15:42:22  INFO     [RAMS] Tier switch: SMALL → NANO  (R=0.663)
15:42:22  INFO       [adaptive / moderate] 180/200  tier=NANO    latency=35.9 ms  R=0.606  target=0.50  dets=2  vru=False  backend=onnx
15:42:22  INFO     [RAMS] Tier switch: NANO → SMALL  (R=0.593)
15:42:22  INFO     [RAMS] Tier switch: SMALL → NANO  (R=0.619)
15:42:23  INFO       [adaptive / moderate] 200/200  tier=NANO    latency=32.7 ms  R=0.598  target=0.50  dets=6  vru=False  backend=onnx
15:42:23  INFO     [RAMS] Controller stopped.
15:42:23  INFO     
--- Block 2/10  Policy: fixed_nano  Load: moderate (50%) ---
15:42:23  INFO     [RAMS] Starting resource monitor ...
15:42:23  INFO     [RAMS] Loading model tiers ...
15:42:24  INFO     [RAMS] YOLOv8-nano ready — ONNX (imgsz=320).
15:42:24  INFO     [RAMS] YOLOv8-small ready — ONNX (imgsz=416).
15:42:25  INFO     [RAMS] YOLOv8-medium ready — ONNX (imgsz=640).
15:42:25  INFO     [RAMS] Controller ready. Policy: fixed
15:42:26  INFO     [RAMS] Tier switch: SMALL → NANO  (R=0.490)
15:42:27  INFO       [fixed_nano / moderate] 20/200  tier=NANO    latency=41.3 ms  R=0.634  target=0.50  dets=13  vru=False  backend=onnx
15:42:28  INFO       [fixed_nano / moderate] 40/200  tier=NANO    latency=32.5 ms  R=0.643  target=0.50  dets=4  vru=False  backend=onnx
15:42:29  INFO       [fixed_nano / moderate] 60/200  tier=NANO    latency=36.8 ms  R=0.652  target=0.50  dets=3  vru=False  backend=onnx
15:42:30  INFO       [fixed_nano / moderate] 80/200  tier=NANO    latency=32.6 ms  R=0.600  target=0.50  dets=5  vru=False  backend=onnx
15:42:31  INFO       [fixed_nano / moderate] 100/200  tier=NANO    latency=32.6 ms  R=0.594  target=0.50  dets=1  vru=False  backend=onnx
15:42:32  INFO       [fixed_nano / moderate] 120/200  tier=NANO    latency=35.5 ms  R=0.597  target=0.50  dets=4  vru=False  backend=onnx
15:42:33  INFO       [fixed_nano / moderate] 140/200  tier=NANO    latency=38.4 ms  R=0.597  target=0.50  dets=2  vru=False  backend=onnx
15:42:34  INFO       [fixed_nano / moderate] 160/200  tier=NANO    latency=31.8 ms  R=0.614  target=0.50  dets=0  vru=False  backend=onnx
15:42:35  INFO       [fixed_nano / moderate] 180/200  tier=NANO    latency=43.7 ms  R=0.612  target=0.50  dets=2  vru=False  backend=onnx
15:42:36  INFO       [fixed_nano / moderate] 200/200  tier=NANO    latency=39.1 ms  R=0.606  target=0.50  dets=6  vru=False  backend=onnx
15:42:36  INFO     [RAMS] Controller stopped.
15:42:36  INFO     
--- Block 2/10  Policy: predictive  Load: moderate (50%) ---
15:42:36  INFO     [RAMS] Starting resource monitor ...
15:42:36  INFO     [RAMS] Loading model tiers ...
15:42:36  INFO     [RAMS] YOLOv8-nano ready — ONNX (imgsz=320).
15:42:37  INFO     [RAMS] YOLOv8-small ready — ONNX (imgsz=416).
15:42:37  INFO     [RAMS] YOLOv8-medium ready — ONNX (imgsz=640).
15:42:37  INFO     [RAMS] Controller ready. Policy: predictive
15:42:40  INFO     [RAMS] Tier switch: SMALL → NANO  (R=0.676)
15:42:40  INFO     [RAMS] Tier switch: NANO → SMALL  (R=0.594)
15:42:40  INFO     [RAMS] Tier switch: SMALL → NANO  (R=0.615)
15:42:40  INFO       [predictive / moderate] 20/200  tier=NANO    latency=34.2 ms  R=0.615  target=0.50  dets=13  vru=False  backend=onnx
15:42:41  INFO     [RAMS] Tier switch: NANO → SMALL  (R=0.600)
15:42:41  INFO     [RAMS] Tier switch: SMALL → NANO  (R=0.617)
15:42:41  INFO     [RAMS] Tier switch: NANO → SMALL  (R=0.602)
15:42:41  INFO     [RAMS] Tier switch: SMALL → NANO  (R=0.611)
15:42:42  INFO       [predictive / moderate] 40/200  tier=NANO    latency=33.9 ms  R=0.622  target=0.50  dets=4  vru=False  backend=onnx
15:42:42  INFO     [RAMS] Tier switch: NANO → SMALL  (R=0.589)
15:42:42  INFO     [RAMS] Tier switch: SMALL → NANO  (R=0.628)
15:42:43  INFO       [predictive / moderate] 60/200  tier=NANO    latency=36.2 ms  R=0.612  target=0.50  dets=3  vru=False  backend=onnx
15:42:43  INFO     [RAMS] Tier switch: NANO → SMALL  (R=0.600)
15:42:43  INFO     [RAMS] Tier switch: SMALL → NANO  (R=0.613)
15:42:44  INFO       [predictive / moderate] 80/200  tier=NANO    latency=31.8 ms  R=0.597  target=0.50  dets=5  vru=False  backend=onnx
15:42:44  INFO     [RAMS] Tier switch: NANO → SMALL  (R=0.603)
15:42:44  INFO     [RAMS] Tier switch: SMALL → NANO  (R=0.629)
15:42:44  INFO     [RAMS] Tier switch: NANO → SMALL  (R=0.598)
15:42:44  INFO     [RAMS] Tier switch: SMALL → NANO  (R=0.613)
15:42:45  INFO       [predictive / moderate] 100/200  tier=NANO    latency=33.3 ms  R=0.601  target=0.50  dets=1  vru=False  backend=onnx
15:42:45  INFO     [RAMS] Tier switch: NANO → SMALL  (R=0.593)
15:42:46  INFO     [RAMS] Tier switch: SMALL → NANO  (R=0.681)
15:42:46  INFO       [predictive / moderate] 120/200  tier=NANO    latency=35.1 ms  R=0.656  target=0.50  dets=4  vru=False  backend=onnx
15:42:47  INFO       [predictive / moderate] 140/200  tier=NANO    latency=33.3 ms  R=0.642  target=0.50  dets=2  vru=False  backend=onnx
15:42:48  INFO       [predictive / moderate] 160/200  tier=NANO    latency=37.1 ms  R=0.652  target=0.50  dets=0  vru=False  backend=onnx
15:42:49  INFO       [predictive / moderate] 180/200  tier=NANO    latency=46.4 ms  R=0.666  target=0.50  dets=2  vru=False  backend=onnx
15:42:51  INFO       [predictive / moderate] 200/200  tier=NANO    latency=50.1 ms  R=0.647  target=0.50  dets=6  vru=False  backend=onnx
15:42:51  INFO     [RAMS] Controller stopped.
15:42:51  INFO     
--- Block 3/10  Policy: threshold  Load: moderate (50%) ---
15:42:51  INFO     [RAMS] Starting resource monitor ...
15:42:51  INFO     [RAMS] Loading model tiers ...
15:42:51  INFO     [RAMS] YOLOv8-nano ready — ONNX (imgsz=320).
15:42:51  INFO     [RAMS] YOLOv8-small ready — ONNX (imgsz=416).
15:42:52  INFO     [RAMS] YOLOv8-medium ready — ONNX (imgsz=640).
15:42:52  INFO     [RAMS] Controller ready. Policy: threshold
15:42:54  INFO     [RAMS] Tier switch: SMALL → NANO  (R=0.628)
15:42:54  INFO     [RAMS] Tier switch: NANO → SMALL  (R=0.598)
15:42:54  INFO     [RAMS] Tier switch: SMALL → NANO  (R=0.629)
15:42:55  INFO       [threshold / moderate] 20/200  tier=NANO    latency=34.5 ms  R=0.605  target=0.50  dets=5  vru=False  backend=onnx
15:42:55  INFO     [RAMS] Tier switch: NANO → SMALL  (R=0.591)
15:42:55  INFO     [RAMS] Tier switch: SMALL → NANO  (R=0.622)
15:42:55  INFO     [RAMS] Tier switch: NANO → SMALL  (R=0.593)
15:42:56  INFO     [RAMS] Tier switch: SMALL → NANO  (R=0.617)
15:42:56  INFO     [RAMS] Tier switch: NANO → SMALL  (R=0.593)
15:42:56  INFO       [threshold / moderate] 40/200  tier=SMALL   latency=150.7 ms  R=0.593  target=0.50  dets=9  vru=False  backend=onnx
15:42:57  INFO     [RAMS] Tier switch: SMALL → NANO  (R=0.615)
15:42:57  INFO     [RAMS] Tier switch: NANO → SMALL  (R=0.593)
15:42:57  INFO     [RAMS] Tier switch: SMALL → NANO  (R=0.617)
15:42:58  INFO     [RAMS] Tier switch: NANO → SMALL  (R=0.595)
15:42:58  INFO       [threshold / moderate] 60/200  tier=SMALL   latency=135.4 ms  R=0.595  target=0.50  dets=14  vru=False  backend=onnx
15:42:59  INFO     [RAMS] Tier switch: SMALL → NANO  (R=0.672)
15:42:59  INFO     [RAMS] Tier switch: NANO → SMALL  (R=0.594)
15:42:59  INFO     [RAMS] Tier switch: SMALL → NANO  (R=0.623)
15:43:00  INFO       [threshold / moderate] 80/200  tier=NANO    latency=40.6 ms  R=0.652  target=0.50  dets=8  vru=False  backend=onnx
15:43:00  INFO     [RAMS] Tier switch: NANO → SMALL  (R=0.604)
15:43:01  INFO     [RAMS] Tier switch: SMALL → NANO  (R=0.610)
15:43:01  INFO     [RAMS] Tier switch: NANO → SMALL  (R=0.589)
15:43:01  INFO     [RAMS] Tier switch: SMALL → NANO  (R=0.629)
15:43:01  INFO       [threshold / moderate] 100/200  tier=NANO    latency=31.2 ms  R=0.629  target=0.50  dets=0  vru=False  backend=onnx
15:43:01  INFO     [RAMS] Tier switch: NANO → SMALL  (R=0.597)
15:43:02  INFO     [RAMS] Tier switch: SMALL → NANO  (R=0.617)
15:43:02  INFO     [RAMS] Tier switch: NANO → SMALL  (R=0.603)
15:43:02  INFO     [RAMS] Tier switch: SMALL → NANO  (R=0.613)
15:43:03  INFO     [RAMS] Tier switch: NANO → SMALL  (R=0.600)
15:43:03  INFO       [threshold / moderate] 120/200  tier=SMALL   latency=141.1 ms  R=0.600  target=0.50  dets=5  vru=False  backend=onnx
15:43:03  INFO     [RAMS] Tier switch: SMALL → NANO  (R=0.619)
15:43:04  INFO     [RAMS] Tier switch: NANO → SMALL  (R=0.601)
15:43:05  INFO       [threshold / moderate] 140/200  tier=SMALL   latency=161.5 ms  R=0.619  target=0.50  dets=3  vru=True  backend=onnx
15:43:05  INFO     [RAMS] Tier switch: SMALL → NANO  (R=0.670)
15:43:05  INFO     [RAMS] Tier switch: NANO → SMALL  (R=0.600)
15:43:06  INFO     [RAMS] Tier switch: SMALL → NANO  (R=0.619)
15:43:06  INFO     [RAMS] Tier switch: NANO → SMALL  (R=0.605)
15:43:06  INFO       [threshold / moderate] 160/200  tier=SMALL   latency=168.3 ms  R=0.605  target=0.50  dets=2  vru=False  backend=onnx
15:43:07  INFO     [RAMS] Tier switch: SMALL → NANO  (R=0.653)
15:43:07  INFO     [RAMS] Tier switch: NANO → SMALL  (R=0.601)
15:43:07  INFO     [RAMS] Tier switch: SMALL → NANO  (R=0.671)
15:43:08  INFO       [threshold / moderate] 180/200  tier=NANO    latency=36.7 ms  R=0.647  target=0.50  dets=5  vru=False  backend=onnx
15:43:09  INFO       [threshold / moderate] 200/200  tier=NANO    latency=35.7 ms  R=0.656  target=0.50  dets=2  vru=False  backend=onnx
15:43:09  INFO     [RAMS] Controller stopped.
15:43:09  INFO     
--- Block 3/10  Policy: adaptive  Load: moderate (50%) ---
15:43:09  INFO     [RAMS] Starting resource monitor ...
15:43:09  INFO     [RAMS] Loading model tiers ...
15:43:09  INFO     [RAMS] YOLOv8-nano ready — ONNX (imgsz=320).
15:43:10  INFO     [RAMS] YOLOv8-small ready — ONNX (imgsz=416).
15:43:11  INFO     [RAMS] YOLOv8-medium ready — ONNX (imgsz=640).
15:43:11  INFO     [RAMS] Controller ready. Policy: adaptive
15:43:12  INFO     [RAMS] Tier switch: SMALL → NANO  (R=0.683)
15:43:13  INFO       [adaptive / moderate] 20/200  tier=NANO    latency=55.8 ms  R=0.642  target=0.50  dets=5  vru=False  backend=onnx
15:43:14  INFO       [adaptive / moderate] 40/200  tier=NANO    latency=31.5 ms  R=0.606  target=0.50  dets=1  vru=False  backend=onnx
15:43:15  INFO     [RAMS] Tier switch: NANO → SMALL  (R=0.591)
15:43:15  INFO     [RAMS] Tier switch: SMALL → NANO  (R=0.621)
15:43:15  INFO       [adaptive / moderate] 60/200  tier=NANO    latency=33.6 ms  R=0.609  target=0.50  dets=9  vru=False  backend=onnx
15:43:15  INFO     [RAMS] Tier switch: NANO → SMALL  (R=0.601)
15:43:15  INFO     [RAMS] Tier switch: SMALL → NANO  (R=0.629)
15:43:16  INFO       [adaptive / moderate] 80/200  tier=NANO    latency=32.3 ms  R=0.605  target=0.50  dets=8  vru=False  backend=onnx
15:43:16  INFO     [RAMS] Tier switch: NANO → SMALL  (R=0.600)
15:43:17  INFO     [RAMS] Tier switch: SMALL → NANO  (R=0.669)
15:43:17  INFO     [RAMS] Tier switch: NANO → SMALL  (R=0.588)
15:43:17  INFO     [RAMS] Tier switch: SMALL → NANO  (R=0.634)
15:43:17  INFO       [adaptive / moderate] 100/200  tier=NANO    latency=36.3 ms  R=0.617  target=0.50  dets=0  vru=False  backend=onnx
15:43:18  INFO       [adaptive / moderate] 120/200  tier=NANO    latency=38.0 ms  R=0.622  target=0.50  dets=4  vru=False  backend=onnx
15:43:19  INFO     [RAMS] Tier switch: NANO → SMALL  (R=0.597)
15:43:20  INFO       [adaptive / moderate] 140/200  tier=SMALL   latency=163.0 ms  R=0.606  target=0.50  dets=3  vru=True  backend=onnx
15:43:20  INFO     [RAMS] Tier switch: SMALL → NANO  (R=0.681)
15:43:20  INFO     [RAMS] Tier switch: NANO → SMALL  (R=0.605)
15:43:20  INFO     [RAMS] Tier switch: SMALL → NANO  (R=0.611)
15:43:20  INFO     [RAMS] Tier switch: NANO → SMALL  (R=0.595)
15:43:21  INFO     [RAMS] Tier switch: SMALL → NANO  (R=0.665)
15:43:21  INFO       [adaptive / moderate] 160/200  tier=NANO    latency=37.0 ms  R=0.610  target=0.50  dets=2  vru=False  backend=onnx
15:43:21  INFO     [RAMS] Tier switch: NANO → SMALL  (R=0.597)
15:43:21  INFO     [RAMS] Tier switch: SMALL → NANO  (R=0.624)
15:43:22  INFO       [adaptive / moderate] 180/200  tier=NANO    latency=36.1 ms  R=0.600  target=0.50  dets=5  vru=False  backend=onnx
15:43:22  INFO     [RAMS] Tier switch: NANO → SMALL  (R=0.595)
15:43:23  INFO     [RAMS] Tier switch: SMALL → NANO  (R=0.623)
15:43:23  INFO       [adaptive / moderate] 200/200  tier=NANO    latency=39.0 ms  R=0.607  target=0.50  dets=2  vru=False  backend=onnx
15:43:23  INFO     [RAMS] Controller stopped.
15:43:23  INFO     
--- Block 3/10  Policy: predictive  Load: moderate (50%) ---
15:43:23  INFO     [RAMS] Starting resource monitor ...
15:43:23  INFO     [RAMS] Loading model tiers ...
15:43:23  INFO     [RAMS] YOLOv8-nano ready — ONNX (imgsz=320).
15:43:24  INFO     [RAMS] YOLOv8-small ready — ONNX (imgsz=416).
15:43:25  INFO     [RAMS] YOLOv8-medium ready — ONNX (imgsz=640).
15:43:25  INFO     [RAMS] Controller ready. Policy: predictive
15:43:27  INFO     [RAMS] Tier switch: SMALL → NANO  (R=0.611)
15:43:27  INFO     [RAMS] Tier switch: NANO → SMALL  (R=0.593)
15:43:27  INFO     [RAMS] Tier switch: SMALL → NANO  (R=0.615)
15:43:27  INFO       [predictive / moderate] 20/200  tier=NANO    latency=43.6 ms  R=0.615  target=0.50  dets=5  vru=False  backend=onnx
15:43:27  INFO     [RAMS] Tier switch: NANO → SMALL  (R=0.593)
15:43:27  INFO     [RAMS] Tier switch: SMALL → NANO  (R=0.619)
15:43:28  INFO     [RAMS] Tier switch: NANO → SMALL  (R=0.597)
15:43:28  INFO     [RAMS] Tier switch: SMALL → NANO  (R=0.611)
15:43:28  INFO     [RAMS] Tier switch: NANO → SMALL  (R=0.594)
15:43:28  INFO     [RAMS] Tier switch: SMALL → NANO  (R=0.614)
15:43:29  INFO       [predictive / moderate] 40/200  tier=NANO    latency=44.2 ms  R=0.621  target=0.50  dets=1  vru=False  backend=onnx
15:43:30  INFO       [predictive / moderate] 60/200  tier=NANO    latency=38.7 ms  R=0.690  target=0.50  dets=9  vru=False  backend=onnx
15:43:31  INFO       [predictive / moderate] 80/200  tier=NANO    latency=35.7 ms  R=0.642  target=0.50  dets=8  vru=False  backend=onnx
15:43:32  INFO       [predictive / moderate] 100/200  tier=NANO    latency=52.3 ms  R=0.654  target=0.50  dets=0  vru=False  backend=onnx
15:43:33  INFO       [predictive / moderate] 120/200  tier=NANO    latency=44.4 ms  R=0.658  target=0.50  dets=4  vru=False  backend=onnx
15:43:34  INFO       [predictive / moderate] 140/200  tier=NANO    latency=40.8 ms  R=0.658  target=0.50  dets=2  vru=True  backend=onnx
15:43:35  INFO       [predictive / moderate] 160/200  tier=NANO    latency=34.8 ms  R=0.643  target=0.50  dets=2  vru=False  backend=onnx
15:43:36  INFO     [RAMS] Tier switch: NANO → SMALL  (R=0.598)
15:43:36  INFO     [RAMS] Tier switch: SMALL → NANO  (R=0.630)
15:43:36  INFO       [predictive / moderate] 180/200  tier=NANO    latency=37.2 ms  R=0.602  target=0.50  dets=5  vru=False  backend=onnx
15:43:36  INFO     [RAMS] Tier switch: NANO → SMALL  (R=0.601)
15:43:36  INFO     [RAMS] Tier switch: SMALL → NANO  (R=0.634)
15:43:37  INFO     [RAMS] Tier switch: NANO → SMALL  (R=0.602)
15:43:37  INFO     [RAMS] Tier switch: SMALL → NANO  (R=0.607)
15:43:37  INFO     [RAMS] Tier switch: NANO → SMALL  (R=0.598)
15:43:37  INFO     [RAMS] Tier switch: SMALL → NANO  (R=0.611)
15:43:38  INFO       [predictive / moderate] 200/200  tier=NANO    latency=39.7 ms  R=0.653  target=0.50  dets=2  vru=False  backend=onnx
15:43:38  INFO     [RAMS] Controller stopped.
15:43:38  INFO     
--- Block 3/10  Policy: fixed_medium  Load: moderate (50%) ---
15:43:38  INFO     [RAMS] Starting resource monitor ...
15:43:38  INFO     [RAMS] Loading model tiers ...
15:43:38  INFO     [RAMS] YOLOv8-nano ready — ONNX (imgsz=320).
15:43:38  INFO     [RAMS] YOLOv8-small ready — ONNX (imgsz=416).
15:43:39  INFO     [RAMS] YOLOv8-medium ready — ONNX (imgsz=640).
15:43:39  INFO     [RAMS] Controller ready. Policy: fixed
15:43:40  INFO     [RAMS] Tier switch: SMALL → MEDIUM  (R=0.418)
15:43:55  INFO       [fixed_medium / moderate] 20/200  tier=MEDIUM  latency=885.4 ms  R=0.666  target=0.50  dets=8  vru=False  backend=onnx
15:44:11  INFO       [fixed_medium / moderate] 40/200  tier=MEDIUM  latency=742.0 ms  R=0.634  target=0.50  dets=10  vru=True  backend=onnx
15:44:27  INFO       [fixed_medium / moderate] 60/200  tier=MEDIUM  latency=814.1 ms  R=0.629  target=0.50  dets=14  vru=False  backend=onnx
15:44:43  INFO       [fixed_medium / moderate] 80/200  tier=MEDIUM  latency=725.4 ms  R=0.624  target=0.50  dets=18  vru=True  backend=onnx
15:44:58  INFO       [fixed_medium / moderate] 100/200  tier=MEDIUM  latency=851.7 ms  R=0.675  target=0.50  dets=2  vru=False  backend=onnx
15:45:14  INFO       [fixed_medium / moderate] 120/200  tier=MEDIUM  latency=781.8 ms  R=0.634  target=0.50  dets=13  vru=False  backend=onnx
15:45:30  INFO       [fixed_medium / moderate] 140/200  tier=MEDIUM  latency=721.1 ms  R=0.629  target=0.50  dets=6  vru=True  backend=onnx
15:45:46  INFO       [fixed_medium / moderate] 160/200  tier=MEDIUM  latency=928.0 ms  R=0.673  target=0.50  dets=4  vru=False  backend=onnx
15:46:01  INFO       [fixed_medium / moderate] 180/200  tier=MEDIUM  latency=726.4 ms  R=0.634  target=0.50  dets=10  vru=False  backend=onnx
15:46:17  INFO       [fixed_medium / moderate] 200/200  tier=MEDIUM  latency=757.3 ms  R=0.636  target=0.50  dets=6  vru=True  backend=onnx
15:46:17  INFO     [RAMS] Controller stopped.
15:46:17  INFO     
--- Block 3/10  Policy: safety2  Load: moderate (50%) ---
15:46:17  INFO     [RAMS] Starting resource monitor ...
15:46:17  INFO     [RAMS] Loading model tiers ...
15:46:18  INFO     [RAMS] YOLOv8-nano ready — ONNX (imgsz=320).
15:46:18  INFO     [RAMS] YOLOv8-small ready — ONNX (imgsz=416).
15:46:19  INFO     [RAMS] YOLOv8-medium ready — ONNX (imgsz=640).
15:46:19  INFO     [RAMS] Controller ready. Policy: safety2
15:46:21  INFO     [RAMS] Tier switch: SMALL → NANO  (R=0.617)
15:46:21  INFO     [RAMS] Tier switch: NANO → SMALL  (R=0.609)
15:46:21  INFO     [RAMS] Tier switch: SMALL → MEDIUM  (R=0.623)
15:46:23  INFO     [RAMS] Tier switch: MEDIUM → NANO  (R=0.634)
15:46:23  INFO       [safety2 / moderate] 20/200  tier=NANO    latency=32.5 ms  R=0.606  target=0.50  dets=5  vru=False  backend=onnx
15:46:23  INFO     [RAMS] Tier switch: NANO → MEDIUM  (R=0.609)
15:46:26  INFO     [RAMS] Tier switch: MEDIUM → NANO  (R=0.660)
15:46:26  INFO     [RAMS] Tier switch: NANO → MEDIUM  (R=0.660)
15:46:28  INFO       [safety2 / moderate] 40/200  tier=MEDIUM  latency=736.0 ms  R=0.689  target=0.50  dets=10  vru=True  backend=onnx
15:46:29  INFO     [RAMS] Tier switch: MEDIUM → SMALL  (R=0.718)
15:46:29  INFO     [RAMS] Tier switch: SMALL → NANO  (R=0.656)
15:46:30  INFO     [RAMS] Tier switch: NANO → MEDIUM  (R=0.637)
15:46:32  INFO     [RAMS] Tier switch: MEDIUM → SMALL  (R=0.627)
15:46:33  INFO       [safety2 / moderate] 60/200  tier=SMALL   latency=160.0 ms  R=0.621  target=0.50  dets=14  vru=False  backend=onnx
15:46:34  INFO     [RAMS] Tier switch: SMALL → MEDIUM  (R=0.619)
15:46:36  INFO     [RAMS] Tier switch: MEDIUM → NANO  (R=0.634)
15:46:36  INFO     [RAMS] Tier switch: NANO → SMALL  (R=0.593)
15:46:37  INFO     [RAMS] Tier switch: SMALL → MEDIUM  (R=0.679)
15:46:40  INFO       [safety2 / moderate] 80/200  tier=MEDIUM  latency=716.5 ms  R=0.632  target=0.50  dets=18  vru=True  backend=onnx
15:46:45  INFO     [RAMS] Tier switch: MEDIUM → NANO  (R=0.631)
15:46:45  INFO     [RAMS] Tier switch: NANO → SMALL  (R=0.596)
15:46:46  INFO     [RAMS] Tier switch: SMALL → MEDIUM  (R=0.616)
15:46:47  INFO     [RAMS] Tier switch: MEDIUM → SMALL  (R=0.672)
15:46:48  INFO       [safety2 / moderate] 100/200  tier=SMALL   latency=160.3 ms  R=0.641  target=0.50  dets=2  vru=False  backend=onnx
15:46:48  INFO     [RAMS] Tier switch: SMALL → NANO  (R=0.671)
15:46:48  INFO     [RAMS] Tier switch: NANO → MEDIUM  (R=0.688)
15:46:51  INFO     [RAMS] Tier switch: MEDIUM → NANO  (R=0.678)
15:46:51  INFO     [RAMS] Tier switch: NANO → MEDIUM  (R=0.653)
15:46:54  INFO       [safety2 / moderate] 120/200  tier=MEDIUM  latency=731.1 ms  R=0.629  target=0.50  dets=13  vru=False  backend=onnx
15:46:54  INFO     [RAMS] Tier switch: MEDIUM → NANO  (R=0.633)
15:46:54  INFO     [RAMS] Tier switch: NANO → SMALL  (R=0.601)
15:46:55  INFO     [RAMS] Tier switch: SMALL → MEDIUM  (R=0.606)
15:46:55  INFO     [RAMS] Tier switch: MEDIUM → NANO  (R=0.624)
15:46:56  INFO     [RAMS] Tier switch: NANO → SMALL  (R=0.600)
15:46:56  INFO       [safety2 / moderate] 140/200  tier=SMALL   latency=164.6 ms  R=0.613  target=0.50  dets=3  vru=True  backend=onnx
15:46:57  INFO     [RAMS] Tier switch: SMALL → MEDIUM  (R=0.621)
15:46:59  INFO     [RAMS] Tier switch: MEDIUM → NANO  (R=0.634)
15:46:59  INFO     [RAMS] Tier switch: NANO → SMALL  (R=0.605)
15:47:01  INFO       [safety2 / moderate] 160/200  tier=SMALL   latency=130.7 ms  R=0.617  target=0.50  dets=2  vru=False  backend=onnx
15:47:01  INFO     [RAMS] Tier switch: SMALL → NANO  (R=0.629)
15:47:01  INFO     [RAMS] Tier switch: NANO → SMALL  (R=0.600)
15:47:01  INFO     [RAMS] Tier switch: SMALL → NANO  (R=0.618)
15:47:01  INFO     [RAMS] Tier switch: NANO → MEDIUM  (R=0.616)
15:47:04  INFO     [RAMS] Tier switch: MEDIUM → NANO  (R=0.695)
15:47:04  INFO     [RAMS] Tier switch: NANO → SMALL  (R=0.605)
15:47:05  INFO       [safety2 / moderate] 180/200  tier=SMALL   latency=151.7 ms  R=0.629  target=0.50  dets=6  vru=False  backend=onnx
15:47:05  INFO     [RAMS] Tier switch: SMALL → MEDIUM  (R=0.695)
15:47:06  INFO     [RAMS] Tier switch: MEDIUM → NANO  (R=0.634)
15:47:07  INFO     [RAMS] Tier switch: NANO → MEDIUM  (R=0.662)
15:47:09  INFO     [RAMS] Tier switch: MEDIUM → NANO  (R=0.648)
15:47:10  INFO       [safety2 / moderate] 200/200  tier=NANO    latency=57.9 ms  R=0.642  target=0.50  dets=2  vru=False  backend=onnx
15:47:10  INFO     [RAMS] Controller stopped.
15:47:10  INFO     
--- Block 3/10  Policy: fixed_small  Load: moderate (50%) ---
15:47:10  INFO     [RAMS] Starting resource monitor ...
15:47:10  INFO     [RAMS] Loading model tiers ...
15:47:10  INFO     [RAMS] YOLOv8-nano ready — ONNX (imgsz=320).
15:47:10  INFO     [RAMS] YOLOv8-small ready — ONNX (imgsz=416).
15:47:11  INFO     [RAMS] YOLOv8-medium ready — ONNX (imgsz=640).
15:47:11  INFO     [RAMS] Controller ready. Policy: fixed
15:47:15  INFO       [fixed_small / moderate] 20/200  tier=SMALL   latency=129.1 ms  R=0.605  target=0.50  dets=7  vru=False  backend=onnx
15:47:18  INFO       [fixed_small / moderate] 40/200  tier=SMALL   latency=140.9 ms  R=0.603  target=0.50  dets=9  vru=False  backend=onnx
15:47:21  INFO       [fixed_small / moderate] 60/200  tier=SMALL   latency=129.9 ms  R=0.636  target=0.50  dets=14  vru=False  backend=onnx
15:47:25  INFO       [fixed_small / moderate] 80/200  tier=SMALL   latency=155.0 ms  R=0.612  target=0.50  dets=15  vru=True  backend=onnx
15:47:27  INFO       [fixed_small / moderate] 100/200  tier=SMALL   latency=170.3 ms  R=0.614  target=0.50  dets=2  vru=False  backend=onnx
15:47:31  INFO       [fixed_small / moderate] 120/200  tier=SMALL   latency=129.9 ms  R=0.724  target=0.50  dets=5  vru=False  backend=onnx
15:47:34  INFO       [fixed_small / moderate] 140/200  tier=SMALL   latency=138.9 ms  R=0.691  target=0.50  dets=3  vru=True  backend=onnx
15:47:38  INFO       [fixed_small / moderate] 160/200  tier=SMALL   latency=129.6 ms  R=0.621  target=0.50  dets=2  vru=False  backend=onnx
15:47:41  INFO       [fixed_small / moderate] 180/200  tier=SMALL   latency=147.7 ms  R=0.619  target=0.50  dets=6  vru=False  backend=onnx
15:47:44  INFO       [fixed_small / moderate] 200/200  tier=SMALL   latency=148.4 ms  R=0.606  target=0.50  dets=5  vru=False  backend=onnx
15:47:44  INFO     [RAMS] Controller stopped.
15:47:44  INFO     
--- Block 3/10  Policy: safety  Load: moderate (50%) ---
15:47:44  INFO     [RAMS] Starting resource monitor ...
15:47:44  INFO     [RAMS] Loading model tiers ...
15:47:44  INFO     [RAMS] YOLOv8-nano ready — ONNX (imgsz=320).
15:47:44  INFO     [RAMS] YOLOv8-small ready — ONNX (imgsz=416).
15:47:45  INFO     [RAMS] YOLOv8-medium ready — ONNX (imgsz=640).
15:47:45  INFO     [RAMS] Controller ready. Policy: safety
15:47:49  INFO       [safety / moderate] 20/200  tier=SMALL   latency=131.0 ms  R=0.627  target=0.50  dets=7  vru=False  backend=onnx
15:47:51  INFO     [RAMS] Tier switch: SMALL → NANO  (R=0.651)
15:47:51  INFO     [RAMS] Tier switch: NANO → SMALL  (R=0.653)
15:47:52  INFO       [safety / moderate] 40/200  tier=SMALL   latency=133.4 ms  R=0.693  target=0.50  dets=9  vru=False  backend=onnx
15:47:52  INFO     [RAMS] Tier switch: SMALL → NANO  (R=0.660)
15:47:53  INFO     [RAMS] Tier switch: NANO → SMALL  (R=0.693)
15:47:54  INFO       [safety / moderate] 60/200  tier=SMALL   latency=140.5 ms  R=0.677  target=0.50  dets=14  vru=False  backend=onnx
15:47:57  INFO       [safety / moderate] 80/200  tier=SMALL   latency=194.7 ms  R=0.678  target=0.50  dets=15  vru=True  backend=onnx
15:47:59  INFO     [RAMS] Tier switch: SMALL → NANO  (R=0.653)
15:47:59  INFO     [RAMS] Tier switch: NANO → SMALL  (R=0.634)
15:48:00  INFO       [safety / moderate] 100/200  tier=SMALL   latency=139.5 ms  R=0.617  target=0.50  dets=2  vru=False  backend=onnx
15:48:01  INFO     [RAMS] Tier switch: SMALL → NANO  (R=0.629)
15:48:01  INFO     [RAMS] Tier switch: NANO → SMALL  (R=0.586)
15:48:02  INFO     [RAMS] Tier switch: SMALL → NANO  (R=0.635)
15:48:02  INFO     [RAMS] Tier switch: NANO → SMALL  (R=0.603)
15:48:02  INFO       [safety / moderate] 120/200  tier=SMALL   latency=135.4 ms  R=0.625  target=0.50  dets=5  vru=False  backend=onnx
15:48:03  INFO     [RAMS] Tier switch: SMALL → NANO  (R=0.625)
15:48:03  INFO     [RAMS] Tier switch: NANO → SMALL  (R=0.585)
15:48:05  INFO     [RAMS] Tier switch: SMALL → NANO  (R=0.629)
15:48:05  INFO       [safety / moderate] 140/200  tier=NANO    latency=39.2 ms  R=0.622  target=0.50  dets=2  vru=True  backend=onnx
15:48:05  INFO     [RAMS] Tier switch: NANO → SMALL  (R=0.622)
15:48:06  INFO     [RAMS] Tier switch: SMALL → NANO  (R=0.627)
15:48:06  INFO     [RAMS] Tier switch: NANO → SMALL  (R=0.627)
15:48:07  INFO     [RAMS] Tier switch: SMALL → NANO  (R=0.630)
15:48:07  INFO       [safety / moderate] 160/200  tier=NANO    latency=31.8 ms  R=0.595  target=0.50  dets=2  vru=False  backend=onnx
15:48:07  INFO     [RAMS] Tier switch: NANO → SMALL  (R=0.606)
15:48:08  INFO     [RAMS] Tier switch: SMALL → NANO  (R=0.652)
15:48:08  INFO     [RAMS] Tier switch: NANO → SMALL  (R=0.603)
15:48:09  INFO     [RAMS] Tier switch: SMALL → NANO  (R=0.613)
15:48:09  INFO       [safety / moderate] 180/200  tier=NANO    latency=42.4 ms  R=0.603  target=0.50  dets=5  vru=False  backend=onnx
15:48:09  INFO     [RAMS] Tier switch: NANO → SMALL  (R=0.593)
15:48:11  INFO     [RAMS] Tier switch: SMALL → NANO  (R=0.616)
15:48:11  INFO     [RAMS] Tier switch: NANO → SMALL  (R=0.616)
15:48:12  INFO       [safety / moderate] 200/200  tier=SMALL   latency=169.9 ms  R=0.622  target=0.50  dets=5  vru=False  backend=onnx
15:48:12  INFO     [RAMS] Controller stopped.
15:48:12  INFO     
--- Block 3/10  Policy: fixed_nano  Load: moderate (50%) ---
15:48:12  INFO     [RAMS] Starting resource monitor ...
15:48:12  INFO     [RAMS] Loading model tiers ...
15:48:13  INFO     [RAMS] YOLOv8-nano ready — ONNX (imgsz=320).
15:48:13  INFO     [RAMS] YOLOv8-small ready — ONNX (imgsz=416).
15:48:14  INFO     [RAMS] YOLOv8-medium ready — ONNX (imgsz=640).
15:48:14  INFO     [RAMS] Controller ready. Policy: fixed
15:48:15  INFO     [RAMS] Tier switch: SMALL → NANO  (R=0.555)
15:48:16  INFO       [fixed_nano / moderate] 20/200  tier=NANO    latency=43.7 ms  R=0.694  target=0.50  dets=5  vru=False  backend=onnx
15:48:17  INFO       [fixed_nano / moderate] 40/200  tier=NANO    latency=32.6 ms  R=0.666  target=0.50  dets=1  vru=False  backend=onnx
15:48:18  INFO       [fixed_nano / moderate] 60/200  tier=NANO    latency=42.4 ms  R=0.652  target=0.50  dets=9  vru=False  backend=onnx
15:48:19  INFO       [fixed_nano / moderate] 80/200  tier=NANO    latency=37.2 ms  R=0.631  target=0.50  dets=8  vru=False  backend=onnx
15:48:20  INFO       [fixed_nano / moderate] 100/200  tier=NANO    latency=35.5 ms  R=0.606  target=0.50  dets=0  vru=False  backend=onnx
15:48:21  INFO       [fixed_nano / moderate] 120/200  tier=NANO    latency=37.3 ms  R=0.598  target=0.50  dets=4  vru=False  backend=onnx
15:48:22  INFO       [fixed_nano / moderate] 140/200  tier=NANO    latency=31.3 ms  R=0.609  target=0.50  dets=2  vru=True  backend=onnx
15:48:23  INFO       [fixed_nano / moderate] 160/200  tier=NANO    latency=41.7 ms  R=0.610  target=0.50  dets=2  vru=False  backend=onnx
15:48:24  INFO       [fixed_nano / moderate] 180/200  tier=NANO    latency=44.6 ms  R=0.600  target=0.50  dets=5  vru=False  backend=onnx
15:48:25  INFO       [fixed_nano / moderate] 200/200  tier=NANO    latency=42.2 ms  R=0.606  target=0.50  dets=2  vru=False  backend=onnx
15:48:25  INFO     [RAMS] Controller stopped.
15:48:25  INFO     
--- Block 4/10  Policy: adaptive  Load: moderate (50%) ---
15:48:25  INFO     [RAMS] Starting resource monitor ...
15:48:25  INFO     [RAMS] Loading model tiers ...
15:48:25  INFO     [RAMS] YOLOv8-nano ready — ONNX (imgsz=320).
15:48:26  INFO     [RAMS] YOLOv8-small ready — ONNX (imgsz=416).
15:48:26  INFO     [RAMS] YOLOv8-medium ready — ONNX (imgsz=640).
15:48:26  INFO     [RAMS] Controller ready. Policy: adaptive
15:48:29  INFO     [RAMS] Tier switch: SMALL → NANO  (R=0.625)
15:48:29  INFO       [adaptive / moderate] 20/200  tier=NANO    latency=31.6 ms  R=0.606  target=0.50  dets=0  vru=False  backend=onnx
15:48:29  INFO     [RAMS] Tier switch: NANO → SMALL  (R=0.594)
15:48:30  INFO     [RAMS] Tier switch: SMALL → NANO  (R=0.629)
15:48:30  INFO     [RAMS] Tier switch: NANO → SMALL  (R=0.598)
15:48:30  INFO     [RAMS] Tier switch: SMALL → NANO  (R=0.630)
15:48:31  INFO       [adaptive / moderate] 40/200  tier=NANO    latency=31.6 ms  R=0.601  target=0.50  dets=1  vru=False  backend=onnx
15:48:31  INFO     [RAMS] Tier switch: NANO → SMALL  (R=0.591)
15:48:31  INFO     [RAMS] Tier switch: SMALL → NANO  (R=0.624)
15:48:31  INFO     [RAMS] Tier switch: NANO → SMALL  (R=0.605)
15:48:32  INFO     [RAMS] Tier switch: SMALL → NANO  (R=0.661)
15:48:32  INFO       [adaptive / moderate] 60/200  tier=NANO    latency=33.2 ms  R=0.629  target=0.50  dets=2  vru=False  backend=onnx
15:48:32  INFO     [RAMS] Tier switch: NANO → SMALL  (R=0.600)
15:48:33  INFO     [RAMS] Tier switch: SMALL → NANO  (R=0.629)
15:48:33  INFO       [adaptive / moderate] 80/200  tier=NANO    latency=32.9 ms  R=0.634  target=0.50  dets=1  vru=False  backend=onnx
15:48:33  INFO     [RAMS] Tier switch: NANO → SMALL  (R=0.589)
15:48:33  INFO     [RAMS] Tier switch: SMALL → NANO  (R=0.622)
15:48:33  INFO     [RAMS] Tier switch: NANO → SMALL  (R=0.589)
15:48:34  INFO     [RAMS] Tier switch: SMALL → NANO  (R=0.620)
15:48:34  INFO       [adaptive / moderate] 100/200  tier=NANO    latency=31.9 ms  R=0.606  target=0.50  dets=9  vru=False  backend=onnx
15:48:34  INFO     [RAMS] Tier switch: NANO → SMALL  (R=0.598)
15:48:34  INFO     [RAMS] Tier switch: SMALL → NANO  (R=0.682)
15:48:35  INFO       [adaptive / moderate] 120/200  tier=NANO    latency=42.1 ms  R=0.652  target=0.50  dets=6  vru=False  backend=onnx
15:48:36  INFO       [adaptive / moderate] 140/200  tier=NANO    latency=32.6 ms  R=0.664  target=0.50  dets=6  vru=False  backend=onnx
15:48:37  INFO       [adaptive / moderate] 160/200  tier=NANO    latency=41.3 ms  R=0.659  target=0.50  dets=1  vru=False  backend=onnx
15:48:39  INFO       [adaptive / moderate] 180/200  tier=NANO    latency=44.1 ms  R=0.667  target=0.50  dets=2  vru=True  backend=onnx
15:48:40  INFO       [adaptive / moderate] 200/200  tier=NANO    latency=43.4 ms  R=0.666  target=0.50  dets=1  vru=True  backend=onnx
15:48:40  INFO     [RAMS] Controller stopped.
15:48:40  INFO     
--- Block 4/10  Policy: predictive  Load: moderate (50%) ---
15:48:40  INFO     [RAMS] Starting resource monitor ...
15:48:40  INFO     [RAMS] Loading model tiers ...
15:48:40  INFO     [RAMS] YOLOv8-nano ready — ONNX (imgsz=320).
15:48:40  INFO     [RAMS] YOLOv8-small ready — ONNX (imgsz=416).
15:48:41  INFO     [RAMS] YOLOv8-medium ready — ONNX (imgsz=640).
15:48:41  INFO     [RAMS] Controller ready. Policy: predictive
15:48:43  INFO     [RAMS] Tier switch: SMALL → NANO  (R=0.658)
15:48:43  INFO     [RAMS] Tier switch: NANO → SMALL  (R=0.603)
15:48:43  INFO     [RAMS] Tier switch: SMALL → NANO  (R=0.629)
15:48:44  INFO     [RAMS] Tier switch: NANO → SMALL  (R=0.594)
15:48:44  INFO     [RAMS] Tier switch: SMALL → NANO  (R=0.637)
15:48:44  INFO       [predictive / moderate] 20/200  tier=NANO    latency=31.7 ms  R=0.649  target=0.50  dets=0  vru=False  backend=onnx
15:48:44  INFO     [RAMS] Tier switch: NANO → SMALL  (R=0.594)
15:48:44  INFO     [RAMS] Tier switch: SMALL → NANO  (R=0.622)
15:48:45  INFO     [RAMS] Tier switch: NANO → SMALL  (R=0.594)
15:48:45  INFO     [RAMS] Tier switch: SMALL → NANO  (R=0.610)
15:48:45  INFO       [predictive / moderate] 40/200  tier=NANO    latency=31.8 ms  R=0.601  target=0.50  dets=1  vru=False  backend=onnx
15:48:45  INFO     [RAMS] Tier switch: NANO → SMALL  (R=0.597)
15:48:45  INFO     [RAMS] Tier switch: SMALL → NANO  (R=0.626)
15:48:45  INFO     [RAMS] Tier switch: NANO → SMALL  (R=0.593)
15:48:46  INFO     [RAMS] Tier switch: SMALL → NANO  (R=0.652)
15:48:46  INFO     [RAMS] Tier switch: NANO → SMALL  (R=0.595)
15:48:46  INFO     [RAMS] Tier switch: SMALL → NANO  (R=0.621)
15:48:47  INFO       [predictive / moderate] 60/200  tier=NANO    latency=37.1 ms  R=0.600  target=0.50  dets=2  vru=False  backend=onnx
15:48:47  INFO     [RAMS] Tier switch: NANO → SMALL  (R=0.600)
15:48:47  INFO     [RAMS] Tier switch: SMALL → NANO  (R=0.623)
15:48:47  INFO     [RAMS] Tier switch: NANO → SMALL  (R=0.593)
15:48:47  INFO     [RAMS] Tier switch: SMALL → NANO  (R=0.617)
15:48:48  INFO       [predictive / moderate] 80/200  tier=NANO    latency=40.0 ms  R=0.607  target=0.50  dets=1  vru=False  backend=onnx
15:48:48  INFO     [RAMS] Tier switch: NANO → SMALL  (R=0.600)
15:48:49  INFO     [RAMS] Tier switch: SMALL → NANO  (R=0.617)
15:48:49  INFO       [predictive / moderate] 100/200  tier=NANO    latency=40.4 ms  R=0.606  target=0.50  dets=9  vru=False  backend=onnx
15:48:49  INFO     [RAMS] Tier switch: NANO → SMALL  (R=0.596)
15:48:49  INFO     [RAMS] Tier switch: SMALL → NANO  (R=0.624)
15:48:50  INFO       [predictive / moderate] 120/200  tier=NANO    latency=40.0 ms  R=0.631  target=0.50  dets=6  vru=False  backend=onnx
15:48:50  INFO     [RAMS] Tier switch: NANO → SMALL  (R=0.598)
15:48:51  INFO     [RAMS] Tier switch: SMALL → NANO  (R=0.617)
15:48:51  INFO       [predictive / moderate] 140/200  tier=NANO    latency=45.6 ms  R=0.592  target=0.50  dets=6  vru=False  backend=onnx
15:48:51  INFO     [RAMS] Tier switch: NANO → SMALL  (R=0.591)
15:48:51  INFO     [RAMS] Tier switch: SMALL → NANO  (R=0.617)
15:48:51  INFO     [RAMS] Tier switch: NANO → SMALL  (R=0.600)
15:48:52  INFO     [RAMS] Tier switch: SMALL → NANO  (R=0.612)
15:48:52  INFO     [RAMS] Tier switch: NANO → SMALL  (R=0.596)
15:48:52  INFO     [RAMS] Tier switch: SMALL → NANO  (R=0.622)
15:48:53  INFO       [predictive / moderate] 160/200  tier=NANO    latency=33.7 ms  R=0.600  target=0.50  dets=1  vru=False  backend=onnx
15:48:53  INFO     [RAMS] Tier switch: NANO → SMALL  (R=0.598)
15:48:53  INFO     [RAMS] Tier switch: SMALL → NANO  (R=0.659)
15:48:53  INFO     [RAMS] Tier switch: NANO → SMALL  (R=0.601)
15:48:53  INFO     [RAMS] Tier switch: SMALL → NANO  (R=0.636)
15:48:54  INFO     [RAMS] Tier switch: NANO → SMALL  (R=0.598)
15:48:54  INFO       [predictive / moderate] 180/200  tier=SMALL   latency=144.8 ms  R=0.598  target=0.50  dets=1  vru=True  backend=onnx
15:48:54  INFO     [RAMS] Tier switch: SMALL → NANO  (R=0.644)
15:48:54  INFO     [RAMS] Tier switch: NANO → SMALL  (R=0.600)
15:48:55  INFO     [RAMS] Tier switch: SMALL → NANO  (R=0.622)
15:48:55  INFO       [predictive / moderate] 200/200  tier=NANO    latency=39.4 ms  R=0.605  target=0.50  dets=1  vru=True  backend=onnx
15:48:55  INFO     [RAMS] Controller stopped.
15:48:55  INFO     
--- Block 4/10  Policy: fixed_nano  Load: moderate (50%) ---
15:48:55  INFO     [RAMS] Starting resource monitor ...
15:48:55  INFO     [RAMS] Loading model tiers ...
15:48:55  INFO     [RAMS] YOLOv8-nano ready — ONNX (imgsz=320).
15:48:56  INFO     [RAMS] YOLOv8-small ready — ONNX (imgsz=416).
15:48:56  INFO     [RAMS] YOLOv8-medium ready — ONNX (imgsz=640).
15:48:56  INFO     [RAMS] Controller ready. Policy: fixed
15:48:57  INFO     [RAMS] Tier switch: SMALL → NANO  (R=0.479)
15:48:58  INFO       [fixed_nano / moderate] 20/200  tier=NANO    latency=39.1 ms  R=0.647  target=0.50  dets=0  vru=False  backend=onnx
15:49:00  INFO       [fixed_nano / moderate] 40/200  tier=NANO    latency=60.9 ms  R=0.635  target=0.50  dets=1  vru=False  backend=onnx
15:49:01  INFO       [fixed_nano / moderate] 60/200  tier=NANO    latency=40.2 ms  R=0.647  target=0.50  dets=2  vru=False  backend=onnx
15:49:02  INFO       [fixed_nano / moderate] 80/200  tier=NANO    latency=42.0 ms  R=0.647  target=0.50  dets=1  vru=False  backend=onnx
15:49:03  INFO       [fixed_nano / moderate] 100/200  tier=NANO    latency=51.8 ms  R=0.719  target=0.50  dets=9  vru=False  backend=onnx
15:49:04  INFO       [fixed_nano / moderate] 120/200  tier=NANO    latency=31.9 ms  R=0.682  target=0.50  dets=6  vru=False  backend=onnx
15:49:05  INFO       [fixed_nano / moderate] 140/200  tier=NANO    latency=32.3 ms  R=0.675  target=0.50  dets=6  vru=False  backend=onnx
15:49:06  INFO       [fixed_nano / moderate] 160/200  tier=NANO    latency=41.1 ms  R=0.669  target=0.50  dets=1  vru=False  backend=onnx
15:49:07  INFO       [fixed_nano / moderate] 180/200  tier=NANO    latency=39.3 ms  R=0.601  target=0.50  dets=2  vru=True  backend=onnx
15:49:08  INFO       [fixed_nano / moderate] 200/200  tier=NANO    latency=36.5 ms  R=0.593  target=0.50  dets=1  vru=True  backend=onnx
15:49:08  INFO     [RAMS] Controller stopped.
15:49:08  INFO     
--- Block 4/10  Policy: fixed_medium  Load: moderate (50%) ---
15:49:08  INFO     [RAMS] Starting resource monitor ...
15:49:08  INFO     [RAMS] Loading model tiers ...
15:49:08  INFO     [RAMS] YOLOv8-nano ready — ONNX (imgsz=320).
15:49:08  INFO     [RAMS] YOLOv8-small ready — ONNX (imgsz=416).
15:49:09  INFO     [RAMS] YOLOv8-medium ready — ONNX (imgsz=640).
15:49:09  INFO     [RAMS] Controller ready. Policy: fixed
15:49:10  INFO     [RAMS] Tier switch: SMALL → MEDIUM  (R=0.417)
15:49:26  INFO       [fixed_medium / moderate] 20/200  tier=MEDIUM  latency=757.2 ms  R=0.639  target=0.50  dets=2  vru=False  backend=onnx
15:49:41  INFO       [fixed_medium / moderate] 40/200  tier=MEDIUM  latency=829.7 ms  R=0.676  target=0.50  dets=4  vru=False  backend=onnx
15:49:57  INFO       [fixed_medium / moderate] 60/200  tier=MEDIUM  latency=790.1 ms  R=0.634  target=0.50  dets=6  vru=False  backend=onnx
15:50:13  INFO       [fixed_medium / moderate] 80/200  tier=MEDIUM  latency=722.1 ms  R=0.624  target=0.50  dets=4  vru=False  backend=onnx
15:50:28  INFO       [fixed_medium / moderate] 100/200  tier=MEDIUM  latency=930.0 ms  R=0.672  target=0.50  dets=17  vru=True  backend=onnx
15:50:44  INFO       [fixed_medium / moderate] 120/200  tier=MEDIUM  latency=715.9 ms  R=0.636  target=0.50  dets=8  vru=False  backend=onnx
15:50:59  INFO       [fixed_medium / moderate] 140/200  tier=MEDIUM  latency=722.0 ms  R=0.636  target=0.50  dets=10  vru=False  backend=onnx
15:51:15  INFO       [fixed_medium / moderate] 160/200  tier=MEDIUM  latency=802.4 ms  R=0.660  target=0.50  dets=3  vru=False  backend=onnx
15:51:31  INFO       [fixed_medium / moderate] 180/200  tier=MEDIUM  latency=814.5 ms  R=0.683  target=0.50  dets=16  vru=True  backend=onnx
15:51:47  INFO       [fixed_medium / moderate] 200/200  tier=MEDIUM  latency=769.6 ms  R=0.633  target=0.50  dets=9  vru=True  backend=onnx
15:51:47  INFO     [RAMS] Controller stopped.
15:51:47  INFO     
--- Block 4/10  Policy: fixed_small  Load: moderate (50%) ---
15:51:47  INFO     [RAMS] Starting resource monitor ...
15:51:47  INFO     [RAMS] Loading model tiers ...
15:51:47  INFO     [RAMS] YOLOv8-nano ready — ONNX (imgsz=320).
15:51:48  INFO     [RAMS] YOLOv8-small ready — ONNX (imgsz=416).
15:51:48  INFO     [RAMS] YOLOv8-medium ready — ONNX (imgsz=640).
15:51:48  INFO     [RAMS] Controller ready. Policy: fixed
15:51:53  INFO       [fixed_small / moderate] 20/200  tier=SMALL   latency=205.2 ms  R=0.683  target=0.50  dets=1  vru=False  backend=onnx
15:51:56  INFO       [fixed_small / moderate] 40/200  tier=SMALL   latency=133.5 ms  R=0.658  target=0.50  dets=2  vru=False  backend=onnx
15:51:59  INFO       [fixed_small / moderate] 60/200  tier=SMALL   latency=159.5 ms  R=0.631  target=0.50  dets=3  vru=False  backend=onnx
15:52:02  INFO       [fixed_small / moderate] 80/200  tier=SMALL   latency=130.9 ms  R=0.610  target=0.50  dets=1  vru=False  backend=onnx
15:52:05  INFO       [fixed_small / moderate] 100/200  tier=SMALL   latency=133.6 ms  R=0.612  target=0.50  dets=12  vru=False  backend=onnx
15:52:09  INFO       [fixed_small / moderate] 120/200  tier=SMALL   latency=149.4 ms  R=0.619  target=0.50  dets=6  vru=False  backend=onnx
15:52:12  INFO       [fixed_small / moderate] 140/200  tier=SMALL   latency=129.7 ms  R=0.610  target=0.50  dets=10  vru=False  backend=onnx
15:52:15  INFO       [fixed_small / moderate] 160/200  tier=SMALL   latency=136.8 ms  R=0.647  target=0.50  dets=2  vru=False  backend=onnx
15:52:19  INFO       [fixed_small / moderate] 180/200  tier=SMALL   latency=196.0 ms  R=0.678  target=0.50  dets=1  vru=True  backend=onnx
15:52:22  INFO       [fixed_small / moderate] 200/200  tier=SMALL   latency=128.4 ms  R=0.636  target=0.50  dets=1  vru=True  backend=onnx
15:52:22  INFO     [RAMS] Controller stopped.
15:52:22  INFO     
--- Block 4/10  Policy: safety2  Load: moderate (50%) ---
15:52:22  INFO     [RAMS] Starting resource monitor ...
15:52:22  INFO     [RAMS] Loading model tiers ...
15:52:22  INFO     [RAMS] YOLOv8-nano ready — ONNX (imgsz=320).
15:52:22  INFO     [RAMS] YOLOv8-small ready — ONNX (imgsz=416).
15:52:23  INFO     [RAMS] YOLOv8-medium ready — ONNX (imgsz=640).
15:52:23  INFO     [RAMS] Controller ready. Policy: safety2
15:52:25  INFO     [RAMS] Tier switch: SMALL → MEDIUM  (R=0.689)
15:52:26  INFO     [RAMS] Tier switch: MEDIUM → NANO  (R=0.623)
15:52:26  INFO     [RAMS] Tier switch: NANO → MEDIUM  (R=0.605)
15:52:28  INFO     [RAMS] Tier switch: MEDIUM → NANO  (R=0.624)
15:52:28  INFO     [RAMS] Tier switch: NANO → SMALL  (R=0.597)
15:52:29  INFO     [RAMS] Tier switch: SMALL → MEDIUM  (R=0.623)
15:52:31  INFO       [safety2 / moderate] 20/200  tier=MEDIUM  latency=712.0 ms  R=0.627  target=0.50  dets=2  vru=False  backend=onnx
15:52:31  INFO     [RAMS] Tier switch: MEDIUM → NANO  (R=0.695)
15:52:31  INFO     [RAMS] Tier switch: NANO → MEDIUM  (R=0.695)
15:52:33  INFO     [RAMS] Tier switch: MEDIUM → NANO  (R=0.626)
15:52:33  INFO     [RAMS] Tier switch: NANO → SMALL  (R=0.587)
15:52:34  INFO     [RAMS] Tier switch: SMALL → NANO  (R=0.618)
15:52:34  INFO     [RAMS] Tier switch: NANO → SMALL  (R=0.602)
15:52:35  INFO     [RAMS] Tier switch: SMALL → MEDIUM  (R=0.611)
15:52:36  INFO     [RAMS] Tier switch: MEDIUM → NANO  (R=0.668)
15:52:36  INFO       [safety2 / moderate] 40/200  tier=NANO    latency=36.4 ms  R=0.694  target=0.50  dets=1  vru=False  backend=onnx
15:52:36  INFO     [RAMS] Tier switch: NANO → SMALL  (R=0.649)
15:52:37  INFO     [RAMS] Tier switch: SMALL → MEDIUM  (R=0.659)
15:52:38  INFO     [RAMS] Tier switch: MEDIUM → NANO  (R=0.689)
15:52:39  INFO     [RAMS] Tier switch: NANO → MEDIUM  (R=0.652)
15:52:44  INFO     [RAMS] Tier switch: MEDIUM → NANO  (R=0.624)
15:52:44  INFO       [safety2 / moderate] 60/200  tier=NANO    latency=33.3 ms  R=0.604  target=0.50  dets=2  vru=False  backend=onnx
15:52:44  INFO     [RAMS] Tier switch: NANO → SMALL  (R=0.600)
15:52:45  INFO     [RAMS] Tier switch: SMALL → MEDIUM  (R=0.618)
15:52:47  INFO     [RAMS] Tier switch: MEDIUM → SMALL  (R=0.647)
15:52:47  INFO     [RAMS] Tier switch: SMALL → MEDIUM  (R=0.624)
15:52:48  INFO     [RAMS] Tier switch: MEDIUM → NANO  (R=0.634)
15:52:48  INFO     [RAMS] Tier switch: NANO → MEDIUM  (R=0.608)
15:52:50  INFO       [safety2 / moderate] 80/200  tier=MEDIUM  latency=752.7 ms  R=0.652  target=0.50  dets=4  vru=False  backend=onnx
15:52:51  INFO     [RAMS] Tier switch: MEDIUM → SMALL  (R=0.623)
15:52:52  INFO     [RAMS] Tier switch: SMALL → NANO  (R=0.659)
15:52:52  INFO     [RAMS] Tier switch: NANO → MEDIUM  (R=0.633)
15:52:54  INFO     [RAMS] Tier switch: MEDIUM → NANO  (R=0.636)
15:52:54  INFO     [RAMS] Tier switch: NANO → SMALL  (R=0.636)
15:52:55  INFO     [RAMS] Tier switch: SMALL → MEDIUM  (R=0.612)
15:52:55  INFO     [RAMS] Tier switch: MEDIUM → NANO  (R=0.626)
15:52:56  INFO       [safety2 / moderate] 100/200  tier=NANO    latency=33.3 ms  R=0.626  target=0.50  dets=9  vru=False  backend=onnx
15:52:56  INFO     [RAMS] Tier switch: NANO → SMALL  (R=0.605)
15:52:56  INFO     [RAMS] Tier switch: SMALL → MEDIUM  (R=0.611)
15:52:58  INFO     [RAMS] Tier switch: MEDIUM → SMALL  (R=0.647)
15:52:59  INFO     [RAMS] Tier switch: SMALL → NANO  (R=0.730)
15:52:59  INFO     [RAMS] Tier switch: NANO → SMALL  (R=0.667)
15:53:00  INFO       [safety2 / moderate] 120/200  tier=SMALL   latency=220.9 ms  R=0.647  target=0.50  dets=6  vru=False  backend=onnx
15:53:01  INFO     [RAMS] Tier switch: SMALL → NANO  (R=0.662)
15:53:01  INFO     [RAMS] Tier switch: NANO → SMALL  (R=0.647)
15:53:02  INFO     [RAMS] Tier switch: SMALL → NANO  (R=0.665)
15:53:02  INFO     [RAMS] Tier switch: NANO → SMALL  (R=0.648)
15:53:03  INFO     [RAMS] Tier switch: SMALL → MEDIUM  (R=0.665)
15:53:04  INFO       [safety2 / moderate] 140/200  tier=MEDIUM  latency=889.4 ms  R=0.665  target=0.50  dets=10  vru=False  backend=onnx
15:53:04  INFO     [RAMS] Tier switch: MEDIUM → NANO  (R=0.660)
15:53:04  INFO     [RAMS] Tier switch: NANO → MEDIUM  (R=0.648)
15:53:06  INFO     [RAMS] Tier switch: MEDIUM → SMALL  (R=0.688)
15:53:06  INFO     [RAMS] Tier switch: SMALL → MEDIUM  (R=0.620)
15:53:10  INFO     [RAMS] Tier switch: MEDIUM → NANO  (R=0.631)
15:53:10  INFO     [RAMS] Tier switch: NANO → SMALL  (R=0.603)
15:53:11  INFO       [safety2 / moderate] 160/200  tier=SMALL   latency=135.7 ms  R=0.612  target=0.50  dets=2  vru=False  backend=onnx
15:53:11  INFO     [RAMS] Tier switch: SMALL → NANO  (R=0.618)
15:53:11  INFO     [RAMS] Tier switch: NANO → SMALL  (R=0.647)
15:53:12  INFO     [RAMS] Tier switch: SMALL → NANO  (R=0.634)
15:53:12  INFO     [RAMS] Tier switch: NANO → SMALL  (R=0.597)
15:53:13  INFO       [safety2 / moderate] 180/200  tier=SMALL   latency=137.6 ms  R=0.612  target=0.50  dets=1  vru=True  backend=onnx
15:53:14  INFO     [RAMS] Tier switch: SMALL → MEDIUM  (R=0.611)
15:53:17  INFO     [RAMS] Tier switch: MEDIUM → SMALL  (R=0.617)
15:53:17  INFO     [RAMS] Tier switch: SMALL → MEDIUM  (R=0.629)
15:53:19  INFO       [safety2 / moderate] 200/200  tier=MEDIUM  latency=718.5 ms  R=0.671  target=0.50  dets=9  vru=True  backend=onnx
15:53:19  INFO     [RAMS] Controller stopped.
15:53:19  INFO     
--- Block 4/10  Policy: safety  Load: moderate (50%) ---
15:53:19  INFO     [RAMS] Starting resource monitor ...
15:53:19  INFO     [RAMS] Loading model tiers ...
15:53:19  INFO     [RAMS] YOLOv8-nano ready — ONNX (imgsz=320).
15:53:19  INFO     [RAMS] YOLOv8-small ready — ONNX (imgsz=416).
15:53:20  INFO     [RAMS] YOLOv8-medium ready — ONNX (imgsz=640).
15:53:20  INFO     [RAMS] Controller ready. Policy: safety
15:53:25  INFO       [safety / moderate] 20/200  tier=SMALL   latency=131.8 ms  R=0.671  target=0.50  dets=1  vru=False  backend=onnx
15:53:26  INFO     [RAMS] Tier switch: SMALL → NANO  (R=0.654)
15:53:26  INFO     [RAMS] Tier switch: NANO → SMALL  (R=0.622)
15:53:27  INFO     [RAMS] Tier switch: SMALL → NANO  (R=0.636)
15:53:27  INFO     [RAMS] Tier switch: NANO → SMALL  (R=0.668)
15:53:28  INFO       [safety / moderate] 40/200  tier=SMALL   latency=136.1 ms  R=0.613  target=0.50  dets=2  vru=False  backend=onnx
15:53:29  INFO     [RAMS] Tier switch: SMALL → NANO  (R=0.624)
15:53:29  INFO     [RAMS] Tier switch: NANO → SMALL  (R=0.636)
15:53:31  INFO       [safety / moderate] 60/200  tier=SMALL   latency=129.3 ms  R=0.614  target=0.50  dets=3  vru=False  backend=onnx
15:53:34  INFO       [safety / moderate] 80/200  tier=SMALL   latency=134.9 ms  R=0.629  target=0.50  dets=1  vru=False  backend=onnx
15:53:35  INFO     [RAMS] Tier switch: SMALL → NANO  (R=0.612)
15:53:35  INFO     [RAMS] Tier switch: NANO → SMALL  (R=0.612)
15:53:37  INFO       [safety / moderate] 100/200  tier=SMALL   latency=130.0 ms  R=0.608  target=0.50  dets=12  vru=False  backend=onnx
15:53:37  INFO     [RAMS] Tier switch: SMALL → NANO  (R=0.608)
15:53:37  INFO     [RAMS] Tier switch: NANO → SMALL  (R=0.647)
15:53:38  INFO     [RAMS] Tier switch: SMALL → NANO  (R=0.647)
15:53:38  INFO     [RAMS] Tier switch: NANO → SMALL  (R=0.612)
15:53:39  INFO       [safety / moderate] 120/200  tier=SMALL   latency=129.4 ms  R=0.617  target=0.50  dets=6  vru=False  backend=onnx
15:53:40  INFO     [RAMS] Tier switch: SMALL → NANO  (R=0.675)
15:53:40  INFO     [RAMS] Tier switch: NANO → SMALL  (R=0.607)
15:53:41  INFO     [RAMS] Tier switch: SMALL → NANO  (R=0.631)
15:53:41  INFO     [RAMS] Tier switch: NANO → SMALL  (R=0.614)
15:53:41  INFO       [safety / moderate] 140/200  tier=SMALL   latency=180.2 ms  R=0.631  target=0.50  dets=10  vru=False  backend=onnx
15:53:43  INFO     [RAMS] Tier switch: SMALL → NANO  (R=0.667)
15:53:44  INFO       [safety / moderate] 160/200  tier=NANO    latency=38.0 ms  R=0.668  target=0.50  dets=1  vru=False  backend=onnx
15:53:44  INFO     [RAMS] Tier switch: NANO → SMALL  (R=0.665)
15:53:45  INFO     [RAMS] Tier switch: SMALL → NANO  (R=0.670)
15:53:46  INFO     [RAMS] Tier switch: NANO → SMALL  (R=0.655)
15:53:46  INFO       [safety / moderate] 180/200  tier=SMALL   latency=143.9 ms  R=0.665  target=0.50  dets=1  vru=True  backend=onnx
15:53:48  INFO     [RAMS] Tier switch: SMALL → NANO  (R=0.617)
15:53:49  INFO     [RAMS] Tier switch: NANO → SMALL  (R=0.581)
15:53:49  INFO       [safety / moderate] 200/200  tier=SMALL   latency=171.6 ms  R=0.581  target=0.50  dets=1  vru=True  backend=onnx
15:53:49  INFO     [RAMS] Controller stopped.
15:53:49  INFO     
--- Block 4/10  Policy: threshold  Load: moderate (50%) ---
15:53:49  INFO     [RAMS] Starting resource monitor ...
15:53:49  INFO     [RAMS] Loading model tiers ...
15:53:49  INFO     [RAMS] YOLOv8-nano ready — ONNX (imgsz=320).
15:53:49  INFO     [RAMS] YOLOv8-small ready — ONNX (imgsz=416).
15:53:50  INFO     [RAMS] YOLOv8-medium ready — ONNX (imgsz=640).
15:53:50  INFO     [RAMS] Controller ready. Policy: threshold
15:53:52  INFO     [RAMS] Tier switch: SMALL → NANO  (R=0.615)
15:53:52  INFO     [RAMS] Tier switch: NANO → SMALL  (R=0.602)
15:53:53  INFO     [RAMS] Tier switch: SMALL → NANO  (R=0.617)
15:53:53  INFO       [threshold / moderate] 20/200  tier=NANO    latency=35.2 ms  R=0.605  target=0.50  dets=0  vru=False  backend=onnx
15:53:54  INFO     [RAMS] Tier switch: NANO → SMALL  (R=0.603)
15:53:54  INFO       [threshold / moderate] 40/200  tier=SMALL   latency=129.9 ms  R=0.655  target=0.50  dets=2  vru=False  backend=onnx
15:53:54  INFO     [RAMS] Tier switch: SMALL → NANO  (R=0.635)
15:53:55  INFO     [RAMS] Tier switch: NANO → SMALL  (R=0.598)
15:53:55  INFO     [RAMS] Tier switch: SMALL → NANO  (R=0.633)
15:53:55  INFO     [RAMS] Tier switch: NANO → SMALL  (R=0.584)
15:53:56  INFO       [threshold / moderate] 60/200  tier=SMALL   latency=131.4 ms  R=0.584  target=0.50  dets=3  vru=False  backend=onnx
15:53:56  INFO     [RAMS] Tier switch: SMALL → NANO  (R=0.629)
15:53:56  INFO     [RAMS] Tier switch: NANO → SMALL  (R=0.598)
15:53:57  INFO     [RAMS] Tier switch: SMALL → NANO  (R=0.659)
15:53:57  INFO       [threshold / moderate] 80/200  tier=NANO    latency=38.9 ms  R=0.587  target=0.50  dets=1  vru=False  backend=onnx
15:53:57  INFO     [RAMS] Tier switch: NANO → SMALL  (R=0.594)
15:53:58  INFO     [RAMS] Tier switch: SMALL → NANO  (R=0.613)
15:53:59  INFO     [RAMS] Tier switch: NANO → SMALL  (R=0.603)
15:53:59  INFO       [threshold / moderate] 100/200  tier=SMALL   latency=134.1 ms  R=0.603  target=0.50  dets=12  vru=False  backend=onnx
15:53:59  INFO     [RAMS] Tier switch: SMALL → NANO  (R=0.659)
15:53:59  INFO     [RAMS] Tier switch: NANO → SMALL  (R=0.600)
15:54:00  INFO     [RAMS] Tier switch: SMALL → NANO  (R=0.622)
15:54:00  INFO     [RAMS] Tier switch: NANO → SMALL  (R=0.605)
15:54:01  INFO       [threshold / moderate] 120/200  tier=SMALL   latency=135.6 ms  R=0.617  target=0.50  dets=6  vru=False  backend=onnx
15:54:01  INFO     [RAMS] Tier switch: SMALL → NANO  (R=0.606)
15:54:01  INFO     [RAMS] Tier switch: NANO → SMALL  (R=0.601)
15:54:02  INFO     [RAMS] Tier switch: SMALL → NANO  (R=0.612)
15:54:02  INFO       [threshold / moderate] 140/200  tier=NANO    latency=32.4 ms  R=0.617  target=0.50  dets=6  vru=False  backend=onnx
15:54:03  INFO       [threshold / moderate] 160/200  tier=NANO    latency=42.9 ms  R=0.653  target=0.50  dets=1  vru=False  backend=onnx
15:54:04  INFO       [threshold / moderate] 180/200  tier=NANO    latency=48.8 ms  R=0.676  target=0.50  dets=2  vru=True  backend=onnx
15:54:05  INFO       [threshold / moderate] 200/200  tier=NANO    latency=38.4 ms  R=0.670  target=0.50  dets=1  vru=True  backend=onnx
15:54:05  INFO     [RAMS] Controller stopped.
15:54:05  INFO     
--- Block 5/10  Policy: safety  Load: moderate (50%) ---
15:54:05  INFO     [RAMS] Starting resource monitor ...
15:54:05  INFO     [RAMS] Loading model tiers ...
15:54:06  INFO     [RAMS] YOLOv8-nano ready — ONNX (imgsz=320).
15:54:06  INFO     [RAMS] YOLOv8-small ready — ONNX (imgsz=416).
15:54:07  INFO     [RAMS] YOLOv8-medium ready — ONNX (imgsz=640).
15:54:07  INFO     [RAMS] Controller ready. Policy: safety
15:54:08  INFO     [RAMS] Tier switch: SMALL → NANO  (R=0.683)
15:54:08  INFO     [RAMS] Tier switch: NANO → SMALL  (R=0.657)
15:54:09  INFO     [RAMS] Tier switch: SMALL → NANO  (R=0.690)
15:54:10  INFO     [RAMS] Tier switch: NANO → SMALL  (R=0.607)
15:54:10  INFO       [safety / moderate] 20/200  tier=SMALL   latency=135.8 ms  R=0.607  target=0.50  dets=11  vru=True  backend=onnx
15:54:12  INFO     [RAMS] Tier switch: SMALL → NANO  (R=0.631)
15:54:12  INFO     [RAMS] Tier switch: NANO → SMALL  (R=0.631)
15:54:13  INFO       [safety / moderate] 40/200  tier=SMALL   latency=130.9 ms  R=0.620  target=0.50  dets=15  vru=False  backend=onnx
15:54:15  INFO     [RAMS] Tier switch: SMALL → NANO  (R=0.624)
15:54:15  INFO       [safety / moderate] 60/200  tier=NANO    latency=33.4 ms  R=0.588  target=0.50  dets=2  vru=False  backend=onnx
15:54:15  INFO     [RAMS] Tier switch: NANO → SMALL  (R=0.601)
15:54:18  INFO     [RAMS] Tier switch: SMALL → NANO  (R=0.633)
15:54:18  INFO       [safety / moderate] 80/200  tier=NANO    latency=37.9 ms  R=0.633  target=0.50  dets=6  vru=False  backend=onnx
15:54:19  INFO     [RAMS] Tier switch: NANO → SMALL  (R=0.605)
15:54:21  INFO       [safety / moderate] 100/200  tier=SMALL   latency=143.4 ms  R=0.629  target=0.50  dets=10  vru=False  backend=onnx
15:54:21  INFO     [RAMS] Tier switch: SMALL → NANO  (R=0.613)
15:54:21  INFO     [RAMS] Tier switch: NANO → SMALL  (R=0.613)
15:54:24  INFO       [safety / moderate] 120/200  tier=SMALL   latency=155.0 ms  R=0.624  target=0.50  dets=4  vru=False  backend=onnx
15:54:25  INFO     [RAMS] Tier switch: SMALL → NANO  (R=0.693)
15:54:25  INFO     [RAMS] Tier switch: NANO → SMALL  (R=0.661)
15:54:27  INFO       [safety / moderate] 140/200  tier=SMALL   latency=173.6 ms  R=0.730  target=0.50  dets=9  vru=True  backend=onnx
15:54:29  INFO     [RAMS] Tier switch: SMALL → NANO  (R=0.731)
15:54:29  INFO     [RAMS] Tier switch: NANO → SMALL  (R=0.731)
15:54:30  INFO     [RAMS] Tier switch: SMALL → NANO  (R=0.667)
15:54:30  INFO       [safety / moderate] 160/200  tier=NANO    latency=36.0 ms  R=0.642  target=0.50  dets=0  vru=False  backend=onnx
15:54:30  INFO     [RAMS] Tier switch: NANO → SMALL  (R=0.652)
15:54:30  INFO     [RAMS] Tier switch: SMALL → NANO  (R=0.663)
15:54:31  INFO     [RAMS] Tier switch: NANO → SMALL  (R=0.671)
15:54:32  INFO     [RAMS] Tier switch: SMALL → NANO  (R=0.617)
15:54:32  INFO       [safety / moderate] 180/200  tier=NANO    latency=39.3 ms  R=0.626  target=0.50  dets=1  vru=False  backend=onnx
15:54:32  INFO     [RAMS] Tier switch: NANO → SMALL  (R=0.605)
15:54:34  INFO     [RAMS] Tier switch: SMALL → NANO  (R=0.629)
15:54:34  INFO     [RAMS] Tier switch: NANO → SMALL  (R=0.593)
15:54:35  INFO       [safety / moderate] 200/200  tier=SMALL   latency=151.0 ms  R=0.612  target=0.50  dets=1  vru=False  backend=onnx
15:54:35  INFO     [RAMS] Controller stopped.
15:54:35  INFO     
--- Block 5/10  Policy: fixed_nano  Load: moderate (50%) ---
15:54:35  INFO     [RAMS] Starting resource monitor ...
15:54:35  INFO     [RAMS] Loading model tiers ...
15:54:35  INFO     [RAMS] YOLOv8-nano ready — ONNX (imgsz=320).
15:54:35  INFO     [RAMS] YOLOv8-small ready — ONNX (imgsz=416).
15:54:36  INFO     [RAMS] YOLOv8-medium ready — ONNX (imgsz=640).
15:54:36  INFO     [RAMS] Controller ready. Policy: fixed
15:54:37  INFO     [RAMS] Tier switch: SMALL → NANO  (R=0.490)
15:54:38  INFO       [fixed_nano / moderate] 20/200  tier=NANO    latency=55.1 ms  R=0.589  target=0.50  dets=7  vru=False  backend=onnx
15:54:39  INFO       [fixed_nano / moderate] 40/200  tier=NANO    latency=41.4 ms  R=0.658  target=0.50  dets=10  vru=False  backend=onnx
15:54:40  INFO       [fixed_nano / moderate] 60/200  tier=NANO    latency=40.8 ms  R=0.663  target=0.50  dets=2  vru=False  backend=onnx
15:54:41  INFO       [fixed_nano / moderate] 80/200  tier=NANO    latency=38.8 ms  R=0.586  target=0.50  dets=6  vru=False  backend=onnx
15:54:42  INFO       [fixed_nano / moderate] 100/200  tier=NANO    latency=32.1 ms  R=0.597  target=0.50  dets=2  vru=False  backend=onnx
15:54:43  INFO       [fixed_nano / moderate] 120/200  tier=NANO    latency=34.8 ms  R=0.606  target=0.50  dets=2  vru=False  backend=onnx
15:54:44  INFO       [fixed_nano / moderate] 140/200  tier=NANO    latency=35.7 ms  R=0.601  target=0.50  dets=1  vru=False  backend=onnx
15:54:45  INFO       [fixed_nano / moderate] 160/200  tier=NANO    latency=48.0 ms  R=0.588  target=0.50  dets=0  vru=False  backend=onnx
15:54:46  INFO       [fixed_nano / moderate] 180/200  tier=NANO    latency=34.0 ms  R=0.606  target=0.50  dets=1  vru=False  backend=onnx
15:54:47  INFO       [fixed_nano / moderate] 200/200  tier=NANO    latency=38.3 ms  R=0.654  target=0.50  dets=1  vru=False  backend=onnx
15:54:47  INFO     [RAMS] Controller stopped.
15:54:47  INFO     
--- Block 5/10  Policy: fixed_medium  Load: moderate (50%) ---
15:54:47  INFO     [RAMS] Starting resource monitor ...
15:54:47  INFO     [RAMS] Loading model tiers ...
15:54:47  INFO     [RAMS] YOLOv8-nano ready — ONNX (imgsz=320).
15:54:47  INFO     [RAMS] YOLOv8-small ready — ONNX (imgsz=416).
15:54:48  INFO     [RAMS] YOLOv8-medium ready — ONNX (imgsz=640).
15:54:48  INFO     [RAMS] Controller ready. Policy: fixed
15:54:49  INFO     [RAMS] Tier switch: SMALL → MEDIUM  (R=0.493)
15:55:05  INFO       [fixed_medium / moderate] 20/200  tier=MEDIUM  latency=730.9 ms  R=0.617  target=0.50  dets=17  vru=True  backend=onnx
15:55:21  INFO       [fixed_medium / moderate] 40/200  tier=MEDIUM  latency=741.1 ms  R=0.633  target=0.50  dets=16  vru=False  backend=onnx
15:55:37  INFO       [fixed_medium / moderate] 60/200  tier=MEDIUM  latency=921.6 ms  R=0.685  target=0.50  dets=3  vru=True  backend=onnx
15:55:52  INFO       [fixed_medium / moderate] 80/200  tier=MEDIUM  latency=726.7 ms  R=0.624  target=0.50  dets=11  vru=False  backend=onnx
15:56:08  INFO       [fixed_medium / moderate] 100/200  tier=MEDIUM  latency=737.1 ms  R=0.623  target=0.50  dets=10  vru=True  backend=onnx
15:56:23  INFO       [fixed_medium / moderate] 120/200  tier=MEDIUM  latency=741.4 ms  R=0.614  target=0.50  dets=5  vru=False  backend=onnx
15:56:39  INFO       [fixed_medium / moderate] 140/200  tier=MEDIUM  latency=843.7 ms  R=0.667  target=0.50  dets=19  vru=True  backend=onnx
15:56:54  INFO       [fixed_medium / moderate] 160/200  tier=MEDIUM  latency=726.1 ms  R=0.629  target=0.50  dets=2  vru=False  backend=onnx
15:57:10  INFO       [fixed_medium / moderate] 180/200  tier=MEDIUM  latency=742.5 ms  R=0.637  target=0.50  dets=3  vru=False  backend=onnx
15:57:26  INFO       [fixed_medium / moderate] 200/200  tier=MEDIUM  latency=790.5 ms  R=0.666  target=0.50  dets=4  vru=False  backend=onnx
15:57:26  INFO     [RAMS] Controller stopped.
15:57:26  INFO     
--- Block 5/10  Policy: adaptive  Load: moderate (50%) ---
15:57:26  INFO     [RAMS] Starting resource monitor ...
15:57:26  INFO     [RAMS] Loading model tiers ...
15:57:26  INFO     [RAMS] YOLOv8-nano ready — ONNX (imgsz=320).
15:57:27  INFO     [RAMS] YOLOv8-small ready — ONNX (imgsz=416).
15:57:27  INFO     [RAMS] YOLOv8-medium ready — ONNX (imgsz=640).
15:57:27  INFO     [RAMS] Controller ready. Policy: adaptive
15:57:30  INFO     [RAMS] Tier switch: SMALL → NANO  (R=0.620)
15:57:30  INFO     [RAMS] Tier switch: NANO → SMALL  (R=0.598)
15:57:30  INFO     [RAMS] Tier switch: SMALL → NANO  (R=0.624)
15:57:31  INFO       [adaptive / moderate] 20/200  tier=NANO    latency=32.4 ms  R=0.597  target=0.50  dets=7  vru=False  backend=onnx
15:57:31  INFO     [RAMS] Tier switch: NANO → SMALL  (R=0.596)
15:57:31  INFO     [RAMS] Tier switch: SMALL → NANO  (R=0.651)
15:57:32  INFO       [adaptive / moderate] 40/200  tier=NANO    latency=43.2 ms  R=0.606  target=0.50  dets=10  vru=False  backend=onnx
15:57:32  INFO     [RAMS] Tier switch: NANO → SMALL  (R=0.598)
15:57:32  INFO     [RAMS] Tier switch: SMALL → NANO  (R=0.617)
15:57:32  INFO     [RAMS] Tier switch: NANO → SMALL  (R=0.588)
15:57:32  INFO     [RAMS] Tier switch: SMALL → NANO  (R=0.654)
15:57:33  INFO     [RAMS] Tier switch: NANO → SMALL  (R=0.589)
15:57:33  INFO     [RAMS] Tier switch: SMALL → NANO  (R=0.615)
15:57:33  INFO       [adaptive / moderate] 60/200  tier=NANO    latency=31.8 ms  R=0.605  target=0.50  dets=2  vru=False  backend=onnx
15:57:34  INFO     [RAMS] Tier switch: NANO → SMALL  (R=0.600)
15:57:34  INFO     [RAMS] Tier switch: SMALL → NANO  (R=0.619)
15:57:34  INFO       [adaptive / moderate] 80/200  tier=NANO    latency=42.0 ms  R=0.597  target=0.50  dets=6  vru=False  backend=onnx
15:57:35  INFO     [RAMS] Tier switch: NANO → SMALL  (R=0.598)
15:57:35  INFO     [RAMS] Tier switch: SMALL → NANO  (R=0.629)
15:57:35  INFO       [adaptive / moderate] 100/200  tier=NANO    latency=33.3 ms  R=0.654  target=0.50  dets=2  vru=False  backend=onnx
15:57:36  INFO     [RAMS] Tier switch: NANO → SMALL  (R=0.605)
15:57:36  INFO     [RAMS] Tier switch: SMALL → NANO  (R=0.612)
15:57:36  INFO       [adaptive / moderate] 120/200  tier=NANO    latency=40.8 ms  R=0.609  target=0.50  dets=2  vru=False  backend=onnx
15:57:37  INFO     [RAMS] Tier switch: NANO → SMALL  (R=0.597)
15:57:37  INFO     [RAMS] Tier switch: SMALL → NANO  (R=0.661)
15:57:38  INFO       [adaptive / moderate] 140/200  tier=NANO    latency=32.5 ms  R=0.593  target=0.50  dets=1  vru=False  backend=onnx
15:57:38  INFO     [RAMS] Tier switch: NANO → SMALL  (R=0.600)
15:57:38  INFO     [RAMS] Tier switch: SMALL → NANO  (R=0.617)
15:57:38  INFO     [RAMS] Tier switch: NANO → SMALL  (R=0.603)
15:57:38  INFO     [RAMS] Tier switch: SMALL → NANO  (R=0.658)
15:57:39  INFO     [RAMS] Tier switch: NANO → SMALL  (R=0.594)
15:57:39  INFO     [RAMS] Tier switch: SMALL → NANO  (R=0.608)
15:57:39  INFO     [RAMS] Tier switch: NANO → SMALL  (R=0.603)
15:57:39  INFO       [adaptive / moderate] 160/200  tier=SMALL   latency=131.5 ms  R=0.603  target=0.50  dets=1  vru=False  backend=onnx
15:57:39  INFO     [RAMS] Tier switch: SMALL → NANO  (R=0.617)
15:57:40  INFO       [adaptive / moderate] 180/200  tier=NANO    latency=31.6 ms  R=0.606  target=0.50  dets=1  vru=False  backend=onnx
15:57:41  INFO     [RAMS] Tier switch: NANO → SMALL  (R=0.593)
15:57:41  INFO     [RAMS] Tier switch: SMALL → NANO  (R=0.627)
15:57:41  INFO       [adaptive / moderate] 200/200  tier=NANO    latency=42.2 ms  R=0.627  target=0.50  dets=1  vru=False  backend=onnx
15:57:41  INFO     [RAMS] Controller stopped.
15:57:41  INFO     
--- Block 5/10  Policy: predictive  Load: moderate (50%) ---
15:57:41  INFO     [RAMS] Starting resource monitor ...
15:57:41  INFO     [RAMS] Loading model tiers ...
15:57:42  INFO     [RAMS] YOLOv8-nano ready — ONNX (imgsz=320).
15:57:42  INFO     [RAMS] YOLOv8-small ready — ONNX (imgsz=416).
15:57:43  INFO     [RAMS] YOLOv8-medium ready — ONNX (imgsz=640).
15:57:43  INFO     [RAMS] Controller ready. Policy: predictive
15:57:44  INFO     [RAMS] Tier switch: SMALL → NANO  (R=0.654)
15:57:45  INFO       [predictive / moderate] 20/200  tier=NANO    latency=44.7 ms  R=0.658  target=0.50  dets=7  vru=False  backend=onnx
15:57:46  INFO       [predictive / moderate] 40/200  tier=NANO    latency=35.7 ms  R=0.635  target=0.50  dets=10  vru=False  backend=onnx
15:57:47  INFO       [predictive / moderate] 60/200  tier=NANO    latency=52.8 ms  R=0.672  target=0.50  dets=2  vru=False  backend=onnx
15:57:48  INFO       [predictive / moderate] 80/200  tier=NANO    latency=46.8 ms  R=0.678  target=0.50  dets=6  vru=False  backend=onnx
15:57:49  INFO     [RAMS] Tier switch: NANO → SMALL  (R=0.597)
15:57:49  INFO     [RAMS] Tier switch: SMALL → NANO  (R=0.624)
15:57:49  INFO     [RAMS] Tier switch: NANO → SMALL  (R=0.575)
15:57:49  INFO     [RAMS] Tier switch: SMALL → NANO  (R=0.659)
15:57:49  INFO       [predictive / moderate] 100/200  tier=NANO    latency=33.6 ms  R=0.597  target=0.50  dets=2  vru=False  backend=onnx
15:57:50  INFO     [RAMS] Tier switch: NANO → SMALL  (R=0.596)
15:57:50  INFO     [RAMS] Tier switch: SMALL → NANO  (R=0.636)
15:57:50  INFO     [RAMS] Tier switch: NANO → SMALL  (R=0.582)
15:57:50  INFO     [RAMS] Tier switch: SMALL → NANO  (R=0.644)
15:57:51  INFO     [RAMS] Tier switch: NANO → SMALL  (R=0.597)
15:57:51  INFO     [RAMS] Tier switch: SMALL → NANO  (R=0.636)
15:57:51  INFO       [predictive / moderate] 120/200  tier=NANO    latency=33.8 ms  R=0.600  target=0.50  dets=2  vru=False  backend=onnx
15:57:52  INFO     [RAMS] Tier switch: NANO → SMALL  (R=0.603)
15:57:52  INFO     [RAMS] Tier switch: SMALL → NANO  (R=0.614)
15:57:52  INFO     [RAMS] Tier switch: NANO → SMALL  (R=0.593)
15:57:52  INFO       [predictive / moderate] 140/200  tier=SMALL   latency=135.2 ms  R=0.593  target=0.50  dets=9  vru=True  backend=onnx
15:57:52  INFO     [RAMS] Tier switch: SMALL → NANO  (R=0.671)
15:57:53  INFO     [RAMS] Tier switch: NANO → SMALL  (R=0.603)
15:57:53  INFO     [RAMS] Tier switch: SMALL → NANO  (R=0.622)
15:57:53  INFO       [predictive / moderate] 160/200  tier=NANO    latency=36.0 ms  R=0.622  target=0.50  dets=0  vru=False  backend=onnx
15:57:54  INFO     [RAMS] Tier switch: NANO → SMALL  (R=0.598)
15:57:54  INFO     [RAMS] Tier switch: SMALL → NANO  (R=0.629)
15:57:54  INFO     [RAMS] Tier switch: NANO → SMALL  (R=0.601)
15:57:54  INFO     [RAMS] Tier switch: SMALL → NANO  (R=0.608)
15:57:55  INFO       [predictive / moderate] 180/200  tier=NANO    latency=34.9 ms  R=0.606  target=0.50  dets=1  vru=False  backend=onnx
15:57:55  INFO     [RAMS] Tier switch: NANO → SMALL  (R=0.601)
15:57:55  INFO     [RAMS] Tier switch: SMALL → NANO  (R=0.615)
15:57:55  INFO     [RAMS] Tier switch: NANO → SMALL  (R=0.597)
15:57:55  INFO     [RAMS] Tier switch: SMALL → NANO  (R=0.636)
15:57:56  INFO     [RAMS] Tier switch: NANO → SMALL  (R=0.601)
15:57:56  INFO     [RAMS] Tier switch: SMALL → NANO  (R=0.629)
15:57:56  INFO       [predictive / moderate] 200/200  tier=NANO    latency=31.7 ms  R=0.612  target=0.50  dets=1  vru=False  backend=onnx
15:57:56  INFO     [RAMS] Controller stopped.
15:57:56  INFO     
--- Block 5/10  Policy: safety2  Load: moderate (50%) ---
15:57:56  INFO     [RAMS] Starting resource monitor ...
15:57:56  INFO     [RAMS] Loading model tiers ...
15:57:56  INFO     [RAMS] YOLOv8-nano ready — ONNX (imgsz=320).
15:57:57  INFO     [RAMS] YOLOv8-small ready — ONNX (imgsz=416).
15:57:57  INFO     [RAMS] YOLOv8-medium ready — ONNX (imgsz=640).
15:57:57  INFO     [RAMS] Controller ready. Policy: safety2
15:57:59  INFO     [RAMS] Tier switch: SMALL → MEDIUM  (R=0.684)
15:58:00  INFO     [RAMS] Tier switch: MEDIUM → NANO  (R=0.624)
15:58:00  INFO     [RAMS] Tier switch: NANO → MEDIUM  (R=0.624)
15:58:03  INFO     [RAMS] Tier switch: MEDIUM → NANO  (R=0.634)
15:58:03  INFO     [RAMS] Tier switch: NANO → SMALL  (R=0.602)
15:58:03  INFO       [safety2 / moderate] 20/200  tier=SMALL   latency=132.4 ms  R=0.641  target=0.50  dets=11  vru=True  backend=onnx
15:58:04  INFO     [RAMS] Tier switch: SMALL → MEDIUM  (R=0.658)
15:58:06  INFO     [RAMS] Tier switch: MEDIUM → SMALL  (R=0.667)
15:58:07  INFO     [RAMS] Tier switch: SMALL → MEDIUM  (R=0.674)
15:58:08  INFO     [RAMS] Tier switch: MEDIUM → NANO  (R=0.656)
15:58:08  INFO     [RAMS] Tier switch: NANO → MEDIUM  (R=0.655)
15:58:11  INFO     [RAMS] Tier switch: MEDIUM → NANO  (R=0.629)
15:58:11  INFO     [RAMS] Tier switch: NANO → SMALL  (R=0.604)
15:58:11  INFO       [safety2 / moderate] 40/200  tier=SMALL   latency=145.0 ms  R=0.604  target=0.50  dets=15  vru=False  backend=onnx
15:58:11  INFO     [RAMS] Tier switch: SMALL → MEDIUM  (R=0.629)
15:58:12  INFO     [RAMS] Tier switch: MEDIUM → SMALL  (R=0.623)
15:58:13  INFO     [RAMS] Tier switch: SMALL → MEDIUM  (R=0.617)
15:58:14  INFO     [RAMS] Tier switch: MEDIUM → NANO  (R=0.618)
15:58:14  INFO     [RAMS] Tier switch: NANO → SMALL  (R=0.603)
15:58:15  INFO     [RAMS] Tier switch: SMALL → NANO  (R=0.612)
15:58:15  INFO       [safety2 / moderate] 60/200  tier=NANO    latency=38.6 ms  R=0.612  target=0.50  dets=2  vru=False  backend=onnx
15:58:15  INFO     [RAMS] Tier switch: NANO → SMALL  (R=0.602)
15:58:15  INFO     [RAMS] Tier switch: SMALL → MEDIUM  (R=0.614)
15:58:17  INFO     [RAMS] Tier switch: MEDIUM → NANO  (R=0.629)
15:58:17  INFO     [RAMS] Tier switch: NANO → MEDIUM  (R=0.609)
15:58:19  INFO     [RAMS] Tier switch: MEDIUM → NANO  (R=0.629)
15:58:19  INFO     [RAMS] Tier switch: NANO → SMALL  (R=0.667)
15:58:20  INFO       [safety2 / moderate] 80/200  tier=SMALL   latency=130.2 ms  R=0.614  target=0.50  dets=10  vru=False  backend=onnx
15:58:20  INFO     [RAMS] Tier switch: SMALL → NANO  (R=0.629)
15:58:20  INFO     [RAMS] Tier switch: NANO → SMALL  (R=0.595)
15:58:20  INFO     [RAMS] Tier switch: SMALL → MEDIUM  (R=0.617)
15:58:23  INFO     [RAMS] Tier switch: MEDIUM → NANO  (R=0.629)
15:58:23  INFO     [RAMS] Tier switch: NANO → SMALL  (R=0.599)
15:58:24  INFO       [safety2 / moderate] 100/200  tier=SMALL   latency=148.8 ms  R=0.602  target=0.50  dets=10  vru=False  backend=onnx
15:58:24  INFO     [RAMS] Tier switch: SMALL → MEDIUM  (R=0.688)
15:58:25  INFO     [RAMS] Tier switch: MEDIUM → NANO  (R=0.620)
15:58:25  INFO     [RAMS] Tier switch: NANO → MEDIUM  (R=0.700)
15:58:28  INFO     [RAMS] Tier switch: MEDIUM → SMALL  (R=0.683)
15:58:28  INFO     [RAMS] Tier switch: SMALL → NANO  (R=0.665)
15:58:28  INFO       [safety2 / moderate] 120/200  tier=NANO    latency=47.4 ms  R=0.696  target=0.50  dets=2  vru=False  backend=onnx
15:58:29  INFO     [RAMS] Tier switch: NANO → SMALL  (R=0.659)
15:58:29  INFO     [RAMS] Tier switch: SMALL → NANO  (R=0.671)
15:58:29  INFO     [RAMS] Tier switch: NANO → MEDIUM  (R=0.659)
15:58:34  INFO     [RAMS] Tier switch: MEDIUM → NANO  (R=0.619)
15:58:34  INFO     [RAMS] Tier switch: NANO → MEDIUM  (R=0.629)
15:58:35  INFO       [safety2 / moderate] 140/200  tier=MEDIUM  latency=797.9 ms  R=0.629  target=0.50  dets=19  vru=True  backend=onnx
15:58:37  INFO     [RAMS] Tier switch: MEDIUM → SMALL  (R=0.634)
15:58:38  INFO     [RAMS] Tier switch: SMALL → NANO  (R=0.611)
15:58:38  INFO     [RAMS] Tier switch: NANO → SMALL  (R=0.618)
15:58:39  INFO     [RAMS] Tier switch: SMALL → NANO  (R=0.625)
15:58:39  INFO       [safety2 / moderate] 160/200  tier=NANO    latency=32.4 ms  R=0.590  target=0.50  dets=0  vru=False  backend=onnx
15:58:39  INFO     [RAMS] Tier switch: NANO → SMALL  (R=0.602)
15:58:40  INFO     [RAMS] Tier switch: SMALL → NANO  (R=0.624)
15:58:40  INFO     [RAMS] Tier switch: NANO → SMALL  (R=0.596)
15:58:41  INFO     [RAMS] Tier switch: SMALL → NANO  (R=0.609)
15:58:41  INFO       [safety2 / moderate] 180/200  tier=NANO    latency=39.9 ms  R=0.606  target=0.50  dets=1  vru=False  backend=onnx
15:58:41  INFO     [RAMS] Tier switch: NANO → MEDIUM  (R=0.595)
15:58:43  INFO     [RAMS] Tier switch: MEDIUM → SMALL  (R=0.629)
15:58:43  INFO     [RAMS] Tier switch: SMALL → MEDIUM  (R=0.683)
15:58:45  INFO     [RAMS] Tier switch: MEDIUM → NANO  (R=0.611)
15:58:45  INFO     [RAMS] Tier switch: NANO → SMALL  (R=0.609)
15:58:45  INFO     [RAMS] Tier switch: SMALL → NANO  (R=0.617)
15:58:46  INFO     [RAMS] Tier switch: NANO → MEDIUM  (R=0.581)
15:58:47  INFO       [safety2 / moderate] 200/200  tier=MEDIUM  latency=722.5 ms  R=0.618  target=0.50  dets=4  vru=False  backend=onnx
15:58:47  INFO     [RAMS] Controller stopped.
15:58:48  INFO     
--- Block 5/10  Policy: fixed_small  Load: moderate (50%) ---
15:58:48  INFO     [RAMS] Starting resource monitor ...
15:58:48  INFO     [RAMS] Loading model tiers ...
15:58:48  INFO     [RAMS] YOLOv8-nano ready — ONNX (imgsz=320).
15:58:48  INFO     [RAMS] YOLOv8-small ready — ONNX (imgsz=416).
15:58:49  INFO     [RAMS] YOLOv8-medium ready — ONNX (imgsz=640).
15:58:49  INFO     [RAMS] Controller ready. Policy: fixed
15:58:53  INFO       [fixed_small / moderate] 20/200  tier=SMALL   latency=139.3 ms  R=0.683  target=0.50  dets=11  vru=True  backend=onnx
15:58:56  INFO       [fixed_small / moderate] 40/200  tier=SMALL   latency=133.6 ms  R=0.634  target=0.50  dets=15  vru=False  backend=onnx
15:58:59  INFO       [fixed_small / moderate] 60/200  tier=SMALL   latency=151.8 ms  R=0.629  target=0.50  dets=2  vru=False  backend=onnx
15:59:02  INFO       [fixed_small / moderate] 80/200  tier=SMALL   latency=135.0 ms  R=0.620  target=0.50  dets=10  vru=False  backend=onnx
15:59:05  INFO       [fixed_small / moderate] 100/200  tier=SMALL   latency=172.4 ms  R=0.614  target=0.50  dets=10  vru=False  backend=onnx
15:59:08  INFO       [fixed_small / moderate] 120/200  tier=SMALL   latency=136.2 ms  R=0.629  target=0.50  dets=4  vru=False  backend=onnx
15:59:12  INFO       [fixed_small / moderate] 140/200  tier=SMALL   latency=156.1 ms  R=0.672  target=0.50  dets=9  vru=True  backend=onnx
15:59:15  INFO       [fixed_small / moderate] 160/200  tier=SMALL   latency=150.9 ms  R=0.670  target=0.50  dets=1  vru=False  backend=onnx
15:59:18  INFO       [fixed_small / moderate] 180/200  tier=SMALL   latency=128.3 ms  R=0.606  target=0.50  dets=2  vru=False  backend=onnx
15:59:21  INFO       [fixed_small / moderate] 200/200  tier=SMALL   latency=131.7 ms  R=0.617  target=0.50  dets=1  vru=False  backend=onnx
15:59:21  INFO     [RAMS] Controller stopped.
15:59:21  INFO     
--- Block 5/10  Policy: threshold  Load: moderate (50%) ---
15:59:21  INFO     [RAMS] Starting resource monitor ...
15:59:21  INFO     [RAMS] Loading model tiers ...
15:59:22  INFO     [RAMS] YOLOv8-nano ready — ONNX (imgsz=320).
15:59:22  INFO     [RAMS] YOLOv8-small ready — ONNX (imgsz=416).
15:59:23  INFO     [RAMS] YOLOv8-medium ready — ONNX (imgsz=640).
15:59:23  INFO     [RAMS] Controller ready. Policy: threshold
15:59:24  INFO     [RAMS] Tier switch: SMALL → NANO  (R=0.619)
15:59:25  INFO       [threshold / moderate] 20/200  tier=NANO    latency=38.7 ms  R=0.585  target=0.50  dets=7  vru=False  backend=onnx
15:59:25  INFO     [RAMS] Tier switch: NANO → SMALL  (R=0.585)
15:59:25  INFO     [RAMS] Tier switch: SMALL → NANO  (R=0.675)
15:59:26  INFO     [RAMS] Tier switch: NANO → SMALL  (R=0.596)
15:59:26  INFO     [RAMS] Tier switch: SMALL → NANO  (R=0.610)
15:59:27  INFO       [threshold / moderate] 40/200  tier=NANO    latency=41.1 ms  R=0.622  target=0.50  dets=10  vru=False  backend=onnx
15:59:27  INFO     [RAMS] Tier switch: NANO → SMALL  (R=0.605)
15:59:28  INFO     [RAMS] Tier switch: SMALL → NANO  (R=0.624)
15:59:28  INFO       [threshold / moderate] 60/200  tier=NANO    latency=36.0 ms  R=0.606  target=0.50  dets=2  vru=False  backend=onnx
15:59:29  INFO       [threshold / moderate] 80/200  tier=NANO    latency=40.0 ms  R=0.600  target=0.50  dets=6  vru=False  backend=onnx
15:59:29  INFO     [RAMS] Tier switch: NANO → SMALL  (R=0.600)
15:59:29  INFO     [RAMS] Tier switch: SMALL → NANO  (R=0.665)
15:59:30  INFO     [RAMS] Tier switch: NANO → SMALL  (R=0.605)
15:59:30  INFO     [RAMS] Tier switch: SMALL → NANO  (R=0.613)
15:59:31  INFO       [threshold / moderate] 100/200  tier=NANO    latency=37.1 ms  R=0.619  target=0.50  dets=2  vru=False  backend=onnx
15:59:32  INFO       [threshold / moderate] 120/200  tier=NANO    latency=45.5 ms  R=0.658  target=0.50  dets=2  vru=False  backend=onnx
15:59:33  INFO       [threshold / moderate] 140/200  tier=NANO    latency=37.9 ms  R=0.652  target=0.50  dets=1  vru=False  backend=onnx
15:59:34  INFO       [threshold / moderate] 160/200  tier=NANO    latency=53.4 ms  R=0.640  target=0.50  dets=0  vru=False  backend=onnx
15:59:35  INFO       [threshold / moderate] 180/200  tier=NANO    latency=47.7 ms  R=0.654  target=0.50  dets=1  vru=False  backend=onnx
15:59:36  INFO       [threshold / moderate] 200/200  tier=NANO    latency=39.1 ms  R=0.642  target=0.50  dets=1  vru=False  backend=onnx
15:59:36  INFO     [RAMS] Controller stopped.
15:59:36  INFO     
--- Block 6/10  Policy: adaptive  Load: moderate (50%) ---
15:59:36  INFO     [RAMS] Starting resource monitor ...
15:59:36  INFO     [RAMS] Loading model tiers ...
15:59:37  INFO     [RAMS] YOLOv8-nano ready — ONNX (imgsz=320).
15:59:37  INFO     [RAMS] YOLOv8-small ready — ONNX (imgsz=416).
15:59:38  INFO     [RAMS] YOLOv8-medium ready — ONNX (imgsz=640).
15:59:38  INFO     [RAMS] Controller ready. Policy: adaptive
15:59:40  INFO     [RAMS] Tier switch: SMALL → NANO  (R=0.641)
15:59:41  INFO       [adaptive / moderate] 20/200  tier=NANO    latency=37.0 ms  R=0.605  target=0.50  dets=1  vru=False  backend=onnx
15:59:41  INFO     [RAMS] Tier switch: NANO → SMALL  (R=0.594)
15:59:41  INFO     [RAMS] Tier switch: SMALL → NANO  (R=0.614)
15:59:41  INFO     [RAMS] Tier switch: NANO → SMALL  (R=0.598)
15:59:41  INFO     [RAMS] Tier switch: SMALL → NANO  (R=0.657)
15:59:42  INFO       [adaptive / moderate] 40/200  tier=NANO    latency=37.2 ms  R=0.606  target=0.50  dets=1  vru=False  backend=onnx
15:59:42  INFO     [RAMS] Tier switch: NANO → SMALL  (R=0.591)
15:59:42  INFO     [RAMS] Tier switch: SMALL → NANO  (R=0.661)
15:59:43  INFO     [RAMS] Tier switch: NANO → SMALL  (R=0.596)
15:59:43  INFO       [adaptive / moderate] 60/200  tier=SMALL   latency=147.7 ms  R=0.596  target=0.50  dets=5  vru=False  backend=onnx
15:59:43  INFO     [RAMS] Tier switch: SMALL → NANO  (R=0.612)
15:59:44  INFO       [adaptive / moderate] 80/200  tier=NANO    latency=35.0 ms  R=0.612  target=0.50  dets=4  vru=True  backend=onnx
15:59:45  INFO     [RAMS] Tier switch: NANO → SMALL  (R=0.605)
15:59:45  INFO     [RAMS] Tier switch: SMALL → NANO  (R=0.622)
15:59:45  INFO       [adaptive / moderate] 100/200  tier=NANO    latency=35.5 ms  R=0.622  target=0.50  dets=3  vru=False  backend=onnx
15:59:46  INFO     [RAMS] Tier switch: NANO → SMALL  (R=0.597)
15:59:46  INFO     [RAMS] Tier switch: SMALL → NANO  (R=0.682)
15:59:47  INFO       [adaptive / moderate] 120/200  tier=NANO    latency=33.5 ms  R=0.610  target=0.50  dets=4  vru=False  backend=onnx
15:59:47  INFO     [RAMS] Tier switch: NANO → SMALL  (R=0.597)
15:59:47  INFO     [RAMS] Tier switch: SMALL → NANO  (R=0.629)
15:59:48  INFO       [adaptive / moderate] 140/200  tier=NANO    latency=32.9 ms  R=0.612  target=0.50  dets=3  vru=False  backend=onnx
15:59:48  INFO     [RAMS] Tier switch: NANO → SMALL  (R=0.598)
15:59:48  INFO     [RAMS] Tier switch: SMALL → NANO  (R=0.617)
15:59:49  INFO       [adaptive / moderate] 160/200  tier=NANO    latency=31.3 ms  R=0.603  target=0.50  dets=1  vru=False  backend=onnx
15:59:50  INFO       [adaptive / moderate] 180/200  tier=NANO    latency=36.1 ms  R=0.605  target=0.50  dets=6  vru=False  backend=onnx
15:59:50  INFO     [RAMS] Tier switch: NANO → SMALL  (R=0.594)
15:59:50  INFO     [RAMS] Tier switch: SMALL → NANO  (R=0.617)
15:59:50  INFO     [RAMS] Tier switch: NANO → SMALL  (R=0.600)
15:59:50  INFO     [RAMS] Tier switch: SMALL → NANO  (R=0.665)
15:59:51  INFO       [adaptive / moderate] 200/200  tier=NANO    latency=41.5 ms  R=0.607  target=0.50  dets=0  vru=False  backend=onnx
15:59:51  INFO     [RAMS] Controller stopped.
15:59:51  INFO     
--- Block 6/10  Policy: safety2  Load: moderate (50%) ---
15:59:51  INFO     [RAMS] Starting resource monitor ...
15:59:51  INFO     [RAMS] Loading model tiers ...
15:59:51  INFO     [RAMS] YOLOv8-nano ready — ONNX (imgsz=320).
15:59:51  INFO     [RAMS] YOLOv8-small ready — ONNX (imgsz=416).
15:59:52  INFO     [RAMS] YOLOv8-medium ready — ONNX (imgsz=640).
15:59:52  INFO     [RAMS] Controller ready. Policy: safety2
15:59:54  INFO     [RAMS] Tier switch: SMALL → MEDIUM  (R=0.670)
15:59:57  INFO     [RAMS] Tier switch: MEDIUM → SMALL  (R=0.648)
15:59:58  INFO     [RAMS] Tier switch: SMALL → MEDIUM  (R=0.681)
16:00:01  INFO     [RAMS] Tier switch: MEDIUM → SMALL  (R=0.624)
16:00:01  INFO     [RAMS] Tier switch: SMALL → NANO  (R=0.637)
16:00:01  INFO       [safety2 / moderate] 20/200  tier=NANO    latency=31.4 ms  R=0.637  target=0.50  dets=1  vru=False  backend=onnx
16:00:01  INFO     [RAMS] Tier switch: NANO → SMALL  (R=0.599)
16:00:02  INFO     [RAMS] Tier switch: SMALL → NANO  (R=0.613)
16:00:02  INFO     [RAMS] Tier switch: NANO → MEDIUM  (R=0.600)
16:00:04  INFO     [RAMS] Tier switch: MEDIUM → NANO  (R=0.628)
16:00:04  INFO     [RAMS] Tier switch: NANO → SMALL  (R=0.600)
16:00:04  INFO     [RAMS] Tier switch: SMALL → MEDIUM  (R=0.596)
16:00:07  INFO     [RAMS] Tier switch: MEDIUM → SMALL  (R=0.632)
16:00:07  INFO       [safety2 / moderate] 40/200  tier=SMALL   latency=132.4 ms  R=0.632  target=0.50  dets=2  vru=False  backend=onnx
16:00:08  INFO     [RAMS] Tier switch: SMALL → NANO  (R=0.631)
16:00:08  INFO     [RAMS] Tier switch: NANO → SMALL  (R=0.599)
16:00:09  INFO     [RAMS] Tier switch: SMALL → NANO  (R=0.691)
16:00:09  INFO     [RAMS] Tier switch: NANO → SMALL  (R=0.691)
16:00:09  INFO       [safety2 / moderate] 60/200  tier=SMALL   latency=147.3 ms  R=0.626  target=0.50  dets=5  vru=False  backend=onnx
16:00:10  INFO     [RAMS] Tier switch: SMALL → NANO  (R=0.629)
16:00:11  INFO     [RAMS] Tier switch: NANO → SMALL  (R=0.618)
16:00:12  INFO       [safety2 / moderate] 80/200  tier=SMALL   latency=140.5 ms  R=0.620  target=0.50  dets=3  vru=True  backend=onnx
16:00:12  INFO     [RAMS] Tier switch: SMALL → MEDIUM  (R=0.629)
16:00:13  INFO     [RAMS] Tier switch: MEDIUM → SMALL  (R=0.634)
16:00:14  INFO     [RAMS] Tier switch: SMALL → NANO  (R=0.634)
16:00:14  INFO     [RAMS] Tier switch: NANO → MEDIUM  (R=0.600)
16:00:17  INFO       [safety2 / moderate] 100/200  tier=MEDIUM  latency=759.8 ms  R=0.683  target=0.50  dets=4  vru=True  backend=onnx
16:00:17  INFO     [RAMS] Tier switch: MEDIUM → SMALL  (R=0.660)
16:00:17  INFO     [RAMS] Tier switch: SMALL → NANO  (R=0.667)
16:00:18  INFO     [RAMS] Tier switch: NANO → MEDIUM  (R=0.654)
16:00:20  INFO     [RAMS] Tier switch: MEDIUM → SMALL  (R=0.690)
16:00:21  INFO     [RAMS] Tier switch: SMALL → NANO  (R=0.683)
16:00:21  INFO       [safety2 / moderate] 120/200  tier=NANO    latency=38.1 ms  R=0.683  target=0.50  dets=4  vru=False  backend=onnx
16:00:21  INFO     [RAMS] Tier switch: NANO → MEDIUM  (R=0.659)
16:00:23  INFO     [RAMS] Tier switch: MEDIUM → NANO  (R=0.629)
16:00:23  INFO     [RAMS] Tier switch: NANO → MEDIUM  (R=0.612)
16:00:26  INFO     [RAMS] Tier switch: MEDIUM → NANO  (R=0.641)
16:00:26  INFO     [RAMS] Tier switch: NANO → SMALL  (R=0.611)
16:00:26  INFO     [RAMS] Tier switch: SMALL → MEDIUM  (R=0.624)
16:00:28  INFO     [RAMS] Tier switch: MEDIUM → SMALL  (R=0.632)
16:00:29  INFO       [safety2 / moderate] 140/200  tier=SMALL   latency=129.8 ms  R=0.612  target=0.50  dets=4  vru=False  backend=onnx
16:00:30  INFO     [RAMS] Tier switch: SMALL → NANO  (R=0.631)
16:00:30  INFO     [RAMS] Tier switch: NANO → SMALL  (R=0.605)
16:00:31  INFO     [RAMS] Tier switch: SMALL → MEDIUM  (R=0.611)
16:00:32  INFO       [safety2 / moderate] 160/200  tier=MEDIUM  latency=763.0 ms  R=0.611  target=0.50  dets=1  vru=False  backend=onnx
16:00:32  INFO     [RAMS] Tier switch: MEDIUM → NANO  (R=0.683)
16:00:33  INFO     [RAMS] Tier switch: NANO → SMALL  (R=0.597)
16:00:33  INFO     [RAMS] Tier switch: SMALL → MEDIUM  (R=0.623)
16:00:34  INFO     [RAMS] Tier switch: MEDIUM → NANO  (R=0.636)
16:00:34  INFO     [RAMS] Tier switch: NANO → SMALL  (R=0.610)
16:00:35  INFO     [RAMS] Tier switch: SMALL → NANO  (R=0.617)
16:00:35  INFO       [safety2 / moderate] 180/200  tier=NANO    latency=39.8 ms  R=0.617  target=0.50  dets=6  vru=False  backend=onnx
16:00:35  INFO     [RAMS] Tier switch: NANO → SMALL  (R=0.588)
16:00:36  INFO     [RAMS] Tier switch: SMALL → MEDIUM  (R=0.613)
16:00:37  INFO     [RAMS] Tier switch: MEDIUM → NANO  (R=0.688)
16:00:37  INFO     [RAMS] Tier switch: NANO → MEDIUM  (R=0.618)
16:00:39  INFO     [RAMS] Tier switch: MEDIUM → NANO  (R=0.671)
16:00:40  INFO     [RAMS] Tier switch: NANO → SMALL  (R=0.714)
16:00:40  INFO     [RAMS] Tier switch: SMALL → MEDIUM  (R=0.696)
16:00:41  INFO       [safety2 / moderate] 200/200  tier=MEDIUM  latency=874.0 ms  R=0.725  target=0.50  dets=4  vru=False  backend=onnx
16:00:42  INFO     [RAMS] Controller stopped.
16:00:42  INFO     
--- Block 6/10  Policy: threshold  Load: moderate (50%) ---
16:00:42  INFO     [RAMS] Starting resource monitor ...
16:00:42  INFO     [RAMS] Loading model tiers ...
16:00:42  INFO     [RAMS] YOLOv8-nano ready — ONNX (imgsz=320).
16:00:42  INFO     [RAMS] YOLOv8-small ready — ONNX (imgsz=416).
16:00:43  INFO     [RAMS] YOLOv8-medium ready — ONNX (imgsz=640).
16:00:43  INFO     [RAMS] Controller ready. Policy: threshold
16:00:45  INFO     [RAMS] Tier switch: SMALL → NANO  (R=0.613)
16:00:45  INFO     [RAMS] Tier switch: NANO → SMALL  (R=0.597)
16:00:45  INFO     [RAMS] Tier switch: SMALL → NANO  (R=0.667)
16:00:46  INFO       [threshold / moderate] 20/200  tier=NANO    latency=31.4 ms  R=0.614  target=0.50  dets=1  vru=False  backend=onnx
16:00:47  INFO     [RAMS] Tier switch: NANO → SMALL  (R=0.603)
16:00:47  INFO       [threshold / moderate] 40/200  tier=SMALL   latency=133.4 ms  R=0.617  target=0.50  dets=2  vru=False  backend=onnx
16:00:47  INFO     [RAMS] Tier switch: SMALL → NANO  (R=0.624)
16:00:48  INFO     [RAMS] Tier switch: NANO → SMALL  (R=0.593)
16:00:48  INFO       [threshold / moderate] 60/200  tier=SMALL   latency=138.6 ms  R=0.622  target=0.50  dets=5  vru=False  backend=onnx
16:00:48  INFO     [RAMS] Tier switch: SMALL → NANO  (R=0.694)
16:00:49  INFO     [RAMS] Tier switch: NANO → SMALL  (R=0.601)
16:00:49  INFO     [RAMS] Tier switch: SMALL → NANO  (R=0.617)
16:00:50  INFO       [threshold / moderate] 80/200  tier=NANO    latency=37.7 ms  R=0.603  target=0.50  dets=4  vru=True  backend=onnx
16:00:50  INFO     [RAMS] Tier switch: NANO → SMALL  (R=0.593)
16:00:50  INFO     [RAMS] Tier switch: SMALL → NANO  (R=0.617)
16:00:51  INFO     [RAMS] Tier switch: NANO → SMALL  (R=0.598)
16:00:51  INFO     [RAMS] Tier switch: SMALL → NANO  (R=0.626)
16:00:52  INFO       [threshold / moderate] 100/200  tier=NANO    latency=32.2 ms  R=0.622  target=0.50  dets=3  vru=False  backend=onnx
16:00:52  INFO     [RAMS] Tier switch: NANO → SMALL  (R=0.603)
16:00:52  INFO     [RAMS] Tier switch: SMALL → NANO  (R=0.610)
16:00:53  INFO     [RAMS] Tier switch: NANO → SMALL  (R=0.605)
16:00:53  INFO     [RAMS] Tier switch: SMALL → NANO  (R=0.619)
16:00:53  INFO       [threshold / moderate] 120/200  tier=NANO    latency=40.4 ms  R=0.617  target=0.50  dets=4  vru=False  backend=onnx
16:00:53  INFO     [RAMS] Tier switch: NANO → SMALL  (R=0.594)
16:00:54  INFO     [RAMS] Tier switch: SMALL → NANO  (R=0.607)
16:00:54  INFO     [RAMS] Tier switch: NANO → SMALL  (R=0.603)
16:00:55  INFO     [RAMS] Tier switch: SMALL → NANO  (R=0.624)
16:00:55  INFO     [RAMS] Tier switch: NANO → SMALL  (R=0.598)
16:00:55  INFO       [threshold / moderate] 140/200  tier=SMALL   latency=147.1 ms  R=0.617  target=0.50  dets=4  vru=False  backend=onnx
16:00:55  INFO     [RAMS] Tier switch: SMALL → NANO  (R=0.629)
16:00:56  INFO     [RAMS] Tier switch: NANO → SMALL  (R=0.594)
16:00:56  INFO     [RAMS] Tier switch: SMALL → NANO  (R=0.609)
16:00:57  INFO       [threshold / moderate] 160/200  tier=NANO    latency=34.8 ms  R=0.609  target=0.50  dets=1  vru=False  backend=onnx
16:00:57  INFO     [RAMS] Tier switch: NANO → SMALL  (R=0.600)
16:00:58  INFO     [RAMS] Tier switch: SMALL → NANO  (R=0.629)
16:00:58  INFO       [threshold / moderate] 180/200  tier=NANO    latency=37.5 ms  R=0.606  target=0.50  dets=6  vru=False  backend=onnx
16:00:58  INFO     [RAMS] Tier switch: NANO → SMALL  (R=0.594)
16:00:59  INFO     [RAMS] Tier switch: SMALL → NANO  (R=0.610)
16:00:59  INFO       [threshold / moderate] 200/200  tier=NANO    latency=34.4 ms  R=0.644  target=0.50  dets=0  vru=False  backend=onnx
16:00:59  INFO     [RAMS] Controller stopped.
16:00:59  INFO     
--- Block 6/10  Policy: fixed_nano  Load: moderate (50%) ---
16:00:59  INFO     [RAMS] Starting resource monitor ...
16:00:59  INFO     [RAMS] Loading model tiers ...
16:01:00  INFO     [RAMS] YOLOv8-nano ready — ONNX (imgsz=320).
16:01:00  INFO     [RAMS] YOLOv8-small ready — ONNX (imgsz=416).
16:01:01  INFO     [RAMS] YOLOv8-medium ready — ONNX (imgsz=640).
16:01:01  INFO     [RAMS] Controller ready. Policy: fixed
16:01:02  INFO     [RAMS] Tier switch: SMALL → NANO  (R=0.499)
16:01:03  INFO       [fixed_nano / moderate] 20/200  tier=NANO    latency=42.5 ms  R=0.661  target=0.50  dets=1  vru=False  backend=onnx
16:01:04  INFO       [fixed_nano / moderate] 40/200  tier=NANO    latency=55.8 ms  R=0.659  target=0.50  dets=1  vru=False  backend=onnx
16:01:05  INFO       [fixed_nano / moderate] 60/200  tier=NANO    latency=32.1 ms  R=0.661  target=0.50  dets=4  vru=False  backend=onnx
16:01:06  INFO       [fixed_nano / moderate] 80/200  tier=NANO    latency=37.8 ms  R=0.604  target=0.50  dets=4  vru=True  backend=onnx
16:01:07  INFO       [fixed_nano / moderate] 100/200  tier=NANO    latency=31.8 ms  R=0.602  target=0.50  dets=3  vru=False  backend=onnx
16:01:08  INFO       [fixed_nano / moderate] 120/200  tier=NANO    latency=38.5 ms  R=0.597  target=0.50  dets=4  vru=False  backend=onnx
16:01:09  INFO       [fixed_nano / moderate] 140/200  tier=NANO    latency=32.8 ms  R=0.605  target=0.50  dets=3  vru=False  backend=onnx
16:01:10  INFO       [fixed_nano / moderate] 160/200  tier=NANO    latency=33.8 ms  R=0.585  target=0.50  dets=1  vru=False  backend=onnx
16:01:11  INFO       [fixed_nano / moderate] 180/200  tier=NANO    latency=31.5 ms  R=0.598  target=0.50  dets=6  vru=False  backend=onnx
16:01:12  INFO       [fixed_nano / moderate] 200/200  tier=NANO    latency=30.9 ms  R=0.606  target=0.50  dets=0  vru=False  backend=onnx
16:01:12  INFO     [RAMS] Controller stopped.
16:01:12  INFO     
--- Block 6/10  Policy: fixed_medium  Load: moderate (50%) ---
16:01:12  INFO     [RAMS] Starting resource monitor ...
16:01:12  INFO     [RAMS] Loading model tiers ...
16:01:12  INFO     [RAMS] YOLOv8-nano ready — ONNX (imgsz=320).
16:01:12  INFO     [RAMS] YOLOv8-small ready — ONNX (imgsz=416).
16:01:13  INFO     [RAMS] YOLOv8-medium ready — ONNX (imgsz=640).
16:01:13  INFO     [RAMS] Controller ready. Policy: fixed
16:01:14  INFO     [RAMS] Tier switch: SMALL → MEDIUM  (R=0.414)
16:01:30  INFO       [fixed_medium / moderate] 20/200  tier=MEDIUM  latency=719.8 ms  R=0.629  target=0.50  dets=3  vru=False  backend=onnx
16:01:46  INFO       [fixed_medium / moderate] 40/200  tier=MEDIUM  latency=781.0 ms  R=0.696  target=0.50  dets=4  vru=False  backend=onnx
16:02:01  INFO       [fixed_medium / moderate] 60/200  tier=MEDIUM  latency=719.6 ms  R=0.688  target=0.50  dets=7  vru=False  backend=onnx
16:02:18  INFO       [fixed_medium / moderate] 80/200  tier=MEDIUM  latency=731.6 ms  R=0.625  target=0.50  dets=6  vru=True  backend=onnx
16:02:34  INFO       [fixed_medium / moderate] 100/200  tier=MEDIUM  latency=745.2 ms  R=0.650  target=0.50  dets=4  vru=True  backend=onnx
16:02:49  INFO       [fixed_medium / moderate] 120/200  tier=MEDIUM  latency=848.0 ms  R=0.676  target=0.50  dets=10  vru=True  backend=onnx
16:03:05  INFO       [fixed_medium / moderate] 140/200  tier=MEDIUM  latency=717.0 ms  R=0.671  target=0.50  dets=5  vru=False  backend=onnx
16:03:22  INFO       [fixed_medium / moderate] 160/200  tier=MEDIUM  latency=717.0 ms  R=0.629  target=0.50  dets=1  vru=False  backend=onnx
16:03:37  INFO       [fixed_medium / moderate] 180/200  tier=MEDIUM  latency=863.8 ms  R=0.673  target=0.50  dets=10  vru=False  backend=onnx
16:03:52  INFO       [fixed_medium / moderate] 200/200  tier=MEDIUM  latency=734.7 ms  R=0.636  target=0.50  dets=4  vru=False  backend=onnx
16:03:52  INFO     [RAMS] Controller stopped.
16:03:53  INFO     
--- Block 6/10  Policy: fixed_small  Load: moderate (50%) ---
16:03:53  INFO     [RAMS] Starting resource monitor ...
16:03:53  INFO     [RAMS] Loading model tiers ...
16:03:53  INFO     [RAMS] YOLOv8-nano ready — ONNX (imgsz=320).
16:03:53  INFO     [RAMS] YOLOv8-small ready — ONNX (imgsz=416).
16:03:54  INFO     [RAMS] YOLOv8-medium ready — ONNX (imgsz=640).
16:03:54  INFO     [RAMS] Controller ready. Policy: fixed
16:03:59  INFO       [fixed_small / moderate] 20/200  tier=SMALL   latency=142.4 ms  R=0.677  target=0.50  dets=2  vru=False  backend=onnx
16:04:02  INFO       [fixed_small / moderate] 40/200  tier=SMALL   latency=129.1 ms  R=0.624  target=0.50  dets=2  vru=False  backend=onnx
16:04:05  INFO       [fixed_small / moderate] 60/200  tier=SMALL   latency=148.7 ms  R=0.646  target=0.50  dets=5  vru=False  backend=onnx
16:04:08  INFO       [fixed_small / moderate] 80/200  tier=SMALL   latency=128.7 ms  R=0.673  target=0.50  dets=3  vru=True  backend=onnx
16:04:11  INFO       [fixed_small / moderate] 100/200  tier=SMALL   latency=129.4 ms  R=0.675  target=0.50  dets=2  vru=False  backend=onnx
16:04:14  INFO       [fixed_small / moderate] 120/200  tier=SMALL   latency=181.2 ms  R=0.695  target=0.50  dets=5  vru=False  backend=onnx
16:04:17  INFO       [fixed_small / moderate] 140/200  tier=SMALL   latency=132.9 ms  R=0.712  target=0.50  dets=4  vru=False  backend=onnx
16:04:20  INFO       [fixed_small / moderate] 160/200  tier=SMALL   latency=130.3 ms  R=0.672  target=0.50  dets=1  vru=False  backend=onnx
16:04:24  INFO       [fixed_small / moderate] 180/200  tier=SMALL   latency=140.5 ms  R=0.635  target=0.50  dets=6  vru=False  backend=onnx
16:04:27  INFO       [fixed_small / moderate] 200/200  tier=SMALL   latency=149.6 ms  R=0.688  target=0.50  dets=0  vru=False  backend=onnx
16:04:27  INFO     [RAMS] Controller stopped.
16:04:27  INFO     
--- Block 6/10  Policy: safety  Load: moderate (50%) ---
16:04:27  INFO     [RAMS] Starting resource monitor ...
16:04:27  INFO     [RAMS] Loading model tiers ...
16:04:27  INFO     [RAMS] YOLOv8-nano ready — ONNX (imgsz=320).
16:04:28  INFO     [RAMS] YOLOv8-small ready — ONNX (imgsz=416).
16:04:28  INFO     [RAMS] YOLOv8-medium ready — ONNX (imgsz=640).
16:04:28  INFO     [RAMS] Controller ready. Policy: safety
16:04:32  INFO     [RAMS] Tier switch: SMALL → NANO  (R=0.629)
16:04:32  INFO       [safety / moderate] 20/200  tier=NANO    latency=36.2 ms  R=0.593  target=0.50  dets=1  vru=False  backend=onnx
16:04:32  INFO     [RAMS] Tier switch: NANO → SMALL  (R=0.594)
16:04:33  INFO     [RAMS] Tier switch: SMALL → NANO  (R=0.612)
16:04:33  INFO     [RAMS] Tier switch: NANO → SMALL  (R=0.601)
16:04:35  INFO       [safety / moderate] 40/200  tier=SMALL   latency=144.7 ms  R=0.665  target=0.50  dets=2  vru=False  backend=onnx
16:04:35  INFO     [RAMS] Tier switch: SMALL → NANO  (R=0.636)
16:04:35  INFO     [RAMS] Tier switch: NANO → SMALL  (R=0.598)
16:04:36  INFO     [RAMS] Tier switch: SMALL → NANO  (R=0.610)
16:04:36  INFO     [RAMS] Tier switch: NANO → SMALL  (R=0.601)
16:04:37  INFO       [safety / moderate] 60/200  tier=SMALL   latency=152.1 ms  R=0.622  target=0.50  dets=5  vru=False  backend=onnx
16:04:39  INFO     [RAMS] Tier switch: SMALL → NANO  (R=0.666)
16:04:39  INFO       [safety / moderate] 80/200  tier=NANO    latency=42.9 ms  R=0.652  target=0.50  dets=4  vru=True  backend=onnx
16:04:39  INFO     [RAMS] Tier switch: NANO → SMALL  (R=0.644)
16:04:40  INFO     [RAMS] Tier switch: SMALL → NANO  (R=0.672)
16:04:41  INFO     [RAMS] Tier switch: NANO → SMALL  (R=0.703)
16:04:41  INFO       [safety / moderate] 100/200  tier=SMALL   latency=134.1 ms  R=0.657  target=0.50  dets=2  vru=False  backend=onnx
16:04:42  INFO     [RAMS] Tier switch: SMALL → NANO  (R=0.721)
16:04:42  INFO     [RAMS] Tier switch: NANO → SMALL  (R=0.648)
16:04:43  INFO       [safety / moderate] 120/200  tier=SMALL   latency=134.0 ms  R=0.671  target=0.50  dets=5  vru=False  backend=onnx
16:04:46  INFO       [safety / moderate] 140/200  tier=SMALL   latency=128.8 ms  R=0.629  target=0.50  dets=4  vru=False  backend=onnx
16:04:47  INFO     [RAMS] Tier switch: SMALL → NANO  (R=0.633)
16:04:47  INFO     [RAMS] Tier switch: NANO → SMALL  (R=0.580)
16:04:49  INFO       [safety / moderate] 160/200  tier=SMALL   latency=158.8 ms  R=0.624  target=0.50  dets=1  vru=False  backend=onnx
16:04:52  INFO     [RAMS] Tier switch: SMALL → NANO  (R=0.609)
16:04:52  INFO       [safety / moderate] 180/200  tier=NANO    latency=32.2 ms  R=0.687  target=0.50  dets=6  vru=False  backend=onnx
16:04:52  INFO     [RAMS] Tier switch: NANO → SMALL  (R=0.594)
16:04:54  INFO       [safety / moderate] 200/200  tier=SMALL   latency=127.5 ms  R=0.616  target=0.50  dets=0  vru=False  backend=onnx
16:04:55  INFO     [RAMS] Controller stopped.
16:04:55  INFO     
--- Block 6/10  Policy: predictive  Load: moderate (50%) ---
16:04:55  INFO     [RAMS] Starting resource monitor ...
16:04:55  INFO     [RAMS] Loading model tiers ...
16:04:55  INFO     [RAMS] YOLOv8-nano ready — ONNX (imgsz=320).
16:04:55  INFO     [RAMS] YOLOv8-small ready — ONNX (imgsz=416).
16:04:56  INFO     [RAMS] YOLOv8-medium ready — ONNX (imgsz=640).
16:04:56  INFO     [RAMS] Controller ready. Policy: predictive
16:04:58  INFO     [RAMS] Tier switch: SMALL → NANO  (R=0.636)
16:04:58  INFO     [RAMS] Tier switch: NANO → SMALL  (R=0.593)
16:04:58  INFO     [RAMS] Tier switch: SMALL → NANO  (R=0.633)
16:04:58  INFO     [RAMS] Tier switch: NANO → SMALL  (R=0.596)
16:04:58  INFO     [RAMS] Tier switch: SMALL → NANO  (R=0.624)
16:04:59  INFO       [predictive / moderate] 20/200  tier=NANO    latency=34.8 ms  R=0.600  target=0.50  dets=1  vru=False  backend=onnx
16:04:59  INFO     [RAMS] Tier switch: NANO → SMALL  (R=0.600)
16:04:59  INFO     [RAMS] Tier switch: SMALL → NANO  (R=0.629)
16:04:59  INFO     [RAMS] Tier switch: NANO → SMALL  (R=0.605)
16:04:59  INFO     [RAMS] Tier switch: SMALL → NANO  (R=0.648)
16:05:00  INFO       [predictive / moderate] 40/200  tier=NANO    latency=51.7 ms  R=0.708  target=0.50  dets=1  vru=False  backend=onnx
16:05:01  INFO       [predictive / moderate] 60/200  tier=NANO    latency=36.9 ms  R=0.669  target=0.50  dets=4  vru=False  backend=onnx
16:05:02  INFO       [predictive / moderate] 80/200  tier=NANO    latency=41.7 ms  R=0.648  target=0.50  dets=4  vru=True  backend=onnx
16:05:03  INFO       [predictive / moderate] 100/200  tier=NANO    latency=44.4 ms  R=0.636  target=0.50  dets=3  vru=False  backend=onnx
16:05:04  INFO       [predictive / moderate] 120/200  tier=NANO    latency=39.3 ms  R=0.672  target=0.50  dets=4  vru=False  backend=onnx
16:05:06  INFO       [predictive / moderate] 140/200  tier=NANO    latency=63.4 ms  R=0.648  target=0.50  dets=3  vru=False  backend=onnx
16:05:07  INFO       [predictive / moderate] 160/200  tier=NANO    latency=32.4 ms  R=0.671  target=0.50  dets=1  vru=False  backend=onnx
16:05:07  INFO     [RAMS] Tier switch: NANO → SMALL  (R=0.588)
16:05:07  INFO     [RAMS] Tier switch: SMALL → NANO  (R=0.613)
16:05:08  INFO       [predictive / moderate] 180/200  tier=NANO    latency=37.0 ms  R=0.600  target=0.50  dets=6  vru=False  backend=onnx
16:05:08  INFO     [RAMS] Tier switch: NANO → SMALL  (R=0.597)
16:05:08  INFO     [RAMS] Tier switch: SMALL → NANO  (R=0.612)
16:05:08  INFO     [RAMS] Tier switch: NANO → SMALL  (R=0.580)
16:05:09  INFO     [RAMS] Tier switch: SMALL → NANO  (R=0.624)
16:05:09  INFO     [RAMS] Tier switch: NANO → SMALL  (R=0.596)
16:05:09  INFO     [RAMS] Tier switch: SMALL → NANO  (R=0.618)
16:05:09  INFO       [predictive / moderate] 200/200  tier=NANO    latency=34.6 ms  R=0.618  target=0.50  dets=0  vru=False  backend=onnx
16:05:09  INFO     [RAMS] Controller stopped.
16:05:09  INFO     
--- Block 7/10  Policy: adaptive  Load: moderate (50%) ---
16:05:09  INFO     [RAMS] Starting resource monitor ...
16:05:09  INFO     [RAMS] Loading model tiers ...
16:05:10  INFO     [RAMS] YOLOv8-nano ready — ONNX (imgsz=320).
16:05:10  INFO     [RAMS] YOLOv8-small ready — ONNX (imgsz=416).
16:05:11  INFO     [RAMS] YOLOv8-medium ready — ONNX (imgsz=640).
16:05:11  INFO     [RAMS] Controller ready. Policy: adaptive
16:05:13  INFO     [RAMS] Tier switch: SMALL → NANO  (R=0.617)
16:05:14  INFO       [adaptive / moderate] 20/200  tier=NANO    latency=34.4 ms  R=0.607  target=0.50  dets=1  vru=False  backend=onnx
16:05:14  INFO     [RAMS] Tier switch: NANO → SMALL  (R=0.598)
16:05:14  INFO     [RAMS] Tier switch: SMALL → NANO  (R=0.617)
16:05:15  INFO     [RAMS] Tier switch: NANO → SMALL  (R=0.600)
16:05:15  INFO     [RAMS] Tier switch: SMALL → NANO  (R=0.651)
16:05:15  INFO       [adaptive / moderate] 40/200  tier=NANO    latency=36.0 ms  R=0.600  target=0.50  dets=0  vru=False  backend=onnx
16:05:15  INFO     [RAMS] Tier switch: NANO → SMALL  (R=0.600)
16:05:15  INFO     [RAMS] Tier switch: SMALL → NANO  (R=0.612)
16:05:15  INFO     [RAMS] Tier switch: NANO → SMALL  (R=0.600)
16:05:16  INFO     [RAMS] Tier switch: SMALL → NANO  (R=0.634)
16:05:16  INFO     [RAMS] Tier switch: NANO → SMALL  (R=0.597)
16:05:16  INFO     [RAMS] Tier switch: SMALL → NANO  (R=0.613)
16:05:16  INFO     [RAMS] Tier switch: NANO → SMALL  (R=0.597)
16:05:17  INFO       [adaptive / moderate] 60/200  tier=SMALL   latency=179.6 ms  R=0.597  target=0.50  dets=3  vru=False  backend=onnx
16:05:17  INFO     [RAMS] Tier switch: SMALL → NANO  (R=0.657)
16:05:17  INFO     [RAMS] Tier switch: NANO → SMALL  (R=0.596)
16:05:18  INFO     [RAMS] Tier switch: SMALL → NANO  (R=0.617)
16:05:18  INFO       [adaptive / moderate] 80/200  tier=NANO    latency=36.9 ms  R=0.657  target=0.50  dets=3  vru=False  backend=onnx
16:05:18  INFO     [RAMS] Tier switch: NANO → SMALL  (R=0.595)
16:05:18  INFO     [RAMS] Tier switch: SMALL → NANO  (R=0.619)
16:05:18  INFO     [RAMS] Tier switch: NANO → SMALL  (R=0.593)
16:05:19  INFO     [RAMS] Tier switch: SMALL → NANO  (R=0.641)
16:05:19  INFO       [adaptive / moderate] 100/200  tier=NANO    latency=34.5 ms  R=0.607  target=0.50  dets=11  vru=False  backend=onnx
16:05:20  INFO       [adaptive / moderate] 120/200  tier=NANO    latency=33.5 ms  R=0.605  target=0.50  dets=1  vru=False  backend=onnx
16:05:20  INFO     [RAMS] Tier switch: NANO → SMALL  (R=0.596)
16:05:21  INFO     [RAMS] Tier switch: SMALL → NANO  (R=0.636)
16:05:21  INFO       [adaptive / moderate] 140/200  tier=NANO    latency=36.9 ms  R=0.607  target=0.50  dets=1  vru=False  backend=onnx
16:05:22  INFO       [adaptive / moderate] 160/200  tier=NANO    latency=47.6 ms  R=0.646  target=0.50  dets=0  vru=False  backend=onnx
16:05:23  INFO       [adaptive / moderate] 180/200  tier=NANO    latency=42.9 ms  R=0.654  target=0.50  dets=3  vru=False  backend=onnx
16:05:24  INFO       [adaptive / moderate] 200/200  tier=NANO    latency=41.0 ms  R=0.666  target=0.50  dets=5  vru=False  backend=onnx
16:05:25  INFO     [RAMS] Controller stopped.
16:05:25  INFO     
--- Block 7/10  Policy: fixed_nano  Load: moderate (50%) ---
16:05:25  INFO     [RAMS] Starting resource monitor ...
16:05:25  INFO     [RAMS] Loading model tiers ...
16:05:25  INFO     [RAMS] YOLOv8-nano ready — ONNX (imgsz=320).
16:05:25  INFO     [RAMS] YOLOv8-small ready — ONNX (imgsz=416).
16:05:26  INFO     [RAMS] YOLOv8-medium ready — ONNX (imgsz=640).
16:05:26  INFO     [RAMS] Controller ready. Policy: fixed
16:05:27  INFO     [RAMS] Tier switch: SMALL → NANO  (R=0.485)
16:05:28  INFO       [fixed_nano / moderate] 20/200  tier=NANO    latency=36.9 ms  R=0.644  target=0.50  dets=1  vru=False  backend=onnx
16:05:29  INFO       [fixed_nano / moderate] 40/200  tier=NANO    latency=37.5 ms  R=0.607  target=0.50  dets=0  vru=False  backend=onnx
16:05:30  INFO       [fixed_nano / moderate] 60/200  tier=NANO    latency=39.3 ms  R=0.606  target=0.50  dets=3  vru=False  backend=onnx
16:05:31  INFO       [fixed_nano / moderate] 80/200  tier=NANO    latency=35.1 ms  R=0.603  target=0.50  dets=3  vru=False  backend=onnx
16:05:32  INFO       [fixed_nano / moderate] 100/200  tier=NANO    latency=42.8 ms  R=0.605  target=0.50  dets=11  vru=False  backend=onnx
16:05:33  INFO       [fixed_nano / moderate] 120/200  tier=NANO    latency=32.6 ms  R=0.601  target=0.50  dets=1  vru=False  backend=onnx
16:05:34  INFO       [fixed_nano / moderate] 140/200  tier=NANO    latency=39.9 ms  R=0.605  target=0.50  dets=1  vru=False  backend=onnx
16:05:35  INFO       [fixed_nano / moderate] 160/200  tier=NANO    latency=44.2 ms  R=0.573  target=0.50  dets=0  vru=False  backend=onnx
16:05:36  INFO       [fixed_nano / moderate] 180/200  tier=NANO    latency=39.5 ms  R=0.606  target=0.50  dets=3  vru=False  backend=onnx
16:05:37  INFO       [fixed_nano / moderate] 200/200  tier=NANO    latency=45.6 ms  R=0.603  target=0.50  dets=5  vru=False  backend=onnx
16:05:37  INFO     [RAMS] Controller stopped.
16:05:37  INFO     
--- Block 7/10  Policy: fixed_medium  Load: moderate (50%) ---
16:05:37  INFO     [RAMS] Starting resource monitor ...
16:05:37  INFO     [RAMS] Loading model tiers ...
16:05:37  INFO     [RAMS] YOLOv8-nano ready — ONNX (imgsz=320).
16:05:38  INFO     [RAMS] YOLOv8-small ready — ONNX (imgsz=416).
16:05:38  INFO     [RAMS] YOLOv8-medium ready — ONNX (imgsz=640).
16:05:38  INFO     [RAMS] Controller ready. Policy: fixed
16:05:39  INFO     [RAMS] Tier switch: SMALL → MEDIUM  (R=0.412)
16:05:55  INFO       [fixed_medium / moderate] 20/200  tier=MEDIUM  latency=788.5 ms  R=0.629  target=0.50  dets=1  vru=False  backend=onnx
16:06:11  INFO       [fixed_medium / moderate] 40/200  tier=MEDIUM  latency=867.1 ms  R=0.661  target=0.50  dets=7  vru=False  backend=onnx
16:06:27  INFO       [fixed_medium / moderate] 60/200  tier=MEDIUM  latency=782.2 ms  R=0.619  target=0.50  dets=3  vru=False  backend=onnx
16:06:42  INFO       [fixed_medium / moderate] 80/200  tier=MEDIUM  latency=718.8 ms  R=0.624  target=0.50  dets=5  vru=True  backend=onnx
16:06:58  INFO       [fixed_medium / moderate] 100/200  tier=MEDIUM  latency=760.4 ms  R=0.670  target=0.50  dets=15  vru=False  backend=onnx
16:07:14  INFO       [fixed_medium / moderate] 120/200  tier=MEDIUM  latency=853.5 ms  R=0.689  target=0.50  dets=3  vru=True  backend=onnx
16:07:30  INFO       [fixed_medium / moderate] 140/200  tier=MEDIUM  latency=718.5 ms  R=0.629  target=0.50  dets=10  vru=True  backend=onnx
16:07:46  INFO       [fixed_medium / moderate] 160/200  tier=MEDIUM  latency=773.4 ms  R=0.624  target=0.50  dets=1  vru=False  backend=onnx
16:08:02  INFO       [fixed_medium / moderate] 180/200  tier=MEDIUM  latency=736.8 ms  R=0.673  target=0.50  dets=8  vru=False  backend=onnx
16:08:17  INFO       [fixed_medium / moderate] 200/200  tier=MEDIUM  latency=778.8 ms  R=0.629  target=0.50  dets=7  vru=True  backend=onnx
16:08:17  INFO     [RAMS] Controller stopped.
16:08:17  INFO     
--- Block 7/10  Policy: fixed_small  Load: moderate (50%) ---
16:08:17  INFO     [RAMS] Starting resource monitor ...
16:08:17  INFO     [RAMS] Loading model tiers ...
16:08:18  INFO     [RAMS] YOLOv8-nano ready — ONNX (imgsz=320).
16:08:18  INFO     [RAMS] YOLOv8-small ready — ONNX (imgsz=416).
16:08:19  INFO     [RAMS] YOLOv8-medium ready — ONNX (imgsz=640).
16:08:19  INFO     [RAMS] Controller ready. Policy: fixed
16:08:23  INFO       [fixed_small / moderate] 20/200  tier=SMALL   latency=144.9 ms  R=0.649  target=0.50  dets=1  vru=False  backend=onnx
16:08:26  INFO       [fixed_small / moderate] 40/200  tier=SMALL   latency=128.2 ms  R=0.610  target=0.50  dets=6  vru=False  backend=onnx
16:08:29  INFO       [fixed_small / moderate] 60/200  tier=SMALL   latency=143.6 ms  R=0.612  target=0.50  dets=3  vru=False  backend=onnx
16:08:32  INFO       [fixed_small / moderate] 80/200  tier=SMALL   latency=133.0 ms  R=0.629  target=0.50  dets=4  vru=False  backend=onnx
16:08:35  INFO       [fixed_small / moderate] 100/200  tier=SMALL   latency=129.2 ms  R=0.629  target=0.50  dets=9  vru=False  backend=onnx
16:08:38  INFO       [fixed_small / moderate] 120/200  tier=SMALL   latency=147.0 ms  R=0.633  target=0.50  dets=2  vru=False  backend=onnx
16:08:42  INFO       [fixed_small / moderate] 140/200  tier=SMALL   latency=190.7 ms  R=0.670  target=0.50  dets=7  vru=True  backend=onnx
16:08:45  INFO       [fixed_small / moderate] 160/200  tier=SMALL   latency=162.7 ms  R=0.653  target=0.50  dets=0  vru=False  backend=onnx
16:08:48  INFO       [fixed_small / moderate] 180/200  tier=SMALL   latency=173.8 ms  R=0.617  target=0.50  dets=4  vru=False  backend=onnx
16:08:51  INFO       [fixed_small / moderate] 200/200  tier=SMALL   latency=130.3 ms  R=0.627  target=0.50  dets=8  vru=True  backend=onnx
16:08:51  INFO     [RAMS] Controller stopped.
16:08:52  INFO     
--- Block 7/10  Policy: safety2  Load: moderate (50%) ---
16:08:52  INFO     [RAMS] Starting resource monitor ...
16:08:52  INFO     [RAMS] Loading model tiers ...
16:08:52  INFO     [RAMS] YOLOv8-nano ready — ONNX (imgsz=320).
16:08:52  INFO     [RAMS] YOLOv8-small ready — ONNX (imgsz=416).
16:08:53  INFO     [RAMS] YOLOv8-medium ready — ONNX (imgsz=640).
16:08:53  INFO     [RAMS] Controller ready. Policy: safety2
16:08:54  INFO     [RAMS] Tier switch: SMALL → NANO  (R=0.610)
16:08:54  INFO     [RAMS] Tier switch: NANO → SMALL  (R=0.605)
16:08:55  INFO     [RAMS] Tier switch: SMALL → MEDIUM  (R=0.640)
16:08:57  INFO     [RAMS] Tier switch: MEDIUM → NANO  (R=0.636)
16:08:57  INFO     [RAMS] Tier switch: NANO → SMALL  (R=0.596)
16:08:58  INFO       [safety2 / moderate] 20/200  tier=SMALL   latency=129.5 ms  R=0.643  target=0.50  dets=1  vru=False  backend=onnx
16:08:59  INFO     [RAMS] Tier switch: SMALL → MEDIUM  (R=0.618)
16:09:01  INFO     [RAMS] Tier switch: MEDIUM → SMALL  (R=0.701)
16:09:01  INFO     [RAMS] Tier switch: SMALL → MEDIUM  (R=0.684)
16:09:02  INFO     [RAMS] Tier switch: MEDIUM → NANO  (R=0.672)
16:09:02  INFO     [RAMS] Tier switch: NANO → SMALL  (R=0.677)
16:09:03  INFO       [safety2 / moderate] 40/200  tier=SMALL   latency=152.9 ms  R=0.659  target=0.50  dets=6  vru=False  backend=onnx
16:09:03  INFO     [RAMS] Tier switch: SMALL → NANO  (R=0.719)
16:09:03  INFO     [RAMS] Tier switch: NANO → SMALL  (R=0.667)
16:09:03  INFO     [RAMS] Tier switch: SMALL → MEDIUM  (R=0.672)
16:09:07  INFO     [RAMS] Tier switch: MEDIUM → NANO  (R=0.634)
16:09:08  INFO     [RAMS] Tier switch: NANO → SMALL  (R=0.605)
16:09:08  INFO     [RAMS] Tier switch: SMALL → MEDIUM  (R=0.612)
16:09:10  INFO       [safety2 / moderate] 60/200  tier=MEDIUM  latency=711.6 ms  R=0.629  target=0.50  dets=3  vru=False  backend=onnx
16:09:11  INFO     [RAMS] Tier switch: MEDIUM → SMALL  (R=0.629)
16:09:11  INFO     [RAMS] Tier switch: SMALL → MEDIUM  (R=0.616)
16:09:12  INFO     [RAMS] Tier switch: MEDIUM → NANO  (R=0.636)
16:09:12  INFO     [RAMS] Tier switch: NANO → SMALL  (R=0.636)
16:09:13  INFO     [RAMS] Tier switch: SMALL → MEDIUM  (R=0.671)
16:09:15  INFO     [RAMS] Tier switch: MEDIUM → NANO  (R=0.623)
16:09:15  INFO     [RAMS] Tier switch: NANO → MEDIUM  (R=0.623)
16:09:17  INFO       [safety2 / moderate] 80/200  tier=MEDIUM  latency=726.4 ms  R=0.700  target=0.50  dets=5  vru=True  backend=onnx
16:09:18  INFO     [RAMS] Tier switch: MEDIUM → NANO  (R=0.636)
16:09:18  INFO     [RAMS] Tier switch: NANO → MEDIUM  (R=0.608)
16:09:21  INFO     [RAMS] Tier switch: MEDIUM → NANO  (R=0.624)
16:09:21  INFO       [safety2 / moderate] 100/200  tier=NANO    latency=32.1 ms  R=0.624  target=0.50  dets=11  vru=False  backend=onnx
16:09:21  INFO     [RAMS] Tier switch: NANO → SMALL  (R=0.596)
16:09:21  INFO     [RAMS] Tier switch: SMALL → MEDIUM  (R=0.616)
16:09:24  INFO     [RAMS] Tier switch: MEDIUM → NANO  (R=0.667)
16:09:24  INFO     [RAMS] Tier switch: NANO → MEDIUM  (R=0.658)
16:09:25  INFO       [safety2 / moderate] 120/200  tier=MEDIUM  latency=902.0 ms  R=0.658  target=0.50  dets=3  vru=True  backend=onnx
16:09:27  INFO     [RAMS] Tier switch: MEDIUM → NANO  (R=0.667)
16:09:27  INFO     [RAMS] Tier switch: NANO → MEDIUM  (R=0.653)
16:09:30  INFO     [RAMS] Tier switch: MEDIUM → NANO  (R=0.624)
16:09:30  INFO     [RAMS] Tier switch: NANO → MEDIUM  (R=0.640)
16:09:31  INFO       [safety2 / moderate] 140/200  tier=MEDIUM  latency=767.8 ms  R=0.639  target=0.50  dets=10  vru=True  backend=onnx
16:09:32  INFO     [RAMS] Tier switch: MEDIUM → NANO  (R=0.630)
16:09:32  INFO     [RAMS] Tier switch: NANO → MEDIUM  (R=0.595)
16:09:35  INFO     [RAMS] Tier switch: MEDIUM → NANO  (R=0.641)
16:09:35  INFO     [RAMS] Tier switch: NANO → SMALL  (R=0.654)
16:09:36  INFO       [safety2 / moderate] 160/200  tier=SMALL   latency=133.0 ms  R=0.634  target=0.50  dets=0  vru=False  backend=onnx
16:09:36  INFO     [RAMS] Tier switch: SMALL → NANO  (R=0.618)
16:09:36  INFO     [RAMS] Tier switch: NANO → SMALL  (R=0.604)
16:09:37  INFO     [RAMS] Tier switch: SMALL → MEDIUM  (R=0.618)
16:09:40  INFO     [RAMS] Tier switch: MEDIUM → NANO  (R=0.629)
16:09:40  INFO     [RAMS] Tier switch: NANO → SMALL  (R=0.629)
16:09:40  INFO       [safety2 / moderate] 180/200  tier=SMALL   latency=142.3 ms  R=0.605  target=0.50  dets=4  vru=False  backend=onnx
16:09:41  INFO     [RAMS] Tier switch: SMALL → MEDIUM  (R=0.611)
16:09:42  INFO     [RAMS] Tier switch: MEDIUM → NANO  (R=0.631)
16:09:42  INFO     [RAMS] Tier switch: NANO → SMALL  (R=0.631)
16:09:43  INFO     [RAMS] Tier switch: SMALL → NANO  (R=0.617)
16:09:43  INFO     [RAMS] Tier switch: NANO → SMALL  (R=0.617)
16:09:43  INFO     [RAMS] Tier switch: SMALL → MEDIUM  (R=0.612)
16:09:44  INFO     [RAMS] Tier switch: MEDIUM → NANO  (R=0.642)
16:09:44  INFO       [safety2 / moderate] 200/200  tier=NANO    latency=52.1 ms  R=0.642  target=0.50  dets=5  vru=False  backend=onnx
16:09:44  INFO     [RAMS] Controller stopped.
16:09:45  INFO     
--- Block 7/10  Policy: threshold  Load: moderate (50%) ---
16:09:45  INFO     [RAMS] Starting resource monitor ...
16:09:45  INFO     [RAMS] Loading model tiers ...
16:09:45  INFO     [RAMS] YOLOv8-nano ready — ONNX (imgsz=320).
16:09:45  INFO     [RAMS] YOLOv8-small ready — ONNX (imgsz=416).
16:09:46  INFO     [RAMS] YOLOv8-medium ready — ONNX (imgsz=640).
16:09:46  INFO     [RAMS] Controller ready. Policy: threshold
16:09:47  INFO     [RAMS] Tier switch: SMALL → NANO  (R=0.678)
16:09:48  INFO       [threshold / moderate] 20/200  tier=NANO    latency=33.9 ms  R=0.648  target=0.50  dets=1  vru=False  backend=onnx
16:09:50  INFO       [threshold / moderate] 40/200  tier=NANO    latency=33.2 ms  R=0.653  target=0.50  dets=0  vru=False  backend=onnx
16:09:51  INFO       [threshold / moderate] 60/200  tier=NANO    latency=42.6 ms  R=0.653  target=0.50  dets=3  vru=False  backend=onnx
16:09:51  INFO     [RAMS] Tier switch: NANO → SMALL  (R=0.594)
16:09:52  INFO       [threshold / moderate] 80/200  tier=SMALL   latency=148.0 ms  R=0.605  target=0.50  dets=4  vru=False  backend=onnx
16:09:53  INFO     [RAMS] Tier switch: SMALL → NANO  (R=0.629)
16:09:53  INFO     [RAMS] Tier switch: NANO → SMALL  (R=0.587)
16:09:53  INFO     [RAMS] Tier switch: SMALL → NANO  (R=0.612)
16:09:53  INFO     [RAMS] Tier switch: NANO → SMALL  (R=0.598)
16:09:54  INFO     [RAMS] Tier switch: SMALL → NANO  (R=0.617)
16:09:54  INFO       [threshold / moderate] 100/200  tier=NANO    latency=32.8 ms  R=0.617  target=0.50  dets=11  vru=False  backend=onnx
16:09:54  INFO     [RAMS] Tier switch: NANO → SMALL  (R=0.584)
16:09:55  INFO     [RAMS] Tier switch: SMALL → NANO  (R=0.624)
16:09:55  INFO       [threshold / moderate] 120/200  tier=NANO    latency=31.0 ms  R=0.610  target=0.50  dets=1  vru=False  backend=onnx
16:09:56  INFO     [RAMS] Tier switch: NANO → SMALL  (R=0.596)
16:09:56  INFO     [RAMS] Tier switch: SMALL → NANO  (R=0.617)
16:09:56  INFO     [RAMS] Tier switch: NANO → SMALL  (R=0.597)
16:09:57  INFO       [threshold / moderate] 140/200  tier=SMALL   latency=165.2 ms  R=0.629  target=0.50  dets=7  vru=True  backend=onnx
16:09:57  INFO     [RAMS] Tier switch: SMALL → NANO  (R=0.624)
16:09:58  INFO       [threshold / moderate] 160/200  tier=NANO    latency=38.2 ms  R=0.646  target=0.50  dets=0  vru=False  backend=onnx
16:09:58  INFO     [RAMS] Tier switch: NANO → SMALL  (R=0.600)
16:09:59  INFO     [RAMS] Tier switch: SMALL → NANO  (R=0.619)
16:09:59  INFO     [RAMS] Tier switch: NANO → SMALL  (R=0.603)
16:09:59  INFO       [threshold / moderate] 180/200  tier=SMALL   latency=135.1 ms  R=0.603  target=0.50  dets=4  vru=False  backend=onnx
16:10:00  INFO     [RAMS] Tier switch: SMALL → NANO  (R=0.633)
16:10:00  INFO     [RAMS] Tier switch: NANO → SMALL  (R=0.595)
16:10:01  INFO       [threshold / moderate] 200/200  tier=SMALL   latency=136.4 ms  R=0.624  target=0.50  dets=8  vru=True  backend=onnx
16:10:01  INFO     [RAMS] Controller stopped.
16:10:01  INFO     
--- Block 7/10  Policy: predictive  Load: moderate (50%) ---
16:10:01  INFO     [RAMS] Starting resource monitor ...
16:10:01  INFO     [RAMS] Loading model tiers ...
16:10:01  INFO     [RAMS] YOLOv8-nano ready — ONNX (imgsz=320).
16:10:01  INFO     [RAMS] YOLOv8-small ready — ONNX (imgsz=416).
16:10:02  INFO     [RAMS] YOLOv8-medium ready — ONNX (imgsz=640).
16:10:02  INFO     [RAMS] Controller ready. Policy: predictive
16:10:04  INFO     [RAMS] Tier switch: SMALL → NANO  (R=0.633)
16:10:04  INFO     [RAMS] Tier switch: NANO → SMALL  (R=0.600)
16:10:05  INFO     [RAMS] Tier switch: SMALL → NANO  (R=0.629)
16:10:05  INFO     [RAMS] Tier switch: NANO → SMALL  (R=0.588)
16:10:05  INFO     [RAMS] Tier switch: SMALL → NANO  (R=0.682)
16:10:05  INFO       [predictive / moderate] 20/200  tier=NANO    latency=35.7 ms  R=0.615  target=0.50  dets=1  vru=False  backend=onnx
16:10:05  INFO     [RAMS] Tier switch: NANO → SMALL  (R=0.605)
16:10:06  INFO     [RAMS] Tier switch: SMALL → NANO  (R=0.613)
16:10:06  INFO     [RAMS] Tier switch: NANO → SMALL  (R=0.594)
16:10:06  INFO     [RAMS] Tier switch: SMALL → NANO  (R=0.675)
16:10:07  INFO       [predictive / moderate] 40/200  tier=NANO    latency=53.3 ms  R=0.664  target=0.50  dets=0  vru=False  backend=onnx
16:10:08  INFO       [predictive / moderate] 60/200  tier=NANO    latency=52.9 ms  R=0.630  target=0.50  dets=3  vru=False  backend=onnx
16:10:09  INFO       [predictive / moderate] 80/200  tier=NANO    latency=67.8 ms  R=0.707  target=0.50  dets=3  vru=False  backend=onnx
16:10:10  INFO       [predictive / moderate] 100/200  tier=NANO    latency=37.3 ms  R=0.661  target=0.50  dets=11  vru=False  backend=onnx
16:10:11  INFO       [predictive / moderate] 120/200  tier=NANO    latency=56.1 ms  R=0.689  target=0.50  dets=1  vru=False  backend=onnx
16:10:12  INFO       [predictive / moderate] 140/200  tier=NANO    latency=36.2 ms  R=0.648  target=0.50  dets=1  vru=False  backend=onnx
16:10:13  INFO       [predictive / moderate] 160/200  tier=NANO    latency=40.5 ms  R=0.617  target=0.50  dets=0  vru=False  backend=onnx
16:10:13  INFO     [RAMS] Tier switch: NANO → SMALL  (R=0.598)
16:10:14  INFO     [RAMS] Tier switch: SMALL → NANO  (R=0.614)
16:10:14  INFO     [RAMS] Tier switch: NANO → SMALL  (R=0.597)
16:10:14  INFO     [RAMS] Tier switch: SMALL → NANO  (R=0.688)
16:10:14  INFO     [RAMS] Tier switch: NANO → SMALL  (R=0.605)
16:10:15  INFO     [RAMS] Tier switch: SMALL → NANO  (R=0.617)
16:10:15  INFO       [predictive / moderate] 180/200  tier=NANO    latency=31.7 ms  R=0.617  target=0.50  dets=3  vru=False  backend=onnx
16:10:15  INFO     [RAMS] Tier switch: NANO → SMALL  (R=0.594)
16:10:15  INFO     [RAMS] Tier switch: SMALL → NANO  (R=0.631)
16:10:16  INFO     [RAMS] Tier switch: NANO → SMALL  (R=0.603)
16:10:16  INFO     [RAMS] Tier switch: SMALL → NANO  (R=0.615)
16:10:16  INFO       [predictive / moderate] 200/200  tier=NANO    latency=34.3 ms  R=0.673  target=0.50  dets=5  vru=False  backend=onnx
16:10:16  INFO     [RAMS] Controller stopped.
16:10:16  INFO     
--- Block 7/10  Policy: safety  Load: moderate (50%) ---
16:10:16  INFO     [RAMS] Starting resource monitor ...
16:10:16  INFO     [RAMS] Loading model tiers ...
16:10:16  INFO     [RAMS] YOLOv8-nano ready — ONNX (imgsz=320).
16:10:17  INFO     [RAMS] YOLOv8-small ready — ONNX (imgsz=416).
16:10:17  INFO     [RAMS] YOLOv8-medium ready — ONNX (imgsz=640).
16:10:17  INFO     [RAMS] Controller ready. Policy: safety
16:10:19  INFO     [RAMS] Tier switch: SMALL → NANO  (R=0.624)
16:10:19  INFO     [RAMS] Tier switch: NANO → SMALL  (R=0.606)
16:10:20  INFO     [RAMS] Tier switch: SMALL → NANO  (R=0.629)
16:10:20  INFO       [safety / moderate] 20/200  tier=NANO    latency=33.4 ms  R=0.606  target=0.50  dets=1  vru=False  backend=onnx
16:10:21  INFO     [RAMS] Tier switch: NANO → SMALL  (R=0.598)
16:10:22  INFO     [RAMS] Tier switch: SMALL → NANO  (R=0.629)
16:10:22  INFO     [RAMS] Tier switch: NANO → SMALL  (R=0.587)
16:10:23  INFO       [safety / moderate] 40/200  tier=SMALL   latency=151.1 ms  R=0.624  target=0.50  dets=6  vru=False  backend=onnx
16:10:23  INFO     [RAMS] Tier switch: SMALL → NANO  (R=0.675)
16:10:23  INFO     [RAMS] Tier switch: NANO → SMALL  (R=0.598)
16:10:24  INFO     [RAMS] Tier switch: SMALL → NANO  (R=0.629)
16:10:24  INFO     [RAMS] Tier switch: NANO → SMALL  (R=0.597)
16:10:25  INFO       [safety / moderate] 60/200  tier=SMALL   latency=132.4 ms  R=0.665  target=0.50  dets=3  vru=False  backend=onnx
16:10:28  INFO       [safety / moderate] 80/200  tier=SMALL   latency=135.4 ms  R=0.707  target=0.50  dets=4  vru=False  backend=onnx
16:10:29  INFO     [RAMS] Tier switch: SMALL → NANO  (R=0.673)
16:10:30  INFO     [RAMS] Tier switch: NANO → SMALL  (R=0.666)
16:10:31  INFO       [safety / moderate] 100/200  tier=SMALL   latency=160.5 ms  R=0.676  target=0.50  dets=9  vru=False  backend=onnx
16:10:31  INFO     [RAMS] Tier switch: SMALL → NANO  (R=0.671)
16:10:31  INFO     [RAMS] Tier switch: NANO → SMALL  (R=0.656)
16:10:33  INFO     [RAMS] Tier switch: SMALL → NANO  (R=0.661)
16:10:33  INFO     [RAMS] Tier switch: NANO → SMALL  (R=0.652)
16:10:33  INFO       [safety / moderate] 120/200  tier=SMALL   latency=193.8 ms  R=0.652  target=0.50  dets=2  vru=False  backend=onnx
16:10:33  INFO     [RAMS] Tier switch: SMALL → NANO  (R=0.668)
16:10:34  INFO     [RAMS] Tier switch: NANO → SMALL  (R=0.653)
16:10:35  INFO       [safety / moderate] 140/200  tier=SMALL   latency=129.4 ms  R=0.629  target=0.50  dets=7  vru=True  backend=onnx
16:10:38  INFO     [RAMS] Tier switch: SMALL → NANO  (R=0.636)
16:10:38  INFO       [safety / moderate] 160/200  tier=NANO    latency=35.9 ms  R=0.636  target=0.50  dets=0  vru=False  backend=onnx
16:10:38  INFO     [RAMS] Tier switch: NANO → SMALL  (R=0.606)
16:10:41  INFO       [safety / moderate] 180/200  tier=SMALL   latency=129.0 ms  R=0.607  target=0.50  dets=4  vru=False  backend=onnx
16:10:41  INFO     [RAMS] Tier switch: SMALL → NANO  (R=0.611)
16:10:41  INFO     [RAMS] Tier switch: NANO → SMALL  (R=0.606)
16:10:43  INFO       [safety / moderate] 200/200  tier=SMALL   latency=149.0 ms  R=0.604  target=0.50  dets=8  vru=True  backend=onnx
16:10:44  INFO     [RAMS] Controller stopped.
16:10:44  INFO     
--- Block 8/10  Policy: fixed_small  Load: moderate (50%) ---
16:10:44  INFO     [RAMS] Starting resource monitor ...
16:10:44  INFO     [RAMS] Loading model tiers ...
16:10:44  INFO     [RAMS] YOLOv8-nano ready — ONNX (imgsz=320).
16:10:44  INFO     [RAMS] YOLOv8-small ready — ONNX (imgsz=416).
16:10:45  INFO     [RAMS] YOLOv8-medium ready — ONNX (imgsz=640).
16:10:45  INFO     [RAMS] Controller ready. Policy: fixed
16:10:49  INFO       [fixed_small / moderate] 20/200  tier=SMALL   latency=147.7 ms  R=0.629  target=0.50  dets=1  vru=False  backend=onnx
16:10:52  INFO       [fixed_small / moderate] 40/200  tier=SMALL   latency=135.0 ms  R=0.677  target=0.50  dets=5  vru=False  backend=onnx
16:10:55  INFO       [fixed_small / moderate] 60/200  tier=SMALL   latency=152.2 ms  R=0.673  target=0.50  dets=8  vru=False  backend=onnx
16:10:59  INFO       [fixed_small / moderate] 80/200  tier=SMALL   latency=140.4 ms  R=0.624  target=0.50  dets=5  vru=False  backend=onnx
16:11:02  INFO       [fixed_small / moderate] 100/200  tier=SMALL   latency=128.4 ms  R=0.618  target=0.50  dets=9  vru=False  backend=onnx
16:11:05  INFO       [fixed_small / moderate] 120/200  tier=SMALL   latency=157.9 ms  R=0.618  target=0.50  dets=0  vru=False  backend=onnx
16:11:08  INFO       [fixed_small / moderate] 140/200  tier=SMALL   latency=149.2 ms  R=0.629  target=0.50  dets=1  vru=False  backend=onnx
16:11:11  INFO       [fixed_small / moderate] 160/200  tier=SMALL   latency=130.3 ms  R=0.677  target=0.50  dets=1  vru=False  backend=onnx
16:11:14  INFO       [fixed_small / moderate] 180/200  tier=SMALL   latency=129.9 ms  R=0.666  target=0.50  dets=3  vru=False  backend=onnx
16:11:18  INFO       [fixed_small / moderate] 200/200  tier=SMALL   latency=150.2 ms  R=0.642  target=0.50  dets=12  vru=False  backend=onnx
16:11:18  INFO     [RAMS] Controller stopped.
16:11:18  INFO     
--- Block 8/10  Policy: safety  Load: moderate (50%) ---
16:11:18  INFO     [RAMS] Starting resource monitor ...
16:11:18  INFO     [RAMS] Loading model tiers ...
16:11:18  INFO     [RAMS] YOLOv8-nano ready — ONNX (imgsz=320).
16:11:18  INFO     [RAMS] YOLOv8-small ready — ONNX (imgsz=416).
16:11:19  INFO     [RAMS] YOLOv8-medium ready — ONNX (imgsz=640).
16:11:19  INFO     [RAMS] Controller ready. Policy: safety
16:11:21  INFO     [RAMS] Tier switch: SMALL → NANO  (R=0.622)
16:11:21  INFO     [RAMS] Tier switch: NANO → SMALL  (R=0.600)
16:11:22  INFO     [RAMS] Tier switch: SMALL → NANO  (R=0.615)
16:11:22  INFO       [safety / moderate] 20/200  tier=NANO    latency=31.2 ms  R=0.610  target=0.50  dets=0  vru=False  backend=onnx
16:11:23  INFO     [RAMS] Tier switch: NANO → SMALL  (R=0.600)
16:11:24  INFO     [RAMS] Tier switch: SMALL → NANO  (R=0.627)
16:11:24  INFO       [safety / moderate] 40/200  tier=NANO    latency=35.1 ms  R=0.598  target=0.50  dets=3  vru=False  backend=onnx
16:11:24  INFO     [RAMS] Tier switch: NANO → SMALL  (R=0.598)
16:11:25  INFO     [RAMS] Tier switch: SMALL → NANO  (R=0.629)
16:11:25  INFO     [RAMS] Tier switch: NANO → SMALL  (R=0.597)
16:11:27  INFO     [RAMS] Tier switch: SMALL → NANO  (R=0.612)
16:11:27  INFO       [safety / moderate] 60/200  tier=NANO    latency=33.0 ms  R=0.598  target=0.50  dets=2  vru=False  backend=onnx
16:11:27  INFO     [RAMS] Tier switch: NANO → SMALL  (R=0.605)
16:11:29  INFO     [RAMS] Tier switch: SMALL → NANO  (R=0.623)
16:11:29  INFO     [RAMS] Tier switch: NANO → SMALL  (R=0.623)
16:11:30  INFO       [safety / moderate] 80/200  tier=SMALL   latency=130.2 ms  R=0.612  target=0.50  dets=5  vru=False  backend=onnx
16:11:31  INFO     [RAMS] Tier switch: SMALL → NANO  (R=0.649)
16:11:31  INFO     [RAMS] Tier switch: NANO → SMALL  (R=0.598)
16:11:33  INFO       [safety / moderate] 100/200  tier=SMALL   latency=138.4 ms  R=0.617  target=0.50  dets=9  vru=False  backend=onnx
16:11:34  INFO     [RAMS] Tier switch: SMALL → NANO  (R=0.607)
16:11:34  INFO     [RAMS] Tier switch: NANO → SMALL  (R=0.671)
16:11:35  INFO     [RAMS] Tier switch: SMALL → NANO  (R=0.671)
16:11:35  INFO       [safety / moderate] 120/200  tier=NANO    latency=39.8 ms  R=0.671  target=0.50  dets=0  vru=False  backend=onnx
16:11:35  INFO     [RAMS] Tier switch: NANO → SMALL  (R=0.647)
16:11:36  INFO     [RAMS] Tier switch: SMALL → NANO  (R=0.712)
16:11:36  INFO     [RAMS] Tier switch: NANO → SMALL  (R=0.654)
16:11:37  INFO     [RAMS] Tier switch: SMALL → NANO  (R=0.664)
16:11:37  INFO     [RAMS] Tier switch: NANO → SMALL  (R=0.667)
16:11:37  INFO     [RAMS] Tier switch: SMALL → NANO  (R=0.659)
16:11:37  INFO     [RAMS] Tier switch: NANO → SMALL  (R=0.659)
16:11:38  INFO       [safety / moderate] 140/200  tier=SMALL   latency=188.6 ms  R=0.659  target=0.50  dets=1  vru=False  backend=onnx
16:11:38  INFO     [RAMS] Tier switch: SMALL → NANO  (R=0.695)
16:11:38  INFO     [RAMS] Tier switch: NANO → SMALL  (R=0.653)
16:11:40  INFO       [safety / moderate] 160/200  tier=SMALL   latency=167.1 ms  R=0.691  target=0.50  dets=1  vru=False  backend=onnx
16:11:40  INFO     [RAMS] Tier switch: SMALL → NANO  (R=0.663)
16:11:41  INFO     [RAMS] Tier switch: NANO → SMALL  (R=0.627)
16:11:42  INFO     [RAMS] Tier switch: SMALL → NANO  (R=0.636)
16:11:42  INFO     [RAMS] Tier switch: NANO → SMALL  (R=0.602)
16:11:42  INFO       [safety / moderate] 180/200  tier=SMALL   latency=173.5 ms  R=0.608  target=0.50  dets=3  vru=False  backend=onnx
16:11:43  INFO     [RAMS] Tier switch: SMALL → NANO  (R=0.623)
16:11:43  INFO     [RAMS] Tier switch: NANO → SMALL  (R=0.612)
16:11:45  INFO       [safety / moderate] 200/200  tier=SMALL   latency=130.6 ms  R=0.609  target=0.50  dets=12  vru=False  backend=onnx
16:11:45  INFO     [RAMS] Controller stopped.
16:11:45  INFO     
--- Block 8/10  Policy: threshold  Load: moderate (50%) ---
16:11:45  INFO     [RAMS] Starting resource monitor ...
16:11:45  INFO     [RAMS] Loading model tiers ...
16:11:45  INFO     [RAMS] YOLOv8-nano ready — ONNX (imgsz=320).
16:11:45  INFO     [RAMS] YOLOv8-small ready — ONNX (imgsz=416).
16:11:46  INFO     [RAMS] YOLOv8-medium ready — ONNX (imgsz=640).
16:11:46  INFO     [RAMS] Controller ready. Policy: threshold
16:11:48  INFO     [RAMS] Tier switch: SMALL → NANO  (R=0.608)
16:11:48  INFO     [RAMS] Tier switch: NANO → SMALL  (R=0.594)
16:11:49  INFO     [RAMS] Tier switch: SMALL → NANO  (R=0.622)
16:11:49  INFO       [threshold / moderate] 20/200  tier=NANO    latency=31.0 ms  R=0.612  target=0.50  dets=0  vru=False  backend=onnx
16:11:49  INFO     [RAMS] Tier switch: NANO → SMALL  (R=0.595)
16:11:50  INFO     [RAMS] Tier switch: SMALL → NANO  (R=0.624)
16:11:50  INFO       [threshold / moderate] 40/200  tier=NANO    latency=35.7 ms  R=0.605  target=0.50  dets=3  vru=False  backend=onnx
16:11:50  INFO     [RAMS] Tier switch: NANO → SMALL  (R=0.603)
16:11:51  INFO     [RAMS] Tier switch: SMALL → NANO  (R=0.609)
16:11:51  INFO     [RAMS] Tier switch: NANO → SMALL  (R=0.581)
16:11:51  INFO     [RAMS] Tier switch: SMALL → NANO  (R=0.624)
16:11:52  INFO       [threshold / moderate] 60/200  tier=NANO    latency=32.0 ms  R=0.594  target=0.50  dets=2  vru=False  backend=onnx
16:11:52  INFO     [RAMS] Tier switch: NANO → SMALL  (R=0.588)
16:11:53  INFO     [RAMS] Tier switch: SMALL → NANO  (R=0.658)
16:11:53  INFO     [RAMS] Tier switch: NANO → SMALL  (R=0.593)
16:11:53  INFO       [threshold / moderate] 80/200  tier=SMALL   latency=146.2 ms  R=0.593  target=0.50  dets=5  vru=False  backend=onnx
16:11:54  INFO     [RAMS] Tier switch: SMALL → NANO  (R=0.620)
16:11:54  INFO     [RAMS] Tier switch: NANO → SMALL  (R=0.605)
16:11:55  INFO     [RAMS] Tier switch: SMALL → NANO  (R=0.617)
16:11:55  INFO       [threshold / moderate] 100/200  tier=NANO    latency=34.5 ms  R=0.647  target=0.50  dets=6  vru=False  backend=onnx
16:11:55  INFO     [RAMS] Tier switch: NANO → SMALL  (R=0.598)
16:11:56  INFO     [RAMS] Tier switch: SMALL → NANO  (R=0.624)
16:11:56  INFO       [threshold / moderate] 120/200  tier=NANO    latency=32.6 ms  R=0.701  target=0.50  dets=0  vru=False  backend=onnx
16:11:57  INFO       [threshold / moderate] 140/200  tier=NANO    latency=42.6 ms  R=0.652  target=0.50  dets=1  vru=False  backend=onnx
16:11:59  INFO       [threshold / moderate] 160/200  tier=NANO    latency=36.6 ms  R=0.663  target=0.50  dets=1  vru=False  backend=onnx
16:12:00  INFO       [threshold / moderate] 180/200  tier=NANO    latency=33.0 ms  R=0.666  target=0.50  dets=2  vru=False  backend=onnx
16:12:01  INFO       [threshold / moderate] 200/200  tier=NANO    latency=32.8 ms  R=0.653  target=0.50  dets=11  vru=False  backend=onnx
16:12:01  INFO     [RAMS] Controller stopped.
16:12:01  INFO     
--- Block 8/10  Policy: safety2  Load: moderate (50%) ---
16:12:01  INFO     [RAMS] Starting resource monitor ...
16:12:01  INFO     [RAMS] Loading model tiers ...
16:12:01  INFO     [RAMS] YOLOv8-nano ready — ONNX (imgsz=320).
16:12:01  INFO     [RAMS] YOLOv8-small ready — ONNX (imgsz=416).
16:12:02  INFO     [RAMS] YOLOv8-medium ready — ONNX (imgsz=640).
16:12:02  INFO     [RAMS] Controller ready. Policy: safety2
16:12:04  INFO     [RAMS] Tier switch: SMALL → NANO  (R=0.629)
16:12:04  INFO     [RAMS] Tier switch: NANO → MEDIUM  (R=0.601)
16:12:06  INFO     [RAMS] Tier switch: MEDIUM → NANO  (R=0.629)
16:12:06  INFO     [RAMS] Tier switch: NANO → SMALL  (R=0.629)
16:12:07  INFO     [RAMS] Tier switch: SMALL → NANO  (R=0.623)
16:12:07  INFO       [safety2 / moderate] 20/200  tier=NANO    latency=35.7 ms  R=0.607  target=0.50  dets=0  vru=False  backend=onnx
16:12:08  INFO       [safety2 / moderate] 40/200  tier=NANO    latency=37.2 ms  R=0.611  target=0.50  dets=3  vru=False  backend=onnx
16:12:08  INFO     [RAMS] Tier switch: NANO → SMALL  (R=0.605)
16:12:09  INFO     [RAMS] Tier switch: SMALL → MEDIUM  (R=0.617)
16:12:09  INFO     [RAMS] Tier switch: MEDIUM → SMALL  (R=0.628)
16:12:10  INFO     [RAMS] Tier switch: SMALL → MEDIUM  (R=0.605)
16:12:14  INFO     [RAMS] Tier switch: MEDIUM → NANO  (R=0.636)
16:12:15  INFO       [safety2 / moderate] 60/200  tier=NANO    latency=34.8 ms  R=0.587  target=0.50  dets=2  vru=False  backend=onnx
16:12:15  INFO     [RAMS] Tier switch: NANO → SMALL  (R=0.603)
16:12:15  INFO     [RAMS] Tier switch: SMALL → MEDIUM  (R=0.611)
16:12:16  INFO     [RAMS] Tier switch: MEDIUM → NANO  (R=0.626)
16:12:16  INFO     [RAMS] Tier switch: NANO → MEDIUM  (R=0.595)
16:12:19  INFO     [RAMS] Tier switch: MEDIUM → NANO  (R=0.667)
16:12:19  INFO     [RAMS] Tier switch: NANO → MEDIUM  (R=0.660)
16:12:22  INFO     [RAMS] Tier switch: MEDIUM → SMALL  (R=0.685)
16:12:22  INFO       [safety2 / moderate] 80/200  tier=SMALL   latency=220.8 ms  R=0.660  target=0.50  dets=5  vru=False  backend=onnx
16:12:22  INFO     [RAMS] Tier switch: SMALL → NANO  (R=0.660)
16:12:22  INFO     [RAMS] Tier switch: NANO → MEDIUM  (R=0.657)
16:12:25  INFO     [RAMS] Tier switch: MEDIUM → NANO  (R=0.623)
16:12:25  INFO     [RAMS] Tier switch: NANO → MEDIUM  (R=0.614)
16:12:30  INFO     [RAMS] Tier switch: MEDIUM → NANO  (R=0.632)
16:12:30  INFO       [safety2 / moderate] 100/200  tier=NANO    latency=32.3 ms  R=0.616  target=0.50  dets=6  vru=False  backend=onnx
16:12:30  INFO     [RAMS] Tier switch: NANO → MEDIUM  (R=0.654)
16:12:32  INFO     [RAMS] Tier switch: MEDIUM → NANO  (R=0.626)
16:12:32  INFO     [RAMS] Tier switch: NANO → SMALL  (R=0.599)
16:12:33  INFO     [RAMS] Tier switch: SMALL → NANO  (R=0.607)
16:12:33  INFO     [RAMS] Tier switch: NANO → MEDIUM  (R=0.621)
16:12:35  INFO     [RAMS] Tier switch: MEDIUM → SMALL  (R=0.631)
16:12:36  INFO       [safety2 / moderate] 120/200  tier=SMALL   latency=129.4 ms  R=0.612  target=0.50  dets=0  vru=False  backend=onnx
16:12:36  INFO     [RAMS] Tier switch: SMALL → NANO  (R=0.658)
16:12:36  INFO     [RAMS] Tier switch: NANO → SMALL  (R=0.607)
16:12:37  INFO     [RAMS] Tier switch: SMALL → NANO  (R=0.674)
16:12:37  INFO     [RAMS] Tier switch: NANO → SMALL  (R=0.593)
16:12:38  INFO     [RAMS] Tier switch: SMALL → NANO  (R=0.630)
16:12:38  INFO     [RAMS] Tier switch: NANO → SMALL  (R=0.630)
16:12:38  INFO     [RAMS] Tier switch: SMALL → MEDIUM  (R=0.624)
16:12:39  INFO       [safety2 / moderate] 140/200  tier=MEDIUM  latency=785.4 ms  R=0.624  target=0.50  dets=1  vru=False  backend=onnx
16:12:40  INFO     [RAMS] Tier switch: MEDIUM → NANO  (R=0.672)
16:12:41  INFO     [RAMS] Tier switch: NANO → SMALL  (R=0.655)
16:12:41  INFO     [RAMS] Tier switch: SMALL → MEDIUM  (R=0.650)
16:12:43  INFO     [RAMS] Tier switch: MEDIUM → NANO  (R=0.678)
16:12:43  INFO     [RAMS] Tier switch: NANO → SMALL  (R=0.638)
16:12:43  INFO     [RAMS] Tier switch: SMALL → NANO  (R=0.666)
16:12:43  INFO       [safety2 / moderate] 160/200  tier=NANO    latency=36.0 ms  R=0.660  target=0.50  dets=1  vru=False  backend=onnx
16:12:44  INFO     [RAMS] Tier switch: NANO → MEDIUM  (R=0.660)
16:12:46  INFO     [RAMS] Tier switch: MEDIUM → NANO  (R=0.629)
16:12:47  INFO     [RAMS] Tier switch: NANO → SMALL  (R=0.604)
16:12:48  INFO       [safety2 / moderate] 180/200  tier=SMALL   latency=143.2 ms  R=0.623  target=0.50  dets=3  vru=False  backend=onnx
16:12:48  INFO     [RAMS] Tier switch: SMALL → MEDIUM  (R=0.678)
16:12:50  INFO     [RAMS] Tier switch: MEDIUM → NANO  (R=0.621)
16:12:50  INFO     [RAMS] Tier switch: NANO → SMALL  (R=0.602)
16:12:50  INFO     [RAMS] Tier switch: SMALL → MEDIUM  (R=0.624)
16:12:52  INFO     [RAMS] Tier switch: MEDIUM → NANO  (R=0.618)
16:12:52  INFO     [RAMS] Tier switch: NANO → SMALL  (R=0.609)
16:12:52  INFO     [RAMS] Tier switch: SMALL → MEDIUM  (R=0.611)
16:12:53  INFO       [safety2 / moderate] 200/200  tier=MEDIUM  latency=758.6 ms  R=0.611  target=0.50  dets=15  vru=False  backend=onnx
16:12:53  INFO     [RAMS] Controller stopped.
16:12:53  INFO     
--- Block 8/10  Policy: fixed_nano  Load: moderate (50%) ---
16:12:53  INFO     [RAMS] Starting resource monitor ...
16:12:53  INFO     [RAMS] Loading model tiers ...
16:12:53  INFO     [RAMS] YOLOv8-nano ready — ONNX (imgsz=320).
16:12:54  INFO     [RAMS] YOLOv8-small ready — ONNX (imgsz=416).
16:12:54  INFO     [RAMS] YOLOv8-medium ready — ONNX (imgsz=640).
16:12:54  INFO     [RAMS] Controller ready. Policy: fixed
16:12:55  INFO     [RAMS] Tier switch: SMALL → NANO  (R=0.406)
16:12:56  INFO       [fixed_nano / moderate] 20/200  tier=NANO    latency=41.7 ms  R=0.603  target=0.50  dets=0  vru=False  backend=onnx
16:12:57  INFO       [fixed_nano / moderate] 40/200  tier=NANO    latency=36.9 ms  R=0.594  target=0.50  dets=3  vru=False  backend=onnx
16:12:58  INFO       [fixed_nano / moderate] 60/200  tier=NANO    latency=33.3 ms  R=0.598  target=0.50  dets=2  vru=False  backend=onnx
16:12:59  INFO       [fixed_nano / moderate] 80/200  tier=NANO    latency=34.7 ms  R=0.612  target=0.50  dets=5  vru=False  backend=onnx
16:13:00  INFO       [fixed_nano / moderate] 100/200  tier=NANO    latency=32.1 ms  R=0.605  target=0.50  dets=6  vru=False  backend=onnx
16:13:01  INFO       [fixed_nano / moderate] 120/200  tier=NANO    latency=39.7 ms  R=0.652  target=0.50  dets=0  vru=False  backend=onnx
16:13:02  INFO       [fixed_nano / moderate] 140/200  tier=NANO    latency=48.2 ms  R=0.653  target=0.50  dets=1  vru=False  backend=onnx
16:13:04  INFO       [fixed_nano / moderate] 160/200  tier=NANO    latency=35.1 ms  R=0.665  target=0.50  dets=1  vru=False  backend=onnx
16:13:05  INFO       [fixed_nano / moderate] 180/200  tier=NANO    latency=36.0 ms  R=0.661  target=0.50  dets=2  vru=False  backend=onnx
16:13:06  INFO       [fixed_nano / moderate] 200/200  tier=NANO    latency=41.0 ms  R=0.642  target=0.50  dets=11  vru=False  backend=onnx
16:13:06  INFO     [RAMS] Controller stopped.
16:13:06  INFO     
--- Block 8/10  Policy: fixed_medium  Load: moderate (50%) ---
16:13:06  INFO     [RAMS] Starting resource monitor ...
16:13:06  INFO     [RAMS] Loading model tiers ...
16:13:06  INFO     [RAMS] YOLOv8-nano ready — ONNX (imgsz=320).
16:13:06  INFO     [RAMS] YOLOv8-small ready — ONNX (imgsz=416).
16:13:07  INFO     [RAMS] YOLOv8-medium ready — ONNX (imgsz=640).
16:13:07  INFO     [RAMS] Controller ready. Policy: fixed
16:13:08  INFO     [RAMS] Tier switch: SMALL → MEDIUM  (R=0.414)
16:13:24  INFO       [fixed_medium / moderate] 20/200  tier=MEDIUM  latency=752.1 ms  R=0.621  target=0.50  dets=4  vru=True  backend=onnx
16:13:39  INFO       [fixed_medium / moderate] 40/200  tier=MEDIUM  latency=741.7 ms  R=0.632  target=0.50  dets=8  vru=False  backend=onnx
16:13:55  INFO       [fixed_medium / moderate] 60/200  tier=MEDIUM  latency=747.5 ms  R=0.634  target=0.50  dets=11  vru=True  backend=onnx
16:14:11  INFO       [fixed_medium / moderate] 80/200  tier=MEDIUM  latency=907.6 ms  R=0.677  target=0.50  dets=6  vru=False  backend=onnx
16:14:27  INFO       [fixed_medium / moderate] 100/200  tier=MEDIUM  latency=723.4 ms  R=0.624  target=0.50  dets=10  vru=False  backend=onnx
16:14:43  INFO       [fixed_medium / moderate] 120/200  tier=MEDIUM  latency=821.9 ms  R=0.619  target=0.50  dets=3  vru=False  backend=onnx
16:14:59  INFO       [fixed_medium / moderate] 140/200  tier=MEDIUM  latency=727.6 ms  R=0.626  target=0.50  dets=1  vru=False  backend=onnx
16:15:14  INFO       [fixed_medium / moderate] 160/200  tier=MEDIUM  latency=945.9 ms  R=0.658  target=0.50  dets=4  vru=False  backend=onnx
16:15:30  INFO       [fixed_medium / moderate] 180/200  tier=MEDIUM  latency=743.0 ms  R=0.629  target=0.50  dets=5  vru=False  backend=onnx
16:15:45  INFO       [fixed_medium / moderate] 200/200  tier=MEDIUM  latency=745.6 ms  R=0.628  target=0.50  dets=15  vru=False  backend=onnx
16:15:46  INFO     [RAMS] Controller stopped.
16:15:46  INFO     
--- Block 8/10  Policy: predictive  Load: moderate (50%) ---
16:15:46  INFO     [RAMS] Starting resource monitor ...
16:15:46  INFO     [RAMS] Loading model tiers ...
16:15:46  INFO     [RAMS] YOLOv8-nano ready — ONNX (imgsz=320).
16:15:46  INFO     [RAMS] YOLOv8-small ready — ONNX (imgsz=416).
16:15:47  INFO     [RAMS] YOLOv8-medium ready — ONNX (imgsz=640).
16:15:47  INFO     [RAMS] Controller ready. Policy: predictive
16:15:49  INFO     [RAMS] Tier switch: SMALL → NANO  (R=0.617)
16:15:49  INFO     [RAMS] Tier switch: NANO → SMALL  (R=0.599)
16:15:49  INFO     [RAMS] Tier switch: SMALL → NANO  (R=0.612)
16:15:49  INFO     [RAMS] Tier switch: NANO → SMALL  (R=0.595)
16:15:49  INFO     [RAMS] Tier switch: SMALL → NANO  (R=0.636)
16:15:50  INFO     [RAMS] Tier switch: NANO → SMALL  (R=0.600)
16:15:50  INFO       [predictive / moderate] 20/200  tier=SMALL   latency=128.7 ms  R=0.600  target=0.50  dets=1  vru=False  backend=onnx
16:15:50  INFO     [RAMS] Tier switch: SMALL → NANO  (R=0.617)
16:15:51  INFO     [RAMS] Tier switch: NANO → SMALL  (R=0.596)
16:15:51  INFO     [RAMS] Tier switch: SMALL → NANO  (R=0.612)
16:15:51  INFO     [RAMS] Tier switch: NANO → SMALL  (R=0.599)
16:15:51  INFO     [RAMS] Tier switch: SMALL → NANO  (R=0.613)
16:15:51  INFO       [predictive / moderate] 40/200  tier=NANO    latency=32.2 ms  R=0.613  target=0.50  dets=3  vru=False  backend=onnx
16:15:51  INFO     [RAMS] Tier switch: NANO → SMALL  (R=0.600)
16:15:51  INFO     [RAMS] Tier switch: SMALL → NANO  (R=0.641)
16:15:52  INFO     [RAMS] Tier switch: NANO → SMALL  (R=0.597)
16:15:52  INFO     [RAMS] Tier switch: SMALL → NANO  (R=0.625)
16:15:52  INFO       [predictive / moderate] 60/200  tier=NANO    latency=31.4 ms  R=0.629  target=0.50  dets=2  vru=False  backend=onnx
16:15:53  INFO     [RAMS] Tier switch: NANO → SMALL  (R=0.590)
16:15:53  INFO     [RAMS] Tier switch: SMALL → NANO  (R=0.624)
16:15:54  INFO       [predictive / moderate] 80/200  tier=NANO    latency=36.7 ms  R=0.606  target=0.50  dets=5  vru=False  backend=onnx
16:15:54  INFO     [RAMS] Tier switch: NANO → SMALL  (R=0.597)
16:15:54  INFO     [RAMS] Tier switch: SMALL → NANO  (R=0.620)
16:15:54  INFO     [RAMS] Tier switch: NANO → SMALL  (R=0.592)
16:15:54  INFO     [RAMS] Tier switch: SMALL → NANO  (R=0.607)
16:15:54  INFO     [RAMS] Tier switch: NANO → SMALL  (R=0.599)
16:15:54  INFO     [RAMS] Tier switch: SMALL → NANO  (R=0.631)
16:15:55  INFO     [RAMS] Tier switch: NANO → SMALL  (R=0.602)
16:15:55  INFO     [RAMS] Tier switch: SMALL → NANO  (R=0.613)
16:15:55  INFO     [RAMS] Tier switch: NANO → SMALL  (R=0.593)
16:15:55  INFO     [RAMS] Tier switch: SMALL → NANO  (R=0.618)
16:15:55  INFO       [predictive / moderate] 100/200  tier=NANO    latency=35.5 ms  R=0.618  target=0.50  dets=6  vru=False  backend=onnx
16:15:55  INFO     [RAMS] Tier switch: NANO → SMALL  (R=0.599)
16:15:55  INFO     [RAMS] Tier switch: SMALL → NANO  (R=0.671)
16:15:56  INFO     [RAMS] Tier switch: NANO → SMALL  (R=0.600)
16:15:56  INFO     [RAMS] Tier switch: SMALL → NANO  (R=0.613)
16:15:56  INFO       [predictive / moderate] 120/200  tier=NANO    latency=35.0 ms  R=0.676  target=0.50  dets=0  vru=False  backend=onnx
16:15:58  INFO       [predictive / moderate] 140/200  tier=NANO    latency=55.8 ms  R=0.654  target=0.50  dets=1  vru=False  backend=onnx
16:15:59  INFO       [predictive / moderate] 160/200  tier=NANO    latency=37.5 ms  R=0.685  target=0.50  dets=1  vru=False  backend=onnx
16:16:00  INFO       [predictive / moderate] 180/200  tier=NANO    latency=35.6 ms  R=0.655  target=0.50  dets=2  vru=False  backend=onnx
16:16:01  INFO       [predictive / moderate] 200/200  tier=NANO    latency=44.5 ms  R=0.641  target=0.50  dets=11  vru=False  backend=onnx
16:16:01  INFO     [RAMS] Controller stopped.
16:16:01  INFO     
--- Block 8/10  Policy: adaptive  Load: moderate (50%) ---
16:16:01  INFO     [RAMS] Starting resource monitor ...
16:16:01  INFO     [RAMS] Loading model tiers ...
16:16:01  INFO     [RAMS] YOLOv8-nano ready — ONNX (imgsz=320).
16:16:01  INFO     [RAMS] YOLOv8-small ready — ONNX (imgsz=416).
16:16:02  INFO     [RAMS] YOLOv8-medium ready — ONNX (imgsz=640).
16:16:02  INFO     [RAMS] Controller ready. Policy: adaptive
16:16:05  INFO     [RAMS] Tier switch: SMALL → NANO  (R=0.624)
16:16:05  INFO     [RAMS] Tier switch: NANO → SMALL  (R=0.592)
16:16:05  INFO     [RAMS] Tier switch: SMALL → NANO  (R=0.631)
16:16:05  INFO       [adaptive / moderate] 20/200  tier=NANO    latency=32.7 ms  R=0.631  target=0.50  dets=0  vru=False  backend=onnx
16:16:06  INFO     [RAMS] Tier switch: NANO → SMALL  (R=0.587)
16:16:06  INFO     [RAMS] Tier switch: SMALL → NANO  (R=0.642)
16:16:07  INFO       [adaptive / moderate] 40/200  tier=NANO    latency=33.8 ms  R=0.607  target=0.50  dets=3  vru=False  backend=onnx
16:16:07  INFO     [RAMS] Tier switch: NANO → SMALL  (R=0.597)
16:16:07  INFO     [RAMS] Tier switch: SMALL → NANO  (R=0.629)
16:16:08  INFO       [adaptive / moderate] 60/200  tier=NANO    latency=32.6 ms  R=0.605  target=0.50  dets=2  vru=False  backend=onnx
16:16:08  INFO     [RAMS] Tier switch: NANO → SMALL  (R=0.585)
16:16:08  INFO     [RAMS] Tier switch: SMALL → NANO  (R=0.629)
16:16:09  INFO       [adaptive / moderate] 80/200  tier=NANO    latency=38.3 ms  R=0.597  target=0.50  dets=5  vru=False  backend=onnx
16:16:09  INFO     [RAMS] Tier switch: NANO → SMALL  (R=0.602)
16:16:09  INFO     [RAMS] Tier switch: SMALL → NANO  (R=0.636)
16:16:10  INFO       [adaptive / moderate] 100/200  tier=NANO    latency=40.6 ms  R=0.606  target=0.50  dets=6  vru=False  backend=onnx
16:16:10  INFO     [RAMS] Tier switch: NANO → SMALL  (R=0.597)
16:16:10  INFO     [RAMS] Tier switch: SMALL → NANO  (R=0.673)
16:16:11  INFO       [adaptive / moderate] 120/200  tier=NANO    latency=37.7 ms  R=0.604  target=0.50  dets=0  vru=False  backend=onnx
16:16:11  INFO     [RAMS] Tier switch: NANO → SMALL  (R=0.604)
16:16:11  INFO     [RAMS] Tier switch: SMALL → NANO  (R=0.683)
16:16:12  INFO     [RAMS] Tier switch: NANO → SMALL  (R=0.595)
16:16:12  INFO     [RAMS] Tier switch: SMALL → NANO  (R=0.624)
16:16:12  INFO       [adaptive / moderate] 140/200  tier=NANO    latency=31.6 ms  R=0.659  target=0.50  dets=1  vru=False  backend=onnx
16:16:13  INFO     [RAMS] Tier switch: NANO → SMALL  (R=0.592)
16:16:13  INFO     [RAMS] Tier switch: SMALL → NANO  (R=0.671)
16:16:13  INFO       [adaptive / moderate] 160/200  tier=NANO    latency=32.4 ms  R=0.671  target=0.50  dets=1  vru=False  backend=onnx
16:16:14  INFO     [RAMS] Tier switch: NANO → SMALL  (R=0.597)
16:16:14  INFO     [RAMS] Tier switch: SMALL → NANO  (R=0.619)
16:16:14  INFO     [RAMS] Tier switch: NANO → SMALL  (R=0.602)
16:16:14  INFO     [RAMS] Tier switch: SMALL → NANO  (R=0.654)
16:16:15  INFO       [adaptive / moderate] 180/200  tier=NANO    latency=36.3 ms  R=0.597  target=0.50  dets=2  vru=False  backend=onnx
16:16:15  INFO     [RAMS] Tier switch: NANO → SMALL  (R=0.602)
16:16:15  INFO     [RAMS] Tier switch: SMALL → NANO  (R=0.612)
16:16:16  INFO       [adaptive / moderate] 200/200  tier=NANO    latency=35.0 ms  R=0.596  target=0.50  dets=11  vru=False  backend=onnx
16:16:16  INFO     [RAMS] Controller stopped.
16:16:16  INFO     
--- Block 9/10  Policy: fixed_medium  Load: moderate (50%) ---
16:16:16  INFO     [RAMS] Starting resource monitor ...
16:16:16  INFO     [RAMS] Loading model tiers ...
16:16:16  INFO     [RAMS] YOLOv8-nano ready — ONNX (imgsz=320).
16:16:16  INFO     [RAMS] YOLOv8-small ready — ONNX (imgsz=416).
16:16:17  INFO     [RAMS] YOLOv8-medium ready — ONNX (imgsz=640).
16:16:17  INFO     [RAMS] Controller ready. Policy: fixed
16:16:18  INFO     [RAMS] Tier switch: SMALL → MEDIUM  (R=0.477)
16:16:34  INFO       [fixed_medium / moderate] 20/200  tier=MEDIUM  latency=723.3 ms  R=0.623  target=0.50  dets=4  vru=False  backend=onnx
16:16:50  INFO       [fixed_medium / moderate] 40/200  tier=MEDIUM  latency=734.1 ms  R=0.624  target=0.50  dets=13  vru=False  backend=onnx
16:17:05  INFO       [fixed_medium / moderate] 60/200  tier=MEDIUM  latency=792.4 ms  R=0.684  target=0.50  dets=6  vru=False  backend=onnx
16:17:21  INFO       [fixed_medium / moderate] 80/200  tier=MEDIUM  latency=783.8 ms  R=0.607  target=0.50  dets=3  vru=False  backend=onnx
16:17:37  INFO       [fixed_medium / moderate] 100/200  tier=MEDIUM  latency=752.4 ms  R=0.636  target=0.50  dets=16  vru=False  backend=onnx
16:17:54  INFO       [fixed_medium / moderate] 120/200  tier=MEDIUM  latency=750.7 ms  R=0.652  target=0.50  dets=21  vru=False  backend=onnx
16:18:09  INFO       [fixed_medium / moderate] 140/200  tier=MEDIUM  latency=954.2 ms  R=0.682  target=0.50  dets=13  vru=False  backend=onnx
16:18:25  INFO       [fixed_medium / moderate] 160/200  tier=MEDIUM  latency=723.3 ms  R=0.619  target=0.50  dets=8  vru=False  backend=onnx
16:18:41  INFO       [fixed_medium / moderate] 180/200  tier=MEDIUM  latency=739.4 ms  R=0.618  target=0.50  dets=8  vru=False  backend=onnx
16:18:58  INFO       [fixed_medium / moderate] 200/200  tier=MEDIUM  latency=980.7 ms  R=0.684  target=0.50  dets=2  vru=False  backend=onnx
16:18:58  INFO     [RAMS] Controller stopped.
16:18:58  INFO     
--- Block 9/10  Policy: adaptive  Load: moderate (50%) ---
16:18:58  INFO     [RAMS] Starting resource monitor ...
16:18:58  INFO     [RAMS] Loading model tiers ...
16:18:58  INFO     [RAMS] YOLOv8-nano ready — ONNX (imgsz=320).
16:18:58  INFO     [RAMS] YOLOv8-small ready — ONNX (imgsz=416).
16:18:59  INFO     [RAMS] YOLOv8-medium ready — ONNX (imgsz=640).
16:18:59  INFO     [RAMS] Controller ready. Policy: adaptive
16:19:01  INFO     [RAMS] Tier switch: SMALL → NANO  (R=0.676)
16:19:02  INFO       [adaptive / moderate] 20/200  tier=NANO    latency=38.5 ms  R=0.611  target=0.50  dets=3  vru=False  backend=onnx
16:19:02  INFO     [RAMS] Tier switch: NANO → SMALL  (R=0.604)
16:19:03  INFO     [RAMS] Tier switch: SMALL → NANO  (R=0.641)
16:19:03  INFO     [RAMS] Tier switch: NANO → SMALL  (R=0.587)
16:19:03  INFO     [RAMS] Tier switch: SMALL → NANO  (R=0.617)
16:19:03  INFO       [adaptive / moderate] 40/200  tier=NANO    latency=31.9 ms  R=0.617  target=0.50  dets=4  vru=False  backend=onnx
16:19:03  INFO     [RAMS] Tier switch: NANO → SMALL  (R=0.600)
16:19:03  INFO     [RAMS] Tier switch: SMALL → NANO  (R=0.671)
16:19:04  INFO     [RAMS] Tier switch: NANO → SMALL  (R=0.584)
16:19:04  INFO     [RAMS] Tier switch: SMALL → NANO  (R=0.625)
16:19:04  INFO     [RAMS] Tier switch: NANO → SMALL  (R=0.588)
16:19:04  INFO     [RAMS] Tier switch: SMALL → NANO  (R=0.666)
16:19:05  INFO       [adaptive / moderate] 60/200  tier=NANO    latency=44.1 ms  R=0.624  target=0.50  dets=0  vru=False  backend=onnx
16:19:05  INFO     [RAMS] Tier switch: NANO → SMALL  (R=0.593)
16:19:05  INFO     [RAMS] Tier switch: SMALL → NANO  (R=0.636)
16:19:05  INFO     [RAMS] Tier switch: NANO → SMALL  (R=0.588)
16:19:06  INFO     [RAMS] Tier switch: SMALL → NANO  (R=0.659)
16:19:06  INFO       [adaptive / moderate] 80/200  tier=NANO    latency=32.0 ms  R=0.605  target=0.50  dets=3  vru=False  backend=onnx
16:19:06  INFO     [RAMS] Tier switch: NANO → SMALL  (R=0.593)
16:19:06  INFO     [RAMS] Tier switch: SMALL → NANO  (R=0.618)
16:19:07  INFO       [adaptive / moderate] 100/200  tier=NANO    latency=31.8 ms  R=0.605  target=0.50  dets=6  vru=False  backend=onnx
16:19:08  INFO       [adaptive / moderate] 120/200  tier=NANO    latency=62.6 ms  R=0.600  target=0.50  dets=13  vru=False  backend=onnx
16:19:08  INFO     [RAMS] Tier switch: NANO → SMALL  (R=0.588)
16:19:08  INFO     [RAMS] Tier switch: SMALL → NANO  (R=0.629)
16:19:08  INFO     [RAMS] Tier switch: NANO → SMALL  (R=0.590)
16:19:08  INFO     [RAMS] Tier switch: SMALL → NANO  (R=0.671)
16:19:09  INFO       [adaptive / moderate] 140/200  tier=NANO    latency=35.8 ms  R=0.599  target=0.50  dets=4  vru=False  backend=onnx
16:19:09  INFO     [RAMS] Tier switch: NANO → SMALL  (R=0.597)
16:19:09  INFO     [RAMS] Tier switch: SMALL → NANO  (R=0.629)
16:19:10  INFO       [adaptive / moderate] 160/200  tier=NANO    latency=39.0 ms  R=0.605  target=0.50  dets=3  vru=False  backend=onnx
16:19:10  INFO     [RAMS] Tier switch: NANO → SMALL  (R=0.588)
16:19:11  INFO     [RAMS] Tier switch: SMALL → NANO  (R=0.629)
16:19:11  INFO     [RAMS] Tier switch: NANO → SMALL  (R=0.598)
16:19:11  INFO     [RAMS] Tier switch: SMALL → NANO  (R=0.624)
16:19:11  INFO       [adaptive / moderate] 180/200  tier=NANO    latency=35.9 ms  R=0.595  target=0.50  dets=5  vru=False  backend=onnx
16:19:12  INFO     [RAMS] Tier switch: NANO → SMALL  (R=0.600)
16:19:12  INFO     [RAMS] Tier switch: SMALL → NANO  (R=0.611)
16:19:12  INFO       [adaptive / moderate] 200/200  tier=NANO    latency=35.3 ms  R=0.623  target=0.50  dets=1  vru=False  backend=onnx
16:19:13  INFO     [RAMS] Controller stopped.
16:19:13  INFO     
--- Block 9/10  Policy: threshold  Load: moderate (50%) ---
16:19:13  INFO     [RAMS] Starting resource monitor ...
16:19:13  INFO     [RAMS] Loading model tiers ...
16:19:13  INFO     [RAMS] YOLOv8-nano ready — ONNX (imgsz=320).
16:19:13  INFO     [RAMS] YOLOv8-small ready — ONNX (imgsz=416).
16:19:14  INFO     [RAMS] YOLOv8-medium ready — ONNX (imgsz=640).
16:19:14  INFO     [RAMS] Controller ready. Policy: threshold
16:19:16  INFO     [RAMS] Tier switch: SMALL → NANO  (R=0.730)
16:19:16  INFO       [threshold / moderate] 20/200  tier=NANO    latency=57.9 ms  R=0.660  target=0.50  dets=3  vru=False  backend=onnx
16:19:18  INFO       [threshold / moderate] 40/200  tier=NANO    latency=42.7 ms  R=0.701  target=0.50  dets=4  vru=False  backend=onnx
16:19:19  INFO       [threshold / moderate] 60/200  tier=NANO    latency=51.5 ms  R=0.702  target=0.50  dets=0  vru=False  backend=onnx
16:19:20  INFO       [threshold / moderate] 80/200  tier=NANO    latency=32.2 ms  R=0.657  target=0.50  dets=3  vru=False  backend=onnx
16:19:21  INFO       [threshold / moderate] 100/200  tier=NANO    latency=40.6 ms  R=0.600  target=0.50  dets=6  vru=False  backend=onnx
16:19:21  INFO     [RAMS] Tier switch: NANO → SMALL  (R=0.599)
16:19:21  INFO     [RAMS] Tier switch: SMALL → NANO  (R=0.618)
16:19:21  INFO     [RAMS] Tier switch: NANO → SMALL  (R=0.584)
16:19:22  INFO     [RAMS] Tier switch: SMALL → NANO  (R=0.611)
16:19:22  INFO     [RAMS] Tier switch: NANO → SMALL  (R=0.596)
16:19:23  INFO       [threshold / moderate] 120/200  tier=SMALL   latency=141.9 ms  R=0.682  target=0.50  dets=16  vru=False  backend=onnx
16:19:23  INFO     [RAMS] Tier switch: SMALL → NANO  (R=0.619)
16:19:23  INFO     [RAMS] Tier switch: NANO → SMALL  (R=0.600)
16:19:23  INFO     [RAMS] Tier switch: SMALL → NANO  (R=0.611)
16:19:24  INFO       [threshold / moderate] 140/200  tier=NANO    latency=35.2 ms  R=0.606  target=0.50  dets=4  vru=False  backend=onnx
16:19:24  INFO     [RAMS] Tier switch: NANO → SMALL  (R=0.599)
16:19:25  INFO     [RAMS] Tier switch: SMALL → NANO  (R=0.634)
16:19:25  INFO     [RAMS] Tier switch: NANO → SMALL  (R=0.605)
16:19:26  INFO     [RAMS] Tier switch: SMALL → NANO  (R=0.693)
16:19:26  INFO       [threshold / moderate] 160/200  tier=NANO    latency=42.5 ms  R=0.597  target=0.50  dets=3  vru=False  backend=onnx
16:19:26  INFO     [RAMS] Tier switch: NANO → SMALL  (R=0.604)
16:19:27  INFO     [RAMS] Tier switch: SMALL → NANO  (R=0.618)
16:19:27  INFO     [RAMS] Tier switch: NANO → SMALL  (R=0.602)
16:19:27  INFO       [threshold / moderate] 180/200  tier=SMALL   latency=133.1 ms  R=0.613  target=0.50  dets=5  vru=False  backend=onnx
16:19:27  INFO     [RAMS] Tier switch: SMALL → NANO  (R=0.613)
16:19:28  INFO     [RAMS] Tier switch: NANO → SMALL  (R=0.596)
16:19:28  INFO     [RAMS] Tier switch: SMALL → NANO  (R=0.607)
16:19:29  INFO       [threshold / moderate] 200/200  tier=NANO    latency=33.6 ms  R=0.627  target=0.50  dets=1  vru=False  backend=onnx
16:19:29  INFO     [RAMS] Controller stopped.
16:19:29  INFO     
--- Block 9/10  Policy: fixed_nano  Load: moderate (50%) ---
16:19:29  INFO     [RAMS] Starting resource monitor ...
16:19:29  INFO     [RAMS] Loading model tiers ...
16:19:29  INFO     [RAMS] YOLOv8-nano ready — ONNX (imgsz=320).
16:19:29  INFO     [RAMS] YOLOv8-small ready — ONNX (imgsz=416).
16:19:30  INFO     [RAMS] YOLOv8-medium ready — ONNX (imgsz=640).
16:19:30  INFO     [RAMS] Controller ready. Policy: fixed
16:19:31  INFO     [RAMS] Tier switch: SMALL → NANO  (R=0.412)
16:19:32  INFO       [fixed_nano / moderate] 20/200  tier=NANO    latency=33.3 ms  R=0.606  target=0.50  dets=3  vru=False  backend=onnx
16:19:33  INFO       [fixed_nano / moderate] 40/200  tier=NANO    latency=31.7 ms  R=0.578  target=0.50  dets=4  vru=False  backend=onnx
16:19:34  INFO       [fixed_nano / moderate] 60/200  tier=NANO    latency=34.7 ms  R=0.607  target=0.50  dets=0  vru=False  backend=onnx
16:19:35  INFO       [fixed_nano / moderate] 80/200  tier=NANO    latency=31.7 ms  R=0.607  target=0.50  dets=3  vru=False  backend=onnx
16:19:36  INFO       [fixed_nano / moderate] 100/200  tier=NANO    latency=37.5 ms  R=0.689  target=0.50  dets=6  vru=False  backend=onnx
16:19:37  INFO       [fixed_nano / moderate] 120/200  tier=NANO    latency=43.1 ms  R=0.671  target=0.50  dets=13  vru=False  backend=onnx
16:19:38  INFO       [fixed_nano / moderate] 140/200  tier=NANO    latency=31.8 ms  R=0.665  target=0.50  dets=4  vru=False  backend=onnx
16:19:39  INFO       [fixed_nano / moderate] 160/200  tier=NANO    latency=41.6 ms  R=0.642  target=0.50  dets=3  vru=False  backend=onnx
16:19:40  INFO       [fixed_nano / moderate] 180/200  tier=NANO    latency=43.2 ms  R=0.652  target=0.50  dets=5  vru=False  backend=onnx
16:19:41  INFO       [fixed_nano / moderate] 200/200  tier=NANO    latency=35.3 ms  R=0.655  target=0.50  dets=1  vru=False  backend=onnx
16:19:42  INFO     [RAMS] Controller stopped.
16:19:42  INFO     
--- Block 9/10  Policy: safety  Load: moderate (50%) ---
16:19:42  INFO     [RAMS] Starting resource monitor ...
16:19:42  INFO     [RAMS] Loading model tiers ...
16:19:42  INFO     [RAMS] YOLOv8-nano ready — ONNX (imgsz=320).
16:19:42  INFO     [RAMS] YOLOv8-small ready — ONNX (imgsz=416).
16:19:43  INFO     [RAMS] YOLOv8-medium ready — ONNX (imgsz=640).
16:19:43  INFO     [RAMS] Controller ready. Policy: safety
16:19:46  INFO     [RAMS] Tier switch: SMALL → NANO  (R=0.618)
16:19:46  INFO     [RAMS] Tier switch: NANO → SMALL  (R=0.612)
16:19:47  INFO       [safety / moderate] 20/200  tier=SMALL   latency=131.4 ms  R=0.605  target=0.50  dets=4  vru=False  backend=onnx
16:19:48  INFO     [RAMS] Tier switch: SMALL → NANO  (R=0.623)
16:19:48  INFO     [RAMS] Tier switch: NANO → SMALL  (R=0.605)
16:19:50  INFO       [safety / moderate] 40/200  tier=SMALL   latency=158.1 ms  R=0.619  target=0.50  dets=7  vru=False  backend=onnx
16:19:50  INFO     [RAMS] Tier switch: SMALL → NANO  (R=0.606)
16:19:50  INFO     [RAMS] Tier switch: NANO → SMALL  (R=0.597)
16:19:51  INFO     [RAMS] Tier switch: SMALL → NANO  (R=0.664)
16:19:51  INFO     [RAMS] Tier switch: NANO → SMALL  (R=0.593)
16:19:51  INFO       [safety / moderate] 60/200  tier=SMALL   latency=128.0 ms  R=0.609  target=0.50  dets=2  vru=False  backend=onnx
16:19:52  INFO     [RAMS] Tier switch: SMALL → NANO  (R=0.654)
16:19:52  INFO     [RAMS] Tier switch: NANO → SMALL  (R=0.610)
16:19:53  INFO       [safety / moderate] 80/200  tier=SMALL   latency=131.9 ms  R=0.621  target=0.50  dets=2  vru=False  backend=onnx
16:19:56  INFO       [safety / moderate] 100/200  tier=SMALL   latency=129.4 ms  R=0.634  target=0.50  dets=8  vru=False  backend=onnx
16:19:57  INFO     [RAMS] Tier switch: SMALL → NANO  (R=0.664)
16:19:58  INFO     [RAMS] Tier switch: NANO → SMALL  (R=0.668)
16:19:58  INFO     [RAMS] Tier switch: SMALL → NANO  (R=0.671)
16:19:58  INFO     [RAMS] Tier switch: NANO → SMALL  (R=0.671)
16:20:00  INFO       [safety / moderate] 120/200  tier=SMALL   latency=217.3 ms  R=0.672  target=0.50  dets=16  vru=False  backend=onnx
16:20:02  INFO     [RAMS] Tier switch: SMALL → NANO  (R=0.696)
16:20:02  INFO     [RAMS] Tier switch: NANO → SMALL  (R=0.673)
16:20:03  INFO       [safety / moderate] 140/200  tier=SMALL   latency=134.0 ms  R=0.678  target=0.50  dets=6  vru=False  backend=onnx
16:20:03  INFO     [RAMS] Tier switch: SMALL → NANO  (R=0.660)
16:20:04  INFO     [RAMS] Tier switch: NANO → SMALL  (R=0.702)
16:20:05  INFO       [safety / moderate] 160/200  tier=SMALL   latency=131.7 ms  R=0.606  target=0.50  dets=6  vru=False  backend=onnx
16:20:05  INFO     [RAMS] Tier switch: SMALL → NANO  (R=0.609)
16:20:06  INFO     [RAMS] Tier switch: NANO → SMALL  (R=0.599)
16:20:07  INFO     [RAMS] Tier switch: SMALL → NANO  (R=0.618)
16:20:07  INFO       [safety / moderate] 180/200  tier=NANO    latency=33.4 ms  R=0.618  target=0.50  dets=5  vru=False  backend=onnx
16:20:07  INFO     [RAMS] Tier switch: NANO → SMALL  (R=0.602)
16:20:07  INFO     [RAMS] Tier switch: SMALL → NANO  (R=0.617)
16:20:07  INFO     [RAMS] Tier switch: NANO → SMALL  (R=0.617)
16:20:09  INFO     [RAMS] Tier switch: SMALL → NANO  (R=0.618)
16:20:09  INFO       [safety / moderate] 200/200  tier=NANO    latency=36.5 ms  R=0.575  target=0.50  dets=1  vru=False  backend=onnx
16:20:10  INFO     [RAMS] Controller stopped.
16:20:10  INFO     
--- Block 9/10  Policy: predictive  Load: moderate (50%) ---
16:20:10  INFO     [RAMS] Starting resource monitor ...
16:20:10  INFO     [RAMS] Loading model tiers ...
16:20:10  INFO     [RAMS] YOLOv8-nano ready — ONNX (imgsz=320).
16:20:10  INFO     [RAMS] YOLOv8-small ready — ONNX (imgsz=416).
16:20:11  INFO     [RAMS] YOLOv8-medium ready — ONNX (imgsz=640).
16:20:11  INFO     [RAMS] Controller ready. Policy: predictive
16:20:13  INFO     [RAMS] Tier switch: SMALL → NANO  (R=0.671)
16:20:13  INFO     [RAMS] Tier switch: NANO → SMALL  (R=0.600)
16:20:13  INFO     [RAMS] Tier switch: SMALL → NANO  (R=0.613)
16:20:13  INFO     [RAMS] Tier switch: NANO → SMALL  (R=0.596)
16:20:13  INFO     [RAMS] Tier switch: SMALL → NANO  (R=0.616)
16:20:13  INFO       [predictive / moderate] 20/200  tier=NANO    latency=31.4 ms  R=0.616  target=0.50  dets=3  vru=False  backend=onnx
16:20:14  INFO     [RAMS] Tier switch: NANO → SMALL  (R=0.604)
16:20:14  INFO     [RAMS] Tier switch: SMALL → NANO  (R=0.617)
16:20:14  INFO     [RAMS] Tier switch: NANO → SMALL  (R=0.598)
16:20:14  INFO     [RAMS] Tier switch: SMALL → NANO  (R=0.627)
16:20:15  INFO       [predictive / moderate] 40/200  tier=NANO    latency=32.1 ms  R=0.629  target=0.50  dets=4  vru=False  backend=onnx
16:20:15  INFO     [RAMS] Tier switch: NANO → SMALL  (R=0.602)
16:20:15  INFO     [RAMS] Tier switch: SMALL → NANO  (R=0.619)
16:20:16  INFO       [predictive / moderate] 60/200  tier=NANO    latency=31.5 ms  R=0.595  target=0.50  dets=0  vru=False  backend=onnx
16:20:16  INFO     [RAMS] Tier switch: NANO → SMALL  (R=0.604)
16:20:16  INFO     [RAMS] Tier switch: SMALL → NANO  (R=0.618)
16:20:16  INFO     [RAMS] Tier switch: NANO → SMALL  (R=0.602)
16:20:17  INFO     [RAMS] Tier switch: SMALL → NANO  (R=0.667)
16:20:17  INFO       [predictive / moderate] 80/200  tier=NANO    latency=31.7 ms  R=0.605  target=0.50  dets=3  vru=False  backend=onnx
16:20:17  INFO     [RAMS] Tier switch: NANO → SMALL  (R=0.595)
16:20:17  INFO     [RAMS] Tier switch: SMALL → NANO  (R=0.621)
16:20:18  INFO       [predictive / moderate] 100/200  tier=NANO    latency=37.8 ms  R=0.605  target=0.50  dets=6  vru=False  backend=onnx
16:20:19  INFO     [RAMS] Tier switch: NANO → SMALL  (R=0.602)
16:20:19  INFO     [RAMS] Tier switch: SMALL → NANO  (R=0.617)
16:20:19  INFO       [predictive / moderate] 120/200  tier=NANO    latency=37.8 ms  R=0.631  target=0.50  dets=13  vru=False  backend=onnx
16:20:20  INFO       [predictive / moderate] 140/200  tier=NANO    latency=31.8 ms  R=0.647  target=0.50  dets=4  vru=False  backend=onnx
16:20:21  INFO       [predictive / moderate] 160/200  tier=NANO    latency=33.4 ms  R=0.687  target=0.50  dets=3  vru=False  backend=onnx
16:20:22  INFO       [predictive / moderate] 180/200  tier=NANO    latency=48.5 ms  R=0.647  target=0.50  dets=5  vru=False  backend=onnx
16:20:23  INFO       [predictive / moderate] 200/200  tier=NANO    latency=43.1 ms  R=0.648  target=0.50  dets=1  vru=False  backend=onnx
16:20:24  INFO     [RAMS] Controller stopped.
16:20:24  INFO     
--- Block 9/10  Policy: fixed_small  Load: moderate (50%) ---
16:20:24  INFO     [RAMS] Starting resource monitor ...
16:20:24  INFO     [RAMS] Loading model tiers ...
16:20:24  INFO     [RAMS] YOLOv8-nano ready — ONNX (imgsz=320).
16:20:24  INFO     [RAMS] YOLOv8-small ready — ONNX (imgsz=416).
16:20:25  INFO     [RAMS] YOLOv8-medium ready — ONNX (imgsz=640).
16:20:25  INFO     [RAMS] Controller ready. Policy: fixed
16:20:29  INFO       [fixed_small / moderate] 20/200  tier=SMALL   latency=136.8 ms  R=0.624  target=0.50  dets=4  vru=False  backend=onnx
16:20:32  INFO       [fixed_small / moderate] 40/200  tier=SMALL   latency=129.4 ms  R=0.618  target=0.50  dets=7  vru=False  backend=onnx
16:20:35  INFO       [fixed_small / moderate] 60/200  tier=SMALL   latency=127.4 ms  R=0.629  target=0.50  dets=2  vru=False  backend=onnx
16:20:38  INFO       [fixed_small / moderate] 80/200  tier=SMALL   latency=130.9 ms  R=0.611  target=0.50  dets=2  vru=False  backend=onnx
16:20:41  INFO       [fixed_small / moderate] 100/200  tier=SMALL   latency=135.5 ms  R=0.619  target=0.50  dets=8  vru=False  backend=onnx
16:20:45  INFO       [fixed_small / moderate] 120/200  tier=SMALL   latency=159.1 ms  R=0.683  target=0.50  dets=16  vru=False  backend=onnx
16:20:48  INFO       [fixed_small / moderate] 140/200  tier=SMALL   latency=131.1 ms  R=0.627  target=0.50  dets=6  vru=False  backend=onnx
16:20:51  INFO       [fixed_small / moderate] 160/200  tier=SMALL   latency=132.3 ms  R=0.625  target=0.50  dets=6  vru=False  backend=onnx
16:20:54  INFO       [fixed_small / moderate] 180/200  tier=SMALL   latency=135.0 ms  R=0.611  target=0.50  dets=5  vru=False  backend=onnx
16:20:57  INFO       [fixed_small / moderate] 200/200  tier=SMALL   latency=128.7 ms  R=0.624  target=0.50  dets=2  vru=False  backend=onnx
16:20:57  INFO     [RAMS] Controller stopped.
16:20:57  INFO     
--- Block 9/10  Policy: safety2  Load: moderate (50%) ---
16:20:57  INFO     [RAMS] Starting resource monitor ...
16:20:57  INFO     [RAMS] Loading model tiers ...
16:20:58  INFO     [RAMS] YOLOv8-nano ready — ONNX (imgsz=320).
16:20:58  INFO     [RAMS] YOLOv8-small ready — ONNX (imgsz=416).
16:20:59  INFO     [RAMS] YOLOv8-medium ready — ONNX (imgsz=640).
16:20:59  INFO     [RAMS] Controller ready. Policy: safety2
16:21:01  INFO     [RAMS] Tier switch: SMALL → NANO  (R=0.641)
16:21:01  INFO     [RAMS] Tier switch: NANO → SMALL  (R=0.609)
16:21:01  INFO     [RAMS] Tier switch: SMALL → NANO  (R=0.629)
16:21:02  INFO     [RAMS] Tier switch: NANO → MEDIUM  (R=0.629)
16:21:04  INFO     [RAMS] Tier switch: MEDIUM → SMALL  (R=0.701)
16:21:04  INFO       [safety2 / moderate] 20/200  tier=SMALL   latency=152.2 ms  R=0.660  target=0.50  dets=4  vru=False  backend=onnx
16:21:04  INFO     [RAMS] Tier switch: SMALL → MEDIUM  (R=0.658)
16:21:07  INFO     [RAMS] Tier switch: MEDIUM → NANO  (R=0.669)
16:21:08  INFO       [safety2 / moderate] 40/200  tier=NANO    latency=45.6 ms  R=0.650  target=0.50  dets=4  vru=False  backend=onnx
16:21:09  INFO     [RAMS] Tier switch: NANO → MEDIUM  (R=0.641)
16:21:11  INFO       [safety2 / moderate] 60/200  tier=MEDIUM  latency=769.7 ms  R=0.630  target=0.50  dets=6  vru=False  backend=onnx
16:21:11  INFO     [RAMS] Tier switch: MEDIUM → NANO  (R=0.624)
16:21:12  INFO     [RAMS] Tier switch: NANO → SMALL  (R=0.603)
16:21:13  INFO     [RAMS] Tier switch: SMALL → MEDIUM  (R=0.612)
16:21:14  INFO       [safety2 / moderate] 80/200  tier=MEDIUM  latency=732.7 ms  R=0.689  target=0.50  dets=3  vru=False  backend=onnx
16:21:15  INFO     [RAMS] Tier switch: MEDIUM → NANO  (R=0.630)
16:21:15  INFO     [RAMS] Tier switch: NANO → SMALL  (R=0.609)
16:21:16  INFO     [RAMS] Tier switch: SMALL → MEDIUM  (R=0.629)
16:21:25  INFO     [RAMS] Tier switch: MEDIUM → NANO  (R=0.635)
16:21:25  INFO       [safety2 / moderate] 100/200  tier=NANO    latency=38.6 ms  R=0.609  target=0.50  dets=6  vru=False  backend=onnx
16:21:25  INFO     [RAMS] Tier switch: NANO → SMALL  (R=0.600)
16:21:25  INFO     [RAMS] Tier switch: SMALL → MEDIUM  (R=0.664)
16:21:27  INFO     [RAMS] Tier switch: MEDIUM → NANO  (R=0.681)
16:21:27  INFO     [RAMS] Tier switch: NANO → MEDIUM  (R=0.635)
16:21:30  INFO     [RAMS] Tier switch: MEDIUM → SMALL  (R=0.708)
16:21:30  INFO     [RAMS] Tier switch: SMALL → MEDIUM  (R=0.675)
16:21:32  INFO     [RAMS] Tier switch: MEDIUM → SMALL  (R=0.696)
16:21:33  INFO       [safety2 / moderate] 120/200  tier=SMALL   latency=149.9 ms  R=0.604  target=0.50  dets=16  vru=False  backend=onnx
16:21:33  INFO     [RAMS] Tier switch: SMALL → MEDIUM  (R=0.623)
16:21:35  INFO     [RAMS] Tier switch: MEDIUM → NANO  (R=0.630)
16:21:36  INFO     [RAMS] Tier switch: NANO → SMALL  (R=0.682)
16:21:36  INFO     [RAMS] Tier switch: SMALL → MEDIUM  (R=0.612)
16:21:38  INFO       [safety2 / moderate] 140/200  tier=MEDIUM  latency=756.9 ms  R=0.623  target=0.50  dets=13  vru=False  backend=onnx
16:21:38  INFO     [RAMS] Tier switch: MEDIUM → NANO  (R=0.635)
16:21:39  INFO     [RAMS] Tier switch: NANO → SMALL  (R=0.604)
16:21:39  INFO     [RAMS] Tier switch: SMALL → NANO  (R=0.623)
16:21:39  INFO     [RAMS] Tier switch: NANO → MEDIUM  (R=0.610)
16:21:44  INFO     [RAMS] Tier switch: MEDIUM → NANO  (R=0.695)
16:21:44  INFO     [RAMS] Tier switch: NANO → MEDIUM  (R=0.579)
16:21:46  INFO       [safety2 / moderate] 160/200  tier=MEDIUM  latency=836.0 ms  R=0.624  target=0.50  dets=8  vru=False  backend=onnx
16:21:46  INFO     [RAMS] Tier switch: MEDIUM → NANO  (R=0.614)
16:21:46  INFO     [RAMS] Tier switch: NANO → SMALL  (R=0.598)
16:21:47  INFO     [RAMS] Tier switch: SMALL → NANO  (R=0.635)
16:21:47  INFO     [RAMS] Tier switch: NANO → MEDIUM  (R=0.647)
16:21:50  INFO     [RAMS] Tier switch: MEDIUM → NANO  (R=0.696)
16:21:50  INFO       [safety2 / moderate] 180/200  tier=NANO    latency=39.1 ms  R=0.696  target=0.50  dets=5  vru=False  backend=onnx
16:21:50  INFO     [RAMS] Tier switch: NANO → MEDIUM  (R=0.666)
16:21:53  INFO     [RAMS] Tier switch: MEDIUM → NANO  (R=0.678)
16:21:53  INFO     [RAMS] Tier switch: NANO → SMALL  (R=0.678)
16:21:53  INFO     [RAMS] Tier switch: SMALL → MEDIUM  (R=0.677)
16:21:54  INFO     [RAMS] Tier switch: MEDIUM → NANO  (R=0.618)
16:21:54  INFO     [RAMS] Tier switch: NANO → SMALL  (R=0.593)
16:21:55  INFO       [safety2 / moderate] 200/200  tier=SMALL   latency=135.2 ms  R=0.614  target=0.50  dets=2  vru=False  backend=onnx
16:21:55  INFO     [RAMS] Controller stopped.
16:21:55  INFO     
--- Block 10/10  Policy: threshold  Load: moderate (50%) ---
16:21:55  INFO     [RAMS] Starting resource monitor ...
16:21:55  INFO     [RAMS] Loading model tiers ...
16:21:55  INFO     [RAMS] YOLOv8-nano ready — ONNX (imgsz=320).
16:21:55  INFO     [RAMS] YOLOv8-small ready — ONNX (imgsz=416).
16:21:56  INFO     [RAMS] YOLOv8-medium ready — ONNX (imgsz=640).
16:21:56  INFO     [RAMS] Controller ready. Policy: threshold
16:21:58  INFO     [RAMS] Tier switch: SMALL → NANO  (R=0.612)
16:21:58  INFO     [RAMS] Tier switch: NANO → SMALL  (R=0.590)
16:21:58  INFO     [RAMS] Tier switch: SMALL → NANO  (R=0.614)
16:21:59  INFO     [RAMS] Tier switch: NANO → SMALL  (R=0.597)
16:21:59  INFO     [RAMS] Tier switch: SMALL → NANO  (R=0.629)
16:21:59  INFO       [threshold / moderate] 20/200  tier=NANO    latency=37.3 ms  R=0.629  target=0.50  dets=4  vru=False  backend=onnx
16:21:59  INFO     [RAMS] Tier switch: NANO → SMALL  (R=0.605)
16:22:00  INFO     [RAMS] Tier switch: SMALL → NANO  (R=0.634)
16:22:00  INFO     [RAMS] Tier switch: NANO → SMALL  (R=0.599)
16:22:01  INFO     [RAMS] Tier switch: SMALL → NANO  (R=0.606)
16:22:01  INFO       [threshold / moderate] 40/200  tier=NANO    latency=33.0 ms  R=0.598  target=0.50  dets=2  vru=False  backend=onnx
16:22:01  INFO     [RAMS] Tier switch: NANO → SMALL  (R=0.598)
16:22:01  INFO     [RAMS] Tier switch: SMALL → NANO  (R=0.624)
16:22:02  INFO     [RAMS] Tier switch: NANO → SMALL  (R=0.600)
16:22:02  INFO     [RAMS] Tier switch: SMALL → NANO  (R=0.612)
16:22:02  INFO       [threshold / moderate] 60/200  tier=NANO    latency=36.5 ms  R=0.606  target=0.50  dets=0  vru=False  backend=onnx
16:22:03  INFO     [RAMS] Tier switch: NANO → SMALL  (R=0.599)
16:22:03  INFO     [RAMS] Tier switch: SMALL → NANO  (R=0.623)
16:22:04  INFO       [threshold / moderate] 80/200  tier=NANO    latency=31.4 ms  R=0.671  target=0.50  dets=2  vru=False  backend=onnx
16:22:04  INFO     [RAMS] Tier switch: NANO → SMALL  (R=0.596)
16:22:04  INFO     [RAMS] Tier switch: SMALL → NANO  (R=0.616)
16:22:05  INFO     [RAMS] Tier switch: NANO → SMALL  (R=0.605)
16:22:05  INFO       [threshold / moderate] 100/200  tier=SMALL   latency=132.0 ms  R=0.610  target=0.50  dets=7  vru=False  backend=onnx
16:22:05  INFO     [RAMS] Tier switch: SMALL → NANO  (R=0.631)
16:22:06  INFO     [RAMS] Tier switch: NANO → SMALL  (R=0.602)
16:22:07  INFO     [RAMS] Tier switch: SMALL → NANO  (R=0.611)
16:22:07  INFO       [threshold / moderate] 120/200  tier=NANO    latency=33.1 ms  R=0.660  target=0.50  dets=5  vru=False  backend=onnx
16:22:07  INFO     [RAMS] Tier switch: NANO → SMALL  (R=0.602)
16:22:07  INFO     [RAMS] Tier switch: SMALL → NANO  (R=0.627)
16:22:08  INFO       [threshold / moderate] 140/200  tier=NANO    latency=42.2 ms  R=0.606  target=0.50  dets=1  vru=False  backend=onnx
16:22:08  INFO     [RAMS] Tier switch: NANO → SMALL  (R=0.605)
16:22:09  INFO     [RAMS] Tier switch: SMALL → NANO  (R=0.618)
16:22:09  INFO       [threshold / moderate] 160/200  tier=NANO    latency=36.7 ms  R=0.641  target=0.50  dets=9  vru=False  backend=onnx
16:22:11  INFO       [threshold / moderate] 180/200  tier=NANO    latency=35.5 ms  R=0.655  target=0.50  dets=8  vru=False  backend=onnx
16:22:12  INFO       [threshold / moderate] 200/200  tier=NANO    latency=59.6 ms  R=0.650  target=0.50  dets=0  vru=False  backend=onnx
16:22:12  INFO     [RAMS] Controller stopped.
16:22:12  INFO     
--- Block 10/10  Policy: adaptive  Load: moderate (50%) ---
16:22:12  INFO     [RAMS] Starting resource monitor ...
16:22:12  INFO     [RAMS] Loading model tiers ...
16:22:12  INFO     [RAMS] YOLOv8-nano ready — ONNX (imgsz=320).
16:22:12  INFO     [RAMS] YOLOv8-small ready — ONNX (imgsz=416).
16:22:13  INFO     [RAMS] YOLOv8-medium ready — ONNX (imgsz=640).
16:22:13  INFO     [RAMS] Controller ready. Policy: adaptive
16:22:15  INFO     [RAMS] Tier switch: SMALL → NANO  (R=0.707)
16:22:16  INFO       [adaptive / moderate] 20/200  tier=NANO    latency=67.1 ms  R=0.644  target=0.50  dets=4  vru=False  backend=onnx
16:22:17  INFO     [RAMS] Tier switch: NANO → SMALL  (R=0.600)
16:22:17  INFO       [adaptive / moderate] 40/200  tier=SMALL   latency=139.3 ms  R=0.600  target=0.50  dets=3  vru=False  backend=onnx
16:22:17  INFO     [RAMS] Tier switch: SMALL → NANO  (R=0.693)
16:22:17  INFO     [RAMS] Tier switch: NANO → SMALL  (R=0.599)
16:22:18  INFO     [RAMS] Tier switch: SMALL → NANO  (R=0.612)
16:22:18  INFO       [adaptive / moderate] 60/200  tier=NANO    latency=41.9 ms  R=0.669  target=0.50  dets=0  vru=False  backend=onnx
16:22:18  INFO     [RAMS] Tier switch: NANO → SMALL  (R=0.600)
16:22:19  INFO     [RAMS] Tier switch: SMALL → NANO  (R=0.624)
16:22:19  INFO       [adaptive / moderate] 80/200  tier=NANO    latency=31.4 ms  R=0.611  target=0.50  dets=2  vru=False  backend=onnx
16:22:19  INFO     [RAMS] Tier switch: NANO → SMALL  (R=0.599)
16:22:20  INFO     [RAMS] Tier switch: SMALL → NANO  (R=0.628)
16:22:20  INFO       [adaptive / moderate] 100/200  tier=NANO    latency=38.8 ms  R=0.595  target=0.50  dets=6  vru=False  backend=onnx
16:22:20  INFO     [RAMS] Tier switch: NANO → SMALL  (R=0.590)
16:22:21  INFO     [RAMS] Tier switch: SMALL → NANO  (R=0.676)
16:22:21  INFO     [RAMS] Tier switch: NANO → SMALL  (R=0.581)
16:22:21  INFO     [RAMS] Tier switch: SMALL → NANO  (R=0.611)
16:22:22  INFO       [adaptive / moderate] 120/200  tier=NANO    latency=34.4 ms  R=0.605  target=0.50  dets=5  vru=False  backend=onnx
16:22:22  INFO     [RAMS] Tier switch: NANO → SMALL  (R=0.597)
16:22:23  INFO     [RAMS] Tier switch: SMALL → NANO  (R=0.697)
16:22:23  INFO       [adaptive / moderate] 140/200  tier=NANO    latency=32.2 ms  R=0.607  target=0.50  dets=1  vru=False  backend=onnx
16:22:23  INFO     [RAMS] Tier switch: NANO → SMALL  (R=0.590)
16:22:23  INFO     [RAMS] Tier switch: SMALL → NANO  (R=0.636)
16:22:24  INFO       [adaptive / moderate] 160/200  tier=NANO    latency=31.8 ms  R=0.612  target=0.50  dets=9  vru=False  backend=onnx
16:22:24  INFO     [RAMS] Tier switch: NANO → SMALL  (R=0.593)
16:22:24  INFO     [RAMS] Tier switch: SMALL → NANO  (R=0.624)
16:22:25  INFO     [RAMS] Tier switch: NANO → SMALL  (R=0.600)
16:22:25  INFO     [RAMS] Tier switch: SMALL → NANO  (R=0.643)
16:22:25  INFO     [RAMS] Tier switch: NANO → SMALL  (R=0.601)
16:22:25  INFO       [adaptive / moderate] 180/200  tier=SMALL   latency=156.6 ms  R=0.601  target=0.50  dets=15  vru=True  backend=onnx
16:22:25  INFO     [RAMS] Tier switch: SMALL → NANO  (R=0.629)
16:22:25  INFO     [RAMS] Tier switch: NANO → SMALL  (R=0.571)
16:22:26  INFO     [RAMS] Tier switch: SMALL → NANO  (R=0.646)
16:22:26  INFO     [RAMS] Tier switch: NANO → SMALL  (R=0.599)
16:22:26  INFO     [RAMS] Tier switch: SMALL → NANO  (R=0.625)
16:22:26  INFO       [adaptive / moderate] 200/200  tier=NANO    latency=34.0 ms  R=0.611  target=0.50  dets=0  vru=False  backend=onnx
16:22:27  INFO     [RAMS] Controller stopped.
16:22:27  INFO     
--- Block 10/10  Policy: fixed_small  Load: moderate (50%) ---
16:22:27  INFO     [RAMS] Starting resource monitor ...
16:22:27  INFO     [RAMS] Loading model tiers ...
16:22:27  INFO     [RAMS] YOLOv8-nano ready — ONNX (imgsz=320).
16:22:27  INFO     [RAMS] YOLOv8-small ready — ONNX (imgsz=416).
16:22:28  INFO     [RAMS] YOLOv8-medium ready — ONNX (imgsz=640).
16:22:28  INFO     [RAMS] Controller ready. Policy: fixed
16:22:32  INFO       [fixed_small / moderate] 20/200  tier=SMALL   latency=164.9 ms  R=0.680  target=0.50  dets=10  vru=False  backend=onnx
16:22:36  INFO       [fixed_small / moderate] 40/200  tier=SMALL   latency=140.1 ms  R=0.660  target=0.50  dets=3  vru=False  backend=onnx
16:22:39  INFO       [fixed_small / moderate] 60/200  tier=SMALL   latency=128.3 ms  R=0.620  target=0.50  dets=0  vru=False  backend=onnx
16:22:42  INFO       [fixed_small / moderate] 80/200  tier=SMALL   latency=130.9 ms  R=0.625  target=0.50  dets=4  vru=True  backend=onnx
16:22:45  INFO       [fixed_small / moderate] 100/200  tier=SMALL   latency=129.0 ms  R=0.612  target=0.50  dets=7  vru=False  backend=onnx
16:22:48  INFO       [fixed_small / moderate] 120/200  tier=SMALL   latency=133.3 ms  R=0.634  target=0.50  dets=7  vru=False  backend=onnx
16:22:51  INFO       [fixed_small / moderate] 140/200  tier=SMALL   latency=140.4 ms  R=0.624  target=0.50  dets=9  vru=False  backend=onnx
16:22:54  INFO       [fixed_small / moderate] 160/200  tier=SMALL   latency=134.9 ms  R=0.654  target=0.50  dets=14  vru=False  backend=onnx
16:22:58  INFO       [fixed_small / moderate] 180/200  tier=SMALL   latency=138.6 ms  R=0.671  target=0.50  dets=15  vru=True  backend=onnx
16:23:01  INFO       [fixed_small / moderate] 200/200  tier=SMALL   latency=137.7 ms  R=0.609  target=0.50  dets=2  vru=False  backend=onnx
16:23:01  INFO     [RAMS] Controller stopped.
16:23:01  INFO     
--- Block 10/10  Policy: fixed_medium  Load: moderate (50%) ---
16:23:01  INFO     [RAMS] Starting resource monitor ...
16:23:01  INFO     [RAMS] Loading model tiers ...
16:23:01  INFO     [RAMS] YOLOv8-nano ready — ONNX (imgsz=320).
16:23:02  INFO     [RAMS] YOLOv8-small ready — ONNX (imgsz=416).
16:23:02  INFO     [RAMS] YOLOv8-medium ready — ONNX (imgsz=640).
16:23:02  INFO     [RAMS] Controller ready. Policy: fixed
16:23:03  INFO     [RAMS] Tier switch: SMALL → MEDIUM  (R=0.417)
16:23:19  INFO       [fixed_medium / moderate] 20/200  tier=MEDIUM  latency=782.4 ms  R=0.689  target=0.50  dets=10  vru=False  backend=onnx
16:23:35  INFO       [fixed_medium / moderate] 40/200  tier=MEDIUM  latency=719.0 ms  R=0.630  target=0.50  dets=8  vru=False  backend=onnx
16:23:51  INFO       [fixed_medium / moderate] 60/200  tier=MEDIUM  latency=779.4 ms  R=0.617  target=0.50  dets=6  vru=False  backend=onnx
16:24:07  INFO       [fixed_medium / moderate] 80/200  tier=MEDIUM  latency=909.8 ms  R=0.635  target=0.50  dets=4  vru=False  backend=onnx
16:24:23  INFO       [fixed_medium / moderate] 100/200  tier=MEDIUM  latency=797.0 ms  R=0.684  target=0.50  dets=5  vru=False  backend=onnx
16:24:39  INFO       [fixed_medium / moderate] 120/200  tier=MEDIUM  latency=717.9 ms  R=0.631  target=0.50  dets=8  vru=False  backend=onnx
16:24:55  INFO       [fixed_medium / moderate] 140/200  tier=MEDIUM  latency=720.4 ms  R=0.694  target=0.50  dets=10  vru=True  backend=onnx
16:25:11  INFO       [fixed_medium / moderate] 160/200  tier=MEDIUM  latency=788.6 ms  R=0.668  target=0.50  dets=14  vru=False  backend=onnx
16:25:26  INFO       [fixed_medium / moderate] 180/200  tier=MEDIUM  latency=722.6 ms  R=0.636  target=0.50  dets=18  vru=True  backend=onnx
16:25:42  INFO       [fixed_medium / moderate] 200/200  tier=MEDIUM  latency=731.3 ms  R=0.630  target=0.50  dets=2  vru=False  backend=onnx
16:25:42  INFO     [RAMS] Controller stopped.
16:25:42  INFO     
--- Block 10/10  Policy: fixed_nano  Load: moderate (50%) ---
16:25:42  INFO     [RAMS] Starting resource monitor ...
16:25:42  INFO     [RAMS] Loading model tiers ...
16:25:42  INFO     [RAMS] YOLOv8-nano ready — ONNX (imgsz=320).
16:25:43  INFO     [RAMS] YOLOv8-small ready — ONNX (imgsz=416).
16:25:43  INFO     [RAMS] YOLOv8-medium ready — ONNX (imgsz=640).
16:25:43  INFO     [RAMS] Controller ready. Policy: fixed
16:25:44  INFO     [RAMS] Tier switch: SMALL → NANO  (R=0.412)
16:25:45  INFO       [fixed_nano / moderate] 20/200  tier=NANO    latency=33.3 ms  R=0.600  target=0.50  dets=4  vru=False  backend=onnx
16:25:46  INFO       [fixed_nano / moderate] 40/200  tier=NANO    latency=31.0 ms  R=0.605  target=0.50  dets=2  vru=False  backend=onnx
16:25:47  INFO       [fixed_nano / moderate] 60/200  tier=NANO    latency=33.7 ms  R=0.599  target=0.50  dets=0  vru=False  backend=onnx
16:25:48  INFO       [fixed_nano / moderate] 80/200  tier=NANO    latency=32.6 ms  R=0.669  target=0.50  dets=2  vru=False  backend=onnx
16:25:49  INFO       [fixed_nano / moderate] 100/200  tier=NANO    latency=45.8 ms  R=0.659  target=0.50  dets=6  vru=False  backend=onnx
16:25:51  INFO       [fixed_nano / moderate] 120/200  tier=NANO    latency=41.8 ms  R=0.654  target=0.50  dets=5  vru=False  backend=onnx
16:25:52  INFO       [fixed_nano / moderate] 140/200  tier=NANO    latency=62.2 ms  R=0.647  target=0.50  dets=1  vru=False  backend=onnx
16:25:53  INFO       [fixed_nano / moderate] 160/200  tier=NANO    latency=35.3 ms  R=0.726  target=0.50  dets=9  vru=False  backend=onnx
16:25:54  INFO       [fixed_nano / moderate] 180/200  tier=NANO    latency=47.3 ms  R=0.650  target=0.50  dets=8  vru=False  backend=onnx
16:25:55  INFO       [fixed_nano / moderate] 200/200  tier=NANO    latency=35.0 ms  R=0.600  target=0.50  dets=0  vru=False  backend=onnx
16:25:55  INFO     [RAMS] Controller stopped.
16:25:55  INFO     
--- Block 10/10  Policy: safety2  Load: moderate (50%) ---
16:25:55  INFO     [RAMS] Starting resource monitor ...
16:25:55  INFO     [RAMS] Loading model tiers ...
16:25:55  INFO     [RAMS] YOLOv8-nano ready — ONNX (imgsz=320).
16:25:56  INFO     [RAMS] YOLOv8-small ready — ONNX (imgsz=416).
16:25:56  INFO     [RAMS] YOLOv8-medium ready — ONNX (imgsz=640).
16:25:56  INFO     [RAMS] Controller ready. Policy: safety2
16:25:59  INFO     [RAMS] Tier switch: SMALL → NANO  (R=0.670)
16:25:59  INFO     [RAMS] Tier switch: NANO → SMALL  (R=0.596)
16:26:00  INFO       [safety2 / moderate] 20/200  tier=SMALL   latency=129.1 ms  R=0.664  target=0.50  dets=10  vru=False  backend=onnx
16:26:00  INFO     [RAMS] Tier switch: SMALL → MEDIUM  (R=0.634)
16:26:01  INFO     [RAMS] Tier switch: MEDIUM → NANO  (R=0.625)
16:26:01  INFO     [RAMS] Tier switch: NANO → SMALL  (R=0.599)
16:26:02  INFO     [RAMS] Tier switch: SMALL → NANO  (R=0.632)
16:26:02  INFO     [RAMS] Tier switch: NANO → SMALL  (R=0.600)
16:26:03  INFO       [safety2 / moderate] 40/200  tier=SMALL   latency=134.7 ms  R=0.629  target=0.50  dets=3  vru=False  backend=onnx
16:26:04  INFO     [RAMS] Tier switch: SMALL → MEDIUM  (R=0.624)
16:26:06  INFO     [RAMS] Tier switch: MEDIUM → NANO  (R=0.624)
16:26:06  INFO     [RAMS] Tier switch: NANO → SMALL  (R=0.595)
16:26:07  INFO     [RAMS] Tier switch: SMALL → NANO  (R=0.635)
16:26:07  INFO       [safety2 / moderate] 60/200  tier=NANO    latency=37.0 ms  R=0.595  target=0.50  dets=0  vru=False  backend=onnx
16:26:07  INFO     [RAMS] Tier switch: NANO → SMALL  (R=0.599)
16:26:08  INFO     [RAMS] Tier switch: SMALL → NANO  (R=0.623)
16:26:08  INFO     [RAMS] Tier switch: NANO → SMALL  (R=0.599)
16:26:09  INFO       [safety2 / moderate] 80/200  tier=SMALL   latency=128.2 ms  R=0.607  target=0.50  dets=4  vru=True  backend=onnx
16:26:10  INFO     [RAMS] Tier switch: SMALL → NANO  (R=0.719)
16:26:10  INFO     [RAMS] Tier switch: NANO → SMALL  (R=0.648)
16:26:11  INFO     [RAMS] Tier switch: SMALL → MEDIUM  (R=0.672)
16:26:12  INFO     [RAMS] Tier switch: MEDIUM → NANO  (R=0.669)
16:26:13  INFO       [safety2 / moderate] 100/200  tier=NANO    latency=32.3 ms  R=0.643  target=0.50  dets=6  vru=False  backend=onnx
16:26:13  INFO     [RAMS] Tier switch: NANO → MEDIUM  (R=0.665)
16:26:16  INFO     [RAMS] Tier switch: MEDIUM → NANO  (R=0.649)
16:26:16  INFO     [RAMS] Tier switch: NANO → SMALL  (R=0.709)
16:26:16  INFO     [RAMS] Tier switch: SMALL → MEDIUM  (R=0.607)
16:26:18  INFO     [RAMS] Tier switch: MEDIUM → NANO  (R=0.628)
16:26:18  INFO       [safety2 / moderate] 120/200  tier=NANO    latency=33.6 ms  R=0.619  target=0.50  dets=5  vru=False  backend=onnx
16:26:18  INFO     [RAMS] Tier switch: NANO → MEDIUM  (R=0.607)
16:26:21  INFO     [RAMS] Tier switch: MEDIUM → NANO  (R=0.695)
16:26:22  INFO     [RAMS] Tier switch: NANO → MEDIUM  (R=0.617)
16:26:23  INFO       [safety2 / moderate] 140/200  tier=MEDIUM  latency=741.3 ms  R=0.630  target=0.50  dets=10  vru=True  backend=onnx
16:26:24  INFO     [RAMS] Tier switch: MEDIUM → SMALL  (R=0.631)
16:26:25  INFO     [RAMS] Tier switch: SMALL → NANO  (R=0.629)
16:26:25  INFO     [RAMS] Tier switch: NANO → SMALL  (R=0.605)
16:26:25  INFO     [RAMS] Tier switch: SMALL → NANO  (R=0.621)
16:26:25  INFO     [RAMS] Tier switch: NANO → MEDIUM  (R=0.595)
16:26:28  INFO     [RAMS] Tier switch: MEDIUM → SMALL  (R=0.641)
16:26:28  INFO       [safety2 / moderate] 160/200  tier=SMALL   latency=132.4 ms  R=0.677  target=0.50  dets=14  vru=False  backend=onnx
16:26:29  INFO     [RAMS] Tier switch: SMALL → MEDIUM  (R=0.672)
16:26:30  INFO     [RAMS] Tier switch: MEDIUM → SMALL  (R=0.632)
16:26:31  INFO     [RAMS] Tier switch: SMALL → NANO  (R=0.623)
16:26:31  INFO     [RAMS] Tier switch: NANO → SMALL  (R=0.599)
16:26:31  INFO     [RAMS] Tier switch: SMALL → MEDIUM  (R=0.611)
16:26:32  INFO     [RAMS] Tier switch: MEDIUM → SMALL  (R=0.690)
16:26:32  INFO     [RAMS] Tier switch: SMALL → MEDIUM  (R=0.666)
16:26:34  INFO       [safety2 / moderate] 180/200  tier=MEDIUM  latency=909.4 ms  R=0.679  target=0.50  dets=18  vru=True  backend=onnx
16:26:34  INFO     [RAMS] Tier switch: MEDIUM → SMALL  (R=0.684)
16:26:34  INFO     [RAMS] Tier switch: SMALL → MEDIUM  (R=0.664)
16:26:36  INFO     [RAMS] Tier switch: MEDIUM → NANO  (R=0.677)
16:26:36  INFO     [RAMS] Tier switch: NANO → SMALL  (R=0.650)
16:26:37  INFO     [RAMS] Tier switch: SMALL → MEDIUM  (R=0.660)
16:26:38  INFO     [RAMS] Tier switch: MEDIUM → SMALL  (R=0.675)
16:26:39  INFO       [safety2 / moderate] 200/200  tier=SMALL   latency=128.1 ms  R=0.629  target=0.50  dets=2  vru=False  backend=onnx
16:26:39  INFO     [RAMS] Controller stopped.
16:26:39  INFO     
--- Block 10/10  Policy: safety  Load: moderate (50%) ---
16:26:39  INFO     [RAMS] Starting resource monitor ...
16:26:39  INFO     [RAMS] Loading model tiers ...
16:26:39  INFO     [RAMS] YOLOv8-nano ready — ONNX (imgsz=320).
16:26:39  INFO     [RAMS] YOLOv8-small ready — ONNX (imgsz=416).
16:26:40  INFO     [RAMS] YOLOv8-medium ready — ONNX (imgsz=640).
16:26:40  INFO     [RAMS] Controller ready. Policy: safety
16:26:42  INFO     [RAMS] Tier switch: SMALL → NANO  (R=0.614)
16:26:42  INFO     [RAMS] Tier switch: NANO → SMALL  (R=0.618)
16:26:43  INFO     [RAMS] Tier switch: SMALL → NANO  (R=0.618)
16:26:43  INFO     [RAMS] Tier switch: NANO → SMALL  (R=0.665)
16:26:44  INFO       [safety / moderate] 20/200  tier=SMALL   latency=132.1 ms  R=0.616  target=0.50  dets=10  vru=False  backend=onnx
16:26:45  INFO     [RAMS] Tier switch: SMALL → NANO  (R=0.624)
16:26:45  INFO     [RAMS] Tier switch: NANO → SMALL  (R=0.607)
16:26:46  INFO       [safety / moderate] 40/200  tier=SMALL   latency=129.4 ms  R=0.641  target=0.50  dets=3  vru=False  backend=onnx
16:26:48  INFO     [RAMS] Tier switch: SMALL → NANO  (R=0.616)
16:26:48  INFO     [RAMS] Tier switch: NANO → SMALL  (R=0.602)
16:26:49  INFO       [safety / moderate] 60/200  tier=SMALL   latency=150.1 ms  R=0.611  target=0.50  dets=0  vru=False  backend=onnx
16:26:49  INFO     [RAMS] Tier switch: SMALL → NANO  (R=0.626)
16:26:49  INFO     [RAMS] Tier switch: NANO → SMALL  (R=0.602)
16:26:50  INFO     [RAMS] Tier switch: SMALL → NANO  (R=0.627)
16:26:50  INFO       [safety / moderate] 80/200  tier=NANO    latency=32.8 ms  R=0.678  target=0.50  dets=2  vru=False  backend=onnx
16:26:50  INFO     [RAMS] Tier switch: NANO → SMALL  (R=0.593)
16:26:51  INFO     [RAMS] Tier switch: SMALL → NANO  (R=0.624)
16:26:51  INFO     [RAMS] Tier switch: NANO → SMALL  (R=0.611)
16:26:52  INFO     [RAMS] Tier switch: SMALL → NANO  (R=0.636)
16:26:52  INFO       [safety / moderate] 100/200  tier=NANO    latency=40.0 ms  R=0.612  target=0.50  dets=6  vru=False  backend=onnx
16:26:52  INFO     [RAMS] Tier switch: NANO → SMALL  (R=0.611)
16:26:53  INFO     [RAMS] Tier switch: SMALL → NANO  (R=0.621)
16:26:53  INFO     [RAMS] Tier switch: NANO → SMALL  (R=0.616)
16:26:55  INFO       [safety / moderate] 120/200  tier=SMALL   latency=157.5 ms  R=0.685  target=0.50  dets=7  vru=False  backend=onnx
16:26:55  INFO     [RAMS] Tier switch: SMALL → NANO  (R=0.695)
16:26:55  INFO     [RAMS] Tier switch: NANO → SMALL  (R=0.671)
16:26:57  INFO     [RAMS] Tier switch: SMALL → NANO  (R=0.678)
16:26:57  INFO     [RAMS] Tier switch: NANO → SMALL  (R=0.666)
16:26:58  INFO       [safety / moderate] 140/200  tier=SMALL   latency=159.0 ms  R=0.677  target=0.50  dets=9  vru=False  backend=onnx
16:26:58  INFO     [RAMS] Tier switch: SMALL → NANO  (R=0.683)
16:26:59  INFO     [RAMS] Tier switch: NANO → SMALL  (R=0.659)
16:27:00  INFO       [safety / moderate] 160/200  tier=SMALL   latency=157.4 ms  R=0.661  target=0.50  dets=14  vru=False  backend=onnx
16:27:03  INFO       [safety / moderate] 180/200  tier=SMALL   latency=146.0 ms  R=0.639  target=0.50  dets=15  vru=True  backend=onnx
16:27:04  INFO     [RAMS] Tier switch: SMALL → NANO  (R=0.624)
16:27:04  INFO     [RAMS] Tier switch: NANO → SMALL  (R=0.624)
16:27:06  INFO       [safety / moderate] 200/200  tier=SMALL   latency=166.1 ms  R=0.614  target=0.50  dets=2  vru=False  backend=onnx
16:27:06  INFO     [RAMS] Controller stopped.
16:27:06  INFO     
--- Block 10/10  Policy: predictive  Load: moderate (50%) ---
16:27:06  INFO     [RAMS] Starting resource monitor ...
16:27:06  INFO     [RAMS] Loading model tiers ...
16:27:06  INFO     [RAMS] YOLOv8-nano ready — ONNX (imgsz=320).
16:27:06  INFO     [RAMS] YOLOv8-small ready — ONNX (imgsz=416).
16:27:07  INFO     [RAMS] YOLOv8-medium ready — ONNX (imgsz=640).
16:27:07  INFO     [RAMS] Controller ready. Policy: predictive
16:27:09  INFO     [RAMS] Tier switch: SMALL → NANO  (R=0.639)
16:27:09  INFO     [RAMS] Tier switch: NANO → SMALL  (R=0.588)
16:27:10  INFO     [RAMS] Tier switch: SMALL → NANO  (R=0.674)
16:27:10  INFO       [predictive / moderate] 20/200  tier=NANO    latency=34.7 ms  R=0.609  target=0.50  dets=4  vru=False  backend=onnx
16:27:10  INFO     [RAMS] Tier switch: NANO → SMALL  (R=0.595)
16:27:11  INFO     [RAMS] Tier switch: SMALL → NANO  (R=0.632)
16:27:11  INFO       [predictive / moderate] 40/200  tier=NANO    latency=34.6 ms  R=0.607  target=0.50  dets=2  vru=False  backend=onnx
16:27:11  INFO     [RAMS] Tier switch: NANO → SMALL  (R=0.583)
16:27:12  INFO     [RAMS] Tier switch: SMALL → NANO  (R=0.618)
16:27:12  INFO     [RAMS] Tier switch: NANO → SMALL  (R=0.596)
16:27:13  INFO     [RAMS] Tier switch: SMALL → NANO  (R=0.620)
16:27:13  INFO       [predictive / moderate] 60/200  tier=NANO    latency=37.9 ms  R=0.603  target=0.50  dets=0  vru=False  backend=onnx
16:27:13  INFO     [RAMS] Tier switch: NANO → SMALL  (R=0.602)
16:27:13  INFO     [RAMS] Tier switch: SMALL → NANO  (R=0.629)
16:27:13  INFO     [RAMS] Tier switch: NANO → SMALL  (R=0.590)
16:27:13  INFO     [RAMS] Tier switch: SMALL → NANO  (R=0.618)
16:27:13  INFO     [RAMS] Tier switch: NANO → SMALL  (R=0.602)
16:27:14  INFO     [RAMS] Tier switch: SMALL → NANO  (R=0.612)
16:27:14  INFO       [predictive / moderate] 80/200  tier=NANO    latency=32.5 ms  R=0.596  target=0.50  dets=2  vru=False  backend=onnx
16:27:14  INFO     [RAMS] Tier switch: NANO → SMALL  (R=0.604)
16:27:14  INFO     [RAMS] Tier switch: SMALL → NANO  (R=0.621)
16:27:15  INFO     [RAMS] Tier switch: NANO → SMALL  (R=0.593)
16:27:15  INFO     [RAMS] Tier switch: SMALL → NANO  (R=0.623)
16:27:15  INFO       [predictive / moderate] 100/200  tier=NANO    latency=33.5 ms  R=0.607  target=0.50  dets=6  vru=False  backend=onnx
16:27:15  INFO     [RAMS] Tier switch: NANO → SMALL  (R=0.600)
16:27:15  INFO     [RAMS] Tier switch: SMALL → NANO  (R=0.629)
16:27:16  INFO       [predictive / moderate] 120/200  tier=NANO    latency=57.2 ms  R=0.662  target=0.50  dets=5  vru=False  backend=onnx
16:27:18  INFO       [predictive / moderate] 140/200  tier=NANO    latency=43.9 ms  R=0.649  target=0.50  dets=1  vru=False  backend=onnx
16:27:19  INFO       [predictive / moderate] 160/200  tier=NANO    latency=45.1 ms  R=0.659  target=0.50  dets=9  vru=False  backend=onnx
16:27:20  INFO       [predictive / moderate] 180/200  tier=NANO    latency=50.3 ms  R=0.662  target=0.50  dets=8  vru=False  backend=onnx
16:27:21  INFO       [predictive / moderate] 200/200  tier=NANO    latency=33.3 ms  R=0.703  target=0.50  dets=0  vru=False  backend=onnx
16:27:21  INFO     [RAMS] Controller stopped.
16:27:23  INFO     Results -> /home/soren/rams_sep2026/corrected-20260908/results/full-20260908-v1/onnx/runtime2_moderate/rams_20260908_153147_118f3ccde03f.csv
16:27:23  INFO     Summary -> /home/soren/rams_sep2026/corrected-20260908/results/full-20260908-v1/onnx/runtime2_moderate/rams_20260908_153147_118f3ccde03f.json
16:27:23  INFO     Replay manifest -> /home/soren/rams_sep2026/corrected-20260908/results/full-20260908-v1/onnx/runtime2_moderate/rams_20260908_153147_118f3ccde03f_manifest.json

================================================================================
Policy         Profile        N   Mean ms    P95 ms    VRU%  Tiers
--------------------------------------------------------------------------------
adaptive       moderate    2000      48.9     146.2   17.5%  NANO:1784, SMALL:216
fixed_medium   moderate    2000     776.8     917.6   33.3%  MEDIUM:2000
fixed_nano     moderate    2000      38.7      52.7   16.1%  NANO:2000
fixed_small    moderate    2000     145.9     185.0   25.9%  SMALL:2000
predictive     moderate    2000      49.2     140.0   17.2%  NANO:1810, SMALL:190
safety         moderate    2000     115.7     180.4   23.9%  NANO:572, SMALL:1428
safety2        moderate    2000     231.2     812.8   23.5%  MEDIUM:414, NANO:858, SMALL:728
threshold      moderate    2000      59.7     150.0   17.9%  NANO:1590, SMALL:410
================================================================================

Backends used: {'onnx'}
