22:35:01  INFO     Loaded 1500 frames from /data/kitti/images/val
22:35:01  INFO     Real inference mode: 1500 frames available
22:35:01  INFO     === RAMS Benchmark  run_id=rams_20260908_223501_9f7850578d66 ===
22:35:01  INFO     Policies: ['threshold', 'predictive', 'safety', 'adaptive', 'safety2', 'fixed_nano', 'fixed_small', 'fixed_medium']  |  Profiles: ['moderate']  |  N/block=200  |  blocks=10  |  simulate=False  |  frames=/data/kitti/images/val
22:35:01  INFO     
--- Block 1/10  Policy: fixed_small  Load: moderate (50%) ---
22:35:01  INFO     [RAMS] Starting resource monitor ...
22:35:01  INFO     [RAMS] Loading model tiers ...
22:35:05  INFO     [RAMS] YOLOv8-nano ready — Ultralytics (imgsz=320).
22:35:06  INFO     [RAMS] YOLOv8-small ready — Ultralytics (imgsz=416).
22:35:07  INFO     [RAMS] YOLOv8-medium ready — Ultralytics (imgsz=640).
22:35:07  INFO     [RAMS] Controller ready. Policy: fixed
22:35:08  INFO       [fixed_small / moderate] 20/200  tier=SMALL   latency=17.9 ms  R=0.519  target=0.50  dets=0  vru=False  backend=ultralytics
22:35:09  INFO       [fixed_small / moderate] 40/200  tier=SMALL   latency=20.4 ms  R=0.485  target=0.50  dets=1  vru=False  backend=ultralytics
22:35:10  INFO       [fixed_small / moderate] 60/200  tier=SMALL   latency=20.0 ms  R=0.510  target=0.50  dets=1  vru=False  backend=ultralytics
22:35:10  INFO       [fixed_small / moderate] 80/200  tier=SMALL   latency=20.0 ms  R=0.475  target=0.50  dets=4  vru=False  backend=ultralytics
22:35:11  INFO       [fixed_small / moderate] 100/200  tier=SMALL   latency=22.2 ms  R=0.503  target=0.50  dets=13  vru=True  backend=ultralytics
22:35:12  INFO       [fixed_small / moderate] 120/200  tier=SMALL   latency=20.3 ms  R=0.505  target=0.50  dets=4  vru=False  backend=ultralytics
22:35:12  INFO       [fixed_small / moderate] 140/200  tier=SMALL   latency=21.5 ms  R=0.493  target=0.50  dets=5  vru=False  backend=ultralytics
22:35:13  INFO       [fixed_small / moderate] 160/200  tier=SMALL   latency=20.2 ms  R=0.485  target=0.50  dets=2  vru=False  backend=ultralytics
22:35:14  INFO       [fixed_small / moderate] 180/200  tier=SMALL   latency=20.6 ms  R=0.479  target=0.50  dets=2  vru=False  backend=ultralytics
22:35:14  INFO       [fixed_small / moderate] 200/200  tier=SMALL   latency=20.8 ms  R=0.471  target=0.50  dets=7  vru=False  backend=ultralytics
22:35:14  INFO     [RAMS] Controller stopped.
22:35:14  INFO     
--- Block 1/10  Policy: fixed_nano  Load: moderate (50%) ---
22:35:15  INFO     [RAMS] Starting resource monitor ...
22:35:15  INFO     [RAMS] Loading model tiers ...
22:35:15  INFO     [RAMS] YOLOv8-nano ready — Ultralytics (imgsz=320).
22:35:15  INFO     [RAMS] YOLOv8-small ready — Ultralytics (imgsz=416).
22:35:16  INFO     [RAMS] YOLOv8-medium ready — Ultralytics (imgsz=640).
22:35:16  INFO     [RAMS] Controller ready. Policy: fixed
22:35:17  INFO     [RAMS] Tier switch: SMALL → NANO  (R=0.503)
22:35:18  INFO       [fixed_nano / moderate] 20/200  tier=NANO    latency=18.0 ms  R=0.543  target=0.50  dets=0  vru=False  backend=ultralytics
22:35:18  INFO       [fixed_nano / moderate] 40/200  tier=NANO    latency=19.4 ms  R=0.559  target=0.50  dets=1  vru=False  backend=ultralytics
22:35:19  INFO       [fixed_nano / moderate] 60/200  tier=NANO    latency=21.5 ms  R=0.555  target=0.50  dets=1  vru=False  backend=ultralytics
22:35:20  INFO       [fixed_nano / moderate] 80/200  tier=NANO    latency=20.6 ms  R=0.541  target=0.50  dets=1  vru=False  backend=ultralytics
22:35:20  INFO       [fixed_nano / moderate] 100/200  tier=NANO    latency=22.4 ms  R=0.557  target=0.50  dets=12  vru=False  backend=ultralytics
22:35:21  INFO       [fixed_nano / moderate] 120/200  tier=NANO    latency=20.6 ms  R=0.580  target=0.50  dets=4  vru=False  backend=ultralytics
22:35:22  INFO       [fixed_nano / moderate] 140/200  tier=NANO    latency=19.6 ms  R=0.467  target=0.50  dets=4  vru=False  backend=ultralytics
22:35:22  INFO       [fixed_nano / moderate] 160/200  tier=NANO    latency=17.4 ms  R=0.477  target=0.50  dets=0  vru=False  backend=ultralytics
22:35:23  INFO       [fixed_nano / moderate] 180/200  tier=NANO    latency=19.4 ms  R=0.478  target=0.50  dets=3  vru=False  backend=ultralytics
22:35:24  INFO       [fixed_nano / moderate] 200/200  tier=NANO    latency=21.2 ms  R=0.486  target=0.50  dets=6  vru=False  backend=ultralytics
22:35:24  INFO     [RAMS] Controller stopped.
22:35:24  INFO     
--- Block 1/10  Policy: threshold  Load: moderate (50%) ---
22:35:24  INFO     [RAMS] Starting resource monitor ...
22:35:24  INFO     [RAMS] Loading model tiers ...
22:35:24  INFO     [RAMS] YOLOv8-nano ready — Ultralytics (imgsz=320).
22:35:24  INFO     [RAMS] YOLOv8-small ready — Ultralytics (imgsz=416).
22:35:25  INFO     [RAMS] YOLOv8-medium ready — Ultralytics (imgsz=640).
22:35:25  INFO     [RAMS] Controller ready. Policy: threshold
22:35:26  INFO     [RAMS] Tier switch: SMALL → NANO  (R=0.501)
22:35:26  INFO     [RAMS] Tier switch: NANO → SMALL  (R=0.471)
22:35:27  INFO     [RAMS] Tier switch: SMALL → NANO  (R=0.512)
22:35:27  INFO       [threshold / moderate] 20/200  tier=NANO    latency=17.3 ms  R=0.488  target=0.50  dets=0  vru=False  backend=ultralytics
22:35:27  INFO     [RAMS] Tier switch: NANO → SMALL  (R=0.488)
22:35:27  INFO     [RAMS] Tier switch: SMALL → NANO  (R=0.534)
22:35:27  INFO     [RAMS] Tier switch: NANO → SMALL  (R=0.498)
22:35:27  INFO       [threshold / moderate] 40/200  tier=SMALL   latency=19.7 ms  R=0.498  target=0.50  dets=1  vru=False  backend=ultralytics
22:35:28  INFO     [RAMS] Tier switch: SMALL → NANO  (R=0.514)
22:35:28  INFO     [RAMS] Tier switch: NANO → SMALL  (R=0.495)
22:35:28  INFO       [threshold / moderate] 60/200  tier=SMALL   latency=20.0 ms  R=0.528  target=0.50  dets=1  vru=False  backend=ultralytics
22:35:28  INFO     [RAMS] Tier switch: SMALL → NANO  (R=0.528)
22:35:28  INFO     [RAMS] Tier switch: NANO → SMALL  (R=0.494)
22:35:28  INFO     [RAMS] Tier switch: SMALL → NANO  (R=0.502)
22:35:29  INFO     [RAMS] Tier switch: NANO → SMALL  (R=0.498)
22:35:29  INFO       [threshold / moderate] 80/200  tier=SMALL   latency=20.3 ms  R=0.471  target=0.50  dets=4  vru=False  backend=ultralytics
22:35:29  INFO     [RAMS] Tier switch: SMALL → NANO  (R=0.561)
22:35:29  INFO     [RAMS] Tier switch: NANO → SMALL  (R=0.487)
22:35:29  INFO       [threshold / moderate] 100/200  tier=SMALL   latency=22.3 ms  R=0.470  target=0.50  dets=13  vru=True  backend=ultralytics
22:35:30  INFO     [RAMS] Tier switch: SMALL → NANO  (R=0.500)
22:35:30  INFO     [RAMS] Tier switch: NANO → SMALL  (R=0.498)
22:35:30  INFO       [threshold / moderate] 120/200  tier=SMALL   latency=23.1 ms  R=0.486  target=0.50  dets=4  vru=False  backend=ultralytics
22:35:30  INFO     [RAMS] Tier switch: SMALL → NANO  (R=0.554)
22:35:30  INFO     [RAMS] Tier switch: NANO → SMALL  (R=0.495)
22:35:31  INFO     [RAMS] Tier switch: SMALL → NANO  (R=0.512)
22:35:31  INFO       [threshold / moderate] 140/200  tier=NANO    latency=19.6 ms  R=0.495  target=0.50  dets=4  vru=False  backend=ultralytics
22:35:31  INFO     [RAMS] Tier switch: NANO → SMALL  (R=0.495)
22:35:31  INFO     [RAMS] Tier switch: SMALL → NANO  (R=0.512)
22:35:31  INFO     [RAMS] Tier switch: NANO → SMALL  (R=0.478)
22:35:31  INFO       [threshold / moderate] 160/200  tier=SMALL   latency=19.8 ms  R=0.478  target=0.50  dets=2  vru=False  backend=ultralytics
22:35:31  INFO     [RAMS] Tier switch: SMALL → NANO  (R=0.510)
22:35:32  INFO     [RAMS] Tier switch: NANO → SMALL  (R=0.475)
22:35:32  INFO       [threshold / moderate] 180/200  tier=SMALL   latency=21.1 ms  R=0.482  target=0.50  dets=2  vru=False  backend=ultralytics
22:35:32  INFO     [RAMS] Tier switch: SMALL → NANO  (R=0.500)
22:35:32  INFO     [RAMS] Tier switch: NANO → SMALL  (R=0.476)
22:35:32  INFO     [RAMS] Tier switch: SMALL → NANO  (R=0.513)
22:35:33  INFO       [threshold / moderate] 200/200  tier=NANO    latency=20.2 ms  R=0.494  target=0.50  dets=6  vru=False  backend=ultralytics
22:35:33  INFO     [RAMS] Controller stopped.
22:35:33  INFO     
--- Block 1/10  Policy: predictive  Load: moderate (50%) ---
22:35:33  INFO     [RAMS] Starting resource monitor ...
22:35:33  INFO     [RAMS] Loading model tiers ...
22:35:33  INFO     [RAMS] YOLOv8-nano ready — Ultralytics (imgsz=320).
22:35:33  INFO     [RAMS] YOLOv8-small ready — Ultralytics (imgsz=416).
22:35:34  INFO     [RAMS] YOLOv8-medium ready — Ultralytics (imgsz=640).
22:35:34  INFO     [RAMS] Controller ready. Policy: predictive
22:35:36  INFO     [RAMS] Tier switch: SMALL → NANO  (R=0.503)
22:35:36  INFO     [RAMS] Tier switch: NANO → SMALL  (R=0.476)
22:35:36  INFO       [predictive / moderate] 20/200  tier=SMALL   latency=18.4 ms  R=0.476  target=0.50  dets=0  vru=False  backend=ultralytics
22:35:36  INFO     [RAMS] Tier switch: SMALL → NANO  (R=0.533)
22:35:37  INFO       [predictive / moderate] 40/200  tier=NANO    latency=22.3 ms  R=0.602  target=0.50  dets=1  vru=False  backend=ultralytics
22:35:37  INFO       [predictive / moderate] 60/200  tier=NANO    latency=19.4 ms  R=0.554  target=0.50  dets=1  vru=False  backend=ultralytics
22:35:38  INFO       [predictive / moderate] 80/200  tier=NANO    latency=20.3 ms  R=0.548  target=0.50  dets=1  vru=False  backend=ultralytics
22:35:39  INFO       [predictive / moderate] 100/200  tier=NANO    latency=22.2 ms  R=0.544  target=0.50  dets=12  vru=False  backend=ultralytics
22:35:39  INFO       [predictive / moderate] 120/200  tier=NANO    latency=23.1 ms  R=0.551  target=0.50  dets=4  vru=False  backend=ultralytics
22:35:40  INFO       [predictive / moderate] 140/200  tier=NANO    latency=20.2 ms  R=0.541  target=0.50  dets=4  vru=False  backend=ultralytics
22:35:41  INFO       [predictive / moderate] 160/200  tier=NANO    latency=19.4 ms  R=0.551  target=0.50  dets=0  vru=False  backend=ultralytics
22:35:41  INFO       [predictive / moderate] 180/200  tier=NANO    latency=21.1 ms  R=0.557  target=0.50  dets=3  vru=False  backend=ultralytics
22:35:42  INFO       [predictive / moderate] 200/200  tier=NANO    latency=21.3 ms  R=0.553  target=0.50  dets=6  vru=False  backend=ultralytics
22:35:42  INFO     [RAMS] Controller stopped.
22:35:42  INFO     
--- Block 1/10  Policy: adaptive  Load: moderate (50%) ---
22:35:42  INFO     [RAMS] Starting resource monitor ...
22:35:42  INFO     [RAMS] Loading model tiers ...
22:35:42  INFO     [RAMS] YOLOv8-nano ready — Ultralytics (imgsz=320).
22:35:43  INFO     [RAMS] YOLOv8-small ready — Ultralytics (imgsz=416).
22:35:44  INFO     [RAMS] YOLOv8-medium ready — Ultralytics (imgsz=640).
22:35:44  INFO     [RAMS] Controller ready. Policy: adaptive
22:35:45  INFO     [RAMS] Tier switch: SMALL → NANO  (R=0.573)
22:35:45  INFO       [adaptive / moderate] 20/200  tier=NANO    latency=17.7 ms  R=0.495  target=0.50  dets=0  vru=False  backend=ultralytics
22:35:45  INFO     [RAMS] Tier switch: NANO → SMALL  (R=0.469)
22:35:45  INFO     [RAMS] Tier switch: SMALL → NANO  (R=0.510)
22:35:46  INFO     [RAMS] Tier switch: NANO → SMALL  (R=0.478)
22:35:46  INFO       [adaptive / moderate] 40/200  tier=SMALL   latency=19.6 ms  R=0.492  target=0.50  dets=1  vru=False  backend=ultralytics
22:35:46  INFO     [RAMS] Tier switch: SMALL → NANO  (R=0.568)
22:35:46  INFO     [RAMS] Tier switch: NANO → SMALL  (R=0.486)
22:35:46  INFO       [adaptive / moderate] 60/200  tier=SMALL   latency=21.0 ms  R=0.495  target=0.50  dets=1  vru=False  backend=ultralytics
22:35:47  INFO     [RAMS] Tier switch: SMALL → NANO  (R=0.507)
22:35:47  INFO     [RAMS] Tier switch: NANO → SMALL  (R=0.486)
22:35:47  INFO     [RAMS] Tier switch: SMALL → NANO  (R=0.512)
22:35:47  INFO       [adaptive / moderate] 80/200  tier=NANO    latency=19.1 ms  R=0.488  target=0.50  dets=1  vru=False  backend=ultralytics
22:35:47  INFO     [RAMS] Tier switch: NANO → SMALL  (R=0.484)
22:35:48  INFO     [RAMS] Tier switch: SMALL → NANO  (R=0.507)
22:35:48  INFO     [RAMS] Tier switch: NANO → SMALL  (R=0.491)
22:35:48  INFO       [adaptive / moderate] 100/200  tier=SMALL   latency=23.1 ms  R=0.491  target=0.50  dets=13  vru=True  backend=ultralytics
22:35:48  INFO     [RAMS] Tier switch: SMALL → NANO  (R=0.559)
22:35:48  INFO     [RAMS] Tier switch: NANO → SMALL  (R=0.479)
22:35:48  INFO       [adaptive / moderate] 120/200  tier=SMALL   latency=20.5 ms  R=0.503  target=0.50  dets=4  vru=False  backend=ultralytics
22:35:48  INFO     [RAMS] Tier switch: SMALL → NANO  (R=0.503)
22:35:49  INFO     [RAMS] Tier switch: NANO → SMALL  (R=0.482)
22:35:49  INFO     [RAMS] Tier switch: SMALL → NANO  (R=0.580)
22:35:49  INFO       [adaptive / moderate] 140/200  tier=NANO    latency=19.9 ms  R=0.497  target=0.50  dets=4  vru=False  backend=ultralytics
22:35:49  INFO     [RAMS] Tier switch: NANO → SMALL  (R=0.475)
22:35:50  INFO     [RAMS] Tier switch: SMALL → NANO  (R=0.512)
22:35:50  INFO       [adaptive / moderate] 160/200  tier=NANO    latency=17.4 ms  R=0.512  target=0.50  dets=0  vru=False  backend=ultralytics
22:35:50  INFO     [RAMS] Tier switch: NANO → SMALL  (R=0.482)
22:35:50  INFO     [RAMS] Tier switch: SMALL → NANO  (R=0.567)
22:35:50  INFO     [RAMS] Tier switch: NANO → SMALL  (R=0.485)
22:35:50  INFO       [adaptive / moderate] 180/200  tier=SMALL   latency=20.0 ms  R=0.471  target=0.50  dets=2  vru=False  backend=ultralytics
22:35:51  INFO     [RAMS] Tier switch: SMALL → NANO  (R=0.594)
22:35:51  INFO       [adaptive / moderate] 200/200  tier=NANO    latency=21.3 ms  R=0.594  target=0.50  dets=6  vru=False  backend=ultralytics
22:35:51  INFO     [RAMS] Controller stopped.
22:35:51  INFO     
--- Block 1/10  Policy: fixed_medium  Load: moderate (50%) ---
22:35:51  INFO     [RAMS] Starting resource monitor ...
22:35:51  INFO     [RAMS] Loading model tiers ...
22:35:52  INFO     [RAMS] YOLOv8-nano ready — Ultralytics (imgsz=320).
22:35:52  INFO     [RAMS] YOLOv8-small ready — Ultralytics (imgsz=416).
22:35:53  INFO     [RAMS] YOLOv8-medium ready — Ultralytics (imgsz=640).
22:35:53  INFO     [RAMS] Controller ready. Policy: fixed
22:35:54  INFO     [RAMS] Tier switch: SMALL → MEDIUM  (R=0.414)
22:35:55  INFO       [fixed_medium / moderate] 20/200  tier=MEDIUM  latency=25.1 ms  R=0.538  target=0.50  dets=3  vru=False  backend=ultralytics
22:35:55  INFO       [fixed_medium / moderate] 40/200  tier=MEDIUM  latency=24.8 ms  R=0.527  target=0.50  dets=1  vru=False  backend=ultralytics
22:35:56  INFO       [fixed_medium / moderate] 60/200  tier=MEDIUM  latency=25.7 ms  R=0.517  target=0.50  dets=6  vru=False  backend=ultralytics
22:35:57  INFO       [fixed_medium / moderate] 80/200  tier=MEDIUM  latency=26.7 ms  R=0.574  target=0.50  dets=5  vru=False  backend=ultralytics
22:35:58  INFO       [fixed_medium / moderate] 100/200  tier=MEDIUM  latency=31.5 ms  R=0.620  target=0.50  dets=16  vru=False  backend=ultralytics
22:35:59  INFO       [fixed_medium / moderate] 120/200  tier=MEDIUM  latency=28.7 ms  R=0.558  target=0.50  dets=5  vru=False  backend=ultralytics
22:35:59  INFO       [fixed_medium / moderate] 140/200  tier=MEDIUM  latency=29.0 ms  R=0.570  target=0.50  dets=14  vru=False  backend=ultralytics
22:36:00  INFO       [fixed_medium / moderate] 160/200  tier=MEDIUM  latency=27.8 ms  R=0.572  target=0.50  dets=6  vru=False  backend=ultralytics
22:36:01  INFO       [fixed_medium / moderate] 180/200  tier=MEDIUM  latency=28.8 ms  R=0.597  target=0.50  dets=3  vru=False  backend=ultralytics
22:36:02  INFO       [fixed_medium / moderate] 200/200  tier=MEDIUM  latency=29.9 ms  R=0.605  target=0.50  dets=12  vru=False  backend=ultralytics
22:36:02  INFO     [RAMS] Controller stopped.
22:36:02  INFO     
--- Block 1/10  Policy: safety2  Load: moderate (50%) ---
22:36:02  INFO     [RAMS] Starting resource monitor ...
22:36:02  INFO     [RAMS] Loading model tiers ...
22:36:02  INFO     [RAMS] YOLOv8-nano ready — Ultralytics (imgsz=320).
22:36:03  INFO     [RAMS] YOLOv8-small ready — Ultralytics (imgsz=416).
22:36:03  INFO     [RAMS] YOLOv8-medium ready — Ultralytics (imgsz=640).
22:36:03  INFO     [RAMS] Controller ready. Policy: safety2
22:36:05  INFO     [RAMS] Tier switch: SMALL → MEDIUM  (R=0.504)
22:36:05  INFO       [safety2 / moderate] 20/200  tier=MEDIUM  latency=25.1 ms  R=0.621  target=0.50  dets=3  vru=False  backend=ultralytics
22:36:05  INFO     [RAMS] Tier switch: MEDIUM → NANO  (R=0.536)
22:36:05  INFO     [RAMS] Tier switch: NANO → MEDIUM  (R=0.485)
22:36:06  INFO       [safety2 / moderate] 40/200  tier=MEDIUM  latency=25.3 ms  R=0.471  target=0.50  dets=1  vru=False  backend=ultralytics
22:36:07  INFO     [RAMS] Tier switch: MEDIUM → NANO  (R=0.504)
22:36:07  INFO       [safety2 / moderate] 60/200  tier=NANO    latency=19.0 ms  R=0.504  target=0.50  dets=1  vru=False  backend=ultralytics
22:36:07  INFO     [RAMS] Tier switch: NANO → SMALL  (R=0.486)
22:36:07  INFO     [RAMS] Tier switch: SMALL → MEDIUM  (R=0.494)
22:36:07  INFO       [safety2 / moderate] 80/200  tier=MEDIUM  latency=25.7 ms  R=0.499  target=0.50  dets=5  vru=False  backend=ultralytics
22:36:08  INFO     [RAMS] Tier switch: MEDIUM → SMALL  (R=0.649)
22:36:08  INFO     [RAMS] Tier switch: SMALL → MEDIUM  (R=0.649)
22:36:08  INFO       [safety2 / moderate] 100/200  tier=MEDIUM  latency=27.8 ms  R=0.649  target=0.50  dets=16  vru=False  backend=ultralytics
22:36:09  INFO       [safety2 / moderate] 120/200  tier=MEDIUM  latency=25.5 ms  R=0.549  target=0.50  dets=5  vru=False  backend=ultralytics
22:36:09  INFO     [RAMS] Tier switch: MEDIUM → NANO  (R=0.549)
22:36:09  INFO     [RAMS] Tier switch: NANO → SMALL  (R=0.483)
22:36:10  INFO       [safety2 / moderate] 140/200  tier=SMALL   latency=20.6 ms  R=0.512  target=0.50  dets=5  vru=False  backend=ultralytics
22:36:10  INFO     [RAMS] Tier switch: SMALL → NANO  (R=0.516)
22:36:10  INFO     [RAMS] Tier switch: NANO → MEDIUM  (R=0.480)
22:36:10  INFO       [safety2 / moderate] 160/200  tier=MEDIUM  latency=25.7 ms  R=0.541  target=0.50  dets=6  vru=False  backend=ultralytics
22:36:11  INFO     [RAMS] Tier switch: MEDIUM → NANO  (R=0.508)
22:36:11  INFO     [RAMS] Tier switch: NANO → SMALL  (R=0.477)
22:36:11  INFO     [RAMS] Tier switch: SMALL → MEDIUM  (R=0.490)
22:36:11  INFO       [safety2 / moderate] 180/200  tier=MEDIUM  latency=26.3 ms  R=0.490  target=0.50  dets=3  vru=False  backend=ultralytics
22:36:12  INFO       [safety2 / moderate] 200/200  tier=MEDIUM  latency=26.8 ms  R=0.471  target=0.50  dets=12  vru=False  backend=ultralytics
22:36:12  INFO     [RAMS] Controller stopped.
22:36:12  INFO     
--- Block 1/10  Policy: safety  Load: moderate (50%) ---
22:36:12  INFO     [RAMS] Starting resource monitor ...
22:36:12  INFO     [RAMS] Loading model tiers ...
22:36:12  INFO     [RAMS] YOLOv8-nano ready — Ultralytics (imgsz=320).
22:36:12  INFO     [RAMS] YOLOv8-small ready — Ultralytics (imgsz=416).
22:36:13  INFO     [RAMS] YOLOv8-medium ready — Ultralytics (imgsz=640).
22:36:13  INFO     [RAMS] Controller ready. Policy: safety
22:36:15  INFO       [safety / moderate] 20/200  tier=SMALL   latency=18.3 ms  R=0.597  target=0.50  dets=0  vru=False  backend=ultralytics
22:36:16  INFO       [safety / moderate] 40/200  tier=SMALL   latency=20.2 ms  R=0.507  target=0.50  dets=1  vru=False  backend=ultralytics
22:36:16  INFO       [safety / moderate] 60/200  tier=SMALL   latency=19.8 ms  R=0.483  target=0.50  dets=1  vru=False  backend=ultralytics
22:36:17  INFO       [safety / moderate] 80/200  tier=SMALL   latency=20.4 ms  R=0.557  target=0.50  dets=4  vru=False  backend=ultralytics
22:36:18  INFO       [safety / moderate] 100/200  tier=SMALL   latency=22.1 ms  R=0.477  target=0.50  dets=13  vru=True  backend=ultralytics
22:36:18  INFO       [safety / moderate] 120/200  tier=SMALL   latency=20.9 ms  R=0.480  target=0.50  dets=4  vru=False  backend=ultralytics
22:36:19  INFO       [safety / moderate] 140/200  tier=SMALL   latency=21.1 ms  R=0.648  target=0.50  dets=5  vru=False  backend=ultralytics
22:36:20  INFO       [safety / moderate] 160/200  tier=SMALL   latency=20.3 ms  R=0.562  target=0.50  dets=2  vru=False  backend=ultralytics
22:36:20  INFO       [safety / moderate] 180/200  tier=SMALL   latency=22.1 ms  R=0.556  target=0.50  dets=2  vru=False  backend=ultralytics
22:36:21  INFO       [safety / moderate] 200/200  tier=SMALL   latency=21.5 ms  R=0.603  target=0.50  dets=7  vru=False  backend=ultralytics
22:36:21  INFO     [RAMS] Controller stopped.
22:36:21  INFO     
--- Block 2/10  Policy: safety2  Load: moderate (50%) ---
22:36:21  INFO     [RAMS] Starting resource monitor ...
22:36:21  INFO     [RAMS] Loading model tiers ...
22:36:22  INFO     [RAMS] YOLOv8-nano ready — Ultralytics (imgsz=320).
22:36:22  INFO     [RAMS] YOLOv8-small ready — Ultralytics (imgsz=416).
22:36:23  INFO     [RAMS] YOLOv8-medium ready — Ultralytics (imgsz=640).
22:36:23  INFO     [RAMS] Controller ready. Policy: safety2
22:36:24  INFO     [RAMS] Tier switch: SMALL → NANO  (R=0.531)
22:36:24  INFO     [RAMS] Tier switch: NANO → SMALL  (R=0.531)
22:36:24  INFO     [RAMS] Tier switch: SMALL → MEDIUM  (R=0.531)
22:36:24  INFO       [safety2 / moderate] 20/200  tier=MEDIUM  latency=32.1 ms  R=0.534  target=0.50  dets=19  vru=False  backend=ultralytics
22:36:25  INFO     [RAMS] Tier switch: MEDIUM → NANO  (R=0.530)
22:36:25  INFO     [RAMS] Tier switch: NANO → MEDIUM  (R=0.635)
22:36:25  INFO       [safety2 / moderate] 40/200  tier=MEDIUM  latency=27.3 ms  R=0.485  target=0.50  dets=12  vru=False  backend=ultralytics
22:36:26  INFO       [safety2 / moderate] 60/200  tier=MEDIUM  latency=27.1 ms  R=0.478  target=0.50  dets=8  vru=False  backend=ultralytics
22:36:26  INFO     [RAMS] Tier switch: MEDIUM → NANO  (R=0.543)
22:36:26  INFO     [RAMS] Tier switch: NANO → SMALL  (R=0.483)
22:36:27  INFO     [RAMS] Tier switch: SMALL → MEDIUM  (R=0.497)
22:36:27  INFO       [safety2 / moderate] 80/200  tier=MEDIUM  latency=26.4 ms  R=0.515  target=0.50  dets=8  vru=False  backend=ultralytics
22:36:28  INFO       [safety2 / moderate] 100/200  tier=MEDIUM  latency=25.2 ms  R=0.505  target=0.50  dets=2  vru=False  backend=ultralytics
22:36:28  INFO     [RAMS] Tier switch: MEDIUM → SMALL  (R=0.478)
22:36:28  INFO       [safety2 / moderate] 120/200  tier=SMALL   latency=21.3 ms  R=0.560  target=0.50  dets=8  vru=False  backend=ultralytics
22:36:28  INFO     [RAMS] Tier switch: SMALL → NANO  (R=0.560)
22:36:28  INFO     [RAMS] Tier switch: NANO → MEDIUM  (R=0.493)
22:36:29  INFO       [safety2 / moderate] 140/200  tier=MEDIUM  latency=27.6 ms  R=0.586  target=0.50  dets=7  vru=False  backend=ultralytics
22:36:30  INFO       [safety2 / moderate] 160/200  tier=MEDIUM  latency=26.0 ms  R=0.489  target=0.50  dets=6  vru=False  backend=ultralytics
22:36:30  INFO     [RAMS] Tier switch: MEDIUM → SMALL  (R=0.489)
22:36:30  INFO     [RAMS] Tier switch: SMALL → NANO  (R=0.586)
22:36:30  INFO     [RAMS] Tier switch: NANO → SMALL  (R=0.494)
22:36:31  INFO       [safety2 / moderate] 180/200  tier=SMALL   latency=21.1 ms  R=0.504  target=0.50  dets=3  vru=False  backend=ultralytics
22:36:31  INFO     [RAMS] Tier switch: SMALL → NANO  (R=0.503)
22:36:31  INFO     [RAMS] Tier switch: NANO → MEDIUM  (R=0.511)
22:36:31  INFO       [safety2 / moderate] 200/200  tier=MEDIUM  latency=25.9 ms  R=0.487  target=0.50  dets=5  vru=False  backend=ultralytics
22:36:31  INFO     [RAMS] Controller stopped.
22:36:31  INFO     
--- Block 2/10  Policy: threshold  Load: moderate (50%) ---
22:36:31  INFO     [RAMS] Starting resource monitor ...
22:36:31  INFO     [RAMS] Loading model tiers ...
22:36:32  INFO     [RAMS] YOLOv8-nano ready — Ultralytics (imgsz=320).
22:36:32  INFO     [RAMS] YOLOv8-small ready — Ultralytics (imgsz=416).
22:36:33  INFO     [RAMS] YOLOv8-medium ready — Ultralytics (imgsz=640).
22:36:33  INFO     [RAMS] Controller ready. Policy: threshold
22:36:34  INFO     [RAMS] Tier switch: SMALL → NANO  (R=0.552)
22:36:34  INFO       [threshold / moderate] 20/200  tier=NANO    latency=22.7 ms  R=0.488  target=0.50  dets=14  vru=False  backend=ultralytics
22:36:34  INFO     [RAMS] Tier switch: NANO → SMALL  (R=0.488)
22:36:35  INFO     [RAMS] Tier switch: SMALL → NANO  (R=0.507)
22:36:35  INFO     [RAMS] Tier switch: NANO → SMALL  (R=0.488)
22:36:35  INFO       [threshold / moderate] 40/200  tier=SMALL   latency=20.8 ms  R=0.477  target=0.50  dets=6  vru=False  backend=ultralytics
22:36:35  INFO     [RAMS] Tier switch: SMALL → NANO  (R=0.548)
22:36:35  INFO     [RAMS] Tier switch: NANO → SMALL  (R=0.487)
22:36:35  INFO     [RAMS] Tier switch: SMALL → NANO  (R=0.502)
22:36:36  INFO     [RAMS] Tier switch: NANO → SMALL  (R=0.490)
22:36:36  INFO       [threshold / moderate] 60/200  tier=SMALL   latency=21.9 ms  R=0.490  target=0.50  dets=6  vru=False  backend=ultralytics
22:36:36  INFO     [RAMS] Tier switch: SMALL → NANO  (R=0.580)
22:36:36  INFO       [threshold / moderate] 80/200  tier=NANO    latency=19.7 ms  R=0.487  target=0.50  dets=4  vru=False  backend=ultralytics
22:36:36  INFO     [RAMS] Tier switch: NANO → SMALL  (R=0.487)
22:36:37  INFO     [RAMS] Tier switch: SMALL → NANO  (R=0.500)
22:36:37  INFO     [RAMS] Tier switch: NANO → SMALL  (R=0.486)
22:36:37  INFO       [threshold / moderate] 100/200  tier=SMALL   latency=21.3 ms  R=0.483  target=0.50  dets=2  vru=False  backend=ultralytics
22:36:37  INFO     [RAMS] Tier switch: SMALL → NANO  (R=0.542)
22:36:37  INFO     [RAMS] Tier switch: NANO → SMALL  (R=0.496)
22:36:37  INFO     [RAMS] Tier switch: SMALL → NANO  (R=0.514)
22:36:38  INFO       [threshold / moderate] 120/200  tier=NANO    latency=19.7 ms  R=0.487  target=0.50  dets=4  vru=False  backend=ultralytics
22:36:38  INFO     [RAMS] Tier switch: NANO → SMALL  (R=0.487)
22:36:38  INFO     [RAMS] Tier switch: SMALL → NANO  (R=0.514)
22:36:38  INFO     [RAMS] Tier switch: NANO → SMALL  (R=0.474)
22:36:38  INFO       [threshold / moderate] 140/200  tier=SMALL   latency=20.1 ms  R=0.498  target=0.50  dets=3  vru=False  backend=ultralytics
22:36:39  INFO     [RAMS] Tier switch: SMALL → NANO  (R=0.506)
22:36:39  INFO     [RAMS] Tier switch: NANO → SMALL  (R=0.497)
22:36:39  INFO       [threshold / moderate] 160/200  tier=SMALL   latency=18.5 ms  R=0.484  target=0.50  dets=0  vru=False  backend=ultralytics
22:36:39  INFO     [RAMS] Tier switch: SMALL → NANO  (R=0.586)
22:36:39  INFO     [RAMS] Tier switch: NANO → SMALL  (R=0.497)
22:36:40  INFO       [threshold / moderate] 180/200  tier=SMALL   latency=20.2 ms  R=0.477  target=0.50  dets=3  vru=False  backend=ultralytics
22:36:40  INFO     [RAMS] Tier switch: SMALL → NANO  (R=0.516)
22:36:40  INFO     [RAMS] Tier switch: NANO → SMALL  (R=0.493)
22:36:40  INFO     [RAMS] Tier switch: SMALL → NANO  (R=0.565)
22:36:40  INFO     [RAMS] Tier switch: NANO → SMALL  (R=0.491)
22:36:40  INFO       [threshold / moderate] 200/200  tier=SMALL   latency=21.8 ms  R=0.491  target=0.50  dets=5  vru=False  backend=ultralytics
22:36:40  INFO     [RAMS] Controller stopped.
22:36:40  INFO     
--- Block 2/10  Policy: fixed_medium  Load: moderate (50%) ---
22:36:40  INFO     [RAMS] Starting resource monitor ...
22:36:40  INFO     [RAMS] Loading model tiers ...
22:36:41  INFO     [RAMS] YOLOv8-nano ready — Ultralytics (imgsz=320).
22:36:41  INFO     [RAMS] YOLOv8-small ready — Ultralytics (imgsz=416).
22:36:42  INFO     [RAMS] YOLOv8-medium ready — Ultralytics (imgsz=640).
22:36:42  INFO     [RAMS] Controller ready. Policy: fixed
22:36:43  INFO     [RAMS] Tier switch: SMALL → MEDIUM  (R=0.482)
22:36:44  INFO       [fixed_medium / moderate] 20/200  tier=MEDIUM  latency=29.4 ms  R=0.573  target=0.50  dets=19  vru=False  backend=ultralytics
22:36:44  INFO       [fixed_medium / moderate] 40/200  tier=MEDIUM  latency=28.4 ms  R=0.542  target=0.50  dets=12  vru=False  backend=ultralytics
22:36:45  INFO       [fixed_medium / moderate] 60/200  tier=MEDIUM  latency=27.6 ms  R=0.657  target=0.50  dets=8  vru=False  backend=ultralytics
22:36:46  INFO       [fixed_medium / moderate] 80/200  tier=MEDIUM  latency=29.5 ms  R=0.554  target=0.50  dets=8  vru=False  backend=ultralytics
22:36:47  INFO       [fixed_medium / moderate] 100/200  tier=MEDIUM  latency=25.1 ms  R=0.510  target=0.50  dets=2  vru=False  backend=ultralytics
22:36:48  INFO       [fixed_medium / moderate] 120/200  tier=MEDIUM  latency=26.9 ms  R=0.556  target=0.50  dets=11  vru=False  backend=ultralytics
22:36:48  INFO       [fixed_medium / moderate] 140/200  tier=MEDIUM  latency=27.1 ms  R=0.528  target=0.50  dets=7  vru=False  backend=ultralytics
22:36:49  INFO       [fixed_medium / moderate] 160/200  tier=MEDIUM  latency=25.9 ms  R=0.589  target=0.50  dets=6  vru=False  backend=ultralytics
22:36:50  INFO       [fixed_medium / moderate] 180/200  tier=MEDIUM  latency=25.6 ms  R=0.506  target=0.50  dets=4  vru=False  backend=ultralytics
22:36:51  INFO       [fixed_medium / moderate] 200/200  tier=MEDIUM  latency=25.8 ms  R=0.573  target=0.50  dets=5  vru=False  backend=ultralytics
22:36:51  INFO     [RAMS] Controller stopped.
22:36:51  INFO     
--- Block 2/10  Policy: fixed_small  Load: moderate (50%) ---
22:36:51  INFO     [RAMS] Starting resource monitor ...
22:36:51  INFO     [RAMS] Loading model tiers ...
22:36:51  INFO     [RAMS] YOLOv8-nano ready — Ultralytics (imgsz=320).
22:36:52  INFO     [RAMS] YOLOv8-small ready — Ultralytics (imgsz=416).
22:36:52  INFO     [RAMS] YOLOv8-medium ready — Ultralytics (imgsz=640).
22:36:52  INFO     [RAMS] Controller ready. Policy: fixed
22:36:54  INFO       [fixed_small / moderate] 20/200  tier=SMALL   latency=22.9 ms  R=0.512  target=0.50  dets=16  vru=False  backend=ultralytics
22:36:55  INFO       [fixed_small / moderate] 40/200  tier=SMALL   latency=21.8 ms  R=0.504  target=0.50  dets=6  vru=False  backend=ultralytics
22:36:55  INFO       [fixed_small / moderate] 60/200  tier=SMALL   latency=21.2 ms  R=0.503  target=0.50  dets=6  vru=False  backend=ultralytics
22:36:56  INFO       [fixed_small / moderate] 80/200  tier=SMALL   latency=21.1 ms  R=0.479  target=0.50  dets=6  vru=False  backend=ultralytics
22:36:57  INFO       [fixed_small / moderate] 100/200  tier=SMALL   latency=20.5 ms  R=0.506  target=0.50  dets=2  vru=False  backend=ultralytics
22:36:57  INFO       [fixed_small / moderate] 120/200  tier=SMALL   latency=21.4 ms  R=0.522  target=0.50  dets=8  vru=False  backend=ultralytics
22:36:58  INFO       [fixed_small / moderate] 140/200  tier=SMALL   latency=20.0 ms  R=0.483  target=0.50  dets=3  vru=False  backend=ultralytics
22:36:59  INFO       [fixed_small / moderate] 160/200  tier=SMALL   latency=19.4 ms  R=0.482  target=0.50  dets=0  vru=False  backend=ultralytics
22:36:59  INFO       [fixed_small / moderate] 180/200  tier=SMALL   latency=20.0 ms  R=0.487  target=0.50  dets=3  vru=False  backend=ultralytics
22:37:00  INFO       [fixed_small / moderate] 200/200  tier=SMALL   latency=21.8 ms  R=0.490  target=0.50  dets=5  vru=False  backend=ultralytics
22:37:00  INFO     [RAMS] Controller stopped.
22:37:00  INFO     
--- Block 2/10  Policy: safety  Load: moderate (50%) ---
22:37:00  INFO     [RAMS] Starting resource monitor ...
22:37:00  INFO     [RAMS] Loading model tiers ...
22:37:00  INFO     [RAMS] YOLOv8-nano ready — Ultralytics (imgsz=320).
22:37:01  INFO     [RAMS] YOLOv8-small ready — Ultralytics (imgsz=416).
22:37:01  INFO     [RAMS] YOLOv8-medium ready — Ultralytics (imgsz=640).
22:37:01  INFO     [RAMS] Controller ready. Policy: safety
22:37:03  INFO       [safety / moderate] 20/200  tier=SMALL   latency=23.8 ms  R=0.606  target=0.50  dets=16  vru=False  backend=ultralytics
22:37:04  INFO       [safety / moderate] 40/200  tier=SMALL   latency=21.2 ms  R=0.563  target=0.50  dets=6  vru=False  backend=ultralytics
22:37:05  INFO       [safety / moderate] 60/200  tier=SMALL   latency=22.3 ms  R=0.585  target=0.50  dets=6  vru=False  backend=ultralytics
22:37:05  INFO       [safety / moderate] 80/200  tier=SMALL   latency=22.6 ms  R=0.637  target=0.50  dets=6  vru=False  backend=ultralytics
22:37:06  INFO       [safety / moderate] 100/200  tier=SMALL   latency=20.5 ms  R=0.565  target=0.50  dets=2  vru=False  backend=ultralytics
22:37:07  INFO       [safety / moderate] 120/200  tier=SMALL   latency=21.8 ms  R=0.561  target=0.50  dets=8  vru=False  backend=ultralytics
22:37:07  INFO       [safety / moderate] 140/200  tier=SMALL   latency=20.9 ms  R=0.552  target=0.50  dets=3  vru=False  backend=ultralytics
22:37:08  INFO       [safety / moderate] 160/200  tier=SMALL   latency=18.8 ms  R=0.579  target=0.50  dets=0  vru=False  backend=ultralytics
22:37:08  INFO     [RAMS] Tier switch: SMALL → NANO  (R=0.568)
22:37:08  INFO     [RAMS] Tier switch: NANO → SMALL  (R=0.493)
22:37:09  INFO       [safety / moderate] 180/200  tier=SMALL   latency=19.9 ms  R=0.516  target=0.50  dets=3  vru=False  backend=ultralytics
22:37:09  INFO       [safety / moderate] 200/200  tier=SMALL   latency=20.6 ms  R=0.505  target=0.50  dets=5  vru=False  backend=ultralytics
22:37:09  INFO     [RAMS] Controller stopped.
22:37:09  INFO     
--- Block 2/10  Policy: adaptive  Load: moderate (50%) ---
22:37:09  INFO     [RAMS] Starting resource monitor ...
22:37:09  INFO     [RAMS] Loading model tiers ...
22:37:10  INFO     [RAMS] YOLOv8-nano ready — Ultralytics (imgsz=320).
22:37:10  INFO     [RAMS] YOLOv8-small ready — Ultralytics (imgsz=416).
22:37:11  INFO     [RAMS] YOLOv8-medium ready — Ultralytics (imgsz=640).
22:37:11  INFO     [RAMS] Controller ready. Policy: adaptive
22:37:12  INFO     [RAMS] Tier switch: SMALL → NANO  (R=0.581)
22:37:12  INFO     [RAMS] Tier switch: NANO → SMALL  (R=0.478)
22:37:13  INFO       [adaptive / moderate] 20/200  tier=SMALL   latency=23.0 ms  R=0.475  target=0.50  dets=16  vru=False  backend=ultralytics
22:37:13  INFO     [RAMS] Tier switch: SMALL → NANO  (R=0.607)
22:37:13  INFO       [adaptive / moderate] 40/200  tier=NANO    latency=19.9 ms  R=0.507  target=0.50  dets=4  vru=False  backend=ultralytics
22:37:14  INFO     [RAMS] Tier switch: NANO → SMALL  (R=0.480)
22:37:14  INFO     [RAMS] Tier switch: SMALL → NANO  (R=0.518)
22:37:14  INFO     [RAMS] Tier switch: NANO → SMALL  (R=0.478)
22:37:14  INFO       [adaptive / moderate] 60/200  tier=SMALL   latency=20.8 ms  R=0.478  target=0.50  dets=6  vru=False  backend=ultralytics
22:37:14  INFO     [RAMS] Tier switch: SMALL → NANO  (R=0.578)
22:37:14  INFO     [RAMS] Tier switch: NANO → SMALL  (R=0.478)
22:37:14  INFO     [RAMS] Tier switch: SMALL → NANO  (R=0.511)
22:37:15  INFO       [adaptive / moderate] 80/200  tier=NANO    latency=19.6 ms  R=0.496  target=0.50  dets=4  vru=False  backend=ultralytics
22:37:15  INFO     [RAMS] Tier switch: NANO → SMALL  (R=0.484)
22:37:15  INFO     [RAMS] Tier switch: SMALL → NANO  (R=0.585)
22:37:15  INFO       [adaptive / moderate] 100/200  tier=NANO    latency=19.3 ms  R=0.508  target=0.50  dets=1  vru=False  backend=ultralytics
22:37:16  INFO     [RAMS] Tier switch: NANO → SMALL  (R=0.488)
22:37:16  INFO       [adaptive / moderate] 120/200  tier=SMALL   latency=21.1 ms  R=0.500  target=0.50  dets=8  vru=False  backend=ultralytics
22:37:16  INFO     [RAMS] Tier switch: SMALL → NANO  (R=0.578)
22:37:16  INFO     [RAMS] Tier switch: NANO → SMALL  (R=0.493)
22:37:16  INFO     [RAMS] Tier switch: SMALL → NANO  (R=0.498)
22:37:17  INFO       [adaptive / moderate] 140/200  tier=NANO    latency=20.6 ms  R=0.498  target=0.50  dets=2  vru=False  backend=ultralytics
22:37:17  INFO     [RAMS] Tier switch: NANO → SMALL  (R=0.498)
22:37:17  INFO     [RAMS] Tier switch: SMALL → NANO  (R=0.585)
22:37:17  INFO       [adaptive / moderate] 160/200  tier=NANO    latency=17.4 ms  R=0.478  target=0.50  dets=0  vru=False  backend=ultralytics
22:37:18  INFO     [RAMS] Tier switch: NANO → SMALL  (R=0.486)
22:37:18  INFO       [adaptive / moderate] 180/200  tier=SMALL   latency=20.1 ms  R=0.496  target=0.50  dets=3  vru=False  backend=ultralytics
22:37:18  INFO     [RAMS] Tier switch: SMALL → NANO  (R=0.599)
22:37:19  INFO     [RAMS] Tier switch: NANO → SMALL  (R=0.488)
22:37:19  INFO       [adaptive / moderate] 200/200  tier=SMALL   latency=21.8 ms  R=0.477  target=0.50  dets=5  vru=False  backend=ultralytics
22:37:19  INFO     [RAMS] Controller stopped.
22:37:19  INFO     
--- Block 2/10  Policy: fixed_nano  Load: moderate (50%) ---
22:37:19  INFO     [RAMS] Starting resource monitor ...
22:37:19  INFO     [RAMS] Loading model tiers ...
22:37:19  INFO     [RAMS] YOLOv8-nano ready — Ultralytics (imgsz=320).
22:37:19  INFO     [RAMS] YOLOv8-small ready — Ultralytics (imgsz=416).
22:37:20  INFO     [RAMS] YOLOv8-medium ready — Ultralytics (imgsz=640).
22:37:20  INFO     [RAMS] Controller ready. Policy: fixed
22:37:21  INFO     [RAMS] Tier switch: SMALL → NANO  (R=0.420)
22:37:22  INFO       [fixed_nano / moderate] 20/200  tier=NANO    latency=22.1 ms  R=0.482  target=0.50  dets=14  vru=False  backend=ultralytics
22:37:22  INFO       [fixed_nano / moderate] 40/200  tier=NANO    latency=19.9 ms  R=0.490  target=0.50  dets=4  vru=False  backend=ultralytics
22:37:23  INFO       [fixed_nano / moderate] 60/200  tier=NANO    latency=21.5 ms  R=0.494  target=0.50  dets=3  vru=False  backend=ultralytics
22:37:24  INFO       [fixed_nano / moderate] 80/200  tier=NANO    latency=20.5 ms  R=0.570  target=0.50  dets=4  vru=False  backend=ultralytics
22:37:24  INFO       [fixed_nano / moderate] 100/200  tier=NANO    latency=19.5 ms  R=0.541  target=0.50  dets=1  vru=False  backend=ultralytics
22:37:25  INFO       [fixed_nano / moderate] 120/200  tier=NANO    latency=30.0 ms  R=0.603  target=0.50  dets=4  vru=False  backend=ultralytics
22:37:26  INFO       [fixed_nano / moderate] 140/200  tier=NANO    latency=20.9 ms  R=0.563  target=0.50  dets=2  vru=False  backend=ultralytics
22:37:26  INFO       [fixed_nano / moderate] 160/200  tier=NANO    latency=18.7 ms  R=0.548  target=0.50  dets=0  vru=False  backend=ultralytics
22:37:27  INFO       [fixed_nano / moderate] 180/200  tier=NANO    latency=25.7 ms  R=0.541  target=0.50  dets=2  vru=False  backend=ultralytics
22:37:28  INFO       [fixed_nano / moderate] 200/200  tier=NANO    latency=20.2 ms  R=0.551  target=0.50  dets=5  vru=False  backend=ultralytics
22:37:28  INFO     [RAMS] Controller stopped.
22:37:28  INFO     
--- Block 2/10  Policy: predictive  Load: moderate (50%) ---
22:37:28  INFO     [RAMS] Starting resource monitor ...
22:37:28  INFO     [RAMS] Loading model tiers ...
22:37:28  INFO     [RAMS] YOLOv8-nano ready — Ultralytics (imgsz=320).
22:37:29  INFO     [RAMS] YOLOv8-small ready — Ultralytics (imgsz=416).
22:37:29  INFO     [RAMS] YOLOv8-medium ready — Ultralytics (imgsz=640).
22:37:29  INFO     [RAMS] Controller ready. Policy: predictive
22:37:31  INFO     [RAMS] Tier switch: SMALL → NANO  (R=0.510)
22:37:31  INFO     [RAMS] Tier switch: NANO → SMALL  (R=0.489)
22:37:31  INFO       [predictive / moderate] 20/200  tier=SMALL   latency=24.2 ms  R=0.503  target=0.50  dets=16  vru=False  backend=ultralytics
22:37:31  INFO     [RAMS] Tier switch: SMALL → NANO  (R=0.512)
22:37:31  INFO     [RAMS] Tier switch: NANO → SMALL  (R=0.491)
22:37:32  INFO     [RAMS] Tier switch: SMALL → NANO  (R=0.510)
22:37:32  INFO       [predictive / moderate] 40/200  tier=NANO    latency=19.7 ms  R=0.510  target=0.50  dets=4  vru=False  backend=ultralytics
22:37:32  INFO     [RAMS] Tier switch: NANO → SMALL  (R=0.488)
22:37:32  INFO     [RAMS] Tier switch: SMALL → NANO  (R=0.572)
22:37:32  INFO       [predictive / moderate] 60/200  tier=NANO    latency=23.0 ms  R=0.492  target=0.50  dets=3  vru=False  backend=ultralytics
22:37:33  INFO     [RAMS] Tier switch: NANO → SMALL  (R=0.493)
22:37:33  INFO       [predictive / moderate] 80/200  tier=SMALL   latency=21.0 ms  R=0.497  target=0.50  dets=6  vru=False  backend=ultralytics
22:37:33  INFO     [RAMS] Tier switch: SMALL → NANO  (R=0.514)
22:37:33  INFO     [RAMS] Tier switch: NANO → SMALL  (R=0.484)
22:37:34  INFO     [RAMS] Tier switch: SMALL → NANO  (R=0.512)
22:37:34  INFO       [predictive / moderate] 100/200  tier=NANO    latency=19.4 ms  R=0.512  target=0.50  dets=1  vru=False  backend=ultralytics
22:37:34  INFO     [RAMS] Tier switch: NANO → SMALL  (R=0.492)
22:37:34  INFO     [RAMS] Tier switch: SMALL → NANO  (R=0.512)
22:37:34  INFO       [predictive / moderate] 120/200  tier=NANO    latency=20.3 ms  R=0.501  target=0.50  dets=4  vru=False  backend=ultralytics
22:37:34  INFO     [RAMS] Tier switch: NANO → SMALL  (R=0.489)
22:37:35  INFO     [RAMS] Tier switch: SMALL → NANO  (R=0.506)
22:37:35  INFO     [RAMS] Tier switch: NANO → SMALL  (R=0.487)
22:37:35  INFO       [predictive / moderate] 140/200  tier=SMALL   latency=20.0 ms  R=0.490  target=0.50  dets=3  vru=False  backend=ultralytics
22:37:35  INFO     [RAMS] Tier switch: SMALL → NANO  (R=0.508)
22:37:35  INFO     [RAMS] Tier switch: NANO → SMALL  (R=0.482)
22:37:36  INFO       [predictive / moderate] 160/200  tier=SMALL   latency=19.4 ms  R=0.486  target=0.50  dets=0  vru=False  backend=ultralytics
22:37:36  INFO     [RAMS] Tier switch: SMALL → NANO  (R=0.504)
22:37:36  INFO     [RAMS] Tier switch: NANO → SMALL  (R=0.487)
22:37:36  INFO     [RAMS] Tier switch: SMALL → NANO  (R=0.562)
22:37:36  INFO       [predictive / moderate] 180/200  tier=NANO    latency=19.2 ms  R=0.479  target=0.50  dets=2  vru=False  backend=ultralytics
22:37:36  INFO     [RAMS] Tier switch: NANO → SMALL  (R=0.479)
22:37:37  INFO     [RAMS] Tier switch: SMALL → NANO  (R=0.518)
22:37:37  INFO       [predictive / moderate] 200/200  tier=NANO    latency=20.8 ms  R=0.518  target=0.50  dets=5  vru=False  backend=ultralytics
22:37:37  INFO     [RAMS] Controller stopped.
22:37:37  INFO     
--- Block 3/10  Policy: threshold  Load: moderate (50%) ---
22:37:37  INFO     [RAMS] Starting resource monitor ...
22:37:37  INFO     [RAMS] Loading model tiers ...
22:37:37  INFO     [RAMS] YOLOv8-nano ready — Ultralytics (imgsz=320).
22:37:38  INFO     [RAMS] YOLOv8-small ready — Ultralytics (imgsz=416).
22:37:38  INFO     [RAMS] YOLOv8-medium ready — Ultralytics (imgsz=640).
22:37:38  INFO     [RAMS] Controller ready. Policy: threshold
22:37:40  INFO     [RAMS] Tier switch: SMALL → NANO  (R=0.507)
22:37:40  INFO     [RAMS] Tier switch: NANO → SMALL  (R=0.498)
22:37:40  INFO       [threshold / moderate] 20/200  tier=SMALL   latency=21.3 ms  R=0.482  target=0.50  dets=7  vru=False  backend=ultralytics
22:37:40  INFO     [RAMS] Tier switch: SMALL → NANO  (R=0.567)
22:37:40  INFO     [RAMS] Tier switch: NANO → SMALL  (R=0.493)
22:37:40  INFO     [RAMS] Tier switch: SMALL → NANO  (R=0.499)
22:37:40  INFO     [RAMS] Tier switch: NANO → SMALL  (R=0.490)
22:37:41  INFO       [threshold / moderate] 40/200  tier=SMALL   latency=21.6 ms  R=0.476  target=0.50  dets=6  vru=False  backend=ultralytics
22:37:41  INFO     [RAMS] Tier switch: SMALL → NANO  (R=0.508)
22:37:41  INFO     [RAMS] Tier switch: NANO → SMALL  (R=0.490)
22:37:41  INFO       [threshold / moderate] 60/200  tier=SMALL   latency=22.7 ms  R=0.498  target=0.50  dets=13  vru=False  backend=ultralytics
22:37:41  INFO     [RAMS] Tier switch: SMALL → NANO  (R=0.498)
22:37:41  INFO     [RAMS] Tier switch: NANO → SMALL  (R=0.477)
22:37:42  INFO     [RAMS] Tier switch: SMALL → NANO  (R=0.508)
22:37:42  INFO     [RAMS] Tier switch: NANO → SMALL  (R=0.483)
22:37:42  INFO       [threshold / moderate] 80/200  tier=SMALL   latency=22.7 ms  R=0.492  target=0.50  dets=15  vru=True  backend=ultralytics
22:37:42  INFO     [RAMS] Tier switch: SMALL → NANO  (R=0.556)
22:37:42  INFO     [RAMS] Tier switch: NANO → SMALL  (R=0.488)
22:37:43  INFO     [RAMS] Tier switch: SMALL → NANO  (R=0.506)
22:37:43  INFO       [threshold / moderate] 100/200  tier=NANO    latency=17.5 ms  R=0.498  target=0.50  dets=0  vru=False  backend=ultralytics
22:37:43  INFO     [RAMS] Tier switch: NANO → SMALL  (R=0.497)
22:37:43  INFO     [RAMS] Tier switch: SMALL → NANO  (R=0.551)
22:37:43  INFO     [RAMS] Tier switch: NANO → SMALL  (R=0.484)
22:37:43  INFO       [threshold / moderate] 120/200  tier=SMALL   latency=20.7 ms  R=0.483  target=0.50  dets=6  vru=False  backend=ultralytics
22:37:43  INFO     [RAMS] Tier switch: SMALL → NANO  (R=0.504)
22:37:44  INFO     [RAMS] Tier switch: NANO → SMALL  (R=0.498)
22:37:44  INFO     [RAMS] Tier switch: SMALL → NANO  (R=0.506)
22:37:44  INFO       [threshold / moderate] 140/200  tier=NANO    latency=19.7 ms  R=0.506  target=0.50  dets=4  vru=True  backend=ultralytics
22:37:44  INFO     [RAMS] Tier switch: NANO → SMALL  (R=0.478)
22:37:44  INFO     [RAMS] Tier switch: SMALL → NANO  (R=0.503)
22:37:45  INFO       [threshold / moderate] 160/200  tier=NANO    latency=19.9 ms  R=0.546  target=0.50  dets=3  vru=False  backend=ultralytics
22:37:45  INFO       [threshold / moderate] 180/200  tier=NANO    latency=19.9 ms  R=0.556  target=0.50  dets=4  vru=False  backend=ultralytics
22:37:46  INFO       [threshold / moderate] 200/200  tier=NANO    latency=19.9 ms  R=0.546  target=0.50  dets=2  vru=False  backend=ultralytics
22:37:46  INFO     [RAMS] Controller stopped.
22:37:46  INFO     
--- Block 3/10  Policy: adaptive  Load: moderate (50%) ---
22:37:46  INFO     [RAMS] Starting resource monitor ...
22:37:46  INFO     [RAMS] Loading model tiers ...
22:37:46  INFO     [RAMS] YOLOv8-nano ready — Ultralytics (imgsz=320).
22:37:47  INFO     [RAMS] YOLOv8-small ready — Ultralytics (imgsz=416).
22:37:48  INFO     [RAMS] YOLOv8-medium ready — Ultralytics (imgsz=640).
22:37:48  INFO     [RAMS] Controller ready. Policy: adaptive
22:37:49  INFO     [RAMS] Tier switch: SMALL → NANO  (R=0.533)
22:37:49  INFO       [adaptive / moderate] 20/200  tier=NANO    latency=20.3 ms  R=0.548  target=0.50  dets=6  vru=False  backend=ultralytics
22:37:50  INFO       [adaptive / moderate] 40/200  tier=NANO    latency=19.9 ms  R=0.544  target=0.50  dets=1  vru=False  backend=ultralytics
22:37:51  INFO       [adaptive / moderate] 60/200  tier=NANO    latency=20.8 ms  R=0.542  target=0.50  dets=9  vru=False  backend=ultralytics
22:37:51  INFO       [adaptive / moderate] 80/200  tier=NANO    latency=21.2 ms  R=0.580  target=0.50  dets=8  vru=False  backend=ultralytics
22:37:52  INFO     [RAMS] Tier switch: NANO → SMALL  (R=0.494)
22:37:52  INFO       [adaptive / moderate] 100/200  tier=SMALL   latency=19.9 ms  R=0.478  target=0.50  dets=2  vru=False  backend=ultralytics
22:37:52  INFO     [RAMS] Tier switch: SMALL → NANO  (R=0.510)
22:37:53  INFO       [adaptive / moderate] 120/200  tier=NANO    latency=19.6 ms  R=0.484  target=0.50  dets=4  vru=False  backend=ultralytics
22:37:53  INFO     [RAMS] Tier switch: NANO → SMALL  (R=0.484)
22:37:53  INFO     [RAMS] Tier switch: SMALL → NANO  (R=0.583)
22:37:53  INFO       [adaptive / moderate] 140/200  tier=NANO    latency=21.0 ms  R=0.583  target=0.50  dets=4  vru=True  backend=ultralytics
22:37:53  INFO     [RAMS] Tier switch: NANO → SMALL  (R=0.484)
22:37:54  INFO     [RAMS] Tier switch: SMALL → NANO  (R=0.504)
22:37:54  INFO     [RAMS] Tier switch: NANO → SMALL  (R=0.484)
22:37:54  INFO       [adaptive / moderate] 160/200  tier=SMALL   latency=19.8 ms  R=0.483  target=0.50  dets=2  vru=False  backend=ultralytics
22:37:54  INFO     [RAMS] Tier switch: SMALL → NANO  (R=0.514)
22:37:54  INFO     [RAMS] Tier switch: NANO → SMALL  (R=0.477)
22:37:55  INFO       [adaptive / moderate] 180/200  tier=SMALL   latency=22.0 ms  R=0.477  target=0.50  dets=6  vru=False  backend=ultralytics
22:37:55  INFO     [RAMS] Tier switch: SMALL → NANO  (R=0.509)
22:37:55  INFO     [RAMS] Tier switch: NANO → SMALL  (R=0.478)
22:37:55  INFO     [RAMS] Tier switch: SMALL → NANO  (R=0.572)
22:37:55  INFO       [adaptive / moderate] 200/200  tier=NANO    latency=19.5 ms  R=0.572  target=0.50  dets=2  vru=False  backend=ultralytics
22:37:55  INFO     [RAMS] Controller stopped.
22:37:55  INFO     
--- Block 3/10  Policy: predictive  Load: moderate (50%) ---
22:37:55  INFO     [RAMS] Starting resource monitor ...
22:37:55  INFO     [RAMS] Loading model tiers ...
22:37:56  INFO     [RAMS] YOLOv8-nano ready — Ultralytics (imgsz=320).
22:37:56  INFO     [RAMS] YOLOv8-small ready — Ultralytics (imgsz=416).
22:37:57  INFO     [RAMS] YOLOv8-medium ready — Ultralytics (imgsz=640).
22:37:57  INFO     [RAMS] Controller ready. Policy: predictive
22:37:58  INFO     [RAMS] Tier switch: SMALL → NANO  (R=0.545)
22:37:58  INFO     [RAMS] Tier switch: NANO → SMALL  (R=0.492)
22:37:59  INFO       [predictive / moderate] 20/200  tier=SMALL   latency=22.1 ms  R=0.496  target=0.50  dets=7  vru=False  backend=ultralytics
22:37:59  INFO     [RAMS] Tier switch: SMALL → NANO  (R=0.506)
22:37:59  INFO     [RAMS] Tier switch: NANO → SMALL  (R=0.493)
22:37:59  INFO     [RAMS] Tier switch: SMALL → NANO  (R=0.552)
22:37:59  INFO       [predictive / moderate] 40/200  tier=NANO    latency=19.1 ms  R=0.503  target=0.50  dets=1  vru=False  backend=ultralytics
22:37:59  INFO     [RAMS] Tier switch: NANO → SMALL  (R=0.482)
22:38:00  INFO       [predictive / moderate] 60/200  tier=SMALL   latency=23.8 ms  R=0.503  target=0.50  dets=13  vru=False  backend=ultralytics
22:38:00  INFO     [RAMS] Tier switch: SMALL → NANO  (R=0.503)
22:38:00  INFO     [RAMS] Tier switch: NANO → SMALL  (R=0.496)
22:38:00  INFO     [RAMS] Tier switch: SMALL → NANO  (R=0.550)
22:38:00  INFO     [RAMS] Tier switch: NANO → SMALL  (R=0.483)
22:38:01  INFO       [predictive / moderate] 80/200  tier=SMALL   latency=22.7 ms  R=0.496  target=0.50  dets=15  vru=True  backend=ultralytics
22:38:01  INFO     [RAMS] Tier switch: SMALL → NANO  (R=0.500)
22:38:01  INFO     [RAMS] Tier switch: NANO → SMALL  (R=0.486)
22:38:01  INFO     [RAMS] Tier switch: SMALL → NANO  (R=0.548)
22:38:01  INFO       [predictive / moderate] 100/200  tier=NANO    latency=17.8 ms  R=0.511  target=0.50  dets=0  vru=False  backend=ultralytics
22:38:01  INFO     [RAMS] Tier switch: NANO → SMALL  (R=0.486)
22:38:02  INFO     [RAMS] Tier switch: SMALL → NANO  (R=0.529)
22:38:02  INFO     [RAMS] Tier switch: NANO → SMALL  (R=0.489)
22:38:02  INFO       [predictive / moderate] 120/200  tier=SMALL   latency=21.1 ms  R=0.491  target=0.50  dets=6  vru=False  backend=ultralytics
22:38:02  INFO     [RAMS] Tier switch: SMALL → NANO  (R=0.562)
22:38:02  INFO     [RAMS] Tier switch: NANO → SMALL  (R=0.484)
22:38:03  INFO       [predictive / moderate] 140/200  tier=SMALL   latency=20.9 ms  R=0.495  target=0.50  dets=5  vru=True  backend=ultralytics
22:38:03  INFO     [RAMS] Tier switch: SMALL → NANO  (R=0.508)
22:38:03  INFO     [RAMS] Tier switch: NANO → SMALL  (R=0.491)
22:38:03  INFO     [RAMS] Tier switch: SMALL → NANO  (R=0.579)
22:38:03  INFO       [predictive / moderate] 160/200  tier=NANO    latency=21.6 ms  R=0.510  target=0.50  dets=3  vru=False  backend=ultralytics
22:38:03  INFO     [RAMS] Tier switch: NANO → SMALL  (R=0.487)
22:38:04  INFO     [RAMS] Tier switch: SMALL → NANO  (R=0.514)
22:38:04  INFO       [predictive / moderate] 180/200  tier=NANO    latency=20.5 ms  R=0.496  target=0.50  dets=4  vru=False  backend=ultralytics
22:38:04  INFO     [RAMS] Tier switch: NANO → SMALL  (R=0.482)
22:38:05  INFO       [predictive / moderate] 200/200  tier=SMALL   latency=21.1 ms  R=0.488  target=0.50  dets=4  vru=False  backend=ultralytics
22:38:05  INFO     [RAMS] Controller stopped.
22:38:05  INFO     
--- Block 3/10  Policy: fixed_medium  Load: moderate (50%) ---
22:38:05  INFO     [RAMS] Starting resource monitor ...
22:38:05  INFO     [RAMS] Loading model tiers ...
22:38:05  INFO     [RAMS] YOLOv8-nano ready — Ultralytics (imgsz=320).
22:38:05  INFO     [RAMS] YOLOv8-small ready — Ultralytics (imgsz=416).
22:38:06  INFO     [RAMS] YOLOv8-medium ready — Ultralytics (imgsz=640).
22:38:06  INFO     [RAMS] Controller ready. Policy: fixed
22:38:07  INFO     [RAMS] Tier switch: SMALL → MEDIUM  (R=0.502)
22:38:08  INFO       [fixed_medium / moderate] 20/200  tier=MEDIUM  latency=28.2 ms  R=0.631  target=0.50  dets=7  vru=False  backend=ultralytics
22:38:09  INFO       [fixed_medium / moderate] 40/200  tier=MEDIUM  latency=29.0 ms  R=0.566  target=0.50  dets=11  vru=True  backend=ultralytics
22:38:10  INFO       [fixed_medium / moderate] 60/200  tier=MEDIUM  latency=31.4 ms  R=0.595  target=0.50  dets=14  vru=False  backend=ultralytics
22:38:10  INFO       [fixed_medium / moderate] 80/200  tier=MEDIUM  latency=30.2 ms  R=0.618  target=0.50  dets=18  vru=True  backend=ultralytics
22:38:11  INFO       [fixed_medium / moderate] 100/200  tier=MEDIUM  latency=25.9 ms  R=0.631  target=0.50  dets=2  vru=False  backend=ultralytics
22:38:12  INFO       [fixed_medium / moderate] 120/200  tier=MEDIUM  latency=28.3 ms  R=0.600  target=0.50  dets=11  vru=False  backend=ultralytics
22:38:13  INFO       [fixed_medium / moderate] 140/200  tier=MEDIUM  latency=27.4 ms  R=0.514  target=0.50  dets=6  vru=True  backend=ultralytics
22:38:14  INFO       [fixed_medium / moderate] 160/200  tier=MEDIUM  latency=25.7 ms  R=0.514  target=0.50  dets=4  vru=False  backend=ultralytics
22:38:14  INFO       [fixed_medium / moderate] 180/200  tier=MEDIUM  latency=27.0 ms  R=0.473  target=0.50  dets=10  vru=False  backend=ultralytics
22:38:15  INFO       [fixed_medium / moderate] 200/200  tier=MEDIUM  latency=28.5 ms  R=0.584  target=0.50  dets=6  vru=True  backend=ultralytics
22:38:15  INFO     [RAMS] Controller stopped.
22:38:15  INFO     
--- Block 3/10  Policy: safety2  Load: moderate (50%) ---
22:38:15  INFO     [RAMS] Starting resource monitor ...
22:38:15  INFO     [RAMS] Loading model tiers ...
22:38:16  INFO     [RAMS] YOLOv8-nano ready — Ultralytics (imgsz=320).
22:38:16  INFO     [RAMS] YOLOv8-small ready — Ultralytics (imgsz=416).
22:38:17  INFO     [RAMS] YOLOv8-medium ready — Ultralytics (imgsz=640).
22:38:17  INFO     [RAMS] Controller ready. Policy: safety2
22:38:18  INFO     [RAMS] Tier switch: SMALL → MEDIUM  (R=0.485)
22:38:18  INFO       [safety2 / moderate] 20/200  tier=MEDIUM  latency=28.0 ms  R=0.494  target=0.50  dets=7  vru=False  backend=ultralytics
22:38:19  INFO     [RAMS] Tier switch: MEDIUM → SMALL  (R=0.520)
22:38:19  INFO     [RAMS] Tier switch: SMALL → MEDIUM  (R=0.508)
22:38:19  INFO       [safety2 / moderate] 40/200  tier=MEDIUM  latency=27.6 ms  R=0.632  target=0.50  dets=11  vru=True  backend=ultralytics
22:38:20  INFO       [safety2 / moderate] 60/200  tier=MEDIUM  latency=27.7 ms  R=0.498  target=0.50  dets=14  vru=False  backend=ultralytics
22:38:21  INFO       [safety2 / moderate] 80/200  tier=MEDIUM  latency=28.4 ms  R=0.580  target=0.50  dets=18  vru=True  backend=ultralytics
22:38:22  INFO       [safety2 / moderate] 100/200  tier=MEDIUM  latency=26.3 ms  R=0.555  target=0.50  dets=2  vru=False  backend=ultralytics
22:38:22  INFO     [RAMS] Tier switch: MEDIUM → NANO  (R=0.580)
22:38:22  INFO     [RAMS] Tier switch: NANO → SMALL  (R=0.476)
22:38:22  INFO     [RAMS] Tier switch: SMALL → MEDIUM  (R=0.577)
22:38:22  INFO       [safety2 / moderate] 120/200  tier=MEDIUM  latency=27.1 ms  R=0.555  target=0.50  dets=11  vru=False  backend=ultralytics
22:38:23  INFO       [safety2 / moderate] 140/200  tier=MEDIUM  latency=26.9 ms  R=0.581  target=0.50  dets=6  vru=True  backend=ultralytics
22:38:23  INFO     [RAMS] Tier switch: MEDIUM → NANO  (R=0.571)
22:38:23  INFO     [RAMS] Tier switch: NANO → SMALL  (R=0.512)
22:38:24  INFO       [safety2 / moderate] 160/200  tier=SMALL   latency=19.9 ms  R=0.502  target=0.50  dets=2  vru=False  backend=ultralytics
22:38:24  INFO     [RAMS] Tier switch: SMALL → NANO  (R=0.500)
22:38:24  INFO     [RAMS] Tier switch: NANO → MEDIUM  (R=0.486)
22:38:24  INFO       [safety2 / moderate] 180/200  tier=MEDIUM  latency=26.8 ms  R=0.533  target=0.50  dets=10  vru=False  backend=ultralytics
22:38:25  INFO     [RAMS] Tier switch: MEDIUM → SMALL  (R=0.590)
22:38:25  INFO       [safety2 / moderate] 200/200  tier=SMALL   latency=20.7 ms  R=0.557  target=0.50  dets=4  vru=False  backend=ultralytics
22:38:25  INFO     [RAMS] Controller stopped.
22:38:25  INFO     
--- Block 3/10  Policy: fixed_small  Load: moderate (50%) ---
22:38:25  INFO     [RAMS] Starting resource monitor ...
22:38:25  INFO     [RAMS] Loading model tiers ...
22:38:26  INFO     [RAMS] YOLOv8-nano ready — Ultralytics (imgsz=320).
22:38:26  INFO     [RAMS] YOLOv8-small ready — Ultralytics (imgsz=416).
22:38:27  INFO     [RAMS] YOLOv8-medium ready — Ultralytics (imgsz=640).
22:38:27  INFO     [RAMS] Controller ready. Policy: fixed
22:38:28  INFO       [fixed_small / moderate] 20/200  tier=SMALL   latency=21.2 ms  R=0.541  target=0.50  dets=7  vru=False  backend=ultralytics
22:38:29  INFO       [fixed_small / moderate] 40/200  tier=SMALL   latency=26.1 ms  R=0.597  target=0.50  dets=6  vru=False  backend=ultralytics
22:38:30  INFO       [fixed_small / moderate] 60/200  tier=SMALL   latency=23.7 ms  R=0.537  target=0.50  dets=13  vru=False  backend=ultralytics
22:38:31  INFO       [fixed_small / moderate] 80/200  tier=SMALL   latency=23.2 ms  R=0.541  target=0.50  dets=15  vru=True  backend=ultralytics
22:38:31  INFO       [fixed_small / moderate] 100/200  tier=SMALL   latency=24.0 ms  R=0.610  target=0.50  dets=2  vru=False  backend=ultralytics
22:38:32  INFO       [fixed_small / moderate] 120/200  tier=SMALL   latency=21.4 ms  R=0.567  target=0.50  dets=6  vru=False  backend=ultralytics
22:38:33  INFO       [fixed_small / moderate] 140/200  tier=SMALL   latency=21.1 ms  R=0.536  target=0.50  dets=5  vru=True  backend=ultralytics
22:38:33  INFO       [fixed_small / moderate] 160/200  tier=SMALL   latency=20.6 ms  R=0.595  target=0.50  dets=2  vru=False  backend=ultralytics
22:38:34  INFO       [fixed_small / moderate] 180/200  tier=SMALL   latency=20.7 ms  R=0.503  target=0.50  dets=6  vru=False  backend=ultralytics
22:38:35  INFO       [fixed_small / moderate] 200/200  tier=SMALL   latency=21.2 ms  R=0.508  target=0.50  dets=4  vru=False  backend=ultralytics
22:38:35  INFO     [RAMS] Controller stopped.
22:38:35  INFO     
--- Block 3/10  Policy: safety  Load: moderate (50%) ---
22:38:35  INFO     [RAMS] Starting resource monitor ...
22:38:35  INFO     [RAMS] Loading model tiers ...
22:38:35  INFO     [RAMS] YOLOv8-nano ready — Ultralytics (imgsz=320).
22:38:35  INFO     [RAMS] YOLOv8-small ready — Ultralytics (imgsz=416).
22:38:36  INFO     [RAMS] YOLOv8-medium ready — Ultralytics (imgsz=640).
22:38:36  INFO     [RAMS] Controller ready. Policy: safety
22:38:38  INFO       [safety / moderate] 20/200  tier=SMALL   latency=21.0 ms  R=0.492  target=0.50  dets=7  vru=False  backend=ultralytics
22:38:38  INFO       [safety / moderate] 40/200  tier=SMALL   latency=21.5 ms  R=0.566  target=0.50  dets=6  vru=False  backend=ultralytics
22:38:39  INFO       [safety / moderate] 60/200  tier=SMALL   latency=22.2 ms  R=0.483  target=0.50  dets=13  vru=False  backend=ultralytics
22:38:40  INFO       [safety / moderate] 80/200  tier=SMALL   latency=24.3 ms  R=0.501  target=0.50  dets=15  vru=True  backend=ultralytics
22:38:40  INFO       [safety / moderate] 100/200  tier=SMALL   latency=20.0 ms  R=0.509  target=0.50  dets=2  vru=False  backend=ultralytics
22:38:41  INFO       [safety / moderate] 120/200  tier=SMALL   latency=22.0 ms  R=0.484  target=0.50  dets=6  vru=False  backend=ultralytics
22:38:42  INFO       [safety / moderate] 140/200  tier=SMALL   latency=20.6 ms  R=0.512  target=0.50  dets=5  vru=True  backend=ultralytics
22:38:42  INFO       [safety / moderate] 160/200  tier=SMALL   latency=20.0 ms  R=0.487  target=0.50  dets=2  vru=False  backend=ultralytics
22:38:43  INFO     [RAMS] Tier switch: SMALL → NANO  (R=0.500)
22:38:43  INFO     [RAMS] Tier switch: NANO → SMALL  (R=0.487)
22:38:43  INFO       [safety / moderate] 180/200  tier=SMALL   latency=21.8 ms  R=0.522  target=0.50  dets=6  vru=False  backend=ultralytics
22:38:44  INFO       [safety / moderate] 200/200  tier=SMALL   latency=20.3 ms  R=0.475  target=0.50  dets=4  vru=False  backend=ultralytics
22:38:44  INFO     [RAMS] Controller stopped.
22:38:44  INFO     
--- Block 3/10  Policy: fixed_nano  Load: moderate (50%) ---
22:38:44  INFO     [RAMS] Starting resource monitor ...
22:38:44  INFO     [RAMS] Loading model tiers ...
22:38:44  INFO     [RAMS] YOLOv8-nano ready — Ultralytics (imgsz=320).
22:38:45  INFO     [RAMS] YOLOv8-small ready — Ultralytics (imgsz=416).
22:38:45  INFO     [RAMS] YOLOv8-medium ready — Ultralytics (imgsz=640).
22:38:45  INFO     [RAMS] Controller ready. Policy: fixed
22:38:46  INFO     [RAMS] Tier switch: SMALL → NANO  (R=0.417)
22:38:47  INFO       [fixed_nano / moderate] 20/200  tier=NANO    latency=20.4 ms  R=0.481  target=0.50  dets=6  vru=False  backend=ultralytics
22:38:48  INFO       [fixed_nano / moderate] 40/200  tier=NANO    latency=19.1 ms  R=0.496  target=0.50  dets=1  vru=False  backend=ultralytics
22:38:48  INFO       [fixed_nano / moderate] 60/200  tier=NANO    latency=21.1 ms  R=0.501  target=0.50  dets=9  vru=False  backend=ultralytics
22:38:49  INFO       [fixed_nano / moderate] 80/200  tier=NANO    latency=23.1 ms  R=0.595  target=0.50  dets=8  vru=False  backend=ultralytics
22:38:50  INFO       [fixed_nano / moderate] 100/200  tier=NANO    latency=18.1 ms  R=0.567  target=0.50  dets=0  vru=False  backend=ultralytics
22:38:50  INFO       [fixed_nano / moderate] 120/200  tier=NANO    latency=20.7 ms  R=0.545  target=0.50  dets=4  vru=False  backend=ultralytics
22:38:51  INFO       [fixed_nano / moderate] 140/200  tier=NANO    latency=20.7 ms  R=0.565  target=0.50  dets=4  vru=True  backend=ultralytics
22:38:52  INFO       [fixed_nano / moderate] 160/200  tier=NANO    latency=21.0 ms  R=0.537  target=0.50  dets=3  vru=False  backend=ultralytics
22:38:52  INFO       [fixed_nano / moderate] 180/200  tier=NANO    latency=21.6 ms  R=0.553  target=0.50  dets=4  vru=False  backend=ultralytics
22:38:53  INFO       [fixed_nano / moderate] 200/200  tier=NANO    latency=22.2 ms  R=0.537  target=0.50  dets=2  vru=False  backend=ultralytics
22:38:53  INFO     [RAMS] Controller stopped.
22:38:53  INFO     
--- Block 4/10  Policy: adaptive  Load: moderate (50%) ---
22:38:53  INFO     [RAMS] Starting resource monitor ...
22:38:53  INFO     [RAMS] Loading model tiers ...
22:38:53  INFO     [RAMS] YOLOv8-nano ready — Ultralytics (imgsz=320).
22:38:54  INFO     [RAMS] YOLOv8-small ready — Ultralytics (imgsz=416).
22:38:55  INFO     [RAMS] YOLOv8-medium ready — Ultralytics (imgsz=640).
22:38:55  INFO     [RAMS] Controller ready. Policy: adaptive
22:38:56  INFO     [RAMS] Tier switch: SMALL → NANO  (R=0.555)
22:38:56  INFO       [adaptive / moderate] 20/200  tier=NANO    latency=17.8 ms  R=0.538  target=0.50  dets=0  vru=False  backend=ultralytics
22:38:57  INFO     [RAMS] Tier switch: NANO → SMALL  (R=0.471)
22:38:57  INFO     [RAMS] Tier switch: SMALL → NANO  (R=0.506)
22:38:57  INFO       [adaptive / moderate] 40/200  tier=NANO    latency=20.3 ms  R=0.506  target=0.50  dets=1  vru=False  backend=ultralytics
22:38:57  INFO     [RAMS] Tier switch: NANO → SMALL  (R=0.476)
22:38:57  INFO     [RAMS] Tier switch: SMALL → NANO  (R=0.529)
22:38:58  INFO     [RAMS] Tier switch: NANO → SMALL  (R=0.493)
22:38:58  INFO       [adaptive / moderate] 60/200  tier=SMALL   latency=20.1 ms  R=0.493  target=0.50  dets=3  vru=False  backend=ultralytics
22:38:58  INFO     [RAMS] Tier switch: SMALL → NANO  (R=0.517)
22:38:58  INFO       [adaptive / moderate] 80/200  tier=NANO    latency=19.6 ms  R=0.517  target=0.50  dets=1  vru=False  backend=ultralytics
22:38:58  INFO     [RAMS] Tier switch: NANO → SMALL  (R=0.469)
22:38:59  INFO     [RAMS] Tier switch: SMALL → NANO  (R=0.516)
22:38:59  INFO     [RAMS] Tier switch: NANO → SMALL  (R=0.483)
22:38:59  INFO       [adaptive / moderate] 100/200  tier=SMALL   latency=23.4 ms  R=0.483  target=0.50  dets=12  vru=False  backend=ultralytics
22:38:59  INFO     [RAMS] Tier switch: SMALL → NANO  (R=0.550)
22:39:00  INFO       [adaptive / moderate] 120/200  tier=NANO    latency=20.2 ms  R=0.488  target=0.50  dets=6  vru=False  backend=ultralytics
22:39:00  INFO     [RAMS] Tier switch: NANO → SMALL  (R=0.487)
22:39:00  INFO     [RAMS] Tier switch: SMALL → NANO  (R=0.560)
22:39:00  INFO       [adaptive / moderate] 140/200  tier=NANO    latency=20.3 ms  R=0.524  target=0.50  dets=6  vru=False  backend=ultralytics
22:39:01  INFO     [RAMS] Tier switch: NANO → SMALL  (R=0.479)
22:39:01  INFO       [adaptive / moderate] 160/200  tier=SMALL   latency=20.1 ms  R=0.477  target=0.50  dets=2  vru=False  backend=ultralytics
22:39:01  INFO     [RAMS] Tier switch: SMALL → NANO  (R=0.550)
22:39:02  INFO       [adaptive / moderate] 180/200  tier=NANO    latency=19.5 ms  R=0.489  target=0.50  dets=2  vru=True  backend=ultralytics
22:39:02  INFO     [RAMS] Tier switch: NANO → SMALL  (R=0.489)
22:39:02  INFO     [RAMS] Tier switch: SMALL → NANO  (R=0.505)
22:39:02  INFO     [RAMS] Tier switch: NANO → SMALL  (R=0.481)
22:39:02  INFO     [RAMS] Tier switch: SMALL → NANO  (R=0.564)
22:39:02  INFO       [adaptive / moderate] 200/200  tier=NANO    latency=20.5 ms  R=0.564  target=0.50  dets=1  vru=True  backend=ultralytics
22:39:02  INFO     [RAMS] Controller stopped.
22:39:02  INFO     
--- Block 4/10  Policy: predictive  Load: moderate (50%) ---
22:39:02  INFO     [RAMS] Starting resource monitor ...
22:39:02  INFO     [RAMS] Loading model tiers ...
22:39:03  INFO     [RAMS] YOLOv8-nano ready — Ultralytics (imgsz=320).
22:39:03  INFO     [RAMS] YOLOv8-small ready — Ultralytics (imgsz=416).
22:39:04  INFO     [RAMS] YOLOv8-medium ready — Ultralytics (imgsz=640).
22:39:04  INFO     [RAMS] Controller ready. Policy: predictive
22:39:05  INFO     [RAMS] Tier switch: SMALL → NANO  (R=0.528)
22:39:05  INFO       [predictive / moderate] 20/200  tier=NANO    latency=17.6 ms  R=0.490  target=0.50  dets=0  vru=False  backend=ultralytics
22:39:05  INFO     [RAMS] Tier switch: NANO → SMALL  (R=0.485)
22:39:06  INFO     [RAMS] Tier switch: SMALL → NANO  (R=0.505)
22:39:06  INFO     [RAMS] Tier switch: NANO → SMALL  (R=0.484)
22:39:06  INFO       [predictive / moderate] 40/200  tier=SMALL   latency=21.5 ms  R=0.492  target=0.50  dets=2  vru=False  backend=ultralytics
22:39:06  INFO     [RAMS] Tier switch: SMALL → NANO  (R=0.516)
22:39:06  INFO     [RAMS] Tier switch: NANO → SMALL  (R=0.478)
22:39:07  INFO     [RAMS] Tier switch: SMALL → NANO  (R=0.505)
22:39:07  INFO       [predictive / moderate] 60/200  tier=NANO    latency=19.6 ms  R=0.505  target=0.50  dets=2  vru=False  backend=ultralytics
22:39:07  INFO     [RAMS] Tier switch: NANO → SMALL  (R=0.496)
22:39:07  INFO     [RAMS] Tier switch: SMALL → NANO  (R=0.570)
22:39:07  INFO       [predictive / moderate] 80/200  tier=NANO    latency=19.1 ms  R=0.485  target=0.50  dets=1  vru=False  backend=ultralytics
22:39:07  INFO     [RAMS] Tier switch: NANO → SMALL  (R=0.479)
22:39:08  INFO     [RAMS] Tier switch: SMALL → NANO  (R=0.502)
22:39:08  INFO     [RAMS] Tier switch: NANO → SMALL  (R=0.490)
22:39:08  INFO       [predictive / moderate] 100/200  tier=SMALL   latency=23.2 ms  R=0.490  target=0.50  dets=12  vru=False  backend=ultralytics
22:39:08  INFO     [RAMS] Tier switch: SMALL → NANO  (R=0.536)
22:39:08  INFO     [RAMS] Tier switch: NANO → SMALL  (R=0.481)
22:39:09  INFO     [RAMS] Tier switch: SMALL → NANO  (R=0.506)
22:39:09  INFO       [predictive / moderate] 120/200  tier=NANO    latency=20.2 ms  R=0.511  target=0.50  dets=6  vru=False  backend=ultralytics
22:39:09  INFO     [RAMS] Tier switch: NANO → SMALL  (R=0.484)
22:39:09  INFO     [RAMS] Tier switch: SMALL → NANO  (R=0.510)
22:39:09  INFO       [predictive / moderate] 140/200  tier=NANO    latency=20.1 ms  R=0.483  target=0.50  dets=6  vru=False  backend=ultralytics
22:39:09  INFO     [RAMS] Tier switch: NANO → SMALL  (R=0.483)
22:39:10  INFO     [RAMS] Tier switch: SMALL → NANO  (R=0.512)
22:39:10  INFO     [RAMS] Tier switch: NANO → SMALL  (R=0.491)
22:39:10  INFO     [RAMS] Tier switch: SMALL → NANO  (R=0.535)
22:39:10  INFO       [predictive / moderate] 160/200  tier=NANO    latency=21.3 ms  R=0.544  target=0.50  dets=1  vru=False  backend=ultralytics
22:39:11  INFO       [predictive / moderate] 180/200  tier=NANO    latency=19.9 ms  R=0.545  target=0.50  dets=2  vru=True  backend=ultralytics
22:39:11  INFO       [predictive / moderate] 200/200  tier=NANO    latency=19.8 ms  R=0.559  target=0.50  dets=1  vru=True  backend=ultralytics
22:39:12  INFO     [RAMS] Controller stopped.
22:39:12  INFO     
--- Block 4/10  Policy: fixed_nano  Load: moderate (50%) ---
22:39:12  INFO     [RAMS] Starting resource monitor ...
22:39:12  INFO     [RAMS] Loading model tiers ...
22:39:12  INFO     [RAMS] YOLOv8-nano ready — Ultralytics (imgsz=320).
22:39:12  INFO     [RAMS] YOLOv8-small ready — Ultralytics (imgsz=416).
22:39:13  INFO     [RAMS] YOLOv8-medium ready — Ultralytics (imgsz=640).
22:39:13  INFO     [RAMS] Controller ready. Policy: fixed
22:39:14  INFO     [RAMS] Tier switch: SMALL → NANO  (R=0.474)
22:39:15  INFO       [fixed_nano / moderate] 20/200  tier=NANO    latency=22.1 ms  R=0.558  target=0.50  dets=0  vru=False  backend=ultralytics
22:39:15  INFO       [fixed_nano / moderate] 40/200  tier=NANO    latency=20.1 ms  R=0.546  target=0.50  dets=1  vru=False  backend=ultralytics
22:39:16  INFO       [fixed_nano / moderate] 60/200  tier=NANO    latency=19.4 ms  R=0.560  target=0.50  dets=2  vru=False  backend=ultralytics
22:39:17  INFO       [fixed_nano / moderate] 80/200  tier=NANO    latency=19.0 ms  R=0.484  target=0.50  dets=1  vru=False  backend=ultralytics
22:39:17  INFO       [fixed_nano / moderate] 100/200  tier=NANO    latency=21.0 ms  R=0.492  target=0.50  dets=9  vru=False  backend=ultralytics
22:39:18  INFO       [fixed_nano / moderate] 120/200  tier=NANO    latency=20.3 ms  R=0.489  target=0.50  dets=6  vru=False  backend=ultralytics
22:39:19  INFO       [fixed_nano / moderate] 140/200  tier=NANO    latency=21.0 ms  R=0.493  target=0.50  dets=6  vru=False  backend=ultralytics
22:39:19  INFO       [fixed_nano / moderate] 160/200  tier=NANO    latency=19.1 ms  R=0.506  target=0.50  dets=1  vru=False  backend=ultralytics
22:39:20  INFO       [fixed_nano / moderate] 180/200  tier=NANO    latency=19.1 ms  R=0.480  target=0.50  dets=2  vru=True  backend=ultralytics
22:39:21  INFO       [fixed_nano / moderate] 200/200  tier=NANO    latency=20.0 ms  R=0.480  target=0.50  dets=1  vru=True  backend=ultralytics
22:39:21  INFO     [RAMS] Controller stopped.
22:39:21  INFO     
--- Block 4/10  Policy: fixed_medium  Load: moderate (50%) ---
22:39:21  INFO     [RAMS] Starting resource monitor ...
22:39:21  INFO     [RAMS] Loading model tiers ...
22:39:21  INFO     [RAMS] YOLOv8-nano ready — Ultralytics (imgsz=320).
22:39:21  INFO     [RAMS] YOLOv8-small ready — Ultralytics (imgsz=416).
22:39:22  INFO     [RAMS] YOLOv8-medium ready — Ultralytics (imgsz=640).
22:39:22  INFO     [RAMS] Controller ready. Policy: fixed
22:39:23  INFO     [RAMS] Tier switch: SMALL → MEDIUM  (R=0.414)
22:39:24  INFO       [fixed_medium / moderate] 20/200  tier=MEDIUM  latency=25.0 ms  R=0.506  target=0.50  dets=2  vru=False  backend=ultralytics
22:39:25  INFO       [fixed_medium / moderate] 40/200  tier=MEDIUM  latency=25.8 ms  R=0.560  target=0.50  dets=5  vru=False  backend=ultralytics
22:39:25  INFO       [fixed_medium / moderate] 60/200  tier=MEDIUM  latency=25.9 ms  R=0.553  target=0.50  dets=6  vru=False  backend=ultralytics
22:39:26  INFO       [fixed_medium / moderate] 80/200  tier=MEDIUM  latency=28.6 ms  R=0.542  target=0.50  dets=6  vru=False  backend=ultralytics
22:39:27  INFO       [fixed_medium / moderate] 100/200  tier=MEDIUM  latency=29.0 ms  R=0.521  target=0.50  dets=17  vru=True  backend=ultralytics
22:39:28  INFO       [fixed_medium / moderate] 120/200  tier=MEDIUM  latency=26.4 ms  R=0.578  target=0.50  dets=8  vru=False  backend=ultralytics
22:39:29  INFO       [fixed_medium / moderate] 140/200  tier=MEDIUM  latency=27.1 ms  R=0.550  target=0.50  dets=10  vru=False  backend=ultralytics
22:39:29  INFO       [fixed_medium / moderate] 160/200  tier=MEDIUM  latency=25.4 ms  R=0.583  target=0.50  dets=3  vru=False  backend=ultralytics
22:39:30  INFO       [fixed_medium / moderate] 180/200  tier=MEDIUM  latency=28.3 ms  R=0.528  target=0.50  dets=16  vru=True  backend=ultralytics
22:39:31  INFO       [fixed_medium / moderate] 200/200  tier=MEDIUM  latency=27.7 ms  R=0.537  target=0.50  dets=9  vru=True  backend=ultralytics
22:39:31  INFO     [RAMS] Controller stopped.
22:39:31  INFO     
--- Block 4/10  Policy: fixed_small  Load: moderate (50%) ---
22:39:31  INFO     [RAMS] Starting resource monitor ...
22:39:31  INFO     [RAMS] Loading model tiers ...
22:39:31  INFO     [RAMS] YOLOv8-nano ready — Ultralytics (imgsz=320).
22:39:32  INFO     [RAMS] YOLOv8-small ready — Ultralytics (imgsz=416).
22:39:33  INFO     [RAMS] YOLOv8-medium ready — Ultralytics (imgsz=640).
22:39:33  INFO     [RAMS] Controller ready. Policy: fixed
22:39:34  INFO       [fixed_small / moderate] 20/200  tier=SMALL   latency=21.9 ms  R=0.571  target=0.50  dets=1  vru=False  backend=ultralytics
22:39:35  INFO       [fixed_small / moderate] 40/200  tier=SMALL   latency=22.0 ms  R=0.551  target=0.50  dets=2  vru=False  backend=ultralytics
22:39:36  INFO       [fixed_small / moderate] 60/200  tier=SMALL   latency=20.5 ms  R=0.557  target=0.50  dets=3  vru=False  backend=ultralytics
22:39:37  INFO       [fixed_small / moderate] 80/200  tier=SMALL   latency=20.5 ms  R=0.568  target=0.50  dets=2  vru=False  backend=ultralytics
22:39:37  INFO       [fixed_small / moderate] 100/200  tier=SMALL   latency=23.3 ms  R=0.526  target=0.50  dets=12  vru=False  backend=ultralytics
22:39:38  INFO       [fixed_small / moderate] 120/200  tier=SMALL   latency=21.0 ms  R=0.507  target=0.50  dets=6  vru=False  backend=ultralytics
22:39:39  INFO       [fixed_small / moderate] 140/200  tier=SMALL   latency=21.4 ms  R=0.488  target=0.50  dets=8  vru=False  backend=ultralytics
22:39:39  INFO       [fixed_small / moderate] 160/200  tier=SMALL   latency=22.5 ms  R=0.485  target=0.50  dets=2  vru=False  backend=ultralytics
22:39:40  INFO       [fixed_small / moderate] 180/200  tier=SMALL   latency=19.9 ms  R=0.505  target=0.50  dets=1  vru=True  backend=ultralytics
22:39:41  INFO       [fixed_small / moderate] 200/200  tier=SMALL   latency=20.0 ms  R=0.486  target=0.50  dets=1  vru=True  backend=ultralytics
22:39:41  INFO     [RAMS] Controller stopped.
22:39:41  INFO     
--- Block 4/10  Policy: safety2  Load: moderate (50%) ---
22:39:41  INFO     [RAMS] Starting resource monitor ...
22:39:41  INFO     [RAMS] Loading model tiers ...
22:39:41  INFO     [RAMS] YOLOv8-nano ready — Ultralytics (imgsz=320).
22:39:41  INFO     [RAMS] YOLOv8-small ready — Ultralytics (imgsz=416).
22:39:42  INFO     [RAMS] YOLOv8-medium ready — Ultralytics (imgsz=640).
22:39:42  INFO     [RAMS] Controller ready. Policy: safety2
22:39:43  INFO     [RAMS] Tier switch: SMALL → MEDIUM  (R=0.467)
22:39:44  INFO       [safety2 / moderate] 20/200  tier=MEDIUM  latency=26.0 ms  R=0.550  target=0.50  dets=2  vru=False  backend=ultralytics
22:39:44  INFO     [RAMS] Tier switch: MEDIUM → NANO  (R=0.525)
22:39:44  INFO     [RAMS] Tier switch: NANO → SMALL  (R=0.525)
22:39:44  INFO     [RAMS] Tier switch: SMALL → MEDIUM  (R=0.576)
22:39:45  INFO       [safety2 / moderate] 40/200  tier=MEDIUM  latency=26.1 ms  R=0.487  target=0.50  dets=5  vru=False  backend=ultralytics
22:39:45  INFO     [RAMS] Tier switch: MEDIUM → SMALL  (R=0.568)
22:39:45  INFO     [RAMS] Tier switch: SMALL → MEDIUM  (R=0.500)
22:39:45  INFO       [safety2 / moderate] 60/200  tier=MEDIUM  latency=26.1 ms  R=0.569  target=0.50  dets=6  vru=False  backend=ultralytics
22:39:46  INFO       [safety2 / moderate] 80/200  tier=MEDIUM  latency=26.0 ms  R=0.545  target=0.50  dets=6  vru=False  backend=ultralytics
22:39:46  INFO     [RAMS] Tier switch: MEDIUM → SMALL  (R=0.614)
22:39:47  INFO     [RAMS] Tier switch: SMALL → MEDIUM  (R=0.507)
22:39:47  INFO       [safety2 / moderate] 100/200  tier=MEDIUM  latency=28.5 ms  R=0.505  target=0.50  dets=17  vru=True  backend=ultralytics
22:39:48  INFO     [RAMS] Tier switch: MEDIUM → SMALL  (R=0.492)
22:39:48  INFO       [safety2 / moderate] 120/200  tier=SMALL   latency=22.2 ms  R=0.492  target=0.50  dets=6  vru=False  backend=ultralytics
22:39:48  INFO     [RAMS] Tier switch: SMALL → MEDIUM  (R=0.495)
22:39:48  INFO       [safety2 / moderate] 140/200  tier=MEDIUM  latency=27.1 ms  R=0.487  target=0.50  dets=10  vru=False  backend=ultralytics
22:39:49  INFO     [RAMS] Tier switch: MEDIUM → NANO  (R=0.556)
22:39:49  INFO       [safety2 / moderate] 160/200  tier=NANO    latency=19.5 ms  R=0.556  target=0.50  dets=1  vru=False  backend=ultralytics
22:39:49  INFO     [RAMS] Tier switch: NANO → SMALL  (R=0.487)
22:39:49  INFO     [RAMS] Tier switch: SMALL → NANO  (R=0.512)
22:39:49  INFO     [RAMS] Tier switch: NANO → SMALL  (R=0.512)
22:39:50  INFO     [RAMS] Tier switch: SMALL → MEDIUM  (R=0.490)
22:39:50  INFO       [safety2 / moderate] 180/200  tier=MEDIUM  latency=28.3 ms  R=0.490  target=0.50  dets=16  vru=True  backend=ultralytics
22:39:51  INFO       [safety2 / moderate] 200/200  tier=MEDIUM  latency=26.9 ms  R=0.524  target=0.50  dets=9  vru=True  backend=ultralytics
22:39:51  INFO     [RAMS] Controller stopped.
22:39:51  INFO     
--- Block 4/10  Policy: safety  Load: moderate (50%) ---
22:39:51  INFO     [RAMS] Starting resource monitor ...
22:39:51  INFO     [RAMS] Loading model tiers ...
22:39:51  INFO     [RAMS] YOLOv8-nano ready — Ultralytics (imgsz=320).
22:39:51  INFO     [RAMS] YOLOv8-small ready — Ultralytics (imgsz=416).
22:39:52  INFO     [RAMS] YOLOv8-medium ready — Ultralytics (imgsz=640).
22:39:52  INFO     [RAMS] Controller ready. Policy: safety
22:39:54  INFO       [safety / moderate] 20/200  tier=SMALL   latency=20.1 ms  R=0.550  target=0.50  dets=1  vru=False  backend=ultralytics
22:39:55  INFO       [safety / moderate] 40/200  tier=SMALL   latency=23.2 ms  R=0.541  target=0.50  dets=2  vru=False  backend=ultralytics
22:39:55  INFO       [safety / moderate] 60/200  tier=SMALL   latency=22.6 ms  R=0.548  target=0.50  dets=3  vru=False  backend=ultralytics
22:39:56  INFO       [safety / moderate] 80/200  tier=SMALL   latency=21.3 ms  R=0.552  target=0.50  dets=2  vru=False  backend=ultralytics
22:39:57  INFO       [safety / moderate] 100/200  tier=SMALL   latency=22.6 ms  R=0.543  target=0.50  dets=12  vru=False  backend=ultralytics
22:39:57  INFO       [safety / moderate] 120/200  tier=SMALL   latency=21.6 ms  R=0.638  target=0.50  dets=6  vru=False  backend=ultralytics
22:39:58  INFO       [safety / moderate] 140/200  tier=SMALL   latency=21.9 ms  R=0.555  target=0.50  dets=8  vru=False  backend=ultralytics
22:39:59  INFO       [safety / moderate] 160/200  tier=SMALL   latency=20.7 ms  R=0.562  target=0.50  dets=2  vru=False  backend=ultralytics
22:39:59  INFO       [safety / moderate] 180/200  tier=SMALL   latency=20.0 ms  R=0.570  target=0.50  dets=1  vru=True  backend=ultralytics
22:40:00  INFO       [safety / moderate] 200/200  tier=SMALL   latency=19.7 ms  R=0.502  target=0.50  dets=1  vru=True  backend=ultralytics
22:40:00  INFO     [RAMS] Controller stopped.
22:40:00  INFO     
--- Block 4/10  Policy: threshold  Load: moderate (50%) ---
22:40:00  INFO     [RAMS] Starting resource monitor ...
22:40:00  INFO     [RAMS] Loading model tiers ...
22:40:00  INFO     [RAMS] YOLOv8-nano ready — Ultralytics (imgsz=320).
22:40:01  INFO     [RAMS] YOLOv8-small ready — Ultralytics (imgsz=416).
22:40:02  INFO     [RAMS] YOLOv8-medium ready — Ultralytics (imgsz=640).
22:40:02  INFO     [RAMS] Controller ready. Policy: threshold
22:40:03  INFO       [threshold / moderate] 20/200  tier=SMALL   latency=19.6 ms  R=0.510  target=0.50  dets=1  vru=False  backend=ultralytics
22:40:03  INFO     [RAMS] Tier switch: SMALL → NANO  (R=0.510)
22:40:04  INFO     [RAMS] Tier switch: NANO → SMALL  (R=0.487)
22:40:04  INFO     [RAMS] Tier switch: SMALL → NANO  (R=0.502)
22:40:04  INFO       [threshold / moderate] 40/200  tier=NANO    latency=19.0 ms  R=0.505  target=0.50  dets=1  vru=False  backend=ultralytics
22:40:04  INFO     [RAMS] Tier switch: NANO → SMALL  (R=0.492)
22:40:04  INFO     [RAMS] Tier switch: SMALL → NANO  (R=0.503)
22:40:04  INFO     [RAMS] Tier switch: NANO → SMALL  (R=0.481)
22:40:04  INFO     [RAMS] Tier switch: SMALL → NANO  (R=0.544)
22:40:04  INFO       [threshold / moderate] 60/200  tier=NANO    latency=19.4 ms  R=0.512  target=0.50  dets=2  vru=False  backend=ultralytics
22:40:05  INFO     [RAMS] Tier switch: NANO → SMALL  (R=0.488)
22:40:05  INFO     [RAMS] Tier switch: SMALL → NANO  (R=0.508)
22:40:05  INFO       [threshold / moderate] 80/200  tier=NANO    latency=19.0 ms  R=0.490  target=0.50  dets=1  vru=False  backend=ultralytics
22:40:05  INFO     [RAMS] Tier switch: NANO → SMALL  (R=0.490)
22:40:05  INFO     [RAMS] Tier switch: SMALL → NANO  (R=0.590)
22:40:05  INFO     [RAMS] Tier switch: NANO → SMALL  (R=0.495)
22:40:06  INFO       [threshold / moderate] 100/200  tier=SMALL   latency=23.5 ms  R=0.477  target=0.50  dets=12  vru=False  backend=ultralytics
22:40:06  INFO     [RAMS] Tier switch: SMALL → NANO  (R=0.502)
22:40:06  INFO     [RAMS] Tier switch: NANO → SMALL  (R=0.491)
22:40:06  INFO     [RAMS] Tier switch: SMALL → NANO  (R=0.550)
22:40:06  INFO       [threshold / moderate] 120/200  tier=NANO    latency=20.0 ms  R=0.488  target=0.50  dets=6  vru=False  backend=ultralytics
22:40:06  INFO     [RAMS] Tier switch: NANO → SMALL  (R=0.488)
22:40:07  INFO     [RAMS] Tier switch: SMALL → NANO  (R=0.521)
22:40:07  INFO     [RAMS] Tier switch: NANO → SMALL  (R=0.492)
22:40:07  INFO       [threshold / moderate] 140/200  tier=SMALL   latency=21.1 ms  R=0.511  target=0.50  dets=8  vru=False  backend=ultralytics
22:40:07  INFO     [RAMS] Tier switch: SMALL → NANO  (R=0.511)
22:40:07  INFO     [RAMS] Tier switch: NANO → SMALL  (R=0.497)
22:40:07  INFO     [RAMS] Tier switch: SMALL → NANO  (R=0.563)
22:40:07  INFO     [RAMS] Tier switch: NANO → SMALL  (R=0.492)
22:40:08  INFO     [RAMS] Tier switch: SMALL → NANO  (R=0.498)
22:40:08  INFO       [threshold / moderate] 160/200  tier=NANO    latency=19.0 ms  R=0.508  target=0.50  dets=1  vru=False  backend=ultralytics
22:40:08  INFO     [RAMS] Tier switch: NANO → SMALL  (R=0.490)
22:40:08  INFO     [RAMS] Tier switch: SMALL → NANO  (R=0.509)
22:40:08  INFO       [threshold / moderate] 180/200  tier=NANO    latency=19.4 ms  R=0.491  target=0.50  dets=2  vru=True  backend=ultralytics
22:40:08  INFO     [RAMS] Tier switch: NANO → SMALL  (R=0.491)
22:40:09  INFO     [RAMS] Tier switch: SMALL → NANO  (R=0.502)
22:40:09  INFO     [RAMS] Tier switch: NANO → SMALL  (R=0.497)
22:40:09  INFO     [RAMS] Tier switch: SMALL → NANO  (R=0.516)
22:40:09  INFO       [threshold / moderate] 200/200  tier=NANO    latency=19.2 ms  R=0.498  target=0.50  dets=1  vru=True  backend=ultralytics
22:40:09  INFO     [RAMS] Controller stopped.
22:40:09  INFO     
--- Block 5/10  Policy: safety  Load: moderate (50%) ---
22:40:09  INFO     [RAMS] Starting resource monitor ...
22:40:09  INFO     [RAMS] Loading model tiers ...
22:40:09  INFO     [RAMS] YOLOv8-nano ready — Ultralytics (imgsz=320).
22:40:10  INFO     [RAMS] YOLOv8-small ready — Ultralytics (imgsz=416).
22:40:11  INFO     [RAMS] YOLOv8-medium ready — Ultralytics (imgsz=640).
22:40:11  INFO     [RAMS] Controller ready. Policy: safety
22:40:12  INFO       [safety / moderate] 20/200  tier=SMALL   latency=22.8 ms  R=0.510  target=0.50  dets=11  vru=True  backend=ultralytics
22:40:13  INFO       [safety / moderate] 40/200  tier=SMALL   latency=22.5 ms  R=0.504  target=0.50  dets=14  vru=False  backend=ultralytics
22:40:14  INFO       [safety / moderate] 60/200  tier=SMALL   latency=21.1 ms  R=0.503  target=0.50  dets=2  vru=False  backend=ultralytics
22:40:14  INFO       [safety / moderate] 80/200  tier=SMALL   latency=22.6 ms  R=0.554  target=0.50  dets=10  vru=False  backend=ultralytics
22:40:15  INFO       [safety / moderate] 100/200  tier=SMALL   latency=22.8 ms  R=0.561  target=0.50  dets=7  vru=False  backend=ultralytics
22:40:16  INFO       [safety / moderate] 120/200  tier=SMALL   latency=21.8 ms  R=0.555  target=0.50  dets=3  vru=False  backend=ultralytics
22:40:16  INFO       [safety / moderate] 140/200  tier=SMALL   latency=23.2 ms  R=0.638  target=0.50  dets=9  vru=True  backend=ultralytics
22:40:17  INFO       [safety / moderate] 160/200  tier=SMALL   latency=20.5 ms  R=0.553  target=0.50  dets=1  vru=False  backend=ultralytics
22:40:18  INFO       [safety / moderate] 180/200  tier=SMALL   latency=21.8 ms  R=0.541  target=0.50  dets=2  vru=False  backend=ultralytics
22:40:18  INFO       [safety / moderate] 200/200  tier=SMALL   latency=20.4 ms  R=0.573  target=0.50  dets=1  vru=False  backend=ultralytics
22:40:19  INFO     [RAMS] Controller stopped.
22:40:19  INFO     
--- Block 5/10  Policy: fixed_nano  Load: moderate (50%) ---
22:40:19  INFO     [RAMS] Starting resource monitor ...
22:40:19  INFO     [RAMS] Loading model tiers ...
22:40:19  INFO     [RAMS] YOLOv8-nano ready — Ultralytics (imgsz=320).
22:40:19  INFO     [RAMS] YOLOv8-small ready — Ultralytics (imgsz=416).
22:40:20  INFO     [RAMS] YOLOv8-medium ready — Ultralytics (imgsz=640).
22:40:20  INFO     [RAMS] Controller ready. Policy: fixed
22:40:21  INFO     [RAMS] Tier switch: SMALL → NANO  (R=0.432)
22:40:22  INFO       [fixed_nano / moderate] 20/200  tier=NANO    latency=21.4 ms  R=0.475  target=0.50  dets=7  vru=False  backend=ultralytics
22:40:23  INFO       [fixed_nano / moderate] 40/200  tier=NANO    latency=21.1 ms  R=0.495  target=0.50  dets=11  vru=False  backend=ultralytics
22:40:23  INFO       [fixed_nano / moderate] 60/200  tier=NANO    latency=19.1 ms  R=0.480  target=0.50  dets=2  vru=False  backend=ultralytics
22:40:24  INFO       [fixed_nano / moderate] 80/200  tier=NANO    latency=20.0 ms  R=0.495  target=0.50  dets=6  vru=False  backend=ultralytics
22:40:24  INFO       [fixed_nano / moderate] 100/200  tier=NANO    latency=19.4 ms  R=0.475  target=0.50  dets=3  vru=False  backend=ultralytics
22:40:25  INFO       [fixed_nano / moderate] 120/200  tier=NANO    latency=20.6 ms  R=0.493  target=0.50  dets=2  vru=False  backend=ultralytics
22:40:26  INFO       [fixed_nano / moderate] 140/200  tier=NANO    latency=19.2 ms  R=0.475  target=0.50  dets=1  vru=False  backend=ultralytics
22:40:26  INFO       [fixed_nano / moderate] 160/200  tier=NANO    latency=18.0 ms  R=0.572  target=0.50  dets=0  vru=False  backend=ultralytics
22:40:27  INFO       [fixed_nano / moderate] 180/200  tier=NANO    latency=19.1 ms  R=0.483  target=0.50  dets=1  vru=False  backend=ultralytics
22:40:28  INFO       [fixed_nano / moderate] 200/200  tier=NANO    latency=19.0 ms  R=0.493  target=0.50  dets=1  vru=False  backend=ultralytics
22:40:28  INFO     [RAMS] Controller stopped.
22:40:28  INFO     
--- Block 5/10  Policy: fixed_medium  Load: moderate (50%) ---
22:40:28  INFO     [RAMS] Starting resource monitor ...
22:40:28  INFO     [RAMS] Loading model tiers ...
22:40:28  INFO     [RAMS] YOLOv8-nano ready — Ultralytics (imgsz=320).
22:40:28  INFO     [RAMS] YOLOv8-small ready — Ultralytics (imgsz=416).
22:40:29  INFO     [RAMS] YOLOv8-medium ready — Ultralytics (imgsz=640).
22:40:29  INFO     [RAMS] Controller ready. Policy: fixed
22:40:30  INFO     [RAMS] Tier switch: SMALL → MEDIUM  (R=0.417)
22:40:31  INFO       [fixed_medium / moderate] 20/200  tier=MEDIUM  latency=30.7 ms  R=0.518  target=0.50  dets=17  vru=True  backend=ultralytics
22:40:32  INFO       [fixed_medium / moderate] 40/200  tier=MEDIUM  latency=28.8 ms  R=0.501  target=0.50  dets=16  vru=False  backend=ultralytics
22:40:33  INFO       [fixed_medium / moderate] 60/200  tier=MEDIUM  latency=25.5 ms  R=0.510  target=0.50  dets=3  vru=True  backend=ultralytics
22:40:33  INFO       [fixed_medium / moderate] 80/200  tier=MEDIUM  latency=27.4 ms  R=0.622  target=0.50  dets=11  vru=False  backend=ultralytics
22:40:34  INFO       [fixed_medium / moderate] 100/200  tier=MEDIUM  latency=27.0 ms  R=0.570  target=0.50  dets=9  vru=True  backend=ultralytics
22:40:35  INFO       [fixed_medium / moderate] 120/200  tier=MEDIUM  latency=25.9 ms  R=0.508  target=0.50  dets=5  vru=False  backend=ultralytics
22:40:36  INFO       [fixed_medium / moderate] 140/200  tier=MEDIUM  latency=29.5 ms  R=0.599  target=0.50  dets=19  vru=True  backend=ultralytics
22:40:37  INFO       [fixed_medium / moderate] 160/200  tier=MEDIUM  latency=25.9 ms  R=0.550  target=0.50  dets=2  vru=False  backend=ultralytics
22:40:37  INFO       [fixed_medium / moderate] 180/200  tier=MEDIUM  latency=26.6 ms  R=0.673  target=0.50  dets=3  vru=False  backend=ultralytics
22:40:38  INFO       [fixed_medium / moderate] 200/200  tier=MEDIUM  latency=27.3 ms  R=0.627  target=0.50  dets=5  vru=False  backend=ultralytics
22:40:38  INFO     [RAMS] Controller stopped.
22:40:38  INFO     
--- Block 5/10  Policy: adaptive  Load: moderate (50%) ---
22:40:38  INFO     [RAMS] Starting resource monitor ...
22:40:38  INFO     [RAMS] Loading model tiers ...
22:40:39  INFO     [RAMS] YOLOv8-nano ready — Ultralytics (imgsz=320).
22:40:39  INFO     [RAMS] YOLOv8-small ready — Ultralytics (imgsz=416).
22:40:40  INFO     [RAMS] YOLOv8-medium ready — Ultralytics (imgsz=640).
22:40:40  INFO     [RAMS] Controller ready. Policy: adaptive
22:40:41  INFO     [RAMS] Tier switch: SMALL → NANO  (R=0.536)
22:40:41  INFO       [adaptive / moderate] 20/200  tier=NANO    latency=21.4 ms  R=0.602  target=0.50  dets=7  vru=False  backend=ultralytics
22:40:42  INFO       [adaptive / moderate] 40/200  tier=NANO    latency=21.4 ms  R=0.500  target=0.50  dets=11  vru=False  backend=ultralytics
22:40:42  INFO     [RAMS] Tier switch: NANO → SMALL  (R=0.488)
22:40:42  INFO     [RAMS] Tier switch: SMALL → NANO  (R=0.521)
22:40:43  INFO     [RAMS] Tier switch: NANO → SMALL  (R=0.474)
22:40:43  INFO       [adaptive / moderate] 60/200  tier=SMALL   latency=21.2 ms  R=0.484  target=0.50  dets=2  vru=False  backend=ultralytics
22:40:43  INFO     [RAMS] Tier switch: SMALL → NANO  (R=0.509)
22:40:43  INFO     [RAMS] Tier switch: NANO → SMALL  (R=0.477)
22:40:43  INFO     [RAMS] Tier switch: SMALL → NANO  (R=0.539)
22:40:43  INFO       [adaptive / moderate] 80/200  tier=NANO    latency=20.9 ms  R=0.527  target=0.50  dets=6  vru=False  backend=ultralytics
22:40:44  INFO     [RAMS] Tier switch: NANO → SMALL  (R=0.478)
22:40:44  INFO     [RAMS] Tier switch: SMALL → NANO  (R=0.527)
22:40:44  INFO       [adaptive / moderate] 100/200  tier=NANO    latency=19.5 ms  R=0.497  target=0.50  dets=3  vru=False  backend=ultralytics
22:40:44  INFO     [RAMS] Tier switch: NANO → SMALL  (R=0.488)
22:40:44  INFO     [RAMS] Tier switch: SMALL → NANO  (R=0.542)
22:40:45  INFO     [RAMS] Tier switch: NANO → SMALL  (R=0.477)
22:40:45  INFO       [adaptive / moderate] 120/200  tier=SMALL   latency=20.4 ms  R=0.482  target=0.50  dets=3  vru=False  backend=ultralytics
22:40:45  INFO     [RAMS] Tier switch: SMALL → NANO  (R=0.509)
22:40:45  INFO     [RAMS] Tier switch: NANO → SMALL  (R=0.491)
22:40:45  INFO     [RAMS] Tier switch: SMALL → NANO  (R=0.537)
22:40:45  INFO       [adaptive / moderate] 140/200  tier=NANO    latency=19.4 ms  R=0.517  target=0.50  dets=1  vru=False  backend=ultralytics
22:40:46  INFO     [RAMS] Tier switch: NANO → SMALL  (R=0.484)
22:40:46  INFO     [RAMS] Tier switch: SMALL → NANO  (R=0.514)
22:40:46  INFO       [adaptive / moderate] 160/200  tier=NANO    latency=17.7 ms  R=0.514  target=0.50  dets=0  vru=False  backend=ultralytics
22:40:47  INFO     [RAMS] Tier switch: NANO → SMALL  (R=0.477)
22:40:47  INFO       [adaptive / moderate] 180/200  tier=SMALL   latency=20.0 ms  R=0.488  target=0.50  dets=2  vru=False  backend=ultralytics
22:40:47  INFO     [RAMS] Tier switch: SMALL → NANO  (R=0.514)
22:40:47  INFO     [RAMS] Tier switch: NANO → SMALL  (R=0.491)
22:40:47  INFO     [RAMS] Tier switch: SMALL → NANO  (R=0.541)
22:40:47  INFO       [adaptive / moderate] 200/200  tier=NANO    latency=19.2 ms  R=0.505  target=0.50  dets=1  vru=False  backend=ultralytics
22:40:47  INFO     [RAMS] Controller stopped.
22:40:48  INFO     
--- Block 5/10  Policy: predictive  Load: moderate (50%) ---
22:40:48  INFO     [RAMS] Starting resource monitor ...
22:40:48  INFO     [RAMS] Loading model tiers ...
22:40:48  INFO     [RAMS] YOLOv8-nano ready — Ultralytics (imgsz=320).
22:40:48  INFO     [RAMS] YOLOv8-small ready — Ultralytics (imgsz=416).
22:40:49  INFO     [RAMS] YOLOv8-medium ready — Ultralytics (imgsz=640).
22:40:49  INFO     [RAMS] Controller ready. Policy: predictive
22:40:50  INFO     [RAMS] Tier switch: SMALL → NANO  (R=0.508)
22:40:51  INFO       [predictive / moderate] 20/200  tier=NANO    latency=20.6 ms  R=0.494  target=0.50  dets=7  vru=False  backend=ultralytics
22:40:51  INFO     [RAMS] Tier switch: NANO → SMALL  (R=0.477)
22:40:51  INFO     [RAMS] Tier switch: SMALL → NANO  (R=0.503)
22:40:51  INFO     [RAMS] Tier switch: NANO → SMALL  (R=0.495)
22:40:51  INFO       [predictive / moderate] 40/200  tier=SMALL   latency=22.5 ms  R=0.490  target=0.50  dets=14  vru=False  backend=ultralytics
22:40:51  INFO     [RAMS] Tier switch: SMALL → NANO  (R=0.533)
22:40:52  INFO     [RAMS] Tier switch: NANO → SMALL  (R=0.481)
22:40:52  INFO     [RAMS] Tier switch: SMALL → NANO  (R=0.510)
22:40:52  INFO       [predictive / moderate] 60/200  tier=NANO    latency=19.4 ms  R=0.510  target=0.50  dets=2  vru=False  backend=ultralytics
22:40:52  INFO     [RAMS] Tier switch: NANO → SMALL  (R=0.492)
22:40:52  INFO     [RAMS] Tier switch: SMALL → NANO  (R=0.523)
22:40:52  INFO       [predictive / moderate] 80/200  tier=NANO    latency=20.2 ms  R=0.474  target=0.50  dets=6  vru=False  backend=ultralytics
22:40:53  INFO     [RAMS] Tier switch: NANO → SMALL  (R=0.474)
22:40:53  INFO     [RAMS] Tier switch: SMALL → NANO  (R=0.511)
22:40:53  INFO     [RAMS] Tier switch: NANO → SMALL  (R=0.487)
22:40:53  INFO     [RAMS] Tier switch: SMALL → NANO  (R=0.516)
22:40:53  INFO       [predictive / moderate] 100/200  tier=NANO    latency=19.6 ms  R=0.516  target=0.50  dets=3  vru=False  backend=ultralytics
22:40:53  INFO     [RAMS] Tier switch: NANO → SMALL  (R=0.486)
22:40:53  INFO     [RAMS] Tier switch: SMALL → NANO  (R=0.523)
22:40:54  INFO     [RAMS] Tier switch: NANO → SMALL  (R=0.484)
22:40:54  INFO     [RAMS] Tier switch: SMALL → NANO  (R=0.504)
22:40:54  INFO       [predictive / moderate] 120/200  tier=NANO    latency=19.4 ms  R=0.501  target=0.50  dets=2  vru=False  backend=ultralytics
22:40:54  INFO     [RAMS] Tier switch: NANO → SMALL  (R=0.485)
22:40:54  INFO     [RAMS] Tier switch: SMALL → NANO  (R=0.506)
22:40:54  INFO       [predictive / moderate] 140/200  tier=NANO    latency=20.3 ms  R=0.539  target=0.50  dets=1  vru=False  backend=ultralytics
22:40:55  INFO     [RAMS] Tier switch: NANO → SMALL  (R=0.497)
22:40:55  INFO     [RAMS] Tier switch: SMALL → NANO  (R=0.511)
22:40:55  INFO       [predictive / moderate] 160/200  tier=NANO    latency=17.6 ms  R=0.514  target=0.50  dets=0  vru=False  backend=ultralytics
22:40:56  INFO     [RAMS] Tier switch: NANO → SMALL  (R=0.492)
22:40:56  INFO       [predictive / moderate] 180/200  tier=SMALL   latency=20.9 ms  R=0.479  target=0.50  dets=2  vru=False  backend=ultralytics
22:40:56  INFO     [RAMS] Tier switch: SMALL → NANO  (R=0.508)
22:40:56  INFO       [predictive / moderate] 200/200  tier=NANO    latency=19.1 ms  R=0.516  target=0.50  dets=1  vru=False  backend=ultralytics
22:40:57  INFO     [RAMS] Controller stopped.
22:40:57  INFO     
--- Block 5/10  Policy: safety2  Load: moderate (50%) ---
22:40:57  INFO     [RAMS] Starting resource monitor ...
22:40:57  INFO     [RAMS] Loading model tiers ...
22:40:57  INFO     [RAMS] YOLOv8-nano ready — Ultralytics (imgsz=320).
22:40:57  INFO     [RAMS] YOLOv8-small ready — Ultralytics (imgsz=416).
22:40:58  INFO     [RAMS] YOLOv8-medium ready — Ultralytics (imgsz=640).
22:40:58  INFO     [RAMS] Controller ready. Policy: safety2
22:40:59  INFO     [RAMS] Tier switch: SMALL → NANO  (R=0.537)
22:40:59  INFO     [RAMS] Tier switch: NANO → MEDIUM  (R=0.593)
22:41:00  INFO       [safety2 / moderate] 20/200  tier=MEDIUM  latency=33.1 ms  R=0.581  target=0.50  dets=17  vru=True  backend=ultralytics
22:41:00  INFO     [RAMS] Tier switch: MEDIUM → SMALL  (R=0.600)
22:41:00  INFO     [RAMS] Tier switch: SMALL → MEDIUM  (R=0.587)
22:41:01  INFO       [safety2 / moderate] 40/200  tier=MEDIUM  latency=29.8 ms  R=0.637  target=0.50  dets=16  vru=False  backend=ultralytics
22:41:01  INFO       [safety2 / moderate] 60/200  tier=MEDIUM  latency=29.8 ms  R=0.665  target=0.50  dets=3  vru=True  backend=ultralytics
22:41:02  INFO     [RAMS] Tier switch: MEDIUM → SMALL  (R=0.567)
22:41:02  INFO     [RAMS] Tier switch: SMALL → MEDIUM  (R=0.568)
22:41:02  INFO     [RAMS] Tier switch: MEDIUM → NANO  (R=0.600)
22:41:02  INFO       [safety2 / moderate] 80/200  tier=NANO    latency=22.0 ms  R=0.540  target=0.50  dets=6  vru=False  backend=ultralytics
22:41:02  INFO     [RAMS] Tier switch: NANO → MEDIUM  (R=0.561)
22:41:03  INFO       [safety2 / moderate] 100/200  tier=MEDIUM  latency=26.5 ms  R=0.594  target=0.50  dets=9  vru=True  backend=ultralytics
22:41:03  INFO     [RAMS] Tier switch: MEDIUM → SMALL  (R=0.588)
22:41:03  INFO     [RAMS] Tier switch: SMALL → MEDIUM  (R=0.641)
22:41:04  INFO       [safety2 / moderate] 120/200  tier=MEDIUM  latency=26.1 ms  R=0.571  target=0.50  dets=5  vru=False  backend=ultralytics
22:41:04  INFO     [RAMS] Tier switch: MEDIUM → SMALL  (R=0.490)
22:41:04  INFO     [RAMS] Tier switch: SMALL → MEDIUM  (R=0.516)
22:41:04  INFO       [safety2 / moderate] 140/200  tier=MEDIUM  latency=30.6 ms  R=0.538  target=0.50  dets=19  vru=True  backend=ultralytics
22:41:05  INFO     [RAMS] Tier switch: MEDIUM → SMALL  (R=0.486)
22:41:05  INFO       [safety2 / moderate] 160/200  tier=SMALL   latency=20.2 ms  R=0.488  target=0.50  dets=1  vru=False  backend=ultralytics
22:41:06  INFO     [RAMS] Tier switch: SMALL → NANO  (R=0.512)
22:41:06  INFO     [RAMS] Tier switch: NANO → SMALL  (R=0.480)
22:41:06  INFO       [safety2 / moderate] 180/200  tier=SMALL   latency=20.0 ms  R=0.480  target=0.50  dets=2  vru=False  backend=ultralytics
22:41:06  INFO     [RAMS] Tier switch: SMALL → MEDIUM  (R=0.474)
22:41:07  INFO       [safety2 / moderate] 200/200  tier=MEDIUM  latency=25.4 ms  R=0.506  target=0.50  dets=5  vru=False  backend=ultralytics
22:41:07  INFO     [RAMS] Controller stopped.
22:41:07  INFO     
--- Block 5/10  Policy: fixed_small  Load: moderate (50%) ---
22:41:07  INFO     [RAMS] Starting resource monitor ...
22:41:07  INFO     [RAMS] Loading model tiers ...
22:41:07  INFO     [RAMS] YOLOv8-nano ready — Ultralytics (imgsz=320).
22:41:08  INFO     [RAMS] YOLOv8-small ready — Ultralytics (imgsz=416).
22:41:08  INFO     [RAMS] YOLOv8-medium ready — Ultralytics (imgsz=640).
22:41:08  INFO     [RAMS] Controller ready. Policy: fixed
22:41:10  INFO       [fixed_small / moderate] 20/200  tier=SMALL   latency=22.0 ms  R=0.498  target=0.50  dets=11  vru=True  backend=ultralytics
22:41:11  INFO       [fixed_small / moderate] 40/200  tier=SMALL   latency=22.9 ms  R=0.510  target=0.50  dets=14  vru=False  backend=ultralytics
22:41:11  INFO       [fixed_small / moderate] 60/200  tier=SMALL   latency=20.7 ms  R=0.506  target=0.50  dets=2  vru=False  backend=ultralytics
22:41:12  INFO       [fixed_small / moderate] 80/200  tier=SMALL   latency=23.2 ms  R=0.488  target=0.50  dets=10  vru=False  backend=ultralytics
22:41:13  INFO       [fixed_small / moderate] 100/200  tier=SMALL   latency=21.2 ms  R=0.477  target=0.50  dets=7  vru=False  backend=ultralytics
22:41:13  INFO       [fixed_small / moderate] 120/200  tier=SMALL   latency=20.5 ms  R=0.493  target=0.50  dets=3  vru=False  backend=ultralytics
22:41:14  INFO       [fixed_small / moderate] 140/200  tier=SMALL   latency=21.7 ms  R=0.471  target=0.50  dets=9  vru=True  backend=ultralytics
22:41:15  INFO       [fixed_small / moderate] 160/200  tier=SMALL   latency=19.7 ms  R=0.478  target=0.50  dets=1  vru=False  backend=ultralytics
22:41:15  INFO       [fixed_small / moderate] 180/200  tier=SMALL   latency=20.3 ms  R=0.511  target=0.50  dets=2  vru=False  backend=ultralytics
22:41:16  INFO       [fixed_small / moderate] 200/200  tier=SMALL   latency=19.8 ms  R=0.507  target=0.50  dets=1  vru=False  backend=ultralytics
22:41:16  INFO     [RAMS] Controller stopped.
22:41:16  INFO     
--- Block 5/10  Policy: threshold  Load: moderate (50%) ---
22:41:16  INFO     [RAMS] Starting resource monitor ...
22:41:16  INFO     [RAMS] Loading model tiers ...
22:41:17  INFO     [RAMS] YOLOv8-nano ready — Ultralytics (imgsz=320).
22:41:17  INFO     [RAMS] YOLOv8-small ready — Ultralytics (imgsz=416).
22:41:18  INFO     [RAMS] YOLOv8-medium ready — Ultralytics (imgsz=640).
22:41:18  INFO     [RAMS] Controller ready. Policy: threshold
22:41:19  INFO     [RAMS] Tier switch: SMALL → NANO  (R=0.522)
22:41:19  INFO       [threshold / moderate] 20/200  tier=NANO    latency=21.3 ms  R=0.546  target=0.50  dets=7  vru=False  backend=ultralytics
22:41:20  INFO       [threshold / moderate] 40/200  tier=NANO    latency=21.8 ms  R=0.547  target=0.50  dets=11  vru=False  backend=ultralytics
22:41:21  INFO       [threshold / moderate] 60/200  tier=NANO    latency=19.9 ms  R=0.571  target=0.50  dets=2  vru=False  backend=ultralytics
22:41:21  INFO       [threshold / moderate] 80/200  tier=NANO    latency=22.1 ms  R=0.557  target=0.50  dets=6  vru=False  backend=ultralytics
22:41:22  INFO       [threshold / moderate] 100/200  tier=NANO    latency=20.2 ms  R=0.557  target=0.50  dets=3  vru=False  backend=ultralytics
22:41:23  INFO       [threshold / moderate] 120/200  tier=NANO    latency=21.4 ms  R=0.541  target=0.50  dets=2  vru=False  backend=ultralytics
22:41:23  INFO       [threshold / moderate] 140/200  tier=NANO    latency=20.6 ms  R=0.551  target=0.50  dets=1  vru=False  backend=ultralytics
22:41:24  INFO       [threshold / moderate] 160/200  tier=NANO    latency=18.4 ms  R=0.540  target=0.50  dets=0  vru=False  backend=ultralytics
22:41:25  INFO       [threshold / moderate] 180/200  tier=NANO    latency=19.3 ms  R=0.493  target=0.50  dets=1  vru=False  backend=ultralytics
22:41:25  INFO     [RAMS] Tier switch: NANO → SMALL  (R=0.493)
22:41:25  INFO       [threshold / moderate] 200/200  tier=SMALL   latency=21.1 ms  R=0.504  target=0.50  dets=1  vru=False  backend=ultralytics
22:41:25  INFO     [RAMS] Controller stopped.
22:41:25  INFO     
--- Block 6/10  Policy: adaptive  Load: moderate (50%) ---
22:41:25  INFO     [RAMS] Starting resource monitor ...
22:41:25  INFO     [RAMS] Loading model tiers ...
22:41:26  INFO     [RAMS] YOLOv8-nano ready — Ultralytics (imgsz=320).
22:41:26  INFO     [RAMS] YOLOv8-small ready — Ultralytics (imgsz=416).
22:41:27  INFO     [RAMS] YOLOv8-medium ready — Ultralytics (imgsz=640).
22:41:27  INFO     [RAMS] Controller ready. Policy: adaptive
22:41:28  INFO     [RAMS] Tier switch: SMALL → NANO  (R=0.508)
22:41:28  INFO       [adaptive / moderate] 20/200  tier=NANO    latency=19.3 ms  R=0.554  target=0.50  dets=1  vru=False  backend=ultralytics
22:41:29  INFO     [RAMS] Tier switch: NANO → SMALL  (R=0.492)
22:41:29  INFO       [adaptive / moderate] 40/200  tier=SMALL   latency=20.0 ms  R=0.511  target=0.50  dets=2  vru=False  backend=ultralytics
22:41:29  INFO     [RAMS] Tier switch: SMALL → NANO  (R=0.514)
22:41:29  INFO     [RAMS] Tier switch: NANO → SMALL  (R=0.488)
22:41:29  INFO     [RAMS] Tier switch: SMALL → NANO  (R=0.579)
22:41:30  INFO     [RAMS] Tier switch: NANO → SMALL  (R=0.482)
22:41:30  INFO       [adaptive / moderate] 60/200  tier=SMALL   latency=22.0 ms  R=0.482  target=0.50  dets=4  vru=False  backend=ultralytics
22:41:30  INFO     [RAMS] Tier switch: SMALL → NANO  (R=0.506)
22:41:30  INFO     [RAMS] Tier switch: NANO → SMALL  (R=0.477)
22:41:30  INFO     [RAMS] Tier switch: SMALL → NANO  (R=0.569)
22:41:30  INFO       [adaptive / moderate] 80/200  tier=NANO    latency=20.0 ms  R=0.569  target=0.50  dets=4  vru=True  backend=ultralytics
22:41:31  INFO     [RAMS] Tier switch: NANO → SMALL  (R=0.488)
22:41:31  INFO       [adaptive / moderate] 100/200  tier=SMALL   latency=21.5 ms  R=0.490  target=0.50  dets=2  vru=False  backend=ultralytics
22:41:31  INFO     [RAMS] Tier switch: SMALL → NANO  (R=0.560)
22:41:32  INFO       [adaptive / moderate] 120/200  tier=NANO    latency=19.5 ms  R=0.502  target=0.50  dets=3  vru=False  backend=ultralytics
22:41:32  INFO     [RAMS] Tier switch: NANO → SMALL  (R=0.488)
22:41:32  INFO     [RAMS] Tier switch: SMALL → NANO  (R=0.554)
22:41:32  INFO       [adaptive / moderate] 140/200  tier=NANO    latency=20.4 ms  R=0.554  target=0.50  dets=3  vru=False  backend=ultralytics
22:41:33  INFO     [RAMS] Tier switch: NANO → SMALL  (R=0.474)
22:41:33  INFO       [adaptive / moderate] 160/200  tier=SMALL   latency=19.8 ms  R=0.486  target=0.50  dets=1  vru=False  backend=ultralytics
22:41:33  INFO     [RAMS] Tier switch: SMALL → NANO  (R=0.580)
22:41:34  INFO     [RAMS] Tier switch: NANO → SMALL  (R=0.480)
22:41:34  INFO       [adaptive / moderate] 180/200  tier=SMALL   latency=22.4 ms  R=0.480  target=0.50  dets=6  vru=False  backend=ultralytics
22:41:34  INFO     [RAMS] Tier switch: SMALL → NANO  (R=0.581)
22:41:34  INFO       [adaptive / moderate] 200/200  tier=NANO    latency=18.7 ms  R=0.582  target=0.50  dets=0  vru=False  backend=ultralytics
22:41:35  INFO     [RAMS] Controller stopped.
22:41:35  INFO     
--- Block 6/10  Policy: safety2  Load: moderate (50%) ---
22:41:35  INFO     [RAMS] Starting resource monitor ...
22:41:35  INFO     [RAMS] Loading model tiers ...
22:41:35  INFO     [RAMS] YOLOv8-nano ready — Ultralytics (imgsz=320).
22:41:35  INFO     [RAMS] YOLOv8-small ready — Ultralytics (imgsz=416).
22:41:36  INFO     [RAMS] YOLOv8-medium ready — Ultralytics (imgsz=640).
22:41:36  INFO     [RAMS] Controller ready. Policy: safety2
22:41:37  INFO     [RAMS] Tier switch: SMALL → MEDIUM  (R=0.429)
22:41:38  INFO     [RAMS] Tier switch: MEDIUM → SMALL  (R=0.505)
22:41:38  INFO       [safety2 / moderate] 20/200  tier=SMALL   latency=20.1 ms  R=0.517  target=0.50  dets=2  vru=False  backend=ultralytics
22:41:38  INFO     [RAMS] Tier switch: SMALL → MEDIUM  (R=0.514)
22:41:38  INFO       [safety2 / moderate] 40/200  tier=MEDIUM  latency=25.3 ms  R=0.580  target=0.50  dets=3  vru=False  backend=ultralytics
22:41:39  INFO     [RAMS] Tier switch: MEDIUM → NANO  (R=0.502)
22:41:39  INFO     [RAMS] Tier switch: NANO → SMALL  (R=0.495)
22:41:39  INFO       [safety2 / moderate] 60/200  tier=SMALL   latency=20.4 ms  R=0.478  target=0.50  dets=4  vru=False  backend=ultralytics
22:41:40  INFO     [RAMS] Tier switch: SMALL → NANO  (R=0.540)
22:41:40  INFO       [safety2 / moderate] 80/200  tier=NANO    latency=21.0 ms  R=0.540  target=0.50  dets=4  vru=True  backend=ultralytics
22:41:40  INFO     [RAMS] Tier switch: NANO → MEDIUM  (R=0.556)
22:41:40  INFO     [RAMS] Tier switch: MEDIUM → SMALL  (R=0.599)
22:41:40  INFO     [RAMS] Tier switch: SMALL → MEDIUM  (R=0.599)
22:41:41  INFO       [safety2 / moderate] 100/200  tier=MEDIUM  latency=26.7 ms  R=0.547  target=0.50  dets=4  vru=True  backend=ultralytics
22:41:41  INFO     [RAMS] Tier switch: MEDIUM → NANO  (R=0.607)
22:41:41  INFO     [RAMS] Tier switch: NANO → MEDIUM  (R=0.607)
22:41:41  INFO       [safety2 / moderate] 120/200  tier=MEDIUM  latency=28.1 ms  R=0.591  target=0.50  dets=11  vru=True  backend=ultralytics
22:41:42  INFO     [RAMS] Tier switch: MEDIUM → NANO  (R=0.613)
22:41:42  INFO       [safety2 / moderate] 140/200  tier=NANO    latency=20.0 ms  R=0.613  target=0.50  dets=3  vru=False  backend=ultralytics
22:41:42  INFO     [RAMS] Tier switch: NANO → SMALL  (R=0.585)
22:41:43  INFO     [RAMS] Tier switch: SMALL → MEDIUM  (R=0.553)
22:41:43  INFO       [safety2 / moderate] 160/200  tier=MEDIUM  latency=25.6 ms  R=0.570  target=0.50  dets=1  vru=False  backend=ultralytics
22:41:43  INFO     [RAMS] Tier switch: MEDIUM → NANO  (R=0.615)
22:41:43  INFO     [RAMS] Tier switch: NANO → MEDIUM  (R=0.551)
22:41:44  INFO       [safety2 / moderate] 180/200  tier=MEDIUM  latency=34.1 ms  R=0.604  target=0.50  dets=10  vru=False  backend=ultralytics
22:41:44  INFO     [RAMS] Tier switch: MEDIUM → NANO  (R=0.606)
22:41:44  INFO     [RAMS] Tier switch: NANO → SMALL  (R=0.590)
22:41:44  INFO     [RAMS] Tier switch: SMALL → MEDIUM  (R=0.538)
22:41:44  INFO       [safety2 / moderate] 200/200  tier=MEDIUM  latency=25.8 ms  R=0.645  target=0.50  dets=4  vru=False  backend=ultralytics
22:41:45  INFO     [RAMS] Controller stopped.
22:41:45  INFO     
--- Block 6/10  Policy: threshold  Load: moderate (50%) ---
22:41:45  INFO     [RAMS] Starting resource monitor ...
22:41:45  INFO     [RAMS] Loading model tiers ...
22:41:45  INFO     [RAMS] YOLOv8-nano ready — Ultralytics (imgsz=320).
22:41:45  INFO     [RAMS] YOLOv8-small ready — Ultralytics (imgsz=416).
22:41:46  INFO     [RAMS] YOLOv8-medium ready — Ultralytics (imgsz=640).
22:41:46  INFO     [RAMS] Controller ready. Policy: threshold
22:41:47  INFO     [RAMS] Tier switch: SMALL → NANO  (R=0.577)
22:41:48  INFO     [RAMS] Tier switch: NANO → SMALL  (R=0.489)
22:41:48  INFO       [threshold / moderate] 20/200  tier=SMALL   latency=20.3 ms  R=0.487  target=0.50  dets=2  vru=False  backend=ultralytics
22:41:48  INFO     [RAMS] Tier switch: SMALL → NANO  (R=0.511)
22:41:48  INFO     [RAMS] Tier switch: NANO → SMALL  (R=0.474)
22:41:48  INFO       [threshold / moderate] 40/200  tier=SMALL   latency=20.5 ms  R=0.490  target=0.50  dets=2  vru=False  backend=ultralytics
22:41:48  INFO     [RAMS] Tier switch: SMALL → NANO  (R=0.590)
22:41:49  INFO     [RAMS] Tier switch: NANO → SMALL  (R=0.497)
22:41:49  INFO     [RAMS] Tier switch: SMALL → NANO  (R=0.508)
22:41:49  INFO       [threshold / moderate] 60/200  tier=NANO    latency=19.9 ms  R=0.486  target=0.50  dets=5  vru=False  backend=ultralytics
22:41:49  INFO     [RAMS] Tier switch: NANO → SMALL  (R=0.486)
22:41:49  INFO     [RAMS] Tier switch: SMALL → NANO  (R=0.584)
22:41:50  INFO       [threshold / moderate] 80/200  tier=NANO    latency=19.6 ms  R=0.495  target=0.50  dets=4  vru=True  backend=ultralytics
22:41:50  INFO     [RAMS] Tier switch: NANO → SMALL  (R=0.495)
22:41:50  INFO     [RAMS] Tier switch: SMALL → NANO  (R=0.506)
22:41:50  INFO     [RAMS] Tier switch: NANO → SMALL  (R=0.490)
22:41:50  INFO       [threshold / moderate] 100/200  tier=SMALL   latency=21.6 ms  R=0.482  target=0.50  dets=2  vru=False  backend=ultralytics
22:41:50  INFO     [RAMS] Tier switch: SMALL → NANO  (R=0.571)
22:41:51  INFO     [RAMS] Tier switch: NANO → SMALL  (R=0.490)
22:41:51  INFO     [RAMS] Tier switch: SMALL → NANO  (R=0.505)
22:41:51  INFO       [threshold / moderate] 120/200  tier=NANO    latency=19.4 ms  R=0.505  target=0.50  dets=3  vru=False  backend=ultralytics
22:41:51  INFO     [RAMS] Tier switch: NANO → SMALL  (R=0.481)
22:41:51  INFO     [RAMS] Tier switch: SMALL → NANO  (R=0.506)
22:41:52  INFO     [RAMS] Tier switch: NANO → SMALL  (R=0.475)
22:41:52  INFO       [threshold / moderate] 140/200  tier=SMALL   latency=20.6 ms  R=0.481  target=0.50  dets=4  vru=False  backend=ultralytics
22:41:52  INFO     [RAMS] Tier switch: SMALL → NANO  (R=0.508)
22:41:52  INFO     [RAMS] Tier switch: NANO → SMALL  (R=0.485)
22:41:52  INFO     [RAMS] Tier switch: SMALL → NANO  (R=0.514)
22:41:52  INFO       [threshold / moderate] 160/200  tier=NANO    latency=19.2 ms  R=0.514  target=0.50  dets=1  vru=False  backend=ultralytics
22:41:52  INFO     [RAMS] Tier switch: NANO → SMALL  (R=0.479)
22:41:52  INFO     [RAMS] Tier switch: SMALL → NANO  (R=0.552)
22:41:53  INFO     [RAMS] Tier switch: NANO → SMALL  (R=0.496)
22:41:53  INFO     [RAMS] Tier switch: SMALL → NANO  (R=0.502)
22:41:53  INFO     [RAMS] Tier switch: NANO → SMALL  (R=0.498)
22:41:53  INFO       [threshold / moderate] 180/200  tier=SMALL   latency=20.9 ms  R=0.479  target=0.50  dets=6  vru=False  backend=ultralytics
22:41:53  INFO     [RAMS] Tier switch: SMALL → NANO  (R=0.499)
22:41:54  INFO     [RAMS] Tier switch: NANO → SMALL  (R=0.484)
22:41:54  INFO       [threshold / moderate] 200/200  tier=SMALL   latency=20.7 ms  R=0.484  target=0.50  dets=1  vru=False  backend=ultralytics
22:41:54  INFO     [RAMS] Controller stopped.
22:41:54  INFO     
--- Block 6/10  Policy: fixed_nano  Load: moderate (50%) ---
22:41:54  INFO     [RAMS] Starting resource monitor ...
22:41:54  INFO     [RAMS] Loading model tiers ...
22:41:54  INFO     [RAMS] YOLOv8-nano ready — Ultralytics (imgsz=320).
22:41:55  INFO     [RAMS] YOLOv8-small ready — Ultralytics (imgsz=416).
22:41:55  INFO     [RAMS] YOLOv8-medium ready — Ultralytics (imgsz=640).
22:41:55  INFO     [RAMS] Controller ready. Policy: fixed
22:41:56  INFO     [RAMS] Tier switch: SMALL → NANO  (R=0.423)
22:41:57  INFO       [fixed_nano / moderate] 20/200  tier=NANO    latency=19.5 ms  R=0.475  target=0.50  dets=1  vru=False  backend=ultralytics
22:41:58  INFO       [fixed_nano / moderate] 40/200  tier=NANO    latency=19.2 ms  R=0.486  target=0.50  dets=1  vru=False  backend=ultralytics
22:41:58  INFO       [fixed_nano / moderate] 60/200  tier=NANO    latency=21.4 ms  R=0.490  target=0.50  dets=5  vru=False  backend=ultralytics
22:41:59  INFO       [fixed_nano / moderate] 80/200  tier=NANO    latency=20.0 ms  R=0.471  target=0.50  dets=4  vru=True  backend=ultralytics
22:42:00  INFO       [fixed_nano / moderate] 100/200  tier=NANO    latency=19.9 ms  R=0.533  target=0.50  dets=3  vru=False  backend=ultralytics
22:42:00  INFO       [fixed_nano / moderate] 120/200  tier=NANO    latency=20.7 ms  R=0.490  target=0.50  dets=3  vru=False  backend=ultralytics
22:42:01  INFO       [fixed_nano / moderate] 140/200  tier=NANO    latency=20.2 ms  R=0.481  target=0.50  dets=3  vru=False  backend=ultralytics
22:42:01  INFO       [fixed_nano / moderate] 160/200  tier=NANO    latency=20.2 ms  R=0.632  target=0.50  dets=1  vru=False  backend=ultralytics
22:42:02  INFO       [fixed_nano / moderate] 180/200  tier=NANO    latency=21.9 ms  R=0.545  target=0.50  dets=4  vru=False  backend=ultralytics
22:42:03  INFO       [fixed_nano / moderate] 200/200  tier=NANO    latency=19.9 ms  R=0.623  target=0.50  dets=0  vru=False  backend=ultralytics
22:42:03  INFO     [RAMS] Controller stopped.
22:42:03  INFO     
--- Block 6/10  Policy: fixed_medium  Load: moderate (50%) ---
22:42:03  INFO     [RAMS] Starting resource monitor ...
22:42:03  INFO     [RAMS] Loading model tiers ...
22:42:03  INFO     [RAMS] YOLOv8-nano ready — Ultralytics (imgsz=320).
22:42:04  INFO     [RAMS] YOLOv8-small ready — Ultralytics (imgsz=416).
22:42:04  INFO     [RAMS] YOLOv8-medium ready — Ultralytics (imgsz=640).
22:42:04  INFO     [RAMS] Controller ready. Policy: fixed
22:42:05  INFO     [RAMS] Tier switch: SMALL → MEDIUM  (R=0.562)
22:42:06  INFO       [fixed_medium / moderate] 20/200  tier=MEDIUM  latency=26.0 ms  R=0.574  target=0.50  dets=3  vru=False  backend=ultralytics
22:42:07  INFO       [fixed_medium / moderate] 40/200  tier=MEDIUM  latency=25.6 ms  R=0.636  target=0.50  dets=3  vru=False  backend=ultralytics
22:42:08  INFO       [fixed_medium / moderate] 60/200  tier=MEDIUM  latency=26.4 ms  R=0.566  target=0.50  dets=7  vru=False  backend=ultralytics
22:42:09  INFO       [fixed_medium / moderate] 80/200  tier=MEDIUM  latency=26.5 ms  R=0.548  target=0.50  dets=7  vru=True  backend=ultralytics
22:42:09  INFO       [fixed_medium / moderate] 100/200  tier=MEDIUM  latency=29.2 ms  R=0.529  target=0.50  dets=4  vru=True  backend=ultralytics
22:42:10  INFO       [fixed_medium / moderate] 120/200  tier=MEDIUM  latency=27.3 ms  R=0.572  target=0.50  dets=11  vru=True  backend=ultralytics
22:42:11  INFO       [fixed_medium / moderate] 140/200  tier=MEDIUM  latency=25.8 ms  R=0.478  target=0.50  dets=4  vru=False  backend=ultralytics
22:42:12  INFO       [fixed_medium / moderate] 160/200  tier=MEDIUM  latency=25.1 ms  R=0.536  target=0.50  dets=1  vru=False  backend=ultralytics
22:42:13  INFO       [fixed_medium / moderate] 180/200  tier=MEDIUM  latency=27.0 ms  R=0.485  target=0.50  dets=10  vru=False  backend=ultralytics
22:42:13  INFO       [fixed_medium / moderate] 200/200  tier=MEDIUM  latency=25.9 ms  R=0.522  target=0.50  dets=4  vru=False  backend=ultralytics
22:42:13  INFO     [RAMS] Controller stopped.
22:42:14  INFO     
--- Block 6/10  Policy: fixed_small  Load: moderate (50%) ---
22:42:14  INFO     [RAMS] Starting resource monitor ...
22:42:14  INFO     [RAMS] Loading model tiers ...
22:42:14  INFO     [RAMS] YOLOv8-nano ready — Ultralytics (imgsz=320).
22:42:14  INFO     [RAMS] YOLOv8-small ready — Ultralytics (imgsz=416).
22:42:15  INFO     [RAMS] YOLOv8-medium ready — Ultralytics (imgsz=640).
22:42:15  INFO     [RAMS] Controller ready. Policy: fixed
22:42:17  INFO       [fixed_small / moderate] 20/200  tier=SMALL   latency=20.1 ms  R=0.521  target=0.50  dets=2  vru=False  backend=ultralytics
22:42:17  INFO       [fixed_small / moderate] 40/200  tier=SMALL   latency=20.2 ms  R=0.478  target=0.50  dets=2  vru=False  backend=ultralytics
22:42:18  INFO       [fixed_small / moderate] 60/200  tier=SMALL   latency=20.4 ms  R=0.472  target=0.50  dets=4  vru=False  backend=ultralytics
22:42:19  INFO       [fixed_small / moderate] 80/200  tier=SMALL   latency=20.4 ms  R=0.515  target=0.50  dets=3  vru=True  backend=ultralytics
22:42:19  INFO       [fixed_small / moderate] 100/200  tier=SMALL   latency=21.0 ms  R=0.475  target=0.50  dets=2  vru=False  backend=ultralytics
22:42:20  INFO       [fixed_small / moderate] 120/200  tier=SMALL   latency=21.0 ms  R=0.499  target=0.50  dets=6  vru=False  backend=ultralytics
22:42:21  INFO       [fixed_small / moderate] 140/200  tier=SMALL   latency=20.8 ms  R=0.523  target=0.50  dets=4  vru=False  backend=ultralytics
22:42:21  INFO       [fixed_small / moderate] 160/200  tier=SMALL   latency=20.9 ms  R=0.482  target=0.50  dets=1  vru=False  backend=ultralytics
22:42:22  INFO       [fixed_small / moderate] 180/200  tier=SMALL   latency=20.8 ms  R=0.495  target=0.50  dets=6  vru=False  backend=ultralytics
22:42:23  INFO       [fixed_small / moderate] 200/200  tier=SMALL   latency=20.7 ms  R=0.623  target=0.50  dets=1  vru=False  backend=ultralytics
22:42:23  INFO     [RAMS] Controller stopped.
22:42:23  INFO     
--- Block 6/10  Policy: safety  Load: moderate (50%) ---
22:42:23  INFO     [RAMS] Starting resource monitor ...
22:42:23  INFO     [RAMS] Loading model tiers ...
22:42:23  INFO     [RAMS] YOLOv8-nano ready — Ultralytics (imgsz=320).
22:42:23  INFO     [RAMS] YOLOv8-small ready — Ultralytics (imgsz=416).
22:42:24  INFO     [RAMS] YOLOv8-medium ready — Ultralytics (imgsz=640).
22:42:24  INFO     [RAMS] Controller ready. Policy: safety
22:42:26  INFO       [safety / moderate] 20/200  tier=SMALL   latency=20.6 ms  R=0.553  target=0.50  dets=2  vru=False  backend=ultralytics
22:42:26  INFO       [safety / moderate] 40/200  tier=SMALL   latency=23.5 ms  R=0.547  target=0.50  dets=2  vru=False  backend=ultralytics
22:42:27  INFO       [safety / moderate] 60/200  tier=SMALL   latency=22.2 ms  R=0.561  target=0.50  dets=4  vru=False  backend=ultralytics
22:42:28  INFO       [safety / moderate] 80/200  tier=SMALL   latency=21.6 ms  R=0.566  target=0.50  dets=3  vru=True  backend=ultralytics
22:42:28  INFO       [safety / moderate] 100/200  tier=SMALL   latency=21.6 ms  R=0.548  target=0.50  dets=2  vru=False  backend=ultralytics
22:42:29  INFO       [safety / moderate] 120/200  tier=SMALL   latency=20.8 ms  R=0.512  target=0.50  dets=6  vru=False  backend=ultralytics
22:42:30  INFO       [safety / moderate] 140/200  tier=SMALL   latency=20.6 ms  R=0.507  target=0.50  dets=4  vru=False  backend=ultralytics
22:42:30  INFO       [safety / moderate] 160/200  tier=SMALL   latency=20.2 ms  R=0.507  target=0.50  dets=1  vru=False  backend=ultralytics
22:42:31  INFO       [safety / moderate] 180/200  tier=SMALL   latency=20.7 ms  R=0.504  target=0.50  dets=6  vru=False  backend=ultralytics
22:42:32  INFO       [safety / moderate] 200/200  tier=SMALL   latency=20.3 ms  R=0.495  target=0.50  dets=1  vru=False  backend=ultralytics
22:42:32  INFO     [RAMS] Controller stopped.
22:42:32  INFO     
--- Block 6/10  Policy: predictive  Load: moderate (50%) ---
22:42:32  INFO     [RAMS] Starting resource monitor ...
22:42:32  INFO     [RAMS] Loading model tiers ...
22:42:32  INFO     [RAMS] YOLOv8-nano ready — Ultralytics (imgsz=320).
22:42:32  INFO     [RAMS] YOLOv8-small ready — Ultralytics (imgsz=416).
22:42:33  INFO     [RAMS] YOLOv8-medium ready — Ultralytics (imgsz=640).
22:42:33  INFO     [RAMS] Controller ready. Policy: predictive
22:42:34  INFO     [RAMS] Tier switch: SMALL → NANO  (R=0.548)
22:42:35  INFO     [RAMS] Tier switch: NANO → SMALL  (R=0.495)
22:42:35  INFO     [RAMS] Tier switch: SMALL → NANO  (R=0.499)
22:42:35  INFO     [RAMS] Tier switch: NANO → SMALL  (R=0.489)
22:42:35  INFO       [predictive / moderate] 20/200  tier=SMALL   latency=20.1 ms  R=0.489  target=0.50  dets=2  vru=False  backend=ultralytics
22:42:35  INFO     [RAMS] Tier switch: SMALL → NANO  (R=0.565)
22:42:36  INFO       [predictive / moderate] 40/200  tier=NANO    latency=19.8 ms  R=0.506  target=0.50  dets=1  vru=False  backend=ultralytics
22:42:36  INFO     [RAMS] Tier switch: NANO → SMALL  (R=0.479)
22:42:36  INFO       [predictive / moderate] 60/200  tier=SMALL   latency=20.4 ms  R=0.489  target=0.50  dets=4  vru=False  backend=ultralytics
22:42:36  INFO     [RAMS] Tier switch: SMALL → NANO  (R=0.509)
22:42:37  INFO     [RAMS] Tier switch: NANO → SMALL  (R=0.476)
22:42:37  INFO       [predictive / moderate] 80/200  tier=SMALL   latency=21.7 ms  R=0.497  target=0.50  dets=3  vru=True  backend=ultralytics
22:42:37  INFO     [RAMS] Tier switch: SMALL → NANO  (R=0.502)
22:42:37  INFO     [RAMS] Tier switch: NANO → SMALL  (R=0.496)
22:42:37  INFO     [RAMS] Tier switch: SMALL → NANO  (R=0.515)
22:42:37  INFO     [RAMS] Tier switch: NANO → SMALL  (R=0.481)
22:42:37  INFO     [RAMS] Tier switch: SMALL → NANO  (R=0.557)
22:42:38  INFO       [predictive / moderate] 100/200  tier=NANO    latency=19.9 ms  R=0.487  target=0.50  dets=3  vru=False  backend=ultralytics
22:42:38  INFO     [RAMS] Tier switch: NANO → SMALL  (R=0.490)
22:42:38  INFO     [RAMS] Tier switch: SMALL → NANO  (R=0.503)
22:42:38  INFO     [RAMS] Tier switch: NANO → SMALL  (R=0.486)
22:42:38  INFO     [RAMS] Tier switch: SMALL → NANO  (R=0.514)
22:42:38  INFO       [predictive / moderate] 120/200  tier=NANO    latency=19.6 ms  R=0.486  target=0.50  dets=3  vru=False  backend=ultralytics
22:42:38  INFO     [RAMS] Tier switch: NANO → SMALL  (R=0.486)
22:42:38  INFO     [RAMS] Tier switch: SMALL → NANO  (R=0.542)
22:42:39  INFO     [RAMS] Tier switch: NANO → SMALL  (R=0.480)
22:42:39  INFO     [RAMS] Tier switch: SMALL → NANO  (R=0.508)
22:42:39  INFO     [RAMS] Tier switch: NANO → SMALL  (R=0.494)
22:42:39  INFO       [predictive / moderate] 140/200  tier=SMALL   latency=22.2 ms  R=0.494  target=0.50  dets=4  vru=False  backend=ultralytics
22:42:39  INFO     [RAMS] Tier switch: SMALL → NANO  (R=0.572)
22:42:40  INFO       [predictive / moderate] 160/200  tier=NANO    latency=19.0 ms  R=0.490  target=0.50  dets=1  vru=False  backend=ultralytics
22:42:40  INFO     [RAMS] Tier switch: NANO → SMALL  (R=0.490)
22:42:40  INFO     [RAMS] Tier switch: SMALL → NANO  (R=0.506)
22:42:40  INFO     [RAMS] Tier switch: NANO → SMALL  (R=0.493)
22:42:40  INFO       [predictive / moderate] 180/200  tier=SMALL   latency=20.8 ms  R=0.488  target=0.50  dets=6  vru=False  backend=ultralytics
22:42:40  INFO     [RAMS] Tier switch: SMALL → NANO  (R=0.564)
22:42:41  INFO     [RAMS] Tier switch: NANO → SMALL  (R=0.495)
22:42:41  INFO       [predictive / moderate] 200/200  tier=SMALL   latency=21.1 ms  R=0.489  target=0.50  dets=1  vru=False  backend=ultralytics
22:42:41  INFO     [RAMS] Controller stopped.
22:42:41  INFO     
--- Block 7/10  Policy: adaptive  Load: moderate (50%) ---
22:42:41  INFO     [RAMS] Starting resource monitor ...
22:42:41  INFO     [RAMS] Loading model tiers ...
22:42:41  INFO     [RAMS] YOLOv8-nano ready — Ultralytics (imgsz=320).
22:42:42  INFO     [RAMS] YOLOv8-small ready — Ultralytics (imgsz=416).
22:42:43  INFO     [RAMS] YOLOv8-medium ready — Ultralytics (imgsz=640).
22:42:43  INFO     [RAMS] Controller ready. Policy: adaptive
22:42:44  INFO     [RAMS] Tier switch: SMALL → NANO  (R=0.552)
22:42:44  INFO       [adaptive / moderate] 20/200  tier=NANO    latency=20.8 ms  R=0.554  target=0.50  dets=1  vru=False  backend=ultralytics
22:42:45  INFO       [adaptive / moderate] 40/200  tier=NANO    latency=18.0 ms  R=0.543  target=0.50  dets=0  vru=False  backend=ultralytics
22:42:46  INFO       [adaptive / moderate] 60/200  tier=NANO    latency=21.1 ms  R=0.567  target=0.50  dets=3  vru=False  backend=ultralytics
22:42:46  INFO       [adaptive / moderate] 80/200  tier=NANO    latency=20.1 ms  R=0.551  target=0.50  dets=3  vru=False  backend=ultralytics
22:42:47  INFO       [adaptive / moderate] 100/200  tier=NANO    latency=22.4 ms  R=0.549  target=0.50  dets=12  vru=False  backend=ultralytics
22:42:48  INFO       [adaptive / moderate] 120/200  tier=NANO    latency=23.0 ms  R=0.542  target=0.50  dets=1  vru=False  backend=ultralytics
22:42:48  INFO       [adaptive / moderate] 140/200  tier=NANO    latency=20.0 ms  R=0.555  target=0.50  dets=2  vru=False  backend=ultralytics
22:42:49  INFO       [adaptive / moderate] 160/200  tier=NANO    latency=18.1 ms  R=0.544  target=0.50  dets=0  vru=False  backend=ultralytics
22:42:50  INFO       [adaptive / moderate] 180/200  tier=NANO    latency=21.0 ms  R=0.538  target=0.50  dets=3  vru=False  backend=ultralytics
22:42:50  INFO     [RAMS] Tier switch: NANO → SMALL  (R=0.467)
22:42:50  INFO       [adaptive / moderate] 200/200  tier=SMALL   latency=21.7 ms  R=0.510  target=0.50  dets=7  vru=True  backend=ultralytics
22:42:51  INFO     [RAMS] Controller stopped.
22:42:51  INFO     
--- Block 7/10  Policy: fixed_nano  Load: moderate (50%) ---
22:42:51  INFO     [RAMS] Starting resource monitor ...
22:42:51  INFO     [RAMS] Loading model tiers ...
22:42:51  INFO     [RAMS] YOLOv8-nano ready — Ultralytics (imgsz=320).
22:42:51  INFO     [RAMS] YOLOv8-small ready — Ultralytics (imgsz=416).
22:42:52  INFO     [RAMS] YOLOv8-medium ready — Ultralytics (imgsz=640).
22:42:52  INFO     [RAMS] Controller ready. Policy: fixed
22:42:53  INFO     [RAMS] Tier switch: SMALL → NANO  (R=0.420)
22:42:54  INFO       [fixed_nano / moderate] 20/200  tier=NANO    latency=19.2 ms  R=0.515  target=0.50  dets=1  vru=False  backend=ultralytics
22:42:54  INFO       [fixed_nano / moderate] 40/200  tier=NANO    latency=17.5 ms  R=0.477  target=0.50  dets=0  vru=False  backend=ultralytics
22:42:55  INFO       [fixed_nano / moderate] 60/200  tier=NANO    latency=19.5 ms  R=0.489  target=0.50  dets=3  vru=False  backend=ultralytics
22:42:55  INFO       [fixed_nano / moderate] 80/200  tier=NANO    latency=20.4 ms  R=0.520  target=0.50  dets=3  vru=False  backend=ultralytics
22:42:56  INFO       [fixed_nano / moderate] 100/200  tier=NANO    latency=22.0 ms  R=0.494  target=0.50  dets=12  vru=False  backend=ultralytics
22:42:57  INFO       [fixed_nano / moderate] 120/200  tier=NANO    latency=20.3 ms  R=0.507  target=0.50  dets=1  vru=False  backend=ultralytics
22:42:57  INFO       [fixed_nano / moderate] 140/200  tier=NANO    latency=19.3 ms  R=0.495  target=0.50  dets=2  vru=False  backend=ultralytics
22:42:58  INFO       [fixed_nano / moderate] 160/200  tier=NANO    latency=17.8 ms  R=0.491  target=0.50  dets=0  vru=False  backend=ultralytics
22:42:59  INFO       [fixed_nano / moderate] 180/200  tier=NANO    latency=19.7 ms  R=0.498  target=0.50  dets=3  vru=False  backend=ultralytics
22:42:59  INFO       [fixed_nano / moderate] 200/200  tier=NANO    latency=20.1 ms  R=0.469  target=0.50  dets=5  vru=False  backend=ultralytics
22:42:59  INFO     [RAMS] Controller stopped.
22:42:59  INFO     
--- Block 7/10  Policy: fixed_medium  Load: moderate (50%) ---
22:42:59  INFO     [RAMS] Starting resource monitor ...
22:42:59  INFO     [RAMS] Loading model tiers ...
22:43:00  INFO     [RAMS] YOLOv8-nano ready — Ultralytics (imgsz=320).
22:43:00  INFO     [RAMS] YOLOv8-small ready — Ultralytics (imgsz=416).
22:43:01  INFO     [RAMS] YOLOv8-medium ready — Ultralytics (imgsz=640).
22:43:01  INFO     [RAMS] Controller ready. Policy: fixed
22:43:02  INFO     [RAMS] Tier switch: SMALL → MEDIUM  (R=0.421)
22:43:03  INFO       [fixed_medium / moderate] 20/200  tier=MEDIUM  latency=26.3 ms  R=0.481  target=0.50  dets=1  vru=False  backend=ultralytics
22:43:03  INFO       [fixed_medium / moderate] 40/200  tier=MEDIUM  latency=28.4 ms  R=0.504  target=0.50  dets=6  vru=False  backend=ultralytics
22:43:04  INFO       [fixed_medium / moderate] 60/200  tier=MEDIUM  latency=26.5 ms  R=0.541  target=0.50  dets=4  vru=True  backend=ultralytics
22:43:05  INFO       [fixed_medium / moderate] 80/200  tier=MEDIUM  latency=26.7 ms  R=0.524  target=0.50  dets=5  vru=True  backend=ultralytics
22:43:06  INFO       [fixed_medium / moderate] 100/200  tier=MEDIUM  latency=30.4 ms  R=0.605  target=0.50  dets=17  vru=False  backend=ultralytics
22:43:07  INFO       [fixed_medium / moderate] 120/200  tier=MEDIUM  latency=26.0 ms  R=0.589  target=0.50  dets=3  vru=True  backend=ultralytics
22:43:07  INFO       [fixed_medium / moderate] 140/200  tier=MEDIUM  latency=33.7 ms  R=0.643  target=0.50  dets=10  vru=True  backend=ultralytics
22:43:08  INFO       [fixed_medium / moderate] 160/200  tier=MEDIUM  latency=26.0 ms  R=0.572  target=0.50  dets=1  vru=False  backend=ultralytics
22:43:09  INFO       [fixed_medium / moderate] 180/200  tier=MEDIUM  latency=27.8 ms  R=0.535  target=0.50  dets=7  vru=False  backend=ultralytics
22:43:10  INFO       [fixed_medium / moderate] 200/200  tier=MEDIUM  latency=28.9 ms  R=0.588  target=0.50  dets=7  vru=True  backend=ultralytics
22:43:10  INFO     [RAMS] Controller stopped.
22:43:10  INFO     
--- Block 7/10  Policy: fixed_small  Load: moderate (50%) ---
22:43:10  INFO     [RAMS] Starting resource monitor ...
22:43:10  INFO     [RAMS] Loading model tiers ...
22:43:10  INFO     [RAMS] YOLOv8-nano ready — Ultralytics (imgsz=320).
22:43:11  INFO     [RAMS] YOLOv8-small ready — Ultralytics (imgsz=416).
22:43:11  INFO     [RAMS] YOLOv8-medium ready — Ultralytics (imgsz=640).
22:43:11  INFO     [RAMS] Controller ready. Policy: fixed
22:43:13  INFO       [fixed_small / moderate] 20/200  tier=SMALL   latency=20.1 ms  R=0.484  target=0.50  dets=2  vru=False  backend=ultralytics
22:43:14  INFO       [fixed_small / moderate] 40/200  tier=SMALL   latency=20.8 ms  R=0.486  target=0.50  dets=6  vru=False  backend=ultralytics
22:43:14  INFO       [fixed_small / moderate] 60/200  tier=SMALL   latency=21.6 ms  R=0.511  target=0.50  dets=3  vru=False  backend=ultralytics
22:43:15  INFO       [fixed_small / moderate] 80/200  tier=SMALL   latency=21.0 ms  R=0.505  target=0.50  dets=5  vru=False  backend=ultralytics
22:43:16  INFO       [fixed_small / moderate] 100/200  tier=SMALL   latency=21.3 ms  R=0.490  target=0.50  dets=8  vru=False  backend=ultralytics
22:43:16  INFO       [fixed_small / moderate] 120/200  tier=SMALL   latency=20.0 ms  R=0.486  target=0.50  dets=1  vru=False  backend=ultralytics
22:43:17  INFO       [fixed_small / moderate] 140/200  tier=SMALL   latency=20.4 ms  R=0.495  target=0.50  dets=4  vru=True  backend=ultralytics
22:43:18  INFO       [fixed_small / moderate] 160/200  tier=SMALL   latency=21.2 ms  R=0.487  target=0.50  dets=1  vru=False  backend=ultralytics
22:43:18  INFO       [fixed_small / moderate] 180/200  tier=SMALL   latency=20.9 ms  R=0.486  target=0.50  dets=4  vru=False  backend=ultralytics
22:43:19  INFO       [fixed_small / moderate] 200/200  tier=SMALL   latency=21.2 ms  R=0.511  target=0.50  dets=7  vru=True  backend=ultralytics
22:43:19  INFO     [RAMS] Controller stopped.
22:43:19  INFO     
--- Block 7/10  Policy: safety2  Load: moderate (50%) ---
22:43:19  INFO     [RAMS] Starting resource monitor ...
22:43:19  INFO     [RAMS] Loading model tiers ...
22:43:19  INFO     [RAMS] YOLOv8-nano ready — Ultralytics (imgsz=320).
22:43:20  INFO     [RAMS] YOLOv8-small ready — Ultralytics (imgsz=416).
22:43:21  INFO     [RAMS] YOLOv8-medium ready — Ultralytics (imgsz=640).
22:43:21  INFO     [RAMS] Controller ready. Policy: safety2
22:43:22  INFO     [RAMS] Tier switch: SMALL → MEDIUM  (R=0.473)
22:43:22  INFO       [safety2 / moderate] 20/200  tier=MEDIUM  latency=24.5 ms  R=0.555  target=0.50  dets=1  vru=False  backend=ultralytics
22:43:23  INFO       [safety2 / moderate] 40/200  tier=MEDIUM  latency=26.9 ms  R=0.486  target=0.50  dets=6  vru=False  backend=ultralytics
22:43:23  INFO     [RAMS] Tier switch: MEDIUM → SMALL  (R=0.520)
22:43:23  INFO     [RAMS] Tier switch: SMALL → MEDIUM  (R=0.520)
22:43:24  INFO     [RAMS] Tier switch: MEDIUM → NANO  (R=0.520)
22:43:24  INFO       [safety2 / moderate] 60/200  tier=NANO    latency=19.7 ms  R=0.492  target=0.50  dets=3  vru=False  backend=ultralytics
22:43:24  INFO     [RAMS] Tier switch: NANO → SMALL  (R=0.492)
22:43:24  INFO     [RAMS] Tier switch: SMALL → MEDIUM  (R=0.488)
22:43:25  INFO       [safety2 / moderate] 80/200  tier=MEDIUM  latency=25.9 ms  R=0.516  target=0.50  dets=5  vru=True  backend=ultralytics
22:43:25  INFO     [RAMS] Tier switch: MEDIUM → NANO  (R=0.540)
22:43:25  INFO     [RAMS] Tier switch: NANO → MEDIUM  (R=0.552)
22:43:25  INFO       [safety2 / moderate] 100/200  tier=MEDIUM  latency=29.5 ms  R=0.487  target=0.50  dets=17  vru=False  backend=ultralytics
22:43:26  INFO     [RAMS] Tier switch: MEDIUM → SMALL  (R=0.529)
22:43:26  INFO     [RAMS] Tier switch: SMALL → MEDIUM  (R=0.495)
22:43:26  INFO       [safety2 / moderate] 120/200  tier=MEDIUM  latency=25.7 ms  R=0.495  target=0.50  dets=3  vru=True  backend=ultralytics
22:43:27  INFO     [RAMS] Tier switch: MEDIUM → NANO  (R=0.547)
22:43:27  INFO     [RAMS] Tier switch: NANO → MEDIUM  (R=0.592)
22:43:27  INFO       [safety2 / moderate] 140/200  tier=MEDIUM  latency=32.3 ms  R=0.592  target=0.50  dets=10  vru=True  backend=ultralytics
22:43:28  INFO     [RAMS] Tier switch: MEDIUM → NANO  (R=0.635)
22:43:28  INFO       [safety2 / moderate] 160/200  tier=NANO    latency=17.8 ms  R=0.635  target=0.50  dets=0  vru=False  backend=ultralytics
22:43:28  INFO     [RAMS] Tier switch: NANO → SMALL  (R=0.556)
22:43:28  INFO     [RAMS] Tier switch: SMALL → MEDIUM  (R=0.557)
22:43:28  INFO       [safety2 / moderate] 180/200  tier=MEDIUM  latency=30.1 ms  R=0.685  target=0.50  dets=7  vru=False  backend=ultralytics
22:43:29  INFO       [safety2 / moderate] 200/200  tier=MEDIUM  latency=36.7 ms  R=0.585  target=0.50  dets=7  vru=True  backend=ultralytics
22:43:29  INFO     [RAMS] Controller stopped.
22:43:29  INFO     
--- Block 7/10  Policy: threshold  Load: moderate (50%) ---
22:43:29  INFO     [RAMS] Starting resource monitor ...
22:43:29  INFO     [RAMS] Loading model tiers ...
22:43:30  INFO     [RAMS] YOLOv8-nano ready — Ultralytics (imgsz=320).
22:43:30  INFO     [RAMS] YOLOv8-small ready — Ultralytics (imgsz=416).
22:43:31  INFO     [RAMS] YOLOv8-medium ready — Ultralytics (imgsz=640).
22:43:31  INFO     [RAMS] Controller ready. Policy: threshold
22:43:32  INFO     [RAMS] Tier switch: SMALL → NANO  (R=0.526)
22:43:33  INFO       [threshold / moderate] 20/200  tier=NANO    latency=20.4 ms  R=0.500  target=0.50  dets=1  vru=False  backend=ultralytics
22:43:33  INFO     [RAMS] Tier switch: NANO → SMALL  (R=0.482)
22:43:33  INFO     [RAMS] Tier switch: SMALL → NANO  (R=0.504)
22:43:33  INFO     [RAMS] Tier switch: NANO → SMALL  (R=0.494)
22:43:33  INFO       [threshold / moderate] 40/200  tier=SMALL   latency=20.8 ms  R=0.504  target=0.50  dets=6  vru=False  backend=ultralytics
22:43:33  INFO     [RAMS] Tier switch: SMALL → NANO  (R=0.504)
22:43:34  INFO     [RAMS] Tier switch: NANO → SMALL  (R=0.483)
22:43:34  INFO     [RAMS] Tier switch: SMALL → NANO  (R=0.509)
22:43:34  INFO       [threshold / moderate] 60/200  tier=NANO    latency=21.4 ms  R=0.508  target=0.50  dets=3  vru=False  backend=ultralytics
22:43:34  INFO     [RAMS] Tier switch: NANO → SMALL  (R=0.479)
22:43:34  INFO     [RAMS] Tier switch: SMALL → NANO  (R=0.508)
22:43:34  INFO     [RAMS] Tier switch: NANO → SMALL  (R=0.485)
22:43:35  INFO     [RAMS] Tier switch: SMALL → NANO  (R=0.565)
22:43:35  INFO       [threshold / moderate] 80/200  tier=NANO    latency=19.5 ms  R=0.479  target=0.50  dets=3  vru=False  backend=ultralytics
22:43:35  INFO     [RAMS] Tier switch: NANO → SMALL  (R=0.479)
22:43:35  INFO     [RAMS] Tier switch: SMALL → NANO  (R=0.510)
22:43:35  INFO     [RAMS] Tier switch: NANO → SMALL  (R=0.476)
22:43:35  INFO       [threshold / moderate] 100/200  tier=SMALL   latency=21.4 ms  R=0.505  target=0.50  dets=8  vru=False  backend=ultralytics
22:43:35  INFO     [RAMS] Tier switch: SMALL → NANO  (R=0.505)
22:43:36  INFO     [RAMS] Tier switch: NANO → SMALL  (R=0.489)
22:43:36  INFO       [threshold / moderate] 120/200  tier=SMALL   latency=21.0 ms  R=0.495  target=0.50  dets=1  vru=False  backend=ultralytics
22:43:36  INFO     [RAMS] Tier switch: SMALL → NANO  (R=0.502)
22:43:36  INFO     [RAMS] Tier switch: NANO → SMALL  (R=0.478)
22:43:36  INFO     [RAMS] Tier switch: SMALL → NANO  (R=0.502)
22:43:37  INFO       [threshold / moderate] 140/200  tier=NANO    latency=19.4 ms  R=0.479  target=0.50  dets=2  vru=False  backend=ultralytics
22:43:37  INFO     [RAMS] Tier switch: NANO → SMALL  (R=0.479)
22:43:37  INFO     [RAMS] Tier switch: SMALL → NANO  (R=0.499)
22:43:37  INFO     [RAMS] Tier switch: NANO → SMALL  (R=0.493)
22:43:37  INFO     [RAMS] Tier switch: SMALL → NANO  (R=0.506)
22:43:37  INFO       [threshold / moderate] 160/200  tier=NANO    latency=17.6 ms  R=0.505  target=0.50  dets=0  vru=False  backend=ultralytics
22:43:37  INFO     [RAMS] Tier switch: NANO → SMALL  (R=0.484)
22:43:38  INFO     [RAMS] Tier switch: SMALL → NANO  (R=0.516)
22:43:38  INFO     [RAMS] Tier switch: NANO → SMALL  (R=0.489)
22:43:38  INFO       [threshold / moderate] 180/200  tier=SMALL   latency=20.8 ms  R=0.474  target=0.50  dets=4  vru=False  backend=ultralytics
22:43:38  INFO     [RAMS] Tier switch: SMALL → NANO  (R=0.506)
22:43:38  INFO     [RAMS] Tier switch: NANO → SMALL  (R=0.492)
22:43:38  INFO     [RAMS] Tier switch: SMALL → NANO  (R=0.505)
22:43:39  INFO       [threshold / moderate] 200/200  tier=NANO    latency=20.2 ms  R=0.482  target=0.50  dets=5  vru=False  backend=ultralytics
22:43:39  INFO     [RAMS] Controller stopped.
22:43:39  INFO     
--- Block 7/10  Policy: predictive  Load: moderate (50%) ---
22:43:39  INFO     [RAMS] Starting resource monitor ...
22:43:39  INFO     [RAMS] Loading model tiers ...
22:43:39  INFO     [RAMS] YOLOv8-nano ready — Ultralytics (imgsz=320).
22:43:39  INFO     [RAMS] YOLOv8-small ready — Ultralytics (imgsz=416).
22:43:40  INFO     [RAMS] YOLOv8-medium ready — Ultralytics (imgsz=640).
22:43:40  INFO     [RAMS] Controller ready. Policy: predictive
22:43:42  INFO     [RAMS] Tier switch: SMALL → NANO  (R=0.559)
22:43:42  INFO     [RAMS] Tier switch: NANO → SMALL  (R=0.481)
22:43:42  INFO       [predictive / moderate] 20/200  tier=SMALL   latency=21.4 ms  R=0.500  target=0.50  dets=2  vru=False  backend=ultralytics
22:43:42  INFO     [RAMS] Tier switch: SMALL → NANO  (R=0.504)
22:43:42  INFO     [RAMS] Tier switch: NANO → SMALL  (R=0.485)
22:43:42  INFO     [RAMS] Tier switch: SMALL → NANO  (R=0.513)
22:43:43  INFO       [predictive / moderate] 40/200  tier=NANO    latency=17.7 ms  R=0.555  target=0.50  dets=0  vru=False  backend=ultralytics
22:43:43  INFO     [RAMS] Tier switch: NANO → SMALL  (R=0.490)
22:43:43  INFO     [RAMS] Tier switch: SMALL → NANO  (R=0.511)
22:43:43  INFO       [predictive / moderate] 60/200  tier=NANO    latency=19.9 ms  R=0.511  target=0.50  dets=3  vru=False  backend=ultralytics
22:43:43  INFO     [RAMS] Tier switch: NANO → SMALL  (R=0.482)
22:43:44  INFO     [RAMS] Tier switch: SMALL → NANO  (R=0.525)
22:43:44  INFO     [RAMS] Tier switch: NANO → SMALL  (R=0.481)
22:43:44  INFO     [RAMS] Tier switch: SMALL → NANO  (R=0.511)
22:43:44  INFO       [predictive / moderate] 80/200  tier=NANO    latency=19.8 ms  R=0.518  target=0.50  dets=3  vru=False  backend=ultralytics
22:43:44  INFO     [RAMS] Tier switch: NANO → SMALL  (R=0.490)
22:43:44  INFO     [RAMS] Tier switch: SMALL → NANO  (R=0.502)
22:43:44  INFO     [RAMS] Tier switch: NANO → SMALL  (R=0.480)
22:43:44  INFO     [RAMS] Tier switch: SMALL → NANO  (R=0.528)
22:43:45  INFO       [predictive / moderate] 100/200  tier=NANO    latency=21.7 ms  R=0.528  target=0.50  dets=12  vru=False  backend=ultralytics
22:43:45  INFO     [RAMS] Tier switch: NANO → SMALL  (R=0.480)
22:43:45  INFO     [RAMS] Tier switch: SMALL → NANO  (R=0.508)
22:43:45  INFO       [predictive / moderate] 120/200  tier=NANO    latency=19.1 ms  R=0.497  target=0.50  dets=1  vru=False  backend=ultralytics
22:43:45  INFO     [RAMS] Tier switch: NANO → SMALL  (R=0.479)
22:43:45  INFO     [RAMS] Tier switch: SMALL → NANO  (R=0.521)
22:43:46  INFO       [predictive / moderate] 140/200  tier=NANO    latency=19.3 ms  R=0.499  target=0.50  dets=2  vru=False  backend=ultralytics
22:43:46  INFO     [RAMS] Tier switch: NANO → SMALL  (R=0.475)
22:43:46  INFO     [RAMS] Tier switch: SMALL → NANO  (R=0.508)
22:43:46  INFO     [RAMS] Tier switch: NANO → SMALL  (R=0.485)
22:43:46  INFO       [predictive / moderate] 160/200  tier=SMALL   latency=20.4 ms  R=0.513  target=0.50  dets=1  vru=False  backend=ultralytics
22:43:46  INFO     [RAMS] Tier switch: SMALL → NANO  (R=0.513)
22:43:47  INFO     [RAMS] Tier switch: NANO → SMALL  (R=0.484)
22:43:47  INFO     [RAMS] Tier switch: SMALL → NANO  (R=0.516)
22:43:47  INFO     [RAMS] Tier switch: NANO → SMALL  (R=0.489)
22:43:47  INFO       [predictive / moderate] 180/200  tier=SMALL   latency=21.9 ms  R=0.488  target=0.50  dets=4  vru=False  backend=ultralytics
22:43:47  INFO     [RAMS] Tier switch: SMALL → NANO  (R=0.540)
22:43:48  INFO     [RAMS] Tier switch: NANO → SMALL  (R=0.480)
22:43:48  INFO       [predictive / moderate] 200/200  tier=SMALL   latency=21.5 ms  R=0.480  target=0.50  dets=7  vru=True  backend=ultralytics
22:43:48  INFO     [RAMS] Controller stopped.
22:43:48  INFO     
--- Block 7/10  Policy: safety  Load: moderate (50%) ---
22:43:48  INFO     [RAMS] Starting resource monitor ...
22:43:48  INFO     [RAMS] Loading model tiers ...
22:43:48  INFO     [RAMS] YOLOv8-nano ready — Ultralytics (imgsz=320).
22:43:49  INFO     [RAMS] YOLOv8-small ready — Ultralytics (imgsz=416).
22:43:49  INFO     [RAMS] YOLOv8-medium ready — Ultralytics (imgsz=640).
22:43:49  INFO     [RAMS] Controller ready. Policy: safety
22:43:51  INFO     [RAMS] Tier switch: SMALL → NANO  (R=0.545)
22:43:51  INFO     [RAMS] Tier switch: NANO → SMALL  (R=0.547)
22:43:51  INFO       [safety / moderate] 20/200  tier=SMALL   latency=21.1 ms  R=0.551  target=0.50  dets=2  vru=False  backend=ultralytics
22:43:52  INFO       [safety / moderate] 40/200  tier=SMALL   latency=21.5 ms  R=0.552  target=0.50  dets=6  vru=False  backend=ultralytics
22:43:53  INFO       [safety / moderate] 60/200  tier=SMALL   latency=21.0 ms  R=0.623  target=0.50  dets=3  vru=False  backend=ultralytics
22:43:53  INFO       [safety / moderate] 80/200  tier=SMALL   latency=21.2 ms  R=0.582  target=0.50  dets=5  vru=False  backend=ultralytics
22:43:54  INFO       [safety / moderate] 100/200  tier=SMALL   latency=22.2 ms  R=0.569  target=0.50  dets=8  vru=False  backend=ultralytics
22:43:55  INFO       [safety / moderate] 120/200  tier=SMALL   latency=20.3 ms  R=0.564  target=0.50  dets=1  vru=False  backend=ultralytics
22:43:55  INFO       [safety / moderate] 140/200  tier=SMALL   latency=20.6 ms  R=0.492  target=0.50  dets=4  vru=True  backend=ultralytics
22:43:56  INFO       [safety / moderate] 160/200  tier=SMALL   latency=19.9 ms  R=0.510  target=0.50  dets=1  vru=False  backend=ultralytics
22:43:57  INFO       [safety / moderate] 180/200  tier=SMALL   latency=20.6 ms  R=0.595  target=0.50  dets=4  vru=False  backend=ultralytics
22:43:57  INFO       [safety / moderate] 200/200  tier=SMALL   latency=21.4 ms  R=0.479  target=0.50  dets=7  vru=True  backend=ultralytics
22:43:57  INFO     [RAMS] Controller stopped.
22:43:57  INFO     
--- Block 8/10  Policy: fixed_small  Load: moderate (50%) ---
22:43:57  INFO     [RAMS] Starting resource monitor ...
22:43:57  INFO     [RAMS] Loading model tiers ...
22:43:58  INFO     [RAMS] YOLOv8-nano ready — Ultralytics (imgsz=320).
22:43:58  INFO     [RAMS] YOLOv8-small ready — Ultralytics (imgsz=416).
22:43:59  INFO     [RAMS] YOLOv8-medium ready — Ultralytics (imgsz=640).
22:43:59  INFO     [RAMS] Controller ready. Policy: fixed
22:44:00  INFO       [fixed_small / moderate] 20/200  tier=SMALL   latency=21.4 ms  R=0.497  target=0.50  dets=2  vru=False  backend=ultralytics
22:44:01  INFO       [fixed_small / moderate] 40/200  tier=SMALL   latency=20.6 ms  R=0.486  target=0.50  dets=5  vru=False  backend=ultralytics
22:44:02  INFO       [fixed_small / moderate] 60/200  tier=SMALL   latency=21.2 ms  R=0.508  target=0.50  dets=5  vru=False  backend=ultralytics
22:44:02  INFO       [fixed_small / moderate] 80/200  tier=SMALL   latency=23.1 ms  R=0.483  target=0.50  dets=5  vru=False  backend=ultralytics
22:44:03  INFO       [fixed_small / moderate] 100/200  tier=SMALL   latency=21.7 ms  R=0.488  target=0.50  dets=10  vru=False  backend=ultralytics
22:44:04  INFO       [fixed_small / moderate] 120/200  tier=SMALL   latency=19.0 ms  R=0.488  target=0.50  dets=0  vru=False  backend=ultralytics
22:44:04  INFO       [fixed_small / moderate] 140/200  tier=SMALL   latency=21.0 ms  R=0.501  target=0.50  dets=1  vru=False  backend=ultralytics
22:44:05  INFO       [fixed_small / moderate] 160/200  tier=SMALL   latency=19.7 ms  R=0.491  target=0.50  dets=1  vru=False  backend=ultralytics
22:44:06  INFO       [fixed_small / moderate] 180/200  tier=SMALL   latency=21.3 ms  R=0.494  target=0.50  dets=4  vru=False  backend=ultralytics
22:44:06  INFO       [fixed_small / moderate] 200/200  tier=SMALL   latency=25.5 ms  R=0.498  target=0.50  dets=13  vru=True  backend=ultralytics
22:44:07  INFO     [RAMS] Controller stopped.
22:44:07  INFO     
--- Block 8/10  Policy: safety  Load: moderate (50%) ---
22:44:07  INFO     [RAMS] Starting resource monitor ...
22:44:07  INFO     [RAMS] Loading model tiers ...
22:44:07  INFO     [RAMS] YOLOv8-nano ready — Ultralytics (imgsz=320).
22:44:07  INFO     [RAMS] YOLOv8-small ready — Ultralytics (imgsz=416).
22:44:08  INFO     [RAMS] YOLOv8-medium ready — Ultralytics (imgsz=640).
22:44:08  INFO     [RAMS] Controller ready. Policy: safety
22:44:10  INFO       [safety / moderate] 20/200  tier=SMALL   latency=21.0 ms  R=0.565  target=0.50  dets=2  vru=False  backend=ultralytics
22:44:10  INFO       [safety / moderate] 40/200  tier=SMALL   latency=22.7 ms  R=0.543  target=0.50  dets=5  vru=False  backend=ultralytics
22:44:10  INFO     [RAMS] Tier switch: SMALL → NANO  (R=0.535)
22:44:10  INFO     [RAMS] Tier switch: NANO → SMALL  (R=0.617)
22:44:11  INFO       [safety / moderate] 60/200  tier=SMALL   latency=22.1 ms  R=0.539  target=0.50  dets=5  vru=False  backend=ultralytics
22:44:12  INFO       [safety / moderate] 80/200  tier=SMALL   latency=21.4 ms  R=0.571  target=0.50  dets=5  vru=False  backend=ultralytics
22:44:12  INFO       [safety / moderate] 100/200  tier=SMALL   latency=22.2 ms  R=0.553  target=0.50  dets=10  vru=False  backend=ultralytics
22:44:13  INFO       [safety / moderate] 120/200  tier=SMALL   latency=19.5 ms  R=0.538  target=0.50  dets=0  vru=False  backend=ultralytics
22:44:14  INFO       [safety / moderate] 140/200  tier=SMALL   latency=20.1 ms  R=0.535  target=0.50  dets=1  vru=False  backend=ultralytics
22:44:14  INFO       [safety / moderate] 160/200  tier=SMALL   latency=22.4 ms  R=0.566  target=0.50  dets=1  vru=False  backend=ultralytics
22:44:15  INFO       [safety / moderate] 180/200  tier=SMALL   latency=22.0 ms  R=0.538  target=0.50  dets=4  vru=False  backend=ultralytics
22:44:16  INFO       [safety / moderate] 200/200  tier=SMALL   latency=22.4 ms  R=0.496  target=0.50  dets=13  vru=True  backend=ultralytics
22:44:16  INFO     [RAMS] Controller stopped.
22:44:16  INFO     
--- Block 8/10  Policy: threshold  Load: moderate (50%) ---
22:44:16  INFO     [RAMS] Starting resource monitor ...
22:44:16  INFO     [RAMS] Loading model tiers ...
22:44:16  INFO     [RAMS] YOLOv8-nano ready — Ultralytics (imgsz=320).
22:44:17  INFO     [RAMS] YOLOv8-small ready — Ultralytics (imgsz=416).
22:44:18  INFO     [RAMS] YOLOv8-medium ready — Ultralytics (imgsz=640).
22:44:18  INFO     [RAMS] Controller ready. Policy: threshold
22:44:19  INFO     [RAMS] Tier switch: SMALL → NANO  (R=0.508)
22:44:19  INFO       [threshold / moderate] 20/200  tier=NANO    latency=17.6 ms  R=0.480  target=0.50  dets=0  vru=False  backend=ultralytics
22:44:19  INFO     [RAMS] Tier switch: NANO → SMALL  (R=0.480)
22:44:20  INFO     [RAMS] Tier switch: SMALL → NANO  (R=0.563)
22:44:20  INFO     [RAMS] Tier switch: NANO → SMALL  (R=0.497)
22:44:20  INFO       [threshold / moderate] 40/200  tier=SMALL   latency=21.8 ms  R=0.497  target=0.50  dets=5  vru=False  backend=ultralytics
22:44:20  INFO     [RAMS] Tier switch: SMALL → NANO  (R=0.509)
22:44:20  INFO     [RAMS] Tier switch: NANO → SMALL  (R=0.485)
22:44:20  INFO       [threshold / moderate] 60/200  tier=SMALL   latency=21.1 ms  R=0.481  target=0.50  dets=5  vru=False  backend=ultralytics
22:44:21  INFO     [RAMS] Tier switch: SMALL → NANO  (R=0.554)
22:44:21  INFO     [RAMS] Tier switch: NANO → SMALL  (R=0.492)
22:44:21  INFO     [RAMS] Tier switch: SMALL → NANO  (R=0.508)
22:44:21  INFO     [RAMS] Tier switch: NANO → SMALL  (R=0.494)
22:44:21  INFO       [threshold / moderate] 80/200  tier=SMALL   latency=20.6 ms  R=0.501  target=0.50  dets=5  vru=False  backend=ultralytics
22:44:21  INFO     [RAMS] Tier switch: SMALL → NANO  (R=0.502)
22:44:21  INFO     [RAMS] Tier switch: NANO → SMALL  (R=0.495)
22:44:22  INFO     [RAMS] Tier switch: SMALL → NANO  (R=0.556)
22:44:22  INFO       [threshold / moderate] 100/200  tier=NANO    latency=21.6 ms  R=0.503  target=0.50  dets=7  vru=False  backend=ultralytics
22:44:22  INFO     [RAMS] Tier switch: NANO → SMALL  (R=0.479)
22:44:22  INFO     [RAMS] Tier switch: SMALL → NANO  (R=0.503)
22:44:22  INFO       [threshold / moderate] 120/200  tier=NANO    latency=18.5 ms  R=0.496  target=0.50  dets=0  vru=False  backend=ultralytics
22:44:22  INFO     [RAMS] Tier switch: NANO → SMALL  (R=0.496)
22:44:23  INFO     [RAMS] Tier switch: SMALL → NANO  (R=0.552)
22:44:23  INFO     [RAMS] Tier switch: NANO → SMALL  (R=0.479)
22:44:23  INFO     [RAMS] Tier switch: SMALL → NANO  (R=0.505)
22:44:23  INFO     [RAMS] Tier switch: NANO → SMALL  (R=0.487)
22:44:23  INFO       [threshold / moderate] 140/200  tier=SMALL   latency=19.8 ms  R=0.488  target=0.50  dets=1  vru=False  backend=ultralytics
22:44:24  INFO     [RAMS] Tier switch: SMALL → NANO  (R=0.569)
22:44:24  INFO     [RAMS] Tier switch: NANO → SMALL  (R=0.496)
22:44:24  INFO       [threshold / moderate] 160/200  tier=SMALL   latency=19.8 ms  R=0.501  target=0.50  dets=1  vru=False  backend=ultralytics
22:44:24  INFO     [RAMS] Tier switch: SMALL → NANO  (R=0.501)
22:44:24  INFO     [RAMS] Tier switch: NANO → SMALL  (R=0.490)
22:44:24  INFO     [RAMS] Tier switch: SMALL → NANO  (R=0.502)
22:44:24  INFO     [RAMS] Tier switch: NANO → SMALL  (R=0.486)
22:44:24  INFO       [threshold / moderate] 180/200  tier=SMALL   latency=21.0 ms  R=0.480  target=0.50  dets=4  vru=False  backend=ultralytics
22:44:25  INFO     [RAMS] Tier switch: SMALL → NANO  (R=0.597)
22:44:25  INFO     [RAMS] Tier switch: NANO → SMALL  (R=0.492)
22:44:25  INFO       [threshold / moderate] 200/200  tier=SMALL   latency=22.6 ms  R=0.478  target=0.50  dets=13  vru=True  backend=ultralytics
22:44:25  INFO     [RAMS] Controller stopped.
22:44:25  INFO     
--- Block 8/10  Policy: safety2  Load: moderate (50%) ---
22:44:25  INFO     [RAMS] Starting resource monitor ...
22:44:25  INFO     [RAMS] Loading model tiers ...
22:44:25  INFO     [RAMS] YOLOv8-nano ready — Ultralytics (imgsz=320).
22:44:26  INFO     [RAMS] YOLOv8-small ready — Ultralytics (imgsz=416).
22:44:27  INFO     [RAMS] YOLOv8-medium ready — Ultralytics (imgsz=640).
22:44:27  INFO     [RAMS] Controller ready. Policy: safety2
22:44:28  INFO     [RAMS] Tier switch: SMALL → MEDIUM  (R=0.484)
22:44:28  INFO       [safety2 / moderate] 20/200  tier=MEDIUM  latency=25.9 ms  R=0.517  target=0.50  dets=4  vru=True  backend=ultralytics
22:44:28  INFO     [RAMS] Tier switch: MEDIUM → SMALL  (R=0.482)
22:44:29  INFO       [safety2 / moderate] 40/200  tier=SMALL   latency=20.6 ms  R=0.516  target=0.50  dets=5  vru=False  backend=ultralytics
22:44:29  INFO     [RAMS] Tier switch: SMALL → NANO  (R=0.516)
22:44:29  INFO     [RAMS] Tier switch: NANO → SMALL  (R=0.495)
22:44:29  INFO     [RAMS] Tier switch: SMALL → MEDIUM  (R=0.493)
22:44:30  INFO       [safety2 / moderate] 60/200  tier=MEDIUM  latency=27.3 ms  R=0.475  target=0.50  dets=11  vru=True  backend=ultralytics
22:44:30  INFO     [RAMS] Tier switch: MEDIUM → NANO  (R=0.653)
22:44:31  INFO       [safety2 / moderate] 80/200  tier=NANO    latency=20.9 ms  R=0.572  target=0.50  dets=5  vru=False  backend=ultralytics
22:44:31  INFO     [RAMS] Tier switch: NANO → MEDIUM  (R=0.570)
22:44:31  INFO       [safety2 / moderate] 100/200  tier=MEDIUM  latency=29.4 ms  R=0.573  target=0.50  dets=10  vru=False  backend=ultralytics
22:44:32  INFO     [RAMS] Tier switch: MEDIUM → SMALL  (R=0.551)
22:44:32  INFO     [RAMS] Tier switch: SMALL → MEDIUM  (R=0.558)
22:44:32  INFO       [safety2 / moderate] 120/200  tier=MEDIUM  latency=27.9 ms  R=0.566  target=0.50  dets=3  vru=False  backend=ultralytics
22:44:32  INFO     [RAMS] Tier switch: MEDIUM → NANO  (R=0.569)
22:44:33  INFO     [RAMS] Tier switch: NANO → MEDIUM  (R=0.590)
22:44:33  INFO       [safety2 / moderate] 140/200  tier=MEDIUM  latency=26.8 ms  R=0.617  target=0.50  dets=1  vru=False  backend=ultralytics
22:44:34  INFO     [RAMS] Tier switch: MEDIUM → NANO  (R=0.567)
22:44:34  INFO       [safety2 / moderate] 160/200  tier=NANO    latency=21.2 ms  R=0.567  target=0.50  dets=1  vru=False  backend=ultralytics
22:44:34  INFO     [RAMS] Tier switch: NANO → MEDIUM  (R=0.549)
22:44:35  INFO       [safety2 / moderate] 180/200  tier=MEDIUM  latency=26.3 ms  R=0.675  target=0.50  dets=5  vru=False  backend=ultralytics
22:44:35  INFO     [RAMS] Tier switch: MEDIUM → SMALL  (R=0.568)
22:44:35  INFO     [RAMS] Tier switch: SMALL → MEDIUM  (R=0.624)
22:44:35  INFO       [safety2 / moderate] 200/200  tier=MEDIUM  latency=29.4 ms  R=0.624  target=0.50  dets=16  vru=False  backend=ultralytics
22:44:36  INFO     [RAMS] Controller stopped.
22:44:36  INFO     
--- Block 8/10  Policy: fixed_nano  Load: moderate (50%) ---
22:44:36  INFO     [RAMS] Starting resource monitor ...
22:44:36  INFO     [RAMS] Loading model tiers ...
22:44:36  INFO     [RAMS] YOLOv8-nano ready — Ultralytics (imgsz=320).
22:44:36  INFO     [RAMS] YOLOv8-small ready — Ultralytics (imgsz=416).
22:44:37  INFO     [RAMS] YOLOv8-medium ready — Ultralytics (imgsz=640).
22:44:37  INFO     [RAMS] Controller ready. Policy: fixed
22:44:38  INFO     [RAMS] Tier switch: SMALL → NANO  (R=0.423)
22:44:39  INFO       [fixed_nano / moderate] 20/200  tier=NANO    latency=17.7 ms  R=0.551  target=0.50  dets=0  vru=False  backend=ultralytics
22:44:39  INFO       [fixed_nano / moderate] 40/200  tier=NANO    latency=20.1 ms  R=0.490  target=0.50  dets=3  vru=False  backend=ultralytics
22:44:40  INFO       [fixed_nano / moderate] 60/200  tier=NANO    latency=19.3 ms  R=0.475  target=0.50  dets=2  vru=False  backend=ultralytics
22:44:41  INFO       [fixed_nano / moderate] 80/200  tier=NANO    latency=21.6 ms  R=0.491  target=0.50  dets=5  vru=False  backend=ultralytics
22:44:41  INFO       [fixed_nano / moderate] 100/200  tier=NANO    latency=20.6 ms  R=0.502  target=0.50  dets=7  vru=False  backend=ultralytics
22:44:42  INFO       [fixed_nano / moderate] 120/200  tier=NANO    latency=19.0 ms  R=0.495  target=0.50  dets=0  vru=False  backend=ultralytics
22:44:42  INFO       [fixed_nano / moderate] 140/200  tier=NANO    latency=20.5 ms  R=0.503  target=0.50  dets=1  vru=False  backend=ultralytics
22:44:43  INFO       [fixed_nano / moderate] 160/200  tier=NANO    latency=19.1 ms  R=0.491  target=0.50  dets=1  vru=False  backend=ultralytics
22:44:44  INFO       [fixed_nano / moderate] 180/200  tier=NANO    latency=19.1 ms  R=0.488  target=0.50  dets=1  vru=False  backend=ultralytics
22:44:44  INFO       [fixed_nano / moderate] 200/200  tier=NANO    latency=21.7 ms  R=0.484  target=0.50  dets=12  vru=False  backend=ultralytics
22:44:45  INFO     [RAMS] Controller stopped.
22:44:45  INFO     
--- Block 8/10  Policy: fixed_medium  Load: moderate (50%) ---
22:44:45  INFO     [RAMS] Starting resource monitor ...
22:44:45  INFO     [RAMS] Loading model tiers ...
22:44:45  INFO     [RAMS] YOLOv8-nano ready — Ultralytics (imgsz=320).
22:44:45  INFO     [RAMS] YOLOv8-small ready — Ultralytics (imgsz=416).
22:44:46  INFO     [RAMS] YOLOv8-medium ready — Ultralytics (imgsz=640).
22:44:46  INFO     [RAMS] Controller ready. Policy: fixed
22:44:47  INFO     [RAMS] Tier switch: SMALL → MEDIUM  (R=0.420)
22:44:48  INFO       [fixed_medium / moderate] 20/200  tier=MEDIUM  latency=25.7 ms  R=0.474  target=0.50  dets=4  vru=True  backend=ultralytics
22:44:49  INFO       [fixed_medium / moderate] 40/200  tier=MEDIUM  latency=30.1 ms  R=0.505  target=0.50  dets=8  vru=False  backend=ultralytics
22:44:49  INFO       [fixed_medium / moderate] 60/200  tier=MEDIUM  latency=27.3 ms  R=0.578  target=0.50  dets=11  vru=True  backend=ultralytics
22:44:50  INFO       [fixed_medium / moderate] 80/200  tier=MEDIUM  latency=26.0 ms  R=0.550  target=0.50  dets=6  vru=False  backend=ultralytics
22:44:51  INFO       [fixed_medium / moderate] 100/200  tier=MEDIUM  latency=26.9 ms  R=0.566  target=0.50  dets=10  vru=False  backend=ultralytics
22:44:52  INFO       [fixed_medium / moderate] 120/200  tier=MEDIUM  latency=25.5 ms  R=0.558  target=0.50  dets=3  vru=False  backend=ultralytics
22:44:53  INFO       [fixed_medium / moderate] 140/200  tier=MEDIUM  latency=27.3 ms  R=0.629  target=0.50  dets=1  vru=False  backend=ultralytics
22:44:53  INFO       [fixed_medium / moderate] 160/200  tier=MEDIUM  latency=27.0 ms  R=0.541  target=0.50  dets=6  vru=False  backend=ultralytics
22:44:54  INFO       [fixed_medium / moderate] 180/200  tier=MEDIUM  latency=28.3 ms  R=0.605  target=0.50  dets=5  vru=False  backend=ultralytics
22:44:55  INFO       [fixed_medium / moderate] 200/200  tier=MEDIUM  latency=30.7 ms  R=0.645  target=0.50  dets=16  vru=False  backend=ultralytics
22:44:55  INFO     [RAMS] Controller stopped.
22:44:55  INFO     
--- Block 8/10  Policy: predictive  Load: moderate (50%) ---
22:44:55  INFO     [RAMS] Starting resource monitor ...
22:44:55  INFO     [RAMS] Loading model tiers ...
22:44:55  INFO     [RAMS] YOLOv8-nano ready — Ultralytics (imgsz=320).
22:44:56  INFO     [RAMS] YOLOv8-small ready — Ultralytics (imgsz=416).
22:44:56  INFO     [RAMS] YOLOv8-medium ready — Ultralytics (imgsz=640).
22:44:56  INFO     [RAMS] Controller ready. Policy: predictive
22:44:58  INFO     [RAMS] Tier switch: SMALL → NANO  (R=0.639)
22:44:58  INFO       [predictive / moderate] 20/200  tier=NANO    latency=18.1 ms  R=0.550  target=0.50  dets=0  vru=False  backend=ultralytics
22:44:58  INFO     [RAMS] Tier switch: NANO → SMALL  (R=0.477)
22:44:59  INFO     [RAMS] Tier switch: SMALL → NANO  (R=0.507)
22:44:59  INFO       [predictive / moderate] 40/200  tier=NANO    latency=20.5 ms  R=0.489  target=0.50  dets=3  vru=False  backend=ultralytics
22:44:59  INFO     [RAMS] Tier switch: NANO → SMALL  (R=0.476)
22:44:59  INFO     [RAMS] Tier switch: SMALL → NANO  (R=0.508)
22:44:59  INFO     [RAMS] Tier switch: NANO → SMALL  (R=0.480)
22:44:59  INFO       [predictive / moderate] 60/200  tier=SMALL   latency=20.7 ms  R=0.495  target=0.50  dets=5  vru=False  backend=ultralytics
22:44:59  INFO     [RAMS] Tier switch: SMALL → NANO  (R=0.510)
22:45:00  INFO     [RAMS] Tier switch: NANO → SMALL  (R=0.474)
22:45:00  INFO       [predictive / moderate] 80/200  tier=SMALL   latency=21.4 ms  R=0.500  target=0.50  dets=5  vru=False  backend=ultralytics
22:45:00  INFO     [RAMS] Tier switch: SMALL → NANO  (R=0.510)
22:45:01  INFO       [predictive / moderate] 100/200  tier=NANO    latency=20.4 ms  R=0.495  target=0.50  dets=7  vru=False  backend=ultralytics
22:45:01  INFO     [RAMS] Tier switch: NANO → SMALL  (R=0.480)
22:45:01  INFO     [RAMS] Tier switch: SMALL → NANO  (R=0.516)
22:45:01  INFO     [RAMS] Tier switch: NANO → SMALL  (R=0.489)
22:45:01  INFO     [RAMS] Tier switch: SMALL → NANO  (R=0.510)
22:45:01  INFO     [RAMS] Tier switch: NANO → SMALL  (R=0.477)
22:45:01  INFO       [predictive / moderate] 120/200  tier=SMALL   latency=18.3 ms  R=0.477  target=0.50  dets=0  vru=False  backend=ultralytics
22:45:02  INFO     [RAMS] Tier switch: SMALL → NANO  (R=0.572)
22:45:02  INFO     [RAMS] Tier switch: NANO → SMALL  (R=0.481)
22:45:02  INFO       [predictive / moderate] 140/200  tier=SMALL   latency=19.7 ms  R=0.484  target=0.50  dets=1  vru=False  backend=ultralytics
22:45:02  INFO     [RAMS] Tier switch: SMALL → NANO  (R=0.547)
22:45:02  INFO     [RAMS] Tier switch: NANO → SMALL  (R=0.481)
22:45:03  INFO     [RAMS] Tier switch: SMALL → NANO  (R=0.575)
22:45:03  INFO       [predictive / moderate] 160/200  tier=NANO    latency=19.1 ms  R=0.485  target=0.50  dets=1  vru=False  backend=ultralytics
22:45:03  INFO     [RAMS] Tier switch: NANO → SMALL  (R=0.479)
22:45:03  INFO     [RAMS] Tier switch: SMALL → NANO  (R=0.508)
22:45:03  INFO     [RAMS] Tier switch: NANO → SMALL  (R=0.479)
22:45:03  INFO     [RAMS] Tier switch: SMALL → NANO  (R=0.514)
22:45:03  INFO       [predictive / moderate] 180/200  tier=NANO    latency=19.1 ms  R=0.514  target=0.50  dets=1  vru=False  backend=ultralytics
22:45:03  INFO     [RAMS] Tier switch: NANO → SMALL  (R=0.484)
22:45:04  INFO     [RAMS] Tier switch: SMALL → NANO  (R=0.559)
22:45:04  INFO     [RAMS] Tier switch: NANO → SMALL  (R=0.490)
22:45:04  INFO       [predictive / moderate] 200/200  tier=SMALL   latency=22.3 ms  R=0.481  target=0.50  dets=13  vru=True  backend=ultralytics
22:45:04  INFO     [RAMS] Controller stopped.
22:45:04  INFO     
--- Block 8/10  Policy: adaptive  Load: moderate (50%) ---
22:45:04  INFO     [RAMS] Starting resource monitor ...
22:45:04  INFO     [RAMS] Loading model tiers ...
22:45:04  INFO     [RAMS] YOLOv8-nano ready — Ultralytics (imgsz=320).
22:45:05  INFO     [RAMS] YOLOv8-small ready — Ultralytics (imgsz=416).
22:45:06  INFO     [RAMS] YOLOv8-medium ready — Ultralytics (imgsz=640).
22:45:06  INFO     [RAMS] Controller ready. Policy: adaptive
22:45:07  INFO       [adaptive / moderate] 20/200  tier=SMALL   latency=20.1 ms  R=0.479  target=0.50  dets=2  vru=False  backend=ultralytics
22:45:08  INFO     [RAMS] Tier switch: SMALL → NANO  (R=0.545)
22:45:08  INFO     [RAMS] Tier switch: NANO → SMALL  (R=0.477)
22:45:08  INFO     [RAMS] Tier switch: SMALL → NANO  (R=0.516)
22:45:08  INFO       [adaptive / moderate] 40/200  tier=NANO    latency=19.5 ms  R=0.498  target=0.50  dets=3  vru=False  backend=ultralytics
22:45:08  INFO     [RAMS] Tier switch: NANO → SMALL  (R=0.493)
22:45:09  INFO     [RAMS] Tier switch: SMALL → NANO  (R=0.575)
22:45:09  INFO       [adaptive / moderate] 60/200  tier=NANO    latency=19.3 ms  R=0.487  target=0.50  dets=2  vru=False  backend=ultralytics
22:45:09  INFO     [RAMS] Tier switch: NANO → SMALL  (R=0.481)
22:45:09  INFO     [RAMS] Tier switch: SMALL → NANO  (R=0.514)
22:45:09  INFO     [RAMS] Tier switch: NANO → SMALL  (R=0.490)
22:45:09  INFO       [adaptive / moderate] 80/200  tier=SMALL   latency=21.6 ms  R=0.490  target=0.50  dets=5  vru=False  backend=ultralytics
22:45:10  INFO     [RAMS] Tier switch: SMALL → NANO  (R=0.585)
22:45:10  INFO     [RAMS] Tier switch: NANO → SMALL  (R=0.484)
22:45:10  INFO     [RAMS] Tier switch: SMALL → NANO  (R=0.522)
22:45:10  INFO       [adaptive / moderate] 100/200  tier=NANO    latency=20.3 ms  R=0.522  target=0.50  dets=7  vru=False  backend=ultralytics
22:45:10  INFO     [RAMS] Tier switch: NANO → SMALL  (R=0.481)
22:45:11  INFO     [RAMS] Tier switch: SMALL → NANO  (R=0.552)
22:45:11  INFO     [RAMS] Tier switch: NANO → SMALL  (R=0.475)
22:45:11  INFO       [adaptive / moderate] 120/200  tier=SMALL   latency=18.2 ms  R=0.477  target=0.50  dets=0  vru=False  backend=ultralytics
22:45:11  INFO     [RAMS] Tier switch: SMALL → NANO  (R=0.514)
22:45:11  INFO     [RAMS] Tier switch: NANO → SMALL  (R=0.485)
22:45:11  INFO     [RAMS] Tier switch: SMALL → NANO  (R=0.508)
22:45:11  INFO       [adaptive / moderate] 140/200  tier=NANO    latency=19.1 ms  R=0.503  target=0.50  dets=1  vru=False  backend=ultralytics
22:45:11  INFO     [RAMS] Tier switch: NANO → SMALL  (R=0.471)
22:45:12  INFO     [RAMS] Tier switch: SMALL → NANO  (R=0.597)
22:45:12  INFO     [RAMS] Tier switch: NANO → SMALL  (R=0.482)
22:45:12  INFO       [adaptive / moderate] 160/200  tier=SMALL   latency=19.7 ms  R=0.506  target=0.50  dets=1  vru=False  backend=ultralytics
22:45:12  INFO     [RAMS] Tier switch: SMALL → NANO  (R=0.506)
22:45:12  INFO     [RAMS] Tier switch: NANO → SMALL  (R=0.486)
22:45:13  INFO     [RAMS] Tier switch: SMALL → NANO  (R=0.576)
22:45:13  INFO       [adaptive / moderate] 180/200  tier=NANO    latency=22.4 ms  R=0.493  target=0.50  dets=1  vru=False  backend=ultralytics
22:45:13  INFO     [RAMS] Tier switch: NANO → SMALL  (R=0.477)
22:45:13  INFO     [RAMS] Tier switch: SMALL → NANO  (R=0.508)
22:45:13  INFO     [RAMS] Tier switch: NANO → SMALL  (R=0.477)
22:45:13  INFO       [adaptive / moderate] 200/200  tier=SMALL   latency=23.5 ms  R=0.496  target=0.50  dets=13  vru=True  backend=ultralytics
22:45:14  INFO     [RAMS] Controller stopped.
22:45:14  INFO     
--- Block 9/10  Policy: fixed_medium  Load: moderate (50%) ---
22:45:14  INFO     [RAMS] Starting resource monitor ...
22:45:14  INFO     [RAMS] Loading model tiers ...
22:45:14  INFO     [RAMS] YOLOv8-nano ready — Ultralytics (imgsz=320).
22:45:14  INFO     [RAMS] YOLOv8-small ready — Ultralytics (imgsz=416).
22:45:15  INFO     [RAMS] YOLOv8-medium ready — Ultralytics (imgsz=640).
22:45:15  INFO     [RAMS] Controller ready. Policy: fixed
22:45:16  INFO     [RAMS] Tier switch: SMALL → MEDIUM  (R=0.486)
22:45:17  INFO       [fixed_medium / moderate] 20/200  tier=MEDIUM  latency=28.1 ms  R=0.624  target=0.50  dets=5  vru=False  backend=ultralytics
22:45:18  INFO       [fixed_medium / moderate] 40/200  tier=MEDIUM  latency=28.6 ms  R=0.570  target=0.50  dets=14  vru=False  backend=ultralytics
22:45:19  INFO       [fixed_medium / moderate] 60/200  tier=MEDIUM  latency=29.1 ms  R=0.567  target=0.50  dets=6  vru=False  backend=ultralytics
22:45:19  INFO       [fixed_medium / moderate] 80/200  tier=MEDIUM  latency=26.3 ms  R=0.570  target=0.50  dets=3  vru=False  backend=ultralytics
22:45:20  INFO       [fixed_medium / moderate] 100/200  tier=MEDIUM  latency=28.1 ms  R=0.530  target=0.50  dets=12  vru=False  backend=ultralytics
22:45:21  INFO       [fixed_medium / moderate] 120/200  tier=MEDIUM  latency=29.0 ms  R=0.551  target=0.50  dets=19  vru=False  backend=ultralytics
22:45:22  INFO       [fixed_medium / moderate] 140/200  tier=MEDIUM  latency=27.5 ms  R=0.484  target=0.50  dets=12  vru=False  backend=ultralytics
22:45:23  INFO       [fixed_medium / moderate] 160/200  tier=MEDIUM  latency=28.3 ms  R=0.472  target=0.50  dets=8  vru=False  backend=ultralytics
22:45:23  INFO       [fixed_medium / moderate] 180/200  tier=MEDIUM  latency=26.6 ms  R=0.535  target=0.50  dets=8  vru=False  backend=ultralytics
22:45:24  INFO       [fixed_medium / moderate] 200/200  tier=MEDIUM  latency=25.5 ms  R=0.526  target=0.50  dets=2  vru=False  backend=ultralytics
22:45:24  INFO     [RAMS] Controller stopped.
22:45:24  INFO     
--- Block 9/10  Policy: adaptive  Load: moderate (50%) ---
22:45:24  INFO     [RAMS] Starting resource monitor ...
22:45:24  INFO     [RAMS] Loading model tiers ...
22:45:25  INFO     [RAMS] YOLOv8-nano ready — Ultralytics (imgsz=320).
22:45:25  INFO     [RAMS] YOLOv8-small ready — Ultralytics (imgsz=416).
22:45:26  INFO     [RAMS] YOLOv8-medium ready — Ultralytics (imgsz=640).
22:45:26  INFO     [RAMS] Controller ready. Policy: adaptive
22:45:27  INFO     [RAMS] Tier switch: SMALL → NANO  (R=0.506)
22:45:27  INFO       [adaptive / moderate] 20/200  tier=NANO    latency=19.9 ms  R=0.498  target=0.50  dets=4  vru=False  backend=ultralytics
22:45:27  INFO     [RAMS] Tier switch: NANO → SMALL  (R=0.484)
22:45:28  INFO     [RAMS] Tier switch: SMALL → NANO  (R=0.553)
22:45:28  INFO     [RAMS] Tier switch: NANO → SMALL  (R=0.488)
22:45:28  INFO       [adaptive / moderate] 40/200  tier=SMALL   latency=20.7 ms  R=0.496  target=0.50  dets=5  vru=False  backend=ultralytics
22:45:29  INFO     [RAMS] Tier switch: SMALL → NANO  (R=0.587)
22:45:29  INFO       [adaptive / moderate] 60/200  tier=NANO    latency=17.7 ms  R=0.588  target=0.50  dets=0  vru=False  backend=ultralytics
22:45:29  INFO     [RAMS] Tier switch: NANO → SMALL  (R=0.482)
22:45:29  INFO       [adaptive / moderate] 80/200  tier=SMALL   latency=20.1 ms  R=0.501  target=0.50  dets=2  vru=False  backend=ultralytics
22:45:30  INFO     [RAMS] Tier switch: SMALL → NANO  (R=0.593)
22:45:30  INFO     [RAMS] Tier switch: NANO → SMALL  (R=0.477)
22:45:30  INFO       [adaptive / moderate] 100/200  tier=SMALL   latency=22.3 ms  R=0.477  target=0.50  dets=7  vru=False  backend=ultralytics
22:45:30  INFO     [RAMS] Tier switch: SMALL → NANO  (R=0.516)
22:45:30  INFO     [RAMS] Tier switch: NANO → SMALL  (R=0.480)
22:45:31  INFO     [RAMS] Tier switch: SMALL → NANO  (R=0.566)
22:45:31  INFO       [adaptive / moderate] 120/200  tier=NANO    latency=22.0 ms  R=0.566  target=0.50  dets=14  vru=False  backend=ultralytics
22:45:31  INFO     [RAMS] Tier switch: NANO → SMALL  (R=0.481)
22:45:31  INFO       [adaptive / moderate] 140/200  tier=SMALL   latency=21.0 ms  R=0.495  target=0.50  dets=6  vru=False  backend=ultralytics
22:45:32  INFO     [RAMS] Tier switch: SMALL → NANO  (R=0.540)
22:45:32  INFO     [RAMS] Tier switch: NANO → SMALL  (R=0.480)
22:45:32  INFO     [RAMS] Tier switch: SMALL → NANO  (R=0.508)
22:45:32  INFO       [adaptive / moderate] 160/200  tier=NANO    latency=20.8 ms  R=0.508  target=0.50  dets=3  vru=False  backend=ultralytics
22:45:32  INFO     [RAMS] Tier switch: NANO → SMALL  (R=0.478)
22:45:32  INFO     [RAMS] Tier switch: SMALL → NANO  (R=0.516)
22:45:33  INFO       [adaptive / moderate] 180/200  tier=NANO    latency=19.8 ms  R=0.568  target=0.50  dets=4  vru=False  backend=ultralytics
22:45:33  INFO     [RAMS] Tier switch: NANO → SMALL  (R=0.473)
22:45:33  INFO       [adaptive / moderate] 200/200  tier=SMALL   latency=20.2 ms  R=0.492  target=0.50  dets=2  vru=False  backend=ultralytics
22:45:33  INFO     [RAMS] Controller stopped.
22:45:34  INFO     
--- Block 9/10  Policy: threshold  Load: moderate (50%) ---
22:45:34  INFO     [RAMS] Starting resource monitor ...
22:45:34  INFO     [RAMS] Loading model tiers ...
22:45:34  INFO     [RAMS] YOLOv8-nano ready — Ultralytics (imgsz=320).
22:45:34  INFO     [RAMS] YOLOv8-small ready — Ultralytics (imgsz=416).
22:45:35  INFO     [RAMS] YOLOv8-medium ready — Ultralytics (imgsz=640).
22:45:35  INFO     [RAMS] Controller ready. Policy: threshold
22:45:36  INFO     [RAMS] Tier switch: SMALL → NANO  (R=0.552)
22:45:37  INFO       [threshold / moderate] 20/200  tier=NANO    latency=21.2 ms  R=0.553  target=0.50  dets=4  vru=False  backend=ultralytics
22:45:37  INFO       [threshold / moderate] 40/200  tier=NANO    latency=20.2 ms  R=0.571  target=0.50  dets=4  vru=False  backend=ultralytics
22:45:38  INFO       [threshold / moderate] 60/200  tier=NANO    latency=20.1 ms  R=0.557  target=0.50  dets=0  vru=False  backend=ultralytics
22:45:39  INFO       [threshold / moderate] 80/200  tier=NANO    latency=21.9 ms  R=0.552  target=0.50  dets=3  vru=False  backend=ultralytics
22:45:39  INFO       [threshold / moderate] 100/200  tier=NANO    latency=21.8 ms  R=0.540  target=0.50  dets=6  vru=False  backend=ultralytics
22:45:40  INFO       [threshold / moderate] 120/200  tier=NANO    latency=23.1 ms  R=0.532  target=0.50  dets=14  vru=False  backend=ultralytics
22:45:41  INFO       [threshold / moderate] 140/200  tier=NANO    latency=22.1 ms  R=0.550  target=0.50  dets=4  vru=False  backend=ultralytics
22:45:41  INFO     [RAMS] Tier switch: NANO → SMALL  (R=0.484)
22:45:41  INFO       [threshold / moderate] 160/200  tier=SMALL   latency=21.0 ms  R=0.492  target=0.50  dets=6  vru=False  backend=ultralytics
22:45:41  INFO     [RAMS] Tier switch: SMALL → NANO  (R=0.504)
22:45:41  INFO     [RAMS] Tier switch: NANO → SMALL  (R=0.498)
22:45:42  INFO     [RAMS] Tier switch: SMALL → NANO  (R=0.570)
22:45:42  INFO     [RAMS] Tier switch: NANO → SMALL  (R=0.476)
22:45:42  INFO       [threshold / moderate] 180/200  tier=SMALL   latency=21.0 ms  R=0.491  target=0.50  dets=6  vru=False  backend=ultralytics
22:45:42  INFO     [RAMS] Tier switch: SMALL → NANO  (R=0.498)
22:45:42  INFO     [RAMS] Tier switch: NANO → SMALL  (R=0.492)
22:45:43  INFO       [threshold / moderate] 200/200  tier=SMALL   latency=21.5 ms  R=0.478  target=0.50  dets=2  vru=False  backend=ultralytics
22:45:43  INFO     [RAMS] Controller stopped.
22:45:43  INFO     
--- Block 9/10  Policy: fixed_nano  Load: moderate (50%) ---
22:45:43  INFO     [RAMS] Starting resource monitor ...
22:45:43  INFO     [RAMS] Loading model tiers ...
22:45:43  INFO     [RAMS] YOLOv8-nano ready — Ultralytics (imgsz=320).
22:45:43  INFO     [RAMS] YOLOv8-small ready — Ultralytics (imgsz=416).
22:45:44  INFO     [RAMS] YOLOv8-medium ready — Ultralytics (imgsz=640).
22:45:44  INFO     [RAMS] Controller ready. Policy: fixed
22:45:45  INFO     [RAMS] Tier switch: SMALL → NANO  (R=0.420)
22:45:46  INFO       [fixed_nano / moderate] 20/200  tier=NANO    latency=19.7 ms  R=0.482  target=0.50  dets=4  vru=False  backend=ultralytics
22:45:46  INFO       [fixed_nano / moderate] 40/200  tier=NANO    latency=19.8 ms  R=0.488  target=0.50  dets=4  vru=False  backend=ultralytics
22:45:47  INFO       [fixed_nano / moderate] 60/200  tier=NANO    latency=17.6 ms  R=0.481  target=0.50  dets=0  vru=False  backend=ultralytics
22:45:48  INFO       [fixed_nano / moderate] 80/200  tier=NANO    latency=19.6 ms  R=0.555  target=0.50  dets=3  vru=False  backend=ultralytics
22:45:48  INFO       [fixed_nano / moderate] 100/200  tier=NANO    latency=20.2 ms  R=0.490  target=0.50  dets=6  vru=False  backend=ultralytics
22:45:49  INFO       [fixed_nano / moderate] 120/200  tier=NANO    latency=22.0 ms  R=0.475  target=0.50  dets=14  vru=False  backend=ultralytics
22:45:50  INFO       [fixed_nano / moderate] 140/200  tier=NANO    latency=19.8 ms  R=0.567  target=0.50  dets=4  vru=False  backend=ultralytics
22:45:50  INFO       [fixed_nano / moderate] 160/200  tier=NANO    latency=19.5 ms  R=0.477  target=0.50  dets=3  vru=False  backend=ultralytics
22:45:51  INFO       [fixed_nano / moderate] 180/200  tier=NANO    latency=20.8 ms  R=0.477  target=0.50  dets=4  vru=False  backend=ultralytics
22:45:52  INFO       [fixed_nano / moderate] 200/200  tier=NANO    latency=20.4 ms  R=0.487  target=0.50  dets=1  vru=False  backend=ultralytics
22:45:52  INFO     [RAMS] Controller stopped.
22:45:52  INFO     
--- Block 9/10  Policy: safety  Load: moderate (50%) ---
22:45:52  INFO     [RAMS] Starting resource monitor ...
22:45:52  INFO     [RAMS] Loading model tiers ...
22:45:52  INFO     [RAMS] YOLOv8-nano ready — Ultralytics (imgsz=320).
22:45:53  INFO     [RAMS] YOLOv8-small ready — Ultralytics (imgsz=416).
22:45:53  INFO     [RAMS] YOLOv8-medium ready — Ultralytics (imgsz=640).
22:45:53  INFO     [RAMS] Controller ready. Policy: safety
22:45:55  INFO       [safety / moderate] 20/200  tier=SMALL   latency=20.6 ms  R=0.478  target=0.50  dets=4  vru=False  backend=ultralytics
22:45:56  INFO       [safety / moderate] 40/200  tier=SMALL   latency=20.9 ms  R=0.549  target=0.50  dets=5  vru=False  backend=ultralytics
22:45:56  INFO       [safety / moderate] 60/200  tier=SMALL   latency=20.6 ms  R=0.530  target=0.50  dets=2  vru=False  backend=ultralytics
22:45:57  INFO       [safety / moderate] 80/200  tier=SMALL   latency=23.1 ms  R=0.523  target=0.50  dets=2  vru=False  backend=ultralytics
22:45:58  INFO       [safety / moderate] 100/200  tier=SMALL   latency=24.9 ms  R=0.639  target=0.50  dets=7  vru=False  backend=ultralytics
22:45:58  INFO       [safety / moderate] 120/200  tier=SMALL   latency=24.3 ms  R=0.558  target=0.50  dets=16  vru=False  backend=ultralytics
22:45:59  INFO       [safety / moderate] 140/200  tier=SMALL   latency=26.7 ms  R=0.584  target=0.50  dets=6  vru=False  backend=ultralytics
22:46:00  INFO       [safety / moderate] 160/200  tier=SMALL   latency=22.7 ms  R=0.567  target=0.50  dets=6  vru=False  backend=ultralytics
22:46:01  INFO       [safety / moderate] 180/200  tier=SMALL   latency=23.8 ms  R=0.550  target=0.50  dets=6  vru=False  backend=ultralytics
22:46:01  INFO       [safety / moderate] 200/200  tier=SMALL   latency=21.1 ms  R=0.575  target=0.50  dets=2  vru=False  backend=ultralytics
22:46:01  INFO     [RAMS] Controller stopped.
22:46:01  INFO     
--- Block 9/10  Policy: predictive  Load: moderate (50%) ---
22:46:01  INFO     [RAMS] Starting resource monitor ...
22:46:02  INFO     [RAMS] Loading model tiers ...
22:46:02  INFO     [RAMS] YOLOv8-nano ready — Ultralytics (imgsz=320).
22:46:02  INFO     [RAMS] YOLOv8-small ready — Ultralytics (imgsz=416).
22:46:03  INFO     [RAMS] YOLOv8-medium ready — Ultralytics (imgsz=640).
22:46:03  INFO     [RAMS] Controller ready. Policy: predictive
22:46:04  INFO     [RAMS] Tier switch: SMALL → NANO  (R=0.506)
22:46:05  INFO       [predictive / moderate] 20/200  tier=NANO    latency=20.5 ms  R=0.544  target=0.50  dets=4  vru=False  backend=ultralytics
22:46:05  INFO     [RAMS] Tier switch: NANO → SMALL  (R=0.475)
22:46:05  INFO       [predictive / moderate] 40/200  tier=SMALL   latency=21.7 ms  R=0.501  target=0.50  dets=5  vru=False  backend=ultralytics
22:46:05  INFO     [RAMS] Tier switch: SMALL → NANO  (R=0.514)
22:46:06  INFO     [RAMS] Tier switch: NANO → SMALL  (R=0.482)
22:46:06  INFO       [predictive / moderate] 60/200  tier=SMALL   latency=20.4 ms  R=0.499  target=0.50  dets=2  vru=False  backend=ultralytics
22:46:06  INFO     [RAMS] Tier switch: SMALL → NANO  (R=0.510)
22:46:06  INFO     [RAMS] Tier switch: NANO → SMALL  (R=0.488)
22:46:06  INFO     [RAMS] Tier switch: SMALL → NANO  (R=0.507)
22:46:07  INFO     [RAMS] Tier switch: NANO → SMALL  (R=0.494)
22:46:07  INFO     [RAMS] Tier switch: SMALL → NANO  (R=0.541)
22:46:07  INFO       [predictive / moderate] 80/200  tier=NANO    latency=20.1 ms  R=0.541  target=0.50  dets=3  vru=False  backend=ultralytics
22:46:07  INFO     [RAMS] Tier switch: NANO → SMALL  (R=0.490)
22:46:07  INFO       [predictive / moderate] 100/200  tier=SMALL   latency=22.2 ms  R=0.500  target=0.50  dets=7  vru=False  backend=ultralytics
22:46:07  INFO     [RAMS] Tier switch: SMALL → NANO  (R=0.508)
22:46:07  INFO     [RAMS] Tier switch: NANO → SMALL  (R=0.487)
22:46:08  INFO     [RAMS] Tier switch: SMALL → NANO  (R=0.538)
22:46:08  INFO       [predictive / moderate] 120/200  tier=NANO    latency=22.0 ms  R=0.490  target=0.50  dets=14  vru=False  backend=ultralytics
22:46:08  INFO     [RAMS] Tier switch: NANO → SMALL  (R=0.490)
22:46:08  INFO     [RAMS] Tier switch: SMALL → NANO  (R=0.502)
22:46:08  INFO     [RAMS] Tier switch: NANO → SMALL  (R=0.480)
22:46:08  INFO     [RAMS] Tier switch: SMALL → NANO  (R=0.510)
22:46:08  INFO     [RAMS] Tier switch: NANO → SMALL  (R=0.486)
22:46:09  INFO       [predictive / moderate] 140/200  tier=SMALL   latency=25.2 ms  R=0.486  target=0.50  dets=6  vru=False  backend=ultralytics
22:46:09  INFO     [RAMS] Tier switch: SMALL → NANO  (R=0.537)
22:46:09  INFO     [RAMS] Tier switch: NANO → SMALL  (R=0.482)
22:46:09  INFO     [RAMS] Tier switch: SMALL → NANO  (R=0.515)
22:46:09  INFO       [predictive / moderate] 160/200  tier=NANO    latency=19.6 ms  R=0.496  target=0.50  dets=3  vru=False  backend=ultralytics
22:46:09  INFO     [RAMS] Tier switch: NANO → SMALL  (R=0.484)
22:46:10  INFO     [RAMS] Tier switch: SMALL → NANO  (R=0.546)
22:46:10  INFO     [RAMS] Tier switch: NANO → SMALL  (R=0.477)
22:46:10  INFO       [predictive / moderate] 180/200  tier=SMALL   latency=21.0 ms  R=0.500  target=0.50  dets=6  vru=False  backend=ultralytics
22:46:10  INFO     [RAMS] Tier switch: SMALL → NANO  (R=0.516)
22:46:10  INFO     [RAMS] Tier switch: NANO → SMALL  (R=0.485)
22:46:11  INFO       [predictive / moderate] 200/200  tier=SMALL   latency=22.4 ms  R=0.490  target=0.50  dets=2  vru=False  backend=ultralytics
22:46:11  INFO     [RAMS] Controller stopped.
22:46:11  INFO     
--- Block 9/10  Policy: fixed_small  Load: moderate (50%) ---
22:46:11  INFO     [RAMS] Starting resource monitor ...
22:46:11  INFO     [RAMS] Loading model tiers ...
22:46:11  INFO     [RAMS] YOLOv8-nano ready — Ultralytics (imgsz=320).
22:46:11  INFO     [RAMS] YOLOv8-small ready — Ultralytics (imgsz=416).
22:46:12  INFO     [RAMS] YOLOv8-medium ready — Ultralytics (imgsz=640).
22:46:12  INFO     [RAMS] Controller ready. Policy: fixed
22:46:14  INFO       [fixed_small / moderate] 20/200  tier=SMALL   latency=20.7 ms  R=0.506  target=0.50  dets=4  vru=False  backend=ultralytics
22:46:14  INFO       [fixed_small / moderate] 40/200  tier=SMALL   latency=20.9 ms  R=0.514  target=0.50  dets=5  vru=False  backend=ultralytics
22:46:15  INFO       [fixed_small / moderate] 60/200  tier=SMALL   latency=20.7 ms  R=0.504  target=0.50  dets=2  vru=False  backend=ultralytics
22:46:16  INFO       [fixed_small / moderate] 80/200  tier=SMALL   latency=20.2 ms  R=0.540  target=0.50  dets=2  vru=False  backend=ultralytics
22:46:16  INFO       [fixed_small / moderate] 100/200  tier=SMALL   latency=21.1 ms  R=0.478  target=0.50  dets=7  vru=False  backend=ultralytics
22:46:17  INFO       [fixed_small / moderate] 120/200  tier=SMALL   latency=23.1 ms  R=0.506  target=0.50  dets=16  vru=False  backend=ultralytics
22:46:18  INFO       [fixed_small / moderate] 140/200  tier=SMALL   latency=21.8 ms  R=0.579  target=0.50  dets=6  vru=False  backend=ultralytics
22:46:18  INFO       [fixed_small / moderate] 160/200  tier=SMALL   latency=21.5 ms  R=0.566  target=0.50  dets=6  vru=False  backend=ultralytics
22:46:19  INFO       [fixed_small / moderate] 180/200  tier=SMALL   latency=21.5 ms  R=0.604  target=0.50  dets=6  vru=False  backend=ultralytics
22:46:20  INFO       [fixed_small / moderate] 200/200  tier=SMALL   latency=20.8 ms  R=0.570  target=0.50  dets=2  vru=False  backend=ultralytics
22:46:20  INFO     [RAMS] Controller stopped.
22:46:20  INFO     
--- Block 9/10  Policy: safety2  Load: moderate (50%) ---
22:46:20  INFO     [RAMS] Starting resource monitor ...
22:46:20  INFO     [RAMS] Loading model tiers ...
22:46:20  INFO     [RAMS] YOLOv8-nano ready — Ultralytics (imgsz=320).
22:46:21  INFO     [RAMS] YOLOv8-small ready — Ultralytics (imgsz=416).
22:46:21  INFO     [RAMS] YOLOv8-medium ready — Ultralytics (imgsz=640).
22:46:21  INFO     [RAMS] Controller ready. Policy: safety2
22:46:23  INFO     [RAMS] Tier switch: SMALL → MEDIUM  (R=0.556)
22:46:23  INFO       [safety2 / moderate] 20/200  tier=MEDIUM  latency=27.6 ms  R=0.566  target=0.50  dets=5  vru=False  backend=ultralytics
22:46:24  INFO     [RAMS] Tier switch: MEDIUM → NANO  (R=0.538)
22:46:24  INFO       [safety2 / moderate] 40/200  tier=NANO    latency=21.1 ms  R=0.538  target=0.50  dets=4  vru=False  backend=ultralytics
22:46:24  INFO     [RAMS] Tier switch: NANO → SMALL  (R=0.477)
22:46:24  INFO     [RAMS] Tier switch: SMALL → NANO  (R=0.507)
22:46:24  INFO     [RAMS] Tier switch: NANO → SMALL  (R=0.491)
22:46:24  INFO     [RAMS] Tier switch: SMALL → MEDIUM  (R=0.486)
22:46:25  INFO       [safety2 / moderate] 60/200  tier=MEDIUM  latency=27.5 ms  R=0.496  target=0.50  dets=6  vru=False  backend=ultralytics
22:46:25  INFO     [RAMS] Tier switch: MEDIUM → SMALL  (R=0.473)
22:46:25  INFO     [RAMS] Tier switch: SMALL → MEDIUM  (R=0.496)
22:46:25  INFO       [safety2 / moderate] 80/200  tier=MEDIUM  latency=25.8 ms  R=0.496  target=0.50  dets=3  vru=False  backend=ultralytics
22:46:26  INFO       [safety2 / moderate] 100/200  tier=MEDIUM  latency=28.4 ms  R=0.478  target=0.50  dets=12  vru=False  backend=ultralytics
22:46:27  INFO       [safety2 / moderate] 120/200  tier=MEDIUM  latency=30.2 ms  R=0.548  target=0.50  dets=19  vru=False  backend=ultralytics
22:46:27  INFO     [RAMS] Tier switch: MEDIUM → NANO  (R=0.570)
22:46:27  INFO     [RAMS] Tier switch: NANO → SMALL  (R=0.488)
22:46:28  INFO     [RAMS] Tier switch: SMALL → MEDIUM  (R=0.508)
22:46:28  INFO       [safety2 / moderate] 140/200  tier=MEDIUM  latency=27.5 ms  R=0.579  target=0.50  dets=12  vru=False  backend=ultralytics
22:46:28  INFO       [safety2 / moderate] 160/200  tier=MEDIUM  latency=27.4 ms  R=0.514  target=0.50  dets=8  vru=False  backend=ultralytics
22:46:29  INFO     [RAMS] Tier switch: MEDIUM → NANO  (R=0.557)
22:46:29  INFO     [RAMS] Tier switch: NANO → SMALL  (R=0.498)
22:46:29  INFO     [RAMS] Tier switch: SMALL → MEDIUM  (R=0.498)
22:46:29  INFO       [safety2 / moderate] 180/200  tier=MEDIUM  latency=26.5 ms  R=0.507  target=0.50  dets=8  vru=False  backend=ultralytics
22:46:30  INFO       [safety2 / moderate] 200/200  tier=MEDIUM  latency=25.4 ms  R=0.491  target=0.50  dets=2  vru=False  backend=ultralytics
22:46:30  INFO     [RAMS] Controller stopped.
22:46:30  INFO     
--- Block 10/10  Policy: threshold  Load: moderate (50%) ---
22:46:30  INFO     [RAMS] Starting resource monitor ...
22:46:30  INFO     [RAMS] Loading model tiers ...
22:46:30  INFO     [RAMS] YOLOv8-nano ready — Ultralytics (imgsz=320).
22:46:31  INFO     [RAMS] YOLOv8-small ready — Ultralytics (imgsz=416).
22:46:31  INFO     [RAMS] YOLOv8-medium ready — Ultralytics (imgsz=640).
22:46:31  INFO     [RAMS] Controller ready. Policy: threshold
22:46:33  INFO     [RAMS] Tier switch: SMALL → NANO  (R=0.550)
22:46:33  INFO     [RAMS] Tier switch: NANO → SMALL  (R=0.488)
22:46:33  INFO     [RAMS] Tier switch: SMALL → NANO  (R=0.507)
22:46:33  INFO       [threshold / moderate] 20/200  tier=NANO    latency=19.9 ms  R=0.502  target=0.50  dets=4  vru=False  backend=ultralytics
22:46:33  INFO     [RAMS] Tier switch: NANO → SMALL  (R=0.483)
22:46:34  INFO     [RAMS] Tier switch: SMALL → NANO  (R=0.498)
22:46:34  INFO       [threshold / moderate] 40/200  tier=NANO    latency=19.5 ms  R=0.496  target=0.50  dets=2  vru=False  backend=ultralytics
22:46:34  INFO     [RAMS] Tier switch: NANO → SMALL  (R=0.496)
22:46:34  INFO     [RAMS] Tier switch: SMALL → NANO  (R=0.504)
22:46:34  INFO     [RAMS] Tier switch: NANO → SMALL  (R=0.478)
22:46:34  INFO     [RAMS] Tier switch: SMALL → NANO  (R=0.509)
22:46:34  INFO       [threshold / moderate] 60/200  tier=NANO    latency=17.4 ms  R=0.484  target=0.50  dets=0  vru=False  backend=ultralytics
22:46:34  INFO     [RAMS] Tier switch: NANO → SMALL  (R=0.484)
22:46:35  INFO     [RAMS] Tier switch: SMALL → NANO  (R=0.562)
22:46:35  INFO     [RAMS] Tier switch: NANO → SMALL  (R=0.482)
22:46:35  INFO     [RAMS] Tier switch: SMALL → NANO  (R=0.512)
22:46:35  INFO       [threshold / moderate] 80/200  tier=NANO    latency=19.6 ms  R=0.504  target=0.50  dets=2  vru=False  backend=ultralytics
22:46:35  INFO     [RAMS] Tier switch: NANO → SMALL  (R=0.497)
22:46:35  INFO     [RAMS] Tier switch: SMALL → NANO  (R=0.506)
22:46:36  INFO     [RAMS] Tier switch: NANO → SMALL  (R=0.476)
22:46:36  INFO     [RAMS] Tier switch: SMALL → NANO  (R=0.558)
22:46:36  INFO       [threshold / moderate] 100/200  tier=NANO    latency=20.4 ms  R=0.558  target=0.50  dets=5  vru=False  backend=ultralytics
22:46:36  INFO     [RAMS] Tier switch: NANO → SMALL  (R=0.490)
22:46:36  INFO     [RAMS] Tier switch: SMALL → NANO  (R=0.505)
22:46:36  INFO     [RAMS] Tier switch: NANO → SMALL  (R=0.498)
22:46:36  INFO       [threshold / moderate] 120/200  tier=SMALL   latency=21.0 ms  R=0.481  target=0.50  dets=7  vru=False  backend=ultralytics
22:46:37  INFO     [RAMS] Tier switch: SMALL → NANO  (R=0.593)
22:46:37  INFO     [RAMS] Tier switch: NANO → SMALL  (R=0.492)
22:46:37  INFO       [threshold / moderate] 140/200  tier=SMALL   latency=21.7 ms  R=0.484  target=0.50  dets=6  vru=False  backend=ultralytics
22:46:37  INFO     [RAMS] Tier switch: SMALL → NANO  (R=0.505)
22:46:37  INFO     [RAMS] Tier switch: NANO → SMALL  (R=0.486)
22:46:38  INFO     [RAMS] Tier switch: SMALL → NANO  (R=0.514)
22:46:38  INFO       [threshold / moderate] 160/200  tier=NANO    latency=20.8 ms  R=0.558  target=0.50  dets=9  vru=False  backend=ultralytics
22:46:38  INFO     [RAMS] Tier switch: NANO → SMALL  (R=0.489)
22:46:38  INFO     [RAMS] Tier switch: SMALL → NANO  (R=0.512)
22:46:38  INFO     [RAMS] Tier switch: NANO → SMALL  (R=0.496)
22:46:38  INFO       [threshold / moderate] 180/200  tier=SMALL   latency=23.2 ms  R=0.478  target=0.50  dets=15  vru=True  backend=ultralytics
22:46:39  INFO     [RAMS] Tier switch: SMALL → NANO  (R=0.508)
22:46:39  INFO     [RAMS] Tier switch: NANO → SMALL  (R=0.489)
22:46:39  INFO       [threshold / moderate] 200/200  tier=SMALL   latency=20.9 ms  R=0.560  target=0.50  dets=2  vru=False  backend=ultralytics
22:46:39  INFO     [RAMS] Controller stopped.
22:46:39  INFO     
--- Block 10/10  Policy: adaptive  Load: moderate (50%) ---
22:46:39  INFO     [RAMS] Starting resource monitor ...
22:46:39  INFO     [RAMS] Loading model tiers ...
22:46:40  INFO     [RAMS] YOLOv8-nano ready — Ultralytics (imgsz=320).
22:46:40  INFO     [RAMS] YOLOv8-small ready — Ultralytics (imgsz=416).
22:46:41  INFO     [RAMS] YOLOv8-medium ready — Ultralytics (imgsz=640).
22:46:41  INFO     [RAMS] Controller ready. Policy: adaptive
22:46:42  INFO     [RAMS] Tier switch: SMALL → NANO  (R=0.545)
22:46:43  INFO       [adaptive / moderate] 20/200  tier=NANO    latency=21.2 ms  R=0.557  target=0.50  dets=4  vru=False  backend=ultralytics
22:46:43  INFO       [adaptive / moderate] 40/200  tier=NANO    latency=20.9 ms  R=0.552  target=0.50  dets=2  vru=False  backend=ultralytics
22:46:44  INFO       [adaptive / moderate] 60/200  tier=NANO    latency=19.1 ms  R=0.557  target=0.50  dets=0  vru=False  backend=ultralytics
22:46:45  INFO       [adaptive / moderate] 80/200  tier=NANO    latency=23.6 ms  R=0.552  target=0.50  dets=2  vru=False  backend=ultralytics
22:46:45  INFO       [adaptive / moderate] 100/200  tier=NANO    latency=20.7 ms  R=0.544  target=0.50  dets=5  vru=False  backend=ultralytics
22:46:46  INFO     [RAMS] Tier switch: NANO → SMALL  (R=0.478)
22:46:46  INFO     [RAMS] Tier switch: SMALL → NANO  (R=0.581)
22:46:46  INFO       [adaptive / moderate] 120/200  tier=NANO    latency=20.3 ms  R=0.502  target=0.50  dets=6  vru=False  backend=ultralytics
22:46:46  INFO     [RAMS] Tier switch: NANO → SMALL  (R=0.484)
22:46:47  INFO       [adaptive / moderate] 140/200  tier=SMALL   latency=21.2 ms  R=0.483  target=0.50  dets=6  vru=False  backend=ultralytics
22:46:47  INFO     [RAMS] Tier switch: SMALL → NANO  (R=0.581)
22:46:47  INFO     [RAMS] Tier switch: NANO → SMALL  (R=0.482)
22:46:47  INFO       [adaptive / moderate] 160/200  tier=SMALL   latency=24.0 ms  R=0.469  target=0.50  dets=13  vru=False  backend=ultralytics
22:46:48  INFO     [RAMS] Tier switch: SMALL → NANO  (R=0.576)
22:46:48  INFO       [adaptive / moderate] 180/200  tier=NANO    latency=20.7 ms  R=0.488  target=0.50  dets=8  vru=False  backend=ultralytics
22:46:48  INFO     [RAMS] Tier switch: NANO → SMALL  (R=0.477)
22:46:48  INFO     [RAMS] Tier switch: SMALL → NANO  (R=0.514)
22:46:48  INFO     [RAMS] Tier switch: NANO → SMALL  (R=0.481)
22:46:49  INFO       [adaptive / moderate] 200/200  tier=SMALL   latency=20.2 ms  R=0.490  target=0.50  dets=2  vru=False  backend=ultralytics
22:46:49  INFO     [RAMS] Controller stopped.
22:46:49  INFO     
--- Block 10/10  Policy: fixed_small  Load: moderate (50%) ---
22:46:49  INFO     [RAMS] Starting resource monitor ...
22:46:49  INFO     [RAMS] Loading model tiers ...
22:46:49  INFO     [RAMS] YOLOv8-nano ready — Ultralytics (imgsz=320).
22:46:49  INFO     [RAMS] YOLOv8-small ready — Ultralytics (imgsz=416).
22:46:50  INFO     [RAMS] YOLOv8-medium ready — Ultralytics (imgsz=640).
22:46:50  INFO     [RAMS] Controller ready. Policy: fixed
22:46:52  INFO       [fixed_small / moderate] 20/200  tier=SMALL   latency=21.4 ms  R=0.504  target=0.50  dets=8  vru=False  backend=ultralytics
22:46:52  INFO       [fixed_small / moderate] 40/200  tier=SMALL   latency=20.4 ms  R=0.508  target=0.50  dets=3  vru=False  backend=ultralytics
22:46:53  INFO       [fixed_small / moderate] 60/200  tier=SMALL   latency=19.3 ms  R=0.512  target=0.50  dets=0  vru=False  backend=ultralytics
22:46:54  INFO       [fixed_small / moderate] 80/200  tier=SMALL   latency=20.4 ms  R=0.493  target=0.50  dets=3  vru=False  backend=ultralytics
22:46:54  INFO       [fixed_small / moderate] 100/200  tier=SMALL   latency=20.8 ms  R=0.484  target=0.50  dets=5  vru=False  backend=ultralytics
22:46:55  INFO       [fixed_small / moderate] 120/200  tier=SMALL   latency=22.1 ms  R=0.510  target=0.50  dets=7  vru=False  backend=ultralytics
22:46:56  INFO       [fixed_small / moderate] 140/200  tier=SMALL   latency=20.9 ms  R=0.497  target=0.50  dets=6  vru=False  backend=ultralytics
22:46:56  INFO       [fixed_small / moderate] 160/200  tier=SMALL   latency=22.4 ms  R=0.480  target=0.50  dets=13  vru=False  backend=ultralytics
22:46:57  INFO       [fixed_small / moderate] 180/200  tier=SMALL   latency=24.3 ms  R=0.511  target=0.50  dets=15  vru=True  backend=ultralytics
22:46:58  INFO       [fixed_small / moderate] 200/200  tier=SMALL   latency=20.0 ms  R=0.496  target=0.50  dets=2  vru=False  backend=ultralytics
22:46:58  INFO     [RAMS] Controller stopped.
22:46:58  INFO     
--- Block 10/10  Policy: fixed_medium  Load: moderate (50%) ---
22:46:58  INFO     [RAMS] Starting resource monitor ...
22:46:58  INFO     [RAMS] Loading model tiers ...
22:46:58  INFO     [RAMS] YOLOv8-nano ready — Ultralytics (imgsz=320).
22:46:59  INFO     [RAMS] YOLOv8-small ready — Ultralytics (imgsz=416).
22:46:59  INFO     [RAMS] YOLOv8-medium ready — Ultralytics (imgsz=640).
22:46:59  INFO     [RAMS] Controller ready. Policy: fixed
22:47:00  INFO     [RAMS] Tier switch: SMALL → MEDIUM  (R=0.423)
22:47:01  INFO       [fixed_medium / moderate] 20/200  tier=MEDIUM  latency=27.8 ms  R=0.575  target=0.50  dets=11  vru=False  backend=ultralytics
22:47:02  INFO       [fixed_medium / moderate] 40/200  tier=MEDIUM  latency=28.7 ms  R=0.539  target=0.50  dets=7  vru=False  backend=ultralytics
22:47:03  INFO       [fixed_medium / moderate] 60/200  tier=MEDIUM  latency=26.8 ms  R=0.639  target=0.50  dets=6  vru=False  backend=ultralytics
22:47:04  INFO       [fixed_medium / moderate] 80/200  tier=MEDIUM  latency=27.8 ms  R=0.676  target=0.50  dets=4  vru=False  backend=ultralytics
22:47:04  INFO       [fixed_medium / moderate] 100/200  tier=MEDIUM  latency=28.7 ms  R=0.607  target=0.50  dets=5  vru=False  backend=ultralytics
22:47:05  INFO       [fixed_medium / moderate] 120/200  tier=MEDIUM  latency=27.4 ms  R=0.737  target=0.50  dets=7  vru=False  backend=ultralytics
22:47:06  INFO       [fixed_medium / moderate] 140/200  tier=MEDIUM  latency=28.3 ms  R=0.622  target=0.50  dets=11  vru=True  backend=ultralytics
22:47:07  INFO       [fixed_medium / moderate] 160/200  tier=MEDIUM  latency=28.0 ms  R=0.577  target=0.50  dets=14  vru=False  backend=ultralytics
22:47:08  INFO       [fixed_medium / moderate] 180/200  tier=MEDIUM  latency=29.0 ms  R=0.604  target=0.50  dets=18  vru=True  backend=ultralytics
22:47:09  INFO       [fixed_medium / moderate] 200/200  tier=MEDIUM  latency=25.4 ms  R=0.576  target=0.50  dets=2  vru=False  backend=ultralytics
22:47:09  INFO     [RAMS] Controller stopped.
22:47:09  INFO     
--- Block 10/10  Policy: fixed_nano  Load: moderate (50%) ---
22:47:09  INFO     [RAMS] Starting resource monitor ...
22:47:09  INFO     [RAMS] Loading model tiers ...
22:47:09  INFO     [RAMS] YOLOv8-nano ready — Ultralytics (imgsz=320).
22:47:09  INFO     [RAMS] YOLOv8-small ready — Ultralytics (imgsz=416).
22:47:10  INFO     [RAMS] YOLOv8-medium ready — Ultralytics (imgsz=640).
22:47:10  INFO     [RAMS] Controller ready. Policy: fixed
22:47:11  INFO     [RAMS] Tier switch: SMALL → NANO  (R=0.420)
22:47:12  INFO       [fixed_nano / moderate] 20/200  tier=NANO    latency=20.1 ms  R=0.569  target=0.50  dets=4  vru=False  backend=ultralytics
22:47:12  INFO       [fixed_nano / moderate] 40/200  tier=NANO    latency=20.4 ms  R=0.489  target=0.50  dets=2  vru=False  backend=ultralytics
22:47:13  INFO       [fixed_nano / moderate] 60/200  tier=NANO    latency=17.6 ms  R=0.491  target=0.50  dets=0  vru=False  backend=ultralytics
22:47:14  INFO       [fixed_nano / moderate] 80/200  tier=NANO    latency=20.4 ms  R=0.490  target=0.50  dets=2  vru=False  backend=ultralytics
22:47:14  INFO       [fixed_nano / moderate] 100/200  tier=NANO    latency=21.0 ms  R=0.512  target=0.50  dets=5  vru=False  backend=ultralytics
22:47:15  INFO       [fixed_nano / moderate] 120/200  tier=NANO    latency=20.3 ms  R=0.475  target=0.50  dets=6  vru=False  backend=ultralytics
22:47:16  INFO       [fixed_nano / moderate] 140/200  tier=NANO    latency=19.6 ms  R=0.486  target=0.50  dets=1  vru=False  backend=ultralytics
22:47:16  INFO       [fixed_nano / moderate] 160/200  tier=NANO    latency=20.8 ms  R=0.502  target=0.50  dets=9  vru=False  backend=ultralytics
22:47:17  INFO       [fixed_nano / moderate] 180/200  tier=NANO    latency=21.6 ms  R=0.489  target=0.50  dets=8  vru=False  backend=ultralytics
22:47:17  INFO       [fixed_nano / moderate] 200/200  tier=NANO    latency=17.6 ms  R=0.482  target=0.50  dets=0  vru=False  backend=ultralytics
22:47:18  INFO     [RAMS] Controller stopped.
22:47:18  INFO     
--- Block 10/10  Policy: safety2  Load: moderate (50%) ---
22:47:18  INFO     [RAMS] Starting resource monitor ...
22:47:18  INFO     [RAMS] Loading model tiers ...
22:47:18  INFO     [RAMS] YOLOv8-nano ready — Ultralytics (imgsz=320).
22:47:18  INFO     [RAMS] YOLOv8-small ready — Ultralytics (imgsz=416).
22:47:19  INFO     [RAMS] YOLOv8-medium ready — Ultralytics (imgsz=640).
22:47:19  INFO     [RAMS] Controller ready. Policy: safety2
22:47:21  INFO       [safety2 / moderate] 20/200  tier=SMALL   latency=21.8 ms  R=0.501  target=0.50  dets=8  vru=False  backend=ultralytics
22:47:21  INFO     [RAMS] Tier switch: SMALL → NANO  (R=0.501)
22:47:21  INFO     [RAMS] Tier switch: NANO → MEDIUM  (R=0.574)
22:47:21  INFO     [RAMS] Tier switch: MEDIUM → NANO  (R=0.542)
22:47:21  INFO       [safety2 / moderate] 40/200  tier=NANO    latency=20.4 ms  R=0.542  target=0.50  dets=2  vru=False  backend=ultralytics
22:47:21  INFO     [RAMS] Tier switch: NANO → SMALL  (R=0.487)
22:47:22  INFO     [RAMS] Tier switch: SMALL → MEDIUM  (R=0.501)
22:47:22  INFO       [safety2 / moderate] 60/200  tier=MEDIUM  latency=26.6 ms  R=0.572  target=0.50  dets=6  vru=False  backend=ultralytics
22:47:22  INFO     [RAMS] Tier switch: MEDIUM → NANO  (R=0.572)
22:47:22  INFO     [RAMS] Tier switch: NANO → SMALL  (R=0.578)
22:47:23  INFO       [safety2 / moderate] 80/200  tier=SMALL   latency=21.6 ms  R=0.577  target=0.50  dets=3  vru=False  backend=ultralytics
22:47:23  INFO     [RAMS] Tier switch: SMALL → NANO  (R=0.571)
22:47:23  INFO     [RAMS] Tier switch: NANO → MEDIUM  (R=0.578)
22:47:23  INFO       [safety2 / moderate] 100/200  tier=MEDIUM  latency=26.1 ms  R=0.557  target=0.50  dets=5  vru=False  backend=ultralytics
22:47:24  INFO     [RAMS] Tier switch: MEDIUM → SMALL  (R=0.640)
22:47:24  INFO     [RAMS] Tier switch: SMALL → MEDIUM  (R=0.561)
22:47:24  INFO       [safety2 / moderate] 120/200  tier=MEDIUM  latency=26.9 ms  R=0.628  target=0.50  dets=7  vru=False  backend=ultralytics
22:47:25  INFO     [RAMS] Tier switch: MEDIUM → SMALL  (R=0.559)
22:47:25  INFO     [RAMS] Tier switch: SMALL → MEDIUM  (R=0.581)
22:47:25  INFO       [safety2 / moderate] 140/200  tier=MEDIUM  latency=27.6 ms  R=0.575  target=0.50  dets=11  vru=True  backend=ultralytics
22:47:26  INFO     [RAMS] Tier switch: MEDIUM → NANO  (R=0.537)
22:47:26  INFO     [RAMS] Tier switch: NANO → MEDIUM  (R=0.624)
22:47:26  INFO       [safety2 / moderate] 160/200  tier=MEDIUM  latency=28.1 ms  R=0.600  target=0.50  dets=14  vru=False  backend=ultralytics
22:47:27  INFO       [safety2 / moderate] 180/200  tier=MEDIUM  latency=30.7 ms  R=0.617  target=0.50  dets=18  vru=True  backend=ultralytics
22:47:27  INFO       [safety2 / moderate] 200/200  tier=MEDIUM  latency=25.6 ms  R=0.558  target=0.50  dets=2  vru=False  backend=ultralytics
22:47:28  INFO     [RAMS] Controller stopped.
22:47:28  INFO     
--- Block 10/10  Policy: safety  Load: moderate (50%) ---
22:47:28  INFO     [RAMS] Starting resource monitor ...
22:47:28  INFO     [RAMS] Loading model tiers ...
22:47:28  INFO     [RAMS] YOLOv8-nano ready — Ultralytics (imgsz=320).
22:47:28  INFO     [RAMS] YOLOv8-small ready — Ultralytics (imgsz=416).
22:47:29  INFO     [RAMS] YOLOv8-medium ready — Ultralytics (imgsz=640).
22:47:29  INFO     [RAMS] Controller ready. Policy: safety
22:47:31  INFO       [safety / moderate] 20/200  tier=SMALL   latency=21.4 ms  R=0.469  target=0.50  dets=8  vru=False  backend=ultralytics
22:47:32  INFO       [safety / moderate] 40/200  tier=SMALL   latency=20.6 ms  R=0.486  target=0.50  dets=3  vru=False  backend=ultralytics
22:47:32  INFO       [safety / moderate] 60/200  tier=SMALL   latency=18.7 ms  R=0.478  target=0.50  dets=0  vru=False  backend=ultralytics
22:47:33  INFO     [RAMS] Tier switch: SMALL → NANO  (R=0.505)
22:47:33  INFO     [RAMS] Tier switch: NANO → SMALL  (R=0.584)
22:47:33  INFO       [safety / moderate] 80/200  tier=SMALL   latency=20.4 ms  R=0.508  target=0.50  dets=3  vru=False  backend=ultralytics
22:47:34  INFO       [safety / moderate] 100/200  tier=SMALL   latency=24.1 ms  R=0.508  target=0.50  dets=5  vru=False  backend=ultralytics
22:47:34  INFO       [safety / moderate] 120/200  tier=SMALL   latency=20.9 ms  R=0.496  target=0.50  dets=7  vru=False  backend=ultralytics
22:47:35  INFO       [safety / moderate] 140/200  tier=SMALL   latency=21.0 ms  R=0.490  target=0.50  dets=6  vru=False  backend=ultralytics
22:47:36  INFO       [safety / moderate] 160/200  tier=SMALL   latency=24.2 ms  R=0.488  target=0.50  dets=13  vru=False  backend=ultralytics
22:47:36  INFO       [safety / moderate] 180/200  tier=SMALL   latency=22.7 ms  R=0.505  target=0.50  dets=15  vru=True  backend=ultralytics
22:47:37  INFO       [safety / moderate] 200/200  tier=SMALL   latency=20.0 ms  R=0.488  target=0.50  dets=2  vru=False  backend=ultralytics
22:47:37  INFO     [RAMS] Controller stopped.
22:47:37  INFO     
--- Block 10/10  Policy: predictive  Load: moderate (50%) ---
22:47:37  INFO     [RAMS] Starting resource monitor ...
22:47:37  INFO     [RAMS] Loading model tiers ...
22:47:37  INFO     [RAMS] YOLOv8-nano ready — Ultralytics (imgsz=320).
22:47:38  INFO     [RAMS] YOLOv8-small ready — Ultralytics (imgsz=416).
22:47:38  INFO     [RAMS] YOLOv8-medium ready — Ultralytics (imgsz=640).
22:47:38  INFO     [RAMS] Controller ready. Policy: predictive
22:47:40  INFO     [RAMS] Tier switch: SMALL → NANO  (R=0.549)
22:47:40  INFO     [RAMS] Tier switch: NANO → SMALL  (R=0.470)
22:47:40  INFO       [predictive / moderate] 20/200  tier=SMALL   latency=22.0 ms  R=0.489  target=0.50  dets=8  vru=False  backend=ultralytics
22:47:41  INFO     [RAMS] Tier switch: SMALL → NANO  (R=0.579)
22:47:41  INFO       [predictive / moderate] 40/200  tier=NANO    latency=19.7 ms  R=0.510  target=0.50  dets=2  vru=False  backend=ultralytics
22:47:41  INFO     [RAMS] Tier switch: NANO → SMALL  (R=0.488)
22:47:41  INFO     [RAMS] Tier switch: SMALL → NANO  (R=0.507)
22:47:41  INFO       [predictive / moderate] 60/200  tier=NANO    latency=18.9 ms  R=0.511  target=0.50  dets=0  vru=False  backend=ultralytics
22:47:41  INFO     [RAMS] Tier switch: NANO → SMALL  (R=0.478)
22:47:42  INFO     [RAMS] Tier switch: SMALL → NANO  (R=0.567)
22:47:42  INFO     [RAMS] Tier switch: NANO → SMALL  (R=0.491)
22:47:42  INFO     [RAMS] Tier switch: SMALL → NANO  (R=0.516)
22:47:42  INFO       [predictive / moderate] 80/200  tier=NANO    latency=19.5 ms  R=0.516  target=0.50  dets=2  vru=False  backend=ultralytics
22:47:42  INFO     [RAMS] Tier switch: NANO → SMALL  (R=0.490)
22:47:43  INFO     [RAMS] Tier switch: SMALL → NANO  (R=0.506)
22:47:43  INFO       [predictive / moderate] 100/200  tier=NANO    latency=21.7 ms  R=0.564  target=0.50  dets=5  vru=False  backend=ultralytics
22:47:43  INFO     [RAMS] Tier switch: NANO → SMALL  (R=0.481)
22:47:43  INFO     [RAMS] Tier switch: SMALL → NANO  (R=0.516)
22:47:43  INFO     [RAMS] Tier switch: NANO → SMALL  (R=0.486)
22:47:43  INFO       [predictive / moderate] 120/200  tier=SMALL   latency=21.8 ms  R=0.474  target=0.50  dets=7  vru=False  backend=ultralytics
22:47:43  INFO     [RAMS] Tier switch: SMALL → NANO  (R=0.526)
22:47:44  INFO       [predictive / moderate] 140/200  tier=NANO    latency=19.6 ms  R=0.556  target=0.50  dets=1  vru=False  backend=ultralytics
22:47:45  INFO       [predictive / moderate] 160/200  tier=NANO    latency=22.9 ms  R=0.537  target=0.50  dets=9  vru=False  backend=ultralytics
22:47:45  INFO       [predictive / moderate] 180/200  tier=NANO    latency=23.8 ms  R=0.541  target=0.50  dets=8  vru=False  backend=ultralytics
22:47:46  INFO       [predictive / moderate] 200/200  tier=NANO    latency=18.9 ms  R=0.547  target=0.50  dets=0  vru=False  backend=ultralytics
22:47:46  INFO     [RAMS] Controller stopped.
22:47:48  INFO     Results -> /home/soren/rams_sep2026/corrected-20260908/results/full-20260908-v1/pytorch/runtime2_moderate/rams_20260908_223501_9f7850578d66.csv
22:47:48  INFO     Summary -> /home/soren/rams_sep2026/corrected-20260908/results/full-20260908-v1/pytorch/runtime2_moderate/rams_20260908_223501_9f7850578d66.json
22:47:48  INFO     Replay manifest -> /home/soren/rams_sep2026/corrected-20260908/results/full-20260908-v1/pytorch/runtime2_moderate/rams_20260908_223501_9f7850578d66_manifest.json

================================================================================
Policy         Profile        N   Mean ms    P95 ms    VRU%  Tiers
--------------------------------------------------------------------------------
adaptive       moderate    2000      20.6      23.0   19.5%  NANO:1094, SMALL:906
fixed_medium   moderate    2000      27.6      30.5   33.1%  MEDIUM:2000
fixed_nano     moderate    2000      20.1      22.4   15.4%  NANO:2000
fixed_small    moderate    2000      21.2      23.5   24.4%  SMALL:2000
predictive     moderate    2000      20.7      23.3   19.7%  NANO:1077, SMALL:923
safety         moderate    2000      21.4      23.8   24.3%  NANO:23, SMALL:1977
safety2        moderate    2000      25.3      29.6   29.4%  MEDIUM:1388, NANO:199, SMALL:413
threshold      moderate    2000      20.6      22.8   19.6%  NANO:996, SMALL:1004
================================================================================

Backends used: {'ultralytics'}
