13:42:24  INFO     Loaded 1500 frames from /data/kitti/images/val
13:42:24  INFO     Real inference mode: 1500 frames available
13:42:24  INFO     === RAMS Benchmark  run_id=rams_20260909_134224_7b0aa8638130 ===
13:42:24  INFO     Policies: ['threshold', 'predictive', 'safety', 'adaptive', 'safety2', 'fixed_nano', 'fixed_small', 'fixed_medium']  |  Profiles: ['light']  |  N/block=200  |  blocks=10  |  simulate=False  |  frames=/data/kitti/images/val
13:42:24  INFO     
--- Block 1/10  Policy: fixed_small  Load: light (25%) ---
13:42:24  INFO     [RAMS] Starting resource monitor ...
13:42:24  INFO     [RAMS] Loading model tiers ...
WARNING ⚠️ Unable to automatically guess model task, assuming 'task=detect'. Explicitly define task for your model, i.e. 'task=detect', 'segment', 'classify', 'pose', 'obb' or 'semantic'.
Loading yolov8n.engine for TensorRT inference...
[09/09/2026-13:42:27] [TRT] [I] Loaded engine size: 7 MiB
[09/09/2026-13:42:27] [TRT] [I] [MemUsageChange] TensorRT-managed allocation in IExecutionContext creation: CPU +0, GPU +3, now: CPU 0, GPU 9 (MiB)
13:42:28  INFO     [RAMS] YOLOv8-nano ready — TensorRT yolov8n.engine (imgsz=320).
WARNING ⚠️ Unable to automatically guess model task, assuming 'task=detect'. Explicitly define task for your model, i.e. 'task=detect', 'segment', 'classify', 'pose', 'obb' or 'semantic'.
Loading yolov8s.engine for TensorRT inference...
[09/09/2026-13:42:28] [TRT] [I] The logger passed into createInferRuntime differs from one already provided for an existing builder, runtime, or refitter. Uses of the global logger, returned by nvinfer1::getLogger(), will return the existing value.
[09/09/2026-13:42:28] [TRT] [I] Loaded engine size: 23 MiB
[09/09/2026-13:42:29] [TRT] [I] [MemUsageChange] TensorRT-managed allocation in IExecutionContext creation: CPU +1, GPU +7, now: CPU 1, GPU 38 (MiB)
13:42:29  INFO     [RAMS] YOLOv8-small ready — TensorRT yolov8s.engine (imgsz=416).
WARNING ⚠️ Unable to automatically guess model task, assuming 'task=detect'. Explicitly define task for your model, i.e. 'task=detect', 'segment', 'classify', 'pose', 'obb' or 'semantic'.
Loading yolov8m.engine for TensorRT inference...
[09/09/2026-13:42:29] [TRT] [I] The logger passed into createInferRuntime differs from one already provided for an existing builder, runtime, or refitter. Uses of the global logger, returned by nvinfer1::getLogger(), will return the existing value.
[09/09/2026-13:42:29] [TRT] [I] Loaded engine size: 52 MiB
[09/09/2026-13:42:29] [TRT] [I] [MemUsageChange] TensorRT-managed allocation in IExecutionContext creation: CPU +0, GPU +29, now: CPU 1, GPU 117 (MiB)
13:42:29  INFO     [RAMS] YOLOv8-medium ready — TensorRT yolov8m.engine (imgsz=640).
13:42:29  INFO     [RAMS] Controller ready. Policy: fixed
13:42:30  INFO       [fixed_small / light] 20/200  tier=SMALL   latency=6.0 ms  R=0.331  target=0.25  dets=0  vru=False  backend=tensorrt
13:42:30  INFO       [fixed_small / light] 40/200  tier=SMALL   latency=7.6 ms  R=0.312  target=0.25  dets=1  vru=False  backend=tensorrt
13:42:31  INFO       [fixed_small / light] 60/200  tier=SMALL   latency=7.9 ms  R=0.383  target=0.25  dets=1  vru=False  backend=tensorrt
13:42:31  INFO       [fixed_small / light] 80/200  tier=SMALL   latency=7.9 ms  R=0.322  target=0.25  dets=3  vru=False  backend=tensorrt
13:42:32  INFO       [fixed_small / light] 100/200  tier=SMALL   latency=9.9 ms  R=0.333  target=0.25  dets=12  vru=False  backend=tensorrt
13:42:32  INFO       [fixed_small / light] 120/200  tier=SMALL   latency=8.2 ms  R=0.322  target=0.25  dets=4  vru=False  backend=tensorrt
13:42:33  INFO       [fixed_small / light] 140/200  tier=SMALL   latency=8.9 ms  R=0.335  target=0.25  dets=7  vru=False  backend=tensorrt
13:42:33  INFO       [fixed_small / light] 160/200  tier=SMALL   latency=8.2 ms  R=0.364  target=0.25  dets=2  vru=False  backend=tensorrt
13:42:33  INFO       [fixed_small / light] 180/200  tier=SMALL   latency=7.8 ms  R=0.312  target=0.25  dets=2  vru=False  backend=tensorrt
13:42:34  INFO       [fixed_small / light] 200/200  tier=SMALL   latency=9.0 ms  R=0.304  target=0.25  dets=8  vru=False  backend=tensorrt
13:42:34  INFO     [RAMS] Controller stopped.
13:42:34  INFO     
--- Block 1/10  Policy: fixed_nano  Load: light (25%) ---
13:42:34  INFO     [RAMS] Starting resource monitor ...
13:42:34  INFO     [RAMS] Loading model tiers ...
WARNING ⚠️ Unable to automatically guess model task, assuming 'task=detect'. Explicitly define task for your model, i.e. 'task=detect', 'segment', 'classify', 'pose', 'obb' or 'semantic'.
Loading yolov8n.engine for TensorRT inference...
[09/09/2026-13:42:34] [TRT] [I] Loaded engine size: 7 MiB
[09/09/2026-13:42:34] [TRT] [I] [MemUsageChange] TensorRT-managed allocation in IExecutionContext creation: CPU +0, GPU +3, now: CPU 0, GPU 9 (MiB)
13:42:34  INFO     [RAMS] YOLOv8-nano ready — TensorRT yolov8n.engine (imgsz=320).
WARNING ⚠️ Unable to automatically guess model task, assuming 'task=detect'. Explicitly define task for your model, i.e. 'task=detect', 'segment', 'classify', 'pose', 'obb' or 'semantic'.
Loading yolov8s.engine for TensorRT inference...
[09/09/2026-13:42:34] [TRT] [I] The logger passed into createInferRuntime differs from one already provided for an existing builder, runtime, or refitter. Uses of the global logger, returned by nvinfer1::getLogger(), will return the existing value.
[09/09/2026-13:42:34] [TRT] [I] Loaded engine size: 23 MiB
[09/09/2026-13:42:34] [TRT] [I] [MemUsageChange] TensorRT-managed allocation in IExecutionContext creation: CPU +1, GPU +7, now: CPU 1, GPU 38 (MiB)
13:42:34  INFO     [RAMS] YOLOv8-small ready — TensorRT yolov8s.engine (imgsz=416).
WARNING ⚠️ Unable to automatically guess model task, assuming 'task=detect'. Explicitly define task for your model, i.e. 'task=detect', 'segment', 'classify', 'pose', 'obb' or 'semantic'.
Loading yolov8m.engine for TensorRT inference...
[09/09/2026-13:42:34] [TRT] [I] The logger passed into createInferRuntime differs from one already provided for an existing builder, runtime, or refitter. Uses of the global logger, returned by nvinfer1::getLogger(), will return the existing value.
[09/09/2026-13:42:34] [TRT] [I] Loaded engine size: 52 MiB
[09/09/2026-13:42:34] [TRT] [I] [MemUsageChange] TensorRT-managed allocation in IExecutionContext creation: CPU +0, GPU +29, now: CPU 1, GPU 117 (MiB)
13:42:34  INFO     [RAMS] YOLOv8-medium ready — TensorRT yolov8m.engine (imgsz=640).
13:42:34  INFO     [RAMS] Controller ready. Policy: fixed
13:42:35  INFO     [RAMS] Tier switch: SMALL → NANO  (R=0.243)
13:42:36  INFO       [fixed_nano / light] 20/200  tier=NANO    latency=4.6 ms  R=0.324  target=0.25  dets=0  vru=False  backend=tensorrt
13:42:36  INFO       [fixed_nano / light] 40/200  tier=NANO    latency=6.2 ms  R=0.336  target=0.25  dets=1  vru=False  backend=tensorrt
13:42:36  INFO       [fixed_nano / light] 60/200  tier=NANO    latency=6.1 ms  R=0.314  target=0.25  dets=1  vru=False  backend=tensorrt
13:42:37  INFO       [fixed_nano / light] 80/200  tier=NANO    latency=6.5 ms  R=0.312  target=0.25  dets=2  vru=False  backend=tensorrt
13:42:37  INFO       [fixed_nano / light] 100/200  tier=NANO    latency=8.5 ms  R=0.318  target=0.25  dets=11  vru=False  backend=tensorrt
13:42:38  INFO       [fixed_nano / light] 120/200  tier=NANO    latency=6.7 ms  R=0.336  target=0.25  dets=3  vru=False  backend=tensorrt
13:42:38  INFO       [fixed_nano / light] 140/200  tier=NANO    latency=7.1 ms  R=0.388  target=0.25  dets=4  vru=False  backend=tensorrt
13:42:38  INFO       [fixed_nano / light] 160/200  tier=NANO    latency=4.5 ms  R=0.320  target=0.25  dets=0  vru=False  backend=tensorrt
13:42:39  INFO       [fixed_nano / light] 180/200  tier=NANO    latency=6.7 ms  R=0.318  target=0.25  dets=3  vru=False  backend=tensorrt
13:42:39  INFO       [fixed_nano / light] 200/200  tier=NANO    latency=7.3 ms  R=0.338  target=0.25  dets=6  vru=False  backend=tensorrt
13:42:39  INFO     [RAMS] Controller stopped.
13:42:39  INFO     
--- Block 1/10  Policy: threshold  Load: light (25%) ---
13:42:39  INFO     [RAMS] Starting resource monitor ...
13:42:39  INFO     [RAMS] Loading model tiers ...
WARNING ⚠️ Unable to automatically guess model task, assuming 'task=detect'. Explicitly define task for your model, i.e. 'task=detect', 'segment', 'classify', 'pose', 'obb' or 'semantic'.
Loading yolov8n.engine for TensorRT inference...
[09/09/2026-13:42:39] [TRT] [I] Loaded engine size: 7 MiB
[09/09/2026-13:42:39] [TRT] [I] [MemUsageChange] TensorRT-managed allocation in IExecutionContext creation: CPU +0, GPU +3, now: CPU 0, GPU 9 (MiB)
13:42:39  INFO     [RAMS] YOLOv8-nano ready — TensorRT yolov8n.engine (imgsz=320).
WARNING ⚠️ Unable to automatically guess model task, assuming 'task=detect'. Explicitly define task for your model, i.e. 'task=detect', 'segment', 'classify', 'pose', 'obb' or 'semantic'.
Loading yolov8s.engine for TensorRT inference...
[09/09/2026-13:42:39] [TRT] [I] The logger passed into createInferRuntime differs from one already provided for an existing builder, runtime, or refitter. Uses of the global logger, returned by nvinfer1::getLogger(), will return the existing value.
[09/09/2026-13:42:39] [TRT] [I] Loaded engine size: 23 MiB
[09/09/2026-13:42:39] [TRT] [I] [MemUsageChange] TensorRT-managed allocation in IExecutionContext creation: CPU +1, GPU +7, now: CPU 1, GPU 38 (MiB)
13:42:39  INFO     [RAMS] YOLOv8-small ready — TensorRT yolov8s.engine (imgsz=416).
WARNING ⚠️ Unable to automatically guess model task, assuming 'task=detect'. Explicitly define task for your model, i.e. 'task=detect', 'segment', 'classify', 'pose', 'obb' or 'semantic'.
Loading yolov8m.engine for TensorRT inference...
[09/09/2026-13:42:39] [TRT] [I] The logger passed into createInferRuntime differs from one already provided for an existing builder, runtime, or refitter. Uses of the global logger, returned by nvinfer1::getLogger(), will return the existing value.
[09/09/2026-13:42:39] [TRT] [I] Loaded engine size: 52 MiB
[09/09/2026-13:42:39] [TRT] [I] [MemUsageChange] TensorRT-managed allocation in IExecutionContext creation: CPU +0, GPU +29, now: CPU 1, GPU 117 (MiB)
13:42:39  INFO     [RAMS] YOLOv8-medium ready — TensorRT yolov8m.engine (imgsz=640).
13:42:39  INFO     [RAMS] Controller ready. Policy: threshold
13:42:41  INFO       [threshold / light] 20/200  tier=SMALL   latency=6.2 ms  R=0.399  target=0.25  dets=0  vru=False  backend=tensorrt
13:42:41  INFO       [threshold / light] 40/200  tier=SMALL   latency=7.5 ms  R=0.324  target=0.25  dets=1  vru=False  backend=tensorrt
13:42:42  INFO       [threshold / light] 60/200  tier=SMALL   latency=7.6 ms  R=0.332  target=0.25  dets=1  vru=False  backend=tensorrt
13:42:42  INFO       [threshold / light] 80/200  tier=SMALL   latency=8.9 ms  R=0.392  target=0.25  dets=3  vru=False  backend=tensorrt
13:42:43  INFO       [threshold / light] 100/200  tier=SMALL   latency=10.3 ms  R=0.388  target=0.25  dets=12  vru=False  backend=tensorrt
13:42:43  INFO       [threshold / light] 120/200  tier=SMALL   latency=9.0 ms  R=0.413  target=0.25  dets=4  vru=False  backend=tensorrt
13:42:43  INFO       [threshold / light] 140/200  tier=SMALL   latency=9.1 ms  R=0.402  target=0.25  dets=7  vru=False  backend=tensorrt
13:42:44  INFO       [threshold / light] 160/200  tier=SMALL   latency=8.7 ms  R=0.394  target=0.25  dets=2  vru=False  backend=tensorrt
13:42:44  INFO       [threshold / light] 180/200  tier=SMALL   latency=8.8 ms  R=0.402  target=0.25  dets=2  vru=False  backend=tensorrt
13:42:45  INFO       [threshold / light] 200/200  tier=SMALL   latency=9.5 ms  R=0.399  target=0.25  dets=8  vru=False  backend=tensorrt
13:42:45  INFO     [RAMS] Controller stopped.
13:42:45  INFO     
--- Block 1/10  Policy: predictive  Load: light (25%) ---
13:42:45  INFO     [RAMS] Starting resource monitor ...
13:42:45  INFO     [RAMS] Loading model tiers ...
WARNING ⚠️ Unable to automatically guess model task, assuming 'task=detect'. Explicitly define task for your model, i.e. 'task=detect', 'segment', 'classify', 'pose', 'obb' or 'semantic'.
Loading yolov8n.engine for TensorRT inference...
[09/09/2026-13:42:45] [TRT] [I] Loaded engine size: 7 MiB
[09/09/2026-13:42:45] [TRT] [I] [MemUsageChange] TensorRT-managed allocation in IExecutionContext creation: CPU +0, GPU +3, now: CPU 0, GPU 9 (MiB)
13:42:45  INFO     [RAMS] YOLOv8-nano ready — TensorRT yolov8n.engine (imgsz=320).
WARNING ⚠️ Unable to automatically guess model task, assuming 'task=detect'. Explicitly define task for your model, i.e. 'task=detect', 'segment', 'classify', 'pose', 'obb' or 'semantic'.
Loading yolov8s.engine for TensorRT inference...
[09/09/2026-13:42:45] [TRT] [I] The logger passed into createInferRuntime differs from one already provided for an existing builder, runtime, or refitter. Uses of the global logger, returned by nvinfer1::getLogger(), will return the existing value.
[09/09/2026-13:42:45] [TRT] [I] Loaded engine size: 23 MiB
[09/09/2026-13:42:45] [TRT] [I] [MemUsageChange] TensorRT-managed allocation in IExecutionContext creation: CPU +1, GPU +7, now: CPU 1, GPU 38 (MiB)
13:42:45  INFO     [RAMS] YOLOv8-small ready — TensorRT yolov8s.engine (imgsz=416).
WARNING ⚠️ Unable to automatically guess model task, assuming 'task=detect'. Explicitly define task for your model, i.e. 'task=detect', 'segment', 'classify', 'pose', 'obb' or 'semantic'.
Loading yolov8m.engine for TensorRT inference...
[09/09/2026-13:42:45] [TRT] [I] The logger passed into createInferRuntime differs from one already provided for an existing builder, runtime, or refitter. Uses of the global logger, returned by nvinfer1::getLogger(), will return the existing value.
[09/09/2026-13:42:45] [TRT] [I] Loaded engine size: 52 MiB
[09/09/2026-13:42:45] [TRT] [I] [MemUsageChange] TensorRT-managed allocation in IExecutionContext creation: CPU +0, GPU +29, now: CPU 1, GPU 117 (MiB)
13:42:45  INFO     [RAMS] YOLOv8-medium ready — TensorRT yolov8m.engine (imgsz=640).
13:42:45  INFO     [RAMS] Controller ready. Policy: predictive
13:42:47  INFO       [predictive / light] 20/200  tier=SMALL   latency=7.1 ms  R=0.411  target=0.25  dets=0  vru=False  backend=tensorrt
13:42:47  INFO       [predictive / light] 40/200  tier=SMALL   latency=8.2 ms  R=0.381  target=0.25  dets=1  vru=False  backend=tensorrt
13:42:48  INFO       [predictive / light] 60/200  tier=SMALL   latency=7.6 ms  R=0.387  target=0.25  dets=1  vru=False  backend=tensorrt
13:42:48  INFO       [predictive / light] 80/200  tier=SMALL   latency=7.9 ms  R=0.430  target=0.25  dets=3  vru=False  backend=tensorrt
13:42:48  INFO       [predictive / light] 100/200  tier=SMALL   latency=9.8 ms  R=0.324  target=0.25  dets=12  vru=False  backend=tensorrt
13:42:49  INFO       [predictive / light] 120/200  tier=SMALL   latency=8.2 ms  R=0.328  target=0.25  dets=4  vru=False  backend=tensorrt
13:42:49  INFO       [predictive / light] 140/200  tier=SMALL   latency=8.9 ms  R=0.342  target=0.25  dets=7  vru=False  backend=tensorrt
13:42:50  INFO       [predictive / light] 160/200  tier=SMALL   latency=7.7 ms  R=0.335  target=0.25  dets=2  vru=False  backend=tensorrt
13:42:50  INFO       [predictive / light] 180/200  tier=SMALL   latency=7.9 ms  R=0.334  target=0.25  dets=2  vru=False  backend=tensorrt
13:42:50  INFO       [predictive / light] 200/200  tier=SMALL   latency=9.0 ms  R=0.324  target=0.25  dets=8  vru=False  backend=tensorrt
13:42:51  INFO     [RAMS] Controller stopped.
13:42:51  INFO     
--- Block 1/10  Policy: adaptive  Load: light (25%) ---
13:42:51  INFO     [RAMS] Starting resource monitor ...
13:42:51  INFO     [RAMS] Loading model tiers ...
WARNING ⚠️ Unable to automatically guess model task, assuming 'task=detect'. Explicitly define task for your model, i.e. 'task=detect', 'segment', 'classify', 'pose', 'obb' or 'semantic'.
Loading yolov8n.engine for TensorRT inference...
[09/09/2026-13:42:51] [TRT] [I] Loaded engine size: 7 MiB
[09/09/2026-13:42:51] [TRT] [I] [MemUsageChange] TensorRT-managed allocation in IExecutionContext creation: CPU +0, GPU +3, now: CPU 0, GPU 9 (MiB)
13:42:51  INFO     [RAMS] YOLOv8-nano ready — TensorRT yolov8n.engine (imgsz=320).
WARNING ⚠️ Unable to automatically guess model task, assuming 'task=detect'. Explicitly define task for your model, i.e. 'task=detect', 'segment', 'classify', 'pose', 'obb' or 'semantic'.
Loading yolov8s.engine for TensorRT inference...
[09/09/2026-13:42:51] [TRT] [I] The logger passed into createInferRuntime differs from one already provided for an existing builder, runtime, or refitter. Uses of the global logger, returned by nvinfer1::getLogger(), will return the existing value.
[09/09/2026-13:42:51] [TRT] [I] Loaded engine size: 23 MiB
[09/09/2026-13:42:51] [TRT] [I] [MemUsageChange] TensorRT-managed allocation in IExecutionContext creation: CPU +1, GPU +7, now: CPU 1, GPU 38 (MiB)
13:42:51  INFO     [RAMS] YOLOv8-small ready — TensorRT yolov8s.engine (imgsz=416).
WARNING ⚠️ Unable to automatically guess model task, assuming 'task=detect'. Explicitly define task for your model, i.e. 'task=detect', 'segment', 'classify', 'pose', 'obb' or 'semantic'.
Loading yolov8m.engine for TensorRT inference...
[09/09/2026-13:42:51] [TRT] [I] The logger passed into createInferRuntime differs from one already provided for an existing builder, runtime, or refitter. Uses of the global logger, returned by nvinfer1::getLogger(), will return the existing value.
[09/09/2026-13:42:51] [TRT] [I] Loaded engine size: 52 MiB
[09/09/2026-13:42:51] [TRT] [I] [MemUsageChange] TensorRT-managed allocation in IExecutionContext creation: CPU +0, GPU +29, now: CPU 1, GPU 117 (MiB)
13:42:51  INFO     [RAMS] YOLOv8-medium ready — TensorRT yolov8m.engine (imgsz=640).
13:42:51  INFO     [RAMS] Controller ready. Policy: adaptive
13:42:52  INFO       [adaptive / light] 20/200  tier=SMALL   latency=6.0 ms  R=0.319  target=0.25  dets=0  vru=False  backend=tensorrt
13:42:53  INFO       [adaptive / light] 40/200  tier=SMALL   latency=7.8 ms  R=0.328  target=0.25  dets=1  vru=False  backend=tensorrt
13:42:53  INFO       [adaptive / light] 60/200  tier=SMALL   latency=7.6 ms  R=0.343  target=0.25  dets=1  vru=False  backend=tensorrt
13:42:54  INFO       [adaptive / light] 80/200  tier=SMALL   latency=8.0 ms  R=0.330  target=0.25  dets=3  vru=False  backend=tensorrt
13:42:54  INFO       [adaptive / light] 100/200  tier=SMALL   latency=10.8 ms  R=0.409  target=0.25  dets=12  vru=False  backend=tensorrt
13:42:54  INFO       [adaptive / light] 120/200  tier=SMALL   latency=8.2 ms  R=0.318  target=0.25  dets=4  vru=False  backend=tensorrt
13:42:55  INFO       [adaptive / light] 140/200  tier=SMALL   latency=8.9 ms  R=0.326  target=0.25  dets=7  vru=False  backend=tensorrt
13:42:55  INFO       [adaptive / light] 160/200  tier=SMALL   latency=7.7 ms  R=0.324  target=0.25  dets=2  vru=False  backend=tensorrt
13:42:56  INFO       [adaptive / light] 180/200  tier=SMALL   latency=7.7 ms  R=0.322  target=0.25  dets=2  vru=False  backend=tensorrt
13:42:56  INFO       [adaptive / light] 200/200  tier=SMALL   latency=9.4 ms  R=0.355  target=0.25  dets=8  vru=False  backend=tensorrt
13:42:56  INFO     [RAMS] Controller stopped.
13:42:56  INFO     
--- Block 1/10  Policy: fixed_medium  Load: light (25%) ---
13:42:56  INFO     [RAMS] Starting resource monitor ...
13:42:56  INFO     [RAMS] Loading model tiers ...
WARNING ⚠️ Unable to automatically guess model task, assuming 'task=detect'. Explicitly define task for your model, i.e. 'task=detect', 'segment', 'classify', 'pose', 'obb' or 'semantic'.
Loading yolov8n.engine for TensorRT inference...
[09/09/2026-13:42:56] [TRT] [I] Loaded engine size: 7 MiB
[09/09/2026-13:42:56] [TRT] [I] [MemUsageChange] TensorRT-managed allocation in IExecutionContext creation: CPU +0, GPU +3, now: CPU 0, GPU 9 (MiB)
13:42:56  INFO     [RAMS] YOLOv8-nano ready — TensorRT yolov8n.engine (imgsz=320).
WARNING ⚠️ Unable to automatically guess model task, assuming 'task=detect'. Explicitly define task for your model, i.e. 'task=detect', 'segment', 'classify', 'pose', 'obb' or 'semantic'.
Loading yolov8s.engine for TensorRT inference...
[09/09/2026-13:42:56] [TRT] [I] The logger passed into createInferRuntime differs from one already provided for an existing builder, runtime, or refitter. Uses of the global logger, returned by nvinfer1::getLogger(), will return the existing value.
[09/09/2026-13:42:56] [TRT] [I] Loaded engine size: 23 MiB
[09/09/2026-13:42:56] [TRT] [I] [MemUsageChange] TensorRT-managed allocation in IExecutionContext creation: CPU +1, GPU +7, now: CPU 1, GPU 38 (MiB)
13:42:56  INFO     [RAMS] YOLOv8-small ready — TensorRT yolov8s.engine (imgsz=416).
WARNING ⚠️ Unable to automatically guess model task, assuming 'task=detect'. Explicitly define task for your model, i.e. 'task=detect', 'segment', 'classify', 'pose', 'obb' or 'semantic'.
Loading yolov8m.engine for TensorRT inference...
[09/09/2026-13:42:56] [TRT] [I] The logger passed into createInferRuntime differs from one already provided for an existing builder, runtime, or refitter. Uses of the global logger, returned by nvinfer1::getLogger(), will return the existing value.
[09/09/2026-13:42:56] [TRT] [I] Loaded engine size: 52 MiB
[09/09/2026-13:42:56] [TRT] [I] [MemUsageChange] TensorRT-managed allocation in IExecutionContext creation: CPU +0, GPU +29, now: CPU 1, GPU 117 (MiB)
13:42:57  INFO     [RAMS] YOLOv8-medium ready — TensorRT yolov8m.engine (imgsz=640).
13:42:57  INFO     [RAMS] Controller ready. Policy: fixed
13:42:58  INFO     [RAMS] Tier switch: SMALL → MEDIUM  (R=0.243)
13:42:58  INFO       [fixed_medium / light] 20/200  tier=MEDIUM  latency=14.0 ms  R=0.328  target=0.25  dets=3  vru=False  backend=tensorrt
13:42:59  INFO       [fixed_medium / light] 40/200  tier=MEDIUM  latency=14.0 ms  R=0.430  target=0.25  dets=1  vru=False  backend=tensorrt
13:42:59  INFO       [fixed_medium / light] 60/200  tier=MEDIUM  latency=14.6 ms  R=0.432  target=0.25  dets=4  vru=False  backend=tensorrt
13:43:00  INFO       [fixed_medium / light] 80/200  tier=MEDIUM  latency=14.7 ms  R=0.355  target=0.25  dets=5  vru=False  backend=tensorrt
13:43:00  INFO       [fixed_medium / light] 100/200  tier=MEDIUM  latency=18.4 ms  R=0.431  target=0.25  dets=16  vru=False  backend=tensorrt
13:43:01  INFO       [fixed_medium / light] 120/200  tier=MEDIUM  latency=15.3 ms  R=0.388  target=0.25  dets=4  vru=False  backend=tensorrt
13:43:01  INFO       [fixed_medium / light] 140/200  tier=MEDIUM  latency=16.6 ms  R=0.357  target=0.25  dets=13  vru=False  backend=tensorrt
13:43:02  INFO       [fixed_medium / light] 160/200  tier=MEDIUM  latency=15.0 ms  R=0.479  target=0.25  dets=6  vru=False  backend=tensorrt
13:43:03  INFO       [fixed_medium / light] 180/200  tier=MEDIUM  latency=14.3 ms  R=0.488  target=0.25  dets=3  vru=False  backend=tensorrt
13:43:03  INFO       [fixed_medium / light] 200/200  tier=MEDIUM  latency=18.3 ms  R=0.465  target=0.25  dets=16  vru=False  backend=tensorrt
13:43:03  INFO     [RAMS] Controller stopped.
13:43:03  INFO     
--- Block 1/10  Policy: safety2  Load: light (25%) ---
13:43:03  INFO     [RAMS] Starting resource monitor ...
13:43:03  INFO     [RAMS] Loading model tiers ...
WARNING ⚠️ Unable to automatically guess model task, assuming 'task=detect'. Explicitly define task for your model, i.e. 'task=detect', 'segment', 'classify', 'pose', 'obb' or 'semantic'.
Loading yolov8n.engine for TensorRT inference...
[09/09/2026-13:43:03] [TRT] [I] Loaded engine size: 7 MiB
[09/09/2026-13:43:03] [TRT] [I] [MemUsageChange] TensorRT-managed allocation in IExecutionContext creation: CPU +0, GPU +3, now: CPU 0, GPU 9 (MiB)
13:43:03  INFO     [RAMS] YOLOv8-nano ready — TensorRT yolov8n.engine (imgsz=320).
WARNING ⚠️ Unable to automatically guess model task, assuming 'task=detect'. Explicitly define task for your model, i.e. 'task=detect', 'segment', 'classify', 'pose', 'obb' or 'semantic'.
Loading yolov8s.engine for TensorRT inference...
[09/09/2026-13:43:03] [TRT] [I] The logger passed into createInferRuntime differs from one already provided for an existing builder, runtime, or refitter. Uses of the global logger, returned by nvinfer1::getLogger(), will return the existing value.
[09/09/2026-13:43:03] [TRT] [I] Loaded engine size: 23 MiB
[09/09/2026-13:43:04] [TRT] [I] [MemUsageChange] TensorRT-managed allocation in IExecutionContext creation: CPU +1, GPU +7, now: CPU 1, GPU 38 (MiB)
13:43:04  INFO     [RAMS] YOLOv8-small ready — TensorRT yolov8s.engine (imgsz=416).
WARNING ⚠️ Unable to automatically guess model task, assuming 'task=detect'. Explicitly define task for your model, i.e. 'task=detect', 'segment', 'classify', 'pose', 'obb' or 'semantic'.
Loading yolov8m.engine for TensorRT inference...
[09/09/2026-13:43:04] [TRT] [I] The logger passed into createInferRuntime differs from one already provided for an existing builder, runtime, or refitter. Uses of the global logger, returned by nvinfer1::getLogger(), will return the existing value.
[09/09/2026-13:43:04] [TRT] [I] Loaded engine size: 52 MiB
[09/09/2026-13:43:04] [TRT] [I] [MemUsageChange] TensorRT-managed allocation in IExecutionContext creation: CPU +0, GPU +29, now: CPU 1, GPU 117 (MiB)
13:43:04  INFO     [RAMS] YOLOv8-medium ready — TensorRT yolov8m.engine (imgsz=640).
13:43:04  INFO     [RAMS] Controller ready. Policy: safety2
13:43:05  INFO     [RAMS] Tier switch: SMALL → MEDIUM  (R=0.447)
13:43:05  INFO       [safety2 / light] 20/200  tier=MEDIUM  latency=14.7 ms  R=0.450  target=0.25  dets=3  vru=False  backend=tensorrt
13:43:06  INFO       [safety2 / light] 40/200  tier=MEDIUM  latency=13.8 ms  R=0.427  target=0.25  dets=1  vru=False  backend=tensorrt
13:43:06  INFO     [RAMS] Tier switch: MEDIUM → SMALL  (R=0.362)
13:43:06  INFO       [safety2 / light] 60/200  tier=SMALL   latency=8.2 ms  R=0.430  target=0.25  dets=1  vru=False  backend=tensorrt
13:43:06  INFO     [RAMS] Tier switch: SMALL → MEDIUM  (R=0.402)
13:43:07  INFO       [safety2 / light] 80/200  tier=MEDIUM  latency=15.1 ms  R=0.446  target=0.25  dets=5  vru=False  backend=tensorrt
13:43:07  INFO       [safety2 / light] 100/200  tier=MEDIUM  latency=17.2 ms  R=0.365  target=0.25  dets=16  vru=False  backend=tensorrt
13:43:07  INFO     [RAMS] Tier switch: MEDIUM → SMALL  (R=0.449)
13:43:08  INFO     [RAMS] Tier switch: SMALL → MEDIUM  (R=0.376)
13:43:08  INFO       [safety2 / light] 120/200  tier=MEDIUM  latency=15.0 ms  R=0.456  target=0.25  dets=4  vru=False  backend=tensorrt
13:43:08  INFO     [RAMS] Tier switch: MEDIUM → SMALL  (R=0.374)
13:43:08  INFO       [safety2 / light] 140/200  tier=SMALL   latency=9.2 ms  R=0.395  target=0.25  dets=7  vru=False  backend=tensorrt
13:43:09  INFO     [RAMS] Tier switch: SMALL → MEDIUM  (R=0.387)
13:43:09  INFO       [safety2 / light] 160/200  tier=MEDIUM  latency=14.7 ms  R=0.390  target=0.25  dets=6  vru=False  backend=tensorrt
13:43:09  INFO     [RAMS] Tier switch: MEDIUM → SMALL  (R=0.364)
13:43:09  INFO     [RAMS] Tier switch: SMALL → MEDIUM  (R=0.372)
13:43:09  INFO       [safety2 / light] 180/200  tier=MEDIUM  latency=14.0 ms  R=0.372  target=0.25  dets=3  vru=False  backend=tensorrt
13:43:10  INFO       [safety2 / light] 200/200  tier=MEDIUM  latency=16.9 ms  R=0.362  target=0.25  dets=16  vru=False  backend=tensorrt
13:43:10  INFO     [RAMS] Controller stopped.
13:43:10  INFO     
--- Block 1/10  Policy: safety  Load: light (25%) ---
13:43:10  INFO     [RAMS] Starting resource monitor ...
13:43:10  INFO     [RAMS] Loading model tiers ...
WARNING ⚠️ Unable to automatically guess model task, assuming 'task=detect'. Explicitly define task for your model, i.e. 'task=detect', 'segment', 'classify', 'pose', 'obb' or 'semantic'.
Loading yolov8n.engine for TensorRT inference...
[09/09/2026-13:43:10] [TRT] [I] Loaded engine size: 7 MiB
[09/09/2026-13:43:10] [TRT] [I] [MemUsageChange] TensorRT-managed allocation in IExecutionContext creation: CPU +0, GPU +3, now: CPU 0, GPU 9 (MiB)
13:43:10  INFO     [RAMS] YOLOv8-nano ready — TensorRT yolov8n.engine (imgsz=320).
WARNING ⚠️ Unable to automatically guess model task, assuming 'task=detect'. Explicitly define task for your model, i.e. 'task=detect', 'segment', 'classify', 'pose', 'obb' or 'semantic'.
Loading yolov8s.engine for TensorRT inference...
[09/09/2026-13:43:10] [TRT] [I] The logger passed into createInferRuntime differs from one already provided for an existing builder, runtime, or refitter. Uses of the global logger, returned by nvinfer1::getLogger(), will return the existing value.
[09/09/2026-13:43:10] [TRT] [I] Loaded engine size: 23 MiB
[09/09/2026-13:43:10] [TRT] [I] [MemUsageChange] TensorRT-managed allocation in IExecutionContext creation: CPU +1, GPU +7, now: CPU 1, GPU 38 (MiB)
13:43:10  INFO     [RAMS] YOLOv8-small ready — TensorRT yolov8s.engine (imgsz=416).
WARNING ⚠️ Unable to automatically guess model task, assuming 'task=detect'. Explicitly define task for your model, i.e. 'task=detect', 'segment', 'classify', 'pose', 'obb' or 'semantic'.
Loading yolov8m.engine for TensorRT inference...
[09/09/2026-13:43:10] [TRT] [I] The logger passed into createInferRuntime differs from one already provided for an existing builder, runtime, or refitter. Uses of the global logger, returned by nvinfer1::getLogger(), will return the existing value.
[09/09/2026-13:43:10] [TRT] [I] Loaded engine size: 52 MiB
[09/09/2026-13:43:10] [TRT] [I] [MemUsageChange] TensorRT-managed allocation in IExecutionContext creation: CPU +0, GPU +29, now: CPU 1, GPU 117 (MiB)
13:43:10  INFO     [RAMS] YOLOv8-medium ready — TensorRT yolov8m.engine (imgsz=640).
13:43:10  INFO     [RAMS] Controller ready. Policy: safety
13:43:12  INFO       [safety / light] 20/200  tier=SMALL   latency=6.0 ms  R=0.322  target=0.25  dets=0  vru=False  backend=tensorrt
13:43:12  INFO       [safety / light] 40/200  tier=SMALL   latency=7.6 ms  R=0.328  target=0.25  dets=1  vru=False  backend=tensorrt
13:43:13  INFO       [safety / light] 60/200  tier=SMALL   latency=7.7 ms  R=0.300  target=0.25  dets=1  vru=False  backend=tensorrt
13:43:13  INFO       [safety / light] 80/200  tier=SMALL   latency=8.2 ms  R=0.407  target=0.25  dets=3  vru=False  backend=tensorrt
13:43:13  INFO       [safety / light] 100/200  tier=SMALL   latency=9.8 ms  R=0.328  target=0.25  dets=12  vru=False  backend=tensorrt
13:43:14  INFO       [safety / light] 120/200  tier=SMALL   latency=8.2 ms  R=0.339  target=0.25  dets=4  vru=False  backend=tensorrt
13:43:14  INFO       [safety / light] 140/200  tier=SMALL   latency=9.1 ms  R=0.330  target=0.25  dets=7  vru=False  backend=tensorrt
13:43:15  INFO       [safety / light] 160/200  tier=SMALL   latency=7.7 ms  R=0.307  target=0.25  dets=2  vru=False  backend=tensorrt
13:43:15  INFO       [safety / light] 180/200  tier=SMALL   latency=7.8 ms  R=0.314  target=0.25  dets=2  vru=False  backend=tensorrt
13:43:15  INFO       [safety / light] 200/200  tier=SMALL   latency=9.2 ms  R=0.310  target=0.25  dets=8  vru=False  backend=tensorrt
13:43:16  INFO     [RAMS] Controller stopped.
13:43:16  INFO     
--- Block 2/10  Policy: safety2  Load: light (25%) ---
13:43:16  INFO     [RAMS] Starting resource monitor ...
13:43:16  INFO     [RAMS] Loading model tiers ...
WARNING ⚠️ Unable to automatically guess model task, assuming 'task=detect'. Explicitly define task for your model, i.e. 'task=detect', 'segment', 'classify', 'pose', 'obb' or 'semantic'.
Loading yolov8n.engine for TensorRT inference...
[09/09/2026-13:43:16] [TRT] [I] Loaded engine size: 7 MiB
[09/09/2026-13:43:16] [TRT] [I] [MemUsageChange] TensorRT-managed allocation in IExecutionContext creation: CPU +0, GPU +3, now: CPU 0, GPU 9 (MiB)
13:43:16  INFO     [RAMS] YOLOv8-nano ready — TensorRT yolov8n.engine (imgsz=320).
WARNING ⚠️ Unable to automatically guess model task, assuming 'task=detect'. Explicitly define task for your model, i.e. 'task=detect', 'segment', 'classify', 'pose', 'obb' or 'semantic'.
Loading yolov8s.engine for TensorRT inference...
[09/09/2026-13:43:16] [TRT] [I] The logger passed into createInferRuntime differs from one already provided for an existing builder, runtime, or refitter. Uses of the global logger, returned by nvinfer1::getLogger(), will return the existing value.
[09/09/2026-13:43:16] [TRT] [I] Loaded engine size: 23 MiB
[09/09/2026-13:43:16] [TRT] [I] [MemUsageChange] TensorRT-managed allocation in IExecutionContext creation: CPU +1, GPU +7, now: CPU 1, GPU 38 (MiB)
13:43:16  INFO     [RAMS] YOLOv8-small ready — TensorRT yolov8s.engine (imgsz=416).
WARNING ⚠️ Unable to automatically guess model task, assuming 'task=detect'. Explicitly define task for your model, i.e. 'task=detect', 'segment', 'classify', 'pose', 'obb' or 'semantic'.
Loading yolov8m.engine for TensorRT inference...
[09/09/2026-13:43:16] [TRT] [I] The logger passed into createInferRuntime differs from one already provided for an existing builder, runtime, or refitter. Uses of the global logger, returned by nvinfer1::getLogger(), will return the existing value.
[09/09/2026-13:43:16] [TRT] [I] Loaded engine size: 52 MiB
[09/09/2026-13:43:16] [TRT] [I] [MemUsageChange] TensorRT-managed allocation in IExecutionContext creation: CPU +0, GPU +29, now: CPU 1, GPU 117 (MiB)
13:43:16  INFO     [RAMS] YOLOv8-medium ready — TensorRT yolov8m.engine (imgsz=640).
13:43:16  INFO     [RAMS] Controller ready. Policy: safety2
13:43:17  INFO     [RAMS] Tier switch: SMALL → MEDIUM  (R=0.308)
13:43:17  INFO       [safety2 / light] 20/200  tier=MEDIUM  latency=18.1 ms  R=0.310  target=0.25  dets=21  vru=False  backend=tensorrt
13:43:18  INFO     [RAMS] Tier switch: MEDIUM → SMALL  (R=0.294)
13:43:18  INFO     [RAMS] Tier switch: SMALL → MEDIUM  (R=0.380)
13:43:18  INFO       [safety2 / light] 40/200  tier=MEDIUM  latency=16.3 ms  R=0.406  target=0.25  dets=13  vru=False  backend=tensorrt
13:43:18  INFO     [RAMS] Tier switch: MEDIUM → SMALL  (R=0.382)
13:43:18  INFO     [RAMS] Tier switch: SMALL → MEDIUM  (R=0.361)
13:43:18  INFO       [safety2 / light] 60/200  tier=MEDIUM  latency=16.3 ms  R=0.360  target=0.25  dets=8  vru=False  backend=tensorrt
13:43:19  INFO     [RAMS] Tier switch: MEDIUM → SMALL  (R=0.383)
13:43:19  INFO       [safety2 / light] 80/200  tier=SMALL   latency=8.5 ms  R=0.358  target=0.25  dets=5  vru=False  backend=tensorrt
13:43:19  INFO     [RAMS] Tier switch: SMALL → MEDIUM  (R=0.329)
13:43:20  INFO       [safety2 / light] 100/200  tier=MEDIUM  latency=13.9 ms  R=0.362  target=0.25  dets=2  vru=False  backend=tensorrt
13:43:20  INFO       [safety2 / light] 120/200  tier=MEDIUM  latency=15.6 ms  R=0.391  target=0.25  dets=10  vru=False  backend=tensorrt
13:43:21  INFO       [safety2 / light] 140/200  tier=MEDIUM  latency=15.1 ms  R=0.330  target=0.25  dets=8  vru=False  backend=tensorrt
13:43:21  INFO     [RAMS] Tier switch: MEDIUM → SMALL  (R=0.330)
13:43:21  INFO     [RAMS] Tier switch: SMALL → MEDIUM  (R=0.366)
13:43:21  INFO       [safety2 / light] 160/200  tier=MEDIUM  latency=14.7 ms  R=0.364  target=0.25  dets=6  vru=False  backend=tensorrt
13:43:21  INFO     [RAMS] Tier switch: MEDIUM → SMALL  (R=0.292)
13:43:22  INFO       [safety2 / light] 180/200  tier=SMALL   latency=8.2 ms  R=0.343  target=0.25  dets=4  vru=True  backend=tensorrt
13:43:22  INFO     [RAMS] Tier switch: SMALL → MEDIUM  (R=0.315)
13:43:22  INFO       [safety2 / light] 200/200  tier=MEDIUM  latency=14.5 ms  R=0.380  target=0.25  dets=5  vru=False  backend=tensorrt
13:43:22  INFO     [RAMS] Controller stopped.
13:43:22  INFO     
--- Block 2/10  Policy: threshold  Load: light (25%) ---
13:43:22  INFO     [RAMS] Starting resource monitor ...
13:43:22  INFO     [RAMS] Loading model tiers ...
WARNING ⚠️ Unable to automatically guess model task, assuming 'task=detect'. Explicitly define task for your model, i.e. 'task=detect', 'segment', 'classify', 'pose', 'obb' or 'semantic'.
Loading yolov8n.engine for TensorRT inference...
[09/09/2026-13:43:22] [TRT] [I] Loaded engine size: 7 MiB
[09/09/2026-13:43:22] [TRT] [I] [MemUsageChange] TensorRT-managed allocation in IExecutionContext creation: CPU +0, GPU +3, now: CPU 0, GPU 9 (MiB)
13:43:22  INFO     [RAMS] YOLOv8-nano ready — TensorRT yolov8n.engine (imgsz=320).
WARNING ⚠️ Unable to automatically guess model task, assuming 'task=detect'. Explicitly define task for your model, i.e. 'task=detect', 'segment', 'classify', 'pose', 'obb' or 'semantic'.
Loading yolov8s.engine for TensorRT inference...
[09/09/2026-13:43:22] [TRT] [I] The logger passed into createInferRuntime differs from one already provided for an existing builder, runtime, or refitter. Uses of the global logger, returned by nvinfer1::getLogger(), will return the existing value.
[09/09/2026-13:43:22] [TRT] [I] Loaded engine size: 23 MiB
[09/09/2026-13:43:22] [TRT] [I] [MemUsageChange] TensorRT-managed allocation in IExecutionContext creation: CPU +1, GPU +7, now: CPU 1, GPU 38 (MiB)
13:43:22  INFO     [RAMS] YOLOv8-small ready — TensorRT yolov8s.engine (imgsz=416).
WARNING ⚠️ Unable to automatically guess model task, assuming 'task=detect'. Explicitly define task for your model, i.e. 'task=detect', 'segment', 'classify', 'pose', 'obb' or 'semantic'.
Loading yolov8m.engine for TensorRT inference...
[09/09/2026-13:43:22] [TRT] [I] The logger passed into createInferRuntime differs from one already provided for an existing builder, runtime, or refitter. Uses of the global logger, returned by nvinfer1::getLogger(), will return the existing value.
[09/09/2026-13:43:22] [TRT] [I] Loaded engine size: 52 MiB
[09/09/2026-13:43:22] [TRT] [I] [MemUsageChange] TensorRT-managed allocation in IExecutionContext creation: CPU +0, GPU +29, now: CPU 1, GPU 117 (MiB)
13:43:23  INFO     [RAMS] YOLOv8-medium ready — TensorRT yolov8m.engine (imgsz=640).
13:43:23  INFO     [RAMS] Controller ready. Policy: threshold
13:43:24  INFO       [threshold / light] 20/200  tier=SMALL   latency=11.0 ms  R=0.386  target=0.25  dets=16  vru=False  backend=tensorrt
13:43:24  INFO       [threshold / light] 40/200  tier=SMALL   latency=8.9 ms  R=0.390  target=0.25  dets=6  vru=False  backend=tensorrt
13:43:25  INFO       [threshold / light] 60/200  tier=SMALL   latency=8.8 ms  R=0.398  target=0.25  dets=6  vru=False  backend=tensorrt
13:43:25  INFO       [threshold / light] 80/200  tier=SMALL   latency=8.7 ms  R=0.408  target=0.25  dets=5  vru=False  backend=tensorrt
13:43:26  INFO       [threshold / light] 100/200  tier=SMALL   latency=8.0 ms  R=0.405  target=0.25  dets=2  vru=False  backend=tensorrt
13:43:26  INFO     [RAMS] Tier switch: SMALL → NANO  (R=0.550)
13:43:26  INFO       [threshold / light] 120/200  tier=NANO    latency=7.2 ms  R=0.420  target=0.25  dets=4  vru=False  backend=tensorrt
13:43:26  INFO     [RAMS] Tier switch: NANO → SMALL  (R=0.420)
13:43:26  INFO       [threshold / light] 140/200  tier=SMALL   latency=8.3 ms  R=0.425  target=0.25  dets=3  vru=False  backend=tensorrt
13:43:27  INFO       [threshold / light] 160/200  tier=SMALL   latency=6.5 ms  R=0.413  target=0.25  dets=0  vru=False  backend=tensorrt
13:43:27  INFO       [threshold / light] 180/200  tier=SMALL   latency=8.8 ms  R=0.387  target=0.25  dets=4  vru=True  backend=tensorrt
13:43:28  INFO       [threshold / light] 200/200  tier=SMALL   latency=9.1 ms  R=0.421  target=0.25  dets=7  vru=False  backend=tensorrt
13:43:28  INFO     [RAMS] Controller stopped.
13:43:28  INFO     
--- Block 2/10  Policy: fixed_medium  Load: light (25%) ---
13:43:28  INFO     [RAMS] Starting resource monitor ...
13:43:28  INFO     [RAMS] Loading model tiers ...
WARNING ⚠️ Unable to automatically guess model task, assuming 'task=detect'. Explicitly define task for your model, i.e. 'task=detect', 'segment', 'classify', 'pose', 'obb' or 'semantic'.
Loading yolov8n.engine for TensorRT inference...
[09/09/2026-13:43:28] [TRT] [I] Loaded engine size: 7 MiB
[09/09/2026-13:43:28] [TRT] [I] [MemUsageChange] TensorRT-managed allocation in IExecutionContext creation: CPU +0, GPU +3, now: CPU 0, GPU 9 (MiB)
13:43:28  INFO     [RAMS] YOLOv8-nano ready — TensorRT yolov8n.engine (imgsz=320).
WARNING ⚠️ Unable to automatically guess model task, assuming 'task=detect'. Explicitly define task for your model, i.e. 'task=detect', 'segment', 'classify', 'pose', 'obb' or 'semantic'.
Loading yolov8s.engine for TensorRT inference...
[09/09/2026-13:43:28] [TRT] [I] The logger passed into createInferRuntime differs from one already provided for an existing builder, runtime, or refitter. Uses of the global logger, returned by nvinfer1::getLogger(), will return the existing value.
[09/09/2026-13:43:28] [TRT] [I] Loaded engine size: 23 MiB
[09/09/2026-13:43:28] [TRT] [I] [MemUsageChange] TensorRT-managed allocation in IExecutionContext creation: CPU +1, GPU +7, now: CPU 1, GPU 38 (MiB)
13:43:28  INFO     [RAMS] YOLOv8-small ready — TensorRT yolov8s.engine (imgsz=416).
WARNING ⚠️ Unable to automatically guess model task, assuming 'task=detect'. Explicitly define task for your model, i.e. 'task=detect', 'segment', 'classify', 'pose', 'obb' or 'semantic'.
Loading yolov8m.engine for TensorRT inference...
[09/09/2026-13:43:28] [TRT] [I] The logger passed into createInferRuntime differs from one already provided for an existing builder, runtime, or refitter. Uses of the global logger, returned by nvinfer1::getLogger(), will return the existing value.
[09/09/2026-13:43:28] [TRT] [I] Loaded engine size: 52 MiB
[09/09/2026-13:43:28] [TRT] [I] [MemUsageChange] TensorRT-managed allocation in IExecutionContext creation: CPU +0, GPU +29, now: CPU 1, GPU 117 (MiB)
13:43:28  INFO     [RAMS] YOLOv8-medium ready — TensorRT yolov8m.engine (imgsz=640).
13:43:28  INFO     [RAMS] Controller ready. Policy: fixed
13:43:29  INFO     [RAMS] Tier switch: SMALL → MEDIUM  (R=0.304)
13:43:30  INFO       [fixed_medium / light] 20/200  tier=MEDIUM  latency=18.0 ms  R=0.376  target=0.25  dets=21  vru=False  backend=tensorrt
13:43:30  INFO       [fixed_medium / light] 40/200  tier=MEDIUM  latency=16.2 ms  R=0.378  target=0.25  dets=13  vru=False  backend=tensorrt
13:43:31  INFO       [fixed_medium / light] 60/200  tier=MEDIUM  latency=16.4 ms  R=0.368  target=0.25  dets=8  vru=False  backend=tensorrt
13:43:31  INFO       [fixed_medium / light] 80/200  tier=MEDIUM  latency=15.3 ms  R=0.336  target=0.25  dets=8  vru=False  backend=tensorrt
13:43:32  INFO       [fixed_medium / light] 100/200  tier=MEDIUM  latency=13.9 ms  R=0.469  target=0.25  dets=2  vru=False  backend=tensorrt
13:43:33  INFO       [fixed_medium / light] 120/200  tier=MEDIUM  latency=15.7 ms  R=0.394  target=0.25  dets=10  vru=False  backend=tensorrt
13:43:33  INFO       [fixed_medium / light] 140/200  tier=MEDIUM  latency=15.3 ms  R=0.469  target=0.25  dets=8  vru=False  backend=tensorrt
13:43:34  INFO       [fixed_medium / light] 160/200  tier=MEDIUM  latency=14.8 ms  R=0.316  target=0.25  dets=6  vru=False  backend=tensorrt
13:43:34  INFO       [fixed_medium / light] 180/200  tier=MEDIUM  latency=14.5 ms  R=0.370  target=0.25  dets=4  vru=False  backend=tensorrt
13:43:35  INFO       [fixed_medium / light] 200/200  tier=MEDIUM  latency=14.7 ms  R=0.358  target=0.25  dets=5  vru=False  backend=tensorrt
13:43:35  INFO     [RAMS] Controller stopped.
13:43:35  INFO     
--- Block 2/10  Policy: fixed_small  Load: light (25%) ---
13:43:35  INFO     [RAMS] Starting resource monitor ...
13:43:35  INFO     [RAMS] Loading model tiers ...
WARNING ⚠️ Unable to automatically guess model task, assuming 'task=detect'. Explicitly define task for your model, i.e. 'task=detect', 'segment', 'classify', 'pose', 'obb' or 'semantic'.
Loading yolov8n.engine for TensorRT inference...
[09/09/2026-13:43:35] [TRT] [I] Loaded engine size: 7 MiB
[09/09/2026-13:43:35] [TRT] [I] [MemUsageChange] TensorRT-managed allocation in IExecutionContext creation: CPU +0, GPU +3, now: CPU 0, GPU 9 (MiB)
13:43:35  INFO     [RAMS] YOLOv8-nano ready — TensorRT yolov8n.engine (imgsz=320).
WARNING ⚠️ Unable to automatically guess model task, assuming 'task=detect'. Explicitly define task for your model, i.e. 'task=detect', 'segment', 'classify', 'pose', 'obb' or 'semantic'.
Loading yolov8s.engine for TensorRT inference...
[09/09/2026-13:43:35] [TRT] [I] The logger passed into createInferRuntime differs from one already provided for an existing builder, runtime, or refitter. Uses of the global logger, returned by nvinfer1::getLogger(), will return the existing value.
[09/09/2026-13:43:35] [TRT] [I] Loaded engine size: 23 MiB
[09/09/2026-13:43:35] [TRT] [I] [MemUsageChange] TensorRT-managed allocation in IExecutionContext creation: CPU +1, GPU +7, now: CPU 1, GPU 38 (MiB)
13:43:35  INFO     [RAMS] YOLOv8-small ready — TensorRT yolov8s.engine (imgsz=416).
WARNING ⚠️ Unable to automatically guess model task, assuming 'task=detect'. Explicitly define task for your model, i.e. 'task=detect', 'segment', 'classify', 'pose', 'obb' or 'semantic'.
Loading yolov8m.engine for TensorRT inference...
[09/09/2026-13:43:35] [TRT] [I] The logger passed into createInferRuntime differs from one already provided for an existing builder, runtime, or refitter. Uses of the global logger, returned by nvinfer1::getLogger(), will return the existing value.
[09/09/2026-13:43:35] [TRT] [I] Loaded engine size: 52 MiB
[09/09/2026-13:43:35] [TRT] [I] [MemUsageChange] TensorRT-managed allocation in IExecutionContext creation: CPU +0, GPU +29, now: CPU 1, GPU 117 (MiB)
13:43:35  INFO     [RAMS] YOLOv8-medium ready — TensorRT yolov8m.engine (imgsz=640).
13:43:35  INFO     [RAMS] Controller ready. Policy: fixed
13:43:36  INFO       [fixed_small / light] 20/200  tier=SMALL   latency=10.9 ms  R=0.326  target=0.25  dets=16  vru=False  backend=tensorrt
13:43:37  INFO       [fixed_small / light] 40/200  tier=SMALL   latency=9.0 ms  R=0.316  target=0.25  dets=6  vru=False  backend=tensorrt
13:43:37  INFO       [fixed_small / light] 60/200  tier=SMALL   latency=8.8 ms  R=0.334  target=0.25  dets=6  vru=False  backend=tensorrt
13:43:38  INFO       [fixed_small / light] 80/200  tier=SMALL   latency=8.5 ms  R=0.324  target=0.25  dets=5  vru=False  backend=tensorrt
13:43:38  INFO       [fixed_small / light] 100/200  tier=SMALL   latency=7.8 ms  R=0.332  target=0.25  dets=2  vru=False  backend=tensorrt
13:43:39  INFO       [fixed_small / light] 120/200  tier=SMALL   latency=9.5 ms  R=0.324  target=0.25  dets=10  vru=False  backend=tensorrt
13:43:39  INFO       [fixed_small / light] 140/200  tier=SMALL   latency=8.0 ms  R=0.431  target=0.25  dets=3  vru=False  backend=tensorrt
13:43:39  INFO       [fixed_small / light] 160/200  tier=SMALL   latency=5.9 ms  R=0.322  target=0.25  dets=0  vru=False  backend=tensorrt
13:43:40  INFO       [fixed_small / light] 180/200  tier=SMALL   latency=8.2 ms  R=0.305  target=0.25  dets=4  vru=True  backend=tensorrt
13:43:40  INFO       [fixed_small / light] 200/200  tier=SMALL   latency=9.0 ms  R=0.322  target=0.25  dets=7  vru=False  backend=tensorrt
13:43:40  INFO     [RAMS] Controller stopped.
13:43:40  INFO     
--- Block 2/10  Policy: safety  Load: light (25%) ---
13:43:40  INFO     [RAMS] Starting resource monitor ...
13:43:40  INFO     [RAMS] Loading model tiers ...
WARNING ⚠️ Unable to automatically guess model task, assuming 'task=detect'. Explicitly define task for your model, i.e. 'task=detect', 'segment', 'classify', 'pose', 'obb' or 'semantic'.
Loading yolov8n.engine for TensorRT inference...
[09/09/2026-13:43:40] [TRT] [I] Loaded engine size: 7 MiB
[09/09/2026-13:43:40] [TRT] [I] [MemUsageChange] TensorRT-managed allocation in IExecutionContext creation: CPU +0, GPU +3, now: CPU 0, GPU 9 (MiB)
13:43:40  INFO     [RAMS] YOLOv8-nano ready — TensorRT yolov8n.engine (imgsz=320).
WARNING ⚠️ Unable to automatically guess model task, assuming 'task=detect'. Explicitly define task for your model, i.e. 'task=detect', 'segment', 'classify', 'pose', 'obb' or 'semantic'.
Loading yolov8s.engine for TensorRT inference...
[09/09/2026-13:43:40] [TRT] [I] The logger passed into createInferRuntime differs from one already provided for an existing builder, runtime, or refitter. Uses of the global logger, returned by nvinfer1::getLogger(), will return the existing value.
[09/09/2026-13:43:41] [TRT] [I] Loaded engine size: 23 MiB
[09/09/2026-13:43:41] [TRT] [I] [MemUsageChange] TensorRT-managed allocation in IExecutionContext creation: CPU +1, GPU +7, now: CPU 1, GPU 38 (MiB)
13:43:41  INFO     [RAMS] YOLOv8-small ready — TensorRT yolov8s.engine (imgsz=416).
WARNING ⚠️ Unable to automatically guess model task, assuming 'task=detect'. Explicitly define task for your model, i.e. 'task=detect', 'segment', 'classify', 'pose', 'obb' or 'semantic'.
Loading yolov8m.engine for TensorRT inference...
[09/09/2026-13:43:41] [TRT] [I] The logger passed into createInferRuntime differs from one already provided for an existing builder, runtime, or refitter. Uses of the global logger, returned by nvinfer1::getLogger(), will return the existing value.
[09/09/2026-13:43:41] [TRT] [I] Loaded engine size: 52 MiB
[09/09/2026-13:43:41] [TRT] [I] [MemUsageChange] TensorRT-managed allocation in IExecutionContext creation: CPU +0, GPU +29, now: CPU 1, GPU 117 (MiB)
13:43:41  INFO     [RAMS] YOLOv8-medium ready — TensorRT yolov8m.engine (imgsz=640).
13:43:41  INFO     [RAMS] Controller ready. Policy: safety
13:43:42  INFO       [safety / light] 20/200  tier=SMALL   latency=10.9 ms  R=0.324  target=0.25  dets=16  vru=False  backend=tensorrt
13:43:43  INFO       [safety / light] 40/200  tier=SMALL   latency=8.6 ms  R=0.318  target=0.25  dets=6  vru=False  backend=tensorrt
13:43:43  INFO       [safety / light] 60/200  tier=SMALL   latency=8.9 ms  R=0.324  target=0.25  dets=6  vru=False  backend=tensorrt
13:43:43  INFO       [safety / light] 80/200  tier=SMALL   latency=8.4 ms  R=0.332  target=0.25  dets=5  vru=False  backend=tensorrt
13:43:44  INFO       [safety / light] 100/200  tier=SMALL   latency=7.8 ms  R=0.322  target=0.25  dets=2  vru=False  backend=tensorrt
13:43:44  INFO       [safety / light] 120/200  tier=SMALL   latency=9.9 ms  R=0.328  target=0.25  dets=10  vru=False  backend=tensorrt
13:43:45  INFO       [safety / light] 140/200  tier=SMALL   latency=7.9 ms  R=0.339  target=0.25  dets=3  vru=False  backend=tensorrt
13:43:45  INFO       [safety / light] 160/200  tier=SMALL   latency=5.8 ms  R=0.445  target=0.25  dets=0  vru=False  backend=tensorrt
13:43:45  INFO       [safety / light] 180/200  tier=SMALL   latency=8.6 ms  R=0.380  target=0.25  dets=4  vru=True  backend=tensorrt
13:43:46  INFO       [safety / light] 200/200  tier=SMALL   latency=9.2 ms  R=0.445  target=0.25  dets=7  vru=False  backend=tensorrt
13:43:46  INFO     [RAMS] Controller stopped.
13:43:46  INFO     
--- Block 2/10  Policy: adaptive  Load: light (25%) ---
13:43:46  INFO     [RAMS] Starting resource monitor ...
13:43:46  INFO     [RAMS] Loading model tiers ...
WARNING ⚠️ Unable to automatically guess model task, assuming 'task=detect'. Explicitly define task for your model, i.e. 'task=detect', 'segment', 'classify', 'pose', 'obb' or 'semantic'.
Loading yolov8n.engine for TensorRT inference...
[09/09/2026-13:43:46] [TRT] [I] Loaded engine size: 7 MiB
[09/09/2026-13:43:46] [TRT] [I] [MemUsageChange] TensorRT-managed allocation in IExecutionContext creation: CPU +0, GPU +3, now: CPU 0, GPU 9 (MiB)
13:43:46  INFO     [RAMS] YOLOv8-nano ready — TensorRT yolov8n.engine (imgsz=320).
WARNING ⚠️ Unable to automatically guess model task, assuming 'task=detect'. Explicitly define task for your model, i.e. 'task=detect', 'segment', 'classify', 'pose', 'obb' or 'semantic'.
Loading yolov8s.engine for TensorRT inference...
[09/09/2026-13:43:46] [TRT] [I] The logger passed into createInferRuntime differs from one already provided for an existing builder, runtime, or refitter. Uses of the global logger, returned by nvinfer1::getLogger(), will return the existing value.
[09/09/2026-13:43:46] [TRT] [I] Loaded engine size: 23 MiB
[09/09/2026-13:43:46] [TRT] [I] [MemUsageChange] TensorRT-managed allocation in IExecutionContext creation: CPU +1, GPU +7, now: CPU 1, GPU 38 (MiB)
13:43:46  INFO     [RAMS] YOLOv8-small ready — TensorRT yolov8s.engine (imgsz=416).
WARNING ⚠️ Unable to automatically guess model task, assuming 'task=detect'. Explicitly define task for your model, i.e. 'task=detect', 'segment', 'classify', 'pose', 'obb' or 'semantic'.
Loading yolov8m.engine for TensorRT inference...
[09/09/2026-13:43:46] [TRT] [I] The logger passed into createInferRuntime differs from one already provided for an existing builder, runtime, or refitter. Uses of the global logger, returned by nvinfer1::getLogger(), will return the existing value.
[09/09/2026-13:43:46] [TRT] [I] Loaded engine size: 52 MiB
[09/09/2026-13:43:46] [TRT] [I] [MemUsageChange] TensorRT-managed allocation in IExecutionContext creation: CPU +0, GPU +29, now: CPU 1, GPU 117 (MiB)
13:43:46  INFO     [RAMS] YOLOv8-medium ready — TensorRT yolov8m.engine (imgsz=640).
13:43:46  INFO     [RAMS] Controller ready. Policy: adaptive
13:43:48  INFO       [adaptive / light] 20/200  tier=SMALL   latency=11.3 ms  R=0.405  target=0.25  dets=16  vru=False  backend=tensorrt
13:43:48  INFO       [adaptive / light] 40/200  tier=SMALL   latency=8.9 ms  R=0.412  target=0.25  dets=6  vru=False  backend=tensorrt
13:43:49  INFO       [adaptive / light] 60/200  tier=SMALL   latency=8.9 ms  R=0.392  target=0.25  dets=6  vru=False  backend=tensorrt
13:43:49  INFO       [adaptive / light] 80/200  tier=SMALL   latency=9.2 ms  R=0.427  target=0.25  dets=5  vru=False  backend=tensorrt
13:43:50  INFO       [adaptive / light] 100/200  tier=SMALL   latency=7.9 ms  R=0.391  target=0.25  dets=2  vru=False  backend=tensorrt
13:43:50  INFO       [adaptive / light] 120/200  tier=SMALL   latency=10.2 ms  R=0.462  target=0.25  dets=10  vru=False  backend=tensorrt
13:43:50  INFO       [adaptive / light] 140/200  tier=SMALL   latency=8.1 ms  R=0.394  target=0.25  dets=3  vru=False  backend=tensorrt
13:43:51  INFO       [adaptive / light] 160/200  tier=SMALL   latency=6.3 ms  R=0.392  target=0.25  dets=0  vru=False  backend=tensorrt
13:43:51  INFO       [adaptive / light] 180/200  tier=SMALL   latency=8.1 ms  R=0.386  target=0.25  dets=4  vru=True  backend=tensorrt
13:43:52  INFO       [adaptive / light] 200/200  tier=SMALL   latency=8.8 ms  R=0.326  target=0.25  dets=7  vru=False  backend=tensorrt
13:43:52  INFO     [RAMS] Controller stopped.
13:43:52  INFO     
--- Block 2/10  Policy: fixed_nano  Load: light (25%) ---
13:43:52  INFO     [RAMS] Starting resource monitor ...
13:43:52  INFO     [RAMS] Loading model tiers ...
WARNING ⚠️ Unable to automatically guess model task, assuming 'task=detect'. Explicitly define task for your model, i.e. 'task=detect', 'segment', 'classify', 'pose', 'obb' or 'semantic'.
Loading yolov8n.engine for TensorRT inference...
[09/09/2026-13:43:52] [TRT] [I] Loaded engine size: 7 MiB
[09/09/2026-13:43:52] [TRT] [I] [MemUsageChange] TensorRT-managed allocation in IExecutionContext creation: CPU +0, GPU +3, now: CPU 0, GPU 9 (MiB)
13:43:52  INFO     [RAMS] YOLOv8-nano ready — TensorRT yolov8n.engine (imgsz=320).
WARNING ⚠️ Unable to automatically guess model task, assuming 'task=detect'. Explicitly define task for your model, i.e. 'task=detect', 'segment', 'classify', 'pose', 'obb' or 'semantic'.
Loading yolov8s.engine for TensorRT inference...
[09/09/2026-13:43:52] [TRT] [I] The logger passed into createInferRuntime differs from one already provided for an existing builder, runtime, or refitter. Uses of the global logger, returned by nvinfer1::getLogger(), will return the existing value.
[09/09/2026-13:43:52] [TRT] [I] Loaded engine size: 23 MiB
[09/09/2026-13:43:52] [TRT] [I] [MemUsageChange] TensorRT-managed allocation in IExecutionContext creation: CPU +1, GPU +7, now: CPU 1, GPU 38 (MiB)
13:43:52  INFO     [RAMS] YOLOv8-small ready — TensorRT yolov8s.engine (imgsz=416).
WARNING ⚠️ Unable to automatically guess model task, assuming 'task=detect'. Explicitly define task for your model, i.e. 'task=detect', 'segment', 'classify', 'pose', 'obb' or 'semantic'.
Loading yolov8m.engine for TensorRT inference...
[09/09/2026-13:43:52] [TRT] [I] The logger passed into createInferRuntime differs from one already provided for an existing builder, runtime, or refitter. Uses of the global logger, returned by nvinfer1::getLogger(), will return the existing value.
[09/09/2026-13:43:52] [TRT] [I] Loaded engine size: 52 MiB
[09/09/2026-13:43:52] [TRT] [I] [MemUsageChange] TensorRT-managed allocation in IExecutionContext creation: CPU +0, GPU +29, now: CPU 1, GPU 117 (MiB)
13:43:52  INFO     [RAMS] YOLOv8-medium ready — TensorRT yolov8m.engine (imgsz=640).
13:43:52  INFO     [RAMS] Controller ready. Policy: fixed
13:43:53  INFO     [RAMS] Tier switch: SMALL → NANO  (R=0.271)
13:43:53  INFO       [fixed_nano / light] 20/200  tier=NANO    latency=9.1 ms  R=0.316  target=0.25  dets=14  vru=False  backend=tensorrt
13:43:54  INFO       [fixed_nano / light] 40/200  tier=NANO    latency=6.8 ms  R=0.322  target=0.25  dets=4  vru=False  backend=tensorrt
13:43:54  INFO       [fixed_nano / light] 60/200  tier=NANO    latency=6.6 ms  R=0.316  target=0.25  dets=3  vru=False  backend=tensorrt
13:43:55  INFO       [fixed_nano / light] 80/200  tier=NANO    latency=7.5 ms  R=0.318  target=0.25  dets=5  vru=False  backend=tensorrt
13:43:55  INFO       [fixed_nano / light] 100/200  tier=NANO    latency=6.8 ms  R=0.318  target=0.25  dets=1  vru=False  backend=tensorrt
13:43:55  INFO       [fixed_nano / light] 120/200  tier=NANO    latency=6.8 ms  R=0.322  target=0.25  dets=4  vru=False  backend=tensorrt
13:43:56  INFO       [fixed_nano / light] 140/200  tier=NANO    latency=6.6 ms  R=0.308  target=0.25  dets=2  vru=False  backend=tensorrt
13:43:56  INFO       [fixed_nano / light] 160/200  tier=NANO    latency=4.6 ms  R=0.376  target=0.25  dets=0  vru=False  backend=tensorrt
13:43:56  INFO       [fixed_nano / light] 180/200  tier=NANO    latency=6.6 ms  R=0.318  target=0.25  dets=2  vru=False  backend=tensorrt
13:43:57  INFO       [fixed_nano / light] 200/200  tier=NANO    latency=7.2 ms  R=0.311  target=0.25  dets=6  vru=False  backend=tensorrt
13:43:57  INFO     [RAMS] Controller stopped.
13:43:57  INFO     
--- Block 2/10  Policy: predictive  Load: light (25%) ---
13:43:57  INFO     [RAMS] Starting resource monitor ...
13:43:57  INFO     [RAMS] Loading model tiers ...
WARNING ⚠️ Unable to automatically guess model task, assuming 'task=detect'. Explicitly define task for your model, i.e. 'task=detect', 'segment', 'classify', 'pose', 'obb' or 'semantic'.
Loading yolov8n.engine for TensorRT inference...
[09/09/2026-13:43:57] [TRT] [I] Loaded engine size: 7 MiB
[09/09/2026-13:43:57] [TRT] [I] [MemUsageChange] TensorRT-managed allocation in IExecutionContext creation: CPU +0, GPU +3, now: CPU 0, GPU 9 (MiB)
13:43:57  INFO     [RAMS] YOLOv8-nano ready — TensorRT yolov8n.engine (imgsz=320).
WARNING ⚠️ Unable to automatically guess model task, assuming 'task=detect'. Explicitly define task for your model, i.e. 'task=detect', 'segment', 'classify', 'pose', 'obb' or 'semantic'.
Loading yolov8s.engine for TensorRT inference...
[09/09/2026-13:43:57] [TRT] [I] The logger passed into createInferRuntime differs from one already provided for an existing builder, runtime, or refitter. Uses of the global logger, returned by nvinfer1::getLogger(), will return the existing value.
[09/09/2026-13:43:57] [TRT] [I] Loaded engine size: 23 MiB
[09/09/2026-13:43:57] [TRT] [I] [MemUsageChange] TensorRT-managed allocation in IExecutionContext creation: CPU +1, GPU +7, now: CPU 1, GPU 38 (MiB)
13:43:57  INFO     [RAMS] YOLOv8-small ready — TensorRT yolov8s.engine (imgsz=416).
WARNING ⚠️ Unable to automatically guess model task, assuming 'task=detect'. Explicitly define task for your model, i.e. 'task=detect', 'segment', 'classify', 'pose', 'obb' or 'semantic'.
Loading yolov8m.engine for TensorRT inference...
[09/09/2026-13:43:57] [TRT] [I] The logger passed into createInferRuntime differs from one already provided for an existing builder, runtime, or refitter. Uses of the global logger, returned by nvinfer1::getLogger(), will return the existing value.
[09/09/2026-13:43:57] [TRT] [I] Loaded engine size: 52 MiB
[09/09/2026-13:43:57] [TRT] [I] [MemUsageChange] TensorRT-managed allocation in IExecutionContext creation: CPU +0, GPU +29, now: CPU 1, GPU 117 (MiB)
13:43:57  INFO     [RAMS] YOLOv8-medium ready — TensorRT yolov8m.engine (imgsz=640).
13:43:57  INFO     [RAMS] Controller ready. Policy: predictive
13:43:59  INFO       [predictive / light] 20/200  tier=SMALL   latency=11.1 ms  R=0.324  target=0.25  dets=16  vru=False  backend=tensorrt
13:43:59  INFO       [predictive / light] 40/200  tier=SMALL   latency=8.6 ms  R=0.313  target=0.25  dets=6  vru=False  backend=tensorrt
13:43:59  INFO       [predictive / light] 60/200  tier=SMALL   latency=8.6 ms  R=0.324  target=0.25  dets=6  vru=False  backend=tensorrt
13:44:00  INFO       [predictive / light] 80/200  tier=SMALL   latency=9.3 ms  R=0.318  target=0.25  dets=5  vru=False  backend=tensorrt
13:44:00  INFO       [predictive / light] 100/200  tier=SMALL   latency=7.7 ms  R=0.322  target=0.25  dets=2  vru=False  backend=tensorrt
13:44:01  INFO       [predictive / light] 120/200  tier=SMALL   latency=9.5 ms  R=0.324  target=0.25  dets=10  vru=False  backend=tensorrt
13:44:01  INFO       [predictive / light] 140/200  tier=SMALL   latency=8.0 ms  R=0.326  target=0.25  dets=3  vru=False  backend=tensorrt
13:44:02  INFO       [predictive / light] 160/200  tier=SMALL   latency=6.0 ms  R=0.324  target=0.25  dets=0  vru=False  backend=tensorrt
13:44:02  INFO       [predictive / light] 180/200  tier=SMALL   latency=8.3 ms  R=0.400  target=0.25  dets=4  vru=True  backend=tensorrt
13:44:02  INFO       [predictive / light] 200/200  tier=SMALL   latency=8.9 ms  R=0.318  target=0.25  dets=7  vru=False  backend=tensorrt
13:44:03  INFO     [RAMS] Controller stopped.
13:44:03  INFO     
--- Block 3/10  Policy: threshold  Load: light (25%) ---
13:44:03  INFO     [RAMS] Starting resource monitor ...
13:44:03  INFO     [RAMS] Loading model tiers ...
WARNING ⚠️ Unable to automatically guess model task, assuming 'task=detect'. Explicitly define task for your model, i.e. 'task=detect', 'segment', 'classify', 'pose', 'obb' or 'semantic'.
Loading yolov8n.engine for TensorRT inference...
[09/09/2026-13:44:03] [TRT] [I] Loaded engine size: 7 MiB
[09/09/2026-13:44:03] [TRT] [I] [MemUsageChange] TensorRT-managed allocation in IExecutionContext creation: CPU +0, GPU +3, now: CPU 0, GPU 9 (MiB)
13:44:03  INFO     [RAMS] YOLOv8-nano ready — TensorRT yolov8n.engine (imgsz=320).
WARNING ⚠️ Unable to automatically guess model task, assuming 'task=detect'. Explicitly define task for your model, i.e. 'task=detect', 'segment', 'classify', 'pose', 'obb' or 'semantic'.
Loading yolov8s.engine for TensorRT inference...
[09/09/2026-13:44:03] [TRT] [I] The logger passed into createInferRuntime differs from one already provided for an existing builder, runtime, or refitter. Uses of the global logger, returned by nvinfer1::getLogger(), will return the existing value.
[09/09/2026-13:44:03] [TRT] [I] Loaded engine size: 23 MiB
[09/09/2026-13:44:03] [TRT] [I] [MemUsageChange] TensorRT-managed allocation in IExecutionContext creation: CPU +1, GPU +7, now: CPU 1, GPU 38 (MiB)
13:44:03  INFO     [RAMS] YOLOv8-small ready — TensorRT yolov8s.engine (imgsz=416).
WARNING ⚠️ Unable to automatically guess model task, assuming 'task=detect'. Explicitly define task for your model, i.e. 'task=detect', 'segment', 'classify', 'pose', 'obb' or 'semantic'.
Loading yolov8m.engine for TensorRT inference...
[09/09/2026-13:44:03] [TRT] [I] The logger passed into createInferRuntime differs from one already provided for an existing builder, runtime, or refitter. Uses of the global logger, returned by nvinfer1::getLogger(), will return the existing value.
[09/09/2026-13:44:03] [TRT] [I] Loaded engine size: 52 MiB
[09/09/2026-13:44:03] [TRT] [I] [MemUsageChange] TensorRT-managed allocation in IExecutionContext creation: CPU +0, GPU +29, now: CPU 1, GPU 117 (MiB)
13:44:03  INFO     [RAMS] YOLOv8-medium ready — TensorRT yolov8m.engine (imgsz=640).
13:44:03  INFO     [RAMS] Controller ready. Policy: threshold
13:44:04  INFO       [threshold / light] 20/200  tier=SMALL   latency=8.9 ms  R=0.326  target=0.25  dets=7  vru=False  backend=tensorrt
13:44:05  INFO       [threshold / light] 40/200  tier=SMALL   latency=9.3 ms  R=0.314  target=0.25  dets=9  vru=False  backend=tensorrt
13:44:05  INFO       [threshold / light] 60/200  tier=SMALL   latency=10.4 ms  R=0.326  target=0.25  dets=14  vru=False  backend=tensorrt
13:44:06  INFO       [threshold / light] 80/200  tier=SMALL   latency=10.7 ms  R=0.306  target=0.25  dets=15  vru=True  backend=tensorrt
13:44:06  INFO       [threshold / light] 100/200  tier=SMALL   latency=8.3 ms  R=0.326  target=0.25  dets=2  vru=False  backend=tensorrt
13:44:06  INFO       [threshold / light] 120/200  tier=SMALL   latency=8.5 ms  R=0.310  target=0.25  dets=5  vru=False  backend=tensorrt
13:44:07  INFO       [threshold / light] 140/200  tier=SMALL   latency=8.3 ms  R=0.388  target=0.25  dets=3  vru=True  backend=tensorrt
13:44:07  INFO       [threshold / light] 160/200  tier=SMALL   latency=8.2 ms  R=0.436  target=0.25  dets=2  vru=False  backend=tensorrt
13:44:08  INFO       [threshold / light] 180/200  tier=SMALL   latency=9.2 ms  R=0.401  target=0.25  dets=6  vru=False  backend=tensorrt
13:44:08  INFO       [threshold / light] 200/200  tier=SMALL   latency=11.1 ms  R=0.502  target=0.25  dets=5  vru=False  backend=tensorrt
13:44:08  INFO     [RAMS] Controller stopped.
13:44:08  INFO     
--- Block 3/10  Policy: adaptive  Load: light (25%) ---
13:44:08  INFO     [RAMS] Starting resource monitor ...
13:44:08  INFO     [RAMS] Loading model tiers ...
WARNING ⚠️ Unable to automatically guess model task, assuming 'task=detect'. Explicitly define task for your model, i.e. 'task=detect', 'segment', 'classify', 'pose', 'obb' or 'semantic'.
Loading yolov8n.engine for TensorRT inference...
[09/09/2026-13:44:08] [TRT] [I] Loaded engine size: 7 MiB
[09/09/2026-13:44:08] [TRT] [I] [MemUsageChange] TensorRT-managed allocation in IExecutionContext creation: CPU +0, GPU +3, now: CPU 0, GPU 9 (MiB)
13:44:08  INFO     [RAMS] YOLOv8-nano ready — TensorRT yolov8n.engine (imgsz=320).
WARNING ⚠️ Unable to automatically guess model task, assuming 'task=detect'. Explicitly define task for your model, i.e. 'task=detect', 'segment', 'classify', 'pose', 'obb' or 'semantic'.
Loading yolov8s.engine for TensorRT inference...
[09/09/2026-13:44:08] [TRT] [I] The logger passed into createInferRuntime differs from one already provided for an existing builder, runtime, or refitter. Uses of the global logger, returned by nvinfer1::getLogger(), will return the existing value.
[09/09/2026-13:44:08] [TRT] [I] Loaded engine size: 23 MiB
[09/09/2026-13:44:08] [TRT] [I] [MemUsageChange] TensorRT-managed allocation in IExecutionContext creation: CPU +1, GPU +7, now: CPU 1, GPU 38 (MiB)
13:44:08  INFO     [RAMS] YOLOv8-small ready — TensorRT yolov8s.engine (imgsz=416).
WARNING ⚠️ Unable to automatically guess model task, assuming 'task=detect'. Explicitly define task for your model, i.e. 'task=detect', 'segment', 'classify', 'pose', 'obb' or 'semantic'.
Loading yolov8m.engine for TensorRT inference...
[09/09/2026-13:44:08] [TRT] [I] The logger passed into createInferRuntime differs from one already provided for an existing builder, runtime, or refitter. Uses of the global logger, returned by nvinfer1::getLogger(), will return the existing value.
[09/09/2026-13:44:08] [TRT] [I] Loaded engine size: 52 MiB
[09/09/2026-13:44:09] [TRT] [I] [MemUsageChange] TensorRT-managed allocation in IExecutionContext creation: CPU +0, GPU +29, now: CPU 1, GPU 117 (MiB)
13:44:09  INFO     [RAMS] YOLOv8-medium ready — TensorRT yolov8m.engine (imgsz=640).
13:44:09  INFO     [RAMS] Controller ready. Policy: adaptive
13:44:10  INFO       [adaptive / light] 20/200  tier=SMALL   latency=9.1 ms  R=0.487  target=0.25  dets=7  vru=False  backend=tensorrt
13:44:10  INFO       [adaptive / light] 40/200  tier=SMALL   latency=9.5 ms  R=0.403  target=0.25  dets=9  vru=False  backend=tensorrt
13:44:11  INFO       [adaptive / light] 60/200  tier=SMALL   latency=10.6 ms  R=0.389  target=0.25  dets=14  vru=False  backend=tensorrt
13:44:11  INFO       [adaptive / light] 80/200  tier=SMALL   latency=11.0 ms  R=0.402  target=0.25  dets=15  vru=True  backend=tensorrt
13:44:12  INFO       [adaptive / light] 100/200  tier=SMALL   latency=8.4 ms  R=0.381  target=0.25  dets=2  vru=False  backend=tensorrt
13:44:12  INFO       [adaptive / light] 120/200  tier=SMALL   latency=8.9 ms  R=0.400  target=0.25  dets=5  vru=False  backend=tensorrt
13:44:13  INFO       [adaptive / light] 140/200  tier=SMALL   latency=8.4 ms  R=0.351  target=0.25  dets=3  vru=True  backend=tensorrt
13:44:13  INFO       [adaptive / light] 160/200  tier=SMALL   latency=8.2 ms  R=0.328  target=0.25  dets=2  vru=False  backend=tensorrt
13:44:13  INFO       [adaptive / light] 180/200  tier=SMALL   latency=8.5 ms  R=0.326  target=0.25  dets=6  vru=False  backend=tensorrt
13:44:14  INFO       [adaptive / light] 200/200  tier=SMALL   latency=8.6 ms  R=0.322  target=0.25  dets=5  vru=False  backend=tensorrt
13:44:14  INFO     [RAMS] Controller stopped.
13:44:14  INFO     
--- Block 3/10  Policy: predictive  Load: light (25%) ---
13:44:14  INFO     [RAMS] Starting resource monitor ...
13:44:14  INFO     [RAMS] Loading model tiers ...
WARNING ⚠️ Unable to automatically guess model task, assuming 'task=detect'. Explicitly define task for your model, i.e. 'task=detect', 'segment', 'classify', 'pose', 'obb' or 'semantic'.
Loading yolov8n.engine for TensorRT inference...
[09/09/2026-13:44:14] [TRT] [I] Loaded engine size: 7 MiB
[09/09/2026-13:44:14] [TRT] [I] [MemUsageChange] TensorRT-managed allocation in IExecutionContext creation: CPU +0, GPU +3, now: CPU 0, GPU 9 (MiB)
13:44:14  INFO     [RAMS] YOLOv8-nano ready — TensorRT yolov8n.engine (imgsz=320).
WARNING ⚠️ Unable to automatically guess model task, assuming 'task=detect'. Explicitly define task for your model, i.e. 'task=detect', 'segment', 'classify', 'pose', 'obb' or 'semantic'.
Loading yolov8s.engine for TensorRT inference...
[09/09/2026-13:44:14] [TRT] [I] The logger passed into createInferRuntime differs from one already provided for an existing builder, runtime, or refitter. Uses of the global logger, returned by nvinfer1::getLogger(), will return the existing value.
[09/09/2026-13:44:14] [TRT] [I] Loaded engine size: 23 MiB
[09/09/2026-13:44:14] [TRT] [I] [MemUsageChange] TensorRT-managed allocation in IExecutionContext creation: CPU +1, GPU +7, now: CPU 1, GPU 38 (MiB)
13:44:14  INFO     [RAMS] YOLOv8-small ready — TensorRT yolov8s.engine (imgsz=416).
WARNING ⚠️ Unable to automatically guess model task, assuming 'task=detect'. Explicitly define task for your model, i.e. 'task=detect', 'segment', 'classify', 'pose', 'obb' or 'semantic'.
Loading yolov8m.engine for TensorRT inference...
[09/09/2026-13:44:14] [TRT] [I] The logger passed into createInferRuntime differs from one already provided for an existing builder, runtime, or refitter. Uses of the global logger, returned by nvinfer1::getLogger(), will return the existing value.
[09/09/2026-13:44:14] [TRT] [I] Loaded engine size: 52 MiB
[09/09/2026-13:44:14] [TRT] [I] [MemUsageChange] TensorRT-managed allocation in IExecutionContext creation: CPU +0, GPU +29, now: CPU 1, GPU 117 (MiB)
13:44:14  INFO     [RAMS] YOLOv8-medium ready — TensorRT yolov8m.engine (imgsz=640).
13:44:14  INFO     [RAMS] Controller ready. Policy: predictive
13:44:16  INFO       [predictive / light] 20/200  tier=SMALL   latency=8.9 ms  R=0.326  target=0.25  dets=7  vru=False  backend=tensorrt
13:44:16  INFO       [predictive / light] 40/200  tier=SMALL   latency=9.4 ms  R=0.344  target=0.25  dets=9  vru=False  backend=tensorrt
13:44:17  INFO       [predictive / light] 60/200  tier=SMALL   latency=10.3 ms  R=0.324  target=0.25  dets=14  vru=False  backend=tensorrt
13:44:17  INFO       [predictive / light] 80/200  tier=SMALL   latency=10.7 ms  R=0.405  target=0.25  dets=15  vru=True  backend=tensorrt
13:44:17  INFO       [predictive / light] 100/200  tier=SMALL   latency=7.8 ms  R=0.330  target=0.25  dets=2  vru=False  backend=tensorrt
13:44:18  INFO       [predictive / light] 120/200  tier=SMALL   latency=8.4 ms  R=0.321  target=0.25  dets=5  vru=False  backend=tensorrt
13:44:18  INFO       [predictive / light] 140/200  tier=SMALL   latency=8.0 ms  R=0.330  target=0.25  dets=3  vru=True  backend=tensorrt
13:44:19  INFO       [predictive / light] 160/200  tier=SMALL   latency=8.1 ms  R=0.326  target=0.25  dets=2  vru=False  backend=tensorrt
13:44:19  INFO       [predictive / light] 180/200  tier=SMALL   latency=8.7 ms  R=0.304  target=0.25  dets=6  vru=False  backend=tensorrt
13:44:19  INFO       [predictive / light] 200/200  tier=SMALL   latency=8.4 ms  R=0.306  target=0.25  dets=5  vru=False  backend=tensorrt
13:44:20  INFO     [RAMS] Controller stopped.
13:44:20  INFO     
--- Block 3/10  Policy: fixed_medium  Load: light (25%) ---
13:44:20  INFO     [RAMS] Starting resource monitor ...
13:44:20  INFO     [RAMS] Loading model tiers ...
WARNING ⚠️ Unable to automatically guess model task, assuming 'task=detect'. Explicitly define task for your model, i.e. 'task=detect', 'segment', 'classify', 'pose', 'obb' or 'semantic'.
Loading yolov8n.engine for TensorRT inference...
[09/09/2026-13:44:20] [TRT] [I] Loaded engine size: 7 MiB
[09/09/2026-13:44:20] [TRT] [I] [MemUsageChange] TensorRT-managed allocation in IExecutionContext creation: CPU +0, GPU +3, now: CPU 0, GPU 9 (MiB)
13:44:20  INFO     [RAMS] YOLOv8-nano ready — TensorRT yolov8n.engine (imgsz=320).
WARNING ⚠️ Unable to automatically guess model task, assuming 'task=detect'. Explicitly define task for your model, i.e. 'task=detect', 'segment', 'classify', 'pose', 'obb' or 'semantic'.
Loading yolov8s.engine for TensorRT inference...
[09/09/2026-13:44:20] [TRT] [I] The logger passed into createInferRuntime differs from one already provided for an existing builder, runtime, or refitter. Uses of the global logger, returned by nvinfer1::getLogger(), will return the existing value.
[09/09/2026-13:44:20] [TRT] [I] Loaded engine size: 23 MiB
[09/09/2026-13:44:20] [TRT] [I] [MemUsageChange] TensorRT-managed allocation in IExecutionContext creation: CPU +1, GPU +7, now: CPU 1, GPU 38 (MiB)
13:44:20  INFO     [RAMS] YOLOv8-small ready — TensorRT yolov8s.engine (imgsz=416).
WARNING ⚠️ Unable to automatically guess model task, assuming 'task=detect'. Explicitly define task for your model, i.e. 'task=detect', 'segment', 'classify', 'pose', 'obb' or 'semantic'.
Loading yolov8m.engine for TensorRT inference...
[09/09/2026-13:44:20] [TRT] [I] The logger passed into createInferRuntime differs from one already provided for an existing builder, runtime, or refitter. Uses of the global logger, returned by nvinfer1::getLogger(), will return the existing value.
[09/09/2026-13:44:20] [TRT] [I] Loaded engine size: 52 MiB
[09/09/2026-13:44:20] [TRT] [I] [MemUsageChange] TensorRT-managed allocation in IExecutionContext creation: CPU +0, GPU +29, now: CPU 1, GPU 117 (MiB)
13:44:20  INFO     [RAMS] YOLOv8-medium ready — TensorRT yolov8m.engine (imgsz=640).
13:44:20  INFO     [RAMS] Controller ready. Policy: fixed
13:44:21  INFO     [RAMS] Tier switch: SMALL → MEDIUM  (R=0.337)
13:44:22  INFO       [fixed_medium / light] 20/200  tier=MEDIUM  latency=15.2 ms  R=0.370  target=0.25  dets=8  vru=False  backend=tensorrt
13:44:22  INFO       [fixed_medium / light] 40/200  tier=MEDIUM  latency=15.7 ms  R=0.298  target=0.25  dets=10  vru=True  backend=tensorrt
13:44:23  INFO       [fixed_medium / light] 60/200  tier=MEDIUM  latency=16.6 ms  R=0.350  target=0.25  dets=14  vru=False  backend=tensorrt
13:44:23  INFO       [fixed_medium / light] 80/200  tier=MEDIUM  latency=17.4 ms  R=0.344  target=0.25  dets=18  vru=True  backend=tensorrt
13:44:24  INFO       [fixed_medium / light] 100/200  tier=MEDIUM  latency=13.9 ms  R=0.350  target=0.25  dets=2  vru=False  backend=tensorrt
13:44:24  INFO       [fixed_medium / light] 120/200  tier=MEDIUM  latency=16.3 ms  R=0.371  target=0.25  dets=13  vru=False  backend=tensorrt
13:44:25  INFO       [fixed_medium / light] 140/200  tier=MEDIUM  latency=14.7 ms  R=0.368  target=0.25  dets=6  vru=True  backend=tensorrt
13:44:25  INFO       [fixed_medium / light] 160/200  tier=MEDIUM  latency=14.5 ms  R=0.292  target=0.25  dets=4  vru=False  backend=tensorrt
13:44:26  INFO       [fixed_medium / light] 180/200  tier=MEDIUM  latency=15.8 ms  R=0.310  target=0.25  dets=10  vru=False  backend=tensorrt
13:44:27  INFO       [fixed_medium / light] 200/200  tier=MEDIUM  latency=14.7 ms  R=0.326  target=0.25  dets=6  vru=True  backend=tensorrt
13:44:27  INFO     [RAMS] Controller stopped.
13:44:27  INFO     
--- Block 3/10  Policy: safety2  Load: light (25%) ---
13:44:27  INFO     [RAMS] Starting resource monitor ...
13:44:27  INFO     [RAMS] Loading model tiers ...
WARNING ⚠️ Unable to automatically guess model task, assuming 'task=detect'. Explicitly define task for your model, i.e. 'task=detect', 'segment', 'classify', 'pose', 'obb' or 'semantic'.
Loading yolov8n.engine for TensorRT inference...
[09/09/2026-13:44:27] [TRT] [I] Loaded engine size: 7 MiB
[09/09/2026-13:44:27] [TRT] [I] [MemUsageChange] TensorRT-managed allocation in IExecutionContext creation: CPU +0, GPU +3, now: CPU 0, GPU 9 (MiB)
13:44:27  INFO     [RAMS] YOLOv8-nano ready — TensorRT yolov8n.engine (imgsz=320).
WARNING ⚠️ Unable to automatically guess model task, assuming 'task=detect'. Explicitly define task for your model, i.e. 'task=detect', 'segment', 'classify', 'pose', 'obb' or 'semantic'.
Loading yolov8s.engine for TensorRT inference...
[09/09/2026-13:44:27] [TRT] [I] The logger passed into createInferRuntime differs from one already provided for an existing builder, runtime, or refitter. Uses of the global logger, returned by nvinfer1::getLogger(), will return the existing value.
[09/09/2026-13:44:27] [TRT] [I] Loaded engine size: 23 MiB
[09/09/2026-13:44:27] [TRT] [I] [MemUsageChange] TensorRT-managed allocation in IExecutionContext creation: CPU +1, GPU +7, now: CPU 1, GPU 38 (MiB)
13:44:27  INFO     [RAMS] YOLOv8-small ready — TensorRT yolov8s.engine (imgsz=416).
WARNING ⚠️ Unable to automatically guess model task, assuming 'task=detect'. Explicitly define task for your model, i.e. 'task=detect', 'segment', 'classify', 'pose', 'obb' or 'semantic'.
Loading yolov8m.engine for TensorRT inference...
[09/09/2026-13:44:27] [TRT] [I] The logger passed into createInferRuntime differs from one already provided for an existing builder, runtime, or refitter. Uses of the global logger, returned by nvinfer1::getLogger(), will return the existing value.
[09/09/2026-13:44:27] [TRT] [I] Loaded engine size: 52 MiB
[09/09/2026-13:44:27] [TRT] [I] [MemUsageChange] TensorRT-managed allocation in IExecutionContext creation: CPU +0, GPU +29, now: CPU 1, GPU 117 (MiB)
13:44:27  INFO     [RAMS] YOLOv8-medium ready — TensorRT yolov8m.engine (imgsz=640).
13:44:27  INFO     [RAMS] Controller ready. Policy: safety2
13:44:28  INFO     [RAMS] Tier switch: SMALL → MEDIUM  (R=0.446)
13:44:28  INFO       [safety2 / light] 20/200  tier=MEDIUM  latency=15.6 ms  R=0.418  target=0.25  dets=8  vru=False  backend=tensorrt
13:44:29  INFO     [RAMS] Tier switch: MEDIUM → SMALL  (R=0.449)
13:44:29  INFO     [RAMS] Tier switch: SMALL → MEDIUM  (R=0.450)
13:44:29  INFO       [safety2 / light] 40/200  tier=MEDIUM  latency=17.6 ms  R=0.450  target=0.25  dets=10  vru=True  backend=tensorrt
13:44:30  INFO       [safety2 / light] 60/200  tier=MEDIUM  latency=16.6 ms  R=0.413  target=0.25  dets=14  vru=False  backend=tensorrt
13:44:30  INFO       [safety2 / light] 80/200  tier=MEDIUM  latency=18.4 ms  R=0.421  target=0.25  dets=18  vru=True  backend=tensorrt
13:44:31  INFO       [safety2 / light] 100/200  tier=MEDIUM  latency=14.3 ms  R=0.373  target=0.25  dets=2  vru=False  backend=tensorrt
13:44:31  INFO     [RAMS] Tier switch: MEDIUM → SMALL  (R=0.515)
13:44:31  INFO     [RAMS] Tier switch: SMALL → MEDIUM  (R=0.399)
13:44:31  INFO       [safety2 / light] 120/200  tier=MEDIUM  latency=16.5 ms  R=0.451  target=0.25  dets=13  vru=False  backend=tensorrt
13:44:32  INFO       [safety2 / light] 140/200  tier=MEDIUM  latency=14.9 ms  R=0.437  target=0.25  dets=6  vru=True  backend=tensorrt
13:44:32  INFO     [RAMS] Tier switch: MEDIUM → SMALL  (R=0.452)
13:44:32  INFO       [safety2 / light] 160/200  tier=SMALL   latency=8.0 ms  R=0.393  target=0.25  dets=2  vru=False  backend=tensorrt
13:44:32  INFO     [RAMS] Tier switch: SMALL → MEDIUM  (R=0.389)
13:44:33  INFO       [safety2 / light] 180/200  tier=MEDIUM  latency=15.9 ms  R=0.458  target=0.25  dets=10  vru=False  backend=tensorrt
13:44:33  INFO       [safety2 / light] 200/200  tier=MEDIUM  latency=15.0 ms  R=0.434  target=0.25  dets=6  vru=True  backend=tensorrt
13:44:34  INFO     [RAMS] Controller stopped.
13:44:34  INFO     
--- Block 3/10  Policy: fixed_small  Load: light (25%) ---
13:44:34  INFO     [RAMS] Starting resource monitor ...
13:44:34  INFO     [RAMS] Loading model tiers ...
WARNING ⚠️ Unable to automatically guess model task, assuming 'task=detect'. Explicitly define task for your model, i.e. 'task=detect', 'segment', 'classify', 'pose', 'obb' or 'semantic'.
Loading yolov8n.engine for TensorRT inference...
[09/09/2026-13:44:34] [TRT] [I] Loaded engine size: 7 MiB
[09/09/2026-13:44:34] [TRT] [I] [MemUsageChange] TensorRT-managed allocation in IExecutionContext creation: CPU +0, GPU +3, now: CPU 0, GPU 9 (MiB)
13:44:34  INFO     [RAMS] YOLOv8-nano ready — TensorRT yolov8n.engine (imgsz=320).
WARNING ⚠️ Unable to automatically guess model task, assuming 'task=detect'. Explicitly define task for your model, i.e. 'task=detect', 'segment', 'classify', 'pose', 'obb' or 'semantic'.
Loading yolov8s.engine for TensorRT inference...
[09/09/2026-13:44:34] [TRT] [I] The logger passed into createInferRuntime differs from one already provided for an existing builder, runtime, or refitter. Uses of the global logger, returned by nvinfer1::getLogger(), will return the existing value.
[09/09/2026-13:44:34] [TRT] [I] Loaded engine size: 23 MiB
[09/09/2026-13:44:34] [TRT] [I] [MemUsageChange] TensorRT-managed allocation in IExecutionContext creation: CPU +1, GPU +7, now: CPU 1, GPU 38 (MiB)
13:44:34  INFO     [RAMS] YOLOv8-small ready — TensorRT yolov8s.engine (imgsz=416).
WARNING ⚠️ Unable to automatically guess model task, assuming 'task=detect'. Explicitly define task for your model, i.e. 'task=detect', 'segment', 'classify', 'pose', 'obb' or 'semantic'.
Loading yolov8m.engine for TensorRT inference...
[09/09/2026-13:44:34] [TRT] [I] The logger passed into createInferRuntime differs from one already provided for an existing builder, runtime, or refitter. Uses of the global logger, returned by nvinfer1::getLogger(), will return the existing value.
[09/09/2026-13:44:34] [TRT] [I] Loaded engine size: 52 MiB
[09/09/2026-13:44:34] [TRT] [I] [MemUsageChange] TensorRT-managed allocation in IExecutionContext creation: CPU +0, GPU +29, now: CPU 1, GPU 117 (MiB)
13:44:34  INFO     [RAMS] YOLOv8-medium ready — TensorRT yolov8m.engine (imgsz=640).
13:44:34  INFO     [RAMS] Controller ready. Policy: fixed
13:44:35  INFO       [fixed_small / light] 20/200  tier=SMALL   latency=9.0 ms  R=0.321  target=0.25  dets=7  vru=False  backend=tensorrt
13:44:36  INFO       [fixed_small / light] 40/200  tier=SMALL   latency=10.5 ms  R=0.322  target=0.25  dets=9  vru=False  backend=tensorrt
13:44:36  INFO       [fixed_small / light] 60/200  tier=SMALL   latency=10.4 ms  R=0.326  target=0.25  dets=14  vru=False  backend=tensorrt
13:44:37  INFO       [fixed_small / light] 80/200  tier=SMALL   latency=10.5 ms  R=0.328  target=0.25  dets=15  vru=True  backend=tensorrt
13:44:37  INFO       [fixed_small / light] 100/200  tier=SMALL   latency=8.0 ms  R=0.324  target=0.25  dets=2  vru=False  backend=tensorrt
13:44:37  INFO       [fixed_small / light] 120/200  tier=SMALL   latency=8.4 ms  R=0.324  target=0.25  dets=5  vru=False  backend=tensorrt
13:44:38  INFO       [fixed_small / light] 140/200  tier=SMALL   latency=7.9 ms  R=0.324  target=0.25  dets=3  vru=True  backend=tensorrt
13:44:38  INFO       [fixed_small / light] 160/200  tier=SMALL   latency=8.0 ms  R=0.332  target=0.25  dets=2  vru=False  backend=tensorrt
13:44:39  INFO       [fixed_small / light] 180/200  tier=SMALL   latency=8.6 ms  R=0.328  target=0.25  dets=6  vru=False  backend=tensorrt
13:44:39  INFO       [fixed_small / light] 200/200  tier=SMALL   latency=8.6 ms  R=0.424  target=0.25  dets=5  vru=False  backend=tensorrt
13:44:39  INFO     [RAMS] Controller stopped.
13:44:39  INFO     
--- Block 3/10  Policy: safety  Load: light (25%) ---
13:44:39  INFO     [RAMS] Starting resource monitor ...
13:44:39  INFO     [RAMS] Loading model tiers ...
WARNING ⚠️ Unable to automatically guess model task, assuming 'task=detect'. Explicitly define task for your model, i.e. 'task=detect', 'segment', 'classify', 'pose', 'obb' or 'semantic'.
Loading yolov8n.engine for TensorRT inference...
[09/09/2026-13:44:39] [TRT] [I] Loaded engine size: 7 MiB
[09/09/2026-13:44:39] [TRT] [I] [MemUsageChange] TensorRT-managed allocation in IExecutionContext creation: CPU +0, GPU +3, now: CPU 0, GPU 9 (MiB)
13:44:39  INFO     [RAMS] YOLOv8-nano ready — TensorRT yolov8n.engine (imgsz=320).
WARNING ⚠️ Unable to automatically guess model task, assuming 'task=detect'. Explicitly define task for your model, i.e. 'task=detect', 'segment', 'classify', 'pose', 'obb' or 'semantic'.
Loading yolov8s.engine for TensorRT inference...
[09/09/2026-13:44:39] [TRT] [I] The logger passed into createInferRuntime differs from one already provided for an existing builder, runtime, or refitter. Uses of the global logger, returned by nvinfer1::getLogger(), will return the existing value.
[09/09/2026-13:44:39] [TRT] [I] Loaded engine size: 23 MiB
[09/09/2026-13:44:39] [TRT] [I] [MemUsageChange] TensorRT-managed allocation in IExecutionContext creation: CPU +1, GPU +7, now: CPU 1, GPU 38 (MiB)
13:44:39  INFO     [RAMS] YOLOv8-small ready — TensorRT yolov8s.engine (imgsz=416).
WARNING ⚠️ Unable to automatically guess model task, assuming 'task=detect'. Explicitly define task for your model, i.e. 'task=detect', 'segment', 'classify', 'pose', 'obb' or 'semantic'.
Loading yolov8m.engine for TensorRT inference...
[09/09/2026-13:44:39] [TRT] [I] The logger passed into createInferRuntime differs from one already provided for an existing builder, runtime, or refitter. Uses of the global logger, returned by nvinfer1::getLogger(), will return the existing value.
[09/09/2026-13:44:39] [TRT] [I] Loaded engine size: 52 MiB
[09/09/2026-13:44:40] [TRT] [I] [MemUsageChange] TensorRT-managed allocation in IExecutionContext creation: CPU +0, GPU +29, now: CPU 1, GPU 117 (MiB)
13:44:40  INFO     [RAMS] YOLOv8-medium ready — TensorRT yolov8m.engine (imgsz=640).
13:44:40  INFO     [RAMS] Controller ready. Policy: safety
13:44:41  INFO       [safety / light] 20/200  tier=SMALL   latency=9.3 ms  R=0.360  target=0.25  dets=7  vru=False  backend=tensorrt
13:44:41  INFO       [safety / light] 40/200  tier=SMALL   latency=9.7 ms  R=0.328  target=0.25  dets=9  vru=False  backend=tensorrt
13:44:42  INFO       [safety / light] 60/200  tier=SMALL   latency=10.4 ms  R=0.300  target=0.25  dets=14  vru=False  backend=tensorrt
13:44:42  INFO       [safety / light] 80/200  tier=SMALL   latency=10.6 ms  R=0.304  target=0.25  dets=15  vru=True  backend=tensorrt
13:44:43  INFO       [safety / light] 100/200  tier=SMALL   latency=7.8 ms  R=0.298  target=0.25  dets=2  vru=False  backend=tensorrt
13:44:43  INFO       [safety / light] 120/200  tier=SMALL   latency=8.5 ms  R=0.357  target=0.25  dets=5  vru=False  backend=tensorrt
13:44:43  INFO       [safety / light] 140/200  tier=SMALL   latency=8.0 ms  R=0.322  target=0.25  dets=3  vru=True  backend=tensorrt
13:44:44  INFO       [safety / light] 160/200  tier=SMALL   latency=7.7 ms  R=0.322  target=0.25  dets=2  vru=False  backend=tensorrt
13:44:44  INFO       [safety / light] 180/200  tier=SMALL   latency=8.7 ms  R=0.324  target=0.25  dets=6  vru=False  backend=tensorrt
13:44:45  INFO       [safety / light] 200/200  tier=SMALL   latency=9.5 ms  R=0.302  target=0.25  dets=5  vru=False  backend=tensorrt
13:44:45  INFO     [RAMS] Controller stopped.
13:44:45  INFO     
--- Block 3/10  Policy: fixed_nano  Load: light (25%) ---
13:44:45  INFO     [RAMS] Starting resource monitor ...
13:44:45  INFO     [RAMS] Loading model tiers ...
WARNING ⚠️ Unable to automatically guess model task, assuming 'task=detect'. Explicitly define task for your model, i.e. 'task=detect', 'segment', 'classify', 'pose', 'obb' or 'semantic'.
Loading yolov8n.engine for TensorRT inference...
[09/09/2026-13:44:45] [TRT] [I] Loaded engine size: 7 MiB
[09/09/2026-13:44:45] [TRT] [I] [MemUsageChange] TensorRT-managed allocation in IExecutionContext creation: CPU +0, GPU +3, now: CPU 0, GPU 9 (MiB)
13:44:45  INFO     [RAMS] YOLOv8-nano ready — TensorRT yolov8n.engine (imgsz=320).
WARNING ⚠️ Unable to automatically guess model task, assuming 'task=detect'. Explicitly define task for your model, i.e. 'task=detect', 'segment', 'classify', 'pose', 'obb' or 'semantic'.
Loading yolov8s.engine for TensorRT inference...
[09/09/2026-13:44:45] [TRT] [I] The logger passed into createInferRuntime differs from one already provided for an existing builder, runtime, or refitter. Uses of the global logger, returned by nvinfer1::getLogger(), will return the existing value.
[09/09/2026-13:44:45] [TRT] [I] Loaded engine size: 23 MiB
[09/09/2026-13:44:45] [TRT] [I] [MemUsageChange] TensorRT-managed allocation in IExecutionContext creation: CPU +1, GPU +7, now: CPU 1, GPU 38 (MiB)
13:44:45  INFO     [RAMS] YOLOv8-small ready — TensorRT yolov8s.engine (imgsz=416).
WARNING ⚠️ Unable to automatically guess model task, assuming 'task=detect'. Explicitly define task for your model, i.e. 'task=detect', 'segment', 'classify', 'pose', 'obb' or 'semantic'.
Loading yolov8m.engine for TensorRT inference...
[09/09/2026-13:44:45] [TRT] [I] The logger passed into createInferRuntime differs from one already provided for an existing builder, runtime, or refitter. Uses of the global logger, returned by nvinfer1::getLogger(), will return the existing value.
[09/09/2026-13:44:45] [TRT] [I] Loaded engine size: 52 MiB
[09/09/2026-13:44:45] [TRT] [I] [MemUsageChange] TensorRT-managed allocation in IExecutionContext creation: CPU +0, GPU +29, now: CPU 1, GPU 117 (MiB)
13:44:45  INFO     [RAMS] YOLOv8-medium ready — TensorRT yolov8m.engine (imgsz=640).
13:44:45  INFO     [RAMS] Controller ready. Policy: fixed
13:44:46  INFO     [RAMS] Tier switch: SMALL → NANO  (R=0.290)
13:44:46  INFO       [fixed_nano / light] 20/200  tier=NANO    latency=7.2 ms  R=0.322  target=0.25  dets=5  vru=False  backend=tensorrt
13:44:47  INFO       [fixed_nano / light] 40/200  tier=NANO    latency=6.1 ms  R=0.314  target=0.25  dets=1  vru=False  backend=tensorrt
13:44:47  INFO       [fixed_nano / light] 60/200  tier=NANO    latency=7.9 ms  R=0.314  target=0.25  dets=9  vru=False  backend=tensorrt
13:44:48  INFO       [fixed_nano / light] 80/200  tier=NANO    latency=7.7 ms  R=0.318  target=0.25  dets=8  vru=False  backend=tensorrt
13:44:48  INFO       [fixed_nano / light] 100/200  tier=NANO    latency=5.1 ms  R=0.318  target=0.25  dets=0  vru=False  backend=tensorrt
13:44:48  INFO       [fixed_nano / light] 120/200  tier=NANO    latency=6.8 ms  R=0.321  target=0.25  dets=4  vru=False  backend=tensorrt
13:44:49  INFO       [fixed_nano / light] 140/200  tier=NANO    latency=6.3 ms  R=0.328  target=0.25  dets=2  vru=True  backend=tensorrt
13:44:49  INFO       [fixed_nano / light] 160/200  tier=NANO    latency=6.8 ms  R=0.447  target=0.25  dets=2  vru=False  backend=tensorrt
13:44:49  INFO       [fixed_nano / light] 180/200  tier=NANO    latency=7.4 ms  R=0.446  target=0.25  dets=5  vru=False  backend=tensorrt
13:44:50  INFO       [fixed_nano / light] 200/200  tier=NANO    latency=6.6 ms  R=0.383  target=0.25  dets=2  vru=False  backend=tensorrt
13:44:50  INFO     [RAMS] Controller stopped.
13:44:50  INFO     
--- Block 4/10  Policy: adaptive  Load: light (25%) ---
13:44:50  INFO     [RAMS] Starting resource monitor ...
13:44:50  INFO     [RAMS] Loading model tiers ...
WARNING ⚠️ Unable to automatically guess model task, assuming 'task=detect'. Explicitly define task for your model, i.e. 'task=detect', 'segment', 'classify', 'pose', 'obb' or 'semantic'.
Loading yolov8n.engine for TensorRT inference...
[09/09/2026-13:44:50] [TRT] [I] Loaded engine size: 7 MiB
[09/09/2026-13:44:50] [TRT] [I] [MemUsageChange] TensorRT-managed allocation in IExecutionContext creation: CPU +0, GPU +3, now: CPU 0, GPU 9 (MiB)
13:44:50  INFO     [RAMS] YOLOv8-nano ready — TensorRT yolov8n.engine (imgsz=320).
WARNING ⚠️ Unable to automatically guess model task, assuming 'task=detect'. Explicitly define task for your model, i.e. 'task=detect', 'segment', 'classify', 'pose', 'obb' or 'semantic'.
Loading yolov8s.engine for TensorRT inference...
[09/09/2026-13:44:50] [TRT] [I] The logger passed into createInferRuntime differs from one already provided for an existing builder, runtime, or refitter. Uses of the global logger, returned by nvinfer1::getLogger(), will return the existing value.
[09/09/2026-13:44:50] [TRT] [I] Loaded engine size: 23 MiB
[09/09/2026-13:44:50] [TRT] [I] [MemUsageChange] TensorRT-managed allocation in IExecutionContext creation: CPU +1, GPU +7, now: CPU 1, GPU 38 (MiB)
13:44:50  INFO     [RAMS] YOLOv8-small ready — TensorRT yolov8s.engine (imgsz=416).
WARNING ⚠️ Unable to automatically guess model task, assuming 'task=detect'. Explicitly define task for your model, i.e. 'task=detect', 'segment', 'classify', 'pose', 'obb' or 'semantic'.
Loading yolov8m.engine for TensorRT inference...
[09/09/2026-13:44:50] [TRT] [I] The logger passed into createInferRuntime differs from one already provided for an existing builder, runtime, or refitter. Uses of the global logger, returned by nvinfer1::getLogger(), will return the existing value.
[09/09/2026-13:44:50] [TRT] [I] Loaded engine size: 52 MiB
[09/09/2026-13:44:50] [TRT] [I] [MemUsageChange] TensorRT-managed allocation in IExecutionContext creation: CPU +0, GPU +29, now: CPU 1, GPU 117 (MiB)
13:44:50  INFO     [RAMS] YOLOv8-medium ready — TensorRT yolov8m.engine (imgsz=640).
13:44:50  INFO     [RAMS] Controller ready. Policy: adaptive
13:44:52  INFO       [adaptive / light] 20/200  tier=SMALL   latency=7.8 ms  R=0.381  target=0.25  dets=1  vru=False  backend=tensorrt
13:44:52  INFO       [adaptive / light] 40/200  tier=SMALL   latency=8.1 ms  R=0.390  target=0.25  dets=2  vru=False  backend=tensorrt
13:44:53  INFO       [adaptive / light] 60/200  tier=SMALL   latency=8.2 ms  R=0.392  target=0.25  dets=3  vru=False  backend=tensorrt
13:44:53  INFO       [adaptive / light] 80/200  tier=SMALL   latency=7.8 ms  R=0.409  target=0.25  dets=1  vru=False  backend=tensorrt
13:44:54  INFO       [adaptive / light] 100/200  tier=SMALL   latency=11.9 ms  R=0.401  target=0.25  dets=12  vru=False  backend=tensorrt
13:44:54  INFO       [adaptive / light] 120/200  tier=SMALL   latency=11.9 ms  R=0.402  target=0.25  dets=6  vru=False  backend=tensorrt
13:44:54  INFO       [adaptive / light] 140/200  tier=SMALL   latency=9.7 ms  R=0.396  target=0.25  dets=10  vru=False  backend=tensorrt
13:44:55  INFO       [adaptive / light] 160/200  tier=SMALL   latency=7.7 ms  R=0.385  target=0.25  dets=2  vru=False  backend=tensorrt
13:44:55  INFO       [adaptive / light] 180/200  tier=SMALL   latency=7.5 ms  R=0.332  target=0.25  dets=1  vru=True  backend=tensorrt
13:44:56  INFO       [adaptive / light] 200/200  tier=SMALL   latency=7.4 ms  R=0.328  target=0.25  dets=1  vru=True  backend=tensorrt
13:44:56  INFO     [RAMS] Controller stopped.
13:44:56  INFO     
--- Block 4/10  Policy: predictive  Load: light (25%) ---
13:44:56  INFO     [RAMS] Starting resource monitor ...
13:44:56  INFO     [RAMS] Loading model tiers ...
WARNING ⚠️ Unable to automatically guess model task, assuming 'task=detect'. Explicitly define task for your model, i.e. 'task=detect', 'segment', 'classify', 'pose', 'obb' or 'semantic'.
Loading yolov8n.engine for TensorRT inference...
[09/09/2026-13:44:56] [TRT] [I] Loaded engine size: 7 MiB
[09/09/2026-13:44:56] [TRT] [I] [MemUsageChange] TensorRT-managed allocation in IExecutionContext creation: CPU +0, GPU +3, now: CPU 0, GPU 9 (MiB)
13:44:56  INFO     [RAMS] YOLOv8-nano ready — TensorRT yolov8n.engine (imgsz=320).
WARNING ⚠️ Unable to automatically guess model task, assuming 'task=detect'. Explicitly define task for your model, i.e. 'task=detect', 'segment', 'classify', 'pose', 'obb' or 'semantic'.
Loading yolov8s.engine for TensorRT inference...
[09/09/2026-13:44:56] [TRT] [I] The logger passed into createInferRuntime differs from one already provided for an existing builder, runtime, or refitter. Uses of the global logger, returned by nvinfer1::getLogger(), will return the existing value.
[09/09/2026-13:44:56] [TRT] [I] Loaded engine size: 23 MiB
[09/09/2026-13:44:56] [TRT] [I] [MemUsageChange] TensorRT-managed allocation in IExecutionContext creation: CPU +1, GPU +7, now: CPU 1, GPU 38 (MiB)
13:44:56  INFO     [RAMS] YOLOv8-small ready — TensorRT yolov8s.engine (imgsz=416).
WARNING ⚠️ Unable to automatically guess model task, assuming 'task=detect'. Explicitly define task for your model, i.e. 'task=detect', 'segment', 'classify', 'pose', 'obb' or 'semantic'.
Loading yolov8m.engine for TensorRT inference...
[09/09/2026-13:44:56] [TRT] [I] The logger passed into createInferRuntime differs from one already provided for an existing builder, runtime, or refitter. Uses of the global logger, returned by nvinfer1::getLogger(), will return the existing value.
[09/09/2026-13:44:56] [TRT] [I] Loaded engine size: 52 MiB
[09/09/2026-13:44:56] [TRT] [I] [MemUsageChange] TensorRT-managed allocation in IExecutionContext creation: CPU +0, GPU +29, now: CPU 1, GPU 117 (MiB)
13:44:56  INFO     [RAMS] YOLOv8-medium ready — TensorRT yolov8m.engine (imgsz=640).
13:44:56  INFO     [RAMS] Controller ready. Policy: predictive
13:44:58  INFO       [predictive / light] 20/200  tier=SMALL   latency=7.5 ms  R=0.324  target=0.25  dets=1  vru=False  backend=tensorrt
13:44:58  INFO       [predictive / light] 40/200  tier=SMALL   latency=8.3 ms  R=0.326  target=0.25  dets=2  vru=False  backend=tensorrt
13:44:58  INFO       [predictive / light] 60/200  tier=SMALL   latency=8.0 ms  R=0.324  target=0.25  dets=3  vru=False  backend=tensorrt
13:44:59  INFO       [predictive / light] 80/200  tier=SMALL   latency=7.5 ms  R=0.316  target=0.25  dets=1  vru=False  backend=tensorrt
13:44:59  INFO       [predictive / light] 100/200  tier=SMALL   latency=10.0 ms  R=0.328  target=0.25  dets=12  vru=False  backend=tensorrt
13:45:00  INFO       [predictive / light] 120/200  tier=SMALL   latency=8.6 ms  R=0.334  target=0.25  dets=6  vru=False  backend=tensorrt
13:45:00  INFO       [predictive / light] 140/200  tier=SMALL   latency=9.6 ms  R=0.387  target=0.25  dets=10  vru=False  backend=tensorrt
13:45:00  INFO       [predictive / light] 160/200  tier=SMALL   latency=7.7 ms  R=0.340  target=0.25  dets=2  vru=False  backend=tensorrt
13:45:01  INFO       [predictive / light] 180/200  tier=SMALL   latency=7.5 ms  R=0.319  target=0.25  dets=1  vru=True  backend=tensorrt
13:45:01  INFO       [predictive / light] 200/200  tier=SMALL   latency=7.6 ms  R=0.354  target=0.25  dets=1  vru=True  backend=tensorrt
13:45:01  INFO     [RAMS] Controller stopped.
13:45:01  INFO     
--- Block 4/10  Policy: fixed_nano  Load: light (25%) ---
13:45:01  INFO     [RAMS] Starting resource monitor ...
13:45:01  INFO     [RAMS] Loading model tiers ...
WARNING ⚠️ Unable to automatically guess model task, assuming 'task=detect'. Explicitly define task for your model, i.e. 'task=detect', 'segment', 'classify', 'pose', 'obb' or 'semantic'.
Loading yolov8n.engine for TensorRT inference...
[09/09/2026-13:45:01] [TRT] [I] Loaded engine size: 7 MiB
[09/09/2026-13:45:01] [TRT] [I] [MemUsageChange] TensorRT-managed allocation in IExecutionContext creation: CPU +0, GPU +3, now: CPU 0, GPU 9 (MiB)
13:45:02  INFO     [RAMS] YOLOv8-nano ready — TensorRT yolov8n.engine (imgsz=320).
WARNING ⚠️ Unable to automatically guess model task, assuming 'task=detect'. Explicitly define task for your model, i.e. 'task=detect', 'segment', 'classify', 'pose', 'obb' or 'semantic'.
Loading yolov8s.engine for TensorRT inference...
[09/09/2026-13:45:02] [TRT] [I] The logger passed into createInferRuntime differs from one already provided for an existing builder, runtime, or refitter. Uses of the global logger, returned by nvinfer1::getLogger(), will return the existing value.
[09/09/2026-13:45:02] [TRT] [I] Loaded engine size: 23 MiB
[09/09/2026-13:45:02] [TRT] [I] [MemUsageChange] TensorRT-managed allocation in IExecutionContext creation: CPU +1, GPU +7, now: CPU 1, GPU 38 (MiB)
13:45:02  INFO     [RAMS] YOLOv8-small ready — TensorRT yolov8s.engine (imgsz=416).
WARNING ⚠️ Unable to automatically guess model task, assuming 'task=detect'. Explicitly define task for your model, i.e. 'task=detect', 'segment', 'classify', 'pose', 'obb' or 'semantic'.
Loading yolov8m.engine for TensorRT inference...
[09/09/2026-13:45:02] [TRT] [I] The logger passed into createInferRuntime differs from one already provided for an existing builder, runtime, or refitter. Uses of the global logger, returned by nvinfer1::getLogger(), will return the existing value.
[09/09/2026-13:45:02] [TRT] [I] Loaded engine size: 52 MiB
[09/09/2026-13:45:02] [TRT] [I] [MemUsageChange] TensorRT-managed allocation in IExecutionContext creation: CPU +0, GPU +29, now: CPU 1, GPU 117 (MiB)
13:45:02  INFO     [RAMS] YOLOv8-medium ready — TensorRT yolov8m.engine (imgsz=640).
13:45:02  INFO     [RAMS] Controller ready. Policy: fixed
13:45:03  INFO     [RAMS] Tier switch: SMALL → NANO  (R=0.238)
13:45:03  INFO       [fixed_nano / light] 20/200  tier=NANO    latency=4.7 ms  R=0.410  target=0.25  dets=0  vru=False  backend=tensorrt
13:45:03  INFO       [fixed_nano / light] 40/200  tier=NANO    latency=6.2 ms  R=0.326  target=0.25  dets=1  vru=False  backend=tensorrt
13:45:04  INFO       [fixed_nano / light] 60/200  tier=NANO    latency=6.4 ms  R=0.318  target=0.25  dets=2  vru=False  backend=tensorrt
13:45:04  INFO       [fixed_nano / light] 80/200  tier=NANO    latency=6.1 ms  R=0.321  target=0.25  dets=1  vru=False  backend=tensorrt
13:45:05  INFO       [fixed_nano / light] 100/200  tier=NANO    latency=9.1 ms  R=0.318  target=0.25  dets=9  vru=False  backend=tensorrt
13:45:05  INFO       [fixed_nano / light] 120/200  tier=NANO    latency=8.0 ms  R=0.325  target=0.25  dets=6  vru=False  backend=tensorrt
13:45:05  INFO       [fixed_nano / light] 140/200  tier=NANO    latency=7.4 ms  R=0.304  target=0.25  dets=6  vru=False  backend=tensorrt
13:45:06  INFO       [fixed_nano / light] 160/200  tier=NANO    latency=6.2 ms  R=0.312  target=0.25  dets=1  vru=False  backend=tensorrt
13:45:06  INFO       [fixed_nano / light] 180/200  tier=NANO    latency=6.3 ms  R=0.394  target=0.25  dets=2  vru=True  backend=tensorrt
13:45:06  INFO       [fixed_nano / light] 200/200  tier=NANO    latency=6.3 ms  R=0.340  target=0.25  dets=1  vru=True  backend=tensorrt
13:45:07  INFO     [RAMS] Controller stopped.
13:45:07  INFO     
--- Block 4/10  Policy: fixed_medium  Load: light (25%) ---
13:45:07  INFO     [RAMS] Starting resource monitor ...
13:45:07  INFO     [RAMS] Loading model tiers ...
WARNING ⚠️ Unable to automatically guess model task, assuming 'task=detect'. Explicitly define task for your model, i.e. 'task=detect', 'segment', 'classify', 'pose', 'obb' or 'semantic'.
Loading yolov8n.engine for TensorRT inference...
[09/09/2026-13:45:07] [TRT] [I] Loaded engine size: 7 MiB
[09/09/2026-13:45:07] [TRT] [I] [MemUsageChange] TensorRT-managed allocation in IExecutionContext creation: CPU +0, GPU +3, now: CPU 0, GPU 9 (MiB)
13:45:07  INFO     [RAMS] YOLOv8-nano ready — TensorRT yolov8n.engine (imgsz=320).
WARNING ⚠️ Unable to automatically guess model task, assuming 'task=detect'. Explicitly define task for your model, i.e. 'task=detect', 'segment', 'classify', 'pose', 'obb' or 'semantic'.
Loading yolov8s.engine for TensorRT inference...
[09/09/2026-13:45:07] [TRT] [I] The logger passed into createInferRuntime differs from one already provided for an existing builder, runtime, or refitter. Uses of the global logger, returned by nvinfer1::getLogger(), will return the existing value.
[09/09/2026-13:45:07] [TRT] [I] Loaded engine size: 23 MiB
[09/09/2026-13:45:07] [TRT] [I] [MemUsageChange] TensorRT-managed allocation in IExecutionContext creation: CPU +1, GPU +7, now: CPU 1, GPU 38 (MiB)
13:45:07  INFO     [RAMS] YOLOv8-small ready — TensorRT yolov8s.engine (imgsz=416).
WARNING ⚠️ Unable to automatically guess model task, assuming 'task=detect'. Explicitly define task for your model, i.e. 'task=detect', 'segment', 'classify', 'pose', 'obb' or 'semantic'.
Loading yolov8m.engine for TensorRT inference...
[09/09/2026-13:45:07] [TRT] [I] The logger passed into createInferRuntime differs from one already provided for an existing builder, runtime, or refitter. Uses of the global logger, returned by nvinfer1::getLogger(), will return the existing value.
[09/09/2026-13:45:07] [TRT] [I] Loaded engine size: 52 MiB
[09/09/2026-13:45:07] [TRT] [I] [MemUsageChange] TensorRT-managed allocation in IExecutionContext creation: CPU +0, GPU +29, now: CPU 1, GPU 117 (MiB)
13:45:07  INFO     [RAMS] YOLOv8-medium ready — TensorRT yolov8m.engine (imgsz=640).
13:45:07  INFO     [RAMS] Controller ready. Policy: fixed
13:45:08  INFO     [RAMS] Tier switch: SMALL → MEDIUM  (R=0.243)
13:45:08  INFO       [fixed_medium / light] 20/200  tier=MEDIUM  latency=13.8 ms  R=0.360  target=0.25  dets=2  vru=False  backend=tensorrt
13:45:09  INFO       [fixed_medium / light] 40/200  tier=MEDIUM  latency=14.4 ms  R=0.384  target=0.25  dets=4  vru=False  backend=tensorrt
13:45:10  INFO       [fixed_medium / light] 60/200  tier=MEDIUM  latency=14.7 ms  R=0.380  target=0.25  dets=6  vru=False  backend=tensorrt
13:45:10  INFO       [fixed_medium / light] 80/200  tier=MEDIUM  latency=14.6 ms  R=0.407  target=0.25  dets=4  vru=False  backend=tensorrt
13:45:11  INFO       [fixed_medium / light] 100/200  tier=MEDIUM  latency=17.3 ms  R=0.408  target=0.25  dets=17  vru=True  backend=tensorrt
13:45:11  INFO       [fixed_medium / light] 120/200  tier=MEDIUM  latency=15.3 ms  R=0.432  target=0.25  dets=8  vru=False  backend=tensorrt
13:45:12  INFO       [fixed_medium / light] 140/200  tier=MEDIUM  latency=16.2 ms  R=0.441  target=0.25  dets=10  vru=False  backend=tensorrt
13:45:12  INFO       [fixed_medium / light] 160/200  tier=MEDIUM  latency=14.6 ms  R=0.449  target=0.25  dets=3  vru=False  backend=tensorrt
13:45:13  INFO       [fixed_medium / light] 180/200  tier=MEDIUM  latency=17.1 ms  R=0.380  target=0.25  dets=16  vru=True  backend=tensorrt
13:45:13  INFO       [fixed_medium / light] 200/200  tier=MEDIUM  latency=15.8 ms  R=0.447  target=0.25  dets=9  vru=True  backend=tensorrt
13:45:14  INFO     [RAMS] Controller stopped.
13:45:14  INFO     
--- Block 4/10  Policy: fixed_small  Load: light (25%) ---
13:45:14  INFO     [RAMS] Starting resource monitor ...
13:45:14  INFO     [RAMS] Loading model tiers ...
WARNING ⚠️ Unable to automatically guess model task, assuming 'task=detect'. Explicitly define task for your model, i.e. 'task=detect', 'segment', 'classify', 'pose', 'obb' or 'semantic'.
Loading yolov8n.engine for TensorRT inference...
[09/09/2026-13:45:14] [TRT] [I] Loaded engine size: 7 MiB
[09/09/2026-13:45:14] [TRT] [I] [MemUsageChange] TensorRT-managed allocation in IExecutionContext creation: CPU +0, GPU +3, now: CPU 0, GPU 9 (MiB)
13:45:14  INFO     [RAMS] YOLOv8-nano ready — TensorRT yolov8n.engine (imgsz=320).
WARNING ⚠️ Unable to automatically guess model task, assuming 'task=detect'. Explicitly define task for your model, i.e. 'task=detect', 'segment', 'classify', 'pose', 'obb' or 'semantic'.
Loading yolov8s.engine for TensorRT inference...
[09/09/2026-13:45:14] [TRT] [I] The logger passed into createInferRuntime differs from one already provided for an existing builder, runtime, or refitter. Uses of the global logger, returned by nvinfer1::getLogger(), will return the existing value.
[09/09/2026-13:45:14] [TRT] [I] Loaded engine size: 23 MiB
[09/09/2026-13:45:14] [TRT] [I] [MemUsageChange] TensorRT-managed allocation in IExecutionContext creation: CPU +1, GPU +7, now: CPU 1, GPU 38 (MiB)
13:45:14  INFO     [RAMS] YOLOv8-small ready — TensorRT yolov8s.engine (imgsz=416).
WARNING ⚠️ Unable to automatically guess model task, assuming 'task=detect'. Explicitly define task for your model, i.e. 'task=detect', 'segment', 'classify', 'pose', 'obb' or 'semantic'.
Loading yolov8m.engine for TensorRT inference...
[09/09/2026-13:45:14] [TRT] [I] The logger passed into createInferRuntime differs from one already provided for an existing builder, runtime, or refitter. Uses of the global logger, returned by nvinfer1::getLogger(), will return the existing value.
[09/09/2026-13:45:14] [TRT] [I] Loaded engine size: 52 MiB
[09/09/2026-13:45:14] [TRT] [I] [MemUsageChange] TensorRT-managed allocation in IExecutionContext creation: CPU +0, GPU +29, now: CPU 1, GPU 117 (MiB)
13:45:14  INFO     [RAMS] YOLOv8-medium ready — TensorRT yolov8m.engine (imgsz=640).
13:45:14  INFO     [RAMS] Controller ready. Policy: fixed
13:45:15  INFO       [fixed_small / light] 20/200  tier=SMALL   latency=8.1 ms  R=0.400  target=0.25  dets=1  vru=False  backend=tensorrt
13:45:16  INFO       [fixed_small / light] 40/200  tier=SMALL   latency=7.8 ms  R=0.408  target=0.25  dets=2  vru=False  backend=tensorrt
13:45:16  INFO       [fixed_small / light] 60/200  tier=SMALL   latency=8.3 ms  R=0.389  target=0.25  dets=3  vru=False  backend=tensorrt
13:45:17  INFO       [fixed_small / light] 80/200  tier=SMALL   latency=7.5 ms  R=0.328  target=0.25  dets=1  vru=False  backend=tensorrt
13:45:17  INFO       [fixed_small / light] 100/200  tier=SMALL   latency=10.0 ms  R=0.385  target=0.25  dets=12  vru=False  backend=tensorrt
13:45:17  INFO       [fixed_small / light] 120/200  tier=SMALL   latency=8.6 ms  R=0.331  target=0.25  dets=6  vru=False  backend=tensorrt
13:45:18  INFO       [fixed_small / light] 140/200  tier=SMALL   latency=9.4 ms  R=0.319  target=0.25  dets=10  vru=False  backend=tensorrt
13:45:18  INFO       [fixed_small / light] 160/200  tier=SMALL   latency=7.7 ms  R=0.302  target=0.25  dets=2  vru=False  backend=tensorrt
13:45:19  INFO       [fixed_small / light] 180/200  tier=SMALL   latency=7.5 ms  R=0.332  target=0.25  dets=1  vru=True  backend=tensorrt
13:45:19  INFO       [fixed_small / light] 200/200  tier=SMALL   latency=7.7 ms  R=0.396  target=0.25  dets=1  vru=True  backend=tensorrt
13:45:19  INFO     [RAMS] Controller stopped.
13:45:19  INFO     
--- Block 4/10  Policy: safety2  Load: light (25%) ---
13:45:19  INFO     [RAMS] Starting resource monitor ...
13:45:19  INFO     [RAMS] Loading model tiers ...
WARNING ⚠️ Unable to automatically guess model task, assuming 'task=detect'. Explicitly define task for your model, i.e. 'task=detect', 'segment', 'classify', 'pose', 'obb' or 'semantic'.
Loading yolov8n.engine for TensorRT inference...
[09/09/2026-13:45:19] [TRT] [I] Loaded engine size: 7 MiB
[09/09/2026-13:45:19] [TRT] [I] [MemUsageChange] TensorRT-managed allocation in IExecutionContext creation: CPU +0, GPU +3, now: CPU 0, GPU 9 (MiB)
13:45:19  INFO     [RAMS] YOLOv8-nano ready — TensorRT yolov8n.engine (imgsz=320).
WARNING ⚠️ Unable to automatically guess model task, assuming 'task=detect'. Explicitly define task for your model, i.e. 'task=detect', 'segment', 'classify', 'pose', 'obb' or 'semantic'.
Loading yolov8s.engine for TensorRT inference...
[09/09/2026-13:45:19] [TRT] [I] The logger passed into createInferRuntime differs from one already provided for an existing builder, runtime, or refitter. Uses of the global logger, returned by nvinfer1::getLogger(), will return the existing value.
[09/09/2026-13:45:20] [TRT] [I] Loaded engine size: 23 MiB
[09/09/2026-13:45:20] [TRT] [I] [MemUsageChange] TensorRT-managed allocation in IExecutionContext creation: CPU +1, GPU +7, now: CPU 1, GPU 38 (MiB)
13:45:20  INFO     [RAMS] YOLOv8-small ready — TensorRT yolov8s.engine (imgsz=416).
WARNING ⚠️ Unable to automatically guess model task, assuming 'task=detect'. Explicitly define task for your model, i.e. 'task=detect', 'segment', 'classify', 'pose', 'obb' or 'semantic'.
Loading yolov8m.engine for TensorRT inference...
[09/09/2026-13:45:20] [TRT] [I] The logger passed into createInferRuntime differs from one already provided for an existing builder, runtime, or refitter. Uses of the global logger, returned by nvinfer1::getLogger(), will return the existing value.
[09/09/2026-13:45:20] [TRT] [I] Loaded engine size: 52 MiB
[09/09/2026-13:45:20] [TRT] [I] [MemUsageChange] TensorRT-managed allocation in IExecutionContext creation: CPU +0, GPU +29, now: CPU 1, GPU 117 (MiB)
13:45:20  INFO     [RAMS] YOLOv8-medium ready — TensorRT yolov8m.engine (imgsz=640).
13:45:20  INFO     [RAMS] Controller ready. Policy: safety2
13:45:21  INFO     [RAMS] Tier switch: SMALL → MEDIUM  (R=0.292)
13:45:21  INFO       [safety2 / light] 20/200  tier=MEDIUM  latency=13.8 ms  R=0.329  target=0.25  dets=2  vru=False  backend=tensorrt
13:45:22  INFO       [safety2 / light] 40/200  tier=MEDIUM  latency=14.2 ms  R=0.340  target=0.25  dets=4  vru=False  backend=tensorrt
13:45:22  INFO     [RAMS] Tier switch: MEDIUM → SMALL  (R=0.288)
13:45:22  INFO     [RAMS] Tier switch: SMALL → MEDIUM  (R=0.288)
13:45:22  INFO       [safety2 / light] 60/200  tier=MEDIUM  latency=14.6 ms  R=0.362  target=0.25  dets=6  vru=False  backend=tensorrt
13:45:23  INFO       [safety2 / light] 80/200  tier=MEDIUM  latency=14.2 ms  R=0.366  target=0.25  dets=4  vru=False  backend=tensorrt
13:45:23  INFO     [RAMS] Tier switch: MEDIUM → SMALL  (R=0.349)
13:45:23  INFO     [RAMS] Tier switch: SMALL → MEDIUM  (R=0.326)
13:45:23  INFO       [safety2 / light] 100/200  tier=MEDIUM  latency=17.1 ms  R=0.368  target=0.25  dets=17  vru=True  backend=tensorrt
13:45:24  INFO       [safety2 / light] 120/200  tier=MEDIUM  latency=15.1 ms  R=0.373  target=0.25  dets=8  vru=False  backend=tensorrt
13:45:24  INFO     [RAMS] Tier switch: MEDIUM → SMALL  (R=0.392)
13:45:24  INFO     [RAMS] Tier switch: SMALL → MEDIUM  (R=0.405)
13:45:24  INFO       [safety2 / light] 140/200  tier=MEDIUM  latency=15.7 ms  R=0.374  target=0.25  dets=10  vru=False  backend=tensorrt
13:45:25  INFO       [safety2 / light] 160/200  tier=MEDIUM  latency=14.0 ms  R=0.358  target=0.25  dets=3  vru=False  backend=tensorrt
13:45:25  INFO     [RAMS] Tier switch: MEDIUM → SMALL  (R=0.399)
13:45:25  INFO     [RAMS] Tier switch: SMALL → MEDIUM  (R=0.330)
13:45:25  INFO       [safety2 / light] 180/200  tier=MEDIUM  latency=16.9 ms  R=0.330  target=0.25  dets=16  vru=True  backend=tensorrt
13:45:26  INFO       [safety2 / light] 200/200  tier=MEDIUM  latency=15.4 ms  R=0.371  target=0.25  dets=9  vru=True  backend=tensorrt
13:45:26  INFO     [RAMS] Controller stopped.
13:45:26  INFO     
--- Block 4/10  Policy: safety  Load: light (25%) ---
13:45:26  INFO     [RAMS] Starting resource monitor ...
13:45:26  INFO     [RAMS] Loading model tiers ...
WARNING ⚠️ Unable to automatically guess model task, assuming 'task=detect'. Explicitly define task for your model, i.e. 'task=detect', 'segment', 'classify', 'pose', 'obb' or 'semantic'.
Loading yolov8n.engine for TensorRT inference...
[09/09/2026-13:45:26] [TRT] [I] Loaded engine size: 7 MiB
[09/09/2026-13:45:26] [TRT] [I] [MemUsageChange] TensorRT-managed allocation in IExecutionContext creation: CPU +0, GPU +3, now: CPU 0, GPU 9 (MiB)
13:45:26  INFO     [RAMS] YOLOv8-nano ready — TensorRT yolov8n.engine (imgsz=320).
WARNING ⚠️ Unable to automatically guess model task, assuming 'task=detect'. Explicitly define task for your model, i.e. 'task=detect', 'segment', 'classify', 'pose', 'obb' or 'semantic'.
Loading yolov8s.engine for TensorRT inference...
[09/09/2026-13:45:26] [TRT] [I] The logger passed into createInferRuntime differs from one already provided for an existing builder, runtime, or refitter. Uses of the global logger, returned by nvinfer1::getLogger(), will return the existing value.
[09/09/2026-13:45:26] [TRT] [I] Loaded engine size: 23 MiB
[09/09/2026-13:45:26] [TRT] [I] [MemUsageChange] TensorRT-managed allocation in IExecutionContext creation: CPU +1, GPU +7, now: CPU 1, GPU 38 (MiB)
13:45:26  INFO     [RAMS] YOLOv8-small ready — TensorRT yolov8s.engine (imgsz=416).
WARNING ⚠️ Unable to automatically guess model task, assuming 'task=detect'. Explicitly define task for your model, i.e. 'task=detect', 'segment', 'classify', 'pose', 'obb' or 'semantic'.
Loading yolov8m.engine for TensorRT inference...
[09/09/2026-13:45:26] [TRT] [I] The logger passed into createInferRuntime differs from one already provided for an existing builder, runtime, or refitter. Uses of the global logger, returned by nvinfer1::getLogger(), will return the existing value.
[09/09/2026-13:45:26] [TRT] [I] Loaded engine size: 52 MiB
[09/09/2026-13:45:26] [TRT] [I] [MemUsageChange] TensorRT-managed allocation in IExecutionContext creation: CPU +0, GPU +29, now: CPU 1, GPU 117 (MiB)
13:45:26  INFO     [RAMS] YOLOv8-medium ready — TensorRT yolov8m.engine (imgsz=640).
13:45:26  INFO     [RAMS] Controller ready. Policy: safety
13:45:28  INFO       [safety / light] 20/200  tier=SMALL   latency=7.6 ms  R=0.326  target=0.25  dets=1  vru=False  backend=tensorrt
13:45:28  INFO       [safety / light] 40/200  tier=SMALL   latency=7.8 ms  R=0.328  target=0.25  dets=2  vru=False  backend=tensorrt
13:45:29  INFO       [safety / light] 60/200  tier=SMALL   latency=8.0 ms  R=0.317  target=0.25  dets=3  vru=False  backend=tensorrt
13:45:29  INFO       [safety / light] 80/200  tier=SMALL   latency=7.6 ms  R=0.399  target=0.25  dets=1  vru=False  backend=tensorrt
13:45:29  INFO       [safety / light] 100/200  tier=SMALL   latency=10.0 ms  R=0.317  target=0.25  dets=12  vru=False  backend=tensorrt
13:45:30  INFO       [safety / light] 120/200  tier=SMALL   latency=9.7 ms  R=0.322  target=0.25  dets=6  vru=False  backend=tensorrt
13:45:30  INFO       [safety / light] 140/200  tier=SMALL   latency=9.5 ms  R=0.324  target=0.25  dets=10  vru=False  backend=tensorrt
13:45:31  INFO       [safety / light] 160/200  tier=SMALL   latency=7.9 ms  R=0.324  target=0.25  dets=2  vru=False  backend=tensorrt
13:45:31  INFO       [safety / light] 180/200  tier=SMALL   latency=7.6 ms  R=0.353  target=0.25  dets=1  vru=True  backend=tensorrt
13:45:32  INFO       [safety / light] 200/200  tier=SMALL   latency=7.8 ms  R=0.396  target=0.25  dets=1  vru=True  backend=tensorrt
13:45:32  INFO     [RAMS] Controller stopped.
13:45:32  INFO     
--- Block 4/10  Policy: threshold  Load: light (25%) ---
13:45:32  INFO     [RAMS] Starting resource monitor ...
13:45:32  INFO     [RAMS] Loading model tiers ...
WARNING ⚠️ Unable to automatically guess model task, assuming 'task=detect'. Explicitly define task for your model, i.e. 'task=detect', 'segment', 'classify', 'pose', 'obb' or 'semantic'.
Loading yolov8n.engine for TensorRT inference...
[09/09/2026-13:45:32] [TRT] [I] Loaded engine size: 7 MiB
[09/09/2026-13:45:32] [TRT] [I] [MemUsageChange] TensorRT-managed allocation in IExecutionContext creation: CPU +0, GPU +3, now: CPU 0, GPU 9 (MiB)
13:45:32  INFO     [RAMS] YOLOv8-nano ready — TensorRT yolov8n.engine (imgsz=320).
WARNING ⚠️ Unable to automatically guess model task, assuming 'task=detect'. Explicitly define task for your model, i.e. 'task=detect', 'segment', 'classify', 'pose', 'obb' or 'semantic'.
Loading yolov8s.engine for TensorRT inference...
[09/09/2026-13:45:32] [TRT] [I] The logger passed into createInferRuntime differs from one already provided for an existing builder, runtime, or refitter. Uses of the global logger, returned by nvinfer1::getLogger(), will return the existing value.
[09/09/2026-13:45:32] [TRT] [I] Loaded engine size: 23 MiB
[09/09/2026-13:45:32] [TRT] [I] [MemUsageChange] TensorRT-managed allocation in IExecutionContext creation: CPU +1, GPU +7, now: CPU 1, GPU 38 (MiB)
13:45:32  INFO     [RAMS] YOLOv8-small ready — TensorRT yolov8s.engine (imgsz=416).
WARNING ⚠️ Unable to automatically guess model task, assuming 'task=detect'. Explicitly define task for your model, i.e. 'task=detect', 'segment', 'classify', 'pose', 'obb' or 'semantic'.
Loading yolov8m.engine for TensorRT inference...
[09/09/2026-13:45:32] [TRT] [I] The logger passed into createInferRuntime differs from one already provided for an existing builder, runtime, or refitter. Uses of the global logger, returned by nvinfer1::getLogger(), will return the existing value.
[09/09/2026-13:45:32] [TRT] [I] Loaded engine size: 52 MiB
[09/09/2026-13:45:32] [TRT] [I] [MemUsageChange] TensorRT-managed allocation in IExecutionContext creation: CPU +0, GPU +29, now: CPU 1, GPU 117 (MiB)
13:45:32  INFO     [RAMS] YOLOv8-medium ready — TensorRT yolov8m.engine (imgsz=640).
13:45:32  INFO     [RAMS] Controller ready. Policy: threshold
13:45:33  INFO       [threshold / light] 20/200  tier=SMALL   latency=7.8 ms  R=0.397  target=0.25  dets=1  vru=False  backend=tensorrt
13:45:34  INFO       [threshold / light] 40/200  tier=SMALL   latency=8.1 ms  R=0.422  target=0.25  dets=2  vru=False  backend=tensorrt
13:45:34  INFO       [threshold / light] 60/200  tier=SMALL   latency=9.7 ms  R=0.417  target=0.25  dets=3  vru=False  backend=tensorrt
13:45:35  INFO       [threshold / light] 80/200  tier=SMALL   latency=8.3 ms  R=0.393  target=0.25  dets=1  vru=False  backend=tensorrt
13:45:35  INFO       [threshold / light] 100/200  tier=SMALL   latency=10.3 ms  R=0.519  target=0.25  dets=12  vru=False  backend=tensorrt
13:45:36  INFO       [threshold / light] 120/200  tier=SMALL   latency=9.0 ms  R=0.402  target=0.25  dets=6  vru=False  backend=tensorrt
13:45:36  INFO       [threshold / light] 140/200  tier=SMALL   latency=9.9 ms  R=0.393  target=0.25  dets=10  vru=False  backend=tensorrt
13:45:36  INFO       [threshold / light] 160/200  tier=SMALL   latency=7.9 ms  R=0.399  target=0.25  dets=2  vru=False  backend=tensorrt
13:45:37  INFO       [threshold / light] 180/200  tier=SMALL   latency=7.8 ms  R=0.385  target=0.25  dets=1  vru=True  backend=tensorrt
13:45:37  INFO       [threshold / light] 200/200  tier=SMALL   latency=7.7 ms  R=0.391  target=0.25  dets=1  vru=True  backend=tensorrt
13:45:37  INFO     [RAMS] Controller stopped.
13:45:37  INFO     
--- Block 5/10  Policy: safety  Load: light (25%) ---
13:45:37  INFO     [RAMS] Starting resource monitor ...
13:45:37  INFO     [RAMS] Loading model tiers ...
WARNING ⚠️ Unable to automatically guess model task, assuming 'task=detect'. Explicitly define task for your model, i.e. 'task=detect', 'segment', 'classify', 'pose', 'obb' or 'semantic'.
Loading yolov8n.engine for TensorRT inference...
[09/09/2026-13:45:37] [TRT] [I] Loaded engine size: 7 MiB
[09/09/2026-13:45:37] [TRT] [I] [MemUsageChange] TensorRT-managed allocation in IExecutionContext creation: CPU +0, GPU +3, now: CPU 0, GPU 9 (MiB)
13:45:37  INFO     [RAMS] YOLOv8-nano ready — TensorRT yolov8n.engine (imgsz=320).
WARNING ⚠️ Unable to automatically guess model task, assuming 'task=detect'. Explicitly define task for your model, i.e. 'task=detect', 'segment', 'classify', 'pose', 'obb' or 'semantic'.
Loading yolov8s.engine for TensorRT inference...
[09/09/2026-13:45:37] [TRT] [I] The logger passed into createInferRuntime differs from one already provided for an existing builder, runtime, or refitter. Uses of the global logger, returned by nvinfer1::getLogger(), will return the existing value.
[09/09/2026-13:45:37] [TRT] [I] Loaded engine size: 23 MiB
[09/09/2026-13:45:38] [TRT] [I] [MemUsageChange] TensorRT-managed allocation in IExecutionContext creation: CPU +1, GPU +7, now: CPU 1, GPU 38 (MiB)
13:45:38  INFO     [RAMS] YOLOv8-small ready — TensorRT yolov8s.engine (imgsz=416).
WARNING ⚠️ Unable to automatically guess model task, assuming 'task=detect'. Explicitly define task for your model, i.e. 'task=detect', 'segment', 'classify', 'pose', 'obb' or 'semantic'.
Loading yolov8m.engine for TensorRT inference...
[09/09/2026-13:45:38] [TRT] [I] The logger passed into createInferRuntime differs from one already provided for an existing builder, runtime, or refitter. Uses of the global logger, returned by nvinfer1::getLogger(), will return the existing value.
[09/09/2026-13:45:38] [TRT] [I] Loaded engine size: 52 MiB
[09/09/2026-13:45:38] [TRT] [I] [MemUsageChange] TensorRT-managed allocation in IExecutionContext creation: CPU +0, GPU +29, now: CPU 1, GPU 117 (MiB)
13:45:38  INFO     [RAMS] YOLOv8-medium ready — TensorRT yolov8m.engine (imgsz=640).
13:45:38  INFO     [RAMS] Controller ready. Policy: safety
13:45:39  INFO       [safety / light] 20/200  tier=SMALL   latency=9.7 ms  R=0.404  target=0.25  dets=11  vru=True  backend=tensorrt
13:45:39  INFO       [safety / light] 40/200  tier=SMALL   latency=10.6 ms  R=0.322  target=0.25  dets=15  vru=False  backend=tensorrt
13:45:40  INFO       [safety / light] 60/200  tier=SMALL   latency=7.7 ms  R=0.316  target=0.25  dets=2  vru=False  backend=tensorrt
13:45:40  INFO       [safety / light] 80/200  tier=SMALL   latency=9.6 ms  R=0.308  target=0.25  dets=10  vru=False  backend=tensorrt
13:45:41  INFO       [safety / light] 100/200  tier=SMALL   latency=10.4 ms  R=0.332  target=0.25  dets=10  vru=False  backend=tensorrt
13:45:41  INFO       [safety / light] 120/200  tier=SMALL   latency=8.2 ms  R=0.328  target=0.25  dets=4  vru=False  backend=tensorrt
13:45:42  INFO       [safety / light] 140/200  tier=SMALL   latency=9.1 ms  R=0.324  target=0.25  dets=8  vru=True  backend=tensorrt
13:45:42  INFO       [safety / light] 160/200  tier=SMALL   latency=8.4 ms  R=0.302  target=0.25  dets=1  vru=False  backend=tensorrt
13:45:42  INFO       [safety / light] 180/200  tier=SMALL   latency=7.7 ms  R=0.332  target=0.25  dets=2  vru=False  backend=tensorrt
13:45:43  INFO       [safety / light] 200/200  tier=SMALL   latency=7.5 ms  R=0.324  target=0.25  dets=1  vru=False  backend=tensorrt
13:45:43  INFO     [RAMS] Controller stopped.
13:45:43  INFO     
--- Block 5/10  Policy: fixed_nano  Load: light (25%) ---
13:45:43  INFO     [RAMS] Starting resource monitor ...
13:45:43  INFO     [RAMS] Loading model tiers ...
WARNING ⚠️ Unable to automatically guess model task, assuming 'task=detect'. Explicitly define task for your model, i.e. 'task=detect', 'segment', 'classify', 'pose', 'obb' or 'semantic'.
Loading yolov8n.engine for TensorRT inference...
[09/09/2026-13:45:43] [TRT] [I] Loaded engine size: 7 MiB
[09/09/2026-13:45:43] [TRT] [I] [MemUsageChange] TensorRT-managed allocation in IExecutionContext creation: CPU +0, GPU +3, now: CPU 0, GPU 9 (MiB)
13:45:43  INFO     [RAMS] YOLOv8-nano ready — TensorRT yolov8n.engine (imgsz=320).
WARNING ⚠️ Unable to automatically guess model task, assuming 'task=detect'. Explicitly define task for your model, i.e. 'task=detect', 'segment', 'classify', 'pose', 'obb' or 'semantic'.
Loading yolov8s.engine for TensorRT inference...
[09/09/2026-13:45:43] [TRT] [I] The logger passed into createInferRuntime differs from one already provided for an existing builder, runtime, or refitter. Uses of the global logger, returned by nvinfer1::getLogger(), will return the existing value.
[09/09/2026-13:45:43] [TRT] [I] Loaded engine size: 23 MiB
[09/09/2026-13:45:43] [TRT] [I] [MemUsageChange] TensorRT-managed allocation in IExecutionContext creation: CPU +1, GPU +7, now: CPU 1, GPU 38 (MiB)
13:45:43  INFO     [RAMS] YOLOv8-small ready — TensorRT yolov8s.engine (imgsz=416).
WARNING ⚠️ Unable to automatically guess model task, assuming 'task=detect'. Explicitly define task for your model, i.e. 'task=detect', 'segment', 'classify', 'pose', 'obb' or 'semantic'.
Loading yolov8m.engine for TensorRT inference...
[09/09/2026-13:45:43] [TRT] [I] The logger passed into createInferRuntime differs from one already provided for an existing builder, runtime, or refitter. Uses of the global logger, returned by nvinfer1::getLogger(), will return the existing value.
[09/09/2026-13:45:43] [TRT] [I] Loaded engine size: 52 MiB
[09/09/2026-13:45:43] [TRT] [I] [MemUsageChange] TensorRT-managed allocation in IExecutionContext creation: CPU +0, GPU +29, now: CPU 1, GPU 117 (MiB)
13:45:43  INFO     [RAMS] YOLOv8-medium ready — TensorRT yolov8m.engine (imgsz=640).
13:45:43  INFO     [RAMS] Controller ready. Policy: fixed
13:45:44  INFO     [RAMS] Tier switch: SMALL → NANO  (R=0.243)
13:45:45  INFO       [fixed_nano / light] 20/200  tier=NANO    latency=8.5 ms  R=0.316  target=0.25  dets=7  vru=False  backend=tensorrt
13:45:45  INFO       [fixed_nano / light] 40/200  tier=NANO    latency=8.5 ms  R=0.318  target=0.25  dets=10  vru=False  backend=tensorrt
13:45:45  INFO       [fixed_nano / light] 60/200  tier=NANO    latency=6.4 ms  R=0.306  target=0.25  dets=2  vru=False  backend=tensorrt
13:45:46  INFO       [fixed_nano / light] 80/200  tier=NANO    latency=7.3 ms  R=0.322  target=0.25  dets=6  vru=False  backend=tensorrt
13:45:46  INFO       [fixed_nano / light] 100/200  tier=NANO    latency=7.2 ms  R=0.426  target=0.25  dets=2  vru=False  backend=tensorrt
13:45:47  INFO       [fixed_nano / light] 120/200  tier=NANO    latency=6.4 ms  R=0.308  target=0.25  dets=2  vru=False  backend=tensorrt
13:45:47  INFO       [fixed_nano / light] 140/200  tier=NANO    latency=6.1 ms  R=0.316  target=0.25  dets=1  vru=False  backend=tensorrt
13:45:47  INFO       [fixed_nano / light] 160/200  tier=NANO    latency=4.7 ms  R=0.332  target=0.25  dets=0  vru=False  backend=tensorrt
13:45:48  INFO       [fixed_nano / light] 180/200  tier=NANO    latency=6.2 ms  R=0.318  target=0.25  dets=1  vru=False  backend=tensorrt
13:45:48  INFO       [fixed_nano / light] 200/200  tier=NANO    latency=6.2 ms  R=0.322  target=0.25  dets=1  vru=False  backend=tensorrt
13:45:48  INFO     [RAMS] Controller stopped.
13:45:48  INFO     
--- Block 5/10  Policy: fixed_medium  Load: light (25%) ---
13:45:48  INFO     [RAMS] Starting resource monitor ...
13:45:48  INFO     [RAMS] Loading model tiers ...
WARNING ⚠️ Unable to automatically guess model task, assuming 'task=detect'. Explicitly define task for your model, i.e. 'task=detect', 'segment', 'classify', 'pose', 'obb' or 'semantic'.
Loading yolov8n.engine for TensorRT inference...
[09/09/2026-13:45:48] [TRT] [I] Loaded engine size: 7 MiB
[09/09/2026-13:45:48] [TRT] [I] [MemUsageChange] TensorRT-managed allocation in IExecutionContext creation: CPU +0, GPU +3, now: CPU 0, GPU 9 (MiB)
13:45:48  INFO     [RAMS] YOLOv8-nano ready — TensorRT yolov8n.engine (imgsz=320).
WARNING ⚠️ Unable to automatically guess model task, assuming 'task=detect'. Explicitly define task for your model, i.e. 'task=detect', 'segment', 'classify', 'pose', 'obb' or 'semantic'.
Loading yolov8s.engine for TensorRT inference...
[09/09/2026-13:45:48] [TRT] [I] The logger passed into createInferRuntime differs from one already provided for an existing builder, runtime, or refitter. Uses of the global logger, returned by nvinfer1::getLogger(), will return the existing value.
[09/09/2026-13:45:48] [TRT] [I] Loaded engine size: 23 MiB
[09/09/2026-13:45:48] [TRT] [I] [MemUsageChange] TensorRT-managed allocation in IExecutionContext creation: CPU +1, GPU +7, now: CPU 1, GPU 38 (MiB)
13:45:48  INFO     [RAMS] YOLOv8-small ready — TensorRT yolov8s.engine (imgsz=416).
WARNING ⚠️ Unable to automatically guess model task, assuming 'task=detect'. Explicitly define task for your model, i.e. 'task=detect', 'segment', 'classify', 'pose', 'obb' or 'semantic'.
Loading yolov8m.engine for TensorRT inference...
[09/09/2026-13:45:48] [TRT] [I] The logger passed into createInferRuntime differs from one already provided for an existing builder, runtime, or refitter. Uses of the global logger, returned by nvinfer1::getLogger(), will return the existing value.
[09/09/2026-13:45:48] [TRT] [I] Loaded engine size: 52 MiB
[09/09/2026-13:45:48] [TRT] [I] [MemUsageChange] TensorRT-managed allocation in IExecutionContext creation: CPU +0, GPU +29, now: CPU 1, GPU 117 (MiB)
13:45:48  INFO     [RAMS] YOLOv8-medium ready — TensorRT yolov8m.engine (imgsz=640).
13:45:48  INFO     [RAMS] Controller ready. Policy: fixed
13:45:49  INFO     [RAMS] Tier switch: SMALL → MEDIUM  (R=0.243)
13:45:50  INFO       [fixed_medium / light] 20/200  tier=MEDIUM  latency=17.2 ms  R=0.370  target=0.25  dets=17  vru=True  backend=tensorrt
13:45:51  INFO       [fixed_medium / light] 40/200  tier=MEDIUM  latency=17.0 ms  R=0.345  target=0.25  dets=16  vru=False  backend=tensorrt
13:45:51  INFO       [fixed_medium / light] 60/200  tier=MEDIUM  latency=14.1 ms  R=0.455  target=0.25  dets=3  vru=True  backend=tensorrt
13:45:52  INFO       [fixed_medium / light] 80/200  tier=MEDIUM  latency=15.8 ms  R=0.370  target=0.25  dets=11  vru=False  backend=tensorrt
13:45:52  INFO       [fixed_medium / light] 100/200  tier=MEDIUM  latency=15.9 ms  R=0.372  target=0.25  dets=11  vru=True  backend=tensorrt
13:45:53  INFO       [fixed_medium / light] 120/200  tier=MEDIUM  latency=14.5 ms  R=0.369  target=0.25  dets=5  vru=False  backend=tensorrt
13:45:53  INFO       [fixed_medium / light] 140/200  tier=MEDIUM  latency=18.8 ms  R=0.491  target=0.25  dets=19  vru=True  backend=tensorrt
13:45:54  INFO       [fixed_medium / light] 160/200  tier=MEDIUM  latency=14.2 ms  R=0.451  target=0.25  dets=2  vru=False  backend=tensorrt
13:45:54  INFO       [fixed_medium / light] 180/200  tier=MEDIUM  latency=14.6 ms  R=0.456  target=0.25  dets=3  vru=False  backend=tensorrt
13:45:55  INFO       [fixed_medium / light] 200/200  tier=MEDIUM  latency=14.9 ms  R=0.461  target=0.25  dets=4  vru=False  backend=tensorrt
13:45:55  INFO     [RAMS] Controller stopped.
13:45:55  INFO     
--- Block 5/10  Policy: adaptive  Load: light (25%) ---
13:45:55  INFO     [RAMS] Starting resource monitor ...
13:45:55  INFO     [RAMS] Loading model tiers ...
WARNING ⚠️ Unable to automatically guess model task, assuming 'task=detect'. Explicitly define task for your model, i.e. 'task=detect', 'segment', 'classify', 'pose', 'obb' or 'semantic'.
Loading yolov8n.engine for TensorRT inference...
[09/09/2026-13:45:55] [TRT] [I] Loaded engine size: 7 MiB
[09/09/2026-13:45:55] [TRT] [I] [MemUsageChange] TensorRT-managed allocation in IExecutionContext creation: CPU +0, GPU +3, now: CPU 0, GPU 9 (MiB)
13:45:55  INFO     [RAMS] YOLOv8-nano ready — TensorRT yolov8n.engine (imgsz=320).
WARNING ⚠️ Unable to automatically guess model task, assuming 'task=detect'. Explicitly define task for your model, i.e. 'task=detect', 'segment', 'classify', 'pose', 'obb' or 'semantic'.
Loading yolov8s.engine for TensorRT inference...
[09/09/2026-13:45:55] [TRT] [I] The logger passed into createInferRuntime differs from one already provided for an existing builder, runtime, or refitter. Uses of the global logger, returned by nvinfer1::getLogger(), will return the existing value.
[09/09/2026-13:45:55] [TRT] [I] Loaded engine size: 23 MiB
[09/09/2026-13:45:55] [TRT] [I] [MemUsageChange] TensorRT-managed allocation in IExecutionContext creation: CPU +1, GPU +7, now: CPU 1, GPU 38 (MiB)
13:45:55  INFO     [RAMS] YOLOv8-small ready — TensorRT yolov8s.engine (imgsz=416).
WARNING ⚠️ Unable to automatically guess model task, assuming 'task=detect'. Explicitly define task for your model, i.e. 'task=detect', 'segment', 'classify', 'pose', 'obb' or 'semantic'.
Loading yolov8m.engine for TensorRT inference...
[09/09/2026-13:45:55] [TRT] [I] The logger passed into createInferRuntime differs from one already provided for an existing builder, runtime, or refitter. Uses of the global logger, returned by nvinfer1::getLogger(), will return the existing value.
[09/09/2026-13:45:55] [TRT] [I] Loaded engine size: 52 MiB
[09/09/2026-13:45:56] [TRT] [I] [MemUsageChange] TensorRT-managed allocation in IExecutionContext creation: CPU +0, GPU +29, now: CPU 1, GPU 117 (MiB)
13:45:56  INFO     [RAMS] YOLOv8-medium ready — TensorRT yolov8m.engine (imgsz=640).
13:45:56  INFO     [RAMS] Controller ready. Policy: adaptive
13:45:57  INFO       [adaptive / light] 20/200  tier=SMALL   latency=10.2 ms  R=0.388  target=0.25  dets=11  vru=True  backend=tensorrt
13:45:57  INFO       [adaptive / light] 40/200  tier=SMALL   latency=11.9 ms  R=0.370  target=0.25  dets=15  vru=False  backend=tensorrt
13:45:58  INFO       [adaptive / light] 60/200  tier=SMALL   latency=7.9 ms  R=0.384  target=0.25  dets=2  vru=False  backend=tensorrt
13:45:58  INFO       [adaptive / light] 80/200  tier=SMALL   latency=9.6 ms  R=0.374  target=0.25  dets=10  vru=False  backend=tensorrt
13:45:59  INFO       [adaptive / light] 100/200  tier=SMALL   latency=9.5 ms  R=0.381  target=0.25  dets=10  vru=False  backend=tensorrt
13:45:59  INFO       [adaptive / light] 120/200  tier=SMALL   latency=8.9 ms  R=0.385  target=0.25  dets=4  vru=False  backend=tensorrt
13:46:00  INFO       [adaptive / light] 140/200  tier=SMALL   latency=9.2 ms  R=0.318  target=0.25  dets=8  vru=True  backend=tensorrt
13:46:00  INFO       [adaptive / light] 160/200  tier=SMALL   latency=7.7 ms  R=0.308  target=0.25  dets=1  vru=False  backend=tensorrt
13:46:00  INFO       [adaptive / light] 180/200  tier=SMALL   latency=7.9 ms  R=0.332  target=0.25  dets=2  vru=False  backend=tensorrt
13:46:01  INFO       [adaptive / light] 200/200  tier=SMALL   latency=7.6 ms  R=0.316  target=0.25  dets=1  vru=False  backend=tensorrt
13:46:01  INFO     [RAMS] Controller stopped.
13:46:01  INFO     
--- Block 5/10  Policy: predictive  Load: light (25%) ---
13:46:01  INFO     [RAMS] Starting resource monitor ...
13:46:01  INFO     [RAMS] Loading model tiers ...
WARNING ⚠️ Unable to automatically guess model task, assuming 'task=detect'. Explicitly define task for your model, i.e. 'task=detect', 'segment', 'classify', 'pose', 'obb' or 'semantic'.
Loading yolov8n.engine for TensorRT inference...
[09/09/2026-13:46:01] [TRT] [I] Loaded engine size: 7 MiB
[09/09/2026-13:46:01] [TRT] [I] [MemUsageChange] TensorRT-managed allocation in IExecutionContext creation: CPU +0, GPU +3, now: CPU 0, GPU 9 (MiB)
13:46:01  INFO     [RAMS] YOLOv8-nano ready — TensorRT yolov8n.engine (imgsz=320).
WARNING ⚠️ Unable to automatically guess model task, assuming 'task=detect'. Explicitly define task for your model, i.e. 'task=detect', 'segment', 'classify', 'pose', 'obb' or 'semantic'.
Loading yolov8s.engine for TensorRT inference...
[09/09/2026-13:46:01] [TRT] [I] The logger passed into createInferRuntime differs from one already provided for an existing builder, runtime, or refitter. Uses of the global logger, returned by nvinfer1::getLogger(), will return the existing value.
[09/09/2026-13:46:01] [TRT] [I] Loaded engine size: 23 MiB
[09/09/2026-13:46:01] [TRT] [I] [MemUsageChange] TensorRT-managed allocation in IExecutionContext creation: CPU +1, GPU +7, now: CPU 1, GPU 38 (MiB)
13:46:01  INFO     [RAMS] YOLOv8-small ready — TensorRT yolov8s.engine (imgsz=416).
WARNING ⚠️ Unable to automatically guess model task, assuming 'task=detect'. Explicitly define task for your model, i.e. 'task=detect', 'segment', 'classify', 'pose', 'obb' or 'semantic'.
Loading yolov8m.engine for TensorRT inference...
[09/09/2026-13:46:01] [TRT] [I] The logger passed into createInferRuntime differs from one already provided for an existing builder, runtime, or refitter. Uses of the global logger, returned by nvinfer1::getLogger(), will return the existing value.
[09/09/2026-13:46:01] [TRT] [I] Loaded engine size: 52 MiB
[09/09/2026-13:46:01] [TRT] [I] [MemUsageChange] TensorRT-managed allocation in IExecutionContext creation: CPU +0, GPU +29, now: CPU 1, GPU 117 (MiB)
13:46:01  INFO     [RAMS] YOLOv8-medium ready — TensorRT yolov8m.engine (imgsz=640).
13:46:01  INFO     [RAMS] Controller ready. Policy: predictive
13:46:03  INFO       [predictive / light] 20/200  tier=SMALL   latency=9.7 ms  R=0.332  target=0.25  dets=11  vru=True  backend=tensorrt
13:46:03  INFO       [predictive / light] 40/200  tier=SMALL   latency=10.6 ms  R=0.330  target=0.25  dets=15  vru=False  backend=tensorrt
13:46:03  INFO       [predictive / light] 60/200  tier=SMALL   latency=7.8 ms  R=0.318  target=0.25  dets=2  vru=False  backend=tensorrt
13:46:04  INFO       [predictive / light] 80/200  tier=SMALL   latency=9.5 ms  R=0.306  target=0.25  dets=10  vru=False  backend=tensorrt
13:46:04  INFO       [predictive / light] 100/200  tier=SMALL   latency=9.7 ms  R=0.355  target=0.25  dets=10  vru=False  backend=tensorrt
13:46:05  INFO       [predictive / light] 120/200  tier=SMALL   latency=8.3 ms  R=0.322  target=0.25  dets=4  vru=False  backend=tensorrt
13:46:05  INFO       [predictive / light] 140/200  tier=SMALL   latency=9.5 ms  R=0.392  target=0.25  dets=8  vru=True  backend=tensorrt
13:46:05  INFO       [predictive / light] 160/200  tier=SMALL   latency=7.6 ms  R=0.328  target=0.25  dets=1  vru=False  backend=tensorrt
13:46:06  INFO       [predictive / light] 180/200  tier=SMALL   latency=7.8 ms  R=0.332  target=0.25  dets=2  vru=False  backend=tensorrt
13:46:06  INFO       [predictive / light] 200/200  tier=SMALL   latency=7.5 ms  R=0.345  target=0.25  dets=1  vru=False  backend=tensorrt
13:46:06  INFO     [RAMS] Controller stopped.
13:46:06  INFO     
--- Block 5/10  Policy: safety2  Load: light (25%) ---
13:46:06  INFO     [RAMS] Starting resource monitor ...
13:46:06  INFO     [RAMS] Loading model tiers ...
WARNING ⚠️ Unable to automatically guess model task, assuming 'task=detect'. Explicitly define task for your model, i.e. 'task=detect', 'segment', 'classify', 'pose', 'obb' or 'semantic'.
Loading yolov8n.engine for TensorRT inference...
[09/09/2026-13:46:07] [TRT] [I] Loaded engine size: 7 MiB
[09/09/2026-13:46:07] [TRT] [I] [MemUsageChange] TensorRT-managed allocation in IExecutionContext creation: CPU +0, GPU +3, now: CPU 0, GPU 9 (MiB)
13:46:07  INFO     [RAMS] YOLOv8-nano ready — TensorRT yolov8n.engine (imgsz=320).
WARNING ⚠️ Unable to automatically guess model task, assuming 'task=detect'. Explicitly define task for your model, i.e. 'task=detect', 'segment', 'classify', 'pose', 'obb' or 'semantic'.
Loading yolov8s.engine for TensorRT inference...
[09/09/2026-13:46:07] [TRT] [I] The logger passed into createInferRuntime differs from one already provided for an existing builder, runtime, or refitter. Uses of the global logger, returned by nvinfer1::getLogger(), will return the existing value.
[09/09/2026-13:46:07] [TRT] [I] Loaded engine size: 23 MiB
[09/09/2026-13:46:07] [TRT] [I] [MemUsageChange] TensorRT-managed allocation in IExecutionContext creation: CPU +1, GPU +7, now: CPU 1, GPU 38 (MiB)
13:46:07  INFO     [RAMS] YOLOv8-small ready — TensorRT yolov8s.engine (imgsz=416).
WARNING ⚠️ Unable to automatically guess model task, assuming 'task=detect'. Explicitly define task for your model, i.e. 'task=detect', 'segment', 'classify', 'pose', 'obb' or 'semantic'.
Loading yolov8m.engine for TensorRT inference...
[09/09/2026-13:46:07] [TRT] [I] The logger passed into createInferRuntime differs from one already provided for an existing builder, runtime, or refitter. Uses of the global logger, returned by nvinfer1::getLogger(), will return the existing value.
[09/09/2026-13:46:07] [TRT] [I] Loaded engine size: 52 MiB
[09/09/2026-13:46:07] [TRT] [I] [MemUsageChange] TensorRT-managed allocation in IExecutionContext creation: CPU +0, GPU +29, now: CPU 1, GPU 117 (MiB)
13:46:07  INFO     [RAMS] YOLOv8-medium ready — TensorRT yolov8m.engine (imgsz=640).
13:46:07  INFO     [RAMS] Controller ready. Policy: safety2
13:46:08  INFO     [RAMS] Tier switch: SMALL → MEDIUM  (R=0.318)
13:46:08  INFO       [safety2 / light] 20/200  tier=MEDIUM  latency=17.0 ms  R=0.368  target=0.25  dets=17  vru=True  backend=tensorrt
13:46:09  INFO       [safety2 / light] 40/200  tier=MEDIUM  latency=16.8 ms  R=0.382  target=0.25  dets=16  vru=False  backend=tensorrt
13:46:09  INFO     [RAMS] Tier switch: MEDIUM → SMALL  (R=0.376)
13:46:09  INFO     [RAMS] Tier switch: SMALL → MEDIUM  (R=0.418)
13:46:09  INFO       [safety2 / light] 60/200  tier=MEDIUM  latency=14.7 ms  R=0.294  target=0.25  dets=3  vru=True  backend=tensorrt
13:46:10  INFO       [safety2 / light] 80/200  tier=MEDIUM  latency=15.8 ms  R=0.316  target=0.25  dets=11  vru=False  backend=tensorrt
13:46:10  INFO     [RAMS] Tier switch: MEDIUM → SMALL  (R=0.298)
13:46:10  INFO     [RAMS] Tier switch: SMALL → MEDIUM  (R=0.386)
13:46:10  INFO       [safety2 / light] 100/200  tier=MEDIUM  latency=15.7 ms  R=0.364  target=0.25  dets=11  vru=True  backend=tensorrt
13:46:11  INFO     [RAMS] Tier switch: MEDIUM → SMALL  (R=0.330)
13:46:11  INFO     [RAMS] Tier switch: SMALL → MEDIUM  (R=0.308)
13:46:11  INFO       [safety2 / light] 120/200  tier=MEDIUM  latency=14.4 ms  R=0.288  target=0.25  dets=5  vru=False  backend=tensorrt
13:46:11  INFO     [RAMS] Tier switch: MEDIUM → SMALL  (R=0.364)
13:46:11  INFO     [RAMS] Tier switch: SMALL → MEDIUM  (R=0.364)
13:46:11  INFO       [safety2 / light] 140/200  tier=MEDIUM  latency=17.5 ms  R=0.296  target=0.25  dets=19  vru=True  backend=tensorrt
13:46:12  INFO     [RAMS] Tier switch: MEDIUM → SMALL  (R=0.372)
13:46:12  INFO       [safety2 / light] 160/200  tier=SMALL   latency=7.9 ms  R=0.326  target=0.25  dets=1  vru=False  backend=tensorrt
13:46:12  INFO       [safety2 / light] 180/200  tier=SMALL   latency=7.8 ms  R=0.324  target=0.25  dets=2  vru=False  backend=tensorrt
13:46:12  INFO     [RAMS] Tier switch: SMALL → MEDIUM  (R=0.324)
13:46:13  INFO       [safety2 / light] 200/200  tier=MEDIUM  latency=14.1 ms  R=0.364  target=0.25  dets=4  vru=False  backend=tensorrt
13:46:13  INFO     [RAMS] Controller stopped.
13:46:13  INFO     
--- Block 5/10  Policy: fixed_small  Load: light (25%) ---
13:46:13  INFO     [RAMS] Starting resource monitor ...
13:46:13  INFO     [RAMS] Loading model tiers ...
WARNING ⚠️ Unable to automatically guess model task, assuming 'task=detect'. Explicitly define task for your model, i.e. 'task=detect', 'segment', 'classify', 'pose', 'obb' or 'semantic'.
Loading yolov8n.engine for TensorRT inference...
[09/09/2026-13:46:13] [TRT] [I] Loaded engine size: 7 MiB
[09/09/2026-13:46:13] [TRT] [I] [MemUsageChange] TensorRT-managed allocation in IExecutionContext creation: CPU +0, GPU +3, now: CPU 0, GPU 9 (MiB)
13:46:13  INFO     [RAMS] YOLOv8-nano ready — TensorRT yolov8n.engine (imgsz=320).
WARNING ⚠️ Unable to automatically guess model task, assuming 'task=detect'. Explicitly define task for your model, i.e. 'task=detect', 'segment', 'classify', 'pose', 'obb' or 'semantic'.
Loading yolov8s.engine for TensorRT inference...
[09/09/2026-13:46:13] [TRT] [I] The logger passed into createInferRuntime differs from one already provided for an existing builder, runtime, or refitter. Uses of the global logger, returned by nvinfer1::getLogger(), will return the existing value.
[09/09/2026-13:46:13] [TRT] [I] Loaded engine size: 23 MiB
[09/09/2026-13:46:13] [TRT] [I] [MemUsageChange] TensorRT-managed allocation in IExecutionContext creation: CPU +1, GPU +7, now: CPU 1, GPU 38 (MiB)
13:46:13  INFO     [RAMS] YOLOv8-small ready — TensorRT yolov8s.engine (imgsz=416).
WARNING ⚠️ Unable to automatically guess model task, assuming 'task=detect'. Explicitly define task for your model, i.e. 'task=detect', 'segment', 'classify', 'pose', 'obb' or 'semantic'.
Loading yolov8m.engine for TensorRT inference...
[09/09/2026-13:46:13] [TRT] [I] The logger passed into createInferRuntime differs from one already provided for an existing builder, runtime, or refitter. Uses of the global logger, returned by nvinfer1::getLogger(), will return the existing value.
[09/09/2026-13:46:13] [TRT] [I] Loaded engine size: 52 MiB
[09/09/2026-13:46:13] [TRT] [I] [MemUsageChange] TensorRT-managed allocation in IExecutionContext creation: CPU +0, GPU +29, now: CPU 1, GPU 117 (MiB)
13:46:13  INFO     [RAMS] YOLOv8-medium ready — TensorRT yolov8m.engine (imgsz=640).
13:46:13  INFO     [RAMS] Controller ready. Policy: fixed
13:46:15  INFO       [fixed_small / light] 20/200  tier=SMALL   latency=10.0 ms  R=0.396  target=0.25  dets=11  vru=True  backend=tensorrt
13:46:15  INFO       [fixed_small / light] 40/200  tier=SMALL   latency=11.1 ms  R=0.408  target=0.25  dets=15  vru=False  backend=tensorrt
13:46:16  INFO       [fixed_small / light] 60/200  tier=SMALL   latency=8.5 ms  R=0.420  target=0.25  dets=2  vru=False  backend=tensorrt
13:46:16  INFO       [fixed_small / light] 80/200  tier=SMALL   latency=9.9 ms  R=0.473  target=0.25  dets=10  vru=False  backend=tensorrt
13:46:16  INFO       [fixed_small / light] 100/200  tier=SMALL   latency=9.8 ms  R=0.397  target=0.25  dets=10  vru=False  backend=tensorrt
13:46:17  INFO       [fixed_small / light] 120/200  tier=SMALL   latency=8.6 ms  R=0.403  target=0.25  dets=4  vru=False  backend=tensorrt
13:46:17  INFO       [fixed_small / light] 140/200  tier=SMALL   latency=9.5 ms  R=0.390  target=0.25  dets=8  vru=True  backend=tensorrt
13:46:18  INFO       [fixed_small / light] 160/200  tier=SMALL   latency=7.8 ms  R=0.426  target=0.25  dets=1  vru=False  backend=tensorrt
13:46:18  INFO       [fixed_small / light] 180/200  tier=SMALL   latency=8.0 ms  R=0.379  target=0.25  dets=2  vru=False  backend=tensorrt
13:46:19  INFO       [fixed_small / light] 200/200  tier=SMALL   latency=7.7 ms  R=0.396  target=0.25  dets=1  vru=False  backend=tensorrt
13:46:19  INFO     [RAMS] Controller stopped.
13:46:19  INFO     
--- Block 5/10  Policy: threshold  Load: light (25%) ---
13:46:19  INFO     [RAMS] Starting resource monitor ...
13:46:19  INFO     [RAMS] Loading model tiers ...
WARNING ⚠️ Unable to automatically guess model task, assuming 'task=detect'. Explicitly define task for your model, i.e. 'task=detect', 'segment', 'classify', 'pose', 'obb' or 'semantic'.
Loading yolov8n.engine for TensorRT inference...
[09/09/2026-13:46:19] [TRT] [I] Loaded engine size: 7 MiB
[09/09/2026-13:46:19] [TRT] [I] [MemUsageChange] TensorRT-managed allocation in IExecutionContext creation: CPU +0, GPU +3, now: CPU 0, GPU 9 (MiB)
13:46:19  INFO     [RAMS] YOLOv8-nano ready — TensorRT yolov8n.engine (imgsz=320).
WARNING ⚠️ Unable to automatically guess model task, assuming 'task=detect'. Explicitly define task for your model, i.e. 'task=detect', 'segment', 'classify', 'pose', 'obb' or 'semantic'.
Loading yolov8s.engine for TensorRT inference...
[09/09/2026-13:46:19] [TRT] [I] The logger passed into createInferRuntime differs from one already provided for an existing builder, runtime, or refitter. Uses of the global logger, returned by nvinfer1::getLogger(), will return the existing value.
[09/09/2026-13:46:19] [TRT] [I] Loaded engine size: 23 MiB
[09/09/2026-13:46:19] [TRT] [I] [MemUsageChange] TensorRT-managed allocation in IExecutionContext creation: CPU +1, GPU +7, now: CPU 1, GPU 38 (MiB)
13:46:19  INFO     [RAMS] YOLOv8-small ready — TensorRT yolov8s.engine (imgsz=416).
WARNING ⚠️ Unable to automatically guess model task, assuming 'task=detect'. Explicitly define task for your model, i.e. 'task=detect', 'segment', 'classify', 'pose', 'obb' or 'semantic'.
Loading yolov8m.engine for TensorRT inference...
[09/09/2026-13:46:19] [TRT] [I] The logger passed into createInferRuntime differs from one already provided for an existing builder, runtime, or refitter. Uses of the global logger, returned by nvinfer1::getLogger(), will return the existing value.
[09/09/2026-13:46:19] [TRT] [I] Loaded engine size: 52 MiB
[09/09/2026-13:46:19] [TRT] [I] [MemUsageChange] TensorRT-managed allocation in IExecutionContext creation: CPU +0, GPU +29, now: CPU 1, GPU 117 (MiB)
13:46:19  INFO     [RAMS] YOLOv8-medium ready — TensorRT yolov8m.engine (imgsz=640).
13:46:19  INFO     [RAMS] Controller ready. Policy: threshold
13:46:20  INFO       [threshold / light] 20/200  tier=SMALL   latency=9.8 ms  R=0.329  target=0.25  dets=11  vru=True  backend=tensorrt
13:46:21  INFO       [threshold / light] 40/200  tier=SMALL   latency=10.5 ms  R=0.328  target=0.25  dets=15  vru=False  backend=tensorrt
13:46:21  INFO       [threshold / light] 60/200  tier=SMALL   latency=7.7 ms  R=0.328  target=0.25  dets=2  vru=False  backend=tensorrt
13:46:22  INFO       [threshold / light] 80/200  tier=SMALL   latency=9.5 ms  R=0.340  target=0.25  dets=10  vru=False  backend=tensorrt
13:46:22  INFO       [threshold / light] 100/200  tier=SMALL   latency=9.7 ms  R=0.345  target=0.25  dets=10  vru=False  backend=tensorrt
13:46:22  INFO       [threshold / light] 120/200  tier=SMALL   latency=8.7 ms  R=0.324  target=0.25  dets=4  vru=False  backend=tensorrt
13:46:23  INFO       [threshold / light] 140/200  tier=SMALL   latency=9.1 ms  R=0.310  target=0.25  dets=8  vru=True  backend=tensorrt
13:46:23  INFO       [threshold / light] 160/200  tier=SMALL   latency=7.6 ms  R=0.324  target=0.25  dets=1  vru=False  backend=tensorrt
13:46:24  INFO       [threshold / light] 180/200  tier=SMALL   latency=8.2 ms  R=0.328  target=0.25  dets=2  vru=False  backend=tensorrt
13:46:24  INFO       [threshold / light] 200/200  tier=SMALL   latency=7.5 ms  R=0.419  target=0.25  dets=1  vru=False  backend=tensorrt
13:46:24  INFO     [RAMS] Controller stopped.
13:46:24  INFO     
--- Block 6/10  Policy: adaptive  Load: light (25%) ---
13:46:24  INFO     [RAMS] Starting resource monitor ...
13:46:24  INFO     [RAMS] Loading model tiers ...
WARNING ⚠️ Unable to automatically guess model task, assuming 'task=detect'. Explicitly define task for your model, i.e. 'task=detect', 'segment', 'classify', 'pose', 'obb' or 'semantic'.
Loading yolov8n.engine for TensorRT inference...
[09/09/2026-13:46:24] [TRT] [I] Loaded engine size: 7 MiB
[09/09/2026-13:46:24] [TRT] [I] [MemUsageChange] TensorRT-managed allocation in IExecutionContext creation: CPU +0, GPU +3, now: CPU 0, GPU 9 (MiB)
13:46:24  INFO     [RAMS] YOLOv8-nano ready — TensorRT yolov8n.engine (imgsz=320).
WARNING ⚠️ Unable to automatically guess model task, assuming 'task=detect'. Explicitly define task for your model, i.e. 'task=detect', 'segment', 'classify', 'pose', 'obb' or 'semantic'.
Loading yolov8s.engine for TensorRT inference...
[09/09/2026-13:46:24] [TRT] [I] The logger passed into createInferRuntime differs from one already provided for an existing builder, runtime, or refitter. Uses of the global logger, returned by nvinfer1::getLogger(), will return the existing value.
[09/09/2026-13:46:24] [TRT] [I] Loaded engine size: 23 MiB
[09/09/2026-13:46:24] [TRT] [I] [MemUsageChange] TensorRT-managed allocation in IExecutionContext creation: CPU +1, GPU +7, now: CPU 1, GPU 38 (MiB)
13:46:24  INFO     [RAMS] YOLOv8-small ready — TensorRT yolov8s.engine (imgsz=416).
WARNING ⚠️ Unable to automatically guess model task, assuming 'task=detect'. Explicitly define task for your model, i.e. 'task=detect', 'segment', 'classify', 'pose', 'obb' or 'semantic'.
Loading yolov8m.engine for TensorRT inference...
[09/09/2026-13:46:24] [TRT] [I] The logger passed into createInferRuntime differs from one already provided for an existing builder, runtime, or refitter. Uses of the global logger, returned by nvinfer1::getLogger(), will return the existing value.
[09/09/2026-13:46:24] [TRT] [I] Loaded engine size: 52 MiB
[09/09/2026-13:46:24] [TRT] [I] [MemUsageChange] TensorRT-managed allocation in IExecutionContext creation: CPU +0, GPU +29, now: CPU 1, GPU 117 (MiB)
13:46:24  INFO     [RAMS] YOLOv8-medium ready — TensorRT yolov8m.engine (imgsz=640).
13:46:24  INFO     [RAMS] Controller ready. Policy: adaptive
13:46:26  INFO       [adaptive / light] 20/200  tier=SMALL   latency=7.8 ms  R=0.324  target=0.25  dets=2  vru=False  backend=tensorrt
13:46:26  INFO       [adaptive / light] 40/200  tier=SMALL   latency=8.0 ms  R=0.324  target=0.25  dets=2  vru=False  backend=tensorrt
13:46:27  INFO       [adaptive / light] 60/200  tier=SMALL   latency=9.0 ms  R=0.332  target=0.25  dets=5  vru=False  backend=tensorrt
13:46:27  INFO       [adaptive / light] 80/200  tier=SMALL   latency=8.1 ms  R=0.428  target=0.25  dets=3  vru=True  backend=tensorrt
13:46:28  INFO       [adaptive / light] 100/200  tier=SMALL   latency=7.8 ms  R=0.321  target=0.25  dets=2  vru=False  backend=tensorrt
13:46:28  INFO       [adaptive / light] 120/200  tier=SMALL   latency=8.5 ms  R=0.326  target=0.25  dets=5  vru=False  backend=tensorrt
13:46:28  INFO       [adaptive / light] 140/200  tier=SMALL   latency=8.1 ms  R=0.322  target=0.25  dets=4  vru=False  backend=tensorrt
13:46:29  INFO       [adaptive / light] 160/200  tier=SMALL   latency=7.6 ms  R=0.332  target=0.25  dets=1  vru=False  backend=tensorrt
13:46:29  INFO       [adaptive / light] 180/200  tier=SMALL   latency=8.6 ms  R=0.308  target=0.25  dets=6  vru=False  backend=tensorrt
13:46:30  INFO       [adaptive / light] 200/200  tier=SMALL   latency=6.3 ms  R=0.350  target=0.25  dets=0  vru=False  backend=tensorrt
13:46:30  INFO     [RAMS] Controller stopped.
13:46:30  INFO     
--- Block 6/10  Policy: safety2  Load: light (25%) ---
13:46:30  INFO     [RAMS] Starting resource monitor ...
13:46:30  INFO     [RAMS] Loading model tiers ...
WARNING ⚠️ Unable to automatically guess model task, assuming 'task=detect'. Explicitly define task for your model, i.e. 'task=detect', 'segment', 'classify', 'pose', 'obb' or 'semantic'.
Loading yolov8n.engine for TensorRT inference...
[09/09/2026-13:46:30] [TRT] [I] Loaded engine size: 7 MiB
[09/09/2026-13:46:30] [TRT] [I] [MemUsageChange] TensorRT-managed allocation in IExecutionContext creation: CPU +0, GPU +3, now: CPU 0, GPU 9 (MiB)
13:46:30  INFO     [RAMS] YOLOv8-nano ready — TensorRT yolov8n.engine (imgsz=320).
WARNING ⚠️ Unable to automatically guess model task, assuming 'task=detect'. Explicitly define task for your model, i.e. 'task=detect', 'segment', 'classify', 'pose', 'obb' or 'semantic'.
Loading yolov8s.engine for TensorRT inference...
[09/09/2026-13:46:30] [TRT] [I] The logger passed into createInferRuntime differs from one already provided for an existing builder, runtime, or refitter. Uses of the global logger, returned by nvinfer1::getLogger(), will return the existing value.
[09/09/2026-13:46:30] [TRT] [I] Loaded engine size: 23 MiB
[09/09/2026-13:46:30] [TRT] [I] [MemUsageChange] TensorRT-managed allocation in IExecutionContext creation: CPU +1, GPU +7, now: CPU 1, GPU 38 (MiB)
13:46:30  INFO     [RAMS] YOLOv8-small ready — TensorRT yolov8s.engine (imgsz=416).
WARNING ⚠️ Unable to automatically guess model task, assuming 'task=detect'. Explicitly define task for your model, i.e. 'task=detect', 'segment', 'classify', 'pose', 'obb' or 'semantic'.
Loading yolov8m.engine for TensorRT inference...
[09/09/2026-13:46:30] [TRT] [I] The logger passed into createInferRuntime differs from one already provided for an existing builder, runtime, or refitter. Uses of the global logger, returned by nvinfer1::getLogger(), will return the existing value.
[09/09/2026-13:46:30] [TRT] [I] Loaded engine size: 52 MiB
[09/09/2026-13:46:30] [TRT] [I] [MemUsageChange] TensorRT-managed allocation in IExecutionContext creation: CPU +0, GPU +29, now: CPU 1, GPU 117 (MiB)
13:46:30  INFO     [RAMS] YOLOv8-medium ready — TensorRT yolov8m.engine (imgsz=640).
13:46:30  INFO     [RAMS] Controller ready. Policy: safety2
13:46:31  INFO     [RAMS] Tier switch: SMALL → MEDIUM  (R=0.340)
13:46:32  INFO       [safety2 / light] 20/200  tier=MEDIUM  latency=14.2 ms  R=0.372  target=0.25  dets=3  vru=False  backend=tensorrt
13:46:32  INFO     [RAMS] Tier switch: MEDIUM → SMALL  (R=0.372)
13:46:32  INFO     [RAMS] Tier switch: SMALL → MEDIUM  (R=0.324)
13:46:32  INFO       [safety2 / light] 40/200  tier=MEDIUM  latency=14.4 ms  R=0.422  target=0.25  dets=4  vru=False  backend=tensorrt
13:46:33  INFO     [RAMS] Tier switch: MEDIUM → SMALL  (R=0.372)
13:46:33  INFO       [safety2 / light] 60/200  tier=SMALL   latency=8.4 ms  R=0.378  target=0.25  dets=5  vru=False  backend=tensorrt
13:46:33  INFO       [safety2 / light] 80/200  tier=SMALL   latency=9.1 ms  R=0.321  target=0.25  dets=3  vru=True  backend=tensorrt
13:46:33  INFO     [RAMS] Tier switch: SMALL → MEDIUM  (R=0.321)
13:46:34  INFO     [RAMS] Tier switch: MEDIUM → SMALL  (R=0.315)
13:46:34  INFO       [safety2 / light] 100/200  tier=SMALL   latency=7.8 ms  R=0.315  target=0.25  dets=2  vru=False  backend=tensorrt
13:46:34  INFO       [safety2 / light] 120/200  tier=SMALL   latency=8.4 ms  R=0.340  target=0.25  dets=5  vru=False  backend=tensorrt
13:46:34  INFO     [RAMS] Tier switch: SMALL → MEDIUM  (R=0.320)
13:46:35  INFO       [safety2 / light] 140/200  tier=MEDIUM  latency=14.5 ms  R=0.298  target=0.25  dets=5  vru=False  backend=tensorrt
13:46:35  INFO     [RAMS] Tier switch: MEDIUM → SMALL  (R=0.327)
13:46:35  INFO     [RAMS] Tier switch: SMALL → MEDIUM  (R=0.374)
13:46:35  INFO       [safety2 / light] 160/200  tier=MEDIUM  latency=14.4 ms  R=0.297  target=0.25  dets=1  vru=False  backend=tensorrt
13:46:35  INFO     [RAMS] Tier switch: MEDIUM → SMALL  (R=0.427)
13:46:35  INFO     [RAMS] Tier switch: SMALL → MEDIUM  (R=0.427)
13:46:36  INFO       [safety2 / light] 180/200  tier=MEDIUM  latency=15.8 ms  R=0.386  target=0.25  dets=10  vru=False  backend=tensorrt
13:46:36  INFO       [safety2 / light] 200/200  tier=MEDIUM  latency=14.6 ms  R=0.531  target=0.25  dets=4  vru=False  backend=tensorrt
13:46:36  INFO     [RAMS] Controller stopped.
13:46:36  INFO     
--- Block 6/10  Policy: threshold  Load: light (25%) ---
13:46:36  INFO     [RAMS] Starting resource monitor ...
13:46:36  INFO     [RAMS] Loading model tiers ...
WARNING ⚠️ Unable to automatically guess model task, assuming 'task=detect'. Explicitly define task for your model, i.e. 'task=detect', 'segment', 'classify', 'pose', 'obb' or 'semantic'.
Loading yolov8n.engine for TensorRT inference...
[09/09/2026-13:46:36] [TRT] [I] Loaded engine size: 7 MiB
[09/09/2026-13:46:36] [TRT] [I] [MemUsageChange] TensorRT-managed allocation in IExecutionContext creation: CPU +0, GPU +3, now: CPU 0, GPU 9 (MiB)
13:46:36  INFO     [RAMS] YOLOv8-nano ready — TensorRT yolov8n.engine (imgsz=320).
WARNING ⚠️ Unable to automatically guess model task, assuming 'task=detect'. Explicitly define task for your model, i.e. 'task=detect', 'segment', 'classify', 'pose', 'obb' or 'semantic'.
Loading yolov8s.engine for TensorRT inference...
[09/09/2026-13:46:36] [TRT] [I] The logger passed into createInferRuntime differs from one already provided for an existing builder, runtime, or refitter. Uses of the global logger, returned by nvinfer1::getLogger(), will return the existing value.
[09/09/2026-13:46:36] [TRT] [I] Loaded engine size: 23 MiB
[09/09/2026-13:46:36] [TRT] [I] [MemUsageChange] TensorRT-managed allocation in IExecutionContext creation: CPU +1, GPU +7, now: CPU 1, GPU 38 (MiB)
13:46:36  INFO     [RAMS] YOLOv8-small ready — TensorRT yolov8s.engine (imgsz=416).
WARNING ⚠️ Unable to automatically guess model task, assuming 'task=detect'. Explicitly define task for your model, i.e. 'task=detect', 'segment', 'classify', 'pose', 'obb' or 'semantic'.
Loading yolov8m.engine for TensorRT inference...
[09/09/2026-13:46:36] [TRT] [I] The logger passed into createInferRuntime differs from one already provided for an existing builder, runtime, or refitter. Uses of the global logger, returned by nvinfer1::getLogger(), will return the existing value.
[09/09/2026-13:46:37] [TRT] [I] Loaded engine size: 52 MiB
[09/09/2026-13:46:37] [TRT] [I] [MemUsageChange] TensorRT-managed allocation in IExecutionContext creation: CPU +0, GPU +29, now: CPU 1, GPU 117 (MiB)
13:46:37  INFO     [RAMS] YOLOv8-medium ready — TensorRT yolov8m.engine (imgsz=640).
13:46:37  INFO     [RAMS] Controller ready. Policy: threshold
13:46:38  INFO       [threshold / light] 20/200  tier=SMALL   latency=9.3 ms  R=0.390  target=0.25  dets=2  vru=False  backend=tensorrt
13:46:38  INFO       [threshold / light] 40/200  tier=SMALL   latency=8.1 ms  R=0.399  target=0.25  dets=2  vru=False  backend=tensorrt
13:46:39  INFO       [threshold / light] 60/200  tier=SMALL   latency=9.0 ms  R=0.391  target=0.25  dets=5  vru=False  backend=tensorrt
13:46:39  INFO       [threshold / light] 80/200  tier=SMALL   latency=8.6 ms  R=0.398  target=0.25  dets=3  vru=True  backend=tensorrt
13:46:40  INFO       [threshold / light] 100/200  tier=SMALL   latency=8.2 ms  R=0.371  target=0.25  dets=2  vru=False  backend=tensorrt
13:46:40  INFO       [threshold / light] 120/200  tier=SMALL   latency=9.2 ms  R=0.419  target=0.25  dets=5  vru=False  backend=tensorrt
13:46:41  INFO       [threshold / light] 140/200  tier=SMALL   latency=8.8 ms  R=0.390  target=0.25  dets=4  vru=False  backend=tensorrt
13:46:41  INFO       [threshold / light] 160/200  tier=SMALL   latency=8.0 ms  R=0.394  target=0.25  dets=1  vru=False  backend=tensorrt
13:46:41  INFO       [threshold / light] 180/200  tier=SMALL   latency=9.2 ms  R=0.358  target=0.25  dets=6  vru=False  backend=tensorrt
13:46:42  INFO       [threshold / light] 200/200  tier=SMALL   latency=5.9 ms  R=0.324  target=0.25  dets=0  vru=False  backend=tensorrt
13:46:42  INFO     [RAMS] Controller stopped.
13:46:42  INFO     
--- Block 6/10  Policy: fixed_nano  Load: light (25%) ---
13:46:42  INFO     [RAMS] Starting resource monitor ...
13:46:42  INFO     [RAMS] Loading model tiers ...
WARNING ⚠️ Unable to automatically guess model task, assuming 'task=detect'. Explicitly define task for your model, i.e. 'task=detect', 'segment', 'classify', 'pose', 'obb' or 'semantic'.
Loading yolov8n.engine for TensorRT inference...
[09/09/2026-13:46:42] [TRT] [I] Loaded engine size: 7 MiB
[09/09/2026-13:46:42] [TRT] [I] [MemUsageChange] TensorRT-managed allocation in IExecutionContext creation: CPU +0, GPU +3, now: CPU 0, GPU 9 (MiB)
13:46:42  INFO     [RAMS] YOLOv8-nano ready — TensorRT yolov8n.engine (imgsz=320).
WARNING ⚠️ Unable to automatically guess model task, assuming 'task=detect'. Explicitly define task for your model, i.e. 'task=detect', 'segment', 'classify', 'pose', 'obb' or 'semantic'.
Loading yolov8s.engine for TensorRT inference...
[09/09/2026-13:46:42] [TRT] [I] The logger passed into createInferRuntime differs from one already provided for an existing builder, runtime, or refitter. Uses of the global logger, returned by nvinfer1::getLogger(), will return the existing value.
[09/09/2026-13:46:42] [TRT] [I] Loaded engine size: 23 MiB
[09/09/2026-13:46:42] [TRT] [I] [MemUsageChange] TensorRT-managed allocation in IExecutionContext creation: CPU +1, GPU +7, now: CPU 1, GPU 38 (MiB)
13:46:42  INFO     [RAMS] YOLOv8-small ready — TensorRT yolov8s.engine (imgsz=416).
WARNING ⚠️ Unable to automatically guess model task, assuming 'task=detect'. Explicitly define task for your model, i.e. 'task=detect', 'segment', 'classify', 'pose', 'obb' or 'semantic'.
Loading yolov8m.engine for TensorRT inference...
[09/09/2026-13:46:42] [TRT] [I] The logger passed into createInferRuntime differs from one already provided for an existing builder, runtime, or refitter. Uses of the global logger, returned by nvinfer1::getLogger(), will return the existing value.
[09/09/2026-13:46:42] [TRT] [I] Loaded engine size: 52 MiB
[09/09/2026-13:46:42] [TRT] [I] [MemUsageChange] TensorRT-managed allocation in IExecutionContext creation: CPU +0, GPU +29, now: CPU 1, GPU 117 (MiB)
13:46:42  INFO     [RAMS] YOLOv8-medium ready — TensorRT yolov8m.engine (imgsz=640).
13:46:42  INFO     [RAMS] Controller ready. Policy: fixed
13:46:43  INFO     [RAMS] Tier switch: SMALL → NANO  (R=0.254)
13:46:44  INFO       [fixed_nano / light] 20/200  tier=NANO    latency=7.3 ms  R=0.317  target=0.25  dets=1  vru=False  backend=tensorrt
13:46:44  INFO       [fixed_nano / light] 40/200  tier=NANO    latency=7.0 ms  R=0.328  target=0.25  dets=1  vru=False  backend=tensorrt
13:46:44  INFO       [fixed_nano / light] 60/200  tier=NANO    latency=6.8 ms  R=0.310  target=0.25  dets=4  vru=False  backend=tensorrt
13:46:45  INFO       [fixed_nano / light] 80/200  tier=NANO    latency=6.9 ms  R=0.316  target=0.25  dets=4  vru=True  backend=tensorrt
13:46:45  INFO       [fixed_nano / light] 100/200  tier=NANO    latency=6.7 ms  R=0.400  target=0.25  dets=3  vru=False  backend=tensorrt
13:46:46  INFO       [fixed_nano / light] 120/200  tier=NANO    latency=6.8 ms  R=0.311  target=0.25  dets=4  vru=False  backend=tensorrt
13:46:46  INFO       [fixed_nano / light] 140/200  tier=NANO    latency=6.8 ms  R=0.314  target=0.25  dets=3  vru=False  backend=tensorrt
13:46:46  INFO       [fixed_nano / light] 160/200  tier=NANO    latency=6.3 ms  R=0.344  target=0.25  dets=1  vru=False  backend=tensorrt
13:46:47  INFO       [fixed_nano / light] 180/200  tier=NANO    latency=7.3 ms  R=0.311  target=0.25  dets=6  vru=False  backend=tensorrt
13:46:47  INFO       [fixed_nano / light] 200/200  tier=NANO    latency=5.4 ms  R=0.324  target=0.25  dets=0  vru=False  backend=tensorrt
13:46:47  INFO     [RAMS] Controller stopped.
13:46:47  INFO     
--- Block 6/10  Policy: fixed_medium  Load: light (25%) ---
13:46:47  INFO     [RAMS] Starting resource monitor ...
13:46:47  INFO     [RAMS] Loading model tiers ...
WARNING ⚠️ Unable to automatically guess model task, assuming 'task=detect'. Explicitly define task for your model, i.e. 'task=detect', 'segment', 'classify', 'pose', 'obb' or 'semantic'.
Loading yolov8n.engine for TensorRT inference...
[09/09/2026-13:46:47] [TRT] [I] Loaded engine size: 7 MiB
[09/09/2026-13:46:47] [TRT] [I] [MemUsageChange] TensorRT-managed allocation in IExecutionContext creation: CPU +0, GPU +3, now: CPU 0, GPU 9 (MiB)
13:46:47  INFO     [RAMS] YOLOv8-nano ready — TensorRT yolov8n.engine (imgsz=320).
WARNING ⚠️ Unable to automatically guess model task, assuming 'task=detect'. Explicitly define task for your model, i.e. 'task=detect', 'segment', 'classify', 'pose', 'obb' or 'semantic'.
Loading yolov8s.engine for TensorRT inference...
[09/09/2026-13:46:47] [TRT] [I] The logger passed into createInferRuntime differs from one already provided for an existing builder, runtime, or refitter. Uses of the global logger, returned by nvinfer1::getLogger(), will return the existing value.
[09/09/2026-13:46:47] [TRT] [I] Loaded engine size: 23 MiB
[09/09/2026-13:46:47] [TRT] [I] [MemUsageChange] TensorRT-managed allocation in IExecutionContext creation: CPU +1, GPU +7, now: CPU 1, GPU 38 (MiB)
13:46:47  INFO     [RAMS] YOLOv8-small ready — TensorRT yolov8s.engine (imgsz=416).
WARNING ⚠️ Unable to automatically guess model task, assuming 'task=detect'. Explicitly define task for your model, i.e. 'task=detect', 'segment', 'classify', 'pose', 'obb' or 'semantic'.
Loading yolov8m.engine for TensorRT inference...
[09/09/2026-13:46:47] [TRT] [I] The logger passed into createInferRuntime differs from one already provided for an existing builder, runtime, or refitter. Uses of the global logger, returned by nvinfer1::getLogger(), will return the existing value.
[09/09/2026-13:46:47] [TRT] [I] Loaded engine size: 52 MiB
[09/09/2026-13:46:47] [TRT] [I] [MemUsageChange] TensorRT-managed allocation in IExecutionContext creation: CPU +0, GPU +29, now: CPU 1, GPU 117 (MiB)
13:46:47  INFO     [RAMS] YOLOv8-medium ready — TensorRT yolov8m.engine (imgsz=640).
13:46:47  INFO     [RAMS] Controller ready. Policy: fixed
13:46:48  INFO     [RAMS] Tier switch: SMALL → MEDIUM  (R=0.239)
13:46:49  INFO       [fixed_medium / light] 20/200  tier=MEDIUM  latency=15.0 ms  R=0.306  target=0.25  dets=3  vru=False  backend=tensorrt
13:46:50  INFO       [fixed_medium / light] 40/200  tier=MEDIUM  latency=14.2 ms  R=0.366  target=0.25  dets=4  vru=False  backend=tensorrt
13:46:50  INFO       [fixed_medium / light] 60/200  tier=MEDIUM  latency=14.9 ms  R=0.459  target=0.25  dets=7  vru=False  backend=tensorrt
13:46:51  INFO       [fixed_medium / light] 80/200  tier=MEDIUM  latency=14.7 ms  R=0.368  target=0.25  dets=6  vru=True  backend=tensorrt
13:46:51  INFO       [fixed_medium / light] 100/200  tier=MEDIUM  latency=14.6 ms  R=0.387  target=0.25  dets=4  vru=True  backend=tensorrt
13:46:52  INFO       [fixed_medium / light] 120/200  tier=MEDIUM  latency=16.0 ms  R=0.365  target=0.25  dets=10  vru=True  backend=tensorrt
13:46:52  INFO       [fixed_medium / light] 140/200  tier=MEDIUM  latency=14.6 ms  R=0.371  target=0.25  dets=5  vru=False  backend=tensorrt
13:46:53  INFO       [fixed_medium / light] 160/200  tier=MEDIUM  latency=13.6 ms  R=0.373  target=0.25  dets=1  vru=False  backend=tensorrt
13:46:53  INFO       [fixed_medium / light] 180/200  tier=MEDIUM  latency=15.6 ms  R=0.286  target=0.25  dets=10  vru=False  backend=tensorrt
13:46:54  INFO       [fixed_medium / light] 200/200  tier=MEDIUM  latency=15.0 ms  R=0.346  target=0.25  dets=4  vru=False  backend=tensorrt
13:46:54  INFO     [RAMS] Controller stopped.
13:46:54  INFO     
--- Block 6/10  Policy: fixed_small  Load: light (25%) ---
13:46:54  INFO     [RAMS] Starting resource monitor ...
13:46:54  INFO     [RAMS] Loading model tiers ...
WARNING ⚠️ Unable to automatically guess model task, assuming 'task=detect'. Explicitly define task for your model, i.e. 'task=detect', 'segment', 'classify', 'pose', 'obb' or 'semantic'.
Loading yolov8n.engine for TensorRT inference...
[09/09/2026-13:46:54] [TRT] [I] Loaded engine size: 7 MiB
[09/09/2026-13:46:54] [TRT] [I] [MemUsageChange] TensorRT-managed allocation in IExecutionContext creation: CPU +0, GPU +3, now: CPU 0, GPU 9 (MiB)
13:46:54  INFO     [RAMS] YOLOv8-nano ready — TensorRT yolov8n.engine (imgsz=320).
WARNING ⚠️ Unable to automatically guess model task, assuming 'task=detect'. Explicitly define task for your model, i.e. 'task=detect', 'segment', 'classify', 'pose', 'obb' or 'semantic'.
Loading yolov8s.engine for TensorRT inference...
[09/09/2026-13:46:54] [TRT] [I] The logger passed into createInferRuntime differs from one already provided for an existing builder, runtime, or refitter. Uses of the global logger, returned by nvinfer1::getLogger(), will return the existing value.
[09/09/2026-13:46:54] [TRT] [I] Loaded engine size: 23 MiB
[09/09/2026-13:46:54] [TRT] [I] [MemUsageChange] TensorRT-managed allocation in IExecutionContext creation: CPU +1, GPU +7, now: CPU 1, GPU 38 (MiB)
13:46:54  INFO     [RAMS] YOLOv8-small ready — TensorRT yolov8s.engine (imgsz=416).
WARNING ⚠️ Unable to automatically guess model task, assuming 'task=detect'. Explicitly define task for your model, i.e. 'task=detect', 'segment', 'classify', 'pose', 'obb' or 'semantic'.
Loading yolov8m.engine for TensorRT inference...
[09/09/2026-13:46:54] [TRT] [I] The logger passed into createInferRuntime differs from one already provided for an existing builder, runtime, or refitter. Uses of the global logger, returned by nvinfer1::getLogger(), will return the existing value.
[09/09/2026-13:46:54] [TRT] [I] Loaded engine size: 52 MiB
[09/09/2026-13:46:54] [TRT] [I] [MemUsageChange] TensorRT-managed allocation in IExecutionContext creation: CPU +0, GPU +29, now: CPU 1, GPU 117 (MiB)
13:46:54  INFO     [RAMS] YOLOv8-medium ready — TensorRT yolov8m.engine (imgsz=640).
13:46:54  INFO     [RAMS] Controller ready. Policy: fixed
13:46:56  INFO       [fixed_small / light] 20/200  tier=SMALL   latency=7.7 ms  R=0.324  target=0.25  dets=2  vru=False  backend=tensorrt
13:46:56  INFO       [fixed_small / light] 40/200  tier=SMALL   latency=7.9 ms  R=0.334  target=0.25  dets=2  vru=False  backend=tensorrt
13:46:57  INFO       [fixed_small / light] 60/200  tier=SMALL   latency=8.9 ms  R=0.346  target=0.25  dets=5  vru=False  backend=tensorrt
13:46:57  INFO       [fixed_small / light] 80/200  tier=SMALL   latency=9.6 ms  R=0.481  target=0.25  dets=3  vru=True  backend=tensorrt
13:46:57  INFO       [fixed_small / light] 100/200  tier=SMALL   latency=8.0 ms  R=0.407  target=0.25  dets=2  vru=False  backend=tensorrt
13:46:58  INFO       [fixed_small / light] 120/200  tier=SMALL   latency=8.7 ms  R=0.374  target=0.25  dets=5  vru=False  backend=tensorrt
13:46:58  INFO       [fixed_small / light] 140/200  tier=SMALL   latency=8.5 ms  R=0.416  target=0.25  dets=4  vru=False  backend=tensorrt
13:46:59  INFO       [fixed_small / light] 160/200  tier=SMALL   latency=8.0 ms  R=0.373  target=0.25  dets=1  vru=False  backend=tensorrt
13:46:59  INFO       [fixed_small / light] 180/200  tier=SMALL   latency=9.4 ms  R=0.455  target=0.25  dets=6  vru=False  backend=tensorrt
13:47:00  INFO       [fixed_small / light] 200/200  tier=SMALL   latency=6.5 ms  R=0.395  target=0.25  dets=0  vru=False  backend=tensorrt
13:47:00  INFO     [RAMS] Controller stopped.
13:47:00  INFO     
--- Block 6/10  Policy: safety  Load: light (25%) ---
13:47:00  INFO     [RAMS] Starting resource monitor ...
13:47:00  INFO     [RAMS] Loading model tiers ...
WARNING ⚠️ Unable to automatically guess model task, assuming 'task=detect'. Explicitly define task for your model, i.e. 'task=detect', 'segment', 'classify', 'pose', 'obb' or 'semantic'.
Loading yolov8n.engine for TensorRT inference...
[09/09/2026-13:47:00] [TRT] [I] Loaded engine size: 7 MiB
[09/09/2026-13:47:00] [TRT] [I] [MemUsageChange] TensorRT-managed allocation in IExecutionContext creation: CPU +0, GPU +3, now: CPU 0, GPU 9 (MiB)
13:47:00  INFO     [RAMS] YOLOv8-nano ready — TensorRT yolov8n.engine (imgsz=320).
WARNING ⚠️ Unable to automatically guess model task, assuming 'task=detect'. Explicitly define task for your model, i.e. 'task=detect', 'segment', 'classify', 'pose', 'obb' or 'semantic'.
Loading yolov8s.engine for TensorRT inference...
[09/09/2026-13:47:00] [TRT] [I] The logger passed into createInferRuntime differs from one already provided for an existing builder, runtime, or refitter. Uses of the global logger, returned by nvinfer1::getLogger(), will return the existing value.
[09/09/2026-13:47:00] [TRT] [I] Loaded engine size: 23 MiB
[09/09/2026-13:47:00] [TRT] [I] [MemUsageChange] TensorRT-managed allocation in IExecutionContext creation: CPU +1, GPU +7, now: CPU 1, GPU 38 (MiB)
13:47:00  INFO     [RAMS] YOLOv8-small ready — TensorRT yolov8s.engine (imgsz=416).
WARNING ⚠️ Unable to automatically guess model task, assuming 'task=detect'. Explicitly define task for your model, i.e. 'task=detect', 'segment', 'classify', 'pose', 'obb' or 'semantic'.
Loading yolov8m.engine for TensorRT inference...
[09/09/2026-13:47:00] [TRT] [I] The logger passed into createInferRuntime differs from one already provided for an existing builder, runtime, or refitter. Uses of the global logger, returned by nvinfer1::getLogger(), will return the existing value.
[09/09/2026-13:47:00] [TRT] [I] Loaded engine size: 52 MiB
[09/09/2026-13:47:00] [TRT] [I] [MemUsageChange] TensorRT-managed allocation in IExecutionContext creation: CPU +0, GPU +29, now: CPU 1, GPU 117 (MiB)
13:47:00  INFO     [RAMS] YOLOv8-medium ready — TensorRT yolov8m.engine (imgsz=640).
13:47:00  INFO     [RAMS] Controller ready. Policy: safety
13:47:02  INFO       [safety / light] 20/200  tier=SMALL   latency=8.1 ms  R=0.412  target=0.25  dets=2  vru=False  backend=tensorrt
13:47:02  INFO       [safety / light] 40/200  tier=SMALL   latency=8.1 ms  R=0.364  target=0.25  dets=2  vru=False  backend=tensorrt
13:47:02  INFO       [safety / light] 60/200  tier=SMALL   latency=8.5 ms  R=0.391  target=0.25  dets=5  vru=False  backend=tensorrt
13:47:03  INFO       [safety / light] 80/200  tier=SMALL   latency=8.0 ms  R=0.355  target=0.25  dets=3  vru=True  backend=tensorrt
13:47:03  INFO       [safety / light] 100/200  tier=SMALL   latency=7.9 ms  R=0.408  target=0.25  dets=2  vru=False  backend=tensorrt
13:47:04  INFO       [safety / light] 120/200  tier=SMALL   latency=8.8 ms  R=0.322  target=0.25  dets=5  vru=False  backend=tensorrt
13:47:04  INFO       [safety / light] 140/200  tier=SMALL   latency=9.4 ms  R=0.340  target=0.25  dets=4  vru=False  backend=tensorrt
13:47:04  INFO       [safety / light] 160/200  tier=SMALL   latency=7.5 ms  R=0.330  target=0.25  dets=1  vru=False  backend=tensorrt
13:47:05  INFO       [safety / light] 180/200  tier=SMALL   latency=8.9 ms  R=0.330  target=0.25  dets=6  vru=False  backend=tensorrt
13:47:05  INFO       [safety / light] 200/200  tier=SMALL   latency=6.2 ms  R=0.326  target=0.25  dets=0  vru=False  backend=tensorrt
13:47:05  INFO     [RAMS] Controller stopped.
13:47:05  INFO     
--- Block 6/10  Policy: predictive  Load: light (25%) ---
13:47:05  INFO     [RAMS] Starting resource monitor ...
13:47:05  INFO     [RAMS] Loading model tiers ...
WARNING ⚠️ Unable to automatically guess model task, assuming 'task=detect'. Explicitly define task for your model, i.e. 'task=detect', 'segment', 'classify', 'pose', 'obb' or 'semantic'.
Loading yolov8n.engine for TensorRT inference...
[09/09/2026-13:47:06] [TRT] [I] Loaded engine size: 7 MiB
[09/09/2026-13:47:06] [TRT] [I] [MemUsageChange] TensorRT-managed allocation in IExecutionContext creation: CPU +0, GPU +3, now: CPU 0, GPU 9 (MiB)
13:47:06  INFO     [RAMS] YOLOv8-nano ready — TensorRT yolov8n.engine (imgsz=320).
WARNING ⚠️ Unable to automatically guess model task, assuming 'task=detect'. Explicitly define task for your model, i.e. 'task=detect', 'segment', 'classify', 'pose', 'obb' or 'semantic'.
Loading yolov8s.engine for TensorRT inference...
[09/09/2026-13:47:06] [TRT] [I] The logger passed into createInferRuntime differs from one already provided for an existing builder, runtime, or refitter. Uses of the global logger, returned by nvinfer1::getLogger(), will return the existing value.
[09/09/2026-13:47:06] [TRT] [I] Loaded engine size: 23 MiB
[09/09/2026-13:47:06] [TRT] [I] [MemUsageChange] TensorRT-managed allocation in IExecutionContext creation: CPU +1, GPU +7, now: CPU 1, GPU 38 (MiB)
13:47:06  INFO     [RAMS] YOLOv8-small ready — TensorRT yolov8s.engine (imgsz=416).
WARNING ⚠️ Unable to automatically guess model task, assuming 'task=detect'. Explicitly define task for your model, i.e. 'task=detect', 'segment', 'classify', 'pose', 'obb' or 'semantic'.
Loading yolov8m.engine for TensorRT inference...
[09/09/2026-13:47:06] [TRT] [I] The logger passed into createInferRuntime differs from one already provided for an existing builder, runtime, or refitter. Uses of the global logger, returned by nvinfer1::getLogger(), will return the existing value.
[09/09/2026-13:47:06] [TRT] [I] Loaded engine size: 52 MiB
[09/09/2026-13:47:06] [TRT] [I] [MemUsageChange] TensorRT-managed allocation in IExecutionContext creation: CPU +0, GPU +29, now: CPU 1, GPU 117 (MiB)
13:47:06  INFO     [RAMS] YOLOv8-medium ready — TensorRT yolov8m.engine (imgsz=640).
13:47:06  INFO     [RAMS] Controller ready. Policy: predictive
13:47:07  INFO       [predictive / light] 20/200  tier=SMALL   latency=7.9 ms  R=0.423  target=0.25  dets=2  vru=False  backend=tensorrt
13:47:08  INFO       [predictive / light] 40/200  tier=SMALL   latency=7.7 ms  R=0.328  target=0.25  dets=2  vru=False  backend=tensorrt
13:47:08  INFO       [predictive / light] 60/200  tier=SMALL   latency=8.8 ms  R=0.335  target=0.25  dets=5  vru=False  backend=tensorrt
13:47:08  INFO       [predictive / light] 80/200  tier=SMALL   latency=8.5 ms  R=0.328  target=0.25  dets=3  vru=True  backend=tensorrt
13:47:09  INFO       [predictive / light] 100/200  tier=SMALL   latency=7.8 ms  R=0.308  target=0.25  dets=2  vru=False  backend=tensorrt
13:47:09  INFO       [predictive / light] 120/200  tier=SMALL   latency=8.6 ms  R=0.425  target=0.25  dets=5  vru=False  backend=tensorrt
13:47:10  INFO       [predictive / light] 140/200  tier=SMALL   latency=8.3 ms  R=0.322  target=0.25  dets=4  vru=False  backend=tensorrt
13:47:10  INFO       [predictive / light] 160/200  tier=SMALL   latency=8.2 ms  R=0.345  target=0.25  dets=1  vru=False  backend=tensorrt
13:47:10  INFO       [predictive / light] 180/200  tier=SMALL   latency=8.6 ms  R=0.322  target=0.25  dets=6  vru=False  backend=tensorrt
13:47:11  INFO       [predictive / light] 200/200  tier=SMALL   latency=5.9 ms  R=0.318  target=0.25  dets=0  vru=False  backend=tensorrt
13:47:11  INFO     [RAMS] Controller stopped.
13:47:11  INFO     
--- Block 7/10  Policy: adaptive  Load: light (25%) ---
13:47:11  INFO     [RAMS] Starting resource monitor ...
13:47:11  INFO     [RAMS] Loading model tiers ...
WARNING ⚠️ Unable to automatically guess model task, assuming 'task=detect'. Explicitly define task for your model, i.e. 'task=detect', 'segment', 'classify', 'pose', 'obb' or 'semantic'.
Loading yolov8n.engine for TensorRT inference...
[09/09/2026-13:47:11] [TRT] [I] Loaded engine size: 7 MiB
[09/09/2026-13:47:11] [TRT] [I] [MemUsageChange] TensorRT-managed allocation in IExecutionContext creation: CPU +0, GPU +3, now: CPU 0, GPU 9 (MiB)
13:47:11  INFO     [RAMS] YOLOv8-nano ready — TensorRT yolov8n.engine (imgsz=320).
WARNING ⚠️ Unable to automatically guess model task, assuming 'task=detect'. Explicitly define task for your model, i.e. 'task=detect', 'segment', 'classify', 'pose', 'obb' or 'semantic'.
Loading yolov8s.engine for TensorRT inference...
[09/09/2026-13:47:11] [TRT] [I] The logger passed into createInferRuntime differs from one already provided for an existing builder, runtime, or refitter. Uses of the global logger, returned by nvinfer1::getLogger(), will return the existing value.
[09/09/2026-13:47:11] [TRT] [I] Loaded engine size: 23 MiB
[09/09/2026-13:47:11] [TRT] [I] [MemUsageChange] TensorRT-managed allocation in IExecutionContext creation: CPU +1, GPU +7, now: CPU 1, GPU 38 (MiB)
13:47:11  INFO     [RAMS] YOLOv8-small ready — TensorRT yolov8s.engine (imgsz=416).
WARNING ⚠️ Unable to automatically guess model task, assuming 'task=detect'. Explicitly define task for your model, i.e. 'task=detect', 'segment', 'classify', 'pose', 'obb' or 'semantic'.
Loading yolov8m.engine for TensorRT inference...
[09/09/2026-13:47:11] [TRT] [I] The logger passed into createInferRuntime differs from one already provided for an existing builder, runtime, or refitter. Uses of the global logger, returned by nvinfer1::getLogger(), will return the existing value.
[09/09/2026-13:47:11] [TRT] [I] Loaded engine size: 52 MiB
[09/09/2026-13:47:11] [TRT] [I] [MemUsageChange] TensorRT-managed allocation in IExecutionContext creation: CPU +0, GPU +29, now: CPU 1, GPU 117 (MiB)
13:47:11  INFO     [RAMS] YOLOv8-medium ready — TensorRT yolov8m.engine (imgsz=640).
13:47:11  INFO     [RAMS] Controller ready. Policy: adaptive
13:47:13  INFO       [adaptive / light] 20/200  tier=SMALL   latency=7.5 ms  R=0.324  target=0.25  dets=1  vru=False  backend=tensorrt
13:47:13  INFO       [adaptive / light] 40/200  tier=SMALL   latency=8.7 ms  R=0.425  target=0.25  dets=6  vru=False  backend=tensorrt
13:47:14  INFO       [adaptive / light] 60/200  tier=SMALL   latency=7.9 ms  R=0.295  target=0.25  dets=3  vru=False  backend=tensorrt
13:47:14  INFO       [adaptive / light] 80/200  tier=SMALL   latency=8.2 ms  R=0.325  target=0.25  dets=4  vru=False  backend=tensorrt
13:47:14  INFO       [adaptive / light] 100/200  tier=SMALL   latency=9.3 ms  R=0.324  target=0.25  dets=9  vru=False  backend=tensorrt
13:47:15  INFO       [adaptive / light] 120/200  tier=SMALL   latency=8.6 ms  R=0.322  target=0.25  dets=2  vru=False  backend=tensorrt
13:47:15  INFO       [adaptive / light] 140/200  tier=SMALL   latency=8.9 ms  R=0.352  target=0.25  dets=7  vru=True  backend=tensorrt
13:47:16  INFO       [adaptive / light] 160/200  tier=SMALL   latency=6.0 ms  R=0.329  target=0.25  dets=0  vru=False  backend=tensorrt
13:47:16  INFO       [adaptive / light] 180/200  tier=SMALL   latency=8.6 ms  R=0.304  target=0.25  dets=4  vru=False  backend=tensorrt
13:47:17  INFO       [adaptive / light] 200/200  tier=SMALL   latency=9.1 ms  R=0.330  target=0.25  dets=8  vru=True  backend=tensorrt
13:47:17  INFO     [RAMS] Controller stopped.
13:47:17  INFO     
--- Block 7/10  Policy: fixed_nano  Load: light (25%) ---
13:47:17  INFO     [RAMS] Starting resource monitor ...
13:47:17  INFO     [RAMS] Loading model tiers ...
WARNING ⚠️ Unable to automatically guess model task, assuming 'task=detect'. Explicitly define task for your model, i.e. 'task=detect', 'segment', 'classify', 'pose', 'obb' or 'semantic'.
Loading yolov8n.engine for TensorRT inference...
[09/09/2026-13:47:17] [TRT] [I] Loaded engine size: 7 MiB
[09/09/2026-13:47:17] [TRT] [I] [MemUsageChange] TensorRT-managed allocation in IExecutionContext creation: CPU +0, GPU +3, now: CPU 0, GPU 9 (MiB)
13:47:17  INFO     [RAMS] YOLOv8-nano ready — TensorRT yolov8n.engine (imgsz=320).
WARNING ⚠️ Unable to automatically guess model task, assuming 'task=detect'. Explicitly define task for your model, i.e. 'task=detect', 'segment', 'classify', 'pose', 'obb' or 'semantic'.
Loading yolov8s.engine for TensorRT inference...
[09/09/2026-13:47:17] [TRT] [I] The logger passed into createInferRuntime differs from one already provided for an existing builder, runtime, or refitter. Uses of the global logger, returned by nvinfer1::getLogger(), will return the existing value.
[09/09/2026-13:47:17] [TRT] [I] Loaded engine size: 23 MiB
[09/09/2026-13:47:17] [TRT] [I] [MemUsageChange] TensorRT-managed allocation in IExecutionContext creation: CPU +1, GPU +7, now: CPU 1, GPU 38 (MiB)
13:47:17  INFO     [RAMS] YOLOv8-small ready — TensorRT yolov8s.engine (imgsz=416).
WARNING ⚠️ Unable to automatically guess model task, assuming 'task=detect'. Explicitly define task for your model, i.e. 'task=detect', 'segment', 'classify', 'pose', 'obb' or 'semantic'.
Loading yolov8m.engine for TensorRT inference...
[09/09/2026-13:47:17] [TRT] [I] The logger passed into createInferRuntime differs from one already provided for an existing builder, runtime, or refitter. Uses of the global logger, returned by nvinfer1::getLogger(), will return the existing value.
[09/09/2026-13:47:17] [TRT] [I] Loaded engine size: 52 MiB
[09/09/2026-13:47:17] [TRT] [I] [MemUsageChange] TensorRT-managed allocation in IExecutionContext creation: CPU +0, GPU +29, now: CPU 1, GPU 117 (MiB)
13:47:17  INFO     [RAMS] YOLOv8-medium ready — TensorRT yolov8m.engine (imgsz=640).
13:47:17  INFO     [RAMS] Controller ready. Policy: fixed
13:47:18  INFO     [RAMS] Tier switch: SMALL → NANO  (R=0.306)
13:47:18  INFO       [fixed_nano / light] 20/200  tier=NANO    latency=6.8 ms  R=0.417  target=0.25  dets=1  vru=False  backend=tensorrt
13:47:19  INFO       [fixed_nano / light] 40/200  tier=NANO    latency=4.7 ms  R=0.384  target=0.25  dets=0  vru=False  backend=tensorrt
13:47:19  INFO       [fixed_nano / light] 60/200  tier=NANO    latency=7.0 ms  R=0.412  target=0.25  dets=3  vru=False  backend=tensorrt
13:47:19  INFO       [fixed_nano / light] 80/200  tier=NANO    latency=6.8 ms  R=0.389  target=0.25  dets=3  vru=False  backend=tensorrt
13:47:20  INFO       [fixed_nano / light] 100/200  tier=NANO    latency=8.7 ms  R=0.393  target=0.25  dets=11  vru=False  backend=tensorrt
13:47:20  INFO       [fixed_nano / light] 120/200  tier=NANO    latency=6.4 ms  R=0.426  target=0.25  dets=1  vru=False  backend=tensorrt
13:47:21  INFO       [fixed_nano / light] 140/200  tier=NANO    latency=6.7 ms  R=0.408  target=0.25  dets=1  vru=False  backend=tensorrt
13:47:21  INFO       [fixed_nano / light] 160/200  tier=NANO    latency=4.8 ms  R=0.377  target=0.25  dets=0  vru=False  backend=tensorrt
13:47:21  INFO       [fixed_nano / light] 180/200  tier=NANO    latency=6.8 ms  R=0.404  target=0.25  dets=3  vru=False  backend=tensorrt
13:47:22  INFO       [fixed_nano / light] 200/200  tier=NANO    latency=7.3 ms  R=0.383  target=0.25  dets=5  vru=False  backend=tensorrt
13:47:22  INFO     [RAMS] Controller stopped.
13:47:22  INFO     
--- Block 7/10  Policy: fixed_medium  Load: light (25%) ---
13:47:22  INFO     [RAMS] Starting resource monitor ...
13:47:22  INFO     [RAMS] Loading model tiers ...
WARNING ⚠️ Unable to automatically guess model task, assuming 'task=detect'. Explicitly define task for your model, i.e. 'task=detect', 'segment', 'classify', 'pose', 'obb' or 'semantic'.
Loading yolov8n.engine for TensorRT inference...
[09/09/2026-13:47:22] [TRT] [I] Loaded engine size: 7 MiB
[09/09/2026-13:47:22] [TRT] [I] [MemUsageChange] TensorRT-managed allocation in IExecutionContext creation: CPU +0, GPU +3, now: CPU 0, GPU 9 (MiB)
13:47:22  INFO     [RAMS] YOLOv8-nano ready — TensorRT yolov8n.engine (imgsz=320).
WARNING ⚠️ Unable to automatically guess model task, assuming 'task=detect'. Explicitly define task for your model, i.e. 'task=detect', 'segment', 'classify', 'pose', 'obb' or 'semantic'.
Loading yolov8s.engine for TensorRT inference...
[09/09/2026-13:47:22] [TRT] [I] The logger passed into createInferRuntime differs from one already provided for an existing builder, runtime, or refitter. Uses of the global logger, returned by nvinfer1::getLogger(), will return the existing value.
[09/09/2026-13:47:22] [TRT] [I] Loaded engine size: 23 MiB
[09/09/2026-13:47:22] [TRT] [I] [MemUsageChange] TensorRT-managed allocation in IExecutionContext creation: CPU +1, GPU +7, now: CPU 1, GPU 38 (MiB)
13:47:22  INFO     [RAMS] YOLOv8-small ready — TensorRT yolov8s.engine (imgsz=416).
WARNING ⚠️ Unable to automatically guess model task, assuming 'task=detect'. Explicitly define task for your model, i.e. 'task=detect', 'segment', 'classify', 'pose', 'obb' or 'semantic'.
Loading yolov8m.engine for TensorRT inference...
[09/09/2026-13:47:22] [TRT] [I] The logger passed into createInferRuntime differs from one already provided for an existing builder, runtime, or refitter. Uses of the global logger, returned by nvinfer1::getLogger(), will return the existing value.
[09/09/2026-13:47:22] [TRT] [I] Loaded engine size: 52 MiB
[09/09/2026-13:47:22] [TRT] [I] [MemUsageChange] TensorRT-managed allocation in IExecutionContext creation: CPU +0, GPU +29, now: CPU 1, GPU 117 (MiB)
13:47:22  INFO     [RAMS] YOLOv8-medium ready — TensorRT yolov8m.engine (imgsz=640).
13:47:22  INFO     [RAMS] Controller ready. Policy: fixed
13:47:23  INFO     [RAMS] Tier switch: SMALL → MEDIUM  (R=0.312)
13:47:24  INFO       [fixed_medium / light] 20/200  tier=MEDIUM  latency=13.6 ms  R=0.310  target=0.25  dets=1  vru=False  backend=tensorrt
13:47:24  INFO       [fixed_medium / light] 40/200  tier=MEDIUM  latency=14.9 ms  R=0.298  target=0.25  dets=7  vru=False  backend=tensorrt
13:47:25  INFO       [fixed_medium / light] 60/200  tier=MEDIUM  latency=14.0 ms  R=0.376  target=0.25  dets=3  vru=False  backend=tensorrt
13:47:26  INFO       [fixed_medium / light] 80/200  tier=MEDIUM  latency=14.5 ms  R=0.371  target=0.25  dets=5  vru=True  backend=tensorrt
13:47:26  INFO       [fixed_medium / light] 100/200  tier=MEDIUM  latency=16.8 ms  R=0.427  target=0.25  dets=15  vru=False  backend=tensorrt
13:47:27  INFO       [fixed_medium / light] 120/200  tier=MEDIUM  latency=14.1 ms  R=0.374  target=0.25  dets=3  vru=True  backend=tensorrt
13:47:27  INFO       [fixed_medium / light] 140/200  tier=MEDIUM  latency=15.6 ms  R=0.354  target=0.25  dets=10  vru=True  backend=tensorrt
13:47:28  INFO       [fixed_medium / light] 160/200  tier=MEDIUM  latency=13.6 ms  R=0.353  target=0.25  dets=1  vru=False  backend=tensorrt
13:47:28  INFO       [fixed_medium / light] 180/200  tier=MEDIUM  latency=15.3 ms  R=0.301  target=0.25  dets=8  vru=False  backend=tensorrt
13:47:29  INFO       [fixed_medium / light] 200/200  tier=MEDIUM  latency=14.9 ms  R=0.358  target=0.25  dets=7  vru=True  backend=tensorrt
13:47:29  INFO     [RAMS] Controller stopped.
13:47:29  INFO     
--- Block 7/10  Policy: fixed_small  Load: light (25%) ---
13:47:29  INFO     [RAMS] Starting resource monitor ...
13:47:29  INFO     [RAMS] Loading model tiers ...
WARNING ⚠️ Unable to automatically guess model task, assuming 'task=detect'. Explicitly define task for your model, i.e. 'task=detect', 'segment', 'classify', 'pose', 'obb' or 'semantic'.
Loading yolov8n.engine for TensorRT inference...
[09/09/2026-13:47:29] [TRT] [I] Loaded engine size: 7 MiB
[09/09/2026-13:47:29] [TRT] [I] [MemUsageChange] TensorRT-managed allocation in IExecutionContext creation: CPU +0, GPU +3, now: CPU 0, GPU 9 (MiB)
13:47:29  INFO     [RAMS] YOLOv8-nano ready — TensorRT yolov8n.engine (imgsz=320).
WARNING ⚠️ Unable to automatically guess model task, assuming 'task=detect'. Explicitly define task for your model, i.e. 'task=detect', 'segment', 'classify', 'pose', 'obb' or 'semantic'.
Loading yolov8s.engine for TensorRT inference...
[09/09/2026-13:47:29] [TRT] [I] The logger passed into createInferRuntime differs from one already provided for an existing builder, runtime, or refitter. Uses of the global logger, returned by nvinfer1::getLogger(), will return the existing value.
[09/09/2026-13:47:29] [TRT] [I] Loaded engine size: 23 MiB
[09/09/2026-13:47:29] [TRT] [I] [MemUsageChange] TensorRT-managed allocation in IExecutionContext creation: CPU +1, GPU +7, now: CPU 1, GPU 38 (MiB)
13:47:29  INFO     [RAMS] YOLOv8-small ready — TensorRT yolov8s.engine (imgsz=416).
WARNING ⚠️ Unable to automatically guess model task, assuming 'task=detect'. Explicitly define task for your model, i.e. 'task=detect', 'segment', 'classify', 'pose', 'obb' or 'semantic'.
Loading yolov8m.engine for TensorRT inference...
[09/09/2026-13:47:29] [TRT] [I] The logger passed into createInferRuntime differs from one already provided for an existing builder, runtime, or refitter. Uses of the global logger, returned by nvinfer1::getLogger(), will return the existing value.
[09/09/2026-13:47:29] [TRT] [I] Loaded engine size: 52 MiB
[09/09/2026-13:47:29] [TRT] [I] [MemUsageChange] TensorRT-managed allocation in IExecutionContext creation: CPU +0, GPU +29, now: CPU 1, GPU 117 (MiB)
13:47:29  INFO     [RAMS] YOLOv8-medium ready — TensorRT yolov8m.engine (imgsz=640).
13:47:29  INFO     [RAMS] Controller ready. Policy: fixed
13:47:31  INFO       [fixed_small / light] 20/200  tier=SMALL   latency=7.5 ms  R=0.320  target=0.25  dets=1  vru=False  backend=tensorrt
13:47:31  INFO       [fixed_small / light] 40/200  tier=SMALL   latency=8.7 ms  R=0.386  target=0.25  dets=6  vru=False  backend=tensorrt
13:47:32  INFO       [fixed_small / light] 60/200  tier=SMALL   latency=8.0 ms  R=0.299  target=0.25  dets=3  vru=False  backend=tensorrt
13:47:32  INFO       [fixed_small / light] 80/200  tier=SMALL   latency=8.1 ms  R=0.312  target=0.25  dets=4  vru=False  backend=tensorrt
13:47:32  INFO       [fixed_small / light] 100/200  tier=SMALL   latency=9.2 ms  R=0.324  target=0.25  dets=9  vru=False  backend=tensorrt
13:47:33  INFO       [fixed_small / light] 120/200  tier=SMALL   latency=7.7 ms  R=0.330  target=0.25  dets=2  vru=False  backend=tensorrt
13:47:33  INFO       [fixed_small / light] 140/200  tier=SMALL   latency=9.1 ms  R=0.428  target=0.25  dets=7  vru=True  backend=tensorrt
13:47:34  INFO       [fixed_small / light] 160/200  tier=SMALL   latency=6.0 ms  R=0.324  target=0.25  dets=0  vru=False  backend=tensorrt
13:47:34  INFO       [fixed_small / light] 180/200  tier=SMALL   latency=8.2 ms  R=0.345  target=0.25  dets=4  vru=False  backend=tensorrt
13:47:34  INFO       [fixed_small / light] 200/200  tier=SMALL   latency=9.1 ms  R=0.321  target=0.25  dets=8  vru=True  backend=tensorrt
13:47:35  INFO     [RAMS] Controller stopped.
13:47:35  INFO     
--- Block 7/10  Policy: safety2  Load: light (25%) ---
13:47:35  INFO     [RAMS] Starting resource monitor ...
13:47:35  INFO     [RAMS] Loading model tiers ...
WARNING ⚠️ Unable to automatically guess model task, assuming 'task=detect'. Explicitly define task for your model, i.e. 'task=detect', 'segment', 'classify', 'pose', 'obb' or 'semantic'.
Loading yolov8n.engine for TensorRT inference...
[09/09/2026-13:47:35] [TRT] [I] Loaded engine size: 7 MiB
[09/09/2026-13:47:35] [TRT] [I] [MemUsageChange] TensorRT-managed allocation in IExecutionContext creation: CPU +0, GPU +3, now: CPU 0, GPU 9 (MiB)
13:47:35  INFO     [RAMS] YOLOv8-nano ready — TensorRT yolov8n.engine (imgsz=320).
WARNING ⚠️ Unable to automatically guess model task, assuming 'task=detect'. Explicitly define task for your model, i.e. 'task=detect', 'segment', 'classify', 'pose', 'obb' or 'semantic'.
Loading yolov8s.engine for TensorRT inference...
[09/09/2026-13:47:35] [TRT] [I] The logger passed into createInferRuntime differs from one already provided for an existing builder, runtime, or refitter. Uses of the global logger, returned by nvinfer1::getLogger(), will return the existing value.
[09/09/2026-13:47:35] [TRT] [I] Loaded engine size: 23 MiB
[09/09/2026-13:47:35] [TRT] [I] [MemUsageChange] TensorRT-managed allocation in IExecutionContext creation: CPU +1, GPU +7, now: CPU 1, GPU 38 (MiB)
13:47:35  INFO     [RAMS] YOLOv8-small ready — TensorRT yolov8s.engine (imgsz=416).
WARNING ⚠️ Unable to automatically guess model task, assuming 'task=detect'. Explicitly define task for your model, i.e. 'task=detect', 'segment', 'classify', 'pose', 'obb' or 'semantic'.
Loading yolov8m.engine for TensorRT inference...
[09/09/2026-13:47:35] [TRT] [I] The logger passed into createInferRuntime differs from one already provided for an existing builder, runtime, or refitter. Uses of the global logger, returned by nvinfer1::getLogger(), will return the existing value.
[09/09/2026-13:47:35] [TRT] [I] Loaded engine size: 52 MiB
[09/09/2026-13:47:35] [TRT] [I] [MemUsageChange] TensorRT-managed allocation in IExecutionContext creation: CPU +0, GPU +29, now: CPU 1, GPU 117 (MiB)
13:47:35  INFO     [RAMS] YOLOv8-medium ready — TensorRT yolov8m.engine (imgsz=640).
13:47:35  INFO     [RAMS] Controller ready. Policy: safety2
13:47:36  INFO     [RAMS] Tier switch: SMALL → MEDIUM  (R=0.335)
13:47:36  INFO       [safety2 / light] 20/200  tier=MEDIUM  latency=14.6 ms  R=0.371  target=0.25  dets=1  vru=False  backend=tensorrt
13:47:37  INFO     [RAMS] Tier switch: MEDIUM → SMALL  (R=0.369)
13:47:37  INFO     [RAMS] Tier switch: SMALL → MEDIUM  (R=0.369)
13:47:37  INFO       [safety2 / light] 40/200  tier=MEDIUM  latency=14.9 ms  R=0.317  target=0.25  dets=7  vru=False  backend=tensorrt
13:47:37  INFO     [RAMS] Tier switch: MEDIUM → SMALL  (R=0.347)
13:47:37  INFO     [RAMS] Tier switch: SMALL → MEDIUM  (R=0.331)
13:47:37  INFO       [safety2 / light] 60/200  tier=MEDIUM  latency=14.0 ms  R=0.314  target=0.25  dets=3  vru=False  backend=tensorrt
13:47:38  INFO       [safety2 / light] 80/200  tier=MEDIUM  latency=14.5 ms  R=0.368  target=0.25  dets=5  vru=True  backend=tensorrt
13:47:38  INFO       [safety2 / light] 100/200  tier=MEDIUM  latency=16.7 ms  R=0.374  target=0.25  dets=15  vru=False  backend=tensorrt
13:47:39  INFO     [RAMS] Tier switch: MEDIUM → SMALL  (R=0.340)
13:47:39  INFO     [RAMS] Tier switch: SMALL → MEDIUM  (R=0.376)
13:47:39  INFO       [safety2 / light] 120/200  tier=MEDIUM  latency=14.0 ms  R=0.376  target=0.25  dets=3  vru=True  backend=tensorrt
13:47:39  INFO     [RAMS] Tier switch: MEDIUM → SMALL  (R=0.503)
13:47:40  INFO     [RAMS] Tier switch: SMALL → MEDIUM  (R=0.503)
13:47:40  INFO       [safety2 / light] 140/200  tier=MEDIUM  latency=16.2 ms  R=0.503  target=0.25  dets=10  vru=True  backend=tensorrt
13:47:40  INFO       [safety2 / light] 160/200  tier=MEDIUM  latency=15.4 ms  R=0.370  target=0.25  dets=1  vru=False  backend=tensorrt
13:47:40  INFO     [RAMS] Tier switch: MEDIUM → SMALL  (R=0.511)
13:47:40  INFO     [RAMS] Tier switch: SMALL → MEDIUM  (R=0.444)
13:47:41  INFO       [safety2 / light] 180/200  tier=MEDIUM  latency=15.9 ms  R=0.394  target=0.25  dets=8  vru=False  backend=tensorrt
13:47:41  INFO       [safety2 / light] 200/200  tier=MEDIUM  latency=16.3 ms  R=0.424  target=0.25  dets=7  vru=True  backend=tensorrt
13:47:41  INFO     [RAMS] Controller stopped.
13:47:41  INFO     
--- Block 7/10  Policy: threshold  Load: light (25%) ---
13:47:41  INFO     [RAMS] Starting resource monitor ...
13:47:41  INFO     [RAMS] Loading model tiers ...
WARNING ⚠️ Unable to automatically guess model task, assuming 'task=detect'. Explicitly define task for your model, i.e. 'task=detect', 'segment', 'classify', 'pose', 'obb' or 'semantic'.
Loading yolov8n.engine for TensorRT inference...
[09/09/2026-13:47:41] [TRT] [I] Loaded engine size: 7 MiB
[09/09/2026-13:47:42] [TRT] [I] [MemUsageChange] TensorRT-managed allocation in IExecutionContext creation: CPU +0, GPU +3, now: CPU 0, GPU 9 (MiB)
13:47:42  INFO     [RAMS] YOLOv8-nano ready — TensorRT yolov8n.engine (imgsz=320).
WARNING ⚠️ Unable to automatically guess model task, assuming 'task=detect'. Explicitly define task for your model, i.e. 'task=detect', 'segment', 'classify', 'pose', 'obb' or 'semantic'.
Loading yolov8s.engine for TensorRT inference...
[09/09/2026-13:47:42] [TRT] [I] The logger passed into createInferRuntime differs from one already provided for an existing builder, runtime, or refitter. Uses of the global logger, returned by nvinfer1::getLogger(), will return the existing value.
[09/09/2026-13:47:42] [TRT] [I] Loaded engine size: 23 MiB
[09/09/2026-13:47:42] [TRT] [I] [MemUsageChange] TensorRT-managed allocation in IExecutionContext creation: CPU +1, GPU +7, now: CPU 1, GPU 38 (MiB)
13:47:42  INFO     [RAMS] YOLOv8-small ready — TensorRT yolov8s.engine (imgsz=416).
WARNING ⚠️ Unable to automatically guess model task, assuming 'task=detect'. Explicitly define task for your model, i.e. 'task=detect', 'segment', 'classify', 'pose', 'obb' or 'semantic'.
Loading yolov8m.engine for TensorRT inference...
[09/09/2026-13:47:42] [TRT] [I] The logger passed into createInferRuntime differs from one already provided for an existing builder, runtime, or refitter. Uses of the global logger, returned by nvinfer1::getLogger(), will return the existing value.
[09/09/2026-13:47:42] [TRT] [I] Loaded engine size: 52 MiB
[09/09/2026-13:47:42] [TRT] [I] [MemUsageChange] TensorRT-managed allocation in IExecutionContext creation: CPU +0, GPU +29, now: CPU 1, GPU 117 (MiB)
13:47:42  INFO     [RAMS] YOLOv8-medium ready — TensorRT yolov8m.engine (imgsz=640).
13:47:42  INFO     [RAMS] Controller ready. Policy: threshold
13:47:43  INFO       [threshold / light] 20/200  tier=SMALL   latency=7.9 ms  R=0.409  target=0.25  dets=1  vru=False  backend=tensorrt
13:47:44  INFO       [threshold / light] 40/200  tier=SMALL   latency=8.8 ms  R=0.394  target=0.25  dets=6  vru=False  backend=tensorrt
13:47:44  INFO       [threshold / light] 60/200  tier=SMALL   latency=8.5 ms  R=0.423  target=0.25  dets=3  vru=False  backend=tensorrt
13:47:44  INFO       [threshold / light] 80/200  tier=SMALL   latency=8.7 ms  R=0.388  target=0.25  dets=4  vru=False  backend=tensorrt
13:47:45  INFO       [threshold / light] 100/200  tier=SMALL   latency=9.2 ms  R=0.388  target=0.25  dets=9  vru=False  backend=tensorrt
13:47:45  INFO       [threshold / light] 120/200  tier=SMALL   latency=7.8 ms  R=0.412  target=0.25  dets=2  vru=False  backend=tensorrt
13:47:46  INFO       [threshold / light] 140/200  tier=SMALL   latency=8.9 ms  R=0.304  target=0.25  dets=7  vru=True  backend=tensorrt
13:47:46  INFO       [threshold / light] 160/200  tier=SMALL   latency=6.0 ms  R=0.332  target=0.25  dets=0  vru=False  backend=tensorrt
13:47:46  INFO       [threshold / light] 180/200  tier=SMALL   latency=8.3 ms  R=0.332  target=0.25  dets=4  vru=False  backend=tensorrt
13:47:47  INFO       [threshold / light] 200/200  tier=SMALL   latency=9.8 ms  R=0.310  target=0.25  dets=8  vru=True  backend=tensorrt
13:47:47  INFO     [RAMS] Controller stopped.
13:47:47  INFO     
--- Block 7/10  Policy: predictive  Load: light (25%) ---
13:47:47  INFO     [RAMS] Starting resource monitor ...
13:47:47  INFO     [RAMS] Loading model tiers ...
WARNING ⚠️ Unable to automatically guess model task, assuming 'task=detect'. Explicitly define task for your model, i.e. 'task=detect', 'segment', 'classify', 'pose', 'obb' or 'semantic'.
Loading yolov8n.engine for TensorRT inference...
[09/09/2026-13:47:47] [TRT] [I] Loaded engine size: 7 MiB
[09/09/2026-13:47:47] [TRT] [I] [MemUsageChange] TensorRT-managed allocation in IExecutionContext creation: CPU +0, GPU +3, now: CPU 0, GPU 9 (MiB)
13:47:47  INFO     [RAMS] YOLOv8-nano ready — TensorRT yolov8n.engine (imgsz=320).
WARNING ⚠️ Unable to automatically guess model task, assuming 'task=detect'. Explicitly define task for your model, i.e. 'task=detect', 'segment', 'classify', 'pose', 'obb' or 'semantic'.
Loading yolov8s.engine for TensorRT inference...
[09/09/2026-13:47:47] [TRT] [I] The logger passed into createInferRuntime differs from one already provided for an existing builder, runtime, or refitter. Uses of the global logger, returned by nvinfer1::getLogger(), will return the existing value.
[09/09/2026-13:47:47] [TRT] [I] Loaded engine size: 23 MiB
[09/09/2026-13:47:47] [TRT] [I] [MemUsageChange] TensorRT-managed allocation in IExecutionContext creation: CPU +1, GPU +7, now: CPU 1, GPU 38 (MiB)
13:47:47  INFO     [RAMS] YOLOv8-small ready — TensorRT yolov8s.engine (imgsz=416).
WARNING ⚠️ Unable to automatically guess model task, assuming 'task=detect'. Explicitly define task for your model, i.e. 'task=detect', 'segment', 'classify', 'pose', 'obb' or 'semantic'.
Loading yolov8m.engine for TensorRT inference...
[09/09/2026-13:47:47] [TRT] [I] The logger passed into createInferRuntime differs from one already provided for an existing builder, runtime, or refitter. Uses of the global logger, returned by nvinfer1::getLogger(), will return the existing value.
[09/09/2026-13:47:47] [TRT] [I] Loaded engine size: 52 MiB
[09/09/2026-13:47:47] [TRT] [I] [MemUsageChange] TensorRT-managed allocation in IExecutionContext creation: CPU +0, GPU +29, now: CPU 1, GPU 117 (MiB)
13:47:47  INFO     [RAMS] YOLOv8-medium ready — TensorRT yolov8m.engine (imgsz=640).
13:47:47  INFO     [RAMS] Controller ready. Policy: predictive
13:47:49  INFO       [predictive / light] 20/200  tier=SMALL   latency=7.6 ms  R=0.335  target=0.25  dets=1  vru=False  backend=tensorrt
13:47:49  INFO       [predictive / light] 40/200  tier=SMALL   latency=8.8 ms  R=0.340  target=0.25  dets=6  vru=False  backend=tensorrt
13:47:50  INFO       [predictive / light] 60/200  tier=SMALL   latency=8.0 ms  R=0.328  target=0.25  dets=3  vru=False  backend=tensorrt
13:47:50  INFO       [predictive / light] 80/200  tier=SMALL   latency=8.2 ms  R=0.338  target=0.25  dets=4  vru=False  backend=tensorrt
13:47:50  INFO       [predictive / light] 100/200  tier=SMALL   latency=9.4 ms  R=0.331  target=0.25  dets=9  vru=False  backend=tensorrt
13:47:51  INFO       [predictive / light] 120/200  tier=SMALL   latency=8.5 ms  R=0.322  target=0.25  dets=2  vru=False  backend=tensorrt
13:47:51  INFO       [predictive / light] 140/200  tier=SMALL   latency=9.0 ms  R=0.389  target=0.25  dets=7  vru=True  backend=tensorrt
13:47:52  INFO       [predictive / light] 160/200  tier=SMALL   latency=6.0 ms  R=0.328  target=0.25  dets=0  vru=False  backend=tensorrt
13:47:52  INFO       [predictive / light] 180/200  tier=SMALL   latency=8.1 ms  R=0.322  target=0.25  dets=4  vru=False  backend=tensorrt
13:47:52  INFO       [predictive / light] 200/200  tier=SMALL   latency=9.1 ms  R=0.331  target=0.25  dets=8  vru=True  backend=tensorrt
13:47:53  INFO     [RAMS] Controller stopped.
13:47:53  INFO     
--- Block 7/10  Policy: safety  Load: light (25%) ---
13:47:53  INFO     [RAMS] Starting resource monitor ...
13:47:53  INFO     [RAMS] Loading model tiers ...
WARNING ⚠️ Unable to automatically guess model task, assuming 'task=detect'. Explicitly define task for your model, i.e. 'task=detect', 'segment', 'classify', 'pose', 'obb' or 'semantic'.
Loading yolov8n.engine for TensorRT inference...
[09/09/2026-13:47:53] [TRT] [I] Loaded engine size: 7 MiB
[09/09/2026-13:47:53] [TRT] [I] [MemUsageChange] TensorRT-managed allocation in IExecutionContext creation: CPU +0, GPU +3, now: CPU 0, GPU 9 (MiB)
13:47:53  INFO     [RAMS] YOLOv8-nano ready — TensorRT yolov8n.engine (imgsz=320).
WARNING ⚠️ Unable to automatically guess model task, assuming 'task=detect'. Explicitly define task for your model, i.e. 'task=detect', 'segment', 'classify', 'pose', 'obb' or 'semantic'.
Loading yolov8s.engine for TensorRT inference...
[09/09/2026-13:47:53] [TRT] [I] The logger passed into createInferRuntime differs from one already provided for an existing builder, runtime, or refitter. Uses of the global logger, returned by nvinfer1::getLogger(), will return the existing value.
[09/09/2026-13:47:53] [TRT] [I] Loaded engine size: 23 MiB
[09/09/2026-13:47:53] [TRT] [I] [MemUsageChange] TensorRT-managed allocation in IExecutionContext creation: CPU +1, GPU +7, now: CPU 1, GPU 38 (MiB)
13:47:53  INFO     [RAMS] YOLOv8-small ready — TensorRT yolov8s.engine (imgsz=416).
WARNING ⚠️ Unable to automatically guess model task, assuming 'task=detect'. Explicitly define task for your model, i.e. 'task=detect', 'segment', 'classify', 'pose', 'obb' or 'semantic'.
Loading yolov8m.engine for TensorRT inference...
[09/09/2026-13:47:53] [TRT] [I] The logger passed into createInferRuntime differs from one already provided for an existing builder, runtime, or refitter. Uses of the global logger, returned by nvinfer1::getLogger(), will return the existing value.
[09/09/2026-13:47:53] [TRT] [I] Loaded engine size: 52 MiB
[09/09/2026-13:47:53] [TRT] [I] [MemUsageChange] TensorRT-managed allocation in IExecutionContext creation: CPU +0, GPU +29, now: CPU 1, GPU 117 (MiB)
13:47:53  INFO     [RAMS] YOLOv8-medium ready — TensorRT yolov8m.engine (imgsz=640).
13:47:53  INFO     [RAMS] Controller ready. Policy: safety
13:47:54  INFO       [safety / light] 20/200  tier=SMALL   latency=7.5 ms  R=0.396  target=0.25  dets=1  vru=False  backend=tensorrt
13:47:55  INFO       [safety / light] 40/200  tier=SMALL   latency=8.6 ms  R=0.322  target=0.25  dets=6  vru=False  backend=tensorrt
13:47:55  INFO       [safety / light] 60/200  tier=SMALL   latency=8.0 ms  R=0.335  target=0.25  dets=3  vru=False  backend=tensorrt
13:47:55  INFO       [safety / light] 80/200  tier=SMALL   latency=8.2 ms  R=0.321  target=0.25  dets=4  vru=False  backend=tensorrt
13:47:56  INFO       [safety / light] 100/200  tier=SMALL   latency=9.2 ms  R=0.326  target=0.25  dets=9  vru=False  backend=tensorrt
13:47:56  INFO       [safety / light] 120/200  tier=SMALL   latency=7.8 ms  R=0.397  target=0.25  dets=2  vru=False  backend=tensorrt
13:47:57  INFO       [safety / light] 140/200  tier=SMALL   latency=9.7 ms  R=0.314  target=0.25  dets=7  vru=True  backend=tensorrt
13:47:57  INFO       [safety / light] 160/200  tier=SMALL   latency=6.5 ms  R=0.371  target=0.25  dets=0  vru=False  backend=tensorrt
13:47:58  INFO       [safety / light] 180/200  tier=SMALL   latency=8.2 ms  R=0.328  target=0.25  dets=4  vru=False  backend=tensorrt
13:47:58  INFO       [safety / light] 200/200  tier=SMALL   latency=9.1 ms  R=0.335  target=0.25  dets=8  vru=True  backend=tensorrt
13:47:58  INFO     [RAMS] Controller stopped.
13:47:58  INFO     
--- Block 8/10  Policy: fixed_small  Load: light (25%) ---
13:47:58  INFO     [RAMS] Starting resource monitor ...
13:47:58  INFO     [RAMS] Loading model tiers ...
WARNING ⚠️ Unable to automatically guess model task, assuming 'task=detect'. Explicitly define task for your model, i.e. 'task=detect', 'segment', 'classify', 'pose', 'obb' or 'semantic'.
Loading yolov8n.engine for TensorRT inference...
[09/09/2026-13:47:58] [TRT] [I] Loaded engine size: 7 MiB
[09/09/2026-13:47:58] [TRT] [I] [MemUsageChange] TensorRT-managed allocation in IExecutionContext creation: CPU +0, GPU +3, now: CPU 0, GPU 9 (MiB)
13:47:58  INFO     [RAMS] YOLOv8-nano ready — TensorRT yolov8n.engine (imgsz=320).
WARNING ⚠️ Unable to automatically guess model task, assuming 'task=detect'. Explicitly define task for your model, i.e. 'task=detect', 'segment', 'classify', 'pose', 'obb' or 'semantic'.
Loading yolov8s.engine for TensorRT inference...
[09/09/2026-13:47:58] [TRT] [I] The logger passed into createInferRuntime differs from one already provided for an existing builder, runtime, or refitter. Uses of the global logger, returned by nvinfer1::getLogger(), will return the existing value.
[09/09/2026-13:47:58] [TRT] [I] Loaded engine size: 23 MiB
[09/09/2026-13:47:58] [TRT] [I] [MemUsageChange] TensorRT-managed allocation in IExecutionContext creation: CPU +1, GPU +7, now: CPU 1, GPU 38 (MiB)
13:47:58  INFO     [RAMS] YOLOv8-small ready — TensorRT yolov8s.engine (imgsz=416).
WARNING ⚠️ Unable to automatically guess model task, assuming 'task=detect'. Explicitly define task for your model, i.e. 'task=detect', 'segment', 'classify', 'pose', 'obb' or 'semantic'.
Loading yolov8m.engine for TensorRT inference...
[09/09/2026-13:47:58] [TRT] [I] The logger passed into createInferRuntime differs from one already provided for an existing builder, runtime, or refitter. Uses of the global logger, returned by nvinfer1::getLogger(), will return the existing value.
[09/09/2026-13:47:58] [TRT] [I] Loaded engine size: 52 MiB
[09/09/2026-13:47:58] [TRT] [I] [MemUsageChange] TensorRT-managed allocation in IExecutionContext creation: CPU +0, GPU +29, now: CPU 1, GPU 117 (MiB)
13:47:58  INFO     [RAMS] YOLOv8-medium ready — TensorRT yolov8m.engine (imgsz=640).
13:47:58  INFO     [RAMS] Controller ready. Policy: fixed
13:48:00  INFO       [fixed_small / light] 20/200  tier=SMALL   latency=7.7 ms  R=0.326  target=0.25  dets=1  vru=False  backend=tensorrt
13:48:00  INFO       [fixed_small / light] 40/200  tier=SMALL   latency=8.4 ms  R=0.413  target=0.25  dets=5  vru=False  backend=tensorrt
13:48:01  INFO       [fixed_small / light] 60/200  tier=SMALL   latency=10.2 ms  R=0.376  target=0.25  dets=8  vru=False  backend=tensorrt
13:48:01  INFO       [fixed_small / light] 80/200  tier=SMALL   latency=8.8 ms  R=0.396  target=0.25  dets=5  vru=False  backend=tensorrt
13:48:02  INFO       [fixed_small / light] 100/200  tier=SMALL   latency=9.8 ms  R=0.387  target=0.25  dets=9  vru=False  backend=tensorrt
13:48:02  INFO       [fixed_small / light] 120/200  tier=SMALL   latency=6.3 ms  R=0.401  target=0.25  dets=0  vru=False  backend=tensorrt
13:48:02  INFO       [fixed_small / light] 140/200  tier=SMALL   latency=8.1 ms  R=0.411  target=0.25  dets=1  vru=False  backend=tensorrt
13:48:03  INFO       [fixed_small / light] 160/200  tier=SMALL   latency=7.9 ms  R=0.406  target=0.25  dets=1  vru=False  backend=tensorrt
13:48:03  INFO       [fixed_small / light] 180/200  tier=SMALL   latency=8.4 ms  R=0.490  target=0.25  dets=3  vru=False  backend=tensorrt
13:48:04  INFO       [fixed_small / light] 200/200  tier=SMALL   latency=10.4 ms  R=0.382  target=0.25  dets=12  vru=False  backend=tensorrt
13:48:04  INFO     [RAMS] Controller stopped.
13:48:04  INFO     
--- Block 8/10  Policy: safety  Load: light (25%) ---
13:48:04  INFO     [RAMS] Starting resource monitor ...
13:48:04  INFO     [RAMS] Loading model tiers ...
WARNING ⚠️ Unable to automatically guess model task, assuming 'task=detect'. Explicitly define task for your model, i.e. 'task=detect', 'segment', 'classify', 'pose', 'obb' or 'semantic'.
Loading yolov8n.engine for TensorRT inference...
[09/09/2026-13:48:04] [TRT] [I] Loaded engine size: 7 MiB
[09/09/2026-13:48:04] [TRT] [I] [MemUsageChange] TensorRT-managed allocation in IExecutionContext creation: CPU +0, GPU +3, now: CPU 0, GPU 9 (MiB)
13:48:04  INFO     [RAMS] YOLOv8-nano ready — TensorRT yolov8n.engine (imgsz=320).
WARNING ⚠️ Unable to automatically guess model task, assuming 'task=detect'. Explicitly define task for your model, i.e. 'task=detect', 'segment', 'classify', 'pose', 'obb' or 'semantic'.
Loading yolov8s.engine for TensorRT inference...
[09/09/2026-13:48:04] [TRT] [I] The logger passed into createInferRuntime differs from one already provided for an existing builder, runtime, or refitter. Uses of the global logger, returned by nvinfer1::getLogger(), will return the existing value.
[09/09/2026-13:48:04] [TRT] [I] Loaded engine size: 23 MiB
[09/09/2026-13:48:04] [TRT] [I] [MemUsageChange] TensorRT-managed allocation in IExecutionContext creation: CPU +1, GPU +7, now: CPU 1, GPU 38 (MiB)
13:48:04  INFO     [RAMS] YOLOv8-small ready — TensorRT yolov8s.engine (imgsz=416).
WARNING ⚠️ Unable to automatically guess model task, assuming 'task=detect'. Explicitly define task for your model, i.e. 'task=detect', 'segment', 'classify', 'pose', 'obb' or 'semantic'.
Loading yolov8m.engine for TensorRT inference...
[09/09/2026-13:48:04] [TRT] [I] The logger passed into createInferRuntime differs from one already provided for an existing builder, runtime, or refitter. Uses of the global logger, returned by nvinfer1::getLogger(), will return the existing value.
[09/09/2026-13:48:04] [TRT] [I] Loaded engine size: 52 MiB
[09/09/2026-13:48:04] [TRT] [I] [MemUsageChange] TensorRT-managed allocation in IExecutionContext creation: CPU +0, GPU +29, now: CPU 1, GPU 117 (MiB)
13:48:04  INFO     [RAMS] YOLOv8-medium ready — TensorRT yolov8m.engine (imgsz=640).
13:48:04  INFO     [RAMS] Controller ready. Policy: safety
13:48:06  INFO       [safety / light] 20/200  tier=SMALL   latency=7.8 ms  R=0.397  target=0.25  dets=1  vru=False  backend=tensorrt
13:48:06  INFO       [safety / light] 40/200  tier=SMALL   latency=8.7 ms  R=0.388  target=0.25  dets=5  vru=False  backend=tensorrt
13:48:06  INFO       [safety / light] 60/200  tier=SMALL   latency=9.4 ms  R=0.386  target=0.25  dets=8  vru=False  backend=tensorrt
13:48:07  INFO       [safety / light] 80/200  tier=SMALL   latency=8.4 ms  R=0.324  target=0.25  dets=5  vru=False  backend=tensorrt
13:48:07  INFO       [safety / light] 100/200  tier=SMALL   latency=9.3 ms  R=0.422  target=0.25  dets=9  vru=False  backend=tensorrt
13:48:08  INFO       [safety / light] 120/200  tier=SMALL   latency=6.0 ms  R=0.325  target=0.25  dets=0  vru=False  backend=tensorrt
13:48:08  INFO       [safety / light] 140/200  tier=SMALL   latency=7.5 ms  R=0.335  target=0.25  dets=1  vru=False  backend=tensorrt
13:48:08  INFO       [safety / light] 160/200  tier=SMALL   latency=7.5 ms  R=0.332  target=0.25  dets=1  vru=False  backend=tensorrt
13:48:09  INFO       [safety / light] 180/200  tier=SMALL   latency=7.9 ms  R=0.322  target=0.25  dets=3  vru=False  backend=tensorrt
13:48:09  INFO       [safety / light] 200/200  tier=SMALL   latency=10.0 ms  R=0.412  target=0.25  dets=12  vru=False  backend=tensorrt
13:48:09  INFO     [RAMS] Controller stopped.
13:48:09  INFO     
--- Block 8/10  Policy: threshold  Load: light (25%) ---
13:48:10  INFO     [RAMS] Starting resource monitor ...
13:48:10  INFO     [RAMS] Loading model tiers ...
WARNING ⚠️ Unable to automatically guess model task, assuming 'task=detect'. Explicitly define task for your model, i.e. 'task=detect', 'segment', 'classify', 'pose', 'obb' or 'semantic'.
Loading yolov8n.engine for TensorRT inference...
[09/09/2026-13:48:10] [TRT] [I] Loaded engine size: 7 MiB
[09/09/2026-13:48:10] [TRT] [I] [MemUsageChange] TensorRT-managed allocation in IExecutionContext creation: CPU +0, GPU +3, now: CPU 0, GPU 9 (MiB)
13:48:10  INFO     [RAMS] YOLOv8-nano ready — TensorRT yolov8n.engine (imgsz=320).
WARNING ⚠️ Unable to automatically guess model task, assuming 'task=detect'. Explicitly define task for your model, i.e. 'task=detect', 'segment', 'classify', 'pose', 'obb' or 'semantic'.
Loading yolov8s.engine for TensorRT inference...
[09/09/2026-13:48:10] [TRT] [I] The logger passed into createInferRuntime differs from one already provided for an existing builder, runtime, or refitter. Uses of the global logger, returned by nvinfer1::getLogger(), will return the existing value.
[09/09/2026-13:48:10] [TRT] [I] Loaded engine size: 23 MiB
[09/09/2026-13:48:10] [TRT] [I] [MemUsageChange] TensorRT-managed allocation in IExecutionContext creation: CPU +1, GPU +7, now: CPU 1, GPU 38 (MiB)
13:48:10  INFO     [RAMS] YOLOv8-small ready — TensorRT yolov8s.engine (imgsz=416).
WARNING ⚠️ Unable to automatically guess model task, assuming 'task=detect'. Explicitly define task for your model, i.e. 'task=detect', 'segment', 'classify', 'pose', 'obb' or 'semantic'.
Loading yolov8m.engine for TensorRT inference...
[09/09/2026-13:48:10] [TRT] [I] The logger passed into createInferRuntime differs from one already provided for an existing builder, runtime, or refitter. Uses of the global logger, returned by nvinfer1::getLogger(), will return the existing value.
[09/09/2026-13:48:10] [TRT] [I] Loaded engine size: 52 MiB
[09/09/2026-13:48:10] [TRT] [I] [MemUsageChange] TensorRT-managed allocation in IExecutionContext creation: CPU +0, GPU +29, now: CPU 1, GPU 117 (MiB)
13:48:10  INFO     [RAMS] YOLOv8-medium ready — TensorRT yolov8m.engine (imgsz=640).
13:48:10  INFO     [RAMS] Controller ready. Policy: threshold
13:48:11  INFO       [threshold / light] 20/200  tier=SMALL   latency=8.7 ms  R=0.328  target=0.25  dets=1  vru=False  backend=tensorrt
13:48:12  INFO       [threshold / light] 40/200  tier=SMALL   latency=8.5 ms  R=0.328  target=0.25  dets=5  vru=False  backend=tensorrt
13:48:12  INFO       [threshold / light] 60/200  tier=SMALL   latency=9.1 ms  R=0.322  target=0.25  dets=8  vru=False  backend=tensorrt
13:48:12  INFO       [threshold / light] 80/200  tier=SMALL   latency=8.6 ms  R=0.326  target=0.25  dets=5  vru=False  backend=tensorrt
13:48:13  INFO       [threshold / light] 100/200  tier=SMALL   latency=9.5 ms  R=0.310  target=0.25  dets=9  vru=False  backend=tensorrt
13:48:13  INFO       [threshold / light] 120/200  tier=SMALL   latency=6.0 ms  R=0.424  target=0.25  dets=0  vru=False  backend=tensorrt
13:48:14  INFO       [threshold / light] 140/200  tier=SMALL   latency=7.5 ms  R=0.326  target=0.25  dets=1  vru=False  backend=tensorrt
13:48:14  INFO       [threshold / light] 160/200  tier=SMALL   latency=7.6 ms  R=0.332  target=0.25  dets=1  vru=False  backend=tensorrt
13:48:14  INFO       [threshold / light] 180/200  tier=SMALL   latency=8.0 ms  R=0.322  target=0.25  dets=3  vru=False  backend=tensorrt
13:48:15  INFO       [threshold / light] 200/200  tier=SMALL   latency=9.9 ms  R=0.320  target=0.25  dets=12  vru=False  backend=tensorrt
13:48:15  INFO     [RAMS] Controller stopped.
13:48:15  INFO     
--- Block 8/10  Policy: safety2  Load: light (25%) ---
13:48:15  INFO     [RAMS] Starting resource monitor ...
13:48:15  INFO     [RAMS] Loading model tiers ...
WARNING ⚠️ Unable to automatically guess model task, assuming 'task=detect'. Explicitly define task for your model, i.e. 'task=detect', 'segment', 'classify', 'pose', 'obb' or 'semantic'.
Loading yolov8n.engine for TensorRT inference...
[09/09/2026-13:48:15] [TRT] [I] Loaded engine size: 7 MiB
[09/09/2026-13:48:15] [TRT] [I] [MemUsageChange] TensorRT-managed allocation in IExecutionContext creation: CPU +0, GPU +3, now: CPU 0, GPU 9 (MiB)
13:48:15  INFO     [RAMS] YOLOv8-nano ready — TensorRT yolov8n.engine (imgsz=320).
WARNING ⚠️ Unable to automatically guess model task, assuming 'task=detect'. Explicitly define task for your model, i.e. 'task=detect', 'segment', 'classify', 'pose', 'obb' or 'semantic'.
Loading yolov8s.engine for TensorRT inference...
[09/09/2026-13:48:15] [TRT] [I] The logger passed into createInferRuntime differs from one already provided for an existing builder, runtime, or refitter. Uses of the global logger, returned by nvinfer1::getLogger(), will return the existing value.
[09/09/2026-13:48:15] [TRT] [I] Loaded engine size: 23 MiB
[09/09/2026-13:48:15] [TRT] [I] [MemUsageChange] TensorRT-managed allocation in IExecutionContext creation: CPU +1, GPU +7, now: CPU 1, GPU 38 (MiB)
13:48:15  INFO     [RAMS] YOLOv8-small ready — TensorRT yolov8s.engine (imgsz=416).
WARNING ⚠️ Unable to automatically guess model task, assuming 'task=detect'. Explicitly define task for your model, i.e. 'task=detect', 'segment', 'classify', 'pose', 'obb' or 'semantic'.
Loading yolov8m.engine for TensorRT inference...
[09/09/2026-13:48:15] [TRT] [I] The logger passed into createInferRuntime differs from one already provided for an existing builder, runtime, or refitter. Uses of the global logger, returned by nvinfer1::getLogger(), will return the existing value.
[09/09/2026-13:48:15] [TRT] [I] Loaded engine size: 52 MiB
[09/09/2026-13:48:15] [TRT] [I] [MemUsageChange] TensorRT-managed allocation in IExecutionContext creation: CPU +0, GPU +29, now: CPU 1, GPU 117 (MiB)
13:48:15  INFO     [RAMS] YOLOv8-medium ready — TensorRT yolov8m.engine (imgsz=640).
13:48:15  INFO     [RAMS] Controller ready. Policy: safety2
13:48:17  INFO     [RAMS] Tier switch: SMALL → MEDIUM  (R=0.293)
13:48:17  INFO       [safety2 / light] 20/200  tier=MEDIUM  latency=14.3 ms  R=0.300  target=0.25  dets=4  vru=True  backend=tensorrt
13:48:17  INFO     [RAMS] Tier switch: MEDIUM → SMALL  (R=0.364)
13:48:17  INFO       [safety2 / light] 40/200  tier=SMALL   latency=8.6 ms  R=0.431  target=0.25  dets=5  vru=False  backend=tensorrt
13:48:17  INFO     [RAMS] Tier switch: SMALL → MEDIUM  (R=0.347)
13:48:18  INFO       [safety2 / light] 60/200  tier=MEDIUM  latency=15.7 ms  R=0.371  target=0.25  dets=11  vru=True  backend=tensorrt
13:48:18  INFO       [safety2 / light] 80/200  tier=MEDIUM  latency=14.8 ms  R=0.306  target=0.25  dets=6  vru=False  backend=tensorrt
13:48:19  INFO       [safety2 / light] 100/200  tier=MEDIUM  latency=15.6 ms  R=0.368  target=0.25  dets=10  vru=False  backend=tensorrt
13:48:20  INFO       [safety2 / light] 120/200  tier=MEDIUM  latency=14.1 ms  R=0.306  target=0.25  dets=3  vru=False  backend=tensorrt
13:48:20  INFO     [RAMS] Tier switch: MEDIUM → SMALL  (R=0.374)
13:48:20  INFO     [RAMS] Tier switch: SMALL → MEDIUM  (R=0.350)
13:48:20  INFO       [safety2 / light] 140/200  tier=MEDIUM  latency=13.6 ms  R=0.350  target=0.25  dets=1  vru=False  backend=tensorrt
13:48:20  INFO     [RAMS] Tier switch: MEDIUM → SMALL  (R=0.332)
13:48:21  INFO       [safety2 / light] 160/200  tier=SMALL   latency=7.7 ms  R=0.384  target=0.25  dets=1  vru=False  backend=tensorrt
13:48:21  INFO     [RAMS] Tier switch: SMALL → MEDIUM  (R=0.322)
13:48:21  INFO       [safety2 / light] 180/200  tier=MEDIUM  latency=15.5 ms  R=0.344  target=0.25  dets=5  vru=False  backend=tensorrt
13:48:22  INFO       [safety2 / light] 200/200  tier=MEDIUM  latency=17.3 ms  R=0.386  target=0.25  dets=16  vru=False  backend=tensorrt
13:48:22  INFO     [RAMS] Controller stopped.
13:48:22  INFO     
--- Block 8/10  Policy: fixed_nano  Load: light (25%) ---
13:48:22  INFO     [RAMS] Starting resource monitor ...
13:48:22  INFO     [RAMS] Loading model tiers ...
WARNING ⚠️ Unable to automatically guess model task, assuming 'task=detect'. Explicitly define task for your model, i.e. 'task=detect', 'segment', 'classify', 'pose', 'obb' or 'semantic'.
Loading yolov8n.engine for TensorRT inference...
[09/09/2026-13:48:22] [TRT] [I] Loaded engine size: 7 MiB
[09/09/2026-13:48:22] [TRT] [I] [MemUsageChange] TensorRT-managed allocation in IExecutionContext creation: CPU +0, GPU +3, now: CPU 0, GPU 9 (MiB)
13:48:22  INFO     [RAMS] YOLOv8-nano ready — TensorRT yolov8n.engine (imgsz=320).
WARNING ⚠️ Unable to automatically guess model task, assuming 'task=detect'. Explicitly define task for your model, i.e. 'task=detect', 'segment', 'classify', 'pose', 'obb' or 'semantic'.
Loading yolov8s.engine for TensorRT inference...
[09/09/2026-13:48:22] [TRT] [I] The logger passed into createInferRuntime differs from one already provided for an existing builder, runtime, or refitter. Uses of the global logger, returned by nvinfer1::getLogger(), will return the existing value.
[09/09/2026-13:48:22] [TRT] [I] Loaded engine size: 23 MiB
[09/09/2026-13:48:22] [TRT] [I] [MemUsageChange] TensorRT-managed allocation in IExecutionContext creation: CPU +1, GPU +7, now: CPU 1, GPU 38 (MiB)
13:48:22  INFO     [RAMS] YOLOv8-small ready — TensorRT yolov8s.engine (imgsz=416).
WARNING ⚠️ Unable to automatically guess model task, assuming 'task=detect'. Explicitly define task for your model, i.e. 'task=detect', 'segment', 'classify', 'pose', 'obb' or 'semantic'.
Loading yolov8m.engine for TensorRT inference...
[09/09/2026-13:48:22] [TRT] [I] The logger passed into createInferRuntime differs from one already provided for an existing builder, runtime, or refitter. Uses of the global logger, returned by nvinfer1::getLogger(), will return the existing value.
[09/09/2026-13:48:22] [TRT] [I] Loaded engine size: 52 MiB
[09/09/2026-13:48:22] [TRT] [I] [MemUsageChange] TensorRT-managed allocation in IExecutionContext creation: CPU +0, GPU +29, now: CPU 1, GPU 117 (MiB)
13:48:22  INFO     [RAMS] YOLOv8-medium ready — TensorRT yolov8m.engine (imgsz=640).
13:48:22  INFO     [RAMS] Controller ready. Policy: fixed
13:48:23  INFO     [RAMS] Tier switch: SMALL → NANO  (R=0.322)
13:48:23  INFO       [fixed_nano / light] 20/200  tier=NANO    latency=5.3 ms  R=0.372  target=0.25  dets=0  vru=False  backend=tensorrt
13:48:24  INFO       [fixed_nano / light] 40/200  tier=NANO    latency=7.3 ms  R=0.386  target=0.25  dets=3  vru=False  backend=tensorrt
13:48:24  INFO       [fixed_nano / light] 60/200  tier=NANO    latency=6.7 ms  R=0.431  target=0.25  dets=2  vru=False  backend=tensorrt
13:48:25  INFO       [fixed_nano / light] 80/200  tier=NANO    latency=7.7 ms  R=0.401  target=0.25  dets=5  vru=False  backend=tensorrt
13:48:25  INFO       [fixed_nano / light] 100/200  tier=NANO    latency=8.0 ms  R=0.394  target=0.25  dets=6  vru=False  backend=tensorrt
13:48:25  INFO       [fixed_nano / light] 120/200  tier=NANO    latency=4.9 ms  R=0.418  target=0.25  dets=0  vru=False  backend=tensorrt
13:48:26  INFO       [fixed_nano / light] 140/200  tier=NANO    latency=6.6 ms  R=0.393  target=0.25  dets=1  vru=False  backend=tensorrt
13:48:26  INFO       [fixed_nano / light] 160/200  tier=NANO    latency=6.9 ms  R=0.425  target=0.25  dets=1  vru=False  backend=tensorrt
13:48:27  INFO       [fixed_nano / light] 180/200  tier=NANO    latency=7.1 ms  R=0.405  target=0.25  dets=2  vru=False  backend=tensorrt
13:48:27  INFO       [fixed_nano / light] 200/200  tier=NANO    latency=8.7 ms  R=0.378  target=0.25  dets=11  vru=False  backend=tensorrt
13:48:27  INFO     [RAMS] Controller stopped.
13:48:27  INFO     
--- Block 8/10  Policy: fixed_medium  Load: light (25%) ---
13:48:27  INFO     [RAMS] Starting resource monitor ...
13:48:27  INFO     [RAMS] Loading model tiers ...
WARNING ⚠️ Unable to automatically guess model task, assuming 'task=detect'. Explicitly define task for your model, i.e. 'task=detect', 'segment', 'classify', 'pose', 'obb' or 'semantic'.
Loading yolov8n.engine for TensorRT inference...
[09/09/2026-13:48:27] [TRT] [I] Loaded engine size: 7 MiB
[09/09/2026-13:48:27] [TRT] [I] [MemUsageChange] TensorRT-managed allocation in IExecutionContext creation: CPU +0, GPU +3, now: CPU 0, GPU 9 (MiB)
13:48:27  INFO     [RAMS] YOLOv8-nano ready — TensorRT yolov8n.engine (imgsz=320).
WARNING ⚠️ Unable to automatically guess model task, assuming 'task=detect'. Explicitly define task for your model, i.e. 'task=detect', 'segment', 'classify', 'pose', 'obb' or 'semantic'.
Loading yolov8s.engine for TensorRT inference...
[09/09/2026-13:48:27] [TRT] [I] The logger passed into createInferRuntime differs from one already provided for an existing builder, runtime, or refitter. Uses of the global logger, returned by nvinfer1::getLogger(), will return the existing value.
[09/09/2026-13:48:27] [TRT] [I] Loaded engine size: 23 MiB
[09/09/2026-13:48:27] [TRT] [I] [MemUsageChange] TensorRT-managed allocation in IExecutionContext creation: CPU +1, GPU +7, now: CPU 1, GPU 38 (MiB)
13:48:27  INFO     [RAMS] YOLOv8-small ready — TensorRT yolov8s.engine (imgsz=416).
WARNING ⚠️ Unable to automatically guess model task, assuming 'task=detect'. Explicitly define task for your model, i.e. 'task=detect', 'segment', 'classify', 'pose', 'obb' or 'semantic'.
Loading yolov8m.engine for TensorRT inference...
[09/09/2026-13:48:27] [TRT] [I] The logger passed into createInferRuntime differs from one already provided for an existing builder, runtime, or refitter. Uses of the global logger, returned by nvinfer1::getLogger(), will return the existing value.
[09/09/2026-13:48:27] [TRT] [I] Loaded engine size: 52 MiB
[09/09/2026-13:48:27] [TRT] [I] [MemUsageChange] TensorRT-managed allocation in IExecutionContext creation: CPU +0, GPU +29, now: CPU 1, GPU 117 (MiB)
13:48:27  INFO     [RAMS] YOLOv8-medium ready — TensorRT yolov8m.engine (imgsz=640).
13:48:27  INFO     [RAMS] Controller ready. Policy: fixed
13:48:28  INFO     [RAMS] Tier switch: SMALL → MEDIUM  (R=0.241)
13:48:29  INFO       [fixed_medium / light] 20/200  tier=MEDIUM  latency=14.3 ms  R=0.315  target=0.25  dets=4  vru=True  backend=tensorrt
13:48:30  INFO       [fixed_medium / light] 40/200  tier=MEDIUM  latency=15.2 ms  R=0.327  target=0.25  dets=8  vru=False  backend=tensorrt
13:48:30  INFO       [fixed_medium / light] 60/200  tier=MEDIUM  latency=15.8 ms  R=0.288  target=0.25  dets=11  vru=True  backend=tensorrt
13:48:31  INFO       [fixed_medium / light] 80/200  tier=MEDIUM  latency=14.8 ms  R=0.392  target=0.25  dets=6  vru=False  backend=tensorrt
13:48:31  INFO       [fixed_medium / light] 100/200  tier=MEDIUM  latency=15.7 ms  R=0.438  target=0.25  dets=10  vru=False  backend=tensorrt
13:48:32  INFO       [fixed_medium / light] 120/200  tier=MEDIUM  latency=14.0 ms  R=0.373  target=0.25  dets=3  vru=False  backend=tensorrt
13:48:32  INFO       [fixed_medium / light] 140/200  tier=MEDIUM  latency=13.6 ms  R=0.352  target=0.25  dets=1  vru=False  backend=tensorrt
13:48:33  INFO       [fixed_medium / light] 160/200  tier=MEDIUM  latency=14.3 ms  R=0.315  target=0.25  dets=4  vru=False  backend=tensorrt
13:48:33  INFO       [fixed_medium / light] 180/200  tier=MEDIUM  latency=14.4 ms  R=0.351  target=0.25  dets=5  vru=False  backend=tensorrt
13:48:34  INFO       [fixed_medium / light] 200/200  tier=MEDIUM  latency=16.9 ms  R=0.349  target=0.25  dets=16  vru=False  backend=tensorrt
13:48:34  INFO     [RAMS] Controller stopped.
13:48:34  INFO     
--- Block 8/10  Policy: predictive  Load: light (25%) ---
13:48:34  INFO     [RAMS] Starting resource monitor ...
13:48:34  INFO     [RAMS] Loading model tiers ...
WARNING ⚠️ Unable to automatically guess model task, assuming 'task=detect'. Explicitly define task for your model, i.e. 'task=detect', 'segment', 'classify', 'pose', 'obb' or 'semantic'.
Loading yolov8n.engine for TensorRT inference...
[09/09/2026-13:48:34] [TRT] [I] Loaded engine size: 7 MiB
[09/09/2026-13:48:34] [TRT] [I] [MemUsageChange] TensorRT-managed allocation in IExecutionContext creation: CPU +0, GPU +3, now: CPU 0, GPU 9 (MiB)
13:48:34  INFO     [RAMS] YOLOv8-nano ready — TensorRT yolov8n.engine (imgsz=320).
WARNING ⚠️ Unable to automatically guess model task, assuming 'task=detect'. Explicitly define task for your model, i.e. 'task=detect', 'segment', 'classify', 'pose', 'obb' or 'semantic'.
Loading yolov8s.engine for TensorRT inference...
[09/09/2026-13:48:34] [TRT] [I] The logger passed into createInferRuntime differs from one already provided for an existing builder, runtime, or refitter. Uses of the global logger, returned by nvinfer1::getLogger(), will return the existing value.
[09/09/2026-13:48:34] [TRT] [I] Loaded engine size: 23 MiB
[09/09/2026-13:48:34] [TRT] [I] [MemUsageChange] TensorRT-managed allocation in IExecutionContext creation: CPU +1, GPU +7, now: CPU 1, GPU 38 (MiB)
13:48:34  INFO     [RAMS] YOLOv8-small ready — TensorRT yolov8s.engine (imgsz=416).
WARNING ⚠️ Unable to automatically guess model task, assuming 'task=detect'. Explicitly define task for your model, i.e. 'task=detect', 'segment', 'classify', 'pose', 'obb' or 'semantic'.
Loading yolov8m.engine for TensorRT inference...
[09/09/2026-13:48:34] [TRT] [I] The logger passed into createInferRuntime differs from one already provided for an existing builder, runtime, or refitter. Uses of the global logger, returned by nvinfer1::getLogger(), will return the existing value.
[09/09/2026-13:48:34] [TRT] [I] Loaded engine size: 52 MiB
[09/09/2026-13:48:34] [TRT] [I] [MemUsageChange] TensorRT-managed allocation in IExecutionContext creation: CPU +0, GPU +29, now: CPU 1, GPU 117 (MiB)
13:48:34  INFO     [RAMS] YOLOv8-medium ready — TensorRT yolov8m.engine (imgsz=640).
13:48:34  INFO     [RAMS] Controller ready. Policy: predictive
13:48:36  INFO       [predictive / light] 20/200  tier=SMALL   latency=7.6 ms  R=0.328  target=0.25  dets=1  vru=False  backend=tensorrt
13:48:36  INFO       [predictive / light] 40/200  tier=SMALL   latency=8.6 ms  R=0.410  target=0.25  dets=5  vru=False  backend=tensorrt
13:48:37  INFO       [predictive / light] 60/200  tier=SMALL   latency=9.2 ms  R=0.326  target=0.25  dets=8  vru=False  backend=tensorrt
13:48:37  INFO       [predictive / light] 80/200  tier=SMALL   latency=8.5 ms  R=0.304  target=0.25  dets=5  vru=False  backend=tensorrt
13:48:38  INFO       [predictive / light] 100/200  tier=SMALL   latency=9.4 ms  R=0.334  target=0.25  dets=9  vru=False  backend=tensorrt
13:48:38  INFO       [predictive / light] 120/200  tier=SMALL   latency=6.0 ms  R=0.328  target=0.25  dets=0  vru=False  backend=tensorrt
13:48:38  INFO       [predictive / light] 140/200  tier=SMALL   latency=7.6 ms  R=0.326  target=0.25  dets=1  vru=False  backend=tensorrt
13:48:39  INFO       [predictive / light] 160/200  tier=SMALL   latency=7.6 ms  R=0.324  target=0.25  dets=1  vru=False  backend=tensorrt
13:48:39  INFO       [predictive / light] 180/200  tier=SMALL   latency=8.8 ms  R=0.328  target=0.25  dets=3  vru=False  backend=tensorrt
13:48:40  INFO       [predictive / light] 200/200  tier=SMALL   latency=10.0 ms  R=0.324  target=0.25  dets=12  vru=False  backend=tensorrt
13:48:40  INFO     [RAMS] Controller stopped.
13:48:40  INFO     
--- Block 8/10  Policy: adaptive  Load: light (25%) ---
13:48:40  INFO     [RAMS] Starting resource monitor ...
13:48:40  INFO     [RAMS] Loading model tiers ...
WARNING ⚠️ Unable to automatically guess model task, assuming 'task=detect'. Explicitly define task for your model, i.e. 'task=detect', 'segment', 'classify', 'pose', 'obb' or 'semantic'.
Loading yolov8n.engine for TensorRT inference...
[09/09/2026-13:48:40] [TRT] [I] Loaded engine size: 7 MiB
[09/09/2026-13:48:40] [TRT] [I] [MemUsageChange] TensorRT-managed allocation in IExecutionContext creation: CPU +0, GPU +3, now: CPU 0, GPU 9 (MiB)
13:48:40  INFO     [RAMS] YOLOv8-nano ready — TensorRT yolov8n.engine (imgsz=320).
WARNING ⚠️ Unable to automatically guess model task, assuming 'task=detect'. Explicitly define task for your model, i.e. 'task=detect', 'segment', 'classify', 'pose', 'obb' or 'semantic'.
Loading yolov8s.engine for TensorRT inference...
[09/09/2026-13:48:40] [TRT] [I] The logger passed into createInferRuntime differs from one already provided for an existing builder, runtime, or refitter. Uses of the global logger, returned by nvinfer1::getLogger(), will return the existing value.
[09/09/2026-13:48:40] [TRT] [I] Loaded engine size: 23 MiB
[09/09/2026-13:48:40] [TRT] [I] [MemUsageChange] TensorRT-managed allocation in IExecutionContext creation: CPU +1, GPU +7, now: CPU 1, GPU 38 (MiB)
13:48:40  INFO     [RAMS] YOLOv8-small ready — TensorRT yolov8s.engine (imgsz=416).
WARNING ⚠️ Unable to automatically guess model task, assuming 'task=detect'. Explicitly define task for your model, i.e. 'task=detect', 'segment', 'classify', 'pose', 'obb' or 'semantic'.
Loading yolov8m.engine for TensorRT inference...
[09/09/2026-13:48:40] [TRT] [I] The logger passed into createInferRuntime differs from one already provided for an existing builder, runtime, or refitter. Uses of the global logger, returned by nvinfer1::getLogger(), will return the existing value.
[09/09/2026-13:48:40] [TRT] [I] Loaded engine size: 52 MiB
[09/09/2026-13:48:40] [TRT] [I] [MemUsageChange] TensorRT-managed allocation in IExecutionContext creation: CPU +0, GPU +29, now: CPU 1, GPU 117 (MiB)
13:48:40  INFO     [RAMS] YOLOv8-medium ready — TensorRT yolov8m.engine (imgsz=640).
13:48:40  INFO     [RAMS] Controller ready. Policy: adaptive
13:48:41  INFO       [adaptive / light] 20/200  tier=SMALL   latency=7.6 ms  R=0.332  target=0.25  dets=1  vru=False  backend=tensorrt
13:48:42  INFO       [adaptive / light] 40/200  tier=SMALL   latency=8.5 ms  R=0.328  target=0.25  dets=5  vru=False  backend=tensorrt
13:48:42  INFO       [adaptive / light] 60/200  tier=SMALL   latency=9.3 ms  R=0.417  target=0.25  dets=8  vru=False  backend=tensorrt
13:48:43  INFO       [adaptive / light] 80/200  tier=SMALL   latency=8.4 ms  R=0.332  target=0.25  dets=5  vru=False  backend=tensorrt
13:48:43  INFO       [adaptive / light] 100/200  tier=SMALL   latency=10.7 ms  R=0.376  target=0.25  dets=9  vru=False  backend=tensorrt
13:48:44  INFO       [adaptive / light] 120/200  tier=SMALL   latency=6.4 ms  R=0.445  target=0.25  dets=0  vru=False  backend=tensorrt
13:48:44  INFO       [adaptive / light] 140/200  tier=SMALL   latency=7.8 ms  R=0.405  target=0.25  dets=1  vru=False  backend=tensorrt
13:48:44  INFO       [adaptive / light] 160/200  tier=SMALL   latency=8.3 ms  R=0.408  target=0.25  dets=1  vru=False  backend=tensorrt
13:48:45  INFO       [adaptive / light] 180/200  tier=SMALL   latency=8.1 ms  R=0.443  target=0.25  dets=3  vru=False  backend=tensorrt
13:48:45  INFO       [adaptive / light] 200/200  tier=SMALL   latency=10.3 ms  R=0.505  target=0.25  dets=12  vru=False  backend=tensorrt
13:48:45  INFO     [RAMS] Controller stopped.
13:48:46  INFO     
--- Block 9/10  Policy: fixed_medium  Load: light (25%) ---
13:48:46  INFO     [RAMS] Starting resource monitor ...
13:48:46  INFO     [RAMS] Loading model tiers ...
WARNING ⚠️ Unable to automatically guess model task, assuming 'task=detect'. Explicitly define task for your model, i.e. 'task=detect', 'segment', 'classify', 'pose', 'obb' or 'semantic'.
Loading yolov8n.engine for TensorRT inference...
[09/09/2026-13:48:46] [TRT] [I] Loaded engine size: 7 MiB
[09/09/2026-13:48:46] [TRT] [I] [MemUsageChange] TensorRT-managed allocation in IExecutionContext creation: CPU +0, GPU +3, now: CPU 0, GPU 9 (MiB)
13:48:46  INFO     [RAMS] YOLOv8-nano ready — TensorRT yolov8n.engine (imgsz=320).
WARNING ⚠️ Unable to automatically guess model task, assuming 'task=detect'. Explicitly define task for your model, i.e. 'task=detect', 'segment', 'classify', 'pose', 'obb' or 'semantic'.
Loading yolov8s.engine for TensorRT inference...
[09/09/2026-13:48:46] [TRT] [I] The logger passed into createInferRuntime differs from one already provided for an existing builder, runtime, or refitter. Uses of the global logger, returned by nvinfer1::getLogger(), will return the existing value.
[09/09/2026-13:48:46] [TRT] [I] Loaded engine size: 23 MiB
[09/09/2026-13:48:46] [TRT] [I] [MemUsageChange] TensorRT-managed allocation in IExecutionContext creation: CPU +1, GPU +7, now: CPU 1, GPU 38 (MiB)
13:48:46  INFO     [RAMS] YOLOv8-small ready — TensorRT yolov8s.engine (imgsz=416).
WARNING ⚠️ Unable to automatically guess model task, assuming 'task=detect'. Explicitly define task for your model, i.e. 'task=detect', 'segment', 'classify', 'pose', 'obb' or 'semantic'.
Loading yolov8m.engine for TensorRT inference...
[09/09/2026-13:48:46] [TRT] [I] The logger passed into createInferRuntime differs from one already provided for an existing builder, runtime, or refitter. Uses of the global logger, returned by nvinfer1::getLogger(), will return the existing value.
[09/09/2026-13:48:46] [TRT] [I] Loaded engine size: 52 MiB
[09/09/2026-13:48:46] [TRT] [I] [MemUsageChange] TensorRT-managed allocation in IExecutionContext creation: CPU +0, GPU +29, now: CPU 1, GPU 117 (MiB)
13:48:46  INFO     [RAMS] YOLOv8-medium ready — TensorRT yolov8m.engine (imgsz=640).
13:48:46  INFO     [RAMS] Controller ready. Policy: fixed
13:48:47  INFO     [RAMS] Tier switch: SMALL → MEDIUM  (R=0.323)
13:48:47  INFO       [fixed_medium / light] 20/200  tier=MEDIUM  latency=14.5 ms  R=0.510  target=0.25  dets=4  vru=False  backend=tensorrt
13:48:48  INFO       [fixed_medium / light] 40/200  tier=MEDIUM  latency=16.6 ms  R=0.433  target=0.25  dets=13  vru=False  backend=tensorrt
13:48:48  INFO       [fixed_medium / light] 60/200  tier=MEDIUM  latency=15.0 ms  R=0.428  target=0.25  dets=6  vru=False  backend=tensorrt
13:48:49  INFO       [fixed_medium / light] 80/200  tier=MEDIUM  latency=14.3 ms  R=0.411  target=0.25  dets=3  vru=False  backend=tensorrt
13:48:50  INFO       [fixed_medium / light] 100/200  tier=MEDIUM  latency=17.0 ms  R=0.323  target=0.25  dets=16  vru=False  backend=tensorrt
13:48:50  INFO       [fixed_medium / light] 120/200  tier=MEDIUM  latency=18.2 ms  R=0.369  target=0.25  dets=21  vru=False  backend=tensorrt
13:48:51  INFO       [fixed_medium / light] 140/200  tier=MEDIUM  latency=16.3 ms  R=0.382  target=0.25  dets=13  vru=False  backend=tensorrt
13:48:51  INFO       [fixed_medium / light] 160/200  tier=MEDIUM  latency=15.5 ms  R=0.390  target=0.25  dets=8  vru=False  backend=tensorrt
13:48:52  INFO       [fixed_medium / light] 180/200  tier=MEDIUM  latency=15.2 ms  R=0.337  target=0.25  dets=8  vru=False  backend=tensorrt
13:48:52  INFO       [fixed_medium / light] 200/200  tier=MEDIUM  latency=13.9 ms  R=0.417  target=0.25  dets=2  vru=False  backend=tensorrt
13:48:53  INFO     [RAMS] Controller stopped.
13:48:53  INFO     
--- Block 9/10  Policy: adaptive  Load: light (25%) ---
13:48:53  INFO     [RAMS] Starting resource monitor ...
13:48:53  INFO     [RAMS] Loading model tiers ...
WARNING ⚠️ Unable to automatically guess model task, assuming 'task=detect'. Explicitly define task for your model, i.e. 'task=detect', 'segment', 'classify', 'pose', 'obb' or 'semantic'.
Loading yolov8n.engine for TensorRT inference...
[09/09/2026-13:48:53] [TRT] [I] Loaded engine size: 7 MiB
[09/09/2026-13:48:53] [TRT] [I] [MemUsageChange] TensorRT-managed allocation in IExecutionContext creation: CPU +0, GPU +3, now: CPU 0, GPU 9 (MiB)
13:48:53  INFO     [RAMS] YOLOv8-nano ready — TensorRT yolov8n.engine (imgsz=320).
WARNING ⚠️ Unable to automatically guess model task, assuming 'task=detect'. Explicitly define task for your model, i.e. 'task=detect', 'segment', 'classify', 'pose', 'obb' or 'semantic'.
Loading yolov8s.engine for TensorRT inference...
[09/09/2026-13:48:53] [TRT] [I] The logger passed into createInferRuntime differs from one already provided for an existing builder, runtime, or refitter. Uses of the global logger, returned by nvinfer1::getLogger(), will return the existing value.
[09/09/2026-13:48:53] [TRT] [I] Loaded engine size: 23 MiB
[09/09/2026-13:48:53] [TRT] [I] [MemUsageChange] TensorRT-managed allocation in IExecutionContext creation: CPU +1, GPU +7, now: CPU 1, GPU 38 (MiB)
13:48:53  INFO     [RAMS] YOLOv8-small ready — TensorRT yolov8s.engine (imgsz=416).
WARNING ⚠️ Unable to automatically guess model task, assuming 'task=detect'. Explicitly define task for your model, i.e. 'task=detect', 'segment', 'classify', 'pose', 'obb' or 'semantic'.
Loading yolov8m.engine for TensorRT inference...
[09/09/2026-13:48:53] [TRT] [I] The logger passed into createInferRuntime differs from one already provided for an existing builder, runtime, or refitter. Uses of the global logger, returned by nvinfer1::getLogger(), will return the existing value.
[09/09/2026-13:48:53] [TRT] [I] Loaded engine size: 52 MiB
[09/09/2026-13:48:53] [TRT] [I] [MemUsageChange] TensorRT-managed allocation in IExecutionContext creation: CPU +0, GPU +29, now: CPU 1, GPU 117 (MiB)
13:48:53  INFO     [RAMS] YOLOv8-medium ready — TensorRT yolov8m.engine (imgsz=640).
13:48:53  INFO     [RAMS] Controller ready. Policy: adaptive
13:48:54  INFO       [adaptive / light] 20/200  tier=SMALL   latency=8.6 ms  R=0.349  target=0.25  dets=4  vru=False  backend=tensorrt
13:48:55  INFO       [adaptive / light] 40/200  tier=SMALL   latency=9.0 ms  R=0.335  target=0.25  dets=7  vru=False  backend=tensorrt
13:48:55  INFO       [adaptive / light] 60/200  tier=SMALL   latency=7.7 ms  R=0.326  target=0.25  dets=2  vru=False  backend=tensorrt
13:48:56  INFO       [adaptive / light] 80/200  tier=SMALL   latency=7.8 ms  R=0.324  target=0.25  dets=2  vru=False  backend=tensorrt
13:48:56  INFO       [adaptive / light] 100/200  tier=SMALL   latency=9.2 ms  R=0.329  target=0.25  dets=8  vru=False  backend=tensorrt
13:48:56  INFO       [adaptive / light] 120/200  tier=SMALL   latency=11.0 ms  R=0.433  target=0.25  dets=16  vru=False  backend=tensorrt
13:48:57  INFO       [adaptive / light] 140/200  tier=SMALL   latency=8.6 ms  R=0.317  target=0.25  dets=6  vru=False  backend=tensorrt
13:48:57  INFO       [adaptive / light] 160/200  tier=SMALL   latency=8.7 ms  R=0.320  target=0.25  dets=6  vru=False  backend=tensorrt
13:48:58  INFO       [adaptive / light] 180/200  tier=SMALL   latency=8.7 ms  R=0.328  target=0.25  dets=5  vru=False  backend=tensorrt
13:48:58  INFO       [adaptive / light] 200/200  tier=SMALL   latency=7.8 ms  R=0.335  target=0.25  dets=2  vru=False  backend=tensorrt
13:48:58  INFO     [RAMS] Controller stopped.
13:48:58  INFO     
--- Block 9/10  Policy: threshold  Load: light (25%) ---
13:48:58  INFO     [RAMS] Starting resource monitor ...
13:48:58  INFO     [RAMS] Loading model tiers ...
WARNING ⚠️ Unable to automatically guess model task, assuming 'task=detect'. Explicitly define task for your model, i.e. 'task=detect', 'segment', 'classify', 'pose', 'obb' or 'semantic'.
Loading yolov8n.engine for TensorRT inference...
[09/09/2026-13:48:58] [TRT] [I] Loaded engine size: 7 MiB
[09/09/2026-13:48:58] [TRT] [I] [MemUsageChange] TensorRT-managed allocation in IExecutionContext creation: CPU +0, GPU +3, now: CPU 0, GPU 9 (MiB)
13:48:58  INFO     [RAMS] YOLOv8-nano ready — TensorRT yolov8n.engine (imgsz=320).
WARNING ⚠️ Unable to automatically guess model task, assuming 'task=detect'. Explicitly define task for your model, i.e. 'task=detect', 'segment', 'classify', 'pose', 'obb' or 'semantic'.
Loading yolov8s.engine for TensorRT inference...
[09/09/2026-13:48:58] [TRT] [I] The logger passed into createInferRuntime differs from one already provided for an existing builder, runtime, or refitter. Uses of the global logger, returned by nvinfer1::getLogger(), will return the existing value.
[09/09/2026-13:48:58] [TRT] [I] Loaded engine size: 23 MiB
[09/09/2026-13:48:58] [TRT] [I] [MemUsageChange] TensorRT-managed allocation in IExecutionContext creation: CPU +1, GPU +7, now: CPU 1, GPU 38 (MiB)
13:48:58  INFO     [RAMS] YOLOv8-small ready — TensorRT yolov8s.engine (imgsz=416).
WARNING ⚠️ Unable to automatically guess model task, assuming 'task=detect'. Explicitly define task for your model, i.e. 'task=detect', 'segment', 'classify', 'pose', 'obb' or 'semantic'.
Loading yolov8m.engine for TensorRT inference...
[09/09/2026-13:48:58] [TRT] [I] The logger passed into createInferRuntime differs from one already provided for an existing builder, runtime, or refitter. Uses of the global logger, returned by nvinfer1::getLogger(), will return the existing value.
[09/09/2026-13:48:58] [TRT] [I] Loaded engine size: 52 MiB
[09/09/2026-13:48:59] [TRT] [I] [MemUsageChange] TensorRT-managed allocation in IExecutionContext creation: CPU +0, GPU +29, now: CPU 1, GPU 117 (MiB)
13:48:59  INFO     [RAMS] YOLOv8-medium ready — TensorRT yolov8m.engine (imgsz=640).
13:48:59  INFO     [RAMS] Controller ready. Policy: threshold
13:49:00  INFO       [threshold / light] 20/200  tier=SMALL   latency=8.4 ms  R=0.326  target=0.25  dets=4  vru=False  backend=tensorrt
13:49:00  INFO       [threshold / light] 40/200  tier=SMALL   latency=9.1 ms  R=0.342  target=0.25  dets=7  vru=False  backend=tensorrt
13:49:01  INFO       [threshold / light] 60/200  tier=SMALL   latency=7.8 ms  R=0.322  target=0.25  dets=2  vru=False  backend=tensorrt
13:49:01  INFO       [threshold / light] 80/200  tier=SMALL   latency=8.6 ms  R=0.296  target=0.25  dets=2  vru=False  backend=tensorrt
13:49:02  INFO       [threshold / light] 100/200  tier=SMALL   latency=10.6 ms  R=0.314  target=0.25  dets=8  vru=False  backend=tensorrt
13:49:02  INFO       [threshold / light] 120/200  tier=SMALL   latency=10.9 ms  R=0.306  target=0.25  dets=16  vru=False  backend=tensorrt
13:49:02  INFO       [threshold / light] 140/200  tier=SMALL   latency=8.8 ms  R=0.330  target=0.25  dets=6  vru=False  backend=tensorrt
13:49:03  INFO       [threshold / light] 160/200  tier=SMALL   latency=8.8 ms  R=0.315  target=0.25  dets=6  vru=False  backend=tensorrt
13:49:03  INFO       [threshold / light] 180/200  tier=SMALL   latency=8.5 ms  R=0.410  target=0.25  dets=5  vru=False  backend=tensorrt
13:49:04  INFO       [threshold / light] 200/200  tier=SMALL   latency=7.8 ms  R=0.335  target=0.25  dets=2  vru=False  backend=tensorrt
13:49:04  INFO     [RAMS] Controller stopped.
13:49:04  INFO     
--- Block 9/10  Policy: fixed_nano  Load: light (25%) ---
13:49:04  INFO     [RAMS] Starting resource monitor ...
13:49:04  INFO     [RAMS] Loading model tiers ...
WARNING ⚠️ Unable to automatically guess model task, assuming 'task=detect'. Explicitly define task for your model, i.e. 'task=detect', 'segment', 'classify', 'pose', 'obb' or 'semantic'.
Loading yolov8n.engine for TensorRT inference...
[09/09/2026-13:49:04] [TRT] [I] Loaded engine size: 7 MiB
[09/09/2026-13:49:04] [TRT] [I] [MemUsageChange] TensorRT-managed allocation in IExecutionContext creation: CPU +0, GPU +3, now: CPU 0, GPU 9 (MiB)
13:49:04  INFO     [RAMS] YOLOv8-nano ready — TensorRT yolov8n.engine (imgsz=320).
WARNING ⚠️ Unable to automatically guess model task, assuming 'task=detect'. Explicitly define task for your model, i.e. 'task=detect', 'segment', 'classify', 'pose', 'obb' or 'semantic'.
Loading yolov8s.engine for TensorRT inference...
[09/09/2026-13:49:04] [TRT] [I] The logger passed into createInferRuntime differs from one already provided for an existing builder, runtime, or refitter. Uses of the global logger, returned by nvinfer1::getLogger(), will return the existing value.
[09/09/2026-13:49:04] [TRT] [I] Loaded engine size: 23 MiB
[09/09/2026-13:49:04] [TRT] [I] [MemUsageChange] TensorRT-managed allocation in IExecutionContext creation: CPU +1, GPU +7, now: CPU 1, GPU 38 (MiB)
13:49:04  INFO     [RAMS] YOLOv8-small ready — TensorRT yolov8s.engine (imgsz=416).
WARNING ⚠️ Unable to automatically guess model task, assuming 'task=detect'. Explicitly define task for your model, i.e. 'task=detect', 'segment', 'classify', 'pose', 'obb' or 'semantic'.
Loading yolov8m.engine for TensorRT inference...
[09/09/2026-13:49:04] [TRT] [I] The logger passed into createInferRuntime differs from one already provided for an existing builder, runtime, or refitter. Uses of the global logger, returned by nvinfer1::getLogger(), will return the existing value.
[09/09/2026-13:49:04] [TRT] [I] Loaded engine size: 52 MiB
[09/09/2026-13:49:04] [TRT] [I] [MemUsageChange] TensorRT-managed allocation in IExecutionContext creation: CPU +0, GPU +29, now: CPU 1, GPU 117 (MiB)
13:49:04  INFO     [RAMS] YOLOv8-medium ready — TensorRT yolov8m.engine (imgsz=640).
13:49:04  INFO     [RAMS] Controller ready. Policy: fixed
13:49:05  INFO     [RAMS] Tier switch: SMALL → NANO  (R=0.314)
13:49:06  INFO       [fixed_nano / light] 20/200  tier=NANO    latency=7.6 ms  R=0.382  target=0.25  dets=3  vru=False  backend=tensorrt
13:49:06  INFO       [fixed_nano / light] 40/200  tier=NANO    latency=7.0 ms  R=0.391  target=0.25  dets=4  vru=False  backend=tensorrt
13:49:06  INFO       [fixed_nano / light] 60/200  tier=NANO    latency=5.0 ms  R=0.469  target=0.25  dets=0  vru=False  backend=tensorrt
13:49:07  INFO       [fixed_nano / light] 80/200  tier=NANO    latency=6.8 ms  R=0.392  target=0.25  dets=3  vru=False  backend=tensorrt
13:49:07  INFO       [fixed_nano / light] 100/200  tier=NANO    latency=7.6 ms  R=0.386  target=0.25  dets=6  vru=False  backend=tensorrt
13:49:07  INFO       [fixed_nano / light] 120/200  tier=NANO    latency=9.7 ms  R=0.422  target=0.25  dets=14  vru=False  backend=tensorrt
13:49:08  INFO       [fixed_nano / light] 140/200  tier=NANO    latency=7.1 ms  R=0.395  target=0.25  dets=4  vru=False  backend=tensorrt
13:49:08  INFO       [fixed_nano / light] 160/200  tier=NANO    latency=8.4 ms  R=0.392  target=0.25  dets=3  vru=False  backend=tensorrt
13:49:09  INFO       [fixed_nano / light] 180/200  tier=NANO    latency=7.2 ms  R=0.390  target=0.25  dets=5  vru=False  backend=tensorrt
13:49:09  INFO       [fixed_nano / light] 200/200  tier=NANO    latency=6.5 ms  R=0.419  target=0.25  dets=1  vru=False  backend=tensorrt
13:49:09  INFO     [RAMS] Controller stopped.
13:49:09  INFO     
--- Block 9/10  Policy: safety  Load: light (25%) ---
13:49:09  INFO     [RAMS] Starting resource monitor ...
13:49:09  INFO     [RAMS] Loading model tiers ...
WARNING ⚠️ Unable to automatically guess model task, assuming 'task=detect'. Explicitly define task for your model, i.e. 'task=detect', 'segment', 'classify', 'pose', 'obb' or 'semantic'.
Loading yolov8n.engine for TensorRT inference...
[09/09/2026-13:49:09] [TRT] [I] Loaded engine size: 7 MiB
[09/09/2026-13:49:09] [TRT] [I] [MemUsageChange] TensorRT-managed allocation in IExecutionContext creation: CPU +0, GPU +3, now: CPU 0, GPU 9 (MiB)
13:49:09  INFO     [RAMS] YOLOv8-nano ready — TensorRT yolov8n.engine (imgsz=320).
WARNING ⚠️ Unable to automatically guess model task, assuming 'task=detect'. Explicitly define task for your model, i.e. 'task=detect', 'segment', 'classify', 'pose', 'obb' or 'semantic'.
Loading yolov8s.engine for TensorRT inference...
[09/09/2026-13:49:09] [TRT] [I] The logger passed into createInferRuntime differs from one already provided for an existing builder, runtime, or refitter. Uses of the global logger, returned by nvinfer1::getLogger(), will return the existing value.
[09/09/2026-13:49:09] [TRT] [I] Loaded engine size: 23 MiB
[09/09/2026-13:49:09] [TRT] [I] [MemUsageChange] TensorRT-managed allocation in IExecutionContext creation: CPU +1, GPU +7, now: CPU 1, GPU 38 (MiB)
13:49:09  INFO     [RAMS] YOLOv8-small ready — TensorRT yolov8s.engine (imgsz=416).
WARNING ⚠️ Unable to automatically guess model task, assuming 'task=detect'. Explicitly define task for your model, i.e. 'task=detect', 'segment', 'classify', 'pose', 'obb' or 'semantic'.
Loading yolov8m.engine for TensorRT inference...
[09/09/2026-13:49:09] [TRT] [I] The logger passed into createInferRuntime differs from one already provided for an existing builder, runtime, or refitter. Uses of the global logger, returned by nvinfer1::getLogger(), will return the existing value.
[09/09/2026-13:49:09] [TRT] [I] Loaded engine size: 52 MiB
[09/09/2026-13:49:09] [TRT] [I] [MemUsageChange] TensorRT-managed allocation in IExecutionContext creation: CPU +0, GPU +29, now: CPU 1, GPU 117 (MiB)
13:49:09  INFO     [RAMS] YOLOv8-medium ready — TensorRT yolov8m.engine (imgsz=640).
13:49:09  INFO     [RAMS] Controller ready. Policy: safety
13:49:11  INFO       [safety / light] 20/200  tier=SMALL   latency=8.3 ms  R=0.328  target=0.25  dets=4  vru=False  backend=tensorrt
13:49:11  INFO       [safety / light] 40/200  tier=SMALL   latency=10.7 ms  R=0.328  target=0.25  dets=7  vru=False  backend=tensorrt
13:49:12  INFO       [safety / light] 60/200  tier=SMALL   latency=7.8 ms  R=0.310  target=0.25  dets=2  vru=False  backend=tensorrt
13:49:12  INFO       [safety / light] 80/200  tier=SMALL   latency=7.8 ms  R=0.310  target=0.25  dets=2  vru=False  backend=tensorrt
13:49:13  INFO       [safety / light] 100/200  tier=SMALL   latency=9.1 ms  R=0.324  target=0.25  dets=8  vru=False  backend=tensorrt
13:49:13  INFO       [safety / light] 120/200  tier=SMALL   latency=10.8 ms  R=0.328  target=0.25  dets=16  vru=False  backend=tensorrt
13:49:13  INFO       [safety / light] 140/200  tier=SMALL   latency=8.8 ms  R=0.390  target=0.25  dets=6  vru=False  backend=tensorrt
13:49:14  INFO       [safety / light] 160/200  tier=SMALL   latency=9.1 ms  R=0.335  target=0.25  dets=6  vru=False  backend=tensorrt
13:49:14  INFO       [safety / light] 180/200  tier=SMALL   latency=11.3 ms  R=0.328  target=0.25  dets=5  vru=False  backend=tensorrt
13:49:15  INFO       [safety / light] 200/200  tier=SMALL   latency=7.8 ms  R=0.324  target=0.25  dets=2  vru=False  backend=tensorrt
13:49:15  INFO     [RAMS] Controller stopped.
13:49:15  INFO     
--- Block 9/10  Policy: predictive  Load: light (25%) ---
13:49:15  INFO     [RAMS] Starting resource monitor ...
13:49:15  INFO     [RAMS] Loading model tiers ...
WARNING ⚠️ Unable to automatically guess model task, assuming 'task=detect'. Explicitly define task for your model, i.e. 'task=detect', 'segment', 'classify', 'pose', 'obb' or 'semantic'.
Loading yolov8n.engine for TensorRT inference...
[09/09/2026-13:49:15] [TRT] [I] Loaded engine size: 7 MiB
[09/09/2026-13:49:15] [TRT] [I] [MemUsageChange] TensorRT-managed allocation in IExecutionContext creation: CPU +0, GPU +3, now: CPU 0, GPU 9 (MiB)
13:49:15  INFO     [RAMS] YOLOv8-nano ready — TensorRT yolov8n.engine (imgsz=320).
WARNING ⚠️ Unable to automatically guess model task, assuming 'task=detect'. Explicitly define task for your model, i.e. 'task=detect', 'segment', 'classify', 'pose', 'obb' or 'semantic'.
Loading yolov8s.engine for TensorRT inference...
[09/09/2026-13:49:15] [TRT] [I] The logger passed into createInferRuntime differs from one already provided for an existing builder, runtime, or refitter. Uses of the global logger, returned by nvinfer1::getLogger(), will return the existing value.
[09/09/2026-13:49:15] [TRT] [I] Loaded engine size: 23 MiB
[09/09/2026-13:49:15] [TRT] [I] [MemUsageChange] TensorRT-managed allocation in IExecutionContext creation: CPU +1, GPU +7, now: CPU 1, GPU 38 (MiB)
13:49:15  INFO     [RAMS] YOLOv8-small ready — TensorRT yolov8s.engine (imgsz=416).
WARNING ⚠️ Unable to automatically guess model task, assuming 'task=detect'. Explicitly define task for your model, i.e. 'task=detect', 'segment', 'classify', 'pose', 'obb' or 'semantic'.
Loading yolov8m.engine for TensorRT inference...
[09/09/2026-13:49:15] [TRT] [I] The logger passed into createInferRuntime differs from one already provided for an existing builder, runtime, or refitter. Uses of the global logger, returned by nvinfer1::getLogger(), will return the existing value.
[09/09/2026-13:49:15] [TRT] [I] Loaded engine size: 52 MiB
[09/09/2026-13:49:15] [TRT] [I] [MemUsageChange] TensorRT-managed allocation in IExecutionContext creation: CPU +0, GPU +29, now: CPU 1, GPU 117 (MiB)
13:49:15  INFO     [RAMS] YOLOv8-medium ready — TensorRT yolov8m.engine (imgsz=640).
13:49:15  INFO     [RAMS] Controller ready. Policy: predictive
13:49:17  INFO       [predictive / light] 20/200  tier=SMALL   latency=8.3 ms  R=0.297  target=0.25  dets=4  vru=False  backend=tensorrt
13:49:17  INFO       [predictive / light] 40/200  tier=SMALL   latency=9.0 ms  R=0.328  target=0.25  dets=7  vru=False  backend=tensorrt
13:49:17  INFO       [predictive / light] 60/200  tier=SMALL   latency=7.8 ms  R=0.412  target=0.25  dets=2  vru=False  backend=tensorrt
13:49:18  INFO       [predictive / light] 80/200  tier=SMALL   latency=7.7 ms  R=0.325  target=0.25  dets=2  vru=False  backend=tensorrt
13:49:18  INFO       [predictive / light] 100/200  tier=SMALL   latency=9.5 ms  R=0.326  target=0.25  dets=8  vru=False  backend=tensorrt
13:49:19  INFO       [predictive / light] 120/200  tier=SMALL   latency=10.8 ms  R=0.326  target=0.25  dets=16  vru=False  backend=tensorrt
13:49:19  INFO       [predictive / light] 140/200  tier=SMALL   latency=8.6 ms  R=0.326  target=0.25  dets=6  vru=False  backend=tensorrt
13:49:19  INFO       [predictive / light] 160/200  tier=SMALL   latency=8.7 ms  R=0.315  target=0.25  dets=6  vru=False  backend=tensorrt
13:49:20  INFO       [predictive / light] 180/200  tier=SMALL   latency=8.5 ms  R=0.324  target=0.25  dets=5  vru=False  backend=tensorrt
13:49:20  INFO       [predictive / light] 200/200  tier=SMALL   latency=7.8 ms  R=0.328  target=0.25  dets=2  vru=False  backend=tensorrt
13:49:20  INFO     [RAMS] Controller stopped.
13:49:20  INFO     
--- Block 9/10  Policy: fixed_small  Load: light (25%) ---
13:49:20  INFO     [RAMS] Starting resource monitor ...
13:49:20  INFO     [RAMS] Loading model tiers ...
WARNING ⚠️ Unable to automatically guess model task, assuming 'task=detect'. Explicitly define task for your model, i.e. 'task=detect', 'segment', 'classify', 'pose', 'obb' or 'semantic'.
Loading yolov8n.engine for TensorRT inference...
[09/09/2026-13:49:20] [TRT] [I] Loaded engine size: 7 MiB
[09/09/2026-13:49:21] [TRT] [I] [MemUsageChange] TensorRT-managed allocation in IExecutionContext creation: CPU +0, GPU +3, now: CPU 0, GPU 9 (MiB)
13:49:21  INFO     [RAMS] YOLOv8-nano ready — TensorRT yolov8n.engine (imgsz=320).
WARNING ⚠️ Unable to automatically guess model task, assuming 'task=detect'. Explicitly define task for your model, i.e. 'task=detect', 'segment', 'classify', 'pose', 'obb' or 'semantic'.
Loading yolov8s.engine for TensorRT inference...
[09/09/2026-13:49:21] [TRT] [I] The logger passed into createInferRuntime differs from one already provided for an existing builder, runtime, or refitter. Uses of the global logger, returned by nvinfer1::getLogger(), will return the existing value.
[09/09/2026-13:49:21] [TRT] [I] Loaded engine size: 23 MiB
[09/09/2026-13:49:21] [TRT] [I] [MemUsageChange] TensorRT-managed allocation in IExecutionContext creation: CPU +1, GPU +7, now: CPU 1, GPU 38 (MiB)
13:49:21  INFO     [RAMS] YOLOv8-small ready — TensorRT yolov8s.engine (imgsz=416).
WARNING ⚠️ Unable to automatically guess model task, assuming 'task=detect'. Explicitly define task for your model, i.e. 'task=detect', 'segment', 'classify', 'pose', 'obb' or 'semantic'.
Loading yolov8m.engine for TensorRT inference...
[09/09/2026-13:49:21] [TRT] [I] The logger passed into createInferRuntime differs from one already provided for an existing builder, runtime, or refitter. Uses of the global logger, returned by nvinfer1::getLogger(), will return the existing value.
[09/09/2026-13:49:21] [TRT] [I] Loaded engine size: 52 MiB
[09/09/2026-13:49:21] [TRT] [I] [MemUsageChange] TensorRT-managed allocation in IExecutionContext creation: CPU +0, GPU +29, now: CPU 1, GPU 117 (MiB)
13:49:21  INFO     [RAMS] YOLOv8-medium ready — TensorRT yolov8m.engine (imgsz=640).
13:49:21  INFO     [RAMS] Controller ready. Policy: fixed
13:49:22  INFO       [fixed_small / light] 20/200  tier=SMALL   latency=8.2 ms  R=0.320  target=0.25  dets=4  vru=False  backend=tensorrt
13:49:23  INFO       [fixed_small / light] 40/200  tier=SMALL   latency=8.9 ms  R=0.324  target=0.25  dets=7  vru=False  backend=tensorrt
13:49:23  INFO       [fixed_small / light] 60/200  tier=SMALL   latency=7.7 ms  R=0.310  target=0.25  dets=2  vru=False  backend=tensorrt
13:49:23  INFO       [fixed_small / light] 80/200  tier=SMALL   latency=7.8 ms  R=0.372  target=0.25  dets=2  vru=False  backend=tensorrt
13:49:24  INFO       [fixed_small / light] 100/200  tier=SMALL   latency=9.1 ms  R=0.296  target=0.25  dets=8  vru=False  backend=tensorrt
13:49:24  INFO       [fixed_small / light] 120/200  tier=SMALL   latency=12.8 ms  R=0.326  target=0.25  dets=16  vru=False  backend=tensorrt
13:49:25  INFO       [fixed_small / light] 140/200  tier=SMALL   latency=8.6 ms  R=0.328  target=0.25  dets=6  vru=False  backend=tensorrt
13:49:25  INFO       [fixed_small / light] 160/200  tier=SMALL   latency=8.7 ms  R=0.328  target=0.25  dets=6  vru=False  backend=tensorrt
13:49:25  INFO       [fixed_small / light] 180/200  tier=SMALL   latency=8.6 ms  R=0.390  target=0.25  dets=5  vru=False  backend=tensorrt
13:49:26  INFO       [fixed_small / light] 200/200  tier=SMALL   latency=8.9 ms  R=0.431  target=0.25  dets=2  vru=False  backend=tensorrt
13:49:26  INFO     [RAMS] Controller stopped.
13:49:26  INFO     
--- Block 9/10  Policy: safety2  Load: light (25%) ---
13:49:26  INFO     [RAMS] Starting resource monitor ...
13:49:26  INFO     [RAMS] Loading model tiers ...
WARNING ⚠️ Unable to automatically guess model task, assuming 'task=detect'. Explicitly define task for your model, i.e. 'task=detect', 'segment', 'classify', 'pose', 'obb' or 'semantic'.
Loading yolov8n.engine for TensorRT inference...
[09/09/2026-13:49:26] [TRT] [I] Loaded engine size: 7 MiB
[09/09/2026-13:49:26] [TRT] [I] [MemUsageChange] TensorRT-managed allocation in IExecutionContext creation: CPU +0, GPU +3, now: CPU 0, GPU 9 (MiB)
13:49:26  INFO     [RAMS] YOLOv8-nano ready — TensorRT yolov8n.engine (imgsz=320).
WARNING ⚠️ Unable to automatically guess model task, assuming 'task=detect'. Explicitly define task for your model, i.e. 'task=detect', 'segment', 'classify', 'pose', 'obb' or 'semantic'.
Loading yolov8s.engine for TensorRT inference...
[09/09/2026-13:49:26] [TRT] [I] The logger passed into createInferRuntime differs from one already provided for an existing builder, runtime, or refitter. Uses of the global logger, returned by nvinfer1::getLogger(), will return the existing value.
[09/09/2026-13:49:26] [TRT] [I] Loaded engine size: 23 MiB
[09/09/2026-13:49:26] [TRT] [I] [MemUsageChange] TensorRT-managed allocation in IExecutionContext creation: CPU +1, GPU +7, now: CPU 1, GPU 38 (MiB)
13:49:26  INFO     [RAMS] YOLOv8-small ready — TensorRT yolov8s.engine (imgsz=416).
WARNING ⚠️ Unable to automatically guess model task, assuming 'task=detect'. Explicitly define task for your model, i.e. 'task=detect', 'segment', 'classify', 'pose', 'obb' or 'semantic'.
Loading yolov8m.engine for TensorRT inference...
[09/09/2026-13:49:26] [TRT] [I] The logger passed into createInferRuntime differs from one already provided for an existing builder, runtime, or refitter. Uses of the global logger, returned by nvinfer1::getLogger(), will return the existing value.
[09/09/2026-13:49:26] [TRT] [I] Loaded engine size: 52 MiB
[09/09/2026-13:49:26] [TRT] [I] [MemUsageChange] TensorRT-managed allocation in IExecutionContext creation: CPU +0, GPU +29, now: CPU 1, GPU 117 (MiB)
13:49:26  INFO     [RAMS] YOLOv8-medium ready — TensorRT yolov8m.engine (imgsz=640).
13:49:26  INFO     [RAMS] Controller ready. Policy: safety2
13:49:28  INFO     [RAMS] Tier switch: SMALL → MEDIUM  (R=0.375)
13:49:28  INFO       [safety2 / light] 20/200  tier=MEDIUM  latency=14.5 ms  R=0.431  target=0.25  dets=4  vru=False  backend=tensorrt
13:49:28  INFO     [RAMS] Tier switch: MEDIUM → SMALL  (R=0.404)
13:49:28  INFO       [safety2 / light] 40/200  tier=SMALL   latency=9.2 ms  R=0.394  target=0.25  dets=7  vru=False  backend=tensorrt
13:49:29  INFO     [RAMS] Tier switch: SMALL → MEDIUM  (R=0.378)
13:49:29  INFO       [safety2 / light] 60/200  tier=MEDIUM  latency=15.0 ms  R=0.395  target=0.25  dets=6  vru=False  backend=tensorrt
13:49:29  INFO     [RAMS] Tier switch: MEDIUM → SMALL  (R=0.369)
13:49:29  INFO     [RAMS] Tier switch: SMALL → MEDIUM  (R=0.528)
13:49:29  INFO       [safety2 / light] 80/200  tier=MEDIUM  latency=14.3 ms  R=0.527  target=0.25  dets=3  vru=False  backend=tensorrt
13:49:30  INFO       [safety2 / light] 100/200  tier=MEDIUM  latency=17.8 ms  R=0.421  target=0.25  dets=16  vru=False  backend=tensorrt
13:49:30  INFO     [RAMS] Tier switch: MEDIUM → SMALL  (R=0.424)
13:49:30  INFO     [RAMS] Tier switch: SMALL → MEDIUM  (R=0.516)
13:49:30  INFO       [safety2 / light] 120/200  tier=MEDIUM  latency=18.3 ms  R=0.418  target=0.25  dets=21  vru=False  backend=tensorrt
13:49:31  INFO     [RAMS] Tier switch: MEDIUM → SMALL  (R=0.388)
13:49:31  INFO     [RAMS] Tier switch: SMALL → MEDIUM  (R=0.363)
13:49:31  INFO       [safety2 / light] 140/200  tier=MEDIUM  latency=16.1 ms  R=0.395  target=0.25  dets=13  vru=False  backend=tensorrt
13:49:31  INFO     [RAMS] Tier switch: MEDIUM → SMALL  (R=0.350)
13:49:31  INFO     [RAMS] Tier switch: SMALL → MEDIUM  (R=0.308)
13:49:32  INFO       [safety2 / light] 160/200  tier=MEDIUM  latency=15.2 ms  R=0.308  target=0.25  dets=8  vru=False  backend=tensorrt
13:49:32  INFO     [RAMS] Tier switch: MEDIUM → SMALL  (R=0.340)
13:49:32  INFO       [safety2 / light] 180/200  tier=SMALL   latency=8.7 ms  R=0.340  target=0.25  dets=5  vru=False  backend=tensorrt
13:49:32  INFO     [RAMS] Tier switch: SMALL → MEDIUM  (R=0.340)
13:49:33  INFO       [safety2 / light] 200/200  tier=MEDIUM  latency=14.1 ms  R=0.376  target=0.25  dets=2  vru=False  backend=tensorrt
13:49:33  INFO     [RAMS] Controller stopped.
13:49:33  INFO     
--- Block 10/10  Policy: threshold  Load: light (25%) ---
13:49:33  INFO     [RAMS] Starting resource monitor ...
13:49:33  INFO     [RAMS] Loading model tiers ...
WARNING ⚠️ Unable to automatically guess model task, assuming 'task=detect'. Explicitly define task for your model, i.e. 'task=detect', 'segment', 'classify', 'pose', 'obb' or 'semantic'.
Loading yolov8n.engine for TensorRT inference...
[09/09/2026-13:49:33] [TRT] [I] Loaded engine size: 7 MiB
[09/09/2026-13:49:33] [TRT] [I] [MemUsageChange] TensorRT-managed allocation in IExecutionContext creation: CPU +0, GPU +3, now: CPU 0, GPU 9 (MiB)
13:49:33  INFO     [RAMS] YOLOv8-nano ready — TensorRT yolov8n.engine (imgsz=320).
WARNING ⚠️ Unable to automatically guess model task, assuming 'task=detect'. Explicitly define task for your model, i.e. 'task=detect', 'segment', 'classify', 'pose', 'obb' or 'semantic'.
Loading yolov8s.engine for TensorRT inference...
[09/09/2026-13:49:33] [TRT] [I] The logger passed into createInferRuntime differs from one already provided for an existing builder, runtime, or refitter. Uses of the global logger, returned by nvinfer1::getLogger(), will return the existing value.
[09/09/2026-13:49:33] [TRT] [I] Loaded engine size: 23 MiB
[09/09/2026-13:49:33] [TRT] [I] [MemUsageChange] TensorRT-managed allocation in IExecutionContext creation: CPU +1, GPU +7, now: CPU 1, GPU 38 (MiB)
13:49:33  INFO     [RAMS] YOLOv8-small ready — TensorRT yolov8s.engine (imgsz=416).
WARNING ⚠️ Unable to automatically guess model task, assuming 'task=detect'. Explicitly define task for your model, i.e. 'task=detect', 'segment', 'classify', 'pose', 'obb' or 'semantic'.
Loading yolov8m.engine for TensorRT inference...
[09/09/2026-13:49:33] [TRT] [I] The logger passed into createInferRuntime differs from one already provided for an existing builder, runtime, or refitter. Uses of the global logger, returned by nvinfer1::getLogger(), will return the existing value.
[09/09/2026-13:49:33] [TRT] [I] Loaded engine size: 52 MiB
[09/09/2026-13:49:33] [TRT] [I] [MemUsageChange] TensorRT-managed allocation in IExecutionContext creation: CPU +0, GPU +29, now: CPU 1, GPU 117 (MiB)
13:49:33  INFO     [RAMS] YOLOv8-medium ready — TensorRT yolov8m.engine (imgsz=640).
13:49:33  INFO     [RAMS] Controller ready. Policy: threshold
13:49:34  INFO       [threshold / light] 20/200  tier=SMALL   latency=9.6 ms  R=0.304  target=0.25  dets=10  vru=False  backend=tensorrt
13:49:35  INFO       [threshold / light] 40/200  tier=SMALL   latency=7.9 ms  R=0.322  target=0.25  dets=3  vru=False  backend=tensorrt
13:49:35  INFO       [threshold / light] 60/200  tier=SMALL   latency=6.8 ms  R=0.314  target=0.25  dets=0  vru=False  backend=tensorrt
13:49:36  INFO       [threshold / light] 80/200  tier=SMALL   latency=8.1 ms  R=0.319  target=0.25  dets=4  vru=True  backend=tensorrt
13:49:36  INFO       [threshold / light] 100/200  tier=SMALL   latency=8.9 ms  R=0.321  target=0.25  dets=7  vru=False  backend=tensorrt
13:49:36  INFO       [threshold / light] 120/200  tier=SMALL   latency=8.9 ms  R=0.308  target=0.25  dets=7  vru=False  backend=tensorrt
13:49:37  INFO       [threshold / light] 140/200  tier=SMALL   latency=9.2 ms  R=0.320  target=0.25  dets=9  vru=False  backend=tensorrt
13:49:37  INFO       [threshold / light] 160/200  tier=SMALL   latency=13.0 ms  R=0.404  target=0.25  dets=14  vru=False  backend=tensorrt
13:49:38  INFO       [threshold / light] 180/200  tier=SMALL   latency=10.5 ms  R=0.326  target=0.25  dets=15  vru=True  backend=tensorrt
13:49:38  INFO       [threshold / light] 200/200  tier=SMALL   latency=7.8 ms  R=0.306  target=0.25  dets=2  vru=False  backend=tensorrt
13:49:38  INFO     [RAMS] Controller stopped.
13:49:38  INFO     
--- Block 10/10  Policy: adaptive  Load: light (25%) ---
13:49:38  INFO     [RAMS] Starting resource monitor ...
13:49:38  INFO     [RAMS] Loading model tiers ...
WARNING ⚠️ Unable to automatically guess model task, assuming 'task=detect'. Explicitly define task for your model, i.e. 'task=detect', 'segment', 'classify', 'pose', 'obb' or 'semantic'.
Loading yolov8n.engine for TensorRT inference...
[09/09/2026-13:49:38] [TRT] [I] Loaded engine size: 7 MiB
[09/09/2026-13:49:38] [TRT] [I] [MemUsageChange] TensorRT-managed allocation in IExecutionContext creation: CPU +0, GPU +3, now: CPU 0, GPU 9 (MiB)
13:49:38  INFO     [RAMS] YOLOv8-nano ready — TensorRT yolov8n.engine (imgsz=320).
WARNING ⚠️ Unable to automatically guess model task, assuming 'task=detect'. Explicitly define task for your model, i.e. 'task=detect', 'segment', 'classify', 'pose', 'obb' or 'semantic'.
Loading yolov8s.engine for TensorRT inference...
[09/09/2026-13:49:38] [TRT] [I] The logger passed into createInferRuntime differs from one already provided for an existing builder, runtime, or refitter. Uses of the global logger, returned by nvinfer1::getLogger(), will return the existing value.
[09/09/2026-13:49:38] [TRT] [I] Loaded engine size: 23 MiB
[09/09/2026-13:49:38] [TRT] [I] [MemUsageChange] TensorRT-managed allocation in IExecutionContext creation: CPU +1, GPU +7, now: CPU 1, GPU 38 (MiB)
13:49:38  INFO     [RAMS] YOLOv8-small ready — TensorRT yolov8s.engine (imgsz=416).
WARNING ⚠️ Unable to automatically guess model task, assuming 'task=detect'. Explicitly define task for your model, i.e. 'task=detect', 'segment', 'classify', 'pose', 'obb' or 'semantic'.
Loading yolov8m.engine for TensorRT inference...
[09/09/2026-13:49:38] [TRT] [I] The logger passed into createInferRuntime differs from one already provided for an existing builder, runtime, or refitter. Uses of the global logger, returned by nvinfer1::getLogger(), will return the existing value.
[09/09/2026-13:49:39] [TRT] [I] Loaded engine size: 52 MiB
[09/09/2026-13:49:39] [TRT] [I] [MemUsageChange] TensorRT-managed allocation in IExecutionContext creation: CPU +0, GPU +29, now: CPU 1, GPU 117 (MiB)
13:49:39  INFO     [RAMS] YOLOv8-medium ready — TensorRT yolov8m.engine (imgsz=640).
13:49:39  INFO     [RAMS] Controller ready. Policy: adaptive
13:49:40  INFO       [adaptive / light] 20/200  tier=SMALL   latency=9.6 ms  R=0.331  target=0.25  dets=10  vru=False  backend=tensorrt
13:49:40  INFO       [adaptive / light] 40/200  tier=SMALL   latency=8.0 ms  R=0.336  target=0.25  dets=3  vru=False  backend=tensorrt
13:49:41  INFO       [adaptive / light] 60/200  tier=SMALL   latency=5.8 ms  R=0.318  target=0.25  dets=0  vru=False  backend=tensorrt
13:49:41  INFO       [adaptive / light] 80/200  tier=SMALL   latency=8.7 ms  R=0.330  target=0.25  dets=4  vru=True  backend=tensorrt
13:49:42  INFO       [adaptive / light] 100/200  tier=SMALL   latency=8.8 ms  R=0.328  target=0.25  dets=7  vru=False  backend=tensorrt
13:49:42  INFO       [adaptive / light] 120/200  tier=SMALL   latency=8.9 ms  R=0.314  target=0.25  dets=7  vru=False  backend=tensorrt
13:49:43  INFO       [adaptive / light] 140/200  tier=SMALL   latency=9.3 ms  R=0.331  target=0.25  dets=9  vru=False  backend=tensorrt
13:49:43  INFO       [adaptive / light] 160/200  tier=SMALL   latency=10.3 ms  R=0.316  target=0.25  dets=14  vru=False  backend=tensorrt
13:49:43  INFO       [adaptive / light] 180/200  tier=SMALL   latency=10.7 ms  R=0.379  target=0.25  dets=15  vru=True  backend=tensorrt
13:49:44  INFO       [adaptive / light] 200/200  tier=SMALL   latency=8.6 ms  R=0.332  target=0.25  dets=2  vru=False  backend=tensorrt
13:49:44  INFO     [RAMS] Controller stopped.
13:49:44  INFO     
--- Block 10/10  Policy: fixed_small  Load: light (25%) ---
13:49:44  INFO     [RAMS] Starting resource monitor ...
13:49:44  INFO     [RAMS] Loading model tiers ...
WARNING ⚠️ Unable to automatically guess model task, assuming 'task=detect'. Explicitly define task for your model, i.e. 'task=detect', 'segment', 'classify', 'pose', 'obb' or 'semantic'.
Loading yolov8n.engine for TensorRT inference...
[09/09/2026-13:49:44] [TRT] [I] Loaded engine size: 7 MiB
[09/09/2026-13:49:44] [TRT] [I] [MemUsageChange] TensorRT-managed allocation in IExecutionContext creation: CPU +0, GPU +3, now: CPU 0, GPU 9 (MiB)
13:49:44  INFO     [RAMS] YOLOv8-nano ready — TensorRT yolov8n.engine (imgsz=320).
WARNING ⚠️ Unable to automatically guess model task, assuming 'task=detect'. Explicitly define task for your model, i.e. 'task=detect', 'segment', 'classify', 'pose', 'obb' or 'semantic'.
Loading yolov8s.engine for TensorRT inference...
[09/09/2026-13:49:44] [TRT] [I] The logger passed into createInferRuntime differs from one already provided for an existing builder, runtime, or refitter. Uses of the global logger, returned by nvinfer1::getLogger(), will return the existing value.
[09/09/2026-13:49:44] [TRT] [I] Loaded engine size: 23 MiB
[09/09/2026-13:49:44] [TRT] [I] [MemUsageChange] TensorRT-managed allocation in IExecutionContext creation: CPU +1, GPU +7, now: CPU 1, GPU 38 (MiB)
13:49:44  INFO     [RAMS] YOLOv8-small ready — TensorRT yolov8s.engine (imgsz=416).
WARNING ⚠️ Unable to automatically guess model task, assuming 'task=detect'. Explicitly define task for your model, i.e. 'task=detect', 'segment', 'classify', 'pose', 'obb' or 'semantic'.
Loading yolov8m.engine for TensorRT inference...
[09/09/2026-13:49:44] [TRT] [I] The logger passed into createInferRuntime differs from one already provided for an existing builder, runtime, or refitter. Uses of the global logger, returned by nvinfer1::getLogger(), will return the existing value.
[09/09/2026-13:49:44] [TRT] [I] Loaded engine size: 52 MiB
[09/09/2026-13:49:44] [TRT] [I] [MemUsageChange] TensorRT-managed allocation in IExecutionContext creation: CPU +0, GPU +29, now: CPU 1, GPU 117 (MiB)
13:49:44  INFO     [RAMS] YOLOv8-medium ready — TensorRT yolov8m.engine (imgsz=640).
13:49:44  INFO     [RAMS] Controller ready. Policy: fixed
13:49:46  INFO       [fixed_small / light] 20/200  tier=SMALL   latency=9.6 ms  R=0.340  target=0.25  dets=10  vru=False  backend=tensorrt
13:49:46  INFO       [fixed_small / light] 40/200  tier=SMALL   latency=8.0 ms  R=0.342  target=0.25  dets=3  vru=False  backend=tensorrt
13:49:46  INFO       [fixed_small / light] 60/200  tier=SMALL   latency=7.2 ms  R=0.428  target=0.25  dets=0  vru=False  backend=tensorrt
13:49:47  INFO       [fixed_small / light] 80/200  tier=SMALL   latency=9.9 ms  R=0.445  target=0.25  dets=4  vru=True  backend=tensorrt
13:49:47  INFO       [fixed_small / light] 100/200  tier=SMALL   latency=9.8 ms  R=0.466  target=0.25  dets=7  vru=False  backend=tensorrt
13:49:48  INFO       [fixed_small / light] 120/200  tier=SMALL   latency=9.7 ms  R=0.399  target=0.25  dets=7  vru=False  backend=tensorrt
13:49:48  INFO       [fixed_small / light] 140/200  tier=SMALL   latency=9.9 ms  R=0.384  target=0.25  dets=9  vru=False  backend=tensorrt
13:49:49  INFO       [fixed_small / light] 160/200  tier=SMALL   latency=10.8 ms  R=0.419  target=0.25  dets=14  vru=False  backend=tensorrt
13:49:49  INFO       [fixed_small / light] 180/200  tier=SMALL   latency=10.8 ms  R=0.405  target=0.25  dets=15  vru=True  backend=tensorrt
13:49:49  INFO       [fixed_small / light] 200/200  tier=SMALL   latency=8.0 ms  R=0.379  target=0.25  dets=2  vru=False  backend=tensorrt
13:49:50  INFO     [RAMS] Controller stopped.
13:49:50  INFO     
--- Block 10/10  Policy: fixed_medium  Load: light (25%) ---
13:49:50  INFO     [RAMS] Starting resource monitor ...
13:49:50  INFO     [RAMS] Loading model tiers ...
WARNING ⚠️ Unable to automatically guess model task, assuming 'task=detect'. Explicitly define task for your model, i.e. 'task=detect', 'segment', 'classify', 'pose', 'obb' or 'semantic'.
Loading yolov8n.engine for TensorRT inference...
[09/09/2026-13:49:50] [TRT] [I] Loaded engine size: 7 MiB
[09/09/2026-13:49:50] [TRT] [I] [MemUsageChange] TensorRT-managed allocation in IExecutionContext creation: CPU +0, GPU +3, now: CPU 0, GPU 9 (MiB)
13:49:50  INFO     [RAMS] YOLOv8-nano ready — TensorRT yolov8n.engine (imgsz=320).
WARNING ⚠️ Unable to automatically guess model task, assuming 'task=detect'. Explicitly define task for your model, i.e. 'task=detect', 'segment', 'classify', 'pose', 'obb' or 'semantic'.
Loading yolov8s.engine for TensorRT inference...
[09/09/2026-13:49:50] [TRT] [I] The logger passed into createInferRuntime differs from one already provided for an existing builder, runtime, or refitter. Uses of the global logger, returned by nvinfer1::getLogger(), will return the existing value.
[09/09/2026-13:49:50] [TRT] [I] Loaded engine size: 23 MiB
[09/09/2026-13:49:50] [TRT] [I] [MemUsageChange] TensorRT-managed allocation in IExecutionContext creation: CPU +1, GPU +7, now: CPU 1, GPU 38 (MiB)
13:49:50  INFO     [RAMS] YOLOv8-small ready — TensorRT yolov8s.engine (imgsz=416).
WARNING ⚠️ Unable to automatically guess model task, assuming 'task=detect'. Explicitly define task for your model, i.e. 'task=detect', 'segment', 'classify', 'pose', 'obb' or 'semantic'.
Loading yolov8m.engine for TensorRT inference...
[09/09/2026-13:49:50] [TRT] [I] The logger passed into createInferRuntime differs from one already provided for an existing builder, runtime, or refitter. Uses of the global logger, returned by nvinfer1::getLogger(), will return the existing value.
[09/09/2026-13:49:50] [TRT] [I] Loaded engine size: 52 MiB
[09/09/2026-13:49:50] [TRT] [I] [MemUsageChange] TensorRT-managed allocation in IExecutionContext creation: CPU +0, GPU +29, now: CPU 1, GPU 117 (MiB)
13:49:50  INFO     [RAMS] YOLOv8-medium ready — TensorRT yolov8m.engine (imgsz=640).
13:49:50  INFO     [RAMS] Controller ready. Policy: fixed
13:49:51  INFO     [RAMS] Tier switch: SMALL → MEDIUM  (R=0.309)
13:49:51  INFO       [fixed_medium / light] 20/200  tier=MEDIUM  latency=15.7 ms  R=0.534  target=0.25  dets=10  vru=False  backend=tensorrt
13:49:52  INFO       [fixed_medium / light] 40/200  tier=MEDIUM  latency=15.7 ms  R=0.437  target=0.25  dets=8  vru=False  backend=tensorrt
13:49:53  INFO       [fixed_medium / light] 60/200  tier=MEDIUM  latency=14.9 ms  R=0.472  target=0.25  dets=6  vru=False  backend=tensorrt
13:49:53  INFO       [fixed_medium / light] 80/200  tier=MEDIUM  latency=14.4 ms  R=0.336  target=0.25  dets=4  vru=False  backend=tensorrt
13:49:54  INFO       [fixed_medium / light] 100/200  tier=MEDIUM  latency=14.6 ms  R=0.371  target=0.25  dets=5  vru=False  backend=tensorrt
13:49:54  INFO       [fixed_medium / light] 120/200  tier=MEDIUM  latency=15.2 ms  R=0.371  target=0.25  dets=8  vru=False  backend=tensorrt
13:49:55  INFO       [fixed_medium / light] 140/200  tier=MEDIUM  latency=15.7 ms  R=0.369  target=0.25  dets=10  vru=True  backend=tensorrt
13:49:55  INFO       [fixed_medium / light] 160/200  tier=MEDIUM  latency=16.7 ms  R=0.398  target=0.25  dets=14  vru=False  backend=tensorrt
13:49:56  INFO       [fixed_medium / light] 180/200  tier=MEDIUM  latency=17.2 ms  R=0.317  target=0.25  dets=18  vru=True  backend=tensorrt
13:49:56  INFO       [fixed_medium / light] 200/200  tier=MEDIUM  latency=14.0 ms  R=0.442  target=0.25  dets=2  vru=False  backend=tensorrt
13:49:57  INFO     [RAMS] Controller stopped.
13:49:57  INFO     
--- Block 10/10  Policy: fixed_nano  Load: light (25%) ---
13:49:57  INFO     [RAMS] Starting resource monitor ...
13:49:57  INFO     [RAMS] Loading model tiers ...
WARNING ⚠️ Unable to automatically guess model task, assuming 'task=detect'. Explicitly define task for your model, i.e. 'task=detect', 'segment', 'classify', 'pose', 'obb' or 'semantic'.
Loading yolov8n.engine for TensorRT inference...
[09/09/2026-13:49:57] [TRT] [I] Loaded engine size: 7 MiB
[09/09/2026-13:49:57] [TRT] [I] [MemUsageChange] TensorRT-managed allocation in IExecutionContext creation: CPU +0, GPU +3, now: CPU 0, GPU 9 (MiB)
13:49:57  INFO     [RAMS] YOLOv8-nano ready — TensorRT yolov8n.engine (imgsz=320).
WARNING ⚠️ Unable to automatically guess model task, assuming 'task=detect'. Explicitly define task for your model, i.e. 'task=detect', 'segment', 'classify', 'pose', 'obb' or 'semantic'.
Loading yolov8s.engine for TensorRT inference...
[09/09/2026-13:49:57] [TRT] [I] The logger passed into createInferRuntime differs from one already provided for an existing builder, runtime, or refitter. Uses of the global logger, returned by nvinfer1::getLogger(), will return the existing value.
[09/09/2026-13:49:57] [TRT] [I] Loaded engine size: 23 MiB
[09/09/2026-13:49:57] [TRT] [I] [MemUsageChange] TensorRT-managed allocation in IExecutionContext creation: CPU +1, GPU +7, now: CPU 1, GPU 38 (MiB)
13:49:57  INFO     [RAMS] YOLOv8-small ready — TensorRT yolov8s.engine (imgsz=416).
WARNING ⚠️ Unable to automatically guess model task, assuming 'task=detect'. Explicitly define task for your model, i.e. 'task=detect', 'segment', 'classify', 'pose', 'obb' or 'semantic'.
Loading yolov8m.engine for TensorRT inference...
[09/09/2026-13:49:57] [TRT] [I] The logger passed into createInferRuntime differs from one already provided for an existing builder, runtime, or refitter. Uses of the global logger, returned by nvinfer1::getLogger(), will return the existing value.
[09/09/2026-13:49:57] [TRT] [I] Loaded engine size: 52 MiB
[09/09/2026-13:49:57] [TRT] [I] [MemUsageChange] TensorRT-managed allocation in IExecutionContext creation: CPU +0, GPU +29, now: CPU 1, GPU 117 (MiB)
13:49:57  INFO     [RAMS] YOLOv8-medium ready — TensorRT yolov8m.engine (imgsz=640).
13:49:57  INFO     [RAMS] Controller ready. Policy: fixed
13:49:58  INFO     [RAMS] Tier switch: SMALL → NANO  (R=0.248)
13:49:58  INFO       [fixed_nano / light] 20/200  tier=NANO    latency=8.4 ms  R=0.321  target=0.25  dets=4  vru=False  backend=tensorrt
13:49:59  INFO       [fixed_nano / light] 40/200  tier=NANO    latency=6.5 ms  R=0.314  target=0.25  dets=2  vru=False  backend=tensorrt
13:49:59  INFO       [fixed_nano / light] 60/200  tier=NANO    latency=4.6 ms  R=0.309  target=0.25  dets=0  vru=False  backend=tensorrt
13:49:59  INFO       [fixed_nano / light] 80/200  tier=NANO    latency=6.5 ms  R=0.366  target=0.25  dets=2  vru=False  backend=tensorrt
13:50:00  INFO       [fixed_nano / light] 100/200  tier=NANO    latency=7.3 ms  R=0.338  target=0.25  dets=6  vru=False  backend=tensorrt
13:50:00  INFO       [fixed_nano / light] 120/200  tier=NANO    latency=7.1 ms  R=0.332  target=0.25  dets=5  vru=False  backend=tensorrt
13:50:00  INFO       [fixed_nano / light] 140/200  tier=NANO    latency=6.2 ms  R=0.322  target=0.25  dets=1  vru=False  backend=tensorrt
13:50:01  INFO       [fixed_nano / light] 160/200  tier=NANO    latency=7.9 ms  R=0.322  target=0.25  dets=9  vru=False  backend=tensorrt
13:50:01  INFO       [fixed_nano / light] 180/200  tier=NANO    latency=10.1 ms  R=0.355  target=0.25  dets=8  vru=False  backend=tensorrt
13:50:02  INFO       [fixed_nano / light] 200/200  tier=NANO    latency=4.6 ms  R=0.321  target=0.25  dets=0  vru=False  backend=tensorrt
13:50:02  INFO     [RAMS] Controller stopped.
13:50:02  INFO     
--- Block 10/10  Policy: safety2  Load: light (25%) ---
13:50:02  INFO     [RAMS] Starting resource monitor ...
13:50:02  INFO     [RAMS] Loading model tiers ...
WARNING ⚠️ Unable to automatically guess model task, assuming 'task=detect'. Explicitly define task for your model, i.e. 'task=detect', 'segment', 'classify', 'pose', 'obb' or 'semantic'.
Loading yolov8n.engine for TensorRT inference...
[09/09/2026-13:50:02] [TRT] [I] Loaded engine size: 7 MiB
[09/09/2026-13:50:02] [TRT] [I] [MemUsageChange] TensorRT-managed allocation in IExecutionContext creation: CPU +0, GPU +3, now: CPU 0, GPU 9 (MiB)
13:50:02  INFO     [RAMS] YOLOv8-nano ready — TensorRT yolov8n.engine (imgsz=320).
WARNING ⚠️ Unable to automatically guess model task, assuming 'task=detect'. Explicitly define task for your model, i.e. 'task=detect', 'segment', 'classify', 'pose', 'obb' or 'semantic'.
Loading yolov8s.engine for TensorRT inference...
[09/09/2026-13:50:02] [TRT] [I] The logger passed into createInferRuntime differs from one already provided for an existing builder, runtime, or refitter. Uses of the global logger, returned by nvinfer1::getLogger(), will return the existing value.
[09/09/2026-13:50:02] [TRT] [I] Loaded engine size: 23 MiB
[09/09/2026-13:50:02] [TRT] [I] [MemUsageChange] TensorRT-managed allocation in IExecutionContext creation: CPU +1, GPU +7, now: CPU 1, GPU 38 (MiB)
13:50:02  INFO     [RAMS] YOLOv8-small ready — TensorRT yolov8s.engine (imgsz=416).
WARNING ⚠️ Unable to automatically guess model task, assuming 'task=detect'. Explicitly define task for your model, i.e. 'task=detect', 'segment', 'classify', 'pose', 'obb' or 'semantic'.
Loading yolov8m.engine for TensorRT inference...
[09/09/2026-13:50:02] [TRT] [I] The logger passed into createInferRuntime differs from one already provided for an existing builder, runtime, or refitter. Uses of the global logger, returned by nvinfer1::getLogger(), will return the existing value.
[09/09/2026-13:50:02] [TRT] [I] Loaded engine size: 52 MiB
[09/09/2026-13:50:02] [TRT] [I] [MemUsageChange] TensorRT-managed allocation in IExecutionContext creation: CPU +0, GPU +29, now: CPU 1, GPU 117 (MiB)
13:50:02  INFO     [RAMS] YOLOv8-medium ready — TensorRT yolov8m.engine (imgsz=640).
13:50:02  INFO     [RAMS] Controller ready. Policy: safety2
13:50:03  INFO       [safety2 / light] 20/200  tier=SMALL   latency=9.5 ms  R=0.319  target=0.25  dets=10  vru=False  backend=tensorrt
13:50:04  INFO     [RAMS] Tier switch: SMALL → MEDIUM  (R=0.322)
13:50:04  INFO       [safety2 / light] 40/200  tier=MEDIUM  latency=15.1 ms  R=0.344  target=0.25  dets=8  vru=False  backend=tensorrt
13:50:04  INFO     [RAMS] Tier switch: MEDIUM → SMALL  (R=0.340)
13:50:04  INFO     [RAMS] Tier switch: SMALL → MEDIUM  (R=0.310)
13:50:05  INFO       [safety2 / light] 60/200  tier=MEDIUM  latency=14.7 ms  R=0.366  target=0.25  dets=6  vru=False  backend=tensorrt
13:50:05  INFO     [RAMS] Tier switch: MEDIUM → SMALL  (R=0.371)
13:50:05  INFO       [safety2 / light] 80/200  tier=SMALL   latency=8.1 ms  R=0.338  target=0.25  dets=4  vru=True  backend=tensorrt
13:50:05  INFO     [RAMS] Tier switch: SMALL → MEDIUM  (R=0.322)
13:50:05  INFO       [safety2 / light] 100/200  tier=MEDIUM  latency=14.7 ms  R=0.400  target=0.25  dets=5  vru=False  backend=tensorrt
13:50:06  INFO     [RAMS] Tier switch: MEDIUM → SMALL  (R=0.369)
13:50:06  INFO     [RAMS] Tier switch: SMALL → MEDIUM  (R=0.324)
13:50:06  INFO       [safety2 / light] 120/200  tier=MEDIUM  latency=15.8 ms  R=0.324  target=0.25  dets=8  vru=False  backend=tensorrt
13:50:06  INFO     [RAMS] Tier switch: MEDIUM → SMALL  (R=0.425)
13:50:06  INFO     [RAMS] Tier switch: SMALL → MEDIUM  (R=0.329)
13:50:06  INFO       [safety2 / light] 140/200  tier=MEDIUM  latency=15.6 ms  R=0.326  target=0.25  dets=10  vru=True  backend=tensorrt
13:50:07  INFO       [safety2 / light] 160/200  tier=MEDIUM  latency=16.6 ms  R=0.298  target=0.25  dets=14  vru=False  backend=tensorrt
13:50:08  INFO       [safety2 / light] 180/200  tier=MEDIUM  latency=17.8 ms  R=0.296  target=0.25  dets=18  vru=True  backend=tensorrt
13:50:08  INFO     [RAMS] Tier switch: MEDIUM → SMALL  (R=0.404)
13:50:08  INFO     [RAMS] Tier switch: SMALL → MEDIUM  (R=0.404)
13:50:08  INFO       [safety2 / light] 200/200  tier=MEDIUM  latency=14.8 ms  R=0.498  target=0.25  dets=2  vru=False  backend=tensorrt
13:50:08  INFO     [RAMS] Controller stopped.
13:50:08  INFO     
--- Block 10/10  Policy: safety  Load: light (25%) ---
13:50:08  INFO     [RAMS] Starting resource monitor ...
13:50:08  INFO     [RAMS] Loading model tiers ...
WARNING ⚠️ Unable to automatically guess model task, assuming 'task=detect'. Explicitly define task for your model, i.e. 'task=detect', 'segment', 'classify', 'pose', 'obb' or 'semantic'.
Loading yolov8n.engine for TensorRT inference...
[09/09/2026-13:50:08] [TRT] [I] Loaded engine size: 7 MiB
[09/09/2026-13:50:08] [TRT] [I] [MemUsageChange] TensorRT-managed allocation in IExecutionContext creation: CPU +0, GPU +3, now: CPU 0, GPU 9 (MiB)
13:50:08  INFO     [RAMS] YOLOv8-nano ready — TensorRT yolov8n.engine (imgsz=320).
WARNING ⚠️ Unable to automatically guess model task, assuming 'task=detect'. Explicitly define task for your model, i.e. 'task=detect', 'segment', 'classify', 'pose', 'obb' or 'semantic'.
Loading yolov8s.engine for TensorRT inference...
[09/09/2026-13:50:08] [TRT] [I] The logger passed into createInferRuntime differs from one already provided for an existing builder, runtime, or refitter. Uses of the global logger, returned by nvinfer1::getLogger(), will return the existing value.
[09/09/2026-13:50:08] [TRT] [I] Loaded engine size: 23 MiB
[09/09/2026-13:50:09] [TRT] [I] [MemUsageChange] TensorRT-managed allocation in IExecutionContext creation: CPU +1, GPU +7, now: CPU 1, GPU 38 (MiB)
13:50:09  INFO     [RAMS] YOLOv8-small ready — TensorRT yolov8s.engine (imgsz=416).
WARNING ⚠️ Unable to automatically guess model task, assuming 'task=detect'. Explicitly define task for your model, i.e. 'task=detect', 'segment', 'classify', 'pose', 'obb' or 'semantic'.
Loading yolov8m.engine for TensorRT inference...
[09/09/2026-13:50:09] [TRT] [I] The logger passed into createInferRuntime differs from one already provided for an existing builder, runtime, or refitter. Uses of the global logger, returned by nvinfer1::getLogger(), will return the existing value.
[09/09/2026-13:50:09] [TRT] [I] Loaded engine size: 52 MiB
[09/09/2026-13:50:09] [TRT] [I] [MemUsageChange] TensorRT-managed allocation in IExecutionContext creation: CPU +0, GPU +29, now: CPU 1, GPU 117 (MiB)
13:50:09  INFO     [RAMS] YOLOv8-medium ready — TensorRT yolov8m.engine (imgsz=640).
13:50:09  INFO     [RAMS] Controller ready. Policy: safety
13:50:10  INFO       [safety / light] 20/200  tier=SMALL   latency=9.8 ms  R=0.394  target=0.25  dets=10  vru=False  backend=tensorrt
13:50:11  INFO       [safety / light] 40/200  tier=SMALL   latency=8.4 ms  R=0.400  target=0.25  dets=3  vru=False  backend=tensorrt
13:50:11  INFO       [safety / light] 60/200  tier=SMALL   latency=6.3 ms  R=0.387  target=0.25  dets=0  vru=False  backend=tensorrt
13:50:11  INFO       [safety / light] 80/200  tier=SMALL   latency=8.7 ms  R=0.499  target=0.25  dets=4  vru=True  backend=tensorrt
13:50:12  INFO       [safety / light] 100/200  tier=SMALL   latency=9.0 ms  R=0.397  target=0.25  dets=7  vru=False  backend=tensorrt
13:50:12  INFO       [safety / light] 120/200  tier=SMALL   latency=9.2 ms  R=0.403  target=0.25  dets=7  vru=False  backend=tensorrt
13:50:13  INFO       [safety / light] 140/200  tier=SMALL   latency=9.8 ms  R=0.389  target=0.25  dets=9  vru=False  backend=tensorrt
13:50:13  INFO       [safety / light] 160/200  tier=SMALL   latency=11.5 ms  R=0.394  target=0.25  dets=14  vru=False  backend=tensorrt
13:50:13  INFO       [safety / light] 180/200  tier=SMALL   latency=11.3 ms  R=0.392  target=0.25  dets=15  vru=True  backend=tensorrt
13:50:14  INFO       [safety / light] 200/200  tier=SMALL   latency=8.9 ms  R=0.319  target=0.25  dets=2  vru=False  backend=tensorrt
13:50:14  INFO     [RAMS] Controller stopped.
13:50:14  INFO     
--- Block 10/10  Policy: predictive  Load: light (25%) ---
13:50:14  INFO     [RAMS] Starting resource monitor ...
13:50:14  INFO     [RAMS] Loading model tiers ...
WARNING ⚠️ Unable to automatically guess model task, assuming 'task=detect'. Explicitly define task for your model, i.e. 'task=detect', 'segment', 'classify', 'pose', 'obb' or 'semantic'.
Loading yolov8n.engine for TensorRT inference...
[09/09/2026-13:50:14] [TRT] [I] Loaded engine size: 7 MiB
[09/09/2026-13:50:14] [TRT] [I] [MemUsageChange] TensorRT-managed allocation in IExecutionContext creation: CPU +0, GPU +3, now: CPU 0, GPU 9 (MiB)
13:50:14  INFO     [RAMS] YOLOv8-nano ready — TensorRT yolov8n.engine (imgsz=320).
WARNING ⚠️ Unable to automatically guess model task, assuming 'task=detect'. Explicitly define task for your model, i.e. 'task=detect', 'segment', 'classify', 'pose', 'obb' or 'semantic'.
Loading yolov8s.engine for TensorRT inference...
[09/09/2026-13:50:14] [TRT] [I] The logger passed into createInferRuntime differs from one already provided for an existing builder, runtime, or refitter. Uses of the global logger, returned by nvinfer1::getLogger(), will return the existing value.
[09/09/2026-13:50:14] [TRT] [I] Loaded engine size: 23 MiB
[09/09/2026-13:50:14] [TRT] [I] [MemUsageChange] TensorRT-managed allocation in IExecutionContext creation: CPU +1, GPU +7, now: CPU 1, GPU 38 (MiB)
13:50:14  INFO     [RAMS] YOLOv8-small ready — TensorRT yolov8s.engine (imgsz=416).
WARNING ⚠️ Unable to automatically guess model task, assuming 'task=detect'. Explicitly define task for your model, i.e. 'task=detect', 'segment', 'classify', 'pose', 'obb' or 'semantic'.
Loading yolov8m.engine for TensorRT inference...
[09/09/2026-13:50:14] [TRT] [I] The logger passed into createInferRuntime differs from one already provided for an existing builder, runtime, or refitter. Uses of the global logger, returned by nvinfer1::getLogger(), will return the existing value.
[09/09/2026-13:50:14] [TRT] [I] Loaded engine size: 52 MiB
[09/09/2026-13:50:14] [TRT] [I] [MemUsageChange] TensorRT-managed allocation in IExecutionContext creation: CPU +0, GPU +29, now: CPU 1, GPU 117 (MiB)
13:50:14  INFO     [RAMS] YOLOv8-medium ready — TensorRT yolov8m.engine (imgsz=640).
13:50:14  INFO     [RAMS] Controller ready. Policy: predictive
13:50:16  INFO       [predictive / light] 20/200  tier=SMALL   latency=9.5 ms  R=0.334  target=0.25  dets=10  vru=False  backend=tensorrt
13:50:16  INFO       [predictive / light] 40/200  tier=SMALL   latency=8.2 ms  R=0.326  target=0.25  dets=3  vru=False  backend=tensorrt
13:50:17  INFO       [predictive / light] 60/200  tier=SMALL   latency=5.9 ms  R=0.326  target=0.25  dets=0  vru=False  backend=tensorrt
13:50:17  INFO       [predictive / light] 80/200  tier=SMALL   latency=9.2 ms  R=0.312  target=0.25  dets=4  vru=True  backend=tensorrt
13:50:18  INFO       [predictive / light] 100/200  tier=SMALL   latency=8.9 ms  R=0.324  target=0.25  dets=7  vru=False  backend=tensorrt
13:50:18  INFO       [predictive / light] 120/200  tier=SMALL   latency=8.9 ms  R=0.328  target=0.25  dets=7  vru=False  backend=tensorrt
13:50:18  INFO       [predictive / light] 140/200  tier=SMALL   latency=9.5 ms  R=0.390  target=0.25  dets=9  vru=False  backend=tensorrt
13:50:19  INFO       [predictive / light] 160/200  tier=SMALL   latency=10.3 ms  R=0.316  target=0.25  dets=14  vru=False  backend=tensorrt
13:50:19  INFO       [predictive / light] 180/200  tier=SMALL   latency=10.7 ms  R=0.336  target=0.25  dets=15  vru=True  backend=tensorrt
13:50:20  INFO       [predictive / light] 200/200  tier=SMALL   latency=7.8 ms  R=0.335  target=0.25  dets=2  vru=False  backend=tensorrt
13:50:20  INFO     [RAMS] Controller stopped.
13:50:21  INFO     Results -> /home/soren/rams_trt_labels_20260909/results/full-20260909-trtlabels-v3/tensorrt/runtime1_light/rams_20260909_134224_7b0aa8638130.csv
13:50:21  INFO     Summary -> /home/soren/rams_trt_labels_20260909/results/full-20260909-trtlabels-v3/tensorrt/runtime1_light/rams_20260909_134224_7b0aa8638130.json
13:50:21  INFO     Replay manifest -> /home/soren/rams_trt_labels_20260909/results/full-20260909-trtlabels-v3/tensorrt/runtime1_light/rams_20260909_134224_7b0aa8638130_manifest.json

================================================================================
Policy         Profile        N   Mean ms    P95 ms    VRU%  Tiers
--------------------------------------------------------------------------------
adaptive       light       2000       8.6      10.4   25.9%  SMALL:2000
fixed_medium   light       2000      15.4      17.6   33.2%  MEDIUM:2000
fixed_nano     light       2000       6.7       8.4   16.1%  NANO:2000
fixed_small    light       2000       8.6      10.4   25.9%  SMALL:2000
predictive     light       2000       8.5      10.2   25.9%  SMALL:2000
safety         light       2000       8.5      10.3   25.9%  SMALL:2000
safety2        light       2000      13.6      17.3   30.9%  MEDIUM:1460, SMALL:540
threshold      light       2000       8.7      10.3   25.9%  NANO:5, SMALL:1995
================================================================================

Backends used: {'tensorrt'}
