13:50:23  INFO     Loaded 1500 frames from /data/kitti/images/val
13:50:23  INFO     Real inference mode: 1500 frames available
13:50:23  INFO     === RAMS Benchmark  run_id=rams_20260909_135023_7b0aa8638130 ===
13:50:23  INFO     Policies: ['threshold', 'predictive', 'safety', 'adaptive', 'safety2', 'fixed_nano', 'fixed_small', 'fixed_medium']  |  Profiles: ['moderate']  |  N/block=200  |  blocks=10  |  simulate=False  |  frames=/data/kitti/images/val
13:50:23  INFO     
--- Block 1/10  Policy: fixed_small  Load: moderate (50%) ---
13:50:23  INFO     [RAMS] Starting resource monitor ...
13:50:23  INFO     [RAMS] Loading model tiers ...
WARNING ⚠️ Unable to automatically guess model task, assuming 'task=detect'. Explicitly define task for your model, i.e. 'task=detect', 'segment', 'classify', 'pose', 'obb' or 'semantic'.
Loading yolov8n.engine for TensorRT inference...
[09/09/2026-13:50:26] [TRT] [I] Loaded engine size: 7 MiB
[09/09/2026-13:50:26] [TRT] [I] [MemUsageChange] TensorRT-managed allocation in IExecutionContext creation: CPU +0, GPU +3, now: CPU 0, GPU 9 (MiB)
13:50:27  INFO     [RAMS] YOLOv8-nano ready — TensorRT yolov8n.engine (imgsz=320).
WARNING ⚠️ Unable to automatically guess model task, assuming 'task=detect'. Explicitly define task for your model, i.e. 'task=detect', 'segment', 'classify', 'pose', 'obb' or 'semantic'.
Loading yolov8s.engine for TensorRT inference...
[09/09/2026-13:50:27] [TRT] [I] The logger passed into createInferRuntime differs from one already provided for an existing builder, runtime, or refitter. Uses of the global logger, returned by nvinfer1::getLogger(), will return the existing value.
[09/09/2026-13:50:27] [TRT] [I] Loaded engine size: 23 MiB
[09/09/2026-13:50:27] [TRT] [I] [MemUsageChange] TensorRT-managed allocation in IExecutionContext creation: CPU +1, GPU +7, now: CPU 1, GPU 38 (MiB)
13:50:27  INFO     [RAMS] YOLOv8-small ready — TensorRT yolov8s.engine (imgsz=416).
WARNING ⚠️ Unable to automatically guess model task, assuming 'task=detect'. Explicitly define task for your model, i.e. 'task=detect', 'segment', 'classify', 'pose', 'obb' or 'semantic'.
Loading yolov8m.engine for TensorRT inference...
[09/09/2026-13:50:27] [TRT] [I] The logger passed into createInferRuntime differs from one already provided for an existing builder, runtime, or refitter. Uses of the global logger, returned by nvinfer1::getLogger(), will return the existing value.
[09/09/2026-13:50:27] [TRT] [I] Loaded engine size: 52 MiB
[09/09/2026-13:50:27] [TRT] [I] [MemUsageChange] TensorRT-managed allocation in IExecutionContext creation: CPU +0, GPU +29, now: CPU 1, GPU 117 (MiB)
13:50:27  INFO     [RAMS] YOLOv8-medium ready — TensorRT yolov8m.engine (imgsz=640).
13:50:27  INFO     [RAMS] Controller ready. Policy: fixed
13:50:29  INFO       [fixed_small / moderate] 20/200  tier=SMALL   latency=5.9 ms  R=0.495  target=0.50  dets=0  vru=False  backend=tensorrt
13:50:29  INFO       [fixed_small / moderate] 40/200  tier=SMALL   latency=7.7 ms  R=0.602  target=0.50  dets=1  vru=False  backend=tensorrt
13:50:29  INFO       [fixed_small / moderate] 60/200  tier=SMALL   latency=10.3 ms  R=0.668  target=0.50  dets=1  vru=False  backend=tensorrt
13:50:30  INFO       [fixed_small / moderate] 80/200  tier=SMALL   latency=7.9 ms  R=0.555  target=0.50  dets=3  vru=False  backend=tensorrt
13:50:30  INFO       [fixed_small / moderate] 100/200  tier=SMALL   latency=11.4 ms  R=0.567  target=0.50  dets=12  vru=False  backend=tensorrt
13:50:31  INFO       [fixed_small / moderate] 120/200  tier=SMALL   latency=8.4 ms  R=0.554  target=0.50  dets=4  vru=False  backend=tensorrt
13:50:31  INFO       [fixed_small / moderate] 140/200  tier=SMALL   latency=9.5 ms  R=0.570  target=0.50  dets=7  vru=False  backend=tensorrt
13:50:32  INFO       [fixed_small / moderate] 160/200  tier=SMALL   latency=8.1 ms  R=0.553  target=0.50  dets=2  vru=False  backend=tensorrt
13:50:32  INFO       [fixed_small / moderate] 180/200  tier=SMALL   latency=8.9 ms  R=0.546  target=0.50  dets=2  vru=False  backend=tensorrt
13:50:32  INFO       [fixed_small / moderate] 200/200  tier=SMALL   latency=9.9 ms  R=0.612  target=0.50  dets=8  vru=False  backend=tensorrt
13:50:32  INFO     [RAMS] Controller stopped.
13:50:33  INFO     
--- Block 1/10  Policy: fixed_nano  Load: moderate (50%) ---
13:50:33  INFO     [RAMS] Starting resource monitor ...
13:50:33  INFO     [RAMS] Loading model tiers ...
WARNING ⚠️ Unable to automatically guess model task, assuming 'task=detect'. Explicitly define task for your model, i.e. 'task=detect', 'segment', 'classify', 'pose', 'obb' or 'semantic'.
Loading yolov8n.engine for TensorRT inference...
[09/09/2026-13:50:33] [TRT] [I] Loaded engine size: 7 MiB
[09/09/2026-13:50:33] [TRT] [I] [MemUsageChange] TensorRT-managed allocation in IExecutionContext creation: CPU +0, GPU +3, now: CPU 0, GPU 9 (MiB)
13:50:33  INFO     [RAMS] YOLOv8-nano ready — TensorRT yolov8n.engine (imgsz=320).
WARNING ⚠️ Unable to automatically guess model task, assuming 'task=detect'. Explicitly define task for your model, i.e. 'task=detect', 'segment', 'classify', 'pose', 'obb' or 'semantic'.
Loading yolov8s.engine for TensorRT inference...
[09/09/2026-13:50:33] [TRT] [I] The logger passed into createInferRuntime differs from one already provided for an existing builder, runtime, or refitter. Uses of the global logger, returned by nvinfer1::getLogger(), will return the existing value.
[09/09/2026-13:50:33] [TRT] [I] Loaded engine size: 23 MiB
[09/09/2026-13:50:33] [TRT] [I] [MemUsageChange] TensorRT-managed allocation in IExecutionContext creation: CPU +1, GPU +7, now: CPU 1, GPU 38 (MiB)
13:50:33  INFO     [RAMS] YOLOv8-small ready — TensorRT yolov8s.engine (imgsz=416).
WARNING ⚠️ Unable to automatically guess model task, assuming 'task=detect'. Explicitly define task for your model, i.e. 'task=detect', 'segment', 'classify', 'pose', 'obb' or 'semantic'.
Loading yolov8m.engine for TensorRT inference...
[09/09/2026-13:50:33] [TRT] [I] The logger passed into createInferRuntime differs from one already provided for an existing builder, runtime, or refitter. Uses of the global logger, returned by nvinfer1::getLogger(), will return the existing value.
[09/09/2026-13:50:33] [TRT] [I] Loaded engine size: 52 MiB
[09/09/2026-13:50:33] [TRT] [I] [MemUsageChange] TensorRT-managed allocation in IExecutionContext creation: CPU +0, GPU +29, now: CPU 1, GPU 117 (MiB)
13:50:33  INFO     [RAMS] YOLOv8-medium ready — TensorRT yolov8m.engine (imgsz=640).
13:50:33  INFO     [RAMS] Controller ready. Policy: fixed
13:50:34  INFO     [RAMS] Tier switch: SMALL → NANO  (R=0.498)
13:50:34  INFO       [fixed_nano / moderate] 20/200  tier=NANO    latency=4.7 ms  R=0.541  target=0.50  dets=0  vru=False  backend=tensorrt
13:50:35  INFO       [fixed_nano / moderate] 40/200  tier=NANO    latency=6.3 ms  R=0.549  target=0.50  dets=1  vru=False  backend=tensorrt
13:50:35  INFO       [fixed_nano / moderate] 60/200  tier=NANO    latency=7.2 ms  R=0.547  target=0.50  dets=1  vru=False  backend=tensorrt
13:50:35  INFO       [fixed_nano / moderate] 80/200  tier=NANO    latency=6.3 ms  R=0.569  target=0.50  dets=2  vru=False  backend=tensorrt
13:50:36  INFO       [fixed_nano / moderate] 100/200  tier=NANO    latency=8.0 ms  R=0.497  target=0.50  dets=11  vru=False  backend=tensorrt
13:50:36  INFO       [fixed_nano / moderate] 120/200  tier=NANO    latency=6.3 ms  R=0.493  target=0.50  dets=3  vru=False  backend=tensorrt
13:50:36  INFO       [fixed_nano / moderate] 140/200  tier=NANO    latency=6.6 ms  R=0.490  target=0.50  dets=4  vru=False  backend=tensorrt
13:50:37  INFO       [fixed_nano / moderate] 160/200  tier=NANO    latency=4.4 ms  R=0.499  target=0.50  dets=0  vru=False  backend=tensorrt
13:50:37  INFO       [fixed_nano / moderate] 180/200  tier=NANO    latency=6.4 ms  R=0.493  target=0.50  dets=3  vru=False  backend=tensorrt
13:50:38  INFO       [fixed_nano / moderate] 200/200  tier=NANO    latency=7.1 ms  R=0.497  target=0.50  dets=6  vru=False  backend=tensorrt
13:50:38  INFO     [RAMS] Controller stopped.
13:50:38  INFO     
--- Block 1/10  Policy: threshold  Load: moderate (50%) ---
13:50:38  INFO     [RAMS] Starting resource monitor ...
13:50:38  INFO     [RAMS] Loading model tiers ...
WARNING ⚠️ Unable to automatically guess model task, assuming 'task=detect'. Explicitly define task for your model, i.e. 'task=detect', 'segment', 'classify', 'pose', 'obb' or 'semantic'.
Loading yolov8n.engine for TensorRT inference...
[09/09/2026-13:50:38] [TRT] [I] Loaded engine size: 7 MiB
[09/09/2026-13:50:38] [TRT] [I] [MemUsageChange] TensorRT-managed allocation in IExecutionContext creation: CPU +0, GPU +3, now: CPU 0, GPU 9 (MiB)
13:50:38  INFO     [RAMS] YOLOv8-nano ready — TensorRT yolov8n.engine (imgsz=320).
WARNING ⚠️ Unable to automatically guess model task, assuming 'task=detect'. Explicitly define task for your model, i.e. 'task=detect', 'segment', 'classify', 'pose', 'obb' or 'semantic'.
Loading yolov8s.engine for TensorRT inference...
[09/09/2026-13:50:38] [TRT] [I] The logger passed into createInferRuntime differs from one already provided for an existing builder, runtime, or refitter. Uses of the global logger, returned by nvinfer1::getLogger(), will return the existing value.
[09/09/2026-13:50:38] [TRT] [I] Loaded engine size: 23 MiB
[09/09/2026-13:50:38] [TRT] [I] [MemUsageChange] TensorRT-managed allocation in IExecutionContext creation: CPU +1, GPU +7, now: CPU 1, GPU 38 (MiB)
13:50:38  INFO     [RAMS] YOLOv8-small ready — TensorRT yolov8s.engine (imgsz=416).
WARNING ⚠️ Unable to automatically guess model task, assuming 'task=detect'. Explicitly define task for your model, i.e. 'task=detect', 'segment', 'classify', 'pose', 'obb' or 'semantic'.
Loading yolov8m.engine for TensorRT inference...
[09/09/2026-13:50:38] [TRT] [I] The logger passed into createInferRuntime differs from one already provided for an existing builder, runtime, or refitter. Uses of the global logger, returned by nvinfer1::getLogger(), will return the existing value.
[09/09/2026-13:50:38] [TRT] [I] Loaded engine size: 52 MiB
[09/09/2026-13:50:38] [TRT] [I] [MemUsageChange] TensorRT-managed allocation in IExecutionContext creation: CPU +0, GPU +29, now: CPU 1, GPU 117 (MiB)
13:50:38  INFO     [RAMS] YOLOv8-medium ready — TensorRT yolov8m.engine (imgsz=640).
13:50:38  INFO     [RAMS] Controller ready. Policy: threshold
13:50:39  INFO     [RAMS] Tier switch: SMALL → NANO  (R=0.565)
13:50:39  INFO       [threshold / moderate] 20/200  tier=NANO    latency=4.6 ms  R=0.500  target=0.50  dets=0  vru=False  backend=tensorrt
13:50:39  INFO     [RAMS] Tier switch: NANO → SMALL  (R=0.500)
13:50:40  INFO       [threshold / moderate] 40/200  tier=SMALL   latency=7.6 ms  R=0.499  target=0.50  dets=1  vru=False  backend=tensorrt
13:50:40  INFO       [threshold / moderate] 60/200  tier=SMALL   latency=7.5 ms  R=0.500  target=0.50  dets=1  vru=False  backend=tensorrt
13:50:40  INFO     [RAMS] Tier switch: SMALL → NANO  (R=0.569)
13:50:40  INFO     [RAMS] Tier switch: NANO → SMALL  (R=0.483)
13:50:41  INFO       [threshold / moderate] 80/200  tier=SMALL   latency=7.8 ms  R=0.498  target=0.50  dets=3  vru=False  backend=tensorrt
13:50:41  INFO       [threshold / moderate] 100/200  tier=SMALL   latency=9.6 ms  R=0.485  target=0.50  dets=12  vru=False  backend=tensorrt
13:50:41  INFO     [RAMS] Tier switch: SMALL → NANO  (R=0.563)
13:50:41  INFO     [RAMS] Tier switch: NANO → SMALL  (R=0.484)
13:50:41  INFO       [threshold / moderate] 120/200  tier=SMALL   latency=8.0 ms  R=0.484  target=0.50  dets=4  vru=False  backend=tensorrt
13:50:42  INFO       [threshold / moderate] 140/200  tier=SMALL   latency=8.6 ms  R=0.491  target=0.50  dets=7  vru=False  backend=tensorrt
13:50:42  INFO       [threshold / moderate] 160/200  tier=SMALL   latency=13.2 ms  R=0.497  target=0.50  dets=2  vru=False  backend=tensorrt
13:50:42  INFO     [RAMS] Tier switch: SMALL → NANO  (R=0.584)
13:50:42  INFO     [RAMS] Tier switch: NANO → SMALL  (R=0.505)
13:50:43  INFO       [threshold / moderate] 180/200  tier=SMALL   latency=7.7 ms  R=0.503  target=0.50  dets=2  vru=False  backend=tensorrt
13:50:43  INFO       [threshold / moderate] 200/200  tier=SMALL   latency=8.7 ms  R=0.500  target=0.50  dets=8  vru=False  backend=tensorrt
13:50:43  INFO     [RAMS] Controller stopped.
13:50:43  INFO     
--- Block 1/10  Policy: predictive  Load: moderate (50%) ---
13:50:43  INFO     [RAMS] Starting resource monitor ...
13:50:43  INFO     [RAMS] Loading model tiers ...
WARNING ⚠️ Unable to automatically guess model task, assuming 'task=detect'. Explicitly define task for your model, i.e. 'task=detect', 'segment', 'classify', 'pose', 'obb' or 'semantic'.
Loading yolov8n.engine for TensorRT inference...
[09/09/2026-13:50:43] [TRT] [I] Loaded engine size: 7 MiB
[09/09/2026-13:50:43] [TRT] [I] [MemUsageChange] TensorRT-managed allocation in IExecutionContext creation: CPU +0, GPU +3, now: CPU 0, GPU 9 (MiB)
13:50:43  INFO     [RAMS] YOLOv8-nano ready — TensorRT yolov8n.engine (imgsz=320).
WARNING ⚠️ Unable to automatically guess model task, assuming 'task=detect'. Explicitly define task for your model, i.e. 'task=detect', 'segment', 'classify', 'pose', 'obb' or 'semantic'.
Loading yolov8s.engine for TensorRT inference...
[09/09/2026-13:50:43] [TRT] [I] The logger passed into createInferRuntime differs from one already provided for an existing builder, runtime, or refitter. Uses of the global logger, returned by nvinfer1::getLogger(), will return the existing value.
[09/09/2026-13:50:43] [TRT] [I] Loaded engine size: 23 MiB
[09/09/2026-13:50:43] [TRT] [I] [MemUsageChange] TensorRT-managed allocation in IExecutionContext creation: CPU +1, GPU +7, now: CPU 1, GPU 38 (MiB)
13:50:43  INFO     [RAMS] YOLOv8-small ready — TensorRT yolov8s.engine (imgsz=416).
WARNING ⚠️ Unable to automatically guess model task, assuming 'task=detect'. Explicitly define task for your model, i.e. 'task=detect', 'segment', 'classify', 'pose', 'obb' or 'semantic'.
Loading yolov8m.engine for TensorRT inference...
[09/09/2026-13:50:43] [TRT] [I] The logger passed into createInferRuntime differs from one already provided for an existing builder, runtime, or refitter. Uses of the global logger, returned by nvinfer1::getLogger(), will return the existing value.
[09/09/2026-13:50:43] [TRT] [I] Loaded engine size: 52 MiB
[09/09/2026-13:50:44] [TRT] [I] [MemUsageChange] TensorRT-managed allocation in IExecutionContext creation: CPU +0, GPU +29, now: CPU 1, GPU 117 (MiB)
13:50:44  INFO     [RAMS] YOLOv8-medium ready — TensorRT yolov8m.engine (imgsz=640).
13:50:44  INFO     [RAMS] Controller ready. Policy: predictive
13:50:45  INFO       [predictive / moderate] 20/200  tier=SMALL   latency=6.2 ms  R=0.495  target=0.50  dets=0  vru=False  backend=tensorrt
13:50:45  INFO     [RAMS] Tier switch: SMALL → NANO  (R=0.579)
13:50:45  INFO       [predictive / moderate] 40/200  tier=NANO    latency=6.2 ms  R=0.579  target=0.50  dets=1  vru=False  backend=tensorrt
13:50:45  INFO     [RAMS] Tier switch: NANO → SMALL  (R=0.478)
13:50:46  INFO       [predictive / moderate] 60/200  tier=SMALL   latency=7.4 ms  R=0.476  target=0.50  dets=1  vru=False  backend=tensorrt
13:50:46  INFO       [predictive / moderate] 80/200  tier=SMALL   latency=8.3 ms  R=0.501  target=0.50  dets=3  vru=False  backend=tensorrt
13:50:46  INFO     [RAMS] Tier switch: SMALL → NANO  (R=0.579)
13:50:46  INFO     [RAMS] Tier switch: NANO → SMALL  (R=0.500)
13:50:47  INFO       [predictive / moderate] 100/200  tier=SMALL   latency=9.5 ms  R=0.508  target=0.50  dets=12  vru=False  backend=tensorrt
13:50:47  INFO       [predictive / moderate] 120/200  tier=SMALL   latency=8.1 ms  R=0.482  target=0.50  dets=4  vru=False  backend=tensorrt
13:50:47  INFO     [RAMS] Tier switch: SMALL → NANO  (R=0.580)
13:50:47  INFO       [predictive / moderate] 140/200  tier=NANO    latency=6.6 ms  R=0.580  target=0.50  dets=4  vru=False  backend=tensorrt
13:50:47  INFO     [RAMS] Tier switch: NANO → SMALL  (R=0.493)
13:50:48  INFO       [predictive / moderate] 160/200  tier=SMALL   latency=8.5 ms  R=0.497  target=0.50  dets=2  vru=False  backend=tensorrt
13:50:48  INFO       [predictive / moderate] 180/200  tier=SMALL   latency=7.6 ms  R=0.495  target=0.50  dets=2  vru=False  backend=tensorrt
13:50:48  INFO     [RAMS] Tier switch: SMALL → NANO  (R=0.573)
13:50:48  INFO     [RAMS] Tier switch: NANO → SMALL  (R=0.498)
13:50:49  INFO       [predictive / moderate] 200/200  tier=SMALL   latency=8.8 ms  R=0.508  target=0.50  dets=8  vru=False  backend=tensorrt
13:50:49  INFO     [RAMS] Controller stopped.
13:50:49  INFO     
--- Block 1/10  Policy: adaptive  Load: moderate (50%) ---
13:50:49  INFO     [RAMS] Starting resource monitor ...
13:50:49  INFO     [RAMS] Loading model tiers ...
WARNING ⚠️ Unable to automatically guess model task, assuming 'task=detect'. Explicitly define task for your model, i.e. 'task=detect', 'segment', 'classify', 'pose', 'obb' or 'semantic'.
Loading yolov8n.engine for TensorRT inference...
[09/09/2026-13:50:49] [TRT] [I] Loaded engine size: 7 MiB
[09/09/2026-13:50:49] [TRT] [I] [MemUsageChange] TensorRT-managed allocation in IExecutionContext creation: CPU +0, GPU +3, now: CPU 0, GPU 9 (MiB)
13:50:49  INFO     [RAMS] YOLOv8-nano ready — TensorRT yolov8n.engine (imgsz=320).
WARNING ⚠️ Unable to automatically guess model task, assuming 'task=detect'. Explicitly define task for your model, i.e. 'task=detect', 'segment', 'classify', 'pose', 'obb' or 'semantic'.
Loading yolov8s.engine for TensorRT inference...
[09/09/2026-13:50:49] [TRT] [I] The logger passed into createInferRuntime differs from one already provided for an existing builder, runtime, or refitter. Uses of the global logger, returned by nvinfer1::getLogger(), will return the existing value.
[09/09/2026-13:50:49] [TRT] [I] Loaded engine size: 23 MiB
[09/09/2026-13:50:49] [TRT] [I] [MemUsageChange] TensorRT-managed allocation in IExecutionContext creation: CPU +1, GPU +7, now: CPU 1, GPU 38 (MiB)
13:50:49  INFO     [RAMS] YOLOv8-small ready — TensorRT yolov8s.engine (imgsz=416).
WARNING ⚠️ Unable to automatically guess model task, assuming 'task=detect'. Explicitly define task for your model, i.e. 'task=detect', 'segment', 'classify', 'pose', 'obb' or 'semantic'.
Loading yolov8m.engine for TensorRT inference...
[09/09/2026-13:50:49] [TRT] [I] The logger passed into createInferRuntime differs from one already provided for an existing builder, runtime, or refitter. Uses of the global logger, returned by nvinfer1::getLogger(), will return the existing value.
[09/09/2026-13:50:49] [TRT] [I] Loaded engine size: 52 MiB
[09/09/2026-13:50:49] [TRT] [I] [MemUsageChange] TensorRT-managed allocation in IExecutionContext creation: CPU +0, GPU +29, now: CPU 1, GPU 117 (MiB)
13:50:49  INFO     [RAMS] YOLOv8-medium ready — TensorRT yolov8m.engine (imgsz=640).
13:50:49  INFO     [RAMS] Controller ready. Policy: adaptive
13:50:50  INFO     [RAMS] Tier switch: SMALL → NANO  (R=0.581)
13:50:50  INFO       [adaptive / moderate] 20/200  tier=NANO    latency=5.0 ms  R=0.522  target=0.50  dets=0  vru=False  backend=tensorrt
13:50:50  INFO     [RAMS] Tier switch: NANO → SMALL  (R=0.522)
13:50:51  INFO     [RAMS] Tier switch: SMALL → NANO  (R=0.580)
13:50:51  INFO       [adaptive / moderate] 40/200  tier=NANO    latency=6.4 ms  R=0.571  target=0.50  dets=1  vru=False  backend=tensorrt
13:50:51  INFO       [adaptive / moderate] 60/200  tier=NANO    latency=6.2 ms  R=0.546  target=0.50  dets=1  vru=False  backend=tensorrt
13:50:52  INFO       [adaptive / moderate] 80/200  tier=NANO    latency=7.8 ms  R=0.557  target=0.50  dets=2  vru=False  backend=tensorrt
13:50:52  INFO       [adaptive / moderate] 100/200  tier=NANO    latency=8.5 ms  R=0.548  target=0.50  dets=11  vru=False  backend=tensorrt
13:50:52  INFO       [adaptive / moderate] 120/200  tier=NANO    latency=6.8 ms  R=0.635  target=0.50  dets=3  vru=False  backend=tensorrt
13:50:53  INFO       [adaptive / moderate] 140/200  tier=NANO    latency=7.0 ms  R=0.534  target=0.50  dets=4  vru=False  backend=tensorrt
13:50:53  INFO       [adaptive / moderate] 160/200  tier=NANO    latency=4.8 ms  R=0.576  target=0.50  dets=0  vru=False  backend=tensorrt
13:50:54  INFO       [adaptive / moderate] 180/200  tier=NANO    latency=6.9 ms  R=0.550  target=0.50  dets=3  vru=False  backend=tensorrt
13:50:54  INFO       [adaptive / moderate] 200/200  tier=NANO    latency=7.9 ms  R=0.571  target=0.50  dets=6  vru=False  backend=tensorrt
13:50:54  INFO     [RAMS] Controller stopped.
13:50:54  INFO     
--- Block 1/10  Policy: fixed_medium  Load: moderate (50%) ---
13:50:54  INFO     [RAMS] Starting resource monitor ...
13:50:54  INFO     [RAMS] Loading model tiers ...
WARNING ⚠️ Unable to automatically guess model task, assuming 'task=detect'. Explicitly define task for your model, i.e. 'task=detect', 'segment', 'classify', 'pose', 'obb' or 'semantic'.
Loading yolov8n.engine for TensorRT inference...
[09/09/2026-13:50:54] [TRT] [I] Loaded engine size: 7 MiB
[09/09/2026-13:50:54] [TRT] [I] [MemUsageChange] TensorRT-managed allocation in IExecutionContext creation: CPU +0, GPU +3, now: CPU 0, GPU 9 (MiB)
13:50:54  INFO     [RAMS] YOLOv8-nano ready — TensorRT yolov8n.engine (imgsz=320).
WARNING ⚠️ Unable to automatically guess model task, assuming 'task=detect'. Explicitly define task for your model, i.e. 'task=detect', 'segment', 'classify', 'pose', 'obb' or 'semantic'.
Loading yolov8s.engine for TensorRT inference...
[09/09/2026-13:50:54] [TRT] [I] The logger passed into createInferRuntime differs from one already provided for an existing builder, runtime, or refitter. Uses of the global logger, returned by nvinfer1::getLogger(), will return the existing value.
[09/09/2026-13:50:54] [TRT] [I] Loaded engine size: 23 MiB
[09/09/2026-13:50:54] [TRT] [I] [MemUsageChange] TensorRT-managed allocation in IExecutionContext creation: CPU +1, GPU +7, now: CPU 1, GPU 38 (MiB)
13:50:54  INFO     [RAMS] YOLOv8-small ready — TensorRT yolov8s.engine (imgsz=416).
WARNING ⚠️ Unable to automatically guess model task, assuming 'task=detect'. Explicitly define task for your model, i.e. 'task=detect', 'segment', 'classify', 'pose', 'obb' or 'semantic'.
Loading yolov8m.engine for TensorRT inference...
[09/09/2026-13:50:54] [TRT] [I] The logger passed into createInferRuntime differs from one already provided for an existing builder, runtime, or refitter. Uses of the global logger, returned by nvinfer1::getLogger(), will return the existing value.
[09/09/2026-13:50:54] [TRT] [I] Loaded engine size: 52 MiB
[09/09/2026-13:50:54] [TRT] [I] [MemUsageChange] TensorRT-managed allocation in IExecutionContext creation: CPU +0, GPU +29, now: CPU 1, GPU 117 (MiB)
13:50:54  INFO     [RAMS] YOLOv8-medium ready — TensorRT yolov8m.engine (imgsz=640).
13:50:54  INFO     [RAMS] Controller ready. Policy: fixed
13:50:55  INFO     [RAMS] Tier switch: SMALL → MEDIUM  (R=0.552)
13:50:56  INFO       [fixed_medium / moderate] 20/200  tier=MEDIUM  latency=14.4 ms  R=0.545  target=0.50  dets=3  vru=False  backend=tensorrt
13:50:57  INFO       [fixed_medium / moderate] 40/200  tier=MEDIUM  latency=13.5 ms  R=0.613  target=0.50  dets=1  vru=False  backend=tensorrt
13:50:57  INFO       [fixed_medium / moderate] 60/200  tier=MEDIUM  latency=14.0 ms  R=0.535  target=0.50  dets=4  vru=False  backend=tensorrt
13:50:58  INFO       [fixed_medium / moderate] 80/200  tier=MEDIUM  latency=14.3 ms  R=0.541  target=0.50  dets=5  vru=False  backend=tensorrt
13:50:58  INFO       [fixed_medium / moderate] 100/200  tier=MEDIUM  latency=16.4 ms  R=0.550  target=0.50  dets=16  vru=False  backend=tensorrt
13:50:59  INFO       [fixed_medium / moderate] 120/200  tier=MEDIUM  latency=14.2 ms  R=0.467  target=0.50  dets=4  vru=False  backend=tensorrt
13:50:59  INFO       [fixed_medium / moderate] 140/200  tier=MEDIUM  latency=16.1 ms  R=0.574  target=0.50  dets=13  vru=False  backend=tensorrt
13:51:00  INFO       [fixed_medium / moderate] 160/200  tier=MEDIUM  latency=14.4 ms  R=0.534  target=0.50  dets=6  vru=False  backend=tensorrt
13:51:00  INFO       [fixed_medium / moderate] 180/200  tier=MEDIUM  latency=13.8 ms  R=0.572  target=0.50  dets=3  vru=False  backend=tensorrt
13:51:01  INFO       [fixed_medium / moderate] 200/200  tier=MEDIUM  latency=16.5 ms  R=0.479  target=0.50  dets=16  vru=False  backend=tensorrt
13:51:01  INFO     [RAMS] Controller stopped.
13:51:01  INFO     
--- Block 1/10  Policy: safety2  Load: moderate (50%) ---
13:51:01  INFO     [RAMS] Starting resource monitor ...
13:51:01  INFO     [RAMS] Loading model tiers ...
WARNING ⚠️ Unable to automatically guess model task, assuming 'task=detect'. Explicitly define task for your model, i.e. 'task=detect', 'segment', 'classify', 'pose', 'obb' or 'semantic'.
Loading yolov8n.engine for TensorRT inference...
[09/09/2026-13:51:01] [TRT] [I] Loaded engine size: 7 MiB
[09/09/2026-13:51:01] [TRT] [I] [MemUsageChange] TensorRT-managed allocation in IExecutionContext creation: CPU +0, GPU +3, now: CPU 0, GPU 9 (MiB)
13:51:01  INFO     [RAMS] YOLOv8-nano ready — TensorRT yolov8n.engine (imgsz=320).
WARNING ⚠️ Unable to automatically guess model task, assuming 'task=detect'. Explicitly define task for your model, i.e. 'task=detect', 'segment', 'classify', 'pose', 'obb' or 'semantic'.
Loading yolov8s.engine for TensorRT inference...
[09/09/2026-13:51:01] [TRT] [I] The logger passed into createInferRuntime differs from one already provided for an existing builder, runtime, or refitter. Uses of the global logger, returned by nvinfer1::getLogger(), will return the existing value.
[09/09/2026-13:51:01] [TRT] [I] Loaded engine size: 23 MiB
[09/09/2026-13:51:01] [TRT] [I] [MemUsageChange] TensorRT-managed allocation in IExecutionContext creation: CPU +1, GPU +7, now: CPU 1, GPU 38 (MiB)
13:51:01  INFO     [RAMS] YOLOv8-small ready — TensorRT yolov8s.engine (imgsz=416).
WARNING ⚠️ Unable to automatically guess model task, assuming 'task=detect'. Explicitly define task for your model, i.e. 'task=detect', 'segment', 'classify', 'pose', 'obb' or 'semantic'.
Loading yolov8m.engine for TensorRT inference...
[09/09/2026-13:51:01] [TRT] [I] The logger passed into createInferRuntime differs from one already provided for an existing builder, runtime, or refitter. Uses of the global logger, returned by nvinfer1::getLogger(), will return the existing value.
[09/09/2026-13:51:01] [TRT] [I] Loaded engine size: 52 MiB
[09/09/2026-13:51:02] [TRT] [I] [MemUsageChange] TensorRT-managed allocation in IExecutionContext creation: CPU +0, GPU +29, now: CPU 1, GPU 117 (MiB)
13:51:02  INFO     [RAMS] YOLOv8-medium ready — TensorRT yolov8m.engine (imgsz=640).
13:51:02  INFO     [RAMS] Controller ready. Policy: safety2
13:51:03  INFO     [RAMS] Tier switch: SMALL → MEDIUM  (R=0.480)
13:51:03  INFO       [safety2 / moderate] 20/200  tier=MEDIUM  latency=13.8 ms  R=0.503  target=0.50  dets=3  vru=False  backend=tensorrt
13:51:03  INFO     [RAMS] Tier switch: MEDIUM → SMALL  (R=0.627)
13:51:03  INFO     [RAMS] Tier switch: SMALL → MEDIUM  (R=0.493)
13:51:04  INFO       [safety2 / moderate] 40/200  tier=MEDIUM  latency=13.4 ms  R=0.493  target=0.50  dets=1  vru=False  backend=tensorrt
13:51:04  INFO     [RAMS] Tier switch: MEDIUM → SMALL  (R=0.532)
13:51:04  INFO       [safety2 / moderate] 60/200  tier=SMALL   latency=7.5 ms  R=0.554  target=0.50  dets=1  vru=False  backend=tensorrt
13:51:04  INFO     [RAMS] Tier switch: SMALL → NANO  (R=0.554)
13:51:04  INFO     [RAMS] Tier switch: NANO → SMALL  (R=0.490)
13:51:04  INFO     [RAMS] Tier switch: SMALL → MEDIUM  (R=0.490)
13:51:05  INFO       [safety2 / moderate] 80/200  tier=MEDIUM  latency=14.6 ms  R=0.494  target=0.50  dets=5  vru=False  backend=tensorrt
13:51:05  INFO       [safety2 / moderate] 100/200  tier=MEDIUM  latency=16.4 ms  R=0.507  target=0.50  dets=16  vru=False  backend=tensorrt
13:51:05  INFO     [RAMS] Tier switch: MEDIUM → SMALL  (R=0.480)
13:51:05  INFO     [RAMS] Tier switch: SMALL → MEDIUM  (R=0.571)
13:51:06  INFO       [safety2 / moderate] 120/200  tier=MEDIUM  latency=14.0 ms  R=0.523  target=0.50  dets=4  vru=False  backend=tensorrt
13:51:06  INFO     [RAMS] Tier switch: MEDIUM → SMALL  (R=0.462)
13:51:06  INFO       [safety2 / moderate] 140/200  tier=SMALL   latency=8.6 ms  R=0.513  target=0.50  dets=7  vru=False  backend=tensorrt
13:51:06  INFO     [RAMS] Tier switch: SMALL → MEDIUM  (R=0.580)
13:51:06  INFO       [safety2 / moderate] 160/200  tier=MEDIUM  latency=14.4 ms  R=0.474  target=0.50  dets=6  vru=False  backend=tensorrt
13:51:07  INFO     [RAMS] Tier switch: MEDIUM → SMALL  (R=0.481)
13:51:07  INFO     [RAMS] Tier switch: SMALL → MEDIUM  (R=0.513)
13:51:07  INFO       [safety2 / moderate] 180/200  tier=MEDIUM  latency=13.7 ms  R=0.513  target=0.50  dets=3  vru=False  backend=tensorrt
13:51:08  INFO       [safety2 / moderate] 200/200  tier=MEDIUM  latency=16.6 ms  R=0.525  target=0.50  dets=16  vru=False  backend=tensorrt
13:51:08  INFO     [RAMS] Controller stopped.
13:51:08  INFO     
--- Block 1/10  Policy: safety  Load: moderate (50%) ---
13:51:08  INFO     [RAMS] Starting resource monitor ...
13:51:08  INFO     [RAMS] Loading model tiers ...
WARNING ⚠️ Unable to automatically guess model task, assuming 'task=detect'. Explicitly define task for your model, i.e. 'task=detect', 'segment', 'classify', 'pose', 'obb' or 'semantic'.
Loading yolov8n.engine for TensorRT inference...
[09/09/2026-13:51:08] [TRT] [I] Loaded engine size: 7 MiB
[09/09/2026-13:51:08] [TRT] [I] [MemUsageChange] TensorRT-managed allocation in IExecutionContext creation: CPU +0, GPU +3, now: CPU 0, GPU 9 (MiB)
13:51:08  INFO     [RAMS] YOLOv8-nano ready — TensorRT yolov8n.engine (imgsz=320).
WARNING ⚠️ Unable to automatically guess model task, assuming 'task=detect'. Explicitly define task for your model, i.e. 'task=detect', 'segment', 'classify', 'pose', 'obb' or 'semantic'.
Loading yolov8s.engine for TensorRT inference...
[09/09/2026-13:51:08] [TRT] [I] The logger passed into createInferRuntime differs from one already provided for an existing builder, runtime, or refitter. Uses of the global logger, returned by nvinfer1::getLogger(), will return the existing value.
[09/09/2026-13:51:08] [TRT] [I] Loaded engine size: 23 MiB
[09/09/2026-13:51:08] [TRT] [I] [MemUsageChange] TensorRT-managed allocation in IExecutionContext creation: CPU +1, GPU +7, now: CPU 1, GPU 38 (MiB)
13:51:08  INFO     [RAMS] YOLOv8-small ready — TensorRT yolov8s.engine (imgsz=416).
WARNING ⚠️ Unable to automatically guess model task, assuming 'task=detect'. Explicitly define task for your model, i.e. 'task=detect', 'segment', 'classify', 'pose', 'obb' or 'semantic'.
Loading yolov8m.engine for TensorRT inference...
[09/09/2026-13:51:08] [TRT] [I] The logger passed into createInferRuntime differs from one already provided for an existing builder, runtime, or refitter. Uses of the global logger, returned by nvinfer1::getLogger(), will return the existing value.
[09/09/2026-13:51:08] [TRT] [I] Loaded engine size: 52 MiB
[09/09/2026-13:51:08] [TRT] [I] [MemUsageChange] TensorRT-managed allocation in IExecutionContext creation: CPU +0, GPU +29, now: CPU 1, GPU 117 (MiB)
13:51:08  INFO     [RAMS] YOLOv8-medium ready — TensorRT yolov8m.engine (imgsz=640).
13:51:08  INFO     [RAMS] Controller ready. Policy: safety
13:51:09  INFO       [safety / moderate] 20/200  tier=SMALL   latency=6.1 ms  R=0.573  target=0.50  dets=0  vru=False  backend=tensorrt
13:51:10  INFO       [safety / moderate] 40/200  tier=SMALL   latency=7.3 ms  R=0.493  target=0.50  dets=1  vru=False  backend=tensorrt
13:51:10  INFO       [safety / moderate] 60/200  tier=SMALL   latency=7.4 ms  R=0.492  target=0.50  dets=1  vru=False  backend=tensorrt
13:51:11  INFO       [safety / moderate] 80/200  tier=SMALL   latency=7.8 ms  R=0.503  target=0.50  dets=3  vru=False  backend=tensorrt
13:51:11  INFO       [safety / moderate] 100/200  tier=SMALL   latency=9.6 ms  R=0.502  target=0.50  dets=12  vru=False  backend=tensorrt
13:51:11  INFO       [safety / moderate] 120/200  tier=SMALL   latency=8.6 ms  R=0.551  target=0.50  dets=4  vru=False  backend=tensorrt
13:51:12  INFO       [safety / moderate] 140/200  tier=SMALL   latency=8.8 ms  R=0.556  target=0.50  dets=7  vru=False  backend=tensorrt
13:51:12  INFO       [safety / moderate] 160/200  tier=SMALL   latency=8.0 ms  R=0.550  target=0.50  dets=2  vru=False  backend=tensorrt
13:51:13  INFO       [safety / moderate] 180/200  tier=SMALL   latency=8.3 ms  R=0.560  target=0.50  dets=2  vru=False  backend=tensorrt
13:51:13  INFO       [safety / moderate] 200/200  tier=SMALL   latency=9.7 ms  R=0.560  target=0.50  dets=8  vru=False  backend=tensorrt
13:51:13  INFO     [RAMS] Controller stopped.
13:51:13  INFO     
--- Block 2/10  Policy: safety2  Load: moderate (50%) ---
13:51:13  INFO     [RAMS] Starting resource monitor ...
13:51:13  INFO     [RAMS] Loading model tiers ...
WARNING ⚠️ Unable to automatically guess model task, assuming 'task=detect'. Explicitly define task for your model, i.e. 'task=detect', 'segment', 'classify', 'pose', 'obb' or 'semantic'.
Loading yolov8n.engine for TensorRT inference...
[09/09/2026-13:51:13] [TRT] [I] Loaded engine size: 7 MiB
[09/09/2026-13:51:13] [TRT] [I] [MemUsageChange] TensorRT-managed allocation in IExecutionContext creation: CPU +0, GPU +3, now: CPU 0, GPU 9 (MiB)
13:51:13  INFO     [RAMS] YOLOv8-nano ready — TensorRT yolov8n.engine (imgsz=320).
WARNING ⚠️ Unable to automatically guess model task, assuming 'task=detect'. Explicitly define task for your model, i.e. 'task=detect', 'segment', 'classify', 'pose', 'obb' or 'semantic'.
Loading yolov8s.engine for TensorRT inference...
[09/09/2026-13:51:13] [TRT] [I] The logger passed into createInferRuntime differs from one already provided for an existing builder, runtime, or refitter. Uses of the global logger, returned by nvinfer1::getLogger(), will return the existing value.
[09/09/2026-13:51:13] [TRT] [I] Loaded engine size: 23 MiB
[09/09/2026-13:51:14] [TRT] [I] [MemUsageChange] TensorRT-managed allocation in IExecutionContext creation: CPU +1, GPU +7, now: CPU 1, GPU 38 (MiB)
13:51:14  INFO     [RAMS] YOLOv8-small ready — TensorRT yolov8s.engine (imgsz=416).
WARNING ⚠️ Unable to automatically guess model task, assuming 'task=detect'. Explicitly define task for your model, i.e. 'task=detect', 'segment', 'classify', 'pose', 'obb' or 'semantic'.
Loading yolov8m.engine for TensorRT inference...
[09/09/2026-13:51:14] [TRT] [I] The logger passed into createInferRuntime differs from one already provided for an existing builder, runtime, or refitter. Uses of the global logger, returned by nvinfer1::getLogger(), will return the existing value.
[09/09/2026-13:51:14] [TRT] [I] Loaded engine size: 52 MiB
[09/09/2026-13:51:14] [TRT] [I] [MemUsageChange] TensorRT-managed allocation in IExecutionContext creation: CPU +0, GPU +29, now: CPU 1, GPU 117 (MiB)
13:51:14  INFO     [RAMS] YOLOv8-medium ready — TensorRT yolov8m.engine (imgsz=640).
13:51:14  INFO     [RAMS] Controller ready. Policy: safety2
13:51:15  INFO     [RAMS] Tier switch: SMALL → MEDIUM  (R=0.496)
13:51:15  INFO       [safety2 / moderate] 20/200  tier=MEDIUM  latency=20.3 ms  R=0.610  target=0.50  dets=21  vru=False  backend=tensorrt
13:51:16  INFO     [RAMS] Tier switch: MEDIUM → NANO  (R=0.539)
13:51:16  INFO     [RAMS] Tier switch: NANO → SMALL  (R=0.556)
13:51:16  INFO     [RAMS] Tier switch: SMALL → MEDIUM  (R=0.556)
13:51:16  INFO       [safety2 / moderate] 40/200  tier=MEDIUM  latency=16.7 ms  R=0.549  target=0.50  dets=13  vru=False  backend=tensorrt
13:51:16  INFO     [RAMS] Tier switch: MEDIUM → NANO  (R=0.597)
13:51:16  INFO     [RAMS] Tier switch: NANO → MEDIUM  (R=0.539)
13:51:16  INFO       [safety2 / moderate] 60/200  tier=MEDIUM  latency=16.0 ms  R=0.539  target=0.50  dets=8  vru=False  backend=tensorrt
13:51:17  INFO       [safety2 / moderate] 80/200  tier=MEDIUM  latency=16.8 ms  R=0.519  target=0.50  dets=8  vru=False  backend=tensorrt
13:51:17  INFO     [RAMS] Tier switch: MEDIUM → NANO  (R=0.601)
13:51:17  INFO       [safety2 / moderate] 100/200  tier=NANO    latency=6.4 ms  R=0.575  target=0.50  dets=1  vru=False  backend=tensorrt
13:51:17  INFO     [RAMS] Tier switch: NANO → SMALL  (R=0.610)
13:51:18  INFO       [safety2 / moderate] 120/200  tier=SMALL   latency=9.7 ms  R=0.522  target=0.50  dets=10  vru=False  backend=tensorrt
13:51:18  INFO     [RAMS] Tier switch: SMALL → MEDIUM  (R=0.562)
13:51:18  INFO       [safety2 / moderate] 140/200  tier=MEDIUM  latency=18.4 ms  R=0.491  target=0.50  dets=8  vru=False  backend=tensorrt
13:51:18  INFO     [RAMS] Tier switch: MEDIUM → SMALL  (R=0.552)
13:51:19  INFO     [RAMS] Tier switch: SMALL → MEDIUM  (R=0.581)
13:51:19  INFO       [safety2 / moderate] 160/200  tier=MEDIUM  latency=14.5 ms  R=0.511  target=0.50  dets=6  vru=False  backend=tensorrt
13:51:19  INFO     [RAMS] Tier switch: MEDIUM → NANO  (R=0.543)
13:51:19  INFO     [RAMS] Tier switch: NANO → SMALL  (R=0.483)
13:51:19  INFO       [safety2 / moderate] 180/200  tier=SMALL   latency=8.9 ms  R=0.491  target=0.50  dets=4  vru=True  backend=tensorrt
13:51:20  INFO     [RAMS] Tier switch: SMALL → MEDIUM  (R=0.495)
13:51:20  INFO       [safety2 / moderate] 200/200  tier=MEDIUM  latency=14.1 ms  R=0.483  target=0.50  dets=5  vru=False  backend=tensorrt
13:51:20  INFO     [RAMS] Controller stopped.
13:51:20  INFO     
--- Block 2/10  Policy: threshold  Load: moderate (50%) ---
13:51:20  INFO     [RAMS] Starting resource monitor ...
13:51:20  INFO     [RAMS] Loading model tiers ...
WARNING ⚠️ Unable to automatically guess model task, assuming 'task=detect'. Explicitly define task for your model, i.e. 'task=detect', 'segment', 'classify', 'pose', 'obb' or 'semantic'.
Loading yolov8n.engine for TensorRT inference...
[09/09/2026-13:51:20] [TRT] [I] Loaded engine size: 7 MiB
[09/09/2026-13:51:20] [TRT] [I] [MemUsageChange] TensorRT-managed allocation in IExecutionContext creation: CPU +0, GPU +3, now: CPU 0, GPU 9 (MiB)
13:51:20  INFO     [RAMS] YOLOv8-nano ready — TensorRT yolov8n.engine (imgsz=320).
WARNING ⚠️ Unable to automatically guess model task, assuming 'task=detect'. Explicitly define task for your model, i.e. 'task=detect', 'segment', 'classify', 'pose', 'obb' or 'semantic'.
Loading yolov8s.engine for TensorRT inference...
[09/09/2026-13:51:20] [TRT] [I] The logger passed into createInferRuntime differs from one already provided for an existing builder, runtime, or refitter. Uses of the global logger, returned by nvinfer1::getLogger(), will return the existing value.
[09/09/2026-13:51:20] [TRT] [I] Loaded engine size: 23 MiB
[09/09/2026-13:51:20] [TRT] [I] [MemUsageChange] TensorRT-managed allocation in IExecutionContext creation: CPU +1, GPU +7, now: CPU 1, GPU 38 (MiB)
13:51:20  INFO     [RAMS] YOLOv8-small ready — TensorRT yolov8s.engine (imgsz=416).
WARNING ⚠️ Unable to automatically guess model task, assuming 'task=detect'. Explicitly define task for your model, i.e. 'task=detect', 'segment', 'classify', 'pose', 'obb' or 'semantic'.
Loading yolov8m.engine for TensorRT inference...
[09/09/2026-13:51:20] [TRT] [I] The logger passed into createInferRuntime differs from one already provided for an existing builder, runtime, or refitter. Uses of the global logger, returned by nvinfer1::getLogger(), will return the existing value.
[09/09/2026-13:51:20] [TRT] [I] Loaded engine size: 52 MiB
[09/09/2026-13:51:20] [TRT] [I] [MemUsageChange] TensorRT-managed allocation in IExecutionContext creation: CPU +0, GPU +29, now: CPU 1, GPU 117 (MiB)
13:51:20  INFO     [RAMS] YOLOv8-medium ready — TensorRT yolov8m.engine (imgsz=640).
13:51:20  INFO     [RAMS] Controller ready. Policy: threshold
13:51:21  INFO     [RAMS] Tier switch: SMALL → NANO  (R=0.537)
13:51:21  INFO     [RAMS] Tier switch: NANO → SMALL  (R=0.494)
13:51:22  INFO       [threshold / moderate] 20/200  tier=SMALL   latency=10.5 ms  R=0.508  target=0.50  dets=16  vru=False  backend=tensorrt
13:51:22  INFO       [threshold / moderate] 40/200  tier=SMALL   latency=8.4 ms  R=0.505  target=0.50  dets=6  vru=False  backend=tensorrt
13:51:22  INFO     [RAMS] Tier switch: SMALL → NANO  (R=0.572)
13:51:22  INFO       [threshold / moderate] 60/200  tier=NANO    latency=6.5 ms  R=0.486  target=0.50  dets=3  vru=False  backend=tensorrt
13:51:22  INFO     [RAMS] Tier switch: NANO → SMALL  (R=0.486)
13:51:23  INFO       [threshold / moderate] 80/200  tier=SMALL   latency=8.2 ms  R=0.500  target=0.50  dets=5  vru=False  backend=tensorrt
13:51:23  INFO       [threshold / moderate] 100/200  tier=SMALL   latency=7.8 ms  R=0.495  target=0.50  dets=2  vru=False  backend=tensorrt
13:51:23  INFO     [RAMS] Tier switch: SMALL → NANO  (R=0.573)
13:51:23  INFO     [RAMS] Tier switch: NANO → SMALL  (R=0.507)
13:51:24  INFO       [threshold / moderate] 120/200  tier=SMALL   latency=9.6 ms  R=0.493  target=0.50  dets=10  vru=False  backend=tensorrt
13:51:24  INFO       [threshold / moderate] 140/200  tier=SMALL   latency=7.9 ms  R=0.501  target=0.50  dets=3  vru=False  backend=tensorrt
13:51:24  INFO     [RAMS] Tier switch: SMALL → NANO  (R=0.543)
13:51:24  INFO     [RAMS] Tier switch: NANO → SMALL  (R=0.509)
13:51:25  INFO       [threshold / moderate] 160/200  tier=SMALL   latency=5.8 ms  R=0.509  target=0.50  dets=0  vru=False  backend=tensorrt
13:51:25  INFO       [threshold / moderate] 180/200  tier=SMALL   latency=8.1 ms  R=0.480  target=0.50  dets=4  vru=True  backend=tensorrt
13:51:25  INFO       [threshold / moderate] 200/200  tier=SMALL   latency=9.4 ms  R=0.570  target=0.50  dets=7  vru=False  backend=tensorrt
13:51:25  INFO     [RAMS] Controller stopped.
13:51:26  INFO     
--- Block 2/10  Policy: fixed_medium  Load: moderate (50%) ---
13:51:26  INFO     [RAMS] Starting resource monitor ...
13:51:26  INFO     [RAMS] Loading model tiers ...
WARNING ⚠️ Unable to automatically guess model task, assuming 'task=detect'. Explicitly define task for your model, i.e. 'task=detect', 'segment', 'classify', 'pose', 'obb' or 'semantic'.
Loading yolov8n.engine for TensorRT inference...
[09/09/2026-13:51:26] [TRT] [I] Loaded engine size: 7 MiB
[09/09/2026-13:51:26] [TRT] [I] [MemUsageChange] TensorRT-managed allocation in IExecutionContext creation: CPU +0, GPU +3, now: CPU 0, GPU 9 (MiB)
13:51:26  INFO     [RAMS] YOLOv8-nano ready — TensorRT yolov8n.engine (imgsz=320).
WARNING ⚠️ Unable to automatically guess model task, assuming 'task=detect'. Explicitly define task for your model, i.e. 'task=detect', 'segment', 'classify', 'pose', 'obb' or 'semantic'.
Loading yolov8s.engine for TensorRT inference...
[09/09/2026-13:51:26] [TRT] [I] The logger passed into createInferRuntime differs from one already provided for an existing builder, runtime, or refitter. Uses of the global logger, returned by nvinfer1::getLogger(), will return the existing value.
[09/09/2026-13:51:26] [TRT] [I] Loaded engine size: 23 MiB
[09/09/2026-13:51:26] [TRT] [I] [MemUsageChange] TensorRT-managed allocation in IExecutionContext creation: CPU +1, GPU +7, now: CPU 1, GPU 38 (MiB)
13:51:26  INFO     [RAMS] YOLOv8-small ready — TensorRT yolov8s.engine (imgsz=416).
WARNING ⚠️ Unable to automatically guess model task, assuming 'task=detect'. Explicitly define task for your model, i.e. 'task=detect', 'segment', 'classify', 'pose', 'obb' or 'semantic'.
Loading yolov8m.engine for TensorRT inference...
[09/09/2026-13:51:26] [TRT] [I] The logger passed into createInferRuntime differs from one already provided for an existing builder, runtime, or refitter. Uses of the global logger, returned by nvinfer1::getLogger(), will return the existing value.
[09/09/2026-13:51:26] [TRT] [I] Loaded engine size: 52 MiB
[09/09/2026-13:51:26] [TRT] [I] [MemUsageChange] TensorRT-managed allocation in IExecutionContext creation: CPU +0, GPU +29, now: CPU 1, GPU 117 (MiB)
13:51:26  INFO     [RAMS] YOLOv8-medium ready — TensorRT yolov8m.engine (imgsz=640).
13:51:26  INFO     [RAMS] Controller ready. Policy: fixed
13:51:27  INFO     [RAMS] Tier switch: SMALL → MEDIUM  (R=0.413)
13:51:27  INFO       [fixed_medium / moderate] 20/200  tier=MEDIUM  latency=20.9 ms  R=0.503  target=0.50  dets=21  vru=False  backend=tensorrt
13:51:28  INFO       [fixed_medium / moderate] 40/200  tier=MEDIUM  latency=16.0 ms  R=0.547  target=0.50  dets=13  vru=False  backend=tensorrt
13:51:28  INFO       [fixed_medium / moderate] 60/200  tier=MEDIUM  latency=14.9 ms  R=0.585  target=0.50  dets=8  vru=False  backend=tensorrt
13:51:29  INFO       [fixed_medium / moderate] 80/200  tier=MEDIUM  latency=14.8 ms  R=0.544  target=0.50  dets=8  vru=False  backend=tensorrt
13:51:30  INFO       [fixed_medium / moderate] 100/200  tier=MEDIUM  latency=13.7 ms  R=0.544  target=0.50  dets=2  vru=False  backend=tensorrt
13:51:30  INFO       [fixed_medium / moderate] 120/200  tier=MEDIUM  latency=15.2 ms  R=0.527  target=0.50  dets=10  vru=False  backend=tensorrt
13:51:31  INFO       [fixed_medium / moderate] 140/200  tier=MEDIUM  latency=15.1 ms  R=0.545  target=0.50  dets=8  vru=False  backend=tensorrt
13:51:31  INFO       [fixed_medium / moderate] 160/200  tier=MEDIUM  latency=14.6 ms  R=0.538  target=0.50  dets=6  vru=False  backend=tensorrt
13:51:32  INFO       [fixed_medium / moderate] 180/200  tier=MEDIUM  latency=14.1 ms  R=0.498  target=0.50  dets=4  vru=False  backend=tensorrt
13:51:32  INFO       [fixed_medium / moderate] 200/200  tier=MEDIUM  latency=17.4 ms  R=0.462  target=0.50  dets=5  vru=False  backend=tensorrt
13:51:32  INFO     [RAMS] Controller stopped.
13:51:33  INFO     
--- Block 2/10  Policy: fixed_small  Load: moderate (50%) ---
13:51:33  INFO     [RAMS] Starting resource monitor ...
13:51:33  INFO     [RAMS] Loading model tiers ...
WARNING ⚠️ Unable to automatically guess model task, assuming 'task=detect'. Explicitly define task for your model, i.e. 'task=detect', 'segment', 'classify', 'pose', 'obb' or 'semantic'.
Loading yolov8n.engine for TensorRT inference...
[09/09/2026-13:51:33] [TRT] [I] Loaded engine size: 7 MiB
[09/09/2026-13:51:33] [TRT] [I] [MemUsageChange] TensorRT-managed allocation in IExecutionContext creation: CPU +0, GPU +3, now: CPU 0, GPU 9 (MiB)
13:51:33  INFO     [RAMS] YOLOv8-nano ready — TensorRT yolov8n.engine (imgsz=320).
WARNING ⚠️ Unable to automatically guess model task, assuming 'task=detect'. Explicitly define task for your model, i.e. 'task=detect', 'segment', 'classify', 'pose', 'obb' or 'semantic'.
Loading yolov8s.engine for TensorRT inference...
[09/09/2026-13:51:33] [TRT] [I] The logger passed into createInferRuntime differs from one already provided for an existing builder, runtime, or refitter. Uses of the global logger, returned by nvinfer1::getLogger(), will return the existing value.
[09/09/2026-13:51:33] [TRT] [I] Loaded engine size: 23 MiB
[09/09/2026-13:51:33] [TRT] [I] [MemUsageChange] TensorRT-managed allocation in IExecutionContext creation: CPU +1, GPU +7, now: CPU 1, GPU 38 (MiB)
13:51:33  INFO     [RAMS] YOLOv8-small ready — TensorRT yolov8s.engine (imgsz=416).
WARNING ⚠️ Unable to automatically guess model task, assuming 'task=detect'. Explicitly define task for your model, i.e. 'task=detect', 'segment', 'classify', 'pose', 'obb' or 'semantic'.
Loading yolov8m.engine for TensorRT inference...
[09/09/2026-13:51:33] [TRT] [I] The logger passed into createInferRuntime differs from one already provided for an existing builder, runtime, or refitter. Uses of the global logger, returned by nvinfer1::getLogger(), will return the existing value.
[09/09/2026-13:51:33] [TRT] [I] Loaded engine size: 52 MiB
[09/09/2026-13:51:33] [TRT] [I] [MemUsageChange] TensorRT-managed allocation in IExecutionContext creation: CPU +0, GPU +29, now: CPU 1, GPU 117 (MiB)
13:51:33  INFO     [RAMS] YOLOv8-medium ready — TensorRT yolov8m.engine (imgsz=640).
13:51:33  INFO     [RAMS] Controller ready. Policy: fixed
13:51:34  INFO       [fixed_small / moderate] 20/200  tier=SMALL   latency=10.9 ms  R=0.548  target=0.50  dets=16  vru=False  backend=tensorrt
13:51:35  INFO       [fixed_small / moderate] 40/200  tier=SMALL   latency=10.0 ms  R=0.574  target=0.50  dets=6  vru=False  backend=tensorrt
13:51:35  INFO       [fixed_small / moderate] 60/200  tier=SMALL   latency=8.6 ms  R=0.565  target=0.50  dets=6  vru=False  backend=tensorrt
13:51:36  INFO       [fixed_small / moderate] 80/200  tier=SMALL   latency=8.6 ms  R=0.558  target=0.50  dets=5  vru=False  backend=tensorrt
13:51:36  INFO       [fixed_small / moderate] 100/200  tier=SMALL   latency=8.1 ms  R=0.574  target=0.50  dets=2  vru=False  backend=tensorrt
13:51:36  INFO       [fixed_small / moderate] 120/200  tier=SMALL   latency=9.9 ms  R=0.553  target=0.50  dets=10  vru=False  backend=tensorrt
13:51:37  INFO       [fixed_small / moderate] 140/200  tier=SMALL   latency=10.0 ms  R=0.557  target=0.50  dets=3  vru=False  backend=tensorrt
13:51:37  INFO       [fixed_small / moderate] 160/200  tier=SMALL   latency=6.3 ms  R=0.720  target=0.50  dets=0  vru=False  backend=tensorrt
13:51:38  INFO       [fixed_small / moderate] 180/200  tier=SMALL   latency=8.3 ms  R=0.567  target=0.50  dets=4  vru=True  backend=tensorrt
13:51:38  INFO       [fixed_small / moderate] 200/200  tier=SMALL   latency=8.9 ms  R=0.576  target=0.50  dets=7  vru=False  backend=tensorrt
13:51:38  INFO     [RAMS] Controller stopped.
13:51:38  INFO     
--- Block 2/10  Policy: safety  Load: moderate (50%) ---
13:51:38  INFO     [RAMS] Starting resource monitor ...
13:51:38  INFO     [RAMS] Loading model tiers ...
WARNING ⚠️ Unable to automatically guess model task, assuming 'task=detect'. Explicitly define task for your model, i.e. 'task=detect', 'segment', 'classify', 'pose', 'obb' or 'semantic'.
Loading yolov8n.engine for TensorRT inference...
[09/09/2026-13:51:38] [TRT] [I] Loaded engine size: 7 MiB
[09/09/2026-13:51:38] [TRT] [I] [MemUsageChange] TensorRT-managed allocation in IExecutionContext creation: CPU +0, GPU +3, now: CPU 0, GPU 9 (MiB)
13:51:38  INFO     [RAMS] YOLOv8-nano ready — TensorRT yolov8n.engine (imgsz=320).
WARNING ⚠️ Unable to automatically guess model task, assuming 'task=detect'. Explicitly define task for your model, i.e. 'task=detect', 'segment', 'classify', 'pose', 'obb' or 'semantic'.
Loading yolov8s.engine for TensorRT inference...
[09/09/2026-13:51:38] [TRT] [I] The logger passed into createInferRuntime differs from one already provided for an existing builder, runtime, or refitter. Uses of the global logger, returned by nvinfer1::getLogger(), will return the existing value.
[09/09/2026-13:51:39] [TRT] [I] Loaded engine size: 23 MiB
[09/09/2026-13:51:39] [TRT] [I] [MemUsageChange] TensorRT-managed allocation in IExecutionContext creation: CPU +1, GPU +7, now: CPU 1, GPU 38 (MiB)
13:51:39  INFO     [RAMS] YOLOv8-small ready — TensorRT yolov8s.engine (imgsz=416).
WARNING ⚠️ Unable to automatically guess model task, assuming 'task=detect'. Explicitly define task for your model, i.e. 'task=detect', 'segment', 'classify', 'pose', 'obb' or 'semantic'.
Loading yolov8m.engine for TensorRT inference...
[09/09/2026-13:51:39] [TRT] [I] The logger passed into createInferRuntime differs from one already provided for an existing builder, runtime, or refitter. Uses of the global logger, returned by nvinfer1::getLogger(), will return the existing value.
[09/09/2026-13:51:39] [TRT] [I] Loaded engine size: 52 MiB
[09/09/2026-13:51:39] [TRT] [I] [MemUsageChange] TensorRT-managed allocation in IExecutionContext creation: CPU +0, GPU +29, now: CPU 1, GPU 117 (MiB)
13:51:39  INFO     [RAMS] YOLOv8-medium ready — TensorRT yolov8m.engine (imgsz=640).
13:51:39  INFO     [RAMS] Controller ready. Policy: safety
13:51:40  INFO       [safety / moderate] 20/200  tier=SMALL   latency=10.5 ms  R=0.503  target=0.50  dets=16  vru=False  backend=tensorrt
13:51:41  INFO       [safety / moderate] 40/200  tier=SMALL   latency=8.4 ms  R=0.501  target=0.50  dets=6  vru=False  backend=tensorrt
13:51:41  INFO       [safety / moderate] 60/200  tier=SMALL   latency=8.4 ms  R=0.498  target=0.50  dets=6  vru=False  backend=tensorrt
13:51:41  INFO       [safety / moderate] 80/200  tier=SMALL   latency=9.1 ms  R=0.487  target=0.50  dets=5  vru=False  backend=tensorrt
13:51:42  INFO       [safety / moderate] 100/200  tier=SMALL   latency=7.5 ms  R=0.503  target=0.50  dets=2  vru=False  backend=tensorrt
13:51:42  INFO       [safety / moderate] 120/200  tier=SMALL   latency=9.1 ms  R=0.500  target=0.50  dets=10  vru=False  backend=tensorrt
13:51:43  INFO       [safety / moderate] 140/200  tier=SMALL   latency=7.8 ms  R=0.501  target=0.50  dets=3  vru=False  backend=tensorrt
13:51:43  INFO       [safety / moderate] 160/200  tier=SMALL   latency=5.9 ms  R=0.503  target=0.50  dets=0  vru=False  backend=tensorrt
13:51:43  INFO       [safety / moderate] 180/200  tier=SMALL   latency=8.5 ms  R=0.477  target=0.50  dets=4  vru=True  backend=tensorrt
13:51:44  INFO       [safety / moderate] 200/200  tier=SMALL   latency=8.6 ms  R=0.489  target=0.50  dets=7  vru=False  backend=tensorrt
13:51:44  INFO     [RAMS] Controller stopped.
13:51:44  INFO     
--- Block 2/10  Policy: adaptive  Load: moderate (50%) ---
13:51:44  INFO     [RAMS] Starting resource monitor ...
13:51:44  INFO     [RAMS] Loading model tiers ...
WARNING ⚠️ Unable to automatically guess model task, assuming 'task=detect'. Explicitly define task for your model, i.e. 'task=detect', 'segment', 'classify', 'pose', 'obb' or 'semantic'.
Loading yolov8n.engine for TensorRT inference...
[09/09/2026-13:51:44] [TRT] [I] Loaded engine size: 7 MiB
[09/09/2026-13:51:44] [TRT] [I] [MemUsageChange] TensorRT-managed allocation in IExecutionContext creation: CPU +0, GPU +3, now: CPU 0, GPU 9 (MiB)
13:51:44  INFO     [RAMS] YOLOv8-nano ready — TensorRT yolov8n.engine (imgsz=320).
WARNING ⚠️ Unable to automatically guess model task, assuming 'task=detect'. Explicitly define task for your model, i.e. 'task=detect', 'segment', 'classify', 'pose', 'obb' or 'semantic'.
Loading yolov8s.engine for TensorRT inference...
[09/09/2026-13:51:44] [TRT] [I] The logger passed into createInferRuntime differs from one already provided for an existing builder, runtime, or refitter. Uses of the global logger, returned by nvinfer1::getLogger(), will return the existing value.
[09/09/2026-13:51:44] [TRT] [I] Loaded engine size: 23 MiB
[09/09/2026-13:51:44] [TRT] [I] [MemUsageChange] TensorRT-managed allocation in IExecutionContext creation: CPU +1, GPU +7, now: CPU 1, GPU 38 (MiB)
13:51:44  INFO     [RAMS] YOLOv8-small ready — TensorRT yolov8s.engine (imgsz=416).
WARNING ⚠️ Unable to automatically guess model task, assuming 'task=detect'. Explicitly define task for your model, i.e. 'task=detect', 'segment', 'classify', 'pose', 'obb' or 'semantic'.
Loading yolov8m.engine for TensorRT inference...
[09/09/2026-13:51:44] [TRT] [I] The logger passed into createInferRuntime differs from one already provided for an existing builder, runtime, or refitter. Uses of the global logger, returned by nvinfer1::getLogger(), will return the existing value.
[09/09/2026-13:51:44] [TRT] [I] Loaded engine size: 52 MiB
[09/09/2026-13:51:44] [TRT] [I] [MemUsageChange] TensorRT-managed allocation in IExecutionContext creation: CPU +0, GPU +29, now: CPU 1, GPU 117 (MiB)
13:51:44  INFO     [RAMS] YOLOv8-medium ready — TensorRT yolov8m.engine (imgsz=640).
13:51:44  INFO     [RAMS] Controller ready. Policy: adaptive
13:51:46  INFO       [adaptive / moderate] 20/200  tier=SMALL   latency=10.5 ms  R=0.494  target=0.50  dets=16  vru=False  backend=tensorrt
13:51:46  INFO       [adaptive / moderate] 40/200  tier=SMALL   latency=8.4 ms  R=0.496  target=0.50  dets=6  vru=False  backend=tensorrt
13:51:47  INFO       [adaptive / moderate] 60/200  tier=SMALL   latency=9.0 ms  R=0.561  target=0.50  dets=6  vru=False  backend=tensorrt
13:51:47  INFO       [adaptive / moderate] 80/200  tier=SMALL   latency=8.2 ms  R=0.493  target=0.50  dets=5  vru=False  backend=tensorrt
13:51:47  INFO       [adaptive / moderate] 100/200  tier=SMALL   latency=8.5 ms  R=0.517  target=0.50  dets=2  vru=False  backend=tensorrt
13:51:48  INFO       [adaptive / moderate] 120/200  tier=SMALL   latency=9.2 ms  R=0.483  target=0.50  dets=10  vru=False  backend=tensorrt
13:51:48  INFO       [adaptive / moderate] 140/200  tier=SMALL   latency=7.7 ms  R=0.529  target=0.50  dets=3  vru=False  backend=tensorrt
13:51:49  INFO       [adaptive / moderate] 160/200  tier=SMALL   latency=5.8 ms  R=0.501  target=0.50  dets=0  vru=False  backend=tensorrt
13:51:49  INFO       [adaptive / moderate] 180/200  tier=SMALL   latency=9.1 ms  R=0.487  target=0.50  dets=4  vru=True  backend=tensorrt
13:51:49  INFO       [adaptive / moderate] 200/200  tier=SMALL   latency=8.6 ms  R=0.541  target=0.50  dets=7  vru=False  backend=tensorrt
13:51:50  INFO     [RAMS] Controller stopped.
13:51:50  INFO     
--- Block 2/10  Policy: fixed_nano  Load: moderate (50%) ---
13:51:50  INFO     [RAMS] Starting resource monitor ...
13:51:50  INFO     [RAMS] Loading model tiers ...
WARNING ⚠️ Unable to automatically guess model task, assuming 'task=detect'. Explicitly define task for your model, i.e. 'task=detect', 'segment', 'classify', 'pose', 'obb' or 'semantic'.
Loading yolov8n.engine for TensorRT inference...
[09/09/2026-13:51:50] [TRT] [I] Loaded engine size: 7 MiB
[09/09/2026-13:51:50] [TRT] [I] [MemUsageChange] TensorRT-managed allocation in IExecutionContext creation: CPU +0, GPU +3, now: CPU 0, GPU 9 (MiB)
13:51:50  INFO     [RAMS] YOLOv8-nano ready — TensorRT yolov8n.engine (imgsz=320).
WARNING ⚠️ Unable to automatically guess model task, assuming 'task=detect'. Explicitly define task for your model, i.e. 'task=detect', 'segment', 'classify', 'pose', 'obb' or 'semantic'.
Loading yolov8s.engine for TensorRT inference...
[09/09/2026-13:51:50] [TRT] [I] The logger passed into createInferRuntime differs from one already provided for an existing builder, runtime, or refitter. Uses of the global logger, returned by nvinfer1::getLogger(), will return the existing value.
[09/09/2026-13:51:50] [TRT] [I] Loaded engine size: 23 MiB
[09/09/2026-13:51:50] [TRT] [I] [MemUsageChange] TensorRT-managed allocation in IExecutionContext creation: CPU +1, GPU +7, now: CPU 1, GPU 38 (MiB)
13:51:50  INFO     [RAMS] YOLOv8-small ready — TensorRT yolov8s.engine (imgsz=416).
WARNING ⚠️ Unable to automatically guess model task, assuming 'task=detect'. Explicitly define task for your model, i.e. 'task=detect', 'segment', 'classify', 'pose', 'obb' or 'semantic'.
Loading yolov8m.engine for TensorRT inference...
[09/09/2026-13:51:50] [TRT] [I] The logger passed into createInferRuntime differs from one already provided for an existing builder, runtime, or refitter. Uses of the global logger, returned by nvinfer1::getLogger(), will return the existing value.
[09/09/2026-13:51:50] [TRT] [I] Loaded engine size: 52 MiB
[09/09/2026-13:51:50] [TRT] [I] [MemUsageChange] TensorRT-managed allocation in IExecutionContext creation: CPU +0, GPU +29, now: CPU 1, GPU 117 (MiB)
13:51:50  INFO     [RAMS] YOLOv8-medium ready — TensorRT yolov8m.engine (imgsz=640).
13:51:50  INFO     [RAMS] Controller ready. Policy: fixed
13:51:51  INFO     [RAMS] Tier switch: SMALL → NANO  (R=0.416)
13:51:51  INFO       [fixed_nano / moderate] 20/200  tier=NANO    latency=8.7 ms  R=0.492  target=0.50  dets=14  vru=False  backend=tensorrt
13:51:52  INFO       [fixed_nano / moderate] 40/200  tier=NANO    latency=6.5 ms  R=0.492  target=0.50  dets=4  vru=False  backend=tensorrt
13:51:52  INFO       [fixed_nano / moderate] 60/200  tier=NANO    latency=6.4 ms  R=0.487  target=0.50  dets=3  vru=False  backend=tensorrt
13:51:52  INFO       [fixed_nano / moderate] 80/200  tier=NANO    latency=7.5 ms  R=0.487  target=0.50  dets=5  vru=False  backend=tensorrt
13:51:53  INFO       [fixed_nano / moderate] 100/200  tier=NANO    latency=6.0 ms  R=0.487  target=0.50  dets=1  vru=False  backend=tensorrt
13:51:53  INFO       [fixed_nano / moderate] 120/200  tier=NANO    latency=7.2 ms  R=0.490  target=0.50  dets=4  vru=False  backend=tensorrt
13:51:54  INFO       [fixed_nano / moderate] 140/200  tier=NANO    latency=6.3 ms  R=0.513  target=0.50  dets=2  vru=False  backend=tensorrt
13:51:54  INFO       [fixed_nano / moderate] 160/200  tier=NANO    latency=4.5 ms  R=0.491  target=0.50  dets=0  vru=False  backend=tensorrt
13:51:54  INFO       [fixed_nano / moderate] 180/200  tier=NANO    latency=6.3 ms  R=0.507  target=0.50  dets=2  vru=False  backend=tensorrt
13:51:55  INFO       [fixed_nano / moderate] 200/200  tier=NANO    latency=13.2 ms  R=0.551  target=0.50  dets=6  vru=False  backend=tensorrt
13:51:55  INFO     [RAMS] Controller stopped.
13:51:55  INFO     
--- Block 2/10  Policy: predictive  Load: moderate (50%) ---
13:51:55  INFO     [RAMS] Starting resource monitor ...
13:51:55  INFO     [RAMS] Loading model tiers ...
WARNING ⚠️ Unable to automatically guess model task, assuming 'task=detect'. Explicitly define task for your model, i.e. 'task=detect', 'segment', 'classify', 'pose', 'obb' or 'semantic'.
Loading yolov8n.engine for TensorRT inference...
[09/09/2026-13:51:55] [TRT] [I] Loaded engine size: 7 MiB
[09/09/2026-13:51:55] [TRT] [I] [MemUsageChange] TensorRT-managed allocation in IExecutionContext creation: CPU +0, GPU +3, now: CPU 0, GPU 9 (MiB)
13:51:55  INFO     [RAMS] YOLOv8-nano ready — TensorRT yolov8n.engine (imgsz=320).
WARNING ⚠️ Unable to automatically guess model task, assuming 'task=detect'. Explicitly define task for your model, i.e. 'task=detect', 'segment', 'classify', 'pose', 'obb' or 'semantic'.
Loading yolov8s.engine for TensorRT inference...
[09/09/2026-13:51:55] [TRT] [I] The logger passed into createInferRuntime differs from one already provided for an existing builder, runtime, or refitter. Uses of the global logger, returned by nvinfer1::getLogger(), will return the existing value.
[09/09/2026-13:51:55] [TRT] [I] Loaded engine size: 23 MiB
[09/09/2026-13:51:55] [TRT] [I] [MemUsageChange] TensorRT-managed allocation in IExecutionContext creation: CPU +1, GPU +7, now: CPU 1, GPU 38 (MiB)
13:51:55  INFO     [RAMS] YOLOv8-small ready — TensorRT yolov8s.engine (imgsz=416).
WARNING ⚠️ Unable to automatically guess model task, assuming 'task=detect'. Explicitly define task for your model, i.e. 'task=detect', 'segment', 'classify', 'pose', 'obb' or 'semantic'.
Loading yolov8m.engine for TensorRT inference...
[09/09/2026-13:51:55] [TRT] [I] The logger passed into createInferRuntime differs from one already provided for an existing builder, runtime, or refitter. Uses of the global logger, returned by nvinfer1::getLogger(), will return the existing value.
[09/09/2026-13:51:55] [TRT] [I] Loaded engine size: 52 MiB
[09/09/2026-13:51:55] [TRT] [I] [MemUsageChange] TensorRT-managed allocation in IExecutionContext creation: CPU +0, GPU +29, now: CPU 1, GPU 117 (MiB)
13:51:55  INFO     [RAMS] YOLOv8-medium ready — TensorRT yolov8m.engine (imgsz=640).
13:51:55  INFO     [RAMS] Controller ready. Policy: predictive
13:51:56  INFO     [RAMS] Tier switch: SMALL → NANO  (R=0.598)
13:51:57  INFO       [predictive / moderate] 20/200  tier=NANO    latency=12.2 ms  R=0.590  target=0.50  dets=14  vru=False  backend=tensorrt
13:51:57  INFO       [predictive / moderate] 40/200  tier=NANO    latency=6.9 ms  R=0.556  target=0.50  dets=4  vru=False  backend=tensorrt
13:51:57  INFO       [predictive / moderate] 60/200  tier=NANO    latency=7.1 ms  R=0.558  target=0.50  dets=3  vru=False  backend=tensorrt
13:51:58  INFO       [predictive / moderate] 80/200  tier=NANO    latency=7.6 ms  R=0.557  target=0.50  dets=5  vru=False  backend=tensorrt
13:51:58  INFO       [predictive / moderate] 100/200  tier=NANO    latency=6.2 ms  R=0.563  target=0.50  dets=1  vru=False  backend=tensorrt
13:51:59  INFO       [predictive / moderate] 120/200  tier=NANO    latency=7.0 ms  R=0.564  target=0.50  dets=4  vru=False  backend=tensorrt
13:51:59  INFO     [RAMS] Tier switch: NANO → SMALL  (R=0.531)
13:51:59  INFO     [RAMS] Tier switch: SMALL → NANO  (R=0.545)
13:51:59  INFO       [predictive / moderate] 140/200  tier=NANO    latency=6.6 ms  R=0.549  target=0.50  dets=2  vru=False  backend=tensorrt
13:51:59  INFO       [predictive / moderate] 160/200  tier=NANO    latency=4.8 ms  R=0.566  target=0.50  dets=0  vru=False  backend=tensorrt
13:52:00  INFO       [predictive / moderate] 180/200  tier=NANO    latency=6.5 ms  R=0.553  target=0.50  dets=2  vru=False  backend=tensorrt
13:52:00  INFO       [predictive / moderate] 200/200  tier=NANO    latency=7.4 ms  R=0.559  target=0.50  dets=6  vru=False  backend=tensorrt
13:52:00  INFO     [RAMS] Controller stopped.
13:52:00  INFO     
--- Block 3/10  Policy: threshold  Load: moderate (50%) ---
13:52:00  INFO     [RAMS] Starting resource monitor ...
13:52:00  INFO     [RAMS] Loading model tiers ...
WARNING ⚠️ Unable to automatically guess model task, assuming 'task=detect'. Explicitly define task for your model, i.e. 'task=detect', 'segment', 'classify', 'pose', 'obb' or 'semantic'.
Loading yolov8n.engine for TensorRT inference...
[09/09/2026-13:52:00] [TRT] [I] Loaded engine size: 7 MiB
[09/09/2026-13:52:00] [TRT] [I] [MemUsageChange] TensorRT-managed allocation in IExecutionContext creation: CPU +0, GPU +3, now: CPU 0, GPU 9 (MiB)
13:52:00  INFO     [RAMS] YOLOv8-nano ready — TensorRT yolov8n.engine (imgsz=320).
WARNING ⚠️ Unable to automatically guess model task, assuming 'task=detect'. Explicitly define task for your model, i.e. 'task=detect', 'segment', 'classify', 'pose', 'obb' or 'semantic'.
Loading yolov8s.engine for TensorRT inference...
[09/09/2026-13:52:00] [TRT] [I] The logger passed into createInferRuntime differs from one already provided for an existing builder, runtime, or refitter. Uses of the global logger, returned by nvinfer1::getLogger(), will return the existing value.
[09/09/2026-13:52:00] [TRT] [I] Loaded engine size: 23 MiB
[09/09/2026-13:52:00] [TRT] [I] [MemUsageChange] TensorRT-managed allocation in IExecutionContext creation: CPU +1, GPU +7, now: CPU 1, GPU 38 (MiB)
13:52:00  INFO     [RAMS] YOLOv8-small ready — TensorRT yolov8s.engine (imgsz=416).
WARNING ⚠️ Unable to automatically guess model task, assuming 'task=detect'. Explicitly define task for your model, i.e. 'task=detect', 'segment', 'classify', 'pose', 'obb' or 'semantic'.
Loading yolov8m.engine for TensorRT inference...
[09/09/2026-13:52:00] [TRT] [I] The logger passed into createInferRuntime differs from one already provided for an existing builder, runtime, or refitter. Uses of the global logger, returned by nvinfer1::getLogger(), will return the existing value.
[09/09/2026-13:52:01] [TRT] [I] Loaded engine size: 52 MiB
[09/09/2026-13:52:01] [TRT] [I] [MemUsageChange] TensorRT-managed allocation in IExecutionContext creation: CPU +0, GPU +29, now: CPU 1, GPU 117 (MiB)
13:52:01  INFO     [RAMS] YOLOv8-medium ready — TensorRT yolov8m.engine (imgsz=640).
13:52:01  INFO     [RAMS] Controller ready. Policy: threshold
13:52:02  INFO       [threshold / moderate] 20/200  tier=SMALL   latency=8.6 ms  R=0.507  target=0.50  dets=7  vru=False  backend=tensorrt
13:52:02  INFO       [threshold / moderate] 40/200  tier=SMALL   latency=9.3 ms  R=0.487  target=0.50  dets=9  vru=False  backend=tensorrt
13:52:02  INFO     [RAMS] Tier switch: SMALL → NANO  (R=0.573)
13:52:03  INFO     [RAMS] Tier switch: NANO → SMALL  (R=0.509)
13:52:03  INFO       [threshold / moderate] 60/200  tier=SMALL   latency=16.3 ms  R=0.482  target=0.50  dets=14  vru=False  backend=tensorrt
13:52:03  INFO       [threshold / moderate] 80/200  tier=SMALL   latency=10.2 ms  R=0.497  target=0.50  dets=15  vru=True  backend=tensorrt
13:52:03  INFO     [RAMS] Tier switch: SMALL → NANO  (R=0.589)
13:52:04  INFO     [RAMS] Tier switch: NANO → SMALL  (R=0.495)
13:52:04  INFO       [threshold / moderate] 100/200  tier=SMALL   latency=7.5 ms  R=0.495  target=0.50  dets=2  vru=False  backend=tensorrt
13:52:04  INFO       [threshold / moderate] 120/200  tier=SMALL   latency=8.2 ms  R=0.497  target=0.50  dets=5  vru=False  backend=tensorrt
13:52:04  INFO       [threshold / moderate] 140/200  tier=SMALL   latency=7.8 ms  R=0.561  target=0.50  dets=3  vru=True  backend=tensorrt
13:52:04  INFO     [RAMS] Tier switch: SMALL → NANO  (R=0.561)
13:52:05  INFO     [RAMS] Tier switch: NANO → SMALL  (R=0.482)
13:52:05  INFO       [threshold / moderate] 160/200  tier=SMALL   latency=7.5 ms  R=0.497  target=0.50  dets=2  vru=False  backend=tensorrt
13:52:05  INFO       [threshold / moderate] 180/200  tier=SMALL   latency=8.3 ms  R=0.495  target=0.50  dets=6  vru=False  backend=tensorrt
13:52:05  INFO     [RAMS] Tier switch: SMALL → NANO  (R=0.581)
13:52:06  INFO     [RAMS] Tier switch: NANO → SMALL  (R=0.495)
13:52:06  INFO       [threshold / moderate] 200/200  tier=SMALL   latency=8.2 ms  R=0.503  target=0.50  dets=5  vru=False  backend=tensorrt
13:52:06  INFO     [RAMS] Controller stopped.
13:52:06  INFO     
--- Block 3/10  Policy: adaptive  Load: moderate (50%) ---
13:52:06  INFO     [RAMS] Starting resource monitor ...
13:52:06  INFO     [RAMS] Loading model tiers ...
WARNING ⚠️ Unable to automatically guess model task, assuming 'task=detect'. Explicitly define task for your model, i.e. 'task=detect', 'segment', 'classify', 'pose', 'obb' or 'semantic'.
Loading yolov8n.engine for TensorRT inference...
[09/09/2026-13:52:06] [TRT] [I] Loaded engine size: 7 MiB
[09/09/2026-13:52:06] [TRT] [I] [MemUsageChange] TensorRT-managed allocation in IExecutionContext creation: CPU +0, GPU +3, now: CPU 0, GPU 9 (MiB)
13:52:06  INFO     [RAMS] YOLOv8-nano ready — TensorRT yolov8n.engine (imgsz=320).
WARNING ⚠️ Unable to automatically guess model task, assuming 'task=detect'. Explicitly define task for your model, i.e. 'task=detect', 'segment', 'classify', 'pose', 'obb' or 'semantic'.
Loading yolov8s.engine for TensorRT inference...
[09/09/2026-13:52:06] [TRT] [I] The logger passed into createInferRuntime differs from one already provided for an existing builder, runtime, or refitter. Uses of the global logger, returned by nvinfer1::getLogger(), will return the existing value.
[09/09/2026-13:52:06] [TRT] [I] Loaded engine size: 23 MiB
[09/09/2026-13:52:06] [TRT] [I] [MemUsageChange] TensorRT-managed allocation in IExecutionContext creation: CPU +1, GPU +7, now: CPU 1, GPU 38 (MiB)
13:52:06  INFO     [RAMS] YOLOv8-small ready — TensorRT yolov8s.engine (imgsz=416).
WARNING ⚠️ Unable to automatically guess model task, assuming 'task=detect'. Explicitly define task for your model, i.e. 'task=detect', 'segment', 'classify', 'pose', 'obb' or 'semantic'.
Loading yolov8m.engine for TensorRT inference...
[09/09/2026-13:52:06] [TRT] [I] The logger passed into createInferRuntime differs from one already provided for an existing builder, runtime, or refitter. Uses of the global logger, returned by nvinfer1::getLogger(), will return the existing value.
[09/09/2026-13:52:06] [TRT] [I] Loaded engine size: 52 MiB
[09/09/2026-13:52:06] [TRT] [I] [MemUsageChange] TensorRT-managed allocation in IExecutionContext creation: CPU +0, GPU +29, now: CPU 1, GPU 117 (MiB)
13:52:06  INFO     [RAMS] YOLOv8-medium ready — TensorRT yolov8m.engine (imgsz=640).
13:52:06  INFO     [RAMS] Controller ready. Policy: adaptive
13:52:08  INFO       [adaptive / moderate] 20/200  tier=SMALL   latency=8.8 ms  R=0.482  target=0.50  dets=7  vru=False  backend=tensorrt
13:52:08  INFO       [adaptive / moderate] 40/200  tier=SMALL   latency=9.1 ms  R=0.503  target=0.50  dets=9  vru=False  backend=tensorrt
13:52:08  INFO       [adaptive / moderate] 60/200  tier=SMALL   latency=10.9 ms  R=0.525  target=0.50  dets=14  vru=False  backend=tensorrt
13:52:09  INFO       [adaptive / moderate] 80/200  tier=SMALL   latency=10.1 ms  R=0.483  target=0.50  dets=15  vru=True  backend=tensorrt
13:52:09  INFO       [adaptive / moderate] 100/200  tier=SMALL   latency=7.5 ms  R=0.485  target=0.50  dets=2  vru=False  backend=tensorrt
13:52:10  INFO       [adaptive / moderate] 120/200  tier=SMALL   latency=8.1 ms  R=0.485  target=0.50  dets=5  vru=False  backend=tensorrt
13:52:10  INFO       [adaptive / moderate] 140/200  tier=SMALL   latency=7.9 ms  R=0.492  target=0.50  dets=3  vru=True  backend=tensorrt
13:52:10  INFO       [adaptive / moderate] 160/200  tier=SMALL   latency=7.8 ms  R=0.526  target=0.50  dets=2  vru=False  backend=tensorrt
13:52:11  INFO       [adaptive / moderate] 180/200  tier=SMALL   latency=8.3 ms  R=0.502  target=0.50  dets=6  vru=False  backend=tensorrt
13:52:11  INFO       [adaptive / moderate] 200/200  tier=SMALL   latency=8.1 ms  R=0.489  target=0.50  dets=5  vru=False  backend=tensorrt
13:52:11  INFO     [RAMS] Controller stopped.
13:52:11  INFO     
--- Block 3/10  Policy: predictive  Load: moderate (50%) ---
13:52:11  INFO     [RAMS] Starting resource monitor ...
13:52:11  INFO     [RAMS] Loading model tiers ...
WARNING ⚠️ Unable to automatically guess model task, assuming 'task=detect'. Explicitly define task for your model, i.e. 'task=detect', 'segment', 'classify', 'pose', 'obb' or 'semantic'.
Loading yolov8n.engine for TensorRT inference...
[09/09/2026-13:52:11] [TRT] [I] Loaded engine size: 7 MiB
[09/09/2026-13:52:11] [TRT] [I] [MemUsageChange] TensorRT-managed allocation in IExecutionContext creation: CPU +0, GPU +3, now: CPU 0, GPU 9 (MiB)
13:52:12  INFO     [RAMS] YOLOv8-nano ready — TensorRT yolov8n.engine (imgsz=320).
WARNING ⚠️ Unable to automatically guess model task, assuming 'task=detect'. Explicitly define task for your model, i.e. 'task=detect', 'segment', 'classify', 'pose', 'obb' or 'semantic'.
Loading yolov8s.engine for TensorRT inference...
[09/09/2026-13:52:12] [TRT] [I] The logger passed into createInferRuntime differs from one already provided for an existing builder, runtime, or refitter. Uses of the global logger, returned by nvinfer1::getLogger(), will return the existing value.
[09/09/2026-13:52:12] [TRT] [I] Loaded engine size: 23 MiB
[09/09/2026-13:52:12] [TRT] [I] [MemUsageChange] TensorRT-managed allocation in IExecutionContext creation: CPU +1, GPU +7, now: CPU 1, GPU 38 (MiB)
13:52:12  INFO     [RAMS] YOLOv8-small ready — TensorRT yolov8s.engine (imgsz=416).
WARNING ⚠️ Unable to automatically guess model task, assuming 'task=detect'. Explicitly define task for your model, i.e. 'task=detect', 'segment', 'classify', 'pose', 'obb' or 'semantic'.
Loading yolov8m.engine for TensorRT inference...
[09/09/2026-13:52:12] [TRT] [I] The logger passed into createInferRuntime differs from one already provided for an existing builder, runtime, or refitter. Uses of the global logger, returned by nvinfer1::getLogger(), will return the existing value.
[09/09/2026-13:52:12] [TRT] [I] Loaded engine size: 52 MiB
[09/09/2026-13:52:12] [TRT] [I] [MemUsageChange] TensorRT-managed allocation in IExecutionContext creation: CPU +0, GPU +29, now: CPU 1, GPU 117 (MiB)
13:52:12  INFO     [RAMS] YOLOv8-medium ready — TensorRT yolov8m.engine (imgsz=640).
13:52:12  INFO     [RAMS] Controller ready. Policy: predictive
13:52:13  INFO       [predictive / moderate] 20/200  tier=SMALL   latency=8.6 ms  R=0.494  target=0.50  dets=7  vru=False  backend=tensorrt
13:52:13  INFO     [RAMS] Tier switch: SMALL → NANO  (R=0.571)
13:52:14  INFO     [RAMS] Tier switch: NANO → SMALL  (R=0.497)
13:52:14  INFO       [predictive / moderate] 40/200  tier=SMALL   latency=9.1 ms  R=0.497  target=0.50  dets=9  vru=False  backend=tensorrt
13:52:14  INFO       [predictive / moderate] 60/200  tier=SMALL   latency=10.0 ms  R=0.501  target=0.50  dets=14  vru=False  backend=tensorrt
13:52:14  INFO       [predictive / moderate] 80/200  tier=SMALL   latency=10.5 ms  R=0.495  target=0.50  dets=15  vru=True  backend=tensorrt
13:52:14  INFO     [RAMS] Tier switch: SMALL → NANO  (R=0.576)
13:52:15  INFO     [RAMS] Tier switch: NANO → SMALL  (R=0.507)
13:52:15  INFO       [predictive / moderate] 100/200  tier=SMALL   latency=7.5 ms  R=0.495  target=0.50  dets=2  vru=False  backend=tensorrt
13:52:15  INFO       [predictive / moderate] 120/200  tier=SMALL   latency=8.2 ms  R=0.497  target=0.50  dets=5  vru=False  backend=tensorrt
13:52:15  INFO     [RAMS] Tier switch: SMALL → NANO  (R=0.569)
13:52:16  INFO     [RAMS] Tier switch: NANO → SMALL  (R=0.503)
13:52:16  INFO       [predictive / moderate] 140/200  tier=SMALL   latency=7.8 ms  R=0.503  target=0.50  dets=3  vru=True  backend=tensorrt
13:52:16  INFO     [RAMS] Tier switch: SMALL → NANO  (R=0.562)
13:52:16  INFO       [predictive / moderate] 160/200  tier=NANO    latency=6.7 ms  R=0.561  target=0.50  dets=2  vru=False  backend=tensorrt
13:52:16  INFO       [predictive / moderate] 180/200  tier=NANO    latency=8.1 ms  R=0.578  target=0.50  dets=5  vru=False  backend=tensorrt
13:52:17  INFO       [predictive / moderate] 200/200  tier=NANO    latency=6.7 ms  R=0.564  target=0.50  dets=2  vru=False  backend=tensorrt
13:52:17  INFO     [RAMS] Controller stopped.
13:52:17  INFO     
--- Block 3/10  Policy: fixed_medium  Load: moderate (50%) ---
13:52:17  INFO     [RAMS] Starting resource monitor ...
13:52:17  INFO     [RAMS] Loading model tiers ...
WARNING ⚠️ Unable to automatically guess model task, assuming 'task=detect'. Explicitly define task for your model, i.e. 'task=detect', 'segment', 'classify', 'pose', 'obb' or 'semantic'.
Loading yolov8n.engine for TensorRT inference...
[09/09/2026-13:52:17] [TRT] [I] Loaded engine size: 7 MiB
[09/09/2026-13:52:17] [TRT] [I] [MemUsageChange] TensorRT-managed allocation in IExecutionContext creation: CPU +0, GPU +3, now: CPU 0, GPU 9 (MiB)
13:52:17  INFO     [RAMS] YOLOv8-nano ready — TensorRT yolov8n.engine (imgsz=320).
WARNING ⚠️ Unable to automatically guess model task, assuming 'task=detect'. Explicitly define task for your model, i.e. 'task=detect', 'segment', 'classify', 'pose', 'obb' or 'semantic'.
Loading yolov8s.engine for TensorRT inference...
[09/09/2026-13:52:17] [TRT] [I] The logger passed into createInferRuntime differs from one already provided for an existing builder, runtime, or refitter. Uses of the global logger, returned by nvinfer1::getLogger(), will return the existing value.
[09/09/2026-13:52:17] [TRT] [I] Loaded engine size: 23 MiB
[09/09/2026-13:52:17] [TRT] [I] [MemUsageChange] TensorRT-managed allocation in IExecutionContext creation: CPU +1, GPU +7, now: CPU 1, GPU 38 (MiB)
13:52:17  INFO     [RAMS] YOLOv8-small ready — TensorRT yolov8s.engine (imgsz=416).
WARNING ⚠️ Unable to automatically guess model task, assuming 'task=detect'. Explicitly define task for your model, i.e. 'task=detect', 'segment', 'classify', 'pose', 'obb' or 'semantic'.
Loading yolov8m.engine for TensorRT inference...
[09/09/2026-13:52:17] [TRT] [I] The logger passed into createInferRuntime differs from one already provided for an existing builder, runtime, or refitter. Uses of the global logger, returned by nvinfer1::getLogger(), will return the existing value.
[09/09/2026-13:52:17] [TRT] [I] Loaded engine size: 52 MiB
[09/09/2026-13:52:17] [TRT] [I] [MemUsageChange] TensorRT-managed allocation in IExecutionContext creation: CPU +0, GPU +29, now: CPU 1, GPU 117 (MiB)
13:52:17  INFO     [RAMS] YOLOv8-medium ready — TensorRT yolov8m.engine (imgsz=640).
13:52:17  INFO     [RAMS] Controller ready. Policy: fixed
13:52:18  INFO     [RAMS] Tier switch: SMALL → MEDIUM  (R=0.501)
13:52:19  INFO       [fixed_medium / moderate] 20/200  tier=MEDIUM  latency=16.1 ms  R=0.590  target=0.50  dets=8  vru=False  backend=tensorrt
13:52:19  INFO       [fixed_medium / moderate] 40/200  tier=MEDIUM  latency=15.9 ms  R=0.531  target=0.50  dets=10  vru=True  backend=tensorrt
13:52:20  INFO       [fixed_medium / moderate] 60/200  tier=MEDIUM  latency=16.7 ms  R=0.603  target=0.50  dets=14  vru=False  backend=tensorrt
13:52:20  INFO       [fixed_medium / moderate] 80/200  tier=MEDIUM  latency=19.2 ms  R=0.579  target=0.50  dets=18  vru=True  backend=tensorrt
13:52:21  INFO       [fixed_medium / moderate] 100/200  tier=MEDIUM  latency=13.8 ms  R=0.580  target=0.50  dets=2  vru=False  backend=tensorrt
13:52:22  INFO       [fixed_medium / moderate] 120/200  tier=MEDIUM  latency=16.4 ms  R=0.596  target=0.50  dets=13  vru=False  backend=tensorrt
13:52:22  INFO       [fixed_medium / moderate] 140/200  tier=MEDIUM  latency=14.5 ms  R=0.475  target=0.50  dets=6  vru=True  backend=tensorrt
13:52:23  INFO       [fixed_medium / moderate] 160/200  tier=MEDIUM  latency=14.1 ms  R=0.473  target=0.50  dets=4  vru=False  backend=tensorrt
13:52:23  INFO       [fixed_medium / moderate] 180/200  tier=MEDIUM  latency=15.4 ms  R=0.546  target=0.50  dets=10  vru=False  backend=tensorrt
13:52:24  INFO       [fixed_medium / moderate] 200/200  tier=MEDIUM  latency=17.5 ms  R=0.540  target=0.50  dets=6  vru=True  backend=tensorrt
13:52:24  INFO     [RAMS] Controller stopped.
13:52:24  INFO     
--- Block 3/10  Policy: safety2  Load: moderate (50%) ---
13:52:24  INFO     [RAMS] Starting resource monitor ...
13:52:24  INFO     [RAMS] Loading model tiers ...
WARNING ⚠️ Unable to automatically guess model task, assuming 'task=detect'. Explicitly define task for your model, i.e. 'task=detect', 'segment', 'classify', 'pose', 'obb' or 'semantic'.
Loading yolov8n.engine for TensorRT inference...
[09/09/2026-13:52:24] [TRT] [I] Loaded engine size: 7 MiB
[09/09/2026-13:52:24] [TRT] [I] [MemUsageChange] TensorRT-managed allocation in IExecutionContext creation: CPU +0, GPU +3, now: CPU 0, GPU 9 (MiB)
13:52:24  INFO     [RAMS] YOLOv8-nano ready — TensorRT yolov8n.engine (imgsz=320).
WARNING ⚠️ Unable to automatically guess model task, assuming 'task=detect'. Explicitly define task for your model, i.e. 'task=detect', 'segment', 'classify', 'pose', 'obb' or 'semantic'.
Loading yolov8s.engine for TensorRT inference...
[09/09/2026-13:52:24] [TRT] [I] The logger passed into createInferRuntime differs from one already provided for an existing builder, runtime, or refitter. Uses of the global logger, returned by nvinfer1::getLogger(), will return the existing value.
[09/09/2026-13:52:24] [TRT] [I] Loaded engine size: 23 MiB
[09/09/2026-13:52:24] [TRT] [I] [MemUsageChange] TensorRT-managed allocation in IExecutionContext creation: CPU +1, GPU +7, now: CPU 1, GPU 38 (MiB)
13:52:24  INFO     [RAMS] YOLOv8-small ready — TensorRT yolov8s.engine (imgsz=416).
WARNING ⚠️ Unable to automatically guess model task, assuming 'task=detect'. Explicitly define task for your model, i.e. 'task=detect', 'segment', 'classify', 'pose', 'obb' or 'semantic'.
Loading yolov8m.engine for TensorRT inference...
[09/09/2026-13:52:24] [TRT] [I] The logger passed into createInferRuntime differs from one already provided for an existing builder, runtime, or refitter. Uses of the global logger, returned by nvinfer1::getLogger(), will return the existing value.
[09/09/2026-13:52:24] [TRT] [I] Loaded engine size: 52 MiB
[09/09/2026-13:52:24] [TRT] [I] [MemUsageChange] TensorRT-managed allocation in IExecutionContext creation: CPU +0, GPU +29, now: CPU 1, GPU 117 (MiB)
13:52:24  INFO     [RAMS] YOLOv8-medium ready — TensorRT yolov8m.engine (imgsz=640).
13:52:24  INFO     [RAMS] Controller ready. Policy: safety2
13:52:25  INFO     [RAMS] Tier switch: SMALL → MEDIUM  (R=0.553)
13:52:26  INFO       [safety2 / moderate] 20/200  tier=MEDIUM  latency=14.9 ms  R=0.498  target=0.50  dets=8  vru=False  backend=tensorrt
13:52:26  INFO       [safety2 / moderate] 40/200  tier=MEDIUM  latency=18.2 ms  R=0.499  target=0.50  dets=10  vru=True  backend=tensorrt
13:52:27  INFO       [safety2 / moderate] 60/200  tier=MEDIUM  latency=16.2 ms  R=0.467  target=0.50  dets=14  vru=False  backend=tensorrt
13:52:27  INFO       [safety2 / moderate] 80/200  tier=MEDIUM  latency=16.8 ms  R=0.540  target=0.50  dets=18  vru=True  backend=tensorrt
13:52:28  INFO       [safety2 / moderate] 100/200  tier=MEDIUM  latency=13.7 ms  R=0.547  target=0.50  dets=2  vru=False  backend=tensorrt
13:52:28  INFO     [RAMS] Tier switch: MEDIUM → NANO  (R=0.544)
13:52:28  INFO     [RAMS] Tier switch: NANO → MEDIUM  (R=0.544)
13:52:28  INFO       [safety2 / moderate] 120/200  tier=MEDIUM  latency=15.8 ms  R=0.544  target=0.50  dets=13  vru=False  backend=tensorrt
13:52:29  INFO       [safety2 / moderate] 140/200  tier=MEDIUM  latency=14.4 ms  R=0.533  target=0.50  dets=6  vru=True  backend=tensorrt
13:52:29  INFO     [RAMS] Tier switch: MEDIUM → SMALL  (R=0.467)
13:52:29  INFO       [safety2 / moderate] 160/200  tier=SMALL   latency=8.1 ms  R=0.503  target=0.50  dets=2  vru=False  backend=tensorrt
13:52:30  INFO     [RAMS] Tier switch: SMALL → MEDIUM  (R=0.501)
13:52:30  INFO       [safety2 / moderate] 180/200  tier=MEDIUM  latency=15.3 ms  R=0.473  target=0.50  dets=10  vru=False  backend=tensorrt
13:52:30  INFO       [safety2 / moderate] 200/200  tier=MEDIUM  latency=15.2 ms  R=0.538  target=0.50  dets=6  vru=True  backend=tensorrt
13:52:30  INFO     [RAMS] Controller stopped.
13:52:31  INFO     
--- Block 3/10  Policy: fixed_small  Load: moderate (50%) ---
13:52:31  INFO     [RAMS] Starting resource monitor ...
13:52:31  INFO     [RAMS] Loading model tiers ...
WARNING ⚠️ Unable to automatically guess model task, assuming 'task=detect'. Explicitly define task for your model, i.e. 'task=detect', 'segment', 'classify', 'pose', 'obb' or 'semantic'.
Loading yolov8n.engine for TensorRT inference...
[09/09/2026-13:52:31] [TRT] [I] Loaded engine size: 7 MiB
[09/09/2026-13:52:31] [TRT] [I] [MemUsageChange] TensorRT-managed allocation in IExecutionContext creation: CPU +0, GPU +3, now: CPU 0, GPU 9 (MiB)
13:52:31  INFO     [RAMS] YOLOv8-nano ready — TensorRT yolov8n.engine (imgsz=320).
WARNING ⚠️ Unable to automatically guess model task, assuming 'task=detect'. Explicitly define task for your model, i.e. 'task=detect', 'segment', 'classify', 'pose', 'obb' or 'semantic'.
Loading yolov8s.engine for TensorRT inference...
[09/09/2026-13:52:31] [TRT] [I] The logger passed into createInferRuntime differs from one already provided for an existing builder, runtime, or refitter. Uses of the global logger, returned by nvinfer1::getLogger(), will return the existing value.
[09/09/2026-13:52:31] [TRT] [I] Loaded engine size: 23 MiB
[09/09/2026-13:52:31] [TRT] [I] [MemUsageChange] TensorRT-managed allocation in IExecutionContext creation: CPU +1, GPU +7, now: CPU 1, GPU 38 (MiB)
13:52:31  INFO     [RAMS] YOLOv8-small ready — TensorRT yolov8s.engine (imgsz=416).
WARNING ⚠️ Unable to automatically guess model task, assuming 'task=detect'. Explicitly define task for your model, i.e. 'task=detect', 'segment', 'classify', 'pose', 'obb' or 'semantic'.
Loading yolov8m.engine for TensorRT inference...
[09/09/2026-13:52:31] [TRT] [I] The logger passed into createInferRuntime differs from one already provided for an existing builder, runtime, or refitter. Uses of the global logger, returned by nvinfer1::getLogger(), will return the existing value.
[09/09/2026-13:52:31] [TRT] [I] Loaded engine size: 52 MiB
[09/09/2026-13:52:31] [TRT] [I] [MemUsageChange] TensorRT-managed allocation in IExecutionContext creation: CPU +0, GPU +29, now: CPU 1, GPU 117 (MiB)
13:52:31  INFO     [RAMS] YOLOv8-medium ready — TensorRT yolov8m.engine (imgsz=640).
13:52:31  INFO     [RAMS] Controller ready. Policy: fixed
13:52:32  INFO       [fixed_small / moderate] 20/200  tier=SMALL   latency=9.7 ms  R=0.505  target=0.50  dets=7  vru=False  backend=tensorrt
13:52:33  INFO       [fixed_small / moderate] 40/200  tier=SMALL   latency=9.1 ms  R=0.498  target=0.50  dets=9  vru=False  backend=tensorrt
13:52:33  INFO       [fixed_small / moderate] 60/200  tier=SMALL   latency=10.0 ms  R=0.503  target=0.50  dets=14  vru=False  backend=tensorrt
13:52:33  INFO       [fixed_small / moderate] 80/200  tier=SMALL   latency=10.4 ms  R=0.526  target=0.50  dets=15  vru=True  backend=tensorrt
13:52:34  INFO       [fixed_small / moderate] 100/200  tier=SMALL   latency=7.6 ms  R=0.501  target=0.50  dets=2  vru=False  backend=tensorrt
13:52:34  INFO       [fixed_small / moderate] 120/200  tier=SMALL   latency=8.3 ms  R=0.500  target=0.50  dets=5  vru=False  backend=tensorrt
13:52:35  INFO       [fixed_small / moderate] 140/200  tier=SMALL   latency=7.8 ms  R=0.497  target=0.50  dets=3  vru=True  backend=tensorrt
13:52:35  INFO       [fixed_small / moderate] 160/200  tier=SMALL   latency=7.5 ms  R=0.489  target=0.50  dets=2  vru=False  backend=tensorrt
13:52:35  INFO       [fixed_small / moderate] 180/200  tier=SMALL   latency=8.6 ms  R=0.521  target=0.50  dets=6  vru=False  backend=tensorrt
13:52:36  INFO       [fixed_small / moderate] 200/200  tier=SMALL   latency=8.1 ms  R=0.483  target=0.50  dets=5  vru=False  backend=tensorrt
13:52:36  INFO     [RAMS] Controller stopped.
13:52:36  INFO     
--- Block 3/10  Policy: safety  Load: moderate (50%) ---
13:52:36  INFO     [RAMS] Starting resource monitor ...
13:52:36  INFO     [RAMS] Loading model tiers ...
WARNING ⚠️ Unable to automatically guess model task, assuming 'task=detect'. Explicitly define task for your model, i.e. 'task=detect', 'segment', 'classify', 'pose', 'obb' or 'semantic'.
Loading yolov8n.engine for TensorRT inference...
[09/09/2026-13:52:36] [TRT] [I] Loaded engine size: 7 MiB
[09/09/2026-13:52:36] [TRT] [I] [MemUsageChange] TensorRT-managed allocation in IExecutionContext creation: CPU +0, GPU +3, now: CPU 0, GPU 9 (MiB)
13:52:36  INFO     [RAMS] YOLOv8-nano ready — TensorRT yolov8n.engine (imgsz=320).
WARNING ⚠️ Unable to automatically guess model task, assuming 'task=detect'. Explicitly define task for your model, i.e. 'task=detect', 'segment', 'classify', 'pose', 'obb' or 'semantic'.
Loading yolov8s.engine for TensorRT inference...
[09/09/2026-13:52:36] [TRT] [I] The logger passed into createInferRuntime differs from one already provided for an existing builder, runtime, or refitter. Uses of the global logger, returned by nvinfer1::getLogger(), will return the existing value.
[09/09/2026-13:52:36] [TRT] [I] Loaded engine size: 23 MiB
[09/09/2026-13:52:36] [TRT] [I] [MemUsageChange] TensorRT-managed allocation in IExecutionContext creation: CPU +1, GPU +7, now: CPU 1, GPU 38 (MiB)
13:52:36  INFO     [RAMS] YOLOv8-small ready — TensorRT yolov8s.engine (imgsz=416).
WARNING ⚠️ Unable to automatically guess model task, assuming 'task=detect'. Explicitly define task for your model, i.e. 'task=detect', 'segment', 'classify', 'pose', 'obb' or 'semantic'.
Loading yolov8m.engine for TensorRT inference...
[09/09/2026-13:52:36] [TRT] [I] The logger passed into createInferRuntime differs from one already provided for an existing builder, runtime, or refitter. Uses of the global logger, returned by nvinfer1::getLogger(), will return the existing value.
[09/09/2026-13:52:36] [TRT] [I] Loaded engine size: 52 MiB
[09/09/2026-13:52:36] [TRT] [I] [MemUsageChange] TensorRT-managed allocation in IExecutionContext creation: CPU +0, GPU +29, now: CPU 1, GPU 117 (MiB)
13:52:36  INFO     [RAMS] YOLOv8-medium ready — TensorRT yolov8m.engine (imgsz=640).
13:52:36  INFO     [RAMS] Controller ready. Policy: safety
13:52:38  INFO       [safety / moderate] 20/200  tier=SMALL   latency=9.1 ms  R=0.573  target=0.50  dets=7  vru=False  backend=tensorrt
13:52:38  INFO       [safety / moderate] 40/200  tier=SMALL   latency=9.3 ms  R=0.573  target=0.50  dets=9  vru=False  backend=tensorrt
13:52:39  INFO       [safety / moderate] 60/200  tier=SMALL   latency=10.4 ms  R=0.574  target=0.50  dets=14  vru=False  backend=tensorrt
13:52:39  INFO       [safety / moderate] 80/200  tier=SMALL   latency=11.0 ms  R=0.639  target=0.50  dets=15  vru=True  backend=tensorrt
13:52:39  INFO       [safety / moderate] 100/200  tier=SMALL   latency=8.0 ms  R=0.574  target=0.50  dets=2  vru=False  backend=tensorrt
13:52:40  INFO       [safety / moderate] 120/200  tier=SMALL   latency=8.4 ms  R=0.562  target=0.50  dets=5  vru=False  backend=tensorrt
13:52:40  INFO       [safety / moderate] 140/200  tier=SMALL   latency=8.0 ms  R=0.553  target=0.50  dets=3  vru=True  backend=tensorrt
13:52:41  INFO       [safety / moderate] 160/200  tier=SMALL   latency=8.3 ms  R=0.563  target=0.50  dets=2  vru=False  backend=tensorrt
13:52:41  INFO       [safety / moderate] 180/200  tier=SMALL   latency=9.0 ms  R=0.568  target=0.50  dets=6  vru=False  backend=tensorrt
13:52:42  INFO       [safety / moderate] 200/200  tier=SMALL   latency=8.9 ms  R=0.568  target=0.50  dets=5  vru=False  backend=tensorrt
13:52:42  INFO     [RAMS] Controller stopped.
13:52:42  INFO     
--- Block 3/10  Policy: fixed_nano  Load: moderate (50%) ---
13:52:42  INFO     [RAMS] Starting resource monitor ...
13:52:42  INFO     [RAMS] Loading model tiers ...
WARNING ⚠️ Unable to automatically guess model task, assuming 'task=detect'. Explicitly define task for your model, i.e. 'task=detect', 'segment', 'classify', 'pose', 'obb' or 'semantic'.
Loading yolov8n.engine for TensorRT inference...
[09/09/2026-13:52:42] [TRT] [I] Loaded engine size: 7 MiB
[09/09/2026-13:52:42] [TRT] [I] [MemUsageChange] TensorRT-managed allocation in IExecutionContext creation: CPU +0, GPU +3, now: CPU 0, GPU 9 (MiB)
13:52:42  INFO     [RAMS] YOLOv8-nano ready — TensorRT yolov8n.engine (imgsz=320).
WARNING ⚠️ Unable to automatically guess model task, assuming 'task=detect'. Explicitly define task for your model, i.e. 'task=detect', 'segment', 'classify', 'pose', 'obb' or 'semantic'.
Loading yolov8s.engine for TensorRT inference...
[09/09/2026-13:52:42] [TRT] [I] The logger passed into createInferRuntime differs from one already provided for an existing builder, runtime, or refitter. Uses of the global logger, returned by nvinfer1::getLogger(), will return the existing value.
[09/09/2026-13:52:42] [TRT] [I] Loaded engine size: 23 MiB
[09/09/2026-13:52:42] [TRT] [I] [MemUsageChange] TensorRT-managed allocation in IExecutionContext creation: CPU +1, GPU +7, now: CPU 1, GPU 38 (MiB)
13:52:42  INFO     [RAMS] YOLOv8-small ready — TensorRT yolov8s.engine (imgsz=416).
WARNING ⚠️ Unable to automatically guess model task, assuming 'task=detect'. Explicitly define task for your model, i.e. 'task=detect', 'segment', 'classify', 'pose', 'obb' or 'semantic'.
Loading yolov8m.engine for TensorRT inference...
[09/09/2026-13:52:42] [TRT] [I] The logger passed into createInferRuntime differs from one already provided for an existing builder, runtime, or refitter. Uses of the global logger, returned by nvinfer1::getLogger(), will return the existing value.
[09/09/2026-13:52:42] [TRT] [I] Loaded engine size: 52 MiB
[09/09/2026-13:52:42] [TRT] [I] [MemUsageChange] TensorRT-managed allocation in IExecutionContext creation: CPU +0, GPU +29, now: CPU 1, GPU 117 (MiB)
13:52:42  INFO     [RAMS] YOLOv8-medium ready — TensorRT yolov8m.engine (imgsz=640).
13:52:42  INFO     [RAMS] Controller ready. Policy: fixed
13:52:43  INFO     [RAMS] Tier switch: SMALL → NANO  (R=0.479)
13:52:43  INFO       [fixed_nano / moderate] 20/200  tier=NANO    latency=6.9 ms  R=0.561  target=0.50  dets=5  vru=False  backend=tensorrt
13:52:44  INFO       [fixed_nano / moderate] 40/200  tier=NANO    latency=6.0 ms  R=0.493  target=0.50  dets=1  vru=False  backend=tensorrt
13:52:44  INFO       [fixed_nano / moderate] 60/200  tier=NANO    latency=7.7 ms  R=0.494  target=0.50  dets=9  vru=False  backend=tensorrt
13:52:45  INFO       [fixed_nano / moderate] 80/200  tier=NANO    latency=7.8 ms  R=0.493  target=0.50  dets=8  vru=False  backend=tensorrt
13:52:45  INFO       [fixed_nano / moderate] 100/200  tier=NANO    latency=4.5 ms  R=0.493  target=0.50  dets=0  vru=False  backend=tensorrt
13:52:45  INFO       [fixed_nano / moderate] 120/200  tier=NANO    latency=8.5 ms  R=0.493  target=0.50  dets=4  vru=False  backend=tensorrt
13:52:46  INFO       [fixed_nano / moderate] 140/200  tier=NANO    latency=6.1 ms  R=0.490  target=0.50  dets=2  vru=True  backend=tensorrt
13:52:46  INFO       [fixed_nano / moderate] 160/200  tier=NANO    latency=6.1 ms  R=0.495  target=0.50  dets=2  vru=False  backend=tensorrt
13:52:47  INFO       [fixed_nano / moderate] 180/200  tier=NANO    latency=7.5 ms  R=0.575  target=0.50  dets=5  vru=False  backend=tensorrt
13:52:47  INFO       [fixed_nano / moderate] 200/200  tier=NANO    latency=6.1 ms  R=0.488  target=0.50  dets=2  vru=False  backend=tensorrt
13:52:47  INFO     [RAMS] Controller stopped.
13:52:47  INFO     
--- Block 4/10  Policy: adaptive  Load: moderate (50%) ---
13:52:47  INFO     [RAMS] Starting resource monitor ...
13:52:47  INFO     [RAMS] Loading model tiers ...
WARNING ⚠️ Unable to automatically guess model task, assuming 'task=detect'. Explicitly define task for your model, i.e. 'task=detect', 'segment', 'classify', 'pose', 'obb' or 'semantic'.
Loading yolov8n.engine for TensorRT inference...
[09/09/2026-13:52:47] [TRT] [I] Loaded engine size: 7 MiB
[09/09/2026-13:52:47] [TRT] [I] [MemUsageChange] TensorRT-managed allocation in IExecutionContext creation: CPU +0, GPU +3, now: CPU 0, GPU 9 (MiB)
13:52:47  INFO     [RAMS] YOLOv8-nano ready — TensorRT yolov8n.engine (imgsz=320).
WARNING ⚠️ Unable to automatically guess model task, assuming 'task=detect'. Explicitly define task for your model, i.e. 'task=detect', 'segment', 'classify', 'pose', 'obb' or 'semantic'.
Loading yolov8s.engine for TensorRT inference...
[09/09/2026-13:52:47] [TRT] [I] The logger passed into createInferRuntime differs from one already provided for an existing builder, runtime, or refitter. Uses of the global logger, returned by nvinfer1::getLogger(), will return the existing value.
[09/09/2026-13:52:47] [TRT] [I] Loaded engine size: 23 MiB
[09/09/2026-13:52:47] [TRT] [I] [MemUsageChange] TensorRT-managed allocation in IExecutionContext creation: CPU +1, GPU +7, now: CPU 1, GPU 38 (MiB)
13:52:47  INFO     [RAMS] YOLOv8-small ready — TensorRT yolov8s.engine (imgsz=416).
WARNING ⚠️ Unable to automatically guess model task, assuming 'task=detect'. Explicitly define task for your model, i.e. 'task=detect', 'segment', 'classify', 'pose', 'obb' or 'semantic'.
Loading yolov8m.engine for TensorRT inference...
[09/09/2026-13:52:47] [TRT] [I] The logger passed into createInferRuntime differs from one already provided for an existing builder, runtime, or refitter. Uses of the global logger, returned by nvinfer1::getLogger(), will return the existing value.
[09/09/2026-13:52:47] [TRT] [I] Loaded engine size: 52 MiB
[09/09/2026-13:52:47] [TRT] [I] [MemUsageChange] TensorRT-managed allocation in IExecutionContext creation: CPU +0, GPU +29, now: CPU 1, GPU 117 (MiB)
13:52:47  INFO     [RAMS] YOLOv8-medium ready — TensorRT yolov8m.engine (imgsz=640).
13:52:47  INFO     [RAMS] Controller ready. Policy: adaptive
13:52:49  INFO       [adaptive / moderate] 20/200  tier=SMALL   latency=7.3 ms  R=0.495  target=0.50  dets=1  vru=False  backend=tensorrt
13:52:49  INFO       [adaptive / moderate] 40/200  tier=SMALL   latency=7.6 ms  R=0.502  target=0.50  dets=2  vru=False  backend=tensorrt
13:52:50  INFO       [adaptive / moderate] 60/200  tier=SMALL   latency=7.7 ms  R=0.497  target=0.50  dets=3  vru=False  backend=tensorrt
13:52:50  INFO       [adaptive / moderate] 80/200  tier=SMALL   latency=7.4 ms  R=0.502  target=0.50  dets=1  vru=False  backend=tensorrt
13:52:50  INFO       [adaptive / moderate] 100/200  tier=SMALL   latency=9.9 ms  R=0.547  target=0.50  dets=12  vru=False  backend=tensorrt
13:52:51  INFO       [adaptive / moderate] 120/200  tier=SMALL   latency=8.3 ms  R=0.475  target=0.50  dets=6  vru=False  backend=tensorrt
13:52:51  INFO       [adaptive / moderate] 140/200  tier=SMALL   latency=9.2 ms  R=0.502  target=0.50  dets=10  vru=False  backend=tensorrt
13:52:52  INFO       [adaptive / moderate] 160/200  tier=SMALL   latency=7.6 ms  R=0.495  target=0.50  dets=2  vru=False  backend=tensorrt
13:52:52  INFO       [adaptive / moderate] 180/200  tier=SMALL   latency=7.3 ms  R=0.473  target=0.50  dets=1  vru=True  backend=tensorrt
13:52:53  INFO       [adaptive / moderate] 200/200  tier=SMALL   latency=7.4 ms  R=0.566  target=0.50  dets=1  vru=True  backend=tensorrt
13:52:53  INFO     [RAMS] Controller stopped.
13:52:53  INFO     
--- Block 4/10  Policy: predictive  Load: moderate (50%) ---
13:52:53  INFO     [RAMS] Starting resource monitor ...
13:52:53  INFO     [RAMS] Loading model tiers ...
WARNING ⚠️ Unable to automatically guess model task, assuming 'task=detect'. Explicitly define task for your model, i.e. 'task=detect', 'segment', 'classify', 'pose', 'obb' or 'semantic'.
Loading yolov8n.engine for TensorRT inference...
[09/09/2026-13:52:53] [TRT] [I] Loaded engine size: 7 MiB
[09/09/2026-13:52:53] [TRT] [I] [MemUsageChange] TensorRT-managed allocation in IExecutionContext creation: CPU +0, GPU +3, now: CPU 0, GPU 9 (MiB)
13:52:53  INFO     [RAMS] YOLOv8-nano ready — TensorRT yolov8n.engine (imgsz=320).
WARNING ⚠️ Unable to automatically guess model task, assuming 'task=detect'. Explicitly define task for your model, i.e. 'task=detect', 'segment', 'classify', 'pose', 'obb' or 'semantic'.
Loading yolov8s.engine for TensorRT inference...
[09/09/2026-13:52:53] [TRT] [I] The logger passed into createInferRuntime differs from one already provided for an existing builder, runtime, or refitter. Uses of the global logger, returned by nvinfer1::getLogger(), will return the existing value.
[09/09/2026-13:52:53] [TRT] [I] Loaded engine size: 23 MiB
[09/09/2026-13:52:53] [TRT] [I] [MemUsageChange] TensorRT-managed allocation in IExecutionContext creation: CPU +1, GPU +7, now: CPU 1, GPU 38 (MiB)
13:52:53  INFO     [RAMS] YOLOv8-small ready — TensorRT yolov8s.engine (imgsz=416).
WARNING ⚠️ Unable to automatically guess model task, assuming 'task=detect'. Explicitly define task for your model, i.e. 'task=detect', 'segment', 'classify', 'pose', 'obb' or 'semantic'.
Loading yolov8m.engine for TensorRT inference...
[09/09/2026-13:52:53] [TRT] [I] The logger passed into createInferRuntime differs from one already provided for an existing builder, runtime, or refitter. Uses of the global logger, returned by nvinfer1::getLogger(), will return the existing value.
[09/09/2026-13:52:53] [TRT] [I] Loaded engine size: 52 MiB
[09/09/2026-13:52:53] [TRT] [I] [MemUsageChange] TensorRT-managed allocation in IExecutionContext creation: CPU +0, GPU +29, now: CPU 1, GPU 117 (MiB)
13:52:53  INFO     [RAMS] YOLOv8-medium ready — TensorRT yolov8m.engine (imgsz=640).
13:52:53  INFO     [RAMS] Controller ready. Policy: predictive
13:52:54  INFO       [predictive / moderate] 20/200  tier=SMALL   latency=8.2 ms  R=0.544  target=0.50  dets=1  vru=False  backend=tensorrt
13:52:55  INFO       [predictive / moderate] 40/200  tier=SMALL   latency=7.5 ms  R=0.497  target=0.50  dets=2  vru=False  backend=tensorrt
13:52:55  INFO       [predictive / moderate] 60/200  tier=SMALL   latency=7.8 ms  R=0.496  target=0.50  dets=3  vru=False  backend=tensorrt
13:52:56  INFO       [predictive / moderate] 80/200  tier=SMALL   latency=7.3 ms  R=0.493  target=0.50  dets=1  vru=False  backend=tensorrt
13:52:56  INFO       [predictive / moderate] 100/200  tier=SMALL   latency=9.6 ms  R=0.505  target=0.50  dets=12  vru=False  backend=tensorrt
13:52:56  INFO       [predictive / moderate] 120/200  tier=SMALL   latency=9.0 ms  R=0.550  target=0.50  dets=6  vru=False  backend=tensorrt
13:52:56  INFO     [RAMS] Tier switch: SMALL → NANO  (R=0.550)
13:52:57  INFO     [RAMS] Tier switch: NANO → SMALL  (R=0.510)
13:52:57  INFO       [predictive / moderate] 140/200  tier=SMALL   latency=9.2 ms  R=0.478  target=0.50  dets=10  vru=False  backend=tensorrt
13:52:57  INFO       [predictive / moderate] 160/200  tier=SMALL   latency=7.5 ms  R=0.508  target=0.50  dets=2  vru=False  backend=tensorrt
13:52:58  INFO       [predictive / moderate] 180/200  tier=SMALL   latency=7.2 ms  R=0.501  target=0.50  dets=1  vru=True  backend=tensorrt
13:52:58  INFO       [predictive / moderate] 200/200  tier=SMALL   latency=7.2 ms  R=0.487  target=0.50  dets=1  vru=True  backend=tensorrt
13:52:58  INFO     [RAMS] Controller stopped.
13:52:58  INFO     
--- Block 4/10  Policy: fixed_nano  Load: moderate (50%) ---
13:52:58  INFO     [RAMS] Starting resource monitor ...
13:52:58  INFO     [RAMS] Loading model tiers ...
WARNING ⚠️ Unable to automatically guess model task, assuming 'task=detect'. Explicitly define task for your model, i.e. 'task=detect', 'segment', 'classify', 'pose', 'obb' or 'semantic'.
Loading yolov8n.engine for TensorRT inference...
[09/09/2026-13:52:58] [TRT] [I] Loaded engine size: 7 MiB
[09/09/2026-13:52:58] [TRT] [I] [MemUsageChange] TensorRT-managed allocation in IExecutionContext creation: CPU +0, GPU +3, now: CPU 0, GPU 9 (MiB)
13:52:58  INFO     [RAMS] YOLOv8-nano ready — TensorRT yolov8n.engine (imgsz=320).
WARNING ⚠️ Unable to automatically guess model task, assuming 'task=detect'. Explicitly define task for your model, i.e. 'task=detect', 'segment', 'classify', 'pose', 'obb' or 'semantic'.
Loading yolov8s.engine for TensorRT inference...
[09/09/2026-13:52:58] [TRT] [I] The logger passed into createInferRuntime differs from one already provided for an existing builder, runtime, or refitter. Uses of the global logger, returned by nvinfer1::getLogger(), will return the existing value.
[09/09/2026-13:52:58] [TRT] [I] Loaded engine size: 23 MiB
[09/09/2026-13:52:58] [TRT] [I] [MemUsageChange] TensorRT-managed allocation in IExecutionContext creation: CPU +1, GPU +7, now: CPU 1, GPU 38 (MiB)
13:52:59  INFO     [RAMS] YOLOv8-small ready — TensorRT yolov8s.engine (imgsz=416).
WARNING ⚠️ Unable to automatically guess model task, assuming 'task=detect'. Explicitly define task for your model, i.e. 'task=detect', 'segment', 'classify', 'pose', 'obb' or 'semantic'.
Loading yolov8m.engine for TensorRT inference...
[09/09/2026-13:52:59] [TRT] [I] The logger passed into createInferRuntime differs from one already provided for an existing builder, runtime, or refitter. Uses of the global logger, returned by nvinfer1::getLogger(), will return the existing value.
[09/09/2026-13:52:59] [TRT] [I] Loaded engine size: 52 MiB
[09/09/2026-13:52:59] [TRT] [I] [MemUsageChange] TensorRT-managed allocation in IExecutionContext creation: CPU +0, GPU +29, now: CPU 1, GPU 117 (MiB)
13:52:59  INFO     [RAMS] YOLOv8-medium ready — TensorRT yolov8m.engine (imgsz=640).
13:52:59  INFO     [RAMS] Controller ready. Policy: fixed
13:53:00  INFO     [RAMS] Tier switch: SMALL → NANO  (R=0.487)
13:53:00  INFO       [fixed_nano / moderate] 20/200  tier=NANO    latency=5.0 ms  R=0.566  target=0.50  dets=0  vru=False  backend=tensorrt
13:53:00  INFO       [fixed_nano / moderate] 40/200  tier=NANO    latency=6.8 ms  R=0.632  target=0.50  dets=1  vru=False  backend=tensorrt
13:53:01  INFO       [fixed_nano / moderate] 60/200  tier=NANO    latency=7.9 ms  R=0.590  target=0.50  dets=2  vru=False  backend=tensorrt
13:53:01  INFO       [fixed_nano / moderate] 80/200  tier=NANO    latency=8.0 ms  R=0.554  target=0.50  dets=1  vru=False  backend=tensorrt
13:53:02  INFO       [fixed_nano / moderate] 100/200  tier=NANO    latency=7.9 ms  R=0.548  target=0.50  dets=9  vru=False  backend=tensorrt
13:53:02  INFO       [fixed_nano / moderate] 120/200  tier=NANO    latency=7.4 ms  R=0.560  target=0.50  dets=6  vru=False  backend=tensorrt
13:53:02  INFO       [fixed_nano / moderate] 140/200  tier=NANO    latency=7.2 ms  R=0.545  target=0.50  dets=6  vru=False  backend=tensorrt
13:53:03  INFO       [fixed_nano / moderate] 160/200  tier=NANO    latency=6.9 ms  R=0.551  target=0.50  dets=1  vru=False  backend=tensorrt
13:53:03  INFO       [fixed_nano / moderate] 180/200  tier=NANO    latency=6.4 ms  R=0.547  target=0.50  dets=2  vru=True  backend=tensorrt
13:53:03  INFO       [fixed_nano / moderate] 200/200  tier=NANO    latency=6.3 ms  R=0.633  target=0.50  dets=1  vru=True  backend=tensorrt
13:53:04  INFO     [RAMS] Controller stopped.
13:53:04  INFO     
--- Block 4/10  Policy: fixed_medium  Load: moderate (50%) ---
13:53:04  INFO     [RAMS] Starting resource monitor ...
13:53:04  INFO     [RAMS] Loading model tiers ...
WARNING ⚠️ Unable to automatically guess model task, assuming 'task=detect'. Explicitly define task for your model, i.e. 'task=detect', 'segment', 'classify', 'pose', 'obb' or 'semantic'.
Loading yolov8n.engine for TensorRT inference...
[09/09/2026-13:53:04] [TRT] [I] Loaded engine size: 7 MiB
[09/09/2026-13:53:04] [TRT] [I] [MemUsageChange] TensorRT-managed allocation in IExecutionContext creation: CPU +0, GPU +3, now: CPU 0, GPU 9 (MiB)
13:53:04  INFO     [RAMS] YOLOv8-nano ready — TensorRT yolov8n.engine (imgsz=320).
WARNING ⚠️ Unable to automatically guess model task, assuming 'task=detect'. Explicitly define task for your model, i.e. 'task=detect', 'segment', 'classify', 'pose', 'obb' or 'semantic'.
Loading yolov8s.engine for TensorRT inference...
[09/09/2026-13:53:04] [TRT] [I] The logger passed into createInferRuntime differs from one already provided for an existing builder, runtime, or refitter. Uses of the global logger, returned by nvinfer1::getLogger(), will return the existing value.
[09/09/2026-13:53:04] [TRT] [I] Loaded engine size: 23 MiB
[09/09/2026-13:53:04] [TRT] [I] [MemUsageChange] TensorRT-managed allocation in IExecutionContext creation: CPU +1, GPU +7, now: CPU 1, GPU 38 (MiB)
13:53:04  INFO     [RAMS] YOLOv8-small ready — TensorRT yolov8s.engine (imgsz=416).
WARNING ⚠️ Unable to automatically guess model task, assuming 'task=detect'. Explicitly define task for your model, i.e. 'task=detect', 'segment', 'classify', 'pose', 'obb' or 'semantic'.
Loading yolov8m.engine for TensorRT inference...
[09/09/2026-13:53:04] [TRT] [I] The logger passed into createInferRuntime differs from one already provided for an existing builder, runtime, or refitter. Uses of the global logger, returned by nvinfer1::getLogger(), will return the existing value.
[09/09/2026-13:53:04] [TRT] [I] Loaded engine size: 52 MiB
[09/09/2026-13:53:04] [TRT] [I] [MemUsageChange] TensorRT-managed allocation in IExecutionContext creation: CPU +0, GPU +29, now: CPU 1, GPU 117 (MiB)
13:53:04  INFO     [RAMS] YOLOv8-medium ready — TensorRT yolov8m.engine (imgsz=640).
13:53:04  INFO     [RAMS] Controller ready. Policy: fixed
13:53:05  INFO     [RAMS] Tier switch: SMALL → MEDIUM  (R=0.421)
13:53:06  INFO       [fixed_medium / moderate] 20/200  tier=MEDIUM  latency=14.2 ms  R=0.618  target=0.50  dets=2  vru=False  backend=tensorrt
13:53:06  INFO       [fixed_medium / moderate] 40/200  tier=MEDIUM  latency=14.0 ms  R=0.559  target=0.50  dets=4  vru=False  backend=tensorrt
13:53:07  INFO       [fixed_medium / moderate] 60/200  tier=MEDIUM  latency=14.4 ms  R=0.470  target=0.50  dets=6  vru=False  backend=tensorrt
13:53:07  INFO       [fixed_medium / moderate] 80/200  tier=MEDIUM  latency=14.6 ms  R=0.538  target=0.50  dets=4  vru=False  backend=tensorrt
13:53:08  INFO       [fixed_medium / moderate] 100/200  tier=MEDIUM  latency=16.8 ms  R=0.507  target=0.50  dets=17  vru=True  backend=tensorrt
13:53:08  INFO       [fixed_medium / moderate] 120/200  tier=MEDIUM  latency=14.9 ms  R=0.460  target=0.50  dets=8  vru=False  backend=tensorrt
13:53:09  INFO       [fixed_medium / moderate] 140/200  tier=MEDIUM  latency=15.2 ms  R=0.484  target=0.50  dets=10  vru=False  backend=tensorrt
13:53:09  INFO       [fixed_medium / moderate] 160/200  tier=MEDIUM  latency=14.3 ms  R=0.473  target=0.50  dets=3  vru=False  backend=tensorrt
13:53:10  INFO       [fixed_medium / moderate] 180/200  tier=MEDIUM  latency=16.5 ms  R=0.546  target=0.50  dets=16  vru=True  backend=tensorrt
13:53:11  INFO       [fixed_medium / moderate] 200/200  tier=MEDIUM  latency=15.3 ms  R=0.623  target=0.50  dets=9  vru=True  backend=tensorrt
13:53:11  INFO     [RAMS] Controller stopped.
13:53:11  INFO     
--- Block 4/10  Policy: fixed_small  Load: moderate (50%) ---
13:53:11  INFO     [RAMS] Starting resource monitor ...
13:53:11  INFO     [RAMS] Loading model tiers ...
WARNING ⚠️ Unable to automatically guess model task, assuming 'task=detect'. Explicitly define task for your model, i.e. 'task=detect', 'segment', 'classify', 'pose', 'obb' or 'semantic'.
Loading yolov8n.engine for TensorRT inference...
[09/09/2026-13:53:11] [TRT] [I] Loaded engine size: 7 MiB
[09/09/2026-13:53:11] [TRT] [I] [MemUsageChange] TensorRT-managed allocation in IExecutionContext creation: CPU +0, GPU +3, now: CPU 0, GPU 9 (MiB)
13:53:11  INFO     [RAMS] YOLOv8-nano ready — TensorRT yolov8n.engine (imgsz=320).
WARNING ⚠️ Unable to automatically guess model task, assuming 'task=detect'. Explicitly define task for your model, i.e. 'task=detect', 'segment', 'classify', 'pose', 'obb' or 'semantic'.
Loading yolov8s.engine for TensorRT inference...
[09/09/2026-13:53:11] [TRT] [I] The logger passed into createInferRuntime differs from one already provided for an existing builder, runtime, or refitter. Uses of the global logger, returned by nvinfer1::getLogger(), will return the existing value.
[09/09/2026-13:53:11] [TRT] [I] Loaded engine size: 23 MiB
[09/09/2026-13:53:11] [TRT] [I] [MemUsageChange] TensorRT-managed allocation in IExecutionContext creation: CPU +1, GPU +7, now: CPU 1, GPU 38 (MiB)
13:53:11  INFO     [RAMS] YOLOv8-small ready — TensorRT yolov8s.engine (imgsz=416).
WARNING ⚠️ Unable to automatically guess model task, assuming 'task=detect'. Explicitly define task for your model, i.e. 'task=detect', 'segment', 'classify', 'pose', 'obb' or 'semantic'.
Loading yolov8m.engine for TensorRT inference...
[09/09/2026-13:53:11] [TRT] [I] The logger passed into createInferRuntime differs from one already provided for an existing builder, runtime, or refitter. Uses of the global logger, returned by nvinfer1::getLogger(), will return the existing value.
[09/09/2026-13:53:11] [TRT] [I] Loaded engine size: 52 MiB
[09/09/2026-13:53:11] [TRT] [I] [MemUsageChange] TensorRT-managed allocation in IExecutionContext creation: CPU +0, GPU +29, now: CPU 1, GPU 117 (MiB)
13:53:11  INFO     [RAMS] YOLOv8-medium ready — TensorRT yolov8m.engine (imgsz=640).
13:53:11  INFO     [RAMS] Controller ready. Policy: fixed
13:53:12  INFO       [fixed_small / moderate] 20/200  tier=SMALL   latency=8.1 ms  R=0.495  target=0.50  dets=1  vru=False  backend=tensorrt
13:53:13  INFO       [fixed_small / moderate] 40/200  tier=SMALL   latency=7.5 ms  R=0.498  target=0.50  dets=2  vru=False  backend=tensorrt
13:53:13  INFO       [fixed_small / moderate] 60/200  tier=SMALL   latency=7.8 ms  R=0.497  target=0.50  dets=3  vru=False  backend=tensorrt
13:53:14  INFO       [fixed_small / moderate] 80/200  tier=SMALL   latency=7.3 ms  R=0.478  target=0.50  dets=1  vru=False  backend=tensorrt
13:53:14  INFO       [fixed_small / moderate] 100/200  tier=SMALL   latency=9.8 ms  R=0.489  target=0.50  dets=12  vru=False  backend=tensorrt
13:53:14  INFO       [fixed_small / moderate] 120/200  tier=SMALL   latency=8.7 ms  R=0.495  target=0.50  dets=6  vru=False  backend=tensorrt
13:53:15  INFO       [fixed_small / moderate] 140/200  tier=SMALL   latency=9.1 ms  R=0.495  target=0.50  dets=10  vru=False  backend=tensorrt
13:53:15  INFO       [fixed_small / moderate] 160/200  tier=SMALL   latency=7.6 ms  R=0.500  target=0.50  dets=2  vru=False  backend=tensorrt
13:53:16  INFO       [fixed_small / moderate] 180/200  tier=SMALL   latency=7.4 ms  R=0.500  target=0.50  dets=1  vru=True  backend=tensorrt
13:53:16  INFO       [fixed_small / moderate] 200/200  tier=SMALL   latency=7.3 ms  R=0.509  target=0.50  dets=1  vru=True  backend=tensorrt
13:53:16  INFO     [RAMS] Controller stopped.
13:53:16  INFO     
--- Block 4/10  Policy: safety2  Load: moderate (50%) ---
13:53:16  INFO     [RAMS] Starting resource monitor ...
13:53:16  INFO     [RAMS] Loading model tiers ...
WARNING ⚠️ Unable to automatically guess model task, assuming 'task=detect'. Explicitly define task for your model, i.e. 'task=detect', 'segment', 'classify', 'pose', 'obb' or 'semantic'.
Loading yolov8n.engine for TensorRT inference...
[09/09/2026-13:53:16] [TRT] [I] Loaded engine size: 7 MiB
[09/09/2026-13:53:16] [TRT] [I] [MemUsageChange] TensorRT-managed allocation in IExecutionContext creation: CPU +0, GPU +3, now: CPU 0, GPU 9 (MiB)
13:53:16  INFO     [RAMS] YOLOv8-nano ready — TensorRT yolov8n.engine (imgsz=320).
WARNING ⚠️ Unable to automatically guess model task, assuming 'task=detect'. Explicitly define task for your model, i.e. 'task=detect', 'segment', 'classify', 'pose', 'obb' or 'semantic'.
Loading yolov8s.engine for TensorRT inference...
[09/09/2026-13:53:16] [TRT] [I] The logger passed into createInferRuntime differs from one already provided for an existing builder, runtime, or refitter. Uses of the global logger, returned by nvinfer1::getLogger(), will return the existing value.
[09/09/2026-13:53:16] [TRT] [I] Loaded engine size: 23 MiB
[09/09/2026-13:53:16] [TRT] [I] [MemUsageChange] TensorRT-managed allocation in IExecutionContext creation: CPU +1, GPU +7, now: CPU 1, GPU 38 (MiB)
13:53:16  INFO     [RAMS] YOLOv8-small ready — TensorRT yolov8s.engine (imgsz=416).
WARNING ⚠️ Unable to automatically guess model task, assuming 'task=detect'. Explicitly define task for your model, i.e. 'task=detect', 'segment', 'classify', 'pose', 'obb' or 'semantic'.
Loading yolov8m.engine for TensorRT inference...
[09/09/2026-13:53:16] [TRT] [I] The logger passed into createInferRuntime differs from one already provided for an existing builder, runtime, or refitter. Uses of the global logger, returned by nvinfer1::getLogger(), will return the existing value.
[09/09/2026-13:53:16] [TRT] [I] Loaded engine size: 52 MiB
[09/09/2026-13:53:16] [TRT] [I] [MemUsageChange] TensorRT-managed allocation in IExecutionContext creation: CPU +0, GPU +29, now: CPU 1, GPU 117 (MiB)
13:53:16  INFO     [RAMS] YOLOv8-medium ready — TensorRT yolov8m.engine (imgsz=640).
13:53:16  INFO     [RAMS] Controller ready. Policy: safety2
13:53:18  INFO     [RAMS] Tier switch: SMALL → MEDIUM  (R=0.476)
13:53:18  INFO       [safety2 / moderate] 20/200  tier=MEDIUM  latency=13.7 ms  R=0.517  target=0.50  dets=2  vru=False  backend=tensorrt
13:53:19  INFO       [safety2 / moderate] 40/200  tier=MEDIUM  latency=14.4 ms  R=0.577  target=0.50  dets=4  vru=False  backend=tensorrt
13:53:19  INFO     [RAMS] Tier switch: MEDIUM → SMALL  (R=0.499)
13:53:19  INFO     [RAMS] Tier switch: SMALL → MEDIUM  (R=0.483)
13:53:19  INFO       [safety2 / moderate] 60/200  tier=MEDIUM  latency=14.5 ms  R=0.544  target=0.50  dets=6  vru=False  backend=tensorrt
13:53:20  INFO       [safety2 / moderate] 80/200  tier=MEDIUM  latency=14.0 ms  R=0.531  target=0.50  dets=4  vru=False  backend=tensorrt
13:53:20  INFO     [RAMS] Tier switch: MEDIUM → SMALL  (R=0.564)
13:53:20  INFO     [RAMS] Tier switch: SMALL → MEDIUM  (R=0.530)
13:53:20  INFO       [safety2 / moderate] 100/200  tier=MEDIUM  latency=21.5 ms  R=0.530  target=0.50  dets=17  vru=True  backend=tensorrt
13:53:21  INFO       [safety2 / moderate] 120/200  tier=MEDIUM  latency=15.5 ms  R=0.538  target=0.50  dets=8  vru=False  backend=tensorrt
13:53:21  INFO     [RAMS] Tier switch: MEDIUM → SMALL  (R=0.554)
13:53:21  INFO     [RAMS] Tier switch: SMALL → MEDIUM  (R=0.564)
13:53:21  INFO       [safety2 / moderate] 140/200  tier=MEDIUM  latency=16.2 ms  R=0.548  target=0.50  dets=10  vru=False  backend=tensorrt
13:53:22  INFO     [RAMS] Tier switch: MEDIUM → NANO  (R=0.565)
13:53:22  INFO       [safety2 / moderate] 160/200  tier=NANO    latency=10.6 ms  R=0.565  target=0.50  dets=1  vru=False  backend=tensorrt
13:53:22  INFO     [RAMS] Tier switch: NANO → SMALL  (R=0.545)
13:53:22  INFO     [RAMS] Tier switch: SMALL → MEDIUM  (R=0.597)
13:53:22  INFO       [safety2 / moderate] 180/200  tier=MEDIUM  latency=16.8 ms  R=0.597  target=0.50  dets=16  vru=True  backend=tensorrt
13:53:23  INFO       [safety2 / moderate] 200/200  tier=MEDIUM  latency=15.6 ms  R=0.579  target=0.50  dets=9  vru=True  backend=tensorrt
13:53:23  INFO     [RAMS] Controller stopped.
13:53:23  INFO     
--- Block 4/10  Policy: safety  Load: moderate (50%) ---
13:53:23  INFO     [RAMS] Starting resource monitor ...
13:53:23  INFO     [RAMS] Loading model tiers ...
WARNING ⚠️ Unable to automatically guess model task, assuming 'task=detect'. Explicitly define task for your model, i.e. 'task=detect', 'segment', 'classify', 'pose', 'obb' or 'semantic'.
Loading yolov8n.engine for TensorRT inference...
[09/09/2026-13:53:23] [TRT] [I] Loaded engine size: 7 MiB
[09/09/2026-13:53:23] [TRT] [I] [MemUsageChange] TensorRT-managed allocation in IExecutionContext creation: CPU +0, GPU +3, now: CPU 0, GPU 9 (MiB)
13:53:23  INFO     [RAMS] YOLOv8-nano ready — TensorRT yolov8n.engine (imgsz=320).
WARNING ⚠️ Unable to automatically guess model task, assuming 'task=detect'. Explicitly define task for your model, i.e. 'task=detect', 'segment', 'classify', 'pose', 'obb' or 'semantic'.
Loading yolov8s.engine for TensorRT inference...
[09/09/2026-13:53:23] [TRT] [I] The logger passed into createInferRuntime differs from one already provided for an existing builder, runtime, or refitter. Uses of the global logger, returned by nvinfer1::getLogger(), will return the existing value.
[09/09/2026-13:53:23] [TRT] [I] Loaded engine size: 23 MiB
[09/09/2026-13:53:23] [TRT] [I] [MemUsageChange] TensorRT-managed allocation in IExecutionContext creation: CPU +1, GPU +7, now: CPU 1, GPU 38 (MiB)
13:53:23  INFO     [RAMS] YOLOv8-small ready — TensorRT yolov8s.engine (imgsz=416).
WARNING ⚠️ Unable to automatically guess model task, assuming 'task=detect'. Explicitly define task for your model, i.e. 'task=detect', 'segment', 'classify', 'pose', 'obb' or 'semantic'.
Loading yolov8m.engine for TensorRT inference...
[09/09/2026-13:53:23] [TRT] [I] The logger passed into createInferRuntime differs from one already provided for an existing builder, runtime, or refitter. Uses of the global logger, returned by nvinfer1::getLogger(), will return the existing value.
[09/09/2026-13:53:23] [TRT] [I] Loaded engine size: 52 MiB
[09/09/2026-13:53:23] [TRT] [I] [MemUsageChange] TensorRT-managed allocation in IExecutionContext creation: CPU +0, GPU +29, now: CPU 1, GPU 117 (MiB)
13:53:23  INFO     [RAMS] YOLOv8-medium ready — TensorRT yolov8m.engine (imgsz=640).
13:53:23  INFO     [RAMS] Controller ready. Policy: safety
13:53:25  INFO       [safety / moderate] 20/200  tier=SMALL   latency=8.0 ms  R=0.569  target=0.50  dets=1  vru=False  backend=tensorrt
13:53:25  INFO       [safety / moderate] 40/200  tier=SMALL   latency=8.1 ms  R=0.553  target=0.50  dets=2  vru=False  backend=tensorrt
13:53:26  INFO       [safety / moderate] 60/200  tier=SMALL   latency=8.0 ms  R=0.559  target=0.50  dets=3  vru=False  backend=tensorrt
13:53:26  INFO       [safety / moderate] 80/200  tier=SMALL   latency=7.6 ms  R=0.572  target=0.50  dets=1  vru=False  backend=tensorrt
13:53:26  INFO       [safety / moderate] 100/200  tier=SMALL   latency=9.7 ms  R=0.559  target=0.50  dets=12  vru=False  backend=tensorrt
13:53:27  INFO       [safety / moderate] 120/200  tier=SMALL   latency=8.7 ms  R=0.493  target=0.50  dets=6  vru=False  backend=tensorrt
13:53:27  INFO       [safety / moderate] 140/200  tier=SMALL   latency=9.4 ms  R=0.502  target=0.50  dets=10  vru=False  backend=tensorrt
13:53:28  INFO       [safety / moderate] 160/200  tier=SMALL   latency=7.6 ms  R=0.499  target=0.50  dets=2  vru=False  backend=tensorrt
13:53:28  INFO       [safety / moderate] 180/200  tier=SMALL   latency=8.0 ms  R=0.505  target=0.50  dets=1  vru=True  backend=tensorrt
13:53:29  INFO       [safety / moderate] 200/200  tier=SMALL   latency=7.4 ms  R=0.498  target=0.50  dets=1  vru=True  backend=tensorrt
13:53:29  INFO     [RAMS] Controller stopped.
13:53:29  INFO     
--- Block 4/10  Policy: threshold  Load: moderate (50%) ---
13:53:29  INFO     [RAMS] Starting resource monitor ...
13:53:29  INFO     [RAMS] Loading model tiers ...
WARNING ⚠️ Unable to automatically guess model task, assuming 'task=detect'. Explicitly define task for your model, i.e. 'task=detect', 'segment', 'classify', 'pose', 'obb' or 'semantic'.
Loading yolov8n.engine for TensorRT inference...
[09/09/2026-13:53:29] [TRT] [I] Loaded engine size: 7 MiB
[09/09/2026-13:53:29] [TRT] [I] [MemUsageChange] TensorRT-managed allocation in IExecutionContext creation: CPU +0, GPU +3, now: CPU 0, GPU 9 (MiB)
13:53:29  INFO     [RAMS] YOLOv8-nano ready — TensorRT yolov8n.engine (imgsz=320).
WARNING ⚠️ Unable to automatically guess model task, assuming 'task=detect'. Explicitly define task for your model, i.e. 'task=detect', 'segment', 'classify', 'pose', 'obb' or 'semantic'.
Loading yolov8s.engine for TensorRT inference...
[09/09/2026-13:53:29] [TRT] [I] The logger passed into createInferRuntime differs from one already provided for an existing builder, runtime, or refitter. Uses of the global logger, returned by nvinfer1::getLogger(), will return the existing value.
[09/09/2026-13:53:29] [TRT] [I] Loaded engine size: 23 MiB
[09/09/2026-13:53:29] [TRT] [I] [MemUsageChange] TensorRT-managed allocation in IExecutionContext creation: CPU +1, GPU +7, now: CPU 1, GPU 38 (MiB)
13:53:29  INFO     [RAMS] YOLOv8-small ready — TensorRT yolov8s.engine (imgsz=416).
WARNING ⚠️ Unable to automatically guess model task, assuming 'task=detect'. Explicitly define task for your model, i.e. 'task=detect', 'segment', 'classify', 'pose', 'obb' or 'semantic'.
Loading yolov8m.engine for TensorRT inference...
[09/09/2026-13:53:29] [TRT] [I] The logger passed into createInferRuntime differs from one already provided for an existing builder, runtime, or refitter. Uses of the global logger, returned by nvinfer1::getLogger(), will return the existing value.
[09/09/2026-13:53:29] [TRT] [I] Loaded engine size: 52 MiB
[09/09/2026-13:53:29] [TRT] [I] [MemUsageChange] TensorRT-managed allocation in IExecutionContext creation: CPU +0, GPU +29, now: CPU 1, GPU 117 (MiB)
13:53:29  INFO     [RAMS] YOLOv8-medium ready — TensorRT yolov8m.engine (imgsz=640).
13:53:29  INFO     [RAMS] Controller ready. Policy: threshold
13:53:30  INFO       [threshold / moderate] 20/200  tier=SMALL   latency=7.4 ms  R=0.497  target=0.50  dets=1  vru=False  backend=tensorrt
13:53:30  INFO     [RAMS] Tier switch: SMALL → NANO  (R=0.566)
13:53:31  INFO     [RAMS] Tier switch: NANO → SMALL  (R=0.510)
13:53:31  INFO       [threshold / moderate] 40/200  tier=SMALL   latency=7.9 ms  R=0.497  target=0.50  dets=2  vru=False  backend=tensorrt
13:53:31  INFO       [threshold / moderate] 60/200  tier=SMALL   latency=7.7 ms  R=0.471  target=0.50  dets=3  vru=False  backend=tensorrt
13:53:31  INFO     [RAMS] Tier switch: SMALL → NANO  (R=0.565)
13:53:32  INFO       [threshold / moderate] 80/200  tier=NANO    latency=6.1 ms  R=0.483  target=0.50  dets=1  vru=False  backend=tensorrt
13:53:32  INFO     [RAMS] Tier switch: NANO → SMALL  (R=0.483)
13:53:32  INFO       [threshold / moderate] 100/200  tier=SMALL   latency=9.9 ms  R=0.493  target=0.50  dets=12  vru=False  backend=tensorrt
13:53:32  INFO       [threshold / moderate] 120/200  tier=SMALL   latency=9.0 ms  R=0.507  target=0.50  dets=6  vru=False  backend=tensorrt
13:53:32  INFO     [RAMS] Tier switch: SMALL → NANO  (R=0.544)
13:53:33  INFO     [RAMS] Tier switch: NANO → SMALL  (R=0.493)
13:53:33  INFO       [threshold / moderate] 140/200  tier=SMALL   latency=9.2 ms  R=0.501  target=0.50  dets=10  vru=False  backend=tensorrt
13:53:33  INFO       [threshold / moderate] 160/200  tier=SMALL   latency=7.5 ms  R=0.500  target=0.50  dets=2  vru=False  backend=tensorrt
13:53:33  INFO     [RAMS] Tier switch: SMALL → NANO  (R=0.594)
13:53:34  INFO     [RAMS] Tier switch: NANO → SMALL  (R=0.503)
13:53:34  INFO       [threshold / moderate] 180/200  tier=SMALL   latency=7.3 ms  R=0.503  target=0.50  dets=1  vru=True  backend=tensorrt
13:53:34  INFO       [threshold / moderate] 200/200  tier=SMALL   latency=7.2 ms  R=0.493  target=0.50  dets=1  vru=True  backend=tensorrt
13:53:34  INFO     [RAMS] Controller stopped.
13:53:34  INFO     
--- Block 5/10  Policy: safety  Load: moderate (50%) ---
13:53:34  INFO     [RAMS] Starting resource monitor ...
13:53:34  INFO     [RAMS] Loading model tiers ...
WARNING ⚠️ Unable to automatically guess model task, assuming 'task=detect'. Explicitly define task for your model, i.e. 'task=detect', 'segment', 'classify', 'pose', 'obb' or 'semantic'.
Loading yolov8n.engine for TensorRT inference...
[09/09/2026-13:53:34] [TRT] [I] Loaded engine size: 7 MiB
[09/09/2026-13:53:34] [TRT] [I] [MemUsageChange] TensorRT-managed allocation in IExecutionContext creation: CPU +0, GPU +3, now: CPU 0, GPU 9 (MiB)
13:53:34  INFO     [RAMS] YOLOv8-nano ready — TensorRT yolov8n.engine (imgsz=320).
WARNING ⚠️ Unable to automatically guess model task, assuming 'task=detect'. Explicitly define task for your model, i.e. 'task=detect', 'segment', 'classify', 'pose', 'obb' or 'semantic'.
Loading yolov8s.engine for TensorRT inference...
[09/09/2026-13:53:34] [TRT] [I] The logger passed into createInferRuntime differs from one already provided for an existing builder, runtime, or refitter. Uses of the global logger, returned by nvinfer1::getLogger(), will return the existing value.
[09/09/2026-13:53:34] [TRT] [I] Loaded engine size: 23 MiB
[09/09/2026-13:53:34] [TRT] [I] [MemUsageChange] TensorRT-managed allocation in IExecutionContext creation: CPU +1, GPU +7, now: CPU 1, GPU 38 (MiB)
13:53:34  INFO     [RAMS] YOLOv8-small ready — TensorRT yolov8s.engine (imgsz=416).
WARNING ⚠️ Unable to automatically guess model task, assuming 'task=detect'. Explicitly define task for your model, i.e. 'task=detect', 'segment', 'classify', 'pose', 'obb' or 'semantic'.
Loading yolov8m.engine for TensorRT inference...
[09/09/2026-13:53:34] [TRT] [I] The logger passed into createInferRuntime differs from one already provided for an existing builder, runtime, or refitter. Uses of the global logger, returned by nvinfer1::getLogger(), will return the existing value.
[09/09/2026-13:53:34] [TRT] [I] Loaded engine size: 52 MiB
[09/09/2026-13:53:34] [TRT] [I] [MemUsageChange] TensorRT-managed allocation in IExecutionContext creation: CPU +0, GPU +29, now: CPU 1, GPU 117 (MiB)
13:53:34  INFO     [RAMS] YOLOv8-medium ready — TensorRT yolov8m.engine (imgsz=640).
13:53:34  INFO     [RAMS] Controller ready. Policy: safety
13:53:36  INFO       [safety / moderate] 20/200  tier=SMALL   latency=9.4 ms  R=0.501  target=0.50  dets=11  vru=True  backend=tensorrt
13:53:36  INFO       [safety / moderate] 40/200  tier=SMALL   latency=10.2 ms  R=0.495  target=0.50  dets=15  vru=False  backend=tensorrt
13:53:37  INFO       [safety / moderate] 60/200  tier=SMALL   latency=7.5 ms  R=0.499  target=0.50  dets=2  vru=False  backend=tensorrt
13:53:37  INFO       [safety / moderate] 80/200  tier=SMALL   latency=9.2 ms  R=0.505  target=0.50  dets=10  vru=False  backend=tensorrt
13:53:38  INFO       [safety / moderate] 100/200  tier=SMALL   latency=9.1 ms  R=0.583  target=0.50  dets=10  vru=False  backend=tensorrt
13:53:38  INFO       [safety / moderate] 120/200  tier=SMALL   latency=8.0 ms  R=0.487  target=0.50  dets=4  vru=False  backend=tensorrt
13:53:38  INFO       [safety / moderate] 140/200  tier=SMALL   latency=8.8 ms  R=0.495  target=0.50  dets=8  vru=True  backend=tensorrt
13:53:39  INFO       [safety / moderate] 160/200  tier=SMALL   latency=7.3 ms  R=0.501  target=0.50  dets=1  vru=False  backend=tensorrt
13:53:39  INFO       [safety / moderate] 180/200  tier=SMALL   latency=8.4 ms  R=0.499  target=0.50  dets=2  vru=False  backend=tensorrt
13:53:40  INFO       [safety / moderate] 200/200  tier=SMALL   latency=7.4 ms  R=0.503  target=0.50  dets=1  vru=False  backend=tensorrt
13:53:40  INFO     [RAMS] Controller stopped.
13:53:40  INFO     
--- Block 5/10  Policy: fixed_nano  Load: moderate (50%) ---
13:53:40  INFO     [RAMS] Starting resource monitor ...
13:53:40  INFO     [RAMS] Loading model tiers ...
WARNING ⚠️ Unable to automatically guess model task, assuming 'task=detect'. Explicitly define task for your model, i.e. 'task=detect', 'segment', 'classify', 'pose', 'obb' or 'semantic'.
Loading yolov8n.engine for TensorRT inference...
[09/09/2026-13:53:40] [TRT] [I] Loaded engine size: 7 MiB
[09/09/2026-13:53:40] [TRT] [I] [MemUsageChange] TensorRT-managed allocation in IExecutionContext creation: CPU +0, GPU +3, now: CPU 0, GPU 9 (MiB)
13:53:40  INFO     [RAMS] YOLOv8-nano ready — TensorRT yolov8n.engine (imgsz=320).
WARNING ⚠️ Unable to automatically guess model task, assuming 'task=detect'. Explicitly define task for your model, i.e. 'task=detect', 'segment', 'classify', 'pose', 'obb' or 'semantic'.
Loading yolov8s.engine for TensorRT inference...
[09/09/2026-13:53:40] [TRT] [I] The logger passed into createInferRuntime differs from one already provided for an existing builder, runtime, or refitter. Uses of the global logger, returned by nvinfer1::getLogger(), will return the existing value.
[09/09/2026-13:53:40] [TRT] [I] Loaded engine size: 23 MiB
[09/09/2026-13:53:40] [TRT] [I] [MemUsageChange] TensorRT-managed allocation in IExecutionContext creation: CPU +1, GPU +7, now: CPU 1, GPU 38 (MiB)
13:53:40  INFO     [RAMS] YOLOv8-small ready — TensorRT yolov8s.engine (imgsz=416).
WARNING ⚠️ Unable to automatically guess model task, assuming 'task=detect'. Explicitly define task for your model, i.e. 'task=detect', 'segment', 'classify', 'pose', 'obb' or 'semantic'.
Loading yolov8m.engine for TensorRT inference...
[09/09/2026-13:53:40] [TRT] [I] The logger passed into createInferRuntime differs from one already provided for an existing builder, runtime, or refitter. Uses of the global logger, returned by nvinfer1::getLogger(), will return the existing value.
[09/09/2026-13:53:40] [TRT] [I] Loaded engine size: 52 MiB
[09/09/2026-13:53:40] [TRT] [I] [MemUsageChange] TensorRT-managed allocation in IExecutionContext creation: CPU +0, GPU +29, now: CPU 1, GPU 117 (MiB)
13:53:40  INFO     [RAMS] YOLOv8-medium ready — TensorRT yolov8m.engine (imgsz=640).
13:53:40  INFO     [RAMS] Controller ready. Policy: fixed
13:53:41  INFO     [RAMS] Tier switch: SMALL → NANO  (R=0.419)
13:53:41  INFO       [fixed_nano / moderate] 20/200  tier=NANO    latency=7.7 ms  R=0.488  target=0.50  dets=7  vru=False  backend=tensorrt
13:53:42  INFO       [fixed_nano / moderate] 40/200  tier=NANO    latency=8.5 ms  R=0.593  target=0.50  dets=10  vru=False  backend=tensorrt
13:53:42  INFO       [fixed_nano / moderate] 60/200  tier=NANO    latency=6.5 ms  R=0.550  target=0.50  dets=2  vru=False  backend=tensorrt
13:53:43  INFO       [fixed_nano / moderate] 80/200  tier=NANO    latency=7.5 ms  R=0.628  target=0.50  dets=6  vru=False  backend=tensorrt
13:53:43  INFO       [fixed_nano / moderate] 100/200  tier=NANO    latency=6.8 ms  R=0.550  target=0.50  dets=2  vru=False  backend=tensorrt
13:53:43  INFO       [fixed_nano / moderate] 120/200  tier=NANO    latency=7.9 ms  R=0.533  target=0.50  dets=2  vru=False  backend=tensorrt
13:53:44  INFO       [fixed_nano / moderate] 140/200  tier=NANO    latency=6.4 ms  R=0.576  target=0.50  dets=1  vru=False  backend=tensorrt
13:53:44  INFO       [fixed_nano / moderate] 160/200  tier=NANO    latency=5.1 ms  R=0.552  target=0.50  dets=0  vru=False  backend=tensorrt
13:53:44  INFO       [fixed_nano / moderate] 180/200  tier=NANO    latency=6.9 ms  R=0.567  target=0.50  dets=1  vru=False  backend=tensorrt
13:53:45  INFO       [fixed_nano / moderate] 200/200  tier=NANO    latency=6.6 ms  R=0.558  target=0.50  dets=1  vru=False  backend=tensorrt
13:53:45  INFO     [RAMS] Controller stopped.
13:53:45  INFO     
--- Block 5/10  Policy: fixed_medium  Load: moderate (50%) ---
13:53:45  INFO     [RAMS] Starting resource monitor ...
13:53:45  INFO     [RAMS] Loading model tiers ...
WARNING ⚠️ Unable to automatically guess model task, assuming 'task=detect'. Explicitly define task for your model, i.e. 'task=detect', 'segment', 'classify', 'pose', 'obb' or 'semantic'.
Loading yolov8n.engine for TensorRT inference...
[09/09/2026-13:53:45] [TRT] [I] Loaded engine size: 7 MiB
[09/09/2026-13:53:45] [TRT] [I] [MemUsageChange] TensorRT-managed allocation in IExecutionContext creation: CPU +0, GPU +3, now: CPU 0, GPU 9 (MiB)
13:53:45  INFO     [RAMS] YOLOv8-nano ready — TensorRT yolov8n.engine (imgsz=320).
WARNING ⚠️ Unable to automatically guess model task, assuming 'task=detect'. Explicitly define task for your model, i.e. 'task=detect', 'segment', 'classify', 'pose', 'obb' or 'semantic'.
Loading yolov8s.engine for TensorRT inference...
[09/09/2026-13:53:45] [TRT] [I] The logger passed into createInferRuntime differs from one already provided for an existing builder, runtime, or refitter. Uses of the global logger, returned by nvinfer1::getLogger(), will return the existing value.
[09/09/2026-13:53:45] [TRT] [I] Loaded engine size: 23 MiB
[09/09/2026-13:53:45] [TRT] [I] [MemUsageChange] TensorRT-managed allocation in IExecutionContext creation: CPU +1, GPU +7, now: CPU 1, GPU 38 (MiB)
13:53:45  INFO     [RAMS] YOLOv8-small ready — TensorRT yolov8s.engine (imgsz=416).
WARNING ⚠️ Unable to automatically guess model task, assuming 'task=detect'. Explicitly define task for your model, i.e. 'task=detect', 'segment', 'classify', 'pose', 'obb' or 'semantic'.
Loading yolov8m.engine for TensorRT inference...
[09/09/2026-13:53:45] [TRT] [I] The logger passed into createInferRuntime differs from one already provided for an existing builder, runtime, or refitter. Uses of the global logger, returned by nvinfer1::getLogger(), will return the existing value.
[09/09/2026-13:53:45] [TRT] [I] Loaded engine size: 52 MiB
[09/09/2026-13:53:45] [TRT] [I] [MemUsageChange] TensorRT-managed allocation in IExecutionContext creation: CPU +0, GPU +29, now: CPU 1, GPU 117 (MiB)
13:53:45  INFO     [RAMS] YOLOv8-medium ready — TensorRT yolov8m.engine (imgsz=640).
13:53:45  INFO     [RAMS] Controller ready. Policy: fixed
13:53:46  INFO     [RAMS] Tier switch: SMALL → MEDIUM  (R=0.522)
13:53:47  INFO       [fixed_medium / moderate] 20/200  tier=MEDIUM  latency=17.9 ms  R=0.600  target=0.50  dets=17  vru=True  backend=tensorrt
13:53:47  INFO       [fixed_medium / moderate] 40/200  tier=MEDIUM  latency=17.2 ms  R=0.671  target=0.50  dets=16  vru=False  backend=tensorrt
13:53:48  INFO       [fixed_medium / moderate] 60/200  tier=MEDIUM  latency=13.9 ms  R=0.549  target=0.50  dets=3  vru=True  backend=tensorrt
13:53:49  INFO       [fixed_medium / moderate] 80/200  tier=MEDIUM  latency=15.6 ms  R=0.514  target=0.50  dets=11  vru=False  backend=tensorrt
13:53:49  INFO       [fixed_medium / moderate] 100/200  tier=MEDIUM  latency=15.4 ms  R=0.506  target=0.50  dets=11  vru=True  backend=tensorrt
13:53:50  INFO       [fixed_medium / moderate] 120/200  tier=MEDIUM  latency=14.3 ms  R=0.519  target=0.50  dets=5  vru=False  backend=tensorrt
13:53:50  INFO       [fixed_medium / moderate] 140/200  tier=MEDIUM  latency=17.0 ms  R=0.545  target=0.50  dets=19  vru=True  backend=tensorrt
13:53:51  INFO       [fixed_medium / moderate] 160/200  tier=MEDIUM  latency=13.7 ms  R=0.477  target=0.50  dets=2  vru=False  backend=tensorrt
13:53:51  INFO       [fixed_medium / moderate] 180/200  tier=MEDIUM  latency=13.8 ms  R=0.539  target=0.50  dets=3  vru=False  backend=tensorrt
13:53:52  INFO       [fixed_medium / moderate] 200/200  tier=MEDIUM  latency=14.1 ms  R=0.547  target=0.50  dets=4  vru=False  backend=tensorrt
13:53:52  INFO     [RAMS] Controller stopped.
13:53:52  INFO     
--- Block 5/10  Policy: adaptive  Load: moderate (50%) ---
13:53:52  INFO     [RAMS] Starting resource monitor ...
13:53:52  INFO     [RAMS] Loading model tiers ...
WARNING ⚠️ Unable to automatically guess model task, assuming 'task=detect'. Explicitly define task for your model, i.e. 'task=detect', 'segment', 'classify', 'pose', 'obb' or 'semantic'.
Loading yolov8n.engine for TensorRT inference...
[09/09/2026-13:53:52] [TRT] [I] Loaded engine size: 7 MiB
[09/09/2026-13:53:52] [TRT] [I] [MemUsageChange] TensorRT-managed allocation in IExecutionContext creation: CPU +0, GPU +3, now: CPU 0, GPU 9 (MiB)
13:53:52  INFO     [RAMS] YOLOv8-nano ready — TensorRT yolov8n.engine (imgsz=320).
WARNING ⚠️ Unable to automatically guess model task, assuming 'task=detect'. Explicitly define task for your model, i.e. 'task=detect', 'segment', 'classify', 'pose', 'obb' or 'semantic'.
Loading yolov8s.engine for TensorRT inference...
[09/09/2026-13:53:52] [TRT] [I] The logger passed into createInferRuntime differs from one already provided for an existing builder, runtime, or refitter. Uses of the global logger, returned by nvinfer1::getLogger(), will return the existing value.
[09/09/2026-13:53:52] [TRT] [I] Loaded engine size: 23 MiB
[09/09/2026-13:53:52] [TRT] [I] [MemUsageChange] TensorRT-managed allocation in IExecutionContext creation: CPU +1, GPU +7, now: CPU 1, GPU 38 (MiB)
13:53:52  INFO     [RAMS] YOLOv8-small ready — TensorRT yolov8s.engine (imgsz=416).
WARNING ⚠️ Unable to automatically guess model task, assuming 'task=detect'. Explicitly define task for your model, i.e. 'task=detect', 'segment', 'classify', 'pose', 'obb' or 'semantic'.
Loading yolov8m.engine for TensorRT inference...
[09/09/2026-13:53:52] [TRT] [I] The logger passed into createInferRuntime differs from one already provided for an existing builder, runtime, or refitter. Uses of the global logger, returned by nvinfer1::getLogger(), will return the existing value.
[09/09/2026-13:53:52] [TRT] [I] Loaded engine size: 52 MiB
[09/09/2026-13:53:52] [TRT] [I] [MemUsageChange] TensorRT-managed allocation in IExecutionContext creation: CPU +0, GPU +29, now: CPU 1, GPU 117 (MiB)
13:53:52  INFO     [RAMS] YOLOv8-medium ready — TensorRT yolov8m.engine (imgsz=640).
13:53:52  INFO     [RAMS] Controller ready. Policy: adaptive
13:53:54  INFO     [RAMS] Tier switch: SMALL → NANO  (R=0.578)
13:53:54  INFO     [RAMS] Tier switch: NANO → SMALL  (R=0.494)
13:53:54  INFO       [adaptive / moderate] 20/200  tier=SMALL   latency=10.2 ms  R=0.496  target=0.50  dets=11  vru=True  backend=tensorrt
13:53:54  INFO       [adaptive / moderate] 40/200  tier=SMALL   latency=10.8 ms  R=0.477  target=0.50  dets=15  vru=False  backend=tensorrt
13:53:55  INFO       [adaptive / moderate] 60/200  tier=SMALL   latency=8.2 ms  R=0.571  target=0.50  dets=2  vru=False  backend=tensorrt
13:53:55  INFO     [RAMS] Tier switch: SMALL → NANO  (R=0.571)
13:53:55  INFO     [RAMS] Tier switch: NANO → SMALL  (R=0.471)
13:53:55  INFO       [adaptive / moderate] 80/200  tier=SMALL   latency=9.3 ms  R=0.497  target=0.50  dets=10  vru=False  backend=tensorrt
13:53:55  INFO       [adaptive / moderate] 100/200  tier=SMALL   latency=9.3 ms  R=0.500  target=0.50  dets=10  vru=False  backend=tensorrt
13:53:56  INFO     [RAMS] Tier switch: SMALL → NANO  (R=0.573)
13:53:56  INFO     [RAMS] Tier switch: NANO → SMALL  (R=0.490)
13:53:56  INFO       [adaptive / moderate] 120/200  tier=SMALL   latency=8.6 ms  R=0.495  target=0.50  dets=4  vru=False  backend=tensorrt
13:53:56  INFO       [adaptive / moderate] 140/200  tier=SMALL   latency=8.8 ms  R=0.501  target=0.50  dets=8  vru=True  backend=tensorrt
13:53:57  INFO     [RAMS] Tier switch: SMALL → NANO  (R=0.575)
13:53:57  INFO     [RAMS] Tier switch: NANO → SMALL  (R=0.495)
13:53:57  INFO       [adaptive / moderate] 160/200  tier=SMALL   latency=7.5 ms  R=0.495  target=0.50  dets=1  vru=False  backend=tensorrt
13:53:57  INFO       [adaptive / moderate] 180/200  tier=SMALL   latency=7.5 ms  R=0.496  target=0.50  dets=2  vru=False  backend=tensorrt
13:53:57  INFO       [adaptive / moderate] 200/200  tier=SMALL   latency=7.8 ms  R=0.592  target=0.50  dets=1  vru=False  backend=tensorrt
13:53:58  INFO     [RAMS] Controller stopped.
13:53:58  INFO     
--- Block 5/10  Policy: predictive  Load: moderate (50%) ---
13:53:58  INFO     [RAMS] Starting resource monitor ...
13:53:58  INFO     [RAMS] Loading model tiers ...
WARNING ⚠️ Unable to automatically guess model task, assuming 'task=detect'. Explicitly define task for your model, i.e. 'task=detect', 'segment', 'classify', 'pose', 'obb' or 'semantic'.
Loading yolov8n.engine for TensorRT inference...
[09/09/2026-13:53:58] [TRT] [I] Loaded engine size: 7 MiB
[09/09/2026-13:53:58] [TRT] [I] [MemUsageChange] TensorRT-managed allocation in IExecutionContext creation: CPU +0, GPU +3, now: CPU 0, GPU 9 (MiB)
13:53:58  INFO     [RAMS] YOLOv8-nano ready — TensorRT yolov8n.engine (imgsz=320).
WARNING ⚠️ Unable to automatically guess model task, assuming 'task=detect'. Explicitly define task for your model, i.e. 'task=detect', 'segment', 'classify', 'pose', 'obb' or 'semantic'.
Loading yolov8s.engine for TensorRT inference...
[09/09/2026-13:53:58] [TRT] [I] The logger passed into createInferRuntime differs from one already provided for an existing builder, runtime, or refitter. Uses of the global logger, returned by nvinfer1::getLogger(), will return the existing value.
[09/09/2026-13:53:58] [TRT] [I] Loaded engine size: 23 MiB
[09/09/2026-13:53:58] [TRT] [I] [MemUsageChange] TensorRT-managed allocation in IExecutionContext creation: CPU +1, GPU +7, now: CPU 1, GPU 38 (MiB)
13:53:58  INFO     [RAMS] YOLOv8-small ready — TensorRT yolov8s.engine (imgsz=416).
WARNING ⚠️ Unable to automatically guess model task, assuming 'task=detect'. Explicitly define task for your model, i.e. 'task=detect', 'segment', 'classify', 'pose', 'obb' or 'semantic'.
Loading yolov8m.engine for TensorRT inference...
[09/09/2026-13:53:58] [TRT] [I] The logger passed into createInferRuntime differs from one already provided for an existing builder, runtime, or refitter. Uses of the global logger, returned by nvinfer1::getLogger(), will return the existing value.
[09/09/2026-13:53:58] [TRT] [I] Loaded engine size: 52 MiB
[09/09/2026-13:53:58] [TRT] [I] [MemUsageChange] TensorRT-managed allocation in IExecutionContext creation: CPU +0, GPU +29, now: CPU 1, GPU 117 (MiB)
13:53:58  INFO     [RAMS] YOLOv8-medium ready — TensorRT yolov8m.engine (imgsz=640).
13:53:58  INFO     [RAMS] Controller ready. Policy: predictive
13:53:59  INFO       [predictive / moderate] 20/200  tier=SMALL   latency=9.4 ms  R=0.505  target=0.50  dets=11  vru=True  backend=tensorrt
13:53:59  INFO     [RAMS] Tier switch: SMALL → NANO  (R=0.573)
13:54:00  INFO     [RAMS] Tier switch: NANO → SMALL  (R=0.493)
13:54:00  INFO       [predictive / moderate] 40/200  tier=SMALL   latency=10.3 ms  R=0.501  target=0.50  dets=15  vru=False  backend=tensorrt
13:54:00  INFO       [predictive / moderate] 60/200  tier=SMALL   latency=7.6 ms  R=0.492  target=0.50  dets=2  vru=False  backend=tensorrt
13:54:00  INFO     [RAMS] Tier switch: SMALL → NANO  (R=0.569)
13:54:01  INFO       [predictive / moderate] 80/200  tier=NANO    latency=7.1 ms  R=0.569  target=0.50  dets=6  vru=False  backend=tensorrt
13:54:01  INFO     [RAMS] Tier switch: NANO → SMALL  (R=0.496)
13:54:01  INFO       [predictive / moderate] 100/200  tier=SMALL   latency=9.3 ms  R=0.505  target=0.50  dets=10  vru=False  backend=tensorrt
13:54:01  INFO       [predictive / moderate] 120/200  tier=SMALL   latency=8.1 ms  R=0.485  target=0.50  dets=4  vru=False  backend=tensorrt
13:54:01  INFO     [RAMS] Tier switch: SMALL → NANO  (R=0.580)
13:54:02  INFO     [RAMS] Tier switch: NANO → SMALL  (R=0.485)
13:54:02  INFO       [predictive / moderate] 140/200  tier=SMALL   latency=9.0 ms  R=0.509  target=0.50  dets=8  vru=True  backend=tensorrt
13:54:02  INFO       [predictive / moderate] 160/200  tier=SMALL   latency=7.4 ms  R=0.476  target=0.50  dets=1  vru=False  backend=tensorrt
13:54:02  INFO     [RAMS] Tier switch: SMALL → NANO  (R=0.581)
13:54:03  INFO       [predictive / moderate] 180/200  tier=NANO    latency=9.7 ms  R=0.581  target=0.50  dets=1  vru=False  backend=tensorrt
13:54:03  INFO     [RAMS] Tier switch: NANO → SMALL  (R=0.515)
13:54:03  INFO     [RAMS] Tier switch: SMALL → NANO  (R=0.549)
13:54:03  INFO     [RAMS] Tier switch: NANO → SMALL  (R=0.528)
13:54:03  INFO     [RAMS] Tier switch: SMALL → NANO  (R=0.589)
13:54:03  INFO       [predictive / moderate] 200/200  tier=NANO    latency=6.6 ms  R=0.590  target=0.50  dets=1  vru=False  backend=tensorrt
13:54:03  INFO     [RAMS] Controller stopped.
13:54:03  INFO     
--- Block 5/10  Policy: safety2  Load: moderate (50%) ---
13:54:03  INFO     [RAMS] Starting resource monitor ...
13:54:03  INFO     [RAMS] Loading model tiers ...
WARNING ⚠️ Unable to automatically guess model task, assuming 'task=detect'. Explicitly define task for your model, i.e. 'task=detect', 'segment', 'classify', 'pose', 'obb' or 'semantic'.
Loading yolov8n.engine for TensorRT inference...
[09/09/2026-13:54:03] [TRT] [I] Loaded engine size: 7 MiB
[09/09/2026-13:54:03] [TRT] [I] [MemUsageChange] TensorRT-managed allocation in IExecutionContext creation: CPU +0, GPU +3, now: CPU 0, GPU 9 (MiB)
13:54:03  INFO     [RAMS] YOLOv8-nano ready — TensorRT yolov8n.engine (imgsz=320).
WARNING ⚠️ Unable to automatically guess model task, assuming 'task=detect'. Explicitly define task for your model, i.e. 'task=detect', 'segment', 'classify', 'pose', 'obb' or 'semantic'.
Loading yolov8s.engine for TensorRT inference...
[09/09/2026-13:54:03] [TRT] [I] The logger passed into createInferRuntime differs from one already provided for an existing builder, runtime, or refitter. Uses of the global logger, returned by nvinfer1::getLogger(), will return the existing value.
[09/09/2026-13:54:03] [TRT] [I] Loaded engine size: 23 MiB
[09/09/2026-13:54:03] [TRT] [I] [MemUsageChange] TensorRT-managed allocation in IExecutionContext creation: CPU +1, GPU +7, now: CPU 1, GPU 38 (MiB)
13:54:03  INFO     [RAMS] YOLOv8-small ready — TensorRT yolov8s.engine (imgsz=416).
WARNING ⚠️ Unable to automatically guess model task, assuming 'task=detect'. Explicitly define task for your model, i.e. 'task=detect', 'segment', 'classify', 'pose', 'obb' or 'semantic'.
Loading yolov8m.engine for TensorRT inference...
[09/09/2026-13:54:03] [TRT] [I] The logger passed into createInferRuntime differs from one already provided for an existing builder, runtime, or refitter. Uses of the global logger, returned by nvinfer1::getLogger(), will return the existing value.
[09/09/2026-13:54:03] [TRT] [I] Loaded engine size: 52 MiB
[09/09/2026-13:54:03] [TRT] [I] [MemUsageChange] TensorRT-managed allocation in IExecutionContext creation: CPU +0, GPU +29, now: CPU 1, GPU 117 (MiB)
13:54:03  INFO     [RAMS] YOLOv8-medium ready — TensorRT yolov8m.engine (imgsz=640).
13:54:03  INFO     [RAMS] Controller ready. Policy: safety2
13:54:05  INFO     [RAMS] Tier switch: SMALL → NANO  (R=0.575)
13:54:05  INFO     [RAMS] Tier switch: NANO → MEDIUM  (R=0.548)
13:54:05  INFO       [safety2 / moderate] 20/200  tier=MEDIUM  latency=17.0 ms  R=0.610  target=0.50  dets=17  vru=True  backend=tensorrt
13:54:06  INFO       [safety2 / moderate] 40/200  tier=MEDIUM  latency=16.8 ms  R=0.684  target=0.50  dets=16  vru=False  backend=tensorrt
13:54:06  INFO     [RAMS] Tier switch: MEDIUM → SMALL  (R=0.535)
13:54:06  INFO     [RAMS] Tier switch: SMALL → MEDIUM  (R=0.533)
13:54:06  INFO       [safety2 / moderate] 60/200  tier=MEDIUM  latency=14.3 ms  R=0.613  target=0.50  dets=3  vru=True  backend=tensorrt
13:54:07  INFO       [safety2 / moderate] 80/200  tier=MEDIUM  latency=16.9 ms  R=0.609  target=0.50  dets=11  vru=False  backend=tensorrt
13:54:07  INFO     [RAMS] Tier switch: MEDIUM → SMALL  (R=0.551)
13:54:07  INFO     [RAMS] Tier switch: SMALL → MEDIUM  (R=0.551)
13:54:07  INFO       [safety2 / moderate] 100/200  tier=MEDIUM  latency=16.3 ms  R=0.571  target=0.50  dets=11  vru=True  backend=tensorrt
13:54:07  INFO     [RAMS] Tier switch: MEDIUM → NANO  (R=0.585)
13:54:08  INFO     [RAMS] Tier switch: NANO → MEDIUM  (R=0.633)
13:54:08  INFO       [safety2 / moderate] 120/200  tier=MEDIUM  latency=17.6 ms  R=0.550  target=0.50  dets=5  vru=False  backend=tensorrt
13:54:08  INFO     [RAMS] Tier switch: MEDIUM → SMALL  (R=0.529)
13:54:08  INFO     [RAMS] Tier switch: SMALL → MEDIUM  (R=0.611)
13:54:08  INFO       [safety2 / moderate] 140/200  tier=MEDIUM  latency=18.7 ms  R=0.613  target=0.50  dets=19  vru=True  backend=tensorrt
13:54:09  INFO     [RAMS] Tier switch: MEDIUM → NANO  (R=0.590)
13:54:09  INFO     [RAMS] Tier switch: NANO → SMALL  (R=0.493)
13:54:09  INFO       [safety2 / moderate] 160/200  tier=SMALL   latency=7.6 ms  R=0.493  target=0.50  dets=1  vru=False  backend=tensorrt
13:54:09  INFO       [safety2 / moderate] 180/200  tier=SMALL   latency=7.7 ms  R=0.501  target=0.50  dets=2  vru=False  backend=tensorrt
13:54:09  INFO     [RAMS] Tier switch: SMALL → MEDIUM  (R=0.501)
13:54:10  INFO       [safety2 / moderate] 200/200  tier=MEDIUM  latency=14.4 ms  R=0.517  target=0.50  dets=4  vru=False  backend=tensorrt
13:54:10  INFO     [RAMS] Controller stopped.
13:54:10  INFO     
--- Block 5/10  Policy: fixed_small  Load: moderate (50%) ---
13:54:10  INFO     [RAMS] Starting resource monitor ...
13:54:10  INFO     [RAMS] Loading model tiers ...
WARNING ⚠️ Unable to automatically guess model task, assuming 'task=detect'. Explicitly define task for your model, i.e. 'task=detect', 'segment', 'classify', 'pose', 'obb' or 'semantic'.
Loading yolov8n.engine for TensorRT inference...
[09/09/2026-13:54:10] [TRT] [I] Loaded engine size: 7 MiB
[09/09/2026-13:54:10] [TRT] [I] [MemUsageChange] TensorRT-managed allocation in IExecutionContext creation: CPU +0, GPU +3, now: CPU 0, GPU 9 (MiB)
13:54:10  INFO     [RAMS] YOLOv8-nano ready — TensorRT yolov8n.engine (imgsz=320).
WARNING ⚠️ Unable to automatically guess model task, assuming 'task=detect'. Explicitly define task for your model, i.e. 'task=detect', 'segment', 'classify', 'pose', 'obb' or 'semantic'.
Loading yolov8s.engine for TensorRT inference...
[09/09/2026-13:54:10] [TRT] [I] The logger passed into createInferRuntime differs from one already provided for an existing builder, runtime, or refitter. Uses of the global logger, returned by nvinfer1::getLogger(), will return the existing value.
[09/09/2026-13:54:10] [TRT] [I] Loaded engine size: 23 MiB
[09/09/2026-13:54:10] [TRT] [I] [MemUsageChange] TensorRT-managed allocation in IExecutionContext creation: CPU +1, GPU +7, now: CPU 1, GPU 38 (MiB)
13:54:10  INFO     [RAMS] YOLOv8-small ready — TensorRT yolov8s.engine (imgsz=416).
WARNING ⚠️ Unable to automatically guess model task, assuming 'task=detect'. Explicitly define task for your model, i.e. 'task=detect', 'segment', 'classify', 'pose', 'obb' or 'semantic'.
Loading yolov8m.engine for TensorRT inference...
[09/09/2026-13:54:10] [TRT] [I] The logger passed into createInferRuntime differs from one already provided for an existing builder, runtime, or refitter. Uses of the global logger, returned by nvinfer1::getLogger(), will return the existing value.
[09/09/2026-13:54:10] [TRT] [I] Loaded engine size: 52 MiB
[09/09/2026-13:54:10] [TRT] [I] [MemUsageChange] TensorRT-managed allocation in IExecutionContext creation: CPU +0, GPU +29, now: CPU 1, GPU 117 (MiB)
13:54:10  INFO     [RAMS] YOLOv8-medium ready — TensorRT yolov8m.engine (imgsz=640).
13:54:10  INFO     [RAMS] Controller ready. Policy: fixed
13:54:12  INFO       [fixed_small / moderate] 20/200  tier=SMALL   latency=10.5 ms  R=0.492  target=0.50  dets=11  vru=True  backend=tensorrt
13:54:12  INFO       [fixed_small / moderate] 40/200  tier=SMALL   latency=10.2 ms  R=0.499  target=0.50  dets=15  vru=False  backend=tensorrt
13:54:13  INFO       [fixed_small / moderate] 60/200  tier=SMALL   latency=7.8 ms  R=0.515  target=0.50  dets=2  vru=False  backend=tensorrt
13:54:13  INFO       [fixed_small / moderate] 80/200  tier=SMALL   latency=9.2 ms  R=0.503  target=0.50  dets=10  vru=False  backend=tensorrt
13:54:13  INFO       [fixed_small / moderate] 100/200  tier=SMALL   latency=9.2 ms  R=0.491  target=0.50  dets=10  vru=False  backend=tensorrt
13:54:14  INFO       [fixed_small / moderate] 120/200  tier=SMALL   latency=8.0 ms  R=0.501  target=0.50  dets=4  vru=False  backend=tensorrt
13:54:14  INFO       [fixed_small / moderate] 140/200  tier=SMALL   latency=9.2 ms  R=0.495  target=0.50  dets=8  vru=True  backend=tensorrt
13:54:15  INFO       [fixed_small / moderate] 160/200  tier=SMALL   latency=7.4 ms  R=0.544  target=0.50  dets=1  vru=False  backend=tensorrt
13:54:15  INFO       [fixed_small / moderate] 180/200  tier=SMALL   latency=7.5 ms  R=0.508  target=0.50  dets=2  vru=False  backend=tensorrt
13:54:15  INFO       [fixed_small / moderate] 200/200  tier=SMALL   latency=7.3 ms  R=0.493  target=0.50  dets=1  vru=False  backend=tensorrt
13:54:15  INFO     [RAMS] Controller stopped.
13:54:16  INFO     
--- Block 5/10  Policy: threshold  Load: moderate (50%) ---
13:54:16  INFO     [RAMS] Starting resource monitor ...
13:54:16  INFO     [RAMS] Loading model tiers ...
WARNING ⚠️ Unable to automatically guess model task, assuming 'task=detect'. Explicitly define task for your model, i.e. 'task=detect', 'segment', 'classify', 'pose', 'obb' or 'semantic'.
Loading yolov8n.engine for TensorRT inference...
[09/09/2026-13:54:16] [TRT] [I] Loaded engine size: 7 MiB
[09/09/2026-13:54:16] [TRT] [I] [MemUsageChange] TensorRT-managed allocation in IExecutionContext creation: CPU +0, GPU +3, now: CPU 0, GPU 9 (MiB)
13:54:16  INFO     [RAMS] YOLOv8-nano ready — TensorRT yolov8n.engine (imgsz=320).
WARNING ⚠️ Unable to automatically guess model task, assuming 'task=detect'. Explicitly define task for your model, i.e. 'task=detect', 'segment', 'classify', 'pose', 'obb' or 'semantic'.
Loading yolov8s.engine for TensorRT inference...
[09/09/2026-13:54:16] [TRT] [I] The logger passed into createInferRuntime differs from one already provided for an existing builder, runtime, or refitter. Uses of the global logger, returned by nvinfer1::getLogger(), will return the existing value.
[09/09/2026-13:54:16] [TRT] [I] Loaded engine size: 23 MiB
[09/09/2026-13:54:16] [TRT] [I] [MemUsageChange] TensorRT-managed allocation in IExecutionContext creation: CPU +1, GPU +7, now: CPU 1, GPU 38 (MiB)
13:54:16  INFO     [RAMS] YOLOv8-small ready — TensorRT yolov8s.engine (imgsz=416).
WARNING ⚠️ Unable to automatically guess model task, assuming 'task=detect'. Explicitly define task for your model, i.e. 'task=detect', 'segment', 'classify', 'pose', 'obb' or 'semantic'.
Loading yolov8m.engine for TensorRT inference...
[09/09/2026-13:54:16] [TRT] [I] The logger passed into createInferRuntime differs from one already provided for an existing builder, runtime, or refitter. Uses of the global logger, returned by nvinfer1::getLogger(), will return the existing value.
[09/09/2026-13:54:16] [TRT] [I] Loaded engine size: 52 MiB
[09/09/2026-13:54:16] [TRT] [I] [MemUsageChange] TensorRT-managed allocation in IExecutionContext creation: CPU +0, GPU +29, now: CPU 1, GPU 117 (MiB)
13:54:16  INFO     [RAMS] YOLOv8-medium ready — TensorRT yolov8m.engine (imgsz=640).
13:54:16  INFO     [RAMS] Controller ready. Policy: threshold
13:54:17  INFO       [threshold / moderate] 20/200  tier=SMALL   latency=9.5 ms  R=0.500  target=0.50  dets=11  vru=True  backend=tensorrt
13:54:18  INFO     [RAMS] Tier switch: SMALL → NANO  (R=0.573)
13:54:18  INFO       [threshold / moderate] 40/200  tier=NANO    latency=8.1 ms  R=0.499  target=0.50  dets=10  vru=False  backend=tensorrt
13:54:18  INFO     [RAMS] Tier switch: NANO → SMALL  (R=0.499)
13:54:18  INFO       [threshold / moderate] 60/200  tier=SMALL   latency=7.6 ms  R=0.501  target=0.50  dets=2  vru=False  backend=tensorrt
13:54:18  INFO       [threshold / moderate] 80/200  tier=SMALL   latency=9.3 ms  R=0.498  target=0.50  dets=10  vru=False  backend=tensorrt
13:54:19  INFO     [RAMS] Tier switch: SMALL → NANO  (R=0.582)
13:54:19  INFO     [RAMS] Tier switch: NANO → SMALL  (R=0.487)
13:54:19  INFO       [threshold / moderate] 100/200  tier=SMALL   latency=9.1 ms  R=0.495  target=0.50  dets=10  vru=False  backend=tensorrt
13:54:19  INFO       [threshold / moderate] 120/200  tier=SMALL   latency=8.8 ms  R=0.494  target=0.50  dets=4  vru=False  backend=tensorrt
13:54:20  INFO     [RAMS] Tier switch: SMALL → NANO  (R=0.583)
13:54:20  INFO     [RAMS] Tier switch: NANO → SMALL  (R=0.485)
13:54:20  INFO       [threshold / moderate] 140/200  tier=SMALL   latency=9.0 ms  R=0.485  target=0.50  dets=8  vru=True  backend=tensorrt
13:54:20  INFO       [threshold / moderate] 160/200  tier=SMALL   latency=7.4 ms  R=0.497  target=0.50  dets=1  vru=False  backend=tensorrt
13:54:20  INFO       [threshold / moderate] 180/200  tier=SMALL   latency=8.2 ms  R=0.475  target=0.50  dets=2  vru=False  backend=tensorrt
13:54:21  INFO     [RAMS] Tier switch: SMALL → NANO  (R=0.557)
13:54:21  INFO     [RAMS] Tier switch: NANO → SMALL  (R=0.492)
13:54:21  INFO       [threshold / moderate] 200/200  tier=SMALL   latency=7.2 ms  R=0.492  target=0.50  dets=1  vru=False  backend=tensorrt
13:54:21  INFO     [RAMS] Controller stopped.
13:54:21  INFO     
--- Block 6/10  Policy: adaptive  Load: moderate (50%) ---
13:54:21  INFO     [RAMS] Starting resource monitor ...
13:54:21  INFO     [RAMS] Loading model tiers ...
WARNING ⚠️ Unable to automatically guess model task, assuming 'task=detect'. Explicitly define task for your model, i.e. 'task=detect', 'segment', 'classify', 'pose', 'obb' or 'semantic'.
Loading yolov8n.engine for TensorRT inference...
[09/09/2026-13:54:21] [TRT] [I] Loaded engine size: 7 MiB
[09/09/2026-13:54:21] [TRT] [I] [MemUsageChange] TensorRT-managed allocation in IExecutionContext creation: CPU +0, GPU +3, now: CPU 0, GPU 9 (MiB)
13:54:21  INFO     [RAMS] YOLOv8-nano ready — TensorRT yolov8n.engine (imgsz=320).
WARNING ⚠️ Unable to automatically guess model task, assuming 'task=detect'. Explicitly define task for your model, i.e. 'task=detect', 'segment', 'classify', 'pose', 'obb' or 'semantic'.
Loading yolov8s.engine for TensorRT inference...
[09/09/2026-13:54:21] [TRT] [I] The logger passed into createInferRuntime differs from one already provided for an existing builder, runtime, or refitter. Uses of the global logger, returned by nvinfer1::getLogger(), will return the existing value.
[09/09/2026-13:54:21] [TRT] [I] Loaded engine size: 23 MiB
[09/09/2026-13:54:21] [TRT] [I] [MemUsageChange] TensorRT-managed allocation in IExecutionContext creation: CPU +1, GPU +7, now: CPU 1, GPU 38 (MiB)
13:54:21  INFO     [RAMS] YOLOv8-small ready — TensorRT yolov8s.engine (imgsz=416).
WARNING ⚠️ Unable to automatically guess model task, assuming 'task=detect'. Explicitly define task for your model, i.e. 'task=detect', 'segment', 'classify', 'pose', 'obb' or 'semantic'.
Loading yolov8m.engine for TensorRT inference...
[09/09/2026-13:54:21] [TRT] [I] The logger passed into createInferRuntime differs from one already provided for an existing builder, runtime, or refitter. Uses of the global logger, returned by nvinfer1::getLogger(), will return the existing value.
[09/09/2026-13:54:21] [TRT] [I] Loaded engine size: 52 MiB
[09/09/2026-13:54:21] [TRT] [I] [MemUsageChange] TensorRT-managed allocation in IExecutionContext creation: CPU +0, GPU +29, now: CPU 1, GPU 117 (MiB)
13:54:21  INFO     [RAMS] YOLOv8-medium ready — TensorRT yolov8m.engine (imgsz=640).
13:54:21  INFO     [RAMS] Controller ready. Policy: adaptive
13:54:23  INFO       [adaptive / moderate] 20/200  tier=SMALL   latency=7.6 ms  R=0.491  target=0.50  dets=2  vru=False  backend=tensorrt
13:54:23  INFO       [adaptive / moderate] 40/200  tier=SMALL   latency=7.5 ms  R=0.503  target=0.50  dets=2  vru=False  backend=tensorrt
13:54:24  INFO       [adaptive / moderate] 60/200  tier=SMALL   latency=8.4 ms  R=0.533  target=0.50  dets=5  vru=False  backend=tensorrt
13:54:24  INFO       [adaptive / moderate] 80/200  tier=SMALL   latency=8.1 ms  R=0.530  target=0.50  dets=3  vru=True  backend=tensorrt
13:54:24  INFO     [RAMS] Tier switch: SMALL → NANO  (R=0.556)
13:54:24  INFO       [adaptive / moderate] 100/200  tier=NANO    latency=7.0 ms  R=0.600  target=0.50  dets=3  vru=False  backend=tensorrt
13:54:25  INFO       [adaptive / moderate] 120/200  tier=NANO    latency=7.2 ms  R=0.556  target=0.50  dets=4  vru=False  backend=tensorrt
13:54:25  INFO       [adaptive / moderate] 140/200  tier=NANO    latency=6.9 ms  R=0.552  target=0.50  dets=3  vru=False  backend=tensorrt
13:54:26  INFO       [adaptive / moderate] 160/200  tier=NANO    latency=6.5 ms  R=0.621  target=0.50  dets=1  vru=False  backend=tensorrt
13:54:26  INFO       [adaptive / moderate] 180/200  tier=NANO    latency=7.7 ms  R=0.552  target=0.50  dets=6  vru=False  backend=tensorrt
13:54:26  INFO       [adaptive / moderate] 200/200  tier=NANO    latency=4.8 ms  R=0.550  target=0.50  dets=0  vru=False  backend=tensorrt
13:54:27  INFO     [RAMS] Controller stopped.
13:54:27  INFO     
--- Block 6/10  Policy: safety2  Load: moderate (50%) ---
13:54:27  INFO     [RAMS] Starting resource monitor ...
13:54:27  INFO     [RAMS] Loading model tiers ...
WARNING ⚠️ Unable to automatically guess model task, assuming 'task=detect'. Explicitly define task for your model, i.e. 'task=detect', 'segment', 'classify', 'pose', 'obb' or 'semantic'.
Loading yolov8n.engine for TensorRT inference...
[09/09/2026-13:54:27] [TRT] [I] Loaded engine size: 7 MiB
[09/09/2026-13:54:27] [TRT] [I] [MemUsageChange] TensorRT-managed allocation in IExecutionContext creation: CPU +0, GPU +3, now: CPU 0, GPU 9 (MiB)
13:54:27  INFO     [RAMS] YOLOv8-nano ready — TensorRT yolov8n.engine (imgsz=320).
WARNING ⚠️ Unable to automatically guess model task, assuming 'task=detect'. Explicitly define task for your model, i.e. 'task=detect', 'segment', 'classify', 'pose', 'obb' or 'semantic'.
Loading yolov8s.engine for TensorRT inference...
[09/09/2026-13:54:27] [TRT] [I] The logger passed into createInferRuntime differs from one already provided for an existing builder, runtime, or refitter. Uses of the global logger, returned by nvinfer1::getLogger(), will return the existing value.
[09/09/2026-13:54:27] [TRT] [I] Loaded engine size: 23 MiB
[09/09/2026-13:54:27] [TRT] [I] [MemUsageChange] TensorRT-managed allocation in IExecutionContext creation: CPU +1, GPU +7, now: CPU 1, GPU 38 (MiB)
13:54:27  INFO     [RAMS] YOLOv8-small ready — TensorRT yolov8s.engine (imgsz=416).
WARNING ⚠️ Unable to automatically guess model task, assuming 'task=detect'. Explicitly define task for your model, i.e. 'task=detect', 'segment', 'classify', 'pose', 'obb' or 'semantic'.
Loading yolov8m.engine for TensorRT inference...
[09/09/2026-13:54:27] [TRT] [I] The logger passed into createInferRuntime differs from one already provided for an existing builder, runtime, or refitter. Uses of the global logger, returned by nvinfer1::getLogger(), will return the existing value.
[09/09/2026-13:54:27] [TRT] [I] Loaded engine size: 52 MiB
[09/09/2026-13:54:27] [TRT] [I] [MemUsageChange] TensorRT-managed allocation in IExecutionContext creation: CPU +0, GPU +29, now: CPU 1, GPU 117 (MiB)
13:54:27  INFO     [RAMS] YOLOv8-medium ready — TensorRT yolov8m.engine (imgsz=640).
13:54:27  INFO     [RAMS] Controller ready. Policy: safety2
13:54:28  INFO     [RAMS] Tier switch: SMALL → MEDIUM  (R=0.506)
13:54:28  INFO     [RAMS] Tier switch: MEDIUM → NANO  (R=0.605)
13:54:28  INFO       [safety2 / moderate] 20/200  tier=NANO    latency=8.4 ms  R=0.605  target=0.50  dets=1  vru=False  backend=tensorrt
13:54:29  INFO     [RAMS] Tier switch: NANO → MEDIUM  (R=0.563)
13:54:29  INFO       [safety2 / moderate] 40/200  tier=MEDIUM  latency=16.2 ms  R=0.565  target=0.50  dets=4  vru=False  backend=tensorrt
13:54:29  INFO     [RAMS] Tier switch: MEDIUM → SMALL  (R=0.605)
13:54:29  INFO       [safety2 / moderate] 60/200  tier=SMALL   latency=8.4 ms  R=0.610  target=0.50  dets=5  vru=False  backend=tensorrt
13:54:30  INFO       [safety2 / moderate] 80/200  tier=SMALL   latency=7.8 ms  R=0.561  target=0.50  dets=3  vru=True  backend=tensorrt
13:54:30  INFO     [RAMS] Tier switch: SMALL → MEDIUM  (R=0.561)
13:54:30  INFO     [RAMS] Tier switch: MEDIUM → SMALL  (R=0.467)
13:54:30  INFO       [safety2 / moderate] 100/200  tier=SMALL   latency=7.7 ms  R=0.467  target=0.50  dets=2  vru=False  backend=tensorrt
13:54:31  INFO       [safety2 / moderate] 120/200  tier=SMALL   latency=8.7 ms  R=0.508  target=0.50  dets=5  vru=False  backend=tensorrt
13:54:31  INFO     [RAMS] Tier switch: SMALL → MEDIUM  (R=0.501)
13:54:31  INFO       [safety2 / moderate] 140/200  tier=MEDIUM  latency=14.2 ms  R=0.466  target=0.50  dets=5  vru=False  backend=tensorrt
13:54:31  INFO     [RAMS] Tier switch: MEDIUM → SMALL  (R=0.537)
13:54:32  INFO     [RAMS] Tier switch: SMALL → NANO  (R=0.633)
13:54:32  INFO     [RAMS] Tier switch: NANO → SMALL  (R=0.479)
13:54:32  INFO     [RAMS] Tier switch: SMALL → MEDIUM  (R=0.497)
13:54:32  INFO       [safety2 / moderate] 160/200  tier=MEDIUM  latency=13.4 ms  R=0.497  target=0.50  dets=1  vru=False  backend=tensorrt
13:54:32  INFO       [safety2 / moderate] 180/200  tier=MEDIUM  latency=15.5 ms  R=0.543  target=0.50  dets=10  vru=False  backend=tensorrt
13:54:33  INFO     [RAMS] Tier switch: MEDIUM → SMALL  (R=0.627)
13:54:33  INFO     [RAMS] Tier switch: SMALL → MEDIUM  (R=0.627)
13:54:33  INFO       [safety2 / moderate] 200/200  tier=MEDIUM  latency=14.1 ms  R=0.543  target=0.50  dets=4  vru=False  backend=tensorrt
13:54:33  INFO     [RAMS] Controller stopped.
13:54:33  INFO     
--- Block 6/10  Policy: threshold  Load: moderate (50%) ---
13:54:33  INFO     [RAMS] Starting resource monitor ...
13:54:33  INFO     [RAMS] Loading model tiers ...
WARNING ⚠️ Unable to automatically guess model task, assuming 'task=detect'. Explicitly define task for your model, i.e. 'task=detect', 'segment', 'classify', 'pose', 'obb' or 'semantic'.
Loading yolov8n.engine for TensorRT inference...
[09/09/2026-13:54:33] [TRT] [I] Loaded engine size: 7 MiB
[09/09/2026-13:54:33] [TRT] [I] [MemUsageChange] TensorRT-managed allocation in IExecutionContext creation: CPU +0, GPU +3, now: CPU 0, GPU 9 (MiB)
13:54:33  INFO     [RAMS] YOLOv8-nano ready — TensorRT yolov8n.engine (imgsz=320).
WARNING ⚠️ Unable to automatically guess model task, assuming 'task=detect'. Explicitly define task for your model, i.e. 'task=detect', 'segment', 'classify', 'pose', 'obb' or 'semantic'.
Loading yolov8s.engine for TensorRT inference...
[09/09/2026-13:54:33] [TRT] [I] The logger passed into createInferRuntime differs from one already provided for an existing builder, runtime, or refitter. Uses of the global logger, returned by nvinfer1::getLogger(), will return the existing value.
[09/09/2026-13:54:33] [TRT] [I] Loaded engine size: 23 MiB
[09/09/2026-13:54:33] [TRT] [I] [MemUsageChange] TensorRT-managed allocation in IExecutionContext creation: CPU +1, GPU +7, now: CPU 1, GPU 38 (MiB)
13:54:33  INFO     [RAMS] YOLOv8-small ready — TensorRT yolov8s.engine (imgsz=416).
WARNING ⚠️ Unable to automatically guess model task, assuming 'task=detect'. Explicitly define task for your model, i.e. 'task=detect', 'segment', 'classify', 'pose', 'obb' or 'semantic'.
Loading yolov8m.engine for TensorRT inference...
[09/09/2026-13:54:33] [TRT] [I] The logger passed into createInferRuntime differs from one already provided for an existing builder, runtime, or refitter. Uses of the global logger, returned by nvinfer1::getLogger(), will return the existing value.
[09/09/2026-13:54:33] [TRT] [I] Loaded engine size: 52 MiB
[09/09/2026-13:54:33] [TRT] [I] [MemUsageChange] TensorRT-managed allocation in IExecutionContext creation: CPU +0, GPU +29, now: CPU 1, GPU 117 (MiB)
13:54:33  INFO     [RAMS] YOLOv8-medium ready — TensorRT yolov8m.engine (imgsz=640).
13:54:33  INFO     [RAMS] Controller ready. Policy: threshold
13:54:35  INFO     [RAMS] Tier switch: SMALL → NANO  (R=0.573)
13:54:35  INFO     [RAMS] Tier switch: NANO → SMALL  (R=0.485)
13:54:35  INFO       [threshold / moderate] 20/200  tier=SMALL   latency=7.6 ms  R=0.491  target=0.50  dets=2  vru=False  backend=tensorrt
13:54:35  INFO       [threshold / moderate] 40/200  tier=SMALL   latency=7.6 ms  R=0.501  target=0.50  dets=2  vru=False  backend=tensorrt
13:54:36  INFO       [threshold / moderate] 60/200  tier=SMALL   latency=8.2 ms  R=0.569  target=0.50  dets=5  vru=False  backend=tensorrt
13:54:36  INFO     [RAMS] Tier switch: SMALL → NANO  (R=0.569)
13:54:36  INFO     [RAMS] Tier switch: NANO → SMALL  (R=0.491)
13:54:36  INFO       [threshold / moderate] 80/200  tier=SMALL   latency=7.8 ms  R=0.486  target=0.50  dets=3  vru=True  backend=tensorrt
13:54:36  INFO       [threshold / moderate] 100/200  tier=SMALL   latency=7.7 ms  R=0.505  target=0.50  dets=2  vru=False  backend=tensorrt
13:54:37  INFO     [RAMS] Tier switch: SMALL → NANO  (R=0.547)
13:54:37  INFO     [RAMS] Tier switch: NANO → SMALL  (R=0.500)
13:54:37  INFO       [threshold / moderate] 120/200  tier=SMALL   latency=8.2 ms  R=0.493  target=0.50  dets=5  vru=False  backend=tensorrt
13:54:37  INFO       [threshold / moderate] 140/200  tier=SMALL   latency=8.0 ms  R=0.476  target=0.50  dets=4  vru=False  backend=tensorrt
13:54:38  INFO     [RAMS] Tier switch: SMALL → NANO  (R=0.571)
13:54:38  INFO       [threshold / moderate] 160/200  tier=NANO    latency=6.1 ms  R=0.571  target=0.50  dets=1  vru=False  backend=tensorrt
13:54:38  INFO     [RAMS] Tier switch: NANO → SMALL  (R=0.490)
13:54:38  INFO       [threshold / moderate] 180/200  tier=SMALL   latency=8.4 ms  R=0.507  target=0.50  dets=6  vru=False  backend=tensorrt
13:54:38  INFO       [threshold / moderate] 200/200  tier=SMALL   latency=5.8 ms  R=0.497  target=0.50  dets=0  vru=False  backend=tensorrt
13:54:39  INFO     [RAMS] Controller stopped.
13:54:39  INFO     
--- Block 6/10  Policy: fixed_nano  Load: moderate (50%) ---
13:54:39  INFO     [RAMS] Starting resource monitor ...
13:54:39  INFO     [RAMS] Loading model tiers ...
WARNING ⚠️ Unable to automatically guess model task, assuming 'task=detect'. Explicitly define task for your model, i.e. 'task=detect', 'segment', 'classify', 'pose', 'obb' or 'semantic'.
Loading yolov8n.engine for TensorRT inference...
[09/09/2026-13:54:39] [TRT] [I] Loaded engine size: 7 MiB
[09/09/2026-13:54:39] [TRT] [I] [MemUsageChange] TensorRT-managed allocation in IExecutionContext creation: CPU +0, GPU +3, now: CPU 0, GPU 9 (MiB)
13:54:39  INFO     [RAMS] YOLOv8-nano ready — TensorRT yolov8n.engine (imgsz=320).
WARNING ⚠️ Unable to automatically guess model task, assuming 'task=detect'. Explicitly define task for your model, i.e. 'task=detect', 'segment', 'classify', 'pose', 'obb' or 'semantic'.
Loading yolov8s.engine for TensorRT inference...
[09/09/2026-13:54:39] [TRT] [I] The logger passed into createInferRuntime differs from one already provided for an existing builder, runtime, or refitter. Uses of the global logger, returned by nvinfer1::getLogger(), will return the existing value.
[09/09/2026-13:54:39] [TRT] [I] Loaded engine size: 23 MiB
[09/09/2026-13:54:39] [TRT] [I] [MemUsageChange] TensorRT-managed allocation in IExecutionContext creation: CPU +1, GPU +7, now: CPU 1, GPU 38 (MiB)
13:54:39  INFO     [RAMS] YOLOv8-small ready — TensorRT yolov8s.engine (imgsz=416).
WARNING ⚠️ Unable to automatically guess model task, assuming 'task=detect'. Explicitly define task for your model, i.e. 'task=detect', 'segment', 'classify', 'pose', 'obb' or 'semantic'.
Loading yolov8m.engine for TensorRT inference...
[09/09/2026-13:54:39] [TRT] [I] The logger passed into createInferRuntime differs from one already provided for an existing builder, runtime, or refitter. Uses of the global logger, returned by nvinfer1::getLogger(), will return the existing value.
[09/09/2026-13:54:39] [TRT] [I] Loaded engine size: 52 MiB
[09/09/2026-13:54:39] [TRT] [I] [MemUsageChange] TensorRT-managed allocation in IExecutionContext creation: CPU +0, GPU +29, now: CPU 1, GPU 117 (MiB)
13:54:39  INFO     [RAMS] YOLOv8-medium ready — TensorRT yolov8m.engine (imgsz=640).
13:54:39  INFO     [RAMS] Controller ready. Policy: fixed
13:54:40  INFO     [RAMS] Tier switch: SMALL → NANO  (R=0.416)
13:54:40  INFO       [fixed_nano / moderate] 20/200  tier=NANO    latency=5.9 ms  R=0.493  target=0.50  dets=1  vru=False  backend=tensorrt
13:54:41  INFO       [fixed_nano / moderate] 40/200  tier=NANO    latency=6.1 ms  R=0.551  target=0.50  dets=1  vru=False  backend=tensorrt
13:54:41  INFO       [fixed_nano / moderate] 60/200  tier=NANO    latency=6.7 ms  R=0.495  target=0.50  dets=4  vru=False  backend=tensorrt
13:54:41  INFO       [fixed_nano / moderate] 80/200  tier=NANO    latency=6.6 ms  R=0.489  target=0.50  dets=4  vru=True  backend=tensorrt
13:54:42  INFO       [fixed_nano / moderate] 100/200  tier=NANO    latency=6.4 ms  R=0.497  target=0.50  dets=3  vru=False  backend=tensorrt
13:54:42  INFO       [fixed_nano / moderate] 120/200  tier=NANO    latency=6.5 ms  R=0.487  target=0.50  dets=4  vru=False  backend=tensorrt
13:54:42  INFO       [fixed_nano / moderate] 140/200  tier=NANO    latency=7.2 ms  R=0.483  target=0.50  dets=3  vru=False  backend=tensorrt
13:54:43  INFO       [fixed_nano / moderate] 160/200  tier=NANO    latency=5.9 ms  R=0.485  target=0.50  dets=1  vru=False  backend=tensorrt
13:54:43  INFO       [fixed_nano / moderate] 180/200  tier=NANO    latency=7.0 ms  R=0.482  target=0.50  dets=6  vru=False  backend=tensorrt
13:54:44  INFO       [fixed_nano / moderate] 200/200  tier=NANO    latency=4.5 ms  R=0.526  target=0.50  dets=0  vru=False  backend=tensorrt
13:54:44  INFO     [RAMS] Controller stopped.
13:54:44  INFO     
--- Block 6/10  Policy: fixed_medium  Load: moderate (50%) ---
13:54:44  INFO     [RAMS] Starting resource monitor ...
13:54:44  INFO     [RAMS] Loading model tiers ...
WARNING ⚠️ Unable to automatically guess model task, assuming 'task=detect'. Explicitly define task for your model, i.e. 'task=detect', 'segment', 'classify', 'pose', 'obb' or 'semantic'.
Loading yolov8n.engine for TensorRT inference...
[09/09/2026-13:54:44] [TRT] [I] Loaded engine size: 7 MiB
[09/09/2026-13:54:44] [TRT] [I] [MemUsageChange] TensorRT-managed allocation in IExecutionContext creation: CPU +0, GPU +3, now: CPU 0, GPU 9 (MiB)
13:54:44  INFO     [RAMS] YOLOv8-nano ready — TensorRT yolov8n.engine (imgsz=320).
WARNING ⚠️ Unable to automatically guess model task, assuming 'task=detect'. Explicitly define task for your model, i.e. 'task=detect', 'segment', 'classify', 'pose', 'obb' or 'semantic'.
Loading yolov8s.engine for TensorRT inference...
[09/09/2026-13:54:44] [TRT] [I] The logger passed into createInferRuntime differs from one already provided for an existing builder, runtime, or refitter. Uses of the global logger, returned by nvinfer1::getLogger(), will return the existing value.
[09/09/2026-13:54:44] [TRT] [I] Loaded engine size: 23 MiB
[09/09/2026-13:54:44] [TRT] [I] [MemUsageChange] TensorRT-managed allocation in IExecutionContext creation: CPU +1, GPU +7, now: CPU 1, GPU 38 (MiB)
13:54:44  INFO     [RAMS] YOLOv8-small ready — TensorRT yolov8s.engine (imgsz=416).
WARNING ⚠️ Unable to automatically guess model task, assuming 'task=detect'. Explicitly define task for your model, i.e. 'task=detect', 'segment', 'classify', 'pose', 'obb' or 'semantic'.
Loading yolov8m.engine for TensorRT inference...
[09/09/2026-13:54:44] [TRT] [I] The logger passed into createInferRuntime differs from one already provided for an existing builder, runtime, or refitter. Uses of the global logger, returned by nvinfer1::getLogger(), will return the existing value.
[09/09/2026-13:54:44] [TRT] [I] Loaded engine size: 52 MiB
[09/09/2026-13:54:44] [TRT] [I] [MemUsageChange] TensorRT-managed allocation in IExecutionContext creation: CPU +0, GPU +29, now: CPU 1, GPU 117 (MiB)
13:54:44  INFO     [RAMS] YOLOv8-medium ready — TensorRT yolov8m.engine (imgsz=640).
13:54:44  INFO     [RAMS] Controller ready. Policy: fixed
13:54:45  INFO     [RAMS] Tier switch: SMALL → MEDIUM  (R=0.424)
13:54:46  INFO       [fixed_medium / moderate] 20/200  tier=MEDIUM  latency=14.5 ms  R=0.610  target=0.50  dets=3  vru=False  backend=tensorrt
13:54:46  INFO       [fixed_medium / moderate] 40/200  tier=MEDIUM  latency=14.4 ms  R=0.606  target=0.50  dets=4  vru=False  backend=tensorrt
13:54:47  INFO       [fixed_medium / moderate] 60/200  tier=MEDIUM  latency=15.6 ms  R=0.581  target=0.50  dets=7  vru=False  backend=tensorrt
13:54:47  INFO       [fixed_medium / moderate] 80/200  tier=MEDIUM  latency=15.4 ms  R=0.618  target=0.50  dets=6  vru=True  backend=tensorrt
13:54:48  INFO       [fixed_medium / moderate] 100/200  tier=MEDIUM  latency=14.4 ms  R=0.613  target=0.50  dets=4  vru=True  backend=tensorrt
13:54:48  INFO       [fixed_medium / moderate] 120/200  tier=MEDIUM  latency=15.6 ms  R=0.587  target=0.50  dets=10  vru=True  backend=tensorrt
13:54:49  INFO       [fixed_medium / moderate] 140/200  tier=MEDIUM  latency=15.0 ms  R=0.565  target=0.50  dets=5  vru=False  backend=tensorrt
13:54:50  INFO       [fixed_medium / moderate] 160/200  tier=MEDIUM  latency=13.8 ms  R=0.607  target=0.50  dets=1  vru=False  backend=tensorrt
13:54:50  INFO       [fixed_medium / moderate] 180/200  tier=MEDIUM  latency=17.4 ms  R=0.579  target=0.50  dets=10  vru=False  backend=tensorrt
13:54:51  INFO       [fixed_medium / moderate] 200/200  tier=MEDIUM  latency=14.1 ms  R=0.607  target=0.50  dets=4  vru=False  backend=tensorrt
13:54:51  INFO     [RAMS] Controller stopped.
13:54:51  INFO     
--- Block 6/10  Policy: fixed_small  Load: moderate (50%) ---
13:54:51  INFO     [RAMS] Starting resource monitor ...
13:54:51  INFO     [RAMS] Loading model tiers ...
WARNING ⚠️ Unable to automatically guess model task, assuming 'task=detect'. Explicitly define task for your model, i.e. 'task=detect', 'segment', 'classify', 'pose', 'obb' or 'semantic'.
Loading yolov8n.engine for TensorRT inference...
[09/09/2026-13:54:51] [TRT] [I] Loaded engine size: 7 MiB
[09/09/2026-13:54:51] [TRT] [I] [MemUsageChange] TensorRT-managed allocation in IExecutionContext creation: CPU +0, GPU +3, now: CPU 0, GPU 9 (MiB)
13:54:51  INFO     [RAMS] YOLOv8-nano ready — TensorRT yolov8n.engine (imgsz=320).
WARNING ⚠️ Unable to automatically guess model task, assuming 'task=detect'. Explicitly define task for your model, i.e. 'task=detect', 'segment', 'classify', 'pose', 'obb' or 'semantic'.
Loading yolov8s.engine for TensorRT inference...
[09/09/2026-13:54:51] [TRT] [I] The logger passed into createInferRuntime differs from one already provided for an existing builder, runtime, or refitter. Uses of the global logger, returned by nvinfer1::getLogger(), will return the existing value.
[09/09/2026-13:54:51] [TRT] [I] Loaded engine size: 23 MiB
[09/09/2026-13:54:51] [TRT] [I] [MemUsageChange] TensorRT-managed allocation in IExecutionContext creation: CPU +1, GPU +7, now: CPU 1, GPU 38 (MiB)
13:54:51  INFO     [RAMS] YOLOv8-small ready — TensorRT yolov8s.engine (imgsz=416).
WARNING ⚠️ Unable to automatically guess model task, assuming 'task=detect'. Explicitly define task for your model, i.e. 'task=detect', 'segment', 'classify', 'pose', 'obb' or 'semantic'.
Loading yolov8m.engine for TensorRT inference...
[09/09/2026-13:54:51] [TRT] [I] The logger passed into createInferRuntime differs from one already provided for an existing builder, runtime, or refitter. Uses of the global logger, returned by nvinfer1::getLogger(), will return the existing value.
[09/09/2026-13:54:51] [TRT] [I] Loaded engine size: 52 MiB
[09/09/2026-13:54:51] [TRT] [I] [MemUsageChange] TensorRT-managed allocation in IExecutionContext creation: CPU +0, GPU +29, now: CPU 1, GPU 117 (MiB)
13:54:51  INFO     [RAMS] YOLOv8-medium ready — TensorRT yolov8m.engine (imgsz=640).
13:54:51  INFO     [RAMS] Controller ready. Policy: fixed
13:54:53  INFO       [fixed_small / moderate] 20/200  tier=SMALL   latency=8.8 ms  R=0.501  target=0.50  dets=2  vru=False  backend=tensorrt
13:54:53  INFO       [fixed_small / moderate] 40/200  tier=SMALL   latency=7.7 ms  R=0.503  target=0.50  dets=2  vru=False  backend=tensorrt
13:54:54  INFO       [fixed_small / moderate] 60/200  tier=SMALL   latency=12.4 ms  R=0.488  target=0.50  dets=5  vru=False  backend=tensorrt
13:54:54  INFO       [fixed_small / moderate] 80/200  tier=SMALL   latency=8.8 ms  R=0.475  target=0.50  dets=3  vru=True  backend=tensorrt
13:54:54  INFO       [fixed_small / moderate] 100/200  tier=SMALL   latency=7.7 ms  R=0.503  target=0.50  dets=2  vru=False  backend=tensorrt
13:54:55  INFO       [fixed_small / moderate] 120/200  tier=SMALL   latency=8.2 ms  R=0.501  target=0.50  dets=5  vru=False  backend=tensorrt
13:54:55  INFO       [fixed_small / moderate] 140/200  tier=SMALL   latency=8.0 ms  R=0.483  target=0.50  dets=4  vru=False  backend=tensorrt
13:54:56  INFO       [fixed_small / moderate] 160/200  tier=SMALL   latency=7.4 ms  R=0.579  target=0.50  dets=1  vru=False  backend=tensorrt
13:54:56  INFO       [fixed_small / moderate] 180/200  tier=SMALL   latency=8.3 ms  R=0.489  target=0.50  dets=6  vru=False  backend=tensorrt
13:54:56  INFO       [fixed_small / moderate] 200/200  tier=SMALL   latency=5.8 ms  R=0.498  target=0.50  dets=0  vru=False  backend=tensorrt
13:54:57  INFO     [RAMS] Controller stopped.
13:54:57  INFO     
--- Block 6/10  Policy: safety  Load: moderate (50%) ---
13:54:57  INFO     [RAMS] Starting resource monitor ...
13:54:57  INFO     [RAMS] Loading model tiers ...
WARNING ⚠️ Unable to automatically guess model task, assuming 'task=detect'. Explicitly define task for your model, i.e. 'task=detect', 'segment', 'classify', 'pose', 'obb' or 'semantic'.
Loading yolov8n.engine for TensorRT inference...
[09/09/2026-13:54:57] [TRT] [I] Loaded engine size: 7 MiB
[09/09/2026-13:54:57] [TRT] [I] [MemUsageChange] TensorRT-managed allocation in IExecutionContext creation: CPU +0, GPU +3, now: CPU 0, GPU 9 (MiB)
13:54:57  INFO     [RAMS] YOLOv8-nano ready — TensorRT yolov8n.engine (imgsz=320).
WARNING ⚠️ Unable to automatically guess model task, assuming 'task=detect'. Explicitly define task for your model, i.e. 'task=detect', 'segment', 'classify', 'pose', 'obb' or 'semantic'.
Loading yolov8s.engine for TensorRT inference...
[09/09/2026-13:54:57] [TRT] [I] The logger passed into createInferRuntime differs from one already provided for an existing builder, runtime, or refitter. Uses of the global logger, returned by nvinfer1::getLogger(), will return the existing value.
[09/09/2026-13:54:57] [TRT] [I] Loaded engine size: 23 MiB
[09/09/2026-13:54:57] [TRT] [I] [MemUsageChange] TensorRT-managed allocation in IExecutionContext creation: CPU +1, GPU +7, now: CPU 1, GPU 38 (MiB)
13:54:57  INFO     [RAMS] YOLOv8-small ready — TensorRT yolov8s.engine (imgsz=416).
WARNING ⚠️ Unable to automatically guess model task, assuming 'task=detect'. Explicitly define task for your model, i.e. 'task=detect', 'segment', 'classify', 'pose', 'obb' or 'semantic'.
Loading yolov8m.engine for TensorRT inference...
[09/09/2026-13:54:57] [TRT] [I] The logger passed into createInferRuntime differs from one already provided for an existing builder, runtime, or refitter. Uses of the global logger, returned by nvinfer1::getLogger(), will return the existing value.
[09/09/2026-13:54:57] [TRT] [I] Loaded engine size: 52 MiB
[09/09/2026-13:54:57] [TRT] [I] [MemUsageChange] TensorRT-managed allocation in IExecutionContext creation: CPU +0, GPU +29, now: CPU 1, GPU 117 (MiB)
13:54:57  INFO     [RAMS] YOLOv8-medium ready — TensorRT yolov8m.engine (imgsz=640).
13:54:57  INFO     [RAMS] Controller ready. Policy: safety
13:54:58  INFO       [safety / moderate] 20/200  tier=SMALL   latency=7.6 ms  R=0.480  target=0.50  dets=2  vru=False  backend=tensorrt
13:54:59  INFO       [safety / moderate] 40/200  tier=SMALL   latency=7.6 ms  R=0.505  target=0.50  dets=2  vru=False  backend=tensorrt
13:54:59  INFO       [safety / moderate] 60/200  tier=SMALL   latency=8.2 ms  R=0.501  target=0.50  dets=5  vru=False  backend=tensorrt
13:55:00  INFO       [safety / moderate] 80/200  tier=SMALL   latency=8.9 ms  R=0.497  target=0.50  dets=3  vru=True  backend=tensorrt
13:55:00  INFO       [safety / moderate] 100/200  tier=SMALL   latency=7.7 ms  R=0.500  target=0.50  dets=2  vru=False  backend=tensorrt
13:55:00  INFO       [safety / moderate] 120/200  tier=SMALL   latency=8.2 ms  R=0.495  target=0.50  dets=5  vru=False  backend=tensorrt
13:55:01  INFO       [safety / moderate] 140/200  tier=SMALL   latency=7.9 ms  R=0.501  target=0.50  dets=4  vru=False  backend=tensorrt
13:55:01  INFO       [safety / moderate] 160/200  tier=SMALL   latency=7.2 ms  R=0.497  target=0.50  dets=1  vru=False  backend=tensorrt
13:55:02  INFO       [safety / moderate] 180/200  tier=SMALL   latency=8.5 ms  R=0.578  target=0.50  dets=6  vru=False  backend=tensorrt
13:55:02  INFO       [safety / moderate] 200/200  tier=SMALL   latency=5.8 ms  R=0.505  target=0.50  dets=0  vru=False  backend=tensorrt
13:55:02  INFO     [RAMS] Controller stopped.
13:55:02  INFO     
--- Block 6/10  Policy: predictive  Load: moderate (50%) ---
13:55:02  INFO     [RAMS] Starting resource monitor ...
13:55:02  INFO     [RAMS] Loading model tiers ...
WARNING ⚠️ Unable to automatically guess model task, assuming 'task=detect'. Explicitly define task for your model, i.e. 'task=detect', 'segment', 'classify', 'pose', 'obb' or 'semantic'.
Loading yolov8n.engine for TensorRT inference...
[09/09/2026-13:55:02] [TRT] [I] Loaded engine size: 7 MiB
[09/09/2026-13:55:02] [TRT] [I] [MemUsageChange] TensorRT-managed allocation in IExecutionContext creation: CPU +0, GPU +3, now: CPU 0, GPU 9 (MiB)
13:55:02  INFO     [RAMS] YOLOv8-nano ready — TensorRT yolov8n.engine (imgsz=320).
WARNING ⚠️ Unable to automatically guess model task, assuming 'task=detect'. Explicitly define task for your model, i.e. 'task=detect', 'segment', 'classify', 'pose', 'obb' or 'semantic'.
Loading yolov8s.engine for TensorRT inference...
[09/09/2026-13:55:02] [TRT] [I] The logger passed into createInferRuntime differs from one already provided for an existing builder, runtime, or refitter. Uses of the global logger, returned by nvinfer1::getLogger(), will return the existing value.
[09/09/2026-13:55:02] [TRT] [I] Loaded engine size: 23 MiB
[09/09/2026-13:55:02] [TRT] [I] [MemUsageChange] TensorRT-managed allocation in IExecutionContext creation: CPU +1, GPU +7, now: CPU 1, GPU 38 (MiB)
13:55:02  INFO     [RAMS] YOLOv8-small ready — TensorRT yolov8s.engine (imgsz=416).
WARNING ⚠️ Unable to automatically guess model task, assuming 'task=detect'. Explicitly define task for your model, i.e. 'task=detect', 'segment', 'classify', 'pose', 'obb' or 'semantic'.
Loading yolov8m.engine for TensorRT inference...
[09/09/2026-13:55:02] [TRT] [I] The logger passed into createInferRuntime differs from one already provided for an existing builder, runtime, or refitter. Uses of the global logger, returned by nvinfer1::getLogger(), will return the existing value.
[09/09/2026-13:55:02] [TRT] [I] Loaded engine size: 52 MiB
[09/09/2026-13:55:02] [TRT] [I] [MemUsageChange] TensorRT-managed allocation in IExecutionContext creation: CPU +0, GPU +29, now: CPU 1, GPU 117 (MiB)
13:55:02  INFO     [RAMS] YOLOv8-medium ready — TensorRT yolov8m.engine (imgsz=640).
13:55:02  INFO     [RAMS] Controller ready. Policy: predictive
13:55:04  INFO     [RAMS] Tier switch: SMALL → NANO  (R=0.563)
13:55:04  INFO     [RAMS] Tier switch: NANO → SMALL  (R=0.507)
13:55:04  INFO       [predictive / moderate] 20/200  tier=SMALL   latency=7.7 ms  R=0.509  target=0.50  dets=2  vru=False  backend=tensorrt
13:55:04  INFO       [predictive / moderate] 40/200  tier=SMALL   latency=7.6 ms  R=0.495  target=0.50  dets=2  vru=False  backend=tensorrt
13:55:05  INFO     [RAMS] Tier switch: SMALL → NANO  (R=0.561)
13:55:05  INFO       [predictive / moderate] 60/200  tier=NANO    latency=6.8 ms  R=0.561  target=0.50  dets=4  vru=False  backend=tensorrt
13:55:05  INFO     [RAMS] Tier switch: NANO → SMALL  (R=0.495)
13:55:05  INFO       [predictive / moderate] 80/200  tier=SMALL   latency=7.8 ms  R=0.497  target=0.50  dets=3  vru=True  backend=tensorrt
13:55:05  INFO       [predictive / moderate] 100/200  tier=SMALL   latency=7.4 ms  R=0.494  target=0.50  dets=2  vru=False  backend=tensorrt
13:55:06  INFO       [predictive / moderate] 120/200  tier=SMALL   latency=8.1 ms  R=0.503  target=0.50  dets=5  vru=False  backend=tensorrt
13:55:06  INFO       [predictive / moderate] 140/200  tier=SMALL   latency=7.9 ms  R=0.499  target=0.50  dets=4  vru=False  backend=tensorrt
13:55:07  INFO       [predictive / moderate] 160/200  tier=SMALL   latency=7.4 ms  R=0.527  target=0.50  dets=1  vru=False  backend=tensorrt
13:55:07  INFO     [RAMS] Tier switch: SMALL → NANO  (R=0.545)
13:55:07  INFO       [predictive / moderate] 180/200  tier=NANO    latency=7.3 ms  R=0.571  target=0.50  dets=6  vru=False  backend=tensorrt
13:55:07  INFO       [predictive / moderate] 200/200  tier=NANO    latency=4.8 ms  R=0.595  target=0.50  dets=0  vru=False  backend=tensorrt
13:55:08  INFO     [RAMS] Controller stopped.
13:55:08  INFO     
--- Block 7/10  Policy: adaptive  Load: moderate (50%) ---
13:55:08  INFO     [RAMS] Starting resource monitor ...
13:55:08  INFO     [RAMS] Loading model tiers ...
WARNING ⚠️ Unable to automatically guess model task, assuming 'task=detect'. Explicitly define task for your model, i.e. 'task=detect', 'segment', 'classify', 'pose', 'obb' or 'semantic'.
Loading yolov8n.engine for TensorRT inference...
[09/09/2026-13:55:08] [TRT] [I] Loaded engine size: 7 MiB
[09/09/2026-13:55:08] [TRT] [I] [MemUsageChange] TensorRT-managed allocation in IExecutionContext creation: CPU +0, GPU +3, now: CPU 0, GPU 9 (MiB)
13:55:08  INFO     [RAMS] YOLOv8-nano ready — TensorRT yolov8n.engine (imgsz=320).
WARNING ⚠️ Unable to automatically guess model task, assuming 'task=detect'. Explicitly define task for your model, i.e. 'task=detect', 'segment', 'classify', 'pose', 'obb' or 'semantic'.
Loading yolov8s.engine for TensorRT inference...
[09/09/2026-13:55:08] [TRT] [I] The logger passed into createInferRuntime differs from one already provided for an existing builder, runtime, or refitter. Uses of the global logger, returned by nvinfer1::getLogger(), will return the existing value.
[09/09/2026-13:55:08] [TRT] [I] Loaded engine size: 23 MiB
[09/09/2026-13:55:08] [TRT] [I] [MemUsageChange] TensorRT-managed allocation in IExecutionContext creation: CPU +1, GPU +7, now: CPU 1, GPU 38 (MiB)
13:55:08  INFO     [RAMS] YOLOv8-small ready — TensorRT yolov8s.engine (imgsz=416).
WARNING ⚠️ Unable to automatically guess model task, assuming 'task=detect'. Explicitly define task for your model, i.e. 'task=detect', 'segment', 'classify', 'pose', 'obb' or 'semantic'.
Loading yolov8m.engine for TensorRT inference...
[09/09/2026-13:55:08] [TRT] [I] The logger passed into createInferRuntime differs from one already provided for an existing builder, runtime, or refitter. Uses of the global logger, returned by nvinfer1::getLogger(), will return the existing value.
[09/09/2026-13:55:08] [TRT] [I] Loaded engine size: 52 MiB
[09/09/2026-13:55:08] [TRT] [I] [MemUsageChange] TensorRT-managed allocation in IExecutionContext creation: CPU +0, GPU +29, now: CPU 1, GPU 117 (MiB)
13:55:08  INFO     [RAMS] YOLOv8-medium ready — TensorRT yolov8m.engine (imgsz=640).
13:55:08  INFO     [RAMS] Controller ready. Policy: adaptive
13:55:09  INFO     [RAMS] Tier switch: SMALL → NANO  (R=0.591)
13:55:09  INFO       [adaptive / moderate] 20/200  tier=NANO    latency=7.2 ms  R=0.548  target=0.50  dets=1  vru=False  backend=tensorrt
13:55:10  INFO       [adaptive / moderate] 40/200  tier=NANO    latency=4.9 ms  R=0.568  target=0.50  dets=0  vru=False  backend=tensorrt
13:55:10  INFO       [adaptive / moderate] 60/200  tier=NANO    latency=7.3 ms  R=0.553  target=0.50  dets=3  vru=False  backend=tensorrt
13:55:11  INFO       [adaptive / moderate] 80/200  tier=NANO    latency=8.5 ms  R=0.557  target=0.50  dets=3  vru=False  backend=tensorrt
13:55:11  INFO       [adaptive / moderate] 100/200  tier=NANO    latency=8.3 ms  R=0.555  target=0.50  dets=11  vru=False  backend=tensorrt
13:55:11  INFO       [adaptive / moderate] 120/200  tier=NANO    latency=6.7 ms  R=0.551  target=0.50  dets=1  vru=False  backend=tensorrt
13:55:12  INFO       [adaptive / moderate] 140/200  tier=NANO    latency=6.5 ms  R=0.563  target=0.50  dets=1  vru=False  backend=tensorrt
13:55:12  INFO       [adaptive / moderate] 160/200  tier=NANO    latency=4.8 ms  R=0.539  target=0.50  dets=0  vru=False  backend=tensorrt
13:55:12  INFO       [adaptive / moderate] 180/200  tier=NANO    latency=10.0 ms  R=0.547  target=0.50  dets=3  vru=False  backend=tensorrt
13:55:13  INFO       [adaptive / moderate] 200/200  tier=NANO    latency=7.4 ms  R=0.541  target=0.50  dets=5  vru=False  backend=tensorrt
13:55:13  INFO     [RAMS] Controller stopped.
13:55:13  INFO     
--- Block 7/10  Policy: fixed_nano  Load: moderate (50%) ---
13:55:13  INFO     [RAMS] Starting resource monitor ...
13:55:13  INFO     [RAMS] Loading model tiers ...
WARNING ⚠️ Unable to automatically guess model task, assuming 'task=detect'. Explicitly define task for your model, i.e. 'task=detect', 'segment', 'classify', 'pose', 'obb' or 'semantic'.
Loading yolov8n.engine for TensorRT inference...
[09/09/2026-13:55:13] [TRT] [I] Loaded engine size: 7 MiB
[09/09/2026-13:55:13] [TRT] [I] [MemUsageChange] TensorRT-managed allocation in IExecutionContext creation: CPU +0, GPU +3, now: CPU 0, GPU 9 (MiB)
13:55:13  INFO     [RAMS] YOLOv8-nano ready — TensorRT yolov8n.engine (imgsz=320).
WARNING ⚠️ Unable to automatically guess model task, assuming 'task=detect'. Explicitly define task for your model, i.e. 'task=detect', 'segment', 'classify', 'pose', 'obb' or 'semantic'.
Loading yolov8s.engine for TensorRT inference...
[09/09/2026-13:55:13] [TRT] [I] The logger passed into createInferRuntime differs from one already provided for an existing builder, runtime, or refitter. Uses of the global logger, returned by nvinfer1::getLogger(), will return the existing value.
[09/09/2026-13:55:13] [TRT] [I] Loaded engine size: 23 MiB
[09/09/2026-13:55:13] [TRT] [I] [MemUsageChange] TensorRT-managed allocation in IExecutionContext creation: CPU +1, GPU +7, now: CPU 1, GPU 38 (MiB)
13:55:13  INFO     [RAMS] YOLOv8-small ready — TensorRT yolov8s.engine (imgsz=416).
WARNING ⚠️ Unable to automatically guess model task, assuming 'task=detect'. Explicitly define task for your model, i.e. 'task=detect', 'segment', 'classify', 'pose', 'obb' or 'semantic'.
Loading yolov8m.engine for TensorRT inference...
[09/09/2026-13:55:13] [TRT] [I] The logger passed into createInferRuntime differs from one already provided for an existing builder, runtime, or refitter. Uses of the global logger, returned by nvinfer1::getLogger(), will return the existing value.
[09/09/2026-13:55:13] [TRT] [I] Loaded engine size: 52 MiB
[09/09/2026-13:55:13] [TRT] [I] [MemUsageChange] TensorRT-managed allocation in IExecutionContext creation: CPU +0, GPU +29, now: CPU 1, GPU 117 (MiB)
13:55:13  INFO     [RAMS] YOLOv8-medium ready — TensorRT yolov8m.engine (imgsz=640).
13:55:13  INFO     [RAMS] Controller ready. Policy: fixed
13:55:14  INFO     [RAMS] Tier switch: SMALL → NANO  (R=0.410)
13:55:15  INFO       [fixed_nano / moderate] 20/200  tier=NANO    latency=6.1 ms  R=0.558  target=0.50  dets=1  vru=False  backend=tensorrt
13:55:15  INFO       [fixed_nano / moderate] 40/200  tier=NANO    latency=4.5 ms  R=0.498  target=0.50  dets=0  vru=False  backend=tensorrt
13:55:15  INFO       [fixed_nano / moderate] 60/200  tier=NANO    latency=6.4 ms  R=0.493  target=0.50  dets=3  vru=False  backend=tensorrt
13:55:16  INFO       [fixed_nano / moderate] 80/200  tier=NANO    latency=6.5 ms  R=0.530  target=0.50  dets=3  vru=False  backend=tensorrt
13:55:16  INFO       [fixed_nano / moderate] 100/200  tier=NANO    latency=8.0 ms  R=0.495  target=0.50  dets=11  vru=False  backend=tensorrt
13:55:16  INFO       [fixed_nano / moderate] 120/200  tier=NANO    latency=6.7 ms  R=0.493  target=0.50  dets=1  vru=False  backend=tensorrt
13:55:17  INFO       [fixed_nano / moderate] 140/200  tier=NANO    latency=7.0 ms  R=0.495  target=0.50  dets=1  vru=False  backend=tensorrt
13:55:17  INFO       [fixed_nano / moderate] 160/200  tier=NANO    latency=4.5 ms  R=0.484  target=0.50  dets=0  vru=False  backend=tensorrt
13:55:18  INFO       [fixed_nano / moderate] 180/200  tier=NANO    latency=6.5 ms  R=0.575  target=0.50  dets=3  vru=False  backend=tensorrt
13:55:18  INFO       [fixed_nano / moderate] 200/200  tier=NANO    latency=7.0 ms  R=0.500  target=0.50  dets=5  vru=False  backend=tensorrt
13:55:18  INFO     [RAMS] Controller stopped.
13:55:18  INFO     
--- Block 7/10  Policy: fixed_medium  Load: moderate (50%) ---
13:55:18  INFO     [RAMS] Starting resource monitor ...
13:55:18  INFO     [RAMS] Loading model tiers ...
WARNING ⚠️ Unable to automatically guess model task, assuming 'task=detect'. Explicitly define task for your model, i.e. 'task=detect', 'segment', 'classify', 'pose', 'obb' or 'semantic'.
Loading yolov8n.engine for TensorRT inference...
[09/09/2026-13:55:18] [TRT] [I] Loaded engine size: 7 MiB
[09/09/2026-13:55:18] [TRT] [I] [MemUsageChange] TensorRT-managed allocation in IExecutionContext creation: CPU +0, GPU +3, now: CPU 0, GPU 9 (MiB)
13:55:18  INFO     [RAMS] YOLOv8-nano ready — TensorRT yolov8n.engine (imgsz=320).
WARNING ⚠️ Unable to automatically guess model task, assuming 'task=detect'. Explicitly define task for your model, i.e. 'task=detect', 'segment', 'classify', 'pose', 'obb' or 'semantic'.
Loading yolov8s.engine for TensorRT inference...
[09/09/2026-13:55:18] [TRT] [I] The logger passed into createInferRuntime differs from one already provided for an existing builder, runtime, or refitter. Uses of the global logger, returned by nvinfer1::getLogger(), will return the existing value.
[09/09/2026-13:55:18] [TRT] [I] Loaded engine size: 23 MiB
[09/09/2026-13:55:18] [TRT] [I] [MemUsageChange] TensorRT-managed allocation in IExecutionContext creation: CPU +1, GPU +7, now: CPU 1, GPU 38 (MiB)
13:55:18  INFO     [RAMS] YOLOv8-small ready — TensorRT yolov8s.engine (imgsz=416).
WARNING ⚠️ Unable to automatically guess model task, assuming 'task=detect'. Explicitly define task for your model, i.e. 'task=detect', 'segment', 'classify', 'pose', 'obb' or 'semantic'.
Loading yolov8m.engine for TensorRT inference...
[09/09/2026-13:55:18] [TRT] [I] The logger passed into createInferRuntime differs from one already provided for an existing builder, runtime, or refitter. Uses of the global logger, returned by nvinfer1::getLogger(), will return the existing value.
[09/09/2026-13:55:18] [TRT] [I] Loaded engine size: 52 MiB
[09/09/2026-13:55:18] [TRT] [I] [MemUsageChange] TensorRT-managed allocation in IExecutionContext creation: CPU +0, GPU +29, now: CPU 1, GPU 117 (MiB)
13:55:18  INFO     [RAMS] YOLOv8-medium ready — TensorRT yolov8m.engine (imgsz=640).
13:55:18  INFO     [RAMS] Controller ready. Policy: fixed
13:55:19  INFO     [RAMS] Tier switch: SMALL → MEDIUM  (R=0.413)
13:55:20  INFO       [fixed_medium / moderate] 20/200  tier=MEDIUM  latency=13.5 ms  R=0.554  target=0.50  dets=1  vru=False  backend=tensorrt
13:55:20  INFO       [fixed_medium / moderate] 40/200  tier=MEDIUM  latency=16.5 ms  R=0.518  target=0.50  dets=7  vru=False  backend=tensorrt
13:55:21  INFO       [fixed_medium / moderate] 60/200  tier=MEDIUM  latency=13.9 ms  R=0.542  target=0.50  dets=3  vru=False  backend=tensorrt
13:55:22  INFO       [fixed_medium / moderate] 80/200  tier=MEDIUM  latency=14.3 ms  R=0.558  target=0.50  dets=5  vru=True  backend=tensorrt
13:55:22  INFO       [fixed_medium / moderate] 100/200  tier=MEDIUM  latency=16.3 ms  R=0.501  target=0.50  dets=15  vru=False  backend=tensorrt
13:55:23  INFO       [fixed_medium / moderate] 120/200  tier=MEDIUM  latency=13.9 ms  R=0.491  target=0.50  dets=3  vru=True  backend=tensorrt
13:55:23  INFO       [fixed_medium / moderate] 140/200  tier=MEDIUM  latency=15.2 ms  R=0.504  target=0.50  dets=10  vru=True  backend=tensorrt
13:55:24  INFO       [fixed_medium / moderate] 160/200  tier=MEDIUM  latency=13.5 ms  R=0.469  target=0.50  dets=1  vru=False  backend=tensorrt
13:55:24  INFO       [fixed_medium / moderate] 180/200  tier=MEDIUM  latency=14.8 ms  R=0.544  target=0.50  dets=8  vru=False  backend=tensorrt
13:55:25  INFO       [fixed_medium / moderate] 200/200  tier=MEDIUM  latency=16.2 ms  R=0.509  target=0.50  dets=7  vru=True  backend=tensorrt
13:55:25  INFO     [RAMS] Controller stopped.
13:55:25  INFO     
--- Block 7/10  Policy: fixed_small  Load: moderate (50%) ---
13:55:25  INFO     [RAMS] Starting resource monitor ...
13:55:25  INFO     [RAMS] Loading model tiers ...
WARNING ⚠️ Unable to automatically guess model task, assuming 'task=detect'. Explicitly define task for your model, i.e. 'task=detect', 'segment', 'classify', 'pose', 'obb' or 'semantic'.
Loading yolov8n.engine for TensorRT inference...
[09/09/2026-13:55:25] [TRT] [I] Loaded engine size: 7 MiB
[09/09/2026-13:55:25] [TRT] [I] [MemUsageChange] TensorRT-managed allocation in IExecutionContext creation: CPU +0, GPU +3, now: CPU 0, GPU 9 (MiB)
13:55:25  INFO     [RAMS] YOLOv8-nano ready — TensorRT yolov8n.engine (imgsz=320).
WARNING ⚠️ Unable to automatically guess model task, assuming 'task=detect'. Explicitly define task for your model, i.e. 'task=detect', 'segment', 'classify', 'pose', 'obb' or 'semantic'.
Loading yolov8s.engine for TensorRT inference...
[09/09/2026-13:55:25] [TRT] [I] The logger passed into createInferRuntime differs from one already provided for an existing builder, runtime, or refitter. Uses of the global logger, returned by nvinfer1::getLogger(), will return the existing value.
[09/09/2026-13:55:25] [TRT] [I] Loaded engine size: 23 MiB
[09/09/2026-13:55:25] [TRT] [I] [MemUsageChange] TensorRT-managed allocation in IExecutionContext creation: CPU +1, GPU +7, now: CPU 1, GPU 38 (MiB)
13:55:25  INFO     [RAMS] YOLOv8-small ready — TensorRT yolov8s.engine (imgsz=416).
WARNING ⚠️ Unable to automatically guess model task, assuming 'task=detect'. Explicitly define task for your model, i.e. 'task=detect', 'segment', 'classify', 'pose', 'obb' or 'semantic'.
Loading yolov8m.engine for TensorRT inference...
[09/09/2026-13:55:25] [TRT] [I] The logger passed into createInferRuntime differs from one already provided for an existing builder, runtime, or refitter. Uses of the global logger, returned by nvinfer1::getLogger(), will return the existing value.
[09/09/2026-13:55:25] [TRT] [I] Loaded engine size: 52 MiB
[09/09/2026-13:55:25] [TRT] [I] [MemUsageChange] TensorRT-managed allocation in IExecutionContext creation: CPU +0, GPU +29, now: CPU 1, GPU 117 (MiB)
13:55:25  INFO     [RAMS] YOLOv8-medium ready — TensorRT yolov8m.engine (imgsz=640).
13:55:25  INFO     [RAMS] Controller ready. Policy: fixed
13:55:27  INFO       [fixed_small / moderate] 20/200  tier=SMALL   latency=7.4 ms  R=0.493  target=0.50  dets=1  vru=False  backend=tensorrt
13:55:27  INFO       [fixed_small / moderate] 40/200  tier=SMALL   latency=8.4 ms  R=0.501  target=0.50  dets=6  vru=False  backend=tensorrt
13:55:28  INFO       [fixed_small / moderate] 60/200  tier=SMALL   latency=7.8 ms  R=0.571  target=0.50  dets=3  vru=False  backend=tensorrt
13:55:28  INFO       [fixed_small / moderate] 80/200  tier=SMALL   latency=8.3 ms  R=0.476  target=0.50  dets=4  vru=False  backend=tensorrt
13:55:29  INFO       [fixed_small / moderate] 100/200  tier=SMALL   latency=13.2 ms  R=0.605  target=0.50  dets=9  vru=False  backend=tensorrt
13:55:29  INFO       [fixed_small / moderate] 120/200  tier=SMALL   latency=7.9 ms  R=0.560  target=0.50  dets=2  vru=False  backend=tensorrt
13:55:29  INFO       [fixed_small / moderate] 140/200  tier=SMALL   latency=9.2 ms  R=0.548  target=0.50  dets=7  vru=True  backend=tensorrt
13:55:30  INFO       [fixed_small / moderate] 160/200  tier=SMALL   latency=6.2 ms  R=0.558  target=0.50  dets=0  vru=False  backend=tensorrt
13:55:30  INFO       [fixed_small / moderate] 180/200  tier=SMALL   latency=8.3 ms  R=0.560  target=0.50  dets=4  vru=False  backend=tensorrt
13:55:31  INFO       [fixed_small / moderate] 200/200  tier=SMALL   latency=9.2 ms  R=0.598  target=0.50  dets=8  vru=True  backend=tensorrt
13:55:31  INFO     [RAMS] Controller stopped.
13:55:31  INFO     
--- Block 7/10  Policy: safety2  Load: moderate (50%) ---
13:55:31  INFO     [RAMS] Starting resource monitor ...
13:55:31  INFO     [RAMS] Loading model tiers ...
WARNING ⚠️ Unable to automatically guess model task, assuming 'task=detect'. Explicitly define task for your model, i.e. 'task=detect', 'segment', 'classify', 'pose', 'obb' or 'semantic'.
Loading yolov8n.engine for TensorRT inference...
[09/09/2026-13:55:31] [TRT] [I] Loaded engine size: 7 MiB
[09/09/2026-13:55:31] [TRT] [I] [MemUsageChange] TensorRT-managed allocation in IExecutionContext creation: CPU +0, GPU +3, now: CPU 0, GPU 9 (MiB)
13:55:31  INFO     [RAMS] YOLOv8-nano ready — TensorRT yolov8n.engine (imgsz=320).
WARNING ⚠️ Unable to automatically guess model task, assuming 'task=detect'. Explicitly define task for your model, i.e. 'task=detect', 'segment', 'classify', 'pose', 'obb' or 'semantic'.
Loading yolov8s.engine for TensorRT inference...
[09/09/2026-13:55:31] [TRT] [I] The logger passed into createInferRuntime differs from one already provided for an existing builder, runtime, or refitter. Uses of the global logger, returned by nvinfer1::getLogger(), will return the existing value.
[09/09/2026-13:55:31] [TRT] [I] Loaded engine size: 23 MiB
[09/09/2026-13:55:31] [TRT] [I] [MemUsageChange] TensorRT-managed allocation in IExecutionContext creation: CPU +1, GPU +7, now: CPU 1, GPU 38 (MiB)
13:55:31  INFO     [RAMS] YOLOv8-small ready — TensorRT yolov8s.engine (imgsz=416).
WARNING ⚠️ Unable to automatically guess model task, assuming 'task=detect'. Explicitly define task for your model, i.e. 'task=detect', 'segment', 'classify', 'pose', 'obb' or 'semantic'.
Loading yolov8m.engine for TensorRT inference...
[09/09/2026-13:55:31] [TRT] [I] The logger passed into createInferRuntime differs from one already provided for an existing builder, runtime, or refitter. Uses of the global logger, returned by nvinfer1::getLogger(), will return the existing value.
[09/09/2026-13:55:31] [TRT] [I] Loaded engine size: 52 MiB
[09/09/2026-13:55:31] [TRT] [I] [MemUsageChange] TensorRT-managed allocation in IExecutionContext creation: CPU +0, GPU +29, now: CPU 1, GPU 117 (MiB)
13:55:31  INFO     [RAMS] YOLOv8-medium ready — TensorRT yolov8m.engine (imgsz=640).
13:55:31  INFO     [RAMS] Controller ready. Policy: safety2
13:55:32  INFO     [RAMS] Tier switch: SMALL → MEDIUM  (R=0.548)
13:55:33  INFO       [safety2 / moderate] 20/200  tier=MEDIUM  latency=13.6 ms  R=0.561  target=0.50  dets=1  vru=False  backend=tensorrt
13:55:33  INFO       [safety2 / moderate] 40/200  tier=MEDIUM  latency=15.1 ms  R=0.593  target=0.50  dets=7  vru=False  backend=tensorrt
13:55:33  INFO     [RAMS] Tier switch: MEDIUM → NANO  (R=0.545)
13:55:34  INFO       [safety2 / moderate] 60/200  tier=NANO    latency=6.7 ms  R=0.539  target=0.50  dets=3  vru=False  backend=tensorrt
13:55:34  INFO     [RAMS] Tier switch: NANO → MEDIUM  (R=0.554)
13:55:34  INFO       [safety2 / moderate] 80/200  tier=MEDIUM  latency=14.6 ms  R=0.596  target=0.50  dets=5  vru=True  backend=tensorrt
13:55:35  INFO       [safety2 / moderate] 100/200  tier=MEDIUM  latency=16.2 ms  R=0.546  target=0.50  dets=15  vru=False  backend=tensorrt
13:55:35  INFO     [RAMS] Tier switch: MEDIUM → SMALL  (R=0.463)
13:55:35  INFO     [RAMS] Tier switch: SMALL → MEDIUM  (R=0.463)
13:55:35  INFO       [safety2 / moderate] 120/200  tier=MEDIUM  latency=13.8 ms  R=0.463  target=0.50  dets=3  vru=True  backend=tensorrt
13:55:36  INFO     [RAMS] Tier switch: MEDIUM → SMALL  (R=0.473)
13:55:36  INFO     [RAMS] Tier switch: SMALL → MEDIUM  (R=0.473)
13:55:36  INFO       [safety2 / moderate] 140/200  tier=MEDIUM  latency=15.7 ms  R=0.473  target=0.50  dets=10  vru=True  backend=tensorrt
13:55:36  INFO       [safety2 / moderate] 160/200  tier=MEDIUM  latency=13.4 ms  R=0.541  target=0.50  dets=1  vru=False  backend=tensorrt
13:55:37  INFO     [RAMS] Tier switch: MEDIUM → SMALL  (R=0.623)
13:55:37  INFO     [RAMS] Tier switch: SMALL → MEDIUM  (R=0.489)
13:55:37  INFO       [safety2 / moderate] 180/200  tier=MEDIUM  latency=15.1 ms  R=0.545  target=0.50  dets=8  vru=False  backend=tensorrt
13:55:38  INFO       [safety2 / moderate] 200/200  tier=MEDIUM  latency=15.0 ms  R=0.474  target=0.50  dets=7  vru=True  backend=tensorrt
13:55:38  INFO     [RAMS] Controller stopped.
13:55:38  INFO     
--- Block 7/10  Policy: threshold  Load: moderate (50%) ---
13:55:38  INFO     [RAMS] Starting resource monitor ...
13:55:38  INFO     [RAMS] Loading model tiers ...
WARNING ⚠️ Unable to automatically guess model task, assuming 'task=detect'. Explicitly define task for your model, i.e. 'task=detect', 'segment', 'classify', 'pose', 'obb' or 'semantic'.
Loading yolov8n.engine for TensorRT inference...
[09/09/2026-13:55:38] [TRT] [I] Loaded engine size: 7 MiB
[09/09/2026-13:55:38] [TRT] [I] [MemUsageChange] TensorRT-managed allocation in IExecutionContext creation: CPU +0, GPU +3, now: CPU 0, GPU 9 (MiB)
13:55:38  INFO     [RAMS] YOLOv8-nano ready — TensorRT yolov8n.engine (imgsz=320).
WARNING ⚠️ Unable to automatically guess model task, assuming 'task=detect'. Explicitly define task for your model, i.e. 'task=detect', 'segment', 'classify', 'pose', 'obb' or 'semantic'.
Loading yolov8s.engine for TensorRT inference...
[09/09/2026-13:55:38] [TRT] [I] The logger passed into createInferRuntime differs from one already provided for an existing builder, runtime, or refitter. Uses of the global logger, returned by nvinfer1::getLogger(), will return the existing value.
[09/09/2026-13:55:38] [TRT] [I] Loaded engine size: 23 MiB
[09/09/2026-13:55:38] [TRT] [I] [MemUsageChange] TensorRT-managed allocation in IExecutionContext creation: CPU +1, GPU +7, now: CPU 1, GPU 38 (MiB)
13:55:38  INFO     [RAMS] YOLOv8-small ready — TensorRT yolov8s.engine (imgsz=416).
WARNING ⚠️ Unable to automatically guess model task, assuming 'task=detect'. Explicitly define task for your model, i.e. 'task=detect', 'segment', 'classify', 'pose', 'obb' or 'semantic'.
Loading yolov8m.engine for TensorRT inference...
[09/09/2026-13:55:38] [TRT] [I] The logger passed into createInferRuntime differs from one already provided for an existing builder, runtime, or refitter. Uses of the global logger, returned by nvinfer1::getLogger(), will return the existing value.
[09/09/2026-13:55:38] [TRT] [I] Loaded engine size: 52 MiB
[09/09/2026-13:55:38] [TRT] [I] [MemUsageChange] TensorRT-managed allocation in IExecutionContext creation: CPU +0, GPU +29, now: CPU 1, GPU 117 (MiB)
13:55:38  INFO     [RAMS] YOLOv8-medium ready — TensorRT yolov8m.engine (imgsz=640).
13:55:38  INFO     [RAMS] Controller ready. Policy: threshold
13:55:39  INFO       [threshold / moderate] 20/200  tier=SMALL   latency=7.4 ms  R=0.476  target=0.50  dets=1  vru=False  backend=tensorrt
13:55:40  INFO     [RAMS] Tier switch: SMALL → NANO  (R=0.559)
13:55:40  INFO     [RAMS] Tier switch: NANO → SMALL  (R=0.499)
13:55:40  INFO       [threshold / moderate] 40/200  tier=SMALL   latency=8.4 ms  R=0.490  target=0.50  dets=6  vru=False  backend=tensorrt
13:55:40  INFO       [threshold / moderate] 60/200  tier=SMALL   latency=7.9 ms  R=0.497  target=0.50  dets=3  vru=False  backend=tensorrt
13:55:41  INFO       [threshold / moderate] 80/200  tier=SMALL   latency=7.9 ms  R=0.572  target=0.50  dets=4  vru=False  backend=tensorrt
13:55:41  INFO     [RAMS] Tier switch: SMALL → NANO  (R=0.572)
13:55:41  INFO     [RAMS] Tier switch: NANO → SMALL  (R=0.485)
13:55:41  INFO       [threshold / moderate] 100/200  tier=SMALL   latency=9.0 ms  R=0.502  target=0.50  dets=9  vru=False  backend=tensorrt
13:55:41  INFO       [threshold / moderate] 120/200  tier=SMALL   latency=7.5 ms  R=0.495  target=0.50  dets=2  vru=False  backend=tensorrt
13:55:42  INFO     [RAMS] Tier switch: SMALL → NANO  (R=0.573)
13:55:42  INFO     [RAMS] Tier switch: NANO → SMALL  (R=0.503)
13:55:42  INFO       [threshold / moderate] 140/200  tier=SMALL   latency=8.7 ms  R=0.491  target=0.50  dets=7  vru=True  backend=tensorrt
13:55:42  INFO       [threshold / moderate] 160/200  tier=SMALL   latency=5.8 ms  R=0.497  target=0.50  dets=0  vru=False  backend=tensorrt
13:55:43  INFO     [RAMS] Tier switch: SMALL → NANO  (R=0.573)
13:55:43  INFO       [threshold / moderate] 180/200  tier=NANO    latency=9.9 ms  R=0.573  target=0.50  dets=3  vru=False  backend=tensorrt
13:55:43  INFO     [RAMS] Tier switch: NANO → SMALL  (R=0.487)
13:55:43  INFO       [threshold / moderate] 200/200  tier=SMALL   latency=8.8 ms  R=0.497  target=0.50  dets=8  vru=True  backend=tensorrt
13:55:43  INFO     [RAMS] Controller stopped.
13:55:43  INFO     
--- Block 7/10  Policy: predictive  Load: moderate (50%) ---
13:55:43  INFO     [RAMS] Starting resource monitor ...
13:55:43  INFO     [RAMS] Loading model tiers ...
WARNING ⚠️ Unable to automatically guess model task, assuming 'task=detect'. Explicitly define task for your model, i.e. 'task=detect', 'segment', 'classify', 'pose', 'obb' or 'semantic'.
Loading yolov8n.engine for TensorRT inference...
[09/09/2026-13:55:43] [TRT] [I] Loaded engine size: 7 MiB
[09/09/2026-13:55:43] [TRT] [I] [MemUsageChange] TensorRT-managed allocation in IExecutionContext creation: CPU +0, GPU +3, now: CPU 0, GPU 9 (MiB)
13:55:43  INFO     [RAMS] YOLOv8-nano ready — TensorRT yolov8n.engine (imgsz=320).
WARNING ⚠️ Unable to automatically guess model task, assuming 'task=detect'. Explicitly define task for your model, i.e. 'task=detect', 'segment', 'classify', 'pose', 'obb' or 'semantic'.
Loading yolov8s.engine for TensorRT inference...
[09/09/2026-13:55:43] [TRT] [I] The logger passed into createInferRuntime differs from one already provided for an existing builder, runtime, or refitter. Uses of the global logger, returned by nvinfer1::getLogger(), will return the existing value.
[09/09/2026-13:55:43] [TRT] [I] Loaded engine size: 23 MiB
[09/09/2026-13:55:43] [TRT] [I] [MemUsageChange] TensorRT-managed allocation in IExecutionContext creation: CPU +1, GPU +7, now: CPU 1, GPU 38 (MiB)
13:55:43  INFO     [RAMS] YOLOv8-small ready — TensorRT yolov8s.engine (imgsz=416).
WARNING ⚠️ Unable to automatically guess model task, assuming 'task=detect'. Explicitly define task for your model, i.e. 'task=detect', 'segment', 'classify', 'pose', 'obb' or 'semantic'.
Loading yolov8m.engine for TensorRT inference...
[09/09/2026-13:55:43] [TRT] [I] The logger passed into createInferRuntime differs from one already provided for an existing builder, runtime, or refitter. Uses of the global logger, returned by nvinfer1::getLogger(), will return the existing value.
[09/09/2026-13:55:43] [TRT] [I] Loaded engine size: 52 MiB
[09/09/2026-13:55:43] [TRT] [I] [MemUsageChange] TensorRT-managed allocation in IExecutionContext creation: CPU +0, GPU +29, now: CPU 1, GPU 117 (MiB)
13:55:43  INFO     [RAMS] YOLOv8-medium ready — TensorRT yolov8m.engine (imgsz=640).
13:55:43  INFO     [RAMS] Controller ready. Policy: predictive
13:55:45  INFO     [RAMS] Tier switch: SMALL → NANO  (R=0.566)
13:55:45  INFO     [RAMS] Tier switch: NANO → SMALL  (R=0.501)
13:55:45  INFO       [predictive / moderate] 20/200  tier=SMALL   latency=7.3 ms  R=0.498  target=0.50  dets=1  vru=False  backend=tensorrt
13:55:45  INFO       [predictive / moderate] 40/200  tier=SMALL   latency=8.3 ms  R=0.501  target=0.50  dets=6  vru=False  backend=tensorrt
13:55:46  INFO     [RAMS] Tier switch: SMALL → NANO  (R=0.567)
13:55:46  INFO     [RAMS] Tier switch: NANO → SMALL  (R=0.481)
13:55:46  INFO       [predictive / moderate] 60/200  tier=SMALL   latency=8.0 ms  R=0.481  target=0.50  dets=3  vru=False  backend=tensorrt
13:55:46  INFO       [predictive / moderate] 80/200  tier=SMALL   latency=8.0 ms  R=0.508  target=0.50  dets=4  vru=False  backend=tensorrt
13:55:47  INFO       [predictive / moderate] 100/200  tier=SMALL   latency=9.6 ms  R=0.509  target=0.50  dets=9  vru=False  backend=tensorrt
13:55:47  INFO     [RAMS] Tier switch: SMALL → NANO  (R=0.545)
13:55:47  INFO     [RAMS] Tier switch: NANO → SMALL  (R=0.509)
13:55:47  INFO       [predictive / moderate] 120/200  tier=SMALL   latency=7.6 ms  R=0.494  target=0.50  dets=2  vru=False  backend=tensorrt
13:55:47  INFO       [predictive / moderate] 140/200  tier=SMALL   latency=8.6 ms  R=0.490  target=0.50  dets=7  vru=True  backend=tensorrt
13:55:48  INFO     [RAMS] Tier switch: SMALL → NANO  (R=0.576)
13:55:48  INFO     [RAMS] Tier switch: NANO → SMALL  (R=0.493)
13:55:48  INFO       [predictive / moderate] 160/200  tier=SMALL   latency=5.8 ms  R=0.495  target=0.50  dets=0  vru=False  backend=tensorrt
13:55:48  INFO       [predictive / moderate] 180/200  tier=SMALL   latency=8.0 ms  R=0.485  target=0.50  dets=4  vru=False  backend=tensorrt
13:55:49  INFO       [predictive / moderate] 200/200  tier=SMALL   latency=9.3 ms  R=0.571  target=0.50  dets=8  vru=True  backend=tensorrt
13:55:49  INFO     [RAMS] Controller stopped.
13:55:49  INFO     
--- Block 7/10  Policy: safety  Load: moderate (50%) ---
13:55:49  INFO     [RAMS] Starting resource monitor ...
13:55:49  INFO     [RAMS] Loading model tiers ...
WARNING ⚠️ Unable to automatically guess model task, assuming 'task=detect'. Explicitly define task for your model, i.e. 'task=detect', 'segment', 'classify', 'pose', 'obb' or 'semantic'.
Loading yolov8n.engine for TensorRT inference...
[09/09/2026-13:55:49] [TRT] [I] Loaded engine size: 7 MiB
[09/09/2026-13:55:49] [TRT] [I] [MemUsageChange] TensorRT-managed allocation in IExecutionContext creation: CPU +0, GPU +3, now: CPU 0, GPU 9 (MiB)
13:55:49  INFO     [RAMS] YOLOv8-nano ready — TensorRT yolov8n.engine (imgsz=320).
WARNING ⚠️ Unable to automatically guess model task, assuming 'task=detect'. Explicitly define task for your model, i.e. 'task=detect', 'segment', 'classify', 'pose', 'obb' or 'semantic'.
Loading yolov8s.engine for TensorRT inference...
[09/09/2026-13:55:49] [TRT] [I] The logger passed into createInferRuntime differs from one already provided for an existing builder, runtime, or refitter. Uses of the global logger, returned by nvinfer1::getLogger(), will return the existing value.
[09/09/2026-13:55:49] [TRT] [I] Loaded engine size: 23 MiB
[09/09/2026-13:55:49] [TRT] [I] [MemUsageChange] TensorRT-managed allocation in IExecutionContext creation: CPU +1, GPU +7, now: CPU 1, GPU 38 (MiB)
13:55:49  INFO     [RAMS] YOLOv8-small ready — TensorRT yolov8s.engine (imgsz=416).
WARNING ⚠️ Unable to automatically guess model task, assuming 'task=detect'. Explicitly define task for your model, i.e. 'task=detect', 'segment', 'classify', 'pose', 'obb' or 'semantic'.
Loading yolov8m.engine for TensorRT inference...
[09/09/2026-13:55:49] [TRT] [I] The logger passed into createInferRuntime differs from one already provided for an existing builder, runtime, or refitter. Uses of the global logger, returned by nvinfer1::getLogger(), will return the existing value.
[09/09/2026-13:55:49] [TRT] [I] Loaded engine size: 52 MiB
[09/09/2026-13:55:49] [TRT] [I] [MemUsageChange] TensorRT-managed allocation in IExecutionContext creation: CPU +0, GPU +29, now: CPU 1, GPU 117 (MiB)
13:55:49  INFO     [RAMS] YOLOv8-medium ready — TensorRT yolov8m.engine (imgsz=640).
13:55:49  INFO     [RAMS] Controller ready. Policy: safety
13:55:51  INFO       [safety / moderate] 20/200  tier=SMALL   latency=7.8 ms  R=0.585  target=0.50  dets=1  vru=False  backend=tensorrt
13:55:51  INFO       [safety / moderate] 40/200  tier=SMALL   latency=9.2 ms  R=0.560  target=0.50  dets=6  vru=False  backend=tensorrt
13:55:51  INFO       [safety / moderate] 60/200  tier=SMALL   latency=8.1 ms  R=0.629  target=0.50  dets=3  vru=False  backend=tensorrt
13:55:52  INFO       [safety / moderate] 80/200  tier=SMALL   latency=8.4 ms  R=0.586  target=0.50  dets=4  vru=False  backend=tensorrt
13:55:52  INFO       [safety / moderate] 100/200  tier=SMALL   latency=9.4 ms  R=0.564  target=0.50  dets=9  vru=False  backend=tensorrt
13:55:53  INFO       [safety / moderate] 120/200  tier=SMALL   latency=7.8 ms  R=0.576  target=0.50  dets=2  vru=False  backend=tensorrt
13:55:53  INFO       [safety / moderate] 140/200  tier=SMALL   latency=9.0 ms  R=0.561  target=0.50  dets=7  vru=True  backend=tensorrt
13:55:54  INFO       [safety / moderate] 160/200  tier=SMALL   latency=6.2 ms  R=0.624  target=0.50  dets=0  vru=False  backend=tensorrt
13:55:54  INFO       [safety / moderate] 180/200  tier=SMALL   latency=8.6 ms  R=0.551  target=0.50  dets=4  vru=False  backend=tensorrt
13:55:54  INFO       [safety / moderate] 200/200  tier=SMALL   latency=9.3 ms  R=0.578  target=0.50  dets=8  vru=True  backend=tensorrt
13:55:54  INFO     [RAMS] Controller stopped.
13:55:55  INFO     
--- Block 8/10  Policy: fixed_small  Load: moderate (50%) ---
13:55:55  INFO     [RAMS] Starting resource monitor ...
13:55:55  INFO     [RAMS] Loading model tiers ...
WARNING ⚠️ Unable to automatically guess model task, assuming 'task=detect'. Explicitly define task for your model, i.e. 'task=detect', 'segment', 'classify', 'pose', 'obb' or 'semantic'.
Loading yolov8n.engine for TensorRT inference...
[09/09/2026-13:55:55] [TRT] [I] Loaded engine size: 7 MiB
[09/09/2026-13:55:55] [TRT] [I] [MemUsageChange] TensorRT-managed allocation in IExecutionContext creation: CPU +0, GPU +3, now: CPU 0, GPU 9 (MiB)
13:55:55  INFO     [RAMS] YOLOv8-nano ready — TensorRT yolov8n.engine (imgsz=320).
WARNING ⚠️ Unable to automatically guess model task, assuming 'task=detect'. Explicitly define task for your model, i.e. 'task=detect', 'segment', 'classify', 'pose', 'obb' or 'semantic'.
Loading yolov8s.engine for TensorRT inference...
[09/09/2026-13:55:55] [TRT] [I] The logger passed into createInferRuntime differs from one already provided for an existing builder, runtime, or refitter. Uses of the global logger, returned by nvinfer1::getLogger(), will return the existing value.
[09/09/2026-13:55:55] [TRT] [I] Loaded engine size: 23 MiB
[09/09/2026-13:55:55] [TRT] [I] [MemUsageChange] TensorRT-managed allocation in IExecutionContext creation: CPU +1, GPU +7, now: CPU 1, GPU 38 (MiB)
13:55:55  INFO     [RAMS] YOLOv8-small ready — TensorRT yolov8s.engine (imgsz=416).
WARNING ⚠️ Unable to automatically guess model task, assuming 'task=detect'. Explicitly define task for your model, i.e. 'task=detect', 'segment', 'classify', 'pose', 'obb' or 'semantic'.
Loading yolov8m.engine for TensorRT inference...
[09/09/2026-13:55:55] [TRT] [I] The logger passed into createInferRuntime differs from one already provided for an existing builder, runtime, or refitter. Uses of the global logger, returned by nvinfer1::getLogger(), will return the existing value.
[09/09/2026-13:55:55] [TRT] [I] Loaded engine size: 52 MiB
[09/09/2026-13:55:55] [TRT] [I] [MemUsageChange] TensorRT-managed allocation in IExecutionContext creation: CPU +0, GPU +29, now: CPU 1, GPU 117 (MiB)
13:55:55  INFO     [RAMS] YOLOv8-medium ready — TensorRT yolov8m.engine (imgsz=640).
13:55:55  INFO     [RAMS] Controller ready. Policy: fixed
13:55:56  INFO       [fixed_small / moderate] 20/200  tier=SMALL   latency=7.4 ms  R=0.479  target=0.50  dets=1  vru=False  backend=tensorrt
13:55:57  INFO       [fixed_small / moderate] 40/200  tier=SMALL   latency=8.4 ms  R=0.581  target=0.50  dets=5  vru=False  backend=tensorrt
13:55:57  INFO       [fixed_small / moderate] 60/200  tier=SMALL   latency=8.8 ms  R=0.507  target=0.50  dets=8  vru=False  backend=tensorrt
13:55:58  INFO       [fixed_small / moderate] 80/200  tier=SMALL   latency=8.6 ms  R=0.502  target=0.50  dets=5  vru=False  backend=tensorrt
13:55:58  INFO       [fixed_small / moderate] 100/200  tier=SMALL   latency=9.0 ms  R=0.479  target=0.50  dets=9  vru=False  backend=tensorrt
13:55:58  INFO       [fixed_small / moderate] 120/200  tier=SMALL   latency=5.8 ms  R=0.492  target=0.50  dets=0  vru=False  backend=tensorrt
13:55:59  INFO       [fixed_small / moderate] 140/200  tier=SMALL   latency=7.3 ms  R=0.503  target=0.50  dets=1  vru=False  backend=tensorrt
13:55:59  INFO       [fixed_small / moderate] 160/200  tier=SMALL   latency=7.3 ms  R=0.489  target=0.50  dets=1  vru=False  backend=tensorrt
13:56:00  INFO       [fixed_small / moderate] 180/200  tier=SMALL   latency=8.2 ms  R=0.501  target=0.50  dets=3  vru=False  backend=tensorrt
13:56:00  INFO       [fixed_small / moderate] 200/200  tier=SMALL   latency=9.6 ms  R=0.497  target=0.50  dets=12  vru=False  backend=tensorrt
13:56:00  INFO     [RAMS] Controller stopped.
13:56:00  INFO     
--- Block 8/10  Policy: safety  Load: moderate (50%) ---
13:56:00  INFO     [RAMS] Starting resource monitor ...
13:56:00  INFO     [RAMS] Loading model tiers ...
WARNING ⚠️ Unable to automatically guess model task, assuming 'task=detect'. Explicitly define task for your model, i.e. 'task=detect', 'segment', 'classify', 'pose', 'obb' or 'semantic'.
Loading yolov8n.engine for TensorRT inference...
[09/09/2026-13:56:00] [TRT] [I] Loaded engine size: 7 MiB
[09/09/2026-13:56:00] [TRT] [I] [MemUsageChange] TensorRT-managed allocation in IExecutionContext creation: CPU +0, GPU +3, now: CPU 0, GPU 9 (MiB)
13:56:00  INFO     [RAMS] YOLOv8-nano ready — TensorRT yolov8n.engine (imgsz=320).
WARNING ⚠️ Unable to automatically guess model task, assuming 'task=detect'. Explicitly define task for your model, i.e. 'task=detect', 'segment', 'classify', 'pose', 'obb' or 'semantic'.
Loading yolov8s.engine for TensorRT inference...
[09/09/2026-13:56:00] [TRT] [I] The logger passed into createInferRuntime differs from one already provided for an existing builder, runtime, or refitter. Uses of the global logger, returned by nvinfer1::getLogger(), will return the existing value.
[09/09/2026-13:56:00] [TRT] [I] Loaded engine size: 23 MiB
[09/09/2026-13:56:00] [TRT] [I] [MemUsageChange] TensorRT-managed allocation in IExecutionContext creation: CPU +1, GPU +7, now: CPU 1, GPU 38 (MiB)
13:56:00  INFO     [RAMS] YOLOv8-small ready — TensorRT yolov8s.engine (imgsz=416).
WARNING ⚠️ Unable to automatically guess model task, assuming 'task=detect'. Explicitly define task for your model, i.e. 'task=detect', 'segment', 'classify', 'pose', 'obb' or 'semantic'.
Loading yolov8m.engine for TensorRT inference...
[09/09/2026-13:56:00] [TRT] [I] The logger passed into createInferRuntime differs from one already provided for an existing builder, runtime, or refitter. Uses of the global logger, returned by nvinfer1::getLogger(), will return the existing value.
[09/09/2026-13:56:00] [TRT] [I] Loaded engine size: 52 MiB
[09/09/2026-13:56:00] [TRT] [I] [MemUsageChange] TensorRT-managed allocation in IExecutionContext creation: CPU +0, GPU +29, now: CPU 1, GPU 117 (MiB)
13:56:00  INFO     [RAMS] YOLOv8-medium ready — TensorRT yolov8m.engine (imgsz=640).
13:56:00  INFO     [RAMS] Controller ready. Policy: safety
13:56:02  INFO       [safety / moderate] 20/200  tier=SMALL   latency=7.4 ms  R=0.495  target=0.50  dets=1  vru=False  backend=tensorrt
13:56:02  INFO       [safety / moderate] 40/200  tier=SMALL   latency=8.2 ms  R=0.501  target=0.50  dets=5  vru=False  backend=tensorrt
13:56:03  INFO       [safety / moderate] 60/200  tier=SMALL   latency=8.8 ms  R=0.540  target=0.50  dets=8  vru=False  backend=tensorrt
13:56:03  INFO       [safety / moderate] 80/200  tier=SMALL   latency=8.2 ms  R=0.497  target=0.50  dets=5  vru=False  backend=tensorrt
13:56:03  INFO       [safety / moderate] 100/200  tier=SMALL   latency=8.9 ms  R=0.497  target=0.50  dets=9  vru=False  backend=tensorrt
13:56:04  INFO       [safety / moderate] 120/200  tier=SMALL   latency=5.8 ms  R=0.495  target=0.50  dets=0  vru=False  backend=tensorrt
13:56:04  INFO       [safety / moderate] 140/200  tier=SMALL   latency=7.3 ms  R=0.479  target=0.50  dets=1  vru=False  backend=tensorrt
13:56:05  INFO       [safety / moderate] 160/200  tier=SMALL   latency=7.4 ms  R=0.530  target=0.50  dets=1  vru=False  backend=tensorrt
13:56:05  INFO       [safety / moderate] 180/200  tier=SMALL   latency=7.7 ms  R=0.503  target=0.50  dets=3  vru=False  backend=tensorrt
13:56:06  INFO       [safety / moderate] 200/200  tier=SMALL   latency=10.8 ms  R=0.505  target=0.50  dets=12  vru=False  backend=tensorrt
13:56:06  INFO     [RAMS] Controller stopped.
13:56:06  INFO     
--- Block 8/10  Policy: threshold  Load: moderate (50%) ---
13:56:06  INFO     [RAMS] Starting resource monitor ...
13:56:06  INFO     [RAMS] Loading model tiers ...
WARNING ⚠️ Unable to automatically guess model task, assuming 'task=detect'. Explicitly define task for your model, i.e. 'task=detect', 'segment', 'classify', 'pose', 'obb' or 'semantic'.
Loading yolov8n.engine for TensorRT inference...
[09/09/2026-13:56:06] [TRT] [I] Loaded engine size: 7 MiB
[09/09/2026-13:56:06] [TRT] [I] [MemUsageChange] TensorRT-managed allocation in IExecutionContext creation: CPU +0, GPU +3, now: CPU 0, GPU 9 (MiB)
13:56:06  INFO     [RAMS] YOLOv8-nano ready — TensorRT yolov8n.engine (imgsz=320).
WARNING ⚠️ Unable to automatically guess model task, assuming 'task=detect'. Explicitly define task for your model, i.e. 'task=detect', 'segment', 'classify', 'pose', 'obb' or 'semantic'.
Loading yolov8s.engine for TensorRT inference...
[09/09/2026-13:56:06] [TRT] [I] The logger passed into createInferRuntime differs from one already provided for an existing builder, runtime, or refitter. Uses of the global logger, returned by nvinfer1::getLogger(), will return the existing value.
[09/09/2026-13:56:06] [TRT] [I] Loaded engine size: 23 MiB
[09/09/2026-13:56:06] [TRT] [I] [MemUsageChange] TensorRT-managed allocation in IExecutionContext creation: CPU +1, GPU +7, now: CPU 1, GPU 38 (MiB)
13:56:06  INFO     [RAMS] YOLOv8-small ready — TensorRT yolov8s.engine (imgsz=416).
WARNING ⚠️ Unable to automatically guess model task, assuming 'task=detect'. Explicitly define task for your model, i.e. 'task=detect', 'segment', 'classify', 'pose', 'obb' or 'semantic'.
Loading yolov8m.engine for TensorRT inference...
[09/09/2026-13:56:06] [TRT] [I] The logger passed into createInferRuntime differs from one already provided for an existing builder, runtime, or refitter. Uses of the global logger, returned by nvinfer1::getLogger(), will return the existing value.
[09/09/2026-13:56:06] [TRT] [I] Loaded engine size: 52 MiB
[09/09/2026-13:56:06] [TRT] [I] [MemUsageChange] TensorRT-managed allocation in IExecutionContext creation: CPU +0, GPU +29, now: CPU 1, GPU 117 (MiB)
13:56:06  INFO     [RAMS] YOLOv8-medium ready — TensorRT yolov8m.engine (imgsz=640).
13:56:06  INFO     [RAMS] Controller ready. Policy: threshold
13:56:07  INFO       [threshold / moderate] 20/200  tier=SMALL   latency=7.5 ms  R=0.495  target=0.50  dets=1  vru=False  backend=tensorrt
13:56:08  INFO     [RAMS] Tier switch: SMALL → NANO  (R=0.566)
13:56:08  INFO     [RAMS] Tier switch: NANO → SMALL  (R=0.496)
13:56:08  INFO       [threshold / moderate] 40/200  tier=SMALL   latency=8.2 ms  R=0.491  target=0.50  dets=5  vru=False  backend=tensorrt
13:56:08  INFO       [threshold / moderate] 60/200  tier=SMALL   latency=8.8 ms  R=0.498  target=0.50  dets=8  vru=False  backend=tensorrt
13:56:09  INFO     [RAMS] Tier switch: SMALL → NANO  (R=0.553)
13:56:09  INFO       [threshold / moderate] 80/200  tier=NANO    latency=7.0 ms  R=0.553  target=0.50  dets=5  vru=False  backend=tensorrt
13:56:09  INFO     [RAMS] Tier switch: NANO → SMALL  (R=0.491)
13:56:09  INFO       [threshold / moderate] 100/200  tier=SMALL   latency=8.9 ms  R=0.503  target=0.50  dets=9  vru=False  backend=tensorrt
13:56:09  INFO       [threshold / moderate] 120/200  tier=SMALL   latency=5.8 ms  R=0.485  target=0.50  dets=0  vru=False  backend=tensorrt
13:56:10  INFO     [RAMS] Tier switch: SMALL → NANO  (R=0.577)
13:56:10  INFO     [RAMS] Tier switch: NANO → SMALL  (R=0.498)
13:56:10  INFO       [threshold / moderate] 140/200  tier=SMALL   latency=7.4 ms  R=0.495  target=0.50  dets=1  vru=False  backend=tensorrt
13:56:10  INFO       [threshold / moderate] 160/200  tier=SMALL   latency=7.3 ms  R=0.491  target=0.50  dets=1  vru=False  backend=tensorrt
13:56:11  INFO     [RAMS] Tier switch: SMALL → NANO  (R=0.569)
13:56:11  INFO       [threshold / moderate] 180/200  tier=NANO    latency=6.4 ms  R=0.569  target=0.50  dets=2  vru=False  backend=tensorrt
13:56:11  INFO     [RAMS] Tier switch: NANO → SMALL  (R=0.501)
13:56:11  INFO     [RAMS] Tier switch: SMALL → NANO  (R=0.557)
13:56:11  INFO       [threshold / moderate] 200/200  tier=NANO    latency=8.5 ms  R=0.557  target=0.50  dets=11  vru=False  backend=tensorrt
13:56:11  INFO     [RAMS] Controller stopped.
13:56:11  INFO     
--- Block 8/10  Policy: safety2  Load: moderate (50%) ---
13:56:11  INFO     [RAMS] Starting resource monitor ...
13:56:11  INFO     [RAMS] Loading model tiers ...
WARNING ⚠️ Unable to automatically guess model task, assuming 'task=detect'. Explicitly define task for your model, i.e. 'task=detect', 'segment', 'classify', 'pose', 'obb' or 'semantic'.
Loading yolov8n.engine for TensorRT inference...
[09/09/2026-13:56:11] [TRT] [I] Loaded engine size: 7 MiB
[09/09/2026-13:56:11] [TRT] [I] [MemUsageChange] TensorRT-managed allocation in IExecutionContext creation: CPU +0, GPU +3, now: CPU 0, GPU 9 (MiB)
13:56:11  INFO     [RAMS] YOLOv8-nano ready — TensorRT yolov8n.engine (imgsz=320).
WARNING ⚠️ Unable to automatically guess model task, assuming 'task=detect'. Explicitly define task for your model, i.e. 'task=detect', 'segment', 'classify', 'pose', 'obb' or 'semantic'.
Loading yolov8s.engine for TensorRT inference...
[09/09/2026-13:56:11] [TRT] [I] The logger passed into createInferRuntime differs from one already provided for an existing builder, runtime, or refitter. Uses of the global logger, returned by nvinfer1::getLogger(), will return the existing value.
[09/09/2026-13:56:11] [TRT] [I] Loaded engine size: 23 MiB
[09/09/2026-13:56:11] [TRT] [I] [MemUsageChange] TensorRT-managed allocation in IExecutionContext creation: CPU +1, GPU +7, now: CPU 1, GPU 38 (MiB)
13:56:11  INFO     [RAMS] YOLOv8-small ready — TensorRT yolov8s.engine (imgsz=416).
WARNING ⚠️ Unable to automatically guess model task, assuming 'task=detect'. Explicitly define task for your model, i.e. 'task=detect', 'segment', 'classify', 'pose', 'obb' or 'semantic'.
Loading yolov8m.engine for TensorRT inference...
[09/09/2026-13:56:11] [TRT] [I] The logger passed into createInferRuntime differs from one already provided for an existing builder, runtime, or refitter. Uses of the global logger, returned by nvinfer1::getLogger(), will return the existing value.
[09/09/2026-13:56:12] [TRT] [I] Loaded engine size: 52 MiB
[09/09/2026-13:56:12] [TRT] [I] [MemUsageChange] TensorRT-managed allocation in IExecutionContext creation: CPU +0, GPU +29, now: CPU 1, GPU 117 (MiB)
13:56:12  INFO     [RAMS] YOLOv8-medium ready — TensorRT yolov8m.engine (imgsz=640).
13:56:12  INFO     [RAMS] Controller ready. Policy: safety2
13:56:13  INFO     [RAMS] Tier switch: SMALL → MEDIUM  (R=0.562)
13:56:13  INFO       [safety2 / moderate] 20/200  tier=MEDIUM  latency=19.2 ms  R=0.614  target=0.50  dets=4  vru=True  backend=tensorrt
13:56:13  INFO     [RAMS] Tier switch: MEDIUM → NANO  (R=0.542)
13:56:14  INFO       [safety2 / moderate] 40/200  tier=NANO    latency=7.2 ms  R=0.613  target=0.50  dets=3  vru=False  backend=tensorrt
13:56:14  INFO     [RAMS] Tier switch: NANO → MEDIUM  (R=0.617)
13:56:14  INFO       [safety2 / moderate] 60/200  tier=MEDIUM  latency=15.8 ms  R=0.574  target=0.50  dets=11  vru=True  backend=tensorrt
13:56:15  INFO       [safety2 / moderate] 80/200  tier=MEDIUM  latency=14.8 ms  R=0.588  target=0.50  dets=6  vru=False  backend=tensorrt
13:56:15  INFO       [safety2 / moderate] 100/200  tier=MEDIUM  latency=16.5 ms  R=0.552  target=0.50  dets=10  vru=False  backend=tensorrt
13:56:16  INFO     [RAMS] Tier switch: MEDIUM → NANO  (R=0.595)
13:56:16  INFO     [RAMS] Tier switch: NANO → MEDIUM  (R=0.595)
13:56:16  INFO       [safety2 / moderate] 120/200  tier=MEDIUM  latency=14.4 ms  R=0.563  target=0.50  dets=3  vru=False  backend=tensorrt
13:56:16  INFO       [safety2 / moderate] 140/200  tier=MEDIUM  latency=13.7 ms  R=0.537  target=0.50  dets=1  vru=False  backend=tensorrt
13:56:17  INFO     [RAMS] Tier switch: MEDIUM → SMALL  (R=0.524)
13:56:17  INFO       [safety2 / moderate] 160/200  tier=SMALL   latency=8.3 ms  R=0.523  target=0.50  dets=1  vru=False  backend=tensorrt
13:56:17  INFO     [RAMS] Tier switch: SMALL → NANO  (R=0.586)
13:56:17  INFO     [RAMS] Tier switch: NANO → MEDIUM  (R=0.576)
13:56:17  INFO       [safety2 / moderate] 180/200  tier=MEDIUM  latency=14.4 ms  R=0.551  target=0.50  dets=5  vru=False  backend=tensorrt
13:56:18  INFO       [safety2 / moderate] 200/200  tier=MEDIUM  latency=16.5 ms  R=0.541  target=0.50  dets=16  vru=False  backend=tensorrt
13:56:18  INFO     [RAMS] Controller stopped.
13:56:18  INFO     
--- Block 8/10  Policy: fixed_nano  Load: moderate (50%) ---
13:56:18  INFO     [RAMS] Starting resource monitor ...
13:56:18  INFO     [RAMS] Loading model tiers ...
WARNING ⚠️ Unable to automatically guess model task, assuming 'task=detect'. Explicitly define task for your model, i.e. 'task=detect', 'segment', 'classify', 'pose', 'obb' or 'semantic'.
Loading yolov8n.engine for TensorRT inference...
[09/09/2026-13:56:18] [TRT] [I] Loaded engine size: 7 MiB
[09/09/2026-13:56:18] [TRT] [I] [MemUsageChange] TensorRT-managed allocation in IExecutionContext creation: CPU +0, GPU +3, now: CPU 0, GPU 9 (MiB)
13:56:18  INFO     [RAMS] YOLOv8-nano ready — TensorRT yolov8n.engine (imgsz=320).
WARNING ⚠️ Unable to automatically guess model task, assuming 'task=detect'. Explicitly define task for your model, i.e. 'task=detect', 'segment', 'classify', 'pose', 'obb' or 'semantic'.
Loading yolov8s.engine for TensorRT inference...
[09/09/2026-13:56:18] [TRT] [I] The logger passed into createInferRuntime differs from one already provided for an existing builder, runtime, or refitter. Uses of the global logger, returned by nvinfer1::getLogger(), will return the existing value.
[09/09/2026-13:56:18] [TRT] [I] Loaded engine size: 23 MiB
[09/09/2026-13:56:18] [TRT] [I] [MemUsageChange] TensorRT-managed allocation in IExecutionContext creation: CPU +1, GPU +7, now: CPU 1, GPU 38 (MiB)
13:56:18  INFO     [RAMS] YOLOv8-small ready — TensorRT yolov8s.engine (imgsz=416).
WARNING ⚠️ Unable to automatically guess model task, assuming 'task=detect'. Explicitly define task for your model, i.e. 'task=detect', 'segment', 'classify', 'pose', 'obb' or 'semantic'.
Loading yolov8m.engine for TensorRT inference...
[09/09/2026-13:56:18] [TRT] [I] The logger passed into createInferRuntime differs from one already provided for an existing builder, runtime, or refitter. Uses of the global logger, returned by nvinfer1::getLogger(), will return the existing value.
[09/09/2026-13:56:18] [TRT] [I] Loaded engine size: 52 MiB
[09/09/2026-13:56:18] [TRT] [I] [MemUsageChange] TensorRT-managed allocation in IExecutionContext creation: CPU +0, GPU +29, now: CPU 1, GPU 117 (MiB)
13:56:18  INFO     [RAMS] YOLOv8-medium ready — TensorRT yolov8m.engine (imgsz=640).
13:56:18  INFO     [RAMS] Controller ready. Policy: fixed
13:56:19  INFO     [RAMS] Tier switch: SMALL → NANO  (R=0.428)
13:56:20  INFO       [fixed_nano / moderate] 20/200  tier=NANO    latency=4.6 ms  R=0.491  target=0.50  dets=0  vru=False  backend=tensorrt
13:56:20  INFO       [fixed_nano / moderate] 40/200  tier=NANO    latency=6.4 ms  R=0.479  target=0.50  dets=3  vru=False  backend=tensorrt
13:56:20  INFO       [fixed_nano / moderate] 60/200  tier=NANO    latency=6.2 ms  R=0.493  target=0.50  dets=2  vru=False  backend=tensorrt
13:56:21  INFO       [fixed_nano / moderate] 80/200  tier=NANO    latency=7.0 ms  R=0.495  target=0.50  dets=5  vru=False  backend=tensorrt
13:56:21  INFO       [fixed_nano / moderate] 100/200  tier=NANO    latency=7.0 ms  R=0.488  target=0.50  dets=6  vru=False  backend=tensorrt
13:56:22  INFO       [fixed_nano / moderate] 120/200  tier=NANO    latency=4.8 ms  R=0.577  target=0.50  dets=0  vru=False  backend=tensorrt
13:56:22  INFO       [fixed_nano / moderate] 140/200  tier=NANO    latency=6.0 ms  R=0.493  target=0.50  dets=1  vru=False  backend=tensorrt
13:56:22  INFO       [fixed_nano / moderate] 160/200  tier=NANO    latency=6.3 ms  R=0.483  target=0.50  dets=1  vru=False  backend=tensorrt
13:56:23  INFO       [fixed_nano / moderate] 180/200  tier=NANO    latency=6.2 ms  R=0.483  target=0.50  dets=2  vru=False  backend=tensorrt
13:56:23  INFO       [fixed_nano / moderate] 200/200  tier=NANO    latency=8.1 ms  R=0.479  target=0.50  dets=11  vru=False  backend=tensorrt
13:56:23  INFO     [RAMS] Controller stopped.
13:56:23  INFO     
--- Block 8/10  Policy: fixed_medium  Load: moderate (50%) ---
13:56:23  INFO     [RAMS] Starting resource monitor ...
13:56:23  INFO     [RAMS] Loading model tiers ...
WARNING ⚠️ Unable to automatically guess model task, assuming 'task=detect'. Explicitly define task for your model, i.e. 'task=detect', 'segment', 'classify', 'pose', 'obb' or 'semantic'.
Loading yolov8n.engine for TensorRT inference...
[09/09/2026-13:56:23] [TRT] [I] Loaded engine size: 7 MiB
[09/09/2026-13:56:23] [TRT] [I] [MemUsageChange] TensorRT-managed allocation in IExecutionContext creation: CPU +0, GPU +3, now: CPU 0, GPU 9 (MiB)
13:56:23  INFO     [RAMS] YOLOv8-nano ready — TensorRT yolov8n.engine (imgsz=320).
WARNING ⚠️ Unable to automatically guess model task, assuming 'task=detect'. Explicitly define task for your model, i.e. 'task=detect', 'segment', 'classify', 'pose', 'obb' or 'semantic'.
Loading yolov8s.engine for TensorRT inference...
[09/09/2026-13:56:23] [TRT] [I] The logger passed into createInferRuntime differs from one already provided for an existing builder, runtime, or refitter. Uses of the global logger, returned by nvinfer1::getLogger(), will return the existing value.
[09/09/2026-13:56:23] [TRT] [I] Loaded engine size: 23 MiB
[09/09/2026-13:56:23] [TRT] [I] [MemUsageChange] TensorRT-managed allocation in IExecutionContext creation: CPU +1, GPU +7, now: CPU 1, GPU 38 (MiB)
13:56:23  INFO     [RAMS] YOLOv8-small ready — TensorRT yolov8s.engine (imgsz=416).
WARNING ⚠️ Unable to automatically guess model task, assuming 'task=detect'. Explicitly define task for your model, i.e. 'task=detect', 'segment', 'classify', 'pose', 'obb' or 'semantic'.
Loading yolov8m.engine for TensorRT inference...
[09/09/2026-13:56:23] [TRT] [I] The logger passed into createInferRuntime differs from one already provided for an existing builder, runtime, or refitter. Uses of the global logger, returned by nvinfer1::getLogger(), will return the existing value.
[09/09/2026-13:56:23] [TRT] [I] Loaded engine size: 52 MiB
[09/09/2026-13:56:23] [TRT] [I] [MemUsageChange] TensorRT-managed allocation in IExecutionContext creation: CPU +0, GPU +29, now: CPU 1, GPU 117 (MiB)
13:56:23  INFO     [RAMS] YOLOv8-medium ready — TensorRT yolov8m.engine (imgsz=640).
13:56:23  INFO     [RAMS] Controller ready. Policy: fixed
13:56:25  INFO     [RAMS] Tier switch: SMALL → MEDIUM  (R=0.419)
13:56:25  INFO       [fixed_medium / moderate] 20/200  tier=MEDIUM  latency=14.1 ms  R=0.541  target=0.50  dets=4  vru=True  backend=tensorrt
13:56:26  INFO       [fixed_medium / moderate] 40/200  tier=MEDIUM  latency=15.3 ms  R=0.625  target=0.50  dets=8  vru=False  backend=tensorrt
13:56:26  INFO       [fixed_medium / moderate] 60/200  tier=MEDIUM  latency=15.5 ms  R=0.527  target=0.50  dets=11  vru=True  backend=tensorrt
13:56:27  INFO       [fixed_medium / moderate] 80/200  tier=MEDIUM  latency=14.4 ms  R=0.537  target=0.50  dets=6  vru=False  backend=tensorrt
13:56:27  INFO       [fixed_medium / moderate] 100/200  tier=MEDIUM  latency=16.8 ms  R=0.546  target=0.50  dets=10  vru=False  backend=tensorrt
13:56:28  INFO       [fixed_medium / moderate] 120/200  tier=MEDIUM  latency=13.8 ms  R=0.533  target=0.50  dets=3  vru=False  backend=tensorrt
13:56:28  INFO       [fixed_medium / moderate] 140/200  tier=MEDIUM  latency=13.4 ms  R=0.515  target=0.50  dets=1  vru=False  backend=tensorrt
13:56:29  INFO       [fixed_medium / moderate] 160/200  tier=MEDIUM  latency=14.0 ms  R=0.544  target=0.50  dets=4  vru=False  backend=tensorrt
13:56:29  INFO       [fixed_medium / moderate] 180/200  tier=MEDIUM  latency=14.5 ms  R=0.465  target=0.50  dets=5  vru=False  backend=tensorrt
13:56:30  INFO       [fixed_medium / moderate] 200/200  tier=MEDIUM  latency=16.4 ms  R=0.475  target=0.50  dets=16  vru=False  backend=tensorrt
13:56:30  INFO     [RAMS] Controller stopped.
13:56:30  INFO     
--- Block 8/10  Policy: predictive  Load: moderate (50%) ---
13:56:30  INFO     [RAMS] Starting resource monitor ...
13:56:30  INFO     [RAMS] Loading model tiers ...
WARNING ⚠️ Unable to automatically guess model task, assuming 'task=detect'. Explicitly define task for your model, i.e. 'task=detect', 'segment', 'classify', 'pose', 'obb' or 'semantic'.
Loading yolov8n.engine for TensorRT inference...
[09/09/2026-13:56:30] [TRT] [I] Loaded engine size: 7 MiB
[09/09/2026-13:56:30] [TRT] [I] [MemUsageChange] TensorRT-managed allocation in IExecutionContext creation: CPU +0, GPU +3, now: CPU 0, GPU 9 (MiB)
13:56:30  INFO     [RAMS] YOLOv8-nano ready — TensorRT yolov8n.engine (imgsz=320).
WARNING ⚠️ Unable to automatically guess model task, assuming 'task=detect'. Explicitly define task for your model, i.e. 'task=detect', 'segment', 'classify', 'pose', 'obb' or 'semantic'.
Loading yolov8s.engine for TensorRT inference...
[09/09/2026-13:56:30] [TRT] [I] The logger passed into createInferRuntime differs from one already provided for an existing builder, runtime, or refitter. Uses of the global logger, returned by nvinfer1::getLogger(), will return the existing value.
[09/09/2026-13:56:30] [TRT] [I] Loaded engine size: 23 MiB
[09/09/2026-13:56:30] [TRT] [I] [MemUsageChange] TensorRT-managed allocation in IExecutionContext creation: CPU +1, GPU +7, now: CPU 1, GPU 38 (MiB)
13:56:30  INFO     [RAMS] YOLOv8-small ready — TensorRT yolov8s.engine (imgsz=416).
WARNING ⚠️ Unable to automatically guess model task, assuming 'task=detect'. Explicitly define task for your model, i.e. 'task=detect', 'segment', 'classify', 'pose', 'obb' or 'semantic'.
Loading yolov8m.engine for TensorRT inference...
[09/09/2026-13:56:30] [TRT] [I] The logger passed into createInferRuntime differs from one already provided for an existing builder, runtime, or refitter. Uses of the global logger, returned by nvinfer1::getLogger(), will return the existing value.
[09/09/2026-13:56:30] [TRT] [I] Loaded engine size: 52 MiB
[09/09/2026-13:56:30] [TRT] [I] [MemUsageChange] TensorRT-managed allocation in IExecutionContext creation: CPU +0, GPU +29, now: CPU 1, GPU 117 (MiB)
13:56:31  INFO     [RAMS] YOLOv8-medium ready — TensorRT yolov8m.engine (imgsz=640).
13:56:31  INFO     [RAMS] Controller ready. Policy: predictive
13:56:32  INFO     [RAMS] Tier switch: SMALL → NANO  (R=0.567)
13:56:32  INFO     [RAMS] Tier switch: NANO → SMALL  (R=0.481)
13:56:32  INFO       [predictive / moderate] 20/200  tier=SMALL   latency=7.4 ms  R=0.497  target=0.50  dets=1  vru=False  backend=tensorrt
13:56:32  INFO       [predictive / moderate] 40/200  tier=SMALL   latency=8.8 ms  R=0.511  target=0.50  dets=5  vru=False  backend=tensorrt
13:56:32  INFO     [RAMS] Tier switch: SMALL → NANO  (R=0.557)
13:56:33  INFO       [predictive / moderate] 60/200  tier=NANO    latency=6.9 ms  R=0.573  target=0.50  dets=2  vru=False  backend=tensorrt
13:56:33  INFO       [predictive / moderate] 80/200  tier=NANO    latency=7.3 ms  R=0.544  target=0.50  dets=5  vru=False  backend=tensorrt
13:56:33  INFO     [RAMS] Tier switch: NANO → SMALL  (R=0.534)
13:56:33  INFO     [RAMS] Tier switch: SMALL → NANO  (R=0.550)
13:56:34  INFO       [predictive / moderate] 100/200  tier=NANO    latency=7.9 ms  R=0.548  target=0.50  dets=6  vru=False  backend=tensorrt
13:56:34  INFO       [predictive / moderate] 120/200  tier=NANO    latency=4.8 ms  R=0.560  target=0.50  dets=0  vru=False  backend=tensorrt
13:56:34  INFO       [predictive / moderate] 140/200  tier=NANO    latency=6.6 ms  R=0.556  target=0.50  dets=1  vru=False  backend=tensorrt
13:56:35  INFO       [predictive / moderate] 160/200  tier=NANO    latency=7.9 ms  R=0.666  target=0.50  dets=1  vru=False  backend=tensorrt
13:56:35  INFO       [predictive / moderate] 180/200  tier=NANO    latency=7.0 ms  R=0.543  target=0.50  dets=2  vru=False  backend=tensorrt
13:56:35  INFO       [predictive / moderate] 200/200  tier=NANO    latency=8.3 ms  R=0.545  target=0.50  dets=11  vru=False  backend=tensorrt
13:56:36  INFO     [RAMS] Controller stopped.
13:56:36  INFO     
--- Block 8/10  Policy: adaptive  Load: moderate (50%) ---
13:56:36  INFO     [RAMS] Starting resource monitor ...
13:56:36  INFO     [RAMS] Loading model tiers ...
WARNING ⚠️ Unable to automatically guess model task, assuming 'task=detect'. Explicitly define task for your model, i.e. 'task=detect', 'segment', 'classify', 'pose', 'obb' or 'semantic'.
Loading yolov8n.engine for TensorRT inference...
[09/09/2026-13:56:36] [TRT] [I] Loaded engine size: 7 MiB
[09/09/2026-13:56:36] [TRT] [I] [MemUsageChange] TensorRT-managed allocation in IExecutionContext creation: CPU +0, GPU +3, now: CPU 0, GPU 9 (MiB)
13:56:36  INFO     [RAMS] YOLOv8-nano ready — TensorRT yolov8n.engine (imgsz=320).
WARNING ⚠️ Unable to automatically guess model task, assuming 'task=detect'. Explicitly define task for your model, i.e. 'task=detect', 'segment', 'classify', 'pose', 'obb' or 'semantic'.
Loading yolov8s.engine for TensorRT inference...
[09/09/2026-13:56:36] [TRT] [I] The logger passed into createInferRuntime differs from one already provided for an existing builder, runtime, or refitter. Uses of the global logger, returned by nvinfer1::getLogger(), will return the existing value.
[09/09/2026-13:56:36] [TRT] [I] Loaded engine size: 23 MiB
[09/09/2026-13:56:36] [TRT] [I] [MemUsageChange] TensorRT-managed allocation in IExecutionContext creation: CPU +1, GPU +7, now: CPU 1, GPU 38 (MiB)
13:56:36  INFO     [RAMS] YOLOv8-small ready — TensorRT yolov8s.engine (imgsz=416).
WARNING ⚠️ Unable to automatically guess model task, assuming 'task=detect'. Explicitly define task for your model, i.e. 'task=detect', 'segment', 'classify', 'pose', 'obb' or 'semantic'.
Loading yolov8m.engine for TensorRT inference...
[09/09/2026-13:56:36] [TRT] [I] The logger passed into createInferRuntime differs from one already provided for an existing builder, runtime, or refitter. Uses of the global logger, returned by nvinfer1::getLogger(), will return the existing value.
[09/09/2026-13:56:36] [TRT] [I] Loaded engine size: 52 MiB
[09/09/2026-13:56:36] [TRT] [I] [MemUsageChange] TensorRT-managed allocation in IExecutionContext creation: CPU +0, GPU +29, now: CPU 1, GPU 117 (MiB)
13:56:36  INFO     [RAMS] YOLOv8-medium ready — TensorRT yolov8m.engine (imgsz=640).
13:56:36  INFO     [RAMS] Controller ready. Policy: adaptive
13:56:37  INFO     [RAMS] Tier switch: SMALL → NANO  (R=0.573)
13:56:37  INFO       [adaptive / moderate] 20/200  tier=NANO    latency=5.0 ms  R=0.533  target=0.50  dets=0  vru=False  backend=tensorrt
13:56:38  INFO       [adaptive / moderate] 40/200  tier=NANO    latency=6.7 ms  R=0.555  target=0.50  dets=3  vru=False  backend=tensorrt
13:56:38  INFO       [adaptive / moderate] 60/200  tier=NANO    latency=6.3 ms  R=0.548  target=0.50  dets=2  vru=False  backend=tensorrt
13:56:38  INFO     [RAMS] Tier switch: NANO → SMALL  (R=0.516)
13:56:38  INFO     [RAMS] Tier switch: SMALL → NANO  (R=0.574)
13:56:39  INFO       [adaptive / moderate] 80/200  tier=NANO    latency=7.2 ms  R=0.565  target=0.50  dets=5  vru=False  backend=tensorrt
13:56:39  INFO     [RAMS] Tier switch: NANO → SMALL  (R=0.499)
13:56:39  INFO       [adaptive / moderate] 100/200  tier=SMALL   latency=8.9 ms  R=0.501  target=0.50  dets=9  vru=False  backend=tensorrt
13:56:39  INFO       [adaptive / moderate] 120/200  tier=SMALL   latency=5.7 ms  R=0.480  target=0.50  dets=0  vru=False  backend=tensorrt
13:56:40  INFO       [adaptive / moderate] 140/200  tier=SMALL   latency=7.3 ms  R=0.499  target=0.50  dets=1  vru=False  backend=tensorrt
13:56:40  INFO       [adaptive / moderate] 160/200  tier=SMALL   latency=7.3 ms  R=0.501  target=0.50  dets=1  vru=False  backend=tensorrt
13:56:41  INFO       [adaptive / moderate] 180/200  tier=SMALL   latency=7.8 ms  R=0.566  target=0.50  dets=3  vru=False  backend=tensorrt
13:56:41  INFO       [adaptive / moderate] 200/200  tier=SMALL   latency=9.6 ms  R=0.501  target=0.50  dets=12  vru=False  backend=tensorrt
13:56:41  INFO     [RAMS] Controller stopped.
13:56:41  INFO     
--- Block 9/10  Policy: fixed_medium  Load: moderate (50%) ---
13:56:41  INFO     [RAMS] Starting resource monitor ...
13:56:41  INFO     [RAMS] Loading model tiers ...
WARNING ⚠️ Unable to automatically guess model task, assuming 'task=detect'. Explicitly define task for your model, i.e. 'task=detect', 'segment', 'classify', 'pose', 'obb' or 'semantic'.
Loading yolov8n.engine for TensorRT inference...
[09/09/2026-13:56:41] [TRT] [I] Loaded engine size: 7 MiB
[09/09/2026-13:56:41] [TRT] [I] [MemUsageChange] TensorRT-managed allocation in IExecutionContext creation: CPU +0, GPU +3, now: CPU 0, GPU 9 (MiB)
13:56:41  INFO     [RAMS] YOLOv8-nano ready — TensorRT yolov8n.engine (imgsz=320).
WARNING ⚠️ Unable to automatically guess model task, assuming 'task=detect'. Explicitly define task for your model, i.e. 'task=detect', 'segment', 'classify', 'pose', 'obb' or 'semantic'.
Loading yolov8s.engine for TensorRT inference...
[09/09/2026-13:56:41] [TRT] [I] The logger passed into createInferRuntime differs from one already provided for an existing builder, runtime, or refitter. Uses of the global logger, returned by nvinfer1::getLogger(), will return the existing value.
[09/09/2026-13:56:41] [TRT] [I] Loaded engine size: 23 MiB
[09/09/2026-13:56:41] [TRT] [I] [MemUsageChange] TensorRT-managed allocation in IExecutionContext creation: CPU +1, GPU +7, now: CPU 1, GPU 38 (MiB)
13:56:41  INFO     [RAMS] YOLOv8-small ready — TensorRT yolov8s.engine (imgsz=416).
WARNING ⚠️ Unable to automatically guess model task, assuming 'task=detect'. Explicitly define task for your model, i.e. 'task=detect', 'segment', 'classify', 'pose', 'obb' or 'semantic'.
Loading yolov8m.engine for TensorRT inference...
[09/09/2026-13:56:41] [TRT] [I] The logger passed into createInferRuntime differs from one already provided for an existing builder, runtime, or refitter. Uses of the global logger, returned by nvinfer1::getLogger(), will return the existing value.
[09/09/2026-13:56:41] [TRT] [I] Loaded engine size: 52 MiB
[09/09/2026-13:56:41] [TRT] [I] [MemUsageChange] TensorRT-managed allocation in IExecutionContext creation: CPU +0, GPU +29, now: CPU 1, GPU 117 (MiB)
13:56:41  INFO     [RAMS] YOLOv8-medium ready — TensorRT yolov8m.engine (imgsz=640).
13:56:41  INFO     [RAMS] Controller ready. Policy: fixed
13:56:42  INFO     [RAMS] Tier switch: SMALL → MEDIUM  (R=0.421)
13:56:43  INFO       [fixed_medium / moderate] 20/200  tier=MEDIUM  latency=14.1 ms  R=0.481  target=0.50  dets=4  vru=False  backend=tensorrt
13:56:44  INFO       [fixed_medium / moderate] 40/200  tier=MEDIUM  latency=16.2 ms  R=0.616  target=0.50  dets=13  vru=False  backend=tensorrt
13:56:44  INFO       [fixed_medium / moderate] 60/200  tier=MEDIUM  latency=14.5 ms  R=0.519  target=0.50  dets=6  vru=False  backend=tensorrt
13:56:45  INFO       [fixed_medium / moderate] 80/200  tier=MEDIUM  latency=13.8 ms  R=0.497  target=0.50  dets=3  vru=False  backend=tensorrt
13:56:45  INFO       [fixed_medium / moderate] 100/200  tier=MEDIUM  latency=16.6 ms  R=0.543  target=0.50  dets=16  vru=False  backend=tensorrt
13:56:46  INFO       [fixed_medium / moderate] 120/200  tier=MEDIUM  latency=18.4 ms  R=0.539  target=0.50  dets=21  vru=False  backend=tensorrt
13:56:46  INFO       [fixed_medium / moderate] 140/200  tier=MEDIUM  latency=15.9 ms  R=0.543  target=0.50  dets=13  vru=False  backend=tensorrt
13:56:47  INFO       [fixed_medium / moderate] 160/200  tier=MEDIUM  latency=15.4 ms  R=0.512  target=0.50  dets=8  vru=False  backend=tensorrt
13:56:48  INFO       [fixed_medium / moderate] 180/200  tier=MEDIUM  latency=15.8 ms  R=0.493  target=0.50  dets=8  vru=False  backend=tensorrt
13:56:48  INFO       [fixed_medium / moderate] 200/200  tier=MEDIUM  latency=13.7 ms  R=0.489  target=0.50  dets=2  vru=False  backend=tensorrt
13:56:48  INFO     [RAMS] Controller stopped.
13:56:48  INFO     
--- Block 9/10  Policy: adaptive  Load: moderate (50%) ---
13:56:48  INFO     [RAMS] Starting resource monitor ...
13:56:48  INFO     [RAMS] Loading model tiers ...
WARNING ⚠️ Unable to automatically guess model task, assuming 'task=detect'. Explicitly define task for your model, i.e. 'task=detect', 'segment', 'classify', 'pose', 'obb' or 'semantic'.
Loading yolov8n.engine for TensorRT inference...
[09/09/2026-13:56:48] [TRT] [I] Loaded engine size: 7 MiB
[09/09/2026-13:56:48] [TRT] [I] [MemUsageChange] TensorRT-managed allocation in IExecutionContext creation: CPU +0, GPU +3, now: CPU 0, GPU 9 (MiB)
13:56:48  INFO     [RAMS] YOLOv8-nano ready — TensorRT yolov8n.engine (imgsz=320).
WARNING ⚠️ Unable to automatically guess model task, assuming 'task=detect'. Explicitly define task for your model, i.e. 'task=detect', 'segment', 'classify', 'pose', 'obb' or 'semantic'.
Loading yolov8s.engine for TensorRT inference...
[09/09/2026-13:56:48] [TRT] [I] The logger passed into createInferRuntime differs from one already provided for an existing builder, runtime, or refitter. Uses of the global logger, returned by nvinfer1::getLogger(), will return the existing value.
[09/09/2026-13:56:48] [TRT] [I] Loaded engine size: 23 MiB
[09/09/2026-13:56:48] [TRT] [I] [MemUsageChange] TensorRT-managed allocation in IExecutionContext creation: CPU +1, GPU +7, now: CPU 1, GPU 38 (MiB)
13:56:48  INFO     [RAMS] YOLOv8-small ready — TensorRT yolov8s.engine (imgsz=416).
WARNING ⚠️ Unable to automatically guess model task, assuming 'task=detect'. Explicitly define task for your model, i.e. 'task=detect', 'segment', 'classify', 'pose', 'obb' or 'semantic'.
Loading yolov8m.engine for TensorRT inference...
[09/09/2026-13:56:48] [TRT] [I] The logger passed into createInferRuntime differs from one already provided for an existing builder, runtime, or refitter. Uses of the global logger, returned by nvinfer1::getLogger(), will return the existing value.
[09/09/2026-13:56:49] [TRT] [I] Loaded engine size: 52 MiB
[09/09/2026-13:56:49] [TRT] [I] [MemUsageChange] TensorRT-managed allocation in IExecutionContext creation: CPU +0, GPU +29, now: CPU 1, GPU 117 (MiB)
13:56:49  INFO     [RAMS] YOLOv8-medium ready — TensorRT yolov8m.engine (imgsz=640).
13:56:49  INFO     [RAMS] Controller ready. Policy: adaptive
13:56:50  INFO       [adaptive / moderate] 20/200  tier=SMALL   latency=8.0 ms  R=0.500  target=0.50  dets=4  vru=False  backend=tensorrt
13:56:50  INFO       [adaptive / moderate] 40/200  tier=SMALL   latency=8.6 ms  R=0.496  target=0.50  dets=7  vru=False  backend=tensorrt
13:56:51  INFO       [adaptive / moderate] 60/200  tier=SMALL   latency=7.4 ms  R=0.497  target=0.50  dets=2  vru=False  backend=tensorrt
13:56:51  INFO       [adaptive / moderate] 80/200  tier=SMALL   latency=9.0 ms  R=0.498  target=0.50  dets=2  vru=False  backend=tensorrt
13:56:52  INFO     [RAMS] Tier switch: SMALL → NANO  (R=0.579)
13:56:52  INFO       [adaptive / moderate] 100/200  tier=NANO    latency=7.1 ms  R=0.493  target=0.50  dets=6  vru=False  backend=tensorrt
13:56:52  INFO     [RAMS] Tier switch: NANO → SMALL  (R=0.493)
13:56:52  INFO       [adaptive / moderate] 120/200  tier=SMALL   latency=10.4 ms  R=0.500  target=0.50  dets=16  vru=False  backend=tensorrt
13:56:53  INFO       [adaptive / moderate] 140/200  tier=SMALL   latency=8.3 ms  R=0.497  target=0.50  dets=6  vru=False  backend=tensorrt
13:56:53  INFO       [adaptive / moderate] 160/200  tier=SMALL   latency=8.4 ms  R=0.494  target=0.50  dets=6  vru=False  backend=tensorrt
13:56:53  INFO       [adaptive / moderate] 180/200  tier=SMALL   latency=8.1 ms  R=0.489  target=0.50  dets=5  vru=False  backend=tensorrt
13:56:54  INFO     [RAMS] Tier switch: SMALL → NANO  (R=0.597)
13:56:54  INFO       [adaptive / moderate] 200/200  tier=NANO    latency=7.0 ms  R=0.549  target=0.50  dets=1  vru=False  backend=tensorrt
13:56:54  INFO     [RAMS] Controller stopped.
13:56:54  INFO     
--- Block 9/10  Policy: threshold  Load: moderate (50%) ---
13:56:54  INFO     [RAMS] Starting resource monitor ...
13:56:54  INFO     [RAMS] Loading model tiers ...
WARNING ⚠️ Unable to automatically guess model task, assuming 'task=detect'. Explicitly define task for your model, i.e. 'task=detect', 'segment', 'classify', 'pose', 'obb' or 'semantic'.
Loading yolov8n.engine for TensorRT inference...
[09/09/2026-13:56:54] [TRT] [I] Loaded engine size: 7 MiB
[09/09/2026-13:56:54] [TRT] [I] [MemUsageChange] TensorRT-managed allocation in IExecutionContext creation: CPU +0, GPU +3, now: CPU 0, GPU 9 (MiB)
13:56:54  INFO     [RAMS] YOLOv8-nano ready — TensorRT yolov8n.engine (imgsz=320).
WARNING ⚠️ Unable to automatically guess model task, assuming 'task=detect'. Explicitly define task for your model, i.e. 'task=detect', 'segment', 'classify', 'pose', 'obb' or 'semantic'.
Loading yolov8s.engine for TensorRT inference...
[09/09/2026-13:56:54] [TRT] [I] The logger passed into createInferRuntime differs from one already provided for an existing builder, runtime, or refitter. Uses of the global logger, returned by nvinfer1::getLogger(), will return the existing value.
[09/09/2026-13:56:54] [TRT] [I] Loaded engine size: 23 MiB
[09/09/2026-13:56:54] [TRT] [I] [MemUsageChange] TensorRT-managed allocation in IExecutionContext creation: CPU +1, GPU +7, now: CPU 1, GPU 38 (MiB)
13:56:54  INFO     [RAMS] YOLOv8-small ready — TensorRT yolov8s.engine (imgsz=416).
WARNING ⚠️ Unable to automatically guess model task, assuming 'task=detect'. Explicitly define task for your model, i.e. 'task=detect', 'segment', 'classify', 'pose', 'obb' or 'semantic'.
Loading yolov8m.engine for TensorRT inference...
[09/09/2026-13:56:54] [TRT] [I] The logger passed into createInferRuntime differs from one already provided for an existing builder, runtime, or refitter. Uses of the global logger, returned by nvinfer1::getLogger(), will return the existing value.
[09/09/2026-13:56:54] [TRT] [I] Loaded engine size: 52 MiB
[09/09/2026-13:56:54] [TRT] [I] [MemUsageChange] TensorRT-managed allocation in IExecutionContext creation: CPU +0, GPU +29, now: CPU 1, GPU 117 (MiB)
13:56:54  INFO     [RAMS] YOLOv8-medium ready — TensorRT yolov8m.engine (imgsz=640).
13:56:54  INFO     [RAMS] Controller ready. Policy: threshold
13:56:55  INFO     [RAMS] Tier switch: SMALL → NANO  (R=0.560)
13:56:56  INFO       [threshold / moderate] 20/200  tier=NANO    latency=7.0 ms  R=0.558  target=0.50  dets=3  vru=False  backend=tensorrt
13:56:56  INFO       [threshold / moderate] 40/200  tier=NANO    latency=6.9 ms  R=0.563  target=0.50  dets=4  vru=False  backend=tensorrt
13:56:57  INFO       [threshold / moderate] 60/200  tier=NANO    latency=5.3 ms  R=0.548  target=0.50  dets=0  vru=False  backend=tensorrt
13:56:57  INFO     [RAMS] Tier switch: NANO → SMALL  (R=0.537)
13:56:57  INFO       [threshold / moderate] 80/200  tier=SMALL   latency=7.9 ms  R=0.594  target=0.50  dets=2  vru=False  backend=tensorrt
13:56:57  INFO     [RAMS] Tier switch: SMALL → NANO  (R=0.593)
13:56:57  INFO     [RAMS] Tier switch: NANO → SMALL  (R=0.533)
13:56:57  INFO     [RAMS] Tier switch: SMALL → NANO  (R=0.577)
13:56:57  INFO       [threshold / moderate] 100/200  tier=NANO    latency=7.4 ms  R=0.555  target=0.50  dets=6  vru=False  backend=tensorrt
13:56:58  INFO       [threshold / moderate] 120/200  tier=NANO    latency=9.3 ms  R=0.637  target=0.50  dets=14  vru=False  backend=tensorrt
13:56:58  INFO       [threshold / moderate] 140/200  tier=NANO    latency=7.1 ms  R=0.560  target=0.50  dets=4  vru=False  backend=tensorrt
13:56:59  INFO       [threshold / moderate] 160/200  tier=NANO    latency=6.8 ms  R=0.557  target=0.50  dets=3  vru=False  backend=tensorrt
13:56:59  INFO       [threshold / moderate] 180/200  tier=NANO    latency=7.5 ms  R=0.538  target=0.50  dets=5  vru=False  backend=tensorrt
13:56:59  INFO     [RAMS] Tier switch: NANO → SMALL  (R=0.532)
13:56:59  INFO     [RAMS] Tier switch: SMALL → NANO  (R=0.554)
13:56:59  INFO       [threshold / moderate] 200/200  tier=NANO    latency=6.4 ms  R=0.549  target=0.50  dets=1  vru=False  backend=tensorrt
13:56:59  INFO     [RAMS] Controller stopped.
13:57:00  INFO     
--- Block 9/10  Policy: fixed_nano  Load: moderate (50%) ---
13:57:00  INFO     [RAMS] Starting resource monitor ...
13:57:00  INFO     [RAMS] Loading model tiers ...
WARNING ⚠️ Unable to automatically guess model task, assuming 'task=detect'. Explicitly define task for your model, i.e. 'task=detect', 'segment', 'classify', 'pose', 'obb' or 'semantic'.
Loading yolov8n.engine for TensorRT inference...
[09/09/2026-13:57:00] [TRT] [I] Loaded engine size: 7 MiB
[09/09/2026-13:57:00] [TRT] [I] [MemUsageChange] TensorRT-managed allocation in IExecutionContext creation: CPU +0, GPU +3, now: CPU 0, GPU 9 (MiB)
13:57:00  INFO     [RAMS] YOLOv8-nano ready — TensorRT yolov8n.engine (imgsz=320).
WARNING ⚠️ Unable to automatically guess model task, assuming 'task=detect'. Explicitly define task for your model, i.e. 'task=detect', 'segment', 'classify', 'pose', 'obb' or 'semantic'.
Loading yolov8s.engine for TensorRT inference...
[09/09/2026-13:57:00] [TRT] [I] The logger passed into createInferRuntime differs from one already provided for an existing builder, runtime, or refitter. Uses of the global logger, returned by nvinfer1::getLogger(), will return the existing value.
[09/09/2026-13:57:00] [TRT] [I] Loaded engine size: 23 MiB
[09/09/2026-13:57:00] [TRT] [I] [MemUsageChange] TensorRT-managed allocation in IExecutionContext creation: CPU +1, GPU +7, now: CPU 1, GPU 38 (MiB)
13:57:00  INFO     [RAMS] YOLOv8-small ready — TensorRT yolov8s.engine (imgsz=416).
WARNING ⚠️ Unable to automatically guess model task, assuming 'task=detect'. Explicitly define task for your model, i.e. 'task=detect', 'segment', 'classify', 'pose', 'obb' or 'semantic'.
Loading yolov8m.engine for TensorRT inference...
[09/09/2026-13:57:00] [TRT] [I] The logger passed into createInferRuntime differs from one already provided for an existing builder, runtime, or refitter. Uses of the global logger, returned by nvinfer1::getLogger(), will return the existing value.
[09/09/2026-13:57:00] [TRT] [I] Loaded engine size: 52 MiB
[09/09/2026-13:57:00] [TRT] [I] [MemUsageChange] TensorRT-managed allocation in IExecutionContext creation: CPU +0, GPU +29, now: CPU 1, GPU 117 (MiB)
13:57:00  INFO     [RAMS] YOLOv8-medium ready — TensorRT yolov8m.engine (imgsz=640).
13:57:00  INFO     [RAMS] Controller ready. Policy: fixed
13:57:01  INFO     [RAMS] Tier switch: SMALL → NANO  (R=0.425)
13:57:01  INFO       [fixed_nano / moderate] 20/200  tier=NANO    latency=6.5 ms  R=0.491  target=0.50  dets=3  vru=False  backend=tensorrt
13:57:02  INFO       [fixed_nano / moderate] 40/200  tier=NANO    latency=8.0 ms  R=0.496  target=0.50  dets=4  vru=False  backend=tensorrt
13:57:02  INFO       [fixed_nano / moderate] 60/200  tier=NANO    latency=4.7 ms  R=0.491  target=0.50  dets=0  vru=False  backend=tensorrt
13:57:02  INFO       [fixed_nano / moderate] 80/200  tier=NANO    latency=6.3 ms  R=0.487  target=0.50  dets=3  vru=False  backend=tensorrt
13:57:03  INFO       [fixed_nano / moderate] 100/200  tier=NANO    latency=7.1 ms  R=0.499  target=0.50  dets=6  vru=False  backend=tensorrt
13:57:03  INFO       [fixed_nano / moderate] 120/200  tier=NANO    latency=8.6 ms  R=0.495  target=0.50  dets=14  vru=False  backend=tensorrt
13:57:03  INFO       [fixed_nano / moderate] 140/200  tier=NANO    latency=6.5 ms  R=0.493  target=0.50  dets=4  vru=False  backend=tensorrt
13:57:04  INFO       [fixed_nano / moderate] 160/200  tier=NANO    latency=6.3 ms  R=0.493  target=0.50  dets=3  vru=False  backend=tensorrt
13:57:04  INFO       [fixed_nano / moderate] 180/200  tier=NANO    latency=6.8 ms  R=0.487  target=0.50  dets=5  vru=False  backend=tensorrt
13:57:05  INFO       [fixed_nano / moderate] 200/200  tier=NANO    latency=6.8 ms  R=0.485  target=0.50  dets=1  vru=False  backend=tensorrt
13:57:05  INFO     [RAMS] Controller stopped.
13:57:05  INFO     
--- Block 9/10  Policy: safety  Load: moderate (50%) ---
13:57:05  INFO     [RAMS] Starting resource monitor ...
13:57:05  INFO     [RAMS] Loading model tiers ...
WARNING ⚠️ Unable to automatically guess model task, assuming 'task=detect'. Explicitly define task for your model, i.e. 'task=detect', 'segment', 'classify', 'pose', 'obb' or 'semantic'.
Loading yolov8n.engine for TensorRT inference...
[09/09/2026-13:57:05] [TRT] [I] Loaded engine size: 7 MiB
[09/09/2026-13:57:05] [TRT] [I] [MemUsageChange] TensorRT-managed allocation in IExecutionContext creation: CPU +0, GPU +3, now: CPU 0, GPU 9 (MiB)
13:57:05  INFO     [RAMS] YOLOv8-nano ready — TensorRT yolov8n.engine (imgsz=320).
WARNING ⚠️ Unable to automatically guess model task, assuming 'task=detect'. Explicitly define task for your model, i.e. 'task=detect', 'segment', 'classify', 'pose', 'obb' or 'semantic'.
Loading yolov8s.engine for TensorRT inference...
[09/09/2026-13:57:05] [TRT] [I] The logger passed into createInferRuntime differs from one already provided for an existing builder, runtime, or refitter. Uses of the global logger, returned by nvinfer1::getLogger(), will return the existing value.
[09/09/2026-13:57:05] [TRT] [I] Loaded engine size: 23 MiB
[09/09/2026-13:57:05] [TRT] [I] [MemUsageChange] TensorRT-managed allocation in IExecutionContext creation: CPU +1, GPU +7, now: CPU 1, GPU 38 (MiB)
13:57:05  INFO     [RAMS] YOLOv8-small ready — TensorRT yolov8s.engine (imgsz=416).
WARNING ⚠️ Unable to automatically guess model task, assuming 'task=detect'. Explicitly define task for your model, i.e. 'task=detect', 'segment', 'classify', 'pose', 'obb' or 'semantic'.
Loading yolov8m.engine for TensorRT inference...
[09/09/2026-13:57:05] [TRT] [I] The logger passed into createInferRuntime differs from one already provided for an existing builder, runtime, or refitter. Uses of the global logger, returned by nvinfer1::getLogger(), will return the existing value.
[09/09/2026-13:57:05] [TRT] [I] Loaded engine size: 52 MiB
[09/09/2026-13:57:05] [TRT] [I] [MemUsageChange] TensorRT-managed allocation in IExecutionContext creation: CPU +0, GPU +29, now: CPU 1, GPU 117 (MiB)
13:57:05  INFO     [RAMS] YOLOv8-medium ready — TensorRT yolov8m.engine (imgsz=640).
13:57:05  INFO     [RAMS] Controller ready. Policy: safety
13:57:06  INFO       [safety / moderate] 20/200  tier=SMALL   latency=8.0 ms  R=0.490  target=0.50  dets=4  vru=False  backend=tensorrt
13:57:07  INFO       [safety / moderate] 40/200  tier=SMALL   latency=10.4 ms  R=0.503  target=0.50  dets=7  vru=False  backend=tensorrt
13:57:07  INFO       [safety / moderate] 60/200  tier=SMALL   latency=7.6 ms  R=0.478  target=0.50  dets=2  vru=False  backend=tensorrt
13:57:08  INFO       [safety / moderate] 80/200  tier=SMALL   latency=7.7 ms  R=0.569  target=0.50  dets=2  vru=False  backend=tensorrt
13:57:08  INFO       [safety / moderate] 100/200  tier=SMALL   latency=8.9 ms  R=0.494  target=0.50  dets=8  vru=False  backend=tensorrt
13:57:09  INFO       [safety / moderate] 120/200  tier=SMALL   latency=10.4 ms  R=0.509  target=0.50  dets=16  vru=False  backend=tensorrt
13:57:09  INFO       [safety / moderate] 140/200  tier=SMALL   latency=8.5 ms  R=0.503  target=0.50  dets=6  vru=False  backend=tensorrt
13:57:09  INFO       [safety / moderate] 160/200  tier=SMALL   latency=8.3 ms  R=0.488  target=0.50  dets=6  vru=False  backend=tensorrt
13:57:10  INFO       [safety / moderate] 180/200  tier=SMALL   latency=8.1 ms  R=0.497  target=0.50  dets=5  vru=False  backend=tensorrt
13:57:10  INFO       [safety / moderate] 200/200  tier=SMALL   latency=7.5 ms  R=0.498  target=0.50  dets=2  vru=False  backend=tensorrt
13:57:10  INFO     [RAMS] Controller stopped.
13:57:10  INFO     
--- Block 9/10  Policy: predictive  Load: moderate (50%) ---
13:57:10  INFO     [RAMS] Starting resource monitor ...
13:57:10  INFO     [RAMS] Loading model tiers ...
WARNING ⚠️ Unable to automatically guess model task, assuming 'task=detect'. Explicitly define task for your model, i.e. 'task=detect', 'segment', 'classify', 'pose', 'obb' or 'semantic'.
Loading yolov8n.engine for TensorRT inference...
[09/09/2026-13:57:10] [TRT] [I] Loaded engine size: 7 MiB
[09/09/2026-13:57:10] [TRT] [I] [MemUsageChange] TensorRT-managed allocation in IExecutionContext creation: CPU +0, GPU +3, now: CPU 0, GPU 9 (MiB)
13:57:10  INFO     [RAMS] YOLOv8-nano ready — TensorRT yolov8n.engine (imgsz=320).
WARNING ⚠️ Unable to automatically guess model task, assuming 'task=detect'. Explicitly define task for your model, i.e. 'task=detect', 'segment', 'classify', 'pose', 'obb' or 'semantic'.
Loading yolov8s.engine for TensorRT inference...
[09/09/2026-13:57:10] [TRT] [I] The logger passed into createInferRuntime differs from one already provided for an existing builder, runtime, or refitter. Uses of the global logger, returned by nvinfer1::getLogger(), will return the existing value.
[09/09/2026-13:57:10] [TRT] [I] Loaded engine size: 23 MiB
[09/09/2026-13:57:11] [TRT] [I] [MemUsageChange] TensorRT-managed allocation in IExecutionContext creation: CPU +1, GPU +7, now: CPU 1, GPU 38 (MiB)
13:57:11  INFO     [RAMS] YOLOv8-small ready — TensorRT yolov8s.engine (imgsz=416).
WARNING ⚠️ Unable to automatically guess model task, assuming 'task=detect'. Explicitly define task for your model, i.e. 'task=detect', 'segment', 'classify', 'pose', 'obb' or 'semantic'.
Loading yolov8m.engine for TensorRT inference...
[09/09/2026-13:57:11] [TRT] [I] The logger passed into createInferRuntime differs from one already provided for an existing builder, runtime, or refitter. Uses of the global logger, returned by nvinfer1::getLogger(), will return the existing value.
[09/09/2026-13:57:11] [TRT] [I] Loaded engine size: 52 MiB
[09/09/2026-13:57:11] [TRT] [I] [MemUsageChange] TensorRT-managed allocation in IExecutionContext creation: CPU +0, GPU +29, now: CPU 1, GPU 117 (MiB)
13:57:11  INFO     [RAMS] YOLOv8-medium ready — TensorRT yolov8m.engine (imgsz=640).
13:57:11  INFO     [RAMS] Controller ready. Policy: predictive
13:57:12  INFO       [predictive / moderate] 20/200  tier=SMALL   latency=8.0 ms  R=0.501  target=0.50  dets=4  vru=False  backend=tensorrt
13:57:12  INFO       [predictive / moderate] 40/200  tier=SMALL   latency=8.6 ms  R=0.501  target=0.50  dets=7  vru=False  backend=tensorrt
13:57:13  INFO     [RAMS] Tier switch: SMALL → NANO  (R=0.583)
13:57:13  INFO     [RAMS] Tier switch: NANO → SMALL  (R=0.482)
13:57:13  INFO       [predictive / moderate] 60/200  tier=SMALL   latency=7.6 ms  R=0.497  target=0.50  dets=2  vru=False  backend=tensorrt
13:57:13  INFO       [predictive / moderate] 80/200  tier=SMALL   latency=7.6 ms  R=0.497  target=0.50  dets=2  vru=False  backend=tensorrt
13:57:14  INFO     [RAMS] Tier switch: SMALL → NANO  (R=0.567)
13:57:14  INFO       [predictive / moderate] 100/200  tier=NANO    latency=7.2 ms  R=0.567  target=0.50  dets=6  vru=False  backend=tensorrt
13:57:14  INFO     [RAMS] Tier switch: NANO → SMALL  (R=0.494)
13:57:14  INFO       [predictive / moderate] 120/200  tier=SMALL   latency=10.4 ms  R=0.498  target=0.50  dets=16  vru=False  backend=tensorrt
13:57:15  INFO       [predictive / moderate] 140/200  tier=SMALL   latency=8.5 ms  R=0.493  target=0.50  dets=6  vru=False  backend=tensorrt
13:57:15  INFO     [RAMS] Tier switch: SMALL → NANO  (R=0.580)
13:57:15  INFO     [RAMS] Tier switch: NANO → SMALL  (R=0.487)
13:57:15  INFO       [predictive / moderate] 160/200  tier=SMALL   latency=8.7 ms  R=0.485  target=0.50  dets=6  vru=False  backend=tensorrt
13:57:15  INFO     [RAMS] Tier switch: SMALL → NANO  (R=0.563)
13:57:15  INFO       [predictive / moderate] 180/200  tier=NANO    latency=7.2 ms  R=0.563  target=0.50  dets=5  vru=False  backend=tensorrt
13:57:16  INFO       [predictive / moderate] 200/200  tier=NANO    latency=6.4 ms  R=0.537  target=0.50  dets=1  vru=False  backend=tensorrt
13:57:16  INFO     [RAMS] Controller stopped.
13:57:16  INFO     
--- Block 9/10  Policy: fixed_small  Load: moderate (50%) ---
13:57:16  INFO     [RAMS] Starting resource monitor ...
13:57:16  INFO     [RAMS] Loading model tiers ...
WARNING ⚠️ Unable to automatically guess model task, assuming 'task=detect'. Explicitly define task for your model, i.e. 'task=detect', 'segment', 'classify', 'pose', 'obb' or 'semantic'.
Loading yolov8n.engine for TensorRT inference...
[09/09/2026-13:57:16] [TRT] [I] Loaded engine size: 7 MiB
[09/09/2026-13:57:16] [TRT] [I] [MemUsageChange] TensorRT-managed allocation in IExecutionContext creation: CPU +0, GPU +3, now: CPU 0, GPU 9 (MiB)
13:57:16  INFO     [RAMS] YOLOv8-nano ready — TensorRT yolov8n.engine (imgsz=320).
WARNING ⚠️ Unable to automatically guess model task, assuming 'task=detect'. Explicitly define task for your model, i.e. 'task=detect', 'segment', 'classify', 'pose', 'obb' or 'semantic'.
Loading yolov8s.engine for TensorRT inference...
[09/09/2026-13:57:16] [TRT] [I] The logger passed into createInferRuntime differs from one already provided for an existing builder, runtime, or refitter. Uses of the global logger, returned by nvinfer1::getLogger(), will return the existing value.
[09/09/2026-13:57:16] [TRT] [I] Loaded engine size: 23 MiB
[09/09/2026-13:57:16] [TRT] [I] [MemUsageChange] TensorRT-managed allocation in IExecutionContext creation: CPU +1, GPU +7, now: CPU 1, GPU 38 (MiB)
13:57:16  INFO     [RAMS] YOLOv8-small ready — TensorRT yolov8s.engine (imgsz=416).
WARNING ⚠️ Unable to automatically guess model task, assuming 'task=detect'. Explicitly define task for your model, i.e. 'task=detect', 'segment', 'classify', 'pose', 'obb' or 'semantic'.
Loading yolov8m.engine for TensorRT inference...
[09/09/2026-13:57:16] [TRT] [I] The logger passed into createInferRuntime differs from one already provided for an existing builder, runtime, or refitter. Uses of the global logger, returned by nvinfer1::getLogger(), will return the existing value.
[09/09/2026-13:57:16] [TRT] [I] Loaded engine size: 52 MiB
[09/09/2026-13:57:16] [TRT] [I] [MemUsageChange] TensorRT-managed allocation in IExecutionContext creation: CPU +0, GPU +29, now: CPU 1, GPU 117 (MiB)
13:57:16  INFO     [RAMS] YOLOv8-medium ready — TensorRT yolov8m.engine (imgsz=640).
13:57:16  INFO     [RAMS] Controller ready. Policy: fixed
13:57:18  INFO       [fixed_small / moderate] 20/200  tier=SMALL   latency=8.7 ms  R=0.593  target=0.50  dets=4  vru=False  backend=tensorrt
13:57:18  INFO       [fixed_small / moderate] 40/200  tier=SMALL   latency=9.3 ms  R=0.565  target=0.50  dets=7  vru=False  backend=tensorrt
13:57:19  INFO       [fixed_small / moderate] 60/200  tier=SMALL   latency=8.5 ms  R=0.593  target=0.50  dets=2  vru=False  backend=tensorrt
13:57:19  INFO       [fixed_small / moderate] 80/200  tier=SMALL   latency=8.4 ms  R=0.569  target=0.50  dets=2  vru=False  backend=tensorrt
13:57:19  INFO       [fixed_small / moderate] 100/200  tier=SMALL   latency=9.5 ms  R=0.563  target=0.50  dets=8  vru=False  backend=tensorrt
13:57:20  INFO       [fixed_small / moderate] 120/200  tier=SMALL   latency=10.9 ms  R=0.569  target=0.50  dets=16  vru=False  backend=tensorrt
13:57:20  INFO       [fixed_small / moderate] 140/200  tier=SMALL   latency=9.1 ms  R=0.559  target=0.50  dets=6  vru=False  backend=tensorrt
13:57:21  INFO       [fixed_small / moderate] 160/200  tier=SMALL   latency=9.1 ms  R=0.581  target=0.50  dets=6  vru=False  backend=tensorrt
13:57:21  INFO       [fixed_small / moderate] 180/200  tier=SMALL   latency=8.7 ms  R=0.547  target=0.50  dets=5  vru=False  backend=tensorrt
13:57:22  INFO       [fixed_small / moderate] 200/200  tier=SMALL   latency=8.0 ms  R=0.565  target=0.50  dets=2  vru=False  backend=tensorrt
13:57:22  INFO     [RAMS] Controller stopped.
13:57:22  INFO     
--- Block 9/10  Policy: safety2  Load: moderate (50%) ---
13:57:22  INFO     [RAMS] Starting resource monitor ...
13:57:22  INFO     [RAMS] Loading model tiers ...
WARNING ⚠️ Unable to automatically guess model task, assuming 'task=detect'. Explicitly define task for your model, i.e. 'task=detect', 'segment', 'classify', 'pose', 'obb' or 'semantic'.
Loading yolov8n.engine for TensorRT inference...
[09/09/2026-13:57:22] [TRT] [I] Loaded engine size: 7 MiB
[09/09/2026-13:57:22] [TRT] [I] [MemUsageChange] TensorRT-managed allocation in IExecutionContext creation: CPU +0, GPU +3, now: CPU 0, GPU 9 (MiB)
13:57:22  INFO     [RAMS] YOLOv8-nano ready — TensorRT yolov8n.engine (imgsz=320).
WARNING ⚠️ Unable to automatically guess model task, assuming 'task=detect'. Explicitly define task for your model, i.e. 'task=detect', 'segment', 'classify', 'pose', 'obb' or 'semantic'.
Loading yolov8s.engine for TensorRT inference...
[09/09/2026-13:57:22] [TRT] [I] The logger passed into createInferRuntime differs from one already provided for an existing builder, runtime, or refitter. Uses of the global logger, returned by nvinfer1::getLogger(), will return the existing value.
[09/09/2026-13:57:22] [TRT] [I] Loaded engine size: 23 MiB
[09/09/2026-13:57:22] [TRT] [I] [MemUsageChange] TensorRT-managed allocation in IExecutionContext creation: CPU +1, GPU +7, now: CPU 1, GPU 38 (MiB)
13:57:22  INFO     [RAMS] YOLOv8-small ready — TensorRT yolov8s.engine (imgsz=416).
WARNING ⚠️ Unable to automatically guess model task, assuming 'task=detect'. Explicitly define task for your model, i.e. 'task=detect', 'segment', 'classify', 'pose', 'obb' or 'semantic'.
Loading yolov8m.engine for TensorRT inference...
[09/09/2026-13:57:22] [TRT] [I] The logger passed into createInferRuntime differs from one already provided for an existing builder, runtime, or refitter. Uses of the global logger, returned by nvinfer1::getLogger(), will return the existing value.
[09/09/2026-13:57:22] [TRT] [I] Loaded engine size: 52 MiB
[09/09/2026-13:57:22] [TRT] [I] [MemUsageChange] TensorRT-managed allocation in IExecutionContext creation: CPU +0, GPU +29, now: CPU 1, GPU 117 (MiB)
13:57:22  INFO     [RAMS] YOLOv8-medium ready — TensorRT yolov8m.engine (imgsz=640).
13:57:22  INFO     [RAMS] Controller ready. Policy: safety2
13:57:23  INFO     [RAMS] Tier switch: SMALL → MEDIUM  (R=0.483)
13:57:24  INFO       [safety2 / moderate] 20/200  tier=MEDIUM  latency=16.4 ms  R=0.547  target=0.50  dets=4  vru=False  backend=tensorrt
13:57:24  INFO     [RAMS] Tier switch: MEDIUM → SMALL  (R=0.510)
13:57:24  INFO       [safety2 / moderate] 40/200  tier=SMALL   latency=8.6 ms  R=0.549  target=0.50  dets=7  vru=False  backend=tensorrt
13:57:24  INFO     [RAMS] Tier switch: SMALL → MEDIUM  (R=0.492)
13:57:24  INFO       [safety2 / moderate] 60/200  tier=MEDIUM  latency=14.5 ms  R=0.492  target=0.50  dets=6  vru=False  backend=tensorrt
13:57:25  INFO     [RAMS] Tier switch: MEDIUM → SMALL  (R=0.525)
13:57:25  INFO     [RAMS] Tier switch: SMALL → MEDIUM  (R=0.525)
13:57:25  INFO       [safety2 / moderate] 80/200  tier=MEDIUM  latency=13.9 ms  R=0.503  target=0.50  dets=3  vru=False  backend=tensorrt
13:57:26  INFO       [safety2 / moderate] 100/200  tier=MEDIUM  latency=17.7 ms  R=0.508  target=0.50  dets=16  vru=False  backend=tensorrt
13:57:26  INFO     [RAMS] Tier switch: MEDIUM → SMALL  (R=0.543)
13:57:26  INFO     [RAMS] Tier switch: SMALL → MEDIUM  (R=0.543)
13:57:26  INFO       [safety2 / moderate] 120/200  tier=MEDIUM  latency=17.6 ms  R=0.536  target=0.50  dets=21  vru=False  backend=tensorrt
13:57:26  INFO     [RAMS] Tier switch: MEDIUM → SMALL  (R=0.535)
13:57:27  INFO     [RAMS] Tier switch: SMALL → MEDIUM  (R=0.546)
13:57:27  INFO       [safety2 / moderate] 140/200  tier=MEDIUM  latency=15.9 ms  R=0.569  target=0.50  dets=13  vru=False  backend=tensorrt
13:57:27  INFO       [safety2 / moderate] 160/200  tier=MEDIUM  latency=14.9 ms  R=0.475  target=0.50  dets=8  vru=False  backend=tensorrt
13:57:28  INFO     [RAMS] Tier switch: MEDIUM → NANO  (R=0.621)
13:57:28  INFO       [safety2 / moderate] 180/200  tier=NANO    latency=7.4 ms  R=0.539  target=0.50  dets=5  vru=False  backend=tensorrt
13:57:28  INFO     [RAMS] Tier switch: NANO → SMALL  (R=0.483)
13:57:28  INFO     [RAMS] Tier switch: SMALL → MEDIUM  (R=0.483)
13:57:28  INFO       [safety2 / moderate] 200/200  tier=MEDIUM  latency=13.8 ms  R=0.541  target=0.50  dets=2  vru=False  backend=tensorrt
13:57:28  INFO     [RAMS] Controller stopped.
13:57:28  INFO     
--- Block 10/10  Policy: threshold  Load: moderate (50%) ---
13:57:28  INFO     [RAMS] Starting resource monitor ...
13:57:28  INFO     [RAMS] Loading model tiers ...
WARNING ⚠️ Unable to automatically guess model task, assuming 'task=detect'. Explicitly define task for your model, i.e. 'task=detect', 'segment', 'classify', 'pose', 'obb' or 'semantic'.
Loading yolov8n.engine for TensorRT inference...
[09/09/2026-13:57:28] [TRT] [I] Loaded engine size: 7 MiB
[09/09/2026-13:57:28] [TRT] [I] [MemUsageChange] TensorRT-managed allocation in IExecutionContext creation: CPU +0, GPU +3, now: CPU 0, GPU 9 (MiB)
13:57:28  INFO     [RAMS] YOLOv8-nano ready — TensorRT yolov8n.engine (imgsz=320).
WARNING ⚠️ Unable to automatically guess model task, assuming 'task=detect'. Explicitly define task for your model, i.e. 'task=detect', 'segment', 'classify', 'pose', 'obb' or 'semantic'.
Loading yolov8s.engine for TensorRT inference...
[09/09/2026-13:57:28] [TRT] [I] The logger passed into createInferRuntime differs from one already provided for an existing builder, runtime, or refitter. Uses of the global logger, returned by nvinfer1::getLogger(), will return the existing value.
[09/09/2026-13:57:28] [TRT] [I] Loaded engine size: 23 MiB
[09/09/2026-13:57:29] [TRT] [I] [MemUsageChange] TensorRT-managed allocation in IExecutionContext creation: CPU +1, GPU +7, now: CPU 1, GPU 38 (MiB)
13:57:29  INFO     [RAMS] YOLOv8-small ready — TensorRT yolov8s.engine (imgsz=416).
WARNING ⚠️ Unable to automatically guess model task, assuming 'task=detect'. Explicitly define task for your model, i.e. 'task=detect', 'segment', 'classify', 'pose', 'obb' or 'semantic'.
Loading yolov8m.engine for TensorRT inference...
[09/09/2026-13:57:29] [TRT] [I] The logger passed into createInferRuntime differs from one already provided for an existing builder, runtime, or refitter. Uses of the global logger, returned by nvinfer1::getLogger(), will return the existing value.
[09/09/2026-13:57:29] [TRT] [I] Loaded engine size: 52 MiB
[09/09/2026-13:57:29] [TRT] [I] [MemUsageChange] TensorRT-managed allocation in IExecutionContext creation: CPU +0, GPU +29, now: CPU 1, GPU 117 (MiB)
13:57:29  INFO     [RAMS] YOLOv8-medium ready — TensorRT yolov8m.engine (imgsz=640).
13:57:29  INFO     [RAMS] Controller ready. Policy: threshold
13:57:30  INFO       [threshold / moderate] 20/200  tier=SMALL   latency=9.4 ms  R=0.502  target=0.50  dets=10  vru=False  backend=tensorrt
13:57:30  INFO       [threshold / moderate] 40/200  tier=SMALL   latency=7.9 ms  R=0.498  target=0.50  dets=3  vru=False  backend=tensorrt
13:57:31  INFO     [RAMS] Tier switch: SMALL → NANO  (R=0.563)
13:57:31  INFO     [RAMS] Tier switch: NANO → SMALL  (R=0.491)
13:57:31  INFO       [threshold / moderate] 60/200  tier=SMALL   latency=5.9 ms  R=0.501  target=0.50  dets=0  vru=False  backend=tensorrt
13:57:31  INFO       [threshold / moderate] 80/200  tier=SMALL   latency=7.9 ms  R=0.509  target=0.50  dets=4  vru=True  backend=tensorrt
13:57:32  INFO     [RAMS] Tier switch: SMALL → NANO  (R=0.580)
13:57:32  INFO       [threshold / moderate] 100/200  tier=NANO    latency=7.2 ms  R=0.580  target=0.50  dets=6  vru=False  backend=tensorrt
13:57:32  INFO     [RAMS] Tier switch: NANO → SMALL  (R=0.504)
13:57:32  INFO       [threshold / moderate] 120/200  tier=SMALL   latency=8.7 ms  R=0.499  target=0.50  dets=7  vru=False  backend=tensorrt
13:57:33  INFO       [threshold / moderate] 140/200  tier=SMALL   latency=9.3 ms  R=0.503  target=0.50  dets=9  vru=False  backend=tensorrt
13:57:33  INFO     [RAMS] Tier switch: SMALL → NANO  (R=0.583)
13:57:33  INFO     [RAMS] Tier switch: NANO → SMALL  (R=0.497)
13:57:33  INFO       [threshold / moderate] 160/200  tier=SMALL   latency=10.2 ms  R=0.486  target=0.50  dets=14  vru=False  backend=tensorrt
13:57:33  INFO       [threshold / moderate] 180/200  tier=SMALL   latency=10.2 ms  R=0.503  target=0.50  dets=15  vru=True  backend=tensorrt
13:57:34  INFO     [RAMS] Tier switch: SMALL → NANO  (R=0.595)
13:57:34  INFO       [threshold / moderate] 200/200  tier=NANO    latency=4.6 ms  R=0.595  target=0.50  dets=0  vru=False  backend=tensorrt
13:57:34  INFO     [RAMS] Controller stopped.
13:57:34  INFO     
--- Block 10/10  Policy: adaptive  Load: moderate (50%) ---
13:57:34  INFO     [RAMS] Starting resource monitor ...
13:57:34  INFO     [RAMS] Loading model tiers ...
WARNING ⚠️ Unable to automatically guess model task, assuming 'task=detect'. Explicitly define task for your model, i.e. 'task=detect', 'segment', 'classify', 'pose', 'obb' or 'semantic'.
Loading yolov8n.engine for TensorRT inference...
[09/09/2026-13:57:34] [TRT] [I] Loaded engine size: 7 MiB
[09/09/2026-13:57:34] [TRT] [I] [MemUsageChange] TensorRT-managed allocation in IExecutionContext creation: CPU +0, GPU +3, now: CPU 0, GPU 9 (MiB)
13:57:34  INFO     [RAMS] YOLOv8-nano ready — TensorRT yolov8n.engine (imgsz=320).
WARNING ⚠️ Unable to automatically guess model task, assuming 'task=detect'. Explicitly define task for your model, i.e. 'task=detect', 'segment', 'classify', 'pose', 'obb' or 'semantic'.
Loading yolov8s.engine for TensorRT inference...
[09/09/2026-13:57:34] [TRT] [I] The logger passed into createInferRuntime differs from one already provided for an existing builder, runtime, or refitter. Uses of the global logger, returned by nvinfer1::getLogger(), will return the existing value.
[09/09/2026-13:57:34] [TRT] [I] Loaded engine size: 23 MiB
[09/09/2026-13:57:34] [TRT] [I] [MemUsageChange] TensorRT-managed allocation in IExecutionContext creation: CPU +1, GPU +7, now: CPU 1, GPU 38 (MiB)
13:57:34  INFO     [RAMS] YOLOv8-small ready — TensorRT yolov8s.engine (imgsz=416).
WARNING ⚠️ Unable to automatically guess model task, assuming 'task=detect'. Explicitly define task for your model, i.e. 'task=detect', 'segment', 'classify', 'pose', 'obb' or 'semantic'.
Loading yolov8m.engine for TensorRT inference...
[09/09/2026-13:57:34] [TRT] [I] The logger passed into createInferRuntime differs from one already provided for an existing builder, runtime, or refitter. Uses of the global logger, returned by nvinfer1::getLogger(), will return the existing value.
[09/09/2026-13:57:34] [TRT] [I] Loaded engine size: 52 MiB
[09/09/2026-13:57:34] [TRT] [I] [MemUsageChange] TensorRT-managed allocation in IExecutionContext creation: CPU +0, GPU +29, now: CPU 1, GPU 117 (MiB)
13:57:34  INFO     [RAMS] YOLOv8-medium ready — TensorRT yolov8m.engine (imgsz=640).
13:57:34  INFO     [RAMS] Controller ready. Policy: adaptive
13:57:36  INFO       [adaptive / moderate] 20/200  tier=SMALL   latency=9.7 ms  R=0.501  target=0.50  dets=10  vru=False  backend=tensorrt
13:57:36  INFO       [adaptive / moderate] 40/200  tier=SMALL   latency=7.8 ms  R=0.487  target=0.50  dets=3  vru=False  backend=tensorrt
13:57:36  INFO       [adaptive / moderate] 60/200  tier=SMALL   latency=6.1 ms  R=0.538  target=0.50  dets=0  vru=False  backend=tensorrt
13:57:37  INFO     [RAMS] Tier switch: SMALL → NANO  (R=0.566)
13:57:37  INFO       [adaptive / moderate] 80/200  tier=NANO    latency=7.9 ms  R=0.605  target=0.50  dets=2  vru=False  backend=tensorrt
13:57:37  INFO       [adaptive / moderate] 100/200  tier=NANO    latency=7.4 ms  R=0.548  target=0.50  dets=6  vru=False  backend=tensorrt
13:57:38  INFO       [adaptive / moderate] 120/200  tier=NANO    latency=7.8 ms  R=0.556  target=0.50  dets=5  vru=False  backend=tensorrt
13:57:38  INFO       [adaptive / moderate] 140/200  tier=NANO    latency=6.2 ms  R=0.548  target=0.50  dets=1  vru=False  backend=tensorrt
13:57:38  INFO       [adaptive / moderate] 160/200  tier=NANO    latency=8.7 ms  R=0.636  target=0.50  dets=9  vru=False  backend=tensorrt
13:57:39  INFO       [adaptive / moderate] 180/200  tier=NANO    latency=8.1 ms  R=0.616  target=0.50  dets=8  vru=False  backend=tensorrt
13:57:39  INFO       [adaptive / moderate] 200/200  tier=NANO    latency=4.9 ms  R=0.531  target=0.50  dets=0  vru=False  backend=tensorrt
13:57:39  INFO     [RAMS] Controller stopped.
13:57:39  INFO     
--- Block 10/10  Policy: fixed_small  Load: moderate (50%) ---
13:57:39  INFO     [RAMS] Starting resource monitor ...
13:57:39  INFO     [RAMS] Loading model tiers ...
WARNING ⚠️ Unable to automatically guess model task, assuming 'task=detect'. Explicitly define task for your model, i.e. 'task=detect', 'segment', 'classify', 'pose', 'obb' or 'semantic'.
Loading yolov8n.engine for TensorRT inference...
[09/09/2026-13:57:39] [TRT] [I] Loaded engine size: 7 MiB
[09/09/2026-13:57:39] [TRT] [I] [MemUsageChange] TensorRT-managed allocation in IExecutionContext creation: CPU +0, GPU +3, now: CPU 0, GPU 9 (MiB)
13:57:39  INFO     [RAMS] YOLOv8-nano ready — TensorRT yolov8n.engine (imgsz=320).
WARNING ⚠️ Unable to automatically guess model task, assuming 'task=detect'. Explicitly define task for your model, i.e. 'task=detect', 'segment', 'classify', 'pose', 'obb' or 'semantic'.
Loading yolov8s.engine for TensorRT inference...
[09/09/2026-13:57:39] [TRT] [I] The logger passed into createInferRuntime differs from one already provided for an existing builder, runtime, or refitter. Uses of the global logger, returned by nvinfer1::getLogger(), will return the existing value.
[09/09/2026-13:57:40] [TRT] [I] Loaded engine size: 23 MiB
[09/09/2026-13:57:40] [TRT] [I] [MemUsageChange] TensorRT-managed allocation in IExecutionContext creation: CPU +1, GPU +7, now: CPU 1, GPU 38 (MiB)
13:57:40  INFO     [RAMS] YOLOv8-small ready — TensorRT yolov8s.engine (imgsz=416).
WARNING ⚠️ Unable to automatically guess model task, assuming 'task=detect'. Explicitly define task for your model, i.e. 'task=detect', 'segment', 'classify', 'pose', 'obb' or 'semantic'.
Loading yolov8m.engine for TensorRT inference...
[09/09/2026-13:57:40] [TRT] [I] The logger passed into createInferRuntime differs from one already provided for an existing builder, runtime, or refitter. Uses of the global logger, returned by nvinfer1::getLogger(), will return the existing value.
[09/09/2026-13:57:40] [TRT] [I] Loaded engine size: 52 MiB
[09/09/2026-13:57:40] [TRT] [I] [MemUsageChange] TensorRT-managed allocation in IExecutionContext creation: CPU +0, GPU +29, now: CPU 1, GPU 117 (MiB)
13:57:40  INFO     [RAMS] YOLOv8-medium ready — TensorRT yolov8m.engine (imgsz=640).
13:57:40  INFO     [RAMS] Controller ready. Policy: fixed
13:57:41  INFO       [fixed_small / moderate] 20/200  tier=SMALL   latency=9.5 ms  R=0.555  target=0.50  dets=10  vru=False  backend=tensorrt
13:57:42  INFO       [fixed_small / moderate] 40/200  tier=SMALL   latency=8.7 ms  R=0.559  target=0.50  dets=3  vru=False  backend=tensorrt
13:57:42  INFO       [fixed_small / moderate] 60/200  tier=SMALL   latency=6.0 ms  R=0.556  target=0.50  dets=0  vru=False  backend=tensorrt
13:57:42  INFO       [fixed_small / moderate] 80/200  tier=SMALL   latency=8.3 ms  R=0.550  target=0.50  dets=4  vru=True  backend=tensorrt
13:57:43  INFO       [fixed_small / moderate] 100/200  tier=SMALL   latency=8.7 ms  R=0.496  target=0.50  dets=7  vru=False  backend=tensorrt
13:57:43  INFO       [fixed_small / moderate] 120/200  tier=SMALL   latency=8.6 ms  R=0.500  target=0.50  dets=7  vru=False  backend=tensorrt
13:57:44  INFO       [fixed_small / moderate] 140/200  tier=SMALL   latency=10.0 ms  R=0.487  target=0.50  dets=9  vru=False  backend=tensorrt
13:57:44  INFO       [fixed_small / moderate] 160/200  tier=SMALL   latency=10.0 ms  R=0.500  target=0.50  dets=14  vru=False  backend=tensorrt
13:57:44  INFO       [fixed_small / moderate] 180/200  tier=SMALL   latency=10.1 ms  R=0.498  target=0.50  dets=15  vru=True  backend=tensorrt
13:57:45  INFO       [fixed_small / moderate] 200/200  tier=SMALL   latency=7.6 ms  R=0.501  target=0.50  dets=2  vru=False  backend=tensorrt
13:57:45  INFO     [RAMS] Controller stopped.
13:57:45  INFO     
--- Block 10/10  Policy: fixed_medium  Load: moderate (50%) ---
13:57:45  INFO     [RAMS] Starting resource monitor ...
13:57:45  INFO     [RAMS] Loading model tiers ...
WARNING ⚠️ Unable to automatically guess model task, assuming 'task=detect'. Explicitly define task for your model, i.e. 'task=detect', 'segment', 'classify', 'pose', 'obb' or 'semantic'.
Loading yolov8n.engine for TensorRT inference...
[09/09/2026-13:57:45] [TRT] [I] Loaded engine size: 7 MiB
[09/09/2026-13:57:45] [TRT] [I] [MemUsageChange] TensorRT-managed allocation in IExecutionContext creation: CPU +0, GPU +3, now: CPU 0, GPU 9 (MiB)
13:57:45  INFO     [RAMS] YOLOv8-nano ready — TensorRT yolov8n.engine (imgsz=320).
WARNING ⚠️ Unable to automatically guess model task, assuming 'task=detect'. Explicitly define task for your model, i.e. 'task=detect', 'segment', 'classify', 'pose', 'obb' or 'semantic'.
Loading yolov8s.engine for TensorRT inference...
[09/09/2026-13:57:45] [TRT] [I] The logger passed into createInferRuntime differs from one already provided for an existing builder, runtime, or refitter. Uses of the global logger, returned by nvinfer1::getLogger(), will return the existing value.
[09/09/2026-13:57:45] [TRT] [I] Loaded engine size: 23 MiB
[09/09/2026-13:57:45] [TRT] [I] [MemUsageChange] TensorRT-managed allocation in IExecutionContext creation: CPU +1, GPU +7, now: CPU 1, GPU 38 (MiB)
13:57:45  INFO     [RAMS] YOLOv8-small ready — TensorRT yolov8s.engine (imgsz=416).
WARNING ⚠️ Unable to automatically guess model task, assuming 'task=detect'. Explicitly define task for your model, i.e. 'task=detect', 'segment', 'classify', 'pose', 'obb' or 'semantic'.
Loading yolov8m.engine for TensorRT inference...
[09/09/2026-13:57:45] [TRT] [I] The logger passed into createInferRuntime differs from one already provided for an existing builder, runtime, or refitter. Uses of the global logger, returned by nvinfer1::getLogger(), will return the existing value.
[09/09/2026-13:57:45] [TRT] [I] Loaded engine size: 52 MiB
[09/09/2026-13:57:45] [TRT] [I] [MemUsageChange] TensorRT-managed allocation in IExecutionContext creation: CPU +0, GPU +29, now: CPU 1, GPU 117 (MiB)
13:57:45  INFO     [RAMS] YOLOv8-medium ready — TensorRT yolov8m.engine (imgsz=640).
13:57:45  INFO     [RAMS] Controller ready. Policy: fixed
13:57:46  INFO     [RAMS] Tier switch: SMALL → MEDIUM  (R=0.413)
13:57:47  INFO       [fixed_medium / moderate] 20/200  tier=MEDIUM  latency=15.3 ms  R=0.505  target=0.50  dets=10  vru=False  backend=tensorrt
13:57:47  INFO       [fixed_medium / moderate] 40/200  tier=MEDIUM  latency=14.9 ms  R=0.470  target=0.50  dets=8  vru=False  backend=tensorrt
13:57:48  INFO       [fixed_medium / moderate] 60/200  tier=MEDIUM  latency=14.5 ms  R=0.542  target=0.50  dets=6  vru=False  backend=tensorrt
13:57:49  INFO       [fixed_medium / moderate] 80/200  tier=MEDIUM  latency=15.1 ms  R=0.523  target=0.50  dets=4  vru=False  backend=tensorrt
13:57:49  INFO       [fixed_medium / moderate] 100/200  tier=MEDIUM  latency=14.2 ms  R=0.462  target=0.50  dets=5  vru=False  backend=tensorrt
13:57:50  INFO       [fixed_medium / moderate] 120/200  tier=MEDIUM  latency=14.9 ms  R=0.586  target=0.50  dets=8  vru=False  backend=tensorrt
13:57:50  INFO       [fixed_medium / moderate] 140/200  tier=MEDIUM  latency=15.2 ms  R=0.475  target=0.50  dets=10  vru=True  backend=tensorrt
13:57:51  INFO       [fixed_medium / moderate] 160/200  tier=MEDIUM  latency=16.0 ms  R=0.466  target=0.50  dets=14  vru=False  backend=tensorrt
13:57:51  INFO       [fixed_medium / moderate] 180/200  tier=MEDIUM  latency=16.8 ms  R=0.546  target=0.50  dets=18  vru=True  backend=tensorrt
13:57:52  INFO       [fixed_medium / moderate] 200/200  tier=MEDIUM  latency=13.5 ms  R=0.484  target=0.50  dets=2  vru=False  backend=tensorrt
13:57:52  INFO     [RAMS] Controller stopped.
13:57:52  INFO     
--- Block 10/10  Policy: fixed_nano  Load: moderate (50%) ---
13:57:52  INFO     [RAMS] Starting resource monitor ...
13:57:52  INFO     [RAMS] Loading model tiers ...
WARNING ⚠️ Unable to automatically guess model task, assuming 'task=detect'. Explicitly define task for your model, i.e. 'task=detect', 'segment', 'classify', 'pose', 'obb' or 'semantic'.
Loading yolov8n.engine for TensorRT inference...
[09/09/2026-13:57:52] [TRT] [I] Loaded engine size: 7 MiB
[09/09/2026-13:57:52] [TRT] [I] [MemUsageChange] TensorRT-managed allocation in IExecutionContext creation: CPU +0, GPU +3, now: CPU 0, GPU 9 (MiB)
13:57:52  INFO     [RAMS] YOLOv8-nano ready — TensorRT yolov8n.engine (imgsz=320).
WARNING ⚠️ Unable to automatically guess model task, assuming 'task=detect'. Explicitly define task for your model, i.e. 'task=detect', 'segment', 'classify', 'pose', 'obb' or 'semantic'.
Loading yolov8s.engine for TensorRT inference...
[09/09/2026-13:57:52] [TRT] [I] The logger passed into createInferRuntime differs from one already provided for an existing builder, runtime, or refitter. Uses of the global logger, returned by nvinfer1::getLogger(), will return the existing value.
[09/09/2026-13:57:52] [TRT] [I] Loaded engine size: 23 MiB
[09/09/2026-13:57:52] [TRT] [I] [MemUsageChange] TensorRT-managed allocation in IExecutionContext creation: CPU +1, GPU +7, now: CPU 1, GPU 38 (MiB)
13:57:52  INFO     [RAMS] YOLOv8-small ready — TensorRT yolov8s.engine (imgsz=416).
WARNING ⚠️ Unable to automatically guess model task, assuming 'task=detect'. Explicitly define task for your model, i.e. 'task=detect', 'segment', 'classify', 'pose', 'obb' or 'semantic'.
Loading yolov8m.engine for TensorRT inference...
[09/09/2026-13:57:52] [TRT] [I] The logger passed into createInferRuntime differs from one already provided for an existing builder, runtime, or refitter. Uses of the global logger, returned by nvinfer1::getLogger(), will return the existing value.
[09/09/2026-13:57:52] [TRT] [I] Loaded engine size: 52 MiB
[09/09/2026-13:57:52] [TRT] [I] [MemUsageChange] TensorRT-managed allocation in IExecutionContext creation: CPU +0, GPU +29, now: CPU 1, GPU 117 (MiB)
13:57:52  INFO     [RAMS] YOLOv8-medium ready — TensorRT yolov8m.engine (imgsz=640).
13:57:52  INFO     [RAMS] Controller ready. Policy: fixed
13:57:53  INFO     [RAMS] Tier switch: SMALL → NANO  (R=0.416)
13:57:54  INFO       [fixed_nano / moderate] 20/200  tier=NANO    latency=6.8 ms  R=0.492  target=0.50  dets=4  vru=False  backend=tensorrt
13:57:54  INFO       [fixed_nano / moderate] 40/200  tier=NANO    latency=7.3 ms  R=0.498  target=0.50  dets=2  vru=False  backend=tensorrt
13:57:54  INFO       [fixed_nano / moderate] 60/200  tier=NANO    latency=4.4 ms  R=0.485  target=0.50  dets=0  vru=False  backend=tensorrt
13:57:55  INFO       [fixed_nano / moderate] 80/200  tier=NANO    latency=6.2 ms  R=0.492  target=0.50  dets=2  vru=False  backend=tensorrt
13:57:55  INFO       [fixed_nano / moderate] 100/200  tier=NANO    latency=7.0 ms  R=0.487  target=0.50  dets=6  vru=False  backend=tensorrt
13:57:56  INFO       [fixed_nano / moderate] 120/200  tier=NANO    latency=6.8 ms  R=0.487  target=0.50  dets=5  vru=False  backend=tensorrt
13:57:56  INFO       [fixed_nano / moderate] 140/200  tier=NANO    latency=5.9 ms  R=0.505  target=0.50  dets=1  vru=False  backend=tensorrt
13:57:56  INFO       [fixed_nano / moderate] 160/200  tier=NANO    latency=7.6 ms  R=0.493  target=0.50  dets=9  vru=False  backend=tensorrt
13:57:57  INFO       [fixed_nano / moderate] 180/200  tier=NANO    latency=7.5 ms  R=0.569  target=0.50  dets=8  vru=False  backend=tensorrt
13:57:57  INFO       [fixed_nano / moderate] 200/200  tier=NANO    latency=4.4 ms  R=0.531  target=0.50  dets=0  vru=False  backend=tensorrt
13:57:57  INFO     [RAMS] Controller stopped.
13:57:57  INFO     
--- Block 10/10  Policy: safety2  Load: moderate (50%) ---
13:57:57  INFO     [RAMS] Starting resource monitor ...
13:57:57  INFO     [RAMS] Loading model tiers ...
WARNING ⚠️ Unable to automatically guess model task, assuming 'task=detect'. Explicitly define task for your model, i.e. 'task=detect', 'segment', 'classify', 'pose', 'obb' or 'semantic'.
Loading yolov8n.engine for TensorRT inference...
[09/09/2026-13:57:57] [TRT] [I] Loaded engine size: 7 MiB
[09/09/2026-13:57:57] [TRT] [I] [MemUsageChange] TensorRT-managed allocation in IExecutionContext creation: CPU +0, GPU +3, now: CPU 0, GPU 9 (MiB)
13:57:57  INFO     [RAMS] YOLOv8-nano ready — TensorRT yolov8n.engine (imgsz=320).
WARNING ⚠️ Unable to automatically guess model task, assuming 'task=detect'. Explicitly define task for your model, i.e. 'task=detect', 'segment', 'classify', 'pose', 'obb' or 'semantic'.
Loading yolov8s.engine for TensorRT inference...
[09/09/2026-13:57:57] [TRT] [I] The logger passed into createInferRuntime differs from one already provided for an existing builder, runtime, or refitter. Uses of the global logger, returned by nvinfer1::getLogger(), will return the existing value.
[09/09/2026-13:57:57] [TRT] [I] Loaded engine size: 23 MiB
[09/09/2026-13:57:57] [TRT] [I] [MemUsageChange] TensorRT-managed allocation in IExecutionContext creation: CPU +1, GPU +7, now: CPU 1, GPU 38 (MiB)
13:57:57  INFO     [RAMS] YOLOv8-small ready — TensorRT yolov8s.engine (imgsz=416).
WARNING ⚠️ Unable to automatically guess model task, assuming 'task=detect'. Explicitly define task for your model, i.e. 'task=detect', 'segment', 'classify', 'pose', 'obb' or 'semantic'.
Loading yolov8m.engine for TensorRT inference...
[09/09/2026-13:57:57] [TRT] [I] The logger passed into createInferRuntime differs from one already provided for an existing builder, runtime, or refitter. Uses of the global logger, returned by nvinfer1::getLogger(), will return the existing value.
[09/09/2026-13:57:57] [TRT] [I] Loaded engine size: 52 MiB
[09/09/2026-13:57:57] [TRT] [I] [MemUsageChange] TensorRT-managed allocation in IExecutionContext creation: CPU +0, GPU +29, now: CPU 1, GPU 117 (MiB)
13:57:57  INFO     [RAMS] YOLOv8-medium ready — TensorRT yolov8m.engine (imgsz=640).
13:57:57  INFO     [RAMS] Controller ready. Policy: safety2
13:57:59  INFO       [safety2 / moderate] 20/200  tier=SMALL   latency=9.7 ms  R=0.548  target=0.50  dets=10  vru=False  backend=tensorrt
13:57:59  INFO     [RAMS] Tier switch: SMALL → MEDIUM  (R=0.568)
13:57:59  INFO       [safety2 / moderate] 40/200  tier=MEDIUM  latency=16.8 ms  R=0.522  target=0.50  dets=8  vru=False  backend=tensorrt
13:57:59  INFO     [RAMS] Tier switch: MEDIUM → SMALL  (R=0.531)
13:58:00  INFO     [RAMS] Tier switch: SMALL → MEDIUM  (R=0.575)
13:58:00  INFO       [safety2 / moderate] 60/200  tier=MEDIUM  latency=14.9 ms  R=0.515  target=0.50  dets=6  vru=False  backend=tensorrt
13:58:00  INFO     [RAMS] Tier switch: MEDIUM → NANO  (R=0.633)
13:58:00  INFO     [RAMS] Tier switch: NANO → SMALL  (R=0.562)
13:58:00  INFO       [safety2 / moderate] 80/200  tier=SMALL   latency=8.3 ms  R=0.565  target=0.50  dets=4  vru=True  backend=tensorrt
13:58:01  INFO     [RAMS] Tier switch: SMALL → MEDIUM  (R=0.623)
13:58:01  INFO       [safety2 / moderate] 100/200  tier=MEDIUM  latency=14.9 ms  R=0.581  target=0.50  dets=5  vru=False  backend=tensorrt
13:58:01  INFO     [RAMS] Tier switch: MEDIUM → SMALL  (R=0.609)
13:58:01  INFO     [RAMS] Tier switch: SMALL → MEDIUM  (R=0.561)
13:58:01  INFO       [safety2 / moderate] 120/200  tier=MEDIUM  latency=16.4 ms  R=0.561  target=0.50  dets=8  vru=False  backend=tensorrt
13:58:02  INFO     [RAMS] Tier switch: MEDIUM → SMALL  (R=0.525)
13:58:02  INFO     [RAMS] Tier switch: SMALL → MEDIUM  (R=0.613)
13:58:02  INFO       [safety2 / moderate] 140/200  tier=MEDIUM  latency=20.0 ms  R=0.613  target=0.50  dets=10  vru=True  backend=tensorrt
13:58:03  INFO       [safety2 / moderate] 160/200  tier=MEDIUM  latency=19.9 ms  R=0.577  target=0.50  dets=14  vru=False  backend=tensorrt
13:58:03  INFO       [safety2 / moderate] 180/200  tier=MEDIUM  latency=17.2 ms  R=0.600  target=0.50  dets=18  vru=True  backend=tensorrt
13:58:03  INFO     [RAMS] Tier switch: MEDIUM → NANO  (R=0.600)
13:58:03  INFO     [RAMS] Tier switch: NANO → SMALL  (R=0.536)
13:58:03  INFO     [RAMS] Tier switch: SMALL → MEDIUM  (R=0.546)
13:58:04  INFO       [safety2 / moderate] 200/200  tier=MEDIUM  latency=13.9 ms  R=0.679  target=0.50  dets=2  vru=False  backend=tensorrt
13:58:04  INFO     [RAMS] Controller stopped.
13:58:04  INFO     
--- Block 10/10  Policy: safety  Load: moderate (50%) ---
13:58:04  INFO     [RAMS] Starting resource monitor ...
13:58:04  INFO     [RAMS] Loading model tiers ...
WARNING ⚠️ Unable to automatically guess model task, assuming 'task=detect'. Explicitly define task for your model, i.e. 'task=detect', 'segment', 'classify', 'pose', 'obb' or 'semantic'.
Loading yolov8n.engine for TensorRT inference...
[09/09/2026-13:58:04] [TRT] [I] Loaded engine size: 7 MiB
[09/09/2026-13:58:04] [TRT] [I] [MemUsageChange] TensorRT-managed allocation in IExecutionContext creation: CPU +0, GPU +3, now: CPU 0, GPU 9 (MiB)
13:58:04  INFO     [RAMS] YOLOv8-nano ready — TensorRT yolov8n.engine (imgsz=320).
WARNING ⚠️ Unable to automatically guess model task, assuming 'task=detect'. Explicitly define task for your model, i.e. 'task=detect', 'segment', 'classify', 'pose', 'obb' or 'semantic'.
Loading yolov8s.engine for TensorRT inference...
[09/09/2026-13:58:04] [TRT] [I] The logger passed into createInferRuntime differs from one already provided for an existing builder, runtime, or refitter. Uses of the global logger, returned by nvinfer1::getLogger(), will return the existing value.
[09/09/2026-13:58:04] [TRT] [I] Loaded engine size: 23 MiB
[09/09/2026-13:58:04] [TRT] [I] [MemUsageChange] TensorRT-managed allocation in IExecutionContext creation: CPU +1, GPU +7, now: CPU 1, GPU 38 (MiB)
13:58:04  INFO     [RAMS] YOLOv8-small ready — TensorRT yolov8s.engine (imgsz=416).
WARNING ⚠️ Unable to automatically guess model task, assuming 'task=detect'. Explicitly define task for your model, i.e. 'task=detect', 'segment', 'classify', 'pose', 'obb' or 'semantic'.
Loading yolov8m.engine for TensorRT inference...
[09/09/2026-13:58:04] [TRT] [I] The logger passed into createInferRuntime differs from one already provided for an existing builder, runtime, or refitter. Uses of the global logger, returned by nvinfer1::getLogger(), will return the existing value.
[09/09/2026-13:58:04] [TRT] [I] Loaded engine size: 52 MiB
[09/09/2026-13:58:04] [TRT] [I] [MemUsageChange] TensorRT-managed allocation in IExecutionContext creation: CPU +0, GPU +29, now: CPU 1, GPU 117 (MiB)
13:58:04  INFO     [RAMS] YOLOv8-medium ready — TensorRT yolov8m.engine (imgsz=640).
13:58:04  INFO     [RAMS] Controller ready. Policy: safety
13:58:05  INFO       [safety / moderate] 20/200  tier=SMALL   latency=9.3 ms  R=0.500  target=0.50  dets=10  vru=False  backend=tensorrt
13:58:06  INFO       [safety / moderate] 40/200  tier=SMALL   latency=7.9 ms  R=0.500  target=0.50  dets=3  vru=False  backend=tensorrt
13:58:06  INFO       [safety / moderate] 60/200  tier=SMALL   latency=5.8 ms  R=0.496  target=0.50  dets=0  vru=False  backend=tensorrt
13:58:07  INFO       [safety / moderate] 80/200  tier=SMALL   latency=8.3 ms  R=0.581  target=0.50  dets=4  vru=True  backend=tensorrt
13:58:07  INFO       [safety / moderate] 100/200  tier=SMALL   latency=8.8 ms  R=0.509  target=0.50  dets=7  vru=False  backend=tensorrt
13:58:08  INFO       [safety / moderate] 120/200  tier=SMALL   latency=10.0 ms  R=0.501  target=0.50  dets=7  vru=False  backend=tensorrt
13:58:08  INFO       [safety / moderate] 140/200  tier=SMALL   latency=9.5 ms  R=0.496  target=0.50  dets=9  vru=False  backend=tensorrt
13:58:08  INFO       [safety / moderate] 160/200  tier=SMALL   latency=10.1 ms  R=0.502  target=0.50  dets=14  vru=False  backend=tensorrt
13:58:09  INFO       [safety / moderate] 180/200  tier=SMALL   latency=10.3 ms  R=0.487  target=0.50  dets=15  vru=True  backend=tensorrt
13:58:09  INFO       [safety / moderate] 200/200  tier=SMALL   latency=7.6 ms  R=0.502  target=0.50  dets=2  vru=False  backend=tensorrt
13:58:09  INFO     [RAMS] Controller stopped.
13:58:09  INFO     
--- Block 10/10  Policy: predictive  Load: moderate (50%) ---
13:58:09  INFO     [RAMS] Starting resource monitor ...
13:58:09  INFO     [RAMS] Loading model tiers ...
WARNING ⚠️ Unable to automatically guess model task, assuming 'task=detect'. Explicitly define task for your model, i.e. 'task=detect', 'segment', 'classify', 'pose', 'obb' or 'semantic'.
Loading yolov8n.engine for TensorRT inference...
[09/09/2026-13:58:09] [TRT] [I] Loaded engine size: 7 MiB
[09/09/2026-13:58:09] [TRT] [I] [MemUsageChange] TensorRT-managed allocation in IExecutionContext creation: CPU +0, GPU +3, now: CPU 0, GPU 9 (MiB)
13:58:09  INFO     [RAMS] YOLOv8-nano ready — TensorRT yolov8n.engine (imgsz=320).
WARNING ⚠️ Unable to automatically guess model task, assuming 'task=detect'. Explicitly define task for your model, i.e. 'task=detect', 'segment', 'classify', 'pose', 'obb' or 'semantic'.
Loading yolov8s.engine for TensorRT inference...
[09/09/2026-13:58:09] [TRT] [I] The logger passed into createInferRuntime differs from one already provided for an existing builder, runtime, or refitter. Uses of the global logger, returned by nvinfer1::getLogger(), will return the existing value.
[09/09/2026-13:58:09] [TRT] [I] Loaded engine size: 23 MiB
[09/09/2026-13:58:10] [TRT] [I] [MemUsageChange] TensorRT-managed allocation in IExecutionContext creation: CPU +1, GPU +7, now: CPU 1, GPU 38 (MiB)
13:58:10  INFO     [RAMS] YOLOv8-small ready — TensorRT yolov8s.engine (imgsz=416).
WARNING ⚠️ Unable to automatically guess model task, assuming 'task=detect'. Explicitly define task for your model, i.e. 'task=detect', 'segment', 'classify', 'pose', 'obb' or 'semantic'.
Loading yolov8m.engine for TensorRT inference...
[09/09/2026-13:58:10] [TRT] [I] The logger passed into createInferRuntime differs from one already provided for an existing builder, runtime, or refitter. Uses of the global logger, returned by nvinfer1::getLogger(), will return the existing value.
[09/09/2026-13:58:10] [TRT] [I] Loaded engine size: 52 MiB
[09/09/2026-13:58:10] [TRT] [I] [MemUsageChange] TensorRT-managed allocation in IExecutionContext creation: CPU +0, GPU +29, now: CPU 1, GPU 117 (MiB)
13:58:10  INFO     [RAMS] YOLOv8-medium ready — TensorRT yolov8m.engine (imgsz=640).
13:58:10  INFO     [RAMS] Controller ready. Policy: predictive
13:58:11  INFO       [predictive / moderate] 20/200  tier=SMALL   latency=10.4 ms  R=0.497  target=0.50  dets=10  vru=False  backend=tensorrt
13:58:12  INFO       [predictive / moderate] 40/200  tier=SMALL   latency=7.8 ms  R=0.480  target=0.50  dets=3  vru=False  backend=tensorrt
13:58:12  INFO     [RAMS] Tier switch: SMALL → NANO  (R=0.589)
13:58:12  INFO     [RAMS] Tier switch: NANO → SMALL  (R=0.486)
13:58:12  INFO       [predictive / moderate] 60/200  tier=SMALL   latency=5.9 ms  R=0.493  target=0.50  dets=0  vru=False  backend=tensorrt
13:58:12  INFO       [predictive / moderate] 80/200  tier=SMALL   latency=8.1 ms  R=0.495  target=0.50  dets=4  vru=True  backend=tensorrt
13:58:13  INFO     [RAMS] Tier switch: SMALL → NANO  (R=0.565)
13:58:13  INFO       [predictive / moderate] 100/200  tier=NANO    latency=7.3 ms  R=0.565  target=0.50  dets=6  vru=False  backend=tensorrt
13:58:13  INFO     [RAMS] Tier switch: NANO → SMALL  (R=0.498)
13:58:13  INFO       [predictive / moderate] 120/200  tier=SMALL   latency=9.4 ms  R=0.503  target=0.50  dets=7  vru=False  backend=tensorrt
13:58:14  INFO       [predictive / moderate] 140/200  tier=SMALL   latency=9.9 ms  R=0.503  target=0.50  dets=9  vru=False  backend=tensorrt
13:58:14  INFO     [RAMS] Tier switch: SMALL → NANO  (R=0.580)
13:58:14  INFO     [RAMS] Tier switch: NANO → SMALL  (R=0.504)
13:58:14  INFO       [predictive / moderate] 160/200  tier=SMALL   latency=10.3 ms  R=0.507  target=0.50  dets=14  vru=False  backend=tensorrt
13:58:14  INFO       [predictive / moderate] 180/200  tier=SMALL   latency=10.2 ms  R=0.495  target=0.50  dets=15  vru=True  backend=tensorrt
13:58:15  INFO     [RAMS] Tier switch: SMALL → NANO  (R=0.583)
13:58:15  INFO     [RAMS] Tier switch: NANO → SMALL  (R=0.491)
13:58:15  INFO       [predictive / moderate] 200/200  tier=SMALL   latency=7.7 ms  R=0.491  target=0.50  dets=2  vru=False  backend=tensorrt
13:58:15  INFO     [RAMS] Controller stopped.
13:58:16  INFO     Results -> /home/soren/rams_trt_labels_20260909/results/full-20260909-trtlabels-v3/tensorrt/runtime2_moderate/rams_20260909_135023_7b0aa8638130.csv
13:58:17  INFO     Summary -> /home/soren/rams_trt_labels_20260909/results/full-20260909-trtlabels-v3/tensorrt/runtime2_moderate/rams_20260909_135023_7b0aa8638130.json
13:58:17  INFO     Replay manifest -> /home/soren/rams_trt_labels_20260909/results/full-20260909-trtlabels-v3/tensorrt/runtime2_moderate/rams_20260909_135023_7b0aa8638130_manifest.json

================================================================================
Policy         Profile        N   Mean ms    P95 ms    VRU%  Tiers
--------------------------------------------------------------------------------
adaptive       moderate    2000       7.8       9.9   22.1%  NANO:709, SMALL:1291
fixed_medium   moderate    2000      15.4      18.3   33.2%  MEDIUM:2000
fixed_nano     moderate    2000       6.5       8.2   16.1%  NANO:2000
fixed_small    moderate    2000       8.6      10.5   25.9%  SMALL:2000
predictive     moderate    2000       7.9      10.0   23.6%  NANO:565, SMALL:1435
safety         moderate    2000       8.4      10.3   25.9%  SMALL:2000
safety2        moderate    2000      13.5      17.9   30.2%  MEDIUM:1447, NANO:138, SMALL:415
threshold      moderate    2000       8.0       9.9   24.1%  NANO:367, SMALL:1633
================================================================================

Backends used: {'tensorrt'}
